team_abbr,pitch_name,pitch_type,pitches,pitch_pct,avg_release_speed,avg_spin_rate,avg_pfx_x,avg_pfx_z,whiff_rate,csw_rate,zone_rate,chase_rate,in_zone_swing_rate,avg_launch_speed,xwoba,batting_avg
ARI,4-Seam Fastball,FF,9422,29.923460475751895,94.84061770324772,2309.1741668435575,-0.29902356187645934,1.2903406919974527,15.031170630339414,26.374442793462112,51.93164933135216,27.467432104217266,63.0901287553648,82.76360084159904,0.32955643268817203,0.23419892209701126
ARI,Sinker,SI,5284,16.78152888493664,94.32581377744133,2212.977857683573,-0.6029220287660864,0.6270912187736564,9.46483856700575,28.48221044663134,57.22937168811506,23.84955752212389,56.94444444444444,84.82018398268399,0.36289621670266375,0.30128205128205127
ARI,Slider,SL,4390,13.942261885857658,86.70788154897494,2462.107061503417,0.13885649202733485,0.10079498861047836,25.89545014520813,28.519362186788154,43.804100227790435,33.96838265099311,63.85855434217369,82.22407142857142,0.28824809211691765,0.23055028462998103
ARI,Changeup,CH,3647,11.582557881030267,86.31096791883739,1722.5574444749109,-0.364628461749383,0.3073622155196052,25.389157273215247,22.895530573073756,36.715108308198516,37.21837088388215,74.98132935026139,82.27611464968153,0.2831137904667329,0.20041753653444677
ARI,Sweeper,ST,2549,8.095404452631245,83.16363279717537,2616.1643781875246,0.5667085131424088,0.04451549627304825,28.597616865261227,30.404080031384854,43.38956453511181,30.561330561330564,58.77034358047016,81.32656934306569,0.2750021855123675,0.19488188976377951
ARI,Cutter,FC,2425,7.701591132848478,89.67727835051546,2393.4115463917524,0.10757938144329897,0.6237773195876289,17.542297417631346,26.22680412371134,50.96907216494846,26.74516400336417,65.1294498381877,82.78444180522565,0.34762878172588835,0.2983425414364641
ARI,Curveball,CU,1915,6.081875059548385,80.2111227154047,2633.859007832898,0.2629190600522193,-0.8055613577023499,26.6304347826087,30.704960835509137,38.067885117493475,31.450252951096118,49.794238683127574,81.3107822410148,0.2937955164556962,0.24324324324324326
ARI,Split-Finger,FS,1239,3.934957283958459,86.77530266343827,1364.2372881355932,-0.7363357546408394,0.2974495560936239,33.52855051244509,25.504439063761097,35.91606133979015,41.183879093198996,80.0,79.40643564356436,0.21104557058823528,0.16199376947040497
ARI,Knuckle Curve,KC,346,1.09886619874869,82.50635838150289,2565.514450867052,0.4466473988439306,-0.6535260115606937,25.903614457831324,28.034682080924856,43.93063583815029,35.051546391752574,64.47368421052632,80.71428571428571,0.31066216842105265,0.22826086956521738
ARI,Slurve,SV,133,0.4223965446057103,83.3157894736842,2493.9924812030076,-0.07105263157894737,-0.38345864661654133,22.641509433962266,19.548872180451127,24.06015037593985,34.65346534653465,56.25,81.13611111111112,0.23776267647058824,0.3225806451612903
ARI,Unknown,UNK,102,0.3239432146600184,91.6,2521.0,-0.56,0.65,25.0,3.9215686274509802,0.0,7.8431372549019605,0.0,84.66,0.22143933333333332,0.0
ARI,Other,FA,14,0.044462794169022136,64.85,1608.2142857142858,-0.7064285714285715,1.387857142857143,0.0,14.285714285714285,21.428571428571427,45.45454545454545,100.0,77.1375,0.2922,0.0
ARI,Eephus,EP,8,0.025407310953726933,56.25,1418.0,0.03750000000000002,1.545,0.0,0.0,25.0,0.0,100.0,101.0,0.373,0.0
ARI,Slow Curve,CS,7,0.022231397084511068,74.7,2978.4285714285716,1.4028571428571428,-1.0014285714285713,0.0,57.14285714285714,28.57142857142857,0.0,0.0,0.0,0.0,0.0
ARI,Forkball,FO,6,0.019055483215295203,87.73333333333333,764.6666666666666,-0.24333333333333332,-0.12333333333333334,0.0,33.33333333333333,66.66666666666666,0.0,50.0,76.0,0.0,0.0
ATH,4-Seam Fastball,FF,9227,29.705105917197862,94.4960658935732,2299.008019941476,-0.12700010837758752,1.2845995448141325,20.142527771955564,25.36035547848705,52.8232361547632,28.715828164484265,72.24045958145261,83.02984201287302,0.34322415702828196,0.24444444444444444
ATH,Sinker,SI,5894,18.974953319168115,94.29134713267729,2191.453758696759,-0.43783847980997626,0.6511265693926026,13.518138261464749,26.53545978961656,56.22667119104173,28.837209302325583,65.72118286059143,83.61220594762538,0.3190241427707199,0.27375415282392024
ATH,Slider,SL,4216,13.572854291417165,86.16885673624289,2444.543643263757,0.06144686907020873,0.09253320683111954,33.95394414502695,28.51043643263757,41.46110056925996,32.090761750405186,71.45308924485126,81.97570247933885,0.2953663852065322,0.22245540398740818
ATH,Changeup,CH,3552,11.435194127873286,85.95886824324324,1765.4570543508871,-0.08253378378378379,0.36232826576576577,29.26167209554832,23.02927927927928,37.80968468468468,35.03847894975102,79.5234549516009,79.95834046193328,0.25047532264736294,0.21436343852013057
ATH,Sweeper,ST,2411,7.7618955637112865,82.36972210700954,2593.0008295313146,0.497096640398175,0.027515553712152634,31.747404844290656,30.443799253421815,43.34301119867275,33.67496339677892,66.60287081339713,80.88522099447513,0.24685732805071317,0.18686868686868688
ATH,Cutter,FC,2324,7.48181057240358,89.72921686746989,2379.90834767642,0.09738382099827883,0.6649311531841652,23.793677204658902,26.721170395869194,51.11876075731497,30.545774647887324,71.96969696969697,81.78242424242424,0.3632290857664234,0.2971887550200803
ATH,Curveball,CU,1520,4.893438928594424,79.89118421052632,2581.434696569921,0.15591447368421052,-0.8971381578947369,34.11371237458194,32.89473684210527,41.25,28.21948488241881,55.183413078149925,82.02951807228915,0.23805431353135315,0.21453287197231835
ATH,Split-Finger,FS,1096,3.5284270169338745,86.75410583941606,1384.396897810219,-0.7680565693430657,0.19968978102189783,33.68606701940035,22.81021897810219,35.94890510948905,33.61823361823362,84.01015228426397,83.5440366972477,0.28406668932038837,0.1870748299319728
ATH,Knuckle Curve,KC,483,1.5549546069152018,83.44679089026916,2487.871635610766,0.47517598343685297,-0.824616977225673,36.574074074074076,28.778467908902694,37.060041407867494,31.25,67.59776536312849,86.19262295081967,0.2669511102362205,0.2605042016806723
ATH,Unknown,UNK,152,0.48934389285944246,85.13333333333334,2809.6666666666665,0.8633333333333333,0.20999999999999996,27.27272727272727,5.263157894736842,0.0,7.236842105263158,0.0,90.65714285714286,0.476265,0.125
ATH,Slurve,SV,101,0.32515613933423476,81.58217821782178,2381.6633663366338,-0.8597029702970297,-0.3910891089108911,21.62162162162162,24.752475247524753,35.64356435643564,20.0,66.66666666666666,80.85217391304347,0.2847562413793103,0.34615384615384615
ATH,Eephus,EP,46,0.14809091494430493,46.18695652173913,1120.2790697674418,0.021304347826086957,1.3208695652173912,0.0,4.3478260869565215,19.565217391304348,45.94594594594595,100.0,87.75384615384615,0.4664513181818182,0.4
ATH,Forkball,FO,21,0.06760672203979139,82.6047619047619,1043.7619047619048,-1.262857142857143,-0.14428571428571427,33.33333333333333,19.047619047619047,23.809523809523807,43.75,100.0,76.68333333333334,0.1018,0.2
ATH,Other,FA,11,0.035413044877985966,68.5909090909091,1500.4545454545455,-0.520909090909091,0.7845454545454544,0.0,18.181818181818183,27.27272727272727,25.0,33.33333333333333,72.83333333333333,0.391659,0.5
ATH,Slow Curve,CS,8,0.025754941729444338,66.0375,2135.25,0.97375,-0.24625000000000002,0.0,12.5,12.5,28.57142857142857,0.0,106.5,1.141238,0.6666666666666666
ATL,4-Seam Fastball,FF,9414,30.506497294144335,94.89237225114204,2321.7205741626794,-0.22998831527512217,1.2833641385171022,19.868810833685995,25.355852984916083,51.26407478223922,28.487358326068,70.8454206382097,83.70627565982406,0.32540781654201495,0.23080708661417323
ATL,Sinker,SI,5053,16.374477462004602,94.11488224816941,2208.907216494845,-0.31178903621610926,0.6323768058579062,11.724960254372018,25.50959825846032,54.22521274490401,31.86338089061824,64.92700729927007,84.0895233366435,0.35996687632508834,0.2915042868277475
ATL,Slider,SL,3509,11.37107488901131,86.56038757480765,2445.5176839703367,0.0852607580507267,0.12331433456825305,31.858902575587905,29.63807352522086,43.573667711598745,37.525252525252526,68.21451929365598,82.56872125114995,0.28405237248322146,0.23376623376623376
ATL,Changeup,CH,3408,11.043779772513691,86.33039906103286,1750.7809104258442,-0.3099882629107981,0.3466138497652582,24.353205849268843,19.688967136150236,34.21361502347418,38.35860838537021,78.73070325900514,82.24938474159147,0.2854718258977149,0.23085714285714284
ATL,Sweeper,ST,2875,9.316568910204479,82.21808695652174,2578.805081796032,0.2786504347826087,0.08480695652173913,25.50578034682081,27.82608695652174,43.37391304347826,33.96805896805897,66.63993584603047,80.73517534537726,0.2889964341736695,0.22590361445783133
ATL,Cutter,FC,2828,9.16426326193331,89.77510608203677,2402.7374202693127,0.08352192362093352,0.6488366336633664,24.893314366998577,27.970297029702973,48.691654879773694,31.495520330806343,68.91793754538853,82.54335443037975,0.3557824945226917,0.2557726465364121
ATL,Curveball,CU,1961,6.354710133186428,80.11529831718511,2625.9237851662406,0.22435492095869453,-0.8589138194798572,24.84008528784648,27.12901580826109,41.152473227944924,36.741767764298096,63.69268897149938,82.0390205371248,0.28960885305343514,0.24335378323108384
ATL,Split-Finger,FS,839,2.718817848925759,86.3969010727056,1324.6257449344457,-0.5274970202622169,0.3126340882002384,27.521008403361346,21.096543504171635,33.849821215733016,43.42342342342342,82.74647887323944,80.71528662420381,0.2794372479338843,0.2425531914893617
ATL,Knuckle Curve,KC,452,1.4647266599695388,83.77876106194691,2469.3274336283184,0.47285398230088493,-0.7666150442477876,39.02439024390244,36.50442477876106,33.4070796460177,52.49169435215947,58.27814569536424,80.50444444444445,0.21387018803418806,0.23423423423423423
ATL,Slurve,SV,279,0.9041122525033215,83.14802867383513,2563.2365591397847,-0.08118279569892474,-0.4329390681003584,26.400000000000002,25.089605734767023,37.634408602150536,32.18390804597701,65.71428571428571,81.33333333333333,0.288044296875,0.23333333333333334
ATL,Unknown,UNK,87,0.2819274765870573,95.0,0.0,-0.91,1.44,0.0,0.0,0.0,0.0,0.0,0.0,0.0,0.0
ATL,Eephus,EP,72,0.2333192909685991,40.55555555555556,1039.5277777777778,0.0175,1.5569444444444445,0.0,13.88888888888889,34.72222222222222,29.78723404255319,64.0,91.62333333333332,0.6535697857142857,0.5769230769230769
ATL,Other,FA,44,0.14258401114747724,60.98636363636364,1520.1818181818182,-0.600909090909091,0.935,9.090909090909092,22.727272727272727,40.909090909090914,30.76923076923077,77.77777777777779,88.67,0.5422857142857144,0.42857142857142855
ATL,Forkball,FO,21,0.06805145986584141,85.18571428571428,1115.2380952380952,-0.6047619047619047,0.08619047619047619,45.45454545454545,28.57142857142857,28.57142857142857,40.0,83.33333333333334,79.61666666666666,0.10957142857142856,0.14285714285714285
ATL,Knuckleball,KN,11,0.03564600278686931,81.00909090909092,327.0,-0.12545454545454546,-0.16818181818181818,0.0,0.0,18.181818181818183,11.11111111111111,50.0,86.25,0.087,0.0
ATL,Slow Curve,CS,3,0.00972163712369163,70.7,2463.0,1.3233333333333335,-0.3,0.0,0.0,66.66666666666666,0.0,0.0,0.0,0.0,0.0
ATL,Pitch Out,PO,2,0.006481091415794419,90.2,2528.0,-0.7,0.96,0.0,0.0,0.0,0.0,0.0,0.0,0.0,0.0
ATL,Unknown,UN,1,0.0032405457078972097,60.5,1816.0,-1.23,-0.92,0.0,0.0,0.0,0.0,0.0,0.0,0.0,0.0
BAL,4-Seam Fastball,FF,9482,29.301606922126084,94.79207973001476,2290.2708289390425,-0.26320607466779156,1.3291330942839064,18.500214868929955,26.11263446530268,54.86184349293398,24.182242990654206,69.56939638600538,85.07416028285209,0.35786794206658024,0.23701138050470064
BAL,Sinker,SI,5150,15.914709517923361,94.02609708737864,2190.3708737864076,-0.37288349514563107,0.6135087378640777,11.928251121076233,27.78640776699029,56.00000000000001,22.37422771403354,59.74341192787794,84.40953984287317,0.3897890065170167,0.2973661852166525
BAL,Slider,SL,4812,14.870210135970332,86.07445968412303,2422.7479218620115,0.0780423940149626,0.1269347464671654,33.716814159292035,31.463009143807145,42.24854530340815,33.64519611370997,65.17461878996556,82.4803663003663,0.290393737704918,0.210431654676259
BAL,Changeup,CH,3827,11.826328800988875,85.99472171413639,1744.8183956101384,-0.24038411288215314,0.3175489939900705,27.77777777777778,22.28899921609616,35.32793310687222,35.15151515151515,76.77514792899409,79.71282868525897,0.2831154770459082,0.23473684210526316
BAL,Sweeper,ST,2714,8.38689740420272,82.49347826086957,2584.774134119381,0.5715585851142225,0.09218128224023582,28.268876611418047,32.01915991156964,43.883566691230655,27.708470124753777,55.75146935348446,81.01833568406207,0.2779628425324675,0.19384057971014493
BAL,Cutter,FC,2535,7.833745364647713,89.60126232741618,2358.209861932939,0.10344773175542407,0.6855621301775149,25.602660016625105,30.295857988165682,51.83431952662721,28.09172809172809,65.44901065449011,83.04785353535352,0.3370088160136286,0.23552123552123552
BAL,Curveball,CU,2053,6.3442521631644,79.7360935216756,2565.0920603994155,0.32575742815392106,-0.8727228446176327,33.00613496932515,30.54067218704335,37.79834388699464,30.54032889584965,54.76804123711341,80.96814516129032,0.25302677192982453,0.1794871794871795
BAL,Split-Finger,FS,1149,3.550679851668727,86.69773716275022,1370.135770234987,-0.8869364664926023,0.19630983463881638,30.330882352941174,22.28024369016536,32.46301131418625,32.7319587628866,77.7479892761394,81.9090909090909,0.3225678028673835,0.23552123552123552
BAL,Knuckle Curve,KC,419,1.2948084054388134,82.12076372315036,2530.073985680191,0.7046778042959427,-0.9368257756563246,37.234042553191486,35.79952267303103,42.720763723150355,36.666666666666664,55.865921787709496,83.80277777777779,0.22235226470588235,0.18181818181818182
BAL,Unknown,UNK,122,0.377008652657602,0.0,0.0,0.0,0.0,0.0,0.0,0.0,0.0,0.0,0.0,0.0,0.0
BAL,Slurve,SV,79,0.24412855377008652,80.4506329113924,2718.8987341772154,0.1558227848101266,-0.809620253164557,32.25806451612903,26.582278481012654,35.44303797468354,27.450980392156865,60.71428571428571,84.705,0.35728574999999996,0.15
BAL,Eephus,EP,9,0.027812113720642767,44.87777777777777,1256.888888888889,-0.30333333333333334,1.3055555555555556,0.0,22.22222222222222,0.0,55.55555555555556,0.0,87.26,0.49139999999999995,0.0
BAL,Slow Curve,CS,8,0.024721878862793575,70.45,2434.25,1.1825,-0.3775,0.0,50.0,100.0,0.0,50.0,87.75,0.0,0.0
BAL,Pitch Out,PO,1,0.003090234857849197,90.8,2327.0,-0.71,1.34,0.0,0.0,0.0,0.0,0.0,0.0,0.0,0.0
BOS,4-Seam Fastball,FF,9852,32.01507815292627,94.66366220056841,2318.24190437519,-0.2603410475030451,1.3249533089727974,20.137585991244528,26.766138855054812,51.187576126674784,29.195258889582032,67.28138013087448,82.13237788827142,0.32365863019966723,0.24472168905950095
BOS,Sinker,SI,4966,16.137523153413706,93.8905356423681,2197.8225090762403,-0.5814478453483689,0.6431433749496577,11.253196930946292,27.627869512686264,56.443817962142575,27.877947295423024,62.18337495540492,82.81685097419695,0.3723414496011602,0.29800796812749003
BOS,Slider,SL,4160,13.51834400285965,86.08776442307692,2451.851201923077,0.11217067307692308,0.1399375,32.60560037968676,30.480769230769234,43.46153846153846,36.43707482993197,69.13716814159292,80.96120887528691,0.27999705192479857,0.2362052274927396
BOS,Changeup,CH,3369,10.947908881162057,85.85568417928168,1761.5182655182655,-0.3033926981300089,0.34421786880379934,32.5607687959299,25.645592163846835,38.14188186405462,36.94817658349328,77.74319066147861,81.25607043558851,0.28945296212121213,0.23414071510957324
BOS,Cutter,FC,2412,7.838039840119586,89.77226368159205,2378.107053941909,0.12012023217247099,0.6802321724709784,18.84904086738949,26.409618573797676,51.741293532338304,29.896907216494846,68.18910256410257,81.95095613048369,0.32021122056384743,0.26173285198555957
BOS,Sweeper,ST,2034,6.6096903129366655,82.66548672566373,2595.7522123893805,0.46086529006882987,0.08330383480825959,30.728051391862955,31.170108161258604,43.01868239921337,35.46160483175151,59.77142857142857,78.21553719008264,0.25419246435452797,0.21906693711967545
BOS,Curveball,CU,1991,6.469957430214798,80.12631843294827,2659.2014063284782,0.3035760924158714,-0.9360472124560523,28.768844221105528,29.83425414364641,40.18081366147664,29.638958858102438,55.375,81.20196463654224,0.25546043231441046,0.18899521531100477
BOS,Split-Finger,FS,1157,3.75978942579534,86.24165946413137,1361.0700086430425,-0.9267329299913569,0.255514261019879,26.785714285714285,23.3362143474503,41.65946413137425,36.2962962962963,76.97095435684648,80.63118811881188,0.24916953353658539,0.22929936305732485
BOS,Knuckle Curve,KC,532,1.7287882234426282,82.37462406015038,2526.8045112781956,0.5955451127819549,-0.9565413533834587,29.87012987012987,28.383458646616543,36.84210526315789,34.523809523809526,58.673469387755105,85.45833333333333,0.3157438421052632,0.24615384615384617
BOS,Slurve,SV,115,0.373704221232899,81.8695652173913,2393.113043478261,-0.32747826086956516,-0.3930434782608696,24.137931034482758,24.347826086956523,38.26086956521739,38.028169014084504,70.45454545454545,77.73235294117647,0.33851248,0.10526315789473684
BOS,Unknown,UNK,65,0.21122412504468202,0.0,0.0,0.0,0.0,0.0,1.5384615384615385,0.0,0.0,0.0,0.0,0.0,0.0
BOS,Eephus,EP,60,0.19497611542586032,46.690000000000005,1230.7166666666667,-0.25,1.6640000000000001,0.0,20.0,41.66666666666667,31.428571428571427,60.0,83.084,0.39425,0.5
BOS,Other,FA,34,0.11048646540798752,69.8264705882353,1777.3529411764705,0.16999999999999998,0.915,0.0,32.35294117647059,35.294117647058826,27.27272727272727,50.0,81.5,0.0432,0.0
BOS,Knuckleball,KN,12,0.038995223085172066,78.93333333333334,195.16666666666666,-0.21666666666666667,-0.04833333333333333,0.0,33.33333333333333,66.66666666666666,0.0,50.0,94.19999999999999,0.24633333333333332,0.6666666666666666
BOS,Slow Curve,CS,7,0.022747213466350374,65.52857142857142,2276.4285714285716,0.9128571428571428,-0.9171428571428571,0.0,0.0,57.14285714285714,0.0,100.0,84.0,0.7,0.5
BOS,Pitch Out,PO,4,0.012998407695057355,91.05000000000001,2261.5,-0.8724999999999999,1.17,0.0,0.0,0.0,0.0,0.0,0.0,0.0,0.0
BOS,Forkball,FO,3,0.009748805771293017,84.93333333333334,1290.6666666666667,-0.8833333333333333,-0.1366666666666667,100.0,66.66666666666666,33.33333333333333,50.0,0.0,0.0,0.0,0.0
CHC,4-Seam Fastball,FF,9700,28.53360788351228,94.8510206185567,2306.290145796712,-0.2554659793814433,1.2698206185567011,16.870362287210824,25.175257731958762,52.26804123711341,25.442764578833692,67.14003944773175,83.87841849842991,0.33279667903162824,0.24738992283250114
CHC,Sinker,SI,5554,16.3376967201059,94.33300324090746,2192.759629360465,-0.48380806625855244,0.569119553474973,10.228198859005705,27.52970831832913,56.193734245588765,24.82531853678586,59.275873117590514,83.61824120603015,0.371089042172524,0.30672579453067256
CHC,Slider,SL,5043,14.83453449036623,86.64846321633948,2442.722255310701,0.1479079912750347,0.12092801903628793,29.42222222222222,30.180448145944872,44.735276621058894,29.709364908503765,63.03191489361703,81.0240514905149,0.3131591376554174,0.24437927663734116
CHC,Changeup,CH,3869,11.381085453743198,86.32184026880331,1788.3316946959897,-0.32789868182993026,0.2839364176789868,32.01496525921967,25.32954251744637,36.44352545877488,34.16022773485157,73.12056737588652,80.78460877042133,0.27441330049751245,0.20362473347547974
CHC,Sweeper,ST,3019,8.880717752610678,82.68913547532296,2568.640531561462,0.5267340178867175,0.08383901954289501,25.670186839967506,27.82378270950646,43.85558131831732,25.014749262536874,60.95166163141994,80.27675804529201,0.28347255309734515,0.22580645161290322
CHC,Cutter,FC,2400,7.059861744374173,89.99779166666667,2400.75600505689,0.103575,0.6579125,20.276497695852534,25.333333333333336,48.0,25.721153846153843,66.31944444444444,82.15006418485238,0.38501455947955393,0.27114967462039047
CHC,Curveball,CU,2097,6.168554199146933,80.63872198378635,2666.596356663471,0.3459799713876967,-0.8264949928469242,32.08955223880597,31.235097758702906,39.866475917978065,28.46946867565424,53.22966507177034,81.58609406952965,0.25314070352941176,0.19230769230769232
CHC,Split-Finger,FS,886,2.606265627298132,86.85767494356658,1418.91309255079,-0.7761851015801355,0.25402934537246047,33.004926108374384,24.830699774266364,35.44018058690745,30.069930069930066,74.52229299363057,81.3936,0.3485152545454545,0.28125
CHC,Knuckle Curve,KC,653,1.9208707162818064,82.63261868300152,2477.8055130168455,0.6236294027565085,-0.8443185298621746,31.03448275862069,27.411944869831544,38.437978560490045,28.35820895522388,58.56573705179283,81.20545454545454,0.2811145588235294,0.19834710743801653
CHC,Slurve,SV,218,0.6412707751139873,83.0288990825688,2407.701834862385,-0.621743119266055,-0.4445871559633028,24.691358024691358,33.48623853211009,42.201834862385326,31.746031746031743,44.565217391304344,78.43090909090908,0.18454545454545454,0.1590909090909091
CHC,Eephus,EP,194,0.5706721576702456,44.31391752577319,1087.4123711340205,0.1938659793814433,1.5130412371134019,7.4074074074074066,15.463917525773196,27.835051546391753,29.28571428571429,74.07407407407408,84.43561643835616,0.4145143733333333,0.4918032786885246
CHC,Unknown,UNK,147,0.4324165318429181,0.0,0.0,0.0,0.0,25.0,4.081632653061225,0.0,5.442176870748299,0.0,78.1,0.18919539999999999,0.0
CHC,Other,FA,94,0.27651125165465507,72.51702127659574,1799.840425531915,-0.6812765957446809,0.9789361702127659,10.869565217391305,24.46808510638298,55.319148936170215,19.047619047619047,73.07692307692307,75.67368421052632,0.2071860625,0.3
CHC,Forkball,FO,50,0.14708045300779526,82.882,1095.28,-0.818,0.1472,56.25,18.0,14.000000000000002,20.930232558139537,100.0,71.44285714285715,0.3692180769230769,0.125
CHC,Knuckleball,KN,42,0.12354758052654802,73.49761904761905,277.8809523809524,-0.07095238095238095,-0.033333333333333326,20.0,26.190476190476193,40.476190476190474,32.0,70.58823529411765,79.5,0.2363,0.3
CHC,Slow Curve,CS,27,0.07942344462420944,66.99259259259259,2177.925925925926,0.7077777777777777,-0.4137037037037037,36.36363636363637,14.814814814814813,7.4074074074074066,36.0,100.0,73.0,0.04257142857142858,0.0
CHC,Pitch Out,PO,2,0.005883218120311811,94.35,2177.0,-0.52,1.01,0.0,0.0,0.0,0.0,0.0,0.0,0.0,0.0
CHW,4-Seam Fastball,FF,9701,30.96590909090909,94.7178950623647,2308.112971576227,-0.29561488506339556,1.286010720544274,20.52742616033755,25.842696629213485,52.56159158849603,25.31508039982616,70.1117866248284,83.97364386792452,0.34654509370015946,0.23870967741935484
CHW,Sinker,SI,5319,16.978421859039834,94.32566271855612,2180.8492917847025,-0.4039142695995488,0.6350667418687723,14.52,26.809550667418687,56.60838503478097,23.656845753899482,64.89538359349054,83.9242328042328,0.3505118457183298,0.26163723916532905
CHW,Slider,SL,4201,13.40972931562819,86.40873601523447,2433.30638603205,0.12153296834087123,0.1168317067364913,34.62846041767848,30.75458224232326,43.48964532254225,33.445661331086775,69.23918992884511,82.3006589785832,0.27864507261029414,0.20576540755467196
CHW,Changeup,CH,3721,11.877553626149131,85.7016662187584,1757.974434876211,-0.2809943563558183,0.31127922601451224,31.113423517169615,24.240795485084654,37.38242407954851,35.493562231759654,78.72034507548527,80.3735494880546,0.28365310802775023,0.23770491803278687
CHW,Cutter,FC,2521,8.04711440245148,89.49151130503769,2377.6694444444443,0.145029750099167,0.6473819912733042,22.474549725920127,25.82308607695359,50.89250297500991,28.513731825525042,72.01870615744349,81.89649717514123,0.3562595262295082,0.2490842490842491
CHW,Sweeper,ST,2094,6.684116445352401,82.42779369627506,2600.307361376673,0.41535816618911175,0.04480897803247373,28.100113765642774,27.6981852913085,42.74116523400191,24.854045037531275,64.91620111731844,79.2737030411449,0.2801411686746988,0.21729490022172948
CHW,Curveball,CU,1963,6.265960163432073,80.16072338257769,2622.9322465613855,0.43323993886907797,-0.8736067244014264,25.952045133991536,28.731533367294958,40.2445236882323,25.31969309462916,52.151898734177216,80.39584245076587,0.31039435475578403,0.21176470588235294
CHW,Split-Finger,FS,967,3.0866956077630237,86.8445708376422,1284.8880829015543,-0.6050361944157188,0.2343329886246122,38.74239350912779,27.19751809720786,36.40124095139607,34.63414634146341,79.54545454545455,81.65488721804512,0.2489442893772894,0.19245283018867926
CHW,Knuckle Curve,KC,504,1.6087844739530133,82.9748015873016,2584.9206349206347,0.5450992063492064,-0.7232936507936508,29.184549356223176,29.563492063492063,41.86507936507937,31.74061433447099,66.35071090047393,83.53020134228188,0.3022942347826087,0.2636363636363636
CHW,Unknown,UNK,168,0.5362614913176711,93.2,2020.0,-1.38,0.28,6.25,3.571428571428571,0.0,19.047619047619047,0.0,95.69999999999999,0.3873931,0.11764705882352941
CHW,Slurve,SV,99,0.31601123595505615,80.7909090909091,2745.2323232323233,0.6065656565656565,-0.6473737373737374,25.53191489361702,20.2020202020202,37.37373737373738,32.25806451612903,72.97297297297297,82.10000000000001,0.31416666666666665,0.3333333333333333
CHW,Eephus,EP,33,0.10533707865168539,44.85757575757576,1129.2121212121212,-0.19090909090909092,1.4445454545454546,0.0,15.151515151515152,30.303030303030305,17.391304347826086,60.0,96.1,0.4600846363636364,0.375
CHW,Other,FA,22,0.0702247191011236,69.25,1711.590909090909,0.5336363636363637,1.1022727272727273,11.11111111111111,22.727272727272727,45.45454545454545,8.333333333333332,80.0,86.775,0.483711,0.5
CHW,Forkball,FO,7,0.022344228804902964,82.97142857142856,1326.5714285714287,-0.9928571428571429,0.12285714285714286,66.66666666666666,28.57142857142857,14.285714285714285,33.33333333333333,100.0,99.1,0.2675,0.5
CHW,Pitch Out,PO,6,0.019152196118488254,89.63333333333333,2264.6666666666665,-0.7166666666666667,1.2433333333333334,0.0,0.0,33.33333333333333,0.0,0.0,0.0,0.0,0.0
CHW,Slow Curve,CS,2,0.006384065372829418,68.1,2746.0,1.47,-0.56,0.0,0.0,0.0,100.0,0.0,89.8,0.005,0.0
CIN,4-Seam Fastball,FF,9708,30.54559184444025,94.99031726411208,2326.5627317676144,-0.3750051503914298,1.272072517511331,21.27894156560088,28.64647713226205,52.88421920065925,25.644949715784872,65.48500194779898,83.83633767058076,0.3366196262541806,0.21834687052078355
CIN,Sinker,SI,5481,17.245610723050785,94.59346834519248,2215.319102353585,-0.7124302134646963,0.6425889436234264,11.940298507462686,28.55318372559752,57.5442437511403,24.194241512677266,60.74825618262524,85.14098272138229,0.3691879244774106,0.2580409356725146
CIN,Slider,SL,4137,13.016801963375496,86.46050277979211,2426.072758037225,0.17728788977519944,0.13453468697123522,33.571793561573834,30.72274595117235,44.35581339134639,31.10338835794961,67.62942779291554,83.37475380483438,0.2768731550387597,0.19301848049281314
CIN,Changeup,CH,3482,10.955886980051602,86.00933371625503,1760.569213095922,-0.4464388282596209,0.36838311315336014,33.51126927639383,25.387708213670308,38.139000574382536,31.29062209842154,76.20481927710844,79.08460710441335,0.2768857195121951,0.20969855832241152
CIN,Sweeper,ST,2932,9.22534768107734,83.55017053206002,2589.5095497953616,0.7367530695770804,0.07767735334242838,31.832797427652732,30.15006821282401,41.84856753069577,28.856304985337246,61.287693561532194,79.9314789687924,0.23451051714285714,0.1945288753799392
CIN,Curveball,CU,2457,7.730791013781385,80.72946682946683,2633.7226069246435,0.2898290598290598,-0.8821571021571022,31.99566160520607,30.158730158730158,37.688237688237685,27.62900065316786,53.88768898488121,82.79100418410042,0.26869856647398843,0.17819706498951782
CIN,Cutter,FC,1955,6.1512805990812405,89.75340153452684,2413.575959079284,0.11858823529411765,0.6637237851662404,18.34254143646409,27.51918158567775,52.890025575447574,23.01845819761129,67.02127659574468,82.83917050691245,0.37202652410901466,0.30414746543778803
CIN,Split-Finger,FS,852,2.6807626958655844,87.22112676056338,1461.9272300469484,-0.6472887323943662,0.24652582159624412,36.53395784543326,28.169014084507044,40.61032863849765,33.39920948616601,74.56647398843931,81.06787330316742,0.2712970331753554,0.22772277227722773
CIN,Knuckle Curve,KC,449,1.4127493549808068,82.26035634743876,2519.43429844098,0.5078841870824053,-0.8218930957683742,28.14070351758794,28.73051224944321,40.31180400890869,33.95522388059701,59.66850828729282,82.12457627118644,0.3000174537037037,0.27358490566037735
CIN,Slurve,SV,136,0.4279151721099994,81.59117647058824,2822.544117647059,0.48375000000000007,-0.5507352941176471,27.11864406779661,32.35294117647059,53.67647058823529,23.809523809523807,60.273972602739725,84.17692307692307,0.2453555,0.2564102564102564
CIN,Unknown,UNK,86,0.2705934176577937,0.0,0.0,0.0,0.0,0.0,3.488372093023256,0.0,4.651162790697675,0.0,88.275,0.5193218333333333,0.3333333333333333
CIN,Other,FA,44,0.13844314391794096,78.20454545454545,2088.9545454545455,-0.6659090909090909,1.4377272727272727,0.0,22.727272727272727,27.27272727272727,25.0,100.0,85.65,0.5043307777777778,0.625
CIN,Eephus,EP,37,0.11641809829463219,47.64324324324324,1259.1891891891892,-0.1472972972972973,1.4100000000000001,0.0,13.513513513513514,24.324324324324326,25.0,77.77777777777779,89.94285714285715,0.46363957142857143,0.25
CIN,Forkball,FO,24,0.07551444213705871,82.85000000000001,1117.5,-0.9233333333333333,0.0025000000000000027,25.0,8.333333333333332,25.0,11.11111111111111,100.0,82.46666666666665,0.249659,0.0
CIN,Pitch Out,PO,2,0.0062928701780882255,92.3,2058.0,-0.4,1.03,0.0,0.0,0.0,0.0,0.0,0.0,0.0,0.0
CLE,4-Seam Fastball,FF,9931,31.514978420919014,94.79139059510624,2308.201834862385,-0.250709898298258,1.2908186486758635,16.833333333333332,25.57647769610311,54.05296546168563,25.268463730002193,67.93964232488823,83.4495512646179,0.33567620023557126,0.2567084078711986
CLE,Sinker,SI,4684,14.864178725564864,94.15337318531171,2213.818958155423,-0.23320666097352688,0.635533731853117,12.730806608357629,27.476515798462852,55.486763450042695,22.39808153477218,61.21585225086572,83.93000597728631,0.3393287252747253,0.26846846846846845
CLE,Slider,SL,4225,13.407590759075907,86.34392899408283,2429.2396400663038,0.013008284023668638,0.11804970414201184,30.390143737166326,31.62130177514793,44.42603550295858,33.475298126064736,61.9072988811934,81.56732348111659,0.267254416909621,0.20356768100734524
CLE,Changeup,CH,3773,11.973216552424473,86.59909886032335,1758.0856991244361,-0.5238430956798303,0.3624781341107872,28.641304347826086,24.09223429631593,35.382984362576195,35.84905660377358,72.35955056179775,80.9238757154538,0.2619453785425101,0.19599578503688092
CLE,Cutter,FC,2651,8.412668189895912,90.08087514145605,2379.4549226706904,0.1312410411165598,0.6717125612976236,21.374045801526716,28.064881176914376,52.772538664654846,28.354632587859424,68.26304503216583,81.17203389830507,0.31318007941653164,0.23688969258589512
CLE,Sweeper,ST,2469,7.835110434120335,81.90352369380315,2590.5151883353583,0.36166869177804783,0.07905224787363305,28.806983511154222,29.121101660591332,41.35277440259214,28.79834254143646,60.13712047012733,79.7098981077147,0.2530901027874565,0.21374045801526717
CLE,Curveball,CU,1823,5.785097740543285,80.25403181568844,2659.7962657880284,0.32699945145364784,-0.8905650027427318,26.875,32.254525507405376,41.305540318156886,27.476635514018692,45.949535192563076,81.5543325526932,0.29163051546391755,0.2144927536231884
CLE,Split-Finger,FS,1130,3.5859355166285862,86.50637168141593,1389.1469026548673,-0.7963185840707965,0.3471238938053097,28.67256637168142,23.36283185840708,35.575221238938056,36.675824175824175,74.12935323383084,79.2207182320442,0.24274405095541401,0.17333333333333334
CLE,Knuckle Curve,KC,411,1.3042650418888044,83.20632603406327,2518.2822384428223,0.48693430656934306,-0.8059367396593674,24.0,27.49391727493917,40.87591240875913,30.45267489711934,60.11904761904761,79.34017094017094,0.23646434782608694,0.30120481927710846
CLE,Slurve,SV,173,0.548997207413049,82.24797687861272,2660.6184971098264,-0.9834104046242774,-0.32335260115606934,20.833333333333336,34.104046242774565,43.35260115606936,17.346938775510203,41.333333333333336,81.52941176470588,0.3498194705882353,0.21428571428571427
CLE,Unknown,UNK,159,0.5045696877380046,74.58,2446.6,-0.386,-0.30599999999999994,16.0,4.40251572327044,0.0,15.723270440251572,0.0,84.745,0.2847485625,0.2
CLE,Eephus,EP,44,0.13962934755013964,52.31363636363637,1327.6818181818182,-0.265,1.26,0.0,13.636363636363635,36.36363636363637,50.0,62.5,85.29166666666667,0.4197777777777778,0.3333333333333333
CLE,Forkball,FO,34,0.1078954049251079,84.72941176470589,886.7941176470588,-0.6958823529411765,0.07676470588235294,53.84615384615385,32.35294117647059,26.47058823529412,32.0,55.55555555555556,76.8,0.01175,0.0
CLE,Other,FA,4,0.012693577050012695,77.55,1989.5,-1.065,1.425,0.0,0.0,0.0,0.0,0.0,0.0,0.697977,0.0
CLE,Slow Curve,CS,1,0.0031733942625031737,71.1,2498.0,1.51,0.21,0.0,0.0,100.0,0.0,0.0,0.0,0.0,0.0
COL,4-Seam Fastball,FF,9714,32.52201278917941,94.8780728844966,2334.1348985686336,-0.253674078649372,1.1962775375746344,18.87565879367558,24.33600988264361,51.832406835495156,31.67343449455012,72.31380337636544,81.95453100158983,0.3307700012269939,0.2611494252873563
COL,Sinker,SI,4005,13.408550671264521,94.00891385767791,2215.532850362228,-0.30405243445692887,0.5811960049937578,11.430010070493454,23.695380774032458,56.17977528089888,26.837606837606838,67.33333333333333,82.89529190207158,0.35232063045337897,0.26601941747572816
COL,Slider,SL,3864,12.936489336770565,86.59583333333333,2461.7502587991717,0.07432194616977225,0.11292443064182195,32.60038240917782,28.157349896480333,41.692546583850934,38.21571238348868,76.41216635630043,80.82977038796517,0.2840097165200391,0.23430962343096234
COL,Changeup,CH,3522,11.7914895041682,86.17461669505963,1806.7174900624645,-0.41207268597387847,0.3249460533787621,29.50404858299595,22.6007950028393,36.229415105053945,39.71504897595726,84.95297805642633,79.491077170418,0.26568485250737467,0.22661122661122662
COL,Sweeper,ST,2628,8.7984197663129,82.93283866057838,2589.039193302892,0.3997602739726027,0.03666666666666667,32.5,28.424657534246577,38.660578386605785,37.220843672456574,70.86614173228347,79.38880688806888,0.2626148857142857,0.18351477449455678
COL,Cutter,FC,2116,7.084267970136262,89.86049149338373,2401.267298578199,0.09064744801512288,0.6096408317580341,18.42338352524358,23.582230623818525,48.25141776937618,34.52054794520548,73.55533790401567,81.15170316301703,0.3370249617590822,0.27628865979381445
COL,Curveball,CU,2057,6.88673875924872,80.17997083130774,2617.291200777832,0.22151677199805545,-0.7318813806514342,33.18824809575626,29.75206611570248,38.40544482255712,34.96448303078137,60.25316455696203,80.83118081180812,0.28548880305927343,0.24843423799582465
COL,Split-Finger,FS,901,3.016505406943654,87.02341842397337,1385.8834628190898,-0.6262486126526082,0.21295227524972254,33.53057199211045,24.75027746947836,36.18201997780244,40.52173913043478,84.04907975460122,80.17288732394366,0.2732163863636364,0.23902439024390243
COL,Knuckle Curve,KC,553,1.8514178579798455,82.69945750452081,2448.9276672694396,0.584122965641953,-0.6777757685352622,39.39393939393939,33.815551537070526,39.78300180831826,42.94294294294294,70.0,77.22818791946308,0.21681254074074074,0.168
COL,Slurve,SV,177,0.5925876326626268,80.77627118644068,2768.954802259887,0.6440677966101694,-0.5958757062146892,32.142857142857146,28.8135593220339,35.59322033898305,38.59649122807017,63.49206349206349,79.94081632653061,0.31258091304347824,0.14285714285714285
COL,Forkball,FO,81,0.2711841708795072,84.08148148148149,640.7777777777778,-0.24345679012345678,-0.25728395061728393,39.473684210526315,24.691358024691358,39.50617283950617,22.448979591836736,84.375,83.29523809523809,0.23461457142857142,0.16666666666666666
COL,Knuckleball,KN,67,0.22431283270280222,74.91641791044776,315.53846153846155,-0.07253731343283583,0.0664179104477612,12.121212121212121,19.402985074626866,53.73134328358209,22.58064516129032,72.22222222222221,87.21851851851852,0.4624307826086956,0.5789473684210527
COL,Eephus,EP,61,0.20422511634135726,46.950819672131146,1060.0526315789473,-0.13245901639344262,1.3565573770491803,2.7777777777777777,11.475409836065573,42.62295081967213,37.142857142857146,88.46153846153845,84.90857142857143,0.4604096896551724,0.46153846153846156
COL,Unknown,UNK,59,0.19752921088754227,0.0,0.0,0.0,0.0,0.0,0.0,0.0,0.0,0.0,0.0,0.3489885,0.0
COL,Other,FA,56,0.1874853527068198,63.35892857142857,1527.2545454545455,-0.11607142857142858,1.0799999999999998,0.0,8.928571428571429,41.07142857142857,33.33333333333333,82.6086956521739,88.7,0.4840784583333333,0.6190476190476191
COL,Slow Curve,CS,6,0.020087716361444977,75.41666666666667,2364.8333333333335,0.655,-0.45166666666666666,50.0,50.0,50.0,100.0,100.0,92.13333333333333,0.04683333333333334,0.0
COL,Pitch Out,PO,2,0.006695905453814992,90.9,2235.0,-0.56,1.0,0.0,0.0,0.0,0.0,0.0,0.0,0.0,0.0
DET,4-Seam Fastball,FF,10072,31.554873272972213,94.42169380460683,2305.9878848063554,-0.26846604447974587,1.3109938443208895,15.845868534926849,24.066719618745037,53.01826846703733,23.330515638207945,70.20599250936328,83.84369951534734,0.3439790753968254,0.23916967509025272
DET,Sinker,SI,4932,15.45161189260315,93.99572181670722,2198.5036496350367,-0.4674026763990268,0.6562915652879157,10.062056737588652,26.074614760746144,56.285482562854824,24.211502782931355,62.46397694524496,83.67004287245445,0.3749544299788881,0.28732849071832123
DET,Changeup,CH,4075,12.766690685798427,85.38510429447852,1728.079754601227,-0.2561055214723927,0.3575656441717791,33.08859520313265,25.84049079754601,37.8159509202454,35.43804262036306,74.30240103828683,79.63727714748784,0.24661043815915631,0.20609137055837565
DET,Slider,SL,3634,11.385068454525518,86.05437775330397,2419.3893171806167,0.08057787561915244,0.12506604292790313,30.903614457831324,29.389102916895983,43.891029168959825,29.377145659637076,66.52037617554859,81.73592233009708,0.2803178631090487,0.22670025188916876
DET,Cutter,FC,2699,8.455778689808579,89.61763616154131,2362.640237124861,0.1013449425713227,0.6221155983697666,20.01516300227445,26.38014079288625,52.98258614301593,25.216706067769895,69.86013986013985,81.98712667353244,0.3509201632047477,0.26194398682042835
DET,Sweeper,ST,2515,7.879319527554121,82.44473161033797,2574.2493041749503,0.5093479125248509,0.11399999999999999,25.868372943327238,30.81510934393638,47.31610337972167,30.339622641509433,58.15126050420169,79.59180107526882,0.30174725700164745,0.2572463768115942
DET,Curveball,CU,2184,6.842319621542028,79.9581043956044,2570.7021081576536,0.3812454212454212,-0.8295833333333333,29.683698296836987,30.90659340659341,40.705128205128204,26.94980694980695,53.2058492688414,82.19576107899807,0.2825377639751553,0.20776255707762556
DET,Split-Finger,FS,1090,3.414893950311727,85.84009174311926,1318.0642201834862,-0.8243577981651375,0.2201467889908257,35.18518518518518,24.4954128440367,33.48623853211009,35.58620689655172,77.26027397260275,78.98031746031745,0.20078330794701987,0.13333333333333333
DET,Knuckle Curve,KC,367,1.1497853942792693,82.16049046321527,2514.8446866485015,0.483841961852861,-0.9770027247956403,18.471337579617835,25.340599455040874,39.23705722070845,31.390134529147986,60.416666666666664,80.05409836065574,0.24925581707317074,0.18518518518518517
DET,Slurve,SV,180,0.5639274413358815,82.23222222222222,2691.8277777777776,-0.3046111111111111,-0.41077777777777774,33.82352941176471,35.55555555555556,37.77777777777778,28.57142857142857,52.94117647058824,82.60714285714286,0.23776741025641024,0.05405405405405406
DET,Eephus,EP,75,0.23496976722328392,45.624,1178.4533333333334,-0.21760000000000002,1.3697333333333335,0.0,16.0,36.0,29.166666666666668,70.37037037037037,87.62727272727273,0.377965875,0.35714285714285715
DET,Unknown,UNK,66,0.20677339515648985,0.0,0.0,0.0,0.0,0.0,0.0,0.0,0.0,0.0,0.0,0.0,0.0
DET,Other,FA,22,0.06892446505216329,64.09545454545454,1548.909090909091,0.18409090909090908,1.1868181818181818,0.0,13.636363636363635,45.45454545454545,33.33333333333333,50.0,84.6888888888889,0.5176000000000001,0.4
DET,Slow Curve,CS,6,0.018797581377862714,71.53333333333333,2728.8333333333335,1.3950000000000002,-0.9899999999999999,0.0,0.0,16.666666666666664,20.0,100.0,68.05,0.183,0.0
DET,Unknown,UN,2,0.006265860459287572,47.0,961.0,0.29,1.24,0.0,0.0,0.0,0.0,0.0,0.0,0.0,0.0
HOU,4-Seam Fastball,FF,9104,29.058410469198854,95.12719683655536,2332.13,-0.34868739015817224,1.3368277680140597,20.610349402919063,26.691564147627417,52.63620386643234,28.26994434137291,68.92737896494157,83.96742165684145,0.33938469204737737,0.24613152804642166
HOU,Sinker,SI,5386,17.191190552186402,94.48371704418864,2206.8832157445227,-0.7371648718900854,0.6706089862606759,9.254901960784313,24.972150018566655,55.310063126624584,28.37557125051932,62.6720375965089,83.92534085566527,0.3547612563106796,0.29472140762463345
HOU,Slider,SL,4332,13.827002872646027,86.84425207756233,2452.4354652505194,0.14458217913204063,0.08060018467220684,33.09557774607703,29.570637119113574,41.204986149584485,35.41421279937181,67.28291316526611,81.4276,0.2668499088345864,0.1910891089108911
HOU,Changeup,CH,2940,9.383977018831791,86.20931972789116,1752.6841388699795,-0.2966666666666667,0.3836326530612245,31.472435450104676,25.71428571428571,37.142857142857146,34.1991341991342,73.35164835164835,80.55667789001123,0.2558905601092896,0.20869565217391303
HOU,Sweeper,ST,2937,9.374401532077881,83.26918624446715,2647.0623084780386,0.7527034388832142,0.08738168198842355,33.35782512858192,31.42662580864828,42.01566224038134,34.938344098649445,62.07455429497569,80.02228989037759,0.23377499852071007,0.20748829953198128
HOU,Cutter,FC,2603,8.3083306734759,89.93976181329236,2409.069535151748,0.12243949289281597,0.661106415674222,18.21735731039875,24.24126008451786,51.555897041874765,26.645519429024585,70.26825633383011,82.1222339304531,0.3609582304075235,0.24695652173913044
HOU,Curveball,CU,2062,6.581551228854134,79.63787584869058,2563.126945525292,0.25547041707080503,-0.9168671193016489,30.084235860409148,29.340446168768185,35.548011639185255,32.20466516177577,54.979536152796726,80.7015065913371,0.3036498228438228,0.21518987341772153
HOU,Split-Finger,FS,1085,3.4631343759974467,86.31658986175115,1329.4025854108957,-0.6534009216589862,0.29788940092165894,33.45323741007194,25.52995391705069,35.85253456221198,37.787356321839084,75.32133676092545,81.82560975609756,0.29820825483870966,0.2653061224489796
HOU,Knuckle Curve,KC,480,1.5320778806255984,82.55166666666668,2546.7875,0.5545625,-0.9071666666666667,34.52914798206278,28.541666666666664,31.874999999999996,40.0611620795107,60.130718954248366,79.74573643410854,0.2780816145833333,0.2967032967032967
HOU,Unknown,UNK,218,0.6958187041174594,87.6,2143.0,0.13,0.58,0.0,0.0,0.0,0.0,0.0,0.0,0.697977,0.0
HOU,Slurve,SV,73,0.23300351101180977,81.1945205479452,2556.821917808219,-0.6984931506849316,-0.3015068493150685,22.22222222222222,10.95890410958904,23.28767123287671,21.428571428571427,88.23529411764706,91.33500000000001,0.5057063333333334,0.29411764705882354
HOU,Other,FA,48,0.15320778806255986,65.12916666666666,1589.0625,-0.05833333333333333,1.4814583333333333,0.0,20.833333333333336,37.5,33.33333333333333,55.55555555555556,69.48125,0.3346905384615385,0.3076923076923077
HOU,Eephus,EP,46,0.14682413022661986,40.67826086956522,864.1739130434783,0.26260869565217393,1.2895652173913044,8.333333333333332,21.73913043478261,30.434782608695656,37.5,85.71428571428571,91.06363636363636,0.3301952,0.5555555555555556
HOU,Slow Curve,CS,8,0.025534631343759977,67.69999999999999,2455.25,1.06,-1.2175,100.0,25.0,0.0,25.0,0.0,0.0,0.0,0.0
HOU,Forkball,FO,4,0.012767315671879989,82.6,1269.5,-0.9175,-0.045,50.0,50.0,75.0,0.0,66.66666666666666,79.2,0.0,0.0
HOU,Knuckleball,KN,2,0.006383657835939994,51.3,107.0,0.38,0.36,0.0,0.0,0.0,0.0,0.0,0.0,0.0,0.0
HOU,Unknown,UN,2,0.006383657835939994,72.2,1491.0,-0.81,1.22,0.0,0.0,0.0,0.0,0.0,0.0,0.0,0.0
KCR,4-Seam Fastball,FF,9780,32.294280808347644,94.52971370143149,2302.6777800574478,-0.26722188139059305,1.2825920245398772,15.177244746338356,25.94069529652352,53.23108384458077,27.96239615216441,65.92393392239724,83.03194328607174,0.33194070364562916,0.24731663685152058
KCR,Sinker,SI,4408,14.555540879672435,93.98799909255898,2208.668789808917,-0.2379083484573503,0.6443194192377495,8.91089108910891,26.90562613430127,55.19509981851179,24.253164556962027,59.1861898890259,84.5266037735849,0.3565753860502838,0.27974568574023617
KCR,Slider,SL,3530,11.656320169066174,86.08019830028329,2437.0053885422576,0.13460906515580737,0.10651558073654391,30.547203848466626,28.810198300283286,40.42492917847025,33.76129339039468,66.78346180798879,82.83551136363637,0.3023699702970297,0.24413145539906103
KCR,Changeup,CH,3227,10.655791837273808,86.07539510381159,1739.1589568457,-0.2684319801673381,0.38408738766656336,27.059530968129884,22.09482491478153,36.72141307716145,36.33692458374143,77.72151898734178,82.50341726618706,0.2823057145945946,0.24632768361581922
KCR,Sweeper,ST,2863,9.453837009642054,82.89835836535103,2591.2901083537226,0.3401676563045756,0.08107230178134824,30.924630924630925,30.876702759343345,41.94900454069158,34.11552346570397,59.95004163197336,79.9561797752809,0.25665476231884055,0.20980091883614088
KCR,Cutter,FC,2685,8.86606789063532,89.54432029795159,2409.8924168845724,0.12517318435754188,0.6147113594040968,21.023622047244096,26.85288640595903,48.86405959031657,29.788783685360524,65.625,83.2233949945593,0.33717663666666664,0.23893805309734514
KCR,Curveball,CU,1933,6.382908466516973,79.80398344542162,2611.2415933781685,0.20186239006725296,-0.9238903259182618,25.308641975308642,28.970512157268498,39.52405587170202,32.76304533789563,55.890052356020945,81.49907235621521,0.28572222939866365,0.21513002364066194
KCR,Split-Finger,FS,1010,3.3350944393078854,86.79425742574257,1532.639880952381,-0.8466138613861387,0.38363366336633664,26.653696498054476,22.871287128712872,37.227722772277225,35.01577287066246,77.6595744680851,83.11002865329513,0.26817670833333335,0.21686746987951808
KCR,Knuckle Curve,KC,500,1.6510368511425173,81.527,2598.9578313253014,0.64986,-0.76406,32.41106719367589,31.4,40.8,42.22972972972973,62.745098039215684,83.31409395973154,0.2780117848101266,0.3
KCR,Slurve,SV,167,0.5514463082816008,82.36347305389222,2539.754491017964,-0.8314970059880239,-0.44766467065868265,15.384615384615385,19.16167664670659,39.52095808383233,21.782178217821784,65.15151515151516,80.21428571428571,0.26367782978723403,0.16279069767441862
KCR,Unknown,UNK,101,0.3335094439307885,90.4,0.0,0.45,1.49,0.0,0.0,0.0,0.0,0.0,0.0,0.697977,0.0
KCR,Eephus,EP,39,0.12878087438911637,47.74871794871795,1218.974358974359,-0.3082051282051282,1.7612820512820513,0.0,23.076923076923077,41.02564102564102,17.391304347826086,75.0,94.43125,0.44064570588235297,0.4375
KCR,Forkball,FO,22,0.07264562145027077,83.95454545454545,1258.6363636363637,-0.9222727272727272,0.0940909090909091,37.5,22.727272727272727,9.090909090909092,35.0,50.0,58.875,0.27919079999999996,0.0
KCR,Other,FA,13,0.042926958129705456,70.96153846153847,1766.7692307692307,-0.6223076923076923,1.1015384615384616,14.285714285714285,23.076923076923077,46.15384615384615,42.857142857142854,66.66666666666666,77.97999999999999,0.35874425,0.6666666666666666
KCR,Knuckleball,KN,4,0.01320829480914014,81.025,306.5,-0.0024999999999999745,-0.1675,100.0,25.0,0.0,25.0,0.0,0.0,0.0,0.0
KCR,Unknown,UN,2,0.00660414740457007,51.9,1820.0,1.12,-0.47,0.0,0.0,0.0,0.0,0.0,0.0,0.0,0.0
LAA,4-Seam Fastball,FF,9838,31.453417737707014,94.79373856474894,2298.7661722290895,-0.2369414515145355,1.3335545842650947,20.108355907480725,25.482821711730026,52.25655621061192,24.824355971896956,70.66718537249562,82.20724168383867,0.3382288894645941,0.2357001972386588
LAA,Sinker,SI,4832,15.448558091949613,94.12657284768211,2191.387708333333,-0.6867798013245033,0.6538182947019867,12.767780634104541,27.13162251655629,56.498344370860934,27.354900095147478,64.43223443223444,83.16445182724253,0.3333818574577517,0.25491803278688524
LAA,Slider,SL,4338,13.869173220794167,86.42800829875519,2433.085932085932,0.09719917012448133,0.11732595666205624,36.43581826202029,32.895343476256336,42.34670355002305,39.74410235905638,69.29776810016331,81.22560879811469,0.2589252213883677,0.20734126984126985
LAA,Changeup,CH,3604,11.522475861627981,85.81403995560488,1750.1418519560934,-0.08552719200887902,0.40453107658157605,34.65029364655633,26.914539400665927,36.2930077691454,38.28397212543554,75.99388379204893,79.30125560538116,0.2419747633744856,0.193020719738277
LAA,Sweeper,ST,2631,8.411663149817764,83.07213987077157,2612.044100580271,0.7628544279741543,0.15602432535157734,33.11948676824378,31.05283162295705,41.80919802356519,35.98954931417374,63.272727272727266,79.35220883534136,0.2628232311248074,0.21833333333333332
LAA,Cutter,FC,2389,7.637956391073598,89.79840937630807,2367.7455242966753,0.1028589367936375,0.6779614901632482,20.0,26.58015906236919,51.988279614901636,31.734960767218833,69.32367149758454,82.36035834266518,0.3686139363484087,0.29236499068901306
LAA,Curveball,CU,1961,6.269582454121108,79.95573686894443,2549.493619193466,0.2533044365119837,-0.9040438551759306,31.84931506849315,31.361550229474755,40.69352371239164,34.65176268271711,59.27318295739349,81.16163873370577,0.2703566907216495,0.20666666666666667
LAA,Split-Finger,FS,967,3.09162989960995,87.15511892450878,1281.441329179647,-0.8325129265770423,0.1643226473629783,37.52244165170557,27.714581178903824,38.88314374353671,40.4399323181049,84.57446808510637,80.95973597359736,0.2599893172690763,0.19913419913419914
LAA,Knuckle Curve,KC,387,1.237291386917322,83.0829457364341,2546.6472148541116,0.3630749354005168,-0.7196640826873385,34.40860215053764,28.165374677002585,36.434108527131784,35.36585365853659,70.2127659574468,86.06862745098039,0.205070185840708,0.2636363636363636
LAA,Unknown,UNK,129,0.41243046230577407,0.0,0.0,0.0,0.0,9.090909090909092,4.651162790697675,0.0,17.05426356589147,0.0,95.2,0.5755954,0.25
LAA,Slurve,SV,82,0.26216510007033694,81.82073170731708,2770.7195121951218,-0.5320731707317073,-0.5446341463414633,40.0,50.0,54.87804878048781,43.24324324324324,42.22222222222222,70.28666666666666,0.18983333333333333,0.2777777777777778
LAA,Eephus,EP,44,0.14067395613530276,40.85454545454545,1077.3636363636363,-0.12000000000000001,1.633181818181818,0.0,18.181818181818183,45.45454545454545,33.33333333333333,70.0,92.39,0.5381952,0.4444444444444444
LAA,Knuckleball,KN,31,0.09911119636805422,80.9258064516129,321.1923076923077,-0.2564516129032258,-0.2519354838709677,5.263157894736842,12.903225806451612,51.61290322580645,33.33333333333333,87.5,79.08333333333333,0.2771111111111111,0.4444444444444444
LAA,Forkball,FO,26,0.0831255195344971,86.26923076923077,734.7692307692307,-0.27615384615384614,-0.019230769230769232,16.666666666666664,30.76923076923077,69.23076923076923,25.0,55.55555555555556,78.55,0.12166666666666666,0.3333333333333333
LAA,Other,FA,10,0.03197135366711427,57.42,1540.6,-0.27399999999999997,1.722,50.0,20.0,40.0,0.0,100.0,106.7,0.94,1.0
LAA,Slow Curve,CS,7,0.022379947566979985,68.94285714285715,2429.1428571428573,1.022857142857143,-0.18714285714285714,0.0,14.285714285714285,57.14285714285714,33.33333333333333,75.0,75.675,0.002,0.0
LAA,Unknown,UN,2,0.006394270733422853,39.3,856.0,0.56,2.31,0.0,0.0,0.0,0.0,0.0,0.0,0.0,0.0
LAD,4-Seam Fastball,FF,9827,31.43533476216372,94.84533428309759,2317.8953902513485,-0.2806594077541467,1.25580034598555,18.596491228070175,25.368881652589803,52.82385265085987,26.509922346850733,69.65902523598537,84.08847438752784,0.3548396713539574,0.2510250569476082
LAD,Sinker,SI,4823,15.428169284411888,94.1800746423388,2187.2384408044786,-0.41662658096620364,0.5908500933029235,11.696428571428571,25.896744764669293,55.546340452000834,25.093283582089555,63.53116834639791,84.71495222034851,0.3747808961334344,0.27834179357022
LAD,Slider,SL,4054,12.968235181216212,86.2768376911692,2427.006906758757,0.07799210656142082,0.12039713862851505,29.1557420031463,29.181055747409967,45.31327084361125,31.34866937302661,65.97713663581926,81.60411290322581,0.3204923898477157,0.2266065388951522
LAD,Changeup,CH,3966,12.686734269537123,86.55743822491175,1785.779011099899,-0.47449823499747856,0.3240771558245083,28.945960406634562,23.045890065557238,36.258194654563795,31.329113924050635,74.89568845618915,81.50578512396694,0.29820443143143144,0.2243797195253506
LAD,Cutter,FC,2691,8.608169924186686,89.89769602378298,2400.6168710516536,0.05371980676328503,0.6507357859531773,17.04204204204204,24.377554812337422,52.434039390561125,25.703125,71.08433734939759,82.29980119284295,0.3890314296296296,0.31414473684210525
LAD,Sweeper,ST,2286,7.312625955663607,82.72913385826772,2622.1837270341207,0.42219160104986875,0.06845581802274717,27.8855975485189,30.358705161854765,46.06299212598425,28.386050283860502,59.7340930674264,80.4824345146379,0.276830361376673,0.2585858585858586
LAD,Curveball,CU,1848,5.911519145260868,80.58712121212122,2617.9458874458874,0.32317099567099566,-0.7639231601731602,29.958960328317374,28.030303030303028,38.63636363636363,26.71957671957672,59.943977591036415,81.27108695652173,0.2802454302600473,0.248
LAD,Split-Finger,FS,957,3.0613224145100926,86.21859979101359,1400.7147335423197,-0.657742946708464,0.20804597701149424,35.517970401691336,25.07836990595611,34.79623824451411,34.13461538461539,78.07807807807808,81.12142857142857,0.2355287651821862,0.2145922746781116
LAD,Knuckle Curve,KC,448,1.433095550366271,82.52589285714285,2539.870535714286,0.5757366071428571,-0.7047991071428571,27.513227513227513,27.00892857142857,42.857142857142854,28.90625,59.895833333333336,86.33916666666667,0.3607981983471074,0.21904761904761905
LAD,Unknown,UNK,161,0.5150187134128786,93.0,2005.0,-0.91,1.16,0.0,0.0,0.0,0.0,0.0,0.0,0.23265899999999998,0.0
LAD,Slurve,SV,130,0.41585361952592687,82.56461538461538,2623.146153846154,-0.5287692307692308,-0.32576923076923076,24.444444444444443,32.30769230769231,44.61538461538462,19.444444444444446,53.44827586206896,82.86,0.24809375,0.21875
LAD,Other,FA,39,0.12475608585777807,75.43333333333334,1851.4358974358975,-1.0964102564102565,1.2892307692307692,8.695652173913043,15.384615384615385,51.28205128205128,26.31578947368421,90.0,77.39473684210526,0.2008333333333333,0.3333333333333333
LAD,Eephus,EP,29,0.09276734589424522,52.648275862068964,1405.2068965517242,-0.5455172413793103,1.572758620689655,0.0,17.24137931034483,37.93103448275862,33.33333333333333,72.72727272727273,75.25,0.28254545454545454,0.18181818181818182
LAD,Unknown,UN,2,0.006397747992706568,72.0,2456.0,1.12,-0.25,0.0,0.0,0.0,0.0,0.0,0.0,0.0,0.0
MIA,4-Seam Fastball,FF,8816,28.57605912288094,94.69385208711434,2308.6532743161956,-0.3658019509981851,1.3347096188747731,16.69518455145441,26.61070780399274,53.42558983666061,24.23283000487092,65.73248407643312,84.07088122605364,0.33899326601855945,0.2606707317073171
MIA,Sinker,SI,5184,16.803345110369193,93.87901234567902,2211.5511188271603,-0.3705381944444444,0.6314120370370371,9.66010733452594,26.69753086419753,55.092592592592595,23.367697594501717,59.2436974789916,82.96979280261723,0.3412277604095563,0.2690196078431373
MIA,Slider,SL,4173,13.5263038475252,86.58526240115025,2426.2537742631202,0.09370476875149773,0.16066379103762282,31.183830606352263,30.721303618499878,45.5307931943446,33.435987681478224,69.36842105263158,82.11471264367816,0.29552394381035996,0.2585227272727273
MIA,Changeup,CH,3875,12.560370814560306,85.95796129032257,1761.5321290322581,-0.47222709677419356,0.3683793548387097,36.54042988741044,27.509677419354837,35.535483870967745,35.428342674139316,77.63253449527959,78.5942238267148,0.27168477450980394,0.24869927159209157
MIA,Sweeper,ST,2578,8.356293150951347,82.78308766485647,2592.756788207913,0.38688518231186964,0.08107059736229635,30.984643179765133,29.014740108611324,40.18619084561676,30.220492866407263,61.87258687258688,78.20416068866571,0.253607894909688,0.18928571428571428
MIA,Cutter,FC,2477,8.028913163268614,89.77262817924908,2403.267878787879,0.04772708922083165,0.7008235769075495,17.3697270471464,26.160678239806217,51.1102139685103,29.31461601981833,67.4565560821485,81.22549246813442,0.3108249045226131,0.26062846580406657
MIA,Curveball,CU,1969,6.382289066804966,80.12854240731336,2602.169629253428,0.38238191975622143,-0.8268359573387506,29.380053908355798,29.659725749111228,38.90299644489589,26.766417290108063,54.83028720626631,80.58067940552017,0.28878736136363636,0.20887728459530025
MIA,Split-Finger,FS,998,3.2349032446274024,86.96823647294589,1393.0490981963928,-0.925190380761523,0.3157615230460922,36.47540983606557,24.649298597194388,34.66933867735471,32.82208588957055,79.1907514450867,82.52526690391458,0.2620841205673759,0.26373626373626374
MIA,Knuckle Curve,KC,528,1.7114518167968624,82.21950757575758,2528.2935606060605,0.634564393939394,-0.8382386363636363,39.27125506072874,32.765151515151516,36.93181818181818,38.13813813813814,61.53846153846154,78.92928571428571,0.2786218529411765,0.2047244094488189
MIA,Unknown,UNK,93,0.3014488995494473,92.05000000000001,1798.0,0.15500000000000003,0.32,0.0,0.0,0.0,0.0,0.0,0.0,0.17449425,0.0
MIA,Other,FA,55,0.17827623091633982,60.14181818181819,1560.490909090909,-0.608909090909091,1.4858181818181817,0.0,14.545454545454545,45.45454545454545,33.33333333333333,56.00000000000001,88.91666666666667,0.24822518181818182,0.45
MIA,Slurve,SV,41,0.1328968266830897,81.94390243902438,2562.5365853658536,-0.4151219512195122,-0.3431707317073171,38.095238095238095,34.146341463414636,43.90243902439025,39.130434782608695,66.66666666666666,78.98333333333333,0.25025000000000003,0.25
MIA,Eephus,EP,23,0.07455187838319666,53.13478260869565,1306.9565217391305,0.11869565217391305,1.2447826086956522,0.0,13.043478260869565,43.47826086956522,7.6923076923076925,80.0,89.15555555555555,0.2958888888888889,0.2222222222222222
MIA,Forkball,FO,22,0.07131049236653593,83.18181818181819,1215.3636363636363,-0.9645454545454545,0.05909090909090909,66.66666666666666,18.181818181818183,9.090909090909092,20.0,100.0,91.1,0.23265899999999998,0.0
MIA,Knuckleball,KN,18,0.058344948299893035,82.25555555555555,336.22222222222223,-0.05666666666666667,-0.12222222222222223,0.0,0.0,55.55555555555556,50.0,100.0,87.44,0.3395,0.5
MIA,Pitch Out,PO,1,0.003241386016660724,92.0,2092.0,0.77,1.55,0.0,0.0,0.0,0.0,0.0,0.0,0.0,0.0
MIL,4-Seam Fastball,FF,10152,30.977663859392162,94.91412529550827,2312.551918512658,-0.3143173758865248,1.2777157210401893,17.93148308759757,27.620173364854217,52.265563435776194,25.54684275691292,63.58839050131926,83.736685179772,0.34973189395807647,0.2744630071599045
MIL,Sinker,SI,5368,16.379836445746367,93.86726900149031,2203.23661971831,-0.28394374068554395,0.6400652011922503,10.982410982410983,28.949329359165425,57.22801788375559,22.5609756097561,59.016927083333336,84.17090620031796,0.3527563113402062,0.2773892773892774
MIL,Slider,SL,4687,14.30184303673868,86.37066353744399,2444.5918497973116,0.06451034777042886,0.09989972263708129,31.59229208924949,32.11009174311927,44.762107958182206,28.041714947856317,59.389895138226876,82.50758564437194,0.27627844028520504,0.21875
MIL,Changeup,CH,3286,10.026852190894667,86.48667072428485,1745.174535485836,-0.2964455264759586,0.332915398660986,30.853994490358126,23.676202069385273,34.87522824102252,29.299065420560748,71.98952879581152,79.62648401826485,0.2758953684210526,0.2274011299435028
MIL,Cutter,FC,2778,8.476748443793483,89.69564434845212,2380.6472081218276,0.06411807055435566,0.6228329733621311,20.60836501901141,27.429805615550755,51.11591072714183,27.31958762886598,66.47887323943662,81.46600831600831,0.34334702253521127,0.2982998454404946
MIL,Sweeper,ST,2557,7.802392286097888,82.97364098552993,2598.228616476153,0.4459483770043019,0.08536957371920219,26.7840593141798,28.78373093468909,44.035979663668364,26.904262753319358,61.63410301953819,81.51398601398601,0.28152107528641573,0.22298456260720412
MIL,Curveball,CU,1935,5.90443061149762,80.44,2638.056330749354,0.34337984496124035,-0.7696640826873384,29.305555555555557,30.180878552971574,40.62015503875969,25.50043516100957,54.32569974554708,80.39849785407725,0.26581383448275864,0.20551378446115287
MIL,Split-Finger,FS,1084,3.307701696570243,87.1041512915129,1435.4588785046728,-0.8334409594095942,0.2359040590405904,29.962546816479403,24.44649446494465,36.43911439114391,34.83309143686502,74.43037974683544,81.54579439252336,0.2560735551948052,0.16040955631399317
MIL,Knuckle Curve,KC,395,1.2052972049310389,81.23848101265823,2522.108860759494,0.5767088607594937,-0.8227594936708861,22.413793103448278,25.82278481012658,41.01265822784811,31.330472103004293,62.34567901234568,85.81403508771929,0.34995988235294123,0.30612244897959184
MIL,Unknown,UNK,183,0.5584035151958989,0.0,0.0,0.0,0.0,11.11111111111111,5.46448087431694,0.0,9.836065573770492,0.0,78.5875,0.5979872222222222,0.16666666666666666
MIL,Eephus,EP,121,0.36921762480166,43.44793388429752,1056.0495867768595,-0.10363636363636362,1.7515702479338844,6.896551724137931,14.87603305785124,37.1900826446281,31.57894736842105,75.55555555555556,87.19803921568628,0.49850841860465117,0.38461538461538464
MIL,Slurve,SV,102,0.31124130355181256,81.20686274509804,2775.950980392157,0.27088235294117646,-0.5593137254901961,17.647058823529413,34.31372549019608,46.07843137254902,21.818181818181817,46.808510638297875,77.96428571428571,0.4059302903225806,0.3333333333333333
MIL,Other,FA,87,0.26547052361772244,65.53218390804598,1455.9540229885058,-0.737816091954023,1.2202298850574713,5.128205128205128,13.793103448275861,37.93103448275862,27.77777777777778,72.72727272727273,84.32285714285715,0.4880867272727272,0.5
MIL,Knuckleball,KN,25,0.07628463322348347,80.468,230.68,0.20240000000000002,-0.07279999999999999,45.45454545454545,52.0,56.00000000000001,27.27272727272727,57.14285714285714,83.56666666666666,0.18293333333333334,0.26666666666666666
MIL,Forkball,FO,5,0.015256926644696692,87.16,694.4,-0.454,-0.196,0.0,20.0,20.0,0.0,0.0,0.0,0.0,0.0
MIL,Slow Curve,CS,4,0.012205541315757355,66.94999999999999,2471.5,1.205,-0.29,0.0,0.0,0.0,50.0,0.0,58.4,0.0,0.0
MIL,Pitch Out,PO,3,0.009154155986818015,90.03333333333335,2293.3333333333335,-0.5666666666666668,1.07,0.0,0.0,0.0,0.0,0.0,0.0,0.0,0.0
MIN,4-Seam Fastball,FF,9343,30.140654235757147,94.88452317242856,2341.727867796974,-0.289677833672268,1.3223429305362302,17.791019365822518,26.811516643476402,53.65514288772343,30.831408775981522,67.10552563335328,83.80451557587882,0.3284245633631194,0.25274223034734916
MIN,Sinker,SI,4918,15.8655397122395,93.86701911346076,2207.7381921824103,-0.5002094347295649,0.6493513623424156,12.400354295837024,26.962179747864983,57.07604717364782,22.83278067266698,63.27039543997151,84.85108033240998,0.3617513486562942,0.2749800159872102
MIN,Slider,SL,4040,13.033098909607071,86.37269801980199,2437.7779153255756,0.1390247524752475,0.14098762376237625,33.46633416458853,28.86138613861386,43.63861386138614,31.53271848924023,73.00056721497448,82.85033222591362,0.30631256256256256,0.2297447280799112
MIN,Changeup,CH,3983,12.849216078456674,85.5471503891539,1730.752270433905,-0.25828019081094655,0.3661636957067537,29.709762532981532,22.269645995480793,35.82726587998996,31.416275430359935,76.52417659425367,80.65585585585586,0.2543990009861933,0.20625
MIN,Sweeper,ST,2449,7.900509710303891,83.41347488770927,2579.5220588235293,0.5117149857084524,0.05755818701510821,32.55378858746492,32.421396488362596,43.81380155165374,31.031976744186046,59.83224603914259,79.38595419847329,0.2405087076923077,0.20964749536178107
MIN,Cutter,FC,2326,7.503709916768823,89.44101461736886,2412.8132582322355,0.06806534823731727,0.6482545141874462,20.9636517328825,26.311263972484955,51.977644024075666,29.722470904207697,70.38875103391233,83.40391459074733,0.38465753343949044,0.29764065335753176
MIN,Curveball,CU,2187,7.055293889928382,80.71252857796067,2599.200458715596,0.20818472793781437,-0.89026520347508,29.25407925407925,28.623685413808868,41.289437585733886,24.299065420560748,60.46511627906976,81.88363309352519,0.2751663054393305,0.21809744779582366
MIN,Split-Finger,FS,1017,3.280856829472869,86.33569321533923,1327.8859390363816,-0.8008161258603737,0.25280235988200594,36.032388663967616,24.385447394296953,33.6283185840708,32.88888888888889,79.53216374269006,81.38091872791519,0.23568634600760457,0.1774193548387097
MIN,Knuckle Curve,KC,561,1.809794180269695,83.07825311942959,2505.9964349376114,0.5465418894830659,-0.7679679144385027,36.57587548638132,29.76827094474153,34.75935828877005,36.6120218579235,63.07692307692307,83.67037037037036,0.24702929133858267,0.23931623931623933
MIN,Unknown,UNK,47,0.1516226853345377,93.75,2267.5,-0.69,1.385,0.0,0.0,0.0,4.25531914893617,0.0,0.0,0.697977,1.0
MIN,Slurve,SV,44,0.14194464158977999,83.47272727272728,2668.568181818182,-0.5093181818181818,-0.33,11.11111111111111,18.181818181818183,36.36363636363637,32.142857142857146,56.25,76.10909090909091,0.2815,0.25
MIN,Eephus,EP,43,0.1387186270081941,41.3860465116279,1078.0,-0.015581395348837212,1.7232558139534881,0.0,9.30232558139535,27.906976744186046,25.806451612903224,66.66666666666666,92.875,0.4214418888888889,0.375
MIN,Slow Curve,CS,20,0.06452029163171817,66.8,2347.1,1.017,-0.148,40.0,30.0,60.0,0.0,83.33333333333334,67.23333333333333,0.007,0.0
MIN,Other,FA,18,0.058068262468546364,67.19999999999999,1488.0,-0.7688888888888888,0.6699999999999999,0.0,22.22222222222222,44.44444444444444,0.0,50.0,75.3,0.3504885,0.0
MIN,Unknown,UN,2,0.006452029163171818,68.4,1771.0,0.29,-0.58,0.0,0.0,0.0,0.0,0.0,0.0,0.0,0.0
NYM,4-Seam Fastball,FF,9061,29.229975160489047,94.88609425008278,2322.068954030646,-0.294085641761395,1.325956296214546,20.056070735389262,26.89548614943163,52.88599492329765,30.26469899273835,69.80383973288815,84.1998795543511,0.336951929052537,0.23609022556390977
NYM,Sinker,SI,5672,18.29736443111068,93.94652679830747,2188.05836018618,-0.375805712270804,0.6280588857545839,12.17564870259481,27.750352609308887,54.86600846262342,25.429687499999996,59.57583547557841,84.3769578313253,0.34577969256987046,0.26778882938026016
NYM,Slider,SL,4053,13.074615310171295,86.10643967431533,2433.451063829787,0.09385640266469282,0.11727362447569702,32.028469750889684,29.80508265482359,43.44929681717247,32.940663176265275,68.82453151618398,82.23094245204337,0.3001400575471698,0.19834710743801653
NYM,Changeup,CH,3078,9.929352559759993,86.07170240415854,1762.2780343007917,-0.36058804418453544,0.33574723846653676,25.851197982345525,21.832358674463936,39.083820662768034,34.66666666666667,77.80548628428927,81.91453154875718,0.3132724055023924,0.23604060913705585
NYM,Sweeper,ST,2641,8.51962966547308,83.28826202196137,2645.080319756376,0.5390761075350247,0.06124195380537675,31.02006688963211,30.745929572131768,42.9761453994699,32.602921646746346,62.11453744493392,79.95243243243243,0.26588832503888027,0.20065789473684212
NYM,Cutter,FC,2307,7.44217555405013,89.66579973992198,2388.072017353579,0.13024707412223668,0.6491200693541396,19.669117647058822,25.617685305591674,49.15474642392718,27.28047740835465,67.72486772486772,82.96879699248122,0.3855740469924812,0.28781512605042014
NYM,Curveball,CU,2106,6.793767540888415,80.37032288698956,2598.542735042735,0.30065527065527065,-0.8510731244064577,30.024509803921568,30.05698005698006,39.173789173789174,28.64949258391881,54.42424242424242,81.8062,0.25205625000000004,0.19693654266958424
NYM,Split-Finger,FS,1245,4.016258588986742,87.03429718875502,1373.210139002453,-0.8274377510040162,0.20340562248995986,34.71337579617834,23.93574297188755,33.17269076305221,34.855769230769226,81.84019370460048,82.3448753462604,0.25246989595375724,0.182370820668693
NYM,Knuckle Curve,KC,516,1.6645698248330594,81.20368217054263,2523.847953216374,0.7595736434108528,-0.8908333333333334,38.839285714285715,36.240310077519375,41.08527131782946,37.82894736842105,51.41509433962265,81.18560000000001,0.2812837596899225,0.20175438596491227
NYM,Slurve,SV,142,0.45807929288041555,82.31408450704225,2292.5,-0.3866901408450704,-0.3463380281690141,26.229508196721312,28.87323943661972,38.028169014084504,37.5,51.85185185185185,79.13513513513513,0.2944985625,0.23333333333333334
NYM,Unknown,UNK,76,0.24516919900641956,88.0,2026.0,0.41,1.11,0.0,0.0,0.0,0.0,0.0,0.0,0.0,0.0
NYM,Other,FA,54,0.1741991677150876,66.80740740740741,1633.7777777777778,-0.8496296296296296,1.0662962962962963,0.0,25.925925925925924,55.55555555555556,25.0,60.0,82.63636363636364,0.329125,0.125
NYM,Eephus,EP,34,0.10968095745024034,46.9735294117647,1240.8823529411766,0.5173529411764706,0.8150000000000001,0.0,14.705882352941178,35.294117647058826,13.636363636363635,83.33333333333334,87.23076923076923,0.4546666666666666,0.3333333333333333
NYM,Forkball,FO,8,0.0258072841059389,87.65,638.75,-0.095,-0.1175,0.0,25.0,50.0,50.0,50.0,69.75,0.091,0.0
NYM,Pitch Out,PO,4,0.01290364205296945,91.175,2111.75,-0.07749999999999999,1.1975,0.0,0.0,0.0,0.0,0.0,0.0,0.0,0.0
NYM,Slow Curve,CS,1,0.0032259105132423625,67.2,2449.0,1.43,-0.01,0.0,0.0,0.0,0.0,0.0,0.0,0.0,0.0
NYM,Unknown,UN,1,0.0032259105132423625,70.1,1600.0,-1.2,1.04,0.0,0.0,0.0,0.0,0.0,0.0,0.0,0.0
NYY,4-Seam Fastball,FF,9629,30.78423223248825,94.84868626025548,2308.1504627222625,-0.19506386956070204,1.3230138124415827,19.506873227143792,26.835600789282378,52.22764565375429,27.065217391304348,66.37502485583614,84.11668169522092,0.3342169722459436,0.2237354085603113
NYY,Sinker,SI,4903,15.675053550305318,94.13716092188456,2187.6872192731726,-0.24965123393840505,0.6330328370385478,13.418530351437699,27.86049357536202,54.94595145829084,25.124490719782706,60.72754268745359,84.58592375366568,0.3610723353293413,0.2625745950554135
NYY,Slider,SL,4202,13.433933309888424,86.2399571632556,2434.142653012622,0.038998096144693004,0.09929319371727749,33.75506072874494,31.88957639219419,46.192289386006664,31.40203449800973,65.2241112828439,82.65876460767946,0.30909739089184063,0.24087591240875914
NYY,Changeup,CH,3370,10.774001726397902,86.18376854599406,1730.081947743468,-0.3625103857566766,0.3600356083086053,31.977471839799747,24.629080118694365,36.70623145400593,31.879981247069857,74.21180274858528,81.25265348595214,0.28779814352392064,0.22493887530562348
NYY,Cutter,FC,2435,7.7847757281243,89.89774127310062,2391.444946589975,0.12022997946611909,0.643223819301848,23.324396782841823,28.090349075975357,50.26694045174538,26.011560693641616,65.68627450980392,83.40243902439025,0.35445679526226737,0.26877470355731226
NYY,Sweeper,ST,2403,7.6824706672208185,82.59791926758218,2563.0500208420176,0.2817686225551394,0.05672076570952976,29.676787463271303,30.004161464835622,43.320848938826465,29.368575624082233,59.654178674351584,80.99116279069767,0.2589156107142857,0.1953125
NYY,Curveball,CU,2056,6.573100163048691,80.2625,2556.072541382668,0.34161964980544746,-0.9156031128404669,34.204275534441805,31.46887159533074,40.56420233463035,29.950900163666123,57.07434052757794,81.9826,0.26256363209393346,0.18907563025210083
NYY,Split-Finger,FS,1318,4.213689695962147,86.65447647951441,1404.5341426403643,-0.8173823975720789,0.2686874051593323,37.610619469026545,27.086494688922606,35.28072837632777,36.928487690504106,78.06451612903226,82.09010989010989,0.2649481111111111,0.14285714285714285
NYY,Knuckle Curve,KC,504,1.6113047092298347,83.63412698412698,2543.4166666666665,0.46511904761904765,-0.9426984126984127,38.421052631578945,29.96031746031746,31.944444444444443,27.988338192419825,58.38509316770186,87.16238532110093,0.3220690808080808,0.14130434782608695
NYY,Unknown,UNK,215,0.6873621279452667,81.0,0.0,0.0,0.0,40.0,10.232558139534884,0.0,13.953488372093023,0.0,101.85,0.5198605333333333,0.13333333333333333
NYY,Slurve,SV,155,0.4955401387512388,82.36516129032259,2483.1290322580644,-0.3301290322580645,-0.5515483870967741,25.862068965517242,32.25806451612903,45.16129032258064,27.058823529411764,50.0,79.60487804878049,0.2140298125,0.16666666666666666
NYY,Eephus,EP,78,0.24936858595223632,43.98205128205128,1107.6153846153845,-0.1392307692307692,1.337179487179487,0.0,23.076923076923077,19.230769230769234,26.984126984126984,60.0,90.67692307692307,0.33283724,0.3181818181818182
NYY,Other,FA,6,0.019182198919402794,66.76666666666667,1809.6666666666667,-1.22,0.9666666666666667,0.0,0.0,33.33333333333333,0.0,100.0,82.9,0.008,0.0
NYY,Forkball,FO,2,0.006394066306467597,87.9,735.0,-0.2,-0.12,0.0,0.0,100.0,0.0,100.0,79.1,0.008,0.0
NYY,Pitch Out,PO,2,0.006394066306467597,93.15,2326.0,-0.94,1.15,0.0,0.0,0.0,0.0,0.0,0.0,0.0,0.0
NYY,Unknown,UN,1,0.0031970331532337986,54.8,1091.0,-0.06,1.28,0.0,0.0,0.0,0.0,0.0,0.0,0.0,0.0
PHI,4-Seam Fastball,FF,9530,30.267420440830843,95.04037775445961,2326.548095137866,-0.31199895068205663,1.3159359916054565,18.810186175904132,26.348373557187827,53.00104931794334,27.662424648359007,67.9865373193427,84.17103428239396,0.3456790934941836,0.26917367639782286
PHI,Sinker,SI,5107,16.219907260369688,93.92026630115528,2186.4072984108298,-0.3646818092813785,0.608821225768553,10.712796998749479,25.690229097317406,54.31760328960251,28.761251607372486,62.29271809661139,84.73393876491956,0.3656684662447257,0.2539432176656151
PHI,Slider,SL,4631,14.7081242456965,86.4852299719283,2456.9398658879513,0.07553228244439646,0.12026992010364933,29.466553767993226,28.633124595119845,43.59749514143814,37.519142419601835,68.44972758791481,82.89821059876118,0.3056089462915601,0.22413793103448276
PHI,Sweeper,ST,2862,9.08975417645938,82.40649895178197,2582.450946040645,0.24723270440251574,0.05642557651991614,31.99121522693997,30.18867924528302,41.40461215932914,36.612999403697074,63.459915611814345,80.48928150765606,0.2569354031563845,0.19242424242424241
PHI,Changeup,CH,2795,8.876961189099918,86.4947763864043,1716.4503406238796,-0.4726583184257603,0.31799642218246865,29.025270758122744,23.184257602862253,34.56171735241503,35.811919081465284,75.56935817805382,81.17372093023255,0.3001753171690695,0.2200557103064067
PHI,Cutter,FC,2240,7.114273010226767,89.85611607142857,2386.1584821428573,0.06693303571428572,0.6747589285714286,23.160762942779293,28.52678571428571,50.22321428571429,31.838565022421523,66.3111111111111,82.86692607003891,0.31686549042145595,0.25052192066805845
PHI,Curveball,CU,2114,6.714095153401511,81.10444654683064,2574.5378429517505,0.2688315988647114,-0.8176253547776727,28.21576763485477,28.760643330179754,40.63386944181646,35.69721115537849,60.06984866123399,82.3176282051282,0.2610386583493282,0.23203285420944558
PHI,Split-Finger,FS,1277,4.055770818776598,86.38010963194988,1382.3984251968504,-0.7640093970242756,0.31296789350039156,29.1970802919708,23.335943617854348,36.10023492560689,39.09313725490196,79.39262472885032,80.9355294117647,0.262122018766756,0.20786516853932585
PHI,Knuckle Curve,KC,522,1.6578796925617736,83.94272030651341,2465.05938697318,0.475727969348659,-0.8247892720306513,35.55555555555556,33.14176245210728,38.122605363984675,36.22291021671827,54.2713567839196,81.29842519685039,0.3346988717948718,0.28703703703703703
PHI,Slurve,SV,164,0.5208664168201741,83.50121951219512,2641.329268292683,-0.5183536585365854,-0.5578658536585366,33.33333333333333,32.31707317073171,43.90243902439025,35.869565217391305,66.66666666666666,85.48039215686275,0.3730555490196078,0.2765957446808511
PHI,Unknown,UNK,126,0.4001778568252557,63.1,856.0,0.68,0.98,0.0,0.0,0.0,0.0,0.0,0.0,0.697977,0.0
PHI,Forkball,FO,66,0.20961697262275297,83.16363636363637,1187.7121212121212,-0.7557575757575759,0.1546969696969697,41.66666666666667,24.242424242424242,33.33333333333333,38.63636363636363,86.36363636363636,81.4125,0.22156814285714285,0.08333333333333333
PHI,Knuckleball,KN,24,0.07622435368100108,79.39999999999999,297.3333333333333,-0.30416666666666664,-0.31583333333333335,33.33333333333333,25.0,41.66666666666667,28.57142857142857,80.0,78.575,0.332,0.0
PHI,Eephus,EP,14,0.044464206313917294,48.699999999999996,1184.4285714285713,-0.25571428571428567,1.5057142857142856,0.0,0.0,28.57142857142857,60.0,100.0,92.47999999999999,0.293,0.0
PHI,Other,FA,6,0.01905608842025027,56.13333333333333,1316.3333333333333,-0.30666666666666664,1.3433333333333335,0.0,0.0,33.33333333333333,50.0,100.0,80.0,0.027,0.0
PHI,Slow Curve,CS,6,0.01905608842025027,64.93333333333334,1975.3333333333333,0.26666666666666666,-0.62,0.0,0.0,0.0,0.0,0.0,0.0,0.0,0.0
PHI,Pitch Out,PO,2,0.006352029473416756,93.1,2468.0,-0.46,0.65,0.0,0.0,0.0,0.0,0.0,0.0,0.0,0.0
PIT,4-Seam Fastball,FF,9266,28.6376560761528,94.87230736024175,2340.8932657025684,-0.23840707964601768,1.2982214547809194,20.611183355006503,26.883229009281244,52.53615368012087,29.172351068667574,68.4264585045193,83.7261803874092,0.3474901424369748,0.2631578947368421
PIT,Sinker,SI,5526,17.078748918284088,93.88639160332971,2215.5360246198406,-0.38778863554107856,0.6126728193992038,13.594191206131503,27.922547955121246,56.09844372059356,22.300082440230835,62.516129032258064,84.0668253968254,0.35542651240778,0.30258014073494915
PIT,Changeup,CH,3927,12.136852515762147,86.26348357524829,1786.8314234784823,-0.2227782021899669,0.34764451235039473,32.57775434897206,23.478482302011713,33.8680926916221,33.03812090874085,78.1203007518797,80.03012259194395,0.2631777912423625,0.20087336244541484
PIT,Slider,SL,3891,12.025590307825441,86.36324852223079,2451.0316114109482,0.13161912104857362,0.11319198149575944,32.98139768728004,29.195579542534052,41.81444358776664,36.92579505300353,70.86662569145666,82.42054329371817,0.2879781030927835,0.23120089786756454
PIT,Sweeper,ST,2928,9.049326245518605,82.83910519125683,2637.496926229508,0.4118818306010929,0.02896516393442623,27.76957163958641,28.58606557377049,43.545081967213115,32.60738052026618,63.921568627450974,81.24406779661017,0.26562236470588235,0.20229555236728838
PIT,Cutter,FC,2815,8.70008653727284,89.81946714031972,2392.742451154529,0.07480284191829485,0.6583765541740675,21.75925925925926,28.525754884547066,54.35168738898757,33.61867704280156,70.58823529411765,82.0086455331412,0.33690378390462,0.2647058823529412
PIT,Curveball,CU,2058,6.36048955371492,79.99596695821187,2660.795233463035,0.2645675413022352,-0.8619144800777454,29.96632996632997,30.75801749271137,41.54518950437318,31.67082294264339,59.64912280701754,81.83052064631957,0.28983893595041327,0.2583518930957684
PIT,Split-Finger,FS,884,2.732105328223513,86.30746606334841,1374.7183257918552,-0.6226470588235293,0.330158371040724,38.47874720357942,27.37556561085973,34.61538461538461,35.46712802768166,79.08496732026144,77.87777777777778,0.22128983796296298,0.17326732673267325
PIT,Knuckle Curve,KC,598,1.8481888985041415,83.26772575250835,2514.3026755852843,0.44001672240802675,-0.7034782608695652,37.06293706293706,31.77257525083612,40.13377926421405,33.5195530726257,69.16666666666667,82.42484076433121,0.2855759929577465,0.2537313432835821
PIT,Slurve,SV,184,0.5686735072320436,81.9679347826087,2450.2391304347825,-0.1648913043478261,-0.4173369565217392,56.75675675675676,38.58695652173913,30.978260869565215,35.43307086614173,50.877192982456144,81.204,0.21636660526315787,0.2
PIT,Eephus,EP,91,0.2812461367288911,43.91208791208791,1151.4835164835165,0.36912087912087915,0.8894505494505495,4.3478260869565215,13.186813186813188,31.868131868131865,38.70967741935484,75.86206896551724,87.63409090909092,0.4039745581395349,0.475
PIT,Other,FA,88,0.27197428606749907,57.16704545454545,1372.1363636363637,-0.5909090909090909,1.0784090909090909,2.127659574468085,11.363636363636363,42.04545454545455,25.49019607843137,91.8918918918919,83.09777777777778,0.54165553125,0.5483870967741935
PIT,Unknown,UNK,75,0.23179626653480034,75.7,2176.0,-0.26,0.52,0.0,0.0,0.0,0.0,0.0,0.0,0.0,0.0
PIT,Knuckleball,KN,17,0.052540487081221415,54.62352941176471,103.82352941176471,0.07352941176470593,0.27999999999999997,0.0,35.294117647058826,23.52941176470588,0.0,0.0,0.0,0.0,0.0
PIT,Slow Curve,CS,6,0.018543701322784028,75.23333333333333,2349.1666666666665,0.7283333333333334,-0.7883333333333332,50.0,16.666666666666664,16.666666666666664,20.0,100.0,35.9,0.087,0.0
PIT,Unknown,UN,2,0.006181233774261343,73.8,1560.0,-0.27,0.93,0.0,0.0,0.0,0.0,0.0,0.0,0.0,0.0
SDP,4-Seam Fastball,FF,9236,30.112154407929054,95.03385664789951,2325.5104189277185,-0.34697488090082285,1.2914465136422693,17.908835601641822,25.5413598960589,52.63100909484625,29.051428571428573,69.08043612425428,84.42928907168037,0.35669204458598724,0.2435033686236766
SDP,Sinker,SI,5589,18.221830985915492,94.4396493111469,2212.9499910055765,-0.7705081409912328,0.607774199320093,12.703213610586012,26.176417963857578,54.69672571121846,27.685624012638232,63.59175662414132,84.16174890083049,0.3529693324692158,0.2698986975397974
SDP,Slider,SL,3901,12.718440271257172,86.45170469110484,2441.0448717948716,0.13332222507049477,0.1233017175083312,31.461286804798256,29.941040758779803,44.55267880030762,31.946370781322237,65.76524741081703,81.70187332738627,0.29749758351177735,0.2235294117647059
SDP,Changeup,CH,3247,10.586202399582682,86.13470896211889,1732.1506005543579,-0.3628487834924546,0.3068340006159532,30.023364485981308,23.252232830304898,35.78688019710502,38.36930455635492,78.48537005163512,80.41590909090908,0.276335631452581,0.22929936305732485
SDP,Sweeper,ST,2889,9.419014084507042,83.3067843544479,2626.179771388985,0.745067497403946,0.11716164762893735,31.911652703731914,28.66043613707165,40.35998615437868,32.09518282066164,65.18010291595198,78.79902794653705,0.252872984984985,0.2003257328990228
SDP,Cutter,FC,2366,7.713875847678664,89.75456466610312,2382.0545224006764,0.07122992392223161,0.6726331360946746,22.455845248107654,27.68385460693153,50.591715976331365,30.624465355004276,69.42355889724311,82.87300613496933,0.36219530420168067,0.25239005736137665
SDP,Curveball,CU,1820,5.933750652060511,80.82071428571429,2610.504132231405,0.24761538461538463,-0.8487087912087913,27.91005291005291,29.120879120879124,40.38461538461539,28.847926267281103,60.27210884353742,83.12991803278689,0.2533990866336634,0.2127659574468085
SDP,Split-Finger,FS,873,2.846244131455399,88.12520045819015,1421.3983833718246,-0.8928865979381443,0.24404352806414664,33.047210300429185,23.940435280641466,34.47880870561283,37.93706293706294,82.72425249169434,78.73672727272726,0.22082861276595744,0.15765765765765766
SDP,Knuckle Curve,KC,413,1.3465049556598851,82.12082324455206,2560.4474327628363,0.5314043583535109,-0.8232445520581114,35.0,27.845036319612593,38.256658595641646,32.15686274509804,74.68354430379746,82.49561403508773,0.27875860185185186,0.23148148148148148
SDP,Slurve,SV,147,0.47926447574334896,81.24421768707482,2271.5442176870747,-0.7401360544217687,-0.3645578231292517,20.689655172413794,29.25170068027211,46.25850340136054,22.78481012658228,58.82352941176471,77.66923076923077,0.2163235294117647,0.20588235294117646
SDP,Unknown,UNK,107,0.3488523735002608,0.0,0.0,0.0,0.0,0.0,0.0,0.0,0.0,0.0,0.0,0.0,0.0
SDP,Eephus,EP,50,0.16301512780386018,45.158,1182.591836734694,0.014600000000000004,0.9636,10.0,20.0,34.0,21.21212121212121,76.47058823529412,93.46875,0.6305252352941176,0.4
SDP,Other,FA,11,0.035863328116849245,68.13636363636364,1869.5,-0.829090909090909,1.6409090909090909,0.0,9.090909090909092,54.54545454545454,0.0,66.66666666666666,87.15,0.13466666666666668,0.3333333333333333
SDP,Pitch Out,PO,9,0.029342723004694836,90.46666666666667,2127.6666666666665,-0.5066666666666666,1.0366666666666666,0.0,0.0,0.0,0.0,0.0,0.0,0.0,0.0
SDP,Slow Curve,CS,8,0.02608242044861763,66.47500000000001,2352.0,1.365,0.0675,0.0,0.0,25.0,0.0,100.0,54.8,0.0,0.0
SDP,Forkball,FO,6,0.019561815336463225,83.53333333333333,1100.5,-1.0616666666666665,0.08333333333333333,0.0,0.0,0.0,0.0,0.0,0.0,0.0,0.0
SEA,4-Seam Fastball,FF,9275,29.974469185276153,94.64516442048517,2313.0549498002806,-0.2224118598382749,1.3479924528301885,20.88744588744589,26.964959568733153,51.04043126684636,30.874256771636205,67.97634136037178,84.33852534562213,0.3457805483184334,0.23274161735700197
SEA,Sinker,SI,5133,16.588566073102157,94.07638807714787,2181.2753566542897,-0.42447886226378334,0.6684356127021235,12.821631051024859,28.26806935515293,55.367231638418076,24.356176342208645,61.04855735397607,84.0148596587782,0.351681095371669,0.25236593059936907
SEA,Slider,SL,3935,12.716931131435219,86.33524777636595,2452.4017789072427,0.03683608640406607,0.12713341804320202,33.43573988735279,31.588310038119438,43.30368487928843,36.12729717615419,67.31220657276995,81.44039115646258,0.2685918121775026,0.20700985761226726
SEA,Changeup,CH,3571,11.54057460491872,86.1648277793335,1750.3719495091163,-0.4254298515821899,0.3937748529823579,31.152125279642057,25.119014281713802,36.06832819938393,36.793692509855454,73.6024844720497,80.14177215189873,0.2964309834710744,0.21181716833890746
SEA,Cutter,FC,2785,9.0004201273309,89.65910233393178,2396.409841954023,0.09351526032315978,0.6887576301615799,19.413919413919416,25.314183123877914,50.23339317773788,29.22077922077922,68.6204431736955,81.40922619047619,0.32984254306569344,0.25774877650897227
SEA,Sweeper,ST,2319,7.494425233493844,82.64566623544631,2599.890807078118,0.24858128503665375,0.07919361793876671,30.0,29.667960327727467,40.620957309184995,32.534495279593315,58.59872611464968,80.43055555555556,0.28279985211267605,0.19921875
SEA,Curveball,CU,2035,6.576608602915038,80.0792628992629,2635.824483775811,0.2611056511056511,-0.9664226044226044,32.71604938271605,31.99017199017199,39.01719901719902,33.037872683319904,50.377833753148614,81.50184804928132,0.28183847321428573,0.21287128712871287
SEA,Split-Finger,FS,1010,3.26406618621336,86.87257425742574,1376.7673267326732,-0.8210099009900991,0.20565346534653467,29.01960784313726,21.386138613861387,34.25742574257426,34.63855421686747,80.92485549132948,81.97444794952682,0.29176489454545457,0.1984126984126984
SEA,Knuckle Curve,KC,633,2.045696926606987,81.33538704581359,2537.734597156398,0.6682938388625593,-0.9252448657187993,34.55882352941176,30.48973143759874,39.02053712480253,31.34715025906736,61.1336032388664,82.55987261146497,0.26407816,0.1565217391304348
SEA,Slurve,SV,101,0.326406618621336,82.5940594059406,2592.1,-0.7265346534653465,-0.465049504950495,40.0,36.633663366336634,40.5940594059406,23.333333333333332,51.21951219512195,88.88571428571429,0.389318,0.38461538461538464
SEA,Unknown,UNK,89,0.2876256342306822,0.0,0.0,0.0,0.0,0.0,0.0,0.0,1.1235955056179776,0.0,0.0,0.0,0.5
SEA,Eephus,EP,27,0.087257214878971,40.04074074074074,1108.962962962963,-0.04666666666666667,1.0733333333333333,26.666666666666668,22.22222222222222,18.51851851851852,45.45454545454545,100.0,85.17272727272727,0.15400000000000003,0.0
SEA,Other,FA,17,0.05493972788675952,68.3529411764706,1663.1875,-0.3129411764705883,1.2694117647058822,0.0,29.411764705882355,41.17647058823529,20.0,57.14285714285714,96.0,0.3196,0.4
SEA,Slow Curve,CS,13,0.04201273308987493,71.3923076923077,2420.923076923077,1.143076923076923,-0.23461538461538461,33.33333333333333,23.076923076923077,38.46153846153847,0.0,60.0,61.449999999999996,0.0,0.0
SFG,4-Seam Fastball,FF,9584,31.319237933400867,94.61074707846412,2311.967539922764,-0.29068551752921534,1.301011060100167,20.150816925010474,27.744156928213688,52.67111853088481,29.80599647266314,67.7892234548336,83.66014598540146,0.3220291444263629,0.24954873646209386
SFG,Sinker,SI,5588,18.26084114898206,93.89847888332139,2206.3095792300805,-0.3514101646385111,0.6662473156764495,10.945273631840797,28.078024337866857,57.58768790264853,27.468354430379748,60.96954630205096,82.73283160865475,0.33097738791946313,0.2843636363636364
SFG,Slider,SL,4143,13.538773242704485,86.42440260680667,2438.4520415559314,0.0854308472121651,0.12620082066135652,32.17993079584775,30.75066377021482,44.12261646150133,35.16198704103672,66.13785557986871,81.76178137651821,0.2704714835589942,0.2221105527638191
SFG,Changeup,CH,2949,9.636939969282048,86.05971515768057,1797.4295415959252,-0.3484638860630722,0.35102746693794507,25.0501002004008,21.566632756866735,34.85927433028145,37.84487246225924,74.90272373540856,80.04574036511157,0.29595272356687896,0.21866666666666668
SFG,Cutter,FC,2447,7.996470703571779,89.85619125459746,2415.7063394683028,0.0988516550878627,0.7070371883939518,18.56,27.421332243563544,54.883530854107065,30.978260869565215,67.60982874162323,82.79526372443488,0.3408369881556684,0.24813432835820895
SFG,Sweeper,ST,2437,7.963792032940099,83.00709889208042,2626.1154004106775,0.5207386130488305,0.0786540828887977,27.431421446384043,27.451784981534672,41.93680755026672,35.75971731448763,68.19960861056752,80.1772784019975,0.2878080417956656,0.22022838499184338
SFG,Curveball,CU,1778,5.810267638312474,80.19696287964005,2618.0731158605176,0.2673284589426322,-0.8526940382452193,23.371104815864022,28.346456692913385,41.001124859392576,29.26596758817922,54.73251028806584,82.48041666666667,0.30135754773869344,0.225201072386059
SFG,Split-Finger,FS,709,2.3169177477860203,86.750634696756,1329.064880112835,-0.7395627644569817,0.21928067700987305,26.0,18.758815232722146,32.44005641748942,34.44676409185804,80.43478260869566,82.43196347031963,0.3164602166666667,0.3063583815028902
SFG,Knuckle Curve,KC,533,1.741773144668475,82.95253283302063,2503.813559322034,0.47898686679174485,-0.6280863039399625,27.200000000000003,30.393996247654787,44.27767354596623,35.69023569023569,61.016949152542374,85.30722891566265,0.26487185106382977,0.15
SFG,Unknown,UNK,94,0.3071795039377798,85.1,2024.0,0.78,-0.14,0.0,1.0638297872340425,0.0,0.0,0.0,0.0,0.0,0.0
SFG,Other,FA,86,0.2810365674324368,69.95581395348837,1711.525,0.002790697674418598,1.1404651162790698,4.545454545454546,25.581395348837212,46.51162790697674,43.47826086956522,60.0,79.5,0.39293982352941176,0.3125
SFG,Slurve,SV,83,0.2712329662429332,82.19156626506023,2468.7710843373493,-0.10975903614457833,-0.4592771084337349,27.77777777777778,30.120481927710845,39.75903614457831,34.0,57.57575757575758,75.13600000000001,0.12941041176470588,0.125
SFG,Eephus,EP,68,0.2222149602954152,47.40588235294118,1161.6470588235295,0.18823529411764706,1.4197058823529414,0.0,23.52941176470588,23.52941176470588,34.61538461538461,50.0,76.38461538461539,0.3185,0.5
SFG,Forkball,FO,53,0.17319695434789714,84.09811320754717,1074.5849056603774,-0.6371698113207548,0.08735849056603773,26.08695652173913,20.754716981132077,41.509433962264154,22.58064516129032,72.72727272727273,88.10769230769232,0.20817754545454548,0.15789473684210525
SFG,Knuckleball,KN,42,0.13725041665305057,67.33333333333333,342.04761904761904,0.004523809523809523,0.37857142857142856,38.88888888888889,30.952380952380953,38.095238095238095,23.076923076923077,75.0,79.62,0.3243256666666667,0.25
SFG,Pitch Out,PO,4,0.013071468252671482,90.375,2295.75,-0.6825,1.3525,0.0,0.0,0.0,0.0,0.0,0.0,0.0,0.0
SFG,Slow Curve,CS,3,0.009803601189503611,65.63333333333334,2437.6666666666665,1.3500000000000003,-0.36000000000000004,100.0,66.66666666666666,66.66666666666666,0.0,100.0,0.0,0.0,0.0
STL,4-Seam Fastball,FF,9190,29.75169154067791,94.78237214363439,2331.177801958651,-0.29,1.2889695321001087,19.264448336252187,27.714907508161048,53.29706202393907,29.72972972972973,67.21110657411188,83.93875484063152,0.33522725602140946,0.23476523476523475
STL,Sinker,SI,5468,17.702094596782025,94.06505120702268,2208.8851499634234,-0.3823171177761522,0.6083723482077542,13.716632443531829,28.365032918800292,55.577907827359184,24.70152326060107,60.38170450806186,84.22218124341413,0.360054631292517,0.271585557299843
STL,Slider,SL,3833,12.40894816925119,86.2019827811114,2446.636837985912,0.12404382989825202,0.13829637359770416,28.052805280528055,27.550221758413773,44.4038612053222,31.299859221022995,67.62632197414806,82.26308835672998,0.3143373983739837,0.2420591456736035
STL,Changeup,CH,3552,11.499239211369744,86.04166666666667,1781.4749436936936,-0.42723536036036036,0.3409572072072072,31.37797454344217,25.365990990990987,37.302927927927925,36.7759317467445,74.56603773584905,81.64981818181819,0.2735395988083416,0.20021186440677965
STL,Sweeper,ST,2952,9.556800155395125,82.98272357723577,2642.1968157181573,0.4835128726287263,0.04863482384823848,28.84036144578313,27.47289972899729,39.90514905149051,31.905298759864714,64.68590831918506,80.39195804195805,0.2816632376502003,0.2155425219941349
STL,Cutter,FC,2252,7.290621256758069,89.43974245115453,2408.885384273656,0.11727797513321493,0.6338765541740675,22.23222322232223,29.040852575488458,52.39786856127886,29.570895522388057,67.28813559322035,83.13971539456662,0.3411921375968992,0.2673469387755102
STL,Curveball,CU,2083,6.743500922658551,80.68790206433029,2592.8948631781086,0.17548727796447433,-0.7813202112337974,23.952095808383234,30.052808449351897,44.07105136821892,28.841201716738198,54.35729847494554,83.42768166089965,0.2952989613152805,0.21473684210526317
STL,Split-Finger,FS,842,2.725889475217715,86.48301662707838,1406.4121140142518,-0.6336935866983373,0.21005938242280286,26.555023923444978,23.871733966745843,37.76722090261283,35.68702290076336,72.64150943396226,81.93381294964028,0.2910474553571429,0.21962616822429906
STL,Knuckle Curve,KC,316,1.0230179028132993,83.38132911392405,2449.4556962025317,0.5555379746835444,-0.6006012658227848,29.6875,28.48101265822785,37.0253164556962,29.145728643216078,59.82905982905983,82.72098765432098,0.35550298630136984,0.3125
STL,Slurve,SV,188,0.6086309042053806,82.6345744680851,2311.127659574468,-0.6463297872340426,-0.29117021276595745,19.767441860465116,29.25531914893617,45.744680851063826,30.392156862745097,63.95348837209303,83.84754098360655,0.24110957777777778,0.14285714285714285
STL,Unknown,UNK,138,0.4467609828741623,0.0,0.0,0.0,0.0,22.22222222222222,4.3478260869565215,0.0,13.043478260869565,0.0,85.65714285714286,0.46832566666666664,0.25
STL,Forkball,FO,39,0.1262585386383502,84.1076923076923,1024.4358974358975,-0.7317948717948718,0.0323076923076923,47.05882352941176,20.51282051282051,20.51282051282051,32.25806451612903,87.5,82.075,0.21956814285714282,0.08333333333333333
STL,Other,FA,22,0.07122276538573602,66.45454545454545,1507.0,-0.6054545454545455,1.6009090909090908,0.0,9.090909090909092,54.54545454545454,40.0,66.66666666666666,85.21666666666667,0.45025,0.25
STL,Slow Curve,CS,14,0.04532357797274111,72.44285714285715,2438.4285714285716,1.0685714285714287,-0.45428571428571424,33.33333333333333,28.57142857142857,28.57142857142857,40.0,50.0,99.30000000000001,0.399,0.5
TBR,4-Seam Fastball,FF,10218,34.20251046025105,94.63464474456842,2322.577745098039,-0.23588373458602468,1.361298688588765,16.03128054740958,24.642787238207088,51.790957134468584,29.496548924076333,69.19879062736206,82.01434108527131,0.30863253798208024,0.24146981627296588
TBR,Sinker,SI,4897,16.391631799163182,93.96673473555238,2191.437487210968,-0.32248723708392896,0.6365713702266694,8.75718708536046,25.607514804982646,54.033081478456204,26.83251888049756,62.6228269085412,82.46216790648246,0.31767307224848074,0.298876404494382
TBR,Slider,SL,3635,12.167364016736402,86.1428885832187,2429.455421023665,0.11119669876203576,0.15705364511691883,25.237529691211403,28.198074277854197,43.93397524071527,32.72816486751717,63.68190356919223,80.77185314685315,0.3071350010548523,0.2256586483390607
TBR,Changeup,CH,2910,9.740585774058577,85.83759450171821,1725.7453608247422,-0.21831615120274914,0.3740618556701031,24.645892351274785,22.336769759450174,37.59450171821306,34.58149779735683,71.66361974405851,79.91478439425052,0.29384957268170425,0.2519788918205805
TBR,Cutter,FC,2464,8.247698744769874,89.21546266233766,2376.499188311688,0.08284090909090909,0.6407426948051947,15.544472152950956,23.25487012987013,49.79707792207792,28.0517380759903,69.7636511817441,82.77961579509072,0.32542585667752444,0.302491103202847
TBR,Sweeper,ST,1912,6.4,82.81799163179916,2592.012048192771,0.4960878661087866,0.11750523012552301,23.31288343558282,26.673640167364017,40.89958158995816,29.82300884955752,61.125319693094625,80.10222984562607,0.2697448640552995,0.22195121951219512
TBR,Curveball,CU,1889,6.323012552301255,80.4793541556379,2584.4023292747484,0.3456643726839598,-0.9074430915828481,25.549450549450547,29.327686606670195,40.07411328745368,28.886925795053003,52.97225891677675,80.96816326530613,0.27879121103117505,0.19796954314720813
TBR,Split-Finger,FS,931,3.1163179916317993,86.4392051557465,1365.8915145005371,-0.9529967776584318,0.24675617615467238,25.43103448275862,19.763694951664874,32.6530612244898,35.88516746411483,78.61842105263158,78.92018927444795,0.3109449794238683,0.2675438596491228
TBR,Knuckle Curve,KC,615,2.0585774058577404,83.69691056910568,2489.2756933115825,0.44682926829268294,-0.8689105691056911,24.166666666666668,30.24390243902439,40.97560975609756,30.303030303030305,51.587301587301596,83.85333333333334,0.2457432137931035,0.24822695035460993
TBR,Unknown,UNK,235,0.7866108786610879,97.3,2566.0,-1.02,0.81,37.735849056603776,20.425531914893615,0.0,22.5531914893617,0.0,86.40454545454546,0.2906335757575757,0.30303030303030304
TBR,Eephus,EP,76,0.25439330543933053,48.113157894736844,1223.8947368421052,-0.05386666666666667,1.6492,5.555555555555555,35.526315789473685,23.684210526315788,48.275862068965516,44.44444444444444,80.309375,0.3530434782608695,0.391304347826087
TBR,Slurve,SV,65,0.21757322175732216,81.6123076923077,2429.153846153846,-0.45169230769230767,-0.5,9.375,15.384615384615385,50.76923076923077,21.875,75.75757575757575,68.88076923076923,0.24599790909090907,0.1
TBR,Knuckleball,KN,14,0.04686192468619247,72.74285714285715,308.92857142857144,-0.34714285714285714,0.004285714285714295,0.0,14.285714285714285,28.57142857142857,20.0,50.0,74.15,0.41150000000000003,0.5
TBR,Other,FA,6,0.0200836820083682,58.76666666666667,1643.8333333333333,-0.08166666666666662,0.07333333333333332,0.0,0.0,0.0,33.33333333333333,0.0,93.1,0.3075,0.5
TBR,Slow Curve,CS,5,0.01673640167364017,70.4,2408.2,1.358,0.078,0.0,0.0,0.0,20.0,0.0,62.9,0.661,0.0
TBR,Pitch Out,PO,3,0.0100418410041841,90.36666666666667,2332.3333333333335,-0.29333333333333333,1.2233333333333334,0.0,0.0,0.0,0.0,0.0,0.0,0.0,0.0
TEX,4-Seam Fastball,FF,9780,32.165762210162804,94.47575664621677,2271.121779141104,-0.2770429447852761,1.2933783231083844,19.671781756180735,26.87116564417178,53.302658486707564,25.20253996058682,67.92633800115097,83.56486728303013,0.3129944689742507,0.21676300578034682
TEX,Sinker,SI,4909,16.145370827166587,94.24728050519454,2177.1330209818702,-0.5738989610918721,0.6467773477286617,13.205128205128206,28.72275412507639,56.875127317172534,28.767123287671232,61.99856733524355,83.40885588558855,0.33341947928068805,0.28411053540587217
TEX,Slider,SL,4375,14.389080743298798,85.91138285714285,2405.6228571428574,0.0464,0.09550628571428571,34.42095588235294,31.314285714285717,44.27428571428572,35.520918785890075,67.63035622096025,81.59829457364341,0.2836992214348982,0.2276657060518732
TEX,Changeup,CH,3285,10.804144055254069,86.24724505327245,1716.2645357686454,-0.4957777777777778,0.35764687975646886,28.162291169451077,23.896499238964992,40.730593607305934,33.7442218798151,76.15844544095665,81.7506091846298,0.2678904952380952,0.2256235827664399
TEX,Sweeper,ST,2719,8.942608123663872,82.92695844060316,2563.738874586245,0.5968959176167709,0.07671570430305259,28.649921507064363,28.24567855829349,43.47186465612358,32.59596616785947,65.39763113367174,81.00894800483675,0.27801651734539967,0.25199362041467305
TEX,Cutter,FC,2182,7.17645124157211,90.08029330889093,2382.174690508941,0.11096241979835014,0.663263061411549,21.043478260869566,26.214482126489457,51.69569202566453,31.78368121442125,72.25177304964538,82.46171497584541,0.3675530789022298,0.2518939393939394
TEX,Curveball,CU,1692,5.564874198322645,79.2928486997636,2584.105791962175,0.2713829787234043,-0.8756560283687943,28.231797919762258,30.023640661938533,41.96217494089834,26.985743380855396,57.46478873239437,82.41199095022624,0.2983105789473684,0.21676300578034682
TEX,Split-Finger,FS,634,2.0851833580003287,85.88091482649843,1301.6845425867507,-0.7180283911671924,0.24424290220820188,33.611111111111114,24.76340694006309,35.33123028391167,42.4390243902439,83.03571428571429,82.73039647577092,0.248478078125,0.24456521739130435
TEX,Knuckle Curve,KC,548,1.8023351422463412,82.03284671532846,2502.567518248175,0.6219160583941606,-0.8561861313868613,31.620553359683797,27.00729927007299,37.04379562043796,31.88405797101449,70.44334975369459,82.70967741935483,0.28449080597014925,0.24
TEX,Slurve,SV,101,0.33218220687386946,81.17623762376238,2660.6435643564355,0.47425742574257423,-0.5670297029702971,23.076923076923077,26.732673267326735,32.67326732673268,32.35294117647059,51.515151515151516,82.53214285714286,0.22141379310344828,0.10344827586206896
TEX,Unknown,UNK,72,0.23680315737543167,95.1,2243.0,-0.71,1.29,0.0,0.0,0.0,0.0,0.0,0.0,0.0,0.0
TEX,Forkball,FO,66,0.217069560927479,85.05151515151515,562.1212121212121,-0.3054545454545455,-0.33939393939393936,35.294117647058826,27.27272727272727,36.36363636363637,38.095238095238095,75.0,83.92999999999999,0.23500000000000001,0.2222222222222222
TEX,Eephus,EP,19,0.06248972208518336,46.742105263157896,1158.0,-0.30578947368421056,1.4421052631578946,0.0,5.263157894736842,52.63157894736842,33.33333333333333,90.0,81.60833333333333,0.48266411111111107,0.125
TEX,Other,FA,12,0.03946719289590528,67.83333333333333,1766.4166666666667,-1.1558333333333335,1.0491666666666666,0.0,16.666666666666664,41.66666666666667,28.57142857142857,60.0,87.4,0.26975,0.5
TEX,Slow Curve,CS,10,0.0328893274132544,71.31,2584.9,1.239,-0.421,40.0,20.0,20.0,37.5,100.0,72.26666666666667,0.09100000000000001,0.3333333333333333
TEX,Pitch Out,PO,1,0.0032889327413254395,94.3,2127.0,-0.66,1.27,0.0,0.0,0.0,0.0,0.0,0.0,0.0,0.0
TOR,4-Seam Fastball,FF,8920,29.409825255522588,94.84714125560538,2301.29505439049,-0.22430829596412555,1.31645067264574,16.82798064232292,25.011210762331835,52.488789237668165,30.297310051911282,69.67108073472875,82.35793325526933,0.32516736003683244,0.2653061224489796
TOR,Sinker,SI,5885,19.403231124299374,94.2953950722175,2192.826390069716,-0.47246049277824975,0.6486745964316057,11.711054359722729,26.50807136788445,54.91928632115548,27.93064455333585,61.88118811881188,82.98520871143376,0.3128549943253468,0.2754325259515571
TOR,Slider,SL,3742,12.33761951862842,86.33324425440941,2417.3524064171124,0.046221272047033676,0.1431400320684126,27.883597883597883,27.979690005344736,44.36130411544629,34.96637848222863,70.0,80.72349639133921,0.27120487352941175,0.22105263157894736
TOR,Changeup,CH,2979,9.821958456973293,85.84018126888218,1721.2638469284996,-0.16069822087948976,0.3366028868747902,26.45536869340233,21.785834172541122,35.71668345082242,37.0757180156658,78.57142857142857,79.33424528301887,0.28353823501199044,0.22348484848484848
TOR,Cutter,FC,2649,8.733926805143422,90.0870517176293,2385.091012084592,0.1562891657229143,0.678629671574179,20.830350751610595,24.160060400151,48.01812004530011,34.059549745824256,72.95597484276729,80.93121902874134,0.3216704358974359,0.2185430463576159
TOR,Sweeper,ST,2586,8.526211671612264,82.75781129157,2570.2846094354213,0.5248878576952822,0.0834261407579273,27.317473338802294,27.300850734725447,41.64733178654292,33.73094764744864,65.9238625812442,78.518625,0.22408838990825689,0.17898193760262726
TOR,Curveball,CU,1746,5.756676557863502,80.03138602520045,2593.483944954128,0.39085910652920963,-0.9565463917525774,25.27075812274368,27.31958762886598,40.664375715922105,38.030888030888036,61.54929577464788,80.66578014184397,0.25513756540084387,0.19101123595505617
TOR,Split-Finger,FS,939,3.095944609297725,87.56400425985092,1392.9860813704497,-0.877912673056443,0.2501703940362087,24.95088408644401,20.23429179978701,36.2087326943557,39.065108514190314,80.88235294117648,81.25840707964602,0.27580635,0.27530364372469635
TOR,Knuckle Curve,KC,571,1.882624464226838,83.56830122591944,2459.830122591944,0.5076182136602452,-0.6736777583187391,34.01360544217687,33.62521891418564,44.483362521891415,41.6403785488959,63.77952755905512,82.02699386503068,0.2687421842105263,0.2328767123287671
TOR,Unknown,UNK,108,0.35608308605341243,94.6,0.0,-0.52,1.54,0.0,0.0,0.0,0.0,0.0,0.0,0.697977,0.0
TOR,Slurve,SV,101,0.33300362677217277,83.26336633663367,2663.6138613861385,-0.034059405940594055,-0.4271287128712871,18.6046511627907,25.742574257425744,37.62376237623762,31.746031746031743,60.526315789473685,84.5741935483871,0.28947816,0.2608695652173913
TOR,Eephus,EP,37,0.12199142762940982,51.54054054054054,1356.8648648648648,-0.2718918918918919,1.3427027027027028,0.0,5.405405405405405,16.216216216216218,32.25806451612903,83.33333333333334,87.43333333333334,0.5310519411764707,0.6923076923076923
TOR,Other,FA,31,0.10220903395977579,72.24516129032257,1872.967741935484,-0.9287096774193548,1.0196774193548388,0.0,32.25806451612903,61.29032258064516,33.33333333333333,36.84210526315789,79.22727272727273,0.441,0.4
TOR,Knuckleball,KN,20,0.06594131223211341,81.23,332.55,-0.2395,-0.253,22.22222222222222,35.0,60.0,25.0,58.333333333333336,84.17142857142858,0.205,0.16666666666666666
TOR,Slow Curve,CS,8,0.02637652489284537,73.975,2359.25,0.54,-0.685,50.0,50.0,50.0,100.0,100.0,59.65,0.0,0.0
TOR,Forkball,FO,4,0.013188262446422684,78.95,755.0,-0.465,-0.36,0.0,0.0,0.0,0.0,0.0,0.0,0.0,0.0
TOR,Pitch Out,PO,2,0.006594131223211342,96.5,2391.0,-0.42,1.46,0.0,0.0,0.0,0.0,0.0,0.0,0.0,0.0
TOR,Unknown,UN,2,0.006594131223211342,55.9,1395.0,-0.15,1.85,0.0,0.0,0.0,0.0,0.0,0.0,0.0,0.0
WSN,4-Seam Fastball,FF,9233,29.236858771374287,94.74338784793675,2319.193520424748,-0.2943593631539045,1.2911534712444492,17.680278019113814,24.661540127802446,51.4242391422073,28.58416945373467,69.96630160067396,83.00631180919139,0.3661523781512605,0.2633723892002038
WSN,Sinker,SI,5112,16.187460417986067,93.94129499217527,2187.2166340508807,-0.25517410015649455,0.6163204225352112,9.772423025435073,27.50391236306729,55.027386541471046,23.531970421922573,60.433700675435475,84.39128316188415,0.34952467806267806,0.24979854955680902
WSN,Slider,SL,4221,13.366054464851171,86.18820184790334,2402.1369343757406,0.12547026770907369,0.106394219379294,32.67659778952427,30.300876569533287,43.662639185027246,33.725820016820855,69.39772110689094,81.8128164556962,0.30667429609445956,0.24055666003976142
WSN,Changeup,CH,3724,11.792273590880303,86.07510741138562,1745.4264232008593,-0.40830827067669173,0.35697099892588613,29.37563971340839,24.30182599355532,37.056928034371644,38.310580204778155,76.52173913043478,80.98723916532906,0.2879693436893204,0.22474226804123712
WSN,Sweeper,ST,2707,8.57188093730209,83.0058736608792,2602.694865164389,0.47159586257850017,0.058019948282231254,30.87248322147651,31.510897672700406,44.25563354266716,30.483764082173625,61.101836393989984,83.21497975708502,0.3064826443452381,0.21197411003236247
WSN,Cutter,FC,2421,7.66624445851805,89.63440726972325,2373.552251135894,0.09521685254027262,0.6284758364312267,20.27687296416938,25.73316811235027,49.814126394052046,29.218106995884774,72.38805970149254,82.89250559284116,0.3490566731078905,0.28909090909090907
WSN,Curveball,CU,2182,6.909436352121596,80.66989000916591,2563.976168652612,0.34780018331805684,-0.804711274060495,31.145717463848722,31.25572868927589,40.60494958753437,31.095679012345677,55.98194130925508,83.21675874769797,0.27844473743016757,0.22817460317460317
WSN,Split-Finger,FS,1081,3.423052564914503,86.67086031452358,1388.5735430157263,-0.7195744680851064,0.3153283996299723,32.78388278388278,26.364477335800185,37.28029602220167,37.315634218289084,72.7047146401985,82.39177215189873,0.252927910543131,0.2255892255892256
WSN,Knuckle Curve,KC,451,1.4281190626979101,82.41951219512194,2555.8359201773837,0.4959423503325942,-0.8117516629711752,35.714285714285715,30.598669623059866,35.47671840354767,35.39518900343643,58.12500000000001,83.16228070175438,0.26615871199999996,0.19327731092436976
WSN,Slurve,SV,186,0.5889803673210893,81.49731182795699,2415.532258064516,-0.3863440860215054,-0.3861827956989247,26.08695652173913,32.25806451612903,44.623655913978496,25.24271844660194,51.80722891566265,84.07600000000001,0.32645785416666667,0.2553191489361702
WSN,Unknown,UNK,94,0.2976567447751742,0.0,0.0,0.0,0.0,0.0,0.0,0.0,1.0638297872340425,0.0,0.0,0.728952,0.0
WSN,Other,FA,85,0.26915769474350854,67.44470588235295,1586.2823529411764,0.22647058823529412,1.1778823529411766,0.0,11.76470588235294,25.882352941176475,30.158730158730158,63.63636363636363,81.97878787878788,0.4658854814814815,0.4782608695652174
WSN,Forkball,FO,58,0.18366054464851173,84.85000000000001,749.6896551724138,-0.3808620689655172,-0.14086206896551723,48.148148148148145,25.862068965517242,31.03448275862069,22.5,100.0,78.81666666666666,0.2565882352941177,0.11764705882352941
WSN,Eephus,EP,21,0.06649778340721976,47.11904761904762,1060.2380952380952,-0.410952380952381,1.2904761904761906,0.0,19.047619047619047,19.047619047619047,70.58823529411765,100.0,94.24375,0.6480714285714286,0.5
WSN,Pitch Out,PO,2,0.006333122229259025,87.5,2151.0,0.75,1.38,0.0,0.0,0.0,0.0,0.0,0.0,0.0,0.0
WSN,Slow Curve,CS,2,0.006333122229259025,70.9,2579.0,1.09,-1.01,0.0,0.0,0.0,0.0,0.0,0.0,0.0,0.0
