player_id,full_name,team_abbr,hand,pitch_name,pitch_type,pitches,pitch_pct,avg_release_speed,avg_spin_rate,avg_pfx_x,avg_pfx_z,whiff_rate,csw_rate,zone_rate,chase_rate,in_zone_swing_rate,avg_launch_speed,xwoba,batting_avg
682998,Corbin Carroll,ARI,L,4-Seam Fastball,FF,86,30.28169014084507,94.16279069767442,2250.1976744186045,-0.0977906976744186,1.1717441860465116,28.125,34.883720930232556,48.837209302325576,18.181818181818183,57.14285714285714,80.44090909090909,0.3317310434782609,0.125
682998,Corbin Carroll,ARI,L,Sinker,SI,55,19.366197183098592,93.19090909090909,2210.7090909090907,0.2625454545454545,0.4607272727272727,5.555555555555555,23.636363636363637,56.36363636363636,4.166666666666666,54.83870967741935,96.38823529411764,0.628247125,0.5
682998,Corbin Carroll,ARI,L,Slider,SL,46,16.19718309859155,84.82173913043479,2398.8260869565215,-0.20652173913043478,0.049565217391304345,42.857142857142854,34.78260869565217,43.47826086956522,38.46153846153847,55.00000000000001,81.01666666666667,0.26217972727272726,0.0
682998,Corbin Carroll,ARI,L,Changeup,CH,30,10.56338028169014,85.95333333333333,1559.1,-0.7126666666666667,0.19366666666666665,0.0,16.666666666666664,40.0,44.44444444444444,58.333333333333336,88.48,0.41258333333333336,0.16666666666666666
682998,Corbin Carroll,ARI,L,Curveball,CU,27,9.507042253521126,80.9925925925926,2645.0,-0.014074074074074062,-0.5496296296296296,55.55555555555556,33.33333333333333,29.629629629629626,31.57894736842105,37.5,83.89999999999999,0.14266666666666666,0.3333333333333333
682998,Corbin Carroll,ARI,L,Sweeper,ST,19,6.690140845070422,82.45263157894738,2826.4736842105262,0.22947368421052627,0.19736842105263158,0.0,21.052631578947366,42.10526315789473,45.45454545454545,50.0,85.65,0.1795,0.0
682998,Corbin Carroll,ARI,L,Cutter,FC,14,4.929577464788732,90.14999999999999,2398.3571428571427,0.038571428571428576,0.6178571428571429,0.0,28.57142857142857,64.28571428571429,0.0,33.33333333333333,105.0,0.5646589999999999,1.0
682998,Corbin Carroll,ARI,L,Split-Finger,FS,7,2.464788732394366,87.34285714285714,1520.857142857143,-0.8300000000000001,0.19142857142857145,0.0,0.0,14.285714285714285,16.666666666666664,100.0,94.9,0.087,0.0
672515,Gabriel Moreno,ARI,R,Sinker,SI,83,27.302631578947366,94.65060240963855,2199.012048192771,-0.6351807228915662,0.4744578313253012,7.6923076923076925,34.93975903614458,55.42168674698795,16.216216216216218,43.47826086956522,89.1047619047619,0.4238886842105263,0.21428571428571427
672515,Gabriel Moreno,ARI,R,4-Seam Fastball,FF,73,24.013157894736842,93.88767123287671,2284.671232876712,0.07,1.2286301369863013,9.090909090909092,32.87671232876712,53.42465753424658,11.76470588235294,46.15384615384615,84.83333333333333,0.4096636,0.07692307692307693
672515,Gabriel Moreno,ARI,R,Changeup,CH,42,13.815789473684212,86.84285714285714,1834.047619047619,0.6597619047619048,0.2683333333333333,5.263157894736842,19.047619047619047,42.857142857142854,33.33333333333333,61.111111111111114,92.74117647058823,0.4868555,0.46153846153846156
672515,Gabriel Moreno,ARI,R,Slider,SL,32,10.526315789473683,85.603125,2493.875,0.16999999999999998,-0.045625000000000006,14.285714285714285,9.375,25.0,29.166666666666668,87.5,78.75,0.079,0.3333333333333333
672515,Gabriel Moreno,ARI,R,Cutter,FC,27,8.881578947368421,87.91111111111111,2461.6666666666665,0.05148148148148149,0.2651851851851852,12.5,29.629629629629626,29.629629629629626,21.052631578947366,50.0,70.81666666666666,0.068,0.0
672515,Gabriel Moreno,ARI,R,Curveball,CU,25,8.223684210526317,78.336,2715.6,0.30879999999999996,-0.7392,16.666666666666664,20.0,24.0,47.368421052631575,50.0,88.17999999999999,0.05025,0.0
672515,Gabriel Moreno,ARI,R,Split-Finger,FS,11,3.618421052631579,84.9090909090909,1622.2727272727273,-1.008181818181818,0.59,50.0,27.27272727272727,27.27272727272727,25.0,66.66666666666666,81.4,0.003,0.0
672515,Gabriel Moreno,ARI,R,Sweeper,ST,11,3.618421052631579,82.55454545454546,2710.5454545454545,0.8609090909090908,0.15818181818181817,0.0,0.0,36.36363636363637,14.285714285714285,100.0,86.9,0.565,0.6666666666666666
672695,Geraldo Perdomo,ARI,S,4-Seam Fastball,FF,99,29.55223880597015,93.96262626262626,2230.3838383838383,-0.1513131313131313,1.2207070707070706,6.25,29.292929292929294,54.54545454545454,8.88888888888889,51.85185185185185,82.67857142857143,0.26583141666666665,0.09090909090909091
672695,Geraldo Perdomo,ARI,S,Sinker,SI,72,21.492537313432834,94.15,2207.9861111111113,-0.4666666666666667,0.41986111111111113,9.375,30.555555555555557,56.94444444444444,25.806451612903224,58.536585365853654,84.26153846153846,0.4331542631578948,0.4375
672695,Geraldo Perdomo,ARI,S,Curveball,CU,43,12.835820895522387,81.61395348837209,2700.767441860465,0.08534883720930234,-0.5983720930232558,13.333333333333334,25.581395348837212,32.55813953488372,27.586206896551722,50.0,87.17999999999999,0.36090700000000003,0.5
672695,Geraldo Perdomo,ARI,S,Changeup,CH,38,11.343283582089553,86.42894736842106,1738.7368421052631,0.007631578947368428,0.2292105263157895,0.0,13.157894736842104,50.0,31.57894736842105,68.42105263157895,83.32105263157894,0.2854985625,0.1875
672695,Geraldo Perdomo,ARI,S,Cutter,FC,34,10.149253731343283,88.71764705882353,2429.6470588235293,0.019411764705882354,0.41529411764705887,30.76923076923077,29.411764705882355,50.0,11.76470588235294,64.70588235294117,75.5625,0.478159,0.5
672695,Geraldo Perdomo,ARI,S,Slider,SL,29,8.656716417910449,86.0758620689655,2375.0,0.1903448275862069,0.15758620689655173,8.333333333333332,20.689655172413794,44.827586206896555,25.0,61.53846153846154,74.62222222222222,0.7005,0.75
672695,Geraldo Perdomo,ARI,S,Sweeper,ST,16,4.776119402985075,81.925,2659.6875,1.143125,0.019999999999999997,0.0,43.75,75.0,50.0,25.0,81.64,0.16,0.0
672695,Geraldo Perdomo,ARI,S,Split-Finger,FS,4,1.1940298507462688,83.5,1622.5,-1.195,0.495,0.0,0.0,50.0,0.0,100.0,73.6,0.042,0.0
545121,Ildemaro Vargas,ARI,S,4-Seam Fastball,FF,87,35.65573770491803,93.84252873563219,2261.977011494253,-0.061609195402298866,1.2324137931034482,2.0,24.137931034482758,59.77011494252874,48.57142857142857,63.46153846153846,76.4090909090909,0.22758462068965518,0.2222222222222222
545121,Ildemaro Vargas,ARI,S,Changeup,CH,48,19.672131147540984,85.41666666666667,1795.8541666666667,-0.1475,0.19395833333333334,22.22222222222222,20.833333333333336,35.41666666666667,45.16129032258064,76.47058823529412,78.89444444444445,0.12791666666666665,0.0
545121,Ildemaro Vargas,ARI,S,Sinker,SI,38,15.573770491803279,94.19473684210527,2151.1052631578946,-0.7039473684210527,0.45631578947368423,4.545454545454546,21.052631578947366,55.26315789473685,29.411764705882355,80.95238095238095,85.21666666666665,0.3243846153846154,0.23076923076923078
545121,Ildemaro Vargas,ARI,S,Slider,SL,19,7.786885245901639,83.79473684210527,2523.1052631578946,-0.16210526315789475,0.09052631578947368,16.666666666666664,21.052631578947366,31.57894736842105,23.076923076923077,50.0,80.24,0.0674,0.0
545121,Ildemaro Vargas,ARI,S,Cutter,FC,16,6.557377049180328,88.3625,2373.875,0.123125,0.37875000000000003,8.333333333333332,12.5,62.5,50.0,90.0,73.74,0.0955,0.0
545121,Ildemaro Vargas,ARI,S,Sweeper,ST,16,6.557377049180328,82.64375,2762.3125,0.94875,0.136875,12.5,18.75,37.5,50.0,50.0,78.31428571428572,0.37966666666666665,0.0
545121,Ildemaro Vargas,ARI,S,Curveball,CU,15,6.147540983606557,81.14666666666668,2606.5333333333333,-0.20533333333333334,-0.4986666666666667,12.5,13.333333333333334,33.33333333333333,40.0,80.0,78.54285714285713,0.0795,0.0
545121,Ildemaro Vargas,ARI,S,Split-Finger,FS,4,1.639344262295082,87.25,1429.0,-0.8825000000000001,0.40249999999999997,0.0,0.0,0.0,50.0,0.0,84.0,0.0,0.0
545121,Ildemaro Vargas,ARI,S,Unknown,UNK,1,0.4098360655737705,0.0,0.0,0.0,0.0,0.0,0.0,0.0,0.0,0.0,0.0,0.0,0.0
543510,James McCann,ARI,R,4-Seam Fastball,FF,33,45.83333333333333,94.53636363636363,2276.878787878788,0.022121212121212104,1.2724242424242425,26.666666666666668,24.242424242424242,51.515151515151516,18.75,70.58823529411765,85.41,0.4984393333333333,0.2857142857142857
543510,James McCann,ARI,R,Changeup,CH,11,15.277777777777779,83.02727272727272,1804.5454545454545,1.0936363636363635,0.4127272727272727,50.0,36.36363636363637,0.0,54.54545454545454,0.0,78.06666666666666,0.338,0.5
543510,James McCann,ARI,R,Curveball,CU,7,9.722222222222223,83.01428571428572,2698.714285714286,-0.05142857142857143,-0.4742857142857143,33.33333333333333,42.857142857142854,42.857142857142854,50.0,33.33333333333333,67.85,0.031,0.0
543510,James McCann,ARI,R,Sinker,SI,7,9.722222222222223,95.12857142857142,2089.714285714286,-0.8957142857142857,0.5457142857142857,33.33333333333333,42.857142857142854,57.14285714285714,33.33333333333333,50.0,100.1,0.442,0.0
543510,James McCann,ARI,R,Slider,SL,6,8.333333333333332,85.3,2295.8333333333335,-0.018333333333333313,-0.06666666666666667,50.0,50.0,50.0,100.0,100.0,94.03333333333335,0.1902,0.2
543510,James McCann,ARI,R,Sweeper,ST,5,6.944444444444445,83.4,2631.4,1.052,0.20600000000000002,0.0,0.0,40.0,33.33333333333333,100.0,62.300000000000004,0.642,1.0
543510,James McCann,ARI,R,Cutter,FC,3,4.166666666666666,87.86666666666667,2493.0,-0.31333333333333335,0.5966666666666667,0.0,0.0,66.66666666666666,0.0,100.0,62.3,0.0965,0.0
691783,Jordan Lawlar,ARI,R,4-Seam Fastball,FF,47,32.41379310344827,93.88510638297873,2280.191489361702,0.2661702127659574,1.2217021276595745,5.88235294117647,29.78723404255319,51.06382978723404,21.73913043478261,50.0,84.73333333333333,0.28906953846153843,0.09090909090909091
691783,Jordan Lawlar,ARI,R,Sinker,SI,26,17.93103448275862,95.51538461538462,2185.3076923076924,-0.5907692307692307,0.6042307692307692,0.0,30.76923076923077,76.92307692307693,16.666666666666664,65.0,89.89230769230768,0.35700000000000004,0.2
691783,Jordan Lawlar,ARI,R,Changeup,CH,22,15.172413793103448,85.00454545454545,1823.7727272727273,1.1590909090909092,0.29409090909090907,28.57142857142857,22.727272727272727,40.909090909090914,38.46153846153847,100.0,74.72999999999999,0.911,0.75
691783,Jordan Lawlar,ARI,R,Cutter,FC,18,12.413793103448276,87.21111111111111,2396.1666666666665,0.030555555555555558,0.26555555555555554,54.54545454545454,44.44444444444444,44.44444444444444,40.0,87.5,71.2,0.1481111111111111,0.2222222222222222
691783,Jordan Lawlar,ARI,R,Curveball,CU,13,8.96551724137931,80.06153846153846,2647.3076923076924,-0.24307692307692308,-0.7138461538461538,20.0,7.6923076923076925,53.84615384615385,0.0,71.42857142857143,90.0,0.876,1.0
691783,Jordan Lawlar,ARI,R,Sweeper,ST,11,7.586206896551724,82.81818181818181,2749.5454545454545,0.6799999999999999,0.037272727272727284,0.0,36.36363636363637,63.63636363636363,0.0,28.57142857142857,67.1,0.077,0.0
691783,Jordan Lawlar,ARI,R,Slider,SL,8,5.517241379310345,84.3,2412.25,0.24125,-0.15874999999999997,20.0,12.5,25.0,50.0,100.0,80.15,0.0,0.0
678489,Jorge Barrosa,ARI,S,4-Seam Fastball,FF,2,33.33333333333333,94.75,2407.0,0.445,1.41,0.0,100.0,100.0,0.0,0.0,0.0,0.0,0.0
678489,Jorge Barrosa,ARI,S,Changeup,CH,2,33.33333333333333,83.7,1631.5,1.42,0.6799999999999999,100.0,50.0,0.0,50.0,0.0,0.0,0.0,0.0
678489,Jorge Barrosa,ARI,S,Cutter,FC,1,16.666666666666664,87.4,2130.0,0.09,0.16,0.0,0.0,0.0,100.0,0.0,41.0,0.254,1.0
678489,Jorge Barrosa,ARI,S,Sinker,SI,1,16.666666666666664,92.6,2241.0,1.54,0.28,0.0,0.0,100.0,0.0,100.0,76.9,0.159,0.0
699912,Jose Fernandez,ARI,R,4-Seam Fastball,FF,44,28.02547770700637,94.26136363636364,2279.8636363636365,0.1256818181818182,1.1672727272727272,5.555555555555555,22.727272727272727,36.36363636363637,39.285714285714285,43.75,81.28823529411765,0.5564899375,0.5555555555555556
699912,Jose Fernandez,ARI,R,Sinker,SI,26,16.560509554140125,95.95769230769231,2241.269230769231,-0.7846153846153846,0.6073076923076923,0.0,42.30769230769231,80.76923076923077,20.0,47.61904761904761,79.69,0.20414285714285713,0.2857142857142857
699912,Jose Fernandez,ARI,R,Changeup,CH,23,14.64968152866242,84.80869565217391,1789.6521739130435,0.9104347826086957,0.2434782608695652,33.33333333333333,26.08695652173913,13.043478260869565,40.0,33.33333333333333,70.39999999999999,0.0425,0.0
699912,Jose Fernandez,ARI,R,Slider,SL,22,14.012738853503185,85.18181818181819,2563.818181818182,0.515,0.052727272727272734,12.5,27.27272727272727,45.45454545454545,25.0,50.0,79.41428571428571,0.0895,0.0
699912,Jose Fernandez,ARI,R,Curveball,CU,18,11.464968152866243,81.05555555555556,2628.1666666666665,0.16777777777777778,-0.46888888888888886,50.0,33.33333333333333,33.33333333333333,25.0,50.0,75.39999999999999,0.6527499999999999,0.75
699912,Jose Fernandez,ARI,R,Sweeper,ST,12,7.643312101910828,82.89999999999999,2756.9166666666665,1.0233333333333332,-0.07500000000000001,42.857142857142854,58.333333333333336,66.66666666666666,75.0,50.0,96.35,0.4445,0.0
699912,Jose Fernandez,ARI,R,Cutter,FC,8,5.095541401273886,90.7,2414.875,0.04375,0.6375,0.0,50.0,62.5,33.33333333333333,20.0,89.75,0.4785,0.5
699912,Jose Fernandez,ARI,R,Slurve,SV,4,2.547770700636943,85.6,2410.0,0.755,-0.365,0.0,50.0,50.0,0.0,0.0,0.0,0.0,0.0
663457,Lars Nootbaar,ARI,L,4-Seam Fastball,FF,51,32.69230769230769,95.68235294117648,2248.5098039215686,-0.7596078431372549,1.2335294117647058,12.5,25.49019607843137,54.90196078431373,17.391304347826086,71.42857142857143,92.58421052631579,0.5925581875,0.15384615384615385
663457,Lars Nootbaar,ARI,L,Sinker,SI,49,31.41025641025641,93.83061224489795,2137.469387755102,-1.1642857142857141,0.2957142857142857,0.0,28.57142857142857,57.14285714285714,14.285714285714285,50.0,87.02352941176471,0.4522666666666667,0.3333333333333333
663457,Lars Nootbaar,ARI,L,Changeup,CH,12,7.6923076923076925,86.84166666666665,1657.1666666666667,-1.1416666666666666,-0.13249999999999998,25.0,16.666666666666664,25.0,55.55555555555556,100.0,89.03333333333335,0.3473333333333333,0.3333333333333333
663457,Lars Nootbaar,ARI,L,Slider,SL,12,7.6923076923076925,85.68333333333334,2289.5,0.2775,0.049999999999999996,33.33333333333333,25.0,41.66666666666667,28.57142857142857,80.0,73.675,0.0235,0.5
663457,Lars Nootbaar,ARI,L,Cutter,FC,11,7.051282051282051,90.43636363636364,2364.4545454545455,0.12636363636363634,0.5981818181818181,0.0,27.27272727272727,72.72727272727273,33.33333333333333,62.5,90.525,0.3383333333333333,0.3333333333333333
663457,Lars Nootbaar,ARI,L,Split-Finger,FS,8,5.128205128205128,83.35,1606.0,-1.2475,0.3775,0.0,25.0,50.0,50.0,50.0,60.75,0.063,0.0
663457,Lars Nootbaar,ARI,L,Sweeper,ST,7,4.487179487179487,81.92857142857143,2741.0,0.972857142857143,0.4057142857142857,0.0,28.57142857142857,57.14285714285714,0.0,50.0,110.3,0.762,1.0
663457,Lars Nootbaar,ARI,L,Curveball,CU,6,3.8461538461538463,80.36666666666666,2894.6666666666665,0.9016666666666667,-0.6683333333333333,0.0,16.666666666666664,16.666666666666664,0.0,0.0,0.0,0.0,0.0
596146,Max Kepler,ARI,L,4-Seam Fastball,FF,20,26.31578947368421,92.975,2163.4,-0.626,1.319,0.0,20.0,70.0,0.0,64.28571428571429,95.66250000000001,0.4553999999999999,0.4
596146,Max Kepler,ARI,L,Sinker,SI,20,26.31578947368421,93.06,2160.0,-1.2425000000000002,0.152,6.666666666666667,15.0,50.0,70.0,80.0,93.33,0.416125,0.25
596146,Max Kepler,ARI,L,Split-Finger,FS,12,15.789473684210526,83.58333333333333,1611.5,-1.145,0.34,50.0,33.33333333333333,33.33333333333333,25.0,50.0,86.2,0.003,0.0
596146,Max Kepler,ARI,L,Changeup,CH,11,14.473684210526317,85.73636363636363,1466.8181818181818,-0.9836363636363636,0.0036363636363636294,40.0,36.36363636363637,18.181818181818183,55.55555555555556,0.0,62.86666666666667,0.10300000000000001,0.0
596146,Max Kepler,ARI,L,Cutter,FC,4,5.263157894736842,94.325,2390.5,0.0024999999999999996,0.9624999999999999,0.0,0.0,50.0,0.0,100.0,95.9,0.006,0.0
596146,Max Kepler,ARI,L,Sweeper,ST,4,5.263157894736842,78.75,2758.5,1.22,-0.375,100.0,50.0,0.0,50.0,0.0,0.0,0.0,0.0
596146,Max Kepler,ARI,L,Slider,SL,3,3.9473684210526314,86.7,2210.3333333333335,0.09333333333333334,-0.16333333333333336,100.0,66.66666666666666,33.33333333333333,50.0,100.0,0.0,0.0,0.0
596146,Max Kepler,ARI,L,Curveball,CU,2,2.631578947368421,82.6,2573.0,0.32,-0.82,0.0,100.0,100.0,0.0,0.0,0.0,0.0,0.0
571448,Nolan Arenado,ARI,R,4-Seam Fastball,FF,53,22.943722943722943,94.23962264150943,2297.566037735849,-0.2641509433962264,1.288867924528302,5.0,32.075471698113205,52.83018867924528,28.000000000000004,46.42857142857143,81.82941176470588,0.18782949999999998,0.2
571448,Nolan Arenado,ARI,R,Sinker,SI,41,17.74891774891775,94.30243902439025,2237.4146341463415,-0.45268292682926825,0.41414634146341467,29.166666666666668,43.90243902439025,65.85365853658537,64.28571428571429,55.55555555555556,89.43636363636364,0.0352,0.1
571448,Nolan Arenado,ARI,R,Sweeper,ST,40,17.316017316017316,82.17,2830.3,0.42424999999999996,0.10800000000000001,31.25,32.5,47.5,28.57142857142857,52.63157894736842,75.69090909090909,0.24010000000000004,0.3
571448,Nolan Arenado,ARI,R,Slider,SL,37,16.017316017316016,85.14864864864865,2628.2432432432433,0.2481081081081081,-0.01702702702702703,14.285714285714285,21.62162162162162,37.83783783783784,17.391304347826086,71.42857142857143,80.49,0.35000000000000003,0.25
571448,Nolan Arenado,ARI,R,Cutter,FC,19,8.225108225108226,87.42631578947368,2680.7368421052633,0.0868421052631579,0.11947368421052632,20.0,15.789473684210526,47.368421052631575,50.0,55.55555555555556,90.1125,0.13,0.0
571448,Nolan Arenado,ARI,R,Changeup,CH,18,7.792207792207792,84.74444444444445,1870.5,-0.12722222222222224,0.3605555555555556,16.666666666666664,16.666666666666664,66.66666666666666,16.666666666666664,91.66666666666666,88.02000000000001,0.261,0.14285714285714285
571448,Nolan Arenado,ARI,R,Curveball,CU,17,7.35930735930736,82.35882352941177,2628.705882352941,-0.1111764705882353,-0.39999999999999997,44.44444444444444,47.05882352941176,47.05882352941176,55.55555555555556,50.0,82.325,0.022000000000000002,0.16666666666666666
571448,Nolan Arenado,ARI,R,Split-Finger,FS,6,2.5974025974025974,84.53333333333335,1666.0,-1.22,0.49666666666666665,0.0,33.33333333333333,0.0,66.66666666666666,0.0,94.1,0.094,0.0
814439,Ryan Waldschmidt,ARI,R,4-Seam Fastball,FF,43,24.431818181818183,93.5860465116279,2342.3488372093025,-0.024883720930232545,1.2672093023255815,12.5,25.581395348837212,53.48837209302325,15.0,56.52173913043478,78.42999999999999,0.4146083076923077,0.3333333333333333
814439,Ryan Waldschmidt,ARI,R,Sinker,SI,41,23.295454545454543,96.23902439024391,2201.9756097560976,-1.0641463414634147,0.6153658536585366,11.11111111111111,36.58536585365854,56.09756097560976,44.44444444444444,43.47826086956522,79.18571428571428,0.24453476923076925,0.09090909090909091
814439,Ryan Waldschmidt,ARI,R,Changeup,CH,29,16.477272727272727,85.04827586206896,1779.4137931034484,0.5293103448275862,0.2596551724137931,18.181818181818183,20.689655172413794,34.48275862068966,21.052631578947366,70.0,76.47777777777777,0.3300977,0.2222222222222222
814439,Ryan Waldschmidt,ARI,R,Slider,SL,23,13.068181818181818,84.0608695652174,2632.1304347826085,0.12391304347826088,0.045217391304347834,0.0,21.73913043478261,56.52173913043478,0.0,61.53846153846154,89.1375,0.6983333333333333,0.5
814439,Ryan Waldschmidt,ARI,R,Curveball,CU,19,10.795454545454545,82.36315789473684,2890.8947368421054,0.39,-0.45473684210526316,66.66666666666666,47.368421052631575,42.10526315789473,27.27272727272727,37.5,77.7,0.06066666666666667,0.3333333333333333
814439,Ryan Waldschmidt,ARI,R,Split-Finger,FS,8,4.545454545454546,84.5,1532.25,-1.165,0.5549999999999999,66.66666666666666,75.0,50.0,100.0,50.0,64.5,0.0,0.0
814439,Ryan Waldschmidt,ARI,R,Cutter,FC,7,3.977272727272727,89.42857142857143,2395.1428571428573,0.05,0.6371428571428571,25.0,28.57142857142857,57.14285714285714,33.33333333333333,75.0,103.0,0.0,0.0
814439,Ryan Waldschmidt,ARI,R,Sweeper,ST,6,3.4090909090909087,83.45,2853.0,0.8133333333333334,0.17500000000000002,100.0,33.33333333333333,33.33333333333333,0.0,50.0,0.0,0.0,0.0
694374,Tim Tawa,ARI,R,4-Seam Fastball,FF,74,25.964912280701753,94.32837837837837,2296.310810810811,0.0204054054054054,1.2044594594594593,16.216216216216218,22.972972972972975,41.891891891891895,39.53488372093023,64.51612903225806,83.55,0.32386925,0.08333333333333333
694374,Tim Tawa,ARI,R,Sinker,SI,52,18.24561403508772,94.54038461538462,2190.269230769231,-0.4719230769230769,0.46480769230769237,0.0,23.076923076923077,67.3076923076923,17.647058823529413,62.857142857142854,93.72500000000001,0.5569545217391304,0.42857142857142855
694374,Tim Tawa,ARI,R,Sweeper,ST,37,12.982456140350877,82.55945945945946,2741.4864864864867,1.1118918918918919,0.14243243243243245,35.294117647058826,35.13513513513514,56.75675675675676,18.75,66.66666666666666,71.86363636363636,0.0502,0.0
694374,Tim Tawa,ARI,R,Slider,SL,34,11.929824561403509,85.21470588235294,2462.4117647058824,0.42676470588235293,-0.04647058823529412,27.77777777777778,26.47058823529412,58.82352941176471,28.57142857142857,70.0,80.43076923076923,0.4725714285714286,0.42857142857142855
694374,Tim Tawa,ARI,R,Curveball,CU,30,10.526315789473683,81.97,2695.3,0.04633333333333333,-0.48000000000000004,9.090909090909092,23.333333333333332,43.333333333333336,17.647058823529413,61.53846153846154,76.37,0.3147908,0.0
694374,Tim Tawa,ARI,R,Changeup,CH,28,9.824561403508772,85.19642857142857,1842.1785714285713,0.07785714285714287,0.2657142857142857,50.0,28.57142857142857,35.714285714285715,33.33333333333333,100.0,95.7,0.6675714285714286,0.8571428571428571
694374,Tim Tawa,ARI,R,Cutter,FC,28,9.824561403508772,85.97857142857143,2481.5,0.052142857142857144,0.052142857142857144,41.66666666666667,39.285714285714285,50.0,35.714285714285715,50.0,84.27142857142857,0.26533333333333337,0.0
694374,Tim Tawa,ARI,R,Slurve,SV,2,0.7017543859649122,84.8,2451.0,0.8,-0.15,0.0,100.0,0.0,0.0,0.0,0.0,0.0,0.0
675961,Alika Williams,ATH,R,4-Seam Fastball,FF,20,32.25806451612903,95.88,2340.1,-0.402,1.419,0.0,0.0,65.0,57.14285714285714,100.0,77.02666666666667,0.161375,0.0
675961,Alika Williams,ATH,R,Slider,SL,18,29.03225806451613,84.0,2477.9444444444443,-0.22999999999999998,0.23166666666666666,44.44444444444444,50.0,55.55555555555556,37.5,60.0,50.3,0.05525,0.0
675961,Alika Williams,ATH,R,Cutter,FC,11,17.741935483870968,89.70909090909092,2235.2727272727275,0.27636363636363637,0.41545454545454547,33.33333333333333,45.45454545454545,63.63636363636363,50.0,57.14285714285714,99.275,0.45025000000000004,0.75
675961,Alika Williams,ATH,R,Sinker,SI,8,12.903225806451612,93.7875,2242.625,0.04999999999999996,0.7212500000000001,0.0,25.0,87.5,0.0,71.42857142857143,85.775,0.29175,0.25
675961,Alika Williams,ATH,R,Curveball,CU,2,3.225806451612903,83.85,3199.0,-0.925,-0.425,100.0,50.0,0.0,50.0,0.0,0.0,0.0,0.0
675961,Alika Williams,ATH,R,Sweeper,ST,2,3.225806451612903,82.95,2509.5,1.18,-0.405,0.0,50.0,50.0,100.0,0.0,78.7,0.04,0.0
675961,Alika Williams,ATH,R,Changeup,CH,1,1.6129032258064515,89.7,1857.0,1.24,0.24,0.0,100.0,100.0,0.0,0.0,0.0,0.0,0.0
661531,Brian Serven,ATH,R,4-Seam Fastball,FF,29,37.17948717948718,96.76206896551724,2238.310344827586,-0.680344827586207,1.2406896551724136,38.46153846153847,41.37931034482759,62.06896551724138,18.181818181818183,61.111111111111114,86.47142857142858,0.6654,0.6
661531,Brian Serven,ATH,R,Sweeper,ST,13,16.666666666666664,84.19999999999999,2615.769230769231,1.01,0.3992307692307693,44.44444444444444,46.15384615384615,53.84615384615385,66.66666666666666,71.42857142857143,66.7,0.17900000000000002,0.0
661531,Brian Serven,ATH,R,Cutter,FC,11,14.102564102564102,88.48181818181818,2283.818181818182,0.2,0.2127272727272727,66.66666666666666,63.63636363636363,45.45454545454545,66.66666666666666,100.0,78.73333333333333,0.0,0.0
661531,Brian Serven,ATH,R,Changeup,CH,9,11.538461538461538,82.91111111111111,1608.3333333333333,-0.4066666666666667,-0.057777777777777754,42.857142857142854,44.44444444444444,44.44444444444444,80.0,75.0,87.8,0.17375000000000002,0.25
661531,Brian Serven,ATH,R,Slider,SL,8,10.256410256410255,89.075,2751.0,0.0275,0.25375,25.0,25.0,62.5,33.33333333333333,60.0,90.3,0.1105,0.0
661531,Brian Serven,ATH,R,Sinker,SI,6,7.6923076923076925,93.75,2151.5,-1.27,0.545,0.0,50.0,66.66666666666666,0.0,25.0,100.6,0.0,0.0
661531,Brian Serven,ATH,R,Curveball,CU,2,2.564102564102564,85.7,2615.0,0.32,-0.88,100.0,100.0,0.0,100.0,0.0,0.0,0.0,0.0
666126,Carlos Cortes,ATH,L,4-Seam Fastball,FF,63,30.14354066985646,95.38730158730158,2300.1111111111113,-0.6641269841269841,1.3185714285714285,9.67741935483871,30.158730158730158,57.14285714285714,40.74074074074074,55.55555555555556,82.40714285714286,0.1869977,0.1111111111111111
666126,Carlos Cortes,ATH,L,Changeup,CH,36,17.22488038277512,86.24166666666666,1750.2777777777778,-1.2558333333333334,0.48444444444444446,43.75,36.11111111111111,50.0,33.33333333333333,55.55555555555556,79.75555555555556,0.33811925,0.3333333333333333
666126,Carlos Cortes,ATH,L,Sinker,SI,31,14.832535885167463,93.9258064516129,2145.3548387096776,-0.9954838709677419,0.6490322580645161,11.11111111111111,25.806451612903224,54.83870967741935,7.142857142857142,47.05882352941176,81.825,0.3516,0.2
666126,Carlos Cortes,ATH,L,Slider,SL,17,8.133971291866029,86.23529411764706,2424.764705882353,0.17058823529411765,0.10941176470588236,22.22222222222222,23.52941176470588,58.82352941176471,14.285714285714285,80.0,79.55714285714285,0.31557142857142856,0.5714285714285714
666126,Carlos Cortes,ATH,L,Knuckle Curve,KC,13,6.220095693779904,84.1,2575.923076923077,0.6384615384615385,-1.1084615384615384,0.0,15.384615384615385,30.76923076923077,33.33333333333333,100.0,89.57142857142857,0.3342,0.6
666126,Carlos Cortes,ATH,L,Sweeper,ST,13,6.220095693779904,82.03076923076924,2683.3846153846152,1.1984615384615385,0.06307692307692309,50.0,46.15384615384615,61.53846153846154,60.0,62.5,63.699999999999996,0.0,0.0
666126,Carlos Cortes,ATH,L,Curveball,CU,12,5.741626794258373,78.56666666666666,2603.4166666666665,0.8066666666666666,-0.9591666666666666,60.0,58.333333333333336,33.33333333333333,87.5,75.0,86.10000000000001,0.06166666666666667,0.0
666126,Carlos Cortes,ATH,L,Cutter,FC,12,5.741626794258373,91.25,2264.25,0.155,0.7474999999999999,16.666666666666664,25.0,41.66666666666667,42.857142857142854,60.0,82.5,0.40679999999999994,0.4
666126,Carlos Cortes,ATH,L,Split-Finger,FS,12,5.741626794258373,90.14166666666667,1918.3333333333333,-0.7391666666666666,0.4025,85.71428571428571,83.33333333333334,58.333333333333336,80.0,42.857142857142854,93.5,0.05739999999999999,0.0
687231,Darell Hernaiz,ATH,R,4-Seam Fastball,FF,23,32.857142857142854,94.82608695652173,2290.5652173913045,-0.6539130434782608,1.2734782608695652,50.0,39.130434782608695,39.130434782608695,21.428571428571427,55.55555555555556,80.03333333333333,0.2383954,0.25
687231,Darell Hernaiz,ATH,R,Sweeper,ST,16,22.857142857142858,82.76875,2499.6875,0.879375,0.333125,40.0,31.25,31.25,36.36363636363637,20.0,62.95,0.697977,0.0
687231,Darell Hernaiz,ATH,R,Sinker,SI,15,21.428571428571427,93.30666666666666,2137.133333333333,-0.7766666666666667,0.49,0.0,20.0,66.66666666666666,0.0,70.0,93.07142857142857,0.27099999999999996,0.3333333333333333
687231,Darell Hernaiz,ATH,R,Slider,SL,8,11.428571428571429,87.0625,2686.25,-0.02375,0.11,0.0,25.0,62.5,33.33333333333333,60.0,86.94999999999999,0.291,0.0
687231,Darell Hernaiz,ATH,R,Changeup,CH,4,5.714285714285714,86.25,1836.0,0.53,0.32,0.0,0.0,50.0,50.0,100.0,74.63333333333334,0.287,0.0
687231,Darell Hernaiz,ATH,R,Curveball,CU,2,2.857142857142857,81.55,2865.5,-0.13499999999999998,-0.345,0.0,0.0,50.0,0.0,100.0,68.3,0.0,0.0
687231,Darell Hernaiz,ATH,R,Cutter,FC,1,1.4285714285714286,89.6,2376.0,0.06,0.41,100.0,100.0,0.0,100.0,0.0,0.0,0.0,0.0
687231,Darell Hernaiz,ATH,R,Split-Finger,FS,1,1.4285714285714286,88.6,1732.0,-1.34,-0.03,0.0,0.0,0.0,100.0,0.0,85.9,0.0,0.0
622268,Donovan Walton,ATH,L,4-Seam Fastball,FF,43,21.287128712871286,95.52093023255813,2332.3953488372094,-0.6997674418604651,1.2786046511627907,22.22222222222222,18.6046511627907,37.2093023255814,22.22222222222222,75.0,81.48571428571428,0.4359917857142857,0.5555555555555556
622268,Donovan Walton,ATH,L,Changeup,CH,43,21.287128712871286,85.94883720930233,1806.1627906976744,-1.23,0.4144186046511628,45.45454545454545,25.581395348837212,34.883720930232556,28.57142857142857,93.33333333333333,79.42727272727274,0.23420000000000002,0.0
622268,Donovan Walton,ATH,L,Sinker,SI,31,15.346534653465346,93.44193548387096,2122.6129032258063,-1.0838709677419356,0.6064516129032258,0.0,9.67741935483871,61.29032258064516,33.33333333333333,89.47368421052632,81.28,0.5320681428571429,0.5
622268,Donovan Walton,ATH,L,Slider,SL,27,13.366336633663368,85.6962962962963,2592.777777777778,0.25296296296296295,-0.1062962962962963,50.0,33.33333333333333,33.33333333333333,33.33333333333333,66.66666666666666,80.38333333333334,0.19114285714285714,0.0
622268,Donovan Walton,ATH,L,Sweeper,ST,23,11.386138613861387,81.65652173913043,2712.5652173913045,1.3156521739130433,-0.0382608695652174,25.0,34.78260869565217,43.47826086956522,30.76923076923077,40.0,86.18333333333334,0.590476,1.0
622268,Donovan Walton,ATH,L,Split-Finger,FS,13,6.435643564356436,91.4923076923077,1802.5384615384614,-0.8976923076923077,0.21384615384615382,62.5,53.84615384615385,69.23076923076923,25.0,77.77777777777779,97.8,0.17633333333333334,0.0
622268,Donovan Walton,ATH,L,Cutter,FC,8,3.9603960396039604,91.1,2295.75,0.14875,0.62,20.0,12.5,50.0,25.0,100.0,80.475,0.019666666666666666,0.0
622268,Donovan Walton,ATH,L,Curveball,CU,7,3.4653465346534658,80.38571428571429,2548.0,0.6285714285714287,-0.8842857142857143,50.0,28.57142857142857,42.857142857142854,25.0,100.0,85.85,0.5106346666666667,0.0
622268,Donovan Walton,ATH,L,Knuckle Curve,KC,7,3.4653465346534658,84.12857142857142,2691.285714285714,0.6242857142857143,-0.9142857142857144,66.66666666666666,42.857142857142854,28.57142857142857,40.0,50.0,91.5,0.46197600000000005,0.0
703607,Henry Bolte,ATH,R,Sinker,SI,95,31.045751633986928,94.44631578947369,2190.305263157895,-1.018,0.8826315789473683,20.0,28.421052631578945,69.47368421052632,24.137931034482758,72.72727272727273,81.09444444444445,0.29295245454545454,0.3
703607,Henry Bolte,ATH,R,4-Seam Fastball,FF,69,22.54901960784314,95.7304347826087,2290.8985507246375,-0.5328985507246378,1.406086956521739,19.444444444444446,21.73913043478261,47.82608695652174,30.555555555555557,75.75757575757575,81.54230769230769,0.3369937333333333,0.25
703607,Henry Bolte,ATH,R,Slider,SL,46,15.032679738562091,86.54347826086956,2416.3260869565215,0.13065217391304348,0.010652173913043475,62.96296296296296,36.95652173913043,26.08695652173913,44.11764705882353,100.0,97.78888888888889,0.3350732307692308,0.5
703607,Henry Bolte,ATH,R,Sweeper,ST,30,9.803921568627452,83.61333333333333,2790.6666666666665,1.2183333333333333,0.004666666666666675,46.666666666666664,26.666666666666668,23.333333333333332,39.130434782608695,85.71428571428571,71.91428571428571,0.13383333333333333,0.16666666666666666
703607,Henry Bolte,ATH,R,Cutter,FC,19,6.209150326797386,89.07368421052632,2370.4736842105262,0.20473684210526316,0.5057894736842105,100.0,36.84210526315789,31.57894736842105,7.6923076923076925,0.0,0.0,0.46531799999999995,0.0
703607,Henry Bolte,ATH,R,Changeup,CH,17,5.555555555555555,85.17647058823529,1926.235294117647,-0.6352941176470589,0.2882352941176471,42.857142857142854,23.52941176470588,29.411764705882355,16.666666666666664,100.0,88.16666666666667,0.14625,0.25
703607,Henry Bolte,ATH,R,Curveball,CU,13,4.248366013071895,84.33846153846154,2592.6153846153848,0.01615384615384615,-0.5746153846153846,75.0,38.46153846153847,30.76923076923077,22.22222222222222,50.0,106.7,0.3625,0.5
703607,Henry Bolte,ATH,R,Split-Finger,FS,8,2.6143790849673203,92.3,2020.75,-0.89,0.6775,100.0,75.0,75.0,0.0,33.33333333333333,0.0,0.0,0.0
703607,Henry Bolte,ATH,R,Knuckle Curve,KC,7,2.287581699346405,83.98571428571428,2535.8571428571427,0.45428571428571424,-1.0728571428571427,0.0,57.14285714285714,71.42857142857143,0.0,20.0,64.2,0.268,0.0
703607,Henry Bolte,ATH,R,Unknown,UNK,2,0.6535947712418301,0.0,0.0,0.0,0.0,0.0,0.0,0.0,0.0,0.0,0.0,0.697977,0.0
643446,Jeff McNeil,ATH,L,4-Seam Fastball,FF,62,33.69565217391305,95.05000000000001,2318.7580645161293,-0.5020967741935484,1.3279032258064516,2.5,9.67741935483871,61.29032258064516,29.166666666666668,86.8421052631579,81.61714285714285,0.31572094444444443,0.23529411764705882
643446,Jeff McNeil,ATH,L,Slider,SL,26,14.130434782608695,84.99615384615385,2312.5384615384614,-0.21615384615384617,0.44269230769230766,10.526315789473683,7.6923076923076925,53.84615384615385,41.66666666666667,100.0,81.45882352941176,0.2840909090909091,0.18181818181818182
643446,Jeff McNeil,ATH,L,Changeup,CH,25,13.586956521739129,87.104,1712.76,-1.1856,0.5092,9.523809523809524,8.0,44.0,71.42857142857143,100.0,81.58947368421053,0.41264285714285714,0.5714285714285714
643446,Jeff McNeil,ATH,L,Sinker,SI,25,13.586956521739129,94.12,2204.68,-0.4648,0.8192,13.043478260869565,12.0,56.00000000000001,81.81818181818183,100.0,90.58,0.384,0.4
643446,Jeff McNeil,ATH,L,Cutter,FC,15,8.152173913043478,90.75333333333333,2505.6666666666665,-0.04133333333333333,0.632,12.5,6.666666666666667,40.0,22.22222222222222,100.0,90.16666666666667,0.78,1.0
643446,Jeff McNeil,ATH,L,Knuckle Curve,KC,12,6.521739130434782,83.60000000000001,2461.4166666666665,0.6208333333333333,-1.2075,0.0,16.666666666666664,33.33333333333333,25.0,50.0,71.85000000000001,0.0,0.0
643446,Jeff McNeil,ATH,L,Sweeper,ST,10,5.434782608695652,82.32000000000001,2782.5,1.059,-0.201,50.0,30.0,30.0,42.857142857142854,100.0,79.3,0.0,0.0
643446,Jeff McNeil,ATH,L,Split-Finger,FS,7,3.804347826086957,90.62857142857142,1864.142857142857,-0.87,0.5857142857142856,0.0,0.0,85.71428571428571,100.0,66.66666666666666,88.92,0.073,0.0
643446,Jeff McNeil,ATH,L,Curveball,CU,1,0.5434782608695652,80.4,2630.0,0.84,-0.85,0.0,0.0,100.0,0.0,100.0,98.1,0.61,0.0
643446,Jeff McNeil,ATH,L,Slow Curve,CS,1,0.5434782608695652,67.1,2267.0,1.11,-0.01,0.0,0.0,0.0,0.0,0.0,0.0,0.0,0.0
641680,Jonah Heim,ATH,S,4-Seam Fastball,FF,97,50.520833333333336,95.18041237113403,2335.0,-0.5588659793814433,1.329278350515464,4.761904761904762,23.711340206185564,52.57731958762887,23.91304347826087,60.78431372549019,82.9475,0.26019053846153845,0.20833333333333334
641680,Jonah Heim,ATH,S,Cutter,FC,30,15.625,91.47,2413.266666666667,0.04533333333333333,0.8196666666666667,33.33333333333333,33.33333333333333,56.666666666666664,23.076923076923077,70.58823529411765,80.8,0.4374885,0.0
641680,Jonah Heim,ATH,S,Slider,SL,20,10.416666666666668,87.115,2602.85,0.2955,0.092,36.36363636363637,40.0,55.00000000000001,44.44444444444444,63.63636363636363,77.10000000000001,0.0,0.0
641680,Jonah Heim,ATH,S,Curveball,CU,11,5.729166666666666,79.03636363636363,2789.5454545454545,0.6790909090909091,-0.8381818181818183,16.666666666666664,9.090909090909092,36.36363636363637,28.57142857142857,100.0,84.3,0.301,0.0
641680,Jonah Heim,ATH,S,Sweeper,ST,11,5.729166666666666,81.27272727272727,2695.909090909091,1.16,-0.08999999999999998,22.22222222222222,18.181818181818183,63.63636363636363,50.0,100.0,84.14285714285714,0.0016666666666666668,0.0
641680,Jonah Heim,ATH,S,Changeup,CH,10,5.208333333333334,86.38,1760.0,-0.776,0.29800000000000004,0.0,0.0,30.0,28.57142857142857,100.0,85.8,0.08225,0.0
641680,Jonah Heim,ATH,S,Knuckle Curve,KC,10,5.208333333333334,82.46000000000001,2409.3,0.296,-0.932,0.0,0.0,10.0,44.44444444444444,100.0,96.3,0.292,0.0
641680,Jonah Heim,ATH,S,Sinker,SI,2,1.0416666666666665,95.44999999999999,2276.5,0.14,0.9299999999999999,0.0,50.0,50.0,0.0,0.0,0.0,0.0,0.0
641680,Jonah Heim,ATH,S,Split-Finger,FS,1,0.5208333333333333,83.7,1589.0,-0.82,-0.21,0.0,0.0,100.0,0.0,100.0,102.2,1.254,1.0
671732,Lawrence Butler,ATH,L,4-Seam Fastball,FF,108,34.83870967741935,95.69537037037037,2315.203703703704,-0.5790740740740741,1.3652777777777776,20.833333333333336,19.444444444444446,45.370370370370374,16.94915254237288,77.55102040816327,86.884375,0.41008584374999996,0.47619047619047616
671732,Lawrence Butler,ATH,L,Changeup,CH,48,15.483870967741936,87.05,1765.5625,-1.2689583333333334,0.5258333333333333,15.384615384615385,8.333333333333332,27.083333333333332,37.142857142857146,100.0,68.83500000000001,0.317,0.2857142857142857
671732,Lawrence Butler,ATH,L,Slider,SL,42,13.548387096774196,86.65,2444.785714285714,-0.145,0.23023809523809524,57.14285714285714,38.095238095238095,33.33333333333333,28.57142857142857,42.857142857142854,86.43333333333334,0.23261007692307695,0.2
671732,Lawrence Butler,ATH,L,Sinker,SI,36,11.612903225806452,94.10833333333333,2208.972222222222,-0.05277777777777775,0.8883333333333333,7.6923076923076925,27.77777777777778,55.55555555555556,12.5,55.00000000000001,79.28,0.11233333333333333,0.3333333333333333
671732,Lawrence Butler,ATH,L,Cutter,FC,20,6.451612903225806,89.995,2517.8,-0.0475,0.4545,50.0,45.0,75.0,0.0,53.333333333333336,78.425,0.15333333333333335,0.3333333333333333
671732,Lawrence Butler,ATH,L,Sweeper,ST,19,6.129032258064516,81.48421052631579,2770.8947368421054,1.0173684210526317,-0.28,0.0,15.789473684210526,47.368421052631575,20.0,55.55555555555556,72.84285714285714,0.9175,1.0
671732,Lawrence Butler,ATH,L,Curveball,CU,13,4.193548387096775,79.60769230769232,2652.6153846153848,0.6838461538461539,-0.9315384615384615,0.0,0.0,15.384615384615385,0.0,100.0,91.9,0.59,0.0
671732,Lawrence Butler,ATH,L,Knuckle Curve,KC,13,4.193548387096775,84.65384615384616,2627.4615384615386,0.5423076923076924,-1.12,40.0,15.384615384615385,0.0,38.46153846153847,0.0,88.53333333333335,0.02,0.5
671732,Lawrence Butler,ATH,L,Split-Finger,FS,10,3.225806451612903,87.66,1595.9,-0.851,-0.01499999999999999,33.33333333333333,20.0,50.0,20.0,100.0,87.975,0.19025,0.5
671732,Lawrence Butler,ATH,L,Slow Curve,CS,1,0.3225806451612903,68.0,2405.0,1.44,-0.24,0.0,0.0,0.0,0.0,0.0,0.0,0.0,0.0
691777,Max Muncy,ATH,R,Sinker,SI,50,31.645569620253166,94.348,2137.0,-1.179,0.7964,4.3478260869565215,24.0,56.00000000000001,27.27272727272727,60.71428571428571,76.2235294117647,0.452497125,0.35714285714285715
691777,Max Muncy,ATH,R,4-Seam Fastball,FF,37,23.417721518987342,94.67837837837837,2282.7027027027025,-0.5637837837837838,1.348918918918919,6.25,10.81081081081081,40.54054054054054,18.181818181818183,80.0,83.87333333333332,0.3666641111111111,0.25
691777,Max Muncy,ATH,R,Slider,SL,31,19.62025316455696,85.7741935483871,2557.935483870968,0.19,-0.14677419354838708,70.58823529411765,58.06451612903226,51.61290322580645,46.666666666666664,62.5,89.05999999999999,0.15308141666666666,0.09090909090909091
691777,Max Muncy,ATH,R,Sweeper,ST,20,12.658227848101266,83.455,2652.7,1.053,0.10400000000000001,33.33333333333333,40.0,60.0,12.5,66.66666666666666,79.96666666666667,0.21183333333333332,0.16666666666666666
691777,Max Muncy,ATH,R,Changeup,CH,9,5.69620253164557,85.57777777777778,1882.888888888889,-0.6833333333333333,0.3711111111111111,100.0,33.33333333333333,11.11111111111111,25.0,0.0,0.0,0.0,0.0
691777,Max Muncy,ATH,R,Cutter,FC,6,3.79746835443038,92.36666666666667,2191.1666666666665,-0.008333333333333337,0.8766666666666666,0.0,16.666666666666664,33.33333333333333,0.0,50.0,74.7,0.0,0.0
691777,Max Muncy,ATH,R,Curveball,CU,3,1.89873417721519,75.9,2351.3333333333335,0.8066666666666666,-0.71,0.0,0.0,0.0,0.0,0.0,0.0,0.0,0.0
691777,Max Muncy,ATH,R,Knuckle Curve,KC,2,1.2658227848101267,85.4,2622.5,0.45,-0.695,100.0,50.0,0.0,50.0,0.0,0.0,0.0,0.0
683021,Michael Stefanic,ATH,R,Slider,SL,4,50.0,88.925,2845.5,0.039999999999999994,0.29500000000000004,33.33333333333333,50.0,100.0,0.0,75.0,88.0,0.373,0.5
683021,Michael Stefanic,ATH,R,Sinker,SI,2,25.0,94.55,2215.5,1.335,0.85,0.0,100.0,100.0,0.0,0.0,0.0,0.0,0.0
683021,Michael Stefanic,ATH,R,4-Seam Fastball,FF,1,12.5,95.6,2264.0,0.69,1.3,0.0,0.0,100.0,0.0,0.0,0.0,0.0,0.0
683021,Michael Stefanic,ATH,R,Curveball,CU,1,12.5,84.6,3221.0,-1.08,-0.48,0.0,0.0,0.0,100.0,0.0,95.1,0.0,0.0
695720,Tommy White,ATH,R,Sinker,SI,59,25.0,95.1135593220339,2189.728813559322,-0.873728813559322,0.9766101694915253,12.0,35.59322033898305,55.932203389830505,30.76923076923077,51.515151515151516,85.13157894736842,0.3643828461538462,0.3333333333333333
695720,Tommy White,ATH,R,Slider,SL,54,22.88135593220339,87.23703703703704,2410.6666666666665,0.26981481481481484,0.12851851851851853,30.0,25.925925925925924,38.88888888888889,39.39393939393939,80.95238095238095,80.73684210526316,0.32088235294117645,0.29411764705882354
695720,Tommy White,ATH,R,4-Seam Fastball,FF,45,19.06779661016949,95.26222222222222,2298.5777777777776,-0.5337777777777778,1.3317777777777777,3.0303030303030303,13.333333333333334,51.11111111111111,68.18181818181817,78.26086956521739,84.22962962962963,0.448,0.21428571428571427
695720,Tommy White,ATH,R,Cutter,FC,26,11.016949152542372,90.58846153846154,2372.423076923077,0.13153846153846155,0.5565384615384615,40.0,38.46153846153847,57.692307692307686,18.181818181818183,86.66666666666667,81.62857142857142,0.758,0.5
695720,Tommy White,ATH,R,Sweeper,ST,26,11.016949152542372,81.45384615384616,2722.8076923076924,1.258076923076923,-0.2030769230769231,50.0,42.30769230769231,23.076923076923077,60.0,66.66666666666666,73.85,0.03677777777777778,0.0
695720,Tommy White,ATH,R,Changeup,CH,11,4.661016949152542,87.12727272727273,1748.2727272727273,0.6499999999999999,0.44090909090909086,42.857142857142854,45.45454545454545,45.45454545454545,33.33333333333333,100.0,89.1,0.33075,0.25
695720,Tommy White,ATH,R,Curveball,CU,7,2.9661016949152543,78.58571428571429,2753.8571428571427,0.5085714285714286,-0.9142857142857144,66.66666666666666,42.857142857142854,42.857142857142854,50.0,33.33333333333333,59.9,0.0,0.0
695720,Tommy White,ATH,R,Knuckle Curve,KC,5,2.11864406779661,83.72,2560.8,0.462,-0.942,0.0,0.0,20.0,0.0,100.0,72.0,0.305,0.0
695720,Tommy White,ATH,R,Split-Finger,FS,3,1.2711864406779663,90.53333333333335,1904.0,-0.8433333333333334,0.4566666666666667,100.0,33.33333333333333,0.0,33.33333333333333,0.0,0.0,0.0,0.0
680869,Zack Gelof,ATH,R,4-Seam Fastball,FF,75,24.59016393442623,94.812,2280.9066666666668,-0.2601333333333333,1.3813333333333333,33.33333333333333,26.666666666666668,48.0,28.205128205128204,77.77777777777779,87.91739130434782,0.3094650588235294,0.2857142857142857
680869,Zack Gelof,ATH,R,Slider,SL,70,22.950819672131146,86.86857142857143,2386.714285714286,-0.05128571428571428,0.22814285714285715,37.142857142857146,31.428571428571427,37.142857142857146,38.63636363636363,69.23076923076923,81.89999999999999,0.19240000000000002,0.13333333333333333
680869,Zack Gelof,ATH,R,Sinker,SI,59,19.34426229508197,95.26949152542372,2166.0338983050847,-0.9327118644067797,0.8635593220338984,16.129032258064516,28.8135593220339,57.6271186440678,36.0,64.70588235294117,78.5695652173913,0.28433026666666666,0.23076923076923078
680869,Zack Gelof,ATH,R,Sweeper,ST,25,8.19672131147541,82.21600000000001,2634.6,1.2848,-0.0348,46.15384615384615,48.0,52.0,50.0,53.84615384615385,93.42857142857143,0.3452857142857143,0.0
680869,Zack Gelof,ATH,R,Cutter,FC,23,7.540983606557377,89.0,2416.478260869565,0.017391304347826087,0.39999999999999997,33.33333333333333,43.47826086956522,60.86956521739131,33.33333333333333,64.28571428571429,87.7875,0.40348849999999997,0.0
680869,Zack Gelof,ATH,R,Curveball,CU,18,5.901639344262295,82.15555555555555,2735.0,0.6016666666666667,-0.8672222222222222,33.33333333333333,38.88888888888889,50.0,22.22222222222222,44.44444444444444,63.0,0.084,0.0
680869,Zack Gelof,ATH,R,Changeup,CH,17,5.573770491803279,85.38823529411764,1602.8235294117646,0.5705882352941176,0.2676470588235294,37.5,29.411764705882355,29.411764705882355,41.66666666666667,60.0,83.64,0.1913295,0.0
680869,Zack Gelof,ATH,R,Knuckle Curve,KC,10,3.278688524590164,84.92999999999999,2617.1,0.438,-0.906,100.0,70.0,60.0,50.0,0.0,0.0,0.0,0.0
680869,Zack Gelof,ATH,R,Split-Finger,FS,7,2.2950819672131146,90.02857142857144,1811.2857142857142,-1.0614285714285714,0.31714285714285717,100.0,14.285714285714285,14.285714285714285,0.0,100.0,0.0,0.0,0.0
680869,Zack Gelof,ATH,R,Slow Curve,CS,1,0.32786885245901637,68.2,2617.0,1.31,-0.5,0.0,100.0,100.0,0.0,0.0,0.0,0.0,0.0
663586,Austin Riley,ATL,R,4-Seam Fastball,FF,89,39.732142857142854,95.25393258426966,2400.4719101123596,-0.4389887640449438,1.3101123595505617,24.444444444444443,22.47191011235955,46.06741573033708,29.166666666666668,75.60975609756098,78.1125,0.2551384761904762,0.058823529411764705
663586,Austin Riley,ATL,R,Slider,SL,32,14.285714285714285,88.484375,2518.0625,0.22375,0.17531249999999998,50.0,40.625,40.625,36.84210526315789,84.61538461538461,86.0625,0.12683333333333333,0.16666666666666666
663586,Austin Riley,ATL,R,Cutter,FC,30,13.392857142857142,90.77666666666667,2427.4333333333334,0.27166666666666667,0.7243333333333334,26.666666666666668,16.666666666666664,36.666666666666664,26.31578947368421,90.9090909090909,75.63636363636364,0.22528242857142858,0.16666666666666666
663586,Austin Riley,ATL,R,Sinker,SI,26,11.607142857142858,94.71923076923076,2313.923076923077,-0.8084615384615385,0.8111538461538461,26.666666666666668,42.30769230769231,61.53846153846154,60.0,56.25,85.86666666666666,0.1382857142857143,0.14285714285714285
663586,Austin Riley,ATL,R,Sweeper,ST,16,7.142857142857142,82.65,2457.375,0.37,-0.004999999999999994,60.0,31.25,37.5,10.0,66.66666666666666,93.35,0.25566666666666665,0.3333333333333333
663586,Austin Riley,ATL,R,Changeup,CH,12,5.357142857142857,83.375,1970.25,-0.04249999999999996,0.32416666666666666,33.33333333333333,41.66666666666667,58.333333333333336,40.0,57.14285714285714,98.33333333333333,0.15075,0.25
663586,Austin Riley,ATL,R,Curveball,CU,11,4.910714285714286,80.16363636363636,2594.7272727272725,-0.34272727272727277,-1.008181818181818,0.0,0.0,18.181818181818183,44.44444444444444,100.0,77.4,0.839,0.0
663586,Austin Riley,ATL,R,Unknown,UNK,4,1.7857142857142856,0.0,0.0,0.0,0.0,0.0,0.0,0.0,0.0,0.0,0.0,0.0,0.0
663586,Austin Riley,ATL,R,Knuckle Curve,KC,2,0.8928571428571428,82.3,2974.0,0.47,-1.51,100.0,100.0,0.0,100.0,0.0,0.0,0.0,0.0
663586,Austin Riley,ATL,R,Split-Finger,FS,2,0.8928571428571428,91.95,1538.5,-0.9550000000000001,-0.14,100.0,100.0,0.0,100.0,0.0,0.0,0.0,0.0
642086,Dominic Smith,ATL,L,4-Seam Fastball,FF,20,41.66666666666667,97.705,2510.1,-0.6485000000000001,1.4335,0.0,35.0,50.0,30.0,30.0,78.48333333333333,0.0324,0.0
642086,Dominic Smith,ATL,L,Cutter,FC,10,20.833333333333336,93.34,2480.3,0.223,0.624,71.42857142857143,50.0,10.0,77.77777777777779,0.0,0.0,0.0,0.0
642086,Dominic Smith,ATL,L,Sinker,SI,8,16.666666666666664,95.6625,2224.875,-1.2075,0.5075000000000001,0.0,25.0,37.5,0.0,100.0,87.3,0.082,0.0
642086,Dominic Smith,ATL,L,Slider,SL,5,10.416666666666668,89.66,2537.8,0.44399999999999995,-0.26,0.0,0.0,100.0,0.0,100.0,79.67999999999999,0.10633333333333334,0.6666666666666666
642086,Dominic Smith,ATL,L,Split-Finger,FS,2,4.166666666666666,91.3,1682.0,-1.1800000000000002,0.56,100.0,50.0,50.0,0.0,100.0,0.0,0.0,0.0
642086,Dominic Smith,ATL,L,Sweeper,ST,2,4.166666666666666,85.0,2895.5,0.96,0.46499999999999997,0.0,0.0,50.0,0.0,100.0,85.1,0.04,0.0
642086,Dominic Smith,ATL,L,Curveball,CU,1,2.083333333333333,83.6,2398.0,0.31,-1.09,0.0,0.0,0.0,0.0,0.0,0.0,0.0,0.0
686948,Drake Baldwin,ATL,L,4-Seam Fastball,FF,108,40.298507462686565,95.83611111111111,2458.3703703703704,-0.36768518518518517,1.3473148148148146,26.0,25.925925925925924,51.85185185185185,17.307692307692307,73.21428571428571,86.51935483870967,0.36842528571428573,0.3888888888888889
686948,Drake Baldwin,ATL,L,Slider,SL,45,16.791044776119403,87.81111111111112,2593.711111111111,0.138,0.15933333333333333,27.27272727272727,31.11111111111111,42.22222222222222,42.30769230769231,57.89473684210527,81.925,0.23933333333333331,0.25
686948,Drake Baldwin,ATL,L,Cutter,FC,42,15.671641791044777,92.02380952380952,2504.3809523809523,0.04142857142857143,0.7404761904761905,33.33333333333333,30.952380952380953,42.857142857142854,45.83333333333333,72.22222222222221,85.8,0.3110714285714286,0.21428571428571427
686948,Drake Baldwin,ATL,L,Sinker,SI,26,9.701492537313433,95.25384615384615,2401.923076923077,0.20384615384615387,0.6915384615384615,41.66666666666667,50.0,73.07692307692307,14.285714285714285,57.89473684210527,82.04285714285713,0.08466666666666667,0.0
686948,Drake Baldwin,ATL,L,Changeup,CH,17,6.343283582089552,82.86470588235295,2489.8823529411766,-1.521764705882353,0.5858823529411765,0.0,0.0,17.647058823529413,28.57142857142857,66.66666666666666,86.67999999999999,0.38399079999999997,0.3333333333333333
686948,Drake Baldwin,ATL,L,Curveball,CU,13,4.850746268656716,78.62307692307692,2738.0,-0.4746153846153846,-0.5076923076923078,28.57142857142857,30.76923076923077,61.53846153846154,20.0,75.0,91.825,0.08166666666666667,0.0
686948,Drake Baldwin,ATL,L,Split-Finger,FS,11,4.104477611940299,89.60909090909091,1245.6363636363637,-0.8381818181818183,0.09818181818181819,42.857142857142854,27.27272727272727,9.090909090909092,60.0,100.0,81.96666666666665,0.9143333333333334,0.6666666666666666
686948,Drake Baldwin,ATL,L,Sweeper,ST,5,1.8656716417910446,82.82,2585.4,-0.6779999999999999,0.118,0.0,20.0,60.0,50.0,66.66666666666666,89.56666666666666,0.41800000000000004,0.0
686948,Drake Baldwin,ATL,L,Forkball,FO,1,0.3731343283582089,89.1,827.0,0.02,-0.14,100.0,100.0,100.0,0.0,100.0,0.0,0.0,0.0
673490,Ha-Seong Kim,ATL,R,4-Seam Fastball,FF,17,50.0,96.71764705882353,2510.4117647058824,0.20588235294117646,1.3047058823529412,20.0,23.52941176470588,58.82352941176471,28.57142857142857,80.0,78.8125,0.3173333333333333,0.3333333333333333
673490,Ha-Seong Kim,ATL,R,Sinker,SI,6,17.647058823529413,96.28333333333335,2416.3333333333335,-1.165,1.0883333333333332,0.0,16.666666666666664,50.0,33.33333333333333,66.66666666666666,95.93333333333334,0.138,0.0
673490,Ha-Seong Kim,ATL,R,Cutter,FC,4,11.76470588235294,92.725,2628.75,0.15000000000000002,0.7475,100.0,75.0,50.0,50.0,50.0,0.0,0.364476,0.0
673490,Ha-Seong Kim,ATL,R,Sweeper,ST,4,11.76470588235294,82.625,2881.5,0.77,-0.04999999999999999,0.0,50.0,100.0,0.0,50.0,76.25,0.066,0.0
673490,Ha-Seong Kim,ATL,R,Curveball,CU,1,2.941176470588235,80.8,2646.0,0.68,-0.41,0.0,0.0,0.0,0.0,0.0,0.0,0.0,0.0
673490,Ha-Seong Kim,ATL,R,Slider,SL,1,2.941176470588235,89.0,2973.0,0.65,-0.38,0.0,0.0,0.0,0.0,0.0,0.0,0.0,0.0
673490,Ha-Seong Kim,ATL,R,Split-Finger,FS,1,2.941176470588235,92.4,1407.0,-1.01,0.41,0.0,0.0,100.0,0.0,100.0,105.0,0.382,1.0
657041,Lane Thomas,ATL,R,4-Seam Fastball,FF,27,26.47058823529412,95.54444444444444,2443.8518518518517,0.06259259259259259,1.2377777777777779,18.181818181818183,18.51851851851852,51.85185185185185,7.6923076923076925,71.42857142857143,78.85,0.07150000000000001,0.0
657041,Lane Thomas,ATL,R,Sinker,SI,17,16.666666666666664,95.65294117647058,2263.764705882353,-0.1611764705882353,0.7670588235294117,0.0,41.17647058823529,76.47058823529412,0.0,53.84615384615385,86.32857142857142,0.22139999999999999,0.2
657041,Lane Thomas,ATL,R,Slider,SL,15,14.705882352941178,86.83999999999999,2627.266666666667,-0.16,0.038000000000000006,12.5,40.0,80.0,33.33333333333333,58.333333333333336,91.68571428571428,0.292,0.2857142857142857
657041,Lane Thomas,ATL,R,Cutter,FC,13,12.745098039215685,92.37692307692308,2447.769230769231,0.15461538461538463,0.9176923076923077,33.33333333333333,30.76923076923077,46.15384615384615,42.857142857142854,100.0,79.10000000000001,0.543,1.0
657041,Lane Thomas,ATL,R,Sweeper,ST,13,12.745098039215685,84.15384615384616,2591.6923076923076,-0.4623076923076923,0.0646153846153846,40.0,23.076923076923077,30.76923076923077,22.22222222222222,75.0,86.10000000000001,0.27249425,0.0
657041,Lane Thomas,ATL,R,Curveball,CU,10,9.803921568627452,80.9,2752.3,-0.398,-1.133,33.33333333333333,30.0,40.0,16.666666666666664,50.0,84.35,0.07,0.0
657041,Lane Thomas,ATL,R,Split-Finger,FS,4,3.9215686274509802,90.975,1460.25,-0.8525,0.43,100.0,25.0,0.0,25.0,0.0,0.0,0.697977,0.0
657041,Lane Thomas,ATL,R,Changeup,CH,3,2.941176470588235,89.2,1673.0,0.41333333333333333,0.22666666666666668,0.0,0.0,0.0,0.0,0.0,0.0,0.0,0.0
621566,Matt Olson,ATL,L,4-Seam Fastball,FF,81,31.03448275862069,96.05802469135803,2462.864197530864,-0.39395061728395064,1.2674074074074073,23.684210526315788,28.39506172839506,54.32098765432099,21.62162162162162,68.18181818181817,87.29615384615384,0.3310588235294118,0.17647058823529413
621566,Matt Olson,ATL,L,Slider,SL,42,16.091954022988507,87.99047619047619,2534.3333333333335,-0.012619047619047615,0.07761904761904763,52.17391304347826,52.38095238095239,42.857142857142854,62.5,44.44444444444444,80.3,0.20491666666666664,0.08333333333333333
621566,Matt Olson,ATL,L,Sinker,SI,35,13.409961685823754,95.63142857142857,2319.6857142857143,0.276,0.6674285714285714,25.0,20.0,51.42857142857142,11.76470588235294,77.77777777777779,89.12,0.3385714285714286,0.42857142857142855
621566,Matt Olson,ATL,L,Cutter,FC,26,9.961685823754788,91.03461538461539,2501.153846153846,-0.02076923076923077,0.7476923076923078,8.333333333333332,11.538461538461538,46.15384615384615,21.428571428571427,75.0,90.50909090909092,0.4254961666666666,0.0
621566,Matt Olson,ATL,L,Changeup,CH,24,9.195402298850574,83.78750000000001,2213.4583333333335,-1.3783333333333332,0.4191666666666667,22.22222222222222,8.333333333333332,12.5,28.57142857142857,100.0,74.77142857142857,0.7017907999999999,0.6666666666666666
621566,Matt Olson,ATL,L,Split-Finger,FS,19,7.2796934865900385,89.63684210526316,1523.2631578947369,-0.94,0.22947368421052633,18.181818181818183,15.789473684210526,42.10526315789473,36.36363636363637,87.5,81.07142857142857,0.429,0.25
621566,Matt Olson,ATL,L,Curveball,CU,12,4.597701149425287,79.15833333333333,2630.0,0.1441666666666667,-0.8116666666666666,40.0,16.666666666666664,16.666666666666664,30.0,100.0,87.03333333333335,0.23399540000000002,0.0
621566,Matt Olson,ATL,L,Sweeper,ST,12,4.597701149425287,83.28333333333333,2602.0833333333335,-0.4891666666666667,-0.02666666666666667,50.0,41.66666666666667,41.66666666666667,42.857142857142854,60.0,80.39999999999999,0.28833333333333333,0.3333333333333333
621566,Matt Olson,ATL,L,Knuckle Curve,KC,6,2.2988505747126435,80.7,2773.3333333333335,0.66,-1.2866666666666668,50.0,66.66666666666666,33.33333333333333,100.0,0.0,81.8,0.259,1.0
621566,Matt Olson,ATL,L,Unknown,UNK,4,1.532567049808429,0.0,0.0,0.0,0.0,0.0,0.0,0.0,0.0,0.0,0.0,0.0,0.0
643289,Mauricio Dubón,ATL,R,4-Seam Fastball,FF,83,36.888888888888886,94.42073170731707,2412.1341463414633,-0.4504819277108434,1.3548192771084338,0.0,20.481927710843372,46.98795180722892,45.45454545454545,64.1025641025641,76.69999999999999,0.2087142857142857,0.3333333333333333
643289,Mauricio Dubón,ATL,R,Slider,SL,37,16.444444444444446,87.51081081081081,2613.972972972973,0.27351351351351355,0.06729729729729729,23.52941176470588,21.62162162162162,40.54054054054054,22.727272727272727,80.0,76.425,0.20355299999999998,0.125
643289,Mauricio Dubón,ATL,R,Cutter,FC,30,13.333333333333334,90.96333333333334,2401.3,0.12233333333333334,0.7553333333333333,0.0,6.666666666666667,53.333333333333336,57.14285714285714,93.75,82.81304347826087,0.2907692307692308,0.3076923076923077
643289,Mauricio Dubón,ATL,R,Changeup,CH,26,11.555555555555555,85.53076923076924,2066.076923076923,-0.05461538461538463,0.5761538461538461,17.647058823529413,19.230769230769234,46.15384615384615,50.0,83.33333333333334,68.27857142857142,0.1266,0.2
643289,Mauricio Dubón,ATL,R,Sinker,SI,22,9.777777777777779,95.75,2246.0454545454545,-0.4359090909090909,0.7768181818181819,0.0,0.0,59.09090909090909,22.22222222222222,100.0,83.80714285714285,0.40459769999999995,0.6666666666666666
643289,Mauricio Dubón,ATL,R,Sweeper,ST,11,4.888888888888889,79.32727272727273,2493.818181818182,1.1272727272727272,0.15181818181818182,50.0,27.27272727272727,18.181818181818183,44.44444444444444,100.0,89.85,0.388,0.0
643289,Mauricio Dubón,ATL,R,Curveball,CU,10,4.444444444444445,82.22,2766.0,-0.257,-1.183,0.0,10.0,10.0,44.44444444444444,100.0,72.96666666666667,0.059,0.0
643289,Mauricio Dubón,ATL,R,Knuckle Curve,KC,4,1.7777777777777777,81.19999999999999,2785.0,0.41,-1.33,0.0,0.0,0.0,50.0,0.0,68.7,0.884,1.0
643289,Mauricio Dubón,ATL,R,Split-Finger,FS,1,0.4444444444444444,90.1,872.0,-0.55,0.55,0.0,0.0,0.0,100.0,0.0,75.7,0.07,1.0
643289,Mauricio Dubón,ATL,R,Unknown,UNK,1,0.4444444444444444,0.0,0.0,0.0,0.0,0.0,0.0,0.0,0.0,0.0,0.0,0.0,0.0
671739,Michael Harris II,ATL,L,4-Seam Fastball,FF,80,35.39823008849557,95.97749999999999,2487.4875,-0.41475,1.321625,7.6923076923076925,16.25,42.5,36.95652173913043,64.70588235294117,89.6032258064516,0.4767045294117647,0.25
671739,Michael Harris II,ATL,L,Changeup,CH,28,12.389380530973451,83.84285714285714,2213.3214285714284,-1.2032142857142856,0.4789285714285714,30.0,25.0,28.57142857142857,65.0,87.5,75.17857142857143,0.370125,0.5
671739,Michael Harris II,ATL,L,Sinker,SI,27,11.946902654867257,95.74074074074075,2310.6666666666665,0.6848148148148148,0.7200000000000001,7.6923076923076925,22.22222222222222,59.25925925925925,27.27272727272727,62.5,66.54444444444444,0.2098888888888889,0.4444444444444444
671739,Michael Harris II,ATL,L,Slider,SL,25,11.061946902654867,87.992,2594.0,-0.09480000000000001,-0.0564,31.57894736842105,28.000000000000004,20.0,75.0,80.0,87.95555555555556,0.3463333333333333,0.3333333333333333
671739,Michael Harris II,ATL,L,Cutter,FC,23,10.176991150442479,91.31739130434784,2503.7391304347825,-0.023478260869565216,0.7373913043478261,15.384615384615385,17.391304347826086,34.78260869565217,40.0,87.5,70.78999999999999,0.43760000000000004,0.2857142857142857
671739,Michael Harris II,ATL,L,Curveball,CU,12,5.3097345132743365,79.60833333333333,2623.8333333333335,0.5441666666666667,-1.04,50.0,41.66666666666667,41.66666666666667,71.42857142857143,100.0,75.35,0.2095,0.5
671739,Michael Harris II,ATL,L,Split-Finger,FS,12,5.3097345132743365,90.64166666666667,1533.4166666666667,-0.9733333333333333,0.31583333333333335,16.666666666666664,8.333333333333332,33.33333333333333,25.0,100.0,78.94999999999999,0.053,0.3333333333333333
671739,Michael Harris II,ATL,L,Sweeper,ST,10,4.424778761061947,81.15,2756.3,-1.022,-0.096,0.0,10.0,60.0,100.0,83.33333333333334,68.9,0.18033333333333335,0.6666666666666666
671739,Michael Harris II,ATL,L,Knuckle Curve,KC,8,3.5398230088495577,80.8,2876.25,0.6075,-1.3225,50.0,25.0,0.0,50.0,0.0,63.8,0.0,0.0
671739,Michael Harris II,ATL,L,Forkball,FO,1,0.4424778761061947,88.5,959.0,-0.48,-0.14,0.0,0.0,0.0,0.0,0.0,0.0,0.0,0.0
573262,Mike Yastrzemski,ATL,L,4-Seam Fastball,FF,60,37.735849056603776,95.54166666666667,2418.4333333333334,-0.5871666666666666,1.3243333333333331,5.0,30.0,50.0,13.333333333333334,53.333333333333336,85.35714285714286,0.26424616666666667,0.0
573262,Mike Yastrzemski,ATL,L,Cutter,FC,37,23.270440251572328,91.22702702702703,2419.4864864864867,0.17297297297297298,0.6524324324324324,33.33333333333333,32.432432432432435,48.64864864864865,10.526315789473683,55.55555555555556,97.25,0.419659,0.125
573262,Mike Yastrzemski,ATL,L,Slider,SL,18,11.320754716981133,87.13888888888889,2486.5555555555557,0.2816666666666667,0.10777777777777778,25.0,27.77777777777778,38.88888888888889,0.0,57.14285714285714,85.26666666666667,0.1005,0.0
573262,Mike Yastrzemski,ATL,L,Split-Finger,FS,15,9.433962264150944,89.89333333333335,1428.6,-0.9473333333333334,0.1753333333333333,33.33333333333333,20.0,20.0,50.0,100.0,86.72,0.18460000000000001,0.2
573262,Mike Yastrzemski,ATL,L,Knuckle Curve,KC,8,5.031446540880504,85.7,2746.5,0.4075,-0.46749999999999997,0.0,25.0,50.0,0.0,50.0,102.9,0.558,1.0
573262,Mike Yastrzemski,ATL,L,Changeup,CH,6,3.7735849056603774,82.93333333333334,2256.3333333333335,-1.3983333333333334,0.49499999999999994,0.0,0.0,16.666666666666664,0.0,100.0,68.6,0.0,0.0
573262,Mike Yastrzemski,ATL,L,Sinker,SI,5,3.1446540880503147,93.3,2174.4,-1.3059999999999998,0.6359999999999999,0.0,40.0,40.0,0.0,0.0,0.0,0.0,0.0
573262,Mike Yastrzemski,ATL,L,Curveball,CU,4,2.515723270440252,82.625,2372.25,0.4125,-0.8799999999999999,33.33333333333333,50.0,75.0,100.0,66.66666666666666,90.5,0.917,1.0
573262,Mike Yastrzemski,ATL,L,Sweeper,ST,4,2.515723270440252,79.925,2656.75,0.99,0.0675,0.0,25.0,75.0,100.0,66.66666666666666,84.26666666666667,0.033,0.0
573262,Mike Yastrzemski,ATL,L,Forkball,FO,2,1.257861635220126,85.35,739.0,-0.32,0.39,0.0,0.0,50.0,0.0,100.0,71.9,0.481,1.0
645277,Ozzie Albies,ATL,S,4-Seam Fastball,FF,101,37.6865671641791,94.66138613861385,2409.29702970297,-0.6063366336633663,1.2904950495049505,12.962962962962962,16.831683168316832,47.524752475247524,30.18867924528302,79.16666666666666,84.16,0.2594977,0.2222222222222222
645277,Ozzie Albies,ATL,S,Cutter,FC,37,13.805970149253731,91.67567567567568,2423.945945945946,0.13162162162162164,0.674054054054054,25.0,16.216216216216218,27.027027027027028,18.51851851851852,70.0,82.33333333333333,0.3185648571428571,0.0
645277,Ozzie Albies,ATL,S,Changeup,CH,35,13.059701492537313,85.42571428571429,1989.4571428571428,-0.05028571428571429,0.49628571428571433,16.0,11.428571428571429,42.857142857142854,50.0,100.0,81.11,0.06225,0.25
645277,Ozzie Albies,ATL,S,Slider,SL,31,11.567164179104477,87.84516129032258,2599.5806451612902,-0.0367741935483871,0.24580645161290324,15.0,22.58064516129032,48.38709677419355,56.25,73.33333333333333,85.03636363636363,0.549328,0.625
645277,Ozzie Albies,ATL,S,Sinker,SI,21,7.835820895522389,96.23333333333333,2256.714285714286,0.06523809523809525,0.7657142857142858,18.181818181818183,28.57142857142857,61.904761904761905,25.0,69.23076923076923,95.22857142857143,0.5786666666666667,0.6666666666666666
645277,Ozzie Albies,ATL,S,Curveball,CU,19,7.08955223880597,81.64736842105263,2734.6315789473683,-0.19052631578947368,-1.0105263157894737,22.22222222222222,26.31578947368421,26.31578947368421,42.857142857142854,60.0,76.55714285714285,0.07766666666666666,0.3333333333333333
645277,Ozzie Albies,ATL,S,Split-Finger,FS,15,5.597014925373134,88.72666666666667,1580.2666666666667,-1.0626666666666666,0.396,20.0,13.333333333333334,26.666666666666668,54.54545454545454,100.0,80.97142857142856,0.20940000000000003,0.2
645277,Ozzie Albies,ATL,S,Sweeper,ST,6,2.2388059701492535,82.16666666666667,2652.5,-0.40499999999999997,0.06333333333333334,25.0,50.0,66.66666666666666,50.0,75.0,70.43333333333334,0.469,0.0
645277,Ozzie Albies,ATL,S,Knuckle Curve,KC,2,0.7462686567164178,81.0,2832.0,0.84,-1.14,0.0,0.0,100.0,0.0,100.0,95.5,0.447,0.0
645277,Ozzie Albies,ATL,S,Forkball,FO,1,0.3731343283582089,88.0,699.0,-0.28,-0.16,0.0,0.0,100.0,0.0,100.0,71.7,0.286,0.0
660670,Ronald Acuña Jr.,ATL,R,4-Seam Fastball,FF,106,42.06349206349206,96.02169811320753,2460.4811320754716,-0.4984905660377359,1.326698113207547,28.57142857142857,23.58490566037736,44.339622641509436,23.728813559322035,74.46808510638297,81.75151515151515,0.2274418888888889,0.125
660670,Ronald Acuña Jr.,ATL,R,Slider,SL,31,12.3015873015873,87.88387096774194,2609.7741935483873,0.17516129032258063,0.08677419354838711,26.666666666666668,29.03225806451613,41.935483870967744,38.88888888888889,61.53846153846154,89.92999999999999,0.2739977,0.3333333333333333
660670,Ronald Acuña Jr.,ATL,R,Cutter,FC,29,11.507936507936508,91.07241379310345,2453.5172413793102,-0.004827586206896548,0.7031034482758621,29.411764705882355,17.24137931034483,41.37931034482759,29.411764705882355,100.0,84.76,0.3998295,0.2
660670,Ronald Acuña Jr.,ATL,R,Changeup,CH,28,11.11111111111111,85.28571428571429,2318.75,-0.6432142857142856,0.43964285714285717,57.14285714285714,39.285714285714285,42.857142857142854,37.5,66.66666666666666,75.53333333333333,0.2803954,0.25
660670,Ronald Acuña Jr.,ATL,R,Sweeper,ST,23,9.126984126984127,82.85217391304347,2494.8695652173915,0.9426086956521739,0.009130434782608703,22.22222222222222,34.78260869565217,34.78260869565217,40.0,37.5,86.28571428571429,0.5042,0.2
660670,Ronald Acuña Jr.,ATL,R,Curveball,CU,13,5.158730158730158,82.98461538461538,2846.076923076923,-0.6592307692307693,-0.9738461538461538,0.0,23.076923076923077,46.15384615384615,0.0,50.0,70.3,0.0,0.0
660670,Ronald Acuña Jr.,ATL,R,Sinker,SI,12,4.761904761904762,95.89166666666667,2255.8333333333335,-0.4633333333333334,0.6866666666666666,30.0,33.33333333333333,83.33333333333334,50.0,90.0,93.9,0.33575,0.0
660670,Ronald Acuña Jr.,ATL,R,Knuckle Curve,KC,6,2.380952380952381,88.76666666666667,2735.0,0.29333333333333333,-0.10333333333333333,66.66666666666666,66.66666666666666,33.33333333333333,100.0,100.0,69.4,0.0,0.0
660670,Ronald Acuña Jr.,ATL,R,Split-Finger,FS,3,1.1904761904761905,87.89999999999999,1089.0,-0.6566666666666666,0.08666666666666667,33.33333333333333,33.33333333333333,100.0,0.0,100.0,91.65,0.263,0.0
660670,Ronald Acuña Jr.,ATL,R,Forkball,FO,1,0.3968253968253968,87.9,863.0,-0.18,-0.16,0.0,100.0,100.0,0.0,0.0,0.0,0.0,0.0
669221,Sean Murphy,ATL,R,4-Seam Fastball,FF,33,33.33333333333333,95.01515151515152,2451.939393939394,-0.09363636363636364,1.3093939393939393,6.666666666666667,21.21212121212121,60.60606060606061,7.6923076923076925,70.0,81.92857142857143,0.38288377777777777,0.14285714285714285
669221,Sean Murphy,ATL,R,Slider,SL,27,27.27272727272727,88.17037037037036,2376.5555555555557,0.0674074074074074,0.09074074074074075,73.68421052631578,51.85185185185185,33.33333333333333,55.55555555555556,100.0,57.48,0.051333333333333335,0.16666666666666666
669221,Sean Murphy,ATL,R,Cutter,FC,17,17.17171717171717,91.05882352941177,2384.9411764705883,0.07823529411764707,0.6088235294117647,0.0,11.76470588235294,58.82352941176471,28.57142857142857,90.0,80.55555555555556,0.4746666666666666,0.5
669221,Sean Murphy,ATL,R,Sinker,SI,9,9.090909090909092,94.17777777777778,2283.6666666666665,-1.248888888888889,0.4444444444444444,0.0,22.22222222222222,66.66666666666666,66.66666666666666,50.0,82.78,0.2765,0.5
669221,Sean Murphy,ATL,R,Curveball,CU,5,5.05050505050505,80.14,2372.0,0.27199999999999996,-1.026,0.0,0.0,0.0,20.0,0.0,0.0,0.0,0.0
669221,Sean Murphy,ATL,R,Sweeper,ST,4,4.040404040404041,83.125,2617.75,-0.1925,0.125,0.0,25.0,25.0,0.0,0.0,0.0,0.0,0.0
669221,Sean Murphy,ATL,R,Changeup,CH,2,2.0202020202020203,80.25,2572.0,-1.105,-0.21000000000000002,0.0,0.0,0.0,0.0,0.0,0.0,0.0,0.0
669221,Sean Murphy,ATL,R,Split-Finger,FS,2,2.0202020202020203,87.5,1320.0,-0.635,0.14500000000000002,0.0,0.0,50.0,0.0,100.0,83.3,0.0,0.0
805347,,ATL,L,4-Seam Fastball,FF,23,41.07142857142857,94.64782608695653,2373.2608695652175,-0.657391304347826,1.3191304347826087,0.0,34.78260869565217,56.52173913043478,10.0,38.46153846153847,92.05,0.367159,0.0
805347,,ATL,L,Changeup,CH,14,25.0,82.22142857142856,2439.5714285714284,-1.4949999999999999,0.5142857142857143,66.66666666666666,57.14285714285714,50.0,28.57142857142857,14.285714285714285,95.8,0.09733333333333333,0.0
805347,,ATL,L,Cutter,FC,7,12.5,91.64285714285714,2514.285714285714,0.3,1.05,66.66666666666666,28.57142857142857,14.285714285714285,33.33333333333333,100.0,74.7,0.0,0.0
805347,,ATL,L,Sinker,SI,4,7.142857142857142,96.45,2232.0,-1.2525,0.7025,0.0,0.0,75.0,0.0,100.0,94.63333333333333,0.20366666666666666,0.0
805347,,ATL,L,Slider,SL,3,5.357142857142857,87.0,2419.0,0.07666666666666665,0.24,0.0,33.33333333333333,66.66666666666666,0.0,50.0,0.0,0.0,0.0
805347,,ATL,L,Split-Finger,FS,3,5.357142857142857,90.63333333333333,1761.6666666666667,-0.7933333333333333,0.49333333333333335,0.0,0.0,0.0,0.0,0.0,0.0,0.0,0.0
805347,,ATL,L,Curveball,CU,1,1.7857142857142856,85.9,2903.0,0.77,-1.0,0.0,0.0,0.0,100.0,0.0,0.0,0.0,0.0
805347,,ATL,L,Sweeper,ST,1,1.7857142857142856,83.3,2706.0,1.5,0.66,0.0,0.0,0.0,0.0,0.0,0.0,0.0,0.0
677942,Blaze Alexander,BAL,R,4-Seam Fastball,FF,4,26.666666666666668,90.9,2174.0,0.6,1.1675,25.0,25.0,50.0,100.0,100.0,78.10000000000001,0.0,0.0
677942,Blaze Alexander,BAL,R,Cutter,FC,4,26.666666666666668,86.65,2314.0,0.027499999999999997,0.6475,0.0,0.0,75.0,0.0,100.0,97.83333333333333,0.4386666666666667,0.0
677942,Blaze Alexander,BAL,R,Changeup,CH,3,20.0,80.66666666666667,1991.3333333333333,1.36,0.36333333333333334,50.0,33.33333333333333,0.0,66.66666666666666,0.0,47.0,0.141,1.0
677942,Blaze Alexander,BAL,R,Sinker,SI,2,13.333333333333334,93.0,2219.5,0.04499999999999993,1.1949999999999998,0.0,0.0,0.0,50.0,0.0,87.8,0.466,0.0
677942,Blaze Alexander,BAL,R,Slider,SL,2,13.333333333333334,73.69999999999999,2240.5,-0.8400000000000001,0.175,0.0,0.0,50.0,0.0,100.0,41.2,0.0,0.0
665966,Carlos Narváez,BAL,R,4-Seam Fastball,FF,52,44.827586206896555,94.45769230769231,2246.9615384615386,0.23500000000000001,1.2592307692307694,34.61538461538461,30.76923076923077,38.46153846153847,40.625,65.0,82.325,0.18155022222222222,0.0
665966,Carlos Narváez,BAL,R,Slider,SL,22,18.96551724137931,85.34545454545454,2405.3636363636365,-0.1427272727272727,0.19954545454545458,27.27272727272727,31.818181818181817,36.36363636363637,50.0,50.0,70.925,0.2354285714285714,0.2857142857142857
665966,Carlos Narváez,BAL,R,Cutter,FC,15,12.931034482758621,86.58,2248.6666666666665,0.006000000000000004,0.7086666666666667,25.0,20.0,46.666666666666664,25.0,85.71428571428571,83.28,0.20299425,0.0
665966,Carlos Narváez,BAL,R,Sinker,SI,13,11.206896551724139,91.33846153846154,2179.4615384615386,-0.9930769230769231,0.3246153846153846,33.33333333333333,30.76923076923077,53.84615384615385,16.666666666666664,71.42857142857143,90.525,0.4098215,0.0
665966,Carlos Narváez,BAL,R,Curveball,CU,6,5.172413793103448,79.65,2522.0,-0.08666666666666667,-0.8666666666666666,66.66666666666666,33.33333333333333,0.0,50.0,0.0,50.3,0.0,0.0
665966,Carlos Narváez,BAL,R,Sweeper,ST,5,4.310344827586207,82.97999999999999,2511.4,1.096,0.034,0.0,20.0,20.0,25.0,0.0,0.0,0.0,0.0
665966,Carlos Narváez,BAL,R,Changeup,CH,3,2.586206896551724,83.03333333333335,1720.6666666666667,1.5633333333333335,0.44333333333333336,0.0,0.0,0.0,66.66666666666666,0.0,70.4,0.0,0.0
687952,Christian Encarnacion-Strand,BAL,R,4-Seam Fastball,FF,74,35.57692307692308,95.16621621621621,2265.2297297297296,-0.08689189189189189,1.3587837837837837,14.893617021276595,16.216216216216218,56.75675675675676,31.25,88.09523809523809,84.44444444444444,0.438694652173913,0.2727272727272727
687952,Christian Encarnacion-Strand,BAL,R,Slider,SL,38,18.269230769230766,85.2921052631579,2546.1315789473683,-0.11421052631578947,0.0786842105263158,39.130434782608695,26.31578947368421,31.57894736842105,46.15384615384615,91.66666666666666,73.41538461538461,0.2032171111111111,0.0
687952,Christian Encarnacion-Strand,BAL,R,Sinker,SI,34,16.346153846153847,94.3029411764706,2239.6176470588234,-1.0591176470588235,0.7061764705882353,18.75,35.294117647058826,70.58823529411765,20.0,58.333333333333336,80.19090909090909,0.28049999999999997,0.16666666666666666
687952,Christian Encarnacion-Strand,BAL,R,Cutter,FC,18,8.653846153846153,87.73888888888888,2316.4444444444443,0.02611111111111111,0.7383333333333334,27.27272727272727,38.88888888888889,50.0,55.55555555555556,66.66666666666666,69.5125,0.0,0.0
687952,Christian Encarnacion-Strand,BAL,R,Sweeper,ST,14,6.730769230769231,82.27857142857144,2611.785714285714,0.6378571428571428,-0.024999999999999998,16.666666666666664,21.428571428571427,64.28571428571429,80.0,88.88888888888889,90.71111111111111,0.3658571428571428,0.8571428571428571
687952,Christian Encarnacion-Strand,BAL,R,Changeup,CH,13,6.25,83.88461538461539,1785.3846153846155,0.004615384615384619,0.33615384615384614,14.285714285714285,7.6923076923076925,30.76923076923077,44.44444444444444,75.0,78.44,0.379,0.25
687952,Christian Encarnacion-Strand,BAL,R,Curveball,CU,10,4.807692307692308,81.64,2676.0,0.025,-0.9650000000000001,0.0,40.0,40.0,0.0,0.0,0.0,0.0,0.0
687952,Christian Encarnacion-Strand,BAL,R,Split-Finger,FS,4,1.9230769230769231,90.3,1269.25,-0.77,0.265,75.0,75.0,0.0,100.0,0.0,84.1,0.0,0.0
687952,Christian Encarnacion-Strand,BAL,R,Slurve,SV,2,0.9615384615384616,79.15,3000.5,-0.825,-0.7949999999999999,50.0,50.0,0.0,100.0,0.0,95.3,0.278,1.0
687952,Christian Encarnacion-Strand,BAL,R,Knuckle Curve,KC,1,0.4807692307692308,84.1,2781.0,1.09,-1.3,0.0,100.0,100.0,0.0,0.0,0.0,0.0,0.0
681047,Christian Franklin,BAL,R,4-Seam Fastball,FF,38,39.175257731958766,94.75263157894737,2229.6052631578946,0.6186842105263158,1.3657894736842104,0.0,28.947368421052634,47.368421052631575,5.0,61.111111111111114,88.49,0.6908931,0.14285714285714285
681047,Christian Franklin,BAL,R,Slider,SL,29,29.896907216494846,84.28275862068965,2532.5172413793102,-0.21551724137931033,0.09000000000000001,33.33333333333333,27.586206896551722,20.689655172413794,34.78260869565217,66.66666666666666,81.6625,0.09400000000000001,0.1111111111111111
681047,Christian Franklin,BAL,R,Sinker,SI,9,9.278350515463918,92.6888888888889,2326.5555555555557,0.4388888888888889,0.7888888888888889,33.33333333333333,33.33333333333333,77.77777777777779,0.0,85.71428571428571,81.75,0.38497600000000004,1.0
681047,Christian Franklin,BAL,R,Curveball,CU,8,8.24742268041237,81.225,2782.75,-0.4525,-1.1125,0.0,25.0,50.0,0.0,0.0,0.0,0.0,0.0
681047,Christian Franklin,BAL,R,Cutter,FC,6,6.185567010309279,87.36666666666667,2335.1666666666665,0.245,0.8883333333333333,75.0,83.33333333333334,66.66666666666666,0.0,100.0,99.1,0.2015,0.0
681047,Christian Franklin,BAL,R,Split-Finger,FS,3,3.0927835051546393,84.66666666666667,948.6666666666666,0.61,0.13666666666666666,0.0,33.33333333333333,33.33333333333333,0.0,0.0,0.0,0.0,0.0
681047,Christian Franklin,BAL,R,Changeup,CH,2,2.0618556701030926,86.6,1632.0,1.53,0.82,0.0,0.0,0.0,0.0,0.0,0.0,0.0,0.0
681047,Christian Franklin,BAL,R,Sweeper,ST,2,2.0618556701030926,79.8,2834.0,1.38,-0.1,0.0,100.0,100.0,0.0,0.0,0.0,0.0,0.0
691723,Coby Mayo,BAL,R,4-Seam Fastball,FF,43,19.90740740740741,94.46279069767442,2295.5348837209303,-0.08604651162790698,1.3093023255813954,25.0,30.23255813953488,41.86046511627907,40.0,55.55555555555556,84.68333333333334,0.33860992307692306,0.18181818181818182
691723,Coby Mayo,BAL,R,Slider,SL,40,18.51851851851852,85.47999999999999,2558.2,-0.077,0.10024999999999999,20.0,25.0,50.0,15.0,60.0,86.15833333333335,0.6129,0.6
691723,Coby Mayo,BAL,R,Changeup,CH,36,16.666666666666664,85.65,1754.7222222222222,0.14722222222222225,0.2813888888888889,15.789473684210526,11.11111111111111,41.66666666666667,23.809523809523807,93.33333333333333,78.5125,0.47125,0.5
691723,Coby Mayo,BAL,R,Sweeper,ST,29,13.425925925925927,82.70344827586207,2641.689655172414,0.7141379310344828,0.1917241379310345,37.5,31.03448275862069,41.37931034482759,47.05882352941176,66.66666666666666,73.17,0.2925808,0.0
691723,Coby Mayo,BAL,R,Cutter,FC,24,11.11111111111111,90.19166666666666,2421.9166666666665,0.07541666666666667,0.7720833333333333,25.0,25.0,37.5,33.33333333333333,77.77777777777779,82.60000000000001,0.4788295,0.2
691723,Coby Mayo,BAL,R,Sinker,SI,19,8.796296296296296,92.85263157894737,2169.842105263158,-0.3363157894736842,0.6226315789473684,12.5,47.368421052631575,68.42105263157895,50.0,38.46153846153847,82.8,0.17225000000000001,0.0
691723,Coby Mayo,BAL,R,Curveball,CU,18,8.333333333333332,80.36666666666667,2735.277777777778,-0.45722222222222225,-1.0227777777777778,50.0,44.44444444444444,44.44444444444444,40.0,0.0,0.0,0.0,0.0
691723,Coby Mayo,BAL,R,Slurve,SV,5,2.314814814814815,80.1,2967.4,-0.694,-0.842,0.0,0.0,40.0,0.0,100.0,103.6,1.323,0.0
691723,Coby Mayo,BAL,R,Split-Finger,FS,2,0.9259259259259258,80.4,623.0,-0.36000000000000004,0.12,100.0,100.0,0.0,100.0,0.0,0.0,0.0,0.0
681297,Colton Cowser,BAL,L,4-Seam Fastball,FF,31,24.8,94.99677419354839,2261.7096774193546,-0.41419354838709677,1.2296774193548385,11.11111111111111,32.25806451612903,74.19354838709677,37.5,65.21739130434783,86.39999999999999,0.3769977,0.4444444444444444
681297,Colton Cowser,BAL,L,Changeup,CH,27,21.6,85.34814814814816,1691.4814814814815,-1.1674074074074074,0.16518518518518518,20.0,33.33333333333333,44.44444444444444,33.33333333333333,41.66666666666667,91.55,0.31783333333333336,0.5
681297,Colton Cowser,BAL,L,Sweeper,ST,16,12.8,81.625,2462.125,0.0018749999999999878,0.014374999999999999,14.285714285714285,31.25,50.0,37.5,50.0,83.27499999999999,0.40425,0.25
681297,Colton Cowser,BAL,L,Sinker,SI,13,10.4,92.33846153846154,2187.6923076923076,-0.14153846153846153,0.3469230769230769,28.57142857142857,46.15384615384615,76.92307692307693,33.33333333333333,60.0,89.9,0.4693333333333333,0.3333333333333333
681297,Colton Cowser,BAL,L,Split-Finger,FS,12,9.6,87.01666666666667,1173.1666666666667,-0.5808333333333333,0.21583333333333332,62.5,41.66666666666667,33.33333333333333,50.0,100.0,79.10000000000001,0.051666666666666666,0.0
681297,Colton Cowser,BAL,L,Curveball,CU,10,8.0,77.53,2357.0,0.33399999999999996,-0.605,50.0,40.0,60.0,0.0,66.66666666666666,45.2,0.0,0.0
681297,Colton Cowser,BAL,L,Slider,SL,8,6.4,85.0125,2379.5,0.07875,-0.04125,0.0,12.5,50.0,0.0,75.0,93.60000000000001,0.5415,0.0
681297,Colton Cowser,BAL,L,Cutter,FC,6,4.8,89.43333333333334,2350.6666666666665,0.14166666666666666,0.5750000000000001,0.0,0.0,83.33333333333334,0.0,100.0,81.75,0.6536589999999999,1.0
681297,Colton Cowser,BAL,L,Knuckle Curve,KC,1,0.8,83.5,2937.0,0.94,-1.24,0.0,100.0,100.0,0.0,0.0,0.0,0.0,0.0
681297,Colton Cowser,BAL,L,Slurve,SV,1,0.8,80.6,3027.0,-0.63,-1.04,100.0,100.0,0.0,100.0,0.0,0.0,0.0,0.0
687637,Dylan Beavers,BAL,L,4-Seam Fastball,FF,52,25.0,93.87307692307692,2274.269230769231,-0.13038461538461538,1.2757692307692308,16.0,19.230769230769234,42.30769230769231,26.666666666666668,77.27272727272727,86.9578947368421,0.6383041538461539,0.36363636363636365
687637,Dylan Beavers,BAL,L,Changeup,CH,39,18.75,84.83589743589744,1726.2051282051282,-1.1271794871794871,0.37974358974358974,33.33333333333333,33.33333333333333,30.76923076923077,48.148148148148145,41.66666666666667,72.70833333333333,0.2724977,0.3333333333333333
687637,Dylan Beavers,BAL,L,Sinker,SI,33,15.865384615384615,92.58181818181818,2253.060606060606,-0.04,0.54,14.285714285714285,33.33333333333333,54.54545454545454,13.333333333333334,66.66666666666666,86.64545454545454,0.4722145555555556,0.5
687637,Dylan Beavers,BAL,L,Slider,SL,21,10.096153846153847,78.7,2444.095238095238,-0.41571428571428576,0.18476190476190477,0.0,33.33333333333333,47.61904761904761,9.090909090909092,50.0,81.05,0.1805,0.3333333333333333
687637,Dylan Beavers,BAL,L,Sweeper,ST,19,9.134615384615383,80.39473684210526,2644.7368421052633,0.2663157894736842,0.08105263157894738,16.666666666666664,36.84210526315789,47.368421052631575,30.0,33.33333333333333,76.56,0.073,0.0
687637,Dylan Beavers,BAL,L,Curveball,CU,18,8.653846153846153,72.26666666666667,2203.0,0.31666666666666665,-0.4444444444444444,14.285714285714285,27.77777777777778,22.22222222222222,50.0,0.0,85.77499999999999,0.4446666666666667,0.6666666666666666
687637,Dylan Beavers,BAL,L,Cutter,FC,16,7.6923076923076925,89.40625,2389.25,-0.026249999999999996,0.756875,0.0,18.75,50.0,0.0,37.5,62.1,0.11699999999999999,0.0
687637,Dylan Beavers,BAL,L,Unknown,UNK,4,1.9230769230769231,0.0,0.0,0.0,0.0,0.0,0.0,0.0,0.0,0.0,0.0,0.0,0.0
687637,Dylan Beavers,BAL,L,Knuckle Curve,KC,3,1.4423076923076923,83.03333333333333,2764.3333333333335,0.9533333333333335,-1.2533333333333332,0.0,100.0,100.0,0.0,0.0,0.0,0.0,0.0
687637,Dylan Beavers,BAL,L,Split-Finger,FS,3,1.4423076923076923,87.36666666666667,1052.6666666666667,-0.8933333333333332,0.36000000000000004,0.0,0.0,0.0,0.0,0.0,0.0,0.0,0.0
683002,Gunnar Henderson,BAL,L,4-Seam Fastball,FF,61,25.630252100840334,95.33114754098361,2261.4262295081967,-0.07459016393442625,1.3344262295081968,11.11111111111111,24.59016393442623,59.01639344262295,24.0,58.333333333333336,85.17916666666666,0.3463488823529412,0.2857142857142857
683002,Gunnar Henderson,BAL,L,Changeup,CH,56,23.52941176470588,86.30535714285715,1721.0892857142858,-0.8496428571428571,0.34214285714285714,18.51851851851852,10.714285714285714,23.214285714285715,34.883720930232556,92.3076923076923,74.40952380952382,0.25066666666666665,0.16666666666666666
683002,Gunnar Henderson,BAL,L,Sinker,SI,36,15.126050420168067,93.27777777777777,2257.75,0.5594444444444444,0.5855555555555555,13.333333333333334,36.11111111111111,69.44444444444444,18.181818181818183,52.0,82.77272727272727,0.4101954,0.25
683002,Gunnar Henderson,BAL,L,Cutter,FC,26,10.92436974789916,90.08461538461538,2387.4615384615386,-0.06769230769230769,0.7292307692307692,16.666666666666664,26.923076923076923,53.84615384615385,16.666666666666664,71.42857142857143,79.47777777777777,0.35549425,0.16666666666666666
683002,Gunnar Henderson,BAL,L,Slider,SL,23,9.663865546218489,86.09565217391305,2567.5652173913045,-0.18478260869565216,0.07,23.076923076923077,17.391304347826086,34.78260869565217,40.0,87.5,79.34444444444445,0.0444,0.0
683002,Gunnar Henderson,BAL,L,Curveball,CU,17,7.142857142857142,81.09411764705882,2602.470588235294,0.10470588235294116,-0.9394117647058824,40.0,17.647058823529413,23.52941176470588,15.384615384615385,75.0,94.7,0.229,0.0
683002,Gunnar Henderson,BAL,L,Sweeper,ST,12,5.042016806722689,79.175,2487.0,-0.9499999999999998,-0.0375,11.11111111111111,33.33333333333333,66.66666666666666,100.0,62.5,74.05,0.09033333333333333,0.3333333333333333
683002,Gunnar Henderson,BAL,L,Slurve,SV,4,1.680672268907563,81.5,3039.0,-0.53,-0.8200000000000001,50.0,50.0,0.0,100.0,0.0,45.0,0.0,0.0
683002,Gunnar Henderson,BAL,L,Knuckle Curve,KC,2,0.8403361344537815,83.05,2762.5,1.1600000000000001,-1.1749999999999998,0.0,0.0,50.0,0.0,100.0,94.0,0.697977,0.0
683002,Gunnar Henderson,BAL,L,Split-Finger,FS,1,0.42016806722689076,87.4,1379.0,-0.57,0.23,0.0,0.0,0.0,100.0,0.0,39.5,0.0,0.0
702616,Jackson Holliday,BAL,L,4-Seam Fastball,FF,75,30.48780487804878,94.396,2275.28,-0.07093333333333333,1.2841333333333333,15.789473684210526,32.0,64.0,29.629629629629626,62.5,84.25,0.23845833333333333,0.16666666666666666
702616,Jackson Holliday,BAL,L,Changeup,CH,43,17.479674796747968,85.94651162790697,1732.2558139534883,-1.2013953488372093,0.17767441860465116,10.526315789473683,6.976744186046512,25.581395348837212,28.125,90.9090909090909,76.45714285714287,0.37455555555555553,0.3333333333333333
702616,Jackson Holliday,BAL,L,Slider,SL,38,15.447154471544716,80.98157894736842,2292.7105263157896,-0.26105263157894737,0.2710526315789473,20.0,21.052631578947366,39.473684210526315,43.47826086956522,66.66666666666666,83.88125,0.15728571428571428,0.0
702616,Jackson Holliday,BAL,L,Sinker,SI,36,14.634146341463413,91.66388888888889,2194.6388888888887,-0.25416666666666665,0.42083333333333334,16.666666666666664,33.33333333333333,66.66666666666666,25.0,62.5,82.52,0.3486136153846153,0.45454545454545453
702616,Jackson Holliday,BAL,L,Cutter,FC,18,7.317073170731707,90.52222222222223,2404.1666666666665,0.03777777777777777,0.8794444444444445,27.27272727272727,27.77777777777778,50.0,33.33333333333333,88.88888888888889,76.025,0.34349999999999997,0.3333333333333333
702616,Jackson Holliday,BAL,L,Curveball,CU,17,6.910569105691057,77.0764705882353,2471.823529411765,0.15823529411764706,-0.6188235294117647,0.0,41.17647058823529,64.70588235294117,0.0,54.54545454545454,87.66666666666667,0.164,0.0
702616,Jackson Holliday,BAL,L,Sweeper,ST,10,4.0650406504065035,78.8,2465.3,-0.20600000000000002,0.369,16.666666666666664,20.0,50.0,40.0,80.0,85.15,0.16966666666666666,0.0
702616,Jackson Holliday,BAL,L,Knuckle Curve,KC,5,2.0325203252032518,82.74,2832.4,1.084,-1.194,100.0,60.0,40.0,33.33333333333333,0.0,0.0,0.0,0.0
702616,Jackson Holliday,BAL,L,Split-Finger,FS,4,1.6260162601626018,88.025,1488.75,-0.55,0.1375,33.33333333333333,25.0,25.0,66.66666666666666,100.0,91.4,0.12866666666666668,0.0
665750,Leody Taveras,BAL,S,4-Seam Fastball,FF,69,35.025380710659896,94.72898550724638,2292.6521739130435,-0.09217391304347826,1.3239130434782609,15.789473684210526,24.637681159420293,55.072463768115945,38.70967741935484,68.42105263157895,83.29642857142858,0.2893133684210526,0.17647058823529413
665750,Leody Taveras,BAL,S,Changeup,CH,33,16.751269035532996,84.58181818181818,1698.1818181818182,-0.9996969696969698,0.23909090909090908,25.0,21.21212121212121,36.36363636363637,47.61904761904761,83.33333333333334,72.85833333333333,0.25739999999999996,0.5
665750,Leody Taveras,BAL,S,Curveball,CU,26,13.19796954314721,76.76153846153846,2505.3846153846152,0.07115384615384615,-0.8138461538461539,7.142857142857142,26.923076923076923,57.692307692307686,45.45454545454545,60.0,79.54545454545455,0.177,0.2222222222222222
665750,Leody Taveras,BAL,S,Sinker,SI,19,9.644670050761421,94.08947368421053,2336.684210526316,-0.39263157894736844,0.6815789473684211,0.0,31.57894736842105,84.21052631578947,0.0,62.5,79.83333333333333,0.62075,0.5
665750,Leody Taveras,BAL,S,Slider,SL,18,9.137055837563452,84.66666666666667,2612.722222222222,-0.29333333333333333,-0.0011111111111111152,100.0,50.0,38.88888888888889,18.181818181818183,0.0,0.0,0.0,0.0
665750,Leody Taveras,BAL,S,Cutter,FC,17,8.629441624365482,87.92941176470588,2278.0,-0.021176470588235293,0.6135294117647059,0.0,11.76470588235294,47.05882352941176,22.22222222222222,75.0,86.8875,0.13040000000000002,0.0
665750,Leody Taveras,BAL,S,Sweeper,ST,7,3.5532994923857872,82.18571428571428,2538.4285714285716,1.1842857142857142,-0.21714285714285714,33.33333333333333,42.857142857142854,42.857142857142854,50.0,33.33333333333333,94.8,0.156,0.0
665750,Leody Taveras,BAL,S,Split-Finger,FS,6,3.0456852791878175,86.98333333333333,1140.8333333333333,-0.7566666666666667,0.325,40.0,33.33333333333333,33.33333333333333,75.0,100.0,74.5,0.21499999999999997,0.3333333333333333
665750,Leody Taveras,BAL,S,Slurve,SV,2,1.015228426395939,79.9,2820.0,-0.22,-0.91,100.0,100.0,0.0,100.0,0.0,0.0,0.0,0.0
624413,Pete Alonso,BAL,R,4-Seam Fastball,FF,69,27.058823529411764,94.64202898550725,2288.710144927536,0.013768115942028989,1.3092753623188407,19.047619047619047,24.637681159420293,50.72463768115942,52.94117647058824,68.57142857142857,91.69666666666667,0.6250909090909091,0.5454545454545454
624413,Pete Alonso,BAL,R,Slider,SL,48,18.823529411764707,84.12291666666667,2559.2916666666665,-0.37958333333333333,0.0031250000000000028,32.142857142857146,35.41666666666667,60.416666666666664,31.57894736842105,75.86206896551724,91.66111111111111,0.31646153846153846,0.3076923076923077
624413,Pete Alonso,BAL,R,Changeup,CH,39,15.294117647058824,85.7102564102564,1707.3589743589744,-0.038717948717948716,0.3371794871794872,21.73913043478261,23.076923076923077,38.46153846153847,50.0,73.33333333333333,78.64999999999999,0.4359090909090909,0.18181818181818182
624413,Pete Alonso,BAL,R,Sinker,SI,32,12.549019607843137,92.090625,2198.28125,-0.721875,0.3215625,0.0,25.0,53.125,20.0,64.70588235294117,82.87857142857142,0.2894285714285714,0.42857142857142855
624413,Pete Alonso,BAL,R,Sweeper,ST,28,10.980392156862745,82.45714285714287,2617.8928571428573,0.7389285714285714,0.16285714285714287,61.53846153846154,35.714285714285715,17.857142857142858,39.130434782608695,80.0,85.375,0.10285714285714286,0.2857142857142857
624413,Pete Alonso,BAL,R,Curveball,CU,14,5.490196078431373,80.20714285714287,2849.8571428571427,-0.26071428571428573,-1.2714285714285716,100.0,14.285714285714285,7.142857142857142,15.384615384615385,0.0,0.0,0.0,0.0
624413,Pete Alonso,BAL,R,Cutter,FC,13,5.098039215686274,88.06923076923077,2227.5384615384614,-0.0038461538461538494,0.5953846153846154,16.666666666666664,30.76923076923077,53.84615384615385,33.33333333333333,57.14285714285714,90.34,0.2705,0.0
624413,Pete Alonso,BAL,R,Unknown,UNK,8,3.1372549019607843,0.0,0.0,0.0,0.0,0.0,0.0,0.0,0.0,0.0,0.0,0.0,0.0
624413,Pete Alonso,BAL,R,Split-Finger,FS,3,1.1764705882352942,83.7,682.6666666666666,0.33666666666666667,0.4766666666666666,100.0,33.33333333333333,0.0,33.33333333333333,0.0,0.0,0.0,0.0
624413,Pete Alonso,BAL,R,Knuckle Curve,KC,1,0.39215686274509803,83.9,2808.0,1.18,-1.15,0.0,0.0,100.0,0.0,100.0,87.6,0.0,0.0
694212,Samuel Basallo,BAL,L,Changeup,CH,30,20.0,85.73333333333333,1762.4666666666667,-1.189,0.08466666666666667,28.57142857142857,16.666666666666664,23.333333333333332,39.130434782608695,71.42857142857143,80.01,0.060777777777777785,0.125
694212,Samuel Basallo,BAL,L,4-Seam Fastball,FF,28,18.666666666666668,94.38928571428572,2275.785714285714,-0.5721428571428572,1.2175,27.77777777777778,28.57142857142857,50.0,50.0,78.57142857142857,81.06363636363636,0.2284977,0.0
694212,Samuel Basallo,BAL,L,Sinker,SI,28,18.666666666666668,91.73571428571428,2176.25,0.5292857142857142,0.36500000000000005,36.36363636363637,50.0,57.14285714285714,41.66666666666667,37.5,83.81428571428572,0.3406666666666667,0.2222222222222222
694212,Samuel Basallo,BAL,L,Slider,SL,20,13.333333333333334,85.945,2523.3,0.009999999999999998,0.11499999999999999,40.0,35.0,35.0,46.15384615384615,57.14285714285714,77.39999999999999,0.11266666666666668,0.0
694212,Samuel Basallo,BAL,L,Curveball,CU,19,12.666666666666668,78.73157894736842,2615.6315789473683,0.6473684210526316,-0.7136842105263158,50.0,47.368421052631575,31.57894736842105,61.53846153846154,33.33333333333333,70.58,0.0155,0.0
694212,Samuel Basallo,BAL,L,Sweeper,ST,14,9.333333333333334,79.75,2539.4285714285716,-0.35000000000000003,0.12928571428571428,42.857142857142854,28.57142857142857,35.714285714285715,33.33333333333333,80.0,87.76666666666667,0.16419040000000001,0.25
694212,Samuel Basallo,BAL,L,Cutter,FC,9,6.0,89.98888888888888,2371.8888888888887,-0.17333333333333334,0.6211111111111111,0.0,11.11111111111111,33.33333333333333,33.33333333333333,66.66666666666666,86.225,0.1285,0.5
694212,Samuel Basallo,BAL,L,Slurve,SV,2,1.3333333333333335,80.2,2969.0,-0.81,-0.68,0.0,0.0,0.0,0.0,0.0,0.0,0.0,0.0
650968,Yohel Pozo,BAL,R,4-Seam Fastball,FF,1,100.0,96.0,2127.0,-0.69,1.27,0.0,0.0,0.0,100.0,0.0,85.3,0.068,0.0
641933,,BAL,R,4-Seam Fastball,FF,31,35.63218390804598,94.25161290322582,2308.3870967741937,-0.009354838709677413,1.4003225806451611,31.25,32.25806451612903,58.06451612903226,23.076923076923077,72.22222222222221,85.51111111111112,0.094,0.0
641933,,BAL,R,Sinker,SI,15,17.24137931034483,93.28,2233.3333333333335,-0.58,0.18933333333333333,50.0,40.0,33.33333333333333,40.0,40.0,92.73333333333333,0.621,0.5
641933,,BAL,R,Changeup,CH,12,13.793103448275861,86.29166666666667,1873.3333333333333,-0.45333333333333337,0.3075,33.33333333333333,41.66666666666667,66.66666666666666,75.0,75.0,72.43333333333334,0.2111395714285714,0.0
669236,,BAL,R,4-Seam Fastball,FF,11,47.82608695652174,94.82727272727271,2218.909090909091,0.45545454545454545,1.3954545454545455,55.55555555555556,45.45454545454545,36.36363636363637,71.42857142857143,100.0,81.06666666666668,0.0,0.0
641933,,BAL,R,Cutter,FC,10,11.494252873563218,89.03999999999999,2334.5,0.273,0.753,57.14285714285714,40.0,50.0,40.0,100.0,90.33333333333333,0.10700000000000003,0.3333333333333333
641933,,BAL,R,Slider,SL,9,10.344827586206897,86.15555555555555,2500.3333333333335,-0.22,0.05555555555555555,50.0,33.33333333333333,44.44444444444444,20.0,75.0,96.2,0.175,0.0
641933,,BAL,R,Curveball,CU,4,4.597701149425287,81.325,2578.75,-0.4,-0.925,0.0,25.0,25.0,0.0,0.0,0.0,0.0,0.0
641933,,BAL,R,Sweeper,ST,4,4.597701149425287,82.55,2458.0,0.915,0.875,0.0,0.0,50.0,0.0,100.0,73.4,0.271,0.0
669236,,BAL,R,Cutter,FC,4,17.391304347826086,89.775,2303.5,0.029999999999999992,0.73,0.0,25.0,75.0,100.0,33.33333333333333,90.9,0.0,0.0
669236,,BAL,R,Changeup,CH,3,13.043478260869565,87.0,1599.3333333333333,1.37,0.03666666666666666,0.0,0.0,0.0,33.33333333333333,0.0,79.1,0.0,0.0
641933,,BAL,R,Split-Finger,FS,2,2.2988505747126435,85.55,1208.0,0.8200000000000001,0.32,0.0,0.0,0.0,0.0,0.0,0.0,0.0,0.0
669236,,BAL,R,Slider,SL,2,8.695652173913043,86.05,2487.0,0.305,0.485,0.0,0.0,100.0,0.0,100.0,79.55000000000001,0.171,0.0
669236,,BAL,R,Curveball,CU,1,4.3478260869565215,80.6,2605.0,-0.61,-1.35,100.0,100.0,0.0,100.0,0.0,0.0,0.0,0.0
669236,,BAL,R,Sinker,SI,1,4.3478260869565215,92.3,2345.0,-1.46,0.98,0.0,0.0,0.0,100.0,0.0,57.4,0.0,0.0
669236,,BAL,R,Split-Finger,FS,1,4.3478260869565215,83.9,790.0,0.83,0.31,0.0,0.0,0.0,0.0,0.0,0.0,0.0,0.0
668939,Adley Rutschman,BOS,S,4-Seam Fastball,FF,57,27.941176470588236,95.00350877192982,2332.719298245614,-0.37649122807017543,1.3205263157894735,19.35483870967742,26.31578947368421,47.368421052631575,40.0,70.37037037037037,78.58749999999999,0.4058888888888889,0.2222222222222222
668939,Adley Rutschman,BOS,S,Changeup,CH,32,15.686274509803921,87.334375,1866.625,-0.1025,0.045937500000000006,5.555555555555555,9.375,21.875,52.0,71.42857142857143,77.24117647058823,0.3159230769230769,0.38461538461538464
668939,Adley Rutschman,BOS,S,Sinker,SI,31,15.196078431372548,95.3258064516129,2258.1290322580644,-1.0190322580645161,0.7112903225806452,11.11111111111111,19.35483870967742,25.806451612903224,17.391304347826086,62.5,99.5,0.282125,0.0
668939,Adley Rutschman,BOS,S,Cutter,FC,24,11.76470588235294,90.39583333333333,2284.375,0.10791666666666667,0.755,0.0,37.5,62.5,0.0,40.0,80.075,0.23265899999999998,0.0
668939,Adley Rutschman,BOS,S,Sweeper,ST,24,11.76470588235294,83.22916666666667,2674.4583333333335,1.1495833333333334,0.3120833333333333,28.57142857142857,54.166666666666664,62.5,33.33333333333333,26.666666666666668,89.47999999999999,0.025666666666666667,0.0
668939,Adley Rutschman,BOS,S,Curveball,CU,14,6.862745098039216,82.12857142857142,2661.5714285714284,0.29857142857142854,-1.0785714285714285,0.0,21.428571428571427,50.0,42.857142857142854,57.14285714285714,62.24285714285714,0.32149999999999995,0.0
668939,Adley Rutschman,BOS,S,Slider,SL,9,4.411764705882353,85.97777777777777,2425.777777777778,0.18666666666666665,0.23666666666666666,0.0,33.33333333333333,66.66666666666666,33.33333333333333,50.0,83.575,0.609,0.0
668939,Adley Rutschman,BOS,S,Split-Finger,FS,8,3.9215686274509802,86.775,921.625,-0.8875,0.07875,0.0,12.5,50.0,50.0,75.0,70.52000000000001,0.3025,0.5
668939,Adley Rutschman,BOS,S,Eephus,EP,2,0.9803921568627451,51.4,1296.0,-0.24499999999999997,1.195,0.0,0.0,50.0,0.0,100.0,78.1,0.462,1.0
668939,Adley Rutschman,BOS,S,Slurve,SV,2,0.9803921568627451,77.7,2334.5,-1.5350000000000001,-0.2,0.0,0.0,0.0,50.0,0.0,0.0,0.0,0.0
668939,Adley Rutschman,BOS,S,Pitch Out,PO,1,0.49019607843137253,91.5,2269.0,-1.19,0.97,0.0,0.0,0.0,0.0,0.0,0.0,0.0,0.0
655316,Andruw Monasterio,BOS,R,4-Seam Fastball,FF,80,37.03703703703704,94.26375,2274.1875,-0.099375,1.3225,2.5,13.750000000000002,60.0,12.5,75.0,82.89444444444445,0.2626632857142857,0.10526315789473684
655316,Andruw Monasterio,BOS,R,Sweeper,ST,41,18.98148148148148,82.9609756097561,2679.512195121951,1.0292682926829269,0.03585365853658537,25.0,39.02439024390244,58.536585365853654,41.17647058823529,54.166666666666664,78.61333333333333,0.08946153846153847,0.23076923076923078
655316,Andruw Monasterio,BOS,R,Sinker,SI,26,12.037037037037036,95.02307692307691,2108.923076923077,-1.3746153846153848,0.4053846153846154,11.11111111111111,38.46153846153847,57.692307692307686,18.181818181818183,46.666666666666664,77.98333333333333,0.3419908,0.0
655316,Andruw Monasterio,BOS,R,Slider,SL,23,10.648148148148149,86.7304347826087,2351.2608695652175,0.18695652173913044,0.22608695652173913,42.857142857142854,39.130434782608695,47.82608695652174,50.0,72.72727272727273,80.025,0.246375,0.25
655316,Andruw Monasterio,BOS,R,Curveball,CU,14,6.481481481481481,80.8,2792.214285714286,-0.44642857142857145,-1.1364285714285713,33.33333333333333,28.57142857142857,28.57142857142857,40.0,50.0,71.0,0.054,0.0
655316,Andruw Monasterio,BOS,R,Changeup,CH,12,5.555555555555555,86.02499999999999,1743.0833333333333,0.3558333333333333,0.35000000000000003,33.33333333333333,25.0,41.66666666666667,28.57142857142857,80.0,98.275,0.552,0.0
655316,Andruw Monasterio,BOS,R,Cutter,FC,9,4.166666666666666,90.84444444444445,2240.1111111111113,0.11444444444444445,0.9022222222222221,16.666666666666664,11.11111111111111,55.55555555555556,25.0,100.0,85.1,0.219,0.0
655316,Andruw Monasterio,BOS,R,Split-Finger,FS,6,2.7777777777777777,85.85000000000001,997.0,-0.6583333333333333,0.25666666666666665,40.0,33.33333333333333,33.33333333333333,75.0,100.0,82.96666666666665,0.17933333333333334,0.0
655316,Andruw Monasterio,BOS,R,Slurve,SV,3,1.3888888888888888,77.60000000000001,2267.0,-1.32,-0.21666666666666667,0.0,33.33333333333333,100.0,0.0,66.66666666666666,102.8,0.0,0.0
655316,Andruw Monasterio,BOS,R,Eephus,EP,1,0.4629629629629629,37.8,929.0,0.05,1.86,0.0,100.0,0.0,0.0,0.0,0.0,0.0,0.0
655316,Andruw Monasterio,BOS,R,Other,FA,1,0.4629629629629629,64.6,1499.0,-0.95,0.49,0.0,0.0,100.0,0.0,100.0,90.2,0.004,0.0
702332,Caleb Durbin,BOS,R,4-Seam Fastball,FF,70,30.434782608695656,94.33857142857143,2319.9714285714285,-0.06657142857142857,1.336142857142857,26.923076923076923,25.71428571428571,42.857142857142854,12.5,70.0,83.04705882352941,0.23342364285714284,0.2727272727272727
702332,Caleb Durbin,BOS,R,Sinker,SI,47,20.434782608695652,94.69361702127661,2199.659574468085,-0.881063829787234,0.46978723404255324,5.263157894736842,31.914893617021278,61.702127659574465,27.77777777777778,48.275862068965516,80.08,0.3929128333333333,0.4166666666666667
702332,Caleb Durbin,BOS,R,Slider,SL,28,12.173913043478262,87.14285714285714,2310.6428571428573,0.2885714285714286,0.029642857142857137,13.333333333333334,28.57142857142857,50.0,50.0,57.14285714285714,66.93333333333334,0.048,0.25
702332,Caleb Durbin,BOS,R,Sweeper,ST,26,11.304347826086957,83.23846153846154,2662.346153846154,1.0734615384615385,0.1,7.6923076923076925,23.076923076923077,50.0,38.46153846153847,61.53846153846154,73.27272727272727,0.3318,0.2
702332,Caleb Durbin,BOS,R,Changeup,CH,18,7.82608695652174,85.41666666666667,1869.0555555555557,1.01,0.3605555555555556,30.0,16.666666666666664,50.0,22.22222222222222,88.88888888888889,78.10000000000001,0.304,0.3333333333333333
702332,Caleb Durbin,BOS,R,Curveball,CU,16,6.956521739130435,82.9625,2764.125,0.115625,-1.06125,14.285714285714285,25.0,50.0,37.5,50.0,80.58333333333333,0.289,0.16666666666666666
702332,Caleb Durbin,BOS,R,Cutter,FC,15,6.521739130434782,89.37333333333332,2229.4,0.02666666666666667,0.548,20.0,26.666666666666668,40.0,11.11111111111111,66.66666666666666,91.15,0.005333333333333333,0.0
702332,Caleb Durbin,BOS,R,Split-Finger,FS,5,2.1739130434782608,85.86,1204.0,-0.7699999999999999,0.122,66.66666666666666,60.0,40.0,66.66666666666666,50.0,71.8,0.328984,0.5
702332,Caleb Durbin,BOS,R,Other,FA,2,0.8695652173913043,60.5,1493.0,-1.065,0.97,0.0,50.0,0.0,50.0,0.0,87.8,0.157,0.0
702332,Caleb Durbin,BOS,R,Slurve,SV,2,0.8695652173913043,77.5,2281.0,-1.18,-0.13,0.0,0.0,50.0,0.0,100.0,48.6,0.697977,0.0
702332,Caleb Durbin,BOS,R,Eephus,EP,1,0.43478260869565216,41.9,991.0,-0.11,1.87,0.0,0.0,0.0,100.0,0.0,70.6,0.0,0.0
678882,Ceddanne Rafaela,BOS,R,4-Seam Fastball,FF,66,23.404255319148938,94.6909090909091,2290.848484848485,-0.14696969696969697,1.3793939393939394,14.705882352941178,28.78787878787879,48.484848484848484,50.0,53.125,78.164,0.2600636,0.3076923076923077
678882,Ceddanne Rafaela,BOS,R,Sinker,SI,49,17.375886524822697,95.09387755102041,2168.4897959183672,-1.2479591836734694,0.6534693877551021,0.0,18.367346938775512,67.3469387755102,25.0,69.6969696969697,84.45,0.20123529411764707,0.23529411764705882
678882,Ceddanne Rafaela,BOS,R,Sweeper,ST,49,17.375886524822697,83.41224489795918,2653.1020408163267,1.0961224489795918,0.19836734693877553,23.333333333333332,28.57142857142857,44.89795918367347,55.55555555555556,68.18181818181817,72.73478260869565,0.4026363636363637,0.36363636363636365
678882,Ceddanne Rafaela,BOS,R,Changeup,CH,37,13.120567375886525,87.50810810810812,1763.7027027027027,-0.42,0.13,4.0,8.108108108108109,40.54054054054054,54.54545454545454,86.66666666666667,81.48333333333333,0.1605,0.2222222222222222
678882,Ceddanne Rafaela,BOS,R,Slider,SL,25,8.865248226950355,86.704,2324.28,0.06520000000000001,0.168,37.5,36.0,44.0,50.0,81.81818181818183,89.95,0.5704285714285715,0.5555555555555556
678882,Ceddanne Rafaela,BOS,R,Curveball,CU,21,7.446808510638298,80.15714285714286,2607.7619047619046,0.31238095238095237,-1.1442857142857144,23.076923076923077,19.047619047619047,33.33333333333333,42.857142857142854,100.0,69.93333333333334,0.14325000000000002,0.0
678882,Ceddanne Rafaela,BOS,R,Cutter,FC,17,6.028368794326241,90.3,2388.823529411765,0.2647058823529412,0.6264705882352941,22.22222222222222,17.647058823529413,29.411764705882355,41.66666666666667,80.0,87.05,0.1348,0.2
678882,Ceddanne Rafaela,BOS,R,Unknown,UNK,8,2.8368794326241136,0.0,0.0,0.0,0.0,0.0,0.0,0.0,0.0,0.0,0.0,0.0,0.0
678882,Ceddanne Rafaela,BOS,R,Split-Finger,FS,7,2.4822695035460995,85.78571428571429,1052.5714285714287,-0.5928571428571429,0.07,0.0,14.285714285714285,42.857142857142854,25.0,66.66666666666666,72.2,0.0,0.0
678882,Ceddanne Rafaela,BOS,R,Slurve,SV,2,0.7092198581560284,88.75,2713.5,0.615,-0.84,50.0,50.0,0.0,100.0,0.0,72.5,0.224,0.0
678882,Ceddanne Rafaela,BOS,R,Pitch Out,PO,1,0.3546099290780142,90.9,2171.0,-0.9,0.87,0.0,0.0,0.0,0.0,0.0,0.0,0.0,0.0
657136,Connor Wong,BOS,R,Sinker,SI,19,23.75,93.45263157894736,2162.5263157894738,-0.8678947368421052,0.528421052631579,0.0,36.84210526315789,68.42105263157895,66.66666666666666,46.15384615384615,82.84285714285714,0.33925,0.25
657136,Connor Wong,BOS,R,Sweeper,ST,17,21.25,82.68235294117646,2686.294117647059,0.35117647058823526,0.06999999999999998,77.77777777777779,70.58823529411765,52.94117647058824,62.5,44.44444444444444,92.3,0.12715866666666667,0.0
657136,Connor Wong,BOS,R,4-Seam Fastball,FF,15,18.75,95.37333333333332,2329.6666666666665,-0.23866666666666667,1.268,0.0,0.0,53.333333333333336,0.0,100.0,84.52857142857144,0.1336,0.2
657136,Connor Wong,BOS,R,Slider,SL,9,11.25,85.88888888888889,2284.222222222222,0.28111111111111114,-0.1,0.0,22.22222222222222,44.44444444444444,0.0,100.0,90.57499999999999,0.4073333333333333,0.3333333333333333
657136,Connor Wong,BOS,R,Curveball,CU,6,7.5,79.93333333333334,2984.6666666666665,-0.7566666666666667,-1.33,0.0,33.33333333333333,33.33333333333333,100.0,0.0,88.8,0.086,0.0
657136,Connor Wong,BOS,R,Split-Finger,FS,6,7.5,84.16666666666667,903.3333333333334,-0.96,0.21666666666666667,0.0,33.33333333333333,66.66666666666666,100.0,50.0,63.45,0.272,0.0
657136,Connor Wong,BOS,R,Changeup,CH,4,5.0,89.2,1841.5,-0.7675,0.655,33.33333333333333,25.0,50.0,50.0,100.0,90.5,0.194,0.5
657136,Connor Wong,BOS,R,Cutter,FC,4,5.0,89.875,2433.75,0.034999999999999996,0.6275,0.0,75.0,50.0,0.0,0.0,0.0,0.0,0.0
642201,Eli White,BOS,R,4-Seam Fastball,FF,27,40.298507462686565,93.2,2202.296296296296,0.4166666666666667,1.2277777777777776,35.294117647058826,33.33333333333333,59.25925925925925,36.36363636363637,81.25,78.8,0.3216,0.6
642201,Eli White,BOS,R,Slider,SL,13,19.402985074626866,86.27692307692307,2522.153846153846,-0.4453846153846154,0.06384615384615384,0.0,0.0,38.46153846153847,12.5,100.0,74.55,0.3429954,0.0
642201,Eli White,BOS,R,Changeup,CH,10,14.925373134328357,79.63000000000001,1734.6,1.261,0.219,16.666666666666664,30.0,40.0,66.66666666666666,50.0,71.0,1.144,0.0
642201,Eli White,BOS,R,Split-Finger,FS,7,10.44776119402985,86.08571428571429,1211.2857142857142,-0.6557142857142857,0.1542857142857143,0.0,0.0,42.857142857142854,100.0,100.0,72.03999999999999,0.0845,0.25
642201,Eli White,BOS,R,Cutter,FC,4,5.970149253731343,86.75,2084.25,0.275,0.745,0.0,50.0,100.0,0.0,50.0,74.7,0.0,0.0
642201,Eli White,BOS,R,Curveball,CU,3,4.477611940298507,77.63333333333333,2391.0,-0.56,-0.8166666666666668,0.0,66.66666666666666,100.0,0.0,33.33333333333333,83.4,0.008,0.0
642201,Eli White,BOS,R,Sweeper,ST,3,4.477611940298507,77.56666666666666,2192.6666666666665,-0.003333333333333336,0.030000000000000002,100.0,100.0,100.0,0.0,33.33333333333333,0.0,0.0,0.0
663330,Jahmai Jones,BOS,R,Slider,SL,14,22.58064516129032,86.03571428571429,2588.3571428571427,-0.46642857142857147,0.2057142857142857,50.0,21.428571428571427,21.428571428571427,27.27272727272727,100.0,87.06666666666666,0.4187862,0.0
663330,Jahmai Jones,BOS,R,4-Seam Fastball,FF,13,20.967741935483872,93.64615384615385,2207.230769230769,0.6484615384615384,1.2507692307692309,25.0,46.15384615384615,53.84615384615385,33.33333333333333,28.57142857142857,90.46666666666665,0.5894047142857143,0.3333333333333333
663330,Jahmai Jones,BOS,R,Sweeper,ST,12,19.35483870967742,80.25,2627.0833333333335,-0.6233333333333333,0.16583333333333333,100.0,41.66666666666667,33.33333333333333,12.5,25.0,0.0,0.0,0.0
663330,Jahmai Jones,BOS,R,Changeup,CH,11,17.741935483870968,84.22727272727273,1663.909090909091,1.2045454545454546,0.32272727272727275,25.0,9.090909090909092,9.090909090909092,30.0,100.0,91.15,0.449,1.0
663330,Jahmai Jones,BOS,R,Cutter,FC,5,8.064516129032258,87.36,2245.6,0.158,0.548,0.0,0.0,40.0,33.33333333333333,100.0,97.73333333333333,0.624238,0.3333333333333333
663330,Jahmai Jones,BOS,R,Curveball,CU,4,6.451612903225806,78.975,3020.25,-0.7975000000000001,-1.3875000000000002,0.0,0.0,50.0,0.0,100.0,0.0,0.0,0.0
663330,Jahmai Jones,BOS,R,Sinker,SI,2,3.225806451612903,96.94999999999999,2278.5,1.2650000000000001,0.4,50.0,50.0,100.0,0.0,100.0,0.0,0.0,0.0
663330,Jahmai Jones,BOS,R,Split-Finger,FS,1,1.6129032258064515,83.5,884.0,0.39,0.07,0.0,0.0,0.0,0.0,0.0,0.0,0.0,0.0
680776,Jarren Duran,BOS,L,4-Seam Fastball,FF,67,38.06818181818182,96.41940298507463,2375.9402985074626,-0.6626865671641791,1.2776119402985073,13.513513513513514,17.91044776119403,47.76119402985074,34.285714285714285,78.125,77.16666666666667,0.183,0.1111111111111111
680776,Jarren Duran,BOS,L,Curveball,CU,25,14.204545454545455,82.772,2579.2,0.49079999999999996,-0.7772,41.66666666666667,32.0,40.0,33.33333333333333,70.0,92.67999999999999,0.36644444444444446,0.2222222222222222
680776,Jarren Duran,BOS,L,Slider,SL,18,10.227272727272728,84.13888888888889,2521.277777777778,0.07888888888888888,0.0461111111111111,36.36363636363637,38.88888888888889,83.33333333333334,33.33333333333333,66.66666666666666,79.64285714285714,0.2207142857142857,0.0
680776,Jarren Duran,BOS,L,Changeup,CH,17,9.659090909090908,87.92941176470588,1832.4705882352941,-1.2058823529411764,0.028235294117647063,18.181818181818183,11.76470588235294,29.411764705882355,50.0,100.0,85.64444444444445,0.5025,0.625
680776,Jarren Duran,BOS,L,Sweeper,ST,16,9.090909090909092,81.0375,2806.6875,0.25,0.284375,0.0,18.75,62.5,0.0,50.0,91.46000000000001,0.844,0.5
680776,Jarren Duran,BOS,L,Cutter,FC,14,7.954545454545454,91.49285714285715,2398.1428571428573,0.13285714285714284,0.63,33.33333333333333,14.285714285714285,28.57142857142857,20.0,100.0,102.10000000000001,0.555484,0.5
680776,Jarren Duran,BOS,L,Split-Finger,FS,10,5.681818181818182,88.53999999999999,1248.8,-0.9339999999999999,0.044000000000000004,75.0,60.0,0.0,80.0,0.0,50.1,0.0,0.0
680776,Jarren Duran,BOS,L,Sinker,SI,9,5.113636363636364,94.03333333333333,2158.4444444444443,-0.5688888888888888,-0.05555555555555555,0.0,11.11111111111111,66.66666666666666,66.66666666666666,83.33333333333334,94.12,0.44239999999999996,0.4
686765,Nick Sogard,BOS,S,Sinker,SI,88,26.506024096385545,94.875,2176.0,-1.2735227272727272,0.4748863636363636,10.526315789473683,37.5,43.18181818181818,20.0,23.684210526315788,84.69333333333334,0.34883605263157896,0.07142857142857142
686765,Nick Sogard,BOS,S,4-Seam Fastball,FF,67,20.180722891566266,94.56417910447762,2300.3283582089553,-0.10626865671641791,1.2922388059701493,14.705882352941178,26.865671641791046,62.68656716417911,12.0,73.80952380952381,87.10000000000001,0.43258672727272723,0.6111111111111112
686765,Nick Sogard,BOS,S,Changeup,CH,40,12.048192771084338,86.6125,1839.85,-0.5262499999999999,0.18075,25.0,15.0,15.0,26.47058823529412,50.0,67.71428571428571,0.30999999999999994,0.5
686765,Nick Sogard,BOS,S,Sweeper,ST,37,11.144578313253012,83.5,2628.162162162162,0.9324324324324325,0.34216216216216216,0.0,21.62162162162162,54.054054054054056,11.76470588235294,50.0,87.38,0.29124425,0.3333333333333333
686765,Nick Sogard,BOS,S,Split-Finger,FS,30,9.036144578313253,85.67,1216.0666666666666,-0.8213333333333334,0.164,33.33333333333333,33.33333333333333,40.0,55.55555555555556,66.66666666666666,79.49166666666666,0.1916,0.0
686765,Nick Sogard,BOS,S,Cutter,FC,28,8.433734939759036,91.43571428571428,2332.035714285714,0.09892857142857144,0.8942857142857142,55.55555555555556,39.285714285714285,46.42857142857143,13.333333333333334,53.84615384615385,71.45,0.054285714285714284,0.0
686765,Nick Sogard,BOS,S,Slider,SL,23,6.927710843373494,85.49130434782609,2321.1739130434785,0.16956521739130434,0.18130434782608695,0.0,39.130434782608695,65.21739130434783,37.5,40.0,83.32222222222222,0.42119999999999996,0.4
686765,Nick Sogard,BOS,S,Curveball,CU,19,5.72289156626506,81.1842105263158,2471.4736842105262,0.20789473684210524,-0.9757894736842104,0.0,26.31578947368421,36.84210526315789,0.0,42.857142857142854,86.76666666666667,0.2935,0.0
575929,Willson Contreras,BOS,R,4-Seam Fastball,FF,78,30.708661417322837,94.60000000000001,2332.9871794871797,-0.2724358974358974,1.3480769230769232,13.953488372093023,21.794871794871796,61.53846153846154,20.0,77.08333333333334,77.07941176470588,0.25299174999999996,0.26666666666666666
575929,Willson Contreras,BOS,R,Sweeper,ST,34,13.385826771653544,83.21176470588235,2583.735294117647,0.7770588235294118,0.004999999999999993,23.52941176470588,35.294117647058826,47.05882352941176,55.55555555555556,43.75,90.73076923076923,0.3409230769230769,0.3076923076923077
575929,Willson Contreras,BOS,R,Changeup,CH,31,12.204724409448819,86.25483870967743,1912.1290322580646,0.3751612903225806,-0.02096774193548387,10.526315789473683,9.67741935483871,38.70967741935484,42.10526315789473,91.66666666666666,91.83529411764707,0.6030909090909091,0.6363636363636364
575929,Willson Contreras,BOS,R,Sinker,SI,30,11.811023622047244,95.11333333333333,2262.5333333333333,-0.534,0.49266666666666664,0.0,13.333333333333334,56.666666666666664,38.46153846153847,76.47058823529412,78.725,0.3036615555555555,0.0
575929,Willson Contreras,BOS,R,Slider,SL,29,11.41732283464567,86.65172413793104,2411.2758620689656,-0.02068965517241379,0.06999999999999999,50.0,31.03448275862069,34.48275862068966,52.63157894736842,80.0,74.43333333333334,0.102,0.0
575929,Willson Contreras,BOS,R,Cutter,FC,23,9.05511811023622,90.65217391304348,2237.695652173913,0.04217391304347826,0.681304347826087,20.0,43.47826086956522,47.82608695652174,16.666666666666664,27.27272727272727,75.19999999999999,0.34532566666666664,0.0
575929,Willson Contreras,BOS,R,Curveball,CU,17,6.692913385826772,80.8529411764706,2730.1176470588234,0.019411764705882358,-1.2017647058823528,100.0,47.05882352941176,17.647058823529413,35.714285714285715,0.0,0.0,0.3489885,0.0
575929,Willson Contreras,BOS,R,Split-Finger,FS,11,4.330708661417323,86.00909090909092,1312.909090909091,-1.1327272727272728,0.16545454545454547,0.0,0.0,18.181818181818183,22.22222222222222,100.0,84.35,0.022,0.0
575929,Willson Contreras,BOS,R,Slurve,SV,1,0.39370078740157477,77.9,2380.0,-0.78,-0.39,0.0,0.0,100.0,0.0,100.0,78.3,0.0,0.0
677800,Wilyer Abreu,BOS,L,4-Seam Fastball,FF,85,25.449101796407188,93.97882352941176,2277.764705882353,-0.31376470588235295,1.2741176470588236,18.75,24.705882352941178,50.588235294117645,9.523809523809524,65.11627906976744,80.07272727272726,0.3035313846153846,0.1111111111111111
677800,Wilyer Abreu,BOS,L,Sinker,SI,77,23.053892215568865,94.82207792207792,2166.5844155844156,-0.45961038961038964,0.5601298701298701,14.285714285714285,22.07792207792208,36.36363636363637,30.612244897959183,71.42857142857143,87.52758620689656,0.4196622857142857,0.35294117647058826
677800,Wilyer Abreu,BOS,L,Slider,SL,39,11.676646706586826,85.9025641025641,2355.6666666666665,-0.21025641025641023,0.15461538461538463,23.52941176470588,12.82051282051282,30.76923076923077,22.22222222222222,91.66666666666666,70.66923076923077,0.08687500000000001,0.25
677800,Wilyer Abreu,BOS,L,Cutter,FC,36,10.778443113772456,89.49444444444445,2283.5833333333335,0.21027777777777779,0.6716666666666666,40.0,30.555555555555557,30.555555555555557,44.0,81.81818181818183,80.35,0.2166,0.2
677800,Wilyer Abreu,BOS,L,Sweeper,ST,31,9.281437125748502,82.0,2816.483870967742,0.04419354838709678,0.2267741935483871,40.0,54.83870967741935,54.83870967741935,42.857142857142854,23.52941176470588,74.11666666666667,0.545619,0.2857142857142857
677800,Wilyer Abreu,BOS,L,Curveball,CU,26,7.784431137724551,82.86538461538461,2612.269230769231,0.6176923076923078,-0.7688461538461537,28.57142857142857,34.61538461538461,50.0,7.6923076923076925,46.15384615384615,76.16,0.07833333333333332,0.0
677800,Wilyer Abreu,BOS,L,Changeup,CH,23,6.88622754491018,88.36521739130434,1732.608695652174,-1.078695652173913,0.16782608695652174,25.0,17.391304347826086,26.08695652173913,41.17647058823529,83.33333333333334,76.04444444444444,0.0485,0.125
677800,Wilyer Abreu,BOS,L,Split-Finger,FS,13,3.8922155688622757,86.35384615384615,1202.4615384615386,-0.9769230769230769,0.07461538461538461,0.0,23.076923076923077,53.84615384615385,50.0,57.14285714285714,93.60000000000001,0.306,0.2857142857142857
677800,Wilyer Abreu,BOS,L,Slurve,SV,4,1.1976047904191618,83.15,2529.5,-0.135,-0.595,100.0,50.0,0.0,50.0,0.0,0.0,0.0,0.0
681508,,BOS,L,4-Seam Fastball,FF,44,24.444444444444443,95.05,2303.068181818182,-0.47795454545454547,1.3502272727272728,0.0,4.545454545454546,27.27272727272727,3.125,83.33333333333334,88.2090909090909,0.8289210666666667,0.7142857142857143
681508,,BOS,L,Sinker,SI,36,20.0,94.18055555555556,2140.5,-1.1958333333333333,0.4280555555555556,0.0,25.0,63.888888888888886,23.076923076923077,60.86956521739131,89.89999999999999,0.786531076923077,0.7272727272727273
678011,,BOS,L,4-Seam Fastball,FF,35,37.634408602150536,97.38571428571429,2521.2,-0.6091428571428571,1.3225714285714285,50.0,37.142857142857146,45.714285714285715,21.052631578947366,75.0,80.625,0.56298275,0.0
681508,,BOS,L,Cutter,FC,24,13.333333333333334,91.36666666666667,2374.2916666666665,0.09875,0.7062499999999999,0.0,25.0,54.166666666666664,0.0,46.15384615384615,82.63333333333333,0.42513300000000004,0.0
678011,,BOS,L,Curveball,CU,18,19.35483870967742,83.30555555555556,2687.0,0.5472222222222222,-0.7805555555555556,0.0,5.555555555555555,44.44444444444444,10.0,87.5,81.3375,0.651659,0.75
681508,,BOS,L,Changeup,CH,18,10.0,86.90555555555555,1863.2777777777778,-1.0922222222222222,0.16666666666666666,20.0,16.666666666666664,16.666666666666664,20.0,66.66666666666666,80.0,0.6114999999999999,0.5
681508,,BOS,L,Slider,SL,16,8.88888888888889,86.6875,2403.9375,0.3675,-0.014374999999999999,40.0,31.25,31.25,27.27272727272727,40.0,96.2,0.476,0.0
681508,,BOS,L,Curveball,CU,15,8.333333333333332,80.96000000000001,2517.3333333333335,0.41600000000000004,-1.022,16.666666666666664,13.333333333333334,33.33333333333333,20.0,80.0,72.5,0.22999999999999998,0.0
681508,,BOS,L,Sweeper,ST,15,8.333333333333332,83.94666666666667,2543.0666666666666,0.8653333333333334,0.25533333333333336,0.0,33.33333333333333,46.666666666666664,0.0,28.57142857142857,96.0,0.6515808,0.6666666666666666
681508,,BOS,L,Split-Finger,FS,9,5.0,87.08888888888889,1255.6666666666667,-1.0133333333333334,0.08111111111111113,40.0,22.22222222222222,11.11111111111111,50.0,100.0,78.36666666666667,0.3189908,0.0
678011,,BOS,L,Changeup,CH,8,8.60215053763441,90.875,2117.75,-1.4575,0.1325,0.0,0.0,25.0,33.33333333333333,100.0,64.05,0.1185,0.0
678011,,BOS,L,Sinker,SI,8,8.60215053763441,96.225,2280.625,-1.38375,0.6212500000000001,0.0,37.5,37.5,0.0,0.0,0.0,0.697977,0.0
678011,,BOS,L,Slider,SL,8,8.60215053763441,86.325,2282.75,0.10124999999999999,-0.18,0.0,37.5,12.5,0.0,0.0,0.0,0.0,0.0
678011,,BOS,L,Split-Finger,FS,6,6.451612903225806,84.63333333333334,995.0,-0.9866666666666667,0.11333333333333334,50.0,66.66666666666666,66.66666666666666,100.0,50.0,63.3,0.0625,0.0
678011,,BOS,L,Cutter,FC,5,5.376344086021505,90.88,2390.8,0.348,0.514,100.0,20.0,20.0,0.0,100.0,0.0,0.0,0.0
678011,,BOS,L,Sweeper,ST,4,4.301075268817205,83.15,2532.0,0.8250000000000001,0.43500000000000005,0.0,0.0,0.0,0.0,0.0,0.0,0.0,0.0
681508,,BOS,L,Slurve,SV,2,1.1111111111111112,78.45,2310.0,-0.8999999999999999,-0.05,0.0,50.0,100.0,0.0,50.0,74.0,0.293,0.0
678011,,BOS,L,Slurve,SV,1,1.0752688172043012,86.8,2529.0,0.55,-0.98,0.0,100.0,100.0,0.0,0.0,0.0,0.0,0.0
681508,,BOS,L,Slow Curve,CS,1,0.5555555555555556,52.5,1598.0,0.63,-0.18,0.0,0.0,100.0,0.0,100.0,94.8,0.539,0.0
608324,Alex Bregman,CHC,R,4-Seam Fastball,FF,61,23.46153846153846,94.79016393442623,2366.032786885246,-0.07540983606557376,1.197049180327869,14.285714285714285,22.950819672131146,63.934426229508205,50.0,79.48717948717949,80.665625,0.1915280588235294,0.3125
608324,Alex Bregman,CHC,R,Sinker,SI,47,18.076923076923077,95.90425531914893,2227.340425531915,-1.06,0.5346808510638298,0.0,38.297872340425535,61.702127659574465,44.44444444444444,37.93103448275862,84.39999999999999,0.41884615384615387,0.38461538461538464
608324,Alex Bregman,CHC,R,Slider,SL,34,13.076923076923078,87.1735294117647,2427.823529411765,0.2126470588235294,0.1285294117647059,41.17647058823529,38.23529411764706,47.05882352941176,38.88888888888889,62.5,80.03999999999999,0.598119,0.42857142857142855
608324,Alex Bregman,CHC,R,Cutter,FC,33,12.692307692307692,90.93333333333334,2516.060606060606,0.13212121212121214,0.5981818181818181,36.36363636363637,36.36363636363637,54.54545454545454,6.666666666666667,55.55555555555556,68.11428571428571,0.17213957142857142,0.0
608324,Alex Bregman,CHC,R,Sweeper,ST,32,12.307692307692308,83.5875,2661.46875,0.7590625,0.01125,35.714285714285715,21.875,21.875,40.0,57.14285714285714,67.54285714285714,0.220497125,0.14285714285714285
608324,Alex Bregman,CHC,R,Changeup,CH,24,9.230769230769232,86.675,1840.7916666666667,0.3045833333333333,0.39999999999999997,22.22222222222222,20.833333333333336,45.83333333333333,53.84615384615385,100.0,80.45714285714287,0.46208881818181813,0.3
608324,Alex Bregman,CHC,R,Curveball,CU,19,7.307692307692308,82.14736842105263,2565.842105263158,0.042105263157894736,-0.8773684210526317,0.0,36.84210526315789,57.89473684210527,0.0,36.36363636363637,100.65,0.5925,0.25
608324,Alex Bregman,CHC,R,Knuckleball,KN,4,1.5384615384615385,55.025000000000006,104.75,0.8025,0.42,0.0,25.0,25.0,33.33333333333333,100.0,72.05,0.219,1.0
608324,Alex Bregman,CHC,R,Split-Finger,FS,3,1.153846153846154,84.83333333333333,1166.0,-0.7733333333333334,0.4666666666666666,0.0,33.33333333333333,66.66666666666666,0.0,50.0,93.6,0.0,0.0
608324,Alex Bregman,CHC,R,Slurve,SV,2,0.7692307692307693,85.55,2637.5,-0.355,-0.375,0.0,0.0,50.0,0.0,100.0,86.9,0.0,0.0
608324,Alex Bregman,CHC,R,Eephus,EP,1,0.38461538461538464,54.3,1796.0,0.22,0.57,0.0,0.0,100.0,0.0,100.0,80.5,0.139,0.0
608348,Carson Kelly,CHC,R,Sinker,SI,58,36.024844720496894,95.42586206896551,2282.293103448276,-0.9098275862068966,0.4687931034482759,3.3333333333333335,17.24137931034483,55.172413793103445,23.076923076923077,75.0,87.6148148148148,0.3791353181818182,0.2857142857142857
608348,Carson Kelly,CHC,R,4-Seam Fastball,FF,34,21.11801242236025,93.67941176470588,2332.735294117647,-0.11294117647058823,1.253235294117647,15.789473684210526,17.647058823529413,47.05882352941176,33.33333333333333,81.25,77.23571428571428,0.3468954,0.25
608348,Carson Kelly,CHC,R,Slider,SL,24,14.906832298136646,87.25,2488.3333333333335,0.26208333333333333,0.23916666666666667,33.33333333333333,20.833333333333336,33.33333333333333,18.75,75.0,87.5,0.44382949999999993,0.2
608348,Carson Kelly,CHC,R,Changeup,CH,14,8.695652173913043,85.93571428571428,2097.214285714286,0.48071428571428576,0.4928571428571429,42.857142857142854,21.428571428571427,28.57142857142857,30.0,100.0,84.45,0.029,0.0
608348,Carson Kelly,CHC,R,Sweeper,ST,10,6.211180124223603,82.46000000000001,2735.8,0.9550000000000001,-0.016999999999999998,0.0,20.0,40.0,0.0,50.0,60.3,0.0,0.0
608348,Carson Kelly,CHC,R,Eephus,EP,7,4.3478260869565215,54.98571428571428,1215.142857142857,0.6028571428571429,1.4857142857142858,20.0,14.285714285714285,42.857142857142854,50.0,100.0,74.85,0.454,0.5
608348,Carson Kelly,CHC,R,Cutter,FC,6,3.7267080745341614,88.31666666666666,2518.0,0.305,0.4566666666666667,0.0,50.0,66.66666666666666,0.0,25.0,84.4,0.027,1.0
608348,Carson Kelly,CHC,R,Curveball,CU,5,3.1055900621118013,76.84,2696.0,0.554,-0.884,0.0,20.0,40.0,0.0,50.0,80.6,0.273,0.0
608348,Carson Kelly,CHC,R,Slurve,SV,2,1.2422360248447204,83.65,2570.5,-0.025000000000000022,-0.20500000000000002,0.0,0.0,0.0,0.0,0.0,0.0,0.0,0.0
608348,Carson Kelly,CHC,R,Knuckleball,KN,1,0.6211180124223602,51.8,149.0,0.4,0.27,0.0,100.0,0.0,0.0,0.0,0.0,0.0,0.0
672356,Gabriel Arias,CHC,R,4-Seam Fastball,FF,6,27.27272727272727,91.5,2299.0,0.12166666666666666,1.3383333333333332,75.0,66.66666666666666,50.0,66.66666666666666,66.66666666666666,67.8,0.08600000000000001,0.3333333333333333
672356,Gabriel Arias,CHC,R,Eephus,EP,6,27.27272727272727,48.93333333333334,1201.8333333333333,0.3,1.38,100.0,33.33333333333333,16.666666666666664,20.0,0.0,0.0,0.0,0.0
672356,Gabriel Arias,CHC,R,Other,FA,4,18.181818181818183,68.675,1970.0,-0.23500000000000004,0.8574999999999999,33.33333333333333,25.0,25.0,66.66666666666666,100.0,54.25,0.09,0.0
672356,Gabriel Arias,CHC,R,Changeup,CH,2,9.090909090909092,83.75,1905.0,1.1099999999999999,0.725,50.0,50.0,100.0,0.0,100.0,67.2,0.0,0.0
672356,Gabriel Arias,CHC,R,Sinker,SI,2,9.090909090909092,97.8,2245.0,1.37,0.1,0.0,0.0,0.0,50.0,0.0,71.0,0.253,0.0
672356,Gabriel Arias,CHC,R,Cutter,FC,1,4.545454545454546,92.9,2314.0,0.15,0.68,0.0,0.0,0.0,100.0,0.0,98.6,0.0,0.0
672356,Gabriel Arias,CHC,R,Sweeper,ST,1,4.545454545454546,88.4,2551.0,-0.67,0.57,0.0,0.0,100.0,0.0,100.0,71.8,0.0,0.0
664023,Ian Happ,CHC,S,4-Seam Fastball,FF,73,29.08366533864542,95.33698630136986,2377.7671232876714,-0.64,1.1297260273972602,31.428571428571427,39.726027397260275,67.12328767123287,29.166666666666668,57.14285714285714,76.27619047619048,0.094247125,0.0
664023,Ian Happ,CHC,S,Changeup,CH,45,17.928286852589643,87.52444444444444,2091.911111111111,-1.2015555555555555,0.17244444444444443,26.923076923076923,24.444444444444443,37.77777777777778,42.857142857142854,82.35294117647058,77.93157894736842,0.22782352941176473,0.23529411764705882
664023,Ian Happ,CHC,S,Curveball,CU,34,13.545816733067728,81.71470588235294,2678.764705882353,1.0273529411764706,-0.78,26.666666666666668,29.411764705882355,50.0,23.52941176470588,64.70588235294117,83.47777777777777,0.5173333333333333,0.3333333333333333
664023,Ian Happ,CHC,S,Sinker,SI,32,12.749003984063744,95.153125,2215.96875,-1.19875,0.455625,50.0,31.25,43.75,0.0,42.857142857142854,104.86666666666667,0.870616375,0.4
664023,Ian Happ,CHC,S,Sweeper,ST,21,8.366533864541832,82.3952380952381,2725.0476190476193,0.9871428571428572,-0.19047619047619047,12.5,9.523809523809524,47.61904761904761,9.090909090909092,70.0,81.14285714285714,0.13766666666666666,0.5
664023,Ian Happ,CHC,S,Slider,SL,18,7.171314741035857,85.92777777777778,2489.5555555555557,0.1716666666666667,0.13333333333333333,12.5,33.33333333333333,61.111111111111114,28.57142857142857,54.54545454545454,83.58571428571429,0.5533253333333333,0.3333333333333333
664023,Ian Happ,CHC,S,Cutter,FC,16,6.374501992031872,91.96875,2536.1875,0.09062500000000001,0.65,18.181818181818183,25.0,68.75,40.0,81.81818181818183,93.63333333333333,0.1036,0.0
664023,Ian Happ,CHC,S,Split-Finger,FS,9,3.5856573705179287,86.43333333333334,1301.0,-0.7844444444444445,0.4122222222222222,28.57142857142857,22.22222222222222,33.33333333333333,66.66666666666666,100.0,80.55999999999999,1.254,1.0
664023,Ian Happ,CHC,S,Knuckle Curve,KC,1,0.398406374501992,83.9,2410.0,0.09,-1.2,0.0,0.0,0.0,0.0,0.0,0.0,0.0,0.0
664023,Ian Happ,CHC,S,Other,FA,1,0.398406374501992,68.1,1958.0,-1.14,0.86,0.0,0.0,100.0,0.0,100.0,83.3,0.691,1.0
664023,Ian Happ,CHC,S,Unknown,UNK,1,0.398406374501992,0.0,0.0,0.0,0.0,0.0,0.0,0.0,0.0,0.0,0.0,0.0,0.0
807713,Matt Shaw,CHC,R,4-Seam Fastball,FF,3,23.076923076923077,92.10000000000001,2228.3333333333335,0.61,1.2366666666666666,0.0,0.0,0.0,33.33333333333333,0.0,83.5,0.3529885,0.0
807713,Matt Shaw,CHC,R,Sinker,SI,3,23.076923076923077,90.7,2414.3333333333335,1.3333333333333333,-0.1366666666666667,33.33333333333333,33.33333333333333,66.66666666666666,100.0,100.0,72.85,0.175,1.0
807713,Matt Shaw,CHC,R,Changeup,CH,2,15.384615384615385,83.35,1706.0,1.13,-0.475,100.0,50.0,0.0,50.0,0.0,0.0,0.0,0.0
807713,Matt Shaw,CHC,R,Curveball,CU,2,15.384615384615385,80.2,2785.5,-0.7649999999999999,-0.335,0.0,50.0,50.0,0.0,0.0,0.0,0.0,0.0
807713,Matt Shaw,CHC,R,Sweeper,ST,2,15.384615384615385,79.75,2765.5,-1.105,-0.045,0.0,0.0,0.0,0.0,0.0,0.0,0.0,0.0
807713,Matt Shaw,CHC,R,Cutter,FC,1,7.6923076923076925,88.3,2659.0,-0.31,0.37,0.0,0.0,0.0,0.0,0.0,0.0,0.0,0.0
683737,Michael Busch,CHC,L,4-Seam Fastball,FF,72,27.906976744186046,95.20416666666667,2343.5833333333335,-0.3766666666666667,1.115138888888889,16.216216216216218,27.77777777777778,56.94444444444444,19.35483870967742,75.60975609756098,88.48275862068965,0.44747977777777775,0.4
683737,Michael Busch,CHC,L,Changeup,CH,58,22.48062015503876,88.27413793103447,2022.8275862068965,-0.9794827586206897,0.10344827586206896,56.00000000000001,36.206896551724135,24.137931034482758,36.36363636363637,64.28571428571429,77.32000000000001,0.20622546153846155,0.0
683737,Michael Busch,CHC,L,Slider,SL,42,16.27906976744186,87.46904761904761,2475.8809523809523,0.015714285714285712,0.14333333333333334,64.70588235294117,40.476190476190474,33.33333333333333,25.0,71.42857142857143,87.28333333333335,0.5025648571428571,0.4
683737,Michael Busch,CHC,L,Sinker,SI,25,9.689922480620156,94.28399999999999,2278.12,0.298,0.6192,30.0,44.0,72.0,0.0,55.55555555555556,90.28571428571429,0.41311925,0.0
683737,Michael Busch,CHC,L,Sweeper,ST,19,7.3643410852713185,82.65263157894738,2696.5263157894738,0.8121052631578948,-0.02052631578947369,0.0,31.57894736842105,73.68421052631578,20.0,50.0,73.275,0.1807954,0.0
683737,Michael Busch,CHC,L,Cutter,FC,16,6.2015503875969,89.7875,2404.4375,0.189375,0.48312499999999997,50.0,25.0,50.0,0.0,25.0,64.8,0.475643,0.0
683737,Michael Busch,CHC,L,Curveball,CU,13,5.038759689922481,82.06923076923077,2575.076923076923,0.5407692307692307,-0.783076923076923,0.0,38.46153846153847,38.46153846153847,0.0,0.0,0.0,0.0,0.0
683737,Michael Busch,CHC,L,Split-Finger,FS,8,3.10077519379845,86.0375,1111.125,-0.865,0.3375,100.0,25.0,0.0,25.0,0.0,0.0,0.0,0.0
683737,Michael Busch,CHC,L,Eephus,EP,2,0.7751937984496124,47.55,1430.5,0.475,1.475,0.0,0.0,100.0,0.0,100.0,97.4,0.3215,0.5
683737,Michael Busch,CHC,L,Knuckle Curve,KC,2,0.7751937984496124,82.05000000000001,2379.5,0.58,-1.04,0.0,0.0,0.0,0.0,0.0,0.0,0.0,0.0
683737,Michael Busch,CHC,L,Slurve,SV,1,0.3875968992248062,85.3,2900.0,-0.9,-0.15,0.0,0.0,100.0,0.0,100.0,79.0,0.0,0.0
624424,Michael Conforto,CHC,L,4-Seam Fastball,FF,39,27.083333333333332,94.69487179487179,2358.4615384615386,-0.7412820512820513,1.0792307692307692,16.0,25.64102564102564,61.53846153846154,46.666666666666664,75.0,77.71428571428571,0.47336154545454545,0.4
624424,Michael Conforto,CHC,L,Changeup,CH,34,23.61111111111111,88.53235294117647,2021.764705882353,-1.224705882352941,0.1414705882352941,42.857142857142854,26.47058823529412,38.23529411764706,19.047619047619047,76.92307692307693,79.96666666666665,0.6807907999999999,0.6666666666666666
624424,Michael Conforto,CHC,L,Sinker,SI,17,11.805555555555555,97.44117647058823,2239.529411764706,-1.271764705882353,0.5194117647058824,0.0,0.0,64.70588235294117,0.0,90.9090909090909,79.74,0.1545,0.0
624424,Michael Conforto,CHC,L,Cutter,FC,13,9.027777777777777,89.92307692307692,2384.3846153846152,0.030769230769230767,0.5838461538461538,33.33333333333333,15.384615384615385,15.384615384615385,36.36363636363637,100.0,75.275,0.059,0.0
624424,Michael Conforto,CHC,L,Split-Finger,FS,13,9.027777777777777,88.51538461538462,901.5384615384615,-0.9676923076923077,-0.000769230769230772,66.66666666666666,46.15384615384615,38.46153846153847,25.0,20.0,92.3,0.11200000000000002,0.0
624424,Michael Conforto,CHC,L,Curveball,CU,10,6.944444444444445,80.41,2549.7,0.6180000000000001,-0.661,100.0,40.0,30.0,14.285714285714285,33.33333333333333,0.0,0.485968,0.0
624424,Michael Conforto,CHC,L,Slider,SL,10,6.944444444444445,86.03,2317.0,0.075,0.378,33.33333333333333,30.0,40.0,50.0,75.0,96.825,1.3333333333333333,0.6666666666666666
624424,Michael Conforto,CHC,L,Sweeper,ST,7,4.861111111111112,84.2,2574.714285714286,1.3014285714285714,-0.0028571428571428597,0.0,42.857142857142854,100.0,0.0,57.14285714285714,66.94999999999999,0.03733333333333333,0.0
624424,Michael Conforto,CHC,L,Knuckle Curve,KC,1,0.6944444444444444,82.0,2422.0,0.47,-1.21,0.0,0.0,100.0,0.0,100.0,94.3,0.236,1.0
665804,Miguel Amaya,CHC,R,Sinker,SI,22,36.666666666666664,95.33636363636364,2218.6363636363635,-1.1654545454545455,0.6572727272727272,44.44444444444444,45.45454545454545,63.63636363636363,12.5,57.14285714285714,81.6,0.23399999999999999,0.0
665804,Miguel Amaya,CHC,R,4-Seam Fastball,FF,11,18.333333333333332,94.0,2381.3636363636365,-0.30727272727272725,1.300909090909091,33.33333333333333,18.181818181818183,18.181818181818183,44.44444444444444,100.0,95.9,0.14571099999999998,0.0
665804,Miguel Amaya,CHC,R,Sweeper,ST,9,15.0,83.74444444444445,2613.5555555555557,0.9744444444444444,0.18555555555555558,66.66666666666666,55.55555555555556,33.33333333333333,33.33333333333333,33.33333333333333,69.1,0.0,0.0
665804,Miguel Amaya,CHC,R,Cutter,FC,8,13.333333333333334,90.65,2556.25,0.185,0.395,50.0,25.0,0.0,50.0,0.0,0.0,0.0,0.0
665804,Miguel Amaya,CHC,R,Slider,SL,6,10.0,87.89999999999999,2407.6666666666665,0.25,0.15666666666666665,50.0,33.33333333333333,33.33333333333333,50.0,100.0,84.4,0.0,0.0
665804,Miguel Amaya,CHC,R,Curveball,CU,4,6.666666666666667,82.4,2830.5,-0.755,-0.73,0.0,0.0,50.0,0.0,100.0,80.3,0.032,0.0
663538,Nico Hoerner,CHC,R,4-Seam Fastball,FF,68,30.08849557522124,94.8485294117647,2316.3823529411766,-0.15823529411764706,1.2694117647058822,6.8181818181818175,16.176470588235293,60.29411764705882,40.74074074074074,80.48780487804879,79.75128205128206,0.16544444444444442,0.05555555555555555
663538,Nico Hoerner,CHC,R,Sinker,SI,61,26.991150442477874,96.33278688524591,2254.934426229508,-1.0986885245901639,0.5293442622950819,3.571428571428571,21.311475409836063,49.18032786885246,32.25806451612903,60.0,88.552,0.4463436521739131,0.47619047619047616
663538,Nico Hoerner,CHC,R,Slider,SL,29,12.831858407079647,87.40344827586206,2349.9310344827586,0.27827586206896554,0.2286206896551724,42.857142857142854,48.275862068965516,65.51724137931035,30.0,57.89473684210527,72.42857142857143,0.06083333333333333,0.14285714285714285
663538,Nico Hoerner,CHC,R,Sweeper,ST,27,11.946902654867257,81.81481481481481,2700.5555555555557,0.9444444444444444,0.08444444444444445,18.181818181818183,33.33333333333333,40.74074074074074,43.75,36.36363636363637,73.9,0.1612,0.0
663538,Nico Hoerner,CHC,R,Changeup,CH,22,9.734513274336283,86.26363636363637,1994.590909090909,0.06363636363636363,0.29363636363636364,20.0,13.636363636363635,27.27272727272727,56.25,100.0,81.19,0.28840000000000005,0.0
663538,Nico Hoerner,CHC,R,Curveball,CU,6,2.6548672566371683,81.01666666666667,2659.6666666666665,0.6083333333333333,-0.54,0.0,66.66666666666666,33.33333333333333,25.0,0.0,75.4,0.69,1.0
663538,Nico Hoerner,CHC,R,Cutter,FC,5,2.2123893805309733,89.7,2421.4,-0.020000000000000018,0.72,0.0,40.0,100.0,0.0,60.0,95.56666666666666,0.5873333333333334,0.0
663538,Nico Hoerner,CHC,R,Slurve,SV,3,1.3274336283185841,84.33333333333333,2315.6666666666665,0.15333333333333335,-0.16333333333333333,0.0,0.0,33.33333333333333,0.0,100.0,85.3,0.863,1.0
663538,Nico Hoerner,CHC,R,Split-Finger,FS,3,1.3274336283185841,88.43333333333334,837.6666666666666,-0.9133333333333332,0.15000000000000002,0.0,0.0,66.66666666666666,100.0,100.0,85.66666666666667,0.0,0.0
663538,Nico Hoerner,CHC,R,Knuckle Curve,KC,2,0.8849557522123894,83.65,2403.0,0.345,-1.135,0.0,0.0,0.0,100.0,0.0,73.75,0.062,0.0
699393,Pedro Ramírez,CHC,S,4-Seam Fastball,FF,63,24.045801526717558,94.73174603174604,2306.222222222222,-0.37238095238095237,1.0852380952380953,10.526315789473683,15.873015873015872,57.14285714285714,29.629629629629626,83.33333333333334,82.03125,0.3637752222222222,0.125
699393,Pedro Ramírez,CHC,S,Changeup,CH,45,17.17557251908397,86.76888888888888,1964.8666666666666,-0.5006666666666667,0.29288888888888887,5.0,11.11111111111111,28.888888888888886,34.375,69.23076923076923,79.40526315789474,0.1844,0.3333333333333333
699393,Pedro Ramírez,CHC,S,Curveball,CU,36,13.740458015267176,81.6861111111111,2630.3333333333335,0.3183333333333333,-0.8288888888888889,50.0,36.11111111111111,30.555555555555557,20.0,27.27272727272727,80.325,0.6706346666666668,1.0
699393,Pedro Ramírez,CHC,S,Sinker,SI,35,13.358778625954198,96.42857142857143,2244.1428571428573,-0.9711428571428572,0.5248571428571429,0.0,25.71428571428571,62.857142857142854,30.76923076923077,54.54545454545454,82.30625,0.41672099999999995,0.25
699393,Pedro Ramírez,CHC,S,Slider,SL,18,6.870229007633588,87.77222222222223,2483.3333333333335,0.12722222222222224,0.14055555555555557,22.22222222222222,22.22222222222222,50.0,22.22222222222222,77.77777777777779,91.28,0.30179999999999996,0.4
699393,Pedro Ramírez,CHC,S,Cutter,FC,17,6.488549618320611,90.89999999999999,2511.176470588235,0.07470588235294116,0.7305882352941176,25.0,23.52941176470588,41.17647058823529,30.0,71.42857142857143,89.89999999999999,0.73875,0.25
699393,Pedro Ramírez,CHC,S,Split-Finger,FS,16,6.106870229007633,88.2,987.125,-0.8125,0.2125,16.666666666666664,12.5,62.5,33.33333333333333,100.0,74.2,0.0,0.0
699393,Pedro Ramírez,CHC,S,Sweeper,ST,14,5.343511450381679,83.23571428571428,2698.285714285714,1.2114285714285715,-0.06714285714285714,25.0,28.57142857142857,35.714285714285715,22.22222222222222,40.0,88.25,0.031,0.0
699393,Pedro Ramírez,CHC,S,Eephus,EP,8,3.0534351145038165,40.825,1081.375,0.18625,1.7125,0.0,25.0,25.0,33.33333333333333,50.0,93.63333333333333,0.382,0.5
699393,Pedro Ramírez,CHC,S,Unknown,UNK,5,1.9083969465648856,0.0,0.0,0.0,0.0,0.0,0.0,0.0,0.0,0.0,0.0,0.0,0.0
699393,Pedro Ramírez,CHC,S,Other,FA,2,0.7633587786259541,75.15,1908.5,-1.115,0.86,0.0,0.0,0.0,50.0,0.0,106.1,0.835,1.0
699393,Pedro Ramírez,CHC,S,Slurve,SV,2,0.7633587786259541,84.30000000000001,2189.0,0.84,-0.145,0.0,0.0,0.0,0.0,0.0,0.0,0.0,0.0
699393,Pedro Ramírez,CHC,S,Knuckle Curve,KC,1,0.38167938931297707,82.4,2337.0,0.32,-1.3,100.0,100.0,0.0,100.0,0.0,0.0,0.0,0.0
691718,Pete Crow-Armstrong,CHC,L,4-Seam Fastball,FF,95,34.29602888086642,94.52421052631578,2304.357894736842,-0.32442105263157894,1.1228421052631579,13.953488372093023,25.263157894736842,53.68421052631579,29.545454545454547,58.82352941176471,87.6257142857143,0.42420689473684214,0.4375
691718,Pete Crow-Armstrong,CHC,L,Changeup,CH,49,17.689530685920577,87.4673469387755,1966.2857142857142,-0.9630612244897959,0.12755102040816327,29.166666666666668,22.448979591836736,12.244897959183673,51.162790697674424,33.33333333333333,84.18124999999999,0.2803333333333333,0.25
691718,Pete Crow-Armstrong,CHC,L,Sinker,SI,38,13.718411552346572,95.27894736842104,2250.8947368421054,0.36631578947368426,0.4378947368421053,0.0,21.052631578947366,60.526315789473685,20.0,56.52173913043478,80.92307692307692,0.186622125,0.2857142857142857
691718,Pete Crow-Armstrong,CHC,L,Slider,SL,21,7.581227436823104,87.31904761904762,2462.714285714286,-0.015238095238095236,0.17904761904761907,7.142857142857142,4.761904761904762,42.857142857142854,41.66666666666667,100.0,86.62307692307692,0.31616666666666665,0.08333333333333333
691718,Pete Crow-Armstrong,CHC,L,Curveball,CU,18,6.4981949458483745,80.15555555555555,2619.0,0.4605555555555556,-0.7788888888888889,11.11111111111111,5.555555555555555,44.44444444444444,30.0,75.0,85.6,0.8348000000000001,0.6
691718,Pete Crow-Armstrong,CHC,L,Cutter,FC,18,6.4981949458483745,91.89444444444445,2326.0,0.043888888888888894,0.6588888888888889,42.857142857142854,44.44444444444444,66.66666666666666,66.66666666666666,83.33333333333334,76.2375,0.3357954,0.0
691718,Pete Crow-Armstrong,CHC,L,Unknown,UNK,12,4.332129963898916,0.0,0.0,0.0,0.0,0.0,0.0,0.0,0.0,0.0,0.0,0.0,0.0
691718,Pete Crow-Armstrong,CHC,L,Sweeper,ST,11,3.9711191335740073,82.98181818181818,2710.818181818182,-0.05363636363636364,0.049090909090909095,0.0,27.27272727272727,54.54545454545454,20.0,66.66666666666666,91.42,0.29133333333333333,0.3333333333333333
691718,Pete Crow-Armstrong,CHC,L,Knuckleball,KN,4,1.444043321299639,54.0,62.75,0.52,0.905,0.0,0.0,0.0,50.0,0.0,70.5,0.149,0.0
691718,Pete Crow-Armstrong,CHC,L,Slurve,SV,4,1.444043321299639,84.925,2331.75,0.16499999999999998,-0.225,0.0,25.0,50.0,0.0,50.0,105.3,1.789,1.0
691718,Pete Crow-Armstrong,CHC,L,Knuckle Curve,KC,3,1.083032490974729,82.86666666666666,2341.3333333333335,0.36333333333333334,-1.1633333333333333,0.0,33.33333333333333,66.66666666666666,100.0,50.0,80.7,0.708,0.0
691718,Pete Crow-Armstrong,CHC,L,Split-Finger,FS,3,1.083032490974729,85.60000000000001,1197.3333333333333,-0.79,0.47,100.0,33.33333333333333,0.0,33.33333333333333,0.0,0.0,0.0,0.0
691718,Pete Crow-Armstrong,CHC,L,Other,FA,1,0.36101083032490977,53.5,49.0,0.84,1.9,0.0,0.0,0.0,100.0,0.0,60.1,0.0,0.0
673548,Seiya Suzuki,CHC,R,Sinker,SI,77,23.8390092879257,95.46103896103897,2279.0,-0.9457142857142856,0.5022077922077922,8.823529411764707,33.76623376623377,63.63636363636363,28.57142857142857,53.06122448979592,85.925,0.2559514090909091,0.2631578947368421
673548,Seiya Suzuki,CHC,R,4-Seam Fastball,FF,73,22.60061919504644,94.56575342465754,2312.5342465753424,-0.04602739726027398,1.160821917808219,3.4482758620689653,21.91780821917808,50.68493150684932,11.11111111111111,67.56756756756756,77.13928571428572,0.5281803125,0.6363636363636364
673548,Seiya Suzuki,CHC,R,Slider,SL,54,16.718266253869967,87.30185185185185,2478.0925925925926,0.20296296296296298,0.12277777777777778,13.333333333333334,20.37037037037037,37.03703703703704,11.76470588235294,55.00000000000001,77.625,0.1295714285714286,0.2857142857142857
673548,Seiya Suzuki,CHC,R,Sweeper,ST,42,13.003095975232199,82.90238095238095,2665.214285714286,0.8426190476190476,-0.006428571428571418,36.84210526315789,38.095238095238095,47.61904761904761,36.36363636363637,55.00000000000001,83.72500000000001,0.06357142857142857,0.07142857142857142
673548,Seiya Suzuki,CHC,R,Cutter,FC,30,9.287925696594428,90.11,2446.0333333333333,0.07933333333333334,0.619,50.0,50.0,56.666666666666664,0.0,35.294117647058826,71.10000000000001,0.23265899999999998,0.0
673548,Seiya Suzuki,CHC,R,Changeup,CH,28,8.6687306501548,85.96071428571429,1880.6785714285713,0.2567857142857143,0.3803571428571429,14.285714285714285,14.285714285714285,42.857142857142854,25.0,83.33333333333334,74.33,0.1775,0.0
673548,Seiya Suzuki,CHC,R,Curveball,CU,9,2.786377708978328,80.75555555555556,2696.1111111111113,0.15666666666666668,-0.7044444444444444,25.0,44.44444444444444,33.33333333333333,33.33333333333333,66.66666666666666,91.23333333333333,0.7093333333333334,0.6666666666666666
673548,Seiya Suzuki,CHC,R,Slurve,SV,5,1.5479876160990713,84.92,2754.2,-0.836,-0.126,0.0,20.0,20.0,0.0,0.0,0.0,0.0,0.0
673548,Seiya Suzuki,CHC,R,Eephus,EP,4,1.238390092879257,39.3,1070.0,0.4225,1.945,0.0,0.0,25.0,33.33333333333333,100.0,102.1,1.161,1.0
673548,Seiya Suzuki,CHC,R,Knuckle Curve,KC,1,0.30959752321981426,84.8,2454.0,0.22,-1.29,0.0,0.0,0.0,0.0,0.0,0.0,0.0,0.0
621438,Tyrone Taylor,CHC,R,4-Seam Fastball,FF,16,20.0,93.475,2204.125,0.19125,1.19875,0.0,6.25,50.0,37.5,87.5,80.77000000000001,0.6071907999999999,0.6666666666666666
621438,Tyrone Taylor,CHC,R,Changeup,CH,14,17.5,85.21428571428571,1756.5,1.2007142857142858,0.6335714285714286,0.0,0.0,0.0,28.57142857142857,0.0,72.325,0.36523849999999997,0.0
621438,Tyrone Taylor,CHC,R,Slider,SL,12,15.0,87.51666666666667,2433.3333333333335,0.15,0.07833333333333332,33.33333333333333,16.666666666666664,33.33333333333333,25.0,100.0,84.65,0.38,1.0
621438,Tyrone Taylor,CHC,R,Sinker,SI,10,12.5,95.56,2104.9,-0.135,0.593,20.0,50.0,80.0,50.0,50.0,93.0,0.298,1.0
621438,Tyrone Taylor,CHC,R,Sweeper,ST,9,11.25,82.85555555555555,2764.777777777778,0.30777777777777776,0.35,25.0,55.55555555555556,77.77777777777779,50.0,42.857142857142854,73.23333333333333,0.39825,0.5
621438,Tyrone Taylor,CHC,R,Curveball,CU,6,7.5,80.03333333333333,2681.5,-0.13166666666666668,-0.7050000000000001,100.0,83.33333333333334,83.33333333333334,0.0,40.0,0.0,0.0,0.0
621438,Tyrone Taylor,CHC,R,Eephus,EP,4,5.0,49.65,1246.0,0.020000000000000018,1.3125,0.0,0.0,25.0,33.33333333333333,100.0,95.1,0.27749999999999997,0.5
621438,Tyrone Taylor,CHC,R,Cutter,FC,3,3.75,90.26666666666667,2422.3333333333335,0.09333333333333332,0.6766666666666667,0.0,100.0,100.0,0.0,0.0,0.0,0.0,0.0
621438,Tyrone Taylor,CHC,R,Knuckleball,KN,2,2.5,56.0,101.0,-0.285,0.37,0.0,0.0,50.0,100.0,100.0,54.5,0.193,1.0
621438,Tyrone Taylor,CHC,R,Pitch Out,PO,2,2.5,93.4,2263.0,-0.16,0.89,0.0,0.0,0.0,0.0,0.0,0.0,0.0,0.0
621438,Tyrone Taylor,CHC,R,Slurve,SV,2,2.5,83.9,2297.0,0.925,-0.12,0.0,50.0,50.0,0.0,0.0,0.0,0.0,0.0
682634,,CHC,R,4-Seam Fastball,FF,8,34.78260869565217,93.3375,2166.0,0.23375,1.40875,66.66666666666666,62.5,75.0,0.0,50.0,105.3,0.16025,0.0
682634,,CHC,R,Curveball,CU,4,17.391304347826086,82.30000000000001,2398.0,-0.565,-0.5549999999999999,0.0,50.0,50.0,0.0,0.0,0.0,0.0,0.0
682634,,CHC,R,Changeup,CH,3,13.043478260869565,83.16666666666667,1792.6666666666667,0.2333333333333333,0.43999999999999995,33.33333333333333,33.33333333333333,0.0,100.0,0.0,88.2,0.064,0.0
682634,,CHC,R,Slider,SL,3,13.043478260869565,87.76666666666667,2252.0,0.08666666666666666,0.48666666666666664,0.0,33.33333333333333,33.33333333333333,50.0,0.0,90.8,0.0,0.0
682634,,CHC,R,Eephus,EP,2,8.695652173913043,36.1,1033.5,1.4700000000000002,2.1399999999999997,0.0,50.0,50.0,0.0,100.0,48.8,0.0,0.0
682634,,CHC,R,Other,FA,2,8.695652173913043,73.0,2138.5,-0.385,0.635,0.0,0.0,100.0,0.0,100.0,83.0,0.018,1.0
682634,,CHC,R,Sweeper,ST,1,4.3478260869565215,82.1,2663.0,-0.6,-0.47,100.0,100.0,0.0,100.0,0.0,0.0,0.0,0.0
643217,Andrew Benintendi,CHW,L,Sinker,SI,34,20.35928143712575,93.73823529411764,2181.8529411764707,-1.3011764705882354,0.5458823529411765,10.0,29.411764705882355,52.94117647058824,62.5,55.55555555555556,88.51176470588236,0.3563059230769231,0.16666666666666666
643217,Andrew Benintendi,CHW,L,4-Seam Fastball,FF,32,19.16167664670659,95.121875,2332.25,-0.56375,1.21,13.636363636363635,21.875,50.0,43.75,93.75,81.57894736842105,0.4506666666666667,0.5
643217,Andrew Benintendi,CHW,L,Cutter,FC,30,17.964071856287426,89.17666666666668,2350.3333333333335,0.12933333333333333,0.5456666666666667,8.333333333333332,20.0,36.666666666666664,21.052631578947366,72.72727272727273,87.175,0.255,0.4
643217,Andrew Benintendi,CHW,L,Changeup,CH,23,13.77245508982036,87.32608695652173,1599.5652173913043,-1.1108695652173914,0.2756521739130435,60.0,34.78260869565217,13.043478260869565,40.0,66.66666666666666,82.25,0.061,0.0
643217,Andrew Benintendi,CHW,L,Curveball,CU,13,7.784431137724551,81.37692307692308,2834.3846153846152,1.07,-0.75,75.0,46.15384615384615,0.0,61.53846153846154,0.0,55.3,0.0,0.0
643217,Andrew Benintendi,CHW,L,Slider,SL,13,7.784431137724551,83.93846153846154,2343.769230769231,0.1376923076923077,-0.08230769230769232,20.0,23.076923076923077,53.84615384615385,66.66666666666666,85.71428571428571,81.85,0.3102,0.4
643217,Andrew Benintendi,CHW,L,Split-Finger,FS,10,5.9880239520958085,84.1,1448.6,-1.0370000000000001,0.501,66.66666666666666,40.0,40.0,33.33333333333333,100.0,78.45,0.028,0.0
643217,Andrew Benintendi,CHW,L,Sweeper,ST,10,5.9880239520958085,79.4,2820.1,0.23199999999999998,-0.06899999999999999,20.0,10.0,40.0,16.666666666666664,100.0,78.875,0.697977,0.0
643217,Andrew Benintendi,CHW,L,Forkball,FO,2,1.1976047904191618,82.1,1213.0,-0.98,0.15,0.0,0.0,0.0,100.0,0.0,99.1,0.535,1.0
695731,Braden Montgomery,CHW,S,4-Seam Fastball,FF,58,22.56809338521401,94.85689655172413,2327.4310344827586,-0.2082758620689655,1.295689655172414,13.043478260869565,24.137931034482758,55.172413793103445,0.0,71.875,86.3,0.2923636363636364,0.2727272727272727
695731,Braden Montgomery,CHW,S,Sinker,SI,46,17.898832684824903,93.36304347826086,2173.782608695652,-0.8541304347826086,0.5273913043478261,10.526315789473683,15.217391304347828,50.0,4.3478260869565215,78.26086956521739,83.3923076923077,0.38254788888888885,0.16666666666666666
695731,Braden Montgomery,CHW,S,Changeup,CH,34,13.229571984435799,86.3529411764706,1798.0882352941176,-0.9144117647058824,0.3711764705882353,38.88888888888889,20.588235294117645,35.294117647058826,27.27272727272727,100.0,74.15454545454546,0.32610855555555557,0.25
695731,Braden Montgomery,CHW,S,Slider,SL,27,10.505836575875486,85.4962962962963,2448.8518518518517,0.23111111111111113,0.10222222222222221,16.666666666666664,18.51851851851852,59.25925925925925,36.36363636363637,87.5,84.91666666666667,0.3556666666666667,0.2222222222222222
695731,Braden Montgomery,CHW,S,Sweeper,ST,27,10.505836575875486,82.75555555555556,2720.6296296296296,0.867037037037037,0.16185185185185186,13.333333333333334,14.814814814814813,48.148148148148145,28.57142857142857,84.61538461538461,76.97272727272728,0.24586924999999998,0.0
695731,Braden Montgomery,CHW,S,Split-Finger,FS,24,9.33852140077821,84.25,1430.3333333333333,-0.3345833333333334,0.3675,50.0,41.66666666666667,50.0,33.33333333333333,83.33333333333334,87.2,0.5333749999999999,0.125
695731,Braden Montgomery,CHW,S,Cutter,FC,22,8.560311284046692,89.73636363636363,2434.6363636363635,0.24045454545454545,0.4859090909090909,33.33333333333333,27.27272727272727,72.72727272727273,33.33333333333333,100.0,87.85454545454546,0.8428333333333332,0.3333333333333333
695731,Braden Montgomery,CHW,S,Curveball,CU,19,7.392996108949417,78.47894736842105,2631.8947368421054,0.35263157894736846,-0.8663157894736843,28.57142857142857,15.789473684210526,26.31578947368421,21.428571428571427,80.0,64.8,0.4219885,0.0
686668,Brenton Doyle,CHW,R,4-Seam Fastball,FF,38,44.18604651162791,94.56842105263158,2294.3684210526317,0.3786842105263158,1.2555263157894736,22.22222222222222,15.789473684210526,57.89473684210527,31.25,100.0,75.12105263157895,0.1774,0.3333333333333333
686668,Brenton Doyle,CHW,R,Slider,SL,12,13.953488372093023,87.075,2630.4166666666665,0.18916666666666668,-0.07666666666666666,100.0,58.333333333333336,16.666666666666664,50.0,0.0,0.0,0.0,0.0
686668,Brenton Doyle,CHW,R,Sweeper,ST,11,12.790697674418606,81.78181818181818,2507.181818181818,-0.11909090909090912,0.12181818181818181,66.66666666666666,54.54545454545454,45.45454545454545,50.0,60.0,83.5,0.0118,0.0
686668,Brenton Doyle,CHW,R,Changeup,CH,9,10.465116279069768,86.15555555555555,1734.111111111111,0.9844444444444443,0.40555555555555556,25.0,22.22222222222222,55.55555555555556,75.0,100.0,90.26666666666667,0.8394999999999999,1.0
686668,Brenton Doyle,CHW,R,Cutter,FC,7,8.13953488372093,89.87142857142858,2376.1428571428573,0.037142857142857144,0.6242857142857143,0.0,0.0,100.0,0.0,100.0,84.61428571428571,0.768,0.0
686668,Brenton Doyle,CHW,R,Sinker,SI,6,6.976744186046512,93.83333333333333,2205.6666666666665,0.43999999999999995,0.61,0.0,0.0,66.66666666666666,0.0,100.0,74.8,0.1565,0.0
686668,Brenton Doyle,CHW,R,Curveball,CU,2,2.3255813953488373,76.4,2390.0,-0.56,-1.17,0.0,100.0,100.0,0.0,0.0,0.0,0.0,0.0
686668,Brenton Doyle,CHW,R,Split-Finger,FS,1,1.1627906976744187,82.5,1181.0,1.11,0.75,100.0,100.0,0.0,100.0,0.0,0.0,0.0,0.0
805367,Chase Meidroth,CHW,R,4-Seam Fastball,FF,96,35.687732342007436,94.89687500000001,2340.21875,-0.2215625,1.2425,17.02127659574468,32.29166666666667,53.125,37.77777777777778,58.82352941176471,89.67777777777778,0.28837404166666664,0.30434782608695654
805367,Chase Meidroth,CHW,R,Sinker,SI,43,15.985130111524162,93.29302325581395,2167.5581395348836,-0.6388372093023256,0.6332558139534884,10.526315789473683,37.2093023255814,53.48837209302325,30.0,56.52173913043478,86.75882352941177,0.5365954000000001,0.375
805367,Chase Meidroth,CHW,R,Sweeper,ST,36,13.382899628252787,79.08888888888889,2475.6666666666665,-0.23833333333333334,0.0036111111111111083,25.0,22.22222222222222,38.88888888888889,40.909090909090914,78.57142857142857,76.62666666666668,0.15410000000000001,0.2
805367,Chase Meidroth,CHW,R,Slider,SL,30,11.152416356877323,85.45,2368.4,0.04666666666666667,0.0053333333333333375,50.0,30.0,33.33333333333333,25.0,70.0,85.175,0.08914285714285715,0.0
805367,Chase Meidroth,CHW,R,Changeup,CH,23,8.550185873605948,84.86086956521739,1650.391304347826,0.5169565217391304,0.45695652173913043,23.52941176470588,17.391304347826086,26.08695652173913,64.70588235294117,100.0,76.11538461538461,0.226,0.16666666666666666
805367,Chase Meidroth,CHW,R,Cutter,FC,23,8.550185873605948,89.66086956521738,2512.521739130435,0.23,0.59,27.27272727272727,43.47826086956522,69.56521739130434,42.857142857142854,50.0,78.07142857142857,0.2886,0.4
805367,Chase Meidroth,CHW,R,Split-Finger,FS,13,4.83271375464684,83.69999999999999,1223.2307692307693,-0.16999999999999996,0.52,50.0,46.15384615384615,46.15384615384615,57.14285714285714,66.66666666666666,73.55,0.030333333333333334,0.0
805367,Chase Meidroth,CHW,R,Curveball,CU,5,1.858736059479554,78.47999999999999,2720.2,-0.146,-1.1119999999999999,0.0,20.0,40.0,0.0,50.0,70.6,0.044,0.0
695657,Colson Montgomery,CHW,L,4-Seam Fastball,FF,83,35.47008547008547,94.73373493975903,2330.4939759036147,-0.4563855421686747,1.2691566265060241,29.268292682926827,30.120481927710845,50.602409638554214,24.390243902439025,73.80952380952381,82.83571428571429,0.34875929411764706,0.0
695657,Colson Montgomery,CHW,L,Slider,SL,49,20.94017094017094,85.45306122448979,2492.530612244898,0.07918367346938775,-0.10183673469387755,77.77777777777779,53.06122448979592,26.53061224489796,52.77777777777778,61.53846153846154,81.36666666666667,0.155106,0.0
695657,Colson Montgomery,CHW,L,Sweeper,ST,29,12.393162393162394,80.40344827586206,2616.2758620689656,-0.12034482758620689,-0.02793103448275862,37.5,34.48275862068966,51.724137931034484,35.714285714285715,73.33333333333333,85.46666666666667,0.1533,0.1
695657,Colson Montgomery,CHW,L,Sinker,SI,27,11.538461538461538,93.46666666666667,2167.296296296296,0.05814814814814815,0.38,7.142857142857142,29.629629629629626,66.66666666666666,33.33333333333333,61.111111111111114,89.93636363636364,0.637,0.375
695657,Colson Montgomery,CHW,L,Changeup,CH,11,4.700854700854701,86.00909090909092,1552.3636363636363,-1.0672727272727274,0.15000000000000002,57.14285714285714,54.54545454545454,45.45454545454545,50.0,80.0,75.33333333333333,0.030142857142857145,0.14285714285714285
695657,Colson Montgomery,CHW,L,Curveball,CU,10,4.273504273504273,81.07000000000001,2824.7,0.397,-0.7270000000000001,100.0,10.0,0.0,10.0,0.0,0.0,0.0,0.0
695657,Colson Montgomery,CHW,L,Forkball,FO,10,4.273504273504273,83.86,1383.2,-0.9880000000000001,0.148,100.0,40.0,20.0,25.0,100.0,0.0,0.0,0.0
695657,Colson Montgomery,CHW,L,Cutter,FC,9,3.8461538461538463,90.22222222222223,2563.222222222222,0.11555555555555556,0.6444444444444444,42.857142857142854,33.33333333333333,55.55555555555556,50.0,100.0,103.175,0.816,1.0
695657,Colson Montgomery,CHW,L,Split-Finger,FS,6,2.564102564102564,84.36666666666666,1571.0,-1.1266666666666667,0.405,20.0,16.666666666666664,83.33333333333334,0.0,100.0,102.65,0.58525,1.0
691011,Drew Romo,CHW,S,4-Seam Fastball,FF,56,45.90163934426229,95.20714285714287,2314.785714285714,-0.3130357142857143,1.3501785714285715,29.629629629629626,25.0,35.714285714285715,36.11111111111111,70.0,84.15789473684211,0.4059964615384616,0.45454545454545453
691011,Drew Romo,CHW,S,Changeup,CH,17,13.934426229508196,85.62352941176471,1677.8823529411766,-0.3364705882352941,0.22705882352941176,45.45454545454545,41.17647058823529,23.52941176470588,69.23076923076923,50.0,62.42,0.051125000000000004,0.0
691011,Drew Romo,CHW,S,Slider,SL,14,11.475409836065573,84.22142857142856,2363.5,0.1357142857142857,-0.1571428571428571,60.0,28.57142857142857,21.428571428571427,27.27272727272727,66.66666666666666,59.9,0.3489885,0.0
691011,Drew Romo,CHW,S,Split-Finger,FS,13,10.655737704918032,84.85384615384615,1515.3846153846155,-1.0261538461538462,0.40692307692307694,83.33333333333334,38.46153846153847,15.384615384615385,36.36363636363637,100.0,65.0,0.0,0.0
691011,Drew Romo,CHW,S,Sinker,SI,7,5.737704918032787,93.0,2113.714285714286,-0.018571428571428555,0.71,25.0,42.857142857142854,71.42857142857143,50.0,60.0,87.56666666666666,0.146,0.0
691011,Drew Romo,CHW,S,Curveball,CU,6,4.918032786885246,79.63333333333334,2713.3333333333335,0.7683333333333334,-0.7800000000000001,0.0,0.0,66.66666666666666,0.0,100.0,80.25,0.26,0.0
691011,Drew Romo,CHW,S,Cutter,FC,6,4.918032786885246,89.33333333333333,2514.3333333333335,0.36833333333333335,0.59,25.0,16.666666666666664,50.0,33.33333333333333,100.0,97.6,0.697977,0.0
691011,Drew Romo,CHW,S,Sweeper,ST,3,2.459016393442623,79.60000000000001,2630.3333333333335,0.5366666666666667,0.22999999999999998,0.0,0.0,0.0,0.0,0.0,0.0,0.728952,0.0
668670,Jake Rogers,CHW,R,4-Seam Fastball,FF,51,47.22222222222222,94.22745098039216,2328.176470588235,0.21431372549019606,1.2547058823529411,15.625,19.607843137254903,49.01960784313725,46.15384615384615,80.0,87.55652173913043,0.4202900588235294,0.14285714285714285
668670,Jake Rogers,CHW,R,Sweeper,ST,14,12.962962962962962,81.12142857142858,2653.0,0.6042857142857142,0.04214285714285714,0.0,28.57142857142857,28.57142857142857,10.0,25.0,54.099999999999994,0.0,0.0
668670,Jake Rogers,CHW,R,Changeup,CH,10,9.25925925925926,85.08,1842.0,0.383,0.45999999999999996,0.0,20.0,50.0,20.0,60.0,84.75,0.5735,0.5
668670,Jake Rogers,CHW,R,Sinker,SI,10,9.25925925925926,92.47,2116.4,-0.79,0.313,0.0,20.0,80.0,0.0,75.0,85.0,0.377,0.5
668670,Jake Rogers,CHW,R,Curveball,CU,8,7.4074074074074066,79.925,2610.125,-0.22625,-1.08375,0.0,37.5,62.5,0.0,40.0,57.95,0.0,0.0
668670,Jake Rogers,CHW,R,Cutter,FC,5,4.62962962962963,90.72,2489.6,0.29400000000000004,0.512,0.0,40.0,60.0,0.0,66.66666666666666,88.3,0.343,0.0
668670,Jake Rogers,CHW,R,Slider,SL,5,4.62962962962963,85.5,2484.8,0.514,0.442,25.0,20.0,60.0,50.0,100.0,65.23333333333333,0.07266666666666667,0.0
668670,Jake Rogers,CHW,R,Split-Finger,FS,5,4.62962962962963,82.36,1179.6,1.172,0.386,100.0,60.0,40.0,33.33333333333333,100.0,0.0,0.0,0.0
682668,Luisangel Acuña,CHW,R,4-Seam Fastball,FF,22,42.30769230769231,93.72272727272728,2344.9545454545455,0.4518181818181818,1.1877272727272727,10.0,22.727272727272727,45.45454545454545,16.666666666666664,80.0,88.97777777777777,0.1995,0.2
682668,Luisangel Acuña,CHW,R,Sinker,SI,8,15.384615384615385,92.45,2186.25,1.25,0.55125,40.0,50.0,62.5,66.66666666666666,60.0,76.56666666666666,0.6254885,0.0
682668,Luisangel Acuña,CHW,R,Cutter,FC,6,11.538461538461538,84.5,2212.6666666666665,-0.25666666666666665,0.41,0.0,66.66666666666666,66.66666666666666,100.0,0.0,60.2,0.004,0.0
682668,Luisangel Acuña,CHW,R,Changeup,CH,5,9.615384615384617,85.58,1940.2,1.094,0.6439999999999999,100.0,20.0,20.0,0.0,100.0,0.0,0.0,0.0
682668,Luisangel Acuña,CHW,R,Sweeper,ST,4,7.6923076923076925,75.94999999999999,2255.5,-0.865,-0.145,100.0,50.0,50.0,0.0,100.0,0.0,0.0,0.0
682668,Luisangel Acuña,CHW,R,Split-Finger,FS,3,5.769230769230769,81.73333333333333,1247.3333333333333,1.1966666666666665,0.4833333333333334,100.0,66.66666666666666,66.66666666666666,0.0,50.0,0.0,0.0,0.0
682668,Luisangel Acuña,CHW,R,Curveball,CU,2,3.8461538461538463,78.19999999999999,2347.5,-0.525,-1.1099999999999999,0.0,50.0,100.0,0.0,50.0,56.7,0.0,0.0
682668,Luisangel Acuña,CHW,R,Slider,SL,2,3.8461538461538463,87.25,2530.5,0.345,0.37,0.0,0.0,0.0,0.0,0.0,0.0,0.0,0.0
678246,Miguel Vargas,CHW,R,4-Seam Fastball,FF,128,39.75155279503105,94.4171875,2318.0234375,-0.2365625,1.20953125,0.0,25.0,42.1875,6.756756756756757,44.44444444444444,84.868,0.5779874545454545,0.6
678246,Miguel Vargas,CHW,R,Cutter,FC,42,13.043478260869565,88.86428571428571,2427.214285714286,0.22095238095238093,0.5054761904761905,15.384615384615385,19.047619047619047,45.23809523809524,8.695652173913043,57.89473684210527,84.33333333333333,0.45790708333333335,0.42857142857142855
678246,Miguel Vargas,CHW,R,Sweeper,ST,39,12.111801242236025,80.41538461538461,2561.74358974359,0.5499999999999999,0.07538461538461538,7.6923076923076925,12.82051282051282,38.46153846153847,8.333333333333332,73.33333333333333,79.01818181818182,0.8023333333333333,0.6666666666666666
678246,Miguel Vargas,CHW,R,Slider,SL,34,10.559006211180124,86.64411764705882,2557.3529411764707,0.2888235294117647,0.13,7.6923076923076925,20.588235294117645,47.05882352941176,16.666666666666664,62.5,77.93636363636364,0.401747125,0.2857142857142857
678246,Miguel Vargas,CHW,R,Sinker,SI,31,9.627329192546584,93.81290322580645,2216.7096774193546,-0.7341935483870968,0.6203225806451613,0.0,12.903225806451612,48.38709677419355,6.25,73.33333333333333,84.85,0.52199425,0.5
678246,Miguel Vargas,CHW,R,Curveball,CU,21,6.521739130434782,78.86190476190475,2422.095238095238,-0.024761904761904773,-0.9285714285714286,22.22222222222222,19.047619047619047,23.809523809523807,37.5,60.0,76.67142857142858,0.23833077777777778,0.125
678246,Miguel Vargas,CHW,R,Changeup,CH,14,4.3478260869565215,86.30714285714285,1838.2142857142858,-0.45,0.49714285714285716,33.33333333333333,14.285714285714285,21.428571428571427,27.27272727272727,100.0,89.075,0.3985,0.25
678246,Miguel Vargas,CHW,R,Split-Finger,FS,7,2.1739130434782608,83.2,1423.0,0.13142857142857145,0.3685714285714286,50.0,14.285714285714285,14.285714285714285,33.33333333333333,0.0,75.0,0.45,0.0
678246,Miguel Vargas,CHW,R,Unknown,UNK,6,1.8633540372670807,0.0,0.0,0.0,0.0,0.0,0.0,0.0,0.0,0.0,0.0,0.0,0.0
808959,Munetaka Murakami,CHW,L,4-Seam Fastball,FF,82,24.11764705882353,94.21951219512195,2289.9146341463415,-0.09658536585365854,1.239390243902439,30.555555555555557,30.48780487804878,54.87804878048781,16.216216216216218,66.66666666666666,85.65238095238095,0.3396954,0.0625
808959,Munetaka Murakami,CHW,L,Slider,SL,70,20.588235294117645,86.15142857142858,2450.2285714285713,0.09471428571428571,0.019428571428571434,50.0,32.857142857142854,34.285714285714285,23.91304347826087,62.5,99.22999999999999,0.23979693333333332,0.0
808959,Munetaka Murakami,CHW,L,Sweeper,ST,65,19.11764705882353,79.94769230769231,2592.6615384615384,0.015538461538461543,0.07076923076923076,36.84210526315789,27.692307692307693,38.46153846153847,12.5,56.00000000000001,78.32222222222222,0.3612643636363636,0.2857142857142857
808959,Munetaka Murakami,CHW,L,Sinker,SI,44,12.941176470588237,93.15227272727272,2192.25,-0.9781818181818182,0.5904545454545455,0.0,22.727272727272727,56.81818181818182,10.526315789473683,52.0,88.07692307692308,0.2998555,0.23076923076923078
808959,Munetaka Murakami,CHW,L,Changeup,CH,24,7.0588235294117645,84.97083333333333,1771.0416666666667,-1.1275,0.4466666666666667,36.36363636363637,37.5,50.0,25.0,66.66666666666666,77.43333333333334,0.24849616666666666,0.0
808959,Munetaka Murakami,CHW,L,Cutter,FC,22,6.470588235294119,89.45,2439.5454545454545,0.1777272727272727,0.7599999999999999,40.0,36.36363636363637,45.45454545454545,33.33333333333333,60.0,75.39999999999999,0.7804884999999999,1.0
808959,Munetaka Murakami,CHW,L,Split-Finger,FS,21,6.176470588235294,84.78095238095239,1529.1904761904761,-0.8328571428571427,0.5123809523809524,66.66666666666666,42.857142857142854,33.33333333333333,35.714285714285715,14.285714285714285,78.7,0.0,0.0
808959,Munetaka Murakami,CHW,L,Curveball,CU,11,3.2352941176470593,80.87272727272727,2878.181818181818,0.8927272727272727,-1.0536363636363637,0.0,18.181818181818183,18.181818181818183,22.22222222222222,0.0,62.8,0.5509885,0.0
808959,Munetaka Murakami,CHW,L,Unknown,UNK,1,0.29411764705882354,0.0,0.0,0.0,0.0,0.0,0.0,0.0,0.0,0.0,0.0,0.0,0.0
545341,Randal Grichuk,CHW,R,4-Seam Fastball,FF,38,61.29032258064516,93.39473684210526,2287.4473684210525,0.708421052631579,1.1728947368421052,15.0,21.052631578947366,60.526315789473685,26.666666666666668,69.56521739130434,81.90666666666667,0.45077777777777783,0.3
545341,Randal Grichuk,CHW,R,Cutter,FC,6,9.67741935483871,91.33333333333333,2509.3333333333335,0.105,0.8433333333333334,25.0,16.666666666666664,66.66666666666666,0.0,100.0,84.13333333333333,0.005333333333333333,0.0
545341,Randal Grichuk,CHW,R,Sweeper,ST,5,8.064516129032258,79.62,2418.4,-0.922,-0.196,0.0,0.0,60.0,50.0,100.0,66.16666666666667,0.483,1.0
545341,Randal Grichuk,CHW,R,Sinker,SI,4,6.451612903225806,93.3,2381.0,0.67,0.87,0.0,50.0,75.0,100.0,33.33333333333333,91.7,0.0,0.0
545341,Randal Grichuk,CHW,R,Split-Finger,FS,4,6.451612903225806,82.875,1193.0,1.135,0.39749999999999996,33.33333333333333,25.0,25.0,66.66666666666666,100.0,83.6,0.622,0.5
545341,Randal Grichuk,CHW,R,Changeup,CH,2,3.225806451612903,87.5,1745.0,0.8300000000000001,0.81,50.0,50.0,0.0,100.0,0.0,80.8,0.0115,0.0
545341,Randal Grichuk,CHW,R,Curveball,CU,2,3.225806451612903,79.45,2625.5,0.37,-1.125,0.0,50.0,50.0,0.0,0.0,0.0,0.0,0.0
545341,Randal Grichuk,CHW,R,Slider,SL,1,1.6129032258064515,85.4,2710.0,0.2,-0.26,100.0,100.0,0.0,100.0,0.0,0.0,0.0,0.0
803011,Sam Antonacci,CHW,L,4-Seam Fastball,FF,92,32.280701754385966,94.33043478260869,2360.1304347826085,-0.3933695652173913,1.313695652173913,6.0606060606060606,19.565217391304348,46.73913043478261,8.16326530612245,67.44186046511628,79.24827586206897,0.34099424999999994,0.26666666666666666
803011,Sam Antonacci,CHW,L,Sinker,SI,49,17.192982456140353,93.75102040816327,2154.816326530612,-0.7808163265306122,0.6787755102040816,25.0,26.53061224489796,57.14285714285714,0.0,71.42857142857143,82.02666666666667,0.351643,0.35714285714285715
803011,Sam Antonacci,CHW,L,Cutter,FC,41,14.385964912280702,89.80731707317074,2481.5365853658536,0.2804878048780488,0.5724390243902439,20.0,24.390243902439025,46.34146341463415,31.818181818181817,68.42105263157895,77.28571428571429,0.30355044444444446,0.0
803011,Sam Antonacci,CHW,L,Slider,SL,35,12.280701754385964,86.15428571428572,2417.5714285714284,0.14685714285714285,0.13285714285714287,28.57142857142857,40.0,54.285714285714285,43.75,36.84210526315789,79.69999999999999,0.0305,0.0
803011,Sam Antonacci,CHW,L,Sweeper,ST,21,7.368421052631578,80.36190476190475,2570.8571428571427,0.7528571428571429,0.10476190476190476,33.33333333333333,28.57142857142857,28.57142857142857,6.666666666666667,33.33333333333333,78.1,0.197988,0.0
803011,Sam Antonacci,CHW,L,Changeup,CH,20,7.017543859649122,86.5,1853.35,-1.21,0.32999999999999996,40.0,35.0,25.0,13.333333333333334,60.0,85.3,0.20825,0.25
803011,Sam Antonacci,CHW,L,Curveball,CU,16,5.614035087719298,80.9375,2963.25,0.920625,-0.816875,50.0,18.75,18.75,15.384615384615385,0.0,75.7,0.364476,0.0
803011,Sam Antonacci,CHW,L,Split-Finger,FS,11,3.8596491228070176,84.9090909090909,1535.4545454545455,-1.110909090909091,0.38636363636363635,42.857142857142854,27.27272727272727,54.54545454545454,20.0,100.0,82.425,0.18066666666666667,0.0
671976,Tristan Peters,CHW,L,4-Seam Fastball,FF,59,28.22966507177033,95.1542372881356,2313.4406779661017,-0.36135593220338985,1.2045762711864405,33.33333333333333,32.20338983050847,55.932203389830505,15.384615384615385,60.60606060606061,89.72857142857143,0.6339303125,0.2727272727272727
671976,Tristan Peters,CHW,L,Sinker,SI,32,15.311004784688995,93.0,2186.125,0.06718750000000001,0.6696875,14.285714285714285,15.625,50.0,18.75,68.75,87.55,0.31769539999999996,0.25
671976,Tristan Peters,CHW,L,Slider,SL,28,13.397129186602871,86.20714285714287,2437.5,-0.031785714285714285,0.1575,35.294117647058826,42.857142857142854,82.14285714285714,40.0,65.21739130434783,86.39090909090909,0.2844166666666667,0.5
671976,Tristan Peters,CHW,L,Changeup,CH,26,12.440191387559809,86.24615384615385,1952.7692307692307,-1.3180769230769231,0.34076923076923077,27.77777777777778,30.76923076923077,50.0,61.53846153846154,76.92307692307693,76.34166666666667,0.47275,0.375
671976,Tristan Peters,CHW,L,Cutter,FC,21,10.047846889952153,90.62380952380951,2589.4285714285716,0.28714285714285714,0.6619047619047619,42.857142857142854,28.57142857142857,33.33333333333333,21.428571428571427,57.14285714285714,55.4,0.31099425,0.6666666666666666
671976,Tristan Peters,CHW,L,Sweeper,ST,17,8.133971291866029,80.03529411764707,2605.6470588235293,0.48117647058823526,0.09882352941176471,14.285714285714285,29.411764705882355,52.94117647058824,25.0,55.55555555555556,70.82000000000001,0.081,0.0
671976,Tristan Peters,CHW,L,Curveball,CU,16,7.655502392344498,80.2625,2720.0625,0.675625,-0.749375,40.0,37.5,43.75,22.22222222222222,42.857142857142854,82.33333333333333,0.22025,0.0
671976,Tristan Peters,CHW,L,Split-Finger,FS,9,4.30622009569378,83.73333333333333,1444.2222222222222,-0.9500000000000001,0.41555555555555557,25.0,11.11111111111111,33.33333333333333,16.666666666666664,100.0,83.83333333333333,0.843,1.0
671976,Tristan Peters,CHW,L,Forkball,FO,1,0.4784688995215311,79.4,1157.0,-1.03,-0.03,0.0,0.0,0.0,0.0,0.0,0.0,0.0,0.0
667472,Dane Myers,CIN,R,4-Seam Fastball,FF,67,25.67049808429119,94.28358208955224,2237.7611940298507,-0.0653731343283582,1.303134328358209,25.0,28.35820895522388,44.776119402985074,32.432432432432435,66.66666666666666,86.23181818181818,0.3457142857142857,0.2857142857142857
667472,Dane Myers,CIN,R,Sinker,SI,62,23.754789272030653,94.18870967741935,2174.3870967741937,-0.6303225806451612,0.4908064516129032,8.0,27.419354838709676,56.451612903225815,22.22222222222222,54.285714285714285,80.19500000000001,0.21399835714285714,0.23076923076923078
667472,Dane Myers,CIN,R,Sweeper,ST,29,11.11111111111111,83.68620689655172,2528.896551724138,0.9962068965517241,0.08068965517241379,6.25,13.793103448275861,58.620689655172406,16.666666666666664,82.35294117647058,74.01428571428572,0.18466666666666667,0.3333333333333333
667472,Dane Myers,CIN,R,Changeup,CH,26,9.961685823754788,85.41153846153846,1697.076923076923,0.2403846153846154,0.20384615384615384,15.384615384615385,15.384615384615385,19.230769230769234,47.61904761904761,60.0,81.61111111111111,0.46119079999999996,0.3333333333333333
667472,Dane Myers,CIN,R,Slider,SL,23,8.812260536398467,87.48695652173913,2344.695652173913,0.042608695652173914,0.17956521739130435,7.6923076923076925,30.434782608695656,69.56521739130434,28.57142857142857,68.75,89.58333333333333,0.351,0.3333333333333333
667472,Dane Myers,CIN,R,Curveball,CU,18,6.896551724137931,80.30000000000001,2524.277777777778,-0.1788888888888889,-0.7288888888888888,0.0,22.22222222222222,44.44444444444444,20.0,50.0,79.3,0.058249999999999996,0.0
667472,Dane Myers,CIN,R,Cutter,FC,18,6.896551724137931,88.91111111111111,2473.0555555555557,0.006111111111111107,0.6327777777777778,9.090909090909092,27.77777777777778,72.22222222222221,40.0,69.23076923076923,74.34,0.301,0.0
667472,Dane Myers,CIN,R,Split-Finger,FS,13,4.980842911877394,86.6846153846154,1002.5384615384615,-0.9607692307692308,-0.036153846153846154,0.0,0.0,46.15384615384615,57.14285714285714,100.0,82.60000000000001,0.39748849999999997,0.0
667472,Dane Myers,CIN,R,Slurve,SV,5,1.9157088122605364,80.46000000000001,2780.4,0.466,-0.652,100.0,40.0,0.0,40.0,0.0,0.0,0.23265899999999998,0.0
695490,Edwin Arroyo,CIN,S,4-Seam Fastball,FF,1,33.33333333333333,94.2,2302.0,-0.86,1.3,0.0,0.0,100.0,0.0,100.0,101.2,0.835,0.0
695490,Edwin Arroyo,CIN,S,Changeup,CH,1,33.33333333333333,89.7,1290.0,-0.98,-0.06,0.0,0.0,0.0,0.0,0.0,0.0,0.0,0.0
695490,Edwin Arroyo,CIN,S,Curveball,CU,1,33.33333333333333,81.0,2220.0,1.02,-0.43,0.0,0.0,100.0,0.0,100.0,82.9,0.0,0.0
682829,Elly De La Cruz,CIN,S,4-Seam Fastball,FF,109,31.412103746397698,94.37981651376147,2278.7522935779816,-0.3034862385321101,1.2355045871559631,2.857142857142857,24.770642201834864,47.706422018348626,17.543859649122805,48.07692307692308,92.06551724137931,0.7251954,0.75
682829,Elly De La Cruz,CIN,S,Changeup,CH,74,21.32564841498559,85.75675675675676,1787.5405405405406,-0.19027027027027027,0.34702702702702704,36.11111111111111,24.324324324324326,51.35135135135135,19.444444444444446,76.31578947368422,76.38571428571429,0.26094117647058823,0.35294117647058826
682829,Elly De La Cruz,CIN,S,Curveball,CU,31,8.93371757925072,80.71290322580644,2704.3548387096776,0.2948387096774193,-0.8990322580645161,18.181818181818183,29.03225806451613,38.70967741935484,26.31578947368421,50.0,93.92222222222222,0.3850977,0.3333333333333333
682829,Elly De La Cruz,CIN,S,Slider,SL,31,8.93371757925072,87.01290322580645,2397.9032258064517,0.13870967741935483,0.10419354838709677,66.66666666666666,51.61290322580645,38.70967741935484,36.84210526315789,16.666666666666664,108.43333333333334,0.3675366923076923,0.16666666666666666
682829,Elly De La Cruz,CIN,S,Sinker,SI,29,8.357348703170029,93.6103448275862,2185.344827586207,-0.38965517241379305,0.4603448275862069,0.0,41.37931034482759,72.41379310344827,0.0,52.38095238095239,83.78,0.47633333333333333,0.3333333333333333
682829,Elly De La Cruz,CIN,S,Split-Finger,FS,21,6.051873198847262,85.92380952380952,1244.2380952380952,-0.9942857142857142,0.2761904761904762,27.27272727272727,23.809523809523807,42.857142857142854,41.66666666666667,66.66666666666666,73.68571428571428,0.09880000000000001,0.2
682829,Elly De La Cruz,CIN,S,Sweeper,ST,20,5.763688760806916,81.72,2560.05,0.27199999999999996,-0.013999999999999999,20.0,40.0,50.0,20.0,30.0,84.75,0.28575,0.25
682829,Elly De La Cruz,CIN,S,Cutter,FC,15,4.322766570605188,89.98666666666666,2418.4666666666667,-0.018000000000000002,0.7633333333333333,20.0,33.33333333333333,46.666666666666664,50.0,85.71428571428571,88.2,0.0645,0.0
682829,Elly De La Cruz,CIN,S,Slurve,SV,11,3.170028818443804,80.38181818181819,2871.3636363636365,0.8809090909090909,-0.6645454545454546,57.14285714285714,54.54545454545454,45.45454545454545,66.66666666666666,60.0,69.86666666666666,0.35400000000000004,0.0
682829,Elly De La Cruz,CIN,S,Knuckle Curve,KC,6,1.729106628242075,81.25,2737.6666666666665,0.17833333333333334,-1.0516666666666667,66.66666666666666,50.0,33.33333333333333,50.0,50.0,0.0,0.0,0.0
553993,Eugenio Suárez,CIN,R,4-Seam Fastball,FF,77,26.82926829268293,93.3012987012987,2245.5064935064934,0.10155844155844156,1.2898701298701298,29.629629629629626,28.57142857142857,46.75324675324675,12.195121951219512,61.111111111111114,85.77058823529411,0.3759918823529412,0.2727272727272727
553993,Eugenio Suárez,CIN,R,Sinker,SI,63,21.951219512195124,94.66984126984127,2123.936507936508,-0.7776190476190477,0.6077777777777778,11.76470588235294,28.57142857142857,79.36507936507937,0.0,68.0,87.78076923076924,0.32995633333333335,0.2608695652173913
553993,Eugenio Suárez,CIN,R,Slider,SL,46,16.02787456445993,87.34782608695652,2262.1304347826085,0.19,0.2376086956521739,47.368421052631575,30.434782608695656,39.130434782608695,17.857142857142858,77.77777777777779,84.75,0.2654503636363636,0.1111111111111111
553993,Eugenio Suárez,CIN,R,Sweeper,ST,27,9.40766550522648,82.9074074074074,2404.3703703703704,0.7237037037037036,0.011481481481481481,50.0,25.925925925925924,33.33333333333333,16.666666666666664,77.77777777777779,73.92,0.12066283333333333,0.0
553993,Eugenio Suárez,CIN,R,Changeup,CH,25,8.710801393728223,85.19200000000001,1684.32,0.47119999999999995,0.2032,44.44444444444444,24.0,16.0,33.33333333333333,50.0,71.43333333333334,0.013,0.0
553993,Eugenio Suárez,CIN,R,Cutter,FC,14,4.878048780487805,88.41428571428571,2390.9285714285716,0.07142857142857142,0.6421428571428571,0.0,28.57142857142857,50.0,14.285714285714285,42.857142857142854,70.275,0.2155,0.0
553993,Eugenio Suárez,CIN,R,Curveball,CU,13,4.529616724738676,78.43846153846154,2820.5384615384614,-0.11384615384615385,-1.066153846153846,50.0,23.076923076923077,23.076923076923077,10.0,33.33333333333333,65.0,0.3489885,0.0
553993,Eugenio Suárez,CIN,R,Split-Finger,FS,13,4.529616724738676,85.16923076923078,1357.076923076923,-1.0546153846153845,0.24307692307692308,33.33333333333333,7.6923076923076925,7.6923076923076925,16.666666666666664,100.0,94.8,0.697977,0.0
553993,Eugenio Suárez,CIN,R,Slurve,SV,9,3.1358885017421603,79.67777777777778,2842.4444444444443,0.9044444444444445,-0.6077777777777778,40.0,22.22222222222222,11.11111111111111,50.0,100.0,66.2,0.697977,0.0
699302,Héctor Rodríguez,CIN,L,Sinker,SI,26,17.93103448275862,93.67307692307692,2112.846153846154,-0.4876923076923077,0.5303846153846153,18.181818181818183,26.923076923076923,50.0,30.76923076923077,53.84615384615385,90.91111111111111,0.5800000000000001,0.375
699302,Héctor Rodríguez,CIN,L,4-Seam Fastball,FF,25,17.24137931034483,94.044,2238.0,-0.39160000000000006,1.2264,7.6923076923076925,20.0,44.0,50.0,54.54545454545454,72.43333333333334,0.17914285714285713,0.42857142857142855
699302,Héctor Rodríguez,CIN,L,Changeup,CH,23,15.862068965517242,87.15217391304348,1636.1304347826087,-0.9873913043478261,0.09130434782608696,25.0,17.391304347826086,34.78260869565217,53.333333333333336,100.0,89.37272727272727,0.35921966666666666,0.25
699302,Héctor Rodríguez,CIN,L,Curveball,CU,22,15.172413793103448,79.98181818181818,2706.6363636363635,0.8595454545454545,-1.0618181818181818,44.44444444444444,36.36363636363637,36.36363636363637,28.57142857142857,62.5,78.55,0.16256814285714283,0.16666666666666666
699302,Héctor Rodríguez,CIN,L,Split-Finger,FS,13,8.96551724137931,83.89230769230768,1348.8461538461538,-1.1538461538461537,0.30615384615384617,20.0,15.384615384615385,23.076923076923077,30.0,66.66666666666666,82.475,0.045,0.0
699302,Héctor Rodríguez,CIN,L,Cutter,FC,10,6.896551724137931,90.62,2409.9,0.11299999999999999,0.891,0.0,10.0,70.0,0.0,85.71428571428571,91.91666666666667,1.0513808,1.0
699302,Héctor Rodríguez,CIN,L,Slurve,SV,10,6.896551724137931,80.1,2714.6,0.8160000000000001,-0.682,0.0,20.0,40.0,0.0,50.0,71.4,0.697977,0.0
699302,Héctor Rodríguez,CIN,L,Slider,SL,9,6.206896551724138,87.36666666666666,2386.777777777778,0.12777777777777777,0.39555555555555555,12.5,11.11111111111111,77.77777777777779,50.0,100.0,68.72857142857143,0.038,0.5
699302,Héctor Rodríguez,CIN,L,Sweeper,ST,5,3.4482758620689653,88.14000000000001,2575.8,-0.386,0.16999999999999998,33.33333333333333,60.0,100.0,0.0,60.0,64.4,0.0,0.0
699302,Héctor Rodríguez,CIN,L,Knuckle Curve,KC,2,1.3793103448275863,78.9,2772.0,0.365,-1.12,0.0,0.0,100.0,0.0,100.0,86.35,0.062,0.0
671155,Ivan Johnson,CIN,S,Sinker,SI,8,38.095238095238095,93.7,2258.5,1.4775,0.7775,0.0,25.0,50.0,0.0,50.0,59.0,0.4689885,0.0
671155,Ivan Johnson,CIN,S,4-Seam Fastball,FF,4,19.047619047619047,95.6,2263.0,0.09999999999999998,1.365,0.0,0.0,50.0,0.0,100.0,76.0,0.0,0.0
671155,Ivan Johnson,CIN,S,Changeup,CH,4,19.047619047619047,86.3,1645.0,0.16,0.1075,100.0,50.0,25.0,33.33333333333333,100.0,0.0,0.0,0.0
671155,Ivan Johnson,CIN,S,Cutter,FC,2,9.523809523809524,94.6,2430.0,-0.06,0.28,0.0,0.0,100.0,0.0,100.0,102.3,0.428,0.0
671155,Ivan Johnson,CIN,S,Slurve,SV,2,9.523809523809524,80.6,2759.0,-0.78,-0.55,0.0,100.0,100.0,0.0,0.0,0.0,0.0,0.0
671155,Ivan Johnson,CIN,S,Curveball,CU,1,4.761904761904762,81.4,2249.0,1.04,-0.63,0.0,100.0,100.0,0.0,0.0,0.0,0.0,0.0
668709,JJ Bleday,CIN,L,4-Seam Fastball,FF,88,30.136986301369863,93.6375,2289.2386363636365,-0.27693181818181817,1.2592045454545455,6.521739130434782,25.0,71.5909090909091,4.0,71.42857142857143,85.73809523809524,0.41644748275862065,0.32142857142857145
668709,JJ Bleday,CIN,L,Changeup,CH,47,16.095890410958905,86.4191489361702,1815.0,-0.6536170212765957,0.23382978723404255,52.17391304347826,40.42553191489361,34.04255319148936,45.16129032258064,56.25,74.9,0.15355555555555556,0.2222222222222222
668709,JJ Bleday,CIN,L,Slider,SL,43,14.726027397260275,85.80697674418604,2361.8837209302324,0.31232558139534883,0.03348837209302325,55.00000000000001,41.86046511627907,44.18604651162791,33.33333333333333,63.1578947368421,80.63333333333334,0.2982706363636364,0.2
668709,JJ Bleday,CIN,L,Sinker,SI,31,10.616438356164384,93.40322580645162,2189.1290322580644,-0.21258064516129035,0.5958064516129032,9.523809523809524,16.129032258064516,64.51612903225806,45.45454545454545,80.0,86.95263157894736,0.34461538461538466,0.0
668709,JJ Bleday,CIN,L,Curveball,CU,21,7.191780821917808,80.76666666666667,2654.095238095238,0.4628571428571429,-0.7076190476190476,20.0,23.809523809523807,28.57142857142857,26.666666666666668,16.666666666666664,72.43333333333334,0.3489885,0.0
668709,JJ Bleday,CIN,L,Split-Finger,FS,21,7.191780821917808,84.37619047619049,1447.6190476190477,-1.0709523809523809,0.3219047619047619,0.0,9.523809523809524,47.61904761904761,0.0,80.0,82.5625,0.39266666666666666,0.6666666666666666
668709,JJ Bleday,CIN,L,Cutter,FC,15,5.136986301369863,88.96666666666667,2509.3333333333335,0.142,0.632,0.0,40.0,66.66666666666666,0.0,40.0,73.825,0.0,0.0
668709,JJ Bleday,CIN,L,Sweeper,ST,15,5.136986301369863,82.86,2412.6,0.7893333333333333,-0.037333333333333336,0.0,13.333333333333334,46.666666666666664,0.0,42.857142857142854,77.65,0.5517265,0.0
668709,JJ Bleday,CIN,L,Slurve,SV,11,3.767123287671233,79.99090909090908,2863.3636363636365,0.9354545454545455,-0.5927272727272727,50.0,36.36363636363637,36.36363636363637,28.57142857142857,50.0,67.8,0.0,0.0
624431,Jose Trevino,CIN,R,Sinker,SI,39,28.676470588235293,93.2102564102564,2178.6666666666665,-0.5015384615384616,0.39,0.0,30.76923076923077,51.28205128205128,15.789473684210526,40.0,83.02727272727272,0.17257142857142857,0.14285714285714285
624431,Jose Trevino,CIN,R,4-Seam Fastball,FF,30,22.058823529411764,93.17666666666668,2284.1,0.12066666666666667,1.3473333333333335,7.142857142857142,30.0,56.666666666666664,23.076923076923077,64.70588235294117,82.95,0.5393333333333333,0.3333333333333333
624431,Jose Trevino,CIN,R,Slider,SL,24,17.647058823529413,86.30833333333334,2361.375,0.36874999999999997,0.13,38.46153846153847,41.66666666666667,54.166666666666664,27.27272727272727,76.92307692307693,83.5125,0.13588888888888886,0.0
624431,Jose Trevino,CIN,R,Changeup,CH,21,15.441176470588236,85.58571428571429,1891.6666666666667,1.210952380952381,0.36095238095238097,0.0,9.523809523809524,42.857142857142854,25.0,77.77777777777779,70.12,0.15416666666666665,0.16666666666666666
624431,Jose Trevino,CIN,R,Sweeper,ST,8,5.88235294117647,82.9875,2594.375,0.55875,0.29875,33.33333333333333,25.0,37.5,20.0,66.66666666666666,82.19999999999999,0.41600000000000004,0.5
624431,Jose Trevino,CIN,R,Curveball,CU,5,3.6764705882352944,80.22,2429.0,-0.516,-0.6,0.0,40.0,40.0,66.66666666666666,0.0,57.6,0.107,0.0
624431,Jose Trevino,CIN,R,Cutter,FC,5,3.6764705882352944,87.28,2301.4,-0.030000000000000006,0.776,0.0,0.0,60.0,100.0,100.0,87.28,0.1496666666666667,0.0
624431,Jose Trevino,CIN,R,Split-Finger,FS,3,2.2058823529411766,83.76666666666667,1654.6666666666667,-1.24,0.42333333333333334,100.0,33.33333333333333,0.0,33.33333333333333,0.0,0.0,0.0,0.0
624431,Jose Trevino,CIN,R,Knuckle Curve,KC,1,0.7352941176470588,80.4,2678.0,0.18,-0.99,0.0,0.0,0.0,0.0,0.0,0.0,0.0,0.0
680574,Matt McLain,CIN,R,4-Seam Fastball,FF,79,30.620155038759687,94.54050632911392,2261.278481012658,-0.2059493670886076,1.3313924050632913,19.35483870967742,21.518987341772153,37.9746835443038,18.367346938775512,73.33333333333333,75.63684210526316,0.19456814285714286,0.0
680574,Matt McLain,CIN,R,Sinker,SI,55,21.31782945736434,94.42909090909092,2162.6,-0.8009090909090909,0.6256363636363635,11.538461538461538,36.36363636363637,65.45454545454545,26.31578947368421,58.333333333333336,77.4608695652174,0.226,0.058823529411764705
680574,Matt McLain,CIN,R,Slider,SL,41,15.891472868217054,87.32195121951219,2360.2926829268295,0.24878048780487808,0.3436585365853658,50.0,43.90243902439025,48.78048780487805,33.33333333333333,65.0,82.55555555555556,0.3237093571428571,0.18181818181818182
680574,Matt McLain,CIN,R,Changeup,CH,18,6.976744186046512,86.02777777777777,1800.1666666666667,0.47500000000000003,0.5233333333333333,9.090909090909092,11.11111111111111,50.0,33.33333333333333,88.88888888888889,84.88,0.23399999999999999,0.1111111111111111
680574,Matt McLain,CIN,R,Sweeper,ST,18,6.976744186046512,83.56666666666666,2730.6666666666665,0.9288888888888889,0.07722222222222222,11.11111111111111,22.22222222222222,44.44444444444444,40.0,62.5,64.2,0.26699616666666665,0.4
680574,Matt McLain,CIN,R,Cutter,FC,16,6.2015503875969,89.85625,2464.5,0.09062500000000001,0.75875,0.0,31.25,25.0,25.0,0.0,73.23333333333333,0.288984,0.0
680574,Matt McLain,CIN,R,Split-Finger,FS,14,5.426356589147287,85.48571428571428,1330.857142857143,-1.0457142857142858,0.125,44.44444444444444,28.57142857142857,35.714285714285715,44.44444444444444,100.0,87.74,0.18639999999999998,0.2
680574,Matt McLain,CIN,R,Curveball,CU,10,3.875968992248062,79.39,2595.7,-0.046,-1.019,0.0,10.0,60.0,0.0,83.33333333333334,96.25,0.45375000000000004,0.25
680574,Matt McLain,CIN,R,Slurve,SV,5,1.937984496124031,78.74000000000001,2610.2,-0.358,-0.45199999999999996,0.0,60.0,100.0,0.0,20.0,87.8,0.0,0.0
680574,Matt McLain,CIN,R,Knuckle Curve,KC,2,0.7751937984496124,77.4,2811.5,0.33499999999999996,-1.3599999999999999,0.0,0.0,0.0,0.0,0.0,0.0,0.0,0.0
701398,Sal Stewart,CIN,R,Sinker,SI,72,25.087108013937282,95.05833333333334,2210.722222222222,-1.0140277777777778,0.5683333333333334,5.88235294117647,13.88888888888889,47.22222222222222,23.684210526315788,73.52941176470588,85.55,0.4627674615384615,0.4166666666666667
701398,Sal Stewart,CIN,R,4-Seam Fastball,FF,69,24.041811846689896,94.19565217391305,2272.072463768116,-0.03884057971014492,1.3346376811594203,37.5,40.57971014492754,56.52173913043478,43.333333333333336,69.23076923076923,83.96521739130435,0.3247840714285714,0.15384615384615385
701398,Sal Stewart,CIN,R,Slider,SL,40,13.937282229965156,87.225,2323.45,0.37825,0.278,27.27272727272727,25.0,45.0,36.36363636363637,77.77777777777779,87.06875000000001,0.5421818181818181,0.5454545454545454
701398,Sal Stewart,CIN,R,Changeup,CH,27,9.40766550522648,85.10740740740741,1796.5555555555557,0.7196296296296296,0.5240740740740741,5.88235294117647,11.11111111111111,37.03703703703704,47.05882352941176,90.0,82.78666666666666,0.28193606250000003,0.3333333333333333
701398,Sal Stewart,CIN,R,Sweeper,ST,24,8.362369337979095,83.46249999999999,2668.0,1.1883333333333332,0.06291666666666666,21.428571428571427,12.5,37.5,40.0,88.88888888888889,84.0909090909091,0.4105714285714286,0.14285714285714285
701398,Sal Stewart,CIN,R,Split-Finger,FS,15,5.2264808362369335,86.03999999999999,1188.6,-0.9906666666666666,0.1733333333333333,40.0,33.33333333333333,46.666666666666664,50.0,85.71428571428571,89.05,0.36924999999999997,0.125
701398,Sal Stewart,CIN,R,Curveball,CU,14,4.878048780487805,79.86428571428571,2708.285714285714,-0.05857142857142857,-0.9314285714285714,66.66666666666666,42.857142857142854,28.57142857142857,40.0,50.0,92.25,0.34,0.3333333333333333
701398,Sal Stewart,CIN,R,Cutter,FC,10,3.484320557491289,90.03999999999999,2591.5,0.155,0.645,60.0,50.0,40.0,50.0,50.0,84.6,0.013,0.0
701398,Sal Stewart,CIN,R,Slurve,SV,10,3.484320557491289,80.38,2740.5,0.07199999999999998,-0.583,28.57142857142857,30.0,20.0,75.0,50.0,76.2,0.557,1.0
701398,Sal Stewart,CIN,R,Unknown,UNK,4,1.3937282229965158,0.0,0.0,0.0,0.0,0.0,0.0,0.0,0.0,0.0,0.0,0.0,0.0
701398,Sal Stewart,CIN,R,Knuckle Curve,KC,2,0.6968641114982579,78.9,2756.5,0.52,-0.965,0.0,0.0,0.0,50.0,0.0,0.0,0.0,0.0
670770,TJ Friedl,CIN,L,4-Seam Fastball,FF,39,47.5609756097561,94.68205128205128,2254.7179487179487,-0.35948717948717945,1.3538461538461537,0.0,15.384615384615385,53.84615384615385,5.555555555555555,61.904761904761905,81.48461538461538,0.4964545454545455,0.36363636363636365
670770,TJ Friedl,CIN,L,Changeup,CH,9,10.975609756097562,88.17777777777778,1870.7777777777778,-1.2000000000000002,0.36,50.0,22.22222222222222,22.22222222222222,28.57142857142857,100.0,64.5,0.0,0.0
670770,TJ Friedl,CIN,L,Sinker,SI,9,10.975609756097562,92.18888888888888,2213.3333333333335,-0.63,0.6711111111111111,0.0,55.55555555555556,66.66666666666666,33.33333333333333,16.666666666666664,79.95,0.0,0.0
670770,TJ Friedl,CIN,L,Sweeper,ST,7,8.536585365853659,85.34285714285714,2461.4285714285716,0.9685714285714286,0.37142857142857144,50.0,42.857142857142854,42.857142857142854,25.0,33.33333333333333,74.8,0.0015,0.0
670770,TJ Friedl,CIN,L,Slider,SL,5,6.097560975609756,84.9,2449.4,0.122,0.20600000000000002,0.0,40.0,60.0,0.0,33.33333333333333,65.4,0.728952,0.0
670770,TJ Friedl,CIN,L,Curveball,CU,4,4.878048780487805,78.725,2775.75,0.7125,-1.1425,100.0,50.0,0.0,50.0,0.0,0.0,0.0,0.0
670770,TJ Friedl,CIN,L,Cutter,FC,4,4.878048780487805,89.65,2198.5,0.005,1.115,0.0,0.0,50.0,0.0,100.0,48.4,0.202,0.0
670770,TJ Friedl,CIN,L,Split-Finger,FS,3,3.6585365853658534,85.33333333333333,1409.6666666666667,-1.0466666666666666,0.3066666666666667,50.0,33.33333333333333,33.33333333333333,50.0,100.0,83.6,0.4305,0.5
670770,TJ Friedl,CIN,L,Knuckle Curve,KC,2,2.4390243902439024,79.1,2711.0,0.3,-1.2000000000000002,0.0,100.0,100.0,0.0,0.0,0.0,0.0,0.0
663886,Tyler Stephenson,CIN,R,4-Seam Fastball,FF,66,24.90566037735849,94.69545454545454,2292.8939393939395,-0.3481818181818182,1.368939393939394,31.818181818181817,39.39393939393939,53.03030303030303,19.35483870967742,45.714285714285715,81.56153846153846,0.2981628333333333,0.1
663886,Tyler Stephenson,CIN,R,Sinker,SI,66,24.90566037735849,94.18181818181819,2192.6363636363635,-0.7531818181818182,0.5851515151515151,22.857142857142858,34.84848484848485,63.63636363636363,33.33333333333333,64.28571428571429,79.816,0.2003876111111111,0.23529411764705882
663886,Tyler Stephenson,CIN,R,Slider,SL,57,21.50943396226415,86.88947368421053,2292.8947368421054,0.20982456140350875,-0.014561403508771935,52.38095238095239,31.57894736842105,35.08771929824561,27.027027027027028,55.00000000000001,76.06,0.18409999999999999,0.2
663886,Tyler Stephenson,CIN,R,Changeup,CH,20,7.547169811320755,85.94,1696.45,0.7125,0.42400000000000004,25.0,15.0,45.0,36.36363636363637,88.88888888888889,75.275,0.2018295,0.6
663886,Tyler Stephenson,CIN,R,Sweeper,ST,19,7.169811320754717,82.77894736842104,2604.684210526316,0.7847368421052632,0.08157894736842106,12.5,21.052631578947366,52.63157894736842,11.11111111111111,70.0,78.92857142857143,0.2088,0.2
663886,Tyler Stephenson,CIN,R,Split-Finger,FS,13,4.905660377358491,85.73076923076923,1382.923076923077,-1.0423076923076924,0.3638461538461539,66.66666666666666,53.84615384615385,38.46153846153847,25.0,20.0,94.5,0.1085,0.5
663886,Tyler Stephenson,CIN,R,Curveball,CU,10,3.7735849056603774,78.21000000000001,2621.5,-0.254,-1.0859999999999999,75.0,50.0,40.0,50.0,25.0,48.6,0.0,0.0
663886,Tyler Stephenson,CIN,R,Cutter,FC,9,3.3962264150943398,89.34444444444445,2575.5555555555557,0.16666666666666666,0.7144444444444444,0.0,33.33333333333333,77.77777777777779,0.0,57.14285714285714,87.43333333333334,0.49799424999999997,0.0
663886,Tyler Stephenson,CIN,R,Slurve,SV,5,1.8867924528301887,80.42,2807.8,0.5599999999999999,-0.496,0.0,0.0,20.0,0.0,100.0,90.2,0.187,1.0
677943,Will Banfield,CIN,R,Slider,SL,6,33.33333333333333,88.13333333333333,2299.0,0.4466666666666666,0.3333333333333333,50.0,33.33333333333333,33.33333333333333,50.0,100.0,71.9,0.0,0.0
677943,Will Banfield,CIN,R,4-Seam Fastball,FF,4,22.22222222222222,91.35,2293.75,0.6325000000000001,1.185,0.0,25.0,75.0,0.0,66.66666666666666,74.85,0.027,0.0
677943,Will Banfield,CIN,R,Sinker,SI,3,16.666666666666664,95.10000000000001,2255.6666666666665,-1.1166666666666665,0.8366666666666666,0.0,0.0,0.0,100.0,0.0,66.7,0.0,0.0
677943,Will Banfield,CIN,R,Changeup,CH,2,11.11111111111111,84.2,1692.0,1.1749999999999998,0.275,0.0,0.0,0.0,50.0,0.0,0.0,0.0,0.0
677943,Will Banfield,CIN,R,Slurve,SV,2,11.11111111111111,80.3,2396.0,-1.22,-0.08000000000000002,0.0,0.0,100.0,0.0,100.0,99.5,0.252,0.0
677943,Will Banfield,CIN,R,Curveball,CU,1,5.555555555555555,77.0,2302.0,-0.7,-0.91,0.0,0.0,0.0,0.0,0.0,0.0,0.0,0.0
663647,,CIN,R,4-Seam Fastball,FF,44,28.947368421052634,93.36363636363636,2292.340909090909,-0.30704545454545457,1.3579545454545454,12.0,18.181818181818183,45.45454545454545,41.66666666666667,75.0,79.66499999999999,0.2408256666666667,0.0
663647,,CIN,R,Sinker,SI,30,19.736842105263158,92.35,2197.266666666667,-1.0913333333333335,0.703,14.285714285714285,26.666666666666668,66.66666666666666,0.0,70.0,86.70833333333333,0.3573282222222222,0.14285714285714285
669911,,CIN,L,4-Seam Fastball,FF,22,37.28813559322034,94.70454545454545,2212.181818181818,-0.07136363636363637,1.2763636363636364,10.0,31.818181818181817,72.72727272727273,0.0,62.5,84.4875,0.39799616666666665,0.0
663647,,CIN,R,Changeup,CH,21,13.815789473684212,84.65714285714286,1676.4285714285713,0.6261904761904762,0.28238095238095234,33.33333333333333,33.33333333333333,33.33333333333333,57.14285714285714,57.14285714285714,78.61428571428571,0.3734285714285714,0.42857142857142855
663647,,CIN,R,Slider,SL,16,10.526315789473683,86.25,2342.0,0.16312500000000002,0.435,0.0,56.25,75.0,0.0,41.66666666666667,95.22,0.3165,0.0
663647,,CIN,R,Sweeper,ST,15,9.868421052631579,83.4,2696.4666666666667,1.1866666666666668,0.018,33.33333333333333,20.0,40.0,22.22222222222222,66.66666666666666,86.625,0.7675,0.5
669911,,CIN,L,Changeup,CH,13,22.033898305084744,85.63076923076923,1572.923076923077,-0.3523076923076923,0.16153846153846152,50.0,23.076923076923077,15.384615384615385,36.36363636363637,100.0,84.2,0.017,0.0
663647,,CIN,R,Cutter,FC,12,7.894736842105263,89.81666666666666,2327.5,0.049999999999999996,0.9083333333333333,33.33333333333333,16.666666666666664,50.0,0.0,100.0,85.75,0.5494885,0.0
682622,,CIN,R,4-Seam Fastball,FF,9,47.368421052631575,94.17777777777778,2167.1111111111113,0.2944444444444445,1.2255555555555555,25.0,22.22222222222222,33.33333333333333,16.666666666666664,100.0,71.39999999999999,0.0,0.0
663647,,CIN,R,Curveball,CU,8,5.263157894736842,82.1125,2432.375,0.7374999999999999,-0.39125,0.0,0.0,25.0,16.666666666666664,100.0,79.13333333333334,0.073,0.0
669911,,CIN,L,Slider,SL,7,11.864406779661017,85.35714285714286,2373.1428571428573,0.09571428571428571,0.06142857142857143,0.0,14.285714285714285,57.14285714285714,0.0,75.0,86.8,0.0,0.0
663647,,CIN,R,Slurve,SV,6,3.9473684210526314,79.7,2953.6666666666665,1.09,-0.6566666666666666,0.0,0.0,33.33333333333333,0.0,100.0,64.2,0.0,0.0
669911,,CIN,L,Curveball,CU,6,10.16949152542373,79.26666666666667,2784.1666666666665,0.07833333333333332,-0.96,25.0,16.666666666666664,50.0,33.33333333333333,100.0,87.7,0.2115,0.0
682622,,CIN,R,Slider,SL,5,26.31578947368421,88.28,2502.6,0.0,0.21400000000000002,60.0,60.0,20.0,100.0,100.0,66.5,0.0,0.0
669911,,CIN,L,Knuckle Curve,KC,3,5.084745762711865,79.0,2699.6666666666665,0.16333333333333333,-1.0433333333333332,50.0,66.66666666666666,66.66666666666666,100.0,50.0,99.8,0.358,0.5
669911,,CIN,L,Sinker,SI,3,5.084745762711865,96.13333333333333,2307.0,-1.2433333333333334,0.39999999999999997,0.0,33.33333333333333,66.66666666666666,0.0,50.0,93.3,0.0,0.0
682622,,CIN,R,Changeup,CH,3,15.789473684210526,88.10000000000001,1554.6666666666667,-0.3233333333333333,0.003333333333333336,0.0,0.0,0.0,66.66666666666666,0.0,24.35,0.0,0.0
669911,,CIN,L,Cutter,FC,2,3.389830508474576,88.8,2280.0,0.22999999999999998,0.55,100.0,50.0,0.0,50.0,0.0,0.0,0.0,0.0
669911,,CIN,L,Sweeper,ST,2,3.389830508474576,83.6,2356.5,1.25,-0.13,0.0,100.0,100.0,0.0,0.0,0.0,0.0,0.0
682622,,CIN,R,Curveball,CU,2,10.526315789473683,77.95,2453.5,-0.835,-0.935,0.0,0.0,100.0,0.0,100.0,81.8,0.0,0.0
669911,,CIN,L,Split-Finger,FS,1,1.694915254237288,91.3,1371.0,-1.0,0.79,0.0,0.0,0.0,0.0,0.0,0.0,0.0,0.0
694197,Angel Genao,CLE,S,4-Seam Fastball,FF,43,22.994652406417114,94.72093023255815,2307.3720930232557,-0.28651162790697676,1.1493023255813954,9.523809523809524,13.953488372093023,48.837209302325576,13.636363636363635,85.71428571428571,88.58888888888889,0.36878571428571433,0.35714285714285715
694197,Angel Genao,CLE,S,Changeup,CH,37,19.786096256684495,85.71081081081081,1891.5675675675675,-0.3327027027027027,0.2583783783783784,5.88235294117647,8.108108108108109,32.432432432432435,24.0,91.66666666666666,91.625,0.16981609090909092,0.0
694197,Angel Genao,CLE,S,Sinker,SI,35,18.71657754010695,94.33142857142857,2193.0857142857144,-0.77,0.6685714285714285,0.0,48.57142857142857,65.71428571428571,0.0,47.82608695652174,89.66363636363636,0.36755044444444446,0.5714285714285714
694197,Angel Genao,CLE,S,Slider,SL,34,18.181818181818183,86.63235294117646,2253.6470588235293,-0.13294117647058823,0.01029411764705882,46.15384615384615,38.23529411764706,23.52941176470588,42.30769230769231,25.0,79.27142857142857,0.059666666666666666,0.0
694197,Angel Genao,CLE,S,Curveball,CU,11,5.88235294117647,80.43636363636364,2561.7272727272725,0.5127272727272727,-0.7372727272727274,25.0,27.27272727272727,36.36363636363637,71.42857142857143,75.0,79.84,0.29400000000000004,0.5
694197,Angel Genao,CLE,S,Sweeper,ST,10,5.347593582887701,83.56,2604.2,0.722,-0.168,25.0,40.0,70.0,100.0,71.42857142857143,96.76666666666667,0.0736,0.0
694197,Angel Genao,CLE,S,Cutter,FC,8,4.27807486631016,93.1625,2202.25,0.05625,0.48,0.0,12.5,62.5,0.0,80.0,76.925,0.27499999999999997,0.3333333333333333
694197,Angel Genao,CLE,S,Split-Finger,FS,8,4.27807486631016,85.9875,1556.875,-0.82125,0.5225000000000001,0.0,12.5,12.5,0.0,0.0,0.0,0.0,0.0
694197,Angel Genao,CLE,S,Slurve,SV,1,0.53475935828877,79.8,2834.0,-1.23,-0.94,0.0,0.0,0.0,0.0,0.0,0.0,0.0,0.0
682657,Angel Martínez,CLE,S,4-Seam Fastball,FF,45,26.47058823529412,95.50444444444445,2308.8,-0.45844444444444443,1.1684444444444444,0.0,13.333333333333334,57.77777777777777,10.526315789473683,69.23076923076923,83.28333333333333,0.5097287333333334,0.3333333333333333
682657,Angel Martínez,CLE,S,Sinker,SI,41,24.11764705882353,94.80243902439025,2183.268292682927,-0.6634146341463415,0.6278048780487805,6.25,24.390243902439025,48.78048780487805,19.047619047619047,60.0,89.20666666666666,0.27084615384615385,0.38461538461538464
682657,Angel Martínez,CLE,S,Slider,SL,28,16.470588235294116,86.35000000000001,2449.1785714285716,0.01642857142857143,0.15642857142857142,16.666666666666664,25.0,57.14285714285714,50.0,75.0,70.5909090909091,0.18742171428571427,0.0
682657,Angel Martínez,CLE,S,Changeup,CH,26,15.294117647058824,85.33461538461538,1883.2692307692307,-0.03423076923076922,0.2896153846153846,0.0,23.076923076923077,53.84615384615385,75.0,57.14285714285714,89.53125,0.371,0.2857142857142857
682657,Angel Martínez,CLE,S,Sweeper,ST,13,7.647058823529412,81.8076923076923,2498.923076923077,-0.22307692307692306,0.19615384615384615,33.33333333333333,38.46153846153847,53.84615384615385,33.33333333333333,57.14285714285714,75.9,0.003,0.0
682657,Angel Martínez,CLE,S,Split-Finger,FS,7,4.117647058823529,86.35714285714286,1329.857142857143,-0.6657142857142857,0.20714285714285713,50.0,42.857142857142854,28.57142857142857,80.0,100.0,76.5,0.1375,0.5
682657,Angel Martínez,CLE,S,Cutter,FC,4,2.3529411764705883,89.65,2325.25,0.24750000000000003,0.45999999999999996,0.0,25.0,75.0,0.0,66.66666666666666,73.7,0.0,0.0
682657,Angel Martínez,CLE,S,Curveball,CU,2,1.1764705882352942,77.25,3169.5,1.595,-0.6799999999999999,0.0,50.0,50.0,0.0,0.0,0.0,0.0,0.0
682657,Angel Martínez,CLE,S,Knuckle Curve,KC,2,1.1764705882352942,83.25,2398.5,0.41,-0.35,0.0,50.0,50.0,0.0,0.0,0.0,0.0,0.0
682657,Angel Martínez,CLE,S,Slurve,SV,2,1.1764705882352942,80.55000000000001,2814.5,-1.295,-0.855,0.0,50.0,50.0,0.0,0.0,0.0,0.0,0.0
595978,Austin Hedges,CLE,R,4-Seam Fastball,FF,31,38.75,95.6516129032258,2332.967741935484,-0.6470967741935484,1.1283870967741936,9.090909090909092,48.38709677419355,70.96774193548387,22.22222222222222,40.909090909090914,81.41111111111111,0.12025,0.25
595978,Austin Hedges,CLE,R,Slider,SL,22,27.500000000000004,87.89999999999999,2348.090909090909,-0.011818181818181813,0.14454545454545453,33.33333333333333,22.727272727272727,22.727272727272727,35.294117647058826,60.0,82.2,0.319,0.25
595978,Austin Hedges,CLE,R,Sinker,SI,17,21.25,92.91176470588235,2157.0,-0.24705882352941178,0.5947058823529412,0.0,23.52941176470588,64.70588235294117,0.0,63.63636363636363,82.11999999999999,0.10525,0.0
595978,Austin Hedges,CLE,R,Sweeper,ST,4,5.0,81.625,2740.0,-0.14500000000000007,-0.02,0.0,0.0,0.0,0.0,0.0,0.0,0.0,0.0
595978,Austin Hedges,CLE,R,Cutter,FC,3,3.75,89.76666666666667,2375.6666666666665,0.12,0.3866666666666667,0.0,0.0,100.0,0.0,100.0,82.06666666666666,0.564,1.0
595978,Austin Hedges,CLE,R,Changeup,CH,2,2.5,84.30000000000001,1754.0,1.51,0.020000000000000004,0.0,50.0,50.0,0.0,0.0,0.0,0.0,0.0
595978,Austin Hedges,CLE,R,Curveball,CU,1,1.25,79.6,2624.0,0.49,-0.7,0.0,100.0,100.0,0.0,0.0,0.0,0.0,0.0
677587,Brayan Rocchio,CLE,S,4-Seam Fastball,FF,38,25.333333333333336,95.72105263157896,2282.657894736842,-0.4081578947368421,1.2097368421052632,15.0,26.31578947368421,55.26315789473685,35.294117647058826,66.66666666666666,83.4470588235294,0.138,0.0
677587,Brayan Rocchio,CLE,S,Sinker,SI,38,25.333333333333336,93.96315789473684,2182.5789473684213,-0.46157894736842103,0.616842105263158,15.789473684210526,15.789473684210526,42.10526315789473,31.818181818181817,75.0,82.8125,0.3486666666666667,0.2222222222222222
677587,Brayan Rocchio,CLE,S,Changeup,CH,29,19.333333333333332,86.7655172413793,1775.6206896551723,-0.3586206896551724,0.3065517241379311,33.33333333333333,27.586206896551722,37.93103448275862,55.55555555555556,100.0,82.4923076923077,0.17381818181818184,0.18181818181818182
677587,Brayan Rocchio,CLE,S,Slider,SL,20,13.333333333333334,87.315,2459.9,-0.0875,0.134,50.0,50.0,55.00000000000001,66.66666666666666,72.72727272727273,95.78,0.443,0.3333333333333333
677587,Brayan Rocchio,CLE,S,Sweeper,ST,12,8.0,80.075,2656.6666666666665,-0.2841666666666667,0.17416666666666666,37.5,33.33333333333333,50.0,33.33333333333333,100.0,72.28,0.121,0.0
677587,Brayan Rocchio,CLE,S,Curveball,CU,7,4.666666666666667,81.88571428571429,2561.714285714286,0.7142857142857143,-0.39999999999999997,0.0,28.57142857142857,28.57142857142857,20.0,0.0,58.1,0.193,0.0
677587,Brayan Rocchio,CLE,S,Cutter,FC,4,2.666666666666667,92.5,2229.25,0.16,1.09,0.0,50.0,100.0,0.0,50.0,83.19999999999999,0.4515,0.5
677587,Brayan Rocchio,CLE,S,Slurve,SV,1,0.6666666666666667,80.3,2745.0,-1.14,-0.77,0.0,0.0,0.0,0.0,0.0,0.0,0.0,0.0
677587,Brayan Rocchio,CLE,S,Split-Finger,FS,1,0.6666666666666667,86.1,1504.0,-0.61,0.47,0.0,0.0,0.0,100.0,0.0,68.8,0.0,0.0
800050,Chase DeLauter,CLE,L,4-Seam Fastball,FF,49,35.507246376811594,94.52857142857142,2294.469387755102,-0.1426530612244898,1.0775510204081633,10.0,24.489795918367346,61.224489795918366,47.368421052631575,70.0,88.45185185185184,0.23699693333333333,0.23076923076923078
800050,Chase DeLauter,CLE,L,Sinker,SI,24,17.391304347826086,93.5125,2075.5,0.21083333333333334,0.5529166666666666,57.14285714285714,25.0,16.666666666666664,20.0,75.0,77.7,0.17449425,0.0
800050,Chase DeLauter,CLE,L,Changeup,CH,23,16.666666666666664,84.69565217391305,1682.0,-0.43086956521739134,0.37521739130434784,30.0,26.08695652173913,34.78260869565217,20.0,87.5,86.52857142857144,0.058666666666666666,0.3333333333333333
800050,Chase DeLauter,CLE,L,Curveball,CU,18,13.043478260869565,79.40555555555555,2624.8333333333335,0.19944444444444442,-0.6172222222222222,50.0,44.44444444444444,27.77777777777778,30.76923076923077,0.0,99.65,0.21475,0.5
800050,Chase DeLauter,CLE,L,Slider,SL,11,7.971014492753622,85.38181818181819,2393.2727272727275,-0.08181818181818182,0.19636363636363638,0.0,9.090909090909092,27.27272727272727,0.0,66.66666666666666,81.55,0.697977,0.0
800050,Chase DeLauter,CLE,L,Sweeper,ST,7,5.072463768115942,78.17142857142858,2312.4285714285716,-0.43571428571428567,0.19999999999999998,0.0,28.57142857142857,28.57142857142857,0.0,0.0,0.0,0.0,0.0
800050,Chase DeLauter,CLE,L,Cutter,FC,4,2.898550724637681,88.425,2427.25,-0.034999999999999996,0.43,0.0,25.0,75.0,100.0,66.66666666666666,85.8,0.0,0.0
800050,Chase DeLauter,CLE,L,Split-Finger,FS,2,1.4492753623188406,87.3,1562.0,-0.925,0.495,0.0,0.0,50.0,100.0,100.0,77.1,0.0,0.0
681807,David Fry,CLE,R,Changeup,CH,5,22.727272727272727,85.0,1748.0,1.25,0.096,0.0,60.0,80.0,100.0,25.0,86.6,0.3036666666666667,0.3333333333333333
681807,David Fry,CLE,R,Knuckle Curve,KC,5,22.727272727272727,80.88,2203.8,-0.254,-0.19,0.0,20.0,40.0,33.33333333333333,50.0,96.5,0.0,0.0
681807,David Fry,CLE,R,Sinker,SI,5,22.727272727272727,92.85999999999999,2169.4,1.3519999999999999,0.48600000000000004,0.0,0.0,40.0,33.33333333333333,100.0,81.2,0.697977,0.0
681807,David Fry,CLE,R,Slider,SL,4,18.181818181818183,87.425,2327.0,-0.17500000000000002,0.22,0.0,75.0,100.0,0.0,25.0,82.7,0.0,0.0
681807,David Fry,CLE,R,4-Seam Fastball,FF,3,13.636363636363635,93.8,2238.6666666666665,0.8366666666666666,1.1166666666666665,0.0,0.0,33.33333333333333,0.0,100.0,83.4,0.0,0.0
666176,Jo Adell,CLE,R,4-Seam Fastball,FF,77,31.048387096774192,94.71298701298701,2292.3376623376626,-0.4079220779220779,1.132857142857143,13.953488372093023,12.987012987012985,46.75324675324675,26.82926829268293,88.88888888888889,83.01176470588236,0.35490904347826085,0.3157894736842105
666176,Jo Adell,CLE,R,Slider,SL,58,23.387096774193548,87.90517241379311,2293.4137931034484,0.027068965517241375,0.17189655172413795,25.925925925925924,22.413793103448278,29.310344827586203,29.268292682926827,88.23529411764706,81.59473684210526,0.21037499999999998,0.375
666176,Jo Adell,CLE,R,Sinker,SI,43,17.338709677419356,95.11627906976744,2200.046511627907,-0.6893023255813954,0.7588372093023257,23.076923076923077,41.86046511627907,76.74418604651163,40.0,66.66666666666666,83.26111111111112,0.15464285714285714,0.07142857142857142
666176,Jo Adell,CLE,R,Sweeper,ST,24,9.67741935483871,84.25416666666666,2565.2083333333335,0.8691666666666666,-0.01541666666666667,30.76923076923077,20.833333333333336,12.5,52.38095238095239,66.66666666666666,85.6625,0.8245,0.5
666176,Jo Adell,CLE,R,Changeup,CH,22,8.870967741935484,86.44090909090909,1954.7272727272727,0.07500000000000001,0.39681818181818185,47.368421052631575,40.909090909090914,50.0,72.72727272727273,100.0,106.63333333333334,0.3622222222222222,0.3333333333333333
666176,Jo Adell,CLE,R,Cutter,FC,9,3.6290322580645165,91.30000000000001,2350.1111111111113,0.17666666666666664,0.6244444444444445,80.0,44.44444444444444,44.44444444444444,20.0,100.0,60.1,0.0,0.0
666176,Jo Adell,CLE,R,Unknown,UNK,9,3.6290322580645165,0.0,0.0,0.0,0.0,0.0,0.0,0.0,0.0,0.0,0.0,0.0,0.0
666176,Jo Adell,CLE,R,Curveball,CU,3,1.2096774193548387,79.2,2474.0,0.41,-1.1300000000000001,100.0,66.66666666666666,33.33333333333333,50.0,0.0,0.0,0.0,0.0
666176,Jo Adell,CLE,R,Knuckle Curve,KC,1,0.4032258064516129,81.7,2183.0,-0.3,-0.22,0.0,0.0,0.0,0.0,0.0,0.0,0.0,0.0
666176,Jo Adell,CLE,R,Slurve,SV,1,0.4032258064516129,80.9,2725.0,-0.74,-0.4,0.0,100.0,100.0,0.0,0.0,0.0,0.0,0.0
666176,Jo Adell,CLE,R,Split-Finger,FS,1,0.4032258064516129,87.6,1676.0,-0.73,0.53,0.0,0.0,0.0,100.0,0.0,72.9,0.0,0.0
608070,José Ramírez,CLE,S,4-Seam Fastball,FF,77,29.72972972972973,94.65844155844155,2240.173333333333,-0.2148051948051948,1.1003896103896105,13.793103448275861,32.467532467532465,55.84415584415584,20.588235294117645,51.162790697674424,82.00434782608696,0.1829375,0.3125
608070,José Ramírez,CLE,S,Changeup,CH,56,21.62162162162162,87.50357142857142,1752.888888888889,-0.755,0.41178571428571425,30.76923076923077,33.92857142857143,51.78571428571429,29.629629629629626,62.06896551724138,82.53125,0.29673333333333335,0.3333333333333333
608070,José Ramírez,CLE,S,Slider,SL,32,12.355212355212355,87.078125,2256.5,0.0634375,0.14125000000000001,27.77777777777778,37.5,53.125,53.333333333333336,58.82352941176471,90.0909090909091,0.1094375,0.0625
608070,José Ramírez,CLE,S,Sinker,SI,29,11.196911196911197,95.2655172413793,2161.6206896551726,-0.33724137931034487,0.6741379310344828,0.0,31.03448275862069,62.06896551724138,18.181818181818183,55.55555555555556,77.99166666666666,0.36450000000000005,0.0
608070,José Ramírez,CLE,S,Cutter,FC,25,9.652509652509652,90.97200000000001,2270.76,0.10880000000000001,0.5015999999999999,7.142857142857142,20.0,64.0,22.22222222222222,75.0,83.45,0.5710000000000001,0.6666666666666666
608070,José Ramírez,CLE,S,Sweeper,ST,16,6.177606177606178,84.2875,2418.0,0.26,0.12687500000000002,0.0,25.0,81.25,66.66666666666666,53.84615384615385,93.92222222222222,0.459,1.0
608070,José Ramírez,CLE,S,Curveball,CU,15,5.7915057915057915,79.64,2545.9333333333334,0.49133333333333334,-0.798,20.0,33.33333333333333,53.333333333333336,14.285714285714285,50.0,86.35,0.013600000000000001,0.0
608070,José Ramírez,CLE,S,Unknown,UNK,5,1.9305019305019304,0.0,0.0,0.0,0.0,0.0,0.0,0.0,0.0,0.0,0.0,0.0,0.0
608070,José Ramírez,CLE,S,Split-Finger,FS,2,0.7722007722007722,84.7,1281.0,-0.41,0.44,0.0,0.0,0.0,0.0,0.0,0.0,0.0,0.0
608070,José Ramírez,CLE,S,Knuckle Curve,KC,1,0.3861003861003861,80.7,2250.0,-0.33,-0.12,0.0,0.0,100.0,0.0,100.0,75.7,0.082,0.0
608070,José Ramírez,CLE,S,Slurve,SV,1,0.3861003861003861,81.6,2897.0,-1.24,-0.38,0.0,100.0,100.0,0.0,0.0,0.0,0.0,0.0
663993,Nathaniel Lowe,CLE,L,4-Seam Fastball,FF,103,48.13084112149533,94.80485436893204,2272.980582524272,-0.546504854368932,1.0402912621359224,13.793103448275861,26.21359223300971,62.13592233009708,33.33333333333333,70.3125,86.85581395348838,0.35107921621621624,0.23529411764705882
663993,Nathaniel Lowe,CLE,L,Changeup,CH,27,12.616822429906541,87.44074074074075,1951.851851851852,-1.1303703703703702,0.3285185185185185,25.0,40.74074074074074,55.55555555555556,41.66666666666667,46.666666666666664,72.04444444444444,0.1685,0.0
663993,Nathaniel Lowe,CLE,L,Slider,SL,24,11.214953271028037,87.96249999999999,2288.4583333333335,-0.06791666666666667,0.10833333333333334,0.0,29.166666666666668,66.66666666666666,50.0,43.75,88.2090909090909,0.11979999999999999,0.0
663993,Nathaniel Lowe,CLE,L,Sinker,SI,18,8.411214953271028,96.08888888888889,2259.6666666666665,-1.0622222222222222,0.7538888888888889,0.0,16.666666666666664,27.77777777777778,15.384615384615385,40.0,88.35,0.23349425,0.0
663993,Nathaniel Lowe,CLE,L,Sweeper,ST,14,6.5420560747663545,81.89285714285714,2423.9285714285716,-0.51,0.425,44.44444444444444,42.857142857142854,50.0,57.14285714285714,71.42857142857143,83.12,0.004,0.0
663993,Nathaniel Lowe,CLE,L,Curveball,CU,13,6.074766355140187,81.98461538461538,2403.3076923076924,0.8169230769230769,-0.7423076923076923,37.5,23.076923076923077,23.076923076923077,50.0,100.0,74.62,0.0,0.0
663993,Nathaniel Lowe,CLE,L,Split-Finger,FS,8,3.7383177570093453,86.0,1469.25,-0.83875,0.33875,0.0,12.5,25.0,0.0,50.0,93.4,0.466,0.0
663993,Nathaniel Lowe,CLE,L,Cutter,FC,7,3.2710280373831773,91.11428571428573,2350.4285714285716,0.26,0.7014285714285714,0.0,0.0,57.14285714285714,33.33333333333333,100.0,86.0,0.38625,0.75
672275,Patrick Bailey,CLE,S,4-Seam Fastball,FF,44,27.500000000000004,94.9,2322.340909090909,-0.3831818181818182,1.1236363636363635,0.0,20.454545454545457,43.18181818181818,4.0,42.10526315789473,76.1,0.6482166153846153,0.6
672275,Patrick Bailey,CLE,S,Changeup,CH,39,24.375,86.1076923076923,1880.820512820513,-0.89,0.3805128205128205,21.052631578947366,23.076923076923077,58.97435897435898,6.25,78.26086956521739,89.46000000000001,0.354747125,0.2857142857142857
672275,Patrick Bailey,CLE,S,Sinker,SI,34,21.25,94.43529411764706,2195.0,-0.39705882352941174,0.6979411764705883,0.0,29.411764705882355,58.82352941176471,14.285714285714285,40.0,84.05,0.296375,0.375
672275,Patrick Bailey,CLE,S,Sweeper,ST,15,9.375,83.29333333333334,2650.133333333333,0.322,0.10666666666666667,66.66666666666666,46.666666666666664,20.0,50.0,100.0,76.0,0.3489885,0.0
672275,Patrick Bailey,CLE,S,Curveball,CU,13,8.125,78.82307692307693,2551.076923076923,0.8215384615384616,-0.7538461538461539,33.33333333333333,30.76923076923077,53.84615384615385,50.0,85.71428571428571,84.675,0.07680000000000001,0.0
672275,Patrick Bailey,CLE,S,Slider,SL,9,5.625,89.57777777777778,2442.4444444444443,-0.06333333333333334,0.2,20.0,11.11111111111111,0.0,55.55555555555556,0.0,0.0,0.0,0.0
672275,Patrick Bailey,CLE,S,Eephus,EP,2,1.25,52.3,1345.0,-0.25,1.15,0.0,0.0,100.0,0.0,100.0,106.1,1.588,1.0
672275,Patrick Bailey,CLE,S,Split-Finger,FS,2,1.25,85.7,1471.0,-0.92,0.29,0.0,0.0,0.0,0.0,0.0,0.0,0.0,0.0
672275,Patrick Bailey,CLE,S,Slurve,SV,1,0.625,82.6,2782.0,-0.73,-0.58,0.0,0.0,0.0,0.0,0.0,0.0,0.0,0.0
672275,Patrick Bailey,CLE,S,Unknown,UNK,1,0.625,0.0,0.0,0.0,0.0,0.0,0.0,0.0,0.0,0.0,0.0,0.0,0.0
690984,Petey Halpin,CLE,L,4-Seam Fastball,FF,45,30.201342281879196,94.36666666666666,2331.7555555555555,-0.3502222222222222,1.0851111111111111,26.08695652173913,22.22222222222222,37.77777777777778,28.57142857142857,88.23529411764706,82.825,0.4465615714285714,0.25
690984,Petey Halpin,CLE,L,Changeup,CH,31,20.80536912751678,87.90645161290323,1822.1290322580646,-1.1700000000000002,0.40225806451612905,5.555555555555555,3.225806451612903,38.70967741935484,42.10526315789473,83.33333333333334,71.86470588235295,0.3271,0.16666666666666666
690984,Petey Halpin,CLE,L,Sweeper,ST,22,14.76510067114094,80.84545454545454,2664.909090909091,-0.5754545454545454,0.11272727272727273,25.0,9.090909090909092,27.27272727272727,12.5,100.0,75.93333333333334,0.101,0.0
690984,Petey Halpin,CLE,L,Sinker,SI,16,10.738255033557047,94.40625,2162.375,-0.6224999999999999,0.66,0.0,0.0,68.75,40.0,100.0,83.50909090909092,0.5747777777777778,0.4444444444444444
690984,Petey Halpin,CLE,L,Cutter,FC,13,8.724832214765101,90.89230769230768,2257.846153846154,0.1453846153846154,0.7646153846153846,40.0,30.76923076923077,69.23076923076923,25.0,100.0,64.41666666666667,0.0874,0.0
690984,Petey Halpin,CLE,L,Slider,SL,12,8.053691275167784,88.84166666666665,2276.8333333333335,-0.15666666666666668,0.2225,0.0,16.666666666666664,33.33333333333333,0.0,50.0,77.8,0.0,0.0
690984,Petey Halpin,CLE,L,Eephus,EP,10,6.7114093959731544,63.4,1599.0,-0.358,1.05,0.0,0.0,40.0,33.33333333333333,100.0,87.16666666666667,0.679,0.0
680757,Steven Kwan,CLE,L,4-Seam Fastball,FF,146,45.482866043613704,94.29657534246574,2256.9926470588234,-0.4571917808219178,1.1204794520547945,0.0,24.65753424657534,53.42465753424658,8.823529411764707,47.43589743589743,81.0,0.3037018235294118,0.35714285714285715
680757,Steven Kwan,CLE,L,Sinker,SI,57,17.75700934579439,94.15438596491228,2191.9298245614036,-0.4166666666666667,0.5947368421052631,0.0,35.08771929824561,59.64912280701754,4.3478260869565215,41.17647058823529,81.88666666666667,0.4158472857142857,0.5
680757,Steven Kwan,CLE,L,Slider,SL,38,11.838006230529595,86.08947368421053,2444.8611111111113,-0.11289473684210527,0.21657894736842107,0.0,31.57894736842105,65.78947368421053,7.6923076923076925,52.0,83.11666666666666,0.34425,0.42857142857142855
680757,Steven Kwan,CLE,L,Changeup,CH,24,7.476635514018691,88.63333333333333,1913.0416666666667,-0.8941666666666667,0.4808333333333333,10.0,16.666666666666664,45.83333333333333,23.076923076923077,63.63636363636363,80.1,0.0,0.0
680757,Steven Kwan,CLE,L,Cutter,FC,24,7.476635514018691,90.05,2290.9583333333335,0.09541666666666666,0.6854166666666667,0.0,20.833333333333336,37.5,0.0,55.55555555555556,78.22,0.14066666666666666,0.0
680757,Steven Kwan,CLE,L,Curveball,CU,16,4.984423676012461,81.4625,2500.8125,0.5,-0.63625,25.0,37.5,37.5,20.0,33.33333333333333,79.2,0.0465,0.0
680757,Steven Kwan,CLE,L,Sweeper,ST,9,2.803738317757009,80.26666666666667,2633.0,-0.6333333333333333,0.3411111111111111,33.33333333333333,22.22222222222222,55.55555555555556,25.0,100.0,75.92500000000001,0.37966666666666665,0.3333333333333333
680757,Steven Kwan,CLE,L,Eephus,EP,2,0.6230529595015576,57.7,1465.0,-0.48,0.85,0.0,0.0,0.0,100.0,0.0,97.6,0.494,0.0
680757,Steven Kwan,CLE,L,Slurve,SV,2,0.6230529595015576,81.55,2836.0,-0.9550000000000001,-0.655,0.0,0.0,0.0,50.0,0.0,82.4,0.152,1.0
680757,Steven Kwan,CLE,L,Split-Finger,FS,2,0.6230529595015576,85.85,1501.0,-0.68,0.62,0.0,0.0,0.0,0.0,0.0,0.0,0.0,0.0
680757,Steven Kwan,CLE,L,Knuckle Curve,KC,1,0.3115264797507788,84.5,2263.0,-0.19,0.06,0.0,0.0,100.0,0.0,100.0,29.5,0.31,1.0
683953,Travis Bazzana,CLE,L,4-Seam Fastball,FF,53,27.461139896373055,94.8,2260.0188679245284,-0.359433962264151,1.0983018867924528,12.5,16.9811320754717,64.15094339622641,15.789473684210526,85.29411764705883,87.24074074074075,0.35605263157894734,0.3684210526315789
683953,Travis Bazzana,CLE,L,Changeup,CH,44,22.797927461139896,87.17045454545455,1844.8636363636363,-1.0197727272727273,0.3702272727272727,28.57142857142857,25.0,34.090909090909086,37.93103448275862,66.66666666666666,76.05555555555556,0.3871908,0.3333333333333333
683953,Travis Bazzana,CLE,L,Sinker,SI,26,13.471502590673575,94.84615384615384,2260.3846153846152,-0.6684615384615384,0.6184615384615385,0.0,26.923076923076923,80.76923076923077,0.0,66.66666666666666,86.78461538461539,0.2778888888888889,0.3333333333333333
683953,Travis Bazzana,CLE,L,Slider,SL,21,10.880829015544041,86.1047619047619,2321.0,0.024285714285714282,0.1719047619047619,21.428571428571427,23.809523809523807,61.904761904761905,37.5,84.61538461538461,82.075,0.27514285714285713,0.5714285714285714
683953,Travis Bazzana,CLE,L,Sweeper,ST,20,10.362694300518134,82.64,2621.75,0.3765,0.03749999999999999,30.76923076923077,35.0,55.00000000000001,55.55555555555556,72.72727272727273,70.55555555555556,0.21042857142857144,0.14285714285714285
683953,Travis Bazzana,CLE,L,Cutter,FC,15,7.772020725388601,90.07333333333332,2155.5333333333333,0.26,0.5660000000000001,50.0,33.33333333333333,33.33333333333333,20.0,40.0,96.55,0.327488,0.0
683953,Travis Bazzana,CLE,L,Curveball,CU,10,5.181347150259067,81.0,2451.2,0.693,-0.9460000000000001,0.0,40.0,80.0,0.0,50.0,79.95,0.12,0.0
683953,Travis Bazzana,CLE,L,Slurve,SV,2,1.0362694300518136,80.44999999999999,2755.5,-1.075,-0.7450000000000001,0.0,0.0,0.0,0.0,0.0,0.0,0.0,0.0
683953,Travis Bazzana,CLE,L,Split-Finger,FS,2,1.0362694300518136,87.9,1769.5,-0.88,0.495,0.0,0.0,0.0,0.0,0.0,0.0,0.697977,0.0
656555,,CLE,R,4-Seam Fastball,FF,6,35.294117647058826,93.64999999999999,2332.5,0.8916666666666666,1.2383333333333333,25.0,16.666666666666664,33.33333333333333,50.0,100.0,89.96666666666665,0.299,0.3333333333333333
656555,,CLE,R,Sinker,SI,5,29.411764705882355,92.96000000000001,2282.0,1.42,0.5740000000000001,0.0,20.0,40.0,33.33333333333333,50.0,78.8,0.044,0.0
656555,,CLE,R,Changeup,CH,3,17.647058823529413,84.8,1954.0,1.3233333333333333,0.3866666666666667,100.0,66.66666666666666,33.33333333333333,50.0,0.0,0.0,0.0,0.0
656555,,CLE,R,Slurve,SV,3,17.647058823529413,81.33333333333333,2760.6666666666665,-1.0966666666666667,-0.7799999999999999,0.0,66.66666666666666,66.66666666666666,0.0,0.0,0.0,0.0,0.0
664954,Brett Sullivan,COL,L,4-Seam Fastball,FF,54,46.55172413793103,95.97222222222223,2387.074074074074,-0.15851851851851853,1.267037037037037,23.809523809523807,33.33333333333333,40.74074074074074,37.5,40.909090909090914,78.1,0.2522954,0.25
664954,Brett Sullivan,COL,L,Slider,SL,22,18.96551724137931,86.95,2565.5,-0.022727272727272728,-0.011363636363636371,20.0,22.727272727272727,63.63636363636363,37.5,85.71428571428571,77.7909090909091,0.243122125,0.0
664954,Brett Sullivan,COL,L,Cutter,FC,11,9.482758620689655,88.18181818181819,2431.3636363636365,0.04454545454545455,0.4018181818181818,0.0,18.181818181818183,81.81818181818183,0.0,77.77777777777779,92.01428571428572,0.1955,0.0
664954,Brett Sullivan,COL,L,Curveball,CU,8,6.896551724137931,79.3625,2522.25,-0.0012500000000000011,-0.4075,0.0,0.0,62.5,0.0,100.0,74.5,0.009333333333333334,0.0
664954,Brett Sullivan,COL,L,Knuckle Curve,KC,6,5.172413793103448,84.89999999999999,2153.3333333333335,0.41333333333333333,-0.87,0.0,0.0,100.0,0.0,66.66666666666666,67.7,0.0,0.0
664954,Brett Sullivan,COL,L,Sweeper,ST,6,5.172413793103448,76.98333333333333,2572.5,-1.1916666666666667,-0.056666666666666664,0.0,0.0,50.0,0.0,66.66666666666666,98.2,0.699,1.0
664954,Brett Sullivan,COL,L,Changeup,CH,5,4.310344827586207,83.78,1974.2,-0.9380000000000001,-0.148,0.0,20.0,60.0,50.0,66.66666666666666,88.46666666666665,0.479,0.0
664954,Brett Sullivan,COL,L,Split-Finger,FS,4,3.4482758620689653,89.875,932.75,-0.32999999999999996,0.21,0.0,0.0,25.0,33.33333333333333,100.0,85.05,0.0,0.0
694249,Cole Carrigg,COL,S,4-Seam Fastball,FF,70,28.225806451612907,94.04142857142857,2300.157142857143,0.038285714285714284,1.174,8.88888888888889,8.571428571428571,44.285714285714285,41.02564102564102,93.54838709677419,78.02162162162162,0.3186235625,0.11764705882352941
694249,Cole Carrigg,COL,S,Curveball,CU,49,19.758064516129032,80.71836734693878,2529.9795918367345,-0.2846938775510204,-0.7951020408163265,54.166666666666664,51.02040816326531,38.775510204081634,56.666666666666664,36.84210526315789,68.84444444444445,0.15082082352941176,0.2
694249,Cole Carrigg,COL,S,Changeup,CH,39,15.725806451612904,83.25641025641026,1768.6410256410256,0.1053846153846154,0.6512820512820513,31.57894736842105,23.076923076923077,28.205128205128204,39.285714285714285,72.72727272727273,78.9,0.1716,0.2
694249,Cole Carrigg,COL,S,Cutter,FC,26,10.483870967741936,87.4923076923077,2428.1923076923076,0.03461538461538461,0.365,13.333333333333334,30.76923076923077,65.38461538461539,44.44444444444444,64.70588235294117,83.55,0.20179999999999998,0.2
694249,Cole Carrigg,COL,S,Slider,SL,24,9.67741935483871,87.37916666666666,2327.9166666666665,-0.017083333333333343,0.18583333333333332,28.57142857142857,25.0,37.5,40.0,88.88888888888889,87.82000000000001,0.12516666666666668,0.0
694249,Cole Carrigg,COL,S,Split-Finger,FS,17,6.854838709677419,87.57058823529412,1154.6470588235295,-0.37823529411764706,0.08529411764705883,33.33333333333333,35.294117647058826,29.411764705882355,58.333333333333336,40.0,82.31666666666668,0.3002,0.2
694249,Cole Carrigg,COL,S,Sinker,SI,13,5.241935483870968,92.72307692307693,2163.0,0.15307692307692305,0.5892307692307692,33.33333333333333,7.6923076923076925,30.76923076923077,11.11111111111111,50.0,106.1,0.7182385,0.0
694249,Cole Carrigg,COL,S,Sweeper,ST,6,2.4193548387096775,80.95,2523.0,-0.15000000000000002,0.235,0.0,16.666666666666664,33.33333333333333,0.0,50.0,95.8,0.053,0.0
694249,Cole Carrigg,COL,S,Eephus,EP,3,1.2096774193548387,48.0,1190.0,0.11333333333333333,1.0733333333333333,0.0,33.33333333333333,0.0,33.33333333333333,0.0,99.0,0.77,0.0
694249,Cole Carrigg,COL,S,Unknown,UNK,1,0.4032258064516129,0.0,0.0,0.0,0.0,0.0,0.0,0.0,0.0,0.0,0.0,0.0,0.0
681393,Connor Norby,COL,R,4-Seam Fastball,FF,62,26.27118644067797,95.16935483870968,2366.2741935483873,-0.3632258064516129,1.1343548387096773,16.666666666666664,24.193548387096776,54.83870967741935,35.714285714285715,76.47058823529412,82.28214285714286,0.2626,0.2
681393,Connor Norby,COL,R,Changeup,CH,30,12.711864406779661,81.69333333333334,1812.3666666666666,0.42866666666666664,0.2833333333333333,37.5,26.666666666666668,40.0,33.33333333333333,83.33333333333334,72.16666666666667,0.38115899999999997,0.25
681393,Connor Norby,COL,R,Cutter,FC,30,12.711864406779661,89.32,2249.7,-0.10833333333333334,0.5446666666666666,20.0,20.0,53.333333333333336,7.142857142857142,87.5,80.89999999999999,0.7945,0.75
681393,Connor Norby,COL,R,Sweeper,ST,30,12.711864406779661,83.82333333333332,2414.0333333333333,0.9016666666666667,0.16266666666666665,36.84210526315789,23.333333333333332,50.0,26.666666666666668,100.0,90.23636363636363,0.2382977,0.2222222222222222
681393,Connor Norby,COL,R,Sinker,SI,25,10.59322033898305,92.656,2209.08,-0.19599999999999995,0.662,37.5,36.0,44.0,21.428571428571427,45.45454545454545,101.97999999999999,0.5471931,0.5714285714285714
681393,Connor Norby,COL,R,Curveball,CU,23,9.745762711864407,80.0391304347826,2539.478260869565,0.0373913043478261,-0.6734782608695652,37.5,43.47826086956522,52.17391304347826,36.36363636363637,33.33333333333333,74.16,0.3608,0.4
681393,Connor Norby,COL,R,Slider,SL,18,7.627118644067797,86.75,2400.0555555555557,0.21444444444444444,0.048888888888888885,61.53846153846154,50.0,27.77777777777778,69.23076923076923,80.0,78.96000000000001,0.1948,0.2
681393,Connor Norby,COL,R,Knuckle Curve,KC,8,3.389830508474576,87.4,2243.0,0.355,-0.7150000000000001,33.33333333333333,50.0,75.0,100.0,66.66666666666666,48.8,0.0,0.0
681393,Connor Norby,COL,R,Split-Finger,FS,8,3.389830508474576,85.2375,1212.125,-0.2675,0.07500000000000001,0.0,12.5,50.0,25.0,75.0,79.16666666666667,0.393,1.0
681393,Connor Norby,COL,R,Eephus,EP,2,0.847457627118644,40.65,958.0,-0.115,1.06,0.0,0.0,100.0,0.0,100.0,67.5,0.338,1.0
678662,Ezequiel Tovar,COL,R,4-Seam Fastball,FF,46,35.38461538461539,93.83913043478262,2311.1521739130435,-0.06413043478260869,1.2195652173913043,17.857142857142858,15.217391304347828,56.52173913043478,25.0,88.46153846153845,77.615,0.3840954,0.375
678662,Ezequiel Tovar,COL,R,Slider,SL,22,16.923076923076923,86.75909090909092,2508.2272727272725,0.13363636363636366,-0.09909090909090908,18.181818181818183,22.727272727272727,40.909090909090914,38.46153846153847,66.66666666666666,81.68888888888888,0.15683333333333335,0.0
678662,Ezequiel Tovar,COL,R,Changeup,CH,20,15.384615384615385,80.345,1864.5,0.3995,0.33999999999999997,63.63636363636363,35.0,5.0,52.63157894736842,100.0,76.16666666666667,0.15966666666666668,0.16666666666666666
678662,Ezequiel Tovar,COL,R,Cutter,FC,16,12.307692307692308,89.7,2262.875,-0.06687499999999999,0.62625,16.666666666666664,18.75,43.75,11.11111111111111,71.42857142857143,90.92,0.56149425,0.0
678662,Ezequiel Tovar,COL,R,Sinker,SI,9,6.923076923076923,92.78888888888889,2102.6666666666665,-0.6744444444444445,0.6255555555555555,50.0,33.33333333333333,33.33333333333333,16.666666666666664,33.33333333333333,0.0,0.0,0.0
678662,Ezequiel Tovar,COL,R,Sweeper,ST,6,4.615384615384616,81.18333333333334,2489.6666666666665,0.25833333333333336,-0.07666666666666667,50.0,33.33333333333333,33.33333333333333,50.0,100.0,104.8,1.1693333333333333,0.6666666666666666
678662,Ezequiel Tovar,COL,R,Curveball,CU,5,3.8461538461538463,78.52000000000001,2518.4,-0.43,-0.836,0.0,20.0,80.0,0.0,75.0,63.36666666666667,0.15133333333333332,0.0
678662,Ezequiel Tovar,COL,R,Split-Finger,FS,3,2.307692307692308,83.13333333333334,1315.6666666666667,0.03333333333333333,0.22999999999999998,0.0,0.0,33.33333333333333,0.0,100.0,0.0,0.0,0.0
678662,Ezequiel Tovar,COL,R,Eephus,EP,2,1.5384615384615385,47.5,1216.0,0.32499999999999996,0.925,0.0,0.0,0.0,50.0,0.0,101.4,0.489,1.0
678662,Ezequiel Tovar,COL,R,Knuckleball,KN,1,0.7692307692307693,75.4,341.0,-1.03,-0.13,0.0,0.0,100.0,0.0,100.0,106.6,0.855,1.0
696100,Hunter Goodman,COL,R,4-Seam Fastball,FF,23,27.710843373493976,93.97826086956522,2319.2608695652175,-0.3160869565217391,1.2217391304347827,25.0,26.08695652173913,69.56521739130434,28.57142857142857,87.5,91.49090909090908,0.646625,0.375
696100,Hunter Goodman,COL,R,Changeup,CH,20,24.096385542168676,81.57000000000001,1666.45,0.8785000000000001,0.627,33.33333333333333,25.0,40.0,33.33333333333333,100.0,78.1125,0.253622125,0.14285714285714285
696100,Hunter Goodman,COL,R,Slider,SL,16,19.27710843373494,86.275,2488.0,0.24375,0.121875,28.57142857142857,25.0,18.75,30.76923076923077,100.0,77.34,0.45600000000000007,0.4
696100,Hunter Goodman,COL,R,Curveball,CU,9,10.843373493975903,81.64444444444445,2479.222222222222,-0.43666666666666665,-0.6011111111111112,33.33333333333333,11.11111111111111,33.33333333333333,0.0,100.0,87.0,0.267,1.0
696100,Hunter Goodman,COL,R,Sweeper,ST,8,9.63855421686747,83.9,2660.0,0.79,0.0175,0.0,0.0,75.0,0.0,100.0,72.56666666666666,0.0,0.0
696100,Hunter Goodman,COL,R,Sinker,SI,5,6.024096385542169,92.44,2188.0,-0.42400000000000004,0.39,0.0,80.0,60.0,0.0,0.0,0.0,0.0,0.0
696100,Hunter Goodman,COL,R,Eephus,EP,1,1.2048192771084338,39.1,870.0,0.08,1.18,0.0,0.0,100.0,0.0,100.0,93.7,0.03,0.0
696100,Hunter Goodman,COL,R,Knuckleball,KN,1,1.2048192771084338,78.1,430.0,-0.47,-0.55,0.0,0.0,100.0,0.0,100.0,81.4,0.111,0.0
664983,Jake McCarthy,COL,L,4-Seam Fastball,FF,73,27.037037037037038,94.85068493150685,2287.4520547945203,-0.38616438356164384,1.081232876712329,2.0408163265306123,13.698630136986301,50.68493150684932,50.0,83.78378378378379,76.325,0.32633205555555556,0.29411764705882354
664983,Jake McCarthy,COL,L,Cutter,FC,38,14.074074074074074,87.77368421052631,2375.3684210526317,0.03921052631578947,0.36,21.73913043478261,28.947368421052634,57.89473684210527,37.5,77.27272727272727,79.37222222222222,0.5163314166666667,0.45454545454545453
664983,Jake McCarthy,COL,L,Curveball,CU,35,12.962962962962962,79.86571428571429,2591.3142857142857,-0.26799999999999996,-0.7437142857142857,13.333333333333334,17.142857142857142,40.0,23.809523809523807,71.42857142857143,76.475,0.26074425,0.0
664983,Jake McCarthy,COL,L,Slider,SL,34,12.592592592592592,86.40294117647058,2431.6176470588234,0.005588235294117652,0.07294117647058825,38.095238095238095,29.411764705882355,41.17647058823529,45.0,85.71428571428571,88.38461538461539,0.20591666666666666,0.25
664983,Jake McCarthy,COL,L,Sinker,SI,28,10.37037037037037,92.65714285714286,2174.25,0.2689285714285714,0.4682142857142857,10.0,7.142857142857142,50.0,42.857142857142854,100.0,76.58571428571429,0.3711586666666667,0.3
664983,Jake McCarthy,COL,L,Changeup,CH,26,9.62962962962963,84.85,1771.3076923076924,-0.4930769230769231,0.5446153846153846,13.333333333333334,7.6923076923076925,42.30769230769231,26.666666666666668,100.0,76.41,0.12125,0.0
664983,Jake McCarthy,COL,L,Sweeper,ST,17,6.296296296296296,82.8529411764706,2536.294117647059,0.5135294117647059,0.09647058823529411,0.0,5.88235294117647,41.17647058823529,30.0,85.71428571428571,85.61666666666667,0.3063333333333333,0.0
664983,Jake McCarthy,COL,L,Split-Finger,FS,11,4.074074074074074,88.81818181818181,1358.909090909091,-0.7545454545454544,0.30272727272727273,40.0,27.27272727272727,36.36363636363637,28.57142857142857,75.0,74.55000000000001,0.054,0.0
664983,Jake McCarthy,COL,L,Knuckle Curve,KC,8,2.9629629629629632,86.325,2204.5,0.165,-0.8175,33.33333333333333,50.0,50.0,100.0,50.0,100.5,0.794,0.0
687597,Jordan Beck,COL,R,4-Seam Fastball,FF,57,37.5,94.71929824561404,2378.719298245614,0.15771929824561404,1.1566666666666667,25.806451612903224,35.08771929824561,59.64912280701754,34.78260869565217,67.64705882352942,81.25,0.006,0.0
687597,Jordan Beck,COL,R,Curveball,CU,37,24.342105263157894,80.72972972972973,2582.4324324324325,-0.7243243243243244,-0.918918918918919,27.77777777777778,37.83783783783784,62.16216216216216,35.714285714285715,56.52173913043478,79.06923076923077,0.5012000000000001,0.6
687597,Jordan Beck,COL,R,Changeup,CH,20,13.157894736842104,82.345,1558.75,0.688,0.3165,46.15384615384615,30.0,45.0,36.36363636363637,100.0,73.94,0.25549425000000003,0.3333333333333333
687597,Jordan Beck,COL,R,Sweeper,ST,12,7.894736842105263,82.375,2619.4166666666665,1.0325,0.24916666666666668,0.0,58.333333333333336,83.33333333333334,0.0,30.0,79.06666666666666,0.208,0.0
687597,Jordan Beck,COL,R,Slider,SL,10,6.578947368421052,87.47999999999999,2391.3,-0.007000000000000001,0.20099999999999998,25.0,10.0,10.0,33.33333333333333,100.0,77.36666666666667,0.24165899999999998,0.0
687597,Jordan Beck,COL,R,Sinker,SI,9,5.921052631578947,93.47777777777777,2198.8888888888887,-0.5355555555555556,0.5511111111111111,0.0,22.22222222222222,55.55555555555556,50.0,60.0,56.43333333333334,0.27699999999999997,0.3333333333333333
687597,Jordan Beck,COL,R,Cutter,FC,6,3.9473684210526314,89.01666666666667,2289.5,-0.15666666666666665,0.6633333333333333,25.0,33.33333333333333,33.33333333333333,75.0,50.0,66.76666666666667,0.371,0.3333333333333333
687597,Jordan Beck,COL,R,Split-Finger,FS,1,0.6578947368421052,80.8,1464.0,-0.03,0.0,0.0,0.0,0.0,0.0,0.0,0.0,0.0,0.0
666160,Mickey Moniak,COL,L,4-Seam Fastball,FF,54,25.71428571428571,95.46666666666667,2304.259259259259,-0.3327777777777778,1.192962962962963,26.47058823529412,20.37037037037037,61.111111111111114,23.809523809523807,87.87878787878788,86.728,0.2872,0.26666666666666666
666160,Mickey Moniak,COL,L,Cutter,FC,33,15.714285714285714,87.55454545454546,2280.5757575757575,-0.07939393939393939,0.35424242424242425,32.142857142857146,33.33333333333333,51.515151515151516,87.5,82.35294117647058,83.26666666666667,0.4076666666666666,0.3333333333333333
666160,Mickey Moniak,COL,L,Slider,SL,31,14.761904761904763,86.62903225806451,2335.1612903225805,0.13806451612903226,0.05870967741935484,31.25,32.25806451612903,38.70967741935484,36.84210526315789,75.0,74.47272727272728,0.1238295,0.0
666160,Mickey Moniak,COL,L,Changeup,CH,20,9.523809523809524,84.97999999999999,1728.15,-0.826,0.3725,27.27272727272727,15.0,20.0,43.75,100.0,81.7875,0.010400000000000001,0.0
666160,Mickey Moniak,COL,L,Sinker,SI,20,9.523809523809524,91.965,2178.85,0.5135000000000001,0.652,21.428571428571427,35.0,60.0,75.0,66.66666666666666,82.67,0.281375,0.25
666160,Mickey Moniak,COL,L,Curveball,CU,15,7.142857142857142,81.02,2576.9333333333334,-0.45466666666666666,-0.9380000000000001,0.0,26.666666666666668,53.333333333333336,14.285714285714285,50.0,88.58,0.25466155555555553,0.0
666160,Mickey Moniak,COL,L,Sweeper,ST,15,7.142857142857142,83.14,2534.133333333333,0.03799999999999997,-0.17466666666666666,37.5,20.0,33.33333333333333,30.0,100.0,77.83333333333333,0.0895,0.0
666160,Mickey Moniak,COL,L,Split-Finger,FS,11,5.238095238095238,88.91818181818182,1064.2727272727273,-0.30000000000000004,0.1509090909090909,37.5,27.27272727272727,45.45454545454545,50.0,100.0,78.38,0.158,0.5
666160,Mickey Moniak,COL,L,Knuckle Curve,KC,6,2.857142857142857,87.53333333333335,2277.6666666666665,0.3333333333333333,-0.6699999999999999,50.0,33.33333333333333,0.0,66.66666666666666,0.0,61.0,0.0,0.0
666160,Mickey Moniak,COL,L,Knuckleball,KN,3,1.4285714285714286,78.2,351.3333333333333,-0.22666666666666666,-0.030000000000000002,0.0,33.33333333333333,66.66666666666666,0.0,50.0,92.6,0.0,0.0
666160,Mickey Moniak,COL,L,Eephus,EP,1,0.4761904761904762,38.6,869.0,0.11,1.39,0.0,0.0,0.0,100.0,0.0,89.0,0.138,0.0
666160,Mickey Moniak,COL,L,Slow Curve,CS,1,0.4761904761904762,80.6,2393.0,-0.68,-0.43,100.0,100.0,100.0,0.0,100.0,0.0,0.0,0.0
690022,Ryan Ritter,COL,R,4-Seam Fastball,FF,16,31.372549019607842,92.9125,2421.9375,-0.17625000000000002,0.92625,0.0,25.0,31.25,18.181818181818183,20.0,93.1,0.0,0.0
690022,Ryan Ritter,COL,R,Sinker,SI,10,19.607843137254903,92.47999999999999,2336.2,0.638,0.28200000000000003,0.0,20.0,60.0,0.0,66.66666666666666,89.1,0.45698849999999996,0.0
690022,Ryan Ritter,COL,R,Curveball,CU,6,11.76470588235294,83.10000000000001,2713.3333333333335,-1.0599999999999998,-0.9933333333333333,100.0,66.66666666666666,33.33333333333333,50.0,0.0,0.0,0.0,0.0
690022,Ryan Ritter,COL,R,Sweeper,ST,6,11.76470588235294,83.10000000000001,2705.6666666666665,1.36,0.5166666666666667,50.0,33.33333333333333,33.33333333333333,50.0,100.0,101.6,0.304,0.5
690022,Ryan Ritter,COL,R,Changeup,CH,4,7.8431372549019605,83.85,1542.0,0.9425,0.11249999999999999,0.0,0.0,75.0,0.0,100.0,80.33333333333333,0.08533333333333333,0.0
690022,Ryan Ritter,COL,R,Cutter,FC,3,5.88235294117647,89.7,2171.6666666666665,-0.31,0.5366666666666667,0.0,0.0,66.66666666666666,0.0,100.0,74.0,0.0,0.0
690022,Ryan Ritter,COL,R,Eephus,EP,3,5.88235294117647,39.300000000000004,954.6666666666666,0.24333333333333332,1.2166666666666666,0.0,0.0,33.33333333333333,0.0,100.0,102.2,0.642,1.0
690022,Ryan Ritter,COL,R,Slider,SL,2,3.9215686274509802,84.9,2695.0,-0.02,0.03,0.0,0.0,0.0,0.0,0.0,0.0,0.0,0.0
690022,Ryan Ritter,COL,R,Split-Finger,FS,1,1.9607843137254901,81.8,1305.0,0.02,-0.08,0.0,0.0,100.0,0.0,100.0,66.9,0.183,0.0
681198,TJ Rumfield,COL,L,4-Seam Fastball,FF,103,33.11897106109325,94.81262135922331,2320.4077669902913,-0.36932038834951453,1.1679611650485437,8.88888888888889,19.41747572815534,55.33980582524271,17.391304347826086,64.91228070175438,82.65121951219511,0.38585057142857143,0.26666666666666666
681198,TJ Rumfield,COL,L,Slider,SL,56,18.006430868167204,86.44107142857142,2493.5178571428573,0.013035714285714284,0.008392857142857141,37.5,32.142857142857146,32.142857142857146,39.473684210526315,50.0,76.95,0.3285348181818181,0.0
681198,TJ Rumfield,COL,L,Curveball,CU,33,10.610932475884244,80.1939393939394,2584.4242424242425,0.007878787878787883,-0.6936363636363636,0.0,6.0606060606060606,21.21212121212121,23.076923076923077,42.857142857142854,74.41428571428571,0.697977,0.0
681198,TJ Rumfield,COL,L,Cutter,FC,33,10.610932475884244,87.72424242424243,2399.5757575757575,0.05666666666666667,0.37272727272727274,33.33333333333333,27.27272727272727,39.39393939393939,50.0,84.61538461538461,78.88333333333334,0.42645446153846156,0.3333333333333333
681198,TJ Rumfield,COL,L,Sinker,SI,32,10.289389067524116,92.278125,2168.90625,0.3709375,0.5615625,16.666666666666664,31.25,46.875,23.52941176470588,53.333333333333336,90.97,0.4977044285714286,0.0
681198,TJ Rumfield,COL,L,Changeup,CH,27,8.681672025723474,82.81111111111112,1760.4814814814815,-0.2555555555555556,0.6444444444444444,0.0,7.4074074074074066,33.33333333333333,11.11111111111111,66.66666666666666,83.225,0.435106,0.2857142857142857
681198,TJ Rumfield,COL,L,Knuckle Curve,KC,14,4.501607717041801,87.74285714285715,2253.1428571428573,0.34285714285714286,-0.7542857142857143,25.0,14.285714285714285,28.57142857142857,40.0,100.0,76.96666666666667,0.41,1.0
681198,TJ Rumfield,COL,L,Sweeper,ST,6,1.929260450160772,83.01666666666667,2385.0,0.14,-0.17666666666666667,60.0,50.0,33.33333333333333,75.0,100.0,71.9,0.0,0.0
681198,TJ Rumfield,COL,L,Split-Finger,FS,5,1.607717041800643,89.66,1042.6,-0.47800000000000004,0.21800000000000003,100.0,20.0,0.0,20.0,0.0,0.0,0.0,0.0
681198,TJ Rumfield,COL,L,Eephus,EP,1,0.3215434083601286,39.6,897.0,0.28,1.18,0.0,0.0,100.0,0.0,100.0,89.9,0.254,0.0
681198,TJ Rumfield,COL,L,Knuckleball,KN,1,0.3215434083601286,82.8,478.0,-0.35,-0.3,0.0,0.0,0.0,0.0,0.0,0.0,0.0,0.0
687859,Troy Johnston,COL,L,4-Seam Fastball,FF,52,43.69747899159664,95.31346153846154,2347.346153846154,-0.18903846153846154,1.1651923076923079,28.57142857142857,28.846153846153843,57.692307692307686,36.36363636363637,66.66666666666666,84.77894736842104,0.573053625,0.5
687859,Troy Johnston,COL,L,Changeup,CH,17,14.285714285714285,83.71764705882353,1979.764705882353,-1.0511764705882354,0.5635294117647058,0.0,11.76470588235294,29.411764705882355,16.666666666666664,60.0,90.4,0.24166666666666667,0.3333333333333333
687859,Troy Johnston,COL,L,Slider,SL,14,11.76470588235294,87.03571428571429,2586.0714285714284,-0.09785714285714286,0.21,50.0,42.857142857142854,42.857142857142854,62.5,83.33333333333334,61.48,0.229,0.5
687859,Troy Johnston,COL,L,Cutter,FC,9,7.563025210084033,89.78888888888889,2312.6666666666665,0.04,0.6388888888888888,16.666666666666664,11.11111111111111,44.44444444444444,60.0,75.0,87.14000000000001,0.5156666666666666,0.3333333333333333
687859,Troy Johnston,COL,L,Sweeper,ST,9,7.563025210084033,80.38888888888889,2509.5555555555557,0.11999999999999998,-0.06555555555555553,50.0,33.33333333333333,33.33333333333333,50.0,100.0,67.94999999999999,0.0,0.0
687859,Troy Johnston,COL,L,Knuckle Curve,KC,6,5.042016806722689,87.73333333333333,2318.0,0.3,-0.7066666666666667,50.0,33.33333333333333,66.66666666666666,100.0,50.0,42.6,0.176,0.0
687859,Troy Johnston,COL,L,Knuckleball,KN,4,3.361344537815126,79.375,404.5,-0.33,-0.2725,0.0,25.0,50.0,100.0,50.0,93.95,0.006,0.0
687859,Troy Johnston,COL,L,Curveball,CU,3,2.5210084033613445,78.0,2524.6666666666665,0.9866666666666667,0.21,0.0,0.0,33.33333333333333,0.0,100.0,90.0,0.39148849999999996,0.0
687859,Troy Johnston,COL,L,Split-Finger,FS,3,2.5210084033613445,89.06666666666666,1072.3333333333333,-0.9199999999999999,-0.15999999999999998,100.0,66.66666666666666,0.0,66.66666666666666,0.0,0.0,0.0,0.0
687859,Troy Johnston,COL,L,Eephus,EP,1,0.8403361344537815,43.6,1075.0,0.05,1.25,0.0,0.0,0.0,0.0,0.0,0.0,0.728952,0.0
687859,Troy Johnston,COL,L,Sinker,SI,1,0.8403361344537815,90.2,1965.0,-1.35,0.79,0.0,0.0,100.0,0.0,100.0,74.5,0.0,0.0
650489,Willi Castro,COL,S,4-Seam Fastball,FF,94,35.471698113207545,94.93617021276596,2296.7127659574467,-0.20489361702127662,1.095,16.3265306122449,23.404255319148938,51.06382978723404,34.78260869565217,68.75,81.6837837837838,0.24349823076923077,0.25
650489,Willi Castro,COL,S,Changeup,CH,57,21.50943396226415,83.69999999999999,1785.6666666666667,-0.1931578947368421,0.5089473684210526,25.0,26.31578947368421,31.57894736842105,35.8974358974359,55.55555555555556,70.86875,0.22586900000000001,0.16666666666666666
650489,Willi Castro,COL,S,Curveball,CU,40,15.09433962264151,79.08250000000001,2518.075,0.025750000000000006,-0.5549999999999999,33.33333333333333,30.0,32.5,37.03703703703704,61.53846153846154,82.89999999999999,0.5046641111111111,0.42857142857142855
650489,Willi Castro,COL,S,Cutter,FC,28,10.566037735849058,88.96071428571429,2321.6428571428573,0.024285714285714292,0.6064285714285714,18.75,35.714285714285715,64.28571428571429,40.0,66.66666666666666,84.925,0.404622125,0.25
650489,Willi Castro,COL,S,Slider,SL,21,7.9245283018867925,86.1,2515.714285714286,0.23761904761904762,-0.06714285714285714,22.22222222222222,23.809523809523807,47.61904761904761,18.181818181818183,70.0,88.12,0.41199712499999996,0.42857142857142855
650489,Willi Castro,COL,S,Knuckle Curve,KC,14,5.283018867924529,87.45714285714287,2202.8571428571427,0.21428571428571427,-0.6871428571428572,33.33333333333333,42.857142857142854,57.14285714285714,33.33333333333333,50.0,92.2,0.428,0.0
650489,Willi Castro,COL,S,Sinker,SI,4,1.509433962264151,89.55,2172.5,1.3825,0.5325,0.0,25.0,50.0,0.0,50.0,105.6,0.284,0.0
650489,Willi Castro,COL,S,Split-Finger,FS,3,1.1320754716981132,87.66666666666667,1393.0,-1.04,0.42333333333333334,0.0,0.0,0.0,0.0,0.0,0.0,0.0,0.0
650489,Willi Castro,COL,S,Knuckleball,KN,2,0.7547169811320755,79.69999999999999,339.5,-0.525,-0.09,50.0,50.0,50.0,100.0,100.0,84.1,0.027,0.0
650489,Willi Castro,COL,S,Sweeper,ST,2,0.7547169811320755,84.6,2430.5,1.1949999999999998,-0.215,0.0,0.0,0.0,0.0,0.0,0.0,0.697977,0.0
691728,Zac Veen,COL,L,4-Seam Fastball,FF,39,40.20618556701031,95.21538461538462,2338.0,-0.3235897435897436,1.0215384615384617,52.0,41.02564102564102,53.84615384615385,38.88888888888889,85.71428571428571,92.3875,0.1861412142857143,0.15384615384615385
691728,Zac Veen,COL,L,Cutter,FC,14,14.432989690721648,91.67142857142858,2335.5,0.06285714285714286,0.6542857142857142,25.0,21.428571428571427,28.57142857142857,50.0,75.0,75.3,0.30549424999999997,0.3333333333333333
691728,Zac Veen,COL,L,Changeup,CH,12,12.371134020618557,83.61666666666666,1881.1666666666667,-0.86,0.6275000000000001,100.0,75.0,58.333333333333336,40.0,100.0,0.0,0.0,0.0
691728,Zac Veen,COL,L,Knuckle Curve,KC,8,8.24742268041237,86.6,2213.0,0.375,-0.7325,50.0,50.0,50.0,50.0,50.0,0.0,0.0,0.0
691728,Zac Veen,COL,L,Slider,SL,8,8.24742268041237,86.1875,2433.125,-0.06999999999999999,0.16375,40.0,50.0,37.5,40.0,100.0,74.8,0.0,0.0
691728,Zac Veen,COL,L,Split-Finger,FS,8,8.24742268041237,91.6375,1147.75,-0.76125,0.10375,33.33333333333333,25.0,25.0,16.666666666666664,100.0,88.65,0.0,0.0
691728,Zac Veen,COL,L,Curveball,CU,4,4.123711340206185,78.975,2623.5,0.6475,-0.405,0.0,0.0,25.0,33.33333333333333,100.0,96.15,0.225,0.5
691728,Zac Veen,COL,L,Sweeper,ST,3,3.0927835051546393,85.23333333333333,2303.6666666666665,1.0466666666666666,-0.09999999999999998,0.0,0.0,0.0,66.66666666666666,0.0,0.0,0.0,0.0
691728,Zac Veen,COL,L,Eephus,EP,1,1.0309278350515463,55.7,1408.0,0.01,1.1,0.0,0.0,0.0,0.0,0.0,0.0,0.728952,0.0
691182,,COL,L,4-Seam Fastball,FF,24,53.333333333333336,96.63333333333333,2453.25,-0.26208333333333333,1.1408333333333334,25.0,41.66666666666667,70.83333333333334,14.285714285714285,64.70588235294117,80.58888888888889,0.15956814285714285,0.3333333333333333
691720,,COL,R,Sweeper,ST,14,25.0,83.32857142857142,2647.285714285714,0.8300000000000001,0.15714285714285717,33.33333333333333,42.857142857142854,57.14285714285714,0.0,75.0,59.5,0.39998849999999997,0.0
690924,,COL,R,Changeup,CH,13,20.3125,81.65384615384616,1744.923076923077,0.08076923076923073,0.3761538461538461,0.0,0.0,0.0,46.15384615384615,0.0,62.3,0.074,0.0
690924,,COL,R,4-Seam Fastball,FF,12,18.75,92.51666666666667,2279.75,0.26999999999999996,0.8816666666666667,20.0,16.666666666666664,50.0,0.0,83.33333333333334,87.7,0.28933333333333333,0.0
690924,,COL,R,Cutter,FC,12,18.75,88.18333333333334,2207.3333333333335,-0.18583333333333332,0.49499999999999994,25.0,16.666666666666664,66.66666666666666,0.0,100.0,84.33333333333333,0.3809885,0.0
691720,,COL,R,4-Seam Fastball,FF,12,21.428571428571427,93.31666666666666,2325.0,0.03666666666666667,0.765,0.0,0.0,50.0,0.0,100.0,83.06666666666666,0.087,0.0
690924,,COL,R,Sinker,SI,10,15.625,92.91999999999999,2336.2,-0.382,0.45999999999999996,0.0,20.0,60.0,0.0,66.66666666666666,98.6,0.39,0.0
690924,,COL,R,Sweeper,ST,8,12.5,83.8,2802.5,1.5525,0.5449999999999999,50.0,50.0,25.0,66.66666666666666,0.0,70.4,0.0,0.0
691720,,COL,R,Changeup,CH,8,14.285714285714285,81.6,1544.25,0.475,0.9475,0.0,0.0,50.0,50.0,100.0,53.333333333333336,0.1325,0.0
691720,,COL,R,Curveball,CU,8,14.285714285714285,79.225,2709.5,-0.11000000000000001,-1.0825,0.0,25.0,100.0,0.0,50.0,100.5,0.377,0.5
691720,,COL,R,Sinker,SI,8,14.285714285714285,96.39999999999999,2268.0,-1.0025,0.3575,0.0,0.0,25.0,0.0,100.0,78.2,0.0,0.0
690924,,COL,R,Curveball,CU,7,10.9375,78.10000000000001,2450.0,-0.6742857142857144,-0.5514285714285714,50.0,28.57142857142857,28.57142857142857,20.0,50.0,70.6,0.116,0.5
691182,,COL,L,Split-Finger,FS,6,13.333333333333334,90.21666666666665,872.8333333333334,-0.2316666666666667,0.12666666666666668,0.0,0.0,16.666666666666664,60.0,100.0,64.35,0.0,0.0
691720,,COL,R,Cutter,FC,6,10.714285714285714,84.56666666666666,2682.0,0.7133333333333333,-0.11333333333333334,0.0,66.66666666666666,100.0,0.0,33.33333333333333,79.6,0.0,0.0
691182,,COL,L,Curveball,CU,5,11.11111111111111,80.42,2487.4,-0.6060000000000001,-0.734,100.0,20.0,0.0,20.0,0.0,0.0,0.0,0.0
691182,,COL,L,Cutter,FC,4,8.88888888888889,93.075,2534.5,0.0875,0.445,0.0,0.0,50.0,0.0,100.0,76.8,0.0,0.0
691182,,COL,L,Slider,SL,3,6.666666666666667,86.10000000000001,2340.6666666666665,-0.31,0.18000000000000002,0.0,66.66666666666666,100.0,0.0,33.33333333333333,60.1,0.0195,0.0
690924,,COL,R,Slider,SL,2,3.125,88.15,2400.0,-0.1,0.08,100.0,50.0,50.0,100.0,0.0,0.0,0.0,0.0
691182,,COL,L,Changeup,CH,2,4.444444444444445,89.6,1714.0,-1.03,0.28,0.0,50.0,50.0,0.0,0.0,0.0,0.0,0.0
691182,,COL,L,Sweeper,ST,1,2.2222222222222223,85.6,2703.0,1.26,-0.29,0.0,0.0,0.0,100.0,0.0,55.3,0.0,0.0
701162,Ben Malgeri,DET,R,4-Seam Fastball,FF,34,37.77777777777778,95.96176470588235,2336.264705882353,-0.021176470588235307,1.3344117647058822,23.076923076923077,29.411764705882355,55.88235294117647,13.333333333333334,57.89473684210527,81.03999999999999,0.3698538571428571,0.3333333333333333
701162,Ben Malgeri,DET,R,Sinker,SI,14,15.555555555555555,93.95,2296.0714285714284,0.995,0.7300000000000001,0.0,21.428571428571427,50.0,14.285714285714285,71.42857142857143,91.56666666666666,0.403659,0.0
701162,Ben Malgeri,DET,R,Changeup,CH,12,13.333333333333334,83.73333333333333,1597.3333333333333,1.0691666666666666,0.4533333333333333,50.0,33.33333333333333,41.66666666666667,28.57142857142857,80.0,62.93333333333334,0.046,0.0
701162,Ben Malgeri,DET,R,Slider,SL,12,13.333333333333334,87.89166666666667,2500.25,-0.23333333333333336,0.22583333333333333,50.0,41.66666666666667,41.66666666666667,71.42857142857143,60.0,82.73333333333333,0.0,0.0
701162,Ben Malgeri,DET,R,Cutter,FC,7,7.777777777777778,90.14285714285714,2321.1428571428573,-0.2642857142857143,0.8828571428571428,66.66666666666666,28.57142857142857,14.285714285714285,33.33333333333333,100.0,85.3,0.052,0.0
701162,Ben Malgeri,DET,R,Curveball,CU,6,6.666666666666667,79.68333333333334,2327.6666666666665,-0.75,-0.7883333333333334,100.0,33.33333333333333,0.0,33.33333333333333,0.0,0.0,0.0,0.0
701162,Ben Malgeri,DET,R,Sweeper,ST,3,3.3333333333333335,84.89999999999999,2635.0,0.9700000000000001,0.1366666666666667,0.0,33.33333333333333,33.33333333333333,0.0,0.0,0.0,0.0,0.0
701162,Ben Malgeri,DET,R,Knuckle Curve,KC,2,2.2222222222222223,82.2,2271.0,-0.245,-0.11000000000000001,0.0,0.0,50.0,100.0,100.0,94.6,0.539,0.0
814430,Brett Callahan,DET,L,4-Seam Fastball,FF,40,40.0,94.675,2319.45,-0.7665,1.2135,3.8461538461538463,17.5,65.0,50.0,73.07692307692307,81.19545454545454,0.33112356249999997,0.13333333333333333
814430,Brett Callahan,DET,L,Changeup,CH,21,21.0,84.74285714285713,1644.3333333333333,-0.9914285714285714,0.5966666666666667,25.0,19.047619047619047,47.61904761904761,54.54545454545454,100.0,74.575,0.4928835555555556,0.5
814430,Brett Callahan,DET,L,Cutter,FC,11,11.0,90.51818181818182,2384.2727272727275,0.04272727272727272,0.6909090909090909,42.857142857142854,36.36363636363637,54.54545454545454,40.0,83.33333333333334,86.15,0.0,0.0
814430,Brett Callahan,DET,L,Sinker,SI,8,8.0,94.8125,2339.875,-0.6375,0.5487500000000001,0.0,0.0,75.0,100.0,100.0,87.55714285714285,0.3833333333333333,0.3333333333333333
814430,Brett Callahan,DET,L,Slider,SL,7,7.000000000000001,88.34285714285714,2230.8571428571427,0.40714285714285714,0.17714285714285713,0.0,0.0,57.14285714285714,0.0,100.0,73.25,0.0,0.0
814430,Brett Callahan,DET,L,Sweeper,ST,5,5.0,82.7,2650.0,-0.196,0.05399999999999999,0.0,60.0,60.0,0.0,33.33333333333333,0.0,0.0,0.0
814430,Brett Callahan,DET,L,Curveball,CU,4,4.0,82.25,2406.0,0.605,-0.5675,0.0,25.0,75.0,0.0,66.66666666666666,96.5,0.031,0.0
814430,Brett Callahan,DET,L,Knuckle Curve,KC,2,2.0,84.9,2580.0,0.79,-0.32,0.0,0.0,100.0,0.0,100.0,109.1,0.0,0.0
814430,Brett Callahan,DET,L,Split-Finger,FS,2,2.0,86.6,1730.5,-0.8200000000000001,-0.11,50.0,50.0,100.0,0.0,100.0,105.0,0.283,0.0
690993,Colt Keith,DET,L,4-Seam Fastball,FF,61,32.795698924731184,95.80163934426228,2322.0163934426228,-0.7014754098360656,1.2214754098360656,28.125,27.86885245901639,49.18032786885246,32.25806451612903,73.33333333333333,79.33500000000001,0.3438333333333334,0.0
690993,Colt Keith,DET,L,Changeup,CH,30,16.129032258064516,84.94,1609.7,-1.1046666666666667,0.4026666666666667,30.0,20.0,33.33333333333333,50.0,100.0,79.0,0.04777777777777778,0.0
690993,Colt Keith,DET,L,Sinker,SI,25,13.440860215053762,95.64399999999999,2282.16,-1.2008,0.5256000000000001,12.5,40.0,52.0,8.333333333333332,53.84615384615385,92.27142857142857,0.40277522222222223,0.375
690993,Colt Keith,DET,L,Cutter,FC,22,11.827956989247312,90.47272727272728,2301.090909090909,0.17909090909090908,0.5754545454545454,25.0,18.181818181818183,45.45454545454545,0.0,80.0,94.80000000000001,0.7309885,1.0
690993,Colt Keith,DET,L,Sweeper,ST,15,8.064516129032258,82.41333333333334,2654.866666666667,0.8206666666666665,0.35733333333333334,0.0,0.0,13.333333333333334,15.384615384615385,100.0,78.13333333333334,0.697977,0.0
690993,Colt Keith,DET,L,Slider,SL,14,7.526881720430108,88.88571428571429,2363.0714285714284,0.41500000000000004,0.03357142857142857,100.0,21.428571428571427,7.142857142857142,0.0,100.0,0.0,0.7083020000000001,0.0
690993,Colt Keith,DET,L,Curveball,CU,11,5.913978494623656,80.12727272727273,2327.2727272727275,0.4727272727272727,-0.9009090909090909,20.0,27.27272727272727,63.63636363636363,0.0,71.42857142857143,100.25,0.66125,0.0
690993,Colt Keith,DET,L,Split-Finger,FS,8,4.301075268817205,89.6625,1730.0,-0.83375,0.0325,0.0,0.0,37.5,20.0,66.66666666666666,82.2,0.4664885,0.0
667452,Corey Julks,DET,R,Changeup,CH,3,42.857142857142854,84.60000000000001,1431.0,1.16,0.04333333333333333,0.0,0.0,33.33333333333333,0.0,100.0,89.3,0.375,0.0
667452,Corey Julks,DET,R,Sinker,SI,2,28.57142857142857,93.0,2143.0,1.3599999999999999,0.89,0.0,50.0,100.0,0.0,50.0,74.5,0.242,1.0
667452,Corey Julks,DET,R,Slider,SL,2,28.57142857142857,87.25,2680.0,-0.62,-0.21000000000000002,0.0,50.0,100.0,0.0,50.0,96.4,0.255,0.0
693307,Dillon Dingler,DET,R,4-Seam Fastball,FF,63,30.0,96.02698412698412,2328.3809523809523,-0.2788888888888889,1.3114285714285716,18.75,23.809523809523807,46.03174603174603,26.47058823529412,79.3103448275862,83.90416666666667,0.3282156111111111,0.26666666666666666
693307,Dillon Dingler,DET,R,Sinker,SI,44,20.952380952380953,95.47272727272728,2303.2727272727275,-0.8452272727272727,0.7372727272727272,3.8461538461538463,22.727272727272727,47.72727272727273,52.17391304347826,66.66666666666666,70.93571428571428,0.322,0.36363636363636365
693307,Dillon Dingler,DET,R,Changeup,CH,27,12.857142857142856,87.01481481481481,1704.7037037037037,0.09222222222222222,0.3774074074074074,42.857142857142854,33.33333333333333,48.148148148148145,57.14285714285714,100.0,82.75,0.09785714285714286,0.14285714285714285
693307,Dillon Dingler,DET,R,Slider,SL,27,12.857142857142856,86.54814814814816,2443.1481481481483,-0.18888888888888888,0.2962962962962963,57.14285714285714,59.25925925925925,74.07407407407408,28.57142857142857,60.0,79.38,0.027600000000000003,0.0
693307,Dillon Dingler,DET,R,Cutter,FC,16,7.6190476190476195,89.65625,2383.875,0.13437500000000002,0.45875,0.0,12.5,31.25,18.181818181818183,60.0,74.66,0.066,0.0
693307,Dillon Dingler,DET,R,Curveball,CU,15,7.142857142857142,79.7,2276.3333333333335,0.3673333333333334,-0.7053333333333334,42.857142857142854,46.666666666666664,46.666666666666664,37.5,57.14285714285714,92.4,0.299738,0.0
693307,Dillon Dingler,DET,R,Sweeper,ST,14,6.666666666666667,82.47857142857143,2584.214285714286,0.3842857142857143,0.4778571428571428,0.0,0.0,71.42857142857143,0.0,100.0,78.77000000000001,0.1758,0.0
693307,Dillon Dingler,DET,R,Knuckle Curve,KC,2,0.9523809523809524,84.2,2565.0,0.95,-0.82,0.0,0.0,0.0,100.0,0.0,79.0,0.0,0.0
693307,Dillon Dingler,DET,R,Split-Finger,FS,1,0.4761904761904762,84.7,1218.0,-0.84,0.12,0.0,0.0,0.0,100.0,0.0,95.0,0.0,0.0
693307,Dillon Dingler,DET,R,Unknown,UNK,1,0.4761904761904762,0.0,0.0,0.0,0.0,0.0,0.0,0.0,0.0,0.0,0.0,0.0,0.0
680664,Eduardo Valencia,DET,R,4-Seam Fastball,FF,31,34.065934065934066,95.35483870967742,2266.6774193548385,-0.12580645161290321,1.2961290322580645,42.10526315789473,41.935483870967744,45.16129032258064,58.82352941176471,64.28571428571429,76.32727272727273,0.0711,0.2
680664,Eduardo Valencia,DET,R,Sinker,SI,20,21.978021978021978,96.51,2240.2,-0.1565,0.915,9.090909090909092,30.0,70.0,33.33333333333333,64.28571428571429,76.42222222222222,0.10533333333333332,0.3333333333333333
680664,Eduardo Valencia,DET,R,Changeup,CH,12,13.186813186813188,84.31666666666666,1581.5,1.1191666666666666,0.5725,54.54545454545454,50.0,33.33333333333333,87.5,100.0,75.5,0.09833333333333333,0.0
680664,Eduardo Valencia,DET,R,Slider,SL,9,9.89010989010989,87.03333333333333,2389.1111111111113,0.12444444444444445,0.5111111111111111,16.666666666666664,11.11111111111111,55.55555555555556,25.0,100.0,73.82000000000001,0.216,0.25
680664,Eduardo Valencia,DET,R,Curveball,CU,8,8.791208791208792,81.4,2523.625,-0.5125,-0.8075,33.33333333333333,50.0,50.0,25.0,50.0,59.2,0.0,0.0
680664,Eduardo Valencia,DET,R,Cutter,FC,5,5.4945054945054945,89.4,2335.2,-0.118,0.758,0.0,0.0,60.0,0.0,100.0,73.3,0.08,0.0
680664,Eduardo Valencia,DET,R,Sweeper,ST,4,4.395604395604396,83.55000000000001,2235.5,0.0625,0.6375,66.66666666666666,50.0,50.0,50.0,100.0,97.3,0.317,0.0
680664,Eduardo Valencia,DET,R,Knuckle Curve,KC,2,2.197802197802198,81.80000000000001,2218.5,-0.32999999999999996,-0.15,0.0,0.0,100.0,0.0,100.0,79.65,0.121,0.0
650402,Gleyber Torres,DET,R,4-Seam Fastball,FF,90,39.823008849557525,94.36111111111111,2276.488888888889,-0.25466666666666665,1.2874444444444444,13.20754716981132,16.666666666666664,57.77777777777777,21.052631578947366,86.53846153846155,82.98717948717949,0.22847126315789473,0.058823529411764705
650402,Gleyber Torres,DET,R,Slider,SL,32,14.15929203539823,85.521875,2239.28125,0.051250000000000004,0.29625,12.5,28.125,50.0,43.75,56.25,79.54285714285713,0.194875,0.0
650402,Gleyber Torres,DET,R,Changeup,CH,25,11.061946902654867,83.648,1670.4,0.5087999999999999,0.4604,25.0,12.0,36.0,0.0,88.88888888888889,91.01666666666667,0.26257142857142857,0.5714285714285714
650402,Gleyber Torres,DET,R,Curveball,CU,22,9.734513274336283,78.76363636363637,2290.181818181818,0.08818181818181818,-0.7768181818181819,20.0,22.727272727272727,68.18181818181817,0.0,66.66666666666666,78.7375,0.119,0.14285714285714285
650402,Gleyber Torres,DET,R,Sinker,SI,21,9.29203539823009,94.3952380952381,2197.809523809524,-0.6785714285714286,0.3157142857142857,7.142857142857142,9.523809523809524,66.66666666666666,14.285714285714285,92.85714285714286,81.05833333333332,0.4054418888888889,0.25
650402,Gleyber Torres,DET,R,Sweeper,ST,18,7.964601769911504,83.71111111111111,2410.3333333333335,0.5494444444444445,0.5272222222222223,0.0,50.0,66.66666666666666,16.666666666666664,33.33333333333333,74.19999999999999,0.2245,0.25
650402,Gleyber Torres,DET,R,Cutter,FC,9,3.982300884955752,91.24444444444445,2341.5555555555557,-0.19666666666666666,0.8955555555555557,40.0,44.44444444444444,55.55555555555556,50.0,60.0,92.06666666666666,0.0,0.0
650402,Gleyber Torres,DET,R,Split-Finger,FS,5,2.2123893805309733,89.47999999999999,1667.8,-0.968,0.02,0.0,0.0,20.0,0.0,100.0,82.4,0.0,0.0
650402,Gleyber Torres,DET,R,Unknown,UNK,4,1.7699115044247788,0.0,0.0,0.0,0.0,0.0,0.0,0.0,0.0,0.0,0.0,0.0,0.0
701678,Hao-Yu Lee,DET,R,4-Seam Fastball,FF,80,35.08771929824561,94.44375,2342.325,0.06799999999999999,1.38875,6.25,17.5,50.0,15.0,65.0,87.4551724137931,0.3334077058823529,0.35714285714285715
701678,Hao-Yu Lee,DET,R,Sinker,SI,48,21.052631578947366,94.83125,2257.3541666666665,-0.4770833333333333,0.8072916666666666,5.263157894736842,22.916666666666664,52.083333333333336,17.391304347826086,60.0,91.51875,0.5048876111111111,0.23529411764705882
701678,Hao-Yu Lee,DET,R,Slider,SL,44,19.298245614035086,86.23863636363636,2215.6363636363635,0.010454545454545452,0.24318181818181817,52.38095238095239,38.63636363636363,34.090909090909086,41.37931034482759,60.0,88.6875,0.2889974444444444,0.125
701678,Hao-Yu Lee,DET,R,Changeup,CH,26,11.403508771929824,84.51538461538462,1659.0,0.7815384615384615,0.5203846153846154,16.666666666666664,26.923076923076923,46.15384615384615,35.714285714285715,58.333333333333336,77.8,0.3176,0.4
701678,Hao-Yu Lee,DET,R,Cutter,FC,17,7.456140350877193,90.72941176470589,2491.529411764706,0.09705882352941177,0.7094117647058824,0.0,23.52941176470588,41.17647058823529,50.0,57.14285714285714,82.86666666666666,0.08449999999999999,0.0
701678,Hao-Yu Lee,DET,R,Sweeper,ST,7,3.070175438596491,83.54285714285713,2504.1428571428573,0.812857142857143,0.31285714285714283,0.0,28.57142857142857,57.14285714285714,0.0,50.0,83.7,0.483,1.0
701678,Hao-Yu Lee,DET,R,Curveball,CU,5,2.1929824561403506,82.22,2607.8,-0.382,-0.9380000000000001,0.0,20.0,20.0,50.0,0.0,68.85,0.0,0.0
701678,Hao-Yu Lee,DET,R,Unknown,UNK,1,0.43859649122807015,0.0,0.0,0.0,0.0,0.0,0.0,0.0,0.0,0.0,0.0,0.0,0.0
595879,Javier Báez,DET,R,4-Seam Fastball,FF,31,21.08843537414966,96.2290322580645,2378.8709677419356,-0.28774193548387095,1.3416129032258064,25.0,41.935483870967744,58.06451612903226,53.84615384615385,50.0,84.58333333333333,0.196125,0.5
595879,Javier Báez,DET,R,Changeup,CH,22,14.965986394557824,84.99090909090908,1633.090909090909,0.7745454545454545,0.3981818181818182,15.384615384615385,18.181818181818183,45.45454545454545,41.66666666666667,80.0,73.47,0.22777522222222218,0.0
595879,Javier Báez,DET,R,Curveball,CU,22,14.965986394557824,82.56818181818181,2636.409090909091,0.5204545454545454,-0.7445454545454545,50.0,31.818181818181817,36.36363636363637,35.714285714285715,87.5,82.5,0.132,0.0
595879,Javier Báez,DET,R,Slider,SL,22,14.965986394557824,88.47727272727273,2471.0,0.19863636363636364,0.14545454545454545,21.428571428571427,18.181818181818183,36.36363636363637,50.0,87.5,80.95454545454545,0.453619,0.42857142857142855
595879,Javier Báez,DET,R,Sinker,SI,21,14.285714285714285,94.00952380952381,2253.4761904761904,-1.1042857142857143,0.5166666666666666,0.0,61.904761904761905,57.14285714285714,11.11111111111111,8.333333333333332,79.69999999999999,0.22,0.25
595879,Javier Báez,DET,R,Sweeper,ST,20,13.60544217687075,82.44500000000001,2635.15,0.9810000000000001,0.20049999999999998,50.0,35.0,15.0,58.82352941176471,66.66666666666666,67.0,0.203,0.0
595879,Javier Báez,DET,R,Cutter,FC,8,5.442176870748299,89.375,2612.25,0.1875,0.3175,0.0,25.0,25.0,66.66666666666666,0.0,61.2,0.0,0.0
595879,Javier Báez,DET,R,Knuckle Curve,KC,1,0.6802721088435374,83.5,2222.0,-0.14,0.01,0.0,0.0,0.0,0.0,0.0,0.0,0.0,0.0
805808,Kevin McGonigle,DET,L,4-Seam Fastball,FF,77,29.844961240310074,95.06493506493507,2326.896103896104,-0.3827272727272727,1.3283116883116883,2.857142857142857,15.584415584415584,50.649350649350644,15.789473684210526,74.35897435897436,86.15454545454546,0.5326615555555556,0.21428571428571427
805808,Kevin McGonigle,DET,L,Changeup,CH,53,20.54263565891473,86.1188679245283,1629.3962264150944,-0.8660377358490565,0.2724528301886792,20.689655172413794,20.754716981132077,49.056603773584904,33.33333333333333,76.92307692307693,79.61578947368422,0.18835714285714286,0.0
805808,Kevin McGonigle,DET,L,Cutter,FC,37,14.34108527131783,89.94864864864864,2401.5135135135133,0.1054054054054054,0.6072972972972973,0.0,13.513513513513514,67.56756756756756,0.0,72.0,85.08333333333333,0.8261666666666666,0.5
805808,Kevin McGonigle,DET,L,Sinker,SI,33,12.790697674418606,94.31818181818181,2227.212121212121,-0.4406060606060606,0.8521212121212122,0.0,0.0,63.63636363636363,33.33333333333333,100.0,86.89166666666667,0.3551428571428571,0.2857142857142857
805808,Kevin McGonigle,DET,L,Slider,SL,29,11.24031007751938,87.0206896551724,2339.7586206896553,-0.26413793103448274,0.553103448275862,25.0,27.586206896551722,27.586206896551722,23.809523809523807,37.5,79.89999999999999,0.2378295,0.2
805808,Kevin McGonigle,DET,L,Curveball,CU,15,5.813953488372093,81.72666666666667,2536.2,0.06533333333333333,-0.734,60.0,46.666666666666664,46.666666666666664,12.5,57.14285714285714,98.69999999999999,0.6835000000000001,0.5
805808,Kevin McGonigle,DET,L,Sweeper,ST,11,4.263565891472868,82.08181818181818,2459.818181818182,0.6918181818181818,0.32181818181818184,33.33333333333333,54.54545454545454,81.81818181818183,100.0,44.44444444444444,78.55,0.28125,0.25
805808,Kevin McGonigle,DET,L,Split-Finger,FS,2,0.7751937984496124,92.75,1613.0,-1.005,-0.0049999999999999975,0.0,0.0,100.0,0.0,100.0,86.80000000000001,0.0895,0.0
805808,Kevin McGonigle,DET,L,Knuckle Curve,KC,1,0.3875968992248062,80.6,2134.0,-0.24,0.06,0.0,0.0,0.0,100.0,0.0,46.2,0.0,0.0
703601,Max Clark,DET,L,4-Seam Fastball,FF,74,38.7434554973822,94.7445945945946,2282.5675675675675,-0.3227027027027027,1.212027027027027,11.11111111111111,18.91891891891892,45.94594594594595,30.0,70.58823529411765,77.45,0.38439655,0.3157894736842105
703601,Max Clark,DET,L,Sinker,SI,34,17.801047120418847,92.97941176470589,2122.029411764706,0.36264705882352943,0.6376470588235295,13.333333333333334,35.294117647058826,70.58823529411765,10.0,58.333333333333336,80.36923076923077,0.21916666666666665,0.0
703601,Max Clark,DET,L,Changeup,CH,25,13.089005235602095,84.728,1593.64,0.0716,0.33,6.25,8.0,48.0,38.46153846153847,91.66666666666666,79.95384615384616,0.43199744444444443,0.0
703601,Max Clark,DET,L,Slider,SL,22,11.518324607329843,86.96363636363637,2337.7272727272725,0.02954545454545454,0.29818181818181816,30.76923076923077,18.181818181818183,22.727272727272727,47.05882352941176,100.0,81.06666666666666,0.0,0.0
703601,Max Clark,DET,L,Cutter,FC,15,7.853403141361256,90.66666666666667,2283.733333333333,0.12666666666666665,0.7873333333333333,0.0,20.0,33.33333333333333,40.0,80.0,77.15,0.32549999999999996,0.0
703601,Max Clark,DET,L,Curveball,CU,9,4.712041884816754,79.85555555555555,2277.8888888888887,0.4555555555555555,-0.8477777777777777,0.0,33.33333333333333,88.88888888888889,0.0,62.5,82.67999999999999,0.3286,0.0
703601,Max Clark,DET,L,Sweeper,ST,9,4.712041884816754,83.02222222222223,2494.6666666666665,0.2822222222222222,0.2822222222222222,0.0,22.22222222222222,44.44444444444444,0.0,50.0,99.3,0.33,1.0
703601,Max Clark,DET,L,Split-Finger,FS,2,1.0471204188481675,86.9,1755.0,-0.8200000000000001,-0.21,0.0,0.0,50.0,0.0,100.0,67.7,0.0,0.0
703601,Max Clark,DET,L,Knuckle Curve,KC,1,0.5235602094240838,83.0,2250.0,-0.2,-0.11,0.0,0.0,100.0,0.0,100.0,96.2,0.803,1.0
679529,Spencer Torkelson,DET,R,4-Seam Fastball,FF,46,22.115384615384613,95.32173913043479,2260.0,-0.2767391304347826,1.3321739130434782,27.77777777777778,32.608695652173914,54.347826086956516,9.523809523809524,64.0,83.35833333333333,0.1384977,0.0
679529,Spencer Torkelson,DET,R,Changeup,CH,45,21.634615384615387,84.6711111111111,1692.1333333333334,-0.074,0.514,36.84210526315789,33.33333333333333,44.44444444444444,24.0,65.0,79.16,0.008857142857142857,0.0
679529,Spencer Torkelson,DET,R,Sinker,SI,35,16.826923076923077,93.69714285714286,2185.2,-0.43857142857142856,0.6642857142857143,7.142857142857142,20.0,51.42857142857142,11.76470588235294,66.66666666666666,81.73076923076923,0.36408672727272723,0.6666666666666666
679529,Spencer Torkelson,DET,R,Slider,SL,28,13.461538461538462,85.84285714285714,2306.5,-0.09035714285714287,0.26785714285714285,50.0,42.857142857142854,46.42857142857143,40.0,46.15384615384615,82.0,0.1965954,0.0
679529,Spencer Torkelson,DET,R,Cutter,FC,22,10.576923076923077,89.74545454545455,2367.5454545454545,0.06272727272727273,0.6736363636363637,50.0,27.27272727272727,36.36363636363637,14.285714285714285,75.0,92.9,0.3489885,0.0
679529,Spencer Torkelson,DET,R,Curveball,CU,18,8.653846153846153,80.4388888888889,2315.6111111111113,0.105,-0.7688888888888888,100.0,50.0,44.44444444444444,30.0,0.0,0.0,0.0,0.0
679529,Spencer Torkelson,DET,R,Sweeper,ST,14,6.730769230769231,82.83571428571429,2383.6428571428573,0.14142857142857143,0.6635714285714285,100.0,64.28571428571429,57.14285714285714,16.666666666666664,12.5,0.0,0.0,0.0
656716,Zach McKinstry,DET,L,4-Seam Fastball,FF,82,45.05494505494506,94.71463414634147,2259.0853658536585,-0.5257317073170732,1.2620731707317072,6.8181818181818175,15.853658536585366,47.5609756097561,32.55813953488372,76.92307692307693,76.54054054054055,0.3342456875,0.38461538461538464
656716,Zach McKinstry,DET,L,Changeup,CH,24,13.186813186813188,84.51666666666667,1521.75,-0.9008333333333334,0.355,37.5,37.5,62.5,44.44444444444444,80.0,77.23333333333333,0.15940000000000001,0.0
656716,Zach McKinstry,DET,L,Sinker,SI,24,13.186813186813188,93.66250000000001,2153.75,0.33749999999999997,0.735,0.0,20.833333333333336,75.0,0.0,72.22222222222221,83.86923076923077,0.2511,0.1
656716,Zach McKinstry,DET,L,Curveball,CU,21,11.538461538461538,81.13333333333333,2500.4761904761904,0.7214285714285714,-0.741904761904762,0.0,19.047619047619047,33.33333333333333,7.142857142857142,42.857142857142854,77.7,0.21224425,0.3333333333333333
656716,Zach McKinstry,DET,L,Cutter,FC,15,8.241758241758241,90.59333333333333,2571.5333333333333,0.302,0.45466666666666666,23.076923076923077,20.0,86.66666666666667,100.0,84.61538461538461,75.4875,0.0105,0.0
656716,Zach McKinstry,DET,L,Sweeper,ST,8,4.395604395604396,83.3,2453.625,0.35125,0.45625,100.0,37.5,12.5,28.57142857142857,0.0,0.0,0.0,0.0
656716,Zach McKinstry,DET,L,Slider,SL,5,2.7472527472527473,87.97999999999999,2669.0,0.14600000000000002,0.13999999999999999,0.0,0.0,60.0,50.0,100.0,71.63333333333334,0.364476,0.0
656716,Zach McKinstry,DET,L,Knuckle Curve,KC,2,1.098901098901099,84.0,2567.0,0.88,-0.79,0.0,0.0,0.0,100.0,0.0,78.5,0.0,0.0
656716,Zach McKinstry,DET,L,Split-Finger,FS,1,0.5494505494505495,85.9,1663.0,-0.84,-0.19,0.0,0.0,100.0,0.0,100.0,95.8,0.533,0.0
701358,Cam Smith,HOU,R,4-Seam Fastball,FF,39,26.53061224489796,95.78205128205128,2302.871794871795,-0.5474358974358975,1.3128205128205128,27.27272727272727,30.76923076923077,61.53846153846154,26.666666666666668,75.0,75.05,0.055125,0.0
701358,Cam Smith,HOU,R,Sinker,SI,27,18.367346938775512,95.26296296296296,2198.1481481481483,-1.285925925925926,0.5755555555555555,7.142857142857142,22.22222222222222,62.96296296296296,20.0,70.58823529411765,86.39166666666667,0.3285,0.2
701358,Cam Smith,HOU,R,Slider,SL,27,18.367346938775512,85.22962962962963,2338.925925925926,-0.11925925925925925,0.25407407407407406,62.5,37.03703703703704,48.148148148148145,14.285714285714285,46.15384615384615,96.53333333333335,0.3861428571428571,0.14285714285714285
701358,Cam Smith,HOU,R,Sweeper,ST,20,13.60544217687075,85.515,2700.3,0.859,0.0005000000000000033,72.72727272727273,45.0,30.0,35.714285714285715,100.0,83.36666666666666,0.05925,0.0
701358,Cam Smith,HOU,R,Cutter,FC,14,9.523809523809524,88.50714285714285,2325.214285714286,0.00714285714285714,0.7242857142857143,0.0,7.142857142857142,50.0,0.0,85.71428571428571,79.03333333333333,0.2663954,0.0
701358,Cam Smith,HOU,R,Changeup,CH,10,6.802721088435375,85.56,1873.7,-0.366,0.335,25.0,20.0,50.0,0.0,80.0,82.8,0.249,0.0
701358,Cam Smith,HOU,R,Split-Finger,FS,6,4.081632653061225,84.66666666666667,938.0,0.7433333333333333,0.17333333333333334,100.0,66.66666666666666,0.0,66.66666666666666,0.0,0.0,0.0,0.0
701358,Cam Smith,HOU,R,Forkball,FO,3,2.0408163265306123,83.46666666666665,1319.6666666666667,-0.9466666666666668,-0.01,100.0,66.66666666666666,66.66666666666666,0.0,50.0,0.0,0.0,0.0
701358,Cam Smith,HOU,R,Curveball,CU,1,0.6802721088435374,81.0,2450.0,0.99,-1.04,0.0,0.0,0.0,100.0,0.0,84.0,0.175,0.0
543877,Christian Vázquez,HOU,R,Sinker,SI,14,22.950819672131146,95.69285714285715,2009.9285714285713,-1.155,0.5621428571428572,0.0,35.714285714285715,64.28571428571429,40.0,44.44444444444444,72.7,0.972,1.0
543877,Christian Vázquez,HOU,R,4-Seam Fastball,FF,13,21.311475409836063,95.33076923076922,2313.846153846154,-0.7030769230769232,1.3269230769230769,0.0,15.384615384615385,53.84615384615385,33.33333333333333,71.42857142857143,82.98333333333333,0.272,0.25
543877,Christian Vázquez,HOU,R,Sweeper,ST,13,21.311475409836063,84.33846153846154,2634.0,0.5292307692307693,0.10307692307692307,44.44444444444444,30.76923076923077,30.76923076923077,55.55555555555556,100.0,73.12,0.0236,0.0
543877,Christian Vázquez,HOU,R,Changeup,CH,10,16.39344262295082,86.59,1939.0,-0.09800000000000002,0.28500000000000003,20.0,10.0,30.0,28.57142857142857,100.0,72.75,0.3669885,0.0
543877,Christian Vázquez,HOU,R,Cutter,FC,6,9.836065573770492,92.01666666666667,2533.3333333333335,0.09333333333333334,0.6183333333333333,0.0,16.666666666666664,50.0,0.0,66.66666666666666,86.7,0.0725,0.0
543877,Christian Vázquez,HOU,R,Slider,SL,4,6.557377049180328,85.675,2422.25,0.05499999999999999,0.2875,0.0,25.0,100.0,0.0,75.0,82.2,0.0,0.0
543877,Christian Vázquez,HOU,R,Curveball,CU,1,1.639344262295082,78.3,2410.0,1.01,-1.23,0.0,0.0,0.0,100.0,0.0,80.7,0.105,0.0
572233,Christian Walker,HOU,R,4-Seam Fastball,FF,54,26.865671641791046,93.75555555555556,2352.6296296296296,-0.02388888888888889,1.2938888888888889,21.428571428571427,29.629629629629626,46.2962962962963,44.827586206896555,60.0,80.48421052631579,0.3953810769230769,0.18181818181818182
572233,Christian Walker,HOU,R,Sinker,SI,54,26.865671641791046,94.26111111111112,2233.759259259259,-1.1487037037037038,0.48944444444444446,12.5,31.48148148148148,61.111111111111114,9.523809523809524,66.66666666666666,92.65789473684211,0.33688235294117647,0.17647058823529413
572233,Christian Walker,HOU,R,Slider,SL,34,16.91542288557214,82.53529411764706,2418.25,-0.36558823529411766,0.21794117647058825,62.5,35.294117647058826,29.411764705882355,29.166666666666668,90.0,76.06,0.033777777777777775,0.0
572233,Christian Walker,HOU,R,Sweeper,ST,18,8.955223880597014,82.32222222222222,2829.8333333333335,1.3766666666666667,-0.01944444444444444,37.5,16.666666666666664,22.22222222222222,28.57142857142857,100.0,64.56,0.10125,0.0
572233,Christian Walker,HOU,R,Cutter,FC,16,7.960199004975125,89.4125,2318.375,0.025625000000000002,0.655,0.0,12.5,56.25,0.0,77.77777777777779,86.65714285714286,0.08666666666666667,0.0
572233,Christian Walker,HOU,R,Curveball,CU,10,4.975124378109453,78.33,2679.0,0.43600000000000005,-1.011,20.0,10.0,20.0,37.5,100.0,99.9,0.218,0.0
572233,Christian Walker,HOU,R,Changeup,CH,9,4.477611940298507,83.44444444444444,1870.0,0.22777777777777775,0.2866666666666667,40.0,22.22222222222222,33.33333333333333,33.33333333333333,100.0,70.7,0.18533333333333335,0.6666666666666666
572233,Christian Walker,HOU,R,Knuckle Curve,KC,3,1.4925373134328357,84.03333333333335,2763.0,1.0133333333333334,-1.2733333333333334,0.0,0.0,66.66666666666666,0.0,100.0,86.45,0.688,1.0
572233,Christian Walker,HOU,R,Split-Finger,FS,2,0.9950248756218906,88.1,1305.0,0.78,-0.05,0.0,0.0,100.0,0.0,100.0,100.6,0.373,1.0
572233,Christian Walker,HOU,R,Forkball,FO,1,0.4975124378109453,80.0,1119.0,-0.83,-0.15,0.0,0.0,100.0,0.0,100.0,79.2,0.0,0.0
662139,Daulton Varsho,HOU,L,4-Seam Fastball,FF,69,31.944444444444443,94.94492753623189,2310.7971014492755,-0.31826086956521743,1.3169565217391306,25.581395348837212,28.985507246376812,62.31884057971014,26.923076923076923,83.72093023255815,83.23793103448276,0.31283205555555554,0.23529411764705882
662139,Daulton Varsho,HOU,L,Sinker,SI,34,15.74074074074074,93.42058823529412,2170.4411764705883,-0.8079411764705882,0.5644117647058824,0.0,23.52941176470588,55.88235294117647,13.333333333333334,57.89473684210527,94.35833333333333,0.22518181818181818,0.36363636363636365
662139,Daulton Varsho,HOU,L,Changeup,CH,27,12.5,87.32222222222221,1552.4074074074074,-1.114074074074074,0.11703703703703704,33.33333333333333,22.22222222222222,14.814814814814813,60.86956521739131,100.0,79.41,0.1759,0.5
662139,Daulton Varsho,HOU,L,Cutter,FC,26,12.037037037037036,91.34615384615384,2301.269230769231,-0.03807692307692308,0.6419230769230769,37.5,38.46153846153847,23.076923076923077,25.0,50.0,78.12,0.20400000000000001,0.0
662139,Daulton Varsho,HOU,L,Sweeper,ST,22,10.185185185185185,81.03636363636363,2736.8636363636365,0.4231818181818182,-0.04954545454545454,16.666666666666664,31.818181818181817,36.36363636363637,21.428571428571427,37.5,87.3,0.4883333333333333,0.6666666666666666
662139,Daulton Varsho,HOU,L,Slider,SL,20,9.25925925925926,85.33,2362.0,-0.1365,0.11300000000000002,28.57142857142857,30.0,35.0,69.23076923076923,71.42857142857143,82.55999999999999,0.34480000000000005,0.0
662139,Daulton Varsho,HOU,L,Curveball,CU,15,6.944444444444445,80.04666666666667,2565.9333333333334,0.5026666666666667,-1.0193333333333332,33.33333333333333,33.33333333333333,33.33333333333333,70.0,40.0,85.86,0.085,0.0
662139,Daulton Varsho,HOU,L,Knuckle Curve,KC,3,1.3888888888888888,83.53333333333335,2765.0,0.94,-1.1633333333333333,0.0,66.66666666666666,66.66666666666666,0.0,0.0,0.0,0.697977,0.0
670623,Isaac Paredes,HOU,R,Sinker,SI,84,29.681978798586574,94.74404761904762,2190.440476190476,-1.2654761904761904,0.5665476190476191,8.571428571428571,19.047619047619047,45.23809523809524,26.08695652173913,60.526315789473685,84.434375,0.3797321304347826,0.125
670623,Isaac Paredes,HOU,R,4-Seam Fastball,FF,61,21.554770318021202,94.30655737704917,2322.0819672131147,-0.3465573770491803,1.3555737704918032,13.636363636363635,32.78688524590164,54.09836065573771,21.428571428571427,48.484848484848484,82.38421052631578,0.3165391818181818,0.5
670623,Isaac Paredes,HOU,R,Cutter,FC,39,13.780918727915195,89.6923076923077,2281.5128205128203,0.05846153846153847,0.5594871794871795,25.0,30.76923076923077,51.28205128205128,21.052631578947366,40.0,83.27777777777777,0.3169954,0.25
670623,Isaac Paredes,HOU,R,Slider,SL,31,10.954063604240282,83.06774193548387,2345.3548387096776,-0.1664516129032258,0.13580645161290322,0.0,22.58064516129032,41.935483870967744,11.11111111111111,69.23076923076923,59.872727272727275,0.34500000000000003,0.2
670623,Isaac Paredes,HOU,R,Sweeper,ST,28,9.89399293286219,83.94642857142857,2688.535714285714,0.9032142857142856,0.07035714285714285,12.5,14.285714285714285,25.0,19.047619047619047,57.14285714285714,81.5,0.28779079999999996,0.0
670623,Isaac Paredes,HOU,R,Changeup,CH,26,9.187279151943462,87.41923076923078,1686.076923076923,-0.8265384615384617,0.2323076923076923,36.36363636363637,23.076923076923077,38.46153846153847,18.75,80.0,80.7,0.17449425,0.0
670623,Isaac Paredes,HOU,R,Curveball,CU,7,2.4734982332155475,79.47142857142856,2492.285714285714,0.8614285714285713,-0.8628571428571429,0.0,14.285714285714285,57.14285714285714,0.0,75.0,71.03333333333333,0.0735,0.0
670623,Isaac Paredes,HOU,R,Split-Finger,FS,4,1.4134275618374559,84.9,1029.0,0.99,0.55,0.0,0.0,0.0,50.0,0.0,88.2,0.509,1.0
670623,Isaac Paredes,HOU,R,Knuckle Curve,KC,2,0.7067137809187279,83.75,2817.0,0.835,-1.2000000000000002,0.0,50.0,50.0,0.0,0.0,0.0,0.0,0.0
670623,Isaac Paredes,HOU,R,Unknown,UNK,1,0.35335689045936397,0.0,0.0,0.0,0.0,0.0,0.0,0.0,0.0,0.0,0.0,0.697977,0.0
665161,Jeremy Peña,HOU,R,4-Seam Fastball,FF,39,22.941176470588236,93.63076923076923,2290.230769230769,-0.06,1.3215384615384616,25.925925925925924,23.076923076923077,48.717948717948715,50.0,89.47368421052632,86.12,0.3752738333333333,0.4375
665161,Jeremy Peña,HOU,R,Sinker,SI,33,19.411764705882355,95.51212121212122,2201.7272727272725,-1.3654545454545455,0.6078787878787878,25.0,36.36363636363637,60.60606060606061,53.84615384615385,65.0,87.62307692307692,0.4174285714285714,0.2857142857142857
665161,Jeremy Peña,HOU,R,Slider,SL,31,18.235294117647058,83.74838709677418,2429.2903225806454,-0.16451612903225804,0.2832258064516129,65.0,54.83870967741935,38.70967741935484,63.1578947368421,66.66666666666666,63.08,0.0198,0.0
665161,Jeremy Peña,HOU,R,Sweeper,ST,26,15.294117647058824,83.53461538461539,2766.076923076923,1.285,0.14846153846153848,53.84615384615385,57.692307692307686,46.15384615384615,64.28571428571429,33.33333333333333,66.65,0.02,0.0
665161,Jeremy Peña,HOU,R,Cutter,FC,12,7.0588235294117645,87.94166666666666,2421.5,0.18166666666666667,0.6383333333333333,66.66666666666666,50.0,33.33333333333333,12.5,50.0,74.9,0.0,0.0
665161,Jeremy Peña,HOU,R,Split-Finger,FS,11,6.470588235294119,83.39090909090909,958.0909090909091,0.10363636363636361,0.18363636363636363,100.0,27.27272727272727,9.090909090909092,20.0,0.0,0.0,0.0,0.0
665161,Jeremy Peña,HOU,R,Curveball,CU,10,5.88235294117647,81.22,2721.2,1.014,-1.02,85.71428571428571,60.0,10.0,66.66666666666666,100.0,85.7,0.0026666666666666666,0.0
665161,Jeremy Peña,HOU,R,Changeup,CH,6,3.5294117647058822,90.76666666666667,1592.3333333333333,-0.9766666666666667,0.21,40.0,33.33333333333333,66.66666666666666,50.0,100.0,80.63333333333334,0.5499999999999999,0.6666666666666666
665161,Jeremy Peña,HOU,R,Knuckle Curve,KC,2,1.1764705882352942,85.05000000000001,2894.0,1.03,-1.05,0.0,0.0,0.0,50.0,0.0,63.3,0.097,0.0
514888,Jose Altuve,HOU,R,4-Seam Fastball,FF,51,25.888324873096447,96.31764705882352,2333.9411764705883,-0.343921568627451,1.3270588235294116,18.51851851851852,31.372549019607842,54.90196078431373,43.47826086956522,60.71428571428571,83.78947368421052,0.2354090588235294,0.26666666666666666
514888,Jose Altuve,HOU,R,Sinker,SI,51,25.888324873096447,94.46078431372548,2222.450980392157,-1.3029411764705883,0.5547058823529412,0.0,17.647058823529413,56.86274509803921,36.36363636363637,68.96551724137932,84.65357142857144,0.2030444090909091,0.3333333333333333
514888,Jose Altuve,HOU,R,Slider,SL,30,15.228426395939088,83.53,2367.1,-0.20800000000000002,0.09699999999999999,46.666666666666664,33.33333333333333,40.0,33.33333333333333,75.0,80.51666666666667,0.26880000000000004,0.0
514888,Jose Altuve,HOU,R,Sweeper,ST,23,11.6751269035533,84.67826086956521,2782.521739130435,1.267391304347826,0.26565217391304347,10.0,26.08695652173913,43.47826086956522,38.46153846153847,50.0,70.4125,0.261,0.0
514888,Jose Altuve,HOU,R,Cutter,FC,15,7.614213197969544,87.6,2396.0,0.04066666666666666,0.5833333333333334,0.0,40.0,46.666666666666664,0.0,28.57142857142857,83.05,0.285659,0.0
514888,Jose Altuve,HOU,R,Changeup,CH,13,6.598984771573605,84.92307692307692,1784.2307692307693,0.04461538461538462,0.4423076923076923,0.0,0.0,61.53846153846154,40.0,100.0,71.92857142857143,0.3778,0.6
514888,Jose Altuve,HOU,R,Curveball,CU,10,5.0761421319796955,77.25,2681.7,-0.11400000000000002,-1.191,25.0,20.0,20.0,37.5,50.0,60.7,0.0,0.0
514888,Jose Altuve,HOU,R,Knuckle Curve,KC,4,2.030456852791878,84.425,2844.0,0.8675,-1.1325,0.0,0.0,25.0,33.33333333333333,100.0,75.5,0.097,0.0
664774,LaMonte Wade Jr.,HOU,L,4-Seam Fastball,FF,38,32.47863247863248,94.06842105263158,2347.2105263157896,-0.44394736842105265,1.263421052631579,7.142857142857142,26.31578947368421,55.26315789473685,11.76470588235294,57.14285714285714,86.225,0.377747125,0.2857142857142857
664774,LaMonte Wade Jr.,HOU,L,Changeup,CH,23,19.65811965811966,88.74347826086957,1661.0,-1.192608695652174,0.20521739130434782,11.11111111111111,13.043478260869565,30.434782608695656,31.25,57.14285714285714,74.68571428571428,0.00075,0.0
664774,LaMonte Wade Jr.,HOU,L,Sinker,SI,16,13.675213675213676,94.03125,2264.8125,-1.040625,0.64375,0.0,31.25,68.75,20.0,54.54545454545454,80.89999999999999,0.42265899999999995,0.0
664774,LaMonte Wade Jr.,HOU,L,Slider,SL,13,11.11111111111111,78.85384615384615,2368.6923076923076,-0.5769230769230769,0.35461538461538467,42.857142857142854,23.076923076923077,30.76923076923077,33.33333333333333,100.0,91.95,0.1125,0.0
664774,LaMonte Wade Jr.,HOU,L,Cutter,FC,12,10.256410256410255,91.91666666666667,2493.0,0.18666666666666668,0.7108333333333334,25.0,41.66666666666667,58.333333333333336,40.0,28.57142857142857,88.53333333333335,0.965,1.0
664774,LaMonte Wade Jr.,HOU,L,Sweeper,ST,10,8.547008547008547,81.32000000000001,2727.8,0.21300000000000002,0.195,33.33333333333333,40.0,60.0,50.0,66.66666666666666,81.72500000000001,0.06899999999999999,0.0
664774,LaMonte Wade Jr.,HOU,L,Curveball,CU,5,4.273504273504273,81.76,2629.4,0.634,-0.99,0.0,0.0,0.0,40.0,0.0,92.0,0.0,0.0
676369,Nelson Velázquez,HOU,R,4-Seam Fastball,FF,25,55.55555555555556,93.95200000000001,2361.6,-0.204,1.314,18.181818181818183,32.0,56.00000000000001,36.36363636363637,50.0,90.46000000000001,0.043222222222222224,0.0
676369,Nelson Velázquez,HOU,R,Cutter,FC,5,11.11111111111111,90.02000000000001,2634.4,0.466,0.626,0.0,20.0,20.0,25.0,0.0,63.9,0.0,0.0
676369,Nelson Velázquez,HOU,R,Sinker,SI,4,8.88888888888889,89.825,2250.25,0.05750000000000005,0.0875,0.0,25.0,75.0,0.0,66.66666666666666,90.7,0.0,0.0
676369,Nelson Velázquez,HOU,R,Split-Finger,FS,4,8.88888888888889,84.2,1014.0,1.02,0.125,100.0,50.0,50.0,0.0,100.0,0.0,0.0,0.0
676369,Nelson Velázquez,HOU,R,Sweeper,ST,4,8.88888888888889,80.725,2725.0,1.4675,0.24250000000000002,100.0,25.0,0.0,25.0,0.0,0.0,0.0,0.0
676369,Nelson Velázquez,HOU,R,Slider,SL,3,6.666666666666667,81.06666666666666,2049.6666666666665,-0.44333333333333336,0.41333333333333333,0.0,0.0,33.33333333333333,0.0,100.0,77.7,0.0,0.0
669397,Nick Allen,HOU,R,4-Seam Fastball,FF,27,36.0,94.31481481481481,2369.703703703704,-0.27444444444444444,1.3262962962962963,14.285714285714285,25.925925925925924,44.44444444444444,46.666666666666664,58.333333333333336,66.48888888888888,0.2678295,0.14285714285714285
669397,Nick Allen,HOU,R,Sinker,SI,25,33.33333333333333,94.32,2099.4,-1.104,0.42560000000000003,22.22222222222222,24.0,48.0,15.384615384615385,58.333333333333336,95.39999999999999,0.5107908,0.3333333333333333
669397,Nick Allen,HOU,R,Slider,SL,11,14.666666666666666,86.39090909090909,2415.181818181818,0.2381818181818182,-0.03363636363636364,14.285714285714285,18.181818181818183,54.54545454545454,40.0,83.33333333333334,86.525,0.386,0.0
669397,Nick Allen,HOU,R,Sweeper,ST,5,6.666666666666667,85.1,2609.6,0.43599999999999994,0.05800000000000001,0.0,0.0,40.0,66.66666666666666,100.0,68.7,0.54,1.0
669397,Nick Allen,HOU,R,Changeup,CH,4,5.333333333333334,89.475,1924.25,-0.7575000000000001,0.41000000000000003,0.0,0.0,0.0,50.0,0.0,85.6,0.0,0.0
669397,Nick Allen,HOU,R,Cutter,FC,2,2.666666666666667,92.44999999999999,2623.0,0.14,0.44,100.0,100.0,0.0,100.0,0.0,0.0,0.0,0.0
669397,Nick Allen,HOU,R,Curveball,CU,1,1.3333333333333335,81.0,3334.0,1.73,-1.12,100.0,100.0,0.0,100.0,0.0,0.0,0.0,0.0
666211,Taylor Trammell,HOU,L,4-Seam Fastball,FF,48,36.09022556390977,96.8,2363.7916666666665,-0.8991666666666668,1.274375,20.833333333333336,18.75,52.083333333333336,13.043478260869565,84.0,83.92777777777778,0.07818181818181819,0.09090909090909091
666211,Taylor Trammell,HOU,L,Changeup,CH,23,17.293233082706767,87.83478260869565,1766.304347826087,-1.1830434782608696,0.1408695652173913,21.428571428571427,21.73913043478261,47.82608695652174,41.66666666666667,81.81818181818183,83.18181818181819,0.2997142857142857,0.16666666666666666
666211,Taylor Trammell,HOU,L,Sinker,SI,19,14.285714285714285,94.4421052631579,2247.1052631578946,-0.9421052631578947,0.5736842105263158,20.0,21.052631578947366,31.57894736842105,7.6923076923076925,66.66666666666666,86.25,0.41332566666666665,0.0
666211,Taylor Trammell,HOU,L,Sweeper,ST,18,13.533834586466165,81.36666666666666,2712.6111111111113,0.6188888888888889,0.11611111111111111,40.0,38.88888888888889,44.44444444444444,20.0,37.5,73.13333333333334,0.04,0.0
666211,Taylor Trammell,HOU,L,Slider,SL,11,8.270676691729323,88.43636363636364,2481.7272727272725,-0.16090909090909092,0.17454545454545456,60.0,54.54545454545454,63.63636363636363,25.0,57.14285714285714,66.8,0.0,0.0
666211,Taylor Trammell,HOU,L,Curveball,CU,6,4.511278195488721,80.31666666666666,2783.0,1.18,-1.0433333333333332,0.0,33.33333333333333,33.33333333333333,0.0,0.0,0.0,0.0,0.0
666211,Taylor Trammell,HOU,L,Cutter,FC,4,3.007518796992481,90.7,2397.0,-0.0050000000000000044,0.7975000000000001,0.0,50.0,75.0,100.0,33.33333333333333,79.1,0.198,0.0
666211,Taylor Trammell,HOU,L,Knuckle Curve,KC,2,1.5037593984962405,84.19999999999999,2831.0,0.97,-1.15,50.0,50.0,50.0,100.0,100.0,76.2,0.237,0.0
666211,Taylor Trammell,HOU,L,Split-Finger,FS,2,1.5037593984962405,86.35,1285.5,-0.94,0.115,0.0,0.0,0.0,0.0,0.0,0.0,0.0,0.0
673237,Yainer Diaz,HOU,R,4-Seam Fastball,FF,44,30.985915492957744,96.43863636363636,2386.931818181818,-0.6638636363636364,1.305,17.647058823529413,29.545454545454547,63.63636363636363,68.75,82.14285714285714,82.23846153846154,0.1827,0.4
673237,Yainer Diaz,HOU,R,Slider,SL,30,21.12676056338028,85.44666666666667,2405.1,0.011,0.181,31.818181818181817,23.333333333333332,46.666666666666664,50.0,100.0,87.42666666666668,0.33141666666666664,0.4166666666666667
673237,Yainer Diaz,HOU,R,Sweeper,ST,20,14.084507042253522,81.56,2735.6,1.3305,0.11950000000000001,14.285714285714285,15.0,55.00000000000001,44.44444444444444,90.9090909090909,81.97999999999999,0.265125,0.25
673237,Yainer Diaz,HOU,R,Sinker,SI,17,11.971830985915492,94.03529411764706,2128.9411764705883,-1.2358823529411767,0.4747058823529412,11.11111111111111,11.76470588235294,11.76470588235294,53.333333333333336,50.0,88.81666666666666,0.6669999999999999,0.6666666666666666
673237,Yainer Diaz,HOU,R,Split-Finger,FS,14,9.859154929577464,81.74285714285715,871.1428571428571,-0.24285714285714283,0.25,50.0,14.285714285714285,14.285714285714285,16.666666666666664,100.0,91.6,0.697977,0.0
673237,Yainer Diaz,HOU,R,Changeup,CH,7,4.929577464788732,84.97142857142858,1650.857142857143,0.0,0.06285714285714286,40.0,28.57142857142857,71.42857142857143,100.0,60.0,86.93333333333334,0.109,0.3333333333333333
673237,Yainer Diaz,HOU,R,Cutter,FC,4,2.8169014084507045,86.25,2308.5,-0.07500000000000001,0.7,0.0,0.0,100.0,0.0,100.0,76.25,0.0,0.0
673237,Yainer Diaz,HOU,R,Knuckle Curve,KC,4,2.8169014084507045,83.8,2782.25,0.84,-1.1425,0.0,0.0,50.0,0.0,100.0,84.35,0.044,0.0
673237,Yainer Diaz,HOU,R,Curveball,CU,2,1.4084507042253522,81.8,2685.0,0.72,-0.65,0.0,0.0,0.0,0.0,0.0,0.0,0.0,0.0
670541,Yordan Alvarez,HOU,L,4-Seam Fastball,FF,71,32.27272727272727,94.52535211267606,2245.5352112676055,-0.2533802816901408,1.235211267605634,7.4074074074074066,26.76056338028169,46.478873239436616,28.947368421052634,48.484848484848484,86.12083333333334,0.36727522222222225,0.125
670541,Yordan Alvarez,HOU,L,Changeup,CH,30,13.636363636363635,89.05,1678.7666666666667,-1.2533333333333334,0.30666666666666664,13.333333333333334,23.333333333333332,30.0,42.857142857142854,66.66666666666666,81.98333333333333,0.14214285714285715,0.2857142857142857
670541,Yordan Alvarez,HOU,L,Sinker,SI,30,13.636363636363635,94.33,2177.4666666666667,-1.006,0.5973333333333334,0.0,10.0,50.0,40.0,80.0,92.84117647058824,0.6672706363636364,0.9
670541,Yordan Alvarez,HOU,L,Sweeper,ST,20,9.090909090909092,82.985,2727.3,1.1175000000000002,0.0845,25.0,35.0,60.0,37.5,41.66666666666667,78.38333333333334,0.15499040000000003,0.0
670541,Yordan Alvarez,HOU,L,Unknown,UNK,20,9.090909090909092,0.0,0.0,0.0,0.0,0.0,0.0,0.0,0.0,0.0,0.0,0.0,0.0
670541,Yordan Alvarez,HOU,L,Cutter,FC,16,7.2727272727272725,91.3125,2440.6875,0.10625,0.61375,12.5,18.75,62.5,0.0,80.0,93.47142857142856,0.703984,0.5
670541,Yordan Alvarez,HOU,L,Slider,SL,14,6.363636363636363,78.04285714285713,2393.285714285714,-0.7714285714285715,0.2578571428571429,50.0,42.857142857142854,35.714285714285715,44.44444444444444,40.0,63.46666666666667,0.458,0.5
670541,Yordan Alvarez,HOU,L,Curveball,CU,13,5.909090909090909,82.14615384615385,2564.0,0.963076923076923,-0.8200000000000001,20.0,15.384615384615385,23.076923076923077,40.0,33.33333333333333,89.125,0.5295000000000001,0.0
670541,Yordan Alvarez,HOU,L,Split-Finger,FS,4,1.8181818181818181,81.15,841.5,-0.5900000000000001,-0.095,0.0,0.0,0.0,50.0,0.0,78.9,0.051,0.0
670541,Yordan Alvarez,HOU,L,Knuckle Curve,KC,2,0.9090909090909091,84.65,2813.5,0.815,-1.245,0.0,100.0,100.0,0.0,0.0,0.0,0.0,0.0
669384,,HOU,L,Sinker,SI,18,41.86046511627907,93.27777777777777,1991.5555555555557,-0.82,0.3733333333333333,0.0,33.33333333333333,66.66666666666666,0.0,50.0,78.73333333333333,0.029,0.0
669384,,HOU,L,4-Seam Fastball,FF,11,25.581395348837212,92.8,2361.090909090909,0.31272727272727274,1.5036363636363637,0.0,0.0,27.27272727272727,25.0,100.0,85.46666666666665,0.5209846666666667,0.0
669384,,HOU,L,Sweeper,ST,5,11.627906976744185,80.22,2586.0,-1.364,-0.398,50.0,20.0,20.0,25.0,100.0,66.3,0.0,0.0
669384,,HOU,L,Cutter,FC,4,9.30232558139535,90.0,2035.5,0.0050000000000000044,0.685,0.0,0.0,0.0,0.0,0.0,0.0,0.0,0.0
669384,,HOU,L,Slider,SL,3,6.976744186046512,83.93333333333334,2348.3333333333335,0.3233333333333333,-0.18999999999999997,0.0,33.33333333333333,33.33333333333333,0.0,0.0,0.0,0.0,0.0
669384,,HOU,L,Changeup,CH,2,4.651162790697675,86.9,1358.0,-0.09,1.17,0.0,0.0,0.0,100.0,0.0,0.0,0.0,0.0
677951,Bobby Witt Jr.,KCR,R,4-Seam Fastball,FF,77,28.51851851851852,94.37142857142858,2280.3246753246754,-0.12974025974025974,1.2845454545454544,21.62162162162162,28.57142857142857,51.94805194805194,27.027027027027028,67.5,83.66799999999999,0.5199939473684211,0.35714285714285715
677951,Bobby Witt Jr.,KCR,R,Slider,SL,52,19.25925925925926,85.72692307692309,2410.403846153846,0.15,0.11096153846153847,76.19047619047619,46.15384615384615,38.46153846153847,28.125,60.0,75.84,0.08066666666666666,0.16666666666666666
677951,Bobby Witt Jr.,KCR,R,Curveball,CU,33,12.222222222222221,78.47878787878788,2637.090909090909,0.6806060606060607,-0.8763636363636365,8.333333333333332,24.242424242424242,45.45454545454545,16.666666666666664,60.0,77.57000000000001,0.18471428571428575,0.0
677951,Bobby Witt Jr.,KCR,R,Sinker,SI,32,11.851851851851853,94.434375,2169.84375,-0.7746875,0.624375,4.3478260869565215,9.375,43.75,61.111111111111114,85.71428571428571,89.14545454545454,0.511090909090909,0.6363636363636364
677951,Bobby Witt Jr.,KCR,R,Cutter,FC,21,7.777777777777778,88.92857142857143,2335.904761904762,0.18523809523809523,0.44333333333333336,9.090909090909092,23.809523809523807,66.66666666666666,14.285714285714285,71.42857142857143,96.51111111111112,0.3356,0.3
677951,Bobby Witt Jr.,KCR,R,Sweeper,ST,18,6.666666666666667,83.56666666666666,2687.0555555555557,0.7616666666666667,-0.06166666666666666,10.0,16.666666666666664,44.44444444444444,40.0,75.0,78.1875,0.20299999999999999,0.0
677951,Bobby Witt Jr.,KCR,R,Unknown,UNK,16,5.9259259259259265,0.0,0.0,0.0,0.0,0.0,0.0,0.0,0.0,0.0,0.0,0.0,0.0
677951,Bobby Witt Jr.,KCR,R,Changeup,CH,15,5.555555555555555,83.69333333333334,1538.1333333333334,0.24733333333333332,0.15866666666666665,14.285714285714285,13.333333333333334,26.666666666666668,36.36363636363637,75.0,81.95,0.6818253333333333,0.4
677951,Bobby Witt Jr.,KCR,R,Split-Finger,FS,4,1.4814814814814816,84.55,1533.0,-0.5875,0.2675,0.0,0.0,25.0,33.33333333333333,100.0,99.85,0.8089999999999999,0.5
677951,Bobby Witt Jr.,KCR,R,Knuckle Curve,KC,2,0.7407407407407408,86.3,1949.0,-0.45,-0.92,0.0,0.0,0.0,0.0,0.0,0.0,0.0,0.0
695600,Carter Jensen,KCR,L,4-Seam Fastball,FF,80,31.1284046692607,94.27374999999999,2254.025,-0.16299999999999998,1.294,8.823529411764707,21.25,47.5,14.285714285714285,73.68421052631578,87.35,0.45210599999999995,0.2857142857142857
695600,Carter Jensen,KCR,L,Changeup,CH,41,15.953307392996107,86.30731707317074,1472.6097560975609,-0.8897560975609755,0.16390243902439025,28.57142857142857,17.073170731707318,29.268292682926827,17.24137931034483,75.0,85.68888888888888,0.1954977,0.0
695600,Carter Jensen,KCR,L,Curveball,CU,31,12.062256809338521,78.01612903225806,2669.7419354838707,1.0041935483870967,-0.9361290322580645,25.0,19.35483870967742,32.25806451612903,4.761904761904762,70.0,74.93333333333334,0.697977,0.0
695600,Carter Jensen,KCR,L,Sinker,SI,30,11.673151750972762,91.22333333333333,2105.1,0.49166666666666664,0.39633333333333337,10.0,23.333333333333332,56.666666666666664,7.6923076923076925,52.94117647058824,91.85714285714286,0.33285385714285715,0.5
695600,Carter Jensen,KCR,L,Cutter,FC,27,10.505836575875486,89.26666666666667,2441.1111111111113,0.013333333333333329,0.6988888888888889,30.76923076923077,37.03703703703704,62.96296296296296,20.0,64.70588235294117,94.65555555555555,0.7984285714285715,0.42857142857142855
695600,Carter Jensen,KCR,L,Slider,SL,24,9.33852140077821,84.60416666666667,2415.625,0.1725,0.22541666666666668,30.76923076923077,16.666666666666664,50.0,25.0,83.33333333333334,86.975,0.31555044444444447,0.14285714285714285
695600,Carter Jensen,KCR,L,Sweeper,ST,15,5.836575875486381,82.24,2633.5333333333333,-0.24399999999999997,-0.030000000000000002,28.57142857142857,20.0,53.333333333333336,0.0,87.5,75.15,0.05333333333333334,0.0
695600,Carter Jensen,KCR,L,Split-Finger,FS,7,2.7237354085603114,86.42857142857143,1308.2857142857142,-0.972857142857143,0.3114285714285714,0.0,28.57142857142857,71.42857142857143,0.0,60.0,90.66666666666667,0.34274425,0.0
695600,Carter Jensen,KCR,L,Knuckle Curve,KC,2,0.7782101167315175,86.1,2124.0,-0.12,-0.82,100.0,100.0,0.0,100.0,0.0,0.0,0.0,0.0
686555,Isaac Collins,KCR,S,4-Seam Fastball,FF,87,42.4390243902439,93.48045977011495,2259.9655172413795,-0.31597701149425284,1.26816091954023,7.317073170731707,16.091954022988507,55.172413793103445,15.384615384615385,72.91666666666666,79.478125,0.41265899999999994,0.2
686555,Isaac Collins,KCR,S,Changeup,CH,34,16.585365853658537,85.22647058823529,1595.7058823529412,-0.7997058823529413,0.35411764705882354,18.75,8.823529411764707,32.35294117647059,21.73913043478261,100.0,93.15384615384616,0.306,0.4166666666666667
686555,Isaac Collins,KCR,S,Curveball,CU,28,13.658536585365855,78.64285714285714,2564.25,0.6903571428571428,-0.9864285714285714,33.33333333333333,32.142857142857146,32.142857142857146,31.57894736842105,33.33333333333333,69.78,0.037,0.0
686555,Isaac Collins,KCR,S,Cutter,FC,20,9.75609756097561,89.35,2271.4,0.05600000000000001,0.5065000000000001,28.57142857142857,20.0,40.0,16.666666666666664,62.5,93.07499999999999,0.3891908,0.6666666666666666
686555,Isaac Collins,KCR,S,Sinker,SI,15,7.317073170731707,89.76666666666667,2163.266666666667,-0.692,-0.15266666666666664,0.0,20.0,53.333333333333336,14.285714285714285,50.0,73.28,0.35574425,0.0
686555,Isaac Collins,KCR,S,Slider,SL,14,6.829268292682928,85.47857142857143,2361.285714285714,0.03785714285714286,0.15857142857142859,28.57142857142857,21.428571428571427,42.857142857142854,25.0,83.33333333333334,84.12,0.11914285714285713,0.14285714285714285
686555,Isaac Collins,KCR,S,Split-Finger,FS,3,1.4634146341463417,85.16666666666667,1399.3333333333333,-0.3133333333333333,0.5333333333333333,0.0,33.33333333333333,33.33333333333333,0.0,0.0,0.0,0.0,0.0
686555,Isaac Collins,KCR,S,Sweeper,ST,3,1.4634146341463417,81.53333333333333,2433.3333333333335,0.4133333333333333,0.17666666666666667,0.0,33.33333333333333,100.0,0.0,66.66666666666666,103.2,0.534,1.0
686555,Isaac Collins,KCR,S,Knuckle Curve,KC,1,0.4878048780487805,88.2,2396.0,0.62,-0.44,0.0,100.0,100.0,0.0,0.0,0.0,0.0,0.0
695506,Jac Caglianone,KCR,L,4-Seam Fastball,FF,44,32.592592592592595,94.6590909090909,2226.2272727272725,-0.21840909090909089,1.2227272727272727,25.0,31.818181818181817,61.36363636363637,47.05882352941176,74.07407407407408,92.75238095238095,0.5446923076923077,0.6153846153846154
695506,Jac Caglianone,KCR,L,Sinker,SI,21,15.555555555555555,93.63333333333333,2197.4285714285716,0.5838095238095238,0.6376190476190476,46.15384615384615,52.38095238095239,66.66666666666666,57.14285714285714,64.28571428571429,73.04285714285713,0.10025,0.25
695506,Jac Caglianone,KCR,L,Changeup,CH,19,14.074074074074074,85.63157894736842,1454.3157894736842,-0.8942105263157896,0.3336842105263158,45.45454545454545,31.57894736842105,21.052631578947366,53.333333333333336,75.0,77.2,0.30649200000000004,0.2
695506,Jac Caglianone,KCR,L,Curveball,CU,19,14.074074074074074,75.56315789473685,2400.8947368421054,0.5615789473684211,-0.9342105263157895,62.5,42.10526315789473,31.57894736842105,30.76923076923077,66.66666666666666,92.66666666666667,0.23220000000000002,0.4
695506,Jac Caglianone,KCR,L,Slider,SL,12,8.88888888888889,82.38333333333334,2298.0,-0.06499999999999999,0.15583333333333335,18.181818181818183,16.666666666666664,25.0,88.88888888888889,100.0,84.12222222222222,0.395,0.375
695506,Jac Caglianone,KCR,L,Cutter,FC,9,6.666666666666667,90.72222222222223,2375.777777777778,0.21666666666666667,0.6122222222222222,0.0,11.11111111111111,77.77777777777779,50.0,85.71428571428571,84.0,0.297,0.25
695506,Jac Caglianone,KCR,L,Sweeper,ST,9,6.666666666666667,81.0,2656.222222222222,-1.031111111111111,0.09222222222222222,62.5,55.55555555555556,55.55555555555556,75.0,100.0,84.0,0.17425,0.25
695506,Jac Caglianone,KCR,L,Knuckle Curve,KC,2,1.4814814814814816,87.4,2400.0,0.14500000000000002,-0.725,50.0,50.0,50.0,100.0,100.0,77.5,0.0335,0.0
670231,John Rave,KCR,L,4-Seam Fastball,FF,42,33.6,92.1952380952381,2339.2380952380954,-0.26,1.210952380952381,0.0,14.285714285714285,50.0,19.047619047619047,61.904761904761905,79.86875,0.3988931,0.2857142857142857
670231,John Rave,KCR,L,Sinker,SI,18,14.399999999999999,91.36666666666666,2156.777777777778,-0.3661111111111111,0.08722222222222224,14.285714285714285,33.33333333333333,50.0,33.33333333333333,44.44444444444444,76.13333333333334,0.303,0.3333333333333333
670231,John Rave,KCR,L,Slider,SL,18,14.399999999999999,83.89444444444445,2355.5555555555557,0.05222222222222221,0.3211111111111111,37.5,50.0,61.111111111111114,42.857142857142854,45.45454545454545,61.050000000000004,0.43124999999999997,0.3333333333333333
670231,John Rave,KCR,L,Cutter,FC,14,11.200000000000001,89.06428571428572,2362.3571428571427,0.06071428571428572,0.6128571428571429,28.57142857142857,35.714285714285715,71.42857142857143,50.0,50.0,88.86,0.2894,0.2
670231,John Rave,KCR,L,Curveball,CU,13,10.4,78.0153846153846,2633.5384615384614,0.7553846153846154,-1.103076923076923,0.0,7.6923076923076925,46.15384615384615,0.0,83.33333333333334,95.6,0.4202,0.4
670231,John Rave,KCR,L,Changeup,CH,9,7.199999999999999,82.54444444444444,1320.111111111111,-0.6033333333333333,0.4911111111111111,0.0,44.44444444444444,33.33333333333333,0.0,33.33333333333333,62.9,0.0,0.0
670231,John Rave,KCR,L,Sweeper,ST,9,7.199999999999999,82.37777777777778,2509.3333333333335,0.061111111111111116,0.05666666666666667,0.0,0.0,11.11111111111111,0.0,100.0,79.9,0.0,0.0
670231,John Rave,KCR,L,Knuckle Curve,KC,1,0.8,88.5,2282.0,0.28,-0.53,0.0,0.0,100.0,0.0,100.0,77.2,0.296,1.0
670231,John Rave,KCR,L,Split-Finger,FS,1,0.8,84.3,1465.0,-0.8,0.47,0.0,0.0,0.0,100.0,0.0,98.4,0.413,0.0
668942,Josh Rojas,KCR,L,4-Seam Fastball,FF,12,30.0,92.49166666666667,2299.6666666666665,-0.8466666666666667,1.38,20.0,33.33333333333333,66.66666666666666,25.0,50.0,90.45,0.44119539999999996,0.5
668942,Josh Rojas,KCR,L,Changeup,CH,10,25.0,82.1,1706.7,-1.035,0.877,20.0,20.0,40.0,33.33333333333333,75.0,73.775,0.0085,0.0
668942,Josh Rojas,KCR,L,Curveball,CU,8,20.0,76.225,2617.5,0.9987499999999999,-0.94875,0.0,0.0,0.0,25.0,0.0,29.1,0.0,0.0
668942,Josh Rojas,KCR,L,Cutter,FC,3,7.5,85.43333333333334,2526.6666666666665,0.17333333333333334,-0.003333333333333336,0.0,33.33333333333333,66.66666666666666,0.0,50.0,92.4,0.076,1.0
668942,Josh Rojas,KCR,L,Sinker,SI,3,7.5,92.43333333333334,2203.3333333333335,-0.4066666666666667,0.63,0.0,33.33333333333333,100.0,0.0,66.66666666666666,63.5,0.021,0.0
668942,Josh Rojas,KCR,L,Sweeper,ST,2,5.0,81.65,2498.0,1.54,-0.105,0.0,50.0,50.0,0.0,0.0,0.0,0.0,0.0
668942,Josh Rojas,KCR,L,Slider,SL,1,2.5,85.9,2419.0,-0.21,0.46,0.0,0.0,100.0,0.0,100.0,74.9,0.866,1.0
668942,Josh Rojas,KCR,L,Split-Finger,FS,1,2.5,87.6,1491.0,-1.42,0.73,0.0,0.0,0.0,0.0,0.0,0.0,0.0,0.0
664728,Kyle Isbel,KCR,L,4-Seam Fastball,FF,66,40.993788819875775,94.31666666666666,2270.651515151515,-0.2786363636363636,1.2263636363636363,13.88888888888889,31.818181818181817,60.60606060606061,30.76923076923077,70.0,89.7,0.36615207692307694,0.20833333333333334
664728,Kyle Isbel,KCR,L,Sinker,SI,20,12.422360248447205,89.07,2128.0,0.5385,-0.081,0.0,20.0,50.0,30.0,60.0,85.4875,0.17271428571428574,0.42857142857142855
664728,Kyle Isbel,KCR,L,Changeup,CH,17,10.559006211180124,84.32352941176471,1648.4705882352941,-1.075294117647059,0.037647058823529415,40.0,29.411764705882355,29.411764705882355,25.0,40.0,45.0,0.0,0.0
664728,Kyle Isbel,KCR,L,Cutter,FC,16,9.937888198757763,89.86875,2464.4375,0.35875,0.629375,12.5,18.75,37.5,40.0,66.66666666666666,78.61666666666667,0.23375,0.25
664728,Kyle Isbel,KCR,L,Slider,SL,14,8.695652173913043,82.95,2398.3571428571427,0.06214285714285715,0.16428571428571428,9.090909090909092,21.428571428571427,78.57142857142857,66.66666666666666,81.81818181818183,84.73333333333332,0.3235,0.5
664728,Kyle Isbel,KCR,L,Curveball,CU,12,7.453416149068323,80.25,2742.8333333333335,0.9225,-0.8875000000000001,28.57142857142857,25.0,41.66666666666667,42.857142857142854,80.0,83.44,0.06266666666666666,0.0
664728,Kyle Isbel,KCR,L,Sweeper,ST,10,6.211180124223603,82.47,2631.3,-0.331,0.28900000000000003,0.0,40.0,80.0,0.0,75.0,20.2,0.0,0.0
664728,Kyle Isbel,KCR,L,Split-Finger,FS,6,3.7267080745341614,86.89999999999999,1076.5,-0.8016666666666666,0.58,25.0,16.666666666666664,50.0,33.33333333333333,100.0,89.56666666666666,0.743,1.0
571912,Luke Maile,KCR,R,4-Seam Fastball,FF,19,50.0,93.6842105263158,2234.684210526316,0.47421052631578947,1.3226315789473684,18.181818181818183,21.052631578947366,63.1578947368421,0.0,91.66666666666666,82.575,0.011333333333333334,0.0
571912,Luke Maile,KCR,R,Slider,SL,6,15.789473684210526,77.75,2159.6666666666665,-0.31,0.4666666666666666,33.33333333333333,66.66666666666666,83.33333333333334,100.0,40.0,87.5,0.16275,0.0
571912,Luke Maile,KCR,R,Cutter,FC,5,13.157894736842104,87.5,2278.4,-0.26399999999999996,0.414,0.0,60.0,60.0,50.0,0.0,0.0,0.0,0.0
571912,Luke Maile,KCR,R,Sinker,SI,4,10.526315789473683,94.2,2022.5,-0.62,0.9775,0.0,0.0,25.0,0.0,100.0,60.0,0.054,0.0
571912,Luke Maile,KCR,R,Sweeper,ST,2,5.263157894736842,79.25,2412.5,-1.4849999999999999,0.05,0.0,50.0,100.0,0.0,50.0,94.8,0.012,0.0
571912,Luke Maile,KCR,R,Changeup,CH,1,2.631578947368421,81.6,1113.0,0.84,0.25,0.0,100.0,100.0,0.0,0.0,0.0,0.0,0.0
571912,Luke Maile,KCR,R,Curveball,CU,1,2.631578947368421,79.4,2528.0,-0.84,-1.12,0.0,0.0,0.0,0.0,0.0,0.0,0.0,0.0
683090,Matthew Lugo,KCR,R,4-Seam Fastball,FF,4,36.36363636363637,92.25,2164.0,0.44,1.4175,0.0,50.0,75.0,0.0,33.33333333333333,0.0,0.0,0.0
683090,Matthew Lugo,KCR,R,Cutter,FC,4,36.36363636363637,89.4,2243.0,-0.38,0.6475,66.66666666666666,50.0,50.0,50.0,100.0,95.9,0.0,0.0
683090,Matthew Lugo,KCR,R,Sweeper,ST,2,18.181818181818183,81.30000000000001,2544.5,-1.6400000000000001,0.010000000000000002,0.0,0.0,0.0,0.0,0.0,0.0,0.0,0.0
683090,Matthew Lugo,KCR,R,Slider,SL,1,9.090909090909092,36.6,920.0,-0.02,2.41,0.0,0.0,0.0,100.0,0.0,69.2,0.004,1.0
679845,Nick Loftin,KCR,R,4-Seam Fastball,FF,68,31.92488262910798,94.0529411764706,2292.6176470588234,-0.2576470588235294,1.2758823529411765,0.0,22.058823529411764,63.23529411764706,28.000000000000004,65.11627906976744,83.38787878787879,0.3374729047619048,0.4444444444444444
679845,Nick Loftin,KCR,R,Slider,SL,51,23.943661971830984,85.53529411764707,2355.4313725490197,0.2492156862745098,0.18980392156862744,26.31578947368421,31.372549019607842,41.17647058823529,23.333333333333332,57.14285714285714,74.27142857142857,0.07766666666666666,0.0
679845,Nick Loftin,KCR,R,Cutter,FC,21,9.859154929577464,89.48095238095237,2351.3333333333335,0.33904761904761904,0.4685714285714286,57.14285714285714,33.33333333333333,19.047619047619047,35.294117647058826,25.0,80.5,0.18500000000000003,0.0
679845,Nick Loftin,KCR,R,Sinker,SI,20,9.389671361502346,92.39,2148.15,-0.692,0.34900000000000003,22.22222222222222,30.0,55.00000000000001,22.22222222222222,63.63636363636363,92.38,0.31388377777777776,0.2857142857142857
679845,Nick Loftin,KCR,R,Sweeper,ST,20,9.389671361502346,83.47999999999999,2563.55,0.5725,0.17149999999999999,40.0,45.0,50.0,50.0,50.0,65.63333333333334,0.042249999999999996,0.0
679845,Nick Loftin,KCR,R,Curveball,CU,17,7.981220657276995,79.15882352941176,2555.0588235294117,0.6417647058823529,-0.9947058823529412,80.0,64.70588235294117,58.82352941176471,28.57142857142857,30.0,94.5,0.31959079999999995,0.0
679845,Nick Loftin,KCR,R,Changeup,CH,16,7.511737089201878,83.9625,1612.125,0.326875,0.316875,16.666666666666664,12.5,18.75,30.76923076923077,66.66666666666666,82.6,0.145,0.16666666666666666
521692,Salvador Perez,KCR,R,4-Seam Fastball,FF,68,28.333333333333332,93.74852941176471,2264.9411764705883,-0.13602941176470587,1.2869117647058825,9.30232558139535,14.705882352941178,51.470588235294116,39.39393939393939,85.71428571428571,84.35,0.5550839565217391,0.4
521692,Salvador Perez,KCR,R,Slider,SL,42,17.5,86.42619047619048,2504.1666666666665,0.27380952380952384,0.0680952380952381,40.909090909090914,38.095238095238095,33.33333333333333,46.42857142857143,64.28571428571429,83.84545454545454,0.22440000000000002,0.2
521692,Salvador Perez,KCR,R,Cutter,FC,35,14.583333333333334,89.74000000000001,2381.5142857142855,0.1397142857142857,0.6445714285714286,27.27272727272727,28.57142857142857,45.714285714285715,52.63157894736842,75.0,76.34666666666666,0.107125,0.125
521692,Salvador Perez,KCR,R,Curveball,CU,32,13.333333333333334,78.696875,2609.125,0.5659375,-1.033125,38.88888888888889,40.625,53.125,40.0,70.58823529411765,82.73636363636363,0.13455555555555557,0.0
521692,Salvador Perez,KCR,R,Sweeper,ST,25,10.416666666666668,83.072,2602.28,0.8284,0.2492,30.0,28.000000000000004,36.0,37.5,44.44444444444444,88.24285714285715,0.55,0.75
521692,Salvador Perez,KCR,R,Changeup,CH,18,7.5,83.59444444444445,1763.0,0.03500000000000001,0.17722222222222223,28.57142857142857,27.77777777777778,38.88888888888889,72.72727272727273,85.71428571428571,85.2375,0.4866,0.6
521692,Salvador Perez,KCR,R,Sinker,SI,10,4.166666666666666,94.75,2315.2,-1.048,0.9390000000000001,0.0,30.0,80.0,0.0,62.5,86.22,0.175,0.0
521692,Salvador Perez,KCR,R,Split-Finger,FS,6,2.5,86.56666666666666,1477.8333333333333,-0.945,0.4483333333333333,0.0,0.0,33.33333333333333,0.0,100.0,98.44999999999999,0.0,0.0
521692,Salvador Perez,KCR,R,Knuckle Curve,KC,4,1.6666666666666667,87.275,2202.0,0.06749999999999999,-0.76,50.0,25.0,25.0,33.33333333333333,100.0,62.2,0.026,0.0
686475,Tyler Tolbert,KCR,R,4-Seam Fastball,FF,39,39.0,93.8,2331.4102564102564,0.27384615384615385,1.2115384615384615,41.17647058823529,43.58974358974359,56.41025641025641,17.647058823529413,63.63636363636363,79.2875,0.0820977,0.0
686475,Tyler Tolbert,KCR,R,Sinker,SI,14,14.000000000000002,91.25,2182.3571428571427,-0.22642857142857142,0.3135714285714286,33.33333333333333,28.57142857142857,42.857142857142854,25.0,66.66666666666666,91.1,0.5541548333333334,1.0
686475,Tyler Tolbert,KCR,R,Slider,SL,14,14.000000000000002,74.03571428571429,2106.785714285714,0.02928571428571428,0.7221428571428571,16.666666666666664,14.285714285714285,42.857142857142854,12.5,83.33333333333334,79.03333333333333,0.387,0.5
686475,Tyler Tolbert,KCR,R,Changeup,CH,9,9.0,85.03333333333333,1510.5555555555557,0.6533333333333333,0.21555555555555556,25.0,22.22222222222222,55.55555555555556,0.0,80.0,89.93333333333332,0.13599999999999998,0.0
686475,Tyler Tolbert,KCR,R,Cutter,FC,9,9.0,89.27777777777777,2251.1111111111113,-0.01111111111111112,0.7211111111111111,0.0,33.33333333333333,55.55555555555556,0.0,60.0,80.76666666666667,0.18499999999999997,0.3333333333333333
686475,Tyler Tolbert,KCR,R,Curveball,CU,7,7.000000000000001,78.77142857142857,2655.0,-0.04428571428571431,-1.2,0.0,28.57142857142857,57.14285714285714,0.0,50.0,85.55000000000001,0.254,1.0
686475,Tyler Tolbert,KCR,R,Split-Finger,FS,4,4.0,86.1,1302.0,-0.95,0.4375,66.66666666666666,50.0,50.0,50.0,100.0,0.0,0.0,0.0
686475,Tyler Tolbert,KCR,R,Sweeper,ST,4,4.0,83.2,2572.25,0.20249999999999996,-0.05499999999999999,50.0,25.0,25.0,33.33333333333333,100.0,91.0,0.44498849999999995,0.0
686469,Vinnie Pasquantino,KCR,L,4-Seam Fastball,FF,87,37.99126637554585,94.25977011494253,2224.4942528735633,-0.05310344827586208,1.3124137931034483,0.0,17.24137931034483,51.724137931034484,21.428571428571427,68.88888888888889,87.1425,0.3463879285714286,0.3181818181818182
686469,Vinnie Pasquantino,KCR,L,Slider,SL,27,11.790393013100436,84.37777777777777,2358.814814814815,0.1788888888888889,0.14074074074074075,44.44444444444444,25.925925925925924,29.629629629629626,21.052631578947366,62.5,95.44,0.8321954,0.75
686469,Vinnie Pasquantino,KCR,L,Curveball,CU,26,11.353711790393014,78.61923076923077,2514.230769230769,0.5665384615384615,-0.9326923076923077,0.0,11.538461538461538,26.923076923076923,5.263157894736842,57.14285714285714,91.56,0.14966666666666664,0.0
686469,Vinnie Pasquantino,KCR,L,Cutter,FC,26,11.353711790393014,89.48076923076923,2437.423076923077,0.17923076923076925,0.6988461538461539,6.666666666666667,7.6923076923076925,53.84615384615385,16.666666666666664,92.85714285714286,91.22307692307693,0.7367929,0.5
686469,Vinnie Pasquantino,KCR,L,Changeup,CH,24,10.480349344978166,86.07916666666667,1512.0,-0.9933333333333333,0.09208333333333334,14.285714285714285,12.5,29.166666666666668,47.05882352941176,85.71428571428571,94.18181818181819,0.34942857142857137,0.42857142857142855
686469,Vinnie Pasquantino,KCR,L,Sweeper,ST,19,8.296943231441048,82.36315789473684,2646.6315789473683,-1.1026315789473684,0.015263157894736834,36.36363636363637,36.84210526315789,31.57894736842105,53.84615384615385,66.66666666666666,70.3,0.14159539999999998,0.0
686469,Vinnie Pasquantino,KCR,L,Sinker,SI,15,6.550218340611353,93.48,2209.6666666666665,0.30666666666666664,0.8273333333333334,0.0,13.333333333333334,26.666666666666668,18.181818181818183,50.0,93.33333333333333,0.832,0.0
686469,Vinnie Pasquantino,KCR,L,Split-Finger,FS,3,1.3100436681222707,87.3,1236.6666666666667,-1.0766666666666667,0.7466666666666667,0.0,0.0,33.33333333333333,0.0,100.0,89.4,0.24,0.0
686469,Vinnie Pasquantino,KCR,L,Knuckle Curve,KC,2,0.8733624454148471,85.7,2032.0,-0.02,-1.05,0.0,0.0,0.0,0.0,0.0,0.0,0.0,0.0
686681,,KCR,L,4-Seam Fastball,FF,56,46.666666666666664,94.70892857142857,2255.160714285714,-0.19660714285714284,1.2630357142857143,0.0,12.5,51.78571428571429,33.33333333333333,58.620689655172406,79.36399999999999,0.3113850555555555,0.2
686681,,KCR,L,Changeup,CH,19,15.833333333333332,88.20526315789475,1416.421052631579,-1.1094736842105262,0.2005263157894737,28.57142857142857,21.052631578947366,21.052631578947366,33.33333333333333,50.0,98.26666666666667,0.4703333333333333,0.6666666666666666
672580,,KCR,R,4-Seam Fastball,FF,17,37.77777777777778,92.21176470588235,2251.176470588235,0.3976470588235294,1.3211764705882354,0.0,41.17647058823529,70.58823529411765,20.0,41.66666666666667,91.53333333333335,0.45516666666666666,0.5
686681,,KCR,L,Slider,SL,13,10.833333333333334,86.02307692307691,2440.3076923076924,0.08384615384615383,-0.05538461538461539,25.0,30.76923076923077,46.15384615384615,57.14285714285714,66.66666666666666,81.86666666666666,0.4013333333333333,0.6666666666666666
686681,,KCR,L,Cutter,FC,11,9.166666666666666,90.23636363636363,2371.6363636363635,0.1918181818181818,0.5509090909090909,12.5,18.181818181818183,54.54545454545454,60.0,83.33333333333334,80.65714285714286,0.11833333333333333,0.3333333333333333
686681,,KCR,L,Curveball,CU,10,8.333333333333332,76.1,2623.6,0.8089999999999999,-0.8160000000000001,57.14285714285714,40.0,30.0,57.14285714285714,100.0,96.13333333333333,0.4115,0.5
672580,,KCR,R,Slider,SL,7,15.555555555555555,86.24285714285715,2343.4285714285716,0.08714285714285715,0.06142857142857143,25.0,28.57142857142857,57.14285714285714,33.33333333333333,75.0,76.43333333333334,0.329,0.6666666666666666
672580,,KCR,R,Changeup,CH,6,13.333333333333334,78.01666666666667,1365.5,1.0799999999999998,0.48333333333333334,0.0,16.666666666666664,33.33333333333333,25.0,50.0,63.05,0.1495,0.0
672580,,KCR,R,Cutter,FC,6,13.333333333333334,89.86666666666667,2304.0,0.16333333333333336,0.6266666666666667,0.0,16.666666666666664,66.66666666666666,50.0,75.0,82.175,0.4525,0.5
672580,,KCR,R,Sweeper,ST,6,13.333333333333334,83.45,2646.6666666666665,0.4716666666666667,-0.010000000000000007,0.0,16.666666666666664,33.33333333333333,25.0,50.0,72.8,0.103,0.0
686681,,KCR,L,Sinker,SI,6,5.0,95.8,2226.3333333333335,1.3883333333333334,0.5216666666666666,0.0,50.0,100.0,0.0,50.0,93.33333333333333,0.428,0.0
686681,,KCR,L,Sweeper,ST,5,4.166666666666666,83.5,2642.2,0.262,-0.017999999999999995,50.0,40.0,40.0,33.33333333333333,50.0,72.8,0.697977,0.0
672580,,KCR,R,Sinker,SI,2,4.444444444444445,95.35,2085.5,-1.16,0.6599999999999999,0.0,0.0,50.0,100.0,100.0,94.55,0.066,0.0
672580,,KCR,R,Curveball,CU,1,2.2222222222222223,77.2,2276.0,-0.12,-0.67,0.0,0.0,0.0,0.0,0.0,0.0,0.0,0.0
624428,Adam Frazier,LAA,L,4-Seam Fastball,FF,38,55.88235294117647,95.4921052631579,2297.8684210526317,-0.6410526315789473,1.3323684210526316,28.57142857142857,31.57894736842105,65.78947368421053,15.384615384615385,76.0,72.10666666666665,0.4528782222222223,0.3333333333333333
624428,Adam Frazier,LAA,L,Changeup,CH,9,13.23529411764706,82.08888888888889,2101.6666666666665,-1.521111111111111,0.3711111111111111,0.0,0.0,0.0,55.55555555555556,0.0,59.9,0.09300000000000001,0.0
624428,Adam Frazier,LAA,L,Slider,SL,8,11.76470588235294,87.4,2306.0,0.1725,0.245,0.0,25.0,62.5,33.33333333333333,60.0,82.93333333333334,0.6403333333333333,0.6666666666666666
624428,Adam Frazier,LAA,L,Cutter,FC,4,5.88235294117647,87.9,2358.5,-0.08750000000000001,0.7625000000000001,50.0,25.0,50.0,0.0,100.0,64.7,0.0,0.0
624428,Adam Frazier,LAA,L,Unknown,UNK,4,5.88235294117647,0.0,0.0,0.0,0.0,0.0,0.0,0.0,0.0,0.0,0.0,0.0,0.0
624428,Adam Frazier,LAA,L,Sinker,SI,2,2.941176470588235,91.4,1964.5,1.1400000000000001,0.44,50.0,50.0,50.0,100.0,100.0,99.7,0.889,1.0
624428,Adam Frazier,LAA,L,Sweeper,ST,2,2.941176470588235,83.5,2689.0,1.33,0.76,0.0,0.0,0.0,0.0,0.0,0.0,0.728952,0.0
624428,Adam Frazier,LAA,L,Split-Finger,FS,1,1.4705882352941175,83.9,1737.0,-1.01,0.8,0.0,100.0,100.0,0.0,0.0,0.0,0.0,0.0
695681,Christian Moore,LAA,R,4-Seam Fastball,FF,89,46.35416666666667,93.78988764044944,2248.775280898876,-0.1793258426966292,1.4123595505617978,20.51282051282051,23.595505617977526,46.06741573033708,20.833333333333336,70.73170731707317,80.78,0.4348636,0.23076923076923078
695681,Christian Moore,LAA,R,Changeup,CH,27,14.0625,83.1,1573.851851851852,0.7692592592592592,0.4240740740740741,30.76923076923077,33.33333333333333,33.33333333333333,44.44444444444444,55.55555555555556,80.21428571428571,0.09575,0.0
695681,Christian Moore,LAA,R,Sinker,SI,24,12.5,94.45,2102.75,-0.011666666666666678,0.8133333333333334,21.428571428571427,29.166666666666668,58.333333333333336,30.0,78.57142857142857,82.225,0.23633333333333337,0.2
695681,Christian Moore,LAA,R,Sweeper,ST,22,11.458333333333332,82.99545454545455,2561.0454545454545,0.5877272727272728,0.335,72.72727272727273,45.45454545454545,31.818181818181817,40.0,71.42857142857143,72.23333333333333,0.022571428571428572,0.0
695681,Christian Moore,LAA,R,Slider,SL,9,4.6875,88.62222222222222,2248.1111111111113,0.4722222222222222,0.18555555555555558,20.0,22.22222222222222,33.33333333333333,50.0,66.66666666666666,74.83333333333333,0.183,0.0
695681,Christian Moore,LAA,R,Curveball,CU,8,4.166666666666666,77.725,2372.125,-0.7725,-0.9225,0.0,12.5,50.0,0.0,75.0,68.3,0.446,0.0
695681,Christian Moore,LAA,R,Split-Finger,FS,7,3.6458333333333335,87.75714285714285,640.4285714285714,-0.32285714285714284,-0.16857142857142857,0.0,42.857142857142854,42.857142857142854,0.0,0.0,0.0,0.728952,0.0
695681,Christian Moore,LAA,R,Cutter,FC,6,3.125,87.91666666666667,2228.0,-0.10166666666666668,0.51,25.0,16.666666666666664,50.0,33.33333333333333,100.0,77.39999999999999,0.38748849999999996,0.0
694203,Denzer Guzman,LAA,R,4-Seam Fastball,FF,96,44.651162790697676,93.69583333333333,2242.8125,0.08333333333333333,1.3703125,35.483870967741936,34.375,48.95833333333333,53.06122448979592,76.59574468085107,76.54857142857142,0.13394884999999998,0.0
694203,Denzer Guzman,LAA,R,Sinker,SI,35,16.27906976744186,94.71714285714286,2160.0,0.10199999999999997,0.7917142857142857,14.285714285714285,31.428571428571427,48.57142857142857,27.77777777777778,52.94117647058824,89.38181818181819,0.5205,0.625
694203,Denzer Guzman,LAA,R,Changeup,CH,28,13.023255813953488,85.21071428571429,1682.9285714285713,0.9082142857142858,0.4003571428571429,81.81818181818183,39.285714285714285,21.428571428571427,31.818181818181817,66.66666666666666,67.05,0.09110855555555555,0.0
694203,Denzer Guzman,LAA,R,Sweeper,ST,20,9.30232558139535,83.75,2487.75,1.1575,0.345,50.0,30.0,35.0,30.76923076923077,85.71428571428571,66.80000000000001,0.0215,0.25
694203,Denzer Guzman,LAA,R,Slider,SL,16,7.441860465116279,87.375,2442.0625,0.28375,0.0475,30.76923076923077,25.0,62.5,50.0,100.0,84.5,0.2526,0.0
694203,Denzer Guzman,LAA,R,Curveball,CU,8,3.7209302325581395,80.1375,2647.0,-0.2625,-1.2525,33.33333333333333,12.5,37.5,0.0,100.0,82.9,0.0,0.0
694203,Denzer Guzman,LAA,R,Cutter,FC,8,3.7209302325581395,86.55,2068.0,-0.16,0.605,0.0,25.0,62.5,0.0,60.0,86.39999999999999,0.911,1.0
694203,Denzer Guzman,LAA,R,Eephus,EP,2,0.9302325581395349,39.2,961.5,-0.16499999999999998,1.595,0.0,0.0,0.0,50.0,0.0,106.1,0.961,1.0
694203,Denzer Guzman,LAA,R,Split-Finger,FS,1,0.46511627906976744,97.2,1611.0,-1.1,0.27,0.0,0.0,100.0,0.0,100.0,100.5,0.227,0.0
694203,Denzer Guzman,LAA,R,Unknown,UNK,1,0.46511627906976744,0.0,0.0,0.0,0.0,0.0,0.0,0.0,0.0,0.0,0.0,0.0,0.0
642350,Jose Siri,LAA,R,4-Seam Fastball,FF,50,26.881720430107524,93.904,2216.56,0.1868,1.3940000000000001,30.0,32.0,44.0,21.428571428571427,63.63636363636363,80.83571428571429,0.43576455555555554,0.0
642350,Jose Siri,LAA,R,Changeup,CH,47,25.268817204301076,84.7127659574468,1700.659574468085,1.1270212765957446,0.3914893617021276,56.00000000000001,48.93617021276596,36.17021276595745,50.0,58.82352941176471,76.55,0.060363636363636355,0.18181818181818182
642350,Jose Siri,LAA,R,Slider,SL,31,16.666666666666664,85.18387096774192,2483.2903225806454,-0.029354838709677426,-0.10967741935483871,50.0,41.935483870967744,22.58064516129032,66.66666666666666,85.71428571428571,82.5875,0.18,0.0
642350,Jose Siri,LAA,R,Sinker,SI,18,9.67741935483871,95.15555555555555,2208.1111111111113,0.1461111111111111,0.6827777777777777,0.0,27.77777777777778,55.55555555555556,0.0,50.0,89.76,0.30224425,0.0
642350,Jose Siri,LAA,R,Curveball,CU,15,8.064516129032258,79.66000000000001,2543.6,-0.5286666666666666,-1.2413333333333334,25.0,26.666666666666668,33.33333333333333,20.0,40.0,85.83333333333333,0.14466666666666664,0.0
642350,Jose Siri,LAA,R,Unknown,UNK,8,4.301075268817205,0.0,0.0,0.0,0.0,0.0,0.0,0.0,0.0,0.0,0.0,0.0,0.0
642350,Jose Siri,LAA,R,Split-Finger,FS,7,3.763440860215054,90.25714285714285,1471.7142857142858,-1.022857142857143,0.13714285714285715,20.0,14.285714285714285,42.857142857142854,50.0,100.0,84.425,0.355,0.6666666666666666
642350,Jose Siri,LAA,R,Sweeper,ST,6,3.225806451612903,84.76666666666667,2736.1666666666665,1.0633333333333332,0.17166666666666666,40.0,50.0,100.0,0.0,83.33333333333334,87.63333333333333,0.361,0.0
642350,Jose Siri,LAA,R,Cutter,FC,3,1.6129032258064515,88.60000000000001,2088.0,-0.19999999999999998,0.5233333333333333,0.0,0.0,66.66666666666666,0.0,100.0,75.2,0.0,0.0
642350,Jose Siri,LAA,R,Eephus,EP,1,0.5376344086021506,39.9,937.0,0.07,1.14,0.0,0.0,100.0,0.0,100.0,99.7,0.674,0.0
666139,Josh Lowe,LAA,L,4-Seam Fastball,FF,94,41.77777777777778,94.78936170212766,2257.063829787234,-0.2453191489361702,1.3454255319148936,28.205128205128204,25.53191489361702,40.42553191489361,17.857142857142858,76.31578947368422,82.152,0.22166513333333335,0.2857142857142857
666139,Josh Lowe,LAA,L,Slider,SL,35,15.555555555555555,86.24285714285715,2205.8571428571427,-0.33485714285714285,0.36942857142857144,45.83333333333333,42.857142857142854,57.14285714285714,53.333333333333336,80.0,77.47500000000001,0.023375,0.125
666139,Josh Lowe,LAA,L,Sinker,SI,22,9.777777777777779,93.58636363636364,2186.318181818182,-0.07045454545454544,0.825909090909091,23.076923076923077,22.727272727272727,50.0,36.36363636363637,81.81818181818183,80.91111111111111,0.22499999999999998,0.0
666139,Josh Lowe,LAA,L,Cutter,FC,21,9.333333333333334,85.62380952380951,2236.1428571428573,-0.29857142857142854,0.43238095238095237,0.0,9.523809523809524,47.61904761904761,36.36363636363637,80.0,77.73333333333333,0.09116666666666666,0.0
666139,Josh Lowe,LAA,L,Sweeper,ST,21,9.333333333333334,80.25714285714287,2494.714285714286,-0.25857142857142856,0.17095238095238094,11.11111111111111,4.761904761904762,33.33333333333333,14.285714285714285,100.0,70.0,0.4102791428571429,0.8
666139,Josh Lowe,LAA,L,Changeup,CH,20,8.88888888888889,86.615,1948.95,-1.169,0.534,33.33333333333333,20.0,30.0,42.857142857142854,100.0,68.7,0.5535954000000001,0.75
666139,Josh Lowe,LAA,L,Curveball,CU,7,3.111111111111111,80.71428571428571,2633.5714285714284,0.5071428571428571,-0.982857142857143,50.0,28.57142857142857,0.0,57.14285714285714,0.0,69.3,0.0,0.0
666139,Josh Lowe,LAA,L,Split-Finger,FS,5,2.2222222222222223,84.67999999999999,1068.2,-0.8939999999999999,-0.042,0.0,0.0,20.0,75.0,100.0,84.03333333333333,0.124,0.0
545361,Mike Trout,LAA,R,4-Seam Fastball,FF,166,56.4625850340136,94.09277108433734,2245.789156626506,0.0006626506024096344,1.3978915662650604,16.666666666666664,26.506024096385545,48.19277108433735,12.790697674418606,68.75,76.53695652173913,0.34116814285714286,0.13333333333333333
545361,Mike Trout,LAA,R,Sinker,SI,32,10.884353741496598,94.671875,2245.71875,-0.586875,0.7309375,5.88235294117647,21.875,71.875,0.0,73.91304347826086,85.5076923076923,0.8479946666666667,0.5
545361,Mike Trout,LAA,R,Slider,SL,27,9.183673469387756,86.75185185185185,2299.037037037037,-0.23333333333333334,0.2688888888888889,50.0,40.74074074074074,44.44444444444444,26.666666666666668,66.66666666666666,84.86666666666666,0.20510599999999998,0.14285714285714285
545361,Mike Trout,LAA,R,Sweeper,ST,22,7.482993197278912,83.20454545454545,2462.318181818182,0.8018181818181819,0.16863636363636364,20.0,22.727272727272727,40.909090909090914,46.15384615384615,44.44444444444444,70.31666666666666,0.087,0.0
545361,Mike Trout,LAA,R,Changeup,CH,20,6.802721088435375,84.85499999999999,1823.75,0.44299999999999995,0.465,54.54545454545454,30.0,10.0,50.0,100.0,82.925,0.2943954,0.5
545361,Mike Trout,LAA,R,Curveball,CU,13,4.421768707482993,80.64615384615385,2464.3076923076924,-0.11923076923076924,-0.9530769230769232,33.33333333333333,38.46153846153847,38.46153846153847,12.5,40.0,93.4,0.11533333333333333,0.6666666666666666
545361,Mike Trout,LAA,R,Cutter,FC,8,2.7210884353741496,90.2875,2444.875,0.11375,0.84875,50.0,25.0,37.5,20.0,100.0,74.2,0.0,0.0
545361,Mike Trout,LAA,R,Split-Finger,FS,3,1.0204081632653061,94.60000000000001,1513.3333333333333,-0.8266666666666667,0.16,100.0,66.66666666666666,33.33333333333333,50.0,0.0,0.0,0.0,0.0
545361,Mike Trout,LAA,R,Unknown,UNK,3,1.0204081632653061,0.0,0.0,0.0,0.0,0.0,0.0,0.0,0.0,0.0,0.0,0.0,0.0
694208,Moisés Ballesteros,LAA,L,4-Seam Fastball,FF,119,46.12403100775194,93.909243697479,2305.09243697479,-0.1195798319327731,1.3835294117647057,31.746031746031743,31.932773109243694,42.857142857142854,44.11764705882353,64.70588235294117,77.61944444444445,0.1513888888888889,0.16666666666666666
694208,Moisés Ballesteros,LAA,L,Slider,SL,50,19.379844961240313,85.0,2225.08,-0.3368,0.1856,35.483870967741936,44.0,62.0,63.1578947368421,61.29032258064516,86.44,0.3443333333333333,0.2222222222222222
694208,Moisés Ballesteros,LAA,L,Changeup,CH,24,9.30232558139535,82.96666666666667,2136.5,-0.7775,0.3045833333333333,58.333333333333336,37.5,37.5,33.33333333333333,77.77777777777779,90.5,0.22360000000000002,0.2
694208,Moisés Ballesteros,LAA,L,Sweeper,ST,24,9.30232558139535,81.91250000000001,2460.375,0.14375000000000002,0.37000000000000005,41.66666666666667,25.0,33.33333333333333,31.25,87.5,87.0,0.14216666666666666,0.16666666666666666
694208,Moisés Ballesteros,LAA,L,Curveball,CU,11,4.263565891472868,82.10909090909091,2615.3636363636365,0.3981818181818182,-0.8045454545454546,0.0,0.0,18.181818181818183,11.11111111111111,100.0,75.69999999999999,0.3489885,0.0
694208,Moisés Ballesteros,LAA,L,Cutter,FC,11,4.263565891472868,90.38181818181819,2303.181818181818,-0.03181818181818181,0.6245454545454545,0.0,9.090909090909092,45.45454545454545,66.66666666666666,80.0,82.25,0.2747954,0.25
694208,Moisés Ballesteros,LAA,L,Sinker,SI,9,3.488372093023256,94.71111111111111,2122.0,0.2811111111111111,0.8722222222222222,0.0,11.11111111111111,33.33333333333333,66.66666666666666,66.66666666666666,76.98333333333333,0.047,0.0
694208,Moisés Ballesteros,LAA,L,Split-Finger,FS,7,2.7131782945736433,86.57142857142857,891.4285714285714,-0.6442857142857142,-0.05857142857142859,0.0,14.285714285714285,28.57142857142857,20.0,50.0,89.8,0.1845,0.5
694208,Moisés Ballesteros,LAA,L,Slurve,SV,2,0.7751937984496124,78.19999999999999,2683.5,1.21,-1.24,0.0,50.0,100.0,0.0,50.0,0.0,0.0,0.0
694208,Moisés Ballesteros,LAA,L,Eephus,EP,1,0.3875968992248062,40.8,974.0,0.23,1.39,0.0,0.0,100.0,0.0,100.0,81.7,0.027,0.0
672724,Oswald Peraza,LAA,R,4-Seam Fastball,FF,33,38.372093023255815,94.16969696969697,2344.3636363636365,0.16030303030303034,1.4306060606060607,20.0,15.151515151515152,42.42424242424242,0.0,71.42857142857143,74.55,0.337991375,0.0
672724,Oswald Peraza,LAA,R,Changeup,CH,21,24.418604651162788,86.21428571428571,1800.8095238095239,1.2357142857142858,0.2561904761904762,75.0,52.38095238095239,19.047619047619047,58.82352941176471,50.0,65.03333333333333,0.03525,0.0
672724,Oswald Peraza,LAA,R,Sinker,SI,13,15.11627906976744,94.08461538461538,2244.6923076923076,0.08923076923076924,1.0646153846153845,14.285714285714285,30.76923076923077,46.15384615384615,57.14285714285714,50.0,73.01666666666667,0.023,0.0
672724,Oswald Peraza,LAA,R,Slider,SL,9,10.465116279069768,81.98888888888888,2347.777777777778,-0.5522222222222222,0.18333333333333332,33.33333333333333,22.22222222222222,11.11111111111111,37.5,0.0,37.4,0.0,0.0
672724,Oswald Peraza,LAA,R,Curveball,CU,6,6.976744186046512,80.75,2460.8333333333335,-0.1683333333333333,-1.0366666666666666,100.0,33.33333333333333,16.666666666666664,20.0,0.0,0.0,0.0,0.0
672724,Oswald Peraza,LAA,R,Cutter,FC,2,2.3255813953488373,90.0,2433.0,-0.06,0.91,0.0,0.0,0.0,0.0,0.0,0.0,0.0,0.0
672724,Oswald Peraza,LAA,R,Eephus,EP,1,1.1627906976744187,39.3,952.0,0.18,1.32,0.0,0.0,100.0,0.0,100.0,90.1,0.876,1.0
672724,Oswald Peraza,LAA,R,Sweeper,ST,1,1.1627906976744187,83.1,2415.0,0.98,0.31,0.0,0.0,0.0,100.0,0.0,58.5,0.0,0.0
518595,Travis d'Arnaud,LAA,R,4-Seam Fastball,FF,43,48.86363636363637,93.29302325581395,2265.4883720930234,0.029534883720930234,1.38,40.0,39.53488372093023,62.7906976744186,12.5,66.66666666666666,81.60000000000001,0.22627914285714285,0.0
518595,Travis d'Arnaud,LAA,R,Changeup,CH,22,25.0,84.73181818181818,1811.2272727272727,1.2336363636363636,0.505,50.0,31.818181818181817,22.727272727272727,35.294117647058826,40.0,81.95,0.008666666666666666,0.0
518595,Travis d'Arnaud,LAA,R,Curveball,CU,7,7.954545454545454,78.91428571428571,2181.714285714286,-0.3985714285714286,-0.8614285714285714,50.0,28.57142857142857,57.14285714285714,66.66666666666666,50.0,98.9,0.068,0.0
518595,Travis d'Arnaud,LAA,R,Slider,SL,7,7.954545454545454,83.7,2475.4285714285716,-0.09857142857142857,-0.03571428571428571,100.0,14.285714285714285,14.285714285714285,0.0,100.0,0.0,0.697977,0.0
518595,Travis d'Arnaud,LAA,R,Sweeper,ST,4,4.545454545454546,83.94999999999999,2935.0,1.44,-0.13,0.0,0.0,0.0,50.0,0.0,0.0,0.0,0.0
518595,Travis d'Arnaud,LAA,R,Sinker,SI,3,3.4090909090909087,93.76666666666667,2168.6666666666665,1.28,0.84,0.0,33.33333333333333,66.66666666666666,100.0,50.0,81.65,0.461,1.0
518595,Travis d'Arnaud,LAA,R,Cutter,FC,2,2.272727272727273,91.5,2645.0,-0.16,0.92,0.0,0.0,0.0,0.0,0.0,0.0,0.0,0.0
623168,Tyler Heineman,LAA,S,4-Seam Fastball,FF,22,34.375,94.26818181818182,2199.8636363636365,-0.3468181818181818,1.2904545454545455,16.666666666666664,22.727272727272727,45.45454545454545,33.33333333333333,80.0,74.52222222222223,0.1196,0.16666666666666666
623168,Tyler Heineman,LAA,S,Changeup,CH,9,14.0625,86.48888888888888,1623.0,-0.37111111111111117,0.4555555555555555,20.0,22.22222222222222,44.44444444444444,40.0,75.0,64.625,0.02966666666666667,0.0
623168,Tyler Heineman,LAA,S,Sweeper,ST,9,14.0625,82.65555555555555,2596.4444444444443,1.1188888888888888,0.44,33.33333333333333,22.22222222222222,55.55555555555556,25.0,100.0,81.43333333333334,0.007,0.0
623168,Tyler Heineman,LAA,S,Slider,SL,7,10.9375,86.94285714285715,2516.8571428571427,0.18857142857142858,-0.017142857142857144,16.666666666666664,28.57142857142857,71.42857142857143,100.0,80.0,76.05,0.2145,0.0
623168,Tyler Heineman,LAA,S,Curveball,CU,5,7.8125,78.72,2437.0,-0.774,-0.866,0.0,20.0,60.0,100.0,33.33333333333333,83.86666666666666,0.0995,0.0
623168,Tyler Heineman,LAA,S,Cutter,FC,5,7.8125,88.74,2331.8,0.192,0.974,0.0,40.0,60.0,0.0,33.33333333333333,28.4,0.036,0.0
623168,Tyler Heineman,LAA,S,Sinker,SI,5,7.8125,93.97999999999999,2160.2,-1.294,1.0539999999999998,0.0,20.0,80.0,0.0,75.0,74.45,0.0,0.0
623168,Tyler Heineman,LAA,S,Split-Finger,FS,2,3.125,84.30000000000001,979.0,-0.6,-0.095,50.0,50.0,0.0,100.0,0.0,87.2,0.005,0.0
687093,Vaughn Grissom,LAA,R,4-Seam Fastball,FF,86,32.95019157088122,94.47558139534884,2234.9186046511627,-0.09674418604651164,1.3727906976744186,2.7777777777777777,19.767441860465116,46.51162790697674,26.08695652173913,60.0,80.93225806451613,0.33925754545454545,0.08333333333333333
687093,Vaughn Grissom,LAA,R,Changeup,CH,55,21.0727969348659,84.97818181818182,1767.0,0.9880000000000001,0.4576363636363637,22.22222222222222,29.09090909090909,36.36363636363637,48.57142857142857,50.0,72.54666666666667,0.20129999999999998,0.2
687093,Vaughn Grissom,LAA,R,Sinker,SI,33,12.643678160919542,92.92424242424242,2149.242424242424,-0.13636363636363635,0.7584848484848485,22.22222222222222,30.303030303030305,63.63636363636363,25.0,71.42857142857143,75.73571428571428,0.314122125,0.125
687093,Vaughn Grissom,LAA,R,Curveball,CU,26,9.961685823754788,80.02692307692307,2435.0384615384614,-0.4,-0.9338461538461539,33.33333333333333,34.61538461538461,34.61538461538461,11.76470588235294,44.44444444444444,89.56666666666668,0.6075,0.5
687093,Vaughn Grissom,LAA,R,Sweeper,ST,26,9.961685823754788,83.86538461538461,2398.153846153846,0.666923076923077,0.24884615384615383,41.66666666666667,23.076923076923077,30.76923076923077,27.77777777777778,87.5,72.27142857142857,0.25925,0.25
687093,Vaughn Grissom,LAA,R,Slider,SL,18,6.896551724137931,86.67777777777778,2395.0,0.062222222222222213,0.13333333333333333,40.0,44.44444444444444,33.33333333333333,50.0,66.66666666666666,83.93333333333334,0.15444444444444444,0.3333333333333333
687093,Vaughn Grissom,LAA,R,Cutter,FC,7,2.681992337164751,86.5,2279.714285714286,-0.07285714285714286,0.5885714285714286,25.0,14.285714285714285,42.857142857142854,25.0,100.0,99.86666666666667,0.7073333333333333,0.6666666666666666
687093,Vaughn Grissom,LAA,R,Split-Finger,FS,5,1.9157088122605364,86.46000000000001,863.2,-0.942,0.16199999999999998,0.0,0.0,20.0,25.0,100.0,79.0,0.14250000000000002,0.0
687093,Vaughn Grissom,LAA,R,Eephus,EP,4,1.532567049808429,38.95,928.25,-0.225,1.2525,0.0,25.0,25.0,33.33333333333333,100.0,100.3,0.598,0.0
687093,Vaughn Grissom,LAA,R,Other,FA,1,0.38314176245210724,54.6,1313.0,0.31,1.43,0.0,0.0,0.0,0.0,0.0,0.0,0.0,0.0
685133,Wade Meckler,LAA,L,4-Seam Fastball,FF,24,35.294117647058826,94.9875,2305.8333333333335,-0.41958333333333336,1.4391666666666667,0.0,16.666666666666664,45.83333333333333,15.384615384615385,81.81818181818183,81.37272727272727,0.35111925,0.3333333333333333
685133,Wade Meckler,LAA,L,Changeup,CH,13,19.11764705882353,88.0076923076923,1615.6923076923076,-1.0646153846153845,0.5546153846153846,0.0,0.0,23.076923076923077,10.0,100.0,60.53333333333333,0.13033333333333333,0.3333333333333333
685133,Wade Meckler,LAA,L,Sinker,SI,13,19.11764705882353,93.4,2168.0,0.6776923076923077,0.6799999999999999,40.0,61.53846153846154,69.23076923076923,50.0,33.33333333333333,76.13333333333334,0.24799040000000003,0.0
685133,Wade Meckler,LAA,L,Slider,SL,5,7.352941176470589,87.82000000000001,2461.2,0.134,-0.032,66.66666666666666,40.0,20.0,50.0,100.0,77.6,0.0,0.0
685133,Wade Meckler,LAA,L,Split-Finger,FS,4,5.88235294117647,97.85,1486.75,-0.8300000000000001,0.019999999999999997,0.0,25.0,75.0,0.0,66.66666666666666,80.19999999999999,0.062,0.0
685133,Wade Meckler,LAA,L,Sweeper,ST,4,5.88235294117647,81.85,2307.5,-0.745,0.3825,0.0,25.0,50.0,50.0,50.0,71.7,0.0,0.0
685133,Wade Meckler,LAA,L,Curveball,CU,2,2.941176470588235,81.9,2622.5,0.44,-0.79,0.0,50.0,100.0,0.0,50.0,100.0,0.39,0.0
685133,Wade Meckler,LAA,L,Cutter,FC,1,1.4705882352941175,90.5,2318.0,0.29,0.78,0.0,0.0,0.0,0.0,0.0,0.0,0.0,0.0
685133,Wade Meckler,LAA,L,Knuckle Curve,KC,1,1.4705882352941175,90.1,2558.0,-0.1,-0.19,0.0,0.0,0.0,0.0,0.0,0.0,0.0,0.0
685133,Wade Meckler,LAA,L,Slurve,SV,1,1.4705882352941175,81.3,2581.0,1.4,-1.11,0.0,0.0,0.0,0.0,0.0,0.0,0.0,0.0
687263,Zach Neto,LAA,R,4-Seam Fastball,FF,70,26.41509433962264,94.15285714285714,2248.214285714286,-0.16314285714285715,1.333,10.256410256410255,20.0,51.42857142857142,38.23529411764706,72.22222222222221,89.17714285714285,0.5576342727272727,0.4
687263,Zach Neto,LAA,R,Changeup,CH,63,23.77358490566038,83.65714285714286,1864.6984126984128,0.14142857142857143,0.3031746031746032,32.35294117647059,30.158730158730158,33.33333333333333,47.61904761904761,66.66666666666666,81.07142857142857,0.27321428571428574,0.5
687263,Zach Neto,LAA,R,Curveball,CU,32,12.075471698113208,79.378125,2363.90625,-0.24781250000000002,-1.064375,41.66666666666667,43.75,34.375,38.095238095238095,36.36363636363637,68.5,0.18873800000000002,0.0
687263,Zach Neto,LAA,R,Slider,SL,30,11.320754716981133,87.03,2362.133333333333,0.07933333333333333,-0.071,10.0,10.0,43.333333333333336,47.05882352941176,92.3076923076923,79.08125,0.313,0.2857142857142857
687263,Zach Neto,LAA,R,Sweeper,ST,28,10.566037735849058,84.09285714285714,2527.5714285714284,0.9860714285714286,0.18535714285714286,66.66666666666666,46.42857142857143,21.428571428571427,54.54545454545454,50.0,94.78,0.23522222222222222,0.2222222222222222
687263,Zach Neto,LAA,R,Sinker,SI,20,7.547169811320755,93.97,2204.65,-0.39,0.8484999999999999,0.0,40.0,80.0,0.0,68.75,88.95,0.6491666666666667,0.6666666666666666
687263,Zach Neto,LAA,R,Split-Finger,FS,14,5.283018867924529,90.01428571428572,1310.7142857142858,-0.8378571428571429,0.11714285714285715,33.33333333333333,14.285714285714285,21.428571428571427,36.36363636363637,66.66666666666666,77.95,0.199,0.0
687263,Zach Neto,LAA,R,Cutter,FC,7,2.6415094339622645,87.32857142857142,2202.5714285714284,-0.004285714285714289,0.6971428571428572,0.0,0.0,28.57142857142857,40.0,100.0,91.25,0.09000000000000001,0.0
687263,Zach Neto,LAA,R,Eephus,EP,1,0.37735849056603776,41.3,965.0,-0.36,1.4,0.0,0.0,100.0,0.0,100.0,99.1,0.457,1.0
672569,,LAA,L,4-Seam Fastball,FF,31,35.63218390804598,93.98064516129033,2184.8387096774195,-0.11290322580645161,1.369032258064516,15.789473684210526,16.129032258064516,48.38709677419355,25.0,100.0,90.55,0.21399999999999997,0.3333333333333333
672569,,LAA,L,Changeup,CH,18,20.689655172413794,85.12222222222222,1741.611111111111,1.1533333333333333,0.24444444444444446,40.0,22.22222222222222,11.11111111111111,50.0,100.0,85.85,0.004,0.0
672569,,LAA,L,Sinker,SI,15,17.24137931034483,94.92,2255.6,-1.3553333333333335,0.4293333333333333,22.22222222222222,20.0,40.0,44.44444444444444,83.33333333333334,79.72,0.0,0.0
694384,,LAA,L,4-Seam Fastball,FF,13,24.074074074074073,93.38461538461539,2265.6153846153848,-0.2569230769230769,1.356153846153846,11.11111111111111,15.384615384615385,53.84615384615385,50.0,85.71428571428571,76.4125,0.4404,0.2
694384,,LAA,L,Cutter,FC,11,20.37037037037037,91.36363636363636,2313.5454545454545,0.23090909090909092,0.8490909090909091,20.0,36.36363636363637,54.54545454545454,40.0,50.0,67.3,0.483,0.0
694384,,LAA,L,Changeup,CH,9,16.666666666666664,87.15555555555555,1806.4444444444443,-1.2000000000000002,0.7366666666666667,0.0,11.11111111111111,22.22222222222222,14.285714285714285,50.0,78.75,0.026000000000000002,0.0
694384,,LAA,L,Sinker,SI,9,16.666666666666664,91.96666666666667,2196.6666666666665,1.1677777777777778,0.6344444444444445,0.0,33.33333333333333,66.66666666666666,0.0,50.0,78.10000000000001,0.4975,0.5
669326,,LAA,R,Curveball,CU,8,66.66666666666666,79.575,2480.625,-0.77,-1.0575,0.0,25.0,37.5,0.0,33.33333333333333,91.5,0.3794885,0.0
672569,,LAA,L,Sweeper,ST,8,9.195402298850574,83.75,2427.25,0.53375,0.23125,50.0,12.5,25.0,0.0,100.0,67.4,0.156,1.0
694384,,LAA,L,Sweeper,ST,8,14.814814814814813,82.1125,2572.625,1.04875,0.40125,33.33333333333333,37.5,37.5,40.0,33.33333333333333,80.69999999999999,0.013,0.0
672569,,LAA,L,Curveball,CU,6,6.896551724137931,81.39999999999999,2460.6666666666665,0.9333333333333332,-1.1966666666666665,50.0,33.33333333333333,66.66666666666666,0.0,100.0,84.5,0.405,1.0
672569,,LAA,L,Split-Finger,FS,6,6.896551724137931,86.5,1392.8333333333333,-1.055,-0.17166666666666666,83.33333333333334,83.33333333333334,16.666666666666664,100.0,100.0,86.0,0.0035,0.0
694384,,LAA,L,Slider,SL,4,7.4074074074074066,86.075,2236.0,-0.445,0.22,100.0,50.0,50.0,0.0,50.0,0.0,0.0,0.0
669326,,LAA,R,4-Seam Fastball,FF,3,25.0,94.0,2098.6666666666665,0.5666666666666668,1.2466666666666668,0.0,33.33333333333333,100.0,0.0,66.66666666666666,63.65,0.003,0.0
672569,,LAA,L,Cutter,FC,3,3.4482758620689653,90.46666666666665,2520.6666666666665,0.3499999999999999,0.7066666666666667,0.0,66.66666666666666,100.0,0.0,33.33333333333333,106.6,0.94,1.0
669326,,LAA,R,Slider,SL,1,8.333333333333332,87.6,2135.0,0.03,0.2,0.0,0.0,0.0,0.0,0.0,0.0,0.0,0.0
677950,Alek Thomas,LAD,L,4-Seam Fastball,FF,32,34.04255319148936,96.821875,2407.375,-0.685,1.2778125,18.181818181818183,21.875,56.25,50.0,83.33333333333334,86.66111111111111,0.12585714285714286,0.0
677950,Alek Thomas,LAD,L,Changeup,CH,21,22.340425531914892,87.70476190476191,1784.3333333333333,-1.1523809523809523,0.2976190476190476,40.0,28.57142857142857,28.57142857142857,40.0,66.66666666666666,84.76666666666667,0.1991666666666667,0.16666666666666666
677950,Alek Thomas,LAD,L,Cutter,FC,11,11.702127659574469,90.54545454545455,2473.4545454545455,0.07363636363636364,0.6581818181818182,100.0,27.27272727272727,27.27272727272727,0.0,33.33333333333333,0.0,0.0,0.0
677950,Alek Thomas,LAD,L,Slider,SL,8,8.51063829787234,88.1,2617.75,0.17500000000000002,-0.029999999999999992,0.0,0.0,50.0,0.0,100.0,90.1,0.6455,1.0
677950,Alek Thomas,LAD,L,Split-Finger,FS,8,8.51063829787234,89.4,1612.625,-1.1425,0.37875000000000003,33.33333333333333,25.0,50.0,50.0,100.0,91.775,0.15775,0.25
677950,Alek Thomas,LAD,L,Curveball,CU,5,5.319148936170213,82.44000000000001,2821.6,0.32799999999999996,-0.8939999999999999,0.0,40.0,80.0,0.0,50.0,77.1,0.1405,0.0
677950,Alek Thomas,LAD,L,Sweeper,ST,5,5.319148936170213,84.97999999999999,2678.4,1.1620000000000001,0.324,100.0,80.0,40.0,66.66666666666666,0.0,0.0,0.0,0.0
677950,Alek Thomas,LAD,L,Sinker,SI,4,4.25531914893617,93.85,2296.5,-0.9675,0.6825,0.0,25.0,50.0,0.0,50.0,92.9,0.4726513333333333,0.0
669743,Alex Call,LAD,R,Sinker,SI,20,33.33333333333333,93.67,2250.2,-0.772,0.5730000000000001,50.0,60.0,80.0,0.0,50.0,0.0,0.0,0.0
669743,Alex Call,LAD,R,Cutter,FC,12,20.0,91.16666666666667,2459.0,0.028333333333333332,0.75,50.0,16.666666666666664,33.33333333333333,0.0,100.0,77.6,0.0,0.0
669743,Alex Call,LAD,R,4-Seam Fastball,FF,11,18.333333333333332,97.04545454545455,2360.090909090909,0.8490909090909091,0.8827272727272728,25.0,27.27272727272727,45.45454545454545,16.666666666666664,60.0,86.0,0.34973849999999995,0.0
669743,Alex Call,LAD,R,Slider,SL,11,18.333333333333332,82.39999999999999,2574.2727272727275,-0.5627272727272727,-0.10454545454545454,40.0,36.36363636363637,45.45454545454545,33.33333333333333,60.0,87.3,0.4336586666666667,0.4
669743,Alex Call,LAD,R,Changeup,CH,6,10.0,85.96666666666665,1772.0,-1.0533333333333335,0.1366666666666667,0.0,0.0,33.33333333333333,50.0,100.0,84.8,0.259,0.5
666163,Ben Rortvedt,LAD,L,4-Seam Fastball,FF,18,33.33333333333333,97.81666666666666,2282.722222222222,-0.5816666666666667,1.1955555555555555,10.0,5.555555555555555,44.44444444444444,20.0,100.0,62.388888888888886,0.1255,0.0
666163,Ben Rortvedt,LAD,L,Slider,SL,17,31.48148148148148,82.55882352941177,2405.0,-0.22882352941176473,0.0735294117647059,40.0,29.411764705882355,23.52941176470588,53.84615384615385,75.0,78.13333333333334,0.03333333333333333,0.0
666163,Ben Rortvedt,LAD,L,Sinker,SI,8,14.814814814814813,93.95,2352.875,0.89,0.33375,0.0,62.5,100.0,0.0,37.5,93.0,0.3303333333333333,0.3333333333333333
666163,Ben Rortvedt,LAD,L,Changeup,CH,4,7.4074074074074066,80.4,1936.0,0.21,0.7725,0.0,25.0,25.0,66.66666666666666,0.0,80.45,0.751,1.0
666163,Ben Rortvedt,LAD,L,Cutter,FC,3,5.555555555555555,94.56666666666666,2360.0,-0.19666666666666668,0.7666666666666666,0.0,66.66666666666666,100.0,0.0,33.33333333333333,60.9,0.018,0.0
666163,Ben Rortvedt,LAD,L,Curveball,CU,1,1.8518518518518516,75.6,2127.0,0.23,-0.95,100.0,100.0,100.0,0.0,100.0,0.0,0.0,0.0
666163,Ben Rortvedt,LAD,L,Knuckle Curve,KC,1,1.8518518518518516,81.7,2383.0,0.16,-0.25,0.0,0.0,100.0,0.0,100.0,87.2,0.327,0.0
666163,Ben Rortvedt,LAD,L,Split-Finger,FS,1,1.8518518518518516,85.2,1241.0,-0.55,0.21,100.0,100.0,0.0,100.0,0.0,0.0,0.0,0.0
666163,Ben Rortvedt,LAD,L,Sweeper,ST,1,1.8518518518518516,83.6,2465.0,1.17,-0.13,0.0,100.0,100.0,0.0,0.0,0.0,0.0,0.0
571771,Enrique Hernández,LAD,R,4-Seam Fastball,FF,17,30.357142857142854,96.64117647058823,2369.176470588235,0.20058823529411765,0.9911764705882353,0.0,17.647058823529413,58.82352941176471,28.57142857142857,70.0,81.83333333333333,0.4869934285714286,0.2
571771,Enrique Hernández,LAD,R,Slider,SL,13,23.214285714285715,80.98461538461538,2215.5384615384614,-0.1123076923076923,0.2876923076923077,40.0,30.76923076923077,23.076923076923077,30.0,66.66666666666666,82.55,0.18849425,0.0
571771,Enrique Hernández,LAD,R,Sinker,SI,8,14.285714285714285,97.8,2284.5,0.47124999999999995,0.82375,33.33333333333333,25.0,75.0,0.0,100.0,92.8,0.5673333333333334,0.3333333333333333
571771,Enrique Hernández,LAD,R,Sweeper,ST,6,10.714285714285714,84.73333333333333,2788.0,1.17,0.03333333333333336,100.0,33.33333333333333,0.0,33.33333333333333,0.0,0.0,0.0,0.0
571771,Enrique Hernández,LAD,R,Changeup,CH,5,8.928571428571429,83.28,1582.2,0.954,0.314,75.0,60.0,20.0,75.0,100.0,98.5,0.0,0.0
571771,Enrique Hernández,LAD,R,Curveball,CU,4,7.142857142857142,85.4,2818.5,0.135,-0.62,0.0,50.0,50.0,0.0,100.0,91.6,0.0,0.0
571771,Enrique Hernández,LAD,R,Knuckle Curve,KC,2,3.571428571428571,82.5,2398.0,0.14500000000000002,-0.29000000000000004,0.0,0.0,50.0,0.0,100.0,104.2,0.355,1.0
571771,Enrique Hernández,LAD,R,Cutter,FC,1,1.7857142857142856,85.6,1853.0,0.12,0.6,100.0,100.0,100.0,0.0,100.0,0.0,0.0,0.0
518692,Freddie Freeman,LAD,L,4-Seam Fastball,FF,107,40.225563909774436,96.02523364485982,2355.7570093457944,-0.35523364485981307,1.2614018691588784,20.37037037037037,26.168224299065418,44.85981308411215,42.3728813559322,60.416666666666664,79.01951219512196,0.32730434782608697,0.17391304347826086
518692,Freddie Freeman,LAD,L,Slider,SL,54,20.30075187969925,86.53703703703704,2447.740740740741,0.07148148148148149,0.1111111111111111,23.809523809523807,27.77777777777778,44.44444444444444,20.0,62.5,82.63333333333334,0.22912212499999998,0.14285714285714285
518692,Freddie Freeman,LAD,L,Sinker,SI,38,14.285714285714285,94.35263157894737,2311.815789473684,-0.29,0.5713157894736842,9.523809523809524,21.052631578947366,60.526315789473685,26.666666666666668,73.91304347826086,88.51666666666667,0.33784615384615385,0.38461538461538464
518692,Freddie Freeman,LAD,L,Changeup,CH,25,9.398496240601503,87.492,1835.92,-1.0979999999999999,0.24960000000000002,41.66666666666667,28.000000000000004,36.0,37.5,66.66666666666666,88.18571428571428,0.36449309999999996,0.2857142857142857
518692,Freddie Freeman,LAD,L,Curveball,CU,12,4.511278195488721,82.89166666666667,2777.5,0.43,-0.8300000000000001,42.857142857142854,41.66666666666667,41.66666666666667,57.14285714285714,60.0,80.25,0.535,0.6666666666666666
518692,Freddie Freeman,LAD,L,Split-Finger,FS,9,3.3834586466165413,86.05555555555556,1476.3333333333333,-0.9199999999999999,0.27666666666666667,0.0,0.0,33.33333333333333,33.33333333333333,100.0,93.75,0.25366666666666665,0.3333333333333333
518692,Freddie Freeman,LAD,L,Cutter,FC,8,3.007518796992481,88.675,2457.5,0.075,0.55,0.0,12.5,50.0,0.0,75.0,85.05,1.331,1.0
518692,Freddie Freeman,LAD,L,Sweeper,ST,5,1.8796992481203008,82.3,2783.8,0.07200000000000002,-0.078,25.0,20.0,80.0,0.0,100.0,83.26666666666667,0.074,0.0
518692,Freddie Freeman,LAD,L,Knuckle Curve,KC,4,1.5037593984962405,83.625,2368.0,0.11750000000000001,-0.29000000000000004,100.0,75.0,25.0,66.66666666666666,0.0,0.0,0.0,0.0
518692,Freddie Freeman,LAD,L,Unknown,UNK,4,1.5037593984962405,0.0,0.0,0.0,0.0,0.0,0.0,0.0,0.0,0.0,0.0,0.0,0.0
676439,Hunter Feduccia,LAD,L,4-Seam Fastball,FF,45,31.914893617021278,94.95555555555555,2305.6,-0.7446666666666666,1.211111111111111,0.0,24.444444444444443,55.55555555555556,10.0,56.00000000000001,89.58,0.48724425,0.3333333333333333
676439,Hunter Feduccia,LAD,L,Changeup,CH,28,19.858156028368796,85.79285714285713,1767.2857142857142,-0.6817857142857143,0.4575,64.70588235294117,39.285714285714285,28.57142857142857,45.0,100.0,67.96666666666667,0.2722196666666667,0.25
676439,Hunter Feduccia,LAD,L,Curveball,CU,15,10.638297872340425,81.66000000000001,2659.733333333333,0.5513333333333333,-0.7746666666666666,33.33333333333333,40.0,46.666666666666664,12.5,28.57142857142857,87.55,0.14733333333333334,0.0
676439,Hunter Feduccia,LAD,L,Sinker,SI,15,10.638297872340425,93.28,2198.2,-0.7466666666666666,0.896,20.0,46.666666666666664,53.333333333333336,42.857142857142854,25.0,75.33333333333333,0.015,0.0
676439,Hunter Feduccia,LAD,L,Cutter,FC,14,9.929078014184398,90.23571428571428,2306.0714285714284,0.13714285714285715,0.7171428571428571,0.0,14.285714285714285,35.714285714285715,22.22222222222222,60.0,94.46000000000001,0.41933333333333334,1.0
676439,Hunter Feduccia,LAD,L,Slider,SL,10,7.092198581560284,88.92999999999999,2291.8,0.11400000000000002,0.492,0.0,20.0,30.0,0.0,33.33333333333333,35.8,0.0,0.0
676439,Hunter Feduccia,LAD,L,Sweeper,ST,9,6.382978723404255,83.06666666666666,2686.222222222222,-0.04777777777777777,-0.05555555555555555,20.0,22.22222222222222,55.55555555555556,50.0,60.0,74.05,0.052333333333333336,0.0
676439,Hunter Feduccia,LAD,L,Split-Finger,FS,3,2.127659574468085,82.63333333333334,1335.3333333333333,-1.0433333333333332,0.2866666666666667,0.0,0.0,0.0,0.0,0.0,0.0,0.697977,0.0
676439,Hunter Feduccia,LAD,L,Knuckle Curve,KC,2,1.4184397163120568,78.7,2829.5,0.9400000000000001,-0.915,0.0,0.0,0.0,0.0,0.0,0.0,0.0,0.0
663656,Kyle Tucker,LAD,L,4-Seam Fastball,FF,69,28.39506172839506,94.4536231884058,2331.1304347826085,-0.8376811594202899,1.1288405797101448,2.631578947368421,18.84057971014493,66.66666666666666,17.391304347826086,73.91304347826086,87.94117647058823,0.19088000000000002,0.16
663656,Kyle Tucker,LAD,L,Slider,SL,35,14.40329218106996,86.03714285714287,2446.285714285714,0.045714285714285714,0.28514285714285714,14.285714285714285,11.428571428571429,40.0,23.809523809523807,64.28571428571429,85.4090909090909,0.5097385,0.0
663656,Kyle Tucker,LAD,L,Sinker,SI,27,11.11111111111111,94.57777777777777,2256.777777777778,0.5418518518518519,0.697037037037037,0.0,7.4074074074074066,62.96296296296296,60.0,94.11764705882352,79.0904761904762,0.3795795,0.4
663656,Kyle Tucker,LAD,L,Changeup,CH,26,10.699588477366255,88.96153846153847,1586.0,-0.916923076923077,0.14115384615384616,42.857142857142854,30.76923076923077,19.230769230769234,52.38095238095239,60.0,81.14999999999999,0.22075,0.25
663656,Kyle Tucker,LAD,L,Split-Finger,FS,26,10.699588477366255,86.06153846153846,1439.423076923077,-0.9184615384615386,-0.01076923076923077,28.57142857142857,15.384615384615385,34.61538461538461,29.411764705882355,100.0,76.36666666666666,0.018666666666666668,0.0
663656,Kyle Tucker,LAD,L,Cutter,FC,25,10.2880658436214,89.936,2422.12,0.0392,0.6908,41.66666666666667,36.0,60.0,10.0,73.33333333333333,74.0,0.18924999999999997,0.25
663656,Kyle Tucker,LAD,L,Curveball,CU,16,6.584362139917696,87.21875,2507.4375,0.029375,-0.231875,66.66666666666666,37.5,50.0,0.0,75.0,90.7,0.004,0.0
663656,Kyle Tucker,LAD,L,Sweeper,ST,15,6.172839506172839,83.52,2646.5333333333333,0.8233333333333334,0.18133333333333332,0.0,13.333333333333334,20.0,0.0,33.33333333333333,81.5,0.0,0.0
663656,Kyle Tucker,LAD,L,Knuckle Curve,KC,3,1.2345679012345678,82.06666666666666,2573.3333333333335,0.3566666666666667,-0.4166666666666667,0.0,0.0,0.0,0.0,0.0,0.0,0.0,0.0
663656,Kyle Tucker,LAD,L,Unknown,UNK,1,0.411522633744856,0.0,0.0,0.0,0.0,0.0,0.0,0.0,0.0,0.0,0.0,0.0,0.0
571970,Max Muncy,LAD,L,4-Seam Fastball,FF,73,30.416666666666664,95.16575342465754,2343.123287671233,-0.41082191780821914,1.2584931506849315,9.375,24.65753424657534,54.794520547945204,12.121212121212121,70.0,86.14444444444445,0.5054431,0.5714285714285714
571970,Max Muncy,LAD,L,Sinker,SI,32,13.333333333333334,94.0625,2199.0625,-0.5003124999999999,0.7265625,0.0,18.75,40.625,15.789473684210526,53.84615384615385,88.2,0.6287077142857143,0.6
571970,Max Muncy,LAD,L,Slider,SL,32,13.333333333333334,87.7125,2467.65625,0.1290625,0.16593750000000002,14.285714285714285,12.5,40.625,15.789473684210526,84.61538461538461,83.05833333333334,0.06133333333333333,0.0
571970,Max Muncy,LAD,L,Changeup,CH,28,11.666666666666666,87.72142857142856,1671.6785714285713,-0.9567857142857142,0.20892857142857144,64.28571428571429,39.285714285714285,35.714285714285715,33.33333333333333,80.0,76.28,0.292,0.0
571970,Max Muncy,LAD,L,Curveball,CU,23,9.583333333333334,83.57826086956521,2605.217391304348,0.42913043478260876,-0.6582608695652175,0.0,17.391304347826086,30.434782608695656,0.0,42.857142857142854,98.36666666666667,0.67474425,0.6666666666666666
571970,Max Muncy,LAD,L,Split-Finger,FS,19,7.916666666666666,84.41052631578947,1443.842105263158,-0.958421052631579,0.11105263157894736,46.15384615384615,31.57894736842105,31.57894736842105,53.84615384615385,100.0,77.02857142857144,0.122,0.0
571970,Max Muncy,LAD,L,Sweeper,ST,16,6.666666666666667,83.45,2723.875,0.716875,0.048125,75.0,56.25,43.75,22.22222222222222,28.57142857142857,88.4,0.0,0.0
571970,Max Muncy,LAD,L,Unknown,UNK,8,3.3333333333333335,0.0,0.0,0.0,0.0,0.0,0.0,0.0,0.0,0.0,0.0,0.0,0.0
571970,Max Muncy,LAD,L,Cutter,FC,7,2.9166666666666665,88.67142857142858,2400.714285714286,0.1542857142857143,0.7557142857142857,0.0,28.57142857142857,71.42857142857143,50.0,60.0,71.425,0.655,0.0
571970,Max Muncy,LAD,L,Knuckle Curve,KC,2,0.8333333333333334,79.4,2975.5,0.73,-0.7949999999999999,0.0,0.0,50.0,0.0,100.0,69.5,0.0,0.0
500743,Miguel Rojas,LAD,R,4-Seam Fastball,FF,11,26.190476190476193,96.28181818181817,2406.0,0.7618181818181817,0.9318181818181818,0.0,27.27272727272727,54.54545454545454,40.0,83.33333333333334,82.84285714285714,0.063,0.0
500743,Miguel Rojas,LAD,R,Slider,SL,10,23.809523809523807,81.94,2531.5,-0.6980000000000001,-0.08099999999999999,50.0,30.0,40.0,16.666666666666664,75.0,70.65,0.288,0.0
500743,Miguel Rojas,LAD,R,Changeup,CH,8,19.047619047619047,86.7375,1622.375,0.8675,0.12,0.0,12.5,37.5,20.0,66.66666666666666,71.25,0.885,1.0
500743,Miguel Rojas,LAD,R,Cutter,FC,8,19.047619047619047,87.475,2219.125,0.0575,0.55,33.33333333333333,37.5,62.5,66.66666666666666,80.0,85.46666666666665,0.174,0.0
500743,Miguel Rojas,LAD,R,Sinker,SI,4,9.523809523809524,91.725,2305.5,0.6799999999999999,0.33,0.0,0.0,100.0,0.0,100.0,91.5,0.298,0.5
500743,Miguel Rojas,LAD,R,Knuckle Curve,KC,1,2.380952380952381,83.4,2317.0,0.21,-0.31,0.0,0.0,0.0,0.0,0.0,0.0,0.0,0.0
605141,Mookie Betts,LAD,R,4-Seam Fastball,FF,77,35.648148148148145,95.81168831168831,2321.4935064935066,-0.2746753246753247,1.1933766233766234,0.0,20.77922077922078,48.05194805194805,15.0,59.45945945945946,87.67037037037036,0.31425886956521737,0.23809523809523808
605141,Mookie Betts,LAD,R,Slider,SL,36,16.666666666666664,86.42777777777778,2461.4166666666665,-0.05666666666666667,0.17638888888888887,7.6923076923076925,27.77777777777778,58.333333333333336,6.666666666666667,57.14285714285714,67.35833333333333,0.21128571428571427,0.2857142857142857
605141,Mookie Betts,LAD,R,Sinker,SI,34,15.74074074074074,93.58529411764707,2332.794117647059,-0.9473529411764706,0.6061764705882353,0.0,8.823529411764707,58.82352941176471,14.285714285714285,75.0,86.7,0.33778078947368423,0.21428571428571427
605141,Mookie Betts,LAD,R,Sweeper,ST,16,7.4074074074074066,83.30625,2759.75,1.123125,0.005624999999999998,16.666666666666664,25.0,31.25,18.181818181818183,80.0,76.34,0.221,0.0
605141,Mookie Betts,LAD,R,Changeup,CH,13,6.018518518518518,87.42307692307692,1764.0,-0.15384615384615388,0.22615384615384615,11.11111111111111,30.76923076923077,53.84615384615385,83.33333333333334,57.14285714285714,80.25,0.18475,0.25
605141,Mookie Betts,LAD,R,Cutter,FC,11,5.092592592592593,90.92727272727274,2353.2727272727275,0.011818181818181818,0.6354545454545455,0.0,45.45454545454545,45.45454545454545,0.0,40.0,95.35,0.22874999999999998,0.25
605141,Mookie Betts,LAD,R,Knuckle Curve,KC,8,3.7037037037037033,81.1625,2627.875,0.51625,-0.3575,0.0,25.0,50.0,25.0,50.0,77.06666666666666,0.369,0.5
605141,Mookie Betts,LAD,R,Unknown,UNK,8,3.7037037037037033,0.0,0.0,0.0,0.0,0.0,0.0,0.0,0.0,0.0,0.0,0.0,0.0
605141,Mookie Betts,LAD,R,Curveball,CU,7,3.2407407407407405,80.24285714285715,2698.5714285714284,0.62,-1.1300000000000001,0.0,42.857142857142854,42.857142857142854,25.0,0.0,75.5,0.31,1.0
605141,Mookie Betts,LAD,R,Split-Finger,FS,6,2.7777777777777777,86.81666666666666,1614.3333333333333,-0.805,0.19333333333333333,0.0,0.0,16.666666666666664,40.0,100.0,73.0,0.076,0.0
660271,Shohei Ohtani,LAD,L,4-Seam Fastball,FF,115,38.983050847457626,97.02434782608695,2360.3739130434783,-0.4386086956521739,1.212,23.404255319148938,26.956521739130434,52.17391304347826,12.727272727272727,66.66666666666666,79.53235294117647,0.2694954,0.0625
660271,Shohei Ohtani,LAD,L,Slider,SL,60,20.33898305084746,87.11,2518.766666666667,-0.09633333333333334,0.01866666666666667,26.666666666666668,26.666666666666668,45.0,33.33333333333333,70.37037037037037,81.39375,0.22799823076923076,0.08333333333333333
660271,Shohei Ohtani,LAD,L,Changeup,CH,44,14.915254237288137,89.93409090909091,1700.4772727272727,-1.0613636363636365,0.2040909090909091,47.368421052631575,29.545454545454547,29.545454545454547,29.03225806451613,76.92307692307693,92.83333333333333,0.3443522142857143,0.2727272727272727
660271,Shohei Ohtani,LAD,L,Sinker,SI,25,8.47457627118644,95.2,2284.88,0.09919999999999998,0.5768,16.666666666666664,20.0,36.0,43.75,55.55555555555556,85.26666666666667,0.5971395714285713,0.3333333333333333
660271,Shohei Ohtani,LAD,L,Curveball,CU,19,6.440677966101695,83.07894736842105,2688.9473684210525,0.2431578947368421,-0.7342105263157894,10.0,10.526315789473683,47.368421052631575,20.0,88.88888888888889,86.07142857142857,0.6455907999999999,0.3333333333333333
660271,Shohei Ohtani,LAD,L,Split-Finger,FS,11,3.728813559322034,85.83636363636364,1501.909090909091,-0.9372727272727274,0.21,33.33333333333333,18.181818181818183,27.27272727272727,37.5,100.0,78.375,0.38933333333333336,0.3333333333333333
660271,Shohei Ohtani,LAD,L,Cutter,FC,9,3.050847457627119,90.14444444444445,2389.6666666666665,-0.05444444444444444,0.6744444444444445,20.0,33.33333333333333,66.66666666666666,33.33333333333333,66.66666666666666,94.925,0.7816666666666667,0.6666666666666666
660271,Shohei Ohtani,LAD,L,Knuckle Curve,KC,5,1.694915254237288,81.34,2865.4,0.9560000000000001,-0.584,50.0,60.0,60.0,0.0,66.66666666666666,95.5,0.0,0.0
660271,Shohei Ohtani,LAD,L,Sweeper,ST,5,1.694915254237288,84.53999999999999,2859.2,0.528,-0.196,25.0,40.0,80.0,100.0,75.0,88.86666666666667,1.0515,0.5
660271,Shohei Ohtani,LAD,L,Unknown,UNK,2,0.6779661016949152,0.0,0.0,0.0,0.0,0.0,0.0,0.0,0.0,0.0,0.0,0.0,0.0
606192,Teoscar Hernández,LAD,R,4-Seam Fastball,FF,72,36.92307692307693,96.3111111111111,2366.625,-0.25833333333333336,1.2018055555555556,33.33333333333333,40.27777777777778,51.388888888888886,54.285714285714285,62.16216216216216,84.54090909090908,0.194125,0.1875
606192,Teoscar Hernández,LAD,R,Slider,SL,49,25.128205128205128,88.75714285714287,2503.9795918367345,0.1306122448979592,0.23244897959183675,28.57142857142857,30.612244897959183,48.97959183673469,52.0,62.5,78.5578947368421,0.12946153846153846,0.15384615384615385
606192,Teoscar Hernández,LAD,R,Sinker,SI,20,10.256410256410255,94.385,2236.6,-0.33649999999999997,0.6455,0.0,20.0,65.0,0.0,69.23076923076923,87.28888888888889,0.7567954,0.5
606192,Teoscar Hernández,LAD,R,Changeup,CH,14,7.179487179487179,87.64285714285714,1843.0714285714287,-0.1457142857142857,0.2414285714285714,0.0,0.0,42.857142857142854,12.5,100.0,83.96000000000001,0.2035,0.25
606192,Teoscar Hernández,LAD,R,Cutter,FC,12,6.153846153846154,89.81666666666666,2377.0,0.2575,0.7141666666666667,25.0,25.0,33.33333333333333,25.0,50.0,91.86666666666667,0.7729999999999999,0.5
606192,Teoscar Hernández,LAD,R,Sweeper,ST,12,6.153846153846154,83.45,2617.3333333333335,0.9391666666666666,0.07333333333333333,57.14285714285714,58.333333333333336,75.0,33.33333333333333,66.66666666666666,80.06666666666666,0.066,0.0
606192,Teoscar Hernández,LAD,R,Split-Finger,FS,10,5.128205128205128,84.46000000000001,1427.8,-1.0390000000000001,0.101,60.0,40.0,40.0,33.33333333333333,75.0,56.2,0.25099425,0.0
606192,Teoscar Hernández,LAD,R,Curveball,CU,3,1.5384615384615385,84.93333333333334,2412.3333333333335,0.3233333333333333,-0.5533333333333333,0.0,0.0,33.33333333333333,0.0,100.0,102.8,0.0,0.0
606192,Teoscar Hernández,LAD,R,Knuckle Curve,KC,3,1.5384615384615385,83.73333333333333,2436.0,0.1366666666666667,-0.14333333333333334,100.0,33.33333333333333,0.0,33.33333333333333,0.0,0.0,0.697977,0.0
669242,Tommy Edman,LAD,S,4-Seam Fastball,FF,99,44.39461883408072,95.71414141414142,2334.717171717172,-0.5462626262626262,1.17989898989899,17.77777777777778,25.252525252525253,54.54545454545454,24.444444444444443,62.96296296296296,80.0,0.2198333870967742,0.23076923076923078
669242,Tommy Edman,LAD,S,Slider,SL,29,13.004484304932735,84.27586206896552,2443.9310344827586,-0.26482758620689656,0.03862068965517241,38.46153846153847,34.48275862068966,41.37931034482759,35.294117647058826,58.333333333333336,91.5125,0.402656,0.14285714285714285
669242,Tommy Edman,LAD,S,Changeup,CH,18,8.071748878923767,87.87777777777778,1755.388888888889,-0.7383333333333333,0.4444444444444444,25.0,16.666666666666664,38.88888888888889,45.45454545454545,100.0,83.05999999999999,0.133,0.0
669242,Tommy Edman,LAD,S,Sweeper,ST,17,7.623318385650224,83.72941176470589,2612.235294117647,0.6200000000000001,0.029411764705882346,10.0,23.52941176470588,35.294117647058826,45.45454545454545,83.33333333333334,76.03333333333333,0.40974999999999995,0.75
669242,Tommy Edman,LAD,S,Cutter,FC,16,7.174887892376682,90.00625,2371.1875,0.02,0.69875,0.0,18.75,43.75,0.0,57.14285714285714,76.925,0.43748225,0.0
669242,Tommy Edman,LAD,S,Split-Finger,FS,16,7.174887892376682,84.01875,1239.1875,-0.824375,0.031874999999999994,28.57142857142857,37.5,50.0,37.5,50.0,86.8,0.5353333333333333,0.0
669242,Tommy Edman,LAD,S,Sinker,SI,15,6.726457399103139,93.38666666666667,2236.4666666666667,-0.36333333333333334,0.5573333333333333,0.0,40.0,60.0,33.33333333333333,33.33333333333333,89.6,0.6506666666666666,1.0
669242,Tommy Edman,LAD,S,Curveball,CU,13,5.829596412556054,84.14615384615385,2500.4615384615386,0.48846153846153845,-0.5415384615384615,0.0,30.76923076923077,53.84615384615385,0.0,42.857142857142854,65.76666666666667,0.29098399999999996,0.0
681624,,LAD,R,4-Seam Fastball,FF,24,35.82089552238806,95.45833333333333,2383.9583333333335,-0.3466666666666667,1.1175,0.0,16.666666666666664,37.5,6.666666666666667,55.55555555555556,87.25,0.5856,0.8
681624,,LAD,R,Sinker,SI,17,25.37313432835821,97.10000000000001,2303.5882352941176,-0.9699999999999999,0.9064705882352941,0.0,47.05882352941176,47.05882352941176,0.0,25.0,94.25,0.3161506666666667,0.0
681624,,LAD,R,Slider,SL,10,14.925373134328357,87.25,2320.5,0.181,-0.044000000000000004,0.0,0.0,30.0,28.57142857142857,100.0,80.88000000000001,0.463,0.0
681624,,LAD,R,Cutter,FC,7,10.44776119402985,89.34285714285714,2483.5714285714284,0.06142857142857143,0.63,0.0,28.57142857142857,57.14285714285714,33.33333333333333,50.0,76.06666666666666,0.7804884999999999,1.0
681624,,LAD,R,Sweeper,ST,4,5.970149253731343,81.875,2626.75,0.8700000000000001,-0.05000000000000002,0.0,25.0,50.0,0.0,50.0,80.7,0.093,0.0
681624,,LAD,R,Changeup,CH,3,4.477611940298507,86.5,1837.0,1.03,0.24333333333333332,0.0,0.0,100.0,0.0,100.0,87.5,0.34650000000000003,0.0
681624,,LAD,R,Curveball,CU,1,1.4925373134328357,83.6,2719.0,-0.4,-0.84,0.0,0.0,0.0,0.0,0.0,0.0,0.0,0.0
681624,,LAD,R,Knuckle Curve,KC,1,1.4925373134328357,83.2,2473.0,0.1,-0.41,100.0,100.0,0.0,100.0,0.0,0.0,0.0,0.0
682663,Agustín Ramírez,MIA,R,4-Seam Fastball,FF,49,26.486486486486488,94.3795918367347,2255.530612244898,0.3463265306122449,1.3048979591836734,28.57142857142857,32.6530612244898,51.02040816326531,20.833333333333336,64.0,80.575,0.2878505714285714,0.1
682663,Agustín Ramírez,MIA,R,Sinker,SI,43,23.243243243243246,94.3232558139535,2218.767441860465,0.223953488372093,0.656046511627907,19.047619047619047,25.581395348837212,58.139534883720934,27.77777777777778,64.0,79.44666666666667,0.354247125,0.2857142857142857
682663,Agustín Ramírez,MIA,R,Changeup,CH,33,17.83783783783784,83.26363636363635,1444.5151515151515,1.0254545454545456,0.3778787878787879,16.666666666666664,9.090909090909092,36.36363636363637,28.57142857142857,100.0,64.92,0.25799425,0.0
682663,Agustín Ramírez,MIA,R,Curveball,CU,19,10.27027027027027,79.47894736842105,2374.2631578947367,-0.4378947368421053,-0.7868421052631579,44.44444444444444,36.84210526315789,21.052631578947366,53.333333333333336,25.0,76.84,0.022555555555555558,0.0
682663,Agustín Ramírez,MIA,R,Slider,SL,18,9.72972972972973,85.89444444444445,2192.0,0.11833333333333333,0.21166666666666667,0.0,16.666666666666664,44.44444444444444,0.0,62.5,80.35999999999999,0.697977,0.0
682663,Agustín Ramírez,MIA,R,Cutter,FC,12,6.486486486486487,87.91666666666667,2172.3333333333335,-0.13166666666666668,0.6666666666666666,25.0,16.666666666666664,50.0,33.33333333333333,100.0,60.2,0.697977,0.0
682663,Agustín Ramírez,MIA,R,Sweeper,ST,8,4.324324324324325,79.925,2706.75,0.14750000000000002,0.265,100.0,25.0,25.0,0.0,50.0,0.0,0.0,0.0
682663,Agustín Ramírez,MIA,R,Split-Finger,FS,3,1.6216216216216217,93.93333333333334,1579.3333333333333,-1.1500000000000001,0.24333333333333332,0.0,33.33333333333333,33.33333333333333,0.0,100.0,88.1,0.04,0.0
640459,Brian Navarreto,MIA,R,Sinker,SI,27,28.125,95.88888888888889,2288.5555555555557,0.6137037037037038,0.768888888888889,26.31578947368421,25.925925925925924,85.18518518518519,50.0,73.91304347826086,76.95,0.027999999999999997,0.0
640459,Brian Navarreto,MIA,R,4-Seam Fastball,FF,23,23.958333333333336,95.58695652173913,2256.608695652174,0.3139130434782609,1.342608695652174,15.384615384615385,21.73913043478261,52.17391304347826,36.36363636363637,75.0,91.67272727272727,0.2496628333333333,0.0
640459,Brian Navarreto,MIA,R,Cutter,FC,13,13.541666666666666,90.45384615384616,2264.230769230769,-0.1853846153846154,0.5969230769230769,9.090909090909092,7.6923076923076925,53.84615384615385,66.66666666666666,100.0,86.4,0.39233333333333337,0.3333333333333333
640459,Brian Navarreto,MIA,R,Slider,SL,12,12.5,86.06666666666666,2381.4166666666665,-0.17250000000000001,-0.12333333333333334,40.0,25.0,33.33333333333333,25.0,75.0,79.26666666666667,0.1145,0.25
640459,Brian Navarreto,MIA,R,Curveball,CU,9,9.375,84.06666666666666,2485.5555555555557,-0.5344444444444444,-0.45333333333333337,0.0,11.11111111111111,77.77777777777779,0.0,57.14285714285714,70.0,0.0,0.0
640459,Brian Navarreto,MIA,R,Changeup,CH,8,8.333333333333332,86.9,1773.75,1.395,0.40750000000000003,100.0,25.0,12.5,14.285714285714285,100.0,0.0,0.0,0.0
640459,Brian Navarreto,MIA,R,Sweeper,ST,3,3.125,81.66666666666667,2836.6666666666665,0.10000000000000002,0.19999999999999998,50.0,33.33333333333333,66.66666666666666,0.0,100.0,0.0,0.0,0.0
640459,Brian Navarreto,MIA,R,Split-Finger,FS,1,1.0416666666666665,87.7,1437.0,-1.31,-0.09,0.0,0.0,0.0,0.0,0.0,0.0,0.0,0.0
665923,Esteury Ruiz,MIA,R,4-Seam Fastball,FF,38,28.78787878787879,94.3157894736842,2241.1052631578946,0.3307894736842105,1.2939473684210527,50.0,28.947368421052634,34.21052631578947,28.000000000000004,100.0,72.78888888888889,0.14324712499999998,0.2857142857142857
665923,Esteury Ruiz,MIA,R,Cutter,FC,26,19.696969696969695,88.55384615384615,2277.076923076923,-0.051153846153846154,0.8630769230769231,45.45454545454545,26.923076923076923,23.076923076923077,35.0,66.66666666666666,79.33333333333333,0.484643,0.0
665923,Esteury Ruiz,MIA,R,Sinker,SI,23,17.424242424242426,92.52608695652174,2209.391304347826,0.014782608695652158,0.6678260869565217,8.333333333333332,26.08695652173913,47.82608695652174,50.0,54.54545454545454,68.91818181818182,0.34536300000000003,0.16666666666666666
665923,Esteury Ruiz,MIA,R,Changeup,CH,15,11.363636363636363,83.36666666666666,1495.8,0.7526666666666667,0.09933333333333332,0.0,13.333333333333334,20.0,58.333333333333336,33.33333333333333,61.9375,0.25766666666666665,0.3333333333333333
665923,Esteury Ruiz,MIA,R,Curveball,CU,10,7.575757575757576,77.9,2353.6,-0.622,-1.0030000000000001,50.0,50.0,60.0,50.0,66.66666666666666,63.2,0.0,0.0
665923,Esteury Ruiz,MIA,R,Knuckle Curve,KC,6,4.545454545454546,79.14999999999999,2674.0,1.2016666666666667,-0.8583333333333334,0.0,33.33333333333333,66.66666666666666,0.0,75.0,96.55000000000001,0.24633333333333332,0.0
665923,Esteury Ruiz,MIA,R,Sweeper,ST,6,4.545454545454546,81.78333333333333,2371.0,0.7116666666666668,0.525,100.0,50.0,33.33333333333333,25.0,0.0,0.0,0.0,0.0
665923,Esteury Ruiz,MIA,R,Slider,SL,4,3.0303030303030303,87.575,2030.5,0.16749999999999998,0.4325,66.66666666666666,75.0,50.0,100.0,50.0,87.9,0.0075,0.0
665923,Esteury Ruiz,MIA,R,Split-Finger,FS,4,3.0303030303030303,98.525,1707.25,-1.1724999999999999,0.14,66.66666666666666,50.0,50.0,50.0,100.0,38.7,0.0,0.0
665052,Griffin Conine,MIA,L,4-Seam Fastball,FF,51,24.285714285714285,94.7156862745098,2378.1372549019607,-0.3968627450980392,1.2490196078431373,35.0,39.21568627450981,54.90196078431373,26.08695652173913,50.0,84.99090909090908,0.3651954,0.125
665052,Griffin Conine,MIA,L,Changeup,CH,37,17.61904761904762,85.8162162162162,1858.5135135135135,-0.8013513513513513,0.4978378378378378,44.44444444444444,32.432432432432435,29.72972972972973,42.30769230769231,63.63636363636363,81.04444444444444,0.09471428571428572,0.0
665052,Griffin Conine,MIA,L,Slider,SL,34,16.19047619047619,86.23823529411764,2338.4411764705883,-0.020294117647058824,0.025,47.368421052631575,44.11764705882353,55.88235294117647,40.0,68.42105263157895,88.46666666666667,0.16181818181818183,0.18181818181818182
665052,Griffin Conine,MIA,L,Sinker,SI,31,14.761904761904763,97.3258064516129,2214.7741935483873,-0.19774193548387092,0.8454838709677419,18.181818181818183,25.806451612903224,32.25806451612903,66.66666666666666,80.0,82.92222222222222,0.37055299999999997,0.375
665052,Griffin Conine,MIA,L,Curveball,CU,20,9.523809523809524,78.61,2514.3,1.0535,-0.29100000000000004,9.090909090909092,25.0,50.0,50.0,60.0,78.01428571428572,0.499318,0.0
665052,Griffin Conine,MIA,L,Sweeper,ST,14,6.666666666666667,77.29285714285713,2809.0,-1.2914285714285716,0.20500000000000002,80.0,42.857142857142854,35.714285714285715,22.22222222222222,60.0,96.4,0.002,0.0
665052,Griffin Conine,MIA,L,Cutter,FC,11,5.238095238095238,88.68181818181819,2413.818181818182,-0.018181818181818184,0.5990909090909091,60.0,45.45454545454545,45.45454545454545,33.33333333333333,60.0,75.2,0.0,0.0
665052,Griffin Conine,MIA,L,Knuckle Curve,KC,10,4.761904761904762,82.33,2569.9,0.9629999999999999,-0.876,75.0,40.0,10.0,44.44444444444444,0.0,0.0,0.475643,0.0
665052,Griffin Conine,MIA,L,Split-Finger,FS,2,0.9523809523809524,92.94999999999999,1771.5,-1.28,0.6599999999999999,0.0,0.0,0.0,100.0,0.0,68.15,0.179,0.0
681715,Heriberto Hernández,MIA,R,4-Seam Fastball,FF,76,26.95035460992908,94.5013157894737,2310.4868421052633,-0.22565789473684209,1.2796052631578947,23.404255319148938,28.947368421052634,60.526315789473685,36.666666666666664,78.26086956521739,88.22,0.5299398235294117,0.25
681715,Heriberto Hernández,MIA,R,Sinker,SI,57,20.212765957446805,94.40701754385965,2194.877192982456,0.08789473684210526,0.6833333333333333,5.88235294117647,24.561403508771928,43.859649122807014,15.625,48.0,80.24375,0.20610163157894737,0.21428571428571427
681715,Heriberto Hernández,MIA,R,Changeup,CH,35,12.411347517730496,82.97142857142858,1651.9714285714285,0.6374285714285713,0.4711428571428571,41.66666666666667,34.285714285714285,34.285714285714285,17.391304347826086,66.66666666666666,70.2,0.4167385,0.0
681715,Heriberto Hernández,MIA,R,Sweeper,ST,35,12.411347517730496,82.75999999999999,2589.285714285714,1.1191428571428572,0.23628571428571427,30.0,25.71428571428571,40.0,38.095238095238095,85.71428571428571,79.55714285714285,0.29500000000000004,0.25
681715,Heriberto Hernández,MIA,R,Cutter,FC,30,10.638297872340425,89.69666666666667,2263.0333333333333,0.03166666666666667,0.6693333333333332,28.57142857142857,40.0,46.666666666666664,0.0,50.0,90.84,0.6855,0.5
681715,Heriberto Hernández,MIA,R,Curveball,CU,21,7.446808510638298,79.04285714285714,2429.5714285714284,-0.07,-0.7547619047619047,0.0,0.0,38.095238095238095,15.384615384615385,100.0,84.7,0.2064,0.4
681715,Heriberto Hernández,MIA,R,Slider,SL,19,6.73758865248227,85.88947368421053,2448.6315789473683,-0.021052631578947375,-0.06789473684210527,0.0,10.526315789473683,26.31578947368421,0.0,60.0,96.53333333333335,1.0393861999999998,0.5
681715,Heriberto Hernández,MIA,R,Knuckle Curve,KC,6,2.127659574468085,82.23333333333333,2609.8333333333335,0.9466666666666667,-0.8166666666666668,60.0,50.0,50.0,66.66666666666666,100.0,83.7,0.0,0.0
681715,Heriberto Hernández,MIA,R,Split-Finger,FS,2,0.7092198581560284,92.8,1625.0,-1.1749999999999998,-0.015000000000000001,0.0,0.0,50.0,0.0,100.0,106.8,0.516,1.0
681715,Heriberto Hernández,MIA,R,Unknown,UNK,1,0.3546099290780142,0.0,0.0,0.0,0.0,0.0,0.0,0.0,0.0,0.0,0.0,0.0,0.0
805300,Jakob Marsee,MIA,L,4-Seam Fastball,FF,83,36.888888888888886,94.65301204819276,2382.253012048193,-0.5860240963855422,1.200120481927711,8.823529411764707,19.27710843373494,53.01204819277109,10.256410256410255,68.18181818181817,82.65806451612903,0.22441176470588234,0.23529411764705882
805300,Jakob Marsee,MIA,L,Sinker,SI,40,17.77777777777778,94.0875,2179.35,0.37025,0.6705,6.25,27.500000000000004,65.0,14.285714285714285,53.84615384615385,84.06363636363636,0.3682858,0.0
805300,Jakob Marsee,MIA,L,Changeup,CH,26,11.555555555555555,85.02307692307691,1774.6923076923076,-0.9426923076923077,0.4084615384615385,42.857142857142854,11.538461538461538,30.76923076923077,5.555555555555555,75.0,91.65,0.519,0.5
805300,Jakob Marsee,MIA,L,Sweeper,ST,22,9.777777777777779,77.75909090909092,2761.090909090909,-0.5159090909090909,0.3259090909090909,38.46153846153847,40.909090909090914,63.63636363636363,37.5,71.42857142857143,79.2125,0.19039999999999999,0.4
805300,Jakob Marsee,MIA,L,Slider,SL,17,7.555555555555555,84.22941176470589,2375.823529411765,-0.4676470588235294,0.30764705882352944,44.44444444444444,23.52941176470588,41.17647058823529,20.0,100.0,68.16,0.021,0.0
805300,Jakob Marsee,MIA,L,Cutter,FC,13,5.777777777777778,88.03846153846153,2507.923076923077,0.07461538461538461,0.4869230769230769,0.0,38.46153846153847,30.76923076923077,11.11111111111111,25.0,96.30000000000001,0.44899233333333327,0.0
805300,Jakob Marsee,MIA,L,Curveball,CU,10,4.444444444444445,79.06,2474.8,0.366,-0.677,0.0,40.0,40.0,0.0,0.0,0.0,0.697977,0.0
805300,Jakob Marsee,MIA,L,Unknown,UNK,8,3.5555555555555554,0.0,0.0,0.0,0.0,0.0,0.0,0.0,0.0,0.0,0.0,0.0,0.0
805300,Jakob Marsee,MIA,L,Knuckle Curve,KC,3,1.3333333333333335,86.83333333333333,2337.0,0.3033333333333333,-1.0366666666666668,0.0,33.33333333333333,66.66666666666666,0.0,50.0,69.3,0.39248849999999996,0.0
805300,Jakob Marsee,MIA,L,Split-Finger,FS,3,1.3333333333333335,89.40000000000002,1333.6666666666667,-0.7933333333333333,0.18000000000000002,0.0,0.0,66.66666666666666,0.0,100.0,100.4,0.805,1.0
691594,Javier Sanoja,MIA,R,Sinker,SI,58,24.267782426778243,94.17931034482758,2248.5689655172414,0.023620689655172413,0.7618965517241378,0.0,17.24137931034483,44.827586206896555,28.125,69.23076923076923,80.02222222222223,0.3758706875,0.23076923076923078
691594,Javier Sanoja,MIA,R,4-Seam Fastball,FF,52,21.75732217573222,94.55192307692307,2336.903846153846,-0.14346153846153847,1.2882692307692307,3.3333333333333335,23.076923076923077,61.53846153846154,45.0,65.625,84.68888888888888,0.44349999999999995,0.5
691594,Javier Sanoja,MIA,R,Cutter,FC,41,17.154811715481173,89.16829268292683,2381.5853658536585,0.06268292682926829,0.5324390243902439,0.0,21.951219512195124,31.70731707317073,32.142857142857146,38.46153846153847,75.44285714285715,0.28285714285714286,0.2857142857142857
691594,Javier Sanoja,MIA,R,Sweeper,ST,29,12.133891213389122,82.11379310344829,2614.206896551724,0.3817241379310345,-0.0096551724137931,30.0,17.24137931034483,37.93103448275862,5.555555555555555,81.81818181818183,82.89999999999999,0.2507954,0.25
691594,Javier Sanoja,MIA,R,Changeup,CH,28,11.715481171548117,83.53214285714286,1638.0,0.6314285714285715,0.4810714285714286,22.727272727272727,28.57142857142857,60.71428571428571,72.72727272727273,82.35294117647058,88.52941176470588,0.17877777777777779,0.3333333333333333
691594,Javier Sanoja,MIA,R,Curveball,CU,8,3.3472803347280333,80.2,2477.375,0.12625000000000006,-0.53625,0.0,0.0,50.0,25.0,100.0,79.32000000000001,0.0935,0.0
691594,Javier Sanoja,MIA,R,Knuckle Curve,KC,8,3.3472803347280333,83.4375,2532.625,0.8575,-0.9125000000000001,0.0,12.5,25.0,16.666666666666664,50.0,58.75,0.266,0.0
691594,Javier Sanoja,MIA,R,Slider,SL,8,3.3472803347280333,86.35,2481.75,0.20625,-0.33375,25.0,25.0,37.5,100.0,100.0,94.75,0.22914285714285715,0.5714285714285714
691594,Javier Sanoja,MIA,R,Split-Finger,FS,6,2.510460251046025,93.13333333333333,1686.6666666666667,-0.026666666666666655,0.515,50.0,50.0,33.33333333333333,100.0,100.0,85.06666666666666,0.008,0.0
691594,Javier Sanoja,MIA,R,Unknown,UNK,1,0.41841004184100417,0.0,0.0,0.0,0.0,0.0,0.0,0.0,0.0,0.0,0.0,0.0,0.0
691788,Joe Mack,MIA,L,4-Seam Fastball,FF,38,31.666666666666664,94.1921052631579,2337.9473684210525,-0.6294736842105264,1.2460526315789473,0.0,18.421052631578945,44.73684210526316,42.857142857142854,58.82352941176471,80.91052631578947,0.17223076923076922,0.3076923076923077
691788,Joe Mack,MIA,L,Changeup,CH,20,16.666666666666664,86.655,1902.6,-0.9199999999999999,0.3325,8.333333333333332,20.0,60.0,37.5,75.0,58.33,0.106,0.0
691788,Joe Mack,MIA,L,Slider,SL,17,14.166666666666666,85.41176470588235,2362.823529411765,-0.11705882352941177,-0.06823529411764706,28.57142857142857,35.294117647058826,41.17647058823529,20.0,71.42857142857143,82.66,0.0856,0.0
691788,Joe Mack,MIA,L,Curveball,CU,13,10.833333333333334,78.54615384615384,2504.769230769231,1.0292307692307694,-0.5553846153846154,14.285714285714285,15.384615384615385,23.076923076923077,50.0,66.66666666666666,78.83333333333333,0.123,0.0
691788,Joe Mack,MIA,L,Sinker,SI,9,7.5,91.48888888888888,2142.0,1.0222222222222221,0.6288888888888889,0.0,44.44444444444444,77.77777777777779,0.0,42.857142857142854,47.23333333333334,0.08760000000000001,0.4
691788,Joe Mack,MIA,L,Cutter,FC,8,6.666666666666667,89.0375,2480.375,0.15625,0.4,83.33333333333334,62.5,50.0,50.0,100.0,0.0,0.697977,0.0
691788,Joe Mack,MIA,L,Knuckle Curve,KC,7,5.833333333333333,82.38571428571429,2662.8571428571427,0.8714285714285713,-0.7857142857142857,75.0,57.14285714285714,14.285714285714285,66.66666666666666,0.0,80.0,0.0,0.0
691788,Joe Mack,MIA,L,Split-Finger,FS,4,3.3333333333333335,98.325,1783.25,-1.1625,0.27249999999999996,0.0,25.0,75.0,0.0,66.66666666666666,85.5,0.052,0.0
691788,Joe Mack,MIA,L,Sweeper,ST,4,3.3333333333333335,85.42500000000001,2710.25,1.2650000000000001,-0.4225,100.0,75.0,25.0,66.66666666666666,0.0,0.0,0.0,0.0
669065,Kyle Stowers,MIA,L,4-Seam Fastball,FF,40,36.69724770642202,95.1925,2274.75,-0.2975,1.2285,19.047619047619047,25.0,60.0,25.0,70.83333333333334,86.4076923076923,0.37349425,0.2222222222222222
669065,Kyle Stowers,MIA,L,Sinker,SI,20,18.34862385321101,92.325,2174.6,0.907,0.7630000000000001,14.285714285714285,10.0,45.0,0.0,77.77777777777779,91.275,0.17833333333333334,0.0
669065,Kyle Stowers,MIA,L,Slider,SL,18,16.51376146788991,83.89444444444445,2406.9444444444443,-0.36,0.014444444444444446,50.0,44.44444444444444,55.55555555555556,50.0,60.0,83.26,0.22033333333333335,0.3333333333333333
669065,Kyle Stowers,MIA,L,Changeup,CH,11,10.091743119266056,86.73636363636363,1769.0,-0.8563636363636363,0.29,50.0,36.36363636363637,18.181818181818183,66.66666666666666,100.0,81.5,0.3489885,0.0
669065,Kyle Stowers,MIA,L,Sweeper,ST,11,10.091743119266056,83.14545454545454,2591.4545454545455,0.7172727272727273,-0.22636363636363635,50.0,36.36363636363637,18.181818181818183,66.66666666666666,100.0,100.89999999999999,0.357,0.3333333333333333
669065,Kyle Stowers,MIA,L,Unknown,UNK,4,3.669724770642202,0.0,0.0,0.0,0.0,0.0,0.0,0.0,0.0,0.0,0.0,0.0,0.0
669065,Kyle Stowers,MIA,L,Cutter,FC,3,2.7522935779816518,89.23333333333333,2425.0,0.11666666666666665,0.5966666666666667,0.0,0.0,0.0,0.0,0.0,0.0,0.0,0.0
669065,Kyle Stowers,MIA,L,Curveball,CU,2,1.834862385321101,78.65,2579.5,-0.45,-1.3900000000000001,0.0,0.0,50.0,0.0,100.0,80.5,0.0,0.0
677870,Leo Jiménez,MIA,R,4-Seam Fastball,FF,29,28.71287128712871,94.80689655172414,2295.551724137931,0.030000000000000002,1.4117241379310344,0.0,20.689655172413794,37.93103448275862,5.555555555555555,63.63636363636363,69.8,0.5891297142857143,0.3333333333333333
677870,Leo Jiménez,MIA,R,Sinker,SI,29,28.71287128712871,95.17241379310344,2203.344827586207,0.3403448275862069,0.5624137931034482,0.0,20.689655172413794,27.586206896551722,28.57142857142857,25.0,77.44285714285714,0.514122125,0.42857142857142855
677870,Leo Jiménez,MIA,R,Slider,SL,15,14.85148514851485,85.65333333333334,2368.133333333333,-0.15200000000000002,-0.12866666666666668,33.33333333333333,20.0,20.0,16.666666666666664,33.33333333333333,74.1,0.718627,0.0
677870,Leo Jiménez,MIA,R,Changeup,CH,13,12.871287128712872,85.01538461538462,1925.8461538461538,1.3784615384615386,0.3130769230769231,62.5,38.46153846153847,23.076923076923077,60.0,66.66666666666666,72.2,0.08125,0.0
677870,Leo Jiménez,MIA,R,Curveball,CU,5,4.9504950495049505,79.53999999999999,2481.6,-0.176,-1.084,100.0,100.0,60.0,50.0,0.0,0.0,0.0,0.0
677870,Leo Jiménez,MIA,R,Cutter,FC,5,4.9504950495049505,88.3,2338.8,-0.146,0.852,0.0,0.0,40.0,0.0,100.0,74.2,0.224,0.0
677870,Leo Jiménez,MIA,R,Sweeper,ST,3,2.9702970297029703,80.7,2756.6666666666665,-0.53,0.2833333333333333,100.0,100.0,66.66666666666666,100.0,0.0,0.0,0.0,0.0
677870,Leo Jiménez,MIA,R,Split-Finger,FS,2,1.9801980198019802,98.15,1683.0,-1.165,0.265,0.0,50.0,100.0,0.0,50.0,105.4,0.382,0.0
672640,Otto Lopez,MIA,R,4-Seam Fastball,FF,64,26.229508196721312,94.8,2286.390625,0.12265625,1.30328125,28.000000000000004,32.8125,45.3125,22.857142857142858,58.620689655172406,81.76111111111112,0.4501085555555555,0.25
672640,Otto Lopez,MIA,R,Sinker,SI,41,16.80327868852459,94.6829268292683,2216.390243902439,0.022926829268292703,0.7658536585365854,0.0,34.146341463414636,73.17073170731707,9.090909090909092,53.333333333333336,81.01538461538462,0.36784084615384616,0.5
672640,Otto Lopez,MIA,R,Cutter,FC,33,13.524590163934427,89.75757575757575,2316.909090909091,-0.021818181818181816,0.7403030303030302,0.0,21.21212121212121,57.57575757575758,28.57142857142857,63.1578947368421,83.95625,0.2630769230769231,0.07692307692307693
672640,Otto Lopez,MIA,R,Changeup,CH,28,11.475409836065573,83.65357142857144,1725.6785714285713,0.635,0.47821428571428576,21.428571428571427,21.428571428571427,42.857142857142854,31.25,75.0,87.92999999999999,0.411907,0.2222222222222222
672640,Otto Lopez,MIA,R,Slider,SL,25,10.245901639344263,87.23200000000001,2438.68,0.1824,-0.0892,28.57142857142857,28.000000000000004,48.0,38.46153846153847,75.0,82.55,0.38422222222222224,0.6666666666666666
672640,Otto Lopez,MIA,R,Sweeper,ST,25,10.245901639344263,83.49600000000001,2642.8,1.1384,0.15760000000000002,20.0,24.0,52.0,41.66666666666667,76.92307692307693,78.125,0.12975,0.0
672640,Otto Lopez,MIA,R,Curveball,CU,19,7.786885245901639,80.20526315789475,2471.5789473684213,0.014210526315789463,-0.5489473684210526,10.0,15.789473684210526,47.368421052631575,30.0,77.77777777777779,70.44444444444444,0.064,0.0
672640,Otto Lopez,MIA,R,Split-Finger,FS,5,2.0491803278688523,91.34,1697.2,-1.296,0.524,0.0,0.0,20.0,25.0,100.0,106.2,0.883,1.0
672640,Otto Lopez,MIA,R,Knuckle Curve,KC,4,1.639344262295082,85.1,2405.0,0.6575,-0.8875,50.0,50.0,25.0,66.66666666666666,0.0,74.6,0.035,0.0
683357,Owen Caissie,MIA,L,4-Seam Fastball,FF,41,34.166666666666664,95.16585365853659,2373.682926829268,-0.6039024390243903,1.2726829268292683,5.0,26.82926829268293,73.17073170731707,18.181818181818183,60.0,82.34375,0.47709999999999997,0.6
683357,Owen Caissie,MIA,L,Changeup,CH,25,20.833333333333336,85.90799999999999,1920.68,-0.944,0.462,50.0,32.0,20.0,55.00000000000001,60.0,64.15714285714286,0.3379908,0.0
683357,Owen Caissie,MIA,L,Curveball,CU,16,13.333333333333334,79.45,2549.75,1.035625,-0.44437499999999996,33.33333333333333,68.75,68.75,40.0,9.090909090909092,76.15,0.015,0.0
683357,Owen Caissie,MIA,L,Slider,SL,10,8.333333333333332,85.97,2417.2,-0.05,0.225,0.0,10.0,30.0,14.285714285714285,66.66666666666666,77.63333333333333,0.109,0.0
683357,Owen Caissie,MIA,L,Cutter,FC,8,6.666666666666667,89.27499999999999,2448.125,0.11875000000000001,0.615,16.666666666666664,12.5,50.0,50.0,100.0,85.5,0.344,0.0
683357,Owen Caissie,MIA,L,Knuckle Curve,KC,7,5.833333333333333,81.24285714285715,2541.5714285714284,0.9500000000000001,-0.8714285714285713,75.0,57.14285714285714,28.57142857142857,60.0,50.0,95.1,0.049666666666666665,0.0
683357,Owen Caissie,MIA,L,Sweeper,ST,6,5.0,83.51666666666667,2642.5,1.1966666666666665,0.17166666666666666,0.0,33.33333333333333,50.0,0.0,33.33333333333333,91.2,0.0,0.0
683357,Owen Caissie,MIA,L,Split-Finger,FS,4,3.3333333333333335,92.375,1557.25,-1.0425,0.085,0.0,0.0,75.0,0.0,100.0,79.63333333333333,0.246,0.0
683357,Owen Caissie,MIA,L,Sinker,SI,3,2.5,95.86666666666667,2188.3333333333335,-0.5666666666666667,0.6766666666666667,0.0,33.33333333333333,100.0,0.0,0.0,0.0,0.0,0.0
669364,Xavier Edwards,MIA,S,4-Seam Fastball,FF,63,26.25,94.43650793650794,2282.936507936508,-0.17714285714285716,1.2720634920634921,12.121212121212121,20.634920634920633,55.55555555555556,25.0,74.28571428571429,82.59655172413794,0.27988100000000005,0.25
669364,Xavier Edwards,MIA,S,Changeup,CH,51,21.25,84.59019607843138,1731.0588235294117,-0.1296078431372549,0.4307843137254902,29.629629629629626,21.568627450980394,41.17647058823529,30.0,85.71428571428571,76.56666666666666,0.26642528571428575,0.3333333333333333
669364,Xavier Edwards,MIA,S,Sinker,SI,51,21.25,94.17058823529412,2195.627450980392,-0.17372549019607844,0.7545098039215685,5.263157894736842,23.52941176470588,50.98039215686274,8.0,65.38461538461539,80.88125,0.2995969333333333,0.2857142857142857
669364,Xavier Edwards,MIA,S,Curveball,CU,31,12.916666666666668,78.61290322580645,2424.2580645161293,0.07129032258064519,-0.7203225806451613,50.0,41.935483870967744,32.25806451612903,57.14285714285714,60.0,61.52,0.12937500000000002,0.125
669364,Xavier Edwards,MIA,S,Slider,SL,16,6.666666666666667,87.11874999999999,2246.1875,-0.179375,0.17375000000000002,16.666666666666664,12.5,37.5,10.0,83.33333333333334,64.47999999999999,0.20800000000000002,0.25
669364,Xavier Edwards,MIA,S,Cutter,FC,9,3.75,90.26666666666667,2436.222222222222,-0.04,0.6277777777777778,0.0,33.33333333333333,66.66666666666666,0.0,50.0,99.2,0.855,1.0
669364,Xavier Edwards,MIA,S,Knuckle Curve,KC,7,2.9166666666666665,83.47142857142856,2518.0,0.6971428571428572,-0.8714285714285716,50.0,57.14285714285714,42.857142857142854,50.0,0.0,83.3,0.043,0.0
669364,Xavier Edwards,MIA,S,Sweeper,ST,7,2.9166666666666665,86.01428571428572,2611.4285714285716,1.2485714285714287,-0.20285714285714287,66.66666666666666,57.14285714285714,57.14285714285714,66.66666666666666,100.0,83.2,0.13825,0.0
669364,Xavier Edwards,MIA,S,Split-Finger,FS,5,2.083333333333333,92.28,1625.0,-1.232,0.242,0.0,20.0,40.0,0.0,50.0,83.8,0.202,1.0
691277,,MIA,R,Changeup,CH,3,50.0,84.5,2055.3333333333335,1.3366666666666667,0.9966666666666667,50.0,33.33333333333333,0.0,66.66666666666666,0.0,70.5,0.327,1.0
691277,,MIA,R,4-Seam Fastball,FF,2,33.33333333333333,93.45,2076.5,0.71,1.4649999999999999,0.0,50.0,50.0,100.0,0.0,66.2,0.059,0.0
691277,,MIA,R,Curveball,CU,1,16.666666666666664,77.1,2541.0,-0.78,-1.16,0.0,0.0,0.0,0.0,0.0,0.0,0.0,0.0
683734,Andrew Vaughn,MIL,R,4-Seam Fastball,FF,47,26.704545454545453,95.2127659574468,2326.425531914894,-0.012553191489361702,1.2595744680851064,5.88235294117647,29.78723404255319,53.191489361702125,27.27272727272727,44.0,85.86,0.44776746153846153,0.6666666666666666
683734,Andrew Vaughn,MIL,R,Sinker,SI,31,17.613636363636363,93.29354838709678,2189.064516129032,-0.4658064516129032,0.6848387096774193,0.0,19.35483870967742,48.38709677419355,6.25,66.66666666666666,84.27000000000001,0.5124340000000001,0.4
683734,Andrew Vaughn,MIL,R,Cutter,FC,27,15.340909090909092,88.63703703703703,2379.962962962963,-0.026296296296296293,0.5866666666666667,0.0,40.74074074074074,48.148148148148145,28.57142857142857,15.384615384615385,75.31666666666668,0.356659,0.5
683734,Andrew Vaughn,MIL,R,Slider,SL,26,14.772727272727273,83.88846153846154,2391.576923076923,-0.39576923076923076,-0.16269230769230772,12.5,30.76923076923077,61.53846153846154,0.0,50.0,94.75,0.09079999999999999,0.0
683734,Andrew Vaughn,MIL,R,Changeup,CH,19,10.795454545454545,85.26842105263158,1703.842105263158,1.3057894736842104,0.43263157894736837,25.0,21.052631578947366,36.84210526315789,25.0,71.42857142857143,80.98333333333333,0.0894,0.0
683734,Andrew Vaughn,MIL,R,Sweeper,ST,19,10.795454545454545,79.71052631578948,2419.4210526315787,-0.5378947368421053,-0.05421052631578947,33.33333333333333,42.10526315789473,52.63157894736842,44.44444444444444,50.0,69.13333333333334,0.0,0.0
683734,Andrew Vaughn,MIL,R,Split-Finger,FS,4,2.272727272727273,87.6,1604.0,-1.1475,0.2925,50.0,75.0,50.0,100.0,0.0,96.3,0.272,0.5
683734,Andrew Vaughn,MIL,R,Curveball,CU,2,1.1363636363636365,77.7,2501.0,-0.2,-0.43,0.0,0.0,0.0,0.0,0.0,0.0,0.0,0.0
683734,Andrew Vaughn,MIL,R,Eephus,EP,1,0.5681818181818182,41.2,1050.0,1.76,1.56,0.0,0.0,100.0,0.0,100.0,90.8,0.17,1.0
668930,Brice Turang,MIL,L,4-Seam Fastball,FF,74,30.45267489711934,94.37432432432432,2283.7972972972975,-0.17702702702702702,1.3317567567567568,21.62162162162162,28.37837837837838,56.75675675675676,25.0,69.04761904761905,82.22857142857143,0.23744061111111112,0.13333333333333333
668930,Brice Turang,MIL,L,Sinker,SI,43,17.695473251028808,92.25813953488372,2143.1162790697676,0.7844186046511628,0.6918604651162791,0.0,27.906976744186046,60.46511627906976,35.294117647058826,46.15384615384615,81.65,0.3253295,0.2
668930,Brice Turang,MIL,L,Changeup,CH,31,12.757201646090536,81.42903225806452,1632.8709677419354,0.6909677419354839,0.627741935483871,53.333333333333336,35.483870967741936,29.03225806451613,45.45454545454545,55.55555555555556,75.28,0.0198,0.0
668930,Brice Turang,MIL,L,Cutter,FC,31,12.757201646090536,89.27741935483871,2442.483870967742,-0.06,0.7474193548387097,11.11111111111111,29.03225806451613,38.70967741935484,21.052631578947366,41.66666666666667,76.125,0.1028,0.0
668930,Brice Turang,MIL,L,Slider,SL,23,9.465020576131687,82.54782608695652,2452.0,-0.3704347826086956,-0.13695652173913045,40.0,39.130434782608695,52.17391304347826,54.54545454545454,75.0,78.5875,0.3053977,0.0
668930,Brice Turang,MIL,L,Split-Finger,FS,14,5.761316872427984,84.94285714285715,1123.7142857142858,-0.7364285714285714,0.08999999999999998,12.5,21.428571428571427,50.0,42.857142857142854,71.42857142857143,74.8,0.29075,0.25
668930,Brice Turang,MIL,L,Sweeper,ST,14,5.761316872427984,82.17142857142858,2485.5714285714284,-0.00642857142857145,0.14285714285714285,0.0,14.285714285714285,35.714285714285715,33.33333333333333,40.0,84.22,0.41725,0.25
668930,Brice Turang,MIL,L,Curveball,CU,6,2.4691358024691357,76.93333333333334,2544.3333333333335,-0.033333333333333326,-0.49666666666666665,33.33333333333333,33.33333333333333,50.0,33.33333333333333,66.66666666666666,0.0,0.0,0.0
668930,Brice Turang,MIL,L,Knuckle Curve,KC,6,2.4691358024691357,82.51666666666667,2460.3333333333335,0.4716666666666667,-0.935,0.0,33.33333333333333,50.0,33.33333333333333,33.33333333333333,91.9,0.0,0.0
668930,Brice Turang,MIL,L,Unknown,UNK,1,0.411522633744856,0.0,0.0,0.0,0.0,0.0,0.0,0.0,0.0,0.0,0.0,0.0,0.0
592885,Christian Yelich,MIL,L,4-Seam Fastball,FF,38,24.836601307189543,93.6263157894737,2274.2105263157896,-0.3534210526315789,1.378421052631579,25.0,26.31578947368421,52.63157894736842,16.666666666666664,65.0,76.07272727272726,0.6291908,1.0
592885,Christian Yelich,MIL,L,Sinker,SI,26,16.99346405228758,91.71538461538461,2104.9615384615386,0.9611538461538461,0.6996153846153846,0.0,19.230769230769234,53.84615384615385,41.66666666666667,71.42857142857143,80.11333333333333,0.329625,0.25
592885,Christian Yelich,MIL,L,Cutter,FC,18,11.76470588235294,90.87222222222222,2428.777777777778,0.07666666666666666,0.6416666666666667,22.22222222222222,33.33333333333333,66.66666666666666,16.666666666666664,66.66666666666666,91.25,0.5800000000000001,0.6
592885,Christian Yelich,MIL,L,Split-Finger,FS,17,11.11111111111111,86.59411764705882,1338.235294117647,-0.9252941176470588,0.18647058823529414,50.0,35.294117647058826,41.17647058823529,50.0,100.0,82.71666666666667,0.359711,0.16666666666666666
592885,Christian Yelich,MIL,L,Changeup,CH,13,8.49673202614379,82.72307692307693,1640.3076923076924,0.1392307692307692,0.4253846153846154,0.0,15.384615384615385,53.84615384615385,16.666666666666664,71.42857142857143,95.2,0.3476,0.2
592885,Christian Yelich,MIL,L,Sweeper,ST,13,8.49673202614379,83.43846153846154,2603.6153846153848,0.6569230769230768,-0.0038461538461538537,33.33333333333333,30.76923076923077,23.076923076923077,50.0,33.33333333333333,87.675,0.6613333333333333,0.3333333333333333
592885,Christian Yelich,MIL,L,Slider,SL,12,7.8431372549019605,85.24166666666666,2209.1666666666665,-0.026666666666666672,-0.19166666666666665,0.0,16.666666666666664,50.0,16.666666666666664,66.66666666666666,87.92,0.2355,0.5
592885,Christian Yelich,MIL,L,Eephus,EP,6,3.9215686274509802,38.68333333333333,1090.6666666666667,-0.028333333333333332,1.7216666666666667,0.0,16.666666666666664,33.33333333333333,0.0,100.0,101.7,0.8325,0.5
592885,Christian Yelich,MIL,L,Curveball,CU,5,3.2679738562091507,81.3,2744.6,0.984,-0.924,0.0,20.0,40.0,0.0,50.0,83.4,0.067,0.0
592885,Christian Yelich,MIL,L,Unknown,UNK,3,1.9607843137254901,0.0,0.0,0.0,0.0,0.0,0.0,0.0,0.0,0.0,0.0,0.0,0.0
592885,Christian Yelich,MIL,L,Knuckle Curve,KC,2,1.3071895424836601,80.9,2486.5,1.03,-1.055,0.0,0.0,0.0,0.0,0.0,0.0,0.0,0.0
806198,Cooper Pratt,MIL,R,4-Seam Fastball,FF,47,37.301587301587304,93.46382978723405,2233.425531914894,0.35276595744680855,1.1574468085106382,12.903225806451612,27.659574468085108,63.829787234042556,58.82352941176471,70.0,72.19615384615385,0.1244,0.2727272727272727
806198,Cooper Pratt,MIL,R,Sinker,SI,30,23.809523809523807,91.64333333333333,2128.1,0.18100000000000005,0.7253333333333334,13.333333333333334,36.666666666666664,66.66666666666666,30.0,60.0,85.64545454545454,0.2685,0.2
806198,Cooper Pratt,MIL,R,Changeup,CH,14,11.11111111111111,82.83571428571429,1696.0,0.8099999999999999,0.5071428571428571,0.0,0.0,21.428571428571427,36.36363636363637,100.0,64.25,0.09700000000000002,0.0
806198,Cooper Pratt,MIL,R,Slider,SL,11,8.73015873015873,84.49090909090908,2365.909090909091,-0.37545454545454543,-0.028181818181818183,0.0,9.090909090909092,45.45454545454545,50.0,80.0,84.34285714285714,0.262,0.0
806198,Cooper Pratt,MIL,R,Sweeper,ST,11,8.73015873015873,80.78181818181818,2421.5454545454545,0.15454545454545454,0.06636363636363636,50.0,36.36363636363637,45.45454545454545,33.33333333333333,80.0,92.7,0.063,0.0
806198,Cooper Pratt,MIL,R,Cutter,FC,9,7.142857142857142,87.57777777777777,2245.777777777778,-0.07666666666666666,0.6366666666666667,50.0,44.44444444444444,44.44444444444444,20.0,25.0,0.0,0.728952,0.0
806198,Cooper Pratt,MIL,R,Curveball,CU,3,2.380952380952381,77.53333333333333,2412.6666666666665,-0.15333333333333332,-0.66,0.0,0.0,66.66666666666666,100.0,0.0,76.4,0.0,0.0
806198,Cooper Pratt,MIL,R,Split-Finger,FS,1,0.7936507936507936,84.2,930.0,-0.67,0.15,0.0,0.0,100.0,0.0,100.0,58.8,0.0,0.0
666152,David Hamilton,MIL,L,4-Seam Fastball,FF,37,29.365079365079367,92.68108108108108,2173.108108108108,-0.3035135135135135,1.3064864864864867,4.761904761904762,24.324324324324326,56.75675675675676,43.75,66.66666666666666,77.76315789473684,0.3358888888888889,0.3333333333333333
666152,David Hamilton,MIL,L,Sinker,SI,33,26.190476190476193,94.01818181818182,2226.0,0.47,0.7487878787878788,0.0,27.27272727272727,66.66666666666666,9.090909090909092,59.09090909090909,84.67142857142858,0.42344444444444446,0.4444444444444444
666152,David Hamilton,MIL,L,Split-Finger,FS,14,11.11111111111111,86.03571428571429,1537.5714285714287,-1.0414285714285714,0.3678571428571429,0.0,7.142857142857142,50.0,42.857142857142854,85.71428571428571,69.03333333333333,0.47433333333333333,0.0
666152,David Hamilton,MIL,L,Cutter,FC,11,8.73015873015873,90.22727272727273,2392.818181818182,0.22454545454545458,0.620909090909091,0.0,18.181818181818183,63.63636363636363,25.0,57.14285714285714,88.10000000000001,0.4116666666666666,0.3333333333333333
666152,David Hamilton,MIL,L,Slider,SL,8,6.349206349206349,84.5625,2368.125,0.09125000000000001,-0.03374999999999999,0.0,12.5,50.0,0.0,50.0,56.1,0.158,0.5
666152,David Hamilton,MIL,L,Sweeper,ST,7,5.555555555555555,82.22857142857143,2367.4285714285716,0.8885714285714287,-0.35571428571428576,0.0,28.57142857142857,57.14285714285714,33.33333333333333,50.0,80.96666666666665,0.263,0.0
666152,David Hamilton,MIL,L,Knuckle Curve,KC,6,4.761904761904762,82.68333333333334,2403.5,0.6416666666666667,-0.9916666666666666,0.0,33.33333333333333,50.0,33.33333333333333,33.33333333333333,66.0,0.0,0.0
666152,David Hamilton,MIL,L,Changeup,CH,4,3.1746031746031744,84.475,1704.5,-0.5825,0.4875,33.33333333333333,25.0,50.0,50.0,100.0,85.4,0.4335,0.5
666152,David Hamilton,MIL,L,Eephus,EP,4,3.1746031746031744,38.4,1075.25,-0.1075,1.7,0.0,25.0,50.0,0.0,50.0,97.0,0.351,0.0
666152,David Hamilton,MIL,L,Curveball,CU,2,1.5873015873015872,75.65,2522.0,0.5249999999999999,-0.905,0.0,0.0,50.0,0.0,100.0,83.3,0.148,0.0
669003,Garrett Mitchell,MIL,L,Sinker,SI,34,25.37313432835821,93.55,2282.3529411764707,0.8126470588235294,1.0017647058823531,30.0,44.11764705882353,58.82352941176471,7.142857142857142,45.0,83.68333333333334,0.3903282222222222,0.7142857142857143
669003,Garrett Mitchell,MIL,L,4-Seam Fastball,FF,33,24.62686567164179,93.39393939393939,2185.030303030303,-0.5224242424242425,1.3151515151515152,41.17647058823529,42.42424242424242,57.57575757575758,28.57142857142857,68.42105263157895,77.39999999999999,0.12665866666666667,0.0
669003,Garrett Mitchell,MIL,L,Sweeper,ST,17,12.686567164179104,80.77058823529413,2526.5882352941176,-0.8194117647058823,0.03352941176470589,50.0,29.411764705882355,52.94117647058824,0.0,44.44444444444444,106.3,1.2445,1.0
669003,Garrett Mitchell,MIL,L,Slider,SL,15,11.194029850746269,83.99333333333334,2430.9333333333334,-0.5746666666666667,-0.294,14.285714285714285,46.666666666666664,86.66666666666667,0.0,53.84615384615385,90.53333333333335,0.3775,0.16666666666666666
669003,Garrett Mitchell,MIL,L,Cutter,FC,9,6.7164179104477615,91.48888888888888,2436.777777777778,0.051111111111111114,0.7333333333333333,40.0,44.44444444444444,66.66666666666666,0.0,83.33333333333334,93.10000000000001,0.235,0.3333333333333333
669003,Garrett Mitchell,MIL,L,Changeup,CH,6,4.477611940298507,83.21666666666667,1639.1666666666667,-0.06833333333333336,0.65,0.0,0.0,50.0,0.0,100.0,91.0,0.27166666666666667,0.0
669003,Garrett Mitchell,MIL,L,Split-Finger,FS,6,4.477611940298507,85.91666666666667,1241.6666666666667,-0.785,0.16666666666666666,0.0,0.0,16.666666666666664,20.0,100.0,84.15,0.605,1.0
669003,Garrett Mitchell,MIL,L,Eephus,EP,5,3.731343283582089,37.5,1033.8,0.084,1.6440000000000001,0.0,20.0,40.0,0.0,100.0,101.4,0.413,0.5
669003,Garrett Mitchell,MIL,L,Knuckle Curve,KC,5,3.731343283582089,82.46000000000001,2184.4,0.648,-0.8880000000000001,0.0,20.0,60.0,50.0,66.66666666666666,94.26666666666667,0.552,0.6666666666666666
669003,Garrett Mitchell,MIL,L,Curveball,CU,3,2.2388059701492535,82.0,2707.0,0.8466666666666667,-0.9433333333333334,100.0,33.33333333333333,0.0,33.33333333333333,0.0,0.0,0.0,0.0
669003,Garrett Mitchell,MIL,L,Unknown,UNK,1,0.7462686567164178,0.0,0.0,0.0,0.0,0.0,0.0,0.0,0.0,0.0,0.0,0.0,0.0
596142,Gary Sánchez,MIL,R,Sinker,SI,26,26.0,94.51923076923077,2243.9615384615386,0.17846153846153848,0.9742307692307693,16.666666666666664,30.76923076923077,57.692307692307686,27.27272727272727,60.0,75.55,0.306,0.0
596142,Gary Sánchez,MIL,R,Slider,SL,22,22.0,80.04545454545455,2471.5,-0.7031818181818182,-0.31227272727272726,0.0,27.27272727272727,59.09090909090909,55.55555555555556,38.46153846153847,79.63000000000001,0.06520000000000001,0.0
596142,Gary Sánchez,MIL,R,4-Seam Fastball,FF,12,12.0,94.5,2289.3333333333335,0.5633333333333334,1.0641666666666667,42.857142857142854,66.66666666666666,75.0,100.0,44.44444444444444,86.33333333333333,0.01075,0.0
596142,Gary Sánchez,MIL,R,Cutter,FC,12,12.0,87.5,2296.5833333333335,-0.08750000000000001,0.5866666666666667,0.0,25.0,50.0,0.0,50.0,63.166666666666664,0.12366666666666666,0.0
596142,Gary Sánchez,MIL,R,Changeup,CH,10,10.0,86.83,1779.8,0.717,0.446,71.42857142857143,50.0,30.0,57.14285714285714,100.0,84.75,0.0205,0.0
596142,Gary Sánchez,MIL,R,Sweeper,ST,10,10.0,80.77000000000001,2415.3,-0.146,-0.08099999999999999,0.0,20.0,70.0,0.0,71.42857142857143,78.08,0.2608,0.0
596142,Gary Sánchez,MIL,R,Curveball,CU,7,7.000000000000001,78.17142857142858,2633.285714285714,0.2814285714285714,-0.9028571428571429,80.0,57.14285714285714,57.14285714285714,33.33333333333333,100.0,41.2,0.0,0.0
596142,Gary Sánchez,MIL,R,Split-Finger,FS,1,1.0,86.3,882.0,-0.35,-0.38,0.0,0.0,100.0,0.0,100.0,88.5,0.702,1.0
694192,Jackson Chourio,MIL,R,4-Seam Fastball,FF,61,27.232142857142854,93.20655737704918,2268.7377049180327,-0.016229508196721306,1.3172131147540982,34.61538461538461,32.78688524590164,49.18032786885246,25.806451612903224,60.0,92.88125,0.5380681428571429,0.5
694192,Jackson Chourio,MIL,R,Sinker,SI,35,15.625,93.08285714285715,2203.2,0.022285714285714298,0.7585714285714286,0.0,17.142857142857142,34.285714285714285,43.47826086956522,50.0,82.22307692307693,0.3702,0.4
694192,Jackson Chourio,MIL,R,Changeup,CH,29,12.946428571428573,81.89310344827587,1688.9655172413793,1.0351724137931035,0.5720689655172414,28.57142857142857,20.689655172413794,41.37931034482759,23.52941176470588,83.33333333333334,74.84,0.08572727272727272,0.09090909090909091
694192,Jackson Chourio,MIL,R,Slider,SL,29,12.946428571428573,82.18275862068967,2429.6206896551726,-0.5313793103448275,-0.1493103448275862,42.857142857142854,37.93103448275862,37.93103448275862,66.66666666666666,81.81818181818183,80.76,0.12387500000000001,0.375
694192,Jackson Chourio,MIL,R,Cutter,FC,23,10.267857142857142,88.35652173913044,2404.1739130434785,-0.08478260869565217,0.681304347826087,35.714285714285715,39.130434782608695,56.52173913043478,50.0,69.23076923076923,89.5,0.7485648571428571,0.4
694192,Jackson Chourio,MIL,R,Sweeper,ST,23,10.267857142857142,81.4304347826087,2469.913043478261,0.02391304347826088,-0.1008695652173913,0.0,8.695652173913043,26.08695652173913,23.52941176470588,66.66666666666666,82.175,0.17066666666666663,0.16666666666666666
694192,Jackson Chourio,MIL,R,Curveball,CU,11,4.910714285714286,76.48181818181818,2352.090909090909,-0.18818181818181817,-0.44727272727272727,50.0,54.54545454545454,72.72727272727273,0.0,25.0,53.4,0.0,0.0
694192,Jackson Chourio,MIL,R,Split-Finger,FS,7,3.125,85.65714285714286,1289.2857142857142,-0.9299999999999999,0.03571428571428571,16.666666666666664,14.285714285714285,57.14285714285714,66.66666666666666,100.0,91.3,0.50125,0.0
694192,Jackson Chourio,MIL,R,Knuckle Curve,KC,6,2.6785714285714284,83.45,2403.6666666666665,0.5516666666666666,-0.8483333333333333,33.33333333333333,33.33333333333333,50.0,33.33333333333333,66.66666666666666,71.1,0.40248849999999997,0.0
641343,Jake Bauers,MIL,L,Sinker,SI,61,28.110599078341014,93.58032786885245,2155.8852459016393,0.8036065573770492,0.5847540983606557,11.11111111111111,27.86885245901639,57.377049180327866,34.61538461538461,51.42857142857142,70.29545454545455,0.4153885,0.0
641343,Jake Bauers,MIL,L,4-Seam Fastball,FF,52,23.963133640552993,94.66538461538462,2282.673076923077,-0.2951923076923077,1.2509615384615385,44.44444444444444,34.61538461538461,42.30769230769231,26.666666666666668,45.45454545454545,81.38,0.542659,0.25
641343,Jake Bauers,MIL,L,Changeup,CH,23,10.599078341013826,84.32173913043479,1633.0434782608695,0.6295652173913043,0.45260869565217393,30.0,26.08695652173913,34.78260869565217,33.33333333333333,62.5,76.47142857142856,0.442,0.5
641343,Jake Bauers,MIL,L,Split-Finger,FS,22,10.138248847926267,85.91363636363636,1077.2272727272727,-0.7113636363636364,0.07681818181818181,50.0,36.36363636363637,40.909090909090914,23.076923076923077,55.55555555555556,96.73333333333333,0.29333333333333333,0.3333333333333333
641343,Jake Bauers,MIL,L,Cutter,FC,19,8.755760368663594,89.72105263157896,2425.8947368421054,0.07421052631578948,0.6268421052631579,42.857142857142854,42.10526315789473,52.63157894736842,33.33333333333333,40.0,77.0,0.102747125,0.0
641343,Jake Bauers,MIL,L,Slider,SL,16,7.373271889400922,84.2,2390.8125,-0.04874999999999998,-0.050625,16.666666666666664,31.25,56.25,28.57142857142857,44.44444444444444,86.42,0.3524,0.2
641343,Jake Bauers,MIL,L,Sweeper,ST,10,4.6082949308755765,82.92,2365.6,0.675,-0.10500000000000001,16.666666666666664,30.0,90.0,0.0,66.66666666666666,84.46000000000001,1.246,1.0
641343,Jake Bauers,MIL,L,Curveball,CU,7,3.225806451612903,80.04285714285713,2669.0,0.2857142857142857,-0.51,33.33333333333333,14.285714285714285,0.0,42.857142857142854,0.0,80.5,0.697977,0.0
641343,Jake Bauers,MIL,L,Knuckle Curve,KC,7,3.225806451612903,84.31428571428572,2277.5714285714284,0.47000000000000003,-0.7457142857142857,100.0,42.857142857142854,14.285714285714285,33.33333333333333,0.0,0.0,0.0,0.0
687401,Joey Ortiz,MIL,R,4-Seam Fastball,FF,53,25.98039215686275,93.77924528301887,2278.0377358490564,0.3852830188679245,1.0964150943396227,20.833333333333336,28.30188679245283,54.71698113207547,33.33333333333333,55.172413793103445,86.00526315789473,0.30783141666666664,0.18181818181818182
687401,Joey Ortiz,MIL,R,Sinker,SI,48,23.52941176470588,92.67083333333333,2197.0625,0.089375,0.7841666666666667,0.0,33.33333333333333,64.58333333333334,0.0,48.38709677419355,95.07333333333332,0.4030681428571428,0.5
687401,Joey Ortiz,MIL,R,Cutter,FC,29,14.215686274509803,88.17241379310344,2355.310344827586,-0.10379310344827587,0.696551724137931,0.0,20.689655172413794,34.48275862068966,26.31578947368421,40.0,82.1,0.3699954,0.5
687401,Joey Ortiz,MIL,R,Slider,SL,26,12.745098039215685,83.02307692307691,2371.653846153846,-0.48000000000000004,-0.11692307692307692,33.33333333333333,34.61538461538461,34.61538461538461,41.17647058823529,55.55555555555556,74.7625,0.0242,0.0
687401,Joey Ortiz,MIL,R,Sweeper,ST,18,8.823529411764707,81.92777777777778,2533.1111111111113,0.12611111111111112,0.07444444444444444,25.0,33.33333333333333,33.33333333333333,41.66666666666667,50.0,79.31666666666666,0.103,0.0
687401,Joey Ortiz,MIL,R,Changeup,CH,16,7.8431372549019605,82.875,1744.4375,1.231875,0.5,0.0,6.25,25.0,25.0,75.0,84.61666666666666,0.11524999999999999,0.25
687401,Joey Ortiz,MIL,R,Split-Finger,FS,7,3.431372549019608,86.35714285714286,1253.4285714285713,-0.9871428571428572,0.18714285714285714,66.66666666666666,42.857142857142854,28.57142857142857,40.0,50.0,92.5,0.023666666666666666,0.0
687401,Joey Ortiz,MIL,R,Curveball,CU,5,2.450980392156863,76.88,2530.0,-0.252,-0.54,100.0,40.0,0.0,20.0,0.0,0.0,0.0,0.0
687401,Joey Ortiz,MIL,R,Eephus,EP,1,0.49019607843137253,37.0,1012.0,-0.09,1.87,0.0,0.0,100.0,0.0,100.0,92.6,0.904,1.0
687401,Joey Ortiz,MIL,R,Knuckle Curve,KC,1,0.49019607843137253,82.3,2398.0,0.78,-1.1,0.0,100.0,100.0,0.0,0.0,0.0,0.0,0.0
800325,Luis Lara,MIL,S,4-Seam Fastball,FF,52,28.415300546448087,93.99038461538461,2262.230769230769,-0.05557692307692308,1.293653846153846,10.526315789473683,30.76923076923077,53.84615384615385,20.833333333333336,50.0,81.75625,0.3738181818181818,0.5454545454545454
800325,Luis Lara,MIL,S,Sinker,SI,39,21.311475409836063,92.0,2176.4871794871797,0.14410256410256414,0.7135897435897436,26.08695652173913,35.8974358974359,66.66666666666666,23.076923076923077,76.92307692307693,82.33125,0.2457318,0.14285714285714285
800325,Luis Lara,MIL,S,Cutter,FC,23,12.568306010928962,88.49565217391304,2367.304347826087,-0.012173913043478264,0.6613043478260869,6.25,8.695652173913043,39.130434782608695,64.28571428571429,77.77777777777779,76.83999999999999,0.3459974444444444,0.5
800325,Luis Lara,MIL,S,Slider,SL,20,10.92896174863388,82.74499999999999,2356.55,-0.25949999999999995,-0.010500000000000004,8.333333333333332,20.0,50.0,40.0,80.0,87.4,0.62575,0.75
800325,Luis Lara,MIL,S,Sweeper,ST,16,8.743169398907105,81.8,2592.5,0.56125,-0.0625,16.666666666666664,43.75,62.5,33.33333333333333,40.0,95.4,0.047,0.0
800325,Luis Lara,MIL,S,Split-Finger,FS,10,5.46448087431694,84.55,1302.3,-0.8460000000000001,0.39699999999999996,28.57142857142857,20.0,60.0,25.0,100.0,82.3,0.2704,0.2
800325,Luis Lara,MIL,S,Changeup,CH,8,4.371584699453552,84.65,1623.5,-0.49124999999999996,0.51,0.0,0.0,12.5,0.0,100.0,79.0,0.005,0.0
800325,Luis Lara,MIL,S,Curveball,CU,7,3.825136612021858,80.17142857142856,2599.4285714285716,0.18142857142857144,-0.8428571428571429,0.0,14.285714285714285,57.14285714285714,33.33333333333333,75.0,90.075,0.277,1.0
800325,Luis Lara,MIL,S,Eephus,EP,4,2.185792349726776,38.15,1036.5,0.3825,1.755,0.0,25.0,50.0,50.0,50.0,85.05,0.573,1.0
800325,Luis Lara,MIL,S,Knuckle Curve,KC,2,1.092896174863388,83.6,2210.5,0.65,-0.965,0.0,50.0,100.0,0.0,50.0,85.4,0.05,0.0
800325,Luis Lara,MIL,S,Unknown,UNK,2,1.092896174863388,0.0,0.0,0.0,0.0,0.0,0.0,0.0,0.0,0.0,0.0,0.0,0.0
686217,Sal Frelick,MIL,L,Sinker,SI,15,33.33333333333333,93.12666666666668,2217.0666666666666,0.8533333333333334,0.7273333333333334,33.33333333333333,33.33333333333333,40.0,33.33333333333333,50.0,75.35,0.3403333333333333,0.0
686217,Sal Frelick,MIL,L,4-Seam Fastball,FF,11,24.444444444444443,89.21818181818182,2158.4545454545455,0.1309090909090909,1.3690909090909091,33.33333333333333,27.27272727272727,45.45454545454545,33.33333333333333,20.0,64.55,0.31724425,0.6666666666666666
686217,Sal Frelick,MIL,L,Cutter,FC,7,15.555555555555555,88.28571428571429,2289.285714285714,-0.07142857142857142,0.7414285714285713,0.0,14.285714285714285,57.14285714285714,0.0,75.0,72.1,0.21666666666666667,0.6666666666666666
686217,Sal Frelick,MIL,L,Slider,SL,5,11.11111111111111,83.94,2418.8,-0.146,0.074,0.0,20.0,60.0,50.0,66.66666666666666,74.63333333333333,0.4104885,0.0
686217,Sal Frelick,MIL,L,Sweeper,ST,5,11.11111111111111,77.28,2337.2,-0.578,0.10400000000000001,50.0,40.0,60.0,0.0,66.66666666666666,49.5,0.0,0.0
686217,Sal Frelick,MIL,L,Changeup,CH,1,2.2222222222222223,82.0,1601.0,1.24,0.65,0.0,0.0,100.0,0.0,100.0,102.0,0.892,1.0
686217,Sal Frelick,MIL,L,Split-Finger,FS,1,2.2222222222222223,81.2,1555.0,-1.04,0.78,0.0,100.0,100.0,0.0,0.0,0.0,0.0,0.0
661388,William Contreras,MIL,R,4-Seam Fastball,FF,86,34.67741935483871,94.14999999999999,2272.9302325581393,-0.11790697674418606,1.2223255813953489,15.555555555555555,22.093023255813954,51.162790697674424,23.809523809523807,79.54545454545455,83.03939393939395,0.3590423181818182,0.42105263157894735
661388,William Contreras,MIL,R,Cutter,FC,33,13.306451612903224,90.45454545454545,2454.6060606060605,0.01818181818181818,0.6251515151515151,0.0,30.303030303030305,51.515151515151516,6.25,52.94117647058824,83.6625,0.4262,0.8
661388,William Contreras,MIL,R,Sweeper,ST,25,10.080645161290322,82.63600000000001,2562.6,0.9164,-0.18239999999999998,12.5,28.000000000000004,24.0,26.31578947368421,50.0,82.52000000000001,0.245659,0.0
661388,William Contreras,MIL,R,Slider,SL,24,9.67741935483871,84.23333333333333,2322.0,-0.27708333333333335,-0.14041666666666666,25.0,20.833333333333336,41.66666666666667,21.428571428571427,90.0,94.8125,0.3906628333333333,0.4
661388,William Contreras,MIL,R,Changeup,CH,22,8.870967741935484,85.52727272727272,1711.590909090909,1.1245454545454547,0.4754545454545454,14.285714285714285,18.181818181818183,59.09090909090909,33.33333333333333,84.61538461538461,87.48333333333333,0.20233333333333334,0.4444444444444444
661388,William Contreras,MIL,R,Sinker,SI,20,8.064516129032258,92.455,2200.8,-0.20350000000000001,0.6765,0.0,40.0,60.0,37.5,50.0,92.975,0.6115714285714285,0.5714285714285714
661388,William Contreras,MIL,R,Split-Finger,FS,17,6.854838709677419,85.95882352941176,1263.4705882352941,-0.821764705882353,0.014117647058823532,20.0,11.76470588235294,41.17647058823529,30.0,100.0,90.35,0.37033333333333335,0.3333333333333333
661388,William Contreras,MIL,R,Curveball,CU,10,4.032258064516129,77.19,2507.6,-0.24300000000000002,-0.6849999999999999,0.0,20.0,50.0,0.0,100.0,72.4,0.154,1.0
661388,William Contreras,MIL,R,Eephus,EP,7,2.82258064516129,40.699999999999996,1115.7142857142858,0.2714285714285714,1.69,0.0,14.285714285714285,14.285714285714285,16.666666666666664,0.0,102.6,1.0709885,1.0
661388,William Contreras,MIL,R,Knuckle Curve,KC,4,1.6129032258064515,83.875,2467.75,0.335,-0.55,50.0,50.0,25.0,33.33333333333333,100.0,102.4,0.3395,0.0
663604,,MIL,R,Slider,SL,3,60.0,88.33333333333333,2044.6666666666667,-0.03,-0.24333333333333332,0.0,33.33333333333333,66.66666666666666,100.0,50.0,65.9,0.087,0.0
680716,,MIL,R,Slider,SL,3,60.0,87.3,2155.0,-0.03666666666666666,-0.26666666666666666,100.0,66.66666666666666,66.66666666666666,0.0,50.0,0.0,0.0,0.0
663604,,MIL,R,Eephus,EP,2,40.0,40.65,1033.5,1.2449999999999999,1.48,0.0,0.0,50.0,0.0,100.0,91.2,0.297,1.0
680716,,MIL,R,Eephus,EP,1,20.0,39.9,1046.0,1.4,1.81,0.0,0.0,100.0,0.0,100.0,97.0,0.351,1.0
680716,,MIL,R,Sinker,SI,1,20.0,94.2,2094.0,-1.32,0.73,0.0,0.0,0.0,100.0,0.0,73.8,0.0,0.0
686797,Brooks Lee,MIN,S,Changeup,CH,59,29.064039408866993,86.99661016949153,1628.5762711864406,-0.39186440677966106,0.32745762711864407,33.33333333333333,20.33898305084746,25.423728813559322,45.45454545454545,86.66666666666667,75.94761904761906,0.1455,0.14285714285714285
686797,Brooks Lee,MIN,S,Sinker,SI,44,21.67487684729064,94.42272727272729,2140.6363636363635,-0.5522727272727272,0.7313636363636363,9.090909090909092,18.181818181818183,61.36363636363637,5.88235294117647,77.77777777777779,86.935,0.27836363636363637,0.0
686797,Brooks Lee,MIN,S,4-Seam Fastball,FF,39,19.21182266009852,93.57948717948717,2274.641025641026,-0.04641025641025641,1.274871794871795,0.0,12.82051282051282,61.53846153846154,53.333333333333336,79.16666666666666,92.00909090909092,0.3530625,0.5
686797,Brooks Lee,MIN,S,Slider,SL,18,8.866995073891626,85.83333333333333,2352.9444444444443,-0.08,0.08888888888888888,9.090909090909092,22.22222222222222,66.66666666666666,33.33333333333333,75.0,84.02000000000001,0.21087499999999998,0.5
686797,Brooks Lee,MIN,S,Curveball,CU,15,7.389162561576355,77.52666666666667,2523.5333333333333,-0.0826666666666667,-1.0386666666666666,25.0,40.0,46.666666666666664,25.0,28.57142857142857,80.73333333333333,0.456476,0.0
686797,Brooks Lee,MIN,S,Cutter,FC,14,6.896551724137931,89.94285714285715,2304.1428571428573,0.008571428571428568,0.7514285714285714,18.181818181818183,14.285714285714285,57.14285714285714,50.0,100.0,79.37142857142858,0.449,0.3333333333333333
686797,Brooks Lee,MIN,S,Split-Finger,FS,10,4.926108374384237,85.66,1407.7,-0.9690000000000001,0.257,0.0,0.0,50.0,60.0,100.0,72.12857142857142,0.54325,0.25
686797,Brooks Lee,MIN,S,Sweeper,ST,4,1.9704433497536946,83.175,2622.25,1.0425,-0.012499999999999997,0.0,25.0,50.0,50.0,100.0,78.5,0.358,0.0
605137,Josh Bell,MIN,S,4-Seam Fastball,FF,66,29.86425339366516,95.6560606060606,2278.1363636363635,-0.3013636363636364,1.3137878787878787,0.0,27.27272727272727,54.54545454545454,23.333333333333332,55.55555555555556,84.54347826086956,0.23953846153846153,0.23076923076923078
605137,Josh Bell,MIN,S,Sinker,SI,37,16.7420814479638,93.40270270270271,2068.7567567567567,-0.2872972972972973,0.5256756756756756,0.0,24.324324324324326,48.64864864864865,10.526315789473683,55.55555555555556,79.86363636363636,0.3800909090909092,0.2727272727272727
605137,Josh Bell,MIN,S,Changeup,CH,30,13.574660633484163,87.86333333333333,1619.2666666666667,-0.625,0.146,0.0,10.0,36.666666666666664,5.263157894736842,72.72727272727273,75.24444444444445,0.2967142857142857,0.2857142857142857
605137,Josh Bell,MIN,S,Slider,SL,28,12.669683257918551,86.2,2309.464285714286,0.4439285714285714,-0.008571428571428563,37.5,28.57142857142857,42.857142857142854,37.5,83.33333333333334,78.35555555555555,0.37308009090909094,0.125
605137,Josh Bell,MIN,S,Split-Finger,FS,25,11.312217194570136,85.744,1516.28,-0.9828,0.3444,33.33333333333333,12.0,20.0,20.0,100.0,80.03333333333333,0.7941908,0.3333333333333333
605137,Josh Bell,MIN,S,Cutter,FC,20,9.049773755656108,91.02000000000001,2465.0,0.0685,0.7495,0.0,20.0,40.0,16.666666666666664,50.0,79.26666666666667,0.471476,0.0
605137,Josh Bell,MIN,S,Curveball,CU,9,4.072398190045249,78.63333333333334,2672.222222222222,0.003333333333333336,-0.9555555555555555,50.0,22.22222222222222,22.22222222222222,14.285714285714285,50.0,65.9,0.697977,0.0
605137,Josh Bell,MIN,S,Knuckle Curve,KC,3,1.3574660633484164,82.16666666666667,2586.6666666666665,0.7566666666666667,-0.24333333333333332,66.66666666666666,66.66666666666666,33.33333333333333,100.0,100.0,100.1,0.0,0.0
605137,Josh Bell,MIN,S,Sweeper,ST,2,0.904977375565611,82.85,2649.5,1.115,-0.385,0.0,50.0,100.0,0.0,50.0,69.6,0.0,0.0
605137,Josh Bell,MIN,S,Slurve,SV,1,0.4524886877828055,83.4,2810.0,-1.69,-0.14,0.0,0.0,100.0,0.0,100.0,82.6,0.442,0.0
701785,Kaelen Culpepper,MIN,R,4-Seam Fastball,FF,58,28.155339805825243,94.7706896551724,2332.2413793103447,-0.12913793103448273,1.2413793103448276,22.58064516129032,24.137931034482758,43.103448275862064,36.36363636363637,76.0,85.785,0.434434625,0.35714285714285715
701785,Kaelen Culpepper,MIN,R,Changeup,CH,32,15.53398058252427,85.721875,1604.21875,0.0959375,0.3484375,46.42857142857143,40.625,18.75,84.61538461538461,100.0,83.16666666666667,0.19066666666666668,0.4
701785,Kaelen Culpepper,MIN,R,Sinker,SI,32,15.53398058252427,94.640625,2180.3125,-0.511875,0.7275,0.0,9.375,62.5,8.333333333333332,80.0,86.23125,0.2938181818181818,0.36363636363636365
701785,Kaelen Culpepper,MIN,R,Slider,SL,27,13.106796116504855,86.07777777777777,2377.1481481481483,0.018888888888888893,0.18000000000000002,27.27272727272727,44.44444444444444,48.148148148148145,42.857142857142854,38.46153846153847,77.675,0.26533333333333337,0.3333333333333333
701785,Kaelen Culpepper,MIN,R,Cutter,FC,16,7.766990291262135,91.4625,2515.25,-0.036250000000000004,0.76125,28.57142857142857,37.5,50.0,12.5,75.0,80.16,0.37066666666666664,0.3333333333333333
701785,Kaelen Culpepper,MIN,R,Split-Finger,FS,16,7.766990291262135,84.4125,1281.5625,-0.02437499999999998,0.135,30.76923076923077,31.25,56.25,71.42857142857143,88.88888888888889,86.6625,0.42900000000000005,0.3333333333333333
701785,Kaelen Culpepper,MIN,R,Sweeper,ST,13,6.310679611650485,81.66923076923078,2444.6153846153848,-0.038461538461538464,0.06923076923076922,60.0,76.92307692307693,46.15384615384615,57.14285714285714,16.666666666666664,61.75,0.117,0.0
701785,Kaelen Culpepper,MIN,R,Curveball,CU,12,5.825242718446602,81.24166666666666,2322.8333333333335,-0.23583333333333334,-0.6375000000000001,57.14285714285714,41.66666666666667,33.33333333333333,50.0,75.0,103.8,0.24,0.3333333333333333
665019,Kody Clemens,MIN,L,4-Seam Fastball,FF,68,34.17085427135678,94.80147058823529,2282.279411764706,-0.30323529411764705,1.307205882352941,42.857142857142854,42.64705882352941,57.35294117647059,17.24137931034483,58.97435897435898,88.475,0.27733179999999996,0.42857142857142855
665019,Kody Clemens,MIN,L,Sinker,SI,51,25.628140703517587,93.88823529411765,2136.098039215686,0.3841176470588235,0.7445098039215686,12.5,19.607843137254903,58.82352941176471,38.095238095238095,80.0,81.86086956521739,0.4627485625,0.3333333333333333
665019,Kody Clemens,MIN,L,Changeup,CH,26,13.06532663316583,87.48076923076923,1602.076923076923,-0.9976923076923078,0.21230769230769234,50.0,34.61538461538461,42.30769230769231,26.666666666666668,72.72727272727273,88.34999999999998,0.6755,0.16666666666666666
665019,Kody Clemens,MIN,L,Slider,SL,13,6.532663316582915,84.54615384615384,2248.923076923077,-0.3169230769230769,0.14384615384615385,14.285714285714285,15.384615384615385,30.76923076923077,44.44444444444444,75.0,82.85999999999999,0.2866666666666667,0.3333333333333333
665019,Kody Clemens,MIN,L,Cutter,FC,12,6.030150753768844,91.54166666666667,2466.9166666666665,-0.08833333333333333,0.9141666666666667,25.0,50.0,58.333333333333336,40.0,28.57142857142857,101.76666666666667,0.9710000000000001,0.75
665019,Kody Clemens,MIN,L,Sweeper,ST,11,5.527638190954774,82.34545454545454,2564.2727272727275,-0.4454545454545455,0.3118181818181818,0.0,45.45454545454545,72.72727272727273,66.66666666666666,37.5,87.22,0.33999671428571426,0.3333333333333333
665019,Kody Clemens,MIN,L,Split-Finger,FS,9,4.522613065326634,87.44444444444444,1505.2222222222222,-0.6477777777777778,0.30777777777777776,33.33333333333333,22.22222222222222,33.33333333333333,50.0,100.0,94.025,0.36175,0.0
665019,Kody Clemens,MIN,L,Slurve,SV,5,2.512562814070352,83.6,2841.8,-1.244,-0.286,0.0,0.0,40.0,33.33333333333333,100.0,61.7,0.0,0.0
665019,Kody Clemens,MIN,L,Curveball,CU,4,2.0100502512562812,81.0,2577.25,-0.08749999999999997,-1.0875,50.0,50.0,50.0,100.0,100.0,102.1,0.5542499999999999,0.0
807712,Luke Keaschall,MIN,R,4-Seam Fastball,FF,75,31.380753138075313,94.43733333333334,2328.0675675675675,0.10506666666666667,1.3630666666666666,0.0,24.0,58.666666666666664,12.903225806451612,59.09090909090909,83.53571428571429,0.42549744444444443,0.4375
807712,Luke Keaschall,MIN,R,Sinker,SI,44,18.410041841004183,94.72727272727273,2199.767441860465,-0.2384090909090909,0.7906818181818182,12.0,20.454545454545457,59.09090909090909,22.22222222222222,80.76923076923077,91.26818181818182,0.5478634666666667,0.42857142857142855
807712,Luke Keaschall,MIN,R,Slider,SL,38,15.899581589958158,87.39999999999999,2286.9736842105262,0.09999999999999999,0.12710526315789475,28.57142857142857,44.73684210526316,60.526315789473685,26.666666666666668,43.47826086956522,86.64000000000001,0.2792727272727273,0.18181818181818182
807712,Luke Keaschall,MIN,R,Cutter,FC,25,10.460251046025103,91.572,2511.1304347826085,0.1032,0.7848,6.25,8.0,52.0,41.66666666666667,84.61538461538461,83.95384615384616,0.17436363636363636,0.18181818181818182
807712,Luke Keaschall,MIN,R,Changeup,CH,23,9.623430962343097,85.08695652173913,1437.391304347826,0.2534782608695652,0.31043478260869567,22.22222222222222,13.043478260869565,30.434782608695656,31.25,57.14285714285714,86.55,0.386488,0.16666666666666666
807712,Luke Keaschall,MIN,R,Sweeper,ST,12,5.02092050209205,82.96666666666667,2583.3333333333335,0.9291666666666667,0.19833333333333333,20.0,25.0,41.66666666666667,14.285714285714285,80.0,71.96666666666667,0.17400000000000002,0.3333333333333333
807712,Luke Keaschall,MIN,R,Curveball,CU,10,4.184100418410042,79.89,2654.5,-0.679,-1.018,16.666666666666664,20.0,30.0,42.857142857142854,100.0,79.1,0.074,0.0
807712,Luke Keaschall,MIN,R,Split-Finger,FS,9,3.765690376569038,84.63333333333334,1233.5555555555557,0.4,-0.10555555555555556,100.0,11.11111111111111,0.0,11.11111111111111,0.0,0.0,0.0,0.0
807712,Luke Keaschall,MIN,R,Knuckle Curve,KC,2,0.8368200836820083,82.3,2485.0,0.6,-0.11,0.0,0.0,0.0,0.0,0.0,0.0,0.0,0.0
807712,Luke Keaschall,MIN,R,Unknown,UNK,1,0.41841004184100417,0.0,0.0,0.0,0.0,0.0,0.0,0.0,100.0,0.0,0.0,0.0,1.0
668904,Royce Lewis,MIN,R,4-Seam Fastball,FF,52,26.13065326633166,94.70384615384616,2353.576923076923,-0.2301923076923077,1.3171153846153845,15.0,17.307692307692307,67.3076923076923,47.05882352941176,91.42857142857143,85.15384615384616,0.0845625,0.125
668904,Royce Lewis,MIN,R,Slider,SL,36,18.090452261306535,86.73055555555555,2521.3055555555557,0.1802777777777778,0.07722222222222222,23.076923076923077,19.444444444444446,63.888888888888886,30.76923076923077,95.65217391304348,79.92222222222222,0.29275,0.25
668904,Royce Lewis,MIN,R,Sinker,SI,33,16.582914572864322,93.9909090909091,2089.6666666666665,-0.6163636363636363,0.5863636363636364,9.090909090909092,18.181818181818183,54.54545454545454,40.0,88.88888888888889,90.17894736842106,0.3973333333333333,0.25
668904,Royce Lewis,MIN,R,Changeup,CH,28,14.07035175879397,86.13928571428572,1517.2857142857142,0.40214285714285714,0.48464285714285715,9.090909090909092,10.714285714285714,25.0,19.047619047619047,100.0,74.2,0.07633333333333334,0.0
668904,Royce Lewis,MIN,R,Cutter,FC,19,9.547738693467336,89.99473684210527,2389.6315789473683,0.004736842105263156,0.7368421052631579,0.0,15.789473684210526,57.89473684210527,50.0,72.72727272727273,79.78333333333333,0.48475,0.25
668904,Royce Lewis,MIN,R,Sweeper,ST,15,7.537688442211055,82.66000000000001,2583.0666666666666,0.6593333333333333,0.35866666666666663,25.0,20.0,26.666666666666668,72.72727272727273,100.0,83.74444444444445,0.27037500000000003,0.25
668904,Royce Lewis,MIN,R,Split-Finger,FS,13,6.532663316582915,86.28461538461539,1520.5384615384614,-0.8169230769230769,0.11307692307692309,22.22222222222222,38.46153846153847,76.92307692307693,66.66666666666666,70.0,75.34285714285714,0.1464,0.0
668904,Royce Lewis,MIN,R,Curveball,CU,2,1.0050251256281406,79.94999999999999,2567.5,-0.095,-0.595,0.0,0.0,50.0,0.0,0.0,0.0,0.0,0.0
668904,Royce Lewis,MIN,R,Slurve,SV,1,0.5025125628140703,83.6,2810.0,-0.98,-0.13,0.0,0.0,0.0,100.0,0.0,108.0,0.0,0.0
680777,Ryan Jeffers,MIN,R,4-Seam Fastball,FF,80,38.64734299516908,94.53875000000001,2318.1625,-0.10925,1.337375,2.5,21.25,56.25,28.57142857142857,66.66666666666666,80.83783783783784,0.23885,0.2
680777,Ryan Jeffers,MIN,R,Slider,SL,45,21.73913043478261,87.48,2489.8888888888887,0.252,0.24222222222222223,15.384615384615385,33.33333333333333,42.22222222222222,26.923076923076923,31.57894736842105,84.42999999999999,0.288,0.2222222222222222
680777,Ryan Jeffers,MIN,R,Sinker,SI,25,12.077294685990339,93.52,2089.16,-0.902,0.5192,23.076923076923077,40.0,52.0,50.0,53.84615384615385,71.7,0.2636,0.1
680777,Ryan Jeffers,MIN,R,Changeup,CH,18,8.695652173913043,83.67777777777778,1491.8333333333333,0.5316666666666667,0.5777777777777778,0.0,0.0,22.22222222222222,28.57142857142857,100.0,65.925,0.31021455555555555,0.0
680777,Ryan Jeffers,MIN,R,Cutter,FC,17,8.212560386473431,89.76470588235294,2413.5882352941176,-0.02529411764705882,0.7705882352941176,0.0,11.76470588235294,47.05882352941176,11.11111111111111,62.5,78.55,0.3589908,0.0
680777,Ryan Jeffers,MIN,R,Split-Finger,FS,7,3.3816425120772946,86.11428571428571,1337.4285714285713,-1.1371428571428572,0.4414285714285714,0.0,0.0,42.857142857142854,50.0,100.0,89.26,0.758,1.0
680777,Ryan Jeffers,MIN,R,Sweeper,ST,4,1.932367149758454,79.35,2120.0,-0.645,0.10500000000000002,0.0,50.0,25.0,0.0,0.0,0.0,0.0,0.0
680777,Ryan Jeffers,MIN,R,Unknown,UNK,4,1.932367149758454,0.0,0.0,0.0,0.0,0.0,0.0,0.0,0.0,0.0,0.0,0.0,0.0
680777,Ryan Jeffers,MIN,R,Curveball,CU,3,1.4492753623188406,76.86666666666667,2311.6666666666665,-0.12333333333333334,-0.5499999999999999,0.0,33.33333333333333,0.0,0.0,0.0,0.0,0.0,0.0
680777,Ryan Jeffers,MIN,R,Knuckle Curve,KC,2,0.966183574879227,83.6,2608.0,0.98,-0.02,0.0,0.0,0.0,0.0,0.0,0.0,0.0,0.0
680777,Ryan Jeffers,MIN,R,Slurve,SV,2,0.966183574879227,77.5,2512.0,1.46,-0.27,0.0,0.0,100.0,0.0,100.0,22.3,0.0,0.0
668952,Ryan Kreidler,MIN,R,4-Seam Fastball,FF,23,35.9375,93.46521739130434,2310.0434782608695,0.7026086956521739,1.433478260869565,18.181818181818183,34.78260869565217,60.86956521739131,33.33333333333333,57.14285714285714,96.55,0.214,0.3333333333333333
668952,Ryan Kreidler,MIN,R,Curveball,CU,10,15.625,76.9,2676.2,-0.588,-1.17,33.33333333333333,20.0,60.0,0.0,100.0,86.4,0.7339884999999999,0.0
668952,Ryan Kreidler,MIN,R,Sinker,SI,8,12.5,93.52499999999999,1992.0,-1.3725,0.1275,0.0,0.0,50.0,50.0,100.0,76.0,0.0,0.0
668952,Ryan Kreidler,MIN,R,Changeup,CH,6,9.375,81.96666666666667,1388.3333333333333,1.0933333333333335,0.49333333333333335,50.0,33.33333333333333,0.0,66.66666666666666,0.0,75.7,0.0,0.0
668952,Ryan Kreidler,MIN,R,Cutter,FC,6,9.375,86.73333333333333,2262.3333333333335,0.016666666666666666,0.68,0.0,0.0,33.33333333333333,0.0,100.0,19.0,0.0,0.0
668952,Ryan Kreidler,MIN,R,Split-Finger,FS,5,7.8125,82.94,1243.0,0.6599999999999999,0.25,25.0,20.0,60.0,50.0,100.0,80.7,0.021,0.0
668952,Ryan Kreidler,MIN,R,Slider,SL,4,6.25,88.85,2456.0,-0.25,0.13499999999999998,0.0,0.0,50.0,0.0,100.0,0.0,0.0,0.0
668952,Ryan Kreidler,MIN,R,Sweeper,ST,2,3.125,81.5,2470.0,0.42,0.43,0.0,0.0,0.0,0.0,0.0,0.0,0.0,0.0
663616,Trevor Larnach,MIN,L,Sinker,SI,32,26.446280991735538,94.534375,2226.71875,-0.5287499999999999,0.8096875,9.090909090909092,15.625,34.375,19.047619047619047,63.63636363636363,84.8,0.32085385714285714,0.16666666666666666
663616,Trevor Larnach,MIN,L,4-Seam Fastball,FF,27,22.31404958677686,94.27777777777777,2277.037037037037,-0.602962962962963,1.2729629629629629,7.6923076923076925,18.51851851851852,51.85185185185185,23.076923076923077,71.42857142857143,86.35833333333333,0.19763636363636364,0.18181818181818182
663616,Trevor Larnach,MIN,L,Changeup,CH,20,16.528925619834713,89.67999999999999,1636.85,-1.067,0.11199999999999999,50.0,40.0,35.0,53.84615384615385,100.0,86.3,0.26566666666666666,0.1111111111111111
663616,Trevor Larnach,MIN,L,Split-Finger,FS,16,13.223140495867769,85.7375,1445.3125,-1.04875,0.335625,80.0,50.0,12.5,57.14285714285714,100.0,86.15,0.19666666666666666,0.0
663616,Trevor Larnach,MIN,L,Slider,SL,12,9.917355371900827,86.25833333333333,2401.4166666666665,-0.029166666666666664,0.19166666666666665,100.0,58.333333333333336,41.66666666666667,28.57142857142857,0.0,0.0,0.0,0.0
663616,Trevor Larnach,MIN,L,Cutter,FC,8,6.6115702479338845,90.9375,2362.125,-0.05500000000000001,0.7050000000000001,0.0,25.0,50.0,0.0,50.0,95.5,0.52,0.0
663616,Trevor Larnach,MIN,L,Curveball,CU,4,3.3057851239669422,80.675,2534.25,0.7175,-1.055,66.66666666666666,75.0,100.0,0.0,75.0,98.6,0.219,0.0
663616,Trevor Larnach,MIN,L,Sweeper,ST,2,1.6528925619834711,82.45,2574.0,1.065,-0.045,0.0,0.0,0.0,0.0,0.0,0.0,0.0,0.0
605170,Victor Caratini,MIN,S,4-Seam Fastball,FF,37,49.333333333333336,95.88648648648649,2365.972972972973,0.29486486486486485,1.357837837837838,0.0,13.513513513513514,43.24324324324324,14.285714285714285,68.75,85.34166666666665,0.3427077142857143,0.0
605170,Victor Caratini,MIN,S,Sinker,SI,18,24.0,95.15,2058.5,-0.49,0.835,12.5,38.88888888888889,55.55555555555556,50.0,40.0,89.84285714285714,0.21625,0.25
605170,Victor Caratini,MIN,S,Slider,SL,9,12.0,86.91111111111111,2372.4444444444443,-0.21222222222222223,0.15222222222222223,0.0,22.22222222222222,66.66666666666666,0.0,66.66666666666666,73.975,0.05,0.0
605170,Victor Caratini,MIN,S,Changeup,CH,5,6.666666666666667,90.26,1649.6,-0.5740000000000001,0.358,0.0,0.0,0.0,20.0,0.0,66.0,0.0,0.0
605170,Victor Caratini,MIN,S,Sweeper,ST,3,4.0,83.16666666666667,2645.6666666666665,1.3433333333333335,0.10333333333333333,0.0,66.66666666666666,100.0,0.0,33.33333333333333,91.3,0.185,0.0
605170,Victor Caratini,MIN,S,Curveball,CU,2,2.666666666666667,84.8,2824.0,-0.39,-1.16,100.0,100.0,0.0,100.0,0.0,0.0,0.0,0.0
605170,Victor Caratini,MIN,S,Split-Finger,FS,1,1.3333333333333335,82.8,1308.0,-0.93,0.11,0.0,0.0,0.0,0.0,0.0,0.0,0.697977,0.0
805805,Walker Jenkins,MIN,L,4-Seam Fastball,FF,7,29.166666666666668,92.10000000000001,2259.714285714286,0.7485714285714284,1.06,100.0,42.857142857142854,28.57142857142857,20.0,50.0,0.0,0.3489885,0.0
805805,Walker Jenkins,MIN,L,Cutter,FC,5,20.833333333333336,92.9,2338.0,0.178,0.638,33.33333333333333,40.0,60.0,50.0,66.66666666666666,77.9,0.227,1.0
805805,Walker Jenkins,MIN,L,Slider,SL,5,20.833333333333336,84.7,2416.4,-0.292,-0.13399999999999998,50.0,20.0,40.0,0.0,100.0,0.0,0.0,0.0
805805,Walker Jenkins,MIN,L,Changeup,CH,3,12.5,87.33333333333333,2002.3333333333333,-0.9866666666666667,0.06999999999999999,0.0,0.0,100.0,0.0,100.0,90.36666666666667,0.435,0.3333333333333333
805805,Walker Jenkins,MIN,L,Sweeper,ST,3,12.5,81.43333333333334,2477.6666666666665,0.4133333333333333,-0.06666666666666667,0.0,33.33333333333333,66.66666666666666,0.0,50.0,84.3,0.0,0.0
805805,Walker Jenkins,MIN,L,Sinker,SI,1,4.166666666666666,94.1,2254.0,1.11,0.39,0.0,0.0,100.0,0.0,100.0,76.1,0.036,0.0
621439,,MIN,R,4-Seam Fastball,FF,57,29.84293193717277,95.97719298245613,2338.8245614035086,0.06842105263157895,1.3392982456140352,36.11111111111111,33.33333333333333,33.33333333333333,60.526315789473685,68.42105263157895,82.3,0.13706666666666667,0.13333333333333333
621439,,MIN,R,Changeup,CH,31,16.230366492146597,84.30000000000001,1436.3225806451612,0.46225806451612905,0.4619354838709678,20.0,12.903225806451612,32.25806451612903,9.523809523809524,80.0,84.225,0.3600756666666666,0.125
621439,,MIN,R,Slider,SL,31,16.230366492146597,87.14838709677419,2476.5666666666666,0.4287096774193549,0.11,50.0,35.483870967741936,32.25806451612903,19.047619047619047,20.0,102.90000000000002,0.60799425,1.0
621439,,MIN,R,Sinker,SI,21,10.99476439790576,93.54285714285714,2254.904761904762,-0.5519047619047619,0.94,0.0,9.523809523809524,61.904761904761905,0.0,92.3076923076923,80.05833333333334,0.6024365555555555,0.42857142857142855
621439,,MIN,R,Curveball,CU,18,9.424083769633508,80.6888888888889,2364.1111111111113,-0.3605555555555556,-0.633888888888889,14.285714285714285,16.666666666666664,22.22222222222222,28.57142857142857,75.0,91.0,0.0,0.0
621439,,MIN,R,Cutter,FC,17,8.900523560209423,90.26470588235294,2438.6875,0.12941176470588237,0.8635294117647059,10.0,35.294117647058826,76.47058823529412,0.0,76.92307692307693,85.77142857142857,0.5805,0.0
702176,,MIN,L,Sinker,SI,16,43.24324324324324,93.2375,2073.625,0.16249999999999998,0.92375,28.57142857142857,31.25,56.25,14.285714285714285,66.66666666666666,87.34,0.31379999999999997,0.4
621439,,MIN,R,Split-Finger,FS,10,5.2356020942408374,83.08,1202.6,-0.499,0.048,25.0,20.0,60.0,50.0,100.0,84.25,0.057499999999999996,0.0
702176,,MIN,L,4-Seam Fastball,FF,8,21.62162162162162,94.6875,2260.0,-0.45125,1.1725,0.0,0.0,25.0,16.666666666666664,100.0,62.36666666666667,0.5439923333333333,0.5
702176,,MIN,L,Cutter,FC,5,13.513513513513514,88.97999999999999,2359.0,0.184,0.6880000000000001,0.0,40.0,80.0,0.0,50.0,93.35,0.2785,0.0
621439,,MIN,R,Knuckle Curve,KC,4,2.094240837696335,79.9,2433.0,0.835,-0.98,25.0,25.0,25.0,100.0,100.0,76.0,0.2833333333333333,0.0
702176,,MIN,L,Slider,SL,3,8.108108108108109,87.3,2506.0,0.48666666666666664,0.16666666666666666,0.0,0.0,33.33333333333333,0.0,100.0,0.0,0.0,0.0
702176,,MIN,L,Changeup,CH,2,5.405405405405405,88.44999999999999,1251.0,-1.19,-0.010000000000000002,0.0,0.0,50.0,100.0,100.0,73.65,0.253,0.5
621439,,MIN,R,Sweeper,ST,1,0.5235602094240838,82.4,2615.0,1.19,-0.12,0.0,0.0,0.0,0.0,0.0,0.0,0.0,0.0
621439,,MIN,R,Unknown,UNK,1,0.5235602094240838,0.0,0.0,0.0,0.0,0.0,0.0,0.0,100.0,0.0,0.0,0.0,0.0
702176,,MIN,L,Curveball,CU,1,2.7027027027027026,81.7,2086.0,0.02,-0.24,0.0,0.0,100.0,0.0,100.0,20.7,0.0,0.0
702176,,MIN,L,Knuckle Curve,KC,1,2.7027027027027026,76.5,2225.0,0.25,-1.18,0.0,0.0,0.0,0.0,0.0,0.0,0.0,0.0
702176,,MIN,L,Split-Finger,FS,1,2.7027027027027026,84.2,1614.0,-1.15,0.5,0.0,0.0,0.0,100.0,0.0,85.7,0.422,0.0
805999,A.J. Ewing,NYM,L,4-Seam Fastball,FF,55,26.570048309178745,95.87454545454545,2359.109090909091,-0.29672727272727273,1.3009090909090908,6.25,10.909090909090908,50.90909090909091,33.33333333333333,82.14285714285714,79.064,0.2545795,0.0
805999,A.J. Ewing,NYM,L,Sinker,SI,52,25.120772946859905,96.03846153846153,2264.7884615384614,-0.47961538461538467,0.8126923076923076,19.35483870967742,34.61538461538461,71.15384615384616,40.0,67.56756756756756,81.828,0.2259,0.25
805999,A.J. Ewing,NYM,L,Changeup,CH,28,13.526570048309178,88.47857142857143,1809.392857142857,-1.2817857142857143,0.24714285714285714,41.66666666666667,25.0,35.714285714285715,22.22222222222222,80.0,77.98333333333333,0.1056,0.0
805999,A.J. Ewing,NYM,L,Slider,SL,25,12.077294685990339,86.676,2318.72,-0.0736,0.3064,31.25,28.000000000000004,56.00000000000001,36.36363636363637,85.71428571428571,72.78888888888889,0.14955555555555555,0.0
805999,A.J. Ewing,NYM,L,Sweeper,ST,13,6.280193236714976,82.63846153846154,2627.0,-0.01153846153846154,0.20692307692307693,57.14285714285714,46.15384615384615,69.23076923076923,0.0,77.77777777777779,72.55,0.07625,0.0
805999,A.J. Ewing,NYM,L,Cutter,FC,12,5.797101449275362,91.13333333333333,2560.25,0.21416666666666664,0.69,0.0,16.666666666666664,58.333333333333336,0.0,71.42857142857143,81.53999999999999,0.3895,0.25
805999,A.J. Ewing,NYM,L,Curveball,CU,7,3.3816425120772946,83.2,2477.8571428571427,0.4642857142857143,-0.5485714285714286,0.0,14.285714285714285,14.285714285714285,33.33333333333333,0.0,83.4,0.0,0.0
805999,A.J. Ewing,NYM,L,Knuckle Curve,KC,6,2.898550724637681,79.51666666666667,2403.5,0.19333333333333336,-1.2583333333333335,50.0,16.666666666666664,33.33333333333333,0.0,100.0,87.6,0.0405,0.0
805999,A.J. Ewing,NYM,L,Slurve,SV,6,2.898550724637681,81.76666666666667,2199.0,-0.6533333333333333,-0.24333333333333332,0.0,33.33333333333333,66.66666666666666,0.0,50.0,99.6,0.542,1.0
805999,A.J. Ewing,NYM,L,Split-Finger,FS,2,0.966183574879227,91.9,1314.0,-1.17,0.23,0.0,0.0,0.0,0.0,0.0,0.0,0.0,0.0
805999,A.J. Ewing,NYM,L,Pitch Out,PO,1,0.4830917874396135,93.2,2206.0,-0.65,1.4,0.0,0.0,0.0,0.0,0.0,0.0,0.0,0.0
666182,Bo Bichette,NYM,R,4-Seam Fastball,FF,86,38.05309734513274,94.84186046511627,2340.7093023255816,-0.027441860465116267,1.2806976744186047,11.538461538461538,18.6046511627907,52.32558139534884,41.46341463414634,77.77777777777779,84.33023255813954,0.3076412142857143,0.15384615384615385
666182,Bo Bichette,NYM,R,Sinker,SI,57,25.221238938053098,95.38245614035088,2196.4912280701756,-0.836140350877193,0.7978947368421052,16.666666666666664,36.84210526315789,57.89473684210527,29.166666666666668,51.515151515151516,84.65555555555555,0.21819846666666667,0.0
666182,Bo Bichette,NYM,R,Slider,SL,35,15.486725663716813,87.07714285714285,2368.4857142857145,0.25685714285714284,0.22685714285714287,28.57142857142857,22.857142857142858,31.428571428571427,50.0,81.81818181818183,79.36428571428571,0.2887777777777778,0.3333333333333333
666182,Bo Bichette,NYM,R,Changeup,CH,14,6.1946902654867255,88.35714285714286,1592.2857142857142,-0.03571428571428571,0.18642857142857142,22.22222222222222,28.57142857142857,42.857142857142854,62.5,66.66666666666666,77.57142857142857,0.558,1.0
666182,Bo Bichette,NYM,R,Cutter,FC,10,4.424778761061947,90.46000000000001,2329.6,0.22999999999999998,0.754,0.0,10.0,50.0,20.0,80.0,84.36,0.31766666666666665,0.3333333333333333
666182,Bo Bichette,NYM,R,Knuckle Curve,KC,10,4.424778761061947,82.59,2475.4,0.308,-0.43900000000000006,11.11111111111111,10.0,70.0,66.66666666666666,100.0,84.18333333333334,0.2222,0.4
666182,Bo Bichette,NYM,R,Slurve,SV,8,3.5398230088495577,81.875,2130.5,-0.77,-0.5175,0.0,0.0,0.0,75.0,0.0,85.10000000000001,0.501,0.5
666182,Bo Bichette,NYM,R,Sweeper,ST,3,1.3274336283185841,81.56666666666666,2445.3333333333335,-0.5433333333333333,0.16,0.0,0.0,66.66666666666666,0.0,100.0,94.3,0.163,0.0
666182,Bo Bichette,NYM,R,Split-Finger,FS,2,0.8849557522123894,82.0,1348.5,-0.855,0.51,0.0,0.0,50.0,0.0,100.0,96.3,0.156,0.0
666182,Bo Bichette,NYM,R,Curveball,CU,1,0.4424778761061947,82.9,3103.0,-1.07,-1.16,0.0,0.0,100.0,0.0,100.0,106.2,0.166,0.0
683146,Brett Baty,NYM,L,4-Seam Fastball,FF,43,36.75213675213676,96.21860465116278,2447.7906976744184,-0.5800000000000001,1.233953488372093,27.27272727272727,20.930232558139537,48.837209302325576,18.181818181818183,85.71428571428571,87.69285714285715,0.38689999999999997,0.3
683146,Brett Baty,NYM,L,Changeup,CH,20,17.094017094017094,86.825,1995.0,-1.3565,0.1625,0.0,0.0,35.0,15.384615384615385,100.0,72.6875,0.3613908,0.6666666666666666
683146,Brett Baty,NYM,L,Cutter,FC,16,13.675213675213676,91.11875,2484.5625,0.0975,0.75375,0.0,12.5,56.25,0.0,77.77777777777779,86.82857142857142,0.49275,0.5
683146,Brett Baty,NYM,L,Sinker,SI,13,11.11111111111111,95.25384615384615,2150.076923076923,-0.40692307692307694,0.7530769230769232,0.0,23.076923076923077,61.53846153846154,0.0,37.5,96.06666666666666,0.6913256666666666,1.0
683146,Brett Baty,NYM,L,Sweeper,ST,11,9.401709401709402,81.63636363636364,2570.0,0.33272727272727276,0.2509090909090909,16.666666666666664,36.36363636363637,72.72727272727273,33.33333333333333,62.5,86.8,0.1595,0.5
683146,Brett Baty,NYM,L,Slider,SL,7,5.982905982905983,86.12857142857142,2576.1428571428573,0.32,-0.06142857142857144,40.0,57.14285714285714,71.42857142857143,50.0,80.0,101.06666666666666,0.9123333333333333,0.3333333333333333
683146,Brett Baty,NYM,L,Knuckle Curve,KC,5,4.273504273504273,80.42,2582.6,0.744,-1.282,100.0,60.0,0.0,60.0,0.0,0.0,0.0,0.0
683146,Brett Baty,NYM,L,Curveball,CU,2,1.7094017094017095,83.4,2647.0,0.55,-1.43,100.0,100.0,0.0,100.0,0.0,0.0,0.0,0.0
701807,Carson Benge,NYM,L,4-Seam Fastball,FF,77,30.555555555555557,94.76883116883117,2382.2597402597403,-0.11766233766233765,1.2836363636363637,12.82051282051282,27.27272727272727,61.038961038961034,33.33333333333333,61.702127659574465,79.94848484848485,0.317,0.47368421052631576
701807,Carson Benge,NYM,L,Sinker,SI,45,17.857142857142858,95.14222222222222,2274.5777777777776,-0.3128888888888889,0.7693333333333333,29.166666666666668,40.0,64.44444444444444,50.0,55.172413793103445,85.12142857142858,0.47475,0.5
701807,Carson Benge,NYM,L,Slider,SL,29,11.507936507936508,86.49310344827587,2429.344827586207,-0.17413793103448275,0.3544827586206896,7.142857142857142,13.793103448275861,44.827586206896555,25.0,76.92307692307693,78.94615384615385,0.7996628333333332,0.5
701807,Carson Benge,NYM,L,Changeup,CH,25,9.920634920634921,85.85600000000001,1911.12,-1.2744,0.298,21.428571428571427,12.0,20.0,45.0,100.0,75.00909090909092,0.32557142857142857,0.5714285714285714
701807,Carson Benge,NYM,L,Cutter,FC,21,8.333333333333332,90.38095238095238,2478.6190476190477,0.27476190476190476,0.6552380952380952,16.666666666666664,28.57142857142857,66.66666666666666,28.57142857142857,71.42857142857143,73.69999999999999,0.26157142857142857,0.25
701807,Carson Benge,NYM,L,Sweeper,ST,18,7.142857142857142,81.05000000000001,2456.4444444444443,0.15722222222222224,0.019444444444444455,0.0,27.77777777777778,44.44444444444444,10.0,37.5,80.875,0.236,1.0
701807,Carson Benge,NYM,L,Knuckle Curve,KC,12,4.761904761904762,79.925,2465.1666666666665,0.6033333333333334,-1.2641666666666667,28.57142857142857,33.33333333333333,50.0,50.0,66.66666666666666,78.16,0.03933333333333333,0.0
701807,Carson Benge,NYM,L,Slurve,SV,11,4.365079365079365,82.36363636363636,2179.5454545454545,-0.7327272727272728,0.011818181818181821,33.33333333333333,45.45454545454545,54.54545454545454,20.0,33.33333333333333,74.0,0.15266666666666667,0.0
701807,Carson Benge,NYM,L,Unknown,UNK,8,3.1746031746031744,0.0,0.0,0.0,0.0,0.0,0.0,0.0,0.0,0.0,0.0,0.0,0.0
701807,Carson Benge,NYM,L,Curveball,CU,5,1.984126984126984,86.08,2372.2,0.504,-0.78,66.66666666666666,60.0,40.0,66.66666666666666,50.0,100.4,0.1535,0.0
701807,Carson Benge,NYM,L,Split-Finger,FS,1,0.3968253968253968,83.0,1184.0,0.43,0.45,0.0,0.0,0.0,0.0,0.0,0.0,0.0,0.0
666624,Christopher Morel,NYM,R,Sinker,SI,18,28.125,96.77222222222223,2197.777777777778,0.1622222222222222,0.6677777777777778,0.0,27.77777777777778,61.111111111111114,14.285714285714285,45.45454545454545,82.96666666666665,0.3557954,0.25
666624,Christopher Morel,NYM,R,4-Seam Fastball,FF,15,23.4375,96.85333333333332,2437.8,-0.31133333333333335,1.3153333333333335,28.57142857142857,33.33333333333333,60.0,16.666666666666664,66.66666666666666,75.18,0.1691954,0.0
666624,Christopher Morel,NYM,R,Curveball,CU,6,9.375,81.3,2722.5,-0.7599999999999999,-1.195,0.0,0.0,0.0,0.0,0.0,0.0,0.0,0.0
666624,Christopher Morel,NYM,R,Sweeper,ST,6,9.375,81.10000000000001,2519.0,-0.2333333333333333,0.165,50.0,50.0,50.0,33.33333333333333,33.33333333333333,65.9,0.02,0.0
666624,Christopher Morel,NYM,R,Slider,SL,5,7.8125,87.92,2275.6,-0.030000000000000006,0.512,0.0,40.0,40.0,0.0,0.0,0.0,0.0,0.0
666624,Christopher Morel,NYM,R,Changeup,CH,4,6.25,89.2,1886.25,1.21,0.28500000000000003,0.0,0.0,0.0,25.0,0.0,100.3,0.031,0.0
666624,Christopher Morel,NYM,R,Cutter,FC,4,6.25,92.875,2568.5,0.037500000000000006,0.695,0.0,25.0,75.0,0.0,66.66666666666666,83.15,0.907,1.0
666624,Christopher Morel,NYM,R,Knuckle Curve,KC,4,6.25,82.65,2372.25,-0.11249999999999999,-0.3025,100.0,75.0,0.0,50.0,0.0,0.0,0.0,0.0
666624,Christopher Morel,NYM,R,Slurve,SV,2,3.125,83.6,3072.5,-1.685,-0.495,100.0,50.0,50.0,100.0,0.0,0.0,0.0,0.0
665506,Cristian Pache,NYM,R,4-Seam Fastball,FF,3,42.857142857142854,95.0,2313.6666666666665,-0.8099999999999999,0.9933333333333333,0.0,0.0,66.66666666666666,0.0,100.0,81.75,0.005,0.0
665506,Cristian Pache,NYM,R,Sweeper,ST,3,42.857142857142854,81.8,2626.6666666666665,1.0133333333333334,0.10999999999999999,50.0,33.33333333333333,33.33333333333333,50.0,100.0,60.9,0.0,0.0
665506,Cristian Pache,NYM,R,Sinker,SI,1,14.285714285714285,93.7,2200.0,-1.3,0.16,0.0,0.0,100.0,0.0,100.0,82.8,0.0,0.0
682626,Francisco Alvarez,NYM,R,4-Seam Fastball,FF,63,33.33333333333333,94.5031746031746,2347.714285714286,-0.10936507936507936,1.358253968253968,48.275862068965516,36.507936507936506,30.158730158730158,38.63636363636363,63.1578947368421,84.8,0.06899999999999999,0.0
682626,Francisco Alvarez,NYM,R,Sinker,SI,38,20.105820105820104,95.3921052631579,2247.2368421052633,-0.3357894736842106,0.7810526315789473,25.0,34.21052631578947,44.73684210526316,14.285714285714285,29.411764705882355,92.2,0.3475478888888889,0.3333333333333333
682626,Francisco Alvarez,NYM,R,Slider,SL,29,15.343915343915343,87.29655172413793,2478.448275862069,0.19137931034482758,0.18482758620689654,55.55555555555556,48.275862068965516,37.93103448275862,55.55555555555556,72.72727272727273,75.33333333333333,0.14150000000000001,0.0
682626,Francisco Alvarez,NYM,R,Sweeper,ST,26,13.756613756613756,82.35769230769232,2614.423076923077,0.27115384615384613,-0.048846153846153845,25.0,38.46153846153847,61.53846153846154,30.0,56.25,74.94444444444444,0.34299999999999997,0.3333333333333333
682626,Francisco Alvarez,NYM,R,Changeup,CH,16,8.465608465608465,87.8875,1773.375,0.12687500000000002,0.37312500000000004,66.66666666666666,62.5,68.75,20.0,45.45454545454545,89.2,0.912,1.0
682626,Francisco Alvarez,NYM,R,Cutter,FC,11,5.82010582010582,90.2,2342.7272727272725,0.16909090909090907,0.5627272727272727,57.14285714285714,36.36363636363637,36.36363636363637,42.857142857142854,100.0,71.96666666666665,0.032,0.0
682626,Francisco Alvarez,NYM,R,Split-Finger,FS,4,2.1164021164021163,83.8,1255.25,0.7825,-0.05499999999999999,0.0,0.0,25.0,0.0,100.0,87.5,0.451,0.0
682626,Francisco Alvarez,NYM,R,Knuckle Curve,KC,2,1.0582010582010581,80.0,2504.0,0.71,-1.29,100.0,100.0,0.0,100.0,0.0,0.0,0.0,0.0
596019,Francisco Lindor,NYM,S,4-Seam Fastball,FF,89,37.238493723849366,95.138202247191,2365.1011235955057,0.06674157303370787,1.3121348314606742,21.428571428571427,32.58426966292135,50.56179775280899,36.36363636363637,57.77777777777777,85.8967741935484,0.27575908000000005,0.3333333333333333
596019,Francisco Lindor,NYM,S,Slider,SL,40,16.736401673640167,87.6775,2418.525,0.058750000000000004,0.299,17.647058823529413,25.0,45.0,27.27272727272727,61.111111111111114,86.125,0.14369769999999998,0.0
596019,Francisco Lindor,NYM,S,Cutter,FC,25,10.460251046025103,90.74799999999999,2503.28,0.2768,0.6823999999999999,28.57142857142857,28.000000000000004,52.0,33.33333333333333,76.92307692307693,85.16,0.3798295,0.2
596019,Francisco Lindor,NYM,S,Sinker,SI,24,10.0418410041841,95.21249999999999,2270.9166666666665,-0.0466666666666667,0.9245833333333334,11.11111111111111,37.5,62.5,11.11111111111111,53.333333333333336,88.37142857142858,0.08349999999999999,0.0
596019,Francisco Lindor,NYM,S,Changeup,CH,16,6.694560669456067,86.98125,1817.875,0.17625000000000002,0.36375,0.0,12.5,37.5,40.0,66.66666666666666,87.5375,0.24842857142857142,0.0
596019,Francisco Lindor,NYM,S,Knuckle Curve,KC,15,6.2761506276150625,79.74,2453.0666666666666,0.5700000000000001,-1.0473333333333334,0.0,40.0,53.333333333333336,14.285714285714285,25.0,86.7,0.307,0.0
596019,Francisco Lindor,NYM,S,Sweeper,ST,12,5.02092050209205,82.39999999999999,2627.0833333333335,0.43999999999999995,0.10333333333333333,42.857142857142854,41.66666666666667,50.0,66.66666666666666,50.0,67.5,0.1105,0.0
596019,Francisco Lindor,NYM,S,Slurve,SV,9,3.765690376569038,81.93333333333334,2220.0,-0.7933333333333333,-0.47000000000000003,0.0,22.22222222222222,22.22222222222222,0.0,0.0,0.0,0.697977,0.0
596019,Francisco Lindor,NYM,S,Curveball,CU,7,2.928870292887029,86.0,2604.0,-0.11571428571428573,-0.7714285714285715,60.0,42.857142857142854,28.57142857142857,60.0,100.0,86.5,0.0,0.0
596019,Francisco Lindor,NYM,S,Split-Finger,FS,2,0.8368200836820083,82.69999999999999,1210.0,0.06499999999999995,-0.06,0.0,0.0,0.0,50.0,0.0,76.7,0.047,0.0
676724,Jared Young,NYM,L,4-Seam Fastball,FF,84,39.81042654028436,94.57261904761906,2335.4166666666665,-0.09166666666666666,1.2601190476190476,20.51282051282051,23.809523809523807,51.19047619047619,19.51219512195122,72.09302325581395,79.848,0.1916875,0.125
676724,Jared Young,NYM,L,Sweeper,ST,24,11.374407582938389,80.925,2526.0416666666665,-0.4654166666666666,0.01291666666666666,50.0,33.33333333333333,16.666666666666664,50.0,50.0,82.21666666666667,0.2666,0.2
676724,Jared Young,NYM,L,Slider,SL,22,10.42654028436019,86.69090909090909,2455.5454545454545,-0.039999999999999994,0.1668181818181818,20.0,27.27272727272727,68.18181818181817,57.14285714285714,73.33333333333333,88.34166666666665,0.3148888888888889,0.4444444444444444
676724,Jared Young,NYM,L,Changeup,CH,21,9.95260663507109,88.12380952380951,2044.6190476190477,-1.310952380952381,0.1542857142857143,26.666666666666668,28.57142857142857,42.857142857142854,66.66666666666666,77.77777777777779,69.21111111111111,0.22883333333333333,0.5
676724,Jared Young,NYM,L,Cutter,FC,18,8.530805687203792,90.57222222222222,2506.3333333333335,0.3011111111111111,0.7222222222222222,0.0,27.77777777777778,44.44444444444444,70.0,37.5,74.075,0.2178,0.2
676724,Jared Young,NYM,L,Sinker,SI,18,8.530805687203792,95.6888888888889,2127.1666666666665,0.20833333333333334,0.6383333333333333,11.11111111111111,27.77777777777778,72.22222222222221,0.0,69.23076923076923,81.54285714285713,0.1142,0.2
676724,Jared Young,NYM,L,Knuckle Curve,KC,13,6.161137440758294,80.9076923076923,2595.769230769231,0.7138461538461538,-1.2969230769230768,0.0,15.384615384615385,69.23076923076923,50.0,77.77777777777779,94.63333333333333,0.29625,0.5
676724,Jared Young,NYM,L,Slurve,SV,8,3.7914691943127963,83.9,2240.75,-0.51,0.12,50.0,25.0,25.0,33.33333333333333,100.0,96.5,0.513,0.0
676724,Jared Young,NYM,L,Curveball,CU,3,1.4218009478672986,83.83333333333333,2553.0,0.5933333333333333,-1.0033333333333332,0.0,0.0,0.0,0.0,0.0,0.0,0.0,0.0
665742,Juan Soto,NYM,L,Changeup,CH,6,30.0,84.5,1962.5,-1.2566666666666666,0.525,50.0,33.33333333333333,33.33333333333333,25.0,50.0,0.0,0.0,0.0
665742,Juan Soto,NYM,L,4-Seam Fastball,FF,4,20.0,94.85,2246.75,-0.08,1.595,0.0,25.0,25.0,33.33333333333333,100.0,94.8,0.005,0.0
665742,Juan Soto,NYM,L,Sweeper,ST,4,20.0,82.45,2516.75,0.8075,0.305,50.0,25.0,50.0,0.0,100.0,100.7,0.628,0.0
665742,Juan Soto,NYM,L,Knuckle Curve,KC,3,15.0,79.53333333333335,2972.3333333333335,1.0433333333333332,-0.93,0.0,0.0,33.33333333333333,50.0,100.0,57.6,0.558,1.0
665742,Juan Soto,NYM,L,Slider,SL,2,10.0,85.7,2008.5,0.105,0.705,0.0,0.0,50.0,0.0,100.0,94.0,0.005,0.0
665742,Juan Soto,NYM,L,Unknown,UNK,1,5.0,0.0,0.0,0.0,0.0,0.0,0.0,0.0,0.0,0.0,0.0,0.0,0.0
673357,Luis Robert Jr.,NYM,R,4-Seam Fastball,FF,56,28.717948717948715,95.89821428571429,2405.5535714285716,-0.275,1.2735714285714284,15.789473684210526,16.071428571428573,46.42857142857143,50.0,88.46153846153845,82.51333333333334,0.7916905384615386,0.6666666666666666
673357,Luis Robert Jr.,NYM,R,Sinker,SI,46,23.589743589743588,95.84565217391304,2235.8260869565215,-0.6791304347826087,0.8713043478260869,15.384615384615385,15.217391304347828,58.69565217391305,15.789473684210526,85.18518518518519,86.6047619047619,0.4040581875,0.23076923076923078
673357,Luis Robert Jr.,NYM,R,Slider,SL,31,15.897435897435896,87.14193548387097,2359.1612903225805,0.0832258064516129,0.2967741935483871,42.857142857142854,32.25806451612903,45.16129032258064,23.52941176470588,71.42857142857143,99.25,0.2711977,0.0
673357,Luis Robert Jr.,NYM,R,Changeup,CH,18,9.230769230769232,86.6888888888889,1927.4444444444443,-0.205,0.09722222222222222,66.66666666666666,22.22222222222222,16.666666666666664,20.0,100.0,88.6,0.2765,0.5
673357,Luis Robert Jr.,NYM,R,Knuckle Curve,KC,13,6.666666666666667,85.43076923076923,2581.230769230769,0.08538461538461538,-0.4338461538461538,100.0,30.76923076923077,0.0,30.76923076923077,0.0,0.0,0.46531799999999995,0.0
673357,Luis Robert Jr.,NYM,R,Cutter,FC,12,6.153846153846154,90.19166666666666,2480.3333333333335,0.13083333333333333,0.775,14.285714285714285,25.0,58.333333333333336,40.0,71.42857142857143,86.42,0.6327954,0.5
673357,Luis Robert Jr.,NYM,R,Curveball,CU,8,4.102564102564102,82.5875,2671.375,-0.12749999999999997,-1.2825,0.0,0.0,37.5,0.0,100.0,81.0,0.0,0.0
673357,Luis Robert Jr.,NYM,R,Sweeper,ST,8,4.102564102564102,82.8125,2672.0,0.5687500000000001,0.23875000000000002,0.0,50.0,62.5,0.0,20.0,84.9,0.006,0.0
673357,Luis Robert Jr.,NYM,R,Slurve,SV,2,1.0256410256410255,81.1,2132.0,-0.87,0.01,0.0,0.0,100.0,0.0,100.0,97.0,0.614,0.0
673357,Luis Robert Jr.,NYM,R,Split-Finger,FS,1,0.5128205128205128,85.0,1169.0,0.92,-0.29,0.0,0.0,0.0,0.0,0.0,0.0,0.0,0.0
620443,Luis Torrens,NYM,R,4-Seam Fastball,FF,37,38.144329896907216,94.93513513513513,2312.7837837837837,0.25405405405405407,1.3902702702702703,15.789473684210526,29.72972972972973,45.94594594594595,50.0,52.94117647058824,84.00909090909092,0.3605714285714286,0.2857142857142857
620443,Luis Torrens,NYM,R,Sinker,SI,13,13.402061855670103,94.63076923076923,2138.230769230769,-1.01,0.8461538461538461,0.0,15.384615384615385,53.84615384615385,66.66666666666666,71.42857142857143,79.27777777777777,0.3778,0.4
620443,Luis Torrens,NYM,R,Slider,SL,12,12.371134020618557,87.56666666666666,2453.5,0.3841666666666667,0.1075,50.0,50.0,50.0,0.0,33.33333333333333,97.1,0.17,0.0
620443,Luis Torrens,NYM,R,Changeup,CH,8,8.24742268041237,83.35000000000001,2163.875,-0.08750000000000005,0.35,0.0,0.0,75.0,50.0,100.0,91.42857142857143,0.6629999999999999,0.3333333333333333
620443,Luis Torrens,NYM,R,Slurve,SV,8,8.24742268041237,81.625,2133.5,-0.7125,-0.35,0.0,25.0,50.0,0.0,50.0,0.0,0.0,0.0
620443,Luis Torrens,NYM,R,Knuckle Curve,KC,7,7.216494845360824,85.52857142857144,2722.285714285714,0.33285714285714285,-0.8528571428571429,80.0,57.14285714285714,14.285714285714285,66.66666666666666,100.0,71.7,0.0,0.0
620443,Luis Torrens,NYM,R,Sweeper,ST,7,7.216494845360824,82.14285714285714,2708.5714285714284,1.1642857142857144,0.26285714285714284,33.33333333333333,28.57142857142857,28.57142857142857,20.0,100.0,64.5,0.0,0.0
620443,Luis Torrens,NYM,R,Cutter,FC,5,5.154639175257731,90.38000000000001,2399.2,-0.072,0.9199999999999999,0.0,40.0,80.0,0.0,50.0,96.5,0.45,1.0
543760,Marcus Semien,NYM,R,4-Seam Fastball,FF,42,22.340425531914892,94.72857142857143,2337.1428571428573,-0.012380952380952381,1.322857142857143,40.0,35.714285714285715,50.0,42.857142857142854,76.19047619047619,80.79285714285713,0.26287499999999997,0.375
543760,Marcus Semien,NYM,R,Sinker,SI,42,22.340425531914892,96.43095238095238,2195.190476190476,-0.7883333333333333,0.7157142857142856,4.545454545454546,9.523809523809524,57.14285714285714,5.555555555555555,87.5,89.71428571428571,0.4661149411764706,0.46153846153846156
543760,Marcus Semien,NYM,R,Slider,SL,37,19.680851063829788,87.75945945945946,2407.810810810811,0.14324324324324325,0.18702702702702703,15.0,16.216216216216218,45.94594594594595,30.0,82.35294117647058,81.89333333333335,0.30466475,0.18181818181818182
543760,Marcus Semien,NYM,R,Changeup,CH,19,10.106382978723403,89.28421052631579,1849.3157894736842,-0.1068421052631579,0.32210526315789473,12.5,15.789473684210526,47.368421052631575,10.0,77.77777777777779,86.14285714285714,0.29100000000000004,0.6
543760,Marcus Semien,NYM,R,Sweeper,ST,18,9.574468085106384,82.4388888888889,2563.0,0.4122222222222222,0.060000000000000005,12.5,11.11111111111111,33.33333333333333,25.0,83.33333333333334,91.80000000000001,0.249,0.25
543760,Marcus Semien,NYM,R,Cutter,FC,12,6.382978723404255,90.69166666666666,2317.5833333333335,0.20916666666666664,0.9049999999999999,40.0,41.66666666666667,50.0,33.33333333333333,50.0,65.0,0.26549425,0.0
543760,Marcus Semien,NYM,R,Slurve,SV,10,5.319148936170213,81.96000000000001,2381.2,-0.951,-0.363,42.857142857142854,40.0,50.0,60.0,80.0,55.2,0.085,0.0
543760,Marcus Semien,NYM,R,Curveball,CU,3,1.5957446808510638,80.83333333333333,2628.3333333333335,0.4033333333333333,-0.6266666666666667,0.0,33.33333333333333,33.33333333333333,50.0,0.0,87.1,0.409,0.0
543760,Marcus Semien,NYM,R,Knuckle Curve,KC,3,1.5957446808510638,80.46666666666665,2221.0,0.01999999999999998,-0.8366666666666666,0.0,33.33333333333333,100.0,0.0,66.66666666666666,84.75,0.357,0.0
543760,Marcus Semien,NYM,R,Split-Finger,FS,2,1.0638297872340425,80.95,1143.5,-0.78,0.44999999999999996,0.0,50.0,50.0,0.0,100.0,91.8,0.605,1.0
676572,,NYM,R,4-Seam Fastball,FF,16,41.02564102564102,94.5875,2365.0625,1.06375,1.229375,40.0,37.5,81.25,66.66666666666666,100.0,77.9,0.1565,0.0
676572,,NYM,R,Slurve,SV,10,25.64102564102564,82.35,2258.1,-0.969,-0.324,50.0,30.0,10.0,44.44444444444444,0.0,0.0,0.0,0.0
676572,,NYM,R,Slider,SL,6,15.384615384615385,88.86666666666667,2348.3333333333335,-0.16333333333333333,0.5266666666666667,0.0,0.0,0.0,33.33333333333333,0.0,108.5,0.661,1.0
676572,,NYM,R,Sinker,SI,4,10.256410256410255,98.35,2272.0,-1.565,0.6399999999999999,0.0,0.0,50.0,100.0,100.0,108.7,0.094,0.0
593871,,NYM,R,Split-Finger,FS,3,27.27272727272727,84.39999999999999,1153.6666666666667,0.9033333333333333,0.04333333333333337,50.0,33.33333333333333,33.33333333333333,50.0,100.0,69.9,0.0,0.0
593871,,NYM,R,Cutter,FC,2,18.181818181818183,89.94999999999999,2399.0,0.41000000000000003,0.99,0.0,50.0,100.0,0.0,50.0,73.2,0.0,0.0
593871,,NYM,R,Sinker,SI,2,18.181818181818183,92.3,2126.0,0.1050000000000001,0.9,0.0,0.0,50.0,0.0,100.0,87.8,0.013,0.0
593871,,NYM,R,Sweeper,ST,2,18.181818181818183,83.1,2699.0,-1.075,0.26,0.0,0.0,50.0,0.0,100.0,66.3,0.734,1.0
676572,,NYM,R,Sweeper,ST,2,5.128205128205128,80.6,2699.0,-0.67,-0.37,0.0,100.0,100.0,0.0,0.0,0.0,0.0,0.0
593871,,NYM,R,4-Seam Fastball,FF,1,9.090909090909092,92.3,2255.0,-0.44,1.44,0.0,0.0,0.0,0.0,0.0,0.0,0.0,0.0
593871,,NYM,R,Changeup,CH,1,9.090909090909092,90.2,1139.0,-0.82,0.42,0.0,0.0,100.0,0.0,100.0,87.8,0.284,0.0
676572,,NYM,R,Curveball,CU,1,2.564102564102564,82.9,2990.0,-1.0,-0.99,0.0,0.0,100.0,0.0,100.0,88.5,0.042,0.0
645305,Ali Sánchez,NYY,R,4-Seam Fastball,FF,13,38.23529411764706,92.82307692307693,2254.3076923076924,-0.18,1.16,0.0,30.76923076923077,38.46153846153847,0.0,40.0,76.2,0.0,0.0
645305,Ali Sánchez,NYY,R,Sinker,SI,5,14.705882352941178,92.72,2140.2,-0.86,0.6599999999999999,100.0,100.0,20.0,100.0,0.0,0.0,0.0,0.0
645305,Ali Sánchez,NYY,R,Sweeper,ST,5,14.705882352941178,81.12,2658.0,0.72,0.176,0.0,0.0,40.0,0.0,100.0,81.5,0.0,0.0
645305,Ali Sánchez,NYY,R,Changeup,CH,4,11.76470588235294,83.6,1942.5,1.24,0.46,33.33333333333333,50.0,25.0,100.0,0.0,94.5,0.0,0.0
645305,Ali Sánchez,NYY,R,Curveball,CU,4,11.76470588235294,77.85,2838.5,1.2999999999999998,-0.75,100.0,100.0,0.0,100.0,0.0,0.0,0.0,0.0
645305,Ali Sánchez,NYY,R,Cutter,FC,3,8.823529411764707,89.16666666666667,2392.0,0.09666666666666668,0.9866666666666667,0.0,0.0,33.33333333333333,0.0,100.0,102.3,0.342,0.0
642708,Amed Rosario,NYY,R,Changeup,CH,8,26.666666666666668,85.8,1949.0,1.035,0.5275,75.0,37.5,12.5,42.857142857142854,100.0,105.4,0.6,0.0
642708,Amed Rosario,NYY,R,Sinker,SI,8,26.666666666666668,92.575,2070.875,0.58125,0.5862499999999999,20.0,37.5,62.5,66.66666666666666,60.0,78.4,0.131,0.5
642708,Amed Rosario,NYY,R,Cutter,FC,7,23.333333333333332,89.85714285714286,2546.0,-0.10571428571428573,0.8642857142857142,0.0,0.0,14.285714285714285,0.0,100.0,108.4,0.7856513333333334,1.0
642708,Amed Rosario,NYY,R,4-Seam Fastball,FF,6,20.0,93.41666666666667,2237.0,0.5216666666666666,1.1500000000000001,25.0,33.33333333333333,50.0,66.66666666666666,66.66666666666666,89.10000000000001,0.09566666666666668,0.0
642708,Amed Rosario,NYY,R,Slider,SL,1,3.3333333333333335,84.4,2552.0,-0.34,-0.01,0.0,0.0,100.0,0.0,100.0,102.3,1.254,0.0
669224,Austin Wells,NYY,L,4-Seam Fastball,FF,44,20.754716981132077,95.42045454545455,2285.181818181818,-0.48227272727272724,1.2854545454545454,21.052631578947366,31.818181818181817,50.0,36.36363636363637,50.0,86.61333333333333,0.1655952,0.1111111111111111
669224,Austin Wells,NYY,L,Slider,SL,39,18.39622641509434,88.06923076923077,2597.8205128205127,0.11487179487179489,0.20692307692307693,38.88888888888889,23.076923076923077,33.33333333333333,26.923076923076923,84.61538461538461,84.88181818181819,0.2831954,0.25
669224,Austin Wells,NYY,L,Changeup,CH,32,15.09433962264151,86.503125,1757.8125,-1.1278125,0.55125,14.285714285714285,6.25,34.375,14.285714285714285,100.0,78.8,0.4283954,0.25
669224,Austin Wells,NYY,L,Sinker,SI,29,13.679245283018867,94.83793103448276,2119.6206896551726,-0.3472413793103448,0.7510344827586207,38.46153846153847,44.827586206896555,62.06896551724138,27.27272727272727,55.55555555555556,81.32857142857142,0.2313594545454545,0.2222222222222222
669224,Austin Wells,NYY,L,Sweeper,ST,23,10.849056603773585,81.73478260869565,2602.391304347826,0.20347826086956525,0.0908695652173913,25.0,30.434782608695656,43.47826086956522,23.076923076923077,50.0,86.01666666666667,0.006999999999999999,0.0
669224,Austin Wells,NYY,L,Knuckle Curve,KC,18,8.49056603773585,84.8111111111111,2460.6666666666665,0.28555555555555556,-0.79,37.5,33.33333333333333,33.33333333333333,50.0,33.33333333333333,87.36666666666667,0.0,0.0
669224,Austin Wells,NYY,L,Curveball,CU,13,6.132075471698113,81.37692307692308,2536.4615384615386,0.47923076923076924,-0.9646153846153847,16.666666666666664,15.384615384615385,38.46153846153847,25.0,80.0,66.38,0.0,0.0
669224,Austin Wells,NYY,L,Cutter,FC,8,3.7735849056603774,90.4375,2343.0,-0.08500000000000002,0.67875,0.0,12.5,37.5,0.0,66.66666666666666,84.9,0.052,0.0
669224,Austin Wells,NYY,L,Split-Finger,FS,4,1.8867924528301887,91.85,1705.0,-1.2175,-0.10749999999999998,0.0,0.0,25.0,0.0,100.0,82.1,0.239,0.0
669224,Austin Wells,NYY,L,Slurve,SV,1,0.4716981132075472,79.1,2537.0,1.15,-1.07,0.0,0.0,100.0,0.0,100.0,105.4,0.824,1.0
669224,Austin Wells,NYY,L,Unknown,UNK,1,0.4716981132075472,0.0,0.0,0.0,0.0,0.0,0.0,0.0,0.0,0.0,0.0,0.0,0.0
700250,Ben Rice,NYY,L,Sinker,SI,63,25.301204819277107,92.84920634920636,2107.0476190476193,-0.33714285714285713,0.5306349206349207,7.4074074074074066,19.047619047619047,50.79365079365079,19.35483870967742,65.625,89.5086956521739,0.4504928,0.35294117647058826
700250,Ben Rice,NYY,L,4-Seam Fastball,FF,41,16.46586345381526,95.27560975609757,2258.4634146341464,-0.47195121951219515,1.2865853658536586,14.285714285714285,26.82926829268293,56.09756097560976,38.88888888888889,60.86956521739131,89.75882352941177,0.5323810769230769,0.2727272727272727
700250,Ben Rice,NYY,L,Changeup,CH,35,14.056224899598394,86.31714285714285,1777.6857142857143,-0.8145714285714286,0.6731428571428572,16.666666666666664,17.142857142857142,51.42857142857142,17.647058823529413,83.33333333333334,81.76153846153846,0.2542824285714286,0.16666666666666666
700250,Ben Rice,NYY,L,Slider,SL,30,12.048192771084338,86.09333333333333,2359.233333333333,-0.2866666666666667,0.115,43.75,36.666666666666664,36.666666666666664,47.368421052631575,63.63636363636363,75.68571428571428,0.4585648571428571,0.4
700250,Ben Rice,NYY,L,Cutter,FC,26,10.441767068273093,90.08461538461538,2407.153846153846,0.09884615384615383,0.7953846153846154,10.0,23.076923076923077,53.84615384615385,0.0,71.42857142857143,81.94285714285715,0.3968256666666667,0.25
700250,Ben Rice,NYY,L,Sweeper,ST,24,9.63855421686747,82.55833333333334,2582.875,-0.4708333333333334,0.03833333333333332,25.0,29.166666666666668,41.66666666666667,14.285714285714285,20.0,73.86666666666666,0.39998849999999997,0.0
700250,Ben Rice,NYY,L,Curveball,CU,13,5.220883534136546,81.4076923076923,2482.0,0.4015384615384615,-0.7753846153846153,60.0,23.076923076923077,30.76923076923077,11.11111111111111,100.0,79.7,0.0,0.0
700250,Ben Rice,NYY,L,Knuckle Curve,KC,9,3.614457831325301,86.13333333333334,2393.5555555555557,0.36777777777777776,-0.5933333333333333,50.0,33.33333333333333,44.44444444444444,20.0,75.0,70.0,0.0,0.0
700250,Ben Rice,NYY,L,Split-Finger,FS,8,3.2128514056224895,88.8625,1240.75,-1.05,0.375,100.0,25.0,12.5,14.285714285714285,100.0,0.0,0.0,0.0
641355,Cody Bellinger,NYY,L,4-Seam Fastball,FF,34,31.48148148148148,94.1029411764706,2166.205882352941,-0.1726470588235294,1.1732352941176472,0.0,11.76470588235294,52.94117647058824,25.0,77.77777777777779,88.72777777777777,0.4674269285714286,0.2727272727272727
641355,Cody Bellinger,NYY,L,Sinker,SI,30,27.77777777777778,95.45333333333333,2122.1,-0.15399999999999997,0.7176666666666667,14.285714285714285,16.666666666666664,56.666666666666664,46.15384615384615,88.23529411764706,78.11764705882354,0.3262222222222222,0.3333333333333333
641355,Cody Bellinger,NYY,L,Changeup,CH,12,11.11111111111111,86.66666666666667,1748.0,-0.7908333333333334,0.43583333333333335,0.0,8.333333333333332,16.666666666666664,20.0,100.0,81.85,0.04,0.0
641355,Cody Bellinger,NYY,L,Slider,SL,10,9.25925925925926,84.58,2288.7,-0.5609999999999999,0.11699999999999999,16.666666666666664,30.0,70.0,33.33333333333333,71.42857142857143,78.0,0.022,0.0
641355,Cody Bellinger,NYY,L,Cutter,FC,7,6.481481481481481,89.97142857142856,2314.1428571428573,0.17142857142857146,0.7271428571428571,14.285714285714285,14.285714285714285,71.42857142857143,100.0,100.0,75.62,0.0,0.0
641355,Cody Bellinger,NYY,L,Sweeper,ST,7,6.481481481481481,80.51428571428572,2457.285714285714,-0.2571428571428571,0.022857142857142857,0.0,14.285714285714285,28.57142857142857,40.0,50.0,57.366666666666674,0.264,0.0
641355,Cody Bellinger,NYY,L,Split-Finger,FS,4,3.7037037037037033,93.225,1689.25,-1.2975,0.0675,50.0,50.0,0.0,100.0,0.0,78.6,0.0,0.0
641355,Cody Bellinger,NYY,L,Knuckle Curve,KC,3,2.7777777777777777,85.53333333333335,2283.3333333333335,1.0466666666666666,-0.48,0.0,100.0,100.0,0.0,0.0,0.0,0.0,0.0
641355,Cody Bellinger,NYY,L,Slurve,SV,1,0.9259259259259258,80.3,2367.0,0.99,-1.17,0.0,100.0,100.0,0.0,0.0,0.0,0.0,0.0
806146,George Lombard Jr.,NYY,R,4-Seam Fastball,FF,60,28.436018957345972,94.21833333333333,2248.2,-0.3156666666666667,1.346,4.545454545454546,26.666666666666668,58.333333333333336,16.0,51.42857142857142,87.61875,0.3006118461538461,0.2727272727272727
806146,George Lombard Jr.,NYY,R,Sinker,SI,56,26.540284360189574,93.74464285714285,2135.0714285714284,-0.8771428571428571,0.5780357142857142,30.0,28.57142857142857,46.42857142857143,36.666666666666664,73.07692307692307,81.11904761904762,0.21063157894736842,0.3157894736842105
806146,George Lombard Jr.,NYY,R,Slider,SL,36,17.061611374407583,85.25555555555555,2395.1111111111113,0.22861111111111113,0.1336111111111111,40.0,36.11111111111111,47.22222222222222,42.10526315789473,70.58823529411765,80.36363636363636,0.12216666666666669,0.08333333333333333
806146,George Lombard Jr.,NYY,R,Changeup,CH,15,7.109004739336493,84.92,1705.4666666666667,0.09066666666666666,0.5806666666666668,0.0,13.333333333333334,40.0,22.22222222222222,66.66666666666666,76.78,0.3893256666666667,0.0
806146,George Lombard Jr.,NYY,R,Sweeper,ST,15,7.109004739336493,82.38666666666667,2582.133333333333,0.9513333333333333,0.17666666666666667,40.0,46.666666666666664,40.0,22.22222222222222,50.0,64.0,0.0,0.0
806146,George Lombard Jr.,NYY,R,Knuckle Curve,KC,11,5.213270142180095,86.07272727272728,2242.181818181818,0.09,-0.870909090909091,40.0,18.181818181818183,36.36363636363637,28.57142857142857,75.0,76.13333333333334,0.4755,0.0
806146,George Lombard Jr.,NYY,R,Cutter,FC,10,4.739336492890995,87.66,2202.3,0.05700000000000001,0.546,14.285714285714285,40.0,80.0,100.0,62.5,74.60000000000001,0.3938,0.5
806146,George Lombard Jr.,NYY,R,Curveball,CU,7,3.3175355450236967,81.81428571428572,2549.0,0.5628571428571428,-0.5942857142857143,0.0,28.57142857142857,57.14285714285714,33.33333333333333,25.0,80.6,0.0,0.0
806146,George Lombard Jr.,NYY,R,Unknown,UNK,1,0.47393364928909953,0.0,0.0,0.0,0.0,0.0,0.0,0.0,0.0,0.0,0.0,0.0,0.0
671218,Heliot Ramos,NYY,R,4-Seam Fastball,FF,38,25.333333333333336,94.32631578947368,2229.8684210526317,0.07052631578947367,1.2828947368421053,53.333333333333336,42.10526315789473,57.89473684210527,6.25,63.63636363636363,90.35000000000001,0.2637954,0.125
671218,Heliot Ramos,NYY,R,Sinker,SI,36,24.0,94.3138888888889,2152.9166666666665,-0.46499999999999997,0.6666666666666666,23.52941176470588,30.555555555555557,55.55555555555556,18.75,70.0,83.56923076923077,0.4355502222222223,0.375
671218,Heliot Ramos,NYY,R,Slider,SL,29,19.333333333333332,83.7551724137931,2566.655172413793,0.3920689655172414,0.37896551724137933,15.384615384615385,24.137931034482758,37.93103448275862,38.88888888888889,54.54545454545454,74.05454545454546,0.301992,0.2
671218,Heliot Ramos,NYY,R,Changeup,CH,15,10.0,84.75333333333333,1740.0666666666666,0.7446666666666667,0.6306666666666666,33.33333333333333,20.0,26.666666666666668,36.36363636363637,50.0,67.85,0.007,0.0
671218,Heliot Ramos,NYY,R,Sweeper,ST,11,7.333333333333333,81.39090909090909,2780.0,0.8409090909090909,-0.1690909090909091,100.0,36.36363636363637,18.181818181818183,22.22222222222222,0.0,0.0,0.0,0.0
671218,Heliot Ramos,NYY,R,Cutter,FC,8,5.333333333333334,88.9125,2452.25,-0.06875,0.79,0.0,12.5,25.0,33.33333333333333,50.0,71.56666666666668,0.057,0.0
671218,Heliot Ramos,NYY,R,Knuckle Curve,KC,8,5.333333333333334,83.7875,2457.5,0.135,-0.8724999999999999,50.0,50.0,12.5,42.857142857142854,100.0,91.9,0.697977,0.0
671218,Heliot Ramos,NYY,R,Curveball,CU,5,3.3333333333333335,76.47999999999999,2573.4,1.074,-0.776,66.66666666666666,80.0,80.0,100.0,50.0,71.0,0.0,0.0
665862,Jazz Chisholm Jr.,NYY,L,4-Seam Fastball,FF,62,32.460732984293195,94.97258064516129,2277.8064516129034,-0.44451612903225807,1.2493548387096776,16.666666666666664,20.967741935483872,56.451612903225815,29.629629629629626,80.0,82.41428571428571,0.34818828571428573,0.2631578947368421
665862,Jazz Chisholm Jr.,NYY,L,Changeup,CH,31,16.230366492146597,86.63225806451612,1677.4193548387098,-0.9887096774193548,0.5819354838709677,30.0,32.25806451612903,35.483870967741936,15.0,63.63636363636363,88.67142857142856,0.426,0.5
665862,Jazz Chisholm Jr.,NYY,L,Cutter,FC,25,13.089005235602095,90.508,2302.88,-0.013999999999999997,0.772,44.44444444444444,28.000000000000004,44.0,7.142857142857142,72.72727272727273,96.1,0.6258218333333333,0.3333333333333333
665862,Jazz Chisholm Jr.,NYY,L,Sinker,SI,21,10.99476439790576,94.33809523809524,2062.904761904762,-0.030952380952380926,0.5557142857142857,27.27272727272727,23.809523809523807,38.095238095238095,38.46153846153847,75.0,75.84285714285714,0.22025,0.25
665862,Jazz Chisholm Jr.,NYY,L,Slider,SL,16,8.37696335078534,87.60625,2444.875,0.02062499999999999,-0.07937500000000001,44.44444444444444,43.75,50.0,50.0,62.5,86.58,0.534,0.6666666666666666
665862,Jazz Chisholm Jr.,NYY,L,Curveball,CU,12,6.282722513089005,81.13333333333334,2581.5833333333335,0.6566666666666666,-0.8224999999999999,0.0,25.0,50.0,50.0,50.0,89.05,0.2731628333333333,0.2
665862,Jazz Chisholm Jr.,NYY,L,Knuckle Curve,KC,10,5.2356020942408374,84.72999999999999,2356.5,0.807,-0.711,40.0,30.0,30.0,42.857142857142854,66.66666666666666,92.7,0.0,0.0
665862,Jazz Chisholm Jr.,NYY,L,Sweeper,ST,9,4.712041884816754,79.74444444444445,2543.1111111111113,-0.07666666666666669,0.21444444444444447,20.0,22.22222222222222,44.44444444444444,40.0,75.0,91.35,0.168,0.0
665862,Jazz Chisholm Jr.,NYY,L,Split-Finger,FS,4,2.094240837696335,91.05,1567.25,-1.1475,0.155,0.0,0.0,25.0,0.0,100.0,76.2,0.048,0.0
665862,Jazz Chisholm Jr.,NYY,L,Slurve,SV,1,0.5235602094240838,79.2,2455.0,1.2,-0.99,0.0,100.0,100.0,0.0,0.0,0.0,0.0,0.0
676609,José Caballero,NYY,R,Slider,SL,43,25.146198830409354,86.39999999999999,2518.6744186046512,0.14837209302325582,0.29604651162790696,65.38461538461539,53.48837209302325,41.86046511627907,52.0,72.22222222222221,78.13333333333334,0.12364285714285714,0.14285714285714285
676609,José Caballero,NYY,R,4-Seam Fastball,FF,38,22.22222222222222,94.71842105263158,2224.2894736842104,-0.3857894736842105,1.2518421052631579,13.636363636363635,28.947368421052634,52.63157894736842,38.88888888888889,75.0,82.10000000000001,0.321869,0.2857142857142857
676609,José Caballero,NYY,R,Sinker,SI,30,17.543859649122805,93.65666666666667,2172.766666666667,-0.745,0.7466666666666666,0.0,16.666666666666664,66.66666666666666,40.0,65.0,92.53333333333333,0.5125936,0.07692307692307693
676609,José Caballero,NYY,R,Sweeper,ST,20,11.695906432748536,83.10499999999999,2602.1,1.0825,0.002499999999999998,28.57142857142857,20.0,20.0,31.25,50.0,62.839999999999996,0.13620000000000002,0.2
676609,José Caballero,NYY,R,Knuckle Curve,KC,12,7.017543859649122,86.3,2513.75,0.5658333333333333,-0.5425,50.0,25.0,25.0,11.11111111111111,33.33333333333333,99.3,0.045,0.0
676609,José Caballero,NYY,R,Cutter,FC,11,6.432748538011696,87.81818181818181,2260.818181818182,0.22727272727272727,0.6709090909090909,25.0,18.181818181818183,36.36363636363637,14.285714285714285,75.0,70.56666666666666,0.0,0.0
676609,José Caballero,NYY,R,Curveball,CU,10,5.847953216374268,78.37,2705.5,0.95,-0.8550000000000001,0.0,20.0,30.0,0.0,33.33333333333333,76.9,0.123,0.0
676609,José Caballero,NYY,R,Changeup,CH,6,3.508771929824561,84.41666666666667,1910.3333333333333,0.7716666666666666,0.4983333333333333,40.0,33.33333333333333,33.33333333333333,75.0,100.0,68.39999999999999,0.3413333333333333,0.3333333333333333
676609,José Caballero,NYY,R,Split-Finger,FS,1,0.5847953216374269,85.7,1374.0,-1.37,0.72,0.0,0.0,0.0,100.0,0.0,53.3,0.003,0.0
671277,Luis García Jr.,NYY,L,Sinker,SI,48,22.22222222222222,94.3125,2168.7083333333335,-0.7287499999999999,0.7218749999999999,17.857142857142858,20.833333333333336,45.83333333333333,42.30769230769231,77.27272727272727,85.29523809523809,0.5936977,0.6666666666666666
671277,Luis García Jr.,NYY,L,4-Seam Fastball,FF,44,20.37037037037037,94.39772727272727,2284.818181818182,-0.3893181818181818,1.366818181818182,20.833333333333336,34.090909090909086,56.81818181818182,57.89473684210527,52.0,85.27222222222223,0.5893954,0.375
671277,Luis García Jr.,NYY,L,Changeup,CH,38,17.59259259259259,86.8578947368421,1804.0,-1.223157894736842,0.4973684210526316,25.0,23.684210526315788,39.473684210526315,30.434782608695656,60.0,87.93333333333334,0.18715384615384614,0.23076923076923078
671277,Luis García Jr.,NYY,L,Slider,SL,19,8.796296296296296,85.23684210526316,2437.842105263158,-0.27894736842105267,0.15210526315789474,50.0,36.84210526315789,36.84210526315789,41.66666666666667,100.0,89.60000000000001,0.5693333333333334,0.6666666666666666
671277,Luis García Jr.,NYY,L,Knuckle Curve,KC,17,7.87037037037037,83.31176470588235,2570.235294117647,0.3711764705882353,-0.8564705882352941,25.0,5.88235294117647,5.88235294117647,18.75,100.0,86.9,0.3489885,0.0
671277,Luis García Jr.,NYY,L,Curveball,CU,15,6.944444444444445,79.24666666666667,2529.6,0.7073333333333333,-1.0113333333333334,0.0,0.0,40.0,33.33333333333333,100.0,77.37777777777778,0.42300000000000004,0.6666666666666666
671277,Luis García Jr.,NYY,L,Split-Finger,FS,15,6.944444444444445,90.03333333333333,1307.6,-0.9153333333333333,0.14866666666666667,30.0,20.0,40.0,55.55555555555556,83.33333333333334,76.98333333333333,0.11979999999999999,0.0
671277,Luis García Jr.,NYY,L,Cutter,FC,10,4.62962962962963,89.28999999999999,2272.6,0.027000000000000003,0.744,40.0,20.0,0.0,50.0,0.0,100.36666666666667,1.421,1.0
671277,Luis García Jr.,NYY,L,Slurve,SV,7,3.2407407407407405,80.95714285714287,2571.4285714285716,1.0671428571428572,-1.1642857142857144,0.0,14.285714285714285,57.14285714285714,0.0,75.0,86.45,0.0,0.0
671277,Luis García Jr.,NYY,L,Sweeper,ST,3,1.3888888888888888,83.76666666666667,2725.6666666666665,0.5666666666666667,0.2966666666666667,0.0,0.0,66.66666666666666,0.0,100.0,77.35,0.275,0.0
502671,Paul Goldschmidt,NYY,R,4-Seam Fastball,FF,24,33.80281690140845,92.32083333333333,2278.4166666666665,-0.27291666666666664,1.1570833333333332,42.857142857142854,37.5,62.5,22.22222222222222,80.0,79.12,0.0132,0.0
502671,Paul Goldschmidt,NYY,R,Sinker,SI,21,29.577464788732392,93.81428571428572,2165.6666666666665,-0.18857142857142856,0.7904761904761906,28.57142857142857,28.57142857142857,61.904761904761905,37.5,84.61538461538461,88.95,0.6281977000000001,0.3333333333333333
502671,Paul Goldschmidt,NYY,R,Changeup,CH,10,14.084507042253522,84.86,1725.3,1.0210000000000001,0.49399999999999994,0.0,20.0,50.0,40.0,60.0,85.56,0.224,0.0
502671,Paul Goldschmidt,NYY,R,Sweeper,ST,6,8.450704225352112,82.7,2691.6666666666665,0.8166666666666668,0.5599999999999999,100.0,33.33333333333333,33.33333333333333,0.0,100.0,0.0,0.0,0.0
502671,Paul Goldschmidt,NYY,R,Curveball,CU,5,7.042253521126761,76.24,2814.0,0.798,-0.756,0.0,40.0,40.0,66.66666666666666,0.0,54.3,0.0,0.0
502671,Paul Goldschmidt,NYY,R,Slider,SL,5,7.042253521126761,85.78,2304.2,-0.648,0.238,0.0,20.0,20.0,0.0,0.0,0.0,0.0,0.0
682987,Spencer Jones,NYY,L,4-Seam Fastball,FF,96,42.47787610619469,94.68541666666665,2268.4166666666665,-0.45489583333333333,1.2920833333333333,21.27659574468085,21.875,46.875,23.52941176470588,77.77777777777779,87.55833333333334,0.39664770000000005,0.2222222222222222
682987,Spencer Jones,NYY,L,Changeup,CH,28,12.389380530973451,86.26785714285714,1690.9642857142858,-1.1321428571428571,0.5982142857142857,50.0,28.57142857142857,28.57142857142857,40.0,100.0,78.9625,0.26280000000000003,0.25
682987,Spencer Jones,NYY,L,Sinker,SI,28,12.389380530973451,93.89285714285714,2056.1071428571427,-0.7664285714285715,0.55,18.75,17.857142857142858,46.42857142857143,26.666666666666668,92.3076923076923,85.86923076923077,0.5424418888888889,0.375
682987,Spencer Jones,NYY,L,Slider,SL,28,12.389380530973451,85.32857142857142,2471.1785714285716,0.007500000000000013,0.09785714285714286,35.714285714285715,28.57142857142857,35.714285714285715,27.77777777777778,90.0,83.51428571428572,0.127,0.14285714285714285
682987,Spencer Jones,NYY,L,Curveball,CU,24,10.619469026548673,78.125,2599.25,0.9187500000000001,-0.91,46.666666666666664,37.5,37.5,53.333333333333336,77.77777777777779,85.68571428571428,0.18942857142857145,0.14285714285714285
682987,Spencer Jones,NYY,L,Knuckle Curve,KC,7,3.0973451327433628,84.37142857142858,2555.8571428571427,0.5228571428571429,-0.8128571428571428,25.0,57.14285714285714,85.71428571428571,100.0,50.0,94.15,0.4605,0.5
682987,Spencer Jones,NYY,L,Sweeper,ST,7,3.0973451327433628,79.68571428571428,2574.5714285714284,0.4042857142857143,-0.1285714285714286,75.0,57.14285714285714,28.57142857142857,60.0,50.0,53.1,0.104,1.0
682987,Spencer Jones,NYY,L,Cutter,FC,6,2.6548672566371683,88.63333333333333,2304.1666666666665,0.04666666666666667,0.7916666666666666,50.0,66.66666666666666,83.33333333333334,100.0,60.0,108.8,0.968,1.0
682987,Spencer Jones,NYY,L,Split-Finger,FS,2,0.8849557522123894,90.65,1557.5,-1.185,-0.025,0.0,0.0,0.0,50.0,0.0,89.0,0.0,0.0
663757,Trent Grisham,NYY,L,Sinker,SI,74,24.422442244224424,94.31756756756756,2171.810810810811,-0.5668918918918919,0.7497297297297297,13.333333333333334,29.72972972972973,51.35135135135135,19.444444444444446,60.526315789473685,85.9875,0.3142103913043478,0.125
663757,Trent Grisham,NYY,L,4-Seam Fastball,FF,73,24.09240924092409,94.61506849315067,2251.4520547945203,-0.3768493150684931,1.3557534246575342,5.0,24.65753424657534,45.20547945205479,10.0,48.484848484848484,84.48571428571428,0.32785221428571426,0.09090909090909091
663757,Trent Grisham,NYY,L,Slider,SL,36,11.881188118811881,85.17777777777778,2369.6666666666665,-0.20444444444444446,0.29666666666666663,27.27272727272727,33.33333333333333,52.77777777777778,17.647058823529413,42.10526315789473,71.975,0.526741375,0.4
663757,Trent Grisham,NYY,L,Curveball,CU,34,11.221122112211221,80.2,2576.0588235294117,0.728235294117647,-0.8320588235294117,12.5,20.588235294117645,35.294117647058826,9.090909090909092,50.0,78.57142857142857,0.697977,0.0
663757,Trent Grisham,NYY,L,Changeup,CH,31,10.231023102310232,86.45806451612903,1688.9354838709678,-1.096774193548387,0.6812903225806451,33.33333333333333,19.35483870967742,51.61290322580645,13.333333333333334,81.25,84.27000000000001,0.327,0.125
663757,Trent Grisham,NYY,L,Cutter,FC,18,5.9405940594059405,89.15555555555555,2259.0555555555557,0.20777777777777778,0.6533333333333333,12.5,11.11111111111111,33.33333333333333,16.666666666666664,100.0,81.39999999999999,0.46775,0.0
663757,Trent Grisham,NYY,L,Sweeper,ST,13,4.29042904290429,82.15384615384616,2523.153846153846,0.049999999999999996,-0.05538461538461538,0.0,23.076923076923077,30.76923076923077,11.11111111111111,25.0,94.05,0.2415,0.0
663757,Trent Grisham,NYY,L,Knuckle Curve,KC,10,3.3003300330033,86.39,2607.8,0.40700000000000003,-0.798,33.33333333333333,20.0,30.0,42.857142857142854,100.0,86.575,0.083,0.0
663757,Trent Grisham,NYY,L,Split-Finger,FS,10,3.3003300330033,88.19,1002.1,-0.6990000000000001,0.354,0.0,20.0,30.0,14.285714285714285,33.33333333333333,87.05000000000001,0.182,0.0
663757,Trent Grisham,NYY,L,Slurve,SV,4,1.3201320132013201,81.10000000000001,2594.0,1.195,-1.1825,0.0,25.0,50.0,0.0,50.0,77.4,0.0425,0.0
641857,,NYY,L,Knuckle Curve,KC,7,26.923076923076923,85.42857142857143,2648.285714285714,0.2642857142857143,-0.7428571428571429,66.66666666666666,42.857142857142854,28.57142857142857,40.0,50.0,83.0,0.0,0.0
641857,,NYY,L,4-Seam Fastball,FF,5,19.230769230769234,96.02000000000001,2363.8,-0.594,1.3679999999999999,0.0,0.0,40.0,0.0,100.0,72.8,0.697977,0.0
641857,,NYY,L,Sinker,SI,5,19.230769230769234,92.25999999999999,2111.0,-0.8559999999999999,0.548,0.0,80.0,80.0,0.0,0.0,0.0,0.0,0.0
641857,,NYY,L,Curveball,CU,4,15.384615384615385,78.625,2383.0,0.49000000000000005,-0.6275,0.0,25.0,50.0,50.0,50.0,70.35,0.41600000000000004,0.5
641857,,NYY,L,Changeup,CH,2,7.6923076923076925,86.0,1893.0,-1.325,0.495,0.0,50.0,100.0,0.0,50.0,68.8,0.0,0.0
641857,,NYY,L,Cutter,FC,2,7.6923076923076925,88.1,2133.5,0.045000000000000005,0.885,0.0,0.0,0.0,0.0,0.0,0.0,0.0,0.0
641857,,NYY,L,Sweeper,ST,1,3.8461538461538463,85.6,2539.0,-0.61,0.04,0.0,0.0,0.0,0.0,0.0,0.0,0.0,0.0
664761,Alec Bohm,PHI,R,4-Seam Fastball,FF,79,35.90909090909091,96.6759493670886,2293.73417721519,-0.5560759493670886,1.3083544303797467,20.930232558139537,29.11392405063291,59.49367088607595,31.25,70.2127659574468,81.14375,0.36822090909090904,0.29411764705882354
664761,Alec Bohm,PHI,R,Sinker,SI,45,20.454545454545457,95.18222222222222,2236.911111111111,-0.867111111111111,0.6451111111111112,5.555555555555555,31.11111111111111,46.666666666666664,33.33333333333333,47.61904761904761,79.04666666666667,0.24855555555555556,0.2222222222222222
664761,Alec Bohm,PHI,R,Sweeper,ST,38,17.272727272727273,82.41842105263159,2586.1315789473683,0.3965789473684211,0.018157894736842106,25.0,15.789473684210526,44.73684210526316,4.761904761904762,88.23529411764706,88.175,0.438,0.3333333333333333
664761,Alec Bohm,PHI,R,Slider,SL,20,9.090909090909092,87.36,2406.8,0.05600000000000001,0.10900000000000001,0.0,25.0,60.0,25.0,66.66666666666666,89.33,0.32457142857142857,0.42857142857142855
664761,Alec Bohm,PHI,R,Changeup,CH,12,5.454545454545454,85.875,1590.4166666666667,-0.84,0.12333333333333334,0.0,8.333333333333332,41.66666666666667,42.857142857142854,80.0,74.15714285714286,0.5013904,0.5
664761,Alec Bohm,PHI,R,Curveball,CU,12,5.454545454545454,76.575,2649.75,-0.4291666666666667,-1.0725,0.0,25.0,50.0,50.0,50.0,85.85000000000001,0.251,0.25
664761,Alec Bohm,PHI,R,Split-Finger,FS,7,3.1818181818181817,81.61428571428571,642.7142857142857,-0.12000000000000001,-0.3242857142857143,100.0,28.57142857142857,0.0,28.57142857142857,0.0,0.0,0.0,0.0
664761,Alec Bohm,PHI,R,Cutter,FC,3,1.3636363636363635,88.56666666666666,2544.6666666666665,0.25333333333333335,0.82,0.0,33.33333333333333,66.66666666666666,0.0,50.0,66.3,0.734,1.0
664761,Alec Bohm,PHI,R,Knuckle Curve,KC,2,0.9090909090909091,84.3,2171.0,0.51,-0.99,0.0,0.0,0.0,100.0,0.0,0.0,0.0,0.0
664761,Alec Bohm,PHI,R,Slurve,SV,2,0.9090909090909091,79.7,2989.0,-0.63,-1.11,100.0,100.0,100.0,0.0,100.0,0.0,0.0,0.0
669016,Brandon Marsh,PHI,L,4-Seam Fastball,FF,54,29.67032967032967,96.63333333333333,2302.1666666666665,-0.5592592592592592,1.21,12.903225806451612,27.77777777777778,70.37037037037037,25.0,71.05263157894737,80.67083333333333,0.26983205555555556,0.35294117647058826
669016,Brandon Marsh,PHI,L,Sweeper,ST,31,17.032967032967033,82.80645161290323,2456.451612903226,0.5393548387096774,0.050322580645161284,22.22222222222222,32.25806451612903,35.483870967741936,35.0,18.181818181818183,71.75714285714285,0.03025,0.0
669016,Brandon Marsh,PHI,L,Slider,SL,24,13.186813186813188,84.32916666666667,2252.4166666666665,0.23374999999999999,0.3670833333333334,33.33333333333333,37.5,70.83333333333334,28.57142857142857,76.47058823529412,82.38333333333334,0.323625,0.0
669016,Brandon Marsh,PHI,L,Sinker,SI,18,9.89010989010989,95.61666666666666,2224.0,-0.7161111111111111,0.535,0.0,22.22222222222222,72.22222222222221,40.0,61.53846153846154,80.75,0.12333333333333334,0.25
669016,Brandon Marsh,PHI,L,Changeup,CH,15,8.241758241758241,88.20666666666666,1323.6666666666667,-1.0126666666666666,0.12333333333333334,16.666666666666664,13.333333333333334,40.0,11.11111111111111,83.33333333333334,88.32000000000001,0.31299616666666663,0.2
669016,Brandon Marsh,PHI,L,Curveball,CU,13,7.142857142857142,81.85384615384615,2455.846153846154,0.3869230769230769,-0.7646153846153846,75.0,46.15384615384615,23.076923076923077,30.0,33.33333333333333,64.0,0.0,0.0
669016,Brandon Marsh,PHI,L,Split-Finger,FS,13,7.142857142857142,86.0,1519.6923076923076,-0.9553846153846154,0.13,25.0,15.384615384615385,15.384615384615385,54.54545454545454,100.0,82.76666666666667,0.2265,0.5
669016,Brandon Marsh,PHI,L,Cutter,FC,11,6.043956043956044,89.89999999999999,2402.909090909091,0.08818181818181818,0.7036363636363636,0.0,36.36363636363637,63.63636363636363,25.0,57.14285714285714,75.7,0.6884885000000001,1.0
669016,Brandon Marsh,PHI,L,Slurve,SV,3,1.6483516483516485,82.13333333333334,2838.3333333333335,-0.25666666666666665,-0.8533333333333335,0.0,0.0,33.33333333333333,0.0,100.0,95.7,0.0,0.0
650559,Bryan De La Cruz,PHI,R,4-Seam Fastball,FF,25,37.878787878787875,94.956,2228.92,0.0816,1.3608000000000002,9.090909090909092,36.0,68.0,25.0,52.94117647058824,87.57,0.1416,0.4
650559,Bryan De La Cruz,PHI,R,Slider,SL,18,27.27272727272727,86.3111111111111,2411.3888888888887,0.07666666666666666,0.021111111111111112,14.285714285714285,16.666666666666664,50.0,55.55555555555556,100.0,80.63,0.09866666666666667,0.16666666666666666
650559,Bryan De La Cruz,PHI,R,Changeup,CH,9,13.636363636363635,83.47777777777777,1443.2222222222222,0.5777777777777778,0.2977777777777778,33.33333333333333,22.22222222222222,22.22222222222222,28.57142857142857,50.0,96.0,0.09933333333333333,0.0
650559,Bryan De La Cruz,PHI,R,Sweeper,ST,7,10.606060606060606,82.2,2506.714285714286,0.22428571428571434,-0.12285714285714286,0.0,0.0,42.857142857142854,25.0,100.0,93.15,0.41,1.0
650559,Bryan De La Cruz,PHI,R,Sinker,SI,4,6.0606060606060606,96.95,2267.0,-1.3225,0.6075,33.33333333333333,25.0,50.0,50.0,100.0,81.9,0.0,0.0
650559,Bryan De La Cruz,PHI,R,Curveball,CU,3,4.545454545454546,74.66666666666667,2555.0,-0.7733333333333333,-1.33,0.0,0.0,0.0,0.0,0.0,0.0,0.0,0.0
547180,Bryce Harper,PHI,L,4-Seam Fastball,FF,65,23.465703971119133,95.5123076923077,2269.723076923077,-0.27399999999999997,1.1793846153846153,25.925925925925924,20.0,46.15384615384615,20.0,66.66666666666666,87.3,0.6445664999999999,0.6363636363636364
547180,Bryce Harper,PHI,L,Slider,SL,52,18.772563176895307,86.17884615384615,2384.826923076923,-0.056730769230769224,0.025192307692307694,52.17391304347826,34.61538461538461,38.46153846153847,31.25,65.0,88.625,0.22858141666666665,0.18181818181818182
547180,Bryce Harper,PHI,L,Sinker,SI,39,14.079422382671481,94.74615384615385,2189.102564102564,0.12461538461538463,0.5358974358974359,18.181818181818183,25.64102564102564,48.717948717948715,45.0,68.42105263157895,86.28125,0.45785385714285715,0.5
547180,Bryce Harper,PHI,L,Sweeper,ST,25,9.025270758122744,81.72800000000001,2532.92,-0.3456,0.158,16.666666666666664,16.0,48.0,23.076923076923077,75.0,86.11,0.46866666666666673,0.3333333333333333
547180,Bryce Harper,PHI,L,Curveball,CU,24,8.664259927797833,79.79583333333333,2577.4166666666665,0.08458333333333334,-1.0175,30.0,29.166666666666668,37.5,33.33333333333333,55.55555555555556,87.76,0.26999233333333333,0.0
547180,Bryce Harper,PHI,L,Split-Finger,FS,24,8.664259927797833,85.14583333333333,1142.4166666666667,-0.855,-0.17,44.44444444444444,25.0,16.666666666666664,25.0,100.0,68.725,0.02,0.0
547180,Bryce Harper,PHI,L,Changeup,CH,21,7.581227436823104,87.5952380952381,1586.0,-0.8933333333333334,0.09571428571428572,0.0,9.523809523809524,57.14285714285714,11.11111111111111,83.33333333333334,81.28181818181818,0.543122125,0.42857142857142855
547180,Bryce Harper,PHI,L,Cutter,FC,19,6.859205776173286,90.56315789473685,2311.8947368421054,0.1573684210526316,0.7484210526315789,0.0,21.052631578947366,52.63157894736842,0.0,60.0,78.7,0.524985625,0.0
547180,Bryce Harper,PHI,L,Knuckle Curve,KC,6,2.166064981949458,85.36666666666667,2477.3333333333335,0.7799999999999999,-1.18,0.0,33.33333333333333,66.66666666666666,100.0,50.0,85.75,0.577,1.0
547180,Bryce Harper,PHI,L,Slurve,SV,2,0.7220216606498195,80.2,2929.0,-0.48,-1.12,0.0,0.0,100.0,0.0,100.0,88.3,0.055,0.0
681082,Bryson Stott,PHI,L,4-Seam Fastball,FF,80,36.5296803652968,96.30499999999999,2304.175,-0.378375,1.285625,12.903225806451612,41.25,57.49999999999999,35.294117647058826,41.30434782608695,84.92222222222222,0.22794654999999997,0.11764705882352941
681082,Bryson Stott,PHI,L,Sinker,SI,37,16.894977168949772,94.26486486486488,2120.108108108108,-0.24594594594594593,0.682972972972973,0.0,45.94594594594595,54.054054054054056,11.76470588235294,30.0,82.5625,0.38649616666666664,0.2
681082,Bryson Stott,PHI,L,Slider,SL,29,13.24200913242009,87.40344827586206,2392.103448275862,0.1596551724137931,0.2403448275862069,12.5,34.48275862068966,37.93103448275862,27.77777777777778,27.27272727272727,79.8,0.242372125,0.14285714285714285
681082,Bryson Stott,PHI,L,Cutter,FC,20,9.1324200913242,90.32000000000001,2330.3,0.11100000000000002,0.638,0.0,10.0,35.0,23.076923076923077,85.71428571428571,79.24285714285715,0.2569923333333333,0.0
681082,Bryson Stott,PHI,L,Sweeper,ST,20,9.1324200913242,80.845,2648.35,-0.827,0.033499999999999995,15.384615384615385,25.0,65.0,42.857142857142854,76.92307692307693,76.5375,0.13340000000000002,0.0
681082,Bryson Stott,PHI,L,Split-Finger,FS,16,7.30593607305936,85.7875,1294.25,-1.02,0.316875,44.44444444444444,25.0,37.5,30.0,100.0,83.32499999999999,0.18966666666666665,0.16666666666666666
681082,Bryson Stott,PHI,L,Changeup,CH,7,3.1963470319634704,89.91428571428571,1739.0,-1.2714285714285716,0.24428571428571427,50.0,42.857142857142854,28.57142857142857,80.0,100.0,99.63333333333333,0.4082,0.4
681082,Bryson Stott,PHI,L,Curveball,CU,5,2.28310502283105,76.94,2395.2,0.426,-1.022,0.0,0.0,0.0,20.0,0.0,83.3,0.165,0.0
681082,Bryson Stott,PHI,L,Knuckle Curve,KC,2,0.91324200913242,86.2,2250.0,0.69,-1.02,0.0,0.0,100.0,0.0,100.0,93.3,0.165,1.0
681082,Bryson Stott,PHI,L,Slurve,SV,2,0.91324200913242,80.9,2951.0,-0.45,-0.94,0.0,0.0,0.0,0.0,0.0,0.0,0.0,0.0
681082,Bryson Stott,PHI,L,Unknown,UNK,1,0.45662100456621,0.0,0.0,0.0,0.0,0.0,0.0,0.0,0.0,0.0,0.0,0.0,0.0
656537,Derek Hill,PHI,R,4-Seam Fastball,FF,11,34.375,94.4090909090909,2194.0,0.29818181818181816,1.3481818181818181,0.0,27.27272727272727,63.63636363636363,0.0,57.14285714285714,67.475,0.5269885,1.0
656537,Derek Hill,PHI,R,Slider,SL,8,25.0,86.3125,2338.875,-0.09374999999999999,0.12499999999999999,25.0,12.5,37.5,20.0,100.0,86.7,0.035666666666666666,0.0
656537,Derek Hill,PHI,R,Curveball,CU,5,15.625,75.42,2479.8,-0.692,-1.004,20.0,20.0,60.0,100.0,100.0,64.2,0.09,1.0
656537,Derek Hill,PHI,R,Sinker,SI,5,15.625,90.26,2095.4,1.1099999999999999,0.122,25.0,40.0,80.0,100.0,75.0,99.93333333333334,0.44566666666666666,0.3333333333333333
656537,Derek Hill,PHI,R,Changeup,CH,2,6.25,85.30000000000001,1605.0,0.885,0.465,0.0,0.0,0.0,0.0,0.0,0.0,0.0,0.0
656537,Derek Hill,PHI,R,Slurve,SV,1,3.125,87.6,2595.0,0.3,-0.71,0.0,0.0,0.0,0.0,0.0,0.0,0.0,0.0
624641,Edmundo Sosa,PHI,R,4-Seam Fastball,FF,17,38.63636363636363,93.58235294117648,2261.705882352941,0.004705882352941182,1.4205882352941175,0.0,11.76470588235294,76.47058823529412,0.0,84.61538461538461,83.58181818181818,0.4364444444444444,0.5555555555555556
624641,Edmundo Sosa,PHI,R,Slider,SL,9,20.454545454545457,85.83333333333333,2365.1111111111113,-0.16444444444444445,0.15444444444444447,25.0,44.44444444444444,55.55555555555556,50.0,40.0,89.23333333333333,0.16,0.0
624641,Edmundo Sosa,PHI,R,Curveball,CU,7,15.909090909090908,77.04285714285713,2406.714285714286,-0.6342857142857142,-1.1714285714285713,0.0,0.0,28.57142857142857,0.0,100.0,92.0,0.0,0.0
624641,Edmundo Sosa,PHI,R,Sweeper,ST,7,15.909090909090908,83.24285714285715,2393.714285714286,1.1314285714285715,-0.15714285714285717,60.0,42.857142857142854,14.285714285714285,66.66666666666666,100.0,80.25,0.087,0.5
624641,Edmundo Sosa,PHI,R,Changeup,CH,3,6.8181818181818175,85.16666666666667,1742.3333333333333,0.6666666666666666,0.04666666666666667,0.0,33.33333333333333,100.0,0.0,66.66666666666666,108.5,1.849,1.0
624641,Edmundo Sosa,PHI,R,Sinker,SI,1,2.272727272727273,97.4,2195.0,-1.27,0.53,0.0,0.0,0.0,100.0,0.0,0.0,0.0,0.0
596117,Garrett Stubbs,PHI,L,Knuckle Curve,KC,8,22.857142857142858,85.8,2565.25,0.8075,-1.1025,100.0,50.0,25.0,33.33333333333333,0.0,0.0,0.0,0.0
596117,Garrett Stubbs,PHI,L,4-Seam Fastball,FF,7,20.0,97.82857142857142,2244.0,-0.6771428571428572,1.19,28.57142857142857,28.57142857142857,57.14285714285714,100.0,100.0,75.72,0.0155,0.0
596117,Garrett Stubbs,PHI,L,Cutter,FC,4,11.428571428571429,91.9,2219.5,0.09,0.49,0.0,25.0,100.0,0.0,75.0,87.96666666666665,0.0,0.0
596117,Garrett Stubbs,PHI,L,Sinker,SI,4,11.428571428571429,95.325,2324.25,-0.7050000000000001,0.65,0.0,75.0,100.0,0.0,25.0,91.1,0.17,0.0
596117,Garrett Stubbs,PHI,L,Split-Finger,FS,4,11.428571428571429,85.9,1068.0,-0.9400000000000001,-0.024999999999999998,0.0,0.0,0.0,50.0,0.0,77.8,0.05,0.0
596117,Garrett Stubbs,PHI,L,Sweeper,ST,4,11.428571428571429,84.65,2609.5,-0.2825,0.007499999999999999,0.0,0.0,75.0,100.0,33.33333333333333,76.05,0.429,1.0
596117,Garrett Stubbs,PHI,L,Changeup,CH,2,5.714285714285714,90.85,2246.0,-1.4500000000000002,0.14,0.0,0.0,0.0,50.0,0.0,0.0,0.0,0.0
596117,Garrett Stubbs,PHI,L,Curveball,CU,1,2.857142857142857,78.1,2770.0,-1.22,-0.7,0.0,0.0,0.0,0.0,0.0,0.0,0.0,0.0
596117,Garrett Stubbs,PHI,L,Slider,SL,1,2.857142857142857,87.0,2329.0,0.14,0.53,0.0,0.0,0.0,100.0,0.0,60.0,0.169,1.0
592663,J.T. Realmuto,PHI,R,4-Seam Fastball,FF,63,30.288461538461537,96.22539682539683,2255.7936507936506,-0.4247619047619048,1.305079365079365,20.0,28.57142857142857,42.857142857142854,22.22222222222222,62.96296296296296,85.19500000000001,0.39857950000000003,0.3333333333333333
592663,J.T. Realmuto,PHI,R,Slider,SL,36,17.307692307692307,87.94166666666666,2408.1666666666665,0.23111111111111113,0.1575,10.0,25.0,55.55555555555556,43.75,65.0,85.68125,0.3800909090909091,0.5454545454545454
592663,J.T. Realmuto,PHI,R,Sweeper,ST,35,16.826923076923077,81.86,2489.9714285714285,0.5122857142857142,0.05971428571428571,33.33333333333333,31.428571428571427,42.857142857142854,20.0,33.33333333333333,78.1,0.36449424999999996,0.0
592663,J.T. Realmuto,PHI,R,Sinker,SI,32,15.384615384615385,94.29375,2126.125,-0.5375,0.59,7.6923076923076925,37.5,53.125,20.0,58.82352941176471,92.46666666666667,0.46699425,0.3333333333333333
592663,J.T. Realmuto,PHI,R,Changeup,CH,18,8.653846153846153,85.82777777777778,1541.8333333333333,-0.41777777777777775,0.38277777777777783,25.0,11.11111111111111,27.77777777777778,23.076923076923077,100.0,90.05,0.30613957142857146,0.3333333333333333
592663,J.T. Realmuto,PHI,R,Cutter,FC,9,4.326923076923077,89.46666666666665,2465.1111111111113,0.11,0.66,20.0,11.11111111111111,66.66666666666666,0.0,83.33333333333334,78.35,0.3325,0.0
592663,J.T. Realmuto,PHI,R,Curveball,CU,8,3.8461538461538463,81.1375,2494.0,0.17124999999999999,-0.69,50.0,25.0,50.0,0.0,100.0,66.9,0.0,0.0
592663,J.T. Realmuto,PHI,R,Split-Finger,FS,4,1.9230769230769231,86.8,1180.25,-1.0125,0.3525,0.0,25.0,25.0,0.0,0.0,0.0,0.0,0.0
592663,J.T. Realmuto,PHI,R,Slurve,SV,3,1.4423076923076923,86.73333333333333,2527.0,0.4366666666666667,-0.68,0.0,0.0,33.33333333333333,0.0,100.0,84.0,0.0,0.0
702222,Justin Crawford,PHI,L,4-Seam Fastball,FF,86,46.994535519125684,97.02906976744185,2308.813953488372,-0.7026744186046512,1.2866279069767443,7.894736842105263,24.418604651162788,56.97674418604651,24.324324324324326,59.183673469387756,83.61999999999999,0.3557093571428571,0.42857142857142855
702222,Justin Crawford,PHI,L,Sinker,SI,21,11.475409836065573,97.33333333333333,2237.6666666666665,-1.2247619047619047,0.6185714285714285,0.0,19.047619047619047,61.904761904761905,37.5,69.23076923076923,84.675,0.42929770000000006,0.4444444444444444
702222,Justin Crawford,PHI,L,Slider,SL,19,10.382513661202186,84.28947368421052,2235.684210526316,0.053157894736842105,0.2621052631578948,0.0,21.052631578947366,47.368421052631575,30.0,55.55555555555556,92.21428571428571,0.5880000000000001,0.0
702222,Justin Crawford,PHI,L,Cutter,FC,16,8.743169398907105,90.25625,2425.375,0.209375,0.685625,11.11111111111111,18.75,37.5,50.0,66.66666666666666,73.82857142857142,0.04075,0.0
702222,Justin Crawford,PHI,L,Split-Finger,FS,14,7.650273224043716,85.97142857142858,1125.7142857142858,-0.7271428571428571,-0.04071428571428572,33.33333333333333,21.428571428571427,35.714285714285715,44.44444444444444,100.0,81.28333333333333,0.3038295,0.0
702222,Justin Crawford,PHI,L,Changeup,CH,12,6.557377049180328,88.65833333333335,1492.8333333333333,-1.1225,0.22583333333333333,0.0,0.0,16.666666666666664,20.0,100.0,81.15,0.4475,0.0
702222,Justin Crawford,PHI,L,Curveball,CU,8,4.371584699453552,80.1375,2583.25,0.57875,-0.85875,40.0,25.0,0.0,62.5,0.0,76.83333333333333,0.005,0.0
702222,Justin Crawford,PHI,L,Sweeper,ST,7,3.825136612021858,85.8,2673.8571428571427,1.0485714285714285,-0.17857142857142858,0.0,14.285714285714285,0.0,57.14285714285714,0.0,80.06666666666666,0.171,0.0
656941,Kyle Schwarber,PHI,L,4-Seam Fastball,FF,92,31.292517006802722,95.90978260869566,2306.554347826087,-0.3044565217391304,1.29,34.04255319148936,32.608695652173914,60.86956521739131,13.88888888888889,75.0,85.34642857142856,0.3530340384615384,0.19047619047619047
656941,Kyle Schwarber,PHI,L,Slider,SL,56,19.047619047619047,85.37321428571428,2347.4821428571427,0.11624999999999999,0.13392857142857142,31.428571428571427,33.92857142857143,64.28571428571429,35.0,77.77777777777779,88.98947368421052,0.48546666666666666,0.26666666666666666
656941,Kyle Schwarber,PHI,L,Changeup,CH,32,10.884353741496598,86.2875,1596.75,-0.8934375,0.06,41.66666666666667,28.125,37.5,25.0,58.333333333333336,81.38571428571429,0.003,0.0
656941,Kyle Schwarber,PHI,L,Sweeper,ST,32,10.884353741496598,82.525,2500.65625,0.46687500000000004,0.165625,18.181818181818183,18.75,31.25,22.727272727272727,60.0,82.925,0.0888,0.0
656941,Kyle Schwarber,PHI,L,Curveball,CU,23,7.8231292517006805,80.64782608695653,2539.1739130434785,0.20304347826086958,-0.9282608695652175,10.0,8.695652173913043,34.78260869565217,26.666666666666668,75.0,79.75555555555555,0.2885,0.25
656941,Kyle Schwarber,PHI,L,Cutter,FC,20,6.802721088435375,90.765,2234.65,0.20949999999999996,0.647,42.857142857142854,50.0,55.00000000000001,77.77777777777779,63.63636363636363,86.725,0.31466666666666665,0.3333333333333333
656941,Kyle Schwarber,PHI,L,Sinker,SI,16,5.442176870748299,94.9,2185.0625,0.18187499999999998,0.6075,11.11111111111111,25.0,56.25,57.14285714285714,55.55555555555556,93.0,0.42483333333333334,0.3333333333333333
656941,Kyle Schwarber,PHI,L,Split-Finger,FS,10,3.4013605442176873,84.57000000000001,1462.0,-0.783,0.22599999999999998,0.0,10.0,50.0,20.0,80.0,92.22,0.14466666666666664,0.0
656941,Kyle Schwarber,PHI,L,Unknown,UNK,9,3.061224489795918,0.0,0.0,0.0,0.0,0.0,0.0,0.0,0.0,0.0,0.0,0.0,0.0
656941,Kyle Schwarber,PHI,L,Knuckle Curve,KC,4,1.3605442176870748,85.95,2383.5,0.73,-1.0699999999999998,0.0,0.0,50.0,0.0,100.0,62.8,0.113,0.0
650333,Luis Arraez,PHI,L,4-Seam Fastball,FF,78,36.11111111111111,95.39871794871796,2284.4615384615386,-0.3107692307692308,1.2753846153846153,7.6923076923076925,35.8974358974359,53.84615384615385,50.0,50.0,79.4625,0.21078947368421053,0.2631578947368421
650333,Luis Arraez,PHI,L,Slider,SL,34,15.74074074074074,87.54117647058824,2424.294117647059,0.06970588235294117,0.05352941176470589,11.11111111111111,35.294117647058826,61.76470588235294,53.84615384615385,52.38095238095239,79.06666666666666,0.5490909090909091,0.45454545454545453
650333,Luis Arraez,PHI,L,Sinker,SI,32,14.814814814814813,94.940625,2204.34375,0.5071875,0.5340625,0.0,25.0,56.25,50.0,66.66666666666666,74.31764705882354,0.2622222222222222,0.1111111111111111
650333,Luis Arraez,PHI,L,Split-Finger,FS,22,10.185185185185185,84.16363636363636,1093.8181818181818,-0.7004545454545454,0.04318181818181818,5.88235294117647,4.545454545454546,31.818181818181817,66.66666666666666,100.0,82.13571428571429,0.36771428571428577,0.2857142857142857
650333,Luis Arraez,PHI,L,Cutter,FC,17,7.87037037037037,89.03529411764706,2395.470588235294,0.058235294117647066,0.5494117647058824,0.0,23.52941176470588,82.35294117647058,0.0,64.28571428571429,79.9125,0.37400000000000005,0.0
650333,Luis Arraez,PHI,L,Sweeper,ST,13,6.018518518518518,82.23076923076923,2593.0,-0.05153846153846153,-0.010000000000000009,33.33333333333333,30.76923076923077,53.84615384615385,16.666666666666664,71.42857142857143,85.275,0.779,1.0
650333,Luis Arraez,PHI,L,Changeup,CH,9,4.166666666666666,86.0,1468.3333333333333,-1.03,-0.026666666666666665,0.0,22.22222222222222,44.44444444444444,20.0,50.0,85.60000000000001,0.751,1.0
650333,Luis Arraez,PHI,L,Curveball,CU,8,3.7037037037037033,79.075,2581.875,0.05374999999999999,-0.71,0.0,25.0,37.5,40.0,33.33333333333333,68.26666666666667,0.4475,0.5
650333,Luis Arraez,PHI,L,Slurve,SV,3,1.3888888888888888,83.33333333333333,2896.3333333333335,-0.48,-0.85,0.0,0.0,0.0,0.0,0.0,0.0,0.0,0.0
607208,Trea Turner,PHI,R,4-Seam Fastball,FF,74,28.13688212927757,95.63648648648649,2263.4864864864867,-0.1887837837837838,1.3085135135135135,17.94871794871795,33.78378378378378,63.51351351351351,37.03703703703704,61.702127659574465,81.61111111111111,0.2058421052631579,0.21052631578947367
607208,Trea Turner,PHI,R,Sweeper,ST,45,17.110266159695815,83.84444444444445,2518.9777777777776,0.6984444444444444,0.058222222222222224,65.0,40.0,26.666666666666668,39.39393939393939,58.333333333333336,75.81428571428572,0.09733333333333333,0.0
607208,Trea Turner,PHI,R,Slider,SL,40,15.209125475285171,77.465,2099.35,-0.10175000000000001,0.449,9.523809523809524,12.5,27.500000000000004,44.827586206896555,72.72727272727273,79.28421052631579,0.07225,0.0
607208,Trea Turner,PHI,R,Sinker,SI,39,14.82889733840304,94.6076923076923,2218.4358974358975,0.056153846153846144,0.5892307692307692,5.555555555555555,17.94871794871795,43.58974358974359,31.818181818181817,64.70588235294117,87.59375,0.30100000000000005,0.23076923076923078
607208,Trea Turner,PHI,R,Changeup,CH,21,7.984790874524715,85.4952380952381,1516.3333333333333,0.12190476190476189,0.31523809523809526,27.27272727272727,19.047619047619047,33.33333333333333,35.714285714285715,85.71428571428571,84.7,0.2785904,0.25
607208,Trea Turner,PHI,R,Curveball,CU,17,6.4638783269961975,79.78823529411764,2515.0588235294117,0.10941176470588235,-0.8805882352941177,33.33333333333333,29.411764705882355,52.94117647058824,50.0,88.88888888888889,89.12857142857142,0.22925,0.375
607208,Trea Turner,PHI,R,Cutter,FC,17,6.4638783269961975,88.97647058823529,2494.529411764706,0.0888235294117647,0.5852941176470587,16.666666666666664,23.52941176470588,41.17647058823529,20.0,57.14285714285714,82.03999999999999,0.52973275,0.0
607208,Trea Turner,PHI,R,Split-Finger,FS,6,2.2813688212927756,80.63333333333334,551.0,-0.4033333333333333,-0.18333333333333335,100.0,66.66666666666666,66.66666666666666,0.0,100.0,0.0,0.0,0.0
607208,Trea Turner,PHI,R,Unknown,UNK,4,1.520912547528517,0.0,0.0,0.0,0.0,0.0,0.0,0.0,0.0,0.0,0.0,0.0,0.0
695257,Billy Cook,PIT,R,4-Seam Fastball,FF,7,53.84615384615385,95.68571428571428,2486.5714285714284,0.43714285714285717,1.5257142857142856,75.0,57.14285714285714,57.14285714285714,33.33333333333333,75.0,73.2,0.0,0.0
695257,Billy Cook,PIT,R,Curveball,CU,4,30.76923076923077,77.9,2349.5,-1.08,-0.8,0.0,25.0,50.0,0.0,50.0,81.9,0.0,0.0
695257,Billy Cook,PIT,R,Changeup,CH,2,15.384615384615385,83.2,1789.0,1.1400000000000001,0.65,0.0,0.0,50.0,100.0,100.0,75.3,0.005,0.0
664040,Brandon Lowe,PIT,L,4-Seam Fastball,FF,63,27.27272727272727,95.71904761904763,2380.809523809524,-0.10492063492063493,1.3155555555555556,38.46153846153847,36.507936507936506,39.682539682539684,39.473684210526315,44.0,80.31875,0.2260553125,0.0
664040,Brandon Lowe,PIT,L,Slider,SL,50,21.645021645021643,86.41,2473.52,0.05199999999999999,0.1888,68.96551724137932,46.0,18.0,51.21951219512195,88.88888888888889,78.32857142857142,0.04963636363636364,0.18181818181818182
664040,Brandon Lowe,PIT,L,Sinker,SI,38,16.450216450216452,94.95263157894736,2240.842105263158,0.6055263157894737,0.7213157894736842,11.11111111111111,23.684210526315788,50.0,31.57894736842105,63.1578947368421,83.61333333333333,0.2835977,0.1111111111111111
664040,Brandon Lowe,PIT,L,Changeup,CH,30,12.987012987012985,89.27666666666667,1640.1,-1.0710000000000002,0.36166666666666664,62.5,40.0,13.333333333333334,46.15384615384615,100.0,70.65,0.046142857142857145,0.0
664040,Brandon Lowe,PIT,L,Cutter,FC,13,5.627705627705628,92.44615384615385,2578.076923076923,0.30153846153846153,0.6876923076923076,22.22222222222222,23.076923076923077,46.15384615384615,57.14285714285714,83.33333333333334,84.65714285714286,0.31,1.0
664040,Brandon Lowe,PIT,L,Sweeper,ST,13,5.627705627705628,83.27692307692307,2805.5384615384614,0.11538461538461539,0.2792307692307692,0.0,7.6923076923076925,69.23076923076923,50.0,88.88888888888889,80.38888888888889,0.0,0.0
664040,Brandon Lowe,PIT,L,Knuckle Curve,KC,9,3.896103896103896,79.02222222222223,2498.6666666666665,0.06333333333333332,-0.6866666666666666,25.0,44.44444444444444,55.55555555555556,50.0,40.0,79.26666666666667,0.204,0.0
664040,Brandon Lowe,PIT,L,Split-Finger,FS,8,3.463203463203463,91.55,1392.5,-0.7725,0.049999999999999996,66.66666666666666,50.0,50.0,50.0,100.0,105.9,0.333,0.5
664040,Brandon Lowe,PIT,L,Curveball,CU,7,3.0303030303030303,79.57142857142857,2695.4285714285716,0.19714285714285715,-1.1271428571428572,0.0,14.285714285714285,71.42857142857143,0.0,80.0,89.475,0.35259539999999995,0.75
668804,Bryan Reynolds,PIT,S,4-Seam Fastball,FF,65,27.54237288135593,95.8923076923077,2322.492307692308,-0.14523076923076922,1.3373846153846154,14.285714285714285,21.53846153846154,55.38461538461539,17.24137931034483,83.33333333333334,87.86,0.6071538461538462,0.38461538461538464
668804,Bryan Reynolds,PIT,S,Sinker,SI,39,16.52542372881356,94.93076923076923,2275.230769230769,-0.29615384615384616,0.7953846153846154,13.636363636363635,25.64102564102564,74.35897435897436,10.0,72.41379310344827,87.86111111111111,0.5323041538461538,0.09090909090909091
668804,Bryan Reynolds,PIT,S,Changeup,CH,32,13.559322033898304,87.478125,1579.46875,0.3984375,0.42812500000000003,50.0,28.125,31.25,36.36363636363637,100.0,73.7875,0.055999999999999994,0.16666666666666666
668804,Bryan Reynolds,PIT,S,Slider,SL,30,12.711864406779661,87.60333333333332,2432.9333333333334,0.116,0.18633333333333332,53.84615384615385,33.33333333333333,40.0,27.77777777777778,66.66666666666666,94.95,0.3258954,0.25
668804,Bryan Reynolds,PIT,S,Cutter,FC,19,8.050847457627118,91.26842105263158,2467.2105263157896,0.1763157894736842,0.6647368421052631,25.0,31.57894736842105,52.63157894736842,22.22222222222222,60.0,88.91666666666667,0.3953808,0.6666666666666666
668804,Bryan Reynolds,PIT,S,Split-Finger,FS,17,7.203389830508475,86.50588235294117,1303.2941176470588,-0.5323529411764706,0.26176470588235295,50.0,35.294117647058826,11.76470588235294,26.666666666666668,0.0,95.6,0.186,1.0
668804,Bryan Reynolds,PIT,S,Curveball,CU,14,5.932203389830509,78.37142857142858,2574.714285714286,-0.2842857142857143,-0.9028571428571429,12.5,7.142857142857142,28.57142857142857,40.0,100.0,89.94285714285715,0.3731395714285714,0.3333333333333333
668804,Bryan Reynolds,PIT,S,Sweeper,ST,14,5.932203389830509,85.42142857142858,2604.9285714285716,1.2085714285714284,-0.08571428571428573,40.0,21.428571428571427,28.57142857142857,20.0,75.0,94.93333333333334,0.005999999999999999,0.0
668804,Bryan Reynolds,PIT,S,Knuckle Curve,KC,6,2.5423728813559325,79.21666666666667,2239.5,0.09499999999999999,-0.6533333333333333,40.0,33.33333333333333,50.0,66.66666666666666,100.0,80.33333333333333,0.021666666666666667,0.0
699013,Esmerlyn Valdez,PIT,R,4-Seam Fastball,FF,74,38.34196891191709,95.79324324324324,2373.675675675676,-0.06851351351351351,1.3722972972972973,37.93103448275862,29.72972972972973,44.5945945945946,17.073170731707318,66.66666666666666,92.8142857142857,0.505787052631579,0.35294117647058826
699013,Esmerlyn Valdez,PIT,R,Changeup,CH,39,20.207253886010363,85.95897435897436,1720.6410256410256,0.7294871794871794,0.5733333333333334,60.0,35.8974358974359,28.205128205128204,28.57142857142857,63.63636363636363,84.15,0.21170771428571428,0.0
699013,Esmerlyn Valdez,PIT,R,Sinker,SI,23,11.917098445595855,94.88695652173914,2309.1304347826085,-0.4826086956521739,0.6982608695652175,7.6923076923076925,21.73913043478261,69.56521739130434,14.285714285714285,75.0,83.28,0.3969908,0.3333333333333333
699013,Esmerlyn Valdez,PIT,R,Slider,SL,13,6.7357512953367875,86.03076923076924,2609.076923076923,-0.21923076923076923,0.14076923076923079,20.0,38.46153846153847,38.46153846153847,25.0,60.0,94.1,0.1386,0.0
699013,Esmerlyn Valdez,PIT,R,Curveball,CU,11,5.699481865284974,78.32727272727273,2664.090909090909,-0.7136363636363636,-0.9754545454545455,0.0,18.181818181818183,45.45454545454545,0.0,20.0,0.0,0.0,0.0
699013,Esmerlyn Valdez,PIT,R,Split-Finger,FS,9,4.66321243523316,84.56666666666666,1285.111111111111,0.34444444444444444,0.24444444444444446,50.0,33.33333333333333,22.22222222222222,42.857142857142854,50.0,72.6,0.0,0.0
699013,Esmerlyn Valdez,PIT,R,Sweeper,ST,9,4.66321243523316,85.15555555555555,2676.8888888888887,0.8744444444444445,-0.25777777777777783,0.0,33.33333333333333,44.44444444444444,0.0,75.0,70.16666666666667,0.086,0.0
699013,Esmerlyn Valdez,PIT,R,Cutter,FC,8,4.145077720207254,90.75,2532.75,0.0675,0.83875,50.0,50.0,62.5,0.0,40.0,92.8,0.112,0.0
699013,Esmerlyn Valdez,PIT,R,Knuckle Curve,KC,7,3.6269430051813467,79.14285714285714,2300.5714285714284,-0.3271428571428571,-0.7871428571428571,100.0,57.14285714285714,0.0,28.57142857142857,0.0,0.0,0.0,0.0
680779,Henry Davis,PIT,R,4-Seam Fastball,FF,21,32.8125,96.3952380952381,2354.904761904762,-0.036666666666666674,1.3138095238095238,40.0,47.61904761904761,66.66666666666666,28.57142857142857,57.14285714285714,87.85000000000001,0.18125,0.25
680779,Henry Davis,PIT,R,Sinker,SI,15,23.4375,94.47333333333333,2256.266666666667,-0.932,0.5306666666666666,0.0,20.0,53.333333333333336,28.57142857142857,62.5,67.43333333333334,0.449976,0.0
680779,Henry Davis,PIT,R,Changeup,CH,11,17.1875,87.71818181818182,1726.909090909091,0.6327272727272727,0.33272727272727276,57.14285714285714,36.36363636363637,0.0,63.63636363636363,0.0,95.86666666666667,0.0,0.0
680779,Henry Davis,PIT,R,Slider,SL,8,12.5,88.8125,2309.375,-0.25375000000000003,0.18125,40.0,37.5,37.5,60.0,66.66666666666666,50.56666666666666,0.38748849999999996,0.0
680779,Henry Davis,PIT,R,Split-Finger,FS,4,6.25,85.625,1178.75,-0.4625,0.5800000000000001,50.0,50.0,75.0,0.0,66.66666666666666,66.1,0.0,0.0
680779,Henry Davis,PIT,R,Curveball,CU,3,4.6875,76.60000000000001,2742.3333333333335,-1.0566666666666666,-1.07,0.0,33.33333333333333,100.0,0.0,66.66666666666666,94.2,0.0,0.0
680779,Henry Davis,PIT,R,Sweeper,ST,2,3.125,86.8,2752.0,1.4,-0.29,0.0,0.0,0.0,100.0,0.0,93.3,0.477,0.0
694378,Jacob Gonzalez,PIT,L,4-Seam Fastball,FF,59,34.104046242774565,97.40508474576271,2393.322033898305,-0.457457627118644,1.3462711864406778,35.483870967741936,27.11864406779661,45.76271186440678,31.25,77.77777777777779,79.5,0.1622,0.0
694378,Jacob Gonzalez,PIT,L,Sinker,SI,31,17.91907514450867,95.39354838709677,2312.0967741935483,-0.3893548387096774,0.6141935483870967,11.76470588235294,35.483870967741936,64.51612903225806,36.36363636363637,65.0,78.41666666666667,0.107,0.09090909090909091
694378,Jacob Gonzalez,PIT,L,Changeup,CH,24,13.872832369942195,88.6875,1793.25,-1.32375,0.5108333333333334,12.5,8.333333333333332,25.0,55.55555555555556,100.0,64.47,0.25699999999999995,0.0
694378,Jacob Gonzalez,PIT,L,Cutter,FC,18,10.404624277456648,91.94999999999999,2513.0555555555557,0.14444444444444446,0.73,14.285714285714285,5.555555555555555,33.33333333333333,8.333333333333332,100.0,82.81666666666666,0.562,0.0
694378,Jacob Gonzalez,PIT,L,Slider,SL,15,8.670520231213873,86.66666666666667,2645.9333333333334,0.19733333333333333,-0.08600000000000001,14.285714285714285,20.0,33.33333333333333,40.0,60.0,82.2,0.0,0.0
694378,Jacob Gonzalez,PIT,L,Split-Finger,FS,15,8.670520231213873,89.78,1375.0666666666666,-0.7766666666666667,0.21200000000000002,0.0,13.333333333333334,86.66666666666667,0.0,84.61538461538461,75.7875,0.005,0.0
694378,Jacob Gonzalez,PIT,L,Curveball,CU,5,2.8901734104046244,80.6,2438.0,0.46799999999999997,-1.0879999999999999,0.0,20.0,60.0,50.0,66.66666666666666,82.63333333333333,0.444,0.5
694378,Jacob Gonzalez,PIT,L,Knuckle Curve,KC,4,2.312138728323699,82.27499999999999,3005.5,0.8300000000000001,-0.6375,0.0,0.0,25.0,66.66666666666666,100.0,80.3,0.0,0.0
694378,Jacob Gonzalez,PIT,L,Sweeper,ST,1,0.5780346820809248,85.8,2723.0,1.05,0.48,0.0,0.0,100.0,0.0,100.0,79.6,0.061,0.0
694378,Jacob Gonzalez,PIT,L,Unknown,UNK,1,0.5780346820809248,0.0,0.0,0.0,0.0,0.0,0.0,0.0,0.0,0.0,0.0,0.0,0.0
663968,Jake Mangum,PIT,S,4-Seam Fastball,FF,80,37.03703703703704,97.06,2377.675,-0.264125,1.30875,26.666666666666668,30.0,43.75,57.77777777777777,54.285714285714285,74.35925925925926,0.09995000000000001,0.1
663968,Jake Mangum,PIT,S,Slider,SL,35,16.203703703703702,88.54285714285714,2412.9714285714285,0.07,0.022571428571428572,22.727272727272727,22.857142857142858,51.42857142857142,35.294117647058826,88.88888888888889,81.77692307692308,0.262613,0.0
663968,Jake Mangum,PIT,S,Sinker,SI,33,15.277777777777779,94.3030303030303,2263.090909090909,-0.47545454545454546,0.5496969696969697,18.181818181818183,15.151515151515152,27.27272727272727,20.833333333333336,66.66666666666666,85.22,0.5845815999999999,0.0
663968,Jake Mangum,PIT,S,Changeup,CH,24,11.11111111111111,88.64166666666667,1760.75,-0.22708333333333333,0.42416666666666664,31.25,20.833333333333336,33.33333333333333,50.0,100.0,81.58181818181818,0.19160000000000002,0.2
663968,Jake Mangum,PIT,S,Curveball,CU,14,6.481481481481481,79.45714285714287,2586.9285714285716,0.20142857142857143,-0.9242857142857143,20.0,14.285714285714285,50.0,42.857142857142854,100.0,87.44999999999999,0.188,0.0
663968,Jake Mangum,PIT,S,Cutter,FC,14,6.481481481481481,91.59285714285714,2554.4285714285716,0.18642857142857144,0.8914285714285715,10.0,14.285714285714285,64.28571428571429,40.0,88.88888888888889,80.42222222222222,0.326,0.6666666666666666
663968,Jake Mangum,PIT,S,Split-Finger,FS,12,5.555555555555555,90.575,1403.1666666666667,-1.2133333333333334,0.034999999999999996,54.54545454545454,50.0,0.0,91.66666666666666,0.0,40.03333333333333,0.043333333333333335,0.0
663968,Jake Mangum,PIT,S,Sweeper,ST,4,1.8518518518518516,83.2,2968.0,1.145,0.365,0.0,50.0,100.0,0.0,50.0,82.1,0.0,0.0
669707,Jared Triolo,PIT,R,4-Seam Fastball,FF,55,27.500000000000004,95.60545454545455,2335.0,0.20581818181818182,1.3474545454545455,9.67741935483871,18.181818181818183,49.09090909090909,39.285714285714285,74.07407407407408,74.71904761904761,0.128,0.2857142857142857
669707,Jared Triolo,PIT,R,Sinker,SI,36,18.0,96.09166666666667,2287.6388888888887,-0.25527777777777777,0.7863888888888888,0.0,30.555555555555557,66.66666666666666,8.333333333333332,58.333333333333336,81.14285714285714,0.3530602666666667,0.25
669707,Jared Triolo,PIT,R,Changeup,CH,34,17.0,87.67941176470588,1532.9705882352941,0.6997058823529412,0.4591176470588235,11.11111111111111,5.88235294117647,32.35294117647059,30.434782608695656,100.0,82.98461538461538,0.3732,0.4
669707,Jared Triolo,PIT,R,Slider,SL,33,16.5,86.97575757575757,2452.5151515151515,0.09272727272727273,-0.04515151515151515,23.076923076923077,33.33333333333333,54.54545454545454,20.0,55.55555555555556,75.02000000000001,0.4561908,0.3333333333333333
669707,Jared Triolo,PIT,R,Cutter,FC,12,6.0,90.55,2300.0,0.1725,0.7000000000000001,0.0,25.0,75.0,0.0,88.88888888888889,78.36666666666666,0.125,0.0
669707,Jared Triolo,PIT,R,Split-Finger,FS,11,5.5,85.17272727272729,1339.0,0.07181818181818181,0.44090909090909086,0.0,9.090909090909092,36.36363636363637,28.57142857142857,75.0,84.26,0.09633333333333334,0.3333333333333333
669707,Jared Triolo,PIT,R,Curveball,CU,10,5.0,77.61,2544.8,-0.13199999999999998,-1.116,0.0,30.0,50.0,0.0,40.0,76.94999999999999,0.0,0.0
669707,Jared Triolo,PIT,R,Sweeper,ST,7,3.5000000000000004,84.22857142857143,2884.5714285714284,1.5071428571428573,0.31285714285714283,20.0,42.857142857142854,71.42857142857143,100.0,60.0,73.7,0.323,0.5
669707,Jared Triolo,PIT,R,Knuckle Curve,KC,2,1.0,80.5,2052.0,-0.06,-0.71,100.0,100.0,0.0,100.0,0.0,0.0,0.0,0.0
693304,Nick Gonzales,PIT,R,4-Seam Fastball,FF,83,36.56387665198238,96.66746987951807,2352.590361445783,-0.16759036144578313,1.3420481927710843,5.0,15.66265060240964,49.39759036144578,26.190476190476193,70.73170731707317,79.8736842105263,0.2687752222222222,0.1875
693304,Nick Gonzales,PIT,R,Sinker,SI,36,15.859030837004406,94.79444444444444,2288.3333333333335,-0.6180555555555556,0.6805555555555556,12.5,33.33333333333333,52.77777777777778,35.294117647058826,52.63157894736842,86.78571428571429,0.3606321818181818,0.3333333333333333
693304,Nick Gonzales,PIT,R,Slider,SL,28,12.334801762114537,87.56785714285715,2473.964285714286,0.21178571428571427,-0.030714285714285715,43.75,39.285714285714285,42.857142857142854,37.5,83.33333333333334,83.45,0.39321711111111113,0.5714285714285714
693304,Nick Gonzales,PIT,R,Changeup,CH,27,11.894273127753303,87.72222222222223,1638.0,0.40185185185185185,0.58,0.0,3.7037037037037033,29.629629629629626,21.052631578947366,87.5,76.075,0.177,0.0
693304,Nick Gonzales,PIT,R,Sweeper,ST,17,7.488986784140969,85.00588235294117,2624.470588235294,1.3005882352941176,-0.02294117647058823,30.76923076923077,23.52941176470588,52.94117647058824,50.0,100.0,68.19999999999999,0.23085714285714284,0.2857142857142857
693304,Nick Gonzales,PIT,R,Split-Finger,FS,16,7.048458149779736,85.74375,1344.5625,-0.20875,0.618125,28.57142857142857,12.5,31.25,18.181818181818183,100.0,81.2,0.4899953999999999,0.5
693304,Nick Gonzales,PIT,R,Curveball,CU,11,4.845814977973569,78.56363636363636,2522.5454545454545,-0.6663636363636364,-0.8781818181818182,33.33333333333333,9.090909090909092,18.181818181818183,11.11111111111111,100.0,97.0,0.36798400000000003,0.5
693304,Nick Gonzales,PIT,R,Cutter,FC,6,2.643171806167401,92.14999999999999,2429.6666666666665,0.18166666666666667,0.8300000000000001,0.0,33.33333333333333,83.33333333333334,0.0,60.0,88.8,0.419,1.0
693304,Nick Gonzales,PIT,R,Knuckle Curve,KC,3,1.3215859030837005,81.93333333333334,2336.0,-0.08,-0.54,0.0,66.66666666666666,66.66666666666666,0.0,0.0,0.0,0.697977,0.0
694377,Nick Yorke,PIT,R,4-Seam Fastball,FF,52,44.827586206896555,95.57884615384616,2452.326923076923,0.4598076923076923,1.4363461538461537,24.324324324324326,26.923076923076923,42.30769230769231,63.33333333333333,81.81818181818183,79.405,0.0756,0.1
694377,Nick Yorke,PIT,R,Changeup,CH,34,29.310344827586203,85.91470588235293,1703.7941176470588,1.0008823529411766,0.5847058823529412,27.77777777777778,26.47058823529412,35.294117647058826,36.36363636363637,83.33333333333334,71.23636363636363,0.350625,0.375
694377,Nick Yorke,PIT,R,Slider,SL,9,7.758620689655173,85.82222222222222,2303.6666666666665,-0.24666666666666665,0.04666666666666666,66.66666666666666,55.55555555555556,44.44444444444444,40.0,25.0,92.9,0.0065,0.0
694377,Nick Yorke,PIT,R,Curveball,CU,7,6.0344827586206895,78.17142857142858,2604.8571428571427,-1.0271428571428571,-0.9500000000000001,0.0,14.285714285714285,28.57142857142857,0.0,50.0,98.2,0.0,0.0
694377,Nick Yorke,PIT,R,Knuckle Curve,KC,6,5.172413793103448,78.76666666666667,2021.3333333333333,-0.37333333333333335,-0.6033333333333334,0.0,0.0,0.0,33.33333333333333,0.0,81.7,0.407,0.0
694377,Nick Yorke,PIT,R,Sinker,SI,5,4.310344827586207,93.94,2216.4,1.246,0.53,50.0,40.0,80.0,0.0,100.0,105.05,0.5965,0.5
694377,Nick Yorke,PIT,R,Cutter,FC,3,2.586206896551724,88.93333333333334,2376.0,-0.14666666666666664,0.5166666666666667,0.0,33.33333333333333,100.0,0.0,66.66666666666666,85.65,0.0,0.0
665833,Oneil Cruz,PIT,L,4-Seam Fastball,FF,86,32.95019157088122,95.82209302325582,2295.9418604651164,-0.1819767441860465,1.3437209302325581,14.705882352941178,29.069767441860467,53.48837209302325,20.0,56.52173913043478,79.876,0.5137954,0.3333333333333333
665833,Oneil Cruz,PIT,L,Slider,SL,35,13.409961685823754,87.24000000000001,2474.6,-0.192,0.27028571428571424,35.294117647058826,20.0,28.57142857142857,32.0,90.0,73.89090909090909,0.15528571428571428,0.4
665833,Oneil Cruz,PIT,L,Sinker,SI,34,13.026819923371647,94.64117647058823,2278.970588235294,-0.1464705882352941,0.7555882352941177,0.0,41.17647058823529,70.58823529411765,50.0,33.33333333333333,83.74545454545455,0.590422,0.4
665833,Oneil Cruz,PIT,L,Changeup,CH,32,12.260536398467432,89.45625,1805.0625,-1.0128125,0.5078125,60.0,40.625,53.125,26.666666666666668,94.11764705882352,86.08333333333333,0.3668977,0.2222222222222222
665833,Oneil Cruz,PIT,L,Split-Finger,FS,20,7.662835249042145,88.07000000000001,1282.7,-0.7555,0.36150000000000004,25.0,25.0,35.0,15.384615384615385,85.71428571428571,90.3,0.03333333333333333,0.0
665833,Oneil Cruz,PIT,L,Curveball,CU,12,4.597701149425287,80.70833333333333,2558.8333333333335,-0.44416666666666665,-0.755,80.0,58.333333333333336,25.0,33.33333333333333,66.66666666666666,86.0,0.0174,0.0
665833,Oneil Cruz,PIT,L,Cutter,FC,12,4.597701149425287,91.8,2578.1666666666665,0.2325,0.53,0.0,16.666666666666664,25.0,22.22222222222222,33.33333333333333,83.06666666666666,0.498,1.0
665833,Oneil Cruz,PIT,L,Knuckle Curve,KC,11,4.21455938697318,78.54545454545455,2426.5454545454545,-0.3,-0.8218181818181818,0.0,0.0,45.45454545454545,33.33333333333333,100.0,77.13333333333334,0.7206666666666667,0.3333333333333333
665833,Oneil Cruz,PIT,L,Sweeper,ST,11,4.21455938697318,82.86363636363636,2800.6363636363635,0.3972727272727273,0.18636363636363634,33.33333333333333,45.45454545454545,54.54545454545454,20.0,33.33333333333333,104.9,0.2373333333333333,0.0
665833,Oneil Cruz,PIT,L,Unknown,UNK,8,3.065134099616858,0.0,0.0,0.0,0.0,0.0,0.0,0.0,0.0,0.0,0.0,0.0,0.0
804668,Rafael Flores Jr.,PIT,R,4-Seam Fastball,FF,63,31.818181818181817,95.68412698412699,2318.3650793650795,0.08571428571428572,1.3953968253968254,30.76923076923077,30.158730158730158,46.03174603174603,50.0,75.86206896551724,85.63636363636364,0.35523076923076924,0.3076923076923077
804668,Rafael Flores Jr.,PIT,R,Slider,SL,35,17.67676767676768,88.01142857142857,2444.4857142857145,-0.1,0.17971428571428572,43.75,42.857142857142854,51.42857142857142,35.294117647058826,55.55555555555556,88.9,0.2196923076923077,0.15384615384615385
804668,Rafael Flores Jr.,PIT,R,Sinker,SI,27,13.636363636363635,95.87037037037037,2297.5,-0.422962962962963,0.9022222222222221,36.36363636363637,29.629629629629626,48.148148148148145,21.428571428571427,61.53846153846154,85.89999999999999,0.2881666666666667,0.0
804668,Rafael Flores Jr.,PIT,R,Changeup,CH,21,10.606060606060606,88.67619047619048,1683.904761904762,0.10285714285714284,0.45428571428571435,40.0,28.57142857142857,47.61904761904761,45.45454545454545,100.0,76.24444444444445,0.032818181818181816,0.0
804668,Rafael Flores Jr.,PIT,R,Curveball,CU,16,8.080808080808081,77.125,2554.8,-0.2575,-1.13625,50.0,68.75,56.25,42.857142857142854,11.11111111111111,81.8,0.3489885,0.0
804668,Rafael Flores Jr.,PIT,R,Cutter,FC,14,7.07070707070707,91.86428571428571,2545.5,0.21357142857142858,0.8528571428571429,25.0,42.857142857142854,78.57142857142857,33.33333333333333,63.63636363636363,85.61666666666667,1.0290000000000001,0.5
804668,Rafael Flores Jr.,PIT,R,Unknown,UNK,8,4.040404040404041,0.0,0.0,0.0,0.0,0.0,0.0,0.0,0.0,0.0,0.0,0.0,0.0
804668,Rafael Flores Jr.,PIT,R,Split-Finger,FS,6,3.0303030303030303,86.16666666666667,1032.6666666666667,0.7933333333333333,-0.49666666666666665,50.0,33.33333333333333,33.33333333333333,50.0,100.0,80.9,0.05,0.0
804668,Rafael Flores Jr.,PIT,R,Knuckle Curve,KC,4,2.0202020202020203,80.65,2201.75,0.04749999999999999,-0.5325,100.0,75.0,50.0,50.0,0.0,0.0,0.0,0.0
804668,Rafael Flores Jr.,PIT,R,Sweeper,ST,4,2.0202020202020203,85.92500000000001,2678.25,0.08499999999999999,0.21,0.0,50.0,75.0,0.0,33.33333333333333,79.8,0.0,0.0
687462,Spencer Horwitz,PIT,L,4-Seam Fastball,FF,75,36.94581280788177,96.16,2376.6666666666665,-0.23746666666666666,1.3618666666666668,3.4482758620689653,21.333333333333336,36.0,39.58333333333333,37.03703703703704,81.88928571428572,0.3308781764705882,0.26666666666666666
687462,Spencer Horwitz,PIT,L,Slider,SL,41,20.19704433497537,86.30975609756098,2448.6341463414633,0.12853658536585366,0.1578048780487805,54.54545454545454,39.02439024390244,36.58536585365854,15.384615384615385,46.666666666666664,89.4,0.381,0.3333333333333333
687462,Spencer Horwitz,PIT,L,Sinker,SI,29,14.285714285714285,95.37241379310345,2338.103448275862,-0.3531034482758621,0.7044827586206897,0.0,51.724137931034484,79.3103448275862,50.0,26.08695652173913,82.64444444444445,0.16240000000000002,0.1
687462,Spencer Horwitz,PIT,L,Cutter,FC,18,8.866995073891626,92.34444444444445,2619.722222222222,0.1822222222222222,0.6972222222222223,0.0,38.88888888888889,77.77777777777779,50.0,42.857142857142854,75.5625,0.0,0.0
687462,Spencer Horwitz,PIT,L,Changeup,CH,17,8.374384236453201,87.95294117647059,1768.4117647058824,-1.1523529411764706,0.5176470588235295,20.0,35.294117647058826,47.05882352941176,22.22222222222222,37.5,82.025,0.18225,0.25
687462,Spencer Horwitz,PIT,L,Split-Finger,FS,13,6.403940886699508,89.72307692307692,1400.0,-0.5723076923076923,0.18615384615384614,71.42857142857143,53.84615384615385,30.76923076923077,55.55555555555556,50.0,71.9,0.03257142857142857,0.0
687462,Spencer Horwitz,PIT,L,Curveball,CU,5,2.4630541871921183,78.17999999999999,2493.2,0.484,-1.084,50.0,60.0,20.0,25.0,100.0,80.6,0.014,0.0
687462,Spencer Horwitz,PIT,L,Sweeper,ST,3,1.477832512315271,83.43333333333334,2814.3333333333335,1.3066666666666666,0.34,0.0,0.0,66.66666666666666,0.0,100.0,81.9,0.031,0.0
687462,Spencer Horwitz,PIT,L,Knuckle Curve,KC,2,0.9852216748768473,79.9,2056.0,-0.73,-0.47,0.0,0.0,100.0,0.0,100.0,82.3,0.12,0.0
669720,Austin Hays,SDP,R,Slider,SL,24,20.689655172413794,87.8,2615.3333333333335,-0.050416666666666665,0.16708333333333333,33.33333333333333,25.0,50.0,16.666666666666664,83.33333333333334,84.01666666666667,0.258497125,0.2857142857142857
669720,Austin Hays,SDP,R,4-Seam Fastball,FF,23,19.82758620689655,95.69130434782609,2307.4347826086955,0.32869565217391306,1.2108695652173913,0.0,26.08695652173913,43.47826086956522,23.076923076923077,60.0,87.84444444444445,0.1175,0.0
669720,Austin Hays,SDP,R,Sinker,SI,21,18.103448275862068,95.84761904761905,2295.0476190476193,0.6914285714285714,0.7880952380952382,54.54545454545454,42.857142857142854,57.14285714285714,22.22222222222222,75.0,97.92,0.3387142857142857,0.42857142857142855
669720,Austin Hays,SDP,R,Curveball,CU,15,12.931034482758621,83.82,3195.866666666667,-0.932,-0.6753333333333333,28.57142857142857,40.0,40.0,66.66666666666666,16.666666666666664,74.9,0.0,0.0
669720,Austin Hays,SDP,R,Sweeper,ST,15,12.931034482758621,81.71333333333334,2633.866666666667,-0.038666666666666655,0.07933333333333334,36.36363636363637,26.666666666666668,40.0,55.55555555555556,100.0,83.66,0.019,0.0
669720,Austin Hays,SDP,R,Changeup,CH,14,12.068965517241379,87.42857142857143,1863.142857142857,1.1821428571428572,0.2978571428571429,57.14285714285714,28.57142857142857,21.428571428571427,45.45454545454545,66.66666666666666,68.86666666666666,0.091,0.0
669720,Austin Hays,SDP,R,Cutter,FC,4,3.4482758620689653,89.85,2370.5,-0.08,0.5875,50.0,50.0,75.0,0.0,66.66666666666666,104.2,0.697977,0.0
687957,Dustin Harris,SDP,L,4-Seam Fastball,FF,10,23.809523809523807,96.58,2300.0,-0.784,1.342,0.0,20.0,60.0,0.0,100.0,75.39999999999999,0.322,0.3333333333333333
687957,Dustin Harris,SDP,L,Changeup,CH,9,21.428571428571427,84.52222222222223,1858.3333333333333,-1.0866666666666667,0.09888888888888887,50.0,44.44444444444444,55.55555555555556,75.0,100.0,83.67500000000001,0.13825,0.75
687957,Dustin Harris,SDP,L,Sweeper,ST,9,21.428571428571427,84.71111111111111,2647.3333333333335,0.8933333333333332,0.2866666666666667,57.14285714285714,66.66666666666666,22.22222222222222,71.42857142857143,100.0,71.43333333333334,0.2713333333333333,0.3333333333333333
687957,Dustin Harris,SDP,L,Sinker,SI,8,19.047619047619047,96.7125,2317.625,-0.6875,0.45625,0.0,12.5,25.0,33.33333333333333,50.0,82.7,0.194,0.0
687957,Dustin Harris,SDP,L,Cutter,FC,3,7.142857142857142,96.26666666666667,2472.0,-0.4666666666666666,1.05,0.0,0.0,100.0,0.0,100.0,54.36666666666667,0.3463333333333333,0.3333333333333333
687957,Dustin Harris,SDP,L,Curveball,CU,2,4.761904761904762,85.5,2575.0,0.73,-0.68,0.0,0.0,100.0,0.0,100.0,0.0,0.0,0.0
687957,Dustin Harris,SDP,L,Slider,SL,1,2.380952380952381,83.7,2348.0,0.1,0.16,0.0,100.0,100.0,0.0,0.0,0.0,0.0,0.0
665487,Fernando Tatis Jr.,SDP,R,Sinker,SI,51,20.98765432098765,94.99803921568626,2228.078431372549,-0.7437254901960785,0.683921568627451,19.230769230769234,31.372549019607842,56.86274509803921,36.36363636363637,62.06896551724138,85.33500000000001,0.21876470588235297,0.11764705882352941
665487,Fernando Tatis Jr.,SDP,R,4-Seam Fastball,FF,45,18.51851851851852,94.5111111111111,2266.088888888889,-0.5691111111111111,1.3024444444444445,4.545454545454546,22.22222222222222,71.11111111111111,0.0,68.75,92.3,0.8109999999999999,0.45454545454545453
665487,Fernando Tatis Jr.,SDP,R,Slider,SL,36,14.814814814814813,89.04444444444444,2502.5833333333335,0.1413888888888889,0.1822222222222222,37.5,33.33333333333333,55.55555555555556,43.75,85.0,91.26666666666667,0.5126363636363637,0.5454545454545454
665487,Fernando Tatis Jr.,SDP,R,Changeup,CH,33,13.580246913580247,86.34848484848484,1875.030303030303,-0.6666666666666666,0.503030303030303,15.0,9.090909090909092,42.42424242424242,31.57894736842105,100.0,91.44285714285715,0.5712222222222222,0.4444444444444444
665487,Fernando Tatis Jr.,SDP,R,Cutter,FC,33,13.580246913580247,90.04545454545455,2470.121212121212,0.0993939393939394,0.6809090909090909,23.076923076923077,36.36363636363637,51.515151515151516,18.75,58.82352941176471,88.07777777777778,0.36928242857142857,0.16666666666666666
665487,Fernando Tatis Jr.,SDP,R,Sweeper,ST,16,6.584362139917696,79.23125,2442.1875,0.258125,0.02125,16.666666666666664,25.0,31.25,18.181818181818183,80.0,92.3,0.4274,0.2
665487,Fernando Tatis Jr.,SDP,R,Split-Finger,FS,15,6.172839506172839,82.72,1417.6,-1.094,0.716,25.0,20.0,60.0,0.0,88.88888888888889,65.4,0.098,0.0
665487,Fernando Tatis Jr.,SDP,R,Curveball,CU,14,5.761316872427984,82.95714285714287,2975.9285714285716,0.2257142857142857,-0.6685714285714285,33.33333333333333,28.57142857142857,50.0,14.285714285714285,71.42857142857143,82.25,0.32080000000000003,0.4
666023,Freddy Fermin,SDP,R,Slider,SL,33,28.947368421052634,90.11515151515152,2589.818181818182,-0.07363636363636364,0.20696969696969697,20.0,24.242424242424242,60.60606060606061,61.53846153846154,85.0,79.84375,0.39439769999999996,0.4444444444444444
666023,Freddy Fermin,SDP,R,4-Seam Fastball,FF,27,23.684210526315788,94.84074074074073,2229.814814814815,-0.4092592592592592,1.2733333333333334,26.666666666666668,40.74074074074074,59.25925925925925,54.54545454545454,56.25,90.03333333333333,0.4574285714285714,0.42857142857142855
666023,Freddy Fermin,SDP,R,Sinker,SI,18,15.789473684210526,95.83333333333333,2202.777777777778,-0.6944444444444444,0.6894444444444444,33.33333333333333,11.11111111111111,33.33333333333333,0.0,100.0,84.475,0.322,0.0
666023,Freddy Fermin,SDP,R,Curveball,CU,13,11.403508771929824,82.26923076923077,2978.0,-0.5038461538461538,-0.8084615384615385,50.0,30.76923076923077,30.76923076923077,22.22222222222222,50.0,72.5,0.0,0.0
666023,Freddy Fermin,SDP,R,Cutter,FC,11,9.649122807017543,87.17272727272727,2323.2727272727275,0.06727272727272728,0.5909090909090909,0.0,0.0,45.45454545454545,83.33333333333334,100.0,80.45714285714287,0.3056,0.2
666023,Freddy Fermin,SDP,R,Changeup,CH,8,7.017543859649122,88.0,1752.875,0.6275,0.41750000000000004,0.0,0.0,12.5,0.0,100.0,100.4,0.117,0.0
666023,Freddy Fermin,SDP,R,Sweeper,ST,3,2.631578947368421,82.0,2402.6666666666665,0.2766666666666666,0.010000000000000009,50.0,33.33333333333333,33.33333333333333,50.0,100.0,53.2,0.221,0.0
666023,Freddy Fermin,SDP,R,Split-Finger,FS,1,0.8771929824561403,83.8,1277.0,-1.05,-0.05,0.0,0.0,0.0,0.0,0.0,0.0,0.0,0.0
701538,Jackson Merrill,SDP,L,4-Seam Fastball,FF,74,34.25925925925926,95.59324324324324,2246.2432432432433,-0.17702702702702702,1.2560810810810812,36.17021276595745,39.189189189189186,54.054054054054056,44.11764705882353,80.0,89.53103448275863,0.19099816,0.043478260869565216
701538,Jackson Merrill,SDP,L,Slider,SL,32,14.814814814814813,87.571875,2659.9375,-0.20531249999999998,0.1053125,50.0,43.75,37.5,65.0,75.0,82.0875,0.14742857142857144,0.14285714285714285
701538,Jackson Merrill,SDP,L,Sinker,SI,25,11.574074074074074,95.932,2197.0,0.05120000000000003,0.7644,20.0,32.0,52.0,25.0,53.84615384615385,87.35714285714286,0.233422,0.0
701538,Jackson Merrill,SDP,L,Split-Finger,FS,23,10.648148148148149,87.73913043478261,1416.7391304347825,-1.0291304347826087,0.13521739130434782,11.76470588235294,8.695652173913043,30.434782608695656,62.5,100.0,82.13846153846154,0.842,0.5
701538,Jackson Merrill,SDP,L,Curveball,CU,21,9.722222222222223,83.16190476190476,2893.1428571428573,0.07523809523809523,-0.7957142857142857,12.5,9.523809523809524,42.857142857142854,58.333333333333336,100.0,85.02857142857144,0.45237499999999997,0.375
701538,Jackson Merrill,SDP,L,Cutter,FC,20,9.25925925925926,90.865,2413.45,0.066,0.7535000000000001,35.294117647058826,30.0,60.0,62.5,100.0,94.31818181818181,0.645,0.375
701538,Jackson Merrill,SDP,L,Changeup,CH,11,5.092592592592593,85.04545454545455,1722.2727272727273,-1.3690909090909091,0.5009090909090909,25.0,18.181818181818183,36.36363636363637,14.285714285714285,75.0,83.8,0.1255,0.0
701538,Jackson Merrill,SDP,L,Sweeper,ST,6,2.7777777777777777,76.41666666666667,2623.3333333333335,-1.0866666666666667,0.03166666666666667,0.0,0.0,50.0,0.0,100.0,87.13333333333333,0.255,0.0
701538,Jackson Merrill,SDP,L,Unknown,UNK,4,1.8518518518518516,0.0,0.0,0.0,0.0,0.0,0.0,0.0,0.0,0.0,0.0,0.0,0.0
630105,Jake Cronenworth,SDP,L,4-Seam Fastball,FF,93,30.89700996677741,94.74946236559141,2254.6881720430106,-0.529032258064516,1.3262365591397849,6.666666666666667,20.43010752688172,41.935483870967744,14.814814814814813,56.41025641025641,76.41666666666667,0.48859386666666665,0.5454545454545454
630105,Jake Cronenworth,SDP,L,Sinker,SI,64,21.262458471760798,95.128125,2214.09375,-0.70625,0.7279687499999999,15.384615384615385,34.375,56.25,28.57142857142857,50.0,81.34210526315789,0.3525753157894737,0.3125
630105,Jake Cronenworth,SDP,L,Slider,SL,47,15.614617940199334,87.82553191489362,2567.3617021276596,-0.10148936170212768,0.285531914893617,58.333333333333336,36.17021276595745,31.914893617021278,18.75,40.0,83.76666666666667,0.0986641111111111,0.0
630105,Jake Cronenworth,SDP,L,Curveball,CU,28,9.30232558139535,84.24642857142858,2742.6071428571427,0.4660714285714285,-0.8707142857142857,23.52941176470588,28.57142857142857,39.285714285714285,58.82352941176471,63.63636363636363,81.65384615384616,0.045,0.0
630105,Jake Cronenworth,SDP,L,Cutter,FC,26,8.637873754152823,89.69615384615385,2474.230769230769,0.32807692307692304,0.6392307692307693,21.428571428571427,34.61538461538461,50.0,46.15384615384615,61.53846153846154,90.13333333333334,0.18325,0.375
630105,Jake Cronenworth,SDP,L,Changeup,CH,19,6.312292358803987,85.2,1829.4736842105262,-1.1394736842105262,0.2621052631578948,43.75,36.84210526315789,36.84210526315789,75.0,100.0,68.11666666666666,0.014599999999999998,0.0
630105,Jake Cronenworth,SDP,L,Split-Finger,FS,19,6.312292358803987,87.51052631578948,1576.2105263157894,-1.0873684210526315,0.45368421052631586,0.0,5.263157894736842,36.84210526315789,16.666666666666664,100.0,74.94444444444444,0.514,0.0
630105,Jake Cronenworth,SDP,L,Sweeper,ST,5,1.6611295681063125,79.12,2519.6,-0.45600000000000007,0.03199999999999999,50.0,40.0,20.0,50.0,0.0,47.9,0.0,0.0
687749,Jase Bowen,SDP,R,4-Seam Fastball,FF,4,28.57142857142857,94.475,2345.0,-0.645,1.49,25.0,25.0,50.0,100.0,100.0,84.66666666666667,0.0,0.0
687749,Jase Bowen,SDP,R,Curveball,CU,3,21.428571428571427,85.33333333333333,2692.3333333333335,0.56,-0.65,50.0,66.66666666666666,0.0,66.66666666666666,0.0,79.8,0.0,0.0
687749,Jase Bowen,SDP,R,Slider,SL,3,21.428571428571427,86.83333333333333,2262.3333333333335,0.19999999999999998,0.05333333333333332,0.0,0.0,66.66666666666666,0.0,100.0,87.15,0.274,1.0
687749,Jase Bowen,SDP,R,Changeup,CH,2,14.285714285714285,86.85,1856.0,-1.425,0.05,0.0,0.0,100.0,0.0,100.0,74.85,0.174,0.0
687749,Jase Bowen,SDP,R,Cutter,FC,1,7.142857142857142,92.4,2460.0,-0.23,0.7,0.0,0.0,100.0,0.0,100.0,0.0,0.0,0.0
687749,Jase Bowen,SDP,R,Sinker,SI,1,7.142857142857142,95.3,2286.0,-1.35,0.79,0.0,0.0,100.0,0.0,100.0,98.0,0.456,0.0
669134,Luis Campusano,SDP,R,Sinker,SI,31,23.484848484848484,94.98064516129033,2216.0,-1.2729032258064517,0.5258064516129033,33.33333333333333,25.806451612903224,38.70967741935484,0.0,75.0,89.425,0.22728242857142858,0.0
669134,Luis Campusano,SDP,R,Slider,SL,22,16.666666666666664,87.26818181818182,2403.409090909091,0.28,0.32227272727272727,53.333333333333336,54.54545454545454,22.727272727272727,76.47058823529412,40.0,70.825,0.015,0.0
669134,Luis Campusano,SDP,R,4-Seam Fastball,FF,20,15.151515151515152,95.035,2212.8,-0.3855,1.226,25.0,20.0,30.0,50.0,83.33333333333334,74.86666666666666,0.21249425,0.0
669134,Luis Campusano,SDP,R,Sweeper,ST,19,14.393939393939394,84.48421052631579,2490.9473684210525,1.0626315789473684,0.4110526315789474,63.63636363636363,42.10526315789473,26.31578947368421,50.0,80.0,57.8,0.0,0.0
669134,Luis Campusano,SDP,R,Cutter,FC,18,13.636363636363635,93.05000000000001,2404.1666666666665,-0.02499999999999999,0.9244444444444445,22.22222222222222,16.666666666666664,44.44444444444444,20.0,87.5,76.22857142857143,0.3344187142857143,0.0
669134,Luis Campusano,SDP,R,Changeup,CH,10,7.575757575757576,83.16,1808.1,-0.38899999999999996,0.25,0.0,20.0,60.0,0.0,66.66666666666666,72.35,0.21933333333333335,0.0
669134,Luis Campusano,SDP,R,Curveball,CU,7,5.303030303030303,84.75714285714285,2784.285714285714,0.41571428571428576,-0.9314285714285715,0.0,28.57142857142857,85.71428571428571,0.0,66.66666666666666,89.15,0.154,1.0
669134,Luis Campusano,SDP,R,Forkball,FO,3,2.272727272727273,83.66666666666667,1190.0,-1.1833333333333333,0.11333333333333333,0.0,0.0,0.0,0.0,0.0,0.0,0.0,0.0
669134,Luis Campusano,SDP,R,Split-Finger,FS,2,1.5151515151515151,92.9,1534.0,-0.97,-0.15,0.0,0.0,100.0,0.0,100.0,90.3,0.0,0.0
592518,Manny Machado,SDP,R,Sinker,SI,62,22.962962962962962,95.66774193548386,2203.0967741935483,-0.7798387096774194,0.7004838709677419,6.896551724137931,24.193548387096776,50.0,35.483870967741936,58.06451612903226,81.48260869565217,0.33860000000000007,0.3333333333333333
592518,Manny Machado,SDP,R,Cutter,FC,45,16.666666666666664,89.71333333333334,2407.133333333333,0.2673333333333333,0.6104444444444445,26.31578947368421,22.22222222222222,33.33333333333333,30.0,66.66666666666666,83.60000000000001,0.47630238461538466,0.2
592518,Manny Machado,SDP,R,Slider,SL,43,15.925925925925927,89.56046511627906,2513.2093023255816,0.07046511627906978,0.30209302325581394,18.51851851851852,27.906976744186046,58.139534883720934,50.0,72.0,75.22631578947369,0.0615,0.0
592518,Manny Machado,SDP,R,4-Seam Fastball,FF,42,15.555555555555555,94.47619047619048,2291.6190476190477,-0.45928571428571424,1.312857142857143,30.0,40.476190476190474,54.761904761904766,36.84210526315789,56.52173913043478,83.29166666666667,0.2863810769230769,0.2727272727272727
592518,Manny Machado,SDP,R,Changeup,CH,27,10.0,86.48518518518519,1782.3333333333333,0.11962962962962961,0.32185185185185183,22.22222222222222,14.814814814814813,29.629629629629626,26.31578947368421,50.0,79.11428571428571,0.5421034444444444,0.3333333333333333
592518,Manny Machado,SDP,R,Curveball,CU,23,8.518518518518519,81.69565217391305,2989.1739130434785,0.8108695652173913,-0.9665217391304348,10.0,30.434782608695656,56.52173913043478,10.0,69.23076923076923,74.71428571428571,0.697977,0.0
592518,Manny Machado,SDP,R,Sweeper,ST,15,5.555555555555555,81.03333333333333,2435.0666666666666,0.766,0.31466666666666665,42.857142857142854,26.666666666666668,33.33333333333333,30.0,80.0,78.3,0.17449425,0.0
592518,Manny Machado,SDP,R,Split-Finger,FS,13,4.814814814814815,83.9,1424.5384615384614,-1.166923076923077,0.06923076923076922,0.0,0.0,0.0,0.0,0.0,0.0,0.697977,0.0
823550,Sung-Mun Song,SDP,L,4-Seam Fastball,FF,4,28.57142857142857,94.675,2291.0,-0.99,0.9525,0.0,0.0,50.0,0.0,100.0,79.0,0.025,0.0
823550,Sung-Mun Song,SDP,L,Cutter,FC,3,21.428571428571427,90.39999999999999,2416.0,-0.01333333333333333,0.5333333333333333,0.0,33.33333333333333,33.33333333333333,0.0,100.0,77.3,0.0,0.0
823550,Sung-Mun Song,SDP,L,Sinker,SI,3,21.428571428571427,93.5,2200.6666666666665,-1.406666666666667,0.42,100.0,66.66666666666666,66.66666666666666,0.0,50.0,0.0,0.0,0.0
823550,Sung-Mun Song,SDP,L,Sweeper,ST,3,21.428571428571427,84.7,2852.3333333333335,1.0666666666666667,-0.17333333333333334,0.0,33.33333333333333,66.66666666666666,0.0,50.0,102.9,0.0,0.0
823550,Sung-Mun Song,SDP,L,Changeup,CH,1,7.142857142857142,87.1,1912.0,-1.37,-0.04,0.0,0.0,0.0,0.0,0.0,0.0,0.0,0.0
664034,Ty France,SDP,R,4-Seam Fastball,FF,91,35.13513513513514,94.63736263736264,2247.5714285714284,-0.5302197802197802,1.2741758241758243,17.02127659574468,16.483516483516482,46.15384615384615,24.489795918367346,83.33333333333334,83.44285714285714,0.5417434285714285,0.4
664034,Ty France,SDP,R,Sinker,SI,56,21.62162162162162,95.57321428571429,2261.6428571428573,0.14928571428571427,0.687142857142857,25.0,21.428571428571427,37.5,28.57142857142857,66.66666666666666,76.45555555555556,0.5511734545454545,0.5714285714285714
664034,Ty France,SDP,R,Cutter,FC,44,16.988416988416986,89.74545454545455,2459.4772727272725,0.04090909090909091,0.6577272727272727,21.73913043478261,18.181818181818183,40.909090909090914,30.76923076923077,83.33333333333334,79.34285714285714,0.33854533333333336,0.0
664034,Ty France,SDP,R,Curveball,CU,24,9.266409266409266,82.8625,2820.9166666666665,0.11416666666666668,-0.7933333333333333,43.75,41.66666666666667,45.83333333333333,61.53846153846154,72.72727272727273,86.25555555555555,0.11928571428571429,0.0
664034,Ty France,SDP,R,Slider,SL,18,6.94980694980695,86.25,2402.9444444444443,0.08555555555555555,0.255,30.0,22.22222222222222,27.77777777777778,38.46153846153847,100.0,93.66,0.0655,0.0
664034,Ty France,SDP,R,Sweeper,ST,11,4.247104247104247,80.49090909090908,2320.6363636363635,0.6736363636363637,0.41545454545454547,0.0,9.090909090909092,54.54545454545454,20.0,83.33333333333334,76.35000000000001,0.23265899999999998,0.0
664034,Ty France,SDP,R,Changeup,CH,10,3.861003861003861,84.34,1791.3,0.05800000000000001,0.184,60.0,50.0,50.0,40.0,60.0,78.75,0.0,0.0
664034,Ty France,SDP,R,Split-Finger,FS,5,1.9305019305019304,84.32000000000001,1433.4,-1.1039999999999999,-0.118,0.0,0.0,0.0,0.0,0.0,0.0,0.0,0.0
593428,Xander Bogaerts,SDP,R,Sinker,SI,68,32.38095238095238,95.28823529411765,2185.9411764705883,-0.34955882352941176,0.7076470588235294,15.384615384615385,26.47058823529412,51.470588235294116,18.181818181818183,57.14285714285714,89.84761904761905,0.3565581304347826,0.23529411764705882
593428,Xander Bogaerts,SDP,R,Slider,SL,44,20.952380952380953,87.78636363636363,2567.2045454545455,0.0038636363636363647,0.2736363636363637,53.84615384615385,40.909090909090914,40.909090909090914,23.076923076923077,38.88888888888889,85.95,0.13521966666666665,0.0
593428,Xander Bogaerts,SDP,R,4-Seam Fastball,FF,30,14.285714285714285,92.74,2302.5666666666666,-0.6423333333333333,1.3193333333333332,0.0,20.0,63.33333333333333,54.54545454545454,73.68421052631578,87.885,0.41109999999999997,0.1
593428,Xander Bogaerts,SDP,R,Cutter,FC,23,10.952380952380953,89.86521739130436,2379.1739130434785,0.26869565217391306,0.6026086956521739,45.45454545454545,30.434782608695656,30.434782608695656,37.5,71.42857142857143,99.45,0.3983333333333334,0.3333333333333333
593428,Xander Bogaerts,SDP,R,Curveball,CU,18,8.571428571428571,83.6888888888889,2901.777777777778,-0.07944444444444446,-0.6916666666666668,20.0,16.666666666666664,33.33333333333333,8.333333333333332,66.66666666666666,78.9,0.058,0.0
593428,Xander Bogaerts,SDP,R,Sweeper,ST,15,7.142857142857142,80.11999999999999,2702.5333333333333,-0.45600000000000007,0.017333333333333333,42.857142857142854,26.666666666666668,46.666666666666664,12.5,85.71428571428571,71.1,0.0,0.0
593428,Xander Bogaerts,SDP,R,Changeup,CH,10,4.761904761904762,84.2,1944.3,0.254,0.025999999999999995,16.666666666666664,10.0,60.0,0.0,100.0,73.92,0.055333333333333325,0.0
593428,Xander Bogaerts,SDP,R,Split-Finger,FS,2,0.9523809523809524,84.7,1133.0,-1.06,0.05,0.0,100.0,100.0,0.0,0.0,0.0,0.0,0.0
650859,,SDP,L,4-Seam Fastball,FF,76,37.4384236453202,95.08947368421053,2270.5131578947367,-0.300921052631579,1.3714473684210526,9.67741935483871,25.0,51.31578947368421,18.91891891891892,61.53846153846154,86.07142857142857,0.29426315789473684,0.21052631578947367
650859,,SDP,L,Cutter,FC,37,18.226600985221676,89.55135135135136,2466.4324324324325,0.000810810810810813,0.6089189189189189,21.73913043478261,24.324324324324326,59.45945945945946,33.33333333333333,81.81818181818183,82.21111111111111,0.18824808333333332,0.18181818181818182
650859,,SDP,L,Slider,SL,29,14.285714285714285,87.62413793103448,2625.206896551724,0.07413793103448275,0.09586206896551723,0.0,17.24137931034483,41.37931034482759,29.411764705882355,58.333333333333336,79.50833333333334,0.3169948888888889,0.42857142857142855
657757,,SDP,L,Sinker,SI,22,20.754716981132077,94.83181818181819,2224.590909090909,-1.3381818181818181,0.7918181818181818,0.0,36.36363636363637,54.54545454545454,60.0,41.66666666666667,83.30909090909091,0.3592857142857143,0.2857142857142857
650859,,SDP,L,Sinker,SI,20,9.852216748768473,95.035,2291.0,-1.0785,0.49050000000000005,60.0,45.0,55.00000000000001,22.22222222222222,72.72727272727273,84.6,0.096,0.0
657757,,SDP,L,4-Seam Fastball,FF,20,18.867924528301888,93.405,2330.7,-0.696,1.343,0.0,15.0,45.0,18.181818181818183,77.77777777777779,79.43333333333334,0.19724425,0.0
657757,,SDP,L,Curveball,CU,17,16.037735849056602,83.95294117647059,2848.5882352941176,0.6211764705882353,-0.8805882352941177,0.0,29.411764705882355,52.94117647058824,37.5,66.66666666666666,90.92222222222222,0.2425,0.0
657757,,SDP,L,Changeup,CH,16,15.09433962264151,82.46875,1771.625,-1.15875,0.250625,16.666666666666664,12.5,43.75,11.11111111111111,71.42857142857143,87.17999999999999,0.462659,0.5
650859,,SDP,L,Changeup,CH,13,6.403940886699508,86.23076923076923,1985.6153846153845,-0.7023076923076922,0.1823076923076923,18.181818181818183,23.076923076923077,53.84615384615385,83.33333333333334,85.71428571428571,79.225,0.07275000000000001,0.0
657757,,SDP,L,Slider,SL,13,12.264150943396226,89.34615384615384,2521.923076923077,0.24461538461538462,0.34461538461538466,66.66666666666666,38.46153846153847,23.076923076923077,40.0,66.66666666666666,102.69999999999999,0.728952,0.0
650859,,SDP,L,Curveball,CU,12,5.911330049261084,85.0,2748.0,0.02083333333333334,-0.5491666666666667,25.0,25.0,33.33333333333333,12.5,75.0,84.03333333333335,0.18,0.0
650859,,SDP,L,Sweeper,ST,10,4.926108374384237,81.8,2416.9,0.37,0.087,0.0,20.0,30.0,14.285714285714285,33.33333333333333,92.55000000000001,0.0,0.0
657757,,SDP,L,Cutter,FC,9,8.49056603773585,89.44444444444444,2399.1111111111113,0.16333333333333336,0.7655555555555555,25.0,11.11111111111111,22.22222222222222,28.57142857142857,100.0,84.4,0.0,0.0
650859,,SDP,L,Split-Finger,FS,6,2.955665024630542,90.26666666666667,1531.3333333333333,-1.1500000000000001,0.5,0.0,33.33333333333333,66.66666666666666,0.0,50.0,70.6,0.0,0.0
657757,,SDP,L,Split-Finger,FS,4,3.7735849056603774,81.55000000000001,1316.5,-1.33,0.61,100.0,50.0,0.0,50.0,0.0,0.0,0.0,0.0
657757,,SDP,L,Sweeper,ST,3,2.8301886792452833,79.66666666666667,2632.0,1.4533333333333334,0.1466666666666667,50.0,66.66666666666666,33.33333333333333,100.0,0.0,62.4,0.0,0.0
657757,,SDP,L,Forkball,FO,2,1.8867924528301887,82.1,1142.0,-1.205,0.08499999999999999,0.0,0.0,0.0,0.0,0.0,0.0,0.0,0.0
801126,Brock Rodden,SEA,S,4-Seam Fastball,FF,57,38.775510204081634,94.54561403508772,2388.7894736842104,-0.323859649122807,1.2349122807017543,40.74074074074074,29.82456140350877,40.35087719298245,32.35294117647059,69.56521739130434,85.01818181818182,0.1857969333333333,0.07692307692307693
801126,Brock Rodden,SEA,S,Changeup,CH,21,14.285714285714285,84.20952380952382,1901.7142857142858,0.2376190476190476,0.43666666666666665,50.0,33.33333333333333,52.38095238095239,30.0,63.63636363636363,79.96,0.123125,0.0
801126,Brock Rodden,SEA,S,Sinker,SI,16,10.884353741496598,94.2375,2115.0625,0.00812499999999998,0.6625,25.0,37.5,56.25,42.857142857142854,55.55555555555556,79.56666666666666,0.13966666666666666,0.0
801126,Brock Rodden,SEA,S,Split-Finger,FS,12,8.16326530612245,88.05,1620.1666666666667,-1.3549999999999998,0.16,50.0,33.33333333333333,33.33333333333333,50.0,100.0,79.35,0.107,0.0
801126,Brock Rodden,SEA,S,Cutter,FC,10,6.802721088435375,89.22,2407.4,0.10700000000000001,0.713,0.0,10.0,50.0,60.0,80.0,78.25,0.386,1.0
801126,Brock Rodden,SEA,S,Curveball,CU,8,5.442176870748299,76.0375,2638.625,-0.53375,-0.88125,0.0,12.5,12.5,57.14285714285714,0.0,94.9,0.288,0.0
801126,Brock Rodden,SEA,S,Slider,SL,8,5.442176870748299,85.7125,2762.625,-0.125,0.1,33.33333333333333,75.0,87.5,100.0,28.57142857142857,96.9,0.269,0.0
801126,Brock Rodden,SEA,S,Knuckle Curve,KC,7,4.761904761904762,80.24285714285715,2670.285714285714,1.3728571428571428,-0.8357142857142856,0.0,28.57142857142857,42.857142857142854,0.0,33.33333333333333,84.2,0.46631799999999995,0.0
801126,Brock Rodden,SEA,S,Sweeper,ST,5,3.4013605442176873,84.46000000000001,2637.6,0.254,0.08199999999999999,50.0,60.0,60.0,50.0,33.33333333333333,96.2,0.0875,0.0
801126,Brock Rodden,SEA,S,Slurve,SV,3,2.0408163265306123,84.0,2223.6666666666665,-0.19999999999999998,-0.049999999999999996,0.0,33.33333333333333,100.0,0.0,66.66666666666666,79.2,0.15933333333333333,0.3333333333333333
663728,Cal Raleigh,SEA,S,4-Seam Fastball,FF,70,30.303030303030305,95.12857142857143,2370.157142857143,-0.25,1.2982857142857143,10.81081081081081,15.714285714285714,44.285714285714285,35.8974358974359,74.19354838709677,91.19677419354838,0.678217111111111,0.35714285714285715
663728,Cal Raleigh,SEA,S,Changeup,CH,43,18.614718614718615,86.09302325581395,1666.6046511627908,0.007209302325581371,0.32232558139534884,46.15384615384615,23.25581395348837,27.906976744186046,16.129032258064516,66.66666666666666,97.66666666666667,0.44424712499999996,0.2857142857142857
663728,Cal Raleigh,SEA,S,Curveball,CU,28,12.121212121212121,80.44285714285715,2763.1071428571427,0.07535714285714287,-1.042142857142857,62.5,32.142857142857146,25.0,23.809523809523807,42.857142857142854,73.3,0.53348275,0.0
663728,Cal Raleigh,SEA,S,Cutter,FC,26,11.255411255411255,90.46538461538461,2521.9615384615386,0.09653846153846153,0.7592307692307692,33.33333333333333,23.076923076923077,38.46153846153847,43.75,80.0,78.84,0.7060000000000001,0.6666666666666666
663728,Cal Raleigh,SEA,S,Sinker,SI,16,6.926406926406926,94.725,2246.6875,-1.216875,0.68125,0.0,50.0,62.5,0.0,20.0,88.7,0.3514885,0.0
663728,Cal Raleigh,SEA,S,Sweeper,ST,14,6.0606060606060606,84.07142857142857,2668.0714285714284,-0.34785714285714286,-0.07357142857142855,33.33333333333333,21.428571428571427,42.857142857142854,37.5,100.0,82.86,0.3489885,0.0
663728,Cal Raleigh,SEA,S,Knuckle Curve,KC,11,4.761904761904762,82.80909090909091,2606.4545454545455,1.0227272727272727,-0.6854545454545454,40.0,36.36363636363637,36.36363636363637,42.857142857142854,50.0,100.26666666666667,0.8578294999999999,0.6
663728,Cal Raleigh,SEA,S,Split-Finger,FS,11,4.761904761904762,86.87272727272727,1637.4545454545455,-0.6281818181818182,0.40454545454545454,50.0,18.181818181818183,18.181818181818183,22.22222222222222,100.0,94.0,0.42479079999999997,0.3333333333333333
663728,Cal Raleigh,SEA,S,Slider,SL,10,4.329004329004329,87.19,2395.3,-0.153,0.28500000000000003,42.857142857142854,50.0,70.0,66.66666666666666,71.42857142857143,98.4,0.227,0.0
663728,Cal Raleigh,SEA,S,Slurve,SV,2,0.8658008658008658,81.4,2201.0,-1.015,-0.365,100.0,100.0,50.0,100.0,0.0,0.0,0.0,0.0
702284,Cole Young,SEA,L,4-Seam Fastball,FF,46,21.904761904761905,94.54347826086956,2360.478260869565,-0.09565217391304348,1.2467391304347826,25.0,34.78260869565217,67.3913043478261,26.666666666666668,64.51612903225806,82.11875,0.41700000000000004,0.3333333333333333
702284,Cole Young,SEA,L,Sinker,SI,43,20.476190476190474,94.56744186046512,2154.0,0.019534883720930214,0.6397674418604651,11.11111111111111,25.581395348837212,55.81395348837209,15.789473684210526,62.5,83.02307692307691,0.1680977,0.0
702284,Cole Young,SEA,L,Cutter,FC,26,12.380952380952381,89.78461538461539,2464.730769230769,0.21115384615384616,0.7980769230769231,30.0,26.923076923076923,38.46153846153847,18.75,70.0,74.2,0.121711,0.0
702284,Cole Young,SEA,L,Slider,SL,23,10.952380952380953,85.40869565217392,2471.7391304347825,-0.05478260869565217,0.21739130434782608,60.0,21.73913043478261,26.08695652173913,5.88235294117647,66.66666666666666,89.75,0.3843256666666666,0.25
702284,Cole Young,SEA,L,Sweeper,ST,19,9.047619047619047,82.68947368421053,2751.8947368421054,0.2657894736842105,-0.028421052631578944,14.285714285714285,21.052631578947366,36.84210526315789,25.0,57.14285714285714,78.0,0.10299999999999998,0.0
702284,Cole Young,SEA,L,Changeup,CH,14,6.666666666666667,87.25714285714285,2027.142857142857,-1.237142857142857,0.597857142857143,30.0,35.714285714285715,50.0,71.42857142857143,71.42857142857143,82.45714285714287,0.10640000000000001,0.0
702284,Cole Young,SEA,L,Split-Finger,FS,11,5.238095238095238,88.51818181818182,1663.3636363636363,-1.0554545454545456,0.24545454545454548,0.0,0.0,18.181818181818183,55.55555555555556,100.0,87.17142857142856,0.303497125,0.2857142857142857
702284,Cole Young,SEA,L,Curveball,CU,9,4.285714285714286,80.66666666666667,2819.1111111111113,0.06222222222222221,-1.0611111111111111,0.0,55.55555555555556,77.77777777777779,50.0,0.0,89.9,0.0,0.0
702284,Cole Young,SEA,L,Knuckle Curve,KC,8,3.8095238095238098,82.4875,2520.125,0.8362499999999999,-0.53125,0.0,12.5,50.0,0.0,75.0,75.8,0.103,0.0
702284,Cole Young,SEA,L,Other,FA,5,2.380952380952381,71.4,1643.2,-0.31399999999999995,1.52,0.0,20.0,60.0,50.0,33.33333333333333,93.85,0.184,0.0
702284,Cole Young,SEA,L,Slurve,SV,4,1.9047619047619049,81.85000000000001,2121.5,-0.6275,-0.04749999999999999,100.0,100.0,75.0,100.0,0.0,0.0,0.0,0.0
702284,Cole Young,SEA,L,Eephus,EP,2,0.9523809523809524,34.95,1142.0,0.6,0.29,0.0,0.0,0.0,50.0,0.0,76.0,0.125,0.0
686527,Dominic Canzone,SEA,L,4-Seam Fastball,FF,48,20.600858369098713,94.8,2430.3125,0.002291666666666692,1.2420833333333332,3.8461538461538463,31.25,62.5,55.55555555555556,53.333333333333336,86.565,0.41358688235294117,0.4375
686527,Dominic Canzone,SEA,L,Sinker,SI,36,15.450643776824036,93.51944444444445,2181.3333333333335,0.1225,0.4627777777777778,28.57142857142857,41.66666666666667,55.55555555555556,25.0,50.0,95.225,0.3309967142857143,0.08333333333333333
686527,Dominic Canzone,SEA,L,Slider,SL,31,13.304721030042918,86.46451612903226,2491.2903225806454,-0.14419354838709678,0.31483870967741934,18.75,19.35483870967742,48.38709677419355,25.0,80.0,75.7,0.13399999999999998,0.0
686527,Dominic Canzone,SEA,L,Curveball,CU,29,12.446351931330472,79.5,2933.1724137931033,0.22172413793103446,-1.063793103448276,41.66666666666667,34.48275862068966,34.48275862068966,36.84210526315789,50.0,75.3,0.028714285714285713,0.0
686527,Dominic Canzone,SEA,L,Cutter,FC,25,10.72961373390558,91.32799999999999,2429.08,-0.018800000000000004,0.626,33.33333333333333,32.0,40.0,40.0,60.0,84.8125,0.33485714285714285,0.14285714285714285
686527,Dominic Canzone,SEA,L,Changeup,CH,20,8.583690987124463,83.49,1647.45,-0.82,0.4655,20.0,10.0,15.0,52.94117647058824,33.33333333333333,70.04285714285714,0.12433333333333334,0.0
686527,Dominic Canzone,SEA,L,Knuckle Curve,KC,17,7.296137339055794,81.94117647058823,2620.529411764706,0.9017647058823529,-0.6947058823529412,40.0,29.411764705882355,47.05882352941176,33.33333333333333,87.5,70.66666666666667,0.0,0.0
686527,Dominic Canzone,SEA,L,Sweeper,ST,13,5.579399141630901,81.53076923076924,2756.6153846153848,-0.95,0.2,16.666666666666664,23.076923076923077,38.46153846153847,37.5,60.0,81.26,0.5603333333333333,0.6666666666666666
686527,Dominic Canzone,SEA,L,Split-Finger,FS,11,4.721030042918455,88.2909090909091,1503.909090909091,-0.66,0.38181818181818183,0.0,18.181818181818183,9.090909090909092,10.0,100.0,97.0,0.5703173333333333,0.0
686527,Dominic Canzone,SEA,L,Slurve,SV,3,1.2875536480686696,83.03333333333335,2121.3333333333335,-0.48666666666666664,-0.6733333333333333,100.0,33.33333333333333,0.0,33.33333333333333,0.0,0.0,0.0,0.0
641487,J.P. Crawford,SEA,L,4-Seam Fastball,FF,27,34.61538461538461,95.25555555555556,2313.962962962963,-0.40703703703703703,1.2225925925925925,42.857142857142854,29.629629629629626,51.85185185185185,0.0,50.0,70.65,0.23265899999999998,0.0
641487,J.P. Crawford,SEA,L,Sinker,SI,20,25.64102564102564,94.77000000000001,2187.75,-0.191,0.5415,0.0,40.0,75.0,0.0,46.666666666666664,88.55714285714285,0.11685714285714287,0.0
641487,J.P. Crawford,SEA,L,Knuckle Curve,KC,10,12.82051282051282,81.06,2647.6,1.025,-0.787,28.57142857142857,20.0,50.0,40.0,100.0,86.24,0.165,0.0
641487,J.P. Crawford,SEA,L,Sweeper,ST,8,10.256410256410255,86.675,2710.0,-0.021249999999999977,-0.008750000000000003,0.0,0.0,25.0,33.33333333333333,100.0,91.2,0.338,1.0
641487,J.P. Crawford,SEA,L,Cutter,FC,5,6.41025641025641,89.08000000000001,2588.8,0.02400000000000001,0.9,100.0,60.0,60.0,0.0,33.33333333333333,0.0,0.0,0.0
641487,J.P. Crawford,SEA,L,Changeup,CH,3,3.8461538461538463,80.39999999999999,1716.3333333333333,-0.9166666666666666,1.0333333333333334,0.0,66.66666666666666,100.0,0.0,33.33333333333333,70.6,0.0275,0.0
641487,J.P. Crawford,SEA,L,Slider,SL,2,2.564102564102564,87.4,2671.0,0.115,0.45499999999999996,0.0,0.0,50.0,0.0,100.0,97.0,0.0,0.0
641487,J.P. Crawford,SEA,L,Split-Finger,FS,2,2.564102564102564,92.35,1772.0,-1.0950000000000002,0.020000000000000004,0.0,0.0,0.0,50.0,0.0,88.1,0.902,1.0
641487,J.P. Crawford,SEA,L,Curveball,CU,1,1.282051282051282,81.3,2232.0,0.65,-1.01,0.0,0.0,0.0,0.0,0.0,0.0,0.0,0.0
640902,Jhonny Pereda,SEA,R,4-Seam Fastball,FF,10,35.714285714285715,94.71000000000001,2221.8,0.495,1.15,100.0,70.0,40.0,33.33333333333333,50.0,0.0,0.0,0.0
640902,Jhonny Pereda,SEA,R,Changeup,CH,4,14.285714285714285,86.35,1869.5,1.375,0.06749999999999999,33.33333333333333,25.0,50.0,50.0,100.0,79.1,0.838,1.0
640902,Jhonny Pereda,SEA,R,Sweeper,ST,4,14.285714285714285,85.15,2510.0,-0.6475,-0.06000000000000001,0.0,0.0,50.0,0.0,100.0,92.1,0.8224885,1.0
640902,Jhonny Pereda,SEA,R,Cutter,FC,3,10.714285714285714,89.26666666666667,2387.6666666666665,0.016666666666666653,0.7833333333333333,0.0,66.66666666666666,66.66666666666666,0.0,0.0,0.0,0.0,0.0
640902,Jhonny Pereda,SEA,R,Eephus,EP,3,10.714285714285714,36.699999999999996,1160.3333333333333,0.5166666666666666,0.25666666666666665,0.0,0.0,33.33333333333333,0.0,100.0,93.5,0.0,0.0
640902,Jhonny Pereda,SEA,R,Sinker,SI,3,10.714285714285714,94.10000000000001,2112.6666666666665,0.5333333333333333,0.6433333333333333,0.0,33.33333333333333,33.33333333333333,0.0,0.0,0.0,0.0,0.0
640902,Jhonny Pereda,SEA,R,Unknown,UNK,1,3.571428571428571,0.0,0.0,0.0,0.0,0.0,0.0,0.0,100.0,0.0,0.0,0.0,1.0
647304,Josh Naylor,SEA,L,Sinker,SI,42,20.095693779904305,94.30238095238094,2187.3333333333335,0.6097619047619047,0.6052380952380952,33.33333333333333,42.857142857142854,64.28571428571429,33.33333333333333,59.25925925925925,82.01428571428572,0.2578333333333333,0.25
647304,Josh Naylor,SEA,L,4-Seam Fastball,FF,39,18.660287081339714,93.3948717948718,2386.3333333333335,0.46307692307692305,1.2212820512820513,0.0,17.94871794871795,46.15384615384615,42.857142857142854,61.111111111111114,84.595,0.22045454545454543,0.45454545454545453
647304,Josh Naylor,SEA,L,Slider,SL,30,14.354066985645932,85.60666666666665,2478.866666666667,-0.127,0.17966666666666667,30.76923076923077,40.0,43.333333333333336,35.294117647058826,53.84615384615385,84.58888888888889,0.028571428571428574,0.0
647304,Josh Naylor,SEA,L,Knuckle Curve,KC,21,10.047846889952153,79.02857142857142,2675.5238095238096,1.1990476190476191,-0.8723809523809524,60.0,33.33333333333333,4.761904761904762,50.0,0.0,81.4,0.0215,0.0
647304,Josh Naylor,SEA,L,Cutter,FC,18,8.61244019138756,90.0,2488.5,0.10944444444444444,0.7466666666666666,36.36363636363637,33.33333333333333,55.55555555555556,37.5,80.0,76.71428571428571,0.3841428571428572,0.5714285714285714
647304,Josh Naylor,SEA,L,Curveball,CU,14,6.698564593301436,78.42142857142856,2560.5714285714284,-0.12571428571428572,-0.8328571428571429,33.33333333333333,35.714285714285715,50.0,28.57142857142857,57.14285714285714,62.8,0.0,0.0
647304,Josh Naylor,SEA,L,Changeup,CH,13,6.220095693779904,83.35384615384615,1649.0,-0.5992307692307692,0.6976923076923077,0.0,0.0,38.46153846153847,75.0,100.0,71.02727272727272,0.0985,0.0
647304,Josh Naylor,SEA,L,Sweeper,ST,10,4.784688995215311,81.77000000000001,2581.7,-0.4119999999999999,0.00500000000000001,0.0,10.0,60.0,0.0,83.33333333333334,80.88,0.532,0.5
647304,Josh Naylor,SEA,L,Unknown,UNK,9,4.30622009569378,0.0,0.0,0.0,0.0,0.0,0.0,0.0,0.0,0.0,0.0,0.0,0.0
647304,Josh Naylor,SEA,L,Split-Finger,FS,6,2.8708133971291865,87.01666666666667,1580.6666666666667,-0.4566666666666667,0.29833333333333334,0.0,0.0,83.33333333333334,100.0,100.0,79.47999999999999,0.272,1.0
647304,Josh Naylor,SEA,L,Slurve,SV,4,1.9138755980861244,83.825,2258.25,-0.5875,0.0025000000000000022,50.0,25.0,25.0,33.33333333333333,100.0,71.4,0.0,0.0
647304,Josh Naylor,SEA,L,Eephus,EP,2,0.9569377990430622,36.349999999999994,1195.5,0.765,0.33999999999999997,0.0,0.0,0.0,50.0,0.0,78.4,0.0,0.0
647304,Josh Naylor,SEA,L,Other,FA,1,0.4784688995215311,67.1,0.0,-0.5,1.28,0.0,0.0,100.0,0.0,100.0,102.3,0.342,1.0
677594,Julio Rodríguez,SEA,R,Sinker,SI,57,22.61904761904762,93.98771929824562,2199.8596491228072,-0.6726315789473684,0.5529824561403509,13.636363636363635,35.08771929824561,47.368421052631575,30.0,48.148148148148145,80.10555555555555,0.15872094444444446,0.17647058823529413
677594,Julio Rodríguez,SEA,R,4-Seam Fastball,FF,51,20.238095238095237,94.29411764705883,2331.607843137255,0.45294117647058824,1.1515686274509804,32.142857142857146,39.21568627450981,54.90196078431373,39.130434782608695,67.85714285714286,89.70526315789475,0.4295,0.08333333333333333
677594,Julio Rodríguez,SEA,R,Cutter,FC,33,13.095238095238097,88.10303030303031,2457.939393939394,0.0590909090909091,0.5963636363636363,28.57142857142857,33.33333333333333,45.45454545454545,27.77777777777778,60.0,74.11,0.037000000000000005,0.25
677594,Julio Rodríguez,SEA,R,Sweeper,ST,30,11.904761904761903,83.56,2657.3333333333335,0.6809999999999999,0.03566666666666667,44.44444444444444,46.666666666666664,43.333333333333336,35.294117647058826,23.076923076923077,73.06,0.242,0.0
677594,Julio Rodríguez,SEA,R,Slider,SL,25,9.920634920634921,86.568,2387.64,-0.028000000000000004,0.2048,76.92307692307693,56.00000000000001,36.0,50.0,55.55555555555556,72.03333333333333,0.07055555555555555,0.0
677594,Julio Rodríguez,SEA,R,Changeup,CH,23,9.126984126984127,82.8913043478261,1797.304347826087,1.3291304347826087,0.29869565217391303,36.36363636363637,21.73913043478261,13.043478260869565,45.0,66.66666666666666,78.81428571428572,0.36166666666666664,0.3333333333333333
677594,Julio Rodríguez,SEA,R,Curveball,CU,12,4.761904761904762,80.94166666666666,2774.3333333333335,-0.40166666666666667,-1.1316666666666666,66.66666666666666,58.333333333333336,33.33333333333333,25.0,25.0,94.2,0.0745,0.0
677594,Julio Rodríguez,SEA,R,Knuckle Curve,KC,12,4.761904761904762,81.31666666666666,2653.0833333333335,1.2575,-0.8650000000000001,60.0,50.0,25.0,55.55555555555556,0.0,70.4,0.254,0.0
677594,Julio Rodríguez,SEA,R,Split-Finger,FS,5,1.984126984126984,87.47999999999999,1498.0,-0.48999999999999994,0.548,25.0,20.0,40.0,66.66666666666666,100.0,92.89999999999999,1.0573333333333335,0.6666666666666666
677594,Julio Rodríguez,SEA,R,Slurve,SV,3,1.1904761904761905,81.26666666666667,2100.6666666666665,-0.62,-0.15,0.0,66.66666666666666,0.0,0.0,0.0,0.0,0.0,0.0
677594,Julio Rodríguez,SEA,R,Eephus,EP,1,0.3968253968253968,38.5,1226.0,0.42,-0.02,0.0,0.0,0.0,100.0,0.0,89.7,0.131,0.0
621550,Patrick Wisdom,SEA,R,Sweeper,ST,10,71.42857142857143,86.66,2472.8,-0.46499999999999997,0.030000000000000006,50.0,40.0,30.0,42.857142857142854,33.33333333333333,91.75,0.03933333333333333,0.0
621550,Patrick Wisdom,SEA,R,4-Seam Fastball,FF,2,14.285714285714285,96.25,2214.5,1.19,0.99,0.0,0.0,100.0,0.0,100.0,85.9,0.06,0.0
621550,Patrick Wisdom,SEA,R,Split-Finger,FS,2,14.285714285714285,97.3,1668.5,-1.05,-0.035,100.0,50.0,0.0,50.0,0.0,0.0,0.0,0.0
668227,Randy Arozarena,SEA,R,4-Seam Fastball,FF,80,29.304029304029307,94.92999999999999,2377.7125,-0.18050000000000002,1.2385,22.58064516129032,33.75,47.5,26.190476190476193,52.63157894736842,83.65454545454546,0.39620084210526313,0.09090909090909091
668227,Randy Arozarena,SEA,R,Sinker,SI,59,21.611721611721613,94.6,2259.2881355932204,-1.060677966101695,0.5294915254237288,17.391304347826086,23.728813559322035,50.847457627118644,13.793103448275861,63.33333333333333,88.03529411764706,0.5125312307692307,0.2
668227,Randy Arozarena,SEA,R,Sweeper,ST,31,11.355311355311356,83.67096774193548,2793.7096774193546,0.7516129032258064,0.08580645161290323,25.0,35.483870967741936,41.935483870967744,38.88888888888889,38.46153846153847,77.4,0.3537954,0.125
668227,Randy Arozarena,SEA,R,Slider,SL,26,9.523809523809524,86.86923076923077,2513.9615384615386,0.07384615384615384,0.20923076923076925,0.0,42.30769230769231,69.23076923076923,25.0,38.88888888888889,84.26666666666667,0.5645714285714286,0.42857142857142855
668227,Randy Arozarena,SEA,R,Changeup,CH,23,8.424908424908425,83.57826086956521,1727.5652173913043,0.7317391304347827,0.27304347826086955,21.428571428571427,17.391304347826086,43.47826086956522,38.46153846153847,90.0,75.92,0.20945454545454545,0.36363636363636365
668227,Randy Arozarena,SEA,R,Cutter,FC,19,6.95970695970696,89.49473684210527,2435.0526315789475,0.18947368421052632,0.68,37.5,26.31578947368421,52.63157894736842,0.0,80.0,90.03999999999999,0.261738,0.0
668227,Randy Arozarena,SEA,R,Knuckle Curve,KC,14,5.128205128205128,82.12142857142858,2585.0714285714284,0.79,-0.7128571428571429,0.0,28.57142857142857,42.857142857142854,50.0,16.666666666666664,56.6,0.01,0.0
668227,Randy Arozarena,SEA,R,Split-Finger,FS,9,3.296703296703297,86.1888888888889,1472.5555555555557,-0.17555555555555558,0.29,0.0,22.22222222222222,33.33333333333333,0.0,33.33333333333333,93.8,0.39248849999999996,1.0
668227,Randy Arozarena,SEA,R,Curveball,CU,8,2.93040293040293,77.65,2561.0,-0.54,-0.7825,0.0,37.5,12.5,0.0,0.0,0.0,0.0,0.0
668227,Randy Arozarena,SEA,R,Slurve,SV,3,1.098901098901099,81.03333333333333,2047.3333333333333,-0.71,-0.18000000000000002,0.0,66.66666666666666,66.66666666666666,100.0,0.0,89.4,0.004,0.0
668227,Randy Arozarena,SEA,R,Other,FA,1,0.3663003663003663,56.9,1320.0,-0.37,1.6,0.0,0.0,0.0,100.0,0.0,92.1,0.363,0.0
621493,Taylor Ward,SEA,R,4-Seam Fastball,FF,85,35.714285714285715,94.47882352941176,2312.6588235294116,-0.00023529411764705251,1.200470588235294,24.137931034482758,28.235294117647058,50.588235294117645,7.142857142857142,60.46511627906976,74.58,0.3722544,0.0
621493,Taylor Ward,SEA,R,Sinker,SI,41,17.22689075630252,94.89756097560976,2236.6585365853657,-0.9597560975609757,0.7292682926829269,0.0,26.82926829268293,53.65853658536586,0.0,40.909090909090914,88.98888888888888,0.40542007142857145,0.09090909090909091
621493,Taylor Ward,SEA,R,Sweeper,ST,30,12.605042016806722,82.58333333333333,2733.8333333333335,0.9269999999999999,0.078,0.0,13.333333333333334,16.666666666666664,20.0,40.0,78.21428571428571,0.36515899999999996,0.0
621493,Taylor Ward,SEA,R,Cutter,FC,22,9.243697478991598,89.48636363636363,2358.0454545454545,0.13727272727272727,0.5777272727272728,0.0,36.36363636363637,50.0,27.27272727272727,36.36363636363637,67.85714285714286,0.2286,0.2
621493,Taylor Ward,SEA,R,Slider,SL,17,7.142857142857142,85.60588235294118,2420.6470588235293,-0.09705882352941175,0.23823529411764705,0.0,41.17647058823529,58.82352941176471,28.57142857142857,30.0,85.875,0.0,0.0
621493,Taylor Ward,SEA,R,Changeup,CH,16,6.722689075630252,82.38125,1703.3125,1.1568749999999999,0.463125,0.0,31.25,75.0,0.0,58.333333333333336,77.38571428571429,0.116,0.0
621493,Taylor Ward,SEA,R,Curveball,CU,15,6.302521008403361,78.23333333333333,2581.733333333333,-0.7506666666666667,-0.972,0.0,33.33333333333333,60.0,33.33333333333333,22.22222222222222,94.7,0.16999999999999998,0.0
621493,Taylor Ward,SEA,R,Knuckle Curve,KC,12,5.042016806722689,82.73333333333333,2556.5,1.0066666666666666,-0.6375000000000001,50.0,50.0,50.0,16.666666666666664,16.666666666666664,96.5,0.007666666666666666,0.0
645302,Victor Robles,SEA,R,4-Seam Fastball,FF,21,58.333333333333336,93.21428571428571,2426.6190476190477,0.9814285714285714,1.227142857142857,33.33333333333333,28.57142857142857,28.57142857142857,26.666666666666668,33.33333333333333,66.55,0.697977,0.0
645302,Victor Robles,SEA,R,Other,FA,4,11.11111111111111,72.15,1771.5,-0.46499999999999997,1.56,0.0,50.0,25.0,0.0,100.0,103.2,0.591,1.0
645302,Victor Robles,SEA,R,Sweeper,ST,4,11.11111111111111,85.2,2606.5,0.9400000000000001,0.5,0.0,0.0,50.0,0.0,100.0,32.3,0.0,0.0
645302,Victor Robles,SEA,R,Slurve,SV,3,8.333333333333332,81.53333333333333,2162.0,-0.7133333333333334,-0.15333333333333332,0.0,0.0,33.33333333333333,0.0,100.0,96.8,0.303,0.0
645302,Victor Robles,SEA,R,Curveball,CU,1,2.7777777777777777,79.1,3197.0,0.82,-1.33,0.0,0.0,0.0,100.0,0.0,30.7,0.293,0.0
645302,Victor Robles,SEA,R,Cutter,FC,1,2.7777777777777777,88.4,2678.0,0.34,0.96,0.0,0.0,100.0,0.0,100.0,89.3,0.031,0.0
645302,Victor Robles,SEA,R,Eephus,EP,1,2.7777777777777777,55.9,1786.0,0.3,-0.51,0.0,0.0,0.0,100.0,0.0,83.3,0.126,0.0
645302,Victor Robles,SEA,R,Sinker,SI,1,2.7777777777777777,95.2,2442.0,1.62,0.56,0.0,0.0,0.0,0.0,0.0,0.0,0.0,0.0
642215,Weston Wilson,SEA,R,Sinker,SI,27,28.421052631578945,95.04444444444444,2297.5925925925926,-0.74,0.6674074074074073,50.0,55.55555555555556,74.07407407407408,57.14285714285714,60.0,87.2,0.30666666666666664,0.3333333333333333
642215,Weston Wilson,SEA,R,Sweeper,ST,19,20.0,82.56842105263158,2822.7894736842104,0.7021052631578947,-0.08263157894736842,77.77777777777779,52.63157894736842,26.31578947368421,50.0,40.0,93.9,0.0,0.0
642215,Weston Wilson,SEA,R,4-Seam Fastball,FF,17,17.894736842105264,95.00588235294117,2376.176470588235,-0.24647058823529414,1.121764705882353,0.0,41.17647058823529,47.05882352941176,22.22222222222222,37.5,77.26,0.1973,0.2
642215,Weston Wilson,SEA,R,Curveball,CU,10,10.526315789473683,80.19,2756.7,-0.121,-1.242,33.33333333333333,60.0,80.0,0.0,37.5,53.8,0.0,0.0
642215,Weston Wilson,SEA,R,Changeup,CH,8,8.421052631578947,84.6625,1601.625,1.34875,0.4025,100.0,37.5,12.5,14.285714285714285,100.0,0.0,0.0,0.0
642215,Weston Wilson,SEA,R,Cutter,FC,5,5.263157894736842,89.96000000000001,2629.2,0.426,0.6839999999999999,0.0,20.0,80.0,0.0,75.0,75.5,0.27,0.0
642215,Weston Wilson,SEA,R,Slider,SL,5,5.263157894736842,86.53999999999999,2551.0,0.06399999999999999,0.12399999999999997,0.0,40.0,80.0,0.0,50.0,97.9,0.314,0.5
642215,Weston Wilson,SEA,R,Split-Finger,FS,4,4.2105263157894735,84.85,1381.25,-0.2375,0.34500000000000003,50.0,25.0,50.0,0.0,100.0,90.3,0.003,0.0
680977,,SEA,L,4-Seam Fastball,FF,33,37.93103448275862,94.0848484848485,2364.2727272727275,0.33090909090909093,1.1390909090909092,0.0,27.27272727272727,57.57575757575758,21.428571428571427,57.89473684210527,85.16363636363636,0.35500000000000004,0.42857142857142855
680977,,SEA,L,Sinker,SI,17,19.54022988505747,93.87058823529412,2153.3529411764707,0.45529411764705885,0.628235294117647,0.0,17.647058823529413,35.294117647058826,0.0,83.33333333333334,79.82000000000001,0.482422,0.4
660844,,SEA,L,4-Seam Fastball,FF,15,27.77777777777778,93.96000000000001,2406.4,-0.013333333333333319,1.3,0.0,20.0,66.66666666666666,0.0,50.0,84.55000000000001,0.633476,1.0
680977,,SEA,L,Cutter,FC,10,11.494252873563218,91.36,2492.4,0.136,0.828,0.0,0.0,50.0,20.0,100.0,84.58333333333333,0.18,1.0
660844,,SEA,L,Sinker,SI,9,16.666666666666664,92.12222222222222,2221.5555555555557,0.9455555555555555,0.6533333333333333,0.0,0.0,55.55555555555556,0.0,100.0,95.36666666666667,0.18466666666666667,0.0
660844,,SEA,L,Cutter,FC,8,14.814814814814813,90.3375,2691.125,0.35625,0.87,0.0,25.0,25.0,0.0,0.0,0.0,0.0,0.0
680977,,SEA,L,Sweeper,ST,8,9.195402298850574,82.1625,2742.5,0.5700000000000001,0.01875,25.0,12.5,25.0,33.33333333333333,100.0,82.60000000000001,0.7764884999999999,1.0
660844,,SEA,L,Changeup,CH,6,11.11111111111111,85.10000000000001,2374.6666666666665,-1.5066666666666666,0.9199999999999999,0.0,33.33333333333333,66.66666666666666,0.0,50.0,64.9,0.809,1.0
680977,,SEA,L,Curveball,CU,6,6.896551724137931,79.01666666666667,2635.3333333333335,-0.405,-1.035,0.0,33.33333333333333,66.66666666666666,100.0,50.0,87.2,0.156,0.0
680977,,SEA,L,Slider,SL,6,6.896551724137931,86.25,2768.5,-0.33166666666666667,0.034999999999999996,66.66666666666666,33.33333333333333,33.33333333333333,25.0,100.0,71.5,0.0,0.0
660844,,SEA,L,Split-Finger,FS,5,9.25925925925926,82.26,1350.6,0.522,0.43,33.33333333333333,20.0,40.0,33.33333333333333,100.0,75.25,0.2115,0.0
660844,,SEA,L,Other,FA,4,7.4074074074074066,67.45,1580.75,-0.47,1.505,0.0,50.0,50.0,0.0,50.0,90.7,0.118,0.0
660844,,SEA,L,Sweeper,ST,4,7.4074074074074066,86.85,2724.0,1.0750000000000002,0.23500000000000001,0.0,50.0,100.0,0.0,50.0,89.6,0.876,1.0
680977,,SEA,L,Changeup,CH,4,4.597701149425287,85.6,2437.0,-1.415,0.9850000000000001,100.0,50.0,0.0,50.0,0.0,0.0,0.0,0.0
660844,,SEA,L,Curveball,CU,3,5.555555555555555,77.06666666666666,3105.0,0.9033333333333333,-1.4333333333333333,0.0,66.66666666666666,100.0,0.0,33.33333333333333,65.7,0.0,0.0
680977,,SEA,L,Slurve,SV,3,3.4482758620689653,83.5,2215.0,-0.4166666666666667,-0.3566666666666667,33.33333333333333,33.33333333333333,66.66666666666666,100.0,100.0,83.85,0.2445,0.5
668800,Andrew Knizner,SFG,R,4-Seam Fastball,FF,29,33.72093023255814,94.27241379310345,2315.1724137931033,0.42,1.2072413793103447,23.076923076923077,27.586206896551722,44.827586206896555,37.5,53.84615384615385,83.47,0.4041085555555555,0.25
668800,Andrew Knizner,SFG,R,Slider,SL,18,20.930232558139537,86.78888888888889,2393.1111111111113,0.06555555555555556,-0.04277777777777779,12.5,16.666666666666664,33.33333333333333,33.33333333333333,66.66666666666666,94.0,0.4327074285714286,0.6666666666666666
668800,Andrew Knizner,SFG,R,Changeup,CH,11,12.790697674418606,83.89090909090909,1810.8181818181818,1.2163636363636363,0.4772727272727273,10.0,18.181818181818183,45.45454545454545,100.0,80.0,80.9875,0.29359999999999997,0.0
668800,Andrew Knizner,SFG,R,Sinker,SI,10,11.627906976744185,94.71000000000001,2135.9,0.82,0.48,0.0,50.0,80.0,0.0,37.5,91.96666666666665,0.059500000000000004,0.0
668800,Andrew Knizner,SFG,R,Curveball,CU,9,10.465116279069768,77.85555555555555,2520.222222222222,-0.6622222222222223,-0.7766666666666667,0.0,11.11111111111111,44.44444444444444,0.0,25.0,65.5,0.0,0.0
668800,Andrew Knizner,SFG,R,Sweeper,ST,4,4.651162790697675,82.05,2706.75,0.5825,0.07750000000000001,66.66666666666666,50.0,50.0,50.0,100.0,73.1,0.274,1.0
668800,Andrew Knizner,SFG,R,Cutter,FC,3,3.488372093023256,90.39999999999999,2252.6666666666665,-0.21333333333333335,0.6766666666666667,0.0,33.33333333333333,66.66666666666666,100.0,50.0,70.8,0.0,0.0
668800,Andrew Knizner,SFG,R,Split-Finger,FS,2,2.3255813953488373,89.0,863.0,-0.36500000000000005,-0.08,0.0,0.0,0.0,0.0,0.0,0.0,0.0,0.0
805811,Bryce Eldridge,SFG,L,Slider,SL,44,20.754716981132077,88.05909090909091,2441.25,-0.15863636363636366,0.18681818181818183,87.5,38.63636363636363,31.818181818181817,6.666666666666667,42.857142857142854,107.8,0.462741375,0.2
805811,Bryce Eldridge,SFG,L,Sinker,SI,43,20.28301886792453,94.64651162790697,2114.6744186046512,0.6702325581395349,0.7583720930232558,13.636363636363635,18.6046511627907,53.48837209302325,25.0,73.91304347826086,90.51176470588236,0.44244188888888886,0.25
805811,Bryce Eldridge,SFG,L,4-Seam Fastball,FF,35,16.50943396226415,94.67428571428572,2252.6285714285714,-0.07485714285714286,1.3014285714285714,22.22222222222222,31.428571428571427,54.285714285714285,31.25,68.42105263157895,88.97692307692309,0.4541776363636364,0.3333333333333333
805811,Bryce Eldridge,SFG,L,Changeup,CH,28,13.20754716981132,87.17142857142858,2012.857142857143,-0.8471428571428571,0.3117857142857143,33.33333333333333,21.428571428571427,28.57142857142857,30.0,75.0,77.64999999999999,0.1823295,0.2
805811,Bryce Eldridge,SFG,L,Cutter,FC,24,11.320754716981133,89.53750000000001,2324.625,-0.13583333333333333,0.6129166666666667,15.384615384615385,33.33333333333333,62.5,44.44444444444444,60.0,84.05454545454546,0.19999999999999998,0.3333333333333333
805811,Bryce Eldridge,SFG,L,Curveball,CU,15,7.0754716981132075,81.03999999999999,2539.733333333333,0.9033333333333334,-1.1453333333333333,40.0,46.666666666666664,60.0,33.33333333333333,33.33333333333333,99.33333333333333,0.2765,0.75
805811,Bryce Eldridge,SFG,L,Sweeper,ST,15,7.0754716981132075,83.74666666666667,2550.9333333333334,0.17200000000000001,-0.04533333333333333,11.11111111111111,13.333333333333334,60.0,16.666666666666664,88.88888888888889,86.2875,0.6775000000000001,0.6666666666666666
805811,Bryce Eldridge,SFG,L,Split-Finger,FS,6,2.8301886792452833,84.8,1136.5,-0.39666666666666667,0.15333333333333335,60.0,50.0,50.0,66.66666666666666,100.0,76.85,0.016,0.0
805811,Bryce Eldridge,SFG,L,Slurve,SV,2,0.9433962264150944,79.25,2342.0,-1.33,-0.24,0.0,0.0,0.0,0.0,0.0,0.0,0.0,0.0
683766,Christian Koss,SFG,R,4-Seam Fastball,FF,71,32.126696832579185,94.9549295774648,2385.4084507042253,-0.13450704225352111,1.2321126760563381,27.77777777777778,30.985915492957744,53.52112676056338,30.303030303030305,68.42105263157895,77.14347826086956,0.14135011764705882,0.2222222222222222
683766,Christian Koss,SFG,R,Slider,SL,34,15.384615384615385,86.49411764705883,2491.823529411765,0.245,0.10676470588235294,59.09090909090909,44.11764705882353,29.411764705882355,58.333333333333336,80.0,80.93333333333334,0.089,0.2
683766,Christian Koss,SFG,R,Sinker,SI,32,14.479638009049776,94.153125,2303.65625,-0.9065625,0.7040625,27.27272727272727,34.375,46.875,23.52941176470588,46.666666666666664,84.88333333333334,0.3159923333333333,0.0
683766,Christian Koss,SFG,R,Sweeper,ST,27,12.217194570135746,83.56666666666668,2684.925925925926,0.8799999999999999,-0.13370370370370369,30.76923076923077,29.629629629629626,48.148148148148145,42.857142857142854,53.84615384615385,76.46666666666665,0.372872125,0.5555555555555556
683766,Christian Koss,SFG,R,Changeup,CH,26,11.76470588235294,84.1846153846154,1825.4615384615386,0.8315384615384616,0.4803846153846154,21.052631578947366,19.230769230769234,34.61538461538461,64.70588235294117,88.88888888888889,73.27692307692308,0.17566666666666667,0.1
683766,Christian Koss,SFG,R,Curveball,CU,13,5.88235294117647,80.32307692307693,2578.5384615384614,-0.33384615384615385,-0.6984615384615385,0.0,7.6923076923076925,7.6923076923076925,33.33333333333333,0.0,86.26666666666667,0.697977,0.0
683766,Christian Koss,SFG,R,Cutter,FC,12,5.429864253393665,89.36666666666667,2323.4166666666665,0.10000000000000002,0.5916666666666667,0.0,16.666666666666664,58.333333333333336,20.0,85.71428571428571,82.05714285714285,0.3975,0.0
683766,Christian Koss,SFG,R,Split-Finger,FS,4,1.809954751131222,86.525,786.5,-0.2,-0.15999999999999998,50.0,25.0,25.0,33.33333333333333,100.0,55.9,0.0,0.0
683766,Christian Koss,SFG,R,Slurve,SV,2,0.904977375565611,78.55000000000001,2374.0,-1.33,-0.125,0.0,0.0,0.0,0.0,0.0,0.0,0.0,0.0
701852,Drew Cavanaugh,SFG,L,4-Seam Fastball,FF,49,32.450331125827816,94.6734693877551,2421.0408163265306,-0.3230612244897959,1.2536734693877551,26.666666666666668,34.69387755102041,67.3469387755102,25.0,78.78787878787878,82.5,0.2882824285714286,0.16666666666666666
701852,Drew Cavanaugh,SFG,L,Sinker,SI,23,15.2317880794702,91.09565217391304,2374.478260869565,-0.08695652173913043,0.391304347826087,0.0,17.391304347826086,69.56521739130434,0.0,75.0,83.50833333333334,0.5413333333333333,1.0
701852,Drew Cavanaugh,SFG,L,Slider,SL,21,13.90728476821192,85.95714285714286,2603.6666666666665,0.2438095238095238,-0.03380952380952381,57.14285714285714,23.809523809523807,28.57142857142857,26.666666666666668,50.0,72.10000000000001,0.0335,0.0
701852,Drew Cavanaugh,SFG,L,Cutter,FC,17,11.258278145695364,89.68235294117646,2420.3529411764707,0.04294117647058823,0.6535294117647058,28.57142857142857,29.411764705882355,47.05882352941176,22.22222222222222,62.5,82.025,0.22649424999999998,0.0
701852,Drew Cavanaugh,SFG,L,Sweeper,ST,13,8.609271523178808,83.52307692307691,2563.4615384615386,0.2076923076923077,-0.11615384615384615,40.0,30.76923076923077,38.46153846153847,25.0,60.0,70.4,0.0,0.0
701852,Drew Cavanaugh,SFG,L,Curveball,CU,12,7.9470198675496695,80.53333333333333,2500.0,0.8883333333333333,-1.1141666666666665,71.42857142857143,41.66666666666667,16.666666666666664,50.0,100.0,95.15,0.24300000000000002,0.0
701852,Drew Cavanaugh,SFG,L,Changeup,CH,10,6.622516556291391,87.61,2043.3,-1.1869999999999998,0.185,20.0,30.0,60.0,25.0,66.66666666666666,84.3,0.49533333333333335,0.0
701852,Drew Cavanaugh,SFG,L,Split-Finger,FS,6,3.9735099337748347,83.31666666666666,809.8333333333334,-0.635,0.03166666666666667,100.0,33.33333333333333,16.666666666666664,20.0,0.0,0.0,0.0,0.0
687551,Drew Gilbert,SFG,L,4-Seam Fastball,FF,77,33.047210300429185,95.37922077922077,2368.12987012987,-0.4254545454545454,1.2532467532467533,12.903225806451612,33.76623376623377,54.54545454545454,28.57142857142857,50.0,85.54230769230769,0.29019999999999996,0.25
687551,Drew Gilbert,SFG,L,Sweeper,ST,37,15.879828326180256,84.20270270270271,2615.135135135135,0.42945945945945946,0.10108108108108109,36.36363636363637,29.72972972972973,40.54054054054054,45.45454545454545,80.0,88.79285714285713,0.586456076923077,0.2727272727272727
687551,Drew Gilbert,SFG,L,Changeup,CH,36,15.450643776824036,87.35555555555555,1915.5277777777778,-1.3055555555555556,0.21333333333333332,29.411764705882355,27.77777777777778,22.22222222222222,46.42857142857143,50.0,75.66666666666667,0.29225,0.0
687551,Drew Gilbert,SFG,L,Sinker,SI,32,13.733905579399142,94.0625,2221.1875,-0.7284375000000001,0.67,14.285714285714285,25.0,56.25,7.142857142857142,72.22222222222221,80.21666666666667,0.41687566666666664,0.3333333333333333
687551,Drew Gilbert,SFG,L,Slider,SL,25,10.72961373390558,86.736,2589.56,0.24439999999999998,0.0684,31.25,28.000000000000004,44.0,50.0,81.81818181818183,78.26666666666667,0.340747125,0.2857142857142857
687551,Drew Gilbert,SFG,L,Cutter,FC,15,6.437768240343347,90.68666666666667,2338.4,-0.0033333333333333396,0.6346666666666666,14.285714285714285,20.0,46.666666666666664,12.5,85.71428571428571,79.96666666666667,0.705318,0.0
687551,Drew Gilbert,SFG,L,Curveball,CU,8,3.4334763948497855,81.7125,2578.625,0.83625,-1.01375,0.0,25.0,62.5,33.33333333333333,60.0,79.36666666666666,0.0,0.0
687551,Drew Gilbert,SFG,L,Split-Finger,FS,2,0.8583690987124464,91.75,647.0,-0.34,0.065,0.0,0.0,50.0,0.0,0.0,0.0,0.0,0.0
687551,Drew Gilbert,SFG,L,Pitch Out,PO,1,0.4291845493562232,92.9,2278.0,-0.5,1.64,0.0,0.0,0.0,0.0,0.0,0.0,0.0,0.0
687529,Grant McCray,SFG,L,4-Seam Fastball,FF,23,29.11392405063291,95.16521739130435,2477.217391304348,-0.024347826086956514,1.2643478260869565,30.76923076923077,30.434782608695656,56.52173913043478,40.0,69.23076923076923,78.25555555555555,0.3345714285714286,0.42857142857142855
687529,Grant McCray,SFG,L,Slider,SL,15,18.9873417721519,85.24666666666667,2517.8,0.324,-0.04,50.0,26.666666666666668,26.666666666666668,36.36363636363637,100.0,70.75,0.141,0.0
687529,Grant McCray,SFG,L,Sinker,SI,12,15.18987341772152,90.97500000000001,2339.9166666666665,-0.6208333333333333,0.6558333333333334,0.0,16.666666666666664,66.66666666666666,0.0,75.0,78.025,0.0925,0.0
687529,Grant McCray,SFG,L,Sweeper,ST,10,12.658227848101266,82.81,2986.9,1.166,-0.059,10.0,10.0,100.0,0.0,100.0,77.51111111111112,0.0,0.0
687529,Grant McCray,SFG,L,Curveball,CU,8,10.126582278481013,81.8375,2588.25,0.036250000000000004,-0.37124999999999997,50.0,50.0,37.5,80.0,66.66666666666666,100.86666666666667,0.9826666666666667,0.6666666666666666
687529,Grant McCray,SFG,L,Cutter,FC,6,7.59493670886076,89.68333333333334,2425.3333333333335,0.10333333333333333,0.7866666666666666,0.0,50.0,66.66666666666666,0.0,25.0,92.2,0.483,0.0
687529,Grant McCray,SFG,L,Split-Finger,FS,2,2.5316455696202533,89.55,656.5,-0.79,-0.325,100.0,50.0,0.0,50.0,0.0,0.0,0.0,0.0
687529,Grant McCray,SFG,L,Unknown,UNK,2,2.5316455696202533,85.1,2024.0,0.78,-0.14,0.0,0.0,0.0,0.0,0.0,0.0,0.0,0.0
687529,Grant McCray,SFG,L,Slurve,SV,1,1.2658227848101267,79.1,2346.0,-1.09,-0.08,0.0,100.0,100.0,0.0,0.0,0.0,0.0,0.0
813841,Jonah Cox,SFG,R,4-Seam Fastball,FF,39,29.545454545454547,93.63076923076923,2352.5641025641025,0.4425641025641026,1.3012820512820513,23.52941176470588,33.33333333333333,58.97435897435898,18.75,60.86956521739131,86.41,0.2734503636363636,0.1111111111111111
813841,Jonah Cox,SFG,R,Sinker,SI,24,18.181818181818183,95.79166666666667,2340.3333333333335,1.0870833333333334,0.6591666666666667,25.0,29.166666666666668,58.333333333333336,50.0,78.57142857142857,92.03333333333333,0.47300000000000003,0.3333333333333333
813841,Jonah Cox,SFG,R,Sweeper,ST,20,15.151515151515152,83.8,2810.05,0.686,0.296,40.0,45.0,35.0,61.53846153846154,28.57142857142857,61.425,0.0654,0.2
813841,Jonah Cox,SFG,R,Changeup,CH,16,12.121212121212121,84.33125,1812.9375,1.18375,0.26625,37.5,25.0,25.0,41.66666666666667,75.0,73.725,0.23999540000000003,0.5
813841,Jonah Cox,SFG,R,Slider,SL,12,9.090909090909092,85.31666666666666,2551.5833333333335,-0.6441666666666667,-0.155,50.0,41.66666666666667,25.0,77.77777777777779,100.0,69.62,0.11499999999999999,0.3333333333333333
813841,Jonah Cox,SFG,R,Curveball,CU,10,7.575757575757576,80.92999999999999,2492.1,-0.488,-0.7190000000000001,33.33333333333333,50.0,50.0,40.0,20.0,90.1,0.062,0.5
813841,Jonah Cox,SFG,R,Cutter,FC,9,6.8181818181818175,91.61111111111111,2235.0,-0.1311111111111111,0.7811111111111111,0.0,11.11111111111111,44.44444444444444,0.0,100.0,84.05,0.014,0.0
813841,Jonah Cox,SFG,R,Split-Finger,FS,2,1.5151515151515151,90.0,996.5,0.21999999999999997,0.04000000000000001,0.0,0.0,50.0,0.0,100.0,0.0,0.0,0.0
808982,Jung Hoo Lee,SFG,L,Sinker,SI,76,35.68075117370892,92.69868421052632,2204.657894736842,0.33960526315789474,0.6560526315789473,12.121212121212121,30.263157894736842,60.526315789473685,20.0,58.69565217391305,88.86071428571428,0.4419946666666667,0.125
808982,Jung Hoo Lee,SFG,L,4-Seam Fastball,FF,44,20.657276995305164,95.28863636363636,2424.1136363636365,-0.2975,1.3877272727272727,10.0,22.727272727272727,70.45454545454545,46.15384615384615,77.41935483870968,81.68518518518519,0.29907515384615385,0.3333333333333333
808982,Jung Hoo Lee,SFG,L,Slider,SL,23,10.7981220657277,85.24782608695652,2488.8260869565215,0.15913043478260872,0.06391304347826086,18.181818181818183,17.391304347826086,30.434782608695656,25.0,100.0,89.3,0.6801628333333333,0.8
808982,Jung Hoo Lee,SFG,L,Cutter,FC,20,9.389671361502346,87.42999999999999,2461.2,0.12050000000000001,0.4285,0.0,10.0,50.0,20.0,80.0,88.3875,0.5357044285714286,0.5
808982,Jung Hoo Lee,SFG,L,Sweeper,ST,17,7.981220657276995,82.72352941176472,2519.0588235294117,-0.18647058823529414,-0.04999999999999999,0.0,5.88235294117647,35.294117647058826,90.9090909090909,100.0,80.62307692307692,0.06775,0.0
808982,Jung Hoo Lee,SFG,L,Changeup,CH,14,6.572769953051644,85.67142857142858,1974.357142857143,-0.5457142857142857,0.4642857142857143,0.0,14.285714285714285,50.0,28.57142857142857,71.42857142857143,80.35000000000001,0.39324424999999996,0.3333333333333333
808982,Jung Hoo Lee,SFG,L,Curveball,CU,11,5.164319248826291,80.74545454545455,2461.090909090909,0.7863636363636364,-1.2518181818181817,0.0,18.181818181818183,27.27272727272727,12.5,66.66666666666666,89.03333333333335,0.083,0.0
808982,Jung Hoo Lee,SFG,L,Split-Finger,FS,6,2.8169014084507045,84.7,939.0,-0.5333333333333333,0.16166666666666665,0.0,0.0,16.666666666666664,40.0,100.0,58.2,0.0,0.0
808982,Jung Hoo Lee,SFG,L,Slurve,SV,2,0.9389671361502347,77.8,2230.0,-0.9950000000000001,0.035,0.0,50.0,100.0,0.0,50.0,64.4,0.0,0.0
801501,Nate Furman,SFG,L,Slider,SL,25,38.46153846153847,85.28399999999999,2571.56,0.3676,0.07519999999999999,35.0,36.0,48.0,76.92307692307693,83.33333333333334,87.73846153846154,0.39483333333333337,0.3333333333333333
801501,Nate Furman,SFG,L,4-Seam Fastball,FF,15,23.076923076923077,94.88666666666667,2506.8,-0.48000000000000004,1.332,0.0,46.666666666666664,53.333333333333336,28.57142857142857,12.5,70.0,0.0,0.0
801501,Nate Furman,SFG,L,Sinker,SI,12,18.461538461538463,90.70833333333333,2272.9166666666665,-1.1391666666666667,0.7575,0.0,0.0,41.66666666666667,0.0,60.0,72.66666666666667,0.25,0.0
801501,Nate Furman,SFG,L,Changeup,CH,6,9.230769230769232,89.58333333333333,1821.3333333333333,-0.9466666666666667,0.895,0.0,0.0,16.666666666666664,60.0,100.0,85.35,0.0695,0.0
801501,Nate Furman,SFG,L,Sweeper,ST,3,4.615384615384616,83.66666666666667,2507.0,0.6666666666666666,0.1666666666666667,100.0,66.66666666666666,0.0,66.66666666666666,0.0,0.0,0.0,0.0
801501,Nate Furman,SFG,L,Curveball,CU,2,3.076923076923077,82.0,2592.0,0.67,-0.79,0.0,50.0,100.0,0.0,0.0,0.0,0.0,0.0
801501,Nate Furman,SFG,L,Cutter,FC,1,1.5384615384615385,90.5,2248.0,-0.11,1.0,0.0,0.0,0.0,0.0,0.0,0.0,0.697977,0.0
801501,Nate Furman,SFG,L,Slurve,SV,1,1.5384615384615385,84.3,2206.0,0.75,-0.17,0.0,100.0,100.0,0.0,0.0,0.0,0.0,0.0
678545,Osleivis Basabe,SFG,R,4-Seam Fastball,FF,49,26.775956284153008,93.63673469387754,2222.4489795918366,0.44979591836734695,1.263469387755102,6.666666666666667,22.448979591836736,69.38775510204081,40.0,70.58823529411765,80.6125,0.30863427272727273,0.0
678545,Osleivis Basabe,SFG,R,Changeup,CH,38,20.76502732240437,83.57894736842105,1869.3947368421052,1.1386842105263157,0.4263157894736842,26.666666666666668,21.052631578947366,23.684210526315788,34.48275862068966,55.55555555555556,74.64444444444445,0.13108333333333333,0.16666666666666666
678545,Osleivis Basabe,SFG,R,Cutter,FC,22,12.021857923497267,88.91818181818182,2384.7272727272725,0.055,0.4636363636363636,9.090909090909092,22.727272727272727,50.0,36.36363636363637,63.63636363636363,84.36,0.214622125,0.0
678545,Osleivis Basabe,SFG,R,Sinker,SI,20,10.92896174863388,96.235,2173.15,0.06500000000000003,0.581,9.090909090909092,30.0,70.0,33.33333333333333,64.28571428571429,83.85555555555555,0.516,0.14285714285714285
678545,Osleivis Basabe,SFG,R,Slider,SL,19,10.382513661202186,87.89473684210526,2350.6315789473683,-0.16578947368421051,0.17210526315789473,36.36363636363637,31.57894736842105,26.31578947368421,57.14285714285714,60.0,84.93333333333334,0.0805,0.0
678545,Osleivis Basabe,SFG,R,Curveball,CU,18,9.836065573770492,80.10555555555555,2468.3888888888887,0.4633333333333333,-1.0688888888888888,50.0,33.33333333333333,38.88888888888889,9.090909090909092,42.857142857142854,52.5,0.364476,0.0
678545,Osleivis Basabe,SFG,R,Sweeper,ST,16,8.743169398907105,83.7375,2682.3125,0.55375,-0.05875,42.857142857142854,50.0,56.25,28.57142857142857,55.55555555555556,83.23333333333333,0.28125,0.25
678545,Osleivis Basabe,SFG,R,Split-Finger,FS,1,0.546448087431694,82.6,1386.0,0.53,-0.49,0.0,0.0,0.0,0.0,0.0,0.0,0.0,0.0
646240,Rafael Devers,SFG,L,Sinker,SI,75,26.595744680851062,93.46,2209.4266666666667,0.4269333333333334,0.6486666666666666,11.538461538461538,32.0,65.33333333333333,0.0,53.06122448979592,89.82380952380952,0.3740359166666667,0.16666666666666666
646240,Rafael Devers,SFG,L,4-Seam Fastball,FF,74,26.24113475177305,94.10270270270271,2346.4864864864867,0.07743243243243245,1.2356756756756757,31.03448275862069,28.37837837837838,51.35135135135135,16.666666666666664,60.526315789473685,94.80588235294118,0.6116628333333334,0.26666666666666666
646240,Rafael Devers,SFG,L,Slider,SL,38,13.47517730496454,86.03421052631579,2530.5789473684213,0.09631578947368422,0.03605263157894737,41.17647058823529,28.947368421052634,21.052631578947366,43.333333333333336,50.0,88.57777777777778,0.34371428571428575,0.5714285714285714
646240,Rafael Devers,SFG,L,Sweeper,ST,31,10.99290780141844,81.92258064516129,2639.7096774193546,-0.6467741935483872,-0.05709677419354839,6.666666666666667,12.903225806451612,25.806451612903224,34.78260869565217,87.5,75.07857142857142,0.027,0.0
646240,Rafael Devers,SFG,L,Changeup,CH,21,7.446808510638298,87.23809523809524,1908.3809523809523,-0.46761904761904766,0.4304761904761905,50.0,23.809523809523807,9.523809523809524,42.10526315789473,100.0,87.03999999999999,0.3205645714285715,0.5
646240,Rafael Devers,SFG,L,Cutter,FC,20,7.092198581560284,89.89,2353.2,-0.030000000000000006,0.735,33.33333333333333,30.0,45.0,36.36363636363637,88.88888888888889,87.04285714285713,0.49420000000000003,0.6
646240,Rafael Devers,SFG,L,Curveball,CU,14,4.964539007092199,81.77857142857144,2549.1428571428573,0.3028571428571429,-0.6828571428571429,0.0,28.57142857142857,50.0,28.57142857142857,42.857142857142854,95.47999999999999,0.7789999999999999,0.6666666666666666
646240,Rafael Devers,SFG,L,Unknown,UNK,4,1.4184397163120568,0.0,0.0,0.0,0.0,0.0,0.0,0.0,0.0,0.0,0.0,0.0,0.0
646240,Rafael Devers,SFG,L,Split-Finger,FS,3,1.0638297872340425,84.60000000000001,831.3333333333334,-0.6333333333333333,0.21333333333333335,0.0,33.33333333333333,33.33333333333333,50.0,0.0,46.7,0.0,0.0
646240,Rafael Devers,SFG,L,Slurve,SV,2,0.7092198581560284,77.4,2249.5,-1.38,-0.285,0.0,0.0,50.0,0.0,100.0,83.3,0.01,0.0
694376,Shay Whitcomb,SFG,R,4-Seam Fastball,FF,33,30.275229357798167,93.97272727272727,2418.181818181818,-0.09393939393939395,1.3263636363636364,26.666666666666668,30.303030303030305,45.45454545454545,27.77777777777778,66.66666666666666,82.5125,0.176625,0.125
694376,Shay Whitcomb,SFG,R,Slider,SL,24,22.018348623853214,86.26666666666667,2644.4583333333335,0.29458333333333336,0.034166666666666665,43.75,37.5,29.166666666666668,64.70588235294117,71.42857142857143,68.91111111111111,0.036333333333333336,0.0
694376,Shay Whitcomb,SFG,R,Sinker,SI,15,13.761467889908257,94.22666666666667,2322.6666666666665,-1.0719999999999998,0.59,0.0,33.33333333333333,86.66666666666667,0.0,61.53846153846154,78.1875,0.3976,0.0
694376,Shay Whitcomb,SFG,R,Sweeper,ST,14,12.844036697247708,84.05714285714285,2914.1428571428573,1.1107142857142858,0.11285714285714286,25.0,35.714285714285715,35.714285714285715,66.66666666666666,40.0,68.63333333333334,0.42400000000000004,0.2
694376,Shay Whitcomb,SFG,R,Changeup,CH,9,8.256880733944955,87.97777777777777,2048.6666666666665,0.08666666666666667,0.19555555555555557,50.0,44.44444444444444,33.33333333333333,66.66666666666666,66.66666666666666,78.85,0.08099999999999999,0.0
694376,Shay Whitcomb,SFG,R,Cutter,FC,7,6.422018348623854,90.72857142857143,2383.5714285714284,-0.16714285714285712,0.8571428571428571,0.0,14.285714285714285,71.42857142857143,0.0,80.0,91.4,0.0095,0.0
694376,Shay Whitcomb,SFG,R,Curveball,CU,6,5.5045871559633035,86.05,2338.3333333333335,-0.051666666666666666,0.0,50.0,33.33333333333333,33.33333333333333,25.0,50.0,69.3,0.0895,0.0
694376,Shay Whitcomb,SFG,R,Slurve,SV,1,0.9174311926605505,86.5,2162.0,0.97,-0.31,0.0,0.0,0.0,0.0,0.0,0.0,0.0,0.0
806367,Turner Hill,SFG,L,Sinker,SI,48,29.09090909090909,91.79166666666667,2319.6666666666665,-0.3285416666666667,0.531875,0.0,37.5,62.5,11.11111111111111,43.333333333333336,82.98461538461538,0.1705366923076923,0.08333333333333333
806367,Turner Hill,SFG,L,4-Seam Fastball,FF,37,22.424242424242426,94.24594594594595,2390.324324324324,-0.3540540540540541,1.288108108108108,0.0,10.81081081081081,48.64864864864865,10.526315789473683,72.22222222222221,92.84666666666666,0.56418175,0.5833333333333334
806367,Turner Hill,SFG,L,Slider,SL,23,13.939393939393941,86.59130434782608,2621.086956521739,0.3282608695652174,0.1408695652173913,28.57142857142857,26.08695652173913,30.434782608695656,25.0,42.857142857142854,90.375,0.3973256666666667,0.0
806367,Turner Hill,SFG,L,Changeup,CH,22,13.333333333333334,87.46818181818182,1926.909090909091,-1.1713636363636364,0.14545454545454548,10.0,22.727272727272727,50.0,27.27272727272727,63.63636363636363,72.7125,0.059666666666666666,0.0
806367,Turner Hill,SFG,L,Curveball,CU,14,8.484848484848486,81.56428571428572,2512.6428571428573,0.5371428571428571,-0.7571428571428571,40.0,21.428571428571427,42.857142857142854,37.5,33.33333333333333,93.55,0.02033333333333333,0.0
806367,Turner Hill,SFG,L,Sweeper,ST,11,6.666666666666667,82.74545454545455,2713.4545454545455,-0.0009090909090909301,-0.11818181818181818,0.0,27.27272727272727,45.45454545454545,0.0,40.0,19.6,0.0,0.0
806367,Turner Hill,SFG,L,Cutter,FC,7,4.242424242424243,87.94285714285715,2576.0,0.26571428571428574,0.5028571428571429,0.0,28.57142857142857,42.857142857142854,50.0,33.33333333333333,103.89999999999999,0.386,1.0
806367,Turner Hill,SFG,L,Split-Finger,FS,2,1.2121212121212122,81.5,898.0,-0.68,0.68,0.0,100.0,100.0,0.0,0.0,0.0,0.0,0.0
806367,Turner Hill,SFG,L,Pitch Out,PO,1,0.6060606060606061,89.8,2431.0,-0.71,1.17,0.0,0.0,0.0,0.0,0.0,0.0,0.0,0.0
642715,,SFG,R,4-Seam Fastball,FF,27,23.893805309734514,95.28518518518518,2305.1481481481483,0.07629629629629628,1.26,16.666666666666664,25.925925925925924,55.55555555555556,8.333333333333332,73.33333333333333,87.51111111111112,0.7624219999999999,0.8
642715,,SFG,R,Changeup,CH,23,20.353982300884958,83.97391304347826,1804.1739130434783,1.2282608695652173,0.6165217391304347,55.55555555555556,26.08695652173913,13.043478260869565,35.0,66.66666666666666,66.1,0.10075,0.0
642715,,SFG,R,Sinker,SI,22,19.469026548672566,94.02727272727272,2309.5454545454545,-0.10227272727272728,0.7100000000000001,12.5,40.909090909090914,50.0,9.090909090909092,63.63636363636363,93.64285714285714,0.707125,0.375
682674,,SFG,R,4-Seam Fastball,FF,19,30.64516129032258,94.52631578947368,2183.0,0.43105263157894735,1.441578947368421,16.666666666666664,21.052631578947366,21.052631578947366,60.0,75.0,87.5375,0.3388,0.0
682674,,SFG,R,Changeup,CH,18,29.03225806451613,83.13888888888889,1739.4444444444443,1.2244444444444444,0.6538888888888889,57.14285714285714,50.0,50.0,55.55555555555556,100.0,83.08333333333333,0.113125,0.25
671083,,SFG,R,4-Seam Fastball,FF,17,29.310344827586203,96.61764705882354,2270.294117647059,0.17882352941176471,1.4029411764705884,0.0,29.411764705882355,35.294117647058826,9.090909090909092,33.33333333333333,82.5,0.697977,0.0
642715,,SFG,R,Slider,SL,13,11.504424778761061,87.36923076923077,2529.6923076923076,-0.15153846153846157,-0.08000000000000002,50.0,23.076923076923077,23.076923076923077,30.0,100.0,95.2,0.523,0.6666666666666666
642715,,SFG,R,Curveball,CU,11,9.734513274336283,79.27272727272727,2575.3636363636365,-0.04999999999999998,-1.050909090909091,50.0,63.63636363636363,63.63636363636363,75.0,42.857142857142854,64.03333333333333,0.0,0.0
671083,,SFG,R,Changeup,CH,11,18.96551724137931,85.22727272727273,1853.4545454545455,1.2218181818181817,0.13636363636363635,33.33333333333333,27.27272727272727,36.36363636363637,14.285714285714285,50.0,81.0,0.11733333333333333,0.3333333333333333
671083,,SFG,R,Sinker,SI,11,18.96551724137931,91.56363636363636,2346.3636363636365,1.2236363636363636,0.04181818181818182,0.0,18.181818181818183,63.63636363636363,50.0,71.42857142857143,90.7,0.5162,0.2
642715,,SFG,R,Cutter,FC,9,7.964601769911504,88.01111111111112,2469.777777777778,0.32,0.35444444444444445,0.0,0.0,44.44444444444444,0.0,100.0,94.19999999999999,0.01,0.0
682674,,SFG,R,Sinker,SI,9,14.516129032258066,96.45555555555556,2274.3333333333335,-0.11111111111111109,0.6888888888888889,0.0,33.33333333333333,33.33333333333333,0.0,66.66666666666666,74.0,0.0,0.0
642715,,SFG,R,Sweeper,ST,8,7.079646017699115,84.225,2583.375,0.9437500000000001,-0.4325,50.0,37.5,37.5,60.0,100.0,80.2,0.003,0.0
671083,,SFG,R,Slider,SL,7,12.068965517241379,85.55714285714285,2637.1428571428573,0.09571428571428571,0.53,50.0,42.857142857142854,57.14285714285714,0.0,50.0,88.1,0.008,0.0
671083,,SFG,R,Sweeper,ST,6,10.344827586206897,81.61666666666666,2880.8333333333335,0.395,0.13666666666666666,50.0,16.666666666666664,33.33333333333333,0.0,100.0,71.5,0.14,0.0
682674,,SFG,R,Curveball,CU,6,9.67741935483871,79.51666666666667,2264.1666666666665,-0.9783333333333334,-0.3933333333333333,66.66666666666666,66.66666666666666,50.0,66.66666666666666,33.33333333333333,100.6,0.4545,0.0
682674,,SFG,R,Slider,SL,6,9.67741935483871,86.89999999999999,2280.0,-0.16666666666666666,0.40166666666666667,60.0,50.0,66.66666666666666,50.0,100.0,94.5,0.2695,0.0
671083,,SFG,R,Curveball,CU,3,5.172413793103448,82.39999999999999,2502.3333333333335,-0.5,-0.01,0.0,33.33333333333333,33.33333333333333,0.0,0.0,0.0,0.0,0.0
671083,,SFG,R,Cutter,FC,2,3.4482758620689653,90.35,2229.5,-0.265,0.6799999999999999,0.0,50.0,0.0,0.0,0.0,0.0,0.0,0.0
682674,,SFG,R,Cutter,FC,2,3.225806451612903,90.0,2193.0,-0.295,0.69,0.0,0.0,50.0,100.0,100.0,96.6,0.41600000000000004,0.0
682674,,SFG,R,Split-Finger,FS,2,3.225806451612903,91.1,1058.0,0.46,-0.07,0.0,0.0,0.0,0.0,0.0,0.0,0.0,0.0
671083,,SFG,R,Split-Finger,FS,1,1.7241379310344827,84.4,785.0,-0.63,0.66,0.0,0.0,100.0,0.0,100.0,90.4,0.008,0.0
676475,Alec Burleson,STL,L,4-Seam Fastball,FF,64,26.01626016260163,95.953125,2464.328125,-0.074375,1.291875,14.634146341463413,14.0625,43.75,50.0,82.14285714285714,84.23666666666666,0.14926666666666666,0.13333333333333333
676475,Alec Burleson,STL,L,Sinker,SI,41,16.666666666666664,93.68048780487806,2254.439024390244,0.02024390243902438,0.5814634146341463,19.230769230769234,29.268292682926827,60.97560975609756,43.75,76.0,82.80000000000001,0.461625,0.375
676475,Alec Burleson,STL,L,Changeup,CH,35,14.227642276422763,90.29714285714286,1764.7142857142858,-0.7505714285714286,0.45399999999999996,15.384615384615385,14.285714285714285,42.857142857142854,60.0,93.33333333333333,87.42222222222222,0.23022222222222222,0.3333333333333333
676475,Alec Burleson,STL,L,Curveball,CU,32,13.008130081300814,81.990625,2633.71875,0.4128125,-0.8034375,26.31578947368421,31.25,40.625,57.89473684210527,61.53846153846154,87.56666666666666,0.2030977,0.3333333333333333
676475,Alec Burleson,STL,L,Slider,SL,30,12.195121951219512,87.62666666666668,2594.733333333333,0.39066666666666666,0.051333333333333335,31.25,26.666666666666668,33.33333333333333,45.0,70.0,89.84444444444445,0.4109967142857143,0.3333333333333333
676475,Alec Burleson,STL,L,Sweeper,ST,23,9.34959349593496,81.91739130434782,2650.7391304347825,-0.25173913043478263,0.022608695652173914,50.0,26.08695652173913,13.043478260869565,35.0,100.0,87.17999999999999,0.4337904,0.75
676475,Alec Burleson,STL,L,Cutter,FC,16,6.504065040650407,90.3875,2367.8125,-0.2,0.755,0.0,12.5,37.5,20.0,100.0,87.18333333333334,0.37033333333333335,0.3333333333333333
676475,Alec Burleson,STL,L,Split-Finger,FS,5,2.0325203252032518,94.66,1623.4,-0.9780000000000001,0.048,0.0,0.0,60.0,100.0,100.0,79.4,0.034999999999999996,0.0
663494,Bryan Torres,STL,L,Sinker,SI,27,30.681818181818183,94.76666666666667,2098.740740740741,0.6622222222222223,0.8222222222222222,0.0,37.03703703703704,62.96296296296296,20.0,41.17647058823529,73.45555555555556,0.3942168888888889,0.375
663494,Bryan Torres,STL,L,Sweeper,ST,23,26.136363636363637,85.60434782608696,2557.2608695652175,-0.5226086956521739,0.005217391304347827,26.666666666666668,26.08695652173913,56.52173913043478,40.0,84.61538461538461,79.35555555555555,0.3378,0.4
663494,Bryan Torres,STL,L,4-Seam Fastball,FF,17,19.318181818181817,95.97647058823529,2479.529411764706,-0.1758823529411765,1.36,0.0,11.76470588235294,58.82352941176471,0.0,80.0,73.1,0.08733333333333333,0.0
663494,Bryan Torres,STL,L,Slider,SL,9,10.227272727272728,85.85555555555555,2655.1111111111113,0.25222222222222224,-0.031111111111111114,20.0,22.22222222222222,66.66666666666666,0.0,83.33333333333334,88.175,0.38224425,0.6666666666666666
663494,Bryan Torres,STL,L,Changeup,CH,8,9.090909090909092,87.275,1580.625,-0.9550000000000001,0.075,80.0,50.0,37.5,40.0,100.0,90.1,0.057666666666666665,0.0
663494,Bryan Torres,STL,L,Curveball,CU,2,2.272727272727273,81.15,2836.5,0.845,-1.06,0.0,0.0,50.0,0.0,100.0,96.7,0.614,1.0
663494,Bryan Torres,STL,L,Cutter,FC,2,2.272727272727273,88.8,2503.0,0.05,0.89,0.0,100.0,100.0,0.0,0.0,0.0,0.0,0.0
671056,Iván Herrera,STL,R,Sinker,SI,95,28.35820895522388,93.63578947368421,2219.821052631579,-0.4669473684210526,0.6824210526315789,3.125,29.47368421052631,58.94736842105262,10.256410256410255,50.0,81.7344827586207,0.41553709090909086,0.42857142857142855
671056,Iván Herrera,STL,R,4-Seam Fastball,FF,66,19.701492537313435,95.55151515151515,2416.969696969697,0.1253030303030303,1.274848484848485,2.941176470588235,21.21212121212121,51.515151515151516,40.625,61.76470588235294,79.84516129032258,0.29149616666666667,0.0
671056,Iván Herrera,STL,R,Sweeper,ST,56,16.716417910447763,83.17321428571428,2640.1428571428573,0.11124999999999999,-0.03232142857142857,44.0,35.714285714285715,39.285714285714285,35.294117647058826,59.09090909090909,79.69285714285715,0.09295641666666667,0.09090909090909091
671056,Iván Herrera,STL,R,Slider,SL,50,14.925373134328357,87.152,2596.04,0.2868,0.0864,20.0,20.0,36.0,12.5,61.111111111111114,85.64166666666667,0.379,0.42857142857142855
671056,Iván Herrera,STL,R,Changeup,CH,30,8.955223880597014,86.33999999999999,1813.8666666666666,0.629,0.252,60.0,40.0,40.0,27.77777777777778,41.66666666666667,80.89999999999999,0.1401954,0.0
671056,Iván Herrera,STL,R,Curveball,CU,18,5.3731343283582085,83.03333333333333,2691.6666666666665,0.4861111111111111,-0.7266666666666667,16.666666666666664,33.33333333333333,44.44444444444444,40.0,25.0,76.025,0.22499425,0.0
671056,Iván Herrera,STL,R,Cutter,FC,12,3.582089552238806,89.84166666666665,2363.5,0.0325,0.45083333333333336,33.33333333333333,33.33333333333333,41.66666666666667,100.0,100.0,95.46000000000001,0.30414285714285716,0.2857142857142857
671056,Iván Herrera,STL,R,Split-Finger,FS,4,1.1940298507462688,98.0,1574.0,-1.015,-0.09,50.0,50.0,50.0,100.0,100.0,81.9,0.0,0.0
671056,Iván Herrera,STL,R,Unknown,UNK,4,1.1940298507462688,0.0,0.0,0.0,0.0,0.0,0.0,0.0,0.0,0.0,0.0,0.0,0.0
699625,Jimmy Crooks,STL,L,4-Seam Fastball,FF,26,24.074074074074073,96.31923076923077,2453.1153846153848,-0.1726923076923077,1.3353846153846154,30.76923076923077,23.076923076923077,38.46153846153847,31.25,80.0,87.25555555555556,0.25641842857142855,0.4
699625,Jimmy Crooks,STL,L,Slider,SL,21,19.444444444444446,87.6,2660.2380952380954,0.521904761904762,0.07380952380952381,50.0,47.61904761904761,57.14285714285714,22.22222222222222,50.0,92.275,0.458,0.4
699625,Jimmy Crooks,STL,L,Sweeper,ST,15,13.88888888888889,82.61999999999999,2828.8,-0.03666666666666665,0.22533333333333333,57.14285714285714,40.0,33.33333333333333,40.0,60.0,65.5,0.0,0.0
699625,Jimmy Crooks,STL,L,Changeup,CH,14,12.962962962962962,90.51428571428572,1585.2857142857142,-0.99,0.3221428571428571,60.0,42.857142857142854,28.57142857142857,60.0,100.0,74.2,0.0,0.0
699625,Jimmy Crooks,STL,L,Curveball,CU,13,12.037037037037036,84.36923076923077,2650.3076923076924,0.44076923076923075,-0.5838461538461538,60.0,46.15384615384615,53.84615384615385,16.666666666666664,57.14285714285714,81.05,0.01375,0.0
699625,Jimmy Crooks,STL,L,Sinker,SI,13,12.037037037037036,93.24615384615385,2253.4615384615386,-0.48384615384615387,0.6215384615384616,0.0,23.076923076923077,69.23076923076923,0.0,66.66666666666666,91.18333333333334,0.4583333333333333,0.0
699625,Jimmy Crooks,STL,L,Cutter,FC,5,4.62962962962963,89.16,2550.2,-0.11800000000000002,0.5660000000000001,0.0,0.0,60.0,0.0,100.0,90.53333333333335,0.205,0.0
699625,Jimmy Crooks,STL,L,Split-Finger,FS,1,0.9259259259259258,86.8,1893.0,-1.1,0.31,0.0,0.0,0.0,0.0,0.0,0.0,0.0,0.0
691023,Jordan Walker,STL,R,Sinker,SI,57,22.89156626506024,94.47719298245613,2211.1754385964914,-0.26649122807017545,0.5882456140350878,20.0,35.08771929824561,63.1578947368421,38.095238095238095,61.111111111111114,82.18260869565218,0.2036111111111111,0.16666666666666666
691023,Jordan Walker,STL,R,4-Seam Fastball,FF,54,21.686746987951807,97.16851851851852,2431.3333333333335,0.04685185185185183,1.2894444444444444,13.793103448275861,22.22222222222222,46.2962962962963,41.37931034482759,68.0,82.36,0.48215207692307693,0.4166666666666667
691023,Jordan Walker,STL,R,Sweeper,ST,45,18.072289156626507,83.25777777777778,2651.0,0.28444444444444444,-0.027555555555555555,30.0,31.11111111111111,46.666666666666664,58.333333333333336,76.19047619047619,81.25,0.227875,0.0
691023,Jordan Walker,STL,R,Slider,SL,37,14.859437751004014,87.45675675675676,2575.837837837838,0.3013513513513514,0.10594594594594595,32.142857142857146,24.324324324324326,45.94594594594595,55.00000000000001,100.0,89.33529411764707,0.2676098333333333,0.47058823529411764
691023,Jordan Walker,STL,R,Changeup,CH,25,10.040160642570282,87.084,1825.52,0.7123999999999999,0.3896,87.5,40.0,24.0,26.31578947368421,50.0,90.0,0.4929923333333333,0.0
691023,Jordan Walker,STL,R,Cutter,FC,14,5.622489959839357,91.52142857142857,2261.5714285714284,-0.0014285714285714338,0.6407142857142858,50.0,21.428571428571427,7.142857142857142,7.6923076923076925,100.0,103.5,0.194,0.5
691023,Jordan Walker,STL,R,Curveball,CU,13,5.220883534136546,83.43846153846154,2643.153846153846,0.2723076923076923,-0.5638461538461539,25.0,15.384615384615385,38.46153846153847,37.5,100.0,80.68333333333332,0.23366666666666666,0.0
691023,Jordan Walker,STL,R,Split-Finger,FS,4,1.6064257028112447,92.15,1709.75,-0.8425,-0.2025,0.0,0.0,25.0,66.66666666666666,100.0,66.93333333333334,0.5783333333333334,0.6666666666666666
695491,Joshua Báez,STL,R,Sweeper,ST,50,24.390243902439025,82.818,2641.8,0.484,0.032,52.0,48.0,42.0,41.37931034482759,61.904761904761905,69.04545454545455,0.1728929,0.0
695491,Joshua Báez,STL,R,4-Seam Fastball,FF,47,22.926829268292686,95.84468085106383,2331.31914893617,0.25,1.1742553191489362,40.0,44.680851063829785,44.680851063829785,53.84615384615385,52.38095238095239,87.0,0.12525,0.25
695491,Joshua Báez,STL,R,Sinker,SI,42,20.48780487804878,94.6452380952381,2284.714285714286,-0.5145238095238095,0.5719047619047619,18.51851851851852,23.809523809523807,61.904761904761905,43.75,76.92307692307693,83.95,0.5379983571428572,0.23076923076923078
695491,Joshua Báez,STL,R,Slider,SL,29,14.146341463414632,85.9241379310345,2423.344827586207,0.2737931034482759,0.12241379310344827,29.411764705882355,20.689655172413794,37.93103448275862,33.33333333333333,100.0,91.48181818181818,0.380247125,0.14285714285714285
695491,Joshua Báez,STL,R,Changeup,CH,25,12.195121951219512,86.728,1803.6,0.8824,0.204,50.0,32.0,32.0,47.05882352941176,100.0,86.93333333333334,0.132875,0.0
695491,Joshua Báez,STL,R,Curveball,CU,6,2.9268292682926833,80.06666666666666,2724.6666666666665,1.0516666666666665,-0.7600000000000001,66.66666666666666,66.66666666666666,33.33333333333333,75.0,0.0,0.0,0.0,0.0
695491,Joshua Báez,STL,R,Cutter,FC,6,2.9268292682926833,90.58333333333333,2382.8333333333335,0.03833333333333334,0.6433333333333333,40.0,50.0,50.0,100.0,66.66666666666666,70.93333333333332,0.008,0.0
665877,José Fermín,STL,R,4-Seam Fastball,FF,53,22.844827586206897,95.35283018867923,2413.6603773584907,-0.03320754716981131,1.2966037735849056,7.6923076923076925,32.075471698113205,73.58490566037736,28.57142857142857,56.41025641025641,89.775,0.25313026666666666,0.23076923076923078
665877,José Fermín,STL,R,Sinker,SI,53,22.844827586206897,94.99245283018868,2215.8867924528304,-0.42962264150943397,0.4920754716981132,0.0,24.528301886792452,62.264150943396224,20.0,54.54545454545454,88.30526315789473,0.34575,0.3125
665877,José Fermín,STL,R,Sweeper,ST,40,17.24137931034483,84.3575,2645.325,0.1435,0.02975,0.0,15.0,45.0,9.090909090909092,66.66666666666666,75.19166666666668,0.0718,0.0
665877,José Fermín,STL,R,Slider,SL,33,14.224137931034484,86.68181818181819,2471.3030303030305,0.18636363636363637,0.16818181818181818,40.0,42.42424242424242,57.57575757575758,7.142857142857142,47.368421052631575,90.5,0.23033333333333336,0.16666666666666666
665877,José Fermín,STL,R,Changeup,CH,30,12.931034482758621,86.38666666666667,1682.0333333333333,1.0913333333333335,0.3143333333333333,15.384615384615385,30.0,50.0,33.33333333333333,53.333333333333336,68.76363636363637,0.17877777777777779,0.2222222222222222
665877,José Fermín,STL,R,Curveball,CU,12,5.172413793103448,81.18333333333334,2582.75,0.3275,-0.6875,0.0,16.666666666666664,41.66666666666667,0.0,60.0,78.03333333333333,0.24600000000000002,0.3333333333333333
665877,José Fermín,STL,R,Cutter,FC,11,4.741379310344827,89.00909090909092,2380.6363636363635,0.016363636363636358,0.5281818181818182,0.0,9.090909090909092,63.63636363636363,0.0,85.71428571428571,81.12,0.15,0.0
701675,Nathan Church,STL,L,4-Seam Fastball,FF,48,33.56643356643357,95.88333333333333,2522.7708333333335,-0.35000000000000003,1.32125,4.761904761904762,16.666666666666664,35.41666666666667,29.03225806451613,70.58823529411765,78.88888888888889,0.2661503076923077,0.45454545454545453
701675,Nathan Church,STL,L,Sinker,SI,33,23.076923076923077,92.89090909090909,2325.060606060606,-0.6124242424242424,0.5193939393939394,11.11111111111111,21.21212121212121,54.54545454545454,40.0,66.66666666666666,76.25,0.14250000000000002,0.4
701675,Nathan Church,STL,L,Changeup,CH,18,12.587412587412588,88.71111111111111,1864.0,-1.2205555555555554,0.2533333333333333,14.285714285714285,16.666666666666664,50.0,0.0,77.77777777777779,85.66666666666667,0.25566666666666665,0.3333333333333333
701675,Nathan Church,STL,L,Sweeper,ST,14,9.79020979020979,81.82142857142857,2565.1428571428573,0.4307142857142857,0.195,14.285714285714285,7.142857142857142,50.0,14.285714285714285,85.71428571428571,75.575,0.20460000000000003,0.2
701675,Nathan Church,STL,L,Cutter,FC,11,7.6923076923076925,90.37272727272727,2312.4545454545455,-0.030000000000000006,0.7145454545454545,25.0,27.27272727272727,45.45454545454545,66.66666666666666,80.0,67.06666666666666,0.0,0.0
701675,Nathan Church,STL,L,Curveball,CU,10,6.993006993006993,79.12,2497.0,0.545,-0.7949999999999999,0.0,30.0,30.0,42.857142857142854,66.66666666666666,85.88,0.6326,0.4
701675,Nathan Church,STL,L,Slider,SL,6,4.195804195804196,87.7,2746.3333333333335,0.445,-0.05833333333333333,0.0,50.0,83.33333333333334,0.0,40.0,97.85,0.257,0.0
701675,Nathan Church,STL,L,Split-Finger,FS,3,2.097902097902098,85.89999999999999,1767.0,-0.7833333333333333,-0.15666666666666665,0.0,33.33333333333333,33.33333333333333,0.0,0.0,0.0,0.0,0.0
669357,Nolan Gorman,STL,L,4-Seam Fastball,FF,19,25.0,96.08947368421053,2311.2105263157896,-0.3868421052631579,1.145263157894737,12.5,21.052631578947366,52.63157894736842,11.11111111111111,70.0,80.33333333333333,0.31866666666666665,0.0
669357,Nolan Gorman,STL,L,Sinker,SI,19,25.0,94.89999999999999,2246.5263157894738,-1.2736842105263158,0.6821052631578948,11.11111111111111,26.31578947368421,52.63157894736842,33.33333333333333,60.0,82.7625,0.6209999999999999,0.3333333333333333
669357,Nolan Gorman,STL,L,Curveball,CU,12,15.789473684210526,79.03333333333333,2611.9166666666665,0.8591666666666667,-0.9883333333333333,66.66666666666666,50.0,41.66666666666667,42.857142857142854,60.0,80.35,0.1296628333333333,0.0
669357,Nolan Gorman,STL,L,Changeup,CH,10,13.157894736842104,87.84,1452.9,-0.755,0.29100000000000004,75.0,80.0,50.0,100.0,60.0,97.0,0.14075,0.25
669357,Nolan Gorman,STL,L,Sweeper,ST,6,7.894736842105263,82.91666666666667,2636.1666666666665,1.0383333333333333,0.3983333333333334,0.0,83.33333333333334,83.33333333333334,0.0,0.0,0.0,0.0,0.0
669357,Nolan Gorman,STL,L,Slider,SL,5,6.578947368421052,89.66,2647.8,0.10800000000000001,0.10200000000000001,25.0,40.0,60.0,100.0,66.66666666666666,88.96666666666665,0.20500000000000002,0.0
669357,Nolan Gorman,STL,L,Split-Finger,FS,3,3.9473684210526314,87.16666666666667,1709.0,-0.8166666666666668,-0.09666666666666666,66.66666666666666,66.66666666666666,33.33333333333333,100.0,100.0,0.0,0.0,0.0
669357,Nolan Gorman,STL,L,Cutter,FC,2,2.631578947368421,91.4,2260.0,-0.09,0.78,0.0,0.0,0.0,0.0,0.0,0.0,0.0,0.0
686780,Pedro Pagés,STL,R,4-Seam Fastball,FF,37,46.25,96.55405405405405,2403.7297297297296,0.1608108108108108,1.3118918918918918,20.0,24.324324324324326,45.94594594594595,25.0,58.82352941176471,85.02000000000001,0.34382566666666664,0.125
686780,Pedro Pagés,STL,R,Changeup,CH,15,18.75,85.93333333333334,1909.9333333333334,1.3026666666666666,0.322,50.0,26.666666666666668,26.666666666666668,27.27272727272727,25.0,70.55000000000001,0.0025,0.0
686780,Pedro Pagés,STL,R,Sinker,SI,14,17.5,94.51428571428572,2077.5714285714284,0.9142857142857144,0.6485714285714286,0.0,7.142857142857142,57.14285714285714,33.33333333333333,87.5,85.57777777777778,0.43079999999999996,0.6
686780,Pedro Pagés,STL,R,Curveball,CU,4,5.0,82.5,2649.5,-0.45,-0.4225,0.0,25.0,25.0,0.0,0.0,0.0,0.0,0.0
686780,Pedro Pagés,STL,R,Cutter,FC,4,5.0,90.675,2480.0,0.22999999999999998,0.525,0.0,0.0,25.0,0.0,100.0,0.0,0.0,0.0
686780,Pedro Pagés,STL,R,Slider,SL,3,3.75,85.53333333333335,2559.6666666666665,0.17333333333333334,-0.29666666666666663,100.0,33.33333333333333,0.0,33.33333333333333,0.0,0.0,0.0,0.0
686780,Pedro Pagés,STL,R,Sweeper,ST,3,3.75,83.0,2529.6666666666665,-1.2066666666666668,0.04666666666666667,0.0,33.33333333333333,33.33333333333333,0.0,0.0,0.0,0.0,0.0
602104,Ramón Urías,STL,R,Sinker,SI,25,32.467532467532465,95.04799999999999,2223.04,-0.1684,0.6056,7.142857142857142,20.0,68.0,12.5,76.47058823529412,90.31818181818181,0.8793333333333333,0.6666666666666666
602104,Ramón Urías,STL,R,Sweeper,ST,16,20.77922077922078,79.70625,2581.875,0.923125,-0.09,0.0,6.25,31.25,27.27272727272727,80.0,78.47142857142856,0.19266283333333334,0.0
602104,Ramón Urías,STL,R,4-Seam Fastball,FF,13,16.883116883116884,96.26153846153846,2440.923076923077,0.5607692307692308,1.2569230769230768,12.5,15.384615384615385,46.15384615384615,42.857142857142854,83.33333333333334,88.1,0.23366666666666666,0.0
602104,Ramón Urías,STL,R,Changeup,CH,9,11.688311688311687,87.71111111111111,2006.0,1.171111111111111,0.005555555555555551,50.0,44.44444444444444,66.66666666666666,0.0,66.66666666666666,83.5,0.218,0.0
602104,Ramón Urías,STL,R,Cutter,FC,7,9.090909090909092,90.04285714285713,2381.0,0.06571428571428573,0.61,50.0,42.857142857142854,42.857142857142854,50.0,66.66666666666666,91.3,0.035,0.0
602104,Ramón Urías,STL,R,Slider,SL,5,6.493506493506493,84.47999999999999,2495.0,0.27599999999999997,-0.21799999999999997,66.66666666666666,60.0,80.0,0.0,75.0,88.4,0.035,0.0
602104,Ramón Urías,STL,R,Curveball,CU,2,2.5974025974025974,71.9,2360.0,1.19,-1.21,0.0,0.0,100.0,0.0,100.0,68.3,0.132,0.0
695336,Thomas Saggese,STL,R,Sinker,SI,2,66.66666666666666,99.25,2359.0,0.81,1.2850000000000001,100.0,100.0,100.0,0.0,50.0,0.0,0.0,0.0
695336,Thomas Saggese,STL,R,4-Seam Fastball,FF,1,33.33333333333333,99.7,2331.0,0.5,1.35,0.0,0.0,100.0,0.0,100.0,0.0,0.0,0.0
802139,,STL,L,Sinker,SI,96,38.24701195219124,94.26145833333334,2190.03125,0.16666666666666666,0.6076041666666666,5.128205128205128,30.208333333333332,62.5,11.11111111111111,58.333333333333336,83.496875,0.4090929523809524,0.25
802139,,STL,L,4-Seam Fastball,FF,55,21.91235059760956,96.7909090909091,2440.3636363636365,-0.13854545454545455,1.3501818181818184,32.142857142857146,34.54545454545455,47.27272727272727,44.827586206896555,57.692307692307686,89.96315789473684,0.3256804736842105,0.17647058823529413
691458,,STL,R,4-Seam Fastball,FF,45,25.423728813559322,95.98,2430.6222222222223,0.2711111111111111,1.2793333333333334,15.625,17.77777777777778,53.333333333333336,52.38095238095239,87.5,77.11111111111111,0.35941666666666666,0.6666666666666666
691458,,STL,R,Sinker,SI,44,24.858757062146893,94.43636363636364,2232.2045454545455,-0.6293181818181818,0.5915909090909092,13.043478260869565,20.454545454545457,47.72727272727273,30.434782608695656,76.19047619047619,74.825,0.30454894444444447,0.06666666666666667
802139,,STL,L,Slider,SL,38,15.139442231075698,87.61315789473684,2541.8947368421054,0.24342105263157895,0.061052631578947365,30.0,28.947368421052634,44.73684210526316,4.761904761904762,52.94117647058824,81.82857142857142,0.5435000000000001,0.25
691026,,STL,R,4-Seam Fastball,FF,34,38.20224719101123,95.77941176470588,2511.4411764705883,-0.2576470588235294,1.3626470588235293,31.25,41.17647058823529,55.88235294117647,40.0,52.63157894736842,73.72999999999999,0.147372125,0.0
691458,,STL,R,Sweeper,ST,30,16.94915254237288,83.19,2692.6666666666665,0.15433333333333332,0.108,40.0,20.0,43.333333333333336,5.88235294117647,69.23076923076923,89.36666666666667,0.32549425,0.0
691458,,STL,R,Changeup,CH,26,14.689265536723164,87.28076923076924,1768.5,0.8734615384615385,0.18192307692307694,31.57894736842105,26.923076923076923,26.923076923076923,63.1578947368421,100.0,88.44444444444444,0.3381,0.2
691458,,STL,R,Slider,SL,25,14.124293785310735,86.912,2541.44,0.396,0.154,7.6923076923076925,8.0,52.0,8.333333333333332,92.3076923076923,80.675,0.361,0.0
677592,,STL,R,4-Seam Fastball,FF,21,31.343283582089555,96.45238095238095,2182.2380952380954,0.6409523809523809,1.1990476190476191,41.66666666666667,28.57142857142857,28.57142857142857,46.666666666666664,83.33333333333334,80.8,0.21680000000000002,0.4
802139,,STL,L,Sweeper,ST,20,7.968127490039841,84.525,2611.35,0.07599999999999998,0.09000000000000001,0.0,20.0,60.0,0.0,66.66666666666666,95.34,0.3897142857142857,0.2857142857142857
677592,,STL,R,Sinker,SI,18,26.865671641791046,96.21111111111111,2282.1666666666665,-0.6266666666666666,0.5816666666666666,33.33333333333333,38.88888888888889,44.44444444444444,50.0,50.0,84.66666666666667,0.2551291428571429,0.2
677592,,STL,R,Sweeper,ST,15,22.388059701492537,85.68666666666667,2511.0,-0.23733333333333337,-0.08600000000000001,0.0,13.333333333333334,13.333333333333334,30.76923076923077,0.0,41.1,0.0,0.0
691026,,STL,R,Sinker,SI,14,15.730337078651685,96.35000000000001,2267.1428571428573,-0.7257142857142858,0.30642857142857144,40.0,28.57142857142857,50.0,14.285714285714285,57.14285714285714,81.05,0.0,0.0
691026,,STL,R,Changeup,CH,13,14.606741573033707,87.11538461538461,1980.3076923076924,0.3692307692307692,0.3030769230769231,0.0,30.76923076923077,38.46153846153847,12.5,20.0,96.45,0.29432566666666665,0.5
802139,,STL,L,Curveball,CU,12,4.780876494023905,81.34166666666667,2621.0,0.5975,-0.8591666666666667,20.0,33.33333333333333,41.66666666666667,42.857142857142854,40.0,81.7,0.14,0.0
802139,,STL,L,Changeup,CH,11,4.382470119521913,87.49090909090908,1864.1818181818182,-0.14181818181818184,0.07181818181818181,33.33333333333333,18.181818181818183,27.27272727272727,12.5,66.66666666666666,102.0,0.456,0.5
802139,,STL,L,Cutter,FC,11,4.382470119521913,91.91818181818182,2278.3636363636365,-0.1490909090909091,0.6945454545454545,0.0,27.27272727272727,81.81818181818183,0.0,66.66666666666666,92.23333333333333,1.0783333333333334,0.6666666666666666
691026,,STL,R,Slider,SL,10,11.235955056179774,86.42,2626.6,0.376,0.02099999999999999,0.0,20.0,50.0,0.0,60.0,85.93333333333334,0.251,0.5
691026,,STL,R,Curveball,CU,9,10.112359550561797,84.08888888888889,2881.1111111111113,0.3111111111111111,-0.6222222222222222,0.0,22.22222222222222,33.33333333333333,16.666666666666664,33.33333333333333,75.7,0.085,1.0
677592,,STL,R,Slider,SL,8,11.940298507462686,86.075,2436.375,0.4425,0.29750000000000004,100.0,25.0,12.5,14.285714285714285,100.0,0.0,0.0,0.0
691026,,STL,R,Cutter,FC,7,7.865168539325842,87.10000000000001,2329.1428571428573,0.2671428571428572,0.3442857142857143,50.0,28.57142857142857,28.57142857142857,20.0,50.0,105.6,1.588,1.0
691458,,STL,R,Curveball,CU,4,2.2598870056497176,84.95,2671.0,-0.042499999999999996,-0.51,50.0,50.0,50.0,50.0,50.0,85.8,0.528,0.0
802139,,STL,L,Knuckle Curve,KC,4,1.593625498007968,88.1,2531.5,0.28,-0.63,100.0,50.0,50.0,0.0,100.0,0.0,0.0,0.0
691458,,STL,R,Cutter,FC,3,1.694915254237288,88.76666666666667,2668.3333333333335,-0.3233333333333333,0.5066666666666667,50.0,66.66666666666666,66.66666666666666,100.0,50.0,65.0,0.0,0.0
802139,,STL,L,Split-Finger,FS,3,1.1952191235059761,93.46666666666665,1623.3333333333333,-0.9166666666666666,0.02333333333333333,0.0,0.0,66.66666666666666,0.0,100.0,92.6,0.0,0.0
677592,,STL,R,Changeup,CH,2,2.9850746268656714,81.6,1734.5,1.315,0.51,0.0,50.0,50.0,0.0,0.0,0.0,0.0,0.0
677592,,STL,R,Cutter,FC,2,2.9850746268656714,86.19999999999999,2254.0,0.49,0.22,50.0,50.0,100.0,0.0,100.0,69.0,0.178,0.0
691026,,STL,R,Sweeper,ST,2,2.247191011235955,81.45,2766.5,-1.205,-0.255,0.0,50.0,50.0,100.0,0.0,105.0,0.3,0.5
677592,,STL,R,Curveball,CU,1,1.4925373134328357,87.2,2849.0,0.29,-0.46,0.0,0.0,100.0,0.0,100.0,95.3,0.094,0.0
802139,,STL,L,Unknown,UNK,1,0.398406374501992,0.0,0.0,0.0,0.0,0.0,0.0,0.0,0.0,0.0,0.0,0.0,0.0
656775,Cedric Mullins,TBR,L,4-Seam Fastball,FF,73,38.21989528795812,94.94931506849315,2330.2602739726026,-0.554109589041096,1.4130136986301371,6.0606060606060606,10.95890410958904,32.87671232876712,30.612244897959183,75.0,76.8,0.450128,0.14285714285714285
656775,Cedric Mullins,TBR,L,Changeup,CH,26,13.612565445026178,88.03076923076924,1781.8846153846155,-1.0992307692307692,0.5588461538461538,60.0,26.923076923076923,23.076923076923077,25.0,83.33333333333334,80.75,0.1921954,0.25
656775,Cedric Mullins,TBR,L,Sinker,SI,26,13.612565445026178,94.02307692307691,2105.8846153846152,-0.3169230769230769,0.8134615384615385,7.142857142857142,23.076923076923077,50.0,46.15384615384615,61.53846153846154,89.89999999999999,0.51475,0.375
656775,Cedric Mullins,TBR,L,Slider,SL,20,10.471204188481675,85.8,2421.55,0.1045,0.121,11.11111111111111,35.0,65.0,28.57142857142857,53.84615384615385,85.97999999999999,0.0456,0.2
656775,Cedric Mullins,TBR,L,Curveball,CU,13,6.806282722513089,80.53846153846153,2538.6923076923076,0.7607692307692306,-0.9176923076923077,28.57142857142857,23.076923076923077,46.15384615384615,28.57142857142857,83.33333333333334,91.05999999999999,0.22480000000000003,0.0
656775,Cedric Mullins,TBR,L,Cutter,FC,13,6.806282722513089,89.8076923076923,2393.923076923077,0.20461538461538462,0.9676923076923077,0.0,15.384615384615385,38.46153846153847,0.0,60.0,87.2,0.1425,0.0
656775,Cedric Mullins,TBR,L,Split-Finger,FS,11,5.7591623036649215,86.9090909090909,1555.090909090909,-0.9118181818181817,0.1618181818181818,25.0,27.27272727272727,45.45454545454545,16.666666666666664,60.0,91.63333333333333,0.0835,0.0
656775,Cedric Mullins,TBR,L,Knuckle Curve,KC,6,3.1413612565445024,84.16666666666667,2541.6666666666665,0.35833333333333334,-0.8083333333333332,0.0,33.33333333333333,50.0,33.33333333333333,33.33333333333333,87.1,0.0,0.0
656775,Cedric Mullins,TBR,L,Knuckleball,KN,2,1.0471204188481675,82.25,333.0,-0.41,-0.06,0.0,0.0,0.0,0.0,0.0,0.0,0.0,0.0
656775,Cedric Mullins,TBR,L,Sweeper,ST,1,0.5235602094240838,85.6,2502.0,-0.72,0.17,0.0,0.0,0.0,100.0,0.0,88.4,0.011,0.0
802415,Chandler Simpson,TBR,L,4-Seam Fastball,FF,66,36.46408839779006,94.97424242424243,2351.242424242424,-0.5454545454545454,1.414090909090909,0.0,18.181818181818183,63.63636363636363,25.0,71.42857142857143,77.22941176470589,0.29835723999999997,0.4782608695652174
802415,Chandler Simpson,TBR,L,Sinker,SI,53,29.2817679558011,94.27358490566037,2143.867924528302,0.8169811320754716,0.6441509433962265,3.4482758620689653,24.528301886792452,56.60377358490566,43.47826086956522,63.33333333333333,74.74,0.13486363636363638,0.18181818181818182
802415,Chandler Simpson,TBR,L,Slider,SL,22,12.154696132596685,87.56363636363636,2386.6363636363635,0.31681818181818183,0.3577272727272727,25.0,22.727272727272727,36.36363636363637,14.285714285714285,75.0,83.02000000000001,0.24766666666666667,0.0
802415,Chandler Simpson,TBR,L,Curveball,CU,9,4.972375690607735,78.5,2663.4444444444443,0.4444444444444444,-1.1655555555555557,0.0,0.0,0.0,0.0,0.0,0.0,0.0,0.0
802415,Chandler Simpson,TBR,L,Changeup,CH,8,4.41988950276243,87.1875,1744.125,-0.6487499999999999,0.44625,0.0,12.5,37.5,60.0,66.66666666666666,76.1,0.07833333333333332,0.3333333333333333
802415,Chandler Simpson,TBR,L,Cutter,FC,8,4.41988950276243,89.8,2358.625,0.2025,0.84625,0.0,0.0,62.5,66.66666666666666,100.0,87.91428571428571,0.08625,0.25
802415,Chandler Simpson,TBR,L,Sweeper,ST,8,4.41988950276243,79.1,2257.0,-0.8325,0.3025,0.0,0.0,50.0,0.0,100.0,61.400000000000006,0.097,0.0
802415,Chandler Simpson,TBR,L,Knuckle Curve,KC,4,2.209944751381215,84.64999999999999,2324.25,0.41750000000000004,-0.7225,0.0,0.0,25.0,0.0,100.0,82.7,0.348,1.0
802415,Chandler Simpson,TBR,L,Split-Finger,FS,3,1.6574585635359116,85.53333333333335,1610.0,-0.9066666666666666,0.40666666666666673,0.0,0.0,33.33333333333333,0.0,100.0,67.7,0.238,1.0
666018,Jonathan Aranda,TBR,L,4-Seam Fastball,FF,119,50.42372881355932,95.18403361344538,2316.873873873874,-0.5122689075630252,1.3714285714285714,16.39344262295082,19.327731092436977,49.57983193277311,23.333333333333332,79.66101694915254,83.46739130434783,0.33959724,0.13636363636363635
666018,Jonathan Aranda,TBR,L,Sinker,SI,33,13.983050847457626,94.67575757575759,2137.909090909091,0.1366666666666667,0.5993939393939395,11.11111111111111,12.121212121212121,42.42424242424242,26.31578947368421,92.85714285714286,84.9125,0.1295,0.07142857142857142
666018,Jonathan Aranda,TBR,L,Changeup,CH,19,8.050847457627118,87.52631578947368,1441.157894736842,-1.0678947368421052,0.23210526315789473,38.46153846153847,36.84210526315789,63.1578947368421,57.14285714285714,75.0,92.72857142857143,0.7796,0.8
666018,Jonathan Aranda,TBR,L,Curveball,CU,16,6.779661016949152,81.575,2567.5,0.771875,-0.62375,66.66666666666666,50.0,43.75,22.22222222222222,14.285714285714285,60.9,0.0,0.0
666018,Jonathan Aranda,TBR,L,Slider,SL,14,5.932203389830509,86.79285714285713,2442.6428571428573,0.13071428571428573,0.19142857142857145,22.22222222222222,21.428571428571427,28.57142857142857,60.0,75.0,82.55714285714285,0.2504,0.4
666018,Jonathan Aranda,TBR,L,Cutter,FC,13,5.508474576271186,89.69999999999999,2491.769230769231,0.01384615384615385,0.8969230769230769,22.22222222222222,15.384615384615385,46.15384615384615,42.857142857142854,100.0,82.96666666666667,0.247984,0.0
666018,Jonathan Aranda,TBR,L,Split-Finger,FS,11,4.661016949152542,87.5,1471.3636363636363,-0.979090909090909,0.11181818181818182,20.0,36.36363636363637,54.54545454545454,40.0,50.0,88.7,0.23025,0.25
666018,Jonathan Aranda,TBR,L,Knuckle Curve,KC,8,3.389830508474576,82.5375,2499.375,0.8200000000000001,-1.00125,50.0,62.5,50.0,25.0,25.0,85.7,0.0,0.0
666018,Jonathan Aranda,TBR,L,Knuckleball,KN,2,0.847457627118644,82.0,404.0,-0.465,-0.515,0.0,50.0,50.0,100.0,0.0,63.4,0.0,0.0
666018,Jonathan Aranda,TBR,L,Sweeper,ST,1,0.423728813559322,81.6,2688.0,-1.64,0.2,100.0,100.0,0.0,100.0,0.0,0.0,0.0,0.0
676356,Jonny DeLuca,TBR,R,4-Seam Fastball,FF,42,23.595505617977526,94.38095238095238,2332.1428571428573,-0.018809523809523814,1.4002380952380953,10.0,23.809523809523807,50.0,28.57142857142857,66.66666666666666,82.33529411764707,0.2290977,0.2222222222222222
676356,Jonny DeLuca,TBR,R,Slider,SL,37,20.786516853932586,86.16486486486487,2261.891891891892,0.19324324324324324,0.2745945945945946,18.181818181818183,21.62162162162162,56.75675675675676,37.5,76.19047619047619,80.35,0.23099999999999998,0.25
676356,Jonny DeLuca,TBR,R,Sinker,SI,30,16.853932584269664,93.67666666666668,2236.733333333333,0.1663333333333333,0.5243333333333333,10.526315789473683,33.33333333333333,76.66666666666667,57.14285714285714,65.21739130434783,86.52941176470588,0.2879230769230769,0.6153846153846154
676356,Jonny DeLuca,TBR,R,Cutter,FC,26,14.606741573033707,89.5576923076923,2497.576923076923,0.15961538461538463,0.9653846153846154,20.0,19.230769230769234,57.692307692307686,18.181818181818183,86.66666666666667,90.82,0.146,0.14285714285714285
676356,Jonny DeLuca,TBR,R,Changeup,CH,19,10.674157303370785,88.17368421052632,1635.578947368421,1.0405263157894737,0.36894736842105263,25.0,21.052631578947366,36.84210526315789,50.0,85.71428571428571,87.57142857142857,0.21542857142857144,0.42857142857142855
676356,Jonny DeLuca,TBR,R,Curveball,CU,10,5.617977528089887,80.8,2698.4,-0.4720000000000001,-0.9710000000000001,0.0,30.0,80.0,100.0,62.5,85.8,0.0,0.0
676356,Jonny DeLuca,TBR,R,Sweeper,ST,5,2.8089887640449436,85.1,2800.0,0.8,-0.136,50.0,40.0,0.0,80.0,0.0,59.55,0.0,0.0
676356,Jonny DeLuca,TBR,R,Knuckle Curve,KC,4,2.247191011235955,83.675,2480.75,0.3325,-0.715,0.0,25.0,50.0,0.0,50.0,85.1,0.368,0.0
676356,Jonny DeLuca,TBR,R,Split-Finger,FS,4,2.247191011235955,86.4,1217.75,-0.9275,0.6125,0.0,0.0,0.0,50.0,0.0,93.3,0.0,0.0
676356,Jonny DeLuca,TBR,R,Slurve,SV,1,0.5617977528089888,80.4,2521.0,1.69,-0.35,0.0,0.0,0.0,0.0,0.0,0.0,0.0,0.0
622761,Jorge Mateo,TBR,R,4-Seam Fastball,FF,37,30.833333333333336,93.97297297297297,2328.4864864864867,-0.009459459459459462,1.480810810810811,6.25,24.324324324324326,37.83783783783784,39.130434782608695,50.0,73.06666666666666,0.0,0.0
622761,Jorge Mateo,TBR,R,Slider,SL,21,17.5,86.61428571428571,2398.0,0.21904761904761907,0.1580952380952381,55.55555555555556,33.33333333333333,33.33333333333333,28.57142857142857,71.42857142857143,84.775,0.35786925,0.16666666666666666
622761,Jorge Mateo,TBR,R,Changeup,CH,19,15.833333333333332,87.22105263157896,1527.2105263157894,0.82,0.04736842105263158,21.428571428571427,15.789473684210526,73.68421052631578,40.0,85.71428571428571,76.24545454545454,0.31877777777777777,0.3333333333333333
622761,Jorge Mateo,TBR,R,Curveball,CU,17,14.166666666666666,81.61176470588236,2666.235294117647,-0.31764705882352945,-0.8676470588235294,41.66666666666667,29.411764705882355,0.0,70.58823529411765,0.0,80.45714285714287,0.10066666666666667,0.0
622761,Jorge Mateo,TBR,R,Sinker,SI,15,12.5,94.70666666666666,2152.5333333333333,-0.3046666666666667,0.5593333333333333,0.0,33.33333333333333,40.0,22.22222222222222,16.666666666666664,79.10000000000001,0.4439908,0.0
622761,Jorge Mateo,TBR,R,Cutter,FC,5,4.166666666666666,84.86,2351.4,0.015999999999999993,0.374,0.0,0.0,40.0,66.66666666666666,100.0,83.86666666666666,0.333,0.0
622761,Jorge Mateo,TBR,R,Split-Finger,FS,3,2.5,85.3,1361.3333333333333,0.16666666666666666,0.35000000000000003,0.0,0.0,0.0,0.0,0.0,0.0,0.0,0.0
622761,Jorge Mateo,TBR,R,Slurve,SV,2,1.6666666666666667,81.25,2550.0,1.665,-0.585,0.0,0.0,0.0,0.0,0.0,0.0,0.0,0.0
622761,Jorge Mateo,TBR,R,Knuckle Curve,KC,1,0.8333333333333334,82.4,2382.0,0.38,-1.19,0.0,0.0,0.0,0.0,0.0,0.0,0.0,0.0
691406,Junior Caminero,TBR,R,Sinker,SI,74,28.46153846153846,94.97162162162162,2184.635135135135,-0.38554054054054054,0.6501351351351351,11.428571428571429,21.62162162162162,48.64864864864865,28.947368421052634,66.66666666666666,88.29285714285713,0.3532857142857143,0.42857142857142855
691406,Junior Caminero,TBR,R,Slider,SL,54,20.76923076923077,87.67777777777779,2471.8888888888887,0.30407407407407405,0.18185185185185185,51.85185185185185,44.44444444444444,44.44444444444444,40.0,62.5,87.80000000000001,0.1839090909090909,0.2727272727272727
691406,Junior Caminero,TBR,R,4-Seam Fastball,FF,41,15.769230769230768,94.62926829268294,2396.048780487805,-0.25146341463414634,1.3541463414634147,0.0,39.02439024390244,63.41463414634146,26.666666666666668,46.15384615384615,85.01333333333334,0.18528571428571428,0.14285714285714285
691406,Junior Caminero,TBR,R,Changeup,CH,23,8.846153846153847,88.46521739130435,1533.1739130434783,0.5534782608695652,0.19304347826086954,33.33333333333333,17.391304347826086,17.391304347826086,36.84210526315789,50.0,94.05,0.546659,0.5
691406,Junior Caminero,TBR,R,Curveball,CU,22,8.461538461538462,79.53636363636363,2684.090909090909,0.25363636363636366,-1.0654545454545454,16.666666666666664,9.090909090909092,31.818181818181817,33.33333333333333,100.0,84.49000000000001,0.2772,0.2
691406,Junior Caminero,TBR,R,Cutter,FC,16,6.153846153846154,89.18125,2448.375,0.06687499999999999,0.545625,16.666666666666664,31.25,50.0,12.5,62.5,96.86,0.5022,0.4
691406,Junior Caminero,TBR,R,Knuckle Curve,KC,12,4.615384615384616,83.85833333333333,2526.8333333333335,0.6475,-0.8666666666666667,25.0,25.0,33.33333333333333,25.0,50.0,95.96666666666665,0.255,0.5
691406,Junior Caminero,TBR,R,Sweeper,ST,12,4.615384615384616,83.2,2570.9166666666665,0.7125,0.3825,14.285714285714285,8.333333333333332,16.666666666666664,50.0,100.0,91.2,0.4037954,0.5
691406,Junior Caminero,TBR,R,Unknown,UNK,4,1.5384615384615385,0.0,0.0,0.0,0.0,0.0,0.0,0.0,0.0,0.0,0.0,0.0,0.0
691406,Junior Caminero,TBR,R,Knuckleball,KN,1,0.38461538461538464,78.5,248.0,-0.21,0.19,0.0,0.0,0.0,0.0,0.0,0.0,0.0,0.0
691406,Junior Caminero,TBR,R,Split-Finger,FS,1,0.38461538461538464,87.1,1357.0,-1.28,0.56,0.0,0.0,0.0,0.0,0.0,0.0,0.728952,0.0
700652,Kenny Piper,TBR,R,4-Seam Fastball,FF,23,45.09803921568628,95.00434782608696,2492.086956521739,0.8721739130434782,1.3643478260869564,53.84615384615385,56.52173913043478,73.91304347826086,33.33333333333333,64.70588235294117,88.7,0.3522857142857143,0.2857142857142857
700652,Kenny Piper,TBR,R,Changeup,CH,11,21.568627450980394,85.38181818181818,1506.7272727272727,0.8872727272727274,-0.07727272727272728,0.0,0.0,18.181818181818183,22.22222222222222,100.0,75.94999999999999,0.0,0.0
700652,Kenny Piper,TBR,R,Sinker,SI,7,13.725490196078432,93.94285714285715,2289.1428571428573,0.33000000000000007,0.7028571428571428,40.0,28.57142857142857,42.857142857142854,50.0,100.0,68.8,0.0,0.0
700652,Kenny Piper,TBR,R,Slider,SL,5,9.803921568627452,88.36,2664.8,0.23200000000000004,-0.154,33.33333333333333,40.0,80.0,0.0,75.0,69.1,0.148,0.0
700652,Kenny Piper,TBR,R,Cutter,FC,2,3.9215686274509802,81.4,2214.0,-0.32,0.32,100.0,100.0,100.0,0.0,100.0,0.0,0.0,0.0
700652,Kenny Piper,TBR,R,Sweeper,ST,2,3.9215686274509802,76.9,2041.0,-0.86,0.34,0.0,0.0,100.0,0.0,100.0,73.1,0.0,0.0
700652,Kenny Piper,TBR,R,Knuckle Curve,KC,1,1.9607843137254901,82.8,2233.0,0.5,-0.59,0.0,0.0,100.0,0.0,100.0,76.2,0.0,0.0
689414,Liam Hicks,TBR,L,4-Seam Fastball,FF,61,34.659090909090914,95.58360655737705,2348.590163934426,0.012950819672131145,1.319016393442623,0.0,11.475409836065573,47.540983606557376,31.25,75.86206896551724,78.803125,0.3049449473684211,0.29411764705882354
689414,Liam Hicks,TBR,L,Sinker,SI,23,13.068181818181818,94.38260869565218,2177.521739130435,0.9891304347826086,0.581304347826087,15.384615384615385,21.73913043478261,69.56521739130434,28.57142857142857,68.75,86.3,0.49799999999999994,0.4444444444444444
689414,Liam Hicks,TBR,L,Curveball,CU,17,9.659090909090908,78.15294117647058,2671.0588235294117,1.038235294117647,-1.0852941176470587,40.0,64.70588235294117,58.82352941176471,57.14285714285714,10.0,77.83333333333333,0.15333333333333335,0.0
689414,Liam Hicks,TBR,L,Changeup,CH,15,8.522727272727272,87.89333333333335,1452.5333333333333,-1.0366666666666666,0.20466666666666666,0.0,0.0,13.333333333333334,15.384615384615385,100.0,84.9,0.5819885,1.0
689414,Liam Hicks,TBR,L,Slider,SL,15,8.522727272727272,85.88000000000001,2450.6,0.214,0.12133333333333333,28.57142857142857,40.0,46.666666666666664,50.0,42.857142857142854,67.5,0.14766666666666667,0.3333333333333333
689414,Liam Hicks,TBR,L,Split-Finger,FS,15,8.522727272727272,86.5,1432.3333333333333,-1.0613333333333332,0.35,25.0,13.333333333333334,20.0,16.666666666666664,66.66666666666666,89.39999999999999,0.323,0.0
689414,Liam Hicks,TBR,L,Cutter,FC,12,6.8181818181818175,89.47500000000001,2332.75,0.05333333333333332,0.6608333333333334,20.0,16.666666666666664,25.0,33.33333333333333,66.66666666666666,86.625,0.33899999999999997,0.5
689414,Liam Hicks,TBR,L,Knuckle Curve,KC,10,5.681818181818182,85.17999999999999,2499.5,0.546,-0.7150000000000001,33.33333333333333,40.0,40.0,33.33333333333333,25.0,80.85,0.058,0.0
689414,Liam Hicks,TBR,L,Sweeper,ST,8,4.545454545454546,81.0125,2472.375,-0.56375,0.125,0.0,50.0,50.0,0.0,0.0,0.0,0.0,0.0
663743,Nick Fortes,TBR,R,Sinker,SI,13,30.952380952380953,94.15384615384616,2089.0,1.1084615384615384,0.5353846153846153,0.0,15.384615384615385,69.23076923076923,100.0,77.77777777777779,85.49090909090908,0.17200000000000001,0.0
663743,Nick Fortes,TBR,R,Changeup,CH,8,19.047619047619047,86.32499999999999,1753.25,1.3375,0.52,0.0,0.0,50.0,50.0,100.0,57.0,0.0045,0.0
663743,Nick Fortes,TBR,R,Curveball,CU,8,19.047619047619047,77.475,2816.0,-0.875,-1.2175,0.0,0.0,0.0,25.0,0.0,74.1,0.0,0.0
663743,Nick Fortes,TBR,R,Slider,SL,5,11.904761904761903,86.92,2477.8,0.128,-0.074,50.0,20.0,40.0,0.0,100.0,94.3,0.211,0.0
663743,Nick Fortes,TBR,R,4-Seam Fastball,FF,4,9.523809523809524,94.825,2344.0,-0.755,1.5925,0.0,100.0,100.0,0.0,0.0,0.0,0.0,0.0
663743,Nick Fortes,TBR,R,Cutter,FC,3,7.142857142857142,87.13333333333333,2461.3333333333335,-0.14333333333333334,0.7433333333333333,0.0,66.66666666666666,66.66666666666666,0.0,0.0,0.0,0.0,0.0
663743,Nick Fortes,TBR,R,Knuckle Curve,KC,1,2.380952380952381,81.5,2535.0,0.52,-0.96,0.0,100.0,100.0,0.0,0.0,0.0,0.0,0.0
680700,Richie Palacios,TBR,L,4-Seam Fastball,FF,36,23.376623376623375,94.20833333333333,2339.4444444444443,-0.6238888888888889,1.4802777777777778,0.0,13.88888888888889,36.11111111111111,56.52173913043478,61.53846153846154,84.32631578947368,0.2283059230769231,0.16666666666666666
680700,Richie Palacios,TBR,L,Sinker,SI,35,22.727272727272727,93.32571428571428,2208.2,-0.6362857142857142,0.7137142857142857,18.75,37.142857142857146,62.857142857142854,23.076923076923077,59.09090909090909,87.17999999999999,0.10325,0.08333333333333333
680700,Richie Palacios,TBR,L,Slider,SL,20,12.987012987012985,86.525,2524.85,0.27,0.079,31.25,30.0,45.0,81.81818181818183,77.77777777777779,74.4375,0.17625000000000002,0.0
680700,Richie Palacios,TBR,L,Changeup,CH,15,9.740259740259742,87.51333333333334,1683.2,-1.1813333333333333,0.5266666666666666,33.33333333333333,13.333333333333334,20.0,8.333333333333332,66.66666666666666,80.95,0.4754885,0.0
680700,Richie Palacios,TBR,L,Curveball,CU,15,9.740259740259742,79.47333333333333,2513.6,0.7353333333333333,-0.8793333333333333,40.0,33.33333333333333,53.333333333333336,0.0,62.5,51.26666666666667,0.034,0.0
680700,Richie Palacios,TBR,L,Knuckle Curve,KC,13,8.441558441558442,82.78461538461539,2421.5384615384614,0.48307692307692307,-0.88,16.666666666666664,30.76923076923077,46.15384615384615,57.14285714285714,33.33333333333333,92.24000000000001,0.32366666666666666,0.0
680700,Richie Palacios,TBR,L,Cutter,FC,10,6.493506493506493,91.02000000000001,2567.1,0.16999999999999998,1.088,0.0,20.0,50.0,60.0,60.0,91.05,0.0,0.0
680700,Richie Palacios,TBR,L,Split-Finger,FS,8,5.194805194805195,84.4875,1389.375,-0.22875,0.315,28.57142857142857,25.0,25.0,83.33333333333334,100.0,69.12,0.14550000000000002,0.0
680700,Richie Palacios,TBR,L,Knuckleball,KN,2,1.2987012987012987,81.6,367.5,-0.415,-0.43,0.0,50.0,100.0,0.0,50.0,81.0,0.015,0.0
668723,Ryan Vilade,TBR,R,4-Seam Fastball,FF,31,29.807692307692307,94.13870967741936,2336.1290322580644,0.07709677419354839,1.4574193548387098,25.0,19.35483870967742,51.61290322580645,33.33333333333333,93.75,77.12307692307692,0.479,0.25
668723,Ryan Vilade,TBR,R,Sinker,SI,17,16.346153846153847,93.86470588235295,2067.176470588235,0.0052941176470588025,0.6435294117647059,0.0,17.647058823529413,52.94117647058824,0.0,88.88888888888889,102.2125,0.5811428571428571,0.7142857142857143
668723,Ryan Vilade,TBR,R,Slider,SL,17,16.346153846153847,84.6470588235294,2330.235294117647,-0.048823529411764696,0.388235294117647,40.0,47.05882352941176,58.82352941176471,57.14285714285714,60.0,84.98333333333333,0.266,0.0
668723,Ryan Vilade,TBR,R,Changeup,CH,16,15.384615384615385,87.05,1603.5625,1.085625,0.078125,0.0,37.5,62.5,16.666666666666664,40.0,99.7,0.226,0.5
668723,Ryan Vilade,TBR,R,Curveball,CU,9,8.653846153846153,76.26666666666667,2817.0,-0.28555555555555556,-1.1544444444444446,50.0,44.44444444444444,22.22222222222222,57.14285714285714,0.0,100.7,0.2965,0.0
668723,Ryan Vilade,TBR,R,Sweeper,ST,4,3.8461538461538463,78.30000000000001,2143.0,-0.89,0.27,100.0,50.0,0.0,50.0,0.0,0.0,0.0,0.0
668723,Ryan Vilade,TBR,R,Unknown,UNK,4,3.8461538461538463,0.0,0.0,0.0,0.0,0.0,0.0,0.0,0.0,0.0,0.0,0.0,0.0
668723,Ryan Vilade,TBR,R,Knuckle Curve,KC,3,2.8846153846153846,83.96666666666667,2266.3333333333335,1.22,-0.6066666666666667,0.0,33.33333333333333,33.33333333333333,0.0,100.0,83.3,0.008,0.0
668723,Ryan Vilade,TBR,R,Cutter,FC,2,1.9230769230769231,93.2,2285.0,1.04,0.5,0.0,0.0,0.0,0.0,0.0,0.0,0.0,0.0
668723,Ryan Vilade,TBR,R,Knuckleball,KN,1,0.9615384615384616,82.5,347.0,-0.46,-0.23,0.0,0.0,100.0,0.0,100.0,90.3,0.808,1.0
670764,Taylor Walls,TBR,S,4-Seam Fastball,FF,74,38.34196891191709,94.59189189189189,2330.5,-0.17175675675675675,1.4171621621621622,19.444444444444446,29.72972972972973,51.35135135135135,30.555555555555557,65.78947368421053,78.33333333333333,0.19672723076923077,0.043478260869565216
670764,Taylor Walls,TBR,S,Sinker,SI,26,13.471502590673575,93.5,2008.0,-0.23038461538461535,0.5880769230769232,15.384615384615385,34.61538461538461,61.53846153846154,20.0,68.75,87.28181818181818,0.2882222222222222,0.4444444444444444
670764,Taylor Walls,TBR,S,Changeup,CH,18,9.32642487046632,87.38888888888889,1705.3333333333333,0.46444444444444444,0.30222222222222217,28.57142857142857,22.22222222222222,38.88888888888889,63.63636363636363,100.0,64.62,0.20516666666666664,0.0
670764,Taylor Walls,TBR,S,Split-Finger,FS,17,8.808290155440414,86.09411764705882,1420.1176470588234,-0.6441176470588235,0.15647058823529414,50.0,11.76470588235294,5.88235294117647,6.25,100.0,94.8,0.1975,0.5
670764,Taylor Walls,TBR,S,Slider,SL,16,8.290155440414509,88.225,2496.9375,0.4525,0.12875,50.0,50.0,75.0,0.0,33.33333333333333,0.0,0.0,0.0
670764,Taylor Walls,TBR,S,Curveball,CU,14,7.253886010362693,81.53571428571429,2573.3571428571427,0.3385714285714286,-0.8049999999999999,0.0,28.57142857142857,28.57142857142857,10.0,50.0,42.0,0.26133333333333336,0.0
670764,Taylor Walls,TBR,S,Cutter,FC,13,6.7357512953367875,88.37692307692308,2219.769230769231,0.04307692307692308,0.6138461538461539,0.0,7.6923076923076925,38.46153846153847,0.0,80.0,73.30000000000001,0.151,1.0
670764,Taylor Walls,TBR,S,Sweeper,ST,7,3.6269430051813467,77.58571428571429,2135.285714285714,-0.5157142857142857,0.3271428571428571,0.0,57.14285714285714,57.14285714285714,0.0,0.0,0.0,0.0,0.0
670764,Taylor Walls,TBR,S,Knuckle Curve,KC,6,3.1088082901554404,84.68333333333334,2420.0,0.665,-0.6633333333333333,0.0,33.33333333333333,50.0,0.0,33.33333333333333,0.0,0.697977,0.0
670764,Taylor Walls,TBR,S,Knuckleball,KN,2,1.0362694300518136,83.44999999999999,383.5,-0.615,-0.485,0.0,0.0,0.0,50.0,0.0,61.9,0.0,0.0
650490,Yandy Díaz,TBR,R,4-Seam Fastball,FF,68,25.85551330798479,94.36911764705881,2318.1029411764707,-0.31073529411764705,1.4380882352941178,11.76470588235294,25.0,54.41176470588235,32.25806451612903,64.86486486486487,83.72307692307693,0.449640294117647,0.3333333333333333
650490,Yandy Díaz,TBR,R,Sinker,SI,67,25.475285171102662,94.79402985074627,2151.194029850746,-0.9485074626865672,0.7195522388059702,0.0,20.8955223880597,59.70149253731343,29.629629629629626,67.5,83.77575757575757,0.3074976,0.3684210526315789
650490,Yandy Díaz,TBR,R,Slider,SL,47,17.870722433460077,87.17234042553193,2372.9574468085107,0.35595744680851066,0.23,23.809523809523807,23.404255319148938,40.42553191489361,25.0,73.68421052631578,85.0375,0.2946136153846154,0.25
650490,Yandy Díaz,TBR,R,Curveball,CU,26,9.885931558935361,82.62692307692308,2585.0384615384614,0.30346153846153845,-0.7184615384615385,0.0,19.230769230769234,19.230769230769234,42.857142857142854,0.0,89.225,0.30516666666666664,0.16666666666666666
650490,Yandy Díaz,TBR,R,Changeup,CH,18,6.844106463878327,87.23333333333333,1611.8333333333333,0.25833333333333336,0.18333333333333335,0.0,11.11111111111111,33.33333333333333,33.33333333333333,66.66666666666666,64.1625,0.039,0.0
650490,Yandy Díaz,TBR,R,Cutter,FC,18,6.844106463878327,89.22222222222223,2319.0,0.1811111111111111,0.7183333333333333,16.666666666666664,22.22222222222222,61.111111111111114,42.857142857142854,81.81818181818183,72.74,0.113,0.0
650490,Yandy Díaz,TBR,R,Knuckle Curve,KC,11,4.182509505703422,84.83636363636364,2476.6363636363635,0.6990909090909091,-0.8209090909090908,20.0,9.090909090909092,36.36363636363637,14.285714285714285,100.0,91.175,0.26575000000000004,0.5
650490,Yandy Díaz,TBR,R,Split-Finger,FS,4,1.520912547528517,90.225,1574.25,-1.25,-0.04500000000000001,0.0,0.0,25.0,33.33333333333333,100.0,94.0,0.936,1.0
650490,Yandy Díaz,TBR,R,Sweeper,ST,4,1.520912547528517,84.0,2497.5,0.1325,0.2925,0.0,0.0,0.0,100.0,0.0,64.075,0.243,0.0
683748,,TBR,L,4-Seam Fastball,FF,2,40.0,95.6,2165.0,-0.995,1.2149999999999999,100.0,50.0,50.0,0.0,100.0,0.0,0.0,0.0
683748,,TBR,L,Split-Finger,FS,2,40.0,91.5,1653.5,-1.2200000000000002,0.0,0.0,0.0,50.0,0.0,100.0,90.1,0.0,0.0
683748,,TBR,L,Knuckle Curve,KC,1,20.0,85.8,2395.0,1.7,-0.8,0.0,0.0,0.0,0.0,0.0,0.0,0.728952,0.0
607043,Brandon Nimmo,TEX,L,4-Seam Fastball,FF,111,38.4083044982699,93.26756756756757,2316.4414414414414,0.037567567567567565,1.2975675675675675,29.508196721311474,36.03603603603604,63.06306306306306,34.146341463414636,67.14285714285714,81.60277777777777,0.19818596153846152,0.047619047619047616
607043,Brandon Nimmo,TEX,L,Sinker,SI,41,14.186851211072666,95.00487804878048,2299.1951219512193,0.06268292682926829,0.5651219512195123,16.666666666666664,24.390243902439025,34.146341463414636,7.4074074074074066,71.42857142857143,82.76666666666667,0.0675,0.16666666666666666
607043,Brandon Nimmo,TEX,L,Slider,SL,37,12.802768166089965,80.06486486486487,2324.5405405405404,-0.2810810810810811,0.08567567567567567,21.73913043478261,21.62162162162162,64.86486486486487,46.15384615384615,70.83333333333334,88.99444444444444,0.23921428571428568,0.07142857142857142
607043,Brandon Nimmo,TEX,L,Cutter,FC,24,8.304498269896193,90.61666666666667,2515.2083333333335,0.09499999999999999,0.8120833333333334,20.0,37.5,54.166666666666664,18.181818181818183,61.53846153846154,93.85000000000001,0.62,0.2
607043,Brandon Nimmo,TEX,L,Changeup,CH,20,6.920415224913495,85.22,2235.65,-1.483,0.4565,0.0,0.0,30.0,0.0,100.0,89.4,0.34149999999999997,0.5
607043,Brandon Nimmo,TEX,L,Sweeper,ST,19,6.5743944636678195,79.7421052631579,2528.2631578947367,-0.5357894736842105,0.28210526315789475,22.22222222222222,21.052631578947366,63.1578947368421,0.0,75.0,84.14285714285714,0.11633333333333334,0.3333333333333333
607043,Brandon Nimmo,TEX,L,Curveball,CU,16,5.536332179930796,74.1875,2419.9375,-0.2,-0.608125,75.0,62.5,43.75,44.44444444444444,0.0,0.0,0.0,0.0
607043,Brandon Nimmo,TEX,L,Split-Finger,FS,11,3.8062283737024223,85.54545454545455,1981.0,-1.1227272727272728,0.28818181818181815,0.0,0.0,36.36363636363637,28.57142857142857,100.0,83.0,0.228,0.0
607043,Brandon Nimmo,TEX,L,Unknown,UNK,8,2.768166089965398,0.0,0.0,0.0,0.0,0.0,0.0,0.0,0.0,0.0,0.0,0.0,0.0
607043,Brandon Nimmo,TEX,L,Knuckle Curve,KC,1,0.34602076124567477,88.5,2293.0,0.35,-0.88,0.0,0.0,100.0,0.0,100.0,100.0,0.464,0.0
607043,Brandon Nimmo,TEX,L,Slurve,SV,1,0.34602076124567477,82.9,2821.0,-1.63,-0.25,0.0,0.0,0.0,0.0,0.0,0.0,0.0,0.0
683227,Cody Freeman,TEX,R,4-Seam Fastball,FF,85,40.28436018957346,93.6564705882353,2281.2705882352943,-0.1283529411764706,1.2969411764705883,2.631578947368421,21.176470588235293,49.411764705882355,32.55813953488372,57.14285714285714,79.91142857142857,0.22205427777777778,0.1111111111111111
683227,Cody Freeman,TEX,R,Sinker,SI,39,18.48341232227488,94.88461538461539,2226.4102564102564,-0.2876923076923077,0.8220512820512821,5.88235294117647,20.51282051282051,56.41025641025641,11.76470588235294,68.18181818181817,86.49333333333334,0.277458,0.36363636363636365
683227,Cody Freeman,TEX,R,Cutter,FC,27,12.796208530805686,91.3037037037037,2456.037037037037,0.011111111111111115,0.6188888888888889,0.0,14.814814814814813,51.85185185185185,30.76923076923077,71.42857142857143,87.93333333333334,0.0,0.0
683227,Cody Freeman,TEX,R,Sweeper,ST,20,9.47867298578199,81.32000000000001,2509.35,0.1375,0.40049999999999997,28.57142857142857,20.0,35.0,30.76923076923077,42.857142857142854,72.34,0.453,0.5
683227,Cody Freeman,TEX,R,Slider,SL,15,7.109004739336493,85.92666666666668,2436.4,-0.04933333333333333,0.05,0.0,20.0,26.666666666666668,45.45454545454545,75.0,74.275,0.4085954,0.5
683227,Cody Freeman,TEX,R,Curveball,CU,14,6.6350710900473935,80.26428571428572,2709.214285714286,-0.8264285714285714,-1.0185714285714285,50.0,50.0,42.857142857142854,12.5,16.666666666666664,31.7,0.364476,0.0
683227,Cody Freeman,TEX,R,Changeup,CH,10,4.739336492890995,82.67999999999999,2104.9,-0.11700000000000002,0.442,0.0,0.0,60.0,0.0,100.0,81.61666666666666,0.25933333333333336,0.6666666666666666
683227,Cody Freeman,TEX,R,Split-Finger,FS,1,0.47393364928909953,87.8,1981.0,0.67,1.13,0.0,0.0,100.0,0.0,100.0,36.6,0.0,0.0
608369,Corey Seager,TEX,L,4-Seam Fastball,FF,61,26.06837606837607,95.64590163934426,2319.0,-0.006229508196721301,1.2685245901639344,31.70731707317073,36.0655737704918,72.1311475409836,35.294117647058826,79.54545454545455,84.95555555555556,0.35975,0.1875
608369,Corey Seager,TEX,L,Slider,SL,39,16.666666666666664,86.15384615384616,2562.0,-0.19256410256410256,-0.11692307692307694,33.33333333333333,20.51282051282051,41.02564102564102,34.78260869565217,100.0,81.41666666666667,0.4481818181818182,0.5454545454545454
608369,Corey Seager,TEX,L,Sinker,SI,34,14.529914529914532,94.95588235294117,2229.6176470588234,-0.10147058823529412,0.6470588235294118,5.88235294117647,20.588235294117645,64.70588235294117,8.333333333333332,72.72727272727273,83.02307692307691,0.43756457142857147,0.5
608369,Corey Seager,TEX,L,Cutter,FC,24,10.256410256410255,90.78750000000001,2465.5,0.06874999999999999,0.7554166666666666,0.0,12.5,54.166666666666664,0.0,61.53846153846154,96.025,0.4391908,0.0
608369,Corey Seager,TEX,L,Sweeper,ST,23,9.82905982905983,82.5695652173913,2383.086956521739,-0.14608695652173914,0.32173913043478264,44.44444444444444,30.434782608695656,52.17391304347826,0.0,75.0,80.58,0.2156,0.4
608369,Corey Seager,TEX,L,Curveball,CU,16,6.837606837606838,79.1375,2663.875,0.088125,-1.03125,8.333333333333332,12.5,62.5,50.0,90.0,86.83636363636364,0.14114285714285715,0.2857142857142857
608369,Corey Seager,TEX,L,Changeup,CH,15,6.41025641025641,84.16666666666667,1991.3333333333333,-1.1533333333333333,0.25666666666666665,14.285714285714285,6.666666666666667,26.666666666666668,27.27272727272727,100.0,82.05,0.89425,0.5
608369,Corey Seager,TEX,L,Unknown,UNK,8,3.418803418803419,0.0,0.0,0.0,0.0,0.0,0.0,0.0,0.0,0.0,0.0,0.0,0.0
608369,Corey Seager,TEX,L,Knuckle Curve,KC,6,2.564102564102564,84.23333333333333,2332.0,0.5733333333333334,-1.065,50.0,33.33333333333333,50.0,33.33333333333333,100.0,97.45,0.21233333333333335,0.3333333333333333
608369,Corey Seager,TEX,L,Split-Finger,FS,6,2.564102564102564,88.56666666666666,1785.6666666666667,-1.2066666666666668,0.31666666666666665,100.0,33.33333333333333,0.0,33.33333333333333,0.0,0.0,0.0,0.0
608369,Corey Seager,TEX,L,Slurve,SV,2,0.8547008547008548,86.15,2643.0,-0.635,-0.015,0.0,0.0,0.0,0.0,0.0,0.0,0.0,0.0
643376,Danny Jansen,TEX,R,4-Seam Fastball,FF,28,25.454545454545453,93.95357142857142,2323.714285714286,0.19285714285714284,1.1853571428571428,35.714285714285715,35.714285714285715,57.14285714285714,25.0,68.75,75.625,0.3105,0.25
643376,Danny Jansen,TEX,R,Cutter,FC,23,20.909090909090907,91.28695652173913,2457.2608695652175,0.14173913043478262,0.7378260869565217,33.33333333333333,30.434782608695656,56.52173913043478,30.0,69.23076923076923,82.825,0.6303333333333333,0.3333333333333333
643376,Danny Jansen,TEX,R,Sweeper,ST,18,16.363636363636363,81.25555555555556,2436.8333333333335,0.2161111111111111,0.24333333333333332,30.0,33.33333333333333,44.44444444444444,50.0,62.5,71.08,0.1038,0.0
643376,Danny Jansen,TEX,R,Slider,SL,12,10.909090909090908,86.09166666666665,2432.5,-0.2125,-0.05249999999999999,28.57142857142857,16.666666666666664,50.0,33.33333333333333,83.33333333333334,78.75,0.0646,0.0
643376,Danny Jansen,TEX,R,Sinker,SI,11,10.0,97.07272727272726,2221.181818181818,-0.35454545454545455,0.73,0.0,18.181818181818183,81.81818181818183,0.0,77.77777777777779,84.86,0.217,1.0
643376,Danny Jansen,TEX,R,Changeup,CH,10,9.090909090909092,87.26,1928.2,0.9029999999999999,0.352,20.0,20.0,50.0,20.0,80.0,79.975,0.2313333333333333,0.0
643376,Danny Jansen,TEX,R,Curveball,CU,8,7.2727272727272725,82.975,2653.0,-0.83625,-1.1400000000000001,40.0,37.5,62.5,33.33333333333333,80.0,41.35,0.0,0.0
553869,Elias Díaz,TEX,R,4-Seam Fastball,FF,47,36.15384615384615,93.33191489361703,2331.8936170212764,-0.04106382978723406,1.4382978723404254,22.727272727272727,14.893617021276595,44.680851063829785,15.384615384615385,85.71428571428571,85.05624999999999,0.1328888888888889,0.0
553869,Elias Díaz,TEX,R,Slider,SL,27,20.76923076923077,88.51851851851852,2455.037037037037,-0.014814814814814822,0.04814814814814814,23.076923076923077,37.03703703703704,62.96296296296296,30.0,58.82352941176471,93.02000000000001,0.3908,0.4
553869,Elias Díaz,TEX,R,Sinker,SI,17,13.076923076923078,94.08823529411765,2206.1176470588234,-0.6164705882352941,0.8970588235294118,11.11111111111111,17.647058823529413,64.70588235294117,0.0,81.81818181818183,81.1125,0.44318080000000004,0.0
553869,Elias Díaz,TEX,R,Sweeper,ST,11,8.461538461538462,82.67272727272727,2566.6363636363635,0.9609090909090909,0.2636363636363636,80.0,45.45454545454545,27.27272727272727,37.5,66.66666666666666,47.2,0.076,0.5
553869,Elias Díaz,TEX,R,Cutter,FC,10,7.6923076923076925,88.92999999999999,2485.2,0.08900000000000001,0.6060000000000001,25.0,40.0,40.0,16.666666666666664,75.0,83.93333333333334,0.5434827499999999,0.0
553869,Elias Díaz,TEX,R,Curveball,CU,8,6.153846153846154,75.9625,2656.375,-0.3025,-1.0625,40.0,37.5,62.5,33.33333333333333,80.0,101.36666666666667,0.0,0.0
553869,Elias Díaz,TEX,R,Knuckle Curve,KC,4,3.076923076923077,83.32499999999999,2418.5,0.3225,-1.2275,100.0,50.0,25.0,33.33333333333333,0.0,0.0,0.0,0.0
553869,Elias Díaz,TEX,R,Changeup,CH,3,2.307692307692308,80.86666666666666,2408.0,-0.3,0.34,100.0,100.0,100.0,0.0,33.33333333333333,0.0,0.0,0.0
553869,Elias Díaz,TEX,R,Split-Finger,FS,2,1.5384615384615385,86.2,1874.5,0.5449999999999999,0.915,0.0,0.0,0.0,50.0,0.0,103.7,1.539,1.0
553869,Elias Díaz,TEX,R,Slurve,SV,1,0.7692307692307693,81.9,2725.0,-1.49,-0.03,0.0,100.0,100.0,0.0,0.0,0.0,0.0,0.0
694497,Evan Carter,TEX,L,4-Seam Fastball,FF,51,30.17751479289941,93.1156862745098,2270.8039215686276,-0.3394117647058823,1.433529411764706,7.4074074074074066,27.450980392156865,68.62745098039215,18.75,68.57142857142857,79.91739130434782,0.09872727272727272,0.0
694497,Evan Carter,TEX,L,Sinker,SI,29,17.159763313609467,96.4448275862069,2328.655172413793,-1.1993103448275861,0.9072413793103448,13.333333333333334,13.793103448275861,41.37931034482759,29.411764705882355,83.33333333333334,80.66363636363636,0.7440000000000001,1.0
694497,Evan Carter,TEX,L,Cutter,FC,27,15.976331360946746,91.47037037037036,2488.222222222222,0.14407407407407408,0.774074074074074,36.36363636363637,55.55555555555556,66.66666666666666,22.22222222222222,50.0,92.9,0.11199999999999999,0.0
694497,Evan Carter,TEX,L,Changeup,CH,16,9.467455621301776,85.375,2243.125,-1.4849999999999999,0.48125,28.57142857142857,12.5,25.0,25.0,100.0,74.6,0.4279934285714285,0.6
694497,Evan Carter,TEX,L,Slider,SL,14,8.284023668639055,86.87857142857142,2363.8571428571427,-0.1807142857142857,-0.12214285714285714,22.22222222222222,21.428571428571427,35.714285714285715,55.55555555555556,80.0,66.27142857142857,0.2996,0.4
694497,Evan Carter,TEX,L,Curveball,CU,10,5.9171597633136095,83.01,2589.8,0.328,-0.9530000000000001,20.0,40.0,70.0,33.33333333333333,57.14285714285714,65.1,0.0684,0.0
694497,Evan Carter,TEX,L,Knuckle Curve,KC,8,4.733727810650888,84.825,2376.625,0.4775,-0.9,40.0,25.0,37.5,40.0,100.0,72.8,0.0,0.0
694497,Evan Carter,TEX,L,Sweeper,ST,7,4.142011834319527,81.35714285714286,2318.8571428571427,0.88,0.41000000000000003,66.66666666666666,57.14285714285714,71.42857142857143,0.0,60.0,87.4,0.014,0.0
694497,Evan Carter,TEX,L,Split-Finger,FS,6,3.5502958579881656,85.93333333333334,1716.0,-1.045,0.17,0.0,0.0,33.33333333333333,0.0,50.0,82.5,0.0,0.0
694497,Evan Carter,TEX,L,Slurve,SV,1,0.591715976331361,89.0,2538.0,0.28,-0.34,0.0,0.0,0.0,0.0,0.0,0.0,0.0,0.0
677649,Ezequiel Duran,TEX,R,4-Seam Fastball,FF,89,32.720588235294116,93.48426966292135,2287.550561797753,0.17876404494382023,1.286629213483146,14.634146341463413,26.96629213483146,55.0561797752809,17.5,69.38775510204081,87.05882352941177,0.39049415,0.4375
677649,Ezequiel Duran,TEX,R,Changeup,CH,41,15.073529411764705,85.70487804878049,1913.121951219512,0.30829268292682926,0.45951219512195124,38.88888888888889,21.951219512195124,29.268292682926827,34.48275862068966,66.66666666666666,82.1888888888889,0.116,0.0
677649,Ezequiel Duran,TEX,R,Sweeper,ST,37,13.602941176470587,81.21081081081081,2511.162162162162,0.22405405405405407,0.34162162162162163,27.27272727272727,32.432432432432435,40.54054054054054,59.09090909090909,60.0,83.06666666666666,0.258458,0.45454545454545453
677649,Ezequiel Duran,TEX,R,Slider,SL,36,13.23529411764706,86.68333333333334,2428.25,-0.2288888888888889,0.01944444444444444,42.10526315789473,38.88888888888889,47.22222222222222,42.10526315789473,64.70588235294117,95.82727272727271,0.2729090909090909,0.45454545454545453
677649,Ezequiel Duran,TEX,R,Sinker,SI,26,9.558823529411764,94.99615384615385,2247.0,-0.6434615384615385,0.625,14.285714285714285,19.230769230769234,46.15384615384615,35.714285714285715,75.0,76.71666666666667,0.4498472857142857,0.5
677649,Ezequiel Duran,TEX,R,Cutter,FC,19,6.985294117647059,92.05263157894737,2401.5789473684213,0.07,0.6978947368421052,0.0,15.789473684210526,47.368421052631575,40.0,66.66666666666666,68.725,0.2763333333333333,0.3333333333333333
677649,Ezequiel Duran,TEX,R,Curveball,CU,12,4.411764705882353,80.14999999999999,2757.5833333333335,-0.17500000000000002,-1.0725,100.0,50.0,33.33333333333333,25.0,0.0,0.0,0.0,0.0
677649,Ezequiel Duran,TEX,R,Split-Finger,FS,7,2.5735294117647056,86.78571428571429,1821.5714285714287,-0.2785714285714285,0.4614285714285714,0.0,28.57142857142857,57.14285714285714,33.33333333333333,50.0,87.1,0.15,0.0
677649,Ezequiel Duran,TEX,R,Knuckle Curve,KC,5,1.8382352941176472,83.14,2319.6,0.346,-0.9359999999999999,100.0,60.0,40.0,33.33333333333333,0.0,0.0,0.0,0.0
669394,Jake Burger,TEX,R,4-Seam Fastball,FF,60,28.57142857142857,92.78,2284.4333333333334,0.04349999999999999,1.3026666666666666,11.76470588235294,20.0,48.333333333333336,41.935483870967744,72.41379310344827,85.17241379310344,0.5955581875,0.3076923076923077
669394,Jake Burger,TEX,R,Slider,SL,36,17.142857142857142,85.88611111111112,2393.25,-0.029166666666666674,0.04861111111111111,58.333333333333336,30.555555555555557,25.0,22.22222222222222,66.66666666666666,94.06,0.6953692499999999,0.3333333333333333
669394,Jake Burger,TEX,R,Sinker,SI,29,13.80952380952381,94.65862068965517,2225.896551724138,-0.6272413793103448,0.6951724137931035,7.142857142857142,13.793103448275861,55.172413793103445,7.6923076923076925,81.25,91.30833333333334,0.5829842222222221,0.4
669394,Jake Burger,TEX,R,Changeup,CH,26,12.380952380952381,85.45384615384616,1898.9615384615386,0.4673076923076923,0.53,41.66666666666667,23.076923076923077,26.923076923076923,31.57894736842105,85.71428571428571,64.07142857142857,0.22866666666666668,0.0
669394,Jake Burger,TEX,R,Sweeper,ST,25,11.904761904761903,82.736,2379.4,0.56,0.0912,47.05882352941176,40.0,32.0,64.70588235294117,75.0,68.64000000000001,0.011333333333333334,0.0
669394,Jake Burger,TEX,R,Cutter,FC,17,8.095238095238095,90.61176470588236,2439.3529411764707,0.1535294117647059,0.768235294117647,14.285714285714285,23.52941176470588,47.05882352941176,22.22222222222222,62.5,80.97999999999999,0.519,1.0
669394,Jake Burger,TEX,R,Curveball,CU,14,6.666666666666667,78.49285714285715,2635.5,-0.602857142857143,-1.0907142857142857,66.66666666666666,57.14285714285714,28.57142857142857,60.0,0.0,76.1,0.2868,0.0
669394,Jake Burger,TEX,R,Split-Finger,FS,2,0.9523809523809524,86.55,2120.5,0.75,0.99,100.0,50.0,0.0,50.0,0.0,0.0,0.0,0.0
669394,Jake Burger,TEX,R,Slurve,SV,1,0.4761904761904762,82.9,2827.0,-1.63,-0.4,0.0,0.0,0.0,0.0,0.0,0.0,0.0,0.0
592626,Joc Pederson,TEX,L,4-Seam Fastball,FF,41,30.82706766917293,93.68536585365854,2321.4634146341464,-0.5134146341463415,1.2714634146341464,19.047619047619047,24.390243902439025,41.46341463414634,37.5,70.58823529411765,80.76875,0.06522222222222222,0.0
592626,Joc Pederson,TEX,L,Changeup,CH,27,20.30075187969925,85.21851851851852,2200.5925925925926,-1.4462962962962962,0.5411111111111111,15.384615384615385,18.51851851851852,29.629629629629626,31.57894736842105,87.5,78.10909090909091,0.18743933333333335,0.0
592626,Joc Pederson,TEX,L,Cutter,FC,19,14.285714285714285,89.7,2462.9473684210525,0.21736842105263157,0.86,25.0,42.10526315789473,73.68421052631578,40.0,42.857142857142854,89.86666666666667,0.38075000000000003,0.25
592626,Joc Pederson,TEX,L,Split-Finger,FS,12,9.022556390977442,85.78333333333335,1524.5,-1.005,0.23666666666666666,0.0,0.0,50.0,0.0,100.0,96.0,0.649,0.5
592626,Joc Pederson,TEX,L,Knuckle Curve,KC,8,6.015037593984962,86.5875,2325.25,0.5325,-0.6075,33.33333333333333,37.5,75.0,50.0,83.33333333333334,77.3,0.081,0.0
592626,Joc Pederson,TEX,L,Unknown,UNK,8,6.015037593984962,0.0,0.0,0.0,0.0,0.0,0.0,0.0,0.0,0.0,0.0,0.0,0.0
592626,Joc Pederson,TEX,L,Sweeper,ST,7,5.263157894736842,81.37142857142858,2196.8571428571427,-0.31857142857142856,-0.05714285714285714,100.0,42.857142857142854,14.285714285714285,33.33333333333333,0.0,0.0,0.697977,0.0
592626,Joc Pederson,TEX,L,Curveball,CU,6,4.511278195488721,76.31666666666666,2551.0,0.7200000000000001,-0.8883333333333333,0.0,83.33333333333334,50.0,0.0,0.0,0.0,0.0,0.0
592626,Joc Pederson,TEX,L,Sinker,SI,3,2.2556390977443606,93.83333333333333,2172.3333333333335,-0.41333333333333333,0.4766666666666666,0.0,0.0,66.66666666666666,100.0,100.0,97.4,0.009,0.0
592626,Joc Pederson,TEX,L,Slider,SL,2,1.5037593984962405,88.05000000000001,2314.0,0.195,0.255,0.0,0.0,100.0,0.0,100.0,95.0,0.304,0.0
679822,Justin Foscue,TEX,R,4-Seam Fastball,FF,93,49.2063492063492,94.0236559139785,2293.0860215053763,0.18161290322580645,1.3656989247311828,11.538461538461538,23.655913978494624,65.59139784946237,28.125,70.49180327868852,80.28780487804879,0.4554688421052631,0.2
679822,Justin Foscue,TEX,R,Slider,SL,36,19.047619047619047,87.90277777777777,2432.972222222222,-0.09694444444444444,-0.016944444444444446,22.22222222222222,22.22222222222222,33.33333333333333,50.0,50.0,77.52000000000001,0.3446666666666667,0.0
679822,Justin Foscue,TEX,R,Sinker,SI,16,8.465608465608465,95.35,2297.25,0.70375,0.758125,0.0,18.75,68.75,40.0,72.72727272727273,80.84444444444445,0.1785,0.5
679822,Justin Foscue,TEX,R,Curveball,CU,13,6.878306878306878,78.8153846153846,2652.769230769231,-0.7469230769230768,-1.036923076923077,0.0,23.076923076923077,46.15384615384615,0.0,50.0,81.7,0.152,1.0
679822,Justin Foscue,TEX,R,Changeup,CH,11,5.82010582010582,86.33636363636363,1914.5454545454545,0.8436363636363637,0.33636363636363636,0.0,0.0,36.36363636363637,42.857142857142854,100.0,100.8,0.5402,0.6
679822,Justin Foscue,TEX,R,Sweeper,ST,9,4.761904761904762,83.57777777777778,2415.8888888888887,-0.27666666666666667,0.04777777777777778,0.0,55.55555555555556,77.77777777777779,0.0,28.57142857142857,100.8,0.939976,1.0
679822,Justin Foscue,TEX,R,Cutter,FC,6,3.1746031746031744,91.2,2561.5,0.056666666666666664,0.8766666666666666,33.33333333333333,33.33333333333333,50.0,33.33333333333333,66.66666666666666,84.2,0.016,0.0
679822,Justin Foscue,TEX,R,Knuckle Curve,KC,3,1.5873015873015872,78.3,2426.6666666666665,0.3833333333333333,-1.1666666666666667,0.0,0.0,33.33333333333333,0.0,100.0,97.5,0.0,0.0
679822,Justin Foscue,TEX,R,Split-Finger,FS,2,1.0582010582010581,87.65,1945.0,0.515,0.995,0.0,0.0,50.0,0.0,100.0,86.0,0.079,0.0
681351,Logan O'Hoppe,TEX,R,4-Seam Fastball,FF,14,42.42424242424242,95.79285714285713,2364.9285714285716,0.6978571428571428,1.1692857142857143,42.857142857142854,35.714285714285715,42.857142857142854,37.5,66.66666666666666,58.925000000000004,0.12666666666666668,0.0
681351,Logan O'Hoppe,TEX,R,Sweeper,ST,6,18.181818181818183,83.36666666666667,2577.0,-1.1233333333333333,0.07666666666666667,0.0,0.0,33.33333333333333,0.0,100.0,99.0,0.291,0.0
681351,Logan O'Hoppe,TEX,R,Curveball,CU,5,15.151515151515152,79.78,2881.4,-0.8160000000000001,-1.056,33.33333333333333,40.0,20.0,75.0,0.0,94.6,0.452,0.0
681351,Logan O'Hoppe,TEX,R,Sinker,SI,3,9.090909090909092,94.46666666666665,2472.6666666666665,1.3666666666666665,0.6766666666666667,0.0,33.33333333333333,66.66666666666666,0.0,50.0,80.7,0.029,0.0
681351,Logan O'Hoppe,TEX,R,Cutter,FC,2,6.0606060606060606,93.8,2558.0,-0.01,0.7,0.0,0.0,100.0,0.0,0.0,0.0,0.0,0.0
681351,Logan O'Hoppe,TEX,R,Slider,SL,2,6.0606060606060606,86.15,2614.0,-0.265,0.045,0.0,0.0,50.0,0.0,100.0,100.4,0.321,1.0
681351,Logan O'Hoppe,TEX,R,Changeup,CH,1,3.0303030303030303,85.9,1728.0,0.97,0.16,0.0,100.0,100.0,0.0,0.0,0.0,0.0,0.0
670032,Nicky Lopez,TEX,L,4-Seam Fastball,FF,16,32.0,92.65625,2311.0625,-0.436875,1.393125,9.090909090909092,18.75,50.0,62.5,75.0,77.76666666666667,0.5606666666666666,0.6666666666666666
670032,Nicky Lopez,TEX,L,Cutter,FC,14,28.000000000000004,90.92857142857143,2324.0714285714284,0.1985714285714286,0.6478571428571429,0.0,14.285714285714285,71.42857142857143,0.0,80.0,79.2,0.13475,0.0
670032,Nicky Lopez,TEX,L,Sweeper,ST,6,12.0,84.13333333333334,2435.0,0.6849999999999999,0.03666666666666666,0.0,16.666666666666664,16.666666666666664,20.0,0.0,84.7,0.01,0.0
670032,Nicky Lopez,TEX,L,Curveball,CU,4,8.0,83.9,2395.0,0.8500000000000001,-1.185,100.0,100.0,50.0,100.0,0.0,0.0,0.0,0.0
670032,Nicky Lopez,TEX,L,Changeup,CH,3,6.0,89.13333333333333,1812.0,-1.2933333333333332,0.20333333333333334,0.0,0.0,0.0,0.0,0.0,0.0,0.0,0.0
670032,Nicky Lopez,TEX,L,Sinker,SI,3,6.0,94.43333333333334,2269.3333333333335,-1.2766666666666666,0.5633333333333334,0.0,33.33333333333333,100.0,0.0,66.66666666666666,87.6,0.442,0.0
670032,Nicky Lopez,TEX,L,Knuckle Curve,KC,2,4.0,88.94999999999999,2347.0,0.45999999999999996,-1.0950000000000002,0.0,50.0,50.0,0.0,0.0,0.0,0.0,0.0
670032,Nicky Lopez,TEX,L,Slider,SL,2,4.0,86.2,2253.5,0.635,0.24,0.0,50.0,50.0,0.0,0.0,0.0,0.697977,0.0
694671,Wyatt Langford,TEX,R,4-Seam Fastball,FF,82,31.782945736434108,94.2719512195122,2318.109756097561,-0.08097560975609756,1.2934146341463415,7.142857142857142,20.73170731707317,37.80487804878049,19.607843137254903,58.06451612903226,84.47142857142858,0.46794010526315793,0.46153846153846156
694671,Wyatt Langford,TEX,R,Sweeper,ST,37,14.34108527131783,82.53513513513514,2474.135135135135,0.4337837837837838,0.09378378378378378,24.0,29.72972972972973,64.86486486486487,46.15384615384615,79.16666666666666,80.83333333333333,0.13016666666666668,0.3333333333333333
694671,Wyatt Langford,TEX,R,Sinker,SI,36,13.953488372093023,93.66111111111111,2237.3055555555557,-0.37555555555555553,0.7488888888888889,5.263157894736842,8.333333333333332,47.22222222222222,21.052631578947366,88.23529411764706,78.17222222222222,0.33689769999999997,0.2222222222222222
694671,Wyatt Langford,TEX,R,Changeup,CH,35,13.565891472868216,85.66,2032.9714285714285,0.602,0.3557142857142857,14.285714285714285,11.428571428571429,31.428571428571427,45.83333333333333,90.9090909090909,85.6888888888889,0.23725000000000002,0.125
694671,Wyatt Langford,TEX,R,Slider,SL,25,9.689922480620156,86.44,2526.48,-0.2048,-0.14800000000000002,35.714285714285715,32.0,32.0,52.94117647058824,62.5,91.7375,0.2612791428571429,0.0
694671,Wyatt Langford,TEX,R,Cutter,FC,19,7.3643410852713185,91.84210526315789,2507.3684210526317,0.07789473684210527,0.7294736842105264,9.090909090909092,5.263157894736842,31.57894736842105,38.46153846153847,100.0,95.59,0.47727914285714285,0.0
694671,Wyatt Langford,TEX,R,Curveball,CU,18,6.976744186046512,79.4388888888889,2806.5555555555557,-0.27944444444444444,-1.0027777777777778,16.666666666666664,38.88888888888889,44.44444444444444,20.0,50.0,80.14,0.6627812,0.5
694671,Wyatt Langford,TEX,R,Split-Finger,FS,4,1.550387596899225,86.675,1941.0,0.7324999999999999,1.02,66.66666666666666,50.0,25.0,66.66666666666666,100.0,84.5,0.776,1.0
694671,Wyatt Langford,TEX,R,Knuckle Curve,KC,1,0.3875968992248062,76.6,2528.0,0.78,-1.14,0.0,0.0,0.0,0.0,0.0,0.0,0.0,0.0
694671,Wyatt Langford,TEX,R,Slurve,SV,1,0.3875968992248062,81.4,2794.0,-1.76,-0.44,0.0,0.0,100.0,0.0,100.0,97.7,0.422,1.0
672284,,TEX,L,4-Seam Fastball,FF,9,24.324324324324326,93.47777777777777,2319.3333333333335,-0.3111111111111111,1.391111111111111,0.0,22.22222222222222,44.44444444444444,0.0,50.0,83.15,0.0,0.0
672284,,TEX,L,Slider,SL,8,21.62162162162162,90.1625,2378.125,-0.02875,0.14250000000000002,100.0,75.0,12.5,71.42857142857143,0.0,0.0,0.0,0.0
672284,,TEX,L,Changeup,CH,6,16.216216216216218,86.36666666666667,1867.1666666666667,-0.84,0.7766666666666667,33.33333333333333,16.666666666666664,0.0,50.0,0.0,70.4,0.697977,0.0
672284,,TEX,L,Cutter,FC,4,10.81081081081081,90.4,2638.5,0.45999999999999996,0.29500000000000004,100.0,50.0,0.0,50.0,0.0,0.0,0.0,0.0
672284,,TEX,L,Sinker,SI,4,10.81081081081081,95.95,2336.5,-1.13,0.9550000000000001,0.0,0.0,50.0,0.0,100.0,89.5,0.697977,0.0
672284,,TEX,L,Curveball,CU,2,5.405405405405405,81.25,2490.5,0.245,-0.815,100.0,50.0,0.0,50.0,0.0,0.0,0.0,0.0
672284,,TEX,L,Knuckle Curve,KC,2,5.405405405405405,88.45,2249.0,0.53,-0.685,0.0,0.0,50.0,0.0,100.0,99.3,0.549,0.0
672284,,TEX,L,Sweeper,ST,2,5.405405405405405,82.6,2688.0,1.61,-0.07,0.0,0.0,0.0,0.0,0.0,0.0,0.0,0.0
672386,Alejandro Kirk,TOR,R,Sinker,SI,82,35.96491228070175,93.90853658536585,2180.2926829268295,-0.7830487804878048,0.6281707317073171,6.0606060606060606,25.609756097560975,48.78048780487805,28.57142857142857,52.5,84.9925925925926,0.36531190909090905,0.11764705882352941
672386,Alejandro Kirk,TOR,R,4-Seam Fastball,FF,49,21.49122807017544,95.04285714285714,2365.1020408163267,0.06979591836734694,1.463265306122449,23.076923076923077,30.612244897959183,51.02040816326531,41.66666666666667,64.0,86.7421052631579,0.3436153846153846,0.46153846153846156
672386,Alejandro Kirk,TOR,R,Changeup,CH,27,11.842105263157894,84.43703703703704,1790.5185185185185,0.43851851851851853,0.3459259259259259,11.11111111111111,14.814814814814813,33.33333333333333,16.666666666666664,66.66666666666666,79.61428571428571,0.3303333333333333,0.3333333333333333
672386,Alejandro Kirk,TOR,R,Cutter,FC,21,9.210526315789473,91.50952380952381,2490.1428571428573,0.18666666666666668,0.6314285714285715,0.0,38.095238095238095,57.14285714285714,0.0,50.0,87.68333333333334,0.41533333333333333,0.6666666666666666
672386,Alejandro Kirk,TOR,R,Slider,SL,21,9.210526315789473,86.93333333333332,2290.4285714285716,-0.04142857142857141,0.30333333333333334,0.0,14.285714285714285,52.38095238095239,0.0,81.81818181818183,89.1888888888889,0.27644444444444444,0.2222222222222222
672386,Alejandro Kirk,TOR,R,Sweeper,ST,14,6.140350877192982,81.54285714285713,2499.4285714285716,0.25214285714285717,0.26999999999999996,0.0,28.57142857142857,42.857142857142854,12.5,33.33333333333333,87.66666666666667,0.085,0.0
672386,Alejandro Kirk,TOR,R,Curveball,CU,9,3.9473684210526314,85.19999999999999,2486.222222222222,0.15111111111111108,-1.0433333333333334,0.0,55.55555555555556,66.66666666666666,0.0,16.666666666666664,103.4,0.596,0.0
672386,Alejandro Kirk,TOR,R,Unknown,UNK,4,1.7543859649122806,0.0,0.0,0.0,0.0,0.0,0.0,0.0,0.0,0.0,0.0,0.0,0.0
672386,Alejandro Kirk,TOR,R,Split-Finger,FS,1,0.43859649122807015,83.4,1246.0,-1.0,0.26,0.0,100.0,100.0,0.0,0.0,0.0,0.0,0.0
665926,Andrés Giménez,TOR,L,4-Seam Fastball,FF,27,35.526315789473685,93.52962962962964,2392.222222222222,-0.40592592592592597,1.3711111111111112,23.52941176470588,29.629629629629626,66.66666666666666,33.33333333333333,77.77777777777779,84.22307692307692,0.4471666666666667,0.5
665926,Andrés Giménez,TOR,L,Sinker,SI,12,15.789473684210526,92.30833333333334,2246.1666666666665,0.42333333333333334,0.58,0.0,25.0,50.0,16.666666666666664,50.0,63.525000000000006,0.3649808,0.3333333333333333
665926,Andrés Giménez,TOR,L,Changeup,CH,11,14.473684210526317,85.53636363636363,1553.7272727272727,-0.7427272727272727,0.16454545454545455,0.0,0.0,27.27272727272727,37.5,100.0,80.13333333333334,0.3076666666666667,0.3333333333333333
665926,Andrés Giménez,TOR,L,Cutter,FC,11,14.473684210526317,90.89090909090909,2430.909090909091,0.17,0.7009090909090909,11.11111111111111,18.181818181818183,90.9090909090909,0.0,90.0,84.8125,0.17575000000000002,0.25
665926,Andrés Giménez,TOR,L,Sweeper,ST,6,7.894736842105263,81.89999999999999,2553.3333333333335,-0.20499999999999993,-0.06833333333333337,0.0,50.0,50.0,33.33333333333333,0.0,94.1,0.0,0.0
665926,Andrés Giménez,TOR,L,Split-Finger,FS,4,5.263157894736842,84.075,1082.75,-0.8975,0.007500000000000005,0.0,0.0,75.0,0.0,100.0,86.73333333333333,0.13899999999999998,0.0
665926,Andrés Giménez,TOR,L,Curveball,CU,3,3.9473684210526314,82.56666666666666,2871.6666666666665,1.3633333333333333,-1.1033333333333333,0.0,33.33333333333333,33.33333333333333,0.0,0.0,0.0,0.0,0.0
665926,Andrés Giménez,TOR,L,Slider,SL,2,2.631578947368421,86.55000000000001,2180.5,0.030000000000000013,1.02,0.0,50.0,50.0,100.0,0.0,70.0,0.194,0.0
678218,Brandon Valenzuela,TOR,S,Curveball,CU,26,32.5,80.29230769230769,2829.3076923076924,1.066153846153846,-0.9761538461538461,57.14285714285714,42.30769230769231,38.46153846153847,37.5,80.0,84.30000000000001,0.0,0.0
678218,Brandon Valenzuela,TOR,S,4-Seam Fastball,FF,23,28.749999999999996,95.83478260869565,2389.6521739130435,-0.5752173913043478,1.2234782608695653,6.25,17.391304347826086,69.56521739130434,42.857142857142854,81.25,89.10666666666665,0.40374616666666663,0.3
678218,Brandon Valenzuela,TOR,S,Cutter,FC,11,13.750000000000002,89.85454545454546,2482.3636363636365,0.3281818181818182,0.6227272727272727,20.0,9.090909090909092,45.45454545454545,0.0,100.0,84.2,0.15525,0.0
678218,Brandon Valenzuela,TOR,S,Split-Finger,FS,8,10.0,89.325,1277.0,-0.87625,0.6637500000000001,50.0,12.5,25.0,0.0,100.0,64.5,0.0,0.0
678218,Brandon Valenzuela,TOR,S,Changeup,CH,5,6.25,88.1,1631.0,-1.168,0.7060000000000001,33.33333333333333,40.0,60.0,50.0,66.66666666666666,68.65,0.2715,0.5
678218,Brandon Valenzuela,TOR,S,Sinker,SI,5,6.25,95.9,2225.4,-1.41,0.394,0.0,20.0,20.0,0.0,0.0,0.0,0.0,0.0
678218,Brandon Valenzuela,TOR,S,Sweeper,ST,2,2.5,80.7,2925.0,1.37,-0.1,0.0,0.0,100.0,0.0,100.0,57.7,0.161,0.0
703520,Brett Bateman,TOR,L,4-Seam Fastball,FF,66,29.86425339366516,94.4939393939394,2363.0757575757575,-0.33348484848484844,1.358030303030303,8.695652173913043,33.33333333333333,57.57575757575758,10.714285714285714,52.63157894736842,79.87894736842105,0.24536154545454547,0.25
703520,Brett Bateman,TOR,L,Sinker,SI,53,23.981900452488688,93.0490566037736,2172.7735849056603,-0.07962264150943396,0.5669811320754717,13.636363636363635,28.30188679245283,69.81132075471697,12.5,54.054054054054056,80.27058823529411,0.3795954,0.5
703520,Brett Bateman,TOR,L,Slider,SL,24,10.85972850678733,86.49583333333334,2403.7916666666665,-0.10000000000000002,0.1475,20.0,29.166666666666668,62.5,22.22222222222222,53.333333333333336,79.1,0.21525,0.375
703520,Brett Bateman,TOR,L,Cutter,FC,20,9.049773755656108,92.4,2454.1,0.2355,0.704,16.666666666666664,35.0,50.0,70.0,50.0,77.66,0.23925000000000002,0.75
703520,Brett Bateman,TOR,L,Curveball,CU,19,8.597285067873303,81.66315789473684,2917.0526315789475,0.9842105263157894,-1.0873684210526315,0.0,15.789473684210526,42.10526315789473,45.45454545454545,37.5,77.8875,0.32466666666666666,0.6666666666666666
703520,Brett Bateman,TOR,L,Sweeper,ST,18,8.144796380090497,82.06666666666666,2645.9444444444443,0.019444444444444424,0.01666666666666667,0.0,27.77777777777778,61.111111111111114,14.285714285714285,36.36363636363637,63.4,0.0968,0.4
703520,Brett Bateman,TOR,L,Changeup,CH,13,5.88235294117647,84.3076923076923,1812.8461538461538,-0.6807692307692308,0.12076923076923077,14.285714285714285,15.384615384615385,38.46153846153847,50.0,60.0,62.98333333333334,0.45275,0.5
703520,Brett Bateman,TOR,L,Split-Finger,FS,8,3.619909502262444,88.8875,1378.5,-0.74625,0.265,50.0,50.0,37.5,60.0,33.33333333333333,89.55,0.1525,0.0
807727,Charles McAdoo,TOR,R,4-Seam Fastball,FF,37,28.90625,93.47837837837838,2296.6216216216217,0.4745945945945946,1.3772972972972972,19.047619047619047,32.432432432432435,59.45945945945946,46.666666666666664,63.63636363636363,79.76153846153846,0.28249425,0.3333333333333333
807727,Charles McAdoo,TOR,R,Sinker,SI,35,27.34375,94.46571428571428,2281.1714285714284,-0.4034285714285714,0.6762857142857144,0.0,31.428571428571427,65.71428571428571,16.666666666666664,47.82608695652174,82.5,0.251872125,0.2857142857142857
807727,Charles McAdoo,TOR,R,Changeup,CH,27,21.09375,84.08888888888889,1824.6296296296296,0.8229629629629629,0.4651851851851852,46.666666666666664,33.33333333333333,37.03703703703704,41.17647058823529,80.0,78.35,0.3655,0.375
807727,Charles McAdoo,TOR,R,Sweeper,ST,9,7.03125,81.14444444444445,2704.6666666666665,0.6,0.34444444444444444,66.66666666666666,66.66666666666666,66.66666666666666,100.0,100.0,79.85,0.015,0.2
807727,Charles McAdoo,TOR,R,Slider,SL,8,6.25,84.6125,2363.75,-0.5075000000000001,0.29625,40.0,25.0,12.5,57.14285714285714,100.0,82.56666666666666,0.11075,0.0
807727,Charles McAdoo,TOR,R,Curveball,CU,5,3.90625,85.56,2557.2,-0.25,-0.718,0.0,40.0,100.0,0.0,60.0,83.60000000000001,0.36199999999999993,0.0
807727,Charles McAdoo,TOR,R,Split-Finger,FS,5,3.90625,86.67999999999999,1273.0,0.362,0.168,50.0,40.0,40.0,66.66666666666666,100.0,88.0,0.012,0.0
807727,Charles McAdoo,TOR,R,Cutter,FC,2,1.5625,89.75,2420.5,0.19,0.71,0.0,0.0,0.0,0.0,0.0,0.0,0.0,0.0
663662,Daz Cameron,TOR,R,4-Seam Fastball,FF,33,34.375,94.27575757575757,2290.060606060606,0.05242424242424243,1.3815151515151516,20.0,27.27272727272727,57.57575757575758,42.857142857142854,73.68421052631578,77.15333333333334,0.43233333333333335,0.3333333333333333
663662,Daz Cameron,TOR,R,Sinker,SI,29,30.208333333333332,93.65172413793104,2270.310344827586,0.9655172413793104,0.6179310344827587,0.0,24.137931034482758,55.172413793103445,0.0,62.5,76.625,0.0,0.0
663662,Daz Cameron,TOR,R,Changeup,CH,13,13.541666666666666,83.36923076923077,1655.6923076923076,1.1353846153846154,0.5576923076923077,10.0,7.6923076923076925,53.84615384615385,50.0,100.0,81.61111111111111,0.371125,0.125
663662,Daz Cameron,TOR,R,Sweeper,ST,10,10.416666666666668,82.41,2402.5,-0.7849999999999999,0.513,66.66666666666666,40.0,50.0,20.0,100.0,67.5,0.0,0.0
663662,Daz Cameron,TOR,R,Cutter,FC,4,4.166666666666666,89.725,2247.5,-0.027499999999999997,0.6525,33.33333333333333,50.0,75.0,100.0,66.66666666666666,79.8,0.31,0.5
663662,Daz Cameron,TOR,R,Curveball,CU,3,3.125,81.83333333333333,2639.0,-0.63,-1.0466666666666666,100.0,100.0,66.66666666666666,100.0,0.0,0.0,0.0,0.0
663662,Daz Cameron,TOR,R,Slider,SL,3,3.125,86.66666666666667,2404.6666666666665,-0.45,-0.006666666666666665,0.0,33.33333333333333,66.66666666666666,0.0,50.0,56.0,0.0,0.0
663662,Daz Cameron,TOR,R,Split-Finger,FS,1,1.0416666666666665,85.0,847.0,0.68,0.1,0.0,0.0,0.0,100.0,0.0,30.5,0.0,0.0
676391,Ernie Clement,TOR,R,4-Seam Fastball,FF,56,29.166666666666668,94.23035714285713,2389.589285714286,0.06732142857142857,1.3557142857142856,11.11111111111111,19.642857142857142,48.214285714285715,58.620689655172406,70.37037037037037,80.859375,0.26194117647058823,0.23529411764705882
676391,Ernie Clement,TOR,R,Sinker,SI,42,21.875,94.87142857142857,2235.3333333333335,-1.115,0.6435714285714286,0.0,26.190476190476193,64.28571428571429,66.66666666666666,59.25925925925925,78.69565217391305,0.29164285714285715,0.14285714285714285
676391,Ernie Clement,TOR,R,Cutter,FC,25,13.020833333333334,91.404,2510.76,0.34600000000000003,0.8448,0.0,28.000000000000004,32.0,29.411764705882355,37.5,76.53333333333333,0.22,0.0
676391,Ernie Clement,TOR,R,Changeup,CH,20,10.416666666666668,84.13,1658.5,0.358,0.322,0.0,15.0,35.0,38.46153846153847,57.14285714285714,60.65555555555555,0.4026628333333333,0.6
676391,Ernie Clement,TOR,R,Sweeper,ST,17,8.854166666666668,81.45882352941176,2778.470588235294,1.2688235294117647,0.13999999999999999,50.0,29.411764705882355,29.411764705882355,33.33333333333333,80.0,74.7,0.1844,0.4
676391,Ernie Clement,TOR,R,Slider,SL,16,8.333333333333332,87.69375,2510.75,0.268125,0.10625000000000001,37.5,25.0,25.0,41.66666666666667,75.0,71.175,0.0705,0.0
676391,Ernie Clement,TOR,R,Curveball,CU,14,7.291666666666667,83.10000000000001,2665.8571428571427,0.4264285714285715,-0.9628571428571429,21.428571428571427,21.428571428571427,28.57142857142857,100.0,100.0,76.32727272727273,0.10762500000000001,0.25
676391,Ernie Clement,TOR,R,Split-Finger,FS,2,1.0416666666666665,86.05000000000001,978.0,-1.015,0.12,0.0,0.0,0.0,50.0,0.0,87.5,0.25,0.0
543807,George Springer,TOR,R,Sinker,SI,47,28.834355828220858,94.26170212765958,2203.3617021276596,-0.8087234042553191,0.585531914893617,17.391304347826086,21.27659574468085,53.191489361702125,18.181818181818183,76.0,83.2764705882353,0.40181609090909093,0.8
543807,George Springer,TOR,R,4-Seam Fastball,FF,39,23.92638036809816,93.66153846153847,2305.076923076923,-0.08333333333333333,1.392051282051282,13.793103448275861,10.256410256410255,56.41025641025641,41.17647058823529,100.0,83.35000000000001,0.23136363636363635,0.2727272727272727
543807,George Springer,TOR,R,Sweeper,ST,17,10.429447852760736,80.88823529411764,2643.764705882353,0.82,0.24882352941176472,20.0,35.294117647058826,76.47058823529412,25.0,69.23076923076923,82.425,0.5362857142857143,0.8571428571428571
543807,George Springer,TOR,R,Split-Finger,FS,16,9.815950920245399,82.90625,866.5625,0.1975,0.366875,37.5,31.25,37.5,40.0,66.66666666666666,79.16,0.07533333333333334,0.3333333333333333
543807,George Springer,TOR,R,Changeup,CH,15,9.202453987730062,83.96000000000001,1811.0666666666666,-0.13066666666666665,0.4033333333333333,33.33333333333333,20.0,26.666666666666668,9.090909090909092,50.0,69.8,0.028666666666666663,0.0
543807,George Springer,TOR,R,Cutter,FC,13,7.975460122699387,88.46153846153847,2408.153846153846,-0.06846153846153845,0.45461538461538464,25.0,30.76923076923077,53.84615384615385,50.0,71.42857142857143,79.78,0.5019908,0.3333333333333333
543807,George Springer,TOR,R,Slider,SL,11,6.748466257668712,86.7090909090909,2434.909090909091,-0.08636363636363636,0.3463636363636364,33.33333333333333,36.36363636363637,45.45454545454545,50.0,60.0,80.675,0.0775,0.0
543807,George Springer,TOR,R,Curveball,CU,5,3.067484662576687,80.74,2545.4,0.21200000000000002,-0.976,0.0,20.0,40.0,0.0,50.0,100.6,1.09,1.0
660821,Jesús Sánchez,TOR,L,4-Seam Fastball,FF,36,36.734693877551024,95.98888888888888,2394.5555555555557,-0.6438888888888888,1.2172222222222222,61.111111111111114,38.88888888888889,41.66666666666667,28.57142857142857,80.0,83.25,0.12674400000000002,0.14285714285714285
660821,Jesús Sánchez,TOR,L,Sinker,SI,20,20.408163265306122,94.285,2243.2,-0.9535,0.561,0.0,25.0,90.0,0.0,72.22222222222221,90.44615384615385,0.3829230769230769,0.46153846153846156
660821,Jesús Sánchez,TOR,L,Cutter,FC,16,16.3265306122449,89.80625,2459.5625,0.115625,0.6737500000000001,40.0,37.5,37.5,30.0,33.33333333333333,81.83333333333333,0.0,0.0
660821,Jesús Sánchez,TOR,L,Changeup,CH,8,8.16326530612245,85.1125,1555.75,-0.81875,-0.15000000000000002,0.0,12.5,25.0,50.0,50.0,84.5,0.104,0.0
660821,Jesús Sánchez,TOR,L,Slider,SL,7,7.142857142857142,90.61428571428571,2446.285714285714,0.37,0.40714285714285714,33.33333333333333,14.285714285714285,28.57142857142857,20.0,100.0,93.75,0.56547025,0.0
660821,Jesús Sánchez,TOR,L,Curveball,CU,5,5.1020408163265305,77.28,3140.4,1.5059999999999998,-0.9600000000000002,66.66666666666666,40.0,20.0,50.0,100.0,63.5,0.0,0.0
660821,Jesús Sánchez,TOR,L,Sweeper,ST,4,4.081632653061225,79.44999999999999,2698.5,1.44,-0.095,0.0,75.0,75.0,0.0,0.0,0.0,0.0,0.0
660821,Jesús Sánchez,TOR,L,Split-Finger,FS,2,2.0408163265306123,83.75,1015.0,-0.85,-0.27,0.0,0.0,0.0,0.0,0.0,0.0,0.0,0.0
672960,Kazuma Okamoto,TOR,R,Sinker,SI,64,24.521072796934863,94.0234375,2236.15625,-1.03515625,0.54546875,22.58064516129032,32.8125,48.4375,30.303030303030305,67.74193548387096,79.8736842105263,0.2723059230769231,0.0
672960,Kazuma Okamoto,TOR,R,4-Seam Fastball,FF,50,19.157088122605366,94.43799999999999,2355.86,-0.2796,1.2646,9.090909090909092,20.0,56.00000000000001,13.636363636363635,67.85714285714286,86.92631578947368,0.43622723076923076,0.45454545454545453
672960,Kazuma Okamoto,TOR,R,Cutter,FC,40,15.32567049808429,91.8375,2520.075,0.314,0.77275,33.33333333333333,27.500000000000004,47.5,28.57142857142857,78.94736842105263,84.70000000000002,0.27766091666666665,0.0
672960,Kazuma Okamoto,TOR,R,Sweeper,ST,32,12.260536398467432,82.459375,2597.875,0.929375,0.043125,41.17647058823529,40.625,59.375,30.76923076923077,68.42105263157895,74.9625,0.445,0.3333333333333333
672960,Kazuma Okamoto,TOR,R,Slider,SL,26,9.961685823754788,86.8076923076923,2579.346153846154,-0.06461538461538462,0.14038461538461539,18.181818181818183,19.230769230769234,50.0,7.6923076923076925,76.92307692307693,84.73333333333333,1.0292,0.6
672960,Kazuma Okamoto,TOR,R,Changeup,CH,24,9.195402298850574,84.07916666666667,1800.6666666666667,0.18833333333333332,0.2791666666666667,33.33333333333333,20.833333333333336,41.66666666666667,21.428571428571427,90.0,90.3875,0.45721966666666664,0.25
672960,Kazuma Okamoto,TOR,R,Curveball,CU,14,5.363984674329502,84.02142857142857,2617.214285714286,0.19285714285714287,-1.0278571428571428,83.33333333333334,50.0,35.714285714285715,33.33333333333333,60.0,66.5,0.0,0.0
672960,Kazuma Okamoto,TOR,R,Split-Finger,FS,11,4.21455938697318,81.83636363636364,837.2727272727273,-0.3245454545454546,0.09,0.0,0.0,36.36363636363637,28.57142857142857,100.0,84.55,0.003,0.0
664702,Myles Straw,TOR,R,Sinker,SI,51,30.72289156626506,94.88039215686274,2260.470588235294,-0.8162745098039216,0.548235294117647,0.0,35.294117647058826,64.70588235294117,16.666666666666664,51.515151515151516,83.17368421052632,0.45905962499999997,0.15384615384615385
664702,Myles Straw,TOR,R,4-Seam Fastball,FF,41,24.69879518072289,94.63170731707318,2403.121951219512,0.0024390243902439046,1.3860975609756097,10.526315789473683,19.51219512195122,46.34146341463415,27.27272727272727,68.42105263157895,71.15294117647058,0.28617554545454543,0.25
664702,Myles Straw,TOR,R,Slider,SL,20,12.048192771084338,86.19500000000001,2523.7,-0.16699999999999998,-0.051000000000000004,14.285714285714285,10.0,30.0,14.285714285714285,83.33333333333334,84.025,0.25966666666666666,0.6666666666666666
664702,Myles Straw,TOR,R,Changeup,CH,14,8.433734939759036,83.22142857142856,1899.7142857142858,0.91,0.32857142857142857,14.285714285714285,28.57142857142857,35.714285714285715,44.44444444444444,60.0,70.66,0.3325,0.5
664702,Myles Straw,TOR,R,Cutter,FC,13,7.83132530120482,91.08461538461538,2525.230769230769,0.29923076923076924,0.7846153846153846,50.0,38.46153846153847,46.15384615384615,0.0,66.66666666666666,78.8,0.0,0.0
664702,Myles Straw,TOR,R,Sweeper,ST,11,6.626506024096386,80.66363636363636,2654.4545454545455,0.1209090909090909,0.15090909090909088,40.0,27.27272727272727,54.54545454545454,0.0,83.33333333333334,66.23333333333333,0.005,0.0
664702,Myles Straw,TOR,R,Curveball,CU,8,4.819277108433735,80.0,2883.375,0.89,-0.92125,0.0,25.0,37.5,0.0,0.0,0.0,0.0,0.0
664702,Myles Straw,TOR,R,Split-Finger,FS,8,4.819277108433735,90.875,1472.5,-0.6425,0.23249999999999998,0.0,25.0,50.0,50.0,50.0,83.4,0.2,0.0
664770,Nathan Lukes,TOR,L,4-Seam Fastball,FF,83,41.089108910891085,94.62650602409639,2309.8192771084337,-0.6287951807228915,1.282289156626506,2.7027027027027026,12.048192771084338,49.39759036144578,14.285714285714285,75.60975609756098,84.06,0.5083647894736841,0.5
664770,Nathan Lukes,TOR,L,Sinker,SI,41,20.2970297029703,93.50243902439024,2268.439024390244,-0.9751219512195123,0.6185365853658537,9.523809523809524,31.70731707317073,78.04878048780488,11.11111111111111,62.5,84.57368421052632,0.14436363636363636,0.0
664770,Nathan Lukes,TOR,L,Changeup,CH,22,10.891089108910892,86.22272727272728,1665.090909090909,-1.0618181818181818,0.07954545454545454,30.0,13.636363636363635,22.727272727272727,29.411764705882355,100.0,81.77142857142857,0.4143333333333333,0.5
664770,Nathan Lukes,TOR,L,Cutter,FC,21,10.396039603960396,91.22380952380952,2517.6190476190477,0.3742857142857143,0.7823809523809524,18.181818181818183,9.523809523809524,47.61904761904761,9.090909090909092,100.0,85.73333333333333,0.35819539999999994,0.0
664770,Nathan Lukes,TOR,L,Curveball,CU,11,5.445544554455446,80.62727272727273,2750.5454545454545,0.8672727272727272,-0.950909090909091,0.0,27.27272727272727,36.36363636363637,0.0,50.0,66.7,0.08,0.0
664770,Nathan Lukes,TOR,L,Slider,SL,9,4.455445544554455,87.44444444444444,2306.0,-0.16777777777777778,0.3777777777777778,33.33333333333333,44.44444444444444,66.66666666666666,0.0,50.0,90.35,0.4545,0.5
664770,Nathan Lukes,TOR,L,Split-Finger,FS,9,4.455445544554455,82.16666666666667,758.6666666666666,-0.5333333333333333,0.10444444444444444,66.66666666666666,33.33333333333333,22.22222222222222,28.57142857142857,50.0,92.6,0.2786666666666667,0.3333333333333333
664770,Nathan Lukes,TOR,L,Sweeper,ST,6,2.9702970297029703,80.53333333333333,2942.3333333333335,1.6033333333333333,0.27999999999999997,0.0,33.33333333333333,66.66666666666666,0.0,50.0,70.9,0.352,0.0
665489,Vladimir Guerrero Jr.,TOR,R,Sinker,SI,43,33.59375,94.45348837209302,2194.046511627907,-0.7927906976744187,0.6304651162790698,0.0,20.930232558139537,51.162790697674424,4.761904761904762,68.18181818181817,93.675,0.4347480833333333,0.0
665489,Vladimir Guerrero Jr.,TOR,R,4-Seam Fastball,FF,37,28.90625,93.82972972972972,2367.2972972972975,-0.18486486486486486,1.3064864864864867,13.333333333333334,16.216216216216218,35.13513513513514,29.166666666666668,61.53846153846154,86.57692307692308,0.3331111111111111,0.5555555555555556
665489,Vladimir Guerrero Jr.,TOR,R,Slider,SL,16,12.5,86.38125,2546.0625,0.006249999999999995,0.030624999999999996,0.0,6.25,50.0,37.5,87.5,75.14444444444445,0.15466666666666667,0.0
665489,Vladimir Guerrero Jr.,TOR,R,Sweeper,ST,14,10.9375,81.49285714285715,2625.1428571428573,1.0878571428571429,0.08142857142857142,12.5,14.285714285714285,42.857142857142854,37.5,83.33333333333334,76.48571428571428,0.2164,0.2
665489,Vladimir Guerrero Jr.,TOR,R,Changeup,CH,9,7.03125,82.25555555555555,1812.4444444444443,0.9844444444444443,0.4744444444444444,16.666666666666664,11.11111111111111,55.55555555555556,25.0,100.0,98.86,0.49359539999999996,0.5
665489,Vladimir Guerrero Jr.,TOR,R,Cutter,FC,6,4.6875,87.95,2166.0,0.14500000000000002,0.735,0.0,16.666666666666664,50.0,33.33333333333333,66.66666666666666,89.93333333333332,0.053,0.0
665489,Vladimir Guerrero Jr.,TOR,R,Curveball,CU,3,2.34375,80.96666666666667,2609.3333333333335,0.75,-1.07,0.0,0.0,0.0,0.0,0.0,0.0,0.0,0.0
669701,,TOR,L,4-Seam Fastball,FF,8,27.586206896551722,94.6375,2272.875,-0.17,1.51875,20.0,37.5,62.5,66.66666666666666,60.0,72.39999999999999,0.645,1.0
669701,,TOR,L,Changeup,CH,6,20.689655172413794,84.2,1980.8333333333333,-1.21,0.6849999999999999,50.0,33.33333333333333,16.666666666666664,60.0,100.0,45.349999999999994,0.3489885,0.0
669701,,TOR,L,Cutter,FC,6,20.689655172413794,89.18333333333334,2425.5,0.2233333333333333,0.6783333333333333,25.0,33.33333333333333,33.33333333333333,75.0,50.0,76.56666666666666,0.10400000000000001,0.0
669701,,TOR,L,Sinker,SI,5,17.24137931034483,92.3,2259.4,-0.712,1.1300000000000001,0.0,20.0,40.0,33.33333333333333,50.0,53.45,0.45,0.0
669701,,TOR,L,Slider,SL,2,6.896551724137931,86.35,2281.0,0.18,0.395,50.0,50.0,50.0,100.0,100.0,105.6,1.271,1.0
669701,,TOR,L,Curveball,CU,1,3.4482758620689653,78.4,2751.0,0.33,-1.24,0.0,0.0,0.0,0.0,0.0,0.0,0.0,0.0
669701,,TOR,L,Split-Finger,FS,1,3.4482758620689653,83.8,1008.0,-1.01,-0.08,0.0,0.0,100.0,0.0,100.0,83.0,0.369,1.0
694673,Abimelec Ortiz,WSN,L,4-Seam Fastball,FF,62,23.220973782771537,95.81612903225808,2331.967741935484,-0.6193548387096774,1.3719354838709679,28.205128205128204,33.87096774193548,59.67741935483871,48.0,72.97297297297297,86.37037037037037,0.2637739444444444,0.2
694673,Abimelec Ortiz,WSN,L,Slider,SL,44,16.479400749063668,86.04545454545455,2344.659090909091,0.12568181818181817,-0.07727272727272727,25.0,22.727272727272727,45.45454545454545,45.83333333333333,85.0,85.31052631578947,0.24500000000000002,0.1
694673,Abimelec Ortiz,WSN,L,Sinker,SI,41,15.355805243445692,94.83414634146341,2319.731707317073,-1.0553658536585366,0.7436585365853658,5.555555555555555,17.073170731707318,43.90243902439025,26.08695652173913,66.66666666666666,81.33999999999999,0.33936925,0.0
694673,Abimelec Ortiz,WSN,L,Changeup,CH,36,13.48314606741573,86.36666666666666,1573.1944444444443,-0.9941666666666666,0.3416666666666667,18.181818181818183,22.22222222222222,41.66666666666667,52.38095238095239,73.33333333333333,87.34375,0.3771111111111111,0.4444444444444444
694673,Abimelec Ortiz,WSN,L,Sweeper,ST,32,11.985018726591761,82.55,2851.4375,0.43374999999999997,-0.10062499999999999,14.285714285714285,31.25,43.75,44.44444444444444,42.857142857142854,76.81666666666666,0.026,0.0
694673,Abimelec Ortiz,WSN,L,Curveball,CU,23,8.614232209737828,80.90869565217392,2468.304347826087,0.5247826086956522,-0.726086956521739,40.0,34.78260869565217,30.434782608695656,25.0,14.285714285714285,80.66666666666667,0.13899999999999998,0.0
694673,Abimelec Ortiz,WSN,L,Split-Finger,FS,16,5.992509363295881,83.55,1029.0625,-0.51875,-0.073125,25.0,18.75,31.25,36.36363636363637,80.0,84.2,0.14766666666666667,0.3333333333333333
694673,Abimelec Ortiz,WSN,L,Cutter,FC,13,4.868913857677903,89.03846153846153,2259.846153846154,0.17153846153846153,0.5984615384615385,0.0,7.6923076923076925,53.84615384615385,0.0,85.71428571428571,78.33333333333333,0.265,0.0
687605,Andrew Pinckney,WSN,R,4-Seam Fastball,FF,16,38.095238095238095,97.26875,2553.25,-0.66625,1.296875,33.33333333333333,50.0,62.5,0.0,60.0,76.425,0.406,0.4
687605,Andrew Pinckney,WSN,R,Slider,SL,12,28.57142857142857,89.48333333333333,2527.8333333333335,0.2041666666666667,0.3066666666666667,100.0,41.66666666666667,41.66666666666667,0.0,60.0,0.0,0.0,0.0
687605,Andrew Pinckney,WSN,R,Sweeper,ST,7,16.666666666666664,83.82857142857142,2529.5714285714284,0.33714285714285713,0.7814285714285714,0.0,28.57142857142857,57.14285714285714,0.0,50.0,0.0,0.0,0.0
687605,Andrew Pinckney,WSN,R,Sinker,SI,5,11.904761904761903,96.4,2654.0,-1.3780000000000001,1.06,0.0,0.0,20.0,0.0,100.0,100.8,0.446,0.0
687605,Andrew Pinckney,WSN,R,Changeup,CH,1,2.380952380952381,85.8,1454.0,1.26,0.26,0.0,0.0,100.0,0.0,100.0,92.4,0.403,0.0
687605,Andrew Pinckney,WSN,R,Cutter,FC,1,2.380952380952381,88.3,2411.0,-0.28,0.51,0.0,0.0,0.0,100.0,0.0,0.0,0.0,0.0
665953,Andrés Chaparro,WSN,R,4-Seam Fastball,FF,37,25.34246575342466,95.15405405405404,2372.189189189189,-0.35135135135135137,1.3356756756756758,0.0,21.62162162162162,59.45945945945946,6.666666666666667,68.18181818181817,85.95714285714287,0.4188863333333333,0.375
665953,Andrés Chaparro,WSN,R,Slider,SL,28,19.17808219178082,87.18928571428572,2436.0714285714284,0.19214285714285714,0.15678571428571428,33.33333333333333,28.57142857142857,35.714285714285715,22.22222222222222,80.0,90.625,0.49377011111111113,0.3333333333333333
665953,Andrés Chaparro,WSN,R,Sweeper,ST,27,18.493150684931507,83.72592592592592,2632.3703703703704,1.3425925925925926,0.07851851851851853,35.714285714285715,22.22222222222222,44.44444444444444,20.0,91.66666666666666,79.25555555555555,0.13633333333333333,0.0
665953,Andrés Chaparro,WSN,R,Curveball,CU,18,12.32876712328767,80.85555555555555,2586.4444444444443,-0.005555555555555548,-0.6905555555555556,7.6923076923076925,11.11111111111111,38.88888888888889,63.63636363636363,85.71428571428571,94.5,0.5872755714285713,0.4
665953,Andrés Chaparro,WSN,R,Sinker,SI,14,9.58904109589041,95.09285714285714,2178.0,-0.6664285714285715,0.5985714285714286,0.0,28.57142857142857,92.85714285714286,0.0,61.53846153846154,96.25,0.3353333333333333,0.3333333333333333
665953,Andrés Chaparro,WSN,R,Changeup,CH,12,8.21917808219178,85.0,1684.4166666666667,0.6033333333333334,0.43333333333333335,33.33333333333333,25.0,33.33333333333333,37.5,75.0,53.45,0.212,0.0
665953,Andrés Chaparro,WSN,R,Cutter,FC,7,4.794520547945205,89.78571428571429,2238.0,0.17285714285714285,0.65,25.0,14.285714285714285,42.857142857142854,25.0,100.0,94.43333333333334,0.1305,0.5
665953,Andrés Chaparro,WSN,R,Split-Finger,FS,3,2.054794520547945,81.53333333333333,1059.0,0.5766666666666667,0.15333333333333335,0.0,0.0,33.33333333333333,0.0,100.0,87.7,0.0,0.0
691781,Brady House,WSN,R,4-Seam Fastball,FF,66,34.55497382198953,94.79848484848485,2320.469696969697,-0.5351515151515152,1.232121212121212,14.285714285714285,25.757575757575758,45.45454545454545,25.0,63.33333333333333,80.8695652173913,0.4817060714285714,0.2222222222222222
691781,Brady House,WSN,R,Sinker,SI,37,19.3717277486911,94.5054054054054,2291.4324324324325,-1.2337837837837837,0.62,0.0,29.72972972972973,56.75675675675676,43.75,47.61904761904761,87.675,0.19630592307692307,0.16666666666666666
691781,Brady House,WSN,R,Slider,SL,35,18.32460732984293,87.73714285714286,2469.8285714285716,0.12199999999999998,0.2642857142857143,14.285714285714285,11.428571428571429,31.428571428571427,16.666666666666664,90.9090909090909,90.93333333333334,0.5062196666666667,0.5
691781,Brady House,WSN,R,Sweeper,ST,22,11.518324607329843,83.55909090909091,2581.6363636363635,1.0577272727272726,0.06818181818181819,26.666666666666668,27.27272727272727,68.18181818181817,28.57142857142857,86.66666666666667,86.55454545454546,0.16577777777777777,0.0
691781,Brady House,WSN,R,Cutter,FC,11,5.7591623036649215,88.26363636363637,2173.2727272727275,0.16545454545454547,0.4027272727272727,60.0,27.27272727272727,27.27272727272727,25.0,100.0,82.15,0.0,0.0
691781,Brady House,WSN,R,Curveball,CU,10,5.2356020942408374,81.69,2462.0,0.538,-0.782,0.0,0.0,50.0,0.0,100.0,85.02000000000001,0.091,0.0
691781,Brady House,WSN,R,Changeup,CH,6,3.1413612565445024,85.78333333333335,1602.1666666666667,-0.3,0.6816666666666666,25.0,16.666666666666664,33.33333333333333,50.0,100.0,81.10000000000001,0.4605,0.5
691781,Brady House,WSN,R,Split-Finger,FS,4,2.094240837696335,80.975,1074.25,0.405,-0.4925,33.33333333333333,25.0,50.0,50.0,100.0,95.55,0.20133333333333334,0.0
682928,CJ Abrams,WSN,L,4-Seam Fastball,FF,57,31.666666666666664,94.27017543859648,2280.0701754385964,-0.4257894736842105,1.2092982456140353,32.142857142857146,29.82456140350877,54.385964912280706,19.230769230769234,74.19354838709677,85.51052631578948,0.166762,0.06666666666666667
682928,CJ Abrams,WSN,L,Slider,SL,33,18.333333333333332,85.84848484848484,2324.0,0.013939393939393939,0.2806060606060606,18.75,21.21212121212121,54.54545454545454,13.333333333333334,77.77777777777779,76.1923076923077,0.24266283333333336,0.0
682928,CJ Abrams,WSN,L,Curveball,CU,23,12.777777777777777,78.9391304347826,2566.8260869565215,-0.08478260869565217,-0.5639130434782609,50.0,52.17391304347826,39.130434782608695,57.14285714285714,22.22222222222222,76.62,0.0874,0.2
682928,CJ Abrams,WSN,L,Sinker,SI,21,11.666666666666666,92.9,2171.0476190476193,-0.6233333333333333,0.73,8.333333333333332,9.523809523809524,47.61904761904761,27.27272727272727,90.0,84.22,0.294,0.16666666666666666
682928,CJ Abrams,WSN,L,Changeup,CH,18,10.0,85.39444444444445,1688.7777777777778,-0.715,0.5455555555555556,22.22222222222222,16.666666666666664,22.22222222222222,42.857142857142854,75.0,64.66,0.053,0.0
682928,CJ Abrams,WSN,L,Sweeper,ST,12,6.666666666666667,82.19166666666668,2557.75,1.105,-0.10916666666666668,37.5,33.33333333333333,58.333333333333336,40.0,85.71428571428571,84.32000000000001,0.19533333333333333,0.6666666666666666
682928,CJ Abrams,WSN,L,Cutter,FC,7,3.888888888888889,89.12857142857142,2252.0,0.05285714285714286,0.65,20.0,28.57142857142857,85.71428571428571,0.0,83.33333333333334,81.95,0.0,0.0
682928,CJ Abrams,WSN,L,Split-Finger,FS,7,3.888888888888889,84.27142857142857,1178.5714285714287,-0.7085714285714285,0.012857142857142864,50.0,42.857142857142854,42.857142857142854,50.0,66.66666666666666,79.55,0.199,0.5
682928,CJ Abrams,WSN,L,Unknown,UNK,2,1.1111111111111112,0.0,0.0,0.0,0.0,0.0,0.0,0.0,0.0,0.0,0.0,0.0,0.0
695734,Daylen Lile,WSN,L,4-Seam Fastball,FF,106,32.91925465838509,95.89999999999999,2400.8396226415093,-0.4486792452830189,1.2927358490566039,19.047619047619047,18.867924528301888,47.16981132075472,37.5,84.0,78.77560975609757,0.5206953999999999,0.375
695734,Daylen Lile,WSN,L,Slider,SL,56,17.391304347826086,86.83035714285714,2454.285714285714,0.09624999999999999,0.08053571428571428,29.03225806451613,32.142857142857146,44.642857142857146,48.38709677419355,64.0,83.97999999999999,0.3426666666666667,0.4166666666666667
695734,Daylen Lile,WSN,L,Curveball,CU,46,14.285714285714285,80.08043478260869,2586.413043478261,0.11913043478260871,-0.7632608695652173,28.57142857142857,19.565217391304348,34.78260869565217,26.666666666666668,81.25,85.69999999999999,0.5534,0.4
695734,Daylen Lile,WSN,L,Changeup,CH,39,12.111801242236025,87.21794871794872,1683.0,-1.0017948717948717,0.4074358974358975,14.285714285714285,12.82051282051282,28.205128205128204,42.857142857142854,81.81818181818183,78.97647058823529,0.39872727272727276,0.2727272727272727
695734,Daylen Lile,WSN,L,Sinker,SI,22,6.832298136645963,95.11363636363636,2425.7272727272725,-0.7000000000000001,0.8154545454545455,14.285714285714285,27.27272727272727,54.54545454545454,60.0,66.66666666666666,90.94444444444444,0.45742199999999994,0.2
695734,Daylen Lile,WSN,L,Sweeper,ST,22,6.832298136645963,81.48181818181818,2787.0454545454545,0.2372727272727273,-0.14681818181818182,13.333333333333334,18.181818181818183,63.63636363636363,37.5,85.71428571428571,82.98181818181818,0.45899999999999996,0.4
695734,Daylen Lile,WSN,L,Cutter,FC,16,4.968944099378882,88.6375,2269.0625,0.184375,0.570625,30.0,31.25,75.0,0.0,83.33333333333334,88.42,0.349,1.0
695734,Daylen Lile,WSN,L,Split-Finger,FS,9,2.7950310559006213,83.02222222222223,861.1111111111111,-0.6988888888888889,-0.06222222222222223,20.0,22.22222222222222,11.11111111111111,50.0,100.0,83.15,0.322,0.25
695734,Daylen Lile,WSN,L,Unknown,UNK,6,1.8633540372670807,0.0,0.0,0.0,0.0,0.0,0.0,0.0,0.0,0.0,0.0,0.0,0.0
686611,Dylan Crews,WSN,R,4-Seam Fastball,FF,81,31.76470588235294,95.11234567901235,2379.4444444444443,-0.5355555555555556,1.2992592592592591,22.22222222222222,19.753086419753085,51.85185185185185,25.64102564102564,83.33333333333334,87.4,0.4169049090909091,0.3888888888888889
686611,Dylan Crews,WSN,R,Sweeper,ST,50,19.607843137254903,83.024,2602.32,1.1434,0.18460000000000001,38.88888888888889,36.0,50.0,12.0,60.0,96.27272727272727,0.3277,0.1
686611,Dylan Crews,WSN,R,Sinker,SI,49,19.215686274509807,94.71632653061225,2334.3673469387754,-0.9989795918367348,0.8255102040816327,13.636363636363635,22.448979591836736,51.02040816326531,20.833333333333336,68.0,79.70555555555556,0.3345391818181818,0.375
686611,Dylan Crews,WSN,R,Slider,SL,24,9.411764705882353,87.49583333333334,2370.4166666666665,0.012916666666666668,0.28458333333333335,33.33333333333333,33.33333333333333,70.83333333333334,14.285714285714285,82.35294117647058,87.53,0.288375,0.375
686611,Dylan Crews,WSN,R,Cutter,FC,21,8.235294117647058,88.81428571428572,2332.2380952380954,0.25666666666666665,0.5542857142857143,40.0,33.33333333333333,23.809523809523807,37.5,80.0,74.17999999999999,0.06620000000000001,0.2
686611,Dylan Crews,WSN,R,Changeup,CH,18,7.0588235294117645,85.28888888888889,1663.5555555555557,-0.175,0.505,70.0,38.88888888888889,11.11111111111111,50.0,100.0,58.7,0.0665,0.0
686611,Dylan Crews,WSN,R,Curveball,CU,9,3.5294117647058822,78.16666666666667,2510.222222222222,0.07888888888888891,-0.8533333333333333,25.0,22.22222222222222,44.44444444444444,20.0,75.0,92.73333333333333,0.066,0.0
686611,Dylan Crews,WSN,R,Split-Finger,FS,3,1.1764705882352942,83.60000000000001,876.3333333333334,-0.79,0.2833333333333333,50.0,33.33333333333333,0.0,66.66666666666666,0.0,42.5,0.254,1.0
695670,Harry Ford,WSN,R,4-Seam Fastball,FF,57,44.18604651162791,94.99122807017544,2308.877192982456,-0.4554385964912281,1.4652631578947368,17.24137931034483,22.807017543859647,54.385964912280706,19.230769230769234,77.41935483870968,82.03333333333333,0.5149177692307692,0.1
695670,Harry Ford,WSN,R,Slider,SL,25,19.379844961240313,86.572,2335.88,0.1332,0.1852,28.57142857142857,28.000000000000004,36.0,18.75,44.44444444444444,69.2,0.033,0.0
695670,Harry Ford,WSN,R,Sinker,SI,17,13.178294573643413,94.83529411764707,2414.235294117647,-1.302941176470588,0.7105882352941176,44.44444444444444,52.94117647058824,82.35294117647058,0.0,64.28571428571429,80.14000000000001,0.14233333333333334,0.0
695670,Harry Ford,WSN,R,Changeup,CH,12,9.30232558139535,86.125,1825.6666666666667,-0.9325,0.39916666666666667,22.22222222222222,16.666666666666664,33.33333333333333,62.5,100.0,76.54285714285713,0.1105,0.16666666666666666
695670,Harry Ford,WSN,R,Sweeper,ST,10,7.751937984496124,83.86,2549.6,0.836,0.346,100.0,20.0,0.0,20.0,0.0,0.0,0.0,0.0
695670,Harry Ford,WSN,R,Curveball,CU,5,3.875968992248062,82.1,2548.0,-0.04000000000000002,-0.484,100.0,20.0,20.0,0.0,100.0,0.0,0.0,0.0
695670,Harry Ford,WSN,R,Split-Finger,FS,2,1.550387596899225,80.6,1106.0,0.775,-0.15000000000000002,0.0,0.0,50.0,0.0,0.0,0.0,0.0,0.0
695670,Harry Ford,WSN,R,Cutter,FC,1,0.7751937984496124,86.7,2172.0,0.01,0.72,0.0,0.0,100.0,0.0,100.0,100.2,0.864,1.0
696285,Jacob Young,WSN,R,Sinker,SI,44,25.287356321839084,93.35,2236.75,-0.8825,0.7477272727272727,16.0,18.181818181818183,47.72727272727273,34.78260869565217,80.95238095238095,76.96666666666667,0.1986,0.5
696285,Jacob Young,WSN,R,4-Seam Fastball,FF,36,20.689655172413794,94.07499999999999,2289.9444444444443,-0.5297222222222222,1.2458333333333333,7.142857142857142,27.77777777777778,55.55555555555556,18.75,55.00000000000001,83.75,0.5368255,0.1111111111111111
696285,Jacob Young,WSN,R,Slider,SL,27,15.517241379310345,86.45185185185184,2465.4074074074074,0.26629629629629625,0.046666666666666676,18.181818181818183,33.33333333333333,51.85185185185185,15.384615384615385,64.28571428571429,71.475,0.0814,0.09090909090909091
696285,Jacob Young,WSN,R,Sweeper,ST,27,15.517241379310345,82.9148148148148,2601.4074074074074,1.2648148148148148,0.20296296296296298,11.11111111111111,25.925925925925924,48.148148148148145,14.285714285714285,53.84615384615385,90.15,0.44874425,0.3333333333333333
696285,Jacob Young,WSN,R,Cutter,FC,19,10.919540229885058,88.95263157894736,2427.3684210526317,0.41789473684210526,0.5094736842105263,50.0,52.63157894736842,63.1578947368421,14.285714285714285,75.0,74.16,0.3543908,0.0
696285,Jacob Young,WSN,R,Changeup,CH,11,6.321839080459771,79.77272727272727,1543.8181818181818,0.4218181818181818,0.6918181818181819,40.0,54.54545454545454,72.72727272727273,33.33333333333333,50.0,85.8,0.0,0.0
696285,Jacob Young,WSN,R,Curveball,CU,6,3.4482758620689653,79.36666666666666,2193.0,0.37833333333333335,-1.0983333333333334,0.0,0.0,16.666666666666664,0.0,100.0,82.2,0.022,0.0
696285,Jacob Young,WSN,R,Split-Finger,FS,4,2.2988505747126435,82.45,884.25,-0.6075,5.204170427930421e-18,0.0,25.0,25.0,33.33333333333333,100.0,83.95,0.179,0.0
678391,Jorbit Vivas,WSN,L,4-Seam Fastball,FF,60,30.927835051546392,94.55166666666668,2285.9166666666665,-0.5088333333333334,1.1780000000000002,0.0,16.666666666666664,48.333333333333336,12.903225806451612,65.51724137931035,78.61904761904762,0.4759252857142857,0.5
678391,Jorbit Vivas,WSN,L,Changeup,CH,36,18.556701030927837,83.1,1551.6944444444443,-0.3272222222222222,0.505,36.36363636363637,27.77777777777778,27.77777777777778,53.84615384615385,80.0,75.67857142857143,0.19639769999999998,0.1111111111111111
678391,Jorbit Vivas,WSN,L,Sinker,SI,28,14.432989690721648,93.22500000000001,2203.714285714286,-0.9414285714285714,0.5567857142857143,0.0,21.428571428571427,64.28571428571429,40.0,66.66666666666666,79.92666666666668,0.24717554545454545,0.0
678391,Jorbit Vivas,WSN,L,Slider,SL,20,10.309278350515463,82.425,2256.65,0.3185,0.14850000000000002,0.0,10.0,70.0,33.33333333333333,78.57142857142857,70.5,0.18,0.0
678391,Jorbit Vivas,WSN,L,Cutter,FC,19,9.793814432989691,90.00526315789473,2370.0526315789475,0.2136842105263158,0.5478947368421053,0.0,0.0,42.10526315789473,27.27272727272727,100.0,74.45,0.2696,0.16666666666666666
678391,Jorbit Vivas,WSN,L,Sweeper,ST,15,7.731958762886598,84.17333333333333,2503.4,1.2,-0.3066666666666667,28.57142857142857,26.666666666666668,40.0,44.44444444444444,50.0,87.04,0.14266666666666666,0.0
678391,Jorbit Vivas,WSN,L,Curveball,CU,8,4.123711340206185,81.3625,2490.0,0.48,-0.98,0.0,37.5,50.0,25.0,50.0,73.39999999999999,0.811,1.0
678391,Jorbit Vivas,WSN,L,Split-Finger,FS,8,4.123711340206185,85.2875,1181.75,-0.8525,0.027499999999999997,0.0,0.0,25.0,16.666666666666664,100.0,89.9,0.342,0.0
677588,José Tena,WSN,L,4-Seam Fastball,FF,54,35.76158940397351,96.81111111111112,2446.4444444444443,-0.7218518518518517,1.4842592592592594,18.51851851851852,22.22222222222222,46.2962962962963,31.03448275862069,72.0,82.675,0.274991375,0.4
677588,José Tena,WSN,L,Slider,SL,29,19.205298013245034,86.7448275862069,2400.206896551724,0.13206896551724137,-0.11379310344827585,54.54545454545454,51.724137931034484,41.37931034482759,47.05882352941176,25.0,61.550000000000004,0.1554252857142857,0.0
677588,José Tena,WSN,L,Changeup,CH,18,11.920529801324504,87.97222222222223,1591.5555555555557,-1.1855555555555555,0.18666666666666665,55.55555555555556,38.88888888888889,27.77777777777778,38.46153846153847,80.0,87.375,0.18460000000000001,0.0
677588,José Tena,WSN,L,Sinker,SI,17,11.258278145695364,95.90588235294118,2255.176470588235,-1.3170588235294118,0.5664705882352941,10.0,5.88235294117647,47.05882352941176,22.22222222222222,100.0,93.825,0.3202857142857143,0.14285714285714285
677588,José Tena,WSN,L,Curveball,CU,12,7.9470198675496695,82.30833333333334,2472.3333333333335,0.5108333333333334,-0.5283333333333333,66.66666666666666,41.66666666666667,25.0,22.22222222222222,33.33333333333333,91.3,0.009,0.5
677588,José Tena,WSN,L,Sweeper,ST,8,5.298013245033113,84.375,2730.875,1.4625,0.012499999999999999,0.0,62.5,62.5,0.0,0.0,0.0,0.697977,0.0
677588,José Tena,WSN,L,Cutter,FC,6,3.9735099337748347,91.86666666666667,2485.6666666666665,0.21499999999999997,0.6266666666666666,0.0,33.33333333333333,0.0,16.666666666666664,0.0,0.0,0.0,0.0
677588,José Tena,WSN,L,Split-Finger,FS,5,3.3112582781456954,84.06,946.2,-0.8379999999999999,0.21200000000000002,0.0,20.0,60.0,0.0,66.66666666666666,87.5,0.77,0.5
677588,José Tena,WSN,L,Unknown,UNK,2,1.3245033112582782,0.0,0.0,0.0,0.0,0.0,0.0,0.0,0.0,0.0,0.0,0.0,0.0
660688,Keibert Ruiz,WSN,S,4-Seam Fastball,FF,32,30.18867924528302,94.384375,2311.5,-0.459375,1.1728125,7.142857142857142,12.5,40.625,21.052631578947366,76.92307692307693,90.12727272727273,0.5373256666666667,0.5
660688,Keibert Ruiz,WSN,S,Changeup,CH,22,20.754716981132077,85.28181818181818,1550.7727272727273,-0.6722727272727272,0.40954545454545455,15.384615384615385,18.181818181818183,45.45454545454545,41.66666666666667,80.0,87.83636363636364,0.18672727272727271,0.0
660688,Keibert Ruiz,WSN,S,Sinker,SI,16,15.09433962264151,94.65625,2192.75,-1.255625,0.5231250000000001,20.0,12.5,18.75,23.076923076923077,66.66666666666666,76.6,0.13533333333333333,0.6666666666666666
660688,Keibert Ruiz,WSN,S,Slider,SL,16,15.09433962264151,80.91875,2114.0,0.249375,0.35062499999999996,0.0,37.5,75.0,0.0,66.66666666666666,84.9625,0.1757142857142857,0.42857142857142855
660688,Keibert Ruiz,WSN,S,Cutter,FC,9,8.49056603773585,90.76666666666667,2419.0,0.23666666666666666,0.6077777777777778,0.0,22.22222222222222,55.55555555555556,50.0,80.0,75.88333333333333,0.2563295,0.2
660688,Keibert Ruiz,WSN,S,Sweeper,ST,5,4.716981132075472,83.32000000000001,2667.8,1.214,0.44400000000000006,25.0,40.0,60.0,100.0,66.66666666666666,99.66666666666667,0.6983333333333333,1.0
660688,Keibert Ruiz,WSN,S,Curveball,CU,4,3.7735849056603774,79.3,2629.25,1.085,-0.7999999999999999,0.0,75.0,100.0,0.0,25.0,81.3,0.0,0.0
660688,Keibert Ruiz,WSN,S,Split-Finger,FS,2,1.8867924528301887,82.75,770.0,-0.7050000000000001,0.22,0.0,50.0,100.0,0.0,50.0,69.8,0.502,1.0
683083,Nasim Nuñez,WSN,S,4-Seam Fastball,FF,101,45.909090909090914,95.57722772277226,2376.6138613861385,-0.6791089108910892,1.2868316831683169,17.543859649122805,18.81188118811881,48.51485148514851,26.923076923076923,87.75510204081633,83.7046511627907,0.22359816,0.13043478260869565
683083,Nasim Nuñez,WSN,S,Sinker,SI,37,16.818181818181817,95.17027027027028,2260.7567567567567,-0.9691891891891892,0.7051351351351351,16.666666666666664,32.432432432432435,59.45945945945946,20.0,68.18181818181817,75.22666666666667,0.44449999999999995,0.0
683083,Nasim Nuñez,WSN,S,Changeup,CH,23,10.454545454545453,85.9304347826087,1677.7826086956522,-0.4791304347826087,0.46695652173913044,41.66666666666667,43.47826086956522,39.130434782608695,42.857142857142854,66.66666666666666,83.88571428571429,0.140625,0.125
683083,Nasim Nuñez,WSN,S,Slider,SL,22,10.0,86.95454545454545,2425.6363636363635,0.355,0.014090909090909083,18.181818181818183,36.36363636363637,63.63636363636363,37.5,57.14285714285714,76.45,0.1416666666666667,0.0
683083,Nasim Nuñez,WSN,S,Curveball,CU,14,6.363636363636363,82.37142857142858,2346.0714285714284,0.6757142857142858,-0.8714285714285713,0.0,42.857142857142854,50.0,71.42857142857143,14.285714285714285,84.55,0.2926666666666667,0.0
683083,Nasim Nuñez,WSN,S,Sweeper,ST,13,5.909090909090909,83.41538461538462,2592.6153846153848,1.1653846153846152,-0.19615384615384615,0.0,38.46153846153847,53.84615384615385,33.33333333333333,28.57142857142857,44.2,0.0,0.0
683083,Nasim Nuñez,WSN,S,Cutter,FC,6,2.727272727272727,89.03333333333335,2299.1666666666665,0.19333333333333333,0.7466666666666667,0.0,33.33333333333333,83.33333333333334,0.0,60.0,84.13333333333333,0.014,0.0
683083,Nasim Nuñez,WSN,S,Split-Finger,FS,4,1.8181818181818181,84.325,873.75,-0.585,0.03499999999999999,33.33333333333333,25.0,50.0,50.0,100.0,70.3,0.0,0.0
