player_name,team,split_type,PA,ABQ,RCV,OBR,OSI,projOSI,PP_Gap,trend
Alex Bregman,CHC,overall,614,45.4,59.1,56.0,54.4,46.4,-8.0,falling
Pete Crow-Armstrong,CHC,overall,613,34.3,74.2,68.1,61.8,53.8,-8.0,stable
Iván Herrera,STL,overall,612,42.8,62.2,59.8,56.4,54.6,-1.8,falling
Gunnar Henderson,BAL,overall,610,37.2,66.0,53.2,53.7,53.2,-0.5,rising
Michael Busch,CHC,overall,607,38.9,57.4,63.6,55.3,53.9,-1.4,falling
Bryan Reynolds,PIT,overall,601,38.3,72.6,68.0,62.2,59.5,-2.7,falling
Matt Olson,ATL,overall,596,33.7,70.9,64.1,58.9,53.5,-5.4,falling
Sal Stewart,CIN,overall,595,37.2,59.0,60.9,54.3,48.4,-5.9,falling
Fernando Tatis Jr.,SDP,overall,595,40.3,76.5,64.9,62.8,70.8,8.0,stable
Pete Alonso,BAL,overall,594,36.0,75.9,72.6,64.6,69.5,5.0,falling
Kevin McGonigle,DET,overall,594,50.4,66.5,70.1,63.9,62.1,-1.8,falling
Yordan Alvarez,HOU,overall,593,48.3,81.9,96.3,79.3,82.9,3.6,falling
Junior Caminero,TBR,overall,593,43.5,84.9,68.5,68.0,60.0,-8.0,falling
Miguel Vargas,CHW,overall,591,46.6,86.2,79.3,73.5,80.7,7.2,stable
Zach Neto,LAA,overall,590,26.9,75.5,50.7,53.4,45.4,-8.0,falling
Trea Turner,PHI,overall,589,34.4,50.5,42.3,43.2,39.6,-3.6,falling
Nico Hoerner,CHC,overall,588,49.2,50.7,49.6,49.9,57.9,8.0,falling
Kyle Schwarber,PHI,overall,588,29.4,68.4,74.5,61.1,53.1,-8.0,falling
Bryce Harper,PHI,overall,586,45.3,66.3,84.8,68.4,69.8,1.3,stable
Wilyer Abreu,BOS,overall,585,40.1,55.5,63.5,54.8,53.5,-1.4,stable
Ozzie Albies,ATL,overall,584,43.2,58.8,42.2,48.3,40.3,-8.0,falling
Shohei Ohtani,LAD,overall,582,38.7,74.9,79.8,67.8,70.5,2.7,falling
Rafael Devers,SFG,overall,582,33.5,74.7,57.9,57.7,49.7,-8.0,stable
Yandy Díaz,TBR,overall,582,44.9,76.0,59.5,61.6,54.4,-7.2,falling
Corbin Carroll,ARI,overall,581,39.5,75.2,65.3,62.3,56.9,-5.4,falling
Bo Bichette,NYM,overall,580,38.5,59.4,48.6,49.9,54.4,4.5,stable
Otto Lopez,MIA,overall,579,43.0,71.9,46.4,54.5,46.5,-8.0,falling
Jonathan Aranda,TBR,overall,579,36.5,72.7,62.3,59.5,58.6,-0.9,falling
Alec Burleson,STL,overall,578,41.9,68.9,64.5,60.4,67.6,7.2,falling
Taylor Ward,SEA,overall,577,44.6,63.1,72.6,62.3,70.3,8.0,falling
Geraldo Perdomo,ARI,overall,575,52.5,65.2,65.6,62.2,59.5,-2.7,falling
Xavier Edwards,MIA,overall,574,48.5,67.5,56.7,58.5,50.5,-8.0,falling
Brice Turang,MIL,overall,574,36.8,61.0,64.8,56.5,52.9,-3.6,falling
Manny Machado,SDP,overall,573,39.0,74.1,60.4,59.8,67.0,7.2,falling
Freddie Freeman,LAD,overall,572,44.5,66.6,67.2,61.3,60.9,-0.5,falling
Jordan Walker,STL,overall,572,32.4,70.6,57.4,55.8,49.9,-5.9,falling
Daylen Lile,WSN,overall,569,37.1,70.2,48.2,53.1,54.0,0.9,falling
CJ Abrams,WSN,overall,565,33.8,79.7,55.2,58.4,50.4,-8.0,falling
Jackson Merrill,SDP,overall,563,31.2,73.6,51.4,54.1,62.1,8.0,stable
Brandon Lowe,PIT,overall,563,27.8,76.3,53.9,55.2,47.2,-8.0,falling
Ben Rice,NYY,overall,563,36.0,68.3,71.4,61.5,58.8,-2.7,falling
Luis Arraez,PHI,overall,563,52.5,54.5,42.0,49.0,41.0,-8.0,falling
Ceddanne Rafaela,BOS,overall,558,33.5,50.6,34.5,39.9,31.9,-8.0,falling
Ian Happ,CHC,overall,558,30.1,60.1,58.5,52.0,44.0,-8.0,falling
Randy Arozarena,SEA,overall,556,38.0,73.9,61.3,59.9,51.9,-8.0,falling
Brandon Nimmo,TEX,overall,555,35.8,54.2,58.7,51.4,59.4,8.0,falling
Jo Adell,CLE,overall,554,29.7,66.8,46.2,49.3,57.3,8.0,stable
Isaac Paredes,HOU,overall,553,48.1,62.9,57.7,57.1,49.1,-8.0,falling
Chase Meidroth,CHW,overall,548,36.5,73.9,48.1,54.2,46.2,-8.0,falling
Julio Rodríguez,SEA,overall,546,34.4,66.8,55.1,54.0,62.0,8.0,falling
William Contreras,MIL,overall,546,46.2,56.8,57.4,54.4,56.2,1.8,stable
Cole Young,SEA,overall,545,39.9,65.1,47.3,51.7,54.4,2.7,falling
Kazuma Okamoto,TOR,overall,543,27.8,69.5,52.6,52.3,46.5,-5.9,falling
Christian Walker,HOU,overall,542,33.8,62.9,47.3,49.4,41.4,-8.0,falling
Josh Naylor,SEA,overall,542,45.2,62.7,49.1,52.9,54.7,1.8,falling
Carson Benge,NYM,overall,541,35.3,63.1,54.0,52.5,54.8,2.2,stable
Colson Montgomery,CHW,overall,540,21.9,77.8,47.8,51.8,45.5,-6.3,falling
TJ Rumfield,COL,overall,539,48.0,32.0,59.9,47.1,39.1,-8.0,falling
Austin Riley,ATL,overall,538,24.1,54.6,46.2,43.6,45.0,1.4,falling
Salvador Perez,KCR,overall,535,33.7,64.2,38.7,46.4,54.4,8.0,falling
Ernie Clement,TOR,overall,535,44.6,60.3,30.1,44.3,36.3,-8.0,falling
Alec Bohm,PHI,overall,534,43.1,51.1,48.0,47.8,53.2,5.4,stable
Josh Bell,MIN,overall,533,37.3,64.7,52.9,53.1,54.0,0.9,stable
Jarren Duran,BOS,overall,532,27.2,44.0,43.2,39.5,47.5,8.0,stable
Dillon Dingler,DET,overall,531,32.8,70.0,53.0,53.9,55.3,1.4,falling
Nick Gonzales,PIT,overall,530,40.4,66.8,49.7,53.4,45.4,-8.0,falling
Steven Kwan,CLE,overall,530,54.5,62.2,63.0,60.6,57.4,-3.2,falling
Elly De La Cruz,CIN,overall,529,32.1,58.1,65.3,54.5,53.6,-0.9,falling
Kyle Tucker,LAD,overall,528,44.3,58.1,61.6,56.0,63.2,7.2,falling
Bobby Witt Jr.,KCR,overall,527,43.3,73.8,69.7,64.5,72.5,8.0,falling
Mike Trout,LAA,overall,527,40.4,78.5,82.4,70.5,77.7,7.2,falling
Seiya Suzuki,CHC,overall,527,36.1,65.4,63.7,57.4,49.4,-8.0,falling
Brooks Lee,MIN,overall,525,40.2,65.8,37.7,48.2,40.2,-8.0,falling
Michael Harris II,ATL,overall,524,33.8,64.9,46.9,49.9,44.1,-5.8,falling
Mauricio Dubón,ATL,overall,524,45.0,55.3,43.5,48.0,44.0,-4.1,falling
Spencer Torkelson,DET,overall,521,27.4,64.9,54.9,51.5,46.6,-5.0,falling
Vladimir Guerrero Jr.,TOR,overall,520,47.5,59.5,57.0,55.5,63.5,8.0,falling
Chandler Simpson,TBR,overall,518,47.9,62.8,31.9,46.7,38.7,-8.0,falling
Jakob Marsee,MIA,overall,518,41.2,65.1,58.0,56.3,56.3,0.0,stable
Jake Burger,TEX,overall,517,29.9,54.5,49.0,46.1,42.5,-3.6,falling
Willson Contreras,BOS,overall,517,34.7,61.6,69.0,57.8,49.8,-8.0,falling
Bryson Stott,PHI,overall,514,42.7,54.1,57.0,52.4,52.4,0.0,stable
Xander Bogaerts,SDP,overall,514,44.8,66.7,60.8,58.9,66.9,8.0,stable
Carter Jensen,KCR,overall,512,30.9,70.6,51.9,53.2,45.2,-8.0,stable
Luke Keaschall,MIN,overall,512,44.7,63.3,52.9,54.5,46.5,-8.0,falling
Brayan Rocchio,CLE,overall,509,42.3,62.5,41.5,49.0,44.5,-4.5,falling
Brandon Marsh,PHI,overall,507,30.3,55.1,45.4,45.0,37.0,-8.0,stable
Jung Hoo Lee,SFG,overall,506,46.2,65.9,44.2,52.3,45.5,-6.8,falling
Drake Baldwin,ATL,overall,505,38.1,63.8,65.6,58.1,63.9,5.9,falling
Nolan Arenado,ARI,overall,500,37.9,69.1,45.5,51.9,43.9,-8.0,falling
Jazz Chisholm Jr.,NYY,overall,497,29.0,55.3,50.7,46.9,38.9,-8.0,falling
Ezequiel Duran,TEX,overall,494,32.6,56.5,46.0,46.3,38.3,-8.0,falling
Caleb Durbin,BOS,overall,494,44.5,47.4,43.8,45.3,37.3,-8.0,falling
Jac Caglianone,KCR,overall,492,28.8,77.1,55.7,56.4,56.0,-0.5,stable
Jake Bauers,MIL,overall,490,38.0,68.9,77.1,64.5,56.8,-7.7,falling
Jake McCarthy,COL,overall,485,38.5,32.5,44.4,38.8,30.8,-8.0,falling
Liam Hicks,TBR,overall,485,52.0,75.3,55.5,61.5,53.5,-8.0,stable
Kody Clemens,MIN,overall,484,32.8,68.1,50.8,52.4,56.0,3.6,falling
Hunter Goodman,COL,overall,484,23.8,39.1,54.1,41.3,33.3,-8.0,falling
Chase DeLauter,CLE,overall,480,46.1,72.2,60.6,61.0,53.0,-8.0,falling
Cam Smith,HOU,overall,479,31.8,57.6,50.2,48.2,56.2,8.0,falling
Max Muncy,LAD,overall,473,36.1,71.2,66.1,60.4,52.4,-8.0,falling
Willi Castro,COL,overall,473,30.8,28.9,51.0,38.2,30.2,-8.0,stable
Trent Grisham,NYY,overall,472,44.7,56.5,65.2,57.0,65.0,8.0,falling
Jose Altuve,HOU,overall,471,37.4,58.5,41.9,46.6,38.6,-8.0,falling
Luis García Jr.,NYY,overall,467,38.7,67.6,52.0,54.1,46.1,-8.0,falling
Cody Bellinger,NYY,overall,467,46.4,57.1,65.3,57.7,61.3,3.6,falling
Sam Antonacci,CHW,overall,463,42.5,75.1,55.7,59.2,58.3,-0.9,falling
Daulton Varsho,HOU,overall,462,37.8,55.1,44.9,46.7,45.4,-1.4,falling
Jackson Chourio,MIL,overall,461,33.8,63.7,56.4,53.3,45.7,-7.6,stable
Marcus Semien,NYM,overall,456,36.2,56.1,48.3,48.0,56.0,8.0,stable
JJ Bleday,CIN,overall,455,41.8,55.5,69.9,57.8,63.2,5.4,falling
Isaac Collins,KCR,overall,451,38.5,65.4,54.2,54.2,49.2,-5.0,falling
Nasim Nuñez,WSN,overall,451,39.2,53.7,44.0,46.2,51.2,5.0,falling
Garrett Mitchell,MIL,overall,450,28.6,59.3,64.7,53.8,56.0,2.2,falling
Gabriel Moreno,ARI,overall,448,46.8,72.8,68.5,64.6,60.1,-4.5,falling
Cedric Mullins,TBR,overall,447,38.8,66.2,40.3,49.0,41.0,-8.0,falling
José Ramírez,CLE,overall,447,50.0,67.9,65.4,62.4,67.8,5.4,falling
Ezequiel Tovar,COL,overall,444,29.9,20.0,38.6,29.9,35.7,5.9,stable
Munetaka Murakami,CHW,overall,442,31.5,88.7,80.3,71.0,66.1,-5.0,falling
George Springer,TOR,overall,440,41.3,66.7,51.5,54.3,46.3,-8.0,falling
Andrés Giménez,TOR,overall,436,34.1,58.3,30.0,40.9,32.9,-8.0,falling
Travis Bazzana,CLE,overall,432,39.1,64.9,53.6,53.9,47.2,-6.8,falling
Lawrence Butler,ATH,overall,432,36.0,74.6,60.1,59.1,59.6,0.5,stable
Ildemaro Vargas,ARI,overall,432,46.5,62.6,41.4,50.1,49.2,-0.9,falling
Leody Taveras,BAL,overall,428,33.2,60.2,44.2,47.1,40.8,-6.3,falling
Cal Raleigh,SEA,overall,427,30.0,65.7,60.9,54.8,62.8,8.0,stable
Jeff McNeil,ATH,overall,423,46.3,70.3,45.0,54.2,56.4,2.2,falling
Matt McLain,CIN,overall,423,31.9,46.3,54.9,46.1,54.1,8.0,falling
Mookie Betts,LAD,overall,423,47.2,60.2,50.7,53.2,59.5,6.3,falling
Eugenio Suárez,CIN,overall,422,23.3,52.9,48.3,43.7,35.7,-8.0,stable
Kyle Stowers,MIA,overall,420,26.2,76.8,57.8,56.5,49.8,-6.7,falling
Dominic Canzone,SEA,overall,419,36.3,74.8,60.8,59.6,62.3,2.7,falling
Christian Yelich,MIL,overall,416,32.8,55.9,54.7,49.7,50.6,0.9,falling
Royce Lewis,MIN,overall,415,32.7,62.5,50.2,50.1,51.9,1.8,falling
Jacob Young,WSN,overall,414,40.5,67.7,48.7,53.3,54.2,0.9,stable
Brett Baty,NYM,overall,413,29.5,55.8,49.6,46.7,54.7,8.0,falling
Jake Mangum,PIT,overall,411,35.2,64.3,38.3,46.6,38.6,-8.0,falling
Tristan Peters,CHW,overall,411,39.8,80.5,49.3,57.9,49.9,-8.0,rising
Joc Pederson,TEX,overall,406,37.1,61.8,63.6,56.3,50.5,-5.8,falling
Ty France,SDP,overall,405,34.9,83.9,52.3,59.0,51.0,-8.0,stable
Andrew Benintendi,CHW,overall,405,34.2,77.1,50.1,55.6,48.8,-6.8,falling
José Caballero,NYY,overall,402,31.6,51.9,38.2,41.4,33.4,-8.0,falling
Justin Crawford,PHI,overall,400,39.1,47.4,40.4,42.5,36.7,-5.9,stable
Trevor Larnach,MIN,overall,400,43.1,65.8,59.0,57.4,52.5,-5.0,falling
Troy Johnston,COL,overall,398,41.9,28.1,54.7,42.2,37.2,-5.0,falling
A.J. Ewing,NYM,overall,396,31.7,56.9,52.3,48.8,56.4,7.7,falling
Teoscar Hernández,LAD,overall,391,28.4,59.7,49.0,47.6,45.3,-2.2,falling
Heriberto Hernández,MIA,overall,391,31.3,77.4,62.3,59.8,65.2,5.4,falling
Tyler Stephenson,CIN,overall,390,31.8,53.5,59.6,50.5,51.0,0.5,falling
Taylor Walls,TBR,overall,390,34.7,59.6,40.8,45.9,37.9,-8.0,falling
J.T. Realmuto,PHI,overall,388,37.1,50.3,50.7,47.1,55.1,8.0,falling
Vinnie Pasquantino,KCR,overall,388,45.6,67.8,60.6,59.4,62.5,3.2,rising
Evan Carter,TEX,overall,387,36.2,46.1,50.0,45.2,47.4,2.2,falling
Colt Keith,DET,overall,385,38.2,62.7,53.3,52.8,60.0,7.2,stable
Javier Sanoja,MIA,overall,384,48.8,69.2,38.5,51.8,43.8,-8.0,stable
Nathan Church,STL,overall,383,37.2,56.9,38.6,44.6,42.4,-2.2,stable
Spencer Horwitz,PIT,overall,381,47.2,68.6,59.2,59.5,52.7,-6.8,falling
J.P. Crawford,SEA,overall,381,41.6,63.4,62.6,57.6,65.6,8.0,falling
Heliot Ramos,NYY,overall,380,28.2,53.8,48.3,45.2,49.7,4.5,falling
Jeremy Peña,HOU,overall,376,33.2,66.6,48.4,51.0,43.0,-8.0,falling
Bryce Eldridge,SFG,overall,374,34.6,72.0,68.0,61.0,60.1,-0.9,falling
Zach McKinstry,DET,overall,373,44.4,55.2,48.3,49.7,53.3,3.6,falling
Ronald Acuña Jr.,ATL,overall,370,38.7,61.3,70.2,59.2,67.2,8.0,falling
Mickey Moniak,COL,overall,370,27.8,35.0,38.0,34.4,26.4,-8.0,falling
Lane Thomas,ATL,overall,368,36.3,58.5,57.7,52.6,50.8,-1.8,stable
Vaughn Grissom,LAA,overall,367,38.3,68.9,45.7,52.0,53.3,1.4,falling
Juan Soto,NYM,overall,367,54.7,78.9,92.4,78.2,81.4,3.2,falling
Wyatt Langford,TEX,overall,366,38.1,57.9,53.9,51.3,43.3,-8.0,stable
Nathan Lukes,TOR,overall,364,41.4,62.1,40.6,48.3,40.3,-8.0,falling
Coby Mayo,BAL,overall,362,22.3,68.9,48.5,49.1,48.7,-0.5,falling
Henry Bolte,ATH,overall,360,28.1,72.9,45.6,50.8,42.8,-8.0,falling
Nathaniel Lowe,CLE,overall,360,34.2,73.0,56.3,56.6,52.1,-4.5,falling
Carson Kelly,CHC,overall,359,43.8,55.0,54.8,52.1,46.3,-5.9,falling
Nick Loftin,KCR,overall,354,44.6,68.1,51.0,55.4,47.4,-8.0,falling
Dylan Crews,WSN,overall,353,31.6,64.6,47.7,49.6,57.6,8.0,falling
Francisco Alvarez,NYM,overall,352,28.4,62.7,56.6,51.7,52.6,0.9,falling
Paul Goldschmidt,NYY,overall,348,32.8,60.0,48.0,48.4,40.4,-8.0,stable
Francisco Lindor,NYM,overall,347,41.2,65.1,60.2,57.2,61.7,4.5,falling
Gleyber Torres,DET,overall,346,44.7,63.3,63.6,58.8,52.9,-5.9,falling
Joey Ortiz,MIL,overall,344,40.3,54.8,47.9,48.4,40.4,-8.0,falling
Samuel Basallo,BAL,overall,344,29.6,66.9,50.9,51.2,52.1,0.9,falling
Victor Caratini,MIN,overall,344,39.6,57.3,54.2,51.6,59.6,8.0,stable
Adley Rutschman,BOS,overall,343,44.7,49.0,60.7,52.6,60.6,8.0,falling
Mike Yastrzemski,ATL,overall,342,34.5,56.5,53.2,49.7,51.0,1.4,falling
Angel Martínez,CLE,overall,341,30.8,68.1,37.4,46.5,43.8,-2.7,stable
Drew Gilbert,SFG,overall,339,42.1,65.6,57.4,56.4,60.9,4.5,stable
David Hamilton,MIL,overall,335,37.3,50.3,43.8,44.4,36.8,-7.6,falling
Richie Palacios,TBR,overall,334,43.4,64.7,55.0,55.5,55.9,0.5,falling
Oswald Peraza,LAA,overall,333,22.9,64.8,33.1,41.6,36.7,-5.0,stable
Jake Cronenworth,SDP,overall,331,35.4,63.3,46.1,49.4,50.8,1.3,falling
Sal Frelick,MIL,overall,330,49.2,50.7,44.7,47.9,43.9,-4.1,rising
Zack Gelof,ATH,overall,330,31.1,80.3,45.5,54.1,46.1,-8.0,falling
Colton Cowser,BAL,overall,329,30.8,64.1,61.2,54.6,60.9,6.3,falling
Oneil Cruz,PIT,overall,328,23.9,77.9,65.3,59.3,55.3,-4.1,stable
Corey Seager,TEX,overall,327,36.6,54.5,64.8,54.1,62.1,8.0,falling
Carlos Cortes,ATH,overall,323,42.5,75.7,50.5,57.3,50.6,-6.8,falling
Austin Wells,NYY,overall,322,31.9,48.1,49.9,44.8,52.0,7.2,falling
Jared Triolo,PIT,overall,322,37.9,60.1,45.3,48.6,48.6,0.0,stable
Jonah Heim,ATH,overall,319,39.0,74.3,45.2,53.8,55.2,1.4,falling
Andruw Monasterio,BOS,overall,318,38.9,47.6,45.9,44.8,37.6,-7.2,falling
Keibert Ruiz,WSN,overall,310,45.2,71.5,37.5,51.3,43.3,-8.0,stable
José Fermín,STL,overall,308,45.8,57.0,46.9,50.2,48.8,-1.4,falling
Jorbit Vivas,WSN,overall,307,48.7,62.6,52.9,55.2,49.8,-5.4,stable
Owen Caissie,MIA,overall,304,17.4,71.9,46.1,48.0,41.7,-6.3,falling
Jackson Holliday,BAL,overall,300,37.6,60.2,54.9,52.4,53.3,0.9,falling
Connor Norby,COL,overall,299,29.3,25.9,53.2,37.7,30.5,-7.2,stable
Ryan Jeffers,MIN,overall,292,47.4,71.2,69.6,64.6,56.6,-8.0,falling
Jonny DeLuca,TBR,overall,292,33.6,70.8,32.9,46.4,38.4,-8.0,falling
Andrew Vaughn,MIL,overall,291,45.9,62.3,62.0,58.1,50.1,-8.0,falling
Jesús Sánchez,TOR,overall,288,32.3,66.4,49.2,51.0,49.6,-1.4,stable
Dominic Smith,ATL,overall,287,42.0,55.7,45.2,48.1,40.9,-7.2,stable
Patrick Bailey,CLE,overall,286,33.0,58.6,49.8,48.7,56.7,8.0,stable
Jared Young,NYM,overall,286,37.3,65.3,46.4,50.7,42.7,-8.0,falling
Nick Fortes,TBR,overall,284,41.7,63.7,33.3,46.0,40.2,-5.9,stable
Braden Montgomery,CHW,overall,283,39.8,71.4,56.7,57.6,63.9,6.3,falling
Josh Lowe,LAA,overall,283,27.7,66.1,43.1,47.3,50.9,3.6,falling
Brady House,WSN,overall,283,28.6,68.0,53.0,52.1,60.1,8.0,falling
Yainer Diaz,HOU,overall,274,38.3,58.8,38.3,45.5,40.5,-5.0,falling
Dane Myers,CIN,overall,274,36.3,48.7,57.7,49.2,44.7,-4.5,falling
Myles Straw,TOR,overall,273,44.8,57.9,45.3,49.6,54.5,5.0,falling
Cole Carrigg,COL,overall,270,37.2,31.5,56.3,42.8,34.8,-8.0,falling
Dylan Beavers,BAL,overall,270,33.3,63.6,53.7,52.1,45.8,-6.3,falling
Joe Mack,MIA,overall,269,30.1,70.2,42.2,49.0,42.7,-6.3,falling
José Tena,WSN,overall,269,27.5,67.4,50.5,50.7,46.2,-4.5,falling
Moisés Ballesteros,LAA,overall,268,35.6,63.0,47.0,49.7,57.7,8.0,falling
Tim Tawa,ARI,overall,265,33.8,65.9,50.2,51.6,51.1,-0.5,falling
Henry Davis,PIT,overall,264,36.6,59.7,44.9,48.0,56.0,8.0,stable
Logan O'Hoppe,TEX,overall,263,30.8,41.2,35.8,36.4,40.0,3.6,stable
Hao-Yu Lee,DET,overall,261,33.3,62.6,44.5,48.0,40.8,-7.2,stable
Esmerlyn Valdez,PIT,overall,259,24.5,84.6,68.6,63.2,55.2,-8.0,falling
Kyle Isbel,KCR,overall,259,32.4,63.0,34.6,44.0,36.0,-8.0,falling
TJ Friedl,CIN,overall,258,33.8,37.1,34.7,35.3,39.8,4.5,stable
Blaze Alexander,BAL,overall,255,34.2,65.9,56.3,54.1,58.2,4.1,falling
Carlos Narváez,BAL,overall,255,21.2,48.5,37.3,37.2,45.2,8.0,falling
Lars Nootbaar,ARI,overall,254,43.4,65.4,67.9,60.9,68.9,8.0,falling
Ryan Waldschmidt,ARI,overall,249,27.3,63.5,46.2,47.5,40.3,-7.2,stable
Nolan Gorman,STL,overall,248,26.2,54.8,48.0,45.0,49.9,5.0,stable
Michael Conforto,CHC,overall,245,31.4,63.3,58.9,53.5,45.5,-8.0,falling
Christian Vázquez,HOU,overall,245,37.1,52.2,31.5,40.2,32.2,-8.0,stable
Luis Torrens,NYM,overall,244,36.7,61.3,44.0,48.2,43.3,-5.0,stable
Gary Sánchez,MIL,overall,242,45.4,64.1,74.0,63.4,61.6,-1.8,stable
Wade Meckler,LAA,overall,242,38.0,69.0,50.8,54.0,46.0,-8.0,falling
Brandon Valenzuela,TOR,overall,241,32.7,62.9,53.9,51.7,54.9,3.2,stable
Alejandro Kirk,TOR,overall,238,50.5,66.8,55.5,58.2,50.2,-8.0,stable
Freddy Fermin,SDP,overall,237,37.0,63.4,41.3,48.0,55.2,7.2,falling
Tommy Edman,LAD,overall,231,35.3,60.7,47.0,48.9,42.2,-6.8,falling
Griffin Conine,MIA,overall,229,29.4,81.4,70.1,63.9,62.1,-1.8,falling
Taylor Trammell,HOU,overall,227,26.2,55.8,47.0,44.9,46.2,1.4,falling
Denzer Guzman,LAA,overall,227,28.2,63.6,34.2,43.0,41.6,-1.4,falling
Nicky Lopez,TEX,overall,226,37.8,40.9,29.6,35.6,27.6,-8.0,stable
Ryan Kreidler,MIN,overall,226,34.5,59.7,41.2,46.0,44.2,-1.8,stable
Ryan Vilade,TBR,overall,225,35.6,77.0,53.4,57.2,49.2,-8.0,stable
Miguel Amaya,CHC,overall,218,32.4,53.9,47.7,46.0,38.0,-8.0,falling
Luis Robert Jr.,NYM,overall,218,35.4,62.5,57.4,53.7,58.2,4.5,falling
Edmundo Sosa,PHI,overall,217,32.2,51.9,44.6,44.1,52.1,8.0,stable
Amed Rosario,NYY,overall,214,30.9,55.5,46.7,45.8,47.6,1.8,stable
Connor Wong,BOS,overall,210,33.0,46.2,45.0,42.4,34.4,-8.0,stable
Austin Hedges,CLE,overall,209,41.0,64.3,44.1,50.4,42.4,-8.0,stable
Hunter Feduccia,LAD,overall,209,34.3,55.7,55.2,50.1,58.1,8.0,stable
Randal Grichuk,CHW,overall,209,29.7,87.4,44.8,56.0,48.0,-8.0,stable
Jose Fernandez,ARI,overall,207,33.1,59.2,38.2,44.3,39.8,-4.5,stable
Luisangel Acuña,CHW,overall,207,34.4,58.1,30.9,41.3,49.3,8.0,stable
Miguel Rojas,LAD,overall,207,47.2,59.1,47.4,51.5,48.8,-2.7,stable
Brett Sullivan,COL,overall,203,38.8,27.2,38.0,34.4,26.4,-8.0,stable
Tyrone Taylor,CHC,overall,203,38.2,63.9,47.0,50.7,42.7,-8.0,stable
Esteury Ruiz,MIA,overall,200,27.6,75.5,53.1,54.6,46.6,-8.0,falling
Spencer Jones,NYY,overall,198,21.3,56.2,54.8,46.9,49.6,2.7,falling
Justin Foscue,TEX,overall,197,31.8,59.6,51.3,49.3,41.3,-8.0,falling
Drew Romo,CHW,overall,196,34.4,65.2,38.3,46.7,51.7,5.0,falling
Pedro Pagés,STL,overall,196,27.9,51.7,35.0,39.1,43.1,4.1,stable
Donovan Walton,ATH,overall,195,44.6,80.3,57.5,62.2,54.2,-8.0,falling
Jacob Gonzalez,PIT,overall,193,35.4,62.2,40.4,46.8,54.8,8.0,falling
Pedro Ramírez,CHC,overall,191,41.2,58.7,50.1,50.9,42.9,-8.0,falling
Derek Hill,PHI,overall,190,20.5,54.3,40.7,40.4,32.4,-8.0,stable
Leo Jiménez,MIA,overall,190,39.8,58.8,54.3,52.3,60.3,8.0,falling
Agustín Ramírez,MIA,overall,189,38.7,64.6,51.6,52.9,44.9,-8.0,falling
Jose Siri,LAA,overall,188,22.6,71.1,45.9,48.9,50.3,1.4,falling
Elias Díaz,TEX,overall,187,30.1,50.1,31.7,37.7,29.7,-8.0,falling
Cooper Pratt,MIL,overall,183,39.9,52.6,51.9,49.2,44.2,-5.0,falling
Nick Sogard,BOS,overall,180,44.8,50.6,63.2,54.2,46.2,-8.0,falling
Brenton Doyle,CHW,overall,180,23.8,63.0,31.4,40.5,32.5,-8.0,falling
Trevor Story,BOS,overall,179,20.1,38.2,28.6,29.8,27.1,-2.7,stable
Eli White,BOS,overall,177,33.0,44.3,34.8,37.7,29.7,-8.0,stable
David Fry,CLE,overall,172,33.1,64.8,54.2,52.6,44.6,-8.0,stable
Luis Campusano,SDP,overall,172,41.3,80.7,66.9,65.3,57.3,-8.0,falling
Alika Williams,ATH,overall,168,29.0,73.6,25.5,43.2,35.2,-8.0,stable
Andrés Chaparro,WSN,overall,167,40.6,82.5,70.4,67.2,62.7,-4.5,falling
Jorge Mateo,TBR,overall,167,27.1,65.9,47.6,48.9,56.9,8.0,stable
Javier Báez,DET,overall,165,34.2,57.2,30.5,40.8,32.8,-8.0,falling
Tyler Heineman,LAA,overall,165,38.3,51.1,23.3,36.8,44.8,8.0,falling
Danny Jansen,TEX,overall,163,27.7,47.6,36.6,38.2,30.2,-8.0,stable
Alex Call,LAD,overall,163,43.9,55.9,50.3,50.7,42.7,-8.0,stable
Jorge Barrosa,ARI,overall,159,31.2,60.8,35.0,43.1,35.1,-8.0,stable
Petey Halpin,CLE,overall,159,34.1,57.0,36.7,43.2,51.2,8.0,stable
Darell Hernaiz,ATH,overall,152,42.8,64.5,46.2,51.8,45.9,-5.8,stable
Jake Rogers,CHW,overall,152,31.3,68.2,51.0,52.1,52.1,0.0,stable
Matt Shaw,CHC,overall,151,40.8,58.3,48.5,50.0,42.0,-8.0,stable
Tommy White,ATH,overall,151,36.3,65.2,37.5,46.9,54.9,8.0,falling
Jimmy Crooks,STL,overall,149,21.9,56.0,41.6,41.7,49.7,8.0,falling
Edwin Arroyo,CIN,overall,147,30.4,36.2,39.7,36.1,44.1,8.0,stable
Jahmai Jones,BOS,overall,145,28.3,47.0,58.9,47.1,55.1,8.0,stable
Victor Robles,SEA,overall,145,41.5,57.5,40.1,46.5,44.3,-2.2,stable
Gabriel Arias,CHC,overall,144,10.0,50.2,33.9,33.6,28.2,-5.4,stable
Nick Allen,HOU,overall,143,35.7,54.2,31.8,40.6,32.6,-8.0,stable
Luis Lara,MIL,overall,140,39.7,54.4,55.4,51.2,50.3,-0.9,falling
Bryan Torres,STL,overall,140,38.4,61.1,45.9,49.3,41.3,-8.0,falling
Jordan Beck,COL,overall,139,26.9,18.1,35.4,27.2,25.9,-1.4,falling
Max Kepler,ARI,overall,139,35.8,56.7,42.0,45.6,49.7,4.1,falling
Sung-Mun Song,SDP,overall,138,44.9,60.6,48.8,51.9,48.3,-3.6,stable
James McCann,ARI,overall,138,28.8,66.7,36.4,45.1,37.1,-8.0,stable
Roman Anthony,BOS,overall,134,39.3,45.1,72.6,54.7,62.7,8.0,stable
Weston Wilson,SEA,overall,132,26.9,61.7,43.4,45.7,37.7,-8.0,falling
Tyler Tolbert,KCR,overall,132,40.9,71.0,49.5,54.9,46.9,-8.0,stable
Christian Encarnacion-Strand,BAL,overall,131,26.6,72.5,53.5,53.4,56.5,3.2,falling
Christian Koss,SFG,overall,130,24.9,50.3,23.7,33.3,33.3,0.0,falling
Jose Trevino,CIN,overall,126,32.6,44.1,14.8,29.5,21.5,-8.0,stable
Adam Frazier,LAA,overall,124,30.3,67.5,39.6,47.0,39.0,-8.0,stable
Alek Thomas,LAD,overall,120,30.3,51.4,33.4,38.9,46.9,8.0,stable
Drew Cavanaugh,SFG,overall,119,34.5,50.8,61.6,51.0,59.0,8.0,falling
LaMonte Wade Jr.,HOU,overall,118,39.7,57.5,58.3,53.4,45.4,-8.0,falling
Nick Yorke,PIT,overall,112,32.3,55.2,42.3,44.3,52.3,8.0,stable
Max Clark,DET,overall,105,35.3,63.1,47.2,49.8,50.7,0.9,falling
Samad Taylor,SDP,overall,104,31.2,72.6,60.0,57.2,49.2,-8.0,stable
Ha-Seong Kim,ATL,overall,96,31.0,28.7,31.8,30.5,38.5,8.0,stable
Nelson Velázquez,HOU,overall,95,22.7,57.0,52.7,46.7,54.7,8.0,stable
Osleivis Basabe,SFG,overall,94,35.3,56.9,28.4,40.1,45.9,5.9,falling
John Rave,KCR,overall,93,37.8,69.3,53.6,55.1,63.1,8.0,falling
Josh Rojas,KCR,overall,91,38.2,62.3,22.4,40.3,32.3,-8.0,stable
Rafael Flores Jr.,PIT,overall,91,27.2,81.6,62.8,60.5,55.1,-5.4,falling
Abimelec Ortiz,WSN,overall,88,29.9,70.6,45.5,50.4,58.4,8.0,falling
Brett Bateman,TOR,overall,88,35.9,63.7,38.3,46.6,38.6,-8.0,falling
Thomas Saggese,STL,overall,87,24.1,50.2,38.4,39.0,47.0,8.0,stable
George Lombard Jr.,NYY,overall,87,29.1,50.6,46.1,43.4,39.4,-4.1,falling
Ben Malgeri,DET,overall,86,37.3,63.5,61.2,56.0,48.4,-7.7,stable
Ramón Urías,STL,overall,86,41.9,56.9,52.3,51.3,59.3,8.0,stable
Christopher Morel,NYM,overall,86,19.8,41.8,29.3,31.3,39.3,8.0,rising
Jase Bowen,SDP,overall,84,12.9,56.7,28.5,34.5,42.5,8.0,stable
Jhonny Pereda,SEA,overall,82,36.4,61.0,50.2,50.5,58.5,8.0,stable
Angel Genao,CLE,overall,81,47.3,60.0,44.1,50.5,48.2,-2.2,falling
Harry Ford,WSN,overall,80,36.5,70.4,49.7,53.7,45.7,-8.0,falling
Charles McAdoo,TOR,overall,79,30.0,57.0,38.2,42.8,41.0,-1.8,stable
Eduardo Valencia,DET,overall,78,20.3,84.9,34.2,48.5,40.5,-8.0,falling
Jordan Lawlar,ARI,overall,78,25.7,68.2,40.6,46.6,38.6,-8.0,stable
Kaelen Culpepper,MIN,overall,74,31.8,69.7,44.7,50.2,42.2,-8.0,falling
Austin Hays,SDP,overall,74,25.8,62.2,33.9,41.8,49.8,8.0,stable
Ali Sánchez,NYY,overall,71,21.9,44.1,23.9,30.5,26.0,-4.5,stable
Alex Jackson,MIN,overall,69,16.1,61.2,16.4,32.0,24.0,-8.0,stable
Héctor Rodríguez,CIN,overall,68,36.2,56.6,49.0,48.4,40.4,-8.0,falling
Travis d'Arnaud,LAA,overall,66,30.5,57.3,41.7,44.4,52.4,8.0,stable
Cody Freeman,TEX,overall,65,44.2,52.1,37.2,44.1,36.1,-8.0,stable
Dustin Harris,SDP,overall,65,47.7,68.8,55.5,58.2,56.4,-1.8,stable
Jonah Cox,SFG,overall,64,3.9,75.3,35.0,41.3,33.3,-8.0,stable
Grant McCray,SFG,overall,62,32.3,52.7,56.7,49.2,57.2,8.0,stable
Joshua Báez,STL,overall,59,15.2,69.7,40.3,44.3,41.1,-3.2,falling
Sean Murphy,ATL,overall,57,16.1,53.6,20.9,31.1,23.1,-8.0,stable
Christian Moore,LAA,overall,55,22.3,57.5,38.3,41.0,45.5,4.5,stable
Brian Serven,ATH,overall,53,24.4,85.8,32.5,49.1,41.1,-8.0,stable
Garrett Stubbs,PHI,overall,52,32.3,28.9,21.8,26.9,34.9,8.0,stable
Billy Cook,PIT,overall,51,9.9,48.2,2.5,20.3,12.3,-8.0,stable
Shay Whitcomb,SFG,overall,51,7.6,53.5,19.3,28.4,36.4,8.0,falling
Bryan De La Cruz,PHI,overall,51,31.9,63.3,36.5,44.7,36.7,-8.0,stable
Yohel Pozo,BAL,overall,50,40.9,53.9,23.0,38.3,30.3,-8.0,stable
Brian Navarreto,MIA,overall,45,19.0,52.9,17.2,30.1,30.1,0.0,falling
Turner Hill,SFG,overall,39,53.2,67.0,73.5,66.2,69.3,3.2,falling
Zac Veen,COL,overall,34,17.8,33.8,48.7,35.8,27.8,-8.0,falling
Brett Callahan,DET,overall,30,29.3,69.9,51.6,52.4,60.4,8.0,falling
Nate Furman,SFG,overall,20,39.0,37.8,49.5,42.8,50.8,8.0,falling
Walker Jenkins,MIN,overall,10,51.1,56.7,48.1,51.8,51.8,0.0,falling
Fernando Tatis Jr.,SDP,vs_RHP,461,36.3,71.2,58.3,57.3,65.3,8.0,stable
Alex Bregman,CHC,vs_RHP,460,40.2,58.0,46.0,48.7,41.1,-7.7,falling
Sal Stewart,CIN,vs_RHP,450,33.2,56.4,53.1,49.3,51.1,1.8,falling
Nico Hoerner,CHC,vs_RHP,439,47.7,50.2,44.7,47.4,55.4,8.0,falling
Yordan Alvarez,HOU,vs_RHP,438,45.3,82.2,96.4,78.7,76.4,-2.2,falling
Otto Lopez,MIA,vs_RHP,435,41.1,69.9,42.3,51.6,47.6,-4.1,falling
Manny Machado,SDP,vs_RHP,435,35.1,73.9,54.2,56.3,64.3,8.0,falling
Junior Caminero,TBR,vs_RHP,433,36.0,82.7,58.3,61.3,53.3,-8.0,falling
Xavier Edwards,MIA,vs_RHP,432,46.0,66.8,49.3,54.6,46.6,-8.0,falling
Michael Busch,CHC,vs_RHP,429,34.5,56.6,56.6,51.1,50.6,-0.5,falling
Bo Bichette,NYM,vs_RHP,425,34.4,57.5,41.8,45.4,53.4,8.0,stable
Ian Happ,CHC,vs_RHP,424,28.6,63.8,53.3,50.8,42.8,-8.0,falling
Isaac Paredes,HOU,vs_RHP,424,46.4,63.2,52.4,54.7,46.7,-8.0,falling
Zach Neto,LAA,vs_RHP,423,20.5,73.8,42.7,48.0,41.7,-6.3,falling
Christian Walker,HOU,vs_RHP,421,27.5,61.4,37.7,43.4,38.0,-5.4,falling
Iván Herrera,STL,vs_RHP,419,34.9,60.5,47.0,48.7,53.2,4.5,falling
Yandy Díaz,TBR,vs_RHP,419,40.9,74.5,54.2,58.0,52.1,-5.9,falling
Kevin McGonigle,DET,vs_RHP,419,50.1,69.3,64.8,62.7,54.7,-8.0,falling
Gunnar Henderson,BAL,vs_RHP,418,33.7,63.8,47.5,49.7,53.8,4.1,rising
Jordan Walker,STL,vs_RHP,417,25.5,67.6,49.5,49.8,50.3,0.5,falling
Daylen Lile,WSN,vs_RHP,417,36.1,73.7,43.3,52.1,45.8,-6.3,falling
Pete Crow-Armstrong,CHC,vs_RHP,415,31.0,71.7,61.9,57.6,49.6,-8.0,stable
Jonathan Aranda,TBR,vs_RHP,414,34.8,75.9,56.2,57.7,49.7,-8.0,falling
Pete Alonso,BAL,vs_RHP,414,32.9,77.0,69.7,63.1,62.6,-0.5,falling
Miguel Vargas,CHW,vs_RHP,411,40.5,80.8,70.9,66.8,74.8,8.0,stable
Ceddanne Rafaela,BOS,vs_RHP,410,32.1,48.8,27.9,36.2,28.2,-8.0,falling
Randy Arozarena,SEA,vs_RHP,410,33.0,72.6,55.4,55.8,49.5,-6.3,falling
Wilyer Abreu,BOS,vs_RHP,409,33.9,52.1,56.3,49.2,57.2,8.0,stable
Jackson Merrill,SDP,vs_RHP,408,30.1,74.1,47.9,52.7,60.7,8.0,stable
Brice Turang,MIL,vs_RHP,408,33.7,66.6,59.0,55.3,47.3,-8.0,falling
Taylor Ward,SEA,vs_RHP,407,38.4,61.3,62.4,56.0,64.0,8.0,falling
Jarren Duran,BOS,vs_RHP,405,21.9,45.2,35.5,35.5,43.5,8.0,stable
Kazuma Okamoto,TOR,vs_RHP,402,22.1,66.5,45.2,46.9,48.7,1.8,falling
Jakob Marsee,MIA,vs_RHP,401,38.1,65.4,47.9,51.6,52.5,0.9,stable
Carson Benge,NYM,vs_RHP,400,33.8,63.0,48.8,50.0,51.8,1.8,stable
Alec Burleson,STL,vs_RHP,399,40.0,75.3,62.8,61.5,53.5,-8.0,falling
Jo Adell,CLE,vs_RHP,399,25.8,60.1,41.1,44.0,52.0,8.0,stable
Bryson Stott,PHI,vs_RHP,399,38.5,53.0,49.9,48.1,52.2,4.1,stable
Geraldo Perdomo,ARI,vs_RHP,398,48.7,66.2,58.0,58.6,55.4,-3.2,falling
Bryan Reynolds,PIT,vs_RHP,397,34.1,70.7,62.4,58.2,60.0,1.8,falling
Luis Arraez,PHI,vs_RHP,396,53.2,54.4,38.2,47.6,39.6,-8.0,falling
Trea Turner,PHI,vs_RHP,395,26.8,52.5,32.3,38.0,32.1,-5.9,falling
William Contreras,MIL,vs_RHP,394,43.4,56.0,50.0,50.4,56.7,6.3,stable
CJ Abrams,WSN,vs_RHP,393,35.1,81.7,51.6,58.0,50.0,-8.0,falling
Corbin Carroll,ARI,vs_RHP,391,35.0,70.7,58.8,57.0,65.0,8.0,falling
Brandon Nimmo,TEX,vs_RHP,391,32.2,51.9,55.4,48.4,56.4,8.0,falling
Luis García Jr.,NYY,vs_RHP,391,36.2,69.4,47.9,52.5,44.5,-8.0,falling
Chase Meidroth,CHW,vs_RHP,390,30.3,69.5,38.4,47.2,41.8,-5.4,falling
Shohei Ohtani,LAD,vs_RHP,389,37.3,72.6,79.5,66.6,71.1,4.5,falling
Vladimir Guerrero Jr.,TOR,vs_RHP,389,43.3,58.3,47.6,50.3,58.3,8.0,falling
Julio Rodríguez,SEA,vs_RHP,387,31.0,65.7,48.4,50.1,58.1,8.0,falling
Freddie Freeman,LAD,vs_RHP,386,43.1,68.5,63.4,60.1,53.4,-6.8,falling
Seiya Suzuki,CHC,vs_RHP,386,28.0,62.3,54.8,50.7,42.7,-8.0,falling
Brandon Marsh,PHI,vs_RHP,385,32.2,56.3,40.9,44.1,36.1,-8.0,stable
Jake Burger,TEX,vs_RHP,384,26.0,50.8,41.7,41.0,47.3,6.3,falling
Xander Bogaerts,SDP,vs_RHP,382,38.6,68.1,53.1,54.7,62.7,8.0,stable
Liam Hicks,TBR,vs_RHP,382,51.1,78.8,48.9,59.9,51.9,-8.0,stable
Rafael Devers,SFG,vs_RHP,382,32.1,82.3,53.4,58.2,50.2,-8.0,stable
Salvador Perez,KCR,vs_RHP,382,30.7,61.9,33.2,42.6,50.6,8.0,falling
Elly De La Cruz,CIN,vs_RHP,382,28.2,52.9,60.2,49.6,57.6,8.0,falling
Brandon Lowe,PIT,vs_RHP,382,29.3,82.4,49.2,55.8,47.8,-8.0,falling
Willson Contreras,BOS,vs_RHP,381,26.6,58.9,60.3,51.4,46.0,-5.4,falling
Bobby Witt Jr.,KCR,vs_RHP,381,37.5,72.6,64.3,60.5,68.5,8.0,falling
Alec Bohm,PHI,vs_RHP,377,40.6,48.9,44.1,44.9,52.9,8.0,stable
TJ Rumfield,COL,vs_RHP,376,43.3,33.5,51.4,43.1,35.1,-8.0,falling
Mike Trout,LAA,vs_RHP,375,34.0,77.2,74.2,65.2,73.2,8.0,falling
Austin Riley,ATL,vs_RHP,374,19.0,55.2,36.8,38.8,43.3,4.5,falling
Kyle Schwarber,PHI,vs_RHP,374,21.4,66.8,68.3,56.0,52.9,-3.2,falling
Colson Montgomery,CHW,vs_RHP,373,14.9,74.3,41.5,46.3,52.1,5.9,falling
Spencer Torkelson,DET,vs_RHP,372,20.5,64.4,44.8,45.6,46.1,0.5,falling
Steven Kwan,CLE,vs_RHP,372,51.8,64.1,53.4,56.7,48.7,-8.0,falling
Kyle Tucker,LAD,vs_RHP,371,40.5,56.8,54.4,51.8,59.8,8.0,falling
Josh Naylor,SEA,vs_RHP,371,45.3,61.7,45.0,50.9,57.7,6.8,falling
Cole Young,SEA,vs_RHP,370,39.1,68.3,42.0,50.5,46.4,-4.1,falling
Joc Pederson,TEX,vs_RHP,370,35.0,61.3,57.3,53.1,45.9,-7.2,falling
Nolan Arenado,ARI,vs_RHP,369,33.8,67.6,37.0,46.9,38.9,-8.0,falling
Ben Rice,NYY,vs_RHP,369,35.5,70.2,69.9,61.4,53.4,-8.0,falling
Sam Antonacci,CHW,vs_RHP,367,41.6,77.5,51.3,58.1,50.9,-7.2,falling
Max Muncy,LAD,vs_RHP,366,33.7,70.6,61.1,57.6,49.6,-8.0,falling
Ezequiel Duran,TEX,vs_RHP,364,27.4,55.4,35.6,40.5,32.5,-8.0,falling
Ernie Clement,TOR,vs_RHP,364,42.8,60.9,23.0,41.2,33.2,-8.0,falling
Nick Gonzales,PIT,vs_RHP,363,37.1,69.9,43.3,51.0,43.0,-8.0,falling
Carter Jensen,KCR,vs_RHP,363,27.5,72.5,44.6,50.1,42.1,-8.0,stable
Dillon Dingler,DET,vs_RHP,363,32.4,75.1,48.5,53.8,45.8,-8.0,falling
Josh Bell,MIN,vs_RHP,363,33.8,64.6,49.0,50.7,52.9,2.2,stable
Caleb Durbin,BOS,vs_RHP,361,41.1,47.7,37.1,41.8,33.8,-8.0,falling
Bryce Harper,PHI,vs_RHP,361,44.6,73.7,79.0,68.5,60.5,-8.0,stable
Jose Altuve,HOU,vs_RHP,360,33.7,58.2,32.9,42.0,34.0,-8.0,falling
Colt Keith,DET,vs_RHP,360,35.2,64.5,48.7,50.9,53.1,2.2,stable
Andrew Benintendi,CHW,vs_RHP,359,32.8,78.8,44.3,53.5,45.5,-8.0,falling
Kody Clemens,MIN,vs_RHP,359,30.3,68.9,46.6,50.3,52.6,2.2,falling
Jake Bauers,MIL,vs_RHP,358,31.6,66.1,70.4,59.2,56.5,-2.7,falling
Tristan Peters,CHW,vs_RHP,358,36.9,82.2,42.4,55.0,47.0,-8.0,rising
Brooks Lee,MIN,vs_RHP,356,41.4,70.5,30.2,47.1,39.1,-8.0,falling
Cam Smith,HOU,vs_RHP,355,26.9,56.4,43.3,43.8,51.8,8.0,falling
Ozzie Albies,ATL,vs_RHP,354,37.8,56.4,39.0,44.8,36.8,-8.0,falling
Jake McCarthy,COL,vs_RHP,353,36.2,30.2,39.9,35.6,27.6,-8.0,falling
Jung Hoo Lee,SFG,vs_RHP,352,46.0,67.8,40.2,51.3,43.3,-8.0,falling
Chandler Simpson,TBR,vs_RHP,352,48.2,64.0,27.1,45.3,37.3,-8.0,falling
Matt Olson,ATL,vs_RHP,349,31.3,70.7,61.3,57.1,51.2,-5.9,falling
Trevor Larnach,MIN,vs_RHP,348,40.3,66.5,51.9,54.1,46.1,-8.0,falling
Brayan Rocchio,CLE,vs_RHP,348,40.9,64.1,35.9,47.0,39.0,-8.0,falling
Luke Keaschall,MIN,vs_RHP,347,42.2,64.1,44.5,50.8,42.8,-8.0,falling
Daulton Varsho,HOU,vs_RHP,347,34.9,55.7,39.1,43.9,43.4,-0.5,falling
Garrett Mitchell,MIL,vs_RHP,344,22.9,59.6,58.1,49.8,51.6,1.8,falling
Jazz Chisholm Jr.,NYY,vs_RHP,344,28.7,56.0,45.5,45.0,37.0,-8.0,falling
Justin Crawford,PHI,vs_RHP,344,36.6,49.3,33.2,39.7,31.7,-8.0,stable
Cedric Mullins,TBR,vs_RHP,343,35.1,68.4,32.1,45.6,37.6,-8.0,falling
JJ Bleday,CIN,vs_RHP,341,38.5,56.9,63.8,55.1,55.5,0.5,falling
Mauricio Dubón,ATL,vs_RHP,340,41.9,55.6,38.3,45.3,38.5,-6.8,falling
Trent Grisham,NYY,vs_RHP,339,41.8,57.4,58.7,54.0,62.0,8.0,falling
Jac Caglianone,KCR,vs_RHP,339,29.2,78.3,55.7,57.0,50.7,-6.3,stable
Jeff McNeil,ATH,vs_RHP,336,42.3,72.3,37.6,50.9,49.1,-1.8,falling
Marcus Semien,NYM,vs_RHP,335,32.1,55.7,39.8,43.4,51.4,8.0,stable
Brett Baty,NYM,vs_RHP,333,26.8,58.0,41.4,43.5,48.5,5.0,falling
Michael Harris II,ATL,vs_RHP,332,29.7,65.3,42.5,47.3,39.3,-8.0,falling
Chase DeLauter,CLE,vs_RHP,331,45.6,71.0,55.8,58.6,55.0,-3.6,falling
Dominic Canzone,SEA,vs_RHP,330,31.7,73.6,52.3,54.6,61.3,6.7,falling
Hunter Goodman,COL,vs_RHP,328,20.1,38.7,45.4,36.7,28.7,-8.0,falling
Jackson Chourio,MIL,vs_RHP,324,28.9,61.9,48.3,48.2,46.0,-2.2,stable
Kyle Stowers,MIA,vs_RHP,324,21.3,79.5,51.4,53.7,45.7,-8.0,falling
Eugenio Suárez,CIN,vs_RHP,323,19.6,53.3,36.7,38.2,30.2,-8.0,stable
Nathaniel Lowe,CLE,vs_RHP,323,31.5,76.4,51.4,55.2,47.2,-8.0,falling
Evan Carter,TEX,vs_RHP,321,35.0,50.5,42.4,43.4,35.4,-8.0,falling
José Ramírez,CLE,vs_RHP,321,43.3,62.0,58.0,55.8,63.8,8.0,falling
Matt McLain,CIN,vs_RHP,321,24.6,45.4,45.5,40.3,48.3,8.0,falling
Gabriel Moreno,ARI,vs_RHP,319,43.9,71.7,63.5,61.5,57.0,-4.5,falling
Nasim Nuñez,WSN,vs_RHP,318,33.8,53.0,33.0,40.2,48.2,8.0,falling
Lawrence Butler,ATH,vs_RHP,317,32.4,74.5,53.2,55.5,55.5,0.0,stable
Drake Baldwin,ATL,vs_RHP,316,34.4,66.0,62.3,56.6,53.0,-3.6,falling
Andrés Giménez,TOR,vs_RHP,315,30.4,59.4,24.1,38.0,30.0,-8.0,falling
Isaac Collins,KCR,vs_RHP,314,35.8,67.3,50.1,52.5,44.5,-8.0,falling
Willi Castro,COL,vs_RHP,310,28.3,30.5,48.0,37.0,29.0,-8.0,stable
Ezequiel Tovar,COL,vs_RHP,310,28.9,20.7,30.4,26.7,34.3,7.7,stable
Christian Yelich,MIL,vs_RHP,307,29.5,56.4,48.6,46.5,47.0,0.5,falling
Troy Johnston,COL,vs_RHP,307,38.7,30.1,50.7,40.5,32.5,-8.0,falling
George Springer,TOR,vs_RHP,306,37.6,67.0,44.0,50.5,42.5,-8.0,falling
Spencer Horwitz,PIT,vs_RHP,306,44.4,70.9,51.2,56.4,48.4,-8.0,falling
Mike Yastrzemski,ATL,vs_RHP,306,32.3,57.8,46.1,46.8,46.3,-0.5,falling
Nathan Church,STL,vs_RHP,305,33.7,57.8,31.5,41.3,38.6,-2.7,stable
Tyler Stephenson,CIN,vs_RHP,303,24.0,54.9,48.4,44.6,43.2,-1.4,falling
Munetaka Murakami,CHW,vs_RHP,303,26.4,91.2,71.0,66.9,58.9,-8.0,falling
Carlos Cortes,ATH,vs_RHP,303,40.0,75.0,44.6,54.1,50.5,-3.6,falling
Travis Bazzana,CLE,vs_RHP,301,37.3,69.5,45.1,51.7,43.7,-8.0,falling
Royce Lewis,MIN,vs_RHP,300,27.1,60.8,43.8,45.6,53.6,8.0,falling
Nathan Lukes,TOR,vs_RHP,299,41.1,65.0,34.6,46.9,38.9,-8.0,falling
Zach McKinstry,DET,vs_RHP,299,41.3,58.4,39.7,46.6,44.8,-1.8,falling
Cody Bellinger,NYY,vs_RHP,298,43.4,57.3,60.9,55.3,57.1,1.8,falling
Jeremy Peña,HOU,vs_RHP,295,30.7,67.5,42.4,48.3,40.3,-8.0,falling
Jake Mangum,PIT,vs_RHP,295,32.7,65.0,31.8,43.7,35.7,-8.0,falling
J.T. Realmuto,PHI,vs_RHP,294,30.6,50.5,44.0,42.9,50.9,8.0,falling
Drew Gilbert,SFG,vs_RHP,294,42.1,69.8,52.3,55.8,47.8,-8.0,stable
Mickey Moniak,COL,vs_RHP,291,28.5,37.2,32.7,33.2,25.2,-8.0,falling
Leody Taveras,BAL,vs_RHP,290,32.7,65.5,36.2,45.6,37.6,-8.0,falling
A.J. Ewing,NYM,vs_RHP,290,28.2,55.8,45.1,44.6,52.6,8.0,falling
Mookie Betts,LAD,vs_RHP,288,42.5,61.4,44.1,49.8,52.9,3.2,falling
Heliot Ramos,NYY,vs_RHP,287,22.5,50.9,39.5,39.3,47.3,8.0,falling
Richie Palacios,TBR,vs_RHP,287,40.9,66.6,47.4,52.5,47.6,-5.0,falling
Ty France,SDP,vs_RHP,287,32.9,83.5,45.9,55.8,47.8,-8.0,stable
Ildemaro Vargas,ARI,vs_RHP,284,44.3,57.7,37.1,46.1,54.1,8.0,falling
Cal Raleigh,SEA,vs_RHP,279,28.0,68.7,52.7,52.1,53.5,1.4,stable
Vinnie Pasquantino,KCR,vs_RHP,279,45.3,71.6,55.4,58.6,50.6,-8.0,rising
Teoscar Hernández,LAD,vs_RHP,278,21.2,57.1,40.4,41.4,47.7,6.3,falling
Colton Cowser,BAL,vs_RHP,277,29.1,66.4,53.9,52.0,52.5,0.5,falling
Jacob Young,WSN,vs_RHP,276,36.5,64.7,41.3,48.3,56.3,8.0,stable
J.P. Crawford,SEA,vs_RHP,271,34.8,65.6,52.1,52.5,59.7,7.2,falling
Jorbit Vivas,WSN,vs_RHP,270,44.6,63.9,45.1,51.6,44.8,-6.8,stable
David Hamilton,MIL,vs_RHP,268,35.2,51.1,36.7,41.4,33.7,-7.6,falling
José Caballero,NYY,vs_RHP,267,33.4,52.7,31.8,39.5,31.5,-8.0,falling
Owen Caissie,MIA,vs_RHP,264,15.2,72.9,39.9,45.3,39.9,-5.4,falling
Bryce Eldridge,SFG,vs_RHP,261,32.2,70.0,64.0,58.1,61.7,3.6,falling
Jake Cronenworth,SDP,vs_RHP,258,31.4,63.9,40.4,46.4,48.2,1.8,falling
Samuel Basallo,BAL,vs_RHP,257,31.5,72.8,47.2,52.2,44.2,-8.0,falling
Javier Sanoja,MIA,vs_RHP,257,48.3,65.2,31.1,47.4,42.4,-5.0,stable
Jesús Sánchez,TOR,vs_RHP,256,28.9,68.6,44.6,49.1,41.9,-7.2,stable
Taylor Walls,TBR,vs_RHP,255,29.6,62.1,32.9,42.3,34.3,-8.0,falling
Heriberto Hernández,MIA,vs_RHP,254,23.7,72.9,55.6,53.7,61.7,8.0,falling
Francisco Alvarez,NYM,vs_RHP,254,25.7,65.8,47.5,48.4,43.0,-5.4,falling
Dominic Smith,ATL,vs_RHP,251,38.3,57.2,37.4,44.5,36.5,-8.0,stable
Ronald Acuña Jr.,ATL,vs_RHP,251,34.5,60.7,61.7,54.5,62.5,8.0,falling
José Tena,WSN,vs_RHP,250,23.4,66.3,42.0,45.9,45.4,-0.5,falling
Wyatt Langford,TEX,vs_RHP,248,35.2,58.7,46.4,47.9,39.9,-8.0,stable
Sal Frelick,MIL,vs_RHP,246,47.4,52.8,37.6,45.4,37.4,-8.0,rising
Juan Soto,NYM,vs_RHP,246,52.3,81.6,91.1,78.1,73.6,-4.5,falling
Gleyber Torres,DET,vs_RHP,245,38.6,61.9,50.2,51.4,46.9,-4.5,falling
Zack Gelof,ATH,vs_RHP,244,27.8,81.1,39.6,51.2,43.2,-8.0,falling
Dylan Crews,WSN,vs_RHP,243,25.2,59.2,39.1,42.7,50.7,8.0,falling
Francisco Lindor,NYM,vs_RHP,242,33.8,65.0,52.2,52.1,54.4,2.2,falling
Patrick Bailey,CLE,vs_RHP,241,28.3,58.8,39.8,43.6,51.6,8.0,stable
Carson Kelly,CHC,vs_RHP,237,40.7,49.6,45.6,45.8,53.8,8.0,falling
Michael Conforto,CHC,vs_RHP,237,26.3,59.6,51.2,47.9,46.1,-1.8,falling
Jared Young,NYM,vs_RHP,237,36.1,67.5,41.3,49.2,41.2,-8.0,falling
Austin Wells,NYY,vs_RHP,235,29.4,50.7,43.7,42.6,40.8,-1.8,falling
Henry Bolte,ATH,vs_RHP,233,30.7,69.8,41.2,48.6,42.8,-5.9,falling
Josh Lowe,LAA,vs_RHP,232,26.0,70.0,37.1,45.8,41.3,-4.5,falling
Victor Caratini,MIN,vs_RHP,231,41.3,58.2,47.8,49.8,57.8,8.0,stable
Coby Mayo,BAL,vs_RHP,231,15.0,52.2,42.6,39.0,47.0,8.0,falling
Corey Seager,TEX,vs_RHP,228,35.0,54.2,58.5,51.1,59.1,8.0,falling
Adley Rutschman,BOS,vs_RHP,227,39.2,50.7,55.0,49.6,55.0,5.4,falling
Oneil Cruz,PIT,vs_RHP,226,24.9,77.8,63.9,59.0,55.8,-3.2,stable
Angel Martínez,CLE,vs_RHP,225,24.9,66.6,33.6,43.0,45.7,2.7,stable
Moisés Ballesteros,LAA,vs_RHP,225,33.2,65.3,41.6,47.8,55.4,7.6,falling
Dylan Beavers,BAL,vs_RHP,225,28.1,65.6,46.5,48.6,40.6,-8.0,falling
Vaughn Grissom,LAA,vs_RHP,223,31.9,70.1,36.6,47.1,52.1,5.0,falling
TJ Friedl,CIN,vs_RHP,222,30.4,39.7,26.3,32.0,35.2,3.2,stable
Jackson Holliday,BAL,vs_RHP,222,35.6,59.7,46.6,48.4,54.7,6.3,falling
Joey Ortiz,MIL,vs_RHP,220,39.1,55.3,40.4,45.3,37.3,-8.0,falling
Keibert Ruiz,WSN,vs_RHP,220,46.8,70.6,32.2,49.3,41.3,-8.0,stable
Lars Nootbaar,ARI,vs_RHP,212,40.9,67.7,60.9,58.3,61.9,3.6,falling
Joe Mack,MIA,vs_RHP,211,26.8,73.5,35.3,46.6,38.6,-8.0,falling
Oswald Peraza,LAA,vs_RHP,211,18.4,60.0,25.9,36.0,41.4,5.4,stable
Lane Thomas,ATL,vs_RHP,209,29.1,53.9,47.0,44.9,52.9,8.0,stable
Nolan Gorman,STL,vs_RHP,208,20.6,56.0,40.3,40.8,45.3,4.5,stable
Wade Meckler,LAA,vs_RHP,207,35.2,71.4,44.4,51.5,43.5,-8.0,falling
Nick Loftin,KCR,vs_RHP,207,40.0,66.9,42.1,50.2,48.9,-1.4,falling
Connor Norby,COL,vs_RHP,204,21.1,25.9,40.3,30.4,26.4,-4.1,stable
Andruw Monasterio,BOS,vs_RHP,204,34.3,41.4,36.1,37.5,45.5,8.0,falling
Braden Montgomery,CHW,vs_RHP,203,39.4,73.9,49.8,55.6,51.6,-4.1,falling
Yainer Diaz,HOU,vs_RHP,198,38.6,60.6,31.9,43.6,36.9,-6.8,falling
Brady House,WSN,vs_RHP,197,22.6,61.2,46.0,45.4,53.4,8.0,falling
Kyle Isbel,KCR,vs_RHP,196,29.3,67.0,28.6,42.2,34.2,-8.0,falling
Jared Triolo,PIT,vs_RHP,196,30.4,59.1,38.0,43.5,51.5,8.0,stable
Tim Tawa,ARI,vs_RHP,195,31.1,69.3,43.4,49.4,42.2,-7.2,falling
Taylor Trammell,HOU,vs_RHP,194,21.5,58.7,41.1,42.4,36.1,-6.3,falling
Carlos Narváez,BAL,vs_RHP,190,16.2,50.0,28.0,32.8,40.8,8.0,falling
Christian Vázquez,HOU,vs_RHP,189,34.2,52.7,24.3,36.7,28.7,-8.0,stable
Paul Goldschmidt,NYY,vs_RHP,186,21.4,47.4,35.1,36.0,44.0,8.0,stable
Logan O'Hoppe,TEX,vs_RHP,185,26.7,42.2,28.0,32.6,40.6,8.0,stable
Henry Davis,PIT,vs_RHP,184,37.0,65.4,41.6,48.8,43.4,-5.4,stable
Ryan Jeffers,MIN,vs_RHP,183,38.0,69.9,56.4,56.6,54.8,-1.8,falling
Griffin Conine,MIA,vs_RHP,182,26.6,89.0,67.4,64.7,56.7,-8.0,falling
Jonah Heim,ATH,vs_RHP,181,35.2,63.8,37.6,46.2,54.2,8.0,falling
Andrew Vaughn,MIL,vs_RHP,181,38.3,55.1,52.5,49.9,53.5,3.6,falling
Donovan Walton,ATH,vs_RHP,178,41.5,80.7,52.2,59.5,51.5,-8.0,falling
Ryan Waldschmidt,ARI,vs_RHP,177,17.9,61.4,36.9,40.7,44.3,3.6,stable
Hunter Feduccia,LAD,vs_RHP,175,29.2,59.2,50.6,48.2,47.3,-0.9,stable
Brandon Valenzuela,TOR,vs_RHP,175,27.1,64.1,45.1,47.3,46.4,-0.9,stable
Nicky Lopez,TEX,vs_RHP,171,35.1,43.4,23.6,33.4,25.4,-8.0,stable
Jonny DeLuca,TBR,vs_RHP,171,32.1,73.6,26.3,44.3,36.3,-8.0,falling
José Fermín,STL,vs_RHP,170,38.8,50.4,36.1,41.8,49.8,8.0,falling
Luis Torrens,NYM,vs_RHP,169,33.3,58.3,36.4,43.3,46.0,2.7,stable
Freddy Fermin,SDP,vs_RHP,169,33.8,63.8,34.8,44.7,49.6,5.0,falling
Dane Myers,CIN,vs_RHP,165,30.5,42.5,50.5,42.7,50.7,8.0,falling
Blaze Alexander,BAL,vs_RHP,163,32.6,70.5,51.8,53.6,45.6,-8.0,falling
Jacob Gonzalez,PIT,vs_RHP,162,31.9,61.5,33.1,42.7,50.7,8.0,falling
Spencer Jones,NYY,vs_RHP,160,14.6,50.5,48.8,40.8,48.8,8.0,falling
Alejandro Kirk,TOR,vs_RHP,159,50.7,67.5,47.3,55.2,47.2,-8.0,stable
Drew Romo,CHW,vs_RHP,158,28.7,65.4,26.3,40.6,48.3,7.7,falling
Denzer Guzman,LAA,vs_RHP,158,25.6,61.2,23.2,37.1,38.0,0.9,falling
Pedro Ramírez,CHC,vs_RHP,157,36.5,56.2,43.2,46.1,39.3,-6.8,falling
Esmerlyn Valdez,PIT,vs_RHP,157,13.6,73.1,55.9,51.4,50.5,-0.9,falling
Luis Robert Jr.,NYM,vs_RHP,156,30.8,61.1,50.9,49.4,56.6,7.2,falling
Tommy Edman,LAD,vs_RHP,156,35.3,59.3,38.7,45.1,39.7,-5.4,falling
Miguel Amaya,CHC,vs_RHP,152,22.8,53.6,36.6,39.1,31.9,-7.2,falling
Brett Sullivan,COL,vs_RHP,151,33.7,28.2,31.0,30.7,22.7,-8.0,stable
Cole Carrigg,COL,vs_RHP,151,41.5,30.1,57.2,43.8,35.8,-8.0,falling
Connor Wong,BOS,vs_RHP,147,25.1,43.9,38.8,37.1,34.0,-3.2,stable
Jose Fernandez,ARI,vs_RHP,145,30.2,60.6,30.8,41.1,35.7,-5.4,stable
Nick Fortes,TBR,vs_RHP,144,37.7,66.0,25.6,42.8,34.8,-8.0,stable
Hao-Yu Lee,DET,vs_RHP,141,30.2,65.3,40.4,46.5,38.5,-8.0,stable
Nick Sogard,BOS,vs_RHP,141,42.4,44.8,57.5,49.3,49.3,0.0,falling
Luis Campusano,SDP,vs_RHP,137,35.4,81.2,57.5,60.3,52.3,-8.0,falling
Cooper Pratt,MIL,vs_RHP,136,39.1,57.5,45.1,48.0,40.0,-8.0,falling
Gary Sánchez,MIL,vs_RHP,133,39.5,62.2,67.9,58.8,62.9,4.1,stable
Trevor Story,BOS,vs_RHP,131,17.2,39.5,21.2,26.6,25.7,-0.9,stable
Jimmy Crooks,STL,vs_RHP,128,18.6,54.6,35.5,37.9,45.9,8.0,falling
Max Kepler,ARI,vs_RHP,127,33.4,55.5,35.4,41.9,49.9,8.0,falling
Petey Halpin,CLE,vs_RHP,127,33.7,63.8,29.9,42.7,38.2,-4.5,stable
Ryan Kreidler,MIN,vs_RHP,126,23.1,63.8,28.2,39.4,31.4,-8.0,stable
Sung-Mun Song,SDP,vs_RHP,126,40.9,62.5,39.0,47.7,41.9,-5.9,stable
Myles Straw,TOR,vs_RHP,123,48.7,59.9,39.0,48.7,46.9,-1.8,falling
Agustín Ramírez,MIA,vs_RHP,120,31.4,58.1,37.0,43.0,51.0,8.0,falling
Tyler Heineman,LAA,vs_RHP,120,37.3,56.6,17.8,36.2,42.5,6.3,falling
Javier Báez,DET,vs_RHP,118,29.6,54.8,23.4,35.9,35.0,-0.9,falling
Danny Jansen,TEX,vs_RHP,118,26.3,47.3,28.7,34.6,27.8,-6.8,stable
Jake Rogers,CHW,vs_RHP,115,26.3,63.6,40.7,45.1,53.1,8.0,stable
Bryan Torres,STL,vs_RHP,111,33.6,64.7,39.2,46.7,38.7,-8.0,falling
Austin Hedges,CLE,vs_RHP,110,27.6,63.4,32.2,42.0,34.0,-8.0,stable
Luisangel Acuña,CHW,vs_RHP,110,30.2,60.9,26.9,39.6,43.2,3.6,stable
Edwin Arroyo,CIN,vs_RHP,110,28.3,35.7,36.7,34.3,42.3,8.0,stable
Elias Díaz,TEX,vs_RHP,110,23.6,42.6,23.5,30.2,37.4,7.2,falling
Pedro Pagés,STL,vs_RHP,109,26.3,58.2,24.4,36.7,29.5,-7.2,stable
Tyrone Taylor,CHC,vs_RHP,107,39.6,58.5,44.6,48.2,46.4,-1.8,stable
Nick Allen,HOU,vs_RHP,107,31.1,47.5,25.5,34.6,26.9,-7.7,stable
Esteury Ruiz,MIA,vs_RHP,104,22.0,68.9,40.8,45.9,37.9,-8.0,falling
Brenton Doyle,CHW,vs_RHP,104,16.3,59.7,21.1,33.4,33.8,0.5,falling
Drew Cavanaugh,SFG,vs_RHP,104,33.2,53.5,53.4,48.4,56.4,8.0,falling
LaMonte Wade Jr.,HOU,vs_RHP,104,35.6,58.8,48.0,48.7,40.7,-8.0,falling
Adam Frazier,LAA,vs_RHP,103,23.3,68.4,30.7,42.0,34.0,-8.0,stable
Luis Lara,MIL,vs_RHP,102,33.6,56.5,49.7,48.1,40.1,-8.0,falling
Alek Thomas,LAD,vs_RHP,102,28.0,52.2,28.5,36.7,44.7,8.0,stable
Jorge Barrosa,ARI,vs_RHP,102,21.0,56.2,21.9,33.7,30.6,-3.2,stable
Jorge Mateo,TBR,vs_RHP,101,24.3,67.3,42.3,46.6,54.6,8.0,stable
Jose Trevino,CIN,vs_RHP,101,31.3,47.5,7.9,27.6,19.6,-8.0,stable
Alex Call,LAD,vs_RHP,100,40.8,50.5,43.4,45.2,43.0,-2.2,stable
Edmundo Sosa,PHI,vs_RHP,100,27.9,44.8,35.1,36.7,44.7,8.0,stable
Victor Robles,SEA,vs_RHP,97,42.1,56.5,33.1,43.6,46.7,3.1,stable
Leo Jiménez,MIA,vs_RHP,97,38.8,58.4,50.7,50.4,58.4,8.0,falling
Darell Hernaiz,ATH,vs_RHP,96,37.9,63.7,37.0,46.5,45.6,-0.9,stable
Roman Anthony,BOS,vs_RHP,95,34.9,47.9,69.8,53.4,61.4,8.0,stable
Tommy White,ATH,vs_RHP,95,37.2,67.4,31.8,45.6,53.6,8.0,falling
Gabriel Arias,CHC,vs_RHP,94,11.6,62.4,27.7,35.8,27.8,-8.0,stable
Jose Siri,LAA,vs_RHP,93,21.5,71.1,38.2,45.5,37.5,-8.0,falling
Christian Koss,SFG,vs_RHP,91,19.5,51.9,18.6,30.5,25.5,-4.9,falling
Ryan Vilade,TBR,vs_RHP,87,34.5,72.0,48.5,53.2,54.1,0.9,stable
James McCann,ARI,vs_RHP,85,20.0,73.3,26.8,41.4,33.4,-8.0,stable
Christian Encarnacion-Strand,BAL,vs_RHP,81,24.3,59.6,44.5,44.7,52.7,8.0,falling
Abimelec Ortiz,WSN,vs_RHP,81,32.2,73.3,41.4,50.3,53.4,3.2,falling
Matt Shaw,CHC,vs_RHP,80,38.0,50.9,41.5,43.9,51.6,7.7,stable
Alika Williams,ATH,vs_RHP,78,21.7,68.7,16.3,36.0,28.0,-8.0,stable
Samad Taylor,SDP,vs_RHP,78,29.5,70.9,56.9,55.0,47.0,-8.0,stable
Justin Foscue,TEX,vs_RHP,76,23.6,44.2,38.9,36.9,44.9,8.0,falling
Amed Rosario,NYY,vs_RHP,74,23.4,64.4,41.0,44.8,36.8,-8.0,stable
Derek Hill,PHI,vs_RHP,74,18.0,51.3,36.9,37.2,29.2,-8.0,stable
Miguel Rojas,LAD,vs_RHP,73,46.4,44.1,40.3,43.2,51.2,8.0,stable
George Lombard Jr.,NYY,vs_RHP,72,27.6,48.7,36.9,38.7,43.7,5.0,falling
Josh Rojas,KCR,vs_RHP,71,36.7,62.0,13.5,36.3,28.3,-8.0,stable
Jordan Beck,COL,vs_RHP,71,27.2,7.4,26.7,20.1,28.1,8.0,falling
Max Clark,DET,vs_RHP,69,27.6,54.5,37.1,40.8,48.8,8.0,falling
Randal Grichuk,CHW,vs_RHP,69,27.6,68.5,35.1,44.9,52.9,8.0,stable
John Rave,KCR,vs_RHP,68,33.8,65.7,50.1,51.5,59.5,8.0,falling
Eli White,BOS,vs_RHP,67,34.6,38.9,21.5,30.9,33.1,2.3,stable
David Fry,CLE,vs_RHP,59,32.4,65.1,31.6,43.5,35.5,-8.0,stable
Angel Genao,CLE,vs_RHP,59,41.1,60.2,35.9,45.7,42.1,-3.6,falling
Jhonny Pereda,SEA,vs_RHP,59,32.3,56.2,40.4,43.9,51.9,8.0,stable
Ramón Urías,STL,vs_RHP,58,38.2,40.9,44.0,41.5,49.5,8.0,stable
Brett Bateman,TOR,vs_RHP,58,35.5,60.2,33.9,43.5,35.5,-8.0,falling
Thomas Saggese,STL,vs_RHP,58,19.6,45.4,24.7,30.7,38.7,8.0,stable
Tyler Tolbert,KCR,vs_RHP,58,27.8,72.5,32.4,45.3,37.3,-8.0,stable
Héctor Rodríguez,CIN,vs_RHP,57,33.1,56.7,44.6,46.0,38.0,-8.0,falling
Osleivis Basabe,SFG,vs_RHP,55,30.1,68.8,18.8,39.1,31.1,-8.0,falling
Nick Yorke,PIT,vs_RHP,54,34.2,56.0,34.5,42.0,50.0,8.0,stable
Andrés Chaparro,WSN,vs_RHP,53,36.1,92.5,53.5,62.8,54.8,-8.0,falling
Christopher Morel,NYM,vs_RHP,53,21.1,44.7,24.1,30.6,37.8,7.2,rising
Dustin Harris,SDP,vs_RHP,52,43.5,69.1,49.7,54.9,57.2,2.2,stable
Weston Wilson,SEA,vs_RHP,51,25.4,60.0,39.2,43.0,35.8,-7.2,falling
Austin Hays,SDP,vs_RHP,42,19.6,55.2,24.6,34.1,42.1,8.0,stable
Kaelen Culpepper,MIN,vs_RHP,41,34.4,70.2,42.5,50.2,42.2,-8.0,falling
Sean Murphy,ATL,vs_RHP,38,6.8,55.8,11.2,25.7,17.7,-8.0,stable
Shay Whitcomb,SFG,vs_RHP,36,10.9,51.8,13.4,26.2,34.2,8.0,falling
Turner Hill,SFG,vs_RHP,34,43.8,63.7,59.3,56.9,64.9,8.0,falling
Cody Freeman,TEX,vs_RHP,33,41.1,43.2,27.3,36.3,28.3,-8.0,stable
Zac Veen,COL,vs_RHP,31,13.4,37.8,42.9,33.7,25.7,-8.0,falling
Christian Moore,LAA,vs_RHP,30,8.1,59.3,30.6,35.0,43.0,8.0,stable
Brett Callahan,DET,vs_RHP,29,25.8,66.8,48.9,49.4,57.4,8.0,falling
Nate Furman,SFG,vs_RHP,20,34.1,40.5,37.7,37.8,45.8,8.0,falling
Brian Navarreto,MIA,vs_RHP,16,24.6,39.5,21.5,28.6,36.6,8.0,falling
Matt Olson,ATL,vs_LHP,247,35.3,63.4,54.5,52.8,53.2,0.5,falling
Ozzie Albies,ATL,vs_LHP,230,49.6,57.5,28.8,44.1,36.1,-8.0,falling
Bryce Harper,PHI,vs_LHP,225,41.3,47.9,75.6,57.3,65.3,8.0,stable
Kyle Schwarber,PHI,vs_LHP,214,36.8,61.7,65.3,56.9,48.9,-8.0,falling
Bryan Reynolds,PIT,vs_LHP,204,40.7,70.4,57.0,57.6,50.9,-6.8,falling
Rafael Devers,SFG,vs_LHP,200,32.5,55.3,46.2,46.0,54.0,8.0,stable
Pete Crow-Armstrong,CHC,vs_LHP,198,36.0,67.8,61.6,57.4,49.4,-8.0,stable
Trea Turner,PHI,vs_LHP,194,46.9,45.4,41.8,44.3,48.8,4.5,falling
Ben Rice,NYY,vs_LHP,194,32.5,56.9,56.9,50.8,58.8,8.0,falling
Shohei Ohtani,LAD,vs_LHP,193,35.6,67.2,63.9,58.0,66.0,8.0,falling
Iván Herrera,STL,vs_LHP,193,54.1,61.2,64.4,60.7,52.7,-8.0,falling
Michael Harris II,ATL,vs_LHP,192,40.7,58.9,43.8,48.3,51.0,2.7,falling
Gunnar Henderson,BAL,vs_LHP,192,40.3,65.8,43.3,50.4,44.1,-6.3,rising
Corbin Carroll,ARI,vs_LHP,190,43.1,75.4,57.6,60.2,52.2,-8.0,falling
Drake Baldwin,ATL,vs_LHP,189,41.2,55.5,57.1,52.5,60.5,8.0,falling
Freddie Freeman,LAD,vs_LHP,186,43.1,57.0,58.2,54.0,62.0,8.0,falling
Mauricio Dubón,ATL,vs_LHP,184,49.0,53.1,35.4,45.0,47.7,2.7,falling
Brandon Lowe,PIT,vs_LHP,181,21.2,58.6,42.3,42.7,50.7,8.0,falling
Miguel Vargas,CHW,vs_LHP,180,52.7,87.3,77.7,74.8,66.8,-8.0,stable
Pete Alonso,BAL,vs_LHP,180,36.9,64.6,62.5,56.8,64.8,8.0,falling
Alec Burleson,STL,vs_LHP,179,42.4,50.4,54.4,50.0,58.0,8.0,falling
Michael Busch,CHC,vs_LHP,178,41.8,55.1,54.0,51.3,52.2,0.9,falling
Geraldo Perdomo,ARI,vs_LHP,177,53.9,59.9,55.2,56.5,60.6,4.1,falling
Wilyer Abreu,BOS,vs_LHP,176,48.2,55.0,59.1,55.0,47.0,-8.0,stable
Kevin McGonigle,DET,vs_LHP,175,44.2,55.9,57.6,53.7,61.7,8.0,falling
Cole Young,SEA,vs_LHP,175,39.5,56.9,39.5,45.6,53.6,8.0,falling
CJ Abrams,WSN,vs_LHP,172,27.2,66.9,42.9,47.4,55.4,8.0,falling
Ernie Clement,TOR,vs_LHP,171,48.2,57.4,24.7,42.0,34.0,-8.0,falling
Josh Naylor,SEA,vs_LHP,171,42.5,62.4,38.0,47.7,43.2,-4.5,falling
Josh Bell,MIN,vs_LHP,170,41.0,60.9,42.3,48.5,49.4,0.9,stable
Taylor Ward,SEA,vs_LHP,170,49.5,64.4,66.0,61.3,65.4,4.0,falling
Cody Bellinger,NYY,vs_LHP,169,47.4,52.2,53.8,51.6,59.6,8.0,falling
Brooks Lee,MIN,vs_LHP,169,36.3,53.4,30.5,40.0,43.6,3.6,falling
Dillon Dingler,DET,vs_LHP,168,32.0,55.1,48.1,46.5,54.5,8.0,falling
Nick Gonzales,PIT,vs_LHP,167,44.6,58.7,45.0,49.7,57.7,8.0,falling
Colson Montgomery,CHW,vs_LHP,167,32.2,79.5,38.8,51.4,43.4,-8.0,falling
Zach Neto,LAA,vs_LHP,167,36.4,73.9,44.8,52.9,44.9,-8.0,falling
Luis Arraez,PHI,vs_LHP,167,49.7,49.1,32.2,42.5,37.1,-5.4,falling
Chandler Simpson,TBR,vs_LHP,166,46.7,59.0,19.9,40.3,34.4,-5.9,falling
Brice Turang,MIL,vs_LHP,166,36.9,44.5,52.6,45.8,53.8,8.0,falling
Luke Keaschall,MIN,vs_LHP,165,46.2,57.8,47.5,50.8,45.4,-5.4,falling
Jonathan Aranda,TBR,vs_LHP,165,34.9,60.1,55.6,52.0,60.0,8.0,falling
Austin Riley,ATL,vs_LHP,164,31.4,51.9,44.2,43.7,42.4,-1.4,falling
Brandon Nimmo,TEX,vs_LHP,164,39.9,54.7,49.3,48.8,45.2,-3.6,falling
Willi Castro,COL,vs_LHP,163,32.3,23.7,36.4,30.9,31.8,0.9,stable
Yandy Díaz,TBR,vs_LHP,163,49.9,71.9,54.3,59.3,58.4,-0.9,falling
TJ Rumfield,COL,vs_LHP,163,52.7,24.8,54.8,43.8,42.4,-1.4,falling
Paul Goldschmidt,NYY,vs_LHP,162,45.2,68.0,48.4,54.5,46.5,-8.0,stable
Brayan Rocchio,CLE,vs_LHP,161,43.0,57.8,32.3,43.9,51.9,8.0,falling
Junior Caminero,TBR,vs_LHP,160,55.3,78.2,72.5,70.2,62.2,-8.0,falling
Julio Rodríguez,SEA,vs_LHP,159,38.4,64.9,52.7,53.4,61.4,8.0,falling
Lane Thomas,ATL,vs_LHP,159,43.2,60.9,53.0,53.3,45.3,-8.0,stable
Chase Meidroth,CHW,vs_LHP,158,45.6,79.8,44.5,57.1,49.1,-8.0,falling
Steven Kwan,CLE,vs_LHP,158,54.1,56.4,57.2,56.1,64.1,8.0,falling
Kyle Tucker,LAD,vs_LHP,157,46.4,58.1,51.9,52.7,53.2,0.5,falling
Alec Bohm,PHI,vs_LHP,157,45.7,53.3,37.3,45.0,40.1,-5.0,stable
Hunter Goodman,COL,vs_LHP,156,28.1,32.4,53.3,39.7,31.7,-8.0,falling
Jackson Merrill,SDP,vs_LHP,155,29.9,68.3,41.4,47.9,55.9,8.0,stable
Jordan Walker,STL,vs_LHP,155,44.7,70.0,60.2,59.8,51.8,-8.0,falling
Jo Adell,CLE,vs_LHP,155,36.4,78.1,42.1,53.3,45.3,-8.0,stable
Bo Bichette,NYM,vs_LHP,155,45.0,61.0,45.8,50.9,46.9,-4.1,stable
Yordan Alvarez,HOU,vs_LHP,155,45.7,63.1,79.1,65.2,73.2,8.0,falling
Jung Hoo Lee,SFG,vs_LHP,154,45.6,58.5,36.4,46.4,54.4,8.0,falling
Alex Bregman,CHC,vs_LHP,154,52.8,56.6,55.1,55.0,47.0,-8.0,falling
Jazz Chisholm Jr.,NYY,vs_LHP,153,24.8,49.9,35.5,37.9,40.6,2.7,falling
Salvador Perez,KCR,vs_LHP,153,39.2,67.1,33.5,46.7,38.7,-8.0,falling
Jac Caglianone,KCR,vs_LHP,153,25.6,68.0,42.6,47.3,55.3,8.0,stable
Mike Trout,LAA,vs_LHP,152,45.2,72.5,75.6,66.9,74.9,8.0,falling
William Contreras,MIL,vs_LHP,152,48.3,54.2,53.9,52.6,54.0,1.4,stable
Daylen Lile,WSN,vs_LHP,152,36.0,57.4,41.0,45.5,53.5,8.0,falling
Myles Straw,TOR,vs_LHP,150,42.9,55.3,37.3,45.0,53.0,8.0,falling
Chase DeLauter,CLE,vs_LHP,149,42.7,69.5,49.6,54.8,46.8,-8.0,falling
Carter Jensen,KCR,vs_LHP,149,32.5,62.1,40.0,45.9,43.6,-2.2,stable
Nico Hoerner,CHC,vs_LHP,149,49.7,50.4,41.2,46.5,53.7,7.2,falling
Spencer Torkelson,DET,vs_LHP,149,36.9,61.8,51.9,51.6,43.6,-8.0,falling
Ceddanne Rafaela,BOS,vs_LHP,148,34.9,50.8,30.0,38.5,30.5,-8.0,falling
Cal Raleigh,SEA,vs_LHP,148,28.6,58.2,50.3,47.6,55.6,8.0,stable
Ildemaro Vargas,ARI,vs_LHP,148,49.5,68.2,31.9,49.0,41.0,-8.0,falling
Elly De La Cruz,CIN,vs_LHP,147,35.0,63.5,57.3,53.9,45.9,-8.0,falling
Nick Loftin,KCR,vs_LHP,147,48.9,66.3,43.8,52.9,44.9,-8.0,falling
Randy Arozarena,SEA,vs_LHP,146,44.2,70.5,54.0,57.3,49.3,-8.0,falling
Bobby Witt Jr.,KCR,vs_LHP,146,51.0,68.5,65.2,62.8,70.8,8.0,falling
Sal Stewart,CIN,vs_LHP,145,41.8,56.9,60.6,54.6,46.6,-8.0,falling
Vaughn Grissom,LAA,vs_LHP,144,47.1,64.8,44.1,52.1,51.2,-0.9,falling
Otto Lopez,MIA,vs_LHP,144,44.9,70.7,38.2,51.3,43.3,-8.0,falling
Xavier Edwards,MIA,vs_LHP,142,48.1,64.9,47.2,53.6,55.4,1.8,falling
Kazuma Okamoto,TOR,vs_LHP,141,36.3,71.4,47.4,53.0,45.0,-8.0,falling
Seiya Suzuki,CHC,vs_LHP,141,48.5,64.7,60.7,59.0,51.0,-8.0,falling
Carson Benge,NYM,vs_LHP,141,34.8,59.6,48.3,48.9,55.2,6.3,stable
Amed Rosario,NYY,vs_LHP,140,37.1,48.0,40.2,42.2,50.2,8.0,stable
Randal Grichuk,CHW,vs_LHP,140,34.5,88.4,43.5,57.0,49.0,-8.0,stable
Nick Fortes,TBR,vs_LHP,140,47.4,60.6,29.2,44.7,43.8,-0.9,stable
Munetaka Murakami,CHW,vs_LHP,139,33.1,73.9,73.5,63.5,71.5,8.0,falling
Jacob Young,WSN,vs_LHP,138,46.2,70.1,45.3,54.2,46.2,-8.0,stable
Manny Machado,SDP,vs_LHP,138,41.4,69.0,49.5,54.3,62.3,8.0,falling
Jonah Heim,ATH,vs_LHP,138,43.3,82.6,38.6,55.2,47.2,-8.0,falling
Ryan Vilade,TBR,vs_LHP,138,38.0,73.8,46.0,53.7,45.7,-8.0,stable
José Fermín,STL,vs_LHP,138,53.2,62.7,43.3,52.6,44.6,-8.0,falling
Leody Taveras,BAL,vs_LHP,138,31.0,49.6,35.4,39.3,47.3,8.0,falling
Jackson Chourio,MIL,vs_LHP,137,40.7,61.0,56.2,54.0,46.0,-8.0,stable
Isaac Collins,KCR,vs_LHP,137,38.4,59.1,35.8,44.6,52.6,8.0,falling
Heriberto Hernández,MIA,vs_LHP,137,40.9,78.5,57.7,60.8,52.8,-8.0,falling
Willson Contreras,BOS,vs_LHP,136,48.0,58.2,71.7,61.1,53.1,-8.0,falling
Taylor Walls,TBR,vs_LHP,135,39.9,55.9,27.1,40.4,44.9,4.5,falling
Mookie Betts,LAD,vs_LHP,135,53.9,54.5,45.8,50.9,58.9,8.0,falling
José Caballero,NYY,vs_LHP,135,27.5,48.7,30.2,36.0,31.0,-4.9,falling
Ian Happ,CHC,vs_LHP,134,24.5,45.3,40.2,38.1,46.1,8.0,falling
George Springer,TOR,vs_LHP,134,44.9,61.7,44.0,50.4,46.8,-3.6,falling
Miguel Rojas,LAD,vs_LHP,134,49.6,62.2,42.2,51.0,43.0,-8.0,stable
Fernando Tatis Jr.,SDP,vs_LHP,134,45.7,83.8,65.9,67.1,59.1,-8.0,stable
Ezequiel Tovar,COL,vs_LHP,134,29.8,18.8,33.6,27.4,35.4,8.0,stable
Nasim Nuñez,WSN,vs_LHP,133,46.4,57.9,39.3,47.6,39.6,-8.0,falling
Caleb Durbin,BOS,vs_LHP,133,48.7,44.0,34.6,41.4,33.4,-8.0,falling
Trent Grisham,NYY,vs_LHP,133,44.4,50.9,54.8,50.8,58.8,8.0,falling
Jake Burger,TEX,vs_LHP,133,34.7,60.0,44.3,47.4,39.4,-8.0,falling
Jake McCarthy,COL,vs_LHP,132,41.5,32.2,37.0,36.5,28.5,-8.0,falling
Jake Bauers,MIL,vs_LHP,132,44.3,66.0,68.2,61.5,53.5,-8.0,falling
Xander Bogaerts,SDP,vs_LHP,132,52.9,61.7,52.3,55.7,63.7,8.0,stable
Vladimir Guerrero Jr.,TOR,vs_LHP,131,53.1,59.7,58.8,57.7,59.0,1.4,falling
Travis Bazzana,CLE,vs_LHP,131,37.8,52.9,45.5,46.2,54.2,8.0,falling
Nolan Arenado,ARI,vs_LHP,131,43.0,67.3,39.7,50.2,42.2,-8.0,falling
Coby Mayo,BAL,vs_LHP,131,32.6,89.2,42.2,56.2,48.2,-8.0,falling
Ezequiel Duran,TEX,vs_LHP,130,41.3,54.1,48.2,48.5,40.5,-8.0,falling
Gabriel Moreno,ARI,vs_LHP,129,47.7,67.0,60.0,59.4,67.0,7.7,falling
Isaac Paredes,HOU,vs_LHP,129,45.3,56.6,43.9,48.7,44.2,-4.5,falling
Jarren Duran,BOS,vs_LHP,127,37.2,39.5,40.3,39.2,47.2,8.0,stable
Javier Sanoja,MIA,vs_LHP,127,48.6,73.5,32.4,50.8,42.8,-8.0,stable
Henry Bolte,ATH,vs_LHP,127,22.5,74.7,35.1,45.8,37.8,-8.0,falling
José Ramírez,CLE,vs_LHP,126,58.6,74.3,58.0,63.8,55.8,-8.0,falling
Jared Triolo,PIT,vs_LHP,126,47.3,61.6,37.3,48.3,40.3,-8.0,stable
Kody Clemens,MIN,vs_LHP,125,35.4,61.1,43.2,47.5,55.5,8.0,falling
Cam Smith,HOU,vs_LHP,124,39.3,57.8,46.1,48.5,55.7,7.2,falling
Joey Ortiz,MIL,vs_LHP,124,40.2,51.1,39.6,43.8,41.1,-2.7,falling
Jahmai Jones,BOS,vs_LHP,122,35.6,49.5,55.1,48.3,44.2,-4.1,stable
Oswald Peraza,LAA,vs_LHP,122,29.8,70.8,26.8,43.0,35.0,-8.0,stable
Brandon Marsh,PHI,vs_LHP,122,19.9,46.2,33.9,34.7,42.7,8.0,stable
Carson Kelly,CHC,vs_LHP,122,46.0,61.6,50.4,53.2,45.2,-8.0,falling
Marcus Semien,NYM,vs_LHP,121,42.0,56.6,46.0,48.7,49.2,0.5,stable
Jonny DeLuca,TBR,vs_LHP,121,36.7,64.2,26.2,42.1,34.1,-8.0,falling
Juan Soto,NYM,vs_LHP,121,51.3,62.9,75.6,65.1,73.1,8.0,falling
Christian Walker,HOU,vs_LHP,121,46.5,62.6,48.9,53.1,45.1,-8.0,falling
Justin Foscue,TEX,vs_LHP,121,38.7,63.4,48.8,51.4,43.4,-8.0,falling
Andrés Giménez,TOR,vs_LHP,121,41.5,54.6,22.2,38.4,36.6,-1.8,falling
Hao-Yu Lee,DET,vs_LHP,120,37.2,56.5,35.4,43.2,49.1,5.9,stable
Cole Carrigg,COL,vs_LHP,119,31.1,27.8,39.2,33.2,29.1,-4.1,falling
Ronald Acuña Jr.,ATL,vs_LHP,119,41.5,57.8,67.2,57.5,65.5,8.0,falling
Ty France,SDP,vs_LHP,118,36.0,74.6,48.1,54.4,46.4,-8.0,stable
Wyatt Langford,TEX,vs_LHP,118,40.0,51.9,47.5,47.2,40.4,-6.8,stable
Edmundo Sosa,PHI,vs_LHP,117,38.3,54.8,45.2,46.8,43.7,-3.2,stable
Jakob Marsee,MIA,vs_LHP,117,40.4,63.4,52.3,53.2,54.1,0.9,stable
Adley Rutschman,BOS,vs_LHP,116,50.8,42.6,52.0,48.4,56.4,8.0,falling
Derek Hill,PHI,vs_LHP,116,24.8,53.2,31.7,37.5,29.5,-8.0,stable
Jake Mangum,PIT,vs_LHP,116,38.4,61.1,31.2,43.4,35.4,-8.0,falling
Angel Martínez,CLE,vs_LHP,116,41.1,67.1,30.3,45.9,37.9,-8.0,stable
Daulton Varsho,HOU,vs_LHP,115,40.1,52.3,32.5,41.3,41.3,0.0,falling
Bryson Stott,PHI,vs_LHP,115,47.8,54.1,50.7,51.2,43.2,-8.0,stable
Lawrence Butler,ATH,vs_LHP,115,36.9,71.8,48.0,53.5,58.5,5.0,stable
Royce Lewis,MIN,vs_LHP,115,41.2,62.6,42.6,49.3,41.3,-8.0,falling
JJ Bleday,CIN,vs_LHP,114,41.1,46.5,57.7,49.6,57.6,8.0,falling
Andrés Chaparro,WSN,vs_LHP,114,43.9,71.8,68.8,63.6,71.6,8.0,falling
Andruw Monasterio,BOS,vs_LHP,114,45.0,53.9,43.7,47.6,39.6,-8.0,falling
Victor Caratini,MIN,vs_LHP,113,33.3,53.4,45.5,45.2,53.2,8.0,stable
David Fry,CLE,vs_LHP,113,34.5,62.2,48.3,49.7,41.7,-8.0,stable
Teoscar Hernández,LAD,vs_LHP,113,40.3,62.1,46.5,50.4,42.4,-8.0,falling
Bryce Eldridge,SFG,vs_LHP,113,33.3,69.8,54.4,54.5,46.9,-7.7,falling
Jose Altuve,HOU,vs_LHP,111,42.1,56.6,36.7,45.0,37.0,-8.0,falling
Dylan Crews,WSN,vs_LHP,110,42.0,73.6,46.7,55.0,47.0,-8.0,falling
J.P. Crawford,SEA,vs_LHP,110,49.9,57.0,58.7,55.9,63.9,8.0,falling
Andrew Vaughn,MIL,vs_LHP,110,54.4,67.1,59.3,60.8,52.8,-8.0,falling
Eli White,BOS,vs_LHP,110,34.8,45.8,30.1,36.8,28.8,-8.0,stable
Christian Yelich,MIL,vs_LHP,109,34.6,51.3,44.6,44.4,52.4,8.0,falling
Vinnie Pasquantino,KCR,vs_LHP,109,40.4,55.2,47.8,48.5,56.5,8.0,rising
Dane Myers,CIN,vs_LHP,109,41.6,54.4,48.2,48.7,40.7,-8.0,falling
Gary Sánchez,MIL,vs_LHP,109,48.4,60.8,61.5,58.0,50.4,-7.6,stable
Ryan Jeffers,MIN,vs_LHP,109,57.8,67.1,71.0,66.3,58.3,-8.0,falling
Max Muncy,LAD,vs_LHP,107,33.2,64.2,52.7,51.9,52.8,0.9,falling
A.J. Ewing,NYM,vs_LHP,106,34.8,58.3,45.5,47.3,46.9,-0.5,falling
Garrett Mitchell,MIL,vs_LHP,106,35.3,53.7,56.6,50.3,57.5,7.2,falling
Francisco Lindor,NYM,vs_LHP,105,51.8,61.4,56.7,57.1,65.1,8.0,falling
Cedric Mullins,TBR,vs_LHP,104,42.9,58.3,29.5,42.9,42.9,0.0,falling
Liam Hicks,TBR,vs_LHP,103,46.6,55.6,45.1,49.2,57.2,8.0,stable
Oneil Cruz,PIT,vs_LHP,102,16.6,70.8,48.5,48.4,47.0,-1.4,stable
Esmerlyn Valdez,PIT,vs_LHP,102,35.8,90.3,66.5,67.1,59.1,-8.0,falling
Matt McLain,CIN,vs_LHP,102,44.2,48.4,52.0,48.8,42.5,-6.3,falling
Gleyber Torres,DET,vs_LHP,101,51.7,62.3,67.6,61.8,58.6,-3.2,falling
Ryan Kreidler,MIN,vs_LHP,100,47.9,53.8,41.3,47.3,55.3,8.0,stable
Corey Seager,TEX,vs_LHP,99,34.1,50.4,56.0,48.6,56.6,8.0,falling
Eugenio Suárez,CIN,vs_LHP,99,25.3,47.5,49.0,42.5,34.5,-8.0,stable
Austin Hedges,CLE,vs_LHP,99,54.2,62.6,40.0,51.4,43.4,-8.0,stable
Francisco Alvarez,NYM,vs_LHP,98,29.0,52.4,54.2,47.3,55.3,8.0,falling
Luisangel Acuña,CHW,vs_LHP,97,40.3,57.4,21.0,38.6,46.6,8.0,stable
Sam Antonacci,CHW,vs_LHP,96,38.3,62.9,45.1,49.6,57.6,8.0,falling
Kyle Stowers,MIA,vs_LHP,96,31.7,61.1,49.7,49.2,57.2,8.0,falling
Esteury Ruiz,MIA,vs_LHP,96,32.8,76.4,48.7,54.4,46.4,-8.0,falling
Tyrone Taylor,CHC,vs_LHP,96,37.4,63.6,37.2,46.5,38.5,-8.0,stable
Connor Norby,COL,vs_LHP,95,40.6,24.7,54.3,40.5,32.5,-8.0,stable
Jose Siri,LAA,vs_LHP,95,25.4,67.5,41.3,46.5,54.5,8.0,falling
J.T. Realmuto,PHI,vs_LHP,94,49.3,47.7,45.5,47.2,54.0,6.8,falling
Leo Jiménez,MIA,vs_LHP,93,40.5,59.2,43.8,48.4,56.4,8.0,falling
Heliot Ramos,NYY,vs_LHP,93,39.4,58.6,51.1,50.8,42.8,-8.0,falling
Blaze Alexander,BAL,vs_LHP,92,36.1,55.1,52.3,49.2,57.2,8.0,falling
Troy Johnston,COL,vs_LHP,91,44.5,18.2,41.3,34.0,42.0,8.0,falling
Alika Williams,ATH,vs_LHP,90,37.4,74.8,19.3,43.3,35.3,-8.0,stable
Keibert Ruiz,WSN,vs_LHP,90,40.0,67.9,27.6,44.8,36.8,-8.0,stable
Dominic Canzone,SEA,vs_LHP,89,43.7,70.8,66.8,62.4,55.7,-6.8,falling
Jeff McNeil,ATH,vs_LHP,87,54.8,61.4,43.9,52.8,60.8,8.0,falling
Tyler Stephenson,CIN,vs_LHP,87,47.4,43.6,68.2,54.4,62.4,8.0,falling
Austin Wells,NYY,vs_LHP,87,31.3,41.0,34.8,36.1,44.1,8.0,falling
Pedro Pagés,STL,vs_LHP,87,31.0,45.5,31.6,36.3,44.3,8.0,stable
Samuel Basallo,BAL,vs_LHP,87,18.9,47.8,36.9,36.2,44.2,8.0,falling
Brady House,WSN,vs_LHP,86,37.7,78.6,50.3,57.0,49.0,-8.0,falling
Zack Gelof,ATH,vs_LHP,86,35.0,73.3,36.0,48.8,40.8,-8.0,falling
Sal Frelick,MIL,vs_LHP,84,49.2,44.6,34.3,41.6,49.6,8.0,rising
Jeremy Peña,HOU,vs_LHP,81,36.0,56.6,45.6,47.0,47.9,0.9,falling
Weston Wilson,SEA,vs_LHP,81,29.1,61.4,30.1,40.8,32.8,-8.0,falling
Braden Montgomery,CHW,vs_LHP,80,35.1,63.4,48.0,50.2,58.2,8.0,falling
Henry Davis,PIT,vs_LHP,80,31.7,49.3,26.2,35.7,43.7,8.0,stable
Brett Baty,NYM,vs_LHP,80,29.5,47.8,46.4,42.7,50.7,8.0,falling
Mickey Moniak,COL,vs_LHP,79,19.5,19.8,26.3,22.3,30.3,8.0,falling
Alejandro Kirk,TOR,vs_LHP,79,46.4,59.1,48.1,51.5,43.5,-8.0,stable
Nathan Church,STL,vs_LHP,78,43.6,51.9,33.3,42.4,50.4,8.0,stable
Logan O'Hoppe,TEX,vs_LHP,78,36.9,41.6,27.6,34.8,29.0,-5.9,stable
Jackson Holliday,BAL,vs_LHP,78,35.5,58.4,46.6,48.0,46.2,-1.8,falling
Elias Díaz,TEX,vs_LHP,77,39.7,56.1,27.5,40.5,32.5,-8.0,falling
Luis García Jr.,NYY,vs_LHP,76,42.2,48.8,48.4,47.0,55.0,8.0,falling
Brenton Doyle,CHW,vs_LHP,76,33.2,68.0,24.4,41.9,33.9,-8.0,falling
Yainer Diaz,HOU,vs_LHP,76,36.7,51.9,35.5,41.6,46.1,4.5,falling
Tommy Edman,LAD,vs_LHP,75,34.0,60.4,45.6,47.9,39.9,-8.0,falling
Spencer Horwitz,PIT,vs_LHP,75,45.9,56.7,50.6,51.5,59.5,8.0,falling
Luis Torrens,NYM,vs_LHP,75,41.3,65.1,39.7,49.0,41.0,-8.0,stable
Tyler Tolbert,KCR,vs_LHP,74,51.1,65.9,49.2,55.5,47.5,-8.0,stable
Zach McKinstry,DET,vs_LHP,74,46.1,45.1,41.2,43.8,51.8,8.0,falling
Jake Cronenworth,SDP,vs_LHP,73,39.1,63.0,28.7,43.3,42.4,-0.9,falling
Ryan Waldschmidt,ARI,vs_LHP,72,44.4,65.2,45.9,52.3,44.3,-8.0,stable
Matt Shaw,CHC,vs_LHP,71,43.5,61.6,40.7,48.7,40.7,-8.0,stable
Tim Tawa,ARI,vs_LHP,70,35.8,53.9,44.6,45.6,53.6,8.0,falling
Nelson Velázquez,HOU,vs_LHP,69,31.0,59.0,49.0,48.0,56.0,8.0,stable
Denzer Guzman,LAA,vs_LHP,69,32.1,68.4,34.9,45.9,39.6,-6.3,falling
Agustín Ramírez,MIA,vs_LHP,69,47.0,72.9,50.5,57.5,49.5,-8.0,falling
Freddy Fermin,SDP,vs_LHP,68,40.6,62.3,30.4,44.1,52.1,8.0,falling
Jordan Beck,COL,vs_LHP,68,27.9,28.9,27.0,27.8,19.8,-8.0,falling
David Hamilton,MIL,vs_LHP,67,35.7,49.3,30.1,38.2,30.2,-8.0,falling
Miguel Amaya,CHC,vs_LHP,66,47.7,52.7,45.9,48.8,40.8,-8.0,falling
Jorge Mateo,TBR,vs_LHP,66,30.6,62.3,40.6,45.7,53.7,8.0,stable
Evan Carter,TEX,vs_LHP,66,27.0,29.3,34.8,30.9,38.9,8.0,falling
Brandon Valenzuela,TOR,vs_LHP,66,40.2,57.4,49.8,50.1,58.1,8.0,stable
Nathan Lukes,TOR,vs_LHP,65,35.4,48.0,32.0,38.4,46.4,8.0,falling
Carlos Narváez,BAL,vs_LHP,65,29.4,49.2,33.6,38.0,46.0,8.0,falling
Connor Wong,BOS,vs_LHP,63,46.0,48.8,35.4,42.8,34.8,-8.0,stable
Alex Call,LAD,vs_LHP,63,45.2,61.4,37.0,47.6,39.6,-8.0,stable
Kyle Isbel,KCR,vs_LHP,63,36.9,50.9,23.4,36.4,44.4,8.0,falling
Luis Robert Jr.,NYM,vs_LHP,62,40.0,61.7,48.4,50.9,54.1,3.2,falling
Jose Fernandez,ARI,vs_LHP,62,37.4,56.5,33.3,42.5,40.7,-1.8,stable
Joe Mack,MIA,vs_LHP,58,34.3,55.6,36.3,42.6,50.6,8.0,falling
Nick Yorke,PIT,vs_LHP,58,32.5,55.3,36.6,42.1,50.1,8.0,stable
Jorge Barrosa,ARI,vs_LHP,57,45.5,66.6,30.8,47.0,39.0,-8.0,stable
Darell Hernaiz,ATH,vs_LHP,56,47.6,66.8,37.1,50.1,42.1,-8.0,stable
Tommy White,ATH,vs_LHP,56,36.3,63.2,34.2,44.9,51.2,6.3,falling
Justin Crawford,PHI,vs_LHP,56,41.0,38.6,34.8,37.7,45.7,8.0,stable
Ben Malgeri,DET,vs_LHP,56,37.3,49.6,52.2,47.6,55.6,8.0,stable
Christian Vázquez,HOU,vs_LHP,56,40.1,50.6,16.6,34.4,26.4,-8.0,stable
Nicky Lopez,TEX,vs_LHP,55,42.2,36.5,17.6,30.4,37.6,7.2,stable
James McCann,ARI,vs_LHP,53,42.2,54.8,35.4,43.9,44.8,0.9,stable
Tristan Peters,CHW,vs_LHP,53,41.7,60.8,45.3,49.8,57.8,8.0,rising
Trevor Larnach,MIN,vs_LHP,52,40.9,56.6,53.5,51.5,59.5,8.0,falling
Colton Cowser,BAL,vs_LHP,52,20.7,49.7,52.8,43.7,51.7,8.0,falling
Brett Sullivan,COL,vs_LHP,52,48.5,22.2,30.5,32.1,24.1,-8.0,stable
Rafael Flores Jr.,PIT,vs_LHP,51,34.0,74.5,60.4,58.7,53.3,-5.4,falling
Josh Lowe,LAA,vs_LHP,51,24.1,49.7,29.6,35.2,43.2,8.0,falling
Gabriel Arias,CHC,vs_LHP,50,6.7,29.5,25.3,22.1,30.1,8.0,stable
Christian Encarnacion-Strand,BAL,vs_LHP,50,30.3,84.4,57.1,60.0,52.0,-8.0,falling
Trevor Story,BOS,vs_LHP,48,24.3,36.8,20.4,27.1,24.9,-2.2,stable
Richie Palacios,TBR,vs_LHP,47,38.2,53.9,40.8,44.7,52.7,8.0,falling
Cooper Pratt,MIL,vs_LHP,47,35.9,34.9,41.8,37.9,45.9,8.0,falling
Andrew Benintendi,CHW,vs_LHP,46,22.9,57.8,36.7,40.7,48.7,8.0,falling
Drew Gilbert,SFG,vs_LHP,45,24.5,35.7,41.6,35.2,43.2,8.0,stable
Dylan Beavers,BAL,vs_LHP,45,42.1,51.9,43.1,45.9,53.9,8.0,falling
Tyler Heineman,LAA,vs_LHP,45,39.7,45.8,10.6,30.2,38.2,8.0,falling
Moisés Ballesteros,LAA,vs_LHP,43,33.4,54.6,28.6,38.9,46.9,8.0,falling
Lars Nootbaar,ARI,vs_LHP,42,37.9,50.7,57.4,50.2,58.2,8.0,falling
Christian Koss,SFG,vs_LHP,39,34.5,50.8,9.1,30.0,38.0,8.0,falling
Nick Sogard,BOS,vs_LHP,39,40.6,62.4,43.6,49.4,41.4,-8.0,falling
Roman Anthony,BOS,vs_LHP,39,40.6,38.5,52.0,44.4,52.4,8.0,stable
Spencer Jones,NYY,vs_LHP,38,34.6,72.2,45.9,52.3,44.3,-8.0,falling
Drew Romo,CHW,vs_LHP,38,46.4,66.5,40.9,51.3,47.2,-4.1,falling
Edwin Arroyo,CIN,vs_LHP,37,33.3,40.8,28.9,34.2,42.2,8.0,stable
Max Clark,DET,vs_LHP,36,47.3,75.5,48.4,57.6,49.6,-8.0,falling
Mike Yastrzemski,ATL,vs_LHP,36,24.7,44.8,42.7,38.9,46.9,8.0,falling
Luis Campusano,SDP,vs_LHP,35,48.6,71.0,63.7,62.5,59.8,-2.7,falling
Wade Meckler,LAA,vs_LHP,35,36.5,54.8,36.6,42.9,50.9,8.0,falling
Christopher Morel,NYM,vs_LHP,33,17.0,42.7,13.0,24.4,32.4,8.0,rising
Kaelen Culpepper,MIN,vs_LHP,33,29.8,63.3,35.0,43.6,35.6,-8.0,falling
Cody Freeman,TEX,vs_LHP,32,47.0,58.2,27.4,43.1,35.1,-8.0,stable
Austin Hays,SDP,vs_LHP,32,34.7,70.0,31.0,45.6,37.6,-8.0,stable
Brian Navarreto,MIA,vs_LHP,29,19.8,59.0,0.0,25.6,17.6,-8.0,falling
Samad Taylor,SDP,vs_LHP,26,26.7,73.1,39.1,47.9,39.9,-8.0,stable
Christian Moore,LAA,vs_LHP,25,37.1,57.1,26.8,40.0,40.0,0.0,stable
Colt Keith,DET,vs_LHP,25,39.2,37.4,35.3,37.0,45.0,8.0,stable
Carlos Cortes,ATH,vs_LHP,20,35.0,76.4,28.7,46.9,38.9,-8.0,falling
Sean Murphy,ATL,vs_LHP,19,32.5,49.1,15.5,31.5,23.5,-8.0,stable
Donovan Walton,ATH,vs_LHP,17,43.6,64.6,32.9,46.7,54.7,8.0,falling
George Lombard Jr.,NYY,vs_LHP,15,24.6,57.3,47.4,45.1,37.1,-8.0,falling
Drew Cavanaugh,SFG,vs_LHP,15,17.6,42.2,54.3,40.9,48.9,8.0,falling
Shay Whitcomb,SFG,vs_LHP,15,0.0,59.8,8.7,24.4,26.2,1.8,falling
LaMonte Wade Jr.,HOU,vs_LHP,14,37.3,47.9,45.6,44.3,52.3,8.0,falling
Max Kepler,ARI,vs_LHP,12,29.7,67.2,20.5,39.2,31.2,-8.0,falling
Alex Bregman,CHC,home,311,51.0,51.4,51.2,51.2,55.7,4.5,falling
Taylor Ward,SEA,home,307,50.9,56.6,66.5,59.1,67.1,8.0,falling
Brice Turang,MIL,home,307,40.9,59.4,58.7,54.5,46.8,-7.6,falling
Iván Herrera,STL,home,305,45.5,59.9,49.5,52.1,57.5,5.4,falling
Matt Olson,ATL,home,303,41.4,66.4,59.1,57.2,54.1,-3.2,falling
Gunnar Henderson,BAL,home,301,43.1,62.5,47.2,51.5,56.9,5.4,rising
CJ Abrams,WSN,home,299,40.1,69.2,51.3,54.7,56.5,1.8,falling
Trea Turner,PHI,home,299,38.4,54.1,34.3,42.2,34.2,-8.0,falling
Pete Crow-Armstrong,CHC,home,297,42.6,76.0,63.7,62.7,54.7,-8.0,stable
Kevin McGonigle,DET,home,297,53.5,59.3,67.1,61.0,69.0,8.0,falling
Alec Burleson,STL,home,297,45.9,60.3,61.4,57.2,65.2,8.0,falling
Miguel Vargas,CHW,home,297,52.4,85.2,76.5,73.5,74.9,1.3,stable
Nico Hoerner,CHC,home,295,50.7,51.2,45.8,48.9,53.0,4.1,falling
Ozzie Albies,ATL,home,295,48.0,59.9,36.1,47.4,39.4,-8.0,falling
Junior Caminero,TBR,home,294,47.3,84.9,65.8,67.8,59.8,-8.0,falling
Kyle Schwarber,PHI,home,294,36.5,69.7,67.5,60.5,52.5,-8.0,falling
Michael Busch,CHC,home,292,40.9,57.8,54.9,52.4,48.4,-4.1,falling
Yordan Alvarez,HOU,home,292,52.4,83.5,92.7,79.4,71.4,-8.0,falling
Sal Stewart,CIN,home,291,42.1,56.2,60.0,54.2,50.1,-4.1,falling
Otto Lopez,MIA,home,290,45.8,69.5,41.3,52.3,44.3,-8.0,falling
Fernando Tatis Jr.,SDP,home,289,47.5,75.6,62.9,63.5,63.1,-0.5,stable
Bo Bichette,NYM,home,289,40.6,56.0,44.3,47.5,55.5,8.0,stable
Bryce Harper,PHI,home,288,49.3,64.0,79.4,66.5,67.8,1.3,stable
Jordan Walker,STL,home,288,38.4,62.9,52.3,52.5,57.0,4.5,falling
William Contreras,MIL,home,288,49.1,56.4,52.3,52.9,52.0,-0.9,stable
Bryan Reynolds,PIT,home,288,50.8,76.9,68.7,67.1,59.1,-8.0,falling
Pete Alonso,BAL,home,287,41.0,70.0,68.9,62.3,70.3,8.0,falling
Rafael Devers,SFG,home,286,38.9,74.1,49.7,55.5,47.5,-8.0,stable
Zach Neto,LAA,home,286,32.4,66.9,43.7,49.0,55.8,6.8,falling
Jonathan Aranda,TBR,home,285,41.6,73.1,55.7,58.3,52.9,-5.4,falling
Xavier Edwards,MIA,home,284,49.3,66.4,46.2,54.0,49.1,-5.0,falling
Wilyer Abreu,BOS,home,282,44.0,50.4,58.6,52.1,59.3,7.2,stable
Carson Benge,NYM,home,281,41.2,56.8,51.4,50.7,58.7,8.0,stable
Corbin Carroll,ARI,home,280,44.5,78.6,58.4,62.0,54.0,-8.0,falling
Brandon Lowe,PIT,home,280,36.1,73.2,46.9,53.4,45.4,-8.0,falling
Yandy Díaz,TBR,home,280,48.7,83.5,55.5,63.6,55.6,-8.0,falling
Jackson Merrill,SDP,home,280,39.6,71.4,48.6,54.3,62.3,8.0,stable
Manny Machado,SDP,home,279,44.8,69.3,54.7,57.3,65.3,8.0,falling
Daylen Lile,WSN,home,279,43.3,70.8,45.3,53.7,49.7,-4.1,falling
Ernie Clement,TOR,home,277,48.0,60.1,25.8,43.3,35.3,-8.0,falling
Vladimir Guerrero Jr.,TOR,home,276,51.5,54.2,53.7,53.3,61.3,8.0,falling
Ceddanne Rafaela,BOS,home,276,40.1,46.6,29.3,38.0,30.0,-8.0,falling
Geraldo Perdomo,ARI,home,276,54.0,60.7,58.7,58.2,63.6,5.4,falling
Drake Baldwin,ATL,home,275,44.4,63.8,61.1,57.9,55.6,-2.2,falling
Chase Meidroth,CHW,home,274,44.1,74.2,41.0,53.4,45.4,-8.0,falling
Ian Happ,CHC,home,273,40.7,57.1,55.2,52.2,44.2,-8.0,falling
Isaac Paredes,HOU,home,271,49.8,65.4,51.1,55.8,47.8,-8.0,falling
Jo Adell,CLE,home,270,32.6,61.9,42.2,46.7,54.7,8.0,stable
Mike Trout,LAA,home,269,44.1,68.0,73.7,64.3,72.3,8.0,falling
Ben Rice,NYY,home,268,42.8,65.6,72.2,62.5,58.5,-4.1,falling
Austin Riley,ATL,home,268,32.4,57.1,36.0,42.5,34.5,-8.0,falling
Kazuma Okamoto,TOR,home,268,35.3,65.8,47.1,50.7,46.7,-4.1,falling
Freddie Freeman,LAD,home,268,46.8,55.8,58.8,54.8,62.8,8.0,falling
Chandler Simpson,TBR,home,266,48.2,60.7,24.4,43.1,35.1,-8.0,falling
Mauricio Dubón,ATL,home,264,48.5,56.3,39.0,47.4,39.4,-8.0,falling
Steven Kwan,CLE,home,264,59.3,63.0,62.3,61.8,53.8,-8.0,falling
Randy Arozarena,SEA,home,264,45.4,68.4,56.6,57.9,62.0,4.0,falling
Bobby Witt Jr.,KCR,home,263,49.1,76.2,64.2,64.6,62.8,-1.8,falling
Seiya Suzuki,CHC,home,263,46.3,67.0,63.5,60.4,52.4,-8.0,falling
Christian Walker,HOU,home,263,33.7,59.1,40.7,45.4,41.8,-3.6,falling
Dillon Dingler,DET,home,263,37.0,61.2,50.6,50.9,58.9,8.0,falling
Brooks Lee,MIN,home,262,47.1,55.6,32.8,44.4,45.3,0.9,falling
Julio Rodríguez,SEA,home,262,38.0,70.4,51.6,54.8,54.3,-0.4,falling
Luis García Jr.,NYY,home,262,46.4,62.3,51.5,54.0,48.6,-5.4,falling
Cole Young,SEA,home,262,43.3,64.9,43.9,51.1,51.6,0.5,falling
Luis Arraez,PHI,home,261,52.1,55.1,35.9,46.7,38.7,-8.0,falling
Colson Montgomery,CHW,home,261,28.8,71.1,40.1,48.1,54.0,5.9,falling
Jakob Marsee,MIA,home,261,51.0,64.9,53.9,57.0,49.4,-7.7,stable
Josh Bell,MIN,home,261,42.3,60.7,46.0,50.2,55.6,5.4,stable
Brandon Nimmo,TEX,home,260,39.2,48.2,51.3,47.2,55.2,8.0,falling
TJ Rumfield,COL,home,260,49.4,30.7,50.8,43.4,35.4,-8.0,falling
Luke Keaschall,MIN,home,259,45.3,59.1,45.5,50.2,49.3,-0.9,falling
Michael Harris II,ATL,home,259,37.9,61.1,43.2,48.1,48.1,0.0,falling
Brandon Marsh,PHI,home,258,36.7,55.5,40.5,44.8,36.8,-8.0,stable
Josh Naylor,SEA,home,258,49.7,60.4,45.8,51.9,58.6,6.8,falling
Elly De La Cruz,CIN,home,256,38.2,58.3,65.0,55.9,47.9,-8.0,falling
Alec Bohm,PHI,home,256,48.0,54.7,43.1,48.4,43.4,-5.0,stable
Chase DeLauter,CLE,home,256,49.3,65.2,51.9,55.9,55.9,0.0,falling
Willson Contreras,BOS,home,255,40.6,62.4,65.4,58.1,50.1,-8.0,falling
Spencer Torkelson,DET,home,255,31.6,64.3,46.9,49.2,45.6,-3.6,falling
Jake Bauers,MIL,home,254,38.5,62.6,69.3,59.2,64.6,5.4,falling
Xander Bogaerts,SDP,home,253,45.1,61.7,50.0,52.9,60.9,8.0,stable
Shohei Ohtani,LAD,home,252,43.9,73.7,78.6,68.2,67.3,-0.9,falling
Salvador Perez,KCR,home,251,40.9,68.0,35.7,48.3,41.6,-6.8,falling
Brayan Rocchio,CLE,home,250,46.8,65.0,35.7,48.7,40.7,-8.0,falling
George Springer,TOR,home,248,45.3,66.9,47.7,53.8,45.8,-8.0,falling
Nolan Arenado,ARI,home,247,44.6,70.0,37.9,50.8,42.8,-8.0,falling
Bryson Stott,PHI,home,247,48.1,53.2,53.2,51.9,44.7,-7.2,stable
Kyle Tucker,LAD,home,247,46.3,49.2,54.2,50.5,58.5,8.0,falling
Jazz Chisholm Jr.,NYY,home,244,36.5,56.0,45.6,47.0,39.0,-8.0,falling
Jac Caglianone,KCR,home,243,35.0,76.1,52.1,56.2,52.2,-4.1,stable
Jarren Duran,BOS,home,242,33.2,44.4,31.8,36.6,43.8,7.2,stable
Jackson Chourio,MIL,home,241,43.2,64.1,58.7,56.7,48.7,-8.0,stable
Nick Gonzales,PIT,home,239,47.2,61.4,48.0,52.5,51.6,-0.9,falling
Cam Smith,HOU,home,237,39.0,51.4,48.2,47.0,55.0,8.0,falling
Jung Hoo Lee,SFG,home,237,48.7,60.0,41.0,49.6,57.6,8.0,falling
Trent Grisham,NYY,home,234,49.7,63.1,61.0,58.9,50.9,-8.0,falling
Jose Altuve,HOU,home,234,41.1,63.2,38.9,47.9,39.9,-8.0,falling
Caleb Durbin,BOS,home,234,47.9,44.6,36.6,42.2,34.2,-8.0,falling
Jake McCarthy,COL,home,233,43.0,33.7,39.3,38.3,30.3,-8.0,falling
Cody Bellinger,NYY,home,232,50.4,64.1,59.2,58.7,50.7,-8.0,falling
Carter Jensen,KCR,home,232,39.4,70.8,43.2,51.9,43.9,-8.0,stable
Daulton Varsho,HOU,home,232,40.6,52.9,41.1,45.1,46.9,1.8,falling
Andrés Giménez,TOR,home,228,38.5,57.1,23.7,39.1,31.1,-8.0,falling
Sam Antonacci,CHW,home,228,45.0,73.1,50.8,57.2,51.8,-5.4,falling
Marcus Semien,NYM,home,228,40.8,53.2,41.6,45.5,53.5,8.0,stable
Kody Clemens,MIN,home,227,41.5,70.0,50.5,55.1,47.1,-8.0,falling
Garrett Mitchell,MIL,home,225,37.0,60.0,58.8,53.8,47.9,-5.9,falling
Jake Burger,TEX,home,225,33.2,47.3,40.6,41.1,49.1,8.0,falling
Travis Bazzana,CLE,home,223,40.5,60.9,47.6,50.5,53.2,2.7,falling
Lawrence Butler,ATH,home,222,39.2,82.6,51.1,59.1,51.1,-8.0,stable
Munetaka Murakami,CHW,home,221,37.9,84.2,73.6,68.4,72.0,3.6,falling
Liam Hicks,TBR,home,220,52.3,72.3,47.1,57.2,49.2,-8.0,stable
Willi Castro,COL,home,218,38.6,30.9,41.8,37.2,29.2,-8.0,stable
Christian Yelich,MIL,home,218,40.2,57.6,50.9,50.5,42.5,-8.0,falling
Ezequiel Duran,TEX,home,217,41.4,62.4,42.3,49.1,41.1,-8.0,falling
Brett Baty,NYM,home,217,37.7,54.4,46.1,46.9,54.5,7.7,falling
Hunter Goodman,COL,home,217,30.4,33.7,49.1,39.0,31.0,-8.0,falling
José Ramírez,CLE,home,216,55.5,66.1,62.1,61.8,66.3,4.5,falling
Cedric Mullins,TBR,home,216,42.9,68.7,34.4,48.6,40.6,-8.0,falling
A.J. Ewing,NYM,home,215,40.8,59.2,48.5,50.3,51.7,1.4,falling
Cal Raleigh,SEA,home,214,36.6,67.7,51.9,53.6,56.3,2.7,stable
Isaac Collins,KCR,home,214,44.1,66.7,46.5,53.0,45.0,-8.0,falling
Nasim Nuñez,WSN,home,213,45.7,53.6,36.8,44.9,52.9,8.0,falling
JJ Bleday,CIN,home,211,49.3,62.3,69.9,62.1,54.1,-8.0,falling
Gabriel Moreno,ARI,home,211,53.1,65.4,66.5,62.8,70.8,8.0,falling
Max Muncy,LAD,home,211,39.4,67.6,57.7,56.6,54.3,-2.2,falling
Leody Taveras,BAL,home,209,40.9,58.0,37.5,45.5,41.9,-3.6,falling
Matt McLain,CIN,home,207,41.2,47.8,54.7,48.9,52.9,4.1,falling
Joc Pederson,TEX,home,206,43.3,56.9,56.4,53.3,61.3,8.0,falling
Ildemaro Vargas,ARI,home,206,51.5,64.5,38.7,50.9,46.4,-4.5,falling
J.T. Realmuto,PHI,home,205,43.7,48.7,47.3,46.9,51.4,4.5,falling
Eugenio Suárez,CIN,home,205,27.8,49.7,42.4,41.3,33.3,-8.0,stable
Jeff McNeil,ATH,home,204,52.3,70.5,41.9,54.5,52.7,-1.8,falling
Dominic Canzone,SEA,home,203,44.5,70.2,60.2,59.8,66.1,6.3,falling
Jacob Young,WSN,home,202,45.8,66.3,42.5,51.7,49.0,-2.7,stable
Royce Lewis,MIN,home,202,40.5,58.3,48.5,49.9,54.0,4.1,falling
Ezequiel Tovar,COL,home,202,35.4,19.5,31.0,28.1,36.1,8.0,stable
Vinnie Pasquantino,KCR,home,201,51.4,65.8,56.7,58.5,66.5,8.0,rising
Troy Johnston,COL,home,201,45.3,27.0,50.3,40.9,32.9,-8.0,falling
Justin Crawford,PHI,home,200,43.1,50.1,33.8,41.8,33.8,-8.0,stable
Kyle Stowers,MIA,home,198,34.9,74.6,55.2,56.9,50.6,-6.3,falling
Ronald Acuña Jr.,ATL,home,197,40.6,62.0,65.1,57.9,62.4,4.5,falling
Heliot Ramos,NYY,home,196,32.5,52.3,43.3,43.8,46.0,2.2,falling
Zach McKinstry,DET,home,195,49.6,58.9,42.8,50.1,43.8,-6.3,falling
Tristan Peters,CHW,home,195,43.3,83.8,43.5,57.6,49.6,-8.0,rising
Henry Bolte,ATH,home,194,37.8,74.6,38.6,51.0,43.0,-8.0,falling
Taylor Walls,TBR,home,194,40.5,59.4,29.4,42.7,34.7,-8.0,falling
Mickey Moniak,COL,home,194,39.2,43.7,30.5,37.3,29.3,-8.0,falling
Ty France,SDP,home,193,44.1,78.4,51.0,58.9,50.9,-8.0,stable
José Caballero,NYY,home,193,40.9,49.6,32.9,40.8,37.6,-3.1,falling
Jake Mangum,PIT,home,192,45.4,67.1,35.9,49.2,41.2,-8.0,falling
Zack Gelof,ATH,home,192,39.9,85.9,37.7,55.1,47.1,-8.0,falling
Colt Keith,DET,home,192,44.5,61.8,49.7,52.6,60.6,8.0,stable
Mookie Betts,LAD,home,191,49.1,58.7,45.6,51.1,59.1,8.0,falling
Bryce Eldridge,SFG,home,191,43.4,72.3,68.4,63.5,60.4,-3.2,falling
Javier Sanoja,MIA,home,191,50.9,64.8,33.3,48.7,40.7,-8.0,stable
Trevor Larnach,MIN,home,188,50.3,60.4,58.5,57.1,59.4,2.2,falling
Nathan Church,STL,home,187,41.5,52.5,29.4,40.5,48.5,8.0,stable
Heriberto Hernández,MIA,home,186,40.0,76.7,57.1,59.7,61.0,1.4,falling
Dylan Crews,WSN,home,184,37.0,65.8,41.9,49.0,54.4,5.4,falling
Teoscar Hernández,LAD,home,184,36.5,55.7,42.7,45.7,51.5,5.9,falling
Tyler Stephenson,CIN,home,183,39.7,42.8,57.4,47.9,55.9,8.0,falling
Andrew Benintendi,CHW,home,182,41.6,71.6,43.5,52.9,58.7,5.9,falling
Vaughn Grissom,LAA,home,181,40.6,62.7,37.0,46.9,54.9,8.0,falling
J.P. Crawford,SEA,home,181,52.1,69.1,65.6,63.5,55.5,-8.0,falling
Evan Carter,TEX,home,180,39.5,46.8,40.4,42.4,40.6,-1.8,falling
Joey Ortiz,MIL,home,178,42.4,57.7,40.2,46.9,38.9,-8.0,falling
Nathaniel Lowe,CLE,home,178,40.3,78.8,53.4,59.0,51.0,-8.0,falling
Francisco Lindor,NYM,home,177,47.2,66.6,57.6,58.2,54.1,-4.0,falling
Samuel Basallo,BAL,home,177,38.3,69.5,43.6,51.4,43.4,-8.0,falling
Juan Soto,NYM,home,177,59.1,80.9,89.3,78.8,70.8,-8.0,falling
Spencer Horwitz,PIT,home,177,53.7,71.4,55.3,60.5,52.5,-8.0,falling
Francisco Alvarez,NYM,home,176,36.2,61.6,52.8,51.7,56.2,4.5,falling
Nathan Lukes,TOR,home,175,43.7,57.3,35.8,45.3,43.9,-1.4,falling
Adley Rutschman,BOS,home,175,53.7,52.2,59.2,55.4,48.6,-6.7,falling
Carson Kelly,CHC,home,173,47.1,55.2,50.9,51.5,43.5,-8.0,falling
David Hamilton,MIL,home,172,39.0,46.2,30.7,38.2,46.2,8.0,falling
Mike Yastrzemski,ATL,home,171,39.9,60.2,43.7,48.5,40.5,-8.0,falling
Drew Gilbert,SFG,home,171,52.7,65.7,57.8,59.3,57.9,-1.4,stable
Victor Caratini,MIN,home,171,45.0,60.9,44.6,50.4,47.7,-2.7,stable
José Fermín,STL,home,169,48.6,53.8,42.4,47.9,52.9,5.0,falling
Jonah Heim,ATH,home,166,46.4,79.6,42.9,56.6,48.6,-8.0,falling
Carlos Cortes,ATH,home,166,41.6,71.0,43.1,52.5,58.8,6.3,falling
Richie Palacios,TBR,home,165,50.0,64.2,50.9,55.4,54.9,-0.5,falling
Lane Thomas,ATL,home,165,43.1,62.0,50.8,52.8,44.8,-8.0,stable
Oswald Peraza,LAA,home,164,32.4,57.4,23.0,37.4,45.4,8.0,stable
Angel Martínez,CLE,home,164,33.0,71.3,33.0,46.4,38.4,-8.0,stable
Austin Wells,NYY,home,160,40.0,50.7,48.5,47.1,39.1,-8.0,falling
Jorbit Vivas,WSN,home,160,51.6,63.4,52.3,56.0,48.0,-8.0,stable
Sal Frelick,MIL,home,160,51.6,53.4,42.9,48.7,40.7,-8.0,rising
Paul Goldschmidt,NYY,home,159,36.1,55.2,41.4,44.9,47.6,2.7,stable
Wyatt Langford,TEX,home,158,43.3,58.3,47.8,50.3,42.3,-8.0,stable
Keibert Ruiz,WSN,home,157,46.1,74.5,29.0,49.2,41.2,-8.0,stable
Coby Mayo,BAL,home,156,28.5,68.0,43.6,48.4,48.8,0.5,falling
Jake Cronenworth,SDP,home,156,36.9,58.5,35.9,44.1,52.1,8.0,falling
Gleyber Torres,DET,home,156,40.9,64.1,47.9,51.8,43.8,-8.0,falling
Jesús Sánchez,TOR,home,156,35.3,73.2,44.5,52.2,44.2,-8.0,stable
Nick Loftin,KCR,home,156,48.7,64.8,47.8,54.0,48.6,-5.4,falling
Jonny DeLuca,TBR,home,156,35.9,61.1,25.2,40.4,48.4,8.0,falling
Jeremy Peña,HOU,home,155,38.6,72.6,43.8,52.6,44.6,-8.0,falling
Owen Caissie,MIA,home,155,30.6,74.0,40.4,49.7,41.7,-8.0,falling
Colton Cowser,BAL,home,154,39.5,61.1,57.2,54.2,62.2,8.0,falling
Oneil Cruz,PIT,home,153,33.1,72.5,58.3,57.0,57.0,0.0,stable
Jackson Holliday,BAL,home,152,44.6,56.7,51.4,51.5,59.5,8.0,falling
Ryan Jeffers,MIN,home,151,50.9,68.0,61.7,61.2,53.2,-8.0,falling
Jared Young,NYM,home,150,41.0,64.0,39.5,48.4,40.4,-8.0,falling
Patrick Bailey,CLE,home,149,39.2,59.1,38.8,46.0,54.0,8.0,stable
Andrew Vaughn,MIL,home,147,47.9,59.6,60.1,56.9,48.9,-8.0,falling
Nick Fortes,TBR,home,147,46.3,59.2,27.0,43.1,48.0,4.9,stable
Braden Montgomery,CHW,home,146,41.8,75.6,52.5,57.9,50.3,-7.7,falling
Josh Lowe,LAA,home,145,33.4,63.1,33.1,43.7,51.7,8.0,falling
José Tena,WSN,home,145,37.6,72.6,42.7,51.9,43.9,-8.0,falling
Dominic Smith,ATL,home,144,42.4,58.1,39.7,46.8,38.8,-8.0,stable
Jared Triolo,PIT,home,142,38.5,51.5,33.0,40.9,48.9,8.0,stable
Henry Davis,PIT,home,141,45.2,63.2,38.9,49.0,49.4,0.5,stable
Lars Nootbaar,ARI,home,141,53.9,62.9,71.2,64.0,72.0,8.0,falling
Connor Norby,COL,home,140,33.8,24.6,45.6,35.3,27.3,-8.0,stable
Corey Seager,TEX,home,138,36.2,45.2,48.0,44.1,52.1,8.0,falling
Moisés Ballesteros,LAA,home,135,44.2,63.2,47.8,52.3,58.6,6.3,falling
Joe Mack,MIA,home,134,39.0,60.5,38.4,46.3,54.3,8.0,falling
Blaze Alexander,BAL,home,134,38.3,66.0,53.6,54.1,46.9,-7.2,falling
Andruw Monasterio,BOS,home,133,46.8,42.1,45.3,44.6,46.8,2.2,falling
Myles Straw,TOR,home,133,48.1,54.4,38.8,46.6,54.6,8.0,falling
Hao-Yu Lee,DET,home,133,36.9,53.2,39.4,43.6,51.6,8.0,stable
TJ Friedl,CIN,home,132,34.7,35.7,26.3,31.7,39.7,8.0,stable
Brady House,WSN,home,132,38.8,69.7,48.5,53.5,50.3,-3.2,falling
Nolan Gorman,STL,home,131,30.6,57.2,35.3,41.8,48.1,6.3,stable
Dylan Beavers,BAL,home,130,36.5,67.1,46.5,51.2,43.2,-8.0,falling
Kyle Isbel,KCR,home,129,37.8,67.1,28.0,44.2,36.2,-8.0,falling
Ryan Waldschmidt,ARI,home,127,29.9,68.2,40.2,47.4,39.4,-8.0,stable
Brandon Valenzuela,TOR,home,126,42.9,68.4,52.7,55.8,47.8,-8.0,stable
Logan O'Hoppe,TEX,home,126,33.9,38.5,27.0,32.8,40.8,8.0,stable
Denzer Guzman,LAA,home,126,34.6,55.6,26.5,38.7,46.7,8.0,falling
Tim Tawa,ARI,home,126,42.3,67.1,44.7,52.0,44.0,-8.0,falling
Yainer Diaz,HOU,home,124,35.8,49.1,31.1,38.6,46.6,8.0,falling
Dane Myers,CIN,home,124,44.2,47.5,50.4,47.8,41.1,-6.8,falling
Taylor Trammell,HOU,home,124,27.9,46.4,34.6,37.1,45.1,8.0,falling
Christian Vázquez,HOU,home,123,39.9,52.4,25.6,38.5,30.5,-8.0,stable
Luis Torrens,NYM,home,123,38.5,50.6,36.7,42.0,50.0,8.0,stable
Cole Carrigg,COL,home,123,44.1,31.1,51.5,42.5,34.5,-8.0,falling
Alejandro Kirk,TOR,home,122,54.8,66.6,53.0,58.2,50.2,-8.0,stable
Luis Robert Jr.,NYM,home,119,40.1,57.9,53.7,51.8,59.8,8.0,falling
Ryan Vilade,TBR,home,118,40.1,82.3,48.2,58.1,50.1,-8.0,stable
Esmerlyn Valdez,PIT,home,118,31.8,85.9,60.0,62.0,54.0,-8.0,falling
Wade Meckler,LAA,home,117,43.7,73.2,48.9,56.1,48.1,-8.0,falling
Freddy Fermin,SDP,home,116,45.1,70.1,37.9,51.0,43.0,-8.0,falling
Luisangel Acuña,CHW,home,114,38.9,56.9,24.0,39.3,47.3,8.0,stable
Miguel Amaya,CHC,home,112,34.6,50.6,44.3,44.1,37.8,-6.3,falling
Griffin Conine,MIA,home,111,36.0,86.7,62.6,64.4,56.4,-8.0,falling
Gary Sánchez,MIL,home,110,52.6,71.3,70.2,66.2,58.2,-8.0,stable
Jose Siri,LAA,home,109,29.3,62.8,40.7,45.6,53.6,8.0,falling
Carlos Narváez,BAL,home,109,28.6,51.4,26.5,35.7,43.7,8.0,falling
Nicky Lopez,TEX,home,109,42.3,44.5,21.3,34.7,26.7,-8.0,stable
Austin Hedges,CLE,home,108,39.7,57.5,34.9,44.0,48.5,4.5,stable
Edmundo Sosa,PHI,home,108,39.0,45.5,40.2,41.8,49.8,8.0,stable
Michael Conforto,CHC,home,106,33.6,58.1,55.9,51.1,54.7,3.6,falling
Randal Grichuk,CHW,home,105,36.9,86.0,42.1,56.1,48.1,-8.0,stable
Ryan Kreidler,MIN,home,104,45.1,70.2,38.6,51.3,43.3,-8.0,stable
Spencer Jones,NYY,home,104,34.9,54.0,52.1,48.5,53.4,5.0,falling
Tommy Edman,LAD,home,103,44.2,52.6,47.7,48.6,56.6,8.0,falling
Agustín Ramírez,MIA,home,102,42.3,64.0,46.5,51.6,43.6,-8.0,falling
Donovan Walton,ATH,home,101,45.8,68.1,51.1,55.7,63.7,8.0,falling
Elias Díaz,TEX,home,100,35.2,45.3,26.1,35.1,41.0,5.9,falling
Amed Rosario,NYY,home,100,43.9,53.0,47.8,48.7,53.6,5.0,stable
Alika Williams,ATH,home,100,33.4,84.3,19.2,45.6,37.6,-8.0,stable
Drew Romo,CHW,home,100,34.3,71.3,25.4,43.7,35.7,-8.0,falling
Pedro Ramírez,CHC,home,99,49.2,52.3,47.5,49.6,45.5,-4.1,falling
Hunter Feduccia,LAD,home,98,35.7,59.7,45.0,47.8,51.0,3.2,stable
Brett Sullivan,COL,home,98,42.9,20.4,28.3,29.2,33.2,4.1,stable
Esteury Ruiz,MIA,home,98,33.8,73.9,52.2,55.2,47.2,-8.0,falling
Pedro Pagés,STL,home,97,37.3,53.4,31.3,40.5,44.1,3.6,stable
Tyrone Taylor,CHC,home,96,42.7,69.0,39.7,50.7,42.7,-8.0,stable
Jose Fernandez,ARI,home,96,39.9,62.0,35.9,46.0,38.0,-8.0,stable
Miguel Rojas,LAD,home,95,49.1,61.1,44.4,51.4,43.4,-8.0,stable
Cooper Pratt,MIL,home,92,35.6,45.7,35.4,39.0,47.0,8.0,falling
Brenton Doyle,CHW,home,91,26.7,65.3,17.2,36.4,28.4,-8.0,falling
Luis Campusano,SDP,home,91,41.1,75.6,53.0,57.9,49.9,-8.0,falling
Connor Wong,BOS,home,89,32.0,39.4,39.2,37.4,44.6,7.2,stable
Tyler Heineman,LAA,home,89,41.0,50.1,16.8,34.5,42.5,8.0,falling
Derek Hill,PHI,home,86,36.3,48.1,40.1,42.0,42.4,0.5,stable
Trevor Story,BOS,home,85,27.9,33.8,22.0,27.6,35.6,8.0,stable
Justin Foscue,TEX,home,84,36.0,60.9,49.6,50.1,42.1,-8.0,falling
Nick Allen,HOU,home,84,39.2,48.3,23.5,36.1,30.3,-5.9,stable
David Fry,CLE,home,84,46.3,64.1,52.1,54.8,46.8,-8.0,stable
Darell Hernaiz,ATH,home,83,48.5,72.1,34.5,51.2,43.2,-8.0,stable
Leo Jiménez,MIA,home,83,49.5,57.2,51.1,52.8,60.8,8.0,falling
Nick Sogard,BOS,home,82,53.7,63.2,59.8,59.5,51.5,-8.0,falling
Eli White,BOS,home,81,33.2,38.0,29.9,33.6,41.6,8.0,stable
Jorge Barrosa,ARI,home,80,40.6,60.0,30.8,43.5,35.5,-8.0,stable
Christian Koss,SFG,home,80,27.5,50.7,13.7,30.1,33.3,3.2,falling
Weston Wilson,SEA,home,80,29.6,52.5,31.6,38.5,46.5,8.0,falling
Jimmy Crooks,STL,home,80,31.9,52.7,36.2,40.9,48.9,8.0,falling
Tommy White,ATH,home,77,39.1,65.0,33.0,45.7,53.7,8.0,falling
Drew Cavanaugh,SFG,home,77,48.0,53.6,62.9,55.9,63.9,8.0,falling
Jacob Gonzalez,PIT,home,76,42.4,56.4,36.4,44.9,52.9,8.0,falling
Bryan Torres,STL,home,75,38.7,58.4,37.5,45.1,38.8,-6.3,falling
Petey Halpin,CLE,home,75,36.4,60.1,24.5,39.9,47.9,8.0,stable
Javier Báez,DET,home,75,38.7,57.0,26.4,40.2,33.0,-7.2,falling
Alex Call,LAD,home,74,42.0,49.9,40.9,44.3,46.1,1.8,stable
Jorge Mateo,TBR,home,72,30.7,57.2,43.1,45.0,53.0,8.0,stable
Jake Rogers,CHW,home,72,48.9,82.7,53.0,62.4,54.4,-8.0,stable
James McCann,ARI,home,71,40.4,59.3,35.7,45.1,45.6,0.5,stable
Victor Robles,SEA,home,70,40.2,52.4,30.4,40.5,48.5,8.0,stable
Matt Shaw,CHC,home,69,41.3,53.8,37.1,44.0,36.0,-8.0,stable
Jahmai Jones,BOS,home,68,38.5,56.3,53.3,50.6,42.6,-8.0,stable
Danny Jansen,TEX,home,68,32.1,37.7,24.9,31.2,39.2,8.0,stable
Luis Lara,MIL,home,68,41.1,57.6,44.6,48.3,40.3,-8.0,falling
Sung-Mun Song,SDP,home,68,48.8,54.0,45.5,49.3,57.3,8.0,stable
LaMonte Wade Jr.,HOU,home,68,44.9,54.2,48.5,49.6,41.6,-8.0,falling
Andrés Chaparro,WSN,home,67,43.5,75.4,62.9,62.5,63.4,0.9,falling
Edwin Arroyo,CIN,home,66,31.5,32.8,28.9,30.9,38.9,8.0,stable
George Lombard Jr.,NYY,home,65,33.8,49.8,39.1,41.5,42.4,0.9,falling
Adam Frazier,LAA,home,64,33.5,62.2,28.8,41.7,33.7,-8.0,stable
Roman Anthony,BOS,home,62,52.6,44.6,71.6,57.4,65.4,8.0,stable
Max Kepler,ARI,home,62,42.8,54.9,38.3,45.2,53.2,8.0,falling
Gabriel Arias,CHC,home,61,26.8,55.8,33.6,39.7,31.7,-8.0,stable
Jose Trevino,CIN,home,60,36.7,39.7,9.2,26.8,18.8,-8.0,stable
Christopher Morel,NYM,home,59,30.4,45.1,20.4,31.5,32.9,1.4,rising
Nick Yorke,PIT,home,56,37.1,62.9,31.5,43.9,40.7,-3.2,stable
Alek Thomas,LAD,home,56,37.1,62.4,25.0,41.1,33.1,-8.0,stable
Ha-Seong Kim,ATL,home,53,34.5,31.9,15.3,25.9,33.9,8.0,stable
Jordan Beck,COL,home,52,27.4,17.7,18.1,20.3,28.3,8.0,falling
Ramón Urías,STL,home,52,46.0,56.2,46.8,49.9,57.9,8.0,stable
Tyler Tolbert,KCR,home,51,49.3,62.2,40.8,50.5,54.1,3.6,stable
Brett Bateman,TOR,home,50,40.4,60.4,30.8,43.5,35.5,-8.0,falling
Samad Taylor,SDP,home,49,36.5,65.5,62.6,57.1,49.1,-8.0,stable
Abimelec Ortiz,WSN,home,44,36.8,81.8,41.2,54.3,46.3,-8.0,falling
Kaelen Culpepper,MIN,home,43,32.3,51.6,38.4,41.5,49.5,8.0,falling
Austin Hays,SDP,home,40,39.6,66.4,34.3,46.9,38.9,-8.0,stable
Max Clark,DET,home,40,41.8,60.0,34.3,45.2,53.2,8.0,falling
Shay Whitcomb,SFG,home,38,15.8,50.9,8.7,25.2,33.2,8.0,falling
Christian Moore,LAA,home,34,47.5,64.2,40.4,50.5,42.5,-8.0,stable
Turner Hill,SFG,home,32,58.2,58.0,67.7,61.9,69.9,8.0,falling
Sean Murphy,ATL,home,28,30.7,79.9,19.8,43.6,35.6,-8.0,stable
Cody Freeman,TEX,home,22,40.7,46.2,28.3,37.7,29.7,-8.0,stable
Brian Navarreto,MIA,home,16,14.2,39.5,11.5,22.0,30.0,8.0,falling
Nate Furman,SFG,home,13,32.4,38.5,26.0,32.0,40.0,8.0,falling
Brett Callahan,DET,home,12,38.2,59.8,43.0,47.7,55.7,8.0,falling
Walker Jenkins,MIN,home,10,52.7,56.1,40.9,49.2,49.2,0.0,falling
Zac Veen,COL,home,10,0.0,14.3,26.2,15.5,23.5,8.0,falling
Shohei Ohtani,LAD,away,330,41.7,68.1,74.5,64.0,72.0,8.0,falling
Pete Crow-Armstrong,CHC,away,316,35.8,64.2,63.4,56.8,55.5,-1.4,stable
Michael Busch,CHC,away,315,44.6,53.7,60.4,54.1,58.2,4.1,falling
Bryan Reynolds,PIT,away,313,34.5,64.6,56.7,53.9,61.9,8.0,falling
Gunnar Henderson,BAL,away,309,39.3,66.2,47.8,52.1,48.1,-4.1,rising
Pete Alonso,BAL,away,307,39.8,74.8,69.3,63.8,63.8,0.0,falling
Iván Herrera,STL,away,307,45.9,60.8,59.0,56.4,52.3,-4.1,falling
Fernando Tatis Jr.,SDP,away,306,39.8,72.2,59.9,59.2,67.2,8.0,stable
Zach Neto,LAA,away,304,33.7,79.5,45.6,54.5,46.5,-8.0,falling
Sal Stewart,CIN,away,304,40.3,55.8,52.8,50.7,49.4,-1.4,falling
Freddie Freeman,LAD,away,304,47.1,70.8,67.3,63.5,55.5,-8.0,falling
Wilyer Abreu,BOS,away,303,43.2,54.9,58.9,53.6,49.5,-4.1,stable
Alex Bregman,CHC,away,303,44.4,62.6,48.5,52.4,44.4,-8.0,falling
Yandy Díaz,TBR,away,302,45.6,63.8,55.4,55.9,63.9,8.0,falling
Luis Arraez,PHI,away,302,53.2,49.6,38.1,45.9,46.8,0.9,falling
Corbin Carroll,ARI,away,301,41.9,66.3,61.8,58.4,66.4,8.0,falling
Yordan Alvarez,HOU,away,301,48.8,68.3,95.6,74.3,82.3,8.0,falling
Geraldo Perdomo,ARI,away,299,53.3,66.1,59.8,60.4,53.2,-7.2,falling
Junior Caminero,TBR,away,299,45.5,76.9,62.1,63.2,61.8,-1.4,falling
Bryce Harper,PHI,away,298,47.2,61.2,81.0,65.6,72.4,6.8,stable
Kevin McGonigle,DET,away,297,50.3,69.2,62.1,61.7,53.7,-8.0,falling
Rafael Devers,SFG,away,296,37.8,69.7,55.2,55.9,51.0,-5.0,stable
Brandon Nimmo,TEX,away,295,40.6,56.3,57.9,53.0,53.0,0.0,falling
Ben Rice,NYY,away,295,38.4,64.2,62.6,57.1,58.9,1.8,falling
Manny Machado,SDP,away,294,40.8,75.1,54.7,58.4,63.8,5.4,falling
Miguel Vargas,CHW,away,294,45.7,80.3,73.7,69.0,77.0,8.0,stable
Jonathan Aranda,TBR,away,294,39.9,67.5,59.4,57.4,65.4,8.0,falling
Kyle Schwarber,PHI,away,294,34.5,59.7,71.3,58.1,62.6,4.5,falling
Matt Olson,ATL,away,293,35.5,68.8,60.8,57.3,53.7,-3.6,falling
Nico Hoerner,CHC,away,293,50.1,48.4,43.7,46.9,54.9,8.0,falling
Randy Arozarena,SEA,away,292,38.6,74.2,56.5,58.2,50.2,-8.0,falling
Jake Burger,TEX,away,292,36.7,57.5,45.9,47.7,39.7,-8.0,falling
Bo Bichette,NYM,away,291,43.3,60.3,43.3,49.2,47.4,-1.8,stable
Nick Gonzales,PIT,away,291,40.2,68.8,42.2,51.0,43.0,-8.0,falling
Daylen Lile,WSN,away,290,38.3,66.2,41.9,49.5,57.5,8.0,falling
Trea Turner,PHI,away,290,39.2,45.4,38.7,41.2,49.2,8.0,falling
Xavier Edwards,MIA,away,290,51.2,65.2,54.7,57.5,49.9,-7.7,falling
Jarren Duran,BOS,away,290,32.9,42.3,42.6,40.1,48.1,8.0,stable
Ozzie Albies,ATL,away,289,43.2,53.8,36.0,44.0,39.5,-4.5,falling
Otto Lopez,MIA,away,289,44.8,69.6,42.8,52.7,48.2,-4.5,falling
Ian Happ,CHC,away,285,31.2,59.2,48.7,48.0,40.0,-8.0,falling
Salvador Perez,KCR,away,284,35.1,59.2,32.2,42.4,50.4,8.0,falling
Jordan Walker,STL,away,284,36.0,72.7,54.8,56.4,48.4,-8.0,falling
Julio Rodríguez,SEA,away,284,39.5,60.5,50.1,51.1,59.1,8.0,falling
Jo Adell,CLE,away,284,37.0,68.8,42.0,50.1,54.2,4.1,stable
Josh Naylor,SEA,away,284,45.0,62.7,42.1,50.0,50.0,0.0,falling
Cole Young,SEA,away,283,42.7,63.2,40.5,49.0,54.9,5.9,falling
Jackson Merrill,SDP,away,283,32.8,72.6,45.5,51.8,59.8,8.0,stable
Brandon Lowe,PIT,away,283,31.4,74.0,49.8,53.7,45.7,-8.0,falling
Ceddanne Rafaela,BOS,away,282,35.3,51.3,28.7,38.2,30.2,-8.0,falling
Isaac Paredes,HOU,away,282,50.0,56.6,52.8,53.4,53.9,0.5,falling
Kyle Tucker,LAD,away,281,47.7,63.7,56.7,56.9,48.9,-8.0,falling
Alec Burleson,STL,away,281,43.6,72.2,61.4,60.7,53.1,-7.7,falling
Carter Jensen,KCR,away,280,33.8,67.2,46.4,50.5,46.0,-4.5,stable
Colson Montgomery,CHW,away,279,29.2,80.5,43.6,52.9,44.9,-8.0,falling
Christian Walker,HOU,away,279,42.9,63.1,42.2,49.7,41.7,-8.0,falling
TJ Rumfield,COL,away,279,50.2,29.2,57.4,45.8,37.8,-8.0,falling
Alec Bohm,PHI,away,278,43.2,45.9,43.1,44.1,52.1,8.0,stable
Ezequiel Duran,TEX,away,277,34.0,48.4,38.4,40.8,40.8,0.0,falling
Kazuma Okamoto,TOR,away,275,32.2,69.2,47.1,51.1,44.8,-6.3,falling
Chase Meidroth,CHW,away,274,37.1,70.5,42.1,50.8,42.8,-8.0,falling
Elly De La Cruz,CIN,away,273,36.4,53.2,57.1,50.6,58.6,8.0,falling
Josh Bell,MIN,away,272,40.0,65.3,50.0,52.8,51.5,-1.4,stable
Austin Riley,ATL,away,270,29.1,50.5,44.5,42.7,50.7,8.0,falling
Taylor Ward,SEA,away,270,44.1,67.7,65.3,60.8,59.9,-0.9,falling
Jung Hoo Lee,SFG,away,269,47.0,68.0,38.6,51.0,43.0,-8.0,falling
Dillon Dingler,DET,away,268,37.8,74.0,47.9,54.5,46.5,-8.0,falling
Brice Turang,MIL,away,267,41.7,58.3,59.3,54.5,58.1,3.6,falling
Bryson Stott,PHI,away,267,43.1,52.0,50.0,49.0,56.2,7.2,stable
Hunter Goodman,COL,away,267,30.6,38.0,49.4,40.7,32.7,-8.0,falling
Steven Kwan,CLE,away,266,50.9,59.3,50.7,53.8,59.2,5.4,falling
Spencer Torkelson,DET,away,266,35.6,62.4,50.1,50.8,46.3,-4.5,falling
CJ Abrams,WSN,away,266,36.6,84.2,49.0,58.2,50.2,-8.0,falling
Liam Hicks,TBR,away,265,53.3,72.6,51.7,59.4,51.4,-8.0,stable
Michael Harris II,ATL,away,265,38.0,64.1,43.9,49.5,41.5,-8.0,falling
Bobby Witt Jr.,KCR,away,264,43.0,65.7,68.1,61.0,69.0,8.0,falling
Seiya Suzuki,CHC,away,264,34.8,57.9,52.7,50.1,48.3,-1.8,falling
Brooks Lee,MIN,away,263,39.3,72.8,29.5,47.1,39.1,-8.0,falling
Willson Contreras,BOS,away,262,38.1,53.6,64.6,54.1,62.1,8.0,falling
Max Muncy,LAD,away,262,41.5,68.7,63.7,59.9,51.9,-8.0,falling
Xander Bogaerts,SDP,away,261,49.8,70.1,59.3,60.7,60.7,0.0,stable
Carson Benge,NYM,away,260,37.7,66.4,47.9,51.8,46.9,-4.9,stable
Caleb Durbin,BOS,away,260,45.7,47.6,38.4,43.5,35.5,-8.0,falling
Mauricio Dubón,ATL,away,260,45.4,52.5,37.3,44.7,50.5,5.9,falling
Brayan Rocchio,CLE,away,259,42.9,58.6,35.6,45.5,53.5,8.0,falling
Mike Trout,LAA,away,258,44.8,82.8,80.7,72.5,66.6,-5.9,falling
William Contreras,MIL,away,258,47.4,53.3,52.6,51.6,59.6,8.0,stable
Ernie Clement,TOR,away,258,44.7,58.6,22.2,40.6,32.6,-8.0,falling
Jakob Marsee,MIA,away,257,38.2,63.7,47.7,50.9,58.9,8.0,stable
Kody Clemens,MIN,away,257,33.7,63.0,43.1,47.7,55.7,8.0,falling
Willi Castro,COL,away,255,33.8,24.6,48.4,36.4,41.8,5.4,stable
Jazz Chisholm Jr.,NYY,away,253,33.3,51.5,42.3,43.3,42.9,-0.5,falling
Nolan Arenado,ARI,away,253,38.7,64.5,40.1,48.3,40.7,-7.7,falling
Luke Keaschall,MIN,away,253,49.1,63.8,48.5,54.0,46.0,-8.0,falling
Jake McCarthy,COL,away,252,40.5,27.0,40.4,35.7,33.0,-2.7,falling
Chandler Simpson,TBR,away,252,50.3,63.0,26.5,45.2,37.2,-8.0,falling
Brandon Marsh,PHI,away,249,34.2,50.5,39.8,42.1,45.3,3.2,stable
Jac Caglianone,KCR,away,249,33.5,72.6,52.8,54.9,60.3,5.4,stable
JJ Bleday,CIN,away,244,41.6,46.3,59.4,50.3,58.3,8.0,falling
Vladimir Guerrero Jr.,TOR,away,244,46.8,62.6,49.8,53.5,59.4,5.9,falling
Ezequiel Tovar,COL,away,242,34.8,20.2,33.4,29.1,33.6,4.5,stable
Cam Smith,HOU,away,242,34.5,61.5,42.0,47.0,46.1,-0.9,falling
Nasim Nuñez,WSN,away,238,40.2,55.3,36.0,43.8,46.5,2.7,falling
Trent Grisham,NYY,away,238,45.1,47.3,58.0,51.0,59.0,8.0,falling
Isaac Collins,KCR,away,237,40.9,62.1,48.2,51.2,58.9,7.7,falling
Gabriel Moreno,ARI,away,237,45.1,73.4,62.1,61.8,53.8,-8.0,falling
Jose Altuve,HOU,away,237,41.4,51.6,31.1,40.8,42.2,1.4,falling
Jake Bauers,MIL,away,236,46.9,68.5,75.1,65.7,57.7,-8.0,falling
Cody Bellinger,NYY,away,235,46.9,46.3,61.0,52.4,60.4,8.0,falling
Sam Antonacci,CHW,away,235,45.5,73.5,51.6,57.7,62.2,4.5,falling
Mookie Betts,LAD,away,232,48.5,58.9,45.9,51.1,57.9,6.8,falling
José Ramírez,CLE,away,231,47.7,64.9,57.8,57.7,65.7,8.0,falling
Cedric Mullins,TBR,away,231,41.8,62.4,31.2,44.8,38.0,-6.8,falling
Drake Baldwin,ATL,away,230,39.0,58.7,62.6,55.3,63.3,8.0,falling
Daulton Varsho,HOU,away,230,42.6,55.9,36.0,44.6,41.9,-2.7,falling
Marcus Semien,NYM,away,228,39.7,58.2,43.6,47.7,53.6,5.9,stable
Ildemaro Vargas,ARI,away,226,44.9,59.2,33.7,45.4,50.4,5.0,falling
Garrett Mitchell,MIL,away,225,32.2,55.0,60.1,51.4,59.4,8.0,falling
Chase DeLauter,CLE,away,224,47.1,75.2,59.6,61.9,53.9,-8.0,falling
Andrew Benintendi,CHW,away,223,36.2,77.9,45.4,54.5,46.5,-8.0,falling
Kyle Stowers,MIA,away,222,30.4,73.8,50.0,53.4,50.3,-3.2,falling
Munetaka Murakami,CHW,away,221,37.1,85.8,75.2,69.4,61.4,-8.0,falling
Jeremy Peña,HOU,away,221,36.9,58.3,44.2,47.3,51.8,4.5,falling
Jackson Chourio,MIL,away,220,33.2,58.0,44.3,46.3,50.8,4.5,stable
Leody Taveras,BAL,away,219,35.1,61.1,37.1,45.0,37.0,-8.0,falling
Jake Mangum,PIT,away,219,33.5,59.8,29.4,41.0,40.1,-0.9,falling
Jeff McNeil,ATH,away,219,43.8,67.9,37.9,49.9,57.9,8.0,falling
Eugenio Suárez,CIN,away,217,32.8,52.7,40.0,42.7,34.7,-8.0,stable
Matt McLain,CIN,away,216,33.2,44.2,42.9,40.9,48.9,8.0,falling
Dominic Canzone,SEA,away,216,36.6,74.0,53.3,56.4,58.6,2.2,falling
Tristan Peters,CHW,away,216,42.8,73.2,44.2,54.0,46.0,-8.0,rising
Cal Raleigh,SEA,away,213,35.3,61.8,56.0,52.9,60.9,8.0,stable
Royce Lewis,MIN,away,213,34.7,63.6,40.9,47.3,50.0,2.7,falling
Jacob Young,WSN,away,212,41.4,66.5,44.9,51.5,56.9,5.4,stable
Ty France,SDP,away,212,34.6,81.8,44.5,55.1,47.1,-8.0,stable
Trevor Larnach,MIN,away,212,41.8,67.3,49.2,53.7,45.7,-8.0,falling
Lawrence Butler,ATH,away,210,42.0,63.6,56.4,55.3,63.3,8.0,stable
Travis Bazzana,CLE,away,209,45.5,66.3,46.0,53.0,45.0,-8.0,falling
José Caballero,NYY,away,209,32.2,52.2,31.4,38.9,30.9,-8.0,falling
Wyatt Langford,TEX,away,208,40.7,54.4,48.5,48.6,40.6,-8.0,stable
Andrés Giménez,TOR,away,208,37.8,58.1,24.4,39.5,37.3,-2.2,falling
Teoscar Hernández,LAD,away,207,31.9,60.7,44.1,46.9,40.1,-6.8,falling
Evan Carter,TEX,away,207,41.5,45.5,44.7,44.2,50.0,5.8,falling
Tyler Stephenson,CIN,away,207,34.6,59.1,51.7,50.0,42.0,-8.0,falling
Coby Mayo,BAL,away,206,29.7,66.7,43.4,48.1,47.7,-0.5,falling
Luis García Jr.,NYY,away,205,36.3,67.1,45.1,50.6,42.6,-8.0,falling
Heriberto Hernández,MIA,away,205,33.5,73.8,58.6,57.6,65.6,8.0,falling
Spencer Horwitz,PIT,away,204,45.4,63.3,50.7,53.8,61.8,8.0,falling
Lane Thomas,ATL,away,203,38.6,53.4,51.9,49.1,56.8,7.7,stable
J.P. Crawford,SEA,away,200,38.5,57.1,47.1,48.4,56.4,8.0,falling
Justin Crawford,PHI,away,200,41.7,43.8,35.0,39.7,47.7,8.0,stable
Joc Pederson,TEX,away,200,39.3,61.0,60.3,55.3,47.3,-8.0,falling
Christian Yelich,MIL,away,198,35.2,50.9,46.8,45.3,53.3,8.0,falling
Nick Loftin,KCR,away,198,45.7,68.0,41.6,51.9,43.9,-8.0,falling
Troy Johnston,COL,away,197,44.3,25.8,49.1,39.7,41.5,1.8,falling
Brett Baty,NYM,away,196,32.2,56.1,40.9,44.1,52.1,8.0,falling
Taylor Walls,TBR,away,196,38.2,59.8,35.4,44.6,36.6,-8.0,falling
Nathan Church,STL,away,196,40.1,59.5,35.9,45.2,37.2,-8.0,stable
Javier Sanoja,MIA,away,193,48.9,71.0,31.5,49.7,41.7,-8.0,stable
Colt Keith,DET,away,193,39.0,61.1,48.0,50.3,57.1,6.8,stable
George Springer,TOR,away,192,43.6,62.4,42.4,49.7,47.9,-1.8,falling
Juan Soto,NYM,away,190,52.4,67.8,87.8,71.9,79.9,8.0,falling
Gleyber Torres,DET,away,190,52.9,59.2,65.3,60.1,61.9,1.8,falling
Paul Goldschmidt,NYY,away,189,38.7,60.1,43.6,48.1,40.1,-8.0,stable
Nathan Lukes,TOR,away,189,44.5,64.3,34.2,47.3,39.3,-8.0,falling
Corey Seager,TEX,away,189,44.3,58.1,68.2,58.7,55.5,-3.2,falling
Vinnie Pasquantino,KCR,away,187,44.3,66.5,53.0,55.5,58.2,2.7,rising
Carson Kelly,CHC,away,186,45.8,52.5,46.9,48.5,53.9,5.4,falling
Vaughn Grissom,LAA,away,186,42.9,72.5,44.1,53.7,45.7,-8.0,falling
Andruw Monasterio,BOS,away,185,39.0,49.3,36.1,41.4,33.4,-8.0,falling
Heliot Ramos,NYY,away,184,35.4,52.5,43.4,44.6,52.6,8.0,falling
J.T. Realmuto,PHI,away,183,37.8,49.8,43.5,44.3,52.3,8.0,falling
Bryce Eldridge,SFG,away,183,35.3,67.0,57.0,55.1,58.2,3.2,falling
Nathaniel Lowe,CLE,away,182,37.2,63.0,49.3,51.1,59.1,8.0,falling
A.J. Ewing,NYM,away,181,32.1,52.7,44.2,44.2,52.2,8.0,falling
Jared Triolo,PIT,away,180,44.0,66.6,43.8,51.9,43.9,-8.0,stable
Zach McKinstry,DET,away,178,44.0,50.9,39.9,44.8,52.8,8.0,falling
Angel Martínez,CLE,away,177,37.9,62.8,32.7,44.6,52.2,7.7,stable
Mickey Moniak,COL,away,176,27.0,19.9,33.8,27.2,35.2,8.0,falling
Francisco Alvarez,NYM,away,176,32.6,60.8,49.0,49.0,47.7,-1.4,falling
Jake Cronenworth,SDP,away,175,42.3,67.6,42.2,51.1,43.1,-8.0,falling
Colton Cowser,BAL,away,175,33.5,64.2,53.8,52.4,58.7,6.3,falling
Oneil Cruz,PIT,away,175,28.8,77.2,62.9,59.3,54.4,-5.0,stable
Victor Caratini,MIN,away,173,41.1,51.6,52.4,49.3,57.3,8.0,stable
Ronald Acuña Jr.,ATL,away,173,45.3,56.4,65.7,57.3,65.3,8.0,falling
Mike Yastrzemski,ATL,away,171,38.3,50.9,50.7,47.7,55.7,8.0,falling
Francisco Lindor,NYM,away,170,41.5,60.5,52.4,52.5,60.5,8.0,falling
Sal Frelick,MIL,away,170,49.5,47.2,33.3,42.2,49.0,6.7,rising
Dylan Crews,WSN,away,169,36.1,62.1,43.3,48.1,56.1,8.0,falling
Richie Palacios,TBR,away,169,42.5,63.7,45.4,51.0,54.2,3.2,falling
Oswald Peraza,LAA,away,169,26.5,71.2,30.8,43.8,35.8,-8.0,stable
Drew Gilbert,SFG,away,168,37.1,62.0,46.4,49.5,57.5,8.0,stable
Adley Rutschman,BOS,away,168,40.3,42.6,51.8,45.7,53.7,8.0,falling
Samuel Basallo,BAL,away,167,31.5,60.6,48.0,48.3,56.3,8.0,falling
Joey Ortiz,MIL,away,166,45.1,48.9,42.9,45.5,53.5,8.0,falling
Henry Bolte,ATH,away,166,29.3,67.9,41.9,47.9,55.5,7.7,falling
David Hamilton,MIL,away,163,43.8,54.1,43.1,47.1,39.1,-8.0,falling
Austin Wells,NYY,away,162,34.3,44.7,37.2,39.1,47.1,8.0,falling
Connor Norby,COL,away,159,36.2,25.4,47.3,36.8,31.9,-5.0,stable
Carlos Cortes,ATH,away,157,49.3,77.4,46.6,58.1,50.1,-8.0,falling
Keibert Ruiz,WSN,away,153,48.1,64.1,34.3,48.2,40.5,-7.7,stable
Jonah Heim,ATH,away,153,38.1,66.3,35.1,46.8,54.8,8.0,falling
Brady House,WSN,away,151,30.0,64.5,48.3,49.4,57.4,8.0,falling
Dane Myers,CIN,away,150,37.7,47.4,52.2,46.9,45.6,-1.4,falling
Yainer Diaz,HOU,away,150,46.3,64.5,35.5,48.3,40.3,-8.0,falling
Owen Caissie,MIA,away,149,20.0,65.5,40.1,44.0,52.0,8.0,falling
Jackson Holliday,BAL,away,148,38.8,61.3,45.0,49.1,43.3,-5.9,falling
Jorbit Vivas,WSN,away,147,49.2,59.5,38.8,48.6,53.1,4.5,stable
Cole Carrigg,COL,away,147,38.7,27.2,50.0,39.2,42.4,3.2,falling
Carlos Narváez,BAL,away,146,28.0,48.5,33.5,37.4,45.4,8.0,falling
Andrew Vaughn,MIL,away,144,48.5,59.9,53.3,54.4,46.4,-8.0,falling
Dominic Smith,ATL,away,143,47.2,50.3,38.9,45.0,53.0,8.0,stable
Ryan Jeffers,MIN,away,141,48.3,68.9,66.6,62.8,57.9,-5.0,falling
Esmerlyn Valdez,PIT,away,141,31.6,76.5,64.4,60.4,52.4,-8.0,falling
Myles Straw,TOR,away,140,45.8,60.3,39.8,48.5,49.8,1.4,falling
Dylan Beavers,BAL,away,140,39.9,57.9,48.3,49.6,54.5,5.0,falling
Michael Conforto,CHC,away,139,39.2,62.4,50.6,51.9,43.9,-8.0,falling
José Fermín,STL,away,139,47.1,59.4,38.5,48.0,41.2,-6.8,falling
Tim Tawa,ARI,away,139,34.7,61.8,45.0,48.3,56.3,8.0,falling
Zack Gelof,ATH,away,138,31.3,68.1,42.6,48.7,56.7,8.0,falling
Josh Lowe,LAA,away,138,33.9,68.0,40.7,48.5,45.4,-3.2,falling
Patrick Bailey,CLE,away,137,36.4,57.8,49.7,49.2,57.2,8.0,stable
Nick Fortes,TBR,away,137,41.8,67.5,28.9,45.6,37.6,-8.0,stable
Braden Montgomery,CHW,away,137,45.0,64.9,49.0,53.6,61.6,8.0,falling
Logan O'Hoppe,TEX,away,137,37.8,44.5,30.5,37.2,35.9,-1.4,stable
Jonny DeLuca,TBR,away,136,40.4,78.9,29.0,49.3,41.3,-8.0,falling
Jared Young,NYM,away,136,41.0,62.6,43.5,49.6,41.6,-8.0,falling
Joe Mack,MIA,away,135,31.6,77.2,34.5,48.7,40.7,-8.0,falling
Moisés Ballesteros,LAA,away,133,35.3,62.5,33.2,44.0,52.0,8.0,falling
Jesús Sánchez,TOR,away,132,39.3,54.4,45.3,47.0,55.0,8.0,stable
Gary Sánchez,MIL,away,132,44.6,54.1,65.3,56.2,64.2,8.0,stable
Kyle Isbel,KCR,away,130,36.3,58.0,28.2,40.7,44.7,4.1,falling
Hao-Yu Lee,DET,away,128,38.9,68.9,38.7,49.3,41.3,-8.0,stable
Tommy Edman,LAD,away,128,35.4,64.7,37.3,46.4,38.4,-8.0,falling
TJ Friedl,CIN,away,126,42.3,40.8,27.3,35.8,29.9,-5.9,stable
Wade Meckler,LAA,away,125,40.1,62.8,40.5,48.2,50.5,2.2,falling
José Tena,WSN,away,124,28.9,59.2,45.9,46.3,54.3,8.0,falling
Henry Davis,PIT,away,123,35.4,56.1,37.3,43.4,51.4,8.0,stable
Christian Vázquez,HOU,away,122,42.0,51.5,21.4,37.1,29.1,-8.0,stable
Ryan Kreidler,MIN,away,122,33.1,50.1,32.0,38.6,46.6,8.0,stable
Ryan Waldschmidt,ARI,away,122,36.8,55.9,41.1,45.2,53.2,8.0,stable
Blaze Alexander,BAL,away,121,39.0,61.7,52.2,52.2,60.2,8.0,falling
Luis Torrens,NYM,away,121,42.7,69.9,40.2,51.2,43.2,-8.0,stable
Freddy Fermin,SDP,away,121,36.7,57.6,31.4,41.9,49.9,8.0,falling
Connor Wong,BOS,away,121,41.9,49.6,38.7,43.3,35.3,-8.0,stable
Griffin Conine,MIA,away,118,34.6,70.6,68.3,60.7,68.7,8.0,falling
Nicky Lopez,TEX,away,117,40.1,38.4,24.2,33.1,35.8,2.7,stable
Jacob Gonzalez,PIT,away,117,37.0,65.6,34.7,46.1,54.1,8.0,falling
Nolan Gorman,STL,away,117,35.3,50.9,47.0,45.4,53.4,8.0,stable
Alejandro Kirk,TOR,away,116,48.5,61.2,45.1,51.6,51.1,-0.5,stable
Brandon Valenzuela,TOR,away,115,32.0,55.0,42.5,44.3,52.3,8.0,stable
Amed Rosario,NYY,away,114,28.7,54.9,36.0,40.8,43.0,2.2,stable
Lars Nootbaar,ARI,away,113,37.2,64.8,50.6,52.2,60.2,8.0,falling
Justin Foscue,TEX,away,113,37.2,55.0,43.8,46.1,38.1,-8.0,falling
Miguel Rojas,LAD,away,112,48.5,53.6,41.0,47.3,55.3,8.0,stable
Jose Fernandez,ARI,away,111,35.4,56.2,29.3,40.2,46.1,5.8,stable
Hunter Feduccia,LAD,away,111,41.8,51.2,53.9,49.9,57.9,8.0,stable
Edmundo Sosa,PHI,away,109,34.3,56.0,42.0,45.0,53.0,8.0,stable
Ryan Vilade,TBR,away,107,39.8,65.4,48.4,52.2,60.2,8.0,stable
Tyrone Taylor,CHC,away,107,40.6,54.5,44.2,46.9,52.8,5.9,stable
Leo Jiménez,MIA,away,107,38.1,60.3,47.0,49.4,57.4,8.0,falling
Miguel Amaya,CHC,away,106,40.5,55.3,37.2,44.4,36.4,-8.0,falling
Brett Sullivan,COL,away,105,41.3,31.2,35.1,35.3,27.3,-8.0,stable
Derek Hill,PHI,away,104,20.3,57.2,30.2,37.2,29.2,-8.0,stable
Randal Grichuk,CHW,away,104,32.6,82.4,40.5,53.2,45.2,-8.0,stable
Taylor Trammell,HOU,away,103,38.4,66.2,48.0,52.0,44.0,-8.0,falling
Esteury Ruiz,MIA,away,102,33.9,72.4,40.7,50.1,42.1,-8.0,falling
Denzer Guzman,LAA,away,101,32.8,73.3,29.0,45.4,37.4,-8.0,falling
Austin Hedges,CLE,away,101,48.9,68.9,39.9,52.3,44.3,-8.0,stable
Andrés Chaparro,WSN,away,100,44.3,81.9,68.2,67.0,59.0,-8.0,falling
Luis Robert Jr.,NYM,away,99,39.7,64.7,49.2,52.3,48.2,-4.1,falling
Pedro Pagés,STL,away,99,29.7,50.7,25.6,35.4,42.2,6.8,stable
Nick Sogard,BOS,away,98,42.3,37.5,53.7,45.2,53.2,8.0,falling
Drew Romo,CHW,away,96,44.0,59.6,35.9,46.2,54.2,8.0,falling
Eli White,BOS,away,96,41.3,48.7,26.1,37.8,29.8,-8.0,stable
Danny Jansen,TEX,away,95,34.4,54.4,31.9,40.4,32.4,-8.0,stable
Jorge Mateo,TBR,away,95,34.5,71.1,42.3,50.4,49.1,-1.4,stable
Spencer Jones,NYY,away,94,21.8,55.2,46.6,43.4,47.0,3.6,falling
Trevor Story,BOS,away,94,26.7,42.7,21.4,30.2,22.2,-8.0,stable
Donovan Walton,ATH,away,94,48.7,88.5,52.9,64.3,56.3,-8.0,falling
Luisangel Acuña,CHW,away,93,38.1,61.2,25.6,41.2,48.0,6.8,stable
Pedro Ramírez,CHC,away,92,38.9,60.7,41.2,47.4,39.4,-8.0,falling
Cooper Pratt,MIL,away,91,51.5,55.8,56.4,55.0,47.0,-8.0,falling
Javier Báez,DET,away,90,37.7,56.6,23.2,38.5,31.3,-7.2,falling
Brenton Doyle,CHW,away,89,34.3,61.7,30.1,42.2,36.4,-5.9,falling
Alex Call,LAD,away,89,50.5,58.9,44.3,50.9,42.9,-8.0,stable
David Fry,CLE,away,88,31.0,63.3,38.4,45.3,40.8,-4.5,stable
Elias Díaz,TEX,away,87,35.1,53.0,25.3,37.4,29.4,-8.0,falling
Agustín Ramírez,MIA,away,87,43.3,63.3,40.7,49.2,41.2,-8.0,falling
Jordan Beck,COL,away,87,36.0,19.2,34.0,29.3,23.5,-5.9,falling
Petey Halpin,CLE,away,84,39.8,54.7,37.9,44.3,52.3,8.0,stable
Christian Encarnacion-Strand,BAL,away,84,29.1,77.4,44.8,52.3,44.3,-8.0,falling
Gabriel Arias,CHC,away,83,13.5,45.7,23.1,28.6,36.6,8.0,stable
Matt Shaw,CHC,away,82,46.1,59.0,47.1,51.0,43.0,-8.0,stable
Edwin Arroyo,CIN,away,81,38.2,40.5,40.5,39.9,47.9,8.0,stable
Luis Campusano,SDP,away,81,49.2,80.8,69.7,68.5,60.5,-8.0,falling
Tyler Tolbert,KCR,away,81,40.4,72.9,45.0,53.6,45.6,-8.0,stable
Jake Rogers,CHW,away,80,25.6,54.3,33.9,38.9,46.9,8.0,stable
Jose Siri,LAA,away,79,29.9,79.0,40.8,51.5,43.5,-8.0,falling
Jorge Barrosa,ARI,away,79,32.2,60.5,22.0,38.0,30.0,-8.0,stable
Max Kepler,ARI,away,77,37.5,57.6,32.7,42.6,48.5,5.9,falling
Jahmai Jones,BOS,away,77,30.4,37.3,53.9,42.2,50.2,8.0,stable
Tyler Heineman,LAA,away,76,42.2,56.9,15.6,36.7,39.8,3.1,falling
Victor Robles,SEA,away,75,48.0,61.9,37.5,48.7,40.7,-8.0,stable
Tommy White,ATH,away,74,40.7,65.5,33.3,46.4,54.4,8.0,falling
Luis Lara,MIL,away,72,45.3,49.2,54.7,50.4,58.4,8.0,falling
Roman Anthony,BOS,away,72,35.2,43.9,62.6,49.2,57.2,8.0,stable
Sung-Mun Song,SDP,away,70,46.4,66.7,34.6,48.8,40.8,-8.0,stable
Darell Hernaiz,ATH,away,69,42.3,55.4,43.6,47.4,55.4,8.0,stable
Jimmy Crooks,STL,away,69,25.4,59.6,35.6,41.5,42.4,0.9,falling
Alika Williams,ATH,away,68,35.7,55.2,17.4,35.2,43.2,8.0,stable
James McCann,ARI,away,67,27.4,71.4,25.5,42.0,34.0,-8.0,stable
Jose Trevino,CIN,away,66,36.7,47.7,6.2,28.3,20.3,-8.0,stable
Bryan Torres,STL,away,65,46.0,60.8,42.6,49.8,41.8,-8.0,falling
Max Clark,DET,away,65,37.7,63.3,47.0,50.4,42.4,-8.0,falling
Alek Thomas,LAD,away,64,33.3,42.8,30.6,35.5,43.5,8.0,stable
Josh Rojas,KCR,away,63,43.0,69.5,18.1,42.3,34.3,-8.0,stable
John Rave,KCR,away,61,35.4,67.7,41.6,49.2,57.2,8.0,falling
Adam Frazier,LAA,away,60,38.0,70.6,36.1,48.7,40.7,-8.0,stable
Nick Allen,HOU,away,59,40.9,59.4,25.4,41.2,33.2,-8.0,stable
Nick Yorke,PIT,away,56,37.1,48.5,41.8,42.9,50.9,8.0,stable
Samad Taylor,SDP,away,55,36.8,75.2,46.3,54.0,46.0,-8.0,stable
Rafael Flores Jr.,PIT,away,53,27.7,61.1,55.1,50.3,58.3,8.0,falling
Weston Wilson,SEA,away,52,39.3,75.3,40.9,52.6,44.6,-8.0,falling
Christian Koss,SFG,away,50,37.2,52.8,20.4,35.9,31.0,-4.9,falling
Héctor Rodríguez,CIN,away,50,40.8,64.0,41.5,49.2,41.2,-8.0,falling
LaMonte Wade Jr.,HOU,away,50,42.4,59.8,51.6,52.2,44.2,-8.0,falling
Abimelec Ortiz,WSN,away,44,33.2,57.0,41.4,44.8,52.8,8.0,falling
Cody Freeman,TEX,away,43,49.5,53.4,29.1,42.7,34.7,-8.0,stable
Drew Cavanaugh,SFG,away,42,23.6,46.8,40.8,38.6,46.6,8.0,falling
Austin Hays,SDP,away,34,22.5,56.8,20.5,33.7,41.7,8.0,stable
Kaelen Culpepper,MIN,away,31,42.9,88.2,42.0,58.4,50.4,-8.0,falling
Brian Navarreto,MIA,away,29,33.0,61.2,6.5,32.2,24.2,-8.0,falling
Sean Murphy,ATL,away,29,17.4,28.7,6.7,17.1,25.1,8.0,stable
Christopher Morel,NYM,away,27,21.4,40.7,21.9,28.3,36.3,8.0,rising
Zac Veen,COL,away,24,36.4,39.7,49.7,42.9,34.9,-8.0,falling
George Lombard Jr.,NYY,away,22,39.3,49.0,42.1,43.8,35.8,-8.0,falling
Christian Moore,LAA,away,21,0.0,48.5,13.3,22.3,30.3,8.0,stable
Brett Callahan,DET,away,18,31.5,71.4,53.5,54.2,56.0,1.8,falling
Shay Whitcomb,SFG,away,13,23.8,66.8,23.1,38.6,30.6,-8.0,falling
Yordan Alvarez,HOU,vs_SP,379,47.1,84.3,90.1,77.3,72.4,-5.0,falling
Iván Herrera,STL,vs_SP,377,42.8,61.5,52.4,53.2,55.9,2.7,falling
Zach Neto,LAA,vs_SP,375,29.7,73.2,44.2,50.7,43.1,-7.7,falling
Fernando Tatis Jr.,SDP,vs_SP,373,43.1,74.4,65.8,63.1,71.1,8.0,stable
Yandy Díaz,TBR,vs_SP,366,45.2,75.7,54.6,59.6,62.8,3.2,falling
Trea Turner,PHI,vs_SP,365,35.7,52.3,35.6,41.5,37.9,-3.6,falling
Junior Caminero,TBR,vs_SP,362,43.6,87.8,60.2,65.7,57.7,-8.0,falling
Gunnar Henderson,BAL,vs_SP,361,37.2,64.6,46.8,50.7,55.6,5.0,rising
Bo Bichette,NYM,vs_SP,360,41.0,60.6,44.0,49.1,50.0,0.9,stable
Bryce Harper,PHI,vs_SP,360,42.2,66.3,77.4,64.8,63.9,-0.9,stable
Sal Stewart,CIN,vs_SP,360,36.2,60.8,52.6,51.4,43.4,-8.0,falling
Corbin Carroll,ARI,vs_SP,359,37.3,74.8,56.4,58.1,51.3,-6.8,falling
Shohei Ohtani,LAD,vs_SP,359,41.4,77.0,78.7,68.8,63.8,-4.9,falling
Bryan Reynolds,PIT,vs_SP,358,39.6,72.3,61.9,60.0,53.7,-6.3,falling
Kyle Schwarber,PHI,vs_SP,357,27.5,68.4,65.3,56.9,48.9,-8.0,falling
Matt Olson,ATL,vs_SP,357,34.7,66.5,60.5,56.1,61.5,5.4,falling
Kevin McGonigle,DET,vs_SP,356,49.3,68.2,64.3,61.9,57.9,-4.1,falling
Freddie Freeman,LAD,vs_SP,356,44.9,63.9,61.7,58.3,64.1,5.9,falling
Brandon Nimmo,TEX,vs_SP,356,41.0,53.7,56.4,51.6,59.6,8.0,falling
Manny Machado,SDP,vs_SP,356,37.9,73.4,50.0,55.1,63.1,8.0,falling
Alex Bregman,CHC,vs_SP,353,43.9,55.7,48.6,49.9,44.9,-5.0,falling
Brice Turang,MIL,vs_SP,353,35.1,59.2,53.5,50.9,55.8,5.0,falling
Ozzie Albies,ATL,vs_SP,353,46.3,56.0,33.4,44.5,37.3,-7.2,falling
Jonathan Aranda,TBR,vs_SP,353,36.8,72.9,57.0,57.5,58.0,0.5,falling
Miguel Vargas,CHW,vs_SP,353,47.9,87.8,74.5,72.5,71.1,-1.3,stable
Pete Alonso,BAL,vs_SP,353,33.4,77.6,65.5,61.7,63.0,1.4,falling
Taylor Ward,SEA,vs_SP,351,47.3,64.6,66.8,61.2,67.9,6.8,falling
Geraldo Perdomo,ARI,vs_SP,350,51.3,67.2,58.8,59.9,51.9,-8.0,falling
Wilyer Abreu,BOS,vs_SP,350,42.5,56.6,61.2,54.9,52.2,-2.7,stable
Otto Lopez,MIA,vs_SP,349,42.9,67.6,40.2,50.5,53.2,2.7,falling
Randy Arozarena,SEA,vs_SP,349,42.4,72.0,61.7,60.5,56.9,-3.6,falling
Xavier Edwards,MIA,vs_SP,348,48.6,68.4,50.0,56.1,48.1,-8.0,falling
Alec Burleson,STL,vs_SP,348,39.2,66.8,58.8,56.7,64.7,8.0,falling
Pete Crow-Armstrong,CHC,vs_SP,348,33.7,72.4,61.5,58.3,50.3,-8.0,stable
Rafael Devers,SFG,vs_SP,343,35.7,72.7,53.4,55.7,48.1,-7.6,stable
Jackson Merrill,SDP,vs_SP,343,32.8,72.0,47.9,52.6,60.6,8.0,stable
Michael Busch,CHC,vs_SP,343,40.4,62.0,59.5,55.6,47.6,-8.0,falling
Jordan Walker,STL,vs_SP,342,34.2,65.3,53.2,52.7,59.9,7.2,falling
Isaac Paredes,HOU,vs_SP,342,49.3,59.9,50.3,53.4,48.5,-5.0,falling
Julio Rodríguez,SEA,vs_SP,340,35.0,65.4,49.4,51.4,59.4,8.0,falling
Brandon Lowe,PIT,vs_SP,335,31.5,78.1,50.2,55.3,47.3,-8.0,falling
Ben Rice,NYY,vs_SP,333,37.9,65.5,66.9,59.1,65.4,6.3,falling
Elly De La Cruz,CIN,vs_SP,328,32.4,55.8,57.8,50.8,57.1,6.3,falling
Ceddanne Rafaela,BOS,vs_SP,328,34.3,48.5,29.7,37.4,29.4,-8.0,falling
Mike Trout,LAA,vs_SP,328,39.9,80.4,71.7,66.8,67.2,0.5,falling
Luis Arraez,PHI,vs_SP,327,53.0,60.6,37.7,49.5,41.5,-8.0,falling
Christian Walker,HOU,vs_SP,327,35.8,62.5,40.9,47.2,41.3,-5.9,falling
Josh Naylor,SEA,vs_SP,327,45.4,58.3,44.4,49.5,57.5,8.0,falling
Salvador Perez,KCR,vs_SP,326,35.6,64.4,31.7,44.1,52.1,8.0,falling
Nico Hoerner,CHC,vs_SP,326,49.0,51.1,46.4,48.7,56.7,8.0,falling
Kazuma Okamoto,TOR,vs_SP,323,33.2,71.0,49.3,52.8,44.8,-8.0,falling
CJ Abrams,WSN,vs_SP,323,38.8,81.8,54.5,60.1,52.1,-8.0,falling
Jo Adell,CLE,vs_SP,323,31.6,70.0,41.2,48.9,51.1,2.2,stable
Vladimir Guerrero Jr.,TOR,vs_SP,323,46.8,57.8,50.6,52.1,60.1,8.0,falling
William Contreras,MIL,vs_SP,322,45.7,56.7,52.6,52.3,54.5,2.2,stable
Josh Bell,MIN,vs_SP,322,40.3,66.0,47.8,52.3,46.4,-5.9,stable
Bobby Witt Jr.,KCR,vs_SP,321,43.1,73.5,60.0,60.5,68.5,8.0,falling
Willson Contreras,BOS,vs_SP,319,37.2,66.5,67.6,59.6,51.6,-8.0,falling
TJ Rumfield,COL,vs_SP,319,49.6,25.8,55.0,43.4,43.0,-0.5,falling
Daylen Lile,WSN,vs_SP,316,38.6,72.4,43.2,52.3,51.4,-0.9,falling
Carson Benge,NYM,vs_SP,315,37.5,59.4,49.9,50.1,58.1,8.0,stable
Colson Montgomery,CHW,vs_SP,314,26.8,84.3,42.1,53.1,45.1,-8.0,falling
Drake Baldwin,ATL,vs_SP,314,37.6,66.3,59.8,56.5,56.1,-0.5,falling
Cole Young,SEA,vs_SP,313,42.3,68.2,41.7,51.1,48.0,-3.2,falling
Chandler Simpson,TBR,vs_SP,311,48.9,62.8,24.9,44.2,36.2,-8.0,falling
Ernie Clement,TOR,vs_SP,311,44.2,55.8,22.8,39.7,40.1,0.5,falling
Jake Burger,TEX,vs_SP,310,29.5,52.2,42.9,42.8,50.5,7.7,falling
Xander Bogaerts,SDP,vs_SP,310,45.0,69.9,53.2,57.0,64.2,7.2,stable
Ian Happ,CHC,vs_SP,310,30.9,56.4,53.3,48.8,45.2,-3.6,falling
Chase Meidroth,CHW,vs_SP,308,40.5,72.5,43.1,52.8,44.8,-8.0,falling
Jarren Duran,BOS,vs_SP,306,29.0,41.2,35.8,36.0,44.0,8.0,stable
Nick Gonzales,PIT,vs_SP,305,38.3,62.6,38.2,46.8,54.0,7.2,falling
Jake McCarthy,COL,vs_SP,305,38.2,31.0,40.2,36.5,28.5,-8.0,falling
Alec Bohm,PHI,vs_SP,301,43.4,52.7,39.9,45.2,52.0,6.8,stable
Kyle Tucker,LAD,vs_SP,300,47.5,57.1,59.8,55.8,63.8,8.0,falling
Michael Harris II,ATL,vs_SP,299,35.6,61.2,44.6,48.2,53.1,5.0,falling
Carter Jensen,KCR,vs_SP,299,32.8,70.0,42.4,49.6,42.0,-7.7,stable
Austin Riley,ATL,vs_SP,296,26.3,53.9,40.1,41.5,46.4,5.0,falling
Ezequiel Duran,TEX,vs_SP,295,38.0,53.9,43.9,46.0,38.0,-8.0,falling
Mauricio Dubón,ATL,vs_SP,294,46.3,52.8,35.1,44.1,48.2,4.1,falling
Brooks Lee,MIN,vs_SP,294,41.5,71.3,26.8,46.1,38.1,-8.0,falling
Seiya Suzuki,CHC,vs_SP,292,39.7,64.9,58.8,56.2,48.2,-8.0,falling
Dillon Dingler,DET,vs_SP,291,33.7,64.2,47.4,49.9,57.9,8.0,falling
Jose Altuve,HOU,vs_SP,291,38.7,56.8,34.7,43.4,35.4,-8.0,falling
Steven Kwan,CLE,vs_SP,289,52.0,62.2,49.1,54.4,53.9,-0.5,falling
Jac Caglianone,KCR,vs_SP,288,34.4,76.1,55.0,57.2,58.6,1.4,stable
Luke Keaschall,MIN,vs_SP,287,47.5,63.3,46.1,52.4,44.4,-8.0,falling
Jakob Marsee,MIA,vs_SP,286,41.2,67.5,49.5,53.7,51.0,-2.7,stable
Nolan Arenado,ARI,vs_SP,286,39.8,64.1,38.6,47.8,45.6,-2.2,falling
Hunter Goodman,COL,vs_SP,286,27.3,31.3,52.8,38.9,41.2,2.2,falling
Kody Clemens,MIN,vs_SP,285,39.8,76.5,49.4,56.5,48.5,-8.0,falling
Liam Hicks,TBR,vs_SP,283,53.0,79.1,50.3,61.1,53.1,-8.0,stable
Jung Hoo Lee,SFG,vs_SP,282,44.9,62.4,39.8,49.0,55.3,6.3,falling
Caleb Durbin,BOS,vs_SP,281,44.7,47.4,37.0,42.6,34.6,-8.0,falling
Bryson Stott,PHI,vs_SP,278,43.3,50.6,51.9,49.3,57.3,8.0,stable
Jake Bauers,MIL,vs_SP,277,38.9,67.5,71.3,61.9,53.9,-8.0,falling
Trent Grisham,NYY,vs_SP,276,44.5,57.4,59.0,54.8,62.8,8.0,falling
Brandon Marsh,PHI,vs_SP,276,31.2,55.8,40.4,43.5,36.7,-6.8,stable
Sam Antonacci,CHW,vs_SP,275,44.6,73.0,49.7,56.6,62.0,5.4,falling
Jackson Chourio,MIL,vs_SP,273,35.2,66.7,51.5,52.7,44.7,-8.0,stable
Spencer Torkelson,DET,vs_SP,273,30.1,63.8,48.8,49.4,54.3,5.0,falling
Luis García Jr.,NYY,vs_SP,272,40.9,63.7,49.5,52.3,53.7,1.4,falling
George Springer,TOR,vs_SP,272,41.6,65.5,46.2,51.8,43.8,-8.0,falling
JJ Bleday,CIN,vs_SP,271,44.2,57.2,65.0,57.1,58.4,1.4,falling
Daulton Varsho,HOU,vs_SP,270,41.0,56.1,38.8,45.4,41.8,-3.6,falling
Cody Bellinger,NYY,vs_SP,269,44.0,55.9,60.2,54.6,62.6,8.0,falling
Willi Castro,COL,vs_SP,268,34.2,33.1,42.9,37.3,29.3,-8.0,stable
Chase DeLauter,CLE,vs_SP,268,47.3,70.0,58.5,59.7,57.0,-2.7,falling
Cam Smith,HOU,vs_SP,267,33.7,54.0,45.7,45.6,53.6,8.0,falling
Joc Pederson,TEX,vs_SP,266,40.4,63.0,60.2,56.2,48.2,-8.0,falling
José Ramírez,CLE,vs_SP,264,51.4,71.1,60.1,61.7,56.8,-4.9,falling
Max Muncy,LAD,vs_SP,262,37.3,75.9,60.0,59.9,51.9,-8.0,falling
Munetaka Murakami,CHW,vs_SP,261,35.4,87.3,76.9,70.2,65.7,-4.5,falling
Jazz Chisholm Jr.,NYY,vs_SP,261,28.1,53.2,43.0,42.9,42.0,-0.9,falling
Cal Raleigh,SEA,vs_SP,260,30.8,68.4,53.3,53.0,55.2,2.2,stable
Brayan Rocchio,CLE,vs_SP,256,43.6,64.8,37.6,48.6,41.0,-7.7,falling
Gabriel Moreno,ARI,vs_SP,255,44.6,74.5,59.7,61.1,58.4,-2.7,falling
Mookie Betts,LAD,vs_SP,252,46.3,59.4,45.2,50.4,58.4,8.0,falling
Dominic Canzone,SEA,vs_SP,251,37.3,75.4,57.3,58.6,62.2,3.6,falling
Ezequiel Tovar,COL,vs_SP,250,31.2,20.1,29.5,26.7,34.7,8.0,stable
Kyle Stowers,MIA,vs_SP,249,28.2,72.8,52.6,53.6,57.2,3.6,falling
Nasim Nuñez,WSN,vs_SP,248,45.1,55.5,36.6,45.3,52.1,6.8,falling
Cedric Mullins,TBR,vs_SP,247,42.7,69.1,35.4,49.0,41.0,-8.0,falling
Eugenio Suárez,CIN,vs_SP,247,27.1,52.2,41.4,41.6,33.6,-8.0,stable
Trevor Larnach,MIN,vs_SP,247,41.9,68.4,52.2,55.3,47.3,-8.0,falling
Marcus Semien,NYM,vs_SP,245,35.9,55.3,39.8,44.3,52.3,8.0,stable
Jacob Young,WSN,vs_SP,243,37.4,67.1,42.6,49.9,51.2,1.4,stable
Andrew Benintendi,CHW,vs_SP,242,36.4,73.2,43.8,52.3,59.5,7.2,falling
Garrett Mitchell,MIL,vs_SP,242,33.7,56.7,57.6,51.3,59.3,8.0,falling
Travis Bazzana,CLE,vs_SP,242,43.1,66.3,48.6,53.4,45.4,-8.0,falling
Matt McLain,CIN,vs_SP,242,34.9,49.0,49.7,45.8,51.6,5.9,falling
Isaac Collins,KCR,vs_SP,241,39.5,65.6,44.4,50.6,48.4,-2.2,falling
Ronald Acuña Jr.,ATL,vs_SP,240,44.5,63.2,68.4,60.6,63.3,2.7,falling
Jeremy Peña,HOU,vs_SP,239,33.9,67.3,43.7,49.5,41.5,-8.0,falling
Christian Yelich,MIL,vs_SP,237,37.6,59.4,49.5,50.0,48.6,-1.4,falling
Colt Keith,DET,vs_SP,237,39.9,68.9,49.2,53.8,45.8,-8.0,stable
J.P. Crawford,SEA,vs_SP,236,45.8,69.3,55.8,58.0,54.0,-4.1,falling
Jeff McNeil,ATH,vs_SP,235,46.9,71.0,37.5,51.6,53.4,1.8,falling
Wyatt Langford,TEX,vs_SP,234,40.9,55.2,48.6,49.0,44.5,-4.5,stable
Andrés Giménez,TOR,vs_SP,232,34.8,62.6,24.7,40.5,32.5,-8.0,falling
Vinnie Pasquantino,KCR,vs_SP,231,48.7,67.3,59.0,59.4,62.1,2.7,rising
Royce Lewis,MIN,vs_SP,230,35.2,61.2,43.7,47.7,54.0,6.3,falling
Brett Baty,NYM,vs_SP,229,33.8,62.3,42.7,47.3,41.0,-6.3,falling
Heliot Ramos,NYY,vs_SP,229,32.1,52.5,43.8,43.9,51.9,8.0,falling
Leody Taveras,BAL,vs_SP,226,41.0,60.9,37.9,46.7,38.7,-8.0,falling
Troy Johnston,COL,vs_SP,226,42.1,22.8,47.6,37.5,45.5,8.0,falling
Lawrence Butler,ATH,vs_SP,225,39.0,71.4,51.1,55.2,63.2,8.0,stable
Nathan Lukes,TOR,vs_SP,224,43.4,59.7,35.5,45.9,47.3,1.4,falling
Jake Mangum,PIT,vs_SP,224,38.2,67.9,30.3,45.4,37.4,-8.0,falling
Ty France,SDP,vs_SP,224,38.9,79.1,45.1,55.5,47.5,-8.0,stable
Juan Soto,NYM,vs_SP,224,52.4,76.4,87.3,74.8,82.8,8.0,falling
Ildemaro Vargas,ARI,vs_SP,223,47.6,59.4,34.9,46.6,54.6,8.0,falling
Teoscar Hernández,LAD,vs_SP,221,31.3,62.8,42.7,46.9,38.9,-8.0,falling
Evan Carter,TEX,vs_SP,220,39.1,50.3,44.9,45.3,37.3,-8.0,falling
A.J. Ewing,NYM,vs_SP,218,34.7,61.7,45.7,48.5,46.7,-1.8,falling
Mickey Moniak,COL,vs_SP,217,30.2,34.0,31.8,32.2,24.2,-8.0,falling
Corey Seager,TEX,vs_SP,215,40.9,54.5,55.4,51.4,59.4,8.0,falling
Spencer Horwitz,PIT,vs_SP,215,44.7,68.2,46.6,53.7,50.5,-3.2,falling
Tristan Peters,CHW,vs_SP,214,37.8,74.7,41.2,52.1,51.6,-0.5,rising
Tyler Stephenson,CIN,vs_SP,212,32.3,50.9,51.8,46.6,54.6,8.0,falling
Vaughn Grissom,LAA,vs_SP,212,40.0,63.4,41.7,48.9,56.9,8.0,falling
Francisco Lindor,NYM,vs_SP,210,41.1,64.3,53.4,54.1,62.1,8.0,falling
Henry Bolte,ATH,vs_SP,210,30.7,74.1,42.0,50.4,42.4,-8.0,falling
Gleyber Torres,DET,vs_SP,209,46.9,64.0,58.6,57.6,50.8,-6.8,falling
Nathaniel Lowe,CLE,vs_SP,207,37.7,81.5,48.9,57.5,49.5,-8.0,falling
Bryce Eldridge,SFG,vs_SP,207,36.8,77.8,62.0,61.2,53.2,-8.0,falling
Heriberto Hernández,MIA,vs_SP,207,31.6,70.2,59.9,56.4,64.4,8.0,falling
J.T. Realmuto,PHI,vs_SP,205,35.4,51.6,40.6,43.2,50.8,7.7,falling
Coby Mayo,BAL,vs_SP,205,26.2,70.1,46.7,49.8,45.3,-4.5,falling
Nathan Church,STL,vs_SP,205,42.2,63.7,32.9,46.0,38.0,-8.0,stable
Taylor Walls,TBR,vs_SP,205,35.1,62.2,27.5,41.6,33.6,-8.0,falling
Adley Rutschman,BOS,vs_SP,203,45.4,49.1,60.0,52.5,58.8,6.3,falling
José Caballero,NYY,vs_SP,203,37.5,51.6,34.9,41.4,36.0,-5.4,falling
Justin Crawford,PHI,vs_SP,202,43.2,51.3,30.4,40.9,32.9,-8.0,stable
Dylan Crews,WSN,vs_SP,201,35.5,64.7,40.5,47.7,55.7,8.0,falling
Paul Goldschmidt,NYY,vs_SP,201,34.8,65.1,42.2,48.4,40.4,-8.0,stable
Carlos Cortes,ATH,vs_SP,198,45.9,78.7,49.2,58.7,50.7,-8.0,falling
Lane Thomas,ATL,vs_SP,195,39.1,64.8,50.5,52.7,44.7,-8.0,stable
Samuel Basallo,BAL,vs_SP,195,36.3,72.8,46.1,53.0,45.0,-8.0,falling
Jake Cronenworth,SDP,vs_SP,194,32.6,60.3,35.7,43.6,51.6,8.0,falling
Zack Gelof,ATH,vs_SP,193,35.6,72.7,41.3,50.9,51.8,0.9,falling
Richie Palacios,TBR,vs_SP,193,45.7,65.5,48.6,53.8,50.6,-3.2,falling
Oneil Cruz,PIT,vs_SP,190,26.7,80.9,58.6,58.5,50.5,-8.0,stable
Javier Sanoja,MIA,vs_SP,190,52.5,71.2,34.0,51.6,43.6,-8.0,stable
Victor Caratini,MIN,vs_SP,188,41.4,60.2,50.3,51.5,59.2,7.7,stable
Jonah Heim,ATH,vs_SP,187,42.7,75.5,39.7,53.0,52.1,-0.9,falling
Jesús Sánchez,TOR,vs_SP,186,34.6,70.9,45.3,51.6,43.6,-8.0,stable
Zach McKinstry,DET,vs_SP,184,44.6,54.1,39.9,46.0,54.0,8.0,falling
Owen Caissie,MIA,vs_SP,184,19.0,73.3,39.9,46.4,40.5,-5.9,falling
Nick Loftin,KCR,vs_SP,184,42.4,60.1,43.4,49.0,57.0,8.0,falling
Francisco Alvarez,NYM,vs_SP,184,36.8,66.6,51.9,53.3,45.3,-8.0,falling
Carson Kelly,CHC,vs_SP,182,37.4,51.7,44.6,45.3,52.0,6.8,falling
Jared Triolo,PIT,vs_SP,181,39.6,64.6,39.0,48.1,40.1,-8.0,stable
David Hamilton,MIL,vs_SP,178,39.9,48.7,36.4,41.6,40.2,-1.4,falling
Oswald Peraza,LAA,vs_SP,178,26.6,65.7,27.2,40.6,36.1,-4.5,stable
Angel Martínez,CLE,vs_SP,177,35.8,69.5,31.8,46.0,41.0,-5.0,stable
Austin Wells,NYY,vs_SP,175,28.8,42.2,37.6,37.0,45.0,8.0,falling
Ryan Jeffers,MIN,vs_SP,174,47.9,67.3,63.1,60.7,64.3,3.6,falling
Mike Yastrzemski,ATL,vs_SP,174,35.1,55.7,42.0,45.1,52.3,7.2,falling
Connor Norby,COL,vs_SP,172,34.4,24.6,49.6,37.1,30.3,-6.8,stable
Jorbit Vivas,WSN,vs_SP,172,53.0,63.9,51.8,56.3,52.7,-3.6,stable
Sal Frelick,MIL,vs_SP,172,51.2,51.4,36.9,45.6,42.9,-2.7,rising
Joey Ortiz,MIL,vs_SP,169,41.6,53.1,41.9,45.8,43.5,-2.2,falling
Drew Gilbert,SFG,vs_SP,168,40.5,73.8,48.0,55.1,47.1,-8.0,stable
Keibert Ruiz,WSN,vs_SP,167,46.0,68.8,31.3,48.1,40.1,-8.0,stable
Josh Lowe,LAA,vs_SP,166,36.7,68.0,37.0,47.8,52.3,4.5,falling
Colton Cowser,BAL,vs_SP,165,33.7,62.3,56.9,53.0,61.0,8.0,falling
Andrew Vaughn,MIL,vs_SP,163,47.7,62.5,60.1,57.8,49.8,-8.0,falling
Jackson Holliday,BAL,vs_SP,161,38.5,56.8,46.5,48.1,56.1,8.0,falling
TJ Friedl,CIN,vs_SP,160,38.6,36.7,26.9,33.3,41.3,8.0,stable
Jared Young,NYM,vs_SP,157,39.2,67.9,39.5,49.4,41.4,-8.0,falling
Dylan Beavers,BAL,vs_SP,156,33.6,60.8,45.6,47.9,55.9,8.0,falling
Cole Carrigg,COL,vs_SP,156,32.6,30.2,44.6,36.5,30.7,-5.9,falling
Moisés Ballesteros,LAA,vs_SP,155,40.0,67.9,41.0,50.2,49.3,-0.9,falling
Esmerlyn Valdez,PIT,vs_SP,155,28.4,85.8,63.9,62.7,54.7,-8.0,falling
Wade Meckler,LAA,vs_SP,155,36.8,75.0,43.2,52.7,44.7,-8.0,falling
José Fermín,STL,vs_SP,155,46.6,58.1,40.0,48.0,47.5,-0.5,falling
Braden Montgomery,CHW,vs_SP,154,46.1,75.6,56.3,60.5,53.3,-7.2,falling
Jonny DeLuca,TBR,vs_SP,153,33.1,64.2,26.9,41.5,33.5,-8.0,falling
Brady House,WSN,vs_SP,153,32.2,62.7,47.3,48.9,56.9,8.0,falling
Logan O'Hoppe,TEX,vs_SP,152,34.0,42.6,29.6,35.2,35.2,0.0,stable
José Tena,WSN,vs_SP,152,32.5,61.9,42.8,46.9,54.9,8.0,falling
Andruw Monasterio,BOS,vs_SP,152,46.9,54.0,46.4,49.2,41.2,-8.0,falling
Henry Davis,PIT,vs_SP,149,38.3,59.8,36.3,45.0,53.0,8.0,stable
Yainer Diaz,HOU,vs_SP,147,38.6,61.8,30.6,43.5,35.5,-8.0,falling
Nick Fortes,TBR,vs_SP,147,40.7,62.3,26.0,42.4,48.2,5.8,stable
Patrick Bailey,CLE,vs_SP,144,36.4,52.9,42.5,44.6,52.6,8.0,stable
Carlos Narváez,BAL,vs_SP,140,26.0,47.8,30.5,35.4,43.4,8.0,falling
Dominic Smith,ATL,vs_SP,140,38.5,61.6,34.0,44.8,36.8,-8.0,stable
Kyle Isbel,KCR,vs_SP,139,38.9,63.2,29.2,43.5,38.6,-5.0,falling
Nolan Gorman,STL,vs_SP,139,28.4,58.3,40.8,43.8,40.7,-3.1,stable
Christian Vázquez,HOU,vs_SP,139,41.2,53.6,19.0,36.7,28.7,-8.0,stable
Joe Mack,MIA,vs_SP,139,33.2,67.6,35.9,46.3,50.8,4.5,falling
Brandon Valenzuela,TOR,vs_SP,137,31.9,52.3,46.4,44.8,52.8,8.0,stable
Lars Nootbaar,ARI,vs_SP,136,47.6,65.7,63.0,60.1,68.1,8.0,falling
Hao-Yu Lee,DET,vs_SP,135,34.3,61.0,32.7,43.0,44.3,1.4,stable
Denzer Guzman,LAA,vs_SP,134,30.3,63.5,26.5,40.4,40.0,-0.5,falling
Ryan Vilade,TBR,vs_SP,134,40.5,80.8,48.5,57.8,49.8,-8.0,stable
Gary Sánchez,MIL,vs_SP,133,50.8,59.8,71.8,62.4,70.4,8.0,stable
Tommy Edman,LAD,vs_SP,132,32.9,61.7,41.7,46.5,38.8,-7.7,falling
Myles Straw,TOR,vs_SP,130,44.1,65.5,38.4,49.3,41.3,-8.0,falling
Ryan Waldschmidt,ARI,vs_SP,130,23.5,52.0,34.7,37.9,45.9,8.0,stable
Blaze Alexander,BAL,vs_SP,130,41.0,65.1,56.2,55.5,50.1,-5.4,falling
Amed Rosario,NYY,vs_SP,128,33.8,49.6,41.5,42.4,50.4,8.0,stable
Taylor Trammell,HOU,vs_SP,128,29.7,63.1,40.9,45.8,37.8,-8.0,falling
Alejandro Kirk,TOR,vs_SP,127,53.2,71.1,48.8,57.7,49.7,-8.0,stable
Tim Tawa,ARI,vs_SP,127,37.6,68.3,43.9,50.9,42.9,-8.0,falling
Freddy Fermin,SDP,vs_SP,125,37.3,63.8,36.0,46.1,54.1,8.0,falling
Luis Torrens,NYM,vs_SP,125,33.0,62.9,30.9,42.6,44.4,1.8,stable
Griffin Conine,MIA,vs_SP,124,33.5,75.9,67.8,62.0,66.1,4.1,falling
Hunter Feduccia,LAD,vs_SP,124,36.9,60.4,52.2,51.3,50.8,-0.5,stable
Dane Myers,CIN,vs_SP,124,40.0,52.3,53.1,49.6,41.6,-8.0,falling
Edmundo Sosa,PHI,vs_SP,123,34.1,46.6,43.0,42.1,50.1,8.0,stable
Michael Conforto,CHC,vs_SP,123,30.4,54.5,49.0,46.3,54.3,8.0,falling
Connor Wong,BOS,vs_SP,122,31.4,41.4,35.8,36.7,44.7,8.0,stable
Luis Robert Jr.,NYM,vs_SP,122,37.6,54.9,51.2,49.1,57.1,8.0,falling
Luisangel Acuña,CHW,vs_SP,120,38.1,62.7,20.8,39.8,41.1,1.4,stable
Ryan Kreidler,MIN,vs_SP,119,40.8,60.1,37.4,46.2,43.5,-2.7,stable
Spencer Jones,NYY,vs_SP,119,24.7,64.5,48.9,48.3,40.3,-8.0,falling
Miguel Amaya,CHC,vs_SP,118,37.1,58.4,41.1,46.2,38.2,-8.0,falling
Nicky Lopez,TEX,vs_SP,117,44.5,42.1,19.5,33.7,25.7,-8.0,stable
Agustín Ramírez,MIA,vs_SP,113,41.5,66.1,47.0,52.3,44.3,-8.0,falling
Donovan Walton,ATH,vs_SP,112,44.7,74.0,46.7,55.7,54.8,-0.9,falling
Drew Romo,CHW,vs_SP,111,35.3,72.7,31.8,47.0,39.4,-7.7,falling
Pedro Pagés,STL,vs_SP,111,30.1,51.5,32.0,38.4,45.6,7.2,stable
Esteury Ruiz,MIA,vs_SP,110,30.5,80.1,47.1,54.5,46.5,-8.0,falling
Randal Grichuk,CHW,vs_SP,110,32.9,90.7,43.9,57.5,49.5,-8.0,stable
Trevor Story,BOS,vs_SP,109,22.6,38.9,20.5,27.4,31.5,4.1,stable
Jacob Gonzalez,PIT,vs_SP,109,35.6,58.4,32.0,42.1,50.1,8.0,falling
Miguel Rojas,LAD,vs_SP,108,43.7,61.9,39.9,48.5,43.1,-5.4,stable
Jose Fernandez,ARI,vs_SP,108,37.1,66.2,33.3,45.8,37.8,-8.0,stable
Austin Hedges,CLE,vs_SP,108,46.1,63.6,37.4,48.8,40.8,-8.0,stable
Justin Foscue,TEX,vs_SP,103,37.1,63.0,47.2,50.2,42.2,-8.0,falling
Andrés Chaparro,WSN,vs_SP,103,41.7,69.5,64.5,60.5,68.5,8.0,falling
Brett Sullivan,COL,vs_SP,102,43.0,28.8,34.1,34.4,26.4,-8.0,stable
Luis Campusano,SDP,vs_SP,98,38.8,77.5,64.5,62.6,54.6,-8.0,falling
Leo Jiménez,MIA,vs_SP,98,34.5,60.3,43.0,46.9,54.9,8.0,falling
Jorge Mateo,TBR,vs_SP,98,29.5,66.0,38.3,45.8,53.8,8.0,stable
Elias Díaz,TEX,vs_SP,97,35.8,51.9,20.8,35.4,27.4,-8.0,falling
Nick Sogard,BOS,vs_SP,97,43.1,50.5,54.6,50.3,42.3,-8.0,falling
David Fry,CLE,vs_SP,96,38.5,73.1,47.3,54.2,46.2,-8.0,stable
Jose Siri,LAA,vs_SP,96,28.0,75.2,37.0,48.1,46.3,-1.8,falling
Cooper Pratt,MIL,vs_SP,95,46.3,59.2,45.8,50.6,42.6,-8.0,falling
Tyrone Taylor,CHC,vs_SP,95,40.2,63.9,44.4,50.2,42.2,-8.0,stable
Alika Williams,ATH,vs_SP,94,38.2,77.2,20.1,44.6,36.6,-8.0,stable
Eli White,BOS,vs_SP,94,32.7,51.4,26.6,36.8,28.8,-8.0,stable
Tyler Heineman,LAA,vs_SP,92,36.0,49.5,12.7,31.4,39.4,8.0,falling
Tommy White,ATH,vs_SP,91,38.0,65.1,30.3,44.4,52.4,8.0,falling
Darell Hernaiz,ATH,vs_SP,91,40.5,68.6,38.2,49.4,41.4,-8.0,stable
Javier Báez,DET,vs_SP,91,36.7,52.3,25.4,37.7,45.7,8.0,falling
Brenton Doyle,CHW,vs_SP,90,31.5,68.7,30.5,44.1,36.1,-8.0,falling
Pedro Ramírez,CHC,vs_SP,88,43.8,49.8,44.3,46.1,53.3,7.2,falling
Derek Hill,PHI,vs_SP,86,26.2,53.8,34.3,39.1,31.1,-8.0,stable
Danny Jansen,TEX,vs_SP,84,31.5,47.4,27.9,35.6,28.9,-6.8,stable
Roman Anthony,BOS,vs_SP,83,38.2,46.4,60.1,49.8,57.8,8.0,stable
Jake Rogers,CHW,vs_SP,82,29.9,65.9,31.6,43.2,51.2,8.0,stable
Edwin Arroyo,CIN,vs_SP,82,29.1,38.5,31.3,33.2,41.2,8.0,stable
Victor Robles,SEA,vs_SP,81,38.2,55.9,36.9,43.8,51.8,8.0,stable
Nick Allen,HOU,vs_SP,80,39.3,53.3,24.7,38.4,30.4,-8.0,stable
Gabriel Arias,CHC,vs_SP,79,15.1,44.8,28.3,30.8,38.8,8.0,stable
Max Kepler,ARI,vs_SP,78,33.7,65.3,35.4,45.5,37.5,-8.0,falling
Jose Trevino,CIN,vs_SP,76,36.5,54.3,8.7,31.6,23.6,-8.0,stable
Weston Wilson,SEA,vs_SP,76,26.5,60.3,33.4,41.1,39.3,-1.8,falling
Bryan Torres,STL,vs_SP,75,42.4,59.6,40.7,47.8,39.8,-8.0,falling
Jimmy Crooks,STL,vs_SP,74,22.5,47.3,27.3,33.1,41.1,8.0,falling
Petey Halpin,CLE,vs_SP,74,37.4,69.7,27.1,44.6,36.6,-8.0,stable
Matt Shaw,CHC,vs_SP,72,41.7,61.1,48.0,51.0,43.0,-8.0,stable
Jordan Beck,COL,vs_SP,71,25.2,26.1,22.8,24.5,16.5,-8.0,falling
Tyler Tolbert,KCR,vs_SP,71,43.1,62.1,45.6,50.7,56.1,5.4,stable
Alex Call,LAD,vs_SP,71,47.3,56.5,40.1,47.7,39.7,-8.0,stable
Christian Koss,SFG,vs_SP,70,31.8,51.6,20.2,34.1,38.6,4.5,falling
Luis Lara,MIL,vs_SP,70,44.3,45.1,53.3,48.2,56.2,8.0,falling
Jahmai Jones,BOS,vs_SP,69,32.7,54.6,51.2,47.8,43.3,-4.5,stable
Sung-Mun Song,SDP,vs_SP,69,42.4,63.4,43.9,50.3,52.1,1.8,stable
Jorge Barrosa,ARI,vs_SP,68,31.2,60.1,21.5,37.4,29.4,-8.0,stable
James McCann,ARI,vs_SP,68,28.4,56.3,31.3,39.3,47.3,8.0,stable
LaMonte Wade Jr.,HOU,vs_SP,68,38.1,52.4,44.3,45.6,53.6,8.0,falling
Alek Thomas,LAD,vs_SP,65,32.1,56.9,27.7,39.0,47.0,8.0,stable
Christian Encarnacion-Strand,BAL,vs_SP,65,36.3,83.5,55.2,60.4,52.4,-8.0,falling
Nick Yorke,PIT,vs_SP,63,32.9,56.5,34.2,41.7,49.7,8.0,stable
Samad Taylor,SDP,vs_SP,60,29.8,66.1,52.0,51.4,59.4,8.0,stable
Drew Cavanaugh,SFG,vs_SP,60,36.3,49.4,54.5,48.2,56.2,8.0,falling
Adam Frazier,LAA,vs_SP,57,30.7,73.6,30.9,45.8,37.8,-8.0,stable
Osleivis Basabe,SFG,vs_SP,55,37.5,57.0,25.8,39.7,36.5,-3.2,falling
Christopher Morel,NYM,vs_SP,55,25.9,45.5,29.1,34.0,37.6,3.6,rising
Brett Bateman,TOR,vs_SP,54,36.7,64.1,34.0,45.2,37.2,-8.0,falling
Charles McAdoo,TOR,vs_SP,53,34.7,59.2,34.7,43.3,40.1,-3.1,stable
Abimelec Ortiz,WSN,vs_SP,53,37.1,81.1,36.5,52.3,44.3,-8.0,falling
Max Clark,DET,vs_SP,53,45.9,64.8,47.9,53.4,45.4,-8.0,falling
Rafael Flores Jr.,PIT,vs_SP,52,26.5,62.3,56.0,50.8,58.8,8.0,falling
Ha-Seong Kim,ATL,vs_SP,52,30.7,28.7,16.1,24.2,32.2,8.0,stable
Nelson Velázquez,HOU,vs_SP,52,38.1,65.1,53.0,53.5,61.5,8.0,stable
Ramón Urías,STL,vs_SP,51,38.1,48.5,40.6,42.8,50.8,8.0,stable
John Rave,KCR,vs_SP,50,37.5,61.8,51.8,51.7,59.7,8.0,falling
George Lombard Jr.,NYY,vs_SP,47,36.5,47.7,45.6,44.1,52.1,8.0,falling
Kaelen Culpepper,MIN,vs_SP,39,33.7,80.2,44.8,54.4,46.4,-8.0,falling
Austin Hays,SDP,vs_SP,34,34.5,65.0,26.2,41.8,40.9,-0.9,stable
Sean Murphy,ATL,vs_SP,34,13.7,52.9,12.4,26.9,18.9,-8.0,stable
Cody Freeman,TEX,vs_SP,33,48.6,70.0,29.2,48.3,40.3,-8.0,stable
Christian Moore,LAA,vs_SP,29,33.9,60.9,40.1,45.8,53.8,8.0,stable
Brian Navarreto,MIA,vs_SP,27,18.6,49.6,7.2,24.9,32.1,7.2,falling
Shay Whitcomb,SFG,vs_SP,23,0.0,50.5,8.7,21.1,29.1,8.0,falling
Turner Hill,SFG,vs_SP,23,55.3,62.5,72.8,64.8,72.8,8.0,falling
Brett Callahan,DET,vs_SP,20,37.4,74.7,43.0,52.7,60.7,8.0,falling
Zac Veen,COL,vs_SP,19,25.1,47.0,46.6,41.4,33.4,-8.0,falling
Nate Furman,SFG,vs_SP,13,28.6,38.2,26.8,31.2,39.2,8.0,falling
Pete Crow-Armstrong,CHC,vs_RP,265,33.3,65.4,63.0,56.4,48.4,-8.0,stable
Michael Busch,CHC,vs_RP,264,34.6,44.7,52.9,45.4,53.4,8.0,falling
Nico Hoerner,CHC,vs_RP,262,49.6,44.4,41.6,44.6,52.6,8.0,falling
Alex Bregman,CHC,vs_RP,261,45.9,55.7,48.9,50.5,42.5,-8.0,falling
Daylen Lile,WSN,vs_RP,253,34.6,60.0,42.5,46.7,53.9,7.2,falling
Brayan Rocchio,CLE,vs_RP,253,40.5,54.6,32.5,42.2,43.1,0.9,falling
Gunnar Henderson,BAL,vs_RP,249,36.4,60.7,46.3,48.9,43.9,-5.0,rising
Ian Happ,CHC,vs_RP,248,27.4,56.9,47.6,45.8,37.8,-8.0,falling
Spencer Torkelson,DET,vs_RP,248,21.5,59.4,45.7,44.4,36.4,-8.0,falling
Bryan Reynolds,PIT,vs_RP,243,33.7,64.8,60.4,55.2,61.5,6.3,falling
Austin Riley,ATL,vs_RP,242,20.4,49.5,38.5,37.8,37.8,0.0,falling
CJ Abrams,WSN,vs_RP,242,26.0,66.8,43.7,47.4,44.7,-2.7,falling
Pete Alonso,BAL,vs_RP,241,38.5,63.2,70.9,60.1,68.1,8.0,falling
Steven Kwan,CLE,vs_RP,241,53.0,56.7,60.5,57.3,54.2,-3.2,falling
Chase Meidroth,CHW,vs_RP,240,29.2,69.0,37.8,46.5,38.5,-8.0,falling
Dillon Dingler,DET,vs_RP,240,31.1,68.5,49.7,51.6,43.6,-8.0,falling
Rafael Devers,SFG,vs_RP,239,28.9,67.9,49.2,50.7,42.7,-8.0,stable
Matt Olson,ATL,vs_RP,239,31.7,67.3,57.1,54.3,46.3,-8.0,falling
Miguel Vargas,CHW,vs_RP,238,41.1,73.0,72.8,64.9,72.9,8.0,stable
Kevin McGonigle,DET,vs_RP,238,49.3,56.8,62.1,57.0,62.0,4.9,falling
Bryson Stott,PHI,vs_RP,236,40.3,51.8,48.9,47.7,39.7,-8.0,stable
Luis Arraez,PHI,vs_RP,236,51.9,37.3,35.4,40.2,48.2,8.0,falling
Jazz Chisholm Jr.,NYY,vs_RP,236,28.4,50.6,42.2,41.7,33.7,-8.0,falling
Wilyer Abreu,BOS,vs_RP,235,35.2,44.8,53.5,45.9,53.5,7.6,stable
Sal Stewart,CIN,vs_RP,235,37.4,46.6,59.0,49.3,56.5,7.2,falling
Iván Herrera,STL,vs_RP,235,40.8,56.0,54.3,51.5,48.4,-3.2,falling
Seiya Suzuki,CHC,vs_RP,235,28.4,57.3,54.7,49.0,41.0,-8.0,falling
Alec Bohm,PHI,vs_RP,233,41.5,43.5,44.8,43.5,51.2,7.7,stable
Cole Young,SEA,vs_RP,232,35.6,55.0,41.3,44.7,52.7,8.0,falling
Jakob Marsee,MIA,vs_RP,232,38.1,57.0,49.1,49.2,54.6,5.4,stable
Brandon Marsh,PHI,vs_RP,231,29.2,46.7,38.5,39.0,31.4,-7.7,stable
Brooks Lee,MIN,vs_RP,231,36.5,52.4,34.3,41.2,33.2,-8.0,falling
Junior Caminero,TBR,vs_RP,231,40.4,68.4,66.1,60.5,68.5,8.0,falling
Ozzie Albies,ATL,vs_RP,231,36.0,55.0,37.7,43.3,35.3,-8.0,falling
Kyle Schwarber,PHI,vs_RP,231,30.1,57.3,71.3,56.1,53.4,-2.7,falling
Jo Adell,CLE,vs_RP,231,27.4,55.9,42.1,43.3,51.3,8.0,stable
Mauricio Dubón,ATL,vs_RP,230,41.8,53.0,40.0,45.0,37.0,-8.0,falling
Jordan Walker,STL,vs_RP,230,29.2,69.2,52.3,52.5,44.5,-8.0,falling
Alec Burleson,STL,vs_RP,230,46.0,62.8,62.8,58.6,65.3,6.8,falling
Ceddanne Rafaela,BOS,vs_RP,230,33.7,47.0,27.4,35.8,27.8,-8.0,falling
Otto Lopez,MIA,vs_RP,230,43.1,70.0,43.2,52.5,44.5,-8.0,falling
Ben Rice,NYY,vs_RP,230,31.0,62.5,64.9,55.6,47.6,-8.0,falling
Brandon Lowe,PIT,vs_RP,228,21.5,64.7,44.0,45.6,43.4,-2.2,falling
Kyle Tucker,LAD,vs_RP,228,37.8,53.0,48.2,47.3,52.7,5.4,falling
Colson Montgomery,CHW,vs_RP,226,13.6,61.1,39.7,40.7,48.7,8.0,falling
Taylor Ward,SEA,vs_RP,226,36.1,55.0,61.4,52.8,60.8,8.0,falling
Carson Benge,NYM,vs_RP,226,31.6,61.5,48.0,48.6,40.6,-8.0,stable
Jonathan Aranda,TBR,vs_RP,226,35.1,64.0,56.1,53.6,57.7,4.0,falling
Xavier Edwards,MIA,vs_RP,226,46.2,59.2,48.6,51.7,48.1,-3.6,falling
Jarren Duran,BOS,vs_RP,226,24.4,42.0,38.0,36.0,31.9,-4.1,stable
Bryce Harper,PHI,vs_RP,226,47.1,55.4,80.3,63.2,71.2,8.0,stable
Geraldo Perdomo,ARI,vs_RP,225,51.6,54.8,56.8,54.8,62.8,8.0,falling
Michael Harris II,ATL,vs_RP,225,32.3,61.9,41.6,46.4,38.4,-8.0,falling
Luke Keaschall,MIN,vs_RP,225,38.5,55.9,45.7,47.5,41.2,-6.3,falling
Nick Gonzales,PIT,vs_RP,225,41.8,66.9,50.5,54.1,46.1,-8.0,falling
Jung Hoo Lee,SFG,vs_RP,224,48.8,63.7,38.5,49.9,41.9,-8.0,falling
Trea Turner,PHI,vs_RP,224,32.6,42.3,36.2,37.4,36.5,-0.9,falling
Ernie Clement,TOR,vs_RP,224,46.1,61.0,24.7,42.7,34.7,-8.0,falling
William Contreras,MIL,vs_RP,224,45.9,49.5,50.3,48.9,56.9,8.0,stable
Shohei Ohtani,LAD,vs_RP,223,32.2,58.6,70.4,56.7,64.7,8.0,falling
Fernando Tatis Jr.,SDP,vs_RP,222,35.8,71.1,53.6,55.3,59.3,4.1,stable
Corbin Carroll,ARI,vs_RP,222,41.3,65.7,62.5,58.3,61.4,3.1,falling
Brice Turang,MIL,vs_RP,221,36.9,56.5,63.4,54.3,46.3,-8.0,falling
Kazuma Okamoto,TOR,vs_RP,220,18.4,59.4,42.6,42.4,48.3,5.9,falling
Bo Bichette,NYM,vs_RP,220,33.9,50.9,42.2,43.2,51.2,8.0,stable
TJ Rumfield,COL,vs_RP,220,43.2,33.7,50.7,42.9,34.9,-8.0,falling
Jackson Merrill,SDP,vs_RP,220,29.4,68.5,44.7,49.2,55.5,6.3,stable
Manny Machado,SDP,vs_RP,217,38.5,67.7,58.6,56.7,60.3,3.6,falling
Freddie Freeman,LAD,vs_RP,216,41.8,61.9,63.1,57.4,52.4,-5.0,falling
Yandy Díaz,TBR,vs_RP,216,43.5,68.5,54.8,56.8,48.8,-8.0,falling
Christian Walker,HOU,vs_RP,215,29.9,56.3,40.4,43.3,35.3,-8.0,falling
Josh Naylor,SEA,vs_RP,215,44.8,63.3,41.7,50.0,42.0,-8.0,falling
Zach Neto,LAA,vs_RP,215,21.7,71.2,43.5,47.8,39.8,-8.0,falling
Nolan Arenado,ARI,vs_RP,214,33.8,68.1,37.5,47.3,39.3,-8.0,falling
Yordan Alvarez,HOU,vs_RP,214,46.3,60.2,96.8,71.4,79.4,8.0,falling
Carter Jensen,KCR,vs_RP,213,25.7,64.0,45.3,46.9,38.9,-8.0,stable
Caleb Durbin,BOS,vs_RP,213,43.5,41.0,36.3,39.8,31.8,-8.0,falling
Jake Bauers,MIL,vs_RP,213,33.3,60.7,69.4,57.3,53.7,-3.6,falling
Chase DeLauter,CLE,vs_RP,212,43.2,67.3,50.0,54.3,46.3,-8.0,falling
Cam Smith,HOU,vs_RP,212,28.5,55.5,42.8,43.7,45.0,1.4,falling
Josh Bell,MIN,vs_RP,211,31.6,55.2,46.6,45.9,53.9,8.0,stable
Isaac Paredes,HOU,vs_RP,211,43.4,59.7,51.9,52.5,44.5,-8.0,falling
Max Muncy,LAD,vs_RP,211,31.9,56.4,59.1,51.3,59.3,8.0,falling
Marcus Semien,NYM,vs_RP,211,35.1,52.1,43.3,44.3,48.4,4.1,stable
Isaac Collins,KCR,vs_RP,210,34.0,59.2,47.3,48.1,41.8,-6.3,falling
Ildemaro Vargas,ARI,vs_RP,209,44.7,59.9,35.8,46.5,38.5,-8.0,falling
Salvador Perez,KCR,vs_RP,209,31.1,57.5,35.8,42.2,50.2,8.0,falling
Garrett Mitchell,MIL,vs_RP,208,18.3,55.2,58.4,47.3,43.7,-3.6,falling
Lawrence Butler,ATH,vs_RP,207,28.4,71.9,52.8,53.4,45.4,-8.0,stable
Randy Arozarena,SEA,vs_RP,207,30.0,68.7,47.5,50.6,42.6,-8.0,falling
Chandler Simpson,TBR,vs_RP,207,46.4,56.6,25.0,41.4,33.4,-8.0,falling
Jake Burger,TEX,vs_RP,207,31.1,51.5,42.6,42.8,34.8,-8.0,falling
Julio Rodríguez,SEA,vs_RP,206,33.3,62.0,51.1,50.5,58.5,8.0,falling
Bobby Witt Jr.,KCR,vs_RP,206,40.1,64.7,71.5,61.3,69.3,8.0,falling
Willi Castro,COL,vs_RP,205,24.0,17.4,45.8,30.4,38.0,7.7,stable
Andrés Giménez,TOR,vs_RP,204,34.2,47.6,22.6,34.2,41.4,7.2,falling
Jac Caglianone,KCR,vs_RP,204,20.5,69.5,48.3,48.8,48.3,-0.5,stable
Xander Bogaerts,SDP,vs_RP,204,41.8,56.4,53.9,51.7,59.7,8.0,stable
Nasim Nuñez,WSN,vs_RP,203,28.5,48.8,33.8,37.7,41.3,3.6,falling
Leody Taveras,BAL,vs_RP,202,20.8,53.8,34.6,37.8,34.2,-3.6,falling
Liam Hicks,TBR,vs_RP,202,48.5,61.1,46.5,52.1,49.4,-2.7,stable
Elly De La Cruz,CIN,vs_RP,201,30.1,53.9,62.8,51.5,43.5,-8.0,falling
Cedric Mullins,TBR,vs_RP,200,32.5,56.8,28.2,39.3,36.6,-2.7,falling
Brandon Nimmo,TEX,vs_RP,199,25.4,47.7,50.9,43.4,51.4,8.0,falling
Mike Trout,LAA,vs_RP,199,36.1,64.7,80.7,64.0,72.0,8.0,falling
Kody Clemens,MIN,vs_RP,199,21.6,48.9,42.1,39.3,47.3,8.0,falling
José Caballero,NYY,vs_RP,199,24.2,46.4,28.5,33.7,25.7,-8.0,falling
Ezequiel Duran,TEX,vs_RP,199,23.9,52.3,34.0,37.9,29.9,-8.0,falling
Willson Contreras,BOS,vs_RP,198,29.8,44.0,59.3,46.6,54.6,8.0,falling
Cody Bellinger,NYY,vs_RP,198,48.6,51.3,57.4,53.0,53.0,0.0,falling
Hunter Goodman,COL,vs_RP,198,19.2,40.8,43.2,36.4,28.4,-8.0,falling
Justin Crawford,PHI,vs_RP,198,32.3,38.6,36.0,36.0,40.5,4.5,stable
Tristan Peters,CHW,vs_RP,197,41.0,79.1,44.3,55.7,47.7,-8.0,rising
Vladimir Guerrero Jr.,TOR,vs_RP,197,47.4,55.7,51.6,52.0,57.4,5.4,falling
Trent Grisham,NYY,vs_RP,196,42.5,48.3,57.2,50.4,58.4,8.0,falling
Luis García Jr.,NYY,vs_RP,195,35.7,63.8,46.7,49.9,41.9,-8.0,falling
Javier Sanoja,MIA,vs_RP,194,44.2,61.3,29.7,44.4,36.4,-8.0,stable
Ezequiel Tovar,COL,vs_RP,194,27.4,14.9,33.8,25.6,31.4,5.9,stable
Gabriel Moreno,ARI,vs_RP,193,47.2,61.7,66.3,59.9,61.3,1.4,falling
Daulton Varsho,HOU,vs_RP,192,31.9,48.0,36.6,39.4,43.9,4.5,falling
Drake Baldwin,ATL,vs_RP,191,37.9,51.8,62.4,52.6,60.6,8.0,falling
Travis Bazzana,CLE,vs_RP,190,31.2,56.6,42.5,44.6,46.8,2.2,falling
Zach McKinstry,DET,vs_RP,189,41.9,51.4,40.2,44.5,45.4,0.9,falling
Sam Antonacci,CHW,vs_RP,188,37.8,71.2,51.1,54.8,46.8,-8.0,falling
Jackson Chourio,MIL,vs_RP,188,31.1,51.0,50.6,45.8,53.8,8.0,stable
Jeff McNeil,ATH,vs_RP,188,44.4,63.2,40.8,49.5,56.3,6.8,falling
Jake Mangum,PIT,vs_RP,187,30.2,54.0,33.2,39.7,38.8,-0.9,falling
Taylor Walls,TBR,vs_RP,185,31.1,52.7,34.3,39.9,31.9,-8.0,falling
Royce Lewis,MIN,vs_RP,185,27.9,57.2,43.6,44.5,44.5,0.0,falling
JJ Bleday,CIN,vs_RP,184,34.9,45.4,60.4,48.8,56.8,8.0,falling
Heriberto Hernández,MIA,vs_RP,184,29.9,77.1,53.6,55.9,47.9,-8.0,falling
Brett Baty,NYM,vs_RP,184,21.7,42.7,42.6,37.4,45.4,8.0,falling
J.T. Realmuto,PHI,vs_RP,183,37.4,42.7,48.1,43.5,51.5,8.0,falling
José Ramírez,CLE,vs_RP,183,44.8,53.9,56.9,52.8,60.8,8.0,falling
Matt McLain,CIN,vs_RP,181,26.0,37.6,45.2,37.7,45.7,8.0,falling
Munetaka Murakami,CHW,vs_RP,181,21.7,79.2,67.7,60.2,61.6,1.4,falling
Ty France,SDP,vs_RP,181,27.3,78.5,48.4,53.7,45.7,-8.0,stable
Jake McCarthy,COL,vs_RP,180,40.7,26.9,38.4,34.9,26.9,-8.0,falling
Jose Altuve,HOU,vs_RP,180,34.8,54.5,33.8,41.3,33.3,-8.0,falling
Christian Yelich,MIL,vs_RP,179,23.8,45.0,46.2,40.2,48.2,8.0,falling
Nathan Church,STL,vs_RP,178,29.9,42.8,31.2,34.9,42.9,8.0,stable
A.J. Ewing,NYM,vs_RP,178,25.8,45.7,45.3,40.6,48.6,8.0,falling
Tyler Stephenson,CIN,vs_RP,178,28.9,49.3,54.5,46.3,38.3,-8.0,falling
Carson Kelly,CHC,vs_RP,177,49.2,52.8,49.8,50.7,42.7,-8.0,falling
Joey Ortiz,MIL,vs_RP,175,37.2,50.1,38.9,42.4,34.4,-8.0,falling
Eugenio Suárez,CIN,vs_RP,175,16.0,46.2,38.6,35.6,27.6,-8.0,stable
Lane Thomas,ATL,vs_RP,173,29.7,45.3,49.3,43.0,51.0,8.0,stable
Troy Johnston,COL,vs_RP,172,40.1,28.5,50.1,40.0,32.0,-8.0,falling
Kyle Stowers,MIA,vs_RP,171,22.3,73.2,50.2,51.3,43.3,-8.0,falling
Jacob Young,WSN,vs_RP,171,46.0,62.1,43.3,50.6,51.9,1.4,stable
Drew Gilbert,SFG,vs_RP,171,41.3,50.4,53.1,49.2,57.2,8.0,stable
Mookie Betts,LAD,vs_RP,171,48.3,54.7,44.8,49.1,52.3,3.2,falling
Teoscar Hernández,LAD,vs_RP,170,23.2,49.2,42.3,39.9,47.9,8.0,falling
Nick Loftin,KCR,vs_RP,170,45.8,69.7,42.8,52.9,44.9,-8.0,falling
Francisco Alvarez,NYM,vs_RP,168,15.1,51.5,47.5,40.8,48.8,8.0,falling
George Springer,TOR,vs_RP,168,40.4,61.5,42.4,48.6,40.6,-8.0,falling
Mike Yastrzemski,ATL,vs_RP,168,30.5,51.3,48.9,45.2,42.0,-3.2,falling
Dominic Canzone,SEA,vs_RP,168,34.5,65.4,54.1,53.2,58.1,5.0,falling
Cal Raleigh,SEA,vs_RP,167,27.0,55.2,51.8,46.8,54.8,8.0,stable
Bryce Eldridge,SFG,vs_RP,167,28.5,57.2,60.9,51.5,59.5,8.0,falling
Evan Carter,TEX,vs_RP,167,30.6,35.7,37.8,35.2,43.2,8.0,falling
Spencer Horwitz,PIT,vs_RP,166,47.1,62.3,56.5,56.2,48.2,-8.0,falling
Andruw Monasterio,BOS,vs_RP,166,29.6,35.0,33.4,33.0,41.0,8.0,falling
Angel Martínez,CLE,vs_RP,164,24.4,60.0,33.1,40.3,40.8,0.5,stable
Colton Cowser,BAL,vs_RP,164,24.6,59.3,51.3,47.4,49.7,2.2,falling
Andrew Benintendi,CHW,vs_RP,163,29.9,74.9,43.7,51.2,43.2,-8.0,falling
Sal Frelick,MIL,vs_RP,158,44.9,44.7,36.9,41.6,39.4,-2.2,rising
David Hamilton,MIL,vs_RP,157,32.3,47.8,34.8,38.7,30.7,-8.0,falling
Vinnie Pasquantino,KCR,vs_RP,157,39.4,60.6,47.7,50.1,58.1,8.0,rising
Coby Mayo,BAL,vs_RP,157,17.3,59.8,38.5,40.7,46.5,5.9,falling
Victor Caratini,MIN,vs_RP,156,35.9,47.7,44.5,43.5,51.5,8.0,stable
Vaughn Grissom,LAA,vs_RP,155,36.0,69.6,37.9,48.5,40.5,-8.0,falling
Oswald Peraza,LAA,vs_RP,155,18.1,58.5,25.5,35.2,30.3,-5.0,stable
Mickey Moniak,COL,vs_RP,153,24.5,27.5,31.1,28.2,20.2,-8.0,falling
Nathaniel Lowe,CLE,vs_RP,153,26.6,53.3,52.0,46.1,54.1,8.0,falling
Trevor Larnach,MIN,vs_RP,153,43.9,55.0,53.3,51.6,57.9,6.3,falling
José Fermín,STL,vs_RP,153,43.2,50.7,39.1,44.2,43.8,-0.5,falling
Dylan Crews,WSN,vs_RP,152,24.5,59.0,43.1,44.1,52.1,8.0,falling
Heliot Ramos,NYY,vs_RP,151,22.0,49.3,41.4,39.3,36.2,-3.2,falling
Dane Myers,CIN,vs_RP,150,29.6,39.9,47.2,40.2,45.2,5.0,falling
Henry Bolte,ATH,vs_RP,150,24.8,64.7,36.5,43.5,43.9,0.5,falling
Samuel Basallo,BAL,vs_RP,149,18.1,51.9,43.6,40.1,48.1,8.0,falling
Colt Keith,DET,vs_RP,148,35.2,46.3,46.8,43.7,51.7,8.0,stable
Paul Goldschmidt,NYY,vs_RP,147,29.3,45.3,41.3,39.7,45.6,5.9,stable
Dominic Smith,ATL,vs_RP,147,44.2,43.2,41.5,42.8,50.8,8.0,stable
Austin Wells,NYY,vs_RP,147,33.7,49.4,45.4,43.9,35.9,-8.0,falling
J.P. Crawford,SEA,vs_RP,145,30.7,48.8,53.6,46.2,54.2,8.0,falling
Juan Soto,NYM,vs_RP,143,54.2,69.9,86.4,72.6,76.2,3.6,falling
Keibert Ruiz,WSN,vs_RP,143,44.0,65.9,30.6,46.3,38.3,-8.0,stable
Myles Straw,TOR,vs_RP,143,44.2,45.6,37.9,42.2,50.2,8.0,falling
Patrick Bailey,CLE,vs_RP,142,26.6,59.3,42.9,44.6,45.5,0.9,stable
Richie Palacios,TBR,vs_RP,141,37.3,57.9,45.1,47.6,54.8,7.2,falling
Jared Triolo,PIT,vs_RP,141,34.7,50.1,37.1,41.1,49.1,8.0,stable
Joc Pederson,TEX,vs_RP,140,29.6,50.0,53.4,46.2,53.4,7.2,falling
Adley Rutschman,BOS,vs_RP,140,43.5,41.6,48.3,44.7,52.7,8.0,falling
Nathan Lukes,TOR,vs_RP,140,38.1,60.6,33.1,44.0,36.0,-8.0,falling
Jonny DeLuca,TBR,vs_RP,139,35.1,70.9,26.0,44.0,36.0,-8.0,falling
Jackson Holliday,BAL,vs_RP,139,33.8,57.5,47.2,47.5,40.3,-7.2,falling
Oneil Cruz,PIT,vs_RP,138,17.4,64.8,60.5,51.2,59.2,8.0,stable
Tim Tawa,ARI,vs_RP,138,27.6,56.5,43.6,44.1,52.1,8.0,falling
Jake Cronenworth,SDP,vs_RP,137,38.7,63.6,41.0,48.3,40.3,-8.0,falling
Nick Fortes,TBR,vs_RP,137,43.4,60.5,28.8,43.5,35.5,-8.0,stable
Jeremy Peña,HOU,vs_RP,137,33.5,57.0,43.3,45.6,37.6,-8.0,falling
Gleyber Torres,DET,vs_RP,137,38.3,55.1,53.0,50.0,50.5,0.5,falling
Francisco Lindor,NYM,vs_RP,137,39.7,60.0,55.0,52.9,47.5,-5.4,falling
Zack Gelof,ATH,vs_RP,137,23.9,83.0,36.4,49.6,41.6,-8.0,falling
Jorbit Vivas,WSN,vs_RP,135,41.1,55.5,37.3,44.6,41.0,-3.6,stable
Wyatt Langford,TEX,vs_RP,132,31.9,55.7,45.6,45.7,37.7,-8.0,stable
Jonah Heim,ATH,vs_RP,132,32.3,65.6,36.9,45.8,53.8,8.0,falling
Ronald Acuña Jr.,ATL,vs_RP,130,25.1,49.8,58.4,47.1,55.1,8.0,falling
Brady House,WSN,vs_RP,130,22.4,67.0,47.7,48.1,52.6,4.5,falling
Joe Mack,MIA,vs_RP,130,25.3,66.7,35.4,43.8,35.8,-8.0,falling
Braden Montgomery,CHW,vs_RP,129,29.7,60.1,43.1,45.7,53.7,8.0,falling
Jared Young,NYM,vs_RP,129,33.8,54.6,41.7,44.2,43.3,-0.9,falling
Andrew Vaughn,MIL,vs_RP,128,42.0,54.5,50.9,49.9,41.9,-8.0,falling
Yainer Diaz,HOU,vs_RP,127,37.9,49.2,35.2,40.8,44.4,3.6,falling
Connor Norby,COL,vs_RP,127,20.1,21.7,40.6,28.8,22.1,-6.8,stable
Hao-Yu Lee,DET,vs_RP,126,29.8,57.7,42.9,44.8,36.8,-8.0,stable
Blaze Alexander,BAL,vs_RP,125,25.5,59.0,48.7,46.5,54.5,8.0,falling
Carlos Cortes,ATH,vs_RP,125,36.6,64.0,37.3,46.5,54.5,8.0,falling
Michael Conforto,CHC,vs_RP,122,29.2,62.9,53.2,50.6,42.6,-8.0,falling
Owen Caissie,MIA,vs_RP,120,15.8,61.6,39.1,41.1,42.5,1.4,falling
Kyle Isbel,KCR,vs_RP,120,23.2,57.6,25.8,36.3,28.3,-8.0,falling
Luis Torrens,NYM,vs_RP,119,39.4,54.2,43.1,46.1,38.1,-8.0,stable
Ryan Waldschmidt,ARI,vs_RP,119,30.5,69.9,44.1,49.7,41.7,-8.0,stable
Ryan Jeffers,MIN,vs_RP,118,43.5,68.6,62.2,59.7,51.7,-8.0,falling
Lars Nootbaar,ARI,vs_RP,118,34.4,58.1,58.3,52.3,60.3,8.0,falling
Josh Lowe,LAA,vs_RP,117,11.9,58.1,34.9,37.3,42.7,5.4,falling
José Tena,WSN,vs_RP,117,17.8,68.6,43.4,45.8,37.8,-8.0,falling
Carlos Narváez,BAL,vs_RP,115,14.0,46.5,28.8,31.3,39.3,8.0,falling
Henry Davis,PIT,vs_RP,115,32.5,55.4,38.1,42.8,45.5,2.7,stable
Dylan Beavers,BAL,vs_RP,114,31.3,61.7,47.2,48.3,40.3,-8.0,falling
Cole Carrigg,COL,vs_RP,114,42.4,24.7,55.2,41.3,33.3,-8.0,falling
Moisés Ballesteros,LAA,vs_RP,113,27.3,51.6,38.4,40.3,48.3,8.0,falling
Corey Seager,TEX,vs_RP,112,23.6,46.2,63.6,47.5,55.5,8.0,falling
Freddy Fermin,SDP,vs_RP,112,36.4,58.1,31.6,42.1,49.3,7.2,falling
Alejandro Kirk,TOR,vs_RP,111,44.2,51.8,47.0,48.0,56.0,8.0,stable
Logan O'Hoppe,TEX,vs_RP,111,26.1,35.5,26.6,29.6,37.6,8.0,stable
Nicky Lopez,TEX,vs_RP,109,27.9,35.7,24.5,29.3,28.4,-0.9,stable
Gary Sánchez,MIL,vs_RP,109,34.0,61.4,59.5,53.8,45.8,-8.0,stable
Nolan Gorman,STL,vs_RP,109,21.6,44.3,38.3,36.2,44.2,8.0,stable
Tyrone Taylor,CHC,vs_RP,108,35.6,55.7,38.8,43.9,35.9,-8.0,stable
Ryan Kreidler,MIN,vs_RP,107,25.5,53.8,31.4,37.8,36.5,-1.4,stable
Christian Vázquez,HOU,vs_RP,106,28.7,45.6,26.7,33.8,25.8,-8.0,stable
Griffin Conine,MIA,vs_RP,105,21.6,78.1,60.5,56.9,48.9,-8.0,falling
Brandon Valenzuela,TOR,vs_RP,104,32.7,70.2,47.3,51.7,43.7,-8.0,stable
Esmerlyn Valdez,PIT,vs_RP,104,15.8,72.3,57.4,52.2,44.2,-8.0,falling
Derek Hill,PHI,vs_RP,104,12.7,48.3,33.4,33.5,25.5,-8.0,stable
Pedro Ramírez,CHC,vs_RP,103,36.7,58.5,42.4,46.6,38.6,-8.0,falling
Jesús Sánchez,TOR,vs_RP,102,29.3,49.9,43.0,42.0,50.0,8.0,stable
Brett Sullivan,COL,vs_RP,101,33.5,19.3,28.4,26.5,18.5,-8.0,stable
Austin Hedges,CLE,vs_RP,101,32.5,58.6,35.0,42.7,34.7,-8.0,stable
Miguel Amaya,CHC,vs_RP,100,23.8,42.4,38.5,36.2,43.4,7.2,falling
Miguel Rojas,LAD,vs_RP,99,51.2,48.3,43.4,47.1,55.1,8.0,stable
Tommy Edman,LAD,vs_RP,99,39.9,53.6,40.8,45.1,39.2,-5.9,falling
Randal Grichuk,CHW,vs_RP,99,26.9,73.7,38.2,47.8,51.0,3.2,stable
Taylor Trammell,HOU,vs_RP,99,20.1,40.9,38.3,34.6,42.6,8.0,falling
Jose Fernandez,ARI,vs_RP,99,27.8,46.9,30.3,35.5,43.5,8.0,stable
TJ Friedl,CIN,vs_RP,98,24.4,35.2,25.0,28.4,28.0,-0.4,stable
Luis Robert Jr.,NYM,vs_RP,96,30.1,65.3,49.9,50.3,42.3,-8.0,falling
Justin Foscue,TEX,vs_RP,94,23.7,48.4,43.7,40.3,38.5,-1.8,falling
Edmundo Sosa,PHI,vs_RP,94,31.0,52.0,38.4,41.3,43.1,1.8,stable
Denzer Guzman,LAA,vs_RP,93,25.4,59.2,27.8,38.2,35.5,-2.7,falling
Alex Call,LAD,vs_RP,92,37.0,49.2,41.2,42.9,37.1,-5.8,stable
Jose Siri,LAA,vs_RP,92,13.8,59.9,42.4,41.4,49.4,8.0,falling
Leo Jiménez,MIA,vs_RP,92,44.1,53.0,51.3,50.1,58.1,8.0,falling
Jorge Barrosa,ARI,vs_RP,91,28.0,56.1,27.1,37.5,29.5,-8.0,stable
Ryan Vilade,TBR,vs_RP,91,26.4,61.8,46.2,46.7,54.7,8.0,stable
Elias Díaz,TEX,vs_RP,90,21.5,41.1,29.1,31.4,34.1,2.7,falling
Esteury Ruiz,MIA,vs_RP,90,21.8,63.2,43.1,44.8,36.8,-8.0,falling
Brenton Doyle,CHW,vs_RP,90,14.7,53.8,16.3,29.0,30.8,1.8,falling
Cooper Pratt,MIL,vs_RP,88,29.2,37.8,43.3,37.8,45.8,8.0,falling
Connor Wong,BOS,vs_RP,88,35.2,47.6,40.6,41.7,33.7,-8.0,stable
Wade Meckler,LAA,vs_RP,87,40.3,52.4,44.7,46.3,54.3,8.0,falling
Luisangel Acuña,CHW,vs_RP,87,27.9,48.8,28.2,35.4,43.4,8.0,stable
Amed Rosario,NYY,vs_RP,86,26.1,57.3,40.2,42.7,34.7,-8.0,stable
Hunter Feduccia,LAD,vs_RP,85,29.7,44.4,44.6,40.8,48.8,8.0,stable
Drew Romo,CHW,vs_RP,85,32.8,51.4,27.1,37.0,45.0,8.0,falling
Petey Halpin,CLE,vs_RP,85,29.5,42.1,33.6,35.6,43.6,8.0,stable
Pedro Pagés,STL,vs_RP,85,26.3,47.7,23.5,32.7,34.9,2.2,stable
Jacob Gonzalez,PIT,vs_RP,84,34.8,62.8,37.7,45.8,37.8,-8.0,falling
Nick Sogard,BOS,vs_RP,83,43.9,44.2,54.9,48.4,40.4,-8.0,falling
Donovan Walton,ATH,vs_RP,83,41.4,81.5,55.3,61.0,53.0,-8.0,falling
Eli White,BOS,vs_RP,83,33.0,31.6,27.5,30.3,30.7,0.4,stable
Matt Shaw,CHC,vs_RP,79,39.3,48.9,36.2,41.4,36.9,-4.5,stable
Danny Jansen,TEX,vs_RP,79,21.1,42.9,27.8,31.4,23.4,-8.0,stable
Spencer Jones,NYY,vs_RP,79,15.4,37.1,48.3,36.2,44.2,8.0,falling
Agustín Ramírez,MIA,vs_RP,76,32.9,56.3,37.6,42.9,41.6,-1.3,falling
Jahmai Jones,BOS,vs_RP,76,20.0,34.7,52.7,38.2,46.2,8.0,stable
David Fry,CLE,vs_RP,76,21.9,48.2,39.5,38.1,46.1,8.0,stable
Jimmy Crooks,STL,vs_RP,75,18.6,59.7,41.2,42.0,34.0,-8.0,falling
Luis Campusano,SDP,vs_RP,74,44.0,76.5,53.7,59.2,51.2,-8.0,falling
Alika Williams,ATH,vs_RP,74,15.7,62.1,16.0,32.1,26.2,-5.9,stable
Javier Báez,DET,vs_RP,74,31.7,58.9,23.2,37.8,29.8,-8.0,falling
Tyler Heineman,LAA,vs_RP,73,42.4,51.9,19.1,36.4,34.6,-1.8,falling
Luis Lara,MIL,vs_RP,70,32.7,57.3,44.4,46.0,38.0,-8.0,falling
James McCann,ARI,vs_RP,70,29.6,70.7,29.4,43.9,35.9,-8.0,stable
Jake Rogers,CHW,vs_RP,70,27.9,64.9,50.7,50.0,42.0,-8.0,stable
Trevor Story,BOS,vs_RP,70,17.5,33.7,22.2,25.0,17.0,-8.0,stable
Sung-Mun Song,SDP,vs_RP,69,45.9,53.9,33.8,43.8,39.8,-4.1,stable
Jorge Mateo,TBR,vs_RP,69,22.0,60.9,46.1,45.3,42.6,-2.7,stable
Jordan Beck,COL,vs_RP,68,27.3,5.6,30.5,21.0,29.0,8.0,falling
Adam Frazier,LAA,vs_RP,67,27.8,57.1,31.2,39.4,31.4,-8.0,stable
Christian Encarnacion-Strand,BAL,vs_RP,66,15.0,52.9,45.0,40.2,48.2,8.0,falling
Bryan Torres,STL,vs_RP,65,31.9,55.5,37.1,42.2,36.8,-5.4,falling
Edwin Arroyo,CIN,vs_RP,65,32.8,29.8,38.4,34.0,42.0,8.0,stable
Gabriel Arias,CHC,vs_RP,65,3.4,51.5,25.7,29.1,21.1,-8.0,stable
Victor Robles,SEA,vs_RP,64,47.8,55.5,29.8,43.3,35.3,-8.0,stable
Andrés Chaparro,WSN,vs_RP,64,36.1,93.2,65.5,67.8,59.8,-8.0,falling
Nick Allen,HOU,vs_RP,63,30.0,49.9,22.4,33.9,25.9,-8.0,stable
Tyler Tolbert,KCR,vs_RP,61,36.9,74.1,39.1,50.8,42.8,-8.0,stable
Max Kepler,ARI,vs_RP,61,39.1,40.1,33.2,37.1,45.1,8.0,falling
Darell Hernaiz,ATH,vs_RP,61,45.8,54.6,36.8,45.3,53.3,8.0,stable
Tommy White,ATH,vs_RP,60,34.2,61.2,35.9,44.3,52.3,8.0,falling
Christian Koss,SFG,vs_RP,60,16.4,46.5,11.7,25.1,19.7,-5.4,falling
Drew Cavanaugh,SFG,vs_RP,59,28.9,49.3,52.9,45.6,53.6,8.0,falling
Weston Wilson,SEA,vs_RP,56,26.2,59.1,34.9,41.2,33.2,-8.0,falling
Alek Thomas,LAD,vs_RP,55,28.6,41.2,27.4,32.5,40.5,8.0,stable
Max Clark,DET,vs_RP,52,22.0,54.6,35.6,38.9,46.9,8.0,falling
Roman Anthony,BOS,vs_RP,51,36.8,37.4,72.4,51.3,59.3,8.0,stable
LaMonte Wade Jr.,HOU,vs_RP,50,37.7,59.4,52.5,51.2,43.2,-8.0,falling
Jose Trevino,CIN,vs_RP,50,28.3,24.1,6.2,18.0,26.0,8.0,stable
Samad Taylor,SDP,vs_RP,44,31.7,76.9,53.7,56.3,48.3,-8.0,stable
George Lombard Jr.,NYY,vs_RP,40,18.8,48.4,32.7,34.7,26.7,-8.0,falling
Austin Hays,SDP,vs_RP,40,15.5,54.3,28.3,34.2,42.2,8.0,stable
Abimelec Ortiz,WSN,vs_RP,35,15.8,48.5,46.1,39.4,47.4,8.0,falling
Kaelen Culpepper,MIN,vs_RP,35,30.4,52.2,34.3,39.6,31.6,-8.0,falling
Cody Freeman,TEX,vs_RP,32,36.8,28.0,26.1,29.5,37.5,8.0,stable
Christopher Morel,NYM,vs_RP,31,12.2,34.9,7.9,18.4,26.4,8.0,rising
Shay Whitcomb,SFG,vs_RP,28,15.0,51.8,14.2,27.5,34.3,6.8,falling
Christian Moore,LAA,vs_RP,26,6.9,50.7,19.3,27.2,30.8,3.6,stable
Sean Murphy,ATL,vs_RP,23,23.5,50.7,13.4,29.0,21.0,-8.0,stable
Brian Navarreto,MIA,vs_RP,18,22.2,53.7,8.6,27.8,21.9,-5.8,falling
Turner Hill,SFG,vs_RP,16,47.3,62.8,58.4,57.2,55.4,-1.8,falling
Zac Veen,COL,vs_RP,15,6.9,10.2,36.5,19.9,27.9,8.0,falling
Brett Callahan,DET,vs_RP,10,9.3,49.4,58.5,43.0,51.0,8.0,falling
