hand,xwoba,pitches,csw_rate,avg_pfx_x,avg_pfx_z,full_name,pitch_pct,player_id,team_abbr,zone_rate,chase_rate,pitch_name,pitch_type,whiff_rate,batting_avg,avg_spin_rate,avg_launch_speed,avg_release_speed,in_zone_swing_rate
R,0.33,1149,27.33,-0.32,1.27,Corbin Carroll,34.29,682998,ARI,45.69,23.56,4-Seam Fastball,FF,29.49,0.22,2316.89,85.56,94.97,69.52
R,0.39,583,30.19,0.1,0.67,Corbin Carroll,17.4,682998,ARI,53,21.9,Sinker,SI,17.9,0.37,2206.6,84.64,94,54.69
R,0.41,383,26.37,-0.01,0.08,Corbin Carroll,11.43,682998,ARI,47.78,38,Slider,SL,18.95,0.36,2453.48,86.31,86.48,62.3
R,0.36,338,23.08,-0.91,0.27,Corbin Carroll,10.09,682998,ARI,44.08,39.68,Changeup,CH,21.2,0.19,1696.32,85.1,86.85,73.15
R,0.28,246,24.8,0.19,0.01,Corbin Carroll,7.34,682998,ARI,40.24,26.53,Sweeper,ST,24.76,0.19,2629.09,84.29,82.87,66.67
R,0.38,230,22.61,0.09,0.65,Corbin Carroll,6.86,682998,ARI,46.96,28.69,Cutter,FC,17.92,0.27,2403.33,85.4,90.34,65.74
R,0.39,206,30.58,0.25,-0.77,Corbin Carroll,6.15,682998,ARI,39.32,30.4,Curveball,CU,18.31,0.33,2620.64,87.74,80.44,40.74
R,0.27,159,22.64,-0.83,0.34,Corbin Carroll,4.74,682998,ARI,38.99,46.39,Split-Finger,FS,29.79,0.09,1349.34,81.32,86.73,79.03
R,0.37,37,21.62,0.48,-0.7,Corbin Carroll,1.1,682998,ARI,35.14,45.83,Knuckle Curve,KC,28.57,0.33,2605.92,94,82.46,76.92
R,0,10,0,0,0,Corbin Carroll,0.3,682998,ARI,0,0,Unknown,UNK,0,0,0,0,0,0
R,0.1,8,50,-0.24,-0.2,Corbin Carroll,0.24,682998,ARI,62.5,33.33,Slurve,SV,0,0.25,2350.5,88.6,82.32,20
R,0,2,100,1.43,-0.96,Corbin Carroll,0.06,682998,ARI,100,0,Slow Curve,CS,0,0,3146,0,74.9,0
R,0.43,825,26.55,-0.22,1.29,Gabriel Moreno,28.02,672515,ARI,49.82,29.23,4-Seam Fastball,FF,11.59,0.32,2313.09,82.63,94.88,60.83
R,0.43,643,30.95,-0.74,0.65,Gabriel Moreno,21.84,672515,ARI,59.1,17.11,Sinker,SI,3.07,0.4,2233.67,85.97,94.83,48.16
R,0.27,481,27.23,0.14,0.12,Gabriel Moreno,16.34,672515,ARI,41.37,34.04,Slider,SL,18.54,0.2,2450.23,81.01,87.12,54.77
R,0.33,269,17.84,0.15,0.36,Gabriel Moreno,9.14,672515,ARI,37.55,41.07,Changeup,CH,17.24,0.25,1762.54,84.15,85.46,75.25
R,0.43,245,25.31,0.67,0.07,Gabriel Moreno,8.32,672515,ARI,41.63,32.17,Sweeper,ST,9.78,0.41,2581.2,82.78,83.73,45.1
R,0.39,221,32.58,0.09,0.64,Gabriel Moreno,7.51,672515,ARI,47.06,24.79,Cutter,FC,18.67,0.29,2382.36,85.22,89.66,44.23
R,0.25,155,27.74,0.09,-0.83,Gabriel Moreno,5.26,672515,ARI,36.13,35.35,Curveball,CU,29.41,0.2,2595.39,86.45,79.44,58.93
R,0.29,64,15.62,-0.62,0.21,Gabriel Moreno,2.17,672515,ARI,31.25,36.36,Split-Finger,FS,21.21,0.36,1340.2,80.63,88.65,85
R,0.04,15,33.33,0.47,-0.68,Gabriel Moreno,0.51,672515,ARI,33.33,40,Knuckle Curve,KC,33.33,0,2519.8,62.22,82.35,40
R,0,15,33.33,0.48,-0.46,Gabriel Moreno,0.51,672515,ARI,20,16.67,Slurve,SV,100,0,2376.33,0,84.12,0
R,0.47,11,27.27,-0.56,0.65,Gabriel Moreno,0.37,672515,ARI,0,27.27,Unknown,UNK,66.67,0,2521,0,91.6,0
R,0.35,1222,28.31,-0.23,1.28,Geraldo Perdomo,33.57,672695,ARI,57.45,16.54,4-Seam Fastball,FF,8.94,0.31,2306.64,81.49,94.86,54.7
R,0.33,559,28.44,-0.29,0.64,Geraldo Perdomo,15.36,672695,ARI,60.29,16.67,Sinker,SI,8.73,0.22,2208.85,85.91,94.08,56.97
R,0.31,494,15.99,-0.48,0.32,Geraldo Perdomo,13.57,672695,ARI,36.44,30.25,Changeup,CH,11.56,0.2,1717.82,81.77,86.88,72.22
R,0.3,420,27.62,0.08,0.08,Geraldo Perdomo,11.54,672695,ARI,47.86,21.92,Slider,SL,16.56,0.24,2464,83.62,86.45,57.21
R,0.28,314,26.75,0.06,0.67,Geraldo Perdomo,8.63,672695,ARI,54.46,16.08,Cutter,FC,11.2,0.12,2372.82,80.04,90.21,59.65
R,0.29,252,28.57,0.32,-0.74,Geraldo Perdomo,6.92,672695,ARI,32.14,15.79,Curveball,CU,18.52,0.23,2623.54,80.59,80.83,33.33
R,0.32,191,21.99,0.39,-0.01,Geraldo Perdomo,5.25,672695,ARI,39.79,12.17,Sweeper,ST,7.84,0.3,2601.85,78.62,82.61,48.68
R,0.32,136,16.91,-0.74,0.29,Geraldo Perdomo,3.74,672695,ARI,35.29,48.86,Split-Finger,FS,11.69,0.2,1308.59,81.13,87.19,70.83
R,0.2,35,22.86,0.47,-0.67,Geraldo Perdomo,0.96,672695,ARI,40,9.52,Knuckle Curve,KC,10,0,2589.8,71.08,82.75,57.14
R,0,10,40,-0.95,-0.47,Geraldo Perdomo,0.27,672695,ARI,10,66.67,Slurve,SV,50,0,2596,84.85,83.19,0
R,0.23,4,0,0.05,1.5,Geraldo Perdomo,0.11,672695,ARI,25,33.33,Other,FA,0,0,1364.75,95.55,56.98,100
R,0.16,3,0,0,0,Geraldo Perdomo,0.08,672695,ARI,0,66.67,Unknown,UNK,0,0,0,94.8,0,0
R,0.32,708,26.84,-0.31,1.27,Ildemaro Vargas,31.49,545121,ARI,52.4,41.54,4-Seam Fastball,FF,8.62,0.25,2309.75,83.02,94.72,56.06
R,0.32,331,20.85,-0.49,0.31,Ildemaro Vargas,14.72,545121,ARI,37.16,46.63,Changeup,CH,15.96,0.21,1724.64,84.94,86.03,73.98
R,0.24,297,24.24,0.12,0.12,Ildemaro Vargas,13.21,545121,ARI,42.76,33.53,Slider,SL,21.23,0.25,2513.32,82.11,86.67,70.08
R,0.35,267,25.84,-0.39,0.61,Ildemaro Vargas,11.88,545121,ARI,54.31,33.61,Sinker,SI,6.56,0.32,2224.94,86.38,94.38,55.86
R,0.24,184,32.07,0.04,-0.75,Ildemaro Vargas,8.19,545121,ARI,40.22,38.18,Curveball,CU,22.78,0.1,2602.01,74.71,80.71,50
R,0.38,177,20.34,0.05,0.67,Ildemaro Vargas,7.87,545121,ARI,52.54,28.57,Cutter,FC,8.05,0.57,2380.86,82,89.84,67.74
R,0.36,156,28.21,0.61,0.05,Ildemaro Vargas,6.94,545121,ARI,46.79,32.53,Sweeper,ST,25,0.16,2646.72,82.78,83.02,67.12
R,0.14,69,15.94,-0.64,0.35,Ildemaro Vargas,3.07,545121,ARI,40.58,51.22,Split-Finger,FS,18.18,0.14,1350.58,75.02,85.33,82.14
R,0.61,30,26.67,0.45,-0.72,Ildemaro Vargas,1.33,545121,ARI,46.67,50,Knuckle Curve,KC,0,0.8,2505.87,80.68,81.6,42.86
R,0.09,24,0,0,0,Ildemaro Vargas,1.07,545121,ARI,0,8.33,Unknown,UNK,0,0,0,79.7,0,0
R,0.6,5,0,-0.16,-0.36,Ildemaro Vargas,0.22,545121,ARI,20,25,Slurve,SV,0,0.5,2383.2,99.55,83.68,100
R,0.37,189,21.16,-0.07,1.33,James McCann,27.47,543510,ARI,49.21,19.79,4-Seam Fastball,FF,12.66,0.42,2314.31,85.13,94.65,64.52
R,0.2,115,31.3,0.04,0.15,James McCann,16.72,543510,ARI,40.87,51.47,Slider,SL,38.36,0.23,2433.57,84.49,86.23,80.85
R,0.44,104,45.19,-0.56,0.7,James McCann,15.12,543510,ARI,70.19,38.71,Sinker,SI,9.76,0.4,2181.67,83.79,94.68,39.73
R,0.2,65,43.08,0.34,-0.01,James McCann,9.45,543510,ARI,35.38,47.62,Sweeper,ST,50,0.13,2614.97,82.79,82.87,69.57
R,0.23,62,25.81,0.52,0.38,James McCann,9.01,543510,ARI,27.42,44.44,Changeup,CH,25.81,0.27,1608.03,77.55,86.12,64.71
R,0.44,57,31.58,-0.06,0.74,James McCann,8.28,543510,ARI,68.42,27.78,Cutter,FC,16.13,0.37,2403.07,80.91,89.75,66.67
R,0.05,43,39.53,-0.13,-0.81,James McCann,6.25,543510,ARI,37.21,59.26,Curveball,CU,40.91,0.2,2624.21,74.01,80.66,37.5
R,0.04,37,27.03,-0.56,0.39,James McCann,5.38,543510,ARI,18.92,50,Split-Finger,FS,45.45,0.11,1318.59,65.28,85.34,100
R,0.55,10,40,0.13,-0.44,James McCann,1.45,543510,ARI,30,57.14,Knuckle Curve,KC,57.14,0.29,2656.7,98.2,85.48,100
R,0.25,6,0,0.04,-0.4,James McCann,0.87,543510,ARI,50,66.67,Slurve,SV,0,0.67,2579.5,85.28,83.95,100
R,0.2,413,27.36,-0.3,1.3,Jorge Barrosa,39.67,678489,ARI,48.67,31.13,4-Seam Fastball,FF,19.59,0.17,2289.43,78.07,94.71,63.68
R,0.36,145,33.79,-0.03,0.65,Jorge Barrosa,13.93,678489,ARI,62.07,18.18,Sinker,SI,15.79,0.26,2193.19,80.71,93.73,52.22
R,0.17,109,38.53,0.13,0.1,Jorge Barrosa,10.47,678489,ARI,47.71,31.58,Slider,SL,35.71,0.17,2456.84,76.99,85.6,46.15
R,0.35,101,22.77,-0.23,0.2,Jorge Barrosa,9.7,678489,ARI,40.59,31.67,Changeup,CH,25,0.21,1713.69,76.18,85.96,80.49
R,0.33,84,33.33,0.03,0.71,Jorge Barrosa,8.07,678489,ARI,38.1,25,Cutter,FC,36.11,0.38,2339.31,83.39,89.26,71.88
R,0.17,76,36.84,0.41,-0.78,Jorge Barrosa,7.3,678489,ARI,38.16,29.79,Curveball,CU,37.04,0.07,2593.16,80.27,79.64,44.83
R,0.12,50,22,-0.79,0.35,Jorge Barrosa,4.8,678489,ARI,46,29.63,Split-Finger,FS,28.57,0.2,1466.5,74.91,86.18,86.96
R,0.19,46,28.26,-0.05,0.18,Jorge Barrosa,4.42,678489,ARI,30.43,43.75,Sweeper,ST,25,0.18,2500.83,81.04,81.85,42.86
R,0.01,11,9.09,0.64,-0.87,Jorge Barrosa,1.06,678489,ARI,36.36,14.29,Knuckle Curve,KC,20,0,2716.09,54.57,82.33,100
R,0,2,0,1.54,-1.04,Jorge Barrosa,0.19,678489,ARI,0,0,Slow Curve,CS,0,0,3061,0,72.9,0
R,0.7,2,0,-1.58,-0.27,Jorge Barrosa,0.19,678489,ARI,0,0,Slurve,SV,0,0,2868.5,0,81.2,0
R,0,2,0,0,0,Jorge Barrosa,0.19,678489,ARI,0,0,Unknown,UNK,0,0,0,0,0,0
R,0.38,851,22.21,-0.35,1.31,Ketel Marte,28.71,606466,ARI,51.7,27.01,4-Seam Fastball,FF,9.47,0.23,2313.64,84,94.76,68.41
R,0.28,571,23.99,-0.6,0.29,Ketel Marte,19.26,606466,ARI,32.05,35.31,Changeup,CH,29.5,0.17,1724.4,83.58,86.5,67.76
R,0.49,336,20.24,-0.65,0.61,Ketel Marte,11.34,606466,ARI,58.63,18.71,Sinker,SI,4.91,0.44,2204.06,88.31,94.31,69.54
R,0.34,324,30.56,0.23,0.11,Ketel Marte,10.93,606466,ARI,50.62,41.25,Slider,SL,23.86,0.23,2454.19,87.34,86.69,67.07
R,0.31,222,37.84,0.59,0.01,Ketel Marte,7.49,606466,ARI,54.05,35.29,Sweeper,ST,34.55,0.26,2552.13,83.63,82.83,61.67
R,0.52,207,24.64,0.41,-0.81,Ketel Marte,6.98,606466,ARI,38.16,32.03,Curveball,CU,23.08,0.4,2599.02,84.43,80.32,63.29
R,0.32,187,26.2,0.15,0.68,Ketel Marte,6.31,606466,ARI,54.55,25.88,Cutter,FC,11.49,0.26,2389.58,86.13,90.1,63.73
R,0.18,180,26.11,-0.75,0.32,Ketel Marte,6.07,606466,ARI,35,31.62,Split-Finger,FS,41.49,0.13,1360.39,81.55,86.99,90.48
R,0.22,53,28.3,0.32,-0.59,Ketel Marte,1.79,606466,ARI,45.28,34.48,Knuckle Curve,KC,20,0.05,2558.4,84.22,82.81,62.5
R,0,22,0,0,0,Ketel Marte,0.74,606466,ARI,0,0,Unknown,UNK,0,0,0,0,0,0
R,0.3,9,33.33,-0.64,-0.31,Ketel Marte,0.3,606466,ARI,33.33,33.33,Slurve,SV,50,0.5,2618,97.75,82.31,66.67
R,0,2,0,-0.18,-0.21,Ketel Marte,0.07,606466,ARI,0,0,Forkball,FO,0,0,724,0,87.8,0
R,0.39,446,33.86,-0.51,1.26,Lars Nootbaar,29.07,663457,ARI,58.3,20.43,4-Seam Fastball,FF,14.04,0.24,2326,88.59,94.93,51.15
R,0.39,287,24.74,-0.33,0.6,Lars Nootbaar,18.71,663457,ARI,56.79,18.55,Sinker,SI,5.88,0.32,2206.37,85.63,93.6,58.9
R,0.28,181,31.49,0.15,0.13,Lars Nootbaar,11.8,663457,ARI,47.51,13.68,Slider,SL,27.59,0.21,2431.66,86.82,86.49,52.33
R,0.22,178,17.42,-1.1,0.3,Lars Nootbaar,11.6,663457,ARI,42.13,19.42,Changeup,CH,15.79,0.06,1755.61,80.19,87.62,74.67
R,0.46,125,32.8,0.58,-0.79,Lars Nootbaar,8.15,663457,ARI,36.8,12.66,Curveball,CU,17.39,0.38,2606.55,87.35,81.06,28.26
R,0.26,108,37.04,0.16,0.67,Lars Nootbaar,7.04,663457,ARI,55.56,20.83,Cutter,FC,20,0.25,2382.22,78.86,90.16,50
R,0.3,85,27.06,-0.84,0.34,Lars Nootbaar,5.54,663457,ARI,45.88,26.09,Split-Finger,FS,21.05,0.3,1415.24,85.52,87.3,66.67
R,0.27,81,35.8,-0.06,0.06,Lars Nootbaar,5.28,663457,ARI,45.68,18.18,Sweeper,ST,40,0.08,2696.31,84.68,83.89,45.95
R,0.26,19,47.37,-0.87,-0.34,Lars Nootbaar,1.24,663457,ARI,63.16,42.86,Slurve,SV,33.33,0,2339.68,98,82.65,50
R,0.35,14,35.71,0.53,-0.4,Lars Nootbaar,0.91,663457,ARI,57.14,0,Knuckle Curve,KC,25,0,2550.43,97.2,85.64,50
R,0,8,0,0,0,Lars Nootbaar,0.52,663457,ARI,0,0,Unknown,UNK,0,0,0,0,0,0
R,0,2,0,1.15,-0.51,Lars Nootbaar,0.13,663457,ARI,0,0,Slow Curve,CS,0,0,2608,0,70.2,0
R,0.36,228,28.51,-0.59,1.26,Max Kepler,29.53,596146,ARI,59.21,13.98,4-Seam Fastball,FF,18.18,0.26,2355.72,83.27,95.41,63.7
R,0.18,154,21.43,-1.06,0.3,Max Kepler,19.95,596146,ARI,31.82,50.48,Changeup,CH,25.26,0.13,1795.99,78,86.61,85.71
R,0.26,128,17.97,-1.12,0.68,Max Kepler,16.58,596146,ARI,57.03,21.82,Sinker,SI,12.31,0.3,2231.73,84.95,94.13,72.6
R,0.27,98,23.47,0.14,0.11,Max Kepler,12.69,596146,ARI,38.78,53.33,Slider,SL,21.67,0.23,2368.96,85.22,86.83,73.68
R,0.24,56,41.07,0.12,0.09,Max Kepler,7.25,596146,ARI,48.21,48.28,Sweeper,ST,40,0.13,2623.38,80.53,82.54,59.26
R,0.42,41,21.95,0.25,0.74,Max Kepler,5.31,596146,ARI,53.66,36.84,Cutter,FC,13.04,0.31,2357,83.87,90.16,72.73
R,0.1,30,36.67,-0.59,0.18,Max Kepler,3.89,596146,ARI,30,47.62,Split-Finger,FS,52.94,0.14,1140.4,80.15,87.75,77.78
R,0.26,21,42.86,0.77,-0.93,Max Kepler,2.72,596146,ARI,33.33,42.86,Curveball,CU,50,0.29,2605.86,71.9,80.23,28.57
R,0,8,0,0,0,Max Kepler,1.04,596146,ARI,0,0,Unknown,UNK,0,0,0,0,0,0
R,0.23,6,16.67,0.68,-0.52,Max Kepler,0.78,596146,ARI,33.33,75,Knuckle Curve,KC,20,0,2644.67,85.75,83.38,100
R,0,2,0,-0.39,-0.11,Max Kepler,0.26,596146,ARI,100,0,Forkball,FO,0,0,814,76,87.2,100
R,0.34,785,22.17,-0.31,1.29,Nolan Arenado,25.7,571448,ARI,50.06,30.1,4-Seam Fastball,FF,13.74,0.27,2330.18,82.82,95.04,69.97
R,0.32,591,28.76,-0.68,0.65,Nolan Arenado,19.35,571448,ARI,52.12,25.44,Sinker,SI,11.57,0.3,2217.69,85.86,94.33,55.19
R,0.27,560,32.68,0.16,0.09,Nolan Arenado,18.33,571448,ARI,42.68,34.27,Slider,SL,32.03,0.21,2489.68,79.26,86.79,61.09
R,0.22,332,29.52,0.54,0.05,Nolan Arenado,10.87,571448,ARI,39.76,30.5,Sweeper,ST,26.28,0.15,2596.92,78.07,83.14,57.58
R,0.27,267,25.09,0,0.32,Nolan Arenado,8.74,571448,ARI,37.08,35.12,Changeup,CH,28.57,0.18,1763.49,81.79,86.05,74.75
R,0.38,259,25.87,0.12,0.61,Nolan Arenado,8.48,571448,ARI,42.47,19.46,Cutter,FC,25,0.3,2385.36,83.65,89.32,60.91
R,0.19,151,37.09,0.13,-0.81,Nolan Arenado,4.94,571448,ARI,50.33,38.67,Curveball,CU,25.76,0.14,2624.16,85,79.95,48.68
R,0.18,51,33.33,-0.64,0.3,Nolan Arenado,1.67,571448,ARI,31.37,60,Split-Finger,FS,42.86,0.12,1373.98,71.45,86.17,87.5
R,0.1,37,32.43,0.48,-0.69,Nolan Arenado,1.21,571448,ARI,29.73,34.62,Knuckle Curve,KC,43.75,0.09,2526.65,71.76,82.14,63.64
R,0,11,9.09,0,0,Nolan Arenado,0.36,571448,ARI,0,9.09,Unknown,UNK,0,0,0,74.3,0,0
R,0.13,10,10,-0.2,-0.33,Nolan Arenado,0.33,571448,ARI,20,50,Slurve,SV,16.67,0.33,2438,61.98,85.11,100
R,0,1,0,0.74,-0.89,Nolan Arenado,0.03,571448,ARI,0,0,Slow Curve,CS,0,0,2385,0,74.7,0
R,0.39,387,29.97,-0.21,1.25,Ryan Waldschmidt,26.01,814439,ARI,53.75,15.08,4-Seam Fastball,FF,17.36,0.23,2332.4,79.67,94.56,56.25
R,0.34,278,34.89,-0.83,0.66,Ryan Waldschmidt,18.68,814439,ARI,61.15,25,Sinker,SI,14.66,0.32,2250.28,81.65,94.31,52.35
R,0.23,232,39.22,0.61,0.02,Ryan Waldschmidt,15.59,814439,ARI,44.83,27.34,Sweeper,ST,47.57,0.19,2671.81,79.34,83.39,65.38
R,0.33,205,29.76,0.15,0.13,Ryan Waldschmidt,13.78,814439,ARI,45.37,24.11,Slider,SL,32.22,0.39,2479.68,83.88,86.63,67.74
R,0.32,138,23.19,0.11,0.56,Ryan Waldschmidt,9.27,814439,ARI,65.94,17.02,Cutter,FC,15.19,0.33,2432.14,81.62,89.17,78.02
R,0.23,104,26.92,0.39,0.32,Ryan Waldschmidt,6.99,814439,ARI,42.31,33.33,Changeup,CH,33.33,0.29,1706.66,77.94,85.85,84.09
R,0.2,80,40,0.16,-0.74,Ryan Waldschmidt,5.38,814439,ARI,35,23.08,Curveball,CU,52.17,0.27,2714.22,83.35,80.34,39.29
R,0,50,40,-0.44,0.27,Ryan Waldschmidt,3.36,814439,ARI,24,28.95,Split-Finger,FS,82.35,0,1364.84,73.6,85.89,50
R,0.18,7,0,-0.64,-0.64,Ryan Waldschmidt,0.47,814439,ARI,0,28.57,Slurve,SV,0,0,2824.14,88.2,80.5,0
R,0,5,60,0.44,-0.71,Ryan Waldschmidt,0.34,814439,ARI,40,33.33,Knuckle Curve,KC,100,0,2515.2,0,81.88,0
R,0,2,100,-0.16,-0.05,Ryan Waldschmidt,0.13,814439,ARI,100,0,Forkball,FO,0,0,756,0,88.2,0
R,0.23,425,25.18,-0.19,1.28,Tim Tawa,28.22,694374,ARI,51.53,30.58,4-Seam Fastball,FF,15.84,0.09,2288.55,81,94.67,72.15
R,0.44,288,22.92,-0.68,0.66,Tim Tawa,19.12,694374,ARI,52.78,26.47,Sinker,SI,8.09,0.34,2206.01,85.12,94.53,65.79
R,0.28,252,32.14,0.09,0.16,Tim Tawa,16.73,694374,ARI,39.29,38.56,Slider,SL,36.29,0.2,2428.53,80.47,87.06,65.66
R,0.25,151,33.77,0.7,0.02,Tim Tawa,10.03,694374,ARI,37.09,36.84,Sweeper,ST,39.68,0.14,2621.59,85.02,83.84,50
R,0.33,129,27.91,0.11,0.55,Tim Tawa,8.57,694374,ARI,55.04,31.03,Cutter,FC,23.88,0.24,2443.08,83.4,89.02,69.01
R,0.35,126,26.98,-0.04,0.3,Tim Tawa,8.37,694374,ARI,35.71,29.63,Changeup,CH,41.67,0.31,1732.67,92.2,85.93,80
R,0.48,66,28.79,-0.05,-0.71,Tim Tawa,4.38,694374,ARI,43.94,27.03,Curveball,CU,11.54,0.33,2590.62,75.17,81.25,55.17
R,0.23,54,24.07,-0.59,0.24,Tim Tawa,3.59,694374,ARI,38.89,42.42,Split-Finger,FS,31.25,0.31,1402.39,79.91,87.48,85.71
R,0.22,11,36.36,0.35,-0.72,Tim Tawa,0.73,694374,ARI,36.36,42.86,Knuckle Curve,KC,50,0.25,2544.45,79.07,80.86,75
R,0,2,100,0.8,-0.15,Tim Tawa,0.13,694374,ARI,0,0,Slurve,SV,0,0,2451,0,84.8,0
R,0,2,0,0,0,Tim Tawa,0.13,694374,ARI,0,0,Unknown,UNK,0,0,0,0,0,0
R,0.33,91,23.08,-0.12,1.28,Tyler Locklear,36.11,682988,ARI,49.45,10.87,4-Seam Fastball,FF,14.29,0.15,2308.8,83.38,95.28,66.67
R,0.19,50,20,0.13,0.02,Tyler Locklear,19.84,682988,ARI,46,25.93,Slider,SL,19.23,0.2,2393.6,78.02,86.8,82.61
R,0.15,43,25.58,-0.75,0.75,Tyler Locklear,17.06,682988,ARI,51.16,38.1,Sinker,SI,17.39,0.1,2237.16,74.29,93.89,68.18
R,0.88,22,9.09,-0.48,-0.49,Tyler Locklear,8.73,682988,ARI,45.45,33.33,Curveball,CU,14.29,0.5,2543.55,87.39,77.75,100
R,0.28,16,31.25,-0.11,0.35,Tyler Locklear,6.35,682988,ARI,62.5,50,Changeup,CH,38.46,0.14,1595.5,82.63,86.72,100
R,0.35,14,28.57,-0.69,0,Tyler Locklear,5.56,682988,ARI,57.14,33.33,Sweeper,ST,14.29,0.33,2478,87.62,78.12,62.5
R,0.66,7,28.57,-0.19,0.32,Tyler Locklear,2.78,682988,ARI,71.43,0,Cutter,FC,0,1,2218.43,75.53,86.19,60
R,0.12,7,28.57,-0.15,-0.24,Tyler Locklear,2.78,682988,ARI,57.14,33.33,Split-Finger,FS,0,0,1205.57,78.47,84.19,50
R,0,1,0,0.31,-1.42,Tyler Locklear,0.4,682988,ARI,0,0,Knuckle Curve,KC,0,0,2938,0,80.3,0
R,0.49,1,0,1.01,-0.33,Tyler Locklear,0.4,682988,ARI,0,100,Slurve,SV,0,1,2585,66.5,82.1,0
L,0.25,411,29.68,-0.54,1.28,,33.17,680728,ARI,51.34,31.5,4-Seam Fastball,FF,27.23,0.18,2301.99,81.4,94.47,71.09
R,0.3,288,23.61,-0.24,1.27,,26.18,666971,ARI,52.08,36.96,4-Seam Fastball,FF,13.07,0.24,2296.75,82.13,94.79,68
R,0.29,260,33.46,-0.78,0.66,,21.74,699912,ARI,60.38,33.01,Sinker,SI,8.18,0.35,2205.87,80.65,94.71,48.41
R,0.36,251,26.29,-0.2,1.28,,20.99,699912,ARI,54.98,33.63,4-Seam Fastball,FF,12.4,0.26,2315.49,79.81,94.76,60.14
R,0.31,250,26.4,-1.02,0.67,,22.73,666971,ARI,59.6,46.53,Sinker,SI,4.35,0.18,2220.67,85.14,94.84,61.07
R,0.24,209,25.84,0.27,0.12,,17.47,699912,ARI,47.85,37.61,Slider,SL,19.09,0.16,2486.67,81.3,86.44,69
R,0.21,199,27.64,-0.95,0.54,,23.3,694371,ARI,57.29,25.88,Sinker,SI,13.54,0.16,2241.5,74.86,94.06,64.91
R,0.53,189,24.87,-0.41,1.35,,22.13,694371,ARI,50.79,25.81,4-Seam Fastball,FF,8.75,0.39,2300.03,86.27,95.04,58.33
L,0.38,180,25.56,-0.65,0.55,,14.53,680728,ARI,55,23.46,Sinker,SI,10.84,0.21,2234.97,83.08,94.33,64.65
L,0.29,178,30.9,-0.56,1.31,,32.19,677950,ARI,49.44,58.89,4-Seam Fastball,FF,21.82,0.15,2332.29,84.43,95.39,64.77
L,0.24,174,22.99,-0.57,1.32,,30.69,656976,ARI,62.07,28.79,4-Seam Fastball,FF,5.75,0.13,2335.17,80.67,94.8,62.96
R,0.25,169,33.14,0.19,0.09,,19.79,694371,ARI,40.83,24,Slider,SL,44.12,0.18,2561.43,72.09,87.45,63.77
L,0.13,158,27.22,-1.13,0.37,,12.75,680728,ARI,43.67,26.97,Changeup,CH,33.33,0.09,1705.91,81.75,86.57,73.91
L,0.21,153,31.37,0.21,-0.05,,12.35,680728,ARI,43.14,42.53,Slider,SL,31.71,0.17,2463.69,77.47,85.91,68.18
R,0.27,145,24.14,0.18,0.08,,13.18,666971,ARI,31.72,41.41,Slider,SL,31.08,0.12,2454.08,81.03,87.02,71.74
R,0.16,130,34.62,-0.11,0.32,,11.82,666971,ARI,35.38,45.24,Changeup,CH,42.25,0.14,1810.02,80.84,86.59,71.74
R,0.1,119,29.41,0.57,0.39,,9.95,699912,ARI,23.53,41.76,Changeup,CH,42.37,0.14,1769.34,76.38,85.12,75
R,0.44,118,37.29,0.1,0.65,,9.87,699912,ARI,52.54,32.14,Cutter,FC,16.67,0.36,2388.75,79.77,89.23,48.39
R,0.27,117,30.77,0.06,1.32,,32.32,691783,ARI,63.25,27.91,4-Seam Fastball,FF,12.07,0.28,2301.36,84.32,94.67,62.16
R,0.17,117,21.37,0.01,1.26,,33.43,694410,ARI,62.39,18.18,4-Seam Fastball,FF,5.36,0.07,2261.12,84.48,94.68,65.75
R,0.34,107,36.45,0.99,0.09,,8.95,699912,ARI,46.73,33.33,Sweeper,ST,37.78,0.33,2699.13,79.61,83.84,52
L,0.18,104,26.92,0.76,-0.77,,8.39,680728,ARI,33.65,28.99,Curveball,CU,36.96,0.24,2644.85,79.86,81.27,74.29
R,0.26,104,28.85,0.88,0.13,,12.18,694371,ARI,49.04,32.08,Sweeper,ST,26.92,0.08,2615.37,80.45,83.62,68.63
R,0.18,101,21.78,0.8,0.04,,9.18,666971,ARI,35.64,27.69,Sweeper,ST,19.05,0.12,2622.89,83.71,84.06,66.67
L,0.36,97,20.62,-1.08,0.52,,17.11,656976,ARI,52.58,19.57,Sinker,SI,4.76,0.25,2318.04,90.29,95.25,64.71
R,0.34,86,19.77,0.13,0.76,,7.82,666971,ARI,41.86,40,Cutter,FC,18,0.44,2353.55,83.77,89.57,83.33
L,0.33,76,22.37,-1.28,0.21,,13.4,656976,ARI,40.79,17.78,Changeup,CH,40,0.14,1729.39,76.82,86.12,87.1
L,0.08,75,22.67,0.28,0.09,,13.23,656976,ARI,24,12.28,Slider,SL,18.75,0,2535.37,77.82,87.55,50
L,0.31,72,31.94,0.68,-0.06,,5.81,680728,ARI,45.83,10.26,Sweeper,ST,34.78,0.2,2683.47,77.43,82.81,57.58
R,0.27,71,40.85,0.16,-0.72,,5.94,699912,ARI,30.99,55.1,Curveball,CU,48.89,0.5,2564.58,69.99,80.61,81.82
L,0.29,69,30.43,0.12,0.08,,12.48,677950,ARI,46.38,32.43,Slider,SL,36.11,0.28,2467.59,78.32,87.04,75
L,0.57,63,9.52,0.14,0.77,,5.08,680728,ARI,53.97,41.38,Cutter,FC,5,0.38,2397.44,86.83,89.53,82.35
L,0.11,63,30.16,-0.93,0.2,,5.08,680728,ARI,36.51,30,Split-Finger,FS,37.04,0.16,1371.89,80.62,84.78,65.22
R,0.24,63,41.27,-0.25,0.18,,7.38,694371,ARI,50.79,32.26,Changeup,CH,50,0.25,1655.84,78.11,86.23,68.75
L,0.14,62,29.03,0.63,-0.87,,11.21,677950,ARI,45.16,47.06,Curveball,CU,21.88,0,2611.79,76.75,80.97,57.14
L,0.32,60,18.33,-1.12,0.29,,10.85,677950,ARI,40,25,Changeup,CH,29.03,0.33,1758.48,81.6,87.97,91.67
R,0.17,57,21.05,0.07,-0.01,,15.75,691783,ARI,31.58,28.21,Slider,SL,25,0,2376.79,68.76,87.33,72.22
R,0.49,57,35.09,0.1,0.18,,16.29,694410,ARI,47.37,23.33,Slider,SL,30.43,0.21,2405.3,90.39,87.26,59.26
L,0.17,55,20,-0.45,1.46,,39.01,467793,ARI,50.91,44.44,4-Seam Fastball,FF,14.29,0,2338.64,82.78,94.52,82.14
R,0.36,54,37.04,-0.48,0.75,,14.92,691783,ARI,55.56,45.83,Sinker,SI,11.54,0.21,2220.22,81.14,96.19,50
R,0.6,53,13.21,0.69,0.36,,14.64,691783,ARI,33.96,20,Changeup,CH,13.04,0.57,1809.92,82.66,87.2,88.89
L,0.3,52,30.77,-0.25,0.79,,9.4,677950,ARI,59.62,23.81,Sinker,SI,22.22,0.2,2197.63,84.08,94.15,70.97
R,0.08,50,26,0.1,-1.09,,5.85,694371,ARI,34,30.3,Curveball,CU,17.65,0.25,2741.14,73.31,79.54,41.18
R,0.17,50,40,-0.17,0.49,,14.29,694410,ARI,60,0,Sinker,SI,0,0.12,2197.16,78.1,93.5,40
L,0.13,45,35.56,0.22,0.54,,7.94,656976,ARI,71.11,61.54,Cutter,FC,20,0.12,2401.51,85.24,90.33,68.75
R,0.09,43,48.84,-0.57,0.32,,3.91,666971,ARI,32.56,58.62,Split-Finger,FS,61.54,0.12,1474.79,71.07,87.23,64.29
R,0.23,42,23.81,0.51,0.05,,12,694410,ARI,40.48,28,Sweeper,ST,23.81,0.1,2695.67,82.01,83.83,82.35
L,0.1,41,34.15,1.07,0.16,,7.23,656976,ARI,34.15,37.04,Sweeper,ST,28.57,0,2646.54,70.48,84.72,28.57
R,0.27,41,24.39,0.21,0.51,,4.8,694371,ARI,53.66,36.84,Cutter,FC,9.09,0.29,2369.98,81.43,89.29,68.18
L,0.39,39,12.82,0.15,0.82,,7.05,677950,ARI,69.23,16.67,Cutter,FC,4,0.09,2351.67,80.49,90.67,85.19
R,0.8,38,23.68,0.19,-0.98,,3.45,666971,ARI,18.42,22.58,Curveball,CU,36.36,1,2737.34,80.99,79.75,57.14
L,0.21,38,36.84,-1,0.38,,6.87,677950,ARI,52.63,61.11,Split-Finger,FS,41.38,0.27,1355.58,86.98,86.97,90
L,0.15,36,44.44,0.84,-1.06,,6.35,656976,ARI,63.89,53.85,Curveball,CU,16.67,0,2683.44,78.9,80.56,21.74
R,0,34,26.47,-0.44,1.36,,30.09,605244,ARI,44.12,31.58,4-Seam Fastball,FF,14.29,0,2226.24,81.09,94.64,53.33
R,0.12,30,30,-0.37,0.26,,2.51,699912,ARI,36.67,31.58,Split-Finger,FS,42.86,0,1383.07,82.08,85.98,72.73
L,0.18,29,24.14,0.46,0.09,,5.24,677950,ARI,37.93,55.56,Sweeper,ST,26.32,0,2653.24,90.7,82.62,81.82
R,0.45,29,37.93,-0.22,-0.8,,8.29,694410,ARI,51.72,14.29,Curveball,CU,0,0.4,2690.1,79.96,80.98,33.33
R,0.13,27,22.22,1.02,0.29,,7.71,694410,ARI,29.63,31.58,Changeup,CH,33.33,0,1825.93,66.73,84.53,75
R,0.45,24,12.5,-0.27,-0.52,,6.63,691783,ARI,45.83,15.38,Curveball,CU,27.27,0.43,2705.17,87.25,80.46,81.82
R,0.04,24,20.83,0.65,0.01,,6.63,691783,ARI,37.5,33.33,Sweeper,ST,27.27,0,2578.25,79.1,84.91,66.67
L,0.05,23,34.78,0.37,-0.86,,1.86,680728,ARI,47.83,25,Knuckle Curve,KC,40,0,2580.96,73.96,81.5,63.64
L,0.39,22,22.73,-0.33,0.24,,15.6,467793,ARI,45.45,41.67,Changeup,CH,18.18,0.43,1609,76.7,85.9,60
R,0.01,21,52.38,0.52,-0.08,,18.58,605244,ARI,33.33,50,Slider,SL,66.67,0,2608.14,78.9,86.42,28.57
R,0.24,21,19.05,-0.01,0.49,,5.8,691783,ARI,47.62,36.36,Cutter,FC,16.67,0.33,2313.71,62.74,88.51,80
L,0.08,20,40,-0.03,0.06,,14.18,467793,ARI,35,38.46,Slider,SL,55.56,0,2373.5,80.38,85.93,57.14
R,0.35,20,25,-1.32,0.36,,17.7,605244,ARI,65,57.14,Sinker,SI,7.69,0.33,2168.1,84.48,93.65,69.23
R,0.32,20,25,0.1,0.64,,5.71,694410,ARI,75,40,Cutter,FC,14.29,0.5,2400.05,77.2,90.76,80
R,0.3,18,16.67,-0.6,0.13,,2.11,694371,ARI,16.67,26.67,Split-Finger,FS,33.33,0,1378.56,76.62,87.15,66.67
L,0.51,17,5.88,0.33,-0.64,,3.07,677950,ARI,47.06,33.33,Knuckle Curve,KC,0,0.14,2640.29,94.6,83.5,87.5
R,0.07,16,18.75,0.1,-0.35,,1.34,699912,ARI,31.25,36.36,Slurve,SV,0,0.5,2511.12,76.65,82.89,40
L,0.23,14,42.86,0.29,1.14,,9.93,467793,ARI,42.86,37.5,Cutter,FC,57.14,0,2580.93,84,92.21,66.67
L,0.18,12,33.33,-1.05,0.36,,2.12,656976,ARI,41.67,28.57,Split-Finger,FS,50,0,1487,70.93,87.27,80
L,0.35,12,33.33,0.2,-0.38,,0.97,680728,ARI,33.33,25,Slurve,SV,50,0,2477.83,71.2,83.62,50
L,0.11,11,54.55,0.78,0.86,,7.8,467793,ARI,63.64,0,Sinker,SI,0,0,2103.36,101.2,91.74,14.29
R,0.54,11,18.18,0.71,0.28,,9.73,605244,ARI,63.64,0,Sweeper,ST,28.57,0.29,2571.09,93.85,81.98,100
L,0.54,11,27.27,0.65,-1.08,,1.94,656976,ARI,72.73,0,Knuckle Curve,KC,0,1,2619.36,91.23,82.25,37.5
R,0.04,11,18.18,0.38,-0.45,,1,666971,ARI,72.73,0,Knuckle Curve,KC,0,0,2445.09,65.85,81.1,75
R,0.21,10,40,1.31,0.31,,8.85,605244,ARI,40,66.67,Changeup,CH,50,1,1559.4,67.4,83.68,100
R,0.8,10,20,0.76,-0.44,,1.17,694371,ARI,50,40,Knuckle Curve,KC,28.57,0.67,2442.1,79.12,84.42,100
R,0.58,9,55.56,0.06,-0.2,,0.75,699912,ARI,55.56,75,Knuckle Curve,KC,50,0.67,2506,89.63,82.71,60
L,0,8,75,0.51,-1.29,,5.67,467793,ARI,37.5,40,Curveball,CU,100,0,2835.5,0,80.29,0
L,0,8,25,-1.2,0.26,,5.67,467793,ARI,62.5,33.33,Split-Finger,FS,33.33,0,1499,68.77,89.66,100
R,0.06,8,0,-0.43,-0.31,,0.73,666971,ARI,37.5,20,Slurve,SV,0,0,2487.88,85.1,84.69,100
L,0,8,0,0.63,-0.25,,1.45,677950,ARI,0,25,Slurve,SV,0,0,2415.75,0,84.55,0
R,0,8,62.5,-1.16,0.21,,2.21,691783,ARI,62.5,66.67,Split-Finger,FS,66.67,0,1340.38,85.1,88.46,80
R,0,7,71.43,-1.03,0.44,,29.17,663609,ARI,71.43,50,Sweeper,ST,50,0,2614.29,68.8,80.77,20
R,0.23,6,0,0.27,0.74,,5.31,605244,ARI,66.67,0,Cutter,FC,0,0,2455.33,84.6,89.17,100
R,0.56,6,0,-0.96,1.35,,5.31,605244,ARI,33.33,50,Other,FA,0,0,1691.67,74.55,68.2,100
R,0.31,6,16.67,0.54,1.18,,25,663609,ARI,33.33,50,4-Seam Fastball,FF,0,0.5,2434.17,87.33,94.82,50
R,0,6,0,1.36,0.06,,25,663609,ARI,0,0,Changeup,CH,0,0,1709.67,0,86.57,0
R,0,5,0,-0.59,0.23,,1.43,694410,ARI,20,0,Split-Finger,FS,0,0,1269.2,91.3,85.14,100
R,0,4,0,1.12,-0.54,,1.1,691783,ARI,0,0,Slurve,SV,0,0,2590,0,82.45,0
R,0.37,4,0,0.31,1.66,,0.47,694371,ARI,50,0,Eephus,EP,0,0,1422.5,101,57.3,100
R,0.29,4,0,-0.89,-0.5,,0.47,694371,ARI,50,50,Slurve,SV,0,0,2222.75,88.15,82.42,50
L,0,3,33.33,0.63,-0.01,,2.13,467793,ARI,33.33,0,Sweeper,ST,0,0,2438.33,0,84.2,0
R,0.54,3,0,-0.31,0.1,,2.65,605244,ARI,66.67,0,Split-Finger,FS,0,0,1335.67,98.5,83.33,100
R,0,2,0,-0.05,1.61,,1.77,605244,ARI,0,0,Eephus,EP,0,0,1458,0,56.7,0
R,0,2,100,0.09,0.5,,8.33,663609,ARI,50,100,Slider,SL,100,0,2378.5,0,87.3,0
R,0,2,100,-1.02,1.38,,0.23,694371,ARI,0,0,Other,FA,0,0,1765,0,70.7,0
R,0,2,0,-1.12,-0.42,,0.57,694410,ARI,0,0,Slurve,SV,0,0,2252.5,0,83.55,0
R,0,2,0,-0.42,1.25,,0.17,699912,ARI,0,0,Eephus,EP,0,0,1369,0,53.7,0
R,0.06,2,0,-1.14,1.29,,0.17,699912,ARI,0,100,Other,FA,0,0,1688,63.9,64.7,0
R,0,2,100,1.57,-1.06,,0.17,699912,ARI,0,0,Slow Curve,CS,0,0,3025,0,76.3,0
R,0,1,100,0.04,-0.73,,4.17,663609,ARI,0,100,Curveball,CU,100,0,2563,0,85.9,0
R,0,1,0,-1.36,-0.39,,4.17,663609,ARI,0,0,Sinker,SI,0,0,1906,0,94.5,0
R,0,1,100,-1.33,-0.1,,4.17,663609,ARI,0,100,Split-Finger,FS,100,0,1570,0,92.2,0
L,0,1,0,0,0,,0.18,677950,ARI,0,0,Unknown,UNK,0,0,0,0,0,0
R,0,1,0,0,0,,0.12,694371,ARI,0,0,Unknown,UNK,0,0,0,0,0,0
R,0.44,1,0,0.97,-0.6,,0.29,694410,ARI,100,0,Knuckle Curve,KC,0,0,2116,93.4,85.1,100
R,0.31,278,18.35,0.31,1.29,Alika Williams,30.35,675961,ATH,53.96,32.03,4-Seam Fastball,FF,15.7,0.29,2293.01,77.65,93.89,87.33
R,0.25,166,26.51,0,0.69,Alika Williams,18.12,675961,ATH,58.43,37.68,Sinker,SI,9.89,0.21,2215.63,81.8,94.39,67.01
R,0.19,120,23.33,1.03,0.42,Alika Williams,13.1,675961,ATH,45,40.91,Changeup,CH,20.9,0.24,1814,74.37,85.3,74.07
R,0.13,114,32.46,-0.02,0.17,Alika Williams,12.45,675961,ATH,49.12,37.93,Slider,SL,39.39,0.07,2463.14,74.3,86.17,78.57
R,0.08,82,46.34,0.42,0.17,Alika Williams,8.95,675961,ATH,42.68,51.06,Sweeper,ST,45.24,0,2611.99,75.87,83.42,51.43
R,0.31,64,42.19,-0.5,-0.91,Alika Williams,6.99,675961,ATH,43.75,30.56,Curveball,CU,29.41,0.5,2682.53,62.28,79.5,21.43
R,0.33,40,37.5,-0.01,0.56,Alika Williams,4.37,675961,ATH,70,58.33,Cutter,FC,13.04,0.62,2406.75,75.01,88.94,57.14
R,0.45,22,9.09,0.34,0.32,Alika Williams,2.4,675961,ATH,18.18,22.22,Split-Finger,FS,25,0.5,1283.23,87.22,85.43,100
R,0.16,11,18.18,0.2,-0.43,Alika Williams,1.2,675961,ATH,27.27,25,Knuckle Curve,KC,0,0.67,2444.36,86.37,83.64,33.33
R,0,11,18.18,-0.92,-0.45,Alika Williams,1.2,675961,ATH,18.18,22.22,Slurve,SV,0,0,2375.73,41.4,82.09,0
R,0.15,4,25,-0.42,0.9,Alika Williams,0.44,675961,ATH,25,33.33,Other,FA,0,0,1516,83.1,70.3,0
R,0.4,3,0,0,0,Alika Williams,0.33,675961,ATH,0,33.33,Unknown,UNK,0,0,0,105.4,0,0
R,0,1,0,0.27,1.47,Alika Williams,0.11,675961,ATH,0,0,Eephus,EP,0,0,750,0,38.1,0
R,0.39,119,31.09,0.19,1.32,Brian Serven,43.12,661531,ATH,57.98,10,4-Seam Fastball,FF,28.33,0.29,2329.07,84.46,94.83,79.71
R,0.25,47,29.79,0.9,0.53,Brian Serven,17.03,661531,ATH,34.04,58.06,Changeup,CH,26.67,0.36,1828.36,80.02,85.01,75
R,0.26,36,36.11,-0.42,0.78,Brian Serven,13.04,661531,ATH,50,27.78,Sinker,SI,28.57,0,2286.86,86.3,93.5,50
R,0.16,20,45,0.43,0.18,Brian Serven,7.25,661531,ATH,45,54.55,Sweeper,ST,36.36,0,2645.2,76.5,83.26,55.56
R,0.2,19,31.58,0.01,0.47,Brian Serven,6.88,661531,ATH,68.42,0,Cutter,FC,0,0,2345.32,82.35,88.34,61.54
R,0.27,18,33.33,-0.78,-0.77,Brian Serven,6.52,661531,ATH,44.44,40,Curveball,CU,25,0,2688.89,82.6,79.63,50
R,0.22,15,20,0.16,0.02,Brian Serven,5.43,661531,ATH,26.67,9.09,Slider,SL,50,0,2367.6,90.3,85.57,25
R,0,2,0,-0.12,0.6,Brian Serven,0.72,661531,ATH,0,0,Split-Finger,FS,0,0,844,0,86,0
R,0.4,557,24.78,-0.61,1.25,Carlos Cortes,29.9,666126,ATH,49.01,31.34,4-Seam Fastball,FF,10.32,0.35,2316.54,83.64,94.64,59.71
R,0.31,360,30.28,-1.08,0.58,Carlos Cortes,19.32,666126,ATH,55.56,18.75,Sinker,SI,16.34,0.21,2193.27,82.44,94.77,61.5
R,0.24,239,24.69,-1.16,0.33,Carlos Cortes,12.83,666126,ATH,48.54,26.83,Changeup,CH,22.61,0.19,1781.48,81.55,86.46,70.69
R,0.3,191,31.41,0.13,0.05,Carlos Cortes,10.25,666126,ATH,49.74,27.08,Slider,SL,33.33,0.27,2407.21,84.89,85.88,67.37
R,0.13,124,25.81,0.82,-0.92,Carlos Cortes,6.66,666126,ATH,35.48,26.25,Curveball,CU,31.91,0.15,2532.85,84.54,80.44,59.09
R,0.39,124,25.81,0.09,0.69,Carlos Cortes,6.66,666126,ATH,50.81,22.95,Cutter,FC,27.59,0.24,2317.12,82.58,90.34,69.84
R,0.38,112,10.71,-0.89,0.15,Carlos Cortes,6.01,666126,ATH,37.5,18.57,Split-Finger,FS,16.33,0.14,1272.69,77.65,86.45,85.71
R,0.35,88,27.27,0.99,0.06,Carlos Cortes,4.72,666126,ATH,51.14,27.91,Sweeper,ST,28.89,0.3,2621.86,75.48,82.59,73.33
R,0.19,61,31.15,0.7,-1,Carlos Cortes,3.27,666126,ATH,40.98,38.89,Knuckle Curve,KC,40,0.35,2535.84,86.58,82.68,84
R,0.07,4,25,1.35,0.29,Carlos Cortes,0.21,666126,ATH,0,25,Unknown,UNK,0,0,2988,98.6,82.2,0
R,0,3,0,-1.38,-0.04,Carlos Cortes,0.16,666126,ATH,66.67,100,Forkball,FO,0,0,994.67,76.8,82.47,100
R,0.35,271,15.87,-0.62,1.29,Donovan Walton,25.42,622268,ATH,58.67,28.57,4-Seam Fastball,FF,8.18,0.37,2310.41,81.97,94.74,79.87
R,0.36,177,19.77,-1.16,0.36,Donovan Walton,16.6,622268,ATH,34.46,26.72,Changeup,CH,34.88,0.31,1827.82,76.48,86.92,90.16
R,0.4,153,18.95,-0.82,0.66,Donovan Walton,14.35,622268,ATH,56.86,37.88,Sinker,SI,9.78,0.23,2208.48,81.31,93.59,77.01
R,0.09,138,31.88,0.27,0.06,Donovan Walton,12.95,622268,ATH,42.03,32.5,Slider,SL,43.08,0,2443.3,75.19,86.36,67.24
R,0.48,99,24.24,0.15,0.66,Donovan Walton,9.29,622268,ATH,51.52,29.17,Cutter,FC,25.53,0.5,2396.02,80.57,89.7,64.71
R,0.27,96,29.17,0.86,0.08,Donovan Walton,9.01,622268,ATH,39.58,25.86,Sweeper,ST,39.47,0.31,2639.59,77.86,83.02,60.53
R,0.3,66,40.91,0.7,-0.79,Donovan Walton,6.19,622268,ATH,59.09,3.7,Curveball,CU,25,0.36,2572.61,91.46,80.87,38.46
R,0.19,51,27.45,-0.86,0.22,Donovan Walton,4.78,622268,ATH,47.06,37.04,Split-Finger,FS,34.38,0.08,1193.06,80.6,88.86,91.67
R,0.47,11,18.18,0.68,-0.66,Donovan Walton,1.03,622268,ATH,27.27,50,Knuckle Curve,KC,33.33,0.6,2558.36,91.85,81.79,66.67
R,0.33,3,0,0.37,1.44,Donovan Walton,0.28,622268,ATH,66.67,0,Eephus,EP,0,0,993.33,89.7,43.77,100
R,0.33,1,0,-0.46,0.38,Donovan Walton,0.09,622268,ATH,100,0,Other,FA,0,1,1376,79.8,66.1,100
R,0.33,556,27.52,0.01,1.31,Henry Bolte,27.2,703607,ATH,49.82,28.67,4-Seam Fastball,FF,28.07,0.25,2290.51,83.22,94.42,74.01
R,0.27,506,27.67,-0.59,0.71,Henry Bolte,24.76,703607,ATH,55.34,23.45,Sinker,SI,20.73,0.28,2182.2,83.43,94.42,68.93
R,0.3,287,29.97,0.14,0.04,Henry Bolte,14.04,703607,ATH,35.19,35.48,Slider,SL,40.97,0.31,2469.37,83.94,86.43,77.23
R,0.28,208,22.6,0.36,0.45,Henry Bolte,10.18,703607,ATH,35.1,25.93,Changeup,CH,36.73,0.33,1806.25,85.44,85.43,86.3
R,0.22,165,32.12,0.8,0.05,Henry Bolte,8.07,703607,ATH,36.97,38.46,Sweeper,ST,37.93,0.15,2613.2,83.29,83.24,77.05
R,0.39,120,30,0.06,0.7,Henry Bolte,5.87,703607,ATH,57.5,37.25,Cutter,FC,29.33,0.28,2427.28,84.33,89.06,81.16
R,0.45,86,39.53,-0.31,-0.85,Henry Bolte,4.21,703607,ATH,39.53,26.92,Curveball,CU,48.39,0.43,2694.7,89.83,80.07,50
R,0.26,71,25.35,-0.21,0.22,Henry Bolte,3.47,703607,ATH,39.44,32.56,Split-Finger,FS,42.11,0.13,1312.37,86.7,85.54,85.71
R,0.24,26,46.15,0.53,-0.66,Henry Bolte,1.27,703607,ATH,46.15,42.86,Knuckle Curve,KC,50,0.33,2378.38,93.87,83.41,50
R,0,8,25,-1.12,-0.48,Henry Bolte,0.39,703607,ATH,50,0,Slurve,SV,33.33,0,2484.38,0,82.05,75
R,0.56,7,28.57,0,0,Henry Bolte,0.34,703607,ATH,0,28.57,Unknown,UNK,50,1,0,62.3,0,0
R,0.17,4,0,-0.04,1.31,Henry Bolte,0.2,703607,ATH,25,66.67,Eephus,EP,0,0.67,950,82.93,44.42,100
R,0.3,503,21.47,0.05,1.31,Jacob Wilson,27.56,805779,ATH,51.49,38.52,4-Seam Fastball,FF,14.04,0.22,2298.3,80.45,94.09,73.75
R,0.3,469,20.68,-0.58,0.69,Jacob Wilson,25.7,805779,ATH,56.93,36.14,Sinker,SI,6.06,0.33,2197.54,81.92,94.55,71.54
R,0.24,279,23.66,0.16,0.14,Jacob Wilson,15.29,805779,ATH,41.94,46.91,Slider,SL,18.35,0.18,2415.1,77.31,86.32,70.09
R,0.22,168,21.43,0.45,0.35,Jacob Wilson,9.21,805779,ATH,35.12,59.63,Changeup,CH,15.6,0.23,1752.47,80.65,85.32,74.58
R,0.28,142,22.54,0.08,0.67,Jacob Wilson,7.78,805779,ATH,48.59,47.95,Cutter,FC,18.89,0.31,2334.62,80.92,89.99,79.71
R,0.27,135,28.89,0.95,-0.06,Jacob Wilson,7.4,805779,ATH,50.37,38.81,Sweeper,ST,15.15,0.25,2598.04,78.75,83.2,58.82
R,0.07,80,18.75,0,-0.9,Jacob Wilson,4.38,805779,ATH,37.5,42,Curveball,CU,5.26,0,2548.86,75.94,80.44,56.67
R,0.17,22,13.64,0.35,-0.74,Jacob Wilson,1.21,805779,ATH,18.18,5.56,Knuckle Curve,KC,33.33,0,2335.18,95.1,82.86,50
R,0.21,21,33.33,-0.82,0.2,Jacob Wilson,1.15,805779,ATH,23.81,68.75,Split-Finger,FS,31.25,0.08,1473.67,82.91,86.94,100
R,0,4,0,-1.25,-0.24,Jacob Wilson,0.22,805779,ATH,0,50,Slurve,SV,0,0,2654.25,75.7,81.7,0
R,0.06,1,0,0.01,1.3,Jacob Wilson,0.05,805779,ATH,0,100,Eephus,EP,0,0,1023,76.3,47,0
R,0,1,0,0,0,Jacob Wilson,0.05,805779,ATH,0,0,Unknown,UNK,0,0,0,0,0,0
R,0.34,685,15.33,-0.34,1.3,Jeff McNeil,31.63,643446,ATH,55.33,26.47,4-Seam Fastball,FF,9.9,0.26,2287.58,80.36,94.44,82.59
R,0.27,385,13.77,-0.28,0.58,Jeff McNeil,17.77,643446,ATH,56.1,33.14,Sinker,SI,5.19,0.24,2166.7,82.24,93.49,81.02
R,0.28,277,19.49,-0.01,0.15,Jeff McNeil,12.79,643446,ATH,41.16,33.74,Slider,SL,19.86,0.12,2413,80.12,86.27,79.82
R,0.29,248,17.74,-1.01,0.34,Jeff McNeil,11.45,643446,ATH,40.32,47.97,Changeup,CH,19.75,0.24,1715.72,80.08,86.57,86
R,0.3,212,17.45,0.12,0.73,Jeff McNeil,9.79,643446,ATH,50.47,35.24,Cutter,FC,17.91,0.38,2376.45,80.87,90.6,90.65
R,0.37,122,22.13,0.47,-0.08,Jeff McNeil,5.63,643446,ATH,42.62,32.86,Sweeper,ST,23.81,0.38,2629.9,81.4,81.79,76.92
R,0.18,112,12.5,-0.92,0.13,Jeff McNeil,5.17,643446,ATH,34.82,50.68,Split-Finger,FS,12.86,0.18,1418.1,80.15,87.14,84.62
R,0.38,86,26.74,0.76,-0.87,Jeff McNeil,3.97,643446,ATH,43.02,28.57,Curveball,CU,21.95,0.5,2495.06,83.69,80.35,72.97
R,0.56,17,11.76,0.67,-1.08,Jeff McNeil,0.78,643446,ATH,29.41,25,Knuckle Curve,KC,0,0,2442.65,84.35,83.19,60
R,0.7,13,0,0,0,Jeff McNeil,0.6,643446,ATH,0,0,Unknown,UNK,0,0,0,0,0,0
R,0.29,5,20,-0.03,1.22,Jeff McNeil,0.23,643446,ATH,60,0,Eephus,EP,0,0.5,1066.6,89.4,45.08,100
R,0,2,0,1.11,-0.01,Jeff McNeil,0.09,643446,ATH,0,0,Slow Curve,CS,0,0,2267,0,67.1,0
R,0,1,0,-1.07,-0.24,Jeff McNeil,0.05,643446,ATH,0,0,Forkball,FO,0,0,1077,0,80.2,0
R,0,1,0,-1.83,-0.66,Jeff McNeil,0.05,643446,ATH,0,0,Slurve,SV,0,0,2728,0,80.1,0
R,0.33,637,25.9,-0.05,1.28,Jonah Heim,35.79,641680,ATH,49.92,33.54,4-Seam Fastball,FF,18.9,0.21,2294.27,83.85,94.52,69.5
R,0.25,277,21.66,0.15,0.41,Jonah Heim,15.56,641680,ATH,35.38,34.08,Changeup,CH,25.19,0.23,1836.9,79.25,86.5,71.43
R,0.39,254,30.71,-0.21,0.7,Jonah Heim,14.27,641680,ATH,59.45,22.33,Sinker,SI,16.22,0.3,2226.74,87.29,94.29,58.28
R,0.29,176,32.95,0.05,0.74,Jonah Heim,9.89,641680,ATH,55.11,25.32,Cutter,FC,25.3,0.12,2406.72,79.71,89.99,64.95
R,0.2,152,32.24,-0.1,0.04,Jonah Heim,8.54,641680,ATH,43.42,47.67,Slider,SL,37.78,0.11,2518.51,78.35,86.69,74.24
R,0.18,109,22.94,0.56,0.05,Jonah Heim,6.12,641680,ATH,59.63,27.27,Sweeper,ST,18.03,0.15,2648.04,81.15,82.12,75.38
R,0.26,100,25,0.11,-0.86,Jonah Heim,5.62,641680,ATH,42,29.31,Curveball,CU,24.44,0.12,2660.66,83.59,79.43,66.67
R,0.38,39,15.38,-0.56,0.23,Jonah Heim,2.19,641680,ATH,38.46,54.17,Split-Finger,FS,19.23,0.23,1231.82,80.9,85.39,86.67
R,0.46,26,19.23,0.15,-0.67,Jonah Heim,1.46,641680,ATH,34.62,52.94,Knuckle Curve,KC,18.75,0.2,2398.69,90.58,82.02,77.78
R,0,4,25,-0.62,0.74,Jonah Heim,0.22,641680,ATH,25,33.33,Other,FA,0,0,1547.25,55.6,69.5,0
R,0.48,3,0,0.24,1.01,Jonah Heim,0.17,641680,ATH,0,33.33,Eephus,EP,0,0,1222,98.9,49.43,0
R,0.03,2,0,-1.22,-0.24,Jonah Heim,0.11,641680,ATH,100,0,Slurve,SV,0,0,2362,88.7,80.4,100
R,0.73,1,0,0.74,0.06,Jonah Heim,0.06,641680,ATH,0,0,Slow Curve,CS,0,0,1652,0,59.7,0
R,0.33,896,26.56,-0.36,1.25,Lawrence Butler,34.17,671732,ATH,56.58,20.57,4-Seam Fastball,FF,22.57,0.23,2302.91,84.18,94.87,71.6
R,0.29,425,26.59,-0.08,0.62,Lawrence Butler,16.21,671732,ATH,56.24,26.34,Sinker,SI,12.44,0.2,2200.04,83.22,93.98,60.25
R,0.27,302,21.52,-0.98,0.37,Lawrence Butler,11.52,671732,ATH,39.07,26.63,Changeup,CH,27.4,0.24,1797.74,77.28,86.52,82.2
R,0.42,255,26.67,-0.11,0.07,Lawrence Butler,9.73,671732,ATH,44.71,21.99,Slider,SL,36.36,0.31,2394.05,86.65,85.59,69.3
R,0.36,233,23.18,0.08,0.71,Lawrence Butler,8.89,671732,ATH,48.5,26.67,Cutter,FC,21.3,0.2,2375.07,80.46,89.72,67.26
R,0.21,182,26.37,0.06,0.01,Lawrence Butler,6.94,671732,ATH,48.9,23.66,Sweeper,ST,24.42,0.17,2622.3,78.1,81.45,71.91
R,0.15,145,31.72,0.42,-0.94,Lawrence Butler,5.53,671732,ATH,35.17,24.47,Curveball,CU,39.13,0.12,2599.45,79.01,79.97,45.1
R,0.27,110,21.82,-0.91,0.19,Lawrence Butler,4.2,671732,ATH,30,29.87,Split-Finger,FS,31.91,0.07,1302.36,82.24,85.64,72.73
R,0.17,44,31.82,0.55,-1.03,Lawrence Butler,1.68,671732,ATH,43.18,32,Knuckle Curve,KC,31.58,0.29,2543,86.3,82.88,57.89
R,0.47,10,0,0.05,1.34,Lawrence Butler,0.38,671732,ATH,0,80,Eephus,EP,0,0.6,1177.7,90.42,46,0
R,0.44,7,14.29,-1.15,-0.36,Lawrence Butler,0.27,671732,ATH,42.86,25,Slurve,SV,0,0.67,2579.57,75.9,81.5,100
R,0,7,0,0,0,Lawrence Butler,0.27,671732,ATH,0,28.57,Unknown,UNK,0,0,0,90.2,0,0
R,0.07,4,25,-1.08,-0.34,Lawrence Butler,0.15,671732,ATH,25,66.67,Forkball,FO,33.33,0,1089.25,56.9,83.15,100
R,0,2,0,1.44,-0.24,Lawrence Butler,0.08,671732,ATH,0,0,Slow Curve,CS,0,0,2405,0,68,0
R,0.35,434,24.88,0.1,1.34,Max Muncy,29.3,691777,ATH,46.77,31.6,4-Seam Fastball,FF,23.89,0.25,2275.55,84.13,93.91,75.37
R,0.32,247,29.15,-0.59,0.65,Max Muncy,16.68,691777,ATH,55.47,23.64,Sinker,SI,17.7,0.37,2184.51,82.97,93.92,63.5
R,0.25,231,41.56,0.04,0.12,Max Muncy,15.6,691777,ATH,46.32,45.16,Slider,SL,47.29,0.15,2439.9,85.64,85.18,68.22
R,0.29,173,28.32,0.68,0.43,Max Muncy,11.68,691777,ATH,42.77,38.38,Changeup,CH,36.46,0.18,1849.91,86.59,84.97,78.38
R,0.15,159,31.45,0.66,0.11,Max Muncy,10.74,691777,ATH,42.14,33.7,Sweeper,ST,34.62,0.05,2596.97,79.53,83.04,70.15
R,0.29,98,28.57,0.06,0.6,Max Muncy,6.62,691777,ATH,41.84,21.05,Cutter,FC,29.73,0.24,2366.43,84.76,89.38,60.98
R,0.24,77,35.06,0.2,-0.69,Max Muncy,5.2,691777,ATH,42.86,38.64,Curveball,CU,24.32,0.3,2519.55,77.22,79.93,60.61
R,0.07,38,39.47,-0.85,0.2,Max Muncy,2.57,691777,ATH,39.47,43.48,Split-Finger,FS,58.33,0,1353.03,90.27,85.72,93.33
R,0.43,15,26.67,0.26,-0.6,Max Muncy,1.01,691777,ATH,73.33,0,Knuckle Curve,KC,0,0,2439.8,91.37,82.24,63.64
R,0,6,33.33,-0.72,-0.71,Max Muncy,0.41,691777,ATH,33.33,0,Slurve,SV,0,0,2194.67,0,83.37,0
R,0,3,33.33,-1.56,-0.05,Max Muncy,0.2,691777,ATH,0,33.33,Forkball,FO,100,0,1031.67,0,81.63,0
R,0.43,223,20.63,0.12,1.31,Tommy White,29.27,695720,ATH,53.81,42.72,4-Seam Fastball,FF,11.76,0.36,2290.53,85.78,94.05,76.67
R,0.2,171,31.58,-0.72,0.77,Tommy White,22.44,695720,ATH,56.73,41.89,Sinker,SI,12.5,0.19,2223.64,79.16,94.87,58.76
R,0.4,108,27.78,0.11,0.11,Tommy White,14.17,695720,ATH,38.89,39.39,Slider,SL,31.67,0.35,2456.3,80.72,86.23,80.95
R,0.18,76,25,0.88,0.53,Tommy White,9.97,695720,ATH,36.84,56.25,Changeup,CH,26.53,0.25,1805.2,75.72,85.1,78.57
R,0.19,75,26.67,0.97,-0.17,Tommy White,9.84,695720,ATH,25.33,58.93,Sweeper,ST,29.55,0.1,2602.59,75.11,82.97,57.89
R,0.33,61,24.59,0.04,0.65,Tommy White,8.01,695720,ATH,60.66,20.83,Cutter,FC,18.18,0.43,2339.56,85.09,89.08,75.68
R,0.14,30,26.67,-0.11,-0.63,Tommy White,3.94,695720,ATH,46.67,18.75,Curveball,CU,15.38,0.29,2784.6,77.47,82.17,71.43
R,0.05,6,33.33,-0.14,0.19,Tommy White,0.79,695720,ATH,0,50,Split-Finger,FS,66.67,0,1161.67,67.6,85.65,0
R,0.02,4,0,0,1.47,Tommy White,0.52,695720,ATH,50,0,Eephus,EP,0,0,1245.5,84.8,50.15,100
R,0,4,0,0.22,-0.7,Tommy White,0.52,695720,ATH,0,0,Knuckle Curve,KC,0,0,2455,0,82.6,0
R,0.7,2,0,-0.55,0.84,Tommy White,0.26,695720,ATH,0,0,Other,FA,0,0,1438,0,64.6,0
R,0,2,0,0.76,0.17,Tommy White,0.26,695720,ATH,0,0,Slow Curve,CS,0,0,1672.5,0,57.55,0
R,0.37,668,28.14,-0.19,1.29,Tyler Soderstrom,24.14,691016,ATH,57.78,29.79,4-Seam Fastball,FF,15.57,0.27,2308.15,83.75,94.5,64.77
R,0.31,599,23.71,-0.19,0.62,Tyler Soderstrom,21.65,691016,ATH,55.09,29.74,Sinker,SI,11.86,0.26,2195.61,85.52,94.33,70.3
R,0.34,374,29.41,-0.04,0.08,Tyler Soderstrom,13.52,691016,ATH,38.77,22.71,Slider,SL,41.29,0.16,2408.13,83.21,85.54,71.03
R,0.21,320,23.44,-0.92,0.29,Tyler Soderstrom,11.56,691016,ATH,32.19,29.95,Changeup,CH,36.43,0.22,1793.92,82.69,87.29,72.82
R,0.33,207,23.19,0.1,0.69,Tyler Soderstrom,7.48,691016,ATH,46.86,29.09,Cutter,FC,21.36,0.23,2364.96,85.19,89.96,73.2
R,0.21,176,27.84,0.43,-0.9,Tyler Soderstrom,6.36,691016,ATH,40.34,21.9,Curveball,CU,28.57,0.23,2556.45,83.35,79.68,56.34
R,0.19,163,28.22,-0.2,0.01,Tyler Soderstrom,5.89,691016,ATH,39.88,16.33,Sweeper,ST,25,0.16,2548.52,86.04,80.97,55.38
R,0.24,143,12.59,-0.91,0.22,Tyler Soderstrom,5.17,691016,ATH,31.47,24.49,Split-Finger,FS,21.54,0.17,1447.09,85.99,87.09,91.11
R,0.14,68,20.59,0.51,-0.94,Tyler Soderstrom,2.46,691016,ATH,36.76,37.21,Knuckle Curve,KC,35.9,0.13,2585.44,81.78,83.91,92
R,0.55,24,25,-0.99,-0.13,Tyler Soderstrom,0.87,691016,ATH,37.5,33.33,Slurve,SV,9.09,0.5,2366.62,88.68,80.78,66.67
R,0.7,24,0,0,0,Tyler Soderstrom,0.87,691016,ATH,0,0,Unknown,UNK,0,0,0,0,0,0
R,0,1,0,-1.47,-0.29,Tyler Soderstrom,0.04,691016,ATH,0,0,Forkball,FO,0,0,1031,0,83.6,0
R,0.32,560,32.14,-0.08,1.29,Zack Gelof,29.9,680869,ATH,59.64,16.81,4-Seam Fastball,FF,29.48,0.23,2285.83,87.53,94.61,68.86
R,0.36,467,27.62,-0.86,0.72,Zack Gelof,24.93,680869,ATH,55.67,27.54,Sinker,SI,12.39,0.35,2190.24,80.95,94.72,61.92
R,0.22,262,21.76,0.22,0.09,Zack Gelof,13.99,680869,ATH,43.13,20.13,Slider,SL,18.87,0.18,2439.04,80.4,86.87,67.26
R,0.33,143,27.27,0.27,0.36,Zack Gelof,7.63,680869,ATH,44.06,33.75,Changeup,CH,33.77,0.18,1687.39,82.15,85.1,79.37
R,0.18,142,28.17,0.97,0.06,Zack Gelof,7.58,680869,ATH,47.18,36,Sweeper,ST,29.87,0.21,2606.3,78.59,82.22,74.63
R,0.45,113,28.32,0.16,0.63,Zack Gelof,6.03,680869,ATH,53.98,15.38,Cutter,FC,26.92,0.42,2402.01,79.45,89.03,72.13
R,0.21,66,43.94,0.21,-1.03,Zack Gelof,3.52,680869,ATH,37.88,26.83,Curveball,CU,58.33,0.19,2583.18,66.76,80.19,52
R,0.39,59,22.03,-0.89,0.32,Zack Gelof,3.15,680869,ATH,38.98,30.56,Split-Finger,FS,38.71,0.43,1399.75,86.71,87.55,86.96
R,0.21,52,36.54,0.47,-0.64,Zack Gelof,2.78,680869,ATH,51.92,28,Knuckle Curve,KC,35,0.07,2471.17,82.87,84.12,48.15
R,0,4,75,0,0,Zack Gelof,0.21,680869,ATH,0,25,Unknown,UNK,100,0,0,0,0,0
R,0.66,2,0,-0.68,1.58,Zack Gelof,0.11,680869,ATH,0,50,Eephus,EP,0,0,1055,106,42.8,0
R,0,2,100,1.31,-0.5,Zack Gelof,0.11,680869,ATH,100,0,Slow Curve,CS,0,0,2617,0,68.2,0
R,0.43,1,0,0.85,-0.2,Zack Gelof,0.05,680869,ATH,0,100,Slurve,SV,0,1,2649,98.6,82.5,0
L,0.44,884,31.33,-0.21,1.27,,29.83,701762,ATH,52.38,18.05,4-Seam Fastball,FF,34.02,0.24,2302.79,86.89,94.89,67.39
R,0.34,685,29.78,-0.06,1.29,,28.02,669127,ATH,50.95,28.57,4-Seam Fastball,FF,25.15,0.2,2299.37,86.63,94.31,68.19
L,0.32,505,31.29,0.09,0.58,,17.04,701762,ATH,50.69,30.52,Sinker,SI,21.89,0.31,2184.27,85.33,94.17,61.33
R,0.35,437,24.94,0.23,0.1,,17.87,669127,ATH,39.59,31.82,Slider,SL,30.09,0.32,2470.05,85.4,86.9,76.3
L,0.37,424,29.25,-0.08,0.1,,14.31,701762,ATH,41.27,24.5,Slider,SL,36.05,0.22,2455,85.19,86.13,63.43
R,0.4,382,23.3,-0.74,0.7,,15.62,669127,ATH,57.59,30.25,Sinker,SI,10.82,0.29,2191.38,86.42,94.85,65.91
L,0.31,345,21.74,-0.73,0.31,,11.64,701762,ATH,35.07,18.75,Changeup,CH,33.33,0.13,1739.97,78.77,86.94,74.38
R,0.29,334,24.25,-0.05,1.32,,35.42,687231,ATH,44.61,35.68,4-Seam Fastball,FF,17.06,0.24,2303.02,78.66,94.2,69.8
R,0.24,275,21.82,0.52,1.31,,37.16,687515,ATH,53.45,35.16,4-Seam Fastball,FF,23.6,0.2,2295.03,77.63,93.21,78.91
R,0.35,270,28.15,-0.33,1.26,,23.68,667670,ATH,53.33,22.22,4-Seam Fastball,FF,29.79,0.19,2282.91,84.55,94.64,78.47
R,0.3,250,24.8,0.85,0.01,,10.22,669127,ATH,35.2,38.27,Sweeper,ST,30.47,0.17,2584.45,81.22,82.57,75
R,0.24,241,19.09,0.64,0.47,,9.86,669127,ATH,32.37,38.04,Changeup,CH,29.77,0.28,1751.38,79.91,85.34,88.46
R,0.36,238,23.95,-0.72,0.63,,20.88,667670,ATH,57.98,21,Sinker,SI,7.14,0.27,2171.2,82.79,94.32,65.94
L,0.36,235,30.64,-0.19,0.01,,7.93,701762,ATH,44.26,13.74,Sweeper,ST,39.76,0.33,2584.4,87.07,81.96,62.5
R,0.5,225,25.78,0.16,0.7,,9.2,669127,ATH,48.44,25.86,Cutter,FC,26.36,0.36,2388.4,86.96,89.93,73.39
R,0.21,215,39.07,0.18,0.07,,18.86,667670,ATH,33.95,38.03,Slider,SL,51.85,0.26,2478.7,75.91,86.47,73.97
L,0.44,197,32.49,0.11,0.64,,6.65,701762,ATH,49.75,32.32,Cutter,FC,33.33,0.25,2390.57,79.92,89.67,68.37
R,0.32,158,26.58,-0.44,0.46,,16.76,687231,ATH,55.06,14.08,Sinker,SI,4.55,0.32,2164.54,82.3,93.83,64.37
L,0.37,151,33.11,-0.85,0.14,,5.1,701762,ATH,30.46,32.38,Split-Finger,FS,54.05,0.26,1392.77,89.65,86.94,86.96
R,0.19,150,26.67,0.11,1.3,,39.58,672016,ATH,50,32,4-Seam Fastball,FF,17.11,0.18,2272.96,77.63,94.1,69.33
R,0.28,144,27.78,0.06,0.06,,15.27,687231,ATH,44.44,36.25,Slider,SL,27.4,0.24,2383.73,78.59,85.56,68.75
R,0.33,137,42.34,0.79,0.08,,12.02,667670,ATH,45.99,40.54,Sweeper,ST,47.83,0,2655.78,86.59,82.44,61.9
R,0.17,128,25,1.1,0.33,,17.3,687515,ATH,35.94,46.34,Changeup,CH,32.89,0.11,1736.67,80.78,84.5,82.61
R,0.17,121,34.71,0.59,0.23,,10.61,667670,ATH,38.84,39.19,Changeup,CH,44.93,0.07,1697,80.86,85.59,85.11
R,0.2,117,25.64,0.49,0.36,,12.41,687231,ATH,38.46,48.61,Changeup,CH,35.06,0.07,1672.09,72.5,85.37,93.33
L,0.14,107,39.25,0.34,-0.91,,3.61,701762,ATH,37.38,28.36,Curveball,CU,43.9,0.14,2539.65,83.72,79.7,55
R,0.36,105,20.95,0.08,1.31,,30.26,811965,ATH,51.43,43.14,4-Seam Fastball,FF,11.29,0.37,2369.73,83.73,94.53,74.07
R,0.43,94,28.72,-0.04,-0.97,,3.84,669127,ATH,52.13,20,Curveball,CU,30,0.29,2506.34,95.72,78.71,63.27
R,0.3,91,28.57,-0.2,0.07,,12.3,687515,ATH,47.25,41.67,Slider,SL,33.93,0.27,2479.93,84.08,86.92,83.72
R,0.32,85,31.76,0.88,0.09,,9.01,687231,ATH,34.12,39.29,Sweeper,ST,32.35,0.25,2540.59,75.03,83.12,41.38
R,0.23,70,37.14,0.91,0.8,,9.46,687515,ATH,61.43,48.15,Sinker,SI,36.17,0.19,2183.17,89.79,94.52,79.07
R,0.16,66,46.97,-0.81,0.58,,17.41,672016,ATH,51.52,34.38,Sinker,SI,51.72,0.14,2141.7,74.86,93.71,52.94
L,0,64,3.12,0,0,,2.16,701762,ATH,0,3.12,Unknown,UNK,50,0,0,81.7,0,0
R,0.23,60,33.33,-0.61,-0.98,,8.11,687515,ATH,40,41.67,Curveball,CU,45.95,0.22,2595.3,84.8,78.98,91.67
R,0.32,59,28.81,0.45,1.28,,33.91,680716,ATH,54.24,51.85,4-Seam Fastball,FF,22.5,0.33,2386.31,81.78,96.07,81.25
R,0.36,57,35.09,0.22,0.26,,16.43,811965,ATH,59.65,34.78,Slider,SL,11.11,0.47,2385.6,79.73,87.06,55.88
R,0.35,54,27.78,0.15,0.74,,4.74,667670,ATH,48.15,32.14,Cutter,FC,24,0.5,2396,87.92,89.35,61.54
R,0.13,53,35.85,-0.06,0.06,,13.98,672016,ATH,43.4,30,Slider,SL,48.15,0.19,2496.4,84.88,83.18,78.26
R,0.34,52,23.08,-0.79,0.08,,2.13,669127,ATH,48.08,37.04,Split-Finger,FS,32.35,0.29,1414.02,83.43,86.64,96
R,0.53,51,33.33,0.51,-0.82,,2.09,669127,ATH,23.53,41.03,Knuckle Curve,KC,52.17,0.44,2458.9,90.36,83.99,58.33
R,0.36,49,14.29,-0.05,1.31,,37.12,608841,ATH,34.69,28.12,4-Seam Fastball,FF,15,0.06,2295,90.91,94.48,64.71
R,0.23,46,30.43,1.02,0.29,,12.14,672016,ATH,30.43,25,Changeup,CH,62.5,0,1780.07,96.77,85.23,57.14
R,0.13,46,32.61,-0.02,-0.91,,4.88,687231,ATH,50,26.09,Curveball,CU,22.22,0.67,2509.72,72.88,79.57,52.17
R,0.28,46,34.78,-0.64,0.72,,13.26,811965,ATH,52.17,31.82,Sinker,SI,10.53,0.4,2215.07,88.29,94.86,50
R,0.09,41,26.83,1.04,0.36,,23.56,680716,ATH,29.27,44.83,Changeup,CH,39.13,0,1827.9,70.38,86.9,83.33
L,0.46,41,12.2,0.36,-0.92,,1.38,701762,ATH,36.59,26.92,Knuckle Curve,KC,19.05,0.56,2467.05,91.82,82.28,93.33
R,0.08,39,23.08,0.22,0.65,,4.14,687231,ATH,61.54,46.67,Cutter,FC,4.35,0.29,2480.03,72.4,89.15,66.67
R,0.17,39,25.64,-0.52,-0.08,,5.27,687515,ATH,41.03,52.17,Sweeper,ST,33.33,0.2,2505.92,86.93,82.2,75
R,0.37,37,35.14,0.05,-1.17,,3.25,667670,ATH,43.24,28.57,Curveball,CU,36.36,0.29,2695.81,99.84,79.98,31.25
R,0.41,36,33.33,0.36,0.13,,10.37,811965,ATH,44.44,50,Sweeper,ST,33.33,0.71,2601.67,90.69,82.07,68.75
R,0,35,34.29,-0.85,0.12,,3.07,667670,ATH,25.71,34.62,Split-Finger,FS,60,0,1192.14,74.4,86.44,66.67
R,0.43,32,28.12,0.3,0.32,,4.32,687515,ATH,40.62,63.16,Split-Finger,FS,36,0,1190.31,87.74,84.32,100
R,0.34,29,31.03,-0.14,0.63,,3.92,687515,ATH,48.28,40,Cutter,FC,26.67,0.33,2388.34,81.69,88.46,64.29
R,0.36,28,21.43,0.06,0.66,,8.07,811965,ATH,67.86,22.22,Cutter,FC,0,0.4,2311.96,76.73,90.22,68.42
R,0.09,27,25.93,1.15,0.93,,21.6,628451,ATH,74.07,71.43,4-Seam Fastball,FF,10,0,2164.74,76.07,91.1,75
R,0.28,27,7.41,1,0.36,,7.78,811965,ATH,37.04,35.29,Changeup,CH,12.5,0.57,1717.41,83.87,85.44,100
R,0.28,26,7.69,1.22,0.46,,20.8,628451,ATH,46.15,57.14,Changeup,CH,5.26,0.17,1786.04,82.5,85.18,91.67
R,0.23,26,26.92,0.98,0.54,,20.8,628451,ATH,65.38,33.33,Sinker,SI,0,0,2105.15,84.32,92.67,58.82
R,0.18,26,34.62,-0.91,-0.96,,7.49,811965,ATH,53.85,50,Curveball,CU,26.67,0.11,2653.85,87.92,78.07,64.29
R,0,24,33.33,-0.09,0.2,,6.33,672016,ATH,45.83,7.69,Sweeper,ST,33.33,0,2562.46,81.15,80.88,45.45
R,0.46,23,43.48,0.53,0.85,,17.42,608841,ATH,60.87,55.56,Sinker,SI,18.18,0.5,2283.35,86.92,95.55,42.86
R,0.03,20,50,-0.86,-0.83,,11.49,680716,ATH,70,33.33,Curveball,CU,25,0,2731.2,75.4,79.59,42.86
R,0.03,19,52.63,0.12,-0.6,,5.01,672016,ATH,31.58,38.46,Curveball,CU,83.33,0,2275.42,98.4,78.5,16.67
R,0.1,17,5.88,0.01,0.24,,12.88,608841,ATH,47.06,0,Slider,SL,0,0,2382.35,93.94,86.38,87.5
R,0.2,17,5.88,-0.25,-0.07,,13.6,628451,ATH,35.29,45.45,Slider,SL,9.09,0.67,2577.88,72.73,84.33,100
R,0.46,16,25,1.1,0.88,,12.12,608841,ATH,50,12.5,Changeup,CH,28.57,0,1664.38,82.93,84.02,75
R,0,16,25,-0.15,0.66,,9.2,680716,ATH,50,50,Sinker,SI,20,0,2264.12,80,95.88,75
R,0.08,16,50,-0.04,0.51,,50,683021,ATH,87.5,0,Sinker,SI,0,0,2161.75,83.73,95.04,42.86
R,0.14,16,18.75,0.72,0.01,,23.53,695391,ATH,31.25,18.18,Changeup,CH,0,0,1868.06,78.8,85.54,40
R,0.3,15,33.33,0.52,-0.71,,1.32,667670,ATH,33.33,30,Knuckle Curve,KC,50,0.67,2457.33,87.5,85.06,60
R,0,14,57.14,-0.55,-0.11,,8.05,680716,ATH,42.86,25,Sweeper,ST,100,0,2614.71,0,83.63,33.33
R,0.57,14,28.57,0.04,-0.06,,20.59,695391,ATH,42.86,0,Slider,SL,60,0,2292.29,64.9,87.99,83.33
R,0.67,13,38.46,0.09,0.69,,3.43,672016,ATH,69.23,75,Cutter,FC,12.5,0.5,2365.38,81.25,88.15,55.56
R,0.32,13,30.77,-1.19,0.23,,1.38,687231,ATH,69.23,0,Split-Finger,FS,0,0.57,1673,74.02,89.92,55.56
R,0.7,12,0,-0.11,0.05,,0.49,669127,ATH,0,0,Unknown,UNK,0,0,2453,0,91,0
R,0,12,50,0.02,0.01,,6.9,680716,ATH,66.67,0,Slider,SL,66.67,0,2294.67,88.4,87.88,75
R,0,12,33.33,0.18,0.55,,17.65,695391,ATH,50,33.33,Sinker,SI,0,0,2094.17,102.6,97.23,33.33
R,0.35,10,40,0.9,0.16,,7.58,608841,ATH,20,25,Sweeper,ST,100,0,2521.8,0,85.96,0
R,0.08,10,10,0.12,0.96,,8,628451,ATH,60,0,Cutter,FC,16.67,0,2180.3,81.58,87.86,100
R,0.35,10,40,-0.7,-0.69,,0.88,667670,ATH,20,25,Slurve,SV,100,0,2195.6,0,82.26,100
R,0,10,40,-0.15,0.55,,5.75,680716,ATH,60,100,Cutter,FC,25,0,2309.2,59,87.96,66.67
R,0.12,10,0,-0.91,-0.43,,1.35,687515,ATH,40,0,Slurve,SV,0,1,2358.3,98.1,81.63,100
R,0,9,44.44,-0.61,-0.34,,0.37,669127,ATH,44.44,0,Slurve,SV,0,0,2387,70.1,81.36,50
R,0.7,9,11.11,0.19,1.29,,2.59,811965,ATH,0,22.22,Eephus,EP,0,0,1219,57.7,46.88,0
R,0.7,8,0,0,0,,0.7,667670,ATH,0,0,Unknown,UNK,0,0,0,0,0,0
R,0.4,8,25,-0.05,-0.04,,11.76,695391,ATH,0,50,Sweeper,ST,50,0,2496.75,77.7,84.88,0
R,0,7,14.29,-0.81,-1.02,,5.3,608841,ATH,28.57,20,Curveball,CU,0,0,2285.29,62.9,74.91,50
R,0.06,7,57.14,-0.83,-0.57,,5.6,628451,ATH,85.71,100,Curveball,CU,40,0,2409.43,90.9,78.11,66.67
R,0.16,7,42.86,-1.03,0.14,,5.6,628451,ATH,42.86,50,Sweeper,ST,60,0,2203,88.7,74.3,100
R,0.2,7,28.57,-0.42,0.21,,2.02,811965,ATH,57.14,66.67,Split-Finger,FS,33.33,0,1172.14,82.48,83.67,100
R,0,6,100,-0.1,-0.66,,4.55,608841,ATH,33.33,50,Knuckle Curve,KC,100,0,2281.17,0,80.78,0
R,0,6,66.67,-0.09,-0.5,,0.81,687515,ATH,66.67,0,Knuckle Curve,KC,0,0,2308.67,95.4,81.2,50
R,0,6,33.33,-0.22,1.3,,8.82,695391,ATH,66.67,100,4-Seam Fastball,FF,0,0,2305.33,75.15,97.77,50
R,0,6,33.33,0.4,0.67,,8.82,695391,ATH,100,0,Cutter,FC,33.33,0,2446.67,77.05,93.3,100
L,0,6,33.33,-0.06,-0.7,,0.2,701762,ATH,33.33,0,Slurve,SV,0,0,2332.67,0,81.23,0
R,0.19,5,40,-1.24,-0.04,,0.2,669127,ATH,0,60,Forkball,FO,66.67,0.5,1055.2,101.6,83.36,0
R,0,4,50,-0.29,-0.8,,3.2,628451,ATH,0,50,Knuckle Curve,KC,100,0,2073,0,86.5,0
R,0,4,0,-1.02,0.36,,1.06,672016,ATH,0,0,Split-Finger,FS,0,0,1571,0,82.7,0
R,0.47,4,0,1.12,0.16,,12.5,683021,ATH,50,100,Changeup,CH,0,0.5,1456,87,88.3,100
R,0,4,0,-0.28,0.02,,12.5,683021,ATH,50,0,Slider,SL,0,0,2375,62.5,86.75,100
R,0,4,50,0.92,0.15,,12.5,683021,ATH,50,0,Sweeper,ST,100,0,2239.5,0,87.8,100
R,0,4,0,0.44,-0.81,,0.42,687231,ATH,0,0,Knuckle Curve,KC,0,0,2703,0,83.2,0
R,0,4,50,-1.27,0.36,,5.88,695391,ATH,50,0,Split-Finger,FS,0,0,1757,0,96.7,0
R,0,3,0,0,0,,0.32,687231,ATH,0,0,Unknown,UNK,0,0,0,0,0,0
R,0.89,2,0,-0.16,0.83,,1.52,608841,ATH,0,100,Cutter,FC,0,1,2629,68.2,91.8,0
R,0.15,2,0,-0.8,0.14,,1.52,608841,ATH,100,0,Split-Finger,FS,0,0,1449,96.8,87.9,100
R,1.92,2,0,-0.48,1.1,,0.08,669127,ATH,0,100,Eephus,EP,0,1,1081,107.6,49.2,0
R,0,2,0,-1.25,-0.26,,0.53,672016,ATH,50,0,Forkball,FO,0,0,1052.5,0,83.65,100
R,0,2,0,-0.14,-0.95,,0.53,672016,ATH,0,0,Knuckle Curve,KC,0,0,2010,0,87.4,0
R,0.35,2,0,1.4,1.81,,1.15,680716,ATH,100,0,Eephus,EP,0,1,1046,97,39.9,100
R,0.14,2,0,0.48,1.45,,6.25,683021,ATH,0,100,4-Seam Fastball,FF,0,1,2079,91.5,94.5,0
R,0,2,0,-0.22,0.8,,6.25,683021,ATH,0,0,Cutter,FC,0,0,2287,0,90.2,0
R,0.05,2,0,-0.34,1.56,,2.94,695391,ATH,50,0,Eephus,EP,0,0,1137.5,80.4,45.15,100
L,0.06,2,0,-1.06,-0.08,,0.07,701762,ATH,50,0,Forkball,FO,0,0,997,91.1,80.95,100
L,1.92,2,0,0.84,-0.81,,0.07,701762,ATH,0,100,Slow Curve,CS,0,1,2398,106.5,75.1,0
R,0,2,0,0.56,-0.71,,0.58,811965,ATH,0,0,Knuckle Curve,KC,0,0,2284,0,87.1,0
R,0,2,100,-0.67,-0.1,,0.58,811965,ATH,100,0,Slurve,SV,100,0,2390,0,81.1,100
R,0.42,2,0,0,0,,0.58,811965,ATH,0,100,Unknown,UNK,0,0,0,98.2,0,0
R,0,1,0,-0.3,-0.05,,0.8,628451,ATH,0,100,Slurve,SV,0,0,2352,48.3,80.7,0
R,0.31,1011,29.08,-0.22,1.28,Austin Riley,30.58,663586,ATL,47.48,27.87,4-Seam Fastball,FF,26.97,0.19,2319.95,85.36,94.95,69.58
R,0.33,556,27.16,-0.72,0.68,Austin Riley,16.82,663586,ATL,55.58,36.44,Sinker,SI,13.45,0.25,2217.64,84.58,94.52,64.72
R,0.29,392,28.32,0.64,0.04,Austin Riley,11.86,663586,ATL,38.78,30.83,Sweeper,ST,35.36,0.2,2548.03,80.88,82.56,70.39
R,0.28,390,33.33,0.18,0.12,Austin Riley,11.8,663586,ATL,46.41,31.58,Slider,SL,39.49,0.24,2436.49,81.9,86.71,71.27
R,0.24,321,26.79,0.46,0.34,Austin Riley,9.71,663586,ATL,31.46,37.73,Changeup,CH,35.06,0.21,1720.56,85.46,85.67,70.3
R,0.33,307,34.2,0.11,0.63,Austin Riley,9.29,663586,ATL,48.86,36.94,Cutter,FC,35,0.22,2389.14,85.37,89.19,68
R,0.35,168,24.4,-0.05,-0.83,Austin Riley,5.08,663586,ATL,30.95,32.76,Curveball,CU,27.27,0.26,2600.08,83.31,80.29,53.85
R,0.21,67,19.4,-0.35,0.34,Austin Riley,2.03,663586,ATL,34.33,29.55,Split-Finger,FS,34.29,0.12,1232.84,88.59,85.18,95.65
R,0.22,45,35.56,0.48,-0.77,Austin Riley,1.36,663586,ATL,24.44,47.06,Knuckle Curve,KC,52.17,0.07,2501.22,83.08,84.15,63.64
R,0.12,39,38.46,0.17,-0.5,Austin Riley,1.18,663586,ATL,48.72,25,Slurve,SV,30.77,0,2627.64,81.16,81.81,42.11
R,1.93,4,0,-0.4,1.82,Austin Riley,0.12,663586,ATL,50,0,Other,FA,0,1,1742.5,106.9,60.65,100
R,0,2,100,0.15,1.71,Austin Riley,0.06,663586,ATL,0,0,Eephus,EP,0,0,1134,0,40.5,0
R,0,2,0,-0.81,0.06,Austin Riley,0.06,663586,ATL,50,0,Forkball,FO,0,0,1156,92.2,84.6,100
R,0,1,0,-1.29,-0.38,Austin Riley,0.03,663586,ATL,0,0,Knuckleball,KN,0,0,198,0,78.5,0
R,0,1,0,0.77,-0.94,Austin Riley,0.03,663586,ATL,0,0,Slow Curve,CS,0,0,2461,0,72.9,0
R,0.38,494,24.7,-0.49,1.32,Dominic Smith,27.52,642086,ATL,55.67,34.25,4-Seam Fastball,FF,9.24,0.34,2331.64,85.14,95.62,63.27
R,0.22,319,26.96,-0.71,0.61,Dominic Smith,17.77,642086,ATL,53.61,28.38,Sinker,SI,6.38,0.22,2192.22,82.24,93.95,57.89
R,0.18,203,18.23,-1.09,0.34,Dominic Smith,11.31,642086,ATL,31.03,33.57,Changeup,CH,29.41,0.12,1752.35,77.03,87.54,87.3
R,0.41,195,23.59,0.18,0.17,Dominic Smith,10.86,642086,ATL,37.44,27.87,Slider,SL,34.83,0.29,2443.98,77.93,86.56,75.34
R,0.33,156,31.41,0.23,0.63,Dominic Smith,8.69,642086,ATL,44.87,39.53,Cutter,FC,24.66,0.27,2455.78,85.79,90.66,55.71
R,0.32,146,26.03,0.73,0.05,Dominic Smith,8.13,642086,ATL,48.63,32,Sweeper,ST,20.78,0.27,2650.48,80.51,83.36,74.65
R,0.26,140,20,0.71,-0.86,Dominic Smith,7.8,642086,ATL,47.14,31.08,Curveball,CU,26.51,0.34,2684.28,85.37,80.5,90.91
R,0.28,82,19.51,-0.96,0.28,Dominic Smith,4.57,642086,ATL,39.02,24,Split-Finger,FS,30.77,0.16,1457.06,83.25,88.1,84.38
R,0.25,26,26.92,0.56,-0.7,Dominic Smith,1.45,642086,ATL,26.92,47.37,Knuckle Curve,KC,31.25,0.33,2442.69,82.98,85.19,100
R,0.05,20,10,0.57,-0.6,Dominic Smith,1.11,642086,ATL,40,33.33,Slurve,SV,0,0,2712.2,83.86,82.66,75
R,0,10,0,0,0,Dominic Smith,0.56,642086,ATL,0,0,Unknown,UNK,0,0,0,0,0,0
R,0,2,0,0.06,-0.3,Dominic Smith,0.11,642086,ATL,0,0,Knuckleball,KN,0,0,404.5,0,82.45,0
R,0,2,0,1.6,0.02,Dominic Smith,0.11,642086,ATL,100,0,Slow Curve,CS,0,0,2464,0,69.6,0
R,0.4,849,23.56,-0.35,1.3,Drake Baldwin,28.69,686948,ATL,54.53,25.13,4-Seam Fastball,FF,17.95,0.28,2334.5,85.85,95.18,74.08
R,0.47,535,26.36,0.09,0.64,Drake Baldwin,18.08,686948,ATL,55.89,33.9,Sinker,SI,8.88,0.3,2187.58,86.19,93.85,59.87
R,0.24,385,32.21,0.01,0.09,Drake Baldwin,13.01,686948,ATL,39.22,42.31,Slider,SL,40.38,0.16,2462.94,82.43,86.69,75.5
R,0.35,327,16.51,-0.75,0.4,Drake Baldwin,11.05,686948,ATL,29.36,34.2,Changeup,CH,22.45,0.29,1758.91,83.77,86.07,70.83
R,0.34,283,24.73,0.11,0.64,Drake Baldwin,9.56,686948,ATL,44.17,28.48,Cutter,FC,23.48,0.24,2427.8,84.34,90.04,69.6
R,0.37,233,26.18,-0.08,0.11,Drake Baldwin,7.87,686948,ATL,44.21,36.92,Sweeper,ST,24.59,0.26,2608.74,80.09,81.95,71.84
R,0.46,164,26.22,0.5,-0.88,Drake Baldwin,5.54,686948,ATL,45.12,33.33,Curveball,CU,21.92,0.29,2634.12,90,79.55,58.11
R,0.31,88,15.91,-0.63,0.33,Drake Baldwin,2.97,686948,ATL,37.5,58.18,Split-Finger,FS,13.79,0.19,1347.35,78.52,86.54,78.79
R,0.07,58,41.38,0.38,-0.72,Drake Baldwin,1.96,686948,ATL,20.69,52.17,Knuckle Curve,KC,59.38,0.12,2380.12,70.9,84.64,66.67
R,0.18,22,27.27,-0.51,-0.24,Drake Baldwin,0.74,686948,ATL,45.45,16.67,Slurve,SV,25,0,2397.27,93.37,82.85,60
R,0,10,0,0,0,Drake Baldwin,0.34,686948,ATL,0,0,Unknown,UNK,0,0,0,0,0,0
R,0.16,2,0,-0.08,1.78,Drake Baldwin,0.07,686948,ATL,0,50,Eephus,EP,0,1,862,81.4,38.8,0
R,0,2,0,-0.24,0.03,Drake Baldwin,0.07,686948,ATL,0,50,Knuckleball,KN,0,0,386.5,86.4,85.1,0
R,0,1,0,-0.5,0.44,Drake Baldwin,0.03,686948,ATL,0,100,Forkball,FO,0,0,1277,97.1,85,0
R,0.22,217,29.49,0.27,1.2,Ha-Seong Kim,37.22,673490,ATL,46.54,22.41,4-Seam Fastball,FF,18.82,0.05,2266.57,78.39,93.28,58.42
R,0.27,145,27.59,-0.37,0.64,Ha-Seong Kim,24.87,673490,ATL,44.83,18.75,Sinker,SI,5.77,0.07,2233.99,78.85,93.74,56.92
R,0.1,56,35.71,-0.09,0.6,Ha-Seong Kim,9.61,673490,ATL,60.71,27.27,Cutter,FC,17.39,0,2385.8,78.73,89.42,50
R,0.29,47,19.15,0.17,0.1,Ha-Seong Kim,8.06,673490,ATL,38.3,17.24,Slider,SL,26.32,0.1,2398.81,85.59,86.63,77.78
R,0.18,42,38.1,-0.11,0.14,Ha-Seong Kim,7.2,673490,ATL,57.14,16.67,Sweeper,ST,18.75,0,2782.43,77.25,81.87,54.17
R,0.1,37,16.22,0.8,0.32,Ha-Seong Kim,6.35,673490,ATL,54.05,35.29,Changeup,CH,9.09,0,1518.65,79.35,84.49,80
R,0.2,33,54.55,-0.74,-0.97,Ha-Seong Kim,5.66,673490,ATL,54.55,40,Curveball,CU,40,0.17,2799.24,91.9,80.08,22.22
R,0,6,0,0.92,0.78,Ha-Seong Kim,1.03,673490,ATL,100,0,Split-Finger,FS,0,0,1148.67,98.9,83.03,100
R,0.38,224,29.02,-0.55,1.28,Jim Jarvis,31.37,805347,ATL,50.89,22.73,4-Seam Fastball,FF,15.12,0.3,2345.35,82.19,95.17,53.51
R,0.33,108,24.07,-0.14,0.63,Jim Jarvis,15.13,805347,ATL,56.48,17.02,Sinker,SI,0,0.06,2224.74,84.36,93.81,65.57
R,0.33,82,31.71,0.18,0.74,Jim Jarvis,11.48,805347,ATL,63.41,33.33,Cutter,FC,17.39,0.29,2490.46,85.62,90.62,69.23
R,0.12,81,20.99,-0.06,0.2,Jim Jarvis,11.34,805347,ATL,49.38,31.71,Slider,SL,11.63,0.14,2447.05,78.8,86.1,75
R,0.23,79,25.32,-1.21,0.28,Jim Jarvis,11.06,805347,ATL,36.71,38,Changeup,CH,25,0.32,1853.89,80.01,85.97,72.41
R,0.1,43,11.63,-0.73,0.25,Jim Jarvis,6.02,805347,ATL,23.26,42.42,Split-Finger,FS,5,0,1334.51,70.9,86.88,60
R,0.2,42,28.57,0.64,-0.84,Jim Jarvis,5.88,805347,ATL,33.33,17.86,Curveball,CU,27.27,0.29,2478.05,85.67,79.54,42.86
R,0.15,37,29.73,0.12,0.05,Jim Jarvis,5.18,805347,ATL,32.43,24,Sweeper,ST,27.27,0,2583.7,81.66,80.97,41.67
R,0.09,8,37.5,0.52,-0.73,Jim Jarvis,1.12,805347,ATL,62.5,0,Knuckle Curve,KC,0,0,2556,86.1,83.96,40
R,0,6,16.67,0.27,-0.42,Jim Jarvis,0.84,805347,ATL,0,33.33,Slurve,SV,50,0,2780.67,63.2,82.67,0
R,0.24,2,0,-0.19,1.4,Jim Jarvis,0.28,805347,ATL,0,100,Eephus,EP,0,0,1095,96.5,40.3,0
R,0,2,0,0.32,-0.28,Jim Jarvis,0.28,805347,ATL,0,0,Knuckleball,KN,0,0,294,0,78.95,0
R,0.34,623,27.77,-0.08,1.33,Lane Thomas,27.11,657041,ATL,55.7,21.38,4-Seam Fastball,FF,13.55,0.21,2306.09,84.33,94.63,61.67
R,0.39,423,21.99,-0.47,0.67,Lane Thomas,18.41,657041,ATL,56.97,13.19,Sinker,SI,3.93,0.26,2230.44,84.41,94.06,63.9
R,0.28,359,38.16,0.06,0.09,Lane Thomas,15.62,657041,ATL,42.06,18.27,Slider,SL,42.61,0.3,2452.75,81.73,86.67,50.99
R,0.33,246,34.15,0.11,0.63,Lane Thomas,10.7,657041,ATL,56.1,22.22,Cutter,FC,32.79,0.29,2409.55,78.18,89.5,71.01
R,0.21,230,30.87,0.13,0.13,Lane Thomas,10.01,657041,ATL,38.26,25.35,Sweeper,ST,27.16,0.16,2561.77,81.6,82.83,51.14
R,0.39,198,20.71,0.45,0.48,Lane Thomas,8.62,657041,ATL,36.36,20.63,Changeup,CH,32.94,0.3,1720.99,83.87,85.97,81.94
R,0.23,115,24.35,-0.08,-0.91,Lane Thomas,5,657041,ATL,43.48,13.85,Curveball,CU,13.16,0.05,2666.59,75.37,79.1,58
R,0.02,52,15.38,-0.57,0.42,Lane Thomas,2.26,657041,ATL,36.54,39.39,Split-Finger,FS,20,0,1675.81,70.27,88.21,89.47
R,0,23,30.43,-0.52,-0.53,Lane Thomas,1,657041,ATL,60.87,22.22,Slurve,SV,22.22,0,2532.43,84.74,81.61,50
R,0.28,21,9.52,0.72,-0.58,Lane Thomas,0.91,657041,ATL,52.38,20,Knuckle Curve,KC,15.38,0.2,2552.19,69.67,81.65,100
R,0.22,6,33.33,-0.5,0.53,Lane Thomas,0.26,657041,ATL,33.33,0,Other,FA,0,0,1409,94.6,59.17,100
R,0,2,50,-1.01,-0.24,Lane Thomas,0.09,657041,ATL,0,50,Forkball,FO,0,0,1319,0,82.9,0
R,0.38,1156,26.82,-0.19,1.29,Matt Olson,29.89,621566,ATL,57.61,19.39,4-Seam Fastball,FF,21.84,0.23,2313.42,86.72,94.93,68.92
R,0.42,550,22.36,0.27,0.6,Matt Olson,14.22,621566,ATL,56.36,20,Sinker,SI,9.02,0.34,2192.04,86.94,93.72,66.77
R,0.33,483,27.74,-0.04,0.15,Matt Olson,12.49,621566,ATL,40.99,31.23,Slider,SL,34.29,0.22,2433.7,85.18,86.67,61.11
R,0.3,425,18.35,-0.82,0.35,Matt Olson,10.99,621566,ATL,35.06,26.45,Changeup,CH,20.81,0.2,1790.65,81.18,86.8,67.11
R,0.41,417,26.86,0.05,0.64,Matt Olson,10.78,621566,ATL,52.52,30.81,Cutter,FC,20,0.26,2409.17,85.4,89.42,63.47
R,0.32,376,30.05,-0.09,0.1,Matt Olson,9.72,621566,ATL,43.09,31.31,Sweeper,ST,27.78,0.25,2550.16,85.01,81.92,58.64
R,0.16,254,29.13,0.3,-0.87,Matt Olson,6.57,621566,ATL,45.28,36.69,Curveball,CU,22.69,0.17,2607.1,83.93,80.79,59.13
R,0.31,77,29.87,-0.6,0.37,Matt Olson,1.99,621566,ATL,37.66,41.67,Split-Finger,FS,35,0.4,1423.27,82.67,87.14,68.97
R,0.5,64,28.12,0.43,-0.76,Matt Olson,1.65,621566,ATL,37.5,45,Knuckle Curve,KC,26.47,0.57,2427.66,92.02,84.04,66.67
R,0.56,33,15.15,-0.81,-0.36,Matt Olson,0.85,621566,ATL,33.33,45.45,Slurve,SV,11.11,0.29,2542.18,75.41,84.95,72.73
R,0,22,0,0,0,Matt Olson,0.57,621566,ATL,0,0,Unknown,UNK,0,0,0,0,0,0
R,0,7,28.57,-0.82,0,Matt Olson,0.18,621566,ATL,28.57,40,Forkball,FO,50,0,1253,81.1,85.84,100
R,1.75,2,0,-0.43,1.76,Matt Olson,0.05,621566,ATL,0,50,Eephus,EP,0,1,885,105.2,39.05,0
R,0.16,2,0,-0.34,0.42,Matt Olson,0.05,621566,ATL,100,0,Other,FA,0,0,1469,94.4,62.5,100
R,0.29,939,23.64,-0.14,1.26,Mauricio Dubón,32.83,643289,ATL,47.5,40.77,4-Seam Fastball,FF,12.52,0.24,2299.74,80.46,94.6,69.51
R,0.34,523,23.14,-0.56,0.66,Mauricio Dubón,18.29,643289,ATL,53.54,35.8,Sinker,SI,11.46,0.33,2210.98,82.34,94.32,71.79
R,0.24,328,20.12,0.68,0.09,Mauricio Dubón,11.47,643289,ATL,42.68,34.57,Sweeper,ST,17.54,0.2,2578.04,76.19,82.22,75.71
R,0.3,326,22.09,0.21,0.13,Mauricio Dubón,11.4,643289,ATL,37.12,36.1,Slider,SL,23.6,0.24,2450.57,79.53,87.02,71.9
R,0.26,269,10.41,0.36,0.32,Mauricio Dubón,9.41,643289,ATL,39.41,44.17,Changeup,CH,9.09,0.19,1805.52,80.63,85.77,87.74
R,0.36,232,18.97,0.15,0.66,Mauricio Dubón,8.11,643289,ATL,44.4,31.78,Cutter,FC,12.3,0.33,2393.55,84.05,89.64,78.64
R,0.44,142,14.08,-0.07,-0.89,Mauricio Dubón,4.97,643289,ATL,40.14,18.82,Curveball,CU,11.67,0.41,2619.63,80.94,80.51,77.19
R,0.27,48,10.42,-0.09,0.24,Mauricio Dubón,1.68,643289,ATL,47.92,40,Split-Finger,FS,10,0.12,1190.08,80.29,84.35,86.96
R,0.05,29,37.93,0.43,-0.61,Mauricio Dubón,1.01,643289,ATL,34.48,36.84,Knuckle Curve,KC,40,0,2443.48,82.67,83.53,30
R,0.41,18,5.56,-0.28,-0.19,Mauricio Dubón,0.63,643289,ATL,38.89,36.36,Slurve,SV,0,0,2267.28,77.12,81.53,85.71
R,0.17,3,33.33,-0.11,1.83,Mauricio Dubón,0.1,643289,ATL,100,0,Eephus,EP,0,1,928.33,92,40.87,33.33
R,0.56,2,0,-0.52,1.01,Mauricio Dubón,0.07,643289,ATL,0,100,Other,FA,0,1,1198,100,60.7,0
R,0,1,0,0,0,Mauricio Dubón,0.03,643289,ATL,0,0,Unknown,UNK,0,0,0,0,0,0
R,0.36,710,23.52,-0.23,1.27,Michael Harris II,24.7,671739,ATL,48.87,33.88,4-Seam Fastball,FF,18.75,0.33,2329.73,85.46,95.23,70.61
R,0.35,549,24.41,0.13,0.58,Michael Harris II,19.1,671739,ATL,56.47,39.33,Sinker,SI,8.71,0.34,2191.72,83.66,93.58,62.26
R,0.32,346,24.57,0.05,0.15,Michael Harris II,12.04,671739,ATL,41.33,47.78,Slider,SL,27.14,0.25,2420.68,84.19,85.96,79.02
R,0.36,337,21.96,-1.04,0.36,Michael Harris II,11.73,671739,ATL,36.2,52.09,Changeup,CH,26.29,0.34,1783.88,85.18,87.09,82.79
R,0.34,305,29.51,-0.37,0.07,Michael Harris II,10.61,671739,ATL,46.23,54.27,Sweeper,ST,23.91,0.3,2580.19,83.55,81.62,67.38
R,0.39,236,19.92,0.09,0.68,Michael Harris II,8.21,671739,ATL,43.22,38.81,Cutter,FC,13.49,0.28,2434.69,83.02,90.24,72.55
R,0.22,211,34.6,0.3,-0.83,Michael Harris II,7.34,671739,ATL,37.91,54.96,Curveball,CU,36.72,0.17,2647.63,78.76,80.09,70
R,0.36,72,25,-0.75,0.37,Michael Harris II,2.51,671739,ATL,29.17,58.82,Split-Finger,FS,31.25,0.28,1425.93,84.54,86.97,85.71
R,0.06,38,47.37,0.61,-0.71,Michael Harris II,1.32,671739,ATL,18.42,74.19,Knuckle Curve,KC,55.56,0.09,2438.5,76.27,83.72,57.14
R,0.35,35,22.86,-0.49,-0.42,Michael Harris II,1.22,671739,ATL,22.86,40.74,Slurve,SV,29.41,0.4,2538.46,96,83.86,75
R,0.87,15,6.67,0.02,1.58,Michael Harris II,0.52,671739,ATL,46.67,50,Eephus,EP,0,0.5,1075.93,96.2,42.07,57.14
R,0,12,33.33,-0.6,0.8,Michael Harris II,0.42,671739,ATL,33.33,25,Other,FA,50,0,1429.33,109.1,60.38,50
R,0,6,66.67,-0.73,-0.01,Michael Harris II,0.21,671739,ATL,0,83.33,Forkball,FO,80,0,1269.33,63.7,84.32,0
R,0.09,2,0,0.04,0.14,Michael Harris II,0.07,671739,ATL,50,0,Knuckleball,KN,0,0,252.5,86.1,79.4,100
R,0.32,805,27.83,-0.55,1.27,Mike Yastrzemski,36.94,573262,ATL,49.44,24.32,4-Seam Fastball,FF,22.35,0.24,2309.58,84.8,95.06,62.81
R,0.36,317,32.18,-0.78,0.56,Mike Yastrzemski,14.55,573262,ATL,54.89,16.08,Sinker,SI,11.93,0.26,2201.08,84.21,94.4,49.43
R,0.34,224,14.73,-1.09,0.32,Mike Yastrzemski,10.28,573262,ATL,35.71,28.47,Changeup,CH,16.5,0.22,1723.64,83.51,87.75,77.5
R,0.26,214,37.38,0.18,0.12,Mike Yastrzemski,9.82,573262,ATL,50.47,33.02,Slider,SL,27.27,0.2,2488.3,89.51,86.77,49.07
R,0.28,207,42.51,0.19,0.67,Mike Yastrzemski,9.5,573262,ATL,63.29,21.05,Cutter,FC,28.57,0.2,2408.97,85.53,90.14,51.91
R,0.23,145,26.9,0.76,0.1,Mike Yastrzemski,6.65,573262,ATL,44.14,32.1,Sweeper,ST,18.03,0.27,2572.74,76.21,83.09,54.69
R,0.44,141,26.95,0.73,-0.89,Mike Yastrzemski,6.47,573262,ATL,37.59,32.95,Curveball,CU,22.81,0.31,2648.97,86.21,80.56,52.83
R,0.26,48,16.67,-0.86,0.31,Mike Yastrzemski,2.2,573262,ATL,58.33,20,Split-Finger,FS,25.81,0.27,1438.96,87.02,86.02,96.43
R,0.2,47,48.94,0.48,-0.76,Mike Yastrzemski,2.16,573262,ATL,51.06,60.87,Knuckle Curve,KC,32,0.33,2459.32,90.58,84.28,45.83
R,0,16,25,0.62,-0.46,Mike Yastrzemski,0.73,573262,ATL,62.5,0,Slurve,SV,33.33,0,2741.12,67.05,81.21,60
R,0.8,6,0,-0.01,1.68,Mike Yastrzemski,0.28,573262,ATL,33.33,25,Eephus,EP,0,1,1011.83,91.6,40.72,100
R,0,3,0,0,0,Mike Yastrzemski,0.14,573262,ATL,0,0,Unknown,UNK,0,0,0,0,0,0
R,0,2,0,-0.8,0.29,Mike Yastrzemski,0.09,573262,ATL,0,0,Forkball,FO,0,0,1186.5,0,82.55,0
R,0,2,0,-0.21,-0.33,Mike Yastrzemski,0.09,573262,ATL,50,0,Knuckleball,KN,0,0,362,0,80.4,0
R,0,2,0,-0.7,0.96,Mike Yastrzemski,0.09,573262,ATL,0,0,Pitch Out,PO,0,0,2528,0,90.2,0
R,0.31,873,19.13,-0.31,1.27,Ozzie Albies,27.2,645277,ATL,48.22,29.2,4-Seam Fastball,FF,18.52,0.2,2322.97,83.96,94.77,84.09
R,0.25,518,15.83,-0.24,0.36,Ozzie Albies,16.14,645277,ATL,33.78,45.48,Changeup,CH,18.24,0.23,1701.49,82.6,86.33,86.29
R,0.3,457,18.38,-0.16,0.61,Ozzie Albies,14.24,645277,ATL,50.11,35.53,Sinker,SI,15.19,0.29,2177.05,85.12,94.07,82.53
R,0.24,329,24.62,0.29,-0.83,Ozzie Albies,10.25,645277,ATL,44.68,46.15,Curveball,CU,16.76,0.24,2571.61,76,79.96,68.71
R,0.35,284,17.96,0.1,0.66,Ozzie Albies,8.85,645277,ATL,41.55,22.89,Cutter,FC,21.64,0.23,2410.56,80.5,90.53,81.36
R,0.28,275,28,0.07,0.05,Ozzie Albies,8.57,645277,ATL,48.73,53.9,Slider,SL,22.99,0.29,2438.2,83.39,86.17,73.13
R,0.26,252,32.14,0.34,0.07,Ozzie Albies,7.85,645277,ATL,51.59,40.98,Sweeper,ST,25.36,0.25,2575.14,79.51,81.98,67.69
R,0.2,129,18.6,-0.39,0.34,Ozzie Albies,4.02,645277,ATL,22.48,45,Split-Finger,FS,28.57,0.39,1330.88,76.12,85.97,86.21
R,0.14,62,22.58,0.44,-0.8,Ozzie Albies,1.93,645277,ATL,51.61,53.33,Knuckle Curve,KC,12.82,0.14,2411.19,74.89,83.89,71.88
R,0.32,17,11.76,-0.16,-0.3,Ozzie Albies,0.53,645277,ATL,64.71,0,Slurve,SV,18.18,0.5,2644.47,82.27,82.81,100
R,0,11,0,-0.91,1.44,Ozzie Albies,0.34,645277,ATL,0,0,Unknown,UNK,0,0,0,0,95,0
R,0.96,1,0,0.18,1.71,Ozzie Albies,0.03,645277,ATL,100,0,Eephus,EP,0,1,846,107.7,36.7,100
R,0,1,0,-1.23,-0.92,Ozzie Albies,0.03,645277,ATL,0,0,Unknown,UN,0,0,1816,0,60.5,0
R,0.3,727,20.5,-0.15,1.32,Ronald Acuña Jr.,33.58,660670,ATL,46.49,22.11,4-Seam Fastball,FF,26.22,0.13,2317.44,82.6,94.8,84.02
R,0.47,322,21.43,-0.77,0.74,Ronald Acuña Jr.,14.87,660670,ATL,49.38,42.33,Sinker,SI,15.71,0.32,2215.16,85.29,94.33,76.73
R,0.38,284,28.17,0.01,0.68,Ronald Acuña Jr.,13.12,660670,ATL,41.9,27.88,Cutter,FC,32.14,0.27,2374.96,78.16,89.68,78.99
R,0.31,227,24.67,0.05,0.1,Ronald Acuña Jr.,10.48,660670,ATL,40.97,32.09,Slider,SL,24.3,0.3,2399.58,78.8,86.44,68.82
R,0.31,200,26,0.66,0.01,Ronald Acuña Jr.,9.24,660670,ATL,29.5,18.44,Sweeper,ST,33.93,0.14,2611.18,89.95,82.78,50.85
R,0.38,191,26.7,0.31,0.39,Ronald Acuña Jr.,8.82,660670,ATL,33.51,30.71,Changeup,CH,34.88,0.3,1772.98,85.61,85.37,73.44
R,0.47,117,29.91,0.05,-0.81,Ronald Acuña Jr.,5.4,660670,ATL,43.59,16.67,Curveball,CU,22.86,0.35,2628.94,90.93,80.2,47.06
R,0.46,48,35.42,-0.4,0.43,Ronald Acuña Jr.,2.22,660670,ATL,41.67,39.29,Split-Finger,FS,38.46,0.27,1298.33,75.37,85.86,75
R,0.37,22,36.36,0.59,-0.59,Ronald Acuña Jr.,1.02,660670,ATL,36.36,28.57,Slurve,SV,40,0.5,2734.09,81.57,82.19,75
R,0,18,0,0,0,Ronald Acuña Jr.,0.83,660670,ATL,0,0,Unknown,UNK,0,0,0,0,0,0
R,0.22,9,55.56,0.54,-0.35,Ronald Acuña Jr.,0.42,660670,ATL,44.44,80,Knuckle Curve,KC,57.14,0.33,2642.56,82.73,87.11,75
R,0.13,106,40.57,-0.16,1.35,Sean Murphy,43.62,669221,ATL,61.32,43.9,4-Seam Fastball,FF,27.27,0.07,2298.99,78.67,94.16,56.92
R,0.17,44,38.64,0.09,0.01,Sean Murphy,18.11,669221,ATL,40.91,30.77,Slider,SL,31.25,0.18,2316.91,86.24,86.31,44.44
R,0.15,40,25,0.05,0.66,Sean Murphy,16.46,669221,ATL,42.5,30.43,Cutter,FC,21.05,0.25,2335.32,82.67,91.03,70.59
R,0.31,18,22.22,-1.04,0.72,Sean Murphy,7.41,669221,ATL,44.44,50,Sinker,SI,20,0.25,2282.72,66.36,96.29,62.5
R,0.18,13,61.54,-0.68,-0.79,Sean Murphy,5.35,669221,ATL,15.38,72.73,Curveball,CU,80,0,2542.31,95.6,79.67,100
R,0.24,12,25,0.14,0.26,Sean Murphy,4.94,669221,ATL,50,33.33,Sweeper,ST,28.57,0.25,2602.17,77.53,83.78,83.33
R,0.03,8,75,-0.52,0.14,Sean Murphy,3.29,669221,ATL,75,100,Split-Finger,FS,66.67,0,890,81.3,82.9,66.67
R,0,2,0,-1.1,-0.21,Sean Murphy,0.82,669221,ATL,0,0,Changeup,CH,0,0,2572,0,80.25,0
R,0.54,6,0,-0.11,1.42,Victor Mederos,100,682989,ATL,100,0,Eephus,EP,0,1,1121.33,75.15,40.9,66.67
R,0.36,275,25.45,-0.1,1.25,,29.57,622761,ATL,57.09,45.76,4-Seam Fastball,FF,12.82,0.3,2328.9,80.77,94.92,64.97
R,0.17,136,28.68,0.72,0.29,,14.62,622761,ATL,34.56,42.7,Changeup,CH,44.16,0.08,1777.46,80.35,85.85,82.98
R,0.34,133,31.58,-0.43,0.53,,14.3,622761,ATL,49.62,41.79,Sinker,SI,5.26,0.31,2189.04,78.59,94.02,43.94
R,0.22,109,42.2,0.18,0.09,,11.72,622761,ATL,48.62,57.14,Slider,SL,46.58,0.2,2483.2,79.93,86.07,77.36
R,0.16,105,25.71,0.47,0.08,,11.29,622761,ATL,38.1,27.69,Sweeper,ST,26,0.1,2579.55,73.44,82.52,80
L,0.09,103,35.92,0.08,1.31,,37.87,506702,ATL,61.17,57.5,4-Seam Fastball,FF,30,0.12,2304.27,79.64,94.27,74.6
R,0.47,88,30.68,0.09,0.51,,9.46,622761,ATL,45.45,37.5,Cutter,FC,38.3,0.12,2344.5,79.88,87.67,72.5
R,0.23,75,33.33,-0.14,1.33,,25.25,644433,ATL,60,43.33,4-Seam Fastball,FF,15.38,0.26,2262.47,81.6,93.95,57.78
R,0.14,68,32.35,-0.95,0.72,,22.9,644433,ATL,61.76,61.54,Sinker,SI,0,0.11,2216.76,72.79,94.98,54.76
R,0.15,68,26.47,0.2,0.07,,22.9,644433,ATL,33.82,40,Slider,SL,42.5,0.09,2455.01,78.15,85.87,95.65
R,0.29,56,37.5,-0.97,0.6,,37.09,676551,ATL,50,42.86,Sinker,SI,37.5,0.38,2165.89,86.51,94.91,71.43
R,0.22,54,29.63,-0.17,-0.87,,5.81,622761,ATL,42.59,54.84,Curveball,CU,27.27,0.22,2620.57,88.61,81.01,69.57
R,0.33,46,30.43,0.52,1.31,,40.71,640492,ATL,54.35,42.86,4-Seam Fastball,FF,26.67,0.29,2326.13,77.37,94.07,84
L,0.72,42,28.57,-0.4,1.36,,46.15,642133,ATL,52.38,10,4-Seam Fastball,FF,0,0,2336.07,84.65,94.97,63.64
L,0.25,40,37.5,0,0.6,,14.71,506702,ATL,60,25,Sinker,SI,19.05,0.18,2263.05,73.49,93.35,70.83
L,0.35,32,28.12,0,0.38,,11.76,506702,ATL,53.12,53.33,Changeup,CH,23.81,0,1654.59,76.47,85.53,76.47
L,0.01,30,40,0,0.55,,11.03,506702,ATL,56.67,30.77,Cutter,FC,43.75,0,2428.83,63.17,89.52,70.59
R,0.09,26,53.85,0.36,1.41,,26.26,571657,ATL,69.23,50,4-Seam Fastball,FF,42.86,0.25,2335.46,73.5,93.03,55.56
L,0.24,24,50,0.25,0,,26.37,642133,ATL,33.33,37.5,Slider,SL,75,0,2580.17,75,87.97,25
R,0.03,24,29.17,0.98,0.41,,8.08,644433,ATL,29.17,35.29,Changeup,CH,53.85,0,1850,63.57,85.42,100
R,0,22,27.27,0.14,0.58,,7.41,644433,ATL,50,45.45,Cutter,FC,28.57,0,2244.5,73.06,88.66,81.82
R,0,22,13.64,-0.47,1.2,,14.57,676551,ATL,36.36,42.86,4-Seam Fastball,FF,15.38,0,2365.82,85.3,96.18,87.5
L,0.03,21,42.86,0.08,0.12,,7.72,506702,ATL,66.67,0,Sweeper,ST,0,0,2555.05,67.4,81.21,35.71
R,0,21,42.86,-0.57,-0.65,,7.07,644433,ATL,57.14,44.44,Curveball,CU,36.36,0,2715.76,59.6,80.2,58.33
R,0.31,19,21.05,0.62,0.27,,19.19,571657,ATL,36.84,66.67,Changeup,CH,0,0.14,1572.16,73.32,82.71,42.86
R,0.32,19,42.11,0.61,-0.01,,12.58,676551,ATL,68.42,0,Slider,SL,28.57,0.5,2478.53,89.26,88.37,53.85
R,0.34,18,38.89,0.91,0.68,,18.18,571657,ATL,77.78,100,Sinker,SI,15.38,0.4,2228.56,86.38,95.23,64.29
R,0.37,17,35.29,-0.32,0.28,,5.72,644433,ATL,47.06,66.67,Sweeper,ST,20,0.4,2546.65,85.74,80.6,50
L,0.22,16,25,0.27,-0.75,,5.88,506702,ATL,31.25,18.18,Curveball,CU,28.57,0,2530.81,89.7,81.97,100
R,0.26,14,0,-0.65,-0.59,,12.39,640492,ATL,57.14,33.33,Curveball,CU,0,0.67,2522.86,83.98,81.54,100
L,0.09,13,23.08,0.23,0.15,,4.78,506702,ATL,30.77,44.44,Slider,SL,33.33,0,2419.31,74.07,86.52,50
L,0.44,13,23.08,-1.16,0.26,,14.29,642133,ATL,53.85,33.33,Changeup,CH,25,0.4,1678.54,87.87,88.14,85.71
R,0.2,12,66.67,-0.07,0.59,,10.62,640492,ATL,58.33,60,Cutter,FC,60,0,2327.17,67.9,88.24,28.57
R,0.17,12,50,-0.26,0.13,,7.95,676551,ATL,41.67,42.86,Split-Finger,FS,71.43,0,1329.75,87.95,86.45,80
R,0.02,11,45.45,-0.3,0.11,,11.11,571657,ATL,63.64,50,Slider,SL,50,0,2555.82,82.45,87.44,85.71
R,0.16,11,36.36,-0.02,0.01,,9.73,640492,ATL,18.18,66.67,Sweeper,ST,42.86,0,2524.91,89.37,84,50
L,0.21,10,20,-0.6,1.13,,3.68,506702,ATL,40,33.33,Other,FA,0,0,1566.8,71.73,57.96,100
R,0,10,40,-0.24,0.44,,10.1,571657,ATL,0,20,Cutter,FC,100,0,2288.2,0,85.74,0
R,0.28,10,20,-0.7,0.69,,8.85,640492,ATL,40,0,Sinker,SI,0,1,2042.2,32.4,94.42,50
R,0.47,10,30,0.2,0.31,,6.62,676551,ATL,40,0,Changeup,CH,75,0.5,1617.1,104.4,88.01,100
R,0.35,10,60,0.38,0.5,,6.62,676551,ATL,20,50,Cutter,FC,100,0,2491,0,90.46,100
R,0.7,10,20,0.12,1.53,,6.62,676551,ATL,20,0,Eephus,EP,0,0,1105.4,0,40.52,0
R,0.7,10,0,1.2,-0.06,,6.62,676551,ATL,30,14.29,Sweeper,ST,0,0.67,2816.7,94.4,83.24,100
R,1.29,9,0,0.04,1.61,,0.97,622761,ATL,0,33.33,Eephus,EP,0,1,1024.78,103.33,40.03,0
R,0.03,9,44.44,0.01,0.13,,0.97,622761,ATL,11.11,75,Split-Finger,FS,57.14,0.67,943.22,67.57,82.89,100
R,0.25,9,22.22,0.83,0.02,,7.96,640492,ATL,33.33,50,Changeup,CH,20,0,1373.11,73.25,85.64,66.67
R,0.9,8,0,-0.48,-1.11,,8.08,571657,ATL,0,50,Curveball,CU,0,1,2379,95.3,77.62,0
R,0,7,71.43,0.68,-0.84,,0.75,622761,ATL,0,71.43,Knuckle Curve,KC,100,0,2498,0,79.69,0
L,0.93,7,42.86,-1.22,0.27,,7.69,642133,ATL,57.14,66.67,Sinker,SI,40,0.5,2256.29,80.77,95.8,75
L,0,6,33.33,0.68,0.84,,2.21,506702,ATL,66.67,0,Split-Finger,FS,50,0,1019.67,72.3,82.53,100
R,0.9,6,33.33,0.87,0.44,,5.31,640492,ATL,33.33,50,Split-Finger,FS,0,1,1118.33,88.4,82.3,0
R,0,4,50,-1.06,1.08,,4.04,571657,ATL,50,100,Other,FA,0,0,1763,61.4,70.45,0
R,0.7,4,0,-0.05,1.3,,50,663897,ATL,0,0,4-Seam Fastball,FF,0,0,2124.5,0,87.3,0
R,0,4,0,-0.54,0.32,,50,663897,ATL,0,0,Cutter,FC,0,0,2000.5,0,82.1,0
R,0.57,3,0,0.11,0.07,,2.65,640492,ATL,33.33,0,Slider,SL,0,1,2526,92.2,87.77,100
R,0.82,3,33.33,0.34,1.37,,42.86,665856,ATL,66.67,0,4-Seam Fastball,FF,0,1,2298.33,108.1,93.7,50
R,0,3,33.33,-0.36,0.15,,42.86,665856,ATL,66.67,0,Slider,SL,50,0,2341.67,97.3,85.9,100
R,0,2,100,0.75,-0.07,,2.02,571657,ATL,0,100,Split-Finger,FS,100,0,1107,0,92.4,0
R,0,2,100,1.67,-0.61,,0.22,622761,ATL,100,0,Slurve,SV,100,0,3023,0,77.5,100
R,0,2,0,0,0,,0.22,622761,ATL,0,0,Unknown,UNK,0,0,0,0,0,0
R,0,2,50,0.06,-0.44,,1.77,640492,ATL,0,100,Knuckle Curve,KC,50,0,2436,60,83.85,0
L,0,2,100,0.04,0.12,,2.2,642133,ATL,0,100,Knuckle Curve,KC,100,0,2519,0,89.7,0
L,0,2,0,-1.87,0.11,,2.2,642133,ATL,0,0,Sweeper,ST,0,0,2757,0,83.6,0
R,0.01,2,0,0.78,-0.51,,0.67,644433,ATL,100,0,Knuckle Curve,KC,0,0,2708,85.2,79.8,100
R,0,2,0,0.44,-0.65,,1.32,676551,ATL,0,0,Curveball,CU,0,0,1835.5,0,74.9,0
L,0,1,0,0,0,,0.37,506702,ATL,0,0,Unknown,UNK,0,0,0,0,0,0
R,0.08,1,0,-0.31,1.92,,1.01,571657,ATL,0,100,Eephus,EP,0,0,903,91.5,38.9,0
R,0,1,0,-0.68,0.22,,0.11,622761,ATL,0,0,Forkball,FO,0,0,1288,0,83.5,0
L,0,1,100,-0.05,1.11,,1.1,642133,ATL,100,0,Cutter,FC,0,0,2409,0,91.2,0
R,0,1,100,-0.6,-1.19,,14.29,665856,ATL,0,100,Curveball,CU,100,0,2530,0,80.9,0
R,0.25,606,33,-0.29,1.34,Carlos Narváez,38.33,665966,BAL,53.47,27.3,4-Seam Fastball,FF,34.81,0.06,2306.7,80.28,94.55,73.77
R,0.2,275,37.82,0.13,0.17,Carlos Narváez,17.39,665966,BAL,41.09,43.21,Slider,SL,46.62,0.11,2450.34,81.63,86.68,69.03
R,0.33,240,27.08,-0.71,0.75,Carlos Narváez,15.18,665966,BAL,62.08,20.88,Sinker,SI,5.17,0.27,2199.22,82.31,93.68,65.1
R,0.35,131,42.75,0.2,0.66,Carlos Narváez,8.29,665966,BAL,61.83,26,Cutter,FC,42.65,0.25,2398.18,86.78,89.36,67.9
R,0.26,105,29.52,0.24,0.4,Carlos Narváez,6.64,665966,BAL,39.05,56.25,Changeup,CH,34.78,0.2,1711.2,86.99,84.76,80.49
R,0.28,105,28.57,0.83,0.14,Carlos Narváez,6.64,665966,BAL,38.1,40,Sweeper,ST,32.08,0.31,2557.76,82.59,82.35,67.5
R,0.84,61,26.23,0.13,-0.99,Carlos Narváez,3.86,665966,BAL,42.62,28.57,Curveball,CU,28.57,0.38,2675.67,79.74,79.67,69.23
R,0.28,34,23.53,-0.7,0.2,Carlos Narváez,2.15,665966,BAL,50,52.94,Split-Finger,FS,14.29,0.31,1383.65,85.78,84.46,70.59
R,0.24,20,30,0.67,-0.66,Carlos Narváez,1.27,665966,BAL,55,11.11,Knuckle Curve,KC,0,0,2448.75,66.6,80.76,45.45
R,0,4,50,-0.82,-0.3,Carlos Narváez,0.25,665966,BAL,50,100,Slurve,SV,50,0,1823.5,63.7,75.9,100
R,0.26,249,24.1,-0.15,1.37,Christian Encarnacion-Strand,38.85,687952,BAL,53.82,40,4-Seam Fastball,FF,22.36,0.17,2259.2,82.97,94.78,85.82
R,0.38,126,31.75,-0.52,0.69,Christian Encarnacion-Strand,19.66,687952,BAL,49.21,25,Sinker,SI,11.63,0.25,2205.21,84.39,94.12,43.55
R,0.62,91,19.78,0.51,0.33,Christian Encarnacion-Strand,14.2,687952,BAL,35.16,59.32,Changeup,CH,28.57,0.21,1812.2,83.2,84.54,87.5
R,0.28,84,30.95,-0.01,0.12,Christian Encarnacion-Strand,13.1,687952,BAL,45.24,71.74,Slider,SL,26.67,0.22,2421.14,79.38,86.32,71.05
R,0.45,30,26.67,0.09,0.65,Christian Encarnacion-Strand,4.68,687952,BAL,46.67,75,Cutter,FC,20.83,0.33,2326.4,79.48,89.21,85.71
R,0.23,27,37.04,0.89,0.13,Christian Encarnacion-Strand,4.21,687952,BAL,22.22,80.95,Sweeper,ST,38.1,0.2,2623.15,93.43,83.64,66.67
R,0,16,37.5,0.25,-0.84,Christian Encarnacion-Strand,2.5,687952,BAL,43.75,33.33,Curveball,CU,33.33,0,2568.81,69.6,80.45,42.86
R,0.73,9,22.22,-1.05,0.19,Christian Encarnacion-Strand,1.4,687952,BAL,44.44,40,Split-Finger,FS,33.33,0,1631.67,79.95,90.83,100
R,0,8,0,0,0,Christian Encarnacion-Strand,1.25,687952,BAL,0,0,Unknown,UNK,0,0,0,0,0,0
R,0,1,100,1.09,-1.3,Christian Encarnacion-Strand,0.16,687952,BAL,100,0,Knuckle Curve,KC,0,0,2781,0,84.1,0
R,0.65,125,23.2,0.22,1.37,Christian Franklin,48.83,681047,BAL,44,7.14,4-Seam Fastball,FF,17.78,0.29,2251.92,88.08,94.51,72.73
R,0.07,62,35.48,0.07,0.2,Christian Franklin,24.22,681047,BAL,40.32,32.43,Slider,SL,38.46,0.06,2471.95,80.6,86.22,56
R,0,18,44.44,0.44,0.84,Christian Franklin,7.03,681047,BAL,55.56,25,Sinker,SI,33.33,0,2194.33,61.7,93.42,40
R,0,16,37.5,0.17,0.79,Christian Franklin,6.25,681047,BAL,37.5,0,Cutter,FC,50,0,2394,82.4,89.76,66.67
R,0,12,41.67,0.85,0.7,Christian Franklin,4.69,681047,BAL,8.33,36.36,Changeup,CH,100,0,1626.33,0,83.93,0
R,0.73,12,25,-0.53,0.07,Christian Franklin,4.69,681047,BAL,16.67,30,Sweeper,ST,33.33,0,2784.5,110.7,81.05,0
R,0,6,33.33,0.61,0.14,Christian Franklin,2.34,681047,BAL,33.33,0,Split-Finger,FS,0,0,948.67,0,84.67,0
R,0,5,0,-0.35,-0.87,Christian Franklin,1.95,681047,BAL,40,0,Curveball,CU,0,0,2509.8,0,80.02,0
R,0.35,527,27.51,-0.15,1.34,Coby Mayo,23.79,691723,BAL,54.84,28.99,4-Seam Fastball,FF,15.18,0.2,2292.06,85.79,94.44,65.05
R,0.26,413,39.95,0.15,0.17,Coby Mayo,18.65,691723,BAL,41.65,32.37,Slider,SL,47.7,0.22,2391.78,88.98,86.01,55.81
R,0.41,323,27.86,-0.37,0.57,Coby Mayo,14.58,691723,BAL,57.28,23.91,Sinker,SI,12.41,0.3,2180.73,90.04,94.64,60.54
R,0.14,273,41.39,0.8,0.05,Coby Mayo,12.33,691723,BAL,44.69,43.71,Sweeper,ST,36.57,0.11,2612.67,78.19,82.76,55.74
R,0.31,241,26.56,0.46,0.33,Coby Mayo,10.88,691723,BAL,38.17,32.89,Changeup,CH,35.9,0.2,1788.27,79,85.33,73.91
R,0.3,201,33.33,0.11,0.62,Coby Mayo,9.07,691723,BAL,50.25,30,Cutter,FC,36,0.13,2324.27,78.13,88.84,69.31
R,0.3,160,33.75,-0.06,-0.88,Coby Mayo,7.22,691723,BAL,40.62,29.47,Curveball,CU,40.62,0.21,2488.03,76.72,79.55,55.38
R,0.16,43,25.58,-0.91,0.18,Coby Mayo,1.94,691723,BAL,30.23,53.33,Split-Finger,FS,38.46,0.14,1325.91,86.74,86.97,76.92
R,0.29,32,62.5,0.82,-0.95,Coby Mayo,1.44,691723,BAL,40.62,52.63,Knuckle Curve,KC,60,0.33,2432.59,100.78,82.56,38.46
R,0,2,50,-1.69,-0.57,Coby Mayo,0.09,691723,BAL,50,0,Slurve,SV,100,0,2721,0,80.95,100
R,0.38,543,27.07,-0.52,1.33,Colton Cowser,25.8,681297,BAL,58.56,22.22,4-Seam Fastball,FF,17.8,0.22,2296.73,86.13,95.53,67.3
R,0.23,364,27.75,-1.04,0.31,Colton Cowser,17.29,681297,BAL,34.07,32.08,Changeup,CH,37.58,0.23,1739.55,77.53,87.13,70.97
R,0.34,299,39.46,0.06,0.08,Colton Cowser,14.2,681297,BAL,42.47,41.28,Slider,SL,49.66,0.22,2405.97,83.1,86.26,58.27
R,0.45,220,34.55,-0.47,0.63,Colton Cowser,10.45,681297,BAL,54.55,22,Sinker,SI,18.52,0.36,2181.66,82.56,94.14,49.17
R,0.18,176,28.41,-0.91,0.18,Colton Cowser,8.36,681297,BAL,38.64,27.78,Split-Finger,FS,39.02,0.11,1343.39,73.04,86.78,76.47
R,0.16,168,34.52,0.62,-0.83,Colton Cowser,7.98,681297,BAL,39.29,30.39,Curveball,CU,32.76,0.12,2534.05,70.68,79.67,40.91
R,0.18,168,31.55,0.51,0.09,Colton Cowser,7.98,681297,BAL,45.83,20.88,Sweeper,ST,28.57,0,2564.68,82.39,82.97,48.05
R,0.66,126,27.78,0.19,0.68,Colton Cowser,5.99,681297,BAL,56.35,14.55,Cutter,FC,20.41,0.43,2385.34,84.82,90.98,57.75
R,0.16,31,41.94,0.79,-0.88,Colton Cowser,1.47,681297,BAL,45.16,35.29,Knuckle Curve,KC,36.36,0.25,2529.74,71.13,81.6,35.71
R,0.03,8,25,0.99,-1.04,Colton Cowser,0.38,681297,BAL,50,50,Slurve,SV,0,0,2543.75,94,80.58,50
R,0,2,0,0,0,Colton Cowser,0.1,681297,BAL,0,0,Unknown,UNK,0,0,0,0,0,0
R,0.31,571,29.25,-0.44,1.38,Dylan Beavers,33.28,687637,BAL,62.87,15.57,4-Seam Fastball,FF,14.55,0.2,2312.23,82.97,94.72,65.46
R,0.31,243,25.1,-1.13,0.41,Dylan Beavers,14.16,687637,BAL,32.1,21.21,Changeup,CH,37.35,0.33,1772.62,79.33,86.27,61.54
R,0.2,187,34.22,0.13,0.7,Dylan Beavers,10.9,687637,BAL,53.48,29.89,Cutter,FC,30.23,0.05,2387.83,82.05,90.49,60
R,0.36,185,28.65,0.09,0.18,Dylan Beavers,10.78,687637,BAL,44.32,25.24,Slider,SL,22.86,0.26,2418.97,82.3,85.97,53.66
R,0.43,157,23.57,-0.6,0.72,Dylan Beavers,9.15,687637,BAL,62.42,16.95,Sinker,SI,8.22,0.35,2227.72,84.47,94.13,64.29
R,0.15,146,39.04,0.71,-0.84,Dylan Beavers,8.51,687637,BAL,38.36,38.89,Curveball,CU,24.07,0.15,2567.4,82.9,80.01,33.93
R,0.18,118,30.51,0.77,0.06,Dylan Beavers,6.88,687637,BAL,41.53,14.49,Sweeper,ST,24.32,0.24,2555.61,76.92,82.55,55.1
R,0.27,81,17.28,-0.88,0.22,Dylan Beavers,4.72,687637,BAL,19.75,35.38,Split-Finger,FS,28.57,0.4,1364.07,77.1,86.22,75
R,0.28,23,43.48,0.93,-0.87,Dylan Beavers,1.34,687637,BAL,47.83,33.33,Knuckle Curve,KC,44.44,0.43,2712.13,89.98,81.13,45.45
R,0,5,40,0.79,-0.87,Dylan Beavers,0.29,687637,BAL,40,0,Slurve,SV,0,0,2630.2,0,79.82,0
R,0.31,1049,24.98,-0.33,1.3,Gunnar Henderson,27.87,683002,BAL,55.39,24.36,4-Seam Fastball,FF,14.87,0.16,2296.92,83.54,94.84,64.89
R,0.36,654,27.83,-0.01,0.56,Gunnar Henderson,17.38,683002,BAL,58.41,25,Sinker,SI,11.42,0.26,2176.01,84.25,93.27,57.85
R,0.23,555,28.11,0,0.11,Gunnar Henderson,14.74,683002,BAL,41.08,36.09,Slider,SL,30.51,0.16,2415.85,80.43,85.66,67.54
R,0.28,494,16.8,-0.89,0.31,Gunnar Henderson,13.12,683002,BAL,36.64,34.5,Changeup,CH,19.29,0.2,1716.37,81.43,86.99,80.66
R,0.41,251,37.05,0.07,0.7,Gunnar Henderson,6.67,683002,BAL,53.39,25.64,Cutter,FC,34.26,0.26,2383.23,85.06,89.75,58.21
R,0.33,237,34.6,-0.09,0.1,Gunnar Henderson,6.3,683002,BAL,52.32,31.86,Sweeper,ST,28.44,0.29,2551.26,80.34,82.14,58.87
R,0.45,221,16.29,-0.95,0.22,Gunnar Henderson,5.87,683002,BAL,28.51,29.11,Split-Finger,FS,24.24,0.21,1377.6,86.06,86.14,84.13
R,0.32,217,18.43,0.44,-0.8,Gunnar Henderson,5.77,683002,BAL,36.87,30.66,Curveball,CU,24.07,0.24,2514.35,82.32,80.29,82.5
R,0.18,63,22.22,0.72,-0.95,Gunnar Henderson,1.67,683002,BAL,36.51,27.5,Knuckle Curve,KC,25.93,0.14,2510.98,79.8,81.4,69.57
R,0,17,0,0,0,Gunnar Henderson,0.45,683002,BAL,0,0,Unknown,UNK,0,0,0,0,0,0
R,0,4,0,-1.6,-0.26,Gunnar Henderson,0.11,683002,BAL,0,0,Slurve,SV,0,0,2777,0,80.3,0
R,0.08,2,50,-0.32,1.09,Gunnar Henderson,0.05,683002,BAL,0,50,Eephus,EP,0,0,1183,88,41.55,0
R,0.35,586,27.47,-0.44,1.32,Jackson Holliday,34.43,702616,BAL,57.51,16.47,4-Seam Fastball,FF,20.45,0.26,2287.08,84.78,94.89,66.17
R,0.33,277,29.6,-0.2,0.62,Jackson Holliday,16.27,702616,BAL,52.71,16.79,Sinker,SI,11.54,0.27,2199.49,79.98,93.86,56.16
R,0.31,214,30.37,0.02,0.08,Jackson Holliday,12.57,702616,BAL,37.85,33.83,Slider,SL,34.34,0.15,2413.66,79.49,86.03,66.67
R,0.22,203,22.17,-0.95,0.32,Jackson Holliday,11.93,702616,BAL,38.92,31.45,Changeup,CH,27.36,0.13,1801.53,79.33,86.64,84.81
R,0.17,119,39.5,0.59,-0.89,Jackson Holliday,6.99,702616,BAL,35.29,40.26,Curveball,CU,46.3,0.16,2613.85,84.96,79.7,54.76
R,0.41,95,30.53,0.22,0.83,Jackson Holliday,5.58,702616,BAL,49.47,14.58,Cutter,FC,13.51,0.31,2397.26,85.76,90.6,63.83
R,0.43,91,29.67,0,-0.02,Jackson Holliday,5.35,702616,BAL,43.96,19.61,Sweeper,ST,17.86,0.22,2601.67,79.49,82.03,45
R,0.29,88,22.73,-0.99,0.34,Jackson Holliday,5.17,702616,BAL,45.45,27.08,Split-Finger,FS,31.25,0.32,1420.77,79.93,86.69,87.5
R,0.12,15,40,0.84,-1.05,Jackson Holliday,0.88,702616,BAL,46.67,37.5,Knuckle Curve,KC,20,0.33,2637.87,77.5,83.38,28.57
R,0,12,0,0,0,Jackson Holliday,0.71,702616,BAL,0,0,Unknown,UNK,0,0,0,0,0,0
R,0.86,2,0,-0.02,1.69,Jackson Holliday,0.12,702616,BAL,0,100,Eephus,EP,0,0,1314,85.5,49.4,0
R,0.33,371,24.8,-0.19,1.37,Jeremiah Jackson,27.48,669236,BAL,60.65,30.14,4-Seam Fastball,FF,20.18,0.22,2289.38,84.85,94.89,79.56
R,0.28,264,29.17,0.15,0.2,Jeremiah Jackson,19.56,669236,BAL,44.32,45.58,Slider,SL,34.15,0.16,2392.48,83.47,86.1,82.91
R,0.25,194,15.98,-0.52,0.67,Jeremiah Jackson,14.37,669236,BAL,58.76,33.75,Sinker,SI,6.72,0.27,2205.09,84.53,94.35,80.7
R,0.27,137,26.28,0.8,0.28,Jeremiah Jackson,10.15,669236,BAL,38.69,45.24,Changeup,CH,37.93,0.29,1777.29,84.77,85.07,92.45
R,0.34,131,21.37,0.65,0.14,Jeremiah Jackson,9.7,669236,BAL,51.15,34.38,Sweeper,ST,19.44,0.29,2568.43,80.94,82.23,74.63
R,0.12,107,35.51,0.04,-0.84,Jeremiah Jackson,7.93,669236,BAL,51.4,32.69,Curveball,CU,39.13,0.03,2501.64,79.02,79.86,52.73
R,0.48,97,23.71,-0.01,0.72,Jeremiah Jackson,7.19,669236,BAL,47.42,43.14,Cutter,FC,18.18,0.46,2347.16,87.29,89.58,71.74
R,0.33,34,20.59,-0.68,0.33,Jeremiah Jackson,2.52,669236,BAL,35.29,31.82,Split-Finger,FS,26.32,0.25,1193.91,93.49,87.36,100
R,0.07,7,42.86,0.9,-0.58,Jeremiah Jackson,0.52,669236,BAL,57.14,33.33,Knuckle Curve,KC,60,0,2303.29,74,84.17,100
R,0,5,0,0,0,Jeremiah Jackson,0.37,669236,BAL,0,0,Unknown,UNK,0,0,0,0,0,0
R,0.22,2,0,1.61,-0.46,Jeremiah Jackson,0.15,669236,BAL,100,0,Slurve,SV,0,0,3059,94,81.1,100
R,0,1,0,-0.71,1.34,Jeremiah Jackson,0.07,669236,BAL,0,0,Pitch Out,PO,0,0,2327,0,90.8,0
R,0.31,898,24.39,-0.26,1.33,Leody Taveras,34.2,665750,BAL,51.67,24.42,4-Seam Fastball,FF,18.39,0.19,2285.8,81.46,94.85,70.91
R,0.23,425,23.76,-0.2,0.32,Leody Taveras,16.18,665750,BAL,32.47,38.68,Changeup,CH,25.47,0.29,1757.71,71.54,86.01,73.19
R,0.29,300,28.33,0.05,0.06,Leody Taveras,11.42,665750,BAL,41,37.85,Slider,SL,27.27,0.21,2415.6,79.52,85.92,70.73
R,0.42,268,25.37,-0.06,0.64,Leody Taveras,10.21,665750,BAL,56.72,22.41,Sinker,SI,14.5,0.32,2168.45,82.21,94.31,69.08
R,0.27,218,27.98,0.09,0.69,Leody Taveras,8.3,665750,BAL,55.05,29.59,Cutter,FC,18.27,0.18,2340.11,79.36,89.46,62.5
R,0.19,209,31.58,0.35,-0.85,Leody Taveras,7.96,665750,BAL,42.58,34.17,Curveball,CU,31.4,0.14,2579.97,75.11,79.6,50.56
R,0.13,150,32,0.34,0.09,Leody Taveras,5.71,665750,BAL,41.33,30.68,Sweeper,ST,35.38,0.07,2591.09,81.91,81.66,61.29
R,0.25,129,20.16,-0.78,0.21,Leody Taveras,4.91,665750,BAL,32.56,39.08,Split-Finger,FS,24.24,0.36,1379.91,75.58,86.53,76.19
R,0.07,27,40.74,0.67,-0.88,Leody Taveras,1.03,665750,BAL,55.56,66.67,Knuckle Curve,KC,37.5,0,2527.15,70.31,83.7,53.33
R,0,2,0,0,0,Leody Taveras,0.08,665750,BAL,0,0,Unknown,UNK,0,0,0,0,0,0
R,0.48,932,25.54,-0.19,1.34,Pete Alonso,25.05,624413,BAL,53.97,26.11,4-Seam Fastball,FF,21.04,0.31,2284.09,88.79,94.54,73.16
R,0.43,802,25.06,-0.72,0.61,Pete Alonso,21.55,624413,BAL,50.12,24.25,Sinker,SI,14.17,0.34,2200.91,87.1,94.26,65.42
R,0.41,557,32.14,0.18,0.13,Pete Alonso,14.97,624413,BAL,43.81,27.8,Slider,SL,32.64,0.32,2446.04,83.5,86.29,63.52
R,0.38,392,33.67,0.78,0.14,Pete Alonso,10.53,624413,BAL,38.01,26.34,Sweeper,ST,28.24,0.22,2600.05,82.44,82.66,44.97
R,0.34,335,21.79,0.23,0.34,Pete Alonso,9,624413,BAL,34.63,31.05,Changeup,CH,28.83,0.23,1744.09,85.23,85.52,81.9
R,0.31,280,28.93,0.14,0.71,Pete Alonso,7.52,624413,BAL,47.14,21.62,Cutter,FC,29.27,0.18,2348.78,87.08,89.34,68.94
R,0.26,238,29.41,0.33,-0.87,Pete Alonso,6.4,624413,BAL,34.87,23.87,Curveball,CU,33.71,0.21,2556.73,88.12,80.1,62.65
R,0.28,92,38.04,-0.84,0.17,Pete Alonso,2.47,624413,BAL,32.61,38.71,Split-Finger,FS,43.24,0.15,1367.23,87.08,87.56,43.33
R,0.23,52,26.92,0.67,-0.98,Pete Alonso,1.4,624413,BAL,34.62,50,Knuckle Curve,KC,27.59,0.29,2527.37,87.59,81.38,66.67
R,0,22,0,0,0,Pete Alonso,0.59,624413,BAL,0,0,Unknown,UNK,0,0,0,0,0,0
R,0.07,15,33.33,0.81,-0.95,Pete Alonso,0.4,624413,BAL,53.33,0,Slurve,SV,0,0,2757.13,73.5,80.41,37.5
R,0,4,100,1.29,-0.18,Pete Alonso,0.11,624413,BAL,100,0,Slow Curve,CS,0,0,2486.5,0,69.45,0
R,0.36,454,24.45,-0.07,1.3,Tyler O'Neill,27.1,641933,BAL,51.54,24.55,4-Seam Fastball,FF,18.58,0.24,2285.72,88.2,94.54,73.5
R,0.42,342,26.02,-0.15,0.67,Tyler O'Neill,20.42,641933,BAL,51.46,24.1,Sinker,SI,12.9,0.28,2159.52,85.58,94.22,65.34
R,0.26,238,35.29,0.07,0.17,Tyler O'Neill,14.21,641933,BAL,41.18,40,Slider,SL,40.62,0.25,2396.19,79.75,86.31,73.47
R,0.22,210,23.33,0.78,0.37,Tyler O'Neill,12.54,641933,BAL,36.19,38.81,Changeup,CH,30.97,0.12,1756.48,77.38,85.36,80.26
R,0.32,170,34.12,0.37,0.12,Tyler O'Neill,10.15,641933,BAL,44.71,13.83,Sweeper,ST,41.38,0.08,2563.02,83.85,82.54,59.21
R,0.11,157,35.03,0.09,0.69,Tyler O'Neill,9.37,641933,BAL,43.95,30.68,Cutter,FC,42.86,0.14,2342.04,79.68,89.27,72.46
R,0.41,59,37.29,-0.43,-0.91,Tyler O'Neill,3.52,641933,BAL,47.46,12.9,Curveball,CU,30.77,0.27,2512.44,80.56,79.2,32.14
R,0.29,29,17.24,-0.52,0.17,Tyler O'Neill,1.73,641933,BAL,34.48,31.58,Split-Finger,FS,31.25,0,1424.9,75.04,86.04,100
R,0.52,16,0,0.68,-0.7,Tyler O'Neill,0.96,641933,BAL,50,0,Knuckle Curve,KC,0,0,2568.69,92.07,82.53,100
R,0.31,90,23.33,-0.15,1.32,Yohel Pozo,30.61,650968,BAL,50,68.89,4-Seam Fastball,FF,12.5,0.32,2231.2,80.76,94.07,73.33
R,0.29,42,14.29,0.02,0.7,Yohel Pozo,14.29,650968,BAL,52.38,20,Sinker,SI,13.64,0.25,2287.02,81.44,95.12,81.82
R,0.31,38,15.79,0.03,0.53,Yohel Pozo,12.93,650968,BAL,55.26,52.94,Cutter,FC,7.69,0.18,2385.97,83.65,87.91,80.95
R,0.3,38,21.05,0.98,0.23,Yohel Pozo,12.93,650968,BAL,36.84,37.5,Sweeper,ST,10.53,0.44,2536.76,74.83,82.24,71.43
R,0.24,35,8.57,0.61,0.28,Yohel Pozo,11.9,650968,BAL,22.86,59.26,Changeup,CH,8.7,0.43,1586.66,80.09,84.11,87.5
R,0.03,25,52,0.3,-0.12,Yohel Pozo,8.5,650968,BAL,56,90.91,Slider,SL,47.62,0,2493.64,85.04,86.42,78.57
R,0.38,12,8.33,0.02,-1.04,Yohel Pozo,4.08,650968,BAL,25,33.33,Curveball,CU,0,0,2632.67,101.5,82.76,66.67
R,0,12,33.33,-1.04,0.27,Yohel Pozo,4.08,650968,BAL,16.67,40,Split-Finger,FS,50,0,1323.67,72.2,85.35,0
R,0,1,0,-0.27,-1.56,Yohel Pozo,0.34,650968,BAL,0,0,Knuckle Curve,KC,0,0,2776,0,78.2,0
R,0.13,1,0,-0.68,0.41,Yohel Pozo,0.34,650968,BAL,0,100,Slurve,SV,0,0,2145,91,81.6,0
R,0.35,529,20.42,-0.09,1.33,,36.58,677942,BAL,55.01,21.01,4-Seam Fastball,FF,24.44,0.27,2297.02,82.91,94.62,89.69
L,0.36,476,29.62,-0.46,1.35,,25.28,694212,BAL,52.1,40.35,4-Seam Fastball,FF,25.56,0.25,2342.13,87.74,95.41,71.77
L,0.31,311,33.44,-0.01,0.18,,16.52,694212,BAL,39.55,42.55,Slider,SL,40.7,0.27,2413.7,86.65,86.83,74.8
R,0.39,267,14.98,-0.73,0.61,,18.46,677942,BAL,55.06,31.67,Sinker,SI,8.33,0.27,2213.53,84.67,94.35,80.27
L,0.32,256,22.27,-1.03,0.29,,13.6,694212,BAL,32.81,41.28,Changeup,CH,28.36,0.28,1760.41,85.53,86.85,75
L,0.43,235,29.79,-0.14,0.62,,12.48,694212,BAL,53.62,31.19,Sinker,SI,17.14,0.19,2192.03,79.01,94.03,56.35
R,0.43,224,24.55,0.19,0.07,,15.49,677942,BAL,38.84,28.47,Slider,SL,29.25,0.34,2468.49,86.89,86.42,77.01
L,0.36,168,27.38,0.6,0.06,,8.92,694212,BAL,38.1,26.92,Sweeper,ST,33.33,0.08,2647.01,81.44,82.64,68.75
L,0.41,150,22,0.13,0.65,,7.97,694212,BAL,54,42.03,Cutter,FC,17.89,0.39,2415.17,85.21,90.36,81.48
L,0.24,144,27.08,0.75,-0.93,,7.65,694212,BAL,29.86,47.52,Curveball,CU,37.97,0.17,2622.32,83.18,79.7,72.09
R,0.33,110,25.45,0.51,0.17,,7.61,677942,BAL,42.73,49.21,Changeup,CH,25,0.32,1625.09,79.07,85.6,78.72
R,0.34,99,25.25,0.67,0.06,,6.85,677942,BAL,52.53,27.66,Sweeper,ST,19.64,0.41,2641.33,81.47,82.19,82.69
R,0.27,94,24.47,0.08,0.69,,6.5,677942,BAL,61.7,38.89,Cutter,FC,22.22,0.33,2383.61,82.96,89.34,84.48
L,0.39,80,22.5,-0.93,0.12,,4.25,694212,BAL,37.5,52,Split-Finger,FS,29.63,0.29,1363.72,87.61,86.98,93.33
R,0.29,76,30.26,0.24,-0.93,,5.26,677942,BAL,34.21,42,Curveball,CU,38.46,0.33,2670.07,84.66,81.36,69.23
R,0.14,74,25.68,-0.16,1.33,,39.15,669087,BAL,54.05,29.41,4-Seam Fastball,FF,29.55,0.24,2219.85,85.31,94.04,85
L,0.29,43,48.84,0.74,-0.86,,2.28,694212,BAL,51.16,61.9,Knuckle Curve,KC,53.33,0.23,2564.4,87.33,83.28,77.27
R,0.27,41,14.63,1.06,0.6,,31.54,671286,BAL,39.02,28,Changeup,CH,19.05,0,1736.37,77.11,84.52,87.5
R,0.53,34,17.65,0.46,1.34,,26.15,671286,BAL,44.12,5.26,4-Seam Fastball,FF,7.69,0.25,2134,92.64,92.96,80
R,0.18,28,21.43,0.15,-0.06,,14.81,669087,BAL,42.86,18.75,Slider,SL,35.71,0,2286.29,90.91,85.68,91.67
R,0.15,27,29.63,-0.92,0.49,,14.29,669087,BAL,77.78,33.33,Sinker,SI,21.05,0.2,2276.48,80.65,95.97,80.95
R,0,26,50,0.77,0.76,,13.76,669087,BAL,50,53.85,Changeup,CH,57.14,0,1756.12,59.95,82.33,53.85
R,0.9,20,15,0.32,0.45,,24.39,663624,BAL,50,10,Sinker,SI,0,1,2032.85,82.2,94.22,70
R,0.43,19,21.05,-0.63,0.07,,1.31,677942,BAL,10.53,52.94,Split-Finger,FS,36.36,0.5,1253.95,98.2,85.29,100
R,0.37,18,16.67,0.66,0.83,,13.85,671286,BAL,44.44,0,Sinker,SI,0,0.33,2206.11,81.18,95.14,62.5
R,0.42,17,0,-0.37,1.38,,20.73,663624,BAL,47.06,11.11,4-Seam Fastball,FF,0,0,2311.65,83.09,92.29,100
R,0.29,17,17.65,1.33,0,,20.73,663624,BAL,35.29,63.64,Sweeper,ST,9.09,0.4,2420.59,80.9,82.63,66.67
R,0,16,37.5,-0.82,-0.83,,12.31,671286,BAL,37.5,40,Curveball,CU,50,0,2504,88.2,80.62,66.67
R,0.37,16,31.25,0.43,-0.9,,1.11,677942,BAL,50,25,Knuckle Curve,KC,28.57,0,2370,87.28,83.29,62.5
L,0,16,0,0,0,,0.85,694212,BAL,0,0,Unknown,UNK,0,0,0,0,0,0
R,0,12,66.67,1.25,0.09,,6.35,669087,BAL,50,100,Sweeper,ST,55.56,0,2484.42,73.97,84.24,50
R,0,12,58.33,-0.01,0.71,,9.23,671286,BAL,50,83.33,Cutter,FC,50,0,2226.33,79.85,90.89,50
R,0.22,10,40,-0.23,0.61,,5.29,669087,BAL,60,50,Cutter,FC,50,0.25,2292.2,101.35,89.26,100
R,0.26,9,33.33,0.4,0.36,,10.98,663624,BAL,77.78,100,Slider,SL,25,0,2350.11,88.63,84.41,85.71
R,0,9,22.22,-0.38,-0.03,,6.92,671286,BAL,44.44,40,Slider,SL,33.33,0,2536.67,80.7,85.47,100
R,0,8,0,0,0,,0.55,677942,BAL,0,0,Unknown,UNK,0,0,0,0,0,0
R,0.08,7,14.29,-0.41,0.47,,8.54,663624,BAL,28.57,60,Changeup,CH,20,0,1796,71.47,83.86,100
R,0.25,7,0,0.08,0.75,,8.54,663624,BAL,14.29,66.67,Cutter,FC,0,1,2208.14,86.22,89.9,100
R,0,6,50,-0.75,-1.04,,3.17,669087,BAL,16.67,60,Curveball,CU,75,0,2480.67,0,78.85,100
R,0,4,0,0.34,0.78,,50,668974,BAL,0,50,Cutter,FC,0,0,2220,78.3,89.3,0
R,0,4,100,0.36,0.22,,50,668974,BAL,50,100,Slider,SL,100,0,2179.5,0,84.9,100
R,0,4,75,0.67,-1.37,,2.12,669087,BAL,75,0,Knuckle Curve,KC,0,0,2649.75,0,83.88,0
L,0.29,4,25,-0.46,1.26,,100,672279,BAL,0,25,Eephus,EP,0,0,1287.75,79.9,45.1,0
R,0.02,4,50,0.62,-1.1,,0.28,677942,BAL,50,100,Slurve,SV,50,0,1633.5,80.1,79.9,100
R,0.35,3,0,-1.87,-0.49,,3.66,663624,BAL,100,0,Slurve,SV,0,0,2694.67,90.35,81.1,100
R,0,2,0,0.34,-1.09,,2.44,663624,BAL,0,0,Knuckle Curve,KC,0,0,2377,0,80,0
L,0,2,0,1.35,-0.35,,0.11,694212,BAL,100,0,Slow Curve,CS,0,0,2447,83.4,68.2,100
L,0,2,50,-1.76,-0.58,,0.11,694212,BAL,0,50,Slurve,SV,100,0,2727,0,80.6,0
R,0.36,1,0,-0.24,1.15,,0.53,669087,BAL,0,100,Eephus,EP,0,0,1167,97.4,41.6,0
R,0,1,100,-1.14,-0.03,,0.53,669087,BAL,0,100,Split-Finger,FS,100,0,1288,0,83.9,0
R,0.34,660,25.76,-0.26,1.32,Adley Rutschman,31.7,668939,BOS,53.18,25.57,4-Seam Fastball,FF,7.69,0.27,2299.92,84.95,94.85,58.97
R,0.37,314,33.44,-0.14,0.53,Adley Rutschman,15.08,668939,BOS,53.5,18.49,Sinker,SI,12.04,0.13,2191.57,83.49,93.56,48.21
R,0.34,290,17.93,-0.13,0.23,Adley Rutschman,13.93,668939,BOS,37.59,36.46,Changeup,CH,16.33,0.24,1691.7,79.34,86.44,74.31
R,0.37,221,30.32,-0.02,0.12,Adley Rutschman,10.61,668939,BOS,45.7,23.33,Slider,SL,26.19,0.26,2420.05,82.94,85.46,55.45
R,0.25,175,36.57,0.57,0.09,Adley Rutschman,8.41,668939,BOS,54.86,21.52,Sweeper,ST,19.67,0.15,2598.86,83.43,82.4,45.83
R,0.32,145,23.45,0.35,-0.94,Adley Rutschman,6.96,668939,BOS,41.38,16.47,Curveball,CU,18,0.23,2670.4,76.43,79.98,60
R,0.51,124,24.19,0.16,0.63,Adley Rutschman,5.96,668939,BOS,50.81,26.23,Cutter,FC,16.67,0.35,2346.2,85.91,89.73,60.32
R,0.33,95,17.89,-0.92,0.26,Adley Rutschman,4.56,668939,BOS,27.37,23.19,Split-Finger,FS,20.59,0.17,1368.62,75.86,86.55,69.23
R,0.1,38,28.95,0.44,-1.04,Adley Rutschman,1.83,668939,BOS,28.95,29.63,Knuckle Curve,KC,27.27,0,2390.97,81,81.05,27.27
R,0.71,14,14.29,0.47,-0.79,Adley Rutschman,0.67,668939,BOS,14.29,8.33,Slurve,SV,0,0,2614.79,0,80.54,0
R,0,4,50,-0.16,0.02,Adley Rutschman,0.19,668939,BOS,50,0,Knuckleball,KN,0,0,201.5,0,80.35,0
R,0.46,2,0,-0.24,1.2,Adley Rutschman,0.1,668939,BOS,50,0,Eephus,EP,0,1,1296,78.1,51.4,100
R,0.34,720,24.44,-0.15,1.29,Andruw Monasterio,35.45,655316,BOS,55.28,25.47,4-Seam Fastball,FF,12.57,0.22,2316.61,82.12,94.61,69.35
R,0.26,372,23.12,0.07,0.15,Andruw Monasterio,18.32,655316,BOS,46.51,26.63,Slider,SL,18.08,0.25,2414.36,81.79,85.72,71.68
R,0.36,292,31.16,-0.43,0.54,Andruw Monasterio,14.38,655316,BOS,65.07,20.59,Sinker,SI,6.15,0.3,2178.57,83.26,94.38,57.37
R,0.33,178,18.54,0.59,0.33,Andruw Monasterio,8.76,655316,BOS,33.71,33.05,Changeup,CH,28.89,0.21,1741.31,81.03,85.65,85
R,0.1,153,29.41,0.53,0.11,Andruw Monasterio,7.53,655316,BOS,46.41,14.63,Sweeper,ST,20,0.07,2564.18,76.45,82.71,60.56
R,0.32,130,24.62,0.07,0.63,Andruw Monasterio,6.4,655316,BOS,46.15,28.57,Cutter,FC,11.54,0.45,2320.95,77.3,89.35,53.33
R,0.17,116,34.48,-0.09,-0.92,Andruw Monasterio,5.71,655316,BOS,46.55,17.74,Curveball,CU,41.03,0.14,2685.87,84.67,80.1,51.85
R,0.36,32,25,-1.07,0.09,Andruw Monasterio,1.58,655316,BOS,34.38,28.57,Split-Finger,FS,35.71,0.8,1401.06,90.78,86.09,72.73
R,0.29,18,22.22,0.46,-0.79,Andruw Monasterio,0.89,655316,BOS,22.22,57.14,Knuckle Curve,KC,20,0.33,2514.56,79.32,84.3,50
R,0.02,11,36.36,0.47,1.04,Andruw Monasterio,0.54,655316,BOS,36.36,28.57,Other,FA,0,0,1688.91,85.33,68.76,25
R,0,5,20,-1.19,-0.22,Andruw Monasterio,0.25,655316,BOS,100,0,Slurve,SV,0,0,2131,80.6,76.2,80
R,0.15,2,50,0.64,1.06,Andruw Monasterio,0.1,655316,BOS,0,50,Eephus,EP,0,0,1352.5,75.9,46.1,0
R,0,2,0,0,0,Andruw Monasterio,0.1,655316,BOS,0,0,Unknown,UNK,0,0,0,0,0,0
R,0.37,418,25.6,-0.31,1.25,Anthony Seigler,42.39,678011,BOS,54.07,19.27,4-Seam Fastball,FF,15.1,0.31,2312.27,85.19,94.77,68.58
R,0.26,111,18.02,-0.25,0.41,Anthony Seigler,11.26,678011,BOS,45.95,16.67,Changeup,CH,14.58,0.12,1721.55,83.51,85.27,74.51
R,0.25,98,13.27,0.06,0.6,Anthony Seigler,9.94,678011,BOS,51.02,37.5,Cutter,FC,11.48,0.21,2380.81,79.84,90.22,86
R,0.52,95,33.68,-0.65,0.55,Anthony Seigler,9.63,678011,BOS,56.84,21.95,Sinker,SI,9.09,0.36,2201.61,87.14,93.58,44.44
R,0.2,77,27.27,0.3,-1.01,Anthony Seigler,7.81,678011,BOS,23.38,28.81,Curveball,CU,44.83,0,2693.57,77.43,81.37,66.67
R,0.22,66,34.85,0.04,0.04,Anthony Seigler,6.69,678011,BOS,50,42.42,Slider,SL,42.11,0.11,2451.65,82.69,86.32,72.73
R,0.11,46,28.26,-0.87,0.17,Anthony Seigler,4.67,678011,BOS,34.78,43.33,Split-Finger,FS,30.43,0.31,1377.41,79.19,85.52,62.5
R,0.27,36,30.56,0.27,0.09,Anthony Seigler,3.65,678011,BOS,66.67,16.67,Sweeper,ST,0,0.36,2599.33,70.81,81.02,54.17
R,0.38,14,14.29,0.67,-0.94,Anthony Seigler,1.42,678011,BOS,57.14,0,Knuckle Curve,KC,0,0.33,2641.71,93.87,84.36,75
R,0.03,12,33.33,0.57,0.93,Anthony Seigler,1.22,678011,BOS,16.67,20,Other,FA,0,0,1934.5,82.3,75.8,0
R,0.01,8,25,-0.28,1.49,Anthony Seigler,0.81,678011,BOS,50,50,Eephus,EP,0,0,1095.25,73.3,44.32,50
R,0.03,3,33.33,-0.96,-0.13,Anthony Seigler,0.3,678011,BOS,33.33,100,Slurve,SV,0,0,2602,86,84.83,0
R,0,2,0,0,0,Anthony Seigler,0.2,678011,BOS,0,0,Unknown,UNK,0,0,0,0,0,0
R,0.3,772,23.06,-0.19,1.36,Caleb Durbin,28.07,702332,BOS,50.13,27.79,4-Seam Fastball,FF,11.59,0.24,2319.55,80.96,94.43,61.5
R,0.31,649,26.04,-0.82,0.66,Caleb Durbin,23.6,702332,BOS,59.94,29.23,Sinker,SI,7.25,0.28,2211.79,79.19,94,65.55
R,0.24,457,27.13,0.23,0.18,Caleb Durbin,16.62,702332,BOS,44.64,29.25,Slider,SL,21.78,0.24,2447.64,76.51,86.16,62.75
R,0.23,237,21.52,0.41,0.29,Caleb Durbin,8.62,702332,BOS,39.66,35.66,Changeup,CH,28,0.17,1795.83,78.16,85.02,78.72
R,0.25,212,19.81,0.12,0.67,Caleb Durbin,7.71,702332,BOS,56.13,27.96,Cutter,FC,12.9,0.26,2406.56,79.5,89.38,82.35
R,0.19,197,27.41,0.85,0.12,Caleb Durbin,7.16,702332,BOS,44.16,30.91,Sweeper,ST,17.95,0.19,2611.58,73.68,83.06,50.57
R,0.29,102,33.33,0.16,-0.94,Caleb Durbin,3.71,702332,BOS,45.1,21.43,Curveball,CU,16.13,0.37,2636.27,77.05,79.36,41.3
R,0.24,68,20.59,-0.95,0.35,Caleb Durbin,2.47,702332,BOS,44.12,34.21,Split-Finger,FS,23.68,0.23,1429.37,69,85.45,83.33
R,0.01,31,16.13,0.79,-0.99,Caleb Durbin,1.13,702332,BOS,48.39,12.5,Knuckle Curve,KC,0,0,2577.9,67.33,81.82,66.67
R,0.57,15,13.33,-0.32,-0.44,Caleb Durbin,0.55,702332,BOS,33.33,20,Slurve,SV,28.57,0.5,2518.67,80.32,82.91,100
R,0.52,8,12.5,-0.31,1.8,Caleb Durbin,0.29,702332,BOS,37.5,60,Eephus,EP,0,1,1189.5,87.52,45.85,66.67
R,0.16,2,50,-1.06,0.97,Caleb Durbin,0.07,702332,BOS,0,50,Other,FA,0,0,1493,87.8,60.5,0
R,0.26,879,28.1,-0.23,1.34,Ceddanne Rafaela,28.99,678882,BOS,48.24,46.37,4-Seam Fastball,FF,23.76,0.27,2336.69,81.54,94.72,69.34
R,0.32,549,28.05,-0.82,0.69,Ceddanne Rafaela,18.11,678882,BOS,55.19,49.19,Sinker,SI,12.93,0.28,2203.73,81.68,93.85,64.69
R,0.31,462,27.06,0.2,0.16,Ceddanne Rafaela,15.24,678882,BOS,40.26,44.93,Slider,SL,24.71,0.3,2496.51,80.4,86.07,72.58
R,0.26,301,26.91,0.35,0.29,Ceddanne Rafaela,9.93,678882,BOS,49.17,43.79,Changeup,CH,24.16,0.25,1776.14,80.01,85.65,75
R,0.29,271,26.57,0.65,0.11,Ceddanne Rafaela,8.94,678882,BOS,42.07,57.32,Sweeper,ST,27.78,0.39,2620.24,74.16,83.18,78.95
R,0.3,255,25.88,0.16,0.67,Ceddanne Rafaela,8.41,678882,BOS,53.33,29.41,Cutter,FC,20.44,0.32,2355.6,81.44,88.98,75
R,0.22,183,31.15,0.23,-0.96,Ceddanne Rafaela,6.04,678882,BOS,46.45,45.92,Curveball,CU,31.13,0.26,2644.73,80.16,79.61,71.76
R,0.36,55,29.09,-0.94,0.26,Ceddanne Rafaela,1.81,678882,BOS,52.73,38.46,Split-Finger,FS,37.14,0.47,1446.84,89.57,87.72,86.21
R,0.17,45,40,0.42,-0.9,Ceddanne Rafaela,1.48,678882,BOS,40,51.85,Knuckle Curve,KC,46.15,0.07,2493.89,81.18,84.3,66.67
R,0.29,14,14.29,-0.34,1.75,Ceddanne Rafaela,0.46,678882,BOS,35.71,0,Eephus,EP,0,0.33,1219.79,93.33,47.01,60
R,0,9,11.11,0,0,Ceddanne Rafaela,0.3,678882,BOS,0,0,Unknown,UNK,0,0,0,0,0,0
R,0.7,7,0,-0.42,-0.59,Ceddanne Rafaela,0.23,678882,BOS,0,14.29,Slurve,SV,0,0,2383.29,0,82.37,0
R,0,2,0,-0.9,0.87,Ceddanne Rafaela,0.07,678882,BOS,0,0,Pitch Out,PO,0,0,2171,0,90.9,0
R,0.35,307,21.82,-0.07,1.34,Connor Wong,25.78,657136,BOS,48.53,31.65,4-Seam Fastball,FF,10.97,0.26,2314.28,82.09,94.35,70.47
R,0.34,273,25.64,-0.81,0.7,Connor Wong,22.92,657136,BOS,56.78,15.25,Sinker,SI,7.08,0.37,2219.11,81.62,94.1,61.29
R,0.34,199,31.66,0.16,0.16,Connor Wong,16.71,657136,BOS,42.21,37.39,Slider,SL,35,0.37,2471.06,79.01,85.72,67.86
R,0.19,114,35.96,1.08,0.04,Connor Wong,9.57,657136,BOS,41.23,38.81,Sweeper,ST,48.15,0.03,2672.7,79.53,83.09,59.57
R,0.26,103,42.72,0.2,0.57,Connor Wong,8.65,657136,BOS,55.34,41.3,Cutter,FC,33.33,0.24,2371.46,76.17,89.05,56.14
R,0.16,92,30.43,0.35,0.45,Connor Wong,7.72,657136,BOS,38.04,38.6,Changeup,CH,44.23,0.33,1819.8,82.07,85.09,85.71
R,0.27,68,23.53,0.09,-0.98,Connor Wong,5.71,657136,BOS,48.53,20,Curveball,CU,3.85,0.2,2632.63,79.93,79.64,57.58
R,0.28,17,0,-0.77,0.37,Connor Wong,1.43,657136,BOS,29.41,16.67,Split-Finger,FS,0,0,1251.65,76,87.75,100
R,0.62,14,42.86,0.28,-0.92,Connor Wong,1.18,657136,BOS,14.29,50,Knuckle Curve,KC,75,0.5,2650.71,102.7,82.43,100
R,0.01,4,0,-0.29,1.68,Connor Wong,0.34,657136,BOS,50,0,Eephus,EP,0,0,1359.5,73.55,46.95,100
R,0.2,313,27.16,0.29,1.28,Eli White,32.14,642201,BOS,52.72,26.35,4-Seam Fastball,FF,25,0.24,2284.05,79.07,94.6,75.76
R,0.31,176,28.98,-0.07,0.61,Eli White,18.07,642201,BOS,57.95,18.92,Sinker,SI,15.19,0.38,2221.14,85.24,93.97,63.73
R,0.26,131,27.48,0.85,0.34,Eli White,13.45,642201,BOS,33.59,42.53,Changeup,CH,36.84,0.16,1741.38,83.33,85.69,88.64
R,0.24,105,32.38,0.02,0.1,Eli White,10.78,642201,BOS,49.52,47.17,Slider,SL,29.31,0.22,2402.17,76.56,85.96,63.46
R,0.31,78,25.64,-0.41,0.13,Eli White,8.01,642201,BOS,52.56,24.32,Sweeper,ST,20,0.24,2481.64,83.22,79.94,75.61
R,0.34,68,19.12,-0.08,0.57,Eli White,6.98,642201,BOS,55.88,30,Cutter,FC,19.05,0.25,2298.9,76.76,87.69,86.84
R,0.21,54,40.74,-0.6,-0.84,Eli White,5.54,642201,BOS,35.19,25.71,Curveball,CU,60,0,2591.48,85.45,80.71,57.89
R,0.38,18,16.67,0.05,0.22,Eli White,1.85,642201,BOS,16.67,60,Split-Finger,FS,25,0.33,1100.5,83.56,85.14,100
R,0.07,14,21.43,0.25,-0.74,Eli White,1.44,642201,BOS,21.43,27.27,Knuckle Curve,KC,0,0,2337.64,53.4,79.17,0
R,0.08,12,66.67,-0.62,-0.21,Eli White,1.23,642201,BOS,33.33,75,Slurve,SV,75,0.5,2236,67.4,81.83,50
R,0.72,4,0,-0.68,0.64,Eli White,0.41,642201,BOS,50,0,Other,FA,0,1,1564.5,105.1,63.35,100
R,0.08,1,0,-0.16,1.89,Eli White,0.1,642201,BOS,0,100,Eephus,EP,0,0,889,87.5,38.1,0
R,0.38,201,29.35,0.32,1.36,Jahmai Jones,26.14,663330,BOS,53.73,24.73,4-Seam Fastball,FF,27,0.29,2296.74,86.44,93.75,71.3
R,0.23,157,26.75,1.07,0.44,Jahmai Jones,20.42,663330,BOS,41.4,35.87,Changeup,CH,33.33,0.21,1618.13,82.72,83.94,78.46
R,0.1,121,39.67,-0.34,0.18,Jahmai Jones,15.73,663330,BOS,38.84,29.73,Slider,SL,58.62,0.1,2446.12,84.19,84.78,76.6
R,0.59,105,20,0.99,0.78,Jahmai Jones,13.65,663330,BOS,52.38,18,Sinker,SI,16.33,0.22,2221.6,83.43,94.66,72.73
R,0.23,65,33.85,-0.73,-0.99,Jahmai Jones,8.45,663330,BOS,47.69,26.47,Curveball,CU,32,0.29,2535.94,82.21,79.42,51.61
R,0.24,58,43.1,-0.59,0.18,Jahmai Jones,7.54,663330,BOS,41.38,55.88,Sweeper,ST,42.42,0.08,2594.97,86.96,82.21,58.33
R,0.36,46,17.39,-0.1,0.61,Jahmai Jones,5.98,663330,BOS,50,26.09,Cutter,FC,16.67,0.11,2262.07,87.36,88.22,78.26
R,0,11,27.27,-0.2,-0.22,Jahmai Jones,1.43,663330,BOS,36.36,28.57,Split-Finger,FS,50,0,1458.36,84.67,84.29,100
R,0.97,4,0,-0.1,-0.88,Jahmai Jones,0.52,663330,BOS,100,0,Knuckle Curve,KC,0,1,2032.5,100.8,85.5,100
R,0.58,1,0,-0.87,1.85,Jahmai Jones,0.13,663330,BOS,100,0,Eephus,EP,0,0,1641,99.5,60.2,100
R,0.29,1018,32.32,-0.36,1.32,Jarren Duran,34.14,680776,BOS,51.28,35.08,4-Seam Fastball,FF,29.59,0.16,2320.33,81.86,94.98,63.79
R,0.26,368,27.17,-1.03,0.35,Jarren Duran,12.34,680776,BOS,34.78,40.42,Changeup,CH,37.31,0.21,1791.01,82.18,86.47,81.25
R,0.21,345,35.36,0.05,0.12,Jarren Duran,11.57,680776,BOS,48.12,42.46,Slider,SL,39.38,0.15,2428.98,82.76,86.19,70.48
R,0.48,337,26.71,-0.08,0.56,Jarren Duran,11.3,680776,BOS,55.19,25.83,Sinker,SI,14.56,0.37,2181.88,84.85,93.25,63.98
R,0.35,250,26,0.05,0.67,Jarren Duran,8.38,680776,BOS,54.4,22.81,Cutter,FC,19.05,0.23,2366.36,82.59,90.28,73.53
R,0.29,230,31.3,0.55,-0.95,Jarren Duran,7.71,680776,BOS,38.26,35.21,Curveball,CU,34.29,0.2,2688.56,83.6,80.68,62.5
R,0.2,166,25.3,-0.94,0.25,Jarren Duran,5.57,680776,BOS,40.96,34.69,Split-Finger,FS,32.56,0.16,1408.72,81.44,86.61,76.47
R,0.22,153,34.64,-0.24,0.11,Jarren Duran,5.13,680776,BOS,47.71,35,Sweeper,ST,42.31,0.2,2579.02,77.2,82.39,68.49
R,0.18,71,40.85,0.69,-1.02,Jarren Duran,2.38,680776,BOS,38.03,40.91,Knuckle Curve,KC,50,0.22,2532.92,92.69,82.19,51.85
R,0.34,19,15.79,-0.03,-0.43,Jarren Duran,0.64,680776,BOS,36.84,41.67,Slurve,SV,11.11,0,2309.68,65.13,83.3,57.14
R,0,16,0,0,0,Jarren Duran,0.54,680776,BOS,0,0,Unknown,UNK,0,0,0,0,0,0
R,0,4,0,0.21,0.57,Jarren Duran,0.13,680776,BOS,100,0,Other,FA,0,0,1918.5,72.9,69.1,100
R,0.08,2,0,-0.29,0.21,Jarren Duran,0.07,680776,BOS,100,0,Knuckleball,KN,0,1,191,90.8,79.1,100
R,0,2,0,1.13,-1.38,Jarren Duran,0.07,680776,BOS,0,0,Slow Curve,CS,0,0,2666,0,71.1,0
R,0,1,0,-0.85,-0.31,Jarren Duran,0.03,680776,BOS,0,0,Forkball,FO,0,0,1264,0,84.2,0
R,0.33,581,23.58,-0.53,1.32,Masataka Yoshida,34.6,807799,BOS,51.64,28.47,4-Seam Fastball,FF,4.21,0.3,2314.16,85.2,94.45,60.33
R,0.32,225,32.44,-0.41,0.49,Masataka Yoshida,13.4,807799,BOS,56.89,19.59,Sinker,SI,14.77,0.17,2177.44,87.36,93.08,53.91
R,0.35,195,17.44,-1.09,0.38,Masataka Yoshida,11.61,807799,BOS,40,26.5,Changeup,CH,21.88,0.25,1748.61,84.32,86.33,83.33
R,0.14,157,38.22,0.67,-0.94,Masataka Yoshida,9.35,807799,BOS,47.13,30.12,Curveball,CU,27.78,0.19,2616.85,78.48,79.14,39.19
R,0.35,155,30.32,0.13,0.71,Masataka Yoshida,9.23,807799,BOS,53.55,36.11,Cutter,FC,11.11,0.32,2414.77,84.37,90,55.42
R,0.28,135,34.81,0.19,0.21,Masataka Yoshida,8.04,807799,BOS,48.89,28.99,Slider,SL,18.52,0.36,2427.85,83.57,85.55,51.52
R,0.38,110,21.82,-0.96,0.34,Masataka Yoshida,6.55,807799,BOS,38.18,22.06,Split-Finger,FS,22.5,0.35,1416.64,79.85,87.25,59.52
R,0.35,62,9.68,0.57,0.05,Masataka Yoshida,3.69,807799,BOS,30.65,25.58,Sweeper,ST,8.33,0.39,2639.9,81.06,82.12,68.42
R,0.26,43,23.26,0.65,-0.96,Masataka Yoshida,2.56,807799,BOS,37.21,40.74,Knuckle Curve,KC,19.05,0.15,2568.3,94.71,82.43,62.5
R,0,9,0,0,0,Masataka Yoshida,0.54,807799,BOS,0,0,Unknown,UNK,0,0,0,0,0,0
R,0.06,6,33.33,-0.43,1.59,Masataka Yoshida,0.36,807799,BOS,33.33,50,Eephus,EP,0,0,1290,77,48.13,0
R,0.37,1,0,-1.47,-0.34,Masataka Yoshida,0.06,807799,BOS,100,0,Slurve,SV,0,0,2885,98.4,82.7,100
R,0.33,310,26.13,-0.3,1.31,Nick Sogard,30.72,686765,BOS,54.52,18.44,4-Seam Fastball,FF,12.5,0.29,2318.81,83.07,94.57,69.82
R,0.39,176,21.02,-0.61,0.3,Nick Sogard,17.44,686765,BOS,34.09,22.41,Changeup,CH,26.15,0.48,1737.07,74.84,86.76,65
R,0.38,136,26.47,-0.67,0.51,Nick Sogard,13.48,686765,BOS,45.59,13.51,Sinker,SI,10.53,0.1,2103.6,78.66,93.44,45.16
R,0.18,122,34.43,0.01,0.05,Nick Sogard,12.09,686765,BOS,41.8,33.8,Slider,SL,34,0.12,2457.01,80.43,85.88,50.98
R,0.25,88,21.59,0.46,-0.86,Nick Sogard,8.72,686765,BOS,26.14,16.92,Curveball,CU,20,0.2,2672.38,86.96,80.49,39.13
R,0.59,87,25.29,0.06,0.74,Nick Sogard,8.62,686765,BOS,47.13,17.39,Cutter,FC,12.9,0.5,2335.06,85.21,90.57,56.1
R,0.42,40,22.5,-1.01,0.28,Nick Sogard,3.96,686765,BOS,30,35.71,Split-Finger,FS,22.22,0.25,1374.25,83.26,88.16,66.67
R,0.26,39,17.95,0.94,0.26,Nick Sogard,3.87,686765,BOS,48.72,30,Sweeper,ST,5.26,0.29,2622.85,80.79,82.48,68.42
R,0.08,9,11.11,0.51,-0.73,Nick Sogard,0.89,686765,BOS,33.33,0,Knuckle Curve,KC,0,0,2446.33,85,84.47,66.67
R,0,2,0,-1.06,-0.69,Nick Sogard,0.2,686765,BOS,0,0,Slurve,SV,0,0,2078,0,72.1,0
R,0.38,918,26.69,-0.2,1.33,Willson Contreras,30.78,575929,BOS,50.65,23.84,4-Seam Fastball,FF,25.97,0.26,2325.25,82.43,94.73,71.18
R,0.48,533,23.26,-0.82,0.74,Willson Contreras,17.87,575929,BOS,60.6,30,Sinker,SI,9.12,0.37,2194.29,83.05,93.98,68.73
R,0.31,435,35.4,0.2,0.12,Willson Contreras,14.59,575929,BOS,31.72,46.13,Slider,SL,47.35,0.23,2484.42,81.11,86.3,64.49
R,0.41,358,32.4,0,0.33,Willson Contreras,12.01,575929,BOS,39.11,45.87,Changeup,CH,38.5,0.38,1779.19,85.67,85.86,71.43
R,0.2,211,31.28,0.74,0.02,Willson Contreras,7.08,575929,BOS,30.81,35.62,Sweeper,ST,38.2,0.11,2612.26,80.03,82.41,56.92
R,0.26,189,32.8,0.11,0.74,Willson Contreras,6.34,575929,BOS,41.8,24.55,Cutter,FC,38.89,0.17,2398.46,84.22,90.42,56.96
R,0.26,151,27.81,0.37,-1,Willson Contreras,5.06,575929,BOS,32.45,33.33,Curveball,CU,26.32,0.07,2638.82,87.67,79.62,46.94
R,0.24,92,33.7,-0.91,0.31,Willson Contreras,3.09,575929,BOS,40.22,43.64,Split-Finger,FS,44,0.18,1351.35,84.6,85.73,70.27
R,0.73,71,23.94,0.7,-0.83,Willson Contreras,2.38,575929,BOS,28.17,35.29,Knuckle Curve,KC,26.67,0.6,2519.97,82.58,83.27,60
R,0,15,0,0,0,Willson Contreras,0.5,575929,BOS,0,0,Unknown,UNK,0,0,0,0,0,0
R,0,5,0,0.88,-0.53,Willson Contreras,0.17,575929,BOS,20,0,Slurve,SV,0,0,2356.8,78.3,82.22,100
R,1.54,2,50,-0.76,1.25,Willson Contreras,0.07,575929,BOS,100,0,Eephus,EP,0,1,1451,104.2,52.4,50
R,0,2,0,-0.45,0.13,Willson Contreras,0.07,575929,BOS,0,0,Knuckleball,KN,0,0,145,0,75.7,0
R,0.33,1312,26.3,-0.28,1.3,Wilyer Abreu,37.81,677800,BOS,49.24,25.98,4-Seam Fastball,FF,21.28,0.22,2312.41,81.41,94.41,67.8
R,0.41,511,24.66,0.11,0.58,Wilyer Abreu,14.73,677800,BOS,49.71,27.24,Sinker,SI,12.77,0.34,2190.51,83.04,93.53,64.96
R,0.34,377,24.4,-1.03,0.36,Wilyer Abreu,10.86,677800,BOS,36.34,39.58,Changeup,CH,32.54,0.23,1773.57,85.61,86.59,83.21
R,0.36,368,25.54,0,0.15,Wilyer Abreu,10.61,677800,BOS,46.2,33.84,Slider,SL,27.92,0.28,2431.4,79.87,85.86,76.47
R,0.41,268,20.15,0.11,0.74,Wilyer Abreu,7.72,677800,BOS,51.12,35.11,Cutter,FC,14.29,0.33,2413.87,82.99,90.22,73.72
R,0.36,204,23.04,0.43,-0.84,Wilyer Abreu,5.88,677800,BOS,44.12,27.19,Curveball,CU,12.5,0.21,2592.69,83.07,79.88,54.44
R,0.31,196,32.14,-0.22,0.07,Wilyer Abreu,5.65,677800,BOS,49.49,26.26,Sweeper,ST,26.51,0.21,2579.88,79.74,81.83,58.76
R,0.27,156,11.54,-0.98,0.25,Wilyer Abreu,4.5,677800,BOS,37.18,37.76,Split-Finger,FS,13.19,0.23,1388.1,83.3,85.55,93.1
R,0.21,46,28.26,0.6,-1.07,Wilyer Abreu,1.33,677800,BOS,19.57,35.14,Knuckle Curve,KC,43.75,0.22,2533.98,94.65,82.48,33.33
R,0,14,0,0,0,Wilyer Abreu,0.4,677800,BOS,0,0,Unknown,UNK,0,0,0,0,0,0
R,0.45,6,0,-1.13,-0.3,Wilyer Abreu,0.17,677800,BOS,33.33,25,Slurve,SV,0,0,2581.5,79.85,82.5,100
R,0.58,5,40,-0.17,1.92,Wilyer Abreu,0.14,677800,BOS,80,100,Eephus,EP,0,0.67,1168.4,91.87,45.04,50
R,0.65,4,50,-0.12,-0.34,Wilyer Abreu,0.12,677800,BOS,100,0,Knuckleball,KN,0,1,216,97.6,79.05,50
R,0,2,50,-0.92,0.94,Wilyer Abreu,0.06,677800,BOS,50,0,Other,FA,0,0,1746.5,0,62.55,0
R,0,1,0,0.53,-0.86,Wilyer Abreu,0.03,677800,BOS,0,0,Slow Curve,CS,0,0,2231,0,74.1,0
L,0.3,403,25.31,-0.55,1.34,,30.72,691785,BOS,56.08,31.64,4-Seam Fastball,FF,14.02,0.27,2338.9,81.9,95.19,69.91
R,0.27,291,30.24,-0.36,1.35,,28.39,596115,BOS,48.45,40.67,4-Seam Fastball,FF,27.1,0.23,2300.2,82.71,94.59,66.67
L,0.41,259,24.71,-0.39,1.41,,31.02,701350,BOS,53.67,18.33,4-Seam Fastball,FF,11.46,0.26,2320.39,85.41,94.25,53.24
L,0.27,244,28.69,-1.19,0.41,,18.6,691785,BOS,36.07,28.21,Changeup,CH,46.15,0.15,1781.88,78.95,85.49,82.95
L,0.47,222,21.17,-0.57,1.34,,28.53,681508,BOS,51.35,21.3,4-Seam Fastball,FF,8.51,0.41,2321.09,87.1,94.92,62.28
R,0.29,190,20.53,-0.06,1.34,,26.24,643396,BOS,53.68,20.45,4-Seam Fastball,FF,8.99,0.26,2288.21,79.75,94.85,69.61
R,0.43,183,31.69,-0.58,0.82,,17.85,596115,BOS,59.56,33.78,Sinker,SI,14.13,0.36,2224.34,86.2,94.01,61.47
R,0.3,160,28.75,-0.78,0.71,,22.1,643396,BOS,56.88,30.43,Sinker,SI,9.33,0.22,2232.52,76.05,93.7,59.34
L,0.35,156,39.1,0.1,0.56,,18.68,701350,BOS,58.33,16.92,Sinker,SI,19.61,0.2,2141.95,87.49,92.7,43.96
L,0.25,155,34.19,0.32,0.08,,11.81,691785,BOS,41.94,26.67,Slider,SL,36.23,0.25,2488.45,89.28,86.17,69.23
R,0.17,151,25.17,0.2,0.17,,14.73,596115,BOS,42.38,39.08,Slider,SL,31.03,0.23,2421.12,80.14,86.53,82.81
R,0.3,147,21.09,0.11,1.32,,31.96,663853,BOS,52.38,37.14,4-Seam Fastball,FF,17.24,0.32,2285.81,80.22,94.82,79.22
L,0.23,144,21.53,-0.78,0.72,,10.98,691785,BOS,54.86,26.15,Sinker,SI,9.46,0.26,2199.24,82.91,93.39,72.15
L,0.24,121,26.45,0.13,0.12,,15.55,681508,BOS,42.15,24.29,Slider,SL,28.57,0.15,2441.74,84.34,85.89,62.75
L,0.18,116,34.48,-0.67,0.46,,14.91,681508,BOS,50.86,24.56,Changeup,CH,28.3,0.16,1791.2,74.29,85.85,66.1
R,0.42,115,35.65,-0.01,0.16,,15.88,643396,BOS,51.3,50,Slider,SL,34.29,0.45,2498.57,78.46,86.04,71.19
L,0.31,113,23.89,-0.84,0.56,,14.52,681508,BOS,47.79,35.59,Sinker,SI,10.53,0.4,2181.72,86.47,93.07,66.67
L,0.26,108,22.22,0.68,-0.89,,8.23,691785,BOS,37.96,28.36,Curveball,CU,30.61,0.26,2692.25,82.89,80.51,73.17
L,0.21,101,40.59,-0.45,1.28,,37.13,691907,BOS,49.5,31.37,4-Seam Fastball,FF,38.64,0.09,2322.86,83.32,94.66,56
L,0.17,97,22.68,-0.96,0.3,,7.39,691785,BOS,56.7,16.67,Split-Finger,FS,17.39,0.14,1322.82,79.09,86.32,70.91
L,0.24,96,30.21,-1.2,0.41,,11.5,701350,BOS,39.58,22.41,Changeup,CH,50,0.21,1767.36,82.34,86.42,71.05
R,0.19,93,37.63,0.49,0.12,,9.07,596115,BOS,39.78,53.57,Sweeper,ST,38,0.23,2595.27,75.59,82.73,54.05
R,0.21,88,25,0.07,0.84,,8.59,596115,BOS,45.45,33.33,Cutter,FC,16.67,0.09,2463.48,82.65,90.15,65
L,0.45,87,28.74,0.07,0.07,,10.42,701350,BOS,50.57,30.23,Slider,SL,25,0.39,2526.57,87.09,86.01,61.36
R,0.21,82,30.49,0.52,0.23,,8,596115,BOS,23.17,55.56,Changeup,CH,43.14,0.18,1670.89,82.01,86.51,84.21
R,0.41,82,24.39,0.35,0.28,,11.33,643396,BOS,34.15,40.74,Changeup,CH,30.23,0.14,1739.45,76.32,85.17,75
R,0.25,73,41.1,-0.03,-1.08,,7.12,596115,BOS,32.88,44.9,Curveball,CU,45,0.12,2724.84,75.14,79.55,75
L,0.18,71,22.54,0.1,0.7,,9.13,681508,BOS,57.75,26.67,Cutter,FC,11.43,0,2369.99,85.89,90.61,65.85
R,0.27,70,31.43,0.19,1.35,,25.74,681987,BOS,51.43,26.47,4-Seam Fastball,FF,30.56,0.17,2341.76,77.15,93.74,75
L,0.3,69,28.99,0.23,0.7,,5.26,691785,BOS,57.97,51.72,Cutter,FC,18.18,0.08,2420.67,76.89,89.81,72.5
L,0.25,69,40.58,0.44,-0.78,,8.26,701350,BOS,34.78,17.78,Curveball,CU,70.59,0,2669.04,78,81.8,37.5
L,0.01,65,33.85,0.37,-0.82,,8.35,681508,BOS,43.08,13.51,Curveball,CU,28.57,0,2572.35,80.13,80.63,32.14
R,0.37,64,34.38,-0.55,0.65,,13.91,663853,BOS,48.44,30.3,Sinker,SI,20.83,0.13,2257.47,88.08,94.92,45.16
R,0.26,58,36.21,0.11,-0.16,,12.61,663853,BOS,29.31,34.15,Sweeper,ST,61.54,0,2656.97,66.97,84.54,70.59
R,0.27,58,31.03,-0.08,-0.09,,21.32,681987,BOS,50,27.59,Slider,SL,39.29,0,2393.84,85.75,86.79,68.97
R,0.14,56,25,0.78,0.32,,12.17,663853,BOS,30.36,33.33,Changeup,CH,33.33,0,1747.34,70.47,84.22,64.71
R,0.28,54,24.07,0.07,0.58,,7.46,643396,BOS,50,66.67,Cutter,FC,13.16,0.23,2345.2,78.79,88.5,74.07
L,0.28,54,40.74,0.68,0.24,,4.12,691785,BOS,48.15,42.86,Sweeper,ST,39.29,0.2,2536.17,88.56,83.03,61.54
R,0.33,53,18.87,0.11,-0.82,,7.32,643396,BOS,18.87,25.58,Curveball,CU,18.75,0.12,2651.83,73.34,79.4,50
L,0.3,52,30.77,-0.18,0.09,,6.23,701350,BOS,44.23,24.14,Sweeper,ST,30,0.2,2546.83,81.68,81.94,56.52
R,0.11,46,30.43,0.36,0.16,,6.35,643396,BOS,30.43,28.12,Sweeper,ST,47.06,0.18,2553.63,84.51,82.85,57.14
R,0.36,43,25.58,-0.14,0.21,,9.35,663853,BOS,60.47,35.29,Slider,SL,34.38,0.15,2405.07,78.41,85.53,100
R,0.48,42,26.19,0.12,0.59,,9.13,663853,BOS,50,19.05,Cutter,FC,30,0.29,2371.45,84.99,88.42,76.19
R,0.19,42,23.81,-0.98,0.44,,15.44,681987,BOS,52.38,30,Sinker,SI,14.29,0,2285.02,83.95,94.75,68.18
L,0.37,39,33.33,0.08,0.78,,4.67,701350,BOS,58.97,0,Cutter,FC,11.11,0.3,2400.92,98.92,90.11,39.13
L,0.41,38,23.68,-1.3,0.56,,13.97,691907,BOS,55.26,5.88,Sinker,SI,17.65,0.25,2286.58,77.51,95.34,76.19
L,0.27,37,32.43,-1.02,0.27,,4.43,701350,BOS,29.73,26.92,Split-Finger,FS,57.14,0,1311.16,91.85,85.05,63.64
L,0.01,35,40,-0.13,0.21,,12.87,691907,BOS,54.29,37.5,Slider,SL,52.63,0,2383.63,59.01,87.4,68.42
L,0.1,34,26.47,0.52,-1.05,,2.59,691785,BOS,35.29,31.82,Knuckle Curve,KC,41.18,0,2540.85,80.74,80.86,83.33
R,0.3,31,45.16,0.61,-1.13,,3.02,596115,BOS,38.71,52.63,Knuckle Curve,KC,42.86,0.33,2536,92.14,79.76,33.33
R,0.06,30,50,1.12,0.26,,11.03,681987,BOS,30,47.62,Changeup,CH,68.42,0.33,1795.53,82.6,85.05,100
R,0.49,30,36.67,0.21,-0.02,,11.03,681987,BOS,50,26.67,Sweeper,ST,33.33,0,2543.47,94.6,82.17,53.33
L,0.36,30,20,0.72,-1.05,,3.59,701350,BOS,43.33,35.29,Knuckle Curve,KC,13.33,0.22,2556.43,83.26,79.2,69.23
R,0.06,29,27.59,-0.38,-1.05,,6.3,663853,BOS,44.83,25,Curveball,CU,35.71,0,2725.17,79.17,81.79,76.92
L,0.36,29,48.28,0.3,0.27,,3.73,681508,BOS,58.62,0,Sweeper,ST,0,0,2591.93,69.6,82.04,17.65
L,0.32,28,14.29,-0.8,0.32,,3.6,681508,BOS,35.71,33.33,Split-Finger,FS,20,0.17,1441.29,74.62,87.22,90
R,0.48,28,14.29,0.03,0.73,,10.29,681987,BOS,28.57,10,Cutter,FC,0,0,2363.04,83.37,88.86,50
L,0.26,28,14.29,-0.88,0.35,,10.29,691907,BOS,32.14,31.58,Changeup,CH,26.67,0.14,1968.46,73.02,86.26,100
R,0.22,25,32,-0.9,0.16,,2.44,596115,BOS,52,66.67,Split-Finger,FS,31.58,0,1265.04,90.01,87.3,84.62
L,0.53,19,26.32,0.92,-1,,6.99,691907,BOS,36.84,25,Curveball,CU,16.67,1,2838.42,79.93,78.54,42.86
L,0.21,18,33.33,0.45,-0.77,,6.62,691907,BOS,55.56,25,Knuckle Curve,KC,0,0,2511.67,87.65,86.3,40
R,0.23,16,31.25,-1.01,0.43,,3.48,663853,BOS,62.5,33.33,Split-Finger,FS,41.67,0.12,1534.81,69.92,85.76,100
L,0.59,16,37.5,0.2,0.5,,5.88,691907,BOS,75,50,Cutter,FC,20,1,2316,74.52,87.95,66.67
R,0.2,15,0,-1.05,0.27,,2.07,643396,BOS,40,44.44,Split-Finger,FS,0,0.67,1057.67,56,87.11,100
L,0.32,10,20,0.46,-0.91,,1.29,681508,BOS,50,20,Knuckle Curve,KC,0,0.5,2577.8,96.95,84.66,60
R,0,10,40,-0.69,-1.14,,3.68,681987,BOS,40,33.33,Curveball,CU,60,0,2609.7,74.75,78.24,75
L,0.22,9,33.33,-0.55,0.48,,3.31,691907,BOS,77.78,0,Split-Finger,FS,42.86,0.4,1064.78,81,81.29,100
L,0,8,50,1.06,-0.35,,0.96,701350,BOS,25,33.33,Slurve,SV,100,0,2352.75,0,84.68,0
R,0,6,66.67,1.14,-0.47,,0.59,596115,BOS,33.33,100,Slurve,SV,66.67,0,2254,0,83.5,100
R,0,6,50,0.21,-1.14,,0.83,643396,BOS,50,0,Knuckle Curve,KC,0,0,2641.83,0,81.95,0
R,0.06,4,0,0.58,-0.88,,0.87,663853,BOS,50,0,Knuckle Curve,KC,0,0,2154.5,69.1,85.7,100
R,0.75,4,0,0.21,-0.1,,1.47,681987,BOS,50,0,Split-Finger,FS,0,1,1225,107.7,84.55,100
L,0,4,50,1.18,-0.1,,1.47,691907,BOS,50,100,Sweeper,ST,50,0,3040.5,85.7,87.1,100
R,0.67,3,0,0.13,2.09,,0.41,643396,BOS,0,33.33,Eephus,EP,0,1,1312.67,76.4,45.9,0
R,0.25,2,0,-0.04,1.86,,0.2,596115,BOS,50,0,Eephus,EP,0,0,1409.5,93.8,50.05,100
L,0.29,2,50,-0.9,-0.05,,0.26,681508,BOS,100,0,Slurve,SV,0,0,2310,74,78.45,50
L,0,2,0,-0.7,1.42,,0.15,691785,BOS,0,0,Pitch Out,PO,0,0,2303,0,90.9,0
L,0,2,100,0.95,-0.3,,0.15,691785,BOS,0,0,Slurve,SV,0,0,2310,0,82.7,0
L,0,2,100,-0.9,-0.05,,0.74,691907,BOS,50,100,Forkball,FO,100,0,1304,0,85.3,0
L,0.86,2,0,1.17,-1.22,,0.74,691907,BOS,100,0,Slow Curve,CS,0,1,2588,73.2,68.7,100
L,0,2,0,0,0,,0.24,701350,BOS,0,0,Unknown,UNK,0,0,0,0,0,0
R,0,1,100,-1.27,-0.56,,0.22,663853,BOS,100,0,Slurve,SV,0,0,2765,0,85.7,0
L,0.54,1,0,0.63,-0.18,,0.13,681508,BOS,100,0,Slow Curve,CS,0,0,1598,94.8,52.5,100
R,0.32,917,21.48,-0.24,1.28,Alex Bregman,24.8,608324,CHC,54.31,23.63,4-Seam Fastball,FF,7.14,0.28,2300.97,85.49,94.96,67.27
R,0.34,785,25.86,-0.72,0.66,Alex Bregman,21.23,608324,CHC,58.09,21.58,Sinker,SI,3.76,0.27,2193.23,83.77,94.4,60.31
R,0.32,637,35.01,0.19,0.11,Alex Bregman,17.23,608324,CHC,46.94,28.11,Slider,SL,29.8,0.21,2428.82,81.22,86.86,53.51
R,0.31,371,35.31,0.6,0.05,Alex Bregman,10.03,608324,CHC,47.44,23.08,Sweeper,ST,26.02,0.25,2528.68,80.82,83.14,44.32
R,0.33,286,18.18,0.29,0.38,Alex Bregman,7.73,608324,CHC,39.16,21.26,Changeup,CH,24.19,0.24,1785.43,82.39,85.94,77.68
R,0.39,267,26.59,0.14,0.65,Alex Bregman,7.22,608324,CHC,47.57,24.29,Cutter,FC,16.22,0.28,2362.11,83.85,89.5,60.63
R,0.16,257,26.85,0.26,-0.84,Alex Bregman,6.95,608324,CHC,35.41,20.48,Curveball,CU,24.68,0.23,2653.93,78.49,80.23,47.25
R,0.24,73,21.92,0.59,-0.9,Alex Bregman,1.97,608324,CHC,46.58,12.82,Knuckle Curve,KC,7.69,0.23,2502.08,83.54,82.71,61.76
R,0.4,39,25.64,-0.71,0.16,Alex Bregman,1.05,608324,CHC,48.72,5,Split-Finger,FS,7.69,0.2,1375.82,87.54,88.56,63.16
R,0,16,62.5,-1.03,-0.39,Alex Bregman,0.43,608324,CHC,75,0,Slurve,SV,0,0,2379.88,86.9,83.36,16.67
R,0,14,0,0,0,Alex Bregman,0.38,608324,CHC,0,0,Unknown,UNK,0,0,0,0,0,0
R,0,10,20,-0.73,0.73,Alex Bregman,0.27,608324,CHC,40,0,Other,FA,0,0,1651.4,71.05,70.88,100
R,0.37,9,22.22,0.59,1.38,Alex Bregman,0.24,608324,CHC,33.33,33.33,Eephus,EP,0,0.4,1055.56,86.5,39.17,100
R,0.14,8,0,0.48,-0.26,Alex Bregman,0.22,608324,CHC,0,50,Slow Curve,CS,0,0,1828.75,70.3,60.68,0
R,0.21,7,42.86,-0.28,-0.14,Alex Bregman,0.19,608324,CHC,57.14,0,Knuckleball,KN,50,1,298.29,96.6,79.67,50
R,0,2,100,-0.56,0.45,Alex Bregman,0.05,608324,CHC,100,0,Forkball,FO,100,0,1118,0,84.2,100
R,0.35,659,22.76,-0.02,1.28,Carson Kelly,30.48,608348,CHC,49.77,22.36,4-Seam Fastball,FF,8.3,0.29,2297.46,81.65,94.49,65.55
R,0.32,414,27.54,-0.68,0.55,Carson Kelly,19.15,608348,CHC,56.52,22.22,Sinker,SI,6.36,0.3,2198.84,82.33,94.16,56.84
R,0.29,370,30.81,0.18,0.17,Carson Kelly,17.11,608348,CHC,43.78,27.88,Slider,SL,32.3,0.2,2481.02,82.83,87.47,63.58
R,0.23,189,23.81,0.56,0.1,Carson Kelly,8.74,608348,CHC,46.56,25.74,Sweeper,ST,23.91,0.16,2575.71,82.71,82.09,75
R,0.25,188,23.4,0.6,0.36,Carson Kelly,8.7,608348,CHC,42.55,37.96,Changeup,CH,29.13,0.32,1878.14,78.85,85.62,77.5
R,0.52,137,24.82,0.08,0.68,Carson Kelly,6.34,608348,CHC,50.36,10.29,Cutter,FC,18.75,0.46,2377.1,83.06,89.97,59.42
R,0.17,105,20,-0.02,-0.95,Carson Kelly,4.86,608348,CHC,40,26.98,Curveball,CU,19.15,0.1,2802.08,75.88,80.02,71.43
R,0.09,31,41.94,-0.6,0.42,Carson Kelly,1.43,608348,CHC,22.58,29.17,Split-Finger,FS,70,0,1527.55,101.2,85.03,42.86
R,0.02,24,25,-1.06,-0.4,Carson Kelly,1.11,608348,CHC,33.33,62.5,Slurve,SV,25,0,2347.25,83.08,82.82,75
R,0.56,20,5,0.46,1.56,Carson Kelly,0.93,608348,CHC,15,5.88,Eephus,EP,25,0,1141.75,70.5,47.92,100
R,0.19,16,12.5,0.37,-0.68,Carson Kelly,0.74,608348,CHC,6.25,20,Knuckle Curve,KC,50,0,2450.75,54.15,82.6,100
R,0,4,50,-1.04,-0.06,Carson Kelly,0.19,608348,CHC,0,50,Forkball,FO,100,0,1039,0,83.2,0
R,0,4,50,-0.44,1.27,Carson Kelly,0.19,608348,CHC,50,0,Other,FA,0,0,2012.5,0,75.45,0
R,0,1,0,0,0,Carson Kelly,0.05,608348,CHC,0,0,Unknown,UNK,0,0,0,0,0,0
R,0.36,625,27.52,-0.13,1.33,Dansby Swanson,22.22,621020,CHC,51.84,28.57,4-Seam Fastball,FF,26.57,0.27,2304.02,86.94,94.69,76.85
R,0.26,544,30.88,0.19,0.09,Dansby Swanson,19.34,621020,CHC,47.98,25.09,Slider,SL,34.25,0.18,2449.47,82.25,86.59,70.11
R,0.38,535,25.61,-0.59,0.65,Dansby Swanson,19.02,621020,CHC,54.21,28.16,Sinker,SI,17.9,0.28,2168.72,85.8,94.12,64.83
R,0.3,317,24.29,0.67,0.11,Dansby Swanson,11.27,621020,CHC,36.28,24.26,Sweeper,ST,25.62,0.25,2543.78,76.96,82.39,62.61
R,0.27,290,30.34,0.24,0.34,Dansby Swanson,10.31,621020,CHC,46.9,26.62,Changeup,CH,41.22,0.15,1773.38,83.37,85.84,78.68
R,0.12,176,31.25,0.07,-0.79,Dansby Swanson,6.26,621020,CHC,34.66,27.83,Curveball,CU,43.84,0.05,2661.31,81.85,80.63,67.21
R,0.39,171,30.99,0.16,0.6,Dansby Swanson,6.08,621020,CHC,46.78,30.77,Cutter,FC,37.36,0.35,2396.8,83.97,89.03,78.75
R,0.22,60,16.67,0.68,-0.75,Dansby Swanson,2.13,621020,CHC,30,16.67,Knuckle Curve,KC,38.89,0.14,2501.08,84.15,82.01,61.11
R,0.35,51,19.61,-0.56,0.33,Dansby Swanson,1.81,621020,CHC,31.37,28.57,Split-Finger,FS,23.81,0,1255.37,76.95,86.91,68.75
R,0.07,22,18.18,-0.57,-0.61,Dansby Swanson,0.78,621020,CHC,45.45,16.67,Slurve,SV,0,0,2313.91,63.17,82.29,60
R,0.18,12,16.67,-0.11,1.54,Dansby Swanson,0.43,621020,CHC,50,66.67,Eephus,EP,20,0.5,1003,89.65,41.3,100
R,0,4,0,-0.9,0.26,Dansby Swanson,0.14,621020,CHC,0,0,Forkball,FO,0,0,940,0,82.02,0
R,0.04,4,0,-0.84,1.17,Dansby Swanson,0.14,621020,CHC,50,0,Other,FA,0,0,1694.5,91.4,72,100
R,0,1,0,0.38,-0.83,Dansby Swanson,0.04,621020,CHC,0,0,Slow Curve,CS,0,0,2288,0,75.8,0
R,0.7,1,0,0,0,Dansby Swanson,0.04,621020,CHC,0,0,Unknown,UNK,0,0,0,0,0,0
R,0.29,1242,28.9,-0.39,1.25,Ian Happ,33.52,664023,CHC,50.24,17.96,4-Seam Fastball,FF,26.59,0.17,2305.05,82.19,95,65.38
R,0.22,681,34.21,-0.42,0.27,Ian Happ,18.38,664023,CHC,40.53,28.64,Changeup,CH,39.13,0.11,1777.36,79.24,86.45,57.97
R,0.41,380,25.26,-0.35,0.44,Ian Happ,10.26,664023,CHC,55.26,10.59,Sinker,SI,11.84,0.36,2182.71,85.95,94.19,63.81
R,0.32,356,30.06,0.15,0.06,Ian Happ,9.61,664023,CHC,50.84,36.57,Slider,SL,30.26,0.26,2441.13,80.86,86.55,72.38
R,0.27,266,33.83,0.37,-0.93,Ian Happ,7.18,664023,CHC,39.85,30.63,Curveball,CU,41.23,0.18,2701.42,80.47,80.57,61.32
R,0.43,255,24.31,0.09,0.69,Ian Happ,6.88,664023,CHC,56.08,25,Cutter,FC,17.32,0.28,2407.66,85.03,90.57,69.23
R,0.28,187,33.69,0.73,0.08,Ian Happ,5.05,664023,CHC,48.13,30.93,Sweeper,ST,30,0.21,2529.5,81.31,82.92,66.67
R,0.28,163,20.86,-0.83,0.24,Ian Happ,4.4,664023,CHC,43.56,25,Split-Finger,FS,19.48,0.39,1449.83,79.06,86.51,76.06
R,0.41,87,33.33,0.68,-0.86,Ian Happ,2.35,664023,CHC,35.63,23.21,Knuckle Curve,KC,51.85,0.17,2470.01,79.8,82.1,45.16
R,0.12,25,0,0,0,Ian Happ,0.67,664023,CHC,0,16,Unknown,UNK,0,0,0,78.1,0,0
R,0.13,22,59.09,-0.92,-0.43,Ian Happ,0.59,664023,CHC,40.91,53.85,Slurve,SV,64.29,0.2,2389.86,75.67,81.92,77.78
R,0.73,16,0,-0.08,1.26,Ian Happ,0.43,664023,CHC,25,0,Eephus,EP,0,0,1050.75,76.9,44.56,50
R,0,10,20,-0.78,0.08,Ian Happ,0.27,664023,CHC,20,0,Forkball,FO,100,0,1118.6,0,82.36,100
R,0,6,33.33,-0.37,-0.26,Ian Happ,0.16,664023,CHC,33.33,50,Knuckleball,KN,33.33,0,298.67,77.85,81.95,50
R,0.7,5,0,-0.56,1.09,Ian Happ,0.13,664023,CHC,20,0,Other,FA,0,1,1939.2,83.3,72.9,100
R,0.03,4,0,0.63,-0.65,Ian Happ,0.11,664023,CHC,25,0,Slow Curve,CS,0,0,2382.5,95,74.5,100
R,0.35,12,33.33,0.26,1.25,James Triantos,27.27,701649,CHC,50,0,4-Seam Fastball,FF,0,0,2259.67,73.3,94,66.67
R,0.04,10,20,-1.18,0.75,James Triantos,22.73,701649,CHC,60,50,Sinker,SI,0,0,2244.6,76.13,94.78,66.67
R,0,8,75,0.42,-0.25,James Triantos,18.18,701649,CHC,50,50,Sweeper,ST,100,0,2471.75,0,84.58,0
R,0.21,4,50,-0.14,0.1,James Triantos,9.09,701649,CHC,0,100,Changeup,CH,50,0.5,1445.5,90.7,83.65,0
R,0,4,50,0.06,-0.04,James Triantos,9.09,701649,CHC,50,0,Slider,SL,0,0,2558.5,0,85.9,0
R,0.13,2,0,-0.15,0.7,James Triantos,4.55,701649,CHC,100,0,Cutter,FC,0,0,2364,56.5,93.7,100
R,0.06,2,0,-0.56,1.02,James Triantos,4.55,701649,CHC,100,0,Eephus,EP,0,0,1172,89.7,50,100
R,0,2,0,0.41,-0.12,James Triantos,4.55,701649,CHC,0,0,Slow Curve,CS,0,0,1746,0,60.6,0
R,0.33,1030,24.17,-0.26,1.24,Michael Busch,28.28,683737,CHC,56.12,28.54,4-Seam Fastball,FF,13.49,0.23,2307.44,84.77,94.71,67.47
R,0.3,553,30.56,0.05,0.12,Michael Busch,15.18,683737,CHC,39.96,24.7,Slider,SL,41.23,0.31,2417.43,78.6,86.91,66.06
R,0.43,525,30.1,0.21,0.57,Michael Busch,14.42,683737,CHC,53.14,25.61,Sinker,SI,14.48,0.26,2179.9,81.85,94.08,56.63
R,0.19,430,27.67,-1.03,0.27,Michael Busch,11.81,683737,CHC,32.09,35.62,Changeup,CH,42.66,0.15,1773.37,78.14,86.88,82.61
R,0.43,315,22.54,0.12,0.7,Michael Busch,8.65,683737,CHC,46.35,26.04,Cutter,FC,13.04,0.2,2411.92,83.83,90.37,64.38
R,0.36,315,26.67,0.29,0.09,Michael Busch,8.65,683737,CHC,44.76,14.37,Sweeper,ST,32.73,0.27,2567.03,81.04,82.32,60.28
R,0.29,228,35.53,0.47,-0.79,Michael Busch,6.26,683737,CHC,49.12,11.21,Curveball,CU,36.67,0.26,2640.57,85.97,80.95,41.96
R,0.24,112,26.79,-0.9,0.23,Michael Busch,3.08,683737,CHC,29.46,30.38,Split-Finger,FS,42.55,0.24,1461.44,77.95,87.14,69.7
R,0.58,77,16.88,0.68,-0.89,Michael Busch,2.11,683737,CHC,32.47,11.54,Knuckle Curve,KC,21.74,0.44,2478.26,87.23,82.23,68
R,0.18,19,21.05,-0.53,-0.37,Michael Busch,0.52,683737,CHC,52.63,0,Slurve,SV,0,0,2490.26,87.93,83.47,60
R,0,12,16.67,0,0,Michael Busch,0.33,683737,CHC,0,0,Unknown,UNK,0,0,0,0,0,0
R,0.52,11,18.18,0.19,1.68,Michael Busch,0.3,683737,CHC,81.82,100,Eephus,EP,18.18,0.56,1066.45,80.53,41.48,100
R,0.23,6,0,-1.02,0.82,Michael Busch,0.16,683737,CHC,66.67,0,Other,FA,0,1,1797.67,68.2,72.47,100
R,0.7,5,0,-0.76,-0.03,Michael Busch,0.14,683737,CHC,0,0,Forkball,FO,0,0,1117.8,0,85,0
R,0.58,2,0,-0.13,-0.56,Michael Busch,0.05,683737,CHC,50,0,Knuckleball,KN,0,0,317,99.2,80.8,100
R,0,2,50,0.45,-0.71,Michael Busch,0.05,683737,CHC,50,0,Slow Curve,CS,100,0,2388.5,0,74.75,100
R,0.3,493,26.77,-0.61,1.25,Michael Conforto,32.29,624424,CHC,52.13,26.69,4-Seam Fastball,FF,20,0.22,2318.22,86.57,95.17,64.98
R,0.26,221,28.51,-1.1,0.23,Michael Conforto,14.47,624424,CHC,35.29,37.76,Changeup,CH,36.19,0.16,1766.99,81.74,86.39,65.38
R,0.4,145,33.1,0.19,0.16,Michael Conforto,9.5,624424,CHC,46.9,31.17,Slider,SL,21.31,0.29,2406.77,83.47,86.55,54.41
R,0.51,137,21.9,-0.92,0.54,Michael Conforto,8.97,624424,CHC,51.09,22.39,Sinker,SI,16.18,0.51,2173.51,86.09,94.19,75.71
R,0.26,134,42.54,0.71,-0.8,Michael Conforto,8.78,624424,CHC,42.54,23.38,Curveball,CU,45,0,2625.32,72.94,80.91,38.6
R,0.2,130,36.15,0.95,0.02,Michael Conforto,8.51,624424,CHC,49.23,18.18,Sweeper,ST,33.33,0,2587.15,76.94,82.85,51.56
R,0.5,112,19.64,0.17,0.65,Michael Conforto,7.33,624424,CHC,51.79,24.07,Cutter,FC,14.04,0.28,2447.63,82.84,90.47,75.86
R,0.27,57,43.86,-0.96,0.34,Michael Conforto,3.73,624424,CHC,45.61,41.94,Split-Finger,FS,58.62,0,1577.04,84.02,86.73,61.54
R,0.11,44,27.27,0.63,-0.85,Michael Conforto,2.88,624424,CHC,38.64,14.81,Knuckle Curve,KC,35.71,0.2,2489.25,85.42,83.5,58.82
R,0.24,22,18.18,0.19,1.42,Michael Conforto,1.44,624424,CHC,18.18,22.22,Eephus,EP,0,0.33,1105.73,87.92,45.5,100
R,0,12,50,0.64,-0.53,Michael Conforto,0.79,624424,CHC,50,0,Slurve,SV,0,0,2467.67,0,82.4,0
R,0,12,0,0,0,Michael Conforto,0.79,624424,CHC,0,0,Unknown,UNK,0,0,0,0,0,0
R,0.11,6,0,-0.52,1.24,Michael Conforto,0.39,624424,CHC,66.67,0,Other,FA,0,0,1930.67,69.25,81.17,100
R,0.07,2,0,-0.18,-0.4,Michael Conforto,0.13,624424,CHC,50,0,Knuckleball,KN,0,0,781.5,84.1,78.85,100
R,0.33,369,24.93,-0.15,1.33,Miguel Amaya,25.95,665804,CHC,50.95,33.7,4-Seam Fastball,FF,15.51,0.29,2312.71,84.35,94.79,67.02
R,0.38,260,30.38,-0.6,0.54,Miguel Amaya,18.28,665804,CHC,49.62,30.53,Sinker,SI,16.07,0.32,2206.71,84.38,94.05,55.81
R,0.3,239,25.1,0.2,0.16,Miguel Amaya,16.81,665804,CHC,40.59,35.21,Slider,SL,31.15,0.21,2416.38,79.26,86.31,74.23
R,0.28,179,21.79,0.84,0.09,Miguel Amaya,12.59,665804,CHC,35.75,23.48,Sweeper,ST,30.77,0.19,2566.45,78.39,83.63,79.69
R,0.17,141,31.91,0.37,0.26,Miguel Amaya,9.92,665804,CHC,35.46,45.05,Changeup,CH,43.53,0.21,1775.76,83.12,85.37,88
R,0.3,104,21.15,0.15,0.58,Miguel Amaya,7.31,665804,CHC,41.35,24.59,Cutter,FC,18.6,0.22,2360.89,76.39,89.14,65.12
R,0.02,60,33.33,-0.05,-0.75,Miguel Amaya,4.22,665804,CHC,33.33,10,Curveball,CU,20,0,2633.13,84.08,80.42,30
R,0.04,33,36.36,0.73,-0.83,Miguel Amaya,2.32,665804,CHC,48.48,23.53,Knuckle Curve,KC,42.86,0,2396.67,74.5,81.63,62.5
R,0.7,16,12.5,0.37,0.12,Miguel Amaya,1.13,665804,CHC,18.75,23.08,Split-Finger,FS,33.33,0,965.06,66.65,86.09,100
R,0,8,25,-0.36,-0.28,Miguel Amaya,0.56,665804,CHC,25,0,Slurve,SV,0,0,2423.25,0,82.52,0
R,0,6,33.33,-0.04,1.79,Miguel Amaya,0.42,665804,CHC,33.33,50,Eephus,EP,0,0,974.33,59.6,40.13,0
R,0.12,3,33.33,-0.09,-0.48,Miguel Amaya,0.21,665804,CHC,66.67,0,Knuckleball,KN,0,0,313.67,89.5,80.57,50
R,0.04,2,0,-1.07,1.21,Miguel Amaya,0.14,665804,CHC,100,0,Other,FA,0,1,1769,79,70.4,100
R,0,2,0,0,0,Miguel Amaya,0.14,665804,CHC,0,0,Unknown,UNK,0,0,0,0,0,0
R,0.33,876,19.98,-0.25,1.3,Nico Hoerner,27.4,663538,CHC,55.59,29.82,4-Seam Fastball,FF,5.87,0.2,2304.32,82.31,94.74,70.64
R,0.35,762,24.41,-0.76,0.58,Nico Hoerner,23.83,663538,CHC,55.12,28.07,Sinker,SI,2.98,0.28,2186.86,83.4,94.39,57.14
R,0.29,465,31.61,0.2,0.13,Nico Hoerner,14.54,663538,CHC,45.59,35.57,Slider,SL,21.5,0.28,2460.36,79.99,86.6,51.89
R,0.35,284,22.54,0.76,0.15,Nico Hoerner,8.88,663538,CHC,44.01,27.67,Sweeper,ST,11.3,0.43,2561.94,75.42,83,56.8
R,0.27,275,17.45,0.14,0.32,Nico Hoerner,8.6,663538,CHC,36,42.61,Changeup,CH,17.11,0.15,1776.96,79.35,85.87,77.78
R,0.36,225,26.22,0.13,0.66,Nico Hoerner,7.04,663538,CHC,46.67,25,Cutter,FC,14.44,0.3,2393.04,80.41,89.9,57.14
R,0.29,151,24.5,0.37,-0.85,Nico Hoerner,4.72,663538,CHC,52.98,29.58,Curveball,CU,6.15,0.16,2645.97,79.56,80.18,55
R,0.24,65,24.62,-0.73,0.1,Nico Hoerner,2.03,663538,CHC,24.62,36.73,Split-Finger,FS,40,0.25,1287.32,82.75,86.44,75
R,0.32,57,45.61,0.64,-0.88,Nico Hoerner,1.78,663538,CHC,56.14,44,Knuckle Curve,KC,26.09,0.18,2451.91,76.11,81.65,37.5
R,0.38,16,37.5,-1.05,-0.42,Nico Hoerner,0.5,663538,CHC,50,50,Slurve,SV,25,0.67,2335.12,71.97,82.46,50
R,0.3,10,40,0.05,1.68,Nico Hoerner,0.31,663538,CHC,40,33.33,Eephus,EP,0,0.5,1078.6,95.6,44.78,50
R,0,5,40,-0.28,-0.12,Nico Hoerner,0.16,663538,CHC,20,25,Knuckleball,KN,100,0,350.8,0,78.96,0
R,0,2,0,-0.55,-0.05,Nico Hoerner,0.06,663538,CHC,0,100,Forkball,FO,0,0,1020,81.1,83.2,0
R,0,2,0,1.14,-0.5,Nico Hoerner,0.06,663538,CHC,0,50,Slow Curve,CS,0,0,2537.5,67.4,72.05,0
R,0,2,0,0,0,Nico Hoerner,0.06,663538,CHC,0,0,Unknown,UNK,0,0,0,0,0,0
R,0.32,341,23.46,-0.41,1.19,Pedro Ramírez,31.87,699393,CHC,53.08,30,4-Seam Fastball,FF,18.48,0.32,2290.55,82.71,94.81,75.14
R,0.3,150,28,-0.67,0.44,Pedro Ramírez,14.02,699393,CHC,56.67,27.69,Sinker,SI,14.29,0.23,2219.75,85.08,94.38,61.18
R,0.27,142,15.49,-0.54,0.19,Pedro Ramírez,13.27,699393,CHC,37.32,39.33,Changeup,CH,19.51,0.39,1707.27,85.66,85.96,88.68
R,0.09,96,44.79,0.6,-0.84,Pedro Ramírez,8.97,699393,CHC,28.12,39.13,Curveball,CU,62.86,0.15,2641.85,85.73,80.76,29.63
R,0.29,80,31.25,0.69,0.05,Pedro Ramírez,7.48,699393,CHC,63.75,34.48,Sweeper,ST,17.39,0.1,2569.3,83.89,81.7,70.59
R,0.35,76,25,0.19,0.05,Pedro Ramírez,7.1,699393,CHC,50,42.11,Slider,SL,15.91,0.33,2449.2,86.38,86.89,73.68
R,0.37,68,23.53,-0.82,0.22,Pedro Ramírez,6.36,699393,CHC,36.76,20.93,Split-Finger,FS,40,0.18,1429.31,77.78,87.48,84
R,0.23,65,20,-0.01,0.56,Pedro Ramírez,6.07,699393,CHC,49.23,33.33,Cutter,FC,11.11,0.27,2280.4,80.5,89.8,78.12
R,0.11,18,38.89,0.55,-0.71,Pedro Ramírez,1.68,699393,CHC,38.89,63.64,Knuckle Curve,KC,41.67,0,2528.94,76.23,83.95,71.43
R,0.43,12,16.67,-0.88,0.95,Pedro Ramírez,1.12,699393,CHC,66.67,75,Other,FA,0,0.2,1815.75,82.17,72.91,75
R,0,11,0,0,0,Pedro Ramírez,1.03,699393,CHC,0,0,Unknown,UNK,0,0,0,0,0,0
R,0.51,9,11.11,-0.03,1.48,Pedro Ramírez,0.84,699393,CHC,33.33,66.67,Eephus,EP,0,1,1121.56,95.57,46.89,66.67
R,0,2,0,1.26,-0.88,Pedro Ramírez,0.19,699393,CHC,0,0,Slurve,SV,0,0,2794,0,80.7,0
R,0.34,1261,27.04,-0.24,1.24,Pete Crow-Armstrong,33.29,691718,CHC,51.94,21.78,4-Seam Fastball,FF,21.73,0.24,2310.73,84.84,94.91,62.75
R,0.39,536,25.56,0.04,0.14,Pete Crow-Armstrong,14.15,691718,CHC,38.25,37.16,Slider,SL,28.84,0.31,2421.11,83.88,86.64,70.24
R,0.41,450,30.22,0.27,0.53,Pete Crow-Armstrong,11.88,691718,CHC,60.22,26.26,Sinker,SI,14.29,0.39,2184.55,83.86,94.26,57.56
R,0.38,419,20.76,-1,0.24,Pete Crow-Armstrong,11.06,691718,CHC,31.26,41.67,Changeup,CH,27.11,0.21,1753.92,83.38,86.94,80.15
R,0.24,300,26,-0.35,0.05,Pete Crow-Armstrong,7.92,691718,CHC,42.33,38.15,Sweeper,ST,28.93,0.17,2574.05,82.93,81.61,73.23
R,0.3,244,25,0.47,-0.81,Pete Crow-Armstrong,6.44,691718,CHC,28.69,44.83,Curveball,CU,32.54,0.22,2640.97,82.95,80.98,68.57
R,0.38,237,28.27,0.04,0.63,Pete Crow-Armstrong,6.26,691718,CHC,52.74,30.36,Cutter,FC,30.77,0.33,2401.56,78.06,90.05,76.8
R,0.51,175,24.57,-0.85,0.35,Pete Crow-Armstrong,4.62,691718,CHC,33.14,42.74,Split-Finger,FS,32.29,0.43,1518.1,84.33,86.46,79.31
R,0.33,65,26.15,0.52,-0.92,Pete Crow-Armstrong,1.72,691718,CHC,43.08,72.97,Knuckle Curve,KC,19.15,0.33,2462.83,80.79,83.01,71.43
R,0,38,0,0,0,Pete Crow-Armstrong,1,691718,CHC,0,0,Unknown,UNK,0,0,0,0,0,0
R,0.1,28,39.29,-0.72,-0.48,Pete Crow-Armstrong,0.74,691718,CHC,35.71,61.11,Slurve,SV,33.33,0,2418.21,70.4,83.3,40
R,0.7,14,28.57,1.15,1.3,Pete Crow-Armstrong,0.37,691718,CHC,14.29,16.67,Eephus,EP,0,0,917.29,83.2,36.73,0
R,0.45,13,0,-0.81,0.25,Pete Crow-Armstrong,0.34,691718,CHC,15.38,18.18,Forkball,FO,0,0,1142.31,66.1,82.12,100
R,0.17,4,0,-0.65,1.26,Pete Crow-Armstrong,0.11,691718,CHC,100,0,Other,FA,0,0,1752.5,70.5,68.25,100
R,0,4,50,0.78,-0.37,Pete Crow-Armstrong,0.11,691718,CHC,0,50,Slow Curve,CS,100,0,2160,0,65.58,0
R,0.37,949,26.03,-0.18,1.27,Seiya Suzuki,26.88,673548,CHC,51.32,19.7,4-Seam Fastball,FF,15.67,0.31,2304.34,82.99,95.17,63.86
R,0.41,638,31.03,-0.55,0.59,Seiya Suzuki,18.07,673548,CHC,57.37,20.22,Sinker,SI,12.4,0.33,2209.59,82.66,94.66,55.46
R,0.28,626,30.51,0.17,0.12,Seiya Suzuki,17.73,673548,CHC,45.37,23.1,Slider,SL,29.27,0.22,2466.46,80.16,86.68,58.8
R,0.24,398,31.41,0.67,0.06,Seiya Suzuki,11.27,673548,CHC,41.46,22.32,Sweeper,ST,31.47,0.21,2564.61,84.58,83.15,55.15
R,0.36,270,20.37,0.19,0.39,Seiya Suzuki,7.65,673548,CHC,31.85,24.46,Changeup,CH,31.73,0.24,1755.44,81.66,85.74,68.6
R,0.24,259,31.66,0.12,0.6,Seiya Suzuki,7.34,673548,CHC,43.63,19.86,Cutter,FC,31.87,0.17,2428.98,78.15,90.17,54.87
R,0.27,194,31.44,0.31,-0.8,Seiya Suzuki,5.49,673548,CHC,41.75,37.17,Curveball,CU,27.27,0.26,2691.23,82.75,80.68,56.79
R,0.29,68,27.94,0.48,-0.72,Seiya Suzuki,1.93,673548,CHC,30.88,29.79,Knuckle Curve,KC,41.38,0.2,2546.06,82.19,84.22,71.43
R,0.14,30,20,-1.03,-0.43,Seiya Suzuki,0.85,673548,CHC,40,11.11,Slurve,SV,0,0,2703.27,86.52,83.64,50
R,0.36,29,13.79,-0.83,0.38,Seiya Suzuki,0.82,673548,CHC,41.38,11.76,Split-Finger,FS,33.33,0.43,1273.55,86.02,86.62,83.33
R,0,28,14.29,0,0,Seiya Suzuki,0.79,673548,CHC,0,14.29,Unknown,UNK,50,0,0,0,0,0
R,0.28,21,9.52,0.02,1.66,Seiya Suzuki,0.59,673548,CHC,14.29,22.22,Eephus,EP,0,0.6,1106.05,86.44,45.47,33.33
R,0.14,16,62.5,-0.62,0.93,Seiya Suzuki,0.45,673548,CHC,75,50,Other,FA,25,0.25,1795,86.1,72.5,50
R,0,4,0,-0.88,0.14,Seiya Suzuki,0.11,673548,CHC,0,0,Forkball,FO,0,0,1084.5,0,84.38,0
R,0,1,0,-0.88,1.13,Seiya Suzuki,0.03,673548,CHC,0,0,Pitch Out,PO,0,0,2091,0,95.3,0
R,0.31,343,21.57,0.09,1.3,Tyrone Taylor,29.8,621438,CHC,48.98,31.43,4-Seam Fastball,FF,17.32,0.19,2289.37,77.47,94.72,73.81
R,0.42,197,23.86,-0.51,0.61,Tyrone Taylor,17.12,621438,CHC,58.38,23.17,Sinker,SI,9.28,0.34,2178.85,85.06,94.32,67.83
R,0.25,194,25.26,-0.06,0.08,Tyrone Taylor,16.85,621438,CHC,35.57,44,Slider,SL,23.53,0.27,2426.16,80.69,85.16,68.12
R,0.33,107,27.1,0.94,0.35,Tyrone Taylor,9.3,621438,CHC,40.19,53.12,Changeup,CH,34.25,0.23,1690.01,76.47,85.78,90.7
R,0.21,94,39.36,-0.25,-0.83,Tyrone Taylor,8.17,621438,CHC,48.94,50,Curveball,CU,22.92,0.1,2568.76,84.09,80.11,52.17
R,0.26,89,40.45,0.01,0.68,Tyrone Taylor,7.73,621438,CHC,44.94,36.73,Cutter,FC,39.47,0.28,2435.84,83.52,89.34,50
R,0.24,86,31.4,0.44,-0.02,Tyrone Taylor,7.47,621438,CHC,40.7,7.84,Sweeper,ST,11.76,0.15,2566.87,85.44,82.89,37.14
R,0.45,17,0,0.43,1.33,Tyrone Taylor,1.48,621438,CHC,29.41,16.67,Eephus,EP,0,0.43,1299,89.91,51.94,100
R,1.66,16,25,-0.3,-0.02,Tyrone Taylor,1.39,621438,CHC,43.75,33.33,Split-Finger,FS,33.33,1,1381.36,84.5,85.84,85.71
R,0,3,0,0.25,0.99,Tyrone Taylor,0.26,621438,CHC,0,0,Pitch Out,PO,0,0,2202.33,0,91.37,0
R,0,2,50,0.43,-0.62,Tyrone Taylor,0.17,621438,CHC,50,0,Knuckle Curve,KC,0,0,2544.5,0,85.9,0
R,0,2,0,-0.62,0.03,Tyrone Taylor,0.17,621438,CHC,0,0,Slurve,SV,0,0,2244.5,0,80.8,0
R,0,1,0,1.12,-0.35,Tyrone Taylor,0.09,621438,CHC,0,0,Slow Curve,CS,0,0,2558,0,69.1,0
R,0.35,267,27.34,0.06,1.32,,26.38,807713,CHC,50.94,48.09,4-Seam Fastball,FF,21.29,0.35,2296.85,82.99,95.02,67.65
R,0.28,212,32.08,-0.15,0.53,,20.95,807713,CHC,57.55,27.78,Sinker,SI,11.24,0.26,2141.77,81.89,94.16,52.46
R,0.4,170,30,0.03,0.1,,16.8,807713,CHC,51.76,29.27,Slider,SL,14.47,0.27,2415.51,73.93,85.67,59.09
R,0.31,106,18.87,0.22,0.1,,10.47,807713,CHC,48.11,20,Sweeper,ST,2.22,0.17,2530.38,78.6,82.02,66.67
R,0.23,100,26,0.46,0.17,,9.88,807713,CHC,31,47.83,Changeup,CH,27.27,0.32,1824.9,70.78,85,70.97
R,0.34,74,51.35,0.5,1.32,,38.14,682634,CHC,64.86,34.62,4-Seam Fastball,FF,34.29,0.22,2239.91,89.39,94.43,54.17
R,0.39,50,14,-0.01,0.64,,4.94,807713,CHC,34,27.27,Cutter,FC,22.73,0,2368.73,84.46,89.36,76.47
R,0.22,49,26.53,-0.03,-0.76,,4.84,807713,CHC,30.61,23.53,Curveball,CU,20,0,2559.33,88.67,79.88,13.33
R,0.02,32,34.38,-0.18,0.09,,16.49,682634,CHC,31.25,31.82,Slider,SL,45.45,0,2516.69,82.56,85.48,40
R,0.12,29,27.59,-0.52,-1.06,,14.95,682634,CHC,34.48,0,Curveball,CU,66.67,0,2818.52,0,81.38,60
R,0.39,24,20.83,1.11,0.52,,12.37,682634,CHC,33.33,50,Changeup,CH,7.14,0.36,1822.88,91.05,86.13,75
R,0.03,23,39.13,0.55,1.55,,63.89,666185,CHC,69.57,0,4-Seam Fastball,FF,25,0,2373.65,82.73,94.1,50
R,0,21,33.33,0.58,-0.75,,2.08,807713,CHC,38.1,15.38,Knuckle Curve,KC,66.67,0,2339.57,87.6,84.4,12.5
R,0.23,16,12.5,-0.16,1.34,,24.24,681909,CHC,31.25,54.55,4-Seam Fastball,FF,18.18,0,2293.69,81.54,95.27,100
R,0.1,16,25,-0.85,-0.44,,1.58,807713,CHC,25,33.33,Slurve,SV,0,0,2425.75,74.35,84.42,0
R,0.12,14,14.29,0.32,0.49,,1.38,807713,CHC,28.57,40,Split-Finger,FS,0,0,1506.29,80.35,86.43,100
R,0.46,12,16.67,-0.24,1.37,,18.18,681909,CHC,16.67,60,Eephus,EP,0,0,1144.67,65.1,47.12,0
R,0,12,33.33,-0.61,0.88,,18.18,681909,CHC,33.33,0,Other,FA,100,0,1797.83,0,71.95,50
R,0,11,54.55,-0.19,0.49,,5.67,682634,CHC,81.82,100,Sinker,SI,0,0,2233,75.6,94.66,33.33
R,0.46,9,33.33,-0.51,-0.37,,13.64,681909,CHC,77.78,0,Sinker,SI,33.33,1,2061.33,100.3,88.04,85.71
R,0,9,22.22,0.2,0.4,,13.64,681909,CHC,88.89,0,Slider,SL,25,0,2397.78,64,80.08,100
R,0.02,8,25,-0.85,0.94,,4.12,682634,CHC,50,0,Other,FA,0,1,1902.12,83,73.92,50
R,0,8,50,-0.62,0.19,,4.12,682634,CHC,37.5,20,Sweeper,ST,100,0,2366.38,0,80.92,0
R,0.03,6,16.67,-0.36,1.38,,33.33,664068,CHC,66.67,100,4-Seam Fastball,FF,0,0,2270.17,78.86,94.48,75
R,0,6,0,1.15,-0.02,,16.67,666185,CHC,0,0,Changeup,CH,0,0,1762.33,0,84.53,0
R,0,4,25,1.25,0.94,,22.22,664068,CHC,50,0,Sinker,SI,0,0,1981,77.9,98.35,50
R,0,4,50,-0.01,0.28,,22.22,664068,CHC,50,0,Slider,SL,100,0,2462.5,0,86.82,100
R,0,4,100,-1.3,-0.5,,11.11,666185,CHC,50,100,Curveball,CU,100,0,2362,0,79.4,0
R,0,4,50,1.02,0.35,,6.06,681909,CHC,25,33.33,Sweeper,ST,100,0,2395.25,0,85.02,100
R,0.9,4,25,0.73,1.9,,2.06,682634,CHC,25,66.67,Eephus,EP,0,1,1076.25,75.2,39.3,100
R,0,4,50,-1.03,0.42,,2.06,682634,CHC,50,0,Split-Finger,FS,100,0,1407.5,0,86,100
R,0.36,4,50,-0.8,0.29,,0.4,807713,CHC,0,50,Forkball,FO,100,0,1036,0,82.55,0
R,0.55,2,0,-0.06,0.12,,11.11,664068,CHC,0,100,Cutter,FC,0,1,2220.5,84.05,90,0
R,0.18,2,50,0.37,0.5,,5.56,666185,CHC,100,0,Slider,SL,0,0,2358,80.7,89.95,50
R,0.92,2,0,0.65,-0.29,,3.03,681909,CHC,100,0,Curveball,CU,0,1,2912,89.8,82.5,100
R,0,2,100,0.34,-0.03,,3.03,681909,CHC,0,100,Knuckle Curve,KC,100,0,2829,0,89.2,0
R,0.06,2,0,-0.39,1.26,,0.2,807713,CHC,0,100,Eephus,EP,0,0,1026,71.5,43.4,0
R,0,1,0,-0.29,-0.14,,5.56,664068,CHC,0,100,Curveball,CU,0,0,2454,82.4,87.1,0
R,0,1,0,-1.15,0.06,,5.56,664068,CHC,0,0,Sweeper,ST,0,0,2336,0,80.4,0
R,0,1,0,-1.17,0.07,,2.78,666185,CHC,0,0,Split-Finger,FS,0,0,1520,0,89.3,0
R,0,1,0,-0.34,-0.84,,0.1,807713,CHC,0,0,Knuckleball,KN,0,0,261,0,82.2,0
R,0.32,596,27.18,-0.58,1.27,Andrew Benintendi,25.62,643217,CHW,52.35,33.45,4-Seam Fastball,FF,22.7,0.21,2327.51,85.13,95.09,74.04
R,0.32,397,27.46,-0.82,0.66,Andrew Benintendi,17.07,643217,CHW,58.69,28.66,Sinker,SI,17.87,0.24,2213.39,83.09,94.49,68.67
R,0.34,333,21.02,-1.02,0.31,Andrew Benintendi,14.32,643217,CHW,35.14,32.41,Changeup,CH,30.72,0.24,1685.79,76.12,86.6,82.05
R,0.29,303,32.67,0.17,0.09,Andrew Benintendi,13.03,643217,CHW,44.55,32.14,Slider,SL,38.31,0.19,2439.25,78.46,87.01,74.07
R,0.33,207,27.05,0.16,0.71,Andrew Benintendi,8.9,643217,CHW,47.34,31.19,Cutter,FC,30.97,0.28,2366.01,84.74,89.75,80.61
R,0.38,144,20.83,0.69,0.09,Andrew Benintendi,6.19,643217,CHW,45.14,37.97,Sweeper,ST,17.72,0.38,2608.38,79.11,81.77,75.38
R,0.41,130,23.08,0.85,-0.93,Andrew Benintendi,5.59,643217,CHW,35.38,28.57,Curveball,CU,27.45,0.35,2712.25,81.7,80.71,58.7
R,0.16,122,23.77,-0.82,0.25,Andrew Benintendi,5.25,643217,CHW,31.15,27.38,Split-Finger,FS,43.86,0.11,1364.66,87.16,88.02,89.47
R,0.28,46,26.09,0.71,-0.74,Andrew Benintendi,1.98,643217,CHW,47.83,45.83,Knuckle Curve,KC,25,0.31,2628.98,81.26,83.07,77.27
R,0.45,27,7.41,0.22,-0.66,Andrew Benintendi,1.16,643217,CHW,33.33,44.44,Slurve,SV,13.33,0.33,2673.19,80.08,81.77,77.78
R,0.76,14,14.29,0,0,Andrew Benintendi,0.6,643217,CHW,0,28.57,Unknown,UNK,0,1,0,101.1,0,0
R,0.02,3,0,0.67,1.11,Andrew Benintendi,0.13,643217,CHW,33.33,0,Other,FA,0,0,1694,85.5,69.57,100
R,0.36,2,50,-0.52,1.88,Andrew Benintendi,0.09,643217,CHW,0,50,Eephus,EP,0,0,956,91.6,41.35,0
R,0.54,2,0,-0.98,0.15,Andrew Benintendi,0.09,643217,CHW,0,100,Forkball,FO,0,1,1213,99.1,82.1,0
R,0.44,409,22.74,-0.17,1.29,Braden Montgomery,25.08,695731,CHW,52.81,17.1,4-Seam Fastball,FF,21.67,0.33,2297.66,88.85,94.94,78.7
R,0.23,295,21.02,-0.44,0.34,Braden Montgomery,18.09,695731,CHW,32.2,34,Changeup,CH,28.67,0.2,1765.23,75.39,85.46,86.32
R,0.25,258,24.03,-0.64,0.66,Braden Montgomery,15.82,695731,CHW,55.43,17.39,Sinker,SI,17.89,0.25,2197.06,80.83,94.97,72.03
R,0.27,164,27.44,0.13,-0.01,Braden Montgomery,10.06,695731,CHW,42.68,32.98,Slider,SL,28.75,0.2,2481.41,80.28,86.02,70
R,0.35,150,23.33,0.19,0.58,Braden Montgomery,9.2,695731,CHW,53.33,32.86,Cutter,FC,21.84,0.17,2363.13,84.5,89.9,80
R,0.33,143,26.57,0.37,-0.89,Braden Montgomery,8.77,695731,CHW,37.06,23.33,Curveball,CU,24.49,0.3,2601.91,79.99,80.5,52.83
R,0.17,111,31.53,-0.45,0.23,Braden Montgomery,6.81,695731,CHW,43.24,38.1,Split-Finger,FS,40.62,0.09,1134.71,81.31,85.91,83.33
R,0.33,58,18.97,0.59,0.14,Braden Montgomery,3.56,695731,CHW,41.38,17.65,Sweeper,ST,24,0.11,2572.93,70.74,83.43,79.17
R,0.08,24,50,0.63,-1.07,Braden Montgomery,1.47,695731,CHW,29.17,47.06,Knuckle Curve,KC,81.82,0.25,2698.08,81.5,84.06,42.86
R,0,16,12.5,0,0,Braden Montgomery,0.98,695731,CHW,0,62.5,Unknown,UNK,20,0,0,0,0,0
R,0.05,2,0,1.08,0.86,Braden Montgomery,0.12,695731,CHW,50,0,Other,FA,0,0,1845,74.6,75.85,100
R,0.39,1,0,-0.43,1.22,Braden Montgomery,0.06,695731,CHW,100,0,Eephus,EP,0,0,1281,102,51.6,100
R,0.27,342,20.18,0.11,1.2,Brenton Doyle,36.42,686668,CHW,49.71,24.42,4-Seam Fastball,FF,17.96,0.17,2310.66,81.77,94.17,73.53
R,0.22,146,36.99,0.23,0.21,Brenton Doyle,15.55,686668,CHW,52.74,31.88,Slider,SL,37.5,0.18,2459.34,78.66,85.42,64.94
R,0.36,111,15.32,-0.54,0.6,Brenton Doyle,11.82,686668,CHW,62.16,14.29,Sinker,SI,11.11,0.25,2219.42,83.44,94.58,82.61
R,0.18,105,31.43,0.64,0.39,Brenton Doyle,11.18,686668,CHW,36.19,43.28,Changeup,CH,42.62,0.29,1814.3,78.93,85.64,84.21
R,0.16,105,34.29,0.23,0.06,Brenton Doyle,11.18,686668,CHW,40,38.1,Sweeper,ST,42.59,0.14,2516.29,78.63,82.78,71.43
R,0.37,70,32.86,0.05,0.66,Brenton Doyle,7.45,686668,CHW,52.86,42.42,Cutter,FC,23.81,0.37,2478.34,82.64,89.61,75.68
R,0.17,32,18.75,-0.2,-0.68,Brenton Doyle,3.41,686668,CHW,37.5,30,Curveball,CU,20,0.29,2592.41,90.37,79.42,75
R,0.17,19,36.84,-1.03,0.25,Brenton Doyle,2.02,686668,CHW,52.63,55.56,Split-Finger,FS,38.46,0,1510.79,94.4,86.76,80
R,0.39,3,0,0.31,-1.04,Brenton Doyle,0.32,686668,CHW,33.33,50,Knuckle Curve,KC,0,1,2644.67,87.75,82.3,100
R,0.34,2,0,-0.02,1.76,Brenton Doyle,0.21,686668,CHW,100,0,Eephus,EP,0,0.5,1337,88.9,46.2,100
R,0.08,2,0,-0.84,0,Brenton Doyle,0.21,686668,CHW,0,50,Forkball,FO,0,0,1007,82.2,81.85,0
R,0.59,2,0,-0.33,1.96,Brenton Doyle,0.21,686668,CHW,50,0,Other,FA,0,1,1510,103.2,55.7,100
R,0.31,1048,31.49,-0.23,1.29,Chase Meidroth,30.55,805367,CHW,52.29,30.8,4-Seam Fastball,FF,12.78,0.21,2300.04,85.46,94.63,53.28
R,0.32,784,33.93,-0.84,0.66,Chase Meidroth,22.85,805367,CHW,59.69,20.57,Sinker,SI,8.17,0.32,2194.21,84.37,94.47,51.5
R,0.27,462,33.55,0.17,0.12,Chase Meidroth,13.47,805367,CHW,46.75,24.8,Slider,SL,27.84,0.26,2443.15,79.39,86.47,53.24
R,0.22,313,25.56,0.44,0.25,Chase Meidroth,9.12,805367,CHW,38.02,38.14,Changeup,CH,31.9,0.24,1761.79,80.2,85.12,74.79
R,0.37,283,27.56,0.15,0.64,Chase Meidroth,8.25,805367,CHW,50.53,38.57,Cutter,FC,14.81,0.25,2359.57,81.71,88.94,56.64
R,0.17,241,22.82,0.65,0.08,Chase Meidroth,7.02,805367,CHW,37.76,22,Sweeper,ST,20,0.19,2569.41,71.48,82.31,62.64
R,0.23,155,25.81,0.15,-0.88,Chase Meidroth,4.52,805367,CHW,43.23,19.32,Curveball,CU,9.62,0.18,2630.39,74.27,79.49,52.24
R,0.3,82,21.95,-0.48,0.27,Chase Meidroth,2.39,805367,CHW,42.68,44.68,Split-Finger,FS,25,0.38,1337.26,86.42,87.56,77.14
R,0.16,41,26.83,0.54,-0.68,Chase Meidroth,1.19,805367,CHW,56.1,16.67,Knuckle Curve,KC,28.57,0.14,2581.41,77.64,82.58,78.26
R,0.39,6,16.67,0,1.28,Chase Meidroth,0.17,805367,CHW,33.33,0,Eephus,EP,0,0,1170.17,83.8,44.88,50
R,0.13,6,33.33,0.89,-0.72,Chase Meidroth,0.17,805367,CHW,33.33,50,Slurve,SV,50,0.5,2855.33,89.1,82.43,100
R,0.13,6,33.33,0,0,Chase Meidroth,0.17,805367,CHW,0,33.33,Unknown,UNK,0,0,0,90.3,0,0
R,0.64,4,25,0.79,1.04,Chase Meidroth,0.12,805367,CHW,50,50,Other,FA,0,1,1726.25,83.3,71.95,50
R,0.25,1053,28.3,-0.44,1.28,Colson Montgomery,34.87,695657,CHW,52.99,28.28,4-Seam Fastball,FF,29.29,0.16,2306.49,80.92,95.11,75.27
R,0.38,504,28.97,0.33,0.61,Colson Montgomery,16.69,695657,CHW,50.6,32.93,Sinker,SI,25.76,0.31,2160.84,84.36,94.06,71.37
R,0.28,387,31.52,0.08,0.13,Colson Montgomery,12.81,695657,CHW,43.67,34.4,Slider,SL,41.35,0.2,2427.91,87.54,86.72,78.7
R,0.31,302,24.17,-0.73,0.26,Colson Montgomery,10,695657,CHW,36.42,36.98,Changeup,CH,36.42,0.26,1729.27,82.9,86.88,82.73
R,0.21,233,36.05,0.05,0,Colson Montgomery,7.72,695657,CHW,46.35,32.8,Sweeper,ST,40.91,0.07,2583.03,81.49,83.05,63.89
R,0.31,186,32.8,0.46,-0.87,Colson Montgomery,6.16,695657,CHW,34.41,30.33,Curveball,CU,42.11,0.37,2615.42,84.74,80.25,60.94
R,0.59,173,24.86,0.13,0.63,Colson Montgomery,5.73,695657,CHW,54.34,32.91,Cutter,FC,24.75,0.43,2416.66,91.89,90.38,79.79
R,0.37,88,25,-0.77,0.14,Colson Montgomery,2.91,695657,CHW,34.09,43.1,Split-Finger,FS,35.29,0.22,1260.43,85.21,87.71,86.67
R,0.32,54,27.78,0.43,-0.67,Colson Montgomery,1.79,695657,CHW,31.48,35.14,Knuckle Curve,KC,44.44,0.31,2532.46,88.79,83.76,82.35
R,0.7,18,0,0,0,Colson Montgomery,0.6,695657,CHW,0,11.11,Unknown,UNK,0,0,0,0,0,0
R,0,10,40,-0.99,0.15,Colson Montgomery,0.33,695657,CHW,20,25,Forkball,FO,100,0,1383.2,0,83.86,100
R,0,8,25,1.01,-0.54,Colson Montgomery,0.26,695657,CHW,50,50,Slurve,SV,33.33,0,2821.5,83.85,81.05,100
R,0.96,2,0,0.3,1.4,Colson Montgomery,0.07,695657,CHW,50,0,Other,FA,0,1,1730.5,106.5,71.55,100
R,0,2,0,-0.47,1.35,Colson Montgomery,0.07,695657,CHW,0,0,Pitch Out,PO,0,0,2392,0,89.3,0
R,0.29,295,22.03,-0.49,1.25,Drew Romo,28.7,691011,CHW,47.46,38.71,4-Seam Fastball,FF,17.79,0.22,2282.06,80.2,94.72,73.57
R,0.19,227,28.63,-0.45,0.27,Drew Romo,22.08,691011,CHW,39.65,42.34,Changeup,CH,34.68,0.09,1676.93,76.31,85.84,73.33
R,0.39,117,17.09,0.16,0.09,Drew Romo,11.38,691011,CHW,45.3,29.69,Slider,SL,22.06,0.19,2411.23,79.33,85.99,92.45
R,0.12,99,36.36,0.5,-0.88,Drew Romo,9.63,691011,CHW,38.38,32.79,Curveball,CU,40,0,2578.75,73.4,79.99,52.63
R,0.42,82,25.61,-0.89,0.63,Drew Romo,7.98,691011,CHW,59.76,33.33,Sinker,SI,18.75,0.2,2116.85,85.05,94.39,75.51
R,0.22,70,14.29,0.17,0.58,Drew Romo,6.81,691011,CHW,48.57,30.56,Cutter,FC,18.6,0.19,2311.41,78.83,88.77,94.12
R,0.16,63,36.51,-1.02,0.29,Drew Romo,6.13,691011,CHW,44.44,28.57,Split-Finger,FS,53.12,0.14,1405.57,77.8,87.27,78.57
R,0.21,46,41.3,0.89,0.04,Drew Romo,4.47,691011,CHW,45.65,28,Sweeper,ST,37.5,0.14,2682.91,90.29,82.17,42.86
R,0,29,31.03,0.81,-0.63,Drew Romo,2.82,691011,CHW,27.59,19.05,Knuckle Curve,KC,50,0,2663.31,85.6,82.25,50
R,0.32,500,24.8,-0.19,1.32,Edgar Quero,39.84,700337,CHW,54.8,27.88,4-Seam Fastball,FF,21.09,0.21,2336.67,81.82,94.29,77.37
R,0.23,211,15.17,-0.28,0.43,Edgar Quero,16.81,700337,CHW,55.45,14.89,Sinker,SI,6.19,0.26,2153.08,83.92,93.64,84.62
R,0.3,172,15.7,0.22,0.27,Edgar Quero,13.71,700337,CHW,34.88,26.79,Changeup,CH,15.07,0.16,1790.53,80.19,86.03,71.67
R,0.39,103,18.45,0.28,0.15,Edgar Quero,8.21,700337,CHW,41.75,25,Slider,SL,15.22,0.23,2463.58,79.3,86.43,72.09
R,0.35,92,13.04,0.08,0.61,Edgar Quero,7.33,700337,CHW,56.52,22.5,Cutter,FC,9.62,0.29,2310.39,81.41,89.24,82.69
R,0.14,66,36.36,0.37,-0.89,Edgar Quero,5.26,700337,CHW,39.39,25,Curveball,CU,38.1,0.18,2651.2,89.65,79.87,42.31
R,0.13,61,29.51,0.37,0.08,Edgar Quero,4.86,700337,CHW,57.38,30.77,Sweeper,ST,23.33,0,2591.3,85.76,82.26,62.86
R,0.17,28,14.29,-0.49,0.23,Edgar Quero,2.23,700337,CHW,50,35.71,Split-Finger,FS,0,0.15,1198.64,78.9,84.13,71.43
R,0,14,28.57,0.55,-0.86,Edgar Quero,1.12,700337,CHW,28.57,20,Knuckle Curve,KC,0,0,2566.43,0,81.29,0
R,0.7,4,25,-0.28,1.11,Edgar Quero,0.32,700337,CHW,25,0,Eephus,EP,0,0,1367.75,0,51.85,0
R,0,3,0,0,0,Edgar Quero,0.24,700337,CHW,0,0,Unknown,UNK,0,0,0,0,0,0
R,0,1,0,-0.22,1.26,Edgar Quero,0.08,700337,CHW,0,0,Other,FA,0,0,1766,0,55.5,0
R,0.35,283,26.15,-0.02,1.33,Luisangel Acuña,25.22,682668,CHW,51.24,30.43,4-Seam Fastball,FF,17.14,0.27,2289.86,86.65,94.08,67.59
R,0.16,235,30.21,0.17,0.16,Luisangel Acuña,20.94,682668,CHW,37.02,41.22,Slider,SL,36.07,0.26,2442.1,79.43,86.81,70.11
R,0.32,228,22.37,-0.17,0.7,Luisangel Acuña,20.32,682668,CHW,58.33,35.79,Sinker,SI,10.57,0.23,2169.66,83.74,94.16,66.92
R,0.16,163,26.99,0.71,0.38,Luisangel Acuña,14.53,682668,CHW,35.58,48.57,Changeup,CH,32,0.14,1786.2,81.23,84.2,84.48
R,0.26,85,31.76,0.11,0.66,Luisangel Acuña,7.58,682668,CHW,52.94,25,Cutter,FC,21.43,0.14,2305.14,73.51,87.25,71.11
R,0.14,56,16.07,-0.13,-0.87,Luisangel Acuña,4.99,682668,CHW,35.71,19.44,Curveball,CU,11.11,0.15,2673.5,73.55,79.26,55
R,0.3,56,25,0.46,0.07,Luisangel Acuña,4.99,682668,CHW,42.86,6.25,Sweeper,ST,30,0.4,2565.91,80.62,80.95,75
R,0,7,28.57,0.34,0.24,Luisangel Acuña,0.62,682668,CHW,28.57,0,Split-Finger,FS,100,0,937.43,0,80.74,50
R,0.64,4,0,0.02,1.14,Luisangel Acuña,0.36,682668,CHW,50,50,Eephus,EP,0,0.5,1221.75,96,46.38,50
R,1.24,3,66.67,0.02,-0.3,Luisangel Acuña,0.27,682668,CHW,33.33,0,Knuckle Curve,KC,0,1,2541.67,104.8,81.37,100
R,0.67,2,0,0.59,-0.4,Luisangel Acuña,0.18,682668,CHW,100,0,Slurve,SV,0,0,2307,106.1,82.7,100
R,0.41,1155,23.03,-0.28,1.29,Miguel Vargas,33.13,678246,CHW,51.77,15.98,4-Seam Fastball,FF,19.27,0.22,2308.18,86.83,95.17,72.74
R,0.42,647,22.26,-0.67,0.67,Miguel Vargas,18.56,678246,CHW,58.27,20.74,Sinker,SI,6.51,0.25,2187.65,86.14,94.79,66.58
R,0.33,515,26.8,0.17,0.15,Miguel Vargas,14.77,678246,CHW,39.22,29.71,Slider,SL,27.56,0.25,2422.85,84.39,86.83,65.35
R,0.41,315,25.4,0.17,0.63,Miguel Vargas,9.04,678246,CHW,44.44,16,Cutter,FC,29.17,0.27,2428,80.79,89.57,65.71
R,0.46,264,18.94,0.58,0.04,Miguel Vargas,7.57,678246,CHW,37.5,16.97,Sweeper,ST,15.62,0.37,2594.27,80.86,82.92,68.69
R,0.41,228,21.49,0.72,0.37,Miguel Vargas,6.54,678246,CHW,47.81,32.77,Changeup,CH,13.04,0.3,1749.68,82.47,84.8,69.72
R,0.35,189,20.63,0.14,-0.78,Miguel Vargas,5.42,678246,CHW,41.27,28.83,Curveball,CU,15.66,0.18,2622.21,80.16,80.68,65.38
R,0.38,66,27.27,0.54,-0.7,Miguel Vargas,1.89,678246,CHW,42.42,21.05,Knuckle Curve,KC,16.67,0,2573.05,82.02,83.05,57.14
R,0.2,47,21.28,-0.15,0.18,Miguel Vargas,1.35,678246,CHW,21.28,32.43,Split-Finger,FS,47.06,0,1139.7,82,85.3,50
R,0.7,36,0,-1.38,0.28,Miguel Vargas,1.03,678246,CHW,0,5.56,Unknown,UNK,0,0,2020,0,93.2,0
R,0.69,20,20,1.12,-0.59,Miguel Vargas,0.57,678246,CHW,50,20,Slurve,SV,0,1,2921.4,80.7,79.21,60
R,1.02,2,0,0.7,1.01,Miguel Vargas,0.06,678246,CHW,100,0,Other,FA,0,1,1603.5,95.25,66.8,100
R,0,2,0,1.47,-0.56,Miguel Vargas,0.06,678246,CHW,0,100,Slow Curve,CS,0,0,2746,89.8,68.1,0
R,0.43,794,30.1,-0.3,1.29,Munetaka Murakami,27.15,808959,CHW,50.63,17.86,4-Seam Fastball,FF,35.13,0.26,2317.27,89.89,94.56,70.4
R,0.32,492,39.84,0.03,0.13,Munetaka Murakami,16.82,808959,CHW,41.26,31.14,Slider,SL,54.46,0.16,2412.17,86.6,86.21,66.01
R,0.39,440,34.32,-0.17,0.57,Munetaka Murakami,15.04,808959,CHW,57.27,14.89,Sinker,SI,29.82,0.21,2184.4,86.1,93.92,56.75
R,0.35,313,30.67,-0.82,0.22,Munetaka Murakami,10.7,808959,CHW,34.82,29.41,Changeup,CH,48.18,0.3,1733.55,82.42,86.64,70.64
R,0.19,289,34.26,-0.04,0.03,Munetaka Murakami,9.88,808959,CHW,41.87,25,Sweeper,ST,43.24,0.16,2625.22,80.83,81.59,57.02
R,0.49,214,36.45,0.66,-0.91,Munetaka Murakami,7.32,808959,CHW,48.6,18.18,Curveball,CU,22.03,0.23,2663.94,87.03,80.08,37.5
R,0.37,173,23.7,0.13,0.66,Munetaka Murakami,5.91,808959,CHW,40.46,13.59,Cutter,FC,27.12,0.31,2390.75,83.43,90.2,64.29
R,0.13,80,35,-0.9,0.26,Munetaka Murakami,2.74,808959,CHW,31.25,27.27,Split-Finger,FS,50,0,1379.62,69.11,86.9,52
R,0.76,69,40.58,0.36,-0.68,Munetaka Murakami,2.36,808959,CHW,39.13,21.43,Knuckle Curve,KC,47.37,0.78,2517.3,94.74,83.57,37.04
R,0,40,0,0,0,Munetaka Murakami,1.37,808959,CHW,0,0,Unknown,UNK,0,0,0,0,0,0
R,0.06,12,33.33,0.7,-0.74,Munetaka Murakami,0.41,808959,CHW,16.67,40,Slurve,SV,66.67,0,2802.5,91.1,80.55,100
R,0,6,50,0.62,1.06,Munetaka Murakami,0.21,808959,CHW,33.33,0,Other,FA,50,0,1717.67,70.5,70.32,100
R,0,3,0,-0.2,1.86,Munetaka Murakami,0.1,808959,CHW,0,66.67,Eephus,EP,0,0,858.67,104,38.1,0
R,0.32,414,21.74,0.4,1.32,Randal Grichuk,35.35,545341,CHW,54.59,27.13,4-Seam Fastball,FF,14.95,0.3,2267.24,81.77,94.31,72.12
R,0.4,179,28.49,0.88,0.36,Randal Grichuk,15.29,545341,CHW,41.34,52.38,Changeup,CH,33.04,0.34,1725.36,86.84,83.64,81.08
R,0.31,177,24.29,-0.09,0.71,Randal Grichuk,15.12,545341,CHW,53.11,21.69,Sinker,SI,10.13,0.31,2158.9,86.89,93.95,64.89
R,0.24,141,26.95,-0.11,0.2,Randal Grichuk,12.04,545341,CHW,39.01,44.19,Slider,SL,36.59,0.15,2406.04,86.87,85.93,80
R,0.36,107,26.17,0.1,0.56,Randal Grichuk,9.14,545341,CHW,52.34,27.45,Cutter,FC,12.73,0.19,2362.82,83.82,89.47,73.21
R,0.61,77,31.17,-0.06,-0.03,Randal Grichuk,6.58,545341,CHW,51.95,16.22,Sweeper,ST,25.81,0.46,2563.86,88.69,81.81,62.5
R,0.36,55,21.82,-0.62,-0.77,Randal Grichuk,4.7,545341,CHW,34.55,25,Curveball,CU,26.32,0.17,2573.36,95.97,80.22,52.63
R,0.51,8,25,0.51,0.43,Randal Grichuk,0.68,545341,CHW,25,50,Split-Finger,FS,40,0.5,1349.62,85.63,83.91,100
R,0,8,0,0,0,Randal Grichuk,0.68,545341,CHW,0,0,Unknown,UNK,0,0,0,0,0,0
R,0,5,40,-0.22,-0.95,Randal Grichuk,0.43,545341,CHW,0,80,Knuckle Curve,KC,50,0,2499.2,84.9,80.3,0
R,0.37,958,24.84,-0.5,1.26,Sam Antonacci,34.5,803011,CHW,55.64,18.35,4-Seam Fastball,FF,12.11,0.3,2308.91,83.72,94.81,62.85
R,0.41,513,27.49,-0.21,0.61,Sam Antonacci,18.47,803011,CHW,59.26,15.31,Sinker,SI,7.91,0.33,2164.42,84.22,93.93,60.2
R,0.25,322,17.08,-0.86,0.29,Sam Antonacci,11.6,803011,CHW,31.06,26.13,Changeup,CH,15.91,0.22,1775.33,80.36,86.25,74
R,0.29,286,21.68,0.08,0.16,Sam Antonacci,10.3,803011,CHW,53.85,25.76,Slider,SL,15.11,0.18,2447,79.71,86.2,68.18
R,0.33,243,23.87,0.23,0.62,Sam Antonacci,8.75,803011,CHW,54.32,28.83,Cutter,FC,16.41,0.22,2383.32,78.62,89.8,72.73
R,0.37,157,31.85,0.72,-0.85,Sam Antonacci,5.65,803011,CHW,43.95,10.23,Curveball,CU,18.75,0.4,2684.62,82.09,80.33,33.33
R,0.25,157,22.93,0.42,0.04,Sam Antonacci,5.65,803011,CHW,33.12,20.95,Sweeper,ST,12.5,0.17,2645.46,71.88,82.92,50
R,0.26,96,22.92,-0.82,0.24,Sam Antonacci,3.46,803011,CHW,28.12,30.43,Split-Finger,FS,30.77,0.26,1294.02,75.1,86.36,66.67
R,0.42,34,26.47,0.56,-0.84,Sam Antonacci,1.22,803011,CHW,35.29,40.91,Knuckle Curve,KC,0,0.45,2601.71,84.98,82.21,58.33
R,0,4,0,-0.12,-0.57,Sam Antonacci,0.14,803011,CHW,0,0,Slurve,SV,0,0,2497.5,0,81.15,0
R,0,3,0,0.01,1.2,Sam Antonacci,0.11,803011,CHW,0,0,Eephus,EP,0,0,1199,0,43.53,0
R,0.7,2,50,-0.56,1.3,Sam Antonacci,0.07,803011,CHW,50,0,Other,FA,0,0,1619,0,60.6,0
R,0,2,0,0,0,Sam Antonacci,0.07,803011,CHW,0,100,Unknown,UNK,0,0,0,0,0,0
R,0.35,707,23.2,-0.54,1.28,Tristan Peters,31.46,671976,CHW,54.88,31.35,4-Seam Fastball,FF,16.8,0.29,2313.78,81.17,95.04,72.42
R,0.31,345,21.16,-0.33,0.62,Tristan Peters,15.35,671976,CHW,55.94,31.58,Sinker,SI,14.59,0.21,2212.18,79.96,94.69,70.98
R,0.23,249,22.49,-1.17,0.38,Tristan Peters,11.08,671976,CHW,44.58,36.96,Changeup,CH,25.87,0.25,1814.29,79.24,86.26,82.88
R,0.22,249,27.31,0.21,0.06,Tristan Peters,11.08,671976,CHW,43.37,43.26,Slider,SL,32.88,0.19,2461.74,82.48,86.58,78.7
R,0.39,224,18.3,0.2,0.72,Tristan Peters,9.97,671976,CHW,50,22.32,Cutter,FC,14.91,0.32,2440.23,84.51,90.05,79.46
R,0.26,204,24.51,0.89,-0.91,Tristan Peters,9.08,671976,CHW,44.61,34.51,Curveball,CU,22.45,0.11,2594.79,78.88,79.83,64.84
R,0.33,99,27.27,-0.77,0.2,Tristan Peters,4.41,671976,CHW,41.41,36.21,Split-Finger,FS,43.55,0.4,1305.01,77.27,87.21,100
R,0.36,99,23.23,0.96,0.03,Tristan Peters,4.41,671976,CHW,48.48,21.57,Sweeper,ST,15.56,0.45,2672.24,82.82,82.76,70.83
R,0.48,46,10.87,0.63,-0.74,Tristan Peters,2.05,671976,CHW,50,17.39,Knuckle Curve,KC,15.38,0.14,2668.26,80.3,82.86,95.65
R,0,12,16.67,0.11,-0.79,Tristan Peters,0.53,671976,CHW,33.33,0,Slurve,SV,0,0,2470,60.7,80.38,50
R,0.29,5,20,-0.26,1.53,Tristan Peters,0.22,671976,CHW,60,0,Eephus,EP,0,0.67,1157.4,94.53,46.7,100
R,0,5,0,0,0,Tristan Peters,0.22,671976,CHW,0,40,Unknown,UNK,0,0,0,0,0,0
R,0,2,0,-1,1.11,Tristan Peters,0.09,671976,CHW,100,0,Pitch Out,PO,0,0,2194,0,89.4,0
R,0,1,0,-1.03,-0.03,Tristan Peters,0.04,671976,CHW,0,0,Forkball,FO,0,0,1157,0,79.4,0
L,0.26,125,30.4,-0.4,1.19,,28.41,691019,CHW,52.8,28.81,4-Seam Fastball,FF,36.76,0.11,2283.4,80.76,95.27,77.27
R,0.27,92,27.17,0.35,1.28,,39.83,678577,CHW,61.96,17.14,4-Seam Fastball,FF,21.57,0.08,2278.66,85.23,94.81,78.95
L,0.29,76,22.37,-0.13,0.66,,17.27,691019,CHW,60.53,36.67,Sinker,SI,13.04,0.2,2199.75,82.61,94.78,76.09
L,0.19,71,39.44,0.13,0.1,,16.14,691019,CHW,39.44,39.53,Slider,SL,37.14,0.14,2386.08,85.9,86.13,64.29
L,0.26,63,33.33,-0.73,1.27,,41.45,807747,CHW,68.25,50,4-Seam Fastball,FF,8.57,0.16,2246.21,76.89,94.26,58.14
L,0.27,62,37.1,-0.5,1.31,,34.44,624512,CHW,64.52,54.55,4-Seam Fastball,FF,20.51,0.26,2353.4,74.62,93.62,67.5
R,0.35,61,31.15,0.29,1.41,,42.36,695020,CHW,42.62,40,4-Seam Fastball,FF,26.67,0.12,2290.3,83.59,91.35,61.54
L,0.39,51,33.33,0.47,-0.73,,11.59,691019,CHW,33.33,11.76,Curveball,CU,40,0.25,2484.8,77.4,80.49,35.29
L,0.37,44,25,-1.28,0.16,,10,691019,CHW,18.18,41.67,Changeup,CH,39.13,0.4,1862.16,79.98,86.75,100
L,0.68,40,45,0.09,0.57,,9.09,691019,CHW,50,65,Cutter,FC,46.43,0.38,2365.05,81.89,90.3,75
R,0.3,33,39.39,1.21,0.28,,14.29,678577,CHW,39.39,55,Changeup,CH,50,0.18,1851.61,82.8,85.08,100
R,0.23,33,45.45,0.18,0.81,,14.29,678577,CHW,42.42,26.32,Cutter,FC,69.23,0,2474.06,72.8,89.88,57.14
L,0.11,31,35.48,0.38,0.19,,17.22,624512,CHW,54.84,28.57,Slider,SL,16.67,0,2501,76.22,85.66,47.06
L,0.07,27,14.81,-0.97,0.34,,15,624512,CHW,29.63,52.63,Changeup,CH,22.22,0,1763.19,70.18,85.78,100
R,0.54,26,50,-0.22,0.16,,11.26,678577,CHW,57.69,18.18,Slider,SL,60,0.25,2336.92,97.88,86.6,53.33
R,0.11,23,30.43,0.97,0.55,,15.97,695020,CHW,47.83,25,Changeup,CH,46.15,0.22,1569.35,72.9,81.39,90.91
L,0.5,22,31.82,0.37,0.18,,5,691019,CHW,36.36,21.43,Sweeper,ST,37.5,0.5,2579.68,81.74,83.41,62.5
R,0.63,20,10,0.12,0.8,,13.89,695020,CHW,20,6.25,Sinker,SI,0,1,2182.65,76.8,91.44,50
L,0.06,18,50,-0.37,0.79,,10,624512,CHW,77.78,0,Sinker,SI,0,0,2149.33,80.26,94.38,35.71
R,1.18,18,27.78,-0.59,-0.62,,7.79,678577,CHW,33.33,8.33,Curveball,CU,33.33,0.67,2409.72,106.1,79.87,33.33
R,0.18,18,44.44,0.28,0.66,,7.79,678577,CHW,61.11,42.86,Sinker,SI,27.27,0.4,2127,76.7,93.69,72.73
L,0.2,17,52.94,0.23,0.19,,11.18,807747,CHW,64.71,66.67,Slider,SL,40,0.25,2314,92.43,86.17,54.55
L,0.29,16,25,0.67,-0.89,,8.89,624512,CHW,43.75,22.22,Curveball,CU,28.57,0,2768.88,70.87,83.35,71.43
L,0.31,15,0,-0.17,0.63,,9.87,807747,CHW,33.33,20,Sinker,SI,0,0.29,2182.2,86.97,95.13,100
R,0.25,14,35.71,-0.32,0.07,,9.72,695020,CHW,78.57,33.33,Slider,SL,30,0.25,2343.57,83.2,84,81.82
L,0,14,28.57,0.85,-0.9,,9.21,807747,CHW,28.57,20,Curveball,CU,0,0,2467.5,0,78.84,0
L,0.13,13,30.77,-0.15,0.86,,7.22,624512,CHW,84.62,50,Cutter,FC,27.27,0.14,2399.54,76.5,89.67,90.91
L,0.34,13,23.08,-0.78,0.24,,8.55,807747,CHW,38.46,25,Split-Finger,FS,20,0,1306.46,73.12,86.48,60
R,0,11,45.45,-0.05,0.14,,4.76,678577,CHW,54.55,20,Sweeper,ST,60,0,2586.73,64.7,82.67,66.67
L,0.05,9,44.44,0.52,-0.88,,2.05,691019,CHW,44.44,60,Knuckle Curve,KC,25,0.33,2582.11,43.7,85.11,25
R,0.43,9,44.44,0.12,0.64,,6.25,695020,CHW,77.78,0,Cutter,FC,0,0.67,2300.89,104.83,87.14,42.86
L,0.05,9,55.56,1.02,-0.68,,5.92,807747,CHW,66.67,66.67,Knuckle Curve,KC,40,0.4,2732.22,85.3,79.48,50
R,0.08,8,37.5,0.21,0.03,,5.56,695020,CHW,37.5,80,Sweeper,ST,42.86,0,2536.62,78.4,79.35,100
L,0.05,8,37.5,0.2,0.52,,5.26,807747,CHW,62.5,66.67,Cutter,FC,0,0,2231.12,79.25,89.02,40
L,0.26,7,14.29,0.06,0.01,,4.61,807747,CHW,57.14,0,Sweeper,ST,0,0.5,2677.57,81.7,79.33,75
R,0,6,50,0.08,-0.91,,4.17,695020,CHW,50,0,Curveball,CU,0,0,2532.33,69.8,77.75,66.67
L,0,6,0,-0.96,0.46,,3.95,807747,CHW,0,0,Changeup,CH,0,0,1648.67,0,86.6,0
L,0.7,5,20,-0.38,1.85,,2.78,624512,CHW,20,0,Eephus,EP,0,0,946.4,0,41.08,0
L,0,4,50,1.01,-0.53,,2.22,624512,CHW,100,0,Slurve,SV,0,0,2931.5,77.7,79.85,50
L,0,2,0,-0.51,1.28,,1.11,624512,CHW,0,100,Split-Finger,FS,0,0,1008,67.9,84.5,0
L,0,2,100,1.42,0.19,,1.11,624512,CHW,100,0,Sweeper,ST,0,0,2581,0,82.25,0
L,0,2,0,-0.55,-0.44,,0.45,691019,CHW,0,0,Split-Finger,FS,0,0,1445,0,88.35,0
R,0,2,0,0,0,,1.39,695020,CHW,0,0,Unknown,UNK,0,0,0,0,0,0
R,0,1,100,-0.22,0.24,,0.69,695020,CHW,100,0,Split-Finger,FS,100,0,1417,0,79.5,100
R,0.28,530,29.62,-0.17,1.27,Dane Myers,32.82,667472,CIN,49.25,24.16,4-Seam Fastball,FF,14.9,0.22,2320.94,81.08,94.63,54.79
R,0.37,305,31.8,-0.49,0.55,Dane Myers,18.89,667472,CIN,58.69,28.57,Sinker,SI,8.89,0.33,2215.08,82.32,94.55,55.31
R,0.27,222,27.93,0.14,0.16,Dane Myers,13.75,667472,CIN,49.1,22.12,Slider,SL,27,0.25,2389.09,85.15,85.87,68.81
R,0.25,145,28.28,0.75,0.06,Dane Myers,8.98,667472,CIN,47.59,18.42,Sweeper,ST,24.14,0.26,2541.8,79.07,83.59,63.77
R,0.47,138,10.87,0.24,0.28,Dane Myers,8.54,667472,CIN,34.06,20.88,Changeup,CH,13.56,0.29,1773.86,85.6,85.75,85.11
R,0.38,119,31.09,-0.02,0.61,Dane Myers,7.37,667472,CIN,44.54,22.73,Cutter,FC,31.25,0.12,2383.68,79.09,88.71,62.26
R,0.15,95,25.26,-0.5,-0.95,Dane Myers,5.88,667472,CIN,41.05,28.57,Curveball,CU,12.12,0.2,2578.15,77.07,80.35,43.59
R,0.19,35,20,-0.17,0.22,Dane Myers,2.17,667472,CIN,31.43,45.83,Split-Finger,FS,23.81,0,1121.14,80.83,85.87,90.91
R,0.39,12,0,0.07,-0.76,Dane Myers,0.74,667472,CIN,33.33,25,Knuckle Curve,KC,0,0.5,2474.5,82.15,81.46,100
R,0.23,7,28.57,0.11,-0.45,Dane Myers,0.43,667472,CIN,0,28.57,Slurve,SV,100,0,2785.71,0,81.73,0
R,0,3,0,0,0,Dane Myers,0.19,667472,CIN,0,0,Unknown,UNK,0,0,0,0,0,0
R,0.18,2,0,-0.4,2.18,Dane Myers,0.12,667472,CIN,100,0,Eephus,EP,0,0,1332.5,72.9,48,50
R,1.09,2,0,-0.76,1.4,Dane Myers,0.12,667472,CIN,100,0,Other,FA,0,1,2100,100.6,75.4,100
R,0.4,1016,29.63,-0.35,1.27,Elly De La Cruz,31.51,682829,CIN,55.71,20.44,4-Seam Fastball,FF,17.26,0.24,2320.97,89.49,95.22,58.48
R,0.38,505,27.33,-0.6,0.29,Elly De La Cruz,15.66,682829,CIN,39.6,32.13,Changeup,CH,34.02,0.35,1800.69,79.07,86.48,71.5
R,0.17,452,37.17,0.26,-0.89,Elly De La Cruz,14.02,682829,CIN,37.83,30.6,Curveball,CU,40.74,0.13,2648.17,83.86,80.77,44.44
R,0.37,387,29.46,-0.59,0.63,Elly De La Cruz,12,682829,CIN,54.52,23.86,Sinker,SI,13.41,0.32,2216.4,89.62,94.62,57.82
R,0.45,270,33.7,0.05,0.12,Elly De La Cruz,8.37,682829,CIN,41.48,27.85,Slider,SL,33.03,0.31,2428.5,88,86.52,58.04
R,0.23,237,37.13,0.36,0.04,Elly De La Cruz,7.35,682829,CIN,43.04,25.19,Sweeper,ST,41.67,0.15,2532.17,77.41,83.85,49.02
R,0.47,171,28.07,0.02,0.7,Elly De La Cruz,5.3,682829,CIN,46.78,19.78,Cutter,FC,14.29,0.43,2382.96,82.57,89.25,56.25
R,0.22,119,34.45,-0.62,0.22,Elly De La Cruz,3.69,682829,CIN,46.22,26.56,Split-Finger,FS,50,0.18,1384.65,86.39,87.2,67.27
R,0.39,48,39.58,0.67,-0.99,Elly De La Cruz,1.49,682829,CIN,45.83,38.46,Knuckle Curve,KC,33.33,0.5,2617.25,93.44,80.31,50
R,0.3,12,50,0.68,-0.63,Elly De La Cruz,0.37,682829,CIN,50,66.67,Slurve,SV,50,0,2875.33,75.53,80.58,66.67
R,0.7,4,0,0,0,Elly De La Cruz,0.12,682829,CIN,0,0,Unknown,UNK,0,0,0,0,0,0
R,1.81,3,33.33,-0.17,2.11,Elly De La Cruz,0.09,682829,CIN,66.67,0,Eephus,EP,0,1,1315.33,108.5,48.3,50
R,0.36,775,29.42,-0.23,1.3,Eugenio Suárez,29.61,553993,CIN,45.81,23.1,4-Seam Fastball,FF,29.45,0.24,2332.91,85.26,95.15,69.3
R,0.28,593,30.52,-0.98,0.64,Eugenio Suárez,22.66,553993,CIN,63.74,20,Sinker,SI,11.51,0.17,2217.79,83.04,95.14,62.17
R,0.21,444,40.09,0.2,0.16,Eugenio Suárez,16.97,553993,CIN,39.41,37.92,Slider,SL,50.92,0.14,2442.12,83.39,86.77,66.29
R,0.23,212,41.98,0.85,0.02,Eugenio Suárez,8.1,553993,CIN,34.43,43.88,Sweeper,ST,51.49,0.19,2600.32,82.06,83.61,54.79
R,0.18,203,27.09,-0.28,0.4,Eugenio Suárez,7.76,553993,CIN,37.93,30.95,Changeup,CH,36.84,0.13,1785.78,78.07,85.19,72.73
R,0.4,138,28.99,0.1,0.63,Eugenio Suárez,5.27,553993,CIN,55.8,26.23,Cutter,FC,11.48,0.35,2405.59,87.75,90,58.44
R,0.44,133,28.57,0.01,-0.97,Eugenio Suárez,5.08,553993,CIN,36.09,25.88,Curveball,CU,44.83,0.39,2664.03,81.75,81.03,75
R,0.11,56,37.5,-0.74,0.26,Eugenio Suárez,2.14,553993,CIN,37.5,42.86,Split-Finger,FS,50,0.29,1467.8,84.24,87.93,61.9
R,0.08,35,40,0.4,-0.96,Eugenio Suárez,1.34,553993,CIN,37.14,31.82,Knuckle Curve,KC,44.44,0,2442.09,82.73,83.72,15.38
R,0.35,17,23.53,0.62,-0.57,Eugenio Suárez,0.65,553993,CIN,29.41,33.33,Slurve,SV,28.57,0,2869.65,76.96,81.46,60
R,0,9,0,0,0,Eugenio Suárez,0.34,553993,CIN,0,0,Unknown,UNK,0,0,0,0,0,0
R,0,2,0,-1.07,-0.18,Eugenio Suárez,0.08,553993,CIN,0,0,Forkball,FO,0,0,985,0,83.2,0
R,0.25,81,16.05,-0.53,1.18,Héctor Rodríguez,30,699302,CIN,37.04,23.53,4-Seam Fastball,FF,12.5,0.07,2331.22,82.6,95.3,66.67
R,0.23,44,20.45,-0.87,0.21,Héctor Rodríguez,16.3,699302,CIN,22.73,52.94,Changeup,CH,32.14,0.08,1555.14,88.79,86.66,100
R,0.57,41,4.88,-1.01,0.57,Héctor Rodríguez,15.19,699302,CIN,24.39,35.48,Sinker,SI,10,0.33,2151.66,88.22,94.19,90
R,0.15,36,44.44,0.1,0.03,Héctor Rodríguez,13.33,699302,CIN,63.89,38.46,Slider,SL,40,0.23,2320.53,71.6,86.26,65.22
R,0.05,21,38.1,0.83,-0.99,Héctor Rodríguez,7.78,699302,CIN,19.05,52.94,Curveball,CU,45.45,0,2516,85.14,81,50
R,0.02,14,57.14,0.44,-1.16,Héctor Rodríguez,5.19,699302,CIN,35.71,66.67,Knuckle Curve,KC,54.55,0,2508.93,79.28,80.91,100
R,0.33,13,23.08,0.23,0.61,Héctor Rodríguez,4.81,699302,CIN,53.85,0,Cutter,FC,33.33,0.33,2291.08,84.95,90.45,85.71
R,0.7,10,20,0.82,-0.68,Héctor Rodríguez,3.7,699302,CIN,40,0,Slurve,SV,0,0,2714.6,71.4,80.1,50
R,0,6,0,-1.16,0.21,Héctor Rodríguez,2.22,699302,CIN,33.33,0,Split-Finger,FS,0,0,1053.33,85.9,83.47,100
R,0,4,50,-0.83,0.24,Héctor Rodríguez,1.48,699302,CIN,100,0,Sweeper,ST,33.33,0,2579,64.4,89.38,75
R,0.41,720,20,-0.35,1.23,JJ Bleday,26.6,668709,CIN,57.08,14.89,4-Seam Fastball,FF,13.33,0.23,2317.07,83.77,95.06,76.4
R,0.29,527,28.46,-1.04,0.39,JJ Bleday,19.47,668709,CIN,41.18,27.42,Changeup,CH,40.23,0.18,1763.13,79.05,86.57,78.8
R,0.38,352,22.73,-0.21,0.62,JJ Bleday,13,668709,CIN,53.12,26.06,Sinker,SI,10.53,0.26,2211.69,86.57,94.71,68.45
R,0.23,312,33.01,0.03,0.13,JJ Bleday,11.53,668709,CIN,44.23,31.61,Slider,SL,35.42,0.25,2431.1,82.7,86.46,64.49
R,0.22,223,34.53,0.19,0.05,JJ Bleday,8.24,668709,CIN,46.19,15,Sweeper,ST,31.88,0.18,2521.14,81.28,82.72,49.51
R,0.5,205,26.83,0.46,-0.78,JJ Bleday,7.57,668709,CIN,37.56,17.19,Curveball,CU,36.07,0.25,2594.4,89.83,80.96,50.65
R,0.36,178,19.66,0.12,0.72,JJ Bleday,6.58,668709,CIN,61.8,16.18,Cutter,FC,12.77,0.21,2417.12,84.73,90.08,75.45
R,0.25,115,31.3,-0.73,0.3,JJ Bleday,4.25,668709,CIN,46.09,27.42,Split-Finger,FS,44.07,0.19,1496.44,76.35,86.78,79.25
R,0,27,37.04,0.7,-0.61,JJ Bleday,1,668709,CIN,51.85,30.77,Slurve,SV,33.33,0,2875.44,75.95,81.67,57.14
R,0.15,26,30.77,0.56,-0.94,JJ Bleday,0.96,668709,CIN,46.15,14.29,Knuckle Curve,KC,25,0,2532.08,96,83.05,50
R,1.02,10,0,0,0,JJ Bleday,0.37,668709,CIN,0,20,Unknown,UNK,0,1,0,83.65,0,0
R,0.37,8,0,-0.94,-0.02,JJ Bleday,0.3,668709,CIN,25,0,Forkball,FO,0,0,1104.5,94,82.3,100
R,0.01,4,0,-1.17,1.23,JJ Bleday,0.15,668709,CIN,0,50,Other,FA,0,1,1975,84.5,79.2,0
R,0.19,172,42.44,-0.31,1.31,Jose Trevino,28.06,624431,CIN,59.88,39.13,4-Seam Fastball,FF,22.89,0.22,2371.65,84.29,95.12,54.37
R,0.18,124,36.29,-0.9,0.69,Jose Trevino,20.23,624431,CIN,53.23,32.76,Sinker,SI,12,0.27,2178.17,82.59,94.86,46.97
R,0.29,105,25.71,0.18,0.14,Jose Trevino,17.13,624431,CIN,40.95,27.42,Slider,SL,25,0.25,2404.16,83.52,86.91,81.4
R,0.22,61,22.95,0.79,0.17,Jose Trevino,9.95,624431,CIN,57.38,38.46,Sweeper,ST,24.39,0.17,2581.43,74.29,82.53,88.57
R,0.21,53,28.3,0.7,0.52,Jose Trevino,8.65,624431,CIN,45.28,37.93,Changeup,CH,35.48,0.07,1904.11,69.71,85.08,83.33
R,0.35,40,42.5,0.1,0.62,Jose Trevino,6.53,624431,CIN,65,35.71,Cutter,FC,18.18,0.62,2405.7,81.59,89.74,65.38
R,0.17,35,20,0.05,-0.9,Jose Trevino,5.71,624431,CIN,25.71,38.46,Curveball,CU,25,0,2591,78.61,82.16,66.67
R,0.08,12,33.33,0.26,-0.83,Jose Trevino,1.96,624431,CIN,41.67,42.86,Knuckle Curve,KC,33.33,0,2544.33,83.25,83.87,60
R,0.19,5,20,-1.02,0.17,Jose Trevino,0.82,624431,CIN,40,33.33,Split-Finger,FS,0,0,1689.4,87.5,86.9,50
R,0.06,2,0,0,1.15,Jose Trevino,0.33,624431,CIN,0,100,Eephus,EP,0,0,1246,79.9,49.6,0
R,0,2,0,-0.64,1.48,Jose Trevino,0.33,624431,CIN,0,100,Other,FA,0,0,1959,67.6,69.8,0
R,0,2,0,0.36,-0.11,Jose Trevino,0.33,624431,CIN,0,0,Slurve,SV,0,0,2439,0,86.1,0
R,0.3,324,25,-0.26,1.32,Ke'Bryan Hayes,28.93,663647,CIN,44.44,32.78,4-Seam Fastball,FF,18,0.15,2326.8,85.88,94.27,63.19
R,0.37,242,29.75,-0.89,0.7,Ke'Bryan Hayes,21.61,663647,CIN,57.85,25.49,Sinker,SI,13.16,0.19,2208.01,89.89,93.87,62.86
R,0.18,157,36.94,0.98,0.08,Ke'Bryan Hayes,14.02,663647,CIN,38.85,39.58,Sweeper,ST,41.67,0.18,2569.01,79.95,83.95,55.74
R,0.46,120,39.17,0.19,0.18,Ke'Bryan Hayes,10.71,663647,CIN,54.17,23.64,Slider,SL,33.33,0.07,2445.53,85.69,86.67,53.85
R,0.16,79,44.3,0.38,-0.94,Ke'Bryan Hayes,7.05,663647,CIN,51.9,21.05,Curveball,CU,34.78,0,2625.86,84.35,80.5,36.59
R,0.17,74,32.43,0.17,0.59,Ke'Bryan Hayes,6.61,663647,CIN,52.7,28.57,Cutter,FC,20,0.12,2410.32,77.91,88.86,64.1
R,0.33,72,30.56,0.03,0.49,Ke'Bryan Hayes,6.43,663647,CIN,37.5,40,Changeup,CH,30.3,0.24,1683.35,79.23,84.98,55.56
R,0.64,22,4.55,0.13,-0.88,Ke'Bryan Hayes,1.96,663647,CIN,18.18,27.78,Knuckle Curve,KC,0,0,2427.23,65.53,82.42,75
R,0.18,18,27.78,-0.02,0.34,Ke'Bryan Hayes,1.61,663647,CIN,66.67,16.67,Split-Finger,FS,18.18,0.17,1409.39,76.03,86.56,83.33
R,0,6,0,1.09,-0.66,Ke'Bryan Hayes,0.54,663647,CIN,33.33,0,Slurve,SV,0,0,2953.67,64.2,79.7,100
R,0.91,4,0,-0.85,1.54,Ke'Bryan Hayes,0.36,663647,CIN,50,0,Other,FA,0,1,2028,83,74.4,100
R,0,2,0,0,0,Ke'Bryan Hayes,0.18,663647,CIN,0,0,Unknown,UNK,0,0,0,0,0,0
R,0.33,829,29.92,-0.39,1.3,Matt McLain,32.48,680574,CIN,48.37,24.53,4-Seam Fastball,FF,28.76,0.19,2338.21,82.51,94.84,68.33
R,0.39,454,28.85,-0.77,0.68,Matt McLain,17.79,680574,CIN,61.67,22.99,Sinker,SI,8.29,0.22,2236.93,80.48,94.48,58.93
R,0.3,409,36.19,0.2,0.14,Matt McLain,16.03,680574,CIN,39.61,32.79,Slider,SL,40.12,0.19,2429.08,80.12,86.54,56.17
R,0.28,284,28.52,0.91,0.1,Matt McLain,11.13,680574,CIN,44.01,22.64,Sweeper,ST,25.69,0.24,2623.63,79.94,83.46,58.4
R,0.25,168,24.4,0.16,0.42,Matt McLain,6.58,680574,CIN,38.69,28.16,Changeup,CH,27.63,0.13,1744.83,74.19,85.63,72.31
R,0.45,164,35.98,0.13,0.63,Matt McLain,6.43,680574,CIN,53.05,19.48,Cutter,FC,22.95,0.31,2430.99,81.27,89.08,52.87
R,0.35,146,28.08,0.34,-0.93,Matt McLain,5.72,680574,CIN,37.67,20.88,Curveball,CU,21.74,0.08,2703.14,81.84,80.84,49.09
R,0.2,36,22.22,-0.37,0.3,Matt McLain,1.41,680574,CIN,27.78,23.08,Split-Finger,FS,41.67,0.11,1353.75,91.07,85.53,60
R,0.49,35,22.86,0.6,-0.78,Matt McLain,1.37,680574,CIN,22.86,33.33,Knuckle Curve,KC,35.71,0.43,2486.17,93.01,82.09,62.5
R,0.34,11,18.18,-0.2,1.62,Matt McLain,0.43,680574,CIN,9.09,40,Eephus,EP,0,0,1215.55,93.58,46.55,100
R,0.09,11,27.27,0.5,-0.63,Matt McLain,0.43,680574,CIN,63.64,0,Slurve,SV,0,0,2834.82,91.87,80.14,42.86
R,0.8,4,50,-0.68,1.48,Matt McLain,0.16,680574,CIN,50,0,Other,FA,0,1,2000.5,102.2,73.25,100
R,0,1,0,0,0,Matt McLain,0.04,680574,CIN,0,0,Unknown,UNK,0,0,0,0,0,0
R,0.31,50,42,-0.19,1.23,Michael Toglia,33.56,669911,CIN,68,18.75,4-Seam Fastball,FF,33.33,0.08,2302.18,84.99,95.28,61.76
R,0,32,37.5,-0.83,0.02,Michael Toglia,21.48,669911,CIN,18.75,26.92,Changeup,CH,76.92,0,1763.12,84.2,86.56,100
R,0.24,24,33.33,-1.37,0.59,Michael Toglia,16.11,669911,CIN,70.83,28.57,Sinker,SI,0,0.17,2337.96,83.64,96.91,52.94
R,0,17,23.53,0.12,-0.12,Michael Toglia,11.41,669911,CIN,41.18,20,Slider,SL,28.57,0,2437.18,86.8,85.64,71.43
R,0.21,12,25,0.08,-0.92,Michael Toglia,8.05,669911,CIN,50,16.67,Curveball,CU,20,0,2812.83,82.22,79.79,66.67
R,0,6,66.67,0.4,0.5,Michael Toglia,4.03,669911,CIN,66.67,50,Cutter,FC,50,0,2371.83,68,90.12,25
R,0.36,3,66.67,0.16,-1.04,Michael Toglia,2.01,669911,CIN,66.67,100,Knuckle Curve,KC,50,0.5,2699.67,99.8,79,50
R,0,3,100,1.3,-0.12,Michael Toglia,2.01,669911,CIN,100,0,Sweeper,ST,0,0,2383,0,83.8,0
R,0,1,0,-1.01,-0.54,Michael Toglia,0.67,669911,CIN,0,0,Slurve,SV,0,0,2682,0,81.4,0
R,0,1,0,-1,0.79,Michael Toglia,0.67,669911,CIN,0,0,Split-Finger,FS,0,0,1371,0,91.3,0
R,0.16,314,29.94,-0.17,1.24,Noelvi Marte,25.67,682622,CIN,51.91,39.74,4-Seam Fastball,FF,19.11,0.18,2332.37,83.11,95.4,59.51
R,0.27,265,31.7,-0.78,0.62,Noelvi Marte,21.67,682622,CIN,52.45,30.95,Sinker,SI,23.14,0.2,2208.46,83.58,95.46,58.99
R,0.28,193,26.42,0.32,0.07,Noelvi Marte,15.78,682622,CIN,44.56,57.94,Slider,SL,28.36,0.11,2511.8,82.44,86.08,83.72
R,0.2,135,34.07,0.87,0.07,Noelvi Marte,11.04,682622,CIN,31.11,46.24,Sweeper,ST,38.81,0.19,2584.45,74.91,84.55,57.14
R,0.3,85,27.06,-0.23,0.39,Noelvi Marte,6.95,682622,CIN,41.18,40,Changeup,CH,31.25,0.33,1713.51,77.95,85.18,80
R,0.52,78,25.64,0.03,-0.92,Noelvi Marte,6.38,682622,CIN,29.49,45.45,Curveball,CU,28.95,0.31,2620.26,86.92,81.94,56.52
R,0.26,75,18.67,0.14,0.64,Noelvi Marte,6.13,682622,CIN,46.67,35,Cutter,FC,14.63,0.26,2464.55,84.74,90.69,77.14
R,0.13,37,16.22,-0.55,-0.06,Noelvi Marte,3.03,682622,CIN,24.32,42.86,Split-Finger,FS,23.53,0.11,1555.95,83.72,87.43,55.56
R,0.08,29,27.59,0.6,-0.68,Noelvi Marte,2.37,682622,CIN,20.69,60.87,Knuckle Curve,KC,33.33,0,2463.31,73.78,85.92,66.67
R,0.7,8,0,-0.24,1.15,Noelvi Marte,0.65,682622,CIN,0,0,Eephus,EP,0,0,1224.5,0,47.88,0
R,0,4,100,1.12,-0.47,Noelvi Marte,0.33,682622,CIN,100,0,Slurve,SV,100,0,2949.5,0,80.6,50
R,0.37,857,34.66,-0.31,1.29,Sal Stewart,24.27,701398,CIN,53.33,38.25,4-Seam Fastball,FF,33.69,0.29,2336.46,86.57,95.34,67.83
R,0.42,711,27.14,-0.81,0.66,Sal Stewart,20.14,701398,CIN,58.09,25.5,Sinker,SI,15.27,0.28,2224.03,87.35,94.78,65.62
R,0.33,574,22.65,0.19,0.13,Sal Stewart,16.26,701398,CIN,44.77,24.61,Slider,SL,19.37,0.24,2455.67,84.34,86.98,68.09
R,0.28,465,24.09,0.88,0.11,Sal Stewart,13.17,701398,CIN,43.23,32.95,Sweeper,ST,23.48,0.18,2609.49,82.02,83.81,71.14
R,0.37,290,21.03,0.08,0.44,Sal Stewart,8.21,701398,CIN,37.59,26.52,Changeup,CH,24.24,0.33,1709.79,74.74,85.73,77.06
R,0.28,242,23.55,0.26,-0.86,Sal Stewart,6.85,701398,CIN,34.3,26.42,Curveball,CU,23.96,0.3,2648.26,80.35,80.93,65.06
R,0.41,214,23.36,0.15,0.7,Sal Stewart,6.06,701398,CIN,47.2,29.2,Cutter,FC,22.52,0.37,2405.1,84.79,90.02,77.23
R,0.44,70,25.71,-0.46,0.23,Sal Stewart,1.98,701398,CIN,40,47.62,Split-Finger,FS,31.82,0.22,1395.14,88.22,86.44,85.71
R,0.13,40,25,0.33,-0.72,Sal Stewart,1.13,701398,CIN,47.5,47.62,Knuckle Curve,KC,17.39,0.08,2402.57,81.72,83.21,68.42
R,0,31,6.45,0,0,Sal Stewart,0.88,701398,CIN,0,3.23,Unknown,UNK,0,0,0,92.2,0,0
R,0.32,26,26.92,0.38,-0.61,Sal Stewart,0.74,701398,CIN,46.15,57.14,Slurve,SV,23.53,0.5,2860,80.25,81.33,75
R,0.7,10,20,-0.33,1.4,Sal Stewart,0.28,701398,CIN,0,20,Other,FA,0,0,2088.2,68.3,80.08,0
R,0.14,1,0,-0.1,2.19,Sal Stewart,0.03,701398,CIN,0,100,Eephus,EP,0,0,1276,94.7,48.3,0
R,0.22,616,27.44,-0.56,1.25,TJ Friedl,41.51,670770,CIN,54.55,21.07,4-Seam Fastball,FF,12.83,0.15,2324.8,80.38,94.6,61.31
R,0.13,219,32.42,-1.16,0.33,TJ Friedl,14.76,670770,CIN,30.14,41.18,Changeup,CH,50.89,0.02,1738.05,78.27,87.5,74.24
R,0.36,204,22.06,-0.46,0.68,TJ Friedl,13.75,670770,CIN,59.31,13.25,Sinker,SI,4.35,0.24,2203.25,84.47,94.23,66.94
R,0.28,118,28.81,0.91,-0.82,TJ Friedl,7.95,670770,CIN,43.22,14.93,Curveball,CU,29.73,0.18,2672.89,84.89,79.68,52.94
R,0.25,105,26.67,0.14,0.19,TJ Friedl,7.08,670770,CIN,47.62,12.73,Slider,SL,32.5,0.05,2397.09,82.69,86.41,66
R,0.13,71,29.58,0.18,0.14,TJ Friedl,4.78,670770,CIN,38.03,34.09,Sweeper,ST,32.26,0.17,2542.21,66.21,83.68,59.26
R,0.29,70,34.29,-0.92,0.14,TJ Friedl,4.72,670770,CIN,47.14,40.54,Split-Finger,FS,39.47,0.31,1510.93,76.97,87.48,69.7
R,0.31,66,24.24,0.14,0.71,TJ Friedl,4.45,670770,CIN,50,21.21,Cutter,FC,10.71,0.23,2414.29,80.33,88.9,63.64
R,0.09,15,20,0.61,-0.69,TJ Friedl,1.01,670770,CIN,46.67,0,Knuckle Curve,KC,0,0.2,2656.67,60.4,82.72,57.14
R,0.38,682,29.77,-0.44,1.28,Tyler Stephenson,29.58,663886,CIN,58.5,24.73,4-Seam Fastball,FF,23.12,0.22,2327.66,84.65,94.96,69.17
R,0.25,396,33.08,0.18,0.12,Tyler Stephenson,17.17,663886,CIN,49.75,27.14,Slider,SL,35.91,0.22,2419.67,82.39,86.7,64.47
R,0.49,326,26.69,-0.76,0.67,Tyler Stephenson,14.14,663886,CIN,57.36,20.86,Sinker,SI,10.34,0.4,2229.56,89.99,93.94,62.03
R,0.24,276,23.55,0.82,0.08,Tyler Stephenson,11.97,663886,CIN,39.13,20.24,Sweeper,ST,27.72,0.2,2598.26,78.58,83.3,62.04
R,0.24,210,20.48,-0.16,0.42,Tyler Stephenson,9.11,663886,CIN,40,23.02,Changeup,CH,22.99,0.05,1755.66,85.2,85.56,69.05
R,0.27,186,32.26,0.1,0.61,Tyler Stephenson,8.07,663886,CIN,55.38,10.84,Cutter,FC,21.25,0.17,2459.24,84.82,90.1,68.93
R,0.27,128,28.12,0.14,-0.94,Tyler Stephenson,5.55,663886,CIN,46.88,25,Curveball,CU,25,0.31,2594.7,78.64,80.13,58.33
R,0.05,58,37.93,-0.62,0.31,Tyler Stephenson,2.52,663886,CIN,43.1,30.3,Split-Finger,FS,51.85,0,1500.09,78.36,88.48,68
R,0,21,23.81,0.28,-0.66,Tyler Stephenson,0.91,663886,CIN,42.86,16.67,Knuckle Curve,KC,33.33,0,2518.57,49.9,82.1,44.44
R,0.19,11,18.18,0.94,-0.64,Tyler Stephenson,0.48,663886,CIN,45.45,0,Slurve,SV,0,1,2884.64,84.8,80.25,60
R,0,8,0,0,0,Tyler Stephenson,0.35,663886,CIN,0,0,Unknown,UNK,0,0,0,0,0,0
R,0,4,50,-0.93,0.24,Tyler Stephenson,0.17,663886,CIN,0,50,Forkball,FO,100,0,1109.5,0,83.9,0
R,0.34,662,29.91,-0.38,1.26,,27.79,668715,CIN,49.4,24.78,4-Seam Fastball,FF,26.1,0.18,2347.89,85.11,94.89,64.83
R,0.37,579,31.95,-0.75,0.69,,24.31,668715,CIN,57.51,23.98,Sinker,SI,13.64,0.28,2230.67,83.05,94.41,54.95
R,0.35,309,23.3,0.34,0.16,,12.97,668715,CIN,42.39,28.65,Slider,SL,28.03,0.25,2416.18,86.31,86.25,80.92
L,0.37,273,21.61,-0.31,1.22,,32.69,695490,CIN,58.24,36.84,4-Seam Fastball,FF,13.66,0.27,2336.17,82.37,95,74.84
R,0.34,249,30.12,-0.28,1.32,,29.02,694362,CIN,55.82,25.45,4-Seam Fastball,FF,14.81,0.25,2333.2,78.61,94.44,57.55
R,0.29,237,20.68,0.7,0.03,,9.95,668715,CIN,41.35,23.74,Sweeper,ST,17.82,0.24,2622.64,86.07,83.06,69.39
L,0.34,214,31.78,-0.72,1.29,,30.4,666181,CIN,64.49,35.53,4-Seam Fastball,FF,19.27,0.19,2348.98,81.15,95.57,59.42
R,0.21,213,27.23,0.07,0.42,,8.94,668715,CIN,42.72,35.25,Changeup,CH,32.17,0.18,1761.42,81.33,84.66,79.12
R,0.18,166,36.75,0.17,0.14,,19.35,694362,CIN,54.82,38.67,Slider,SL,35.56,0.18,2404.32,88.59,86.39,67.03
R,0.28,164,27.44,-0.6,0.71,,19.11,694362,CIN,62.2,25.81,Sinker,SI,8.43,0.25,2199,84.54,94.45,65.69
L,0.17,153,26.14,-1.24,0.36,,21.73,666181,CIN,30.72,17.92,Changeup,CH,50,0.1,1817.86,82.72,87.36,78.72
R,0.29,151,27.81,0.3,-0.75,,6.34,668715,CIN,39.74,24.18,Curveball,CU,20,0.19,2588.31,81.64,80.72,46.67
R,0.39,138,28.26,0.2,0.7,,5.79,668715,CIN,61.59,16.98,Cutter,FC,16.18,0.44,2456.32,81.37,89.61,69.41
L,0.36,133,15.79,-0.74,0.39,,15.93,695490,CIN,42.11,45.45,Changeup,CH,23.6,0.37,1742.01,83.92,86.02,96.43
L,0.13,114,25.44,0.22,-0.98,,13.65,695490,CIN,37.72,33.8,Curveball,CU,29.09,0.12,2540.4,80.39,80.93,72.09
L,0.24,111,31.53,0.75,-0.86,,15.77,666181,CIN,29.73,21.79,Curveball,CU,48.78,0.11,2618.69,91.88,81.51,72.73
L,0.22,90,34.44,0.16,0.1,,10.78,695490,CIN,48.89,50,Slider,SL,37.93,0.16,2427.4,86.21,86.87,79.55
L,0.28,75,24,-0.73,0.71,,8.98,695490,CIN,57.33,40.62,Sinker,SI,16.28,0.12,2262,84.02,95.92,69.77
R,0.41,72,11.11,0,0.71,,8.39,694362,CIN,38.89,25,Cutter,FC,11.43,0.31,2388.71,73.61,90.09,85.71
R,0.2,69,33.33,0.05,0.56,,8.04,694362,CIN,40.58,26.83,Changeup,CH,36,0.41,1821.26,64.93,84.36,50
R,0.34,58,25.86,-1,0.59,,29.29,664731,CIN,63.79,4.76,Sinker,SI,0,0.17,2190.6,72.91,94.37,48.65
R,0.62,55,20,-0.28,0.36,,2.31,668715,CIN,43.64,19.35,Split-Finger,FS,12.5,0.55,1444.85,82.23,88.08,75
R,0.22,55,32.73,0.99,0.03,,6.41,694362,CIN,36.36,34.29,Sweeper,ST,48.15,0.33,2636.47,73.2,83.7,75
R,0.22,54,33.33,-0.62,1.36,,27.27,664731,CIN,62.96,0,4-Seam Fastball,FF,10,0.25,2266.85,85.68,95.1,58.82
R,0.35,54,25.93,-0.28,0.78,,20.45,677956,CIN,42.59,38.71,Sinker,SI,8,0.23,2200.59,81.5,92.74,56.52
L,0.78,53,18.87,-1.24,0.64,,7.53,666181,CIN,37.74,9.09,Sinker,SI,6.25,0.5,2232.58,88.99,94.2,65
L,0.25,53,20.75,0.16,0.73,,6.35,695490,CIN,45.28,24.14,Cutter,FC,25.93,0.11,2501.13,82.35,92.15,83.33
L,0.11,49,24.49,0.13,0.17,,6.96,666181,CIN,40.82,27.59,Slider,SL,40.91,0,2428.86,81.3,86.71,70
R,0.04,44,52.27,0.7,0.02,,16.67,677956,CIN,27.27,50,Sweeper,ST,78.26,0,2561.66,59.73,80.84,58.33
L,0.38,44,22.73,0.67,-0.13,,5.27,695490,CIN,36.36,39.29,Sweeper,ST,29.17,0.4,2581.55,76.67,84.55,81.25
L,0.13,41,24.39,1,0.23,,5.82,666181,CIN,41.46,12.5,Sweeper,ST,33.33,0,2662.44,73.23,83.6,70.59
R,0.41,41,36.59,-0.22,-0.8,,4.78,694362,CIN,39.02,44,Curveball,CU,25,0.27,2613.73,85.2,80.03,31.25
R,0.25,37,40.54,-0.06,1.34,,34.91,671155,CIN,51.35,44.44,4-Seam Fastball,FF,47.37,0.25,2422.76,79.09,96.02,57.89
R,0,36,41.67,0.69,0.5,,13.64,677956,CIN,41.67,47.62,Changeup,CH,60,0,1830.97,70.09,84.16,100
R,0.19,36,27.78,0.18,0.3,,13.64,677956,CIN,27.78,26.92,Slider,SL,56.25,0.22,2414.67,91.77,86.11,90
L,0.32,32,43.75,0.33,0.56,,4.55,666181,CIN,78.12,0,Cutter,FC,21.43,0.14,2391,82.15,88.61,56
R,0.09,32,43.75,-0.41,-1.22,,30.19,671155,CIN,37.5,40,Curveball,CU,62.5,0,2652.25,79.2,80.49,66.67
R,0.17,31,29.03,-0.41,1.43,,11.74,677956,CIN,54.84,28.57,4-Seam Fastball,FF,36.84,0.15,2290.52,88.1,93.23,88.24
R,0.03,29,34.48,0.18,0.01,,14.65,664731,CIN,17.24,33.33,Slider,SL,69.23,0,2435.69,75.95,87.59,100
R,0.04,29,34.48,-0.68,-1.15,,10.98,677956,CIN,20.69,69.57,Curveball,CU,40,0,2748.86,85.62,78.64,66.67
R,0.53,26,38.46,0.61,-0.56,,1.09,668715,CIN,50,30.77,Knuckle Curve,KC,36.36,0.57,2423.69,82.78,83.05,53.85
L,0.04,25,8,-0.94,0.15,,3.55,666181,CIN,40,13.33,Split-Finger,FS,18.18,0.4,1509.76,81.53,88.36,90
L,0.4,20,20,0.54,-0.83,,2.4,695490,CIN,40,16.67,Knuckle Curve,KC,25,0.5,2535.95,79.37,82.3,75
L,0.37,19,15.79,-0.5,0.19,,2.28,695490,CIN,15.79,62.5,Split-Finger,FS,16.67,0.33,1489.05,79.34,85.83,66.67
R,0.01,17,17.65,-1.01,0.04,,6.44,677956,CIN,35.29,45.45,Split-Finger,FS,20,0,1573.12,52.82,88.39,83.33
R,0.22,16,31.25,1.09,0.07,,8.08,664731,CIN,56.25,28.57,Sweeper,ST,25,0,2734.25,71.9,84.49,66.67
L,0.18,14,42.86,1.06,-0.77,,1.99,666181,CIN,57.14,33.33,Knuckle Curve,KC,60,0,2578.36,90.6,79.86,100
R,0.36,13,46.15,0.71,0.05,,12.26,671155,CIN,46.15,57.14,Sweeper,ST,33.33,0,2626.54,57.1,84.67,33.33
R,0.57,12,50,1.1,-0.6,,6.06,664731,CIN,66.67,100,Knuckle Curve,KC,25,0.67,2507.17,73.67,82.68,50
R,0.23,12,25,0.29,0.44,,4.55,677956,CIN,58.33,20,Cutter,FC,16.67,0,2171.92,87.82,87.32,71.43
L,0.49,12,33.33,0.58,-0.44,,1.44,695490,CIN,66.67,50,Slurve,SV,25,0.5,2772.67,89.1,83.47,75
R,0,11,9.09,-0.94,0.26,,5.56,664731,CIN,18.18,11.11,Changeup,CH,33.33,0,2222.73,0,83.18,100
R,0,10,40,0.28,-0.17,,9.43,671155,CIN,20,25,Slider,SL,100,0,2759.4,0,86.62,0
R,0,10,20,-0.64,1.51,,1.17,694362,CIN,40,0,Other,FA,0,0,2266,77.05,83.42,100
R,0.2,9,0,0.7,-0.9,,1.05,694362,CIN,33.33,0,Knuckle Curve,KC,0,0.33,2719.56,75.47,80.28,100
R,0.07,9,11.11,0.5,0.6,,1.05,694362,CIN,66.67,33.33,Split-Finger,FS,14.29,0.25,1343.22,64.74,84.29,100
R,0.9,8,12.5,1.13,-0.81,,4.04,664731,CIN,62.5,0,Curveball,CU,0,1,3073,79.1,77.69,80
L,0,8,0,0,0,,1.14,666181,CIN,0,0,Unknown,UNK,0,0,0,0,0,0
R,0,8,25,0.74,1.04,,7.55,671155,CIN,0,25,Changeup,CH,100,0,1487,0,80.62,0
R,0,6,66.67,-1.08,-0.19,,3.03,664731,CIN,66.67,0,Split-Finger,FS,0,0,1615.67,0,90.23,0
R,0.12,6,66.67,-0.82,1.49,,0.25,668715,CIN,0,33.33,Other,FA,0,0,2060.33,92.2,77.93,0
R,0,6,33.33,0.45,0.33,,33.33,677943,CIN,33.33,50,Slider,SL,50,0,2299,71.9,88.13,100
R,0,6,33.33,0.22,0.92,,0.7,694362,CIN,33.33,0,Eephus,EP,0,0,1355,84.5,48.07,100
R,0,5,0,-0.19,-0.63,,1.89,677956,CIN,0,0,Knuckle Curve,KC,0,0,2455,0,80.98,0
R,0,4,75,0.1,0.76,,2.02,664731,CIN,50,50,Cutter,FC,100,0,2266.75,0,86.88,100
R,0,4,100,1,-0.44,,0.17,668715,CIN,100,0,Slurve,SV,100,0,2851.5,0,82.05,50
R,0.06,4,0,1.25,0.62,,3.77,671155,CIN,50,0,Sinker,SI,0,0,1905.5,90.8,96,100
R,0.03,4,25,0.63,1.18,,22.22,677943,CIN,75,0,4-Seam Fastball,FF,0,0,2293.75,74.85,91.35,66.67
R,0,4,0,-0.7,0.04,,0.47,694362,CIN,50,0,Forkball,FO,0,0,1247.5,84.8,83.25,100
R,0,3,0,-1.12,0.84,,16.67,677943,CIN,0,100,Sinker,SI,0,0,2255.67,66.7,95.1,0
L,0,2,0,-0.51,1.28,,0.28,666181,CIN,0,0,Eephus,EP,0,0,1089,0,47.1,0
L,0.91,2,0,-0.53,1.23,,0.28,666181,CIN,100,0,Other,FA,0,1,1939,104,70.3,100
R,0,2,0,-0.4,1.03,,0.08,668715,CIN,0,0,Pitch Out,PO,0,0,2058,0,92.3,0
R,0,2,100,-0.16,0.74,,1.89,671155,CIN,100,0,Cutter,FC,0,0,2000,0,86.2,0
R,0,2,0,1.17,0.28,,11.11,677943,CIN,0,50,Changeup,CH,0,0,1692,0,84.2,0
R,0.25,2,0,-1.22,-0.08,,11.11,677943,CIN,100,0,Slurve,SV,0,0,2396,99.5,80.3,100
R,0.28,2,0,0.5,-0.19,,0.23,694362,CIN,100,0,Slurve,SV,0,1,2501,91.8,87.3,100
R,0,2,50,0,0,,0.23,694362,CIN,0,50,Unknown,UNK,0,0,0,93.6,0,0
L,0.9,2,0,-0.11,0.96,,0.24,695490,CIN,100,0,Eephus,EP,0,1,1368,93.2,48.4,100
R,0,1,0,-0.7,-0.91,,5.56,677943,CIN,0,0,Curveball,CU,0,0,2302,0,77,0
R,0.42,93,15.05,-0.14,1.27,Angel Genao,26.05,694197,CLE,49.46,19.15,4-Seam Fastball,FF,4.88,0.45,2284.86,88.85,94.07,69.57
R,0.25,77,28.57,-0.57,0.61,Angel Genao,21.57,694197,CLE,62.34,17.24,Sinker,SI,5,0.16,2228.17,92.52,94.54,72.92
R,0.27,55,5.45,-0.25,0.37,Angel Genao,15.41,694197,CLE,20,29.55,Changeup,CH,4.55,0.15,1912.02,90.57,86.02,81.82
R,0.15,33,27.27,0.38,-0.8,Angel Genao,9.24,694197,CLE,39.39,45,Curveball,CU,26.67,0.18,2664.97,77.22,81.42,46.15
R,0.34,32,46.88,0.05,0.72,Angel Genao,8.96,694197,CLE,59.38,23.08,Cutter,FC,43.75,0.2,2542.62,77.1,91.89,68.42
R,0.16,30,36.67,0,-0.13,Angel Genao,8.4,694197,CLE,26.67,54.55,Slider,SL,25,0.12,2432.17,79.06,84.14,50
R,0.24,19,42.11,0.12,-0.07,Angel Genao,5.32,694197,CLE,47.37,50,Sweeper,ST,40,0.33,2655.16,92.1,83.45,55.56
R,0,12,8.33,-0.77,0.56,Angel Genao,3.36,694197,CLE,16.67,10,Split-Finger,FS,0,0,1453.25,63.9,85.12,50
R,0,4,100,0.86,-0.72,Angel Genao,1.12,694197,CLE,100,0,Knuckle Curve,KC,0,0,2855.5,0,78.8,0
R,0,2,0,-1.23,-0.94,Angel Genao,0.56,694197,CLE,0,0,Slurve,SV,0,0,2834,0,79.8,0
R,0.35,549,21.31,-0.15,1.34,Angel Martínez,29.74,682657,CLE,55.56,25.41,4-Seam Fastball,FF,11.85,0.19,2301.19,80.17,94.61,73.77
R,0.22,271,36.9,-0.47,0.63,Angel Martínez,14.68,682657,CLE,55.72,31.67,Sinker,SI,14.81,0.23,2224.04,84.89,94.46,46.36
R,0.27,261,21.07,0.01,0.4,Angel Martínez,14.14,682657,CLE,37.55,61.35,Changeup,CH,19.43,0.2,1759.34,80.28,86.01,76.53
R,0.36,193,33.16,0.16,0.13,Angel Martínez,10.46,682657,CLE,51.81,55.91,Slider,SL,23.77,0.26,2441.63,82.01,86.36,70
R,0.52,138,28.99,0.41,-0.85,Angel Martínez,7.48,682657,CLE,40.58,36.59,Curveball,CU,23.73,0.38,2674.97,84.18,80.24,51.79
R,0.5,135,20.74,0.1,0.66,Angel Martínez,7.31,682657,CLE,57.04,36.21,Cutter,FC,10.26,0.43,2363.01,83.54,89.51,74.03
R,0.22,127,18.11,-0.48,0.37,Angel Martínez,6.88,682657,CLE,22.83,58.16,Split-Finger,FS,22.22,0.14,1329.39,77.37,86.29,82.76
R,0.1,114,37.72,0.72,-0.1,Angel Martínez,6.18,682657,CLE,45.61,37.1,Sweeper,ST,33.33,0.16,2556.97,77.92,82.68,53.85
R,0.25,38,26.32,0.33,-0.78,Angel Martínez,2.06,682657,CLE,39.47,65.22,Knuckle Curve,KC,20,0.4,2448.32,76.67,84.8,66.67
R,0,7,85.71,-0.71,0.54,Angel Martínez,0.38,682657,CLE,28.57,80,Forkball,FO,100,0,1244.86,0,83.41,0
R,0,7,42.86,-0.66,-0.49,Angel Martínez,0.38,682657,CLE,28.57,0,Slurve,SV,0,0,2725.14,0,81.79,0
R,0.38,6,16.67,0,0,Angel Martínez,0.33,682657,CLE,0,66.67,Unknown,UNK,25,0,0,86.27,0,0
R,0.31,411,25.55,0.04,1.34,Austin Hedges,34.51,595978,CLE,53.04,22.28,4-Seam Fastball,FF,17.53,0.31,2309.93,82.22,94.53,69.27
R,0.33,215,29.3,0.05,0.63,Austin Hedges,18.05,595978,CLE,57.67,29.67,Sinker,SI,6.67,0.31,2207.4,80.42,94.1,50.81
R,0.22,183,28.96,0.09,0.13,Austin Hedges,15.37,595978,CLE,40.44,27.52,Slider,SL,26.03,0.14,2441.61,80.36,86.57,58.11
R,0.21,118,30.51,0.19,0.63,Austin Hedges,9.91,595978,CLE,46.61,28.57,Cutter,FC,30,0.37,2460.02,74.21,89.66,76.36
R,0.16,90,33.33,0.4,0.04,Austin Hedges,7.56,595978,CLE,44.44,44,Sweeper,ST,36.73,0.14,2552.66,76,81.27,67.5
R,0.3,80,21.25,0.96,0.44,Austin Hedges,6.72,595978,CLE,37.5,34,Changeup,CH,26.32,0.24,1830.8,77.7,85.25,70
R,0.23,61,29.51,-0.26,-0.85,Austin Hedges,5.12,595978,CLE,40.98,8.33,Curveball,CU,33.33,0,2649.8,79.12,80.59,48
R,0.12,21,19.05,0.62,-0.91,Austin Hedges,1.76,595978,CLE,47.62,0,Knuckle Curve,KC,0,0,2653.29,72.03,84.7,80
R,0,6,33.33,-1.41,-0.15,Austin Hedges,0.5,595978,CLE,33.33,0,Slurve,SV,0,0,2665.33,0,82.13,0
R,0.66,6,0,0.04,0.56,Austin Hedges,0.5,595978,CLE,33.33,0,Split-Finger,FS,0,1,1280.33,106.5,83.7,100
R,0.33,884,23.42,-0.21,1.31,Brayan Rocchio,30.42,677587,CLE,54.07,33,4-Seam Fastball,FF,14.44,0.28,2309.59,82.18,94.65,70.5
R,0.26,452,26.11,-0.33,0.36,Brayan Rocchio,15.55,677587,CLE,35.84,41.03,Changeup,CH,32.02,0.24,1749.55,79.98,86.24,82.72
R,0.3,420,20.95,-0.47,0.62,Brayan Rocchio,14.45,677587,CLE,56.9,27.62,Sinker,SI,7.94,0.27,2231.66,81.64,94.26,68.62
R,0.29,383,28.2,0.05,0.15,Brayan Rocchio,13.18,677587,CLE,41.78,31.39,Slider,SL,25.3,0.2,2428.28,81.51,86.07,60
R,0.18,216,37.96,0.27,-0.98,Brayan Rocchio,7.43,677587,CLE,42.59,37.1,Curveball,CU,33.72,0.12,2626.75,73.59,79.93,43.48
R,0.33,211,23.22,0.1,0.65,Brayan Rocchio,7.26,677587,CLE,47.39,32.43,Cutter,FC,16.67,0.2,2317,78.92,89.08,78
R,0.28,175,28,0.63,0.12,Brayan Rocchio,6.02,677587,CLE,42.29,21.78,Sweeper,ST,20.97,0.22,2613.13,82.72,81.86,54.05
R,0.21,100,22,-0.87,0.33,Brayan Rocchio,3.44,677587,CLE,38,35.48,Split-Finger,FS,24.53,0.13,1518.65,82.72,87.34,81.58
R,0.08,50,36,0.56,-0.81,Brayan Rocchio,1.72,677587,CLE,36,37.5,Knuckle Curve,KC,43.48,0.33,2595.58,75.46,82.76,61.11
R,0.38,8,12.5,0,0,Brayan Rocchio,0.28,677587,CLE,0,62.5,Unknown,UNK,20,1,0,67.18,0,0
R,0,4,0,-1.44,-0.48,Brayan Rocchio,0.14,677587,CLE,50,0,Slurve,SV,0,0,2765.5,0,81.75,0
R,0,3,0,-0.59,-0.2,Brayan Rocchio,0.1,677587,CLE,0,0,Forkball,FO,0,0,564.67,0,86.27,0
R,0.35,880,24.43,-0.27,1.27,Chase DeLauter,31.63,800050,CLE,55.57,22.76,4-Seam Fastball,FF,14.11,0.31,2308.16,84.4,94.82,67.28
R,0.38,405,21.73,0.1,0.61,Chase DeLauter,14.56,800050,CLE,50.62,22,Sinker,SI,2.99,0.38,2208.28,83.83,93.64,60
R,0.29,354,17.8,-0.96,0.38,Chase DeLauter,12.72,800050,CLE,34.18,24.03,Changeup,CH,15.6,0.25,1729.23,85.22,87.45,70.25
R,0.37,344,25,-0.12,0.12,Chase DeLauter,12.37,800050,CLE,45.93,21.51,Slider,SL,23.02,0.34,2409.63,84.32,85.36,62.66
R,0.32,251,17.93,0.08,0.09,Chase DeLauter,9.02,800050,CLE,39.04,9.8,Sweeper,ST,14.47,0.27,2629.06,84.15,81.35,62.24
R,0.35,186,22.04,0.18,0.69,Chase DeLauter,6.69,800050,CLE,46.24,25,Cutter,FC,17.07,0.18,2440.44,78.4,90.33,66.28
R,0.31,149,26.17,0.38,-0.83,Chase DeLauter,5.36,800050,CLE,40.94,19.32,Curveball,CU,15.69,0.19,2701.91,83.2,80.12,55.74
R,0.37,116,18.1,-0.95,0.38,Chase DeLauter,4.17,800050,CLE,53.45,24.07,Split-Finger,FS,10.17,0.24,1510.34,88.14,87.15,74.19
R,0.35,43,23.26,0.62,-0.87,Chase DeLauter,1.55,800050,CLE,34.88,21.43,Knuckle Curve,KC,21.43,0.29,2519.42,76.45,81.63,53.33
R,0.27,29,41.38,-0.6,-0.22,Chase DeLauter,1.04,800050,CLE,44.83,25,Slurve,SV,36.36,0,2486.76,83.96,82.46,53.85
R,0,13,7.69,0,0,Chase DeLauter,0.47,800050,CLE,0,15.38,Unknown,UNK,0,0,0,95.35,0,0
R,0.03,6,33.33,-0.24,1.47,Chase DeLauter,0.22,800050,CLE,33.33,50,Eephus,EP,0,0,1278,77.8,50.97,0
R,0,6,33.33,-0.54,-0.31,Chase DeLauter,0.22,800050,CLE,33.33,0,Forkball,FO,0,0,748,0,84.42,0
R,0.37,883,23.33,-0.18,1.3,Jo Adell,27.64,666176,CLE,52.21,31.52,4-Seam Fastball,FF,21.71,0.3,2295.45,84.01,94.71,80.04
R,0.34,607,27.68,-0.86,0.68,Jo Adell,19,666176,CLE,53.38,28.98,Sinker,SI,17.24,0.19,2214.44,83.36,94.37,64.2
R,0.23,485,31.55,0.11,0.12,Jo Adell,15.18,666176,CLE,37.73,43.05,Slider,SL,37.55,0.22,2449.02,81.08,86.75,71.58
R,0.31,348,25.57,0.85,0.13,Jo Adell,10.89,666176,CLE,38.22,37.67,Sweeper,ST,28.49,0.29,2643.91,83.32,83.25,73.68
R,0.32,341,28.15,0.27,0.38,Jo Adell,10.67,666176,CLE,36.66,44.44,Changeup,CH,39.11,0.21,1734.33,86.58,85.73,84.8
R,0.37,252,27.38,0.12,0.61,Jo Adell,7.89,666176,CLE,49.6,32.28,Cutter,FC,22.48,0.28,2383.94,83.69,89.67,70.4
R,0.42,149,30.2,0.31,-0.87,Jo Adell,4.66,666176,CLE,39.6,40,Curveball,CU,33.77,0.34,2654.72,84.32,80.11,69.49
R,0.25,69,31.88,-0.81,0.35,Jo Adell,2.16,666176,CLE,66.67,39.13,Split-Finger,FS,23.81,0,1271.16,81.68,86.04,71.74
R,0.52,35,14.29,0.3,-0.68,Jo Adell,1.1,666176,CLE,48.57,22.22,Knuckle Curve,KC,15.79,0.5,2502.94,88.06,82.48,88.24
R,1.09,7,0,0,0,Jo Adell,0.22,666176,CLE,0,57.14,Unknown,UNK,0,0,0,95.2,0,0
R,0,6,33.33,-0.48,1.92,Jo Adell,0.19,666176,CLE,33.33,0,Other,FA,100,0,1772.67,0,64,100
R,0.73,4,50,-0.24,1.76,Jo Adell,0.13,666176,CLE,0,0,Eephus,EP,0,0,1192,0,42.75,0
R,0,4,50,0.17,-0.68,Jo Adell,0.13,666176,CLE,50,0,Slurve,SV,0,0,2633.5,0,80.75,0
R,0,2,0,-0.57,-0.17,Jo Adell,0.06,666176,CLE,0,100,Forkball,FO,0,0,637,0,85.8,0
R,0,2,0,1.08,-0.3,Jo Adell,0.06,666176,CLE,50,0,Slow Curve,CS,0,0,2530.5,66.1,69.95,100
R,0,1,0,0.01,0.17,Jo Adell,0.03,666176,CLE,0,100,Knuckleball,KN,0,0,0,113.2,76.5,0
R,0.39,751,23.17,-0.19,1.3,José Ramírez,27.37,608070,CLE,52.33,30.73,4-Seam Fastball,FF,9.62,0.27,2300.34,85.36,94.63,64.63
R,0.29,450,18.89,-0.49,0.35,José Ramírez,16.4,608070,CLE,31.11,31.94,Changeup,CH,20.9,0.22,1713.26,82.28,86.73,72.86
R,0.29,374,27.27,0.09,0.09,José Ramírez,13.63,608070,CLE,49.73,29.79,Slider,SL,18.39,0.12,2431.2,82.71,86.01,63.44
R,0.36,332,22.59,-0.32,0.6,José Ramírez,12.1,608070,CLE,41.87,17.62,Sinker,SI,9.84,0.29,2204.75,86.81,93.47,63.31
R,0.29,305,22.95,0.13,0.71,José Ramírez,11.12,608070,CLE,52.46,28.97,Cutter,FC,12.82,0.19,2359.6,83.51,90.1,71.25
R,0.37,162,27.78,0.35,-0.9,José Ramírez,5.9,608070,CLE,36.42,26.21,Curveball,CU,16.36,0.15,2661.38,87.31,80.29,47.46
R,0.38,144,22.92,0.71,0.08,José Ramírez,5.25,608070,CLE,51.39,34.29,Sweeper,ST,9.86,0.34,2604.37,82.74,82.18,63.51
R,0.41,118,11.02,-0.62,0.39,José Ramírez,4.3,608070,CLE,29.66,33.73,Split-Finger,FS,12.73,0.28,1311.1,84.74,86.65,77.14
R,0.84,46,2.17,0,0,José Ramírez,1.68,608070,CLE,0,4.35,Unknown,UNK,0,1,0,94.5,0,0
R,0.33,43,6.98,0.54,-0.77,José Ramírez,1.57,608070,CLE,34.88,25,Knuckle Curve,KC,0,0.22,2574.91,83.57,83.06,80
R,0.48,15,26.67,-0.85,-0.33,José Ramírez,0.55,608070,CLE,60,66.67,Slurve,SV,0,0.5,2619.8,94.9,81.82,44.44
R,0,4,25,-0.46,-0.35,José Ramírez,0.15,608070,CLE,0,50,Forkball,FO,50,0,582,74.2,86.18,0
R,0.32,1030,25.73,-0.66,1.23,Nathaniel Lowe,46.33,663993,CLE,53.2,25.93,4-Seam Fastball,FF,15.94,0.23,2317.03,81.69,95.3,69.89
R,0.47,263,28.9,-0.62,0.6,Nathaniel Lowe,11.83,663993,CLE,50.95,21.71,Sinker,SI,11.65,0.31,2199.9,89.14,94.34,55.97
R,0.3,194,20.62,-1.03,0.3,Nathaniel Lowe,8.73,663993,CLE,39.69,36.75,Changeup,CH,18.37,0.2,1730.77,79.62,87.16,71.43
R,0.26,160,29.38,0.82,-0.84,Nathaniel Lowe,7.2,663993,CLE,40.62,23.16,Curveball,CU,25.93,0.14,2663.31,80.45,81.22,49.23
R,0.43,156,31.41,0.15,0.67,Nathaniel Lowe,7.02,663993,CLE,53.21,41.1,Cutter,FC,19.74,0.44,2446.72,79.92,91.05,55.42
R,0.19,149,36.91,0.77,0.09,Nathaniel Lowe,6.7,663993,CLE,45.64,27.16,Sweeper,ST,32.2,0.23,2637.36,85.37,83.67,54.41
R,0.17,129,27.13,0.07,0.06,Nathaniel Lowe,5.8,663993,CLE,44.96,33.8,Slider,SL,28.79,0.21,2412.75,79.83,85.84,72.41
R,0.45,71,19.72,-1,0.3,Nathaniel Lowe,3.19,663993,CLE,35.21,23.91,Split-Finger,FS,21.88,0.29,1581.52,84.49,88.96,84
R,0.6,33,18.18,0.68,-0.75,Nathaniel Lowe,1.48,663993,CLE,51.52,25,Knuckle Curve,KC,0,0.5,2550.7,84.14,81.47,64.71
R,0,14,0,-0.92,0.15,Nathaniel Lowe,0.63,663993,CLE,42.86,0,Forkball,FO,0,0,1152.71,74.5,83.37,100
R,0,12,50,0.14,-0.5,Nathaniel Lowe,0.54,663993,CLE,33.33,25,Slurve,SV,100,0,2922.67,0,81.88,0
R,0.7,12,0,0,0,Nathaniel Lowe,0.54,663993,CLE,0,0,Unknown,UNK,0,0,0,0,0,0
R,0.37,548,29.2,-0.39,1.29,Patrick Bailey,32.64,672275,CLE,53.1,28.4,4-Seam Fastball,FF,21.76,0.23,2310.1,84.55,95.07,64.95
R,0.32,250,22.4,-0.52,0.64,Patrick Bailey,14.89,672275,CLE,56.8,26.85,Sinker,SI,11.72,0.18,2228.4,85.08,94.56,69.72
R,0.2,226,19.91,-0.79,0.3,Patrick Bailey,13.46,672275,CLE,40.71,30.6,Changeup,CH,23.48,0.08,1738.27,82.2,87.38,80.43
R,0.24,187,33.69,0.14,0.12,Patrick Bailey,11.14,672275,CLE,48.66,44.79,Slider,SL,31.19,0.29,2461.37,84.3,87.48,72.53
R,0.23,117,26.5,0.44,-0.92,Patrick Bailey,6.97,672275,CLE,34.19,24.68,Curveball,CU,40.43,0.08,2695.16,79.68,81.3,70
R,0.39,115,28.7,0.13,0.68,Patrick Bailey,6.85,672275,CLE,55.65,27.45,Cutter,FC,25.81,0.28,2340.66,84.05,90.69,75
R,0.19,100,30,0.9,0.02,Patrick Bailey,5.96,672275,CLE,31,28.99,Sweeper,ST,41.46,0.13,2618.68,83.12,83.79,67.74
R,0.19,75,26.67,-0.79,0.17,Patrick Bailey,4.47,672275,CLE,34.67,36.73,Split-Finger,FS,37.5,0,1304.52,75.02,86.88,84.62
R,0.44,37,27.03,0.38,-0.66,Patrick Bailey,2.2,672275,CLE,48.65,26.32,Knuckle Curve,KC,18.75,0.33,2546.24,90.18,83.16,61.11
R,0,10,20,-1,-0.53,Patrick Bailey,0.6,672275,CLE,40,0,Slurve,SV,50,0,2798.7,80.4,83.33,100
R,0.9,6,33.33,-0.21,1.25,Patrick Bailey,0.36,672275,CLE,66.67,100,Eephus,EP,0,1,1282.33,66.7,49.37,50
R,0.11,3,33.33,0.13,0.15,Patrick Bailey,0.18,672275,CLE,100,0,Knuckleball,KN,0,0,189,82.3,81.53,66.67
R,0,2,0,-0.57,0.6,Patrick Bailey,0.12,672275,CLE,0,0,Forkball,FO,0,0,1394,0,84.3,0
R,0,2,0,-1.26,1.25,Patrick Bailey,0.12,672275,CLE,0,0,Other,FA,0,0,1907,0,75.5,0
R,0,1,0,0,0,Patrick Bailey,0.06,672275,CLE,0,0,Unknown,UNK,0,0,0,0,0,0
R,0.35,246,26.02,-0.47,1.22,Petey Halpin,32.71,690984,CLE,50.81,33.06,4-Seam Fastball,FF,24.11,0.31,2338.4,79.99,94.71,80.8
R,0.3,104,32.69,0.03,0.15,Petey Halpin,13.83,690984,CLE,30.77,48.61,Slider,SL,41.67,0.25,2483.59,76.27,86.51,78.12
R,0.27,95,33.68,-0.59,0.72,Petey Halpin,12.63,690984,CLE,65.26,36.36,Sinker,SI,25.86,0.21,2263.11,79.85,94.89,74.19
R,0.19,85,18.82,0.23,0.09,Petey Halpin,11.3,690984,CLE,42.35,34.69,Sweeper,ST,17.39,0,2637.88,76.63,82.07,80.56
R,0.24,80,25,0.11,0.72,Petey Halpin,10.64,690984,CLE,60,21.88,Cutter,FC,22.45,0.2,2409.34,75.61,90.65,87.5
R,0.29,76,10.53,-0.98,0.36,Petey Halpin,10.11,690984,CLE,35.53,48.98,Changeup,CH,8.51,0.12,1757.46,76.37,86.74,85.19
R,0.25,26,15.38,0.89,-0.86,Petey Halpin,3.46,690984,CLE,26.92,78.95,Curveball,CU,18.18,0.2,2849.92,86.21,81.94,100
R,0.56,19,10.53,-0.99,0.56,Petey Halpin,2.53,690984,CLE,36.84,33.33,Split-Finger,FS,0,0.33,1400.21,87.14,85.94,71.43
R,0.36,16,0,-0.54,1,Petey Halpin,2.13,690984,CLE,37.5,20,Eephus,EP,0,0,1520.5,89.3,60.29,100
R,0.27,4,50,0.2,-0.76,Petey Halpin,0.53,690984,CLE,50,100,Knuckle Curve,KC,50,1,2658.5,96.4,84.2,100
R,0,1,0,0.47,-0.36,Petey Halpin,0.13,690984,CLE,0,0,Slurve,SV,0,0,2570,0,86.6,0
R,0.33,663,22.02,0.02,1.3,Rhys Hoskins,31.2,656555,CLE,55.05,15.77,4-Seam Fastball,FF,20.67,0.22,2280.26,86.92,94.62,77.26
R,0.32,374,28.07,-0.5,0.7,Rhys Hoskins,17.6,656555,CLE,55.88,19.39,Sinker,SI,22.49,0.16,2193.9,85.11,94.56,65.55
R,0.35,310,31.61,0.02,0.11,Rhys Hoskins,14.59,656555,CLE,38.71,26.32,Slider,SL,31.19,0.18,2414.91,81.42,86.37,49.17
R,0.23,217,36.41,0.57,0.09,Rhys Hoskins,10.21,656555,CLE,43.78,23.77,Sweeper,ST,37.8,0.18,2590.46,80.77,82.68,55.79
R,0.19,189,34.39,0.12,0.65,Rhys Hoskins,8.89,656555,CLE,56.08,18.07,Cutter,FC,33.33,0.14,2361.16,85,89.57,62.26
R,0.24,164,31.1,0.77,0.29,Rhys Hoskins,7.72,656555,CLE,28.05,31.36,Changeup,CH,50.85,0.05,1786.96,84.38,85.45,47.83
R,0.26,109,34.86,-0.19,-0.9,Rhys Hoskins,5.13,656555,CLE,44.95,15,Curveball,CU,33.33,0.27,2678.01,94.7,79.52,42.86
R,0.23,52,42.31,-0.65,0.35,Rhys Hoskins,2.45,656555,CLE,36.54,33.33,Split-Finger,FS,65.22,0.2,1297.44,63.5,85.72,63.16
R,0.54,28,42.86,-0.91,-0.45,Rhys Hoskins,1.32,656555,CLE,42.86,12.5,Slurve,SV,0,0,2738.64,37.5,82.12,0
R,0,11,9.09,0.25,-0.96,Rhys Hoskins,0.52,656555,CLE,27.27,0,Knuckle Curve,KC,0,0,2507.73,71,84.99,66.67
R,0,8,0,-0.93,-0.99,Rhys Hoskins,0.38,656555,CLE,0,0,Unknown,UNK,0,0,3004,0,79.8,0
R,0.33,1304,27.68,-0.3,1.29,Steven Kwan,40.72,680757,CLE,53.91,16.97,4-Seam Fastball,FF,2.65,0.26,2304.28,79.65,94.34,49.93
R,0.4,559,30.41,0.12,0.63,Steven Kwan,17.46,680757,CLE,55.81,13.77,Sinker,SI,3.7,0.25,2218.46,79.05,93.65,49.68
R,0.26,375,27.47,-0.02,0.15,Steven Kwan,11.71,680757,CLE,46.13,23.76,Slider,SL,13.87,0.18,2441.45,79.87,85.99,51.45
R,0.34,245,34.69,0.08,0.75,Steven Kwan,7.65,680757,CLE,62.04,23.66,Cutter,FC,7.29,0.42,2387.91,81.17,90.44,48.68
R,0.32,231,17.32,-0.78,0.4,Steven Kwan,7.21,680757,CLE,38.1,31.47,Changeup,CH,11.21,0.24,1798.25,77.73,86.45,70.45
R,0.17,172,21.51,-0.18,0.11,Steven Kwan,5.37,680757,CLE,37.21,24.07,Sweeper,ST,11.11,0.16,2624.63,73.67,81.53,57.81
R,0.34,133,30.08,0.43,-0.9,Steven Kwan,4.15,680757,CLE,38.35,17.07,Curveball,CU,16.67,0.32,2654.77,85.36,80.25,31.37
R,0.23,113,15.04,-0.89,0.36,Steven Kwan,3.53,680757,CLE,37.17,26.76,Split-Finger,FS,14.58,0.2,1455.77,69.01,87.03,69.05
R,0.02,26,53.85,0.44,-0.63,Steven Kwan,0.81,680757,CLE,65.38,55.56,Knuckle Curve,KC,27.27,0,2491.27,84.4,84.37,35.29
R,0.25,24,25,-1.12,-0.23,Steven Kwan,0.75,680757,CLE,33.33,25,Slurve,SV,0,1,2604.92,79.73,81.68,50
R,0.5,17,0,0.58,0.28,Steven Kwan,0.53,680757,CLE,0,5.88,Unknown,UNK,0,0,1877,96.8,66,0
R,0.49,2,0,-0.48,0.85,Steven Kwan,0.06,680757,CLE,0,100,Eephus,EP,0,0,1465,97.6,57.7,0
R,0,1,0,-0.46,-0.24,Steven Kwan,0.03,680757,CLE,0,0,Forkball,FO,0,0,508,0,84.5,0
R,0.32,802,21.07,-0.23,1.27,Travis Bazzana,30.88,683953,CLE,54.49,24.93,4-Seam Fastball,FF,15.65,0.25,2328.84,85.76,94.74,77.12
R,0.35,394,22.34,0.14,0.55,Travis Bazzana,15.17,683953,CLE,59.64,23.9,Sinker,SI,12.8,0.3,2219.13,85.1,93.56,73.62
R,0.24,393,36.13,0.02,0.11,Travis Bazzana,15.13,683953,CLE,50.38,22.05,Slider,SL,31.69,0.24,2451.18,84.4,86.29,50
R,0.21,309,30.42,-0.96,0.4,Travis Bazzana,11.9,683953,CLE,32.36,29.19,Changeup,CH,41.32,0.16,1787.29,80.82,87.03,60
R,0.26,211,35.07,-0.02,0.09,Travis Bazzana,8.12,683953,CLE,45.02,23.28,Sweeper,ST,37.18,0.18,2648.6,75.66,81.72,53.68
R,0.35,193,25.39,0.12,0.61,Travis Bazzana,7.43,683953,CLE,45.08,31.13,Cutter,FC,28.57,0.16,2429.09,83.42,90.44,74.71
R,0.19,134,38.81,0.28,-0.9,Travis Bazzana,5.16,683953,CLE,43.28,23.68,Curveball,CU,32.43,0.35,2719.06,78.09,81.09,32.76
R,0.25,99,27.27,-1,0.36,Travis Bazzana,3.81,683953,CLE,38.38,39.34,Split-Finger,FS,28.57,0.21,1542.73,74.51,87.37,65.79
R,0.56,27,40.74,0.71,-1.02,Travis Bazzana,1.04,683953,CLE,40.74,12.5,Knuckle Curve,KC,50,0.5,2605.81,95.3,82.42,18.18
R,0.04,22,36.36,-0.97,-0.34,Travis Bazzana,0.85,683953,CLE,27.27,12.5,Slurve,SV,0,0,2545.32,60,81.94,0
R,0.74,13,0,0,0,Travis Bazzana,0.5,683953,CLE,0,15.38,Unknown,UNK,0,0,0,89.95,0,0
L,0.32,704,26.85,-0.52,1.27,,31.87,700932,CLE,55.82,25.08,4-Seam Fastball,FF,21.98,0.26,2327.63,84.8,95.18,72.77
L,0.34,440,32.5,-0.39,1.31,,26.89,682177,CLE,57.05,30.16,4-Seam Fastball,FF,24.2,0.23,2320.61,85.73,94.82,64.54
R,0.27,346,27.46,0.43,1.3,,28.43,681807,CLE,50.87,24.71,4-Seam Fastball,FF,23.9,0.18,2292.95,85.39,94.35,66.48
L,0.24,294,39.12,-0.01,0.1,,13.31,700932,CLE,42.18,37.65,Slider,SL,45.99,0.13,2428.19,81.61,86.43,58.87
L,0.45,279,33.33,-0.28,0.59,,12.63,700932,CLE,59.5,26.55,Sinker,SI,21.19,0.3,2202.87,88.5,94.12,53.01
L,0.22,239,25.1,-1.16,0.37,,10.82,700932,CLE,35.15,36.77,Changeup,CH,32.2,0.13,1750.76,80.01,87.33,72.62
L,0.36,238,30.25,-0.11,0.63,,14.55,682177,CLE,60.5,21.28,Sinker,SI,17.59,0.24,2213.38,86.08,94.08,61.11
L,0.26,224,34.82,0.01,0.14,,13.69,682177,CLE,43.3,38.58,Slider,SL,41.53,0.17,2402.06,84.93,86.48,71.13
L,0.26,214,29.91,0.12,0.76,,9.69,700932,CLE,48.13,27.03,Cutter,FC,29.29,0.18,2391.41,87.4,90.71,66.99
L,0.24,212,26.89,-1.15,0.36,,12.96,682177,CLE,35.38,39.42,Changeup,CH,37.38,0.15,1719,80.89,87.06,70.67
R,0.16,203,35.47,-0.2,0.11,,16.68,681807,CLE,44.33,30.97,Slider,SL,40.86,0.25,2477.09,73.56,86.37,64.44
R,0.3,202,30.69,0.08,0.8,,16.6,681807,CLE,53.96,18.28,Sinker,SI,21.98,0.27,2198.51,81.06,94.72,67.89
L,0.31,202,31.19,0.45,0.06,,9.14,700932,CLE,35.15,33.59,Sweeper,ST,34.18,0.2,2587.64,77.49,81.77,49.3
L,0.19,191,31.41,0.32,-0.01,,11.67,682177,CLE,38.74,34.19,Sweeper,ST,36.36,0.27,2555.01,78.4,81.38,64.86
L,0.29,162,27.16,0.12,0.66,,9.9,682177,CLE,53.7,22.67,Cutter,FC,18.92,0.12,2398.6,79.38,90.16,65.52
R,0.26,156,27.56,0.96,0.41,,12.82,681807,CLE,33.97,38.83,Changeup,CH,35.9,0.1,1794.12,76.19,84.75,71.7
L,0.35,154,31.82,-0.38,1.26,,29.5,696135,CLE,52.6,24.66,4-Seam Fastball,FF,34.67,0.31,2349.84,85.59,96.12,70.37
L,0.34,142,24.65,-0.48,1.34,,25.22,666310,CLE,60.56,32.14,4-Seam Fastball,FF,6.33,0.07,2313.04,82.77,94.25,70.93
L,0.28,133,33.83,0.64,-0.9,,6.02,700932,CLE,45.86,20.83,Curveball,CU,12.82,0.14,2610.67,82.13,79.27,39.34
L,0.25,106,23.58,0.1,0.1,,20.31,696135,CLE,50,50.94,Slider,SL,25.68,0.29,2429.72,82.37,87.18,88.68
L,0.37,104,34.62,-0.31,1.36,,29.21,682877,CLE,60.58,26.83,4-Seam Fastball,FF,23.53,0.32,2341.54,78.85,94.96,63.49
R,0.2,99,34.34,-0.53,-0.88,,8.13,681807,CLE,38.38,21.31,Curveball,CU,34.78,0,2656.37,79.57,79.71,26.32
L,0.13,81,25.93,-0.95,0.25,,3.67,700932,CLE,34.57,37.74,Split-Finger,FS,34.09,0.12,1281.11,83.45,85.79,85.71
R,0.36,80,32.5,0.1,0.72,,6.57,681807,CLE,58.75,15.15,Cutter,FC,29.73,0.27,2293.94,80.17,89.42,68.09
L,0.32,78,19.23,-0.36,0.53,,13.85,666310,CLE,51.28,18.42,Sinker,SI,0,0.33,2194.09,82.84,92.88,72.5
L,0.28,78,34.62,0.79,-0.99,,4.77,682177,CLE,57.69,21.21,Curveball,CU,18.52,0.32,2637.22,79.95,80.3,44.44
L,0.3,74,18.92,-1.18,0.27,,13.14,666310,CLE,29.73,34.62,Changeup,CH,22.86,0.25,1625.03,81.82,85.3,77.27
R,0.29,73,20.55,0.12,0.18,,6,681807,CLE,38.36,33.33,Sweeper,ST,6.67,0.13,2533.7,86.4,81.03,53.57
L,0.37,71,25.35,-0.86,1.29,,42.77,692216,CLE,53.52,36.36,4-Seam Fastball,FF,22.5,0.17,2288.07,81.67,94.71,73.68
L,0.11,66,31.82,-0.24,0.27,,18.54,682877,CLE,18.18,42.59,Changeup,CH,47.06,0.06,1648.74,71.69,86.26,91.67
L,0.2,65,26.15,0.12,0.73,,11.55,666310,CLE,50.77,25,Cutter,FC,13.79,0.25,2344.34,77.32,89.86,63.64
L,0.22,65,27.69,-0.98,0.33,,3.97,682177,CLE,27.69,46.81,Split-Finger,FS,42.11,0.28,1381,76.66,86.42,88.89
L,0.06,65,41.54,0.23,0.61,,12.45,696135,CLE,69.23,50,Cutter,FC,33.33,0,2340.12,86.29,91.11,71.11
L,0.27,61,18.03,0.09,0.19,,10.83,666310,CLE,39.34,27.03,Slider,SL,10.71,0.07,2323.95,89.67,85.61,75
L,0.27,59,28.81,-0.55,1.27,,30.73,694876,CLE,64.41,19.05,4-Seam Fastball,FF,14.81,0,2388.92,81.77,96.2,60.53
R,0.33,56,35.71,0.43,1.4,,31.46,656413,CLE,35.71,30.56,4-Seam Fastball,FF,59.26,0.14,2317.68,83.84,94.83,80
L,0,56,26.79,0.65,-0.13,,9.95,666310,CLE,39.29,29.41,Sweeper,ST,22.73,0,2615.88,84.71,81.71,54.55
L,0.33,52,26.92,0.72,-0.92,,9.24,666310,CLE,53.85,12.5,Curveball,CU,0,0.25,2536.27,74.28,78.49,46.43
L,0.02,51,37.25,-1.1,0.35,,9.77,696135,CLE,37.25,31.25,Changeup,CH,56.52,0,1732.96,56.48,87.35,68.42
L,0.17,50,42,-0.19,-0.11,,14.04,682877,CLE,32,50,Slider,SL,50,0.18,2494.28,78.47,84.15,68.75
L,0.37,47,29.79,0.15,0.68,,13.2,682877,CLE,61.7,38.89,Cutter,FC,15.38,0.21,2335.64,84.34,88.76,65.52
L,0.26,47,34.04,0.56,-1.02,,2.13,700932,CLE,38.3,27.59,Knuckle Curve,KC,21.43,0.43,2484.85,82.21,82.76,33.33
L,0.29,43,34.88,-0.71,1.35,,25,671655,CLE,62.79,18.75,4-Seam Fastball,FF,21.05,0.3,2339.74,88.04,94.5,59.26
L,0.2,43,23.26,-0.15,0.74,,8.24,696135,CLE,58.14,22.22,Sinker,SI,5.26,0.27,2285.21,82.44,95.1,60
L,0.3,39,30.77,1,0.15,,7.47,696135,CLE,43.59,31.82,Sweeper,ST,33.33,0.43,2675.95,78.97,83.17,64.71
L,0.26,36,41.67,-0.03,0.53,,10.11,682877,CLE,61.11,7.14,Sinker,SI,16.67,0.17,2179.81,89.22,94,50
L,0.1,32,50,0.16,0.19,,16.67,694876,CLE,43.75,55.56,Slider,SL,50,0,2438.12,91.04,88.53,71.43
L,0.08,29,37.93,-1.14,0.42,,16.86,671655,CLE,48.28,53.33,Changeup,CH,31.25,0,1688.86,77.38,86.61,57.14
L,0.03,26,42.31,-1.02,0.23,,4.62,666310,CLE,38.46,25,Split-Finger,FS,75,0,1374.35,72.6,86.63,80
L,0,26,38.46,0.01,-0.09,,7.3,682877,CLE,23.08,35,Sweeper,ST,28.57,0,2417.54,81.7,80.19,0
R,0,25,48,-0.78,-0.86,,14.04,656413,CLE,24,31.58,Curveball,CU,100,0,2336.68,0,77.18,33.33
R,0.13,25,32,-0.4,0.21,,14.04,656413,CLE,52,25,Slider,SL,42.86,0.5,2411.04,53.97,85.06,84.62
L,0,24,33.33,-1.07,0.17,,4.6,696135,CLE,12.5,33.33,Split-Finger,FS,77.78,0,1529.79,97.8,86.58,66.67
R,0.56,23,39.13,0.1,0.5,,12.92,656413,CLE,21.74,22.22,Sinker,SI,100,0,2231.96,0,96.17,20
R,0.35,22,54.55,-0.11,0.36,,1.81,681807,CLE,40.91,30.77,Split-Finger,FS,80,0,1135.18,66.1,84.57,11.11
L,1.36,22,50,-1.38,0.52,,13.25,692216,CLE,45.45,33.33,Changeup,CH,72.73,1,1817.36,104.2,85.23,70
L,0,22,63.64,0.35,0.21,,11.46,694876,CLE,81.82,0,Cutter,FC,0,0,2333.27,84.4,88.28,22.22
L,0.17,22,27.27,0.51,-1.01,,4.21,696135,CLE,18.18,33.33,Curveball,CU,50,0.33,2641.27,58.3,80.42,50
L,0.34,21,0,1.13,-0.9,,12.21,671655,CLE,19.05,23.53,Curveball,CU,0,0,2753.38,81.86,79.07,100
R,0.41,20,20,1.09,0.23,,11.24,656413,CLE,35,0,Changeup,CH,66.67,1,1637.05,84.1,83.91,85.71
L,0.19,19,36.84,0.22,0.74,,11.05,671655,CLE,36.84,66.67,Cutter,FC,30.77,0.33,2442.32,83.07,89.88,71.43
L,0.14,19,26.32,1.23,-0.01,,11.45,692216,CLE,26.32,14.29,Sweeper,ST,60,0,2540.63,93.4,81.13,60
L,0.07,19,21.05,0.74,-0.68,,9.9,694876,CLE,21.05,26.67,Curveball,CU,33.33,0,2678.74,80.4,78.67,50
L,0.45,17,35.29,0.52,-0.92,,4.78,682877,CLE,47.06,22.22,Curveball,CU,0,0,2724.06,69.27,81.31,25
L,0.21,17,0,-0.81,0.06,,8.85,694876,CLE,35.29,0,Changeup,CH,0,1,1854,82.15,85.8,66.67
L,0,15,13.33,0.17,0.01,,8.72,671655,CLE,40,77.78,Slider,SL,15.38,0,2599.73,68.9,87.34,100
L,0.11,15,33.33,0.8,-0.74,,0.92,682177,CLE,53.33,100,Knuckle Curve,KC,23.08,0,2599.67,81.34,80.81,75
L,0.43,15,20,-0.87,0.75,,9.04,692216,CLE,46.67,12.5,Sinker,SI,16.67,0.25,2156.87,92.88,93.79,71.43
L,0.29,15,46.67,-0.64,0.61,,7.81,694876,CLE,66.67,0,Sinker,SI,28.57,0.33,2034.2,90.38,95.62,70
L,0,14,0,1.02,0.04,,7.29,694876,CLE,14.29,50,Sweeper,ST,0,0,2612.43,58.65,78.24,100
L,0.11,13,15.38,1.26,-0.08,,7.56,671655,CLE,61.54,0,Sweeper,ST,14.29,0.25,2747.08,80.98,81.65,87.5
L,0.3,12,25,-0.33,0.67,,6.98,671655,CLE,41.67,42.86,Sinker,SI,16.67,0.67,2216.08,86.32,94.01,60
L,0.03,12,58.33,0.63,-0.9,,7.23,692216,CLE,50,50,Curveball,CU,42.86,0.4,2451.17,77.85,79.76,66.67
R,0.7,11,54.55,0.14,0.64,,6.18,656413,CLE,45.45,50,Cutter,FC,66.67,0,2242.09,72.1,87.63,60
L,0.08,11,9.09,-0.96,0.53,,6.4,671655,CLE,63.64,25,Split-Finger,FS,0,0,1306.18,75.38,84.45,71.43
R,0,10,0,-0.08,-0.55,,0.82,681807,CLE,0,0,Knuckle Curve,KC,0,0,2321,0,81.74,0
R,0.03,10,20,-1.45,-0.38,,0.82,681807,CLE,40,0,Slurve,SV,0,0,2726.4,75.3,81.66,50
L,0,10,0,0.28,-1.12,,1.92,696135,CLE,0,20,Knuckle Curve,KC,0,0,2391.4,35,79.46,0
L,0.03,9,44.44,0.05,0.04,,5.42,692216,CLE,22.22,71.43,Slider,SL,57.14,0,2228.33,83.1,85.76,100
R,0,8,50,0.79,0.18,,4.49,656413,CLE,50,25,Sweeper,ST,66.67,0,2630.88,0,84.25,50
R,0.03,8,0,0.43,1.55,,0.66,681807,CLE,0,50,Eephus,EP,0,0,1042.25,85.15,40.42,0
R,0,8,0,0,0,,0.66,681807,CLE,0,0,Unknown,UNK,0,0,0,0,0,0
L,0,8,25,-0.72,0.14,,4.17,694876,CLE,25,66.67,Split-Finger,FS,33.33,0,805.75,41.2,84.42,100
L,0.66,8,50,-1.58,-0.2,,1.53,696135,CLE,100,0,Slurve,SV,33.33,0,2844.5,94.55,83.12,75
L,0.42,7,0,0.5,-0.72,,4.07,671655,CLE,100,0,Knuckle Curve,KC,0,0.71,2594.14,88.84,85.03,100
L,0,7,0,0,0,,0.43,682177,CLE,0,28.57,Unknown,UNK,0,0,0,87.9,0,0
L,0.03,7,14.29,0.12,0.6,,4.22,692216,CLE,100,0,Cutter,FC,14.29,0,2287.57,73.85,87.21,100
R,0,6,33.33,-1.03,-0.59,,3.37,656413,CLE,33.33,0,Slurve,SV,0,0,2874.33,0,82.53,0
L,0.04,6,16.67,0,0,,1.07,666310,CLE,0,50,Unknown,UNK,0,0,0,89.47,0,0
L,0,6,66.67,-1.21,0.32,,3.61,692216,CLE,0,66.67,Split-Finger,FS,100,0,1635.67,0,87.77,0
L,0.13,6,0,0.34,-1.05,,3.12,694876,CLE,33.33,0,Knuckle Curve,KC,0,0,2340,91.7,79.2,100
L,0,5,80,0.39,-0.74,,1.4,682877,CLE,40,66.67,Knuckle Curve,KC,100,0,2548.2,0,86.78,100
L,0.22,5,20,-1.15,0.29,,1.4,682877,CLE,40,0,Split-Finger,FS,50,0,1649.8,86.9,84.28,100
L,0,5,0,0.6,-0.76,,3.01,692216,CLE,40,0,Knuckle Curve,KC,0,0,2265.8,57.7,85.18,100
L,0,5,40,-1.23,-0.11,,0.23,700932,CLE,0,80,Unknown,UNK,50,0,2471,77.35,81.3,0
R,0,4,100,-0.56,0.15,,2.25,656413,CLE,100,0,Split-Finger,FS,100,0,1448,0,91.35,50
L,0.56,4,50,-0.51,1.56,,0.18,700932,CLE,100,0,Eephus,EP,0,1,1321,93.5,52.75,50
L,0,2,0,0.66,-0.88,,0.36,666310,CLE,50,0,Knuckle Curve,KC,0,0,2406.5,0,84.85,100
L,0,2,0,0,0,,1.16,671655,CLE,0,0,Unknown,UNK,0,0,0,0,0,0
L,0.15,2,0,-0.34,1.43,,0.12,682177,CLE,0,100,Eephus,EP,0,0,1088,93.7,42.7,0
L,0.05,2,0,-0.91,0.43,,0.12,682177,CLE,50,0,Forkball,FO,0,0,655,76.8,87.2,100
L,0,2,50,-0.96,-0.2,,0.09,700932,CLE,0,50,Forkball,FO,100,0,527.5,0,85.7,0
L,0.7,2,0,-0.87,1.6,,0.09,700932,CLE,0,0,Other,FA,0,0,2072,0,79.6,0
L,0,2,0,-1.57,-0.31,,0.09,700932,CLE,0,0,Slurve,SV,0,0,2899,0,82.8,0
L,0,1,100,1.41,-0.46,,0.18,666310,CLE,100,0,Slurve,SV,0,0,2793,0,77.5,0
L,0,1,0,1.51,0.21,,0.05,700932,CLE,100,0,Slow Curve,CS,0,0,2498,0,71.1,0
R,0.25,55,40,-0.4,1.19,Adael Amador,53.4,691182,COL,67.27,11.11,4-Seam Fastball,FF,26.92,0.36,2406,82.24,96.06,64.86
R,0.7,12,16.67,-1.2,0.33,Adael Amador,11.65,691182,COL,50,0,Changeup,CH,0,0,1934.83,0,88.93,33.33
R,0,12,0,-0.23,0.13,Adael Amador,11.65,691182,COL,16.67,60,Split-Finger,FS,0,0,872.83,64.35,90.22,100
R,0,8,0,0.09,0.44,Adael Amador,7.77,691182,COL,50,0,Cutter,FC,0,0,2534.5,76.8,93.08,100
R,0,6,16.67,-0.6,-0.81,Adael Amador,5.83,691182,COL,0,16.67,Curveball,CU,100,0,2523.83,0,80.35,0
R,0,6,0,1.24,0.39,Adael Amador,5.83,691182,COL,33.33,50,Sweeper,ST,0,0,2775.33,55.3,82.4,0
R,0.01,4,75,-0.27,0.16,Adael Amador,3.88,691182,COL,100,0,Slider,SL,0,0,2344.25,60.1,86.8,25
R,0.31,352,23.86,-0.44,1.24,Brett Sullivan,33.33,664954,COL,51.42,38.01,4-Seam Fastball,FF,10.06,0.26,2337.91,84.49,95.11,62.98
R,0.34,147,23.13,-0.08,0.44,Brett Sullivan,13.92,664954,COL,56.46,37.5,Sinker,SI,14.81,0.36,2173.82,83.77,93.19,68.67
R,0.28,120,27.5,-0.09,0.15,Brett Sullivan,11.36,664954,COL,59.17,22.45,Slider,SL,20.31,0.13,2352.98,77.38,85.56,74.65
R,0.22,112,21.43,-0.9,0.29,Brett Sullivan,10.61,664954,COL,48.21,32.76,Changeup,CH,22.22,0.1,1784.13,84.02,87.55,81.48
R,0.14,92,31.52,-0.16,0.01,Brett Sullivan,8.71,664954,COL,53.26,27.91,Sweeper,ST,23.81,0.26,2610.76,79.87,82.26,61.22
R,0.23,83,18.07,0.09,0.58,Brett Sullivan,7.86,664954,COL,56.63,30.56,Cutter,FC,14.58,0.04,2399.48,84.56,89.98,78.72
R,0.33,54,5.56,-0.86,0.24,Brett Sullivan,5.11,664954,COL,29.63,26.32,Split-Finger,FS,4.17,0.2,1312.85,79.76,87.45,87.5
R,0.23,49,18.37,0.61,-0.72,Brett Sullivan,4.64,664954,COL,38.78,23.33,Curveball,CU,19.05,0,2686.65,71.46,80.05,73.68
R,0.09,28,35.71,0.94,-0.67,Brett Sullivan,2.65,664954,COL,28.57,60,Knuckle Curve,KC,33.33,0,2654.14,70.06,81.09,37.5
R,0.38,7,14.29,-0.15,1.61,Brett Sullivan,0.66,664954,COL,14.29,16.67,Eephus,EP,0,0,1296,95,48.81,100
R,0.36,5,0,0.37,0.04,Brett Sullivan,0.47,664954,COL,40,33.33,Knuckleball,KN,0,0.33,213,65.13,73.5,100
R,0.57,3,0,-0.72,1.2,Brett Sullivan,0.28,664954,COL,66.67,0,Other,FA,0,1,1684.33,98.2,66.4,100
R,0,2,100,0.8,-0.79,Brett Sullivan,0.19,664954,COL,0,100,Slurve,SV,100,0,2817,0,81.1,0
R,0,2,0,0,0,Brett Sullivan,0.19,664954,COL,0,0,Unknown,UNK,0,0,0,0,0,0
R,0.28,465,20.43,-0.1,1.16,Cole Carrigg,30.31,694249,COL,49.68,29.49,4-Seam Fastball,FF,19.44,0.25,2336.82,80.19,94.9,79.22
R,0.44,241,20.33,-0.46,0.35,Cole Carrigg,15.71,694249,COL,30.29,43.45,Changeup,CH,27.07,0.32,1869.43,80.16,86.48,82.19
R,0.36,214,23.83,-0.3,0.61,Cole Carrigg,13.95,694249,COL,63.55,33.33,Sinker,SI,13.22,0.21,2246.91,83.23,94.37,69.85
R,0.31,160,26.25,-0.02,0.11,Cole Carrigg,10.43,694249,COL,44.38,31.46,Slider,SL,28.57,0.22,2486.77,86.41,86.98,78.87
R,0.2,148,35.14,-0.02,-0.82,Cole Carrigg,9.65,694249,COL,33.11,31.31,Curveball,CU,41.67,0.33,2594.78,75.89,80.31,34.69
R,0.39,107,26.17,0.09,0.51,Cole Carrigg,6.98,694249,COL,57.01,34.78,Cutter,FC,15.52,0.4,2416.93,83.45,89.39,68.85
R,0.37,75,26.67,-0.05,0.09,Cole Carrigg,4.89,694249,COL,13.33,35.38,Sweeper,ST,30.77,0.36,2640.77,82.23,80.9,30
R,0.2,72,25,-0.42,0.1,Cole Carrigg,4.69,694249,COL,36.11,47.83,Split-Finger,FS,26.83,0.18,1244.17,79.2,87.17,73.08
R,0.3,20,20,0.13,-0.44,Cole Carrigg,1.3,694249,COL,30,14.29,Knuckle Curve,KC,0,0,2278.35,79.34,82.32,66.67
R,0,18,0,0,0,Cole Carrigg,1.17,694249,COL,0,0,Unknown,UNK,0,0,0,0,0,0
R,0,8,25,0.01,-0.47,Cole Carrigg,0.52,694249,COL,37.5,20,Slurve,SV,33.33,0,2817.25,0,81.26,66.67
R,0.34,6,16.67,-0.04,0.68,Cole Carrigg,0.39,694249,COL,66.67,50,Other,FA,0,0,1511.83,85.3,66.92,75
R,0.27,436,31.88,-0.21,1.33,Connor Norby,27.46,681393,COL,52.98,29.76,4-Seam Fastball,FF,32.37,0.18,2330.73,84.59,94.67,77.92
R,0.41,255,12.94,-0.73,0.71,Connor Norby,16.06,681393,COL,54.51,26.72,Sinker,SI,5.71,0.36,2212.73,82.07,94.07,78.42
R,0.24,234,35.04,0.13,0.2,Connor Norby,14.74,681393,COL,47.01,35.48,Slider,SL,43.55,0.26,2409.88,86.42,86.23,72.73
R,0.23,193,29.53,0.21,0.3,Connor Norby,12.15,681393,COL,37.31,35.54,Changeup,CH,40.2,0.13,1819.01,75.8,85.78,81.94
R,0.3,172,26.16,0.5,0.04,Connor Norby,10.83,681393,COL,40.12,27.18,Sweeper,ST,28.79,0.24,2593.73,77.42,83.61,55.07
R,0.33,131,11.45,-0.04,0.69,Connor Norby,8.25,681393,COL,55.73,12.07,Cutter,FC,9.33,0.15,2366.17,83.73,90.37,93.15
R,0.18,102,52.94,0.4,-0.82,Connor Norby,6.42,681393,COL,45.1,32.14,Curveball,CU,66.67,0.12,2675.09,67.3,78.38,19.57
R,0.27,42,19.05,-0.69,0.24,Connor Norby,2.64,681393,COL,52.38,15,Split-Finger,FS,26.09,0.38,1230.64,87.45,85.98,90.91
R,0.28,15,20,0.21,-0.88,Connor Norby,0.94,681393,COL,26.67,9.09,Knuckle Curve,KC,25,0,2554.6,81.93,83.24,75
R,0.35,3,33.33,-1.35,-0.43,Connor Norby,0.19,681393,COL,0,0,Slurve,SV,0,0,2392,0,79.17,0
R,0,3,0,0,0,Connor Norby,0.19,681393,COL,0,0,Unknown,UNK,0,0,0,0,0,0
R,0.04,2,0,-0.84,1.37,Connor Norby,0.13,681393,COL,50,0,Other,FA,0,0,1674,81.7,65.6,100
R,0.24,876,22.95,-0.12,1.19,Ezequiel Tovar,35.92,678662,COL,53.42,34.31,4-Seam Fastball,FF,23.03,0.14,2309.86,80.53,94.53,84.19
R,0.28,416,26.92,0.18,0.12,Ezequiel Tovar,17.06,678662,COL,41.11,52.24,Slider,SL,30.07,0.27,2422.02,76.43,86.71,86.55
R,0.36,359,22.56,-0.52,0.57,Ezequiel Tovar,14.72,678662,COL,53.76,34.94,Sinker,SI,9.95,0.24,2219.04,81.2,93.89,68.91
R,0.24,265,29.43,0.64,0.04,Ezequiel Tovar,10.87,678662,COL,36.6,52.38,Sweeper,ST,37.06,0.19,2584.81,77.25,83.16,84.54
R,0.3,171,29.24,0.34,0.34,Ezequiel Tovar,7.01,678662,COL,39.18,61.54,Changeup,CH,34.68,0.26,1828.04,80.9,85.21,89.55
R,0.35,134,20.9,0.09,0.59,Ezequiel Tovar,5.49,678662,COL,47.76,38.57,Cutter,FC,20.73,0.16,2389.6,80.81,89.32,85.94
R,0.23,102,31.37,0.16,-0.82,Ezequiel Tovar,4.18,678662,COL,35.29,51.52,Curveball,CU,32.2,0.12,2659.1,77.83,79.81,69.44
R,0.05,56,35.71,-0.27,0.16,Ezequiel Tovar,2.3,678662,COL,28.57,62.5,Split-Finger,FS,41.03,0,1313.54,81.09,86.6,87.5
R,0.46,33,33.33,0.41,-0.55,Ezequiel Tovar,1.35,678662,COL,39.39,65,Knuckle Curve,KC,40,0.29,2417.03,84.69,83.66,92.31
R,0.49,11,9.09,-0.05,1.17,Ezequiel Tovar,0.45,678662,COL,36.36,42.86,Other,FA,0,0.6,1561.5,85.51,62.02,100
R,0,6,50,0.66,-0.57,Ezequiel Tovar,0.25,678662,COL,33.33,100,Slurve,SV,40,0,2338.83,83.7,83.12,50
R,0.35,4,25,-0.52,1.61,Ezequiel Tovar,0.16,678662,COL,25,66.67,Eephus,EP,33.33,0.5,1232.25,99,44.98,100
R,0,4,0,0.57,0.46,Ezequiel Tovar,0.16,678662,COL,25,0,Knuckleball,KN,0,0,0,49.5,57.08,100
R,0.18,1,0,-0.95,0.04,Ezequiel Tovar,0.04,678662,COL,0,100,Forkball,FO,0,0,977,92.1,81.6,0
R,0.05,1,0,1.33,0.02,Ezequiel Tovar,0.04,678662,COL,0,100,Slow Curve,CS,0,0,2258,95,64.7,0
R,0.31,868,30.76,-0.19,1.21,Hunter Goodman,31.28,696100,COL,46.77,42.21,4-Seam Fastball,FF,29.72,0.18,2328.74,85.25,95.07,67.98
R,0.34,386,31.35,0.11,0.11,Hunter Goodman,13.91,696100,COL,39.38,41.45,Slider,SL,38.14,0.27,2460.27,82.48,86.8,77.63
R,0.23,369,36.86,0.41,0.04,Hunter Goodman,13.3,696100,COL,34.69,48.55,Sweeper,ST,45.93,0.18,2557.68,78.3,83.44,71.88
R,0.44,367,29.97,-0.59,0.61,Hunter Goodman,13.23,696100,COL,54.22,30.36,Sinker,SI,18.5,0.37,2226.31,85.88,94.51,61.31
R,0.26,265,26.79,0.32,0.33,Hunter Goodman,9.55,696100,COL,34.34,41.95,Changeup,CH,39.74,0.19,1838.5,80.69,85.57,85.71
R,0.28,185,32.43,0.05,-0.76,Hunter Goodman,6.67,696100,COL,36.76,42.74,Curveball,CU,42.57,0.22,2579.51,83.81,80.11,75
R,0.34,158,22.15,0.13,0.59,Hunter Goodman,5.69,696100,COL,42.41,34.07,Cutter,FC,28.26,0.38,2450.64,81.87,89.51,91.04
R,0.26,69,26.09,-0.3,0.17,Hunter Goodman,2.49,696100,COL,33.33,36.96,Split-Finger,FS,35.29,0.11,1377.91,90.44,85.6,73.91
R,0.08,42,40.48,0.64,-0.68,Hunter Goodman,1.51,696100,COL,38.1,38.46,Knuckle Curve,KC,52.63,0.14,2397.6,85.64,82.41,56.25
R,0.43,23,17.39,0.77,-0.65,Hunter Goodman,0.83,696100,COL,30.43,37.5,Slurve,SV,40,0,2901.26,79.18,80.92,57.14
R,0,21,0,0,0,Hunter Goodman,0.76,696100,COL,0,0,Unknown,UNK,0,0,0,0,0,0
R,0,15,46.67,-0.22,-0.24,Hunter Goodman,0.54,696100,COL,53.33,42.86,Forkball,FO,42.86,0,659.93,94.2,83.53,50
R,0.59,3,0,-0.19,1.56,Hunter Goodman,0.11,696100,COL,66.67,0,Other,FA,0,1,1470.67,101.45,61.47,100
R,0.58,2,0,-0.64,0.18,Hunter Goodman,0.07,696100,COL,50,100,Knuckleball,KN,0,1,0,90.45,55.2,100
R,0,2,0,-0.56,1,Hunter Goodman,0.07,696100,COL,0,0,Pitch Out,PO,0,0,2235,0,90.9,0
R,0.36,738,18.29,-0.43,1.19,Jake McCarthy,31.28,664983,COL,52.17,33.99,4-Seam Fastball,FF,12.35,0.32,2336.4,78.47,94.85,80.26
R,0.23,323,30.65,0.03,0.16,Jake McCarthy,13.69,664983,COL,39.63,45.13,Slider,SL,36.9,0.21,2464.79,81.58,86.82,77.34
R,0.32,280,21.79,0.02,0.59,Jake McCarthy,11.87,664983,COL,63.57,34.31,Sinker,SI,12.5,0.32,2212.75,81.87,94.07,79.21
R,0.25,267,24.72,-0.96,0.3,Jake McCarthy,11.32,664983,COL,38.58,43.29,Changeup,CH,26.28,0.24,1801.73,75.33,86.42,82.52
R,0.28,219,20.09,0.33,0.02,Jake McCarthy,9.28,664983,COL,34.25,34.72,Sweeper,ST,26.96,0.28,2610.56,77.83,83.04,86.67
R,0.36,210,18.1,0.09,0.58,Jake McCarthy,8.9,664983,COL,48.57,44.44,Cutter,FC,12.4,0.31,2443.44,76.58,90.1,79.41
R,0.34,191,19.37,0.46,-0.7,Jake McCarthy,8.1,664983,COL,40.31,29.82,Curveball,CU,17.05,0.26,2589.68,78.89,80.25,70.13
R,0.45,58,20.69,-0.9,0.32,Jake McCarthy,2.46,664983,COL,32.76,35.9,Split-Finger,FS,32.14,0.46,1350.93,83.08,88.4,73.68
R,0.1,44,40.91,0.57,-0.63,Jake McCarthy,1.87,664983,COL,43.18,36,Knuckle Curve,KC,47.83,0.18,2510.48,75.93,82.55,73.68
R,0.14,19,21.05,0.5,-0.67,Jake McCarthy,0.81,664983,COL,26.32,28.57,Slurve,SV,44.44,0,2855.05,88.22,80.42,100
R,0.27,4,0,0.05,-0.24,Jake McCarthy,0.17,664983,COL,50,0,Forkball,FO,0,1,623.5,78.1,86.6,100
R,0,3,0,0,0,Jake McCarthy,0.13,664983,COL,0,0,Unknown,UNK,0,0,0,0,0,0
R,0.27,2,0,-0.13,-0.02,Jake McCarthy,0.08,664983,COL,100,0,Knuckleball,KN,0,0,252,88.4,83.6,100
R,0.43,1,0,-0.25,1.5,Jake McCarthy,0.04,664983,COL,100,0,Eephus,EP,0,1,1234,99.4,43.5,100
R,0.2,198,27.27,0.14,1.18,Jordan Beck,26.19,687597,COL,52.53,28.72,4-Seam Fastball,FF,16.13,0.14,2327.02,80.34,94.68,63.46
R,0.33,138,24.64,0.01,0.22,Jordan Beck,18.25,687597,COL,36.23,32.95,Slider,SL,37.84,0.24,2391.86,86.61,86.05,90
R,0.27,136,30.88,-0.39,0.61,Jordan Beck,17.99,687597,COL,49.26,31.88,Sinker,SI,21.31,0.18,2204.75,80.42,93.71,58.21
R,0.24,81,43.21,0.31,-0.02,Jordan Beck,10.71,687597,COL,44.44,48.89,Sweeper,ST,37.21,0,2605.58,77.63,83.57,58.33
R,0.24,62,27.42,0.49,0.29,Jordan Beck,8.2,687597,COL,48.39,50,Changeup,CH,36.96,0.33,1889.87,74.95,85.37,100
R,0.24,62,33.87,-0.43,-0.76,Jordan Beck,8.2,687597,COL,38.71,39.47,Curveball,CU,36.67,0.38,2558.42,79.41,79.58,62.5
R,0.29,35,37.14,-0.01,0.63,Jordan Beck,4.63,687597,COL,42.86,55,Cutter,FC,31.58,0.44,2460.31,72.67,89.06,53.33
R,0.05,31,12.9,-0.95,0.12,Jordan Beck,4.1,687597,COL,19.35,56,Split-Finger,FS,20,0,1547.42,77,86.21,100
R,0,6,50,-0.06,0.14,Jordan Beck,0.79,687597,COL,33.33,25,Knuckle Curve,KC,66.67,0,2505.83,68.5,86.82,100
R,0.7,4,0,0.84,-0.74,Jordan Beck,0.53,687597,COL,50,0,Slurve,SV,0,0,2895.5,84.4,81.75,100
R,0.46,2,0,-0.26,1.72,Jordan Beck,0.26,687597,COL,100,0,Eephus,EP,0,0,1383,84.1,45.5,100
R,0.7,1,0,0,0,Jordan Beck,0.13,687597,COL,0,0,Unknown,UNK,0,0,0,0,0,0
R,0.33,495,24.65,-0.47,1.18,Mickey Moniak,26,666160,COL,55.15,42.79,4-Seam Fastball,FF,21.79,0.27,2341.81,84.68,94.72,79.49
R,0.21,312,19.87,-1,0.21,Mickey Moniak,16.39,666160,COL,35.9,40,Changeup,CH,26.26,0.24,1802.34,82.45,86.52,88.39
R,0.23,229,28.82,0.12,0.06,Mickey Moniak,12.03,666160,COL,44.54,38.58,Slider,SL,35.16,0.18,2482.02,82.6,86.68,77.45
R,0.32,198,20.2,0.02,0.54,Mickey Moniak,10.4,666160,COL,57.58,28.57,Sinker,SI,6.67,0.31,2206.17,83.97,93.56,71.05
R,0.31,179,29.05,0.07,0.58,Mickey Moniak,9.4,666160,COL,48.04,53.76,Cutter,FC,21.62,0.26,2411.37,84.22,89.65,70.93
R,0.3,178,30.34,0.39,0,Mickey Moniak,9.35,666160,COL,37.08,50,Sweeper,ST,36.19,0.3,2604.21,84.2,82.83,74.24
R,0.32,142,40.14,0.64,-0.74,Mickey Moniak,7.46,666160,COL,42.96,38.27,Curveball,CU,50.79,0.11,2649.24,90.45,80.78,52.46
R,0.24,95,33.68,-0.69,0.21,Mickey Moniak,4.99,666160,COL,42.11,61.82,Split-Finger,FS,35.29,0.36,1301.99,74.52,87.14,85
R,0.16,34,29.41,0.85,-0.73,Mickey Moniak,1.79,666160,COL,26.47,56,Knuckle Curve,KC,35,0,2582.91,72.55,80.37,66.67
R,0.47,21,33.33,0.84,-0.57,Mickey Moniak,1.1,666160,COL,23.81,37.5,Slurve,SV,50,0,2878.1,71.25,81.18,40
R,0.12,13,15.38,-0.13,-0.13,Mickey Moniak,0.68,666160,COL,53.85,0,Forkball,FO,28.57,0,604.46,92.5,85.03,100
R,0.45,8,12.5,0.1,0.38,Mickey Moniak,0.42,666160,COL,62.5,0,Knuckleball,KN,0,1,358.67,102.4,75.46,100
R,0.35,908,19.16,-0.35,1.18,TJ Rumfield,31,681198,COL,54.63,27.18,4-Seam Fastball,FF,10.79,0.29,2343.83,81.39,94.97,74.6
R,0.28,399,26.82,0,0.05,TJ Rumfield,13.62,681198,COL,34.09,40.3,Slider,SL,33.82,0.28,2467.97,80.47,86.42,74.26
R,0.33,363,20.11,0.05,0.59,TJ Rumfield,12.39,681198,COL,55.92,24.38,Sinker,SI,5.85,0.34,2218.55,81.26,94.22,65.02
R,0.31,337,17.8,-0.98,0.29,TJ Rumfield,11.51,681198,COL,33.83,33.63,Changeup,CH,20.69,0.26,1812.62,78.49,87.17,86.84
R,0.29,262,22.52,0.12,0.02,TJ Rumfield,8.95,681198,COL,40.84,34.84,Sweeper,ST,21.64,0.21,2594.94,80.08,82.69,74.77
R,0.34,248,22.18,0.13,0.58,TJ Rumfield,8.47,681198,COL,52.02,35.29,Cutter,FC,14.49,0.3,2437.43,79.31,89.85,74.42
R,0.28,218,25.23,0.53,-0.72,TJ Rumfield,7.44,681198,COL,32.11,36.49,Curveball,CU,32.29,0.25,2618.93,75.07,80.48,60
R,0.32,107,16.82,-0.78,0.3,TJ Rumfield,3.65,681198,COL,34.58,31.43,Split-Finger,FS,30.51,0.28,1408.99,76.43,86.55,100
R,0.19,42,19.05,0.88,-0.86,TJ Rumfield,1.43,681198,COL,35.71,29.63,Knuckle Curve,KC,10.53,0.18,2536.38,76.69,79.8,73.33
R,0,18,22.22,0.95,-0.65,TJ Rumfield,0.61,681198,COL,44.44,0,Slurve,SV,0,0,2766.33,66.03,79.81,50
R,0.7,8,25,-0.31,-0.08,TJ Rumfield,0.27,681198,COL,50,0,Knuckleball,KN,0,1,254.25,103.7,82.5,50
R,0.73,8,12.5,-0.16,0.87,TJ Rumfield,0.27,681198,COL,37.5,40,Other,FA,0,1,1434.12,94.75,63.15,66.67
R,0,5,0,-0.33,-0.39,TJ Rumfield,0.17,681198,COL,0,0,Forkball,FO,0,0,823.4,0,84.2,0
R,0.55,4,25,-0.1,1.66,TJ Rumfield,0.14,681198,COL,100,0,Eephus,EP,0,0.5,1279.5,100.33,43.58,75
R,0,2,0,0,0,TJ Rumfield,0.07,681198,COL,0,0,Unknown,UNK,0,0,0,0,0,0
R,0.37,777,28.57,-0.37,1.2,Troy Johnston,35.82,687859,COL,53.02,27.4,4-Seam Fastball,FF,23.94,0.31,2328.18,81.81,94.99,66.99
R,0.27,284,19.72,-1.05,0.33,Troy Johnston,13.09,687859,COL,36.27,45.3,Changeup,CH,26.29,0.22,1815.69,82.81,86.5,90.29
R,0.38,275,26.55,-0.17,0.59,Troy Johnston,12.68,687859,COL,54.18,22.22,Sinker,SI,13.76,0.26,2172.95,84.1,93.82,54.36
R,0.32,238,20.17,0.01,0.13,Troy Johnston,10.97,687859,COL,51.68,48.7,Slider,SL,17.5,0.3,2481.09,80.75,86.36,84.55
R,0.26,157,19.75,0.13,0.71,Troy Johnston,7.24,687859,COL,35.03,33.33,Cutter,FC,14.29,0.16,2456.85,82.64,90.01,65.45
R,0.34,134,27.61,0.56,-0.73,Troy Johnston,6.18,687859,COL,34.33,44.32,Curveball,CU,31.51,0.36,2674.81,86.68,80.26,73.91
R,0.3,134,18.66,0.17,0.03,Troy Johnston,6.18,687859,COL,34.33,40.91,Sweeper,ST,20.29,0.16,2604.66,77.41,81.96,71.74
R,0.3,67,23.88,-0.82,0.1,Troy Johnston,3.09,687859,COL,49.25,50,Split-Finger,FS,27.66,0.35,1384.18,85.76,86.75,90.91
R,0.15,48,33.33,0.69,-0.79,Troy Johnston,2.21,687859,COL,56.25,61.9,Knuckle Curve,KC,25.81,0.18,2583.4,77.76,80.65,66.67
R,0.48,31,19.35,0.93,-0.55,Troy Johnston,1.43,687859,COL,22.58,45.83,Slurve,SV,12.5,0.33,2665.29,78.09,81.46,71.43
R,0.93,8,12.5,-0.33,-0.3,Troy Johnston,0.37,687859,COL,25,0,Forkball,FO,0,1,707.25,101.4,83.95,50
R,0.7,6,33.33,0.01,0.12,Troy Johnston,0.28,687859,COL,66.67,0,Knuckleball,KN,0,0,284,0,80.63,0
R,0.79,5,20,-0.24,1.54,Troy Johnston,0.23,687859,COL,20,75,Eephus,EP,0,0.5,1084.6,80.1,48.48,0
R,0.52,3,0,-0.42,0.72,Troy Johnston,0.14,687859,COL,33.33,100,Other,FA,0,1,1492.33,96.8,62.6,100
R,0,2,0,0,0,Troy Johnston,0.09,687859,COL,0,0,Unknown,UNK,0,0,0,0,0,0
R,0.38,1087,26.31,-0.24,1.18,Willi Castro,38.89,650489,COL,50.41,32.84,4-Seam Fastball,FF,23.28,0.3,2333.43,82.01,95.07,73.54
R,0.19,506,25.89,-0.36,0.34,Willi Castro,18.1,650489,COL,32.81,43.53,Changeup,CH,34.75,0.2,1748.43,77.26,86.51,80.72
R,0.31,254,26.77,-0.2,0.64,Willi Castro,9.09,650489,COL,55.91,24.11,Sinker,SI,21.8,0.19,2219.88,83.62,94.19,74.65
R,0.41,231,26.84,0.13,-0.73,Willi Castro,8.26,650489,COL,43.72,40,Curveball,CU,27.42,0.45,2611.24,84.68,79.94,71.29
R,0.27,219,26.03,0.06,0.1,Willi Castro,7.84,650489,COL,31.51,47.33,Slider,SL,34.88,0.23,2479.68,83.38,86.31,84.06
R,0.41,186,28.49,0.13,0.57,Willi Castro,6.65,650489,COL,55.38,39.76,Cutter,FC,19.42,0.38,2414.16,81.97,89.5,67.96
R,0.2,120,27.5,0.53,0.01,Willi Castro,4.29,650489,COL,43.33,17.65,Sweeper,ST,32.61,0.04,2639.79,79.9,83.39,65.38
R,0.15,96,31.25,-0.62,0.23,Willi Castro,3.43,650489,COL,29.17,44.12,Split-Finger,FS,50,0.09,1464.96,77.61,87.59,78.57
R,0.24,51,43.14,0.5,-0.75,Willi Castro,1.82,650489,COL,43.14,48.28,Knuckle Curve,KC,48.15,0.3,2437.12,72.96,82.77,59.09
R,0.12,25,32,0.81,-0.63,Willi Castro,0.89,650489,COL,48,46.15,Slurve,SV,23.08,0.17,2825.6,68.33,79.8,58.33
R,0,8,50,-0.31,-0.38,Willi Castro,0.29,650489,COL,50,50,Forkball,FO,66.67,0,568.5,0,84.57,100
R,0.47,7,0,-0.07,-0.11,Willi Castro,0.25,650489,COL,42.86,0,Knuckleball,KN,0,0,316.67,68.7,75.9,100
R,0.7,3,33.33,0.69,0.8,Willi Castro,0.11,650489,COL,33.33,0,Other,FA,0,0,1575.67,0,69.8,0
R,0,2,0,-0.33,0.46,Willi Castro,0.07,650489,COL,0,0,Eephus,EP,0,0,163,0,59.25,0
R,0.11,44,43.18,-0.36,0.95,Zac Veen,33.33,691728,COL,52.27,42.86,4-Seam Fastball,FF,59.26,0.06,2329.56,95.74,93.68,78.26
R,0.29,24,25,0.04,0.63,Zac Veen,18.18,691728,COL,25,61.11,Cutter,FC,31.25,0.29,2348.32,67.43,91.6,83.33
R,0.47,23,26.09,-0.83,0.25,Zac Veen,17.42,691728,COL,43.48,46.15,Changeup,CH,37.5,0.5,1816.78,81.58,84,100
R,0,16,62.5,-0.51,0.1,Zac Veen,12.12,691728,COL,37.5,40,Split-Finger,FS,75,0,850.62,98.7,87.21,66.67
R,0.09,14,28.57,-0.1,0.22,Zac Veen,10.61,691728,COL,42.86,50,Slider,SL,20,0,2279.57,59.45,87.06,100
R,1.98,4,0,1.23,-0.98,Zac Veen,3.03,691728,COL,25,66.67,Curveball,CU,0,1,2956.25,90.1,76.72,100
R,0,4,50,-0.94,0.8,Zac Veen,3.03,691728,COL,50,0,Sinker,SI,100,0,2268,0,91.75,100
R,0,3,0,1.05,0.26,Zac Veen,2.27,691728,COL,66.67,100,Sweeper,ST,0,0,2879,78.43,81.97,100
R,0.4,750,22.8,-0.12,1.2,,29.26,691720,COL,54.13,28.2,4-Seam Fastball,FF,9.09,0.38,2337.38,83.98,94.49,68.23
L,0.35,596,20.81,-0.56,1.2,,35.27,666397,COL,50.67,16.67,4-Seam Fastball,FF,11.07,0.18,2353.85,84.19,95.53,64.57
R,0.34,516,20.35,-0.1,1.22,,30.62,671289,COL,56.4,32.44,4-Seam Fastball,FF,7.22,0.38,2323.12,80.67,94.61,70.1
R,0.31,434,25.81,-0.51,0.54,,16.93,691720,COL,60.6,28.07,Sinker,SI,8.56,0.21,2224.08,86.19,93.9,66.16
R,0.35,405,18.52,-0.46,0.6,,24.04,671289,COL,47.9,20.85,Sinker,SI,2.82,0.15,2217.05,78.51,94.21,68.56
R,0.29,399,28.57,0.1,0.14,,15.57,691720,COL,35.59,24.12,Slider,SL,40.49,0.2,2465.66,80.31,87,71.13
R,0.28,324,28.09,0.57,0.06,,12.64,691720,COL,34.26,17.37,Sweeper,ST,37.86,0.07,2583.82,76.43,83.18,59.46
R,0.33,240,19.58,0.41,0.34,,9.36,691720,COL,37.08,27.15,Changeup,CH,28.33,0.24,1811.82,76.28,85.05,88.76
R,0.27,232,22.84,0.14,0.07,,13.77,671289,COL,44.83,28.91,Slider,SL,22.52,0.25,2474.27,83.66,86.84,71.15
L,0.25,196,26.53,-1.15,0.4,,11.6,666397,COL,46.94,18.27,Changeup,CH,29.89,0.14,1826.24,83.98,87.5,73.91
L,0.24,178,31.46,-0.43,1.23,,39.29,694514,COL,55.06,32.5,4-Seam Fastball,FF,29.59,0.17,2322.96,80.93,95.47,73.47
L,0.34,177,36.72,0.15,0.1,,10.47,666397,COL,49.72,21.35,Slider,SL,45.21,0.2,2469.99,81.93,86.81,61.36
R,0.25,168,19.05,0.59,0.04,,9.97,671289,COL,48.21,37.93,Sweeper,ST,10.64,0.16,2617.33,79.39,83.07,75.31
R,0.24,168,36.31,0.5,1.17,,34.64,690924,COL,44.05,21.28,4-Seam Fastball,FF,33.85,0.17,2313.36,82,93.56,60.81
L,0.37,165,30.91,-0.68,0.61,,9.76,666397,COL,66.06,8.93,Sinker,SI,7.58,0.26,2249.64,85.11,94.29,55.96
R,0.25,162,28.4,0.15,0.54,,6.32,691720,COL,47.53,16.47,Cutter,FC,18.75,0.24,2374.18,81.8,88.86,64.94
L,0.33,151,27.81,0.12,0.65,,8.93,666397,COL,49.01,22.08,Cutter,FC,18.64,0.21,2412.94,78.55,91.23,56.76
R,0.25,135,12.59,0.44,0.31,,8.01,671289,COL,42.22,39.74,Changeup,CH,15.48,0.25,1756.27,78.81,85.99,92.98
L,0.29,130,29.23,0.81,-0.65,,7.69,666397,COL,41.54,23.68,Curveball,CU,31.71,0.23,2649.32,82.12,80.13,42.59
R,0.24,129,28.68,-0.08,-0.73,,5.03,691720,COL,41.09,21.05,Curveball,CU,34.04,0.2,2654.09,75.85,79.64,58.49
L,0.37,116,30.17,0.73,0.06,,6.86,666397,COL,54.31,20.75,Sweeper,ST,26.42,0.21,2568.67,82.13,82.39,66.67
R,0.17,105,27.62,0.09,0.58,,6.23,671289,COL,39.05,32.81,Cutter,FC,23.4,0.2,2324.9,77.51,89.52,63.41
R,0.25,85,27.06,0.3,1.2,,40.67,677060,COL,44.71,31.91,4-Seam Fastball,FF,25,0,2306,78.62,93.8,65.79
L,0.54,74,25.68,-0.7,0.18,,4.38,666397,COL,40.54,20.45,Split-Finger,FS,41.18,0.44,1449.68,89.25,87.35,83.33
R,0.41,65,18.46,-0.25,0.56,,13.4,690924,COL,53.85,16.67,Sinker,SI,12.5,0.33,2214.88,84.23,93.84,77.14
R,0.12,65,35.38,-0.13,0.13,,13.4,690924,COL,43.08,54.05,Slider,SL,40,0.12,2514.8,79.76,86.86,71.43
R,0.25,60,33.33,-0.33,-0.69,,3.56,671289,COL,50,20,Curveball,CU,20,0.22,2559,86.75,79.12,63.33
L,0.17,57,26.32,-0.62,0.46,,12.58,694514,COL,19.3,32.61,Changeup,CH,50,0,1789.16,60.22,86.65,81.82
R,0.44,55,29.09,-0.15,0.32,,2.15,691720,COL,45.45,26.67,Split-Finger,FS,41.38,0.27,1351.27,82.53,86.86,84
L,0.28,53,24.53,0.98,-0.7,,3.14,666397,COL,39.62,18.75,Knuckle Curve,KC,36.36,0.29,2524.89,84.26,82.1,76.19
R,0.03,53,20.75,0.66,0.39,,10.93,690924,COL,24.53,42.5,Changeup,CH,36,0,1687.09,65.85,83.01,61.54
L,0.43,53,13.21,-0.69,0.43,,11.7,694514,COL,49.06,11.11,Sinker,SI,4.35,0.42,2133.4,83.89,94.97,76.92
R,0.08,50,42,-0.5,-0.7,,10.31,690924,COL,42,20.69,Curveball,CU,40,0.17,2540.08,74.83,78.61,42.86
L,0.34,42,33.33,0.18,0.08,,9.27,694514,COL,57.14,27.78,Slider,SL,39.13,0.38,2361.38,87.04,86.25,75
R,0.18,34,17.65,0.05,0.23,,16.27,677060,COL,44.12,42.11,Slider,SL,10.53,0.11,2301.62,77.16,87.6,73.33
R,0.28,33,9.09,-0.15,0.58,,6.8,690924,COL,69.7,20,Cutter,FC,13.04,0.12,2239.15,74.76,89.08,91.3
L,0.17,33,42.42,0.28,-0.84,,7.28,694514,COL,39.39,45,Curveball,CU,47.06,0,2499.85,73.21,81.01,61.54
L,0.48,29,6.9,-0.04,0.7,,6.4,694514,COL,65.52,20,Cutter,FC,0,0.3,2259.55,93.38,90.47,89.47
R,0.14,28,53.57,0.47,-0.56,,1.09,691720,COL,39.29,41.18,Knuckle Curve,KC,80,0,2343.86,67.87,82.68,72.73
L,0.23,25,32,0.35,-0.02,,5.52,694514,COL,20,25,Sweeper,ST,50,0,2444.6,83.6,81.24,20
R,0.26,22,22.73,0.08,0.58,,10.53,677060,COL,50,27.27,Sinker,SI,0,0,2262.77,67.05,93.85,54.55
R,0.11,22,54.55,-0.19,0.02,,4.54,690924,COL,59.09,44.44,Sweeper,ST,44.44,0,2520.45,83.38,82.82,38.46
L,0.33,21,23.81,-1.05,-0.04,,4.64,694514,COL,38.1,23.08,Split-Finger,FS,45.45,0.8,1423.86,68.87,88.89,100
R,0.08,20,10,1.09,0.56,,9.57,677060,COL,30,28.57,Changeup,CH,20,0,1748.95,69.22,85.25,100
R,0.22,19,15.79,0.55,-0.64,,1.13,671289,COL,15.79,37.5,Knuckle Curve,KC,11.11,0.2,2371,85.69,82.54,100
R,0.24,17,17.65,0.09,-0.01,,1.01,671289,COL,41.18,40,Split-Finger,FS,11.11,0,1253.53,69.75,86.61,71.43
R,0.47,16,31.25,0.15,-0.58,,7.66,677060,COL,18.75,23.08,Knuckle Curve,KC,83.33,0,2638.38,109,84.31,100
R,0,16,31.25,-0.28,1.42,,32,690022,COL,68.75,40,4-Seam Fastball,FF,16.67,0,2404.38,91.9,94.79,90.91
R,0.42,15,26.67,-0.06,-0.2,,0.89,671289,COL,40,22.22,Forkball,FO,50,0,536.6,57.45,83.52,100
R,0.67,15,33.33,0.14,-0.54,,0.59,691720,COL,46.67,25,Slurve,SV,50,0.67,2707,96.3,80.63,85.71
L,0,12,66.67,0.82,-0.68,,0.71,666397,COL,66.67,50,Slurve,SV,50,0,2890,86.1,80.42,25
R,0.23,12,33.33,-0.57,-0.77,,5.74,677060,COL,41.67,28.57,Curveball,CU,0,0,2403.92,0,77.44,0
R,0,11,45.45,-1.25,0.09,,22,690022,COL,45.45,16.67,Sweeper,ST,83.33,0,2711.55,83.4,83.4,100
R,0.06,11,63.64,-0.03,-0.53,,2.27,690924,COL,63.64,50,Knuckle Curve,KC,77.78,0,2094.73,74.9,81.1,100
R,0,10,0,0,0,,0.39,691720,COL,0,0,Unknown,UNK,0,0,0,0,0,0
L,0.15,9,22.22,-0.42,-0.44,,0.53,666397,COL,33.33,33.33,Forkball,FO,40,0,585.78,82.73,83.97,100
R,0,9,44.44,-0.18,0.71,,18,690022,COL,22.22,57.14,Cutter,FC,66.67,0,2515.44,74,90.9,100
R,0.16,8,0,0.42,-0.49,,0.47,671289,COL,62.5,0,Slurve,SV,0,0,2674,82.1,82.98,100
R,0.23,8,37.5,-0.57,0.58,,3.83,677060,COL,75,100,Split-Finger,FS,28.57,0,1401.25,75.26,87.22,83.33
R,0.39,8,12.5,-0.24,0.72,,1.65,690924,COL,37.5,20,Eephus,EP,0,1,577.5,63.85,54.76,100
L,0.24,8,25,0.93,-0.62,,1.77,694514,COL,37.5,40,Knuckle Curve,KC,40,0,2388.5,81.97,84.09,100
R,0.7,7,14.29,0.04,0.5,,0.27,691720,COL,14.29,33.33,Knuckleball,KN,33.33,1,274,66,63.57,100
L,0.59,6,66.67,-0.12,-0.24,,0.36,666397,COL,100,0,Knuckleball,KN,50,1,352.33,104.1,79.07,66.67
R,0.16,6,0,-0.43,0.3,,12,690022,COL,50,0,Changeup,CH,0,0,1461,89.27,84.57,100
R,0.31,6,16.67,-0.08,1.49,,1.24,690924,COL,50,33.33,Other,FA,0,0.5,1595.67,75.73,64.43,66.67
R,0.68,6,0,-0.1,1.03,,0.23,691720,COL,16.67,20,Other,FA,0,0.5,1477.83,91.15,61.33,100
R,0.23,5,0,-0.06,0.71,,2.39,677060,COL,0,40,Cutter,FC,0,0,2407.6,85.85,89.92,0
R,0.75,4,25,-0.28,1.5,,0.24,671289,COL,25,33.33,Eephus,EP,0,1,1229,99.6,43.45,0
R,0.03,4,0,0.25,0.26,,8,690022,COL,100,0,Slider,SL,0,0,2426,74.45,85.55,100
R,0,4,0,0.6,0.35,,0.82,690924,COL,0,0,Split-Finger,FS,0,0,1102.75,0,82.52,0
L,0.37,4,0,0.82,-0.74,,0.88,694514,COL,25,33.33,Slurve,SV,0,0,2839.5,87.95,79.25,100
L,0.03,3,0,-0.38,0.75,,0.18,666397,COL,33.33,0,Other,FA,0,0,1504.33,79.3,60.97,100
R,0,3,100,1.04,-0.67,,1.44,677060,COL,33.33,100,Slurve,SV,100,0,2997.67,0,79.63,0
R,0.26,3,33.33,-0.38,-0.05,,1.44,677060,COL,66.67,100,Sweeper,ST,33.33,0,2669.33,84.2,81.73,100
R,0.48,3,0,-0.21,1.93,,6,690022,COL,66.67,100,Eephus,EP,0,0.5,1368.67,78.43,49.7,100
L,0,2,0,0,0,,0.12,666397,COL,0,0,Unknown,UNK,0,0,0,0,0,0
R,0.11,2,0,1.02,-0.44,,0.08,691720,COL,0,100,Slow Curve,CS,0,0,2365,90.7,76.8,0
L,0.2,2,0,0.05,1.6,,0.44,694514,COL,50,100,Eephus,EP,0,1,1109.5,62,39.6,100
R,0,1,0,-0.23,1.53,,0.06,671289,COL,0,0,Other,FA,0,0,1555,0,58.6,0
R,0.07,1,0,0.04,1.62,,0.48,677060,COL,100,0,Eephus,EP,0,0,1108,67,39.3,100
R,0.18,1,0,0.02,-0.08,,2,690022,COL,100,0,Split-Finger,FS,0,0,1305,66.9,81.8,100
R,0.67,1,0,-0.35,2.03,,0.04,691720,COL,100,0,Eephus,EP,0,0,1290,105.6,46,100
R,0,1,0,-0.93,-0.11,,0.04,691720,COL,0,0,Forkball,FO,0,0,1017,0,82.8,0
L,0.1,1,0,0.52,0.92,,0.22,694514,COL,0,100,Other,FA,0,0,1642,72.6,70.9,0
R,0.42,158,20.89,0.13,1.25,Ben Malgeri,32.38,701162,DET,47.47,19.28,4-Seam Fastball,FF,19.12,0.27,2280.88,82.3,93.08,69.33
R,0.17,93,45.16,0.88,0.32,Ben Malgeri,19.06,701162,DET,33.33,35.48,Changeup,CH,65.12,0.17,1760.51,82.36,83.7,67.74
R,0.4,65,12.31,0.51,0.81,Ben Malgeri,13.32,701162,DET,52.31,25.81,Sinker,SI,0,0.21,2189.15,87.05,93.98,79.41
R,0.21,60,13.33,0.06,0.29,Ben Malgeri,12.3,701162,DET,41.67,22.86,Slider,SL,17.86,0.4,2361.4,84.02,86.44,80
R,0.34,53,18.87,0.05,0.61,Ben Malgeri,10.86,701162,DET,52.83,32,Cutter,FC,13.33,0.08,2398.23,78.97,89.41,78.57
R,0.34,33,15.15,-0.52,-0.59,Ben Malgeri,6.76,701162,DET,39.39,20,Curveball,CU,0,0.5,2339.03,74.22,79.91,46.15
R,0,12,41.67,-0.22,0.27,Ben Malgeri,2.46,701162,DET,16.67,40,Sweeper,ST,50,0,2541.33,64.3,81.13,0
R,0,8,75,-0.09,0.38,Ben Malgeri,1.64,701162,DET,0,75,Split-Finger,FS,100,0,744.75,0,81,0
R,0,4,0,-1.7,-0.31,Ben Malgeri,0.82,701162,DET,0,0,Slurve,SV,0,0,2846.5,0,83.25,0
R,0.54,2,0,-0.24,-0.11,Ben Malgeri,0.41,701162,DET,50,100,Knuckle Curve,KC,0,0,2271,94.6,82.2,100
R,0.34,723,29.05,-0.65,1.31,Colt Keith,32.44,690993,DET,58.37,29.24,4-Seam Fastball,FF,10.09,0.24,2297.85,84.95,94.51,59
R,0.25,369,23.04,-1.13,0.38,Colt Keith,16.55,690993,DET,41.46,32.87,Changeup,CH,27.96,0.25,1745.76,80.9,86.03,75.16
R,0.37,276,26.81,-0.92,0.63,Colt Keith,12.38,690993,DET,58.7,15.79,Sinker,SI,11.48,0.31,2212.83,85.34,93.99,64.2
R,0.4,222,21.17,0.17,0.66,Colt Keith,9.96,690993,DET,52.25,24.53,Cutter,FC,10.09,0.27,2365.97,83.51,89.56,71.55
R,0.34,188,24.47,0.25,0.02,Colt Keith,8.43,690993,DET,43.09,19.63,Slider,SL,30.56,0.25,2458.88,83.15,86.17,62.96
R,0.48,146,26.71,0.74,-0.91,Colt Keith,6.55,690993,DET,36.99,19.57,Curveball,CU,34.55,0.42,2584.28,87.96,80.9,68.52
R,0.23,140,22.14,-0.97,0.32,Colt Keith,6.28,690993,DET,37.14,25,Split-Finger,FS,32.2,0.18,1478.34,79.57,86.35,71.15
R,0.51,115,29.57,0.64,0.19,Colt Keith,5.16,690993,DET,45.22,17.46,Sweeper,ST,28.57,0.25,2573.49,81.17,81.44,46.15
R,0.55,21,28.57,0.76,-0.87,Colt Keith,0.94,690993,DET,38.1,7.69,Knuckle Curve,KC,20,0.6,2489.1,90.7,81.49,50
R,0.42,15,6.67,-0.24,1.3,Colt Keith,0.67,690993,DET,40,0,Eephus,EP,0,0,1074.2,73.17,42.53,50
R,0,10,30,0.47,-0.43,Colt Keith,0.45,690993,DET,40,0,Slurve,SV,50,0,2637.2,96.1,82.67,50
R,0,4,0,0,0,Colt Keith,0.18,690993,DET,0,0,Unknown,UNK,0,0,0,0,0,0
R,0.17,11,18.18,1.29,0.15,Corey Julks,26.83,667452,DET,27.27,50,Changeup,CH,28.57,0.67,1773.91,77.42,86.07,100
R,0.36,10,20,-0.13,0.63,Corey Julks,24.39,667452,DET,60,0,Cutter,FC,0,0,2254.2,86.67,90.04,100
R,0,8,50,0.54,1.28,Corey Julks,19.51,667452,DET,75,0,4-Seam Fastball,FF,0,0,2293.25,74.2,95.38,33.33
R,0.24,6,16.67,1.22,0.89,Corey Julks,14.63,667452,DET,33.33,0,Sinker,SI,0,1,2018.67,74.5,91.37,50
R,0,2,0,-0.2,-0.34,Corey Julks,4.88,667452,DET,0,0,Slider,SL,0,0,2598,0,87.5,0
R,0.01,2,0,0.08,0.17,Corey Julks,4.88,667452,DET,0,100,Split-Finger,FS,0,0,1625,81.8,81.7,0
R,0,2,0,-1.1,0.13,Corey Julks,4.88,667452,DET,0,0,Sweeper,ST,0,0,2415,0,82.2,0
R,0.4,910,22.97,-0.17,1.32,Dillon Dingler,29.19,693307,DET,49.23,21.86,4-Seam Fastball,FF,12.59,0.29,2316.63,83.82,94.53,69.64
R,0.38,679,25.18,-0.78,0.68,Dillon Dingler,21.78,693307,DET,53.02,30.72,Sinker,SI,9.94,0.24,2198.11,81.36,94.38,59.44
R,0.34,345,34.2,0.18,0.15,Dillon Dingler,11.06,693307,DET,40,37.2,Slider,SL,32,0.33,2419.94,85.18,86.54,52.9
R,0.32,310,27.42,0.47,0.33,Dillon Dingler,9.94,693307,DET,36.13,54.04,Changeup,CH,31.38,0.25,1714.18,81.59,85.33,72.32
R,0.42,263,23.19,0.09,0.62,Dillon Dingler,8.43,693307,DET,54.37,33.33,Cutter,FC,13.89,0.32,2333.38,82.7,89.64,72.73
R,0.4,247,26.72,0.46,0.08,Dillon Dingler,7.92,693307,DET,48.99,42.86,Sweeper,ST,15.62,0.28,2575.44,84.06,83.01,61.16
R,0.21,196,35.71,0.31,-0.73,Dillon Dingler,6.29,693307,DET,41.33,34.78,Curveball,CU,36.9,0.16,2500.89,82.29,79.52,54.32
R,0.29,93,17.2,-0.76,0.28,Dillon Dingler,2.98,693307,DET,31.18,34.38,Split-Finger,FS,22.22,0.18,1342.1,82.39,85.29,79.31
R,0.15,42,28.57,0.44,-1.09,Dillon Dingler,1.35,693307,DET,33.33,46.43,Knuckle Curve,KC,27.78,0,2523.02,80.52,83.9,35.71
R,0,21,47.62,-0.71,-0.39,Dillon Dingler,0.67,693307,DET,42.86,25,Slurve,SV,66.67,0,2782.67,76.3,82.11,33.33
R,0.25,3,33.33,-0.14,1.92,Dillon Dingler,0.1,693307,DET,66.67,100,Eephus,EP,0,0,1368.33,86.6,53,50
R,0.59,3,33.33,0.11,1.32,Dillon Dingler,0.1,693307,DET,66.67,0,Other,FA,0,1,1395.33,101.6,60.27,50
R,0,3,0,0,0,Dillon Dingler,0.1,693307,DET,0,0,Unknown,UNK,0,0,0,0,0,0
R,0,2,0,0.29,1.24,Dillon Dingler,0.06,693307,DET,0,0,Unknown,UN,0,0,961,0,47,0
R,0,1,0,1.18,-1.19,Dillon Dingler,0.03,693307,DET,0,100,Slow Curve,CS,0,0,2502,59,70.4,0
R,0.36,111,34.23,0.2,1.2,Eduardo Valencia,25.34,680664,DET,61.26,30.23,4-Seam Fastball,FF,32.79,0.27,2270.64,85.44,95,70.59
R,0.44,107,14.02,-0.42,0.71,Eduardo Valencia,24.43,680664,DET,57.01,28.26,Sinker,SI,9.38,0.32,2141.89,83.29,95.79,83.61
R,0.34,62,29.03,0.91,0.2,Eduardo Valencia,14.16,680664,DET,40.32,32.43,Changeup,CH,47.22,0.38,1787.89,89.22,85.84,96
R,0.11,42,14.29,0.05,0.57,Eduardo Valencia,9.59,680664,DET,30.95,20.69,Cutter,FC,23.53,0.43,2298.69,87.5,88.79,84.62
R,0.15,41,29.27,0.09,0.07,Eduardo Valencia,9.36,680664,DET,43.9,60.87,Slider,SL,25.93,0.27,2360.88,79.57,86.33,72.22
R,0.36,38,36.84,-0.27,-0.91,Eduardo Valencia,8.68,680664,DET,39.47,30.43,Curveball,CU,33.33,0.5,2461.55,79.65,78.87,33.33
R,0.57,19,21.05,0.25,0.18,Eduardo Valencia,4.34,680664,DET,42.11,36.36,Sweeper,ST,0,0,2424.84,98.54,82.61,25
R,0.12,8,12.5,0.96,-0.7,Eduardo Valencia,1.83,680664,DET,62.5,0,Knuckle Curve,KC,0,0,2559.62,75.2,79.46,80
R,0.32,6,33.33,-0.07,1.34,Eduardo Valencia,1.37,680664,DET,0,33.33,Eephus,EP,0,1,986.33,96.8,36.27,0
R,0,4,25,-1.46,-0.41,Eduardo Valencia,0.91,680664,DET,25,33.33,Slurve,SV,50,0,2816.75,81.3,83.25,100
R,0.33,666,24.02,-0.19,1.31,Gleyber Torres,30.9,650402,DET,52.55,21.2,4-Seam Fastball,FF,21.1,0.22,2317.95,84.91,94.56,74.29
R,0.37,374,21.12,-0.63,0.65,Gleyber Torres,17.35,650402,DET,53.74,15.61,Sinker,SI,7.41,0.35,2190.82,85.68,94.37,67.16
R,0.28,259,30.12,0.21,0.18,Gleyber Torres,12.02,650402,DET,45.56,24.11,Slider,SL,24.53,0.24,2387.44,78.29,86.35,61.02
R,0.29,237,36.29,0.13,0.6,Gleyber Torres,11,650402,DET,54.43,25,Cutter,FC,30.48,0.22,2380.99,81.56,89.09,60.47
R,0.34,217,26.73,0.63,0.06,Gleyber Torres,10.07,650402,DET,53,16.67,Sweeper,ST,10.98,0.38,2522.75,76.74,82.84,56.52
R,0.19,186,25.81,0.23,0.43,Gleyber Torres,8.63,650402,DET,38.71,14.04,Changeup,CH,27.59,0.15,1751.13,76.9,84.04,58.33
R,0.31,145,26.9,0.17,-0.77,Gleyber Torres,6.73,650402,DET,37.24,7.69,Curveball,CU,31.25,0.16,2552.99,72.51,80.36,46.3
R,0.42,38,7.89,-0.87,0.03,Gleyber Torres,1.76,650402,DET,18.42,25.81,Split-Finger,FS,13.33,0.25,1253.08,83.09,86.71,100
R,0.48,20,25,-0.14,-0.33,Gleyber Torres,0.93,650402,DET,35,7.69,Slurve,SV,0,0,2605.1,83.6,82.38,57.14
R,0,5,80,0.27,-0.58,Gleyber Torres,0.23,650402,DET,60,50,Knuckle Curve,KC,100,0,2519.2,0,79.92,0
R,0.29,4,25,0.5,1.3,Gleyber Torres,0.19,650402,DET,50,50,Other,FA,0,0,1768.25,73.35,73.38,50
R,0,3,0,0,0,Gleyber Torres,0.14,650402,DET,0,0,Unknown,UNK,0,0,0,0,0,0
R,0.18,1,0,1.01,-1.37,Gleyber Torres,0.05,650402,DET,100,0,Slow Curve,CS,0,0,2341,77.1,68.6,100
R,0.33,451,28.16,0.14,1.31,Hao-Yu Lee,32.26,701678,DET,53.44,22.38,4-Seam Fastball,FF,24.88,0.26,2289.7,86.74,94.46,68.88
R,0.33,240,35,-0.47,0.73,Hao-Yu Lee,17.17,701678,DET,55.42,24.3,Sinker,SI,22.64,0.28,2205.6,80.21,94.78,60.15
R,0.15,185,31.89,-0.03,0.02,Hao-Yu Lee,13.23,701678,DET,42.16,32.71,Slider,SL,40.91,0.13,2386.17,81.39,86.26,67.95
R,0.3,150,28,0.61,0.1,Hao-Yu Lee,10.73,701678,DET,40,44.44,Sweeper,ST,20.51,0.43,2531.47,78.48,82.84,63.33
R,0.35,147,21.09,0.84,0.42,Hao-Yu Lee,10.52,701678,DET,39.46,33.71,Changeup,CH,28.75,0.32,1709.48,81.04,83.88,86.21
R,0.28,114,29.82,0.04,0.68,Hao-Yu Lee,8.15,701678,DET,57.02,32.65,Cutter,FC,18.33,0.22,2359.75,79.23,89.64,67.69
R,0.57,69,13.04,-0.46,-0.84,Hao-Yu Lee,4.94,701678,DET,43.48,43.59,Curveball,CU,2.56,0.27,2390.19,81.95,77.35,73.33
R,0.18,21,47.62,-0.38,0.07,Hao-Yu Lee,1.5,701678,DET,19.05,52.94,Split-Finger,FS,75,0.38,843,101.83,83,75
R,0.3,14,42.86,-1.3,-0.13,Hao-Yu Lee,1,701678,DET,28.57,20,Slurve,SV,33.33,0,2857.86,94.1,82.87,100
R,0.25,7,0,0.64,-1.09,Hao-Yu Lee,0.5,701678,DET,57.14,66.67,Knuckle Curve,KC,0,0.33,2457.57,90.45,83.04,100
R,0.25,403,25.31,-0.57,1.29,James Outman,35.85,681546,DET,46.9,18.69,4-Seam Fastball,FF,27.89,0.11,2345.78,81.67,94.65,79.37
R,0.11,185,45.95,-1.06,0.4,James Outman,16.46,681546,DET,42.7,39.62,Changeup,CH,64.42,0.11,1748.29,69.46,85.37,78.48
R,0.23,108,34.26,-0.03,0.08,James Outman,9.61,681546,DET,45.37,38.98,Slider,SL,43.55,0.19,2410.78,85.78,85.81,79.59
R,0.43,99,28.28,-0.4,0.8,James Outman,8.81,681546,DET,62.63,40.54,Sinker,SI,15.52,0.32,2199.89,77.25,93.38,69.35
R,0.26,89,29.21,0.66,-0.86,James Outman,7.92,681546,DET,44.94,28.57,Curveball,CU,35,0.29,2683.78,84.24,81.71,65
R,0.05,82,36.59,0.2,0.69,James Outman,7.3,681546,DET,51.22,40,Cutter,FC,41.67,0.22,2539.39,85.47,90.26,76.19
R,0.05,65,41.54,0.28,0.24,James Outman,5.78,681546,DET,43.08,29.73,Sweeper,ST,50,0.25,2604.69,73.48,81.58,60.71
R,0.09,49,34.69,-0.81,0.04,James Outman,4.36,681546,DET,38.78,40,Split-Finger,FS,44,0.05,1211.59,75.88,87.03,68.42
R,0.02,27,40.74,0.69,-1.05,James Outman,2.4,681546,DET,22.22,28.57,Knuckle Curve,KC,75,0,2512.48,63.65,81.06,33.33
R,1.53,7,14.29,0.26,1.26,James Outman,0.62,681546,DET,42.86,0,Other,FA,0,1,1488.57,91,61.89,66.67
R,0.81,4,0,-0.15,1.07,James Outman,0.36,681546,DET,50,0,Eephus,EP,0,1,1025.5,101,38.25,100
R,0,4,100,1.17,-0.21,James Outman,0.36,681546,DET,100,0,Slow Curve,CS,100,0,2828,0,75.85,100
R,0,2,0,-0.22,-0.72,James Outman,0.18,681546,DET,0,50,Slurve,SV,0,0,2667,0,81.85,0
R,0.48,175,26.29,-0.29,1.32,Javier Báez,20.98,595879,DET,47.43,38.04,4-Seam Fastball,FF,20.43,0.54,2343.84,81.26,93.96,69.88
R,0.28,137,41.61,-0.73,0.56,Javier Báez,16.43,595879,DET,55.47,42.62,Sinker,SI,7.84,0.22,2186.52,79.98,94.62,32.89
R,0.23,133,32.33,0.95,-0.02,Javier Báez,15.95,595879,DET,35.34,56.98,Sweeper,ST,33.73,0.22,2536.62,76.32,82.76,72.34
R,0.24,125,26.4,0.25,0.12,Javier Báez,14.99,595879,DET,46.4,52.24,Slider,SL,26.83,0.23,2473.59,79.49,86.81,81.03
R,0.16,91,28.57,0.53,0.29,Javier Báez,10.91,595879,DET,39.56,61.82,Changeup,CH,28.81,0.15,1717.66,78.62,83.83,69.44
R,0.23,65,32.31,0.28,-0.69,Javier Báez,7.79,595879,DET,33.85,37.21,Curveball,CU,38.71,0.13,2597.29,83.28,80.6,68.18
R,0.26,61,16.39,0.04,0.63,Javier Báez,7.31,595879,DET,45.9,27.27,Cutter,FC,12.9,0.32,2397.98,81.86,88.57,78.57
R,0.37,18,16.67,-1.13,0.24,Javier Báez,2.16,595879,DET,33.33,33.33,Split-Finger,FS,22.22,0.5,1553.72,75.51,85.16,83.33
R,0.35,14,0,0.06,-0.72,Javier Báez,1.68,595879,DET,35.71,44.44,Knuckle Curve,KC,0,0,2480.93,87.82,83.51,100
R,0.21,13,30.77,0.48,-0.46,Javier Báez,1.56,595879,DET,15.38,54.55,Slurve,SV,28.57,0,2653.77,77.96,82.18,50
R,0.32,2,0,-0.12,1.04,Javier Báez,0.24,595879,DET,0,100,Eephus,EP,0,1,1060,92.5,39.3,0
R,0.41,1075,18.6,-0.29,1.31,Kevin McGonigle,29.59,805808,DET,52.84,15.19,4-Seam Fastball,FF,9.27,0.3,2299.66,84.43,94.33,73.77
R,0.38,551,19.06,-0.06,0.62,Kevin McGonigle,15.17,805808,DET,57.71,18.03,Sinker,SI,4.85,0.34,2197.37,84.1,93.33,71.07
R,0.23,511,20.94,-0.88,0.37,Kevin McGonigle,14.07,805808,DET,35.81,26.22,Changeup,CH,27.65,0.19,1763.83,77.27,85.63,71.58
R,0.3,398,25.63,-0.02,0.13,Kevin McGonigle,10.96,805808,DET,41.96,20.78,Slider,SL,20.53,0.16,2403.9,79.38,86.08,61.68
R,0.43,306,24.18,0.05,0.66,Kevin McGonigle,8.42,805808,DET,54.25,20.71,Cutter,FC,13.67,0.25,2354.06,80.89,89.81,66.27
R,0.18,301,29.9,0.14,0.08,Kevin McGonigle,8.29,805808,DET,52.49,15.38,Sweeper,ST,20.91,0.12,2595,77.44,81.64,55.7
R,0.33,278,25.18,0.62,-0.82,Kevin McGonigle,7.65,805808,DET,48.2,11.11,Curveball,CU,9.88,0.35,2619.15,85.04,80.38,48.51
R,0.35,124,14.52,-0.85,0.2,Kevin McGonigle,3.41,805808,DET,33.87,23.17,Split-Finger,FS,10.87,0.26,1295.22,81.39,85.98,64.29
R,0.25,53,20.75,0.58,-0.99,Kevin McGonigle,1.46,805808,DET,26.42,30.77,Knuckle Curve,KC,10,0.36,2527.79,83.04,81.46,57.14
R,0.23,11,45.45,-0.16,-0.5,Kevin McGonigle,0.3,805808,DET,54.55,20,Slurve,SV,33.33,0,2576,82.9,80.86,33.33
R,0,11,0,0,0,Kevin McGonigle,0.3,805808,DET,0,0,Unknown,UNK,0,0,0,0,0,0
R,0.11,7,0,-0.07,0.97,Kevin McGonigle,0.19,805808,DET,42.86,50,Other,FA,0,0,1515.71,85.77,61.33,33.33
R,0.16,5,0,-0.35,1.39,Kevin McGonigle,0.14,805808,DET,60,100,Eephus,EP,0,0,1086.4,88.64,38.94,100
R,0,2,0,1.54,-1.44,Kevin McGonigle,0.06,805808,DET,0,0,Slow Curve,CS,0,0,3151,0,75,0
R,0.28,226,20.35,-0.36,1.19,Max Clark,42.72,703601,DET,57.96,23.16,4-Seam Fastball,FF,11.2,0.27,2285.46,80.54,95.05,78.63
R,0.27,98,30.61,-0.01,0.56,Max Clark,18.53,703601,DET,56.12,25.58,Sinker,SI,7.14,0.17,2202.18,81.28,94.62,56.36
R,0.17,45,31.11,-0.74,0.08,Max Clark,8.51,703601,DET,40,44.44,Changeup,CH,27.27,0,1657.84,80.56,84.98,55.56
R,0.19,45,20,0.06,0.58,Max Clark,8.51,703601,DET,44.44,36,Cutter,FC,0,0,2259.71,75.6,89.33,65
R,0.46,45,17.78,-0.09,0.22,Max Clark,8.51,703601,DET,22.22,57.14,Slider,SL,21.43,0.5,2321.29,83.88,85.94,80
R,0.33,31,45.16,0.43,0.04,Max Clark,5.86,703601,DET,38.71,42.11,Sweeper,ST,33.33,0.5,2571.06,84.32,83.85,33.33
R,0.49,21,42.86,0.42,-0.28,Max Clark,3.97,703601,DET,66.67,28.57,Curveball,CU,20,0.29,2078.43,81.2,71.94,57.14
R,0.27,16,18.75,-0.72,-0.16,Max Clark,3.02,703601,DET,31.25,72.73,Split-Finger,FS,23.08,0,983.44,84.57,89.29,100
R,0,2,0,-1.27,-0.41,Max Clark,0.38,703601,DET,0,0,Slurve,SV,0,0,2915,0,83.5,0
R,0.37,928,25,-0.25,1.31,Spencer Torkelson,27.33,679529,DET,52.05,15.73,4-Seam Fastball,FF,19.9,0.22,2314.16,86.82,94.78,70.81
R,0.43,536,24.44,-0.72,0.63,Spencer Torkelson,15.79,679529,DET,58.21,18.75,Sinker,SI,12.79,0.34,2212.79,86.42,94.3,69.23
R,0.33,528,30.87,0.16,0.1,Spencer Torkelson,15.55,679529,DET,43.75,22.56,Slider,SL,34.74,0.23,2470.05,81.57,85.97,63.2
R,0.24,367,38.42,0.79,0.13,Spencer Torkelson,10.81,679529,DET,44.96,22.77,Sweeper,ST,48.15,0.19,2596.47,80.16,83.01,53.94
R,0.19,355,31.55,0.41,0.39,Spencer Torkelson,10.46,679529,DET,35.77,33.77,Changeup,CH,43.11,0.15,1714.19,75.81,84.85,70.87
R,0.33,342,33.63,0.13,0.62,Spencer Torkelson,10.07,679529,DET,56.14,16.67,Cutter,FC,30.2,0.21,2329.62,82.58,89.29,64.58
R,0.1,197,37.56,0.1,-0.83,Spencer Torkelson,5.8,679529,DET,39.59,30.25,Curveball,CU,45.35,0.16,2525.43,82.23,80.01,64.1
R,0.07,71,29.58,-0.71,0.32,Spencer Torkelson,2.09,679529,DET,29.58,26,Split-Finger,FS,55.17,0.05,1286.24,86.98,85.88,76.19
R,0,37,35.14,0.51,-0.88,Spencer Torkelson,1.09,679529,DET,48.65,10.53,Knuckle Curve,KC,30,0,2506.08,75.03,81.68,44.44
R,0.12,24,20.83,-0.04,-0.49,Spencer Torkelson,0.71,679529,DET,33.33,18.75,Slurve,SV,11.11,0,2694.5,75.26,82.36,75
R,0.16,6,33.33,-0.08,1.26,Spencer Torkelson,0.18,679529,DET,0,33.33,Eephus,EP,0,0,1029,67.8,40.93,0
R,0,4,0,0,0,Spencer Torkelson,0.12,679529,DET,0,0,Unknown,UNK,0,0,0,0,0,0
R,0.29,844,20.73,-0.45,1.27,Zach McKinstry,37.98,656716,DET,54.38,25.71,4-Seam Fastball,FF,8.86,0.22,2298.85,79.39,94.6,71.9
R,0.35,290,23.79,-0.33,0.55,Zach McKinstry,13.05,656716,DET,65.52,19,Sinker,SI,6.8,0.21,2193.33,80.68,93.49,67.37
R,0.24,230,23.48,-1.03,0.27,Zach McKinstry,10.35,656716,DET,49.13,34.19,Changeup,CH,22.83,0.24,1697.16,76.77,85.59,76.99
R,0.31,213,24.88,-0.05,0.06,Zach McKinstry,9.59,656716,DET,41.78,34.68,Slider,SL,22.77,0.19,2423.36,78.95,85.72,65.17
R,0.26,198,28.28,0.78,-0.88,Zach McKinstry,8.91,656716,DET,39.9,32.77,Curveball,CU,16.22,0.2,2624.38,82.08,80.13,44.3
R,0.32,171,23.98,0.09,0.6,Zach McKinstry,7.7,656716,DET,58.48,23.94,Cutter,FC,9.09,0.38,2354.35,82,89.83,71
R,0.47,118,25.42,0.4,0.07,Zach McKinstry,5.31,656716,DET,36.44,20,Sweeper,ST,24.32,0.19,2568.64,84.26,82.13,51.16
R,0.17,110,25.45,-0.85,0.18,Zach McKinstry,4.95,656716,DET,40,40.91,Split-Finger,FS,28.07,0.06,1299.2,77.75,86.67,68.18
R,0.11,28,28.57,0.62,-1.11,Zach McKinstry,1.26,656716,DET,39.29,47.06,Knuckle Curve,KC,13.33,0,2542.5,69.95,82.42,63.64
R,0.36,11,18.18,-0.02,1.27,Zach McKinstry,0.5,656716,DET,36.36,28.57,Eephus,EP,0,0.5,1135.36,95.93,44.61,100
R,0,4,50,-1.14,-0.23,Zach McKinstry,0.18,656716,DET,100,0,Slurve,SV,0,0,2918.5,0,83.7,50
R,0,4,0,0,0,Zach McKinstry,0.18,656716,DET,0,0,Unknown,UNK,0,0,0,0,0,0
R,0.06,1,0,0.38,1.28,Zach McKinstry,0.05,656716,DET,0,100,Other,FA,0,0,1787,74.6,73.3,0
L,0.36,1151,24.15,-0.24,1.31,,34.83,682985,DET,53.43,23.51,4-Seam Fastball,FF,19.44,0.24,2302.24,83.81,94.2,72.36
R,0.3,589,26.49,-0.07,1.4,,33.07,663837,DET,54.84,31.2,4-Seam Fastball,FF,14.43,0.15,2297.1,83.68,94.19,68.73
L,0.27,494,26.52,-0.77,0.36,,14.95,682985,DET,33,31.72,Changeup,CH,40.71,0.19,1746.58,82.92,86.03,74.23
L,0.31,430,29.77,-0.57,1.26,,28.76,681481,DET,48.37,32.43,4-Seam Fastball,FF,23.15,0.21,2269.63,86.94,94.34,62.98
L,0.39,413,32.2,0.18,0.67,,12.5,682985,DET,56.9,24.72,Sinker,SI,9.76,0.42,2208.08,85.74,93.71,51.06
R,0.35,369,32.52,-0.61,0.73,,20.72,663837,DET,55.83,24.54,Sinker,SI,11.19,0.19,2187.43,84.33,93.97,50
L,0.26,338,26.63,-0.3,1.36,,34.21,672761,DET,52.66,25,4-Seam Fastball,FF,14.94,0.15,2314.71,83.11,94.32,64.04
L,0.37,332,28.01,-0.09,0.14,,10.05,682985,DET,53.61,22.73,Slider,SL,30,0.36,2390.25,82.98,85.53,75.84
R,0.27,315,25.4,-0.22,1.32,,32.37,668670,DET,53.33,30.61,4-Seam Fastball,FF,18.52,0.21,2298.37,85.24,94.12,69.64
R,0.31,239,23.43,0.13,0.13,,13.42,663837,DET,50.21,26.89,Slider,SL,19.2,0.25,2496.13,86.9,86.53,77.5
L,0.48,219,24.2,0.07,0.63,,6.63,682985,DET,48.4,17.7,Cutter,FC,29.59,0.3,2369.25,82.91,89.82,73.58
L,0.38,206,28.16,-0.07,0.09,,6.23,682985,DET,47.57,21.3,Sweeper,ST,33.33,0.29,2605.29,78.29,81.83,68.37
L,0.5,203,31.03,0.59,-0.88,,6.14,682985,DET,34.48,28.57,Curveball,CU,35.53,0.11,2596.82,84.89,79.94,54.29
R,0.27,199,20.6,0.7,0.43,,11.17,663837,DET,38.19,34.15,Changeup,CH,22.11,0.23,1700.26,78.27,84.24,69.74
L,0.26,199,26.63,-0.89,0.28,,6.02,682985,DET,35.18,33.33,Split-Finger,FS,41.75,0.18,1289.23,80.13,85.26,85.71
L,0.11,197,31.98,0.15,0.09,,13.18,681481,DET,45.18,39.81,Slider,SL,35.85,0.07,2347.57,79.14,84.98,70.79
L,0.32,188,15.96,-1.19,0.26,,12.58,681481,DET,34.04,41.94,Changeup,CH,23.42,0.3,1759.01,80.04,86.36,92.19
L,0.19,174,20.69,-0.13,0.4,,17.61,672761,DET,37.36,35.78,Changeup,CH,26.09,0.16,1736.33,79.59,85.09,81.54
L,0.32,169,34.91,0.74,-0.79,,11.3,681481,DET,35.5,36.7,Curveball,CU,38.24,0.15,2566.6,84.44,80.9,46.67
R,0.35,165,23.03,-0.77,0.56,,16.96,668670,DET,54.55,29.33,Sinker,SI,13.79,0.16,2147.95,79.62,93.24,72.22
R,0.14,158,41.14,0.26,0.1,,16.24,668670,DET,43.04,27.78,Slider,SL,50,0.08,2442.14,81.49,85.25,48.53
R,0.24,158,30.38,0.06,1.38,,37.26,670097,DET,50.63,20.51,4-Seam Fastball,FF,28.12,0.14,2277.18,79.35,93.77,60
L,0.41,147,33.33,-0.52,0.68,,9.83,681481,DET,53.06,36.23,Sinker,SI,15.38,0.27,2190.9,85.77,93.19,51.28
L,0.39,143,23.08,-0.5,0.79,,14.47,672761,DET,55.94,36.51,Sinker,SI,10.67,0.31,2211.2,87.27,94.47,65
L,0.4,141,21.99,0.15,0.59,,9.43,681481,DET,56.74,39.34,Cutter,FC,18.39,0.42,2324.16,85.33,90.05,78.75
R,0.25,134,16.42,0.48,0.1,,7.52,663837,DET,52.99,49.21,Sweeper,ST,10.11,0.27,2571.86,78,82.06,81.69
R,0.42,109,30.28,0.08,0.61,,6.12,663837,DET,47.71,33.33,Cutter,FC,15.69,0.3,2393.99,82.74,89.4,61.54
R,0.35,102,32.35,0.13,0.66,,10.48,668670,DET,49.02,7.69,Cutter,FC,29.03,0.13,2426.6,78.22,90.23,54
L,0.28,93,33.33,0.4,0.15,,6.22,681481,DET,49.46,31.91,Sweeper,ST,27.5,0.17,2607.55,85.24,81.64,54.35
R,0.19,88,39.77,-0.25,-1,,4.94,663837,DET,52.27,33.33,Curveball,CU,18.75,0.18,2590.05,78.68,79.2,39.13
R,0.23,88,37.5,-0.39,0.65,,20.75,670097,DET,59.09,19.44,Sinker,SI,21.95,0.29,2203.32,80.88,94.23,65.38
L,0.25,87,26.44,-0.62,1.35,,35.51,678009,DET,56.32,21.05,4-Seam Fastball,FF,14.63,0.14,2304.61,81.84,94.9,67.35
L,0.3,86,19.77,-0.65,1.36,,35.83,669398,DET,62.79,34.38,4-Seam Fastball,FF,15.79,0.09,2341.78,85.54,94.4,85.19
R,0.29,82,29.27,0.79,0.15,,8.43,668670,DET,50,24.39,Sweeper,ST,16.13,0.22,2668.05,78.44,83.4,51.22
R,0.2,73,34.25,0.34,0.26,,7.5,668670,DET,38.36,31.11,Changeup,CH,50,0.13,1778.4,87.89,84.13,42.86
L,0.2,73,45.21,0.82,0.26,,7.39,672761,DET,65.75,40,Sweeper,ST,16.67,0.18,2554.07,79.75,83.18,41.67
L,0.15,70,27.14,0.08,0.03,,7.09,672761,DET,44.29,28.21,Slider,SL,21.43,0,2480.64,82.45,86.09,54.84
L,0.15,68,25,-0.87,0.11,,4.55,681481,DET,33.82,44.44,Split-Finger,FS,36.59,0.11,1235.87,72.75,85.8,91.3
L,0.18,65,23.08,0.43,-1.06,,6.58,672761,DET,40,15.38,Curveball,CU,5.56,0,2628.02,85.24,79.55,46.15
L,0.21,62,25.81,0.01,0.72,,6.28,672761,DET,61.29,20.83,Cutter,FC,18.42,0.2,2277.02,79.86,90.15,86.84
R,0.53,57,17.54,1,0.13,,13.44,670097,DET,43.86,12.5,Sweeper,ST,9.52,0,2462.3,69.08,82.4,68
L,0.15,53,13.21,-1.05,0.22,,21.63,678009,DET,37.74,33.33,Changeup,CH,17.86,0.19,1665.4,77.5,87.71,85
R,0.15,49,34.69,0.37,-1.03,,5.04,668670,DET,51.02,25,Curveball,CU,20,0.09,2826.06,75.81,78.84,56
L,0.21,43,27.91,0.4,-1.17,,2.88,681481,DET,30.23,30,Knuckle Curve,KC,38.89,0,2558,67.31,82,69.23
L,0.34,41,14.63,-0.77,1.16,,44.57,814430,DET,60.98,50,4-Seam Fastball,FF,0,0.17,2302.05,81.02,95.12,80
R,0.28,38,26.32,0.4,0.37,,8.96,670097,DET,34.21,44,Changeup,CH,30,0.1,1698.13,77.97,86.11,69.23
R,0.13,37,24.32,0.08,0.52,,8.73,670097,DET,51.35,38.89,Cutter,FC,26.09,0.1,2314.43,82.5,88.27,84.21
L,0.49,37,21.62,0.4,-1,,1.12,682985,DET,32.43,44,Knuckle Curve,KC,16.67,0.33,2498.43,82.63,82.83,58.33
L,0,32,37.5,-1.07,0.39,,13.33,669398,DET,25,58.33,Split-Finger,FS,54.55,0,1541.75,68.06,87.09,100
L,0.05,30,16.67,-0.98,0.19,,3.04,672761,DET,23.33,56.52,Split-Finger,FS,21.05,0,1301.17,71.69,85.68,85.71
L,0,30,0,0,0,,0.91,682985,DET,0,0,Unknown,UNK,0,0,0,0,0,0
R,0,27,37.04,-0.27,0.34,,1.52,663837,DET,29.63,52.63,Split-Finger,FS,42.86,0,1346.11,68.78,85.83,50
L,0.27,27,22.22,-0.75,0.42,,11.02,678009,DET,59.26,27.27,Sinker,SI,0,0.5,2253.48,77.48,93.2,50
L,0.3,24,20.83,-1.12,0.71,,10,669398,DET,50,58.33,Changeup,CH,26.32,0.15,1998.12,86.62,85.48,100
L,0.01,24,45.83,0.74,-0.74,,10,669398,DET,33.33,75,Curveball,CU,50,0,2617.33,74.87,80.64,75
L,0.33,22,36.36,0.17,0.37,,9.17,669398,DET,54.55,20,Slider,SL,40,0.5,2355.68,82.32,84.29,66.67
L,0.26,21,19.05,0.24,-0.86,,2.13,672761,DET,66.67,0,Knuckle Curve,KC,15.38,0,2512.14,86.73,82.52,92.86
R,0.05,20,35,-0.05,0.2,,2.06,668670,DET,30,28.57,Split-Finger,FS,66.67,0,1234.9,38.8,82.94,83.33
R,0.13,20,15,0.1,-0.05,,4.72,670097,DET,15,41.18,Slider,SL,30,0,2245.15,68.86,85.81,100
L,0.16,19,42.11,0.62,-0.62,,1.27,681481,DET,47.37,50,Slurve,SV,33.33,0,2675.11,89.62,80.75,44.44
L,0.15,17,41.18,0.9,-1,,6.94,678009,DET,52.94,87.5,Curveball,CU,10,0.12,2545.06,73.99,80.41,33.33
L,0.79,17,17.65,0.14,0.59,,6.94,678009,DET,58.82,0,Cutter,FC,0,1,2279.24,73.1,89.7,70
L,0.17,16,12.5,-1.15,0.11,,6.67,669398,DET,25,16.67,Sinker,SI,0,0,2115.5,94.1,91.02,100
L,0.78,16,31.25,-0.14,-0.41,,0.48,682985,DET,31.25,36.36,Slurve,SV,20,1,2512.81,74.6,82.89,20
R,0.13,15,20,0.16,-0.95,,0.84,663837,DET,26.67,36.36,Knuckle Curve,KC,0,0.5,2453.6,56.16,81.57,25
L,0.68,15,33.33,1.15,-0.02,,6.25,669398,DET,26.67,36.36,Sweeper,ST,50,0.5,2629.6,100.37,83.51,50
L,0.42,15,26.67,-0.95,1.17,,45.45,690291,DET,60,16.67,4-Seam Fastball,FF,0,0,2317.13,85.27,93.95,55.56
L,1.2,14,42.86,0,0.53,,5.83,669398,DET,42.86,75,Cutter,FC,50,1,2419,88.05,90.34,100
L,0.06,14,42.86,-1.1,0.37,,5.71,678009,DET,21.43,36.36,Split-Finger,FS,71.43,0,1617.07,70.25,88.84,100
L,0.38,13,7.69,0.31,0.07,,5.31,678009,DET,23.08,0,Slider,SL,0,1,2549.15,98.7,86.94,66.67
L,0.42,12,33.33,-0.81,0.72,,13.04,814430,DET,50,66.67,Changeup,CH,40,0.33,1513.08,72.97,82.53,100
R,0.9,11,36.36,0,-1.09,,2.59,670097,DET,45.45,33.33,Curveball,CU,25,0.67,2420.91,99.13,77.96,40
R,0,10,60,-0.98,0.28,,2.36,670097,DET,40,66.67,Split-Finger,FS,75,0,1503.8,75.7,89.6,100
L,0.03,9,77.78,0.22,0.63,,24.32,669360,DET,100,0,Cutter,FC,75,0,2313.22,94,91.22,44.44
L,0,8,0,-0.94,0.2,,21.62,669360,DET,0,0,Changeup,CH,0,0,1922.25,0,88.32,0
L,0,8,50,1.15,0.15,,21.62,669360,DET,100,0,Sweeper,ST,33.33,0,2476,72.4,82.85,75
L,0.29,8,37.5,-1.14,-0.33,,0.81,672761,DET,62.5,33.33,Slurve,SV,50,0,2646,92.1,81.12,100
L,0,8,12.5,-0.03,0.72,,8.7,814430,DET,50,0,Cutter,FC,25,0,2310.12,92.17,90.05,100
L,0.25,8,0,-0.65,0.5,,8.7,814430,DET,75,100,Sinker,SI,0,1,2318,81.19,95.11,100
R,0.34,7,28.57,0.04,1.66,,0.39,663837,DET,28.57,20,Eephus,EP,0,0,1278.14,90.97,50.56,100
L,0.39,7,0,0.79,1.36,,18.92,669360,DET,42.86,50,4-Seam Fastball,FF,0,0,2407.86,79.73,95.27,100
L,0.17,7,42.86,1.02,-0.68,,2.92,669398,DET,57.14,33.33,Knuckle Curve,KC,0,0,2280.29,90.05,84.69,25
L,0,7,42.86,0.69,-0.8,,2.86,678009,DET,57.14,0,Knuckle Curve,KC,0,0,2583.14,64.1,79.74,25
L,0.79,7,0,1.16,-0.14,,2.86,678009,DET,28.57,0,Sweeper,ST,0,1,2364.57,88.5,84.79,100
L,0,7,0,-1.38,0.32,,21.21,690291,DET,14.29,16.67,Changeup,CH,0,0,1692.57,72.45,85.4,100
L,0.48,7,0,0.16,0.39,,21.21,690291,DET,71.43,0,Cutter,FC,0,0.33,2549.29,87.94,89.59,100
L,0,7,0,0.41,0.18,,7.61,814430,DET,57.14,0,Slider,SL,0,0,2230.86,73.25,88.34,100
L,0.64,6,0,0.61,-0.86,,6.52,814430,DET,100,0,Knuckle Curve,KC,0,1,2532.33,89.33,79.73,100
R,0,5,80,-1.31,-0.37,,0.28,663837,DET,40,66.67,Slurve,SV,100,0,2691.4,0,83.58,0
R,0.48,5,0,-0.32,1.42,,0.51,668670,DET,0,20,Eephus,EP,0,0,1244.8,91.4,48.32,0
L,0.7,5,20,-0.55,1.93,,0.15,682985,DET,60,0,Eephus,EP,0,0,1539,0,58.22,0
L,0,5,60,-0.2,0.05,,5.43,814430,DET,60,0,Sweeper,ST,0,0,2650,0,82.7,33.33
L,0.76,4,25,-0.75,0.88,,0.4,672761,DET,75,100,Eephus,EP,0,1,1491.75,69.9,60,66.67
L,0,3,66.67,-0.25,-1.08,,8.11,669360,DET,66.67,0,Curveball,CU,0,0,2646.33,0,78.1,0
L,0.16,3,33.33,0.57,-0.56,,1.22,678009,DET,66.67,100,Slurve,SV,0,0,2823.33,83.55,82.03,50
L,0,3,66.67,0.84,-1.01,,3.26,814430,DET,66.67,0,Curveball,CU,0,0,2687.33,0,83.77,0
R,0.21,2,0,0.28,-1.2,,0.21,668670,DET,100,0,Knuckle Curve,KC,0,0,2641,87.5,81.4,100
R,0,2,0,1.55,-0.25,,0.21,668670,DET,0,0,Slow Curve,CS,0,0,2614,0,70.1,0
L,0,2,100,-0.51,0.84,,5.41,669360,DET,100,0,Sinker,SI,100,0,2102,0,94.5,100
R,0,2,100,0.3,-1.09,,0.47,670097,DET,100,0,Knuckle Curve,KC,0,0,2537,0,82.6,0
R,0,2,100,-1.41,-0.39,,0.47,670097,DET,0,100,Slurve,SV,100,0,2911,0,83.7,0
L,0,2,0,0.89,-1.15,,6.06,690291,DET,0,0,Curveball,CU,0,0,2535,0,81.85,0
L,0.28,2,50,-0.82,-0.11,,2.17,814430,DET,100,0,Split-Finger,FS,50,0,1730.5,105,86.6,100
R,0.01,1,0,-0.68,0.75,,0.24,670097,DET,100,0,Eephus,EP,0,0,1457,90.5,57.9,100
L,0,1,0,-1.52,0.51,,3.03,690291,DET,100,0,Sinker,SI,0,0,2085,65.9,95.1,100
L,0,1,100,0.05,-0.17,,3.03,690291,DET,0,100,Slider,SL,100,0,2118,0,84.8,0
R,0.35,738,24.12,-0.25,1.35,Cam Smith,24.67,701358,HOU,53.25,28.99,4-Seam Fastball,FF,20.65,0.27,2332.62,86.34,94.99,76.84
R,0.33,558,18.46,-0.93,0.71,Cam Smith,18.66,701358,HOU,55.2,36.8,Sinker,SI,10.22,0.23,2208.86,82.56,94.58,75
R,0.43,453,33.33,0.12,0.09,Cam Smith,15.15,701358,HOU,47.68,28.27,Slider,SL,35.08,0.23,2419.81,83.96,86.92,57.41
R,0.15,352,42.05,0.83,0.09,Cam Smith,11.77,701358,HOU,41.48,33.5,Sweeper,ST,53.38,0.08,2624.45,84.05,83.82,54.11
R,0.23,269,33.46,0.05,0.48,Cam Smith,8.99,701358,HOU,38.29,27.71,Changeup,CH,49.59,0.12,1804.77,77.19,85.2,74.76
R,0.33,240,25,0.07,0.67,Cam Smith,8.02,701358,HOU,58.75,37.37,Cutter,FC,21.77,0.13,2372.83,81.36,89.42,78.01
R,0.33,222,21.17,0.01,-0.94,Cam Smith,7.42,701358,HOU,37.39,15.83,Curveball,CU,16.9,0.33,2630.99,77.87,79.93,59.04
R,0.23,86,23.26,-0.43,0.37,Cam Smith,2.88,701358,HOU,50,20.93,Split-Finger,FS,37.5,0.21,1266.77,83.45,85.07,90.7
R,0.24,41,53.66,0.45,-0.8,Cam Smith,1.37,701358,HOU,31.71,53.57,Knuckle Curve,KC,71.43,0.25,2519.71,94.63,84.3,46.15
R,0.71,17,11.76,-0.52,-0.46,Cam Smith,0.57,701358,HOU,11.76,6.67,Slurve,SV,0,1,2634.41,114,82.9,0
R,0,10,40,-0.52,1.38,Cam Smith,0.33,701358,HOU,20,25,Other,FA,0,0,1437.4,0,59.84,0
R,0.73,4,0,0.26,1.38,Cam Smith,0.13,701358,HOU,0,0,Eephus,EP,0,0,1034,0,43.85,0
R,0,1,0,0,0,Cam Smith,0.03,701358,HOU,0,0,Unknown,UNK,0,0,0,0,0,0
R,0.26,468,29.27,-0.31,1.31,Christian Vázquez,32.93,543877,HOU,53.42,41.28,4-Seam Fastball,FF,19.44,0.23,2334.74,81.77,94.93,64.8
R,0.27,303,26.73,-0.86,0.73,Christian Vázquez,21.32,543877,HOU,51.82,34.25,Sinker,SI,2.4,0.29,2220.76,79.86,94.61,47.77
R,0.15,188,26.06,0.2,0.03,Christian Vázquez,13.23,543877,HOU,34.04,29.84,Slider,SL,30.26,0.1,2426.45,75.4,87,60.94
R,0.16,148,27.7,1,0.2,Christian Vázquez,10.42,543877,HOU,37.16,43.01,Sweeper,ST,31.58,0.1,2671.82,73.27,83.87,65.45
R,0.29,125,24,0.07,0.64,Christian Vázquez,8.8,543877,HOU,60.8,16.33,Cutter,FC,6.67,0.24,2441.55,83.4,90.32,68.42
R,0.2,83,19.28,0.02,0.4,Christian Vázquez,5.84,543877,HOU,34.94,35.19,Changeup,CH,17.5,0.06,1778.9,75.65,84.67,72.41
R,0.19,69,36.23,0.16,-0.8,Christian Vázquez,4.86,543877,HOU,33.33,52.17,Curveball,CU,29.41,0.06,2567.01,76.79,80.73,43.48
R,0.11,24,4.17,-0.61,0.28,Christian Vázquez,1.69,543877,HOU,20.83,47.37,Split-Finger,FS,7.14,0,1249.96,83.3,86.68,100
R,0,7,42.86,0.21,-1.16,Christian Vázquez,0.49,543877,HOU,14.29,0,Knuckle Curve,KC,0,0,2519.29,0,82.21,0
R,0,6,0,0,0,Christian Vázquez,0.42,543877,HOU,0,0,Unknown,UNK,0,0,0,0,0,0
R,0.32,972,27.47,-0.36,1.31,Christian Walker,29.94,572233,HOU,47.33,33.2,4-Seam Fastball,FF,26.83,0.18,2331.87,82.81,95.48,70
R,0.33,536,20.71,-0.83,0.69,Christian Walker,16.51,572233,HOU,55.22,28.75,Sinker,SI,11.15,0.28,2213.73,84.44,94.8,73.65
R,0.29,492,27.24,0.16,0.12,Christian Walker,15.16,572233,HOU,39.84,35.81,Slider,SL,37.8,0.25,2470.17,83.31,86.86,75.51
R,0.22,282,30.14,0.91,0.12,Christian Walker,8.69,572233,HOU,37.94,33.71,Sweeper,ST,39.42,0.3,2658.25,84.21,83.17,72.9
R,0.3,277,24.91,0.14,0.65,Christian Walker,8.53,572233,HOU,51.62,32.84,Cutter,FC,21.09,0.21,2399.83,83.89,89.66,72.03
R,0.25,268,28.36,0.34,-0.95,Christian Walker,8.26,572233,HOU,40.67,21.38,Curveball,CU,36.04,0.07,2615.65,86.32,79.77,70.64
R,0.26,246,25.61,0.13,0.41,Christian Walker,7.58,572233,HOU,41.46,29.17,Changeup,CH,35.2,0.25,1748.46,81.35,85.6,81.37
R,0.48,80,18.75,-0.53,0.28,Christian Walker,2.46,572233,HOU,53.75,10.81,Split-Finger,FS,17.95,0.32,1318.28,95.94,85.95,81.4
R,0.12,72,27.78,0.5,-0.87,Christian Walker,2.22,572233,HOU,31.94,44.9,Knuckle Curve,KC,34.21,0.2,2588.14,75.83,82.67,69.57
R,0,9,0,0,0,Christian Walker,0.28,572233,HOU,0,0,Unknown,UNK,0,0,0,0,0,0
R,0.36,4,50,0.14,1.74,Christian Walker,0.12,572233,HOU,100,0,Eephus,EP,0,0,1065.5,97.7,41.2,50
R,0,4,0,1,-1.28,Christian Walker,0.12,572233,HOU,0,0,Slow Curve,CS,0,0,2549,0,70.45,0
R,0,4,0,-0.13,-0.43,Christian Walker,0.12,572233,HOU,0,0,Slurve,SV,0,0,2493,0,80.38,0
R,0.31,841,21.76,-0.39,1.3,Daulton Varsho,31.43,662139,HOU,50.42,37.89,4-Seam Fastball,FF,17.18,0.2,2307.31,82.84,94.87,76.65
R,0.3,441,23.36,-0.19,0.65,Daulton Varsho,16.48,662139,HOU,51.25,27.91,Sinker,SI,14.42,0.31,2209.66,81.85,94.05,68.58
R,0.21,392,25,-0.05,0.15,Daulton Varsho,14.65,662139,HOU,43.62,40.72,Slider,SL,23.96,0.18,2416.39,77.58,86.17,74.27
R,0.26,219,18.26,0.14,0.61,Daulton Varsho,8.18,662139,HOU,46.12,33.9,Cutter,FC,11.86,0.2,2399.69,81.5,90,77.23
R,0.26,215,20.93,0.57,-1,Daulton Varsho,8.03,662139,HOU,40.93,32.28,Curveball,CU,18.18,0.13,2625.47,78.75,80.15,65.91
R,0.36,213,16.9,-0.79,0.32,Daulton Varsho,7.96,662139,HOU,34.27,45.71,Changeup,CH,17.6,0.32,1670.63,78.44,86.67,83.56
R,0.33,194,26.29,0.31,0.04,Daulton Varsho,7.25,662139,HOU,40.21,31.03,Sweeper,ST,21.52,0.31,2538.03,78.63,82.4,55.13
R,0.38,72,22.22,-0.91,0.21,Daulton Varsho,2.69,662139,HOU,37.5,42.22,Split-Finger,FS,33.33,0.35,1257.86,84.62,86.27,85.19
R,0.16,52,38.46,0.69,-0.81,Daulton Varsho,1.94,662139,HOU,46.15,39.29,Knuckle Curve,KC,40,0.3,2469.65,81.25,83.89,58.33
R,0,18,0,-0.52,1.54,Daulton Varsho,0.67,662139,HOU,0,0,Unknown,UNK,0,0,0,0,94.6,0
R,0.29,11,9.09,-0.79,-0.45,Daulton Varsho,0.41,662139,HOU,27.27,12.5,Slurve,SV,0,0,2731.18,75.33,82.05,66.67
R,0.17,5,20,-0.08,-0.21,Daulton Varsho,0.19,662139,HOU,40,66.67,Knuckleball,KN,0,0,303.6,74.23,81,50
R,0.55,3,0,-0.4,1.3,Daulton Varsho,0.11,662139,HOU,33.33,100,Eephus,EP,0,1,1407.33,75.27,54,100
R,0.36,943,24.71,-0.32,1.38,Isaac Paredes,25.39,670623,HOU,51.75,26.37,4-Seam Fastball,FF,9.26,0.25,2340.23,84.59,95.3,61.68
R,0.37,750,26,-0.86,0.7,Isaac Paredes,20.19,670623,HOU,61.6,24.31,Sinker,SI,5.98,0.31,2215.49,84.98,94.78,60.82
R,0.22,599,24.87,0.16,0.07,Isaac Paredes,16.13,670623,HOU,41.74,22.06,Slider,SL,19.91,0.18,2459.57,80.13,86.82,55.6
R,0.27,356,23.03,-0.19,0.43,Isaac Paredes,9.59,670623,HOU,42.42,32.68,Changeup,CH,22.99,0.24,1791.22,81.13,86.6,70.86
R,0.44,323,24.46,0.17,0.63,Isaac Paredes,8.7,670623,HOU,47.99,20.24,Cutter,FC,14.17,0.38,2390.53,81.49,89.74,60
R,0.3,301,25.91,0.88,0.08,Isaac Paredes,8.1,670623,HOU,40.86,33.15,Sweeper,ST,23.24,0.26,2612.17,81.87,83.8,67.48
R,0.25,256,23.05,0.22,-0.96,Isaac Paredes,6.89,670623,HOU,30.86,33.33,Curveball,CU,17.35,0.14,2583.4,80.76,79.72,49.37
R,0.38,119,19.33,-0.57,0.29,Isaac Paredes,3.2,670623,HOU,32.77,31.25,Split-Finger,FS,18,0.42,1347.04,80.26,86.61,64.1
R,0.33,50,22,0.58,-0.9,Isaac Paredes,1.35,670623,HOU,26,45.95,Knuckle Curve,KC,25,0.2,2542.56,78.11,82.32,84.62
R,0.03,8,0,0.39,1.25,Isaac Paredes,0.22,670623,HOU,50,0,Eephus,EP,0,0,1052.75,93.55,38.98,100
R,0.7,4,0,1.14,1.16,Isaac Paredes,0.11,670623,HOU,0,0,Other,FA,0,0,1799.75,0,74.75,0
R,0.09,4,0,-0.15,-0.43,Isaac Paredes,0.11,670623,HOU,25,33.33,Slurve,SV,0,0,2475,88.45,80.42,100
R,0.7,1,0,0,0,Isaac Paredes,0.03,670623,HOU,0,0,Unknown,UNK,0,0,0,0,0,0
R,0.37,502,20.72,-0.32,1.35,Jeremy Peña,24.38,665161,HOU,49.2,34.51,4-Seam Fastball,FF,13.01,0.34,2318.95,83.81,94.97,73.28
R,0.36,397,18.39,-0.9,0.7,Jeremy Peña,19.28,665161,HOU,49.87,26.63,Sinker,SI,8.63,0.34,2203.92,84.97,94.87,72.73
R,0.27,362,37.02,0.17,0.09,Jeremy Peña,17.58,665161,HOU,44.75,46.5,Slider,SL,42.99,0.19,2466.51,80.68,86.88,79.01
R,0.26,217,31.34,0.95,0.08,Jeremy Peña,10.54,665161,HOU,41.47,41.73,Sweeper,ST,39.17,0.3,2670.77,80.86,83.79,74.44
R,0.31,207,29.95,-0.11,0.42,Jeremy Peña,10.05,665161,HOU,40.58,33.33,Changeup,CH,42.2,0.15,1692.86,80.43,86.15,80.95
R,0.39,152,27.63,0.17,0.71,Jeremy Peña,7.38,665161,HOU,50.66,37.33,Cutter,FC,25.58,0.29,2426.67,82.94,90.35,75.32
R,0.19,108,39.81,0.29,-0.89,Jeremy Peña,5.25,665161,HOU,34.26,43.66,Curveball,CU,55.77,0.16,2593.94,86.51,81.47,56.76
R,0.52,68,23.53,-0.44,0.27,Jeremy Peña,3.3,665161,HOU,27.94,24.49,Split-Finger,FS,51.85,0.43,1293.25,91.69,86.08,78.95
R,0.21,37,37.84,0.58,-0.7,Jeremy Peña,1.8,665161,HOU,32.43,60,Knuckle Curve,KC,51.85,0.2,2534.68,80.19,81.36,100
R,0,5,0,0.13,0.58,Jeremy Peña,0.24,665161,HOU,0,0,Unknown,UNK,0,0,2143,0,87.6,0
R,0.55,2,0,-0.41,-0.07,Jeremy Peña,0.1,665161,HOU,100,0,Eephus,EP,0,1,153,97.3,55.8,100
R,0.05,2,50,0.21,-0.8,Jeremy Peña,0.1,665161,HOU,100,0,Slurve,SV,50,0,2679.5,93.3,79.85,100
R,0.32,569,26.36,-0.3,1.33,Jose Altuve,21.78,514888,HOU,51.32,29.96,4-Seam Fastball,FF,19.37,0.28,2338.64,86,95.65,68.84
R,0.32,556,30.22,-0.85,0.63,Jose Altuve,21.29,514888,HOU,51.8,31.34,Sinker,SI,15.35,0.25,2219.66,82.6,94.77,59.03
R,0.21,432,25.23,0.19,0.04,Jose Altuve,16.54,514888,HOU,40.28,37.6,Slider,SL,23.83,0.19,2493.22,76.63,86.88,67.24
R,0.18,326,32.52,0.8,0.17,Jose Altuve,12.48,514888,HOU,37.12,43.41,Sweeper,ST,34.57,0.27,2648.11,76.22,83.8,60.33
R,0.22,232,27.16,0.05,0.33,Jose Altuve,8.88,514888,HOU,37.5,31.72,Changeup,CH,19.35,0.23,1749.99,79.04,86.4,54.02
R,0.36,229,21.83,0.16,0.58,Jose Altuve,8.77,514888,HOU,46.29,31.71,Cutter,FC,11.21,0.24,2407.45,78.46,89.81,64.15
R,0.27,138,23.19,-0.1,-0.89,Jose Altuve,5.28,514888,HOU,32.61,38.71,Curveball,CU,22.03,0.33,2505.55,73.15,79.31,51.11
R,0.25,78,24.36,-0.58,0.29,Jose Altuve,2.99,514888,HOU,25.64,48.28,Split-Finger,FS,30.95,0.22,1270.77,75,86.34,70
R,0.02,46,19.57,0.21,-0.94,Jose Altuve,1.76,514888,HOU,26.09,32.35,Knuckle Curve,KC,17.65,0,2496.57,71.89,82.98,50
R,0,3,0,0,0,Jose Altuve,0.11,514888,HOU,0,0,Unknown,UNK,0,0,0,0,0,0
R,0,2,0,1.16,-1.04,Jose Altuve,0.08,514888,HOU,0,0,Slow Curve,CS,0,0,2099,0,58.3,0
R,0.73,1,0,-0.91,-0.86,Jose Altuve,0.04,514888,HOU,0,0,Slurve,SV,0,0,2691,0,82.1,0
R,0.35,326,26.07,-0.51,1.29,LaMonte Wade Jr.,40.75,664774,HOU,50.61,14.29,4-Seam Fastball,FF,22.4,0.22,2348.13,81.74,95.47,61.82
R,0.36,105,24.76,-0.7,0.63,LaMonte Wade Jr.,13.12,664774,HOU,60,9.52,Sinker,SI,0,0.19,2193.49,83.75,94.44,60.32
R,0.14,82,40.24,-1.12,0.28,LaMonte Wade Jr.,10.25,664774,HOU,32.93,36.36,Changeup,CH,53.57,0.1,1782.33,86.72,88.95,29.63
R,0.17,70,27.14,0.1,0.21,LaMonte Wade Jr.,8.75,664774,HOU,24.29,30.19,Slider,SL,32.14,0.14,2416.77,83.41,85.75,70.59
R,0.31,69,36.23,0.25,0.6,LaMonte Wade Jr.,8.62,664774,HOU,63.77,8,Cutter,FC,21.43,0.45,2417.16,78.85,90.07,59.09
R,0.21,54,33.33,0.81,-0.92,LaMonte Wade Jr.,6.75,664774,HOU,42.59,29.03,Curveball,CU,11.76,0,2562.8,70.5,78.43,34.78
R,0.24,50,22,0.91,0.07,LaMonte Wade Jr.,6.25,664774,HOU,34,30.3,Sweeper,ST,15.79,0,2622.38,74.17,82.79,52.94
R,0.46,32,15.62,-0.91,0.29,LaMonte Wade Jr.,4,664774,HOU,37.5,10,Split-Finger,FS,18.18,0.75,1345.06,88.47,86,75
R,0,4,0,0.5,-1.38,LaMonte Wade Jr.,0.5,664774,HOU,0,0,Knuckle Curve,KC,0,0,2459,0,78.95,0
R,0.04,4,0,0.75,1.35,LaMonte Wade Jr.,0.5,664774,HOU,25,33.33,Other,FA,0,0,1779.25,88.7,73.08,100
R,0,4,0,-1.48,-0.46,LaMonte Wade Jr.,0.5,664774,HOU,0,0,Slurve,SV,0,0,2920,0,81.2,0
R,0.33,174,32.76,0.49,1.24,Nelson Velázquez,33.46,676369,HOU,51.72,38.1,4-Seam Fastball,FF,34,0.16,2314.13,84.68,93.95,75.56
R,0.1,84,32.14,1.04,0.39,Nelson Velázquez,16.15,676369,HOU,35.71,35.19,Changeup,CH,47.5,0,1815.61,80.41,84.37,70
R,0.49,59,20.34,0.82,0.71,Nelson Velázquez,11.35,676369,HOU,52.54,25,Sinker,SI,18.75,0.31,2204.97,87.76,92.75,80.65
R,0.45,53,37.74,-0.07,0.17,Nelson Velázquez,10.19,676369,HOU,41.51,29.03,Slider,SL,38.89,0.29,2503.19,92.58,85.42,40.91
R,0.56,47,40.43,0.09,0.53,Nelson Velázquez,9.04,676369,HOU,61.7,33.33,Cutter,FC,33.33,0.38,2403.72,83.65,88.9,62.07
R,0.37,39,35.9,0.03,0.03,Nelson Velázquez,7.5,676369,HOU,56.41,35.29,Sweeper,ST,30,0.22,2738.64,81.12,82.51,63.64
R,0.37,38,34.21,-0.22,-0.8,Nelson Velázquez,7.31,676369,HOU,50,5.26,Curveball,CU,12.5,0.38,2601.66,91.4,78.76,36.84
R,0.12,12,0,-1,-0.22,Nelson Velázquez,2.31,676369,HOU,33.33,25,Slurve,SV,0,0,2274,96.07,81.68,100
R,0.29,12,75,-0.13,0.12,Nelson Velázquez,2.31,676369,HOU,66.67,75,Split-Finger,FS,71.43,0,1420.83,108.7,89.18,50
R,0,2,0,0,0,Nelson Velázquez,0.38,676369,HOU,0,0,Unknown,UNK,0,0,0,0,0,0
R,0.24,291,35.74,-0.38,1.33,Nick Allen,37.74,669397,HOU,61.51,33.04,4-Seam Fastball,FF,22.14,0.19,2358.51,77.97,94.76,57.54
R,0.3,149,22.82,-0.83,0.62,Nick Allen,19.33,669397,HOU,51.68,25,Sinker,SI,5.97,0.27,2222.33,83.18,94.68,63.64
R,0.11,88,27.27,0.15,0.1,Nick Allen,11.41,669397,HOU,52.27,21.43,Slider,SL,35.42,0.15,2412.64,78.43,86.66,84.78
R,0.15,70,20,0.93,0.13,Nick Allen,9.08,669397,HOU,35.71,28.89,Sweeper,ST,31.03,0.2,2687.27,65.93,83.44,64
R,0.25,67,13.43,0.14,0.65,Nick Allen,8.69,669397,HOU,46.27,16.67,Cutter,FC,15.15,0.27,2487.7,87.28,89.25,87.1
R,0.26,45,24.44,0.33,0.41,Nick Allen,5.84,669397,HOU,46.67,41.67,Changeup,CH,28.57,0.43,1816.82,77.76,85.98,85.71
R,0,24,8.33,0.18,-0.88,Nick Allen,3.11,669397,HOU,4.17,4.35,Curveball,CU,100,0,2543.29,0,79.76,0
R,0.43,16,12.5,-0.4,0.26,Nick Allen,2.08,669397,HOU,62.5,33.33,Split-Finger,FS,0,0.67,1430.75,76.2,87.36,80
R,0.14,12,33.33,0.06,1.35,Nick Allen,1.56,669397,HOU,16.67,20,Eephus,EP,0,0.5,769.17,80.4,38.7,100
R,0.53,7,28.57,-0.22,1.6,Nick Allen,0.91,669397,HOU,57.14,33.33,Other,FA,0,0.67,1555.71,81.53,64.39,50
R,0,2,100,1.15,-0.6,Nick Allen,0.26,669397,HOU,0,100,Knuckle Curve,KC,100,0,2774,0,80.4,0
R,0.35,507,31.56,-0.61,1.31,Taylor Trammell,38.21,666211,HOU,54.24,24.57,4-Seam Fastball,FF,31.35,0.19,2331.56,83.15,95.69,70.91
R,0.26,172,33.14,-1.13,0.29,Taylor Trammell,12.96,666211,HOU,37.79,42.99,Changeup,CH,41.94,0.27,1779.28,79.28,87.26,72.31
R,0.18,153,46.41,-0.03,0.03,Taylor Trammell,11.53,666211,HOU,50.33,32.89,Slider,SL,59.49,0.16,2416.43,85.97,87.04,70.13
R,0.2,131,33.59,0.07,0.11,Taylor Trammell,9.87,666211,HOU,55.73,27.59,Sweeper,ST,29.69,0.11,2652.53,79.04,82.39,65.75
R,0.31,104,37.5,-0.23,0.63,Taylor Trammell,7.84,666211,HOU,61.54,10,Sinker,SI,16.13,0.32,2210.24,88.96,93.91,42.19
R,0.51,86,26.74,0.19,0.68,Taylor Trammell,6.48,666211,HOU,56.98,16.22,Cutter,FC,25.58,0.57,2395.94,78.94,89.57,75.51
R,0.57,78,29.49,0.65,-0.92,Taylor Trammell,5.88,666211,HOU,29.49,14.55,Curveball,CU,58.33,0.33,2524.76,89.36,79.91,69.57
R,0.08,52,36.54,-0.96,0.32,Taylor Trammell,3.92,666211,HOU,53.85,50,Split-Finger,FS,48.57,0.12,1391.13,72.47,87.22,82.14
R,0.17,28,21.43,0.8,-0.97,Taylor Trammell,2.11,666211,HOU,42.86,25,Knuckle Curve,KC,44.44,0.29,2542.39,88.54,82.13,41.67
R,0,8,0,0,0,Taylor Trammell,0.6,666211,HOU,0,0,Unknown,UNK,0,0,0,0,0,0
R,0,6,66.67,-1.2,-0.45,Taylor Trammell,0.45,666211,HOU,33.33,100,Slurve,SV,66.67,0,2788.33,89.2,82.4,100
R,0,2,0,0.13,1.57,Taylor Trammell,0.15,666211,HOU,100,0,Other,FA,0,0,1515,44.9,63,100
R,0.31,338,26.63,-0.28,1.38,Yainer Diaz,24.21,673237,HOU,51.48,45.73,4-Seam Fastball,FF,20.1,0.24,2312.6,82.28,94.76,74.14
R,0.33,272,24.63,-0.55,0.7,Yainer Diaz,19.48,673237,HOU,53.31,31.5,Sinker,SI,9.92,0.32,2193.52,82.13,94.54,62.76
R,0.34,235,23.4,0.15,0.11,Yainer Diaz,16.83,673237,HOU,44.68,51.54,Slider,SL,25.48,0.31,2432.15,81.32,86.66,85.71
R,0.27,142,17.61,0.42,0.45,Yainer Diaz,10.17,673237,HOU,36.62,46.67,Changeup,CH,22.09,0.24,1725.13,83.41,84.34,84.62
R,0.3,117,17.09,0.12,0.65,Yainer Diaz,8.38,673237,HOU,55.56,46.15,Cutter,FC,12.66,0.23,2348.64,80.8,89.45,84.62
R,0.25,116,25,1.06,0,Yainer Diaz,8.31,673237,HOU,52.59,40,Sweeper,ST,18.75,0.21,2631.32,89.15,83.38,68.85
R,0.22,92,18.48,0.07,-0.98,Yainer Diaz,6.59,673237,HOU,34.78,45,Curveball,CU,20.75,0.18,2502.62,79.88,78.72,81.25
R,0.31,43,30.23,0.54,-0.85,Yainer Diaz,3.08,673237,HOU,27.91,41.94,Knuckle Curve,KC,36.36,0.5,2495.79,80.59,81.63,75
R,0.33,33,27.27,-0.57,0.32,Yainer Diaz,2.36,673237,HOU,39.39,45,Split-Finger,FS,31.58,0.09,1219.64,78.53,85,76.92
R,0,4,0,-1.2,-0.55,Yainer Diaz,0.29,673237,HOU,0,50,Slurve,SV,0,0,2593,83.5,80.7,0
R,0,2,0,0.35,0.49,Yainer Diaz,0.14,673237,HOU,0,0,Eephus,EP,0,0,1325,0,54,0
R,0.9,2,0,0.45,2.08,Yainer Diaz,0.14,673237,HOU,0,100,Other,FA,0,1,1612,97.8,62.7,0
R,0.51,1082,24.77,-0.38,1.33,Yordan Alvarez,30.27,670541,HOU,52.5,18.48,4-Seam Fastball,FF,15.16,0.29,2330.95,86.37,95.38,63.38
R,0.47,503,28.03,-0.28,0.7,Yordan Alvarez,14.07,670541,HOU,51.89,26.03,Sinker,SI,8.54,0.36,2214.68,88.19,94.57,52.11
R,0.37,410,17.56,-1.01,0.35,Yordan Alvarez,11.47,670541,HOU,30.73,39.79,Changeup,CH,15.23,0.3,1763.62,85.03,87.41,66.67
R,0.38,380,24.47,0.02,0.11,Yordan Alvarez,10.63,670541,HOU,33.68,35.32,Slider,SL,27.75,0.31,2441.87,84.9,86.71,65.62
R,0.47,340,21.18,0.08,0.75,Yordan Alvarez,9.51,670541,HOU,45.29,16.67,Cutter,FC,12.7,0.26,2409.95,87.34,90.7,61.69
R,0.55,229,31.44,0.41,-0.92,Yordan Alvarez,6.41,670541,HOU,35.37,43.24,Curveball,CU,27.45,0.36,2541.03,86.81,80.23,46.91
R,0.47,222,23.87,0.11,0.02,Yordan Alvarez,6.21,670541,HOU,37.84,23.91,Sweeper,ST,20.93,0.21,2592.7,82.95,83.09,63.1
R,0,180,0,0,0,Yordan Alvarez,5.04,670541,HOU,0,0,Unknown,UNK,0,0,0,0,0,0
R,0.3,158,21.52,-0.91,0.31,Yordan Alvarez,4.42,670541,HOU,32.91,39.62,Split-Finger,FS,22.67,0.42,1445.26,80.06,87.28,63.46
R,0.56,54,27.78,0.31,-1.01,Yordan Alvarez,1.51,670541,HOU,33.33,38.89,Knuckle Curve,KC,15,0.6,2402.76,94.23,83.11,33.33
R,1.07,12,8.33,-0.95,0.04,Yordan Alvarez,0.34,670541,HOU,50,16.67,Slurve,SV,14.29,0.67,2456.08,87.5,80.16,100
R,0,2,100,1.09,-1.26,Yordan Alvarez,0.06,670541,HOU,0,100,Slow Curve,CS,100,0,2624,0,71.6,0
R,0,2,0,-0.81,1.22,Yordan Alvarez,0.06,670541,HOU,0,0,Unknown,UN,0,0,1491,0,72.2,0
R,0.32,478,32.64,-0.24,1.36,,32.49,694728,HOU,56.28,19.14,4-Seam Fastball,FF,35.1,0.24,2335.46,82.89,94.64,76.21
R,0.3,260,15,-0.23,1.32,,31.36,676694,HOU,52.31,31.45,4-Seam Fastball,FF,9.4,0.28,2318.2,84.7,94.7,80.88
R,0.31,235,24.26,-0.15,1.31,,26.49,621043,HOU,44.68,27.69,4-Seam Fastball,FF,13,0.24,2317.85,81.17,94.61,60.95
R,0.34,220,33.18,-0.7,0.6,,14.96,694728,HOU,57.73,26.88,Sinker,SI,20.59,0.26,2185.81,79.37,93.69,60.63
R,0.29,220,37.73,-0.11,1.32,,39.93,701305,HOU,59.55,25.84,4-Seam Fastball,FF,38.79,0.28,2359.25,86.59,94.83,70.99
R,0.44,203,22.17,-0.74,0.64,,22.89,621043,HOU,55.17,25.27,Sinker,SI,3.33,0.31,2194.21,84.7,94.54,59.82
R,0.18,203,31.53,0.09,0.09,,13.8,694728,HOU,40.39,33.06,Slider,SL,36.08,0.11,2481.31,80.19,86.96,69.51
L,0.41,183,23.5,-0.44,1.28,,24.53,694388,HOU,54.1,27.38,4-Seam Fastball,FF,19.59,0.35,2308.39,88.37,95.02,74.75
L,0.31,167,26.35,-0.39,1.31,,37.03,669699,HOU,62.28,34.92,4-Seam Fastball,FF,18,0.26,2284.38,83.61,94.57,75
R,0.12,137,29.93,0.49,0.37,,9.31,694728,HOU,35.77,28.41,Changeup,CH,43.08,0.12,1721.57,80.73,85.11,81.63
R,0.39,130,19.23,-0.51,0.71,,15.68,676694,HOU,55.38,36.21,Sinker,SI,14.29,0.41,2230.3,86.53,94.3,77.78
R,0.24,127,35.43,0.14,0.08,,14.32,621043,HOU,40.16,31.58,Slider,SL,31.82,0.19,2520.61,82.19,86.08,39.22
L,0.16,126,34.92,0.12,0.06,,16.89,694388,HOU,43.65,43.66,Slider,SL,39.19,0.04,2421.96,79.46,85.79,78.18
R,0.21,125,42.4,0.09,0.12,,15.08,676694,HOU,36,40,Slider,SL,47.17,0.04,2410.97,74.92,86.27,46.67
R,0.11,124,41.13,-0.09,-0.89,,8.43,694728,HOU,43.55,20,Curveball,CU,50,0.17,2502.34,73.64,78.1,40.74
R,0.2,122,32.79,0.66,0.06,,8.29,694728,HOU,40.98,34.72,Sweeper,ST,33.96,0.14,2685.27,82.62,82.93,56
R,0.38,118,22.88,-0.02,0.69,,8.02,694728,HOU,55.08,28.3,Cutter,FC,17.19,0.27,2392.23,78.83,89.19,75.38
L,0.2,107,46.73,-0.63,1.33,,31.47,805904,HOU,68.22,29.41,4-Seam Fastball,FF,42.86,0.2,2370.23,85.63,95.49,63.01
L,0.36,104,27.88,-0.35,1.48,,32.7,687957,HOU,50,21.15,4-Seam Fastball,FF,8.57,0.21,2390.38,80.86,94.17,46.15
L,0.25,99,24.24,-1.11,0.37,,13.27,694388,HOU,35.35,20.31,Changeup,CH,36.84,0.2,1754.43,74.59,87.38,71.43
R,0.31,93,35.48,0.81,0.04,,10.48,621043,HOU,41.94,46.3,Sweeper,ST,37.25,0.23,2640.11,75.4,83.8,66.67
R,0.21,93,30.11,0.97,0.07,,11.22,676694,HOU,54.84,28.57,Sweeper,ST,23.81,0.15,2717.45,78.46,83.16,58.82
L,0.28,89,32.58,-0.39,0.56,,11.93,694388,HOU,52.81,23.81,Sinker,SI,11.76,0.2,2188.82,77.15,92.98,51.06
L,0.07,82,34.15,-0.09,1.4,,29.82,828599,HOU,53.66,28.95,4-Seam Fastball,FF,34.88,0.08,2336.87,77.64,93.96,72.73
R,0.18,81,24.69,0.62,0.59,,9.77,676694,HOU,39.51,38.78,Changeup,CH,34,0.1,1712.41,75.08,84.52,96.88
L,0.19,78,38.46,0.23,0.5,,10.46,694388,HOU,69.23,25,Cutter,FC,31.82,0.11,2364.45,78.74,89.78,70.37
L,0.27,76,19.74,-0.43,1.39,,34.86,669384,HOU,59.21,12.9,4-Seam Fastball,FF,15.79,0.22,2278.09,82.44,93.82,75.56
R,0.03,70,40,0.23,0.01,,12.7,701305,HOU,25.71,51.92,Slider,SL,54.05,0,2459.33,73.21,87.26,55.56
L,0.18,69,39.13,0.16,0.2,,15.3,669699,HOU,39.13,71.43,Slider,SL,37.25,0.12,2475.84,86.7,88.22,77.78
R,0.35,68,19.12,0.24,0.32,,7.67,621043,HOU,23.53,38.46,Changeup,CH,34.29,0.22,1767.41,74.99,85.59,93.75
R,0.17,68,16.18,0.11,0.59,,8.2,676694,HOU,63.24,16,Cutter,FC,5.26,0.12,2455.35,77.13,88.98,79.07
R,0.36,65,29.23,-0.94,0.67,,11.8,701305,HOU,60,34.62,Sinker,SI,6.9,0.44,2273.11,81.77,94.96,51.28
R,0.51,64,37.5,-0.01,0.65,,7.22,621043,HOU,59.38,26.92,Cutter,FC,36.67,0.4,2407.56,84.02,89.77,60.53
R,0.1,63,41.27,0.69,0.12,,11.43,701305,HOU,52.38,13.33,Sweeper,ST,23.53,0,2554.76,73.08,82.87,39.39
L,0.38,62,19.35,1.01,0.07,,8.31,694388,HOU,41.94,22.22,Sweeper,ST,16,0.5,2648.85,76.91,82.56,65.38
L,0.39,60,18.33,-0.69,1.12,,42.25,663967,HOU,43.33,17.65,4-Seam Fastball,FF,0,0,2339.82,82.17,93.98,50
L,0.37,57,38.6,0.38,-0.65,,7.64,694388,HOU,43.86,37.5,Curveball,CU,28,0.29,2415.14,84.82,80.65,52
L,0.29,51,13.73,0.1,0.77,,11.31,669699,HOU,37.25,59.38,Cutter,FC,8.82,0.36,2458.69,81.57,91.22,78.95
L,0.28,49,30.61,0.22,-0.08,,14.41,805904,HOU,40.82,44.83,Slider,SL,40.74,0.18,2369.63,82.51,87.39,70
R,0.5,47,25.53,-0.21,-0.9,,5.3,621043,HOU,36.17,43.33,Curveball,CU,30.77,0.5,2439.51,78.95,76.93,76.47
L,0.49,47,25.53,0.52,0.15,,14.78,687957,HOU,36.17,30,Sweeper,ST,12.5,0.4,2553.98,86.78,79.85,41.18
R,0.03,47,36.17,-0.52,0.29,,3.2,694728,HOU,48.94,37.5,Split-Finger,FS,45.83,0,1312.4,72.85,85.72,65.22
L,0.25,46,28.26,-0.74,0.54,,14.47,687957,HOU,67.39,13.33,Changeup,CH,16.67,0.25,1809.5,77.15,85.12,70.97
L,0.05,44,45.45,-1.18,0.21,,12.94,805904,HOU,31.82,40,Split-Finger,FS,63.16,0,1528.39,81.83,87.68,50
L,0.3,43,23.26,-0.38,1.45,,55.84,669288,HOU,39.53,23.08,4-Seam Fastball,FF,31.58,0,2288.12,76.89,94.13,76.47
L,0.19,43,37.21,0.78,-0.78,,9.53,669699,HOU,58.14,55.56,Curveball,CU,20.83,0.11,2433.81,76.81,78.48,56
R,0.37,43,34.88,-0.34,1.34,,33.08,694376,HOU,55.81,36.84,4-Seam Fastball,FF,33.33,0.1,2312.12,84.73,94.92,70.83
L,0.33,43,25.58,-1.38,0.25,,12.65,805904,HOU,34.88,10.71,Changeup,CH,46.15,0.67,1751.56,75.39,88,66.67
L,0.12,42,40.48,-1.18,0.28,,15.27,828599,HOU,52.38,25,Changeup,CH,50,0,1899.38,90.62,87.13,68.18
R,0.18,39,35.9,-0.42,-0.95,,4.7,676694,HOU,43.59,18.18,Curveball,CU,20,0.29,2584.49,68,78.73,35.29
L,0.4,37,35.14,-0.95,0.35,,4.96,694388,HOU,45.95,40,Split-Finger,FS,34.78,0.18,1352.68,81.63,87.44,88.24
L,0.56,35,17.14,-1.1,0.15,,7.76,669699,HOU,40,71.43,Split-Finger,FS,14.81,0.53,1405.14,86.31,87.48,85.71
R,0.39,35,28.57,0.14,-0.6,,6.35,701305,HOU,31.43,29.17,Curveball,CU,15.38,0.44,2393.42,73.5,79.78,54.55
R,0.33,35,37.14,-0.65,1.31,,37.23,805672,HOU,37.14,18.18,4-Seam Fastball,FF,53.33,0.25,2353.66,91.62,94.83,84.62
L,0.2,34,17.65,-0.26,0.5,,15.6,669384,HOU,76.47,0,Sinker,SI,0,0,2102.91,78.57,93.85,76.92
L,0.4,34,20.59,0.08,0.11,,12.36,828599,HOU,29.41,37.5,Slider,SL,36.84,0,2426.88,89.02,87.25,100
L,0.6,33,24.24,-1.26,0.22,,7.32,669699,HOU,21.21,61.54,Changeup,CH,27.78,0.33,1745.61,85.75,88.25,28.57
L,0.35,33,24.24,0.91,0.51,,10.38,687957,HOU,42.42,63.16,Sinker,SI,5,0,2103.61,67.47,93.29,57.14
R,0.54,31,41.94,0,0.57,,5.63,701305,HOU,38.71,31.58,Cutter,FC,41.67,0.5,2348.71,78.87,89.66,50
R,0.25,30,40,-0.22,0.97,,23.08,694376,HOU,70,33.33,Sinker,SI,20,0.11,2159.9,81.08,92.58,57.14
L,0.32,29,13.79,0.61,-1.04,,9.12,687957,HOU,31.03,45,Curveball,CU,0,0.33,2469.07,80.24,76.96,55.56
L,0.14,27,59.26,0.5,-0.09,,7.94,805904,HOU,40.74,50,Sweeper,ST,72.73,0.12,2707.22,93.6,84.4,27.27
L,0.29,27,14.81,-0.56,0.68,,9.82,828599,HOU,62.96,40,Sinker,SI,0,0.46,2190.67,91.12,94.14,76.47
L,0.38,24,16.67,-0.04,0.85,,5.32,669699,HOU,33.33,37.5,Sinker,SI,9.09,0.67,2162.96,82.16,94.36,62.5
R,0,24,41.67,0.14,0.46,,4.36,701305,HOU,25,44.44,Split-Finger,FS,66.67,0,1250.91,76.9,84.77,66.67
R,0.21,24,62.5,0.4,0.03,,25.53,805672,HOU,50,58.33,Slider,SL,69.23,0,2601.92,84.65,87.24,50
L,0.94,24,29.17,-1.06,0.61,,7.06,805904,HOU,50,8.33,Sinker,SI,14.29,0,2162.54,91.43,94.88,50
L,0.41,23,30.43,-0.97,0.43,,10.55,669384,HOU,0,39.13,Changeup,CH,55.56,0.5,1652.61,71.95,87.3,0
R,0.32,23,47.83,0.26,0.3,,4.17,701305,HOU,43.48,61.54,Changeup,CH,41.67,0,1652.78,81.9,86,40
L,0.56,23,43.48,0.67,-1,,8.36,828599,HOU,34.78,20,Curveball,CU,40,0,2708.52,60.2,77.82,25
R,0.6,22,13.64,0.55,-1.15,,2.48,621043,HOU,22.73,58.82,Knuckle Curve,KC,14.29,0.67,2603.45,69.68,83.66,80
L,0.3,22,36.36,0.7,-1.01,,6.47,805904,HOU,40.91,30.77,Curveball,CU,44.44,0,2680.64,90,78.51,55.56
L,0.2,22,27.27,0.3,0.63,,8,828599,HOU,36.36,14.29,Cutter,FC,20,0.2,2465.23,71.86,88.68,100
L,0.52,21,4.76,-0.01,-0.01,,14.79,663967,HOU,42.86,0,Slider,SL,0,0,2211.67,86.27,87.19,88.89
L,0.16,21,42.86,0.15,0.22,,6.6,687957,HOU,28.57,40,Slider,SL,55.56,0,2339.05,89.68,86.79,50
L,0.13,20,35,0.49,0.16,,4.43,669699,HOU,40,58.33,Sweeper,ST,33.33,0,2754.55,89.95,84.13,62.5
R,0.63,20,10,0.79,-0.63,,2.41,676694,HOU,25,20,Knuckle Curve,KC,28.57,1,2477.7,71.14,82.26,80
L,0.46,20,25,-0.11,0.8,,6.29,687957,HOU,60,0,Cutter,FC,12.5,0.33,2201.05,95.99,88.43,66.67
L,0.65,20,35,0.11,0.71,,5.88,805904,HOU,70,33.33,Cutter,FC,25,0.25,2534.9,97.33,90.68,71.43
L,0.1,18,61.11,-0.29,-1.31,,8.26,669384,HOU,44.44,60,Curveball,CU,72.73,0.29,2706.78,94.1,81.6,62.5
L,0.59,18,16.67,-0.98,0.16,,6.55,828599,HOU,16.67,33.33,Split-Finger,FS,37.5,0,1280.11,78.7,86.02,100
L,0.39,17,11.76,0.03,0.9,,7.8,669384,HOU,70.59,0,Cutter,FC,0,0.29,2453,71.26,89.71,83.33
L,0.35,17,17.65,-0.63,-0.07,,7.8,669384,HOU,5.88,43.75,Sweeper,ST,37.5,0.4,2640,83.78,81.55,100
L,0.13,15,13.33,0.25,0.07,,6.88,669384,HOU,33.33,10,Slider,SL,20,0.4,2476.6,73.7,85.4,80
R,0.02,15,26.67,0.5,0.06,,11.54,694376,HOU,20,33.33,Sweeper,ST,40,0,2786.73,83.8,83.93,33.33
L,0,15,53.33,-0.07,-0.07,,5.45,828599,HOU,53.33,57.14,Sweeper,ST,60,0,2416.87,77.55,81.37,75
R,0.16,14,42.86,-0.92,0.28,,1.58,621043,HOU,0,57.14,Split-Finger,FS,75,0,1471.86,90.6,90.96,0
L,0,14,35.71,1.16,-0.88,,9.86,663967,HOU,21.43,18.18,Curveball,CU,0,0,2580.43,70.5,75.06,33.33
L,0.03,14,42.86,-1.12,0.19,,9.86,663967,HOU,14.29,83.33,Split-Finger,FS,33.33,0,1577.86,67.8,88.17,100
R,0.1,14,14.29,-0.26,1.59,,2.54,701305,HOU,28.57,40,Other,FA,0,0,1524.86,65.6,62.39,50
R,0.12,14,71.43,1.05,-0.21,,14.89,805672,HOU,71.43,100,Sweeper,ST,60,0,2593.14,84.8,82.86,60
R,0.08,13,30.77,0.46,0.52,,1.57,676694,HOU,46.15,28.57,Split-Finger,FS,33.33,0,1200.69,76.8,84.55,66.67
L,0.52,12,16.67,-0.46,0.54,,15.58,669288,HOU,33.33,25,Sinker,SI,0,0.5,1867,102.35,90.52,50
R,0,12,25,0.48,0.7,,9.23,694376,HOU,41.67,14.29,Changeup,CH,50,0,1566.67,83.6,84.03,60
R,0,12,33.33,0.43,0.79,,12.77,805672,HOU,50,0,Changeup,CH,50,0,1685.67,84.2,79.88,66.67
L,0.29,11,27.27,-1.05,0.31,,7.75,663967,HOU,45.45,33.33,Changeup,CH,33.33,0,1456.91,89.18,87.64,80
R,0,10,0,0,0,,1.13,621043,HOU,0,0,Unknown,UNK,0,0,0,0,0,0
L,0.27,10,10,-0.68,0,,7.04,663967,HOU,40,66.67,Sweeper,ST,12.5,0.5,2780.8,74.78,81.72,100
L,0.42,10,60,-1.03,0.06,,4.59,669384,HOU,80,100,Split-Finger,FS,33.33,0,1600.8,90.1,89.38,50
L,0.35,10,20,-0.88,0.32,,3.14,687957,HOU,20,75,Split-Finger,FS,25,0.33,1167.2,82.45,85.16,100
R,0,10,30,-0.1,-0.23,,7.69,694376,HOU,20,37.5,Slider,SL,50,0,2371.2,71.5,85,50
R,0,10,20,0.74,-0.83,,0.68,694728,HOU,40,0,Knuckle Curve,KC,0,0,2652.8,0,81.98,50
L,0.47,8,25,0.58,-0.82,,3.67,669384,HOU,25,66.67,Knuckle Curve,KC,33.33,0.5,2497.5,92.2,81.15,100
L,0,7,42.86,-0.99,0.25,,4.93,663967,HOU,100,0,Sinker,SI,0,0,2176.14,81.9,93.49,57.14
R,0,7,71.43,-0.61,0.32,,5.38,694376,HOU,0,71.43,Split-Finger,FS,100,0,889,0,83.63,0
L,0.27,6,33.33,0.28,0.23,,7.79,669288,HOU,16.67,60,Slider,SL,33.33,0,2603.5,80.65,84.95,0
L,0,6,66.67,0.96,-0.88,,1.89,687957,HOU,100,0,Knuckle Curve,KC,0,0,2662.67,106.5,83.77,33.33
L,0.54,6,0,-0.78,0.24,,0.8,694388,HOU,33.33,50,Slurve,SV,0,0,2272.33,90.6,79.23,100
R,0.05,6,66.67,0.32,1.34,,0.41,694728,HOU,0,66.67,Eephus,EP,50,0,811,69.9,34.87,0
R,0.68,6,33.33,0.2,0.94,,6.38,805672,HOU,83.33,0,Sinker,SI,0,0.67,2244.83,82.43,92.18,60
L,0,6,33.33,0.78,-1.24,,2.18,828599,HOU,0,33.33,Knuckle Curve,KC,100,0,2534.67,0,79.1,0
L,0.67,5,0,0.13,0.64,,3.52,663967,HOU,40,0,Cutter,FC,0,0,2817,99.2,88.52,100
L,0.8,5,0,-0.9,0.47,,6.49,669288,HOU,40,0,Split-Finger,FS,0,1,1418,95.5,89.64,100
L,0,5,40,0.49,-0.73,,0.67,694388,HOU,40,0,Knuckle Curve,KC,100,0,2468.2,0,81.9,50
R,0,4,0,-0.48,-0.02,,0.45,621043,HOU,0,0,Slurve,SV,0,0,2235.5,0,80.4,0
L,0.36,4,75,0.45,-0.91,,5.19,669288,HOU,25,33.33,Curveball,CU,100,0,2565,0,79.42,0
L,0,4,0,0.16,0.78,,5.19,669288,HOU,75,0,Cutter,FC,0,0,2393.25,84.07,90.32,100
L,0.26,4,0,0.52,1.76,,0.89,669699,HOU,0,100,Eephus,EP,0,1,953,98.95,35.9,0
R,0,4,50,-0.36,-1.53,,3.08,694376,HOU,0,25,Curveball,CU,100,0,2740.25,0,80.65,0
R,0,4,50,-0.17,0.49,,3.08,694376,HOU,0,50,Cutter,FC,100,0,2527.5,0,87.15,0
L,0,4,0,0,0,,0.54,694388,HOU,0,0,Unknown,UNK,0,0,0,0,0,0
R,0,4,50,0.44,-0.94,,0.73,701305,HOU,0,50,Knuckle Curve,KC,100,0,2536,0,84.1,0
L,0,4,50,-0.66,1.41,,1.45,828599,HOU,100,0,Other,FA,0,0,1820,49.7,71.2,50
L,0,3,33.33,0.53,-1.1,,0.67,669699,HOU,100,0,Knuckle Curve,KC,0,0,2256,0,83.67,66.67
R,0,3,33.33,0.72,-1.53,,2.31,694376,HOU,33.33,0,Knuckle Curve,KC,100,0,2772.67,0,76.93,100
R,0,3,0,0,0,,0.2,694728,HOU,0,0,Unknown,UNK,0,0,0,0,0,0
L,0,2,50,1.37,-0.24,,2.6,669288,HOU,50,100,Sweeper,ST,0,0,2711.5,65.9,81.3,0
L,0,2,0,0.38,0.36,,0.44,669699,HOU,0,0,Knuckleball,KN,0,0,107,0,51.3,0
L,0,2,0,1.15,-0.37,,0.63,687957,HOU,0,0,Slurve,SV,0,0,3002,0,78.7,0
R,0.9,2,0,0.92,1.88,,1.54,694376,HOU,0,100,Eephus,EP,0,1,915,98.9,36.8,0
R,0,2,0,-0.6,-0.07,,0.14,694728,HOU,0,0,Slurve,SV,0,0,2242,0,80.7,0
R,0,2,0,-1.23,-0.41,,0.36,701305,HOU,0,0,Slurve,SV,0,0,2853,0,83.1,0
R,0,2,0,0.85,-0.39,,2.13,805672,HOU,0,0,Curveball,CU,0,0,2642,0,78.7,0
L,0,2,50,0.98,-1.16,,0.59,805904,HOU,50,0,Knuckle Curve,KC,0,0,2368.5,0,82.9,0
L,1.17,2,0,0.86,-0.22,,0.59,805904,HOU,100,0,Slurve,SV,0,1,2359,101.5,83.3,100
L,0.14,2,0,0.48,0.46,,0.73,828599,HOU,100,0,Eephus,EP,0,1,119,92.1,54.4,100
L,0.02,1,0,-0.95,1.38,,1.3,669288,HOU,100,0,Changeup,CH,0,0,1977,81.6,80.6,100
R,0,1,0,1.37,0.95,,0.07,694728,HOU,100,0,Other,FA,0,0,1813,0,76.2,100
R,0,1,0,0.03,0.64,,1.06,805672,HOU,0,0,Cutter,FC,0,0,2313,0,94.5,0
R,0.41,934,26.55,-0.23,1.3,Bobby Witt Jr.,31.96,677951,KCR,48.39,26.56,4-Seam Fastball,FF,17.06,0.26,2295.3,85.1,94.85,65.04
R,0.41,434,30.18,-0.73,0.69,Bobby Witt Jr.,14.85,677951,KCR,56.45,29.1,Sinker,SI,12.87,0.32,2224.07,89.5,94.72,60
R,0.33,432,28.94,0.26,0.09,Bobby Witt Jr.,14.78,677951,KCR,37.5,31.85,Slider,SL,36.45,0.21,2442.9,84.85,86.53,72.22
R,0.32,327,31.5,0.68,0.13,Bobby Witt Jr.,11.19,677951,KCR,39.76,42.13,Sweeper,ST,33.53,0.35,2600.9,81.61,83.87,69.23
R,0.45,271,29.15,0.14,0.55,Bobby Witt Jr.,9.27,677951,KCR,45.76,30.61,Cutter,FC,24.81,0.26,2403.23,84.74,89.39,67.74
R,0.4,239,15.9,0.34,0.4,Bobby Witt Jr.,8.18,677951,KCR,31.8,42.94,Changeup,CH,19.55,0.32,1702.36,82.45,85.48,82.89
R,0.39,157,28.03,0.17,-0.96,Bobby Witt Jr.,5.37,677951,KCR,41.4,38.04,Curveball,CU,7.94,0.29,2607.11,84.06,80.12,43.08
R,0.46,44,18.18,-0.69,0.34,Bobby Witt Jr.,1.51,677951,KCR,13.64,47.37,Split-Finger,FS,25,0.67,1532.48,86.13,87.4,100
R,0.32,37,37.84,0.65,-0.8,Bobby Witt Jr.,1.27,677951,KCR,40.54,36.36,Knuckle Curve,KC,23.53,0.25,2704.59,86,81.79,60
R,0,30,0,0,0,Bobby Witt Jr.,1.03,677951,KCR,0,0,Unknown,UNK,0,0,0,0,0,0
R,0.36,7,0,-0.31,-0.51,Bobby Witt Jr.,0.24,677951,KCR,28.57,0,Slurve,SV,0,0,2587,95.7,82.66,100
R,0.7,4,0,-1.21,-0.1,Bobby Witt Jr.,0.14,677951,KCR,0,0,Forkball,FO,0,0,1278,0,83.52,0
R,0.7,3,33.33,-0.16,1.22,Bobby Witt Jr.,0.1,677951,KCR,0,0,Eephus,EP,0,0,1211.33,0,47.67,0
R,0,2,0,-0.18,1.03,Bobby Witt Jr.,0.07,677951,KCR,0,0,Other,FA,0,0,1733.5,0,70.95,0
R,0,1,0,0.15,-0.01,Bobby Witt Jr.,0.03,677951,KCR,0,0,Knuckleball,KN,0,0,254,0,81.4,0
R,0.28,1089,27.64,-0.44,1.27,Carter Jensen,35.27,695600,KCR,50.96,15.73,4-Seam Fastball,FF,24.84,0.17,2311.9,82.46,94.75,67.57
R,0.27,401,28.93,0.05,0.08,Carter Jensen,12.99,695600,KCR,44.64,41.44,Slider,SL,31.84,0.14,2436.13,81.22,85.92,73.18
R,0.33,372,32.26,0.27,0.66,Carter Jensen,12.05,695600,KCR,60.22,18.24,Sinker,SI,13.33,0.37,2203.2,86.52,93.66,54.91
R,0.3,318,19.5,-0.94,0.39,Carter Jensen,10.3,695600,KCR,37.74,22.73,Changeup,CH,24.82,0.2,1757.63,82.19,86.84,80
R,0.18,266,29.32,0.28,0.02,Carter Jensen,8.61,695600,KCR,46.24,27.97,Sweeper,ST,28.69,0.16,2640.89,82.08,82.82,66.67
R,0.24,194,26.8,0.38,-0.87,Carter Jensen,6.28,695600,KCR,44.85,27.1,Curveball,CU,24.69,0.22,2604.39,84.38,80.68,59.77
R,0.41,189,33.86,0.11,0.68,Carter Jensen,6.12,695600,KCR,51.85,20.88,Cutter,FC,36.36,0.32,2419.97,85.41,89.93,70.41
R,0.36,167,20.36,-0.99,0.41,Carter Jensen,5.41,695600,KCR,34.13,34.55,Split-Finger,FS,21.25,0.32,1524.72,81.59,86.83,73.68
R,0.24,62,29.03,0.67,-0.73,Carter Jensen,2.01,695600,KCR,43.55,45.71,Knuckle Curve,KC,30.3,0.16,2598.03,81.48,81.33,62.96
R,0.05,10,30,-0.3,-0.55,Carter Jensen,0.32,695600,KCR,20,12.5,Slurve,SV,0,0,2654.1,68.2,82.18,0
R,0.01,6,33.33,-0.62,2.02,Carter Jensen,0.19,695600,KCR,33.33,0,Eephus,EP,0,0,1330.67,92.9,51.7,100
R,0.37,5,20,-0.5,1.08,Carter Jensen,0.16,695600,KCR,40,66.67,Other,FA,0,1,1835.8,64.5,74.04,50
R,0,5,0,0,0,Carter Jensen,0.16,695600,KCR,0,0,Unknown,UNK,0,0,0,0,0,0
R,0,3,66.67,-1.04,0.14,Carter Jensen,0.1,695600,KCR,0,66.67,Forkball,FO,100,0,1119.33,0,83.37,0
R,0,1,0,0.68,0.27,Carter Jensen,0.03,695600,KCR,0,0,Knuckleball,KN,0,0,289,0,79.4,0
R,0.34,1095,25.94,-0.28,1.28,Isaac Collins,41.62,686555,KCR,56.16,16.67,4-Seam Fastball,FF,11.73,0.22,2307.54,82.73,94.33,63.25
R,0.31,365,29.59,-0.09,0.61,Isaac Collins,13.87,686555,KCR,60.55,11.11,Sinker,SI,5.88,0.3,2210.24,82.71,94.06,54.3
R,0.18,341,25.81,-0.27,0.39,Isaac Collins,12.96,686555,KCR,36.66,25.93,Changeup,CH,39.31,0.15,1758.18,82.68,86.53,71.2
R,0.31,218,23.85,0.12,0.66,Isaac Collins,8.29,686555,KCR,43.12,25,Cutter,FC,15.29,0.22,2382.14,86.55,90.16,57.45
R,0.32,163,34.97,0.18,-0.97,Isaac Collins,6.2,686555,KCR,39.88,17.35,Curveball,CU,29.27,0.11,2615.93,79.17,79.9,36.92
R,0.26,149,30.2,0.19,0.06,Isaac Collins,5.66,686555,KCR,40.94,32.95,Slider,SL,30,0.21,2392.07,80.89,85.89,50.82
R,0.37,135,31.11,0.18,0.04,Isaac Collins,5.13,686555,KCR,50.37,32.84,Sweeper,ST,21.43,0.26,2584.51,78.42,82.86,50
R,0.24,110,38.18,-0.77,0.33,Isaac Collins,4.18,686555,KCR,46.36,22.03,Split-Finger,FS,48.78,0.17,1565.99,87.41,85.95,54.9
R,0.21,47,51.06,0.63,-0.81,Isaac Collins,1.79,686555,KCR,44.68,42.31,Knuckle Curve,KC,46.67,0.44,2554.66,97.6,81.03,19.05
R,0,4,0,-1.44,-0.5,Isaac Collins,0.15,686555,KCR,0,0,Slurve,SV,0,0,2897.5,0,83.6,0
R,0,2,0,0,0,Isaac Collins,0.08,686555,KCR,0,0,Unknown,UNK,0,0,0,0,0,0
R,0.44,1,0,-0.54,1.45,Isaac Collins,0.04,686555,KCR,100,0,Eephus,EP,0,1,1052,96.4,42.6,100
R,0,1,0,-0.99,-0.18,Isaac Collins,0.04,686555,KCR,0,0,Forkball,FO,0,0,1264,0,82.5,0
R,0.41,650,30,-0.37,1.26,Jac Caglianone,24.89,695506,KCR,55.54,39.1,4-Seam Fastball,FF,24.32,0.3,2306.57,87.11,94.81,70.08
R,0.32,367,26.98,0.26,0.66,Jac Caglianone,14.06,695506,KCR,56.13,30.43,Sinker,SI,13.26,0.23,2205.26,82.85,93.99,64.08
R,0.34,343,21.28,-0.85,0.38,Jac Caglianone,13.14,695506,KCR,32.94,39.57,Changeup,CH,25.42,0.27,1787.36,86.69,86.58,76.11
R,0.46,326,28.22,0.1,0.08,Jac Caglianone,12.49,695506,KCR,34.97,37.74,Slider,SL,38.86,0.39,2456.81,90.98,86.21,83.33
R,0.28,253,30.43,-0.08,0.08,Jac Caglianone,9.69,695506,KCR,37.94,43.31,Sweeper,ST,36.69,0.16,2577.68,80.73,82.94,73.96
R,0.3,243,31.28,0.24,-0.88,Jac Caglianone,9.31,695506,KCR,41.15,39.16,Curveball,CU,34.71,0.2,2625.79,87.63,80.4,65
R,0.31,220,20,0.13,0.66,Jac Caglianone,8.43,695506,KCR,43.18,39.2,Cutter,FC,16.39,0.27,2432.5,86.08,89.91,76.84
R,0.29,120,21.67,-0.94,0.34,Jac Caglianone,4.6,695506,KCR,40,38.89,Split-Finger,FS,29.73,0.23,1498.6,88.39,86.27,95.83
R,0.45,43,18.6,0.72,-0.83,Jac Caglianone,1.65,695506,KCR,34.88,46.43,Knuckle Curve,KC,23.08,0.39,2597.98,88.09,82.35,86.67
R,0.22,22,18.18,-1.13,-0.45,Jac Caglianone,0.84,695506,KCR,54.55,30,Slurve,SV,0,0.09,2686.64,82.24,82.63,66.67
R,0.7,14,0,0,0,Jac Caglianone,0.54,695506,KCR,0,0,Unknown,UNK,0,0,0,0,0,0
R,0.64,5,0,-0.34,1.98,Jac Caglianone,0.19,695506,KCR,40,33.33,Eephus,EP,0,0.33,1224,103.23,48.02,100
R,0,5,40,-0.79,0.49,Jac Caglianone,0.19,695506,KCR,20,50,Forkball,FO,50,0,1301,59.7,83.68,0
R,0.48,110,24.55,-0.32,1.3,John Rave,27.16,670231,KCR,50.91,31.48,4-Seam Fastball,FF,14.55,0.39,2314.11,81.88,93.57,67.86
R,0.16,54,33.33,-0.82,0.36,John Rave,13.33,670231,KCR,50,29.63,Changeup,CH,45.16,0.16,1735.3,78.57,85.76,85.19
R,0.35,54,18.52,0.08,0.57,John Rave,13.33,670231,KCR,50,11.11,Cutter,FC,14.29,0,2410.06,84.4,89.91,66.67
R,0.19,47,31.91,-0.44,0.57,John Rave,11.6,670231,KCR,55.32,28.57,Sinker,SI,18.18,0,2316.57,79.72,93.71,61.54
R,0.3,47,31.91,0.13,0.17,John Rave,11.6,670231,KCR,38.3,34.48,Slider,SL,16.67,0.12,2450.13,75.59,85.8,44.44
R,0.34,46,17.39,0.32,-0.01,John Rave,11.36,670231,KCR,41.3,25.93,Sweeper,ST,0,0.2,2635.93,85.58,82.35,42.11
R,0.25,28,35.71,0.38,-0.88,John Rave,6.91,670231,KCR,46.43,20,Curveball,CU,33.33,0.4,2706.32,76.05,81,46.15
R,0.36,14,35.71,-0.87,0.53,John Rave,3.46,670231,KCR,78.57,33.33,Split-Finger,FS,16.67,0,1600.43,93,85.45,45.45
R,0.13,5,0,0.52,-0.67,John Rave,1.23,670231,KCR,40,100,Knuckle Curve,KC,0,0.33,2653.2,60.07,80.44,0
R,0.21,144,22.92,-0.58,1.27,Josh Rojas,34.12,668942,KCR,56.94,27.42,4-Seam Fastball,FF,12.16,0.14,2298.18,81.11,94.3,69.51
R,0.14,72,20.83,-0.35,0.47,Josh Rojas,17.06,668942,KCR,50,27.78,Sinker,SI,10.53,0.26,2220.4,85.3,93.75,77.78
R,0.21,70,30,-1.09,0.39,Josh Rojas,16.59,668942,KCR,50,45.71,Changeup,CH,31.82,0.19,1885.06,78.66,85.38,80
R,0.25,29,31.03,0.69,-0.62,Josh Rojas,6.87,668942,KCR,34.48,36.84,Knuckle Curve,KC,30.77,0.43,2606.55,74.73,81.34,60
R,0.05,24,41.67,0.58,-0.9,Josh Rojas,5.69,668942,KCR,33.33,31.25,Curveball,CU,57.14,0.33,2600.04,84,80.16,25
R,0.24,22,36.36,0.03,0.63,Josh Rojas,5.21,668942,KCR,54.55,30,Cutter,FC,30,0.5,2382.55,67.54,90.12,58.33
R,0.37,21,28.57,0.13,0.22,Josh Rojas,4.98,668942,KCR,33.33,35.71,Slider,SL,33.33,0.5,2221.86,76,84.1,57.14
R,0.15,18,5.56,-1.1,0.42,Josh Rojas,4.27,668942,KCR,38.89,9.09,Split-Finger,FS,0,0,1974.33,84.73,87.48,85.71
R,0.16,16,12.5,-0.26,0.04,Josh Rojas,3.79,668942,KCR,50,0,Sweeper,ST,25,0,2455.06,70.03,81.16,100
R,0.33,6,0,-0.44,1.81,Josh Rojas,1.42,668942,KCR,50,0,Eephus,EP,0,0.67,1319.83,83.1,50.55,100
R,0.29,526,27.38,-0.39,1.25,Kyle Isbel,39.85,664728,KCR,51.14,31.52,4-Seam Fastball,FF,6.84,0.3,2308.14,78.11,94.6,56.88
R,0.32,164,27.44,0.12,0.7,Kyle Isbel,12.42,664728,KCR,51.83,39.24,Sinker,SI,9.09,0.17,2217.54,82.82,93.83,54.12
R,0.22,124,18.55,-0.82,0.34,Kyle Isbel,9.39,664728,KCR,52.42,40.68,Changeup,CH,19.28,0.13,1766.26,81.9,87.6,90.77
R,0.28,113,27.43,0.12,0.67,Kyle Isbel,8.56,664728,KCR,54.87,27.45,Cutter,FC,12.5,0.24,2433.79,86.02,89.78,54.84
R,0.3,113,28.32,0.18,0.07,Kyle Isbel,8.56,664728,KCR,42.48,38.46,Slider,SL,31.67,0.3,2421.41,87.69,85.7,72.92
R,0.16,107,36.45,0,0.03,Kyle Isbel,8.11,664728,KCR,50.47,30.19,Sweeper,ST,13.89,0.11,2616.47,77.22,81.89,37.04
R,0.23,81,29.63,0.44,-0.97,Kyle Isbel,6.14,664728,KCR,32.1,52.73,Curveball,CU,31.11,0,2569.9,81.51,80.83,61.54
R,0.42,57,15.79,-0.97,0.24,Kyle Isbel,4.32,664728,KCR,40.35,38.24,Split-Finger,FS,17.65,0.47,1411.98,84.24,87.43,91.3
R,0.38,25,16,0.66,-0.96,Kyle Isbel,1.89,664728,KCR,52,16.67,Knuckle Curve,KC,9.09,1,2625.52,87.63,81.36,69.23
R,0,9,0,-1.09,-0.32,Kyle Isbel,0.68,664728,KCR,0,0,Slurve,SV,0,0,2704.11,0,83.48,0
R,0,1,0,0,0,Kyle Isbel,0.08,664728,KCR,0,0,Unknown,UNK,0,0,0,0,0,0
R,0.11,52,42.31,0.82,1.14,Luke Maile,35.37,571912,KCR,65.38,50,4-Seam Fastball,FF,26.67,0.14,2231.17,74.87,93.1,61.76
R,0.18,39,23.08,0.72,0.56,Luke Maile,26.53,571912,KCR,51.28,5.26,Sinker,SI,20,0.4,2175.97,73.39,93.21,70
R,0.05,17,47.06,-0.15,0.05,Luke Maile,11.56,571912,KCR,52.94,62.5,Slider,SL,33.33,0,2464.82,74,85.84,44.44
R,0.13,12,33.33,-1.11,-1.01,Luke Maile,8.16,571912,KCR,33.33,25,Curveball,CU,33.33,0,2643.33,84.2,75.83,100
R,0,8,75,0.02,0.62,Luke Maile,5.44,571912,KCR,37.5,80,Cutter,FC,75,0,2307.62,90.1,87.31,0
R,0.67,7,0,1.18,0.22,Luke Maile,4.76,571912,KCR,28.57,60,Changeup,CH,0,1,1854,88.1,84.14,100
R,0.45,4,25,0.14,-0.21,Luke Maile,2.72,571912,KCR,0,50,Knuckle Curve,KC,50,0.5,2499,76.3,84.1,0
R,0,3,0,0.06,1.36,Luke Maile,2.04,571912,KCR,0,0,Eephus,EP,0,0,1050.67,0,41.43,0
R,0.09,3,66.67,-1,0.2,Luke Maile,2.04,571912,KCR,100,0,Sweeper,ST,0,0,2201.33,84.3,76.67,33.33
R,0.7,2,50,-0.8,1.32,Luke Maile,1.36,571912,KCR,50,0,Other,FA,0,0,1652.5,0,65.25,0
R,0.27,780,24.23,-0.34,1.29,Michael Massey,37.75,686681,KCR,55.13,37.43,4-Seam Fastball,FF,12.68,0.23,2299.29,83.23,94.52,66.74
R,0.25,246,17.89,-0.89,0.38,Michael Massey,11.91,686681,KCR,35.77,50.63,Changeup,CH,22.58,0.21,1738.06,84.19,87.32,85.23
R,0.36,239,24.69,-0.12,0.69,Michael Massey,11.57,686681,KCR,54.81,28.7,Sinker,SI,4.95,0.36,2188.66,80.97,93.79,53.44
R,0.39,204,28.43,0.04,0.15,Michael Massey,9.87,686681,KCR,48.53,38.1,Slider,SL,24.3,0.39,2402.98,85.74,86.27,67.68
R,0.39,169,24.26,0.14,0.61,Michael Massey,8.18,686681,KCR,45.56,41.3,Cutter,FC,13.64,0.24,2405.57,83.53,89.95,64.94
R,0.25,169,35.5,0.32,0.03,Michael Massey,8.18,686681,KCR,40.83,36,Sweeper,ST,41.77,0.26,2598.85,83.9,83,62.32
R,0.44,106,23.58,0.4,-0.85,Michael Massey,5.13,686681,KCR,38.68,36.92,Curveball,CU,16.33,0.56,2617.37,87.18,80.55,60.98
R,0.24,97,26.8,-0.93,0.37,Michael Massey,4.7,686681,KCR,36.08,48.39,Split-Finger,FS,26.79,0.1,1570.84,85.57,86.31,74.29
R,0.32,52,21.15,0.82,-0.93,Michael Massey,2.52,686681,KCR,44.23,41.38,Knuckle Curve,KC,17.24,0.38,2666.6,87,80.42,73.91
R,0,2,0,-1.18,-0.13,Michael Massey,0.1,686681,KCR,50,0,Forkball,FO,0,0,1262,81.8,83.3,100
R,0,1,0,-0.42,1.29,Michael Massey,0.05,686681,KCR,0,0,Eephus,EP,0,0,1023,0,42.1,0
R,0.22,1,0,-1.16,1.04,Michael Massey,0.05,686681,KCR,100,0,Other,FA,0,1,1702,97.1,67.3,100
R,0.31,582,26.8,-0.07,1.28,Nick Loftin,29.09,679845,KCR,58.08,27.87,4-Seam Fastball,FF,5.64,0.26,2283.74,81.05,94.47,58.58
R,0.31,331,31.72,-0.32,0.63,Nick Loftin,16.54,679845,KCR,51.06,23.46,Sinker,SI,6.14,0.27,2205.63,83.29,93.8,44.97
R,0.26,290,24.48,0.09,0.18,Nick Loftin,14.49,679845,KCR,38.62,30.9,Slider,SL,23.81,0.21,2413.21,77.61,86.55,63.39
R,0.27,203,34.48,0.29,0.11,Nick Loftin,10.14,679845,KCR,52.22,18.56,Sweeper,ST,32.39,0.1,2599.43,76.97,82.66,50
R,0.27,201,16.92,0.57,0.42,Nick Loftin,10.04,679845,KCR,35.32,23.85,Changeup,CH,17.65,0.23,1725.6,82.97,85.48,76.06
R,0.37,190,23.16,0.18,0.57,Nick Loftin,9.5,679845,KCR,48.95,14.43,Cutter,FC,15.28,0.24,2420.13,82.29,89.05,62.37
R,0.35,104,42.31,-0.17,-0.93,Nick Loftin,5.2,679845,KCR,42.31,30,Curveball,CU,43.75,0.14,2574.09,80.15,79.53,31.82
R,0.17,47,34.04,-0.56,0.54,Nick Loftin,2.35,679845,KCR,48.94,29.17,Split-Finger,FS,36.36,0.08,1539.38,82.94,86.07,65.22
R,0.73,22,0,-0.75,-0.43,Nick Loftin,1.1,679845,KCR,9.09,0,Slurve,SV,0,0,2644.14,0,82.56,0
R,0,21,28.57,0.59,-0.6,Nick Loftin,1.05,679845,KCR,52.38,10,Knuckle Curve,KC,33.33,0,2593.33,95.65,80.86,45.45
R,0.56,5,40,-0.3,1.91,Nick Loftin,0.25,679845,KCR,60,100,Eephus,EP,0,0.67,1221.6,97.17,48.12,33.33
R,0,5,0,0,0,Nick Loftin,0.25,679845,KCR,0,0,Unknown,UNK,0,0,0,0,0,0
R,0.37,855,22.46,-0.21,1.27,Salvador Perez,28.47,521692,KCR,46.08,41.65,4-Seam Fastball,FF,20.32,0.23,2299.5,85.43,94.74,77.41
R,0.25,472,26.91,0.25,0.1,Salvador Perez,15.72,521692,KCR,34.11,44.37,Slider,SL,29.44,0.19,2451.76,81.24,86.25,68.32
R,0.29,396,30.3,0.82,0.12,Salvador Perez,13.19,521692,KCR,33.84,43.89,Sweeper,ST,32.81,0.25,2576.54,80.77,83.23,57.46
R,0.51,329,21.28,-0.54,0.69,Salvador Perez,10.96,521692,KCR,51.67,37.11,Sinker,SI,10.44,0.34,2209.87,83.65,94.39,72.35
R,0.3,290,27.59,0.14,0.57,Salvador Perez,9.66,521692,KCR,48.62,44.97,Cutter,FC,24.26,0.18,2419.96,79.13,89.31,72.34
R,0.23,284,23.94,0.37,0.35,Salvador Perez,9.46,521692,KCR,38.03,59.66,Changeup,CH,26.4,0.23,1735.43,82.19,85.46,85.19
R,0.26,202,25.25,0.24,-0.92,Salvador Perez,6.73,521692,KCR,35.64,48.46,Curveball,CU,21.82,0.17,2601.14,78.9,79.83,65.28
R,0.18,67,17.91,-0.57,0.39,Salvador Perez,2.23,521692,KCR,35.82,46.51,Split-Finger,FS,21.95,0.22,1504.19,73.76,87.16,87.5
R,0.1,66,48.48,0.81,-0.73,Salvador Perez,2.2,521692,KCR,27.27,64.58,Knuckle Curve,KC,57.5,0.14,2669.68,86.38,80.63,50
R,0.24,19,10.53,-0.95,-0.4,Salvador Perez,0.63,521692,KCR,52.63,66.67,Slurve,SV,0,0.18,2607.42,79.82,82.46,80
R,0,14,0,0,0,Salvador Perez,0.47,521692,KCR,0,0,Unknown,UNK,0,0,0,0,0,0
R,0.7,5,0,-0.61,0.11,Salvador Perez,0.17,521692,KCR,0,40,Forkball,FO,0,0,1257.8,47,85.9,0
R,0,2,50,-0.42,-0.46,Salvador Perez,0.07,521692,KCR,0,50,Knuckleball,KN,100,0,341.5,0,81.65,0
R,0,2,0,1.12,-0.47,Salvador Perez,0.07,521692,KCR,0,0,Unknown,UN,0,0,1820,0,51.9,0
R,0.26,376,23.94,0.35,1.29,Starling Marte,35.31,516782,KCR,54.52,31.58,4-Seam Fastball,FF,16.59,0.16,2294.42,74.69,94.21,73.66
R,0.31,166,32.53,0.91,0.35,Starling Marte,15.59,516782,KCR,39.16,46.53,Changeup,CH,32.61,0.32,1739.17,78.97,84.35,69.23
R,0.43,143,24.48,0.54,0.61,Starling Marte,13.43,516782,KCR,56.64,19.35,Sinker,SI,7.58,0.37,2202.68,81.83,93.82,66.67
R,0.28,95,26.32,0,0.72,Starling Marte,8.92,516782,KCR,43.16,29.63,Cutter,FC,19.05,0.14,2412.29,84.18,89.76,63.41
R,0.23,88,35.23,-0.18,0.03,Starling Marte,8.26,516782,KCR,55.68,48.72,Slider,SL,32.14,0.19,2407.03,86.32,85.98,75.51
R,0.26,76,28.95,-0.03,0.08,Starling Marte,7.14,516782,KCR,40.79,42.22,Sweeper,ST,34.88,0.32,2563.53,74.13,81.13,77.42
R,0.21,71,35.21,-0.52,-1.03,Starling Marte,6.67,516782,KCR,56.34,41.94,Curveball,CU,34.88,0.2,2622,80.76,78.7,75
R,0.09,25,52,-0.47,0.69,Starling Marte,2.35,516782,KCR,40,33.33,Split-Finger,FS,77.78,0,1441.52,74.5,86.67,40
R,0.57,11,45.45,-0.32,-0.54,Starling Marte,1.03,516782,KCR,81.82,0,Knuckle Curve,KC,0,0.75,2255,88.47,83.47,44.44
R,0,10,40,-1.32,-0.36,Starling Marte,0.94,516782,KCR,80,100,Slurve,SV,25,0,2416.4,72.65,81.94,75
R,0.38,4,50,-0.26,2.08,Starling Marte,0.38,516782,KCR,100,0,Eephus,EP,0,0,1337,99.9,51.8,50
R,0.36,215,22.33,0.11,1.26,Tyler Tolbert,32.77,686475,KCR,51.63,20.19,4-Seam Fastball,FF,11.58,0.27,2297.93,78.41,93.69,66.67
R,0.31,95,33.68,0.82,0.43,Tyler Tolbert,14.48,686475,KCR,47.37,30,Changeup,CH,47.17,0.25,1731.16,81.07,84.89,84.44
R,0.35,90,26.67,-0.02,0.69,Tyler Tolbert,13.72,686475,KCR,55.56,20,Sinker,SI,7.69,0.2,2245,82.51,93.37,62
R,0.22,85,29.41,0.21,0.15,Tyler Tolbert,12.96,686475,KCR,50.59,35.71,Sweeper,ST,41.51,0.37,2581.8,77.66,82.73,88.37
R,0.35,57,33.33,-0.02,0.24,Tyler Tolbert,8.69,686475,KCR,47.37,33.33,Slider,SL,26.67,0.33,2385.82,78.34,87.08,74.07
R,0.21,50,32,0,0.64,Tyler Tolbert,7.62,686475,KCR,64,27.78,Cutter,FC,27.59,0.16,2372.42,73.98,87.48,75
R,0.3,45,28.89,-0.74,-1.03,Tyler Tolbert,6.86,686475,KCR,42.22,38.46,Curveball,CU,28,0.27,2573,71.98,77.87,78.95
R,0,14,28.57,-1.07,0.36,Tyler Tolbert,2.13,686475,KCR,28.57,30,Split-Finger,FS,57.14,0,1472.57,69.6,86.31,100
R,0.93,2,50,0.17,1.61,Tyler Tolbert,0.3,686475,KCR,50,0,Eephus,EP,0,1,917,79.8,37.05,100
R,0,2,0,0.45,1.49,Tyler Tolbert,0.3,686475,KCR,0,0,Unknown,UNK,0,0,0,0,90.4,0
R,0,1,0,0.09,-0.1,Tyler Tolbert,0.15,686475,KCR,0,0,Knuckle Curve,KC,0,0,2332,0,84.1,0
L,0.32,745,23.89,-0.34,1.31,,32.86,686469,KCR,53.56,32.95,4-Seam Fastball,FF,7.65,0.27,2317.44,85.04,94.82,63.16
R,0.33,550,32.18,-0.25,1.3,,29.86,672580,KCR,58.91,27.88,4-Seam Fastball,FF,12.15,0.31,2299.86,85.24,94.67,56.79
R,0.34,441,31.29,-0.78,0.7,,23.94,672580,KCR,58.73,22.53,Sinker,SI,5.81,0.19,2232.9,86.17,95.02,50.58
L,0.36,312,19.87,-0.05,0.7,,13.76,686469,KCR,45.83,26.63,Sinker,SI,5.71,0.23,2177.16,84.79,94.25,66.43
L,0.32,266,24.81,0.06,0.01,,11.73,686469,KCR,38.72,25.15,Slider,SL,18.63,0.16,2473.99,85.17,86.01,59.22
L,0.33,257,17.9,-0.98,0.35,,11.34,686469,KCR,28.4,36.96,Changeup,CH,27.91,0.33,1752.08,82.29,87.34,83.56
R,0.26,209,24.88,0.78,0.13,,11.35,672580,KCR,28.23,24.67,Sweeper,ST,26.56,0.14,2585.58,75.99,83.64,45.76
R,0.28,203,24.63,0.24,0.13,,11.02,672580,KCR,45.81,19.09,Slider,SL,13.16,0.27,2477.1,84.22,86.68,59.14
L,0.16,194,34.54,-0.11,-0.01,,8.56,686469,KCR,50.52,30.21,Sweeper,ST,28.05,0.06,2633.88,78.04,82.63,54.08
L,0.42,186,24.73,0.17,0.63,,8.2,686469,KCR,48.92,29.47,Cutter,FC,17.65,0.27,2394.37,86.91,90.07,62.64
R,0.34,181,24.86,0.06,0.64,,9.83,672580,KCR,53.04,17.65,Cutter,FC,14.47,0.29,2400.63,84.35,89.86,63.54
L,0.27,147,22.45,0.31,-0.92,,6.48,686469,KCR,35.37,32.63,Curveball,CU,16.13,0.18,2602.21,79.82,80.35,59.62
R,0.36,129,22.48,-0.02,1.29,,35.83,663697,KCR,55.04,15.52,4-Seam Fastball,FF,7.14,0.34,2261.32,79.97,93.75,66.2
R,0.18,107,19.63,0.37,0.41,,5.81,672580,KCR,32.71,26.39,Changeup,CH,11.11,0.25,1655.95,74.94,84.39,48.57
L,0.17,102,25.49,-0.53,1.28,,34.34,670224,KCR,64.71,36.11,4-Seam Fastball,FF,26.09,0.08,2300.93,79.03,94.9,84.85
L,0.32,90,15.56,-0.97,0.29,,3.97,686469,KCR,34.44,23.73,Split-Finger,FS,15.38,0.35,1533.58,86.07,87.71,80.65
R,0.34,79,27.85,-0.11,-1.08,,4.29,672580,KCR,37.97,18.37,Curveball,CU,15.38,0.43,2575.61,81.53,79.79,56.67
R,0.33,55,25.45,-0.35,0.62,,15.28,663697,KCR,45.45,20,Sinker,SI,8.7,0.07,2153.82,87.81,93.79,68
L,0.22,55,32.73,-0.98,0.38,,18.52,670224,KCR,36.36,25.71,Changeup,CH,56,0.44,1752.13,74.58,86.26,80
R,0.27,40,17.5,-0.8,0.21,,2.17,672580,KCR,25,26.67,Split-Finger,FS,27.78,0.18,1473.18,83.2,88.7,100
R,0.15,39,35.9,0.77,0.55,,10.83,663697,KCR,58.97,25,Changeup,CH,29.41,0.12,1740.51,76.95,86.35,56.52
L,0.28,39,33.33,0.13,0.73,,13.13,670224,KCR,64.1,0,Sinker,SI,26.67,0.18,2235.9,82.51,94.12,60
R,0.08,36,36.11,0.01,-0.03,,10,663697,KCR,36.11,21.74,Slider,SL,70,0,2430.28,37.07,84.88,38.46
R,0.29,35,34.29,0.19,0.74,,9.72,663697,KCR,51.43,11.76,Cutter,FC,27.27,0,2428.03,85.7,90.72,50
L,0.56,34,20.59,0.58,-0.73,,1.5,686469,KCR,44.12,26.32,Knuckle Curve,KC,27.78,0,2623.82,76.79,83.21,86.67
R,0.1,29,34.48,0.89,0.17,,8.06,663697,KCR,48.28,26.67,Sweeper,ST,27.27,0,2390.24,81.74,83.54,50
L,0.17,27,25.93,0.28,-0.9,,9.09,670224,KCR,33.33,16.67,Curveball,CU,33.33,0.25,2765.15,73,80.17,66.67
R,0,25,36,-0.17,-1.04,,6.94,663697,KCR,56,0,Curveball,CU,20,0,2673.48,57.8,78.99,35.71
L,0.51,24,25,-0.29,0.17,,8.08,670224,KCR,54.17,45.45,Slider,SL,23.08,0.75,2386.12,72.63,83.88,61.54
L,0.11,20,40,-0.71,-0.04,,6.73,670224,KCR,35,38.46,Sweeper,ST,50,0,2446.3,70,82.06,100
L,0.53,18,33.33,-0.98,-0.44,,0.79,686469,KCR,55.56,75,Slurve,SV,28.57,0.5,2297.56,85.18,82.19,80
L,0,17,0,0,0,,0.75,686469,KCR,0,0,Unknown,UNK,0,0,0,0,0,0
R,0.34,16,31.25,0.64,-0.9,,0.87,672580,KCR,37.5,40,Knuckle Curve,KC,25,0.33,2650.14,93.8,80.82,66.67
L,0.14,15,20,-0.05,1.16,,21.43,623205,KCR,40,66.67,4-Seam Fastball,FF,25,0,2295.67,70.26,93.47,100
L,0.37,15,13.33,-0.08,0.6,,5.05,670224,KCR,53.33,42.86,Cutter,FC,11.11,1,2349.2,80.68,89.81,75
R,0,14,42.86,-0.55,-0.4,,0.76,672580,KCR,28.57,20,Slurve,SV,50,0,2356.86,64.1,82.73,50
L,0.22,12,16.67,0.18,-0.05,,17.14,623205,KCR,58.33,40,Slider,SL,0,0,2416.42,88.08,85.16,100
L,0.03,11,27.27,-0.16,-1.03,,15.71,623205,KCR,63.64,50,Curveball,CU,0,0,2700.73,71.2,78.16,57.14
L,0.01,10,20,-0.93,0.41,,14.29,623205,KCR,20,25,Split-Finger,FS,50,0,1646,82.5,86.52,100
L,0.18,8,25,0.05,0.39,,11.43,623205,KCR,75,0,Cutter,FC,0,0,2383.88,57.65,87.89,66.67
R,0.26,8,0,-1.06,-0.55,,2.22,663697,KCR,25,0,Slurve,SV,0,0,2219,59.9,80.95,100
L,0,8,75,1.25,-0.79,,2.69,670224,KCR,25,66.67,Knuckle Curve,KC,100,0,2612,0,77.6,100
L,0.16,7,14.29,-0.09,0.11,,10,623205,KCR,28.57,80,Changeup,CH,16.67,0.5,1553.43,65.54,87.9,100
L,0,4,100,0.83,0.16,,5.71,623205,KCR,100,0,Sweeper,ST,0,0,2623.5,0,83.3,0
R,0.05,4,25,-0.79,0.86,,1.11,663697,KCR,75,0,Split-Finger,FS,33.33,0,1545,83.55,90.25,100
L,0.26,3,0,0.19,0.24,,4.29,623205,KCR,100,0,Sinker,SI,0,0,2054.67,97.5,94,100
L,0.04,3,33.33,-0.18,1.39,,1.01,670224,KCR,0,33.33,Eephus,EP,0,0,1122,98.6,44.9,0
L,0,2,50,-0.84,1.27,,0.67,670224,KCR,100,0,Other,FA,50,0,1785,68.7,70.6,100
R,0,2,0,0,0,,0.11,672580,KCR,0,0,Unknown,UNK,0,0,0,0,0,0
L,0,1,100,-0.86,0.3,,0.34,670224,KCR,0,100,Split-Finger,FS,100,0,1291,0,89.9,0
L,0,1,0,0,0,,0.34,670224,KCR,0,0,Unknown,UNK,0,0,0,0,0,0
L,0.15,1,0,-0.76,0.63,,0.04,686469,KCR,0,100,Other,FA,0,0,1745,95.1,71.4,0
R,0.29,290,25.86,-0.49,1.3,Adam Frazier,38.77,624428,LAA,50,28.28,4-Seam Fastball,FF,19.58,0.25,2293.34,78.09,94.95,70.34
R,0.29,117,23.08,-0.13,0.5,Adam Frazier,15.64,624428,LAA,70.09,28.57,Sinker,SI,7.35,0.37,2167.12,81.06,92.75,70.73
R,0.26,85,36.47,0.05,0.21,Adam Frazier,11.36,624428,LAA,41.18,50,Slider,SL,39.58,0.19,2407.48,81.95,84.73,65.71
R,0.14,81,24.69,-1.13,0.36,Adam Frazier,10.83,624428,LAA,43.21,34.78,Changeup,CH,27.27,0.29,1774.58,73.77,87.74,80
R,0.24,57,28.07,0.07,0.63,Adam Frazier,7.62,624428,LAA,64.91,50,Cutter,FC,13.89,0.5,2383.02,70.2,91.36,70.27
R,0.17,41,31.71,-0.76,0.1,Adam Frazier,5.48,624428,LAA,21.95,46.88,Split-Finger,FS,52.17,0.18,1044.93,70.27,87.31,88.89
R,0.17,34,32.35,0.57,-0.72,Adam Frazier,4.55,624428,LAA,41.18,45,Curveball,CU,33.33,0,2693.47,79.82,82.05,64.29
R,0.25,29,37.93,1.01,0.08,Adam Frazier,3.88,624428,LAA,51.72,28.57,Sweeper,ST,38.46,0,2546.81,76.49,80.53,60
R,0.22,12,25,0.48,-0.67,Adam Frazier,1.6,624428,LAA,33.33,50,Knuckle Curve,KC,28.57,0,2643.17,88.66,83.83,75
R,0,1,0,-0.37,-0.04,Adam Frazier,0.13,624428,LAA,100,0,Knuckleball,KN,0,0,287,63.5,80.3,100
R,0,1,100,0.68,-0.2,Adam Frazier,0.13,624428,LAA,100,0,Slurve,SV,0,0,2345,0,84.8,0
R,0.22,375,31.2,-0.16,1.34,Denzer Guzman,29.93,694203,LAA,56.53,33.13,4-Seam Fastball,FF,24.88,0.15,2304.25,78.05,94.16,69.34
R,0.29,262,24.81,-0.74,0.64,Denzer Guzman,20.91,694203,LAA,52.67,25,Sinker,SI,12.71,0.26,2175.68,86.27,94.2,63.04
R,0.29,187,17.65,0.23,0.12,Denzer Guzman,14.92,694203,LAA,42.25,37.96,Slider,SL,24.32,0.19,2486.79,82.91,87.05,88.61
R,0.24,124,25.81,0.94,0.14,Denzer Guzman,9.9,694203,LAA,37.9,32.47,Sweeper,ST,27.42,0.18,2577.72,78.55,84.08,78.72
R,0.21,119,34.45,0.42,0.42,Denzer Guzman,9.5,694203,LAA,43.7,44.78,Changeup,CH,48.68,0.17,1727.46,81.72,84.89,88.46
R,0.44,79,29.11,0.17,0.68,Denzer Guzman,6.3,694203,LAA,72.15,45.45,Cutter,FC,12,0.45,2362.87,85.2,88.97,70.18
R,0.17,72,22.22,0.21,-0.88,Denzer Guzman,5.75,694203,LAA,30.56,32,Curveball,CU,17.24,0.2,2614.11,66.24,79.78,59.09
R,0.04,18,22.22,-0.77,0.02,Denzer Guzman,1.44,694203,LAA,61.11,85.71,Split-Finger,FS,23.53,0,1423.28,76.62,88.15,100
R,0.89,12,33.33,-0.16,1.88,Denzer Guzman,0.96,694203,LAA,50,16.67,Eephus,EP,0,1,1166.08,101.3,42.32,33.33
R,0,5,0,0.57,-0.77,Denzer Guzman,0.4,694203,LAA,0,0,Knuckle Curve,KC,0,0,2747.8,0,82.2,0
R,0.38,306,29.08,0.1,1.36,Jose Siri,28.98,642350,LAA,49.67,25.97,4-Seam Fastball,FF,29.14,0.27,2285.62,83.55,94.18,73.03
R,0.24,175,41.14,-0.02,-0.02,Jose Siri,16.57,642350,LAA,36.57,59.46,Slider,SL,48.62,0.24,2484.65,80.74,85.75,67.19
R,0.24,161,31.06,-0.73,0.65,Jose Siri,15.25,642350,LAA,57.14,24.64,Sinker,SI,16,0.28,2187.51,77.18,94.12,63.04
R,0.31,138,40.58,0.9,0.6,Jose Siri,13.07,642350,LAA,36.96,57.47,Changeup,CH,45.12,0.19,1744.54,79.66,84.65,62.75
R,0.24,92,38.04,-0.27,-0.98,Jose Siri,8.71,642350,LAA,46.74,59.18,Curveball,CU,35.09,0.19,2474.13,81.72,79.63,65.12
R,0.5,76,28.95,0.06,0.69,Jose Siri,7.2,642350,LAA,46.05,39.02,Cutter,FC,26.32,0.31,2343.7,84.1,89.28,62.86
R,0.19,65,50.77,0.7,0.22,Jose Siri,6.16,642350,LAA,43.08,72.97,Sweeper,ST,47.73,0.1,2620.86,82.14,83.34,60.71
R,0,18,11.11,0,0,Jose Siri,1.7,642350,LAA,0,33.33,Unknown,UNK,33.33,0,0,0,0,0
R,0.2,14,0,-0.03,-0.61,Jose Siri,1.33,642350,LAA,57.14,66.67,Knuckle Curve,KC,0,0.4,2416.57,90.13,82.37,100
R,0.44,6,50,-0.97,0.08,Jose Siri,0.57,642350,LAA,16.67,80,Split-Finger,FS,60,1,1396.83,83.8,86.07,100
R,0.67,3,0,-0.01,1.57,Jose Siri,0.28,642350,LAA,33.33,100,Eephus,EP,0,0,1081.67,76.83,40.3,100
R,0.94,2,0,-0.23,1.42,Jose Siri,0.19,642350,LAA,100,0,Other,FA,0,1,1072,106.7,40.5,100
R,0.3,692,25.87,-0.58,1.28,Josh Lowe,37.51,666139,LAA,50.43,25.07,4-Seam Fastball,FF,28.42,0.23,2298.94,82.27,95.09,80.23
R,0.32,227,23.35,-1.16,0.43,Josh Lowe,12.3,666139,LAA,33.92,43.33,Changeup,CH,27.64,0.2,1847.89,76.03,86.09,75.32
R,0.27,220,23.18,-0.42,0.52,Josh Lowe,11.92,666139,LAA,58.64,39.56,Sinker,SI,8,0.19,2164.63,80.8,93.19,68.99
R,0.22,213,35.68,0.06,0.2,Josh Lowe,11.54,666139,LAA,44.13,46.22,Slider,SL,42.31,0.13,2336.93,82.9,86.04,79.79
R,0.44,146,26.71,0.08,0.7,Josh Lowe,7.91,666139,LAA,50,47.95,Cutter,FC,26.8,0.21,2402.4,85.2,90.18,84.93
R,0.23,123,28.46,0.54,0.12,Josh Lowe,6.67,666139,LAA,44.72,33.82,Sweeper,ST,33.87,0.08,2607.57,82.46,81.77,70.91
R,0.4,104,20.19,-0.78,0.18,Josh Lowe,5.64,666139,LAA,40.38,40.32,Split-Finger,FS,31.34,0.4,1178.97,77.26,85.86,100
R,0.26,86,34.88,0.85,-0.97,Josh Lowe,4.66,666139,LAA,36.05,72.73,Curveball,CU,25.86,0.15,2588.78,82.88,79.92,58.06
R,0.11,13,38.46,0.55,-1.06,Josh Lowe,0.7,666139,LAA,46.15,71.43,Knuckle Curve,KC,33.33,0.17,2598.46,95.32,82.95,66.67
R,0,8,0,0,0,Josh Lowe,0.43,666139,LAA,0,0,Unknown,UNK,0,0,0,0,0,0
R,0.01,7,14.29,-0.13,-0.18,Josh Lowe,0.38,666139,LAA,71.43,50,Knuckleball,KN,16.67,0,316.33,78.86,82.06,100
R,0.18,4,0,0,-0.06,Josh Lowe,0.22,666139,LAA,100,0,Forkball,FO,0,0,808,91.5,86.7,50
R,0,2,0,1.15,-0.28,Josh Lowe,0.11,666139,LAA,50,0,Slurve,SV,0,0,2842,64.2,74.65,100
R,0.4,1558,22.14,-0.23,1.34,Mike Trout,44.68,545361,LAA,49.36,11.41,4-Seam Fastball,FF,15.18,0.24,2285.71,82.12,94.71,69.7
R,0.42,401,24.44,-0.87,0.76,Mike Trout,11.5,545361,LAA,51.37,23.08,Sinker,SI,11.86,0.34,2170.6,85.37,94.39,64.08
R,0.29,373,45.04,0.18,0.14,Mike Trout,10.7,545361,LAA,41.82,39.17,Slider,SL,44.74,0.13,2439.23,77.15,87.13,42.95
R,0.37,281,23.84,-0.04,0.41,Mike Trout,8.06,545361,LAA,36.3,32.4,Changeup,CH,31.88,0.27,1726.31,81.2,86.2,78.43
R,0.44,257,29.96,0.11,0.69,Mike Trout,7.37,545361,LAA,45.14,15.6,Cutter,FC,20,0.29,2371.32,82.95,90.14,54.31
R,0.47,246,36.18,0.98,0.11,Mike Trout,7.05,545361,LAA,47.56,20.93,Sweeper,ST,15.07,0.3,2641.2,79.72,83.33,39.32
R,0.27,167,37.13,0.2,-0.94,Mike Trout,4.79,545361,LAA,44.91,21.74,Curveball,CU,32,0.2,2522.21,77.8,80.07,40
R,0,79,5.06,0,0,Mike Trout,2.27,545361,LAA,0,7.59,Unknown,UNK,0,0,0,0,0,0
R,0.25,72,29.17,-0.87,0.19,Mike Trout,2.06,545361,LAA,36.11,47.83,Split-Finger,FS,35.9,0.11,1348.76,87.27,87.29,65.38
R,0.14,32,43.75,0.2,-0.57,Mike Trout,0.92,545361,LAA,43.75,33.33,Knuckle Curve,KC,45.45,0.33,2425.26,81.15,83.46,35.71
R,0,9,66.67,-1.24,-0.38,Mike Trout,0.26,545361,LAA,77.78,0,Slurve,SV,0,0,2804.78,0,81.16,0
R,0,6,33.33,-0.11,-0.09,Mike Trout,0.17,545361,LAA,100,0,Forkball,FO,0,0,841,64.65,86.03,66.67
R,0.17,4,25,-0.11,-0.08,Mike Trout,0.11,545361,LAA,75,100,Knuckleball,KN,0,0,292,74.13,81.25,66.67
R,0,2,50,1,-0.14,Mike Trout,0.06,545361,LAA,100,0,Slow Curve,CS,0,0,2352,87.3,66.8,50
R,0.33,432,31.48,-0.44,1.35,Moisés Ballesteros,29.09,694208,LAA,41.67,32.94,4-Seam Fastball,FF,33.33,0.13,2297.9,84.57,94.83,60.56
R,0.29,252,27.38,0.09,0.12,Moisés Ballesteros,16.97,694208,LAA,44.84,39.57,Slider,SL,25.93,0.17,2396.67,84.75,86.06,70.8
R,0.26,220,24.09,-1.13,0.33,Moisés Ballesteros,14.81,694208,LAA,38.64,31.11,Changeup,CH,25.25,0.25,1788.1,80.66,86.74,67.06
R,0.3,174,25.29,-0.59,0.63,Moisés Ballesteros,11.72,694208,LAA,49.43,47.73,Sinker,SI,12.62,0.25,2232.1,86.55,94.4,70.93
R,0.37,104,22.12,0.1,0.75,Moisés Ballesteros,7,694208,LAA,37.5,46.15,Cutter,FC,12.73,0.29,2418.05,83.66,90.7,64.1
R,0.22,102,26.47,0.69,-0.71,Moisés Ballesteros,6.87,694208,LAA,38.24,34.92,Curveball,CU,27.08,0.19,2614.32,82.27,80.76,66.67
R,0.35,90,21.11,0.46,0.21,Moisés Ballesteros,6.06,694208,LAA,40,24.07,Sweeper,ST,18.92,0.2,2585.1,75.74,83.17,66.67
R,0.58,71,11.27,-0.87,0.08,Moisés Ballesteros,4.78,694208,LAA,36.62,22.22,Split-Finger,FS,12.5,0.65,1343.8,83.4,87.05,84.62
R,0.18,28,17.86,0.83,-1.01,Moisés Ballesteros,1.89,694208,LAA,46.43,46.67,Knuckle Curve,KC,11.76,0,2435.61,82.14,81.83,76.92
R,0.28,5,20,-0.27,-0.08,Moisés Ballesteros,0.34,694208,LAA,80,100,Knuckleball,KN,20,0,323.4,88.2,79.92,100
R,0.86,2,50,-1.02,0.08,Moisés Ballesteros,0.13,694208,LAA,50,100,Forkball,FO,50,1,1232.5,73.5,82.3,100
R,0,2,50,1.21,-1.24,Moisés Ballesteros,0.13,694208,LAA,100,0,Slurve,SV,0,0,2683.5,0,78.2,50
R,0,2,0,0,0,Moisés Ballesteros,0.13,694208,LAA,0,0,Unknown,UNK,0,0,0,0,0,0
R,0.03,1,0,0.23,1.39,Moisés Ballesteros,0.07,694208,LAA,100,0,Eephus,EP,0,0,974,81.7,40.8,100
R,0.39,846,24.82,-0.36,1.34,Nolan Schanuel,31.45,694384,LAA,54.61,24.74,4-Seam Fastball,FF,4.95,0.29,2302.75,81.52,95.09,58.23
R,0.36,391,28.39,0.09,0.58,Nolan Schanuel,14.54,694384,LAA,56.78,24.26,Sinker,SI,6.1,0.26,2179.81,83.74,93.43,55.41
R,0.27,351,19.37,-1.1,0.42,Nolan Schanuel,13.05,694384,LAA,39.6,25,Changeup,CH,16.89,0.23,1781.21,76.48,87.2,68.35
R,0.36,327,27.52,0.05,0.13,Nolan Schanuel,12.16,694384,LAA,45.87,28.25,Slider,SL,26.8,0.31,2451.73,82.05,85.94,68.67
R,0.32,253,17,0.11,0.7,Nolan Schanuel,9.41,694384,LAA,54.15,21.55,Cutter,FC,3.33,0.28,2384.13,84.97,90.72,69.34
R,0.3,223,27.35,0.49,0.15,Nolan Schanuel,8.29,694384,LAA,49.78,24.11,Sweeper,ST,19.15,0.23,2609.72,80.09,82.69,60.36
R,0.3,138,25.36,0.64,-0.98,Nolan Schanuel,5.13,694384,LAA,33.33,34.78,Curveball,CU,26.56,0.29,2614,81.7,80.18,69.57
R,0.28,107,30.84,-0.85,0.17,Nolan Schanuel,3.98,694384,LAA,33.64,43.66,Split-Finger,FS,45.16,0.24,1251.74,83.09,85.89,86.11
R,0.14,34,29.41,0.32,-0.78,Nolan Schanuel,1.26,694384,LAA,38.24,38.1,Knuckle Curve,KC,38.89,0.15,2521.09,84.38,84.25,76.92
R,0.17,9,22.22,-1.33,-0.63,Nolan Schanuel,0.33,694384,LAA,33.33,50,Slurve,SV,33.33,0.33,2850,64.65,81.98,100
R,0,8,50,-0.42,-0.02,Nolan Schanuel,0.3,694384,LAA,50,0,Forkball,FO,100,0,676.5,0,85.9,50
R,0.8,3,0,-0.06,-0.09,Nolan Schanuel,0.11,694384,LAA,66.67,0,Knuckleball,KN,0,1,314.67,86.9,82.4,100
R,0.28,565,21.95,-0.11,1.34,Oswald Peraza,29.86,672724,LAA,52.74,28.84,4-Seam Fastball,FF,20.26,0.18,2304.83,79.12,94.71,78.52
R,0.31,329,23.71,-0.83,0.76,Oswald Peraza,17.39,672724,LAA,54.41,40,Sinker,SI,10.56,0.3,2211.37,81.41,94.66,67.04
R,0.24,274,33.94,0,0.14,Oswald Peraza,14.48,672724,LAA,48.54,45.39,Slider,SL,31.06,0.2,2375.85,82.62,85.97,72.93
R,0.23,214,27.57,0.67,0.4,Oswald Peraza,11.31,672724,LAA,32.24,46.21,Changeup,CH,39.53,0.2,1740.98,78.46,84.92,89.86
R,0.27,155,30.32,0.02,-0.9,Oswald Peraza,8.19,672724,LAA,48.39,32.5,Curveball,CU,32,0.12,2509.5,77.47,79.57,65.33
R,0.28,148,30.41,0.8,0.2,Oswald Peraza,7.82,672724,LAA,40.54,38.64,Sweeper,ST,39.51,0.3,2593.05,77.4,83.54,78.33
R,0.34,126,21.43,0.09,0.63,Oswald Peraza,6.66,672724,LAA,53.97,31.03,Cutter,FC,21.62,0.21,2380.73,84.29,88.71,82.35
R,0.01,31,48.39,0.32,-0.67,Oswald Peraza,1.64,672724,LAA,16.13,53.85,Knuckle Curve,KC,64.29,0,2562.13,77.4,83.96,0
R,0.14,30,40,-0.84,0.19,Oswald Peraza,1.59,672724,LAA,33.33,55,Split-Finger,FS,57.14,0.1,1483.67,79.17,88.44,100
R,0,10,40,-1.05,-0.51,Oswald Peraza,0.53,672724,LAA,50,60,Slurve,SV,33.33,0,2790.9,67.4,81.91,60
R,0.32,7,0,0,1.87,Oswald Peraza,0.37,672724,LAA,71.43,0,Eephus,EP,0,0.33,1149.71,88.57,40.5,60
R,0.13,3,0,-0.56,-0.49,Oswald Peraza,0.16,672724,LAA,66.67,0,Knuckleball,KN,0,0.5,375.33,71.35,80.07,100
R,0.31,126,27.78,-0.08,1.31,Travis d'Arnaud,32.39,518595,LAA,53.17,25.42,4-Seam Fastball,FF,17.54,0.12,2294.47,82.09,94.16,62.69
R,0.42,64,32.81,-0.38,0.63,Travis d'Arnaud,16.45,518595,LAA,51.56,22.58,Sinker,SI,31.03,0.18,2196.67,86.28,93.91,66.67
R,0.1,61,27.87,1.15,0.46,Travis d'Arnaud,15.68,518595,LAA,22.95,51.06,Changeup,CH,41.67,0.24,1736.54,83.92,83.13,85.71
R,0.26,46,21.74,-0.05,0.68,Travis d'Arnaud,11.83,518595,LAA,54.35,28.57,Cutter,FC,25,0.17,2409.2,85.51,90.33,88
R,0.58,36,27.78,0.15,0.13,Travis d'Arnaud,9.25,518595,LAA,44.44,10,Slider,SL,53.85,0.33,2445.67,99.22,84.63,68.75
R,0.03,24,25,0.63,0.13,Travis d'Arnaud,6.17,518595,LAA,45.83,38.46,Sweeper,ST,33.33,0,2708.05,82.26,82.01,90.91
R,0.18,18,55.56,-0.38,-0.87,Travis d'Arnaud,4.63,518595,LAA,66.67,33.33,Curveball,CU,50,0.25,2313.72,83.38,77.16,50
R,0,9,11.11,0.28,0.11,Travis d'Arnaud,2.31,518595,LAA,22.22,42.86,Split-Finger,FS,20,0,1120.56,78.8,83.44,100
R,0,4,100,-1.8,-0.45,Travis d'Arnaud,1.03,518595,LAA,100,0,Slurve,SV,0,0,2779.5,0,82.1,0
R,0,1,0,1.09,-0.09,Travis d'Arnaud,0.26,518595,LAA,100,0,Slow Curve,CS,0,0,2404,92.4,70.2,100
R,0.29,254,24.41,-0.25,1.31,Tyler Heineman,30.17,623168,LAA,57.87,30.84,4-Seam Fastball,FF,9.92,0.22,2276.37,76.54,94.78,66.67
R,0.22,114,16.67,-0.22,0.3,Tyler Heineman,13.54,623168,LAA,39.47,56.52,Changeup,CH,17.72,0.11,1772.81,74.48,85.51,88.89
R,0.28,107,29.91,-0.13,0.51,Tyler Heineman,12.71,623168,LAA,58.88,38.64,Sinker,SI,6,0.23,2124.91,78.21,93.41,52.38
R,0.16,91,28.57,-0.08,-0.01,Tyler Heineman,10.81,623168,LAA,40.66,37.04,Slider,SL,31.91,0.06,2428.51,71.29,85.45,72.97
R,0.24,78,26.92,0.78,0.19,Tyler Heineman,9.26,623168,LAA,51.28,47.37,Sweeper,ST,26.53,0.17,2538.42,73.25,82.82,77.5
R,0.17,71,30.99,0.58,-0.94,Tyler Heineman,8.43,623168,LAA,49.3,36.11,Curveball,CU,29.73,0.11,2577.01,84.97,78.51,68.57
R,0.22,64,29.69,-1.07,0.23,Tyler Heineman,7.6,623168,LAA,28.12,45.65,Split-Finger,FS,45.45,0.14,1492.95,77.49,87.08,66.67
R,0.56,42,11.9,0.2,0.87,Tyler Heineman,4.99,623168,LAA,47.62,27.27,Cutter,FC,0,0.5,2329.69,69.39,89.79,75
R,0.06,10,10,0.42,-0.46,Tyler Heineman,1.19,623168,LAA,50,60,Knuckle Curve,KC,0,0,2310.4,75.95,84.68,80
R,0.1,8,25,-0.86,1.07,Tyler Heineman,0.95,623168,LAA,75,100,Other,FA,0,0,1969,81.37,75.32,66.67
R,0,2,50,0.85,-0.7,Tyler Heineman,0.24,623168,LAA,50,100,Slurve,SV,50,0,2930,72.7,80.9,100
R,0.73,1,0,-0.19,1.78,Tyler Heineman,0.12,623168,LAA,0,0,Eephus,EP,0,0,1645,0,60.4,0
R,0.36,618,28.8,-0.07,1.36,Vaughn Grissom,29.94,687093,LAA,54.69,20.71,4-Seam Fastball,FF,18.66,0.25,2304.92,82.69,94.61,62.13
R,0.31,402,28.36,-0.68,0.75,Vaughn Grissom,19.48,687093,LAA,55.97,33.9,Sinker,SI,13.3,0.25,2203.03,82.05,94.47,63.56
R,0.28,276,30.8,0.1,0.15,Vaughn Grissom,13.37,687093,LAA,43.84,37.42,Slider,SL,31.16,0.29,2439.55,85.19,86.39,66.12
R,0.26,217,24.88,0.71,0.49,Vaughn Grissom,10.51,687093,LAA,44.7,43.33,Changeup,CH,21.49,0.17,1727.31,77.96,85.08,71.13
R,0.21,162,22.84,-0.16,-0.99,Vaughn Grissom,7.85,687093,LAA,38.89,33.33,Curveball,CU,23.08,0.2,2454.12,79.87,79.73,71.43
R,0.41,159,36.48,0.08,0.7,Vaughn Grissom,7.7,687093,LAA,56.6,14.49,Cutter,FC,20.34,0.4,2358.4,84.68,89.32,54.44
R,0.29,143,21.68,0.82,0.22,Vaughn Grissom,6.93,687093,LAA,39.86,46.51,Sweeper,ST,21.95,0.18,2615.26,79.51,83.16,73.68
R,0.15,50,20,-0.91,0.23,Vaughn Grissom,2.42,687093,LAA,34,36.36,Split-Finger,FS,34.48,0,1353.24,74.46,86.44,100
R,0.12,26,23.08,0.23,-0.57,Vaughn Grissom,1.26,687093,LAA,61.54,20,Knuckle Curve,KC,20,0.43,2509.54,80.97,82.83,81.25
R,0.08,6,50,-0.8,-0.52,Vaughn Grissom,0.29,687093,LAA,66.67,100,Slurve,SV,50,0,2790,90.6,81.8,100
R,0.6,4,25,-0.22,1.25,Vaughn Grissom,0.19,687093,LAA,25,33.33,Eephus,EP,0,0,928.25,100.3,38.95,100
R,0,1,0,0.31,1.43,Vaughn Grissom,0.05,687093,LAA,0,0,Other,FA,0,0,1313,0,54.6,0
R,0.36,382,21.73,-0.53,1.34,Wade Meckler,29.03,685133,LAA,47.91,28.14,4-Seam Fastball,FF,12.29,0.32,2311.42,81.86,95.13,67.21
R,0.25,202,28.71,-0.73,0.66,Wade Meckler,15.35,685133,LAA,57.92,14.12,Sinker,SI,8.64,0.19,2161.6,83.08,93.47,58.97
R,0.23,186,26.88,-1.12,0.32,Wade Meckler,14.13,685133,LAA,45.7,25.74,Changeup,CH,32.98,0.23,1638.31,81.3,86.34,80
R,0.25,139,23.74,-0.08,0.21,Wade Meckler,10.56,685133,LAA,42.45,12.5,Slider,SL,21.28,0.22,2384.4,79.38,86.3,62.71
R,0.21,118,30.51,0.6,-0.76,Wade Meckler,8.97,685133,LAA,42.37,17.65,Curveball,CU,31.58,0.14,2518.96,78.17,79.72,52
R,0.39,92,26.09,0.11,0.79,Wade Meckler,6.99,685133,LAA,52.17,38.64,Cutter,FC,19.61,0.29,2377.72,81.92,90.88,70.83
R,0.3,87,28.74,-0.88,0.06,Wade Meckler,6.61,685133,LAA,44.83,37.5,Split-Finger,FS,35.29,0.48,1390.46,76.29,88.14,84.62
R,0.21,85,27.06,0.5,0.19,Wade Meckler,6.46,685133,LAA,44.71,34.04,Sweeper,ST,24.39,0.26,2638.56,78.67,83.12,65.79
R,0.3,20,30,0.78,-0.89,Wade Meckler,1.52,685133,LAA,30,50,Knuckle Curve,KC,41.67,0,2618.3,86.57,81.83,83.33
R,0,5,40,1.32,-0.99,Wade Meckler,0.38,685133,LAA,0,0,Slurve,SV,0,0,2609.4,0,80.94,0
R,0.35,869,21.17,-0.2,1.35,Zach Neto,24.2,687263,LAA,51.32,30.5,4-Seam Fastball,FF,17.83,0.24,2286.82,85.85,94.76,76.68
R,0.24,603,33.17,0.16,0.09,Zach Neto,16.79,687263,LAA,35.66,46.65,Slider,SL,41.12,0.24,2456.26,79.32,86.4,73.02
R,0.41,571,30.3,-0.91,0.68,Zach Neto,15.9,687263,LAA,60.95,23.77,Sinker,SI,19.16,0.3,2184.96,86.04,94.36,67.24
R,0.24,472,31.14,0.07,0.45,Zach Neto,13.14,687263,LAA,32.84,38.8,Changeup,CH,45.04,0.17,1724.31,79.32,85.6,76.77
R,0.21,337,35.61,0.87,0.15,Zach Neto,9.38,687263,LAA,32.64,41.41,Sweeper,ST,45.86,0.22,2638.74,77.59,83.47,57.27
R,0.44,273,26.37,0.15,0.67,Zach Neto,7.6,687263,LAA,50.92,35.82,Cutter,FC,20.28,0.33,2354.43,83.14,89.82,68.35
R,0.19,246,40.24,0.17,-0.89,Zach Neto,6.85,687263,LAA,34.96,38.75,Curveball,CU,52.83,0.12,2522.11,81.85,80.45,51.16
R,0.25,131,26.72,-0.82,0.19,Zach Neto,3.65,687263,LAA,26.72,37.5,Split-Finger,FS,44.44,0,1279.09,88.3,86.97,77.14
R,0.23,47,21.28,0.54,-0.71,Zach Neto,1.31,687263,LAA,23.4,30.56,Knuckle Curve,KC,29.41,0,2640.78,74.66,81.53,54.55
R,0,18,0,0,0,Zach Neto,0.5,687263,LAA,0,33.33,Unknown,UNK,0,1,0,0,0,0
R,0.1,17,70.59,-0.7,-0.4,Zach Neto,0.47,687263,LAA,52.94,62.5,Slurve,SV,75,0.2,2823.24,67.75,82.96,33.33
R,0.23,6,16.67,-0.41,-0.56,Zach Neto,0.17,687263,LAA,16.67,40,Knuckleball,KN,0,0.5,340.6,79.1,80.83,100
R,0.46,1,0,-0.36,1.4,Zach Neto,0.03,687263,LAA,100,0,Eephus,EP,0,1,965,99.1,41.3,100
R,0.27,554,30.87,-0.19,1.35,,24.57,624585,LAA,55.42,25.51,4-Seam Fastball,FF,33.22,0.18,2322.57,86.35,95.26,75.57
R,0.24,398,38.19,0.13,0.09,,17.65,624585,LAA,46.73,30.19,Slider,SL,46.45,0.17,2467.27,78.36,86.97,63.98
R,0.35,397,27.2,-0.16,1.36,,27.76,681351,LAA,54.41,24.31,4-Seam Fastball,FF,15.68,0.23,2321.53,85,94.78,65.28
R,0.37,395,26.84,-0.83,0.59,,17.52,624585,LAA,55.19,18.08,Sinker,SI,16.76,0.26,2207.58,84.78,94.28,67.43
L,0.28,297,31.31,-0.31,1.31,,35.19,660162,LAA,56.57,15.5,4-Seam Fastball,FF,19.17,0.2,2296.76,81.9,94.93,59.52
R,0.24,261,30.27,0.11,0.13,,18.25,681351,LAA,41.76,42.11,Slider,SL,36.48,0.25,2438.54,82.38,85.96,87.16
R,0.26,248,31.05,-1.01,0.69,,17.34,681351,LAA,55.65,30,Sinker,SI,14.53,0.24,2221.63,83.85,94.44,60.87
R,0.31,242,40.08,0.77,0.14,,10.73,624585,LAA,41.74,34.75,Sweeper,ST,46.32,0.26,2590.56,81.48,83.2,45.54
R,0.22,227,29.96,0.27,0.34,,10.07,624585,LAA,39.21,34.78,Changeup,CH,38.94,0.18,1788.08,84.1,85.8,73.03
R,0.34,207,24.64,0.15,0.68,,9.18,624585,LAA,43,27.97,Cutter,FC,29.7,0.18,2386.03,79.06,89.98,76.4
R,0.14,153,32.03,0.26,0.54,,10.7,681351,LAA,30.07,40.19,Changeup,CH,47.44,0.17,1754.45,78.74,85.11,76.09
L,0.16,128,31.25,-0.52,0.34,,15.17,660162,LAA,35.16,28.92,Changeup,CH,38.78,0.05,1816.36,77.41,87.03,55.56
R,0.18,128,24.22,1.06,0.18,,8.95,681351,LAA,39.84,37.66,Sweeper,ST,33.78,0.16,2639.17,79.2,82.95,88.24
R,0.36,127,25.98,-0.11,1.42,,36.08,665861,LAA,55.91,42.86,4-Seam Fastball,FF,24.39,0.29,2314.8,75.94,94.71,81.69
R,0.17,117,31.62,-0.11,1.43,,55.98,695681,LAA,55.56,25,4-Seam Fastball,FF,38.24,0.13,2327.04,78.76,93.87,84.62
R,0.31,112,33.04,0.39,-0.92,,4.97,624585,LAA,40.18,29.85,Curveball,CU,37.5,0.15,2604.18,86.85,79.83,62.22
L,0.13,101,43.56,0.05,0.06,,11.97,660162,LAA,42.57,31.03,Slider,SL,46.34,0.04,2488.48,77.39,86.13,53.49
R,0.29,100,34,0.09,0.71,,6.99,681351,LAA,48,42.31,Cutter,FC,30.91,0.11,2375.82,83.06,89.8,68.75
R,0.14,98,32.65,0.49,1.31,,38.43,669326,LAA,47.96,39.22,4-Seam Fastball,FF,31.37,0.05,2285.06,71.17,93.42,65.96
L,0.26,93,33.33,-0.51,0.43,,11.02,660162,LAA,73.12,8,Sinker,SI,9.3,0.14,2186.26,87.82,92.71,60.29
R,0.4,81,22.22,0.45,-0.8,,5.66,681351,LAA,30.86,42.86,Curveball,CU,31.25,0.35,2475.42,88.03,78.47,96
R,0.29,76,21.05,-0.15,1.36,,26.21,663611,LAA,57.89,21.88,4-Seam Fastball,FF,5.56,0.13,2313.42,83.59,94.05,65.91
L,0.01,62,27.42,0.7,0.18,,7.35,660162,LAA,48.39,37.5,Sweeper,ST,24,0,2595.98,76.49,81.98,43.33
L,0.04,60,40,-0.01,1.29,,41.96,600869,LAA,56.67,50,4-Seam Fastball,FF,43.59,0,2306.18,78.74,94.57,76.47
R,0.22,58,31.03,0.24,0.28,,16.48,665861,LAA,34.48,57.89,Slider,SL,35.14,0.23,2432.84,74.62,87.11,75
R,0.33,57,19.3,-1.18,0.79,,19.66,663611,LAA,57.89,16.67,Sinker,SI,0,0.38,2241.51,87.78,93.11,69.7
R,0.09,55,34.55,-0.86,0.16,,2.44,624585,LAA,41.82,31.25,Split-Finger,FS,56.25,0,1290.31,75.01,87.7,95.65
L,0.4,55,32.73,0.28,-0.83,,6.52,660162,LAA,52.73,15.38,Curveball,CU,25,0.22,2545.61,79.21,80.73,55.17
R,0.3,54,22.22,0.1,0.1,,18.62,663611,LAA,51.85,30.77,Slider,SL,17.24,0.4,2413.39,79.9,86.2,75
R,0.19,52,26.92,0.38,-0.74,,2.31,624585,LAA,42.31,20,Knuckle Curve,KC,38.1,0.17,2532.29,91.1,83.49,68.18
L,0.28,51,31.37,0.17,0.54,,6.04,660162,LAA,39.22,22.58,Cutter,FC,41.18,0.1,2258.29,87.3,88.74,50
R,0.25,42,33.33,1.25,0.07,,11.93,665861,LAA,45.24,52.17,Sweeper,ST,33.33,0.29,2639.5,73.81,83.97,63.16
R,0.25,39,23.08,-1.02,0.66,,11.08,665861,LAA,56.41,29.41,Sinker,SI,4.76,0.12,2230.03,65.67,94.32,72.73
R,0.41,39,25.64,-0.27,0.46,,15.29,669326,LAA,64.1,50,Sinker,SI,12.5,0.36,2186.13,80.85,93.39,68
L,0.29,38,31.58,-0.09,-0.01,,26.57,600869,LAA,60.53,6.67,Slider,SL,40,0,2312.18,91.54,85.29,82.61
R,0.14,36,33.33,1.26,0.38,,14.12,669326,LAA,38.89,27.27,Changeup,CH,50,0.3,1699.08,84.6,83.42,85.71
R,0.46,30,16.67,-0.29,1.25,,35.71,641820,LAA,56.67,46.15,4-Seam Fastball,FF,21.74,0.5,2270.7,84.99,93.66,100
L,0.4,30,23.33,-0.97,0.27,,3.55,660162,LAA,46.67,25,Split-Finger,FS,26.67,0.45,1197.86,80.54,86.33,78.57
R,0.13,28,32.14,-0.06,0.02,,10.98,669326,LAA,32.14,31.58,Sweeper,ST,50,0.29,2612.14,93.47,83.92,44.44
R,0.1,26,26.92,0.28,-0.94,,8.97,663611,LAA,50,15.38,Curveball,CU,0,0.4,2643.96,90.96,80.02,46.15
R,0,26,34.62,-0.88,0.19,,1.82,681351,LAA,26.92,21.05,Split-Finger,FS,55.56,0,1458.65,84.7,87.68,71.43
R,0.23,25,20,-0.17,-0.95,,7.1,665861,LAA,32,41.18,Curveball,CU,27.27,0,2363.32,74.35,80.81,50
R,0,25,44,0.3,-0.76,,1.75,681351,LAA,20,60,Knuckle Curve,KC,60,0,2522.04,75.32,84.36,60
R,0.55,24,33.33,0.05,0.79,,8.28,663611,LAA,54.17,45.45,Cutter,FC,0,0.5,2409.62,76.43,89.47,53.85
R,0.38,23,0,-0.03,0.49,,7.93,663611,LAA,34.78,53.33,Changeup,CH,0,0.5,1765.22,80.7,86.32,100
R,0.53,22,18.18,0.33,0.4,,8.63,669326,LAA,54.55,20,Slider,SL,16.67,0.25,2565.95,62.98,84.78,83.33
L,0.48,20,30,0.23,-0.79,,2.37,660162,LAA,25,13.33,Knuckle Curve,KC,50,0.67,2622.94,92.5,84.16,80
R,0.35,20,15,0.05,0.11,,9.57,695681,LAA,40,25,Slider,SL,33.33,0.5,2431.3,92.55,87.08,75
R,0.29,19,5.26,0.62,0.72,,5.4,665861,LAA,26.32,28.57,Changeup,CH,11.11,0.25,1574.68,72.82,82.96,100
R,0.01,19,47.37,0.45,0.62,,9.09,695681,LAA,52.63,44.44,Changeup,CH,50,0,1638.68,79.63,82.06,80
R,0.14,18,5.56,0.08,0.54,,5.11,665861,LAA,61.11,57.14,Cutter,FC,0,0.44,2357.72,83.06,89.57,90.91
R,0.02,18,27.78,-0.89,0.27,,5.11,665861,LAA,33.33,50,Split-Finger,FS,30,0,1225.17,80.62,83.67,66.67
R,0.24,18,33.33,-0.23,0.67,,7.06,669326,LAA,72.22,60,Cutter,FC,37.5,0.22,2380.94,72.94,90.09,100
R,0.11,17,35.29,0.52,0.35,,5.86,663611,LAA,76.47,50,Sweeper,ST,10,0,2607.53,81.61,82.92,61.54
R,0.47,17,23.53,-0.84,0.87,,8.13,695681,LAA,47.06,33.33,Sinker,SI,22.22,0,2137.65,75.62,93.32,75
L,0.11,16,12.5,-1.46,0.77,,66.67,683079,LAA,37.5,40,Sinker,SI,0,0.33,2261,88.85,93.99,66.67
L,0.38,15,13.33,-0.31,0.43,,10.49,600869,LAA,13.33,30.77,Changeup,CH,0,0.5,1802.73,82.5,85.23,0
R,0,14,57.14,-0.46,-1.12,,5.49,669326,LAA,35.71,66.67,Curveball,CU,62.5,0,2549.43,77.4,78.05,40
R,0.17,13,7.69,0.14,0.26,,15.48,641820,LAA,23.08,40,Slider,SL,14.29,0,2524.77,70.37,85.88,100
R,0,13,30.77,-0.24,-0.91,,6.22,695681,LAA,38.46,37.5,Curveball,CU,33.33,0,2437.15,59.47,80.2,60
R,0.49,12,16.67,1.31,-0.62,,14.29,641820,LAA,83.33,0,Curveball,CU,0,1,2728,71.15,77.3,80
R,0.7,12,41.67,0.6,1.35,,42.86,682515,LAA,66.67,0,4-Seam Fastball,FF,20,0,2235.58,78.58,91.36,62.5
L,0.24,11,54.55,-0.19,-0.67,,7.69,600869,LAA,36.36,28.57,Curveball,CU,100,0,2367.36,0,77.24,50
R,0.29,11,9.09,0.27,1.35,,35.48,672569,LAA,63.64,0,4-Seam Fastball,FF,14.29,0.5,2108.18,92.4,89.4,100
R,0.38,10,20,1.14,0.18,,11.9,641820,LAA,80,0,Sweeper,ST,0,0.33,2641.6,87.73,83.5,75
R,0,10,60,-0.6,-0.04,,3.45,663611,LAA,40,100,Split-Finger,FS,50,0,804.6,80.3,90.02,50
R,0.12,10,30,0.29,0.07,,4.78,695681,LAA,30,28.57,Sweeper,ST,60,0,2758.1,106.2,84.24,100
L,0.61,9,22.22,0.38,0.66,,6.29,600869,LAA,88.89,0,Cutter,FC,0,1,2514.22,77.23,87.37,75
R,0.73,9,44.44,-0.71,-0.31,,0.4,624585,LAA,66.67,66.67,Slurve,SV,0,1,2937.44,76.78,82.46,33.33
R,0.25,9,22.22,0.99,0.51,,32.14,682515,LAA,11.11,25,Changeup,CH,50,0,1796.11,84.8,84.96,0
R,0.06,7,42.86,0.1,0.91,,8.33,641820,LAA,42.86,50,Cutter,FC,50,0,2359.57,71.1,90.54,66.67
R,0.08,7,0,0.26,0.6,,3.35,695681,LAA,71.43,100,Cutter,FC,0,0,2452.71,72.57,90.17,100
R,0,6,66.67,0.41,0.42,,7.14,641820,LAA,33.33,50,Changeup,CH,100,0,1648.33,0,87.17,0
R,0.07,6,0,-1.22,0.84,,7.14,641820,LAA,50,33.33,Sinker,SI,0,0,2095.17,80.35,92.87,100
R,0,6,33.33,1.13,0.56,,19.35,672569,LAA,33.33,0,Changeup,CH,100,0,1541.5,0,82.27,100
R,0,6,83.33,-1.06,-0.17,,19.35,672569,LAA,16.67,100,Split-Finger,FS,83.33,0,1392.83,86,86.5,100
R,0.16,6,0,0.66,-0.87,,2.87,695681,LAA,66.67,0,Knuckle Curve,KC,0,0.5,2586.67,91.55,84.67,100
L,0,4,100,0.11,0.66,,2.8,600869,LAA,100,0,Sinker,SI,0,0,2073,0,95.75,0
L,0,4,100,-0.68,0.35,,2.8,600869,LAA,50,100,Split-Finger,FS,100,0,1128.5,0,88.25,100
L,0.19,4,50,-0.44,0.24,,0.47,660162,LAA,100,0,Forkball,FO,0,1,760,93.4,87.1,50
R,0,4,50,0.55,-1.1,,1.14,665861,LAA,0,0,Knuckle Curve,KC,0,0,2504.5,0,79.15,0
L,0,4,0,0.64,-0.84,,16.67,683079,LAA,0,0,Curveball,CU,0,0,2476,0,78.45,0
L,0,3,33.33,-0.51,-0.26,,0.36,660162,LAA,33.33,0,Knuckleball,KN,0,0,282.67,0,79.37,0
R,0.94,3,66.67,0.35,0.71,,9.68,672569,LAA,100,0,Cutter,FC,0,1,2520.67,106.6,90.47,33.33
R,0,3,33.33,-1.44,0.94,,9.68,672569,LAA,66.67,0,Sinker,SI,0,0,2128.67,69.6,92.6,50
R,0,3,0,-0.13,-0.16,,0.21,681351,LAA,33.33,0,Knuckleball,KN,0,0,334.5,76.3,80.67,100
R,0,3,33.33,0.79,-0.59,,0.21,681351,LAA,33.33,50,Slurve,SV,50,0,2278.33,63.5,84.83,100
R,0,3,33.33,-1.28,-0.43,,10.71,682515,LAA,33.33,50,Sinker,SI,0,0,1991,0,90.77,0
R,0,3,33.33,-0.04,0.55,,10.71,682515,LAA,33.33,0,Sweeper,ST,0,0,2287.67,0,79.6,0
L,0,2,100,0.13,-0.47,,1.4,600869,LAA,100,0,Knuckle Curve,KC,100,0,2288,0,86,100
R,0,2,0,0.95,-0.18,,0.09,624585,LAA,0,50,Slow Curve,CS,0,0,2417.5,56.9,69.45,0
R,0,2,0,0.56,2.31,,0.09,624585,LAA,0,0,Unknown,UN,0,0,856,0,39.3,0
R,0,2,0,-0.37,-0.7,,0.69,663611,LAA,0,0,Knuckle Curve,KC,0,0,2341,0,81.4,0
R,0,2,0,0,0,,0.57,665861,LAA,0,0,Unknown,UNK,0,0,0,0,0,0
R,0.16,2,50,-1.12,0.1,,6.45,672569,LAA,100,0,Sweeper,ST,50,1,2501,67.4,80.4,100
R,0.17,2,0,-0.09,1.61,,0.14,681351,LAA,0,100,Eephus,EP,0,0,1117,94.8,40.5,0
R,0,2,0,-0.11,-0.08,,0.14,681351,LAA,0,0,Forkball,FO,0,0,550,0,86.4,0
L,0,2,100,-1.01,1.3,,8.33,683079,LAA,100,0,4-Seam Fastball,FF,0,0,2370,0,92.9,0
L,0,2,0,0.23,0.69,,8.33,683079,LAA,100,0,Cutter,FC,0,0,2346,94.5,87.6,100
R,0,1,0,1.14,-0.97,,0.34,663611,LAA,0,0,Slurve,SV,0,0,2660,0,78.9,0
R,0.7,1,0,0,0,,0.07,681351,LAA,0,0,Unknown,UNK,0,0,0,0,0,0
R,0.79,1,0,-0.44,-0.35,,3.57,682515,LAA,100,0,Curveball,CU,0,1,2341,103,77.1,100
R,0.36,371,24.53,-0.02,1.26,Alex Call,34.35,669743,LAD,53.64,23.84,4-Seam Fastball,FF,18.54,0.33,2302.92,78.34,94.46,68.84
R,0.23,259,23.94,-0.56,0.68,Alex Call,23.98,669743,LAD,59.07,16.98,Sinker,SI,4.35,0.21,2198.25,80.96,94.2,63.4
R,0.22,136,28.68,0.13,0.19,Alex Call,12.59,669743,LAD,46.32,36.99,Slider,SL,15,0.16,2391.81,75.57,86.43,52.38
R,0.09,97,19.59,0.38,0.39,Alex Call,8.98,669743,LAD,25.77,26.39,Changeup,CH,24.24,0.14,1775.98,78.77,85.77,56
R,0.31,79,18.99,-0.09,0.58,Alex Call,7.31,669743,LAD,55.7,17.14,Cutter,FC,5.88,0,2343.44,70.96,90.52,63.64
R,0.3,75,21.33,0.62,0.11,Alex Call,6.94,669743,LAD,40,24.44,Sweeper,ST,8,0.31,2640.69,81.43,82.96,46.67
R,0.31,41,19.51,-0.34,-0.64,Alex Call,3.8,669743,LAD,26.83,26.67,Curveball,CU,21.43,0.67,2459.88,61.28,81.13,54.55
R,0.14,11,18.18,-0.51,0.48,Alex Call,1.02,669743,LAD,27.27,62.5,Split-Finger,FS,0,0.5,1383.73,76.62,89.07,33.33
R,0.03,8,0,-1.14,1.38,Alex Call,0.74,669743,LAD,50,0,Other,FA,0,0,1913.75,75.9,77.62,100
R,0,2,100,-0.36,-0.33,Alex Call,0.19,669743,LAD,100,0,Slurve,SV,0,0,2180,0,80.7,0
R,0.06,1,0,-0.82,1.33,Alex Call,0.09,669743,LAD,100,0,Eephus,EP,0,0,1428,72.9,56.6,100
R,0.35,1207,21.96,-0.26,1.26,Andy Pages,34.64,681624,LAD,48.8,26.05,4-Seam Fastball,FF,15.85,0.25,2326.01,83.23,94.84,69.1
R,0.35,688,28.2,-0.81,0.59,Andy Pages,19.75,681624,LAD,54.8,28.3,Sinker,SI,13.38,0.25,2207.08,84.7,94.76,59.95
R,0.26,514,28.4,0.18,0.11,Andy Pages,14.75,681624,LAD,44.36,39.51,Slider,SL,24.91,0.2,2444.56,81.75,86.65,70.18
R,0.3,301,21.26,0.42,0.37,Andy Pages,8.64,681624,LAD,29.57,31.13,Changeup,CH,24.6,0.23,1782.73,81.56,85.81,67.42
R,0.33,276,24.28,0.78,0.11,Andy Pages,7.92,681624,LAD,36.96,40.8,Sweeper,ST,24.46,0.36,2636.61,76.68,82.51,66.67
R,0.44,270,20,0.1,0.6,Andy Pages,7.75,681624,LAD,46.3,26.9,Cutter,FC,14.29,0.31,2418.68,80.01,89.47,75.2
R,0.34,112,26.79,0.07,-0.82,Andy Pages,3.21,681624,LAD,37.5,35.71,Curveball,CU,30.19,0.43,2610.03,85.9,79.65,66.67
R,0.3,60,23.33,-0.05,0.19,Andy Pages,1.72,681624,LAD,33.33,42.5,Split-Finger,FS,27.59,0.2,1217.72,82.27,83.76,60
R,0.21,41,48.78,0.6,-0.71,Andy Pages,1.18,681624,LAD,43.9,47.83,Knuckle Curve,KC,57.14,0.09,2510.59,86.7,83.14,55.56
R,0,6,33.33,-1.26,1.23,Andy Pages,0.17,681624,LAD,33.33,50,Other,FA,50,0,1905.67,94.3,78.93,100
R,0.01,5,80,0.59,-0.64,Andy Pages,0.14,681624,LAD,60,100,Slurve,SV,66.67,0,2977.2,61.3,81.54,33.33
R,0.46,2,0,-0.72,1.74,Andy Pages,0.06,681624,LAD,0,50,Eephus,EP,0,1,1522,98.1,53.4,0
R,0,2,0,0,0,Andy Pages,0.06,681624,LAD,0,0,Unknown,UNK,0,0,0,0,0,0
R,0.08,35,20,-0.52,1.21,Ben Rortvedt,28,666163,LAD,42.86,25,4-Seam Fastball,FF,18.75,0,2276.29,71.94,96.15,73.33
R,0.26,20,40,-0.14,0.83,Ben Rortvedt,16,666163,LAD,90,0,Sinker,SI,9.09,0.36,2235.65,87.06,93.02,61.11
R,0.03,20,30,-0.03,0.06,Ben Rortvedt,16,666163,LAD,35,30.77,Slider,SL,22.22,0,2401.65,79.21,85.01,71.43
R,0.38,17,29.41,-0.9,0.5,Ben Rortvedt,13.6,666163,LAD,35.29,45.45,Changeup,CH,25,0.5,2020.59,76.68,82.45,50
R,0.18,17,35.29,-0.04,0.88,Ben Rortvedt,13.6,666163,LAD,64.71,16.67,Cutter,FC,25,0,2455.88,51.12,90.92,63.64
R,0.38,6,0,0.52,-0.6,Ben Rortvedt,4.8,666163,LAD,33.33,0,Curveball,CU,0,0,2428.33,78.8,78.23,100
R,0,6,33.33,-0.58,-0.32,Ben Rortvedt,4.8,666163,LAD,33.33,0,Sweeper,ST,0,0,2719,0,84.1,0
R,0.33,2,0,0.16,-0.25,Ben Rortvedt,1.6,666163,LAD,100,0,Knuckle Curve,KC,0,0,2383,87.2,81.7,100
R,0,2,100,-0.55,0.21,Ben Rortvedt,1.6,666163,LAD,0,100,Split-Finger,FS,100,0,1241,0,85.2,0
R,0.18,77,14.29,0.31,1.17,Enrique Hernández,36.49,571771,LAD,53.25,41.67,4-Seam Fastball,FF,11.54,0.07,2268.08,80.28,94.19,90.24
R,0.38,32,18.75,1.13,0.45,Enrique Hernández,15.17,571771,LAD,31.25,45.45,Changeup,CH,22.22,0.29,1642.88,83.31,82.72,80
R,0.05,31,54.84,-0.61,-0.7,Enrique Hernández,14.69,571771,LAD,58.06,53.85,Curveball,CU,36.84,0.25,2500.32,70.34,79.72,66.67
R,0.42,23,8.7,0.66,0.71,Enrique Hernández,10.9,571771,LAD,69.57,0,Sinker,SI,12.5,0.33,2189.74,93.88,94.88,100
R,0.44,18,44.44,-0.08,0.7,Enrique Hernández,8.53,571771,LAD,44.44,70,Cutter,FC,36.36,0.5,2421,81.31,89.1,50
R,0.02,12,16.67,0.25,0.23,Enrique Hernández,5.69,571771,LAD,41.67,57.14,Slider,SL,20,0,2060,81.65,82.44,20
R,0.31,11,18.18,0.94,0.16,Enrique Hernández,5.21,571771,LAD,9.09,40,Sweeper,ST,40,0.25,2627.45,85.85,84.85,100
R,0.36,7,42.86,0.1,-0.43,Enrique Hernández,3.32,571771,LAD,42.86,25,Knuckle Curve,KC,33.33,1,2362.14,104.2,81.43,66.67
R,0.39,1046,20.65,-0.33,1.26,Freddie Freeman,29.88,518692,LAD,52.2,33.8,4-Seam Fastball,FF,16.72,0.33,2335.23,83.29,95.11,79.67
R,0.32,557,23.34,-0.13,0.53,Freddie Freeman,15.91,518692,LAD,53.5,30.12,Sinker,SI,19.61,0.27,2184.77,82.73,93.98,76.51
R,0.32,538,28.81,0.01,0.1,Freddie Freeman,15.37,518692,LAD,44.24,25.67,Slider,SL,32.89,0.17,2428.53,81.74,86.56,63.45
R,0.35,405,18.77,-0.9,0.3,Freddie Freeman,11.57,518692,LAD,37.78,30.16,Changeup,CH,18.23,0.22,1756.78,85.38,86.59,68.63
R,0.49,332,21.69,0.07,0.64,Freddie Freeman,9.48,518692,LAD,52.71,25.48,Cutter,FC,14.94,0.48,2415.98,84.67,89.6,76.57
R,0.36,263,19.77,0.17,0.02,Freddie Freeman,7.51,518692,LAD,47.91,23.36,Sweeper,ST,20.97,0.29,2626.15,82.09,82.78,73.02
R,0.42,185,12.97,0.32,-0.75,Freddie Freeman,5.28,518692,LAD,37.3,27.59,Curveball,CU,10.84,0.36,2575.04,81.72,81.09,73.91
R,0.27,89,11.24,-0.85,0.23,Freddie Freeman,2.54,518692,LAD,24.72,23.88,Split-Finger,FS,15.15,0.36,1452.83,87.3,86.93,77.27
R,0.35,58,25.86,0.24,-0.68,Freddie Freeman,1.66,518692,LAD,27.59,42.86,Knuckle Curve,KC,40.62,0.31,2447.03,87.48,82.07,87.5
R,0.56,16,25,-0.91,-0.29,Freddie Freeman,0.46,518692,LAD,37.5,30,Slurve,SV,28.57,0.5,2512.06,80.98,81.99,66.67
R,0.7,12,0,0,0,Freddie Freeman,0.34,518692,LAD,0,0,Unknown,UNK,0,0,0,0,0,0
R,0.36,365,20.55,-0.43,1.34,Hunter Feduccia,29.84,676439,LAD,52.6,25.43,4-Seam Fastball,FF,12.43,0.19,2323.37,84.69,94.56,73.44
R,0.29,159,30.19,-0.52,0.52,Hunter Feduccia,13,676439,LAD,50.31,21.52,Sinker,SI,17.74,0.25,2184.76,83.28,93.48,56.25
R,0.27,156,32.69,-0.91,0.33,Hunter Feduccia,12.76,676439,LAD,33.33,34.62,Changeup,CH,42.42,0.21,1746.51,79.08,86.74,57.69
R,0.37,126,30.95,0.19,0.23,Hunter Feduccia,10.3,676439,LAD,44.44,30,Slider,SL,31.48,0.28,2452.89,77.64,87.04,58.93
R,0.18,123,26.83,0.81,-0.88,Hunter Feduccia,10.06,676439,LAD,34.15,24.69,Curveball,CU,19.05,0.12,2620.53,76.41,80.81,52.38
R,0.49,95,29.47,0.09,0.68,Hunter Feduccia,7.77,676439,LAD,57.89,30,Cutter,FC,18.75,0.41,2402.76,88.37,90.29,65.45
R,0.13,83,38.55,0.26,0.04,Hunter Feduccia,6.79,676439,LAD,54.22,34.21,Sweeper,ST,25,0,2580.51,72.03,81.9,42.22
R,0.34,52,15.38,-1.03,0.23,Hunter Feduccia,4.25,676439,LAD,28.85,27.03,Split-Finger,FS,32,0.5,1394.67,78.28,87.5,100
R,0.03,47,44.68,0.55,-0.77,Hunter Feduccia,3.84,676439,LAD,48.94,20.83,Knuckle Curve,KC,40,0,2392.85,75.57,83.35,43.48
R,0,8,12.5,-0.3,-0.91,Hunter Feduccia,0.65,676439,LAD,25,0,Slurve,SV,0,0,2364.5,69.9,81.14,50
R,0.59,6,16.67,-0.1,1.31,Hunter Feduccia,0.49,676439,LAD,16.67,40,Eephus,EP,0,0.5,1169.67,87.7,44,0
R,0.09,3,33.33,0,0,Hunter Feduccia,0.25,676439,LAD,0,66.67,Unknown,UNK,0,0,0,86.8,0,0
R,0.37,960,21.04,-0.36,1.24,Kyle Tucker,30.74,663656,LAD,54.37,24.66,4-Seam Fastball,FF,17.79,0.23,2327.76,84.61,94.69,76.25
R,0.27,484,18.8,-0.99,0.34,Kyle Tucker,15.5,663656,LAD,36.98,29.18,Changeup,CH,26.67,0.21,1775.08,81.57,87.24,84.36
R,0.32,433,26.1,0,0.12,Kyle Tucker,13.86,663656,LAD,45.03,25.21,Slider,SL,30.5,0.2,2451.34,79.82,86.43,71.79
R,0.31,395,19.75,0.09,0.59,Kyle Tucker,12.65,663656,LAD,57.97,24.1,Sinker,SI,5.39,0.18,2191.11,84.54,93.99,71.62
R,0.38,276,19.57,0.03,0.63,Kyle Tucker,8.84,663656,LAD,60.51,17.43,Cutter,FC,10.27,0.37,2413.86,81.13,89.62,76.05
R,0.28,200,35.5,0.31,0.01,Kyle Tucker,6.4,663656,LAD,50.5,21.21,Sweeper,ST,28.17,0.21,2642.46,80.93,82.56,49.5
R,0.36,181,24.86,0.58,-0.79,Kyle Tucker,5.8,663656,LAD,38.12,18.75,Curveball,CU,25.4,0.25,2702.46,77.41,81.01,60.87
R,0.23,113,21.24,-0.9,0.1,Kyle Tucker,3.62,663656,LAD,32.74,36.84,Split-Finger,FS,35.94,0.27,1427.47,81.81,87.03,97.3
R,0.49,49,18.37,0.38,-0.65,Kyle Tucker,1.57,663656,LAD,44.9,11.11,Knuckle Curve,KC,15.79,0.33,2559.29,89.29,83.12,72.73
R,0.04,20,25,-0.77,-0.47,Kyle Tucker,0.64,663656,LAD,40,33.33,Slurve,SV,10,0,2623.85,83.96,83.17,75
R,0,8,0,0,0,Kyle Tucker,0.26,663656,LAD,0,0,Unknown,UNK,0,0,0,0,0,0
R,0,2,50,-0.21,1.52,Kyle Tucker,0.06,663656,LAD,50,100,Eephus,EP,0,0,1368.5,76.3,54.35,0
R,0.09,2,0,-1.24,1.22,Kyle Tucker,0.06,663656,LAD,0,100,Other,FA,0,0,1855.5,73.3,71.45,0
R,0.43,711,24.19,-0.44,1.25,Max Muncy,24.96,571970,LAD,51.76,22.74,4-Seam Fastball,FF,21.41,0.34,2346.89,87.34,95.28,71.47
R,0.29,435,29.2,-0.99,0.32,Max Muncy,15.27,571970,LAD,43.22,33.6,Changeup,CH,35.9,0.21,1804.15,81.55,86.87,80.32
R,0.38,403,31.27,0.11,0.12,Max Muncy,14.15,571970,LAD,50.12,33.33,Slider,SL,30.1,0.28,2457.67,83.84,86.83,68.81
R,0.39,348,28.16,-0.22,0.59,Max Muncy,12.21,571970,LAD,50.57,22.09,Sinker,SI,11.85,0.2,2167.31,81.41,94.05,55.11
R,0.23,322,31.37,0.56,-0.75,Max Muncy,11.3,571970,LAD,41.93,24.06,Curveball,CU,29.91,0.23,2624.1,83.16,80.84,45.93
R,0.13,213,43.66,0.52,0.05,Max Muncy,7.48,571970,LAD,51.17,21.15,Sweeper,ST,45.45,0.15,2692.31,80.97,82.83,50.46
R,0.38,194,19.07,0.04,0.66,Max Muncy,6.81,571970,LAD,50.52,26.04,Cutter,FC,15.38,0.23,2407.13,83.92,90.66,80.61
R,0.17,121,30.58,-1,0.21,Max Muncy,4.25,571970,LAD,38.02,34.67,Split-Finger,FS,40,0.22,1578.58,77.02,87.25,73.91
R,0.13,56,26.79,0.63,-0.78,Max Muncy,1.97,571970,LAD,33.93,24.32,Knuckle Curve,KC,41.18,0,2624.54,72.94,83.1,42.11
R,0.61,23,26.09,-0.55,-0.31,Max Muncy,0.81,571970,LAD,39.13,0,Slurve,SV,0,0.67,2697.91,89.9,82.48,33.33
R,0,22,0,0,0,Max Muncy,0.77,571970,LAD,0,0,Unknown,UNK,0,0,0,0,0,0
R,0.34,1,0,-0.43,1.71,Max Muncy,0.04,571970,LAD,100,0,Eephus,EP,0,0,1479,85.8,53.2,100
R,0.34,312,19.23,0.29,1.27,Miguel Rojas,27.44,500743,LAD,49.36,27.22,4-Seam Fastball,FF,10.19,0.27,2263.43,85.68,94.01,74.03
R,0.33,223,20.18,-0.07,0.56,Miguel Rojas,19.61,500743,LAD,55.61,34.34,Sinker,SI,6.67,0.2,2176.51,83.2,93.76,69.35
R,0.23,158,17.72,0.99,0.39,Miguel Rojas,13.9,500743,LAD,31.01,30.28,Changeup,CH,26.03,0.13,1664.72,76.36,85.41,81.63
R,0.46,149,23.49,-0.1,0.19,Miguel Rojas,13.1,500743,LAD,45.64,32.1,Slider,SL,19.44,0.27,2350.11,84.27,84.27,67.65
R,0.39,112,20.54,-0.04,0.73,Miguel Rojas,9.85,500743,LAD,47.32,35.59,Cutter,FC,8.62,0.57,2342.42,79.76,89.3,69.81
R,0.23,93,21.51,-0.2,0.13,Miguel Rojas,8.18,500743,LAD,45.16,27.45,Sweeper,ST,7.5,0.19,2563.59,76.49,82.33,61.9
R,0.39,65,32.31,-0.5,-0.75,Miguel Rojas,5.72,500743,LAD,30.77,24.44,Curveball,CU,33.33,0.38,2497.09,78.68,78.89,35
R,0,10,40,0.26,-0.4,Miguel Rojas,0.88,500743,LAD,40,33.33,Knuckle Curve,KC,60,0,2290.7,88.6,83.07,75
R,0.13,10,30,0.26,0.4,Miguel Rojas,0.88,500743,LAD,30,85.71,Split-Finger,FS,37.5,0.17,1153.6,64.16,83.73,66.67
R,0,2,0,0,0,Miguel Rojas,0.18,500743,LAD,0,0,Unknown,UNK,0,0,0,0,0,0
R,0,1,100,-0.09,1.41,Miguel Rojas,0.09,500743,LAD,100,0,Eephus,EP,0,0,1399,0,55.8,0
R,0.16,1,0,-1.36,1.09,Miguel Rojas,0.09,500743,LAD,100,0,Other,FA,0,0,1830,80.1,73.6,100
R,0,1,0,0.49,-0.4,Miguel Rojas,0.09,500743,LAD,0,0,Slurve,SV,0,0,2524,0,85.4,0
R,0.32,669,23.92,-0.26,1.25,Mookie Betts,29.89,605141,LAD,53.06,20.7,4-Seam Fastball,FF,6.32,0.18,2338.74,86.09,94.96,61.97
R,0.43,410,21.71,-0.53,0.59,Mookie Betts,18.32,605141,LAD,56.1,18.33,Sinker,SI,3.93,0.3,2192.25,87.66,94.57,63.04
R,0.28,340,33.82,0.18,0.18,Mookie Betts,15.19,605141,LAD,48.53,23.43,Slider,SL,25.37,0.29,2440.81,80.11,86.83,56.36
R,0.26,238,26.89,0.07,0.64,Mookie Betts,10.63,605141,LAD,60.5,10.64,Cutter,FC,8.77,0.23,2431.34,82.5,89.84,72.22
R,0.31,203,17.24,0.46,0.37,Mookie Betts,9.07,605141,LAD,46.8,20.37,Changeup,CH,16.16,0.21,1795.96,84.54,85.98,81.05
R,0.33,193,34.2,0.62,0.11,Mookie Betts,8.62,605141,LAD,55.96,17.65,Sweeper,ST,20,0.29,2607.82,81.65,83.18,55.56
R,0.09,100,37,-0.04,-0.78,Mookie Betts,4.47,605141,LAD,47,16.98,Curveball,CU,11.54,0,2585.03,79.35,80.31,36.17
R,0.63,34,29.41,0.44,-0.44,Mookie Betts,1.52,605141,LAD,50,29.41,Knuckle Curve,KC,7.69,0.62,2408.44,80.59,81.88,47.06
R,0.2,34,14.71,-0.59,0.08,Mookie Betts,1.52,605141,LAD,26.47,28,Split-Finger,FS,31.25,0.2,1219.74,83.55,86.47,100
R,0,13,0,0,0,Mookie Betts,0.58,605141,LAD,0,0,Unknown,UNK,0,0,0,0,0,0
R,0,4,25,1.23,-0.49,Mookie Betts,0.18,605141,LAD,25,33.33,Slurve,SV,50,0,2986,65.1,80.42,100
R,0.4,1088,28.22,-0.34,1.24,Shohei Ohtani,32.66,660271,LAD,53.31,24.61,4-Seam Fastball,FF,23,0.26,2336.98,84.33,95.2,64.66
R,0.4,455,28.57,-0.81,0.31,Shohei Ohtani,13.66,660271,LAD,35.6,31.4,Changeup,CH,39.22,0.34,1785.29,86.12,87.03,69.14
R,0.54,392,30.36,0.08,0.62,Shohei Ohtani,11.77,660271,LAD,48.72,27.36,Sinker,SI,19.16,0.38,2182.48,89.68,94.23,58.64
R,0.34,369,30.62,-0.04,0.1,Shohei Ohtani,11.08,660271,LAD,38.48,37,Slider,SL,38.76,0.17,2458.2,84.29,86.71,66.2
R,0.53,279,30.11,0.04,0.66,Shohei Ohtani,8.38,660271,LAD,50.9,28.47,Cutter,FC,23.39,0.37,2390.87,88.64,90.3,59.86
R,0.29,249,28.51,0.39,-0.76,Shohei Ohtani,7.48,660271,LAD,37.75,41.29,Curveball,CU,38.69,0.19,2612.29,83.92,80.83,77.66
R,0.31,237,26.16,0.04,0.08,Shohei Ohtani,7.11,660271,LAD,47.68,30.65,Sweeper,ST,30.25,0.24,2588.69,85.36,82.86,71.68
R,0.28,104,21.15,-0.83,0.14,Shohei Ohtani,3.12,660271,LAD,26.92,38.16,Split-Finger,FS,26,0.24,1422.91,83.84,86.81,75
R,0,84,0,-0.91,1.16,Shohei Ohtani,2.52,660271,LAD,0,0,Unknown,UNK,0,0,2005,0,93,0
R,0.55,57,15.79,0.56,-0.77,Shohei Ohtani,1.71,660271,LAD,38.6,22.86,Knuckle Curve,KC,22.22,0.29,2558.12,91.86,83.38,86.36
R,0.4,17,29.41,-0.64,-0.07,Shohei Ohtani,0.51,660271,LAD,58.82,14.29,Slurve,SV,33.33,0.29,2352.06,90,81.51,80
R,0.35,661,29.05,-0.19,1.26,Teoscar Hernández,28.76,606192,LAD,53.71,31.37,4-Seam Fastball,FF,22.09,0.24,2310.74,85.62,94.7,69.86
R,0.38,445,28.54,-0.87,0.6,Teoscar Hernández,19.36,606192,LAD,55.96,28.06,Sinker,SI,15.12,0.35,2188.33,86.4,94.33,60.24
R,0.25,284,34.86,0.16,0.13,Teoscar Hernández,12.36,606192,LAD,45.77,30.52,Slider,SL,42.42,0.16,2428.82,79.92,86.75,65.38
R,0.31,275,25.45,0.22,0.29,Teoscar Hernández,11.97,606192,LAD,37.45,27.91,Changeup,CH,37.4,0.23,1777.2,80.54,85.87,80.58
R,0.31,250,30.4,0.06,0.65,Teoscar Hernández,10.88,606192,LAD,46,34.07,Cutter,FC,31.4,0.25,2392.86,81.57,90.21,65.22
R,0.15,176,35.8,0.87,0.13,Teoscar Hernández,7.66,606192,LAD,44.89,29.9,Sweeper,ST,41.03,0.16,2587.67,79.73,82.88,62.03
R,0.3,93,17.2,0.1,-0.68,Teoscar Hernández,4.05,606192,LAD,23.66,19.72,Curveball,CU,37.14,0.47,2669.78,80.62,81.07,95.45
R,0.24,69,39.13,-0.46,0.16,Teoscar Hernández,3,606192,LAD,40.58,36.59,Split-Finger,FS,56.76,0.05,1330.97,80.19,86.53,78.57
R,0.38,29,34.48,0.57,-0.4,Teoscar Hernández,1.26,606192,LAD,31.03,40,Knuckle Curve,KC,46.15,0.12,2413.45,89.6,83.86,55.56
R,0,6,66.67,-1.3,-0.16,Teoscar Hernández,0.26,606192,LAD,66.67,0,Slurve,SV,0,0,2842.67,0,85.47,0
R,0,4,0,0,0,Teoscar Hernández,0.17,606192,LAD,0,0,Unknown,UNK,0,0,0,0,0,0
R,0.44,3,0,-0.44,1.72,Teoscar Hernández,0.13,606192,LAD,0,33.33,Eephus,EP,0,0,1363.33,96,48.77,0
R,0,3,66.67,-0.57,1.82,Teoscar Hernández,0.13,606192,LAD,0,33.33,Other,FA,0,0,1940,61.5,72.33,0
R,0.25,426,30.99,-0.34,1.22,Tommy Edman,36.07,669242,LAD,54.46,32.47,4-Seam Fastball,FF,19.52,0.19,2350.09,81.87,95.17,63.36
R,0.25,191,24.08,-0.29,0.32,Tommy Edman,16.17,669242,LAD,37.17,40,Changeup,CH,25.49,0.28,1849.41,83,86.33,76.06
R,0.41,120,24.17,-0.47,0.53,Tommy Edman,10.16,669242,LAD,53.33,16.07,Sinker,SI,2.17,0.4,2196.55,87.7,94.88,57.81
R,0.35,106,15.09,0.06,0.73,Tommy Edman,8.98,669242,LAD,47.17,30.36,Cutter,FC,3.85,0.3,2416.08,80,90.84,70
R,0.48,106,25.47,0.08,0.14,Tommy Edman,8.98,669242,LAD,45.28,43.1,Slider,SL,28.12,0.3,2422.51,81.29,87.23,81.25
R,0.19,101,32.67,0.22,-0.81,Tommy Edman,8.55,669242,LAD,40.59,23.33,Curveball,CU,33.33,0.12,2708.3,79.33,81.06,46.34
R,0.35,62,30.65,0.49,0.08,Tommy Edman,5.25,669242,LAD,38.71,31.58,Sweeper,ST,25,0.36,2592.1,75.61,81.98,66.67
R,0.57,52,26.92,-0.05,0.14,Tommy Edman,4.4,669242,LAD,53.85,41.67,Split-Finger,FS,34.29,0.54,1140.42,88.5,83.94,89.29
R,0,10,60,-1.03,-0.36,Tommy Edman,0.85,669242,LAD,40,0,Slurve,SV,0,0,2709.6,0,85.64,0
R,0,7,14.29,0.77,-0.62,Tommy Edman,0.59,669242,LAD,42.86,25,Knuckle Curve,KC,0,0,2696.57,95.8,82.84,33.33
L,0.31,480,30.83,-0.38,1.25,,34.63,687221,LAD,52.92,21.24,4-Seam Fastball,FF,34.45,0.24,2308.16,84.19,95.66,74.8
L,0.34,451,31.04,-0.53,1.3,,32.9,690976,LAD,55.88,21.11,4-Seam Fastball,FF,17.59,0.32,2316.41,86.62,94.72,62.3
R,0.46,443,28.89,-0.19,1.29,,32.74,669257,LAD,54.85,22.5,4-Seam Fastball,FF,15.38,0.23,2287.47,87.18,94.7,61.73
R,0.5,233,26.18,-0.97,0.64,,17.22,669257,LAD,60.09,29.03,Sinker,SI,2.83,0.28,2189.69,87.92,94.06,56.43
L,0.29,213,25.35,-1,0.23,,15.37,687221,LAD,30.52,43.92,Changeup,CH,34.45,0.25,1884.45,79.07,87.52,83.08
L,0.43,210,33.81,-0.65,1.28,,27.93,808975,LAD,59.52,29.41,4-Seam Fastball,FF,15.46,0.38,2257.51,80.72,94.2,57.6
L,0.25,203,29.06,-0.77,0.27,,14.81,690976,LAD,30.54,25.53,Changeup,CH,44.16,0.1,1697.88,77.44,86.64,66.13
L,0.21,195,26.67,-0.57,1.32,,49.87,669899,LAD,49.74,28.57,4-Seam Fastball,FF,32.41,0.12,2347.49,81.91,95.56,82.47
R,0.23,190,21.05,0.22,0.11,,14.04,669257,LAD,43.68,20.56,Slider,SL,15.19,0.2,2420.9,78.06,86.11,68.67
L,0.25,171,29.24,-0.67,0.43,,12.47,690976,LAD,61.99,9.23,Sinker,SI,10.96,0.26,2164.61,81.57,93.42,63.21
L,0.4,152,32.24,0.15,0.56,,10.97,687221,LAD,59.21,9.68,Sinker,SI,10,0.32,2163.01,81.58,94.23,48.89
L,0.29,150,40,0.27,0.06,,10.94,690976,LAD,46.67,27.5,Slider,SL,46.3,0.19,2440.23,80.83,86.2,45.71
R,0.29,146,25.34,0.91,-0.05,,10.79,669257,LAD,36.3,25.81,Sweeper,ST,29.63,0.41,2591.24,78.89,83.61,56.6
L,0.37,146,32.19,0.02,0.05,,10.53,687221,LAD,46.58,47.44,Slider,SL,32.56,0.27,2422.88,87.96,86.55,72.06
L,0.2,139,21.58,-1.06,0.29,,18.48,808975,LAD,37.41,31.03,Changeup,CH,30.3,0.07,1756.98,75.66,86.9,75
L,0.38,132,21.97,0.09,0.74,,9.52,687221,LAD,54.55,26.67,Cutter,FC,24.69,0.15,2387.59,83.5,90.49,90.28
L,0.36,132,30.3,-1,0.58,,17.55,808975,LAD,54.55,23.33,Sinker,SI,22.22,0.39,2158.21,83.48,93.43,68.06
R,0.26,129,29.46,0.37,1.21,,36.13,669289,LAD,56.59,39.29,4-Seam Fastball,FF,18.06,0.24,2266.09,82.66,93.68,68.49
R,0.37,128,18.75,0.27,0.49,,9.46,669257,LAD,38.28,22.78,Changeup,CH,14,0.23,1745.63,81.6,86.69,65.31
L,0.18,105,28.57,0.04,0.64,,7.66,690976,LAD,47.62,27.27,Cutter,FC,19.57,0.33,2383.46,77.62,89.45,62
L,0.3,103,29.13,0.53,-0.93,,7.51,690976,LAD,38.83,19.05,Curveball,CU,43.24,0.23,2605.77,84.49,79.9,62.5
L,0.28,99,40.4,0.12,0.11,,7.14,687221,LAD,39.39,46.67,Sweeper,ST,41.3,0.19,2641.34,79.61,82.37,46.15
R,0.46,93,27.96,0.16,0.6,,6.87,669257,LAD,62.37,17.14,Cutter,FC,13.64,0.12,2389.75,83.33,88.33,65.52
L,0.24,86,33.72,0.22,0.14,,11.44,808975,LAD,50,34.88,Slider,SL,32.5,0.26,2336.29,79.86,85.28,58.14
L,0.24,80,46.25,0.58,0.07,,5.84,690976,LAD,53.75,18.92,Sweeper,ST,37.5,0.14,2692.79,87.33,81.44,39.53
R,0.14,78,24.36,0.25,-0.69,,5.76,669257,LAD,28.21,14.29,Curveball,CU,37.5,0,2653.99,80.03,80.52,72.73
L,0.38,72,31.94,0.58,-0.68,,5.19,687221,LAD,34.72,38.3,Curveball,CU,37.14,0.21,2638.65,82.54,80.13,68
L,0.24,65,33.85,-0.71,0.29,,4.74,690976,LAD,29.23,23.91,Split-Finger,FS,50,0.21,1609.82,74.54,86.71,47.37
R,0.36,61,14.75,-0.04,0.12,,17.09,669289,LAD,57.38,38.46,Slider,SL,7.69,0.43,2341.67,79.04,84.03,82.86
L,0.23,60,33.33,0.15,1.17,,37.97,672613,LAD,73.33,18.75,4-Seam Fastball,FF,6.45,0.27,2301.95,79.17,92.96,63.64
L,0.27,52,32.69,0.31,-0.69,,6.91,808975,LAD,55.77,17.39,Curveball,CU,28,0.25,2557.35,79.91,79.43,72.41
L,0.57,50,12,0.21,-0.11,,12.79,669899,LAD,36,43.75,Slider,SL,12.9,0.33,2385.98,83.65,87.39,94.44
R,0.2,48,31.25,-0.6,0.86,,31.37,642020,LAD,72.92,38.46,Sinker,SI,25.81,0.12,2218.15,69.62,93.78,74.29
L,0.36,48,35.42,0.13,0.64,,6.38,808975,LAD,60.42,31.58,Cutter,FC,17.39,0.29,2370.04,81.11,89.76,58.62
R,0.1,46,13.04,0.88,0.35,,12.89,669289,LAD,39.13,21.43,Changeup,CH,0,0,1699.87,73.41,85.05,66.67
R,0.11,45,35.56,0,1.39,,29.41,642020,LAD,55.56,15,4-Seam Fastball,FF,42.86,0,2365.04,78.43,95.55,72
L,0.34,42,21.43,-1.14,0.37,,10.74,669899,LAD,45.24,34.78,Changeup,CH,5.26,0.29,2088.76,81.92,85.92,57.89
L,0.2,42,35.71,-0.61,0.29,,3.03,687221,LAD,57.14,22.22,Split-Finger,FS,33.33,0.17,1534.38,89.71,85.89,58.33
L,0.35,39,41.03,0.43,0.11,,5.19,808975,LAD,58.97,25,Sweeper,ST,26.67,0.25,2567.08,84.39,82.65,47.83
R,0.49,38,31.58,0.51,0.7,,10.64,669289,LAD,52.63,38.89,Sinker,SI,16.67,0.33,2106.37,87.07,93.18,55
L,0.08,37,35.14,-0.95,0.2,,4.92,808975,LAD,37.84,26.09,Split-Finger,FS,63.16,0,1503.03,65.08,86.72,92.86
L,0.22,33,9.09,-0.72,0.52,,20.89,672613,LAD,42.42,26.32,Sinker,SI,0,0,2082.33,86.74,94.4,85.71
L,0.15,33,33.33,0.84,-0.82,,2.41,690976,LAD,54.55,33.33,Knuckle Curve,KC,23.08,0,2603.88,101.9,82.33,44.44
L,0.42,31,19.35,-0.26,0.26,,19.62,672613,LAD,25.81,26.09,Changeup,CH,33.33,0.33,1684.55,91.86,85.14,75
L,0.37,27,33.33,0.91,-0.69,,1.95,687221,LAD,70.37,37.5,Knuckle Curve,KC,0,0.4,2599,81.77,81.32,42.11
R,0.12,26,26.92,0.32,0.26,,16.99,642020,LAD,57.69,36.36,Slider,SL,29.41,0,2429.88,78.23,86.38,86.67
R,0.24,23,39.13,-0.2,0.64,,6.44,669289,LAD,65.22,12.5,Cutter,FC,22.22,0,2276.65,81.77,88.36,53.33
R,0.18,23,30.43,-0.62,0.12,,6.44,669289,LAD,26.09,47.06,Sweeper,ST,33.33,0.33,2456.09,75.26,81.46,66.67
L,0.02,20,30,0.4,-0.59,,5.12,669899,LAD,60,25,Curveball,CU,0,0,2539.6,69.81,80.85,50
L,0.22,19,26.32,0.18,0.64,,4.86,669899,LAD,36.84,41.67,Cutter,FC,12.5,0.67,2417,84.03,90.77,42.86
L,0.41,19,10.53,0.79,-0.99,,4.86,669899,LAD,36.84,41.67,Knuckle Curve,KC,0,0.14,2505.95,76.32,80.34,71.43
L,0.76,19,31.58,-0.86,0.71,,4.86,669899,LAD,52.63,22.22,Sinker,SI,0,1,2269,78.36,94.59,60
R,0.37,17,23.53,0.41,-0.76,,1.26,669257,LAD,58.82,0,Knuckle Curve,KC,0,0,2496,85.57,82.39,40
R,0.22,17,5.88,-1,-0.05,,1.26,669257,LAD,29.41,41.67,Split-Finger,FS,10,0.25,1239.12,80.73,87.29,100
R,0.28,16,43.75,-0.76,-1,,4.48,669289,LAD,50,0,Curveball,CU,0,0,2656.38,88.77,79.82,37.5
L,0.33,13,0,-0.1,0.81,,8.23,672613,LAD,38.46,50,Cutter,FC,0,0.2,2295,82.7,90.63,100
R,0.39,12,33.33,0.13,0.42,,7.84,642020,LAD,100,0,Cutter,FC,40,0,2535.5,84.75,89.97,83.33
L,0.01,12,16.67,-0.35,-0.22,,0.87,687221,LAD,25,11.11,Slurve,SV,33.33,0,2548.17,85.7,81.91,66.67
R,0.11,9,33.33,0.38,0.53,,2.52,669289,LAD,55.56,25,Split-Finger,FS,25,0,1154.78,87.03,82.98,60
L,0,9,33.33,-0.97,0.46,,2.3,669899,LAD,33.33,16.67,Split-Finger,FS,66.67,0,1450.33,70.6,87.52,66.67
R,0.21,8,0,0.61,0.12,,5.23,642020,LAD,25,0,Changeup,CH,0,0,1700.25,74.3,87.88,100
L,0.37,8,12.5,1.08,0.1,,2.05,669899,LAD,87.5,0,Sweeper,ST,0,0.17,2569.38,88.16,83.29,100
L,0.06,7,28.57,-0.36,0.26,,4.43,672613,LAD,57.14,66.67,Split-Finger,FS,33.33,0,1359.29,91.8,85.74,100
L,0.31,6,33.33,0.3,-0.54,,1.53,669899,LAD,33.33,50,Slurve,SV,33.33,0,2947.83,81.25,81.87,50
L,0.09,6,16.67,1.07,-0.8,,0.8,808975,LAD,66.67,0,Knuckle Curve,KC,0,0,2641.33,81.13,82.68,75
L,0.17,5,0,-0.04,-0.95,,3.16,672613,LAD,20,100,Curveball,CU,0,0.67,2338.4,78,78.38,100
L,0.19,5,0,-1.03,1.29,,0.36,687221,LAD,40,33.33,Eephus,EP,0,0,1455.8,52.3,56.06,100
R,0,4,0,-1.22,1.16,,2.61,642020,LAD,100,0,Other,FA,0,0,1781,70.65,74.95,100
R,0.27,4,0,0.64,0.12,,2.61,642020,LAD,0,50,Split-Finger,FS,0,0,1058,25.7,82.9,0
R,0.09,4,0,0.03,-0.11,,2.61,642020,LAD,100,0,Sweeper,ST,0,0.5,2879,90.65,79.9,100
R,0.29,4,25,-0.12,1.74,,1.12,669289,LAD,25,33.33,Eephus,EP,0,0,1306.5,76.5,48.2,100
R,0.04,4,50,-0.72,1.2,,1.12,669289,LAD,100,0,Other,FA,0,1,1827.5,78.7,73.75,50
L,0.84,4,0,-1.04,1.34,,1.02,669899,LAD,50,0,Other,FA,0,1,1864.5,106.1,78.85,100
L,0,4,50,0.21,0.16,,2.53,672613,LAD,50,0,Sweeper,ST,0,0,2447.5,0,80.25,0
L,0,4,0,0,0,,0.29,687221,LAD,0,0,Unknown,UNK,0,0,0,0,0,0
L,0.04,4,0,-0.66,1.63,,0.29,690976,LAD,25,33.33,Eephus,EP,0,0,1385,67.5,51.3,100
L,0.16,4,0,-1.38,1.22,,0.29,690976,LAD,50,0,Other,FA,0,0,1792.5,59.1,72,100
R,0.88,3,33.33,-0.37,1.46,,0.22,669257,LAD,33.33,0,Eephus,EP,0,1,1433,103.8,57,100
L,0,3,33.33,-0.35,0.56,,1.9,672613,LAD,0,33.33,Slider,SL,100,0,2363,0,86.23,0
L,0.06,3,33.33,-0.64,1.73,,0.4,808975,LAD,66.67,0,Eephus,EP,0,0,1410,75.7,50.03,50
R,0.08,2,0,0.24,-0.95,,1.31,642020,LAD,50,0,Curveball,CU,0,0,2500,88.8,79.6,100
R,0,2,0,-0.33,0.01,,0.15,669257,LAD,0,0,Slurve,SV,0,0,2297,0,81.7,0
R,0,2,0,1.12,-0.25,,0.15,669257,LAD,0,0,Unknown,UN,0,0,2456,0,72,0
R,0,2,0,1.09,-0.6,,0.56,669289,LAD,0,0,Knuckle Curve,KC,0,0,2572,0,81.6,0
R,0,2,0,-0.76,-0.82,,0.56,669289,LAD,100,0,Slurve,SV,0,0,2584,0,84.3,100
L,0.08,2,0,-1.13,-0.37,,1.27,672613,LAD,100,0,Slurve,SV,0,0,2339,77.6,80.5,100
L,0,2,0,-1.05,0.87,,0.14,687221,LAD,0,0,Other,FA,0,0,1629,0,73.4,0
L,0.35,2,50,1,-0.39,,0.15,690976,LAD,100,0,Slurve,SV,0,1,2865.5,68,81.45,50
R,0,1,0,-0.98,1.34,,0.07,669257,LAD,100,0,Other,FA,0,0,1781,71.5,68.8,100
R,0.3,283,24.03,-0.89,0.67,Agustín Ramírez,26.4,682663,MIA,54.42,20.16,Sinker,SI,15.5,0.23,2242.55,85.16,93.83,66.88
R,0.23,235,25.53,-0.19,1.35,Agustín Ramírez,21.92,682663,MIA,57.87,23.23,4-Seam Fastball,FF,17.24,0.06,2350.79,80.16,95,68.38
R,0.27,162,32.1,0.17,0.09,Agustín Ramírez,15.11,682663,MIA,47.53,30.59,Slider,SL,35.44,0.41,2474.12,81.21,85.88,68.83
R,0.4,117,25.64,0.74,0.06,Agustín Ramírez,10.91,682663,MIA,29.06,33.73,Sweeper,ST,37.5,0.41,2686.15,83.55,82.28,58.82
R,0.3,113,24.78,0.48,0.4,Agustín Ramírez,10.54,682663,MIA,37.17,23.94,Changeup,CH,42.59,0.26,1778.97,77.84,85.03,88.1
R,0.19,64,39.06,0.1,0.81,Agustín Ramírez,5.97,682663,MIA,37.5,42.5,Cutter,FC,44.83,0.14,2392.64,78.89,91.01,50
R,0.71,47,34.04,0.06,-0.84,Agustín Ramírez,4.38,682663,MIA,34.04,35.48,Curveball,CU,35.29,0.4,2586.98,80.07,80.17,37.5
R,0.22,35,37.14,-0.5,0.23,Agustín Ramírez,3.26,682663,MIA,65.71,25,Split-Finger,FS,30,0.29,1320.4,94.23,86.28,73.91
R,0.29,6,66.67,-0.19,-0.38,Agustín Ramírez,0.56,682663,MIA,16.67,80,Knuckle Curve,KC,80,0,2495.83,94.7,84.18,100
R,0,6,0,0,0,Agustín Ramírez,0.56,682663,MIA,0,0,Unknown,UNK,0,0,0,0,0,0
R,0.45,4,50,-0.3,-0.38,Agustín Ramírez,0.37,682663,MIA,75,0,Slurve,SV,50,0.5,2589.25,97.6,83,66.67
R,0.36,59,27.12,-0.07,1.28,Brian Navarreto,23.41,640459,MIA,59.32,37.5,4-Seam Fastball,FF,11.76,0.31,2257.88,80.63,93.97,71.43
R,0,38,47.37,1.2,0.48,Brian Navarreto,15.08,640459,MIA,28.95,33.33,Changeup,CH,85.71,0,1669.21,61.7,85.06,45.45
R,0.08,35,31.43,0.85,0.65,Brian Navarreto,13.89,640459,MIA,51.43,58.82,Sinker,SI,11.76,0,2234.6,73.24,94.28,38.89
R,0.29,33,15.15,0.12,0.06,Brian Navarreto,13.1,640459,MIA,15.15,42.86,Sweeper,ST,29.41,0,2523.61,66.07,82.77,100
R,0.4,31,32.26,-0.01,0.65,Brian Navarreto,12.3,640459,MIA,45.16,41.18,Cutter,FC,35.29,0.2,2359.84,80.53,90.01,71.43
R,0.08,24,29.17,0.14,0.16,Brian Navarreto,9.52,640459,MIA,75,16.67,Slider,SL,27.78,0.08,2371.54,64.95,87.76,94.44
R,0,20,35,-0.51,-0.74,Brian Navarreto,7.94,640459,MIA,15,23.53,Curveball,CU,100,0,2565.25,0,81.08,0
R,0.07,6,33.33,0.4,1.53,Brian Navarreto,2.38,640459,MIA,66.67,0,Eephus,EP,0,0,1375.67,93.2,52.97,50
R,0,2,0,-0.05,-0.44,Brian Navarreto,0.79,640459,MIA,0,0,Knuckle Curve,KC,0,0,2174,0,80.7,0
R,0,2,0,-0.91,1.26,Brian Navarreto,0.79,640459,MIA,0,0,Other,FA,0,0,1830,0,69.2,0
R,0,2,0,-1.31,-0.09,Brian Navarreto,0.79,640459,MIA,0,0,Split-Finger,FS,0,0,1437,0,87.7,0
R,0.32,353,24.93,0.18,1.31,Esteury Ruiz,30.62,665923,MIA,51.27,16.28,4-Seam Fastball,FF,22.6,0.31,2291.35,80.04,94.49,65.19
R,0.3,220,32.27,-0.62,0.61,Esteury Ruiz,19.08,665923,MIA,59.09,36.67,Sinker,SI,15.69,0.08,2238.2,75.37,93.95,53.08
R,0.17,145,36.55,-0.18,0.16,Esteury Ruiz,12.58,665923,MIA,42.07,41.67,Slider,SL,45.12,0.17,2428.41,78.84,86.2,77.05
R,0.34,135,28.15,0.66,0.08,Esteury Ruiz,11.71,665923,MIA,37.04,43.53,Sweeper,ST,33.8,0.34,2639.78,78.26,83.55,68
R,0.36,122,27.87,0.77,0.36,Esteury Ruiz,10.58,665923,MIA,24.59,43.48,Changeup,CH,39.68,0.36,1634.05,80.73,84.75,76.67
R,0.21,102,31.37,0.06,0.63,Esteury Ruiz,8.85,665923,MIA,44.12,33.33,Cutter,FC,33.96,0.19,2435.18,67.45,88.67,75.56
R,0.22,30,10,-0.21,-0.97,Esteury Ruiz,2.6,665923,MIA,46.67,31.25,Curveball,CU,6.67,0,2593.63,81.3,80.68,71.43
R,0,24,41.67,-0.54,0.31,Esteury Ruiz,2.08,665923,MIA,50,50,Split-Finger,FS,55.56,0,1389.75,56.35,88.62,100
R,0.15,22,54.55,0.78,-0.72,Esteury Ruiz,1.91,665923,MIA,45.45,66.67,Knuckle Curve,KC,42.86,0,2524.45,87.97,80.78,60
R,0.26,235,28.94,-0.54,1.36,Graham Pauley,32.1,688363,MIA,57.02,19.8,4-Seam Fastball,FF,14.95,0.2,2343.8,83.03,94.83,64.93
R,0.22,132,20.45,-1.18,0.28,Graham Pauley,18.03,688363,MIA,28.03,36.84,Changeup,CH,22.95,0.14,1709.51,76.68,86.98,70.27
R,0.33,91,21.98,-1.14,0.62,Graham Pauley,12.43,688363,MIA,51.65,11.36,Sinker,SI,15,0.23,2195.95,85.7,93.35,74.47
R,0.1,71,30.99,0.21,0.15,Graham Pauley,9.7,688363,MIA,40.85,40.48,Slider,SL,31.58,0.11,2461.48,82.36,86.93,72.41
R,0.17,70,32.86,0.79,-0.83,Graham Pauley,9.56,688363,MIA,48.57,33.33,Curveball,CU,35.29,0.21,2527.04,80.49,79.39,64.71
R,0.07,64,34.38,0.08,0.74,Graham Pauley,8.74,688363,MIA,60.94,20,Cutter,FC,20.69,0.18,2396.38,77.14,90.71,61.54
R,0.12,24,12.5,-1.03,0.31,Graham Pauley,3.28,688363,MIA,20.83,36.84,Split-Finger,FS,25,0,1487.5,78.36,86.58,100
R,0.38,24,50,0.47,0.14,Graham Pauley,3.28,688363,MIA,75,16.67,Sweeper,ST,20,0.29,2629.58,82.15,82.92,50
R,0.29,21,28.57,1.09,-1.02,Graham Pauley,2.87,688363,MIA,38.1,38.46,Knuckle Curve,KC,22.22,0.5,2687.76,71.73,78.9,50
R,0.49,332,31.33,-0.58,1.28,Griffin Conine,25.64,665052,MIA,55.72,27.21,4-Seam Fastball,FF,25.16,0.34,2321.8,88.59,94.82,64.32
R,0.27,201,31.34,-1.08,0.39,Griffin Conine,15.52,665052,MIA,27.36,33.56,Changeup,CH,55.56,0.15,1830.18,85.12,85.88,74.55
R,0.4,198,35.86,0.17,0.15,Griffin Conine,15.29,665052,MIA,47.47,38.46,Slider,SL,43.4,0.33,2474.97,89.2,86.97,70.21
R,0.49,135,28.15,-0.18,0.57,Griffin Conine,10.42,665052,MIA,64.44,27.08,Sinker,SI,17.57,0.32,2230.59,87.27,92.76,70.11
R,0.25,119,41.18,0.12,0.14,Griffin Conine,9.19,665052,MIA,48.74,24.59,Sweeper,ST,50,0.15,2622.22,78.33,82.03,63.79
R,0.46,106,30.19,0.7,-0.71,Griffin Conine,8.19,665052,MIA,36.79,22.39,Curveball,CU,28.95,0.39,2676.06,86.77,80.42,58.97
R,0.47,97,21.65,0.07,0.8,Griffin Conine,7.49,665052,MIA,44.33,25.93,Cutter,FC,23.91,0.38,2435.9,81.38,89.51,74.42
R,0.18,52,30.77,-0.9,0.33,Griffin Conine,4.02,665052,MIA,42.31,36.67,Split-Finger,FS,37.93,0.08,1464.21,72.32,87.78,81.82
R,0.26,30,33.33,0.75,-0.98,Griffin Conine,2.32,665052,MIA,26.67,54.55,Knuckle Curve,KC,44.44,0.5,2731.73,74.76,80.28,75
R,0.41,10,40,-0.42,1.49,Griffin Conine,0.77,665052,MIA,40,33.33,Other,FA,0,1,1438.4,95.9,55.02,0
R,0,6,0,-0.35,0.97,Griffin Conine,0.46,665052,MIA,0,0,Eephus,EP,0,0,1361,0,57.27,0
R,0,4,0,-1.1,-0.08,Griffin Conine,0.31,665052,MIA,0,0,Forkball,FO,0,0,1202,0,83.5,0
R,0.41,3,33.33,1.05,-0.62,Griffin Conine,0.23,665052,MIA,33.33,50,Slurve,SV,50,0,2613,102.6,82.9,100
R,0,2,0,0,0,Griffin Conine,0.15,665052,MIA,0,0,Unknown,UNK,0,0,0,0,0,0
R,0.36,581,31.67,-0.24,1.33,Heriberto Hernández,25.76,681715,MIA,53.01,31.87,4-Seam Fastball,FF,24.92,0.2,2302.1,85.98,94.55,69.48
R,0.35,428,30.61,-0.75,0.62,Heriberto Hernández,18.98,681715,MIA,52.8,16.83,Sinker,SI,20.23,0.25,2227.12,87.54,94.61,61.5
R,0.42,356,31.18,0.1,0.12,Heriberto Hernández,15.79,681715,MIA,41.29,22.97,Slider,SL,42.33,0.32,2425.92,86.64,86.41,78.23
R,0.37,276,31.52,0.06,0.43,Heriberto Hernández,12.24,681715,MIA,42.03,15.62,Changeup,CH,45.37,0.23,1749.86,80.13,85.06,71.55
R,0.28,252,30.16,0.44,0.07,Heriberto Hernández,11.18,681715,MIA,45.63,28.47,Sweeper,ST,33.07,0.16,2590.14,80.35,82.76,76.52
R,0.28,142,35.92,0.07,0.71,Heriberto Hernández,6.3,681715,MIA,48.59,39.73,Cutter,FC,37.18,0.21,2397.44,88.78,89.71,71.01
R,0.26,117,22.22,0.03,-0.82,Heriberto Hernández,5.19,681715,MIA,34.19,18.18,Curveball,CU,35,0.21,2678.31,90.56,80.54,65
R,0.12,36,30.56,-1,0.2,Heriberto Hernández,1.6,681715,MIA,33.33,20.83,Split-Finger,FS,53.85,0.2,1531.78,95.18,88.61,66.67
R,0.3,33,33.33,0.8,-0.78,Heriberto Hernández,1.46,681715,MIA,39.39,25,Knuckle Curve,KC,58.82,0.33,2619.33,84.76,80.79,92.31
R,0.35,12,16.67,-0.9,0.05,Heriberto Hernández,0.53,681715,MIA,16.67,20,Forkball,FO,50,0,1193.5,91.1,83.03,100
R,0,10,0,0,0,Heriberto Hernández,0.44,681715,MIA,0,0,Unknown,UNK,0,0,0,0,0,0
R,0.26,6,0,-0.19,1.76,Heriberto Hernández,0.27,681715,MIA,66.67,100,Other,FA,0,1,1350.33,89.2,48.63,50
R,0,4,0,-0.16,0.08,Heriberto Hernández,0.18,681715,MIA,100,0,Knuckleball,KN,0,0,330.5,94.4,82,100
R,0,2,0,-1.67,-0.38,Heriberto Hernández,0.09,681715,MIA,50,0,Slurve,SV,0,0,2847,0,82.5,100
R,0.31,1129,22.59,-0.56,1.33,Jakob Marsee,36.3,805300,MIA,52.44,19.55,4-Seam Fastball,FF,6.58,0.2,2313.07,80.54,94.52,61.82
R,0.3,524,32.25,0.02,0.61,Jakob Marsee,16.85,805300,MIA,54.58,17.23,Sinker,SI,11.3,0.18,2185.23,81.68,93.78,47.55
R,0.23,343,36.44,0.11,0.18,Jakob Marsee,11.03,805300,MIA,48.98,34.29,Slider,SL,29.25,0.13,2428.63,79.75,86.71,51.79
R,0.38,294,24.49,-1.09,0.3,Jakob Marsee,9.45,805300,MIA,35.71,31.22,Changeup,CH,32.12,0.32,1770.43,81.88,86.21,74.29
R,0.31,292,23.29,0.07,0.72,Jakob Marsee,9.39,805300,MIA,48.97,22.15,Cutter,FC,12.88,0.24,2413.11,78.21,90.09,69.23
R,0.22,198,31.82,-0.18,0.05,Jakob Marsee,6.37,805300,MIA,35.86,25.98,Sweeper,ST,42.65,0.18,2596.97,80.59,82.33,49.3
R,0.35,148,25,0.63,-0.81,Jakob Marsee,4.76,805300,MIA,40.54,14.77,Curveball,CU,19.57,0.35,2614.82,77.74,80.76,55
R,0.31,105,31.43,-0.98,0.3,Jakob Marsee,3.38,805300,MIA,33.33,34.29,Split-Finger,FS,50,0.25,1343.29,79.51,85.97,68.57
R,0.43,36,30.56,0.86,-0.93,Jakob Marsee,1.16,805300,MIA,52.78,11.76,Knuckle Curve,KC,9.09,0.2,2525.25,86.27,80.59,47.37
R,0.16,13,0,-0.58,1.61,Jakob Marsee,0.42,805300,MIA,38.46,25,Other,FA,0,0,1520.15,88.07,57.02,100
R,0.12,12,50,-1.03,0.15,Jakob Marsee,0.39,805300,MIA,50,50,Slurve,SV,57.14,0.5,2442.92,67.97,81.78,66.67
R,0,10,0,0,0,Jakob Marsee,0.32,805300,MIA,0,0,Unknown,UNK,0,0,0,0,0,0
R,0,4,0,0,-0.28,Jakob Marsee,0.13,805300,MIA,0,100,Knuckleball,KN,0,0,290.5,77.4,79.7,0
R,0,2,0,-1.05,-0.01,Jakob Marsee,0.06,805300,MIA,0,0,Forkball,FO,0,0,1310,0,82,0
R,0.31,472,21.61,-0.27,1.36,Javier Sanoja,24.43,691594,MIA,50.64,34.76,4-Seam Fastball,FF,8.75,0.34,2298.07,84.18,94.52,66.53
R,0.35,438,29.68,-0.49,0.68,Javier Sanoja,22.67,691594,MIA,57.76,37.84,Sinker,SI,5.83,0.28,2234.75,83.05,94.55,53.75
R,0.28,297,21.21,0.07,0.19,Javier Sanoja,15.37,691594,MIA,41.08,46.29,Slider,SL,14.53,0.35,2430.32,81.54,86.3,74.59
R,0.17,214,21.03,0.59,0.05,Javier Sanoja,11.08,691594,MIA,35.51,34.78,Sweeper,ST,22.02,0.21,2676.02,79.54,82.52,80.26
R,0.21,180,23.33,0.48,0.43,Javier Sanoja,9.32,691594,MIA,38.89,57.27,Changeup,CH,17.39,0.34,1784.22,76.32,85.46,74.29
R,0.25,165,20,0.07,0.68,Javier Sanoja,8.54,691594,MIA,47.88,33.72,Cutter,FC,3.7,0.19,2397.49,80.02,89.03,65.82
R,0.26,108,22.22,0.1,-0.7,Javier Sanoja,5.59,691594,MIA,37.96,20.9,Curveball,CU,10.81,0.19,2586.35,83.04,81.04,56.1
R,0.55,25,4,0.65,-0.8,Javier Sanoja,1.29,691594,MIA,20,20,Knuckle Curve,KC,0,0.5,2565.52,52.16,81.09,80
R,0.55,21,19.05,-0.46,0.22,Javier Sanoja,1.09,691594,MIA,28.57,33.33,Split-Finger,FS,22.22,0.25,1266.9,68.56,86.02,66.67
R,0.1,5,0,0.37,-0.48,Javier Sanoja,0.26,691594,MIA,60,50,Slurve,SV,0,0,2378.4,85.72,82.3,100
R,0,3,0,1.45,0.73,Javier Sanoja,0.16,691594,MIA,0,0,Unknown,UNK,0,0,2155,0,94.9,0
R,0.41,2,0,0.55,1.36,Javier Sanoja,0.1,691594,MIA,100,0,Eephus,EP,0,0,1313,95.5,52.4,100
R,0.01,2,0,-0.04,0.02,Javier Sanoja,0.1,691594,MIA,100,0,Knuckleball,KN,0,0,318,82,84.2,100
R,0.35,413,21.31,-0.55,1.32,Joe Mack,26.54,691788,MIA,54.48,23.94,4-Seam Fastball,FF,10.05,0.34,2296.73,87.66,94.72,68.44
R,0.24,257,35.8,-1.18,0.38,Joe Mack,16.52,691788,MIA,36.96,30.25,Changeup,CH,54.03,0.13,1822.48,77.87,85.61,78.95
R,0.33,210,22.86,-0.11,0.58,Joe Mack,13.5,691788,MIA,49.52,20.75,Sinker,SI,13.04,0.24,2183.91,78.68,93.61,67.31
R,0.3,184,35.87,0.12,0.21,Joe Mack,11.83,691788,MIA,57.61,28.21,Slider,SL,30.85,0.22,2407.46,80.37,86.66,67.92
R,0.28,132,23.48,0.45,-0.76,Joe Mack,8.48,691788,MIA,44.7,24.66,Curveball,CU,11.32,0.21,2609.79,80.86,80.27,59.32
R,0.28,114,30.7,0.17,0.08,Joe Mack,7.33,691788,MIA,42.11,28.79,Sweeper,ST,32.65,0.23,2487.11,80.27,82.85,62.5
R,0.34,109,26.61,-0.04,0.61,Joe Mack,7.01,691788,MIA,68.81,41.18,Cutter,FC,12.68,0.28,2323.04,84.13,89.3,76
R,0.36,77,12.99,-1.06,0.32,Joe Mack,4.95,691788,MIA,32.47,19.23,Split-Finger,FS,13.79,0.29,1490.99,83.33,87.31,76
R,0.03,54,33.33,0.87,-0.91,Joe Mack,3.47,691788,MIA,33.33,58.33,Knuckle Curve,KC,34.38,0,2539.5,66.34,81.56,61.11
R,0,3,0,0,0,Joe Mack,0.19,691788,MIA,0,0,Unknown,UNK,0,0,0,0,0,0
R,0.07,2,0,-0.31,1.8,Joe Mack,0.13,691788,MIA,100,0,Other,FA,0,0,1397,75.8,51.2,100
R,0,1,0,1.32,-0.9,Joe Mack,0.06,691788,MIA,0,0,Slurve,SV,0,0,2614,0,79.7,0
R,0.33,352,31.53,-0.03,1.32,Leo Jiménez,30.37,677870,MIA,53.41,22.56,4-Seam Fastball,FF,15.54,0.24,2303.66,87.88,94.58,59.04
R,0.39,216,22.22,-0.26,0.62,Leo Jiménez,18.64,677870,MIA,48.61,27.93,Sinker,SI,7.37,0.27,2230.85,82.65,93.94,60.95
R,0.24,179,26.82,0.1,0.16,Leo Jiménez,15.44,677870,MIA,41.9,24.04,Slider,SL,21.62,0.11,2477.79,79.95,87.2,65.33
R,0.22,141,29.79,0.82,0.44,Leo Jiménez,12.17,677870,MIA,42.55,37.04,Changeup,CH,35.9,0.19,1699.52,79.29,85.3,80
R,0.11,113,40.71,0.54,0.16,Leo Jiménez,9.75,677870,MIA,38.94,31.88,Sweeper,ST,46.67,0.11,2505.85,74.8,82.8,52.27
R,0.33,74,18.92,-0.06,0.74,Leo Jiménez,6.38,677870,MIA,36.49,17.02,Cutter,FC,12.5,0.29,2423.78,80.2,89.86,88.89
R,0.58,46,36.96,-0.34,-0.87,Leo Jiménez,3.97,677870,MIA,45.65,16,Curveball,CU,41.18,0,2566,74.74,80.37,61.9
R,0.3,16,50,0.33,-0.6,Leo Jiménez,1.38,677870,MIA,50,25,Knuckle Curve,KC,0,0,2333.75,81.85,83.41,25
R,0.61,14,35.71,-0.45,0.53,Leo Jiménez,1.21,677870,MIA,42.86,50,Split-Finger,FS,44.44,0.57,1256.71,101.04,88.69,83.33
R,0.29,6,0,-0.96,1.12,Leo Jiménez,0.52,677870,MIA,50,66.67,Other,FA,0,0.67,1809.5,94.1,71.63,33.33
R,0,2,0,1.03,1.42,Leo Jiménez,0.17,677870,MIA,0,0,Eephus,EP,0,0,1352,0,55.8,0
R,0.43,735,28.44,-0.32,1.32,Otto Lopez,22.76,672640,MIA,55.51,23.55,4-Seam Fastball,FF,8.04,0.37,2317.29,87.21,94.82,57.35
R,0.44,608,28.95,-0.79,0.65,Otto Lopez,18.83,672640,MIA,56.25,21.8,Sinker,SI,3.32,0.34,2220.35,87.1,93.88,53.51
R,0.33,570,27.72,0.19,0.16,Otto Lopez,17.65,672640,MIA,46.84,34.32,Slider,SL,23.53,0.35,2439.88,81.95,86.97,69.29
R,0.28,357,24.93,0.85,0.11,Otto Lopez,11.06,672640,MIA,36.97,32,Sweeper,ST,19.18,0.27,2594.23,76.1,82.82,56.06
R,0.17,341,19.94,-0.24,0.34,Otto Lopez,10.56,672640,MIA,40.76,43.07,Changeup,CH,22.82,0.2,1793.37,75.92,86.2,85.61
R,0.3,260,35.38,0.07,0.69,Otto Lopez,8.05,672640,MIA,60,27.88,Cutter,FC,15.32,0.32,2392.07,86.11,89.75,52.56
R,0.2,185,30.27,0.31,-0.87,Otto Lopez,5.73,672640,MIA,42.16,36.45,Curveball,CU,26.97,0.1,2629.46,76.74,80.22,64.1
R,0.21,107,22.43,-0.84,0.37,Otto Lopez,3.31,672640,MIA,34.58,44.29,Split-Finger,FS,29.69,0.3,1348.21,84.23,86.66,89.19
R,0.19,65,35.38,0.68,-0.69,Otto Lopez,2.01,672640,MIA,36.92,65.85,Knuckle Curve,KC,33.33,0.29,2568.18,79.08,82.54,50
R,0,1,0,0.83,-0.71,Otto Lopez,0.03,672640,MIA,0,0,Slurve,SV,0,0,2454,0,80.2,0
R,0.38,611,29.79,-0.58,1.31,Owen Caissie,31.53,683357,MIA,54.34,17.56,4-Seam Fastball,FF,23.53,0.26,2332.33,83.59,94.88,67.17
R,0.35,239,32.64,-1.22,0.27,Owen Caissie,12.33,683357,MIA,36.82,39.07,Changeup,CH,45.45,0.37,1763.79,76.62,86.44,82.95
R,0.27,232,28.45,0.2,0.14,Owen Caissie,11.97,683357,MIA,43.53,40.46,Slider,SL,33.33,0.19,2446.42,83.52,86.37,78.22
R,0.29,213,33.8,-0.74,0.5,Owen Caissie,10.99,683357,MIA,53.52,18.18,Sinker,SI,15.38,0.21,2220.96,86.21,92.64,52.63
R,0.17,177,42.37,0.74,-0.78,Owen Caissie,9.13,683357,MIA,35.03,35.65,Curveball,CU,55.22,0.12,2630.75,81.98,79.64,41.94
R,0.31,158,27.85,0.03,0.72,Owen Caissie,8.15,683357,MIA,49.37,36.25,Cutter,FC,24.42,0.3,2405.44,77.41,90.15,73.08
R,0.2,138,35.51,0.17,0.15,Owen Caissie,7.12,683357,MIA,38.41,31.76,Sweeper,ST,48.21,0,2556.79,82.43,82.29,54.72
R,0.36,96,23.96,-0.93,0.3,Owen Caissie,4.95,683357,MIA,32.29,29.23,Split-Finger,FS,43.18,0.24,1374.15,82.86,86.2,80.65
R,0.28,54,50,0.63,-0.86,Owen Caissie,2.79,683357,MIA,40.74,46.88,Knuckle Curve,KC,65.62,0.18,2583.13,95.21,80.86,77.27
R,0.42,12,33.33,-0.73,1.47,Owen Caissie,0.62,683357,MIA,33.33,25,Other,FA,0,0.33,1615.17,89.5,65.58,25
R,0,5,40,-1.13,-0.45,Owen Caissie,0.26,683357,MIA,40,33.33,Slurve,SV,50,0,2699,49.2,82.84,50
R,0,2,0,-1.14,-0.09,Owen Caissie,0.1,683357,MIA,0,0,Unknown,UNK,0,0,1441,0,89.2,0
R,0,1,0,0.77,1.55,Owen Caissie,0.05,683357,MIA,0,0,Pitch Out,PO,0,0,2092,0,92,0
R,0.39,986,25.46,-0.42,1.34,Xavier Edwards,28.86,669364,MIA,54.56,21.43,4-Seam Fastball,FF,10.5,0.36,2305.69,83.16,94.64,63.57
R,0.34,532,20.68,-0.57,0.62,Xavier Edwards,15.57,669364,MIA,54.89,18.33,Sinker,SI,4.17,0.34,2219.94,81.84,93.86,67.12
R,0.29,517,24.56,-0.56,0.37,Xavier Edwards,15.13,669364,MIA,34.24,28.24,Changeup,CH,30.22,0.27,1745.06,76.31,86.39,72.88
R,0.29,441,25.17,0.13,0.2,Xavier Edwards,12.91,669364,MIA,44.22,25.61,Slider,SL,21.61,0.18,2408.88,78.91,86.81,69.74
R,0.26,277,25.99,0.08,0.7,Xavier Edwards,8.11,669364,MIA,55.6,26.83,Cutter,FC,5.22,0.2,2431.38,84.64,89.89,53.25
R,0.3,229,27.07,0.51,-0.86,Xavier Edwards,6.7,669364,MIA,33.19,30.72,Curveball,CU,25.84,0.2,2595.19,76.06,80.75,55.26
R,0.3,209,21.05,0.51,0.11,Xavier Edwards,6.12,669364,MIA,44.02,17.09,Sweeper,ST,14.29,0.22,2593.77,80.09,83.49,61.96
R,0.23,123,4.88,-1.06,0.28,Xavier Edwards,3.6,669364,MIA,29.27,19.54,Split-Finger,FS,6.67,0.35,1463.37,73.34,87.8,77.78
R,0.19,58,25.86,0.68,-0.97,Xavier Edwards,1.7,669364,MIA,41.38,8.82,Knuckle Curve,KC,14.29,0,2523.45,81.75,82.35,45.83
R,0,31,0,0,0,Xavier Edwards,0.91,669364,MIA,0,0,Unknown,UNK,0,0,0,0,0,0
R,0,4,50,-0.99,0.26,Xavier Edwards,0.12,669364,MIA,0,50,Forkball,FO,100,0,1247,0,83.9,0
R,0,4,0,-0.02,-0.13,Xavier Edwards,0.12,669364,MIA,50,0,Knuckleball,KN,0,0,447,0,84.3,100
R,0.14,3,33.33,0.25,-0.8,Xavier Edwards,0.09,669364,MIA,33.33,50,Slurve,SV,0,0,2681,80.9,81,0
R,0.81,2,0,-0.32,0.94,Xavier Edwards,0.06,669364,MIA,100,0,Eephus,EP,0,1,1333,89.6,56.7,100
L,0.28,775,25.94,-0.55,1.35,,32.7,669065,MIA,52.9,24.66,4-Seam Fastball,FF,28.4,0.23,2314.82,85.24,95.19,78.54
L,0.31,328,32.32,-1.14,0.32,,13.84,669065,MIA,33.84,40.09,Changeup,CH,46.2,0.28,1718.04,86.57,86.27,87.39
L,0.37,278,24.46,0.03,0.61,,11.73,669065,MIA,50,33.81,Sinker,SI,18.84,0.26,2198,83.32,93.3,65.47
L,0.38,277,33.94,0.06,0.21,,11.69,669065,MIA,46.21,38.93,Slider,SL,41.18,0.24,2426.71,83.44,86.76,74.22
L,0.37,192,26.56,0.02,0.67,,8.1,669065,MIA,45.83,35.58,Cutter,FC,28.57,0.32,2435.22,86.51,89.75,69.32
R,0.28,187,28.34,0.5,1.4,,40.65,596103,MIA,57.22,27.5,4-Seam Fastball,FF,16.3,0.16,2287.53,83.86,93.99,65.42
L,0.24,163,36.81,0.08,0.05,,6.88,669065,MIA,45.4,40.45,Sweeper,ST,41.11,0.15,2581.13,77.66,83.48,72.97
L,0.39,159,25.79,0.64,-0.82,,6.71,669065,MIA,32.08,28.7,Curveball,CU,34.38,0.26,2650.36,85.88,80.67,64.71
R,0.22,141,33.33,-0.28,1.37,,34.22,666624,MIA,58.87,24.14,4-Seam Fastball,FF,24.29,0.05,2305.59,83.77,94.44,67.47
L,0.29,129,40.31,-1.04,0.35,,5.44,669065,MIA,37.98,46.25,Split-Finger,FS,53.85,0.26,1402.81,89.64,86.85,83.67
R,0.25,88,22.73,1.14,0.59,,19.13,596103,MIA,29.55,20.97,Changeup,CH,52.78,0.24,1738.21,70.16,84.42,88.46
R,0.26,69,23.19,1.1,0.71,,15,596103,MIA,52.17,33.33,Sinker,SI,21.43,0.23,2164.23,82.57,93.42,86.11
R,0.26,59,38.98,-0.09,0.25,,14.32,666624,MIA,45.76,28.12,Slider,SL,46.15,0.17,2378.14,81.78,85.25,62.96
L,0.47,54,25.93,0.56,-0.74,,2.28,669065,MIA,38.89,42.42,Knuckle Curve,KC,38.24,0.33,2497.63,82.79,83.44,95.24
R,0.21,53,26.42,0.8,0.19,,12.86,666624,MIA,58.49,22.73,Sweeper,ST,16.67,0.09,2471.47,75.32,81.73,61.29
R,0.18,52,19.23,-0.2,0.81,,12.62,666624,MIA,46.15,32.14,Sinker,SI,4.17,0.22,2196.94,90.68,94.99,62.5
R,0.22,36,27.78,0.13,0.01,,7.83,596103,MIA,44.44,25,Slider,SL,0,0.89,2367.75,80.88,85.21,50
R,0.25,32,46.88,-0.26,0.35,,7.77,666624,MIA,40.62,68.42,Changeup,CH,59.09,0.33,1911.59,93.12,84.72,69.23
R,0.2,27,25.93,0.09,-0.94,,6.55,666624,MIA,29.63,26.32,Curveball,CU,38.46,0,2463.59,67.72,78.39,100
R,0.41,25,20,-0.22,0.63,,6.07,666624,MIA,24,42.11,Cutter,FC,0,0.57,2289.6,73.38,87.47,66.67
R,0.1,23,47.83,0,0.11,,5,596103,MIA,52.17,9.09,Sweeper,ST,57.14,0,2590.57,65.33,84.65,50
R,0.02,22,45.45,0.13,0.06,,29.73,691277,MIA,54.55,80,Slider,SL,28.57,0.5,2465.91,76.86,86.28,50
R,0.35,20,15,-0.14,0.69,,4.35,596103,MIA,40,50,Cutter,FC,0,0,2335.95,77.62,89.46,37.5
R,0.01,20,45,0.44,1.43,,27.03,691277,MIA,45,45.45,4-Seam Fastball,FF,28.57,0,2211.55,74.28,93.18,22.22
R,0.49,19,36.84,1.27,0.52,,25.68,691277,MIA,10.53,70.59,Changeup,CH,50,0.33,1545.89,73.27,85.56,100
R,0.29,14,28.57,-0.64,-0.89,,3.04,596103,MIA,57.14,0,Curveball,CU,0,0.25,2481.14,89.7,77.27,50
R,0.04,14,64.29,0.51,-0.84,,3.4,666624,MIA,42.86,37.5,Knuckle Curve,KC,75,0,2174.64,78.45,80.73,83.33
L,0,11,0,0,0,,0.46,669065,MIA,0,0,Unknown,UNK,0,0,0,0,0,0
R,0.84,11,0,-0.39,-0.69,,14.86,691277,MIA,18.18,22.22,Curveball,CU,0,1,2423.55,99.45,79.88,100
R,0,8,50,0,0,,1.74,596103,MIA,0,25,Unknown,UNK,0,1,0,0,0,0
R,0,6,66.67,-0.6,-0.07,,1.3,596103,MIA,50,66.67,Slurve,SV,100,0,2358,0,80.98,33.33
R,0,6,33.33,-0.78,0.27,,1.3,596103,MIA,0,33.33,Split-Finger,FS,100,0,1151,0,88.57,0
R,0,6,33.33,-1.22,0.59,,1.46,666624,MIA,16.67,40,Split-Finger,FS,66.67,0,1651.67,75.5,87.13,100
R,0,3,33.33,-0.28,-0.74,,0.65,596103,MIA,0,33.33,Knuckle Curve,KC,100,0,2360.67,0,84.43,0
R,0,3,33.33,-1.52,-0.63,,0.73,666624,MIA,33.33,50,Slurve,SV,100,0,3012,0,82.67,0
L,0.67,2,0,-0.16,-0.16,,0.08,669065,MIA,100,0,Knuckleball,KN,0,1,285,106,82.3,100
L,0.09,2,0,-0.99,1.1,,0.08,669065,MIA,100,0,Other,FA,0,1,1769,92.4,67.9,100
R,0.09,2,0,-1.14,0.63,,2.7,691277,MIA,100,0,Sinker,SI,0,0,2034,92.8,90.7,100
R,0.47,476,24.16,-0.17,1.29,Andrew Vaughn,26.34,683734,MIL,48.53,21.63,4-Seam Fastball,FF,10,0.45,2321.71,87.12,94.98,63.64
R,0.27,358,35.2,-0.01,0.06,Andrew Vaughn,19.81,683734,MIL,46.93,16.84,Slider,SL,29.57,0.23,2440.98,84.1,86.57,49.4
R,0.34,326,30.37,-0.49,0.69,Andrew Vaughn,18.04,683734,MIL,61.66,21.6,Sinker,SI,5.11,0.25,2212.96,85.68,94.46,54.73
R,0.38,180,25,0.41,0.36,Andrew Vaughn,9.96,683734,MIL,35.56,17.24,Changeup,CH,35,0.3,1757.1,83.05,86.37,62.5
R,0.17,150,30.67,0.48,0.13,Andrew Vaughn,8.3,683734,MIL,42,24.14,Sweeper,ST,24.56,0.14,2628.82,81.55,83.23,57.14
R,0.29,139,24.46,0.11,0.58,Andrew Vaughn,7.69,683734,MIL,51.08,20.59,Cutter,FC,16.67,0.43,2365.72,81.78,90.18,64.79
R,0.29,84,32.14,0.07,-0.7,Andrew Vaughn,4.65,683734,MIL,28.57,26.67,Curveball,CU,50,0.08,2711.17,69.73,79.99,41.67
R,0.13,52,25,-0.56,0.2,Andrew Vaughn,2.88,683734,MIL,23.08,32.5,Split-Finger,FS,36.84,0.1,1234.14,72.09,87.32,50
R,0.25,25,16,0.4,-0.71,Andrew Vaughn,1.38,683734,MIL,24,31.58,Knuckle Curve,KC,0,0,2569.6,77.53,81.8,33.33
R,0.7,7,28.57,0,0,Andrew Vaughn,0.39,683734,MIL,0,0,Unknown,UNK,0,0,0,0,0,0
R,0.22,6,0,0.1,1.42,Andrew Vaughn,0.33,683734,MIL,66.67,50,Eephus,EP,0,0.6,1247.33,94.48,50.02,100
R,0.26,3,0,0.41,-0.13,Andrew Vaughn,0.17,683734,MIL,33.33,0,Slurve,SV,0,0,2487.33,92.2,80,100
R,0,1,100,-0.39,0.12,Andrew Vaughn,0.06,683734,MIL,100,0,Forkball,FO,0,0,632,0,86.6,0
R,0.29,199,29.65,-0.23,1.36,Brandon Lockridge,26.93,663604,MIL,48.24,22.33,4-Seam Fastball,FF,19.23,0.26,2365.45,81.01,94.87,57.29
R,0.21,125,36,-0.63,0.73,Brandon Lockridge,16.91,663604,MIL,64.8,27.27,Sinker,SI,20,0.15,2173.06,81.42,93.9,59.26
R,0.18,117,28.21,0.18,0.16,Brandon Lockridge,15.83,663604,MIL,41.03,36.23,Slider,SL,25.93,0.31,2373.97,76.43,86.83,60.42
R,0.15,102,42.16,0.49,0.32,Brandon Lockridge,13.8,663604,MIL,39.22,50,Changeup,CH,54.1,0,1630.62,72.35,85.43,75
R,0.45,77,36.36,-0.03,0.71,Brandon Lockridge,10.42,663604,MIL,51.95,24.32,Cutter,FC,22.22,0.45,2404.4,76.12,89.08,45
R,0.26,69,24.64,0.2,0.05,Brandon Lockridge,9.34,663604,MIL,44.93,28.95,Sweeper,ST,21.88,0.35,2462.57,76.69,82.2,67.74
R,0.22,28,32.14,-0.54,-0.85,Brandon Lockridge,3.79,663604,MIL,64.29,20,Curveball,CU,0,0.45,2631.18,73.42,79.37,50
R,0.44,10,30,-0.75,0.1,Brandon Lockridge,1.35,663604,MIL,30,71.43,Split-Finger,FS,28.57,0.4,1253.7,91.26,86.01,66.67
R,0.35,8,0,0.47,1.8,Brandon Lockridge,1.08,663604,MIL,25,33.33,Eephus,EP,0,0.5,891.5,91.15,35.8,100
R,0,4,50,0.62,-0.99,Brandon Lockridge,0.54,663604,MIL,100,0,Knuckle Curve,KC,0,0,2394.5,0,76.8,0
R,0.36,1233,27.33,-0.33,1.29,Brice Turang,33.38,668930,MIL,55.31,27.04,4-Seam Fastball,FF,19.58,0.28,2311.11,84.46,95.01,68.04
R,0.35,598,24.75,-0.01,0.59,Brice Turang,16.19,668930,MIL,55.85,19.7,Sinker,SI,12.12,0.29,2209.17,83.92,93.66,63.47
R,0.32,454,35.68,0,0.11,Brice Turang,12.29,668930,MIL,48.9,25.86,Slider,SL,31.4,0.17,2482.17,85.75,86.37,50.45
R,0.27,423,19.86,-0.91,0.36,Brice Turang,11.45,668930,MIL,35.46,25.64,Changeup,CH,21.51,0.2,1745.13,74.72,86.93,68
R,0.35,240,29.58,0.43,-0.7,Brice Turang,6.5,668930,MIL,45.83,18.46,Curveball,CU,22.67,0.29,2661.98,83.9,80.79,46.36
R,0.29,229,32.31,0.22,0.06,Brice Turang,6.2,668930,MIL,46.29,17.89,Sweeper,ST,23.19,0.18,2581.82,84.67,82.49,44.34
R,0.41,225,21.78,-0.01,0.64,Brice Turang,6.09,668930,MIL,47.56,24.58,Cutter,FC,17.31,0.35,2385.69,84.83,89.97,70.09
R,0.27,168,25,-0.9,0.31,Brice Turang,4.55,668930,MIL,35.12,35.78,Split-Finger,FS,27.71,0.23,1496.15,77.37,87.15,74.58
R,0.33,54,16.67,0.56,-0.82,Brice Turang,1.46,668930,MIL,40.74,12.5,Knuckle Curve,KC,5,0.5,2555.89,90.83,81.14,72.73
R,0,34,8.82,0,0,Brice Turang,0.92,668930,MIL,0,8.82,Unknown,UNK,33.33,0,0,0,0,0
R,0.35,17,35.29,-0.04,-0.56,Brice Turang,0.46,668930,MIL,58.82,57.14,Slurve,SV,0,0.6,2738.71,75.72,82.13,40
R,0.71,14,21.43,-0.34,1.6,Brice Turang,0.38,668930,MIL,14.29,50,Eephus,EP,0,0,1325.43,80.15,55.64,0
R,0.91,2,0,-0.59,0.07,Brice Turang,0.05,668930,MIL,100,0,Knuckleball,KN,0,1,187,89,87.9,100
R,0,2,0,1.13,0.15,Brice Turang,0.05,668930,MIL,0,0,Slow Curve,CS,0,0,2420,0,67.3,0
R,0.77,1,0,-0.69,1.23,Brice Turang,0.03,668930,MIL,0,100,Other,FA,0,0,1939,101.9,78.7,0
R,0.35,764,25.79,-0.43,1.24,Christian Yelich,29.06,592885,MIL,54.19,16.57,4-Seam Fastball,FF,20.5,0.25,2320.03,83.23,94.97,73.19
R,0.31,494,31.58,0.08,0.68,Christian Yelich,18.79,592885,MIL,54.45,19.11,Sinker,SI,15.9,0.2,2189.25,82.08,93.47,56.51
R,0.2,430,33.49,0.05,0.1,Christian Yelich,16.36,592885,MIL,37.91,33.33,Slider,SL,46.63,0.13,2433.31,79.21,86.7,63.8
R,0.35,286,27.62,0.13,0.6,Christian Yelich,10.88,592885,MIL,54.2,25.19,Cutter,FC,28.08,0.33,2372.25,82.63,89.86,72.9
R,0.29,177,25.42,-0.85,0.31,Christian Yelich,6.73,592885,MIL,36.72,33.93,Changeup,CH,25.93,0.26,1735.18,80.46,86.61,66.15
R,0.29,171,26.9,0.33,-0.02,Christian Yelich,6.5,592885,MIL,42.69,32.65,Sweeper,ST,35.96,0.15,2655.55,79.94,83.18,78.08
R,0.2,159,29.56,0.6,-0.75,Christian Yelich,6.05,592885,MIL,36.48,28.71,Curveball,CU,35.59,0.13,2625.16,81.21,80.54,51.72
R,0.45,79,25.32,-0.82,0.26,Christian Yelich,3,592885,MIL,31.65,24.07,Split-Finger,FS,33.33,0.26,1328.49,84.16,86.74,68
R,0,17,0,0,0,Christian Yelich,0.65,592885,MIL,0,0,Unknown,UNK,0,0,0,0,0,0
R,0.1,15,46.67,0.85,-0.87,Christian Yelich,0.57,592885,MIL,40,33.33,Knuckle Curve,KC,42.86,0,2495.67,57.8,81.29,66.67
R,0.31,15,13.33,-0.49,-0.62,Christian Yelich,0.57,592885,MIL,26.67,36.36,Slurve,SV,14.29,0.33,2712.8,71.08,82.1,75
R,0.83,12,16.67,-0.03,1.72,Christian Yelich,0.46,592885,MIL,33.33,0,Eephus,EP,0,0.5,1090.67,101.7,38.68,100
R,0.46,10,0,-0.79,1.07,Christian Yelich,0.38,592885,MIL,40,0,Other,FA,0,1,1446.2,93,67.18,100
R,0.32,617,24.8,-0.53,1.29,David Hamilton,30.5,666152,MIL,52.51,23.55,4-Seam Fastball,FF,12.18,0.25,2313.56,79.18,94.78,62.35
R,0.18,306,40.2,0.13,0.11,David Hamilton,15.13,666152,MIL,45.1,37.5,Slider,SL,39.86,0.18,2457.84,74.24,86.23,54.35
R,0.41,295,28.47,-0.32,0.59,David Hamilton,14.58,666152,MIL,57.29,25.4,Sinker,SI,12.41,0.43,2166.85,76.58,93.41,62.13
R,0.23,201,20.9,-1.03,0.29,David Hamilton,9.94,666152,MIL,30.35,36.43,Changeup,CH,29.67,0.24,1742.38,72.76,86.32,65.57
R,0.2,171,27.49,0.14,0.66,David Hamilton,8.45,666152,MIL,58.48,42.25,Cutter,FC,10.87,0.25,2362.78,72.49,89.7,62
R,0.16,151,37.09,0.54,0.1,David Hamilton,7.46,666152,MIL,50.99,31.08,Sweeper,ST,29.23,0.06,2642.13,75.86,82.33,54.55
R,0.08,108,28.7,0.59,-0.86,David Hamilton,5.34,666152,MIL,37.04,27.94,Curveball,CU,28.95,0.07,2630.96,74.4,80.34,47.5
R,0.18,92,18.48,-0.95,0.19,David Hamilton,4.55,666152,MIL,39.13,30.36,Split-Finger,FS,23.4,0,1488.75,75.66,87.78,83.33
R,0.17,38,23.68,0.82,-0.9,David Hamilton,1.88,666152,MIL,42.11,31.82,Knuckle Curve,KC,12.5,0,2564.05,81.02,79.67,56.25
R,0.4,11,36.36,0.16,-0.33,David Hamilton,0.54,666152,MIL,54.55,0,Slurve,SV,0,0,2773.36,77.1,80.68,33.33
R,0.53,10,20,-0.07,1.65,David Hamilton,0.49,666152,MIL,40,16.67,Eephus,EP,0,0.33,1092.8,89.93,41.53,50
R,0,8,50,0.35,0,David Hamilton,0.4,666152,MIL,50,50,Knuckleball,KN,50,0,254.75,64.3,81.58,50
R,0,6,33.33,0,0,David Hamilton,0.3,666152,MIL,0,33.33,Unknown,UNK,0,0,0,0,0,0
R,0,4,0,-0.47,-0.28,David Hamilton,0.2,666152,MIL,0,0,Forkball,FO,0,0,710,0,87.3,0
R,0.87,3,33.33,-0.73,1.33,David Hamilton,0.15,666152,MIL,100,0,Other,FA,0,1,1688,100.3,72.57,66.67
R,0,2,0,1.28,-0.73,David Hamilton,0.1,666152,MIL,0,100,Slow Curve,CS,0,0,2523,58.4,66.6,0
R,0.34,959,30.24,-0.52,1.26,Garrett Mitchell,34.76,669003,MIL,57.14,15.57,4-Seam Fastball,FF,24.65,0.21,2309.59,85.06,95.17,66.06
R,0.32,372,38.71,0.05,0.07,Garrett Mitchell,13.48,669003,MIL,48.92,30,Slider,SL,47.62,0.2,2424.23,86.45,86.14,60.99
R,0.43,341,29.62,0.24,0.6,Garrett Mitchell,12.36,669003,MIL,54.25,12.82,Sinker,SI,12.4,0.4,2206.81,88.05,93.22,54.59
R,0.23,331,34.74,-0.97,0.29,Garrett Mitchell,12,669003,MIL,35.35,26.17,Changeup,CH,55.07,0.25,1775.68,82.51,87.25,70.09
R,0.51,224,30.36,0.1,0.68,Garrett Mitchell,8.12,669003,MIL,49.11,25.44,Cutter,FC,33.91,0.4,2408.41,86.62,90.12,78.18
R,0.32,165,26.67,0.61,-0.87,Garrett Mitchell,5.98,669003,MIL,40.61,30.61,Curveball,CU,27.03,0.24,2647.32,85.41,80.68,65.67
R,0.37,162,32.72,0.33,0.1,Garrett Mitchell,5.87,669003,MIL,40.12,21.65,Sweeper,ST,43.94,0.45,2612.64,84.76,82.27,69.23
R,0.25,129,24.81,-0.99,0.32,Garrett Mitchell,4.68,669003,MIL,25.58,33.33,Split-Finger,FS,45.9,0.09,1527.92,84.93,87.23,87.88
R,0.48,36,27.78,0.57,-0.81,Garrett Mitchell,1.3,669003,MIL,44.44,40,Knuckle Curve,KC,26.32,0.38,2508.5,86.77,82.49,68.75
R,0.35,16,31.25,0.55,-0.65,Garrett Mitchell,0.58,669003,MIL,31.25,0,Slurve,SV,0,0,2809.12,0,81.54,0
R,0.48,12,16.67,0.12,1.69,Garrett Mitchell,0.43,669003,MIL,50,0,Eephus,EP,0,0.4,1057.58,102.76,39.71,100
R,0,10,0,0,0,Garrett Mitchell,0.36,669003,MIL,0,0,Unknown,UNK,0,0,0,0,0,0
R,0,2,100,0.56,-0.18,Garrett Mitchell,0.07,669003,MIL,100,0,Knuckleball,KN,0,0,206,0,82.9,0
R,0.48,415,31.81,-0.08,1.31,Gary Sánchez,27.36,596142,MIL,51.08,18.23,4-Seam Fastball,FF,18.49,0.32,2342.32,82.04,95.28,51.42
R,0.24,273,37.36,-0.01,0.07,Gary Sánchez,18,596142,MIL,47.99,30.28,Slider,SL,33.33,0.2,2450.98,83.27,86.2,47.33
R,0.35,235,25.53,-0.34,0.68,Gary Sánchez,15.49,596142,MIL,54.47,15.89,Sinker,SI,8.42,0.23,2206.11,84.14,94.2,60.94
R,0.25,212,29.25,0.68,0.39,Gary Sánchez,13.97,596142,MIL,30.66,27.89,Changeup,CH,47.62,0.03,1798.87,83.9,86.33,66.15
R,0.37,104,28.85,-0.05,0.57,Gary Sánchez,6.86,596142,MIL,53.85,8.33,Cutter,FC,13.79,0.18,2369.73,86.19,89.29,44.64
R,0.47,100,31,0.31,0.12,Gary Sánchez,6.59,596142,MIL,44,12.5,Sweeper,ST,9.52,0.27,2570.44,83.61,83.6,31.82
R,0.23,94,32.98,-0.14,-0.79,Gary Sánchez,6.2,596142,MIL,38.3,31.03,Curveball,CU,23.53,0.2,2624.44,75.83,80.6,44.44
R,0.2,52,23.08,-0.77,0.3,Gary Sánchez,3.43,596142,MIL,48.08,22.22,Split-Finger,FS,26.09,0.21,1317.23,79.53,86.14,68
R,0.02,15,33.33,0.13,-0.31,Gary Sánchez,0.99,596142,MIL,53.33,28.57,Knuckle Curve,KC,44.44,0,2290.8,78.34,82.65,87.5
R,0.7,9,11.11,0,0,Gary Sánchez,0.59,596142,MIL,0,33.33,Unknown,UNK,0,0,0,67.95,0,0
R,0.7,5,0,0.38,1.57,Gary Sánchez,0.33,596142,MIL,20,0,Eephus,EP,0,0,977.4,60.1,42.72,100
R,0,3,66.67,1.13,-0.47,Gary Sánchez,0.2,596142,MIL,66.67,0,Slurve,SV,100,0,2672,0,75.8,100
R,0.4,808,31.81,-0.27,1.26,Jackson Chourio,28.73,694192,MIL,50.12,33,4-Seam Fastball,FF,23.88,0.34,2329.79,87.93,95.39,61.23
R,0.38,497,29.78,-0.61,0.65,Jackson Chourio,17.67,694192,MIL,57.34,33.49,Sinker,SI,6.64,0.33,2230.6,88.12,94.46,54.39
R,0.3,484,30.58,0.09,0.07,Jackson Chourio,17.21,694192,MIL,38.22,27.09,Slider,SL,31.98,0.27,2495.27,80.78,86.96,62.7
R,0.35,262,28.24,0.77,0.14,Jackson Chourio,9.32,694192,MIL,39.31,42.14,Sweeper,ST,30.5,0.2,2610.53,78.93,83.57,71.84
R,0.34,252,34.92,0.11,0.62,Jackson Chourio,8.96,694192,MIL,50.4,38.4,Cutter,FC,29.77,0.23,2385.83,82.76,90.16,65.35
R,0.21,211,20.38,0.37,0.32,Jackson Chourio,7.5,694192,MIL,37.44,39.39,Changeup,CH,22.22,0.28,1739.76,80.25,85.66,82.28
R,0.2,127,33.86,0.05,-0.67,Jackson Chourio,4.52,694192,MIL,41.73,22.97,Curveball,CU,34.04,0.17,2657.44,82.33,79.79,56.6
R,0.29,80,23.75,-0.42,0.21,Jackson Chourio,2.84,694192,MIL,38.75,46.94,Split-Finger,FS,26.67,0.1,1145.38,80.99,86.1,70.97
R,0.43,42,30.95,0.58,-0.81,Jackson Chourio,1.49,694192,MIL,40.48,48,Knuckle Curve,KC,30.43,0.55,2541.95,83.58,81.16,64.71
R,1.89,30,0,0,0,Jackson Chourio,1.07,694192,MIL,0,3.33,Unknown,UNK,0,1,0,108.9,0,0
R,0.7,10,0,-0.64,1.11,Jackson Chourio,0.36,694192,MIL,20,0,Other,FA,0,0,1427.8,66.3,65.52,100
R,1.01,5,40,-0.2,1.35,Jackson Chourio,0.18,694192,MIL,100,0,Eephus,EP,0,0.67,1226.8,100.43,50.94,60
R,0.35,4,50,0.16,-0.76,Jackson Chourio,0.14,694192,MIL,0,50,Slurve,SV,100,0,2687,0,80.45,0
R,0.41,864,26.85,-0.34,1.29,Jake Bauers,27.7,641343,MIL,52.2,23,4-Seam Fastball,FF,16.97,0.33,2327.03,85.05,95.13,63.86
R,0.39,544,31.8,-0.12,0.62,Jake Bauers,17.44,641343,MIL,59.38,22.62,Sinker,SI,12.93,0.25,2204.18,83.3,93.74,56.35
R,0.36,443,25.73,0.07,0.13,Jake Bauers,14.2,641343,MIL,43.79,19.28,Slider,SL,28.09,0.27,2385.21,85.7,86.17,67.01
R,0.45,383,26.11,-0.98,0.34,Jake Bauers,12.28,641343,MIL,37.6,15.06,Changeup,CH,41.18,0.3,1785.5,86.75,87.26,69.44
R,0.24,250,30.4,0.56,-0.71,Jake Bauers,8.02,641343,MIL,36,25.62,Curveball,CU,37.37,0.04,2608.82,79.37,80.38,64.44
R,0.34,227,25.99,0.05,0.11,Jake Bauers,7.28,641343,MIL,46.26,21.31,Sweeper,ST,27.84,0.3,2569.68,85.44,82.76,67.62
R,0.34,168,34.52,0.08,0.63,Jake Bauers,5.39,641343,MIL,43.45,17.89,Cutter,FC,37.5,0.22,2343,83.98,89.65,53.42
R,0.33,136,22.79,-0.98,0.19,Jake Bauers,4.36,641343,MIL,36.76,18.6,Split-Finger,FS,32.14,0.34,1459.3,92.44,87.76,80
R,0.38,50,28,0.6,-0.92,Jake Bauers,1.6,641343,MIL,44,28.57,Knuckle Curve,KC,33.33,0.35,2561.64,95.5,80.91,72.73
R,0,26,3.85,0,0,Jake Bauers,0.83,641343,MIL,0,7.69,Unknown,UNK,0,0,0,85.2,0,0
R,0.7,16,12.5,-0.86,1.38,Jake Bauers,0.51,641343,MIL,25,33.33,Other,FA,0,0,1402.5,79.45,59.66,50
R,0.13,6,33.33,-0.14,2.14,Jake Bauers,0.19,641343,MIL,33.33,50,Eephus,EP,50,0,791.33,64.9,35.03,100
R,0.7,6,66.67,0.98,-0.89,Jake Bauers,0.19,641343,MIL,66.67,0,Slurve,SV,0,0,2877.83,0,79.85,0
R,0.48,8,0,0.18,0.87,Jihwan Bae,47.06,678225,MIL,37.5,40,Cutter,FC,0,1,2321.88,46.95,91.34,100
R,0,7,28.57,0.18,0.67,Jihwan Bae,41.18,678225,MIL,14.29,50,Sinker,SI,33.33,0,2135.71,37.4,93.33,0
R,0,2,50,-1.19,0.4,Jihwan Bae,11.76,678225,MIL,0,50,Changeup,CH,100,0,1123.5,0,90.1,0
R,0.3,653,31.7,-0.18,1.29,Joey Ortiz,31.73,687401,MIL,51.61,38.92,4-Seam Fastball,FF,18.67,0.25,2308.75,83.21,94.89,57.27
R,0.35,416,32.45,-0.42,0.68,Joey Ortiz,20.21,687401,MIL,58.89,26.9,Sinker,SI,8.05,0.28,2198.94,85.01,93.93,52.24
R,0.22,312,30.13,0.03,0.1,Joey Ortiz,15.16,687401,MIL,43.91,29.71,Slider,SL,22.06,0.24,2377.04,82.85,85.9,61.31
R,0.24,212,26.89,0.69,0.08,Joey Ortiz,10.3,687401,MIL,46.7,28.32,Sweeper,ST,21.74,0.24,2622.2,81.94,83.78,60.61
R,0.25,155,21.94,0.35,0.33,Joey Ortiz,7.53,687401,MIL,29.03,32.73,Changeup,CH,30.77,0.21,1696.23,68.87,85.46,64.44
R,0.32,126,19.05,-0.01,0.54,Joey Ortiz,6.12,687401,MIL,47.62,21.21,Cutter,FC,1.89,0.15,2422.01,82,88.43,65
R,0.35,97,34.02,-0.02,-0.82,Joey Ortiz,4.71,687401,MIL,43.3,25.45,Curveball,CU,36.11,0.44,2636.74,87.7,80.86,52.38
R,0.08,44,27.27,-0.86,0.28,Joey Ortiz,2.14,687401,MIL,40.91,46.15,Split-Finger,FS,30.77,0,1397.4,75.34,84.9,77.78
R,0.87,13,23.08,-0.71,1.2,Joey Ortiz,0.63,687401,MIL,23.08,60,Other,FA,0,1,1526.38,75.26,69.32,33.33
R,0,9,66.67,0.67,-0.88,Joey Ortiz,0.44,687401,MIL,44.44,60,Knuckle Curve,KC,66.67,0,2517.89,63.5,81.16,0
R,0,8,62.5,0.23,-0.42,Joey Ortiz,0.39,687401,MIL,37.5,60,Slurve,SV,66.67,0,2821.88,79.1,79.71,0
R,0.61,5,0,0.4,1.82,Joey Ortiz,0.24,687401,MIL,60,0,Eephus,EP,0,0.67,1041,91.67,43.02,100
R,0,5,0,0,0,Joey Ortiz,0.24,687401,MIL,0,0,Unknown,UNK,0,0,0,0,0,0
R,0.31,3,33.33,0.5,0.41,Joey Ortiz,0.15,687401,MIL,66.67,100,Knuckleball,KN,33.33,0.67,188.33,97.4,76.37,100
R,0.42,313,20.77,-0.36,1.25,Luis Lara,35.49,800325,MIL,45.69,17.65,4-Seam Fastball,FF,9.24,0.45,2318.83,84,95.64,62.24
R,0.38,130,27.69,0.03,0.07,Luis Lara,14.74,800325,MIL,47.69,27.94,Slider,SL,13.11,0.27,2478.05,82.78,87.68,67.74
R,0.16,115,39.13,-0.25,0.64,Luis Lara,13.04,800325,MIL,55.65,15.69,Sinker,SI,17.95,0.13,2196.48,84.99,94.27,48.44
R,0.35,103,16.5,-0.39,0.27,Luis Lara,11.68,800325,MIL,30.1,25,Changeup,CH,23.81,0.13,1672.79,81.49,88.05,77.42
R,0.25,61,40.98,0.1,0.74,Luis Lara,6.92,800325,MIL,65.57,47.62,Cutter,FC,21.88,0.29,2434.95,79.6,89.82,55
R,0.22,53,30.19,0.43,-0.84,Luis Lara,6.01,800325,MIL,33.96,17.14,Curveball,CU,38.46,0,2658.38,84.28,81.97,38.89
R,0.33,41,21.95,-0.98,0.21,Luis Lara,4.65,800325,MIL,53.66,26.32,Split-Finger,FS,0,0.31,1594,76.94,86.73,59.09
R,0.07,40,37.5,0.54,0.04,Luis Lara,4.54,800325,MIL,45,31.82,Sweeper,ST,27.78,0,2582.4,84.85,83.78,61.11
R,0.34,11,27.27,0.32,-0.66,Luis Lara,1.25,800325,MIL,63.64,50,Knuckle Curve,KC,25,0,2319.55,95.23,82.45,85.71
R,0.48,10,20,0.21,1.7,Luis Lara,1.13,800325,MIL,40,50,Eephus,EP,0,0.8,1032.3,83.62,39.19,50
R,0,5,0,0,0,Luis Lara,0.57,800325,MIL,0,0,Unknown,UNK,0,0,0,0,0,0
R,0.35,784,21.3,-0.21,1.31,William Contreras,26.19,661388,MIL,47.83,27.87,4-Seam Fastball,FF,14.13,0.22,2325.82,86.27,95.1,69.6
R,0.36,590,22.37,-0.67,0.7,William Contreras,19.71,661388,MIL,58.31,29.67,Sinker,SI,8.39,0.33,2219.18,86.31,94.6,68.9
R,0.29,501,28.34,0.11,0.16,William Contreras,16.73,661388,MIL,47.5,22.05,Slider,SL,26.21,0.21,2431.57,83.51,87.24,62.18
R,0.22,303,27.39,0.84,0.06,William Contreras,10.12,661388,MIL,38.28,24.6,Sweeper,ST,27.5,0.13,2602.55,82.78,83.48,63.79
R,0.3,245,22.04,0.53,0.34,William Contreras,8.18,661388,MIL,42.86,27.14,Changeup,CH,26.67,0.33,1747.45,85.58,86.32,78.1
R,0.41,240,24.17,0.11,0.61,William Contreras,8.02,661388,MIL,49.17,32.79,Cutter,FC,19.38,0.41,2410.45,85.6,89.95,75.42
R,0.19,140,32.86,-0.03,-0.7,William Contreras,4.68,661388,MIL,30,29.59,Curveball,CU,35.29,0.16,2690.33,77.62,80.24,52.38
R,0.27,76,26.32,-0.5,0.11,William Contreras,2.54,661388,MIL,35.53,42.86,Split-Finger,FS,31.71,0.17,1321,86.84,86.15,74.07
R,0.57,49,30.61,0.46,-0.73,William Contreras,1.64,661388,MIL,36.73,25.81,Knuckle Curve,KC,31.58,0.4,2561.33,84.09,81.81,61.11
R,0.68,28,14.29,-0.12,1.63,William Contreras,0.94,661388,MIL,35.71,33.33,Eephus,EP,0,0.67,1173.29,89.83,46.37,60
R,0,17,0,0,0,William Contreras,0.57,661388,MIL,0,0,Unknown,UNK,0,0,0,0,0,0
R,0.62,9,22.22,0.49,-0.49,William Contreras,0.3,661388,MIL,66.67,0,Slurve,SV,0,0.67,2791.56,76.85,82.22,66.67
R,0,8,50,0.12,-0.32,William Contreras,0.27,661388,MIL,25,0,Knuckleball,KN,0,0,229.25,0,78.7,0
R,0.58,4,0,-0.71,1.4,William Contreras,0.13,661388,MIL,50,0,Other,FA,0,0,1357,98,61.5,100
L,0.28,753,28.82,-0.43,1.26,,41.42,686217,MIL,51.26,26.7,4-Seam Fastball,FF,9.76,0.19,2293.69,81.09,94.52,51.55
R,0.32,299,31.77,-0.33,1.26,,28.92,806198,MIL,54.18,31.39,4-Seam Fastball,FF,19.85,0.26,2321.31,79.54,94.74,57.41
L,0.28,286,23.43,-0.14,0.57,,15.73,686217,MIL,63.64,19.23,Sinker,SI,1.42,0.25,2195.06,81.14,93.33,66.48
R,0.2,249,33.73,0.19,1.31,,37.22,663368,MIL,58.23,31.73,4-Seam Fastball,FF,25.6,0.15,2293.14,81.05,94.69,63.45
R,0.42,189,40.74,-0.49,0.65,,18.28,806198,MIL,57.14,22.22,Sinker,SI,25.35,0.15,2185.36,84.6,94.03,49.07
L,0.2,188,23.94,0.2,0.09,,10.34,686217,MIL,48.4,23.71,Slider,SL,13.58,0.26,2468.08,84.46,86.18,63.74
R,0.32,184,34.78,0.17,0.08,,17.79,806198,MIL,57.61,34.62,Slider,SL,26.97,0.36,2431.57,80.84,86.44,58.49
L,0.35,161,24.22,0.08,0.63,,8.86,686217,MIL,52.17,23.38,Cutter,FC,12.99,0.31,2379.49,75.98,89.77,70.24
L,0.2,124,20.97,0.16,0.01,,6.82,686217,MIL,42.74,16.9,Sweeper,ST,13.64,0.18,2558.71,80.53,82.66,60.38
L,0.37,114,11.4,-0.8,0.31,,6.27,686217,MIL,31.58,24.36,Changeup,CH,4.17,0.29,1764.63,72.55,86.3,80.56
R,0.32,108,25,0.73,0.05,,10.44,806198,MIL,40.74,21.88,Sweeper,ST,26.83,0.46,2673.01,80.32,83.14,61.36
R,0.15,107,23.36,0.46,0.3,,15.99,663368,MIL,24.3,35.8,Changeup,CH,25.53,0.16,1793.19,76.42,85.72,69.23
R,0.6,97,34.02,0.42,0.63,,14.5,663368,MIL,51.55,10.64,Sinker,SI,3.45,0.4,2149.34,84.57,92.97,48
L,0.51,89,23.6,0.45,-0.86,,4.9,686217,MIL,50.56,20.45,Curveball,CU,13.51,0.6,2578.12,83.55,80.07,62.22
R,0.13,82,18.29,0.05,0.42,,7.93,806198,MIL,41.46,37.5,Changeup,CH,22,0.11,1725.65,76.99,85.99,94.12
R,0.2,82,23.17,0.06,0.61,,7.93,806198,MIL,54.88,8.11,Cutter,FC,11.11,0.23,2361.72,84.33,89.22,73.33
R,0.23,66,25.76,-0.01,0.68,,9.87,663368,MIL,46.97,37.14,Cutter,FC,3.7,0.18,2348.92,81.39,88.22,45.16
L,0.08,63,26.98,-0.69,1.2,,39.38,672012,MIL,55.56,28.57,4-Seam Fastball,FF,23.68,0.27,2335.89,81.67,94.8,85.71
R,0.31,62,32.26,0.37,-0.84,,9.27,663368,MIL,59.68,24,Curveball,CU,14.81,0.15,2713.24,82.66,78.01,56.76
R,0.13,61,36.07,-0.06,1.38,,48.8,682641,MIL,39.34,56.76,4-Seam Fastball,FF,38.46,0.07,2403.03,79.02,93.56,75
R,0.48,54,22.22,0.55,-0.68,,5.22,806198,MIL,48.15,21.43,Curveball,CU,5.26,0.33,2638.09,71.76,81.87,50
L,0.14,53,43.4,-0.43,1.31,,45.3,675659,MIL,50.94,57.69,4-Seam Fastball,FF,40,0,2399.72,75.53,94.41,74.07
L,0.16,52,15.38,-0.99,0.26,,2.86,686217,MIL,51.92,36,Split-Finger,FS,6.67,0.05,1495.56,80.87,88.95,77.78
R,0.35,48,27.08,-0.02,0.04,,7.17,663368,MIL,31.25,21.21,Slider,SL,43.75,0.07,2448.19,88.06,85.57,60
R,0.25,30,36.67,-0.76,0.21,,2.9,806198,MIL,26.67,59.09,Split-Finger,FS,47.37,0,1627.6,82.22,86.85,75
L,0.15,25,36,-0.01,0.85,,15.62,672012,MIL,64,44.44,Cutter,FC,26.67,1,2399.56,78.36,90.63,68.75
L,0.32,24,16.67,-1.32,0.15,,15,672012,MIL,25,44.44,Changeup,CH,28.57,0.6,2029.33,80.88,89.1,100
R,0,20,40,-0.08,0.1,,16,682641,MIL,30,57.14,Slider,SL,50,0,2410,71.53,82.45,66.67
R,0.48,18,22.22,-0.25,0.29,,2.69,663368,MIL,44.44,40,Sweeper,ST,0,0,2501.11,77.1,80.65,50
L,0.26,17,0,0.77,-1.19,,0.94,686217,MIL,23.53,38.46,Knuckle Curve,KC,0,0.4,2627.94,88.06,79.43,100
R,0.09,16,0,1.09,0.3,,12.8,682641,MIL,12.5,42.86,Changeup,CH,0,0.25,1661,80.65,84.81,100
L,0.03,14,42.86,0.24,0.47,,11.97,675659,MIL,50,28.57,Changeup,CH,57.14,0,1676.86,73.9,86.89,71.43
L,0.09,13,15.38,-0.17,0.65,,11.11,675659,MIL,61.54,0,Sinker,SI,0,0,2228.92,50.73,92.92,75
L,0.42,13,46.15,0.16,0.25,,11.11,675659,MIL,69.23,25,Slider,SL,33.33,0.5,2417.77,85.57,85.12,55.56
R,0.31,12,16.67,-0.56,1.25,,1.79,663368,MIL,33.33,25,Other,FA,33.33,0,1323.83,82,64.47,100
L,0.7,12,16.67,-0.33,2.12,,7.5,672012,MIL,16.67,0,Eephus,EP,0,0,871.17,48.6,37.78,100
R,0,11,45.45,0.07,0.7,,8.8,682641,MIL,63.64,100,Cutter,FC,42.86,0,2560.27,96.92,88.54,42.86
L,0,11,9.09,0,0,,0.61,686217,MIL,0,63.64,Unknown,UNK,14.29,0,0,74.68,0,0
L,0.08,10,20,0.55,-0.48,,6.25,672012,MIL,20,50,Curveball,CU,33.33,0,2353.2,92.15,79.28,100
L,0,9,11.11,0,0.57,,7.69,675659,MIL,55.56,0,Cutter,FC,20,0,2286.44,82.1,87.5,100
L,0.36,8,37.5,1.36,0.38,,5,672012,MIL,62.5,33.33,Sweeper,ST,25,0.5,2475,68.7,83.4,60
L,0.16,8,37.5,0.41,-0.84,,6.84,675659,MIL,50,25,Curveball,CU,0,0,2604.12,71.4,81.88,25
R,0.31,8,25,0.82,0.67,,6.4,682641,MIL,50,25,Sinker,SI,0,0.67,2177.38,94.57,93.01,50
L,0.11,8,25,-0.8,1.3,,0.44,686217,MIL,50,50,Other,FA,0,0,1514.75,87.3,66.12,50
R,0,6,0,0.74,0.97,,4.8,682641,MIL,100,0,Sweeper,ST,0,0,2462,76.3,81.87,100
L,0,6,33.33,-0.38,2.13,,0.33,686217,MIL,66.67,100,Eephus,EP,50,0,805.33,89.9,35,50
R,0.7,6,33.33,0.54,1.29,,37.5,691620,MIL,33.33,0,4-Seam Fastball,FF,0,0,2249.67,0,95.77,0
R,0,6,0,1.29,-0.1,,37.5,691620,MIL,0,0,Changeup,CH,0,0,1589.33,0,85.87,0
L,0.38,5,20,0.36,0.02,,3.12,672012,MIL,60,50,Slider,SL,0,0,2382.6,77.7,87.54,66.67
L,0.1,5,40,-1.04,0.1,,3.12,672012,MIL,60,0,Split-Finger,FS,0,0,1399.2,99.5,92.58,33.33
R,0,4,25,0.07,-0.21,,0.6,663368,MIL,75,0,Knuckle Curve,KC,0,0,2356,69.7,82.4,33.33
R,0.22,4,0,-0.92,0.1,,0.6,663368,MIL,50,100,Split-Finger,FS,0,0,1664.5,61.95,86.7,100
L,0,4,25,0.44,-1.48,,2.5,672012,MIL,25,0,Knuckle Curve,KC,0,0,2778.5,0,77.15,0
L,0.02,4,50,-1.18,0.56,,2.5,672012,MIL,50,0,Sinker,SI,0,0,2140.5,90.3,97.4,100
L,0.3,4,0,0.86,-0.65,,0.22,686217,MIL,100,0,Slurve,SV,0,0,2958,82.65,81.45,100
L,0,3,33.33,-1.07,0.03,,2.56,675659,MIL,66.67,100,Split-Finger,FS,50,0,1290,0,87.5,50
L,0,3,0,-0.57,1.07,,0.17,686217,MIL,0,0,Pitch Out,PO,0,0,2293.33,0,90.03,0
R,0.7,3,0,0,0,,0.29,806198,MIL,0,0,Unknown,UNK,0,0,0,0,0,0
R,0.15,2,0,-0.16,2.01,,0.3,663368,MIL,0,100,Eephus,EP,0,0,686,83.7,30.6,0
L,0.35,2,0,-0.85,0.83,,1.71,675659,MIL,50,0,Other,FA,0,1,1845,98,77.4,100
L,0,2,50,0.09,0.31,,1.71,675659,MIL,100,0,Sweeper,ST,0,0,2783,0,83.3,50
R,0.54,2,0,-1.23,0.52,,1.6,682641,MIL,50,0,Split-Finger,FS,0,1,1680,103.8,84.45,100
L,0,2,100,-0.06,-0.14,,0.11,686217,MIL,100,0,Knuckleball,KN,100,0,272,0,79.4,100
R,0.29,2,0,-0.26,0.66,,12.5,691620,MIL,0,100,Cutter,FC,0,0,2390,85.6,89.9,0
R,0,2,100,-1.16,-0.32,,12.5,691620,MIL,0,100,Sweeper,ST,100,0,2341,0,83.4,0
R,0.86,2,0,0.66,1.66,,0.19,806198,MIL,0,50,Eephus,EP,0,0,858.5,94.2,36.7,0
R,0,1,0,-0.53,1.18,,0.8,682641,MIL,100,0,Eephus,EP,0,0,1230,66.1,53.7,100
R,0,1,0,-0.01,-0.4,,0.1,806198,MIL,0,0,Slurve,SV,0,0,2345,0,86.2,0
R,0.37,158,27.22,-0.53,1.28,Alan Roden,35.99,702176,MIN,55.7,28.57,4-Seam Fastball,FF,16.46,0.33,2366.36,84.06,94.87,67.05
R,0.37,69,18.84,-0.53,0.63,Alan Roden,15.72,702176,MIN,49.28,20,Sinker,SI,11.11,0.22,2169.36,85.51,94.22,85.29
R,0.27,60,43.33,0.86,0.15,Alan Roden,13.67,702176,MIN,48.33,25.81,Sweeper,ST,33.33,0.14,2562.2,70.32,83.78,34.48
R,0.41,38,23.68,0.8,-0.96,Alan Roden,8.66,702176,MIN,44.74,9.52,Curveball,CU,18.18,0.5,2494.95,78.84,80.78,52.94
R,0.2,37,27.03,0.28,0.53,Alan Roden,8.43,702176,MIN,56.76,0,Cutter,FC,26.67,0,2497.54,87.03,88.1,71.43
R,0.37,32,15.62,-0.83,0.19,Alan Roden,7.29,702176,MIN,25,58.33,Changeup,CH,10.53,0.33,1551.06,86.02,84.57,62.5
R,0.28,26,15.38,0.19,-0.01,Alan Roden,5.92,702176,MIN,50,0,Slider,SL,18.18,0,2310.69,88.48,86.43,84.62
R,0.15,13,30.77,-0.81,0.35,Alan Roden,2.96,702176,MIN,23.08,90,Split-Finger,FS,33.33,0,1397.85,81.68,86.61,100
R,0.45,6,16.67,0.52,-0.91,Alan Roden,1.37,702176,MIN,16.67,20,Knuckle Curve,KC,0,0,2380.67,101.2,82.85,0
R,0.12,137,27.01,-0.25,1.31,Alex Jackson,34.86,656577,MIN,51.09,35.82,4-Seam Fastball,FF,21.92,0.19,2322.71,75.85,95.51,70
R,0.21,70,21.43,-1,0.65,Alex Jackson,17.81,656577,MIN,58.57,44.83,Sinker,SI,15.22,0.2,2218.81,81.36,95.05,80.49
R,0.48,66,34.85,0.21,0.22,Alex Jackson,16.79,656577,MIN,40.91,53.85,Slider,SL,46.81,0.53,2420,80.62,86.74,96.3
R,0.25,32,28.12,1.01,0.48,Alex Jackson,8.14,656577,MIN,46.88,47.06,Changeup,CH,26.32,0.42,1618.38,69.88,84.24,73.33
R,0.25,32,37.5,0.14,-0.91,Alex Jackson,8.14,656577,MIN,43.75,38.89,Curveball,CU,9.09,0.4,2628.56,80.55,80.89,28.57
R,0.08,29,27.59,0.76,-0.09,Alex Jackson,7.38,656577,MIN,55.17,84.62,Sweeper,ST,20.83,0.25,2523.07,75.32,84.65,81.25
R,0.07,19,52.63,-0.1,0.67,Alex Jackson,4.83,656577,MIN,47.37,40,Cutter,FC,50,0.2,2295.63,67.62,90.3,44.44
R,0.15,6,0,0.68,0.5,Alex Jackson,1.53,656577,MIN,33.33,0,Split-Finger,FS,0,0,792.67,45.7,84.53,100
R,0.23,2,0,-0.21,1.91,Alex Jackson,0.51,656577,MIN,100,0,Eephus,EP,0,1,1168,95.9,40.9,100
R,0.37,641,20.75,0.03,1.35,Austin Martin,31.41,668885,MIN,56.01,17.73,4-Seam Fastball,FF,6.21,0.31,2359.97,82.9,94.26,66.85
R,0.32,467,26.98,-0.27,0.7,Austin Martin,22.88,668885,MIN,56.32,13.24,Sinker,SI,11.11,0.28,2248.29,83.11,94.09,58.17
R,0.21,246,32.93,0.08,0.15,Austin Martin,12.05,668885,MIN,45.93,27.07,Slider,SL,36.45,0.13,2448.69,82.38,85.86,62.83
R,0.19,203,22.17,0.37,0.41,Austin Martin,9.95,668885,MIN,36.45,19.38,Changeup,CH,33.33,0.13,1752.68,71.97,83.83,79.73
R,0.37,162,24.69,0.07,0.64,Austin Martin,7.94,668885,MIN,42.59,29.03,Cutter,FC,21.62,0.26,2463.23,80.06,89.28,68.12
R,0.33,158,29.11,0.29,0.09,Austin Martin,7.74,668885,MIN,46.84,17.86,Sweeper,ST,32.2,0.29,2535.87,80.2,82.75,59.46
R,0.22,119,35.29,-0.11,-0.87,Austin Martin,5.83,668885,MIN,39.5,4.17,Curveball,CU,34.78,0.24,2587.5,75.26,80.25,42.55
R,0.26,23,13.04,-0.37,0.25,Austin Martin,1.13,668885,MIN,34.78,6.67,Split-Finger,FS,16.67,0,1303.39,58.02,82.43,62.5
R,0,12,8.33,-0.12,-0.8,Austin Martin,0.59,668885,MIN,33.33,0,Knuckle Curve,KC,0,0,2360.25,0,83.87,25
R,0.7,6,0,-0.81,0.47,Austin Martin,0.29,668885,MIN,33.33,0,Other,FA,0,0,1490.67,69.1,68.87,100
R,0,4,0,-0.08,1.69,Austin Martin,0.2,668885,MIN,0,0,Eephus,EP,0,0,765,0,38.3,0
R,0.33,767,22.56,-0.35,1.33,Brooks Lee,25.84,686797,MIN,51.89,39.02,4-Seam Fastball,FF,13.06,0.29,2356.72,82.31,94.94,69.6
R,0.21,564,18.09,-0.29,0.32,Brooks Lee,19,686797,MIN,35.64,31.68,Changeup,CH,23.02,0.2,1739.74,81.53,86.05,81.09
R,0.36,378,24.07,-0.45,0.67,Brooks Lee,12.74,686797,MIN,59.52,24.84,Sinker,SI,7.89,0.25,2227.1,86.91,94.02,67.56
R,0.26,377,24.4,0.09,0.13,Brooks Lee,12.7,686797,MIN,46.15,36.45,Slider,SL,26.27,0.29,2458.35,85.63,86.27,82.18
R,0.14,306,26.8,0.37,-0.91,Brooks Lee,10.31,686797,MIN,46.73,25.15,Curveball,CU,23.53,0.07,2599.01,81.8,80.71,66.43
R,0.3,188,28.72,0.15,0.01,Brooks Lee,6.33,686797,MIN,45.21,37.86,Sweeper,ST,21.98,0.14,2544.72,78.98,82.73,61.18
R,0.42,185,20.54,-0.02,0.66,Brooks Lee,6.23,686797,MIN,62.7,33.33,Cutter,FC,11.11,0.46,2376.32,86.99,89.55,81.03
R,0.2,115,12.17,-0.82,0.22,Brooks Lee,3.87,686797,MIN,35.65,35.14,Split-Finger,FS,14.52,0.31,1393.07,75.8,87.52,87.8
R,0.21,74,29.73,0.43,-0.78,Brooks Lee,2.49,686797,MIN,36.49,44.68,Knuckle Curve,KC,27.5,0.4,2507.55,85.17,82.82,70.37
R,0,4,0,-0.6,1.15,Brooks Lee,0.13,686797,MIN,50,0,Other,FA,0,0,1512,81.5,67.3,100
R,0,4,0,0.84,-0.02,Brooks Lee,0.13,686797,MIN,50,0,Slow Curve,CS,0,0,2120.5,35.6,64.55,100
R,0.18,4,25,-1.72,-0.32,Brooks Lee,0.13,686797,MIN,50,0,Slurve,SV,0,1,2811.5,73.7,82.58,50
R,0,2,0,-0.23,1.44,Brooks Lee,0.07,686797,MIN,0,0,Eephus,EP,0,0,792,0,37.7,0
R,0.37,997,25.58,-0.29,1.3,Josh Bell,31.07,605137,MIN,52.36,39.16,4-Seam Fastball,FF,17.54,0.3,2331.27,84.44,95.22,70.31
R,0.28,585,17.61,-0.25,0.37,Josh Bell,18.23,605137,MIN,37.78,28.3,Changeup,CH,21.22,0.23,1757.24,80.83,85.77,79.19
R,0.33,407,23.59,-0.35,0.62,Josh Bell,12.68,605137,MIN,52.58,17.62,Sinker,SI,10.92,0.19,2185.99,86.59,93.8,65.42
R,0.33,302,25.5,0.26,-0.82,Josh Bell,9.41,605137,MIN,35.76,23.2,Curveball,CU,39.17,0.26,2579.62,80.43,80.88,69.44
R,0.43,284,16.55,0.14,0.1,Josh Bell,8.85,605137,MIN,49.3,27.78,Slider,SL,16.56,0.26,2420.96,85.39,85.9,83.57
R,0.44,209,24.88,0.04,0.67,Josh Bell,6.51,605137,MIN,52.15,36,Cutter,FC,19.44,0.32,2394.12,84.4,89.88,66.06
R,0.29,181,23.2,-0.89,0.21,Josh Bell,5.64,605137,MIN,25.97,33.58,Split-Finger,FS,42.35,0.16,1331.09,78.18,85.8,85.11
R,0.16,173,29.48,0.57,0.02,Josh Bell,5.39,605137,MIN,53.76,23.75,Sweeper,ST,26.83,0.22,2569.05,78.49,83.56,67.74
R,0.26,59,35.59,0.61,-0.89,Josh Bell,1.84,605137,MIN,42.37,38.24,Knuckle Curve,KC,50,0.21,2554.88,83.52,82.08,52
R,0,7,14.29,0.41,-0.31,Josh Bell,0.22,605137,MIN,42.86,0,Slurve,SV,0,0,2635.57,89.6,84.41,66.67
R,0.25,2,0,-0.02,1.6,Josh Bell,0.06,605137,MIN,0,100,Eephus,EP,0,0,1031,100.4,45.3,0
R,0,2,0,0.29,-0.58,Josh Bell,0.06,605137,MIN,0,0,Unknown,UN,0,0,1771,0,68.4,0
R,0,1,0,0,0,Josh Bell,0.03,605137,MIN,0,0,Unknown,UNK,0,0,0,0,0,0
R,0.51,76,27.63,0.11,1.31,Kaelen Culpepper,23.75,701785,MIN,39.47,36.96,4-Seam Fastball,FF,30,0.36,2417.36,86.11,95.04,76.67
R,0.24,50,16,-0.38,0.8,Kaelen Culpepper,15.62,701785,MIN,48,7.69,Sinker,SI,10.53,0.2,2217.98,89.14,94.75,70.83
R,0.42,43,27.91,-0.7,0.12,Kaelen Culpepper,13.44,701785,MIN,48.84,81.82,Split-Finger,FS,20.59,0.42,1517.81,82.07,90.36,76.19
R,0.27,36,36.11,0.09,0.15,Kaelen Culpepper,11.25,701785,MIN,44.44,30,Sweeper,ST,26.67,0.2,2669.33,86.78,83.36,56.25
R,0.37,34,38.24,0,0.64,Kaelen Culpepper,10.62,701785,MIN,50,41.18,Cutter,FC,27.78,0.25,2424.03,75.47,89.33,64.71
R,0.44,25,52,0.28,0.24,Kaelen Culpepper,7.81,701785,MIN,60,20,Slider,SL,0,0.5,2504.2,74.82,86.73,20
R,0.17,23,60.87,0.36,0.2,Kaelen Culpepper,7.19,701785,MIN,43.48,69.23,Changeup,CH,66.67,0.18,1598.43,89.22,87.24,60
R,0.24,19,42.11,-0.18,-0.58,Kaelen Culpepper,5.94,701785,MIN,47.37,70,Curveball,CU,27.27,0.25,2461.37,96.96,80.38,44.44
R,0.27,14,42.86,0.89,-0.75,Kaelen Culpepper,4.38,701785,MIN,42.86,75,Knuckle Curve,KC,40,0.33,2669.86,93.7,82.7,66.67
R,0.32,1095,28.22,-0.48,1.31,Kody Clemens,38.68,665019,MIN,53.06,29.57,4-Seam Fastball,FF,22.55,0.21,2346.56,86.11,95.05,68.5
R,0.35,387,26.1,0.07,0.11,Kody Clemens,13.67,665019,MIN,47.29,38.73,Slider,SL,28.77,0.26,2420.51,83.89,86.35,76.5
R,0.36,370,23.78,-0.05,0.63,Kody Clemens,13.07,665019,MIN,60.81,25.52,Sinker,SI,13.64,0.27,2203.28,85.49,93.64,71.56
R,0.34,276,19.93,-1.07,0.43,Kody Clemens,9.75,665019,MIN,34.78,33.89,Changeup,CH,24.03,0.29,1726.51,86.74,86.62,70.83
R,0.19,180,31.67,-0.03,0.04,Kody Clemens,6.36,665019,MIN,41.11,37.74,Sweeper,ST,26.58,0.21,2573.28,76.06,83.62,52.7
R,0.3,171,29.82,0.51,-0.93,Kody Clemens,6.04,665019,MIN,46.2,31.52,Curveball,CU,30,0.24,2616.09,86.07,81.03,64.56
R,0.4,170,32.35,0,0.73,Kody Clemens,6,665019,MIN,48.82,34.48,Cutter,FC,26.25,0.22,2450.39,84.62,90.59,60.24
R,0.36,110,18.18,-0.82,0.23,Kody Clemens,3.89,665019,MIN,35.45,30.99,Split-Finger,FS,18.87,0.15,1286.36,88.04,85.71,79.49
R,0.41,54,37.04,0.55,-0.81,Kody Clemens,1.91,665019,MIN,35.19,40,Knuckle Curve,KC,43.48,0.27,2568.96,91.13,83.78,47.37
R,0,8,0,0,0,Kody Clemens,0.28,665019,MIN,0,0,Unknown,UNK,0,0,0,0,0,0
R,0,7,42.86,-1.07,-0.28,Kody Clemens,0.25,665019,MIN,42.86,0,Slurve,SV,0,0,2808.29,0,84.41,0
R,0,2,0,1.05,-0.05,Kody Clemens,0.07,665019,MIN,0,0,Slow Curve,CS,0,0,2470,0,67.5,0
R,0,1,0,-1.01,-0.8,Kody Clemens,0.04,665019,MIN,0,0,Eephus,EP,0,0,2042,0,57.4,0
R,0.3,796,30.4,-0.27,1.33,Luke Keaschall,27.96,807712,MIN,58.54,23.94,4-Seam Fastball,FF,11.7,0.26,2338.15,81.98,94.81,56.44
R,0.4,581,28.06,-0.54,0.62,Luke Keaschall,20.41,807712,MIN,53.87,16.04,Sinker,SI,9.86,0.33,2217.28,84.38,93.91,54.31
R,0.3,436,25.92,0.14,0.15,Luke Keaschall,15.31,807712,MIN,39.22,22.64,Slider,SL,29.55,0.25,2455.5,79.54,86.59,67.84
R,0.24,270,21.11,0.67,0.03,Luke Keaschall,9.48,807712,MIN,35.93,16.76,Sweeper,ST,20.65,0.21,2635.03,73.7,83.25,64.95
R,0.35,262,18.7,0.06,0.65,Luke Keaschall,9.2,807712,MIN,55.73,17.24,Cutter,FC,9.6,0.28,2412.24,82.66,89.26,71.92
R,0.23,232,22.41,0.32,0.31,Luke Keaschall,8.15,807712,MIN,37.93,29.17,Changeup,CH,27.18,0.12,1755.14,80.39,84.67,69.32
R,0.18,131,22.14,-0.05,-0.88,Luke Keaschall,4.6,807712,MIN,43.51,25.68,Curveball,CU,16.39,0.15,2532.62,78.76,80.79,73.68
R,0.24,61,21.31,-0.65,0.14,Luke Keaschall,2.14,807712,MIN,21.31,20.83,Split-Finger,FS,50,0.27,1319.66,81.21,88.02,76.92
R,0.36,52,11.54,0.38,-0.73,Luke Keaschall,1.83,807712,MIN,21.15,24.39,Knuckle Curve,KC,0,0.5,2505.4,70.22,83.61,54.55
R,0.67,12,16.67,-0.21,1.9,Luke Keaschall,0.42,807712,MIN,33.33,25,Eephus,EP,0,0.5,1175.83,91.95,43.1,50
R,0,7,0,0,0,Luke Keaschall,0.25,807712,MIN,0,14.29,Unknown,UNK,0,1,0,0,0,0
R,0,3,0,0.07,-0.43,Luke Keaschall,0.11,807712,MIN,33.33,50,Slurve,SV,0,0,2502.67,67.3,83.03,0
R,0,2,100,-0.95,0.41,Luke Keaschall,0.07,807712,MIN,100,0,Other,FA,0,0,1471,0,66.5,0
R,0,2,0,0.69,0.11,Luke Keaschall,0.07,807712,MIN,0,0,Slow Curve,CS,0,0,1645,0,55.7,0
R,0.28,731,31.05,-0.34,1.32,Royce Lewis,29.57,668904,MIN,50.89,31.48,4-Seam Fastball,FF,24.23,0.17,2370.25,85.17,95.28,65.05
R,0.48,387,27.39,-0.69,0.63,Royce Lewis,15.66,668904,MIN,58.4,27.33,Sinker,SI,19.31,0.34,2229.74,87.18,94.3,69.91
R,0.26,383,30.81,0.27,0.14,Royce Lewis,15.49,668904,MIN,34.99,32.93,Slider,SL,43.09,0.19,2461.11,81.32,87.1,73.88
R,0.29,262,30.15,0.84,0.05,Royce Lewis,10.6,668904,MIN,38.93,34.38,Sweeper,ST,33.59,0.3,2640.73,82.7,83.78,71.57
R,0.45,239,33.89,0.12,0.61,Royce Lewis,9.67,668904,MIN,51.46,37.93,Cutter,FC,32.58,0.32,2377.2,80.75,89.25,71.54
R,0.25,212,25.94,0.38,0.38,Royce Lewis,8.58,668904,MIN,35.38,40.88,Changeup,CH,35.45,0.15,1703.24,79.63,85.55,72
R,0.28,110,19.09,0.04,-1.03,Royce Lewis,4.45,668904,MIN,31.82,14.67,Curveball,CU,20.59,0.25,2616.55,89.45,81.15,65.71
R,0.27,76,30.26,-0.7,0.29,Royce Lewis,3.07,668904,MIN,55.26,32.35,Split-Finger,FS,23.08,0.14,1370.32,84.58,86.22,66.67
R,0.22,59,35.59,0.62,-0.66,Royce Lewis,2.39,668904,MIN,28.81,30.95,Knuckle Curve,KC,65.38,0.2,2492.19,79.58,84.13,76.47
R,0,7,0,-0.67,1.43,Royce Lewis,0.28,668904,MIN,0,0,Unknown,UNK,0,0,2299,0,94.5,0
R,0,4,50,-0.97,0.48,Royce Lewis,0.16,668904,MIN,50,0,Other,FA,0,0,1450.5,0,63.85,0
R,0.01,2,0,0.38,-0.04,Royce Lewis,0.08,668904,MIN,100,0,Slow Curve,CS,0,0,1522,95.8,54.7,100
R,0.34,516,29.07,-0.23,1.31,Ryan Jeffers,28.32,680777,MIN,58.53,26.17,4-Seam Fastball,FF,6.58,0.22,2315.9,83.46,94.79,56.95
R,0.48,331,34.14,-0.4,0.74,Ryan Jeffers,18.17,680777,MIN,56.5,25.69,Sinker,SI,8,0.47,2222.28,81.96,94.28,47.06
R,0.3,238,26.05,0.23,0.21,Ryan Jeffers,13.06,680777,MIN,37.39,20.13,Slider,SL,30.86,0.26,2440.8,80.71,86.6,57.3
R,0.27,210,31.9,0.54,0.05,Ryan Jeffers,11.53,680777,MIN,43.33,34.45,Sweeper,ST,26.6,0.19,2558.89,85.4,83.56,58.24
R,0.41,174,13.22,0.36,0.33,Ryan Jeffers,9.55,680777,MIN,30.46,21.49,Changeup,CH,13.33,0.28,1773.19,82.45,84.88,64.15
R,0.34,150,22,-0.02,0.7,Ryan Jeffers,8.23,680777,MIN,41.33,26.14,Cutter,FC,9.23,0.37,2449.72,82.5,89.47,67.74
R,0.6,105,26.67,-0.33,-0.83,Ryan Jeffers,5.76,680777,MIN,39.05,15.62,Curveball,CU,15.38,0.29,2578.89,82.69,80.26,39.02
R,0.19,55,16.36,-0.89,0.32,Ryan Jeffers,3.02,680777,MIN,38.18,23.53,Split-Finger,FS,24,0.18,1334.44,84.65,86,80.95
R,0.33,31,38.71,0.85,-0.65,Ryan Jeffers,1.7,680777,MIN,38.71,42.11,Knuckle Curve,KC,50,0.25,2510.19,78.43,83.91,33.33
R,0,8,0,0,0,Ryan Jeffers,0.44,680777,MIN,0,0,Unknown,UNK,0,0,0,0,0,0
R,0,4,0,1.21,-0.32,Ryan Jeffers,0.22,680777,MIN,50,50,Slurve,SV,0,0,2324,22.3,80.45,100
R,0.35,365,27.95,0.07,1.28,Ryan Kreidler,27.97,668952,MIN,56.71,27.85,4-Seam Fastball,FF,22.96,0.26,2318.81,86.55,94.8,73.43
R,0.28,217,34.1,-0.73,0.64,Ryan Kreidler,16.63,668952,MIN,66.82,33.33,Sinker,SI,21.31,0.27,2203.31,83.8,94.21,67.59
R,0.33,191,22.51,0.16,0.21,Ryan Kreidler,14.64,668952,MIN,45.55,21.15,Slider,SL,33.66,0.23,2454.63,80.21,86.27,90.8
R,0.22,185,25.95,0.69,0.11,Ryan Kreidler,14.18,668952,MIN,44.32,32.04,Sweeper,ST,31.52,0.24,2612.57,78.02,83.59,71.95
R,0.25,119,21.01,0.87,0.35,Ryan Kreidler,9.12,668952,MIN,40.34,22.54,Changeup,CH,35.59,0.12,1699.85,75.84,84.82,89.58
R,0.33,111,27.03,0.16,0.52,Ryan Kreidler,8.51,668952,MIN,45.05,36.07,Cutter,FC,36.51,0.33,2441,81.5,88.24,82
R,0.16,81,28.4,-0.2,-0.95,Ryan Kreidler,6.21,668952,MIN,43.21,28.26,Curveball,CU,40.48,0.16,2674.98,70.29,80.14,82.86
R,0.13,23,26.09,0.39,-0.52,Ryan Kreidler,1.76,668952,MIN,30.43,37.5,Knuckle Curve,KC,36.36,0,2494.96,81.83,85.03,71.43
R,0.01,9,33.33,0.32,0.4,Ryan Kreidler,0.69,668952,MIN,33.33,50,Split-Finger,FS,50,0,1091,80.7,83.88,100
R,0.01,2,0,-0.01,1.74,Ryan Kreidler,0.15,668952,MIN,100,0,Eephus,EP,0,0,1073,94.6,39.3,100
R,0,2,100,1.15,-0.63,Ryan Kreidler,0.15,668952,MIN,100,0,Slow Curve,CS,0,0,2639,0,68.5,0
R,0.36,654,25.54,-0.54,1.3,Trevor Larnach,27.11,663616,MIN,52.6,35.48,4-Seam Fastball,FF,12.96,0.31,2325.6,84.04,94.63,62.21
R,0.37,356,30.62,-0.85,0.64,Trevor Larnach,14.76,663616,MIN,52.53,26.63,Sinker,SI,13.1,0.29,2188.12,85.55,93.25,53.48
R,0.21,350,24.86,-1.19,0.39,Trevor Larnach,14.51,663616,MIN,34.86,27.63,Changeup,CH,35.1,0.16,1788.17,81.73,85.86,72.13
R,0.31,302,39.07,0.19,0.11,Trevor Larnach,12.52,663616,MIN,46.36,34.57,Slider,SL,40.91,0.2,2423.72,83.03,85.95,54.29
R,0.36,179,36.87,0.59,0.11,Trevor Larnach,7.42,663616,MIN,55.31,15,Sweeper,ST,32.76,0.28,2538.69,86.65,83.53,46.46
R,0.36,175,29.14,0.69,-0.91,Trevor Larnach,7.26,663616,MIN,40.57,20.19,Curveball,CU,32.81,0.28,2626.09,79.19,80.75,60.56
R,0.25,161,33.54,-0.98,0.29,Trevor Larnach,6.67,663616,MIN,31.68,38.18,Split-Finger,FS,51.9,0.1,1374.03,86.61,85.68,72.55
R,0.36,159,25.16,0.19,0.64,Trevor Larnach,6.59,663616,MIN,50.94,23.08,Cutter,FC,10.77,0.29,2448.69,82.46,89.24,58.02
R,0.2,68,23.53,0.6,-0.83,Trevor Larnach,2.82,663616,MIN,39.71,46.34,Knuckle Curve,KC,28.57,0.33,2459.69,86.57,83.21,85.19
R,0.75,4,50,0.03,1.89,Trevor Larnach,0.17,663616,MIN,50,100,Eephus,EP,0,1,1124,81.3,38.85,0
R,0,2,0,1.44,-0.26,Trevor Larnach,0.08,663616,MIN,0,0,Slow Curve,CS,0,0,2659,0,71.4,0
R,0,2,0,0,0,Trevor Larnach,0.08,663616,MIN,0,0,Unknown,UNK,0,0,0,0,0,0
R,0.3,668,25.45,-0.3,1.33,Victor Caratini,32.47,605170,MIN,52.4,28.3,4-Seam Fastball,FF,10.1,0.23,2343.18,83.63,94.74,59.14
R,0.29,323,28.48,-0.5,0.68,Victor Caratini,15.7,605170,MIN,60.99,19.05,Sinker,SI,5.88,0.11,2179.47,88.16,93.66,56.85
R,0.25,307,26.06,-0.34,0.34,Victor Caratini,14.92,605170,MIN,35.83,26.4,Changeup,CH,31.71,0.21,1659.13,81.32,86.57,64.55
R,0.34,224,37.5,0.11,0.14,Victor Caratini,10.89,605170,MIN,45.98,29.75,Slider,SL,43.56,0.31,2387.54,83.07,86.06,63.11
R,0.32,190,35.79,0.24,-0.89,Victor Caratini,9.24,605170,MIN,38.42,20.51,Curveball,CU,20.83,0.16,2644.47,80.92,80.05,32.88
R,0.54,170,27.65,0.04,0.62,Victor Caratini,8.26,605170,MIN,61.76,12.31,Cutter,FC,10.13,0.38,2381.48,85.8,89.51,67.62
R,0.27,82,42.68,0.21,-0.02,Victor Caratini,3.99,605170,MIN,51.22,20,Sweeper,ST,32,0.17,2578.02,86.76,82.35,40.48
R,0.16,57,35.09,-0.59,0.2,Victor Caratini,2.77,605170,MIN,36.84,30.56,Split-Finger,FS,55.56,0.13,1228.82,80.49,86.28,76.19
R,0.38,23,30.43,0.55,-0.81,Victor Caratini,1.12,605170,MIN,39.13,14.29,Knuckle Curve,KC,0,0.5,2539.52,89.4,82.63,44.44
R,0.7,6,0,0.06,1.57,Victor Caratini,0.29,605170,MIN,0,0,Eephus,EP,0,0,929,0,41.43,0
R,0,4,0,0,0,Victor Caratini,0.19,605170,MIN,0,0,Unknown,UNK,0,0,0,0,0,0
R,0,2,0,-0.4,0.95,Victor Caratini,0.1,605170,MIN,0,0,Other,FA,0,0,1524,0,69.4,0
R,0,1,0,0.49,-0.34,Victor Caratini,0.05,605170,MIN,0,0,Slurve,SV,0,0,2303,0,83.5,0
R,0.41,542,28.04,-0.21,1.34,,23.61,621439,MIN,48.89,35.38,4-Seam Fastball,FF,27.8,0.26,2345.81,87.95,95.2,74.34
R,0.38,434,26.5,-1,0.68,,18.9,621439,MIN,55.3,27.32,Sinker,SI,18.94,0.32,2229.12,84.98,94.14,72.5
L,0.32,397,22.67,-0.61,1.35,,33.56,656484,MIN,57.68,34.52,4-Seam Fastball,FF,13.91,0.26,2331.19,80.88,94.97,75.11
R,0.4,370,28.11,0.22,0.19,,16.11,621439,MIN,45.95,30.5,Slider,SL,32.47,0.29,2457.75,81.18,86.48,78.24
R,0.32,305,25.9,-0.03,0.34,,13.28,621439,MIN,41.31,30.73,Changeup,CH,33.33,0.19,1681.03,85.84,85.48,80.16
L,0.24,289,32.87,-0.42,1.4,,34.45,670242,MIN,57.44,20.33,4-Seam Fastball,FF,38.46,0.15,2330.52,80.46,94.42,78.92
R,0.19,217,37.33,0.82,0.02,,9.45,621439,MIN,34.56,47.89,Sweeper,ST,46.55,0.12,2596.12,78.44,84.26,64
L,0.19,209,28.23,-1.23,0.38,,17.67,656484,MIN,36.84,42.42,Changeup,CH,38.52,0.23,1741.29,75.53,86.52,85.71
L,0.26,197,34.01,0.14,0.07,,16.65,656484,MIN,37.56,45.53,Slider,SL,47.06,0.13,2393.52,87.33,86.62,85.14
R,0.36,162,29.63,0.12,0.65,,7.06,621439,MIN,55.56,43.06,Cutter,FC,30.21,0.26,2389.1,85.07,89.39,72.22
R,0.3,131,19.85,0.03,-0.82,,5.71,621439,MIN,42.75,20,Curveball,CU,16.98,0.31,2542.16,87.09,80.68,67.86
L,0.36,129,22.48,0.83,0.71,,15.38,670242,MIN,52.71,24.59,Sinker,SI,14.75,0.2,2203.37,81.05,92.57,67.65
L,0.22,92,35.87,-0.95,0.38,,10.97,670242,MIN,27.17,47.76,Changeup,CH,53.85,0.19,1699.88,75.63,85.79,80
L,0.3,87,41.38,0.11,0.1,,10.37,670242,MIN,42.53,38,Slider,SL,55.81,0.11,2440.09,81.77,86.51,64.86
L,0.33,86,32.56,0.75,-0.87,,7.27,656484,MIN,44.19,43.75,Curveball,CU,35.56,0.5,2640.22,80.76,80.89,63.16
L,0.33,84,23.81,-0.67,0.56,,7.1,656484,MIN,63.1,45.16,Sinker,SI,6,0.21,2219.31,78.2,92.33,67.92
R,0.23,83,22.89,-1,0.31,,3.61,621439,MIN,26.51,29.51,Split-Finger,FS,39.47,0,1334.69,83.34,85.57,90.91
L,0.1,76,50,0.21,-0.13,,9.06,670242,MIN,46.05,43.9,Sweeper,ST,65.79,0.05,2556.13,72.23,84.44,57.14
R,0.34,69,23.19,0.26,1.26,,28.28,606115,MIN,43.48,51.28,4-Seam Fastball,FF,25.53,0.27,2318.1,80.19,95.1,90
L,0.18,69,46.38,0.26,0.07,,5.83,656484,MIN,44.93,36.84,Sweeper,ST,54.55,0.22,2562.64,75.43,83.26,61.29
L,0.32,66,36.36,0.14,0.75,,5.58,656484,MIN,54.55,36.67,Cutter,FC,31.43,0.2,2392.24,86.67,89.8,66.67
L,0.3,60,33.33,0.18,-0.81,,7.15,670242,MIN,38.33,27.03,Curveball,CU,46.43,0.18,2604.93,87.19,80.72,78.26
L,0.23,53,30.19,-0.76,0.27,,4.48,656484,MIN,33.96,28.57,Split-Finger,FS,53.85,0.28,1243.28,87.96,85.08,88.89
R,0.24,52,38.46,0.53,1.32,,37.14,693459,MIN,55.77,30.43,4-Seam Fastball,FF,46.67,0,2428.88,83.49,94.48,79.31
L,0.36,48,33.33,-0.01,0.52,,5.72,670242,MIN,52.08,26.09,Cutter,FC,44.44,0.33,2485.04,85.92,88.14,84
R,0.35,47,34.04,-0.81,0.73,,19.26,606115,MIN,74.47,8.33,Sinker,SI,4.76,0.42,2211.21,88.93,94.29,57.14
R,0.21,40,27.5,-0.05,0.1,,16.39,606115,MIN,47.5,23.81,Slider,SL,30,0.27,2418.3,79.23,85.59,78.95
R,0.11,34,35.29,0.6,-0.82,,1.48,621439,MIN,44.12,57.89,Knuckle Curve,KC,33.33,0,2491.03,84.21,81.69,66.67
R,0.1,30,20,0.32,0.24,,12.3,606115,MIN,36.67,31.58,Sweeper,ST,0,0.2,2336.97,73.15,83.8,45.45
L,0.21,28,42.86,-1.03,0.35,,3.34,670242,MIN,42.86,56.25,Split-Finger,FS,52.63,0.25,1361.61,77.9,86.38,83.33
L,0.3,26,23.08,0.52,-0.64,,3.1,670242,MIN,23.08,25,Knuckle Curve,KC,36.36,0,2434.96,80.34,82.54,100
R,0.17,25,16,0.15,0.55,,10.25,606115,MIN,40,26.67,Cutter,FC,23.08,0.17,2458.32,83.7,88.87,90
R,0.14,24,41.67,-1.05,0.51,,17.14,693459,MIN,62.5,33.33,Sinker,SI,38.46,0,2361.79,74.95,96.12,66.67
R,0.21,19,10.53,0.83,0.47,,7.79,606115,MIN,36.84,33.33,Changeup,CH,10,0.2,1754.21,82.32,84.47,85.71
L,0.12,16,31.25,0.56,-0.78,,1.35,656484,MIN,25,33.33,Knuckle Curve,KC,50,0,2532.75,87.52,81.6,100
R,0.27,16,6.25,0.72,0.62,,11.43,693459,MIN,43.75,22.22,Changeup,CH,11.11,0,1743.06,77.5,85.45,100
R,0,14,50,-0.36,-0.83,,10,693459,MIN,28.57,60,Curveball,CU,50,0,2393.43,90.75,81.34,0
R,0.06,13,46.15,-0.16,-1.21,,5.33,606115,MIN,53.85,50,Curveball,CU,40,0,2780.23,69.57,82.24,28.57
R,0.09,12,66.67,0.21,0.34,,8.57,693459,MIN,33.33,62.5,Sweeper,ST,85.71,0,2725.08,62.1,83.66,50
R,0,11,0,0,0,,0.48,621439,MIN,0,9.09,Unknown,UNK,0,0,0,0,0,0
R,0.56,9,0,0.71,1.34,,50,694224,MIN,44.44,0,4-Seam Fastball,FF,0,1,2218.89,73.7,95.7,100
R,0.01,8,25,-0.05,0.63,,5.71,693459,MIN,62.5,0,Cutter,FC,0,0,2043.25,82.73,90.09,60
R,0.17,8,0,-0.13,0.18,,5.71,693459,MIN,50,50,Slider,SL,0,0,2457.5,93.77,87.7,100
R,0.13,6,0,0.61,1.84,,4.29,693459,MIN,0,33.33,Eephus,EP,0,0,1103.67,89.7,39.9,0
R,0.27,5,40,-1.58,-0.26,,0.22,621439,MIN,0,80,Slurve,SV,50,0,2886.2,95.2,83.46,0
L,0,4,25,0.98,-0.37,,0.48,670242,MIN,50,0,Slurve,SV,0,0,2227.75,0,83.9,50
R,0,4,0,1.42,0.89,,22.22,694224,MIN,25,0,Sinker,SI,0,0,2229,84.6,95.08,100
L,0.7,3,0,-0.71,1.34,,0.25,656484,MIN,0,0,Unknown,UNK,0,0,2236,0,93,0
R,0,3,0,0.01,0.66,,16.67,694224,MIN,100,0,Cutter,FC,0,0,2319.67,71.4,88.5,100
R,0,2,0,1.43,-0.14,,0.09,621439,MIN,100,0,Slow Curve,CS,0,0,2639,70.3,69.4,100
L,0.39,2,0,0,1.95,,0.17,656484,MIN,100,0,Eephus,EP,0,0,1161,97.2,41,100
R,0,2,0,1.06,0.08,,11.11,694224,MIN,0,0,Changeup,CH,0,0,919.5,0,87.8,0
R,0,1,0,-0.86,0.29,,0.41,606115,MIN,0,0,Split-Finger,FS,0,0,1399,0,87,0
L,0.23,1,0,-1.71,-0.53,,0.08,656484,MIN,100,0,Slurve,SV,0,0,2964,85.5,82.2,100
R,0.42,706,24.79,-0.36,1.32,A.J. Ewing,29.47,805999,NYM,51.56,21.93,4-Seam Fastball,FF,13.23,0.2,2318.95,83.11,94.8,64.56
R,0.31,434,34.56,-0.05,0.62,A.J. Ewing,18.11,805999,NYM,60.37,25.58,Sinker,SI,15.84,0.32,2205.32,82.76,93.7,60.31
R,0.25,312,31.09,0.06,0.13,A.J. Ewing,13.02,805999,NYM,44.55,30.06,Slider,SL,33.56,0.09,2395.44,76.98,86.18,69.78
R,0.22,272,25.74,-1,0.34,A.J. Ewing,11.35,805999,NYM,43.75,32.68,Changeup,CH,31.25,0.18,1727.78,78.96,86.8,78.99
R,0.44,177,31.64,0.08,-0.09,A.J. Ewing,7.39,805999,NYM,36.16,31.86,Sweeper,ST,34.21,0.38,2644.17,82.08,83.02,62.5
R,0.13,170,32.94,0.5,-0.78,A.J. Ewing,7.1,805999,NYM,40,21.57,Curveball,CU,34.48,0.14,2581.73,77.61,80.56,52.94
R,0.37,157,16.56,0.13,0.63,A.J. Ewing,6.55,805999,NYM,40.13,23.4,Cutter,FC,8.7,0.47,2445.36,82.64,89.72,74.6
R,0.21,122,20.49,-0.94,0.25,A.J. Ewing,5.09,805999,NYM,32.79,30.49,Split-Finger,FS,35.59,0.23,1369.22,76.26,87.59,85
R,0.1,40,32.5,0.7,-0.89,A.J. Ewing,1.67,805999,NYM,27.5,27.59,Knuckle Curve,KC,57.14,0,2457.75,81.75,81.87,54.55
R,0.44,5,40,0.92,-0.56,A.J. Ewing,0.21,805999,NYM,40,33.33,Slurve,SV,0,0,2238.8,99,85.72,0
R,0.9,1,0,-0.11,1.13,A.J. Ewing,0.04,805999,NYM,0,100,Eephus,EP,0,1,1200,94.6,49.2,0
R,0.32,894,19.8,-0.25,1.32,Bo Bichette,27.21,666182,NYM,47.65,42.31,4-Seam Fastball,FF,12.19,0.26,2301.53,83.11,94.74,74.88
R,0.3,808,26.61,-0.74,0.64,Bo Bichette,24.59,666182,NYM,50.5,30.75,Sinker,SI,7.18,0.24,2185.33,84.69,94.03,55.15
R,0.36,460,28.26,0.1,0.17,Bo Bichette,14,666182,NYM,44.13,45.14,Slider,SL,25.87,0.34,2421.2,82.17,86.1,70.44
R,0.33,313,31.63,0.82,0.14,Bo Bichette,9.53,666182,NYM,45.69,48.82,Sweeper,ST,30.77,0.26,2626.96,79.95,83.13,69.23
R,0.3,270,20.37,0.4,0.39,Bo Bichette,8.22,666182,NYM,38.52,45.78,Changeup,CH,20.89,0.3,1730.08,79.9,85.03,78.85
R,0.37,186,23.12,0.19,-0.88,Bo Bichette,5.66,666182,NYM,44.09,31.73,Curveball,CU,17.05,0.27,2634.93,82.91,79.76,67.07
R,0.42,170,19.41,0.13,0.65,Bo Bichette,5.17,666182,NYM,41.76,40.4,Cutter,FC,10.87,0.26,2374.21,82.94,89.25,73.24
R,0.34,106,23.58,-0.73,0.23,Bo Bichette,3.23,666182,NYM,35.85,32.35,Split-Finger,FS,38.6,0.1,1322.4,82.87,86.29,92.11
R,0.31,51,29.41,0.87,-0.81,Bo Bichette,1.55,666182,NYM,33.33,61.76,Knuckle Curve,KC,36.36,0.21,2539.78,81.23,79.13,70.59
R,0.01,12,50,0.43,-0.72,Bo Bichette,0.37,666182,NYM,41.67,71.43,Slurve,SV,50,0,2344.08,65.42,83.76,60
R,0.87,8,25,-0.59,1.54,Bo Bichette,0.24,666182,NYM,50,50,Other,FA,0,1,1618.5,98.65,64.15,50
R,0.95,3,33.33,0.27,1.22,Bo Bichette,0.09,666182,NYM,0,33.33,Eephus,EP,0,1,963,104,40.63,0
R,0,3,0,0,0,Bo Bichette,0.09,666182,NYM,0,0,Unknown,UNK,0,0,0,0,0,0
R,0,2,100,0.37,-0.07,Bo Bichette,0.06,666182,NYM,100,0,Forkball,FO,0,0,329,0,88.3,0
R,0.3,874,28.49,-0.48,1.33,Brett Baty,34.82,683146,NYM,56.98,27.66,4-Seam Fastball,FF,22.17,0.24,2307.43,84.68,95.05,69.68
R,0.36,314,25.48,-1.15,0.33,Brett Baty,12.51,683146,NYM,41.08,23.78,Changeup,CH,31.47,0.24,1764.6,82.57,86.69,76.74
R,0.33,289,22.84,-0.04,0.68,Brett Baty,11.51,683146,NYM,63.67,21.9,Sinker,SI,10.46,0.33,2181.1,83.09,93.63,70.65
R,0.29,269,29.74,0.08,0.16,Brett Baty,10.72,683146,NYM,43.87,29.8,Slider,SL,34.65,0.12,2435.54,82.91,85.73,69.49
R,0.16,205,33.66,0.37,0.08,Brett Baty,8.17,683146,NYM,50.73,37.62,Sweeper,ST,34.62,0.16,2650.68,81.94,82.69,63.46
R,0.37,175,29.14,0.16,0.73,Brett Baty,6.97,683146,NYM,51.43,29.41,Cutter,FC,19.75,0.25,2402.46,85.77,91.11,62.22
R,0.26,169,33.73,0.49,-0.83,Brett Baty,6.73,683146,NYM,41.42,30.3,Curveball,CU,38.33,0.14,2616.11,79.58,80.06,42.86
R,0.15,162,33.33,-1.06,0.2,Brett Baty,6.45,683146,NYM,31.48,36.04,Split-Finger,FS,49.37,0.13,1452.25,81.46,86.92,76.47
R,0.55,42,35.71,0.89,-0.88,Brett Baty,1.67,683146,NYM,42.86,29.17,Knuckle Curve,KC,33.33,0.4,2462.07,85.7,81.61,44.44
R,0,6,33.33,-0.47,-0.35,Brett Baty,0.24,683146,NYM,33.33,50,Slurve,SV,0,0,2236.5,0,79.6,0
R,0.61,4,50,1,-0.01,Brett Baty,0.16,683146,NYM,50,0,Eephus,EP,0,0,1401,98,45.5,100
R,0,1,0,0.41,1.11,Brett Baty,0.04,683146,NYM,0,0,Unknown,UNK,0,0,2026,0,88,0
R,0.36,1070,25.89,-0.41,1.32,Carson Benge,32.42,701807,NYM,54.02,23.98,4-Seam Fastball,FF,14.54,0.3,2332.05,83.03,94.76,66.44
R,0.38,615,31.87,0.05,0.56,Carson Benge,18.64,701807,NYM,59.84,18.62,Sinker,SI,13.9,0.33,2164.61,82.51,93.27,57.88
R,0.36,385,24.16,0.03,0.13,Carson Benge,11.67,701807,NYM,46.23,29.47,Slider,SL,18.64,0.24,2414.08,83.87,85.6,65.17
R,0.29,301,20.93,-0.99,0.29,Carson Benge,9.12,701807,NYM,39.87,34.25,Changeup,CH,25.32,0.22,1735.3,81.64,86.14,76.67
R,0.19,249,34.54,0.06,0.04,Carson Benge,7.55,701807,NYM,42.97,39.44,Sweeper,ST,33.93,0.16,2664.25,76.99,83.39,52.34
R,0.28,245,30.2,0.46,-0.82,Carson Benge,7.42,701807,NYM,41.63,25.87,Curveball,CU,25.53,0.23,2623.87,86.65,80.2,55.88
R,0.46,241,18.67,0.14,0.69,Carson Benge,7.3,701807,NYM,56.02,21.7,Cutter,FC,8.77,0.31,2362.03,84.56,89.54,67.41
R,0.26,139,30.94,-0.9,0.16,Carson Benge,4.21,701807,NYM,33.81,51.09,Split-Finger,FS,39.29,0.23,1363.02,83.13,86.98,78.72
R,0.13,53,35.85,0.72,-1,Carson Benge,1.61,701807,NYM,49.06,37.04,Knuckle Curve,KC,29.17,0.14,2435.61,85.42,81.57,53.85
R,0.84,1,0,0.15,0.92,Carson Benge,0.03,701807,NYM,100,0,Eephus,EP,0,1,1078,100.4,46.1,100
R,0,1,100,-1.98,-0.49,Carson Benge,0.03,701807,NYM,0,100,Slurve,SV,100,0,2967,0,84,0
R,0.25,16,25,-0.47,1.16,Cristian Pache,34.04,665506,NYM,37.5,20,4-Seam Fastball,FF,37.5,0,2238.62,80.03,92.76,100
R,0,10,80,0.72,-0.02,Cristian Pache,21.28,665506,NYM,60,0,Sweeper,ST,100,0,2734.8,0,83.58,33.33
R,0.04,6,66.67,-0.19,0.72,Cristian Pache,12.77,665506,NYM,66.67,100,Cutter,FC,50,0,2195,77.5,88.27,50
R,0,4,0,1.07,0.54,Cristian Pache,8.51,665506,NYM,0,50,Changeup,CH,0,0,1809.5,0,81.85,0
R,0,4,50,-0.82,-0.76,Cristian Pache,8.51,665506,NYM,100,0,Curveball,CU,0,0,2313,0,78.15,50
R,0,4,50,1.15,0.72,Cristian Pache,8.51,665506,NYM,50,0,Sinker,SI,0,0,1913,0,91.45,0
R,0,3,0,-0.32,0.16,Cristian Pache,6.38,665506,NYM,0,0,Split-Finger,FS,0,0,1437.67,0,82.23,0
R,0.39,603,31.34,-0.59,0.67,Francisco Alvarez,26.84,682626,NYM,46.93,33.12,Sinker,SI,22.87,0.31,2214.04,84.98,94.25,53.71
R,0.33,478,34.52,-0.19,1.35,Francisco Alvarez,21.27,682626,NYM,48.54,38.21,4-Seam Fastball,FF,30.86,0.23,2324.34,87.38,94.79,64.22
R,0.31,383,32.64,0.16,0.12,Francisco Alvarez,17.04,682626,NYM,40.99,34.51,Slider,SL,43.39,0.23,2448.08,81.1,86.1,70.7
R,0.3,257,29.96,0.82,0.1,Francisco Alvarez,11.44,682626,NYM,39.69,26.45,Sweeper,ST,31.63,0.19,2662.15,81.11,83.38,55.88
R,0.3,199,28.64,0.36,0.39,Francisco Alvarez,8.86,682626,NYM,42.21,33.04,Changeup,CH,34.69,0.16,1699.13,79.33,84.55,71.43
R,0.28,128,35.94,0.13,0.61,Francisco Alvarez,5.7,682626,NYM,39.06,29.49,Cutter,FC,46.94,0.05,2376.33,82.3,89.42,52
R,0.26,93,23.66,0.05,-1,Francisco Alvarez,4.14,682626,NYM,38.71,28.07,Curveball,CU,23.08,0.33,2612.26,83.69,80.14,63.89
R,0.33,64,29.69,-0.5,0.36,Francisco Alvarez,2.85,682626,NYM,35.94,34.15,Split-Finger,FS,33.33,0.18,1333.34,86.71,86.52,69.57
R,0.23,30,26.67,0.84,-0.93,Francisco Alvarez,1.34,682626,NYM,13.33,30.77,Knuckle Curve,KC,60,0.14,2521.34,94.22,79.52,50
R,0,8,0,0,0,Francisco Alvarez,0.36,682626,NYM,0,0,Unknown,UNK,0,0,0,0,0,0
R,0,2,0,-0.2,-0.02,Francisco Alvarez,0.09,682626,NYM,0,100,Forkball,FO,0,0,602,61.4,86.8,0
R,0,2,100,-1.11,1,Francisco Alvarez,0.09,682626,NYM,100,0,Other,FA,0,0,1938,0,70.7,0
R,0.31,732,25.14,-0.29,1.34,Francisco Lindor,32.85,596019,NYM,50.27,25.55,4-Seam Fastball,FF,16,0.14,2313.63,86.21,94.88,69.84
R,0.31,306,18.63,-0.31,0.33,Francisco Lindor,13.73,596019,NYM,36.93,35.75,Changeup,CH,21.15,0.26,1757.18,81.55,85.7,76.99
R,0.45,255,28.24,-0.13,0.7,Francisco Lindor,11.45,596019,NYM,54.9,17.39,Sinker,SI,12.37,0.26,2171.53,87.04,93.29,55
R,0.45,235,27.66,0.12,0.69,Francisco Lindor,10.55,596019,NYM,54.47,23.36,Cutter,FC,21.67,0.36,2370.37,85.85,89.77,74.22
R,0.34,235,25.11,-0.05,0.15,Francisco Lindor,10.55,596019,NYM,43.83,28.79,Slider,SL,26.72,0.31,2439.23,85.42,86.55,75.73
R,0.32,189,26.46,0.57,-0.88,Francisco Lindor,8.48,596019,NYM,32.28,23.44,Curveball,CU,25,0.29,2637.99,78.25,80,42.62
R,0.17,120,26.67,-0.75,0.3,Francisco Lindor,5.39,596019,NYM,30.83,39.76,Split-Finger,FS,33.87,0.16,1357.91,80.95,86.4,78.38
R,0.23,113,30.97,0.35,0.03,Francisco Lindor,5.07,596019,NYM,51.33,32.73,Sweeper,ST,29.09,0,2630.96,82.89,83.09,63.79
R,0.44,37,37.84,0.6,-0.92,Francisco Lindor,1.66,596019,NYM,48.65,31.58,Knuckle Curve,KC,15.38,0.4,2484.7,87.98,79.84,38.89
R,0.4,3,0,-0.09,-0.43,Francisco Lindor,0.13,596019,NYM,66.67,0,Slurve,SV,0,1,2636.67,99,86,100
R,0,2,0,-0.47,-0.37,Francisco Lindor,0.09,596019,NYM,0,0,Forkball,FO,0,0,675,0,88.4,0
R,0,1,0,-1.2,1.04,Francisco Lindor,0.04,596019,NYM,0,0,Unknown,UN,0,0,1600,0,70.1,0
R,0.17,272,42.65,-0.13,1.3,Gabriel Arias,33.01,672356,NYM,50,36.76,4-Seam Fastball,FF,43.48,0.2,2301.93,81.47,95.21,64.71
R,0.33,141,32.62,-0.95,0.67,Gabriel Arias,17.11,672356,NYM,48.94,20.83,Sinker,SI,21.82,0.28,2224.99,79.98,94.1,57.97
R,0.36,128,41.41,0.04,0.15,Gabriel Arias,15.53,672356,NYM,41.41,34.67,Slider,SL,54.1,0.18,2448.53,83.78,87,66.04
R,0.29,97,47.42,0.6,0.17,Gabriel Arias,11.77,672356,NYM,41.24,43.86,Sweeper,ST,61.11,0.29,2554.84,86.48,82.15,72.5
R,0.18,72,45.83,-0.25,0.33,Gabriel Arias,8.74,672356,NYM,36.11,50,Changeup,CH,65.22,0.29,1814.83,89.55,85.63,88.46
R,0.62,44,43.18,-0.32,-0.98,Gabriel Arias,5.34,672356,NYM,45.45,50,Curveball,CU,42.31,0.43,2696.89,87.52,80.13,70
R,0.38,19,21.05,0.01,0.64,Gabriel Arias,2.31,672356,NYM,57.89,75,Cutter,FC,18.75,0.5,2338.42,82.45,88.75,90.91
R,0.27,18,33.33,0.17,-0.3,Gabriel Arias,2.18,672356,NYM,44.44,40,Knuckle Curve,KC,50,0.5,2484.67,79.23,87.91,100
R,0.13,15,33.33,0.16,0.24,Gabriel Arias,1.82,672356,NYM,40,66.67,Split-Finger,FS,41.67,0,1012.73,86.49,83.5,100
R,0,6,33.33,0.3,1.38,Gabriel Arias,0.73,672356,NYM,16.67,20,Eephus,EP,100,0,1201.83,0,48.93,0
R,0.09,4,25,-0.24,0.86,Gabriel Arias,0.49,672356,NYM,25,66.67,Other,FA,33.33,0,1970,54.25,68.68,100
R,0,4,0,0,0,Gabriel Arias,0.49,672356,NYM,0,0,Unknown,UNK,0,0,0,0,0,0
R,0.92,3,0,-1.02,-0.6,Gabriel Arias,0.36,672356,NYM,100,0,Slurve,SV,0,1,2888.67,90.4,81.3,100
R,0,1,100,-0.83,-0.22,Gabriel Arias,0.12,672356,NYM,0,100,Forkball,FO,100,0,502,0,84.4,0
R,0.33,499,25.85,-0.55,1.28,Jared Young,31.17,676724,NYM,52.71,23.31,4-Seam Fastball,FF,23.6,0.25,2342.19,84.43,95.35,74.14
R,0.27,229,30.57,-0.17,0.59,Jared Young,14.3,676724,NYM,49.34,18.1,Sinker,SI,8.86,0.26,2163.15,87.9,93.51,51.33
R,0.41,183,15.85,-1.17,0.29,Jared Young,11.43,676724,NYM,37.7,38.6,Changeup,CH,17.17,0.32,1797.5,82.43,87.27,79.71
R,0.23,166,36.14,0.12,0.02,Jared Young,10.37,676724,NYM,57.23,40.85,Slider,SL,37.62,0.21,2479.73,85.45,86.7,75.79
R,0.35,159,24.53,0.14,0.63,Jared Young,9.93,676724,NYM,45.91,33.72,Cutter,FC,16.25,0.32,2370.74,81.92,89.78,69.86
R,0.33,134,27.61,0.51,-0.83,Jared Young,8.37,676724,NYM,42.54,12.99,Curveball,CU,22.5,0.3,2610.81,85.38,81.32,52.63
R,0.24,129,28.68,0.61,-0.03,Jared Young,8.06,676724,NYM,34.11,36.47,Sweeper,ST,30.51,0.21,2697.6,76.3,83.59,63.64
R,0.35,49,12.24,-0.92,0.15,Jared Young,3.06,676724,NYM,28.57,20,Split-Finger,FS,21.05,0.41,1334.08,90.1,86,85.71
R,0.27,47,42.55,0.89,-0.91,Jared Young,2.94,676724,NYM,46.81,44,Knuckle Curve,KC,45.83,0.36,2613.77,91.81,79.79,59.09
R,1.08,4,0,-1.01,0.14,Jared Young,0.25,676724,NYM,50,0,Other,FA,0,0,1407.5,104.6,66.4,100
R,0.22,2,0,0.32,-0.61,Jared Young,0.12,676724,NYM,0,50,Slurve,SV,0,0,2845,65.3,79.65,0
R,0.24,278,23.38,-0.42,1.43,Jorge Polanco,31.84,593871,NYM,49.28,35.46,4-Seam Fastball,FF,13.67,0.11,2334.13,82.94,94.7,64.96
R,0.18,143,23.78,-0.63,0.3,Jorge Polanco,16.38,593871,NYM,40.56,29.41,Changeup,CH,25.37,0.1,1723.54,79.08,85.49,72.41
R,0.22,121,21.49,-0.76,0.62,Jorge Polanco,13.86,593871,NYM,49.59,22.95,Sinker,SI,14.04,0.09,2235.34,84.03,93.35,71.67
R,0.42,78,29.49,0.06,0.15,Jorge Polanco,8.93,593871,NYM,48.72,25,Slider,SL,28.57,0.44,2360.03,86.6,86.46,65.79
R,0.02,71,40.85,0.72,-0.94,Jorge Polanco,8.13,593871,NYM,32.39,27.08,Curveball,CU,64.71,0,2679.76,67.38,80.68,17.39
R,0.18,61,27.87,-0.69,0.12,Jorge Polanco,6.99,593871,NYM,37.7,28.95,Split-Finger,FS,32.14,0.11,1410.2,82.56,87.67,73.91
R,0.27,58,44.83,0.22,0.7,Jorge Polanco,6.64,593871,NYM,75.86,28.57,Cutter,FC,8.33,0.22,2425.33,83.59,90.26,45.45
R,0.3,48,31.25,0.72,0.18,Jorge Polanco,5.5,593871,NYM,43.75,18.52,Sweeper,ST,26.67,0.31,2694.48,82.63,83.61,47.62
R,0.03,13,53.85,0.66,-0.77,Jorge Polanco,1.49,593871,NYM,53.85,50,Knuckle Curve,KC,40,0,2466.15,73.3,78.3,28.57
R,0,1,0,1.43,-0.01,Jorge Polanco,0.11,593871,NYM,0,0,Slow Curve,CS,0,0,2449,0,67.2,0
R,0,1,0,0,0,Jorge Polanco,0.11,593871,NYM,0,0,Unknown,UNK,0,0,0,0,0,0
R,0.31,355,31.83,-0.3,1.34,Luis Robert Jr.,29.19,673357,NYM,52.39,43.79,4-Seam Fastball,FF,24.02,0.24,2330.83,83.09,94.91,69.89
R,0.43,259,22.39,-0.97,0.71,Luis Robert Jr.,21.3,673357,NYM,53.67,19.17,Sinker,SI,7.41,0.3,2191.18,85.86,94.25,61.15
R,0.39,166,21.69,0.08,0.16,Luis Robert Jr.,13.65,673357,NYM,34.34,26.61,Slider,SL,28.99,0.22,2426.94,91.11,85.85,70.18
R,0.17,114,24.56,0.97,0.21,Luis Robert Jr.,9.38,673357,NYM,36.84,27.78,Sweeper,ST,36.36,0.26,2627.61,83.71,83.42,83.33
R,0.22,111,27.03,0.4,0.39,Luis Robert Jr.,9.13,673357,NYM,36.04,38.03,Changeup,CH,37.93,0.07,1750.79,82.58,85.06,77.5
R,0.66,74,27.03,0.1,0.63,Luis Robert Jr.,6.09,673357,NYM,54.05,35.29,Cutter,FC,30.61,0.29,2312.86,81.01,89.47,92.5
R,0.11,60,26.67,-0.16,-1.04,Luis Robert Jr.,4.93,673357,NYM,40,36.11,Curveball,CU,26.67,0.08,2601.92,74.8,81.15,70.83
R,0.07,42,21.43,-0.69,0.18,Luis Robert Jr.,3.45,673357,NYM,19.05,35.29,Split-Finger,FS,50,0,1272.81,83.12,88.37,75
R,0,16,25,-0.72,1.21,Luis Robert Jr.,1.32,673357,NYM,75,0,Other,FA,0,0,1606.5,53.05,63.02,50
R,0.28,13,15.38,0.11,-0.87,Luis Robert Jr.,1.07,673357,NYM,7.69,33.33,Knuckle Curve,KC,50,0,2346.23,73.5,78.58,0
R,0,4,0,-0.57,-1.26,Luis Robert Jr.,0.33,673357,NYM,25,66.67,Slurve,SV,0,0,2715.75,0,80.22,100
R,0.09,2,0,-0.08,-0.01,Luis Robert Jr.,0.16,673357,NYM,100,0,Forkball,FO,0,0,949,78.1,87.1,100
R,0.41,409,29.1,-0.12,1.32,Luis Torrens,27.01,620443,NYM,55.5,34.62,4-Seam Fastball,FF,18.26,0.28,2313.98,86.34,94.39,68.72
R,0.31,375,27.73,-0.59,0.6,Luis Torrens,24.77,620443,NYM,51.47,29.67,Sinker,SI,7.55,0.28,2168.44,82.84,93.88,54.4
R,0.2,212,32.08,0.21,0.07,Luis Torrens,14,620443,NYM,40.09,30.71,Slider,SL,33.33,0.1,2445.72,77.04,86.23,63.53
R,0.17,158,33.54,0.79,0.07,Luis Torrens,10.44,620443,NYM,44.94,31.03,Sweeper,ST,29.41,0.22,2642.33,82.33,83.15,57.75
R,0.27,114,15.79,0.42,0.34,Luis Torrens,7.53,620443,NYM,38.6,37.14,Changeup,CH,13.79,0.18,1825.74,87,85.87,72.73
R,0.52,95,14.74,0.22,0.64,Luis Torrens,6.27,620443,NYM,43.16,14.81,Cutter,FC,10.53,0.5,2434.79,85.66,89.72,73.17
R,0.26,88,32.95,-0.17,-0.86,Luis Torrens,5.81,620443,NYM,29.55,40.32,Curveball,CU,42.22,0.32,2513.74,82.45,79.9,76.92
R,0.24,41,0,-0.86,0.18,Luis Torrens,2.71,620443,NYM,43.9,21.74,Split-Finger,FS,0,0.13,1614.66,87.96,90.21,100
R,0.36,8,12.5,0.41,-0.78,Luis Torrens,0.53,620443,NYM,50,0,Knuckle Curve,KC,0,0,2648.75,76.83,82.29,75
R,0.05,8,50,-0.57,1.54,Luis Torrens,0.53,620443,NYM,0,25,Other,FA,0,0,1924.75,66.6,76.58,0
R,0,4,0,-0.3,1.55,Luis Torrens,0.26,620443,NYM,0,0,Eephus,EP,0,0,1172,0,50.2,0
R,0,2,0,0,0,Luis Torrens,0.13,620443,NYM,0,0,Unknown,UNK,0,0,0,0,0,0
R,0.37,595,24.71,-0.23,1.32,Marcus Semien,23.51,543760,NYM,57.65,22.22,4-Seam Fastball,FF,19.61,0.27,2327.88,85.33,94.81,74.34
R,0.19,490,32.04,0.23,0.13,Marcus Semien,19.36,543760,NYM,46.53,33.97,Slider,SL,34,0.08,2445.36,78.29,86.25,70.61
R,0.38,483,22.57,-0.61,0.62,Marcus Semien,19.08,543760,NYM,59.83,20.62,Sinker,SI,9.7,0.26,2206.58,85.29,94.42,68.17
R,0.22,285,23.51,0.86,0.06,Marcus Semien,11.26,543760,NYM,41.4,26.95,Sweeper,ST,21.77,0.1,2674.18,72.91,83.48,66.95
R,0.34,233,29.18,0.16,0.61,Marcus Semien,9.21,543760,NYM,51.07,30.7,Cutter,FC,23.01,0.27,2418.06,81.82,89.23,65.55
R,0.39,190,22.11,0.04,0.32,Marcus Semien,7.51,543760,NYM,35.26,28.46,Changeup,CH,35.16,0.33,1799.12,84.65,86.16,83.58
R,0.24,136,33.09,-0.08,-0.81,Marcus Semien,5.37,543760,NYM,41.91,31.65,Curveball,CU,34.48,0.2,2622.17,75.77,80.47,57.89
R,0.24,79,12.66,-0.77,0.14,Marcus Semien,3.12,543760,NYM,39.24,25,Split-Finger,FS,12.5,0.21,1243.13,77.87,87.18,90.32
R,0.45,26,23.08,0.57,-0.86,Marcus Semien,1.03,543760,NYM,53.85,33.33,Knuckle Curve,KC,0,0.29,2464,79.26,80.77,57.14
R,0.08,9,33.33,-0.74,-0.27,Marcus Semien,0.36,543760,NYM,44.44,60,Slurve,SV,20,0,2475.11,64.35,80.73,50
R,0,3,0,0,0,Marcus Semien,0.12,543760,NYM,0,0,Unknown,UNK,0,0,0,0,0,0
R,0.01,2,0,-1.69,1.06,Marcus Semien,0.08,543760,NYM,100,0,Other,FA,0,0,1910,86.3,69.9,100
L,0.4,540,25.93,-0.05,0.61,,23.91,665742,NYM,52.41,22.18,Sinker,SI,12.33,0.26,2202.36,87.48,94.07,60.07
L,0.5,487,27.52,-0.34,1.33,,21.57,665742,NYM,53.18,22.37,4-Seam Fastball,FF,20.37,0.3,2316.22,90.65,95.31,63.71
L,0.26,395,29.37,-0.54,1.35,,39.78,669004,NYM,49.87,30.3,4-Seam Fastball,FF,33.49,0.21,2324.02,84.8,94.99,77.16
R,0.36,385,26.23,0.01,1.36,,26.89,668901,NYM,56.36,30.36,4-Seam Fastball,FF,25.11,0.24,2344.08,86.26,94.31,81.11
L,0.44,313,27.8,0.03,0.06,,13.86,665742,NYM,40.58,15.59,Slider,SL,25,0.22,2436.82,85.51,86.26,49.61
R,0.28,244,22.54,-0.77,0.55,,17.04,668901,NYM,54.51,36.04,Sinker,SI,10.77,0.19,2208.5,80.73,94.03,67.67
L,0.42,227,13.22,-0.8,0.34,,10.05,665742,NYM,36.56,28.47,Changeup,CH,9.8,0.35,1758.42,83.35,86.76,73.49
R,0.35,213,38.5,0.1,0.11,,14.87,668901,NYM,38.5,38.93,Slider,SL,47.75,0.18,2432.13,84.34,86.1,73.17
L,0.43,176,23.86,0,0.01,,7.79,665742,NYM,39.2,19.63,Sweeper,ST,22.58,0.32,2639.58,84.05,83.54,59.42
R,0.34,173,27.75,0.41,0.35,,12.08,668901,NYM,43.35,46.94,Changeup,CH,30.56,0.3,1809.47,84.33,86.09,82.67
L,0.38,171,25.73,0.08,0.65,,7.57,665742,NYM,46.78,15.38,Cutter,FC,19.05,0.27,2345.66,80.62,90.37,61.25
L,0.31,154,21.43,0.5,-0.83,,6.82,665742,NYM,35.71,14.14,Curveball,CU,30.43,0.18,2500.29,78.4,80.64,58.18
R,0.18,133,34.59,0.74,0.03,,9.29,668901,NYM,44.36,37.84,Sweeper,ST,41.67,0.06,2629.94,79.53,82.92,74.58
L,0.3,123,30.08,0.32,0.07,,12.39,669004,NYM,50.41,32.79,Slider,SL,31.88,0.21,2523.46,82.55,86.21,79.03
R,0.38,108,30.56,0.05,-0.82,,7.54,668901,NYM,35.19,38.57,Curveball,CU,33.33,0.3,2574.42,87.55,80.26,63.16
L,0.04,104,40.38,0.63,-0.89,,10.47,669004,NYM,33.65,31.88,Curveball,CU,41.38,0,2616.62,83.66,80.97,20
L,0.37,103,19.42,-1.22,0.42,,10.37,669004,NYM,29.13,39.73,Changeup,CH,28.3,0.16,1844.68,80.4,87.76,80
L,0.32,93,20.43,-1.03,0.2,,4.12,665742,NYM,33.33,17.74,Split-Finger,FS,33.33,0.11,1525.77,83.58,87.12,70.97
L,0.3,90,24.44,-0.59,1.26,,35.16,677595,NYM,56.67,51.28,4-Seam Fastball,FF,13.79,0.25,2197.19,81.79,94.4,74.51
R,0.33,88,35.23,0.47,1.12,,25.81,676572,NYM,54.55,35,4-Seam Fastball,FF,39.13,0.35,2354.23,84.75,94.82,66.67
L,0.4,79,37.97,-0.45,0.63,,7.96,669004,NYM,62.03,20,Sinker,SI,22.58,0.2,2221.11,94.84,93.23,51.02
R,0.42,73,24.66,0.02,0.64,,5.1,668901,NYM,53.42,11.76,Cutter,FC,30.56,0.45,2325.64,84.44,88.79,82.05
L,0.19,68,30.88,0.63,-0.07,,6.85,669004,NYM,48.53,31.43,Sweeper,ST,21.43,0.12,2684.69,83.68,82.53,51.52
R,0.34,63,22.22,1.11,0.24,,18.48,676572,NYM,38.1,12.82,Changeup,CH,26.09,0,1794.27,81.79,85.67,75
R,0.28,58,29.31,-0.72,0.16,,4.05,668901,NYM,22.41,51.11,Split-Finger,FS,47.22,0.11,1313.14,83.16,86.72,100
L,0.38,54,14.81,0.19,0.63,,5.44,669004,NYM,38.89,3.03,Cutter,FC,26.32,0,2360.48,84.71,88.5,85.71
R,0.27,54,38.89,0.81,0.51,,15.84,676572,NYM,57.41,34.78,Sinker,SI,5.26,0.2,2133.83,81.72,94.4,35.48
L,0,49,0,0,0,,2.17,665742,NYM,0,0,Unknown,UNK,0,0,0,0,0,0
R,0.18,46,32.61,0.44,1.38,,52.87,502054,NYM,58.7,15.79,4-Seam Fastball,FF,21.05,0,2330.26,81.36,94.43,59.26
L,0.15,46,28.26,-0.1,0.05,,17.97,677595,NYM,39.13,50,Slider,SL,28.57,0.06,2292.39,83.92,85.31,77.78
R,0.2,35,34.29,-0.16,0.48,,10.26,676572,NYM,42.86,35,Cutter,FC,33.33,0.22,2382.89,80.99,87.54,53.33
R,0.01,34,52.94,0.79,-0.85,,2.37,668901,NYM,64.71,58.33,Knuckle Curve,KC,40,0,2430.35,76.37,82.63,36.36
L,0.58,33,24.24,0.91,-0.89,,1.46,665742,NYM,39.39,10,Knuckle Curve,KC,22.22,0.5,2624.82,79.64,80.04,53.85
R,0.56,32,37.5,-0.48,-0.06,,9.38,676572,NYM,43.75,22.22,Slider,SL,50,0.67,2397.03,77.9,83.77,57.14
R,0.23,31,41.94,-0.44,-0.13,,9.09,676572,NYM,35.48,30,Sweeper,ST,36.36,0,2576.16,73.72,83.85,45.45
L,0.39,30,16.67,-1.07,0.41,,3.02,669004,NYM,40,33.33,Split-Finger,FS,25,0.36,1345.23,91.51,88.19,83.33
L,0.32,26,19.23,-0.75,0.28,,10.16,677595,NYM,34.62,58.82,Changeup,CH,12.5,0.55,1697.15,83.61,85.8,66.67
R,0,24,41.67,-0.38,1.42,,28.57,663584,NYM,29.17,47.06,4-Seam Fastball,FF,53.33,0,2083.21,67.13,93.38,100
L,0.37,24,41.67,0.93,-0.86,,2.42,669004,NYM,41.67,28.57,Knuckle Curve,KC,55.56,0.25,2455.33,65.68,82.92,50
L,0.16,21,33.33,-0.84,1.06,,40.38,660644,NYM,33.33,42.86,4-Seam Fastball,FF,46.15,0.17,2341.67,55.8,96.26,100
L,0.08,21,38.1,0.46,-1.02,,8.2,677595,NYM,47.62,63.64,Curveball,CU,41.67,0,2549.95,85.99,77.78,50
R,0,21,52.38,0.06,1.18,,28,703492,NYM,38.1,38.46,4-Seam Fastball,FF,88.89,0,2385,79.6,95.37,50
L,0.06,20,65,1.04,-0.95,,7.81,677595,NYM,55,66.67,Knuckle Curve,KC,66.67,0,2431.25,77.2,81.99,54.55
R,0.19,19,47.37,-0.22,0.13,,21.84,502054,NYM,84.21,66.67,Slider,SL,25,0,2540.05,89.49,86.4,62.5
R,0.21,19,0,0.25,0.33,,22.62,663584,NYM,36.84,41.67,Slider,SL,0,0.25,2295.68,74.64,87.16,100
R,0.11,18,33.33,-1.42,0.68,,21.43,663584,NYM,61.11,57.14,Sinker,SI,18.18,0,2006.5,62.93,93.72,63.64
L,0.09,18,11.11,0.11,0.72,,7.03,677595,NYM,38.89,45.45,Cutter,FC,20,0,2433.56,81.11,90.13,71.43
R,0,16,56.25,1.09,0.08,,21.33,703492,NYM,50,25,Sinker,SI,50,0,2392.88,86.3,93.11,0
L,0.02,15,13.33,-0.94,0.14,,5.86,677595,NYM,33.33,60,Split-Finger,FS,18.18,0,1345.33,81.86,84.81,100
R,0.04,14,28.57,-0.75,-0.82,,4.11,676572,NYM,71.43,0,Curveball,CU,0,0,2590.79,79.57,80.37,60
R,0.15,14,28.57,0.36,0.37,,4.11,676572,NYM,57.14,33.33,Split-Finger,FS,0,0,1184.29,72.67,83.46,50
L,0.1,13,30.77,-0.42,-0.27,,0.58,665742,NYM,38.46,0,Slurve,SV,33.33,0.5,2459.92,79.3,82.38,60
L,0.03,12,50,0.91,0.85,,4.69,677595,NYM,58.33,0,Sinker,SI,66.67,0,2092.67,87.4,96.46,42.86
R,0.24,12,16.67,1.42,-0.18,,16,703492,NYM,33.33,50,Changeup,CH,25,0,1821.67,72.95,88.25,100
R,0,12,75,-0.79,-0.75,,16,703492,NYM,25,77.78,Curveball,CU,85.71,0,2587.67,64.8,82.04,0
L,0.07,10,20,-1.11,0.43,,1.01,669004,NYM,60,0,Other,FA,0,0,1434.6,85.85,66.82,66.67
R,0.24,9,0,-1.03,0.1,,10.71,663584,NYM,55.56,0,Split-Finger,FS,0,0,1165.11,86.44,85.3,100
R,0,8,25,1.21,0.19,,9.2,502054,NYM,25,33.33,Sweeper,ST,50,0,2764,82.2,85.82,100
R,0.12,8,25,0.9,0.22,,0.56,668901,NYM,50,0,Eephus,EP,0,0,1347.75,81.4,48,50
R,0.04,8,37.5,0.36,-0.66,,2.35,676572,NYM,50,0,Slurve,SV,0,0,2309.25,90.2,84.99,25
L,0.52,8,25,0.56,0.24,,3.12,677595,NYM,37.5,40,Sweeper,ST,25,0,2637.5,93.37,84.38,66.67
R,0.43,8,37.5,0.56,0.21,,10.67,703492,NYM,37.5,60,Sweeper,ST,50,0,2630.75,70.4,82.56,33.33
R,0,6,33.33,-0.74,-0.84,,6.9,502054,NYM,33.33,50,Curveball,CU,33.33,0,2690.67,67.2,79.88,50
L,0.06,6,0,0.29,0.53,,11.54,660644,NYM,50,0,Changeup,CH,0,0,1646,83.13,84.85,100
L,0.13,6,16.67,-0.24,-0.44,,11.54,660644,NYM,83.33,0,Curveball,CU,20,0,2374.5,85.52,78.88,100
L,0,5,0,-0.38,0.81,,9.62,660644,NYM,40,0,Sinker,SI,0,0,2114.6,78.7,92.84,100
R,0.11,4,25,1.36,0.13,,4.6,502054,NYM,0,50,Changeup,CH,50,0,1612.25,87.7,85.05,0
L,0.56,4,0,-1.08,1.15,,7.69,660644,NYM,50,100,Other,FA,0,0,1625.5,88.2,64.6,100
L,0,4,0,0.06,0.24,,7.69,660644,NYM,25,0,Slider,SL,0,0,2382.5,0,89.85,0
R,0.56,4,50,0.44,-1.25,,4.76,663584,NYM,100,0,Curveball,CU,0,0,2306.5,102.8,82,50
R,0,3,0,-1.29,0.07,,3.45,502054,NYM,0,0,Split-Finger,FS,0,0,1611.67,0,82.83,0
R,0,3,66.67,0.35,0.43,,3.57,663584,NYM,66.67,100,Cutter,FC,0,0,2522.67,29.7,90.73,0
R,0,3,33.33,1.16,0.1,,3.57,663584,NYM,0,100,Sweeper,ST,33.33,0,3021.33,0,87.53,0
R,0.21,3,0,0.53,-0.72,,0.21,668901,NYM,33.33,50,Slurve,SV,0,0,2428,97.75,82.43,100
R,0.73,3,33.33,-0.47,0.56,,4,703492,NYM,66.67,0,Cutter,FC,0,0,2241,0,88.17,0
R,0,3,100,0.36,-0.02,,4,703492,NYM,100,0,Slider,SL,100,0,2681,0,85.77,33.33
L,0.42,2,0,-0.1,0.84,,3.85,660644,NYM,100,0,Cutter,FC,0,0,2245,86.8,86.5,100
L,0.08,2,0,1.18,0.02,,3.85,660644,NYM,50,0,Sweeper,ST,0,0,2844.5,65.2,82.7,100
R,0,2,0,1.58,0.6,,2.38,663584,NYM,0,0,Changeup,CH,0,0,2321,0,88.8,0
R,0.54,2,0,0.36,1.14,,2.38,663584,NYM,100,0,Eephus,EP,0,1,1108.5,69.3,44.95,100
L,0,2,0,0.11,1.06,,0.09,665742,NYM,50,0,Eephus,EP,0,0,1073.5,76.4,44.35,100
L,0,2,0,-0.36,1.1,,0.2,669004,NYM,0,0,Pitch Out,PO,0,0,2080,0,92.1,0
R,0,2,100,0.37,-1.22,,0.59,676572,NYM,0,100,Knuckle Curve,KC,100,0,2584,0,83.1,0
R,0,1,100,1.4,-0.01,,1.15,502054,NYM,100,0,Sinker,SI,0,0,1945,0,88.1,0
L,0,1,0,-0.45,-0.17,,1.92,660644,NYM,0,0,Slurve,SV,0,0,2274,0,80.4,0
L,0.25,1,0,-1.13,0.57,,1.92,660644,NYM,100,0,Split-Finger,FS,0,0,1030,92.1,87.4,100
L,0.02,1,0,1.05,0.02,,0.1,669004,NYM,100,0,Slurve,SV,0,0,2608,88.4,82.6,100
R,0.26,145,24.14,0.04,1.32,Ali Sánchez,39.62,645305,NYY,46.9,20.78,4-Seam Fastball,FF,23.19,0.28,2305.92,78.78,94.71,77.94
R,0.1,86,43.02,0.1,0.57,Ali Sánchez,23.5,645305,NYY,59.3,31.43,Sinker,SI,22.58,0.18,2159.5,82.93,95.29,39.22
R,0.62,28,7.14,1.02,0.3,Ali Sánchez,7.65,645305,NYY,32.14,26.32,Changeup,CH,14.29,0.71,1839.71,77.39,86.5,100
R,0.26,27,33.33,0.1,0.02,Ali Sánchez,7.38,645305,NYY,62.96,50,Slider,SL,27.78,0.25,2254.41,91.02,86.41,76.47
R,0.36,27,29.63,0.28,0.18,Ali Sánchez,7.38,645305,NYY,37.04,41.18,Sweeper,ST,18.18,0.5,2569.15,78.77,82.9,40
R,0.21,25,28,-0.03,0.7,Ali Sánchez,6.83,645305,NYY,48,38.46,Cutter,FC,28.57,0,2287.68,73.57,89.75,75
R,0.19,21,47.62,-0.16,-1.01,Ali Sánchez,5.74,645305,NYY,38.1,61.54,Curveball,CU,38.46,0,2672.1,75.38,77.43,62.5
R,0.01,5,0,0.64,0.52,Ali Sánchez,1.37,645305,NYY,80,0,Split-Finger,FS,0,0,1074.6,84,84.74,100
R,0,2,0,-1.03,-0.04,Ali Sánchez,0.55,645305,NYY,0,0,Slurve,SV,0,0,2733,0,84.9,0
R,0.23,355,23.38,0.31,1.31,Amed Rosario,30.32,642708,NYY,49.3,30.56,4-Seam Fastball,FF,19.78,0.16,2278.39,81.29,94.41,72.57
R,0.35,180,21.67,0.36,0.72,Amed Rosario,15.37,642708,NYY,50,34.44,Sinker,SI,8.6,0.21,2197.8,85.96,94.34,68.89
R,0.29,169,37.28,0.11,0.06,Amed Rosario,14.43,642708,NYY,47.93,45.45,Slider,SL,35.23,0.29,2411.72,80.27,85.19,59.26
R,0.24,165,23.64,0.78,0.52,Amed Rosario,14.09,642708,NYY,36.97,44.23,Changeup,CH,29.29,0.18,1718.28,78.06,85.07,86.89
R,0.31,95,34.74,0.14,0.08,Amed Rosario,8.11,642708,NYY,41.05,51.79,Sweeper,ST,33.93,0.3,2538.81,76,82.48,69.23
R,0.51,84,33.33,0.09,0.66,Amed Rosario,7.17,642708,NYY,51.19,39.02,Cutter,FC,23.81,0.26,2409.27,85.75,89.11,60.47
R,0.23,65,36.92,-0.27,-0.88,Amed Rosario,5.55,642708,NYY,29.23,47.83,Curveball,CU,48.48,0.28,2500.49,84.74,79.68,57.89
R,0.42,27,22.22,0.69,0.4,Amed Rosario,2.31,642708,NYY,48.15,57.14,Split-Finger,FS,28.57,0.2,1060.07,83.67,84.01,100
R,0.65,11,36.36,-0.47,-0.47,Amed Rosario,0.94,642708,NYY,27.27,0,Slurve,SV,0,0,2226.27,102.8,81.58,33.33
R,0,10,0,0.18,-1.01,Amed Rosario,0.85,642708,NYY,20,0,Knuckle Curve,KC,0,0,2391.1,79.5,85.27,100
R,0.79,8,12.5,0,1.1,Amed Rosario,0.68,642708,NYY,25,50,Eephus,EP,0,1,1182.88,95.22,46.02,50
R,0.7,2,0,0,0,Amed Rosario,0.17,642708,NYY,0,0,Unknown,UNK,0,0,0,0,0,0
R,0.3,557,26.03,-0.28,1.34,Austin Wells,29.55,669224,NYY,55.48,27.02,4-Seam Fastball,FF,15.3,0.18,2330.15,85.83,95.08,65.05
R,0.21,275,29.09,0,0.15,Austin Wells,14.59,669224,NYY,40.73,34.36,Slider,SL,40.44,0.09,2453.06,83.57,87.07,71.43
R,0.35,227,28.63,0.05,0.59,Austin Wells,12.04,669224,NYY,64.32,25.93,Sinker,SI,8.93,0.23,2166.94,84.46,93.45,62.33
R,0.27,212,31.13,-0.91,0.41,Austin Wells,11.25,669224,NYY,42.92,24.79,Changeup,CH,44,0.2,1722.16,74.94,86.13,76.92
R,0.53,154,21.43,0.09,0.62,Austin Wells,8.17,669224,NYY,50.65,15.79,Cutter,FC,14.71,0.33,2414.89,83.23,89.42,71.79
R,0.22,127,33.07,0.09,0,Austin Wells,6.74,669224,NYY,39.37,35.06,Sweeper,ST,38.6,0.21,2561.27,79.34,82.63,60
R,0.13,125,24.8,0.47,-0.93,Austin Wells,6.63,669224,NYY,27.2,25.27,Curveball,CU,36.84,0.09,2535.71,69.74,80.37,44.12
R,0.15,121,30.58,-1.05,0.23,Austin Wells,6.42,669224,NYY,34.71,37.97,Split-Finger,FS,44.44,0,1535.33,80.64,87.97,78.57
R,0.03,50,42,0.47,-0.9,Austin Wells,2.65,669224,NYY,34,36.36,Knuckle Curve,KC,37.5,0,2532.02,89.24,84.48,23.53
R,0,17,0,0,0,Austin Wells,0.9,669224,NYY,0,0,Unknown,UNK,0,0,0,0,0,0
R,0,12,58.33,-0.52,-0.2,Austin Wells,0.64,669224,NYY,58.33,40,Slurve,SV,66.67,0,2296.75,103,83.23,57.14
R,0.35,8,50,-0.3,1.47,Austin Wells,0.42,669224,NYY,25,16.67,Eephus,EP,0,0.33,1250.38,92.13,48.74,100
R,0.46,748,32.49,-0.22,1.33,Ben Rice,21.89,700250,NYY,56.95,27.33,4-Seam Fastball,FF,18.02,0.29,2330.5,88.52,95.13,57.51
R,0.34,594,29.12,-0.03,0.56,Ben Rice,17.38,700250,NYY,52.69,19.22,Sinker,SI,16.53,0.24,2193.74,86.99,93.96,60.06
R,0.37,497,28.37,0.02,0.08,Ben Rice,14.54,700250,NYY,42.66,26.67,Slider,SL,34.93,0.27,2425.5,82.34,86.2,72.17
R,0.33,387,24.29,-0.88,0.33,Ben Rice,11.33,700250,NYY,37.21,27.16,Changeup,CH,29.24,0.28,1699.04,84.6,86.54,72.92
R,0.33,341,30.21,0.12,0.04,Ben Rice,9.98,700250,NYY,48.39,27.27,Sweeper,ST,24.09,0.19,2535.13,80.12,82.23,53.94
R,0.34,289,27.68,0.33,-0.93,Ben Rice,8.46,700250,NYY,42.21,31.14,Curveball,CU,33.09,0.16,2591.24,81.64,80.83,71.31
R,0.36,239,19.25,0.09,0.61,Ben Rice,6.99,700250,NYY,51.46,27.59,Cutter,FC,13.01,0.27,2429.67,86.97,89.94,73.98
R,0.23,191,23.56,-0.93,0.27,Ben Rice,5.59,700250,NYY,29.84,26.87,Split-Finger,FS,41.67,0.07,1424.15,80.62,86.57,84.21
R,0.21,55,21.82,0.34,-0.92,Ben Rice,1.61,700250,NYY,20,25,Knuckle Curve,KC,52.38,0.29,2525.65,88.16,82.84,90.91
R,0,41,9.76,0,0,Ben Rice,1.2,700250,NYY,0,9.76,Unknown,UNK,50,0,0,0,0,0
R,0.02,22,18.18,-0.78,-0.47,Ben Rice,0.64,700250,NYY,40.91,46.15,Slurve,SV,0,0,2480.68,74.91,82.13,33.33
R,0.24,13,23.08,0.05,1.16,Ben Rice,0.38,700250,NYY,30.77,0,Eephus,EP,0,0,1015,93.4,41.99,50
R,0.35,143,32.17,-0.44,1.32,George Lombard Jr.,32.87,806146,NYY,49.65,11.11,4-Seam Fastball,FF,31.25,0.22,2298.63,83.6,95.76,56.34
R,0.3,102,33.33,-0.91,0.47,George Lombard Jr.,23.45,806146,NYY,49.02,36.54,Sinker,SI,27.45,0.48,2168.44,79.94,92.94,64
R,0.29,96,31.25,0.27,0.19,George Lombard Jr.,22.07,806146,NYY,47.92,24,Slider,SL,21.05,0.24,2496.02,81.96,85.92,56.52
R,0.37,30,26.67,0.55,0.14,George Lombard Jr.,6.9,806146,NYY,63.33,45.45,Sweeper,ST,15.79,0.38,2665.07,77.04,82.11,73.68
R,0.48,18,16.67,0.2,-0.9,George Lombard Jr.,4.14,806146,NYY,38.89,18.18,Knuckle Curve,KC,33.33,0,2402.22,69.65,85.39,57.14
R,0.23,16,50,-0.78,0.4,George Lombard Jr.,3.68,806146,NYY,50,25,Split-Finger,FS,66.67,0,1233,102.9,85.05,50
R,0.18,13,53.85,0.1,0.66,George Lombard Jr.,2.99,806146,NYY,46.15,71.43,Cutter,FC,50,0.14,2313.54,70.28,88.92,50
R,0.35,9,22.22,0.63,-0.7,George Lombard Jr.,2.07,806146,NYY,77.78,0,Curveball,CU,0,0,2635.78,84.82,82.6,57.14
R,0.22,8,25,0.18,0.11,George Lombard Jr.,1.84,806146,NYY,25,50,Changeup,CH,40,0,1672.38,80,89.81,100
R,0.25,700,31.14,-0.35,1.3,Heliot Ramos,30.26,671218,NYY,53,28.57,4-Seam Fastball,FF,27.27,0.18,2326.88,85.03,94.92,69.54
R,0.33,554,24.73,-0.78,0.69,Heliot Ramos,23.95,671218,NYY,52.71,30.92,Sinker,SI,13.31,0.31,2189.42,82.82,94.42,67.47
R,0.36,293,26.28,0.21,0.15,Heliot Ramos,12.67,671218,NYY,37.54,40.44,Slider,SL,31.61,0.34,2440.44,84.05,86.52,73.64
R,0.17,202,26.24,0.94,0.04,Heliot Ramos,8.73,671218,NYY,39.6,33.61,Sweeper,ST,35.29,0.07,2676.08,83.62,83.18,76.25
R,0.31,178,24.16,0.49,0.3,Heliot Ramos,7.7,671218,NYY,38.2,41.82,Changeup,CH,26.73,0.2,1837.75,84.68,85.6,80.88
R,0.52,150,27.33,0.16,0.68,Heliot Ramos,6.49,671218,NYY,53.33,31.43,Cutter,FC,21.92,0.21,2415.15,84.38,89.27,63.75
R,0.45,108,26.85,0.14,-0.97,Heliot Ramos,4.67,671218,NYY,53.7,34,Curveball,CU,24.56,0.3,2621.63,89.58,79.75,68.97
R,0.27,54,29.63,-0.57,0.22,Heliot Ramos,2.33,671218,NYY,33.33,41.67,Split-Finger,FS,43.33,0.44,1260.28,80.38,86.23,83.33
R,0.23,46,30.43,0.42,-0.9,Heliot Ramos,1.99,671218,NYY,19.57,45.95,Knuckle Curve,KC,41.67,0,2545.52,76.73,83.75,77.78
R,0,12,0,0,0,Heliot Ramos,0.52,671218,NYY,0,0,Unknown,UNK,0,0,0,0,0,0
R,0.31,6,0,0.07,1.47,Heliot Ramos,0.26,671218,NYY,33.33,50,Eephus,EP,0,0.5,1081.33,93.3,43.3,100
R,0.08,6,0,-0.41,-0.1,Heliot Ramos,0.26,671218,NYY,83.33,0,Forkball,FO,0,0.25,786.33,88.7,84.87,80
R,0,2,100,-0.23,-0.08,Heliot Ramos,0.09,671218,NYY,100,0,Knuckleball,KN,100,0,261,0,80.75,100
R,0.19,2,0,-0.66,-1.08,Heliot Ramos,0.09,671218,NYY,100,0,Slurve,SV,0,0,2966,95.5,79.8,100
R,0.3,965,26.84,-0.35,1.29,Jazz Chisholm Jr.,32.01,665862,NYY,48.91,31.85,4-Seam Fastball,FF,18.02,0.19,2307.31,86.09,94.86,60.81
R,0.29,405,34.32,0,0.09,Jazz Chisholm Jr.,13.43,665862,NYY,47.9,24.64,Slider,SL,40.88,0.21,2415.08,84.11,86.21,66.49
R,0.4,337,27.6,0.13,0.62,Jazz Chisholm Jr.,11.18,665862,NYY,54.3,22.08,Sinker,SI,20.13,0.43,2187.23,83.72,93.91,62.84
R,0.31,325,24.31,-0.92,0.29,Jazz Chisholm Jr.,10.78,665862,NYY,36.31,26.57,Changeup,CH,30.37,0.21,1761.07,86.26,86.61,67.8
R,0.22,244,38.52,0.56,-0.92,Jazz Chisholm Jr.,8.09,665862,NYY,48.77,38.4,Curveball,CU,41.46,0.14,2591.18,83.55,80.08,63.03
R,0.32,244,36.89,0.1,0.67,Jazz Chisholm Jr.,8.09,665862,NYY,49.59,20.33,Cutter,FC,40.82,0.22,2379.73,83.77,90.24,60.33
R,0.27,206,29.13,0.1,0.1,Jazz Chisholm Jr.,6.83,665862,NYY,52.43,28.57,Sweeper,ST,27.88,0.29,2547.16,84.07,81.97,70.37
R,0.11,166,24.7,-0.94,0.31,Jazz Chisholm Jr.,5.51,665862,NYY,30.72,28.7,Split-Finger,FS,42.47,0.09,1469.16,84.12,86.89,78.43
R,0.29,73,34.25,0.51,-0.86,Jazz Chisholm Jr.,2.42,665862,NYY,49.32,29.73,Knuckle Curve,KC,20,0.14,2556.23,82.52,85.08,52.78
R,0,32,12.5,0,0,Jazz Chisholm Jr.,1.06,665862,NYY,0,25,Unknown,UNK,50,0,0,0,0,0
R,0.21,10,10,-0.61,-0.25,Jazz Chisholm Jr.,0.33,665862,NYY,40,33.33,Slurve,SV,0,0.67,2386.2,55.58,83.98,75
R,0.49,4,25,-0.21,1.34,Jazz Chisholm Jr.,0.13,665862,NYY,25,33.33,Eephus,EP,0,1,1320.25,68.45,51.78,100
R,0.01,4,0,-1.45,0.72,Jazz Chisholm Jr.,0.13,665862,NYY,50,0,Other,FA,0,0,1900.5,82.9,67.55,100
R,0.27,759,26.75,-0.1,1.35,José Caballero,31.62,676609,NYY,48.88,38.66,4-Seam Fastball,FF,25.23,0.22,2308.48,78.64,94.79,78.17
R,0.36,437,27.23,-0.62,0.65,José Caballero,18.21,676609,NYY,55.15,25,Sinker,SI,12.04,0.23,2202.06,78.64,94.4,58.92
R,0.28,334,33.53,0.18,0.12,José Caballero,13.92,676609,NYY,45.51,53.3,Slider,SL,35.27,0.23,2449.47,75.73,86.61,72.37
R,0.2,240,31.25,0.56,0.09,José Caballero,10,676609,NYY,35.83,30.52,Sweeper,ST,38.54,0.15,2552.17,78.12,83.41,56.98
R,0.21,172,22.67,0.42,0.39,José Caballero,7.17,676609,NYY,31.4,47.46,Changeup,CH,23.16,0.13,1706.78,67.33,84.1,72.22
R,0.22,168,30.36,0.16,0.65,José Caballero,7,676609,NYY,56.55,26.03,Cutter,FC,10.29,0.16,2411.05,78.76,90.17,51.58
R,0.21,135,31.85,-0.04,-0.97,José Caballero,5.62,676609,NYY,42.22,23.08,Curveball,CU,15.79,0.3,2516.32,79.52,79.71,35.09
R,0.55,74,21.62,-0.62,0.24,José Caballero,3.08,676609,NYY,50,59.46,Split-Finger,FS,21.82,0.47,1331.51,81.99,87.24,89.19
R,0.11,34,14.71,0.49,-0.84,José Caballero,1.42,676609,NYY,14.71,17.24,Knuckle Curve,KC,37.5,0,2533.85,81.7,84.02,60
R,0.47,26,15.38,0,0,José Caballero,1.08,676609,NYY,0,23.08,Unknown,UNK,33.33,0,0,92.1,0,0
R,0,11,36.36,-0.02,-0.64,José Caballero,0.46,676609,NYY,36.36,28.57,Slurve,SV,50,0,2438.55,84.1,82.95,50
R,0.06,8,25,-0.22,1.42,José Caballero,0.33,676609,NYY,0,25,Eephus,EP,0,1,1058,90.5,42.18,0
R,0.01,2,0,-0.2,-0.12,José Caballero,0.08,676609,NYY,100,0,Forkball,FO,0,0,735,79.1,87.9,100
R,0.4,598,27.76,-0.46,1.31,Luis García Jr.,22.98,671277,NYY,55.69,46.42,4-Seam Fastball,FF,13.26,0.31,2318.48,85.08,95.08,67.27
R,0.31,452,21.24,-1.09,0.37,Luis García Jr.,17.37,671277,NYY,38.05,38.93,Changeup,CH,24.03,0.24,1739.11,83.65,86.96,72.09
R,0.37,377,23.87,-0.39,0.52,Luis García Jr.,14.49,671277,NYY,51.99,37.57,Sinker,SI,5.82,0.31,2164.5,86.51,93.52,61.73
R,0.35,363,20.39,0.15,0.06,Luis García Jr.,13.95,671277,NYY,39.67,36.53,Slider,SL,26.24,0.27,2396.06,82.17,86.14,84.72
R,0.37,240,22.92,0.55,-0.9,Luis García Jr.,9.22,671277,NYY,32.92,33.54,Curveball,CU,23.81,0.33,2555.36,84.94,80.52,64.56
R,0.32,190,21.05,0.09,0.6,Luis García Jr.,7.3,671277,NYY,47.37,46,Cutter,FC,8.57,0.33,2374.14,85.82,89.97,65.56
R,0.17,171,16.96,-0.89,0.29,Luis García Jr.,6.57,671277,NYY,39.18,40.38,Split-Finger,FS,16.67,0.09,1410.49,84.06,86.76,71.64
R,0.71,109,9.17,0.47,0.06,Luis García Jr.,4.19,671277,NYY,50.46,12.96,Sweeper,ST,7.02,0.59,2607.61,91.69,83.73,90.91
R,0.29,83,20.48,0.35,-0.9,Luis García Jr.,3.19,671277,NYY,18.07,35.29,Knuckle Curve,KC,34.29,0.19,2516.12,86.89,83.5,73.33
R,0.7,7,42.86,-0.59,1.32,Luis García Jr.,0.27,671277,NYY,42.86,0,Other,FA,0,0,1495.29,0,64.2,0
R,0,6,16.67,0.12,-0.53,Luis García Jr.,0.23,671277,NYY,33.33,0,Slurve,SV,0,0,2585.5,72.2,81.8,50
R,0,4,50,-0.7,-0.2,Luis García Jr.,0.15,671277,NYY,0,50,Forkball,FO,100,0,601.5,0,85.5,0
R,0.63,2,0,-0.27,1.03,Luis García Jr.,0.08,671277,NYY,0,100,Eephus,EP,0,0,1134,105.8,50.5,0
R,0.37,486,29.22,0.07,1.33,Paul Goldschmidt,23.77,502671,NYY,57.2,31.25,4-Seam Fastball,FF,19.84,0.27,2310.3,85.43,94.51,65.47
R,0.25,365,25.75,-0.41,0.72,Paul Goldschmidt,17.85,502671,NYY,50.14,42.86,Sinker,SI,14.93,0.18,2227.18,81.88,94.62,67.21
R,0.26,348,36.78,0,0.06,Paul Goldschmidt,17.02,502671,NYY,49.43,30.68,Slider,SL,31.9,0.29,2400.05,79.88,86.39,63.37
R,0.32,228,30.7,0.56,0.39,Paul Goldschmidt,11.15,502671,NYY,35.09,33.11,Changeup,CH,26.04,0.27,1776.25,81.62,85.76,58.75
R,0.3,197,40.1,0.13,0.58,Paul Goldschmidt,9.63,502671,NYY,47.72,27.18,Cutter,FC,52.69,0.18,2370.19,83.98,89.37,69.15
R,0.21,189,24.34,0,0.07,Paul Goldschmidt,9.24,502671,NYY,42.86,21.3,Sweeper,ST,18.84,0.16,2534.99,81.77,82.91,56.79
R,0.33,133,31.58,-0.08,-0.92,Paul Goldschmidt,6.5,502671,NYY,39.1,27.16,Curveball,CU,18.18,0.29,2518.74,78.71,79.24,42.31
R,0.29,45,22.22,-0.08,0.39,Paul Goldschmidt,2.2,502671,NYY,33.33,46.67,Split-Finger,FS,20.83,0.22,1242.96,79.65,85.99,66.67
R,0.56,23,26.09,0.31,-0.88,Paul Goldschmidt,1.12,502671,NYY,39.13,42.86,Knuckle Curve,KC,18.18,0.22,2503.74,97.8,85.46,55.56
R,0,22,27.27,0,0,Paul Goldschmidt,1.08,502671,NYY,0,9.09,Unknown,UNK,100,0,0,0,0,0
R,0.05,7,57.14,0.14,-0.56,Paul Goldschmidt,0.34,502671,NYY,57.14,33.33,Slurve,SV,50,0,2547,75,82.26,25
R,0.44,2,0,-0.06,1.36,Paul Goldschmidt,0.1,502671,NYY,0,50,Eephus,EP,0,0,1033.5,93,40.35,0
R,0.35,707,29.42,-0.37,1.33,Ryan McMahon,34.78,641857,NYY,54.74,23.75,4-Seam Fastball,FF,19.37,0.25,2317.99,81.55,94.81,61.76
R,0.26,266,31.2,0.05,0.11,Ryan McMahon,13.08,641857,NYY,47.37,35,Slider,SL,31.88,0.21,2431.75,85.58,86.76,70.63
R,0.31,253,35.57,-0.57,0.44,Ryan McMahon,12.44,641857,NYY,62.45,15.79,Sinker,SI,16.16,0.16,2146.73,85.2,92.75,53.16
R,0.32,175,41.71,0.67,-0.94,Ryan McMahon,8.61,641857,NYY,45.14,34.38,Curveball,CU,42.47,0.23,2569.58,88.03,80.65,50.63
R,0.36,175,24,0.11,0.68,Ryan McMahon,8.61,641857,NYY,49.71,21.59,Cutter,FC,26.14,0.35,2398.79,87.15,90.12,79.31
R,0.19,157,28.03,-1.04,0.22,Ryan McMahon,7.72,641857,NYY,41.4,34.78,Changeup,CH,40.48,0.2,1721.98,84.49,87.5,80
R,0.18,140,41.43,0.37,0.09,Ryan McMahon,6.89,641857,NYY,38.57,31.4,Sweeper,ST,50.94,0,2568.76,80.28,82.58,48.15
R,0.36,89,21.35,-0.92,0.38,Ryan McMahon,4.38,641857,NYY,37.08,25,Split-Finger,FS,28.21,0.25,1377.03,81.5,86.03,75.76
R,0.02,46,39.13,0.5,-0.95,Ryan McMahon,2.26,641857,NYY,30.43,37.5,Knuckle Curve,KC,54.17,0,2564.07,87.63,84.12,85.71
R,0,9,22.22,0,0,Ryan McMahon,0.44,641857,NYY,0,44.44,Unknown,UNK,0,0,0,0,0,0
R,0.24,8,25,-0.25,1.56,Ryan McMahon,0.39,641857,NYY,25,33.33,Eephus,EP,0,0,1099,88.55,43.18,100
R,0,4,0,-0.73,-0.92,Ryan McMahon,0.2,641857,NYY,0,0,Slurve,SV,0,0,2714.5,0,81.2,0
R,0,2,0,-0.76,1.46,Ryan McMahon,0.1,641857,NYY,0,0,Other,FA,0,0,1628,0,65.2,0
R,0,2,0,-0.94,1.15,Ryan McMahon,0.1,641857,NYY,0,0,Pitch Out,PO,0,0,2326,0,93.15,0
R,0.3,571,26.09,-0.41,1.31,Spencer Jones,43.55,682987,NYY,50.26,23.94,4-Seam Fastball,FF,30.64,0.22,2337.88,85.61,95.37,79.79
R,0.22,148,33.11,0.07,0.12,Spencer Jones,11.29,682987,NYY,41.89,41.86,Slider,SL,45.65,0.17,2510.01,86.16,86.51,90.32
R,0.46,121,30.58,-0.42,0.61,Spencer Jones,9.23,682987,NYY,48.76,41.94,Sinker,SI,23.44,0.33,2209.66,86.28,94.67,64.41
R,0.15,117,23.93,0.71,-0.93,Spencer Jones,8.92,682987,NYY,24.79,40.91,Curveball,CU,37.93,0.11,2571.28,81.74,80.55,75.86
R,0.27,95,38.95,-1.09,0.25,Spencer Jones,7.25,682987,NYY,35.79,31.15,Changeup,CH,65.22,0.23,1734.92,95.1,87.08,79.41
R,0.42,69,30.43,-0.9,0.36,Spencer Jones,5.26,682987,NYY,23.19,47.17,Split-Finger,FS,42.86,0,1292.87,80.9,84.97,62.5
R,0.24,67,31.34,0.39,-0.05,Spencer Jones,5.11,682987,NYY,34.33,59.09,Sweeper,ST,30,0.43,2641.91,82.81,82.83,60.87
R,0.9,51,25.49,0.08,0.64,Spencer Jones,3.89,682987,NYY,43.14,27.59,Cutter,FC,38.1,0.83,2404.96,85.55,90.15,59.09
R,0.26,34,50,0.25,-1.03,Spencer Jones,2.59,682987,NYY,47.06,50,Knuckle Curve,KC,52.94,0.22,2609.97,95.84,82.4,50
R,2.04,18,11.11,0,0,Spencer Jones,1.37,682987,NYY,0,22.22,Unknown,UNK,50,1,0,111.6,0,0
R,0.08,16,37.5,-0.5,-0.19,Spencer Jones,1.22,682987,NYY,37.5,40,Slurve,SV,50,0,2269.5,87.8,83.81,66.67
R,0.49,4,0,-0.2,1.38,Spencer Jones,0.31,682987,NYY,50,100,Eephus,EP,0,0,974.5,99.4,36.55,0
R,0.4,972,22.22,-0.4,1.33,Trent Grisham,34.3,663757,NYY,54.12,16.59,4-Seam Fastball,FF,12.44,0.21,2312.01,86.2,94.96,66.92
R,0.33,467,25.48,-0.26,0.62,Trent Grisham,16.48,663757,NYY,56.53,17.73,Sinker,SI,4.81,0.28,2178.27,87.39,94.21,57.2
R,0.35,309,33.98,-0.01,0.1,Trent Grisham,10.9,663757,NYY,44.98,18.82,Slider,SL,33.7,0.23,2406.19,86.78,86.29,43.17
R,0.34,272,20.59,-0.99,0.41,Trent Grisham,9.6,663757,NYY,41.54,25.16,Changeup,CH,25.41,0.26,1686.66,80.79,86.82,72.57
R,0.3,240,23.33,0.09,0.68,Trent Grisham,8.47,663757,NYY,51.67,25,Cutter,FC,12.61,0.13,2388.09,82.17,90,66.13
R,0.34,199,37.19,0.22,0.04,Trent Grisham,7.02,663757,NYY,53.77,17.39,Sweeper,ST,24.64,0.26,2593.34,84.86,82.69,49.53
R,0.28,197,28.93,0.46,-0.93,Trent Grisham,6.95,663757,NYY,46.19,7.55,Curveball,CU,5,0.24,2553.89,82.18,80.01,35.16
R,0.12,124,29.03,-0.99,0.22,Trent Grisham,4.38,663757,NYY,42.74,23.94,Split-Finger,FS,41.82,0,1357.77,86.22,87.4,71.7
R,0.19,50,32,0.51,-0.89,Trent Grisham,1.76,663757,NYY,34,30.3,Knuckle Curve,KC,31.58,0.22,2547.32,80.66,84.13,52.94
R,0.02,2,0,-0.58,1.1,Trent Grisham,0.07,663757,NYY,0,50,Eephus,EP,0,0,1233,86.9,48.45,0
R,0,1,0,-1.09,-0.74,Trent Grisham,0.04,663757,NYY,0,0,Slurve,SV,0,0,2814,0,82.4,0
R,0,1,0,-0.06,1.28,Trent Grisham,0.04,663757,NYY,0,0,Unknown,UN,0,0,1091,0,54.8,0
L,0.36,885,25.99,-0.17,1.34,,34.64,641355,NYY,49.6,34.75,4-Seam Fastball,FF,15.87,0.25,2316.56,82.97,94.92,59.45
L,0.26,453,22.3,-0.18,1.29,,36.62,691176,NYY,47.9,29.66,4-Seam Fastball,FF,12.04,0.2,2291.99,81.91,94.9,67.28
R,0.43,449,30.96,-0.14,1.39,,25.44,592450,NYY,51,19.55,4-Seam Fastball,FF,25.13,0.24,2359.05,85.26,95.12,64.63
R,0.32,433,31.41,0,1.31,,35.96,683011,NYY,52.19,18.84,4-Seam Fastball,FF,30.11,0.24,2281.79,81.52,94.38,65.04
L,0.37,390,29.23,-0.17,0.65,,15.26,641355,NYY,60.51,17.53,Sinker,SI,8.28,0.28,2177.97,85.94,94.06,55.08
L,0.43,314,24.84,-0.07,0.13,,12.29,641355,NYY,45.86,22.35,Slider,SL,19.84,0.34,2439.97,84.08,86.01,61.11
L,0.29,288,15.62,-0.72,0.36,,11.27,641355,NYY,39.58,27.01,Changeup,CH,16.79,0.18,1716.72,83.46,86.81,78.95
R,0.22,280,33.57,0.17,0.13,,15.86,592450,NYY,47.14,31.76,Slider,SL,35.11,0.17,2484.17,82.31,86.97,63.64
R,0.54,278,25.9,-0.73,0.67,,15.75,592450,NYY,45.32,21.71,Sinker,SI,10.28,0.45,2198.89,86.27,94.34,58.73
R,0.33,249,24.5,-0.09,0.33,,14.11,592450,NYY,34.54,31.29,Changeup,CH,37.61,0.14,1750.47,83.67,85.04,67.44
L,0.26,215,26.05,-0.08,0.33,,17.38,691176,NYY,34.88,42.14,Changeup,CH,36.8,0.3,1754.52,79.5,87.08,88
R,0.37,213,25.35,-0.26,0.68,,17.69,683011,NYY,55.87,17.02,Sinker,SI,12.22,0.24,2216,85.75,94.39,62.18
R,0.33,208,17.31,0.02,1.26,,35.14,680474,NYY,44.71,18.26,4-Seam Fastball,FF,13.68,0.13,2244.75,82.12,94.45,79.57
L,0.32,203,21.67,0.1,0.69,,7.95,641355,NYY,54.19,25.81,Cutter,FC,12.5,0.4,2385.55,84.73,90.32,72.73
R,0.21,190,30,-0.12,1.41,,32.82,519317,NYY,49.47,17.71,4-Seam Fastball,FF,27.63,0.18,2303.78,84.42,94.56,62.77
R,0.27,162,30.86,0.15,0.13,,13.46,683011,NYY,51.23,30.38,Slider,SL,23.68,0.33,2437.81,82.09,86.26,62.65
R,0.27,161,30.43,0.27,0.67,,9.12,592450,NYY,48.45,30.12,Cutter,FC,31.58,0.32,2437.2,82.91,90.01,65.38
L,0.13,157,24.84,0.1,0.02,,6.14,641355,NYY,46.5,32.14,Sweeper,ST,25,0.1,2581.24,79.44,83,67.12
L,0.31,154,24.68,-0.35,1.33,,26.1,641555,NYY,65.58,33.96,4-Seam Fastball,FF,7.69,0.33,2300.66,85.3,93.73,72.28
L,0.31,152,30.26,0.3,-0.92,,5.95,641355,NYY,39.47,32.61,Curveball,CU,38.03,0.21,2569.34,85.52,80.36,68.33
R,0.41,145,21.38,0.94,0.15,,8.22,592450,NYY,41.38,14.12,Sweeper,ST,24.07,0.18,2562.1,91.54,82.84,70
L,0.38,136,28.68,0.51,0.62,,10.99,691176,NYY,55.15,19.67,Sinker,SI,11.67,0.24,2183.24,89.12,93.71,64
L,0.27,124,25.81,-1.02,0.24,,4.85,641355,NYY,33.87,45.12,Split-Finger,FS,25.76,0.21,1549.48,84.17,87.5,69.05
R,0.29,121,24.79,0.53,0.3,,10.05,683011,NYY,33.88,27.5,Changeup,CH,27.08,0.26,1719.42,82.87,85.42,63.41
R,0.47,104,30.77,0.12,0.55,,17.57,680474,NYY,62.5,17.95,Sinker,SI,15.56,0.26,2207.44,80.69,94.21,58.46
R,0.52,102,33.33,-1.16,0.62,,17.62,519317,NYY,52.94,29.17,Sinker,SI,16.67,0.39,2147.67,90.77,93.45,51.85
R,0.28,101,19.8,0.35,0.01,,8.39,683011,NYY,41.58,25.42,Sweeper,ST,15.91,0.1,2586.43,76.86,82.48,69.05
L,0.36,99,33.33,0.11,0.56,,8,691176,NYY,56.57,48.84,Cutter,FC,17.86,0.4,2408.05,81.33,90.05,62.5
R,0.42,96,37.5,0.34,-0.93,,5.44,592450,NYY,32.29,35.38,Curveball,CU,46.15,0.22,2514.12,93.06,80.07,51.61
L,0.19,96,33.33,-0.69,0.23,,7.76,691176,NYY,29.17,47.06,Split-Finger,FS,49.12,0.09,1501.96,78,86.94,89.29
L,0.37,88,29.55,0.1,0.19,,7.11,691176,NYY,50,31.82,Slider,SL,23.81,0.23,2437.82,88.02,87.83,63.64
R,0.31,84,22.62,-0.06,0.51,,14.51,519317,NYY,35.71,33.33,Changeup,CH,35.56,0.31,1646.05,90.8,84.79,90
R,0.11,82,31.71,0.93,0.31,,13.85,680474,NYY,30.49,40.35,Changeup,CH,54.55,0.07,1871.24,75.52,85.92,84
L,0.3,81,20.99,-0.66,0.42,,13.73,641555,NYY,49.38,14.63,Sinker,SI,10.81,0.26,2113.3,87.37,91.8,77.5
L,0.17,80,33.75,0.13,0.66,,13.56,641555,NYY,51.25,30.77,Cutter,FC,23.53,0.06,2362.11,82.06,90.24,53.66
R,0.51,78,46.15,0.22,0,,13.47,519317,NYY,50,43.59,Slider,SL,48.65,0.35,2473.77,89.25,86.07,51.28
L,0.03,77,36.36,0.76,-0.9,,13.05,641555,NYY,40.26,15.22,Curveball,CU,58.33,0,2584.47,73.2,78.7,54.84
R,0.16,71,21.13,0.12,0.58,,5.9,683011,NYY,50.7,20,Cutter,FC,6.45,0.31,2298,79.74,89.19,66.67
R,0.31,70,22.86,0.05,0.15,,11.82,680474,NYY,50,5.71,Slider,SL,5.26,0.23,2379.11,85.69,84.87,48.57
L,0.28,66,28.79,0.44,-0.84,,5.34,691176,NYY,39.39,32.5,Curveball,CU,39.29,0.25,2495.86,79.19,80.42,57.69
L,0.14,65,36.92,-0.08,0.02,,11.02,641555,NYY,49.23,24.24,Slider,SL,46.67,0,2452.85,80.77,84.49,68.75
R,0.16,63,25.4,-0.23,-0.81,,5.23,683011,NYY,41.27,29.73,Curveball,CU,31.25,0.14,2571.45,83.99,80.75,80.77
L,0.24,60,26.67,-0.45,0.02,,4.85,691176,NYY,48.33,45.16,Sweeper,ST,17.65,0.08,2510.07,84.55,82.53,68.97
R,0.12,58,41.38,1.1,0.02,,10.02,519317,NYY,27.59,30.95,Sweeper,ST,69.57,0.12,2691.83,90.81,82.18,62.5
R,0.55,53,47.17,-0.63,0.09,,3,592450,NYY,54.72,33.33,Split-Finger,FS,63.64,0.31,1293.34,97.26,85,86.21
R,0.26,50,34,0.14,0.62,,8.45,680474,NYY,34,18.18,Cutter,FC,45.45,0.33,2302.3,80.07,89.98,29.41
L,0.18,48,27.08,0.43,0.12,,8.14,641555,NYY,39.58,13.79,Sweeper,ST,44.44,0,2563.7,79.36,81.76,73.68
L,0.28,40,20,-1.01,0.43,,6.78,641555,NYY,32.5,25.93,Changeup,CH,23.53,0.38,1865.12,77.98,85.18,76.92
R,0.41,40,27.5,0.13,0.17,,6.76,680474,NYY,50,25,Sweeper,ST,30,0.62,2525.02,71.96,82.16,75
R,0,33,0,0,0,,1.87,592450,NYY,0,0,Unknown,UNK,0,0,0,0,0,0
L,0.41,32,34.38,0.82,-0.96,,1.25,641355,NYY,31.25,18.18,Knuckle Curve,KC,70,0,2586.66,69.2,83.83,60
R,0.61,24,41.67,0.26,0.5,,4.15,519317,NYY,45.83,15.38,Cutter,FC,40,0,2484.75,81.95,90.27,27.27
L,0.14,23,47.83,-0.98,0.19,,3.9,641555,NYY,34.78,53.33,Split-Finger,FS,54.55,0,1438.74,72.05,87.23,37.5
R,0.26,19,36.84,-0.21,-0.7,,3.28,519317,NYY,15.79,50,Curveball,CU,63.64,0.17,2360.63,97.45,79.53,100
R,0.33,19,31.58,-0.04,-0.86,,3.21,680474,NYY,63.16,0,Curveball,CU,0,0,2468.61,76.75,79.47,50
L,0.18,18,22.22,-1.12,0.96,,29.03,665828,NYY,77.78,0,Sinker,SI,0,0,2240.56,76.65,97.03,71.43
L,0.55,16,6.25,0.57,-1.06,,1.29,691176,NYY,25,16.67,Knuckle Curve,KC,0,0,2529.12,85.52,83.48,75
R,0.92,14,14.29,-0.28,0.11,,2.42,519317,NYY,57.14,0,Split-Finger,FS,0,1,1208,79.83,83.16,75
R,0.12,14,28.57,-0.16,0.4,,1.16,683011,NYY,28.57,60,Split-Finger,FS,40,0,1275.64,78.75,85.32,100
L,0.53,13,15.38,-0.5,1.33,,20.97,665828,NYY,61.54,0,4-Seam Fastball,FF,12.5,0,2292.62,77.18,95.96,100
R,1.72,11,0,-0.01,-1,,0.62,592450,NYY,54.55,20,Knuckle Curve,KC,0,0.67,2549.36,104.46,84.53,100
R,0.56,11,18.18,0.04,-0.58,,0.91,683011,NYY,63.64,0,Slurve,SV,0,0.5,2725.09,93.52,82.02,71.43
R,0.01,10,60,1.05,-0.57,,1.73,519317,NYY,40,66.67,Knuckle Curve,KC,66.67,0,2693.2,96.4,82.96,50
R,0,10,40,-0.6,-0.6,,0.57,592450,NYY,40,33.33,Slurve,SV,50,0,2244.8,90.8,82.96,50
L,0.7,10,20,-0.07,1.35,,1.69,641555,NYY,0,0,Eephus,EP,0,0,992,0,40.78,0
L,0,10,30,0.2,-1.05,,1.69,641555,NYY,10,44.44,Knuckle Curve,KC,50,0,2836.2,86.7,79.99,0
L,0.06,8,50,0.24,0.59,,12.9,665828,NYY,100,0,Cutter,FC,0,0,2449,58.05,91.62,50
L,0,8,25,1.27,-0.44,,12.9,665828,NYY,25,66.67,Sweeper,ST,33.33,0,2706,73.15,85.32,100
R,0.06,8,37.5,0.95,-0.68,,0.66,683011,NYY,75,100,Knuckle Curve,KC,28.57,0,2670.38,85.06,80.19,83.33
L,0,8,37.5,-0.86,-0.84,,0.65,691176,NYY,62.5,33.33,Slurve,SV,0,0,3004.25,60.3,80.74,40
R,0.7,7,28.57,-1.04,0.11,,1.18,680474,NYY,42.86,50,Split-Finger,FS,25,0,1529.14,44.8,90.06,66.67
R,0.45,7,14.29,-0.04,1.3,,0.58,683011,NYY,28.57,40,Eephus,EP,0,0.67,1135.86,92.83,44.5,50
L,0,5,40,-0.65,-0.53,,0.2,641355,NYY,40,66.67,Slurve,SV,0,0,2239.8,62.6,81.62,0
L,0,5,0,0,0,,0.2,641355,NYY,0,40,Unknown,UNK,0,0,0,0,81,0
L,0,5,80,0.42,0.1,,8.06,665828,NYY,40,66.67,Slider,SL,100,0,2455.2,0,87.06,0
L,0.04,4,0,-1.08,0.32,,6.45,665828,NYY,50,100,Changeup,CH,0,0,1680,73.05,88.2,100
R,0,4,50,-0.34,1.61,,0.68,680474,NYY,0,50,Eephus,EP,0,0,1223.5,92.1,48.4,0
R,0,4,100,0.78,-1.02,,0.68,680474,NYY,100,0,Knuckle Curve,KC,0,0,2196.5,0,85.15,0
R,0,4,100,-0.28,-0.58,,0.68,680474,NYY,75,100,Slurve,SV,100,0,2531.5,0,84.48,33.33
L,0,2,0,-0.46,-0.87,,0.34,641555,NYY,0,0,Slurve,SV,0,0,3064,0,80.8,0
L,0,2,0,1.23,-1.23,,3.23,665828,NYY,0,0,Curveball,CU,0,0,2623,0,80.4,0
L,0,2,0,1.54,-0.57,,3.23,665828,NYY,0,0,Knuckle Curve,KC,0,0,2926,0,81.4,0
L,0,1,100,1.64,-0.69,,1.61,665828,NYY,100,0,Slurve,SV,0,0,2493,0,81.9,0
L,0,1,0,-1.23,0.62,,1.61,665828,NYY,0,0,Split-Finger,FS,0,0,1720,0,88.9,0
R,0.31,862,22.97,-0.27,1.32,Alec Bohm,28.89,664761,PHI,54.29,26.14,4-Seam Fastball,FF,12.3,0.23,2346.81,84.05,94.93,70.09
R,0.36,696,24.14,-0.68,0.69,Alec Bohm,23.32,664761,PHI,57.04,17.06,Sinker,SI,8.97,0.24,2205.64,87.13,94.37,65.74
R,0.31,454,22.03,0.16,0.16,Alec Bohm,15.21,664761,PHI,41.63,33.58,Slider,SL,20.18,0.24,2502.82,83.21,87.16,68.25
R,0.31,285,24.91,0.6,0.03,Alec Bohm,9.55,664761,PHI,46.32,22.88,Sweeper,ST,16.81,0.15,2598.72,86.01,83.08,59.09
R,0.29,236,26.69,0.04,0.63,Alec Bohm,7.91,664761,PHI,52.54,26.79,Cutter,FC,13.39,0.33,2369.1,83.25,89.13,66.13
R,0.33,174,18.97,0.15,0.37,Alec Bohm,5.83,664761,PHI,37.93,19.44,Changeup,CH,19.4,0.34,1706.79,81.7,84.93,69.7
R,0.25,140,23.57,0.03,-0.78,Alec Bohm,4.69,664761,PHI,45.71,22.37,Curveball,CU,14,0.28,2567.05,83.51,81.59,51.56
R,0.47,70,15.71,-0.6,0.29,Alec Bohm,2.35,664761,PHI,42.86,42.5,Split-Finger,FS,16.28,0.45,1361.19,85.19,86.89,86.67
R,0.51,39,33.33,0.49,-0.74,Alec Bohm,1.31,664761,PHI,35.9,44,Knuckle Curve,KC,42.86,0.44,2475.9,82.42,84.27,71.43
R,0.16,12,50,-0.62,-0.58,Alec Bohm,0.4,664761,PHI,50,33.33,Slurve,SV,66.67,0,2691.58,64.15,82.31,66.67
R,0,10,0,0,0,Alec Bohm,0.34,664761,PHI,0,0,Unknown,UNK,0,0,0,0,0,0
R,0.07,2,0,-0.6,1.39,Alec Bohm,0.07,664761,PHI,100,0,Eephus,EP,0,0,1092,84.7,45.4,100
R,0,2,0,-0.71,0.24,Alec Bohm,0.07,664761,PHI,0,0,Forkball,FO,0,0,1014,0,83.6,0
R,0.12,2,0,-0.84,-0.55,Alec Bohm,0.07,664761,PHI,0,100,Knuckleball,KN,0,0,259,94.4,78.6,0
R,0.36,982,21.38,-0.41,1.31,Brandon Marsh,32.62,669016,PHI,53.36,26.42,4-Seam Fastball,FF,14.98,0.34,2328.52,82.65,95.11,75
R,0.31,364,30.22,0.06,0.16,Brandon Marsh,12.09,669016,PHI,45.33,46.73,Slider,SL,27.09,0.22,2427.05,83.54,85.94,66.67
R,0.4,359,21.73,-0.12,0.55,Brandon Marsh,11.93,669016,PHI,55.43,35,Sinker,SI,7.41,0.28,2167.71,84.36,93.29,66.83
R,0.25,299,25.75,-1.13,0.32,Brandon Marsh,9.93,669016,PHI,32.78,41.29,Changeup,CH,33.33,0.18,1715.95,79.04,87.8,77.55
R,0.22,296,37.5,-0.08,0.05,Brandon Marsh,9.83,669016,PHI,44.59,44.51,Sweeper,ST,40.13,0.21,2579,79.82,81.77,59.85
R,0.29,248,32.26,0.48,-0.87,Brandon Marsh,8.24,669016,PHI,42.74,42.96,Curveball,CU,25,0.33,2557.12,79.67,80.82,51.89
R,0.27,220,30.91,0.12,0.69,Brandon Marsh,7.31,669016,PHI,49.55,46.85,Cutter,FC,24.17,0.39,2401.64,80.33,90.33,62.39
R,0.2,142,20.42,-0.91,0.31,Brandon Marsh,4.72,669016,PHI,35.92,32.97,Split-Finger,FS,27.14,0.24,1463.42,81.41,86.86,78.43
R,0.09,51,29.41,0.53,-0.81,Brandon Marsh,1.69,669016,PHI,39.22,35.48,Knuckle Curve,KC,40.74,0.08,2466.45,74.26,83.75,80
R,0,30,0,0,0,Brandon Marsh,1,669016,PHI,0,0,Unknown,UNK,0,0,0,0,0,0
R,0.08,11,27.27,-0.44,-0.69,Brandon Marsh,0.37,669016,PHI,45.45,16.67,Slurve,SV,0,0,2707.82,72.87,82.34,40
R,0.51,4,0,-0.73,1.5,Brandon Marsh,0.13,669016,PHI,0,50,Eephus,EP,0,0,1163,80.1,48.3,0
R,0,2,0,-0.61,0.07,Brandon Marsh,0.07,669016,PHI,0,100,Forkball,FO,0,0,1183,0,79.5,0
R,0,2,0,0,0,Brandon Marsh,0.07,669016,PHI,100,0,Knuckleball,KN,0,0,205,73.3,77.4,100
R,0.26,78,30.77,-0.22,1.3,Bryan De La Cruz,30,650559,PHI,51.28,36.84,4-Seam Fastball,FF,25,0.52,2291.24,86.13,94.9,65
R,0.28,54,25.93,0.15,0.15,Bryan De La Cruz,20.77,650559,PHI,48.15,42.86,Slider,SL,15.62,0.2,2425.48,77.05,86.5,76.92
R,0.17,33,30.3,0.79,0.17,Bryan De La Cruz,12.69,650559,PHI,24.24,48,Changeup,CH,41.18,0.31,1710.61,81.86,83.63,62.5
R,0.36,33,39.39,0.03,0.06,Bryan De La Cruz,12.69,650559,PHI,42.42,42.11,Sweeper,ST,50,0.57,2549.09,82.23,83.13,71.43
R,0.19,21,28.57,-0.03,0.48,Bryan De La Cruz,8.08,650559,PHI,47.62,54.55,Cutter,FC,23.08,0,2397.76,83.88,88.85,70
R,0.59,21,14.29,-0.07,0.47,Bryan De La Cruz,8.08,650559,PHI,42.86,25,Sinker,SI,25,0,2280.29,89.96,94.04,100
R,0.42,14,7.14,-0.43,-0.99,Bryan De La Cruz,5.38,650559,PHI,64.29,40,Curveball,CU,0,0.43,2650.21,78.26,78.01,88.89
R,0,4,0,-0.13,1.08,Bryan De La Cruz,1.54,650559,PHI,50,0,Split-Finger,FS,0,0,1277.5,74.6,87.85,100
R,0,2,100,0.45,-0.65,Bryan De La Cruz,0.77,650559,PHI,100,0,Knuckle Curve,KC,0,0,2437,0,85.5,0
R,0.48,805,22.86,-0.2,1.31,Bryce Harper,22.66,547180,PHI,47.7,20.43,4-Seam Fastball,FF,26.84,0.28,2347.37,87.43,95.26,76.56
R,0.38,610,20.98,0.2,0.6,Bryce Harper,17.17,547180,PHI,49.02,25.72,Sinker,SI,12.06,0.3,2170.96,83.45,93.3,67.56
R,0.4,549,32.06,0,0.06,Bryce Harper,15.45,547180,PHI,37.89,36.66,Slider,SL,45.36,0.17,2492.2,85.46,86.2,74.52
R,0.39,334,17.96,-0.78,0.27,Bryce Harper,9.4,547180,PHI,31.44,36.68,Changeup,CH,24.55,0.27,1704.75,81.83,86.97,79.05
R,0.27,328,23.17,0.16,-0.79,Bryce Harper,9.23,547180,PHI,38.72,38.81,Curveball,CU,26.9,0.25,2585.62,79.76,81.76,73.23
R,0.32,320,26.56,-0.45,0.04,Bryce Harper,9.01,547180,PHI,35.31,42.51,Sweeper,ST,34.5,0.27,2582.09,81.3,81.53,73.45
R,0.39,257,27.24,0.04,0.68,Bryce Harper,7.23,547180,PHI,45.91,30.94,Cutter,FC,26.09,0.21,2433.05,84.41,90.53,61.02
R,0.19,208,26.44,-0.89,0.37,Bryce Harper,5.85,547180,PHI,37.02,37.4,Split-Finger,FS,31.37,0.16,1495.45,82.91,86.86,68.83
R,0.43,73,35.62,0.54,-0.91,Bryce Harper,2.05,547180,PHI,27.4,37.74,Knuckle Curve,KC,50,0.33,2449.62,78.16,83.82,40
R,0.49,31,12.9,-0.78,-0.63,Bryce Harper,0.87,547180,PHI,48.39,56.25,Slurve,SV,16.67,0.43,2692.94,86.8,83.15,100
R,0,25,0,0,0,Bryce Harper,0.7,547180,PHI,0,0,Unknown,UNK,0,0,0,0,0,0
R,0.51,10,30,-0.77,0.09,Bryce Harper,0.28,547180,PHI,30,42.86,Forkball,FO,50,0.33,1166.9,102.33,83.77,100
R,0.54,3,33.33,-0.68,-0.49,Bryce Harper,0.08,547180,PHI,66.67,0,Knuckleball,KN,0,0,359.67,65.9,80.57,50
R,0.37,1217,32.54,-0.44,1.32,Bryson Stott,36.81,681082,PHI,52.34,25.34,4-Seam Fastball,FF,17.71,0.28,2312.83,84.7,94.84,52.28
R,0.39,500,35.2,-0.32,0.54,Bryson Stott,15.12,681082,PHI,55.4,26.01,Sinker,SI,10.81,0.29,2183.1,82.77,93.42,45.85
R,0.3,366,26.23,0.01,0.17,Bryson Stott,11.07,681082,PHI,44.54,42.36,Slider,SL,22.22,0.32,2490.69,81.16,86.27,68.71
R,0.36,323,16.41,-1.09,0.31,Bryson Stott,9.77,681082,PHI,30.96,29.15,Changeup,CH,15.67,0.28,1721.32,81.84,87.1,69
R,0.24,246,23.58,0.48,-0.8,Bryson Stott,7.44,681082,PHI,35.77,36.08,Curveball,CU,8.25,0.14,2565.58,84.37,81.06,45.45
R,0.26,214,28.5,-0.12,0.01,Bryson Stott,6.47,681082,PHI,44.39,38.66,Sweeper,ST,20.2,0.2,2656.42,79.69,81.6,55.79
R,0.27,197,34.52,0.07,0.7,Bryson Stott,5.96,681082,PHI,57.87,28.92,Cutter,FC,16.28,0.28,2435.42,86.3,90.07,54.39
R,0.32,152,17.11,-0.94,0.42,Bryson Stott,4.6,681082,PHI,42.11,40.91,Split-Finger,FS,11.39,0.15,1428.79,78.77,86.76,67.19
R,0.24,50,40,0.6,-0.8,Bryson Stott,1.51,681082,PHI,52,58.33,Knuckle Curve,KC,13.04,0.14,2539.14,91.99,84.01,34.62
R,0.44,18,38.89,-0.26,-0.52,Bryson Stott,0.54,681082,PHI,22.22,28.57,Slurve,SV,50,0.4,2733.17,103.63,83.33,50
R,0,8,0,0.07,1.54,Bryson Stott,0.24,681082,PHI,25,66.67,Eephus,EP,0,0,1218.25,99.2,49.72,100
R,0,8,25,-0.59,0.17,Bryson Stott,0.24,681082,PHI,25,33.33,Forkball,FO,50,0,1116.25,0,82.02,100
R,0.03,6,0,-0.31,1.34,Bryson Stott,0.18,681082,PHI,33.33,50,Other,FA,0,0,1316.33,80,56.13,100
R,0,1,0,0,0,Bryson Stott,0.03,681082,PHI,0,0,Unknown,UNK,0,0,0,0,0,0
R,0.36,311,29.26,0.01,1.33,Derek Hill,29.76,656537,PHI,47.91,24.07,4-Seam Fastball,FF,26.52,0.29,2299.93,83.56,93.89,62.42
R,0.19,180,34.44,0.07,0.61,Derek Hill,17.22,656537,PHI,60.56,35.21,Sinker,SI,24.49,0.12,2202.39,78.93,94.41,66.97
R,0.34,150,27.33,0.03,0.12,Derek Hill,14.35,656537,PHI,40,51.11,Slider,SL,31.58,0.29,2432.97,82.21,85.98,81.67
R,0.39,130,23.85,0.78,0.38,Derek Hill,12.44,656537,PHI,33.85,29.07,Changeup,CH,38.46,0.25,1724.55,82.02,83.9,90.91
R,0.23,83,33.73,0.19,0.03,Derek Hill,7.94,656537,PHI,50.6,26.83,Sweeper,ST,29.27,0.21,2628.94,72.97,82.52,71.43
R,0.16,76,31.58,-0.1,0.63,Derek Hill,7.27,656537,PHI,63.16,35.71,Cutter,FC,28.89,0.16,2348.74,78.56,88.75,72.92
R,0.06,68,50,-0.31,-0.82,Derek Hill,6.51,656537,PHI,39.71,58.54,Curveball,CU,55.26,0.12,2761.38,74.34,81.19,51.85
R,0.14,17,11.76,-0.48,0.49,Derek Hill,1.63,656537,PHI,41.18,10,Split-Finger,FS,14.29,0,1470.94,62.17,83.42,85.71
R,0.58,15,53.33,-0.01,-0.7,Derek Hill,1.44,656537,PHI,40,55.56,Knuckle Curve,KC,66.67,0.2,2353.67,100.3,84.31,66.67
R,0,7,42.86,-0.75,0.17,Derek Hill,0.67,656537,PHI,42.86,25,Forkball,FO,75,0,1164.29,0,83.66,100
R,0,4,0,-0.57,0.96,Derek Hill,0.38,656537,PHI,0,0,Pitch Out,PO,0,0,2338,0,91.65,0
R,0.31,4,25,-0.09,-0.29,Derek Hill,0.38,656537,PHI,50,0,Slurve,SV,0,1,2379.5,89.6,84.25,50
R,0.46,330,23.94,0.15,1.27,Edmundo Sosa,26.96,624641,PHI,52.73,39.1,4-Seam Fastball,FF,18.56,0.43,2338.78,83.15,94.63,76.44
R,0.25,233,27.04,-0.54,0.67,Edmundo Sosa,19.04,624641,PHI,55.79,51.46,Sinker,SI,9.09,0.1,2186.99,79.72,94.23,60.77
R,0.28,182,34.07,0.07,0.12,Edmundo Sosa,14.87,624641,PHI,40.66,61.11,Slider,SL,36.52,0.14,2471.64,79.3,87.09,66.22
R,0.29,165,27.88,0.67,0.24,Edmundo Sosa,13.48,624641,PHI,27.88,63.87,Changeup,CH,34.48,0.24,1777.78,81.27,85.51,86.96
R,0.38,129,20.93,0.1,0,Edmundo Sosa,10.54,624641,PHI,34.88,55.95,Sweeper,ST,18.99,0.28,2651.22,77.9,81.51,71.11
R,0.21,81,30.86,0,0.6,Edmundo Sosa,6.62,624641,PHI,45.68,54.55,Cutter,FC,28.57,0.06,2340.09,79.57,89.2,86.49
R,0.34,72,30.56,-0.65,-0.95,Edmundo Sosa,5.88,624641,PHI,40.28,41.86,Curveball,CU,39.47,0.33,2616.17,87.04,80.04,68.97
R,0.05,17,70.59,0.46,0.49,Edmundo Sosa,1.39,624641,PHI,29.41,100,Split-Finger,FS,66.67,0,1189.93,86.86,84.72,60
R,0.14,9,22.22,-0.02,-0.68,Edmundo Sosa,0.74,624641,PHI,22.22,57.14,Knuckle Curve,KC,33.33,0,2386.89,92.5,80.2,100
R,0.36,4,75,-1.17,-0.28,Edmundo Sosa,0.33,624641,PHI,50,0,Slurve,SV,0,0,2493,0,82.35,0
R,0,2,0,0.68,0.98,Edmundo Sosa,0.16,624641,PHI,0,0,Unknown,UNK,0,0,856,0,63.1,0
R,0.29,101,11.88,-0.46,1.23,Garrett Stubbs,33.11,596117,PHI,47.52,30.19,4-Seam Fastball,FF,5.56,0,2302.41,76.53,94.58,79.17
R,0.24,57,28.07,-0.77,0.64,Garrett Stubbs,18.69,596117,PHI,56.14,20,Sinker,SI,0,0.05,2255.93,86.5,95,50
R,0.13,33,51.52,0.22,-0.7,Garrett Stubbs,10.82,596117,PHI,27.27,54.17,Curveball,CU,72.22,0,2609.03,75.1,81.67,55.56
R,0.3,32,12.5,0.11,-0.1,Garrett Stubbs,10.49,596117,PHI,25,45.83,Slider,SL,21.05,0.56,2596.94,78.1,85.97,100
R,0.13,23,17.39,-0.02,0.08,Garrett Stubbs,7.54,596117,PHI,47.83,58.33,Sweeper,ST,20,0.29,2723.3,83.9,81.71,72.73
R,0.19,21,14.29,-1.29,0.34,Garrett Stubbs,6.89,596117,PHI,38.1,61.54,Changeup,CH,18.75,0,1759.57,67.99,89.9,100
R,0.34,19,26.32,0.11,0.58,Garrett Stubbs,6.23,596117,PHI,57.89,62.5,Cutter,FC,8.33,1,2349.68,85.61,90.32,63.64
R,0,11,36.36,-1.18,0.24,Garrett Stubbs,3.61,596117,PHI,45.45,16.67,Split-Finger,FS,33.33,0,1539.91,0,86.98,40
R,0,7,28.57,0.79,-1.21,Garrett Stubbs,2.3,596117,PHI,14.29,33.33,Knuckle Curve,KC,66.67,0,2637.86,0,80.41,100
R,0,1,0,-0.08,-0.18,Garrett Stubbs,0.33,596117,PHI,0,0,Knuckleball,KN,0,0,216,0,77.3,0
R,0.29,681,24.52,-0.22,1.33,J.T. Realmuto,28.88,592663,PHI,50.07,36.18,4-Seam Fastball,FF,19.46,0.2,2318.8,84.78,95.06,72.43
R,0.39,461,24.51,-0.78,0.69,J.T. Realmuto,19.55,592663,PHI,57.27,24.87,Sinker,SI,9.87,0.22,2184.62,86.02,94.13,65.91
R,0.37,378,31.22,0.21,0.15,J.T. Realmuto,16.03,592663,PHI,43.92,26.42,Slider,SL,28.19,0.3,2420.46,83.83,87.14,56.02
R,0.23,224,33.48,0.73,0.07,J.T. Realmuto,9.5,592663,PHI,44.2,23.2,Sweeper,ST,24.66,0.18,2531.71,79.88,82.69,44.44
R,0.3,192,27.6,-0.05,0.37,J.T. Realmuto,8.14,592663,PHI,45.83,32.69,Changeup,CH,36.36,0.22,1744.53,82.08,85.7,86.36
R,0.32,156,30.77,0.16,0.66,J.T. Realmuto,6.62,592663,PHI,44.87,22.09,Cutter,FC,36.92,0.2,2353.71,86.13,89.34,65.71
R,0.23,108,37.04,-0.03,-0.79,J.T. Realmuto,4.58,592663,PHI,40.74,31.25,Curveball,CU,35.56,0.25,2638.89,78.57,81.18,56.82
R,0.27,87,24.14,-0.58,0.37,J.T. Realmuto,3.69,592663,PHI,28.74,46.77,Split-Finger,FS,24,0.11,1342.15,77.74,86.55,84
R,0.37,42,47.62,0.57,-0.86,J.T. Realmuto,1.78,592663,PHI,54.76,5.26,Knuckle Curve,KC,33.33,0,2571.17,78.85,83.93,21.74
R,0.23,13,38.46,-0.83,0.2,J.T. Realmuto,0.55,592663,PHI,38.46,62.5,Forkball,FO,57.14,0,1259.31,64.4,83.02,40
R,0.18,12,33.33,-0.57,-0.42,J.T. Realmuto,0.51,592663,PHI,66.67,75,Slurve,SV,37.5,0,2670.42,85.92,84.77,62.5
R,0,2,0,-0.61,0.09,J.T. Realmuto,0.08,592663,PHI,0,0,Knuckleball,KN,0,0,223,0,77.9,0
R,0,2,0,0,0,J.T. Realmuto,0.08,592663,PHI,0,0,Unknown,UNK,0,0,0,0,0,0
R,0.31,918,24.07,-0.56,1.3,Justin Crawford,40.21,702222,PHI,56.54,26.32,4-Seam Fastball,FF,15.73,0.32,2333.99,82.53,95.04,72.83
R,0.31,394,24.37,-0.44,0.54,Justin Crawford,17.26,702222,PHI,54.57,34.64,Sinker,SI,6.28,0.32,2192.66,81.59,94.25,60
R,0.28,231,19.91,0.15,0.12,Justin Crawford,10.12,702222,PHI,46.32,46.77,Slider,SL,7.14,0.23,2421.65,81.69,86.08,63.55
R,0.29,196,16.33,-1.12,0.36,Justin Crawford,8.59,702222,PHI,33.16,44.27,Changeup,CH,16.96,0.21,1755.77,76.38,86.79,83.08
R,0.24,154,32.47,0.64,-0.78,Justin Crawford,6.75,702222,PHI,44.81,45.88,Curveball,CU,23.29,0.25,2620.96,84.44,81.39,49.28
R,0.24,147,22.45,0.11,0.69,Justin Crawford,6.44,702222,PHI,44.9,44.44,Cutter,FC,21.59,0.19,2416.19,81.21,90.52,78.79
R,0.25,131,31.3,0.27,0.06,Justin Crawford,5.74,702222,PHI,45.04,52.78,Sweeper,ST,19.74,0.28,2642.61,77.45,82.57,64.41
R,0.24,77,10.39,-1.05,0.2,Justin Crawford,3.37,702222,PHI,44.16,39.53,Split-Finger,FS,12.24,0.17,1465.16,80.55,87.11,94.12
R,0.3,30,16.67,0.52,-0.9,Justin Crawford,1.31,702222,PHI,40,27.78,Knuckle Curve,KC,23.53,0.3,2454.77,85.48,82.83,100
R,0.71,4,0,-0.17,-0.55,Justin Crawford,0.18,702222,PHI,50,0,Slurve,SV,0,0,2727.75,71.3,84.3,100
R,0,1,0,-0.37,0.16,Justin Crawford,0.04,702222,PHI,0,0,Forkball,FO,0,0,1015,0,85.8,0
R,0.37,899,27.25,-0.28,1.33,Kyle Schwarber,23.52,656941,PHI,53.06,25.12,4-Seam Fastball,FF,23.09,0.26,2339.63,88.38,95.11,68.55
R,0.34,725,28.83,0,0.1,Kyle Schwarber,18.96,656941,PHI,44.55,29.35,Slider,SL,34.48,0.21,2477.26,85.78,86.46,71.21
R,0.53,505,26.53,0.39,0.58,Kyle Schwarber,13.21,656941,PHI,53.66,18.38,Sinker,SI,14.98,0.37,2168.52,86.27,93.73,60.52
R,0.23,385,37.14,-0.02,0,Kyle Schwarber,10.07,656941,PHI,39.74,30.17,Sweeper,ST,49.71,0.1,2575.9,82.36,82.04,66.01
R,0.35,372,27.96,-0.8,0.28,Kyle Schwarber,9.73,656941,PHI,34.68,25.51,Changeup,CH,40.79,0.19,1705.87,87.71,87.2,69.77
R,0.3,330,29.09,0.28,-0.85,Kyle Schwarber,8.63,656941,PHI,36.67,29.67,Curveball,CU,38.69,0.19,2583.31,83.28,81.51,61.98
R,0.47,292,25.34,0.02,0.68,Kyle Schwarber,7.64,656941,PHI,44.86,20.5,Cutter,FC,28.12,0.35,2385.44,89.02,90.01,72.52
R,0.37,157,23.57,-0.82,0.32,Kyle Schwarber,4.11,656941,PHI,35.03,25.49,Split-Finger,FS,33.82,0.32,1364.21,82.82,86.89,76.36
R,0.49,64,35.94,0.46,-0.87,Kyle Schwarber,1.67,656941,PHI,32.81,25.58,Knuckle Curve,KC,47.37,0.42,2473.27,102.46,83.12,38.1
R,0.7,46,0,0,0,Kyle Schwarber,1.2,656941,PHI,0,0,Unknown,UNK,0,0,0,0,0,0
R,0.36,27,40.74,-0.87,-0.51,Kyle Schwarber,0.71,656941,PHI,44.44,26.67,Slurve,SV,37.5,0.29,2607.33,98.02,83.81,33.33
R,0.7,15,13.33,-0.89,0.19,Kyle Schwarber,0.39,656941,PHI,40,44.44,Forkball,FO,20,0,1253.87,77.08,83.41,100
R,0,4,50,-0.07,-0.25,Kyle Schwarber,0.1,656941,PHI,25,33.33,Knuckleball,KN,100,0,312.25,0,80.45,100
R,0,2,0,0.92,-1.28,Kyle Schwarber,0.05,656941,PHI,0,0,Slow Curve,CS,0,0,2410,0,72.5,0
R,0.32,1185,26.33,-0.36,1.3,Luis Arraez,36.71,650333,PHI,54.77,36.01,4-Seam Fastball,FF,7.69,0.34,2301.92,83.88,94.29,62.4
R,0.3,662,21.15,-0.08,0.57,Luis Arraez,20.51,650333,PHI,55.14,30.64,Sinker,SI,3.33,0.32,2186.38,81.51,92.95,65.48
R,0.32,424,24.06,0.05,0.18,Luis Arraez,13.14,650333,PHI,50.94,37.02,Slider,SL,10.28,0.29,2403.69,80.99,86.38,63.43
R,0.25,255,11.37,-0.89,0.35,Luis Arraez,7.9,650333,PHI,40.39,39.47,Changeup,CH,5.3,0.21,1788.46,79.79,86.17,69.9
R,0.42,238,27.73,0.09,0.75,Luis Arraez,7.37,650333,PHI,52.52,23.01,Cutter,FC,6.32,0.33,2418.42,80.77,89.91,55.2
R,0.29,160,13.12,-0.13,0.06,Luis Arraez,4.96,650333,PHI,41.25,28.72,Sweeper,ST,6.49,0.32,2578.85,76.77,82.6,75.76
R,0.29,135,13.33,0.41,-0.8,Luis Arraez,4.18,650333,PHI,45.19,18.92,Curveball,CU,3.45,0.43,2639.33,83.98,79.66,72.13
R,0.38,81,9.88,-0.93,0.3,Luis Arraez,2.51,650333,PHI,35.8,38.46,Split-Finger,FS,10.87,0.37,1449.79,78.41,87.25,89.66
R,0.32,40,30,0.65,-0.53,Luis Arraez,1.24,650333,PHI,37.5,60,Knuckle Curve,KC,5.26,0.5,2441.68,78.94,83.43,26.67
R,0,25,0,0,0,Luis Arraez,0.77,650333,PHI,0,0,Unknown,UNK,0,0,0,0,0,0
R,0.48,8,25,-0.43,-0.65,Luis Arraez,0.25,650333,PHI,25,16.67,Slurve,SV,33.33,0.5,2625.38,77.65,81.89,100
R,0,4,0,-0.7,0.26,Luis Arraez,0.12,650333,PHI,0,0,Forkball,FO,0,0,1242.5,0,84.7,0
R,0.1,4,0,-0.52,1.4,Luis Arraez,0.12,650333,PHI,100,0,Other,FA,0,0,1438.5,79.25,58.5,100
R,0,3,0,0.51,-0.55,Luis Arraez,0.09,650333,PHI,0,0,Slow Curve,CS,0,0,2036.33,0,64.37,0
R,0,2,0,0.43,1.16,Luis Arraez,0.06,650333,PHI,100,0,Eephus,EP,0,0,1344,70.5,56.7,100
R,0,2,0,-0.76,1.3,Luis Arraez,0.06,650333,PHI,0,0,Pitch Out,PO,0,0,2237,0,89.4,0
R,0.34,900,29,-0.13,1.33,Trea Turner,26.91,607208,PHI,53.44,28.88,4-Seam Fastball,FF,20.05,0.31,2319.56,84.62,94.82,64.03
R,0.35,583,21.61,-0.64,0.67,Trea Turner,17.43,607208,PHI,55.4,37.31,Sinker,SI,11.66,0.25,2208.15,88.79,94.24,70.9
R,0.23,576,29.51,0.07,0.17,Trea Turner,17.22,607208,PHI,45.66,35.46,Slider,SL,31.67,0.17,2423.11,80.93,85.67,71.86
R,0.18,375,30.67,0.75,0.09,Trea Turner,11.21,607208,PHI,38.4,35.06,Sweeper,ST,37.79,0.17,2568.69,79.64,83.17,63.19
R,0.28,275,26.18,0.27,0.36,Trea Turner,8.22,607208,PHI,32.36,40.32,Changeup,CH,31.85,0.24,1679.56,79.92,85.87,67.42
R,0.29,251,32.67,0.05,0.66,Trea Turner,7.51,607208,PHI,52.99,37.29,Cutter,FC,27.69,0.18,2349.45,79.11,89.52,64.66
R,0.29,196,22.45,0.07,-0.82,Trea Turner,5.86,607208,PHI,45.92,21.7,Curveball,CU,26.8,0.26,2563.24,84.54,80.92,82.22
R,0.21,83,32.53,-0.36,0.26,Trea Turner,2.48,607208,PHI,33.73,47.27,Split-Finger,FS,43.75,0.29,1264.42,77.96,86.22,78.57
R,0.39,76,30.26,0.3,-0.75,Trea Turner,2.27,607208,PHI,38.16,34.04,Knuckle Curve,KC,43.59,0.5,2427.18,74,85.37,79.31
R,0.46,14,28.57,-0.22,-0.52,Trea Turner,0.42,607208,PHI,50,14.29,Slurve,SV,16.67,0.33,2488.86,80.3,81.73,71.43
R,0.09,8,12.5,-0.65,0.07,Trea Turner,0.24,607208,PHI,37.5,0,Forkball,FO,33.33,0,1131.5,92.9,83.38,100
R,0,4,0,0,0,Trea Turner,0.12,607208,PHI,0,0,Unknown,UNK,0,0,0,0,0,0
R,0,2,0,-0.21,0,Trea Turner,0.06,607208,PHI,0,0,Slow Curve,CS,0,0,1618,0,57.7,0
R,0,1,0,0.22,-0.7,Trea Turner,0.03,607208,PHI,100,0,Knuckleball,KN,0,0,337,80.7,78.1,100
R,0.3,516,30.81,-0.2,1.35,,30.6,666969,PHI,50,25.19,4-Seam Fastball,FF,29.74,0.25,2327.37,84.63,94.75,64.73
R,0.33,320,32.5,-0.8,0.63,,18.98,666969,PHI,51.25,21.15,Sinker,SI,14.53,0.17,2176.38,87.6,94.08,51.22
R,0.26,269,33.83,0.16,0.04,,15.95,666969,PHI,40.52,37.5,Slider,SL,36.72,0.23,2533.38,87.21,86.47,62.39
L,0.19,235,22.13,-0.49,1.32,,44.26,665561,PHI,57.45,22,4-Seam Fastball,FF,8.55,0.07,2338.22,81.89,94.4,70.37
L,0.22,213,28.17,-0.68,1.31,,36.1,687282,PHI,57.28,41.76,4-Seam Fastball,FF,21.14,0.14,2373.43,84.19,96.31,69.67
R,0.21,179,28.49,0.82,0.1,,10.62,666969,PHI,38.55,36.36,Sweeper,ST,32.18,0.12,2573.89,80.91,83.99,68.12
R,0.18,134,30.6,0.25,0.46,,7.95,666969,PHI,42.54,29.87,Changeup,CH,39.68,0.14,1758.49,83.93,85.36,70.18
R,0.43,98,35.71,0.13,0.74,,5.81,666969,PHI,62.24,13.51,Cutter,FC,27.91,0.25,2408.94,80.01,90.34,62.3
R,0.41,82,26.83,-0.74,0.39,,4.86,666969,PHI,48.78,30.95,Split-Finger,FS,32.61,0.33,1492.29,87.37,85.47,82.5
L,0.22,78,37.18,0.03,0.08,,14.69,665561,PHI,43.59,47.73,Slider,SL,36.59,0,2460.59,83.24,86.27,58.82
L,0.29,77,28.57,-1.2,0.35,,13.05,687282,PHI,46.75,51.22,Changeup,CH,28.57,0.28,1795.82,84.55,85.72,77.78
R,0.38,71,39.44,0.25,-0.88,,4.21,666969,PHI,36.62,44.44,Curveball,CU,53.85,0.28,2529.85,88.68,80.59,73.08
L,0.29,65,27.69,-0.99,0.64,,11.02,687282,PHI,52.31,35.48,Sinker,SI,0,0.38,2229.74,79.51,93.6,47.06
L,0.21,62,24.19,0.19,0.2,,10.51,687282,PHI,46.77,42.42,Slider,SL,30.56,0.33,2509.21,82.59,87.79,75.86
L,0.02,59,38.98,0.65,-0.83,,10,687282,PHI,42.37,52.94,Curveball,CU,40,0,2592.78,85.45,82.08,48
L,0.06,58,24.14,-0.31,0.03,,10.92,665561,PHI,37.93,44.44,Changeup,CH,25.81,0,1672.72,80.93,86.17,68.18
L,0.35,51,35.29,0.6,0.22,,8.64,687282,PHI,52.94,54.17,Sweeper,ST,41.18,0.17,2526.82,85.88,82.76,77.78
R,0.33,48,20.83,0.53,1.36,,28.57,805249,PHI,45.83,23.08,4-Seam Fastball,FF,25,0.12,2232.46,74.74,93.78,63.64
R,0.33,47,23.4,0.69,1.29,,42.73,664238,PHI,46.81,32,4-Seam Fastball,FF,18.18,0,2292.68,77.71,93.43,63.64
L,0.37,39,25.64,-0.48,0.52,,7.34,665561,PHI,53.85,22.22,Sinker,SI,5.88,0.25,2252.08,82.09,94.85,61.9
L,0.34,35,42.86,0.1,-0.89,,6.59,665561,PHI,45.71,31.58,Curveball,CU,0,0.38,2630.66,88.17,81.06,12.5
L,0.1,32,12.5,-0.05,0.65,,6.03,665561,PHI,59.38,23.08,Cutter,FC,5,0,2328.72,74.19,89.36,89.47
R,0.4,32,15.62,0.71,1.24,,21.77,694025,PHI,56.25,50,4-Seam Fastball,FF,9.09,0.4,2342.03,90.52,92.75,83.33
R,0.1,30,16.67,0.94,0.3,,17.86,805249,PHI,36.67,31.58,Changeup,CH,25,0,1788.03,73.56,84.61,90.91
L,0.39,29,17.24,0.15,0.67,,4.92,687282,PHI,48.28,26.67,Cutter,FC,18.75,0.2,2425.28,87.71,91.8,85.71
R,0.12,28,42.86,-1.33,0.73,,19.05,694025,PHI,39.29,76.47,Sinker,SI,18.75,0,2133.32,72.68,95.34,27.27
L,0.41,27,22.22,-0.22,0.22,,5.08,665561,PHI,62.96,30,Sweeper,ST,12.5,0,2739.78,69.07,81.87,76.47
R,0.09,27,29.63,-0.55,-0.24,,18.37,694025,PHI,40.74,62.5,Slider,SL,27.78,0,2474.78,84.56,82.91,72.73
R,0.27,25,44,1.08,0.41,,17.01,694025,PHI,20,45,Changeup,CH,41.67,0,1642.64,75.48,85.41,60
R,0.1,23,26.09,0.47,0.5,,13.69,805249,PHI,43.48,23.08,Sinker,SI,18.18,0,2272.74,72.19,94.8,80
L,0.02,22,40.91,-1,0.33,,3.73,687282,PHI,4.55,42.86,Split-Finger,FS,90,0,1375.18,94,85,100
L,0.17,20,25,-0.73,0.25,,3.77,665561,PHI,15,64.71,Split-Finger,FS,28.57,0.22,1482.85,75.83,85.88,100
R,0.15,20,40,-0.21,0,,43.48,672642,PHI,80,100,Slider,SL,14.29,0,2473.8,80.18,87.01,62.5
R,0.45,20,45,-0.38,0.03,,11.9,805249,PHI,50,30,Slider,SL,42.86,0.4,2477.4,86.15,85.12,40
R,0.08,19,31.58,-0.45,0.01,,17.27,664238,PHI,36.84,16.67,Slider,SL,40,0,2390.95,90.1,83.67,42.86
R,0.44,18,22.22,0.45,1.26,,39.13,672642,PHI,66.67,33.33,4-Seam Fastball,FF,0,0.5,2373.33,74.88,95.49,66.67
R,0.02,15,40,0.61,-0.23,,10.2,694025,PHI,33.33,40,Sweeper,ST,50,0,2468.2,82.35,84.55,40
R,0.24,15,53.33,-0.39,0.65,,8.93,805249,PHI,46.67,50,Cutter,FC,57.14,0,2143.6,68,87.19,42.86
R,0.01,14,50,0.79,0.39,,8.33,805249,PHI,14.29,58.33,Split-Finger,FS,77.78,0,1256.57,84.6,84.35,100
R,0,12,33.33,1.05,0.42,,10.91,664238,PHI,58.33,40,Sinker,SI,16.67,0,2139.67,88.2,93.93,57.14
R,0,12,50,-0.32,-0.72,,7.14,805249,PHI,58.33,40,Curveball,CU,50,0,2522.17,69.53,79.05,57.14
R,0.06,11,18.18,0.14,-0.72,,0.65,666969,PHI,18.18,44.44,Knuckle Curve,KC,0,0,2433.91,66.6,81.51,0
R,0,9,22.22,-0.31,-0.85,,8.18,664238,PHI,22.22,28.57,Curveball,CU,50,0,2553.67,0,85.46,100
L,0,8,75,-1.43,-0.69,,1.36,687282,PHI,25,100,Slurve,SV,75,0,2671.5,81.9,85.68,100
R,0,7,42.86,0.1,0.7,,6.36,664238,PHI,57.14,33.33,Cutter,FC,33.33,0,2235.29,81.5,86.17,50
R,0.4,7,28.57,-0.09,-0.66,,4.76,694025,PHI,71.43,0,Knuckle Curve,KC,0,0,2323,84.57,81.11,60
R,0,6,16.67,1.16,0.56,,5.45,664238,PHI,33.33,25,Changeup,CH,33.33,0,1691.17,76.35,84.67,100
R,0.36,6,66.67,0.79,-0.72,,0.36,666969,PHI,66.67,100,Slurve,SV,60,0,2776.83,81.65,80.67,75
R,0,5,80,-1.22,0.34,,4.55,664238,PHI,20,100,Split-Finger,FS,80,0,1576.2,73.3,84.58,100
L,0.11,5,20,0.23,-0.5,,0.94,665561,PHI,20,25,Knuckle Curve,KC,50,0,2392.6,94.5,84.44,100
R,0.28,5,0,-0.03,0.49,,3.4,694025,PHI,60,50,Cutter,FC,0,0.33,2079.8,91.43,88.1,100
R,0,4,0,0.62,-0.23,,3.64,664238,PHI,0,0,Sweeper,ST,0,0,3052.5,0,87.55,0
R,0,4,50,0.98,0.32,,8.7,672642,PHI,0,0,Changeup,CH,0,0,1360,0,86.7,0
L,0,4,25,0.74,-0.84,,0.68,687282,PHI,25,33.33,Knuckle Curve,KC,0,0,2321.5,30.7,81.98,0
R,0.45,4,25,-0.38,-0.98,,2.72,694025,PHI,50,50,Curveball,CU,33.33,1,2322.75,95.1,80.5,100
R,0.24,4,25,0.34,0.58,,2.72,694025,PHI,25,33.33,Split-Finger,FS,50,0,1049.75,91.1,84.45,100
R,0.29,3,0,0.09,-0.64,,1.79,805249,PHI,66.67,0,Knuckle Curve,KC,0,0,2304,92.5,83.07,100
R,0,3,33.33,-0.44,-0.04,,1.79,805249,PHI,0,33.33,Sweeper,ST,100,0,2658.33,0,79.9,0
L,0.02,2,0,-0.74,-0.26,,0.38,665561,PHI,50,100,Slurve,SV,0,0,2194.5,76.3,81.45,100
R,0,2,0,0,0.52,,4.35,672642,PHI,0,100,Cutter,FC,0,0,2402,61.9,92.4,0
R,0,2,100,1.35,0.8,,4.35,672642,PHI,100,0,Sinker,SI,0,0,2207,0,95.2,0
R,0,1,0,-0.36,-1.01,,0.91,664238,PHI,0,0,Knuckle Curve,KC,0,0,2307,0,78.7,0
R,0.4,865,29.83,-0.38,1.3,Brandon Lowe,25.37,664040,PIT,49.94,22.86,4-Seam Fastball,FF,26.75,0.25,2353.96,85.54,95.3,66.2
R,0.25,531,31.07,0.07,0.13,Brandon Lowe,15.57,664040,PIT,41.62,48.71,Slider,SL,38.97,0.21,2444.83,83.57,86.19,81.45
R,0.33,481,29.94,0.08,0.59,Brandon Lowe,14.11,664040,PIT,52.39,22.71,Sinker,SI,18.45,0.26,2196.31,86.71,93.63,61.11
R,0.34,409,24.45,-0.9,0.33,Brandon Lowe,11.99,664040,PIT,33.25,36.63,Changeup,CH,39.82,0.24,1788.21,81.51,86.8,88.97
R,0.2,388,34.02,-0.03,0.06,Brandon Lowe,11.38,664040,PIT,39.95,34.33,Sweeper,ST,40.76,0.07,2640.31,80.7,82.64,67.1
R,0.34,308,30.19,0.06,0.7,Brandon Lowe,9.03,664040,PIT,53.57,41.96,Cutter,FC,27.59,0.36,2403.78,83.11,89.97,69.09
R,0.34,192,32.81,0.47,-0.9,Brandon Lowe,5.63,664040,PIT,43.23,33.03,Curveball,CU,31.4,0.35,2667.34,89.31,79.58,60.24
R,0.23,101,30.69,-0.9,0.28,Brandon Lowe,2.96,664040,PIT,37.62,42.86,Split-Finger,FS,46.03,0.23,1427.12,76.8,87,94.74
R,0.27,87,35.63,0.62,-0.82,Brandon Lowe,2.55,664040,PIT,57.47,43.24,Knuckle Curve,KC,33.33,0.3,2553.05,81.21,82.36,70
R,0.54,24,37.5,-0.24,-0.31,Brandon Lowe,0.7,664040,PIT,25,27.78,Slurve,SV,75,0.67,2447.25,103.2,82.66,50
R,0.71,12,16.67,0.77,0.24,Brandon Lowe,0.35,664040,PIT,16.67,50,Eephus,EP,28.57,1,1283.25,86.22,49.27,100
R,0.63,9,0,-0.77,0.99,Brandon Lowe,0.26,664040,PIT,44.44,40,Other,FA,0,0.5,1422.33,98.07,58.02,100
R,0,2,0,0,0,Brandon Lowe,0.06,664040,PIT,0,0,Unknown,UNK,0,0,0,0,0,0
R,0,1,0,0.64,-0.7,Brandon Lowe,0.03,664040,PIT,0,0,Slow Curve,CS,0,0,2248,0,74.2,0
R,0.43,905,26.85,-0.25,1.3,Bryan Reynolds,25.72,668804,PIT,59.23,19.78,4-Seam Fastball,FF,16.7,0.34,2339.25,87.59,94.95,69.03
R,0.33,573,21.64,-0.11,0.34,Bryan Reynolds,16.29,668804,PIT,34.38,21.28,Changeup,CH,28.32,0.22,1785.6,80.83,86.27,74.11
R,0.4,485,28.87,-0.36,0.56,Bryan Reynolds,13.79,668804,PIT,55.05,13.3,Sinker,SI,17.2,0.31,2204.75,87.8,94.11,58.8
R,0.26,447,31.77,0.14,0.06,Bryan Reynolds,12.71,668804,PIT,43.85,31.87,Slider,SL,38.97,0.14,2463.82,83.83,86.64,67.86
R,0.36,348,25.86,0.05,0.65,Bryan Reynolds,9.89,668804,PIT,55.75,31.17,Cutter,FC,24.21,0.19,2390.47,80.71,90.11,73.2
R,0.37,326,25.46,0.35,-0.86,Bryan Reynolds,9.27,668804,PIT,35.28,32.23,Curveball,CU,35,0.3,2667.77,80.71,80.86,80
R,0.3,243,30.86,0.36,-0.04,Bryan Reynolds,6.91,668804,PIT,44.03,27.94,Sweeper,ST,34.55,0.27,2622.31,86.07,83.6,67.29
R,0.21,77,24.68,-0.64,0.4,Bryan Reynolds,2.19,668804,PIT,36.36,26.53,Split-Finger,FS,32.26,0.24,1436.48,80.03,86.69,64.29
R,0.19,72,29.17,0.54,-0.73,Bryan Reynolds,2.05,668804,PIT,45.83,35.9,Knuckle Curve,KC,35,0.25,2557.4,77.41,83.74,78.79
R,0,19,0,0,0,Bryan Reynolds,0.54,668804,PIT,0,0,Unknown,UNK,0,0,0,0,0,0
R,0.03,14,42.86,-0.17,-0.45,Bryan Reynolds,0.4,668804,PIT,42.86,37.5,Slurve,SV,50,0,2574.36,74.07,83.09,50
R,0.47,4,0,-0.63,0.71,Bryan Reynolds,0.11,668804,PIT,100,0,Other,FA,0,0,1252.5,79.65,59.2,100
R,0.07,3,0,-0.06,1.36,Bryan Reynolds,0.09,668804,PIT,33.33,50,Eephus,EP,0,0,1069,67.9,41.83,0
R,0,2,50,0.68,-0.74,Bryan Reynolds,0.06,668804,PIT,0,50,Slow Curve,CS,100,0,2313,0,75.35,0
R,0.37,328,23.48,-0.53,1.25,Endy Rodríguez,33.85,682848,PIT,55.79,17.24,4-Seam Fastball,FF,18.71,0.31,2323.67,86.19,95.17,71.04
R,0.25,131,19.08,-0.65,0.31,Endy Rodríguez,13.52,682848,PIT,40.46,20.51,Changeup,CH,27.12,0.2,1852.62,84.06,86.64,81.13
R,0.51,112,27.68,0.09,0.68,Endy Rodríguez,11.56,682848,PIT,53.57,19.23,Cutter,FC,15.56,0.47,2385.83,83.16,90.87,58.33
R,0.4,102,31.37,-0.28,0.47,Endy Rodríguez,10.53,682848,PIT,48.04,24.53,Sinker,SI,10.81,0.36,2150.34,88.72,93.77,48.98
R,0.28,91,37.36,0.9,0.04,Endy Rodríguez,9.39,682848,PIT,45.05,38,Sweeper,ST,33.33,0.22,2711.85,90.04,84.07,48.78
R,0.14,76,26.32,0.19,0.14,Endy Rodríguez,7.84,682848,PIT,40.79,55.56,Slider,SL,29.41,0.2,2452.34,83.34,86.89,83.87
R,0.24,67,46.27,0.18,-0.82,Endy Rodríguez,6.91,682848,PIT,53.73,25.81,Curveball,CU,33.33,0.17,2669.22,85.04,80.62,36.11
R,0.5,28,28.57,0.45,-0.54,Endy Rodríguez,2.89,682848,PIT,46.43,13.33,Knuckle Curve,KC,0,0,2460.11,80.96,82.42,38.46
R,0.13,28,42.86,-0.89,0.36,Endy Rodríguez,2.89,682848,PIT,35.71,50,Split-Finger,FS,53.33,0.25,1297.64,74.1,85.54,60
R,0,6,16.67,-0.67,-0.64,Endy Rodríguez,0.62,682848,PIT,16.67,20,Slurve,SV,0,0,2524.67,88.8,80.65,0
R,0.32,471,33.33,-0.16,1.28,Esmerlyn Valdez,28.15,699013,PIT,50.32,16.67,4-Seam Fastball,FF,40.47,0.26,2350.19,87.06,95.02,74.26
R,0.41,349,24.07,-0.65,0.63,Esmerlyn Valdez,20.86,699013,PIT,52.15,11.38,Sinker,SI,21.62,0.39,2207.85,83.86,94.4,70.88
R,0.26,190,32.63,0.53,-0.01,Esmerlyn Valdez,11.36,699013,PIT,39.47,20,Sweeper,ST,42.19,0.09,2594.97,78.66,81.91,54.67
R,0.21,178,32.58,0.51,0.39,Esmerlyn Valdez,10.64,699013,PIT,32.02,30.58,Changeup,CH,48.05,0.07,1910.96,83.25,85.04,70.18
R,0.45,165,27.27,0.18,0.15,Esmerlyn Valdez,9.86,699013,PIT,38.18,29.41,Slider,SL,23.08,0.29,2463.41,83.67,86.37,55.56
R,0.37,146,32.19,0.08,0.64,Esmerlyn Valdez,8.73,699013,PIT,57.53,16.13,Cutter,FC,25,0.27,2365.49,89.28,89.44,69.05
R,0.16,79,34.18,-0.04,-0.89,Esmerlyn Valdez,4.72,699013,PIT,58.23,18.18,Curveball,CU,34.48,0.17,2691.89,73.24,80.05,50
R,0.14,54,35.19,-0.2,0.45,Esmerlyn Valdez,3.23,699013,PIT,38.89,39.39,Split-Finger,FS,44.44,0,1228.22,75.22,85.33,66.67
R,0.46,22,31.82,0.67,-0.83,Esmerlyn Valdez,1.32,699013,PIT,27.27,37.5,Knuckle Curve,KC,33.33,0.17,2591.91,90.72,82.27,50
R,0.77,12,16.67,-0.61,1.34,Esmerlyn Valdez,0.72,699013,PIT,33.33,12.5,Other,FA,0,1,1386.58,81.82,56.44,75
R,0,5,40,-0.9,-0.32,Esmerlyn Valdez,0.3,699013,PIT,40,0,Slurve,SV,100,0,2157.4,0,80.66,100
R,0.61,2,50,-0.35,1.54,Esmerlyn Valdez,0.12,699013,PIT,0,50,Eephus,EP,0,1,934.5,97.9,37.3,0
R,0.24,412,26.46,-0.11,1.28,Henry Davis,27.6,680779,PIT,51.21,31.34,4-Seam Fastball,FF,25.55,0.14,2319.34,84.87,94.2,77.73
R,0.39,346,21.39,-0.85,0.68,Henry Davis,23.17,680779,PIT,56.07,21.05,Sinker,SI,10.53,0.2,2208.52,84.39,93.69,71.65
R,0.27,169,21.3,0.72,0.05,Henry Davis,11.32,680779,PIT,42.6,37.11,Sweeper,ST,19.28,0.19,2641.15,86.03,82.56,65.28
R,0.22,167,20.36,0.28,0.32,Henry Davis,11.19,680779,PIT,28.14,42.5,Changeup,CH,33.33,0.05,1826.54,84.7,85.43,89.36
R,0.29,157,28.03,0.18,0.21,Henry Davis,10.52,680779,PIT,43.95,38.64,Slider,SL,31.4,0.2,2422.98,80.02,87.27,75.36
R,0.34,95,16.84,0.13,0.67,Henry Davis,6.36,680779,PIT,50.53,36.17,Cutter,FC,14.04,0.33,2401.38,84.97,89.45,83.33
R,0.23,89,32.58,-0.07,-0.84,Henry Davis,5.96,680779,PIT,64.04,18.75,Curveball,CU,26.09,0.15,2566.79,83.44,79.4,70.18
R,0.88,28,14.29,-0.1,0.43,Henry Davis,1.88,680779,PIT,39.29,17.65,Split-Finger,FS,7.69,0.33,1317.93,84.33,84.4,90.91
R,0,12,33.33,0.25,-0.17,Henry Davis,0.8,680779,PIT,33.33,50,Knuckle Curve,KC,50,0,2400.67,86.05,86.38,100
R,0.08,6,0,-0.67,1.21,Henry Davis,0.4,680779,PIT,16.67,60,Other,FA,0,0,1550.67,69.9,64.8,100
R,0.7,6,16.67,0.72,-0.55,Henry Davis,0.4,680779,PIT,0,16.67,Slurve,SV,100,0,2807.33,0,80.65,0
R,0.76,5,0,0.06,1.61,Henry Davis,0.33,680779,PIT,20,75,Eephus,EP,0,0,1004.8,99.55,39.64,100
R,0,1,0,-0.86,-0.38,Henry Davis,0.07,680779,PIT,0,0,Knuckleball,KN,0,0,102,0,53.5,0
R,0.34,364,20.6,-0.52,1.27,Jacob Gonzalez,32.47,694378,PIT,53.02,34.5,4-Seam Fastball,FF,18.4,0.25,2320.18,83.05,95.34,79.27
R,0.27,157,21.66,-0.58,0.64,Jacob Gonzalez,14.01,694378,PIT,57.32,28.36,Sinker,SI,10.98,0.18,2193.23,83.56,94.23,70
R,0.22,126,15.08,-1.19,0.39,Jacob Gonzalez,11.24,694378,PIT,42.86,48.61,Changeup,CH,14.63,0.21,1879.48,76.95,86.75,87.04
R,0.15,114,28.95,0.19,0.65,Jacob Gonzalez,10.17,694378,PIT,64.04,39.02,Cutter,FC,11.29,0,2403.1,74.34,90.4,63.01
R,0.32,93,20.43,0,0.09,Jacob Gonzalez,8.3,694378,PIT,46.24,42,Slider,SL,17.65,0.3,2500.42,80.94,85.7,69.77
R,0.41,84,30.95,0.47,-0.97,Jacob Gonzalez,7.49,694378,PIT,42.86,47.92,Curveball,CU,24.44,0.46,2714.12,76.63,80.74,61.11
R,0.24,78,20.51,-0.73,0.22,Jacob Gonzalez,6.96,694378,PIT,48.72,30,Split-Finger,FS,27.66,0.08,1255.6,83.82,87.95,92.11
R,0.31,46,13.04,-0.16,0.21,Jacob Gonzalez,4.1,694378,PIT,41.3,51.85,Sweeper,ST,6.9,0.08,2628.5,74.28,82.33,78.95
R,0.13,37,16.22,0.87,-0.73,Jacob Gonzalez,3.3,694378,PIT,35.14,50,Knuckle Curve,KC,13.64,0,2796.76,84.78,81.36,76.92
R,0,17,0,0,0,Jacob Gonzalez,1.52,694378,PIT,0,47.06,Unknown,UNK,0,0,0,0,0,0
R,2.01,4,0,-0.75,0.78,Jacob Gonzalez,0.36,694378,PIT,50,0,Other,FA,0,1,1219.5,108.6,58.6,100
R,0.12,1,0,-0.19,1.48,Jacob Gonzalez,0.09,694378,PIT,100,0,Eephus,EP,0,0,879,74.8,36.8,100
R,0.3,869,24.74,-0.3,1.26,Jake Mangum,37.46,663968,PIT,52.24,40.48,4-Seam Fastball,FF,17.28,0.29,2347.17,81.12,94.7,70.04
R,0.22,298,16.11,-0.47,0.34,Jake Mangum,12.84,663968,PIT,31.54,49.02,Changeup,CH,20.22,0.26,1718.61,71.98,86.2,88.3
R,0.27,280,20.71,-0.38,0.6,Jake Mangum,12.07,663968,PIT,58.57,26.72,Sinker,SI,14.1,0.23,2220.99,82.79,93.78,76.22
R,0.3,236,20.34,0.09,0.14,Jake Mangum,10.17,663968,PIT,36.86,52.35,Slider,SL,16.33,0.23,2428.08,77.24,85.76,79.31
R,0.32,226,25.22,0.06,0.7,Jake Mangum,9.74,663968,PIT,53.54,59.05,Cutter,FC,12.33,0.31,2405.42,79.9,90.54,69.42
R,0.27,151,22.52,0.38,-0.9,Jake Mangum,6.51,663968,PIT,35.76,49.48,Curveball,CU,15.48,0.42,2720.87,76.1,81.01,66.67
R,0.26,150,24.67,0.31,0.01,Jake Mangum,6.47,663968,PIT,40.67,39.33,Sweeper,ST,18.99,0.35,2535.53,79.37,82.29,72.13
R,0.21,71,28.17,-0.88,0.2,Jake Mangum,3.06,663968,PIT,28.17,62.75,Split-Finger,FS,31.91,0.12,1335.1,69.54,86.66,75
R,0.38,17,11.76,0.54,-0.89,Jake Mangum,0.73,663968,PIT,58.82,57.14,Knuckle Curve,KC,0,0.67,2514.76,86.7,84.56,80
R,0.08,11,54.55,-0.71,-0.68,Jake Mangum,0.47,663968,PIT,18.18,66.67,Slurve,SV,75,0,2595.73,81,81.02,100
R,0.46,4,50,-0.7,1.14,Jake Mangum,0.17,663968,PIT,50,0,Other,FA,0,1,1389.5,83.9,52.85,100
R,0,4,0,0,0,Jake Mangum,0.17,663968,PIT,0,0,Unknown,UNK,0,0,0,0,0,0
R,0,2,0,-0.27,0.93,Jake Mangum,0.09,663968,PIT,0,0,Unknown,UN,0,0,1560,0,73.8,0
R,0.73,1,0,-0.25,1.4,Jake Mangum,0.04,663968,PIT,0,0,Eephus,EP,0,0,835,0,34.2,0
R,0.29,511,25.05,-0.04,1.29,Jared Triolo,28.95,669707,PIT,55.77,28.76,4-Seam Fastball,FF,12.16,0.25,2331.99,82.15,94.15,66.67
R,0.33,355,25.35,-0.37,0.61,Jared Triolo,20.11,669707,PIT,55.49,15.19,Sinker,SI,8.67,0.21,2231.22,83.69,94.37,63.96
R,0.18,224,32.14,0.16,0.07,Jared Triolo,12.69,669707,PIT,42.86,26.56,Slider,SL,34.48,0.18,2472.26,76.71,86.14,55.21
R,0.29,197,27.41,0.62,0.01,Jared Triolo,11.16,669707,PIT,48.73,20.79,Sweeper,ST,23.08,0.18,2667.86,83.74,83.43,59.38
R,0.28,177,19.21,0.44,0.36,Jared Triolo,10.03,669707,PIT,40.68,28.57,Changeup,CH,21.84,0.29,1865.73,77.18,85.22,79.17
R,0.17,163,39.88,0.07,0.61,Jared Triolo,9.24,669707,PIT,56.44,32.39,Cutter,FC,26.25,0.09,2319.49,80.19,89.12,61.96
R,0.32,80,35,0.26,-0.87,Jared Triolo,4.53,669707,PIT,43.75,28.89,Curveball,CU,34.21,0.3,2642.62,83.73,79.62,71.43
R,0.29,26,19.23,-0.76,0.28,Jared Triolo,1.47,669707,PIT,23.08,35,Split-Finger,FS,11.11,0.67,1466.85,79.86,87.65,33.33
R,0,15,40,0.39,-0.72,Jared Triolo,0.85,669707,PIT,26.67,18.18,Knuckle Curve,KC,100,0,2416.47,0,79.89,0
R,0,10,60,0.36,-0.23,Jared Triolo,0.57,669707,PIT,60,0,Slurve,SV,0,0,2268.7,65.9,83.35,16.67
R,0.28,4,0,0.7,0.93,Jared Triolo,0.23,669707,PIT,75,0,Eephus,EP,0,0.67,1165.5,97.17,43.52,100
R,0.2,3,0,-0.51,1.28,Jared Triolo,0.17,669707,PIT,100,0,Other,FA,0,0.67,1478.33,92.33,56.13,100
R,0.25,84,23.81,-0.1,1.26,Jhostynxon Garcia,30.55,691373,PIT,58.33,48.57,4-Seam Fastball,FF,23.33,0.22,2283.62,72.05,94.32,87.76
R,0.32,48,31.25,1.06,0.19,Jhostynxon Garcia,17.45,691373,PIT,33.33,56.25,Sweeper,ST,36.67,0.17,2539.62,82.33,83.31,75
R,0.01,37,43.24,0.1,0.17,Jhostynxon Garcia,13.45,691373,PIT,59.46,53.33,Slider,SL,48.15,0,2539.86,80.82,86.12,86.36
R,0.43,33,30.3,-0.35,0.73,Jhostynxon Garcia,12,691373,PIT,57.58,28.57,Sinker,SI,6.25,0.43,2185.48,80.82,93.09,63.16
R,0.18,28,25,1,0.55,Jhostynxon Garcia,10.18,691373,PIT,39.29,58.82,Changeup,CH,26.32,0,1716.86,90.75,83.8,81.82
R,0.17,20,30,0.3,0.47,Jhostynxon Garcia,7.27,691373,PIT,35,46.15,Cutter,FC,46.15,0.2,2208.55,74.7,87.79,100
R,0,10,20,0.04,-0.82,Jhostynxon Garcia,3.64,691373,PIT,10,11.11,Curveball,CU,100,0,2709.8,0,79.98,0
R,0.1,8,25,-0.5,0.93,Jhostynxon Garcia,2.91,691373,PIT,0,25,Other,FA,0,0,1368.75,71,57.48,0
R,0,6,66.67,0.22,-0.15,Jhostynxon Garcia,2.18,691373,PIT,0,66.67,Knuckle Curve,KC,100,0,2341.33,0,86.5,0
R,0,1,100,-1.02,0.74,Jhostynxon Garcia,0.36,691373,PIT,100,0,Split-Finger,FS,0,0,1243,0,82.5,0
R,0.34,733,26.6,-0.89,0.63,Nick Gonzales,25.21,693304,PIT,57.84,28.48,Sinker,SI,15.83,0.39,2228.39,82.16,94.25,68.63
R,0.36,727,19.12,-0.11,1.32,Nick Gonzales,25.01,693304,PIT,49.66,28.42,4-Seam Fastball,FF,15.71,0.27,2334.5,82.76,94.75,77.01
R,0.38,378,25.93,0.17,0.1,Nick Gonzales,13,693304,PIT,40.48,28.44,Slider,SL,32.8,0.33,2470.99,83.05,86.7,79.74
R,0.28,275,21.09,0.62,0.04,Nick Gonzales,9.46,693304,PIT,45.82,38.93,Sweeper,ST,19.38,0.31,2633.18,78.48,82.68,80.95
R,0.27,259,18.53,0.36,0.35,Nick Gonzales,8.91,693304,PIT,35.14,30.95,Changeup,CH,30.6,0.25,1756.66,78.85,85.78,90.11
R,0.32,238,23.11,0.02,0.69,Nick Gonzales,8.19,693304,PIT,57.14,40.2,Cutter,FC,16.88,0.29,2394.28,83.61,89.66,83.09
R,0.28,154,31.82,0.09,-0.76,Nick Gonzales,5.3,693304,PIT,48.7,26.58,Curveball,CU,26.56,0.31,2617.75,82.23,79.58,57.33
R,0.28,67,25.37,-0.36,0.33,Nick Gonzales,2.3,693304,PIT,28.36,37.5,Split-Finger,FS,38.89,0.21,1230.64,74.19,85.7,94.74
R,0.38,32,31.25,0.24,-0.4,Nick Gonzales,1.1,693304,PIT,43.75,22.22,Knuckle Curve,KC,25,0.2,2563.59,81.11,85.16,85.71
R,0.09,13,15.38,0.57,0.63,Nick Gonzales,0.45,693304,PIT,23.08,50,Eephus,EP,0,0.4,1255.54,81.82,46.13,0
R,0.02,13,30.77,0.08,-0.53,Nick Gonzales,0.45,693304,PIT,53.85,50,Slurve,SV,40,0,2547.85,83.12,80.99,100
R,0.33,11,18.18,-0.58,0.98,Nick Gonzales,0.38,693304,PIT,45.45,33.33,Other,FA,0,0.25,1493.91,84.8,56.48,60
R,0,4,0,0,0,Nick Gonzales,0.14,693304,PIT,0,0,Unknown,UNK,0,0,0,0,0,0
R,0,2,0,0.39,0.69,Nick Gonzales,0.07,693304,PIT,0,0,Knuckleball,KN,0,0,94,0,51.6,0
R,0.17,1,0,1.03,-0.97,Nick Gonzales,0.03,693304,PIT,100,0,Slow Curve,CS,0,0,2424,35.9,73.9,100
R,0.23,130,40,0.22,1.27,Rafael Flores Jr.,30.16,804668,PIT,53.08,36.07,4-Seam Fastball,FF,37.29,0.12,2302.95,83.36,94.66,53.62
R,0.3,66,39.39,-0.05,0.72,Rafael Flores Jr.,15.31,804668,PIT,60.61,19.23,Sinker,SI,10.53,0.33,2225.43,81.77,93.62,35
R,0.27,55,38.18,-0.18,0.13,Rafael Flores Jr.,12.76,804668,PIT,58.18,30.43,Slider,SL,40.74,0.16,2472.73,84.36,87.31,62.5
R,0.09,52,30.77,0.16,-0.15,Rafael Flores Jr.,12.06,804668,PIT,46.15,28.57,Sweeper,ST,27.27,0.22,2674.56,79.59,81.75,58.33
R,0.2,44,40.91,0.77,0.44,Rafael Flores Jr.,10.21,804668,PIT,29.55,45.16,Changeup,CH,60.87,0.09,1712.07,74.71,86.06,69.23
R,0.48,40,35,-0.26,-0.98,Rafael Flores Jr.,9.28,804668,PIT,42.5,21.74,Curveball,CU,25,0.36,2681.77,91.1,79.34,41.18
R,0.79,37,37.84,0.17,0.65,Rafael Flores Jr.,8.58,804668,PIT,72.97,20,Cutter,FC,12.5,0.55,2476.46,87.92,89.44,51.85
R,1.02,4,0,-0.58,0.57,Rafael Flores Jr.,0.93,804668,PIT,50,0,Other,FA,0,1,1321.5,101.4,55.95,100
R,0.7,3,33.33,-0.84,0.14,Rafael Flores Jr.,0.7,804668,PIT,33.33,0,Slurve,SV,0,0,2153,0,82.27,0
R,0.41,66,27.27,-0.06,1.11,Ronny Simon,32.67,682927,PIT,48.48,44.12,4-Seam Fastball,FF,11.76,0.43,2308.39,78.69,94.48,59.38
R,0.21,35,20,-0.19,0.85,Ronny Simon,17.33,682927,PIT,48.57,50,Sinker,SI,12.5,0.3,2312.14,77.41,95.72,88.24
R,0.56,24,33.33,-0.19,0.29,Ronny Simon,11.88,682927,PIT,41.67,7.14,Changeup,CH,37.5,0.6,1750.54,93.88,86.12,70
R,0.39,23,8.7,0.36,0.17,Ronny Simon,11.39,682927,PIT,34.78,53.33,Sweeper,ST,12.5,0,2401.17,83.89,80.12,100
R,0.23,19,15.79,0.22,-0.04,Ronny Simon,9.41,682927,PIT,36.84,33.33,Slider,SL,27.27,0.5,2454,79.38,88,100
R,0.31,16,0,-0.07,0.84,Ronny Simon,7.92,682927,PIT,43.75,44.44,Cutter,FC,0,0,2359,76.56,90.92,100
R,0.13,12,0,0.68,-1.03,Ronny Simon,5.94,682927,PIT,58.33,60,Curveball,CU,0,0,2570,81.83,78.37,100
R,0,4,50,0.76,0.5,Ronny Simon,1.98,682927,PIT,50,0,Split-Finger,FS,0,0,1133,0,92,0
R,0,2,0,0.42,-0.16,Ronny Simon,0.99,682927,PIT,0,50,Slurve,SV,0,0,2655,32.1,88.3,0
R,0.27,1,0,0.13,1.33,Ronny Simon,0.5,682927,PIT,0,100,Eephus,EP,0,0,961,21.6,38.9,0
R,0.34,744,26.61,-0.5,1.32,Spencer Horwitz,33.18,687462,PIT,51.34,26.8,4-Seam Fastball,FF,12.88,0.2,2346.68,81.25,95.24,59.95
R,0.35,331,28.1,-0.24,0.58,Spencer Horwitz,14.76,687462,PIT,51.96,14.47,Sinker,SI,10.17,0.3,2223.74,85.41,93.59,55.23
R,0.37,248,22.58,-0.92,0.38,Spencer Horwitz,11.06,687462,PIT,41.13,23.97,Changeup,CH,12.5,0.29,1753.9,82.08,86.46,51.96
R,0.27,229,21.83,0.15,0.13,Spencer Horwitz,10.21,687462,PIT,47.16,23.97,Slider,SL,16.16,0.26,2448.72,80.7,86.21,64.81
R,0.22,208,26.44,0.35,0.04,Spencer Horwitz,9.28,687462,PIT,50.48,26.21,Sweeper,ST,12.64,0.1,2692.76,78.42,83.24,57.14
R,0.2,191,20.42,0.15,0.67,Spencer Horwitz,8.52,687462,PIT,49.74,32.29,Cutter,FC,11.58,0.21,2429.69,80.14,90.02,67.37
R,0.37,167,27.54,0.7,-0.8,Spencer Horwitz,7.45,687462,PIT,40.12,21,Curveball,CU,14.81,0.23,2718.97,85.74,79.7,49.25
R,0.37,55,23.64,-1.05,0.39,Spencer Horwitz,2.45,687462,PIT,34.55,19.44,Split-Finger,FS,42.86,0.33,1517.24,78.22,87.86,73.68
R,0.47,39,20.51,0.35,-0.71,Spencer Horwitz,1.74,687462,PIT,35.9,36,Knuckle Curve,KC,22.22,0.71,2550.23,76.48,84.48,64.29
R,0.33,13,0,-0.36,1.12,Spencer Horwitz,0.58,687462,PIT,46.15,14.29,Other,FA,0,0.67,1201.92,69.59,53.75,100
R,0.03,6,33.33,0.83,-0.48,Spencer Horwitz,0.27,687462,PIT,33.33,25,Slurve,SV,50,0,2714.83,87,83.73,50
R,0.5,5,0,-0.03,1.7,Spencer Horwitz,0.22,687462,PIT,0,20,Eephus,EP,0,1,1066.8,96,41.12,0
R,0,5,0,1.04,0.43,Spencer Horwitz,0.22,687462,PIT,0,0,Knuckleball,KN,0,0,104.8,0,57.18,0
R,0,1,0,-0.26,0.52,Spencer Horwitz,0.04,687462,PIT,0,0,Unknown,UNK,0,0,2176,0,75.7,0
L,0.34,659,25.49,-0.35,1.3,,28.22,656811,PIT,53.72,33.11,4-Seam Fastball,FF,12.84,0.36,2365.19,85.89,95.05,63.84
R,0.43,561,27.27,-0.1,1.33,,29.1,542303,PIT,50.27,21.15,4-Seam Fastball,FF,15.81,0.27,2355.68,85.76,94.4,62.06
L,0.44,547,33.82,-0.43,1.34,,28.15,665833,PIT,50.27,34.56,4-Seam Fastball,FF,28.16,0.3,2340.76,85.64,95.24,54.91
L,0.44,413,29.06,0.11,0.56,,17.69,656811,PIT,56.66,26.82,Sinker,SI,5.52,0.36,2217.73,87.24,93.18,56.84
R,0.27,379,33.77,-0.52,0.65,,19.66,542303,PIT,59.89,18.42,Sinker,SI,9.52,0.21,2220.03,84.15,93.94,52.42
R,0.36,351,25.64,-0.85,0.68,,23.78,804606,PIT,52.14,29.76,Sinker,SI,16.86,0.41,2231.99,77.98,94.57,66.67
R,0.34,327,30.58,-0.31,1.33,,22.15,804606,PIT,51.07,33.75,4-Seam Fastball,FF,26.09,0.26,2326.17,81.37,94.93,64.07
L,0.34,282,39.72,0.24,0.6,,14.51,665833,PIT,57.45,30.83,Sinker,SI,18.35,0.29,2188.46,91.66,93.25,44.44
L,0.29,273,24.54,0.09,0.05,,11.69,656811,PIT,43.59,33.77,Slider,SL,26.24,0.24,2488.07,82.1,86.36,74.79
L,0.27,263,31.56,-0.96,0.34,,13.54,665833,PIT,33.46,29.71,Changeup,CH,48.72,0.21,1794.83,82.47,86.9,73.86
R,0.23,257,28.02,0.6,0.34,,13.33,542303,PIT,30.35,32.4,Changeup,CH,43.1,0.12,1810.4,80.49,85.72,74.36
L,0.36,245,32.24,0.04,0.15,,12.61,665833,PIT,37.55,30.07,Slider,SL,40.4,0.29,2458.43,86.27,86.51,57.61
L,0.33,239,19.25,-1.02,0.31,,10.24,656811,PIT,32.22,32.72,Changeup,CH,25.86,0.29,1808.14,79.92,86.85,81.82
R,0.32,238,21.85,0.24,1.28,,28.67,663698,PIT,51.26,25,4-Seam Fastball,FF,17.74,0.16,2290.65,81.44,93.7,77.87
R,0.24,233,39.48,0.27,0.06,,12.09,542303,PIT,39.48,37.59,Slider,SL,49.52,0.2,2455.39,83.77,86.28,56.52
L,0.22,233,28.76,-0.54,1.2,,35.25,682997,PIT,49.36,30.51,4-Seam Fastball,FF,38.46,0.14,2348.48,81.08,95.61,81.74
L,0.32,224,27.23,0.1,0.68,,9.59,656811,PIT,50.89,27.27,Cutter,FC,13.73,0.18,2383.8,78.84,89.81,63.16
R,0.24,212,34.43,0.25,0.16,,14.36,804606,PIT,45.75,53.04,Slider,SL,37.88,0.19,2428.19,82.71,86.94,73.2
L,0.21,194,25.77,0.36,-0.8,,8.31,656811,PIT,41.75,34.51,Curveball,CU,26.14,0.2,2628.24,82.9,80.12,60.49
R,0.27,188,25.53,0.72,0,,9.75,542303,PIT,35.11,25.41,Sweeper,ST,33.78,0.07,2632.25,80.55,83.97,65.15
R,0.35,182,19.78,0.24,1.39,,28.3,694377,PIT,52.2,48.28,4-Seam Fastball,FF,16.24,0.19,2360.24,79.75,94.69,78.95
L,0.26,181,32.04,-0.02,0.04,,7.75,656811,PIT,49.17,32.61,Sweeper,ST,29.63,0.19,2592.01,78.03,82.81,57.3
R,0.28,160,37.5,0.04,0.65,,8.3,542303,PIT,51.25,25.64,Cutter,FC,35.14,0.21,2430.01,82.17,89.37,65.85
R,0.25,148,24.32,0.99,0.01,,10.03,804606,PIT,36.49,38.3,Sweeper,ST,32,0.15,2657.33,88.2,83.09,72.22
L,0.35,146,32.19,-0.36,-0.06,,7.51,665833,PIT,39.04,33.71,Sweeper,ST,38.1,0.34,2664.29,85.29,82.37,57.89
R,0.19,143,32.87,0.08,0.32,,9.69,804606,PIT,29.37,40.59,Changeup,CH,48.57,0.14,1832.77,86.75,85.95,69.05
L,0.57,141,38.3,0.07,0.6,,7.26,665833,PIT,54.61,29.69,Cutter,FC,31.34,0.38,2402.4,87.62,89.55,62.34
R,0.41,140,27.14,-0.5,0.65,,16.87,663698,PIT,60,8.93,Sinker,SI,7.02,0.33,2216.59,83.3,94.04,61.9
R,0.39,133,30.83,-0.38,0.61,,20.68,694377,PIT,66.17,20,Sinker,SI,8.96,0.31,2198.27,85.14,93.24,65.91
R,0.39,122,30.33,0.1,0.63,,8.27,804606,PIT,62.3,41.3,Cutter,FC,25.64,0.42,2346.49,84.04,89.08,77.63
R,0.29,119,19.33,0.59,0.39,,14.34,663698,PIT,27.73,33.72,Changeup,CH,27.78,0.24,1743.3,83.28,85.84,75.76
L,0.28,116,35.34,0.44,-0.82,,5.97,665833,PIT,27.59,35.71,Curveball,CU,53.06,0.19,2640.41,84.77,80.22,59.38
R,0.24,96,40.62,-0.03,0.12,,11.57,663698,PIT,41.67,55.36,Slider,SL,37.25,0.06,2445.66,83.53,85.47,50
R,0.26,93,15.05,1,0.36,,14.46,694377,PIT,34.41,22.95,Changeup,CH,17.07,0.27,1758.11,78.75,85.45,84.38
L,0.19,88,32.95,-0.91,0.37,,4.53,665833,PIT,38.64,24.07,Split-Finger,FS,47.62,0.06,1512.82,86.13,87.49,85.29
R,0.16,86,41.86,0.54,1.34,,31.85,695257,PIT,70.93,52,4-Seam Fastball,FF,37.93,0.21,2356.03,78.02,93.96,73.77
L,0.11,83,38.55,-1.02,0.2,,12.56,682997,PIT,34.94,53.7,Changeup,CH,50.94,0.04,1782.41,80.93,88.14,82.76
R,0.31,78,39.74,0.12,-0.94,,5.28,804606,PIT,30.77,40.74,Curveball,CU,51.61,0.25,2691.68,83.33,79.87,37.5
R,0.27,74,41.89,0.02,0.66,,8.92,663698,PIT,48.65,44.74,Cutter,FC,36.84,0.2,2366.43,75.2,88.13,58.33
R,0.19,72,29.17,-0.02,-0.8,,3.73,542303,PIT,45.83,33.33,Curveball,CU,24.24,0.08,2709.08,83.24,78.87,60.61
L,0.19,71,19.72,0.3,0.1,,10.74,682997,PIT,49.3,27.78,Slider,SL,17.5,0.3,2442.7,78.13,86.27,85.71
L,0.59,69,24.64,0.51,-0.81,,3.55,665833,PIT,27.54,20,Knuckle Curve,KC,29.63,0.25,2634.68,85.83,83.73,89.47
R,0.22,68,29.41,0.07,0.19,,10.58,694377,PIT,55.88,20,Slider,SL,19.35,0.29,2269.4,87.81,85.37,65.79
L,0.21,65,26.15,0.18,0.57,,9.83,682997,PIT,56.92,28.57,Cutter,FC,21.05,0.27,2329.49,83.32,90.37,81.08
L,0.24,64,26.56,0.6,-0.77,,2.74,656811,PIT,37.5,37.5,Knuckle Curve,KC,41.18,0.25,2594.55,78.26,83.17,79.17
L,0.29,64,12.5,-1,0.3,,2.74,656811,PIT,21.88,20,Split-Finger,FS,23.81,0,1482.92,77.65,87.64,78.57
R,0.36,62,27.42,0.32,0.24,,7.47,663698,PIT,45.16,52.94,Sweeper,ST,25.64,0.36,2497.66,75.92,80.16,75
L,0.27,57,33.33,0.86,-0.04,,8.62,682997,PIT,54.39,38.46,Sweeper,ST,15.38,0.23,2628.14,78.96,83.75,51.61
R,0.18,54,25.93,0.18,0.13,,8.4,694377,PIT,25.93,25,Sweeper,ST,29.41,0,2662.11,82.95,80.7,50
L,0.24,51,39.22,0.71,-0.91,,7.72,682997,PIT,33.33,32.35,Curveball,CU,50,0,2702.84,67.07,81.08,29.41
L,0.57,47,25.53,-0.6,0.49,,7.11,682997,PIT,68.09,13.33,Sinker,SI,15.38,0.55,2127.17,82.43,92.39,75
R,0.26,46,39.13,-0.18,-0.92,,5.54,663698,PIT,45.65,36,Curveball,CU,26.32,0.5,2616.13,76.24,80.38,47.62
R,0.39,44,31.82,0.08,0.71,,6.84,694377,PIT,50,22.73,Cutter,FC,21.05,0.25,2430.59,88.31,88.69,63.64
R,0.37,42,33.33,-0.14,-0.9,,6.53,694377,PIT,42.86,8.33,Curveball,CU,25,0,2559.69,76.28,78.17,33.33
L,0.36,39,33.33,-0.72,0.38,,5.9,682997,PIT,56.41,35.29,Split-Finger,FS,34.78,0.22,1302.1,75.6,85.69,77.27
R,0.27,38,26.32,-0.55,0.17,,2.57,804606,PIT,39.47,56.52,Split-Finger,FS,25,0,1453.24,81.52,85.56,73.33
R,0.05,36,13.89,0.83,0.43,,13.33,695257,PIT,33.33,25,Changeup,CH,0,0,1731.69,72.86,85.41,58.33
R,0.14,35,48.57,0.36,-0.49,,1.82,542303,PIT,48.57,27.78,Knuckle Curve,KC,70.59,0,2488.94,93.9,85.44,70.59
R,0.24,35,28.57,0.71,0.71,,12.96,695257,PIT,62.86,23.08,Sinker,SI,0,0.14,2163.54,72.82,93.47,50
R,0.27,31,22.58,-0.15,0.24,,11.48,695257,PIT,54.84,57.14,Slider,SL,21.74,0.33,2302.13,83.01,85.44,88.24
R,0.21,31,32.26,0.72,-0.8,,2.1,804606,PIT,29.03,31.82,Knuckle Curve,KC,53.85,0.4,2557.65,92.55,83.34,66.67
R,0.23,28,14.29,0.36,1.25,,58.33,673995,PIT,57.14,50,4-Seam Fastball,FF,18.18,0,2237.29,84.76,93.81,100
R,0.05,26,42.31,0.41,-0.01,,9.63,695257,PIT,50,46.15,Sweeper,ST,50,0.29,2666.15,64.99,82.86,76.92
L,0,22,0,0,0,,1.13,665833,PIT,0,0,Unknown,UNK,0,0,0,0,0,0
R,0.7,21,19.05,-0.15,0.39,,1.09,542303,PIT,9.52,31.58,Split-Finger,FS,50,0,1082,79.62,82.66,100
R,0.08,20,40,0.59,0.09,,2.41,663698,PIT,30,42.86,Split-Finger,FS,60,0.25,1253.65,92.8,84.9,66.67
R,0.16,19,36.84,-0.02,0.66,,7.04,695257,PIT,89.47,50,Cutter,FC,31.25,0,2222.05,84.34,88.34,88.24
R,0.39,19,52.63,0.07,-0.6,,1.29,804606,PIT,36.84,58.33,Slurve,SV,55.56,0.5,2539.89,97.15,81.21,28.57
R,0.36,18,22.22,0.32,0.9,,2.17,663698,PIT,33.33,0,Eephus,EP,0,0.33,1124.11,87.3,42.71,100
R,1,16,62.5,0.48,0.51,,38.1,676566,PIT,62.5,66.67,Cutter,FC,66.67,0.5,2721.25,90.2,88.62,80
R,0.05,16,43.75,-0.45,-1.02,,5.93,695257,PIT,43.75,44.44,Curveball,CU,33.33,0.17,2618.44,77.27,80.29,71.43
R,0.05,13,53.85,0.34,0.26,,2.02,694377,PIT,15.38,72.73,Split-Finger,FS,70,0,1255.85,74.57,83.76,100
R,0,12,50,1.38,-0.18,,28.57,676566,PIT,33.33,25,Sweeper,ST,100,0,2871.67,0,81.28,0
L,0.54,11,36.36,-0.37,-0.39,,0.47,656811,PIT,36.36,42.86,Slurve,SV,60,0.67,2535.36,95.6,81.88,50
L,0.63,11,36.36,0.69,0.24,,0.57,665833,PIT,27.27,12.5,Eephus,EP,0,0.67,1238.36,103.23,46.32,66.67
L,0.06,11,27.27,0.45,-0.29,,0.57,665833,PIT,18.18,33.33,Slurve,SV,50,0,2589.09,61.9,81.38,50
L,0.21,10,40,1.03,-1,,1.51,682997,PIT,60,50,Knuckle Curve,KC,42.86,0.4,2511.4,88.07,80.88,83.33
R,0,10,30,0.18,-0.53,,3.7,695257,PIT,40,33.33,Knuckle Curve,KC,40,0,2392.4,78.7,82.04,75
L,0,9,0,0,0,,0.39,656811,PIT,0,0,Unknown,UNK,0,0,0,0,0,0
R,0,9,33.33,-0.67,-0.26,,1.08,663698,PIT,44.44,0,Slurve,SV,0,0,2176.89,64.3,82.28,25
R,0,8,75,-0.42,0.25,,0.41,542303,PIT,50,0,Knuckleball,KN,0,0,88.5,0,54.18,0
R,0,8,62.5,-0.03,-0.63,,0.96,663698,PIT,62.5,33.33,Knuckle Curve,KC,0,0,2446.88,0,82.32,0
R,0,8,37.5,0.16,-0.47,,1.24,694377,PIT,25,16.67,Knuckle Curve,KC,100,0,2405.88,0,87.65,50
R,0,6,0,-0.57,-0.84,,12.5,673995,PIT,0,0,Curveball,CU,0,0,2407.67,0,76.47,0
R,0,6,33.33,1.45,-0.28,,12.5,673995,PIT,33.33,50,Sweeper,ST,0,0,2598,65.2,89.8,0
R,0,6,0,-0.3,1.49,,14.29,676566,PIT,33.33,0,4-Seam Fastball,FF,0,0,2435,0,92.8,100
R,0,6,0,0.16,-0.33,,0.93,694377,PIT,0,33.33,Slurve,SV,0,0,2248.5,0,83.27,0
R,0.35,6,16.67,-0.03,1.58,,0.41,804606,PIT,66.67,0,Eephus,EP,0,0.5,988.67,92.05,38.45,100
R,0.27,5,20,0.28,1.06,,0.26,542303,PIT,60,0,Eephus,EP,0,0.33,1172.2,90.4,45.26,100
R,0,5,0,0,0,,0.26,542303,PIT,0,0,Unknown,UNK,0,0,0,0,0,0
L,0.75,5,20,-0.71,1.29,,0.76,682997,PIT,40,33.33,Other,FA,0,1,1415.6,68.57,61.78,100
R,0,5,0,0.71,0.45,,1.85,695257,PIT,60,0,Split-Finger,FS,0,0,1173.2,8.1,82.04,33.33
R,0.01,4,50,0.6,-0.38,,0.21,542303,PIT,75,0,Slurve,SV,0,0,2767.25,79.7,80.3,33.33
R,0,4,0,1.39,0.38,,8.33,673995,PIT,0,0,Changeup,CH,0,0,1693.5,0,84.6,0
R,0.05,4,0,0.84,-1.3,,9.52,676566,PIT,50,0,Curveball,CU,0,0,3087,63.3,77.3,100
R,0.09,4,0,-1.15,0.88,,9.52,676566,PIT,50,0,Sinker,SI,0,0,2048,82.6,93.85,100
R,0,4,25,-0.87,-0.55,,1.48,695257,PIT,25,33.33,Slurve,SV,50,0,2117.75,0,80.58,100
L,0.19,2,0,0.79,0.52,,0.09,656811,PIT,100,0,Eephus,EP,0,0,1422,87.3,51,100
L,0.42,2,50,-1.12,1.22,,0.09,656811,PIT,100,0,Other,FA,50,1,1735,95.9,73.65,100
L,0,2,0,0.67,-0.8,,0.1,665833,PIT,0,0,Slow Curve,CS,0,0,2398.5,0,76.3,0
R,0,2,0,-0.16,0.56,,4.17,673995,PIT,0,100,Cutter,FC,0,0,2325,77.2,86.6,0
R,0,2,0,-0.5,0.25,,4.17,673995,PIT,100,0,Slider,SL,0,0,2669,0,90.6,100
R,0.74,2,0,0.34,1.25,,0.74,695257,PIT,50,0,Eephus,EP,0,1,974,103.7,39.8,100
R,0,1,100,0.37,1.11,,33.33,687394,PIT,100,0,4-Seam Fastball,FF,100,0,2596,0,91.7,100
R,0,1,100,-0.22,0.31,,33.33,687394,PIT,100,0,Cutter,FC,100,0,2740,0,87.7,100
R,0,1,100,1.17,0.53,,33.33,687394,PIT,0,100,Sinker,SI,100,0,2325,0,90,0
R,0,1,0,-0.5,-0.39,,0.07,804606,PIT,0,0,Knuckleball,KN,0,0,243,0,52.6,0
R,0.31,81,24.69,0.03,0.24,Austin Hays,20,669720,SDP,45.68,29.55,Slider,SL,21.95,0.22,2453.68,87.52,87.45,75.68
R,0.32,64,23.44,-0.12,1.33,Austin Hays,15.8,669720,SDP,48.44,36.36,4-Seam Fastball,FF,6.25,0.35,2253.59,85.71,94.75,64.52
R,0.24,56,39.29,0.64,0.24,Austin Hays,13.83,669720,SDP,41.07,51.52,Sweeper,ST,41.18,0.29,2518.39,81.88,83.28,73.91
R,0.36,52,19.23,-0.38,0.54,Austin Hays,12.84,669720,SDP,48.08,33.33,Sinker,SI,17.24,0.24,2164.23,81.05,95.07,80
R,0.24,42,50,0.05,0.73,Austin Hays,10.37,669720,SDP,42.86,45.83,Cutter,FC,68,0.14,2297.33,89.82,89.72,77.78
R,0.11,36,30.56,0.74,0.5,Austin Hays,8.89,669720,SDP,38.89,36.36,Changeup,CH,36.84,0,1757.92,61.87,85.85,78.57
R,0.08,36,33.33,-0.66,-1.04,Austin Hays,8.89,669720,SDP,38.89,36.36,Curveball,CU,33.33,0,2826.19,78.05,81.68,50
R,0.12,12,41.67,-0.04,-0.46,Austin Hays,2.96,669720,SDP,33.33,75,Knuckle Curve,KC,37.5,0,2330.75,82.5,86.24,50
R,0,9,33.33,-1.01,0.42,Austin Hays,2.22,669720,SDP,0,44.44,Split-Finger,FS,75,0,1748.56,54.1,87.04,0
R,0,8,0,0,0,Austin Hays,1.98,669720,SDP,0,0,Unknown,UNK,0,0,0,0,0,0
R,0.9,5,40,-1.04,-0.18,Austin Hays,1.23,669720,SDP,60,0,Slurve,SV,50,1,2203.6,84.1,80.6,66.67
R,0.59,3,33.33,0.95,0.3,Austin Hays,0.74,669720,SDP,66.67,0,Eephus,EP,50,0,1322,89.1,38.47,100
R,0,1,0,-0.83,1.43,Austin Hays,0.25,669720,SDP,100,0,Other,FA,0,0,2119,0,81.9,0
R,0.39,906,25.72,-0.26,1.31,Fernando Tatis Jr.,27.77,665487,SDP,53.97,20.86,4-Seam Fastball,FF,17.14,0.28,2324.07,88.86,95.03,68.1
R,0.38,682,23.46,-0.95,0.62,Fernando Tatis Jr.,20.9,665487,SDP,52.93,23.36,Sinker,SI,14.01,0.32,2197.73,88.14,94.36,66.2
R,0.39,438,28.31,0.16,0.12,Fernando Tatis Jr.,13.42,665487,SDP,45.66,28.15,Slider,SL,32.55,0.36,2451.38,83.72,86.33,72.5
R,0.36,337,26.11,-0.2,0.34,Fernando Tatis Jr.,10.33,665487,SDP,36.5,35.98,Changeup,CH,34.55,0.27,1730.45,81.32,85.91,71.54
R,0.25,329,28.57,0.75,0.13,Fernando Tatis Jr.,10.08,665487,SDP,38.91,27.86,Sweeper,ST,31.82,0.17,2624.47,81.03,83.33,59.38
R,0.45,243,30.04,0.07,0.65,Fernando Tatis Jr.,7.45,665487,SDP,53.91,23.21,Cutter,FC,27.97,0.38,2386.39,86.36,89.56,70.23
R,0.47,154,25.97,0.2,-0.93,Fernando Tatis Jr.,4.72,665487,SDP,36.36,30.61,Curveball,CU,32,0.33,2617.82,84.38,81.03,80.36
R,0.18,83,25.3,-0.74,0.44,Fernando Tatis Jr.,2.54,665487,SDP,34.94,27.78,Split-Finger,FS,41.03,0,1454.45,80.76,86.83,82.76
R,0.44,42,21.43,0.57,-0.81,Fernando Tatis Jr.,1.29,665487,SDP,35.71,18.52,Knuckle Curve,KC,29.41,0.1,2542.57,89.89,81.96,80
R,0,29,0,0,0,Fernando Tatis Jr.,0.89,665487,SDP,0,0,Unknown,UNK,0,0,0,0,0,0
R,0.57,13,15.38,-0.54,-0.48,Fernando Tatis Jr.,0.4,665487,SDP,46.15,28.57,Slurve,SV,25,0.67,2245.31,80.28,83.42,100
R,0.8,4,0,-0.48,1.7,Fernando Tatis Jr.,0.12,665487,SDP,100,0,Eephus,EP,0,0,1149,114.2,41.6,100
R,0,2,0,1.42,0.29,Fernando Tatis Jr.,0.06,665487,SDP,0,0,Slow Curve,CS,0,0,2304,0,68.4,0
R,0,1,0,-0.48,1.29,Fernando Tatis Jr.,0.03,665487,SDP,0,0,Pitch Out,PO,0,0,2325,0,91.2,0
R,0.27,478,22.38,-0.23,1.31,Freddy Fermin,32.72,666023,SDP,52.3,31.14,4-Seam Fastball,FF,19.25,0.18,2323.24,82.1,94.83,77.6
R,0.29,278,22.3,-1.01,0.6,Freddy Fermin,19.03,666023,SDP,58.27,28.45,Sinker,SI,8.84,0.23,2191.55,82.98,93.96,70.37
R,0.21,192,36.46,0.19,0.12,Freddy Fermin,13.14,666023,SDP,45.83,38.46,Slider,SL,43.75,0.1,2474.49,83.07,86.88,63.64
R,0.27,138,34.06,0.88,0.18,Freddy Fermin,9.45,666023,SDP,36.96,36.78,Sweeper,ST,44.44,0.23,2625.5,78.05,82.88,60.78
R,0.22,119,24.37,-0.03,0.4,Freddy Fermin,8.15,666023,SDP,28.57,35.29,Changeup,CH,45.61,0.15,1827.66,78.56,84.75,79.41
R,0.32,103,25.24,0.07,0.7,Freddy Fermin,7.05,666023,SDP,44.66,61.4,Cutter,FC,21.43,0.21,2358.65,78.3,89,76.09
R,0.18,94,26.6,-0.19,-0.87,Freddy Fermin,6.43,666023,SDP,37.23,28.81,Curveball,CU,29.27,0.11,2620.33,83.03,80.46,68.57
R,0.36,24,8.33,-0.76,0.29,Freddy Fermin,1.64,666023,SDP,54.17,54.55,Split-Finger,FS,0,0.38,1375.12,75.07,87.02,84.62
R,0.5,21,23.81,0.75,-0.79,Freddy Fermin,1.44,666023,SDP,57.14,33.33,Knuckle Curve,KC,23.08,0.2,2544.76,86.06,81.35,83.33
R,0,6,66.67,-1.1,-0.54,Freddy Fermin,0.41,666023,SDP,33.33,50,Slurve,SV,100,0,2139.67,0,82.33,0
R,0.22,4,50,0.09,1.04,Freddy Fermin,0.27,666023,SDP,25,33.33,Eephus,EP,0,0,1062.75,91.65,42.5,100
R,0,3,0,0,0,Freddy Fermin,0.21,666023,SDP,0,0,Unknown,UNK,0,0,0,0,0,0
R,0,1,0,-0.41,-0.01,Freddy Fermin,0.07,666023,SDP,0,0,Forkball,FO,0,0,749,0,86,0
R,0.4,824,26.58,-0.48,1.3,Gavin Sheets,30.84,657757,SDP,53.4,36.98,4-Seam Fastball,FF,14.18,0.24,2340,84.88,95.22,62.27
R,0.26,380,19.74,-1.17,0.3,Gavin Sheets,14.22,657757,SDP,31.58,35,Changeup,CH,22.47,0.22,1730.28,79.43,87.28,72.5
R,0.34,367,30.25,-0.68,0.48,Gavin Sheets,13.74,657757,SDP,54.22,27.98,Sinker,SI,8.55,0.22,2207.09,83.49,94.02,52.76
R,0.33,337,29.67,0.03,0.14,Gavin Sheets,12.61,657757,SDP,40.95,31.16,Slider,SL,24.41,0.24,2423.52,78.99,85.81,47.1
R,0.23,230,30.43,0.57,-0.9,Gavin Sheets,8.61,657757,SDP,38.7,15.6,Curveball,CU,19.12,0.21,2596.46,89.08,80.43,51.69
R,0.36,185,26.49,0.14,0.64,Gavin Sheets,6.92,657757,SDP,55.68,30.49,Cutter,FC,14.74,0.3,2427.39,82.9,89.95,67.96
R,0.25,184,41.85,0.41,0.06,Gavin Sheets,6.89,657757,SDP,40.22,30,Sweeper,ST,45.61,0.12,2616.42,74.57,83.43,32.43
R,0.19,108,18.52,-1.06,0.28,Gavin Sheets,4.04,657757,SDP,25.93,32.5,Split-Finger,FS,25,0.08,1460.97,75.25,87.84,78.57
R,0.55,38,39.47,0.68,-0.96,Gavin Sheets,1.42,657757,SDP,52.63,16.67,Knuckle Curve,KC,41.67,0.5,2603.34,82.1,80.32,45
R,0,12,25,-0.6,-0.51,Gavin Sheets,0.45,657757,SDP,41.67,0,Slurve,SV,0,0,2268.67,69.5,82.87,40
R,0,4,0,-1.2,0.08,Gavin Sheets,0.15,657757,SDP,0,0,Forkball,FO,0,0,1142,0,82.1,0
R,0.95,3,0,0.13,0.87,Gavin Sheets,0.11,657757,SDP,33.33,0,Eephus,EP,0,1,1321.67,103.1,53.23,100
R,0.31,1154,27.82,-0.41,1.27,Jackson Merrill,35.62,701538,SDP,53.9,33.08,4-Seam Fastball,FF,26.31,0.19,2312.86,85.49,94.93,76.21
R,0.31,420,21.19,-0.98,0.3,Jackson Merrill,12.96,701538,SDP,38.57,40.31,Changeup,CH,26.56,0.22,1723.45,82.34,86.51,84.57
R,0.45,367,18.26,-0.12,0.55,Jackson Merrill,11.33,701538,SDP,55.86,31.48,Sinker,SI,7.96,0.43,2179.13,83.44,93.97,73.17
R,0.33,356,25,-0.08,0.1,Jackson Merrill,10.99,701538,SDP,42.98,38.42,Slider,SL,26.9,0.25,2436.81,79.89,85.74,77.78
R,0.33,314,27.39,0.03,0.73,Jackson Merrill,9.69,701538,SDP,49.04,38.12,Cutter,FC,30.27,0.22,2358.99,84.84,89.96,80.52
R,0.29,207,26.09,0.26,0.06,Jackson Merrill,6.39,701538,SDP,42.51,35.29,Sweeper,ST,29.41,0.17,2669.16,81.61,82.9,68.18
R,0.31,205,19.51,0.3,-0.78,Jackson Merrill,6.33,701538,SDP,28.78,43.84,Curveball,CU,24.55,0.28,2618.05,81.8,80.95,77.97
R,0.29,139,24.46,-0.97,0.32,Jackson Merrill,4.29,701538,SDP,33.09,43.01,Split-Finger,FS,33.75,0.14,1416.78,79.45,88.48,86.96
R,0.15,51,33.33,0.48,-0.89,Jackson Merrill,1.57,701538,SDP,25.49,63.16,Knuckle Curve,KC,40.54,0.11,2588.02,81.58,82.51,100
R,0,14,0,0,0,Jackson Merrill,0.43,701538,SDP,0,0,Unknown,UNK,0,0,0,0,0,0
R,0.02,5,0,-1.22,-0.05,Jackson Merrill,0.15,701538,SDP,40,33.33,Slurve,SV,0,0,2265.4,78.1,79.8,50
R,1.64,4,0,0.04,1.03,Jackson Merrill,0.12,701538,SDP,25,33.33,Eephus,EP,0,1,1139.75,81.35,46.05,100
R,0.04,2,0,-0.89,1.57,Jackson Merrill,0.06,701538,SDP,100,0,Other,FA,0,0,1480,91.5,56.1,100
R,0,2,0,1.02,-0.42,Jackson Merrill,0.06,701538,SDP,0,0,Slow Curve,CS,0,0,2410,0,67.4,0
R,0.39,739,22.73,-0.52,1.29,Jake Cronenworth,38.05,630105,SDP,55.35,20.61,4-Seam Fastball,FF,9.86,0.3,2328.86,81.66,94.77,67.73
R,0.3,313,25.88,-0.46,0.58,Jake Cronenworth,16.12,630105,SDP,51.76,17.88,Sinker,SI,14.29,0.21,2199.95,83.52,93.47,61.11
R,0.11,215,33.02,-1.03,0.29,Jake Cronenworth,11.07,630105,SDP,30.7,48.32,Changeup,CH,42.02,0.09,1796.28,72.47,86.42,71.21
R,0.17,161,27.33,0,0.15,Jake Cronenworth,8.29,630105,SDP,40.99,24.21,Slider,SL,30.77,0.08,2460.94,83.99,86,63.64
R,0.22,158,32.91,0.06,0.7,Jake Cronenworth,8.14,630105,SDP,49.37,30,Cutter,FC,18.84,0.09,2373.86,86.27,89.65,57.69
R,0.16,136,36.76,0.4,0.15,Jake Cronenworth,7,630105,SDP,54.41,37.1,Sweeper,ST,29.85,0.2,2582.82,79.9,82.37,59.46
R,0.23,124,31.45,0.38,-0.88,Jake Cronenworth,6.39,630105,SDP,50,30.65,Curveball,CU,23.08,0.38,2617.24,82.66,80.28,53.23
R,0.24,69,11.59,-1.01,0.33,Jake Cronenworth,3.55,630105,SDP,40.58,39.02,Split-Finger,FS,13.51,0.33,1500.76,79.28,87.07,75
R,0.17,17,35.29,0.35,-0.97,Jake Cronenworth,0.88,630105,SDP,41.18,40,Knuckle Curve,KC,40,0.12,2512.31,72.88,81.46,85.71
R,0.18,10,20,-0.44,-0.2,Jake Cronenworth,0.51,630105,SDP,50,20,Slurve,SV,0,0,2247.2,70.93,81.07,60
R,0.36,120,25.83,0.01,1.27,Jase Bowen,28.71,687749,SDP,60.83,27.66,4-Seam Fastball,FF,14.06,0.14,2338.35,84.75,93.68,69.86
R,0.16,93,36.56,-0.14,0.96,Jase Bowen,22.25,687749,SDP,37.63,44.83,Sinker,SI,29.73,0,2149.89,70.76,94.74,31.43
R,0.15,52,48.08,0.72,0.41,Jase Bowen,12.44,687749,SDP,44.23,55.17,Changeup,CH,54.84,0.12,1866.5,95.28,85.58,65.22
R,0.28,41,31.71,0.08,0.43,Jase Bowen,9.81,687749,SDP,39.02,60,Cutter,FC,24,0.6,2369.15,66.15,88.09,62.5
R,0.51,40,37.5,0.08,0.17,Jase Bowen,9.57,687749,SDP,57.5,41.18,Slider,SL,37.5,0.4,2340.5,91.11,85.5,73.91
R,0.3,27,40.74,0.78,0.28,Jase Bowen,6.46,687749,SDP,44.44,66.67,Sweeper,ST,38.89,0.38,2713.26,61.48,85.43,66.67
R,0.16,16,25,-0.41,-0.53,Jase Bowen,3.83,687749,SDP,25,33.33,Curveball,CU,33.33,0,2377.12,94.2,81.29,50
R,0.16,16,50,0.5,-0.54,Jase Bowen,3.83,687749,SDP,43.75,66.67,Knuckle Curve,KC,58.33,0,2575.19,98.95,84.19,85.71
R,0,6,66.67,-1.28,0.63,Jase Bowen,1.44,687749,SDP,66.67,0,Split-Finger,FS,100,0,1656,0,88.03,100
R,0.73,4,25,-0.55,1.3,Jase Bowen,0.96,687749,SDP,0,0,Eephus,EP,0,0,1049.75,0,41,0
R,0,2,0,-0.01,0.92,Jase Bowen,0.48,687749,SDP,0,0,Pitch Out,PO,0,0,2410,0,92.3,0
R,0,1,100,-1.25,-0.31,Jase Bowen,0.24,687749,SDP,100,0,Slurve,SV,0,0,2337,0,80,0
R,0.33,218,19.72,-0.42,1.31,Luis Campusano,21.58,669134,SDP,48.62,35.71,4-Seam Fastball,FF,19.69,0.27,2325.37,86.96,94.99,82.08
R,0.45,205,24.88,-0.92,0.62,Luis Campusano,20.3,669134,SDP,58.54,20,Sinker,SI,11.34,0.37,2245.75,82.41,94.17,66.67
R,0.4,160,35,0.25,0.14,Luis Campusano,15.84,669134,SDP,44.38,24.72,Slider,SL,42.65,0.26,2411.07,78.91,86.68,64.79
R,0.11,115,30.43,1.14,0.16,Luis Campusano,11.39,669134,SDP,38.26,35.21,Sweeper,ST,35.85,0.15,2683.95,76.11,82.47,63.64
R,0.44,113,19.47,-0.62,0.35,Luis Campusano,11.19,669134,SDP,40.71,29.85,Changeup,CH,25.42,0.56,1729.24,79.23,87.15,84.78
R,0.28,86,43.02,0.17,-0.91,Luis Campusano,8.51,669134,SDP,43.02,30.61,Curveball,CU,39.29,0.33,2720.62,89.53,80.77,35.14
R,0.39,74,36.49,0.09,0.7,Luis Campusano,7.33,669134,SDP,44.59,19.51,Cutter,FC,21.74,0.27,2363.72,75.05,91.06,45.45
R,0.24,12,8.33,0.19,-0.57,Luis Campusano,1.19,669134,SDP,41.67,0,Knuckle Curve,KC,0,0.33,2534.45,88.75,83.59,80
R,0.78,9,22.22,-1,0.4,Luis Campusano,0.89,669134,SDP,66.67,0,Split-Finger,FS,0,0.5,1651.78,88.62,89.29,66.67
R,0,6,0,-1.18,0.11,Luis Campusano,0.59,669134,SDP,0,0,Forkball,FO,0,0,1190,0,83.67,0
R,0.22,4,25,-1.18,-0.33,Luis Campusano,0.4,669134,SDP,50,50,Slurve,SV,0,0,2184.75,93.7,80.15,50
R,0.33,3,33.33,-1.05,1.46,Luis Campusano,0.3,669134,SDP,66.67,0,Other,FA,0,1,2250,97.4,84.67,50
R,0,2,0,1.75,0.02,Luis Campusano,0.2,669134,SDP,100,0,Slow Curve,CS,0,0,2388,54.8,64.9,100
R,0,2,0,0,0,Luis Campusano,0.2,669134,SDP,0,0,Unknown,UNK,0,0,0,0,0,0
R,0,1,100,1.04,-0.13,Luis Campusano,0.1,669134,SDP,100,0,Eephus,EP,0,0,1578,0,46.6,0
R,0.32,652,23.93,-0.24,1.3,Luis Rengifo,32.07,650859,SDP,50.61,27.02,4-Seam Fastball,FF,11,0.3,2308.73,81.33,94.25,64.55
R,0.26,307,25.08,0.01,0.69,Luis Rengifo,15.1,650859,SDP,54.4,26.43,Cutter,FC,18.4,0.17,2396.79,77.31,89.74,75.45
R,0.35,266,16.54,-0.31,0.4,Luis Rengifo,13.08,650859,SDP,35.71,36.84,Changeup,CH,20.98,0.27,1773.96,82.72,85.36,84.21
R,0.37,214,21.03,-0.63,0.6,Luis Rengifo,10.53,650859,SDP,47.66,17.86,Sinker,SI,15.79,0.24,2213.08,88.51,93.49,73.53
R,0.31,209,23.44,0.05,0.15,Luis Rengifo,10.28,650859,SDP,32.54,47.52,Slider,SL,26.89,0.24,2499.79,85.07,86.36,76.47
R,0.23,159,25.79,0.35,-0.85,Luis Rengifo,7.82,650859,SDP,36.48,20.79,Curveball,CU,18,0.08,2567.51,76.26,79.8,50
R,0.28,124,18.55,0.31,0.1,Luis Rengifo,6.1,650859,SDP,44.35,37.68,Sweeper,ST,11.94,0.3,2598.2,85.03,82.47,74.55
R,0.23,45,28.89,-0.87,0.23,Luis Rengifo,2.21,650859,SDP,24.44,61.76,Split-Finger,FS,29.63,0.08,1480,76.08,85.75,54.55
R,0.08,20,15,0.27,-0.56,Luis Rengifo,0.98,650859,SDP,20,37.5,Knuckle Curve,KC,30,0,2460.65,86.86,83.84,100
R,0.5,15,40,-0.03,-0.46,Luis Rengifo,0.74,650859,SDP,46.67,12.5,Slurve,SV,0,0.67,2565.13,72.55,79.75,71.43
R,0.35,12,16.67,-0.2,1.43,Luis Rengifo,0.59,650859,SDP,16.67,20,Eephus,EP,25,0.33,1023.25,94.8,43.28,100
R,0.1,8,25,-0.8,1.09,Luis Rengifo,0.39,650859,SDP,75,0,Other,FA,0,1,1440,82.1,64.85,66.67
R,0,2,0,0,0,Luis Rengifo,0.1,650859,SDP,0,0,Unknown,UNK,0,0,0,0,0,0
R,0.41,988,26.92,-0.36,1.3,Manny Machado,29.39,592518,SDP,52.43,28.51,4-Seam Fastball,FF,20.58,0.31,2331.94,87.04,95.29,67.95
R,0.39,636,26.73,-0.81,0.66,Manny Machado,18.92,592518,SDP,54.72,27.08,Sinker,SI,12.93,0.21,2253.88,87.59,94.89,62.07
R,0.27,420,30.48,0.25,0.11,Manny Machado,12.49,592518,SDP,45,28.57,Slider,SL,32.09,0.21,2435.64,81.19,86.25,64.02
R,0.22,420,27.14,0.97,0.12,Manny Machado,12.49,592518,SDP,38.57,35.66,Sweeper,ST,34.62,0.13,2606.85,78.49,83.51,71.6
R,0.26,307,24.43,0.14,0.33,Manny Machado,9.13,592518,SDP,39.41,41.94,Changeup,CH,28.82,0.15,1734.14,81.55,85.89,76.03
R,0.44,289,23.18,0.12,0.65,Manny Machado,8.6,592518,SDP,52.25,20.29,Cutter,FC,12.31,0.29,2362.39,82.33,89.57,67.55
R,0.21,149,28.86,0.26,-0.91,Manny Machado,4.43,592518,SDP,38.26,26.09,Curveball,CU,35,0.04,2632.51,76.93,80.81,63.16
R,0.21,67,19.4,-0.78,0.34,Manny Machado,1.99,592518,SDP,28.36,33.33,Split-Finger,FS,31.25,0.12,1356.52,74.62,87.03,84.21
R,0.22,48,22.92,0.53,-0.81,Manny Machado,1.43,592518,SDP,39.58,24.14,Knuckle Curve,KC,28.57,0.15,2568.47,90.19,82.65,73.68
R,0,21,0,0,0,Manny Machado,0.62,592518,SDP,0,0,Unknown,UNK,0,0,0,0,0,0
R,0.24,11,18.18,-0.93,-0.56,Manny Machado,0.33,592518,SDP,27.27,0,Slurve,SV,0,0.67,2366.36,102.3,80.36,66.67
R,0,4,0,-0.76,0.89,Manny Machado,0.12,592518,SDP,0,0,Pitch Out,PO,0,0,2008,0,90.2,0
R,0,2,0,1.27,0.38,Manny Machado,0.06,592518,SDP,0,0,Slow Curve,CS,0,0,2306,0,65.2,0
R,0.04,1,0,-0.14,1.23,Randy Vásquez,100,681190,SDP,100,0,Eephus,EP,0,0,1074,66.1,44.5,100
R,0.27,369,27.1,-0.72,1.33,Sung-Mun Song,40.68,823550,SDP,52.57,14.29,4-Seam Fastball,FF,13.48,0.19,2353.09,83.84,95.01,59.79
R,0.26,137,21.17,-1.29,0.28,Sung-Mun Song,15.1,823550,SDP,32.12,35.48,Changeup,CH,25,0.19,1772.54,80.11,87.67,70.45
R,0.26,126,35.71,-0.76,0.43,Sung-Mun Song,13.89,823550,SDP,64.29,8.89,Sinker,SI,19.23,0.14,2150.71,71.5,92.58,59.26
R,0.19,84,28.57,0.17,0.14,Sung-Mun Song,9.26,823550,SDP,48.81,34.88,Slider,SL,31.91,0.18,2411.19,79.99,86.46,78.05
R,0.33,83,24.1,0.07,0.66,Sung-Mun Song,9.15,823550,SDP,53.01,28.21,Cutter,FC,16.28,0.17,2419.67,86.08,90.57,72.73
R,0.36,46,21.74,0.91,-0.13,Sung-Mun Song,5.07,823550,SDP,41.3,14.81,Sweeper,ST,26.32,0.67,2812.07,79.03,83.78,78.95
R,0.24,40,30,0.73,-0.97,Sung-Mun Song,4.41,823550,SDP,37.5,8,Curveball,CU,36.36,0,2654.62,81.74,80.96,60
R,0.08,11,0,-1.15,0.26,Sung-Mun Song,1.21,823550,SDP,36.36,28.57,Split-Finger,FS,0,0,1513.09,81.63,85.6,100
R,0.53,6,16.67,-0.05,1,Sung-Mun Song,0.66,823550,SDP,50,33.33,Eephus,EP,0,1,1215.17,95.3,48.42,33.33
R,0,5,20,1.27,-0.97,Sung-Mun Song,0.55,823550,SDP,0,40,Knuckle Curve,KC,50,0,2591.8,63.4,77.9,0
R,0.31,830,25.66,-0.3,1.28,Ty France,35.11,664034,SDP,46.63,28.67,4-Seam Fastball,FF,24.21,0.24,2309.19,83.23,94.85,72.87
R,0.44,417,20.62,-0.75,0.65,Ty France,17.64,664034,SDP,55.16,26.2,Sinker,SI,13.89,0.37,2228.66,84.56,94.85,72.61
R,0.31,256,25.39,0.14,0.17,Ty France,10.83,664034,SDP,51.17,36.8,Slider,SL,24.5,0.27,2371.02,85.82,85.81,80.15
R,0.31,251,17.53,0.89,0.19,Ty France,10.62,664034,SDP,39.44,31.58,Sweeper,ST,20.77,0.24,2630.03,80.07,83.58,82.83
R,0.39,201,27.86,0.02,0.67,Ty France,8.5,664034,SDP,53.23,42.55,Cutter,FC,26.45,0.27,2395.23,81.69,89.09,75.7
R,0.4,184,22.83,0.28,0.34,Ty France,7.78,664034,SDP,43.48,45.19,Changeup,CH,25,0.42,1770.02,91.8,85.87,81.25
R,0.18,124,30.65,-0.06,-0.97,Ty France,5.25,664034,SDP,41.94,30.56,Curveball,CU,35.19,0.2,2599.5,88.75,80.66,61.54
R,0.24,46,28.26,-0.88,0.26,Ty France,1.95,664034,SDP,47.83,50,Split-Finger,FS,34.38,0.45,1389.51,90.26,89.81,90.91
R,0.63,31,16.13,0.38,-0.68,Ty France,1.31,664034,SDP,22.58,29.17,Knuckle Curve,KC,15.38,1,2566.35,83.35,83.18,85.71
R,0,10,0,0,0,Ty France,0.42,664034,SDP,0,0,Unknown,UNK,0,0,0,0,0,0
R,0.04,8,37.5,-0.33,-0.18,Ty France,0.34,664034,SDP,62.5,33.33,Slurve,SV,25,0,2194.25,75.8,81.72,60
R,1.48,4,25,0.18,1.1,Ty France,0.17,664034,SDP,25,0,Eephus,EP,0,1,1116.25,103,46.32,100
R,0,2,0,-0.34,1.8,Ty France,0.08,664034,SDP,0,0,Other,FA,0,0,1786,0,55.55,0
R,0.31,793,28.5,-0.89,0.6,Xander Bogaerts,25.79,593428,SDP,54.85,26.82,Sinker,SI,13.13,0.22,2208.41,84.29,94.35,60.23
R,0.39,685,26.86,-0.29,1.3,Xander Bogaerts,22.28,593428,SDP,55.77,24.75,4-Seam Fastball,FF,10.58,0.23,2329.28,87.05,95.07,62.04
R,0.27,433,32.56,0.15,0.14,Xander Bogaerts,14.08,593428,SDP,42.03,18.73,Slider,SL,34.53,0.17,2450.13,79.47,86.42,50.55
R,0.34,347,25.36,0.74,0.09,Xander Bogaerts,11.28,593428,SDP,44.09,20.1,Sweeper,ST,23.94,0.24,2641.13,80.33,83.47,67.32
R,0.25,267,22.85,0.15,0.3,Xander Bogaerts,8.68,593428,SDP,35.21,27.75,Changeup,CH,34.92,0.14,1704.49,78.02,85.48,82.98
R,0.15,208,34.13,0.19,-0.78,Xander Bogaerts,6.76,593428,SDP,50,20.19,Curveball,CU,34.48,0.13,2568.58,82.96,80.54,63.46
R,0.42,205,31.22,0.13,0.63,Xander Bogaerts,6.67,593428,SDP,49.27,17.31,Cutter,FC,17.57,0.35,2370.58,86.48,89.3,55.45
R,0.12,68,32.35,-0.84,0.19,Xander Bogaerts,2.21,593428,SDP,41.18,20,Split-Finger,FS,54.84,0.06,1402.93,83.36,88.65,82.14
R,0.25,48,31.25,0.47,-0.83,Xander Bogaerts,1.56,593428,SDP,43.75,29.63,Knuckle Curve,KC,36.36,0.27,2539,78.87,82.22,66.67
R,0,13,46.15,-1.12,-0.29,Xander Bogaerts,0.42,593428,SDP,38.46,0,Slurve,SV,50,0,2229.77,81.9,80.75,40
R,0,4,0,0,0,Xander Bogaerts,0.13,593428,SDP,0,0,Unknown,UNK,0,0,0,0,0,0
R,0.4,3,0,0.91,-0.31,Xander Bogaerts,0.1,593428,SDP,66.67,0,Eephus,EP,0,0,1541,102.6,45.63,50
R,0,1,0,-0.68,1.41,Xander Bogaerts,0.03,593428,SDP,100,0,Other,FA,0,0,2058,68.2,79.7,100
R,0.45,399,24.31,-0.18,1.23,,30.76,657656,SDP,49.12,30.54,4-Seam Fastball,FF,24.02,0.25,2305.65,84.57,95.03,72.45
R,0.3,301,20.6,-0.15,1.25,,20.95,609280,SDP,57.48,52.34,4-Seam Fastball,FF,10,0.21,2309.55,83.44,95.62,76.88
R,0.38,282,26.24,-0.86,0.62,,19.62,609280,SDP,59.93,41.59,Sinker,SI,3.33,0.4,2204.62,83.61,94.74,60.95
R,0.34,259,27.03,-0.89,0.55,,19.97,657656,SDP,55.21,36.21,Sinker,SI,15.49,0.28,2220.71,81.83,95.08,69.93
R,0.23,244,26.23,0.16,0,,16.98,609280,SDP,46.72,50,Slider,SL,23.08,0.11,2400.59,82.14,86.43,68.42
R,0.2,215,31.16,0.78,0.09,,14.96,609280,SDP,36.74,30.88,Sweeper,ST,30.49,0.3,2596.93,80.57,83.21,50.63
R,0.33,184,30.98,-0.23,1.36,,28.62,669392,SDP,44.57,37.25,4-Seam Fastball,FF,20.25,0.37,2347.56,76.56,94.58,50
R,0.24,160,24.38,-0.02,1.25,,21.33,592206,SDP,54.37,46.58,4-Seam Fastball,FF,17.17,0.16,2340.48,83.07,95.49,74.71
R,0.34,157,31.21,-0.96,0.66,,24.42,669392,SDP,56.05,17.39,Sinker,SI,10.71,0.35,2186.62,77.17,93.72,50
R,0.1,152,28.29,0.85,0.08,,11.72,657656,SDP,39.47,27.17,Sweeper,ST,43.66,0.03,2622.84,77.27,83.44,76.67
R,0.3,151,31.13,0.19,0.07,,11.64,657656,SDP,53.64,18.57,Slider,SL,31.82,0.17,2395.09,84.33,86.83,65.43
R,0.36,150,28.67,-1.02,0.61,,20,592206,SDP,54.67,41.18,Sinker,SI,22.99,0.27,2204.72,84.2,94.94,71.95
R,0.2,147,22.45,0.64,0.22,,10.23,609280,SDP,35.37,50.53,Changeup,CH,26.37,0.3,1684.41,76.65,84.53,82.69
R,0.35,143,27.97,-0.46,1.37,,28.15,660710,SDP,51.05,28.57,4-Seam Fastball,FF,16.42,0.13,2319.89,83.68,95.43,64.38
L,0.36,129,20.93,-0.53,1.41,,42.86,695238,SDP,51.94,17.74,4-Seam Fastball,FF,9.09,0.26,2425.84,75.46,96,65.67
R,0.24,122,24.59,0.12,0.2,,9.41,657656,SDP,35.25,43.04,Changeup,CH,39.47,0.21,1716.3,81.49,85.62,97.67
L,0.2,122,35.25,-0.2,1.27,,38.36,669369,SDP,60.66,22.92,4-Seam Fastball,FF,30,0.19,2349.16,72.26,95.46,66.22
R,0.25,120,32.5,0.25,0.07,,16,592206,SDP,46.67,37.5,Slider,SL,45.95,0.16,2518.44,83.67,87.48,89.29
R,0.43,119,26.05,0.78,0.18,,15.87,592206,SDP,38.66,38.36,Sweeper,ST,32.81,0.25,2608.69,75.02,82.53,78.26
R,0.14,112,33.93,0.2,0.21,,22.05,660710,SDP,42.86,40.62,Slider,SL,29.09,0.07,2437.7,73.72,86.75,60.42
R,0.38,99,23.23,0.04,0.64,,6.89,609280,SDP,42.42,28.07,Cutter,FC,25,0.1,2303.43,80.92,89.49,66.67
R,0.23,96,36.46,0.13,0.69,,7.4,657656,SDP,50,39.58,Cutter,FC,36.54,0.11,2382.47,82.88,90.14,68.75
R,0.4,94,29.79,0.2,0.14,,14.62,669392,SDP,46.81,22,Slider,SL,22.58,0.41,2474.99,74.01,87.2,45.45
R,0.24,83,31.33,-1.04,0.54,,16.34,660710,SDP,55.42,32.43,Sinker,SI,9.3,0.04,2216.61,83.35,94.5,67.39
R,0.49,73,17.81,-0.13,-0.88,,5.08,609280,SDP,41.1,25.58,Curveball,CU,17.65,0.53,2467.51,85.52,79.09,76.67
R,0.23,72,25,0.16,0.12,,9.6,592206,SDP,38.89,38.64,Changeup,CH,31.58,0.07,1610.99,79.81,85.46,75
R,0.16,56,44.64,-0.08,-0.86,,4.32,657656,SDP,44.64,25.81,Curveball,CU,44.44,0.2,2556.39,71.55,79.76,40
R,0.28,54,31.48,0.9,0.07,,10.63,660710,SDP,33.33,25,Sweeper,ST,41.18,0.25,2683.83,81.55,84.18,44.44
R,0.15,49,30.61,0.77,0.36,,9.65,660710,SDP,34.69,18.75,Changeup,CH,47.06,0,1741.88,70.1,85.89,64.71
R,0.44,48,29.17,0.16,0.72,,6.4,592206,SDP,43.75,40.74,Cutter,FC,38.71,0.33,2388.98,83.32,89.49,95.24
R,0.58,48,22.92,0.32,0.47,,7.47,669392,SDP,35.42,38.71,Changeup,CH,21.74,0.67,1745.42,71.11,84.4,64.71
R,0.78,46,13.04,0.02,0.6,,7.15,669392,SDP,39.13,7.14,Cutter,FC,12.5,0.67,2302.74,69.58,88.16,77.78
R,0.32,42,45.24,0.39,-0.91,,6.53,669392,SDP,57.14,16.67,Curveball,CU,20,0.18,2469.95,85.57,79.98,29.17
R,0.32,41,17.07,-0.37,0.1,,2.85,609280,SDP,36.59,38.46,Split-Finger,FS,25,0.36,1335.07,79.54,86.97,93.33
L,0.46,39,20.51,-1.04,0.2,,12.96,695238,SDP,35.9,40,Changeup,CH,14.29,0.5,1509.38,75.98,88.41,78.57
L,0.17,38,13.16,-0.19,0.24,,11.95,669369,SDP,34.21,32,Changeup,CH,11.11,0.22,1581.87,74.57,84.71,76.92
R,0.11,37,27.03,-0.97,0.19,,4.93,592206,SDP,27.03,25.93,Split-Finger,FS,50,0,1325.89,70.2,89.68,90
R,0.2,37,40.54,-0.71,0.24,,2.85,657656,SDP,43.24,47.62,Split-Finger,FS,45,0.25,1408.92,80.86,88.89,62.5
L,0.18,35,31.43,-0.48,0.67,,11.01,669369,SDP,54.29,12.5,Sinker,SI,33.33,0,2279.31,79.85,94.14,68.42
L,0.2,32,46.88,0.53,0.13,,10.06,669369,SDP,28.12,60.87,Sweeper,ST,50,0.22,2553.09,49.55,84.33,22.22
R,0.3,32,31.25,0.75,0.16,,4.98,669392,SDP,40.62,31.58,Sweeper,ST,33.33,0.3,2551.78,80.1,85.32,69.23
R,0.17,30,33.33,0.03,0.65,,5.91,660710,SDP,60,25,Cutter,FC,8.33,0.22,2387.57,89.78,89.4,50
L,0.21,29,51.72,0.21,0.11,,9.12,669369,SDP,41.38,64.71,Slider,SL,47.06,0.43,2490.62,85.66,86.19,50
L,0.03,27,37.04,0.18,0.07,,8.97,695238,SDP,37.04,17.65,Slider,SL,40,0,2553.33,85.33,88.23,20
R,0.02,25,32,0.21,-0.87,,3.33,592206,SDP,56,72.73,Curveball,CU,26.32,0,2819.52,67.5,77.7,78.57
L,0.13,25,40,-0.92,-0.01,,8.31,695238,SDP,20,45,Split-Finger,FS,57.14,0,1391.84,86.82,90,100
R,0.01,23,47.83,-1.02,0.16,,4.53,660710,SDP,47.83,66.67,Split-Finger,FS,57.89,0,1372.13,65.97,86.06,100
L,0.01,23,39.13,-0.28,0.69,,7.23,669369,SDP,47.83,66.67,Cutter,FC,28.57,0,2497.91,85.68,87.8,54.55
L,0.41,23,17.39,0.65,-0.91,,7.64,695238,SDP,21.74,16.67,Curveball,CU,0,0,2466.04,81.63,82.01,60
R,0.5,21,19.05,0.52,1.35,,51.22,669256,SDP,52.38,20,4-Seam Fastball,FF,0,0,2346.71,95.37,94.45,63.64
R,0.2,21,38.1,-0.54,0.15,,3.27,669392,SDP,33.33,57.14,Split-Finger,FS,50,0,1191.14,64.51,89.9,85.71
L,0.29,20,35,0.21,0.68,,6.64,695238,SDP,55,22.22,Cutter,FC,0,0.5,2399.6,81.4,90.93,54.55
L,0.1,19,15.79,-0.13,-0.62,,5.97,669369,SDP,68.42,33.33,Curveball,CU,0,0,2512,76.32,80.26,61.54
R,0.47,17,29.41,0.88,-0.67,,1.31,657656,SDP,41.18,40,Knuckle Curve,KC,40,0.5,2453.12,61.36,80.26,85.71
R,0.09,15,20,0.32,-1.12,,2.33,669392,SDP,53.33,14.29,Knuckle Curve,KC,14.29,0.29,2696.13,79.57,81.43,75
R,0,14,57.14,0.11,1.3,,41.18,675448,SDP,71.43,50,4-Seam Fastball,FF,50,0,2221.29,80.1,94.49,20
R,0.18,13,15.38,0.76,-0.74,,0.9,609280,SDP,53.85,0,Knuckle Curve,KC,0,0.25,2489.46,75.34,81.25,71.43
L,0.37,12,33.33,0.39,-0.86,,3.99,695238,SDP,50,33.33,Knuckle Curve,KC,33.33,0,2688,74.8,84.57,66.67
R,0,11,36.36,0.83,-0.64,,1.47,592206,SDP,18.18,22.22,Knuckle Curve,KC,100,0,2383.18,0,83.53,50
L,0.35,11,36.36,-1.2,0.09,,3.46,669369,SDP,18.18,66.67,Split-Finger,FS,42.86,0.4,1635.91,66.6,89.45,50
L,0.31,11,36.36,-1.26,0.49,,3.65,695238,SDP,54.55,0,Sinker,SI,0,0.25,2164.55,91.2,93.75,33.33
R,0.3,10,20,0.37,-1.04,,1.97,660710,SDP,30,42.86,Curveball,CU,25,0.67,2622.8,84.63,82.54,33.33
R,0,10,40,-0.93,0.61,,29.41,675448,SDP,40,66.67,Changeup,CH,50,0,1884,66.15,84.82,100
R,0,9,0,0,0,,0.63,609280,SDP,0,0,Unknown,UNK,0,0,0,0,0,0
R,0.22,8,25,-0.51,-0.49,,0.56,609280,SDP,50,50,Slurve,SV,0,0,2152.62,81.65,82.76,50
R,0,8,50,-0.33,-0.35,,0.62,657656,SDP,25,66.67,Slurve,SV,66.67,0,2277,66.1,84.28,100
L,0,8,0,0,0,,2.66,695238,SDP,0,0,Unknown,UNK,0,0,0,0,0,0
L,0.31,7,0,1.12,0.03,,2.33,695238,SDP,28.57,40,Sweeper,ST,0,0.25,2653.57,69.4,87.49,100
R,0.51,6,0,0.43,0.52,,14.63,669256,SDP,0,33.33,Changeup,CH,0,0,1860.83,82,86.13,0
R,0.26,6,33.33,-0.46,-1.22,,14.63,669256,SDP,66.67,0,Curveball,CU,0,0,2309.67,95.4,80.9,50
R,0,6,33.33,-0.12,-0.99,,17.65,675448,SDP,0,33.33,Curveball,CU,100,0,2271.67,0,82.37,0
R,0.7,5,20,-0.08,0.96,,0.35,609280,SDP,0,0,Eephus,EP,0,0,1106.6,0,45.24,0
L,0,5,40,0.02,-1.17,,1.57,669369,SDP,0,40,Knuckle Curve,KC,100,0,2643.2,0,79.52,0
R,0,4,0,0,0,,0.53,592206,SDP,0,0,Unknown,UNK,0,0,0,0,0,0
R,0.89,4,0,0.52,-1.17,,0.79,660710,SDP,25,0,Knuckle Curve,KC,0,1,2671.5,101.1,81.32,100
R,0.28,4,0,0.15,0.54,,9.76,669256,SDP,50,100,Cutter,FC,0,1,2165,64.8,85.9,100
L,0,4,0,-0.89,-0.64,,1.26,669369,SDP,50,0,Slurve,SV,0,0,2174,79.1,82.65,100
R,0,2,0,-0.51,1.32,,0.27,592206,SDP,0,0,Pitch Out,PO,0,0,1986,0,88.8,0
R,0.84,2,0,-0.82,-0.61,,0.27,592206,SDP,0,100,Slurve,SV,0,1,2105,67.6,80.6,0
R,0,2,100,0.56,0.36,,4.88,669256,SDP,100,0,Slider,SL,0,0,2575,0,85.7,0
R,0.1,2,0,-1.23,-0.05,,4.88,669256,SDP,100,0,Sweeper,ST,0,0,2552,83.5,80.4,100
R,0.26,2,0,-0.79,1.88,,0.31,669392,SDP,0,100,Eephus,EP,0,0,1046,83.9,39.6,0
R,0,2,0,-0.99,2.04,,0.31,669392,SDP,0,0,Other,FA,0,0,1511,0,55.3,0
R,0,2,100,-0.24,0.55,,5.88,675448,SDP,100,0,Cutter,FC,0,0,1898,0,88.7,0
R,0,2,0,0.21,0.26,,5.88,675448,SDP,0,0,Slider,SL,0,0,2508,0,85.1,0
R,0.33,294,27.21,-0.32,1.38,Brendan Donovan,30.53,680977,SEA,52.04,25.53,4-Seam Fastball,FF,10.94,0.36,2320.91,82.37,94.75,60.13
R,0.32,237,30.38,-0.31,0.74,Brendan Donovan,24.61,680977,SEA,54.43,14.81,Sinker,SI,10.87,0.15,2184.89,81.85,93.64,58.91
R,0.17,128,21.88,-0.03,0.14,Brendan Donovan,13.29,680977,SEA,43.75,33.33,Slider,SL,19.7,0.11,2476.72,78.32,86.54,75
R,0.35,97,23.71,-1.22,0.47,Brendan Donovan,10.07,680977,SEA,38.14,41.67,Changeup,CH,25.45,0.34,1802.13,76.02,86.41,81.08
R,0.46,86,2.33,0.16,0.78,Brendan Donovan,8.93,680977,SEA,40.7,7.84,Cutter,FC,0,0.6,2458.66,82.69,91.1,94.29
R,0.44,51,21.57,0.28,-0.98,Brendan Donovan,5.3,680977,SEA,39.22,29.03,Curveball,CU,14.29,0.5,2596.74,86.64,79.28,60
R,0.24,49,32.65,0.55,-0.12,Brendan Donovan,5.09,680977,SEA,46.94,38.46,Sweeper,ST,33.33,0.08,2738.92,79.29,81.41,60.87
R,0.22,10,20,-0.89,-0.08,Brendan Donovan,1.04,680977,SEA,20,12.5,Split-Finger,FS,0,1,1156.7,97.3,84.61,0
R,0.16,5,40,-0.6,-0.35,Brendan Donovan,0.52,680977,SEA,60,100,Slurve,SV,40,0.33,2165.2,78.07,82.9,100
R,0,4,50,0.08,-1.21,Brendan Donovan,0.42,680977,SEA,50,0,Knuckle Curve,KC,0,0,2550.5,0,81.05,0
R,0,2,0,0,0,Brendan Donovan,0.21,680977,SEA,0,0,Unknown,UNK,0,0,0,0,0,0
R,0.28,1041,27.47,-0.22,1.34,Cal Raleigh,37.76,663728,SEA,46.21,41.25,4-Seam Fastball,FF,26.5,0.12,2316.8,86.94,94.98,69.65
R,0.31,369,28.73,-0.14,0.37,Cal Raleigh,13.38,663728,SEA,36.86,40.34,Changeup,CH,36.08,0.24,1714.18,81.18,85.92,73.53
R,0.3,295,28.47,-0.05,0.08,Cal Raleigh,10.7,663728,SEA,46.1,32.08,Slider,SL,32.26,0.21,2518.26,90.06,86.57,76.47
R,0.3,283,21.2,0.1,0.68,Cal Raleigh,10.26,663728,SEA,39.93,38.82,Cutter,FC,26.42,0.13,2354.64,85.18,90.05,82.3
R,0.24,212,25.47,0.1,-0.96,Cal Raleigh,7.69,663728,SEA,31.13,28.08,Curveball,CU,33.33,0.06,2592.24,79.48,79.78,56.06
R,0.42,197,24.37,-0.73,0.6,Cal Raleigh,7.15,663728,SEA,55.33,30.68,Sinker,SI,14.13,0.26,2166.38,83.39,94.18,59.63
R,0.23,157,26.75,0.1,0.04,Cal Raleigh,5.69,663728,SEA,48.41,29.63,Sweeper,ST,27.27,0.04,2593.43,79.19,82.71,69.74
R,0.31,124,20.97,-0.78,0.2,Cal Raleigh,4.5,663728,SEA,29.03,31.82,Split-Finger,FS,33.33,0.22,1338.69,82.19,87.41,80.56
R,0.17,69,33.33,0.48,-1.06,Cal Raleigh,2.5,663728,SEA,37.68,27.91,Knuckle Curve,KC,45.83,0.07,2641.99,89.34,81.12,46.15
R,0.58,10,50,-0.54,-0.73,Cal Raleigh,0.36,663728,SEA,50,40,Slurve,SV,50,0.5,2604.1,102.1,80.88,40
R,0.32,1043,23.78,-0.25,1.36,Cole Young,33.04,702284,SEA,54.36,27.94,4-Seam Fastball,FF,12.78,0.24,2309.2,82.63,94.54,70.37
R,0.37,535,23.74,0.04,0.67,Cole Young,16.95,702284,SEA,60.37,25.47,Sinker,SI,8.09,0.29,2191.95,84.19,93.76,67.49
R,0.31,387,27.91,-0.03,0.12,Cole Young,12.26,702284,SEA,40.57,31.74,Slider,SL,29.31,0.22,2425.91,81.87,85.95,64.33
R,0.25,329,20.06,-0.96,0.36,Cole Young,10.42,702284,SEA,34.65,35.81,Changeup,CH,21.12,0.17,1751.6,78.91,86.38,73.68
R,0.37,279,24.73,0.1,0.71,Cole Young,8.84,702284,SEA,47.67,28.08,Cutter,FC,19.26,0.33,2436.71,81.51,89.76,70.68
R,0.21,234,29.91,-0.13,0.06,Cole Young,7.41,702284,SEA,39.32,29.58,Sweeper,ST,29.79,0.1,2636.64,76.11,82.47,56.52
R,0.38,161,26.71,0.4,-0.91,Cole Young,5.1,702284,SEA,42.86,29.35,Curveball,CU,6.78,0.29,2631.12,88.18,79.69,46.38
R,0.25,123,10.57,-0.88,0.23,Cole Young,3.9,702284,SEA,27.64,37.08,Split-Finger,FS,11.48,0.24,1423.06,76.79,87.06,82.35
R,0.4,37,43.24,0.58,-0.99,Cole Young,1.17,702284,SEA,51.35,44.44,Knuckle Curve,KC,11.76,0,2431.89,87.36,81.38,47.37
R,0.29,17,76.47,-0.72,-0.34,Cole Young,0.54,702284,SEA,58.82,28.57,Slurve,SV,100,0,2469.12,0,82.46,20
R,0.18,5,20,-0.31,1.52,Cole Young,0.16,702284,SEA,60,50,Other,FA,0,0,1643.2,93.85,71.4,33.33
R,0.12,4,0,0.6,0.29,Cole Young,0.13,702284,SEA,0,50,Eephus,EP,0,0,1142,76,34.95,0
R,0,2,0,1.39,-0.33,Cole Young,0.06,702284,SEA,100,0,Slow Curve,CS,0,0,2609.5,61.45,69.85,100
R,0,1,0,0,0,Cole Young,0.03,702284,SEA,0,0,Unknown,UNK,0,0,0,0,0,0
R,0.2,500,35.8,-0.24,1.36,Colt Emerson,33.53,806068,SEA,53.6,42.67,4-Seam Fastball,FF,35.44,0.19,2322.08,81.46,94.6,69.4
R,0.37,240,24.58,0.23,0.59,Colt Emerson,16.1,806068,SEA,53.33,30.36,Sinker,SI,17.19,0.31,2159.28,78.62,93.86,73.44
R,0.23,151,33.11,-0.95,0.31,Colt Emerson,10.13,806068,SEA,36.42,50,Changeup,CH,39.76,0.17,1769.17,74.63,86.55,63.64
R,0.21,147,29.93,-0.07,0.14,Colt Emerson,9.86,806068,SEA,36.73,39.78,Slider,SL,37.18,0.17,2423.18,79.97,86.14,75.93
R,0.16,136,34.56,0.77,-1,Colt Emerson,9.12,806068,SEA,43.38,40.26,Curveball,CU,33.85,0.14,2681.26,80.84,80.83,57.63
R,0.23,115,29.57,-0.17,-0.07,Colt Emerson,7.71,806068,SEA,35.65,44.59,Sweeper,ST,28.57,0.11,2708.94,78.99,82.58,56.1
R,0.26,101,25.74,-0.03,0.87,Colt Emerson,6.77,806068,SEA,61.39,17.95,Cutter,FC,27.12,0.18,2365.05,81.78,89.86,83.87
R,0.37,62,9.68,-0.79,0.14,Colt Emerson,4.16,806068,SEA,45.16,26.47,Split-Finger,FS,8.82,0.33,1336.89,85.18,87.19,89.29
R,0.14,36,41.67,0.51,-0.8,Colt Emerson,2.41,806068,SEA,61.11,42.86,Knuckle Curve,KC,31.58,0.11,2417.92,91.11,83.41,59.09
R,0.28,2,0,-1.69,-0.35,Colt Emerson,0.13,806068,SEA,100,0,Slurve,SV,0,0,2727,88.7,81.3,100
R,0,1,0,0,0,Colt Emerson,0.07,806068,SEA,0,0,Unknown,UNK,0,0,0,0,0,0
R,0.44,579,28.32,-0.38,1.31,Dominic Canzone,24.17,686527,SEA,52.33,41.67,4-Seam Fastball,FF,15.53,0.3,2329.78,87.06,94.8,64.03
R,0.28,394,24.62,-1.13,0.36,Dominic Canzone,16.44,686527,SEA,38.07,37.7,Changeup,CH,29.27,0.21,1723.51,81.33,87.07,75.33
R,0.36,375,34.4,-0.13,0.65,Dominic Canzone,15.65,686527,SEA,56,26.06,Sinker,SI,17.11,0.21,2170.09,86.04,93.88,51.9
R,0.37,335,31.64,-0.08,0.17,Dominic Canzone,13.98,686527,SEA,40.6,41.71,Slider,SL,34.43,0.3,2458.09,82.26,86.45,73.53
R,0.31,217,29.03,0.41,-0.96,Dominic Canzone,9.06,686527,SEA,32.26,27.89,Curveball,CU,36.99,0.2,2687.22,82.29,80.06,45.71
R,0.47,165,25.45,0.12,0.69,Dominic Canzone,6.89,686527,SEA,52.12,24.05,Cutter,FC,12.5,0.36,2427.71,82.53,90.5,61.63
R,0.13,136,28.68,0.23,0.01,Dominic Canzone,5.68,686527,SEA,38.97,24.1,Sweeper,ST,26.19,0.16,2649.74,81.11,82.14,41.51
R,0.37,110,32.73,-0.75,0.11,Dominic Canzone,4.59,686527,SEA,44.55,39.34,Split-Finger,FS,40.32,0.23,1342.86,84.45,86.39,77.55
R,0.11,50,22,0.7,-0.99,Dominic Canzone,2.09,686527,SEA,24,23.68,Knuckle Curve,KC,44.44,0.25,2641.58,81.45,80.85,75
R,0.34,12,25,-0.52,-0.65,Dominic Canzone,0.5,686527,SEA,8.33,27.27,Slurve,SV,75,1,2390.5,87.6,82.48,100
R,0,12,0,0,0,Dominic Canzone,0.5,686527,SEA,0,0,Unknown,UNK,0,0,0,0,0,0
R,0.03,8,25,-0.54,1.78,Dominic Canzone,0.33,686527,SEA,0,50,Eephus,EP,50,0,1054.75,74.9,41.42,0
R,0,3,0,1.22,0.1,Dominic Canzone,0.13,686527,SEA,0,0,Slow Curve,CS,0,0,2493,0,70.13,0
R,0.33,124,16.13,-0.45,1.4,Jhonny Pereda,25.83,640902,SEA,57.26,24.53,4-Seam Fastball,FF,7.25,0.28,2298.68,84,94.04,78.87
R,0.16,105,38.1,-0.78,0.73,Jhonny Pereda,21.88,640902,SEA,56.19,28.26,Sinker,SI,19.57,0.15,2204.73,83.84,93.88,55.93
R,0.25,101,28.71,0.25,0.22,Jhonny Pereda,21.04,640902,SEA,40.59,28.33,Slider,SL,27.27,0.11,2415.15,76.88,85.51,65.85
R,0.47,57,40.35,0.18,0.82,Jhonny Pereda,11.88,640902,SEA,59.65,39.13,Cutter,FC,27.27,0.45,2379.19,78.56,90.06,70.59
R,0.83,32,9.38,0.62,-0.03,Jhonny Pereda,6.67,640902,SEA,31.25,13.64,Sweeper,ST,15.38,0.33,2588.34,84.72,82.97,100
R,0.4,24,12.5,0.39,0.33,Jhonny Pereda,5,640902,SEA,37.5,33.33,Changeup,CH,21.43,0.4,1671.12,79.71,84.44,100
R,0.48,22,45.45,-0.05,-1.16,Jhonny Pereda,4.58,640902,SEA,63.64,50,Curveball,CU,0,0.33,2793.41,83.35,75.67,28.57
R,0,6,0,0.52,0.26,Jhonny Pereda,1.25,640902,SEA,33.33,0,Eephus,EP,0,0,1160.33,93.5,36.7,100
R,1.01,3,33.33,-1.36,-0.45,Jhonny Pereda,0.62,640902,SEA,66.67,100,Slurve,SV,33.33,0.67,2672,106.7,83.57,100
R,0.11,3,0,-0.79,0.13,Jhonny Pereda,0.62,640902,SEA,33.33,0,Split-Finger,FS,0,0,1261,90.8,85.3,100
R,0,3,0,0,0,Jhonny Pereda,0.62,640902,SEA,0,66.67,Unknown,UNK,0,0.67,0,0,0,0
R,0.38,681,19.38,-0.25,1.33,Josh Naylor,24.69,647304,SEA,47.58,41.74,4-Seam Fastball,FF,6.28,0.32,2317.76,84.82,94.6,66.98
R,0.34,510,22.75,0.02,0.63,Josh Naylor,18.49,647304,SEA,48.82,32.57,Sinker,SI,9.54,0.32,2160.22,86,93.59,62.65
R,0.24,378,29.37,-0.12,0.14,Josh Naylor,13.71,647304,SEA,46.03,40.69,Slider,SL,28.22,0.18,2424.65,79.17,85.99,68.39
R,0.3,298,16.78,-0.89,0.36,Josh Naylor,10.8,647304,SEA,36.58,37.04,Changeup,CH,20.13,0.16,1741.03,79.9,86.92,81.65
R,0.37,262,20.23,0.09,0.68,Josh Naylor,9.5,647304,SEA,50,33.59,Cutter,FC,8.7,0.37,2391.8,81.97,89.69,71.76
R,0.23,204,31.37,0.4,-0.95,Josh Naylor,7.4,647304,SEA,41.18,40,Curveball,CU,34.69,0.19,2622.11,77.99,80.04,59.52
R,0.29,195,27.69,-0.27,0.03,Josh Naylor,7.07,647304,SEA,38.46,30.83,Sweeper,ST,30.95,0.29,2579.84,80.31,82,62.67
R,0.33,121,19.01,-0.79,0.24,Josh Naylor,4.39,647304,SEA,43.8,39.71,Split-Finger,FS,18.84,0.21,1392.73,80.53,86.14,79.25
R,0.32,67,10.45,0.75,-1.01,Josh Naylor,2.43,647304,SEA,23.88,29.41,Knuckle Curve,KC,22.58,0.29,2546.93,76.96,80.75,100
R,0,24,0,0,0,Josh Naylor,0.87,647304,SEA,0,0,Unknown,UNK,0,0,0,0,0,0
R,0,11,18.18,-0.43,-0.3,Josh Naylor,0.4,647304,SEA,27.27,25,Slurve,SV,40,0,2367.91,68.47,83.01,100
R,0,4,0,0.76,0.34,Josh Naylor,0.15,647304,SEA,0,50,Eephus,EP,0,0,1195.5,78.4,36.35,0
R,0.34,2,0,-0.5,1.28,Josh Naylor,0.07,647304,SEA,100,0,Other,FA,0,1,0,102.3,67.1,100
R,0,1,0,1.32,-0.57,Josh Naylor,0.04,647304,SEA,0,0,Slow Curve,CS,0,0,2595,0,70,0
R,0.38,781,24.97,-0.03,1.33,Julio Rodríguez,25.58,677594,SEA,46.61,32.13,4-Seam Fastball,FF,24.24,0.23,2303.15,84.57,94.52,71.98
R,0.36,584,22.6,-0.93,0.76,Julio Rodríguez,19.13,677594,SEA,53.77,34.07,Sinker,SI,9.03,0.26,2187.67,86.75,94.58,69.43
R,0.33,473,32.35,0.16,0.14,Julio Rodríguez,15.49,677594,SEA,40.38,51.42,Slider,SL,31.65,0.25,2442.5,81.64,86.87,69.63
R,0.45,296,21.96,0.12,0.48,Julio Rodríguez,9.7,677594,SEA,28.72,44.55,Changeup,CH,31.14,0.34,1798.77,82.42,85.57,85.88
R,0.35,293,25.26,0.15,0.68,Julio Rodríguez,9.6,677594,SEA,47.44,33.77,Cutter,FC,23.49,0.21,2398.73,82.08,89.87,69.78
R,0.26,275,31.27,0.8,0.11,Julio Rodríguez,9.01,677594,SEA,37.45,38.37,Sweeper,ST,31.75,0.2,2603.17,79.86,83.49,58.25
R,0.32,205,43.41,0.08,-1,Julio Rodríguez,6.71,677594,SEA,35.61,46.97,Curveball,CU,46.15,0.2,2660.07,81.05,80.4,39.73
R,0.17,75,30.67,-0.73,0.33,Julio Rodríguez,2.46,677594,SEA,38.67,41.3,Split-Finger,FS,41.86,0.15,1288.28,78.84,86.71,82.76
R,0.25,41,31.71,0.45,-1.04,Julio Rodríguez,1.34,677594,SEA,36.59,30.77,Knuckle Curve,KC,20,0.29,2550.98,89.56,79.89,46.67
R,0,16,0,0,0,Julio Rodríguez,0.52,677594,SEA,0,0,Unknown,UNK,0,0,0,0,0,0
R,0.39,12,50,-0.03,-0.41,Julio Rodríguez,0.39,677594,SEA,16.67,10,Slurve,SV,50,1,2407.25,105.8,81.97,50
R,0.13,2,0,0.42,-0.02,Julio Rodríguez,0.07,677594,SEA,0,100,Eephus,EP,0,0,1226,89.7,38.5,0
R,0.28,329,28.27,-0.17,1.34,Leo Rivas,35.34,660844,SEA,53.5,15.03,4-Seam Fastball,FF,7.5,0.13,2270.12,81.92,93.54,55.11
R,0.28,126,39.68,-0.48,0.69,Leo Rivas,13.53,660844,SEA,73.81,6.06,Sinker,SI,12.24,0.15,2152.89,81.55,93.54,50.54
R,0.16,116,31.03,0.17,0.69,Leo Rivas,12.46,660844,SEA,47.41,13.11,Cutter,FC,19.44,0.23,2403.75,77.17,90.06,50.91
R,0.28,108,21.3,-0.41,0.48,Leo Rivas,11.6,660844,SEA,42.59,11.29,Changeup,CH,25,0.29,1777.81,79.65,85.24,71.74
R,0.14,103,37.86,0.05,0.05,Leo Rivas,11.06,660844,SEA,34.95,28.36,Slider,SL,61.9,0,2417.86,77,85.08,63.89
R,0.15,60,36.67,0.38,-1.01,Leo Rivas,6.44,660844,SEA,60,0,Curveball,CU,35.29,0,2699.6,68.51,79.75,47.22
R,0.29,53,41.51,0.26,0.16,Leo Rivas,5.69,660844,SEA,54.72,20.83,Sweeper,ST,26.67,0.18,2573.51,70.45,82.17,34.48
R,0.32,28,21.43,-0.59,0.32,Leo Rivas,3.01,660844,SEA,42.86,25,Split-Finger,FS,37.5,0,1339.32,80.27,84.99,100
R,0,4,50,1.11,-0.9,Leo Rivas,0.43,660844,SEA,50,0,Knuckle Curve,KC,100,0,2768,0,77.5,100
R,0.12,4,50,-0.47,1.5,Leo Rivas,0.43,660844,SEA,50,0,Other,FA,0,0,1580.75,90.7,67.45,50
R,0.35,957,31.87,-0.25,1.36,Randy Arozarena,28.31,668227,SEA,50.68,29.87,4-Seam Fastball,FF,29.37,0.23,2310.02,85.52,94.56,66.39
R,0.38,720,32.08,-1.03,0.72,Randy Arozarena,21.3,668227,SEA,56.94,13.87,Sinker,SI,18.57,0.32,2199.26,85.09,94.43,57.8
R,0.31,465,29.89,0.2,0.09,Randy Arozarena,13.75,668227,SEA,42.58,37.08,Slider,SL,28.51,0.32,2469.47,82.67,86.91,65.15
R,0.33,375,21.33,-0.11,0.41,Randy Arozarena,11.09,668227,SEA,40.53,34.53,Changeup,CH,19.27,0.29,1782.91,81.74,85.88,75.66
R,0.38,296,26.01,0.69,0.12,Randy Arozarena,8.75,668227,SEA,38.51,42.31,Sweeper,ST,22.67,0.29,2591.86,85.14,82.87,64.04
R,0.4,241,34.02,0.12,0.65,Randy Arozarena,7.13,668227,SEA,50.62,33.61,Cutter,FC,21.57,0.43,2411.73,82.08,89.53,50.82
R,0.29,185,27.57,0.07,-0.89,Randy Arozarena,5.47,668227,SEA,38.38,37.72,Curveball,CU,24.39,0.24,2620.64,81.22,80.33,54.93
R,0.27,82,17.07,-0.79,0.16,Randy Arozarena,2.43,668227,SEA,24.39,32.26,Split-Finger,FS,29.73,0.13,1359.88,86.02,86.96,85
R,0.39,38,34.21,0.62,-0.72,Randy Arozarena,1.12,668227,SEA,57.89,31.25,Knuckle Curve,KC,38.1,0.4,2370.11,81.09,81.44,72.73
R,0,10,60,-0.62,-0.3,Randy Arozarena,0.3,668227,SEA,50,60,Slurve,SV,33.33,0,2316.5,89.4,82.27,0
R,0.46,6,66.67,-0.11,1.3,Randy Arozarena,0.18,668227,SEA,33.33,50,Eephus,EP,50,0,1024,97.3,39.77,100
R,0.36,3,0,0.16,0.15,Randy Arozarena,0.09,668227,SEA,0,33.33,Other,FA,0,0,1662,92.1,59.83,0
R,0,2,0,0,0,Randy Arozarena,0.06,668227,SEA,0,0,Unknown,UNK,0,0,0,0,0,0
R,0,1,100,1.83,-0.02,Randy Arozarena,0.03,668227,SEA,100,0,Slow Curve,CS,100,0,2565,0,67.8,100
R,0.41,1033,27.4,-0.22,1.32,Taylor Ward,28.27,621493,SEA,51.21,13.49,4-Seam Fastball,FF,16.67,0.27,2291.45,85.05,94.67,62
R,0.38,803,34.25,-0.56,0.63,Taylor Ward,21.98,621493,SEA,61.52,8.09,Sinker,SI,7.95,0.34,2197.72,85.38,94.09,48.38
R,0.24,542,28.6,0.16,0.16,Taylor Ward,14.83,621493,SEA,45.2,17.17,Slider,SL,21.08,0.17,2426.03,80.45,86.35,54.69
R,0.3,378,30.42,0.84,0.13,Taylor Ward,10.34,621493,SEA,45.24,14.49,Sweeper,ST,20.54,0.11,2598.17,79.36,82.98,47.95
R,0.33,343,33.82,0.11,0.68,Taylor Ward,9.39,621493,SEA,53.64,15.09,Cutter,FC,19.13,0.22,2354.09,81.02,89.41,49.46
R,0.23,266,19.55,0.36,0.34,Taylor Ward,7.28,621493,SEA,40.6,24.68,Changeup,CH,15.74,0.23,1744.63,82.54,85.25,63.89
R,0.27,157,29.3,0.26,-0.88,Taylor Ward,4.3,621493,SEA,37.58,16.33,Curveball,CU,29.55,0.06,2584.41,86.25,79.89,47.46
R,0.35,75,18.67,-0.8,0.16,Taylor Ward,2.05,621493,SEA,38.67,13.04,Split-Finger,FS,22.22,0.08,1317.76,84.42,85.33,72.41
R,0.25,33,27.27,0.62,-0.97,Taylor Ward,0.9,621493,SEA,33.33,9.09,Knuckle Curve,KC,50,0,2563.7,83.1,81.46,54.55
R,0,18,0,0,0,Taylor Ward,0.49,621493,SEA,0,0,Unknown,UNK,0,0,0,0,0,0
R,0.9,6,0,0.29,-0.51,Taylor Ward,0.16,621493,SEA,33.33,0,Slurve,SV,0,1,2943,88.1,79.77,100
R,0.37,207,18.36,0.01,1.35,Victor Robles,25.21,645302,SEA,41.55,31.4,4-Seam Fastball,FF,12.75,0.29,2329.16,81.6,94.34,74.42
R,0.27,154,20.13,-0.75,0.64,Victor Robles,18.76,645302,SEA,50.65,38.16,Sinker,SI,7.95,0.26,2225.4,78.72,94.19,75.64
R,0.26,131,24.43,0.13,0.21,Victor Robles,15.96,645302,SEA,55.73,27.59,Slider,SL,22.22,0.33,2406.24,75.1,86.78,76.71
R,0.24,88,27.27,0.86,0.05,Victor Robles,10.72,645302,SEA,34.09,37.93,Sweeper,ST,32.56,0.07,2612.82,74.1,84.6,70
R,0.23,76,34.21,0.71,0.65,Victor Robles,9.26,645302,SEA,36.84,43.75,Changeup,CH,52.08,0.2,1687.38,80,83.69,96.43
R,0.21,64,20.31,0.07,0.51,Victor Robles,7.8,645302,SEA,70.31,57.89,Cutter,FC,8.51,0.17,2346.58,74.17,89.31,80
R,0.18,63,34.92,-0.23,-0.93,Victor Robles,7.67,645302,SEA,36.51,42.5,Curveball,CU,46.15,0.27,2734.19,67.24,80.55,39.13
R,0.7,11,0,-0.87,0.1,Victor Robles,1.34,645302,SEA,9.09,0,Split-Finger,FS,0,0,1249.82,87.8,87.35,100
R,0.7,10,30,0.74,-0.72,Victor Robles,1.22,645302,SEA,80,50,Knuckle Curve,KC,14.29,1,2201,64.5,84.26,75
R,0.3,8,0,-0.72,-0.41,Victor Robles,0.97,645302,SEA,25,0,Slurve,SV,0,0,2395.5,96.8,81.2,100
R,0.59,6,66.67,-0.47,1.53,Victor Robles,0.73,645302,SEA,16.67,0,Other,FA,0,1,1778.83,103.2,71.97,100
R,0.13,2,0,0.3,-0.51,Victor Robles,0.24,645302,SEA,0,100,Eephus,EP,0,0,1786,83.3,55.9,0
R,0,1,0,0,0,Victor Robles,0.12,645302,SEA,0,0,Unknown,UNK,0,0,0,0,0,0
R,0.31,214,32.24,0.15,1.33,Weston Wilson,24.02,642215,SEA,51.4,33.65,4-Seam Fastball,FF,25.93,0.27,2310.45,80.56,94.17,66.36
R,0.17,152,32.24,1.05,0.34,Weston Wilson,17.06,642215,SEA,34.87,37.37,Changeup,CH,42.67,0.11,1713.46,79.97,84.31,71.7
R,0.32,137,36.5,-0.14,0.67,Weston Wilson,15.38,642215,SEA,63.5,16,Sinker,SI,21.05,0.21,2164.01,80.88,93.69,56.32
R,0.34,119,33.61,-0.23,0.09,Weston Wilson,13.36,642215,SEA,39.5,12.5,Slider,SL,51.35,0.17,2473.41,79.04,86.14,59.57
R,0.23,116,27.59,0.27,0.12,Weston Wilson,13.02,642215,SEA,40.52,24.64,Sweeper,ST,30,0.11,2602.99,75.42,81.89,70.21
R,0.24,70,25.71,0.01,0.56,Weston Wilson,7.86,642215,SEA,64.29,40,Cutter,FC,22.92,0.23,2324.74,77.57,88.9,84.44
R,0.39,55,43.64,-0.44,-1.05,Weston Wilson,6.17,642215,SEA,49.09,14.29,Curveball,CU,41.67,0.5,2655.75,89.1,79.57,29.63
R,0,20,60,0.63,-0.77,Weston Wilson,2.24,642215,SEA,15,58.82,Knuckle Curve,KC,92.31,0,2353.8,0,83.7,100
R,0.01,4,0,-0.33,1.36,Weston Wilson,0.45,642215,SEA,50,0,Eephus,EP,0,0,1048,85.8,41,100
R,0,4,75,0.17,0.2,Weston Wilson,0.45,642215,SEA,100,0,Split-Finger,FS,50,0,1038,90.3,86.8,50
L,0.41,875,23.89,-0.3,1.36,,36.08,641487,SEA,52.11,11.93,4-Seam Fastball,FF,15.82,0.23,2313.91,81.97,94.78,62.5
L,0.42,479,29.44,-0.63,1.35,,27.75,670042,SEA,52.82,28.76,4-Seam Fastball,FF,31.72,0.28,2319.4,87.02,94.85,80.24
L,0.37,370,23.78,-0.12,0.69,,15.26,641487,SEA,50.81,15.93,Sinker,SI,3.03,0.27,2159.11,82.17,93.74,54.79
L,0.31,314,33.44,-1.19,0.27,,18.19,670042,SEA,36.62,42.71,Changeup,CH,49.17,0.24,1747.27,79.27,86.9,83.48
L,0.16,302,34.44,-0.04,0.16,,12.45,641487,SEA,50.99,30.41,Slider,SL,24.22,0.11,2436.36,77.73,86.28,53.9
R,0.35,298,29.87,0.13,1.36,,28.54,641598,SEA,58.39,24.19,4-Seam Fastball,FF,22.52,0.21,2308.03,87.08,94.9,69.54
L,0.22,274,29.2,0.11,0.76,,11.3,641487,SEA,58.39,21.93,Cutter,FC,11.71,0.05,2411.77,79.83,89.62,53.75
R,0.3,266,28.57,0.46,1.32,,32.92,608701,SEA,50.75,25.95,4-Seam Fastball,FF,23.62,0.2,2272.26,84.61,93.98,68.89
R,0.21,207,40.58,0.11,0.12,,19.83,641598,SEA,38.65,25.2,Slider,SL,61.73,0.11,2433.8,82.66,85.96,61.25
R,0.39,193,31.61,-0.59,0.64,,18.49,641598,SEA,54.4,25,Sinker,SI,14.46,0.21,2154.11,87.86,94.05,58.1
L,0.3,190,36.32,0.16,0.05,,11.01,670042,SEA,39.47,44.35,Slider,SL,45.95,0.21,2454.76,84.23,86.75,80
L,0.4,186,16.67,-1.03,0.35,,7.67,641487,SEA,33.87,25.2,Changeup,CH,13.89,0.4,1722.43,84.61,87.09,65.08
L,0.43,184,34.24,-0.69,0.59,,10.66,670042,SEA,60.87,19.44,Sinker,SI,27.08,0.18,2195.1,85.28,94.3,73.21
L,0.37,143,32.87,0.8,-0.89,,8.29,670042,SEA,38.46,25,Curveball,CU,40.68,0.22,2601.64,82.42,80.14,67.27
L,0.41,137,23.36,0.14,0.78,,7.94,670042,SEA,52.55,29.23,Cutter,FC,24.68,0.38,2385.37,83.67,89.76,80.56
L,0.29,136,30.88,0.12,0.07,,5.61,641487,SEA,54.41,16.13,Sweeper,ST,21.57,0.27,2565.6,79.25,82.36,55.41
L,0.28,124,38.71,0.82,0.13,,7.18,670042,SEA,44.35,37.68,Sweeper,ST,52.63,0.23,2621.37,81.47,82.91,56.36
L,0.32,123,30.89,0.55,-0.95,,5.07,641487,SEA,39.02,37.33,Curveball,CU,21.28,0.27,2600.06,81.25,79.64,39.58
R,0.2,119,28.57,1.09,0.53,,14.73,608701,SEA,41.18,22.86,Changeup,CH,28.26,0.04,1707.94,77.88,85.57,61.22
R,0.35,119,26.89,0.52,0.59,,14.73,608701,SEA,45.38,27.69,Sinker,SI,16.07,0.13,2186.69,78.99,94.86,70.37
R,0.13,101,34.65,-0.13,1.42,,42.8,621550,SEA,57.43,37.21,4-Seam Fastball,FF,37.7,0,2345.1,81.35,94.45,77.59
R,0.23,100,40,-0.06,0.15,,9.58,641598,SEA,32,38.24,Sweeper,ST,52.63,0.17,2533.49,82.93,82.13,37.5
R,0.26,98,29.59,0.62,0.5,,9.39,641598,SEA,25.51,24.66,Changeup,CH,48.15,0.06,1747.85,78.73,85.53,36
R,0.03,95,45.26,-0.01,0.05,,11.76,608701,SEA,54.74,30.23,Slider,SL,46.34,0.05,2447.07,80.97,85.02,53.85
L,0.04,91,36.26,-0.98,0.19,,5.27,670042,SEA,29.67,48.44,Split-Finger,FS,53.7,0,1443.48,76.8,87.07,85.19
L,0.43,84,14.29,-0.99,0.25,,3.46,641487,SEA,33.33,23.21,Split-Finger,FS,9.09,0.23,1391.1,86.35,87.04,71.43
R,0.27,84,27.38,0.2,1.41,,28,656582,SEA,44.05,31.91,4-Seam Fastball,FF,19.44,0.08,2336.71,79.6,96.28,56.76
R,0.27,78,19.23,0.02,0.67,,7.47,641598,SEA,34.62,15.69,Cutter,FC,18.52,0.25,2321.18,80.34,89.2,70.37
L,0.26,78,29.49,-0.7,1.27,,49.68,670156,SEA,52.56,29.73,4-Seam Fastball,FF,6.45,0.25,2338.73,83.58,95.05,48.78
R,0.23,69,20.29,-0.16,0.6,,8.54,608701,SEA,47.83,22.22,Cutter,FC,18.18,0.06,2349.61,80.21,88.37,75.76
L,0.17,67,20.9,0.73,-0.94,,2.76,641487,SEA,29.85,27.66,Knuckle Curve,KC,28.57,0,2551.3,83.55,81.13,75
L,0.26,67,28.36,-0.13,1.34,,36.61,801126,SEA,43.28,18.42,4-Seam Fastball,FF,33.33,0.33,2335.33,87.07,93.46,68.97
R,0.37,59,28.81,0.04,0.7,,19.67,656582,SEA,54.24,25.93,Sinker,SI,8.33,0.25,2251.28,75.57,94.25,53.12
R,0.5,55,23.64,-1.02,0.1,,6.81,608701,SEA,43.64,16.13,Sweeper,ST,11.76,0.14,2381.13,85.53,80.05,50
R,0,52,23.08,-0.17,-0.99,,4.98,641598,SEA,26.92,21.05,Curveball,CU,31.25,0,2634.94,82.7,81.76,57.14
R,0.12,50,40,-0.58,-1.04,,6.19,608701,SEA,56,22.73,Curveball,CU,33.33,0.25,2543.44,83.65,80.18,57.14
L,0.1,45,40,0.63,-1.05,,2.61,670042,SEA,55.56,15,Knuckle Curve,KC,33.33,0,2537.56,84.4,80.09,48
L,0.12,45,42.22,-0.55,0.5,,24.59,801126,SEA,33.33,36.67,Changeup,CH,73.68,0,1726.56,78.94,85.38,53.33
R,0.26,42,30.95,0.98,0.36,,14,656582,SEA,40.48,20,Changeup,CH,50,0,1565,90.31,86.7,64.71
R,0.28,42,33.33,0.14,1.51,,46.67,669208,SEA,42.86,41.67,4-Seam Fastball,FF,50,0,2413.9,81.88,95.01,77.78
R,0.27,33,27.27,0.43,-0.11,,11,656582,SEA,57.58,28.57,Slider,SL,20,0,2467.52,87.39,86.42,57.89
R,0.01,32,21.88,-0.08,0.58,,13.56,621550,SEA,50,18.75,Cutter,FC,25,0,2397.66,73.36,88.11,81.25
R,0.29,32,40.62,-0.52,-0.88,,10.67,656582,SEA,50,25,Curveball,CU,54.55,0.43,2310.91,85.96,81.25,43.75
R,0.47,31,19.35,0.19,0.03,,10.33,656582,SEA,38.71,10.53,Sweeper,ST,18.18,0,2485.29,78.31,82.08,75
R,0.45,29,24.14,-0.1,0.6,,12.29,621550,SEA,72.41,62.5,Sinker,SI,10.53,0.17,2176.34,87.45,95.58,66.67
L,0.03,26,30.77,0.14,0.24,,16.56,670156,SEA,38.46,25,Slider,SL,14.29,0,2299.73,62.87,85.28,30
L,0.22,21,57.14,-0.43,0.22,,11.48,801126,SEA,66.67,28.57,Slider,SL,55.56,0,2625.86,96.9,84.33,50
R,0.18,20,20,0.07,0.54,,22.22,669208,SEA,60,25,Cutter,FC,16.67,0,2349.1,82.18,86.51,83.33
R,0.38,17,23.53,0.32,0.2,,7.2,621550,SEA,29.41,33.33,Slider,SL,42.86,0.4,2474.35,91.65,86.4,60
R,0.25,16,37.5,0.77,0.41,,6.78,621550,SEA,56.25,57.14,Changeup,CH,22.22,0.12,1855.44,86.42,85.76,55.56
R,0.16,15,40,-0.43,0.28,,6.36,621550,SEA,53.33,57.14,Sweeper,ST,40,0.33,2565.13,73.2,80.59,75
R,0.29,14,28.57,-0.91,0.79,,15.56,669208,SEA,42.86,0,Sinker,SI,0,0,2121.86,92.6,94.56,33.33
L,0.27,14,14.29,-0.67,0.66,,8.92,670156,SEA,57.14,16.67,Sinker,SI,0,0.2,2156.86,82.17,95.12,75
L,0.5,14,14.29,-0.14,0.72,,7.65,801126,SEA,42.86,0,Sinker,SI,33.33,0,2227.71,83.85,95.74,100
R,0,12,50,-1.53,-0.43,,1.49,608701,SEA,41.67,14.29,Slurve,SV,100,0,2816.08,0,82.28,0
R,0.33,12,33.33,-0.17,0.66,,4,656582,SEA,83.33,50,Cutter,FC,16.67,0,2347.33,94.12,88.7,50
L,0,11,0,0,0,,0.64,670042,SEA,0,0,Unknown,UNK,0,0,0,0,0,0
L,0,11,45.45,0.55,-0.86,,7.01,670156,SEA,45.45,0,Knuckle Curve,KC,100,0,2409.09,0,85.11,40
R,0.22,10,20,0.32,0.12,,1.24,608701,SEA,40,33.33,Split-Finger,FS,33.33,0,958,88.15,83.36,100
L,0,10,80,1.45,-0.25,,5.46,801126,SEA,60,50,Sweeper,ST,100,0,2916.4,0,82.58,0
R,0,9,11.11,-0.3,-0.96,,0.86,641598,SEA,33.33,0,Knuckle Curve,KC,0,0,2509.89,89.6,84.02,66.67
L,0,9,33.33,0.73,-1.22,,5.73,670156,SEA,33.33,16.67,Curveball,CU,100,0,2672.22,0,79.66,0
L,0.28,9,11.11,0.09,0.78,,4.92,801126,SEA,66.67,100,Cutter,FC,0,1,2358.67,78.67,89.87,83.33
R,0,8,0,0,0,,0.99,608701,SEA,0,0,Unknown,UNK,0,0,0,0,0,0
R,0.68,8,37.5,-0.2,-0.84,,3.39,621550,SEA,62.5,66.67,Curveball,CU,42.86,0,2638.75,99.3,83.02,100
R,0.72,8,37.5,0.43,-1.1,,3.39,621550,SEA,12.5,71.43,Knuckle Curve,KC,50,1,2528.62,76.4,80.94,100
R,0,8,62.5,0.07,-0.03,,0.77,641598,SEA,12.5,71.43,Split-Finger,FS,80,0,1322.62,0,85.18,0
R,0,8,75,0.28,0.18,,8.89,669208,SEA,75,100,Slider,SL,66.67,0,2553.5,71,87.92,66.67
R,0.96,8,25,-0.32,1.49,,32,669717,SEA,62.5,33.33,4-Seam Fastball,FF,0,0.5,2232.12,90.82,95.68,60
L,0.12,8,50,0.27,0.78,,5.1,670156,SEA,87.5,100,Cutter,FC,33.33,0.25,2335.5,82.8,89.42,71.43
L,0.29,8,25,-0.96,-0.9,,4.37,801126,SEA,25,33.33,Curveball,CU,0,0,2638.75,94.9,76.4,0
R,0,6,33.33,-1.21,-0.25,,2.54,621550,SEA,0,33.33,Slurve,SV,100,0,2684.83,0,85.32,0
L,0.41,6,16.67,-1.14,0.48,,3.82,670156,SEA,33.33,25,Changeup,CH,33.33,0,1832.83,89.55,87.27,100
R,0.14,5,0,-0.28,-0.92,,0.62,608701,SEA,80,0,Knuckle Curve,KC,0,0,2217.8,67.15,83.86,100
R,0,5,60,0.39,0.44,,20,669717,SEA,20,75,Cutter,FC,75,0,2202.2,63.6,90.5,100
L,0,5,40,-0.49,0.38,,3.18,670156,SEA,20,25,Split-Finger,FS,100,0,1409,0,82.56,0
L,0.18,5,20,-0.31,-0.03,,2.73,801126,SEA,100,0,Slurve,SV,0,0.4,2169.8,79.2,83.12,80
R,0,4,0,0,0,,1.69,621550,SEA,0,0,Unknown,UNK,0,0,0,0,0,0
L,0,4,50,-1.73,-0.53,,0.16,641487,SEA,50,0,Slurve,SV,0,0,2794.5,0,81.8,0
R,0,4,0,-0.9,0.42,,1.33,656582,SEA,0,0,Split-Finger,FS,0,0,1335.5,0,83.85,0
R,0.75,4,0,1.2,0.18,,4.44,669208,SEA,50,0,Changeup,CH,0,1,1599,100.4,88.55,100
L,0,4,50,0.83,-0.47,,0.23,670042,SEA,50,0,Slow Curve,CS,0,0,2196.5,0,74.5,0
L,0.12,4,0,-1.52,-0.6,,0.23,670042,SEA,50,0,Slurve,SV,0,0,2807.5,96.4,81.45,100
L,0.7,4,0,0.61,-1.33,,2.19,801126,SEA,0,0,Knuckle Curve,KC,0,0,2542,0,82.85,0
R,0,3,33.33,1.18,0.9,,12,669717,SEA,33.33,50,Changeup,CH,50,0,1790.67,79,87.73,100
R,0.05,3,0,-0.48,-1.34,,12,669717,SEA,33.33,0,Curveball,CU,0,0,2809.33,81.6,80.07,100
R,0.7,3,33.33,0.29,0.64,,12,669717,SEA,33.33,0,Slider,SL,100,0,2479,0,86.4,100
R,0.04,3,0,-0.71,0.3,,12,669717,SEA,33.33,0,Split-Finger,FS,0,0,1823,78.7,88.07,100
L,0,2,0,0.97,-0.11,,0.08,641487,SEA,0,0,Slow Curve,CS,0,0,2414,0,71.1,0
L,0,2,0,0,0,,0.08,641487,SEA,0,0,Unknown,UNK,0,0,0,0,0,0
R,1.59,2,0,-1.06,-1.14,,0.67,656582,SEA,100,0,Knuckle Curve,KC,0,1,2569,103.9,77.8,100
R,0,2,0,-1.16,0.25,,2.22,669208,SEA,100,0,Sweeper,ST,0,0,2100,85.5,79.1,100
R,0,1,0,1.89,-0.55,,0.1,641598,SEA,100,0,Slurve,SV,0,0,2989,69,76,100
R,0.77,1,0,-1.96,-0.37,,0.33,656582,SEA,0,100,Slurve,SV,0,1,2755,68.9,82,0
R,0.4,26,34.62,0.33,1.26,Andrew Knizner,26.53,668800,SFG,50,30.77,4-Seam Fastball,FF,33.33,0.25,2290.77,87.88,94.4,61.54
R,0.38,21,33.33,0.01,-0.02,Andrew Knizner,21.43,668800,SFG,47.62,36.36,Slider,SL,30,0.67,2409.67,94,85.85,60
R,0.06,12,25,0.68,0.83,Andrew Knizner,12.24,668800,SFG,75,0,Sinker,SI,0,0,2269.83,83.23,92.99,66.67
R,0.35,11,9.09,1.17,0.51,Andrew Knizner,11.22,668800,SFG,27.27,87.5,Changeup,CH,0,0,1734.55,81.73,84.17,66.67
R,0,7,0,-0.85,-0.91,Andrew Knizner,7.14,668800,SFG,42.86,0,Curveball,CU,0,0,2564.71,65.5,77.29,33.33
R,0.7,7,28.57,-0.26,0.77,Andrew Knizner,7.14,668800,SFG,42.86,50,Cutter,FC,0,0,2269.43,83.2,88.61,33.33
R,0,7,57.14,0.22,0.04,Andrew Knizner,7.14,668800,SFG,28.57,40,Sweeper,ST,100,0,2588.14,0,82.41,100
R,0.45,5,0,-0.09,-0.31,Andrew Knizner,5.1,668800,SFG,20,50,Knuckle Curve,KC,0,0,2384.4,96.8,82.64,100
R,0,2,0,-0.36,-0.08,Andrew Knizner,2.04,668800,SFG,0,0,Split-Finger,FS,0,0,863,0,89,0
R,0.47,603,25.54,-0.37,1.27,Bryce Eldridge,24.56,805811,SFG,51.58,29.45,4-Seam Fastball,FF,15.46,0.33,2290.38,87.86,94.36,65.92
R,0.24,399,31.83,-0.02,0.17,Bryce Eldridge,16.25,805811,SFG,42.36,21.3,Slider,SL,43.87,0.18,2422.45,81.54,86.64,62.72
R,0.35,341,30.79,0.09,0.67,Bryce Eldridge,13.89,805811,SFG,58.65,28.37,Sinker,SI,10.53,0.26,2166.88,84.42,93.54,56
R,0.44,273,21.61,-0.97,0.43,Bryce Eldridge,11.12,805811,SFG,29.3,30.57,Changeup,CH,37.3,0.25,1816.77,82.76,86.34,83.75
R,0.22,248,23.39,0.09,0.72,Bryce Eldridge,10.1,805811,SFG,54.03,28.07,Cutter,FC,18.6,0.16,2396.76,85.08,89.52,72.39
R,0.29,236,25.85,0.47,-0.74,Bryce Eldridge,9.61,805811,SFG,38.56,8.97,Curveball,CU,24.56,0.39,2594.34,79.57,79.83,48.35
R,0.36,185,35.14,0.17,0.07,Bryce Eldridge,7.54,805811,SFG,42.16,27.1,Sweeper,ST,40.28,0.32,2601.53,83.79,82.81,55.13
R,0.27,75,24,0.5,-0.62,Bryce Eldridge,3.05,805811,SFG,42.67,20.93,Knuckle Curve,KC,19.35,0.06,2477.09,85.49,83.46,68.75
R,0.21,66,24.24,-0.85,0.21,Bryce Eldridge,2.69,805811,SFG,27.27,20.83,Split-Finger,FS,48.15,0.12,1349.52,84.95,86.75,94.44
R,0.47,14,14.29,0.25,0.46,Bryce Eldridge,0.57,805811,SFG,42.86,0,Knuckleball,KN,0,0,148.43,59.75,69.04,66.67
R,0.16,8,0,0.41,1.39,Bryce Eldridge,0.33,805811,SFG,0,50,Eephus,EP,0,1,1086.5,85.4,46.5,0
R,0,6,33.33,-0.7,1.09,Bryce Eldridge,0.24,805811,SFG,0,33.33,Other,FA,0,0,1740,60,72.9,0
R,0,1,0,0,0,Bryce Eldridge,0.04,805811,SFG,0,0,Unknown,UNK,0,0,0,0,0,0
R,0.4,111,26.13,0.18,1.4,Buddy Kennedy,35.58,671083,SFG,54.95,26,4-Seam Fastball,FF,14.81,0.12,2287.19,80.5,94.16,67.21
R,0.08,49,40.82,0.77,0.56,Buddy Kennedy,15.71,671083,SFG,38.78,23.33,Changeup,CH,64.71,0.17,1937.67,55.62,84.72,52.63
R,0.28,40,25,-0.64,0.45,Buddy Kennedy,12.82,671083,SFG,42.5,34.78,Sinker,SI,23.81,0.11,2226.68,84.63,93.82,76.47
R,0.36,34,29.41,0.29,0.29,Buddy Kennedy,10.9,671083,SFG,52.94,50,Sweeper,ST,27.27,0.14,2543.18,83.56,82.8,77.78
R,0.01,30,33.33,-0.12,0.45,Buddy Kennedy,9.62,671083,SFG,46.67,18.75,Slider,SL,36.36,0,2348.93,83.7,86.64,57.14
R,0.27,23,13.04,-0.31,-1.09,Buddy Kennedy,7.37,671083,SFG,43.48,23.08,Curveball,CU,23.08,0.33,2531.43,83.32,80.17,100
R,0,18,55.56,-0.12,0.63,Buddy Kennedy,5.77,671083,SFG,44.44,20,Cutter,FC,57.14,0,2307.67,74.47,88.56,62.5
R,0.02,4,25,-1.2,-0.36,Buddy Kennedy,1.28,671083,SFG,50,0,Slurve,SV,0,0,2124.75,88.6,82.72,50
R,0,3,33.33,-0.14,-0.36,Buddy Kennedy,0.96,671083,SFG,66.67,0,Knuckle Curve,KC,0,0,2350.33,86.4,81.33,50
R,0.18,195,26.15,-0.27,1.3,Christian Koss,33.39,683766,SFG,51.28,36.84,4-Seam Fastball,FF,28.21,0.13,2305.37,79.04,94.44,82
R,0.32,120,24.17,-0.6,0.74,Christian Koss,20.55,683766,SFG,55.83,50.94,Sinker,SI,13.33,0.32,2221.57,82.08,94.14,71.64
R,0.2,69,30.43,0.08,0.23,Christian Koss,11.82,683766,SFG,40.58,41.46,Slider,SL,36.84,0.2,2417.86,84.67,86.43,75
R,0.09,61,40.98,0.67,0.4,Christian Koss,10.45,683766,SFG,24.59,54.35,Changeup,CH,57.89,0.06,1714.69,72.78,84.78,86.67
R,0.25,50,38,0.04,0.6,Christian Koss,8.56,683766,SFG,76,16.67,Cutter,FC,23.33,0.19,2336.54,83.38,88.97,73.68
R,0.33,50,30,0.97,-0.01,Christian Koss,8.56,683766,SFG,34,39.39,Sweeper,ST,24,0.37,2586.84,81.7,83.98,70.59
R,0.35,19,10.53,-0.22,-0.94,Christian Koss,3.25,683766,SFG,21.05,20,Curveball,CU,0,0,2574.16,88.85,78.42,50
R,0.04,9,22.22,0.35,-0.74,Christian Koss,1.54,683766,SFG,33.33,66.67,Knuckle Curve,KC,16.67,0,2563.56,62.96,81.72,66.67
R,0.36,6,33.33,-0.01,1.38,Christian Koss,1.03,683766,SFG,33.33,0,Eephus,EP,0,0,892.33,80.6,41.4,100
R,0,5,0,-0.04,-0.43,Christian Koss,0.86,683766,SFG,40,0,Split-Finger,FS,0,0,927.4,59.2,84.02,100
R,0.33,258,20.54,-0.51,1.28,Drew Cavanaugh,40.82,701852,SFG,53.49,25.83,4-Seam Fastball,FF,15.6,0.28,2292.03,78.26,94.11,79.71
R,0.34,94,30.85,0.12,0.15,Drew Cavanaugh,14.87,701852,SFG,47.87,34.69,Slider,SL,29.17,0.24,2358.12,77.85,84.99,68.89
R,0.35,64,23.44,-1.14,0.24,Drew Cavanaugh,10.13,701852,SFG,20.31,45.1,Changeup,CH,24.14,0.15,1925.03,73.95,86.79,46.15
R,0.42,59,20.34,-0.44,0.59,Drew Cavanaugh,9.34,701852,SFG,49.15,6.67,Sinker,SI,0,0.38,2166.75,89.56,94.44,58.62
R,0.3,40,35,0.39,-0.74,Drew Cavanaugh,6.33,701852,SFG,35,34.62,Curveball,CU,47.37,0,2493.52,78.16,80.32,71.43
R,0.23,37,24.32,0.16,0.86,Drew Cavanaugh,5.85,701852,SFG,45.95,40,Cutter,FC,19.05,0,2449.05,82.3,90.97,76.47
R,0.14,34,29.41,1.14,0.09,Drew Cavanaugh,5.38,701852,SFG,44.12,26.32,Sweeper,ST,37.5,0.11,2605,74.99,82.9,73.33
R,0,20,40,0.59,-0.59,Drew Cavanaugh,3.16,701852,SFG,40,0,Knuckle Curve,KC,0,0,2433.6,0,82.97,0
R,0,20,5,-0.71,0.34,Drew Cavanaugh,3.16,701852,SFG,10,11.11,Split-Finger,FS,25,0,1216.9,76.03,85.88,100
R,0.07,4,50,-0.32,1.86,Drew Cavanaugh,0.63,701852,SFG,50,100,Eephus,EP,0,0,1208.5,59.1,43.5,0
R,0,2,0,-0.45,1.87,Drew Cavanaugh,0.32,701852,SFG,0,0,Other,FA,0,0,0,0,36.9,0
R,0.34,700,28.86,-0.54,1.29,Drew Gilbert,34.01,687551,SFG,48.29,22.38,4-Seam Fastball,FF,19.29,0.27,2296.4,81.59,94.92,58.88
R,0.3,273,38.46,-0.4,0.74,Drew Gilbert,13.27,687551,SFG,56.41,31.93,Sinker,SI,14.02,0.23,2213.16,79.66,94.03,44.81
R,0.28,241,21.99,-1.15,0.34,Drew Gilbert,11.71,687551,SFG,42.32,25.9,Changeup,CH,25.22,0.25,1817.86,78.06,86.76,77.45
R,0.38,188,22.87,0.12,0.72,Drew Gilbert,9.14,687551,SFG,56.91,32.1,Cutter,FC,8.33,0.21,2410.96,82.73,90.04,65.42
R,0.22,185,32.43,0.11,0.09,Drew Gilbert,8.99,687551,SFG,46.49,25.25,Slider,SL,24.64,0.22,2444.52,78.76,85.96,51.16
R,0.29,170,28.82,0.67,0.14,Drew Gilbert,8.26,687551,SFG,45.88,33.7,Sweeper,ST,27.71,0.21,2602.74,80.38,83.37,66.67
R,0.37,136,32.35,0.43,-0.65,Drew Gilbert,6.61,687551,SFG,47.06,31.94,Curveball,CU,19.64,0.21,2625.96,78.58,80.77,51.56
R,0.35,75,21.33,-0.92,0.21,Drew Gilbert,3.64,687551,SFG,25.33,39.29,Split-Finger,FS,38.89,0.35,1329.31,75.78,86.59,73.68
R,0.29,53,26.42,0.51,-0.69,Drew Gilbert,2.58,687551,SFG,54.72,0,Knuckle Curve,KC,31.58,0.13,2456.81,85.62,83.07,65.52
R,0,14,0,0,0,Drew Gilbert,0.68,687551,SFG,0,0,Unknown,UNK,0,0,0,0,0,0
R,0.08,10,20,0.1,1.09,Drew Gilbert,0.49,687551,SFG,60,50,Other,FA,0,0,1795.4,68.33,77.7,66.67
R,0,8,50,0.07,1.25,Drew Gilbert,0.39,687551,SFG,25,0,Eephus,EP,0,0,965,0,43.18,0
R,0.15,3,33.33,1.22,-0.67,Drew Gilbert,0.15,687551,SFG,66.67,0,Slurve,SV,0,1,2922,60.9,79.6,50
R,0.7,2,0,-0.15,0.81,Drew Gilbert,0.1,687551,SFG,0,0,Knuckleball,KN,0,0,37,0,62.5,0
R,0.4,126,30.16,-0.33,1.26,Grant McCray,35.59,687529,SFG,47.62,9.09,4-Seam Fastball,FF,27.78,0.08,2237.47,78.8,94.67,50
R,0.17,56,37.5,-0.07,-0.02,Grant McCray,15.82,687529,SFG,19.64,37.78,Slider,SL,60.87,0.17,2368.54,62.34,86.34,54.55
R,0.26,43,32.56,-0.59,0.8,Grant McCray,12.15,687529,SFG,58.14,44.44,Sinker,SI,17.39,0.2,2182.53,70.76,95.01,60
R,0.25,42,33.33,0.18,0.69,Grant McCray,11.86,687529,SFG,57.14,27.78,Cutter,FC,25,0,2359.1,81.54,89.35,62.5
R,0.07,36,16.67,-1.35,0.31,Grant McCray,10.17,687529,SFG,22.22,14.29,Changeup,CH,25,0,2022.47,72.3,82.63,50
R,0.16,24,41.67,0.78,0.03,Grant McCray,6.78,687529,SFG,20.83,42.11,Sweeper,ST,54.55,0,2711.29,87.44,82.73,60
R,0.27,17,0,-0.95,0.17,Grant McCray,4.8,687529,SFG,23.53,15.38,Split-Finger,FS,0,0,1282.82,96.1,88.38,100
R,0.45,8,25,0.74,-0.5,Grant McCray,2.26,687529,SFG,75,100,Knuckle Curve,KC,25,0,2685.5,89.67,81.88,100
R,0,2,0,1.16,-1.05,Grant McCray,0.56,687529,SFG,0,100,Curveball,CU,0,0,2469,0,81.3,0
R,0.32,898,24.28,-0.44,1.32,Jung Hoo Lee,31.43,808982,SFG,54.23,30.66,4-Seam Fastball,FF,8.9,0.31,2317.31,83.14,94.67,64.07
R,0.33,569,33.92,0.14,0.69,Jung Hoo Lee,19.92,808982,SFG,59.75,26.64,Sinker,SI,11.98,0.26,2188.05,84.07,93.33,53.24
R,0.26,407,23.34,-0.03,0.17,Jung Hoo Lee,14.25,808982,SFG,46.19,37.44,Slider,SL,12.94,0.33,2437.56,80.4,86.49,63.3
R,0.37,236,27.97,0.08,0.72,Jung Hoo Lee,8.26,808982,SFG,56.36,38.83,Cutter,FC,13.01,0.24,2406.32,79.84,90.38,62.41
R,0.3,227,14.1,-1.02,0.39,Jung Hoo Lee,7.95,808982,SFG,34.8,31.76,Changeup,CH,11.93,0.27,1792.18,79.02,87.34,78.48
R,0.31,199,16.58,0.09,0.12,Jung Hoo Lee,6.97,808982,SFG,46.23,36.45,Sweeper,ST,4.85,0.27,2595.12,78.07,82.67,69.57
R,0.31,190,23.68,0.49,-0.9,Jung Hoo Lee,6.65,808982,SFG,39.47,34.78,Curveball,CU,11.24,0.3,2706.13,84.72,80.03,65.33
R,0.54,63,15.87,-0.74,0.14,Jung Hoo Lee,2.21,808982,SFG,36.51,35,Split-Finger,FS,21.88,0.56,1371.03,82.58,86.7,78.26
R,0.24,50,22,0.43,-0.68,Jung Hoo Lee,1.75,808982,SFG,54,13.04,Knuckle Curve,KC,0,0.13,2511.7,84.36,82.59,66.67
R,0.13,5,40,-0.48,-0.05,Jung Hoo Lee,0.18,808982,SFG,60,0,Forkball,FO,0,0,1045.2,95.7,84.88,33.33
R,0.89,4,50,0.98,1.42,Jung Hoo Lee,0.14,808982,SFG,50,0,Eephus,EP,0,1,1227.5,74.9,51.1,100
R,0.07,4,50,0.43,0.76,Jung Hoo Lee,0.14,808982,SFG,50,100,Other,FA,0,0,0,77.1,51.3,0
R,0,2,0,-0.33,-0.2,Jung Hoo Lee,0.07,808982,SFG,0,50,Knuckleball,KN,0,0,231,73.3,78.65,0
R,0,2,0,0,0,Jung Hoo Lee,0.07,808982,SFG,0,0,Unknown,UNK,0,0,0,0,0,0
R,0.01,1,0,-1.02,-0.66,Jung Hoo Lee,0.04,808982,SFG,100,0,Slurve,SV,0,0,2647,72.1,83.6,100
R,0.32,29,17.24,-0.44,1.34,Nate Furman,53.7,801501,SFG,44.83,0,4-Seam Fastball,FF,0,0,2237.79,75.85,94.21,76.92
R,0,5,0,0.25,-0.28,Nate Furman,9.26,801501,SFG,0,0,Slider,SL,0,0,2387.8,0,84.72,0
R,0.11,5,40,0.75,0.02,Nate Furman,9.26,801501,SFG,40,66.67,Sweeper,ST,0,0,2795,47.9,85.34,0
R,0,4,0,-0.97,0.03,Nate Furman,7.41,801501,SFG,0,0,Changeup,CH,0,0,1134.5,0,87.55,0
R,0,4,50,-1.08,0.34,Nate Furman,7.41,801501,SFG,50,100,Split-Finger,FS,50,0,1117,81.8,84.3,100
R,0,3,0,0.24,0.48,Nate Furman,5.56,801501,SFG,66.67,0,Cutter,FC,0,0,2228.33,0,87.67,100
R,0,2,0,0.32,-0.83,Nate Furman,3.7,801501,SFG,0,0,Curveball,CU,0,0,2501,0,78.5,0
R,0.42,2,0,-1.21,0.87,Nate Furman,3.7,801501,SFG,100,0,Sinker,SI,0,0,2004,93.6,94.8,100
R,0.27,155,29.03,-0.06,1.3,Osleivis Basabe,31.89,678545,SFG,61.94,52.54,4-Seam Fastball,FF,12.37,0.11,2239.72,85.01,95.14,68.75
R,0.14,65,15.38,0.67,0.51,Osleivis Basabe,13.37,678545,SFG,23.08,36,Changeup,CH,10.71,0.15,1824.06,82.75,83.98,66.67
R,0.37,65,26.15,-0.75,0.84,Osleivis Basabe,13.37,678545,SFG,56.92,46.43,Sinker,SI,0,0.36,2181.38,84.48,94.31,59.46
R,0.11,60,35,0.13,0.1,Osleivis Basabe,12.35,678545,SFG,33.33,32.5,Slider,SL,44,0,2419.07,73.48,87.34,60
R,0.21,53,39.62,0.06,0.66,Osleivis Basabe,10.91,678545,SFG,60.38,47.62,Cutter,FC,27.59,0.17,2418.04,80.39,89.6,59.38
R,0.5,32,43.75,0.54,0.17,Osleivis Basabe,6.58,678545,SFG,37.5,40,Sweeper,ST,37.5,0.6,2562.55,89.38,83.24,66.67
R,0.3,28,28.57,0.29,-1.07,Osleivis Basabe,5.76,678545,SFG,50,35.71,Curveball,CU,16.67,0.4,2492.68,83.33,80.69,50
R,0.55,10,0,-0.19,0.1,Osleivis Basabe,2.06,678545,SFG,30,28.57,Split-Finger,FS,0,0.5,1410.8,90.84,85.25,100
R,0.05,8,62.5,0.43,-0.33,Osleivis Basabe,1.65,678545,SFG,37.5,80,Knuckle Curve,KC,50,0,2657.25,89.2,81.99,0
R,0,8,75,-0.46,0.64,Osleivis Basabe,1.65,678545,SFG,25,66.67,Knuckleball,KN,66.67,0,933.75,103.5,53.68,100
R,0,2,0,-0.09,1.41,Osleivis Basabe,0.41,678545,SFG,0,0,Other,FA,0,0,1742,0,80,0
R,0.34,1389,31.75,-0.31,1.3,Rafael Devers,38.73,646240,SFG,48.81,24.19,4-Seam Fastball,FF,35.49,0.23,2310.98,86.7,94.78,68.14
R,0.31,572,23.78,0.33,0.64,Rafael Devers,15.95,646240,SFG,56.47,24.9,Sinker,SI,9.12,0.28,2183.68,83.96,93.59,65.63
R,0.3,383,35.51,-0.08,0.14,Rafael Devers,10.68,646240,SFG,54.05,34.09,Slider,SL,34.3,0.17,2404.29,83.29,86.4,71.01
R,0.31,331,18.13,-0.86,0.35,Rafael Devers,9.23,646240,SFG,37.76,35.92,Changeup,CH,17.16,0.27,1781.6,86.21,86.92,76
R,0.37,299,30.43,0.11,0.75,Rafael Devers,8.34,646240,SFG,54.85,20,Cutter,FC,27.27,0.35,2406.25,87.31,90,64.02
R,0.23,258,36.05,-0.22,0.05,Rafael Devers,7.19,646240,SFG,40.31,48.7,Sweeper,ST,36.3,0.21,2603.68,79.11,82.47,57.69
R,0.35,166,24.1,0.34,-0.81,Rafael Devers,4.63,646240,SFG,33.13,41.44,Curveball,CU,10.45,0.13,2621.91,85.76,80.68,38.18
R,0.43,81,16.05,-0.74,0.18,Rafael Devers,2.26,646240,SFG,30.86,44.64,Split-Finger,FS,18.6,0.46,1359.85,91.42,86.37,72
R,0.3,46,30.43,0.53,-0.54,Rafael Devers,1.28,646240,SFG,39.13,46.43,Knuckle Curve,KC,22.73,0.27,2542.28,85.67,83.53,50
R,0,19,0,0,0,Rafael Devers,0.53,646240,SFG,0,0,Unknown,UNK,0,0,0,0,0,0
R,0.31,13,30.77,-0.71,0.06,Rafael Devers,0.36,646240,SFG,30.77,55.56,Forkball,FO,44.44,0,1222.69,77.07,83.1,100
R,0.4,13,15.38,0.15,-0.36,Rafael Devers,0.36,646240,SFG,38.46,50,Slurve,SV,0,0,2390.46,74.52,84.82,60
R,0.06,12,66.67,0.17,1.1,Rafael Devers,0.33,646240,SFG,50,33.33,Other,FA,50,0,1783.67,50.6,73.97,33.33
R,0,2,100,-0.2,0.94,Rafael Devers,0.06,646240,SFG,0,0,Eephus,EP,0,0,1330,0,56.4,0
R,0,1,0,-0.91,-0.28,Rafael Devers,0.03,646240,SFG,0,0,Knuckleball,KN,0,0,265,0,78.5,0
R,0,1,100,1.08,-0.48,Rafael Devers,0.03,646240,SFG,100,0,Slow Curve,CS,100,0,2486,0,67,100
R,0.22,136,27.94,0.26,1.22,Victor Bericoto,29.89,682674,SFG,50.74,46.27,4-Seam Fastball,FF,19.75,0.21,2257.3,85.05,93.98,72.46
R,0.5,85,25.88,0.09,0.26,Victor Bericoto,18.68,682674,SFG,56.47,35.14,Slider,SL,25,0.33,2349.31,83.13,86.42,81.25
R,0.28,69,24.64,0.99,0.43,Victor Bericoto,15.16,682674,SFG,26.09,37.25,Changeup,CH,40.54,0.33,1725.91,81.41,84.57,100
R,0.28,56,26.79,-0.32,0.48,Victor Bericoto,12.31,682674,SFG,64.29,35,Sinker,SI,3.23,0.44,2183.82,82.42,93.76,66.67
R,0.17,28,50,-0.66,-0.84,Victor Bericoto,6.15,682674,SFG,25,57.14,Curveball,CU,62.5,0,2444.04,87.88,78.74,57.14
R,0.06,26,34.62,0.37,0.14,Victor Bericoto,5.71,682674,SFG,50,46.15,Sweeper,ST,26.67,0,2672.54,75.83,82.03,69.23
R,0.36,19,15.79,-0.28,0.67,Victor Bericoto,4.18,682674,SFG,68.42,50,Cutter,FC,13.33,0,2317.95,88.22,89.03,92.31
R,0.03,14,50,0.18,-0.69,Victor Bericoto,3.08,682674,SFG,50,42.86,Knuckle Curve,KC,57.14,0,2471.79,92.73,82.21,57.14
R,0.38,14,35.71,-0.63,0.19,Victor Bericoto,3.08,682674,SFG,21.43,45.45,Split-Finger,FS,57.14,0.33,1269,84.07,85.16,66.67
R,0,6,0,-1.1,-0.43,Victor Bericoto,1.32,682674,SFG,16.67,20,Slurve,SV,0,0,2236,78.9,82.48,100
R,0.06,2,0,-0.4,1.52,Victor Bericoto,0.44,682674,SFG,0,100,Other,FA,0,0,1052,80.4,45.8,0
R,0.32,857,29.64,-0.21,1.29,Willy Adames,27.43,642715,SFG,55.08,29.87,4-Seam Fastball,FF,23.3,0.25,2283.61,84.18,94.57,69.28
R,0.35,603,31.01,-0.74,0.71,Willy Adames,19.3,642715,SFG,57.88,26.77,Sinker,SI,18.28,0.33,2221.97,81.91,94.46,63.61
R,0.2,495,33.33,0.07,0.12,Willy Adames,15.85,642715,SFG,37.98,37.46,Slider,SL,44.72,0.12,2441.54,80.53,86.42,69.68
R,0.33,292,29.79,0.77,0.08,Willy Adames,9.35,642715,SFG,41.44,32.16,Sweeper,ST,31.58,0.21,2593.95,80.74,82.8,64.46
R,0.25,273,27.84,0.05,0.34,Willy Adames,8.74,642715,SFG,33.33,37.91,Changeup,CH,31.78,0.13,1805.11,76.24,85.66,65.93
R,0.33,252,23.41,0.15,0.66,Willy Adames,8.07,642715,SFG,55.56,24.11,Cutter,FC,17.83,0.32,2429.29,84.47,89.76,72.86
R,0.17,175,41.14,0.33,-0.87,Willy Adames,5.6,642715,SFG,44,29.59,Curveball,CU,40.98,0.11,2633.67,79.98,80.01,41.56
R,0.29,95,17.89,-0.76,0.23,Willy Adames,3.04,642715,SFG,47.37,26,Split-Finger,FS,20,0.26,1365.07,82.47,86.95,82.22
R,0.3,49,38.78,0.56,-0.72,Willy Adames,1.57,642715,SFG,36.73,38.71,Knuckle Curve,KC,38.1,0.27,2472.04,89.2,83.02,50
R,0.01,9,22.22,-0.83,0.23,Willy Adames,0.29,642715,SFG,44.44,0,Forkball,FO,0,0,999.78,86.5,83.36,50
R,0,9,11.11,0.23,-0.69,Willy Adames,0.29,642715,SFG,33.33,0,Slurve,SV,0,0,2595.11,77.85,82.02,66.67
R,0.33,8,50,0.26,0.92,Willy Adames,0.26,642715,SFG,50,50,Other,FA,0,0,1785.25,70.1,72.47,0
R,0.22,6,33.33,0.75,1.46,Willy Adames,0.19,642715,SFG,33.33,50,Eephus,EP,0,1,1223.33,89,49.77,0
R,0,1,0,-0.35,-0.34,Willy Adames,0.03,642715,SFG,0,0,Knuckleball,KN,0,0,315,0,77.1,0
R,0.34,624,22.12,-0.23,1.33,,28.02,669477,SFG,51.76,35.88,4-Seam Fastball,FF,15.23,0.24,2312.51,84.95,94.48,74.3
R,0.24,591,29.61,-0.19,1.33,,26.94,656305,SFG,50.93,23.1,4-Seam Fastball,FF,26.24,0.19,2330.91,79.96,94.81,71.43
R,0.3,531,31.07,-0.6,0.68,,24.2,656305,SFG,61.21,17.96,Sinker,SI,13.64,0.29,2213.12,82.22,94.01,56.31
R,0.39,463,22.03,-0.84,0.7,,20.79,669477,SFG,58.75,25.13,Sinker,SI,5.26,0.26,2211.4,83.99,94.15,66.18
R,0.26,345,31.01,0.17,0.13,,15.49,669477,SFG,41.74,37.81,Slider,SL,33.53,0.19,2444.84,83.94,87.11,65.28
R,0.29,328,32.32,0.18,0.14,,14.95,656305,SFG,48.48,27.81,Slider,SL,29.5,0.15,2472.11,82.87,86.56,57.86
R,0.51,241,21.58,0.81,0.03,,10.82,669477,SFG,46.89,31.25,Sweeper,ST,19.85,0.43,2618.59,83.9,83.15,80.53
R,0.29,241,22.82,-0.25,1.23,,25.48,691740,SFG,58.09,46.53,4-Seam Fastball,FF,13.91,0.16,2306.79,80.82,94.19,74.29
R,0.23,200,32,0.12,0.68,,9.12,656305,SFG,53.5,32.26,Cutter,FC,14.29,0.08,2484.26,78.76,90,57.01
R,0.24,196,26.02,-0.23,1.36,,31.56,664056,SFG,51.53,33.68,4-Seam Fastball,FF,21.57,0.14,2327.33,84.91,94.68,69.31
R,0.31,192,21.35,0.71,0.13,,8.75,656305,SFG,41.15,25.66,Sweeper,ST,15,0.34,2674.77,80.69,83.12,64.56
R,0.3,175,23.43,-0.65,0.74,,18.5,691740,SFG,60,28.57,Sinker,SI,5.56,0.19,2189.62,81.57,94.04,66.67
R,0.37,170,24.71,0.08,0.64,,7.63,669477,SFG,57.65,45.83,Cutter,FC,17.27,0.41,2444.05,82.78,89.28,78.57
R,0.45,169,26.04,0.28,0.36,,7.59,669477,SFG,46.75,45.56,Changeup,CH,21.88,0.34,1706.56,81.35,85.45,69.62
R,0.34,166,18.67,-0.04,0.31,,7.57,656305,SFG,30.72,35.65,Changeup,CH,22.78,0.26,1825.8,82.84,85.77,74.51
R,0.4,145,28.28,-0.01,1.29,,27.46,606992,SFG,48.28,28,4-Seam Fastball,FF,25.71,0.17,2361.49,81.3,94.39,70
R,0.28,144,28.47,0.23,0.09,,15.22,691740,SFG,31.25,45.45,Slider,SL,36.59,0.29,2445.62,81.63,85.59,82.22
R,0.3,133,28.57,0.4,0.4,,14.06,691740,SFG,30.08,48.39,Changeup,CH,40.51,0.3,1728.17,77.8,85.67,85
R,0.27,116,31.03,-0.03,-0.91,,5.21,669477,SFG,43.97,35.38,Curveball,CU,33.33,0.12,2614.56,76.09,80.02,66.67
R,0.1,114,50.88,0.54,1.23,,37.38,813841,SFG,65.79,43.59,4-Seam Fastball,FF,46.15,0.1,2310.52,85.58,94.19,64
R,0.28,108,25.93,-1.02,0.65,,17.39,664056,SFG,61.11,21.43,Sinker,SI,7.55,0.2,2259.42,84.88,94.58,66.67
R,0.37,107,24.3,0.03,-0.97,,4.88,656305,SFG,42.99,26.23,Curveball,CU,16.67,0.32,2674.43,82.48,79.29,69.57
R,0.36,104,35.58,-0.58,0.68,,19.7,606992,SFG,55.77,36.96,Sinker,SI,11.11,0.32,2244.13,78.56,94.34,48.28
R,0.12,102,45.1,-0.04,0.12,,19.32,606992,SFG,48.04,39.62,Slider,SL,54.72,0.04,2462.23,85.87,86.56,65.31
R,0.34,91,49.45,0.27,0.1,,14.65,664056,SFG,53.85,42.86,Slider,SL,55.56,0.25,2427.36,88.91,86.18,55.1
R,0.43,86,29.07,-0.53,0.65,,25.6,683679,SFG,52.33,43.9,Sinker,SI,19.61,0.38,2203,79.44,95.37,73.33
R,0.07,80,26.25,0.86,0.03,,8.46,691740,SFG,27.5,46.55,Sweeper,ST,40,0.04,2623.14,79.39,82.67,81.82
R,0.24,77,29.87,-0.21,1.34,,22.92,683679,SFG,72.73,38.1,4-Seam Fastball,FF,25.49,0.11,2279.51,80.58,94.84,76.79
R,0.33,74,32.43,0.17,0.75,,7.82,691740,SFG,44.59,34.15,Cutter,FC,27.78,0.18,2424.07,80.79,89.74,66.67
R,0.16,65,43.08,0.35,0.62,,25.9,666464,SFG,61.54,28,Sinker,SI,9.52,0.29,2176.14,80.29,94.16,35
R,0.16,63,28.57,0.06,1.4,,25.1,666464,SFG,52.38,40,4-Seam Fastball,FF,17.14,0.25,2372.16,80.97,94.34,69.7
L,0.13,62,16.13,-0.35,1.38,,50.41,686823,SFG,46.77,60.61,4-Seam Fastball,FF,7.32,0,2366.84,78.66,94.35,72.41
R,0.35,55,27.27,-0.18,0.4,,8.86,664056,SFG,34.55,47.22,Changeup,CH,29.03,0.33,1749.35,77.36,84.3,73.68
R,0.34,52,32.69,0,-0.81,,5.5,691740,SFG,48.08,44.44,Curveball,CU,8.7,0.19,2556.81,75.99,81.44,44
R,0.26,51,23.53,0.1,0.58,,8.21,664056,SFG,52.94,58.33,Cutter,FC,22.86,0,2471.37,77.43,90.03,77.78
R,0.12,49,32.65,0.71,0.13,,7.89,664056,SFG,38.78,46.67,Sweeper,ST,45.16,0,2574.33,77.41,81.45,89.47
R,0.25,47,40.43,1.12,0.04,,8.9,606992,SFG,42.55,33.33,Sweeper,ST,52.38,0,2731.53,84.98,83,60
R,0.15,43,30.23,0.94,0.32,,8.14,606992,SFG,30.23,53.33,Changeup,CH,40,0,1792.81,71.06,83.18,69.23
R,0.28,41,34.15,0.42,-0.57,,1.84,669477,SFG,48.78,33.33,Knuckle Curve,KC,45,0.25,2433.93,95.64,83.65,65
R,0,38,36.84,-0.57,0.25,,1.71,669477,SFG,34.21,36,Split-Finger,FS,41.18,0,1404.82,69.02,85.2,61.54
L,0.4,38,31.58,-0.48,1.19,,33.63,806367,SFG,42.11,27.27,4-Seam Fastball,FF,25,0.33,2262.89,85.5,93.82,62.5
R,0.21,38,31.58,1.19,0.34,,12.46,813841,SFG,21.05,43.33,Changeup,CH,52.63,0.36,1769.82,67.49,84.25,75
R,0.08,37,21.62,1.25,0.18,,11.01,683679,SFG,32.43,40,Sweeper,ST,30,0,2654.73,80.39,83.29,83.33
R,0.32,37,21.62,0.71,0.67,,12.13,813841,SFG,56.76,50,Sinker,SI,27.59,0.25,2273.3,73.21,93.86,100
R,0.27,36,22.22,0.97,-0.02,,14.34,666464,SFG,27.78,53.85,Changeup,CH,33.33,0.13,1738.92,80.78,86.66,100
R,0.03,35,42.86,-0.08,-0.96,,6.63,606992,SFG,28.57,32,Curveball,CU,60,0,2654.06,76.2,79.97,20
R,0.74,35,28.57,0.02,0.65,,6.63,606992,SFG,57.14,26.67,Cutter,FC,36.36,1,2487.4,77.14,88.08,90
R,0.28,32,28.12,0.38,0.22,,9.52,683679,SFG,46.88,17.65,Slider,SL,35.71,0.33,2544.72,84.06,87.52,73.33
R,0.09,30,23.33,-0.2,0.29,,1.37,656305,SFG,10,37.04,Split-Finger,FS,50,0,1239.23,69.7,87,66.67
L,0.01,30,33.33,-1.26,0.47,,26.55,806367,SFG,46.67,37.5,Changeup,CH,16.67,0,2102.67,70,84.68,42.86
R,0.01,29,62.07,0.44,-0.82,,4.67,664056,SFG,41.38,52.94,Curveball,CU,75,0,2558.59,80.33,79.47,25
R,0.03,27,44.44,-0.12,-0.98,,10.76,666464,SFG,37.04,52.94,Curveball,CU,46.15,0,2717.78,70.4,80.94,40
R,0,27,33.33,-0.41,-0.16,,8.85,813841,SFG,25.93,75,Slider,SL,40.91,0,2422.59,58.37,84.6,100
R,0.29,26,11.54,0.9,-0.12,,10.36,666464,SFG,38.46,50,Sweeper,ST,11.76,0.25,2715.69,75.31,83.53,90
R,0.3,25,24,0,0.48,,7.44,683679,SFG,32,23.53,Changeup,CH,36.36,0.29,1726.52,74.21,86.22,87.5
R,0.19,23,34.78,-0.01,0.66,,6.85,683679,SFG,47.83,16.67,Cutter,FC,28.57,0,2442.65,79.06,90.23,45.45
R,0.27,23,43.48,-0.69,-0.96,,7.54,813841,SFG,43.48,38.46,Curveball,CU,28.57,0.71,2564.96,89.66,81.17,20
R,0.03,23,26.09,-0.01,0.09,,7.54,813841,SFG,39.13,14.29,Sweeper,ST,22.22,0,2626.61,77.14,82.29,77.78
R,0.24,21,9.52,-0.86,0.3,,3.38,664056,SFG,33.33,21.43,Split-Finger,FS,20,0.5,1405.19,98.02,90.52,100
R,0.33,21,23.81,0.07,-0.93,,6.25,683679,SFG,14.29,27.78,Curveball,CU,37.5,0,2647.52,87.36,82.77,100
R,0.51,21,23.81,-0.09,0.69,,6.89,813841,SFG,52.38,40,Cutter,FC,28.57,0.33,2270.95,85.26,88.98,90.91
R,0.45,20,10,0.34,1.38,,41.67,678760,SFG,40,41.67,4-Seam Fastball,FF,8.33,0.25,2215.65,81.22,93.96,87.5
R,0.68,19,42.11,0.46,-0.5,,3.06,664056,SFG,42.11,54.55,Knuckle Curve,KC,50,0.2,2593.79,93.12,82.89,75
R,0.56,19,5.26,-0.75,0.14,,2.01,691740,SFG,31.58,53.85,Split-Finger,FS,7.69,0.75,1195.68,84.95,83.75,100
R,0.45,17,23.53,-0.12,-0.07,,6.77,666464,SFG,58.82,57.14,Slider,SL,0,0.25,2336.65,86.94,86.26,60
R,0.13,16,50,0.74,-0.8,,0.73,656305,SFG,43.75,66.67,Knuckle Curve,KC,50,0.22,2569.88,98.02,80.68,57.14
R,0.23,16,12.5,-0.03,1.57,,4.76,683679,SFG,12.5,57.14,Eephus,EP,0,0,1252.62,65.38,47.28,0
L,0.03,16,25,0.56,-0.9,,14.16,806367,SFG,43.75,22.22,Curveball,CU,50,0,2462.62,67,80.24,28.57
R,0.29,15,33.33,0.22,0.48,,44.12,666931,SFG,66.67,40,Sinker,SI,22.22,0.33,2191.33,90.5,93.96,70
L,0.01,14,21.43,-1.31,0.23,,11.38,686823,SFG,50,85.71,Changeup,CH,0,0,1991.07,65.3,86.13,71.43
R,0.7,14,14.29,0.87,1.09,,1.48,691740,SFG,28.57,20,Other,FA,0,0,1930.57,83.15,81.09,50
R,0,12,50,0.9,0.74,,25,678760,SFG,50,33.33,Changeup,CH,66.67,0,1766.08,76.85,84.41,66.67
L,0.35,12,0,-0.01,0.2,,9.76,686823,SFG,33.33,50,Slider,SL,0,0.5,2479.67,62.58,87.18,100
R,0.09,10,40,0.18,-0.51,,1.89,606992,SFG,60,50,Knuckle Curve,KC,42.86,0,2336.5,81.42,84.82,83.33
R,0,10,0,0,0,,0.46,656305,SFG,0,0,Unknown,UNK,0,0,0,0,0,0
L,0.46,10,30,-0.79,0.85,,8.13,686823,SFG,20,25,Sinker,SI,0,0,2322.6,91.63,95.78,50
L,0,10,80,-1.11,0.46,,8.85,806367,SFG,80,0,Sinker,SI,0,0,2292.4,0,90.96,0
L,0.7,9,33.33,1.42,0.17,,7.96,806367,SFG,55.56,0,Sweeper,ST,50,0,2817.33,19.6,81.69,80
R,0.36,8,12.5,-0.56,0.04,,0.36,656305,SFG,75,0,Forkball,FO,0,0.4,1006.5,93.62,84.52,83.33
R,0.91,8,0,-0.18,1.54,,23.53,666931,SFG,50,50,4-Seam Fastball,FF,0,0,2415.75,79.75,92.88,100
R,0.01,8,62.5,-0.15,-0.56,,0.36,669477,SFG,37.5,60,Slurve,SV,75,0,2458.62,61.9,82.89,33.33
R,0,8,12.5,0,0,,0.36,669477,SFG,0,0,Unknown,UNK,0,0,0,0,0,0
R,0.17,8,0,0.35,-0.38,,2.38,683679,SFG,50,50,Knuckle Curve,KC,0,0,2517.62,70.5,82.42,100
R,1.41,8,25,-0.8,1.18,,2.62,813841,SFG,75,100,Other,FA,0,1,1656.25,90.97,67.3,66.67
R,0.04,7,42.86,0.07,-0.43,,0.32,656305,SFG,42.86,50,Slurve,SV,33.33,0,2367.29,76.25,83.54,33.33
R,0,7,0,-0.21,0.63,,2.79,666464,SFG,42.86,50,Split-Finger,FS,0,0,1455.14,80.74,82.89,100
R,0,7,0,-0.24,0.36,,2.08,683679,SFG,0,0,Split-Finger,FS,0,0,1571.71,0,87.03,0
L,0.09,7,28.57,0.5,-1.21,,5.69,686823,SFG,28.57,60,Knuckle Curve,KC,0,0,2764,84.67,80.99,0
R,0.18,6,0,0.19,1.02,,0.27,656305,SFG,100,0,Other,FA,0,0.5,1731,88.8,72.27,100
L,0.06,6,33.33,1.28,-0.81,,4.88,686823,SFG,66.67,50,Slurve,SV,25,0,3012.67,68.4,79.8,75
R,0.49,6,0,0.43,0.52,,0.63,691740,SFG,33.33,0,Knuckleball,KN,0,1,319,97.3,58.4,100
L,0.39,6,33.33,0.34,0.49,,5.31,806367,SFG,66.67,100,Cutter,FC,0,1,2657.33,103.25,88.57,50
R,0,6,0,0.25,1.18,,1.97,813841,SFG,0,0,Eephus,EP,0,0,1377.33,0,56.4,0
R,0.93,5,20,0.02,0.44,,10.42,678760,SFG,40,66.67,Cutter,FC,25,1,2311.8,74.63,90.5,100
R,0,5,40,0.24,0.9,,10.42,678760,SFG,60,50,Sinker,SI,50,0,2178,82.2,94.58,100
L,0.42,5,20,-0.34,1.01,,4.07,686823,SFG,100,0,Cutter,FC,0,0,2359.2,99.72,91.12,80
R,0,5,40,0.77,-0.44,,0.53,691740,SFG,0,60,Slurve,SV,66.67,0,2778.2,73.8,81.3,0
R,0,4,0,-0.51,1.56,,0.76,606992,SFG,0,50,Other,FA,0,0,1306.5,67.9,56.95,0
R,0.02,4,0,0.33,0.98,,1.59,666464,SFG,50,0,Cutter,FC,0,0,2275.5,89.5,87.6,100
R,0.15,4,0,1.11,-0.89,,1.59,666464,SFG,100,0,Knuckle Curve,KC,0,0,2653,85.25,78.95,100
R,0,4,100,0.78,-0.28,,11.76,666931,SFG,75,100,Slider,SL,100,0,2858,0,88.38,33.33
L,0.03,4,0,0.41,-0.84,,3.25,686823,SFG,100,0,Curveball,CU,0,0,2665.5,79.2,82,100
L,0,4,0,0.22,0.66,,3.54,806367,SFG,50,0,Slider,SL,0,0,2390,0,86,100
R,0,4,75,-0.98,-0.24,,1.31,813841,SFG,50,100,Slurve,SV,66.67,0,2201.25,99.8,82.25,50
R,0,3,33.33,1.34,-0.26,,8.82,666931,SFG,33.33,50,Changeup,CH,50,0,2021.33,86.7,86.07,100
R,0.22,3,66.67,0.35,-0.07,,6.25,678760,SFG,33.33,100,Slider,SL,50,0,2663.33,46.2,87.83,0
R,0,2,0,0,0,,0.38,606992,SFG,0,0,Unknown,UNK,0,0,0,0,0,0
R,0,2,100,-0.18,0.29,,0.09,656305,SFG,50,100,Knuckleball,KN,100,0,247,0,78.75,0
R,0,2,100,-0.66,0.42,,0.32,664056,SFG,0,100,Forkball,FO,100,0,1336,0,83.4,0
R,0,2,0,-0.99,-0.08,,0.8,666464,SFG,0,0,Forkball,FO,0,0,1201,0,84.5,0
R,0,2,0,0.62,1.03,,5.88,666931,SFG,100,0,Cutter,FC,0,0,2418,71.6,90.6,100
R,0,2,0,0.8,0.32,,5.88,666931,SFG,0,0,Sweeper,ST,0,0,2434,0,82.1,0
R,0.72,2,0,-0.86,1.46,,0.09,669477,SFG,0,100,Other,FA,0,1,1117,101.9,49.7,0
R,0,2,0,-1.08,0.28,,4.17,678760,SFG,0,50,Split-Finger,FS,0,0,1482,104.5,86.1,0
R,1.14,2,0,-0.73,0.91,,0.6,683679,SFG,100,0,Other,FA,0,1,1688,101.7,67.7,100
L,0,2,0,0,0,,1.63,686823,SFG,0,0,Unknown,UNK,0,0,0,0,0,0
R,0,2,100,-0.5,-0.17,,0.21,691740,SFG,100,0,Knuckle Curve,KC,0,0,2260,0,80.2,0
R,0.19,2,0,0.08,-0.26,,0.66,813841,SFG,50,0,Knuckle Curve,KC,0,0,2391.5,91.2,83.35,100
R,0,2,0,0.22,0.04,,0.66,813841,SFG,50,0,Split-Finger,FS,0,0,996.5,0,90,100
R,0,1,100,-1.19,0.35,,0.19,606992,SFG,100,0,Split-Finger,FS,0,0,1413,0,83.6,0
R,0.73,1,0,-0.01,-0.17,,0.04,669477,SFG,0,0,Forkball,FO,0,0,652,0,87.1,0
R,0,1,100,1.62,-0.1,,0.04,669477,SFG,100,0,Slow Curve,CS,100,0,2514,0,66,100
R,0,1,0,-0.31,0.07,,2.08,678760,SFG,0,0,Curveball,CU,0,0,2502,0,81.8,0
R,0,1,0,-0.44,-0.4,,0.3,683679,SFG,0,0,Forkball,FO,0,0,580,0,86.6,0
R,0,1,0,0.48,-0.28,,0.3,683679,SFG,0,0,Knuckleball,KN,0,0,205,0,80.2,0
L,0.46,1,0,-1.44,0.14,,0.81,686823,SFG,100,0,Sweeper,ST,0,1,2660,94,86.3,100
R,0,1,0,0,0,,0.11,691740,SFG,0,0,Unknown,UNK,0,0,0,0,0,0
R,0.39,819,27.23,-0.35,1.3,Alec Burleson,26.05,676475,STL,50.18,36.03,4-Seam Fastball,FF,20.75,0.3,2330.85,87.39,94.91,68.61
R,0.43,495,27.27,-0.09,0.61,Alec Burleson,15.74,676475,STL,60.81,27.32,Sinker,SI,18.85,0.33,2210.89,87.33,94.06,68.77
R,0.31,447,16.78,-1.08,0.36,Alec Burleson,14.22,676475,STL,37.81,47.12,Changeup,CH,18.71,0.37,1764.99,83.4,86.64,86.98
R,0.4,345,25.22,0.03,0.11,Alec Burleson,10.97,676475,STL,41.45,40.59,Slider,SL,25.4,0.26,2416.47,86.57,86.16,74.83
R,0.34,284,22.54,0.04,0.05,Alec Burleson,9.03,676475,STL,34.51,35.48,Sweeper,ST,26.24,0.2,2655.11,84.39,82.9,76.53
R,0.42,274,25.18,0.1,0.67,Alec Burleson,8.72,676475,STL,53.28,28.12,Cutter,FC,17.86,0.2,2396.59,86.2,90.28,71.23
R,0.34,249,25.3,0.28,-0.76,Alec Burleson,7.92,676475,STL,38.55,41.18,Curveball,CU,20.77,0.25,2596.35,84.68,81,69.79
R,0.37,148,16.22,-1.02,0.18,Alec Burleson,4.71,676475,STL,36.49,30.85,Split-Finger,FS,10.45,0.24,1542.47,84.81,87.84,70.37
R,0.47,36,36.11,0.63,-0.68,Alec Burleson,1.15,676475,STL,44.44,55,Knuckle Curve,KC,33.33,0.38,2337.19,88.92,82.78,43.75
R,0.36,19,21.05,-0.5,-0.13,Alec Burleson,0.6,676475,STL,47.37,50,Slurve,SV,0,0.17,2326,81.79,84.05,77.78
R,0,18,0,0,0,Alec Burleson,0.57,676475,STL,0,0,Unknown,UNK,0,0,0,0,0,0
R,0,6,0,-1.07,-0.01,Alec Burleson,0.19,676475,STL,0,33.33,Forkball,FO,0,0,1232,65.7,83.97,0
R,0.4,4,0,1.08,-0.59,Alec Burleson,0.13,676475,STL,50,100,Slow Curve,CS,0,0.5,2615,99.3,74.1,100
R,0.32,301,24.25,-0.07,1.28,Blaze Jordan,27.77,691458,STL,58.14,39.68,4-Seam Fastball,FF,8.72,0.29,2318.5,83.29,94.72,69.71
R,0.26,195,22.05,-0.67,0.65,Blaze Jordan,17.99,691458,STL,55.9,38.37,Sinker,SI,10.09,0.21,2211.7,83.12,94.46,69.72
R,0.35,183,16.94,0.19,0.15,Blaze Jordan,16.88,691458,STL,43.72,20.39,Slider,SL,28.12,0.23,2438.87,82.07,86.45,93.75
R,0.31,118,21.19,0.44,0.34,Blaze Jordan,10.89,691458,STL,37.29,50,Changeup,CH,25.64,0.16,1762.76,82.1,85.26,93.18
R,0.34,113,23.01,0.19,0.09,Blaze Jordan,10.42,691458,STL,39.82,25,Sweeper,ST,18.6,0.33,2694.72,82.03,83.68,57.78
R,0.14,64,29.69,0.06,0.66,Blaze Jordan,5.9,691458,STL,43.75,61.11,Cutter,FC,28.21,0.2,2409.84,72.37,88.87,60.71
R,0.6,62,32.26,-0.27,-0.66,Blaze Jordan,5.72,691458,STL,38.71,31.58,Curveball,CU,25,0.33,2628.77,84.77,80.01,50
R,0.41,23,17.39,-0.66,0.11,Blaze Jordan,2.12,691458,STL,60.87,44.44,Split-Finger,FS,12.5,0,1133.39,82.17,85.04,85.71
R,0.59,12,16.67,-1,-0.27,Blaze Jordan,1.11,691458,STL,66.67,0,Slurve,SV,25,1,2281.33,98.4,81.62,100
R,0,7,42.86,0.88,-0.63,Blaze Jordan,0.65,691458,STL,28.57,40,Knuckle Curve,KC,66.67,0,2743.29,77.8,83.03,50
R,0,4,50,-0.94,1.71,Blaze Jordan,0.37,691458,STL,100,0,Other,FA,0,0,1513,70.8,64.05,50
R,0,2,0,0,0,Blaze Jordan,0.18,691458,STL,0,0,Unknown,UNK,0,0,0,0,0,0
R,0.32,285,24.56,-0.49,1.3,Bryan Torres,37.06,663494,STL,55.79,29.37,4-Seam Fastball,FF,16.44,0.25,2398.48,82.09,96.18,68.55
R,0.37,144,31.94,-0.11,0.55,Bryan Torres,18.73,663494,STL,51.39,21.43,Sinker,SI,16.36,0.11,2200.65,83.6,94.84,54.05
R,0.23,101,29.7,-1.17,0.38,Bryan Torres,13.13,663494,STL,45.54,38.18,Changeup,CH,28.3,0.21,1887.48,77.82,86.03,69.57
R,0.19,94,28.72,0.23,0.17,Bryan Torres,12.22,663494,STL,42.55,38.89,Slider,SL,28.89,0.17,2462.99,72.2,85.96,60
R,0.11,51,31.37,0.57,-0.66,Bryan Torres,6.63,663494,STL,54.9,8.7,Curveball,CU,0,0.2,2610.18,78.48,82.35,42.86
R,0.26,40,35,0.21,0.79,Bryan Torres,5.2,663494,STL,50,35,Cutter,FC,26.32,0.4,2399.4,86.07,90.62,60
R,0.39,37,29.73,-0.02,-0.03,Bryan Torres,4.81,663494,STL,45.95,20,Sweeper,ST,21.43,0.33,2533.14,81.85,84.68,58.82
R,0.07,7,28.57,0.19,-0.26,Bryan Torres,0.91,663494,STL,57.14,33.33,Knuckle Curve,KC,25,0.33,2329.86,83.05,87.14,75
R,0.16,7,28.57,-1.12,0.04,Bryan Torres,0.91,663494,STL,57.14,33.33,Split-Finger,FS,0,0,1595.14,67.83,88.21,50
R,0,3,0,-0.71,-0.15,Bryan Torres,0.39,663494,STL,0,0,Slurve,SV,0,0,2196.33,0,82.6,0
R,0.32,51,31.37,-0.68,1.29,César Prieto,38.93,693409,STL,43.14,37.93,4-Seam Fastball,FF,13.64,0.13,2319.59,82.71,94.55,50
R,0.15,25,24,-1.2,0.34,César Prieto,19.08,693409,STL,32,58.82,Changeup,CH,33.33,0,1773.04,79.98,86.82,100
R,0.14,22,27.27,-0.3,0.43,César Prieto,16.79,693409,STL,68.18,0,Sinker,SI,0,0,2044.32,80.51,93.98,66.67
R,0.29,11,9.09,0.57,-0.97,César Prieto,8.4,693409,STL,54.55,20,Curveball,CU,20,0,2425.45,90.95,80.02,66.67
R,0.26,7,0,0.04,0.83,César Prieto,5.34,693409,STL,71.43,0,Cutter,FC,0,0,2486.29,91.7,90.43,100
R,0,5,20,1.16,0.21,César Prieto,3.82,693409,STL,20,50,Sweeper,ST,0,0,2556.2,82.7,83.7,0
R,0.56,4,50,0.12,-0.13,César Prieto,3.05,693409,STL,50,100,Slider,SL,50,0,2150.25,108.9,86.05,100
R,0.86,4,0,-1.2,0.1,César Prieto,3.05,693409,STL,0,50,Split-Finger,FS,0,1,1602,73.9,86.45,0
R,0,2,0,0.9,-0.34,César Prieto,1.53,693409,STL,100,0,Knuckle Curve,KC,0,0,2403,74.4,80.6,100
R,0.25,139,32.37,-0.67,0.56,Everson Pereira,23.64,677592,STL,53.24,38.46,Sinker,SI,28.38,0.13,2159.1,81.55,94.15,66.22
R,0.31,135,25.93,0.16,1.29,Everson Pereira,22.96,677592,STL,40.74,31.25,4-Seam Fastball,FF,27.42,0.32,2271.63,81.26,94.23,67.27
R,0.21,77,35.06,1.02,0.28,Everson Pereira,13.1,677592,STL,40.26,43.48,Changeup,CH,46.51,0.33,1845.68,81.78,83.31,74.19
R,0.37,70,38.57,0.22,0.07,Everson Pereira,11.9,677592,STL,38.57,44.19,Slider,SL,52.5,0.31,2441.61,84.84,86.59,77.78
R,0.6,66,13.64,0.66,0.12,Everson Pereira,11.22,677592,STL,48.48,17.65,Sweeper,ST,12.12,0.5,2607.08,85.08,82.83,84.38
R,0.39,50,26,-0.04,0.69,Everson Pereira,8.5,677592,STL,58,42.86,Cutter,FC,28.57,0,2365.02,76.9,88.78,89.66
R,0.16,24,41.67,0.3,-0.74,Everson Pereira,4.08,677592,STL,25,38.89,Curveball,CU,60,0.11,2543.58,96.95,79.64,50
R,0.18,14,14.29,0.51,-0.6,Everson Pereira,2.38,677592,STL,71.43,50,Knuckle Curve,KC,16.67,0,2396.86,81.06,84.04,100
R,0,11,36.36,-0.88,0.2,Everson Pereira,1.87,677592,STL,18.18,44.44,Split-Finger,FS,66.67,0,1604.64,70.7,91.36,100
R,0,2,100,0.75,-0.72,Everson Pereira,0.34,677592,STL,0,100,Slurve,SV,100,0,2933,0,82.7,0
R,0.33,965,23.63,-0.19,1.3,Iván Herrera,26.32,671056,STL,50.57,25.16,4-Seam Fastball,FF,12.24,0.21,2329.72,83.6,94.67,65.78
R,0.38,748,29.81,-0.71,0.66,Iván Herrera,20.4,671056,STL,54.14,26.53,Sinker,SI,10.25,0.24,2215.89,82.54,94.4,57.04
R,0.37,468,27.35,0.12,0.16,Iván Herrera,12.77,671056,STL,42.31,31.11,Slider,SL,31.48,0.28,2459.71,83.78,86.45,66.67
R,0.31,395,24.81,0,0.34,Iván Herrera,10.77,671056,STL,39.75,33.61,Changeup,CH,27.47,0.23,1766.36,84.3,86.18,64.97
R,0.27,391,25.06,0.68,0.01,Iván Herrera,10.67,671056,STL,40.92,32.47,Sweeper,ST,23.12,0.26,2659.34,82.68,83.17,61.25
R,0.33,286,26.57,0.1,0.61,Iván Herrera,7.8,671056,STL,52.8,28.15,Cutter,FC,16.67,0.33,2380.68,84.09,89.06,66.23
R,0.25,227,23.35,-0.12,-0.81,Iván Herrera,6.19,671056,STL,41.85,25,Curveball,CU,17.05,0.18,2582.6,82.91,80.14,57.89
R,0.38,69,26.09,-0.2,0.24,Iván Herrera,1.88,671056,STL,31.88,31.91,Split-Finger,FS,38.24,0.38,1270.17,82.87,87.06,86.36
R,0.24,44,4.55,0,0,Iván Herrera,1.2,671056,STL,0,9.09,Unknown,UNK,50,0,0,108.8,0,0
R,0.23,35,48.57,0.86,-0.6,Iván Herrera,0.95,671056,STL,37.14,54.55,Knuckle Curve,KC,47.06,0.3,2461.4,83.74,83.81,38.46
R,0.21,32,59.38,-0.53,-0.29,Iván Herrera,0.87,671056,STL,56.25,50,Slurve,SV,46.67,0.25,2356.78,76.92,81.6,44.44
R,0.35,4,50,-0.96,0.31,Iván Herrera,0.11,671056,STL,0,50,Forkball,FO,100,0,1135.5,0,84.75,0
R,0,2,0,1.32,-0.35,Iván Herrera,0.05,671056,STL,0,0,Slow Curve,CS,0,0,1776,0,69.6,0
R,0.42,1051,28.92,-0.31,1.31,JJ Wetherholt,29.44,802139,STL,55.47,25.43,4-Seam Fastball,FF,19.43,0.27,2333.35,86.74,94.73,63.46
R,0.34,716,26.96,0.08,0.59,JJ Wetherholt,20.06,802139,STL,54.75,18.52,Sinker,SI,13.77,0.23,2188.54,84.03,93.58,62.5
R,0.31,429,25.64,0.02,0.12,JJ Wetherholt,12.02,802139,STL,48.02,17.49,Slider,SL,15,0.26,2432.79,83.4,86.19,58.74
R,0.26,372,18.82,-0.97,0.34,JJ Wetherholt,10.42,802139,STL,36.56,22.03,Changeup,CH,21.92,0.15,1740.99,79.51,86.83,69.12
R,0.3,301,25.58,-0.02,0.06,JJ Wetherholt,8.43,802139,STL,39.2,18.58,Sweeper,ST,25.23,0.2,2631.48,82.25,82.32,65.25
R,0.39,261,24.9,0.07,0.62,JJ Wetherholt,7.31,802139,STL,48.66,21.64,Cutter,FC,20.18,0.24,2381.65,85.04,88.95,66.93
R,0.25,233,24.03,0.26,-0.78,JJ Wetherholt,6.53,802139,STL,48.93,14.29,Curveball,CU,12.99,0.19,2575.4,83.51,80.27,52.63
R,0.26,111,25.23,-0.94,0.21,JJ Wetherholt,3.11,802139,STL,40.54,36.36,Split-Finger,FS,22.64,0.3,1520.62,82.49,87.28,64.44
R,0.47,43,16.28,0.75,-0.76,JJ Wetherholt,1.2,802139,STL,23.26,9.09,Knuckle Curve,KC,45.45,0.33,2505.79,102.3,83.1,80
R,0.92,26,0,0,0,JJ Wetherholt,0.73,802139,STL,0,15.38,Unknown,UNK,0,1,0,85.45,0,0
R,0.23,18,22.22,-0.9,-0.31,JJ Wetherholt,0.5,802139,STL,38.89,18.18,Slurve,SV,0,0,2432.06,74.73,83.63,71.43
R,0,7,0,-0.76,-0.16,JJ Wetherholt,0.2,802139,STL,0,0,Forkball,FO,0,0,1163.86,0,85.16,0
R,0,2,0,0.71,-0.75,JJ Wetherholt,0.06,802139,STL,0,0,Slow Curve,CS,0,0,2387,0,75.8,0
R,0.29,300,29.33,-0.57,1.25,Jimmy Crooks,33.48,699625,STL,49.67,35.1,4-Seam Fastball,FF,20.89,0.2,2331.1,86.95,94.79,70.47
R,0.25,150,34,-1.06,0.51,Jimmy Crooks,16.74,699625,STL,25.33,44.64,Changeup,CH,53.75,0.06,1861.86,81.16,86.54,78.95
R,0.36,95,23.16,-0.1,0.41,Jimmy Crooks,10.6,699625,STL,52.63,28.89,Sinker,SI,14.58,0.06,2169.37,84.22,92.81,70
R,0.12,94,40.43,0.65,-0.82,Jimmy Crooks,10.49,699625,STL,51.06,28.26,Curveball,CU,41.18,0,2615.32,80.04,81.38,43.75
R,0.13,93,44.09,0.32,0.05,Jimmy Crooks,10.38,699625,STL,39.78,46.43,Slider,SL,58,0.1,2497.51,82.26,86.17,64.86
R,0.22,77,27.27,0.16,0.6,Jimmy Crooks,8.59,699625,STL,42.86,43.18,Cutter,FC,27.27,0.14,2483.27,84.68,90.04,75.76
R,0.44,56,21.43,0.44,0.22,Jimmy Crooks,6.25,699625,STL,41.07,21.21,Sweeper,ST,15.79,0.5,2705.29,82.06,82.63,52.17
R,0.28,23,39.13,-1.03,0.12,Jimmy Crooks,2.57,699625,STL,47.83,33.33,Split-Finger,FS,50,0.33,1548.22,86.15,85.67,72.73
R,0,4,75,0.18,-0.62,Jimmy Crooks,0.45,699625,STL,0,25,Knuckle Curve,KC,100,0,2448.75,0,85.75,0
R,0.45,2,0,-0.45,1.55,Jimmy Crooks,0.22,699625,STL,100,0,Other,FA,0,1,1602,94.9,71.3,100
R,0,2,100,1.09,-0.13,Jimmy Crooks,0.22,699625,STL,100,0,Slow Curve,CS,0,0,2559,0,72.7,0
R,0.34,723,29.88,-0.3,1.3,Jordan Walker,23.65,691023,STL,56.15,37.85,4-Seam Fastball,FF,20.39,0.26,2323.86,85.99,95.16,70.69
R,0.37,626,30.99,-0.64,0.63,Jordan Walker,20.48,691023,STL,49.68,35.24,Sinker,SI,20.91,0.3,2208.23,85.46,94.56,56.59
R,0.27,461,30.37,0.2,0.16,Jordan Walker,15.08,691023,STL,38.61,35.69,Slider,SL,41.77,0.3,2477.05,82.53,86.72,76.4
R,0.35,441,25.4,0.85,0.03,Jordan Walker,14.43,691023,STL,39,39.41,Sweeper,ST,32.14,0.23,2654.05,82.07,83.29,84.88
R,0.39,295,28.14,0.08,0.4,Jordan Walker,9.65,691023,STL,38.98,37.22,Changeup,CH,40,0.29,1821.46,89.39,84.73,85.22
R,0.5,212,24.53,0.14,0.65,Jordan Walker,6.93,691023,STL,50,23.58,Cutter,FC,24.53,0.49,2374.63,85.99,89.71,76.42
R,0.36,172,32.56,-0.14,-0.81,Jordan Walker,5.63,691023,STL,34.88,39.29,Curveball,CU,40.45,0.2,2578.31,89.74,79.88,75
R,0.38,65,24.62,-0.35,0.26,Jordan Walker,2.13,691023,STL,26.15,29.17,Split-Finger,FS,46.43,0.42,1355.51,89,85.79,82.35
R,0.27,27,22.22,-0.41,-0.35,Jordan Walker,0.88,691023,STL,44.44,20,Slurve,SV,16.67,0.14,2333.85,82.57,83.56,75
R,0.75,23,13.04,0.47,-0.56,Jordan Walker,0.75,691023,STL,34.78,33.33,Knuckle Curve,KC,0,0.67,2417.61,86.29,83.23,62.5
R,0.91,8,25,-0.41,0.02,Jordan Walker,0.26,691023,STL,37.5,40,Forkball,FO,40,1,873.12,89.07,83.66,100
R,0,2,100,1.05,-0.26,Jordan Walker,0.07,691023,STL,0,100,Slow Curve,CS,100,0,2509,0,70.6,0
R,0,2,0,0,0,Jordan Walker,0.07,691023,STL,0,0,Unknown,UNK,0,0,0,0,0,0
R,0.28,523,24.47,0.02,1.28,José Fermín,28.9,665877,STL,54.88,24.15,4-Seam Fastball,FF,8.64,0.22,2343.06,84.93,94.36,64.81
R,0.37,340,27.35,-0.39,0.6,José Fermín,18.78,665877,STL,53.82,19.75,Sinker,SI,6.02,0.36,2214.74,82.89,94.46,55.74
R,0.3,231,27.71,0.09,0.18,José Fermín,12.76,665877,STL,45.89,16.8,Slider,SL,11.94,0.18,2421.01,77.72,85.86,43.4
R,0.28,205,20.98,0.65,0.37,José Fermín,11.33,665877,STL,46.34,21.82,Changeup,CH,12.79,0.12,1755.73,80.87,84.88,65.26
R,0.18,195,32.82,0.58,0.1,José Fermín,10.77,665877,STL,42.05,15.93,Sweeper,ST,17.78,0.17,2700.09,78.34,83.47,32.93
R,0.28,143,28.67,0.15,0.61,José Fermín,7.9,665877,STL,50.35,23.94,Cutter,FC,20.63,0.19,2439.69,79.81,89.12,63.89
R,0.37,123,35.77,-0.18,-0.72,José Fermín,6.8,665877,STL,56.1,12.96,Curveball,CU,11.76,0.25,2595.41,81.31,79.91,39.13
R,0.38,17,35.29,-0.94,-0.24,José Fermín,0.94,665877,STL,41.18,40,Slurve,SV,0,0,2226.29,81.66,80.89,14.29
R,0.33,17,0,0.76,0.38,José Fermín,0.94,665877,STL,70.59,80,Split-Finger,FS,0,0.2,1129.76,81.52,82.55,100
R,0.43,14,14.29,-0.04,-0.34,José Fermín,0.77,665877,STL,57.14,16.67,Knuckle Curve,KC,0,0.33,2364.43,82.71,84.22,75
R,0,2,0,0,0,José Fermín,0.11,665877,STL,0,0,Unknown,UNK,0,0,0,0,0,0
R,0.31,1105,30.95,-0.29,1.29,Masyn Winn,36.54,691026,STL,54.84,20.64,4-Seam Fastball,FF,19.29,0.19,2328.94,82.21,94.82,62.54
R,0.36,474,32.91,-0.76,0.62,Masyn Winn,15.67,691026,STL,62.87,6.25,Sinker,SI,7.88,0.37,2232.91,86.34,94.57,51.68
R,0.28,414,29.95,0.23,0.15,Masyn Winn,13.69,691026,STL,40.82,27.76,Slider,SL,29.34,0.2,2433.77,79.34,86.25,58.58
R,0.28,285,25.96,0.94,0.06,Masyn Winn,9.42,691026,STL,38.95,31.61,Sweeper,ST,25.81,0.27,2651.99,79.72,83.43,62.16
R,0.32,236,29.24,0.26,0.43,Masyn Winn,7.8,691026,STL,33.9,34.62,Changeup,CH,30,0.25,1835.74,80.8,84.55,57.5
R,0.32,208,27.4,0.19,0.64,Masyn Winn,6.88,691026,STL,51.92,31,Cutter,FC,19.61,0.29,2445.1,83.44,89.47,65.74
R,0.21,174,39.66,-0.04,-0.8,Masyn Winn,5.75,691026,STL,48.28,26.67,Curveball,CU,34.38,0.19,2615.67,81.42,80.47,47.62
R,0.09,74,22.97,0.13,0.26,Masyn Winn,2.45,691026,STL,35.14,43.75,Split-Finger,FS,26.83,0.08,1125.86,82.66,84.32,76.92
R,0.15,29,37.93,0.54,-0.43,Masyn Winn,0.96,691026,STL,51.72,14.29,Knuckle Curve,KC,30,0.33,2487.17,74.17,85.66,53.33
R,0.01,12,25,-0.25,-0.54,Masyn Winn,0.4,691026,STL,50,16.67,Slurve,SV,20,0,2188.67,79.05,82.78,66.67
R,0.35,7,0,-0.75,0.07,Masyn Winn,0.23,691026,STL,42.86,0,Forkball,FO,0,0,1018.29,88.4,83.9,66.67
R,1.33,4,0,-0.64,1.56,Masyn Winn,0.13,691026,STL,50,0,Other,FA,0,0,1528.5,103.1,66.75,100
R,0.7,2,0,0,0,Masyn Winn,0.07,691026,STL,0,0,Unknown,UNK,0,0,0,0,0,0
R,0.3,828,24.76,-0.53,1.29,Nathan Church,37.84,701675,STL,49.52,42.34,4-Seam Fastball,FF,19.71,0.27,2326.67,78.18,94.72,74.39
R,0.28,334,20.96,-1.12,0.33,Nathan Church,15.27,701675,STL,37.43,48.8,Changeup,CH,23.65,0.25,1818.72,77.84,87.16,80.8
R,0.34,248,23.39,0,0.53,Nathan Church,11.33,701675,STL,58.87,27.45,Sinker,SI,8.2,0.17,2206.75,80.84,93.68,64.38
R,0.25,226,21.68,0.06,0.12,Nathan Church,10.33,701675,STL,40.27,51.85,Slider,SL,18.18,0.17,2451.74,79.37,85.46,68.13
R,0.25,150,24.67,0.52,-0.76,Nathan Church,6.86,701675,STL,44.67,33.73,Curveball,CU,17.39,0.26,2561.54,83.07,81.37,61.19
R,0.18,149,28.86,0.22,0.1,Nathan Church,6.81,701675,STL,38.26,28.26,Sweeper,ST,37.1,0.2,2610.6,71.59,82.38,63.16
R,0.35,117,30.77,0.12,0.65,Nathan Church,5.35,701675,STL,63.25,39.53,Cutter,FC,15.94,0.31,2419.38,78.13,89.37,70.27
R,0.33,88,20.45,-0.88,0.13,Nathan Church,4.02,701675,STL,28.41,63.49,Split-Finger,FS,24.59,0.3,1508.9,78.65,86.13,84
R,0.02,21,38.1,0.66,-0.66,Nathan Church,0.96,701675,STL,42.86,41.67,Knuckle Curve,KC,45.45,0,2497.38,69.03,83.48,66.67
R,0.02,12,0,-0.51,1.58,Nathan Church,0.55,701675,STL,33.33,50,Other,FA,0,0,1482,80.83,66.35,50
R,0.7,12,33.33,0,0,Nathan Church,0.55,701675,STL,0,16.67,Unknown,UNK,100,0,0,0,0,0
R,0.02,3,66.67,-0.75,0.1,Nathan Church,0.14,701675,STL,66.67,100,Forkball,FO,66.67,0,881.67,81.2,82.97,100
R,0.35,398,24.62,0.03,1.29,Pedro Pagés,31.59,686780,STL,52.51,32.8,4-Seam Fastball,FF,16,0.2,2336.89,81.55,94.5,66.03
R,0.39,193,31.61,-0.44,0.63,Pedro Pagés,15.32,686780,STL,58.55,37.5,Sinker,SI,13.46,0.42,2173.67,79.65,93.97,65.49
R,0.16,183,35.52,0.9,0.32,Pedro Pagés,14.52,686780,STL,31.15,39.68,Changeup,CH,49.45,0.12,1835.83,80.78,84.13,71.93
R,0.27,158,37.34,0.03,0.18,Pedro Pagés,12.54,686780,STL,53.8,45.21,Slider,SL,32.18,0.29,2421.6,81.98,86.65,63.53
R,0.21,106,30.19,0.65,0.07,Pedro Pagés,8.41,686780,STL,41.51,38.71,Sweeper,ST,30.77,0.22,2619.04,77.88,82.93,63.64
R,0.22,97,24.74,-0.25,-0.86,Pedro Pagés,7.7,686780,STL,40.21,27.59,Curveball,CU,23.26,0.12,2692.45,80.13,81.46,69.23
R,0.18,85,27.06,0.21,0.67,Pedro Pagés,6.75,686780,STL,44.71,25.53,Cutter,FC,25.71,0,2436.41,79.79,89.32,60.53
R,0.01,20,45,0.23,0.27,Pedro Pagés,1.59,686780,STL,40,33.33,Split-Finger,FS,62.5,0,1189.85,86.4,85,50
R,0,11,0,0,0,Pedro Pagés,0.87,686780,STL,0,72.73,Unknown,UNK,0,0,0,79.97,0,0
R,0,5,60,0.2,-0.65,Pedro Pagés,0.4,686780,STL,20,50,Knuckle Curve,KC,100,0,2310,0,80.4,0
R,0,4,50,-0.48,-0.55,Pedro Pagés,0.32,686780,STL,0,50,Slurve,SV,100,0,2149.5,0,81.95,0
L,0.37,506,28.06,-0.47,1.3,,34.42,669357,STL,53.16,19.41,4-Seam Fastball,FF,31.3,0.27,2321.78,86.17,95.22,74.35
L,0.27,331,25.38,-0.47,1.32,,33.13,687363,STL,56.19,17.24,4-Seam Fastball,FF,20,0.19,2317.23,78.04,94.53,69.89
L,0.19,272,35.29,-1.24,0.31,,18.5,669357,STL,38.97,37.95,Changeup,CH,49.32,0.06,1730.39,78.45,87.31,80.19
R,0.13,204,31.86,-0.12,1.35,,38.49,695336,STL,53.43,38.95,4-Seam Fastball,FF,33.05,0.1,2326.76,79.62,94.08,74.31
L,0.33,168,27.98,0.02,0.62,,16.82,687363,STL,58.93,15.94,Sinker,SI,14.08,0.34,2158.16,80.6,93.95,60.61
L,0.45,159,31.45,0.05,0.16,,10.82,669357,STL,39.62,48.96,Slider,SL,34.07,0.32,2482.68,80.47,86.04,69.84
L,0.28,145,28.97,-0.48,0.6,,9.86,669357,STL,51.03,28.17,Sinker,SI,20.97,0.21,2206.22,83.72,93.84,56.76
L,0.32,132,40.91,0.14,0.71,,8.98,669357,STL,59.85,32.08,Cutter,FC,33.85,0.34,2457.61,88.68,90.57,60.76
L,0.28,123,26.02,0.04,0.11,,12.31,687363,STL,61.79,23.4,Slider,SL,21.92,0.12,2448.64,72.54,85.65,81.58
L,0.18,95,28.42,-1.22,0.3,,9.51,687363,STL,29.47,23.88,Changeup,CH,51.52,0.05,1723.65,74.33,86.65,60.71
R,0.3,94,24.47,-0.45,1.26,,27.01,602104,STL,61.7,16.67,4-Seam Fastball,FF,14.89,0.12,2319.27,86.93,94.71,70.69
L,0.1,93,36.56,0.51,0.02,,6.33,669357,STL,39.78,44.64,Sweeper,ST,50,0.04,2512.14,76.29,82.81,62.16
L,0.16,89,46.07,0.34,-0.09,,8.91,687363,STL,49.44,46.67,Sweeper,ST,45.83,0.07,2577.49,72.61,83.16,61.36
R,0.36,89,21.35,-0.36,0.68,,16.79,695336,STL,39.33,29.63,Sinker,SI,5.71,0.13,2213.78,85.25,93.67,54.29
R,0.17,79,25.32,-0.53,0.59,,22.7,602104,STL,49.37,27.5,Sinker,SI,23.08,0.18,2216.41,83.32,94.46,71.79
L,0.31,76,31.58,0.13,0.58,,7.61,687363,STL,67.11,20,Cutter,FC,19.05,0.29,2397.57,77.08,88.81,72.55
L,0.16,68,33.82,0.39,-0.72,,4.63,669357,STL,39.71,31.71,Curveball,CU,39.29,0,2460.07,72.67,80.43,55.56
R,0.29,59,23.73,0.41,0.11,,11.13,695336,STL,59.32,25,Slider,SL,15.62,0.09,2414.39,80.8,86.28,74.29
L,0.44,58,37.93,0.39,-0.83,,5.81,687363,STL,44.83,28.12,Curveball,CU,28.57,0.2,2507.9,83.88,80.83,46.15
L,0.1,54,27.78,-0.87,0.22,,3.67,669357,STL,40.74,18.75,Split-Finger,FS,41.67,0,1405.22,78.72,86.78,81.82
R,0.31,53,28.3,0.4,0.07,,15.23,602104,STL,52.83,16,Slider,SL,26.92,0.12,2531.25,85.27,86.69,78.57
R,0.31,52,26.92,1.11,-0.15,,9.81,695336,STL,36.54,57.58,Sweeper,ST,33.33,0.23,2653.19,72.57,83.18,89.47
R,0.2,43,30.23,0.38,0.29,,19.03,695491,STL,27.91,48.39,Changeup,CH,48.15,0.15,1789.58,84.49,87.53,100
R,0.32,42,19.05,0.81,0.14,,12.07,602104,STL,35.71,25.93,Sweeper,ST,30,0.13,2556.74,87.64,82.74,86.67
R,0.62,42,16.67,-0.68,0.56,,18.58,695491,STL,69.05,15.38,Sinker,SI,12,0.18,2315.1,88.99,94.75,79.31
R,0.27,41,51.22,0.47,-0.05,,18.14,695491,STL,53.66,47.37,Sweeper,ST,36.36,0,2744.8,75.94,83.21,59.09
L,0.23,39,15.38,-0.8,0.15,,3.9,687363,STL,41.03,8.7,Split-Finger,FS,16.67,0,1329.92,54.1,86.89,62.5
R,0.37,38,31.58,0.3,1.19,,16.81,695491,STL,44.74,52.38,4-Seam Fastball,FF,26.09,0.31,2279.68,86.28,96.17,70.59
R,0.16,36,30.56,-0.17,0.22,,6.79,695336,STL,33.33,29.17,Changeup,CH,52.94,0.17,1918.11,89.32,84.73,83.33
R,0.3,36,25,-0.27,-0.83,,6.79,695336,STL,41.67,28.57,Curveball,CU,26.32,0.4,2506.5,90.85,79.22,86.67
R,0.41,36,22.22,0.28,0.11,,15.93,695491,STL,44.44,25,Slider,SL,21.05,0.22,2402.69,93.23,85.96,87.5
R,0.19,35,42.86,0.25,0.55,,6.6,695336,STL,42.86,40,Cutter,FC,61.9,0,2453.69,91.08,90.01,86.67
R,0.12,34,38.24,0.84,0.12,,9.77,602104,STL,47.06,27.78,Changeup,CH,55.56,0.1,1966.62,87.28,85.44,81.25
L,0.44,27,18.52,0.85,-0.77,,1.84,669357,STL,29.63,26.32,Knuckle Curve,KC,20,0.67,2550.63,92.05,81.4,62.5
R,0.3,24,45.83,0.06,0.37,,6.9,602104,STL,66.67,37.5,Cutter,FC,11.11,0,2433.5,78,88.48,37.5
R,1,20,20,-0.55,-0.95,,5.75,602104,STL,50,20,Curveball,CU,0,0.67,2533.85,71.92,78.55,60
R,0,14,57.14,-0.07,-0.86,,6.19,695491,STL,42.86,25,Curveball,CU,100,0,2726.71,0,78.97,0
R,0,12,33.33,0.26,0.59,,5.31,695491,STL,50,33.33,Cutter,FC,0,0,2573.83,75.85,89.77,66.67
L,0.17,11,18.18,0.56,-0.53,,1.1,687363,STL,36.36,0,Knuckle Curve,KC,0,0,2536.18,83.65,83.91,100
R,0.63,11,9.09,0.96,0.51,,2.08,695336,STL,36.36,42.86,Split-Finger,FS,14.29,0.4,1033.73,94,84.05,100
L,0,9,0,0,0,,0.61,669357,STL,0,0,Unknown,UNK,0,0,0,0,0,0
L,0.06,9,0,-0.21,-0.22,,0.9,687363,STL,22.22,14.29,Slurve,SV,0,0,2230.56,91.5,83.77,100
R,0.78,8,12.5,0.76,-1.13,,1.51,695336,STL,25,50,Knuckle Curve,KC,20,0,2290,67.47,80.6,100
L,0,3,66.67,-0.72,0.08,,0.2,669357,STL,0,100,Forkball,FO,66.67,0,857,0,84.37,0
L,0,2,0,-1.14,-0.44,,0.14,669357,STL,0,0,Slurve,SV,0,0,2634,0,85.35,0
R,0,1,0,0.02,0.02,,0.29,602104,STL,0,0,Forkball,FO,0,0,543,0,82.7,0
R,0.01,1,0,-0.32,0.62,,0.29,602104,STL,0,100,Split-Finger,FS,0,0,756,69.8,89.2,0
R,0.38,60,21.67,0.13,1.31,Carson Williams,28.57,700246,TBR,40,33.33,4-Seam Fastball,FF,18.18,0.17,2290.72,84.87,94.47,87.5
R,0.22,50,32,-0.6,0.52,Carson Williams,23.81,700246,TBR,64,44.44,Sinker,SI,17.86,0.23,2218.24,76.63,92.95,62.5
R,0.27,31,29.03,1.11,-0.21,Carson Williams,14.76,700246,TBR,19.35,36,Sweeper,ST,53.85,0.14,2566.32,81.68,83.65,66.67
R,0.13,29,44.83,-0.4,0.21,Carson Williams,13.81,700246,TBR,48.28,53.33,Slider,SL,57.14,0,2380.59,70.91,81.09,92.86
R,0.09,23,39.13,0.76,0.12,Carson Williams,10.95,700246,TBR,43.48,46.15,Changeup,CH,56.25,0,1649.26,86.61,83.82,100
R,0.04,11,9.09,0.03,0.77,Carson Williams,5.24,700246,TBR,54.55,20,Cutter,FC,0,0,2301.73,70.23,90.46,83.33
R,0,4,25,-0.07,-0.84,Carson Williams,1.9,700246,TBR,50,0,Curveball,CU,0,0,2682,102.5,82.22,50
R,0,2,50,-1.01,-0.2,Carson Williams,0.95,700246,TBR,50,0,Slurve,SV,0,0,2271,0,81.85,0
R,0.27,1029,22.06,-0.37,1.37,Cedric Mullins,39.14,656775,TBR,45.58,30.18,4-Seam Fastball,FF,21.66,0.19,2336.8,80.84,94.54,77.19
R,0.29,408,26.96,-0.37,0.59,Cedric Mullins,15.52,656775,TBR,57.11,24.57,Sinker,SI,12.56,0.27,2167.64,80.17,93.6,66.95
R,0.2,272,24.26,0.02,0.11,Cedric Mullins,10.35,656775,TBR,49.26,40.58,Slider,SL,25.15,0.12,2454.81,79.09,85.69,79.85
R,0.24,200,27.5,0.1,0.57,Cedric Mullins,7.61,656775,TBR,48.5,23.3,Cutter,FC,25.56,0.24,2392.86,80.62,88.84,68.04
R,0.31,197,18.27,-1.05,0.43,Cedric Mullins,7.49,656775,TBR,36.55,31.2,Changeup,CH,16.67,0.19,1814.2,78.28,86.8,70.83
R,0.24,171,38.6,0.59,-0.94,Cedric Mullins,6.5,656775,TBR,42.11,32.32,Curveball,CU,37.88,0.19,2629.36,84.87,81.1,47.22
R,0.12,169,17.16,0.03,0.07,Cedric Mullins,6.43,656775,TBR,47.93,25,Sweeper,ST,15,0.21,2614.87,79.93,81.61,71.6
R,0.32,78,23.08,-1.04,0.2,Cedric Mullins,2.97,656775,TBR,37.18,44.9,Split-Finger,FS,19.51,0.24,1487.87,85.88,87.06,65.52
R,0.47,59,10.17,0.43,-0.92,Cedric Mullins,2.24,656775,TBR,44.07,15.15,Knuckle Curve,KC,7.41,0.44,2522.59,85.47,84.09,84.62
R,0,16,50,0,0,Cedric Mullins,0.61,656775,TBR,0,43.75,Unknown,UNK,57.14,0,0,69.9,0,0
R,0.77,10,10,-0.07,1.66,Cedric Mullins,0.38,656775,TBR,10,100,Eephus,EP,0,1,1025.2,79.69,40.4,0
R,0,8,0,-0.25,0.36,Cedric Mullins,0.3,656775,TBR,0,0,Knuckleball,KN,0,0,260.75,0,65.97,0
R,0.05,8,37.5,-0.34,-0.87,Cedric Mullins,0.3,656775,TBR,75,0,Slurve,SV,60,0,2359.88,81.2,80.85,83.33
R,0,2,0,0.36,-0.17,Cedric Mullins,0.08,656775,TBR,0,0,Other,FA,0,0,1421,0,49.8,0
R,0,2,0,-0.21,1.07,Cedric Mullins,0.08,656775,TBR,0,0,Pitch Out,PO,0,0,2358,0,88.1,0
R,0.26,1022,23.78,-0.37,1.36,Chandler Simpson,39.66,802415,TBR,56.95,34.09,4-Seam Fastball,FF,4.18,0.31,2318.22,79.6,94.49,64.6
R,0.26,410,23.9,0.12,0.62,Chandler Simpson,15.91,802415,TBR,58.05,36.05,Sinker,SI,3.76,0.36,2181.7,76.99,93.46,63.45
R,0.31,249,24.1,-0.06,0.18,Chandler Simpson,9.66,802415,TBR,42.57,31.47,Slider,SL,16.52,0.32,2407.82,69.65,85.14,66.04
R,0.26,247,17.81,-1.06,0.42,Chandler Simpson,9.58,802415,TBR,41.3,26.9,Changeup,CH,19.3,0.19,1742.86,71.86,86.12,73.53
R,0.26,182,21.43,0.1,0.65,Chandler Simpson,7.06,802415,TBR,43.96,29.41,Cutter,FC,12.2,0.24,2366.71,81.43,89.22,65
R,0.28,159,32.7,0.43,-0.87,Chandler Simpson,6.17,802415,TBR,46.54,16.47,Curveball,CU,23.4,0.35,2584.81,78.24,80.44,44.59
R,0.21,152,28.29,-0.36,0.18,Chandler Simpson,5.9,802415,TBR,44.08,29.41,Sweeper,ST,19.7,0.26,2512.99,73.84,81.12,61.19
R,0.3,88,14.77,-1.1,0.26,Chandler Simpson,3.41,802415,TBR,37.5,29.09,Split-Finger,FS,7.69,0.23,1456.25,67.28,86.64,69.7
R,0.24,53,32.08,0.55,-0.89,Chandler Simpson,2.06,802415,TBR,43.4,23.33,Knuckle Curve,KC,7.69,0.25,2475.58,76.6,83.08,26.09
R,0.36,10,40,0,0,Chandler Simpson,0.39,802415,TBR,0,30,Unknown,UNK,0,0.33,0,97.8,0,0
R,0.13,4,25,-1.38,-0.22,Chandler Simpson,0.16,802415,TBR,100,0,Slurve,SV,0,0,2570.25,71.57,82.08,75
R,0.22,1,0,0.27,1.39,Chandler Simpson,0.04,802415,TBR,0,100,Eephus,EP,0,0,1201,89.4,45.3,0
R,0.36,1411,23.46,-0.27,1.36,Jonathan Aranda,41.48,666018,TBR,50.89,23.67,4-Seam Fastball,FF,19.94,0.24,2324.73,84.55,94.68,73.54
R,0.35,456,26.1,-0.01,0.59,Jonathan Aranda,13.4,666018,TBR,52.63,20.83,Sinker,SI,10.42,0.35,2173.31,85.88,93.59,61.25
R,0.32,375,30.13,0.02,0.11,Jonathan Aranda,11.02,666018,TBR,44.53,29.33,Slider,SL,19.58,0.24,2426.79,82.03,85.11,49.1
R,0.31,303,20.46,-0.99,0.39,Jonathan Aranda,8.91,666018,TBR,37.62,40.21,Changeup,CH,12.33,0.25,1759.28,81.38,86.38,61.4
R,0.35,287,25.09,0,0.66,Jonathan Aranda,8.44,666018,TBR,53.31,35.07,Cutter,FC,21.95,0.36,2392.67,85.78,89.27,76.47
R,0.41,194,25.77,0.65,-0.89,Jonathan Aranda,5.7,666018,TBR,39.18,27.97,Curveball,CU,28.21,0.32,2617.57,82.46,80.26,59.21
R,0.5,167,32.34,0.09,0.15,Jonathan Aranda,4.91,666018,TBR,43.11,32.63,Sweeper,ST,21.54,0.33,2573.69,86.29,82.53,47.22
R,0.27,116,18.1,-0.99,0.2,Jonathan Aranda,3.41,666018,TBR,36.21,50,Split-Finger,FS,15.71,0.24,1322.43,76.97,86.55,78.57
R,0.25,51,54.9,0.5,-1.04,Jonathan Aranda,1.5,666018,TBR,54.9,13.04,Knuckle Curve,KC,41.67,0.25,2507.61,89.58,83.25,32.14
R,0.44,26,26.92,-1.02,0.81,Jonathan Aranda,0.76,666018,TBR,0,30.77,Unknown,UNK,62.5,0.5,2566,91.93,97.3,0
R,0.7,7,0,-1.03,-0.23,Jonathan Aranda,0.21,666018,TBR,28.57,60,Slurve,SV,0,0,2365,71.82,82.14,100
R,0.24,5,60,-0.24,1.69,Jonathan Aranda,0.15,666018,TBR,60,50,Eephus,EP,0,0.5,1258.8,64.3,47.18,33.33
R,0,4,50,-0.46,-0.52,Jonathan Aranda,0.12,666018,TBR,50,100,Knuckleball,KN,0,0,404,63.4,82,0
R,0.26,466,24.46,0.03,1.38,Jonny DeLuca,31.17,676356,TBR,55.15,32.54,4-Seam Fastball,FF,19.39,0.23,2320.58,79.71,94.57,75.88
R,0.25,266,34.21,0.1,0.18,Jonny DeLuca,17.79,676356,TBR,38.35,36.59,Slider,SL,34.71,0.18,2376.26,80.86,85.8,59.8
R,0.27,223,20.63,-0.36,0.7,Jonny DeLuca,14.92,676356,TBR,57.85,25.53,Sinker,SI,10.83,0.28,2194.5,81.15,94.12,74.42
R,0.43,159,26.42,0.05,0.58,Jonny DeLuca,10.64,676356,TBR,56.6,26.09,Cutter,FC,16.67,0.47,2337.01,83.9,88.63,73.33
R,0.2,154,21.43,0.93,0.4,Jonny DeLuca,10.3,676356,TBR,31.82,54.29,Changeup,CH,26.6,0.28,1632.23,73.96,84.32,75.51
R,0.29,98,30.61,0.75,0.2,Jonny DeLuca,6.56,676356,TBR,38.78,45,Sweeper,ST,26.92,0.27,2627.83,76.45,82.9,65.79
R,0.14,73,35.62,-0.13,-0.83,Jonny DeLuca,4.88,676356,TBR,53.42,38.24,Curveball,CU,27.78,0.27,2514.07,75.23,81.11,58.97
R,0.32,24,33.33,0.36,-0.78,Jonny DeLuca,1.61,676356,TBR,37.5,33.33,Knuckle Curve,KC,33.33,0.17,2586.12,88.77,84.71,44.44
R,0.42,23,30.43,-0.73,0.52,Jonny DeLuca,1.54,676356,TBR,47.83,83.33,Split-Finger,FS,29.41,0.43,1145.22,95.2,85.69,63.64
R,0.08,6,33.33,-0.17,1.88,Jonny DeLuca,0.4,676356,TBR,0,33.33,Eephus,EP,0,0,951.67,74.5,38.47,0
R,0,3,33.33,0.2,-0.25,Jonny DeLuca,0.2,676356,TBR,33.33,0,Slurve,SV,0,0,2240,0,82.9,0
R,0.41,725,30.34,-0.21,1.36,Junior Caminero,20.91,691406,TBR,50.21,33.52,4-Seam Fastball,FF,18.15,0.31,2322.27,87.42,94.89,59.07
R,0.41,685,27.15,-0.72,0.65,Junior Caminero,19.75,691406,TBR,51.97,23.1,Sinker,SI,9.68,0.37,2195.84,90.88,94.58,57.02
R,0.34,582,26.12,0.2,0.2,Junior Caminero,16.78,691406,TBR,42.1,27,Slider,SL,23.48,0.24,2442.57,84.47,86.87,63.67
R,0.32,360,24.17,0.34,0.4,Junior Caminero,10.38,691406,TBR,36.94,32.16,Changeup,CH,26.95,0.24,1760.79,84.15,85.15,70.68
R,0.31,342,24.27,0.96,0.14,Junior Caminero,9.86,691406,TBR,30.41,33.19,Sweeper,ST,34.62,0.24,2618.26,83.28,83.68,74.04
R,0.36,281,23.13,0.08,0.66,Junior Caminero,8.1,691406,TBR,46.62,23.33,Cutter,FC,12.5,0.32,2358.49,84.83,89.61,64.89
R,0.28,179,30.73,0.06,-0.97,Junior Caminero,5.16,691406,TBR,37.99,39.64,Curveball,CU,31.33,0.13,2587.07,82.19,80.86,57.35
R,0.41,134,17.91,-0.89,0.28,Junior Caminero,3.86,691406,TBR,22.39,25.96,Split-Finger,FS,36.54,0.32,1307.87,85.49,85.71,83.33
R,0.29,77,25.97,0.5,-0.83,Junior Caminero,2.22,691406,TBR,31.17,35.85,Knuckle Curve,KC,34.38,0.33,2519.09,80.83,84.43,54.17
R,0.36,68,8.82,0,0,Junior Caminero,1.96,691406,TBR,0,7.35,Unknown,UNK,40,0.25,0,80.5,0,0
R,0.25,22,45.45,-0.02,1.71,Junior Caminero,0.63,691406,TBR,18.18,27.78,Eephus,EP,0,0.2,1180.09,77.24,46,50
R,0,4,0,1.46,-0.02,Junior Caminero,0.12,691406,TBR,0,0,Slow Curve,CS,0,0,2419.5,0,70.8,0
R,0.34,3,0,0.07,0.1,Junior Caminero,0.09,691406,TBR,0,33.33,Other,FA,0,0,1697,97,60.53,0
R,0.44,3,0,-0.06,-0.44,Junior Caminero,0.09,691406,TBR,66.67,0,Slurve,SV,0,0,2499.67,81.25,80.77,100
R,0,2,0,-0.21,0.19,Junior Caminero,0.06,691406,TBR,0,0,Knuckleball,KN,0,0,248,0,78.5,0
R,0,1,0,-0.46,1.53,Junior Caminero,0.03,691406,TBR,0,0,Pitch Out,PO,0,0,2281,0,94.9,0
R,0.34,762,20.21,-0.5,1.33,Liam Hicks,27.62,689414,TBR,51.57,26.83,4-Seam Fastball,FF,4.34,0.26,2320.19,81.21,94.73,62.85
R,0.3,472,27.75,-0.14,0.58,Liam Hicks,17.11,689414,TBR,59.53,19.37,Sinker,SI,2.78,0.3,2208.13,79.87,93.54,50.89
R,0.3,328,19.51,-1.24,0.34,Liam Hicks,11.89,689414,TBR,36.28,34.45,Changeup,CH,14.29,0.34,1794.24,78.66,86.71,68.91
R,0.27,296,30.41,0.01,0.14,Liam Hicks,10.73,689414,TBR,45.27,34.57,Slider,SL,22.06,0.21,2425.54,83.24,86.41,59.7
R,0.38,238,33.19,0.71,-0.82,Liam Hicks,8.63,689414,TBR,46.64,14.96,Curveball,CU,11.48,0.38,2591.22,85.55,79.14,37.84
R,0.38,237,21.1,0.07,0.74,Liam Hicks,8.59,689414,TBR,50.21,25.42,Cutter,FC,5.45,0.44,2438.48,78.97,89.97,67.23
R,0.24,210,26.19,-0.02,0.09,Liam Hicks,7.61,689414,TBR,43.81,18.64,Sweeper,ST,9.23,0.15,2624.63,74.51,82.35,46.74
R,0.23,136,18.38,-0.97,0.31,Liam Hicks,4.93,689414,TBR,25,34.31,Split-Finger,FS,27.59,0.17,1341.06,83.48,86.96,67.65
R,0.33,51,31.37,0.59,-0.78,Liam Hicks,1.85,689414,TBR,21.57,30,Knuckle Curve,KC,61.54,0,2488.22,90.4,83.67,9.09
R,0.7,18,0,0,0,Liam Hicks,0.65,689414,TBR,0,0,Unknown,UNK,0,0,0,0,0,0
R,0.03,5,20,-0.01,1.25,Liam Hicks,0.18,689414,TBR,40,33.33,Eephus,EP,0,0,1128.8,81.93,46.18,100
R,0.61,4,25,-0.11,-0.63,Liam Hicks,0.14,689414,TBR,25,33.33,Slurve,SV,0,1,2653,70.7,80.32,0
R,0,2,0,0.06,-0.28,Liam Hicks,0.07,689414,TBR,0,0,Knuckleball,KN,0,0,287,0,81.8,0
R,0.27,402,24.38,0.05,1.39,Nick Fortes,27.09,663743,TBR,55.97,44.07,4-Seam Fastball,FF,9.13,0.31,2345.52,79.58,94.83,67.56
R,0.32,315,19.68,-0.2,0.6,Nick Fortes,21.23,663743,TBR,47.62,43.03,Sinker,SI,4.14,0.22,2229.35,78.05,94.34,65.33
R,0.25,226,25.66,-0.02,0.19,Nick Fortes,15.23,663743,TBR,47.79,37.29,Slider,SL,30.37,0.15,2415.26,86.64,85.63,84.26
R,0.26,149,23.49,0.05,0.65,Nick Fortes,10.04,663743,TBR,55.7,30.3,Cutter,FC,12,0.26,2404.7,80.7,88.84,66.27
R,0.23,145,29.66,1.07,0.35,Nick Fortes,9.77,663743,TBR,33.1,43.3,Changeup,CH,37.33,0.35,1693.7,84.1,83.97,68.75
R,0.17,110,20,0.52,0.15,Nick Fortes,7.41,663743,TBR,38.18,19.12,Sweeper,ST,7.69,0.05,2587.54,79.91,83.13,61.9
R,0.42,101,24.75,-0.22,-0.86,Nick Fortes,6.81,663743,TBR,43.56,19.3,Curveball,CU,18.92,0.47,2442,83.56,80.32,59.09
R,0.47,26,19.23,-0.74,0.38,Nick Fortes,1.75,663743,TBR,38.46,25,Split-Finger,FS,30.77,0.33,1413.46,81.75,85.77,90
R,0.61,6,0,0,0,Nick Fortes,0.4,663743,TBR,0,33.33,Unknown,UNK,0,1,0,83.7,0,0
R,0,2,0,-0.78,-0.34,Nick Fortes,0.13,663743,TBR,50,0,Slurve,SV,0,0,2136.5,72.5,81.85,100
R,0.4,1,0,0.04,1.29,Nick Fortes,0.07,663743,TBR,0,100,Eephus,EP,0,1,1136,99.4,43.5,0
R,0,1,100,0.52,-0.96,Nick Fortes,0.07,663743,TBR,100,0,Knuckle Curve,KC,0,0,2535,0,81.5,0
R,0.35,641,24.02,-0.52,1.33,Richie Palacios,32.02,680700,TBR,43.21,30.49,4-Seam Fastball,FF,14.79,0.24,2339.4,81.78,94.82,62.45
R,0.27,316,25,-0.43,0.57,Richie Palacios,15.78,680700,TBR,50.63,19.87,Sinker,SI,3.33,0.19,2177.35,80.38,93.31,55.62
R,0.38,265,24.15,-1.12,0.4,Richie Palacios,13.24,680700,TBR,36.6,29.76,Changeup,CH,33.87,0.34,1776.55,80.63,87.05,76.29
R,0.32,204,27.45,0.22,0.09,Richie Palacios,10.19,680700,TBR,49.02,41.35,Slider,SL,26.96,0.2,2423.43,79.92,86.39,72
R,0.25,163,26.38,0.72,-0.91,Richie Palacios,8.14,680700,TBR,39.88,27.55,Curveball,CU,21.88,0.06,2626.1,79.27,81,56.92
R,0.34,120,20.83,0.13,0.66,Richie Palacios,5.99,680700,TBR,43.33,42.65,Cutter,FC,16.42,0.39,2410.93,80.43,89.59,73.08
R,0.14,114,26.32,0.61,0.2,Richie Palacios,5.69,680700,TBR,45.61,25.81,Sweeper,ST,16.33,0.13,2587.05,76.18,82.5,63.46
R,0.2,81,19.75,-0.9,0.16,Richie Palacios,4.05,680700,TBR,28.4,44.83,Split-Finger,FS,29.17,0.14,1303.98,71.98,86.29,95.65
R,0.16,75,41.33,0.36,-0.93,Richie Palacios,3.75,680700,TBR,44,52.38,Knuckle Curve,KC,30.3,0.06,2498.71,85.96,83.29,33.33
R,0.27,7,14.29,0.47,-0.7,Richie Palacios,0.35,680700,TBR,71.43,100,Slurve,SV,0,0,2712.86,70.7,81.54,80
R,0,7,85.71,0,0,Richie Palacios,0.35,680700,TBR,0,71.43,Unknown,UNK,80,0,0,70.3,0,0
R,0.93,4,50,0.27,2.1,Richie Palacios,0.2,680700,TBR,25,0,Eephus,EP,0,1,1363.75,79.7,48.28,100
R,0.02,4,50,-0.42,-0.43,Richie Palacios,0.2,680700,TBR,100,0,Knuckleball,KN,0,0,367.5,81,81.6,50
R,0.28,1,0,-1.41,0.47,Richie Palacios,0.05,680700,TBR,0,100,Other,FA,0,1,1930,89.2,71.4,0
R,0.31,585,23.08,0.24,1.35,Ryan Vilade,42.79,668723,TBR,54.87,20.08,4-Seam Fastball,FF,20,0.22,2285.42,79.44,94.65,78.5
R,0.27,222,20.27,-0.19,0.77,Ryan Vilade,16.24,668723,TBR,53.15,25.96,Sinker,SI,7.21,0.18,2174.92,82.95,94.84,71.19
R,0.37,140,31.43,-0.03,0.16,Ryan Vilade,10.24,668723,TBR,40.71,36.14,Slider,SL,38.24,0.1,2418.51,81.24,85.82,66.67
R,0.48,117,16.24,1.01,0.4,Ryan Vilade,8.56,668723,TBR,38.46,27.78,Changeup,CH,11.54,0.53,1638.98,84.61,84.18,71.11
R,0.51,96,28.12,-0.05,0.57,Ryan Vilade,7.02,668723,TBR,58.33,37.5,Cutter,FC,17.31,0.48,2276.39,80.36,88.2,66.07
R,0.1,82,35.37,0.09,0.1,Ryan Vilade,6,668723,TBR,41.46,37.5,Sweeper,ST,39.47,0.11,2578.54,74.57,83.4,58.82
R,0.32,71,25.35,-0.13,-0.81,Ryan Vilade,5.19,668723,TBR,38.03,31.82,Curveball,CU,28.12,0.26,2552.42,75.34,80.57,66.67
R,0.15,25,12,0.42,-0.81,Ryan Vilade,1.83,668723,TBR,36,6.25,Knuckle Curve,KC,0,0.12,2401.52,89.6,82.73,88.89
R,0.01,10,40,-0.15,1.63,Ryan Vilade,0.73,668723,TBR,60,50,Eephus,EP,33.33,0,1578,80.95,65.26,66.67
R,0,9,0,0,0,Ryan Vilade,0.66,668723,TBR,0,22.22,Unknown,UNK,0,0,0,0,0,0
R,0.23,6,33.33,-0.86,0.14,Ryan Vilade,0.44,668723,TBR,33.33,50,Split-Finger,FS,50,0.5,735.67,103.9,83.1,100
R,0.81,2,0,-0.46,-0.23,Ryan Vilade,0.15,668723,TBR,100,0,Knuckleball,KN,0,1,347,90.3,82.5,100
R,0,2,50,-0.62,0,Ryan Vilade,0.15,668723,TBR,50,0,Slurve,SV,0,0,2187.5,0,83.15,0
R,0.29,907,25.14,-0.15,1.35,Taylor Walls,38.79,670764,TBR,51.82,26.77,4-Seam Fastball,FF,17.76,0.23,2319.64,81.17,94.36,66.17
R,0.32,301,26.25,-0.31,0.63,Taylor Walls,12.87,670764,TBR,57.48,24.22,Sinker,SI,12.84,0.3,2156.16,83.5,93.37,67.63
R,0.16,261,24.52,-0.2,0.38,Taylor Walls,11.16,670764,TBR,35.63,35.71,Changeup,CH,31.82,0.16,1806.58,72.83,86.06,77.42
R,0.18,223,34.98,0.13,0.06,Taylor Walls,9.54,670764,TBR,45.74,28.93,Slider,SL,25.64,0.1,2415.64,69.27,85.59,42.16
R,0.26,202,21.29,0.13,0.7,Taylor Walls,8.64,670764,TBR,50.5,21,Cutter,FC,15.79,0.33,2382.3,81.09,89.19,72.55
R,0.2,177,31.07,0.39,-0.88,Taylor Walls,7.57,670764,TBR,41.24,17.31,Curveball,CU,27.78,0.04,2549.8,70.3,80.02,49.32
R,0.18,95,34.74,0.39,0.1,Taylor Walls,4.06,670764,TBR,50.53,8.51,Sweeper,ST,13.04,0.08,2609.58,65.77,82.8,39.58
R,0.14,89,32.58,-0.97,0.18,Taylor Walls,3.81,670764,TBR,28.09,23.44,Split-Finger,FS,68.97,0.13,1360.04,65.38,86.91,56
R,0.16,59,27.12,0.44,-0.84,Taylor Walls,2.52,670764,TBR,50.85,10.34,Knuckle Curve,KC,10.53,0.33,2439.88,79.56,84.06,53.33
R,0.01,14,14.29,0,0,Taylor Walls,0.6,670764,TBR,0,42.86,Unknown,UNK,16.67,0,0,91,0,0
R,0.86,4,25,0.05,1.42,Taylor Walls,0.17,670764,TBR,0,50,Eephus,EP,0,1,1106,89.8,42.78,0
R,0,4,0,-0.62,-0.48,Taylor Walls,0.17,670764,TBR,0,50,Knuckleball,KN,0,0,383.5,61.9,83.45,0
R,0.22,2,0,-1.97,-0.52,Taylor Walls,0.09,670764,TBR,100,0,Slurve,SV,0,0,2963,29.2,82,100
R,0.3,445,21.8,-0.54,1.28,Victor Mesa Jr.,44.41,683748,TBR,48.99,23.79,4-Seam Fastball,FF,23.93,0.11,2312.67,80.11,94.65,82.57
R,0.35,100,24,-0.38,0.68,Victor Mesa Jr.,9.98,683748,TBR,55,33.33,Sinker,SI,3.92,0.25,2208.46,81.3,94,65.45
R,0.5,91,16.48,-1.04,0.34,Victor Mesa Jr.,9.08,683748,TBR,36.26,32.76,Changeup,CH,20.83,0.43,1776.49,86.39,86.45,87.88
R,0.37,91,27.47,-0.02,0.14,Victor Mesa Jr.,9.08,683748,TBR,45.05,44,Slider,SL,28.3,0.26,2518.27,85.25,86.23,75.61
R,0.24,85,31.76,0.75,-0.83,Victor Mesa Jr.,8.48,683748,TBR,37.65,35.85,Curveball,CU,33.33,0.06,2613.04,86.08,80.23,53.12
R,0.25,67,25.37,0.07,0.69,Victor Mesa Jr.,6.69,683748,TBR,50.75,33.33,Cutter,FC,14.71,0.13,2372.78,76.43,90.68,67.65
R,0.14,58,24.14,0.62,0.09,Victor Mesa Jr.,5.79,683748,TBR,50,51.72,Sweeper,ST,17.65,0.08,2675.31,87.93,82.92,65.52
R,0.3,35,25.71,-1.09,0.11,Victor Mesa Jr.,3.49,683748,TBR,40,61.9,Split-Finger,FS,30.77,0.15,1340.91,74.06,87.59,92.86
R,0.22,23,39.13,0.58,-0.8,Victor Mesa Jr.,2.3,683748,TBR,30.43,87.5,Knuckle Curve,KC,29.41,0.11,2445.7,82.8,83.86,42.86
R,0.25,4,0,-0.98,-0.67,Victor Mesa Jr.,0.4,683748,TBR,25,33.33,Slurve,SV,0,1,2252.75,52.45,81.18,100
R,0.22,3,33.33,0.03,1.3,Victor Mesa Jr.,0.3,683748,TBR,0,33.33,Eephus,EP,0,0,1146.67,62.3,45.4,0
R,0.32,1034,25.73,-0.2,1.38,Yandy Díaz,31.99,650490,TBR,54.26,26.85,4-Seam Fastball,FF,15.98,0.25,2321.33,85.18,94.56,68.81
R,0.35,713,25.81,-0.79,0.71,Yandy Díaz,22.06,650490,TBR,52.31,22.94,Sinker,SI,6.19,0.33,2201.14,85.5,94.32,61.39
R,0.48,420,21.9,0.21,0.15,Yandy Díaz,13,650490,TBR,40.48,34,Slider,SL,12.95,0.38,2451.02,81.02,86.52,63.53
R,0.32,296,22.3,0.09,0.69,Yandy Díaz,9.16,650490,TBR,54.05,23.53,Cutter,FC,8.97,0.26,2368.94,85.31,89.8,70.62
R,0.34,243,22.22,0.33,0.37,Yandy Díaz,7.52,650490,TBR,45.27,38.35,Changeup,CH,15.32,0.21,1653.9,84.73,84.99,66.36
R,0.42,194,18.04,0.92,0.1,Yandy Díaz,6,650490,TBR,36.08,35.48,Sweeper,ST,9.68,0.4,2590.12,83.61,83.08,70
R,0.28,165,23.03,0.11,-0.91,Yandy Díaz,5.11,650490,TBR,38.18,39.22,Curveball,CU,12.82,0.23,2534.05,86.43,80.51,60.32
R,0.35,71,11.27,-0.9,0.19,Yandy Díaz,2.2,650490,TBR,33.8,27.66,Split-Finger,FS,6.45,0.24,1393.32,87.81,86.66,75
R,0.28,58,12.07,0.47,-0.78,Yandy Díaz,1.79,650490,TBR,32.76,28.21,Knuckle Curve,KC,10.71,0.47,2427.33,85.72,84.17,89.47
R,0.75,32,9.38,0,0,Yandy Díaz,0.99,650490,TBR,0,12.5,Unknown,UNK,50,1,0,97.35,0,0
R,0,5,0,-0.42,0,Yandy Díaz,0.15,650490,TBR,40,0,Slurve,SV,0,0,2320.4,68.25,81.34,100
R,0.66,1,0,0.97,0.45,Yandy Díaz,0.03,650490,TBR,0,100,Slow Curve,CS,0,0,2363,62.9,68.8,0
R,0.34,529,31,-0.11,1.39,,33.31,810938,TBR,58.6,33.33,4-Seam Fastball,FF,8.16,0.27,2294.65,84.31,94.32,55.48
R,0.26,261,33.72,0.09,0.2,,16.44,810938,TBR,46.74,31.65,Slider,SL,21.15,0.25,2399.73,87.51,85.91,49.18
R,0.27,231,33.33,0.08,0.7,,14.55,810938,TBR,52.81,32.11,Sinker,SI,10.2,0.31,2179.58,80.56,93.75,51.64
L,0.22,202,28.22,-0.52,1.42,,33.01,641584,TBR,62.87,32,4-Seam Fastball,FF,18.92,0.14,2366.26,77.44,94.96,68.5
R,0.37,167,20.96,0.1,0.56,,10.52,810938,TBR,34.73,30.28,Cutter,FC,14.93,0.26,2357.07,80.11,88.24,58.62
R,0.25,128,26.56,0.86,0.42,,8.06,810938,TBR,41.41,34.67,Changeup,CH,28.36,0.15,1717.58,77.59,84.43,77.36
R,0.15,111,38.74,0.68,0.16,,6.99,810938,TBR,43.24,22.22,Sweeper,ST,42.86,0.12,2617.54,85.64,82.54,43.75
L,0.24,85,37.65,-0.44,0.53,,13.89,641584,TBR,69.41,26.92,Sinker,SI,8.11,0.37,2176.39,72.61,92.92,50.85
L,0.21,80,26.25,0.14,0.3,,13.07,641584,TBR,33.75,18.87,Slider,SL,45.16,0.08,2440.01,82.44,85.84,77.78
R,0.29,77,32.47,-0.48,-0.89,,4.85,810938,TBR,49.35,28.21,Curveball,CU,25,0.23,2494.52,84.64,79.47,55.26
L,0.29,72,25,-1.21,0.33,,11.76,641584,TBR,40.28,16.28,Changeup,CH,20,0.23,1758.54,83.49,85.54,44.83
L,0.37,54,14.81,0.26,0.58,,8.82,641584,TBR,51.85,19.23,Cutter,FC,7.41,0.18,2439.54,83.69,88.58,78.57
R,0.22,48,20.83,-0.89,0.28,,3.02,810938,TBR,37.5,33.33,Split-Finger,FS,9.09,0.33,1345.1,72.45,86.37,66.67
L,0.3,40,17.5,0.89,-0.91,,6.54,641584,TBR,32.5,7.41,Curveball,CU,20,0.5,2620.7,88.78,80.1,61.54
R,0.26,30,40,0.52,1.3,,40.54,700652,TBR,80,33.33,4-Seam Fastball,FF,30,0.33,2424.53,87.54,94.11,75
L,0.36,28,25,-1.22,0.47,,4.58,641584,TBR,28.57,35,Split-Finger,FS,42.86,0.3,1533.36,79.42,84.93,87.5
L,0.7,27,7.41,0.63,0.09,,4.41,641584,TBR,33.33,0,Sweeper,ST,0,0,2409.81,83.85,82,66.67
L,0.27,23,43.48,-0.28,1.42,,38.33,686554,TBR,60.87,33.33,4-Seam Fastball,FF,41.67,0,2406.3,80.77,94.77,64.29
R,0.14,21,23.81,0.16,-0.76,,1.32,810938,TBR,23.81,37.5,Knuckle Curve,KC,33.33,0,2467.9,74.6,84.66,60
L,0.9,14,14.29,0.26,-0.76,,2.29,641584,TBR,28.57,0,Knuckle Curve,KC,50,1,2570.71,84,84.01,100
R,0,10,0,1.11,-0.11,,13.51,700652,TBR,20,25,Changeup,CH,0,0,1532,75.95,84.8,100
R,0.04,10,0,0.62,-0.23,,13.51,700652,TBR,40,0,Sweeper,ST,0,0,2480.6,87.25,79.1,100
L,0.24,9,0,1.03,0.69,,15,686554,TBR,55.56,50,Sinker,SI,0,0.4,2140.33,53.86,90.84,100
L,0.11,8,37.5,0,0,,1.31,641584,TBR,0,62.5,Unknown,UNK,40,0,0,79.15,0,0
R,0.7,8,25,0.19,0.53,,10.81,700652,TBR,25,33.33,Sinker,SI,50,0,2330.5,0,93.78,100
R,0.17,8,25,0.26,0.23,,10.81,700652,TBR,75,0,Slider,SL,0,0,2354.25,85.25,85.52,66.67
R,0,8,50,0,0,,0.5,810938,TBR,0,25,Unknown,UNK,0,0,0,0,0,0
L,0,7,57.14,0.34,0.91,,11.67,686554,TBR,28.57,40,Cutter,FC,100,0,2495,0,89.81,0
L,0.08,6,0,-0.78,0.84,,10,686554,TBR,0,16.67,Changeup,CH,0,0,2285.67,77.6,86.48,0
R,0,6,33.33,-0.04,0.32,,8.11,700652,TBR,66.67,0,Cutter,FC,50,0,2441.67,71.6,85.6,100
L,0,5,60,-0.97,-0.46,,8.33,686554,TBR,20,50,Sweeper,ST,100,0,2789.8,0,81.92,0
L,0,4,50,0.3,-0.72,,6.67,686554,TBR,0,0,Curveball,CU,0,0,2481,0,81.65,0
L,0.28,4,25,0.51,-0.85,,6.67,686554,TBR,100,0,Knuckle Curve,KC,0,0,2599.25,97.35,84.45,75
R,0.06,4,50,-0.09,1.68,,0.25,810938,TBR,50,100,Eephus,EP,0,0,1586,92.1,67.05,0
R,0.16,3,33.33,-0.72,-0.47,,0.19,810938,TBR,33.33,50,Slurve,SV,0,0,2236.33,97.6,82.67,0
L,0,2,0,-1.65,-0.52,,0.33,641584,TBR,100,0,Slurve,SV,0,0,2998,0,81.9,100
L,0,2,0,0.16,-0.18,,3.33,686554,TBR,0,0,Slider,SL,0,0,2641,0,80.7,0
R,0,2,0,0.2,-0.03,,2.7,700652,TBR,100,0,Curveball,CU,0,0,2187,70.3,84.1,100
R,0.33,125,25.6,-0.71,0.56,Austin Wynns,23.76,642851,TEX,51.2,31.15,Sinker,SI,7.94,0.32,2211.44,81,94.91,68.75
R,0.38,109,22.94,0.22,1.22,Austin Wynns,20.72,642851,TEX,57.8,34.78,4-Seam Fastball,FF,12.31,0.07,2275.27,79.99,94.73,77.78
R,0.06,95,41.05,1.04,0.03,Austin Wynns,18.06,642851,TEX,49.47,39.58,Sweeper,ST,36.96,0,2595.48,77.57,83.68,57.45
R,0.05,59,28.81,0.31,0.3,Austin Wynns,11.22,642851,TEX,47.46,58.06,Changeup,CH,30.95,0,1811.12,77.81,87.19,85.71
R,0.37,53,43.4,-0.28,0.05,Austin Wynns,10.08,642851,TEX,52.83,44,Slider,SL,41.67,0.38,2378.43,84.66,82.7,46.43
R,0.09,44,38.64,0.12,0.66,Austin Wynns,8.37,642851,TEX,56.82,63.16,Cutter,FC,27.59,0.12,2386.48,72.89,89.27,68
R,0.01,28,42.86,0.08,-0.86,Austin Wynns,5.32,642851,TEX,42.86,37.5,Curveball,CU,40,0,2605.46,61,80.32,33.33
R,0.05,6,0,0.74,-1.21,Austin Wynns,1.14,642851,TEX,33.33,0,Knuckle Curve,KC,0,0,2592.33,93.3,83.57,100
R,0,4,25,-1.1,-0.63,Austin Wynns,0.76,642851,TEX,0,50,Slurve,SV,50,0,2959.5,0,83.4,0
R,0,3,0,-1.46,0.48,Austin Wynns,0.57,642851,TEX,0,0,Split-Finger,FS,0,0,1896.67,0,93.5,0
R,0.33,1144,26.22,-0.26,1.28,Brandon Nimmo,35.39,607043,TEX,55.51,29.08,4-Seam Fastball,FF,17.13,0.26,2263.77,84.2,94.33,66.77
R,0.37,501,25.95,-0.31,0.59,Brandon Nimmo,15.5,607043,TEX,60.48,24.24,Sinker,SI,13.15,0.29,2154.25,83.79,94.17,67
R,0.39,435,25.98,-0.09,0.07,Brandon Nimmo,13.45,607043,TEX,45.06,33.47,Slider,SL,29.39,0.27,2381.43,85.28,85.34,75.51
R,0.31,327,20.18,-1.06,0.33,Brandon Nimmo,10.11,607043,TEX,45.87,33.33,Changeup,CH,21.23,0.25,1657.27,85.39,87.18,80
R,0.4,256,20.31,0.06,0.76,Brandon Nimmo,7.92,607043,TEX,55.08,32.17,Cutter,FC,16.13,0.23,2380.81,85.48,90.74,83.69
R,0.35,242,22.73,0.39,0.04,Brandon Nimmo,7.49,607043,TEX,47.93,28.57,Sweeper,ST,24.62,0.28,2556.64,80.88,82.85,81.03
R,0.4,156,25.64,0.69,-0.9,Brandon Nimmo,4.83,607043,TEX,47.44,15.85,Curveball,CU,14.29,0.17,2592.51,85.73,79.55,58.11
R,0.47,81,22.22,0.63,-0.88,Brandon Nimmo,2.51,607043,TEX,37.04,33.33,Knuckle Curve,KC,20.59,0.3,2512.54,86.92,82.12,56.67
R,0.42,56,12.5,-1.02,0.22,Brandon Nimmo,1.73,607043,TEX,33.93,29.73,Split-Finger,FS,20.69,0.35,1488.32,84,87.39,94.74
R,0.37,13,15.38,0.09,-0.42,Brandon Nimmo,0.4,607043,TEX,23.08,40,Slurve,SV,0,0,2562.46,81.25,80.08,33.33
R,0,13,0,-0.71,1.29,Brandon Nimmo,0.4,607043,TEX,0,0,Unknown,UNK,0,0,2243,0,95.1,0
R,0.1,8,0,-0.2,-0.19,Brandon Nimmo,0.25,607043,TEX,50,50,Forkball,FO,0,0,575.25,82.5,84.88,100
R,0,1,0,1.42,0,Brandon Nimmo,0.03,607043,TEX,0,0,Slow Curve,CS,0,0,2553,0,69.6,0
R,0.18,144,28.47,0.09,1.4,Cam Cauley,38.2,695508,TEX,52.08,27.54,4-Seam Fastball,FF,29.73,0.14,2302.76,77.29,93.67,73.33
R,0.27,58,48.28,-0.2,0.08,Cam Cauley,15.38,695508,TEX,65.52,20,Slider,SL,48,0.14,2392.78,81.75,85.81,55.26
R,0.21,53,45.28,-0.68,0.76,Cam Cauley,14.06,695508,TEX,50.94,34.62,Sinker,SI,29.41,0.5,2176.51,73.92,94.78,29.63
R,0.22,39,17.95,0.86,0.34,Cam Cauley,10.34,695508,TEX,51.28,26.32,Changeup,CH,15,0.23,1983.85,80.81,84.66,75
R,0.19,33,21.21,0.18,0.57,Cam Cauley,8.75,695508,TEX,48.48,29.41,Cutter,FC,20,0.2,2494.97,74.22,88.94,62.5
R,0.26,22,9.09,0.48,0.11,Cam Cauley,5.84,695508,TEX,36.36,35.71,Sweeper,ST,16.67,0.25,2545.18,77.83,81.85,87.5
R,0.14,16,31.25,-0.79,-1.21,Cam Cauley,4.24,695508,TEX,43.75,66.67,Curveball,CU,40,0,2676,77.37,79.46,57.14
R,0.4,6,0,-0.66,0.61,Cam Cauley,1.59,695508,TEX,100,0,Split-Finger,FS,0,0.33,1383,98.43,85.37,100
R,0.91,4,0,-0.16,1.68,Cam Cauley,1.06,695508,TEX,50,0,Eephus,EP,0,0,954.5,97,37.9,100
R,0,2,0,0.8,-0.82,Cam Cauley,0.53,695508,TEX,0,0,Slurve,SV,0,0,2603,0,80.6,0
R,0.3,478,23.64,-0.27,1.29,Corey Seager,27.13,608369,TEX,50.63,24.58,4-Seam Fastball,FF,27.27,0.18,2275.16,85.02,95.07,85.12
R,0.36,301,26.58,-0.48,0.54,Corey Seager,17.08,608369,TEX,49.17,30.07,Sinker,SI,25.77,0.25,2142.84,84.05,93.88,79.05
R,0.33,293,24.23,-0.04,0.11,Corey Seager,16.63,608369,TEX,37.54,30.6,Slider,SL,37.09,0.25,2395.87,83.11,85.99,86.36
R,0.4,212,21.7,-1.02,0.35,Corey Seager,12.03,608369,TEX,39.15,24.81,Changeup,CH,33.66,0.28,1646.77,87.86,86.97,83.13
R,0.27,152,27.63,-0.07,0.15,Corey Seager,8.63,608369,TEX,44.74,20.24,Sweeper,ST,31.75,0.24,2468.16,87.87,82.64,67.65
R,0.5,93,13.98,0.13,0.68,Corey Seager,5.28,608369,TEX,47.31,34.69,Cutter,FC,11.11,0.27,2371.88,88.28,90.94,84.09
R,0.21,88,22.73,0.33,-0.91,Corey Seager,4.99,608369,TEX,28.41,30.16,Curveball,CU,38.46,0.25,2489.25,72.88,79.9,80
R,0.42,58,15.52,-0.77,0.2,Corey Seager,3.29,608369,TEX,37.93,22.22,Split-Finger,FS,30,0.18,1279.79,82.06,84.66,100
R,0.16,44,22.73,0.7,-0.95,Corey Seager,2.5,608369,TEX,25,27.27,Knuckle Curve,KC,40,0.25,2499.98,89.99,83.95,100
R,0.37,18,11.11,-0.39,-0.36,Corey Seager,1.02,608369,TEX,44.44,0,Forkball,FO,0,0,529.89,70.9,84.77,75
R,0,16,0,0,0,Corey Seager,0.91,608369,TEX,0,0,Unknown,UNK,0,0,0,0,0,0
R,0.46,9,11.11,0.92,-0.68,Corey Seager,0.51,608369,TEX,66.67,33.33,Slurve,SV,14.29,0,2593.22,86.6,82.38,100
R,0.27,422,28.91,-0.09,1.34,Elias Díaz,38.4,553869,TEX,54.03,20.62,4-Seam Fastball,FF,25.74,0.24,2286.05,79.59,94.59,71.05
R,0.24,186,39.78,0.03,0.1,Elias Díaz,16.92,553869,TEX,42.47,53.27,Slider,SL,43.4,0.25,2437.37,80.75,86.15,62.03
R,0.28,153,23.53,-0.55,0.72,Elias Díaz,13.92,553869,TEX,59.48,35.48,Sinker,SI,11.24,0.18,2194.95,86.25,94.16,73.63
R,0.17,94,32.98,0.4,0.12,Elias Díaz,8.55,553869,TEX,39.36,49.12,Sweeper,ST,35.29,0.18,2559.93,73.38,83.08,62.16
R,0.22,81,25.93,0.66,0.45,Elias Díaz,7.37,553869,TEX,40.74,54.17,Changeup,CH,29.63,0.18,1732.98,84.45,84.46,84.85
R,0.32,68,26.47,0.14,0.64,Elias Díaz,6.19,553869,TEX,51.47,45.45,Cutter,FC,23.81,0.15,2475.46,84.37,89.79,77.14
R,0.58,39,15.38,-0.63,-1.12,Elias Díaz,3.55,553869,TEX,41.03,60.87,Curveball,CU,12.5,0.4,2656.64,83.39,78.89,62.5
R,0.2,26,23.08,0.48,-0.86,Elias Díaz,2.37,553869,TEX,30.77,33.33,Knuckle Curve,KC,33.33,0.4,2457.27,70.53,84.07,75
R,0.35,13,15.38,-0.3,0.17,Elias Díaz,1.18,553869,TEX,46.15,42.86,Split-Finger,FS,22.22,0.22,1210.23,91.23,84.53,100
R,0,8,0,0,0,Elias Díaz,0.73,553869,TEX,0,0,Unknown,UNK,0,0,0,0,0,0
R,0.25,6,0,1.19,-0.74,Elias Díaz,0.55,553869,TEX,33.33,50,Slurve,SV,0,0,2585,84.95,81.27,100
R,0.58,3,33.33,-1.14,1.05,Elias Díaz,0.27,553869,TEX,66.67,0,Other,FA,0,1,1851,98.5,68.77,50
R,0.35,730,29.18,-0.43,1.3,Evan Carter,31.09,694497,TEX,59.18,18.12,4-Seam Fastball,FF,16.02,0.23,2276.44,81.73,94.79,65.51
R,0.21,394,29.7,-1.16,0.33,Evan Carter,16.78,694497,TEX,42.39,22.91,Changeup,CH,35.15,0.13,1689.31,77.63,86.75,67.66
R,0.34,334,33.53,-0.59,0.64,Evan Carter,14.22,694497,TEX,55.39,18.79,Sinker,SI,13.33,0.22,2160.76,77.41,94.29,49.73
R,0.28,283,34.28,-0.09,0.17,Evan Carter,12.05,694497,TEX,43.11,25.47,Slider,SL,38.94,0.18,2370.18,78.63,85.62,59.02
R,0.24,171,36.84,0.11,0.69,Evan Carter,7.28,694497,TEX,56.73,17.57,Cutter,FC,30.67,0.15,2406.2,82.48,90.99,63.92
R,0.26,164,32.93,0.65,0.08,Evan Carter,6.98,694497,TEX,48.17,23.53,Sweeper,ST,28.57,0.21,2604.13,79.32,83.23,54.43
R,0.2,142,35.92,0.69,-0.8,Evan Carter,6.05,694497,TEX,38.03,15.91,Curveball,CU,46.15,0.05,2584.2,83.35,79.65,46.3
R,0.22,63,19.05,-0.81,0.19,Evan Carter,2.68,694497,TEX,25.4,17.02,Split-Finger,FS,47.62,0.09,1257.76,78.9,85.22,81.25
R,0.16,55,38.18,0.68,-1.04,Evan Carter,2.34,694497,TEX,30.91,28.95,Knuckle Curve,KC,54.55,0.27,2510.35,88.31,82.17,64.71
R,0.28,6,50,1.32,-0.87,Evan Carter,0.26,694497,TEX,50,33.33,Slurve,SV,0,0,2765,85.8,79.93,0
R,0,4,0,-0.18,-0.12,Evan Carter,0.17,694497,TEX,0,0,Forkball,FO,0,0,568,0,83.5,0
R,0.82,2,0,-0.54,1.02,Evan Carter,0.09,694497,TEX,50,0,Eephus,EP,0,1,1464.5,93.6,57.75,100
R,0.33,955,27.43,-0.27,1.3,Ezequiel Duran,32.81,677649,TEX,48.06,28.02,4-Seam Fastball,FF,25.11,0.22,2258.13,81.91,94.48,71.24
R,0.35,503,24.85,-0.87,0.66,Ezequiel Duran,17.28,677649,TEX,56.06,39.37,Sinker,SI,8.58,0.31,2169.84,81.44,94.44,64.18
R,0.23,429,32.87,0.09,0.1,Ezequiel Duran,14.74,677649,TEX,36.6,43.01,Slider,SL,37.95,0.28,2438.01,78.2,86.03,68.15
R,0.33,343,26.24,0.76,0.08,Ezequiel Duran,11.78,677649,TEX,44.31,38.74,Sweeper,ST,23.3,0.34,2566.76,81.3,82.76,67.11
R,0.23,226,19.91,0.29,0.32,Ezequiel Duran,7.76,677649,TEX,43.36,43.75,Changeup,CH,20.9,0.25,1671.6,80.83,85.42,79.59
R,0.27,168,18.45,0.12,0.68,Ezequiel Duran,5.77,677649,TEX,54.17,22.08,Cutter,FC,18.09,0.17,2363.37,80.82,89.35,84.62
R,0.3,135,39.26,0.27,-0.87,Ezequiel Duran,4.64,677649,TEX,38.52,39.76,Curveball,CU,33.33,0.26,2567.76,86.69,78.08,28.85
R,0.25,67,34.33,0.54,-0.81,Ezequiel Duran,2.3,677649,TEX,41.79,48.72,Knuckle Curve,KC,36.84,0.19,2501.34,78.44,83.3,67.86
R,0.12,63,36.51,-0.47,0.21,Ezequiel Duran,2.16,677649,TEX,41.27,54.05,Split-Finger,FS,43.9,0.12,1301.38,87.03,85.37,80.77
R,0.43,10,40,-0.3,-0.54,Ezequiel Duran,0.34,677649,TEX,40,33.33,Forkball,FO,50,0,560,96.2,85.62,50
R,0,8,50,0.97,-0.74,Ezequiel Duran,0.27,677649,TEX,37.5,20,Slurve,SV,100,0,2843,0,80.72,33.33
R,0.05,2,0,-0.46,1.73,Ezequiel Duran,0.07,677649,TEX,100,0,Eephus,EP,0,0,988,82.3,38.8,100
R,0.23,1,0,-1.51,0.7,Ezequiel Duran,0.03,677649,TEX,100,0,Other,FA,0,1,1825,86.2,73,100
R,0,1,100,1.56,-0.03,Ezequiel Duran,0.03,677649,TEX,100,0,Slow Curve,CS,100,0,2722,0,71.8,100
R,0.32,709,31.45,-0.22,1.3,Jake Burger,24.99,669394,TEX,49.37,30.08,4-Seam Fastball,FF,28.79,0.2,2275.69,88.83,94.75,63.43
R,0.24,588,34.69,0.18,0.1,Jake Burger,20.73,669394,TEX,41.5,36.92,Slider,SL,44,0.22,2426.25,81.36,86.4,70.9
R,0.32,516,30.81,-0.96,0.61,Jake Burger,18.19,669394,TEX,54.65,41.03,Sinker,SI,15.47,0.28,2165.37,83.54,94.18,59.93
R,0.3,340,30.88,0.99,0.05,Jake Burger,11.98,669394,TEX,38.24,39.52,Sweeper,ST,34.48,0.28,2584.06,82.6,83.32,70
R,0.32,243,34.16,0.16,0.35,Jake Burger,8.57,669394,TEX,41.15,39.86,Changeup,CH,48.25,0.25,1664.7,80.54,85.83,86
R,0.29,187,31.55,0.15,0.56,Jake Burger,6.59,669394,TEX,40.11,32.14,Cutter,FC,32.5,0.14,2384.23,82.76,89.35,58.67
R,0.37,129,28.68,0.04,-0.88,Jake Burger,4.55,669394,TEX,44.19,34.72,Curveball,CU,30.88,0.25,2608.4,83.01,78.38,75.44
R,0.09,65,32.31,-0.51,0.37,Jake Burger,2.29,669394,TEX,35.38,47.62,Split-Finger,FS,47.62,0.07,1131.75,86.77,84.12,95.65
R,0.32,33,42.42,0.78,-0.62,Jake Burger,1.16,669394,TEX,30.3,21.74,Knuckle Curve,KC,70,0.25,2502.7,98.33,81.9,50
R,0,12,50,-0.42,-0.25,Jake Burger,0.42,669394,TEX,33.33,75,Forkball,FO,50,0,567.67,88.5,84.93,50
R,0,9,55.56,0.5,-0.58,Jake Burger,0.32,669394,TEX,55.56,75,Slurve,SV,50,0,2730.89,78.03,80.47,60
R,0.2,4,0,-0.43,1.46,Jake Burger,0.14,669394,TEX,50,100,Eephus,EP,0,0,948,72.75,37,100
R,0,1,100,1.17,-0.33,Jake Burger,0.04,669394,TEX,100,0,Slow Curve,CS,100,0,2859,0,72.9,100
R,0,1,0,0,0,Jake Burger,0.04,669394,TEX,0,0,Unknown,UNK,0,0,0,0,0,0
R,0.5,152,28.95,-0.46,1.25,Jarred Kelenic,26.67,672284,TEX,53.95,15.71,4-Seam Fastball,FF,7.27,0.29,2314.54,85.94,94.42,53.66
R,0.28,120,32.5,-1.16,0.2,Jarred Kelenic,21.05,672284,TEX,40,38.89,Changeup,CH,46.97,0.18,1748.93,83.26,87.79,79.17
R,0.42,75,22.67,-0.88,0.5,Jarred Kelenic,13.16,672284,TEX,57.33,18.75,Sinker,SI,13.16,0.12,2215.76,86.39,95.18,74.42
R,0.27,73,47.95,0.01,-0.02,Jarred Kelenic,12.81,672284,TEX,35.62,53.19,Slider,SL,58.97,0.13,2415.97,84.35,86.56,53.85
R,0.01,52,38.46,0.24,0.59,Jarred Kelenic,9.12,672284,TEX,42.31,13.33,Cutter,FC,66.67,0.25,2354.46,71.17,88.56,63.64
R,0.5,47,27.66,1.12,0.12,Jarred Kelenic,8.25,672284,TEX,44.68,15.38,Sweeper,ST,37.5,0.57,2695.57,77.14,82.12,57.14
R,0.24,23,30.43,0.68,-0.86,Jarred Kelenic,4.04,672284,TEX,30.43,12.5,Curveball,CU,66.67,0.25,2666,101,82.28,57.14
R,0.31,22,27.27,-1.07,0.08,Jarred Kelenic,3.86,672284,TEX,54.55,40,Split-Finger,FS,37.5,0.36,1331.18,91.5,88.48,100
R,0.55,6,0,0.36,-0.66,Jarred Kelenic,1.05,672284,TEX,33.33,0,Knuckle Curve,KC,0,0,2351.33,99.3,86.13,100
R,0.35,817,29.13,-0.59,1.27,Joc Pederson,31.83,592626,TEX,48.71,30.79,4-Seam Fastball,FF,26.92,0.21,2272.44,87.44,94.96,65.58
R,0.25,396,25,-1.14,0.32,Joc Pederson,15.43,592626,TEX,41.92,32.17,Changeup,CH,28.8,0.19,1732.21,84.66,87.39,70.48
R,0.29,289,37.37,0.11,0.09,Joc Pederson,11.26,592626,TEX,49.83,33.79,Slider,SL,38.06,0.25,2371.82,86.83,86.35,59.03
R,0.36,263,37.64,-0.53,0.68,Joc Pederson,10.25,592626,TEX,58.17,29.09,Sinker,SI,23.68,0.24,2192.6,89.15,94.37,53.59
R,0.53,219,29.68,0.08,0.72,Joc Pederson,8.53,592626,TEX,59.36,25.84,Cutter,FC,23.42,0.4,2365.11,81.96,90.47,67.69
R,0.48,195,31.28,0.71,0.07,Joc Pederson,7.6,592626,TEX,44.62,20.37,Sweeper,ST,38.24,0.36,2582.72,86.52,82.97,52.87
R,0.21,185,27.57,0.78,-0.8,Joc Pederson,7.21,592626,TEX,47.57,24.74,Curveball,CU,21.79,0.11,2588.18,84.69,79.55,61.36
R,0.31,93,21.51,0.65,-0.83,Joc Pederson,3.62,592626,TEX,47.31,34.69,Knuckle Curve,KC,22.22,0.13,2464.54,82.88,82.76,84.09
R,0.34,79,17.72,-0.82,0.25,Joc Pederson,3.08,592626,TEX,26.58,39.66,Split-Finger,FS,26.83,0.22,1296.67,78.81,84.6,85.71
R,0,10,0,0,0,Joc Pederson,0.39,592626,TEX,0,0,Unknown,UNK,0,0,0,0,0,0
R,0,8,75,-0.26,-0.36,Joc Pederson,0.31,592626,TEX,25,66.67,Forkball,FO,100,0,626,0,86.05,100
R,0.14,6,16.67,-1.18,1,Joc Pederson,0.23,592626,TEX,33.33,50,Other,FA,0,0,1756.17,84.1,67.88,50
R,0,4,0,0.98,-0.92,Joc Pederson,0.16,592626,TEX,0,0,Slurve,SV,0,0,2713.5,0,79.88,0
R,0.02,2,0,1.2,-0.38,Joc Pederson,0.08,592626,TEX,0,100,Slow Curve,CS,0,0,2603,83.4,68.95,0
R,0,1,0,-0.1,1.55,Joc Pederson,0.04,592626,TEX,0,0,Eephus,EP,0,0,1404,0,55.9,0
R,0.26,437,25.86,0.27,1.3,Justin Foscue,39.91,679822,TEX,54.23,20,4-Seam Fastball,FF,17.5,0.17,2242.18,80.11,93.84,67.51
R,0.35,163,34.97,-0.13,0.05,Justin Foscue,14.89,679822,TEX,55.21,35.62,Slider,SL,22.22,0.2,2419.46,87.78,85.98,51.11
R,0.37,135,31.85,-0.31,0.67,Justin Foscue,12.33,679822,TEX,57.78,21.05,Sinker,SI,4.17,0.32,2208.32,88.76,94.4,46.15
R,0.34,117,22.22,0.69,0.4,Justin Foscue,10.68,679822,TEX,35.04,35.53,Changeup,CH,10.2,0.31,1663.08,84.89,84.81,53.66
R,0.42,82,35.37,-0.38,-0.89,Justin Foscue,7.49,679822,TEX,51.22,12.5,Curveball,CU,14.29,0.38,2526.18,85.33,78.09,38.1
R,0.19,75,38.67,0.23,0.07,Justin Foscue,6.85,679822,TEX,48,43.59,Sweeper,ST,35.14,0.25,2586.21,79.5,82.2,55.56
R,0.37,61,27.87,0.09,0.67,Justin Foscue,5.57,679822,TEX,59.02,24,Cutter,FC,29.73,0.33,2365.57,81.15,88.7,86.11
R,0.03,11,54.55,-0.05,0.48,Justin Foscue,1,679822,TEX,36.36,71.43,Split-Finger,FS,50,0,1551.64,84.6,87.65,25
R,0,5,0,-0.7,-0.73,Justin Foscue,0.46,679822,TEX,0,0,Knuckle Curve,KC,0,0,2557.6,0,78.74,0
R,0,4,50,-1.83,-0.44,Justin Foscue,0.37,679822,TEX,50,0,Slurve,SV,0,0,2901,0,82.75,0
R,0.7,3,0,-0.35,1.33,Justin Foscue,0.27,679822,TEX,0,33.33,Eephus,EP,0,0,1392.33,98.2,56.73,0
R,0,2,0,-0.92,1.36,Justin Foscue,0.18,679822,TEX,0,0,Other,FA,0,0,1641,0,63.7,0
R,0.2,472,24.79,-0.45,1.28,Nicky Lopez,34.6,670032,TEX,57.42,31.34,4-Seam Fastball,FF,15.44,0.19,2270.28,80.44,94.75,72.32
R,0.32,209,23.44,-0.01,0.67,Nicky Lopez,15.32,670032,TEX,51.2,26.47,Sinker,SI,10.53,0.4,2162.81,76.9,93.59,63.55
R,0.27,200,25.5,0,0.09,Nicky Lopez,14.66,670032,TEX,51,30.61,Slider,SL,22,0.13,2375.43,73.54,86,68.63
R,0.18,153,25.49,-1.07,0.37,Nicky Lopez,11.22,670032,TEX,38.56,32.98,Changeup,CH,19.72,0.11,1702.05,74.83,86.2,67.8
R,0.37,109,19.27,0.05,0.61,Nicky Lopez,7.99,670032,TEX,44.95,43.33,Cutter,FC,13.85,0.35,2370.17,83.84,90.38,79.59
R,0.2,93,20.43,0.36,0.07,Nicky Lopez,6.82,670032,TEX,46.24,44,Sweeper,ST,14.81,0.17,2611.72,80.38,83.16,74.42
R,0.23,77,42.86,0.63,-0.91,Nicky Lopez,5.65,670032,TEX,45.45,47.62,Curveball,CU,35,0.29,2624.19,79.6,80.58,57.14
R,0.19,30,16.67,-0.89,0.34,Nicky Lopez,2.2,670032,TEX,60,58.33,Split-Finger,FS,13.64,0.35,1396.33,80.93,85.65,83.33
R,0.78,17,23.53,0.7,-1.14,Nicky Lopez,1.25,670032,TEX,29.41,33.33,Knuckle Curve,KC,28.57,1,2493.82,80,81.74,60
R,0,2,0,0.89,-1.13,Nicky Lopez,0.15,670032,TEX,0,0,Slow Curve,CS,0,0,2487,0,75.7,0
R,0,2,0,1.44,-0.86,Nicky Lopez,0.15,670032,TEX,0,0,Slurve,SV,0,0,2650,0,81.1,0
R,0.25,654,24.01,-0.23,1.25,Wyatt Langford,32.39,694671,TEX,53.06,21.17,4-Seam Fastball,FF,16.94,0.2,2241.78,84.38,94.52,69.74
R,0.34,340,27.65,-0.72,0.65,Wyatt Langford,16.84,694671,TEX,57.65,27.08,Sinker,SI,14.12,0.29,2157.59,89.81,94.38,66.84
R,0.4,287,22.65,0.06,0.09,Wyatt Langford,14.21,694671,TEX,51.92,24.64,Slider,SL,17.69,0.3,2401.27,83.34,86.24,75.84
R,0.18,227,24.67,0.78,0.07,Wyatt Langford,11.24,694671,TEX,44.05,31.5,Sweeper,ST,27.59,0.14,2517.68,77.24,83.36,76
R,0.28,204,28.43,0.34,0.32,Wyatt Langford,10.1,694671,TEX,40.2,35.25,Changeup,CH,36.79,0.2,1717.23,86.22,85.68,76.83
R,0.33,173,32.37,0.09,0.63,Wyatt Langford,8.57,694671,TEX,54.34,41.77,Cutter,FC,24.75,0.19,2318.17,81.56,89.31,72.34
R,0.43,75,24,-0.16,-1,Wyatt Langford,3.71,694671,TEX,46.67,22.5,Curveball,CU,22.58,0.5,2490.97,82.13,77.45,62.86
R,0.33,42,35.71,-0.49,0.17,Wyatt Langford,2.08,694671,TEX,33.33,42.86,Split-Finger,FS,45.45,0.58,1198.14,82.88,85.43,71.43
R,0.29,9,0,0.92,-0.96,Wyatt Langford,0.45,694671,TEX,33.33,50,Knuckle Curve,KC,0,0.4,2577.22,79.87,80.49,100
R,0,6,33.33,1.21,-0.44,Wyatt Langford,0.3,694671,TEX,0,0,Slurve,SV,0,0,2319.67,0,83.67,0
R,0,2,0,0,0,Wyatt Langford,0.1,694671,TEX,0,0,Unknown,UNK,0,0,0,0,0,0
R,0.36,569,27.42,-0.33,1.28,,25.53,673962,TEX,52.2,27.94,4-Seam Fastball,FF,15.47,0.32,2281.16,85.3,94.68,63.64
R,0.33,528,30.49,-0.83,0.67,,23.69,673962,TEX,58.33,29.55,Sinker,SI,8.75,0.24,2177.33,84.34,94.03,56.82
L,0.36,498,27.91,-0.53,1.29,,40.03,696030,TEX,53.21,19.31,4-Seam Fastball,FF,10.34,0.18,2275.13,81.1,94.45,59.62
R,0.28,336,25.3,-0.42,1.29,,36.01,643376,TEX,55.65,18.79,4-Seam Fastball,FF,21.25,0.11,2269.29,83.56,94.38,70.59
R,0.34,302,27.15,0.17,0.06,,13.55,673962,TEX,48.01,28.03,Slider,SL,26.67,0.32,2415.98,82.51,85.97,73.1
R,0.33,296,33.11,-0.23,1.29,,26.84,543309,TEX,53.38,28.99,4-Seam Fastball,FF,11.02,0.23,2255.56,85.09,93.95,49.37
R,0.25,266,20.68,0.79,0.09,,11.93,673962,TEX,41.35,24.36,Sweeper,ST,16.36,0.21,2573.1,82.08,82.93,65.45
R,0.36,219,30.59,-0.68,0.69,,19.85,543309,TEX,61.64,28.57,Sinker,SI,8.74,0.34,2191.54,84.87,94.34,58.52
R,0.2,217,33.18,0.23,0.2,,19.67,543309,TEX,36.41,38.41,Slider,SL,44.34,0.12,2401.41,82.07,86.11,67.09
R,0.27,188,23.94,0.2,1.25,,35.27,457705,TEX,56.91,12.35,4-Seam Fastball,FF,23.08,0.19,2222.84,86.08,93.61,75.7
R,0.49,186,18.82,0.16,0.6,,8.34,673962,TEX,41.4,33.03,Cutter,FC,18.18,0.33,2401.7,82.67,89.37,81.82
R,0.33,175,21.14,0.1,0.37,,7.85,673962,TEX,37.14,35.45,Changeup,CH,25.81,0.37,1696.47,84.54,85.4,83.08
L,0.23,175,11.43,-1.09,0.39,,14.07,696030,TEX,39.43,46.23,Changeup,CH,9.43,0.27,1712.75,77.66,86.76,82.61
R,0.25,172,21.51,-0.51,0.57,,18.44,643376,TEX,62.79,26.56,Sinker,SI,12.12,0.2,2149.99,85.14,93.52,75.93
L,0.23,161,34.16,-0.25,0.55,,12.94,696030,TEX,62.73,11.67,Sinker,SI,10.45,0.34,2142.84,82.92,93.5,59.41
L,0.32,129,26.36,-0.01,0.15,,10.37,696030,TEX,49.61,41.54,Slider,SL,20.27,0.23,2425.84,81.95,85.68,73.44
R,0.17,124,22.58,0.07,0.05,,13.29,643376,TEX,45.16,20.59,Slider,SL,22.22,0.14,2377.08,81.07,86.21,55.36
R,0.21,106,18.87,0.48,1.36,,42.06,664059,TEX,54.72,20.83,4-Seam Fastball,FF,12.73,0.21,2252.58,82.62,93.32,77.59
R,0.49,105,20,-0.06,-0.97,,4.71,673962,TEX,39.05,20.31,Curveball,CU,16.28,0.29,2578.28,85.49,78.49,73.17
R,0.2,101,32.67,0.76,-0.01,,9.16,543309,TEX,46.53,24.07,Sweeper,ST,30.77,0.04,2574.46,78.76,83,55.32
R,0.39,98,27.55,-0.1,0.44,,8.88,543309,TEX,32.65,39.39,Changeup,CH,44,0.27,1569.47,86.05,85.11,75
R,0.17,98,34.69,0.89,0.1,,10.5,643376,TEX,37.76,34.43,Sweeper,ST,37.5,0.09,2571.14,75.93,81.79,51.35
R,0.2,90,25.56,-0.09,1.24,,36.59,683227,TEX,57.78,15.79,4-Seam Fastball,FF,10.26,0.18,2215.58,79.96,94.25,63.46
L,0.37,89,22.47,0.18,0.68,,7.15,696030,TEX,56.18,51.28,Cutter,FC,1.92,0.26,2379.18,83.95,90.62,64
R,0.31,85,28.24,0.25,-0.87,,7.71,543309,TEX,47.06,8.89,Curveball,CU,16.67,0,2613.49,80.63,78.93,50
L,0.4,80,17.5,0.62,-0.7,,6.43,696030,TEX,27.5,27.59,Curveball,CU,24.14,0.43,2648.49,85.49,80.1,59.09
R,0.28,77,31.17,0.34,0.11,,14.45,457705,TEX,45.45,26.19,Sweeper,ST,37.5,0.15,2574.74,80.98,83.03,60
R,0.33,76,28.95,-0.01,0.55,,14.26,457705,TEX,56.58,18.18,Sinker,SI,16.67,0.29,2144.74,89.08,93.57,55.81
R,0.26,69,28.99,0.66,0.38,,7.4,643376,TEX,34.78,37.78,Changeup,CH,33.33,0.42,1710.75,80.86,84.42,54.17
L,0.33,63,31.75,0.22,0.12,,5.06,696030,TEX,57.14,25.93,Sweeper,ST,30.3,0.28,2526.86,76.74,82.13,72.22
R,0.17,62,35.48,0.19,0.77,,6.65,643376,TEX,61.29,29.17,Cutter,FC,28.57,0.07,2433.1,78.29,91.71,55.26
R,0.31,55,36.36,0.2,0.61,,4.99,543309,TEX,58.18,47.83,Cutter,FC,26.47,0.42,2423.42,75.45,90.27,71.88
R,0.16,53,20.75,-0.07,1.24,,30.46,680737,TEX,49.06,37.04,4-Seam Fastball,FF,22.58,0,2193.32,82.47,93.73,80.77
R,0.27,52,28.85,0.54,-0.75,,2.33,673962,TEX,28.85,32.43,Knuckle Curve,KC,39.13,0.18,2468.96,74.49,81.46,73.33
R,0.49,51,33.33,-0.02,0.62,,9.57,457705,TEX,47.06,7.41,Cutter,FC,23.08,0,2323.9,75.04,87.67,45.83
R,0,47,42.55,0,-0.84,,5.04,643376,TEX,53.19,18.18,Curveball,CU,23.08,0,2520.64,65.32,78.75,36
R,0.06,42,38.1,-0.3,0.17,,16.67,664059,TEX,42.86,54.17,Slider,SL,47.62,0.09,2432.86,74.23,82.99,44.44
R,0.14,41,21.95,1.1,0.38,,7.69,457705,TEX,41.46,25,Changeup,CH,35.29,0.33,1651.07,78.65,83.78,64.71
R,0.2,40,35,0.06,0.05,,7.5,457705,TEX,40,25,Slider,SL,55.56,0.43,2449.1,84.69,85.41,75
R,0.19,40,37.5,-0.05,0.16,,16.26,683227,TEX,55,38.89,Slider,SL,19.05,0.38,2385.28,61.04,85.46,63.64
R,0.4,35,28.57,-0.56,0.18,,1.57,673962,TEX,28.57,52,Split-Finger,FS,31.58,0.57,1061.66,75.99,85.41,60
R,0.06,35,45.71,0.15,0.63,,14.23,683227,TEX,42.86,20,Cutter,FC,40,0,2318.26,83.28,88.98,40
R,0.01,34,29.41,0.02,-0.76,,6.38,457705,TEX,52.94,37.5,Curveball,CU,41.67,0,2574.29,80.41,80.76,100
R,0.03,34,41.18,0.06,0.01,,19.54,680737,TEX,50,52.94,Slider,SL,30,0.1,2396.24,68.92,86.1,64.71
R,0.33,30,23.33,-0.52,0.63,,17.24,680737,TEX,53.33,42.86,Sinker,SI,16.67,0,2158.57,71.87,95.35,75
R,0.19,27,14.81,-0.16,0.64,,10.98,683227,TEX,62.96,10,Sinker,SI,0,0.33,2213.26,75.69,94.59,76.47
L,0.13,26,26.92,-1.02,0.2,,2.09,696030,TEX,38.46,68.75,Split-Finger,FS,22.22,0.23,1604.5,92.81,87.18,70
R,0.37,25,36,0.7,0.32,,9.92,664059,TEX,48,38.46,Changeup,CH,38.46,0.25,1698,79.74,84.52,66.67
R,0,24,41.67,-0.71,-1.08,,9.76,683227,TEX,29.17,29.41,Curveball,CU,42.86,0,2573.33,62.95,78.38,28.57
L,0.26,22,27.27,0.73,-0.73,,1.77,696030,TEX,40.91,61.54,Knuckle Curve,KC,0,0,2547.36,90.27,82.85,33.33
R,0.29,20,15,0.1,0.44,,11.49,680737,TEX,35,38.46,Changeup,CH,25,0.12,1593.65,79.89,85,100
R,0.06,18,38.89,0.3,-1.19,,7.14,664059,TEX,44.44,50,Curveball,CU,53.85,0.12,2665.17,68.97,78.32,100
R,0.34,18,22.22,0.36,1.38,,40.91,681146,TEX,33.33,33.33,4-Seam Fastball,FF,0,0.33,2252.89,96.28,93.54,66.67
R,0,17,29.41,-0.55,0.29,,1.54,543309,TEX,29.41,50,Split-Finger,FS,45.45,0,1387.18,77.2,87.6,100
R,0.02,17,17.65,-0.11,0.54,,6.75,664059,TEX,47.06,33.33,Cutter,FC,27.27,0,2286.65,80.16,87.95,100
R,0.29,16,50,-0.68,0.27,,6.35,664059,TEX,43.75,33.33,Sweeper,ST,71.43,0,2380.38,99.8,82.35,57.14
R,0.36,15,0,0.16,0.6,,8.62,680737,TEX,66.67,0,Cutter,FC,0,0.5,2250.93,81.95,91.23,100
R,0.45,15,33.33,0.64,0.5,,6.1,683227,TEX,33.33,40,Sweeper,ST,33.33,0.5,2536,72.9,81.79,40
R,0.03,14,35.71,-1.17,0.4,,2.63,457705,TEX,35.71,44.44,Split-Finger,FS,50,0,1565.93,71,94.08,80
R,0.25,14,57.14,1.35,0.39,,5.56,664059,TEX,85.71,50,Sinker,SI,0,0,2143.43,55.06,93.76,33.33
R,0.38,14,28.57,0.56,0.32,,5.69,683227,TEX,50,42.86,Changeup,CH,40,1,1269.64,75.43,86.02,100
R,0,12,41.67,0.77,-0.98,,1.29,643376,TEX,16.67,50,Knuckle Curve,KC,71.43,0,2600.08,0,79.68,100
R,0,9,33.33,0.24,-0.73,,1.69,457705,TEX,44.44,0,Knuckle Curve,KC,75,0,2475.67,65.8,80.53,100
R,0.12,9,44.44,-0.05,0.24,,0.96,643376,TEX,11.11,50,Split-Finger,FS,75,0.33,1162.78,100.9,86.6,0
R,0.03,9,33.33,1.17,0.26,,5.17,680737,TEX,22.22,71.43,Sweeper,ST,33.33,0,2713.78,69.92,82.83,50
R,0.36,8,0,-0.96,-0.86,,4.6,680737,TEX,37.5,20,Curveball,CU,0,1,2282.5,92,76.12,100
R,0,8,50,-0.58,-1.2,,18.18,681146,TEX,25,33.33,Curveball,CU,100,0,2315,0,76.25,0
R,0,8,50,0.22,-0.22,,18.18,681146,TEX,50,50,Slider,SL,50,0,2472.25,0,86.98,50
R,0,7,57.14,0.1,-0.97,,0.63,543309,TEX,57.14,0,Knuckle Curve,KC,100,0,2385,0,79.21,75
R,0.9,7,14.29,0.19,-0.61,,0.63,543309,TEX,14.29,16.67,Slurve,SV,0,1,2946,79.8,80.54,0
R,0.21,7,28.57,0.83,-0.71,,0.31,673962,TEX,42.86,75,Slurve,SV,20,0,2818.14,85.53,80.04,66.67
R,0,4,0,-0.31,0.1,,1.59,664059,TEX,0,0,Split-Finger,FS,0,0,1011,0,79.9,0
R,0.71,4,0,-0.17,-0.38,,0.18,673962,TEX,50,0,Forkball,FO,0,1,503.5,101.4,85.15,100
R,0,4,50,0,0.88,,9.09,681146,TEX,50,0,Cutter,FC,0,0,2176,0,87,0
R,0,4,50,-1.14,0.77,,9.09,681146,TEX,50,0,Sinker,SI,0,0,2057.5,0,97,0
R,0.06,3,33.33,0.56,-0.21,,0.56,457705,TEX,33.33,100,Slurve,SV,0,0,2178,65.2,82.57,0
R,0.52,3,33.33,-0.11,1.26,,1.19,664059,TEX,100,0,Eephus,EP,0,0,1302,68.95,56.43,66.67
R,0.12,3,0,-0.07,-0.33,,1.19,664059,TEX,100,0,Knuckle Curve,KC,0,0,2252.67,67.53,80.77,100
R,0,3,66.67,-0.36,0.13,,1.19,664059,TEX,33.33,50,Slurve,SV,100,0,2342.33,0,79.8,0
R,0,2,0,1.35,-0.16,,0.21,643376,TEX,0,0,Slow Curve,CS,0,0,2377,0,69.5,0
R,0.09,2,0,-0.36,-0.19,,0.21,643376,TEX,50,100,Slurve,SV,0,0,2333,83.75,80.6,100
R,0,2,0,0.05,-0.52,,1.15,680737,TEX,0,0,Knuckle Curve,KC,0,0,2242,0,79.8,0
R,0.12,2,50,-1.01,-0.33,,1.15,680737,TEX,0,100,Split-Finger,FS,50,0,1298,89.6,84.75,0
R,0,2,0,1.02,0.86,,4.55,681146,TEX,0,0,Changeup,CH,0,0,1469,0,84,0
R,0,1,0,-0.66,1.27,,0.09,543309,TEX,0,0,Pitch Out,PO,0,0,2127,0,94.3,0
R,0.25,1,0,1.38,-0.52,,0.4,664059,TEX,0,100,Slow Curve,CS,0,1,2781,50,70.5,0
R,0.15,1,0,1.26,-0.72,,0.57,680737,TEX,0,100,Slurve,SV,0,1,2962,74.6,78.5,0
R,0,1,0,0.67,1.13,,0.41,683227,TEX,100,0,Split-Finger,FS,0,0,1981,36.6,87.8,100
L,0,1,100,1.34,-1.02,,0.08,696030,TEX,0,100,Slurve,SV,100,0,2997,0,77.8,0
R,0.32,402,28.11,-0.73,0.66,Alejandro Kirk,28.9,672386,TOR,53.23,32.98,Sinker,SI,7.56,0.35,2213.73,82.43,94.41,51.4
R,0.4,360,28.06,-0.18,1.29,Alejandro Kirk,25.88,672386,TOR,46.11,20.1,4-Seam Fastball,FF,20.61,0.33,2278.31,84.79,94.98,55.42
R,0.34,167,23.95,0.06,0.28,Alejandro Kirk,12.01,672386,TOR,52.69,29.11,Slider,SL,14.12,0.33,2363.05,84.52,86.65,70.45
R,0.33,126,16.67,0.18,0.62,Alejandro Kirk,9.06,672386,TOR,53.97,17.24,Cutter,FC,1.64,0.18,2333.06,82.33,90,75
R,0.34,107,12.15,0.34,0.34,Alejandro Kirk,7.69,672386,TOR,33.64,21.13,Changeup,CH,9.52,0.33,1748.73,83.68,84.84,75
R,0.13,99,25.25,0.35,0.16,Alejandro Kirk,7.12,672386,TOR,43.43,33.93,Sweeper,ST,24.44,0.19,2522.36,84.43,81.61,60.47
R,0.25,64,31.25,0.1,-0.89,Alejandro Kirk,4.6,672386,TOR,31.25,38.64,Curveball,CU,25,0.12,2551.36,82.7,80.35,35
R,0.7,33,0,0,0,Alejandro Kirk,2.37,672386,TOR,0,0,Unknown,UNK,0,0,0,0,0,0
R,0.23,14,14.29,-0.73,0.29,Alejandro Kirk,1.01,672386,TOR,28.57,30,Split-Finger,FS,0,0,1485.29,90.3,87.63,50
R,0.3,13,53.85,-0.1,-0.49,Alejandro Kirk,0.93,672386,TOR,38.46,87.5,Knuckle Curve,KC,54.55,0.2,2316.15,65.27,84.58,80
R,0.88,3,33.33,-0.21,-0.17,Alejandro Kirk,0.22,672386,TOR,66.67,0,Knuckleball,KN,0,1,317.67,103.8,82.33,50
R,0,3,100,-1.4,-0.54,Alejandro Kirk,0.22,672386,TOR,100,0,Slurve,SV,0,0,2643.33,0,84.17,0
R,0.26,810,24.57,-0.34,1.32,Andrés Giménez,32.18,665926,TOR,52.47,40.78,4-Seam Fastball,FF,19.22,0.24,2304.56,80.74,94.77,78.12
R,0.31,451,27.27,-0.01,0.61,Andrés Giménez,17.92,665926,TOR,55.88,38.19,Sinker,SI,14.58,0.31,2184.35,80.51,94.02,65.08
R,0.19,285,29.12,0.01,0.16,Andrés Giménez,11.32,665926,TOR,40,43.27,Slider,SL,29.53,0.13,2378.22,76.38,86.16,65.79
R,0.24,235,25.11,-0.76,0.3,Andrés Giménez,9.34,665926,TOR,32.34,50.94,Changeup,CH,31.08,0.24,1727.87,78.5,85.86,88.16
R,0.29,206,20.87,0.13,0.66,Andrés Giménez,8.18,665926,TOR,48.54,47.17,Cutter,FC,17.05,0.22,2404.16,77.86,90.04,79
R,0.23,202,29.7,0.36,0.06,Andrés Giménez,8.03,665926,TOR,43.56,50.88,Sweeper,ST,32.26,0.18,2573.27,77.31,82.59,75
R,0.32,161,26.71,0.78,-0.98,Andrés Giménez,6.4,665926,TOR,37.27,43.56,Curveball,CU,25.61,0.33,2613.56,82.17,80.15,63.33
R,0.28,72,25,-0.99,0.25,Andrés Giménez,2.86,665926,TOR,36.11,41.3,Split-Finger,FS,37.21,0.27,1412.38,82.25,87.42,92.31
R,0.28,53,32.08,0.42,-0.6,Andrés Giménez,2.11,665926,TOR,39.62,75,Knuckle Curve,KC,33.33,0.22,2538.06,79.57,84.89,85.71
R,0,17,0,0,0,Andrés Giménez,0.68,665926,TOR,0,0,Unknown,UNK,0,0,0,0,0,0
R,0.25,13,30.77,0.17,-0.44,Andrés Giménez,0.52,665926,TOR,30.77,55.56,Slurve,SV,37.5,0.12,2622.85,89.76,83.46,75
R,0,6,33.33,-1.03,0.76,Andrés Giménez,0.24,665926,TOR,33.33,0,Other,FA,0,0,1828.33,0,71.73,0
R,0.07,3,33.33,-0.48,1.33,Andrés Giménez,0.12,665926,TOR,33.33,50,Eephus,EP,0,0,1558.67,87.3,57.7,0
R,0.04,2,0,0.39,-0.66,Andrés Giménez,0.08,665926,TOR,0,100,Slow Curve,CS,0,0,2417,78.9,75.9,0
R,0,1,0,-0.41,-0.48,Andrés Giménez,0.04,665926,TOR,0,0,Knuckleball,KN,0,0,430,0,82.1,0
R,0.31,556,27.16,-0.19,1.36,Brandon Valenzuela,35.99,678218,TOR,60.43,24.09,4-Seam Fastball,FF,16.49,0.19,2329.29,82.02,94.66,70.83
R,0.28,240,25.42,-0.4,0.36,Brandon Valenzuela,15.53,678218,TOR,34.17,33.54,Changeup,CH,35.09,0.25,1753.98,73.5,85.9,74.39
R,0.29,191,25.65,-0.06,0.65,Brandon Valenzuela,12.36,678218,TOR,54.45,13.79,Sinker,SI,14.29,0.39,2183.08,82.48,93.68,62.5
R,0.24,132,34.85,0.51,-1,Brandon Valenzuela,8.54,678218,TOR,40.15,26.58,Curveball,CU,40.38,0.17,2540.83,77.91,80.23,58.49
R,0.35,128,17.19,0.19,0.71,Brandon Valenzuela,8.28,678218,TOR,46.09,34.78,Cutter,FC,13.89,0.2,2466.58,81.31,90.74,81.36
R,0.45,117,26.5,0.05,0.09,Brandon Valenzuela,7.57,678218,TOR,52.14,57.14,Slider,SL,25.61,0.3,2439.15,81.98,86.24,81.97
R,0.26,65,29.23,-0.68,0.25,Brandon Valenzuela,4.21,678218,TOR,33.85,32.56,Split-Finger,FS,46.88,0.08,1315.06,86.24,86.09,81.82
R,0.32,63,19.05,0.29,0.03,Brandon Valenzuela,4.08,678218,TOR,44.44,20,Sweeper,ST,24.14,0.18,2553.41,80.12,82.31,78.57
R,0.23,38,44.74,0.57,-0.85,Brandon Valenzuela,2.46,678218,TOR,31.58,53.85,Knuckle Curve,KC,55,0.25,2496.29,89.57,84.44,50
R,0.62,4,0,-0.52,1.18,Brandon Valenzuela,0.26,678218,TOR,25,66.67,Eephus,EP,0,0.67,1425.75,91.53,53.42,100
R,0,4,0,-0.46,-0.36,Brandon Valenzuela,0.26,678218,TOR,0,0,Forkball,FO,0,0,755,0,78.95,0
R,0,2,0,-0.64,0.93,Brandon Valenzuela,0.13,678218,TOR,100,0,Other,FA,0,0,1783,0,71.4,0
R,0,2,0,-0.42,1.46,Brandon Valenzuela,0.13,678218,TOR,0,0,Pitch Out,PO,0,0,2391,0,96.5,0
R,0.03,2,0,0.46,-0.2,Brandon Valenzuela,0.13,678218,TOR,100,0,Slurve,SV,0,0,2472,84.8,85.1,100
R,0,1,0,0,0,Brandon Valenzuela,0.06,678218,TOR,0,0,Unknown,UNK,0,0,0,0,0,0
R,0.27,110,29.09,-0.34,1.37,Brett Bateman,29.18,703520,TOR,64.55,28.21,4-Seam Fastball,FF,10.71,0.29,2425.56,82.07,95.15,63.38
R,0.28,106,27.36,0.71,0.55,Brett Bateman,28.12,703520,TOR,51.89,17.65,Sinker,SI,5.71,0.2,2192.95,71.9,93.03,47.27
R,0.33,31,12.9,0.24,0.62,Brett Bateman,8.22,703520,TOR,45.16,47.06,Cutter,FC,10,0.33,2613.58,82.58,91.31,85.71
R,0.42,31,22.58,-0.27,0.2,Brett Bateman,8.22,703520,TOR,48.39,31.25,Slider,SL,13.33,0.45,2279.84,71.28,84.92,66.67
R,0.14,31,38.71,-0.91,0.26,Brett Bateman,8.22,703520,TOR,38.71,57.89,Split-Finger,FS,45,0,1527.45,93.12,91.23,75
R,0.11,23,34.78,-0.94,-0.1,Brett Bateman,6.1,703520,TOR,43.48,30.77,Sweeper,ST,25,0.67,2575.3,71.9,82.8,40
R,0.29,22,18.18,-0.52,0.29,Brett Bateman,5.84,703520,TOR,31.82,60,Changeup,CH,28.57,0.36,1942.5,69.83,83.83,71.43
R,0.4,18,0,0.81,-1.08,Brett Bateman,4.77,703520,TOR,11.11,12.5,Curveball,CU,0,1,2665.33,89.5,82.7,100
R,0,5,80,1.24,-0.97,Brett Bateman,1.33,703520,TOR,80,100,Knuckle Curve,KC,50,0,2690,37.4,79.28,25
R,0.31,148,25,0.33,1.28,Charles McAdoo,35.24,807727,TOR,55.41,45.45,4-Seam Fastball,FF,17.98,0.23,2322.71,79.51,94.09,71.95
R,0.24,118,27.97,-0.43,0.59,Charles McAdoo,28.1,807727,TOR,65.25,24.39,Sinker,SI,5.45,0.34,2301.71,82.11,94.28,58.44
R,0.32,47,23.4,0.69,0.4,Charles McAdoo,11.19,807727,TOR,44.68,26.92,Changeup,CH,20,0.38,1840.3,82.61,85.61,61.9
R,0.12,40,40,0.87,0.04,Charles McAdoo,9.52,807727,TOR,45,45.45,Sweeper,ST,47.83,0.17,2754.3,76.21,84.3,72.22
R,0.08,21,38.1,-0.17,0.06,Charles McAdoo,5,807727,TOR,33.33,28.57,Slider,SL,66.67,0,2508.29,104.5,84.43,71.43
R,0.75,18,22.22,-0.03,-0.64,Charles McAdoo,4.29,807727,TOR,44.44,20,Curveball,CU,25,0,2491.44,86.57,83.77,75
R,0.94,18,11.11,0.2,0.51,Charles McAdoo,4.29,807727,TOR,44.44,20,Cutter,FC,0,1,2490.78,86.57,88.61,75
R,0.11,10,20,0.05,0.14,Charles McAdoo,2.38,807727,TOR,30,28.57,Split-Finger,FS,40,0,1196.2,87.67,85.12,100
R,0.27,645,24.19,-0.09,1.33,Ernie Clement,25.67,676391,TOR,49.77,46.6,4-Seam Fastball,FF,10.9,0.31,2309.98,81.27,94.9,67.29
R,0.32,530,20.94,-0.56,0.66,Ernie Clement,21.09,676391,TOR,55.28,36.71,Sinker,SI,2.56,0.37,2203.54,82.08,94.43,63.48
R,0.28,321,24.61,0.19,0.14,Ernie Clement,12.77,676391,TOR,45.17,42.05,Slider,SL,23.53,0.35,2423.74,80.76,86.72,77.93
R,0.2,288,24.31,0.52,0.33,Ernie Clement,11.46,676391,TOR,39.24,53.14,Changeup,CH,26.09,0.19,1738.27,74.71,85.27,80.53
R,0.24,266,26.32,0.72,0.13,Ernie Clement,10.58,676391,TOR,45.49,40,Sweeper,ST,26.53,0.23,2589.43,75.51,82.51,73.55
R,0.24,220,16.82,0.18,0.64,Ernie Clement,8.75,676391,TOR,42.73,50,Cutter,FC,17.24,0.16,2357.57,80.19,89.87,87.23
R,0.22,137,18.98,0.13,-0.81,Ernie Clement,5.45,676391,TOR,41.61,45,Curveball,CU,9.21,0.18,2527.91,79.93,80.15,70.18
R,0.35,46,6.52,-0.77,0.2,Ernie Clement,1.83,676391,TOR,45.65,52,Split-Finger,FS,3.12,0.29,1398.86,74.19,88.34,90.48
R,0.21,38,21.05,0.49,-0.78,Ernie Clement,1.51,676391,TOR,36.84,41.67,Knuckle Curve,KC,20,0.25,2475.61,81.13,83.34,71.43
R,0,15,26.67,-0.39,-0.51,Ernie Clement,0.6,676391,TOR,40,55.56,Slurve,SV,0,0,2758.47,79.24,82.45,33.33
R,0.88,4,0,-0.9,1.13,Ernie Clement,0.16,676391,TOR,0,50,Other,FA,0,1,1793,67.1,68.75,0
R,0,2,0,0,0,Ernie Clement,0.08,676391,TOR,0,0,Unknown,UNK,0,0,0,0,0,0
R,0,1,0,0.02,-0.22,Ernie Clement,0.04,676391,TOR,0,0,Knuckleball,KN,0,0,306,0,80.4,0
R,0.32,742,21.43,-0.04,1.34,George Springer,27.26,543807,TOR,52.16,23.1,4-Seam Fastball,FF,16.67,0.22,2308.63,81.88,94.92,76.49
R,0.32,637,24.65,-0.72,0.7,George Springer,23.4,543807,TOR,57.3,16.54,Sinker,SI,11.03,0.25,2213.89,82.16,94.39,67.12
R,0.26,374,27.81,0.19,0.16,George Springer,13.74,543807,TOR,43.05,29.11,Slider,SL,33.16,0.27,2411.07,83.94,86.49,77.64
R,0.24,309,23.62,0.75,0.09,George Springer,11.35,543807,TOR,36.89,35.38,Sweeper,ST,23.53,0.17,2590.18,78.44,83.2,73.68
R,0.26,238,21.85,0.03,0.36,George Springer,8.74,543807,TOR,36.97,25.33,Changeup,CH,31.48,0.17,1733.64,81.61,86.05,79.55
R,0.51,182,23.63,0.23,0.64,George Springer,6.69,543807,TOR,48.9,16.13,Cutter,FC,18.07,0.37,2418.9,83.12,89.93,76.4
R,0.28,99,17.17,0.25,-0.93,George Springer,3.64,543807,TOR,36.36,17.46,Curveball,CU,11.43,0.4,2604.12,81.44,80.1,66.67
R,0.25,98,28.57,-0.75,0.31,George Springer,3.6,543807,TOR,43.88,38.18,Split-Finger,FS,33.93,0.28,1339.73,82.03,86.46,81.4
R,0.32,39,30.77,0.23,-0.63,George Springer,1.43,543807,TOR,56.41,11.76,Knuckle Curve,KC,25,0.5,2346.62,77.26,84.11,63.64
R,0,4,50,1.22,-0.22,George Springer,0.15,543807,TOR,50,0,Slurve,SV,0,0,2520.5,0,80.7,0
R,0.31,543,24.49,-0.57,1.35,Jesús Sánchez,35.05,660821,TOR,53.04,28.24,4-Seam Fastball,FF,20.14,0.28,2339.76,82.28,95.41,73.26
R,0.2,210,33.33,-0.53,0.61,Jesús Sánchez,13.56,660821,TOR,62.38,35.44,Sinker,SI,17.65,0.26,2187.01,83.64,94.18,56.49
R,0.37,177,21.47,-1.2,0.44,Jesús Sánchez,11.43,660821,TOR,25.99,39.69,Changeup,CH,32.22,0.25,1808.81,80.06,87.24,82.61
R,0.45,156,25.64,0.19,0.75,Jesús Sánchez,10.07,660821,TOR,50,28.21,Cutter,FC,24.68,0.31,2459.99,85.02,91.1,70.51
R,0.37,127,30.71,0.17,0.2,Jesús Sánchez,8.2,660821,TOR,40.16,46.05,Slider,SL,31.51,0.19,2454.58,84.33,86,74.51
R,0.31,113,16.81,-1,0.28,Jesús Sánchez,7.3,660821,TOR,37.17,40.85,Split-Finger,FS,19.05,0.3,1494.19,82.33,88.34,80.95
R,0.4,94,29.79,0.58,-0.98,Jesús Sánchez,6.07,660821,TOR,27.66,60.29,Curveball,CU,33.33,0.22,2496.22,89.42,80.1,73.08
R,0.34,72,23.61,0.46,0,Jesús Sánchez,4.65,660821,TOR,34.72,48.94,Sweeper,ST,22.5,0.08,2588.26,76.35,82.87,68
R,0.23,36,36.11,0.59,-0.68,Jesús Sánchez,2.32,660821,TOR,38.89,59.09,Knuckle Curve,KC,36.36,0.22,2455.78,81.67,83.66,64.29
R,0.64,6,0,-0.25,1.23,Jesús Sánchez,0.39,660821,TOR,0,33.33,Eephus,EP,0,1,1261.67,98.9,48.37,0
R,0,6,66.67,-0.95,1.08,Jesús Sánchez,0.39,660821,TOR,100,0,Other,FA,0,0,1905.67,77,72.07,33.33
R,0.34,5,0,0.7,-0.5,Jesús Sánchez,0.32,660821,TOR,100,0,Slurve,SV,0,0.25,2711,89.68,83.08,100
R,0,4,0,0,0,Jesús Sánchez,0.26,660821,TOR,0,0,Unknown,UNK,0,0,0,0,0,0
R,0.3,318,22.33,-0.55,1.28,Josh Smith,26.99,669701,TOR,56.29,23.74,4-Seam Fastball,FF,14.01,0.23,2302.49,85.08,94.99,69.27
R,0.33,164,32.32,-0.22,0.63,Josh Smith,13.92,669701,TOR,52.44,39.74,Sinker,SI,14.47,0.21,2191.79,75.81,93.69,52.33
R,0.23,154,21.43,-1.24,0.42,Josh Smith,13.07,669701,TOR,36.36,34.69,Changeup,CH,28.75,0.1,1710.96,72.76,87.55,82.14
R,0.24,153,33.33,0.14,0.07,Josh Smith,12.99,669701,TOR,42.48,43.18,Slider,SL,34.18,0.14,2337.59,76.94,86.15,63.08
R,0.36,102,40.2,0.2,0.74,Josh Smith,8.66,669701,TOR,56.86,45.45,Cutter,FC,30,0.38,2465.49,74.52,91.17,51.72
R,0.18,100,41,0.43,0.02,Josh Smith,8.49,669701,TOR,38,46.77,Sweeper,ST,42.55,0.19,2555.24,83.36,83.93,47.37
R,0.18,94,36.17,0.7,-0.89,Josh Smith,7.98,669701,TOR,36.17,33.33,Curveball,CU,45.95,0.26,2611.21,79.61,81,50
R,0.18,52,13.46,-1.14,0.15,Josh Smith,4.41,669701,TOR,40.38,58.06,Split-Finger,FS,3.23,0.17,1566.12,74.95,88.88,61.9
R,0.59,24,45.83,0.98,-0.9,Josh Smith,2.04,669701,TOR,66.67,12.5,Knuckle Curve,KC,33.33,0.5,2520.83,91.98,79.93,50
R,0,14,0,0,0,Josh Smith,1.19,669701,TOR,0,0,Unknown,UNK,0,0,0,0,0,0
R,0.4,2,0,-0.07,-0.57,Josh Smith,0.17,669701,TOR,0,100,Forkball,FO,0,1,627,93,85.1,0
R,0,1,0,0.69,-0.34,Josh Smith,0.08,669701,TOR,0,0,Slurve,SV,0,0,2244,0,84.2,0
R,0.4,805,25.84,-0.29,1.31,Kazuma Okamoto,23.01,672960,TOR,50.81,25.76,4-Seam Fastball,FF,25.65,0.31,2297.88,87.24,95.11,78
R,0.33,688,34.01,-0.7,0.67,Kazuma Okamoto,19.66,672960,TOR,56.1,31.79,Sinker,SI,24.19,0.21,2208.19,85.83,94.45,62.95
R,0.34,504,35.52,0.09,0.12,Kazuma Okamoto,14.4,672960,TOR,44.25,28.11,Slider,SL,42.47,0.23,2430.55,82.6,86.55,62.78
R,0.23,430,30.7,0.85,0.05,Kazuma Okamoto,12.29,672960,TOR,41.63,25.1,Sweeper,ST,32.75,0.18,2569.5,79.05,83.22,60.34
R,0.17,389,34.7,0.23,0.71,Kazuma Okamoto,11.12,672960,TOR,50.13,29.9,Cutter,FC,37.24,0.1,2395.5,80.95,90.45,70.77
R,0.28,320,29.06,0.14,0.31,Kazuma Okamoto,9.15,672960,TOR,38.75,27.55,Changeup,CH,38.19,0.17,1772.43,81.09,85.49,72.58
R,0.17,192,32.29,0.34,-1.04,Kazuma Okamoto,5.49,672960,TOR,48.44,39.39,Curveball,CU,31.73,0.15,2571.2,82.43,80.26,69.89
R,0.42,82,17.07,-0.8,0.23,Kazuma Okamoto,2.34,672960,TOR,42.68,14.89,Split-Finger,FS,16.67,0.25,1292.53,79.14,85.74,82.86
R,0.55,57,31.58,0.38,-0.67,Kazuma Okamoto,1.63,672960,TOR,47.37,33.33,Knuckle Curve,KC,22.22,0.45,2443.42,91.88,83.94,62.96
R,0.21,20,25,0.57,-0.43,Kazuma Okamoto,0.57,672960,TOR,15,23.53,Slurve,SV,50,0,2584.7,88.07,83.18,66.67
R,0,5,60,-0.19,-0.18,Kazuma Okamoto,0.14,672960,TOR,80,0,Knuckleball,KN,66.67,0,318.4,92.9,80.9,75
R,0,3,0,0,0,Kazuma Okamoto,0.09,672960,TOR,0,0,Unknown,UNK,0,0,0,0,0,0
R,0,2,0,0.46,-0.5,Kazuma Okamoto,0.06,672960,TOR,100,0,Slow Curve,CS,0,0,2340,62,73.8,100
R,0,2,0,-0.15,1.85,Kazuma Okamoto,0.06,672960,TOR,0,0,Unknown,UN,0,0,1395,0,55.9,0
R,0.34,490,24.49,0.3,1.33,Myles Straw,31.57,664702,TOR,54.9,23.98,4-Seam Fastball,FF,7.55,0.24,2242.81,80.94,94.3,59.11
R,0.36,346,28.32,-0.29,0.65,Myles Straw,22.29,664702,TOR,59.83,23.02,Sinker,SI,3.97,0.24,2182.02,81.57,93.83,57.49
R,0.17,207,31.4,-0.21,0.1,Myles Straw,13.34,664702,TOR,49.76,19.23,Slider,SL,22.5,0.07,2438.81,76.71,85.46,58.25
R,0.2,166,14.46,0.62,0.39,Myles Straw,10.7,664702,TOR,31.33,21.05,Changeup,CH,11.29,0.11,1710.74,75.96,84.57,73.08
R,0.15,131,26.72,-0.26,0.09,Myles Straw,8.44,664702,TOR,39.69,15.19,Sweeper,ST,25,0.15,2555.53,79.75,82.13,53.85
R,0.3,115,27.83,0.04,0.7,Myles Straw,7.41,664702,TOR,60.87,44.44,Cutter,FC,16.13,0.26,2373.44,74.44,89.21,60
R,0.31,58,36.21,-0.31,-0.98,Myles Straw,3.74,664702,TOR,41.38,17.65,Curveball,CU,26.67,0.3,2564.84,80.91,79.23,37.5
R,0.13,14,35.71,-0.72,0.18,Myles Straw,0.9,664702,TOR,35.71,55.56,Split-Finger,FS,14.29,0,1452.57,82.74,92.39,40
R,0.43,11,36.36,1.14,-0.65,Myles Straw,0.71,664702,TOR,36.36,28.57,Knuckle Curve,KC,50,0.67,2553.64,76.75,80.46,50
R,0.7,8,0,-0.2,1.45,Myles Straw,0.52,664702,TOR,0,0,Eephus,EP,0,0,1326.25,0,50.09,0
R,0.46,4,25,-1.13,-0.26,Myles Straw,0.26,664702,TOR,75,0,Slurve,SV,0,1,2746.75,96.9,82.6,66.67
R,0,2,0,-0.81,1.55,Myles Straw,0.13,664702,TOR,0,0,Other,FA,0,0,1897,0,73.2,0
R,0.31,773,22.9,-0.54,1.29,Nathan Lukes,35.12,664770,TOR,54.46,30.97,4-Seam Fastball,FF,12.09,0.28,2321.99,81.44,94.95,68.41
R,0.22,445,25.84,-0.34,0.61,Nathan Lukes,20.22,664770,TOR,55.51,28.28,Sinker,SI,11.96,0.14,2179.71,80.23,94.28,61.94
R,0.33,228,17.54,0.15,0.73,Nathan Lukes,10.36,664770,TOR,49.12,25,Cutter,FC,15.38,0.28,2405.62,78.32,90.8,78.57
R,0.33,199,28.64,0,0.14,Nathan Lukes,9.04,664770,TOR,47.24,37.14,Slider,SL,24,0.22,2344.52,81.28,86.05,64.89
R,0.29,197,13.2,-1.07,0.21,Nathan Lukes,8.95,664770,TOR,33.5,41.22,Changeup,CH,12.38,0.27,1636.02,78.77,86.56,77.27
R,0.25,126,30.95,0.72,-0.92,Nathan Lukes,5.72,664770,TOR,50,49.21,Curveball,CU,20.34,0.29,2601.22,80.34,79.97,44.44
R,0.28,102,15.69,-0.98,0.12,Nathan Lukes,4.63,664770,TOR,25.49,51.32,Split-Finger,FS,14.04,0.37,1440.3,77.12,87.5,69.23
R,0.24,92,27.17,0.66,0.03,Nathan Lukes,4.18,664770,TOR,39.13,35.71,Sweeper,ST,22.5,0.25,2710.5,81.1,81.92,55.56
R,0.41,26,23.08,0.58,-0.62,Nathan Lukes,1.18,664770,TOR,61.54,50,Knuckle Curve,KC,0,0.36,2381.42,91.52,83.37,56.25
R,0,6,33.33,-1.33,-0.46,Nathan Lukes,0.27,664770,TOR,16.67,20,Slurve,SV,100,0,2655.67,0,84.7,0
R,0,4,0,0.54,-0.68,Nathan Lukes,0.18,664770,TOR,0,100,Slow Curve,CS,0,0,2378.5,61.65,76.05,0
R,0,2,100,-0.66,-0.31,Nathan Lukes,0.09,664770,TOR,100,0,Knuckleball,KN,0,0,403,0,81.8,0
R,0,1,0,0,0,Nathan Lukes,0.05,664770,TOR,0,0,Unknown,UNK,0,0,0,0,0,0
R,0.36,706,27.2,-0.14,1.33,Vladimir Guerrero Jr.,25.34,665489,TOR,48.73,25.69,4-Seam Fastball,FF,15.67,0.34,2292.16,84.25,94.96,60.17
R,0.37,666,21.17,-0.8,0.67,Vladimir Guerrero Jr.,23.91,665489,TOR,52.25,25.47,Sinker,SI,4.64,0.36,2179.01,87.86,94.75,63.51
R,0.25,394,24.87,0.18,0.11,Vladimir Guerrero Jr.,14.14,665489,TOR,36.55,37.2,Slider,SL,27.08,0.13,2446.31,78.44,86.87,68.75
R,0.36,275,24.73,0.16,0.7,Vladimir Guerrero Jr.,9.87,665489,TOR,45.82,33.56,Cutter,FC,20.45,0.11,2337.11,83.03,89.7,65.08
R,0.34,248,22.58,0.19,0.37,Vladimir Guerrero Jr.,8.9,665489,TOR,34.68,37.65,Changeup,CH,27.13,0.29,1717.39,86.78,85.46,79.07
R,0.26,209,16.27,0.76,0.1,Vladimir Guerrero Jr.,7.5,665489,TOR,41.15,30.89,Sweeper,ST,18.75,0.18,2557.89,83.48,83.28,86.05
R,0.49,112,17.86,0.22,-0.95,Vladimir Guerrero Jr.,4.02,665489,TOR,41.07,39.39,Curveball,CU,18.18,0.3,2568.69,81.45,79.95,86.96
R,0.26,79,12.66,-0.83,0.34,Vladimir Guerrero Jr.,2.84,665489,TOR,41.77,30.43,Split-Finger,FS,20.45,0.1,1340.28,88.03,88.41,90.91
R,0.21,46,41.3,0.5,-0.6,Vladimir Guerrero Jr.,1.65,665489,TOR,60.87,33.33,Knuckle Curve,KC,48.15,0.12,2432.04,81.12,83.26,75
R,0,32,0,0,0,Vladimir Guerrero Jr.,1.15,665489,TOR,0,0,Unknown,UNK,0,0,0,0,0,0
R,0.55,15,13.33,-0.14,-0.42,Vladimir Guerrero Jr.,0.54,665489,TOR,26.67,18.18,Slurve,SV,0,0,2676.13,79.28,84.21,100
R,0,4,100,0.4,-0.7,Vladimir Guerrero Jr.,0.14,665489,TOR,0,100,Slow Curve,CS,100,0,2342.5,0,74.95,0
R,0.26,378,32.54,0.23,1.33,,37.57,676914,TOR,49.74,16.84,4-Seam Fastball,FF,32.21,0.05,2262.51,84.71,94.28,62.23
L,0.38,376,27.39,-0.49,1.29,,34.03,682818,TOR,57.18,30.43,4-Seam Fastball,FF,17.26,0.33,2352.62,82.78,94.8,68.84
R,0.23,165,24.85,-0.08,1.4,,25.15,672820,TOR,41.21,40.21,4-Seam Fastball,FF,13.1,0.17,2276.1,81.06,94.15,66.18
R,0.16,160,30.63,-0.09,0.13,,15.9,676914,TOR,43.75,26.67,Slider,SL,33.33,0,2386.23,83.71,86.15,55.71
L,0.25,142,25.35,-1.1,0.35,,12.85,682818,TOR,42.96,37.04,Changeup,CH,28.38,0.16,1785.39,81.89,87.04,72.13
R,0.42,127,29.13,-0.08,0.65,,12.62,676914,TOR,55.12,7.02,Sinker,SI,7.32,0.24,2173.67,84.78,93.25,52.86
L,0.34,127,29.92,-0.35,0.58,,11.49,682818,TOR,56.69,45.45,Sinker,SI,10.94,0.21,2208.64,86.85,94.16,54.17
R,0.35,122,26.23,-0.03,1.26,,32.19,649966,TOR,58.2,33.33,4-Seam Fastball,FF,9.38,0.17,2232.34,77.09,93.99,66.2
L,0.32,118,35.59,-0.03,0.19,,10.68,682818,TOR,54.24,35.19,Slider,SL,34.85,0.27,2354.61,90.54,85.14,73.44
L,0.5,108,20.37,0.27,0.78,,9.77,682818,TOR,37.96,38.81,Cutter,FC,23.21,0.39,2489.67,86.96,90.9,73.17
R,0.21,107,31.78,0.12,0.17,,16.31,672820,TOR,30.84,48.65,Slider,SL,30.36,0.17,2486.02,79.52,86.49,60.61
R,0.17,98,25.51,0.13,0.05,,9.74,676914,TOR,39.8,22.03,Sweeper,ST,28.57,0.08,2480.97,69.93,82.91,56.41
R,0.28,97,30.93,-0.63,0.67,,14.79,672820,TOR,59.79,46.15,Sinker,SI,11.54,0.26,2142.33,85.88,94.36,58.62
R,0.48,78,28.21,0.11,0.66,,11.89,672820,TOR,52.56,54.05,Cutter,FC,18.75,0.33,2355.1,82.56,88.48,68.29
R,0.39,76,36.84,0.06,0.7,,7.55,676914,TOR,51.32,8.11,Cutter,FC,36,0.2,2335.38,83.92,89.69,56.41
L,0.26,74,22.97,-0.14,1.34,,36.63,680718,TOR,45.95,42.5,4-Seam Fastball,FF,10.53,0.07,2307.59,81.13,95.93,61.76
L,0.2,73,39.73,0.2,0.02,,6.61,682818,TOR,38.36,42.22,Sweeper,ST,40,0.12,2576.85,75.72,82.52,57.14
L,0.24,72,11.11,-0.9,0.28,,6.52,682818,TOR,44.44,20,Split-Finger,FS,11.76,0.57,1257.32,83.85,85.61,81.25
R,0.09,66,24.24,0.64,0.1,,10.06,672820,TOR,36.36,42.86,Sweeper,ST,18.18,0.09,2543.61,81.97,82.96,62.5
R,0.39,63,23.81,0.89,0.53,,6.26,676914,TOR,42.86,38.89,Changeup,CH,17.65,0.32,1527.11,82.75,84.78,74.07
L,0.27,63,23.81,-0.66,1.25,,23.6,815873,TOR,63.49,39.13,4-Seam Fastball,FF,8.11,0.15,2303.78,87.68,95.38,70
R,0.3,62,11.29,-0.14,0.27,,16.36,649966,TOR,45.16,14.71,Slider,SL,7.69,0.36,2464.98,82.66,85.58,75
L,0.05,62,37.1,0.62,-1.03,,5.61,682818,TOR,37.1,38.46,Curveball,CU,42.86,0,2635.74,79.61,80.68,26.09
R,0.23,60,18.33,-0.1,-0.09,,15.83,649966,TOR,43.33,35.29,Sweeper,ST,3.57,0.29,2487.27,81.45,81.09,61.54
R,0.27,59,32.2,0.94,0.39,,8.99,672820,TOR,38.98,58.33,Changeup,CH,29.27,0.24,1703.34,86.62,84.28,86.96
R,0.33,57,33.33,-0.03,0.78,,15.04,649966,TOR,50.88,35.71,Sinker,SI,16.13,0.32,2190.28,82.95,94.56,72.41
R,0.16,53,20.75,-0.29,-0.94,,8.08,672820,TOR,26.42,51.28,Curveball,CU,27.59,0,2622.53,81.42,79.88,64.29
R,0.41,52,17.31,-0.06,1.39,,25.74,650391,TOR,40.38,22.58,4-Seam Fastball,FF,4.55,0.5,2208.56,86.79,95.01,71.43
R,0.39,51,21.57,0.41,0.31,,13.46,649966,TOR,43.14,31.03,Changeup,CH,23.08,0.42,1671.27,74.89,85.89,77.27
R,0.14,50,34,-0.41,-0.96,,4.97,676914,TOR,50,20,Curveball,CU,13.33,0.17,2467.16,83.45,79.65,40
L,0.16,49,40.82,-0.47,1.31,,31.21,682729,TOR,71.43,14.29,4-Seam Fastball,FF,21.05,0.29,2266.47,79.58,94.9,48.57
R,0.06,46,23.91,1.18,0.55,,44.66,663662,TOR,50,0,Sinker,SI,0,0,2266.33,78.77,93.14,56.52
L,0.33,41,29.27,0.02,0.1,,15.36,815873,TOR,41.46,33.33,Slider,SL,33.33,0,2307.49,82,87.51,58.82
L,0.19,37,10.81,-1.12,0.61,,18.32,680718,TOR,29.73,42.31,Sinker,SI,0,0,2201.32,89.49,94.55,81.82
L,0.53,37,18.92,-0.58,0.6,,23.57,682729,TOR,32.43,12,Sinker,SI,30,0.75,2139.62,89.37,94.2,58.33
L,0.07,35,34.29,0.09,0.51,,13.11,815873,TOR,51.43,23.53,Cutter,FC,33.33,0,2344.37,103.8,87.63,44.44
R,0.05,33,39.39,0.24,-0.35,,3.28,676914,TOR,36.36,33.33,Knuckle Curve,KC,45.45,0,2428.3,94.65,84.68,33.33
R,0.23,31,19.35,0.2,0.05,,15.35,650391,TOR,45.16,41.18,Slider,SL,21.05,0.58,2415.52,88.99,87.7,85.71
L,0.26,31,35.48,-1,0.51,,11.61,815873,TOR,74.19,25,Sinker,SI,33.33,0.29,2147.97,83.47,94.5,82.61
L,0.1,30,40,0.6,-0.1,,11.24,815873,TOR,40,27.78,Sweeper,ST,44.44,0,2626.4,78.52,83.89,33.33
R,0.08,29,55.17,-0.23,0.5,,14.36,650391,TOR,51.72,28.57,Sinker,SI,45.45,0,2145,73.6,93.93,46.67
L,0.16,27,18.52,0.45,-0.67,,2.44,682818,TOR,37.04,11.76,Knuckle Curve,KC,22.22,0.2,2343.37,82.73,83.2,70
L,0.12,26,23.08,-0.52,-0.06,,16.56,682729,TOR,26.92,52.63,Changeup,CH,35.29,0,1521.65,80.61,87.31,100
L,0.58,25,20,0.32,-0.96,,12.38,680718,TOR,32,29.41,Curveball,CU,25,0,2741.64,71.07,79.14,37.5
R,0,24,50,0.07,0.56,,11.88,650391,TOR,16.67,70,Cutter,FC,66.67,0,2175.58,70.87,88.58,100
R,0.35,24,33.33,0.12,1.4,,23.3,663662,TOR,50,50,4-Seam Fastball,FF,28.57,0.17,2346.21,79,93.6,66.67
L,0.28,24,16.67,-0.01,0.79,,11.88,680718,TOR,25,27.78,Cutter,FC,22.22,0,2314.25,74.8,91.7,66.67
L,0.14,24,25,-1.12,0.14,,8.99,815873,TOR,33.33,43.75,Changeup,CH,35.71,0.2,1778.96,87.74,87.74,87.5
R,0.28,22,27.27,-0.25,-1.06,,10.89,650391,TOR,40.91,30.77,Curveball,CU,36.36,0,2358,70.24,76.99,77.78
R,0.25,22,27.27,1.22,0.36,,10.89,650391,TOR,18.18,66.67,Sweeper,ST,28.57,0.25,2472.64,77.88,82.66,50
L,0.35,22,22.73,-0.84,0.27,,10.89,680718,TOR,22.73,23.53,Changeup,CH,60,0,1835.91,37.3,88.4,20
R,0.09,20,15,0.15,-1.21,,5.28,649966,TOR,30,21.43,Curveball,CU,11.11,0,2932.7,70.85,80.82,100
L,0,18,61.11,0.95,-0.71,,6.74,815873,TOR,44.44,40,Curveball,CU,88.89,0,2731.17,107.8,79.82,62.5
R,0.59,14,0,1.13,0.04,,13.59,663662,TOR,78.57,33.33,Changeup,CH,0,0.43,1893.64,88.21,83.84,100
R,0,14,42.86,-0.85,0.38,,13.59,663662,TOR,50,14.29,Sweeper,ST,66.67,0,2462.93,67.5,81.74,71.43
L,0.32,14,0,-0.19,0.29,,8.92,682729,TOR,35.71,22.22,Slider,SL,0,0.33,2330.14,75.74,88.24,100
R,0.39,13,30.77,-0.98,0.33,,1.98,672820,TOR,15.38,72.73,Split-Finger,FS,20,0.33,1594.69,82.14,86.2,100
L,0,13,23.08,0.2,0.02,,6.44,680718,TOR,0,23.08,Slider,SL,100,0,2586.54,0,83.73,0
L,0,13,30.77,0.12,-0.2,,4.87,815873,TOR,38.46,12.5,Knuckle Curve,KC,33.33,0,2585.92,0,84.77,40
R,0.17,12,16.67,0.8,0.82,,5.94,650391,TOR,91.67,100,Changeup,CH,20,0,1329.33,88.11,82.65,81.82
R,0.13,10,10,0.86,-0.69,,1.52,672820,TOR,60,75,Knuckle Curve,KC,0,0,2422,76.01,82.79,83.33
R,0.27,10,30,-0.83,-0.02,,0.99,676914,TOR,50,60,Split-Finger,FS,28.57,0.5,1110.8,96.7,86.64,80
L,0.23,10,20,0,0.76,,6.37,682729,TOR,10,33.33,Cutter,FC,50,0,2318.8,103.7,89.61,100
L,0,10,50,0.28,-0.58,,6.37,682729,TOR,60,50,Knuckle Curve,KC,40,0,2447.1,65.2,82.73,50
L,0.36,10,0,-0.73,0.23,,3.75,815873,TOR,0,40,Split-Finger,FS,0,1,1185.8,97.1,87.92,0
R,0.7,9,33.33,0.16,-0.65,,4.46,650391,TOR,33.33,0,Knuckle Curve,KC,100,0,2432.56,0,84.69,33.33
R,0.62,8,12.5,-0.2,1.35,,0.8,676914,TOR,37.5,20,Eephus,EP,0,1,1312,94,50.24,100
L,0.26,6,50,-0.48,-0.2,,3.82,682729,TOR,100,0,Sweeper,ST,0,0.4,2401.33,93.77,80.95,50
R,0,4,0,0.48,-0.94,,1.06,649966,TOR,0,50,Knuckle Curve,KC,0,0,2150.5,0,86.6,0
R,0.04,4,0,-0.12,1.38,,0.61,672820,TOR,0,50,Eephus,EP,0,0,1320.5,75,51.25,0
L,0.75,4,25,0.22,-1.24,,1.98,680718,TOR,50,0,Knuckle Curve,KC,0,0,2521.25,108.1,79.6,50
R,0,3,0,-0.19,0.55,,0.79,649966,TOR,66.67,100,Cutter,FC,0,0,2081,78.53,84.33,100
R,0.35,3,33.33,-0.19,0.29,,2.91,663662,TOR,100,0,Cutter,FC,0,1,2185.67,60,89.23,66.67
L,0,3,100,1.11,0.54,,1.49,680718,TOR,100,0,Sweeper,ST,0,0,2485.67,0,80.83,0
L,0,3,0,-0.38,-0.42,,1.91,682729,TOR,66.67,0,Knuckleball,KN,0,0,348.67,84.9,80.67,100
R,0,2,100,-1.39,0.55,,0.3,672820,TOR,100,0,Other,FA,0,0,1740,0,68.1,0
R,0.52,2,0,0.33,-0.09,,0.3,672820,TOR,0,100,Slurve,SV,0,1,2373,89.6,86.8,0
R,0,2,50,0.82,-0.51,,0.2,676914,TOR,50,0,Slurve,SV,0,0,2918,0,80.65,0
L,0,2,0,0.92,0.01,,1.27,682729,TOR,0,0,Split-Finger,FS,0,0,1132,0,84.1,0
L,0,2,100,0.48,-0.67,,0.75,815873,TOR,100,0,Slow Curve,CS,100,0,2418,0,74,100
R,0,1,0,-1.23,1.09,,0.5,650391,TOR,0,0,Split-Finger,FS,0,0,1617,0,88.4,0
R,0,1,0,-0.59,0.2,,0.97,663662,TOR,100,0,Slider,SL,0,0,2604,56,88,100
R,0,1,0,0.68,0.1,,0.97,663662,TOR,0,100,Split-Finger,FS,0,0,847,30.5,85,0
R,0.24,1,0,-0.77,1.39,,0.1,676914,TOR,100,0,Other,FA,0,0,1894,95.1,73.8,100
R,0.52,154,23.38,-0.61,1.28,Abimelec Ortiz,32.08,694673,WSN,57.14,33.33,4-Seam Fastball,FF,20,0.36,2364.05,89.45,95.39,71.59
R,0.28,67,20.9,-1.02,0.67,Abimelec Ortiz,13.96,694673,WSN,44.78,24.32,Sinker,SI,7.41,0,2256.57,82.22,94.01,60
R,0.31,58,27.59,0.23,-0.22,Abimelec Ortiz,12.08,694673,WSN,48.28,53.33,Slider,SL,30.77,0.29,2383.05,88.7,85.59,82.14
R,0.23,50,34,0.35,0.1,Abimelec Ortiz,10.42,694673,WSN,40,53.33,Sweeper,ST,19.23,0.15,2746.04,87.24,81.81,50
R,0.23,44,25,-1.22,0.25,Abimelec Ortiz,9.17,694673,WSN,40.91,19.23,Changeup,CH,25,0.25,1573.82,84.58,86.25,61.11
R,0.2,41,24.39,0.15,0.62,Abimelec Ortiz,8.54,694673,WSN,41.46,25,Cutter,FC,17.65,0,2420.22,87.9,89.16,64.71
R,0.06,38,21.05,-0.97,0.16,Abimelec Ortiz,7.92,694673,WSN,42.11,36.36,Split-Finger,FS,27.27,0,1352.84,86.07,87.14,87.5
R,0.04,18,38.89,0.59,-0.87,Abimelec Ortiz,3.75,694673,WSN,27.78,30.77,Curveball,CU,50,0,2721.89,65.9,79.67,0
R,1.84,8,50,1.22,-0.72,Abimelec Ortiz,1.67,694673,WSN,75,0,Knuckle Curve,KC,0,1,2615.75,106.8,78.38,33.33
R,0,2,50,-0.74,-0.08,Abimelec Ortiz,0.42,694673,WSN,0,50,Forkball,FO,100,0,1251,0,84.15,0
R,0.35,41,41.46,0.02,1.13,Andrew Pinckney,32.28,687605,WSN,63.41,6.67,4-Seam Fastball,FF,33.33,0.29,2318.24,94.8,94.39,65.38
R,0.47,19,57.89,0.04,0.25,Andrew Pinckney,14.96,687605,WSN,47.37,0,Slider,SL,100,0,2378.58,0,88.51,55.56
R,0.29,18,38.89,-0.6,0.33,Andrew Pinckney,14.17,687605,WSN,50,22.22,Sweeper,ST,20,0,2439.67,65.6,80.35,33.33
R,0.25,14,14.29,1.18,0.34,Andrew Pinckney,11.02,687605,WSN,28.57,0,Changeup,CH,0,0,1748.14,83.45,86.27,100
R,0.06,12,16.67,0.31,0.81,Andrew Pinckney,9.45,687605,WSN,50,33.33,Cutter,FC,0,0,2534,77.3,88.15,66.67
R,0.94,12,0,0.49,0.78,Andrew Pinckney,9.45,687605,WSN,33.33,0,Sinker,SI,0,1,2330.17,109.65,94.73,100
R,0,9,22.22,-0.66,0.51,Andrew Pinckney,7.09,687605,WSN,11.11,37.5,Split-Finger,FS,50,0,1442.22,63.3,84.86,100
R,0,2,0,0.61,-0.74,Andrew Pinckney,1.57,687605,WSN,0,0,Curveball,CU,0,0,2914,0,79.6,0
R,0.62,209,24.88,0.29,1.26,Andrés Chaparro,22.79,665953,WSN,54.07,44.79,4-Seam Fastball,FF,20,0.4,2286.04,87.91,93.8,76.99
R,0.32,170,27.65,1.15,0.42,Andrés Chaparro,18.54,665953,WSN,37.06,28.97,Changeup,CH,38.16,0.15,1715.95,79.73,84.67,71.43
R,0.22,122,43.44,0.11,0.03,Andrés Chaparro,13.3,665953,WSN,36.89,31.17,Sweeper,ST,63.83,0.17,2564.69,92.41,82.38,51.11
R,0.27,115,30.43,0.86,0.65,Andrés Chaparro,12.54,665953,WSN,57.39,32.65,Sinker,SI,14.29,0.23,2173.48,87.05,93.66,60.61
R,0.45,106,27.36,-0.02,0.16,Andrés Chaparro,11.56,665953,WSN,31.13,21.92,Slider,SL,50,0.13,2383.24,95.63,85.34,84.85
R,0.42,75,20,-0.19,-0.77,Andrés Chaparro,8.18,665953,WSN,41.33,13.64,Curveball,CU,8.33,0.5,2521.99,79.82,79.86,58.06
R,0.31,59,20.34,0.04,0.62,Andrés Chaparro,6.43,665953,WSN,37.29,29.73,Cutter,FC,14.29,0.25,2282.34,83.15,88.26,77.27
R,0,33,39.39,0.09,0.48,Andrés Chaparro,3.6,665953,WSN,33.33,40.91,Split-Finger,FS,65,0,1236.76,74.93,83.9,100
R,0.02,12,66.67,-1.24,-0.24,Andrés Chaparro,1.31,665953,WSN,66.67,0,Slurve,SV,50,0,2392.17,47.8,79.2,50
R,0.7,10,0,1.11,1.13,Andrés Chaparro,1.09,665953,WSN,20,0,Other,FA,0,0,1682.8,62,71.12,100
R,0,6,0,-0.08,-0.32,Andrés Chaparro,0.65,665953,WSN,0,16.67,Knuckle Curve,KC,0,0,2329.67,0,83.35,0
R,0.34,377,34.22,-0.11,1.35,Brady House,24.77,691781,WSN,55.44,36.31,4-Seam Fastball,FF,30.1,0.18,2352.9,84.88,94.98,69.38
R,0.35,326,26.69,-0.41,0.63,Brady House,21.42,691781,WSN,55.52,31.72,Sinker,SI,12.73,0.19,2200.12,86.22,94.02,65.75
R,0.21,216,34.72,0.18,0.16,Brady House,14.19,691781,WSN,44.91,34.45,Slider,SL,44.35,0.32,2424.36,81.96,86.78,76.29
R,0.4,215,22.79,0.48,0.07,Brady House,14.13,691781,WSN,34.88,30.71,Sweeper,ST,31.07,0.22,2640.73,81.46,82.86,80
R,0.22,146,28.08,0.76,0.29,Brady House,9.59,691781,WSN,20.55,48.28,Changeup,CH,44.58,0.18,1781.1,70.3,85.39,90
R,0.3,114,28.07,0.14,0.6,Brady House,7.49,691781,WSN,48.25,28.81,Cutter,FC,32.76,0.35,2387.25,81.76,89.64,74.55
R,0.15,65,32.31,0.32,-0.75,Brady House,4.27,691781,WSN,41.54,31.58,Curveball,CU,34.48,0.1,2663.46,80.59,82.65,62.96
R,0.36,33,15.15,-0.63,0.37,Brady House,2.17,691781,WSN,42.42,47.37,Split-Finger,FS,21.74,0.2,1390.82,87.64,86.23,100
R,0.04,21,23.81,0.39,-0.82,Brady House,1.38,691781,WSN,38.1,23.08,Knuckle Curve,KC,25,0,2589.62,59.35,83.33,62.5
R,1.75,6,16.67,0.58,-0.49,Brady House,0.39,691781,WSN,50,0,Slurve,SV,0,1,2165.83,104.6,82.9,66.67
R,0,2,0,0,0,Brady House,0.13,691781,WSN,0,0,Unknown,UNK,0,0,0,0,0,0
R,0.49,1,0,-0.12,1.88,Brady House,0.07,691781,WSN,0,100,Eephus,EP,0,1,996,88.7,39.2,0
R,0.39,876,25.68,-0.39,1.27,CJ Abrams,27.11,682928,WSN,48.17,28.41,4-Seam Fastball,FF,21.85,0.32,2312.92,82.3,94.74,69.19
R,0.38,506,29.25,0.27,0.66,CJ Abrams,15.66,682928,WSN,59.09,31.4,Sinker,SI,9.28,0.25,2179.96,83.2,93.59,57.53
R,0.34,506,30.24,0.01,0.11,CJ Abrams,15.66,682928,WSN,38.74,39.35,Slider,SL,37.08,0.28,2381.61,84.15,85.87,73.98
R,0.35,331,26.28,-0.81,0.39,CJ Abrams,10.24,682928,WSN,39.27,46.77,Changeup,CH,31.82,0.22,1740.72,84.58,85.89,80
R,0.29,291,30.58,0.44,-0.77,CJ Abrams,9.01,682928,WSN,36.43,40,Curveball,CU,35.04,0.29,2585.79,82.75,80.59,59.43
R,0.2,257,32.68,0.26,0.06,CJ Abrams,7.95,682928,WSN,44.75,43.66,Sweeper,ST,32.14,0.13,2602.6,86.43,82.7,67.83
R,0.36,232,28.02,0.12,0.62,CJ Abrams,7.18,682928,WSN,45.26,40.16,Cutter,FC,22.95,0.38,2384.99,82.17,89.76,67.62
R,0.31,110,21.82,-0.69,0.29,CJ Abrams,3.4,682928,WSN,31.82,36,Split-Finger,FS,33.93,0.27,1404.39,81.89,86.7,82.86
R,0.32,72,36.11,0.58,-0.84,CJ Abrams,2.23,682928,WSN,36.11,34.78,Knuckle Curve,KC,36.67,0.25,2576.14,93.05,82.02,53.85
R,0.42,24,29.17,-0.49,-0.32,CJ Abrams,0.74,682928,WSN,45.83,38.46,Slurve,SV,25,0.57,2338.38,87.72,82.16,63.64
R,0,13,0,0,0,CJ Abrams,0.4,682928,WSN,0,0,Unknown,UNK,0,0,0,0,0,0
R,0,6,33.33,-0.26,-0.24,CJ Abrams,0.19,682928,WSN,33.33,50,Forkball,FO,50,0,488,72.8,85.23,100
R,0.51,5,0,-0.28,1.45,CJ Abrams,0.15,682928,WSN,60,50,Eephus,EP,0,0.67,976.6,99.45,42.12,100
R,0,2,0,-1.15,1.06,CJ Abrams,0.06,682928,WSN,0,0,Other,FA,0,0,1704,0,72.75,0
R,0.31,1003,21.34,-0.36,1.28,Daylen Lile,32.69,695734,WSN,47.66,31.24,4-Seam Fastball,FF,21.05,0.22,2315.94,81.58,94.78,80.96
R,0.38,383,20.63,0.05,0.63,Daylen Lile,12.48,695734,WSN,57.96,28.57,Sinker,SI,10.38,0.24,2196.99,82.16,93.97,74.77
R,0.25,376,31.91,0.06,0.03,Daylen Lile,12.26,695734,WSN,44.95,51.21,Slider,SL,29.65,0.26,2399.41,80.1,85.85,71.01
R,0.29,372,15.59,-1,0.4,Daylen Lile,12.13,695734,WSN,28.76,49.81,Changeup,CH,19.82,0.22,1766.27,82.66,86.38,88.79
R,0.37,250,25.6,0.1,0.63,Daylen Lile,8.15,695734,WSN,52.8,38.98,Cutter,FC,20.67,0.3,2370.18,83.34,89.94,78.79
R,0.29,250,25.6,0.2,0.05,Daylen Lile,8.15,695734,WSN,41.6,33.56,Sweeper,ST,25.64,0.21,2601.78,81.19,83.15,65.38
R,0.36,198,30.81,0.46,-0.79,Daylen Lile,6.45,695734,WSN,51.01,39.18,Curveball,CU,21.36,0.34,2577.08,86.1,80.61,64.36
R,0.29,138,26.81,-0.83,0.33,Daylen Lile,4.5,695734,WSN,36.23,54.55,Split-Finger,FS,29.07,0.33,1389.18,81.98,86.75,76
R,0.32,40,30,0.83,-0.86,Daylen Lile,1.3,695734,WSN,45,50,Knuckle Curve,KC,21.05,0.18,2582.57,90.64,80.79,44.44
R,0.49,32,31.25,-0.26,-0.44,Daylen Lile,1.04,695734,WSN,50,43.75,Slurve,SV,23.53,0.36,2426.25,87.52,81.65,62.5
R,0,9,0,0,0,Daylen Lile,0.29,695734,WSN,0,11.11,Unknown,UNK,0,0,0,0,0,0
R,0.13,8,25,-0.12,-0.23,Daylen Lile,0.26,695734,WSN,25,0,Forkball,FO,0,0,746,70.3,84.92,100
R,0.86,8,0,0.46,1.21,Daylen Lile,0.26,695734,WSN,25,33.33,Other,FA,0,1,1547.75,98.3,65.03,100
R,0,1,0,-0.03,2.34,Daylen Lile,0.03,695734,WSN,100,0,Eephus,EP,0,0,874,67.6,34.9,100
R,0.33,485,24.33,-0.15,1.29,Dylan Crews,26.53,686611,WSN,51.55,38.3,4-Seam Fastball,FF,22.46,0.2,2302.74,84.9,94.54,78
R,0.33,408,20.34,-0.53,0.67,Dylan Crews,22.32,686611,WSN,52.7,23.32,Sinker,SI,7.07,0.21,2199.2,85.01,94.28,71.16
R,0.36,291,39.18,0.23,0.1,Dylan Crews,15.92,686611,WSN,42.61,35.33,Slider,SL,51.41,0.29,2413.15,80.67,86.34,66.94
R,0.36,186,35.48,0.77,0.05,Dylan Crews,10.18,686611,WSN,48.39,26.04,Sweeper,ST,38.89,0.18,2583.92,85.62,83.14,72.22
R,0.21,169,33.14,0.28,0.4,Dylan Crews,9.25,686611,WSN,39.64,34.31,Changeup,CH,45.24,0.2,1748.31,75.09,84.96,73.13
R,0.35,169,23.67,0.11,0.62,Dylan Crews,9.25,686611,WSN,49.7,27.06,Cutter,FC,25.53,0.22,2348.08,82.82,89.72,84.52
R,0.22,49,28.57,-0.07,-0.83,Dylan Crews,2.68,686611,WSN,20.41,43.59,Curveball,CU,48,0.36,2550.49,91.06,79.9,80
R,0.28,30,36.67,-0.41,0.33,Dylan Crews,1.64,686611,WSN,50,53.33,Split-Finger,FS,42.86,0.13,1211.63,80.31,85.75,86.67
R,0,13,46.15,-0.26,-0.57,Dylan Crews,0.71,686611,WSN,61.54,0,Slurve,SV,100,0,2561.23,0,80.45,25
R,0.86,12,0,0.32,1.3,Dylan Crews,0.66,686611,WSN,0,33.33,Other,FA,0,1,1437,88.4,60.42,0
R,0,8,0,-0.03,-0.7,Dylan Crews,0.44,686611,WSN,0,0,Knuckle Curve,KC,0,0,2288.5,0,84.95,0
R,0.87,4,50,-0.66,1.14,Dylan Crews,0.22,686611,WSN,0,50,Eephus,EP,0,0,1102,99.8,49.7,0
R,0.73,4,0,0,0,Dylan Crews,0.22,686611,WSN,0,0,Unknown,UNK,0,0,0,0,0,0
R,0.34,194,28.35,0.18,1.26,Harry Ford,37.31,695670,WSN,56.7,9.52,4-Seam Fastball,FF,28.74,0.1,2256.26,77.91,94.36,71.82
R,0.18,100,36,-0.39,0.72,Harry Ford,19.23,695670,WSN,51,16.33,Sinker,SI,22.86,0.12,2143,81.15,94.56,52.94
R,0.08,64,29.69,0.11,0.14,Harry Ford,12.31,695670,WSN,50,9.38,Slider,SL,30.43,0,2323.92,70.67,85.7,62.5
R,0.77,36,11.11,0.01,0.24,Harry Ford,6.92,695670,WSN,41.67,0,Sweeper,ST,0,0.71,2524.53,88.63,83.03,73.33
R,0.03,35,17.14,0.1,0.61,Harry Ford,6.73,695670,WSN,42.86,10,Cutter,FC,15.38,0,2307.31,67.44,88.47,73.33
R,0.21,30,40,1.11,0.42,Harry Ford,5.77,695670,WSN,40,44.44,Changeup,CH,37.5,0.67,1732.2,73,85.39,66.67
R,0.24,23,26.09,-0.36,-0.88,Harry Ford,4.42,695670,WSN,47.83,41.67,Curveball,CU,23.08,0.36,2491.48,71.06,80.36,72.73
R,0,14,42.86,0.1,-0.38,Harry Ford,2.69,695670,WSN,28.57,20,Knuckle Curve,KC,100,0,2457.57,0,84.99,0
R,0.03,12,25,-0.32,0.29,Harry Ford,2.31,695670,WSN,41.67,14.29,Split-Finger,FS,25,0,988.33,99.8,83.06,60
R,0,6,66.67,-1.01,-0.19,Harry Ford,1.15,695670,WSN,66.67,0,Forkball,FO,100,0,1170,0,84.07,100
R,0.31,2,0,1.15,0.92,Harry Ford,0.38,695670,WSN,100,0,Other,FA,0,1,1620,74.5,68.4,100
R,0,2,0,0.75,1.38,Harry Ford,0.38,695670,WSN,0,0,Pitch Out,PO,0,0,2151,0,87.5,0
R,0,2,0,0,0,Harry Ford,0.38,695670,WSN,0,0,Unknown,UNK,0,0,0,0,0,0
R,0.39,634,34.23,-0.17,1.33,Jacob Young,27.35,696285,WSN,56.47,23.55,4-Seam Fastball,FF,13.71,0.28,2320.05,84.91,94.58,51.12
R,0.29,502,29.08,-0.62,0.67,Jacob Young,21.66,696285,WSN,55.98,24.43,Sinker,SI,6.42,0.23,2196.19,85.93,94.07,58.36
R,0.29,304,26.97,0.16,0.1,Jacob Young,13.11,696285,WSN,46.05,24.39,Slider,SL,25,0.15,2399.77,81.35,86.23,71.43
R,0.22,279,32.62,0.7,0.08,Jacob Young,12.04,696285,WSN,46.24,25.33,Sweeper,ST,31.86,0.17,2577.08,77.3,82.48,58.14
R,0.32,209,29.67,0.57,0.31,Jacob Young,9.02,696285,WSN,43.06,39.5,Changeup,CH,30.36,0.22,1691.47,79.84,85.35,72.22
R,0.41,194,32.99,0.12,0.59,Jacob Young,8.37,696285,WSN,57.22,24.1,Cutter,FC,25,0.32,2385.62,80.85,89.14,64.86
R,0.29,105,25.71,0.22,-0.77,Jacob Young,4.53,696285,WSN,40,26.98,Curveball,CU,30.23,0.26,2500.89,87.8,80.98,61.9
R,0.32,40,40,-0.34,0.39,Jacob Young,1.73,696285,WSN,40,41.67,Split-Finger,FS,25,0.42,1325.52,87.11,87.23,37.5
R,0.38,28,25,0.43,-0.73,Jacob Young,1.21,696285,WSN,17.86,47.83,Knuckle Curve,KC,40,0.43,2567.61,72.7,82.69,80
R,0.12,15,13.33,-0.37,-0.29,Jacob Young,0.65,696285,WSN,33.33,20,Slurve,SV,0,0,2467.73,88.5,81.23,60
R,0.3,4,50,-0.49,1.04,Jacob Young,0.17,696285,WSN,0,50,Eephus,EP,0,0,1106.5,96.8,50.55,0
R,0.2,4,0,0.53,0.72,Jacob Young,0.17,696285,WSN,50,0,Other,FA,0,0,1939.5,96.6,67.8,100
R,0.3,509,17.09,-0.56,1.27,Jorbit Vivas,32.63,678391,WSN,44.99,21.43,4-Seam Fastball,FF,8.7,0.22,2331.22,77.28,95.16,74.24
R,0.26,224,22.77,-0.55,0.54,Jorbit Vivas,14.36,678391,WSN,61.16,21.84,Sinker,SI,6.9,0.26,2184.25,76.84,94.36,70.8
R,0.25,173,17.92,0.24,0.07,Jorbit Vivas,11.09,678391,WSN,52.6,37.8,Slider,SL,17.43,0.17,2445.15,78.41,86.91,85.71
R,0.21,161,27.33,-0.99,0.28,Jorbit Vivas,10.32,678391,WSN,34.16,41.51,Changeup,CH,40.66,0.18,1660.2,79.36,87,85.45
R,0.36,149,14.77,0.12,0.65,Jorbit Vivas,9.55,678391,WSN,48.99,31.58,Cutter,FC,7.06,0.28,2405.94,80.33,89.97,83.56
R,0.3,106,28.3,0.69,-0.86,Jorbit Vivas,6.79,678391,WSN,44.34,27.12,Curveball,CU,30.61,0.22,2566.42,78.48,79.9,70.21
R,0.27,99,22.22,0.76,0.09,Jorbit Vivas,6.35,678391,WSN,44.44,25.45,Sweeper,ST,14.29,0.21,2629.1,77.04,82.79,63.64
R,0.25,82,31.71,-0.86,0.4,Jorbit Vivas,5.26,678391,WSN,37.8,43.14,Split-Finger,FS,34.09,0.17,1385.87,82.8,85.41,70.97
R,0.42,35,11.43,0.59,-0.93,Jorbit Vivas,2.24,678391,WSN,25.71,26.92,Knuckle Curve,KC,25,0.31,2602.34,74.35,82.8,100
R,0.7,7,0,-0.37,0.97,Jorbit Vivas,0.45,678391,WSN,14.29,33.33,Other,FA,0,0,1315.86,55.4,64.34,100
R,0,6,0,0.25,-0.02,Jorbit Vivas,0.38,678391,WSN,0,0,Forkball,FO,0,0,570,0,85.4,0
R,0,4,0,0,0,Jorbit Vivas,0.26,678391,WSN,0,0,Unknown,UNK,0,0,0,0,0,0
R,0.78,2,0,-0.47,1.39,Jorbit Vivas,0.13,678391,WSN,0,100,Eephus,EP,0,1,1104,70.7,49.6,0
R,0,2,0,1.09,-1.01,Jorbit Vivas,0.13,678391,WSN,0,0,Slow Curve,CS,0,0,2579,0,70.9,0
R,0,1,0,0.41,-0.4,Jorbit Vivas,0.06,678391,WSN,100,0,Slurve,SV,0,0,2384,0,85.2,100
R,0.31,505,24.16,-0.56,1.31,José Tena,30.76,677588,WSN,54.26,25.97,4-Seam Fastball,FF,21.21,0.24,2337.51,84.8,95.05,74.45
R,0.23,265,26.42,-1.19,0.26,José Tena,16.14,677588,WSN,38.11,35.98,Changeup,CH,39.04,0.2,1802.71,80.49,87.01,86.14
R,0.45,224,24.11,-0.78,0.56,José Tena,13.64,677588,WSN,51.34,17.43,Sinker,SI,15.22,0.34,2191.34,87.4,93.68,63.48
R,0.24,199,39.7,0.3,0.05,José Tena,12.12,677588,WSN,43.72,34.82,Slider,SL,46.07,0.24,2420.3,88.35,86.13,57.47
R,0.22,124,37.9,0.81,-0.84,José Tena,7.55,677588,WSN,42.74,32.39,Curveball,CU,34.62,0.23,2562.94,80.66,79.54,54.72
R,0.3,124,40.32,0.73,0.06,José Tena,7.55,677588,WSN,43.55,28.57,Sweeper,ST,45.24,0.15,2586.92,78.87,83.85,40.74
R,0.3,85,36.47,0.06,0.76,José Tena,5.18,677588,WSN,54.12,30.77,Cutter,FC,32.56,0.24,2366.32,90.65,90.33,67.39
R,0.52,65,29.23,-0.92,0.22,José Tena,3.96,677588,WSN,30.77,28.89,Split-Finger,FS,40,0.33,1412.22,90.78,87.24,60
R,0,24,41.67,0.74,-0.87,José Tena,1.46,677588,WSN,25,44.44,Knuckle Curve,KC,66.67,0,2643.04,64.6,81.56,66.67
R,0,12,33.33,-0.69,0.03,José Tena,0.73,677588,WSN,16.67,40,Forkball,FO,66.67,0,930.17,52.3,84.42,100
R,0.57,8,37.5,0.05,1.1,José Tena,0.49,677588,WSN,62.5,66.67,Other,FA,0,0.67,1692.12,99.35,72.59,40
R,0,5,60,1.23,-0.84,José Tena,0.3,677588,WSN,60,50,Slurve,SV,50,0,3003.8,72.1,80.6,33.33
R,0,2,0,0,0,José Tena,0.12,677588,WSN,0,0,Unknown,UNK,0,0,0,0,0,0
R,0.31,412,14.81,-0.33,1.25,Keibert Ruiz,28.39,660688,WSN,55.1,34.05,4-Seam Fastball,FF,5.35,0.26,2294,83.77,94.62,79.3
R,0.35,211,21.8,-0.19,0.55,Keibert Ruiz,14.54,660688,WSN,51.18,26.21,Sinker,SI,9.09,0.34,2197.99,89.69,94.13,66.67
R,0.28,200,26,0.08,0.13,Keibert Ruiz,13.78,660688,WSN,50.5,43.43,Slider,SL,16.07,0.37,2338.15,77.71,86.03,68.32
R,0.21,195,24.62,-0.28,0.34,Keibert Ruiz,13.44,660688,WSN,40,41.88,Changeup,CH,25.71,0.24,1801.69,81.86,86.27,71.79
R,0.27,124,21.77,0.06,0.61,Keibert Ruiz,8.55,660688,WSN,49.19,34.92,Cutter,FC,4.92,0.3,2400.98,83.36,89.7,63.93
R,0.24,115,33.04,0.39,-0.78,Keibert Ruiz,7.93,660688,WSN,54.78,34.62,Curveball,CU,8.7,0.2,2582.41,79.78,80.24,44.44
R,0.25,104,32.69,0.19,0.12,Keibert Ruiz,7.17,660688,WSN,52.88,38.78,Sweeper,ST,15.56,0.19,2599.41,84.23,82.59,47.27
R,0.23,62,30.65,-0.86,0.19,Keibert Ruiz,4.27,660688,WSN,40.32,54.05,Split-Finger,FS,23.53,0.32,1463.89,75.88,86.51,56
R,0.3,12,25,-0.5,-0.34,Keibert Ruiz,0.83,660688,WSN,58.33,20,Slurve,SV,0,0.25,2407.83,86.42,81.99,57.14
R,0.13,8,25,0.24,-0.76,Keibert Ruiz,0.55,660688,WSN,50,50,Knuckle Curve,KC,0,0,2370.12,87.9,85.58,50
R,0,8,0,0,0,Keibert Ruiz,0.55,660688,WSN,0,0,Unknown,UNK,0,0,0,0,0,0
R,0.29,1126,21.58,-0.29,1.28,Nasim Nuñez,40.87,683083,WSN,53.29,23.38,4-Seam Fastball,FF,15.13,0.19,2309.94,79.28,94.53,75.33
R,0.3,394,30.96,-0.22,0.45,Nasim Nuñez,14.3,683083,WSN,59.64,5.03,Sinker,SI,8.44,0.14,2180.01,82.72,92.97,62.13
R,0.24,328,24.7,-0.2,0.33,Nasim Nuñez,11.91,683083,WSN,40.55,41.54,Changeup,CH,25.7,0.23,1777.14,76.53,86.09,73.68
R,0.24,261,36.02,0.19,0.08,Nasim Nuñez,9.47,683083,WSN,52.49,33.06,Slider,SL,26.45,0.16,2428.6,79.14,86.1,58.39
R,0.35,195,33.33,0.05,0.66,Nasim Nuñez,7.08,683083,WSN,50.77,16.67,Cutter,FC,26.67,0.4,2380.8,80.96,89.97,59.6
R,0.2,158,24.05,0.29,-0.8,Nasim Nuñez,5.74,683083,WSN,33.54,21.9,Curveball,CU,24.49,0.17,2559.24,74.82,80.25,49.06
R,0.32,158,24.05,0.46,0.12,Nasim Nuñez,5.74,683083,WSN,42.41,28.57,Sweeper,ST,14.52,0.44,2596.9,76.63,83.48,53.73
R,0.18,68,23.53,-0.73,0.33,Nasim Nuñez,2.47,683083,WSN,33.82,31.11,Split-Finger,FS,34.38,0.23,1366.46,81.94,88.8,78.26
R,0.12,31,38.71,0.57,-0.7,Nasim Nuñez,1.13,683083,WSN,48.39,62.5,Knuckle Curve,KC,23.53,0,2484,80.73,80.68,46.67
R,0.18,18,22.22,0.38,1.38,Nasim Nuñez,0.65,683083,WSN,27.78,30.77,Other,FA,0,0.2,1699.11,73.27,71.28,60
R,0.14,10,30,-1.03,-0.2,Nasim Nuñez,0.36,683083,WSN,40,33.33,Slurve,SV,0,0,2293.4,87.23,80.29,25
R,0.04,6,0,-0.07,-0.12,Nasim Nuñez,0.22,683083,WSN,66.67,0,Forkball,FO,0,0,605.33,81.5,84.63,100
R,0,2,0,0,0,Nasim Nuñez,0.07,683083,WSN,0,0,Unknown,UNK,0,0,0,0,0,0
L,0.47,851,28.67,-0.28,1.31,,24.09,695578,WSN,49.71,22.2,4-Seam Fastball,FF,16.61,0.34,2325,89.2,94.66,52.96
R,0.36,650,24.31,-0.05,1.31,,30.04,678554,WSN,49.38,25.84,4-Seam Fastball,FF,11.81,0.29,2311.95,80.72,94.78,63.24
L,0.44,553,28.57,0.15,0.62,,15.66,695578,WSN,52.26,16.29,Sinker,SI,11.79,0.32,2181.47,88.71,93.81,52.6
L,0.48,512,31.84,0.03,0.12,,14.5,695578,WSN,39.06,22.44,Slider,SL,42.19,0.33,2380.81,88.81,85.95,61
R,0.42,431,38.52,-0.31,0.68,,19.92,678554,WSN,58.7,26.97,Sinker,SI,9.62,0.23,2194.24,83.78,94.44,42.69
L,0.36,421,23.28,-0.76,0.36,,11.92,695578,WSN,38.24,22.31,Changeup,CH,27.78,0.24,1732.54,85.13,86.24,64.6
L,0.34,328,36.59,0.14,0.07,,9.29,695578,WSN,45.12,30.56,Sweeper,ST,40.56,0.16,2594.75,86.55,82.46,59.46
L,0.32,319,26.96,-0.43,1.33,,35.25,686452,WSN,52.04,24.18,4-Seam Fastball,FF,14.08,0.23,2344.23,78.79,94.88,63.25
L,0.29,319,39.5,0.34,-0.81,,9.03,695578,WSN,41.38,21.39,Curveball,CU,46.15,0.08,2566.24,85.95,81.21,48.48
R,0.35,300,25,0.09,0.14,,13.86,678554,WSN,40,24.44,Slider,SL,21.55,0.2,2414.88,79.47,86.34,60
L,0.42,262,25.57,0.09,0.62,,7.42,695578,WSN,53.82,19.83,Cutter,FC,24.39,0.21,2377.12,87.2,89.34,70.21
R,0.37,196,15.82,0.35,0.39,,9.06,678554,WSN,39.29,23.53,Changeup,CH,15.05,0.28,1708.78,85.46,85.46,84.42
R,0.38,194,20.1,0.07,0.6,,8.96,678554,WSN,42.27,16.07,Cutter,FC,14.29,0.24,2366.44,82.32,89.55,80.49
R,0.2,185,44.86,0.5,0.11,,8.55,678554,WSN,42.7,30.19,Sweeper,ST,42.62,0.09,2609.57,87.19,83.75,36.71
L,0.26,144,31.94,-0.69,0.35,,4.08,695578,WSN,34.03,26.32,Split-Finger,FS,56.36,0.05,1341.08,76.1,86.51,61.22
L,0.29,136,34.56,-0.75,0.71,,15.03,686452,WSN,50.74,11.94,Sinker,SI,9.52,0.11,2195.06,78.02,94.66,49.28
R,0.27,124,32.26,0.28,1.31,,24.7,686894,WSN,51.61,23.33,4-Seam Fastball,FF,29.82,0.28,2318.03,84.78,94.36,67.19
L,0.26,115,26.09,-0.76,0.43,,12.71,686452,WSN,40,30.43,Changeup,CH,28.07,0.27,1695.37,73.23,86.56,78.26
R,0.23,106,33.96,-0.23,-0.76,,4.9,678554,WSN,50.94,36.54,Curveball,CU,27.08,0.18,2539.61,84.49,81.4,53.7
L,0.24,102,41.18,0.13,0.19,,11.27,686452,WSN,46.08,49.09,Slider,SL,38.46,0.14,2437.3,82.99,86.65,53.19
R,0.28,96,27.08,0.11,0.56,,19.12,686894,WSN,46.88,17.65,Sinker,SI,6.06,0.5,2095.47,81,94.19,53.33
L,0.17,76,30.26,0.6,-0.92,,8.4,686452,WSN,38.16,21.28,Curveball,CU,42.86,0.12,2588.29,85.35,81.35,62.07
L,0.19,72,36.11,0.6,-0.86,,2.04,695578,WSN,43.06,21.95,Knuckle Curve,KC,58.62,0,2615.78,84.32,82.77,64.52
R,0.17,69,31.88,0.09,0.06,,13.75,686894,WSN,43.48,23.08,Slider,SL,38.71,0,2282.64,85.28,85.78,73.33
L,0.25,68,25,0.12,0.71,,7.51,686452,WSN,54.41,32.26,Cutter,FC,16.67,0.2,2351.06,81.3,89.83,70.27
R,0.47,62,27.42,1.14,0.22,,12.35,686894,WSN,40.32,29.73,Changeup,CH,29.63,0.35,1733.19,79.39,86.07,64
R,0.4,48,25,-0.82,0.17,,2.22,678554,WSN,45.83,38.46,Split-Finger,FS,16.67,0.43,1510.31,83.38,87.78,63.64
R,0.26,48,58.33,0.84,0.14,,9.56,686894,WSN,37.5,40,Sweeper,ST,70.59,0.17,2593.21,70.54,84.56,27.78
L,0.19,41,41.46,0.81,0.02,,4.53,686452,WSN,70.73,25,Sweeper,ST,30,0,2517.68,79.84,82.73,58.62
L,0,41,0,0,0,,1.16,695578,WSN,0,0,Unknown,UNK,0,0,0,0,0,0
R,0.06,38,39.47,-0.14,-0.84,,7.57,686894,WSN,44.74,33.33,Curveball,CU,47.06,0,2642.16,83.66,81.15,58.82
R,0.22,28,21.43,0.24,-0.64,,1.29,678554,WSN,28.57,40,Knuckle Curve,KC,28.57,1,2476.64,84.42,82.41,75
R,0.68,28,50,0.11,0.79,,5.58,686894,WSN,42.86,37.5,Cutter,FC,30,0.5,2359.5,75.43,89.79,33.33
L,0.03,23,60.87,0.68,-0.96,,2.54,686452,WSN,43.48,38.46,Knuckle Curve,KC,66.67,0,2633.78,83,80.97,40
L,0.13,23,17.39,-0.82,0.46,,2.54,686452,WSN,26.09,47.06,Split-Finger,FS,28.57,0.25,1485.35,77.59,86.07,100
R,0.31,22,27.27,-0.42,-0.4,,1.02,678554,WSN,27.27,18.75,Slurve,SV,33.33,0.33,2491.45,72.22,81.58,50
L,0.16,22,40.91,-0.6,-0.39,,0.62,695578,WSN,27.27,31.25,Slurve,SV,57.14,0,2391.82,77.13,81.81,33.33
R,0.83,19,21.05,-0.7,0.42,,3.78,686894,WSN,31.58,30.77,Split-Finger,FS,25,1,1415.63,100.2,90.49,66.67
R,0.02,8,12.5,-0.16,-0.38,,1.59,686894,WSN,37.5,0,Slurve,SV,0,0,2195.38,85.45,82.8,66.67
R,0,6,83.33,-0.2,-1.17,,1.2,686894,WSN,66.67,50,Knuckle Curve,KC,100,0,2467.5,0,77.27,0
R,0.26,4,0,-0.32,-0.38,,0.8,686894,WSN,50,0,Forkball,FO,0,0,554,88.4,85.15,100
L,1.76,4,0,-0.2,-0.21,,0.11,695578,WSN,50,0,Forkball,FO,0,1,557,107.6,85.5,100
R,0,3,0,-0.27,1.34,,100,571945,WSN,33.33,50,4-Seam Fastball,FF,0,0,2364.67,40.3,96.07,100
L,0.5,3,0,-0.93,1,,0.08,695578,WSN,0,33.33,Other,FA,0,0,1507.67,98,68.37,0
R,0.94,2,0,-0.52,1.03,,0.09,678554,WSN,0,100,Eephus,EP,0,1,1101,103.8,51.8,0
R,0.26,2,0,1.32,0.98,,0.09,678554,WSN,0,100,Other,FA,0,0,1631,95.3,71.8,0
L,0,2,0,-0.89,1.04,,0.22,686452,WSN,0,100,Other,FA,0,0,1195,63.6,55.3,0
