hand,xwoba,pitches,csw_rate,avg_pfx_x,avg_pfx_z,full_name,pitch_pct,player_id,team_abbr,zone_rate,chase_rate,pitch_name,pitch_type,whiff_rate,avg_spin_rate,avg_launch_speed,avg_release_speed,in_zone_swing_rate
R,0.48,52,15.38,0.04,0.92,"Abner, Philip",50,691769,ARI,53.85,8.33,4-Seam Fastball,FF,9.09,2308.96,89.75,90.67,71.43
R,0.3,28,28.57,-0.22,-0.52,"Abner, Philip",26.92,691769,ARI,35.71,33.33,Curveball,CU,42.86,2321.86,83.55,81.06,80
R,0,20,30,-0.94,0.1,"Abner, Philip",19.23,691769,ARI,60,50,Slider,SL,16.67,2338.1,81.32,80.38,66.67
R,0,4,0,0.4,0.36,"Abner, Philip",3.85,691769,ARI,0,0,Changeup,CH,0,1520,0,82,0
R,0.33,131,22.9,0.45,1.28,"Bratt, Mitch",38.3,683352,ARI,57.25,23.21,4-Seam Fastball,FF,15.62,2345.18,82.49,91.15,68
R,0.24,82,25.61,-1.15,-0.15,"Bratt, Mitch",23.98,683352,ARI,46.34,6.82,Slurve,SV,11.54,2356.77,81.45,79.77,60.53
R,0.22,39,17.95,1.2,0.45,"Bratt, Mitch",11.4,683352,ARI,46.15,42.86,Changeup,CH,8.7,1679.26,78.68,84.87,77.78
R,0.04,34,23.53,1.18,0.92,"Bratt, Mitch",9.94,683352,ARI,61.76,30.77,Sinker,SI,0,2222.32,73.56,91.23,57.14
R,0.34,32,28.12,-0.23,0.74,"Bratt, Mitch",9.36,683352,ARI,31.25,45.45,Slider,SL,35.29,2427,68.42,87.29,70
R,0,16,68.75,-0.77,-0.78,"Bratt, Mitch",4.68,683352,ARI,68.75,20,Curveball,CU,50,2348.38,64.6,76.89,9.09
R,0,8,0,0,0,"Bratt, Mitch",2.34,683352,ARI,0,0,Unknown,UNK,0,0,0,0,0
R,0.08,34,29.41,-0.67,0.32,"Carrillo, Gerardo",29.82,672629,ARI,35.29,36.36,Split-Finger,FS,41.18,883.91,75.54,84.59,75
R,0.11,31,22.58,0.07,0.58,"Carrillo, Gerardo",27.19,672629,ARI,51.61,26.67,Cutter,FC,0,2343,71.24,92.25,56.25
R,0.29,22,45.45,-1.39,0.42,"Carrillo, Gerardo",19.3,672629,ARI,77.27,0,Sinker,SI,22.22,2232.41,90.96,96.29,52.94
R,0,14,14.29,-0.81,1.13,"Carrillo, Gerardo",12.28,672629,ARI,42.86,12.5,4-Seam Fastball,FF,0,2313.79,79.28,96.56,66.67
R,0,13,30.77,0.79,0.12,"Carrillo, Gerardo",11.4,672629,ARI,46.15,14.29,Sweeper,ST,25,2769.38,86.47,86.18,50
R,0.37,39,12.82,-1.28,0.2,"Clarke, Taylor",39,664199,ARI,46.15,23.81,Changeup,CH,5.26,1867.56,90.3,90.76,77.78
R,0.18,32,21.88,0.46,0.36,"Clarke, Taylor",32,664199,ARI,34.38,23.81,Slider,SL,33.33,2279.75,79.31,89.03,90.91
R,0.1,16,12.5,-1.13,0.94,"Clarke, Taylor",16,664199,ARI,62.5,50,Sinker,SI,8.33,2348.38,81,95.78,90
R,0.36,13,30.77,-0.48,1.21,"Clarke, Taylor",13,664199,ARI,46.15,42.86,Cutter,FC,28.57,2387.31,79.84,95.29,66.67
L,0.41,156,15.38,0.95,1.33,"Drake, Kohl",44.32,684442,ARI,46.15,28.57,4-Seam Fastball,FF,2.7,2293.85,83.87,91.43,69.44
L,0.13,62,25.81,1.32,0.68,"Drake, Kohl",17.61,684442,ARI,29.03,31.82,Changeup,CH,38.46,1926.65,87.22,81.74,66.67
L,0.47,50,20,-0.39,-0.83,"Drake, Kohl",14.2,684442,ARI,40,6.67,Curveball,CU,14.29,2533.8,75.26,78.53,60
L,0.77,44,27.27,-0.06,0.74,"Drake, Kohl",12.5,684442,ARI,59.09,0,Cutter,FC,0,2304.73,87.6,86.35,53.85
L,0.49,40,20,-0.32,-0.05,"Drake, Kohl",11.36,684442,ARI,55,11.11,Slider,SL,11.11,2433.55,85.42,81.1,72.73
R,0.2,43,30.23,1.42,0.24,"Garcia, Brandyn",44.33,805299,ARI,74.42,0,Sinker,SI,9.52,2316,85.02,97.2,65.62
R,0.3,32,40.62,-0.9,0.39,"Garcia, Brandyn",32.99,805299,ARI,40.62,52.63,Sweeper,ST,50,2549,84.91,88.4,76.92
R,0.67,22,22.73,0.19,0.68,"Garcia, Brandyn",22.68,805299,ARI,77.27,40,Cutter,FC,6.67,2291.41,83.7,94.82,76.47
R,0.28,80,22.5,-0.75,1.28,"Ginkel, Kevin",55.17,656464,ARI,46.25,25.58,4-Seam Fastball,FF,16.22,2373.12,82.32,96.24,70.27
R,0.31,64,28.12,0.36,-0.22,"Ginkel, Kevin",44.14,656464,ARI,45.31,37.14,Slider,SL,41.46,2359.61,85.97,86.35,96.55
R,0.19,1,0,-1.17,0.96,"Ginkel, Kevin",0.69,656464,ARI,0,100,Sinker,SI,0,2188,51.9,95.7,0
R,0.38,82,23.17,-1.26,0.02,"Kelly, Merrill",31.91,518876,ARI,24.39,38.71,Changeup,CH,39.02,2209.45,81.83,88.54,85
R,0.46,71,23.94,-0.83,1.18,"Kelly, Merrill",27.63,518876,ARI,46.48,28.95,4-Seam Fastball,FF,15.15,2381.99,84.15,92.23,66.67
R,0.27,39,35.9,0.65,-0.71,"Kelly, Merrill",15.18,518876,ARI,58.97,25,Curveball,CU,27.78,2629.54,79.78,82.84,60.87
R,0.08,26,34.62,-1.34,0.59,"Kelly, Merrill",10.12,518876,ARI,38.46,37.5,Sinker,SI,25,2293.15,71.49,92.46,60
R,0.23,24,25,-0.25,0.94,"Kelly, Merrill",9.34,518876,ARI,45.83,15.38,Cutter,FC,0,2395.17,81.85,91.38,72.73
R,0.08,14,14.29,0.09,0.33,"Kelly, Merrill",5.45,518876,ARI,14.29,16.67,Slider,SL,50,2331.71,93.5,86.07,100
R,0,1,0,0,0,"Kelly, Merrill",0.39,518876,ARI,0,0,Unknown,UNK,0,0,0,0,0
R,0.26,101,13.86,-1.05,0.05,"Littell, Zack",32.37,641793,ARI,43.56,31.58,Split-Finger,FS,17.24,1244.18,85.27,84.81,90.91
R,0.45,84,19.05,0.04,0.87,"Littell, Zack",26.92,641793,ARI,38.1,40.38,Slider,SL,6.98,2070.87,87.27,89.02,68.75
R,0.42,50,6,-0.55,1.36,"Littell, Zack",16.03,641793,ARI,42,24.14,4-Seam Fastball,FF,3.85,1986.78,88.83,92.1,90.48
R,0.31,50,26,-1.16,0.9,"Littell, Zack",16.03,641793,ARI,72,35.71,Sinker,SI,4,1951.28,84.81,92.03,55.56
R,0.27,27,25.93,0.96,-0.33,"Littell, Zack",8.65,641793,ARI,48.15,14.29,Sweeper,ST,11.11,2214.7,84.78,79.8,53.85
R,0.41,41,26.83,-1.34,0.55,"Loáisiga, Jonathan",25.62,642528,ARI,63.41,33.33,Sinker,SI,9.09,2275.49,83.62,98.13,65.38
R,0.07,38,13.16,-0.58,1.03,"Loáisiga, Jonathan",23.75,642528,ARI,36.84,33.33,4-Seam Fastball,FF,19.05,2402.13,81.46,97.8,92.86
R,0.25,38,15.79,-1.28,0.36,"Loáisiga, Jonathan",23.75,642528,ARI,36.84,20.83,Changeup,CH,23.53,1686.68,90.68,91.4,85.71
R,0.3,23,21.74,-0.09,0.69,"Loáisiga, Jonathan",14.37,642528,ARI,52.17,36.36,Cutter,FC,21.43,2479.3,78.48,96.21,83.33
R,0.04,20,40,0.32,-0.02,"Loáisiga, Jonathan",12.5,642528,ARI,35,38.46,Curveball,CU,50,2639.9,82.25,90.8,42.86
R,0.19,76,39.47,-0.39,1.39,"Morillo, Juan",62.81,666661,ARI,59.21,35.48,4-Seam Fastball,FF,23.53,2347.96,82.49,98.65,51.11
R,0.67,31,12.9,-1.31,0.68,"Morillo, Juan",25.62,666661,ARI,38.71,15.79,Changeup,CH,26.67,2341.94,83.38,92.95,100
R,0.36,8,25,-1.06,1.1,"Morillo, Juan",6.61,666661,ARI,25,66.67,Sinker,SI,33.33,2257.25,93.75,97.22,100
R,0.01,6,33.33,0.79,-0.6,"Morillo, Juan",4.96,666661,ARI,66.67,0,Slider,SL,0,2779,100.6,84.67,50
R,0.15,106,29.25,-0.54,1.21,"Pfaadt, Brandon",38.83,694297,ARI,51.89,21.57,4-Seam Fastball,FF,11.63,2514.91,86.52,93.2,58.18
R,0.28,74,27.03,-1.3,0.28,"Pfaadt, Brandon",27.11,694297,ARI,51.35,36.11,Changeup,CH,28.57,2121.54,76.72,87.2,76.32
R,0.11,34,11.76,0.83,0.49,"Pfaadt, Brandon",12.45,694297,ARI,26.47,24,Sweeper,ST,21.43,2830.85,71.19,84.82,88.89
R,0.37,24,16.67,-1.31,0.53,"Pfaadt, Brandon",8.79,694297,ARI,70.83,0,Sinker,SI,7.69,2406.29,97.25,93.31,76.47
R,0.12,20,20,0.78,-0.92,"Pfaadt, Brandon",7.33,694297,ARI,25,6.67,Curveball,CU,0,2502.35,92.1,81.92,40
R,0.21,15,20,0.04,0.67,"Pfaadt, Brandon",5.49,694297,ARI,86.67,0,Cutter,FC,16.67,2650.47,91.18,89.97,92.31
R,0.32,161,22.36,0.58,1.27,"Rodriguez, Eduardo",37.97,593958,ARI,49.69,51.85,4-Seam Fastball,FF,16.98,2310.48,81.01,92.29,80
R,0.25,118,27.12,1.22,0.53,"Rodriguez, Eduardo",27.83,593958,ARI,37.29,43.24,Changeup,CH,40.54,1853.68,81.06,85.13,95.45
R,0.32,65,21.54,-0.15,0.74,"Rodriguez, Eduardo",15.33,593958,ARI,63.08,25,Cutter,FC,10.81,2270.43,77.54,88.97,75.61
R,0.47,43,18.6,-0.39,-0.45,"Rodriguez, Eduardo",10.14,593958,ARI,30.23,20,Curveball,CU,0,2294.02,88.03,79.35,69.23
R,0.46,37,21.62,1.06,1.13,"Rodriguez, Eduardo",8.73,593958,ARI,48.65,21.05,Sinker,SI,14.29,2292.57,82.5,91.61,55.56
R,0.53,37,32.43,0.88,0.36,"Sewald, Paul",48.05,623149,ARI,32.43,48,Sweeper,ST,33.33,2467.41,81.16,82.71,50
R,0.83,34,8.82,-0.71,0.98,"Sewald, Paul",44.16,623149,ARI,52.94,31.25,4-Seam Fastball,FF,0,2580.44,84.74,91.33,88.89
R,0,6,0,-0.3,0.65,"Sewald, Paul",7.79,623149,ARI,0,33.33,Cutter,FC,0,2515,81.4,88.47,0
R,0.35,25,24,0.94,-0.67,"Soroka, Michael",32.47,647336,ARI,40,20,Slurve,SV,33.33,2894.36,72.35,80.92,60
R,0.41,21,19.05,-0.57,1.15,"Soroka, Michael",27.27,647336,ARI,66.67,42.86,4-Seam Fastball,FF,13.33,2552.62,83.08,92.79,85.71
R,0.47,11,0,0.03,0.64,"Soroka, Michael",14.29,647336,ARI,27.27,37.5,Cutter,FC,0,2577.55,70.83,88.94,100
R,0.4,10,10,-1.42,0.1,"Soroka, Michael",12.99,647336,ARI,20,37.5,Changeup,CH,20,2302.8,84.87,85.93,100
R,0.54,9,44.44,-1.37,0.43,"Soroka, Michael",11.69,647336,ARI,66.67,33.33,Sinker,SI,25,2351.11,89.77,92.66,50
R,0,1,0,1.08,0.54,"Soroka, Michael",1.3,647336,ARI,0,0,Sweeper,ST,0,2782,0,84,0
R,0.1,26,26.92,1.21,0.65,"Thompson, Ryan",44.07,657044,ARI,57.69,18.18,Slider,SL,28.57,2248.65,78.7,78.23,80
R,0.42,17,17.65,-0.81,-0.41,"Thompson, Ryan",28.81,657044,ARI,52.94,50,Sinker,SI,0,1992.24,83.78,90.67,77.78
R,0.61,16,12.5,-0.61,0.5,"Thompson, Ryan",27.12,657044,ARI,25,33.33,4-Seam Fastball,FF,0,2112.12,81,92.04,50
R,0.44,98,24.49,-1.02,1.23,"Alvarado, Elvis",70.5,665660,ATH,43.88,20,4-Seam Fastball,FF,21.05,2421.83,80.87,98.59,62.79
R,0.1,34,50,-0.11,0.28,"Alvarado, Elvis",24.46,665660,ATH,41.18,35,Slider,SL,73.33,1876.97,85.3,88.39,57.14
R,0.05,5,40,-0.54,0.14,"Alvarado, Elvis",3.6,665660,ATH,20,75,Split-Finger,FS,50,995.2,74.95,87,100
R,0,2,50,-1.44,0.8,"Alvarado, Elvis",1.44,665660,ATH,50,0,Sinker,SI,0,2445,0,97.3,0
R,0.39,169,23.08,-0.11,1.31,"Barnett, Mason",55.23,686930,ATH,45.56,21.74,4-Seam Fastball,FF,22.08,2219.74,82.27,95.01,74.03
R,0.53,49,20.41,1.32,-0.37,"Barnett, Mason",16.01,686930,ATH,42.86,25,Sweeper,ST,5.26,2676.82,82.54,83.68,57.14
R,0.39,37,16.22,-0.74,0.03,"Barnett, Mason",12.09,686930,ATH,24.32,28.57,Changeup,CH,31.25,992.24,84.29,85.81,88.89
R,0.11,33,27.27,0.26,-0.36,"Barnett, Mason",10.78,686930,ATH,45.45,33.33,Slider,SL,25,2527.91,80.71,86.6,66.67
R,0.15,16,37.5,0.73,-1.25,"Barnett, Mason",5.23,686930,ATH,37.5,30,Curveball,CU,50,2679.19,73.87,79.64,50
R,0,2,0,0,0,"Barnett, Mason",0.65,686930,ATH,0,0,Unknown,UNK,0,0,0,0,0
R,0.22,68,29.41,0.26,1.25,"Basso, Brady",40,669620,ATH,58.82,39.29,4-Seam Fastball,FF,21.43,2276.94,78.94,92.64,77.5
R,0.34,45,26.67,-0.16,-0.97,"Basso, Brady",26.47,669620,ATH,24.44,26.47,Curveball,CU,35.71,2234.76,76.38,77.06,45.45
R,0.3,37,27.03,-0.31,0.42,"Basso, Brady",21.76,669620,ATH,45.95,55,Slider,SL,10,2089.65,76.68,83.41,52.94
R,0.19,12,16.67,1.07,0.87,"Basso, Brady",7.06,669620,ATH,58.33,40,Sinker,SI,0,2118.25,97.54,92.3,71.43
R,0.32,7,0,-0.12,0.72,"Basso, Brady",4.12,669620,ATH,57.14,0,Cutter,FC,0,2155.14,86,88.31,100
R,0,1,0,1.15,1.13,"Basso, Brady",0.59,669620,ATH,100,0,Changeup,CH,0,2108,86.8,85.9,100
R,0.48,72,23.61,0.35,0.5,"Blewett, Scott",32.73,656240,ATH,33.33,50,Cutter,FC,33.33,2298.53,80.26,88.9,87.5
R,0.32,53,18.87,-0.51,1.21,"Blewett, Scott",24.09,656240,ATH,62.26,30,4-Seam Fastball,FF,6.06,2265.28,87.05,95.27,81.82
R,0.19,52,17.31,0.06,-0.18,"Blewett, Scott",23.64,656240,ATH,36.54,51.52,Slider,SL,17.24,2078.25,84.83,84.39,63.16
R,0.12,26,11.54,-1.09,0.99,"Blewett, Scott",11.82,656240,ATH,30.77,38.89,Sinker,SI,14.29,2076.38,72.94,94.42,87.5
R,0.6,17,0,-0.69,0.21,"Blewett, Scott",7.73,656240,ATH,23.53,0,Split-Finger,FS,0,1101,81.78,86.6,100
L,0.56,28,17.86,1.03,1.24,"Bowden, Ben",70,641386,ATH,42.86,12.5,4-Seam Fastball,FF,18.18,2406.86,82.46,93.9,75
L,0.47,9,22.22,1.15,0.74,"Bowden, Ben",22.5,641386,ATH,44.44,20,Changeup,CH,0,1694.11,77.77,86.62,50
L,0,2,0,-0.1,0.39,"Bowden, Ben",5,641386,ATH,0,0,Slider,SL,0,2249,0,84.85,0
L,0,1,0,-0.1,-0.43,"Bowden, Ben",2.5,641386,ATH,0,0,Curveball,CU,0,2397,0,81.4,0
R,0.59,15,33.33,1.01,1.01,"Cortes, Carlos",35.71,666126,ATH,60,16.67,Changeup,CH,0,1702.93,72,71.19,44.44
R,0.5,14,14.29,0.19,1.27,"Cortes, Carlos",33.33,666126,ATH,35.71,33.33,Slider,SL,0,1590.29,85.67,65.34,60
R,0.03,8,25,0.65,1.3,"Cortes, Carlos",19.05,666126,ATH,0,50,Other,FA,0,1904,82.6,77.15,0
R,0,4,0,-0.78,0.14,"Cortes, Carlos",9.52,666126,ATH,50,0,Eephus,EP,0,2192.5,89.9,70.6,100
R,0,1,0,0.77,0.16,"Cortes, Carlos",2.38,666126,ATH,0,0,Curveball,CU,0,1192,0,67.7,0
R,0.27,134,34.33,-1.12,0.3,"Ginn, J.T.",48.38,669372,ATH,52.24,20.31,Sinker,SI,20,1953.03,81.92,93.22,60
R,0.33,59,23.73,-0.95,0.23,"Ginn, J.T.",21.3,669372,ATH,25.42,40.91,Changeup,CH,40.62,1504.24,78.78,87.65,93.33
R,0.26,42,21.43,0.3,-0.16,"Ginn, J.T.",15.16,669372,ATH,28.57,20,Slider,SL,35.29,2250.12,83.42,85.44,91.67
R,0.44,28,7.14,-0.03,0.42,"Ginn, J.T.",10.11,669372,ATH,28.57,10,Cutter,FC,0,2136.39,78.93,89.74,75
R,0.48,14,0,-0.55,0.74,"Ginn, J.T.",5.05,669372,ATH,50,28.57,4-Seam Fastball,FF,0,2109.07,85.29,93.24,100
R,0.45,80,37.5,0.75,1.4,"Harris, Hogan",66.12,663687,ATH,47.5,7.14,4-Seam Fastball,FF,33.33,2345.41,80.45,95.26,39.47
R,0.25,35,20,-0.73,-1.35,"Harris, Hogan",28.93,663687,ATH,42.86,20,Curveball,CU,26.67,2685.46,80.27,74.26,73.33
R,0.49,3,33.33,1.35,0.84,"Harris, Hogan",2.48,663687,ATH,66.67,0,Changeup,CH,50,2179,81.6,83.1,100
R,0.45,2,0,-0.8,-0.34,"Harris, Hogan",1.65,663687,ATH,50,100,Slurve,SV,0,2551,71.3,80.6,100
R,0.62,1,0,0.12,1.32,"Harris, Hogan",0.83,663687,ATH,100,0,Cutter,FC,0,2221,103.7,92.1,100
R,0.57,65,16.92,-0.62,1.38,"Johnson, Seth",49.24,686751,ATH,43.08,27.03,4-Seam Fastball,FF,16.67,2370,87.8,97.81,71.43
R,0.33,57,35.09,0.39,0.03,"Johnson, Seth",43.18,686751,ATH,59.65,30.43,Slider,SL,27.59,2514.84,78.5,87.62,64.71
R,0.29,6,0,1.08,0.43,"Johnson, Seth",4.55,686751,ATH,50,33.33,Sweeper,ST,0,2709.17,92.62,84.45,100
R,0,3,0,1.4,0.15,"Johnson, Seth",2.27,686751,ATH,0,0,Curveball,CU,0,2831.67,0,83.13,0
R,0,1,0,-1.16,1,"Johnson, Seth",0.76,686751,ATH,0,0,Sinker,SI,0,2036,0,96.5,0
R,0.27,43,27.91,-1.48,0.39,"Juenger, Hayden",31.16,696522,ATH,32.56,44.83,Changeup,CH,35,2336,78.27,88.65,50
R,0.36,37,21.62,-0.96,1.33,"Juenger, Hayden",26.81,696522,ATH,62.16,28.57,4-Seam Fastball,FF,9.52,2324.27,80.81,94.84,73.91
R,0.6,29,10.34,-0.01,0.91,"Juenger, Hayden",21.01,696522,ATH,41.38,11.76,Cutter,FC,8.33,2318.34,83.12,91.79,83.33
R,0.24,29,10.34,0.39,0.49,"Juenger, Hayden",21.01,696522,ATH,58.62,25,Slider,SL,0,2346,83.87,87.89,82.35
R,0.27,65,33.85,0.68,1.29,"Jump, Gage",34.57,695611,ATH,55.38,37.93,4-Seam Fastball,FF,35.14,2317.94,83.19,96.02,72.22
R,0.23,41,36.59,-0.43,0.19,"Jump, Gage",21.81,695611,ATH,39.02,32,Slider,SL,43.75,2261.85,80.14,86.57,50
R,0.55,32,31.25,1.05,1,"Jump, Gage",17.02,695611,ATH,56.25,14.29,Sinker,SI,11.11,2216.66,80.21,94.31,38.89
R,0.33,30,16.67,0.77,0.59,"Jump, Gage",15.96,695611,ATH,36.67,21.05,Changeup,CH,8.33,1126.57,74.01,86.37,72.73
R,0.18,12,8.33,-0.72,-0.95,"Jump, Gage",6.38,695611,ATH,41.67,42.86,Curveball,CU,14.29,2505.67,80.32,80.42,80
R,0,8,37.5,-1.12,0.32,"Jump, Gage",4.26,695611,ATH,25,33.33,Sweeper,ST,66.67,2458.88,69.6,83.35,50
R,0.17,98,35.71,-0.75,0.27,"Lopez, Jacob",35.38,682052,ATH,57.14,45.24,Slider,SL,30,2378.31,73.26,75.98,73.21
R,0.21,80,26.25,1.21,1.03,"Lopez, Jacob",28.88,682052,ATH,41.25,36.17,4-Seam Fastball,FF,22.5,2244.04,82.29,90.65,69.7
R,0.26,79,29.11,0.28,0.72,"Lopez, Jacob",28.52,682052,ATH,49.37,20,Cutter,FC,30.3,2266.47,83.32,86.74,64.1
R,0.36,20,20,1.47,0.33,"Lopez, Jacob",7.22,682052,ATH,30,28.57,Changeup,CH,33.33,2120.3,74.1,81.98,83.33
R,0.42,34,20.59,-0.62,1.27,"Medina, Luis",30.91,665622,ATH,38.24,19.05,4-Seam Fastball,FF,0,2437.32,81.66,98.39,76.92
R,0.03,23,43.48,1.02,-0.18,"Medina, Luis",20.91,665622,ATH,43.48,46.15,Slider,SL,53.85,2681,71.03,84.75,70
R,0.66,19,26.32,-0.82,0.14,"Medina, Luis",17.27,665622,ATH,63.16,28.57,Changeup,CH,25,1635,87.55,90.45,83.33
R,0.14,18,22.22,-1.22,0.89,"Medina, Luis",16.36,665622,ATH,50,33.33,Sinker,SI,0,2390.39,79.5,97.96,55.56
R,0.44,16,31.25,0.93,-1.06,"Medina, Luis",14.55,665622,ATH,62.5,33.33,Curveball,CU,12.5,2630.88,89.27,81.17,60
R,0.3,60,23.33,-0.76,1.05,"Morales, Luis",63.83,806960,ATH,53.33,35.71,4-Seam Fastball,FF,11.76,2469.27,84.54,97.79,75
R,0.43,22,9.09,0.92,0.58,"Morales, Luis",23.4,806960,ATH,54.55,20,Slider,SL,0,2778.18,90.5,85.88,83.33
R,0,8,0,-1.31,0.75,"Morales, Luis",8.51,806960,ATH,25,0,Changeup,CH,0,2184.25,65.1,89.62,100
R,0.12,2,0,-0.98,1.02,"Morales, Luis",2.13,806960,ATH,100,0,Sinker,SI,0,2526,72.1,97.5,100
R,0,2,0,1.24,0.05,"Morales, Luis",2.13,806960,ATH,0,0,Sweeper,ST,0,2954,0,84.3,0
R,0.17,96,25,-0.04,0.58,"Perkins, Jack",29.81,678022,ATH,45.83,23.08,Cutter,FC,18.18,2528.4,83.69,92.04,72.73
R,0.27,70,31.43,-0.93,0.11,"Perkins, Jack",21.74,678022,ATH,25.71,23.08,Changeup,CH,36.36,1112.34,75.14,89.15,55.56
R,0.34,70,34.29,0.92,0.24,"Perkins, Jack",21.74,678022,ATH,42.86,55,Sweeper,ST,35,2846.86,80.14,86.53,60
R,0.48,64,28.12,-0.86,1.19,"Perkins, Jack",19.88,678022,ATH,53.12,26.67,4-Seam Fastball,FF,23.53,2219.41,86.58,95.14,76.47
R,0.55,18,22.22,-1.25,0.71,"Perkins, Jack",5.59,678022,ATH,55.56,25,Sinker,SI,20,2245.22,86.35,94.22,80
R,0,4,50,0.47,-0.57,"Perkins, Jack",1.24,678022,ATH,100,0,Slider,SL,0,2872,84.1,84.25,50
L,0.37,90,20,0.83,1.35,"Springs, Jeffrey",52.33,605488,ATH,51.11,4.55,4-Seam Fastball,FF,0,2160.36,82.57,91.44,60.87
L,0.31,50,28,0.98,0.56,"Springs, Jeffrey",29.07,605488,ATH,40,46.67,Changeup,CH,40,1338.16,76.21,79.56,80
L,0.79,32,12.5,-0.23,0.36,"Springs, Jeffrey",18.6,605488,ATH,12.5,7.14,Slider,SL,0,2234.31,69.8,85.68,50
R,0.45,33,15.15,0.76,1.31,"Suarez, José",30.56,660761,ATH,33.33,36.36,4-Seam Fastball,FF,0,2286.91,83.17,92.06,54.55
R,0.25,33,24.24,-0.48,0.02,"Suarez, José",30.56,660761,ATH,36.36,23.81,Slider,SL,8.33,2812.3,79.11,81.09,58.33
R,0.23,25,12,1.05,0.35,"Suarez, José",23.15,660761,ATH,12,54.55,Changeup,CH,20,1469.08,90.46,79.26,100
R,0,10,20,-1,0.01,"Suarez, José",9.26,660761,ATH,40,33.33,Sweeper,ST,0,2908,80.9,77.98,50
R,0.63,7,28.57,1.21,0.99,"Suarez, José",6.48,660761,ATH,71.43,0,Sinker,SI,0,2145.43,98.13,91.23,60
R,0.13,17,41.18,-0.61,0.25,"Tur, Yunior",51.52,814305,ATH,58.82,28.57,Split-Finger,FS,42.86,727.24,70.37,87.25,50
R,0.09,8,25,0.31,0.62,"Tur, Yunior",24.24,814305,ATH,62.5,33.33,Cutter,FC,0,2260.25,81,91.52,80
R,0.73,7,14.29,-0.17,1.37,"Tur, Yunior",21.21,814305,ATH,28.57,20,4-Seam Fastball,FF,0,2109,86.8,94.96,50
R,1.75,1,0,0.58,-0.08,"Tur, Yunior",3.03,814305,ATH,100,0,Sweeper,ST,0,2405,104.6,83.7,100
R,0.24,70,24.29,0.65,1.45,"Dodd, Dylan",70.71,689266,ATL,48.57,41.67,Sinker,SI,15.79,2207.47,81.16,93.5,67.65
R,0.23,27,33.33,0.12,0.52,"Dodd, Dylan",27.27,689266,ATL,29.63,47.37,Cutter,FC,46.67,2037.81,76.1,86.65,75
R,0,2,0,0,-0.16,"Dodd, Dylan",2.02,689266,ATL,0,0,Slider,SL,0,2327,0,81.05,0
R,0.34,130,22.31,-1.13,0.7,"Elder, Bryce",34.67,693821,ATL,49.23,12.12,Sinker,SI,8.16,2088.19,85.35,90.32,64.06
R,0.42,65,13.85,0.12,0.88,"Elder, Bryce",17.33,693821,ATL,61.54,20,Cutter,FC,12.2,2214.6,91.41,88.49,90
R,0.15,64,25,-1.07,0.3,"Elder, Bryce",17.07,693821,ATL,34.38,33.33,Changeup,CH,39.39,1796.7,79.08,85.96,86.36
R,0.23,58,29.31,-0.34,1.27,"Elder, Bryce",15.47,693821,ATL,51.72,0,4-Seam Fastball,FF,6.25,2238.69,83.01,92.04,53.33
R,0.45,58,20.69,0.3,-0.3,"Elder, Bryce",15.47,693821,ATL,44.83,18.75,Slider,SL,20,2461.67,83.19,82.75,73.08
R,0.24,90,28.89,-0.73,1.26,"Fuentes, Didier",75,800311,ATL,61.11,25.71,4-Seam Fastball,FF,28.3,2079.76,81.82,97.37,80
R,0.11,20,55,0.64,-0.1,"Fuentes, Didier",16.67,800311,ATL,40,41.67,Slider,SL,81.82,2499.55,83.8,84.86,75
R,0.21,10,60,-1.5,0.38,"Fuentes, Didier",8.33,800311,ATL,20,62.5,Split-Finger,FS,71.43,1991.2,82.45,89,100
R,0.27,44,27.27,-0.71,1.4,"Hernández, Elieser",35.48,622694,ATL,77.27,20,4-Seam Fastball,FF,14.29,2225.91,80.71,90.18,76.47
R,0.1,40,25,-1.35,0.83,"Hernández, Elieser",32.26,622694,ATL,35,38.46,Changeup,CH,36.36,2119.35,72.9,82.1,85.71
R,0.6,24,33.33,0.43,0.92,"Hernández, Elieser",19.35,622694,ATL,33.33,25,Slider,SL,33.33,2104.58,77.65,77.42,25
R,0.49,16,25,-0.09,1.15,"Hernández, Elieser",12.9,622694,ATL,50,25,Cutter,FC,0,2184.25,84.15,84.54,50
R,0.35,85,29.41,0.16,-0.18,"Holmes, Grant",29.31,656550,ATL,44.71,38.3,Slider,SL,30.43,2696.18,89.8,85.29,73.68
R,0.46,55,23.64,-1.15,0.7,"Holmes, Grant",18.97,656550,ATL,56.36,8.33,Sinker,SI,8.33,2245.4,96.64,92.75,70.97
R,0.21,47,21.28,-0.6,1.26,"Holmes, Grant",16.21,656550,ATL,59.57,5.26,4-Seam Fastball,FF,13.64,2328.06,83.03,93.92,75
R,0.26,36,36.11,0.11,-0.6,"Holmes, Grant",12.41,656550,ATL,22.22,46.43,Curveball,CU,60,2753.61,95.7,82.56,87.5
R,0.41,35,25.71,-0.08,1.03,"Holmes, Grant",12.07,656550,ATL,65.71,25,Cutter,FC,15.79,2447.03,92.3,91.96,69.57
R,0.09,32,25,-1.18,0.21,"Holmes, Grant",11.03,656550,ATL,34.38,38.1,Changeup,CH,42.11,1650.69,84.22,88.98,100
R,0.33,65,35.38,-0.84,1.23,"Iglesias, Raisel",39.16,628452,ATL,69.23,10,4-Seam Fastball,FF,22.58,2337.95,83.63,93.86,64.44
R,0.27,53,20.75,-1.25,0.42,"Iglesias, Raisel",31.93,628452,ATL,39.62,31.25,Changeup,CH,25.93,1884.3,83.64,88.02,80.95
R,0.52,34,35.29,-1.41,0.7,"Iglesias, Raisel",20.48,628452,ATL,41.18,30,Sinker,SI,0,2341.53,81.47,93.9,21.43
R,0.01,14,21.43,0.81,0.41,"Iglesias, Raisel",8.43,628452,ATL,21.43,36.36,Slider,SL,42.86,2724.07,82.53,83.47,100
R,0.22,62,27.42,0.09,0.38,"Kinley, Tyler",66.67,641755,ATL,37.1,41.03,Slider,SL,24.24,2528.66,82.29,88.04,73.91
R,0.56,13,23.08,0.24,-0.72,"Kinley, Tyler",13.98,641755,ATL,23.08,70,Curveball,CU,22.22,2711.62,81.07,83.78,66.67
R,0,8,0,0,0,"Kinley, Tyler",8.6,641755,ATL,0,0,Unknown,UNK,0,0,0,0,0
R,0.47,6,16.67,-0.11,1.38,"Kinley, Tyler",6.45,641755,ATL,33.33,25,4-Seam Fastball,FF,33.33,2385.5,101.85,94.68,100
R,0,4,50,-0.9,0.92,"Kinley, Tyler",4.3,641755,ATL,50,0,Sinker,SI,0,2367.5,0,94.95,0
R,0.34,86,25.58,-0.14,0.24,"Lee, Dylan",52.76,669276,ATL,40.7,21.57,Slider,SL,27.78,2145.5,79.57,83.25,71.43
R,0.29,49,30.61,0.63,1.65,"Lee, Dylan",30.06,669276,ATL,55.1,27.27,4-Seam Fastball,FF,14.29,2342.88,84.88,93.08,55.56
R,0.03,27,29.63,0.8,1.1,"Lee, Dylan",16.56,669276,ATL,37.04,23.53,Changeup,CH,38.46,1604.33,73.58,85.47,90
R,0,1,0,0,0,"Lee, Dylan",0.61,669276,ATL,0,0,Unknown,UNK,0,0,0,0,0
R,0.24,188,35.11,-0.93,1.45,"Mahle, Tyler",49.21,641816,ATL,45.74,13.73,4-Seam Fastball,FF,29.03,2241,85.94,93.64,55.81
R,0.28,116,27.59,-1.1,0.38,"Mahle, Tyler",30.37,641816,ATL,51.72,42.86,Split-Finger,FS,31.58,1570.95,82.47,87.05,86.67
R,0.32,78,20.51,0.2,0.64,"Mahle, Tyler",20.42,641816,ATL,38.46,16.67,Cutter,FC,26.67,2431.46,83.87,87.72,73.33
R,0.31,85,21.18,-0.01,0.66,"Mederos, Victor",50.6,682989,ATL,32.94,38.6,Cutter,FC,23.81,2596.74,87.74,92.2,71.43
R,0.16,29,24.14,-0.92,1.05,"Mederos, Victor",17.26,682989,ATL,51.72,42.86,4-Seam Fastball,FF,16.67,2467.03,80.32,97.04,80
R,0.18,24,16.67,-1.13,0.33,"Mederos, Victor",14.29,682989,ATL,16.67,25,Changeup,CH,28.57,1725.88,84.62,91.62,50
R,0.24,19,26.32,-1.47,0.45,"Mederos, Victor",11.31,682989,ATL,47.37,20,Sinker,SI,33.33,2512.32,82.16,96,77.78
R,0.68,9,55.56,1.06,0.28,"Mederos, Victor",5.36,682989,ATL,55.56,25,Sweeper,ST,25,2630.11,98.47,83.1,60
R,0,2,0,0,0,"Mederos, Victor",1.19,682989,ATL,0,0,Unknown,UNK,0,0,0,0,0
R,0.24,140,32.86,1.32,0.77,"Pérez, Martín",45.45,527048,ATL,48.57,27.78,Sinker,SI,12,2010.66,79.55,89.45,44.12
R,0.2,108,28.7,1.23,0.66,"Pérez, Martín",35.06,527048,ATL,25,49.38,Changeup,CH,44.62,1657.46,85.5,81.21,92.59
R,0.2,43,13.95,-0.05,0.74,"Pérez, Martín",13.96,527048,ATL,62.79,0,Cutter,FC,0,2262.49,83.4,85.11,70.37
R,0.01,12,8.33,-0.33,-0.33,"Pérez, Martín",3.9,527048,ATL,33.33,12.5,Curveball,CU,0,2427.17,71.85,76.01,75
R,0.29,5,0,0.98,1.34,"Pérez, Martín",1.62,527048,ATL,60,50,4-Seam Fastball,FF,0,2127.6,87.78,89.28,100
R,0.27,24,29.17,1.2,-0.9,"Ritchie, JR",29.63,702275,ATL,54.17,27.27,Curveball,CU,16.67,2651.42,79.25,82.29,69.23
R,0.45,19,21.05,-0.95,0.07,"Ritchie, JR",23.46,702275,ATL,47.37,40,Changeup,CH,18.18,1587.89,83.61,87.09,77.78
R,0.7,18,16.67,-0.65,1.14,"Ritchie, JR",22.22,702275,ATL,27.78,15.38,4-Seam Fastball,FF,0,2294.89,68.8,95.05,20
R,0.48,14,28.57,-1.25,0.53,"Ritchie, JR",17.28,702275,ATL,50,14.29,Sinker,SI,20,2232.21,91.47,94.61,57.14
R,0.59,6,0,0.12,0.61,"Ritchie, JR",7.41,702275,ATL,16.67,0,Cutter,FC,0,2345,62.6,89.63,100
R,0.17,79,27.85,1.2,0.89,"Sale, Chris",40.1,519242,ATL,62.03,20,4-Seam Fastball,FF,20.51,2396.08,86.31,96.64,67.35
R,0.26,78,30.77,-1.22,-0.35,"Sale, Chris",39.59,519242,ATL,39.74,36.17,Slider,SL,35.14,2619.36,80.25,80.05,64.52
R,0.43,22,31.82,1.48,0.24,"Sale, Chris",11.17,519242,ATL,54.55,40,Sinker,SI,0,2255.27,81.7,96.3,41.67
R,0.4,18,22.22,1.41,0.04,"Sale, Chris",9.14,519242,ATL,27.78,38.46,Changeup,CH,33.33,1914.33,86.7,89.63,80
R,0.44,40,20,-0.87,1.36,"Smith-Shawver, AJ",57.97,700363,ATL,47.5,28.57,4-Seam Fastball,FF,5.26,2165.38,86.89,97.17,68.42
R,0.25,19,31.58,-1.13,0.23,"Smith-Shawver, AJ",27.54,700363,ATL,63.16,0,Split-Finger,FS,14.29,1398.58,83.23,84.78,58.33
R,0.38,5,20,0.96,-0.84,"Smith-Shawver, AJ",7.25,700363,ATL,40,0,Curveball,CU,0,2374.6,98.3,76.5,50
R,0.84,3,33.33,-1.26,1.13,"Smith-Shawver, AJ",4.35,700363,ATL,66.67,0,Sinker,SI,0,2087,112.1,95.23,50
R,0,2,0,0.08,0.55,"Smith-Shawver, AJ",2.9,700363,ATL,50,0,Slider,SL,0,2220,75.1,90.5,100
R,0.34,79,30.38,0.88,1.04,"Suter, Brent",33.33,608718,ATL,67.09,23.08,Sinker,SI,13.51,2134.67,87.15,89.1,58.49
R,0.37,76,34.21,-0.11,1.29,"Suter, Brent",32.07,608718,ATL,50,39.47,4-Seam Fastball,FF,25,2239.51,85.4,87.92,55.26
R,0.11,59,20.34,0.82,0.79,"Suter, Brent",24.89,608718,ATL,27.12,16.28,Changeup,CH,42.11,1523.2,62.81,77.02,75
R,0.37,23,43.48,-1.01,0.12,"Suter, Brent",9.7,608718,ATL,60.87,22.22,Slider,SL,50,2244.78,81.73,77.87,71.43
R,0.34,70,31.43,-1.43,-0.02,"Young, Danny",49.65,664849,ATL,27.14,21.57,Sweeper,ST,52.94,2709.26,81.73,82.6,31.58
R,0.53,68,16.18,1.58,0.3,"Young, Danny",48.23,664849,ATL,57.35,10.34,Sinker,SI,0,2350.29,92.53,93.51,66.67
R,0,2,0,1.41,0.02,"Young, Danny",1.42,664849,ATL,0,0,Changeup,CH,0,2042,0,86,0
R,0,1,0,1.03,0.81,"Young, Danny",0.71,664849,ATL,0,0,Cutter,FC,0,2307,0,93.8,0
R,0.24,142,19.72,-0.73,1.34,"Baz, Shane",36.98,669358,BAL,63.38,30.77,4-Seam Fastball,FF,13.64,2353.34,81.33,95.89,80
R,0.23,96,31.25,0.42,-0.72,"Baz, Shane",25,669358,BAL,41.67,35.71,Knuckle Curve,KC,28.57,2612.42,82.75,86.04,55
R,0.36,56,35.71,0.24,0.65,"Baz, Shane",14.58,669358,BAL,64.29,20,Cutter,FC,28.57,2298.64,89.59,90.36,66.67
R,0.21,46,21.74,-1.17,0.74,"Baz, Shane",11.98,669358,BAL,43.48,38.46,Changeup,CH,23.08,1937.09,81.08,88.26,80
R,0.25,44,40.91,-1.21,1.01,"Baz, Shane",11.46,669358,BAL,68.18,28.57,Sinker,SI,11.11,2267.73,88.04,95.86,46.67
R,0.25,65,30.77,-0.95,1.09,"Bradish, Kyle",43.05,680694,BAL,63.08,29.17,Sinker,SI,14.29,2208.34,84.01,94.81,68.29
R,0.31,32,28.12,0.95,0.05,"Bradish, Kyle",21.19,680694,BAL,25,45.83,Slider,SL,44.44,2553.44,70.47,87.22,87.5
R,0.28,31,22.58,0.45,-0.93,"Bradish, Kyle",20.53,680694,BAL,25.81,26.09,Curveball,CU,46.15,2554.23,87.91,85.29,87.5
R,0.52,23,30.43,0.09,1.12,"Bradish, Kyle",15.23,680694,BAL,52.17,18.18,4-Seam Fastball,FF,12.5,2407.09,81.38,94.8,50
R,0.19,66,40.91,-1.28,-0.01,"Cano, Yennier",54.1,666974,BAL,65.15,4.35,Sinker,SI,23.81,2147.24,90.59,95.17,46.51
R,0.21,41,31.71,-0.77,-0.45,"Cano, Yennier",33.61,666974,BAL,39.02,48,Split-Finger,FS,29.17,1502.83,84.59,90.92,75
R,0,7,42.86,1.02,-0.11,"Cano, Yennier",5.74,666974,BAL,28.57,20,Sweeper,ST,100,2504.57,0,85.86,0
R,0,6,0,-0.88,0.62,"Cano, Yennier",4.92,666974,BAL,0,0,4-Seam Fastball,FF,0,2317,0,95.63,0
R,0,2,0,0.67,0.5,"Cano, Yennier",1.64,666974,BAL,50,0,Slider,SL,0,2463.5,75.9,86.4,100
R,0.51,30,23.33,-0.98,1.34,"Garcia, Rico",33.33,670329,BAL,56.67,23.08,4-Seam Fastball,FF,7.14,2505.4,77.92,95.81,64.71
R,0.34,24,33.33,-0.07,-0.38,"Garcia, Rico",26.67,670329,BAL,41.67,28.57,Curveball,CU,45.45,2495.26,80.53,88.18,70
R,0.26,21,42.86,-1.28,1.03,"Garcia, Rico",23.33,670329,BAL,38.1,61.54,Changeup,CH,46.15,2303.52,90.47,87.13,62.5
R,0.48,15,6.67,0.07,0.61,"Garcia, Rico",16.67,670329,BAL,53.33,0,Slider,SL,0,2356.53,80.22,89.93,100
R,0.14,59,22.03,-0.27,1.57,"Hiraldo, Yaramil",49.17,682274,BAL,44.07,36.36,4-Seam Fastball,FF,32.26,2329.07,79.38,95.8,73.08
R,0.18,32,40.62,-0.54,0.79,"Hiraldo, Yaramil",26.67,682274,BAL,62.5,41.67,Split-Finger,FS,47.83,1357.03,81.46,86.9,90
R,0.25,29,44.83,0.37,0.29,"Hiraldo, Yaramil",24.17,682274,BAL,44.83,56.25,Slider,SL,35.71,2354.1,80.47,87.3,38.46
R,0.36,29,24.14,-0.38,1.29,"Hoppe, Alex",38.16,695380,BAL,51.72,28.57,4-Seam Fastball,FF,7.14,2251.79,84.8,99.04,66.67
R,0.07,29,31.03,0.29,-0.16,"Hoppe, Alex",38.16,695380,BAL,51.72,28.57,Slider,SL,30.77,2307.21,82.55,89.92,60
R,0.23,18,38.89,-1.25,0.81,"Hoppe, Alex",23.68,695380,BAL,50,44.44,Sinker,SI,25,2099.33,77.22,98.67,44.44
R,0.23,51,27.45,0.49,0.17,"Kittredge, Andrew",53.68,552640,BAL,29.41,55.56,Slider,SL,27.59,2594.1,82.55,88.88,60
R,0.3,27,33.33,-1.27,0.9,"Kittredge, Andrew",28.42,552640,BAL,48.15,0,Sinker,SI,14.29,2262.26,93.1,94.9,53.85
R,0.43,17,23.53,-0.16,1.32,"Kittredge, Andrew",17.89,552640,BAL,58.82,57.14,4-Seam Fastball,FF,0,2485.18,86.2,94.65,60
R,0.07,26,30.77,1.13,0.02,"Nunez, Anthony",34.21,689296,BAL,30.77,38.89,Sweeper,ST,30,2853.81,85.37,85.98,37.5
R,0.39,19,15.79,-0.48,-0.17,"Nunez, Anthony",25,689296,BAL,42.11,0,Changeup,CH,0,1237.11,81.32,87.89,62.5
R,0.53,13,7.69,-0.42,1.26,"Nunez, Anthony",17.11,689296,BAL,46.15,42.86,4-Seam Fastball,FF,11.11,2628.31,85.71,96.35,100
R,0.22,7,14.29,0.25,0.5,"Nunez, Anthony",9.21,689296,BAL,71.43,0,Cutter,FC,0,2557.29,80.8,90.56,80
R,0,7,0,-1.28,0.75,"Nunez, Anthony",9.21,689296,BAL,42.86,0,Sinker,SI,0,2423.71,85.3,95.47,100
R,0,4,0,0,0,"Nunez, Anthony",5.26,689296,BAL,0,0,Unknown,UNK,0,0,0,0,0
L,0.24,110,26.36,0.64,1.5,"Povich, Cade",46.41,700249,BAL,50,18.18,4-Seam Fastball,FF,13.64,2428.75,83.57,91.5,61.82
L,0.21,42,19.05,1.2,0.51,"Povich, Cade",17.72,700249,BAL,45.24,34.78,Changeup,CH,17.39,1567.86,82.98,85.28,78.95
L,0.24,41,36.59,-0.86,-1.25,"Povich, Cade",17.3,700249,BAL,34.15,48.15,Curveball,CU,42.86,2445.1,72.59,76.76,57.14
L,0.76,25,24,-0.51,0.39,"Povich, Cade",10.55,700249,BAL,40,26.67,Slider,SL,0,2507.92,84.02,86.2,80
L,0.54,19,21.05,1.28,1.02,"Povich, Cade",8.02,700249,BAL,68.42,16.67,Sinker,SI,0,2250.89,88.34,91.25,69.23
R,0.29,118,28.81,0.93,1.24,"Rogers, Trevor",44.36,669432,BAL,61.86,22.22,4-Seam Fastball,FF,16.67,2507.64,84.41,94.25,68.49
R,0.3,54,18.52,1.1,0.12,"Rogers, Trevor",20.3,669432,BAL,37.04,32.35,Changeup,CH,20,1640.17,83.63,86.78,70
R,0.28,44,34.09,-0.98,0.18,"Rogers, Trevor",16.54,669432,BAL,43.18,32,Sweeper,ST,42.11,2160.36,67.77,78.31,57.89
R,0.06,25,28,-0.34,0.3,"Rogers, Trevor",9.4,669432,BAL,48,53.85,Cutter,FC,25,2288.64,81.16,84.14,75
R,0.23,25,36,1.42,0.62,"Rogers, Trevor",9.4,669432,BAL,72,14.29,Sinker,SI,11.11,2406.32,82.75,93.69,44.44
R,0.16,11,36.36,-0.52,1.34,"Sanders, Cam",50,676742,BAL,90.91,0,4-Seam Fastball,FF,14.29,2615.09,82.1,97.02,70
R,0.28,8,25,0.29,-0.24,"Sanders, Cam",36.36,676742,BAL,62.5,0,Slider,SL,0,2784.62,71.85,85.44,60
R,0.11,3,0,-1.34,-0.15,"Sanders, Cam",13.64,676742,BAL,33.33,50,Changeup,CH,0,1816,86.15,92.43,100
R,0.49,56,8.93,-0.49,1.38,"Suárez, Albert",50.91,544150,BAL,37.5,22.86,4-Seam Fastball,FF,7.41,2312.36,83.2,93.49,90.48
R,0.3,24,12.5,0.09,0.84,"Suárez, Albert",21.82,544150,BAL,58.33,50,Cutter,FC,11.76,2200.62,86.64,86.43,85.71
R,0.29,17,11.76,0.47,-0.6,"Suárez, Albert",15.45,544150,BAL,35.29,18.18,Curveball,CU,0,2243.18,85.67,77.65,66.67
R,0.62,13,15.38,-1.33,0.64,"Suárez, Albert",11.82,544150,BAL,46.15,42.86,Changeup,CH,0,2152.46,79.66,85.38,66.67
R,0.33,39,20.51,-0.56,0.2,"Walker, Josh",38.24,677020,BAL,43.59,63.64,Slider,SL,15.38,2041.77,78.89,82.62,70.59
R,0.21,29,24.14,1.05,0.86,"Walker, Josh",28.43,677020,BAL,82.76,60,Sinker,SI,5.26,2148.41,85.67,92.98,66.67
R,0.3,27,18.52,0.25,1.24,"Walker, Josh",26.47,677020,BAL,51.85,46.15,4-Seam Fastball,FF,0,2144.78,79.48,92.97,71.43
R,0,7,0,1.05,0.71,"Walker, Josh",6.86,677020,BAL,0,0,Changeup,CH,0,1775.29,0,85.57,0
R,0.44,49,26.53,1.26,1.05,"Wolfram, Grant",41.53,664991,BAL,53.06,30.43,Sinker,SI,21.74,2253.12,81.37,96.07,61.54
R,0.78,30,36.67,0.58,1.3,"Wolfram, Grant",25.42,664991,BAL,36.67,36.84,4-Seam Fastball,FF,41.67,2322.4,80.82,95.5,45.45
R,0.22,24,29.17,-0.02,-0.36,"Wolfram, Grant",20.34,664991,BAL,37.5,26.67,Curveball,CU,36.36,2392.42,73.19,85.54,77.78
R,0,15,13.33,-0.03,0.25,"Wolfram, Grant",12.71,664991,BAL,13.33,7.69,Slider,SL,66.67,2223.67,74.2,87.27,100
R,0.26,184,30.98,-0.51,1.41,"Young, Brandon",37.7,687064,BAL,55.98,32.1,4-Seam Fastball,FF,29.9,2213.23,85.65,94.4,68.93
R,0.51,92,25,0.18,0.34,"Young, Brandon",18.85,687064,BAL,50,30.43,Slider,SL,23.91,1968.53,80.9,85.02,69.57
R,0.26,81,16.05,-0.69,0.07,"Young, Brandon",16.6,687064,BAL,24.69,31.15,Split-Finger,FS,25.71,1417.4,82.5,83.6,80
R,0.45,70,15.71,-1.14,0.84,"Young, Brandon",14.34,687064,BAL,68.57,31.82,Sinker,SI,10.64,1786.5,85.08,93.92,83.33
R,0.28,61,22.95,1.09,-1.2,"Young, Brandon",12.5,687064,BAL,44.26,14.71,Curveball,CU,21.74,2681.64,76.33,74.91,66.67
R,0.27,117,30.77,-1.32,0.43,"Bello, Brayan",39.66,678394,BOS,52.14,37.5,Sinker,SI,9.8,1974.64,85.28,95.97,49.18
R,0.22,67,20.9,-1.32,0.3,"Bello, Brayan",22.71,678394,BOS,35.82,34.88,Changeup,CH,32.43,1681.43,81.85,89.28,91.67
R,0.12,39,58.97,-0.05,0.13,"Bello, Brayan",13.22,678394,BOS,61.54,60,Cutter,FC,60,2324.54,84.36,87.86,66.67
R,0.16,33,27.27,0.76,-0.24,"Bello, Brayan",11.19,678394,BOS,24.24,28,Sweeper,ST,46.67,2365.91,67.58,85.82,100
R,0.4,23,17.39,-0.48,0.95,"Bello, Brayan",7.8,678394,BOS,30.43,37.5,4-Seam Fastball,FF,30.77,2023.96,85.47,96.28,100
R,0,16,0,0,0,"Bello, Brayan",5.42,678394,BOS,0,0,Unknown,UNK,0,0,0,0,0
R,0.35,58,18.97,0.99,0.92,"Bennett, Jake",32.04,687562,BOS,58.62,25,4-Seam Fastball,FF,12.12,2141.86,83.93,92.9,79.41
R,0.13,46,21.74,1,0.41,"Bennett, Jake",25.41,687562,BOS,32.61,48.39,Changeup,CH,21.43,1948.7,81.52,82.79,86.67
R,0.27,35,25.71,1.33,0.33,"Bennett, Jake",19.34,687562,BOS,57.14,26.67,Sinker,SI,0,2082.51,88.82,92.25,60
R,0.26,23,8.7,-1.03,-0.56,"Bennett, Jake",12.71,687562,BOS,21.74,16.67,Sweeper,ST,16.67,2220.7,67.27,79.22,60
R,0.42,12,16.67,-0.02,0.26,"Bennett, Jake",6.63,687562,BOS,58.33,0,Cutter,FC,33.33,2046.75,74.45,84.52,85.71
R,0,5,0,0,0,"Bennett, Jake",2.76,687562,BOS,0,0,Unknown,UNK,0,0,0,0,0
R,0,2,50,-0.52,-0.93,"Bennett, Jake",1.1,687562,BOS,0,50,Curveball,CU,100,2234.5,0,77.5,0
L,0.11,33,15.15,1.22,0.38,"Burgos, Raymond",32.67,670103,BOS,75.76,37.5,Sinker,SI,0,2166.21,88.03,90.76,88
L,0.06,21,52.38,-1.22,0,"Burgos, Raymond",20.79,670103,BOS,61.9,50,Sweeper,ST,41.67,2326.62,80.57,78.62,61.54
L,0.36,20,15,1.11,0.03,"Burgos, Raymond",19.8,670103,BOS,45,54.55,Changeup,CH,20,1534.3,79.7,84.74,100
L,0.4,20,15,0.08,0.59,"Burgos, Raymond",19.8,670103,BOS,70,0,Cutter,FC,0,2139.75,94.05,86.9,78.57
L,0.64,7,28.57,0.87,0.99,"Burgos, Raymond",6.93,670103,BOS,14.29,66.67,4-Seam Fastball,FF,40,2161.29,85.33,90.8,100
R,0.4,38,13.16,0.27,1.45,"Chapman, Aroldis",35.85,547973,BOS,57.89,18.75,4-Seam Fastball,FF,20.83,2440.89,79.68,97.36,95.45
R,0.13,34,26.47,0.91,1.3,"Chapman, Aroldis",32.08,547973,BOS,47.06,44.44,Sinker,SI,26.09,2427.91,80.19,98.05,93.75
R,0.11,21,33.33,0.37,0.03,"Chapman, Aroldis",19.81,547973,BOS,28.57,73.33,Split-Finger,FS,33.33,970.33,83.32,90.5,66.67
R,0.28,13,30.77,-0.69,0.53,"Chapman, Aroldis",12.26,547973,BOS,61.54,40,Slider,SL,25,2323.54,83.85,86.61,75
R,0.1,70,32.86,1.15,-0.48,"Gray, Sonny",25.09,543243,BOS,30,53.06,Sweeper,ST,41.46,2726.64,80.92,84.69,71.43
R,0.34,61,19.67,-0.89,0.65,"Gray, Sonny",21.86,543243,BOS,52.46,17.24,Sinker,SI,7.41,2385.89,82.74,92.06,68.75
R,0.33,53,37.74,1.11,-1.25,"Gray, Sonny",19,543243,BOS,45.28,31.03,Curveball,CU,27.78,2640.32,84.46,79.81,37.5
R,0.28,44,25,0.14,0.83,"Gray, Sonny",15.77,543243,BOS,59.09,55.56,4-Seam Fastball,FF,7.69,2478.02,83.36,91.59,61.54
R,0.31,43,16.28,0.36,0.34,"Gray, Sonny",15.41,543243,BOS,51.16,19.05,Cutter,FC,5.26,2625.35,85.59,88.68,68.18
R,0,8,25,-1.09,0.4,"Gray, Sonny",2.87,543243,BOS,25,16.67,Changeup,CH,100,1783.88,0,85.69,0
R,0.08,89,31.46,-1.2,0.99,"Guerrero, Tyron",84.76,594027,BOS,65.17,38.71,Sinker,SI,20.37,2200.53,81.88,100.84,72.41
R,0.22,9,33.33,-0.77,0.2,"Guerrero, Tyron",8.57,594027,BOS,33.33,100,Split-Finger,FS,33.33,1338.78,65.5,92.44,100
R,0.34,7,0,0.06,0.32,"Guerrero, Tyron",6.67,594027,BOS,14.29,50,Slider,SL,0,2154.86,81.7,91.67,100
R,0.14,9,44.44,1.27,0.87,"Martinez, Seth",40.91,661527,BOS,55.56,50,Sweeper,ST,40,2457.33,78.23,78.61,60
R,0,7,42.86,-1.02,-0.15,"Martinez, Seth",31.82,661527,BOS,71.43,50,Sinker,SI,25,2094.29,66.05,89.11,60
R,0,4,50,-1.12,0.87,"Martinez, Seth",18.18,661527,BOS,50,50,4-Seam Fastball,FF,0,2229,70.9,90.85,0
R,0.8,2,0,-0.85,0.32,"Martinez, Seth",9.09,661527,BOS,0,50,Changeup,CH,0,2019,96.3,82.75,0
R,0.27,65,32.31,1.42,0.69,"Miller, Erik",57.52,669062,BOS,63.08,12.5,Sinker,SI,12.5,2358.91,74.99,97.08,51.22
R,0.23,43,46.51,-0.37,-0.1,"Miller, Erik",38.05,669062,BOS,37.21,51.85,Slider,SL,50,2538.12,82.35,85.66,62.5
R,0.73,5,0,0.61,1.27,"Miller, Erik",4.42,669062,BOS,20,0,4-Seam Fastball,FF,0,2354,82.3,96.98,100
R,0.39,56,28.57,0.36,1.42,"Morán, Jovani",42.11,663558,BOS,57.14,16.67,4-Seam Fastball,FF,14.81,2381.98,85.03,93.46,71.88
R,0.43,39,41.03,1.2,0.66,"Morán, Jovani",29.32,663558,BOS,38.46,54.17,Changeup,CH,52,1796.36,84.14,83.13,80
R,0.38,21,0,1,1.02,"Morán, Jovani",15.79,663558,BOS,14.29,11.11,Sinker,SI,0,2340.05,66.07,93.14,100
R,0,9,22.22,-0.18,0.59,"Morán, Jovani",6.77,663558,BOS,22.22,28.57,Cutter,FC,50,2485.33,100.2,87.17,100
R,0,8,0,-0.98,-0.21,"Morán, Jovani",6.02,663558,BOS,25,0,Sweeper,ST,0,2731,33.2,80.51,100
R,0.14,94,26.6,1.23,0.82,"Sandoval, Patrick",26.55,663776,BOS,32.98,23.81,Changeup,CH,39.47,1709.34,81.26,83.59,74.19
R,0.27,93,25.81,-0.66,0.31,"Sandoval, Patrick",26.27,663776,BOS,47.31,24.49,Slider,SL,26.67,2584.22,78.99,86.61,75
R,0.52,79,29.11,1.12,1.09,"Sandoval, Patrick",22.32,663776,BOS,54.43,22.22,Sinker,SI,21.62,2088.61,80.28,94.04,67.44
R,0.49,69,21.74,0.61,1.35,"Sandoval, Patrick",19.49,663776,BOS,44.93,34.21,4-Seam Fastball,FF,20.59,2083.29,84.14,93.47,67.74
R,0.41,11,18.18,-1.5,0.01,"Sandoval, Patrick",3.11,663776,BOS,63.64,0,Sweeper,ST,0,2736.18,71.22,80.09,71.43
R,0,8,62.5,-0.84,-1.01,"Sandoval, Patrick",2.26,663776,BOS,62.5,0,Curveball,CU,0,2687.75,0,74.31,0
R,0.44,35,22.86,0.2,0.76,"Slaten, Justin",39.77,686580,BOS,51.43,47.06,Cutter,FC,11.11,2424,89.81,94.87,55.56
R,0.05,18,22.22,-0.1,1.34,"Slaten, Justin",20.45,686580,BOS,38.89,27.27,4-Seam Fastball,FF,25,2420,78.97,97.05,71.43
R,0.06,15,46.67,-0.88,1.21,"Slaten, Justin",17.05,686580,BOS,80,66.67,Sinker,SI,22.22,2332.13,86.51,97.73,58.33
R,0.02,15,40,1.2,0.14,"Slaten, Justin",17.05,686580,BOS,33.33,50,Sweeper,ST,50,2620.73,77.75,86.59,60
R,0.07,5,0,0.72,-1.04,"Slaten, Justin",5.68,686580,BOS,40,66.67,Curveball,CU,0,2661.6,77.25,84.44,100
R,0.32,68,29.41,0.38,0.93,"Suarez, Ranger",25,624133,BOS,64.71,8.33,4-Seam Fastball,FF,12.5,1976.65,86.74,91.88,68.18
R,0.6,54,22.22,-0.14,0.6,"Suarez, Ranger",19.85,624133,BOS,48.15,14.29,Cutter,FC,8.33,2046.22,85.49,87.59,76.92
R,0.49,54,18.52,1.13,0.52,"Suarez, Ranger",19.85,624133,BOS,44.44,33.33,Sinker,SI,14.29,1963.26,91.49,89.77,75
R,0.15,44,22.73,-0.82,-0.78,"Suarez, Ranger",16.18,624133,BOS,36.36,42.86,Curveball,CU,10,2214.91,81.97,75.99,50
R,0.73,30,26.67,-1.03,0.21,"Suarez, Ranger",11.03,624133,BOS,33.33,10,Slider,SL,50,2238.93,73.2,79.61,60
R,0.19,20,20,0.73,0.25,"Suarez, Ranger",7.35,624133,BOS,10,44.44,Changeup,CH,40,1229.4,98.35,80.83,100
R,0.7,2,0,0,0,"Suarez, Ranger",0.74,624133,BOS,0,0,Unknown,UNK,0,0,0,0,0
R,0.25,148,32.43,0.74,1.27,"Tolle, Payton",42.05,801139,BOS,60.81,37.93,4-Seam Fastball,FF,30.43,2267.09,81.01,96.78,77.78
R,0.17,72,38.89,-0.24,0.58,"Tolle, Payton",20.45,801139,BOS,41.67,61.9,Cutter,FC,44,2368.58,74.38,88.94,80
R,0.3,58,31.03,1.33,0.82,"Tolle, Payton",16.48,801139,BOS,44.83,37.5,Sinker,SI,28.57,2268.31,81.97,95.5,61.54
R,0.13,50,52,-0.56,-0.39,"Tolle, Payton",14.2,801139,BOS,40,46.67,Curveball,CU,58.33,2451.68,92.87,82.85,50
R,0,16,12.5,0.88,0.19,"Tolle, Payton",4.55,801139,BOS,25,16.67,Changeup,CH,0,1009.75,80,88.95,50
R,0,8,0,0,0,"Tolle, Payton",2.27,801139,BOS,0,0,Unknown,UNK,0,0,0,0,0
R,0.22,48,22.92,-1.38,0.13,"Weissert, Greg",38.1,669711,BOS,41.67,35.71,Sinker,SI,16.67,2096.1,88.42,93.78,70
R,0.32,30,13.33,-0.81,0.89,"Weissert, Greg",23.81,669711,BOS,53.33,28.57,4-Seam Fastball,FF,5.88,2292.17,85,94.33,81.25
R,0,20,30,-1.2,-0.32,"Weissert, Greg",15.87,669711,BOS,20,18.75,Changeup,CH,85.71,1617.9,72.8,85.34,100
R,0,19,36.84,0.43,0.3,"Weissert, Greg",15.08,669711,BOS,68.42,0,Slider,SL,0,2498.05,72.07,85.76,46.15
R,0.6,8,0,1.23,0.5,"Weissert, Greg",6.35,669711,BOS,12.5,0,Sweeper,ST,0,2606,74.4,83.46,100
R,0,1,0,1.33,-0.55,"Weissert, Greg",0.79,669711,BOS,0,0,Curveball,CU,0,2737,0,81.5,0
R,0.13,53,37.74,-0.87,1.31,"Whitlock, Garrett",62.35,676477,BOS,58.49,45.45,Sinker,SI,24.14,2160.7,86.67,95.38,61.29
R,0.1,21,66.67,0.09,-0.12,"Whitlock, Garrett",24.71,676477,BOS,9.52,52.63,Slider,SL,100,2008.14,0,86.8,0
R,0.16,11,27.27,-1.16,-0.06,"Whitlock, Garrett",12.94,676477,BOS,54.55,20,Changeup,CH,33.33,2126.45,93.7,83.64,83.33
R,0.29,99,29.29,-1.17,0.87,"Assad, Javier",37.5,665871,CHC,66.67,15.15,Sinker,SI,8.33,2043.75,84.15,93.77,65.15
R,0.36,61,29.51,-0.43,1.26,"Assad, Javier",23.11,665871,CHC,63.93,27.27,4-Seam Fastball,FF,28.95,2179.02,83.71,94.18,82.05
R,0,28,32.14,1.14,-0.71,"Assad, Javier",10.61,665871,CHC,46.43,13.33,Curveball,CU,25,2502.75,72.33,77.39,46.15
R,0.43,26,11.54,-0.83,0.11,"Assad, Javier",9.85,665871,CHC,23.08,25,Changeup,CH,20,1326.77,89.52,86.12,83.33
R,0.4,25,24,0.36,0.66,"Assad, Javier",9.47,665871,CHC,24,31.58,Cutter,FC,20,2177.84,73.49,90.41,66.67
R,0.06,21,9.52,1.14,0.21,"Assad, Javier",7.95,665871,CHC,9.52,21.05,Sweeper,ST,33.33,2431.38,69.5,82.57,100
R,0.22,4,25,0.46,-0.1,"Assad, Javier",1.52,665871,CHC,25,66.67,Slider,SL,0,2233.75,92.8,84.5,0
R,0.44,167,20.96,1.17,0.87,"Boyd, Matthew",45.01,571510,CHC,55.09,38.67,4-Seam Fastball,FF,4.4,2300.38,81.33,92.7,67.39
R,0.33,77,28.57,1.22,0.28,"Boyd, Matthew",20.75,571510,CHC,53.25,52.78,Changeup,CH,21.57,1695.39,80.67,77.71,78.05
R,0.26,73,26.03,-1.08,-0.86,"Boyd, Matthew",19.68,571510,CHC,46.58,23.08,Curveball,CU,16.67,2497.41,71.5,73.19,61.76
R,0.38,53,11.32,-0.12,0.11,"Boyd, Matthew",14.29,571510,CHC,30.19,35.14,Slider,SL,4.17,2555.79,76.38,83.29,68.75
R,0,1,0,1.46,0.76,"Boyd, Matthew",0.27,571510,CHC,100,0,Sinker,SI,0,2408,76.6,93.2,100
R,0.43,50,34,0.45,0.8,"Civale, Aaron",42.74,650644,CHC,58,38.1,Cutter,FC,35.48,2669.42,73.32,88.66,79.31
R,0.08,24,37.5,0.94,-1.23,"Civale, Aaron",20.51,650644,CHC,37.5,73.33,Curveball,CU,33.33,3113.04,81.94,78.55,44.44
R,0.44,17,0,-0.49,1.43,"Civale, Aaron",14.53,650644,CHC,29.41,16.67,4-Seam Fastball,FF,0,2403.06,94.94,91.9,100
R,0.26,13,30.77,-1.16,0.58,"Civale, Aaron",11.11,650644,CHC,61.54,60,Split-Finger,FS,22.22,2096.92,84.91,85.93,75
R,0.62,9,0,0.52,-0.35,"Civale, Aaron",7.69,650644,CHC,77.78,0,Slider,SL,0,2815.89,81.97,83.59,100
R,0,4,0,-0.9,1.07,"Civale, Aaron",3.42,650644,CHC,50,0,Sinker,SI,0,2365,70,92.95,100
R,0.34,46,26.09,-0.65,1.14,"Ferguson, Tyler",56.79,621053,CHC,41.3,22.22,4-Seam Fastball,FF,30,2326.35,79.25,95.47,73.68
R,0.01,14,28.57,1.01,0.22,"Ferguson, Tyler",17.28,621053,CHC,21.43,27.27,Sweeper,ST,60,2700.57,83.2,84.69,66.67
R,0.88,7,71.43,-1.15,0.27,"Ferguson, Tyler",8.64,621053,CHC,42.86,75,Changeup,CH,83.33,1678.14,107.1,86.71,100
R,0,6,66.67,-1.19,0.55,"Ferguson, Tyler",7.41,621053,CHC,83.33,100,Sinker,SI,50,2185.17,0,95.77,60
R,0,6,0,0.45,-0.22,"Ferguson, Tyler",7.41,621053,CHC,0,0,Slider,SL,0,2655.5,0,83.8,0
R,0,2,100,0.31,0.1,"Ferguson, Tyler",2.47,621053,CHC,100,0,Cutter,FC,0,2560,0,87.2,0
R,0.33,178,31.46,-0.83,1.41,"Gausman, Kevin",46.84,592332,CHC,68.54,50,4-Seam Fastball,FF,7.69,2370.9,83.01,94.64,62.3
R,0.2,178,24.72,-1.12,0.34,"Gausman, Kevin",46.84,592332,CHC,28.09,37.5,Split-Finger,FS,34.78,1562.49,79.96,85.33,88
R,0,24,16.67,0.1,0.44,"Gausman, Kevin",6.32,592332,CHC,8.33,18.18,Slider,SL,66.67,2220.17,80.7,85.96,100
R,0.01,7,14.29,-0.84,0.93,"Hollowell, Gavin",53.85,668970,CHC,57.14,0,4-Seam Fastball,FF,0,2821.71,88.5,95.16,75
R,0,3,66.67,-1.56,0.16,"Hollowell, Gavin",23.08,668970,CHC,100,0,Sinker,SI,0,2643,0,96.5,0
R,0.8,2,0,1.24,0.32,"Hollowell, Gavin",15.38,668970,CHC,0,50,Sweeper,ST,0,2720.5,73.1,85.3,0
R,0,1,0,-1.45,-0.24,"Hollowell, Gavin",7.69,668970,CHC,0,0,Changeup,CH,0,2122,0,84.8,0
R,0.47,29,10.34,-1.2,0.11,"Holmes, Clay",41.43,605280,CHC,41.38,52.94,Sinker,SI,5.26,2128.14,85.41,93.11,83.33
R,0.61,19,10.53,1.24,-0.36,"Holmes, Clay",27.14,605280,CHC,31.58,30.77,Sweeper,ST,0,2751.58,80.8,80.98,50
R,0.53,13,15.38,-0.74,0.03,"Holmes, Clay",18.57,605280,CHC,23.08,20,Changeup,CH,0,906.46,90.2,87.88,33.33
R,0,6,83.33,0.02,-0.17,"Holmes, Clay",8.57,605280,CHC,33.33,100,Cutter,FC,75,2617.5,0,85.1,0
R,0,2,0,-0.71,1.01,"Holmes, Clay",2.86,605280,CHC,50,100,4-Seam Fastball,FF,0,2217,94,93.65,100
R,0.06,1,0,0.91,-1.1,"Holmes, Clay",1.43,605280,CHC,100,0,Curveball,CU,0,2901,79.2,81.2,100
R,0.19,150,23.33,0.98,1.43,"Imanaga, Shota",39.79,684007,CHC,47.33,20.25,4-Seam Fastball,FF,17.91,2484.81,86.06,91.04,71.83
R,0.25,117,27.35,0.93,0.43,"Imanaga, Shota",31.03,684007,CHC,38.46,50,Split-Finger,FS,38.46,1093.84,78.23,82.16,93.33
R,0.76,72,19.44,-1.3,-0.09,"Imanaga, Shota",19.1,684007,CHC,47.22,36.84,Sweeper,ST,12.5,2571.62,79.08,80.06,76.47
R,0.58,20,45,1.39,0.74,"Imanaga, Shota",5.31,684007,CHC,75,40,Sinker,SI,33.33,2449.9,91.98,90.04,66.67
R,0.91,14,42.86,-0.26,0.65,"Imanaga, Shota",3.71,684007,CHC,50,14.29,Slider,SL,50,2482.64,66.4,86.11,100
R,0,4,25,-0.59,-1.18,"Imanaga, Shota",1.06,684007,CHC,25,0,Curveball,CU,0,2515.75,0,74.2,0
L,0.7,18,22.22,1.04,0.73,"Kelly, Antoine",50,681520,CHC,11.11,12.5,Sinker,SI,0,2138.89,0,95.9,0
L,0.31,14,14.29,-0.62,0.77,"Kelly, Antoine",38.89,681520,CHC,57.14,33.33,Slider,SL,20,2483.86,80.77,87.01,100
L,0.5,4,50,0.52,1.01,"Kelly, Antoine",11.11,681520,CHC,50,0,4-Seam Fastball,FF,0,2271.5,101.8,96.15,100
R,0.32,124,24.19,1.13,0.67,"Peterson, David",33.33,656849,CHC,41.94,22.22,Sinker,SI,11.54,2108.19,80.24,91.85,69.23
R,0.46,86,16.28,0.21,0.97,"Peterson, David",23.12,656849,CHC,41.86,28,4-Seam Fastball,FF,10,2145.23,75.28,92.43,72.22
R,0.22,76,28.95,-0.22,0.19,"Peterson, David",20.43,656849,CHC,47.37,50,Slider,SL,32,2258.24,79.26,86.33,83.33
R,0.11,64,25,1.07,0.28,"Peterson, David",17.2,656849,CHC,53.12,20,Changeup,CH,7.14,1533.88,77.37,85.15,64.71
R,0,22,54.55,-0.26,-0.78,"Peterson, David",5.91,656849,CHC,54.55,0,Curveball,CU,0,2404.55,69.7,79.4,16.67
R,0.31,76,27.63,-0.72,1.07,"Rea, Colin",50.67,607067,CHC,55.26,29.41,4-Seam Fastball,FF,16.67,2122.07,82.59,94.24,61.9
R,0.4,30,13.33,-1.05,-0.01,"Rea, Colin",20,607067,CHC,50,20,Changeup,CH,0,1327.9,90.88,87.85,73.33
R,0.27,14,35.71,0.79,-0.61,"Rea, Colin",9.33,607067,CHC,50,28.57,Curveball,CU,0,2137.79,86.82,80.96,28.57
R,0.16,9,22.22,0.17,-0.07,"Rea, Colin",6,607067,CHC,44.44,60,Slider,SL,16.67,2102,85.62,86.62,75
R,0.89,7,28.57,0.36,0.41,"Rea, Colin",4.67,607067,CHC,42.86,0,Cutter,FC,0,2130.71,94.3,87.11,66.67
R,0.26,7,14.29,-1.17,0.75,"Rea, Colin",4.67,607067,CHC,57.14,33.33,Sinker,SI,0,2126.29,70.03,93.1,75
R,0,7,28.57,1.25,0.04,"Rea, Colin",4.67,607067,CHC,28.57,20,Sweeper,ST,66.67,2394.14,66,83.29,100
R,0.36,47,29.79,0.19,1.17,"Rolison, Ryan",37.3,669020,CHC,68.09,13.33,4-Seam Fastball,FF,9.09,2290.77,88.66,94.73,62.5
R,0.2,32,43.75,-1.07,-0.04,"Rolison, Ryan",25.4,669020,CHC,43.75,50,Sweeper,ST,47.06,2586.78,77.13,84.73,57.14
R,0.09,25,36,1.04,0.69,"Rolison, Ryan",19.84,669020,CHC,52,33.33,Sinker,SI,18.18,2202.64,75.25,94.91,53.85
R,0.25,20,35,-0.82,-1.2,"Rolison, Ryan",15.87,669020,CHC,40,16.67,Curveball,CU,40,2681.3,90.9,78.72,37.5
R,0.1,2,0,-0.33,-0.08,"Rolison, Ryan",1.59,669020,CHC,50,0,Slider,SL,0,2525.5,69,87.15,100
R,0.44,50,20,0.37,1.53,"Thielbar, Caleb",39.68,573204,CHC,52,25,4-Seam Fastball,FF,14.29,2341.7,81.74,93.69,84.62
R,0.26,43,37.21,-0.56,-1.21,"Thielbar, Caleb",34.13,573204,CHC,44.19,37.5,Curveball,CU,16.67,2617.65,79.76,76.02,47.37
R,0.53,22,31.82,-0.44,0.53,"Thielbar, Caleb",17.46,573204,CHC,50,27.27,Slider,SL,50,2359.77,97.3,88.75,63.64
R,0.85,9,44.44,-1.3,-0.2,"Thielbar, Caleb",7.14,573204,CHC,55.56,50,Sweeper,ST,0,2535.67,75.23,80.32,20
R,0,2,0,0.45,1.49,"Thielbar, Caleb",1.59,573204,CHC,0,0,Unknown,UNK,0,0,0,90.4,0
R,0.28,78,20.51,-0.29,1.34,"Thornton, Trent",47.56,663423,CHC,53.85,36.11,4-Seam Fastball,FF,9.76,2436,80.72,94.97,66.67
R,0.28,30,30,1.22,0,"Thornton, Trent",18.29,663423,CHC,36.67,36.84,Sweeper,ST,21.43,2892.97,80.86,81.84,63.64
R,0,24,33.33,0.55,-0.92,"Thornton, Trent",14.63,663423,CHC,41.67,14.29,Curveball,CU,66.67,3087.08,64.3,81.61,40
R,0.22,20,0,0.27,0.56,"Thornton, Trent",12.2,663423,CHC,35,15.38,Cutter,FC,0,2671.4,72.72,90.67,100
R,0,8,0,0,0,"Thornton, Trent",4.88,663423,CHC,0,0,Unknown,UNK,0,0,0,0,0
R,0,4,0,-1.1,0.68,"Thornton, Trent",2.44,663423,CHC,25,0,Sinker,SI,0,2178.75,59.9,93.45,100
R,0.12,62,40.32,-1.48,0.73,"Webb, Jacob",43.36,657097,CHC,48.39,65.62,Changeup,CH,44.68,2279.68,77.31,85.6,86.67
R,0.1,51,33.33,-0.74,1.35,"Webb, Jacob",35.66,657097,CHC,54.9,13.04,4-Seam Fastball,FF,12.5,2526.92,82.81,94.57,46.43
R,0.25,19,15.79,0.1,-0.24,"Webb, Jacob",13.29,657097,CHC,42.11,18.18,Slider,SL,22.22,2622.58,84.87,85.25,87.5
R,0,11,81.82,0.47,-0.94,"Webb, Jacob",7.69,657097,CHC,63.64,0,Curveball,CU,100,2634.73,0,82.55,14.29
R,0.52,16,25,-0.12,0.78,"Woodford, Jake",57.14,663765,CHC,50,0,Cutter,FC,0,2192.25,84.05,91.25,50
R,0.41,12,16.67,-1.1,0.4,"Woodford, Jake",42.86,663765,CHC,50,0,Sinker,SI,0,1926.17,98.65,92.95,66.67
R,0.27,58,31.03,-0.22,1.21,"Zeferjahn, Ryan",53.21,666171,CHC,39.66,40,4-Seam Fastball,FF,25,2217.19,85.07,97.07,60.87
R,0.21,38,34.21,1.31,0.27,"Zeferjahn, Ryan",34.86,666171,CHC,50,31.58,Sweeper,ST,29.41,2682.42,81.37,84.72,57.89
R,0.37,8,50,0.46,-0.1,"Zeferjahn, Ryan",7.34,666171,CHC,87.5,0,Slider,SL,25,2585.5,81.9,88.66,57.14
R,0,4,50,-1.03,0.67,"Zeferjahn, Ryan",3.67,666171,CHC,50,0,Sinker,SI,0,2032.5,0,96.22,0
R,0.17,1,0,0.69,-0.55,"Zeferjahn, Ryan",0.92,666171,CHC,100,0,Curveball,CU,0,2582,76.1,85.6,100
R,0.28,59,32.2,-1.43,0.63,"Brazobán, Huascar",50.86,623211,CHW,47.46,51.61,Sinker,SI,30.3,2280.58,83.35,96.48,60.71
R,0.12,41,24.39,-1.33,0.23,"Brazobán, Huascar",35.34,623211,CHW,36.59,30.77,Changeup,CH,40.91,2098.24,74.59,90.95,93.33
R,0.86,14,0,-0.92,1.15,"Brazobán, Huascar",12.07,623211,CHW,35.71,33.33,4-Seam Fastball,FF,0,2247.5,83.37,96.91,100
R,0,2,50,-0.36,0.68,"Brazobán, Huascar",1.72,623211,CHW,50,0,Cutter,FC,0,2193.5,0,90.35,0
R,0.23,109,18.35,-0.33,1.52,"Burke, Sean",39.49,680732,CHW,36.7,34.78,4-Seam Fastball,FF,22.41,2598.83,84.1,95.03,85
R,0.23,48,31.25,0.37,-1.2,"Burke, Sean",17.39,680732,CHW,37.5,20,Knuckle Curve,KC,40,2465.15,80.28,78.1,50
R,0.35,43,41.86,0.42,0.62,"Burke, Sean",15.58,680732,CHW,74.42,45.45,Cutter,FC,24,2576.63,92.15,89.5,62.5
R,0.49,40,45,0.47,0.05,"Burke, Sean",14.49,680732,CHW,50,55,Slider,SL,44,2526.18,89.55,85.13,70
R,0.46,31,29.03,-1.05,1.22,"Burke, Sean",11.23,680732,CHW,61.29,25,Sinker,SI,23.53,2426.48,86.44,94.75,73.68
R,0,5,40,-1.17,0.77,"Burke, Sean",1.81,680732,CHW,60,0,Changeup,CH,50,1871.4,0,86.04,66.67
R,0.21,74,35.14,-0.95,0.92,"Castillo, Luis",52.11,622491,CHW,51.35,33.33,4-Seam Fastball,FF,38.1,2210.62,82.68,95.58,78.95
R,0.39,30,26.67,-1.41,0.25,"Castillo, Luis",21.13,622491,CHW,53.33,0,Sinker,SI,0,2093.93,86.7,96.04,50
R,1.33,24,25,0,0.16,"Castillo, Luis",16.9,622491,CHW,41.67,0,Slider,SL,50,2312,88.3,86.22,80
R,0.87,14,28.57,-1.37,-0.06,"Castillo, Luis",9.86,622491,CHW,28.57,20,Changeup,CH,66.67,2008.57,72.1,87.67,100
R,0.34,6,0,0.44,0.4,"Davitt, Duncan",42.86,701474,CHW,33.33,75,Slider,SL,0,2609.83,79.28,87.05,100
R,0,4,50,-0.58,1.34,"Davitt, Duncan",28.57,701474,CHW,50,0,4-Seam Fastball,FF,100,2447.25,0,93.5,50
R,0.56,2,50,-1.5,0.68,"Davitt, Duncan",14.29,701474,CHW,50,100,Sinker,SI,0,2292,101.1,92.4,0
R,0,1,0,1.14,-0.39,"Davitt, Duncan",7.14,701474,CHW,0,0,Curveball,CU,0,2755,0,81.5,0
R,0,1,0,1.7,0.4,"Davitt, Duncan",7.14,701474,CHW,0,0,Sweeper,ST,0,2880,0,83.4,0
R,0.22,110,38.18,1.34,0.1,"Fedde, Erick",33.13,607200,CHW,47.27,27.59,Sweeper,ST,23.53,2541.31,85.03,82.25,34.62
R,0.39,100,26,-0.7,0.7,"Fedde, Erick",30.12,607200,CHW,48,19.23,Sinker,SI,4.55,2066,80.6,93.82,70.83
R,0.37,88,22.73,0.06,0.67,"Fedde, Erick",26.51,607200,CHW,40.91,26.92,Cutter,FC,20,2140.36,79.72,92.11,72.22
R,0,24,33.33,-0.89,0.2,"Fedde, Erick",7.23,607200,CHW,16.67,30,Changeup,CH,66.67,1833.58,67.4,88.55,0
R,0,10,0,0,0,"Fedde, Erick",3.01,607200,CHW,0,0,Unknown,UNK,0,0,0,0,0
R,0.23,38,13.16,-0.94,1.19,"Hicks, Jordan",36.54,663855,CHW,26.32,53.57,4-Seam Fastball,FF,16.67,2239.16,77.58,99.89,90
R,0.42,38,26.32,-1.31,0.92,"Hicks, Jordan",36.54,663855,CHW,73.68,20,Sinker,SI,0,2108.39,89.79,100.36,60.71
R,0.07,23,39.13,0.67,-0.15,"Hicks, Jordan",22.12,663855,CHW,43.48,30.77,Sweeper,ST,50,2316.3,80.16,85.42,60
R,0,5,20,-1.29,0.21,"Hicks, Jordan",4.81,663855,CHW,0,40,Split-Finger,FS,50,1339.8,61.2,92.7,0
R,0.22,61,32.79,0.9,0.9,"Hudson, Bryan",69.32,663542,CHW,68.85,26.32,4-Seam Fastball,FF,14.29,2186.3,83.83,92.56,54.76
R,0.2,27,22.22,-1.14,-0.38,"Hudson, Bryan",30.68,663542,CHW,44.44,26.67,Sweeper,ST,26.67,2004.93,77.43,79.37,91.67
R,0.42,44,38.64,-1.14,0.15,"Kay, Anthony",25.58,641743,CHW,38.64,22.22,Sweeper,ST,45.45,2451.66,67.93,83.22,29.41
R,0.44,36,11.11,0.02,0.59,"Kay, Anthony",20.93,641743,CHW,52.78,35.29,Cutter,FC,8.7,2431.86,75.95,92.67,89.47
R,0.38,31,29.03,0.61,1.3,"Kay, Anthony",18.02,641743,CHW,61.29,16.67,4-Seam Fastball,FF,27.78,2354.42,78.02,95.57,84.21
R,0.41,26,11.54,1.31,0.4,"Kay, Anthony",15.12,641743,CHW,46.15,21.43,Sinker,SI,0,2307.96,88.87,95.54,91.67
R,0.09,19,21.05,1.35,0.13,"Kay, Anthony",11.05,641743,CHW,31.58,61.54,Changeup,CH,23.08,1836.58,83.33,86.57,83.33
R,0.15,16,18.75,-0.37,-0.44,"Kay, Anthony",9.3,641743,CHW,31.25,63.64,Slider,SL,25,2622.69,74.44,86.46,100
R,0.35,106,22.64,-0.42,1.11,"Martin, Davis",34.08,663436,CHW,53.77,26.53,4-Seam Fastball,FF,13.21,2407.58,83.28,93.02,70.18
R,0.77,55,27.27,1.17,-0.74,"Martin, Davis",17.68,663436,CHW,27.27,27.5,Curveball,CU,43.75,2879.82,87.48,80.7,33.33
R,0.36,51,27.45,-1.21,0.64,"Martin, Davis",16.4,663436,CHW,68.63,6.25,Sinker,SI,0,2401.14,85.16,92.24,60
R,0.45,38,28.95,-0.98,0.12,"Martin, Davis",12.22,663436,CHW,39.47,34.78,Changeup,CH,20,2132.68,89.3,89.02,46.67
R,0.79,33,27.27,0.43,0.09,"Martin, Davis",10.61,663436,CHW,42.42,52.63,Slider,SL,19.05,2616.88,71.09,86.35,78.57
R,0.24,28,10.71,-0.02,0.62,"Martin, Davis",9,663436,CHW,57.14,16.67,Cutter,FC,0,2533.46,84.08,88.86,81.25
L,0.28,32,21.88,0.61,1.3,"Murphy, Chris",39.02,669684,CHW,56.25,21.43,4-Seam Fastball,FF,17.65,2290.53,83.99,95.45,77.78
L,0.19,26,30.77,-0.37,0.57,"Murphy, Chris",31.71,669684,CHW,76.92,16.67,Slider,SL,21.43,2336.77,78.5,89.89,65
L,0.12,18,33.33,-1.34,-0.99,"Murphy, Chris",21.95,669684,CHW,38.89,9.09,Curveball,CU,50,2563.61,84,77.35,42.86
L,0,4,0,-0.73,-0.5,"Murphy, Chris",4.88,669684,CHW,25,33.33,Slurve,SV,0,2379.75,88,83.38,100
L,0,2,0,-1.44,0.35,"Murphy, Chris",2.44,669684,CHW,0,0,Sweeper,ST,0,2543.5,0,80.9,0
R,0.3,34,35.29,0.84,1.11,"Newcomb, Sean",37.78,656794,CHW,64.71,41.67,4-Seam Fastball,FF,23.81,2186.5,80.14,94.44,72.73
R,0.16,32,34.38,-1.34,-0.38,"Newcomb, Sean",35.56,656794,CHW,50,31.25,Slurve,SV,26.67,2822,84.67,83.02,62.5
R,0.53,20,20,1.34,0.25,"Newcomb, Sean",22.22,656794,CHW,45,0,Sinker,SI,14.29,2199.2,90.44,93.46,77.78
R,0,4,0,-0.9,-1.1,"Newcomb, Sean",4.44,656794,CHW,0,50,Curveball,CU,0,2943.5,91.9,80.6,0
R,0.35,145,28.97,-0.63,1.65,"Richards, Trevor",68.4,670950,CHW,48.28,25.33,4-Seam Fastball,FF,15,2240.09,85.07,91.48,58.57
R,0.37,47,17.02,-0.95,-0.12,"Richards, Trevor",22.17,670950,CHW,27.66,29.41,Changeup,CH,28.57,2562.81,85.05,79.77,84.62
R,0.14,12,0,0.27,0.48,"Richards, Trevor",5.66,670950,CHW,25,22.22,Slider,SL,0,2120.5,86.65,84.42,100
R,0,8,0,0,0,"Richards, Trevor",3.77,670950,CHW,0,0,Unknown,UNK,0,0,0,0,0
R,0.31,80,22.5,-0.24,1.16,"Sandlin, David",41.67,689818,CHW,52.5,21.05,4-Seam Fastball,FF,11.11,2230.98,80.96,95.77,66.67
R,0.12,36,55.56,0.35,-0.54,"Sandlin, David",18.75,689818,CHW,72.22,60,Curveball,CU,25,2459,77.28,83.75,38.46
R,0.62,36,27.78,0.4,0.34,"Sandlin, David",18.75,689818,CHW,50,0,Cutter,FC,28.57,2277.06,96.25,89.68,77.78
R,0.3,16,0,-0.48,0.59,"Sandlin, David",8.33,689818,CHW,12.5,28.57,Changeup,CH,0,1191.62,77.9,91.06,100
R,0.73,16,25,-1.03,0.87,"Sandlin, David",8.33,689818,CHW,25,0,Sinker,SI,0,2019.62,0,94.31,0
R,0.36,8,50,1.11,0.18,"Sandlin, David",4.17,689818,CHW,25,66.67,Sweeper,ST,66.67,2667.25,80.5,86.7,100
L,0.18,68,35.29,1.61,0.58,"Schultz, Noah",37.78,702273,CHW,67.65,45.45,Sinker,SI,11.11,2467.53,79.01,95.14,56.52
L,0.51,48,25,-0.05,0.78,"Schultz, Noah",26.67,702273,CHW,54.17,18.18,Cutter,FC,10,2613.29,89.88,90.5,61.54
L,0.36,26,30.77,-1.02,-0.2,"Schultz, Noah",14.44,702273,CHW,46.15,28.57,Sweeper,ST,40,2841.08,64.17,83.34,50
L,0.37,22,0,1.02,0.89,"Schultz, Noah",12.22,702273,CHW,36.36,57.14,4-Seam Fastball,FF,0,2440.27,76.44,95.15,100
L,0.17,14,42.86,1.62,0.31,"Schultz, Noah",7.78,702273,CHW,0,57.14,Changeup,CH,75,1995.29,99.7,89.26,0
L,0,2,100,-0.69,-0.29,"Schultz, Noah",1.11,702273,CHW,0,100,Curveball,CU,100,2741,0,82.5,0
L,0.31,38,36.84,0.28,1.43,"Schweitzer, Tyler",44.19,805326,CHW,68.42,50,4-Seam Fastball,FF,25,2422.53,82.86,93.65,69.23
L,0.73,24,8.33,-0.44,0.47,"Schweitzer, Tyler",27.91,805326,CHW,33.33,25,Slider,SL,0,2427.92,84.1,89.41,75
L,0.29,14,14.29,-0.83,-0.27,"Schweitzer, Tyler",16.28,805326,CHW,42.86,25,Sweeper,ST,25,2661.86,95.43,83.07,100
L,0.7,10,20,1.28,0.38,"Schweitzer, Tyler",11.63,805326,CHW,20,25,Changeup,CH,50,2296.4,0,88.56,100
R,0.46,25,28,0.78,1.22,"Smith, Hagen",52.08,696146,CHW,40,20,4-Seam Fastball,FF,33.33,2462.76,79.5,94.37,60
R,0.49,11,36.36,-0.25,0.44,"Smith, Hagen",22.92,696146,CHW,36.36,28.57,Cutter,FC,40,2509.91,90.57,88.31,75
R,0.17,10,20,-0.36,-0.32,"Smith, Hagen",20.83,696146,CHW,30,28.57,Slider,SL,25,2400.5,66.2,82.91,66.67
R,0,2,0,1.06,0.72,"Smith, Hagen",4.17,696146,CHW,0,0,Changeup,CH,0,1713,0,88.9,0
R,0.27,78,20.51,-0.14,1.32,"Taylor, Grant",43.09,691799,CHW,53.85,33.33,4-Seam Fastball,FF,15.91,2225.27,88.59,97.8,76.19
R,0.48,48,27.08,0.11,-1.29,"Taylor, Grant",26.52,691799,CHW,29.17,11.76,Curveball,CU,25,2490.1,96.75,83.16,28.57
R,0.33,37,29.73,-0.91,1.13,"Taylor, Grant",20.44,691799,CHW,56.76,43.75,Sinker,SI,15,2284.27,80.49,98.56,61.9
R,0.16,18,5.56,0.56,-0.13,"Taylor, Grant",9.94,691799,CHW,38.89,27.27,Slider,SL,0,2585.33,76.22,88.5,100
R,0.45,138,24.64,0.55,1.42,"Abbott, Andrew",37.1,671096,CIN,50.72,20.59,4-Seam Fastball,FF,6.9,2331.55,87.41,91.94,62.86
R,0.19,88,27.27,1.31,0.73,"Abbott, Andrew",23.66,671096,CIN,22.73,35.29,Changeup,CH,45,2081.3,76.35,86.31,80
R,0.16,80,17.5,-1.14,0.02,"Abbott, Andrew",21.51,671096,CIN,42.5,39.13,Sweeper,ST,13.64,2864.4,82.34,81.97,76.47
R,0.48,46,30.43,-0.69,-0.42,"Abbott, Andrew",12.37,671096,CIN,47.83,16.67,Curveball,CU,0,2861.91,86.86,80.04,45.45
R,0.39,20,20,-0.28,0.79,"Abbott, Andrew",5.38,671096,CIN,50,20,Cutter,FC,16.67,2609.4,78.93,89.29,100
R,0.23,64,37.5,1.35,0.23,"Antone, Tejay",66.67,622088,CIN,56.25,42.86,Sweeper,ST,30.3,2918.17,79.09,83.21,58.33
R,0.1,14,21.43,0.03,0.6,"Antone, Tejay",14.58,622088,CIN,50,57.14,Cutter,FC,11.11,2798.86,87.58,90.31,71.43
R,0.7,7,0,1.2,-0.9,"Antone, Tejay",7.29,622088,CIN,14.29,0,Curveball,CU,0,2934.14,53.1,81.03,100
R,0.23,4,25,-0.6,0.88,"Antone, Tejay",4.17,622088,CIN,50,100,4-Seam Fastball,FF,25,2602.75,95.87,94.4,100
R,0,4,0,0,0,"Antone, Tejay",4.17,622088,CIN,0,0,Unknown,UNK,0,0,0,0,0
R,0,3,0,-0.88,0.14,"Antone, Tejay",3.12,622088,CIN,33.33,0,Sinker,SI,0,2620.67,66.8,93.6,100
R,0.27,59,20.34,0.63,1.24,"Burke, Brock",42.14,656271,CIN,45.76,21.88,4-Seam Fastball,FF,14.29,2291.41,85.6,96.02,77.78
R,0.03,31,35.48,1.14,0.51,"Burke, Brock",22.14,656271,CIN,51.61,33.33,Changeup,CH,33.33,2085.74,67.06,86.81,62.5
R,0.23,31,32.26,-0.01,0.37,"Burke, Brock",22.14,656271,CIN,51.61,33.33,Slider,SL,38.89,2262.45,81.83,86.73,81.25
R,0.09,19,47.37,1.13,0.81,"Burke, Brock",13.57,656271,CIN,78.95,0,Sinker,SI,14.29,2073.11,83.68,93.32,46.67
R,0.37,97,22.68,-0.23,1.51,"Burns, Chase",52.72,695505,CIN,52.58,30.43,4-Seam Fastball,FF,10.2,2663.73,86.62,96.55,68.63
R,0.17,82,39.02,0.35,-0.05,"Burns, Chase",44.57,695505,CIN,32.93,41.82,Slider,SL,54.76,2812.99,84.75,88.76,70.37
R,0,5,40,-1.21,0.79,"Burns, Chase",2.72,695505,CIN,40,33.33,Changeup,CH,0,1772.8,72.5,89.7,0
R,0.32,89,30.34,1.03,-0.07,"Garcia, Julian",51.45,670062,CIN,31.46,32.79,Sweeper,ST,43.18,2957.4,86.9,82.22,85.71
R,0.2,70,34.29,0.11,1.42,"Garcia, Julian",40.46,670062,CIN,71.43,10,4-Seam Fastball,FF,12.5,2694.26,80.81,91.94,60
R,0,14,50,0.29,-0.01,"Garcia, Julian",8.09,670062,CIN,64.29,40,Slider,SL,33.33,3002.43,77.55,84.88,44.44
R,0.28,94,23.4,-0.63,1.47,"Greene, Hunter",51.65,668881,CIN,53.19,31.82,4-Seam Fastball,FF,18.52,2390.17,90.22,97.87,80
R,0.37,50,28,0.38,0.24,"Greene, Hunter",27.47,668881,CIN,36,31.25,Slider,SL,30,2381.8,89.36,89.18,55.56
R,0.11,28,28.57,-0.88,0.52,"Greene, Hunter",15.38,668881,CIN,42.86,37.5,Split-Finger,FS,28.57,1252.5,80.06,86.85,66.67
R,0.88,10,40,-1.05,1.36,"Greene, Hunter",5.49,668881,CIN,60,50,Sinker,SI,50,2354,94.5,98.52,100
R,0.26,59,47.46,0.52,-0.4,"Johnson, Pierce",67.05,572955,CIN,61.02,69.57,Curveball,CU,34.29,2871.78,81.25,87.13,52.78
R,0.37,29,24.14,-0.88,1.26,"Johnson, Pierce",32.95,572955,CIN,51.72,64.29,4-Seam Fastball,FF,16.67,2371.14,82.9,96.36,60
R,0.01,24,45.83,-0.34,-0.1,"Lodolo, Nick",34.29,666157,CIN,29.17,41.18,Curveball,CU,72.73,2606.08,75.73,83.29,57.14
R,0.37,19,31.58,1.53,0.37,"Lodolo, Nick",27.14,666157,CIN,68.42,33.33,Sinker,SI,18.18,2325.58,89.25,93.38,69.23
R,0.84,16,18.75,1.4,0.67,"Lodolo, Nick",22.86,666157,CIN,43.75,11.11,4-Seam Fastball,FF,16.67,2306,81.96,93.57,71.43
R,0.44,11,36.36,1.43,0.07,"Lodolo, Nick",15.71,666157,CIN,54.55,40,Changeup,CH,28.57,1887.91,86.42,87.99,83.33
R,0.16,66,27.27,0.18,-0.12,"Lowder, Rhett",35.68,695076,CIN,34.85,46.51,Slider,SL,32.43,2814.95,75.46,85.4,73.91
R,0.6,45,26.67,-1.44,0.61,"Lowder, Rhett",24.32,695076,CIN,64.44,18.75,Sinker,SI,4.55,2244.44,84.18,93.55,65.52
R,0.17,34,14.71,-1.51,0.08,"Lowder, Rhett",18.38,695076,CIN,32.35,21.74,Changeup,CH,26.67,1899.32,84.12,86.91,90.91
R,0.18,28,25,-0.85,1.18,"Lowder, Rhett",15.14,695076,CIN,64.29,40,4-Seam Fastball,FF,11.76,2313.39,82.46,93.92,72.22
R,1.23,12,33.33,1.01,-1.06,"Lowder, Rhett",6.49,695076,CIN,66.67,25,Curveball,CU,0,3103.5,85.05,78.99,50
R,0.49,27,18.52,-1.03,1.21,"Marinaccio, Ron",35.06,676760,CIN,55.56,33.33,4-Seam Fastball,FF,11.76,2226.78,82.55,93.87,86.67
R,0.24,23,30.43,0.99,0.37,"Marinaccio, Ron",29.87,676760,CIN,52.17,18.18,Sweeper,ST,36.36,2508.83,75.76,81.92,75
R,0.29,19,26.32,-0.06,0.86,"Marinaccio, Ron",24.68,676760,CIN,42.11,54.55,Cutter,FC,15.38,2227.95,80.42,86.17,87.5
R,0,8,0,-1.54,0.19,"Marinaccio, Ron",10.39,676760,CIN,0,12.5,Changeup,CH,0,2322,65.2,82.9,0
R,0.38,45,31.11,-0.09,0.82,"McCambley, Zach",40.18,685112,CIN,57.78,31.58,4-Seam Fastball,FF,33.33,2490.13,85.51,93.52,69.23
R,0.19,37,45.95,0.46,0,"McCambley, Zach",33.04,685112,CIN,64.86,61.54,Cutter,FC,34.78,2642.38,85.67,88.42,62.5
R,0,30,16.67,1.3,-0.25,"McCambley, Zach",26.79,685112,CIN,20,8.33,Sweeper,ST,25,2796.7,83.3,83.41,100
R,0.22,47,40.43,-1.28,0.33,"Mey, Luis",49.47,682825,CIN,70.21,42.86,Sinker,SI,16.67,2257.06,81.07,98.35,54.55
R,0.29,46,43.48,1.24,0.14,"Mey, Luis",48.42,682825,CIN,50,43.48,Slider,SL,52,2481.52,84.82,84.96,65.22
R,0,2,0,-0.32,0.94,"Mey, Luis",2.11,682825,CIN,0,0,4-Seam Fastball,FF,0,2302,0,98.3,0
R,0.41,41,24.39,-1.16,-0.2,"Moll, Sam",30.15,594580,CIN,29.27,24.14,Sweeper,ST,35.29,2817.71,79.7,81.19,83.33
R,0.33,33,24.24,1.18,-0.47,"Moll, Sam",24.26,594580,CIN,39.39,30,Changeup,CH,40,1648.61,88.36,84.84,69.23
R,0.19,31,32.26,0.86,0.98,"Moll, Sam",22.79,594580,CIN,61.29,50,4-Seam Fastball,FF,21.05,2618.23,82.73,92.93,68.42
R,0.37,31,25.81,1.49,-0.03,"Moll, Sam",22.79,594580,CIN,41.94,0,Sinker,SI,0,2481.39,85.07,92.65,46.15
R,0.1,74,22.97,-0.77,1.48,"Pagán, Emilio",74,641941,CIN,59.46,26.67,4-Seam Fastball,FF,15.56,2509.68,82.6,95.27,84.09
R,0.49,17,35.29,-0.73,0.35,"Pagán, Emilio",17,641941,CIN,17.65,28.57,Split-Finger,FS,85.71,940.88,80.6,83.05,100
R,0.29,9,33.33,0.4,0.25,"Pagán, Emilio",9,641941,CIN,33.33,33.33,Cutter,FC,40,2221.67,65.75,86.57,100
R,0.45,43,34.88,-1.32,0.77,"Petty, Chase",39.81,695534,CIN,55.81,5.26,Sinker,SI,0,2125.4,83.66,95.18,54.17
R,0.72,25,28,-1.25,-0.06,"Petty, Chase",23.15,695534,CIN,36,25,Changeup,CH,41.67,1541.28,91.8,86.94,88.89
R,0.16,22,9.09,1.05,0.09,"Petty, Chase",20.37,695534,CIN,22.73,11.76,Sweeper,ST,28.57,2396.86,84.54,82.79,100
R,0.42,15,26.67,-1.27,1.04,"Petty, Chase",13.89,695534,CIN,46.67,50,4-Seam Fastball,FF,44.44,2289.67,87.95,96.31,71.43
R,0.61,3,33.33,0.09,0.18,"Petty, Chase",2.78,695534,CIN,100,0,Slider,SL,0,2265.67,105.2,87.6,66.67
R,0.35,208,26.92,-1.29,0.83,"Singer, Brady",51.11,663903,CIN,48.08,16.67,Sinker,SI,24.44,2372.66,81.87,91.34,72
R,0.36,83,27.71,0.39,-0.09,"Singer, Brady",20.39,663903,CIN,43.37,40.43,Slider,SL,25,2418.59,80,82.9,69.44
R,0.25,80,26.25,0.53,0.28,"Singer, Brady",19.66,663903,CIN,40,37.5,Sweeper,ST,30.23,2443.28,86.38,82.59,78.12
R,0.34,32,18.75,-0.02,0.63,"Singer, Brady",7.86,663903,CIN,28.12,13.04,Cutter,FC,0,2422.97,75.15,87.85,77.78
R,0,2,0,-0.61,1.16,"Singer, Brady",0.49,663903,CIN,0,0,4-Seam Fastball,FF,0,2553,0,92.1,0
R,0.7,2,0,0,0,"Singer, Brady",0.49,663903,CIN,0,0,Unknown,UNK,0,0,0,0,0
R,0.31,98,32.65,-1.16,1.02,"Aleman, Franco",68.06,680916,CLE,44.9,20.37,4-Seam Fastball,FF,3.57,2423.35,87.73,95.3,38.64
R,0.47,36,27.78,0.28,0.13,"Aleman, Franco",25,680916,CLE,36.11,34.78,Slider,SL,42.11,2456.19,77.32,85.56,84.62
R,0.29,10,0,-1.24,0.58,"Aleman, Franco",6.94,680916,CLE,30,0,Changeup,CH,0,1792.4,83.43,88.08,100
R,0.25,102,27.45,0.59,0.01,"Bibee, Tanner",25.89,676440,CLE,49.02,25,Cutter,FC,14.89,2709.87,82.74,85.18,68
R,0.25,78,34.62,-0.41,1.17,"Bibee, Tanner",19.8,676440,CLE,53.85,27.78,4-Seam Fastball,FF,18.75,2156.08,84.51,93.96,52.38
R,0.42,74,33.78,-1.22,0.55,"Bibee, Tanner",18.78,676440,CLE,66.22,20,Sinker,SI,12.5,2116.64,78.77,92.54,55.1
R,0.1,53,37.74,-1.03,0.95,"Bibee, Tanner",13.45,676440,CLE,52.83,48,Changeup,CH,40.62,1863.91,80.72,81.01,71.43
R,0.22,51,23.53,1.26,-0.75,"Bibee, Tanner",12.94,676440,CLE,31.37,14.29,Curveball,CU,27.78,2558.71,83.78,77.96,81.25
R,0.63,36,19.44,1.45,-0.11,"Bibee, Tanner",9.14,676440,CLE,44.44,40,Sweeper,ST,22.73,2679.92,78.45,82.29,87.5
R,0.28,129,27.91,-0.87,-1.3,"Cantillo, Joey",45.74,676282,CLE,37.21,33.33,Curveball,CU,29.31,2638.6,90.26,80.04,64.58
R,0.49,86,29.07,0.69,1.34,"Cantillo, Joey",30.5,676282,CLE,53.49,5,4-Seam Fastball,FF,17.24,1904.83,90.05,92.34,58.7
R,0.1,45,44.44,0.78,1,"Cantillo, Joey",15.96,676282,CLE,53.33,19.05,Changeup,CH,37.5,1422.84,74.97,81.48,50
R,0.72,22,27.27,-0.21,0.63,"Cantillo, Joey",7.8,676282,CLE,63.64,25,Cutter,FC,16.67,2013.95,94.29,86.85,71.43
R,0.45,52,30.77,0.17,0.6,"Cecconi, Slade",35.62,677944,CLE,53.85,8.33,Cutter,FC,25,2396.23,86.69,89.91,78.57
R,0.54,42,19.05,-0.86,1.27,"Cecconi, Slade",28.77,677944,CLE,47.62,9.09,4-Seam Fastball,FF,0,2418.48,91.12,95.2,60
R,0.39,26,46.15,0.75,-0.07,"Cecconi, Slade",17.81,677944,CLE,46.15,85.71,Sweeper,ST,50,2670.31,85.38,85.93,100
R,0,14,42.86,0.52,-0.37,"Cecconi, Slade",9.59,677944,CLE,42.86,25,Slider,SL,33.33,2612.57,84.5,85.51,66.67
R,0.23,6,0,0.58,-1.16,"Cecconi, Slade",4.11,677944,CLE,33.33,0,Curveball,CU,0,2549.33,97.6,80.33,100
R,0.7,6,0,-1.35,0.62,"Cecconi, Slade",4.11,677944,CLE,66.67,0,Sinker,SI,0,2308.67,91.4,95.5,100
R,0.22,68,26.47,0.08,0.95,"Festa, Matt",54.4,670036,CLE,54.41,19.35,4-Seam Fastball,FF,17.24,2555.68,78.4,93.41,62.16
R,0.4,49,20.41,1.23,0.08,"Festa, Matt",39.2,670036,CLE,46.94,19.23,Sweeper,ST,15,2738.29,80.48,84.22,65.22
R,0.47,8,37.5,-0.78,0.91,"Festa, Matt",6.4,670036,CLE,25,33.33,Sinker,SI,66.67,2487,73.7,94.29,50
R,0.41,58,25.86,0.45,0.44,"Gaddis, Hunter",55.24,683769,CLE,36.21,21.62,Slider,SL,36.36,2267.52,84.76,89.91,66.67
R,0.48,30,16.67,-0.69,1.38,"Gaddis, Hunter",28.57,683769,CLE,60,25,4-Seam Fastball,FF,5.88,2305.4,86.99,94.96,77.78
R,0.87,17,17.65,-1.55,0.8,"Gaddis, Hunter",16.19,683769,CLE,47.06,0,Changeup,CH,20,2239.18,81.2,80.42,62.5
R,0.32,88,25,-0.35,0.61,"Griffin, Foster",26.51,656492,CLE,54.55,45,Cutter,FC,19.35,2253.07,81.96,88.87,91.67
R,0.34,68,29.41,0.4,1.32,"Griffin, Foster",20.48,656492,CLE,47.06,16.67,4-Seam Fastball,FF,23.08,2111.38,85.55,92,62.5
R,0.51,48,20.83,1.21,0.84,"Griffin, Foster",14.46,656492,CLE,41.67,21.43,Sinker,SI,0,2070.46,77.96,91.79,60
R,0.35,44,22.73,-1.4,-0.08,"Griffin, Foster",13.25,656492,CLE,54.55,50,Sweeper,ST,7.69,2591.09,85.6,79.71,66.67
R,0.3,38,5.26,1.07,0.66,"Griffin, Foster",11.45,656492,CLE,10.53,17.65,Changeup,CH,0,1875.37,70.55,82.27,50
R,0.75,30,13.33,-0.74,-1.08,"Griffin, Foster",9.04,656492,CLE,66.67,0,Curveball,CU,0,2396,92.37,77.77,80
R,0,16,12.5,0.12,0.02,"Griffin, Foster",4.82,656492,CLE,12.5,14.29,Split-Finger,FS,50,1482.12,83.3,81.99,100
R,0,8,25,-1.15,0.98,"Hedges, Austin",57.14,595978,CLE,100,0,Other,FA,0,1857,74.35,70.9,75
R,0.2,6,33.33,-1.32,0.34,"Hedges, Austin",42.86,595978,CLE,66.67,100,Changeup,CH,0,1745.67,99.5,70.9,50
R,0.26,54,35.19,-0.95,-0.3,"Herrin, Tim",31.4,682120,CLE,40.74,31.25,Curveball,CU,43.48,2340.43,76.26,80.77,59.09
R,0.38,53,18.87,0.59,0.99,"Herrin, Tim",30.81,682120,CLE,47.17,28.57,4-Seam Fastball,FF,4.17,2371.77,81.28,96.04,64
R,0.32,37,27.03,1.25,0.41,"Herrin, Tim",21.51,682120,CLE,29.73,26.92,Sinker,SI,38.46,2255.32,86.76,94.41,54.55
R,0.35,20,25,0.09,0.18,"Herrin, Tim",11.63,682120,CLE,40,33.33,Slider,SL,44.44,2199.45,88.94,88.28,62.5
R,0.4,8,0,0.26,0.18,"Herrin, Tim",4.65,682120,CLE,50,50,Changeup,CH,0,2257.5,87.33,89.6,100
R,0.42,62,24.19,-1.35,0.46,"Holderman, Colin",40.26,670059,CLE,54.84,14.29,Sinker,SI,7.41,2271.39,79.29,96.55,67.65
R,0.4,61,42.62,0.95,0.41,"Holderman, Colin",39.61,670059,CLE,40.98,36.11,Sweeper,ST,55.17,2579.62,77.59,83.69,64
R,0.22,25,28,1.08,-0.76,"Holderman, Colin",16.23,670059,CLE,32,47.06,Curveball,CU,40,2794.6,81.53,83.45,87.5
R,0.69,6,0,-0.7,1.06,"Holderman, Colin",3.9,670059,CLE,33.33,25,4-Seam Fastball,FF,0,2383,74.2,95.97,100
R,0.3,194,30.93,0.43,1.34,"Messick, Parker",51.6,800048,CLE,55.67,23.26,4-Seam Fastball,FF,27.66,2220.73,81.85,94.83,68.52
R,0.12,98,30.61,1.22,0.23,"Messick, Parker",26.06,800048,CLE,40.82,41.38,Changeup,CH,34.48,1874.29,77.53,86.49,85
R,0.44,52,26.92,1.07,0.8,"Messick, Parker",13.83,800048,CLE,73.08,0,Sinker,SI,8.33,2097.65,91.1,93.54,63.16
R,0.09,22,36.36,-1.08,-0.56,"Messick, Parker",5.85,800048,CLE,45.45,33.33,Curveball,CU,25,2302.18,79.43,79.9,40
R,0.33,6,0,-0.38,0.17,"Messick, Parker",1.6,800048,CLE,33.33,50,Slider,SL,0,2389,98.3,86.13,100
R,0,4,0,-0.24,0.7,"Messick, Parker",1.06,800048,CLE,0,0,Cutter,FC,0,2210,0,90,0
R,0.62,40,25,0.83,1.54,"Sabrowski, Erik",74.07,681870,CLE,37.5,24,4-Seam Fastball,FF,15.38,2570.32,89.02,94.34,46.67
R,0.05,9,22.22,-0.26,-0.78,"Sabrowski, Erik",16.67,681870,CLE,33.33,33.33,Curveball,CU,40,2721.56,73.2,83.47,100
R,0,5,0,-0.05,0.67,"Sabrowski, Erik",9.26,681870,CLE,20,0,Slider,SL,0,2571.4,77.9,89.36,100
R,0.31,69,40.58,-0.68,1.45,"Smith, Cade",71.13,671922,CLE,49.28,22.86,4-Seam Fastball,FF,46.88,2479.13,83.95,98.7,70.59
R,0.22,18,11.11,-0.34,-0.52,"Smith, Cade",18.56,671922,CLE,27.78,7.69,Split-Finger,FS,33.33,605.94,76.57,88.78,100
R,0.07,10,20,1.24,0.05,"Smith, Cade",10.31,671922,CLE,40,16.67,Sweeper,ST,25,2183.4,82.77,87.13,75
R,0.15,70,28.57,1.03,-0.14,"Williams, Gavin",36.65,668909,CLE,44.29,48.72,Sweeper,ST,33.33,2352.2,79.22,87.52,83.87
R,0.1,68,20.59,-0.84,1.18,"Williams, Gavin",35.6,668909,CLE,42.65,33.33,4-Seam Fastball,FF,24.32,2316.57,77.66,98.48,82.76
R,0.27,36,44.44,0.92,-1.25,"Williams, Gavin",18.85,668909,CLE,41.67,47.62,Curveball,CU,38.46,2502.53,74.74,82.5,20
R,1.15,17,35.29,-1.28,0.72,"Williams, Gavin",8.9,668909,CLE,64.71,16.67,Sinker,SI,14.29,2024.47,81.9,98.25,54.55
R,0.27,50,40,-1.5,-0.35,"Yoho, Craig",52.08,684974,CLE,58,28.57,Changeup,CH,37.04,2563.1,71.71,80.31,72.41
R,0.67,21,9.52,0.05,0.79,"Yoho, Craig",21.88,684974,CLE,19.05,35.29,Cutter,FC,20,2558.48,77.6,90.45,100
R,0.35,16,6.25,-1.53,0.45,"Yoho, Craig",16.67,684974,CLE,37.5,0,Sinker,SI,0,2365.5,84.08,94.04,83.33
R,0.7,9,22.22,-1.35,0.95,"Yoho, Craig",9.38,684974,CLE,22.22,0,4-Seam Fastball,FF,0,2462.44,0,93.73,0
R,0.29,24,25,0.1,0.76,"Agnos, Zach",23.3,688642,COL,50,25,Cutter,FC,18.18,2325,76.7,92.09,66.67
R,0.54,23,13.04,-0.47,1.21,"Agnos, Zach",22.33,688642,COL,47.83,8.33,4-Seam Fastball,FF,10,2352.22,94.73,93.84,81.82
R,0.22,18,11.11,-1.34,0.66,"Agnos, Zach",17.48,688642,COL,44.44,30,Sinker,SI,0,2225.89,85.88,93.56,75
R,0.11,17,23.53,0.19,-0.2,"Agnos, Zach",16.5,688642,COL,35.29,63.64,Slider,SL,25,2314.59,84.43,86.71,83.33
R,0,12,58.33,0.87,-0.15,"Agnos, Zach",11.65,688642,COL,58.33,20,Sweeper,ST,50,2449.5,92.05,85.92,42.86
R,0,9,22.22,-0.94,0.21,"Agnos, Zach",8.74,688642,COL,11.11,37.5,Split-Finger,FS,50,1538.67,57.8,86.11,100
R,0.37,60,25,-1.05,-0.01,"Bernardino, Brennan",44.78,657514,COL,36.67,7.89,Curveball,CU,9.09,2677.63,73.99,78.14,36.36
R,0.25,46,34.78,1.14,0.21,"Bernardino, Brennan",34.33,657514,COL,71.74,7.69,Sinker,SI,18.18,2205.57,89.67,90.45,63.64
R,0.32,20,10,-0.04,0.26,"Bernardino, Brennan",14.93,657514,COL,25,6.67,Cutter,FC,33.33,2363.5,93.62,84.52,100
R,0.67,6,33.33,1.06,-0.05,"Bernardino, Brennan",4.48,657514,COL,66.67,0,Changeup,CH,50,1491.83,95.65,79.57,100
R,0,2,0,0.93,0.81,"Bernardino, Brennan",1.49,657514,COL,0,0,4-Seam Fastball,FF,0,2193,0,91.4,0
R,0.24,98,20.41,-0.34,1.12,"Feltner, Ryan",27.53,663372,COL,46.94,30.77,4-Seam Fastball,FF,4.35,2372.49,81.96,94.42,65.22
R,0.14,74,21.62,-0.38,0.47,"Feltner, Ryan",20.79,663372,COL,48.65,21.05,Changeup,CH,30,1604.22,74.52,84.51,88.89
R,0.47,62,19.35,0.37,0.46,"Feltner, Ryan",17.42,663372,COL,54.84,21.43,Slider,SL,6.67,2487.32,79.89,89.04,70.59
R,0.16,56,17.86,-1,0.67,"Feltner, Ryan",15.73,663372,COL,50,28.57,Sinker,SI,14.29,2280.82,79.52,94.06,71.43
R,0.34,36,38.89,0.69,-0.61,"Feltner, Ryan",10.11,663372,COL,55.56,25,Curveball,CU,14.29,2643.28,86.73,79.38,50
R,0.63,30,20,0.99,-0.12,"Feltner, Ryan",8.43,663372,COL,53.33,57.14,Sweeper,ST,10,2619.2,77.08,82.49,75
R,0.46,50,24,-0.87,1.22,"Frasso, Nick",60.24,693308,COL,54,56.52,4-Seam Fastball,FF,12.9,2302.4,82.54,96.28,66.67
R,0.07,18,33.33,-1.16,0.23,"Frasso, Nick",21.69,693308,COL,16.67,40,Changeup,CH,62.5,2423.06,83,84.22,66.67
R,0.04,9,11.11,0.16,-0.7,"Frasso, Nick",10.84,693308,COL,0,22.22,Slider,SL,50,2460.11,74.7,85.78,0
R,0.13,6,0,0.36,0.32,"Frasso, Nick",7.23,693308,COL,33.33,0,Cutter,FC,0,2480.33,110,91.43,100
R,0.25,50,36,0.03,0.73,"Freeland, Kyle",23.15,607536,COL,52,45.83,Cutter,FC,29.63,2365,84.83,88.26,61.54
R,0.23,48,33.33,0,-0.33,"Freeland, Kyle",22.22,607536,COL,35.42,32.26,Knuckle Curve,KC,42.86,2372.79,76.72,82.87,64.71
R,0.32,43,23.26,0.7,1.14,"Freeland, Kyle",19.91,607536,COL,53.49,20,4-Seam Fastball,FF,10.53,2359.93,82.06,90.99,65.22
R,0.21,38,23.68,1.12,0.61,"Freeland, Kyle",17.59,607536,COL,44.74,28.57,Sinker,SI,12.5,2312.21,75.79,90.96,58.82
R,0.27,20,25,1.05,0.35,"Freeland, Kyle",9.26,607536,COL,30,35.71,Changeup,CH,25,1650.65,90.68,85.44,50
R,0.27,17,23.53,-0.59,-0.06,"Freeland, Kyle",7.87,607536,COL,35.29,54.55,Sweeper,ST,33.33,2314.29,79.54,82.59,100
R,0.35,97,17.53,-0.65,1.18,"Gordon, Tanner",59.15,685299,COL,67.01,31.25,4-Seam Fastball,FF,7.69,2215.39,86.88,92.82,84.62
R,0.21,32,37.5,-0.93,0.55,"Gordon, Tanner",19.51,685299,COL,59.38,69.23,Changeup,CH,30.43,2066.88,85.29,84.8,73.68
R,0.65,28,28.57,0.22,0.36,"Gordon, Tanner",17.07,685299,COL,57.14,41.67,Slider,SL,18.75,2107.25,79.7,86.01,68.75
R,0.33,7,28.57,0.02,-0.14,"Gordon, Tanner",4.27,685299,COL,57.14,66.67,Curveball,CU,0,2274.29,91.3,80.9,50
R,0.09,46,45.65,-0.03,0.64,"Herget, Jimmy",33.58,623474,COL,60.87,44.44,Slider,SL,15,2638.46,62.79,86.25,42.86
R,0.27,43,32.56,1.08,0.33,"Herget, Jimmy",31.39,623474,COL,46.51,43.48,Sweeper,ST,38.46,2986.95,77.88,78.48,80
R,0.4,25,28,-1.28,-0.06,"Herget, Jimmy",18.25,623474,COL,48,0,Sinker,SI,28.57,2441.44,99.93,90.62,58.33
R,0,12,0,-0.57,-0.01,"Herget, Jimmy",8.76,623474,COL,8.33,18.18,Changeup,CH,0,1570.33,88.8,84.66,100
R,0.04,11,18.18,-1.13,0.72,"Herget, Jimmy",8.03,623474,COL,54.55,80,4-Seam Fastball,FF,20,2440.45,76.18,91.55,100
R,0.35,163,22.7,0.16,0.89,"Hughes, Gabriel",51.26,687312,COL,58.9,20.9,4-Seam Fastball,FF,12.05,2215.66,83.1,91.34,71.88
R,0.07,52,36.54,0.66,-0.99,"Hughes, Gabriel",16.35,687312,COL,23.08,35,Curveball,CU,55,2450.63,83.23,78.5,50
R,0.45,37,16.22,-0.88,0.3,"Hughes, Gabriel",11.64,687312,COL,43.24,14.29,Changeup,CH,18.75,1502.86,81.98,86.54,81.25
R,0.27,25,32,-0.77,0.72,"Hughes, Gabriel",7.86,687312,COL,44,21.43,Sinker,SI,11.11,2001.24,76.37,91.72,54.55
R,0.18,22,31.82,0.54,0.43,"Hughes, Gabriel",6.92,687312,COL,63.64,12.5,Slider,SL,33.33,2234.64,79.16,85.48,78.57
R,0.45,19,31.58,1.09,0.44,"Hughes, Gabriel",5.97,687312,COL,31.58,30.77,Sweeper,ST,20,2252.53,86.85,84.64,16.67
R,0.71,74,24.32,-1.13,0.49,"Lorenzen, Michael",29.96,547179,COL,55.41,12.12,Sinker,SI,9.09,2268.36,90.69,92.68,70.73
R,0.58,55,16.36,-1.09,0.78,"Lorenzen, Michael",22.27,547179,COL,47.27,17.24,Changeup,CH,11.11,2195.6,78.65,84.19,84.62
R,0.47,36,11.11,-0.76,1.02,"Lorenzen, Michael",14.57,547179,COL,41.67,0,4-Seam Fastball,FF,0,2432.03,93.44,93.55,80
R,0.01,30,33.33,0.03,-0.6,"Lorenzen, Michael",12.15,547179,COL,53.33,42.86,Curveball,CU,29.41,2504.97,81.61,81.51,68.75
R,0.41,24,8.33,-0.04,0.46,"Lorenzen, Michael",9.72,547179,COL,29.17,17.65,Cutter,FC,0,2552.92,89.46,89.44,100
R,0.21,18,0,0.18,-0.11,"Lorenzen, Michael",7.29,547179,COL,50,33.33,Slider,SL,0,2594.44,85.73,84.96,100
R,0.04,10,20,0.96,-0.32,"Lorenzen, Michael",4.05,547179,COL,40,0,Sweeper,ST,0,2602.8,101.4,79.7,50
R,0.38,72,22.22,-0.47,0.72,"Mejia, Juan",77.42,675848,COL,43.06,46.34,4-Seam Fastball,FF,5.56,2419.94,76.38,96.02,54.84
R,0.17,19,10.53,1.03,-0.3,"Mejia, Juan",20.43,675848,COL,10.53,35.29,Sweeper,ST,25,2822,68.75,82.64,100
R,0,1,100,-0.48,0.58,"Mejia, Juan",1.08,675848,COL,100,0,Changeup,CH,0,2187,0,93.4,0
R,0,1,0,0.6,0.55,"Mejia, Juan",1.08,675848,COL,0,0,Slider,SL,0,2829,0,86.7,0
R,0.71,23,34.78,0.4,1.05,"Mushinski, Parker",27.71,656786,COL,56.52,0,4-Seam Fastball,FF,0,2441.09,98.67,92.03,46.15
R,0.14,19,21.05,-0.99,0.27,"Mushinski, Parker",22.89,656786,COL,68.42,50,Sweeper,ST,0,2740.21,76.04,81.83,76.92
R,0,12,16.67,-0.55,-0.89,"Mushinski, Parker",14.46,656786,COL,16.67,20,Curveball,CU,50,2803.5,69.5,81.69,100
R,0.31,12,16.67,-0.39,0.69,"Mushinski, Parker",14.46,656786,COL,41.67,14.29,Cutter,FC,20,2625.25,88.72,88.85,80
R,0.11,11,9.09,0.78,0.75,"Mushinski, Parker",13.25,656786,COL,18.18,33.33,Sinker,SI,0,2373.55,87.2,90.75,100
R,0.11,6,0,1,0.12,"Mushinski, Parker",7.23,656786,COL,33.33,0,Changeup,CH,0,1797.33,96.4,86.3,100
R,0.27,56,32.14,0.2,-0.35,"Romano, Jordan",47.06,605447,COL,50,39.29,Slider,SL,28,2147.77,74.36,83.45,50
R,0.13,54,35.19,-0.3,1.32,"Romano, Jordan",45.38,605447,COL,53.7,44,4-Seam Fastball,FF,24.14,2276.96,79.87,93.06,62.07
R,0,8,0,0,0,"Romano, Jordan",6.72,605447,COL,0,0,Unknown,UNK,0,0,0,0,0
R,0,1,0,1.14,0.03,"Romano, Jordan",0.84,605447,COL,0,0,Sweeper,ST,0,2121,0,83.5,0
R,0.4,89,26.97,-0.81,0.4,"Sugano, Tomoyuki",25.87,608372,COL,28.09,35.94,Split-Finger,FS,36.59,1610.65,80.94,86.41,72
R,0.37,65,23.08,-0.43,1.2,"Sugano, Tomoyuki",18.9,608372,COL,46.15,28.57,4-Seam Fastball,FF,15.15,2410.37,89.32,92.68,76.67
R,0.43,52,23.08,-1.09,0.85,"Sugano, Tomoyuki",15.12,608372,COL,67.31,23.53,Sinker,SI,0,2301.15,86.36,92.7,74.29
R,0.29,49,18.37,0.11,0.38,"Sugano, Tomoyuki",14.24,608372,COL,38.78,23.33,Cutter,FC,4.55,2480.2,88.88,88.84,78.95
R,0.33,35,37.14,0.74,0.1,"Sugano, Tomoyuki",10.17,608372,COL,40,19.05,Sweeper,ST,30,2590.43,84.46,83.43,42.86
R,0.12,33,24.24,0.55,-0.79,"Sugano, Tomoyuki",9.59,608372,COL,21.21,46.15,Curveball,CU,25,2731.73,84.27,79.96,57.14
R,0.36,21,9.52,0.49,0.08,"Sugano, Tomoyuki",6.1,608372,COL,42.86,16.67,Slider,SL,18.18,2583.05,96.42,85.59,100
R,0.32,70,21.43,-0.57,1.2,"Anderson, Drew",42.68,623454,DET,50,45.71,4-Seam Fastball,FF,12.5,2254.16,84.93,95.55,68.57
R,0.35,46,19.57,-0.99,-0.24,"Anderson, Drew",28.05,623454,DET,26.09,38.24,Changeup,CH,28.57,1598.96,88.09,90.88,66.67
R,0.45,40,50,0.88,-1.28,"Anderson, Drew",24.39,623454,DET,52.5,31.58,Curveball,CU,38.46,2729.8,88.24,80.29,33.33
R,0,5,0,0.28,0.47,"Anderson, Drew",3.05,623454,DET,20,0,Slider,SL,0,2455,75.1,90.26,100
R,0.25,3,0,-0.81,0.8,"Anderson, Drew",1.83,623454,DET,66.67,100,Sinker,SI,0,2249,86,94.87,100
L,0.39,51,33.33,0.88,1.38,"De Jesus, Enmanuel",44.74,646241,DET,64.71,50,4-Seam Fastball,FF,26.47,2328.33,84.33,94.64,75.76
L,0.18,27,22.22,1.35,0.7,"De Jesus, Enmanuel",23.68,646241,DET,18.52,50,Changeup,CH,28.57,2114.26,74.43,87.37,60
L,0.36,18,16.67,-0.32,0.16,"De Jesus, Enmanuel",15.79,646241,DET,27.78,23.08,Cutter,FC,50,2564.83,96.6,85.99,60
L,0.21,16,56.25,1.32,1.02,"De Jesus, Enmanuel",14.04,646241,DET,62.5,50,Sinker,SI,0,2349.44,68.05,95.05,30
L,0,2,0,-0.38,-0.2,"De Jesus, Enmanuel",1.75,646241,DET,0,0,Slider,SL,0,2739,0,81.8,0
R,0,34,35.29,-0.02,0.5,"Díaz, Yilber",56.67,700270,DET,41.18,30,Slider,SL,0,2538.88,70.72,87.93,28.57
R,0.49,26,30.77,-0.87,1.56,"Díaz, Yilber",43.33,700270,DET,46.15,14.29,4-Seam Fastball,FF,20,2319.46,84.23,96.92,66.67
R,0.71,66,22.73,-0.7,1.4,"Finnegan, Kyle",56.9,640448,DET,51.52,28.12,4-Seam Fastball,FF,3.23,2181.53,82.61,96.18,64.71
R,0.27,40,15,-0.62,0.59,"Finnegan, Kyle",34.48,640448,DET,35,26.92,Split-Finger,FS,21.05,1035.3,81.52,86.85,85.71
R,0.04,10,10,0.29,0.07,"Finnegan, Kyle",8.62,640448,DET,60,25,Slider,SL,0,2168.4,66.48,85.84,83.33
R,0.34,17,35.29,-1.41,0.08,"Hanifee, Brenan",50,669724,DET,35.29,72.73,Sinker,SI,42.86,1964.82,82.67,95.19,100
R,0.6,8,12.5,0.12,0.22,"Hanifee, Brenan",23.53,669724,DET,12.5,28.57,Slider,SL,0,2203,100.3,87.32,0
R,0,5,40,-1.06,0.96,"Hanifee, Brenan",14.71,669724,DET,60,100,4-Seam Fastball,FF,0,2088.6,74.2,95.72,33.33
R,0,4,0,0,0,"Hanifee, Brenan",11.76,669724,DET,0,0,Unknown,UNK,0,0,0,0,0
R,0.11,35,54.29,-0.31,0.49,"Holton, Tyler",28.69,663947,DET,54.29,31.25,Cutter,FC,42.86,2360.14,83.25,87.38,47.37
R,0.17,31,12.9,1.23,0.79,"Holton, Tyler",25.41,663947,DET,64.52,27.27,Sinker,SI,0,2085.68,77.41,91.07,65
R,0.16,22,22.73,1.2,0.28,"Holton, Tyler",18.03,663947,DET,31.82,40,Changeup,CH,33.33,1626.64,80.29,83.3,85.71
R,0,18,33.33,-1.23,-0.17,"Holton, Tyler",14.75,663947,DET,33.33,25,Sweeper,ST,50,2791.83,59.1,79.89,16.67
R,0.35,12,25,0.4,1.34,"Holton, Tyler",9.84,663947,DET,50,33.33,4-Seam Fastball,FF,16.67,2211.75,77.43,91.58,66.67
R,0.46,4,0,-0.76,-0.8,"Holton, Tyler",3.28,663947,DET,50,0,Curveball,CU,0,2658.5,97.2,79.75,100
R,0.29,92,25,0.25,1.38,"Jansen, Kenley",90.2,445276,DET,46.74,28.57,Cutter,FC,20.93,2661.58,80.82,92.98,67.44
R,0,6,33.33,-0.68,1.49,"Jansen, Kenley",5.88,445276,DET,66.67,0,Sinker,SI,50,2306.67,74.25,93.6,100
R,0,4,25,0.43,-0.14,"Jansen, Kenley",3.92,445276,DET,0,25,Slider,SL,100,2544.75,0,84.82,0
R,0.37,29,27.59,-0.64,1.44,"Jobe, Jackson",40.85,695549,DET,44.83,43.75,4-Seam Fastball,FF,23.53,2430.31,84.58,98.3,76.92
R,0.27,18,27.78,0.53,0.11,"Jobe, Jackson",25.35,695549,DET,44.44,60,Slider,SL,18.18,2789.33,74.8,90.07,62.5
R,0.07,9,22.22,-1.3,0.58,"Jobe, Jackson",12.68,695549,DET,55.56,25,Sinker,SI,20,2399,96.5,96.49,80
R,0.17,8,12.5,-1.27,0.52,"Jobe, Jackson",11.27,695549,DET,25,16.67,Changeup,CH,33.33,1826.62,97.3,85.76,100
R,0,7,28.57,0.92,-1.17,"Jobe, Jackson",9.86,695549,DET,42.86,0,Curveball,CU,0,2874.29,0,81.91,0
R,0.34,51,17.65,-0.34,1.26,"Madden, Ty",36.69,680744,DET,49.02,42.31,4-Seam Fastball,FF,6.45,2321.18,81.62,92.68,80
R,0.18,34,23.53,0.11,-0.26,"Madden, Ty",24.46,680744,DET,17.65,57.14,Slider,SL,26.32,2584.62,76.86,83.86,50
R,0.44,33,42.42,0.15,0.28,"Madden, Ty",23.74,680744,DET,60.61,46.15,Cutter,FC,36.84,2553.58,73.33,86.76,65
R,0.91,15,0,-0.9,0.27,"Madden, Ty",10.79,680744,DET,20,25,Split-Finger,FS,0,1486.93,89.52,85.41,100
R,0,6,33.33,-1.01,0.94,"Madden, Ty",4.32,680744,DET,66.67,50,Sinker,SI,0,2189.83,89.03,91.42,50
R,0.34,104,34.62,-0.58,1.33,"Melton, Troy",36.36,675512,DET,53.85,58.33,4-Seam Fastball,FF,27.27,2325.75,80.18,96.57,67.86
R,0.2,67,17.91,0.34,0.7,"Melton, Troy",23.43,675512,DET,61.19,46.15,Cutter,FC,6.82,2391.27,85.22,92.27,78.05
R,0.01,52,32.69,-0.97,0.11,"Melton, Troy",18.18,675512,DET,25,41.03,Split-Finger,FS,60,1328.31,82.08,89.5,69.23
R,0.07,31,9.68,0.52,0.04,"Melton, Troy",10.84,675512,DET,12.9,22.22,Slider,SL,12.5,2487.77,84.33,87.54,50
R,0.28,17,47.06,1.33,-0.76,"Melton, Troy",5.94,675512,DET,58.82,14.29,Curveball,CU,25,2471.12,94.9,79.36,30
R,0,15,6.67,-1.27,0.88,"Melton, Troy",5.24,675512,DET,26.67,27.27,Sinker,SI,0,2191.33,82.04,95.5,75
R,0.22,79,30.38,-0.52,1.4,"Montero, Keider",31.6,672456,DET,54.43,25,4-Seam Fastball,FF,11.76,2267.48,87.12,94.37,58.14
R,0.27,54,25.93,0.42,0.13,"Montero, Keider",21.6,672456,DET,42.59,29.03,Slider,SL,34.78,2586,76.98,86.15,60.87
R,0.36,49,28.57,-1.26,0.97,"Montero, Keider",19.6,672456,DET,63.27,33.33,Sinker,SI,0,2264.43,80,94.59,54.84
R,0.31,42,26.19,-1.25,0.73,"Montero, Keider",16.8,672456,DET,42.86,20.83,Changeup,CH,33.33,1973.9,85.64,86.79,88.89
R,0.39,26,23.08,0.98,-0.54,"Montero, Keider",10.4,672456,DET,69.23,25,Knuckle Curve,KC,12.5,2883.77,86.77,79.72,77.78
R,0.06,51,54.9,1.08,0.87,"Sommers, Drew",41.46,805427,DET,52.94,58.33,4-Seam Fastball,FF,58.06,2189.06,79.54,94.95,62.96
R,0.23,50,28,1.39,0.32,"Sommers, Drew",40.65,805427,DET,42,48.28,Sinker,SI,18.52,2154.3,71.72,95.21,61.9
R,0.19,21,23.81,-0.92,-0.06,"Sommers, Drew",17.07,805427,DET,38.1,7.69,Slider,SL,33.33,2288.29,84.27,84.02,62.5
R,0,1,0,1.1,0.67,"Sommers, Drew",0.81,805427,DET,0,0,Changeup,CH,0,1514,0,87.2,0
R,0.24,142,33.8,-0.98,-1.17,"Valdez, Framber",37.17,664285,DET,40.85,26.19,Curveball,CU,32,2817.99,80.38,77.62,48.28
R,0.43,134,32.84,1.22,0.56,"Valdez, Framber",35.08,664285,DET,62.69,12,Sinker,SI,0,2135.4,89.34,93.24,50
R,0.32,60,13.33,1.06,0.31,"Valdez, Framber",15.71,664285,DET,43.33,35.29,Changeup,CH,11.11,1652.13,86.1,88.09,92.31
R,0.25,26,15.38,0.47,1.12,"Valdez, Framber",6.81,664285,DET,30.77,55.56,4-Seam Fastball,FF,22.22,2167.31,74.83,94.35,100
R,0.26,20,30,-0.18,0.08,"Valdez, Framber",5.24,664285,DET,60,0,Slider,SL,25,2337.3,92.23,85.53,66.67
R,0.2,34,26.47,-0.25,1.6,"Waguespack, Jacob",42.5,621097,DET,50,35.29,4-Seam Fastball,FF,22.22,2165.68,81.78,92.61,70.59
R,0.28,34,23.53,0.32,0.54,"Waguespack, Jacob",42.5,621097,DET,61.76,15.38,Cutter,FC,0,1952.74,82.39,86.72,52.38
R,0.16,10,20,-0.73,0.71,"Waguespack, Jacob",12.5,621097,DET,40,50,Changeup,CH,28.57,1587.8,79.92,83.74,100
R,0.88,2,50,0.23,-0.92,"Waguespack, Jacob",2.5,621097,DET,100,0,Curveball,CU,0,2206.5,98.5,75.1,50
R,0.3,73,24.66,-0.45,1.38,"Abreu, Bryan",60.83,650556,HOU,45.21,5,4-Seam Fastball,FF,34.48,2333.84,85.36,96.27,81.82
R,0,38,44.74,0.64,-0.43,"Abreu, Bryan",31.67,650556,HOU,31.58,57.69,Slider,SL,42.86,2917.55,74.04,87.32,50
R,0,9,33.33,0.09,0.95,"Abreu, Bryan",7.5,650556,HOU,55.56,50,Cutter,FC,33.33,2450.22,53.65,93.37,80
R,0.28,142,18.31,-0.66,1.61,"Blanco, Ronel",44.38,669854,HOU,49.3,16.67,4-Seam Fastball,FF,12.5,2276.63,81.27,93.1,74.29
R,0.25,78,23.08,-1.16,0.52,"Blanco, Ronel",24.38,669854,HOU,43.59,36.36,Changeup,CH,27.27,1450.49,75.77,84.38,82.35
R,0.69,54,22.22,0.24,0.48,"Blanco, Ronel",16.88,669854,HOU,74.07,0,Slider,SL,7.69,2101.85,85.68,85.61,65
R,0.11,46,26.09,0.84,-0.17,"Blanco, Ronel",14.37,669854,HOU,60.87,22.22,Curveball,CU,9.09,2196.04,70.7,79.19,64.29
R,0.37,60,21.67,-0.81,1.47,"Blubaugh, AJ",48.78,805123,HOU,53.33,28.57,4-Seam Fastball,FF,15.62,2311.48,86.99,96.3,75
R,0.31,31,41.94,0.96,0.38,"Blubaugh, AJ",25.2,805123,HOU,25.81,34.78,Sweeper,ST,69.23,2612.13,70.5,85.59,62.5
R,0.12,26,23.08,-1.37,0.32,"Blubaugh, AJ",21.14,805123,HOU,50,61.54,Changeup,CH,16.67,2397.19,78.93,86.21,76.92
R,1.07,6,0,0.16,0.78,"Blubaugh, AJ",4.88,805123,HOU,16.67,0,Cutter,FC,0,2327,103.5,90.15,100
R,0.17,128,35.94,-1.27,0.94,"Brown, Hunter",32.82,686613,HOU,58.59,35.85,Sinker,SI,19.7,2152.76,76.69,96.55,62.67
R,0.35,125,22.4,-0.71,1.4,"Brown, Hunter",32.05,686613,HOU,40.8,28.38,4-Seam Fastball,FF,9.8,2222.55,82.72,96.69,58.82
R,0.38,71,15.49,0.56,-1.29,"Brown, Hunter",18.21,686613,HOU,38.03,15.91,Knuckle Curve,KC,25.81,2542.48,83.24,83.91,88.89
R,0.49,33,24.24,-1.1,0.46,"Brown, Hunter",8.46,686613,HOU,51.52,18.75,Changeup,CH,7.69,1505.97,87.22,88.18,58.82
R,0.32,33,30.3,0.34,0.52,"Brown, Hunter",8.46,686613,HOU,39.39,40,Slider,SL,27.78,2257.52,69.53,91.45,76.92
R,0.33,70,25.71,-0.96,1.22,"De Los Santos, Enyel",49.3,660853,HOU,48.57,55.56,4-Seam Fastball,FF,13.64,2279.77,85.16,95.52,70.59
R,0.22,37,27.03,-0.03,0.56,"De Los Santos, Enyel",26.06,660853,HOU,40.54,50,Slider,SL,30.43,2164.76,75.73,87.53,80
R,0.25,35,31.43,-1.38,0.76,"De Los Santos, Enyel",24.65,660853,HOU,57.14,33.33,Changeup,CH,39.13,1924.43,81.23,84.97,90
R,0.11,52,32.69,0.65,1.57,"Hader, Josh",60.47,623352,HOU,36.54,33.33,Sinker,SI,44,2284.87,90.22,94.62,73.68
R,0.17,34,29.41,-0.01,0.25,"Hader, Josh",39.53,623352,HOU,52.94,18.75,Slider,SL,26.67,2443.97,87.46,84.44,66.67
R,0,36,55.56,-0.28,-0.08,"Imai, Tatsuya",52.94,837227,HOU,44.44,50,Slider,SL,66.67,2273.72,71.9,86.38,50
R,0.17,32,43.75,-1.05,0.98,"Imai, Tatsuya",47.06,837227,HOU,50,50,4-Seam Fastball,FF,40,1968.5,79.58,94.86,75
R,0.47,121,21.49,-0.27,1.46,"Javier, Cristian",47.27,664299,HOU,56.2,26.42,4-Seam Fastball,FF,16.39,2229.86,83.41,93.17,69.12
R,0.25,53,26.42,1.16,0.33,"Javier, Cristian",20.7,664299,HOU,47.17,50,Sweeper,ST,13.79,2545.49,85,81.58,60
R,0.29,44,25,-1.23,0.89,"Javier, Cristian",17.19,664299,HOU,40.91,42.31,Changeup,CH,18.18,2416.16,75.12,87.41,61.11
R,0.26,37,18.92,0.34,0.81,"Javier, Cristian",14.45,664299,HOU,70.27,54.55,Cutter,FC,7.41,2364.08,80.11,88.82,80.77
R,0,1,0,0.73,-0.57,"Javier, Cristian",0.39,664299,HOU,100,0,Knuckle Curve,KC,0,2940,78.5,79.7,100
R,0.27,32,18.75,0.21,1.11,"King, Bryan",41.03,687911,HOU,46.88,41.18,4-Seam Fastball,FF,23.81,2166.84,81.26,92.57,93.33
R,0.23,27,33.33,0.92,0.6,"King, Bryan",34.62,687911,HOU,55.56,50,Sinker,SI,0,2049.67,83.89,92.64,46.67
R,0.38,17,17.65,-1.08,0.36,"King, Bryan",21.79,687911,HOU,58.82,0,Sweeper,ST,14.29,2268.59,72.57,82.85,70
R,0,2,50,0.8,0.8,"King, Bryan",2.56,687911,HOU,50,0,Changeup,CH,0,1618,0,88.2,0
R,0.41,68,27.94,-0.67,1.47,"Lambert, Peter",37.78,663567,HOU,38.24,28.57,4-Seam Fastball,FF,38.71,2301.29,83.76,93.97,73.08
R,0.15,34,14.71,-1.17,0.61,"Lambert, Peter",18.89,663567,HOU,38.24,42.86,Changeup,CH,22.73,1519.97,78.75,86.81,100
R,0.08,23,21.74,-1.38,0.97,"Lambert, Peter",12.78,663567,HOU,43.48,15.38,Sinker,SI,0,2224.7,83.65,93.34,40
R,0.39,21,42.86,0.09,1.05,"Lambert, Peter",11.67,663567,HOU,66.67,14.29,Cutter,FC,22.22,2344.14,81.32,91.39,57.14
R,0.27,18,27.78,1.25,0.07,"Lambert, Peter",10,663567,HOU,61.11,14.29,Sweeper,ST,20,2740.22,80.5,83.36,81.82
R,0.09,12,41.67,1.32,-0.98,"Lambert, Peter",6.67,663567,HOU,50,16.67,Slurve,SV,33.33,2579.83,92.45,80.02,33.33
R,0.07,4,25,0.23,0.16,"Lambert, Peter",2.22,663567,HOU,75,0,Slider,SL,33.33,2650.25,80.85,85,100
R,0.29,90,27.78,-0.71,0.51,"Okert, Steven",65.69,595345,HOU,61.11,20,Slider,SL,26,2423.88,81.79,81.04,78.18
R,0.42,40,25,0.53,1.32,"Okert, Steven",29.2,595345,HOU,35,38.46,4-Seam Fastball,FF,21.05,2265.32,89.76,90.86,64.29
R,0.46,7,57.14,1.15,0.81,"Okert, Steven",5.11,595345,HOU,85.71,0,Sinker,SI,0,2244.86,71.25,89.93,33.33
R,0.14,90,37.78,-0.4,-0.01,"Sousa, Bennett",73.17,656986,HOU,43.33,39.22,Slider,SL,44.19,2374.04,82.67,85.81,58.97
R,0.3,26,38.46,0.21,1.42,"Sousa, Bennett",21.14,656986,HOU,73.08,0,4-Seam Fastball,FF,0,2212.04,94.06,93.54,47.37
R,0,7,28.57,0.99,1.07,"Sousa, Bennett",5.69,656986,HOU,71.43,100,Sinker,SI,40,2324.29,78.5,94.06,60
R,0.28,91,35.16,1.61,-0.33,"Wesneski, Hayden",28.62,669713,HOU,30.77,42.86,Sweeper,ST,41.46,2768.54,77.46,80.57,50
R,0.38,78,25.64,-0.46,1.13,"Wesneski, Hayden",24.53,669713,HOU,44.87,34.88,4-Seam Fastball,FF,15.38,2200.62,88.88,93.65,68.57
R,0.33,67,29.85,0.4,0.42,"Wesneski, Hayden",21.07,669713,HOU,47.76,34.29,Cutter,FC,31.43,2466.78,92.98,89.03,71.88
R,0.34,62,17.74,-1.17,0.72,"Wesneski, Hayden",19.5,669713,HOU,45.16,38.24,Sinker,SI,12.5,2000.81,80.56,92.7,67.86
R,0.45,18,22.22,-1.21,0.46,"Wesneski, Hayden",5.66,669713,HOU,38.89,27.27,Changeup,CH,12.5,1584.5,89.63,85.48,71.43
R,0,2,0,0.98,-1.08,"Wesneski, Hayden",0.63,669713,HOU,50,100,Curveball,CU,0,2578,65.3,72.65,100
R,0.45,34,23.53,-0.08,0.94,"Avila, Luinder",28.33,679883,KCR,41.18,10,4-Seam Fastball,FF,0,2484.12,96.52,96.07,57.14
R,0.59,30,13.33,-0.81,0.69,"Avila, Luinder",25,679883,KCR,53.33,0,Sinker,SI,0,2408.8,87.32,96.43,87.5
R,0.13,30,20,0.42,-0.07,"Avila, Luinder",25,679883,KCR,33.33,40,Slider,SL,33.33,2721,89.37,89.15,100
R,0,20,30,-0.98,0.47,"Avila, Luinder",16.67,679883,KCR,40,0,Changeup,CH,66.67,2110.1,66.8,89.57,75
R,0,6,66.67,0.34,-0.47,"Avila, Luinder",5,679883,KCR,33.33,50,Curveball,CU,100,2708.67,0,83.1,0
R,0.24,46,21.74,-0.93,1.19,"Black, Mason",26.74,696131,KCR,39.13,28.57,4-Seam Fastball,FF,11.11,2051.48,84.22,93.17,55.56
R,0.34,40,25,-1.36,0.62,"Black, Mason",23.26,696131,KCR,50,10,Sinker,SI,0,2009.05,88.16,93.4,70
R,0.52,26,23.08,-0.05,0.4,"Black, Mason",15.12,696131,KCR,46.15,0,Slider,SL,25,2118.08,80.35,88.01,66.67
R,0.58,24,25,1.11,-0.19,"Black, Mason",13.95,696131,KCR,41.67,0,Sweeper,ST,0,2584.33,95.5,82.71,60
R,0.24,14,14.29,0.12,-0.4,"Black, Mason",8.14,696131,KCR,57.14,0,Curveball,CU,0,2479.86,94.63,81.46,75
R,0,14,14.29,-0.22,0.68,"Black, Mason",8.14,696131,KCR,14.29,16.67,Cutter,FC,0,1994.43,72.95,90.01,100
R,0.72,8,50,-0.98,0.06,"Black, Mason",4.65,696131,KCR,50,50,Changeup,CH,0,1206.5,98.2,86.48,0
L,0.34,25,16,-1.09,-0.14,"Bummer, Aaron",38.46,607481,KCR,68,12.5,Sweeper,ST,0,2287.48,75.53,80.58,82.35
L,0.64,24,25,1.09,0.18,"Bummer, Aaron",36.92,607481,KCR,70.83,42.86,Sinker,SI,0,2019.21,82.96,90.82,58.82
L,0.12,11,18.18,-0.77,-0.73,"Bummer, Aaron",16.92,607481,KCR,36.36,42.86,Curveball,CU,0,2251.09,60.1,81.5,50
L,0,5,0,0.61,0.99,"Bummer, Aaron",7.69,607481,KCR,0,0,4-Seam Fastball,FF,0,2230.8,0,91.88,0
R,0.28,69,20.29,0.96,0.77,"Cameron, Noah",22.7,702070,KCR,46.38,21.62,Changeup,CH,29.73,1605.36,77.76,81.28,90.62
R,0.24,62,24.19,-0.18,0.73,"Cameron, Noah",20.39,702070,KCR,58.06,34.62,Cutter,FC,11.76,2350.42,80.71,90.45,69.44
R,0.36,56,23.21,0.47,1.4,"Cameron, Noah",18.42,702070,KCR,39.29,29.41,4-Seam Fastball,FF,14.29,2333.52,79.22,93.32,50
R,0.13,56,37.5,-0.31,0.2,"Cameron, Noah",18.42,702070,KCR,37.5,57.14,Slider,SL,44.12,2504.95,79.63,85.11,66.67
R,0.16,51,27.45,-0.3,-0.8,"Cameron, Noah",16.78,702070,KCR,41.18,26.67,Curveball,CU,30,2340.88,83.08,82.39,57.14
R,0.19,10,50,1.08,0.78,"Cameron, Noah",3.29,702070,KCR,90,0,Sinker,SI,0,2263.6,91.02,91.64,44.44
R,0.47,51,11.76,-0.92,1.04,"Cruz, Steven",45.13,674444,KCR,52.94,25,4-Seam Fastball,FF,6.9,2166.25,87.85,99.57,85.19
R,0.31,46,13.04,-0.04,0.64,"Cruz, Steven",40.71,674444,KCR,52.17,18.18,Cutter,FC,13.04,2107.39,83.78,94.56,79.17
R,0.05,16,18.75,0.46,0.2,"Cruz, Steven",14.16,674444,KCR,50,25,Slider,SL,12.5,2177.5,87.76,89.98,75
R,0.37,30,20,-1.33,0,"Cuas, Jose",31.91,621016,KCR,50,53.33,Sinker,SI,0,2441.8,86.84,92.39,60
R,0.01,29,10.34,-0.81,0.71,"Cuas, Jose",30.85,621016,KCR,27.59,42.86,4-Seam Fastball,FF,6.67,2317.9,73.58,92.07,75
R,0.35,25,28,0.54,0.57,"Cuas, Jose",26.6,621016,KCR,52,33.33,Sweeper,ST,23.08,2741.6,78.63,83.2,69.23
R,0.43,10,20,-0.16,0.61,"Cuas, Jose",10.64,621016,KCR,60,0,Cutter,FC,33.33,2439.1,71.32,87.55,100
R,0.34,141,20.57,-1.17,0.11,"Dobnak, Randy",37.6,677976,KCR,61.7,20.37,Sinker,SI,1.41,1964.21,88.82,91.43,68.97
R,0.39,119,36.13,0.68,-0.03,"Dobnak, Randy",31.73,677976,KCR,47.9,19.35,Sweeper,ST,33.33,2545.65,86.94,82.38,57.89
R,0.28,75,17.33,-0.66,-0.26,"Dobnak, Randy",20,677976,KCR,22.67,36.21,Changeup,CH,18.75,1482.16,82.93,84.75,64.71
R,0.23,34,17.65,-0.93,0.7,"Dobnak, Randy",9.07,677976,KCR,41.18,25,4-Seam Fastball,FF,8.33,2077.06,72.66,92.24,50
R,0.43,6,16.67,-0.04,-0.24,"Dobnak, Randy",1.6,677976,KCR,66.67,100,Slider,SL,16.67,2260.33,96.42,83.42,100
R,0.49,42,11.9,-1.12,0.72,"Erceg, Lucas",30,668674,KCR,54.76,42.11,Sinker,SI,3.7,1889.62,85.84,97.05,82.61
R,0.36,35,25.71,-0.71,0.96,"Erceg, Lucas",25,668674,KCR,54.29,37.5,4-Seam Fastball,FF,25,2152.51,79.3,96.95,52.63
R,0.28,28,32.14,0.17,-0.22,"Erceg, Lucas",20,668674,KCR,17.86,47.83,Slider,SL,50,2098.39,89.37,85.12,60
R,0.48,17,5.88,-1.25,0.41,"Erceg, Lucas",12.14,668674,KCR,47.06,33.33,Changeup,CH,0,1845.82,83.98,89.76,87.5
R,0.24,10,20,0.13,0.58,"Erceg, Lucas",7.14,668674,KCR,20,25,Cutter,FC,50,2209.4,76.1,93.28,100
R,0,8,0,0,0,"Erceg, Lucas",5.71,668674,KCR,0,0,Unknown,UNK,0,0,0,0,0
R,0.44,22,36.36,-0.97,1.34,"Kimbrel, Craig",61.11,518886,KCR,50,18.18,4-Seam Fastball,FF,37.5,2205.18,90.27,92.65,54.55
R,0,4,0,0.98,-0.74,"Kimbrel, Craig",11.11,518886,KCR,0,0,Knuckle Curve,KC,0,2579.25,0,84.48,0
R,0.78,4,25,1.2,0.12,"Kimbrel, Craig",11.11,518886,KCR,50,50,Sweeper,ST,33.33,2570.25,101.85,84.48,100
R,0,3,33.33,-1.44,0.13,"Kimbrel, Craig",8.33,518886,KCR,33.33,0,Changeup,CH,100,1604,0,87.7,100
R,0,3,0,-1.63,0.77,"Kimbrel, Craig",8.33,518886,KCR,0,100,Sinker,SI,0,2084.33,74.27,93.1,0
R,0.36,30,13.33,-1.17,0.23,"Lange, Alex",26.55,656638,KCR,46.67,43.75,Changeup,CH,19.05,1860.33,86.4,90.61,100
R,0.15,27,48.15,-0.11,0.02,"Lange, Alex",23.89,656638,KCR,48.15,50,Slider,SL,46.67,2260.56,86.32,88.64,61.54
R,0.59,20,25,-0.01,0.52,"Lange, Alex",17.7,656638,KCR,30,28.57,Cutter,FC,0,2275,71.22,92.46,50
R,0.21,19,10.53,-0.69,0.9,"Lange, Alex",16.81,656638,KCR,47.37,20,4-Seam Fastball,FF,0,2267.26,87.06,95.77,77.78
R,0.09,17,0,-1.07,0.64,"Lange, Alex",15.04,656638,KCR,52.94,0,Sinker,SI,0,2185.12,81.22,95.46,100
R,0.33,38,15.79,0.05,0.7,"Lugo, Seth",20.11,607625,KCR,36.84,20.83,Cutter,FC,6.67,2346.21,76.58,90.13,71.43
R,0.45,32,28.12,-0.71,1.03,"Lugo, Seth",16.93,607625,KCR,53.12,20,4-Seam Fastball,FF,8.33,2261.22,73.54,91.85,52.94
R,0.29,30,26.67,-1.18,0.48,"Lugo, Seth",15.87,607625,KCR,66.67,30,Sinker,SI,21.05,2337.23,79.47,91.39,80
R,0.29,29,20.69,1.27,-0.84,"Lugo, Seth",15.34,607625,KCR,27.59,28.57,Curveball,CU,27.27,3145.79,70.94,76.55,62.5
R,0.33,20,15,-0.97,0.25,"Lugo, Seth",10.58,607625,KCR,35,38.46,Changeup,CH,9.09,1605.8,76.86,84.2,85.71
R,0.91,15,26.67,1.39,-0.18,"Lugo, Seth",7.94,607625,KCR,40,0,Sweeper,ST,0,2959.33,89.2,79.65,33.33
R,0.01,14,14.29,0.38,-0.06,"Lugo, Seth",7.41,607625,KCR,35.71,55.56,Slider,SL,22.22,2731,70.67,84.04,80
R,0.08,11,45.45,1.22,-0.56,"Lugo, Seth",5.82,607625,KCR,36.36,57.14,Slow Curve,CS,40,2789.45,84.4,70.74,25
R,0.21,33,42.42,1.07,0.22,"Lynch IV, Daniel",32.35,663738,KCR,39.39,40,Changeup,CH,63.16,1529.64,84.23,86.45,84.62
R,0.41,25,40,1.3,0.78,"Lynch IV, Daniel",24.51,663738,KCR,60,20,Sinker,SI,22.22,2165.52,77.94,94.58,46.67
R,0.08,21,33.33,-0.2,0.22,"Lynch IV, Daniel",20.59,663738,KCR,33.33,57.14,Slider,SL,46.67,2358.1,82.58,88.43,100
R,0.91,14,14.29,0.64,1.27,"Lynch IV, Daniel",13.73,663738,KCR,42.86,0,4-Seam Fastball,FF,0,2201.71,86.5,95.6,66.67
R,0.35,9,44.44,-0.27,-0.07,"Lynch IV, Daniel",8.82,663738,KCR,33.33,33.33,Knuckle Curve,KC,66.67,2273.67,95.5,80.87,33.33
R,0.38,37,21.62,0.68,0.4,"McGee, Easton",24.18,668834,KCR,59.46,26.67,Sweeper,ST,18.18,2273.03,77.64,82.93,81.82
R,0.3,36,33.33,-0.46,1.13,"McGee, Easton",23.53,668834,KCR,36.11,56.52,4-Seam Fastball,FF,41.67,2580.42,84.72,92.59,84.62
R,0.45,31,32.26,-1.29,0.62,"McGee, Easton",20.26,668834,KCR,74.19,25,Sinker,SI,23.53,2359.52,81.57,93.49,65.22
R,0.34,23,21.74,0.6,-0.64,"McGee, Easton",15.03,668834,KCR,52.17,18.18,Curveball,CU,18.18,2257.74,97.27,81.36,75
R,0.14,20,10,0.16,0.62,"McGee, Easton",13.07,668834,KCR,65,85.71,Cutter,FC,0,2468.15,79.43,87.8,84.62
R,0.22,6,0,-1.19,0.52,"McGee, Easton",3.92,668834,KCR,66.67,0,Changeup,CH,0,1857.83,77.78,85.65,100
R,0.36,47,25.53,-0.41,1.25,"Pearson, Nate",42.34,663878,KCR,51.06,8.7,4-Seam Fastball,FF,20,2276.81,80.4,97.34,75
R,0.18,27,22.22,-1.05,0.9,"Pearson, Nate",24.32,663878,KCR,51.85,69.23,Sinker,SI,10.53,2147.07,78.06,96.58,71.43
R,0.47,23,8.7,0.45,0.02,"Pearson, Nate",20.72,663878,KCR,47.83,0,Slider,SL,10,2567.65,80.92,89.7,90.91
R,0,8,50,0.94,-0.79,"Pearson, Nate",7.21,663878,KCR,50,75,Curveball,CU,40,2665.38,82.8,81.49,50
R,0,6,50,-0.81,0.46,"Pearson, Nate",5.41,663878,KCR,50,33.33,Changeup,CH,0,1438.17,106.6,85.77,0
R,0.14,6,0,0.45,-0.2,"Rojas, Josh",46.15,668942,KCR,0,33.33,Slow Curve,CS,0,1808.67,70.3,60.72,0
R,0.17,4,25,-0.64,0.62,"Rojas, Josh",30.77,668942,KCR,50,0,Other,FA,0,1484.5,56.9,65.03,100
R,0.49,3,0,0.04,1.62,"Rojas, Josh",23.08,668942,KCR,66.67,0,Eephus,EP,0,1309.67,89.35,58.3,100
R,0.23,21,28.57,-0.76,0.79,"Schreiber, John",30.43,670167,KCR,42.86,25,4-Seam Fastball,FF,12.5,2193.52,77.05,94.63,55.56
R,0.37,19,26.32,1.23,0.13,"Schreiber, John",27.54,670167,KCR,42.11,0,Sweeper,ST,0,2634.05,91.77,82.54,37.5
R,0.38,17,29.41,-1.29,-0.14,"Schreiber, John",24.64,670167,KCR,35.29,0,Sinker,SI,0,2176.65,74.47,94.58,50
R,0.63,11,9.09,0.03,0.43,"Schreiber, John",15.94,670167,KCR,36.36,14.29,Cutter,FC,0,2376.64,76.08,90.64,75
R,0,1,0,-1.57,-0.18,"Schreiber, John",1.45,670167,KCR,0,0,Changeup,CH,0,2041,0,88.3,0
L,0.27,18,22.22,0.8,1.18,"Strahm, Matt",72,621381,KCR,66.67,100,4-Seam Fastball,FF,14.29,2573,88.28,92.4,66.67
L,1.75,5,40,-0.24,0.41,"Strahm, Matt",20,621381,KCR,60,100,Slider,SL,0,2638.2,104.7,82.1,33.33
L,0,2,50,1.32,0.96,"Strahm, Matt",8,621381,KCR,100,0,Sinker,SI,0,2476,75.6,92.45,50
R,0.16,146,26.03,-1.07,0.32,"Wacha, Michael",30.29,608379,KCR,46.58,43.59,Changeup,CH,33.33,1518.88,79.16,81.08,91.18
R,0.26,140,25,-0.42,1.4,"Wacha, Michael",29.05,608379,KCR,58.57,27.59,4-Seam Fastball,FF,13.04,2134.27,82.16,93.03,64.63
R,0.49,62,16.13,-0.88,1.16,"Wacha, Michael",12.86,608379,KCR,50,12.9,Sinker,SI,10.71,2095.52,85.15,92.96,77.42
R,0.44,57,21.05,0.13,0.77,"Wacha, Michael",11.83,608379,KCR,50.88,25,Cutter,FC,10.34,2196.63,75.2,89.74,75.86
R,0.02,43,16.28,0.78,-0.97,"Wacha, Michael",8.92,608379,KCR,23.26,9.09,Curveball,CU,14.29,2166.26,82.93,75.39,40
R,0.33,34,20.59,0.2,0.03,"Wacha, Michael",7.05,608379,KCR,35.29,9.09,Slider,SL,30,2091.65,96.46,84.45,66.67
R,0.51,29,27.59,0.43,0.48,"Anderson, Shaun",38.16,641312,LAA,48.28,13.33,Slider,SL,20,2795.41,89.75,89.18,57.14
R,0.47,21,33.33,-0.3,1.34,"Anderson, Shaun",27.63,641312,LAA,61.9,12.5,4-Seam Fastball,FF,36.36,2577.52,78.86,92.78,76.92
R,0,14,35.71,1.37,-0.2,"Anderson, Shaun",18.42,641312,LAA,35.71,66.67,Sweeper,ST,33.33,3003.43,72.83,82.69,60
R,0.63,9,0,-1.16,0.47,"Anderson, Shaun",11.84,641312,LAA,33.33,33.33,Changeup,CH,0,1592.78,88.72,86.6,100
R,0,3,33.33,-0.89,1.14,"Anderson, Shaun",3.95,641312,LAA,33.33,50,Sinker,SI,50,2410,76.1,92.73,100
R,0.45,30,30,0.24,-0.18,"Bachman, Sam",54.55,696147,LAA,30,14.29,Slider,SL,28.57,2470.2,79.72,86.11,44.44
R,0.66,11,27.27,-1.36,0.55,"Bachman, Sam",20,696147,LAA,63.64,0,Sinker,SI,0,2258,93.3,97.25,57.14
R,0,8,0,-0.96,1.07,"Bachman, Sam",14.55,696147,LAA,0,0,4-Seam Fastball,FF,0,2280.25,0,97.4,0
R,0.7,6,50,-1.18,0.17,"Bachman, Sam",10.91,696147,LAA,50,0,Changeup,CH,0,1898.33,0,91.15,0
R,0.36,78,21.79,0.72,1.39,"Detmers, Reid",46.15,672282,LAA,51.28,15.79,4-Seam Fastball,FF,15.79,2118.37,86.02,93.53,80
R,0.19,56,33.93,-0.22,-0.27,"Detmers, Reid",33.14,672282,LAA,48.21,27.59,Slider,SL,38.46,2410.39,77.8,85.67,66.67
R,0.08,18,38.89,0.86,0.96,"Detmers, Reid",10.65,672282,LAA,27.78,30.77,Changeup,CH,77.78,1570.56,66.05,84.16,100
R,2,17,52.94,-1.01,-1.15,"Detmers, Reid",10.06,672282,LAA,52.94,37.5,Curveball,CU,50,2496.12,79.67,72.16,33.33
L,0.34,61,9.84,0.72,1.43,"Farris, Mitch",53.98,815083,LAA,32.79,12.2,4-Seam Fastball,FF,0,2130.39,85.06,91.51,90
L,0.03,24,20.83,1.35,0.08,"Farris, Mitch",21.24,815083,LAA,16.67,45,Changeup,CH,38.46,1698.29,70.2,78.45,100
L,1.07,15,46.67,0.09,0.83,"Farris, Mitch",13.27,815083,LAA,60,33.33,Cutter,FC,33.33,2125.67,107.1,88.12,44.44
L,0.25,9,22.22,-0.08,-0.41,"Farris, Mitch",7.96,815083,LAA,44.44,40,Slider,SL,0,2375.67,91.6,80.22,50
L,0,4,0,0,0,"Farris, Mitch",3.54,815083,LAA,0,0,Unknown,UNK,0,0,0,0,0
R,0.3,103,35.92,-0.11,0.23,"Fermin, José",62.05,820862,LAA,54.37,53.19,Slider,SL,34.85,2530.29,82.99,90.98,73.21
R,0.5,46,30.43,-1.3,1.04,"Fermin, José",27.71,820862,LAA,63.04,0,Sinker,SI,0,2265.67,89.96,96.23,51.72
R,0.06,10,20,-1.14,1.07,"Fermin, José",6.02,820862,LAA,20,25,Changeup,CH,50,2224,70.7,93.54,100
R,0.73,7,14.29,-0.48,1.43,"Fermin, José",4.22,820862,LAA,14.29,16.67,4-Seam Fastball,FF,50,2354.14,0,98.37,100
R,0.14,14,14.29,-0.25,1.81,"Heineman, Tyler",100,623168,LAA,50,42.86,Other,FA,0,1355.21,86.03,49.22,57.14
R,0.46,153,30.07,0.18,0.75,"Johnson, Ryan",36.78,696270,LAA,47.06,30.86,Cutter,FC,20.31,2477.78,86.02,89,54.17
R,0.37,97,27.84,0.66,0.47,"Johnson, Ryan",23.32,696270,LAA,44.33,33.33,Sweeper,ST,23.4,2454.41,83.64,80.58,67.44
R,0.37,87,20.69,-1.11,0.16,"Johnson, Ryan",20.91,696270,LAA,21.84,14.71,Split-Finger,FS,38.1,1861.37,78.92,84.86,57.89
R,0.54,79,21.52,-1.1,0.59,"Johnson, Ryan",18.99,696270,LAA,50.63,2.56,Sinker,SI,0,2298.68,89.47,92.36,47.5
R,0.21,34,35.29,-0.79,1.26,"Joyce, Ben",54.84,690829,LAA,64.71,41.67,4-Seam Fastball,FF,18.75,2330.59,79.13,101.33,50
R,0.2,26,23.08,-1.11,0.2,"Joyce, Ben",41.94,690829,LAA,26.92,21.05,Sinker,SI,66.67,1724.62,70.77,96.06,71.43
R,0.03,2,50,0.65,-0.1,"Joyce, Ben",3.23,690829,LAA,50,100,Slider,SL,0,2712,79.7,88.6,0
R,0.23,85,24.71,-0.53,1.45,"Kerry, Brett",40.87,695049,LAA,49.41,30.23,4-Seam Fastball,FF,10,2146.22,85.78,91.38,64.29
R,0.38,69,36.23,0.07,0.08,"Kerry, Brett",33.17,695049,LAA,44.93,52.63,Slider,SL,32.56,1936.03,83.23,85.98,74.19
R,0.04,48,31.25,-1.07,1.06,"Kerry, Brett",23.08,695049,LAA,54.17,22.73,Changeup,CH,39.13,1890.83,74.86,82.02,69.23
R,0.52,6,0,1.02,-0.57,"Kerry, Brett",2.88,695049,LAA,33.33,0,Sweeper,ST,0,2611,91,79.57,100
R,0.47,74,24.32,-0.88,1.39,"Klassen, George",44.58,691946,LAA,48.65,10.53,4-Seam Fastball,FF,14.29,2271.19,86.25,96.19,66.67
R,0.27,52,30.77,0,0.08,"Klassen, George",31.33,691946,LAA,42.31,46.67,Slider,SL,37.5,2318.04,76.26,90.82,81.82
R,0.1,36,11.11,-1.23,0.59,"Klassen, George",21.69,691946,LAA,33.33,16.67,Changeup,CH,28.57,1496.72,82.9,87.02,83.33
R,0,4,0,0.44,-0.5,"Klassen, George",2.41,691946,LAA,0,0,Curveball,CU,0,2441,0,85.15,0
R,0.24,93,32.26,-0.9,1.33,"Murphy, Luke",62.84,684665,LAA,47.31,18.37,4-Seam Fastball,FF,21.88,2261.63,81.8,95.78,52.27
R,0.31,30,6.67,0.13,0.42,"Murphy, Luke",20.27,684665,LAA,26.67,9.09,Cutter,FC,0,2228.3,79.58,90.27,100
R,0.82,13,15.38,-1.19,0.25,"Murphy, Luke",8.78,684665,LAA,30.77,22.22,Changeup,CH,0,1494.15,82.48,91.47,50
R,0.17,12,16.67,0.66,0.1,"Murphy, Luke",8.11,684665,LAA,41.67,42.86,Slider,SL,25,2205.08,79.38,83.87,100
R,0.24,123,30.89,0.38,1.64,"Natera Jr., Samy",79.87,696519,LAA,57.72,19.23,4-Seam Fastball,FF,22.81,2376.94,85.93,95.58,66.2
R,0.19,31,51.61,-0.57,0.64,"Natera Jr., Samy",20.13,696519,LAA,51.61,53.33,Slider,SL,66.67,2560.45,85.23,86.44,100
R,0.27,197,26.4,-0.93,1.3,"Rodriguez, Grayson",52.25,680570,LAA,59.39,20,4-Seam Fastball,FF,16.5,2248.83,83.75,96.35,74.36
R,0.33,103,37.86,-0.73,0.33,"Rodriguez, Grayson",27.32,680570,LAA,40.78,42.62,Changeup,CH,45.61,1709.56,81.39,83.39,73.81
R,0.39,60,25,0.5,0.05,"Rodriguez, Grayson",15.92,680570,LAA,45,27.27,Slider,SL,26.92,2386.12,81.52,84.66,62.96
R,0.38,17,47.06,0.58,-0.81,"Rodriguez, Grayson",4.51,680570,LAA,35.29,27.27,Curveball,CU,75,2647.18,65.5,80.79,16.67
R,0.38,25,32,1.46,0.35,"Saucedo, Tayler",30.86,642048,LAA,48,15.38,Sinker,SI,20,2334.4,82.66,92.44,66.67
R,0.08,24,37.5,-0.57,0.51,"Saucedo, Tayler",29.63,642048,LAA,29.17,35.29,Sweeper,ST,81.82,2362.38,85.55,82.95,71.43
R,0.28,20,35,-0.15,0.4,"Saucedo, Tayler",24.69,642048,LAA,50,30,Slider,SL,45.45,2346.7,71.82,87.3,80
R,0.77,8,25,0.9,1.17,"Saucedo, Tayler",9.88,642048,LAA,25,33.33,4-Seam Fastball,FF,50,2483.12,102.2,92.65,100
R,0,4,0,0.71,0.99,"Saucedo, Tayler",4.94,642048,LAA,50,0,Changeup,CH,0,2221.5,0,85,100
R,0.19,50,42,-1.37,0.4,"Ureña, Walbert",35.71,700712,LAA,52,41.67,Changeup,CH,42.86,1750.2,77.2,92.05,69.23
R,0.58,44,29.55,-1.24,0.55,"Ureña, Walbert",31.43,700712,LAA,59.09,5.56,Sinker,SI,6.25,2181.32,76.74,98.69,57.69
R,0.37,27,25.93,-0.84,1.06,"Ureña, Walbert",19.29,700712,LAA,55.56,0,4-Seam Fastball,FF,30,2253.7,91.51,98.6,66.67
R,0.37,19,31.58,0.54,-0.09,"Ureña, Walbert",13.57,700712,LAA,26.32,28.57,Sweeper,ST,42.86,2553.63,83.12,89.06,60
R,0.04,7,28.57,-0.54,1.45,"Watson, Ryan",26.92,670245,LAA,57.14,0,4-Seam Fastball,FF,0,2286.29,82,94.86,50
R,0.03,7,57.14,1.02,0.45,"Watson, Ryan",26.92,670245,LAA,28.57,40,Sweeper,ST,66.67,2166.43,66.3,85.76,50
R,0.22,4,0,1.07,-0.99,"Watson, Ryan",15.38,670245,LAA,25,33.33,Curveball,CU,0,2353.75,85.25,84.85,100
R,0.52,4,50,0.14,0.59,"Watson, Ryan",15.38,670245,LAA,100,0,Cutter,FC,0,2100.5,83.65,90.6,50
R,0.08,4,50,-1.27,0.74,"Watson, Ryan",15.38,670245,LAA,25,66.67,Sinker,SI,50,2230.5,55.9,94.15,0
R,0.22,25,24,-1.41,0.21,"Weiman, Blake",42.37,676620,LAA,44,28.57,Sweeper,ST,23.08,2656.96,77.48,79.15,81.82
R,0.3,19,78.95,-0.75,-0.19,"Weiman, Blake",32.2,676620,LAA,89.47,100,Slider,SL,50,2599.11,68.45,82.63,35.29
R,0.31,10,30,1.1,0.8,"Weiman, Blake",16.95,676620,LAA,70,0,Sinker,SI,0,2247.6,90.5,90.86,57.14
R,0.22,4,0,0.88,-0.11,"Weiman, Blake",6.78,676620,LAA,0,25,Changeup,CH,0,1900.25,101.7,86.38,0
R,0,1,100,0.14,1.05,"Weiman, Blake",1.69,676620,LAA,0,0,4-Seam Fastball,FF,0,2220,0,90.5,0
R,0.27,41,21.95,0.5,1.57,"Dreyer, Jack",48.24,676263,LAD,51.22,35,4-Seam Fastball,FF,18.18,2457.66,76.3,94.92,71.43
R,0.18,33,42.42,-0.25,0.18,"Dreyer, Jack",38.82,676263,LAD,42.42,57.89,Slider,SL,47.83,2367.82,87.63,88.74,85.71
R,0.28,11,36.36,-0.6,-1.45,"Dreyer, Jack",12.94,676263,LAD,45.45,33.33,Curveball,CU,25,2523.45,89.53,80.59,40
R,0.25,90,30,-1.1,0.94,"Díaz, Edwin",59.6,621242,LAD,44.44,28,4-Seam Fastball,FF,20.51,2323.52,83,96.69,62.5
R,0.62,57,21.05,0.14,0.41,"Díaz, Edwin",37.75,621242,LAD,45.61,41.94,Slider,SL,15.62,2265.96,86.71,89.76,73.08
R,0,4,0,0,0,"Díaz, Edwin",2.65,621242,LAD,0,0,Unknown,UNK,0,0,0,0,0
R,0.25,9,22.22,-0.9,1.29,"Halvorsen, Seth",60,678020,LAD,44.44,40,4-Seam Fastball,FF,0,2471.89,79.87,100.69,50
R,0,4,0,0,0,"Halvorsen, Seth",26.67,678020,LAD,0,0,Unknown,UNK,0,0,0,0,0
R,0.17,2,0,0.57,0.15,"Halvorsen, Seth",13.33,678020,LAD,50,0,Slider,SL,0,2882.5,89.5,88.2,100
R,0.21,63,30.16,-0.61,1.29,"Henriquez, Edgardo",34.24,683618,LAD,41.27,21.62,4-Seam Fastball,FF,43.33,2608.63,76.6,100.28,84.62
R,0.49,41,24.39,-1.31,0.92,"Henriquez, Edgardo",22.28,683618,LAD,58.54,23.53,Sinker,SI,0,2551.88,77.87,100.56,58.33
R,0.2,41,41.46,0.57,0.07,"Henriquez, Edgardo",22.28,683618,LAD,36.59,46.15,Slider,SL,52.38,2763.46,73.24,87.09,60
R,0.66,28,50,0.17,0.86,"Henriquez, Edgardo",15.22,683618,LAD,60.71,45.45,Cutter,FC,50,2700.43,75.66,94.46,64.71
R,0,11,0,1.01,-1.13,"Henriquez, Edgardo",5.98,683618,LAD,18.18,0,Curveball,CU,0,2897.27,86.9,80.35,100
R,0.11,41,29.27,0.32,0.13,"Hernández, Jonathan",47.67,642546,LAD,48.78,38.1,Slider,SL,18.18,2448.15,87.31,89.04,70
R,0.17,21,14.29,-0.83,1.04,"Hernández, Jonathan",24.42,642546,LAD,61.9,12.5,4-Seam Fastball,FF,8.33,2333.38,92.28,97.42,84.62
R,0.21,21,33.33,-1.4,0.54,"Hernández, Jonathan",24.42,642546,LAD,71.43,33.33,Sinker,SI,9.09,2269.24,86.41,97.06,60
R,0,3,33.33,-0.49,0.31,"Hernández, Jonathan",3.49,642546,LAD,66.67,100,Split-Finger,FS,33.33,1284.33,66.9,90.33,100
R,0.2,46,26.09,-0.65,1.36,"Hurt, Kyle",54.76,669165,LAD,60.87,22.22,4-Seam Fastball,FF,25.93,2014.74,85.37,96.41,82.14
R,0.39,32,34.38,-1,0.32,"Hurt, Kyle",38.1,669165,LAD,37.5,25,Changeup,CH,56.25,1324.12,89.5,88.83,91.67
R,0.18,6,50,-0.03,0.19,"Hurt, Kyle",7.14,669165,LAD,66.67,50,Slider,SL,33.33,2022.17,92.25,87.87,50
L,0.41,58,17.24,-0.1,0.43,"Irvin, Cole",28.43,608344,LAD,62.07,36.36,Cutter,FC,5.56,1981.28,83.58,84.96,77.78
L,0.44,46,26.09,1.21,0.91,"Irvin, Cole",22.55,608344,LAD,39.13,21.43,Sinker,SI,12.5,1961.74,85.47,89.93,55.56
L,0.5,44,18.18,0.98,0.54,"Irvin, Cole",21.57,608344,LAD,40.91,38.46,Changeup,CH,28.57,1419.95,79.85,82.04,100
L,0.3,42,19.05,0.81,1.19,"Irvin, Cole",20.59,608344,LAD,52.38,20,4-Seam Fastball,FF,10,1966.86,82.01,90.78,72.73
L,0.08,14,14.29,-0.86,-0.46,"Irvin, Cole",6.86,608344,LAD,42.86,50,Slurve,SV,20,1916.14,67.55,74.89,100
R,0.31,48,41.67,-0.86,1.19,"Klein, Will",61.54,694361,LAD,58.33,30,4-Seam Fastball,FF,27.27,2193.79,85.57,96.75,57.14
R,0.3,24,8.33,1.17,-0.24,"Klein, Will",30.77,694361,LAD,58.33,0,Sweeper,ST,0,2569.83,76.2,88.01,85.71
R,0,4,0,0.48,-1.29,"Klein, Will",5.13,694361,LAD,50,0,Curveball,CU,0,2521.5,59.2,85.15,100
R,0,2,0,0.03,0.8,"Klein, Will",2.56,694361,LAD,0,0,Slider,SL,0,2410,0,93.6,0
R,0.16,62,17.74,-0.01,0.71,"Lauer, Eric",34.07,641778,LAD,46.77,33.33,Cutter,FC,14.71,2434.89,83.08,88,79.31
R,0.6,60,20,0.71,1.23,"Lauer, Eric",32.97,641778,LAD,65,28.57,4-Seam Fastball,FF,5.88,2228.67,84.22,91.52,71.79
R,0.32,28,10.71,1.17,0.77,"Lauer, Eric",15.38,641778,LAD,39.29,23.53,Changeup,CH,8.33,1650.82,82.57,85.46,72.73
R,0.19,26,26.92,-0.59,0.21,"Lauer, Eric",14.29,641778,LAD,46.15,35.71,Slider,SL,28.57,2505.35,84.6,83.46,75
R,0.73,6,0,-0.62,-0.59,"Lauer, Eric",3.3,641778,LAD,33.33,0,Curveball,CU,0,2434.83,81,76.28,100
R,0.27,22,9.09,-0.69,0.48,"Mills, Wyatt",41.51,670090,LAD,40.91,23.08,4-Seam Fastball,FF,0,1935.27,69.99,90.2,77.78
R,0.29,13,30.77,0.04,0.55,"Mills, Wyatt",24.53,670090,LAD,69.23,25,Slider,SL,0,2273.62,84.22,83.93,55.56
R,0.91,10,30,0.5,0.65,"Mills, Wyatt",18.87,670090,LAD,40,50,Sweeper,ST,20,2458.9,83.6,81.6,50
R,0.48,8,0,-1.1,-0.22,"Mills, Wyatt",15.09,670090,LAD,37.5,0,Sinker,SI,0,1864.5,80.83,89.91,100
R,0.27,55,25.45,-0.8,1.27,"Phillips, Evan",59.14,623465,LAD,50.91,40.74,4-Seam Fastball,FF,13.79,2443.22,89.29,96.66,64.29
R,0.22,27,25.93,1.19,-0.17,"Phillips, Evan",29.03,623465,LAD,40.74,25,Sweeper,ST,11.11,2590.52,86.53,86.7,45.45
R,0,8,0,0,0,"Phillips, Evan",8.6,623465,LAD,0,0,Unknown,UNK,0,0,0,0,0
R,0,2,0,-0.04,0.63,"Phillips, Evan",2.15,623465,LAD,0,0,Cutter,FC,0,2462,0,93.1,0
R,0,1,100,-1.28,0.59,"Phillips, Evan",1.08,623465,LAD,100,0,Sinker,SI,0,2207,0,95.9,0
R,0.28,103,35.92,-0.94,1.38,"Sasaki, Roki",39.31,808963,LAD,54.37,12.77,4-Seam Fastball,FF,25.71,2407.24,84.18,98.91,51.79
R,0.24,101,25.74,-0.5,0.11,"Sasaki, Roki",38.55,808963,LAD,35.64,53.85,Split-Finger,FS,24.62,896.1,83.18,90.53,83.33
R,0.35,48,37.5,0.1,-0.06,"Sasaki, Roki",18.32,808963,LAD,45.83,34.62,Slider,SL,35,2075.71,88.18,87,50
R,0,10,40,-0.23,-0.16,"Sasaki, Roki",3.82,808963,LAD,60,0,Forkball,FO,50,758.8,76,88.18,66.67
R,0.29,88,32.95,-0.51,0.07,"Scott, Tanner",61.11,656945,LAD,31.82,40,Slider,SL,46.34,2632.53,86.61,87.51,60.71
R,0.4,48,27.08,0.56,1.33,"Scott, Tanner",33.33,656945,LAD,70.83,21.43,4-Seam Fastball,FF,17.24,2489.58,88.46,96.11,76.47
R,0,8,0,0,0,"Scott, Tanner",5.56,656945,LAD,0,0,Unknown,UNK,0,0,0,0,0
R,0.42,28,32.14,-0.74,1.44,"Sheehan, Emmet",48.28,686218,LAD,32.14,42.11,4-Seam Fastball,FF,35.71,2410.04,80.16,93.29,66.67
R,0.58,16,37.5,0.19,0.13,"Sheehan, Emmet",27.59,686218,LAD,56.25,28.57,Slider,SL,33.33,2335.62,92.08,85.63,77.78
R,0.33,11,9.09,0.76,-0.95,"Sheehan, Emmet",18.97,686218,LAD,27.27,12.5,Curveball,CU,0,2631.36,85.1,78.49,33.33
R,0.36,3,33.33,-1.18,-0.22,"Sheehan, Emmet",5.17,686218,LAD,66.67,100,Changeup,CH,33.33,1308.33,86.9,85.03,100
R,0.33,105,28.57,1.03,1.01,"Skubal, Tarik",29.41,669373,LAD,55.24,14.89,Sinker,SI,18.18,2185.57,83.55,96.85,63.79
R,0.36,96,22.92,0.19,1.36,"Skubal, Tarik",26.89,669373,LAD,51.04,46.81,4-Seam Fastball,FF,21.31,2295.88,81.95,96.84,79.59
R,0.23,92,22.83,1.13,0.4,"Skubal, Tarik",25.77,669373,LAD,32.61,35.48,Changeup,CH,36.73,1849.87,81.58,87.46,90
R,0.21,45,28.89,-0.28,0.4,"Skubal, Tarik",12.61,669373,LAD,48.89,13.04,Slider,SL,29.41,2159.33,78.16,89.88,63.64
R,0.12,19,36.84,-0.71,-0.42,"Skubal, Tarik",5.32,669373,LAD,47.37,20,Curveball,CU,50,2543.47,93.48,80.05,66.67
R,0.13,45,31.11,0.41,1.61,"Snell, Blake",53.57,605483,LAD,51.11,27.27,4-Seam Fastball,FF,21.05,2527.22,80.65,96.21,56.52
R,0.14,20,45,-1.16,-0.69,"Snell, Blake",23.81,605483,LAD,30,50,Curveball,CU,50,2445.9,90.47,80.6,16.67
R,0.31,14,21.43,1.08,0.83,"Snell, Blake",16.67,605483,LAD,35.71,77.78,Changeup,CH,20,1848.71,78.71,85.45,60
R,0,5,20,-0.3,0.63,"Snell, Blake",5.95,605483,LAD,20,25,Slider,SL,50,2390,0,89.14,100
R,0.37,75,21.33,0.31,1.73,"Vesia, Alex",65.79,681911,LAD,54.67,23.53,4-Seam Fastball,FF,15.38,2553.28,86.63,92.72,75.61
R,0.2,25,36,-0.49,0.35,"Vesia, Alex",21.93,681911,LAD,48,23.08,Slider,SL,28.57,2384.96,74.82,85.22,33.33
R,0.03,14,28.57,0.89,1.31,"Vesia, Alex",12.28,681911,LAD,50,0,Changeup,CH,57.14,1897.21,83.5,83.26,100
R,0.42,106,29.25,0.61,1.36,"Wrobleski, Justin",41.09,680736,LAD,61.32,24.39,4-Seam Fastball,FF,10,2475.4,82.6,95.26,61.54
R,0.57,43,16.28,-0.23,0.07,"Wrobleski, Justin",16.67,680736,LAD,37.21,25.93,Slider,SL,15.79,2432.72,85.08,87.52,75
R,0.34,39,41.03,1.23,0.86,"Wrobleski, Justin",15.12,680736,LAD,84.62,33.33,Sinker,SI,11.76,2232.23,83.63,94.01,45.45
R,0.29,30,13.33,1.2,0.58,"Wrobleski, Justin",11.63,680736,LAD,23.33,17.39,Changeup,CH,22.22,1634.9,82.56,86.47,71.43
R,0.34,17,29.41,-0.08,0.53,"Wrobleski, Justin",6.59,680736,LAD,35.29,18.18,Cutter,FC,0,2543.06,76.32,90.71,66.67
R,0.59,12,25,-0.62,-0.51,"Wrobleski, Justin",4.65,680736,LAD,58.33,0,Curveball,CU,0,2331.25,92.92,77.77,57.14
R,0.84,11,0,-1.08,-0.44,"Wrobleski, Justin",4.26,680736,LAD,54.55,40,Sweeper,ST,0,2547,89.6,83.41,100
R,0.15,76,18.42,0.19,0.7,"Yamamoto, Yoshinobu",25.42,808967,LAD,46.05,48.78,Cutter,FC,11.11,2413.74,73.89,92.72,71.43
R,0.14,75,41.33,-0.66,1.26,"Yamamoto, Yoshinobu",25.08,808967,LAD,64,14.81,4-Seam Fastball,FF,12.9,2224.17,79.95,96.76,56.25
R,0.34,68,13.24,-0.76,0.09,"Yamamoto, Yoshinobu",22.74,808967,LAD,41.18,27.5,Split-Finger,FS,18.92,1228.25,87.94,91.57,92.86
R,0.37,40,17.5,-1.22,0.9,"Yamamoto, Yoshinobu",13.38,808967,LAD,55,5.56,Sinker,SI,11.11,2304.18,89.61,95.75,77.27
R,0.02,28,42.86,1.05,-1.26,"Yamamoto, Yoshinobu",9.36,808967,LAD,35.71,0,Curveball,CU,0,2764.07,86,77.27,20
R,0.46,12,8.33,0.56,0.3,"Yamamoto, Yoshinobu",4.01,808967,LAD,33.33,0,Slider,SL,0,2834,94.77,86.57,75
R,0.29,69,21.74,-1.41,0.57,"Alcantara, Sandy",32.86,645261,MIA,56.52,30,Sinker,SI,8.33,2248.13,81.3,96.91,69.23
R,0.69,42,11.9,-0.89,1.05,"Alcantara, Sandy",20,645261,MIA,30.95,20.69,4-Seam Fastball,FF,17.65,2135.14,83.11,97.23,84.62
R,0.04,38,18.42,-1.2,0.03,"Alcantara, Sandy",18.1,645261,MIA,34.21,28,Changeup,CH,26.32,1943.63,82.72,90.48,92.31
R,0.2,33,36.36,0.18,0.48,"Alcantara, Sandy",15.71,645261,MIA,60.61,30.77,Cutter,FC,36.84,2116.97,84.27,89.63,75
R,0.02,14,14.29,0.4,0.27,"Alcantara, Sandy",6.67,645261,MIA,50,42.86,Slider,SL,0,2204.07,81.81,85.21,71.43
R,0.45,10,20,1.06,0.03,"Alcantara, Sandy",4.76,645261,MIA,50,40,Sweeper,ST,0,2282.7,77.95,83.58,60
R,0.11,4,25,0.26,-0.3,"Alcantara, Sandy",1.9,645261,MIA,75,0,Curveball,CU,33.33,2308.5,82.8,82.68,100
R,0.48,43,25.58,-0.54,1.23,"Ekness, Josh",55.84,694795,MIA,46.51,26.09,4-Seam Fastball,FF,16.67,2536.51,84.81,97.79,60
R,0.45,26,34.62,1.28,0.43,"Ekness, Josh",33.77,694795,MIA,65.38,22.22,Sweeper,ST,16.67,2672.31,73.16,85.57,58.82
R,0.17,4,0,0.56,-0.41,"Ekness, Josh",5.19,694795,MIA,100,0,Curveball,CU,0,2668.5,77.1,87.35,100
R,0,4,0,-1.14,0.22,"Ekness, Josh",5.19,694795,MIA,25,0,Sinker,SI,0,2327.75,86,98.58,100
R,0.13,39,30.77,-0.13,1.55,"Fairbanks, Pete",48.75,664126,MIA,46.15,9.52,4-Seam Fastball,FF,30.77,2461.21,88.16,97.45,61.11
R,0.23,25,48,0.37,-0.8,"Fairbanks, Pete",31.25,664126,MIA,64,33.33,Slider,SL,33.33,2575.2,83.75,84.48,37.5
R,0.58,16,68.75,0.52,0.34,"Fairbanks, Pete",20,664126,MIA,68.75,60,Cutter,FC,55.56,2569.38,90.5,90.71,54.55
R,0.13,52,19.23,1.3,-0.01,"Faucher, Calvin",36.36,676534,MIA,40.38,29.03,Sweeper,ST,24,3057.6,78.28,87.2,76.19
R,0.36,31,22.58,0.2,0.51,"Faucher, Calvin",21.68,676534,MIA,67.74,0,Cutter,FC,6.67,2742.81,82.76,93.38,71.43
R,0,25,60,-0.69,1.16,"Faucher, Calvin",17.48,676534,MIA,64,66.67,4-Seam Fastball,FF,58.82,2418.88,77.09,96.36,68.75
R,0,24,37.5,-1.37,0.27,"Faucher, Calvin",16.78,676534,MIA,29.17,58.82,Sinker,SI,38.46,2249.12,73.16,95.72,42.86
R,0.8,11,18.18,0.97,-1.05,"Faucher, Calvin",7.69,676534,MIA,36.36,28.57,Curveball,CU,0,3082.27,103.5,86.16,50
L,0.32,12,25,-0.14,0.93,"Fulton, Dax",46.15,690978,MIA,58.33,0,4-Seam Fastball,FF,20,2366.67,87.47,94.57,71.43
L,0.44,8,25,-1.18,0.14,"Fulton, Dax",30.77,690978,MIA,12.5,28.57,Sweeper,ST,66.67,2599.25,83.6,83.04,100
L,0,4,25,-0.49,0.21,"Fulton, Dax",15.38,690978,MIA,25,0,Slider,SL,0,2361.75,0,88.9,0
L,0,2,0,0.77,0.54,"Fulton, Dax",7.69,690978,MIA,100,0,Sinker,SI,0,2213.5,72.6,94.8,100
R,0.23,20,10,1.41,0.52,"Gibson, Cade",26.32,806188,MIA,60,37.5,Sinker,SI,0,2256.1,89.08,91.82,83.33
R,0.11,16,56.25,-1.13,-1.19,"Gibson, Cade",21.05,806188,MIA,62.5,83.33,Curveball,CU,33.33,3200.44,79.92,79.24,40
R,0.62,16,25,-1.72,0.01,"Gibson, Cade",21.05,806188,MIA,68.75,100,Sweeper,ST,14.29,3270.62,82.62,79.97,81.82
R,0.06,13,38.46,-0.37,0.5,"Gibson, Cade",17.11,806188,MIA,46.15,0,Slider,SL,0,2842.31,63.7,86.6,16.67
R,0,9,22.22,0.82,0.05,"Gibson, Cade",11.84,806188,MIA,44.44,0,Changeup,CH,0,1082.89,0,86.9,0
R,0,2,0,0.89,1.16,"Gibson, Cade",2.63,806188,MIA,100,0,4-Seam Fastball,FF,0,2330,76.1,91.6,100
R,0.33,105,22.86,-0.31,1.26,"Gusto, Ryan",34.43,687473,MIA,59.05,32.56,4-Seam Fastball,FF,13.56,2386.04,88.15,94.94,72.58
R,0.18,49,26.53,0.45,0.63,"Gusto, Ryan",16.07,687473,MIA,65.31,23.53,Cutter,FC,29.03,2370.14,79.68,89.55,84.38
R,0.44,37,24.32,-1.06,0.16,"Gusto, Ryan",12.13,687473,MIA,51.35,27.78,Changeup,CH,0,1232.97,83.37,87.2,42.11
R,0.48,33,36.36,1.34,-0.17,"Gusto, Ryan",10.82,687473,MIA,63.64,41.67,Sweeper,ST,6.67,2559.73,80.1,81.34,47.62
R,0.15,30,33.33,0.61,-1.37,"Gusto, Ryan",9.84,687473,MIA,36.67,68.42,Curveball,CU,27.78,2508.1,83.8,78.74,45.45
R,0.26,27,14.81,0.44,-0.28,"Gusto, Ryan",8.85,687473,MIA,62.96,40,Slider,SL,10.53,2376.19,79.95,84.79,88.24
R,0.41,24,37.5,-1.27,0.59,"Gusto, Ryan",7.87,687473,MIA,54.17,36.36,Sinker,SI,16.67,2191.17,90.34,93.37,61.54
R,0.35,118,23.73,-0.44,1.51,"Junk, Janson",46.83,676083,MIA,50.85,20.69,4-Seam Fastball,FF,4.17,2357.9,81.02,93.44,60
R,0.14,40,30,0.53,0.16,"Junk, Janson",15.87,676083,MIA,65,0,Slider,SL,0,2481.5,80.5,86.02,53.85
R,0.31,36,11.11,-1.04,0,"Junk, Janson",14.29,676083,MIA,50,33.33,Changeup,CH,9.09,1528.06,89.3,87.04,88.89
R,0.57,26,7.69,1.45,0.01,"Junk, Janson",10.32,676083,MIA,46.15,42.86,Sweeper,ST,11.11,2410.62,81.22,80.2,100
R,0.51,16,12.5,0.71,-1.16,"Junk, Janson",6.35,676083,MIA,37.5,20,Curveball,CU,0,2578.38,98.65,81.18,33.33
R,0.45,16,12.5,-1.18,0.8,"Junk, Janson",6.35,676083,MIA,75,0,Sinker,SI,0,2270.12,93.7,93.32,83.33
R,0.25,32,18.75,1.19,0.26,"King, John",23.88,667463,MIA,43.75,22.22,Sinker,SI,14.29,2125.06,78.35,90.51,71.43
R,0.24,31,25.81,-0.51,0.1,"King, John",23.13,667463,MIA,74.19,25,Slider,SL,19.05,2757.13,85.08,83.42,82.61
R,0.9,28,7.14,1.14,0.13,"King, John",20.9,667463,MIA,17.86,56.52,Changeup,CH,11.11,1628.46,78.27,84.46,100
R,0.84,26,26.92,-0.94,-1.09,"King, John",19.4,667463,MIA,34.62,17.65,Curveball,CU,0,2863.35,90.27,79.13,44.44
R,0.16,17,11.76,-1.31,-0.09,"King, John",12.69,667463,MIA,35.29,63.64,Sweeper,ST,15.38,2781.82,80.44,81.4,100
R,0.32,82,10.98,-0.58,1.62,"Petersen, Michael",63.08,656848,MIA,42.68,38.3,4-Seam Fastball,FF,10,2380.11,81.88,99.01,91.43
R,0.06,29,34.48,0.13,-0.01,"Petersen, Michael",22.31,656848,MIA,55.17,23.08,Slider,SL,35.71,2429.76,83.21,89.52,68.75
R,0.04,18,33.33,-0.76,0.66,"Petersen, Michael",13.85,656848,MIA,27.78,38.46,Changeup,CH,50,1059.61,84.97,92.23,60
R,0,1,0,-0.97,1.54,"Petersen, Michael",0.77,656848,MIA,0,0,Sinker,SI,0,2371,0,98.3,0
R,0.33,76,47.37,-0.87,0.02,"Phillips, Tyler",30.16,663969,MIA,42.11,45.45,Split-Finger,FS,57.14,1195.32,85.39,86.66,68.75
R,0.31,72,19.44,-1.35,0.57,"Phillips, Tyler",28.57,663969,MIA,50,33.33,Sinker,SI,0,2000.31,94.62,95.19,55.56
R,0.36,54,44.44,0.89,0.11,"Phillips, Tyler",21.43,663969,MIA,81.48,40,Sweeper,ST,8.33,2508.37,84.31,84.03,45.45
R,0.48,26,7.69,0.39,-0.93,"Phillips, Tyler",10.32,663969,MIA,53.85,50,Curveball,CU,10,2535.85,94.62,83.17,100
R,1.32,16,25,-0.85,1.07,"Phillips, Tyler",6.35,663969,MIA,62.5,0,4-Seam Fastball,FF,0,2158.62,93.8,95.54,60
R,0,8,25,0.07,0.01,"Phillips, Tyler",3.17,663969,MIA,25,0,Slider,SL,0,2392.25,0,87.38,0
R,0.35,91,21.98,-1.22,1.17,"Pérez, Eury",31.49,691587,MIA,45.05,38,Sinker,SI,20,2660.07,84.9,98.15,75.61
R,0.2,73,31.51,-0.96,1.56,"Pérez, Eury",25.26,691587,MIA,52.05,34.29,4-Seam Fastball,FF,22.86,2732.71,87.92,98.43,60.53
R,0.2,52,32.69,0.05,0.47,"Pérez, Eury",17.99,691587,MIA,51.92,44,Slider,SL,37.5,2470.87,78.37,89.79,77.78
R,0.09,36,36.11,0.51,1.01,"Pérez, Eury",12.46,691587,MIA,36.11,43.48,Sweeper,ST,42.11,2552.06,70.83,85,69.23
R,0.13,19,26.32,0.69,-0.63,"Pérez, Eury",6.57,691587,MIA,36.84,16.67,Curveball,CU,42.86,2795.26,73.55,81.68,71.43
R,0,17,35.29,-1.17,0.96,"Pérez, Eury",5.88,691587,MIA,23.53,30.77,Changeup,CH,71.43,1776.88,85.4,91.09,75
R,0,1,0,0,0,"Pérez, Eury",0.35,691587,MIA,0,0,Unknown,UNK,0,0,0,0,0
R,0.39,8,25,-0.5,0.65,"Sanoja, Javier",100,691594,MIA,25,33.33,Other,FA,0,1356.25,97.3,59.55,100
R,0.35,69,26.09,0.28,-0.26,"Vodnik, Victor",43.4,680767,MIA,42.03,27.5,Slider,SL,17.24,2352.8,86.94,88.38,62.07
R,0.37,68,19.12,-0.47,1.16,"Vodnik, Victor",42.77,680767,MIA,52.94,25,4-Seam Fastball,FF,20.51,2270.01,87.6,98.24,86.11
R,0.02,22,31.82,-1.18,0.1,"Vodnik, Victor",13.84,680767,MIA,54.55,40,Changeup,CH,30.77,1805.55,68.94,91.75,75
R,0.26,50,40,-0.78,1.3,"Zuber, Tyler",41.32,676604,MIA,56,36.36,4-Seam Fastball,FF,39.29,2405.5,85.48,95.11,71.43
R,0.1,44,36.36,1.2,0.15,"Zuber, Tyler",36.36,676604,MIA,40.91,34.62,Sweeper,ST,35.29,2804.48,81.28,83.44,44.44
R,0.36,16,31.25,0.54,0.17,"Zuber, Tyler",13.22,676604,MIA,50,25,Slider,SL,57.14,2699.5,87.43,89.03,62.5
R,0.04,11,27.27,-1.31,0.46,"Zuber, Tyler",9.09,676604,MIA,63.64,25,Sinker,SI,0,2213.64,76.83,95.06,57.14
R,0.16,20,20,-1.11,0.95,"Anderson, Grant",43.48,681982,MIL,40,33.33,4-Seam Fastball,FF,20,2536.4,69.4,93.12,75
R,0.01,14,42.86,-1.45,0.19,"Anderson, Grant",30.43,681982,MIL,57.14,33.33,Sinker,SI,33.33,2438.14,82.3,94.83,50
R,0.38,12,16.67,1.1,0.29,"Anderson, Grant",26.09,681982,MIL,16.67,20,Sweeper,ST,0,2690,88.1,82.15,0
R,0.32,90,37.78,1.04,0.73,"Ashby, Aaron",52.02,676879,MIL,61.11,25.71,Sinker,SI,27.91,2111.42,84.63,97.9,61.82
R,0.13,50,32,-0.43,-1.45,"Ashby, Aaron",28.9,676879,MIL,32,20.59,Curveball,CU,50,2782.54,74.18,84.58,43.75
R,0.26,17,47.06,1.08,0.34,"Ashby, Aaron",9.83,676879,MIL,23.53,61.54,Changeup,CH,60,1806.06,79.75,92.32,50
R,0.01,16,37.5,-0.47,-0.48,"Ashby, Aaron",9.25,676879,MIL,25,50,Slider,SL,75,2553.31,62.2,86.01,50
R,0.21,96,31.25,1.02,1.15,"Drohan, Shane",26.67,675660,MIL,50,25,4-Seam Fastball,FF,20,2454.56,81.78,94.85,58.33
R,0.14,72,41.67,-0.25,0,"Drohan, Shane",20,675660,MIL,36.11,30.43,Slider,SL,61.54,2880.58,78.62,86.72,46.15
R,0.46,68,17.65,0.08,0.85,"Drohan, Shane",18.89,675660,MIL,58.82,35.71,Cutter,FC,10,2746.71,80.05,91.08,75
R,0.58,60,26.67,1.46,0.66,"Drohan, Shane",16.67,675660,MIL,66.67,10,Sinker,SI,14.29,2462.73,88.7,94.84,65
R,0.3,44,31.82,-0.83,-0.66,"Drohan, Shane",12.22,675660,MIL,36.36,35.71,Curveball,CU,14.29,2934.5,73.42,81.1,25
R,0,20,10,1.3,0.27,"Drohan, Shane",5.56,675660,MIL,10,22.22,Changeup,CH,33.33,1834.8,66.6,87.45,100
R,0.31,68,33.82,-1.26,0.43,"Gasser, Robert",27.64,688107,MIL,39.71,26.83,Sweeper,ST,34.62,2474.04,80.71,80.61,55.56
R,0.45,53,26.42,1.31,0.56,"Gasser, Robert",21.54,688107,MIL,69.81,0,Sinker,SI,0,2103.55,88.54,92.76,59.46
R,0.41,52,23.08,0.58,1.23,"Gasser, Robert",21.14,688107,MIL,50,15.38,4-Seam Fastball,FF,17.39,2209.98,75.04,93.04,73.08
R,0.28,46,23.91,-0.19,0.63,"Gasser, Robert",18.7,688107,MIL,71.74,38.46,Cutter,FC,12.5,2416.02,80.35,88.46,81.82
R,0.42,27,18.52,1.43,0.03,"Gasser, Robert",10.98,688107,MIL,25.93,35,Changeup,CH,18.18,2003.56,83.91,88.55,57.14
R,0.37,28,17.86,1.27,0.89,"Hall, DL",41.79,669084,MIL,53.57,46.15,Sinker,SI,0,2155.32,83.97,95.29,66.67
R,0.43,15,20,1.22,0.76,"Hall, DL",22.39,669084,MIL,33.33,20,Changeup,CH,20,2166.53,85,84.74,60
R,0.44,12,25,0.6,1.18,"Hall, DL",17.91,669084,MIL,50,16.67,4-Seam Fastball,FF,33.33,2149.58,91.8,95.51,83.33
R,0,9,11.11,-0.7,-1.05,"Hall, DL",13.43,669084,MIL,11.11,37.5,Curveball,CU,25,2782,76.5,82.7,100
R,0.11,3,0,-0.39,-0.17,"Hall, DL",4.48,669084,MIL,33.33,100,Slider,SL,0,2465.33,88.23,87.47,100
R,0.3,82,32.93,1.13,1.19,"Harrison, Kyle",51.57,690986,MIL,57.32,25.71,4-Seam Fastball,FF,14.29,2385.15,86.47,93.9,55.32
R,0.16,53,35.85,-0.91,-0.22,"Harrison, Kyle",33.33,690986,MIL,35.85,26.47,Slurve,SV,42.11,2121.19,73.59,81.18,52.63
R,0.63,14,21.43,0.73,-0.38,"Harrison, Kyle",8.81,690986,MIL,42.86,37.5,Changeup,CH,14.29,1445.43,91.42,83.42,66.67
R,0.81,10,20,1.44,0.81,"Harrison, Kyle",6.29,690986,MIL,40,50,Sinker,SI,0,2273.6,69.23,93.16,50
R,0.26,127,26.77,-0.94,1.43,"Henderson, Logan",49.42,701656,MIL,63.78,26.09,4-Seam Fastball,FF,15.62,2305.49,88.14,93.08,64.2
R,0.22,85,34.12,-1.58,0.56,"Henderson, Logan",33.07,701656,MIL,42.35,28.57,Changeup,CH,47.5,2567.2,74.22,82.98,72.22
R,0.25,42,42.86,-0.01,1.03,"Henderson, Logan",16.34,701656,MIL,71.43,25,Cutter,FC,25,2366.62,86.73,88.05,56.67
R,0,3,0,1.12,-0.08,"Henderson, Logan",1.17,701656,MIL,33.33,0,Sweeper,ST,0,2268.67,69,82.3,100
R,0.46,81,35.8,0.09,0.79,"May, Dustin",30.68,669160,MIL,66.67,37.04,Cutter,FC,15.38,2411.42,82.26,93.23,53.7
R,0.33,62,29.03,-0.82,1.21,"May, Dustin",23.48,669160,MIL,35.48,22.5,4-Seam Fastball,FF,35,2306.03,87.81,96.51,50
R,0.35,40,17.5,1.25,-0.31,"May, Dustin",15.15,669160,MIL,45,22.73,Sweeper,ST,19.05,3134.58,82.61,86.08,88.89
R,0.42,32,15.62,-1.43,0.5,"May, Dustin",12.12,669160,MIL,31.25,22.73,Sinker,SI,0,2305.75,79.06,96.44,40
R,0.11,28,14.29,-1.24,0.35,"May, Dustin",10.61,669160,MIL,32.14,31.58,Changeup,CH,16.67,1579.79,80.22,89.87,66.67
R,0.24,21,33.33,0.64,-1.2,"May, Dustin",7.95,669160,MIL,42.86,33.33,Curveball,CU,25,3074.48,85.18,83.46,44.44
R,0.18,60,30,-0.34,1.54,"Megill, Trevor",67.42,656730,MIL,58.33,32,4-Seam Fastball,FF,23.33,2370.18,85.4,97.74,62.86
R,0.14,29,31.03,0.21,-0.03,"Megill, Trevor",32.58,656730,MIL,51.72,28.57,Knuckle Curve,KC,33.33,2581,80.99,87.8,73.33
R,0.21,119,42.86,-1,1.23,"Misiorowski, Jacob",67.23,694819,MIL,59.66,52.08,4-Seam Fastball,FF,37.84,2657.18,80.71,100.52,69.01
R,0.13,30,36.67,0.35,-0.26,"Misiorowski, Jacob",16.95,694819,MIL,46.67,56.25,Slider,SL,36.84,2515.3,77.48,89.94,71.43
R,0.25,18,16.67,0.46,-0.64,"Misiorowski, Jacob",10.17,694819,MIL,50,11.11,Curveball,CU,12.5,2241.72,84.37,87.38,77.78
R,0.36,10,20,0.2,0.53,"Misiorowski, Jacob",5.65,694819,MIL,50,20,Cutter,FC,0,2571.1,88.12,95.13,60
L,0.49,25,24,-0.03,1.02,"Pannone, Thomas",44.64,623381,MIL,56,18.18,Cutter,FC,9.09,2480.92,73.7,88.03,64.29
L,0.35,10,20,1.11,0.98,"Pannone, Thomas",17.86,623381,MIL,60,50,Sinker,SI,14.29,2328.5,84.72,89.71,83.33
L,0,7,0,-0.9,-0.77,"Pannone, Thomas",12.5,623381,MIL,14.29,0,Curveball,CU,0,2543.86,81.3,75.43,100
L,1.01,6,16.67,1.24,0.49,"Pannone, Thomas",10.71,623381,MIL,66.67,50,Changeup,CH,0,1954.83,87.53,86.05,75
L,0.27,4,0,0.68,1.34,"Pannone, Thomas",7.14,623381,MIL,0,50,4-Seam Fastball,FF,0,2358,88.35,90.5,0
L,0.06,4,50,-1.03,0.51,"Pannone, Thomas",7.14,623381,MIL,100,0,Sweeper,ST,33.33,2502,92.45,79.85,75
R,0.26,80,38.75,0.37,0.95,"Patrick, Chad",39.22,694477,MIL,45,45.45,Cutter,FC,38.64,2466.06,78.15,90.04,66.67
R,0.31,60,28.33,-1.3,0.67,"Patrick, Chad",29.41,694477,MIL,38.33,29.73,Sinker,SI,26.92,2107.5,84.38,96.03,65.22
R,0.24,50,32,-0.52,1.24,"Patrick, Chad",24.51,694477,MIL,52,29.17,4-Seam Fastball,FF,21.05,2362.52,74.8,96.58,46.15
R,0.02,13,30.77,0.54,-0.23,"Patrick, Chad",6.37,694477,MIL,30.77,44.44,Slurve,SV,33.33,2542.08,63.72,87.81,50
R,0.73,1,0,-1.26,0.84,"Patrick, Chad",0.49,694477,MIL,0,0,Changeup,CH,0,2063,0,92.4,0
R,0.12,13,30.77,-1.55,0.28,"Richardson, Lyon",48.15,680689,MIL,30.77,44.44,Changeup,CH,50,1883.85,79.5,86.95,100
R,0.43,12,25,-1.51,0.65,"Richardson, Lyon",44.44,680689,MIL,58.33,0,Sinker,SI,0,2227.42,71.2,95.52,42.86
R,0.11,2,0,1.01,-0.18,"Richardson, Lyon",7.41,680689,MIL,0,100,Sweeper,ST,0,2538,87.8,82,0
R,0.38,39,28.21,-1.09,0.59,"Senzatela, Antonio",41.49,622608,MIL,51.28,36.84,Sinker,SI,5.26,2201.59,85.64,96.25,60
R,0.49,29,17.24,0.27,0.58,"Senzatela, Antonio",30.85,622608,MIL,31.03,15,Cutter,FC,12.5,2264.45,88.55,92.47,55.56
R,0.26,18,22.22,-0.4,1.07,"Senzatela, Antonio",19.15,622608,MIL,33.33,50,4-Seam Fastball,FF,33.33,2329.89,86.7,97.74,100
R,0.46,8,0,0.42,-0.41,"Senzatela, Antonio",8.51,622608,MIL,50,0,Curveball,CU,0,2501.5,86.85,84.82,100
R,0.17,62,25.81,-1.22,0.41,"Sproat, Brandon",48.44,687075,MIL,54.84,7.14,Sinker,SI,16.67,2031.32,83.46,95.71,64.71
R,0.33,28,21.43,1.16,-0.01,"Sproat, Brandon",21.88,687075,MIL,35.71,22.22,Sweeper,ST,33.33,2582.71,83.85,85.53,80
R,0.3,20,10,-0.65,1.1,"Sproat, Brandon",15.62,687075,MIL,70,33.33,4-Seam Fastball,FF,14.29,2088.2,86.42,97.15,85.71
R,0.14,10,20,-1.21,0.26,"Sproat, Brandon",7.81,687075,MIL,20,25,Changeup,CH,50,1738,86.7,91.38,100
R,0.84,6,0,0.35,0.43,"Sproat, Brandon",4.69,687075,MIL,66.67,100,Cutter,FC,0,2145.67,83.65,90.8,100
R,0.3,2,0,1.06,-0.96,"Sproat, Brandon",1.56,687075,MIL,0,100,Curveball,CU,0,2557,84.8,82.2,0
R,0.18,36,11.11,-1.3,0.4,"Stallings, Garrett",41.86,668831,MIL,55.56,25,Changeup,CH,16.67,1631.94,68.13,80.94,100
R,0,24,41.67,0.19,0.72,"Stallings, Garrett",27.91,668831,MIL,66.67,50,Cutter,FC,28.57,2176.5,75.9,88.26,62.5
R,0.17,24,33.33,-1.02,0.95,"Stallings, Garrett",27.91,668831,MIL,66.67,0,Sinker,SI,0,1882.5,85.33,91.57,37.5
R,0,2,0,0.36,-0.14,"Stallings, Garrett",2.33,668831,MIL,0,0,Sweeper,ST,0,2363,0,83.2,0
R,0.5,7,28.57,0.95,-0.03,"Sánchez, Gary",36.84,596142,MIL,71.43,0,Curveball,CU,33.33,1498.71,95.85,42.7,60
R,0.34,7,14.29,-0.42,1.71,"Sánchez, Gary",36.84,596142,MIL,42.86,50,Slider,SL,0,1637,74.23,55.19,66.67
R,0,3,33.33,-1.02,1.48,"Sánchez, Gary",15.79,596142,MIL,66.67,0,Changeup,CH,0,2045,0,82.73,0
R,0.33,1,0,-0.94,1.37,"Sánchez, Gary",5.26,596142,MIL,100,0,4-Seam Fastball,FF,0,2358,97.4,87.7,100
R,0,1,0,0,0,"Sánchez, Gary",5.26,596142,MIL,0,0,Unknown,UNK,0,0,0,0,0
R,0.07,75,50.67,0.75,0.34,"Uribe, Abner",51.37,682842,MIL,50.67,27.03,Slider,SL,46.67,2514.2,74.88,88.07,52.63
R,0.31,70,20,-1.18,0.54,"Uribe, Abner",47.95,682842,MIL,37.14,27.27,Sinker,SI,23.33,2341.61,79.69,98.67,69.23
R,0.3,1,0,-0.64,1.11,"Uribe, Abner",0.68,682842,MIL,100,0,4-Seam Fastball,FF,0,2425,72.1,99,100
R,0.42,25,24,-0.04,0.95,"Vaughn, Andrew",86.21,683734,MIL,28,27.78,Other,FA,18.18,665.55,79.87,51.81,85.71
R,0,4,0,0.17,1.24,"Vaughn, Andrew",13.79,683734,MIL,25,0,Slider,SL,0,1111.33,0,63.88,100
R,0.28,59,28.81,0.27,0.58,"Wilson, Bryse",41.55,669060,MIL,49.15,36.67,Cutter,FC,13.79,1990.81,80.38,87.69,62.07
R,0.32,47,31.91,-1.2,0.85,"Wilson, Bryse",33.1,669060,MIL,63.83,41.18,Sinker,SI,4.35,2083.7,82.63,91.78,53.33
R,0.19,23,34.78,-0.41,1.35,"Wilson, Bryse",16.2,669060,MIL,60.87,33.33,4-Seam Fastball,FF,35.71,2158.09,81.56,92.36,78.57
R,0.24,7,14.29,1.29,-0.26,"Wilson, Bryse",4.93,669060,MIL,42.86,50,Curveball,CU,20,2428,89.02,81.24,100
R,0.5,6,0,-0.85,0.28,"Wilson, Bryse",4.23,669060,MIL,33.33,50,Changeup,CH,0,1339.67,99.52,83.93,100
R,0.17,31,32.26,0.37,0.07,"Adams, Travis",31.63,701519,MIN,45.16,41.18,Slider,SL,31.25,2281.9,73.6,86.63,64.29
R,0.2,25,12,-1.21,0.36,"Adams, Travis",25.51,701519,MIN,32,17.65,Changeup,CH,11.11,1887.48,85.76,86.1,75
R,0.51,19,26.32,-0.45,1.4,"Adams, Travis",19.39,701519,MIN,47.37,0,4-Seam Fastball,FF,0,2383.05,76.32,95.28,44.44
R,0,15,46.67,0.32,0.78,"Adams, Travis",15.31,701519,MIN,60,50,Cutter,FC,50,2515.27,67.75,93.01,77.78
R,0.7,8,0,-1.22,0.38,"Adams, Travis",8.16,701519,MIN,0,12.5,Sinker,SI,0,2139.75,75.9,94.09,0
R,0.43,82,24.39,-0.53,1.47,"Bradley, Taj",42.93,671737,MIN,50,39.02,4-Seam Fastball,FF,18.18,2318.12,85.73,98.3,68.29
R,0.17,54,25.93,0.35,0.29,"Bradley, Taj",28.27,671737,MIN,55.56,20.83,Cutter,FC,18.52,2228.81,81.61,90.1,73.33
R,0.43,34,11.76,-0.96,0.51,"Bradley, Taj",17.8,671737,MIN,41.18,5,Split-Finger,FS,15.38,1827.85,91.3,92.79,85.71
R,0.26,21,33.33,0.32,-0.8,"Bradley, Taj",10.99,671737,MIN,38.1,30.77,Curveball,CU,37.5,2409.05,71.7,84.54,50
R,0.05,68,42.65,0.19,1.07,"Funderburk, Kody",39.08,681892,MIN,57.35,44.83,Cutter,FC,45.24,2280.96,77.7,93.3,74.36
R,0.15,54,33.33,1.27,0.61,"Funderburk, Kody",31.03,681892,MIN,48.15,32.14,Sinker,SI,13.64,2322.26,69.59,93.66,50
R,0.25,36,36.11,-1.22,-0.21,"Funderburk, Kody",20.69,681892,MIN,25,33.33,Sweeper,ST,41.67,2456.44,84.03,81.6,33.33
R,0.72,12,33.33,1.35,0.11,"Funderburk, Kody",6.9,681892,MIN,100,0,Changeup,CH,0,1991.58,94.9,89.78,58.33
R,0,4,0,0,0,"Funderburk, Kody",2.3,681892,MIN,0,0,Unknown,UNK,0,0,0,0,0
R,0.4,95,28.42,-0.61,1.3,"Gómez, Yoendrys",58.28,672782,MIN,56.84,26.83,4-Seam Fastball,FF,21.28,2497.61,81.94,96.91,66.67
R,0.14,38,31.58,1.02,0.4,"Gómez, Yoendrys",23.31,672782,MIN,36.84,25,Sweeper,ST,42.86,2807.68,80.62,85.97,57.14
R,0.38,12,8.33,-1.37,0.47,"Gómez, Yoendrys",7.36,672782,MIN,33.33,37.5,Changeup,CH,0,1728.92,76.12,92.48,75
R,0,8,12.5,-0.09,0.55,"Gómez, Yoendrys",4.91,672782,MIN,12.5,0,Cutter,FC,0,2454.5,0,92.52,0
R,0,6,50,-1.27,0.82,"Gómez, Yoendrys",3.68,672782,MIN,33.33,50,Sinker,SI,66.67,2414.83,70.6,96.18,50
R,0,4,0,0,0,"Gómez, Yoendrys",2.45,672782,MIN,0,0,Unknown,UNK,0,0,0,0,0
R,0.41,61,31.15,0.31,-0.24,"Hoffman, Jeff",45.52,656546,MIN,32.79,41.46,Slider,SL,40,2848.1,83.61,85.74,65
R,0.19,38,52.63,-1.07,1.31,"Hoffman, Jeff",28.36,656546,MIN,65.79,30.77,4-Seam Fastball,FF,50,2508.95,84.18,95.63,56
R,0.28,27,7.41,-1.21,0.31,"Hoffman, Jeff",20.15,656546,MIN,40.74,0,Split-Finger,FS,0,1697.56,85.89,88.57,81.82
R,0.09,8,25,-0.93,1.27,"Hoffman, Jeff",5.97,656546,MIN,100,0,Sinker,SI,0,2451.75,108.7,95.35,75
R,0.32,69,30.43,-0.58,1.53,"Kremer, Dean",38.98,665152,MIN,53.62,21.88,4-Seam Fastball,FF,10.71,2280.38,82.28,92.97,56.76
R,0.17,40,20,-0.92,0.89,"Kremer, Dean",22.6,665152,MIN,37.5,52,Split-Finger,FS,23.08,1376.08,72.59,82.88,86.67
R,0.16,32,25,0.28,0.53,"Kremer, Dean",18.08,665152,MIN,21.88,52,Cutter,FC,33.33,2369.25,78.96,87.4,71.43
R,0.15,19,31.58,0.72,-1.1,"Kremer, Dean",10.73,665152,MIN,26.32,21.43,Curveball,CU,25,2877.47,93.83,76.79,20
R,0.34,10,30,-1.09,1.06,"Kremer, Dean",5.65,665152,MIN,50,20,Sinker,SI,0,2193.6,96.68,92.16,60
R,0,7,0,0.4,-0.28,"Kremer, Dean",3.95,665152,MIN,14.29,16.67,Slider,SL,0,2596.14,69.15,83.66,100
R,0.47,138,31.88,-0.74,1.35,"Matthews, Zebby",37.5,805673,MIN,55.07,25.81,4-Seam Fastball,FF,16.67,2276.72,87.72,95.14,57.89
R,0.13,92,32.61,0.25,0.26,"Matthews, Zebby",25,805673,MIN,34.78,40,Slider,SL,41.67,2420.78,82.86,87.32,75
R,0.43,54,22.22,-1.21,0.41,"Matthews, Zebby",14.67,805673,MIN,37.04,29.41,Changeup,CH,16.67,1514.93,92.44,87.78,70
R,0.01,46,21.74,0.5,-0.84,"Matthews, Zebby",12.5,805673,MIN,39.13,14.29,Curveball,CU,14.29,2442.65,80.12,80.67,55.56
R,0.37,22,18.18,0.07,0.7,"Matthews, Zebby",5.98,805673,MIN,54.55,40,Cutter,FC,14.29,2474.91,83.68,90.19,83.33
R,0,16,37.5,-1.27,1.01,"Matthews, Zebby",4.35,805673,MIN,25,0,Sinker,SI,100,2309,0,94.92,50
R,0.19,47,29.79,-0.26,0.41,"Minter, A.J.",60.26,621345,MIN,53.19,31.82,Cutter,FC,25,2557.15,69.78,89.3,68
R,0.73,16,25,0.28,1.29,"Minter, A.J.",20.51,621345,MIN,43.75,22.22,4-Seam Fastball,FF,16.67,2450.12,75.15,93.84,57.14
R,0.29,7,0,1.25,0.47,"Minter, A.J.",8.97,621345,MIN,28.57,40,Changeup,CH,0,1569.14,70.7,86.64,100
R,0.2,6,16.67,0.94,0.75,"Minter, A.J.",7.69,621345,MIN,66.67,50,Sinker,SI,20,2487.83,89.95,93.27,100
R,0,2,0,0,0,"Minter, A.J.",2.56,621345,MIN,0,0,Unknown,UNK,0,0,0,0,0
R,0.44,65,33.85,-0.36,1.3,"Morris, Andrew",53.28,702193,MIN,56.92,21.43,4-Seam Fastball,FF,16,2025.71,82.37,98.15,51.35
R,0.31,23,4.35,0.45,0.55,"Morris, Andrew",18.85,702193,MIN,43.48,23.08,Cutter,FC,0,2288.3,90.68,92.95,80
R,0.38,14,0,-0.95,0.82,"Morris, Andrew",11.48,702193,MIN,42.86,0,Changeup,CH,0,1555.86,90.77,91.66,100
R,0.4,12,33.33,-0.9,1.27,"Morris, Andrew",9.84,702193,MIN,66.67,0,Sinker,SI,0,1986.83,95.1,97.37,50
R,0,8,0,0,0,"Morris, Andrew",6.56,702193,MIN,0,0,Unknown,UNK,0,0,0,0,0
R,0.18,68,30.88,0.04,0.54,"Nance, Tommy",49.28,667297,MIN,55.88,43.33,Slider,SL,16.67,2493.43,80.27,91.07,76.32
R,0.52,37,27.03,-1.26,0.9,"Nance, Tommy",26.81,667297,MIN,40.54,22.73,Sinker,SI,9.09,2170.43,90.95,95.16,40
R,0.08,33,18.18,0.98,-1.18,"Nance, Tommy",23.91,667297,MIN,27.27,20.83,Curveball,CU,11.11,2770.06,64.42,85.36,44.44
R,0.35,121,22.31,-0.45,1.23,"Ober, Bailey",37,641927,MIN,54.55,23.64,4-Seam Fastball,FF,5.17,2186.4,88.13,87.34,68.18
R,0.44,99,17.17,-1.42,0.56,"Ober, Bailey",30.28,641927,MIN,52.53,34.04,Changeup,CH,13.56,2074.72,86.88,82.07,82.69
R,0.21,61,26.23,0.46,0.43,"Ober, Bailey",18.65,641927,MIN,40.98,30.56,Slider,SL,22.22,2097.89,82.41,81.41,64
R,0.22,38,28.95,1.03,0.1,"Ober, Bailey",11.62,641927,MIN,26.32,35.71,Sweeper,ST,55.56,2203.76,83.33,75.63,80
R,0.34,6,16.67,-0.84,0.79,"Ober, Bailey",1.83,641927,MIN,83.33,0,Sinker,SI,0,2137,90.74,88.02,100
R,0,2,0,0.72,-0.64,"Ober, Bailey",0.61,641927,MIN,0,0,Curveball,CU,0,2056.5,0,71.55,0
R,0.33,89,32.58,-0.48,0.04,"Prielipp, Connor",32.72,687570,MIN,49.44,28.89,Slider,SL,38.1,3051.52,84.47,88.28,65.91
R,0.52,73,15.07,0.69,1.27,"Prielipp, Connor",26.84,687570,MIN,56.16,31.25,4-Seam Fastball,FF,6.82,2254.82,85.22,96.09,82.93
R,0.51,59,32.2,1.22,0.77,"Prielipp, Connor",21.69,687570,MIN,66.1,20,Sinker,SI,13.79,2223.73,87.62,95.27,64.1
R,0.06,36,25,-1.16,-0.62,"Prielipp, Connor",13.24,687570,MIN,38.89,18.18,Curveball,CU,40,3300.19,85.27,83.59,42.86
R,0.11,15,46.67,1.12,0.32,"Prielipp, Connor",5.51,687570,MIN,33.33,60,Changeup,CH,60,1970.47,80.38,87.13,80
R,0.4,67,29.85,-1.37,-0.03,"Rogers, Taylor",48.2,573124,MIN,47.76,37.14,Sweeper,ST,6.67,2892.52,83.27,77.84,53.12
R,0.3,45,17.78,1.34,0.71,"Rogers, Taylor",32.37,573124,MIN,44.44,0,Sinker,SI,0,2215.18,81.41,92.56,60
R,0.12,19,31.58,0.04,0.38,"Rogers, Taylor",13.67,573124,MIN,36.84,0,Cutter,FC,33.33,2406.42,79.75,88.52,42.86
R,0,8,0,0,0,"Rogers, Taylor",5.76,573124,MIN,0,0,Unknown,UNK,0,0,0,0,0
L,0.26,31,29.03,0.54,1.34,"Rojas, Kendry",40.79,696070,MIN,45.16,23.53,4-Seam Fastball,FF,40,2320.19,85.76,96.24,78.57
L,0.55,24,16.67,-0.31,0.67,"Rojas, Kendry",31.58,696070,MIN,29.17,41.18,Slider,SL,23.08,2477.88,82.49,90.15,85.71
L,0.43,15,33.33,1.25,0.85,"Rojas, Kendry",19.74,696070,MIN,60,16.67,Sinker,SI,0,2025.33,70.98,95.23,44.44
L,0.01,6,16.67,0.57,0.7,"Rojas, Kendry",7.89,696070,MIN,50,0,Changeup,CH,0,1568.17,80.7,90.9,33.33
R,0.28,133,26.32,-1.16,1.03,"Ryan, Joe",45.7,657746,MIN,49.62,31.34,4-Seam Fastball,FF,19.35,2263.17,80.62,92.62,62.12
R,0.31,49,22.45,-1.28,0.43,"Ryan, Joe",16.84,657746,MIN,59.18,10,Split-Finger,FS,16.67,2171.35,88.76,87.65,75.86
R,0.2,44,18.18,0.76,-0.62,"Ryan, Joe",15.12,657746,MIN,34.09,48.28,Knuckle Curve,KC,4.55,2707.86,88.96,79.23,53.33
R,0.11,35,31.43,0.98,0.17,"Ryan, Joe",12.03,657746,MIN,54.29,18.75,Sweeper,ST,30.77,2684.09,80.83,80.74,52.63
R,0.5,16,25,0.05,0.47,"Ryan, Joe",5.5,657746,MIN,43.75,44.44,Slider,SL,22.22,2259.06,85.04,87.21,71.43
R,0.5,14,14.29,-1.24,0.83,"Ryan, Joe",4.81,657746,MIN,71.43,100,Sinker,SI,0,2108.29,86.82,92.73,80
R,0.31,83,12.05,-0.49,1.51,"Curry, Xzavion",35.32,675540,NYM,50.6,19.51,4-Seam Fastball,FF,7.32,2097.11,86.88,91.1,78.57
R,0.23,70,30,0.46,0.39,"Curry, Xzavion",29.79,675540,NYM,50,22.86,Slider,SL,20,2329.11,80.77,84.29,62.86
R,0.16,39,12.82,-0.89,0.8,"Curry, Xzavion",16.6,675540,NYM,38.46,20.83,Split-Finger,FS,25,1719.69,83.18,84.16,100
R,0.51,25,24,-0.84,1.24,"Curry, Xzavion",10.64,675540,NYM,44,21.43,Sinker,SI,11.11,2187.72,81.7,90.06,54.55
R,0.73,18,27.78,0.89,-0.86,"Curry, Xzavion",7.66,675540,NYM,55.56,12.5,Curveball,CU,0,2494.06,89.02,72.59,50
R,0.36,66,24.24,0.45,0.62,"Duarte, Daniel",34.2,650960,NYM,48.48,41.18,Cutter,FC,9.68,2508,79.68,89.34,53.12
R,0.25,51,35.29,1.37,0.14,"Duarte, Daniel",26.42,650960,NYM,47.06,44.44,Sweeper,ST,30.77,2673.65,72.46,81.24,58.33
R,0.36,32,21.88,-1.37,0.76,"Duarte, Daniel",16.58,650960,NYM,56.25,28.57,Sinker,SI,10.53,2236.75,81.63,93,83.33
R,0.23,27,25.93,-0.58,1.3,"Duarte, Daniel",13.99,650960,NYM,44.44,0,4-Seam Fastball,FF,25,2328.41,75.8,94.58,66.67
R,0.24,17,17.65,-1.17,0.36,"Duarte, Daniel",8.81,650960,NYM,35.29,45.45,Changeup,CH,20,1689.24,70.91,88.02,83.33
R,0.08,8,25,-0.91,1.39,"Herget, Kevin",36.36,643361,NYM,100,0,4-Seam Fastball,FF,0,2116,77.4,89.28,75
R,0,8,25,-1.39,0.83,"Herget, Kevin",36.36,643361,NYM,25,0,Changeup,CH,0,1948.75,0,79.68,0
R,0.15,6,0,-0.11,0.84,"Herget, Kevin",27.27,643361,NYM,66.67,0,Cutter,FC,0,2032,96.5,86.13,100
R,0.04,51,35.29,0.53,1.38,"Lavender, Nate",59.3,681320,NYM,56.86,22.73,4-Seam Fastball,FF,40.74,2298.57,85.45,92.67,75.86
R,0.42,19,31.58,-0.48,0.51,"Lavender, Nate",22.09,681320,NYM,57.89,0,Slider,SL,14.29,2487.05,77.92,86.18,63.64
R,0,8,50,1.11,0.61,"Lavender, Nate",9.3,681320,NYM,50,50,Changeup,CH,50,1740,65,81.25,50
R,0,8,12.5,-1.07,0.48,"Lavender, Nate",9.3,681320,NYM,50,0,Sweeper,ST,25,2661.38,79.1,80.41,100
R,0.35,188,35.11,1.04,0.87,"Manaea, Sean",49.47,640455,NYM,63.3,26.09,4-Seam Fastball,FF,30.19,2094.04,84.25,92.26,73.95
R,0.21,96,38.54,-0.81,0.12,"Manaea, Sean",25.26,640455,NYM,43.75,25.93,Sweeper,ST,43.75,2299.03,77.62,76.73,42.86
R,0.46,74,22.97,1.51,0.37,"Manaea, Sean",19.47,640455,NYM,62.16,10.71,Sinker,SI,0,2103.39,86.81,91.11,56.52
R,0.47,12,50,-0.08,0.57,"Manaea, Sean",3.16,640455,NYM,33.33,100,Cutter,FC,40,2186.83,80.97,84.58,50
R,0.94,10,0,1.16,0.24,"Manaea, Sean",2.63,640455,NYM,30,0,Changeup,CH,0,1607.4,86.15,81.97,100
R,0.4,28,28.57,0.41,0.38,"McDermott, Chayce",41.18,694646,NYM,35.71,38.89,Cutter,FC,30.77,2638,70.52,89.12,60
R,0.4,24,16.67,-0.41,1.48,"McDermott, Chayce",35.29,694646,NYM,62.5,33.33,4-Seam Fastball,FF,20,2294.5,86.91,95.83,80
R,0.56,12,33.33,0.39,-0.39,"McDermott, Chayce",17.65,694646,NYM,50,33.33,Slider,SL,33.33,2716.42,98.57,83.23,66.67
R,0,4,0,-0.62,0.35,"McDermott, Chayce",5.88,694646,NYM,0,0,Split-Finger,FS,0,1027.75,0,86.5,0
R,0.31,100,18,-1.41,0.43,"McLean, Nolan",26.88,690997,NYM,51,22.45,Sinker,SI,0,2236.29,84.52,95.03,64.71
R,0.45,96,28.12,-1.03,1.1,"McLean, Nolan",25.81,690997,NYM,47.92,16,4-Seam Fastball,FF,32.5,2314.43,86.2,96.08,69.57
R,0.14,68,29.41,1.47,-0.96,"McLean, Nolan",18.28,690997,NYM,27.94,32.65,Curveball,CU,37.93,3381.84,76.23,81.89,68.42
R,0.25,43,18.6,0.04,0.64,"McLean, Nolan",11.56,690997,NYM,53.49,35,Cutter,FC,0,2464.09,81.28,92.8,56.52
R,0.03,28,46.43,0.73,0.36,"McLean, Nolan",7.53,690997,NYM,57.14,33.33,Slider,SL,40,2933.07,86.24,85.67,68.75
R,1.01,19,15.79,-1.04,0.07,"McLean, Nolan",5.11,690997,NYM,36.84,25,Changeup,CH,12.5,1230.89,77.24,88.16,71.43
R,0.6,18,16.67,1.2,0.11,"McLean, Nolan",4.84,690997,NYM,33.33,33.33,Sweeper,ST,0,2915.06,83.35,84.34,66.67
R,0.64,29,3.45,-0.43,1.23,"Núñez, Dedniel",60.42,673380,NYM,65.52,10,4-Seam Fastball,FF,5,2309.34,92.56,95.83,100
R,0.22,19,26.32,0.12,0.12,"Núñez, Dedniel",39.58,673380,NYM,42.11,36.36,Slider,SL,30,2422.16,85.25,88.06,75
R,0.2,60,35,0.25,0.76,"Pintaro, Jonathan",57.14,702752,NYM,40,36.11,Cutter,FC,37.93,2744.98,78.4,91.64,66.67
R,0.38,23,17.39,-1.35,0.21,"Pintaro, Jonathan",21.9,702752,NYM,43.48,15.38,Sinker,SI,0,2325.87,96.54,95.1,40
R,0.35,14,42.86,-0.77,1.17,"Pintaro, Jonathan",13.33,702752,NYM,28.57,40,4-Seam Fastball,FF,50,2474,71.1,96.06,0
R,0.16,8,12.5,-1.16,-0.28,"Pintaro, Jonathan",7.62,702752,NYM,37.5,0,Changeup,CH,0,2107.5,91.4,87.45,66.67
L,0.09,8,25,0.41,1.12,"Pérez, Cionel",50,672335,NYM,50,25,4-Seam Fastball,FF,25,2207.75,84.13,97.16,75
L,0,6,50,-0.93,-0.32,"Pérez, Cionel",37.5,672335,NYM,50,33.33,Slurve,SV,50,2645,71.1,87.05,33.33
L,0.47,2,50,1.12,0.66,"Pérez, Cionel",12.5,672335,NYM,50,100,Sinker,SI,50,2217,84.1,96.3,100
R,0.25,132,31.06,-0.79,1.25,"Scott, Christian",47.83,681035,NYM,53.03,38.71,4-Seam Fastball,FF,30.67,2312.35,84.72,95.57,72.86
R,0.24,68,23.53,1.3,0.37,"Scott, Christian",24.64,681035,NYM,51.47,39.39,Sweeper,ST,15.79,2586.24,82.01,82.22,71.43
R,0.26,45,44.44,0.26,0.52,"Scott, Christian",16.3,681035,NYM,48.89,39.13,Cutter,FC,40.91,2429.51,84.95,89.64,59.09
R,0.5,19,10.53,0.83,-0.53,"Scott, Christian",6.88,681035,NYM,47.37,40,Curveball,CU,8.33,2684.68,84.97,82.17,88.89
R,0.13,9,11.11,-0.9,0.1,"Scott, Christian",3.26,681035,NYM,55.56,50,Split-Finger,FS,0,1076.67,80.15,85.49,60
R,0.05,3,0,-1.4,0.57,"Scott, Christian",1.09,681035,NYM,0,33.33,Sinker,SI,0,2212.33,70.8,91.47,0
R,0.15,91,29.67,-0.62,1.34,"Senga, Kodai",50.56,673540,NYM,60.44,27.78,4-Seam Fastball,FF,13.64,2437.93,86.72,96.63,61.82
R,0.14,42,33.33,-0.9,0.18,"Senga, Kodai",23.33,673540,NYM,26.19,32.26,Forkball,FO,58.82,1232.17,81.87,83.62,63.64
R,1.07,22,27.27,0.62,-0.3,"Senga, Kodai",12.22,673540,NYM,45.45,0,Sweeper,ST,0,2580.68,102.6,82.33,40
R,0.46,15,13.33,0.01,0.88,"Senga, Kodai",8.33,673540,NYM,26.67,18.18,Cutter,FC,33.33,2496.4,102.6,90.65,100
R,0,10,40,-1.29,0.74,"Senga, Kodai",5.56,673540,NYM,40,66.67,Sinker,SI,33.33,2303.6,67.4,91.36,50
R,0.78,43,32.56,-0.23,0.75,"Stock, Robert",28.48,476594,NYM,62.79,12.5,Cutter,FC,25,2376.98,84.42,92.23,66.67
R,0.23,39,28.21,-1.02,0.78,"Stock, Robert",25.83,476594,NYM,61.54,26.67,4-Seam Fastball,FF,32,2285.67,78.29,96.5,87.5
R,0.31,35,20,-1.29,0.16,"Stock, Robert",23.18,476594,NYM,51.43,29.41,Sinker,SI,15.79,2209.2,72.73,94.43,77.78
R,0.23,17,35.29,-1.08,0.39,"Stock, Robert",11.26,476594,NYM,29.41,41.67,Changeup,CH,66.67,1617,83.47,82.02,80
R,0.38,16,31.25,1.09,0.26,"Stock, Robert",10.6,476594,NYM,43.75,11.11,Sweeper,ST,0,2502.81,96.67,81.47,28.57
R,0,1,0,0,0,"Stock, Robert",0.66,476594,NYM,0,0,Unknown,UNK,0,0,0,0,0
R,0.32,116,13.79,-0.3,0.73,"Thornton, Zac",36.71,804267,NYM,51.72,28.57,Cutter,FC,13.89,2399.72,80.92,88.4,93.33
R,0.34,56,32.14,0.47,1.45,"Thornton, Zac",17.72,804267,NYM,64.29,10,4-Seam Fastball,FF,0,2268.29,86.11,91.85,55.56
R,0.25,42,23.81,-0.42,0.37,"Thornton, Zac",13.29,804267,NYM,47.62,27.27,Slider,SL,27.27,2419.1,81.2,85.28,80
R,0.42,40,20,1.21,1.07,"Thornton, Zac",12.66,804267,NYM,40,33.33,Sinker,SI,11.11,2303.95,75.96,91.92,62.5
R,0.3,32,25,-1.14,-0.09,"Thornton, Zac",10.13,804267,NYM,37.5,20,Sweeper,ST,33.33,2494.19,64.8,78.89,66.67
R,0.45,18,11.11,1.18,0.91,"Thornton, Zac",5.7,804267,NYM,22.22,28.57,Changeup,CH,0,1743.56,68.73,84.06,50
R,0.38,10,20,-0.4,-0.83,"Thornton, Zac",3.16,804267,NYM,20,25,Curveball,CU,0,2437.6,88.9,75,0
R,0,2,0,0,0,"Thornton, Zac",0.63,804267,NYM,0,0,Unknown,UNK,0,0,0,0,0
R,0.33,12,8.33,0.01,1.4,"Torrens, Luis",80,620443,NYM,25,66.67,Eephus,EP,0,1009,78.86,40.04,33.33
R,0.15,3,0,-0.19,1.43,"Torrens, Luis",20,620443,NYM,0,33.33,Other,FA,0,1093.67,75.9,43.87,0
R,0.1,12,25,1.07,0.2,"Weisenburger, Jack",41.38,674073,NYM,33.33,62.5,Sweeper,ST,33.33,2362.5,72.18,82.08,100
R,0,7,14.29,-0.41,1.21,"Weisenburger, Jack",24.14,674073,NYM,0,28.57,4-Seam Fastball,FF,0,2269.57,76.05,94.99,0
R,0.15,6,16.67,-1.09,0.87,"Weisenburger, Jack",20.69,674073,NYM,66.67,0,Sinker,SI,0,2172.33,88.37,93.78,75
R,0.46,4,0,0.32,0.56,"Weisenburger, Jack",13.79,674073,NYM,50,0,Cutter,FC,0,2367.25,94.85,88.58,100
R,0.36,60,25,-1.22,1.15,"Williams, Devin",65.93,642207,NYM,46.67,40.62,4-Seam Fastball,FF,33.33,2358.8,84.42,93.97,92.86
R,0.22,28,25,-1.6,-0.35,"Williams, Devin",30.77,642207,NYM,25,38.1,Changeup,CH,42.86,2674.79,88.11,82.65,85.71
R,0.06,3,33.33,0.24,0.94,"Williams, Devin",3.3,642207,NYM,33.33,50,Cutter,FC,0,2341.33,80.3,87.37,0
R,0.39,50,26,1.14,0.93,"Yan, Jefry",64.94,642376,NYM,52,20.83,Sinker,SI,20.83,2472.52,83.82,97.95,73.08
R,0.39,25,32,-0.46,-0.4,"Yan, Jefry",32.47,642376,NYM,16,23.81,Slider,SL,83.33,2546.28,95.3,86.28,25
R,0,2,0,0.08,1.36,"Yan, Jefry",2.6,642376,NYM,0,0,4-Seam Fastball,FF,0,2574,0,97.5,0
R,0.15,76,25,-0.61,0.26,"Bednar, David",47.8,670280,NYY,35.53,42.86,Split-Finger,FS,26.19,1575.63,79.7,90.56,77.78
R,0.31,61,29.51,-0.64,1.44,"Bednar, David",38.36,670280,NYY,49.18,38.71,4-Seam Fastball,FF,31.58,2287.43,82.37,96.35,86.67
R,0,18,50,0.59,-0.33,"Bednar, David",11.32,670280,NYY,55.56,12.5,Curveball,CU,50,2348.56,88.5,78.09,30
R,0,4,0,0,0,"Bednar, David",2.52,670280,NYY,0,0,Unknown,UNK,0,0,0,0,0
R,0.34,50,34,-1.09,0.8,"Blackburn, Paul",35.21,621112,NYY,64,5.56,Sinker,SI,0,2040.74,87.28,94.85,46.88
R,0.06,46,36.96,-1,0.57,"Blackburn, Paul",32.39,621112,NYY,36.96,55.17,Changeup,CH,41.38,1797.13,76.45,87.2,76.47
R,0.67,24,16.67,0.7,-1.4,"Blackburn, Paul",16.9,621112,NYY,33.33,12.5,Curveball,CU,0,2711.04,77.48,80.62,50
R,0.05,17,5.88,0.23,0.7,"Blackburn, Paul",11.97,621112,NYY,23.53,38.46,Cutter,FC,12.5,2488.76,68.31,92.84,75
R,0.59,3,0,1.58,-0.35,"Blackburn, Paul",2.11,621112,NYY,33.33,0,Sweeper,ST,0,2843.33,90.1,84.13,100
R,0.4,2,0,-0.69,1.39,"Blackburn, Paul",1.41,621112,NYY,50,0,4-Seam Fastball,FF,0,2365,100,95.7,100
R,0.31,48,25,-0.12,1.44,"Castro, Kervin",57.14,665645,NYY,39.58,24.14,4-Seam Fastball,FF,22.73,2380.58,82.05,93.87,78.95
R,0.08,16,31.25,0.46,-1.08,"Castro, Kervin",19.05,665645,NYY,31.25,9.09,Curveball,CU,33.33,2369.31,91.5,79.74,40
R,0.17,13,23.08,-0.9,1.09,"Castro, Kervin",15.48,665645,NYY,61.54,60,Sinker,SI,11.11,2234.31,81.21,93.08,75
R,0.09,7,14.29,0.29,0.91,"Castro, Kervin",8.33,665645,NYY,71.43,0,Cutter,FC,0,2404.71,79.88,92.56,80
R,0.51,56,21.43,-1.02,0.48,"Chivilli, Angel",40.88,683409,NYY,28.57,32.5,Changeup,CH,32,1722.95,83.73,90.64,75
R,0.52,47,34.04,-0.06,0.48,"Chivilli, Angel",34.31,683409,NYY,51.06,26.09,Slider,SL,36.36,2049.77,81.59,91.81,66.67
R,0.47,34,11.76,-1.22,0.93,"Chivilli, Angel",24.82,683409,NYY,47.06,11.11,4-Seam Fastball,FF,12.5,2166.15,93.46,98.29,87.5
R,0.3,107,28.97,-0.81,1.3,"Cole, Gerrit",59.12,543037,NYY,55.14,18.75,4-Seam Fastball,FF,14.89,2260,85.95,96.73,64.41
R,0.38,31,25.81,0.34,0.24,"Cole, Gerrit",17.13,543037,NYY,61.29,25,Slider,SL,26.32,2436.26,90.9,90.03,84.21
R,0.33,23,30.43,-1.23,0.71,"Cole, Gerrit",12.71,543037,NYY,47.83,41.67,Changeup,CH,15.38,1886.43,81.4,85.48,72.73
R,0.28,20,30,0.97,-1.14,"Cole, Gerrit",11.05,543037,NYY,50,20,Knuckle Curve,KC,0,2796.8,87.23,83.54,40
R,0.28,78,29.49,-0.34,0.09,"Cruz, Fernando",49.68,518585,NYY,39.74,38.3,Split-Finger,FS,34.88,707.35,87.71,80.22,80.65
R,0.4,45,20,-0.34,1.36,"Cruz, Fernando",28.66,518585,NYY,57.78,5.26,4-Seam Fastball,FF,5.26,2232.51,82.19,92.69,69.23
R,0.43,30,46.67,1.22,0.26,"Cruz, Fernando",19.11,518585,NYY,60,16.67,Slider,SL,25,2578.27,79.33,81.55,33.33
R,0,4,0,0,0,"Cruz, Fernando",2.55,518585,NYY,0,0,Unknown,UNK,0,0,0,0,0
R,0.38,4,50,-1.54,0.71,"De los Santos, Yerry",100,660787,NYY,100,0,Sinker,SI,0,2189.5,100.5,94.35,50
R,0.24,90,22.22,0.24,1.27,"Fried, Max",26.79,608331,NYY,55.56,25,4-Seam Fastball,FF,13.04,2072.11,83.68,95.54,72
R,0.12,86,30.23,-0.2,0.56,"Fried, Max",25.6,608331,NYY,58.14,27.78,Cutter,FC,22.73,2292.3,79.85,92.2,68
R,0.26,56,21.43,0.82,0.35,"Fried, Max",16.67,608331,NYY,46.43,40,Sinker,SI,22.22,2014.46,81.64,93.59,92.31
R,0.23,34,41.18,-0.6,-1.23,"Fried, Max",10.12,608331,NYY,58.82,14.29,Curveball,CU,42.86,2697.53,70,74.1,60
R,0.07,34,35.29,-1.28,-0.42,"Fried, Max",10.12,608331,NYY,58.82,14.29,Sweeper,ST,37.5,2700.65,83.04,80.58,70
R,0.03,24,25,1.2,0.43,"Fried, Max",7.14,608331,NYY,41.67,28.57,Changeup,CH,33.33,1485.5,76.53,86.68,80
R,0,12,16.67,-0.54,-0.2,"Fried, Max",3.57,608331,NYY,33.33,0,Slider,SL,0,2416.67,0,84.32,50
R,0.3,81,33.33,0.67,1.41,"Headrick, Brent",50,687396,NYY,54.32,27.03,4-Seam Fastball,FF,20,2243.93,82.95,94.08,68.18
R,0.3,40,30,-0.08,0.49,"Headrick, Brent",24.69,687396,NYY,42.5,47.83,Slider,SL,30.43,1968.05,74.51,85.21,70.59
R,0.16,28,7.14,0.68,0.19,"Headrick, Brent",17.28,687396,NYY,14.29,33.33,Split-Finger,FS,16.67,960.5,63.56,84.63,100
R,0.7,13,46.15,1.24,1.29,"Headrick, Brent",8.02,687396,NYY,53.85,33.33,Sinker,SI,0,2413.62,81.4,93.65,14.29
R,0.35,101,20.79,1.19,-0.55,"Hill, Tim",90.99,657612,NYY,44.55,39.29,Sinker,SI,8.93,1997.57,79.92,88.68,75.56
R,0,5,20,-0.65,1.01,"Hill, Tim",4.5,657612,NYY,20,0,Slider,SL,0,2251.6,0,76.38,0
R,0,4,0,1.41,0.3,"Hill, Tim",3.6,657612,NYY,50,0,4-Seam Fastball,FF,0,2078.75,68.4,89.62,100
R,0,1,0,0,0,"Hill, Tim",0.9,657612,NYY,0,0,Unknown,UNK,0,0,0,0,0
R,0.28,150,32,-0.52,1.4,"Schlittler, Cam",42.25,693645,NYY,56.67,38.46,4-Seam Fastball,FF,32.97,2618.53,83.55,98.44,77.65
R,0.2,87,26.44,-1.11,0.95,"Schlittler, Cam",24.51,693645,NYY,55.17,23.08,Sinker,SI,20,2452.85,80.2,98.28,64.58
R,0.28,60,36.67,0.38,0.92,"Schlittler, Cam",16.9,693645,NYY,53.33,14.29,Cutter,FC,34.78,2658.82,81.89,95.46,59.38
R,0.5,58,20.69,0.32,-0.81,"Schlittler, Cam",16.34,693645,NYY,29.31,29.27,Curveball,CU,33.33,2530.78,68.63,88.03,70.59
R,0.22,71,38.03,-0.53,1.26,"Warren, Will",26.59,701542,NYY,54.93,18.75,4-Seam Fastball,FF,26.92,2578.77,82.57,93.48,51.28
R,0.15,64,28.12,-1.18,-0.05,"Warren, Will",23.97,701542,NYY,21.88,46,Changeup,CH,38.71,1642.11,80.15,87.26,57.14
R,0.46,54,37.04,1.43,-0.03,"Warren, Will",20.22,701542,NYY,48.15,25,Sweeper,ST,10.53,3010.28,85.39,84.36,46.15
R,0.37,39,15.38,0.89,-0.93,"Warren, Will",14.61,701542,NYY,38.46,29.17,Curveball,CU,0,2800.1,89.38,81.75,60
R,0.4,39,28.21,-1.26,0.56,"Warren, Will",14.61,701542,NYY,51.28,15.79,Sinker,SI,18.75,2467.36,91.96,93.61,65
R,0.32,107,19.63,0.98,0.03,"Weathers, Ryan",27.58,677960,NYY,28.97,27.63,Changeup,CH,33.33,2034.5,87.81,86.07,77.42
R,0.34,101,30.69,1.45,0.59,"Weathers, Ryan",26.03,677960,NYY,65.35,20,Sinker,SI,10.2,2342.62,86.41,93.87,63.64
R,0.56,88,36.36,-1.13,0.02,"Weathers, Ryan",22.68,677960,NYY,55.68,7.69,Sweeper,ST,7.69,2655.02,77.41,80.89,46.94
R,0.07,55,34.55,-0.34,0.04,"Weathers, Ryan",14.18,677960,NYY,58.18,17.39,Slider,SL,26.09,2664.82,81.27,85.85,59.38
R,0,37,27.03,0.85,1.31,"Weathers, Ryan",9.54,677960,NYY,37.84,21.74,4-Seam Fastball,FF,33.33,2457.73,84.77,95.27,50
R,0.03,14,28.57,0.29,0.72,"Yarbrough, Ryan",38.89,642232,NYY,57.14,0,Cutter,FC,0,2048.43,70.85,85.21,50
R,1.37,10,20,1.09,0.96,"Yarbrough, Ryan",27.78,642232,NYY,60,0,4-Seam Fastball,FF,0,1903.2,83.5,87.86,66.67
R,0.89,5,40,1.48,0.23,"Yarbrough, Ryan",13.89,642232,NYY,40,100,Changeup,CH,40,1938.6,67.27,78.44,100
R,0,3,0,-1.13,0.49,"Yarbrough, Ryan",8.33,642232,NYY,33.33,0,Sweeper,ST,0,2160,26,72.2,100
R,0.05,2,0,1.26,0.68,"Yarbrough, Ryan",5.56,642232,NYY,100,0,Sinker,SI,0,1972,89.8,87.8,100
R,0,2,0,0,0,"Yarbrough, Ryan",5.56,642232,NYY,0,0,Unknown,UNK,0,0,0,0,0
R,0.34,65,27.69,1.11,1.12,"Alvarado, José",65,621237,PHI,44.62,27.78,Sinker,SI,18.52,1976.15,84.65,97.66,58.62
R,0,28,25,-0.22,0.36,"Alvarado, José",28,621237,PHI,14.29,25,Cutter,FC,62.5,2037.75,73.87,90.98,50
R,0,5,0,0.03,-0.38,"Alvarado, José",5,621237,PHI,0,20,Curveball,CU,0,2321,76.2,83.9,0
R,0,2,0,0,0,"Alvarado, José",2,621237,PHI,0,0,Unknown,UNK,0,0,0,0,0
L,0.39,33,30.3,1.54,0.22,"Backhus, Kyle",50,679775,PHI,48.48,17.65,Sinker,SI,30.77,2234.39,64.41,91.4,62.5
L,0.35,20,25,-1.01,0.18,"Backhus, Kyle",30.3,679775,PHI,40,33.33,Sweeper,ST,12.5,2185.8,91.38,77.43,50
L,0.28,13,0,1.11,0.31,"Backhus, Kyle",19.7,679775,PHI,15.38,18.18,Changeup,CH,0,1664.77,61.1,78.38,100
R,0.13,56,37.5,-0.66,1.49,"Bowlan, Jonathan",48.7,680742,PHI,57.14,29.17,4-Seam Fastball,FF,34.48,2388.21,81.42,96.78,68.75
R,0.15,29,55.17,0.2,-0.11,"Bowlan, Jonathan",25.22,680742,PHI,58.62,41.67,Slider,SL,30,2507.14,87.53,87.17,29.41
R,0.48,16,31.25,-1.06,0.33,"Bowlan, Jonathan",13.91,680742,PHI,37.5,50,Changeup,CH,45.45,1662.44,99.32,90.7,100
R,0.16,7,14.29,-1.3,0.9,"Bowlan, Jonathan",6.09,680742,PHI,42.86,75,Sinker,SI,0,2209,80.95,96.16,33.33
R,0,7,14.29,1.31,-0.1,"Bowlan, Jonathan",6.09,680742,PHI,14.29,16.67,Sweeper,ST,0,2636.29,0,85.1,0
R,0.2,58,25.86,-1.1,0.16,"Duran, Jhoan",46.03,661395,PHI,46.55,45.16,Split-Finger,FS,25.71,1663.59,85.17,97.92,77.78
R,0.31,38,26.32,-1,1.12,"Duran, Jhoan",30.16,661395,PHI,63.16,21.43,4-Seam Fastball,FF,19.05,2038.26,80.72,101.02,75
R,0,16,25,0.59,-0.05,"Duran, Jhoan",12.7,661395,PHI,25,16.67,Sweeper,ST,66.67,2548,94,90.35,100
R,0.03,8,0,-0.42,0.17,"Duran, Jhoan",6.35,661395,PHI,0,25,Changeup,CH,0,777,81.8,87.32,0
R,0,5,40,0.15,-0.42,"Duran, Jhoan",3.97,661395,PHI,80,100,Knuckle Curve,KC,0,2533.4,71.23,89.76,50
R,0,1,0,0,0,"Duran, Jhoan",0.79,661395,PHI,0,0,Unknown,UNK,0,0,0,0,0
R,0.28,75,34.67,1.17,-0.03,"Kerkering, Orion",38.66,689147,PHI,37.33,46.81,Sweeper,ST,31.58,2919.13,85.02,86.21,57.14
R,0.48,74,31.08,-0.95,1.32,"Kerkering, Orion",38.14,689147,PHI,60.81,10.34,4-Seam Fastball,FF,28.57,2321.7,82.07,96.61,71.11
R,0.4,26,19.23,-1.39,0.85,"Kerkering, Orion",13.4,689147,PHI,26.92,42.11,Sinker,SI,7.69,2248.12,82.79,95.84,71.43
R,0,19,26.32,-1.3,0.62,"Kerkering, Orion",9.79,689147,PHI,5.26,38.89,Split-Finger,FS,62.5,1617.63,74.47,91.89,100
R,0.31,82,29.27,-0.15,1.31,"Kilian, Caleb",54.67,668873,PHI,59.76,30.3,4-Seam Fastball,FF,28.89,2358.48,82.73,96.97,71.43
R,0.21,24,33.33,-1.11,1,"Kilian, Caleb",16,668873,PHI,50,25,Sinker,SI,0,2422.04,77.62,95.98,25
R,0.57,23,26.09,0.85,-1.23,"Kilian, Caleb",15.33,668873,PHI,34.78,53.33,Knuckle Curve,KC,33.33,2720.7,89.76,82.21,87.5
R,0.09,21,47.62,0.35,0.03,"Kilian, Caleb",14,668873,PHI,42.86,50,Slider,SL,50,2547.76,84.68,89.15,44.44
R,0.22,158,39.87,-0.79,-0.07,"Luzardo, Jesús",39.9,666200,PHI,34.81,49.51,Sweeper,ST,48.19,2473.18,83.57,85.42,58.18
R,0.21,100,35,1.51,0.49,"Luzardo, Jesús",25.25,666200,PHI,64,19.44,Sinker,SI,14.29,2170.43,82.16,95.44,54.69
R,0.37,87,19.54,1.03,1.08,"Luzardo, Jesús",21.97,666200,PHI,50.57,23.26,4-Seam Fastball,FF,14.29,2184.38,79.65,96.84,72.73
R,0.36,51,35.29,1.34,0.15,"Luzardo, Jesús",12.88,666200,PHI,52.94,29.17,Changeup,CH,22.73,1671.08,81.35,84.95,55.56
R,0.19,81,27.16,1.22,0.8,"Mayza, Tim",54.36,641835,PHI,49.38,19.51,Sinker,SI,19.44,1986,81.36,94.04,70
R,0.33,33,15.15,-0.09,-0.02,"Mayza, Tim",22.15,641835,PHI,27.27,50,Slider,SL,15.79,2186.7,82.66,87.43,77.78
R,0.39,26,38.46,0.65,1.11,"Mayza, Tim",17.45,641835,PHI,46.15,21.43,4-Seam Fastball,FF,45.45,1973.46,75.1,94.6,66.67
R,0,8,0,0,0,"Mayza, Tim",5.37,641835,PHI,0,0,Unknown,UNK,0,0,0,0,0
R,0,1,100,1.3,0.6,"Mayza, Tim",0.67,641835,PHI,100,0,Split-Finger,FS,0,2039,0,91.4,0
R,0,9,22.22,-0.72,1.2,"McFarlane, Alex",34.62,686934,PHI,33.33,33.33,4-Seam Fastball,FF,40,2621.78,79.47,100.34,100
R,0.81,7,57.14,-1.32,0.73,"McFarlane, Alex",26.92,686934,PHI,71.43,0,Sinker,SI,0,2471.29,98.2,99.76,20
R,0.14,6,33.33,1.15,0.06,"McFarlane, Alex",23.08,686934,PHI,33.33,50,Sweeper,ST,33.33,2973.33,60.2,86.88,50
R,0.19,4,25,0.55,-0.03,"McFarlane, Alex",15.38,686934,PHI,50,0,Slider,SL,0,2782,96.2,87.98,50
R,0.32,87,26.44,-1.06,1.19,"Nola, Aaron",29.9,605400,PHI,47.13,28.26,4-Seam Fastball,FF,8.11,2325.06,83.46,92.73,58.54
R,0.32,73,10.96,-1.22,0.26,"Nola, Aaron",25.09,605400,PHI,20.55,31.03,Changeup,CH,19.35,1568.96,79.11,85.87,86.67
R,0.28,66,48.48,1.22,-0.78,"Nola, Aaron",22.68,605400,PHI,39.39,50,Knuckle Curve,KC,58.82,2645,85.68,78.51,53.85
R,0.22,43,34.88,-1.42,0.65,"Nola, Aaron",14.78,605400,PHI,46.51,26.09,Sinker,SI,18.18,2267.42,76.7,91.88,25
R,0.32,22,22.73,0.01,0.71,"Nola, Aaron",7.56,605400,PHI,54.55,50,Cutter,FC,20,2268.32,90.7,86.42,83.33
R,0.42,96,20.83,-0.16,1.33,"Painter, Andrew",30,691725,PHI,43.75,31.48,4-Seam Fastball,FF,16.67,2331.22,88.83,96.27,73.81
R,0.38,88,36.36,1.48,0.16,"Painter, Andrew",27.5,691725,PHI,51.14,20.93,Sweeper,ST,28.12,2656.35,83.43,82.51,51.11
R,0.07,68,30.88,-1.04,0.37,"Painter, Andrew",21.25,691725,PHI,44.12,39.47,Changeup,CH,40,1745,81.78,90.26,83.33
R,0.3,49,46.94,0.61,0.13,"Painter, Andrew",15.31,691725,PHI,57.14,23.81,Slider,SL,46.67,2593.67,87.26,86.96,35.71
R,0.45,17,0,-1.03,0.88,"Painter, Andrew",5.31,691725,PHI,52.94,25,Sinker,SI,0,2194.53,86.46,95.03,88.89
R,0.7,2,0,0.6,-0.78,"Painter, Andrew",0.62,691725,PHI,0,0,Curveball,CU,0,2691,0,82.8,0
R,0.38,25,32,-1.32,0.29,"Raley, Brooks",36.76,548384,PHI,56,36.36,Sweeper,ST,8.33,2905.8,83.1,81.16,57.14
R,0.14,21,42.86,-0.22,0.63,"Raley, Brooks",30.88,548384,PHI,61.9,50,Cutter,FC,33.33,2554.9,69.79,87.6,61.54
R,0.27,13,23.08,1.39,0.44,"Raley, Brooks",19.12,548384,PHI,38.46,12.5,Sinker,SI,0,2395.23,72.45,90.65,20
R,0.19,9,22.22,1.28,0,"Raley, Brooks",13.24,548384,PHI,44.44,20,Changeup,CH,40,2113.44,91.17,84.58,100
R,0.32,31,19.35,-0.89,1.07,"Rangel, Alan",56.36,660604,PHI,45.16,35.29,Changeup,CH,16.67,2037.23,79.38,81.45,85.71
R,0.58,11,36.36,-0.29,1.56,"Rangel, Alan",20,660604,PHI,72.73,33.33,4-Seam Fastball,FF,16.67,2294.09,88.6,93.15,62.5
R,0,7,71.43,0.36,0.56,"Rangel, Alan",12.73,660604,PHI,14.29,50,Slider,SL,100,2304.57,0,86.01,0
R,0.59,6,33.33,-0.02,-1.45,"Rangel, Alan",10.91,660604,PHI,66.67,0,Curveball,CU,0,2035.33,95.5,73.27,50
R,0.42,39,25.64,0.23,0.64,"Shugart, Chase",32.77,663767,PHI,61.54,13.33,Cutter,FC,0,2489.21,81.49,91.9,54.17
R,0.08,30,33.33,-1.34,0.82,"Shugart, Chase",25.21,663767,PHI,53.33,21.43,Sinker,SI,18.18,2163.37,79.53,95.36,50
R,0.22,27,0,1.37,0.12,"Shugart, Chase",22.69,663767,PHI,48.15,21.43,Sweeper,ST,0,2767.19,88.43,83.86,100
R,0.13,17,29.41,-1.21,0.58,"Shugart, Chase",14.29,663767,PHI,35.29,36.36,Changeup,CH,44.44,1917.47,70.46,89.52,83.33
R,0,6,0,-0.8,1.32,"Shugart, Chase",5.04,663767,PHI,0,16.67,4-Seam Fastball,FF,0,2195,71.2,96.62,0
R,0.36,231,28.14,1.51,0.38,"Sánchez, Cristopher",47.83,650911,PHI,54.98,22.12,Sinker,SI,7.29,2104.73,85.98,95.02,57.48
R,0.13,145,30.34,1.4,-0.02,"Sánchez, Cristopher",30.02,650911,PHI,18.62,36.44,Changeup,CH,62.5,2052.99,74.54,87.5,77.78
R,0.22,107,34.58,-0.06,-0.28,"Sánchez, Cristopher",22.15,650911,PHI,33.64,25.35,Slider,SL,58.33,2036.43,77.68,86.54,50
R,0.4,76,28.95,-0.92,1.26,"Wheeler, Zack",28.79,554430,PHI,50,34.21,4-Seam Fastball,FF,27.27,2478.75,83.99,95.23,81.58
R,0.05,49,34.69,-1.48,0.64,"Wheeler, Zack",18.56,554430,PHI,28.57,28.57,Sinker,SI,21.05,2346.96,80.27,94.7,64.29
R,0.34,48,29.17,-1.21,0.15,"Wheeler, Zack",18.18,554430,PHI,10.42,58.14,Split-Finger,FS,42.86,1585.33,70.83,87.45,60
R,0.16,44,15.91,1.18,0.06,"Wheeler, Zack",16.67,554430,PHI,29.55,29.03,Sweeper,ST,22.22,2739.98,80.85,81.75,69.23
R,0.64,26,15.38,0.18,0.61,"Wheeler, Zack",9.85,554430,PHI,50,30.77,Cutter,FC,0,2622.81,81.4,90.02,69.23
R,0.27,21,28.57,1.13,-0.95,"Wheeler, Zack",7.95,554430,PHI,19.05,58.82,Curveball,CU,42.86,2860.33,84.91,79.63,100
R,0.16,100,36,-0.76,1.32,"Ashcraft, Braxton",33.11,677952,PIT,66,23.53,4-Seam Fastball,FF,19.23,2339.28,81.32,97.36,66.67
R,0.18,74,27.03,0.5,-0.92,"Ashcraft, Braxton",24.5,677952,PIT,48.65,26.32,Curveball,CU,20,2681.03,80.21,84.8,55.56
R,0.37,70,28.57,0.07,0.35,"Ashcraft, Braxton",23.18,677952,PIT,54.29,25,Slider,SL,22.22,2594.29,79.61,91.21,73.68
R,0.41,50,32,-1.29,0.58,"Ashcraft, Braxton",16.56,677952,PIT,52,58.33,Sinker,SI,25,2276.08,84.46,97.2,69.23
R,0.22,8,25,-1.29,0.36,"Ashcraft, Braxton",2.65,677952,PIT,50,0,Split-Finger,FS,0,2029.75,96.2,90.95,50
R,0.25,51,35.29,0.07,0.22,"Bachar, Lake",33.77,669199,PIT,52.94,29.17,Slider,SL,33.33,2777.75,84.67,89.46,62.96
R,0.05,32,18.75,-0.69,1.44,"Bachar, Lake",21.19,669199,PIT,59.38,38.46,4-Seam Fastball,FF,10,2693.03,80.19,93.99,78.95
R,0.08,30,36.67,0.22,-0.6,"Bachar, Lake",19.87,669199,PIT,40,27.78,Curveball,CU,45.45,2917.73,73.68,86.43,50
R,0.75,24,25,0.43,0.02,"Bachar, Lake",15.89,669199,PIT,29.17,35.29,Sweeper,ST,12.5,3053.46,92.7,86.35,28.57
R,0.09,8,0,-1.1,0.02,"Bachar, Lake",5.3,669199,PIT,25,33.33,Split-Finger,FS,0,1281,77.05,85.35,100
R,0.17,5,0,-1.23,0.72,"Bachar, Lake",3.31,669199,PIT,80,0,Sinker,SI,0,2651.6,88.1,92.84,100
R,0,1,0,0,0,"Bachar, Lake",0.66,669199,PIT,0,0,Unknown,UNK,0,0,0,0,0
L,0.4,35,22.86,-0.24,-0.25,"Barco, Hunter",48.61,682995,PIT,31.43,37.5,Slider,SL,17.65,2241.26,81.36,82.46,72.73
L,0.38,30,23.33,1.12,1.06,"Barco, Hunter",41.67,682995,PIT,53.33,0,4-Seam Fastball,FF,0,2373.67,86.09,94,62.5
L,0.35,6,33.33,1.33,0.43,"Barco, Hunter",8.33,682995,PIT,33.33,25,Changeup,CH,66.67,1924.33,74.8,85.88,100
L,0,1,0,0.5,0.52,"Barco, Hunter",1.39,682995,PIT,0,0,Split-Finger,FS,0,843,0,85.2,0
R,0.43,153,31.37,-0.83,1.38,"Chandler, Bubba",55.23,696149,PIT,46.41,23.17,4-Seam Fastball,FF,37.31,2452.2,83.25,98.48,67.61
R,0.33,93,32.26,0.08,0.48,"Chandler, Bubba",33.57,696149,PIT,60.22,32.43,Slider,SL,19.15,2412.06,85.28,93,62.5
R,0.55,28,7.14,-1.47,0.64,"Chandler, Bubba",10.11,696149,PIT,28.57,25,Changeup,CH,0,2277.11,82.16,91.99,50
R,0,2,0,0.7,0.05,"Chandler, Bubba",0.72,696149,PIT,100,0,Sweeper,ST,0,2465,83.5,89,100
R,0,1,0,-1.28,0.93,"Chandler, Bubba",0.36,696149,PIT,0,100,Sinker,SI,0,2249,0,97.8,0
R,0.43,36,33.33,-0.66,1.36,"Dotel, Wilber",35.29,696062,PIT,38.89,36.36,4-Seam Fastball,FF,12.5,2285,83.44,97.62,57.14
R,0.24,36,27.78,0.48,0,"Dotel, Wilber",35.29,696062,PIT,44.44,30,Slider,SL,33.33,2238.06,79.73,87.12,75
R,0.28,26,46.15,0.21,0.57,"Dotel, Wilber",25.49,696062,PIT,53.85,33.33,Cutter,FC,40,2228.69,86.07,91.65,42.86
R,0,4,0,-0.89,0.62,"Dotel, Wilber",3.92,696062,PIT,0,0,Changeup,CH,0,1181,0,86.6,0
R,0.15,50,32,0.56,-0.34,"Doval, Camilo",47.17,666808,PIT,34,27.27,Slider,SL,47.37,2699.68,84.79,88.81,58.82
R,0.41,28,25,-0.59,0.36,"Doval, Camilo",26.42,666808,PIT,39.29,11.76,Sinker,SI,0,2574.61,89.2,97.54,45.45
R,0.28,26,26.92,-0.32,0.91,"Doval, Camilo",24.53,666808,PIT,61.54,20,Cutter,FC,0,2579.38,88.26,98.61,68.75
R,0,1,0,-1.22,0.84,"Doval, Camilo",0.94,666808,PIT,0,0,Changeup,CH,0,1824,0,93.7,0
R,0,1,0,0,0,"Doval, Camilo",0.94,666808,PIT,0,0,Unknown,UNK,0,0,0,0,0
R,0.36,7,14.29,-0.32,1.35,"Flores Jr., Rafael",87.5,804668,PIT,71.43,50,Slider,SL,16.67,1297.57,97.1,54.1,100
R,0,1,100,0,1.2,"Flores Jr., Rafael",12.5,804668,PIT,0,0,Curveball,CU,0,1183,0,48.2,0
R,0.29,149,38.93,0.26,0.03,"Jones, Jared",47.76,683003,PIT,45.64,32.1,Slider,SL,42.86,2696.85,82.27,88.58,54.41
R,0.46,138,18.84,-0.69,1.3,"Jones, Jared",44.23,683003,PIT,59.42,21.43,4-Seam Fastball,FF,5.63,2526.82,86.17,97.48,71.95
R,0.28,23,21.74,-1.02,0.29,"Jones, Jared",7.37,683003,PIT,52.17,36.36,Changeup,CH,23.08,1599,73.97,91.49,75
R,0.47,2,50,0.37,-0.71,"Jones, Jared",0.64,683003,PIT,50,100,Curveball,CU,50,2855,90.8,86.15,100
R,0.58,27,22.22,-0.73,1.24,"Keller, Mitch",39.13,656605,PIT,44.44,0,4-Seam Fastball,FF,25,2380.74,85.85,91.85,66.67
R,0.24,13,15.38,0.38,0.1,"Keller, Mitch",18.84,656605,PIT,38.46,12.5,Slider,SL,25,2538.38,80.3,85.84,60
R,0.59,12,25,1.49,0.04,"Keller, Mitch",17.39,656605,PIT,41.67,42.86,Sweeper,ST,16.67,2648.42,86.88,80.36,60
R,0.7,9,11.11,1.08,-0.65,"Keller, Mitch",13.04,656605,PIT,11.11,0,Curveball,CU,0,2619,0,76.61,0
R,1.62,5,20,-1.36,0.72,"Keller, Mitch",7.25,656605,PIT,100,0,Sinker,SI,0,2409.2,104.75,92.26,80
R,0.92,3,0,-1.08,0.42,"Keller, Mitch",4.35,656605,PIT,33.33,100,Changeup,CH,0,1516.67,85.97,87.9,100
R,0.4,42,42.86,-0.6,1.37,"Kelly, Antwone",52.5,699008,PIT,52.38,20,4-Seam Fastball,FF,14.29,2282.67,88.08,98.3,45.45
R,0.11,18,11.11,0.61,0.27,"Kelly, Antwone",22.5,699008,PIT,44.44,20,Sweeper,ST,20,2497.22,85.9,88.21,100
R,0,8,50,-1,0.08,"Kelly, Antwone",10,699008,PIT,50,0,Changeup,CH,0,1360.75,0,87.5,0
R,0.05,8,50,0.22,0.39,"Kelly, Antwone",10,699008,PIT,75,0,Slider,SL,0,2104,80.1,91.38,33.33
R,0,4,50,-1.4,0.74,"Kelly, Antwone",5,699008,PIT,50,100,Sinker,SI,0,2167,75.6,98.15,0
R,0.32,66,31.82,-0.87,1,"Mlodzinski, Carmen",26.4,669387,PIT,65.15,21.74,4-Seam Fastball,FF,22.86,2178.09,89.7,95.42,69.77
R,0.49,57,33.33,-1.4,0.49,"Mlodzinski, Carmen",22.8,669387,PIT,57.89,25,Sinker,SI,9.09,2144.25,88.12,94.54,48.48
R,0.27,52,25,-0.85,-0.1,"Mlodzinski, Carmen",20.8,669387,PIT,30.77,33.33,Split-Finger,FS,40.91,1698,86.03,86.14,62.5
R,0.44,33,24.24,1.07,-0.17,"Mlodzinski, Carmen",13.2,669387,PIT,54.55,13.33,Sweeper,ST,0,2619.09,81.67,83.49,55.56
R,0.35,30,23.33,-0.28,1.01,"Mlodzinski, Carmen",12,669387,PIT,53.33,35.71,Cutter,FC,17.65,2418.23,81.57,92.39,75
R,0.36,12,16.67,0.68,-0.73,"Mlodzinski, Carmen",4.8,669387,PIT,33.33,25,Curveball,CU,0,2687,78.65,83.93,50
R,0.13,39,48.72,1.02,1.3,"Montgomery, Mason",43.33,682254,PIT,69.23,33.33,Sinker,SI,42.86,2264.33,82.55,99.67,62.96
R,0.05,26,50,0.36,1.52,"Montgomery, Mason",28.89,682254,PIT,61.54,60,4-Seam Fastball,FF,43.75,2274.96,73.03,99.66,62.5
R,0,10,50,-0.06,0.27,"Montgomery, Mason",11.11,682254,PIT,30,85.71,Slider,SL,50,2741.2,54.6,91.63,66.67
R,0,8,0,0,0,"Montgomery, Mason",8.89,682254,PIT,0,0,Unknown,UNK,0,0,0,0,0
R,0.02,7,14.29,-0.39,-0.54,"Montgomery, Mason",7.78,682254,PIT,42.86,0,Curveball,CU,33.33,2837.14,65.9,86.86,100
R,0.28,27,33.33,-1.32,0.51,"Murdock, Noah",45.76,668716,PIT,66.67,11.11,Sinker,SI,8.33,2143.67,81.14,93.99,61.11
R,0.13,20,20,0.78,-0.83,"Murdock, Noah",33.9,668716,PIT,15,29.41,Curveball,CU,42.86,2615.9,81.8,84.24,66.67
R,0.7,8,12.5,0.1,0.65,"Murdock, Noah",13.56,668716,PIT,25,33.33,Cutter,FC,0,2336.38,88.4,89.91,50
R,0,3,33.33,-0.82,0.79,"Murdock, Noah",5.08,668716,PIT,0,0,4-Seam Fastball,FF,0,2303.33,0,94.03,0
R,0,1,0,0.55,-0.18,"Murdock, Noah",1.69,668716,PIT,0,0,Sweeper,ST,0,2250,0,82.4,0
R,0.06,123,44.72,1.45,0.17,"Ramírez, Yohan",56.16,670990,PIT,43.09,34.29,Sweeper,ST,50.94,2696.72,79.22,84.03,54.72
R,0.16,51,27.45,-1.48,0.48,"Ramírez, Yohan",23.29,670990,PIT,54.9,17.39,Sinker,SI,10,2286.59,77.11,96.15,57.14
R,0.42,40,25,-0.85,1.16,"Ramírez, Yohan",18.26,670990,PIT,50,10,4-Seam Fastball,FF,33.33,2351,89.68,96.26,80
R,0,4,0,0.84,-0.71,"Ramírez, Yohan",1.83,670990,PIT,0,0,Curveball,CU,0,2415.5,0,82.52,0
R,0,1,0,-1.44,0.29,"Ramírez, Yohan",0.46,670990,PIT,0,0,Changeup,CH,0,2095,0,89.1,0
R,0.59,54,27.78,1.27,0.6,"Sisk, Evan",45.76,681895,PIT,37.04,8.82,Sinker,SI,23.08,1990.96,91.36,91.56,50
R,0.17,36,30.56,-0.77,-0.51,"Sisk, Evan",30.51,681895,PIT,41.67,47.62,Curveball,CU,30,2241.39,74.84,78.9,66.67
R,0.38,20,30,0.58,1.08,"Sisk, Evan",16.95,681895,PIT,30,57.14,4-Seam Fastball,FF,33.33,2032.35,75.09,91.44,66.67
R,0,5,20,1.45,0.15,"Sisk, Evan",4.24,681895,PIT,40,0,Changeup,CH,0,2105.4,0,82.74,0
R,0,3,33.33,-0.75,0.4,"Sisk, Evan",2.54,681895,PIT,33.33,0,Sweeper,ST,0,2275.33,0,81.2,0
R,0.37,154,30.52,-1.14,1.07,"Skenes, Paul",43.02,694973,PIT,53.9,26.76,4-Seam Fastball,FF,25.32,2111.77,82.93,96.54,72.29
R,0.33,60,33.33,0.68,0.54,"Skenes, Paul",16.76,694973,PIT,51.67,34.48,Sweeper,ST,33.33,2272.98,83.72,84.85,74.19
R,0.44,55,25.45,0.22,0.15,"Skenes, Paul",15.36,694973,PIT,36.36,34.29,Slider,SL,37.93,2266.36,73.26,86.9,85
R,0.32,43,18.6,-1.36,0.66,"Skenes, Paul",12.01,694973,PIT,55.81,21.05,Sinker,SI,5,2042.23,85.66,96.34,66.67
R,0.62,33,21.21,-1.22,0.23,"Skenes, Paul",9.22,694973,PIT,48.48,5.88,Split-Finger,FS,26.67,1651.67,90.7,92.54,87.5
R,0,13,15.38,-1.39,0.6,"Skenes, Paul",3.63,694973,PIT,15.38,9.09,Changeup,CH,50,1742.69,83,88.31,50
R,0.28,77,41.56,-0.39,0.19,"Soto, Gregory",41.85,642397,PIT,48.05,40,Slider,SL,43.24,2550.04,81.72,83.13,56.76
R,0.45,72,27.78,1.45,0.59,"Soto, Gregory",39.13,642397,PIT,45.83,17.95,Sinker,SI,18.18,2273.38,81.49,96.12,45.45
R,0.06,22,54.55,-0.88,-0.05,"Soto, Gregory",11.96,642397,PIT,54.55,70,Sweeper,ST,46.15,2569.45,84.73,82.36,50
R,0,9,0,0.97,1.05,"Soto, Gregory",4.89,642397,PIT,0,44.44,4-Seam Fastball,FF,0,2324.78,77.4,97.42,0
R,0,4,0,0,0,"Soto, Gregory",2.17,642397,PIT,0,0,Unknown,UNK,0,0,0,0,0
R,0.34,28,21.43,-0.41,1.47,"Weaver, Luke",65.12,596133,PIT,50,14.29,4-Seam Fastball,FF,9.09,2422.79,92.4,95.41,64.29
R,0.31,13,30.77,-0.91,0.42,"Weaver, Luke",30.23,596133,PIT,46.15,71.43,Changeup,CH,40,1863.23,90.78,88.12,83.33
R,0,2,0,0.3,0.63,"Weaver, Luke",4.65,596133,PIT,50,0,Cutter,FC,0,2417,57.9,89.7,100
R,0.16,107,23.36,-1.18,1.07,"Yates, Kirby",71.81,489446,PIT,59.81,39.53,4-Seam Fastball,FF,4.84,2310.65,78.27,91.14,70.31
R,0.28,37,21.62,-0.89,0,"Yates, Kirby",24.83,489446,PIT,29.73,42.31,Split-Finger,FS,36.36,1175.05,87.96,84.62,100
R,0,5,20,1.11,-0.1,"Yates, Kirby",3.36,489446,PIT,20,0,Sweeper,ST,0,2456,0,75.32,0
R,0.16,109,33.03,-1.11,1.08,"Buehler, Walker",26.65,621111,SDP,64.22,28.21,Sinker,SI,6.12,2082.44,77.45,94.68,54.29
R,0.38,108,19.44,0.36,0.87,"Buehler, Walker",26.41,621111,SDP,46.3,18.97,Cutter,FC,10,2337.63,85.71,91.37,58
R,0.5,65,27.69,-0.36,1.3,"Buehler, Walker",15.89,621111,SDP,49.23,24.24,4-Seam Fastball,FF,13.04,2141.49,85.49,94.73,46.88
R,0.14,54,22.22,0.65,0.15,"Buehler, Walker",13.2,621111,SDP,48.15,39.29,Slider,SL,22.86,2411.87,79.89,87.61,92.31
R,0.41,38,5.26,-1.05,0.25,"Buehler, Walker",9.29,621111,SDP,28.95,29.63,Changeup,CH,10.53,1144.71,85.27,90.38,100
R,0.48,21,28.57,1.13,0.28,"Buehler, Walker",5.13,621111,SDP,33.33,42.86,Sweeper,ST,36.36,2622.38,84.8,82.74,71.43
R,0.17,13,23.08,0.88,-1.01,"Buehler, Walker",3.18,621111,SDP,30.77,44.44,Knuckle Curve,KC,16.67,2445.08,86.08,78.56,50
R,0,1,0,0,0,"Buehler, Walker",0.24,621111,SDP,0,0,Unknown,UNK,0,0,0,0,0
R,0.33,42,30.95,-0.83,1.33,"Canning, Griffin",27.27,656288,SDP,42.86,37.5,4-Seam Fastball,FF,33.33,2226.67,86.74,95.37,66.67
R,0.26,36,30.56,0.02,-0.36,"Canning, Griffin",23.38,656288,SDP,47.22,31.58,Slider,SL,33.33,2855.53,85.98,89.21,70.59
R,0.12,27,22.22,-1.28,0.03,"Canning, Griffin",17.53,656288,SDP,51.85,61.54,Changeup,CH,15.79,1511.41,83.48,91.1,78.57
R,0.32,27,33.33,0.99,-0.36,"Canning, Griffin",17.53,656288,SDP,51.85,38.46,Knuckle Curve,KC,26.67,2587.93,72.14,82.72,71.43
R,0.31,12,25,-1.3,0.72,"Canning, Griffin",7.79,656288,SDP,50,50,Sinker,SI,0,2124.58,76.12,94.23,50
R,0.47,5,0,0.01,0.69,"Canning, Griffin",3.25,656288,SDP,60,50,Cutter,FC,0,2540.2,85.3,91.62,66.67
R,0,5,20,0.79,0.18,"Canning, Griffin",3.25,656288,SDP,0,20,Sweeper,ST,0,2602,81.7,83.02,0
R,0.29,84,28.57,-0.02,1.56,"Estrada, Jeremiah",63.64,669093,SDP,40.48,30,4-Seam Fastball,FF,32.43,2052.87,82.36,95.96,64.71
R,0.26,35,28.57,-1,0.64,"Estrada, Jeremiah",26.52,669093,SDP,28.57,48,Split-Finger,FS,42.86,1303.63,80.06,81.41,90
R,0,13,23.08,0.54,0.11,"Estrada, Jeremiah",9.85,669093,SDP,46.15,14.29,Slider,SL,0,2174.85,76.82,85.81,50
R,0.17,52,25,1.31,0.66,"Hart, Kyle",38.24,606996,SDP,63.46,21.05,Sinker,SI,14.81,2173.69,83.78,93.91,69.7
R,0.14,30,43.33,0.73,-0.25,"Hart, Kyle",22.06,606996,SDP,23.33,52.17,Split-Finger,FS,62.5,1267.37,74.17,85.71,57.14
R,0.01,30,33.33,-1.26,0.18,"Hart, Kyle",22.06,606996,SDP,43.33,23.53,Sweeper,ST,33.33,2758.9,82.42,83.97,38.46
R,0.3,14,50,-0.16,0.52,"Hart, Kyle",10.29,606996,SDP,50,28.57,Slider,SL,16.67,2440.64,83.48,89.76,57.14
R,0.25,10,0,0.74,1.28,"Hart, Kyle",7.35,606996,SDP,20,12.5,4-Seam Fastball,FF,0,2226.4,72.27,94.05,100
R,0.28,88,12.5,-1.35,0.46,"King, Michael",29.24,650633,SDP,38.64,25.93,Changeup,CH,19.57,1832.74,76.15,86.79,94.12
R,0.35,74,28.38,-1.47,0.46,"King, Michael",24.58,650633,SDP,54.05,35.29,Sinker,SI,8.33,2254.46,78.8,93.44,60
R,0.16,73,47.95,0.93,0.3,"King, Michael",24.25,650633,SDP,56.16,28.12,Sweeper,ST,43.75,2821.16,81.96,83.1,56.1
R,0.4,58,31.03,-0.63,1.25,"King, Michael",19.27,650633,SDP,36.21,29.73,4-Seam Fastball,FF,19.05,2347.9,83.98,94.24,47.62
R,0,8,37.5,0.49,0.26,"King, Michael",2.66,650633,SDP,37.5,60,Slider,SL,25,2677,33.8,84.32,33.33
R,0.33,83,12.05,0.33,1.61,"Matsui, Yuki",38.6,673513,SDP,43.37,31.91,4-Seam Fastball,FF,8.51,2494.18,83.12,91.92,88.89
R,0.16,68,32.35,-0.42,0.07,"Matsui, Yuki",31.63,673513,SDP,57.35,20.69,Slider,SL,13.79,2779.21,76.31,84.95,58.97
R,0.21,55,27.27,0.73,0.25,"Matsui, Yuki",25.58,673513,SDP,20,36.36,Split-Finger,FS,45.45,1244.67,80.7,83.84,54.55
R,0,5,40,-1.04,-0.15,"Matsui, Yuki",2.33,673513,SDP,20,50,Sweeper,ST,66.67,2869.6,76.4,82.5,100
R,0,2,0,1.04,1.14,"Matsui, Yuki",0.93,673513,SDP,0,100,Sinker,SI,0,2069,64.4,90.5,0
R,0,2,0,0,0,"Matsui, Yuki",0.93,673513,SDP,0,0,Unknown,UNK,0,0,0,0,0
R,0.14,79,44.3,0.7,-0.3,"Miller, Mason",52.67,695243,SDP,40.51,46.81,Slider,SL,51.35,2305.42,68.8,88.44,46.88
R,0.39,71,23.94,-0.53,1.34,"Miller, Mason",47.33,695243,SDP,50.7,14.29,4-Seam Fastball,FF,34.21,2500.54,86.04,101.94,91.67
R,0.24,52,23.08,-0.76,1.53,"Mize, Casey",32.5,663554,SDP,50,30.77,4-Seam Fastball,FF,7.69,2250.88,85.08,93.05,69.23
R,0.56,48,27.08,0.32,0.35,"Mize, Casey",30,663554,SDP,52.08,13.04,Slider,SL,7.14,2232.23,86.57,87.3,44
R,0.41,35,17.14,-1.19,0.56,"Mize, Casey",21.88,663554,SDP,42.86,30,Split-Finger,FS,21.05,1484.29,82.77,88.06,86.67
R,0.44,18,27.78,-1.07,1.28,"Mize, Casey",11.25,663554,SDP,77.78,50,Sinker,SI,0,2310.44,83.98,93.53,64.29
R,0.37,7,14.29,1.09,-0.49,"Mize, Casey",4.38,663554,SDP,14.29,50,Slurve,SV,25,2535,78.17,81.24,100
R,0.28,58,43.1,1.35,0.8,"Morejon, Adrian",49.57,670970,SDP,63.79,38.1,Sinker,SI,31.03,2422.07,81.96,99.83,56.76
R,0.12,35,40,0.81,-0.18,"Morejon, Adrian",29.91,670970,SDP,25.71,50,Changeup,CH,59.09,971.09,99.96,91.84,100
R,0.01,15,33.33,0.61,1.25,"Morejon, Adrian",12.82,670970,SDP,60,83.33,4-Seam Fastball,FF,35.71,2469.27,79.53,99.61,100
R,0,9,55.56,-0.49,-0.02,"Morejon, Adrian",7.69,670970,SDP,22.22,28.57,Slider,SL,100,2944.44,0,89.09,0
R,0.45,80,30,-1.07,1.21,"Márquez, Germán",40.82,608566,SDP,57.5,11.76,4-Seam Fastball,FF,11.76,2184.3,88.11,93.86,65.22
R,0.21,46,4.35,-1.31,0.87,"Márquez, Germán",23.47,608566,SDP,47.83,41.67,Sinker,SI,0,2146,75.13,93.6,72.73
R,0.51,34,35.29,0.01,0.08,"Márquez, Germán",17.35,608566,SDP,41.18,30,Knuckle Curve,KC,20,2561.65,92.9,85.11,28.57
R,0.27,28,21.43,-0.26,0.5,"Márquez, Germán",14.29,608566,SDP,28.57,40,Slider,SL,16.67,2359.43,71.7,87.06,50
R,0,8,25,-1.25,0.45,"Márquez, Germán",4.08,608566,SDP,25,0,Changeup,CH,0,1670.75,0,86.82,0
R,0.25,92,23.91,1.28,0.74,"Peralta, Wandy",43.6,593974,SDP,43.48,36.54,Sinker,SI,11.11,2034.17,78.82,95.99,65
R,0.27,69,24.64,1.3,0.31,"Peralta, Wandy",32.7,593974,SDP,27.54,58,Changeup,CH,31.11,2116.7,80.45,89.57,84.21
R,0.26,26,19.23,-0.14,0.32,"Peralta, Wandy",12.32,593974,SDP,53.85,16.67,Slider,SL,8.33,2101.35,51.89,88.75,71.43
R,0.12,24,16.67,0.77,1.21,"Peralta, Wandy",11.37,593974,SDP,37.5,26.67,4-Seam Fastball,FF,0,2094.5,73.47,96.1,44.44
R,0.25,80,18.75,0.87,0.87,"Ray, Robbie",29.63,592662,SDP,38.75,32.65,Changeup,CH,18.92,1587.59,77.36,86.12,67.74
R,0.41,62,22.58,1.2,1.09,"Ray, Robbie",22.96,592662,SDP,46.77,18.18,Sinker,SI,8.7,2240.6,85.51,92.93,58.62
R,0.46,53,22.64,0.72,1.47,"Ray, Robbie",19.63,592662,SDP,37.74,24.24,4-Seam Fastball,FF,28,2351.79,79.19,92.91,85
R,0.37,42,16.67,-0.42,-0.61,"Ray, Robbie",15.56,592662,SDP,30.95,17.24,Knuckle Curve,KC,7.14,2174.52,88.21,80.28,69.23
R,0.4,33,21.21,-0.12,0.33,"Ray, Robbie",12.22,592662,SDP,27.27,54.17,Slider,SL,21.05,2247.45,89.34,85.44,66.67
R,0.13,58,39.66,-1.39,0.62,"Rodriguez, Bradgley",40.56,699134,SDP,36.21,45.95,Changeup,CH,43.33,1807.84,76.55,91.59,61.9
R,0.07,50,34,-0.4,1.45,"Rodriguez, Bradgley",34.97,699134,SDP,44,21.43,4-Seam Fastball,FF,0,2413.36,81,98.65,36.36
R,0.37,31,25.81,-1.17,1,"Rodriguez, Bradgley",21.68,699134,SDP,61.29,16.67,Sinker,SI,7.14,2306.58,86.15,98.45,63.16
R,0.02,4,0,0.3,0.22,"Rodriguez, Bradgley",2.8,699134,SDP,25,66.67,Slider,SL,0,2525.75,81.7,91.08,100
L,0.58,31,25.81,1.23,0.78,"Sears, JP",32.63,676664,SDP,58.06,38.46,Sinker,SI,6.25,1998.8,78.68,91.36,61.11
L,0.5,20,20,0.83,1.19,"Sears, JP",21.05,676664,SDP,50,40,4-Seam Fastball,FF,9.09,2041.15,89.15,92.86,70
L,0.34,18,11.11,-0.33,-0.07,"Sears, JP",18.95,676664,SDP,50,22.22,Slider,SL,10,2282.11,83.6,82.27,88.89
L,0.29,14,14.29,1.33,0.27,"Sears, JP",14.74,676664,SDP,28.57,30,Changeup,CH,28.57,1694.57,86.18,84.91,100
L,0,12,50,-0.75,0.54,"Sears, JP",12.63,676664,SDP,41.67,28.57,Sweeper,ST,66.67,2251.25,58,80.72,20
R,0.25,79,25.32,-0.71,1.29,"Vásquez, Randy",27.53,681190,SDP,68.35,16,4-Seam Fastball,FF,9.76,2438.14,84.34,95.29,68.52
R,0.14,76,34.21,0.16,0.79,"Vásquez, Randy",26.48,681190,SDP,65.79,19.23,Cutter,FC,26.32,2652.58,82.08,91.91,66
R,0.21,68,32.35,-1.28,0.83,"Vásquez, Randy",23.69,681190,SDP,67.65,22.73,Sinker,SI,3.33,2393.26,89.86,95.2,54.35
R,0.18,20,15,0.68,0.17,"Vásquez, Randy",6.97,681190,SDP,15,52.94,Slider,SL,0,3016.25,70.9,86.22,0
R,0.24,17,0,-1.39,0.31,"Vásquez, Randy",5.92,681190,SDP,17.65,35.71,Changeup,CH,0,1973.35,89.11,89.56,100
R,0.4,17,0,0.77,0.05,"Vásquez, Randy",5.92,681190,SDP,64.71,50,Sweeper,ST,0,3017.06,80.31,85.81,100
R,0.25,10,10,0.84,-0.23,"Vásquez, Randy",3.48,681190,SDP,10,33.33,Curveball,CU,25,3050.8,81.6,84.16,100
R,0.35,74,35.14,-1.41,0.85,"Bazardo, Eduard",67.27,660825,SEA,62.16,35.71,Sinker,SI,11.43,2201.58,88.19,96.07,54.35
R,0.33,31,41.94,1.16,-0.22,"Bazardo, Eduard",28.18,660825,SEA,51.61,40,Sweeper,ST,35.71,2682.19,83.68,84.24,50
R,0,5,0,-1.34,0.61,"Bazardo, Eduard",4.55,660825,SEA,60,0,Split-Finger,FS,0,1782.2,94.13,92,100
R,0.86,4,50,-1.48,0.62,"Davila, Nick",66.67,689546,SEA,100,0,Sinker,SI,0,2088,93.6,96.02,50
R,0,2,0,0.08,-0.31,"Davila, Nick",33.33,689546,SEA,100,0,Slider,SL,0,1975.5,73.7,87.1,100
R,0.49,100,22,-0.36,1.22,"Domínguez, Seranthony",59.17,622554,SEA,59,19.51,4-Seam Fastball,FF,18.52,2396.39,83.24,96.99,77.97
R,0.11,35,31.43,0.81,0.4,"Domínguez, Seranthony",20.71,622554,SEA,28.57,24,Sweeper,ST,61.54,2452.6,89.32,84.91,70
R,0.29,19,10.53,-1.31,0.92,"Domínguez, Seranthony",11.24,622554,SEA,42.11,36.36,Sinker,SI,0,2296.32,79.43,97.66,75
R,0.04,11,27.27,-0.9,0.14,"Domínguez, Seranthony",6.51,622554,SEA,27.27,25,Split-Finger,FS,60,945.82,95.1,85.79,100
R,0,4,0,0,0,"Domínguez, Seranthony",2.37,622554,SEA,0,0,Unknown,UNK,0,0,0,0,0
R,0.49,65,32.31,1.5,0.47,"Ferrer, José A.",60.75,678606,SEA,69.23,40,Sinker,SI,0,2134.55,82.61,97.6,57.78
R,0.14,29,34.48,1.54,0.34,"Ferrer, José A.",27.1,678606,SEA,17.24,45.83,Changeup,CH,62.5,2237.45,78.28,87.76,100
R,0,9,22.22,-0.24,-0.04,"Ferrer, José A.",8.41,678606,SEA,33.33,16.67,Slider,SL,50,2414.89,80.4,89.3,100
R,0,4,0,0,0,"Ferrer, José A.",3.74,678606,SEA,0,0,Unknown,UNK,0,0,0,0,0
R,0.37,148,29.73,-0.68,1.44,"Gilbert, Logan",38.74,669302,SEA,62.16,25,4-Seam Fastball,FF,18.92,2366.28,85.19,96.92,65.22
R,0.37,138,27.54,0.12,-0.12,"Gilbert, Logan",36.13,669302,SEA,44.93,28.95,Slider,SL,34.29,2126.12,80.39,87.73,77.42
R,0.17,40,30,-0.45,-0.15,"Gilbert, Logan",10.47,669302,SEA,25,33.33,Split-Finger,FS,60,777,83.72,84.9,100
R,0.55,26,15.38,-1.33,0.32,"Gilbert, Logan",6.81,669302,SEA,23.08,20,Changeup,CH,25,1556.62,82,86.53,66.67
R,0.05,22,18.18,1.06,-0.26,"Gilbert, Logan",5.76,669302,SEA,36.36,28.57,Sweeper,ST,20,2369,82.93,82.86,75
R,0.02,6,33.33,0.19,0.85,"Gilbert, Logan",1.57,669302,SEA,66.67,0,Cutter,FC,0,2219.33,82.4,91.87,50
R,0,2,0,-0.7,0.37,"Gilbert, Logan",0.52,669302,SEA,0,0,Sinker,SI,0,1858,0,91.8,0
R,0.26,165,20,-1.04,0.69,"Hancock, Emerson",43.42,676106,SEA,64.24,44.07,4-Seam Fastball,FF,14.16,2321.44,83.08,95.46,82.08
R,0.26,77,31.17,-1.5,0.04,"Hancock, Emerson",20.26,676106,SEA,53.25,38.89,Sinker,SI,8.82,2326.82,80.68,94.69,48.78
R,0.09,51,35.29,0.18,0.39,"Hancock, Emerson",13.42,676106,SEA,54.9,21.74,Cutter,FC,34.78,2315.04,85.09,87.28,64.29
R,0.34,40,20,1.12,-0.55,"Hancock, Emerson",10.53,676106,SEA,32.5,37.04,Curveball,CU,23.81,2583.02,79.33,76.44,84.62
R,0.38,25,28,-1.24,-0.17,"Hancock, Emerson",6.58,676106,SEA,48,46.15,Changeup,CH,26.67,1580.68,86.71,86.52,75
R,0.11,18,27.78,1.31,0.21,"Hancock, Emerson",4.74,676106,SEA,27.78,7.69,Sweeper,ST,66.67,2598.22,95.4,77.24,100
R,0,4,0,0,0,"Hancock, Emerson",1.05,676106,SEA,0,0,Unknown,UNK,0,0,0,0,0
R,0.45,54,7.41,-0.83,1.12,"Kirby, George",27.98,669923,SEA,22.22,42.86,4-Seam Fastball,FF,10.34,2309.11,86.99,96.7,91.67
R,0.22,52,34.62,0.74,-0.13,"Kirby, George",26.94,669923,SEA,48.08,48.15,Sweeper,ST,30,2406.33,79.24,88.21,68
R,0.23,48,25,-1.38,0.67,"Kirby, George",24.87,669923,SEA,52.08,17.39,Sinker,SI,14.29,2345.06,83.25,96.78,68
R,0.1,19,15.79,-0.85,0.33,"Kirby, George",9.84,669923,SEA,57.89,12.5,Changeup,CH,18.18,1119.84,81.86,87.92,90.91
R,0.17,16,18.75,0.65,-1.06,"Kirby, George",8.29,669923,SEA,37.5,60,Knuckle Curve,KC,18.18,2360.06,82.22,84.03,83.33
R,0,2,0,-0.02,0.7,"Kirby, George",1.04,669923,SEA,0,50,Cutter,FC,0,2258,0,93.8,0
R,0,2,0,-0.77,0.58,"Kirby, George",1.04,669923,SEA,50,0,Split-Finger,FS,0,997,106,88.6,100
R,0.23,152,22.37,-0.41,1.59,"Miller, Bryce",42.22,682243,SEA,56.58,39.39,4-Seam Fastball,FF,11.36,2492.08,85.82,95.69,72.09
R,0.21,106,28.3,-0.79,0.45,"Miller, Bryce",29.44,682243,SEA,41.51,38.71,Split-Finger,FS,33.33,1077.66,83.34,84.05,68.18
R,0.16,40,10,1.13,-0.48,"Miller, Bryce",11.11,682243,SEA,35,38.46,Sweeper,ST,9.09,2383.2,75.11,83.84,85.71
R,0.06,24,8.33,0.2,-1.03,"Miller, Bryce",6.67,682243,SEA,41.67,28.57,Knuckle Curve,KC,0,2310.67,75.32,82.68,80
R,1.15,20,20,0.3,0.24,"Miller, Bryce",5.56,682243,SEA,50,0,Slider,SL,0,2475,92.9,87.2,60
R,0.7,14,42.86,-1.15,1.13,"Miller, Bryce",3.89,682243,SEA,57.14,0,Sinker,SI,0,2371.29,0,94.23,0
R,0.78,4,0,0.07,0.84,"Miller, Bryce",1.11,682243,SEA,50,100,Cutter,FC,0,2652.5,99.2,91.25,100
R,0.3,36,44.44,-0.75,1.15,"Muñoz, Andrés",44.44,662253,SEA,61.11,7.14,4-Seam Fastball,FF,7.69,2324.56,97.64,99.87,54.55
R,0.12,32,25,0.53,-0.12,"Muñoz, Andrés",39.51,662253,SEA,28.12,43.48,Slider,SL,38.89,2374.12,68.78,87.68,88.89
R,0,11,45.45,-1.15,-0.22,"Muñoz, Andrés",13.58,662253,SEA,0,45.45,Changeup,CH,100,1538.82,0,92.88,0
R,0,2,0,-1.15,0.71,"Muñoz, Andrés",2.47,662253,SEA,0,0,Sinker,SI,0,2223,0,98.2,0
R,0.46,30,26.67,-0.18,0.97,"Robles, Victor",57.69,645302,SEA,33.33,30,Curveball,CU,0,1239.27,92.91,48.75,80
R,0.66,22,18.18,-0.82,1.14,"Robles, Victor",42.31,645302,SEA,54.55,0,4-Seam Fastball,FF,0,1898.09,79.58,76.5,66.67
R,0.38,59,16.95,-0.41,1.33,"Rucker, Michael",37.58,621074,SEA,40.68,22.86,4-Seam Fastball,FF,4.17,2304.81,83.55,96.74,66.67
R,0.19,40,30,1.25,-0.94,"Rucker, Michael",25.48,621074,SEA,32.5,37.04,Curveball,CU,35.29,2791.58,77.17,82.74,53.85
R,0.36,30,10,0.32,0.07,"Rucker, Michael",19.11,621074,SEA,50,13.33,Cutter,FC,14.29,2575.93,85.77,89.89,80
R,0.27,20,60,-1.36,0.62,"Rucker, Michael",12.74,621074,SEA,65,0,Sinker,SI,75,2232.2,104.2,96.24,30.77
R,0,8,50,0.39,-0.18,"Rucker, Michael",5.1,621074,SEA,25,33.33,Slider,SL,100,2678.5,0,87.95,100
R,0.16,43,41.86,-0.92,-0.71,"Simpson, Josh",39.81,681006,SEA,48.84,50,Curveball,CU,33.33,2482.44,85.37,79.64,47.62
R,0.09,32,46.88,1.3,0.3,"Simpson, Josh",29.63,681006,SEA,50,31.25,Sinker,SI,16.67,2194.41,84.9,92.65,43.75
R,0.45,20,30,-1.29,0.04,"Simpson, Josh",18.52,681006,SEA,50,20,Sweeper,ST,25,2397.35,72.58,79.65,60
R,0,7,28.57,1.04,-0.01,"Simpson, Josh",6.48,681006,SEA,28.57,40,Changeup,CH,0,1819.14,71.8,87.94,0
R,0,6,0,0.74,0.96,"Simpson, Josh",5.56,681006,SEA,66.67,0,4-Seam Fastball,FF,0,2380.67,78.6,93.53,100
R,0.42,24,25,0.83,1.2,"Speier, Gabe",55.81,642100,SEA,58.33,20,4-Seam Fastball,FF,28.57,2291.17,86.48,95.55,85.71
R,0.7,10,30,1.47,0.38,"Speier, Gabe",23.26,642100,SEA,30,0,Sinker,SI,0,2101.7,0,94.77,0
R,0,7,14.29,-0.31,-0.06,"Speier, Gabe",16.28,642100,SEA,71.43,100,Slider,SL,14.29,2157.86,62.73,84.44,100
R,0,2,0,-1.2,0.13,"Speier, Gabe",4.65,642100,SEA,0,0,Sweeper,ST,0,2173,0,82,0
R,0.35,42,42.86,0.98,-0.37,"Wilcox, Cole",39.62,677961,SEA,52.38,20,Sweeper,ST,40,2133.02,83.87,86.67,50
R,0.26,32,25,-1.13,0.87,"Wilcox, Cole",30.19,677961,SEA,46.88,17.65,4-Seam Fastball,FF,18.75,2059.41,92.52,96.65,86.67
R,0.16,17,35.29,-1.28,0.13,"Wilcox, Cole",16.04,677961,SEA,35.29,54.55,Changeup,CH,60,1346.71,91.37,87.79,66.67
R,0.43,15,46.67,-1.44,0.49,"Wilcox, Cole",14.15,677961,SEA,53.33,0,Sinker,SI,66.67,1979.73,101.6,96.64,37.5
R,0.31,130,21.54,-0.93,1.16,"Woo, Bryan",47.45,693433,SEA,60,28.85,4-Seam Fastball,FF,16,2194.54,83.62,96.67,76.92
R,0.33,58,25.86,-1.35,0.51,"Woo, Bryan",21.17,693433,SEA,62.07,13.64,Sinker,SI,11.11,2278.16,85.86,96.12,66.67
R,0.42,44,36.36,0.17,0.2,"Woo, Bryan",16.06,693433,SEA,50,36.36,Slider,SL,43.48,2198.41,95.75,87.46,68.18
R,0.38,17,23.53,0.43,-0.51,"Woo, Bryan",6.2,693433,SEA,23.53,23.08,Curveball,CU,40,2306.76,88.83,82.81,50
R,0.03,15,26.67,-1.27,0.19,"Woo, Bryan",5.47,693433,SEA,60,0,Changeup,CH,0,1901.53,74.36,89.49,55.56
R,0.04,10,10,0.77,0.36,"Woo, Bryan",3.65,693433,SEA,40,50,Sweeper,ST,14.29,2450.3,84.2,85.62,100
R,0.19,22,18.18,1.38,-0.03,"Beck, Tristan",38.6,663941,SFG,50,9.09,Sweeper,ST,0,2704.45,84.88,82.42,63.64
R,1.13,21,23.81,-0.7,1.28,"Beck, Tristan",36.84,663941,SFG,52.38,10,4-Seam Fastball,FF,0,1943.43,89.2,93.95,54.55
R,0.2,9,44.44,0.45,0.1,"Beck, Tristan",15.79,663941,SFG,66.67,0,Slider,SL,50,2467.11,85.15,88.42,66.67
R,0.67,3,0,0.65,-1.29,"Beck, Tristan",5.26,663941,SFG,33.33,0,Curveball,CU,0,2363,103,79.73,100
R,0,2,0,-0.76,0.3,"Beck, Tristan",3.51,663941,SFG,0,0,Changeup,CH,0,1701,0,86.7,0
R,0.3,34,41.18,-1.31,0.76,"Brubaker, JT",31.19,664141,SFG,50,17.65,Sinker,SI,30,2205.59,92.71,93.37,41.18
R,0.42,27,25.93,0.02,0.2,"Brubaker, JT",24.77,664141,SFG,44.44,46.67,Slider,SL,25,2547.67,81.96,87.21,75
R,0.59,26,30.77,-1.33,0.42,"Brubaker, JT",23.85,664141,SFG,30.77,50,Changeup,CH,35.71,2015.46,72.76,88.41,62.5
R,0.41,14,28.57,0.91,-0.36,"Brubaker, JT",12.84,664141,SFG,57.14,33.33,Curveball,CU,25,2666.5,86.54,81.39,75
R,0.59,8,0,-0.58,1.21,"Brubaker, JT",7.34,664141,SFG,50,50,4-Seam Fastball,FF,0,2012.75,80.57,92.35,100
R,0.28,22,18.18,0.33,-0.06,"Foley, Jason",33.85,671345,SFG,40.91,23.08,Slider,SL,20,2330.59,84.2,86.87,77.78
R,0.26,17,41.18,-1.47,0.26,"Foley, Jason",26.15,671345,SFG,76.47,0,Sinker,SI,0,2149.29,86.83,95.83,53.85
R,0.43,13,0,-0.98,0.99,"Foley, Jason",20,671345,SFG,30.77,11.11,4-Seam Fastball,FF,0,2243.46,78.2,96.85,100
R,0.23,9,22.22,-0.78,0.04,"Foley, Jason",13.85,671345,SFG,44.44,0,Split-Finger,FS,33.33,1029.44,74.6,89.71,75
R,0,4,0,0,0,"Foley, Jason",6.15,671345,SFG,0,0,Unknown,UNK,0,0,0,0,0
R,0.35,5,40,0.27,1.32,"Harris, Trent",35.71,805345,SFG,80,0,Cutter,FC,0,2255.4,67.8,94.44,50
R,0.46,4,25,1.45,-0.52,"Harris, Trent",28.57,805345,SFG,50,50,Sweeper,ST,0,2602.75,87.3,83.65,50
R,0,3,66.67,-0.5,1.08,"Harris, Trent",21.43,805345,SFG,100,0,Sinker,SI,0,2261,73.3,94.8,33.33
R,0.48,2,0,0.28,-1.46,"Harris, Trent",14.29,805345,SFG,100,0,Curveball,CU,0,2558,98.8,77.25,50
R,0.18,58,44.83,1.1,1.04,"Hentges, Sam",35.15,656529,SFG,53.45,44.44,Sinker,SI,29.17,2066.28,82.17,94.67,38.71
R,0.38,45,17.78,0.58,1.28,"Hentges, Sam",27.27,656529,SFG,44.44,0,4-Seam Fastball,FF,13.33,2179.69,79.83,94.7,75
R,0.21,35,25.71,-0.48,-0.95,"Hentges, Sam",21.21,656529,SFG,40,9.52,Curveball,CU,22.22,2305.66,85.59,80.35,50
R,0.14,26,30.77,-0.28,0.42,"Hentges, Sam",15.76,656529,SFG,26.92,36.84,Slider,SL,46.15,2181.88,87.12,88.6,85.71
R,0.7,1,0,0,0,"Hentges, Sam",0.61,656529,SFG,0,0,Unknown,UNK,0,0,0,0,0
R,0.38,162,22.22,-1.38,0.6,"Houser, Adrian",53.29,605288,SFG,60.49,34.38,Sinker,SI,0,2268.3,84.06,95.5,63.27
R,0.33,68,14.71,-0.78,1.22,"Houser, Adrian",22.37,605288,SFG,52.94,25,4-Seam Fastball,FF,5.56,2344.71,80.42,96.24,77.78
R,0.01,44,36.36,-1.27,0.3,"Houser, Adrian",14.47,605288,SFG,22.73,41.18,Changeup,CH,70,1536.59,76.2,86.1,60
R,0.19,16,12.5,0.18,0.46,"Houser, Adrian",5.26,605288,SFG,62.5,0,Slider,SL,20,2530,90.38,89.5,100
R,0,14,28.57,0.62,-0.8,"Houser, Adrian",4.61,605288,SFG,42.86,0,Curveball,CU,50,2011.14,78,83.63,66.67
R,0.4,59,32.2,-1.44,0.21,"Roupp, Landen",31.89,694738,SFG,55.93,3.85,Sinker,SI,5.88,2025.28,86.93,93.37,48.48
R,0.22,54,25.93,-1.22,-0.22,"Roupp, Landen",29.19,694738,SFG,27.78,38.46,Changeup,CH,36,1761.11,77.59,86.42,66.67
R,0.18,53,37.74,1.52,-0.67,"Roupp, Landen",28.65,694738,SFG,41.51,29.03,Curveball,CU,50,3066.72,67.77,76.53,50
R,0.25,10,20,0.11,0.57,"Roupp, Landen",5.41,694738,SFG,50,40,Cutter,FC,0,2220.5,75.42,89.94,60
R,0.82,8,25,-0.87,0.86,"Roupp, Landen",4.32,694738,SFG,12.5,57.14,4-Seam Fastball,FF,40,2135.38,80.83,93.02,100
R,0,1,0,0,0,"Roupp, Landen",0.54,694738,SFG,0,0,Unknown,UNK,0,0,0,0,0
R,0.29,28,46.43,1.53,0.09,"Sanmartin, Reiver",41.79,665665,SFG,46.43,53.33,Sinker,SI,46.67,2257.79,79.64,91.73,53.85
R,0.27,16,18.75,-0.55,0.08,"Sanmartin, Reiver",23.88,665665,SFG,56.25,28.57,Slider,SL,11.11,2557.12,85.39,83.5,77.78
R,0.23,10,0,1.53,-0.23,"Sanmartin, Reiver",14.93,665665,SFG,50,40,Changeup,CH,0,2087,86.42,86.71,100
R,0,8,0,0,0,"Sanmartin, Reiver",11.94,665665,SFG,0,0,Unknown,UNK,0,0,0,0,0
R,0.88,5,40,1.23,0.86,"Sanmartin, Reiver",7.46,665665,SFG,80,0,4-Seam Fastball,FF,0,2298.2,103.8,92.24,50
R,0.34,36,25,-1.34,0.44,"Seymour, Carson",31.86,693313,SFG,50,27.78,Sinker,SI,22.22,2213.28,80.5,96.32,72.22
R,0.31,28,17.86,0.03,-0.58,"Seymour, Carson",24.78,693313,SFG,28.57,30,Slider,SL,25,2056.21,82.51,87.77,75
R,0.48,22,9.09,-0.76,1.11,"Seymour, Carson",19.47,693313,SFG,54.55,0,4-Seam Fastball,FF,0,2200.86,84.81,96.9,83.33
R,0.48,19,21.05,-0.12,0.44,"Seymour, Carson",16.81,693313,SFG,15.79,25,Cutter,FC,50,2431.89,48.4,94.23,66.67
R,0.24,8,25,-0.94,-0.12,"Seymour, Carson",7.08,693313,SFG,62.5,33.33,Split-Finger,FS,0,1276.62,90.48,91.01,60
R,0.29,89,21.35,-0.27,1.54,"Smith, Dylan",47.59,681916,SFG,47.19,31.91,4-Seam Fastball,FF,15.22,2450.62,80.43,95.77,73.81
R,0.47,39,23.08,0.58,0.58,"Smith, Dylan",20.86,681916,SFG,33.33,42.31,Sweeper,ST,34.78,2490.28,80.58,86.71,92.31
R,0.65,19,31.58,0.92,-0.95,"Smith, Dylan",10.16,681916,SFG,57.89,0,Curveball,CU,0,2485.47,83.08,80.58,45.45
R,0,16,0,0,0,"Smith, Dylan",8.56,681916,SFG,0,0,Unknown,UNK,0,0,0,0,0
R,0.27,15,26.67,-1.06,1.19,"Smith, Dylan",8.02,681916,SFG,40,11.11,Sinker,SI,40,2279.73,82.9,96.29,66.67
R,0.7,9,22.22,-0.84,0.57,"Smith, Dylan",4.81,681916,SFG,22.22,42.86,Split-Finger,FS,25,896.11,95.17,87.11,50
R,0.14,101,31.68,1.12,0.37,"Tidwell, Blade",34.12,694918,SFG,45.54,36.36,Sweeper,ST,39.29,2907.17,84.74,82.43,78.26
R,0.36,79,25.32,-0.61,1.4,"Tidwell, Blade",26.69,694918,SFG,49.37,17.5,4-Seam Fastball,FF,3.33,2221.41,83.87,94.98,58.97
R,0.37,50,36,-1.32,0.99,"Tidwell, Blade",16.89,694918,SFG,76,16.67,Sinker,SI,8.7,2113.28,88.72,93.52,55.26
R,0.26,39,35.9,0.29,0.23,"Tidwell, Blade",13.18,694918,SFG,58.97,31.25,Slider,SL,33.33,2378.97,89.74,88.18,69.57
R,0.11,22,9.09,-0.87,0.6,"Tidwell, Blade",7.43,694918,SFG,36.36,0,Changeup,CH,0,1705.86,73.05,82.98,75
R,0,5,0,0.39,-1.04,"Tidwell, Blade",1.69,694918,SFG,0,0,Curveball,CU,0,2516.2,0,82.88,0
R,0.19,90,38.89,1.17,0.11,"Webb, Logan",23.2,657277,SFG,60,30.56,Sweeper,ST,26.32,2619.19,84.48,83.47,50
R,0.23,86,31.4,-1.24,-0.04,"Webb, Logan",22.16,657277,SFG,63.95,12.9,Sinker,SI,5.41,1980.3,83.71,91.5,60
R,0.13,79,25.32,-0.85,-0.42,"Webb, Logan",20.36,657277,SFG,32.91,35.85,Changeup,CH,36.59,1468.77,76.51,85.34,84.62
R,0.3,78,20.51,-0.07,0.55,"Webb, Logan",20.1,657277,SFG,56.41,17.65,Cutter,FC,5.41,2298.21,77.88,88.96,70.45
R,0.28,55,18.18,-0.61,0.78,"Webb, Logan",14.18,657277,SFG,38.18,35.29,4-Seam Fastball,FF,20.69,2071.16,85.01,91.66,80.95
R,0.28,116,25.86,1.3,0.55,"Whisenhunt, Carson",36.94,687931,SFG,37.93,37.5,Changeup,CH,33.87,1901.88,84.37,83.19,79.55
R,0.53,105,20,0.79,1.38,"Whisenhunt, Carson",33.44,687931,SFG,44.76,17.24,4-Seam Fastball,FF,5.13,2217.17,91,92.47,61.7
R,0.37,59,44.07,-0.06,0,"Whisenhunt, Carson",18.79,687931,SFG,54.24,37.04,Slider,SL,40.74,2476.88,91.28,84.64,53.12
R,0.47,22,40.91,1.34,0.78,"Whisenhunt, Carson",7.01,687931,SFG,50,18.18,Sinker,SI,16.67,2196.86,88.44,92.27,36.36
R,0.37,12,16.67,-0.92,-0.61,"Whisenhunt, Carson",3.82,687931,SFG,33.33,37.5,Curveball,CU,28.57,2742.08,98.7,80.4,100
R,0.33,43,30.23,-1.19,0.08,"Winn, Keaton",40.19,676775,SFG,60.47,29.41,Split-Finger,FS,21.74,1613.44,86.88,88.76,69.23
R,0.4,28,25,-0.82,1.19,"Winn, Keaton",26.17,676775,SFG,32.14,10.53,4-Seam Fastball,FF,0,2341.14,92.3,94.9,66.67
R,0.37,22,27.27,-1.1,0.48,"Winn, Keaton",20.56,676775,SFG,45.45,0,Sinker,SI,0,2301.05,85.8,94.66,40
R,0.13,14,28.57,0.04,0.32,"Winn, Keaton",13.08,676775,SFG,28.57,30,Slider,SL,40,2295.57,56.6,88.36,50
R,0.19,72,27.78,1.32,0.13,"Bruihl, Justin",48.32,677865,STL,50,38.89,Sinker,SI,11.11,2198.11,76.38,90.45,61.11
R,0.2,67,29.85,-1.54,-0.14,"Bruihl, Justin",44.97,677865,STL,56.72,41.38,Sweeper,ST,21.05,2589.66,80.69,78.64,68.42
R,0.12,7,0,1.05,0.03,"Bruihl, Justin",4.7,677865,STL,28.57,40,Changeup,CH,0,1454.29,80.05,80.86,100
R,0,3,0,0.44,0.84,"Bruihl, Justin",2.01,677865,STL,33.33,0,4-Seam Fastball,FF,0,2248.67,79.4,91.47,100
R,0.35,93,21.51,0.2,0.91,"Dobbins, Hunter",33.1,690928,STL,48.39,35.42,4-Seam Fastball,FF,16.98,2368.67,80.52,93.96,80
R,0.18,51,33.33,-1.04,0.42,"Dobbins, Hunter",18.15,690928,STL,33.33,32.35,Split-Finger,FS,47.37,2190.1,78.76,87.46,47.06
R,0.36,47,31.91,0.67,-0.92,"Dobbins, Hunter",16.73,690928,STL,36.17,30,Curveball,CU,18.75,2638.19,80.45,79.32,41.18
R,0.3,44,22.73,0.55,0.11,"Dobbins, Hunter",15.66,690928,STL,38.64,11.11,Slider,SL,20,2697.82,83.83,86.73,70.59
R,0.31,25,24,1.4,-0.14,"Dobbins, Hunter",8.9,690928,STL,44,57.14,Sweeper,ST,18.75,2784.48,80.78,81.48,72.73
R,0.3,21,19.05,-0.84,0.71,"Dobbins, Hunter",7.47,690928,STL,38.1,0,Sinker,SI,0,2229.29,76.8,93.81,62.5
R,0.32,56,25,1.26,0.73,"Ferguson, Caleb",32.56,657571,STL,44.64,16.13,Sinker,SI,18.18,2184.09,85.51,92.19,68
R,0.35,48,20.83,0.48,1.19,"Ferguson, Caleb",27.91,657571,STL,58.33,20,4-Seam Fastball,FF,0,2291.08,83.98,91.88,64.29
R,0.36,45,17.78,-0.16,0.41,"Ferguson, Caleb",26.16,657571,STL,40,37.04,Cutter,FC,20,2556.89,84.9,87.18,83.33
R,0.19,23,17.39,-0.64,-0.91,"Ferguson, Caleb",13.37,657571,STL,34.78,26.67,Slurve,SV,33.33,2959.96,85.01,79.97,100
R,0.31,45,24.44,-0.81,1.25,"Gastelum, Luis",35.43,703725,STL,46.67,29.17,4-Seam Fastball,FF,14.29,2573.98,82.78,94.17,66.67
R,0.24,39,33.33,-1.09,-0.27,"Gastelum, Luis",30.71,703725,STL,46.15,57.14,Changeup,CH,39.29,1639.62,78.64,82.35,88.89
R,0.4,30,23.33,1.22,-0.02,"Gastelum, Luis",23.62,703725,STL,36.67,15.79,Sweeper,ST,30,2468.6,80.83,85.02,63.64
R,0.21,13,23.08,-1.32,0.52,"Gastelum, Luis",10.24,703725,STL,30.77,22.22,Sinker,SI,0,2391.62,83.3,93.26,75
R,0.45,41,19.51,0.16,-0.22,"Graceffo, Gordon",40.2,700669,STL,24.39,38.71,Slider,SL,22.22,2421.41,85.3,86.28,60
R,0.28,35,25.71,-0.66,1.3,"Graceffo, Gordon",34.31,700669,STL,65.71,33.33,4-Seam Fastball,FF,5.26,2001.63,86.29,94.88,65.22
R,0.16,20,15,-1.09,0.28,"Graceffo, Gordon",19.61,700669,STL,25,60,Changeup,CH,15.38,1143.2,79.25,87.57,80
R,0,6,33.33,-1.19,1,"Graceffo, Gordon",5.88,700669,STL,50,100,Sinker,SI,0,1834.33,92.3,94.02,0
R,0.27,76,21.05,0.7,-0.79,"Leahy, Kyle",21.11,681517,STL,39.47,26.09,Curveball,CU,33.33,2288.97,83.56,83.76,80
R,0.71,72,27.78,-0.32,1.14,"Leahy, Kyle",20,681517,STL,55.56,25,4-Seam Fastball,FF,0,2205.58,81.57,94.39,55
R,0.24,60,20,-0.97,0.16,"Leahy, Kyle",16.67,681517,STL,33.33,40,Changeup,CH,27.78,1365.9,79.42,88.98,100
R,0.42,56,39.29,0.35,0.33,"Leahy, Kyle",15.56,681517,STL,75,0,Slider,SL,31.25,2266.54,90.16,89.71,76.19
R,0.24,56,28.57,1.42,0.19,"Leahy, Kyle",15.56,681517,STL,32.14,42.11,Sweeper,ST,35.71,2622.36,80.78,84.87,66.67
R,0.31,40,35,-1.12,0.89,"Leahy, Kyle",11.11,681517,STL,70,16.67,Sinker,SI,20,2227.05,77.57,94.76,64.29
R,0.27,49,28.57,-0.33,-0.01,"Liberatore, Matthew",27.37,669461,STL,38.78,30,Slider,SL,27.78,2665.27,79.88,85.86,47.37
R,0.36,46,19.57,0.49,1.44,"Liberatore, Matthew",25.7,669461,STL,56.52,30,4-Seam Fastball,FF,11.54,2114.02,78.03,93.95,76.92
R,0.31,30,16.67,1.15,0.81,"Liberatore, Matthew",16.76,669461,STL,53.33,42.86,Changeup,CH,10.53,1743.63,82.06,88.12,81.25
R,0.2,25,28,-0.82,-1.42,"Liberatore, Matthew",13.97,669461,STL,32,29.41,Curveball,CU,40,3065.12,85.88,79.62,62.5
R,0.2,19,36.84,1.08,1.18,"Liberatore, Matthew",10.61,669461,STL,84.21,66.67,Sinker,SI,0,2165.58,79.37,93.8,56.25
R,0.31,10,40,-0.09,0.95,"Liberatore, Matthew",5.59,669461,STL,50,0,Cutter,FC,50,2425.8,100.5,89.71,40
L,0.38,80,37.5,0.46,1.43,"Mathews, Quinn",41.24,687273,STL,47.5,23.81,4-Seam Fastball,FF,31.25,2197.95,81.45,94.3,57.89
L,0.29,46,30.43,-0.22,0.22,"Mathews, Quinn",23.71,687273,STL,65.22,25,Slider,SL,23.08,2275.43,72.83,86.23,73.33
L,0.36,34,17.65,1.06,0.42,"Mathews, Quinn",17.53,687273,STL,47.06,22.22,Changeup,CH,22.22,1361.88,84.96,83.35,87.5
L,0.02,26,7.69,-0.6,-1.15,"Mathews, Quinn",13.4,687273,STL,61.54,20,Curveball,CU,0,2472.69,72.99,76.58,87.5
L,0,8,25,1.24,1.1,"Mathews, Quinn",4.12,687273,STL,25,0,Sinker,SI,100,2204.5,0,94.48,100
R,0.42,78,19.23,-0.77,1.02,"McGreevy, Michael",27.46,700241,STL,52.56,27.03,4-Seam Fastball,FF,6.06,2240.13,79.54,92.62,56.1
R,0.23,57,22.81,-1.2,0.12,"McGreevy, Michael",20.07,700241,STL,22.81,36.36,Changeup,CH,40.74,1701.02,85.17,87.42,84.62
R,0.56,42,21.43,-0.22,0.47,"McGreevy, Michael",14.79,700241,STL,73.81,0,Cutter,FC,13.04,2338.26,94.54,89.47,74.19
R,0.29,36,19.44,-1.07,0.26,"McGreevy, Michael",12.68,700241,STL,52.78,29.41,Sinker,SI,10.53,2202.72,86.48,91.71,73.68
R,0.33,32,12.5,1.01,-0.95,"McGreevy, Michael",11.27,700241,STL,28.12,26.09,Curveball,CU,21.43,2540.22,88.11,79,88.89
R,0.18,20,25,1.12,-0.22,"McGreevy, Michael",7.04,700241,STL,40,33.33,Sweeper,ST,22.22,2453.8,68.83,81.89,62.5
R,0.05,19,42.11,0.27,0.03,"McGreevy, Michael",6.69,700241,STL,36.84,16.67,Slider,SL,60,2353.16,75.6,84.19,42.86
R,0.19,75,36,-1.3,0.39,"O'Brien, Riley",61.48,676617,STL,60,16.67,Sinker,SI,23.08,2192.51,83.57,96.98,46.67
R,0.37,41,29.27,1.12,-0.41,"O'Brien, Riley",33.61,676617,STL,21.95,37.5,Sweeper,ST,50,2303.46,74.49,81.95,66.67
R,0.58,3,33.33,0.19,0.29,"O'Brien, Riley",2.46,676617,STL,100,0,Slider,SL,0,2432.67,94.8,88.87,66.67
R,0,3,0,0,0,"O'Brien, Riley",2.46,676617,STL,0,0,Unknown,UNK,0,0,0,0,0
R,0.27,115,25.22,-0.07,0.96,"Pallante, Andre",39.66,669467,STL,58.26,20.83,4-Seam Fastball,FF,13.21,2086.63,83.83,95.27,64.18
R,0.41,80,36.25,0.36,0.16,"Pallante, Andre",27.59,669467,STL,48.75,36.59,Slider,SL,35,2263.02,83.72,88.32,64.1
R,0.46,46,15.22,0.36,-1.24,"Pallante, Andre",15.86,669467,STL,13.04,12.5,Knuckle Curve,KC,50,2717.91,96.02,79.77,50
R,0.42,44,9.09,-0.97,1.05,"Pallante, Andre",15.17,669467,STL,31.82,33.33,Sinker,SI,9.09,2060.32,74.96,95.65,85.71
R,0.22,5,0,-0.85,0.4,"Pallante, Andre",1.72,669467,STL,20,25,Split-Finger,FS,0,1061.2,71.25,89.58,100
R,0.35,75,37.33,-1.03,-0.16,"Soriano, George",42.86,666277,STL,29.33,41.51,Changeup,CH,48.57,1536.44,85.59,90.23,59.09
R,0.33,56,25,-0.7,1.01,"Soriano, George",32,666277,STL,48.21,31.03,4-Seam Fastball,FF,18.52,2096.59,82.19,96.84,66.67
R,0.4,31,25.81,-0.01,0.19,"Soriano, George",17.71,666277,STL,45.16,17.65,Slider,SL,18.18,2511.03,92.96,88.49,57.14
R,0.94,7,14.29,-1.24,0.44,"Soriano, George",4,666277,STL,42.86,25,Sinker,SI,0,2069.29,99.53,96.36,66.67
R,0,6,50,0.56,-0.04,"Soriano, George",3.43,666277,STL,66.67,0,Sweeper,ST,0,2865.83,69.5,85.37,25
R,0.57,65,23.08,-0.68,1.48,"Stanek, Ryne",52,592773,STL,44.62,38.89,4-Seam Fastball,FF,20,2289.89,86.79,97.65,72.41
R,0.43,30,26.67,0.28,0.06,"Stanek, Ryne",24,592773,STL,40,22.22,Slider,SL,38.46,2467.37,86.3,88.12,75
R,0,20,25,-0.95,0.39,"Stanek, Ryne",16,592773,STL,40,8.33,Split-Finger,FS,42.86,1267.35,84.65,89.88,75
R,0.44,10,0,-1.34,0.9,"Stanek, Ryne",8,592773,STL,40,16.67,Sinker,SI,0,2120.7,87.56,96.4,100
R,0.46,53,22.64,-1.21,0.28,"Strzelecki, Peter",42.74,657265,STL,37.74,18.18,Sinker,SI,15,2321.91,81.53,92.09,70
R,0.29,35,17.14,1.19,-0.74,"Strzelecki, Peter",28.23,657265,STL,17.14,27.59,Curveball,CU,23.08,2879.97,84.14,81.47,83.33
R,0.47,15,13.33,-0.73,1.09,"Strzelecki, Peter",12.1,657265,STL,33.33,20,4-Seam Fastball,FF,28.57,2387,63.92,92.53,100
R,0,15,26.67,-1.27,-0.23,"Strzelecki, Peter",12.1,657265,STL,26.67,36.36,Changeup,CH,50,1621.8,49.55,85.74,100
R,0,6,33.33,1.41,-0.1,"Strzelecki, Peter",4.84,657265,STL,66.67,0,Sweeper,ST,0,2923.67,73.6,81.63,50
R,0.21,66,22.73,-0.36,1.57,"Baker, Bryan",51.97,641329,TBR,54.55,36.67,4-Seam Fastball,FF,19.51,2221.03,80.51,95.47,83.33
R,0.27,61,39.34,-1.14,0.69,"Baker, Bryan",48.03,641329,TBR,52.46,62.07,Changeup,CH,29.73,1883.23,79.87,84.83,59.38
R,0.41,54,29.63,0.72,1.33,"Booser, Cam",53.47,592155,TBR,51.85,42.31,4-Seam Fastball,FF,29.03,2043.54,81.52,95.96,71.43
R,0.13,40,35,-0.31,0.24,"Booser, Cam",39.6,592155,TBR,50,30,Cutter,FC,29.41,2103.82,84.12,87.65,55
R,0.26,4,0,1.18,0.5,"Booser, Cam",3.96,592155,TBR,50,100,Changeup,CH,0,1609.5,98.2,86.62,100
R,0.2,3,33.33,-1.13,-0.32,"Booser, Cam",2.97,592155,TBR,66.67,100,Sweeper,ST,0,2102.33,91.05,81.23,50
R,0.21,55,32.73,-0.44,0.14,"Cleavinger, Garrett",50,664076,TBR,47.27,27.59,Slider,SL,41.94,2747.47,84.99,87.33,88.46
R,0.57,26,19.23,1.42,0.77,"Cleavinger, Garrett",23.64,664076,TBR,42.31,6.67,Sinker,SI,11.11,2423.58,90.88,95.22,72.73
R,0.22,16,0,0.6,1.24,"Cleavinger, Garrett",14.55,664076,TBR,25,33.33,4-Seam Fastball,FF,0,2388.75,75.55,95.94,75
R,0.5,13,53.85,-1.55,-0.12,"Cleavinger, Garrett",11.82,664076,TBR,38.46,37.5,Sweeper,ST,85.71,2762.31,106.8,79.92,80
R,0.37,81,19.75,-0.54,1.59,"Cook, Alex",73.64,702047,TBR,49.38,14.63,4-Seam Fastball,FF,9.09,2310.31,85.07,95.12,67.5
R,0.16,17,17.65,0.27,0.73,"Cook, Alex",15.45,702047,TBR,58.82,0,Slider,SL,28.57,2227.18,99.24,87.39,70
R,0.12,12,25,-1.39,0.55,"Cook, Alex",10.91,702047,TBR,33.33,25,Changeup,CH,0,1759.33,100.4,88.14,25
R,0.29,16,12.5,0.6,-0.21,"Grove, Michael",28.57,675627,TBR,37.5,20,Slider,SL,25,2321.25,95.83,85,100
R,0.26,14,28.57,0.54,0.66,"Grove, Michael",25,675627,TBR,57.14,33.33,Cutter,FC,25,2456.29,86.53,89.09,75
R,1.12,10,20,0.16,1.06,"Grove, Michael",17.86,675627,TBR,60,50,4-Seam Fastball,FF,0,2292.6,98.77,93.08,66.67
R,0.05,10,40,-0.64,0.98,"Grove, Michael",17.86,675627,TBR,80,0,Sinker,SI,0,2289,85.6,92.48,50
R,0.04,6,33.33,0.98,-1.1,"Grove, Michael",10.71,675627,TBR,66.67,0,Knuckle Curve,KC,0,2394,74.3,75.83,50
R,0.04,22,27.27,-0.75,1.55,"Jax, Griffin",26.83,643377,TBR,45.45,50,4-Seam Fastball,FF,40,2538.05,80.37,95.14,90
R,0.48,18,22.22,-1.19,0.27,"Jax, Griffin",21.95,643377,TBR,55.56,50,Changeup,CH,23.08,1893.33,75.83,90.33,90
R,0.23,17,47.06,1.25,-0.11,"Jax, Griffin",20.73,643377,TBR,47.06,11.11,Sweeper,ST,0,3073.41,92.57,86.71,25
R,0.09,16,25,-1.48,0.89,"Jax, Griffin",19.51,643377,TBR,75,0,Sinker,SI,0,2538,74.35,94.65,66.67
R,0,9,55.56,0.48,-1.21,"Jax, Griffin",10.98,643377,TBR,33.33,66.67,Curveball,CU,60,3041.89,90.2,84.52,33.33
R,0.24,39,30.77,-1.39,-0.3,"Kelly, Kevin",41.94,687330,TBR,64.1,35.71,Sinker,SI,0,2030,78.06,91.81,56
R,0.12,30,46.67,-1.06,-0.5,"Kelly, Kevin",32.26,687330,TBR,46.67,50,Changeup,CH,55.56,1944.2,79.85,86.15,71.43
R,0.02,14,28.57,-1.09,0.72,"Kelly, Kevin",15.05,687330,TBR,64.29,20,4-Seam Fastball,FF,14.29,2087.86,84,93.01,66.67
R,0,8,0,0,0,"Kelly, Kevin",8.6,687330,TBR,0,0,Unknown,UNK,0,0,0,0,0
R,0,2,0,1.24,0.01,"Kelly, Kevin",2.15,687330,TBR,0,0,Sweeper,ST,0,2594,0,78,0
R,0.31,68,20.59,-1.05,0.94,"Legumina, Casey",43.59,668984,TBR,58.82,25,4-Seam Fastball,FF,10.81,2357.16,83.98,92.72,75
R,0.3,33,39.39,-1.32,0.65,"Legumina, Casey",21.15,668984,TBR,75.76,37.5,Sinker,SI,11.76,2207.45,79.66,92.58,56
R,0.22,26,19.23,0.32,0.24,"Legumina, Casey",16.67,668984,TBR,46.15,21.43,Slider,SL,18.18,2567.85,73.36,83.93,66.67
R,0.43,15,33.33,0.98,0.39,"Legumina, Casey",9.62,668984,TBR,40,55.56,Sweeper,ST,45.45,2706.33,84.53,79.47,100
R,0.25,14,0,-0.78,0.03,"Legumina, Casey",8.97,668984,TBR,14.29,25,Changeup,CH,0,1339.79,83.56,85.88,100
R,0.53,99,28.28,-1.16,1.09,"Martinez, Nick",30,607259,TBR,70.71,20.69,Sinker,SI,2.08,2286.77,84.06,91.84,60
R,0.27,91,24.18,-0.92,0.14,"Martinez, Nick",27.58,607259,TBR,48.35,27.66,Changeup,CH,22.92,1875.76,87.51,77.25,79.55
R,0.41,67,23.88,0.17,0.84,"Martinez, Nick",20.3,607259,TBR,53.73,41.94,Cutter,FC,16.28,2308.69,80.81,88.83,83.33
R,0.18,50,18,-0.46,1.37,"Martinez, Nick",15.15,607259,TBR,56,45.45,4-Seam Fastball,FF,12.12,2251.94,81.12,92.13,82.14
R,0.22,22,36.36,0.05,0.18,"Martinez, Nick",6.67,607259,TBR,31.82,40,Slider,SL,50,2409.05,70.44,84.3,57.14
R,0,1,100,0.42,-0.77,"Martinez, Nick",0.3,607259,TBR,100,0,Curveball,CU,0,2541,0,80.6,0
R,0.26,62,40.32,1.3,0.84,"Matz, Steven",55.36,571927,TBR,56.45,25.93,Sinker,SI,17.39,2191.63,76.32,94.25,45.71
R,0.21,34,38.24,1.14,0,"Matz, Steven",30.36,571927,TBR,35.29,45.45,Changeup,CH,47.06,2351.59,74.26,82.98,58.33
R,0.14,13,7.69,-0.82,-0.74,"Matz, Steven",11.61,571927,TBR,23.08,10,Curveball,CU,0,2332.69,66.2,79.46,100
R,0.16,3,0,-0.97,-0.05,"Matz, Steven",2.68,571927,TBR,66.67,0,Slider,SL,0,2273,73.45,83.73,100
L,0.29,22,27.27,0.95,1.38,"McClanahan, Shane",44.9,663556,TBR,54.55,20,4-Seam Fastball,FF,11.11,2249.09,85.08,94.61,58.33
L,0.2,12,25,1.38,0.62,"McClanahan, Shane",24.49,663556,TBR,50,16.67,Changeup,CH,42.86,1719.83,78.73,85.75,100
L,0.38,12,25,-0.37,-0.68,"McClanahan, Shane",24.49,663556,TBR,41.67,42.86,Curveball,CU,0,2480,71.06,81.13,40
L,0,3,0,-0.3,0.17,"McClanahan, Shane",6.12,663556,TBR,0,0,Slider,SL,0,2316.67,0,86.37,0
R,0.63,116,19.83,-0.5,1.23,"Peralta, Freddy",48.33,642547,TBR,50.86,31.58,4-Seam Fastball,FF,11.11,2414.91,86.06,93.93,76.27
R,0.24,80,17.5,-1.27,0.36,"Peralta, Freddy",33.33,642547,TBR,23.75,45.9,Changeup,CH,25,2053.99,80.89,87.13,84.21
R,0.17,28,42.86,0.38,-0.27,"Peralta, Freddy",11.67,642547,TBR,53.57,46.15,Curveball,CU,28.57,2265.39,73.51,79.67,53.33
R,0.01,15,26.67,0.81,0.39,"Peralta, Freddy",6.25,642547,TBR,40,55.56,Sweeper,ST,22.22,2506,80.81,82.46,66.67
R,0.41,1,0,0.33,0.63,"Peralta, Freddy",0.42,642547,TBR,0,100,Slider,SL,0,2531,98.3,84.8,0
R,0.26,158,31.65,-0.38,1.59,"Rasmussen, Drew",42.25,656876,TBR,44.3,38.64,4-Seam Fastball,FF,37.21,2500.89,84.7,95.99,74.29
R,0.21,92,34.78,-1.39,1.01,"Rasmussen, Drew",24.6,656876,TBR,67.39,26.67,Sinker,SI,13.64,2344,84.2,95.22,58.06
R,0.17,84,38.1,0.36,0.38,"Rasmussen, Drew",22.46,656876,TBR,57.14,11.11,Cutter,FC,33.33,2602.45,82.33,89.92,54.17
R,0.41,34,17.65,-0.87,0.22,"Rasmussen, Drew",9.09,656876,TBR,23.53,30.77,Changeup,CH,42.86,1200,91.72,89.81,75
R,0,4,0,0.94,0,"Rasmussen, Drew",1.07,656876,TBR,50,0,Sweeper,ST,0,2378.5,109.1,85.15,100
R,0,2,0,0.23,-0.88,"Rasmussen, Drew",0.53,656876,TBR,0,0,Curveball,CU,0,2647,0,81.8,0
R,0.53,29,34.48,-1.38,0.15,"Roycroft, Chris",58,688297,TBR,72.41,37.5,Sinker,SI,17.65,2170.14,97.89,96.26,66.67
R,0.32,13,0,0.16,0.22,"Roycroft, Chris",26,688297,TBR,61.54,0,Cutter,FC,0,2225.92,86.92,89.78,100
R,0,8,12.5,-0.56,0.92,"Roycroft, Chris",16,688297,TBR,50,25,4-Seam Fastball,FF,20,2218.88,78.58,94.75,100
R,0.25,116,30.17,1.04,0.64,"Seymour, Ian",33.24,693855,TBR,43.1,43.94,Changeup,CH,39.44,1643.89,78.11,82.72,84
R,0.29,104,12.5,0.59,1.2,"Seymour, Ian",29.8,693855,TBR,49.04,33.96,4-Seam Fastball,FF,12.31,2167.02,82.07,90.75,92.16
R,0.45,65,29.23,-0.95,0.66,"Seymour, Ian",18.62,693855,TBR,50.77,21.88,Sweeper,ST,20,2170.6,73.98,81.63,69.7
R,0.5,41,36.59,1.04,0.84,"Seymour, Ian",11.75,693855,TBR,56.1,0,Sinker,SI,15.38,1960.68,92.24,89.09,56.52
R,0.36,23,26.09,-0.39,0.84,"Seymour, Ian",6.59,693855,TBR,43.48,46.15,Slider,SL,23.08,2150.48,85.93,82.74,70
R,0.02,30,30,0.34,1.05,"Wells, Tyler",28.04,669330,TBR,60,33.33,Cutter,FC,22.22,2470.5,77.01,90.4,77.78
R,0.29,26,38.46,-1.2,1.13,"Wells, Tyler",24.3,669330,TBR,53.85,50,Changeup,CH,41.18,2250.27,81.57,86.81,78.57
R,0.34,25,36,-0.31,1.47,"Wells, Tyler",23.36,669330,TBR,40,46.67,4-Seam Fastball,FF,25,2431.32,86.39,93.34,50
R,0.33,15,20,0.47,0.33,"Wells, Tyler",14.02,669330,TBR,20,66.67,Slider,SL,27.27,2431.67,77.33,86.54,100
R,0,7,0,0.46,-0.75,"Wells, Tyler",6.54,669330,TBR,14.29,0,Curveball,CU,0,2615.71,0,78.2,0
R,0,4,0,0,0,"Wells, Tyler",3.74,669330,TBR,0,0,Unknown,UNK,0,0,0,0,0
R,0.15,45,26.67,0.48,1.5,"Ahlstrom, Robby",41.67,695239,TEX,55.56,20,4-Seam Fastball,FF,27.27,2166.24,80.93,94.12,72
R,0.02,28,17.86,-0.09,0.5,"Ahlstrom, Robby",25.93,695239,TEX,60.71,9.09,Slider,SL,27.78,2309.39,75.6,86.1,100
R,0.18,19,36.84,1.17,1.1,"Ahlstrom, Robby",17.59,695239,TEX,78.95,0,Sinker,SI,11.11,2100.21,81.4,94.17,60
R,0.34,15,33.33,0.87,0.55,"Ahlstrom, Robby",13.89,695239,TEX,53.33,14.29,Changeup,CH,20,1266.8,83.62,85.49,50
R,0,1,0,-0.31,0.07,"Ahlstrom, Robby",0.93,695239,TEX,0,0,Curveball,CU,0,2502,0,81.8,0
R,0.45,32,43.75,0.84,1.34,"Alexander, Tyler",30.77,641302,TEX,65.62,27.27,4-Seam Fastball,FF,0,2209.34,82.75,91.82,28.57
R,0.06,30,36.67,1.11,0.13,"Alexander, Tyler",28.85,641302,TEX,40,61.11,Changeup,CH,36.84,1496.43,80.41,84.8,66.67
R,0.25,29,41.38,-1.14,0.15,"Alexander, Tyler",27.88,641302,TEX,34.48,57.89,Sweeper,ST,50,2515.1,85.42,80.32,70
R,0.56,11,9.09,-0.11,0.85,"Alexander, Tyler",10.58,641302,TEX,36.36,14.29,Cutter,FC,20,2364.73,77.6,88.13,100
R,0,2,0,1.39,0.56,"Alexander, Tyler",1.92,641302,TEX,0,0,Sinker,SI,0,1990,0,91.7,0
R,0.37,66,28.79,0.3,1.38,"Bradford, Cody",45.52,674003,TEX,60.61,38.46,4-Seam Fastball,FF,13.16,2036.56,86.88,88.54,70
R,0.25,53,24.53,1.22,0.69,"Bradford, Cody",36.55,674003,TEX,43.4,33.33,Changeup,CH,8.7,1625.11,74.2,80.83,56.52
R,0.24,15,20,-0.49,0.18,"Bradford, Cody",10.34,674003,TEX,40,11.11,Slider,SL,0,2011.73,94.15,80.99,50
R,1.01,11,45.45,-0.55,-0.31,"Bradford, Cody",7.59,674003,TEX,36.36,0,Curveball,CU,0,1946.36,106.8,75.33,25
R,0.37,58,17.24,-1.17,1.23,"Curvelo, Luis",50,681168,TEX,44.83,31.25,4-Seam Fastball,FF,7.14,2349.38,94.44,96.28,69.23
R,0.8,30,6.67,0.12,0.54,"Curvelo, Luis",25.86,681168,TEX,66.67,0,Slider,SL,0,2173.47,77.57,86.22,70
R,0.26,20,30,-0.81,0.36,"Curvelo, Luis",17.24,681168,TEX,60,0,Split-Finger,FS,50,1191.8,76.45,84.02,66.67
R,0,8,0,0,0,"Curvelo, Luis",6.9,681168,TEX,0,0,Unknown,UNK,0,0,0,0,0
R,0.44,114,19.3,-1.11,0.12,"Eovaldi, Nathan",31.67,543135,TEX,38.6,34.29,Split-Finger,FS,20.69,1570.18,83.44,88.07,77.27
R,0.27,92,32.61,0.66,-0.7,"Eovaldi, Nathan",25.56,543135,TEX,26.09,41.18,Curveball,CU,45,1896.85,74.59,76.15,50
R,0.3,68,29.41,0.19,0.81,"Eovaldi, Nathan",18.89,543135,TEX,64.71,16.67,Cutter,FC,13.33,2227.74,83.4,88.98,59.09
R,0.57,60,30,-0.97,1.22,"Eovaldi, Nathan",16.67,543135,TEX,60,25,4-Seam Fastball,FF,14.29,2175.33,89.97,93.22,61.11
R,0.48,20,20,-1.35,0.87,"Eovaldi, Nathan",5.56,543135,TEX,70,66.67,Sinker,SI,12.5,2146,83.87,93.04,85.71
R,0,6,66.67,0.35,0.71,"Eovaldi, Nathan",1.67,543135,TEX,66.67,100,Slider,SL,50,2125,73.3,86.93,50
L,0.23,25,36,1.03,1.4,"Gonzales, Marco",35.21,594835,TEX,56,36.36,4-Seam Fastball,FF,18.18,2073.68,87.64,89.74,50
L,0.15,17,11.76,-0.91,-0.79,"Gonzales, Marco",23.94,594835,TEX,41.18,10,Slurve,SV,16.67,2254.94,67.44,81.29,71.43
L,0.38,12,8.33,1.5,0.75,"Gonzales, Marco",16.9,594835,TEX,66.67,25,Changeup,CH,0,2040.42,80.51,80.51,75
L,0.71,8,37.5,0.16,0.83,"Gonzales, Marco",11.27,594835,TEX,37.5,20,Cutter,FC,50,2115.75,101,86.74,33.33
L,0,3,66.67,0.01,-0.47,"Gonzales, Marco",4.23,594835,TEX,66.67,100,Curveball,CU,0,2115.33,96.6,80.23,0
L,0.36,3,0,1.28,1.03,"Gonzales, Marco",4.23,594835,TEX,66.67,0,Sinker,SI,0,2004.33,75.85,89.63,100
L,0,3,0,0,0,"Gonzales, Marco",4.23,594835,TEX,0,0,Unknown,UNK,0,0,0,0,0
R,0.34,201,24.88,0.52,1.37,"Gore, MacKenzie",50.76,669022,TEX,49.75,29.7,4-Seam Fastball,FF,21.36,2252.2,80.69,95.29,73
R,0.15,79,39.24,0.99,0.79,"Gore, MacKenzie",19.95,669022,TEX,25.32,54.24,Changeup,CH,52.17,1910.23,73.65,85.88,70
R,0.05,40,22.5,-0.41,0.27,"Gore, MacKenzie",10.1,669022,TEX,30,21.43,Slider,SL,40,2093.9,66.19,86.35,75
R,0.29,39,41.03,-0.23,-1.01,"Gore, MacKenzie",9.85,669022,TEX,53.85,33.33,Curveball,CU,20,2220.59,90.52,81.03,42.86
R,0.16,31,41.94,1.13,1.16,"Gore, MacKenzie",7.83,669022,TEX,74.19,12.5,Sinker,SI,21.43,2144.06,87.45,95.1,56.52
R,0.87,6,0,-0.12,0.46,"Gore, MacKenzie",1.52,669022,TEX,66.67,0,Cutter,FC,0,1980.67,82.1,89.32,75
R,0.28,52,38.46,-0.92,1.47,"Gray, Peyton",42.62,682608,TEX,59.62,9.52,4-Seam Fastball,FF,47.62,2330.29,85.11,93.34,61.29
R,0.13,40,25,-1.44,0.33,"Gray, Peyton",32.79,682608,TEX,57.5,35.29,Changeup,CH,24,1778.58,82.2,83.38,82.61
R,0.31,30,26.67,0.44,0.39,"Gray, Peyton",24.59,682608,TEX,46.67,31.25,Slider,SL,31.25,2599.3,78.88,86.11,78.57
R,0.52,26,23.08,-0.8,1.25,"Kingham, Nolan",59.09,663884,TEX,46.15,0,4-Seam Fastball,FF,0,2333.15,80.53,95.37,50
R,0.11,8,25,0.11,-0.41,"Kingham, Nolan",18.18,663884,TEX,25,33.33,Slider,SL,50,2232.5,74,84.1,100
R,0.2,6,33.33,-1.47,0.74,"Kingham, Nolan",13.64,663884,TEX,0,100,Sinker,SI,33.33,2334,71.45,94.37,0
R,0,4,0,-1.14,0.16,"Kingham, Nolan",9.09,663884,TEX,0,0,Changeup,CH,0,1267.5,0,87.75,0
R,0.35,62,16.13,0.74,1.58,"Latz, Jacob",45.59,656641,TEX,61.29,20.83,4-Seam Fastball,FF,10.81,2368.42,81.39,94.37,84.21
R,0.12,36,25,1.26,0.94,"Latz, Jacob",26.47,656641,TEX,38.89,68.18,Changeup,CH,31.03,2130.86,80.15,86.01,100
R,0.45,34,38.24,-0.53,0.22,"Latz, Jacob",25,656641,TEX,32.35,43.48,Slider,SL,71.43,2564.62,83.5,85.95,36.36
R,0,4,0,-0.22,-1.06,"Latz, Jacob",2.94,656641,TEX,0,0,Curveball,CU,0,2761.5,0,80.65,0
R,0.34,38,26.32,-0.32,1.54,"Lopez, Nicky",79.17,670032,TEX,42.11,36.36,Other,FA,0,1534.95,69.1,62.76,50
R,0.34,10,0,0.11,0.54,"Lopez, Nicky",20.83,670032,TEX,40,0,Eephus,EP,0,611.8,94.7,54.34,100
R,0.66,27,25.93,1.22,0.75,"Montgomery, Jordan",34.18,656756,TEX,51.85,38.46,Sinker,SI,7.14,2139.56,83.94,89.52,64.29
R,0.5,19,26.32,-0.47,-0.5,"Montgomery, Jordan",24.05,656756,TEX,47.37,10,Curveball,CU,14.29,2296.53,80.03,78.62,66.67
R,0.4,13,23.08,0.7,0.94,"Montgomery, Jordan",16.46,656756,TEX,38.46,37.5,Changeup,CH,33.33,1532.08,85.85,81.85,60
R,0.46,11,18.18,0.16,1.15,"Montgomery, Jordan",13.92,656756,TEX,45.45,16.67,4-Seam Fastball,FF,0,2278.73,82.76,90.44,80
R,0.16,9,22.22,-0.44,0.23,"Montgomery, Jordan",11.39,656756,TEX,33.33,16.67,Slider,SL,0,2365.33,85.6,83.99,33.33
R,0.27,66,21.21,-0.01,1.39,"Peoples, Ben",64.08,687239,TEX,50,39.39,4-Seam Fastball,FF,16.22,2315.71,78.51,96.12,72.73
R,0.29,33,12.12,0.32,0.01,"Peoples, Ben",32.04,687239,TEX,27.27,16.67,Slider,SL,18.18,2493.79,78.23,88,77.78
R,0,4,25,-0.82,0.41,"Peoples, Ben",3.88,687239,TEX,0,50,Changeup,CH,50,1271.5,68,87.68,0
R,0.14,46,26.09,-0.77,1.32,"Quantrill, Cal",25,615698,TEX,56.52,30,4-Seam Fastball,FF,0,2100.72,81.47,93.28,53.85
R,0.3,46,30.43,0.2,0.67,"Quantrill, Cal",25,615698,TEX,71.74,0,Cutter,FC,9.52,2218.37,86.25,89.06,63.64
R,0.47,44,6.82,-0.69,0.05,"Quantrill, Cal",23.91,615698,TEX,31.82,33.33,Split-Finger,FS,13.64,970.02,84.26,83.34,85.71
R,0.22,38,15.79,-1.25,0.92,"Quantrill, Cal",20.65,615698,TEX,57.89,25,Sinker,SI,0,2025.63,82.54,93.46,90.91
R,0.68,10,20,0.24,-0.74,"Quantrill, Cal",5.43,615698,TEX,40,0,Curveball,CU,0,2386.8,92.4,79.02,50
R,0.41,71,28.17,0.06,-0.43,"Rocker, Kumar",45.22,677958,TEX,43.66,37.5,Slider,SL,30.56,2202.34,80.47,82.88,67.74
R,0.2,32,37.5,-1.35,0.71,"Rocker, Kumar",20.38,677958,TEX,53.12,40,Sinker,SI,21.43,2144.88,85.18,94.39,47.06
R,0.57,26,38.46,0.06,0.63,"Rocker, Kumar",16.56,677958,TEX,57.69,36.36,Cutter,FC,41.67,2109.38,83.17,90.18,53.33
R,0.27,25,28,-0.99,1.03,"Rocker, Kumar",15.92,677958,TEX,44,21.43,4-Seam Fastball,FF,30,2186.84,81.82,94.88,63.64
R,0,3,0,-1.08,0.25,"Rocker, Kumar",1.91,677958,TEX,0,0,Split-Finger,FS,0,1387,0,88.43,0
R,0.38,72,41.67,-0.53,1.34,"Silseth, Chase",52.17,681217,TEX,58.33,20,4-Seam Fastball,FF,45.95,2384.35,78.38,96,73.81
R,0.23,34,26.47,1,-0.04,"Silseth, Chase",24.64,681217,TEX,32.35,26.09,Sweeper,ST,10,2860.74,80.48,85.41,36.36
R,0,16,0,0,0,"Silseth, Chase",11.59,681217,TEX,0,0,Unknown,UNK,0,0,0,0,0
R,0.1,9,11.11,-0.78,0.26,"Silseth, Chase",6.52,681217,TEX,33.33,33.33,Split-Finger,FS,20,997.33,87.85,89.39,100
R,1.09,7,0,-1.32,0.84,"Silseth, Chase",5.07,681217,TEX,71.43,0,Sinker,SI,0,2345.43,105.92,96.51,100
R,0.4,35,28.57,0.06,0.68,"Winn, Cole",33.98,668390,TEX,42.86,25,Cutter,FC,33.33,2595,79.67,91.65,66.67
R,0.52,31,25.81,-0.49,1.43,"Winn, Cole",30.1,668390,TEX,58.06,38.46,4-Seam Fastball,FF,17.65,2419.9,89.18,95.8,66.67
R,0.18,24,29.17,0.17,-0.4,"Winn, Cole",23.3,668390,TEX,25,38.89,Slider,SL,50,2694.33,87.7,86.22,83.33
R,0.24,13,23.08,-1.19,0.09,"Winn, Cole",12.62,668390,TEX,38.46,37.5,Split-Finger,FS,16.67,1747.38,82.05,87.85,60
R,0.15,118,25.42,0.34,0.38,"deGrom, Jacob",42.45,594798,TEX,22.88,32.97,Slider,SL,46.15,2616.32,79.37,92.06,81.48
R,0.54,109,27.52,-0.74,1.41,"deGrom, Jacob",39.21,594798,TEX,57.8,32.61,4-Seam Fastball,FF,10.71,2500.02,83.25,98.05,65.08
R,0,17,17.65,0.95,-0.29,"deGrom, Jacob",6.12,594798,TEX,41.18,30,Curveball,CU,0,2705.82,77.42,80.48,28.57
R,0,14,14.29,-1.26,0.92,"deGrom, Jacob",5.04,594798,TEX,42.86,50,Sinker,SI,0,2333.71,70.35,97.96,66.67
R,0.84,12,8.33,-1.12,0.32,"deGrom, Jacob",4.32,594798,TEX,16.67,0,Changeup,CH,0,1565,107.7,89.97,100
R,0,8,0,0,0,"deGrom, Jacob",2.88,594798,TEX,0,0,Unknown,UNK,0,0,0,0,0
R,0.85,73,20.55,-0.94,1.45,"Bieber, Shane",26.94,669456,TOR,34.25,8.33,4-Seam Fastball,FF,0,2381.53,89.01,92.63,48
R,0.37,59,32.2,0.52,-1.01,"Bieber, Shane",21.77,669456,TOR,38.98,44.44,Knuckle Curve,KC,28.12,2512.03,93.03,82.5,69.57
R,0.2,42,30.95,0.06,-0.17,"Bieber, Shane",15.5,669456,TOR,21.43,36.36,Slider,SL,41.18,2620.76,86.2,85.16,55.56
R,0.3,36,13.89,-0.88,0.08,"Bieber, Shane",13.28,669456,TOR,36.11,26.09,Changeup,CH,5.88,1140.31,92.93,88.6,84.62
R,0.38,35,22.86,0.08,0.66,"Bieber, Shane",12.92,669456,TOR,45.71,47.37,Cutter,FC,26.09,2586.71,78.55,87.45,87.5
R,0.32,26,7.69,-1.31,1.01,"Bieber, Shane",9.59,669456,TOR,38.46,50,Sinker,SI,0,2343.69,74.83,92.22,80
R,0.28,208,24.04,-0.19,1.49,"Cease, Dylan",41.27,656302,TOR,49.04,24.53,4-Seam Fastball,FF,21.78,2439.16,82.38,95.97,73.53
R,0.15,154,35.71,0.13,0.28,"Cease, Dylan",30.56,656302,TOR,38.96,40.43,Slider,SL,39.19,2720.08,82.44,87.97,60
R,0.18,48,33.33,-0.53,1.37,"Cease, Dylan",9.52,656302,TOR,43.75,7.41,Changeup,CH,53.33,1689.48,92.17,78.63,61.9
R,0.31,40,27.5,0.2,-1.08,"Cease, Dylan",7.94,656302,TOR,42.5,8.7,Knuckle Curve,KC,16.67,2618.98,87.88,80.5,58.82
R,0.34,30,30,-0.89,1.08,"Cease, Dylan",5.95,656302,TOR,36.67,57.89,Sinker,SI,23.53,2393.83,81.52,94.6,54.55
R,0.5,24,37.5,0.99,-0.76,"Cease, Dylan",4.76,656302,TOR,33.33,25,Sweeper,ST,28.57,2836.67,81.72,81.84,37.5
R,0.42,58,17.24,0.27,1.12,"Dallas, Chad",39.19,689149,TOR,44.83,31.25,Cutter,FC,0,2421.38,79.83,93.11,61.54
R,0.73,42,4.76,0.53,-1.16,"Dallas, Chad",28.38,689149,TOR,19.05,35.29,Curveball,CU,10,2697.95,89.23,84.19,100
R,0.12,42,23.81,1.3,-0.07,"Dallas, Chad",28.38,689149,TOR,28.57,80,Sweeper,ST,23.53,2661.57,83.28,83.74,83.33
R,0,6,33.33,-0.71,1.04,"Dallas, Chad",4.05,689149,TOR,0,0,Sinker,SI,0,2347.67,0,94.3,0
R,0.53,27,14.81,-0.67,1.6,"Estrada, Lazaro",33.33,681751,TOR,37.04,17.65,4-Seam Fastball,FF,12.5,2305.22,81.98,93.56,50
R,0.04,26,34.62,0.82,-1.04,"Estrada, Lazaro",32.1,681751,TOR,69.23,25,Curveball,CU,0,2682.12,77.72,76.73,50
R,0.12,19,10.53,0.35,0.57,"Estrada, Lazaro",23.46,681751,TOR,42.11,0,Slider,SL,14.29,2349.47,86.55,86.04,87.5
R,0,4,0,0,0,"Estrada, Lazaro",4.94,681751,TOR,0,0,Unknown,UNK,0,0,0,0,0
R,0,3,0,-0.5,0.72,"Estrada, Lazaro",3.7,681751,TOR,0,0,Split-Finger,FS,0,940.67,0,84.17,0
R,0.38,2,0,0.36,0.07,"Estrada, Lazaro",2.47,681751,TOR,50,100,Cutter,FC,0,2250,66.6,83.45,100
R,0.24,101,18.81,0.04,0.32,"Fisher, Braydon",49.03,680755,TOR,49.5,35.29,Slider,SL,19.3,2325.34,68.77,87.43,78
R,0.22,57,26.32,0.35,-1.03,"Fisher, Braydon",27.67,680755,TOR,40.35,17.65,Curveball,CU,12.5,2463.05,90.37,81.16,43.48
R,0.54,32,21.88,-0.41,1.43,"Fisher, Braydon",15.53,680755,TOR,31.25,13.64,4-Seam Fastball,FF,11.11,2202.59,87.62,94.89,60
R,0,16,0,0,0,"Fisher, Braydon",7.77,680755,TOR,0,0,Unknown,UNK,0,0,0,0,0
R,0.22,40,25,-0.08,1.04,"Fluharty, Mason",52.63,689254,TOR,57.5,35.29,Cutter,FC,17.39,2658.48,81.04,91.49,73.91
R,0.25,28,25,-1.24,0.19,"Fluharty, Mason",36.84,689254,TOR,42.86,31.25,Sweeper,ST,25,2653.18,80.9,81.97,58.33
R,0.01,8,0,1.09,0.08,"Fluharty, Mason",10.53,689254,TOR,37.5,0,Changeup,CH,0,1881.62,67.53,88.62,100
R,0.26,25,52,1.34,0.6,"Lee, Chase",43.1,695445,TOR,24,57.89,Sweeper,ST,52.94,2988.84,75.25,81.33,100
R,0.7,15,40,-0.79,-0.2,"Lee, Chase",25.86,695445,TOR,40,11.11,Sinker,SI,0,2345.4,75.4,90.21,0
R,0,8,0,0,0,"Lee, Chase",13.79,695445,TOR,0,0,Unknown,UNK,0,0,0,0,0
R,0.59,7,28.57,-1.16,-0.33,"Lee, Chase",12.07,695445,TOR,71.43,0,Changeup,CH,0,1623.86,99.68,85.34,80
R,0.03,3,0,-0.47,0.61,"Lee, Chase",5.17,695445,TOR,33.33,0,4-Seam Fastball,FF,0,2447.67,98.1,90.07,100
R,0.19,59,35.59,-0.28,-0.99,"Little, Brendon",33.91,663893,TOR,18.64,50,Knuckle Curve,KC,50,2093.51,82.64,87.03,36.36
R,0.27,58,29.31,-0.11,0.08,"Little, Brendon",33.33,663893,TOR,22.41,35.56,Slider,SL,50,2417.4,74.89,90.01,61.54
R,0.55,31,12.9,1.37,0.05,"Little, Brendon",17.82,663893,TOR,22.58,20.83,Sinker,SI,11.11,2037.19,99.15,95.64,57.14
R,0.59,18,27.78,0.6,1.14,"Little, Brendon",10.34,663893,TOR,38.89,27.27,4-Seam Fastball,FF,14.29,2116,76.23,96.78,57.14
R,0,8,0,0,0,"Little, Brendon",4.6,663893,TOR,0,0,Unknown,UNK,0,0,0,0,0
R,0.2,70,24.29,-1.35,0.62,"Miles, Spencer",53.44,693686,TOR,72.86,42.11,Sinker,SI,4.88,2337.7,78.87,97.31,64.71
R,0.25,30,40,1.04,-0.84,"Miles, Spencer",22.9,693686,TOR,36.67,36.84,Curveball,CU,41.67,2832.53,84.31,81.42,45.45
R,0.32,24,12.5,0.36,-0.15,"Miles, Spencer",18.32,693686,TOR,16.67,30,Slider,SL,11.11,2646.46,73.59,88.08,75
R,0,4,0,0,0,"Miles, Spencer",3.05,693686,TOR,0,0,Unknown,UNK,0,0,0,0,0
R,0.31,3,0,-0.6,1.24,"Miles, Spencer",2.29,693686,TOR,66.67,0,4-Seam Fastball,FF,0,2277.67,89.35,96.43,100
R,0.31,128,15.62,-0.16,-1,"Rogers, Tyler",71.91,643511,TOR,52.34,24.59,Sinker,SI,6.15,1986.17,79.76,83.11,74.63
R,0.21,46,19.57,1,1.11,"Rogers, Tyler",25.84,643511,TOR,43.48,11.54,Slider,SL,6.67,2424.43,71.11,73.11,60
R,0,4,0,0,0,"Rogers, Tyler",2.25,643511,TOR,0,0,Unknown,UNK,0,0,0,0,0
R,0.28,77,23.38,-0.74,1.37,"Scherzer, Max",45.83,453286,TOR,48.05,35,4-Seam Fastball,FF,13.16,2354.65,85.75,93.7,64.86
R,0.31,49,30.61,0.33,0.33,"Scherzer, Max",29.17,453286,TOR,53.06,52.17,Slider,SL,25.81,2456.02,82.01,86.17,73.08
R,0.42,24,29.17,1.09,-0.66,"Scherzer, Max",14.29,453286,TOR,33.33,43.75,Curveball,CU,20,2722.12,62.65,74.67,37.5
R,0.24,18,16.67,-1.25,0.44,"Scherzer, Max",10.71,453286,TOR,61.11,14.29,Changeup,CH,10,1392.5,76.92,84.47,81.82
R,0.17,72,47.22,1.01,-0.59,"Soriano, José",38.3,667755,TOR,27.78,61.54,Knuckle Curve,KC,52.38,2365.86,68.96,86.31,50
R,0.47,58,20.69,-1.26,0.5,"Soriano, José",30.85,667755,TOR,55.17,38.46,Sinker,SI,16.67,1932.79,85.2,96.08,81.25
R,0.4,32,12.5,-1.22,0.3,"Soriano, José",17.02,667755,TOR,18.75,15.38,Split-Finger,FS,25,1721,85.05,92.65,66.67
R,0.05,22,18.18,-0.75,1.23,"Soriano, José",11.7,667755,TOR,45.45,50,4-Seam Fastball,FF,14.29,2197,80.76,96.98,80
R,0.4,4,0,0.05,0.32,"Soriano, José",2.13,667755,TOR,50,0,Slider,SL,0,2379.5,96.6,90.6,100
R,0.38,35,28.57,-0.46,1.52,"Taillon, Jameson",24.82,592791,TOR,40,23.81,4-Seam Fastball,FF,20,2335.29,84.07,92.28,71.43
R,0.51,29,17.24,0.41,0.69,"Taillon, Jameson",20.57,592791,TOR,31.03,20,Cutter,FC,27.27,2524.69,79.73,87.77,77.78
R,0.11,20,40,1.27,-0.2,"Taillon, Jameson",14.18,592791,TOR,55,44.44,Sweeper,ST,41.67,2763.75,76.31,80.39,72.73
R,0.33,17,29.41,-1.12,1.17,"Taillon, Jameson",12.06,592791,TOR,58.82,28.57,Sinker,SI,25,2254.88,86.6,91.72,60
R,0.21,14,14.29,-1.28,0.22,"Taillon, Jameson",9.93,592791,TOR,21.43,9.09,Changeup,CH,50,1769.64,102.35,85.06,100
R,0.4,13,46.15,0.8,-1,"Taillon, Jameson",9.22,592791,TOR,30.77,44.44,Curveball,CU,66.67,2592.77,83.95,79.08,50
R,0.39,13,15.38,0.41,-0.15,"Taillon, Jameson",9.22,592791,TOR,61.54,40,Slider,SL,11.11,2447.38,90.58,82.95,87.5
R,0.42,66,24.24,-0.6,1.35,"Varland, Louis",35.29,686973,TOR,54.55,33.33,4-Seam Fastball,FF,14.29,2309.52,80.66,99.11,69.44
R,0.39,63,20.63,0.49,-0.48,"Varland, Louis",33.69,686973,TOR,42.86,41.67,Knuckle Curve,KC,23.68,2621.6,84.46,87.88,85.19
R,0.12,40,32.5,-0.97,0.11,"Varland, Louis",21.39,686973,TOR,32.5,51.85,Changeup,CH,36.36,1665.75,85.63,93.59,61.54
R,0.01,13,15.38,0.45,0.41,"Varland, Louis",6.95,686973,TOR,69.23,50,Slider,SL,10,2590.23,78.02,93.01,88.89
R,0.8,5,40,-1.35,1.01,"Varland, Louis",2.67,686973,TOR,60,0,Sinker,SI,0,2142,103.6,97.5,33.33
R,0.26,15,20,-0.34,-0.28,"Waldron, Matt",33.33,663362,TOR,40,33.33,Knuckleball,KN,25,283.67,80.33,79.11,83.33
R,0,14,35.71,0.19,0.54,"Waldron, Matt",31.11,663362,TOR,50,0,Cutter,FC,0,2142.86,87.7,88.34,28.57
R,0.02,6,33.33,1.11,0.36,"Waldron, Matt",13.33,663362,TOR,66.67,0,Sweeper,ST,0,2280.33,81.25,80.93,50
R,0.36,5,0,-0.82,1.05,"Waldron, Matt",11.11,663362,TOR,40,0,4-Seam Fastball,FF,0,1998.4,88.7,92.08,100
R,0.09,5,40,-1.33,0.78,"Waldron, Matt",11.11,663362,TOR,40,66.67,Sinker,SI,50,2044,93.6,92.56,100
R,0.31,16,37.5,-0.3,1.64,"Woods Richardson, Simeon",35.56,680573,TOR,62.5,16.67,4-Seam Fastball,FF,14.29,2232.06,87.18,91.75,60
R,0.11,11,45.45,0.41,-1.21,"Woods Richardson, Simeon",24.44,680573,TOR,45.45,33.33,Curveball,CU,33.33,2588.45,86.6,76.45,20
R,0.04,11,0,-1.06,0.54,"Woods Richardson, Simeon",24.44,680573,TOR,9.09,10,Split-Finger,FS,0,1145.18,74.5,87.51,100
R,0.72,7,0,0.22,0.24,"Woods Richardson, Simeon",15.56,680573,TOR,14.29,66.67,Slider,SL,0,2352.43,75.18,84.21,100
R,0.46,70,27.14,-0.37,1.57,"Yesavage, Trey",46.36,702056,TOR,51.43,17.65,4-Seam Fastball,FF,12,2244.87,84.97,93.45,52.78
R,0.12,46,28.26,-0.29,0.42,"Yesavage, Trey",30.46,702056,TOR,45.65,28,Slider,SL,28.57,2228.65,76.58,86.23,66.67
R,0.23,35,22.86,-0.92,0.66,"Yesavage, Trey",23.18,702056,TOR,34.29,34.78,Split-Finger,FS,29.41,1422.94,77.15,82.76,75
R,0.28,83,30.12,-0.89,-1.1,"Alvarez, Andrew",35.32,674841,WSN,36.14,43.4,Curveball,CU,42.22,2770.71,84.36,82.21,73.33
R,0.37,67,26.87,0.29,1.2,"Alvarez, Andrew",28.51,674841,WSN,55.22,13.33,4-Seam Fastball,FF,4.17,2318.54,83.35,92.11,54.05
R,0.18,40,32.5,-0.18,-0.09,"Alvarez, Andrew",17.02,674841,WSN,32.5,29.63,Slider,SL,50,2683.88,86.06,84.58,61.54
R,0.4,35,14.29,1.12,0.52,"Alvarez, Andrew",14.89,674841,WSN,65.71,16.67,Sinker,SI,0,2308.54,86.34,91.58,78.26
R,0.21,10,40,1.26,0.52,"Alvarez, Andrew",4.26,674841,WSN,70,33.33,Changeup,CH,20,1833.6,80.05,85.47,57.14
R,0.24,42,21.43,0.33,-0.48,"Beeter, Clayton",62.69,690925,WSN,35.71,29.63,Slider,SL,30,2844.19,82.85,85.72,80
R,1.13,25,16,-0.42,1.48,"Beeter, Clayton",37.31,690925,WSN,56,9.09,4-Seam Fastball,FF,0,2426.08,86.77,95.56,71.43
R,0,8,50,1.34,0.2,"Bird, Jake",66.67,656234,WSN,37.5,20,Sweeper,ST,100,2591.12,0,82.55,0
R,0,4,25,-1.22,0.44,"Bird, Jake",33.33,656234,WSN,100,0,Sinker,SI,25,2260.5,83.7,95.48,100
R,0.17,82,37.8,0.47,-0.94,"Cavalli, Cade",28.18,676917,WSN,32.93,43.64,Knuckle Curve,KC,44.44,2307.78,79.46,87.05,44.44
R,0.54,74,21.62,-0.6,1.2,"Cavalli, Cade",25.43,676917,WSN,55.41,18.18,4-Seam Fastball,FF,13.89,2323.58,89.36,97.32,73.17
R,0.12,54,50,1.2,-0.69,"Cavalli, Cade",18.56,676917,WSN,33.33,61.11,Sweeper,ST,43.33,2373.72,77.83,86.93,44.44
R,0.57,36,22.22,0.09,0.75,"Cavalli, Cade",12.37,676917,WSN,41.67,19.05,Cutter,FC,20,2334.5,87.15,93.71,73.33
R,0.36,25,24,-1.48,0.44,"Cavalli, Cade",8.59,676917,WSN,16,33.33,Changeup,CH,44.44,2088.2,81.46,89.52,50
R,0.28,19,26.32,-1.2,0.53,"Cavalli, Cade",6.53,676917,WSN,36.84,58.33,Sinker,SI,30.77,2164.89,90.24,95.88,85.71
R,0,1,0,0,0,"Cavalli, Cade",0.34,676917,WSN,0,0,Unknown,UNK,0,0,0,0,0
R,0.03,44,22.73,0.1,0.12,"Cornelio, Riley",60.27,683000,WSN,43.18,36,Slider,SL,22.73,2357.55,71.12,84.48,68.42
R,0.56,22,0,-0.76,1.54,"Cornelio, Riley",30.14,683000,WSN,45.45,16.67,4-Seam Fastball,FF,0,2414.23,83.08,97.06,100
R,0.7,7,0,0.02,0.85,"Cornelio, Riley",9.59,683000,WSN,42.86,0,Cutter,FC,0,2222.57,88.7,90.3,100
R,0.45,38,18.42,-1.6,0.22,"Cosgrove, Tom",55.07,676680,WSN,50,21.05,Sweeper,ST,11.11,2786.89,78.86,73.04,73.68
R,0.1,25,28,0.49,0.81,"Cosgrove, Tom",36.23,676680,WSN,48,30.77,4-Seam Fastball,FF,25,2524.08,76.02,88.18,66.67
R,0.27,6,33.33,1.09,0.41,"Cosgrove, Tom",8.7,676680,WSN,66.67,50,Sinker,SI,0,2630.83,96.63,88.43,50
R,0.32,56,28.57,0.09,0.16,"Cruz, Yovanny",58.95,672442,WSN,48.21,44.83,Slider,SL,24.14,2412.98,81.27,91.57,59.26
R,0.59,34,29.41,-1.01,1.03,"Cruz, Yovanny",35.79,672442,WSN,44.12,15.79,4-Seam Fastball,FF,0,2160.72,89.05,100.17,20
R,0,5,40,-0.57,0.35,"Cruz, Yovanny",5.26,672442,WSN,20,50,Split-Finger,FS,100,1782,0,91.52,0
R,0.22,36,25,0.01,1.6,"Dion, Will",42.35,702021,WSN,58.33,40,4-Seam Fastball,FF,28,2313.03,83.11,91.39,90.48
R,0.46,31,16.13,0.69,0.97,"Dion, Will",36.47,702021,WSN,38.71,57.89,Changeup,CH,9.52,1508.71,70.07,77.91,83.33
R,0,18,44.44,0.21,-0.61,"Dion, Will",21.18,702021,WSN,50,0,Curveball,CU,0,2471.72,86.73,81.26,33.33
R,0.49,71,19.72,-0.81,1.19,"Irvin, Jake",30.6,663623,WSN,54.93,21.88,4-Seam Fastball,FF,13.16,2311.31,83.79,93.56,79.49
R,0.29,42,23.81,1.19,0.02,"Irvin, Jake",18.1,663623,WSN,45.24,43.48,Curveball,CU,25,2547.14,84.41,78.01,73.68
R,0.25,36,13.89,0,0.95,"Irvin, Jake",15.52,663623,WSN,38.89,18.18,Cutter,FC,0,2353.72,80.21,90.55,71.43
R,0.41,32,25,0.58,0.4,"Irvin, Jake",13.79,663623,WSN,37.5,20,Sweeper,ST,11.11,2543.94,65.46,83.5,41.67
R,0.45,30,30,-1.27,0.67,"Irvin, Jake",12.93,663623,WSN,73.33,12.5,Sinker,SI,16.67,2241.2,82.75,92.71,77.27
R,0.15,21,23.81,-1.31,0.42,"Irvin, Jake",9.05,663623,WSN,52.38,20,Changeup,CH,33.33,2123.86,81.32,85.73,90.91
R,0.6,53,13.21,-0.39,1.26,"Kranick, Max",41.41,668820,WSN,39.62,18.75,4-Seam Fastball,FF,0,2064.23,78.59,94.71,71.43
R,0.24,43,13.95,0.16,0.58,"Kranick, Max",33.59,668820,WSN,60.47,17.65,Slider,SL,11.54,1960.88,82.08,88.75,88.46
R,0.39,32,31.25,0.52,-0.45,"Kranick, Max",25,668820,WSN,37.5,35,Curveball,CU,30.77,2146.22,84.92,80.53,50
R,0.57,20,20,0.12,-0.06,"Lord, Brad",32.79,695418,WSN,35,53.85,Slider,SL,23.08,2557.45,81.87,85.92,85.71
R,0.05,19,15.79,-1.37,0.83,"Lord, Brad",31.15,695418,WSN,68.42,50,4-Seam Fastball,FF,14.29,2510.63,79.85,94.62,84.62
R,0.34,13,7.69,-1.56,0.32,"Lord, Brad",21.31,695418,WSN,61.54,20,Sinker,SI,12.5,2375.46,80.38,94.48,87.5
R,0.36,7,28.57,0.86,0.15,"Lord, Brad",11.48,695418,WSN,57.14,0,Sweeper,ST,0,2706.43,90.35,84.03,50
R,0.24,2,50,-1.54,0.18,"Lord, Brad",3.28,695418,WSN,50,100,Changeup,CH,0,2165.5,54.2,86.8,0
R,0.59,112,14.29,0.18,0.6,"Mikolas, Miles",27.12,571945,WSN,41.07,21.21,Slider,SL,12.5,2175.56,84.55,86.85,73.91
R,0.45,84,25,-1.21,0.83,"Mikolas, Miles",20.34,571945,WSN,65.48,41.38,Sinker,SI,6.12,2107.95,87.58,91.48,67.27
R,0.23,77,31.17,0.32,-0.95,"Mikolas, Miles",18.64,571945,WSN,54.55,31.43,Curveball,CU,18.92,2410.97,82.18,76.67,61.9
R,0.42,72,27.78,-0.65,1.31,"Mikolas, Miles",17.43,571945,WSN,61.11,28.57,4-Seam Fastball,FF,15.79,2226.96,91.04,92.06,68.18
R,0.29,53,11.32,-1.23,0.35,"Mikolas, Miles",12.83,571945,WSN,43.4,20,Changeup,CH,8,1695.21,83.59,83.44,82.61
R,0,13,15.38,0.8,-0.28,"Mikolas, Miles",3.15,571945,WSN,0,15.38,Sweeper,ST,100,2388.69,0,79.99,0
R,0,2,0,0.09,-0.58,"Mikolas, Miles",0.48,571945,WSN,0,0,Slow Curve,CS,0,1898,0,64.6,0
L,0.39,28,10.71,-1,0.22,"Palmquist, Carson",45.16,687223,WSN,25,33.33,Sweeper,ST,15.38,2007.43,67.13,74.11,85.71
L,0.53,20,15,1.44,0.39,"Palmquist, Carson",32.26,687223,WSN,55,33.33,Sinker,SI,0,2200.3,86.35,90.27,72.73
L,0,11,0,0.9,1,"Palmquist, Carson",17.74,687223,WSN,27.27,0,4-Seam Fastball,FF,0,2109.45,77.83,90.63,100
L,0,3,100,-0.25,0.28,"Palmquist, Carson",4.84,687223,WSN,100,0,Cutter,FC,100,1945,0,80.37,33.33
R,0.3,33,39.39,0.16,0.28,"Ribalta, Orlando",39.29,687377,WSN,48.48,29.41,Slider,SL,30.77,2084.15,78.41,86.57,50
R,0.29,23,30.43,-0.83,1.4,"Ribalta, Orlando",27.38,687377,WSN,60.87,11.11,4-Seam Fastball,FF,18.18,2576.96,87.46,97.25,71.43
R,0.48,15,0,-1.19,1.06,"Ribalta, Orlando",17.86,687377,WSN,46.67,50,Sinker,SI,0,2470.73,81.37,97.44,100
R,0.16,13,23.08,-0.93,1.13,"Ribalta, Orlando",15.48,687377,WSN,15.38,27.27,Changeup,CH,60,2021.38,72.75,86.75,100
R,0.57,20,15,0.07,0.84,"Schultz, Paxton",62.5,687606,WSN,35,38.46,Cutter,FC,9.09,2312.6,74.47,90.24,85.71
R,0.26,8,12.5,-0.74,1.36,"Schultz, Paxton",25,687606,WSN,25,66.67,4-Seam Fastball,FF,16.67,2350.25,85.26,94.01,100
R,0.92,3,0,0.43,0.24,"Schultz, Paxton",9.38,687606,WSN,33.33,0,Slider,SL,0,2271.33,108.6,85.57,100
R,0,1,0,-0.58,0.47,"Schultz, Paxton",3.12,687606,WSN,0,0,Changeup,CH,0,1242,0,84.9,0
R,0.22,104,29.81,-0.33,0.9,"Williams, Trevor",41.77,592866,WSN,52.88,34.69,4-Seam Fastball,FF,21.43,2233.1,78.19,90.18,70.91
R,0.08,68,38.24,0.76,0.58,"Williams, Trevor",27.31,592866,WSN,42.65,56.41,Sweeper,ST,46.81,2273.72,76.99,78.46,86.21
R,0.42,40,17.5,-1.18,0.32,"Williams, Trevor",16.06,592866,WSN,20,37.5,Sinker,SI,0,1979.18,95.08,88.82,37.5
R,0.36,24,8.33,-0.98,0.13,"Williams, Trevor",9.64,592866,WSN,16.67,50,Changeup,CH,0,1480.88,83.96,82.06,50
R,0,13,7.69,0.46,0.21,"Williams, Trevor",5.22,592866,WSN,23.08,0,Slider,SL,0,2178.38,62.6,82.82,66.67
R,0.26,47,42.55,-1,0.56,"Yean, Eddy",58.02,678868,WSN,48.94,16.67,Sinker,SI,42.11,2341.98,86.46,95.86,65.22
R,0.16,30,13.33,-1.19,0.17,"Yean, Eddy",37.04,678868,WSN,43.33,47.06,Changeup,CH,10.53,2089.1,85.16,89.06,84.62
R,0,3,0,-0.07,0.43,"Yean, Eddy",3.7,678868,WSN,0,0,Slider,SL,0,2455.67,0,87.53,0
R,0,1,0,-0.57,0.91,"Yean, Eddy",1.23,678868,WSN,0,0,4-Seam Fastball,FF,0,2196,0,94.5,0
