hand,xwoba,pitches,csw_rate,avg_pfx_x,avg_pfx_z,full_name,pitch_pct,player_id,team_abbr,zone_rate,chase_rate,pitch_name,pitch_type,whiff_rate,batting_avg,avg_spin_rate,avg_launch_speed,avg_release_speed,in_zone_swing_rate
R,0.21,61,29.51,-0.64,1.22,Adrian Del Castillo,52.59,680728,ARI,50.82,23.33,4-Seam Fastball,FF,36.36,0.12,2228.92,76.41,95.55,83.87
R,0.07,13,23.08,-1.13,0.39,Adrian Del Castillo,11.21,680728,ARI,38.46,12.5,Changeup,CH,25,0,1630,83.33,88.78,60
R,0,11,27.27,1.15,-0.68,Adrian Del Castillo,9.48,680728,ARI,45.45,0,Curveball,CU,0,0,2396.82,65.9,80.2,40
R,0.66,11,0,0.27,0.17,Adrian Del Castillo,9.48,680728,ARI,63.64,0,Slider,SL,0,1,2318.55,89.44,87.92,100
R,0,10,100,-0.96,-0.15,Adrian Del Castillo,8.62,680728,ARI,40,100,Split-Finger,FS,100,0,1150,0,82.94,0
R,0,4,0,0.38,-1.28,Adrian Del Castillo,3.45,680728,ARI,0,0,Knuckle Curve,KC,0,0,2795.5,0,78.05,0
R,0.93,3,33.33,0.11,0.64,Adrian Del Castillo,2.59,680728,ARI,66.67,0,Cutter,FC,0,1,2276.33,102.8,87.93,50
R,0,2,0,1.5,0.3,Adrian Del Castillo,1.72,680728,ARI,100,0,Sinker,SI,0,0,2176,39.6,89.8,100
R,0.25,1,0,-1.6,-0.11,Adrian Del Castillo,0.86,680728,ARI,0,100,Sweeper,ST,0,1,2555,73.4,77.9,0
R,0.35,123,22.76,-0.27,1.21,Corbin Carroll,30.75,682998,ARI,48.78,9.52,4-Seam Fastball,FF,17.02,0.29,2298.05,90.13,95.31,68.33
R,0.45,59,40.68,0.25,0.67,Corbin Carroll,14.75,682998,ARI,61.02,13.04,Sinker,SI,25,0,2133.66,82.61,92.96,47.22
R,0.49,46,23.91,0.01,0.29,Corbin Carroll,11.5,682998,ARI,52.17,18.18,Slider,SL,19.05,0.43,2310.48,88.75,87.07,70.83
R,0.34,43,11.63,-0.22,-0.02,Corbin Carroll,10.75,682998,ARI,37.21,29.63,Sweeper,ST,19.05,0.44,2643.88,84.91,81.14,81.25
R,0.36,41,34.15,-0.99,0.17,Corbin Carroll,10.25,682998,ARI,24.39,45.16,Changeup,CH,50,0.22,1483.44,84.5,88.07,60
R,0.49,40,25,-0.59,0.13,Corbin Carroll,10,682998,ARI,50,60,Split-Finger,FS,21.43,0.25,1195.4,82.81,85.36,80
R,0.32,23,8.7,0.22,-0.86,Corbin Carroll,5.75,682998,ARI,26.09,23.53,Curveball,CU,0,0,2483.87,93.71,79.24,66.67
R,0,19,15.79,-0.04,0.56,Corbin Carroll,4.75,682998,ARI,47.37,40,Cutter,FC,15.38,0,2328.68,76.76,91.07,100
R,0.01,6,66.67,0.61,-1.3,Corbin Carroll,1.5,682998,ARI,33.33,100,Knuckle Curve,KC,50,0,2780.67,84.8,79.2,0
R,0.58,142,33.1,-0.22,1.27,Gabriel Moreno,29.46,672515,ARI,50.7,25.71,4-Seam Fastball,FF,14.55,0.45,2277.78,81.78,95.5,51.39
R,0.26,100,30,0.1,0.22,Gabriel Moreno,20.75,672515,ARI,50,44,Slider,SL,4.55,0.08,2354.34,81.72,87.67,44
R,0.38,74,29.73,-0.43,0.63,Gabriel Moreno,15.35,672515,ARI,50,13.51,Sinker,SI,0,0.21,2243.93,88.28,94.46,43.24
R,0.52,45,24.44,0.14,0.03,Gabriel Moreno,9.34,672515,ARI,44.44,32,Sweeper,ST,15,0.5,2577.82,87.11,80.59,60
R,0.19,38,23.68,-0.12,-0.93,Gabriel Moreno,7.88,672515,ARI,36.84,41.67,Curveball,CU,25,0.5,2523.11,89.67,80.45,71.43
R,0.55,36,25,0.02,0.67,Gabriel Moreno,7.47,672515,ARI,47.22,26.32,Cutter,FC,11.76,0.25,2250.56,87.77,88.71,70.59
R,0.37,33,9.09,0.33,0.4,Gabriel Moreno,6.85,672515,ARI,24.24,32,Changeup,CH,0,0,1556.06,73.14,83.75,62.5
R,0.45,8,25,-0.72,-0.06,Gabriel Moreno,1.66,672515,ARI,25,66.67,Split-Finger,FS,33.33,1,668.75,92.3,86.52,100
R,0,4,0,0.55,-1.36,Gabriel Moreno,0.83,672515,ARI,0,50,Knuckle Curve,KC,0,0,2841,64.3,78.95,0
R,0.7,2,0,0,0,Gabriel Moreno,0.41,672515,ARI,0,0,Unknown,UNK,0,0,0,0,0,0
R,0.3,144,37.5,-0.12,1.27,Geraldo Perdomo,30.13,672695,ARI,61.81,10.91,4-Seam Fastball,FF,16,0.25,2297.15,77.63,94.99,49.44
R,0.2,94,31.91,-0.03,0.31,Geraldo Perdomo,19.67,672695,ARI,51.06,21.74,Slider,SL,18.75,0.09,2387.76,79.59,85.74,45.83
R,0.39,54,31.48,-0.12,0.54,Geraldo Perdomo,11.3,672695,ARI,50,3.7,Sinker,SI,8.33,0,2240.13,87.81,92.43,40.74
R,0.4,46,10.87,-0.79,0.16,Geraldo Perdomo,9.62,672695,ARI,21.74,25,Changeup,CH,0,0.4,1652.28,82.32,87.82,70
R,0.3,44,18.18,-0.1,0.65,Geraldo Perdomo,9.21,672695,ARI,59.09,22.22,Cutter,FC,4.35,0,2327.39,84.82,90.41,73.08
R,0,41,19.51,-0.29,0.01,Geraldo Perdomo,8.58,672695,ARI,34.15,11.11,Sweeper,ST,0,0,2497.73,87.8,79.86,42.86
R,0.16,25,32,0.31,-0.8,Geraldo Perdomo,5.23,672695,ARI,24,10.53,Curveball,CU,0,0,2525.64,95.9,80.67,0
R,0.28,18,22.22,-0.78,0.18,Geraldo Perdomo,3.77,672695,ARI,33.33,50,Split-Finger,FS,20,0,1044.89,70.32,86.14,66.67
R,0,8,0,0.41,-1.41,Geraldo Perdomo,1.67,672695,ARI,0,0,Knuckle Curve,KC,0,0,2884.75,0,79.55,0
R,0.23,4,0,0.5,1.35,Geraldo Perdomo,0.84,672695,ARI,50,100,Other,FA,0,0,1433,95.55,59.25,100
R,0.39,87,28.74,-0.32,1.26,Ildemaro Vargas,37.02,545121,ARI,57.47,32.43,4-Seam Fastball,FF,10.26,0.35,2292.41,93.25,95.2,54
R,0.38,41,14.63,-0.6,0.21,Ildemaro Vargas,17.45,545121,ARI,24.39,54.84,Changeup,CH,7.41,0.36,1599.85,82.1,86.66,100
R,0.12,30,23.33,0.04,-0.11,Ildemaro Vargas,12.77,545121,ARI,33.33,10,Slider,SL,22.22,0,2640.03,69.86,86.75,70
R,0.55,25,32,-0.01,0.67,Ildemaro Vargas,10.64,545121,ARI,40,33.33,Cutter,FC,30.77,0.67,2356.56,89.49,89.98,80
R,0,18,22.22,0.15,0.12,Ildemaro Vargas,7.66,545121,ARI,33.33,0,Sweeper,ST,0,0,2639.11,70.1,81.58,33.33
R,0.93,16,50,-0.1,-1.21,Ildemaro Vargas,6.81,545121,ARI,50,0,Curveball,CU,0,1,2577.19,100.7,78.56,25
R,0.54,14,0,0.16,0.66,Ildemaro Vargas,5.96,545121,ARI,35.71,33.33,Sinker,SI,0,0.83,2247.57,79.1,94.31,80
R,0.02,4,0,-0.18,0.33,Ildemaro Vargas,1.7,545121,ARI,0,50,Split-Finger,FS,0,0,1019,82.9,84.15,0
R,0.46,35,11.43,-0.31,1.29,James McCann,26.52,543510,ARI,31.43,8.33,4-Seam Fastball,FF,0,0.67,2263.03,82.78,95.51,72.73
R,0.16,35,40,-0.12,0.19,James McCann,26.52,543510,ARI,28.57,52,Slider,SL,56.52,0.36,2403.06,85.42,87.49,100
R,1.18,17,11.76,-0.13,0.7,James McCann,12.88,543510,ARI,70.59,0,Cutter,FC,0,1,2302.76,93.66,91.3,83.33
R,0.05,12,16.67,-0.6,0.22,James McCann,9.09,543510,ARI,16.67,60,Split-Finger,FS,25,0.5,877.5,65.63,84.93,100
R,0.34,11,9.09,0.53,0.8,James McCann,8.33,543510,ARI,27.27,0,Sinker,SI,33.33,0.5,2267.55,99,96.61,100
R,0,10,50,0.01,-0.05,James McCann,7.58,543510,ARI,40,16.67,Sweeper,ST,50,0,2600.5,81.6,82.95,25
R,0,6,33.33,0.02,0.2,James McCann,4.55,543510,ARI,0,33.33,Changeup,CH,0,0,1586.67,74.8,86.13,0
R,0,6,0,-0.69,-1.07,James McCann,4.55,543510,ARI,0,33.33,Curveball,CU,0,0,2499.67,77.3,80.73,0
R,0.26,60,13.33,-0.3,1.28,Jorge Barrosa,48.39,678489,ARI,43.33,29.41,4-Seam Fastball,FF,14.29,0.17,2321.03,69.67,95,69.23
R,0.23,22,45.45,-0.41,-0.03,Jorge Barrosa,17.74,678489,ARI,63.64,50,Changeup,CH,42.86,0.33,1352,82.48,83.46,71.43
R,0.7,18,55.56,-0.36,0.15,Jorge Barrosa,14.52,678489,ARI,77.78,0,Slider,SL,0,0,2470.89,65.7,84.49,28.57
R,0.3,10,20,0.33,0.78,Jorge Barrosa,8.06,678489,ARI,60,50,Sinker,SI,0,0,2354.6,72.83,97.16,66.67
R,0,6,0,0,0.81,Jorge Barrosa,4.84,678489,ARI,0,0,Cutter,FC,0,0,2326.67,0,90.8,0
R,0.01,6,0,-0.26,-0.02,Jorge Barrosa,4.84,678489,ARI,33.33,50,Sweeper,ST,0,0,2645.67,86.1,82.93,100
R,0,2,0,0.73,-1.05,Jorge Barrosa,1.61,678489,ARI,0,0,Curveball,CU,0,0,2514,0,81.1,0
R,0.21,116,29.31,-0.38,1.24,Ketel Marte,33.24,606466,ARI,58.62,33.33,4-Seam Fastball,FF,18.75,0.19,2330.62,79.32,95.24,70.59
R,0.17,57,28.07,-0.58,0.28,Ketel Marte,16.33,606466,ARI,26.32,38.1,Changeup,CH,37.5,0.07,1666.91,84.95,85.84,53.33
R,0.4,52,25,0.11,0.2,Ketel Marte,14.9,606466,ARI,69.23,0,Slider,SL,8,0.25,2401.08,78.73,87.38,69.44
R,0.31,36,22.22,0.1,0.02,Ketel Marte,10.32,606466,ARI,44.44,40,Sweeper,ST,27.27,0.5,2402.97,73.55,79.46,87.5
R,0.11,26,23.08,-0.68,0.06,Ketel Marte,7.45,606466,ARI,23.08,40,Split-Finger,FS,42.86,0,1152.62,93.97,85.05,100
R,0.31,21,28.57,-0.17,0.7,Ketel Marte,6.02,606466,ARI,66.67,28.57,Cutter,FC,18.18,0.2,2300.9,72.39,90.82,64.29
R,0.26,16,25,0.45,-0.74,Ketel Marte,4.58,606466,ARI,31.25,36.36,Curveball,CU,28.57,0.67,2412.44,99.14,78.64,60
R,1.04,13,38.46,-0.86,0.8,Ketel Marte,3.72,606466,ARI,69.23,0,Sinker,SI,0,0.67,2076.23,92.96,94.17,55.56
R,0,8,0,0,0,Ketel Marte,2.29,606466,ARI,0,0,Unknown,UNK,0,0,0,0,0,0
R,0.13,4,0,0.46,-1.34,Ketel Marte,1.15,606466,ARI,50,0,Knuckle Curve,KC,0,0,2730.5,91.6,78.4,100
R,0.38,119,26.05,-0.69,1.25,Max Kepler,37.42,596146,ARI,51.26,3.45,4-Seam Fastball,FF,6.06,0.29,2339.15,79.28,95.51,50.82
R,0.24,57,8.77,-1.15,0.25,Max Kepler,17.92,596146,ARI,40.35,41.18,Changeup,CH,13.51,0.24,1705.37,84.58,87.72,100
R,0.34,53,26.42,0.07,0.19,Max Kepler,16.67,596146,ARI,45.28,65.52,Slider,SL,17.14,0.38,2345.21,87.5,87.55,66.67
R,0.65,35,14.29,-0.96,0.61,Max Kepler,11.01,596146,ARI,51.43,11.76,Sinker,SI,13.33,1,2313.86,89.57,95.37,72.22
R,0.25,19,26.32,0.14,-0.07,Max Kepler,5.97,596146,ARI,42.11,81.82,Sweeper,ST,25,0.2,2510.47,82.54,82.06,87.5
R,0.06,14,28.57,0.11,0.63,Max Kepler,4.4,596146,ARI,28.57,50,Cutter,FC,28.57,0.2,2331.64,73.78,90.7,50
R,0,8,0,0,0,Max Kepler,2.52,596146,ARI,0,0,Unknown,UNK,0,0,0,0,0,0
R,0.08,7,42.86,0.59,-0.89,Max Kepler,2.2,596146,ARI,28.57,40,Curveball,CU,50,0,2647.43,100,80.74,0
R,0,6,33.33,-0.84,0.08,Max Kepler,1.89,596146,ARI,66.67,0,Split-Finger,FS,0,0,1134.33,77.6,85.8,50
R,0.35,120,30.83,-0.27,1.31,Nolan Arenado,32.43,571448,ARI,52.5,29.82,4-Seam Fastball,FF,15.69,0.37,2301.25,83.42,95.19,53.97
R,0.4,81,34.57,0.06,0.18,Nolan Arenado,21.89,571448,ARI,46.91,23.26,Slider,SL,26.67,0.22,2422.69,83.49,87.56,52.63
R,0.41,54,18.52,-0.69,0.71,Nolan Arenado,14.59,571448,ARI,29.63,2.63,Sinker,SI,0,0.33,2222.83,80.63,94.86,56.25
R,0.06,48,31.25,0.16,0.01,Nolan Arenado,12.97,571448,ARI,39.58,31.03,Sweeper,ST,22.73,0.1,2528.9,79.46,80.9,68.42
R,0.54,21,19.05,0,0.62,Nolan Arenado,5.68,571448,ARI,33.33,28.57,Cutter,FC,28.57,0.2,2216.14,91.36,88.44,42.86
R,0,20,40,0.06,-1.06,Nolan Arenado,5.41,571448,ARI,40,33.33,Curveball,CU,66.67,0,2503.4,84,79.04,25
R,0.29,18,11.11,0.15,0.49,Nolan Arenado,4.86,571448,ARI,27.78,30.77,Changeup,CH,22.22,0,1379.11,70.69,85.5,100
R,0,4,100,0.44,-1.17,Nolan Arenado,1.08,571448,ARI,50,100,Knuckle Curve,KC,100,0,2830.5,0,79.55,0
R,0,4,50,-0.86,-0.18,Nolan Arenado,1.08,571448,ARI,0,50,Split-Finger,FS,100,0,1820,0,86.45,0
R,0.5,43,25.58,-0.07,1.31,Ryan Waldschmidt,22.99,814439,ARI,69.77,15.38,4-Seam Fastball,FF,0,0.29,2266.05,83.06,93.62,63.33
R,0.39,37,40.54,-0.43,0,Ryan Waldschmidt,19.79,814439,ARI,40.54,27.27,Sweeper,ST,33.33,0.67,2666.95,72.95,79.82,40
R,0.32,34,20.59,0.18,0.13,Ryan Waldschmidt,18.18,814439,ARI,55.88,26.67,Slider,SL,11.11,0.57,2462.59,89.41,86.9,73.68
R,0.56,25,36,-0.42,0.77,Ryan Waldschmidt,13.37,814439,ARI,56,54.55,Sinker,SI,8.33,0.5,2273.6,94.56,93.86,42.86
R,0,21,61.9,-0.05,0.45,Ryan Waldschmidt,11.23,814439,ARI,38.1,69.23,Changeup,CH,76.47,0,1558.95,69.2,83.61,100
R,0.09,14,14.29,-0.26,0.65,Ryan Waldschmidt,7.49,814439,ARI,71.43,0,Cutter,FC,0,0.5,2256.29,87.02,89.31,80
R,0.13,9,66.67,-0.07,-0.89,Ryan Waldschmidt,4.81,814439,ARI,55.56,0,Curveball,CU,0,0,2591.89,76,80.12,20
R,0,2,0,0.4,-1.21,Ryan Waldschmidt,1.07,814439,ARI,0,0,Knuckle Curve,KC,0,0,2850,0,81.2,0
R,0,2,0,-0.04,-0.27,Ryan Waldschmidt,1.07,814439,ARI,0,0,Split-Finger,FS,0,0,1165,0,80.8,0
R,0.23,90,26.67,-0.19,1.28,Tim Tawa,28.3,694374,ARI,50,28.89,4-Seam Fastball,FF,24.49,0.21,2282.43,84.72,95,80
R,0.28,79,35.44,0.03,0.21,Tim Tawa,24.84,694374,ARI,43.04,35.56,Slider,SL,36.84,0.11,2409.48,82.44,87.19,64.71
R,0.3,59,18.64,-0.74,0.67,Tim Tawa,18.55,694374,ARI,38.98,19.44,Sinker,SI,12.5,0.15,2215.64,89.78,94.7,73.91
R,0.24,35,37.14,0.57,-0.12,Tim Tawa,11.01,694374,ARI,34.29,30.43,Sweeper,ST,40,0,2621.23,94.18,83.65,25
R,0.09,18,38.89,0.07,0.35,Tim Tawa,5.66,694374,ARI,50,33.33,Changeup,CH,50,0.14,1628.56,83.84,85.58,77.78
R,0.44,17,11.76,-0.1,0.66,Tim Tawa,5.35,694374,ARI,64.71,0,Cutter,FC,0,0.33,2333.88,94.54,90.95,72.73
R,0,12,33.33,-0.71,-1.18,Tim Tawa,3.77,694374,ARI,50,0,Curveball,CU,0,0,2428,0,78.17,66.67
R,0.29,6,0,-0.65,-0.04,Tim Tawa,1.89,694374,ARI,100,0,Split-Finger,FS,0,1,1311.67,72.33,83.07,100
R,0,2,0,0,0,Tim Tawa,0.63,694374,ARI,0,0,Unknown,UNK,0,0,0,0,0,0
R,0.36,72,19.44,-0.38,1.33,Tyler Locklear,36.36,682988,ARI,51.39,14.29,4-Seam Fastball,FF,12.5,0.2,2273.06,84.98,95.34,72.97
R,0.33,49,24.49,0.33,0.06,Tyler Locklear,24.75,682988,ARI,34.69,28.12,Slider,SL,23.81,0.44,2383.41,77.93,87.35,70.59
R,0.12,38,18.42,-1.16,0.79,Tyler Locklear,19.19,682988,ARI,44.74,33.33,Sinker,SI,5.56,0,2235.08,72.94,94.45,64.71
R,1.17,10,20,0.17,-1.11,Tyler Locklear,5.05,682988,ARI,70,33.33,Curveball,CU,25,0,2496.6,88.8,77.79,100
R,0.35,10,20,-0.85,-0.01,Tyler Locklear,5.05,682988,ARI,70,0,Sweeper,ST,0,0.33,2426.4,87.62,75.08,71.43
R,0.38,8,25,-0.65,0.36,Tyler Locklear,4.04,682988,ARI,62.5,33.33,Changeup,CH,33.33,0.2,1663.25,90.03,86.38,100
R,0.66,5,40,-0.16,0.3,Tyler Locklear,2.53,682988,ARI,60,0,Cutter,FC,0,1,2011,84.6,83.62,33.33
R,0.12,4,50,-0.91,-0.32,Tyler Locklear,2.02,682988,ARI,100,0,Split-Finger,FS,0,0,1267,83.6,83.1,50
R,0,2,0,0.31,-1.42,Tyler Locklear,1.01,682988,ARI,0,0,Knuckle Curve,KC,0,0,2938,0,80.3,0
R,0.17,7,14.29,-0.98,0.57,,50,666971,ARI,42.86,50,Sinker,SI,0,0,2184.57,80.5,91.04,66.67
R,0,3,66.67,-0.82,1.01,,21.43,666971,ARI,66.67,100,4-Seam Fastball,FF,0,0,2321,65.4,92.97,0
R,0,2,0,-0.88,-0.12,,14.29,666971,ARI,0,0,Changeup,CH,0,0,1490.5,0,83.8,0
R,0,1,0,0.16,0.64,,7.14,666971,ARI,0,0,Cutter,FC,0,0,2319,0,88,0
R,0.83,1,0,1.61,-0.21,,7.14,666971,ARI,100,0,Sweeper,ST,0,0,2483,98.7,83.2,100
R,0.21,58,12.07,0.76,1.27,Alika Williams,34.12,675961,ATH,62.07,45.45,4-Seam Fastball,FF,9.3,0.17,2266.45,72.58,93.05,91.67
R,0.32,38,15.79,0.65,0.86,Alika Williams,22.35,675961,ATH,31.58,46.15,Sinker,SI,18.18,0,2260.16,83.96,93.55,83.33
R,0.19,18,11.11,1.27,0.56,Alika Williams,10.59,675961,ATH,33.33,33.33,Changeup,CH,0,0.2,1755.89,87.48,83.68,100
R,0,18,38.89,0.06,0.49,Alika Williams,10.59,675961,ATH,61.11,42.86,Slider,SL,50,0,2342.89,70.34,86.27,100
R,0,8,0,-0.53,-0.68,Alika Williams,4.71,675961,ATH,0,0,Curveball,CU,0,0,2579.5,0,79.8,0
R,0.65,8,25,-0.3,0.72,Alika Williams,4.71,675961,ATH,50,50,Cutter,FC,0,1,2241.75,83.2,87.85,50
R,0.15,8,25,-0.42,0.9,Alika Williams,4.71,675961,ATH,25,33.33,Other,FA,0,0,1516,83.1,70.3,0
R,0,6,33.33,-0.6,0.09,Alika Williams,3.53,675961,ATH,33.33,0,Sweeper,ST,0,0,2490,0,81.13,0
R,0.49,4,0,0.16,-0.33,Alika Williams,2.35,675961,ATH,50,0,Split-Finger,FS,0,1,1343,101.1,80.65,100
R,0,2,0,0.27,1.47,Alika Williams,1.18,675961,ATH,0,0,Eephus,EP,0,0,750,0,38.1,0
R,0,2,0,-0.92,0.21,Alika Williams,1.18,675961,ATH,0,0,Slurve,SV,0,0,2376,0,78.1,0
R,0.47,14,42.86,1.17,1.02,Brian Serven,63.64,661531,ATH,71.43,0,4-Seam Fastball,FF,33.33,0.33,2182.86,94.65,92.34,60
R,0,6,33.33,1.14,0.54,Brian Serven,27.27,661531,ATH,0,100,Changeup,CH,33.33,0,2039.67,66.7,82.67,0
R,0,2,0,1.65,0.34,Brian Serven,9.09,661531,ATH,0,0,Sinker,SI,0,0,2115,0,93.7,0
R,0.26,36,25,-0.65,1.27,Carlos Cortes,25.71,666126,ATH,63.89,46.15,4-Seam Fastball,FF,0,0.12,2381.89,85.03,93.76,60.87
R,0.1,30,50,-0.95,0.85,Carlos Cortes,21.43,666126,ATH,63.33,36.36,Sinker,SI,44.44,0.14,2241.57,84.76,96.58,73.68
R,0.2,18,27.78,0.2,0.08,Carlos Cortes,12.86,666126,ATH,38.89,36.36,Slider,SL,33.33,0,2594.89,85.57,88.07,71.43
R,0.11,16,12.5,-1.09,0.39,Carlos Cortes,11.43,666126,ATH,62.5,0,Changeup,CH,0,0,1762.5,83.3,87.22,80
R,0,12,8.33,0.81,-0.89,Carlos Cortes,8.57,666126,ATH,0,25,Curveball,CU,33.33,0,2567.25,0,82.92,0
R,0.15,10,20,-0.07,0.73,Carlos Cortes,7.14,666126,ATH,60,0,Cutter,FC,0,0,2377.8,97.8,93.12,66.67
R,0,8,37.5,0.4,0.36,Carlos Cortes,5.71,666126,ATH,37.5,40,Sweeper,ST,60,0,2378.62,25.6,80.14,100
R,0.71,5,40,0.76,-0.86,Carlos Cortes,3.57,666126,ATH,40,33.33,Knuckle Curve,KC,66.67,1,2245,102.4,86.06,100
R,0,5,80,-0.68,0.05,Carlos Cortes,3.57,666126,ATH,40,66.67,Split-Finger,FS,100,0,921.4,0,83.14,0
R,0.18,42,16.67,0.59,1.31,Colby Thomas,43.3,687515,ATH,54.76,31.58,4-Seam Fastball,FF,25.93,0.18,2287.55,77.77,93.83,91.3
R,0,13,30.77,-0.27,0.26,Colby Thomas,13.4,687515,ATH,30.77,33.33,Slider,SL,57.14,0,2478.62,82.73,85.95,100
R,0.13,12,16.67,1.16,0.44,Colby Thomas,12.37,687515,ATH,50,66.67,Changeup,CH,0,0,1945.17,72.5,83.85,66.67
R,0,8,25,-0.67,-0.74,Colby Thomas,8.25,687515,ATH,50,0,Curveball,CU,50,0,2771,84,80.65,100
R,0.12,8,50,1.21,0.96,Colby Thomas,8.25,687515,ATH,50,100,Sinker,SI,50,0,2254.25,82.6,94.4,100
R,0.44,6,0,-0.27,0.72,Colby Thomas,6.19,687515,ATH,33.33,50,Cutter,FC,0,0.5,2430.33,82,89.33,100
R,0,4,100,0.11,-0.04,Colby Thomas,4.12,687515,ATH,0,100,Split-Finger,FS,100,0,1446,0,81.15,0
R,0,2,0,-1.07,-0.24,Colby Thomas,2.06,687515,ATH,100,0,Slurve,SV,0,0,2378,0,79,100
R,0.56,2,0,-0.97,-0.41,Colby Thomas,2.06,687515,ATH,100,0,Sweeper,ST,0,1,2620,104.3,80.7,100
R,0.25,49,8.16,-0.4,1.34,Donovan Walton,27.68,622268,ATH,55.1,18.18,4-Seam Fastball,FF,0,0,2379.27,72.32,95.5,88.89
R,0.27,31,3.23,0.17,0.39,Donovan Walton,17.51,622268,ATH,29.03,13.64,Slider,SL,0,0,2309,76.54,85.12,88.89
R,0.6,26,34.62,-0.18,0.71,Donovan Walton,14.69,622268,ATH,57.69,36.36,Sinker,SI,20,0,2159.19,74.55,95.03,40
R,0.23,21,38.1,0.69,0.25,Donovan Walton,11.86,622268,ATH,42.86,50,Sweeper,ST,50,0.33,2636.71,82.3,83.94,66.67
R,0.88,17,23.53,-1.27,0.21,Donovan Walton,9.6,622268,ATH,23.53,30.77,Changeup,CH,50,1,2135.71,89.5,89.04,100
R,0.7,14,28.57,0.1,0.69,Donovan Walton,7.91,622268,ATH,57.14,0,Cutter,FC,0,0,2369.29,95.8,91.33,25
R,0,9,33.33,-0.77,0.29,Donovan Walton,5.08,622268,ATH,33.33,33.33,Split-Finger,FS,75,0,938.56,0,85.03,66.67
R,0,7,14.29,0.66,-0.79,Donovan Walton,3.95,622268,ATH,14.29,0,Curveball,CU,0,0,2636.29,0,83.26,0
R,0.33,2,0,-0.46,0.38,Donovan Walton,1.13,622268,ATH,100,0,Other,FA,0,1,1376,79.8,66.1,100
R,0,1,100,0.82,-1.17,Donovan Walton,0.56,622268,ATH,0,100,Knuckle Curve,KC,100,0,2338,0,86.3,0
R,0.35,80,17.5,0.29,1.29,Henry Bolte,29.63,703607,ATH,56.25,17.14,4-Seam Fastball,FF,13.95,0.22,2308.71,76.95,94.9,82.22
R,0.19,56,25,-0.27,0.95,Henry Bolte,20.74,703607,ATH,50,35.71,Sinker,SI,14.29,0.17,2250.14,94.77,95.61,64.29
R,0,34,35.29,0.9,0.58,Henry Bolte,12.59,703607,ATH,17.65,21.43,Changeup,CH,80,0,1825.53,75.1,84.71,66.67
R,0.23,29,13.79,-0.04,0.15,Henry Bolte,10.74,703607,ATH,24.14,13.64,Slider,SL,44.44,0,2474.93,93.57,87.5,85.71
R,0.03,27,37.04,-0.3,-0.71,Henry Bolte,10,703607,ATH,29.63,26.32,Curveball,CU,66.67,0.33,2642.3,80.87,78.78,50
R,0.34,20,20,-0.11,0.64,Henry Bolte,7.41,703607,ATH,70,66.67,Cutter,FC,12.5,0.2,2306.5,74.55,89.19,85.71
R,0.3,12,58.33,-0.42,-0.22,Henry Bolte,4.44,703607,ATH,41.67,85.71,Sweeper,ST,55.56,0,2682.92,105.07,80.77,60
R,0,6,33.33,0.44,0.06,Henry Bolte,2.22,703607,ATH,66.67,0,Split-Finger,FS,50,0,1400,0,86.2,100
R,0.34,4,0,-0.28,1.38,Henry Bolte,1.48,703607,ATH,50,0,Eephus,EP,0,0,928,96,44.55,100
R,0,2,0,-1.47,-0.29,Henry Bolte,0.74,703607,ATH,100,0,Slurve,SV,0,0,2418,0,80,100
R,0.54,75,16,0.17,1.31,Jacob Wilson,23.66,805779,ATH,50.67,35.14,4-Seam Fastball,FF,12.5,0.47,2327.32,84.41,93.87,71.05
R,0.22,75,21.33,-0.13,0.72,Jacob Wilson,23.66,805779,ATH,50.67,40.54,Sinker,SI,4.88,0.12,2196.81,78.94,95.15,68.42
R,0.16,42,19.05,0.49,0.49,Jacob Wilson,13.25,805779,ATH,19.05,58.82,Changeup,CH,16.67,0.14,1761.9,80.61,85.3,50
R,0.24,40,12.5,0.13,0.29,Jacob Wilson,12.62,805779,ATH,30,35.71,Slider,SL,10.53,0.15,2286.43,75.75,85.73,75
R,0.33,38,15.79,-0.01,0.75,Jacob Wilson,11.99,805779,ATH,57.89,68.75,Cutter,FC,6.9,0.38,2328.79,80.68,89.89,81.82
R,0.03,26,23.08,0,-0.7,Jacob Wilson,8.2,805779,ATH,38.46,50,Curveball,CU,0,0,2480.85,71.34,81.28,40
R,0.13,11,36.36,1.11,-0.47,Jacob Wilson,3.47,805779,ATH,90.91,0,Sweeper,ST,0,0,2462.18,66.62,84.85,60
R,0,6,66.67,-0.14,0,Jacob Wilson,1.89,805779,ATH,33.33,100,Split-Finger,FS,66.67,0,1370,74.2,87,100
R,0.17,2,0,0.63,-0.9,Jacob Wilson,0.63,805779,ATH,50,0,Knuckle Curve,KC,0,0,2271,95.1,86.45,100
R,0,2,0,-0.86,0.03,Jacob Wilson,0.63,805779,ATH,0,100,Slurve,SV,0,0,2461,75.7,81.7,0
R,0.41,44,18.18,-0.09,1.36,Jeff McNeil,21.46,643446,ATH,56.82,21.05,4-Seam Fastball,FF,16,0.38,2370.8,88.46,96.1,84
R,0.58,40,5,0.05,0.86,Jeff McNeil,19.51,643446,ATH,45,54.55,Cutter,FC,6.67,0.67,2430.7,82.4,92.14,100
R,0.32,39,15.38,0.07,0.18,Jeff McNeil,19.02,643446,ATH,12.82,26.47,Slider,SL,20,0,2496.97,76.89,86.45,20
R,0.28,33,21.21,0.02,0.71,Jeff McNeil,16.1,643446,ATH,54.55,46.67,Sinker,SI,10,0.25,2152.67,85.82,93.99,72.22
R,0.48,18,16.67,0.6,-0.44,Jeff McNeil,8.78,643446,ATH,66.67,0,Curveball,CU,25,1,2474.5,90.78,79.11,100
R,0.46,12,16.67,-1.21,0.12,Jeff McNeil,5.85,643446,ATH,33.33,25,Changeup,CH,0,0.5,1927.83,75.95,88.03,50
R,0.51,9,22.22,-1.03,-0.19,Jeff McNeil,4.39,643446,ATH,66.67,33.33,Sweeper,ST,0,1,2818.89,73.66,76.67,66.67
R,0,6,33.33,-0.23,0.01,Jeff McNeil,2.93,643446,ATH,33.33,50,Split-Finger,FS,50,0,1188.83,0,86.13,100
R,0.09,4,50,-0.2,1.32,Jeff McNeil,1.95,643446,ATH,50,0,Eephus,EP,0,0,826.5,92.3,41.1,100
R,0.44,109,22.02,0.18,1.28,Jonah Heim,33.23,641680,ATH,47.71,36.84,4-Seam Fastball,FF,16.39,0.21,2308.97,86.32,94.87,76.92
R,0.37,57,29.82,0.03,0.75,Jonah Heim,17.38,641680,ATH,64.91,20,Sinker,SI,14.29,0.33,2225.77,83.41,94.67,64.86
R,0.15,52,23.08,0.67,0.38,Jonah Heim,15.85,641680,ATH,23.08,30,Changeup,CH,40,0.25,1894.04,75.18,85.34,66.67
R,0.23,40,25,-0.06,0.73,Jonah Heim,12.2,641680,ATH,75,40,Cutter,FC,26.67,0,2393.45,80.37,90.84,86.67
R,0.2,25,20,-0.24,0.37,Jonah Heim,7.62,641680,ATH,44,57.14,Slider,SL,22.22,0.22,2562.4,83.9,88.52,90.91
R,0.25,20,10,-1.06,0.03,Jonah Heim,6.1,641680,ATH,60,25,Sweeper,ST,14.29,0.2,2689.8,79.78,79.43,100
R,0.76,9,22.22,-0.27,-0.18,Jonah Heim,2.74,641680,ATH,44.44,20,Curveball,CU,0,0.67,2309.56,98.83,69.81,50
R,0,8,25,-0.62,0.74,Jonah Heim,2.44,641680,ATH,25,33.33,Other,FA,0,0,1547.25,55.6,69.5,0
R,0.87,4,25,-0.84,-0.24,Jonah Heim,1.22,641680,ATH,50,0,Split-Finger,FS,0,1,1155.25,93,83.8,50
R,0.73,2,0,0.74,0.06,Jonah Heim,0.61,641680,ATH,0,0,Slow Curve,CS,0,0,1652,0,59.7,0
R,0.03,2,0,-1.22,-0.24,Jonah Heim,0.61,641680,ATH,100,0,Slurve,SV,0,0,2362,88.7,80.4,100
R,0.33,95,17.89,-0.28,1.27,Lawrence Butler,35.85,671732,ATH,63.16,22.86,4-Seam Fastball,FF,15.52,0.2,2308.32,82.05,95.52,83.33
R,0.14,37,10.81,0.01,0.73,Lawrence Butler,13.96,671732,ATH,32.43,36,Cutter,FC,21.05,0,2313.51,77.66,90.39,83.33
R,0.25,33,45.45,0.86,0.96,Lawrence Butler,12.45,671732,ATH,63.64,50,Sinker,SI,22.22,0,2211.3,82.81,94.29,57.14
R,0.47,28,17.86,-0.31,0.47,Lawrence Butler,10.57,671732,ATH,35.71,22.22,Slider,SL,20,0.62,2309.21,91.6,81.59,60
R,0.24,26,30.77,-0.65,0.31,Lawrence Butler,9.81,671732,ATH,23.08,30,Changeup,CH,50,0,1959.77,73.4,88.77,100
R,0.39,15,0,-0.49,-0.1,Lawrence Butler,5.66,671732,ATH,26.67,9.09,Split-Finger,FS,0,0,1096.47,76.24,84.24,100
R,0.59,12,16.67,-0.59,0.29,Lawrence Butler,4.53,671732,ATH,50,0,Sweeper,ST,0,0.5,2777.83,103.4,79.33,66.67
R,0,11,0,-0.02,-0.4,Lawrence Butler,4.15,671732,ATH,0,18.18,Curveball,CU,0,0,2274.45,67.4,74.05,0
R,0,4,25,0.51,-0.97,Lawrence Butler,1.51,671732,ATH,25,0,Knuckle Curve,KC,100,0,2340.5,0,86.92,100
R,0.86,2,0,-0.23,1.39,Lawrence Butler,0.75,671732,ATH,0,100,Eephus,EP,0,1,657,99,35.1,0
R,0.48,2,0,-1.29,-0.26,Lawrence Butler,0.75,671732,ATH,100,0,Slurve,SV,0,1,2330,83.1,78.7,100
R,0.12,42,42.86,0.65,1.26,Nick Kurtz,29.17,701762,ATH,66.67,28.57,4-Seam Fastball,FF,41.67,0,2335.43,72.62,96.2,71.43
R,0.34,38,36.84,1.26,0.71,Nick Kurtz,26.39,701762,ATH,57.89,37.5,Sinker,SI,22.22,0,2295.42,76.24,93.98,54.55
R,0.17,32,18.75,-0.56,0.3,Nick Kurtz,22.22,701762,ATH,37.5,10,Slider,SL,20,0,2644.75,73.07,87.56,66.67
R,0,16,12.5,-1.25,-0.23,Nick Kurtz,11.11,701762,ATH,25,16.67,Sweeper,ST,33.33,0,2679.5,85.75,79.11,100
R,0,8,25,0.4,0.43,Nick Kurtz,5.56,701762,ATH,0,75,Cutter,FC,33.33,0,2186.25,74.6,92.2,0
R,0,4,0,1.35,0.59,Nick Kurtz,2.78,701762,ATH,50,0,Changeup,CH,0,0,1866,85.7,83.35,100
R,0,2,0,-0.89,-0.78,Nick Kurtz,1.39,701762,ATH,0,0,Curveball,CU,0,0,3444,0,82.1,0
R,1.64,2,0,-1.03,-0.17,Nick Kurtz,1.39,701762,ATH,100,0,Split-Finger,FS,0,1,1359,104.1,86.6,100
R,0.41,78,23.08,0.43,1.3,Tommy White,25.57,695720,ATH,60.26,32.26,4-Seam Fastball,FF,9.3,0.44,2308.72,85.08,94.34,70.21
R,0.15,65,36.92,-0.84,0.62,Tommy White,21.31,695720,ATH,55.38,48.28,Sinker,SI,12.5,0.27,2245.22,76.52,95.2,50
R,0.41,44,27.27,-0.02,0.69,Tommy White,14.43,695720,ATH,59.09,22.22,Cutter,FC,18.18,0.5,2334.86,89.33,89.72,69.23
R,0.51,35,17.14,-0.05,0.35,Tommy White,11.48,695720,ATH,60,28.57,Slider,SL,17.39,0.3,2385.54,84.59,84.96,90.48
R,0.19,34,29.41,0.8,0.58,Tommy White,11.15,695720,ATH,29.41,41.67,Changeup,CH,44.44,0.2,1844.76,67.9,85.59,80
R,0.41,27,11.11,0.72,-0.1,Tommy White,8.85,695720,ATH,29.63,73.68,Sweeper,ST,0,0.25,2526.11,74.37,84.61,50
R,0.1,10,40,0.06,-0.58,Tommy White,3.28,695720,ATH,40,33.33,Curveball,CU,50,0,2892.6,80.4,82.22,50
R,0.7,4,0,-0.55,0.84,Tommy White,1.31,695720,ATH,0,0,Other,FA,0,0,1438,0,64.6,0
R,0,4,0,0.76,0.17,Tommy White,1.31,695720,ATH,0,0,Slow Curve,CS,0,0,1672.5,0,57.55,0
R,0.05,4,0,0.46,-0.08,Tommy White,1.31,695720,ATH,0,50,Split-Finger,FS,0,0,1413,67.6,81.45,0
R,0.37,84,20.24,0.02,1.27,Tyler Soderstrom,20.95,691016,ATH,66.67,7.14,4-Seam Fastball,FF,4.88,0.44,2288.54,84.88,94.3,69.64
R,0.26,83,40.96,0.45,0.74,Tyler Soderstrom,20.7,691016,ATH,65.06,34.48,Sinker,SI,15,0.24,2180.67,86.62,94.06,55.56
R,0.3,54,25.93,0.02,0.61,Tyler Soderstrom,13.47,691016,ATH,44.44,40,Cutter,FC,35.29,0.33,2284.15,77.46,89.5,91.67
R,0.14,48,33.33,-0.81,0.3,Tyler Soderstrom,11.97,691016,ATH,35.42,29.03,Changeup,CH,40,0.29,1853.46,77.9,87.59,64.71
R,0.19,38,31.58,-0.06,0.38,Tyler Soderstrom,9.48,691016,ATH,36.84,20.83,Slider,SL,30.77,0,2471.45,76.14,86.24,57.14
R,0.12,34,38.24,-0.87,0.04,Tyler Soderstrom,8.48,691016,ATH,26.47,24,Sweeper,ST,80,0,2581.21,72.6,78.69,44.44
R,0.2,30,13.33,-0.01,-0.8,Tyler Soderstrom,7.48,691016,ATH,33.33,0,Curveball,CU,0,0,2563.2,75.65,79.98,40
R,0.01,16,6.25,-0.7,0.21,Tyler Soderstrom,3.99,691016,ATH,25,41.67,Split-Finger,FS,0,0,1162.88,70.6,84.57,75
R,0.11,14,28.57,-0.95,0.15,Tyler Soderstrom,3.49,691016,ATH,28.57,40,Slurve,SV,0,0.5,2331.86,77.65,79.36,50
R,0.3,56,28.57,0.1,1.31,,24.35,669127,ATH,50,25,4-Seam Fastball,FF,20,0.22,2276.07,78.82,92.83,64.29
R,0.7,40,27.5,0.31,0.38,,17.39,669127,ATH,42.5,34.78,Slider,SL,41.67,0.67,2289.28,91.3,85.71,94.12
R,0.26,36,27.78,0.25,0.47,,15.65,669127,ATH,16.67,46.67,Changeup,CH,50,0.5,1888.39,75.9,85.94,100
R,0.04,28,25,-1.13,0.69,,12.17,669127,ATH,46.43,53.33,Sinker,SI,12.5,0.14,2218.32,80.35,94.67,61.54
R,0.61,26,15.38,-0.01,0.74,,11.3,669127,ATH,42.31,13.33,Cutter,FC,18.18,0.33,2297.65,93.87,90.09,81.82
R,0.55,24,20.83,0.19,1.2,,29.63,811965,ATH,50,83.33,4-Seam Fastball,FF,5.56,0.67,2333.08,83.52,91.67,66.67
R,0.45,22,45.45,-0.24,0.01,,9.57,669127,ATH,50,36.36,Sweeper,ST,28.57,0.5,2605.23,69.86,79.61,27.27
R,0.62,16,18.75,0.13,0.78,,19.75,811965,ATH,37.5,40,Slider,SL,22.22,1,2018.93,83.6,76.94,83.33
R,0,14,28.57,0.81,1.33,,50,691777,ATH,28.57,20,4-Seam Fastball,FF,66.67,0,2295.43,74.1,92.6,100
R,0.74,13,0,-0.47,-0.71,,5.65,669127,ATH,15.38,27.27,Curveball,CU,0,0.33,2304.69,100.13,76.08,100
R,0.4,11,45.45,-0.44,-0.28,,13.58,811965,ATH,36.36,42.86,Curveball,CU,0,0,2174,83.97,68.09,0
R,0,8,75,0.68,0.62,,28.57,691777,ATH,25,66.67,Changeup,CH,100,0,1887.25,0,83.98,100
R,0.01,6,33.33,1.35,0.65,,7.41,811965,ATH,66.67,0,Changeup,CH,50,0,1789.33,70.9,81.7,100
R,0,5,0,-0.2,0.87,,6.17,811965,ATH,80,0,Cutter,FC,0,0,2275,62,89.04,100
R,0.48,5,0,-1.15,0.75,,6.17,811965,ATH,60,50,Sinker,SI,0,0.5,2105,81.4,94.76,100
R,0.1,5,0,0.01,0.02,,6.17,811965,ATH,0,80,Split-Finger,FS,0,0,1343.2,77.4,81.14,0
R,0,5,40,-0.58,-0.2,,6.17,811965,ATH,80,0,Sweeper,ST,0,0,2448.8,106.1,76.04,50
R,0,4,50,-1.04,-0.18,,1.74,669127,ATH,100,0,Slurve,SV,0,0,2354.5,70.1,79.35,50
R,0,4,0,-0.38,-0.36,,1.74,669127,ATH,0,25,Split-Finger,FS,0,0,1290.25,87.4,82.55,0
R,0,4,100,-0.14,0.88,,14.29,691777,ATH,100,0,Cutter,FC,100,0,2366.5,0,91.4,50
R,0,2,100,-1.51,0.5,,7.14,691777,ATH,0,0,Sinker,SI,0,0,2232,0,97.5,0
R,0,2,100,-0.67,-0.1,,2.47,811965,ATH,100,0,Slurve,SV,100,0,2390,0,81.1,100
R,0,1,100,0.54,-1.08,,0.43,669127,ATH,0,100,Knuckle Curve,KC,100,0,2222,0,85.7,0
R,0,1,0,0.56,-0.71,,1.23,811965,ATH,0,0,Knuckle Curve,KC,0,0,2284,0,87.1,0
R,0.42,1,0,0,0,,1.23,811965,ATH,0,100,Unknown,UNK,0,0,0,98.2,0,0
R,0.41,99,26.26,-0.21,1.26,Austin Riley,26.05,663586,ATL,46.46,30.19,4-Seam Fastball,FF,23.53,0.22,2279.34,84.54,94.63,76.09
R,0.25,61,26.23,-0.1,0.27,Austin Riley,16.05,663586,ATL,45.9,42.42,Changeup,CH,35,0.43,1730.44,85.76,88.39,92.86
R,0.11,52,26.92,0.09,0.22,Austin Riley,13.68,663586,ATL,36.54,24.24,Slider,SL,52.17,0,2262.94,74.63,86.32,78.95
R,0.28,51,29.41,-0.76,0.65,Austin Riley,13.42,663586,ATL,49.02,61.54,Sinker,SI,13.33,0.31,2232.59,88.43,95.09,56
R,0,44,43.18,0.52,0.28,Austin Riley,11.58,663586,ATL,38.64,29.63,Sweeper,ST,52.94,0,2551.32,81.4,80.84,52.94
R,0.42,40,20,0.15,0.72,Austin Riley,10.53,663586,ATL,42.5,17.39,Cutter,FC,31.58,0.33,2386.85,79.54,89.96,88.24
R,0.33,17,23.53,0.46,-0.75,Austin Riley,4.47,663586,ATL,17.65,42.86,Knuckle Curve,KC,44.44,0,2571.88,73.7,85.12,100
R,0.08,7,57.14,-1.09,0.28,Austin Riley,1.84,663586,ATL,14.29,66.67,Split-Finger,FS,80,0,1401.29,96.6,86.91,100
R,1.18,5,40,0.53,-0.53,Austin Riley,1.32,663586,ATL,80,0,Curveball,CU,0,1,1850.4,103.2,75.94,50
R,1.93,2,0,-0.4,1.82,Austin Riley,0.53,663586,ATL,50,0,Other,FA,0,1,1742.5,106.9,60.65,100
R,0,1,100,0.15,1.71,Austin Riley,0.26,663586,ATL,0,0,Eephus,EP,0,0,1134,0,40.5,0
R,0,1,0,-1.29,-0.38,Austin Riley,0.26,663586,ATL,0,0,Knuckleball,KN,0,0,198,0,78.5,0
R,0.1,32,12.5,-0.36,1.38,Dominic Smith,20.51,642086,ATL,56.25,42.86,4-Seam Fastball,FF,0,0,2256.34,81.56,95.49,77.78
R,0.31,30,20,-0.8,0.01,Dominic Smith,19.23,642086,ATL,30,28.57,Split-Finger,FS,40,0.2,1341.7,88.93,86.26,100
R,0.27,29,13.79,-0.9,0.69,Dominic Smith,18.59,642086,ATL,44.83,43.75,Sinker,SI,0,0.67,2104.45,80.69,95.58,69.23
R,0.24,16,18.75,-1.2,0.63,Dominic Smith,10.26,642086,ATL,43.75,44.44,Changeup,CH,11.11,0.2,1965.62,78.53,88.51,71.43
R,0.22,15,20,0.17,0.8,Dominic Smith,9.62,642086,ATL,66.67,0,Cutter,FC,0,0.67,2325.93,94.44,91.43,70
R,0.23,12,33.33,-0.08,0.34,Dominic Smith,7.69,642086,ATL,8.33,18.18,Slider,SL,66.67,0,2358.58,72.4,88.82,100
R,0,9,22.22,0.43,-0.71,Dominic Smith,5.77,642086,ATL,22.22,14.29,Curveball,CU,66.67,0,2338.89,69.2,79.17,100
R,0.28,8,0,0.68,-0.73,Dominic Smith,5.13,642086,ATL,25,33.33,Knuckle Curve,KC,0,1,2574.75,87.55,85.5,100
R,0.33,3,33.33,1.37,0.13,Dominic Smith,1.92,642086,ATL,100,0,Sweeper,ST,0,0,2279,78.3,81.83,66.67
R,0,2,0,0.06,-0.3,Dominic Smith,1.28,642086,ATL,0,0,Knuckleball,KN,0,0,404.5,0,82.45,0
R,0.55,121,20.66,-0.17,1.29,Drake Baldwin,27.75,686948,ATL,52.07,15.52,4-Seam Fastball,FF,18.33,0.61,2324.14,85.53,95.17,80.95
R,0.45,72,31.94,0.41,0.8,Drake Baldwin,16.51,686948,ATL,44.44,35,Sinker,SI,19.35,0.42,2255.07,83.8,94.61,53.12
R,0.17,65,24.62,-0.03,0.11,Drake Baldwin,14.91,686948,ATL,35.38,26.19,Slider,SL,36.67,0.21,2395.11,82.07,86.45,82.61
R,0.48,45,17.78,0.07,0.54,Drake Baldwin,10.32,686948,ATL,28.89,25,Cutter,FC,29.41,0.33,2434.07,84.49,89.21,69.23
R,0.6,41,14.63,-0.68,0.48,Drake Baldwin,9.4,686948,ATL,29.27,31.03,Changeup,CH,13.33,0.44,1790.39,81.15,87.6,50
R,0.42,32,9.38,-0.43,0.19,Drake Baldwin,7.34,686948,ATL,50,50,Split-Finger,FS,0,0.3,1231.56,82.17,85.09,81.25
R,0.17,31,32.26,0.41,0.3,Drake Baldwin,7.11,686948,ATL,64.52,36.36,Sweeper,ST,33.33,0.33,2504.68,81.61,81.2,85
R,0.33,10,40,0.83,-0.78,Drake Baldwin,2.29,686948,ATL,40,33.33,Curveball,CU,50,0.5,2400.4,98.2,76.98,50
R,0.16,9,11.11,0.44,-0.75,Drake Baldwin,2.06,686948,ATL,11.11,25,Knuckle Curve,KC,0,1,2591.67,81.5,85.28,0
R,0,8,0,0,0,Drake Baldwin,1.83,686948,ATL,0,0,Unknown,UNK,0,0,0,0,0,0
R,0,2,0,-0.24,0.03,Drake Baldwin,0.46,686948,ATL,0,50,Knuckleball,KN,0,0,386.5,86.4,85.1,0
R,0.16,64,34.38,0.57,1.19,Eli White,52.89,642201,ATL,59.38,34.62,4-Seam Fastball,FF,25.71,0.5,2211.23,81.49,93.49,68.42
R,0.09,21,23.81,1.21,0.21,Eli White,17.36,642201,ATL,28.57,53.33,Changeup,CH,35.71,0,1683.19,81.51,85.73,100
R,0.5,10,0,-1.09,0.13,Eli White,8.26,642201,ATL,40,0,Sweeper,ST,0,0,2324.6,75.15,76.14,100
R,0.3,9,0,-0.03,0.65,Eli White,7.44,642201,ATL,77.78,0,Cutter,FC,0,0.6,2363,65.73,88.58,100
R,0.05,6,33.33,-0.08,0.41,Eli White,4.96,642201,ATL,66.67,100,Slider,SL,0,0,2485.33,72.9,86.53,50
R,0.2,4,50,1.08,0.62,Eli White,3.31,642201,ATL,100,0,Sinker,SI,0,0,2211.5,94.3,91.25,50
R,0,4,50,0.76,-0.02,Eli White,3.31,642201,ATL,0,50,Split-Finger,FS,100,0,941.5,0,84.8,0
R,0,3,66.67,-0.31,-0.91,Eli White,2.48,642201,ATL,33.33,50,Curveball,CU,100,0,2231,0,81.03,0
R,0.35,53,18.87,-0.4,1.32,Jim Jarvis,22.27,805347,ATL,54.72,12.5,4-Seam Fastball,FF,15.38,0.19,2351.26,84.13,95.31,79.31
R,0.24,40,35,0.22,0.68,Jim Jarvis,16.81,805347,ATL,77.5,22.22,Cutter,FC,8.7,0.21,2455.95,84.78,89.34,67.74
R,0.32,34,23.53,-0.17,0.2,Jim Jarvis,14.29,805347,ATL,38.24,23.81,Slider,SL,7.69,0.25,2442.21,82.86,86.05,61.54
R,0.43,31,22.58,0.09,0.87,Jim Jarvis,13.03,805347,ATL,58.06,0,Sinker,SI,0,0,2185,84.04,94.22,66.67
R,0.23,25,12,-1.1,0.37,Jim Jarvis,10.5,805347,ATL,44,42.86,Changeup,CH,17.65,0.38,1708.04,77.18,87.78,100
R,0.1,20,10,-0.79,0.14,Jim Jarvis,8.4,805347,ATL,30,35.71,Split-Finger,FS,0,0,1298.95,77.91,85.65,66.67
R,0.65,16,50,0.74,-0.68,Jim Jarvis,6.72,805347,ATL,37.5,40,Curveball,CU,66.67,1,2326,90.8,77.6,33.33
R,0,11,27.27,1.34,0.1,Jim Jarvis,4.62,805347,ATL,27.27,25,Sweeper,ST,0,0,2635.55,83.1,81.08,0
R,0.09,5,20,0.42,-0.52,Jim Jarvis,2.1,805347,ATL,60,0,Knuckle Curve,KC,0,0,2493,86.1,83.84,66.67
R,0,2,0,0.32,-0.28,Jim Jarvis,0.84,805347,ATL,0,0,Knuckleball,KN,0,0,294,0,78.95,0
R,0.24,1,0,-0.19,1.4,Jim Jarvis,0.42,805347,ATL,0,100,Eephus,EP,0,0,1095,96.5,40.3,0
R,0.26,41,17.07,0.46,1.3,Joey Bart,32.54,663698,ATL,41.46,20.83,4-Seam Fastball,FF,27.78,0.22,2291.39,81.49,93.93,76.47
R,0.39,18,22.22,-0.83,0.28,Joey Bart,14.29,663698,ATL,66.67,0,Sweeper,ST,0,0.5,2308,85.43,77.69,66.67
R,0.26,17,35.29,1.05,0.32,Joey Bart,13.49,663698,ATL,35.29,54.55,Changeup,CH,40,0.67,1456.41,94.27,87.51,66.67
R,0.51,16,25,-0.32,0.81,Joey Bart,12.7,663698,ATL,62.5,0,Sinker,SI,0,0.5,2384.75,71.97,97.18,60
R,0,16,50,-0.14,0.02,Joey Bart,12.7,663698,ATL,37.5,40,Slider,SL,66.67,0,2470.5,78.6,83.18,33.33
R,0,7,100,0.06,0.62,Joey Bart,5.56,663698,ATL,85.71,100,Cutter,FC,100,0,2397.71,0,87.86,33.33
R,0.22,4,25,0.06,1.27,Joey Bart,3.17,663698,ATL,25,0,Eephus,EP,0,0,1029.25,76.9,39.72,100
R,0,4,0,0.64,0.4,Joey Bart,3.17,663698,ATL,0,0,Split-Finger,FS,0,0,1230,0,83.9,0
R,0.7,3,33.33,-0.21,-0.9,Joey Bart,2.38,663698,ATL,33.33,0,Curveball,CU,0,0,2182.33,0,80.8,0
R,0.17,8,50,1.3,0.24,Jorge Mateo,53.33,622761,ATL,25,66.67,Changeup,CH,66.67,0,1530.75,80,85.85,100
R,1.17,3,0,0.14,1.55,Jorge Mateo,20,622761,ATL,0,33.33,Eephus,EP,0,1,1085,102.7,40.43,0
R,0.01,2,0,1.1,1.28,Jorge Mateo,13.33,622761,ATL,100,0,4-Seam Fastball,FF,0,0,2468,91.9,95.4,100
R,0,2,100,-0.22,0.14,Jorge Mateo,13.33,622761,ATL,100,0,Cutter,FC,0,0,2165,0,79.4,0
R,0.34,138,38.41,-0.02,1.3,Matt Olson,31.44,621566,ATL,61.59,18.87,4-Seam Fastball,FF,37.7,0.26,2316.01,86.26,95.03,60
R,0.62,55,14.55,-0.92,0.63,Matt Olson,12.53,621566,ATL,32.73,35.14,Changeup,CH,24,0.67,1893.78,74.74,88.07,66.67
R,0.24,49,32.65,0.16,0.2,Matt Olson,11.16,621566,ATL,51.02,25,Sweeper,ST,21.05,0.22,2544.86,80.08,80.7,52
R,0.22,48,35.42,0.09,0.7,Matt Olson,10.93,621566,ATL,60.42,10.53,Cutter,FC,20,0.33,2388.62,83.96,88.81,44.83
R,0.11,43,34.88,0.07,0.03,Matt Olson,9.79,621566,ATL,55.81,15.79,Slider,SL,46.67,0,2381.63,82.96,86.71,50
R,0.47,42,23.81,-0.12,0.77,Matt Olson,9.57,621566,ATL,47.62,22.73,Sinker,SI,11.76,0.22,2200.1,87.85,94.57,60
R,0.58,22,18.18,-0.9,0.14,Matt Olson,5.01,621566,ATL,36.36,21.43,Split-Finger,FS,36.36,0.33,1412.95,84.18,86.39,100
R,0.11,21,47.62,0.5,-0.7,Matt Olson,4.78,621566,ATL,57.14,44.44,Curveball,CU,25,0,2312.95,92,79.31,33.33
R,0.92,11,27.27,0.51,-0.81,Matt Olson,2.51,621566,ATL,54.55,40,Knuckle Curve,KC,25,0.5,2501.18,89.65,84.15,100
R,0,8,50,-0.98,-0.36,Matt Olson,1.82,621566,ATL,50,50,Slurve,SV,50,0,2651.25,71.1,87.45,50
R,0,2,0,0,0,Matt Olson,0.46,621566,ATL,0,0,Unknown,UNK,0,0,0,0,0,0
R,0.28,124,19.35,0.11,1.22,Mauricio Dubón,35.13,643289,ATL,53.23,46.55,4-Seam Fastball,FF,13.25,0.16,2264.45,77.65,94.32,84.85
R,0.35,54,24.07,-0.55,0.82,Mauricio Dubón,15.3,643289,ATL,61.11,42.86,Sinker,SI,27.5,0.39,2229.76,80.99,95.19,93.94
R,0.12,44,22.73,0.43,0.29,Mauricio Dubón,12.46,643289,ATL,31.82,40,Sweeper,ST,27.27,0,2560.32,74.69,80.27,71.43
R,0.38,40,5,0.18,0.38,Mauricio Dubón,11.33,643289,ATL,57.5,47.06,Changeup,CH,0,0.23,1826.65,84.95,86.86,91.3
R,0.11,31,25.81,0.31,0.18,Mauricio Dubón,8.78,643289,ATL,25.81,56.52,Slider,SL,23.53,0,2440.97,77.24,87.55,50
R,0.32,29,6.9,0.32,0.63,Mauricio Dubón,8.22,643289,ATL,37.93,16.67,Cutter,FC,0,0.27,2415.1,88.25,89.27,100
R,0.06,23,30.43,0.02,-0.51,Mauricio Dubón,6.52,643289,ATL,47.83,0,Curveball,CU,33.33,0,2361.7,77.55,84.74,54.55
R,0,7,0,0.45,-0.69,Mauricio Dubón,1.98,643289,ATL,0,28.57,Knuckle Curve,KC,0,0,2533,66.4,85.77,0
R,0,1,100,-0.74,0.37,Mauricio Dubón,0.28,643289,ATL,100,0,Split-Finger,FS,100,0,1101,0,86,100
R,0.55,90,16.67,-0.04,1.26,Michael Harris II,24.86,671739,ATL,53.33,33.33,4-Seam Fastball,FF,12.24,0.43,2246.17,83.37,94.4,72.92
R,0.25,59,15.25,0.5,0.75,Michael Harris II,16.3,671739,ATL,40.68,45.71,Sinker,SI,12.9,0.19,2159.86,81.05,94.49,62.5
R,0.3,44,13.64,-0.12,0.23,Michael Harris II,12.15,671739,ATL,59.09,33.33,Slider,SL,13.33,0.25,2276.52,80.57,85.54,92.31
R,0.18,43,18.6,-1.1,0.55,Michael Harris II,11.88,671739,ATL,58.14,22.22,Changeup,CH,22.22,0.22,1850.63,85.13,87.5,92
R,0.26,41,9.76,-0.37,0.32,Michael Harris II,11.33,671739,ATL,41.46,41.67,Sweeper,ST,8,0.33,2428.34,82.12,80.01,88.24
R,0.03,34,47.06,0.11,0.77,Michael Harris II,9.39,671739,ATL,47.06,66.67,Cutter,FC,36.36,0,2395.82,71.02,90.26,62.5
R,0.3,21,23.81,0.67,-0.84,Michael Harris II,5.8,671739,ATL,61.9,87.5,Curveball,CU,11.11,0.17,2509.76,85.51,78.03,84.62
R,0.17,11,18.18,0.53,-0.62,Michael Harris II,3.04,671739,ATL,27.27,100,Knuckle Curve,KC,18.18,0.33,2468.09,75.74,84.47,100
R,0.13,10,20,-0.72,0.04,Michael Harris II,2.76,671739,ATL,40,100,Split-Finger,FS,20,0.33,1259.4,97.69,84.88,100
R,0,4,50,-0.84,-0.24,Michael Harris II,1.1,671739,ATL,50,0,Slurve,SV,0,0,2632.5,0,86.25,0
R,0.31,3,0,-0.17,1.61,Michael Harris II,0.83,671739,ATL,33.33,100,Eephus,EP,0,0,1104.33,87.4,40.13,0
R,0.09,2,0,0.04,0.14,Michael Harris II,0.55,671739,ATL,50,0,Knuckleball,KN,0,0,252.5,86.1,79.4,100
R,0.02,63,39.68,-0.63,1.3,Mike Yastrzemski,39.87,573262,ATL,52.38,46.67,4-Seam Fastball,FF,37.5,0,2299.13,80.6,95,54.55
R,0.42,25,12,-0.94,0.25,Mike Yastrzemski,15.82,573262,ATL,24,15.79,Changeup,CH,14.29,0,1667.16,62.7,88.63,66.67
R,0.03,15,33.33,0.43,0.73,Mike Yastrzemski,9.49,573262,ATL,46.67,50,Cutter,FC,40,0,2349.87,90.27,90.09,85.71
R,0.22,12,41.67,0.37,-0.82,Mike Yastrzemski,7.59,573262,ATL,50,33.33,Knuckle Curve,KC,0,0.33,2551.33,89.27,84.78,50
R,0.34,12,16.67,-0.76,0.06,Mike Yastrzemski,7.59,573262,ATL,66.67,0,Split-Finger,FS,25,1,1384,81.9,84.07,100
R,0.04,11,36.36,1.15,0.4,Mike Yastrzemski,6.96,573262,ATL,72.73,0,Sweeper,ST,0,0,2622.45,84.65,81.93,50
R,0,8,50,-1.31,0.49,Mike Yastrzemski,5.06,573262,ATL,50,0,Sinker,SI,0,0,2168.5,0,92.48,0
R,0,6,50,0.18,0.06,Mike Yastrzemski,3.8,573262,ATL,0,66.67,Slider,SL,75,0,2433.33,92.4,87.37,0
R,0,4,50,1.2,-1.25,Mike Yastrzemski,2.53,573262,ATL,50,0,Curveball,CU,0,0,2732.5,0,75.6,0
R,0,2,0,-0.21,-0.33,Mike Yastrzemski,1.27,573262,ATL,50,0,Knuckleball,KN,0,0,362,0,80.4,0
R,0.35,113,24.78,-0.33,1.26,Ozzie Albies,29.43,645277,ATL,47.79,32.2,4-Seam Fastball,FF,26.23,0.08,2292.25,85.49,94.63,77.78
R,0.22,71,29.58,-0.26,0.34,Ozzie Albies,18.49,645277,ATL,33.8,48.94,Changeup,CH,34.88,0.29,1689.45,75.98,87.94,83.33
R,0.22,46,23.91,0.12,0.8,Ozzie Albies,11.98,645277,ATL,50,39.13,Sinker,SI,19.23,0.33,2213.41,85.58,94.3,73.91
R,0.16,33,39.39,0.26,0.14,Ozzie Albies,8.59,645277,ATL,18.18,55.56,Slider,SL,55.56,0.25,2535.3,89.59,86.89,50
R,0.43,31,32.26,0.52,-0.65,Ozzie Albies,8.07,645277,ATL,35.48,70,Curveball,CU,28.57,0.67,2496.94,61.34,80.11,63.64
R,0.25,27,48.15,0.51,0.16,Ozzie Albies,7.03,645277,ATL,51.85,84.62,Sweeper,ST,42.86,0.17,2603.67,80.23,81.55,71.43
R,0.17,25,16,-0.58,0.15,Ozzie Albies,6.51,645277,ATL,20,55,Split-Finger,FS,25,0.15,1327.8,79.58,85.83,100
R,0.04,22,18.18,0.04,0.66,Ozzie Albies,5.73,645277,ATL,68.18,42.86,Cutter,FC,22.22,0,2371.36,81.7,89.68,100
R,0.18,16,12.5,0.42,-0.74,Ozzie Albies,4.17,645277,ATL,62.5,33.33,Knuckle Curve,KC,0,0,2443.62,77.76,84.24,80
R,0.18,52,30.77,0.29,1.2,Ronald Acuña Jr.,50.98,660670,ATL,50,30.77,4-Seam Fastball,FF,40,0,2222.77,82.78,93.28,84.62
R,0,18,33.33,-0.16,0.69,Ronald Acuña Jr.,17.65,660670,ATL,44.44,60,Cutter,FC,33.33,0,2460,61.38,89.37,75
R,0.24,16,25,0.72,0.2,Ronald Acuña Jr.,15.69,660670,ATL,25,33.33,Sweeper,ST,33.33,0,2494.5,96.55,80.1,50
R,0.66,8,25,0.5,0.78,Ronald Acuña Jr.,7.84,660670,ATL,75,100,Sinker,SI,25,0.5,2227.5,87.13,94.5,100
R,0,4,100,-0.94,0.3,Ronald Acuña Jr.,3.92,660670,ATL,0,100,Changeup,CH,100,0,1896.5,0,87.9,0
R,0,4,0,-0.42,0.17,Ronald Acuña Jr.,3.92,660670,ATL,0,50,Slider,SL,0,0,2350,60.9,83.8,0
R,0.54,3,0,-0.11,1.42,Victor Mederos,100,682989,ATL,100,0,Eephus,EP,0,1,1121.33,75.15,40.9,66.67
R,0.21,43,46.51,-1.01,0.63,,29.45,676551,ATL,39.53,46.15,Sinker,SI,54.17,0.43,2168.77,80.01,94.65,70.59
R,0,24,12.5,-0.51,1.21,,16.44,676551,ATL,41.67,35.71,4-Seam Fastball,FF,7.69,0,2327.96,83.3,95.55,80
R,0.42,22,36.36,0.57,0.01,,15.07,676551,ATL,72.73,0,Slider,SL,20,0.67,2472.73,93.18,88.22,62.5
R,0.23,20,40,-0.48,0.11,,13.7,676551,ATL,40,33.33,Split-Finger,FS,60,0,1375.8,87.95,86.64,75
R,0.47,11,27.27,0.31,0.37,,7.53,676551,ATL,45.45,0,Changeup,CH,60,0.5,1858.55,104.4,89.42,100
R,1.18,9,0,1.24,0.01,,6.16,676551,ATL,22.22,28.57,Sweeper,ST,0,0,2786.78,91.2,82.59,100
R,0.47,8,50,0.42,0.54,,5.48,676551,ATL,25,33.33,Cutter,FC,100,0,2453,0,90.6,100
R,0.7,5,20,0.12,1.53,,3.42,676551,ATL,20,0,Eephus,EP,0,0,1105.4,0,40.52,0
R,0,4,0,0.44,-0.65,,2.74,676551,ATL,0,0,Curveball,CU,0,0,1835.5,0,74.9,0
R,0.13,46,30.43,-1.08,0.66,Chadwick Tromp,33.33,644433,BAL,69.57,42.86,Sinker,SI,0,0,2100.74,69.14,94.74,62.5
R,0.2,36,22.22,0.26,-0.04,Chadwick Tromp,26.09,644433,BAL,38.89,36.36,Slider,SL,36.36,0.12,2468.28,81.67,85.94,100
R,0.13,32,37.5,-0.25,1.33,Chadwick Tromp,23.19,644433,BAL,56.25,42.86,4-Seam Fastball,FF,14.29,0,2180.81,79.88,93.83,44.44
R,0,18,33.33,0.18,0.57,Chadwick Tromp,13.04,644433,BAL,55.56,25,Cutter,FC,40,0,2292.22,74.93,89.12,80
R,0,2,0,-0.86,-0.41,Chadwick Tromp,1.45,644433,BAL,0,0,Curveball,CU,0,0,2506,0,77.4,0
R,0.01,2,0,0.78,-0.51,Chadwick Tromp,1.45,644433,BAL,100,0,Knuckle Curve,KC,0,0,2708,85.2,79.8,100
R,0,2,0,0.63,-0.24,Chadwick Tromp,1.45,644433,BAL,100,0,Sweeper,ST,0,0,2507,71.7,85,100
R,0.38,91,18.68,-0.22,1.32,Christian Encarnacion-Strand,39.06,687952,BAL,63.74,39.39,4-Seam Fastball,FF,18.18,0.32,2234.11,84.61,95.02,91.38
R,0.56,54,31.48,-0.66,0.68,Christian Encarnacion-Strand,23.18,687952,BAL,40.74,31.25,Sinker,SI,10.53,0.44,2187.46,88.19,93.65,40.91
R,0.16,29,27.59,-0.13,0.23,Christian Encarnacion-Strand,12.45,687952,BAL,37.93,66.67,Slider,SL,22.73,0.11,2258,83.28,86.12,90.91
R,0.4,27,29.63,0.41,0.44,Christian Encarnacion-Strand,11.59,687952,BAL,29.63,89.47,Changeup,CH,34.78,0.2,1789,72.43,86.41,75
R,0.68,11,18.18,0.14,0.49,Christian Encarnacion-Strand,4.72,687952,BAL,81.82,100,Cutter,FC,0,0.5,2252.09,89.83,88.78,77.78
R,0,8,0,0,0,Christian Encarnacion-Strand,3.43,687952,BAL,0,0,Unknown,UNK,0,0,0,0,0,0
R,0.25,7,14.29,0.55,-0.11,Christian Encarnacion-Strand,3,687952,BAL,28.57,100,Sweeper,ST,14.29,0.33,2588.14,88.32,82.54,100
R,0,6,33.33,0.47,-0.76,Christian Encarnacion-Strand,2.58,687952,BAL,50,66.67,Curveball,CU,40,0,2635.67,73.23,78.72,100
R,0.34,63,33.33,-0.08,1.28,Coby Mayo,29.72,691723,BAL,61.9,25,4-Seam Fastball,FF,20,0.33,2230.29,88.47,94.65,61.54
R,0.54,40,22.5,-0.15,0.8,Coby Mayo,18.87,691723,BAL,47.5,28.57,Sinker,SI,5.26,0.67,2172.52,93.96,95.14,68.42
R,0.26,37,43.24,0.11,0.59,Coby Mayo,17.45,691723,BAL,29.73,46.15,Cutter,FC,76.19,0.2,2264.92,79.43,87.63,81.82
R,0,26,38.46,0.04,0.34,Coby Mayo,12.26,691723,BAL,50,30.77,Slider,SL,30,0,2414.19,78.09,86.05,46.15
R,1.55,20,30,0.7,0.38,Coby Mayo,9.43,691723,BAL,40,16.67,Changeup,CH,50,0.5,1802.1,104.35,85.94,75
R,0.6,14,35.71,0.69,0.14,Coby Mayo,6.6,691723,BAL,28.57,20,Sweeper,ST,66.67,0.67,2548.36,91.4,82.18,100
R,0.04,8,50,0.52,-1.26,Coby Mayo,3.77,691723,BAL,25,66.67,Knuckle Curve,KC,66.67,0,2682.5,89.7,83.1,100
R,0,4,50,-0.85,-0.5,Coby Mayo,1.89,691723,BAL,50,0,Curveball,CU,0,0,2522.5,0,79.1,0
R,0.46,48,16.67,-1.1,0.57,Colton Cowser,19.12,681297,BAL,31.25,6.06,Changeup,CH,0,0.25,1782.12,76.34,86.19,53.33
R,0.45,46,17.39,-0.18,1.28,Colton Cowser,18.33,681297,BAL,56.52,20,4-Seam Fastball,FF,9.09,0.5,2233.52,88.1,95.39,69.23
R,0.05,38,31.58,-0.11,-0.01,Colton Cowser,15.14,681297,BAL,31.58,46.15,Slider,SL,50,0,2401.66,69.92,85.41,66.67
R,0.37,36,33.33,0.62,0.79,Colton Cowser,14.34,681297,BAL,55.56,12.5,Sinker,SI,16.67,0.33,2201.5,82.27,94.04,50
R,0.16,26,19.23,-0.29,0.14,Colton Cowser,10.36,681297,BAL,30.77,22.22,Sweeper,ST,30,0,2652.85,82.07,82.63,75
R,0.24,20,40,-1.18,0.11,Colton Cowser,7.97,681297,BAL,40,33.33,Split-Finger,FS,50,0,1593.5,75,88.79,100
R,0.07,18,22.22,0.65,-0.79,Colton Cowser,7.17,681297,BAL,33.33,16.67,Curveball,CU,40,0,2477.22,79.6,78.13,50
R,0.7,8,25,0.12,0.64,Colton Cowser,3.19,681297,BAL,50,0,Cutter,FC,0,0,2336,0,90.65,0
R,0.36,8,75,0.51,-1.37,Colton Cowser,3.19,681297,BAL,50,100,Knuckle Curve,KC,66.67,0,2513.75,106,83.52,50
R,0.03,3,33.33,1.28,-0.97,Colton Cowser,1.2,681297,BAL,66.67,100,Slurve,SV,0,0,2600,94,81.13,50
R,0.29,101,25.74,-0.46,1.37,Dylan Beavers,30.7,687637,BAL,61.39,2.56,4-Seam Fastball,FF,9.3,0.23,2220.75,83.83,93.84,67.74
R,0.28,59,27.12,-1.07,0.62,Dylan Beavers,17.93,687637,BAL,30.51,14.63,Changeup,CH,50,0.12,1904.54,73.46,85.93,55.56
R,0.44,48,29.17,0.12,0.69,Dylan Beavers,14.59,687637,BAL,58.33,40,Cutter,FC,21.43,0.17,2342.79,88.45,90.12,71.43
R,0.7,41,19.51,0.2,0.06,Dylan Beavers,12.46,687637,BAL,51.22,10,Slider,SL,11.76,0.6,2457.71,87.07,85.3,71.43
R,0.21,34,47.06,-0.33,0.77,Dylan Beavers,10.33,687637,BAL,58.82,14.29,Sinker,SI,33.33,0,2255.06,89.33,95.05,50
R,0.36,18,33.33,0.84,-0.68,Dylan Beavers,5.47,687637,BAL,22.22,57.14,Curveball,CU,25,0,2539.78,86.15,78.91,0
R,0.35,12,16.67,0.81,-1.01,Dylan Beavers,3.65,687637,BAL,83.33,0,Knuckle Curve,KC,0,0.5,2649.67,90.8,82.23,80
R,0,12,16.67,0.15,0.19,Dylan Beavers,3.65,687637,BAL,16.67,0,Sweeper,ST,0,0,2698.5,0,81.8,0
R,0,2,50,1.22,-0.94,Dylan Beavers,0.61,687637,BAL,50,0,Slurve,SV,0,0,2549,0,79.5,0
R,0,2,0,-0.87,0.05,Dylan Beavers,0.61,687637,BAL,0,0,Split-Finger,FS,0,0,1324,0,89,0
R,0.27,133,25.56,-0.31,1.29,Gunnar Henderson,29.75,683002,BAL,54.89,18.33,4-Seam Fastball,FF,21.21,0.28,2241.89,85.92,94.58,75.34
R,0.26,70,31.43,0.51,0.73,Gunnar Henderson,15.66,683002,BAL,65.71,8.33,Sinker,SI,14.29,0.38,2134.8,88.77,95.15,56.52
R,0.43,60,26.67,0.08,0.8,Gunnar Henderson,13.42,683002,BAL,46.67,31.25,Cutter,FC,31.25,0,2411.4,84.13,90.99,78.57
R,0.16,54,24.07,-0.66,0.44,Gunnar Henderson,12.08,683002,BAL,35.19,40,Changeup,CH,33.33,0.18,1718.56,78.79,86.83,84.21
R,0.32,54,31.48,0.04,0.04,Gunnar Henderson,12.08,683002,BAL,51.85,50,Slider,SL,29.41,0.12,2506.56,74.18,84.71,75
R,0.37,27,33.33,-0.62,-0.21,Gunnar Henderson,6.04,683002,BAL,44.44,33.33,Sweeper,ST,27.27,0,2565.37,71.97,81.06,50
R,0.49,21,9.52,0.78,-0.65,Gunnar Henderson,4.7,683002,BAL,23.81,12.5,Curveball,CU,28.57,0,2576.9,87.16,79.47,100
R,0,12,16.67,0.47,-1.21,Gunnar Henderson,2.68,683002,BAL,0,33.33,Knuckle Curve,KC,50,0,2562.67,73.7,83.02,0
R,0.04,8,0,-0.77,0.19,Gunnar Henderson,1.79,683002,BAL,50,0,Split-Finger,FS,0,0,1318,74.9,89.25,100
R,0,8,0,0,0,Gunnar Henderson,1.79,683002,BAL,0,0,Unknown,UNK,0,0,0,0,0,0
R,0.46,79,16.46,-0.56,1.29,Jackson Holliday,27.82,702616,BAL,60.76,16.13,4-Seam Fastball,FF,7.89,0.69,2241.34,84.78,95.3,68.75
R,0.35,66,27.27,-0.11,0.68,Jackson Holliday,23.24,702616,BAL,54.55,6.67,Sinker,SI,0,0.5,2141.67,81.08,93.91,55.56
R,0.25,32,31.25,-1.16,0.31,Jackson Holliday,11.27,702616,BAL,50,50,Changeup,CH,41.67,0.15,1856.38,79.03,86.02,100
R,0.2,24,33.33,0.23,0.91,Jackson Holliday,8.45,702616,BAL,66.67,25,Cutter,FC,28.57,0.33,2374.83,83.85,90.95,75
R,0.03,24,25,0,0.22,Jackson Holliday,8.45,702616,BAL,41.67,28.57,Slider,SL,33.33,0,2404.5,74.3,85.24,80
R,0.16,24,29.17,-0.32,-0.03,Jackson Holliday,8.45,702616,BAL,45.83,0,Sweeper,ST,33.33,0,2471.21,94.55,81.78,54.55
R,0.37,17,29.41,1.12,-0.76,Jackson Holliday,5.99,702616,BAL,64.71,0,Curveball,CU,0,0.44,2536.53,95.12,77.48,72.73
R,0.28,8,0,-1.2,0.46,Jackson Holliday,2.82,702616,BAL,25,33.33,Split-Finger,FS,0,1,1483.5,68.95,89.3,100
R,0,8,0,0,0,Jackson Holliday,2.82,702616,BAL,0,0,Unknown,UNK,0,0,0,0,0,0
R,0,2,0,0.79,-1.34,Jackson Holliday,0.7,702616,BAL,0,0,Knuckle Curve,KC,0,0,2416,0,82.4,0
R,0.46,31,9.68,-0.13,1.4,Jeremiah Jackson,28.7,669236,BAL,54.84,0,4-Seam Fastball,FF,6.67,0,2277.23,78.94,95.35,88.24
R,0.35,29,37.93,0.05,0.34,Jeremiah Jackson,26.85,669236,BAL,65.52,20,Slider,SL,23.08,0,2253.79,67.51,85.2,57.89
R,0,18,44.44,-0.12,0.39,Jeremiah Jackson,16.67,669236,BAL,22.22,57.14,Changeup,CH,66.67,0,1750.67,65.05,87.87,100
R,0.31,12,0,-0.32,0.86,Jeremiah Jackson,11.11,669236,BAL,50,66.67,Sinker,SI,0,0,2194.67,81.12,94.65,100
R,0,8,25,-0.72,0.93,Jeremiah Jackson,7.41,669236,BAL,25,33.33,Split-Finger,FS,50,0,1048.25,0,87.82,100
R,0.43,6,33.33,-0.32,0.64,Jeremiah Jackson,5.56,669236,BAL,0,100,Cutter,FC,33.33,0.5,2290.67,80.6,88.13,0
R,0,4,0,0.15,-0.9,Jeremiah Jackson,3.7,669236,BAL,50,0,Curveball,CU,0,0,2671,91.8,80.15,100
R,0.36,133,20.3,-0.29,1.27,Leody Taveras,43.32,665750,BAL,48.87,22.06,4-Seam Fastball,FF,10.34,0.15,2230.68,78.71,94.68,66.15
R,0.27,45,26.67,-0.34,0.21,Leody Taveras,14.66,665750,BAL,46.67,66.67,Changeup,CH,19.35,0.23,1787.8,72.44,86.81,71.43
R,0.33,44,31.82,0.72,0.68,Leody Taveras,14.33,665750,BAL,63.64,12.5,Sinker,SI,18.18,0.2,2242.82,83.47,94.03,71.43
R,0.07,24,16.67,0.13,0.11,Leody Taveras,7.82,665750,BAL,16.67,10,Slider,SL,66.67,0,2346,75.6,85.04,100
R,0.18,22,27.27,0.47,-0.91,Leody Taveras,7.17,665750,BAL,27.27,12.5,Curveball,CU,50,0,2632.64,85.1,81.92,33.33
R,0.53,18,33.33,0.16,0.57,Leody Taveras,5.86,665750,BAL,44.44,40,Cutter,FC,40,0,2182.89,67.15,89.76,75
R,0,11,18.18,0.23,0.07,Leody Taveras,3.58,665750,BAL,45.45,33.33,Sweeper,ST,0,0,2563.27,84.72,81.32,60
R,0.16,6,33.33,0.64,-1.19,Leody Taveras,1.95,665750,BAL,66.67,100,Knuckle Curve,KC,0,0,2654.67,62.05,82.03,50
R,0,4,0,-1.02,0.19,Leody Taveras,1.3,665750,BAL,50,0,Split-Finger,FS,0,0,1356.5,67.2,89.65,100
R,0.41,118,27.12,-0.18,1.3,Pete Alonso,29.14,624413,BAL,55.08,28.3,4-Seam Fastball,FF,15.79,0.33,2241.11,90.98,94.66,64.62
R,0.35,102,21.57,-0.59,0.79,Pete Alonso,25.19,624413,BAL,47.06,25.93,Sinker,SI,9.09,0.12,2164.55,83.95,94.75,62.5
R,0.48,53,35.85,0.21,0.11,Pete Alonso,13.09,624413,BAL,62.26,50,Slider,SL,14.29,0.35,2426.47,80.45,86.54,54.55
R,0.29,51,19.61,0.26,0.72,Pete Alonso,12.59,624413,BAL,43.14,34.48,Cutter,FC,21.43,0.17,2292.2,87.81,88.03,81.82
R,0.09,27,14.81,-0.45,0.54,Pete Alonso,6.67,624413,BAL,22.22,42.86,Changeup,CH,0,0,1856.93,76.37,86.56,33.33
R,0.01,14,35.71,0.86,-0.74,Pete Alonso,3.46,624413,BAL,50,42.86,Curveball,CU,50,0,2625.86,86.6,80.19,42.86
R,0.34,14,28.57,0.35,0.01,Pete Alonso,3.46,624413,BAL,35.71,33.33,Sweeper,ST,42.86,0,2496.5,87.93,83.28,80
R,0.43,10,40,0.54,-1.22,Pete Alonso,2.47,624413,BAL,20,50,Knuckle Curve,KC,66.67,1,2603,99.9,83.54,100
R,0,8,0,0,0,Pete Alonso,1.98,624413,BAL,0,0,Unknown,UNK,0,0,0,0,0,0
R,0,6,33.33,1.33,-1.03,Pete Alonso,1.48,624413,BAL,50,0,Slurve,SV,0,0,2740.17,82,80.33,33.33
R,0,2,100,0.41,0.18,Pete Alonso,0.49,624413,BAL,0,100,Split-Finger,FS,100,0,1502,0,92,0
R,0.37,150,23.33,-0.13,1.34,Taylor Ward,34.72,621493,BAL,51.33,5.48,4-Seam Fastball,FF,9.43,0.13,2258.66,85.56,94.8,63.64
R,0.2,82,29.27,0.23,0.05,Taylor Ward,18.98,621493,BAL,52.44,15.38,Slider,SL,7.41,0.21,2468.93,80.2,85.89,48.84
R,0.35,70,27.14,-0.77,0.8,Taylor Ward,16.2,621493,BAL,48.57,16.67,Sinker,SI,17.39,0.35,2199.31,87.46,94.8,50
R,0.44,61,29.51,0.24,0.85,Taylor Ward,14.12,621493,BAL,47.54,18.75,Cutter,FC,14.29,0.4,2375.48,80.21,89.91,51.72
R,0.67,27,22.22,1.09,0.04,Taylor Ward,6.25,621493,BAL,40.74,0,Sweeper,ST,0,0.33,2631.37,84.6,83.54,45.45
R,0.04,22,45.45,0.22,0.41,Taylor Ward,5.09,621493,BAL,18.18,55.56,Changeup,CH,60,0,1607.55,91.5,86.72,0
R,0.09,12,8.33,0.64,-0.8,Taylor Ward,2.78,621493,BAL,41.67,0,Curveball,CU,20,0,2558.33,83.9,80.2,100
R,0,6,33.33,0.73,-0.95,Taylor Ward,1.39,621493,BAL,33.33,0,Knuckle Curve,KC,100,0,2778.33,0,79.93,100
R,0,2,0,-0.64,0.18,Taylor Ward,0.46,621493,BAL,0,0,Split-Finger,FS,0,0,844,0,88,0
R,0.11,53,30.19,-0.02,1.26,Tyler O'Neill,30.11,641933,BAL,58.49,27.27,4-Seam Fastball,FF,14.81,0.29,2196.92,85.69,96.01,67.74
R,0.28,41,9.76,-0.15,0.92,Tyler O'Neill,23.3,641933,BAL,39.02,32,Sinker,SI,0,0.33,2232.44,83.94,96.26,62.5
R,0.3,32,15.62,-0.08,0.29,Tyler O'Neill,18.18,641933,BAL,50,62.5,Slider,SL,16,0.3,2338.72,75.99,86.25,93.75
R,0.18,26,15.38,0.66,0.37,Tyler O'Neill,14.77,641933,BAL,46.15,14.29,Changeup,CH,16.67,0,1746.85,89.38,85.43,83.33
R,0.02,16,25,0.04,0.57,Tyler O'Neill,9.09,641933,BAL,50,25,Cutter,FC,40,0,2307,96.4,89.12,100
R,0,6,100,0.33,-0.24,Tyler O'Neill,3.41,641933,BAL,33.33,100,Sweeper,ST,100,0,2508.33,0,83.03,100
R,1.6,2,0,-0.69,-1.19,Tyler O'Neill,1.14,641933,BAL,100,0,Curveball,CU,0,1,2694,104.4,80.2,100
R,0.18,18,33.33,-0.51,1.29,Yohel Pozo,45,650968,BAL,11.11,75,4-Seam Fastball,FF,33.33,0,2291.56,74.8,96.03,0
R,0,6,33.33,-0.94,-0.06,Yohel Pozo,15,650968,BAL,0,66.67,Changeup,CH,50,0,1639.67,109.2,89.73,0
R,0,6,66.67,0.1,-0.5,Yohel Pozo,15,650968,BAL,33.33,100,Slider,SL,50,0,2675,101.4,84.03,0
R,0,4,0,0.85,-1.34,Yohel Pozo,10,650968,BAL,0,0,Curveball,CU,0,0,2727,0,81.95,0
R,0.12,4,0,0.37,0.61,Yohel Pozo,10,650968,BAL,50,100,Cutter,FC,0,0,2213.5,78,89.9,100
R,0.78,2,0,-1.19,0.91,Yohel Pozo,5,650968,BAL,100,0,Sinker,SI,0,1,2215,85.4,95.9,100
L,0.22,24,33.33,-0.52,1.45,,52.17,668939,BAL,58.33,10,4-Seam Fastball,FF,12.5,0.33,2340.12,80.84,92.88,50
R,0.12,24,25,0.1,1.4,,31.58,669087,BAL,58.33,20,4-Seam Fastball,FF,37.5,0,2246.58,83.92,94.49,100
R,0,16,50,-0.56,0.93,,21.05,669087,BAL,75,100,Sinker,SI,33.33,0,2226.88,85.33,96.66,66.67
R,0,14,28.57,0.83,0.64,,33.33,671286,BAL,28.57,20,Changeup,CH,66.67,0,1506.71,58.2,84.26,100
L,0,11,27.27,-1.23,0.64,,28.21,694212,BAL,27.27,62.5,Changeup,CH,28.57,0,1817,89.67,85.24,66.67
R,0,10,100,0.99,0.55,,13.16,669087,BAL,60,100,Changeup,CH,100,0,1890.6,0,83.2,33.33
R,0.38,10,40,0.18,1.34,,23.81,671286,BAL,80,100,4-Seam Fastball,FF,25,1,2298,87.6,94.1,75
R,0.32,8,25,0.1,0.24,,10.53,669087,BAL,50,0,Slider,SL,50,0,2327.75,89.5,87.12,100
R,0,8,75,-0.05,0.17,,19.05,671286,BAL,50,50,Cutter,FC,100,0,2415.5,0,87.92,50
R,0.45,8,25,-1.23,0.64,,19.05,671286,BAL,50,0,Sinker,SI,0,1,2015.5,87.5,97.2,50
L,0,8,37.5,0.22,0.32,,20.51,694212,BAL,62.5,66.67,Slider,SL,42.86,0,2546.12,90.05,85.08,100
L,0.08,6,16.67,-1.13,0.69,,13.04,668939,BAL,50,33.33,Changeup,CH,0,0,1831,79.7,85.95,66.67
R,0,6,66.67,-0.21,0.56,,7.89,669087,BAL,33.33,50,Cutter,FC,100,0,2327.67,0,89.73,100
R,0,6,66.67,0.59,-1.49,,7.89,669087,BAL,66.67,0,Knuckle Curve,KC,0,0,2761.33,0,83.87,0
R,0,6,66.67,1.58,0.13,,7.89,669087,BAL,33.33,100,Sweeper,ST,50,0,2648.67,0,82.2,0
L,0,6,50,0.04,0.95,,15.38,694212,BAL,16.67,20,Cutter,FC,100,0,2360.67,0,89.45,0
L,0.29,5,20,1.58,-0.53,,10.87,668939,BAL,40,0,Curveball,CU,0,0,2863,96.1,76.76,50
L,0.71,5,0,1.17,-1.04,,10.87,668939,BAL,0,0,Slurve,SV,0,0,2665.8,0,80.78,0
L,0.11,5,60,0.77,1.51,,12.82,694212,BAL,60,50,Sinker,SI,50,0,2307.4,64.2,94.4,33.33
L,0,4,0,0.67,0.4,,8.7,668939,BAL,25,0,Sweeper,ST,0,0,2745.25,0,81.92,0
L,0.07,4,50,0.64,-1.4,,10.26,694212,BAL,100,0,Knuckle Curve,KC,50,0,2623.5,67.4,83.75,100
L,0.35,3,33.33,-0.78,1.32,,7.69,694212,BAL,33.33,0,4-Seam Fastball,FF,100,0,2306.67,0,94.6,100
L,0.61,2,50,-0.92,0.69,,4.35,668939,BAL,50,100,Slider,SL,50,0,2524,84.4,79.95,100
R,0,2,0,-0.54,0.23,,4.76,671286,BAL,0,0,Slider,SL,0,0,2294,0,87.4,0
L,0,1,0,1.5,-0.65,,2.56,694212,BAL,0,0,Curveball,CU,0,0,2974,0,77.7,0
L,0.73,1,0,1.18,0.48,,2.56,694212,BAL,0,0,Sweeper,ST,0,0,2816,0,82,0
R,0.54,91,37.36,0.01,1.36,Andruw Monasterio,35.27,655316,BOS,68.13,6.9,4-Seam Fastball,FF,0,0.3,2302.37,82.35,94.77,41.94
R,0.33,68,17.65,0.11,0.25,Andruw Monasterio,26.36,655316,BOS,32.35,26.09,Slider,SL,20,0.4,2411.85,84.05,86.22,81.82
R,0.53,26,15.38,-1.14,0.36,Andruw Monasterio,10.08,655316,BOS,50,30.77,Sinker,SI,0,0.71,2156.54,80.64,94.28,53.85
R,0.01,22,36.36,-0.46,-1.08,Andruw Monasterio,8.53,655316,BOS,45.45,16.67,Curveball,CU,60,0,2566.45,78.15,77.75,80
R,0.03,16,31.25,0.74,0,Andruw Monasterio,6.2,655316,BOS,50,25,Sweeper,ST,28.57,0,2587.94,75.52,83.35,62.5
R,0.44,15,53.33,0.11,0.56,Andruw Monasterio,5.81,655316,BOS,80,0,Cutter,FC,0,0.5,2166.27,79.95,87.54,33.33
R,0.84,14,7.14,1.23,0.46,Andruw Monasterio,5.43,655316,BOS,21.43,18.18,Changeup,CH,33.33,1,1684.93,85.3,84.59,33.33
R,0.4,6,0,-0.9,0.53,Andruw Monasterio,2.33,655316,BOS,100,0,Split-Finger,FS,0,1,1437,89.73,84.03,100
R,0.34,80,30,-0.42,1.34,Anthony Seigler,41.67,678011,BOS,55,19.44,4-Seam Fastball,FF,20,0.16,2332.7,85.76,95.26,63.64
R,0.2,28,25,-0.76,0.55,Anthony Seigler,14.58,678011,BOS,42.86,18.75,Changeup,CH,27.27,0,1757.43,75.49,85.89,66.67
R,0.03,23,34.78,0.5,-1.14,Anthony Seigler,11.98,678011,BOS,21.74,66.67,Curveball,CU,47.06,0,2601.35,69.72,82.29,100
R,0.33,14,28.57,-1.04,0.27,Anthony Seigler,7.29,678011,BOS,42.86,25,Split-Finger,FS,33.33,1,1465.43,84.25,86.33,66.67
R,0.78,12,33.33,-1.09,0.82,Anthony Seigler,6.25,678011,BOS,58.33,40,Sinker,SI,0,0.6,2234.83,95.12,94.65,42.86
R,0.31,11,0,0.1,0.46,Anthony Seigler,5.73,678011,BOS,54.55,40,Cutter,FC,0,0.4,2354.73,86.55,89.86,100
R,0.38,10,60,0.13,0.23,Anthony Seigler,5.21,678011,BOS,60,100,Slider,SL,75,0.5,2572.8,99.4,87.66,66.67
R,0.3,6,33.33,0.48,-0.91,Anthony Seigler,3.12,678011,BOS,66.67,0,Knuckle Curve,KC,0,0,2605.33,96.8,84.57,50
R,0.01,4,25,-0.28,1.49,Anthony Seigler,2.08,678011,BOS,50,50,Eephus,EP,0,0,1095.25,73.3,44.32,50
R,0.65,4,25,0.5,0.55,Anthony Seigler,2.08,678011,BOS,75,100,Sweeper,ST,0,1,2523.5,81.93,81.88,66.67
R,0.18,105,25.71,-0.19,1.41,Caleb Durbin,30.97,702332,BOS,47.62,30.91,4-Seam Fastball,FF,13.04,0.16,2310.83,76.83,95.09,58
R,0.29,69,26.09,-0.01,0.13,Caleb Durbin,20.35,702332,BOS,46.38,27.03,Slider,SL,18.75,0.29,2463.93,76.3,85.97,68.75
R,0.34,65,24.62,-1.09,0.73,Caleb Durbin,19.17,702332,BOS,60,34.62,Sinker,SI,10.53,0.25,2196.88,72.08,94.43,74.36
R,0.19,29,20.69,0.88,0.23,Caleb Durbin,8.55,702332,BOS,44.83,25,Changeup,CH,15.38,0.5,1712.76,77.91,84.66,69.23
R,0.27,25,8,0.2,0.6,Caleb Durbin,7.37,702332,BOS,60,40,Cutter,FC,0,0.46,2261.32,80.07,88.58,86.67
R,0.15,16,12.5,-1.06,0.55,Caleb Durbin,4.72,702332,BOS,37.5,40,Split-Finger,FS,20,1,1472.5,61.33,83.85,100
R,0.8,15,46.67,0.01,-0.84,Caleb Durbin,4.42,702332,BOS,46.67,50,Curveball,CU,25,1,2487.27,82.1,80.32,57.14
R,0.32,9,11.11,1.24,0.25,Caleb Durbin,2.65,702332,BOS,22.22,57.14,Sweeper,ST,0,0.33,2831,81.73,84.77,50
R,0,4,0,0.4,-0.68,Caleb Durbin,1.18,702332,BOS,50,0,Knuckle Curve,KC,0,0,2659.5,68.4,88.1,100
R,0.42,2,0,-0.5,1.86,Caleb Durbin,0.59,702332,BOS,50,0,Eephus,EP,0,1,1190,90.4,47.5,100
R,0.2,35,51.43,-0.15,1.42,Carlos Narváez,38.46,665966,BOS,48.57,22.22,4-Seam Fastball,FF,66.67,0,2319.06,21.15,94.88,47.06
R,0,30,46.67,0.26,0.04,Carlos Narváez,32.97,665966,BOS,20,41.67,Slider,SL,85.71,0,2420.67,0,87.17,66.67
R,0.32,10,30,-0.9,0.74,Carlos Narváez,10.99,665966,BOS,70,66.67,Sinker,SI,0,0.33,2183.9,79.86,94.25,71.43
R,0.16,8,37.5,0.27,0.3,Carlos Narváez,8.79,665966,BOS,37.5,60,Changeup,CH,40,0,1696.88,91.87,85.26,66.67
R,1.14,5,40,1.3,-0.1,Carlos Narváez,5.49,665966,BOS,60,50,Sweeper,ST,33.33,1,2842,88.95,86.56,66.67
R,0,2,0,0.42,-1.25,Carlos Narváez,2.2,665966,BOS,100,0,Curveball,CU,0,0,2469,83.5,84.3,100
R,0,1,0,0.17,0.08,Carlos Narváez,1.1,665966,BOS,100,0,Cutter,FC,0,0,2044,99.3,86.6,100
R,0.19,115,35.65,-0.11,1.31,Ceddanne Rafaela,30.83,678882,BOS,49.57,65.52,4-Seam Fastball,FF,23.94,0.21,2342.08,82.28,94.65,57.89
R,0.3,64,28.12,0.26,0.19,Ceddanne Rafaela,17.16,678882,BOS,37.5,65,Slider,SL,27.27,0.33,2537.53,80.92,85.96,75
R,0.2,44,27.27,0.27,0.64,Ceddanne Rafaela,11.8,678882,BOS,45.45,29.17,Cutter,FC,26.09,0.43,2297.84,76.77,88.41,80
R,0.48,42,21.43,-1.16,0.72,Ceddanne Rafaela,11.26,678882,BOS,59.52,52.94,Sinker,SI,0,0.43,2167.45,82.67,93.96,72
R,0.16,33,21.21,0.34,0.32,Ceddanne Rafaela,8.85,678882,BOS,33.33,27.27,Changeup,CH,37.5,0.17,1821.03,72.54,85.61,90.91
R,0.21,30,26.67,0.83,-0.02,Ceddanne Rafaela,8.04,678882,BOS,40,44.44,Sweeper,ST,14.29,0.29,2678.23,73.56,84.66,50
R,0.16,26,23.08,0.09,-0.95,Ceddanne Rafaela,6.97,678882,BOS,53.85,50,Curveball,CU,6.67,0.4,2530.62,89.88,79.2,64.29
R,0.34,12,33.33,0.18,-1.01,Ceddanne Rafaela,3.22,678882,BOS,33.33,50,Knuckle Curve,KC,50,0,2530,88.65,84.73,100
R,0,5,20,-0.37,1.67,Ceddanne Rafaela,1.34,678882,BOS,40,0,Eephus,EP,0,0,1161,85.9,45.96,50
R,0,2,0,-1.19,0.63,Ceddanne Rafaela,0.54,678882,BOS,0,0,Split-Finger,FS,0,0,1795,0,84.6,0
R,0.39,55,21.82,-0.16,1.35,Connor Wong,27.92,657136,BOS,43.64,32.26,4-Seam Fastball,FF,20,0.22,2301.53,86.68,94.99,83.33
R,0.24,47,29.79,-0.16,0.27,Connor Wong,23.86,657136,BOS,46.81,32,Slider,SL,33.33,0.33,2476.53,78.44,85.47,72.73
R,0.32,28,14.29,-1.19,0.81,Connor Wong,14.21,657136,BOS,60.71,0,Sinker,SI,0,0.4,2166.04,84.64,93.62,64.71
R,0.07,26,46.15,0.36,0.55,Connor Wong,13.2,657136,BOS,46.15,42.86,Cutter,FC,57.14,0,2281.46,72.05,87.65,66.67
R,0.09,13,38.46,1.17,-0.25,Connor Wong,6.6,657136,BOS,46.15,42.86,Sweeper,ST,60,0,2835.62,101.1,84.07,33.33
R,0,9,44.44,0.63,0.47,Connor Wong,4.57,657136,BOS,33.33,66.67,Changeup,CH,57.14,0,1721,73.83,83.07,100
R,0,8,75,0.33,-0.82,Connor Wong,4.06,657136,BOS,0,75,Knuckle Curve,KC,100,0,2660,0,84.32,0
R,0.02,7,0,0.04,-1.18,Connor Wong,3.55,657136,BOS,57.14,33.33,Curveball,CU,0,0,2658.71,83.58,76.31,100
R,0,4,0,-0.8,0.8,Connor Wong,2.03,657136,BOS,50,0,Split-Finger,FS,0,0,1306.5,70.7,83.85,100
R,0.42,37,43.24,0.77,1.32,Jahmai Jones,33.64,663330,BOS,43.24,9.52,4-Seam Fastball,FF,80,0.33,2263.59,105.1,94.14,50
R,0.08,28,50,-0.37,0.13,Jahmai Jones,25.45,663330,BOS,42.86,37.5,Slider,SL,62.5,0.5,2509.93,96.25,82.23,83.33
R,0.22,23,47.83,1.27,0.35,Jahmai Jones,20.91,663330,BOS,47.83,50,Changeup,CH,60,0.29,1651.52,80.53,83.81,81.82
R,0,8,0,-1.39,0.36,Jahmai Jones,7.27,663330,BOS,50,0,Sinker,SI,0,0,2175.25,78.7,95.6,100
R,0,5,20,-0.1,0.58,Jahmai Jones,4.55,663330,BOS,60,0,Cutter,FC,0,0,2197,96.65,88.6,66.67
R,0.08,4,0,-0.4,-0.95,Jahmai Jones,3.64,663330,BOS,50,100,Curveball,CU,0,0,2450.5,71.5,79.8,100
R,0.97,4,0,-0.1,-0.88,Jahmai Jones,3.64,663330,BOS,100,0,Knuckle Curve,KC,0,1,2032.5,100.8,85.5,100
R,1.57,1,0,-1.2,0.63,Jahmai Jones,0.91,663330,BOS,100,0,Sweeper,ST,0,1,2229,105,81.2,100
R,0.38,122,30.33,-0.2,1.3,Jarren Duran,38.98,680776,BOS,62.3,39.13,4-Seam Fastball,FF,19.05,0.33,2318.84,79.92,94.74,59.21
R,0.06,47,27.66,-0.98,0.41,Jarren Duran,15.02,680776,BOS,38.3,41.38,Changeup,CH,39.29,0.08,1821.89,76.48,86.56,88.89
R,0.32,42,23.81,-0.11,0.34,Jarren Duran,13.42,680776,BOS,57.14,55.56,Slider,SL,14.29,0.38,2402.67,85.48,87.06,75
R,0.3,32,25,-0.97,0.34,Jarren Duran,10.22,680776,BOS,43.75,33.33,Split-Finger,FS,25,0.29,1392.06,90.05,85.63,71.43
R,0,24,37.5,0.3,-1.1,Jarren Duran,7.67,680776,BOS,25,11.11,Curveball,CU,0,0,2523.67,75.5,80.4,0
R,0.43,20,0,-0.98,0.52,Jarren Duran,6.39,680776,BOS,50,0,Sinker,SI,0,0,2156.4,88.02,93.68,100
R,0.04,15,20,0.09,0.59,Jarren Duran,4.79,680776,BOS,40,33.33,Cutter,FC,33.33,0,2096.6,62.4,90.49,100
R,0.38,7,71.43,0.02,0.08,Jarren Duran,2.24,680776,BOS,71.43,50,Sweeper,ST,50,0,2568.57,103.7,84.91,20
R,0.26,4,0,0.47,-0.95,Jarren Duran,1.28,680776,BOS,50,0,Knuckle Curve,KC,0,0,2539.5,92.3,83.1,100
R,0.34,79,22.78,-0.59,1.32,Masataka Yoshida,38.92,807799,BOS,50.63,38.46,4-Seam Fastball,FF,5.13,0.26,2343.43,84.74,95.53,60
R,0.42,32,12.5,-0.94,0.51,Masataka Yoshida,15.76,807799,BOS,18.75,7.69,Split-Finger,FS,33.33,0,1340.81,85.75,83.92,66.67
R,0.24,29,24.14,-1.04,0.56,Masataka Yoshida,14.29,807799,BOS,65.52,30,Changeup,CH,16.67,0.08,1850.79,83.78,86.19,78.95
R,0.39,26,15.38,0.57,-1.15,Masataka Yoshida,12.81,807799,BOS,50,0,Curveball,CU,0,0.5,2674.04,88.4,79.3,53.85
R,0.15,9,44.44,0.33,0.81,Masataka Yoshida,4.43,807799,BOS,66.67,66.67,Cutter,FC,0,0,2318,89.62,89.28,33.33
R,0.47,9,22.22,-0.99,0.99,Masataka Yoshida,4.43,807799,BOS,77.78,0,Sinker,SI,0,0.4,2208.78,80.94,93.38,71.43
R,0.07,8,25,0.23,-0.04,Masataka Yoshida,3.94,807799,BOS,75,0,Slider,SL,0,0,2690.75,96,86.2,66.67
R,0.46,6,0,0.33,-0.77,Masataka Yoshida,2.96,807799,BOS,33.33,50,Knuckle Curve,KC,0,0.5,2564.67,98.25,84.5,100
R,0.06,3,33.33,-0.43,1.59,Masataka Yoshida,1.48,807799,BOS,33.33,50,Eephus,EP,0,0,1290,77,48.13,0
R,0.7,2,0,1.25,0.09,Masataka Yoshida,0.99,807799,BOS,0,0,Sweeper,ST,0,0,2735,0,85.8,0
R,0.04,16,25,-0.54,1.3,Nick Sogard,40,686765,BOS,50,0,4-Seam Fastball,FF,0,0,2485.75,74.75,95.44,50
R,0.72,8,25,-0.14,0.24,Nick Sogard,20,686765,BOS,25,33.33,Changeup,CH,50,1,1990.25,99.9,85.95,100
R,0.76,8,50,0.31,0.69,Nick Sogard,20,686765,BOS,100,0,Cutter,FC,0,1,2317,75.1,88.08,50
R,0,6,66.67,-0.62,0,Nick Sogard,15,686765,BOS,33.33,100,Slider,SL,66.67,0,2693.33,69,79.77,100
R,0,2,100,-0.82,0.32,Nick Sogard,5,686765,BOS,0,100,Split-Finger,FS,100,0,953,0,86,0
R,0.22,55,14.55,0.17,1.25,Romy Gonzalez,30.39,663853,BOS,50.91,22.22,4-Seam Fastball,FF,13.33,0.15,2315.51,81.59,94.9,85.71
R,0.45,27,29.63,0.36,0.47,Romy Gonzalez,14.92,663853,BOS,55.56,33.33,Cutter,FC,26.67,0.29,2254.63,89.88,87,73.33
R,0.27,27,22.22,-0.16,0.26,Romy Gonzalez,14.92,663853,BOS,77.78,50,Slider,SL,25,0,2327.63,78.01,85.18,100
R,0.48,25,32,-1.05,0.62,Romy Gonzalez,13.81,663853,BOS,56,18.18,Sinker,SI,11.11,0,2152.12,87.34,93.67,50
R,0.03,17,11.76,0.55,0.28,Romy Gonzalez,9.39,663853,BOS,23.53,38.46,Changeup,CH,22.22,0,1653.47,63.25,85.84,100
R,0.25,12,33.33,-1.17,0.58,Romy Gonzalez,6.63,663853,BOS,83.33,0,Split-Finger,FS,40,0.25,1429.83,63,83.68,100
R,0,10,40,1,-0.06,Romy Gonzalez,5.52,663853,BOS,20,37.5,Sweeper,ST,75,0,2973.5,58,86.62,50
R,0,8,25,-0.41,-0.89,Romy Gonzalez,4.42,663853,BOS,50,0,Curveball,CU,0,0,2501.75,60.2,79.7,50
R,0.4,81,28.4,-0.03,1.39,Willson Contreras,23.41,575929,BOS,55.56,5.56,4-Seam Fastball,FF,33.33,0.2,2315.8,78.53,94.46,75.56
R,0.13,66,40.91,0.09,0.17,Willson Contreras,19.08,575929,BOS,28.79,46.81,Slider,SL,69.7,0.13,2487.83,80.59,84.88,57.89
R,0.75,59,32.2,-0.22,0.38,Willson Contreras,17.05,575929,BOS,30.51,34.15,Changeup,CH,48,0.4,1851.73,87.67,86.25,61.11
R,0.52,40,22.5,-0.88,0.9,Willson Contreras,11.56,575929,BOS,57.5,35.29,Sinker,SI,10,0.67,2233.43,91.02,94.55,60.87
R,0.7,26,23.08,0.32,0.7,Willson Contreras,7.51,575929,BOS,46.15,0,Cutter,FC,0,0,2371.38,84.33,89.45,50
R,0.14,20,35,0.24,-1.01,Willson Contreras,5.78,575929,BOS,30,57.14,Curveball,CU,25,0,2638.8,82.7,80.52,66.67
R,0,18,44.44,-1.05,0.57,Willson Contreras,5.2,575929,BOS,33.33,66.67,Split-Finger,FS,50,0,1457.56,96.95,84.38,66.67
R,0,14,50,0.9,-0.26,Willson Contreras,4.05,575929,BOS,28.57,40,Sweeper,ST,75,0,2776.79,53.7,83.64,0
R,0.42,12,16.67,0.29,-0.87,Willson Contreras,3.47,575929,BOS,50,66.67,Knuckle Curve,KC,0,0.67,2578.17,92.28,84.38,66.67
R,0,10,0,0,0,Willson Contreras,2.89,575929,BOS,0,0,Unknown,UNK,0,0,0,0,0,0
R,0.32,183,30.6,-0.02,1.28,Wilyer Abreu,45.75,677800,BOS,55.74,30.86,4-Seam Fastball,FF,21.65,0.21,2324.06,80.78,94.42,70.59
R,0.06,50,24,-0.17,0.24,Wilyer Abreu,12.5,677800,BOS,32,35.29,Slider,SL,20,0,2458.9,66.86,84.47,50
R,0.28,37,24.32,-0.65,0.47,Wilyer Abreu,9.25,677800,BOS,32.43,56,Changeup,CH,29.17,0.07,1608.57,84.31,86.33,83.33
R,0.35,34,23.53,-1.03,0.51,Wilyer Abreu,8.5,677800,BOS,35.29,36.36,Split-Finger,FS,25,0,1484.24,75.53,83.91,66.67
R,0.23,24,45.83,0.29,-1.09,Wilyer Abreu,6,677800,BOS,54.17,45.45,Curveball,CU,36.36,0.25,2607.88,80.91,80.83,46.15
R,0.38,21,9.52,-0.42,0.57,Wilyer Abreu,5.25,677800,BOS,19.05,17.65,Sinker,SI,0,0,2288.24,86.76,95.7,50
R,0,19,42.11,-0.68,0.26,Wilyer Abreu,4.75,677800,BOS,36.84,50,Sweeper,ST,54.55,0,2672.79,80.96,84.36,71.43
R,0.15,18,27.78,0.02,0.95,Wilyer Abreu,4.5,677800,BOS,72.22,20,Cutter,FC,0,0,2361.94,74.94,90.43,61.54
R,0,10,20,0.35,-1.21,Wilyer Abreu,2.5,677800,BOS,0,20,Knuckle Curve,KC,100,0,2692.8,0,83.58,0
R,0.51,2,50,-0.34,1.78,Wilyer Abreu,0.5,677800,BOS,100,0,Eephus,EP,0,1,1132,102.8,44,50
R,0,2,0,0,0,Wilyer Abreu,0.5,677800,BOS,0,0,Unknown,UNK,0,0,0,0,0,0
L,0.12,39,33.33,-0.64,1.32,,44.32,691907,BOS,56.41,35.29,4-Seam Fastball,FF,26.32,0,2248.82,87.42,94.33,59.09
L,0.41,12,25,-1.34,0.27,,13.64,691907,BOS,66.67,0,Sinker,SI,0,0.25,2237.75,72.38,95.28,62.5
L,0,11,36.36,0.6,-1.25,,12.5,691907,BOS,54.55,40,Curveball,CU,33.33,0,2776.09,67.4,76.84,66.67
L,0,10,20,0.29,-0.62,,11.36,691907,BOS,40,33.33,Knuckle Curve,KC,0,0,2579.6,82.5,85.92,50
L,0,6,33.33,-0.74,0.67,,6.82,691907,BOS,33.33,0,Split-Finger,FS,100,0,1266.33,0,83.07,100
L,0.7,4,25,0.29,0.17,,4.55,691907,BOS,50,50,Cutter,FC,33.33,0,2194.5,82.35,86.9,100
L,0,3,33.33,-1.21,0.06,,3.41,691907,BOS,0,33.33,Changeup,CH,100,0,2080.67,0,87.67,0
L,0,2,50,1.18,-0.1,,2.27,691907,BOS,50,100,Sweeper,ST,50,0,3040.5,85.7,87.1,100
L,0.86,1,0,1.17,-1.22,,1.14,691907,BOS,100,0,Slow Curve,CS,0,1,2588,73.2,68.7,100
R,0.32,101,19.8,-0.58,1.29,Alex Bregman,25.25,608324,CHC,55.45,17.78,4-Seam Fastball,FF,6.67,0.26,2290.71,86.68,95.23,66.07
R,0.31,77,38.96,0.21,0.08,Alex Bregman,19.25,608324,CHC,41.56,42.22,Slider,SL,25,0.38,2443.26,75.5,86.53,40.62
R,0.17,76,13.16,-0.97,0.62,Alex Bregman,19,608324,CHC,44.74,19.05,Sinker,SI,0,0.25,2208.26,82.11,93.98,70.59
R,0.23,51,43.14,0.28,0.84,Alex Bregman,12.75,608324,CHC,58.82,33.33,Cutter,FC,32,0.18,2440.73,87.09,91.53,60
R,0.05,35,42.86,0.54,-1.01,Alex Bregman,8.75,608324,CHC,42.86,20,Curveball,CU,33.33,0.29,2703.94,81,81.13,33.33
R,0.51,35,28.57,0.56,0.01,Alex Bregman,8.75,608324,CHC,45.71,31.58,Sweeper,ST,6.67,0.57,2633.11,85,81.95,56.25
R,0.03,11,18.18,-0.33,0.52,Alex Bregman,2.75,608324,CHC,45.45,33.33,Changeup,CH,16.67,0,1604.91,81.18,83.9,80
R,0.69,6,33.33,0.95,1.46,Alex Bregman,1.5,608324,CHC,0,33.33,Eephus,EP,0,1,883,87,33.97,0
R,0,4,0,1.2,-0.67,Alex Bregman,1,608324,CHC,100,0,Knuckle Curve,KC,0,0,2641,83.8,78.55,100
R,0,4,0,-0.86,0.5,Alex Bregman,1,608324,CHC,50,0,Split-Finger,FS,0,0,1605,85.8,89.7,100
R,0.28,57,31.58,-0.73,0.6,Carson Kelly,21.51,608348,CHC,57.89,0,Sinker,SI,0,0.31,2222,77.97,93.81,51.52
R,0.33,53,22.64,-0.34,1.3,Carson Kelly,20,608348,CHC,33.96,34.29,4-Seam Fastball,FF,0,0.29,2285.89,81.17,94.57,61.11
R,0.09,52,44.23,0.21,0.09,Carson Kelly,19.62,608348,CHC,53.85,25,Slider,SL,31.58,0.14,2494.06,84.07,87.56,46.43
R,0.16,27,18.52,0.7,-0.04,Carson Kelly,10.19,608348,CHC,51.85,23.08,Sweeper,ST,20,0,2599.19,95.47,81.4,85.71
R,0.13,26,23.08,-0.11,-1,Carson Kelly,9.81,608348,CHC,46.15,28.57,Curveball,CU,16.67,0.33,2831,70.7,82.05,66.67
R,0.45,17,23.53,0.03,0.82,Carson Kelly,6.42,608348,CHC,47.06,0,Cutter,FC,0,0,2331.47,102.6,92.45,25
R,0.24,13,15.38,-0.2,0.3,Carson Kelly,4.91,608348,CHC,30.77,22.22,Changeup,CH,40,0,1842.77,80.27,83.64,75
R,0.7,6,0,1.22,1.81,Carson Kelly,2.26,608348,CHC,0,0,Eephus,EP,0,0,1100,0,43.2,0
R,0,6,66.67,-0.97,0.39,Carson Kelly,2.26,608348,CHC,33.33,0,Split-Finger,FS,100,0,1673.33,0,86.7,100
R,0.19,4,0,0.78,-0.58,Carson Kelly,1.51,608348,CHC,0,50,Knuckle Curve,KC,0,0,2882.5,58.8,80.35,0
R,0,4,50,-0.44,1.27,Carson Kelly,1.51,608348,CHC,50,0,Other,FA,0,0,2012.5,0,75.45,0
R,0.4,57,26.32,-0.31,1.35,Dansby Swanson,21.27,621020,CHC,38.6,28.57,4-Seam Fastball,FF,39.29,0.33,2235.98,82.66,94.87,81.82
R,0.42,55,27.27,0.15,0.04,Dansby Swanson,20.52,621020,CHC,56.36,33.33,Slider,SL,29.03,0.29,2475.96,90.73,86.25,74.19
R,0.27,49,36.73,-0.2,0.69,Dansby Swanson,18.28,621020,CHC,57.14,38.1,Sinker,SI,30.77,0.27,2192.06,80.98,95.58,64.29
R,0.5,27,22.22,0.2,0.65,Dansby Swanson,10.07,621020,CHC,74.07,28.57,Cutter,FC,27.27,0.42,2330.44,92.74,89.51,100
R,0.34,26,11.54,1.14,0.03,Dansby Swanson,9.7,621020,CHC,30.77,22.22,Sweeper,ST,18.18,0.33,2595.65,72.44,83.2,87.5
R,0.26,20,50,0.2,-1.03,Dansby Swanson,7.46,621020,CHC,35,46.15,Curveball,CU,72.73,0,2699.3,92.13,81.89,71.43
R,0.09,16,43.75,-0.47,0.36,Dansby Swanson,5.97,621020,CHC,68.75,20,Changeup,CH,0,0,1681.75,86,85.91,36.36
R,0,10,0,0.91,-0.64,Dansby Swanson,3.73,621020,CHC,40,0,Knuckle Curve,KC,0,0,2442.4,62.5,76.78,50
R,0,6,33.33,-1.01,0.15,Dansby Swanson,2.24,621020,CHC,66.67,0,Split-Finger,FS,0,0,1764.67,91.4,88.57,50
R,0.44,2,0,0.39,1.23,Dansby Swanson,0.75,621020,CHC,100,0,Eephus,EP,0,1,1035,95.7,43.1,100
R,0.32,174,31.03,-0.48,1.2,Ian Happ,35.29,664023,CHC,48.85,29.21,4-Seam Fastball,FF,24.36,0.09,2268.12,78.51,95.29,61.18
R,0.24,74,36.49,-0.97,0.36,Ian Happ,15.01,664023,CHC,39.19,22.22,Changeup,CH,33.33,0.17,1787.55,78.43,86.64,27.59
R,0.56,48,22.92,-0.11,0.66,Ian Happ,9.74,664023,CHC,54.17,18.18,Sinker,SI,17.39,1,2197,83.53,94.89,73.08
R,0.29,48,29.17,-0.05,0.03,Ian Happ,9.74,664023,CHC,37.5,53.33,Slider,SL,28.57,0.14,2518.75,75.95,86.33,66.67
R,0.26,36,27.78,0.25,-1.15,Ian Happ,7.3,664023,CHC,47.22,21.05,Curveball,CU,26.67,0.33,2778.36,88.24,80.69,64.71
R,0.06,32,31.25,0.63,-0.08,Ian Happ,6.49,664023,CHC,31.25,36.36,Sweeper,ST,28.57,0,2479,73.92,82.84,60
R,0.34,25,32,0.22,0.87,Ian Happ,5.07,664023,CHC,56,18.18,Cutter,FC,20,0,2490.72,91.18,91.79,57.14
R,0.12,24,16.67,-0.89,0.31,Ian Happ,4.87,664023,CHC,58.33,10,Split-Finger,FS,26.67,0.25,1690,79.97,88.28,100
R,0.73,14,0,-0.1,1.19,Ian Happ,2.84,664023,CHC,28.57,0,Eephus,EP,0,0,1045.71,76.9,45.07,50
R,0.02,14,28.57,1.03,-0.72,Ian Happ,2.84,664023,CHC,42.86,25,Knuckle Curve,KC,33.33,0.5,2650.71,70.7,78.37,66.67
R,0.7,4,0,-0.42,1.14,Ian Happ,0.81,664023,CHC,0,0,Other,FA,0,0,1934.5,0,74.1,0
R,0,2,0,0.37,1.23,James Triantos,20,701649,CHC,100,0,4-Seam Fastball,FF,0,0,2085,73.3,90.8,100
R,0.43,2,0,0.72,0.44,James Triantos,20,701649,CHC,0,100,Changeup,CH,0,1,1313,90.7,84.7,0
R,0.1,2,0,-1.39,0.54,James Triantos,20,701649,CHC,100,0,Sinker,SI,0,0,2266,98.2,96.9,100
R,0,2,100,-0.52,-0.05,James Triantos,20,701649,CHC,100,0,Slider,SL,0,0,2257,0,83.4,0
R,0,2,100,0.49,0.19,James Triantos,20,701649,CHC,0,100,Sweeper,ST,100,0,2039,0,86,0
R,0.35,12,16.67,-0.08,1.24,Justin Dean,40,681909,CHC,16.67,20,4-Seam Fastball,FF,50,0,2180.67,76.3,93.4,100
R,0,6,33.33,-0.36,0.02,Justin Dean,20,681909,CHC,66.67,0,Slider,SL,50,0,2313,77.7,86.07,100
R,0,4,50,-0.2,1.18,Justin Dean,13.33,681909,CHC,50,0,Eephus,EP,0,0,1226,0,54.65,0
R,0,4,100,-0.62,1.16,Justin Dean,13.33,681909,CHC,100,0,Other,FA,100,0,1985,0,79.7,50
R,0.55,2,0,-1.28,0.74,Justin Dean,6.67,681909,CHC,100,0,Sinker,SI,0,1,2185,101.9,96.5,100
R,0,2,0,1.07,0.48,Justin Dean,6.67,681909,CHC,0,0,Sweeper,ST,0,0,2159,0,85.8,0
R,0.33,135,22.96,-0.34,1.23,Michael Busch,30.41,683737,CHC,54.81,40.98,4-Seam Fastball,FF,15.38,0.36,2250.96,83.85,95.12,71.62
R,0.22,80,30,0.11,0.12,Michael Busch,18.02,683737,CHC,47.5,28.57,Slider,SL,33.33,0.18,2426.75,76.04,86.54,86.84
R,0.19,62,35.48,-1.13,0.34,Michael Busch,13.96,683737,CHC,29.03,54.55,Changeup,CH,47.37,0.28,1728.42,80.68,84.92,77.78
R,0.3,46,21.74,0.74,0.63,Michael Busch,10.36,683737,CHC,69.57,14.29,Sinker,SI,7.69,0.22,2226,82.35,94.72,75
R,0.23,42,40.48,0.4,0.96,Michael Busch,9.46,683737,CHC,40.48,24,Cutter,FC,53.85,0,2614.4,82.53,91.61,41.18
R,0.21,30,43.33,0.7,0.1,Michael Busch,6.76,683737,CHC,56.67,15.38,Sweeper,ST,57.14,0,2588.77,85.67,82.79,70.59
R,0.47,22,9.09,0.72,-0.88,Michael Busch,4.95,683737,CHC,54.55,20,Curveball,CU,0,0.5,2702.09,82.97,82.39,33.33
R,0,15,40,-0.85,0.19,Michael Busch,3.38,683737,CHC,40,33.33,Split-Finger,FS,37.5,0,1513.27,79.6,87.85,83.33
R,0,8,0,0.88,-0.71,Michael Busch,1.8,683737,CHC,0,0,Knuckle Curve,KC,0,0,2671.75,0,77.85,0
R,0.04,4,50,0.92,1.7,Michael Busch,0.9,683737,CHC,100,0,Eephus,EP,50,0,893.5,71.3,34.85,100
R,0.22,51,29.41,-0.68,1.24,Michael Conforto,26.84,624424,CHC,39.22,25.81,4-Seam Fastball,FF,23.53,0.14,2304.31,80.27,95.04,45
R,0.42,22,36.36,0.75,-0.92,Michael Conforto,11.58,624424,CHC,36.36,14.29,Curveball,CU,50,0,2689.73,52.3,82.76,25
R,0.29,21,19.05,0.25,0.23,Michael Conforto,11.05,624424,CHC,42.86,33.33,Slider,SL,18.18,0.29,2260.05,80.37,85.85,77.78
R,0.56,19,31.58,-1.2,0.54,Michael Conforto,10,624424,CHC,57.89,50,Changeup,CH,22.22,0.33,1697.32,90.21,82.57,45.45
R,0.36,17,41.18,0.03,-0.14,Michael Conforto,8.95,624424,CHC,41.18,20,Sweeper,ST,71.43,0,2568.24,68.75,81.22,71.43
R,0.54,16,12.5,0.26,0.95,Michael Conforto,8.42,624424,CHC,75,50,Cutter,FC,0,0.5,2555.38,80.86,92.98,66.67
R,0.36,14,14.29,0.5,1.43,Michael Conforto,7.37,624424,CHC,0,28.57,Eephus,EP,0,0,1083.14,98.55,45.64,0
R,0.14,14,28.57,-1.25,0.58,Michael Conforto,7.37,624424,CHC,57.14,0,Sinker,SI,33.33,0.5,2209,91.65,95.24,75
R,0,10,60,0.94,-0.58,Michael Conforto,5.26,624424,CHC,80,0,Knuckle Curve,KC,50,0,2795.4,97,79.76,50
R,0.11,6,0,-0.52,1.24,Michael Conforto,3.16,624424,CHC,66.67,0,Other,FA,0,0,1930.67,69.25,81.17,100
R,0.36,32,25,-0.31,1.29,Miguel Amaya,25.4,665804,CHC,56.25,14.29,4-Seam Fastball,FF,14.29,0.5,2194.22,90.88,93.57,66.67
R,0.53,25,20,0.91,0.19,Miguel Amaya,19.84,665804,CHC,44,28.57,Sweeper,ST,33.33,0.29,2585.36,80.5,83.7,100
R,0.33,21,38.1,0.32,0.27,Miguel Amaya,16.67,665804,CHC,71.43,33.33,Slider,SL,18.18,0.29,2447.81,85.98,85.4,60
R,0.18,20,35,0.36,0.34,Miguel Amaya,15.87,665804,CHC,30,50,Cutter,FC,45.45,0.25,2175.65,75.77,87.26,66.67
R,0.22,9,22.22,-0.54,-0.11,Miguel Amaya,7.14,665804,CHC,22.22,71.43,Changeup,CH,28.57,0.5,1526.33,78.56,88.78,100
R,0,8,37.5,0.08,-1.01,Miguel Amaya,6.35,665804,CHC,37.5,0,Curveball,CU,0,0,2541.12,0,79.11,0
R,0,7,0,-0.97,0.63,Miguel Amaya,5.56,665804,CHC,0,28.57,Sinker,SI,0,0,2221.86,0,95.41,0
R,0,4,50,0.9,-0.88,Miguel Amaya,3.17,665804,CHC,100,0,Knuckle Curve,KC,50,0,2399.5,70.4,75.55,100
R,0.34,92,15.22,-0.63,1.23,Nico Hoerner,29.3,663538,CHC,57.61,30.77,4-Seam Fastball,FF,14.04,0.33,2253.61,83.53,94.67,84.91
R,0.35,55,38.18,0.21,0.06,Nico Hoerner,17.52,663538,CHC,43.64,29.03,Slider,SL,26.32,0.43,2541.91,79.9,87.29,41.67
R,0.43,50,30,-0.77,0.65,Nico Hoerner,15.92,663538,CHC,56,63.64,Sinker,SI,0,0.43,2177.28,83.9,93.56,46.43
R,0.4,27,11.11,0.2,0.76,Nico Hoerner,8.6,663538,CHC,25.93,60,Cutter,FC,10.53,0.38,2314.7,77.56,91.62,100
R,0.23,27,29.63,0.84,0.18,Nico Hoerner,8.6,663538,CHC,51.85,53.85,Sweeper,ST,13.33,0.4,2470.26,75.34,83.09,57.14
R,0.57,21,9.52,-0.53,0.43,Nico Hoerner,6.69,663538,CHC,38.1,30.77,Changeup,CH,16.67,0.6,1815.24,85.17,85.39,100
R,0.52,18,11.11,0.81,-0.76,Nico Hoerner,5.73,663538,CHC,44.44,60,Curveball,CU,0,0,2499.22,70.37,80.87,75
R,0.28,16,12.5,-0.91,0.31,Nico Hoerner,5.1,663538,CHC,31.25,36.36,Split-Finger,FS,22.22,0.2,1417.44,77.56,87.13,100
R,0.2,4,50,0.34,1.9,Nico Hoerner,1.27,663538,CHC,50,0,Eephus,EP,0,0,1166,93.1,47.35,100
R,0,2,100,0.72,-0.81,Nico Hoerner,0.64,663538,CHC,100,0,Knuckle Curve,KC,0,0,2384,0,76.3,0
R,0,2,0,0,0,Nico Hoerner,0.64,663538,CHC,0,0,Unknown,UNK,0,0,0,0,0,0
R,0.24,85,27.06,-0.79,1.25,Pedro Ramírez,35.12,699393,CHC,54.12,30.77,4-Seam Fastball,FF,31.37,0.42,2277.78,83.99,96.2,84.78
R,0.32,32,9.38,-0.09,0.32,Pedro Ramírez,13.22,699393,CHC,40.62,26.32,Changeup,CH,11.76,0.64,1498.38,87.2,85.41,92.31
R,0.32,32,31.25,-0.87,0.25,Pedro Ramírez,13.22,699393,CHC,34.38,19.05,Split-Finger,FS,61.54,0,1466.09,76.08,88.45,81.82
R,0.15,24,50,0.68,-0.92,Pedro Ramírez,9.92,699393,CHC,33.33,62.5,Curveball,CU,50,0,2795.5,93.8,83.52,25
R,0.13,17,11.76,0.13,0.52,Pedro Ramírez,7.02,699393,CHC,58.82,14.29,Cutter,FC,18.18,1,2187,86.86,89.35,100
R,0.42,16,12.5,0.16,0.18,Pedro Ramírez,6.61,699393,CHC,75,100,Slider,SL,0,0.5,2434.62,82.2,88.21,83.33
R,0,14,0,0.24,0.04,Pedro Ramírez,5.79,699393,CHC,100,0,Sweeper,ST,0,0,2494.14,89.27,82.64,100
R,0.17,12,33.33,0.35,0.42,Pedro Ramírez,4.96,699393,CHC,50,33.33,Sinker,SI,33.33,0.33,2176.67,90.75,92.78,66.67
R,0,6,0,0,0,Pedro Ramírez,2.48,699393,CHC,0,0,Unknown,UNK,0,0,0,0,0,0
R,0.34,2,0,0.11,1.78,Pedro Ramírez,0.83,699393,CHC,100,0,Eephus,EP,0,1,1211,93.9,54,100
R,0,2,100,0.7,-0.43,Pedro Ramírez,0.83,699393,CHC,100,0,Knuckle Curve,KC,100,0,2340,0,75.4,100
R,0.29,164,33.54,-0.46,1.24,Pete Crow-Armstrong,36.36,691718,CHC,54.27,12,4-Seam Fastball,FF,16.07,0.29,2278.64,87.7,95.52,52.81
R,0.44,63,17.46,0.09,0.14,Pete Crow-Armstrong,13.97,691718,CHC,38.1,28.21,Slider,SL,14.29,0.33,2484.32,81.12,87.68,70.83
R,0.64,58,27.59,-1.15,0.31,Pete Crow-Armstrong,12.86,691718,CHC,25.86,37.21,Changeup,CH,44.44,0.27,1675.59,91.47,86.78,73.33
R,0.31,42,28.57,0.43,0.42,Pete Crow-Armstrong,9.31,691718,CHC,52.38,20,Sinker,SI,12.5,0.2,2221.05,78.85,93.34,54.55
R,0.62,26,30.77,-0.01,0.7,Pete Crow-Armstrong,5.76,691718,CHC,53.85,25,Cutter,FC,22.22,0.5,2411.54,71.89,91.17,42.86
R,0.33,25,16,-0.97,0.31,Pete Crow-Armstrong,5.54,691718,CHC,32,29.41,Split-Finger,FS,10,0.5,1704.44,84.51,88.59,62.5
R,0.04,24,41.67,0.74,-0.88,Pete Crow-Armstrong,5.32,691718,CHC,41.67,57.14,Curveball,CU,50,0,2646.67,76.08,82.72,80
R,0.16,17,29.41,-1.1,-0.13,Pete Crow-Armstrong,3.77,691718,CHC,52.94,25,Sweeper,ST,25,0,2637.94,93.22,79.38,66.67
R,0.7,14,28.57,1.15,1.3,Pete Crow-Armstrong,3.1,691718,CHC,14.29,16.67,Eephus,EP,0,0,917.29,83.2,36.73,0
R,0,12,0,0,0,Pete Crow-Armstrong,2.66,691718,CHC,0,0,Unknown,UNK,0,0,0,0,0,0
R,0,4,0,0.78,-0.78,Pete Crow-Armstrong,0.89,691718,CHC,50,0,Knuckle Curve,KC,0,0,2880.5,70.3,79.45,100
R,0,2,0,-0.72,1.32,Pete Crow-Armstrong,0.44,691718,CHC,100,0,Other,FA,0,0,2168,81.2,81.3,100
R,0.49,139,26.62,-0.53,1.27,Seiya Suzuki,29.57,673548,CHC,43.17,15.19,4-Seam Fastball,FF,27.45,0.29,2292.03,80.43,95.38,65
R,0.04,81,32.1,0.14,0.09,Seiya Suzuki,17.23,673548,CHC,39.51,24.49,Slider,SL,35.71,0.12,2541.22,76.31,87.85,50
R,0.47,69,26.09,-0.38,0.76,Seiya Suzuki,14.68,673548,CHC,55.07,9.68,Sinker,SI,14.81,0.33,2205.09,73.81,94.3,63.16
R,0.33,46,39.13,0.18,0.83,Seiya Suzuki,9.79,673548,CHC,41.3,22.22,Cutter,FC,46.15,0.17,2496.72,84.36,91.32,36.84
R,0.13,38,23.68,0.86,0,Seiya Suzuki,8.09,673548,CHC,55.26,23.53,Sweeper,ST,17.65,0.43,2540.42,86.69,82.91,61.9
R,0.66,37,27.03,0.15,-0.85,Seiya Suzuki,7.87,673548,CHC,48.65,52.63,Curveball,CU,16.67,0.6,2660.95,87.8,81.92,77.78
R,0.38,32,9.38,-0.52,0.49,Seiya Suzuki,6.81,673548,CHC,25,12.5,Changeup,CH,0,0.25,1625.28,85.86,80.48,62.5
R,0.16,10,0,0.22,1.65,Seiya Suzuki,2.13,673548,CHC,0,20,Eephus,EP,0,0,1073.4,75.8,46.8,0
R,0,8,75,-0.59,1.17,Seiya Suzuki,1.7,673548,CHC,75,0,Other,FA,0,0,1936.75,0,80.4,33.33
R,0,6,0,-0.88,0.56,Seiya Suzuki,1.28,673548,CHC,0,0,Split-Finger,FS,0,0,1455.67,0,87,0
R,0.1,4,0,0.66,-0.69,Seiya Suzuki,0.85,673548,CHC,50,100,Knuckle Curve,KC,0,0,2620,88.45,79.7,100
R,0,6,66.67,0.22,-1.2,,25,682634,CHC,100,0,Curveball,CU,66.67,0,2810.33,0,80.47,100
R,0,6,33.33,0.18,-0.12,,25,682634,CHC,33.33,50,Slider,SL,0,0,2578.33,66.4,86.63,0
R,0,4,50,-0.48,1.27,,16.67,682634,CHC,100,0,4-Seam Fastball,FF,50,0,2375,72.4,95.2,100
R,0,4,50,1.19,0.33,,16.67,682634,CHC,100,0,Sinker,SI,0,0,2305,0,94.15,50
R,0,4,50,-1.03,0.42,,16.67,682634,CHC,50,0,Split-Finger,FS,100,0,1407.5,0,86,100
R,0.23,81,29.63,-0.66,1.37,Andrew Benintendi,30.68,643217,CHW,50.62,40,4-Seam Fastball,FF,28.26,0.19,2370.09,83.81,95.25,73.17
R,0.04,43,30.23,-1.03,0.4,Andrew Benintendi,16.29,643217,CHW,37.21,29.63,Changeup,CH,38.89,0,1667.63,74.8,86.82,62.5
R,0.2,40,20,-0.77,0.69,Andrew Benintendi,15.15,643217,CHW,50,15,Sinker,SI,35,0,2422.25,77.64,97.14,85
R,0.17,37,37.84,0.25,0.23,Andrew Benintendi,14.02,643217,CHW,67.57,33.33,Slider,SL,34.78,0.12,2440.24,77.58,89.3,76
R,0.29,16,12.5,-0.85,0.33,Andrew Benintendi,6.06,643217,CHW,25,33.33,Split-Finger,FS,25,0.33,1302.19,92.63,85.78,100
R,0.28,14,42.86,0.17,0.83,Andrew Benintendi,5.3,643217,CHW,85.71,0,Cutter,FC,40,0.5,2346.86,91.77,91.54,83.33
R,0.46,14,14.29,0.73,0.09,Andrew Benintendi,5.3,643217,CHW,57.14,0,Sweeper,ST,0,0.67,2506.43,74.53,82.39,75
R,0,7,28.57,0.94,-0.68,Andrew Benintendi,2.65,643217,CHW,42.86,50,Curveball,CU,40,0,2756,86.5,82.41,100
R,0.19,6,66.67,0.66,-1.22,Andrew Benintendi,2.27,643217,CHW,100,0,Knuckle Curve,KC,50,0.5,2649.33,93,84.63,66.67
R,0.16,4,0,-0.92,-0.97,Andrew Benintendi,1.52,643217,CHW,0,50,Slurve,SV,0,0,2125.5,79.4,81.1,0
R,0,2,0,0,0,Andrew Benintendi,0.76,643217,CHW,0,0,Unknown,UNK,0,0,0,0,0,0
R,0.46,99,27.27,-0.38,1.33,Braden Montgomery,26.26,695731,CHW,50.51,36.73,4-Seam Fastball,FF,27.59,0.44,2247.33,86.06,94.88,80
R,0.3,73,21.92,-0.83,0.36,Braden Montgomery,19.36,695731,CHW,27.4,32.08,Changeup,CH,37.84,0.24,1675.27,78.63,85.66,100
R,0.21,57,29.82,-0.19,0.89,Braden Montgomery,15.12,695731,CHW,61.4,18.18,Sinker,SI,20.69,0.29,2256.65,77.72,95.1,71.43
R,0.31,43,30.23,0.33,-0.07,Braden Montgomery,11.41,695731,CHW,60.47,17.65,Slider,SL,26.32,0.38,2498.37,81.65,85.4,61.54
R,0.59,34,35.29,0.64,-0.91,Braden Montgomery,9.02,695731,CHW,47.06,33.33,Curveball,CU,37.5,0.33,2620.38,85.62,80.34,62.5
R,0.3,33,21.21,-0.62,0.25,Braden Montgomery,8.75,695731,CHW,45.45,22.22,Split-Finger,FS,25,0.4,1159.61,82.6,84.43,80
R,0.17,15,0,0.01,0.67,Braden Montgomery,3.98,695731,CHW,46.67,50,Cutter,FC,0,0,2228.67,83.28,89.77,100
R,0.08,15,60,0.63,-1.23,Braden Montgomery,3.98,695731,CHW,20,66.67,Knuckle Curve,KC,80,0.25,2719.6,81.5,84.87,66.67
R,0,8,0,-0.77,0.06,Braden Montgomery,2.12,695731,CHW,25,0,Sweeper,ST,0,0,2495.5,30.5,81.08,100
R,0.27,126,23.02,-0.4,1.31,Chase Meidroth,41.04,805367,CHW,40.48,42.67,4-Seam Fastball,FF,9.68,0.21,2281.78,85.48,94.52,58.82
R,0.25,43,37.21,0.26,0.18,Chase Meidroth,14.01,805367,CHW,44.19,41.67,Slider,SL,31.82,0.25,2395.07,75.79,86.11,63.16
R,0.53,40,50,-0.65,0.75,Chase Meidroth,13.03,805367,CHW,60,12.5,Sinker,SI,0,0.8,2172.78,83.86,94.54,33.33
R,0.36,24,8.33,0.77,0.27,Chase Meidroth,7.82,805367,CHW,25,33.33,Changeup,CH,16.67,0.4,1669.58,83.85,83.51,100
R,0.17,22,36.36,0.19,0.7,Chase Meidroth,7.17,805367,CHW,54.55,60,Cutter,FC,16.67,0,2400.45,84.07,91.7,50
R,0.58,18,0,-0.25,0.26,Chase Meidroth,5.86,805367,CHW,22.22,28.57,Split-Finger,FS,0,0.5,1396.44,87.45,87.09,100
R,0.71,16,25,0.51,-0.04,Chase Meidroth,5.21,805367,CHW,50,25,Sweeper,ST,0,0.67,2494.75,74.2,80.11,50
R,0.29,13,30.77,1.3,-0.73,Chase Meidroth,4.23,805367,CHW,38.46,37.5,Curveball,CU,33.33,0,2702.85,63.7,77,60
R,0.1,5,0,0.72,-1.16,Chase Meidroth,1.63,805367,CHW,60,0,Knuckle Curve,KC,0,0,2662.6,92.97,83.58,100
R,0.09,123,30.08,-0.57,1.33,Colson Montgomery,43.31,695657,CHW,46.34,27.27,4-Seam Fastball,FF,36.67,0.04,2339.98,81.41,95.75,73.68
R,0.11,61,36.07,-0.07,0.3,Colson Montgomery,21.48,695657,CHW,39.34,37.84,Slider,SL,43.75,0.2,2471.13,83.19,87.34,75
R,0.4,29,0,0.94,0.41,Colson Montgomery,10.21,695657,CHW,55.17,0,Sinker,SI,0,0.6,2051.97,92.02,92.84,100
R,0.01,20,20,0.06,0.85,Colson Montgomery,7.04,695657,CHW,60,0,Cutter,FC,0,0,2636.55,99.4,94.53,66.67
R,0.7,16,12.5,-0.57,0.26,Colson Montgomery,5.63,695657,CHW,25,33.33,Changeup,CH,20,0,1601.5,0,88.93,25
R,0.75,10,20,-0.84,0.39,Colson Montgomery,3.52,695657,CHW,40,66.67,Split-Finger,FS,25,0.67,1251.4,91,83.34,100
R,0.44,9,22.22,0.65,-1,Colson Montgomery,3.17,695657,CHW,11.11,25,Curveball,CU,66.67,0.5,2580.22,75.6,83.29,100
R,0,8,75,0.71,-0.88,Colson Montgomery,2.82,695657,CHW,25,66.67,Knuckle Curve,KC,100,0,2664.75,0,85.51,50
R,0,8,75,0.75,-0.16,Colson Montgomery,2.82,695657,CHW,50,50,Sweeper,ST,100,0,2468.25,0,81.2,0
R,0.17,76,23.68,-0.53,1.32,Drew Romo,43.68,691011,CHW,52.63,33.33,4-Seam Fastball,FF,22.73,0.2,2323.61,77.79,95.27,80
R,0.28,48,41.67,-0.67,0.44,Drew Romo,27.59,691011,CHW,41.67,42.86,Changeup,CH,53.85,0.17,1563.42,85.32,85.63,70
R,0.24,16,50,0.76,-0.8,Drew Romo,9.2,691011,CHW,37.5,40,Curveball,CU,66.67,0,2616.5,56,81.39,33.33
R,0.18,16,12.5,0.15,0.22,Drew Romo,9.2,691011,CHW,37.5,20,Slider,SL,25,0,2146.38,76.2,86.66,100
R,0,8,75,-0.9,0.37,Drew Romo,4.6,691011,CHW,50,50,Split-Finger,FS,100,0,1340.5,0,83.02,50
R,0,4,50,0.73,-1.1,Drew Romo,2.3,691011,CHW,50,0,Knuckle Curve,KC,0,0,2803,0,84.45,0
R,0,2,0,-0.05,0.62,Drew Romo,1.15,691011,CHW,100,0,Cutter,FC,0,0,2066,59.4,92.8,100
R,0,2,0,1.25,0.91,Drew Romo,1.15,691011,CHW,100,0,Sinker,SI,0,0,2028,78.7,94.2,100
R,0,2,100,0.83,0.04,Drew Romo,1.15,691011,CHW,100,0,Sweeper,ST,0,0,2564,0,82,0
R,0.51,50,20,-0.36,1.22,Edgar Quero,39.06,700337,CHW,56,9.09,4-Seam Fastball,FF,9.09,0,2159.04,87.29,94.28,71.43
R,0.28,22,0,0.17,0.15,Edgar Quero,17.19,700337,CHW,54.55,20,Sinker,SI,0,0,2019.45,90.65,92.05,100
R,0.5,14,14.29,-0.36,0.42,Edgar Quero,10.94,700337,CHW,28.57,60,Changeup,CH,20,0.5,1544,74.43,85.41,100
R,0.09,14,28.57,0.24,0.48,Edgar Quero,10.94,700337,CHW,42.86,25,Cutter,FC,33.33,1,2207.86,78.15,89.73,66.67
R,0,12,16.67,0.56,0.12,Edgar Quero,9.38,700337,CHW,50,0,Slider,SL,0,0,2626.33,57.8,84.97,66.67
R,0.03,6,0,-0.11,0.41,Edgar Quero,4.69,700337,CHW,100,0,Split-Finger,FS,0,0,672,74.83,80.1,100
R,0,4,0,0.66,-1.37,Edgar Quero,3.12,700337,CHW,0,0,Knuckle Curve,KC,0,0,2629.5,0,84.55,0
R,0,2,0,-0.56,-0.97,Edgar Quero,1.56,700337,CHW,0,0,Curveball,CU,0,0,2793,0,81.6,0
R,0,2,0,1.14,-0.54,Edgar Quero,1.56,700337,CHW,100,0,Sweeper,ST,0,0,2289,0,83.1,100
R,0,2,0,0,0,Edgar Quero,1.56,700337,CHW,0,0,Unknown,UNK,0,0,0,0,0,0
R,0,10,40,-0.73,1.47,Everson Pereira,29.41,677592,CHW,60,50,4-Seam Fastball,FF,33.33,0,2412.2,96.4,96.62,66.67
R,0,6,33.33,0.68,0.31,Everson Pereira,17.65,677592,CHW,0,33.33,Changeup,CH,100,0,1904.67,0,86.5,0
R,0,6,66.67,-0.2,0.58,Everson Pereira,17.65,677592,CHW,66.67,100,Cutter,FC,66.67,0,2287.33,75.1,90.63,100
R,0,6,66.67,0.05,0.24,Everson Pereira,17.65,677592,CHW,33.33,50,Slider,SL,100,0,2063.67,0,89.63,100
R,0,6,33.33,-1,0.39,Everson Pereira,17.65,677592,CHW,33.33,50,Split-Finger,FS,50,0,1693.67,70.7,92.23,100
R,0.17,38,42.11,0.16,0.09,Luisangel Acuña,38,682668,CHW,42.11,63.64,Slider,SL,30,0.33,2291.68,79.88,85.66,37.5
R,0.27,30,40,-0.31,1.33,Luisangel Acuña,30,682668,CHW,60,16.67,4-Seam Fastball,FF,44.44,0,2247.73,78.42,93.95,88.89
R,0.26,14,28.57,-0.52,0.97,Luisangel Acuña,14,682668,CHW,42.86,75,Sinker,SI,20,0.33,2135.43,66.8,95.03,66.67
R,0,6,33.33,-0.09,0.66,Luisangel Acuña,6,682668,CHW,33.33,0,Cutter,FC,0,0,2183.67,0,91.03,0
R,0,4,0,-0.3,0.06,Luisangel Acuña,4,682668,CHW,0,0,Split-Finger,FS,0,0,705,0,80,0
R,0,4,0,0.85,0.09,Luisangel Acuña,4,682668,CHW,50,0,Sweeper,ST,0,0,2245,77.1,81.75,100
R,0.48,2,0,1.5,0.46,Luisangel Acuña,2,682668,CHW,0,100,Changeup,CH,0,1,1874,95.2,82.1,0
R,0.12,2,0,-0.4,-1.3,Luisangel Acuña,2,682668,CHW,100,0,Curveball,CU,0,0,2693,78.2,71.5,100
R,0.27,131,23.66,-0.35,1.34,Miguel Vargas,36.19,678246,CHW,59.54,22.64,4-Seam Fastball,FF,19.74,0.19,2288.83,90.64,95.26,82.05
R,0.28,72,30.56,0.07,0.13,Miguel Vargas,19.89,678246,CHW,27.78,34.62,Slider,SL,40,0.25,2447.53,84.86,87.39,60
R,0.22,48,27.08,-0.3,0.64,Miguel Vargas,13.26,678246,CHW,60.42,21.05,Sinker,SI,16.67,0.12,2189.79,83.86,94.74,68.97
R,0.54,30,30,0.14,0.69,Miguel Vargas,8.29,678246,CHW,43.33,17.65,Cutter,FC,46.15,0.29,2586.63,78.61,91.33,76.92
R,0.16,22,18.18,1.18,0.35,Miguel Vargas,6.08,678246,CHW,50,36.36,Changeup,CH,15.38,0.75,1593.09,81.7,84.6,81.82
R,0.41,21,33.33,0.54,-0.66,Miguel Vargas,5.8,678246,CHW,28.57,40,Curveball,CU,40,0,2617.33,89.03,78.88,66.67
R,0.9,18,11.11,-0.21,0.02,Miguel Vargas,4.97,678246,CHW,44.44,20,Sweeper,ST,0,1,2363.67,92.78,81.73,75
R,0.55,16,25,0.8,-1.03,Miguel Vargas,4.42,678246,CHW,37.5,20,Knuckle Curve,KC,0,0,2710.31,87.47,84.38,66.67
R,0,4,0,-0.01,0.06,Miguel Vargas,1.1,678246,CHW,50,0,Split-Finger,FS,0,0,1018.5,0,84.8,0
R,0.38,139,32.37,-0.42,1.32,Munetaka Murakami,33.9,808959,CHW,46.76,27.03,4-Seam Fastball,FF,41.79,0.24,2298.62,88.84,95.32,72.31
R,0.58,80,37.5,-0.03,0.21,Munetaka Murakami,19.51,808959,CHW,48.75,24.39,Slider,SL,38.71,0.27,2326.98,78.68,85.63,53.85
R,0.21,43,25.58,0.58,0.02,Munetaka Murakami,10.49,808959,CHW,60.47,41.18,Sinker,SI,25.93,0.2,2173.16,86.77,91.94,76.92
R,0.57,38,50,0.74,-0.63,Munetaka Murakami,9.27,808959,CHW,57.89,18.75,Curveball,CU,50,0.38,2539.71,100.5,81.74,22.73
R,0,26,30.77,-0.48,0.08,Munetaka Murakami,6.34,808959,CHW,30.77,11.11,Sweeper,ST,66.67,0,2627.31,60,82.22,50
R,0.16,20,25,-0.96,0.22,Munetaka Murakami,4.88,808959,CHW,25,13.33,Changeup,CH,71.43,0,1545.6,86.3,86.78,100
R,0.64,20,50,0.58,-1.15,Munetaka Murakami,4.88,808959,CHW,50,30,Knuckle Curve,KC,50,1,2618.5,102.13,83.28,30
R,0,18,33.33,-0.96,0.35,Munetaka Murakami,4.39,808959,CHW,33.33,16.67,Split-Finger,FS,50,0,1244.33,86.5,84.62,33.33
R,0.7,16,12.5,0.03,0.74,Munetaka Murakami,3.9,808959,CHW,50,25,Cutter,FC,0,0.5,2504.62,87.5,91.92,75
R,0,8,0,0,0,Munetaka Murakami,1.95,808959,CHW,0,0,Unknown,UNK,0,0,0,0,0,0
R,0.11,2,0,-0.62,-1.14,Munetaka Murakami,0.49,808959,CHW,100,0,Slurve,SV,0,0,2135,91.1,80.2,100
R,0.13,42,33.33,-0.2,0.3,Randal Grichuk,32.06,545341,CHW,33.33,64.29,Slider,SL,43.75,0.2,2282.62,86.72,86.69,100
R,0.17,33,12.12,0.32,1.4,Randal Grichuk,25.19,545341,CHW,54.55,26.67,4-Seam Fastball,FF,10,0.33,2182.21,84.98,94.45,88.89
R,0.06,17,17.65,-0.14,0.68,Randal Grichuk,12.98,545341,CHW,35.29,54.55,Sinker,SI,18.18,0,2025.65,75.06,92.86,83.33
R,0.1,14,28.57,0.41,0.41,Randal Grichuk,10.69,545341,CHW,28.57,40,Changeup,CH,50,0,1526.07,73.42,85.3,100
R,0.37,9,22.22,-0.1,-0.35,Randal Grichuk,6.87,545341,CHW,55.56,0,Sweeper,ST,0,0.5,2505.22,88.83,80.99,60
R,0.21,8,25,-0.11,0.52,Randal Grichuk,6.11,545341,CHW,50,0,Cutter,FC,0,1,2306.5,84.55,90.55,100
R,0,4,0,0,0,Randal Grichuk,3.05,545341,CHW,0,0,Unknown,UNK,0,0,0,0,0,0
R,0,2,0,-0.2,-1.27,Randal Grichuk,1.53,545341,CHW,0,0,Curveball,CU,0,0,2566,0,73.5,0
R,0,2,100,-0.97,0.69,Randal Grichuk,1.53,545341,CHW,0,100,Split-Finger,FS,100,0,1369,0,83.8,0
R,0.26,133,21.05,-0.69,1.27,Sam Antonacci,37.36,803011,CHW,65.41,21.74,4-Seam Fastball,FF,5.63,0.23,2295.77,81.66,95.4,70.11
R,0.3,52,19.23,-0.84,0.36,Sam Antonacci,14.61,803011,CHW,40.38,19.35,Changeup,CH,0,0.25,1621.06,77.56,85.91,57.14
R,0.37,50,16,0.05,0.26,Sam Antonacci,14.04,803011,CHW,58,23.81,Slider,SL,7.69,0.27,2323.48,72.05,85.7,72.41
R,0.08,34,26.47,0.47,0.49,Sam Antonacci,9.55,803011,CHW,52.94,18.75,Sinker,SI,0,0,2092.21,80.39,91.66,55.56
R,0.22,32,31.25,0.04,0.69,Sam Antonacci,8.99,803011,CHW,56.25,28.57,Cutter,FC,20,0,2350.31,82.19,92.04,88.89
R,0.73,22,9.09,0.27,0.05,Sam Antonacci,6.18,803011,CHW,27.27,25,Sweeper,ST,0,0,2654.36,68.38,82.7,66.67
R,0.32,13,15.38,1.17,-0.77,Sam Antonacci,3.65,803011,CHW,53.85,0,Curveball,CU,0,0.8,2720.62,83.02,78.02,71.43
R,0.34,12,0,-0.96,0.48,Sam Antonacci,3.37,803011,CHW,50,0,Split-Finger,FS,0,0,1368.67,86.13,84.33,100
R,0.04,6,0,0.49,-1.35,Sam Antonacci,1.69,803011,CHW,0,66.67,Knuckle Curve,KC,0,0,2659.33,79.2,85.03,0
R,0,2,0,-0.94,-0.49,Sam Antonacci,0.56,803011,CHW,0,0,Slurve,SV,0,0,2222,0,81,0
R,0.22,97,30.93,-0.46,1.34,Tristan Peters,29.39,671976,CHW,51.55,42.55,4-Seam Fastball,FF,18.37,0.1,2316.41,82.73,95.12,58
R,0.12,45,20,-1.06,0.38,Tristan Peters,13.64,671976,CHW,57.78,36.84,Changeup,CH,27.27,0,1626.22,85.68,86.4,100
R,0.15,43,11.63,0.22,-0.03,Tristan Peters,13.03,671976,CHW,51.16,38.1,Slider,SL,10.71,0.12,2482.77,78.42,87.07,90.91
R,0.26,36,38.89,0.65,-0.72,Tristan Peters,10.91,671976,CHW,55.56,25,Curveball,CU,33.33,0,2561.5,73.42,81.64,40
R,0.16,36,41.67,-0.69,0.18,Tristan Peters,10.91,671976,CHW,22.22,57.14,Split-Finger,FS,62.5,0,1122.61,72.66,84.29,100
R,0.51,29,34.48,-0.59,0.77,Tristan Peters,8.79,671976,CHW,75.86,42.86,Sinker,SI,25,0.6,2174.17,83.28,94.71,77.27
R,0.47,25,16,0.19,0.79,Tristan Peters,7.58,671976,CHW,36,12.5,Cutter,FC,22.22,0,2306.08,77.11,90.57,77.78
R,0.76,9,0,0.49,-1.23,Tristan Peters,2.73,671976,CHW,55.56,0,Knuckle Curve,KC,0,0,2600.89,79.96,83.79,100
R,0,6,0,-0.67,-1.01,Tristan Peters,1.82,671976,CHW,0,0,Slurve,SV,0,0,2177,0,80.47,0
R,0,4,0,1.44,-0.02,Tristan Peters,1.21,671976,CHW,0,0,Sweeper,ST,0,0,2303.5,0,82.9,0
L,0.36,12,41.67,-0.62,1.31,,27.91,691019,CHW,33.33,62.5,4-Seam Fastball,FF,55.56,0,2310.5,83.75,94.46,100
L,0.08,11,45.45,0.09,0.05,,25.58,691019,CHW,63.64,25,Slider,SL,20,0,2477.82,89.52,83.3,57.14
R,0,10,20,-0.48,1.57,,50,678577,CHW,20,25,4-Seam Fastball,FF,50,0,2584.4,74.9,95.44,100
R,0.91,8,50,0.33,0.34,,40,678577,CHW,75,100,Slider,SL,33.33,0.5,2415.25,95.4,86.1,66.67
L,0.44,7,42.86,1.06,-0.71,,16.28,691019,CHW,57.14,0,Curveball,CU,0,0.5,2419.29,74.45,79.81,50
L,0.12,4,0,-1.19,0.21,,9.3,691019,CHW,0,75,Changeup,CH,0,0,1623.75,57.85,86.58,0
L,0,4,50,-0.11,0.51,,9.3,691019,CHW,50,100,Cutter,FC,50,0,2149.75,59.75,87.18,100
L,0,3,33.33,0.43,-1.07,,6.98,691019,CHW,33.33,50,Knuckle Curve,KC,0,0,2521.67,0,83.27,0
R,0.42,2,0,1.39,0.61,,10,678577,CHW,100,0,Changeup,CH,0,0,2002,98.9,81.6,100
L,0,1,0,-1.18,0.75,,2.33,691019,CHW,100,0,Sinker,SI,0,0,2318,76.2,94.2,100
L,0,1,0,-1.28,0.19,,2.33,691019,CHW,0,0,Split-Finger,FS,0,0,1740,0,89.2,0
R,0.39,120,23.33,-0.66,1.05,Dane Myers,41.67,667472,CIN,40.83,32.39,4-Seam Fastball,FF,11.54,0.47,2260.84,77.82,95.77,59.18
R,0.22,51,37.25,-0.96,0.55,Dane Myers,17.71,667472,CIN,58.82,66.67,Sinker,SI,18.18,0.29,2275.55,82.1,95.24,63.33
R,0.06,39,35.9,0.95,0.02,Dane Myers,13.54,667472,CIN,35.9,32,Sweeper,ST,42.86,0.2,2552.1,67.63,83.98,42.86
R,0.46,27,25.93,0.32,0.29,Dane Myers,9.38,667472,CIN,37.04,11.76,Slider,SL,37.5,0.67,2289.52,97.8,87.53,60
R,0.42,19,21.05,0.02,0.48,Dane Myers,6.6,667472,CIN,42.11,9.09,Cutter,FC,16.67,0.4,2341.79,87.46,89.75,62.5
R,0.44,16,12.5,-0.85,0.27,Dane Myers,5.56,667472,CIN,37.5,40,Changeup,CH,20,0.5,1778.5,91.45,84.84,100
R,0,11,0,-0.36,-1,Dane Myers,3.82,667472,CIN,36.36,28.57,Curveball,CU,0,0,2480.27,69.1,81.35,100
R,0,5,60,-0.68,0.63,Dane Myers,1.74,667472,CIN,40,100,Split-Finger,FS,60,0,1275.8,74.1,90.3,100
R,0.33,83,27.71,-0.61,1.11,Edwin Arroyo,36.89,695490,CIN,56.63,41.67,4-Seam Fastball,FF,17.39,0.29,2272.96,89.84,95.33,65.96
R,0.27,29,10.34,-1.1,0.33,Edwin Arroyo,12.89,695490,CIN,37.93,33.33,Changeup,CH,17.65,0.67,1648.93,85.48,86.66,100
R,0,29,27.59,-0.09,-1.09,Edwin Arroyo,12.89,695490,CIN,20.69,30.43,Curveball,CU,54.55,0,2658.41,69.8,80.59,66.67
R,0.41,26,7.69,-1.27,0.55,Edwin Arroyo,11.56,695490,CIN,42.31,33.33,Sinker,SI,0,0,2228.62,78.41,95.72,63.64
R,0.3,19,63.16,0.32,0.24,Edwin Arroyo,8.44,695490,CIN,57.89,50,Slider,SL,75,0,2332,84.1,87.87,72.73
R,0.28,14,28.57,0.99,-0.3,Edwin Arroyo,6.22,695490,CIN,57.14,33.33,Sweeper,ST,50,1,2446.43,75.35,84.84,75
R,0.16,13,46.15,0.16,0.51,Edwin Arroyo,5.78,695490,CIN,84.62,0,Cutter,FC,44.44,0.33,2372.46,88.32,89.61,81.82
R,0,6,66.67,0.39,-0.93,Edwin Arroyo,2.67,695490,CIN,33.33,50,Knuckle Curve,KC,100,0,2566,0,82.07,0
R,0,6,16.67,-0.64,0.15,Edwin Arroyo,2.67,695490,CIN,33.33,0,Split-Finger,FS,50,0,1264.17,84,86.4,100
R,0.46,134,26.87,-0.57,1.09,Elly De La Cruz,32.76,682829,CIN,51.49,18.46,4-Seam Fastball,FF,19.23,0.25,2254.88,92.49,95.59,57.97
R,0.4,75,26.67,-0.92,0.41,Elly De La Cruz,18.34,682829,CIN,40,35.56,Sinker,SI,22.22,0.25,2215.96,81.54,95.38,66.67
R,0.23,59,42.37,0.86,-0.01,Elly De La Cruz,14.43,682829,CIN,45.76,21.88,Sweeper,ST,52.63,0,2513.86,79.53,86.07,44.44
R,0.4,48,12.5,-0.97,0.11,Elly De La Cruz,11.74,682829,CIN,29.17,29.41,Changeup,CH,18.18,0,1610.98,78.36,85.78,85.71
R,0.05,41,24.39,0.4,-0.89,Elly De La Cruz,10.02,682829,CIN,39.02,8,Curveball,CU,42.86,0,2562.37,76.5,80.26,75
R,0.41,21,4.76,0.13,0.57,Elly De La Cruz,5.13,682829,CIN,38.1,53.85,Cutter,FC,0,0.44,2371.24,94.79,89.66,37.5
R,1.08,15,13.33,0.19,0.04,Elly De La Cruz,3.67,682829,CIN,33.33,40,Slider,SL,22.22,1,2234.53,97.63,87.1,100
R,0.16,8,25,0.33,-1.1,Elly De La Cruz,1.96,682829,CIN,50,0,Knuckle Curve,KC,0,0.5,2530.25,100.8,81.2,50
R,0,6,50,-0.32,-0.12,Elly De La Cruz,1.47,682829,CIN,50,0,Split-Finger,FS,0,0,880.83,0,87.8,0
R,0,2,0,0,0,Elly De La Cruz,0.49,682829,CIN,0,0,Unknown,UNK,0,0,0,0,0,0
R,0.26,84,26.19,-1.02,0.58,Eugenio Suárez,28.47,553993,CIN,60.71,18.18,Sinker,SI,15.38,0.19,2224.21,87.43,95.15,64.71
R,0.28,72,47.22,-0.64,1.12,Eugenio Suárez,24.41,553993,CIN,55.56,37.5,4-Seam Fastball,FF,42.11,0.19,2281.82,88.36,95.23,65
R,0.38,55,40,0.26,0.12,Eugenio Suárez,18.64,553993,CIN,63.64,10,Slider,SL,21.05,0.18,2307,81.62,87.39,48.57
R,0.24,26,30.77,-0.6,-1.04,Eugenio Suárez,8.81,553993,CIN,42.31,33.33,Curveball,CU,42.86,0.4,2557.73,88.15,80.08,81.82
R,0.12,15,26.67,1.06,-0.15,Eugenio Suárez,5.08,553993,CIN,40,33.33,Sweeper,ST,28.57,0.2,2722.6,90.8,84.71,66.67
R,0.03,14,28.57,-0.72,0.15,Eugenio Suárez,4.75,553993,CIN,42.86,25,Changeup,CH,33.33,0,1602.57,74.05,84.96,66.67
R,0.31,10,0,0.18,0.65,Eugenio Suárez,3.39,553993,CIN,10,33.33,Cutter,FC,0,0,2469.8,94.9,91.46,100
R,0,8,0,0,0,Eugenio Suárez,2.71,553993,CIN,0,0,Unknown,UNK,0,0,0,0,0,0
R,0,6,66.67,0.29,-1.22,Eugenio Suárez,2.03,553993,CIN,33.33,50,Knuckle Curve,KC,100,0,2649,0,79.6,0
R,0.04,5,20,-0.89,0.31,Eugenio Suárez,1.69,553993,CIN,0,60,Split-Finger,FS,33.33,0,1365.8,76.6,88.98,0
R,0.4,20,50,-0.24,1.42,Ivan Johnson,35.71,671155,CIN,50,40,4-Seam Fastball,FF,75,0.5,2475,71.6,96.76,40
R,0,20,50,-0.34,-1.29,Ivan Johnson,35.71,671155,CIN,20,37.5,Curveball,CU,100,0,2654.4,0,81.66,50
R,0,8,25,0.74,1.04,Ivan Johnson,14.29,671155,CIN,0,25,Changeup,CH,100,0,1487,0,80.62,0
R,0,4,50,0.7,-0.07,Ivan Johnson,7.14,671155,CIN,50,100,Sweeper,ST,0,0,2312,0,87.9,0
R,0,2,100,-0.16,0.74,Ivan Johnson,3.57,671155,CIN,100,0,Cutter,FC,0,0,2000,0,86.2,0
R,0,2,0,0.11,0.29,Ivan Johnson,3.57,671155,CIN,0,0,Slider,SL,0,0,2320,0,89.3,0
R,0.36,100,23,-0.55,1.08,JJ Bleday,30.96,668709,CIN,56,9.09,4-Seam Fastball,FF,24.49,0.17,2266.34,84.48,95.76,80.36
R,0.14,66,33.33,-0.96,0.26,JJ Bleday,20.43,668709,CIN,48.48,35.29,Changeup,CH,38.89,0.12,1624.02,84.67,87.29,75
R,0.18,36,38.89,0.59,-0.06,JJ Bleday,11.15,668709,CIN,61.11,28.57,Sweeper,ST,13.33,0.11,2385.67,87.02,85.32,50
R,0.1,34,29.41,0.35,0.03,JJ Bleday,10.53,668709,CIN,32.35,26.09,Slider,SL,22.22,0,2282.12,82.63,86.76,27.27
R,1.06,30,10,-0.65,0.52,JJ Bleday,9.29,668709,CIN,56.67,23.08,Sinker,SI,0,0.27,2203.77,92.39,95.31,82.35
R,0.09,22,9.09,-0.55,0.23,JJ Bleday,6.81,668709,CIN,40.91,15.38,Split-Finger,FS,18.18,0,1164.68,70.81,87.86,100
R,0,20,35,0.3,-0.67,JJ Bleday,6.19,668709,CIN,40,16.67,Curveball,CU,40,0,2590.2,82.2,80.95,37.5
R,1.44,11,18.18,0.14,0.52,JJ Bleday,3.41,668709,CIN,72.73,0,Cutter,FC,0,1,2379.36,95.47,88.58,75
R,0,4,0,0.68,-1.08,JJ Bleday,1.24,668709,CIN,0,0,Knuckle Curve,KC,0,0,2531,0,80.75,0
R,0.03,28,64.29,-0.56,1.17,Jose Trevino,32.56,624431,CIN,53.57,38.46,4-Seam Fastball,FF,45.45,0.22,2381.29,85.07,96.13,40
R,0.19,18,5.56,-1.26,0.6,Jose Trevino,20.93,624431,CIN,27.78,7.69,Sinker,SI,0,1,2111.22,67.16,95.93,80
R,0.02,16,50,0.15,0.26,Jose Trevino,18.6,624431,CIN,25,33.33,Slider,SL,33.33,0,2217.5,73.05,88.96,50
R,0.22,9,44.44,1.11,0.06,Jose Trevino,10.47,624431,CIN,66.67,100,Sweeper,ST,44.44,0.14,2442.89,79.04,87.04,100
R,0.03,6,33.33,-1.5,-0.02,Jose Trevino,6.98,624431,CIN,66.67,0,Changeup,CH,50,0,2016.67,65.1,87.83,100
R,0,6,0,0.92,-0.66,Jose Trevino,6.98,624431,CIN,33.33,0,Curveball,CU,0,0,2583,69.8,84.1,100
R,0,3,100,0.31,0.25,Jose Trevino,3.49,624431,CIN,100,0,Cutter,FC,0,0,2560.33,0,90.23,0
R,0.25,49,30.61,-0.33,1.16,Ke'Bryan Hayes,31.21,663647,CIN,46.94,26.92,4-Seam Fastball,FF,28.57,0.15,2209,87.65,94.48,60.87
R,0.16,44,54.55,0.99,-0.03,Ke'Bryan Hayes,28.03,663647,CIN,31.82,46.67,Sweeper,ST,80,0,2409.27,90.7,85.96,42.86
R,0.4,28,14.29,-1.34,0.68,Ke'Bryan Hayes,17.83,663647,CIN,57.14,16.67,Sinker,SI,0,0.4,2188.86,91.86,95.85,75
R,0.02,22,36.36,0.29,0.18,Ke'Bryan Hayes,14.01,663647,CIN,40.91,30.77,Slider,SL,44.44,0,2316.14,68.53,88.45,55.56
R,0,8,25,-0.08,-1.2,Ke'Bryan Hayes,5.1,663647,CIN,25,0,Curveball,CU,0,0,2484.5,0,78.97,0
R,0.74,4,0,0.39,-0.99,Ke'Bryan Hayes,2.55,663647,CIN,50,0,Knuckle Curve,KC,0,0,2637.5,104.7,79.1,100
R,0,2,0,-1.05,-0.17,Ke'Bryan Hayes,1.27,663647,CIN,0,0,Changeup,CH,0,0,1816,0,81.4,0
R,0.27,106,27.36,-0.75,1.08,Nathaniel Lowe,46.49,663993,CIN,63.21,20.51,4-Seam Fastball,FF,14.55,0.25,2327.58,81.68,96.1,70.15
R,0.46,30,6.67,-1.18,0.4,Nathaniel Lowe,13.16,663993,CIN,60,50,Sinker,SI,0,0.43,2226.67,87.33,94.15,88.89
R,0.33,26,23.08,-0.98,0.2,Nathaniel Lowe,11.4,663993,CIN,53.85,33.33,Changeup,CH,12.5,0.25,1781.92,80.64,85.73,85.71
R,0,26,53.85,0.97,-0.18,Nathaniel Lowe,11.4,663993,CIN,46.15,57.14,Sweeper,ST,50,0,2545.46,84.07,85.65,66.67
R,0,14,28.57,0.21,0.49,Nathaniel Lowe,6.14,663993,CIN,42.86,0,Cutter,FC,0,0,2456.29,85.1,91.96,33.33
R,0.62,14,14.29,0.19,0.12,Nathaniel Lowe,6.14,663993,CIN,42.86,25,Slider,SL,25,0.5,2376.43,91.97,87.89,100
R,0,12,50,0.72,-0.88,Nathaniel Lowe,5.26,663993,CIN,50,0,Curveball,CU,0,0,2395.67,0,78.87,0
R,0.15,56,39.29,-0.49,1.17,Noelvi Marte,40,682622,CIN,67.86,33.33,4-Seam Fastball,FF,33.33,0.22,2249.25,82.92,95.56,63.16
R,0.23,21,33.33,-1.17,0.74,Noelvi Marte,15,682622,CIN,52.38,60,Sinker,SI,0,0,2115.86,75.36,95.95,36.36
R,0.44,15,33.33,0.1,-1.2,Noelvi Marte,10.71,682622,CIN,46.67,75,Curveball,CU,20,0,2586.87,93.1,81.35,57.14
R,0.23,14,28.57,-1.21,0.38,Noelvi Marte,10,682622,CIN,57.14,33.33,Changeup,CH,25,0,1703.57,87.8,84.04,75
R,0.84,14,14.29,1.04,0.03,Noelvi Marte,10,682622,CIN,14.29,66.67,Sweeper,ST,20,1,2450.71,70.95,86.3,100
R,0.32,13,15.38,0.25,0.05,Noelvi Marte,9.29,682622,CIN,46.15,100,Slider,SL,15.38,0,2398.92,82.86,87.42,100
R,0,4,50,0.18,-1.1,Noelvi Marte,2.86,682622,CIN,0,50,Knuckle Curve,KC,100,0,2614.5,0,79.75,0
R,0.04,2,0,0.48,0.3,Noelvi Marte,1.43,682622,CIN,100,0,Cutter,FC,0,0,2524,79.7,90.5,100
R,0.6,1,0,-0.5,0.65,Noelvi Marte,0.71,682622,CIN,100,0,Split-Finger,FS,0,1,1534,91.7,84.7,100
R,0.16,118,39.83,-0.58,1.1,Sal Stewart,33.05,701398,CIN,49.15,40,4-Seam Fastball,FF,38.6,0.15,2264.25,82.14,95.59,56.9
R,0.6,75,22.67,-0.94,0.65,Sal Stewart,21.01,701398,CIN,50.67,24.32,Sinker,SI,13.89,0.5,2250.28,83.53,95.54,71.05
R,0.12,58,36.21,1.05,0,Sal Stewart,16.25,701398,CIN,43.1,45.45,Sweeper,ST,44.12,0,2517.78,92.33,85.47,76
R,0.45,40,10,0.2,0.12,Sal Stewart,11.2,701398,CIN,52.5,15.79,Slider,SL,0,0.31,2279.85,86.56,87.43,80.95
R,0.47,35,17.14,0.12,-0.87,Sal Stewart,9.8,701398,CIN,40,9.52,Curveball,CU,0,0.5,2607.31,81.35,80.79,57.14
R,0.28,14,14.29,-0.07,0.32,Sal Stewart,3.92,701398,CIN,50,71.43,Changeup,CH,0,0.29,1630.57,78.43,84.06,71.43
R,0.58,13,15.38,0.15,0.6,Sal Stewart,3.64,701398,CIN,46.15,28.57,Cutter,FC,25,0.5,2404.54,88.1,91.43,100
R,0,2,100,0.4,-1.14,Sal Stewart,0.56,701398,CIN,0,100,Knuckle Curve,KC,100,0,2717,0,80.6,0
R,0,2,0,-0.74,0.42,Sal Stewart,0.56,701398,CIN,50,100,Split-Finger,FS,0,0,1650.5,0,86.9,100
R,0.17,85,23.53,-0.52,0.97,TJ Friedl,62.04,670770,CIN,50.59,14.29,4-Seam Fastball,FF,16.22,0,2240.12,80.83,94.63,72.09
R,0.02,19,10.53,-0.78,0.29,TJ Friedl,13.87,670770,CIN,36.84,33.33,Changeup,CH,18.18,0,1865.63,68.66,86.42,100
R,0.24,18,33.33,0.19,0.12,TJ Friedl,13.14,670770,CIN,61.11,0,Slider,SL,40,0,2259.94,91.2,85.85,45.45
R,0.47,5,40,-1.32,0.18,TJ Friedl,3.65,670770,CIN,60,0,Sinker,SI,0,0,2074.8,80.7,94.58,33.33
R,0,4,0,0.57,-0.48,TJ Friedl,2.92,670770,CIN,0,0,Curveball,CU,0,0,2566,0,80,0
R,0,4,0,-0.25,-0.34,TJ Friedl,2.92,670770,CIN,0,0,Split-Finger,FS,0,0,741.5,0,86.75,0
R,0,2,0,0.38,-1.06,TJ Friedl,1.46,670770,CIN,0,0,Knuckle Curve,KC,0,0,2676,0,79,0
R,0.46,77,32.47,-0.63,1.06,Tyler Stephenson,28.21,663886,CIN,55.84,35.29,4-Seam Fastball,FF,30.23,0.2,2293.86,85.06,94.86,72.09
R,0.53,58,36.21,0.2,0.2,Tyler Stephenson,21.25,663886,CIN,56.9,36,Slider,SL,34.38,0.41,2303.98,87.99,87.95,69.7
R,0.67,33,21.21,-1.26,0.64,Tyler Stephenson,12.09,663886,CIN,75.76,0,Sinker,SI,0,0.43,2211.55,95.88,95.52,72
R,0.23,33,24.24,1.06,-0.11,Tyler Stephenson,12.09,663886,CIN,24.24,24,Sweeper,ST,25,0,2663.52,72.84,84.62,25
R,0.42,26,15.38,-0.29,-0.98,Tyler Stephenson,9.52,663886,CIN,30.77,44.44,Curveball,CU,25,0.5,2543.31,78.06,79.22,100
R,0,22,36.36,-0.53,0.56,Tyler Stephenson,8.06,663886,CIN,36.36,28.57,Changeup,CH,66.67,0,1497.09,0,85.65,25
R,0.68,14,14.29,-0.08,0.58,Tyler Stephenson,5.13,663886,CIN,42.86,25,Cutter,FC,25,1,2270.86,84,89.14,100
R,0,6,33.33,0.2,-1.09,Tyler Stephenson,2.2,663886,CIN,66.67,0,Knuckle Curve,KC,0,0,2633,49.9,80.4,50
R,0,4,0,-0.85,0.55,Tyler Stephenson,1.47,663886,CIN,50,0,Split-Finger,FS,0,0,1285.5,73.4,89.7,100
R,0.31,69,31.88,-0.68,0.93,,42.86,668715,CIN,43.48,30.77,4-Seam Fastball,FF,29.03,0.05,2251.06,87.43,95.51,63.33
R,0.43,28,25,-1.02,0.48,,17.39,668715,CIN,46.43,33.33,Sinker,SI,8.33,0.5,2245.75,86.29,94.34,53.85
R,0.2,28,35.71,0.26,0.05,,17.39,668715,CIN,60.71,54.55,Slider,SL,31.58,0,2231.32,87.11,87.56,76.47
R,0.18,17,11.76,1.01,-0.08,,10.56,668715,CIN,23.53,15.38,Sweeper,ST,0,0,2479.12,75.9,82.83,50
R,0,8,50,0.54,-0.65,,4.97,668715,CIN,50,50,Curveball,CU,0,0,2225.25,63.4,81.82,0
R,0.15,6,0,0.09,0.67,,3.73,668715,CIN,50,0,Cutter,FC,0,0,2449.17,40.67,91.97,100
R,0.06,5,0,-0.22,0.12,,3.11,668715,CIN,80,0,Changeup,CH,0,0,1481.8,85.5,85.54,100
R,0.15,30,33.33,-0.09,1.45,Angel Martínez,32.61,682657,CLE,66.67,20,4-Seam Fastball,FF,25,0,2463.8,78.88,95.13,70
R,0.08,22,18.18,-0.14,0.52,Angel Martínez,23.91,682657,CLE,27.27,62.5,Changeup,CH,25,0,1631.64,75.08,85.55,100
R,0.14,16,50,-1.4,0.91,Angel Martínez,17.39,682657,CLE,50,50,Sinker,SI,33.33,0,2264.62,86,93.76,25
R,0.06,12,83.33,0.21,-0.09,Angel Martínez,13.04,682657,CLE,50,100,Slider,SL,75,0,2597.33,95.4,87.45,33.33
R,0,6,0,0.23,0.92,Angel Martínez,6.52,682657,CLE,33.33,0,Cutter,FC,0,0,2441,69.2,89.53,100
R,0,4,0,-0.4,-0.55,Angel Martínez,4.35,682657,CLE,0,0,Curveball,CU,0,0,2503,0,82.5,0
R,0,2,0,-1.47,-0.4,Angel Martínez,2.17,682657,CLE,0,0,Sweeper,ST,0,0,2751,0,80.8,0
R,0.25,30,10,0.11,1.33,Austin Hedges,29.7,595978,CLE,43.33,11.76,4-Seam Fastball,FF,7.69,0.29,2297.5,81.08,95.02,84.62
R,0.32,22,27.27,-0.36,0.5,Austin Hedges,21.78,595978,CLE,72.73,33.33,Sinker,SI,0,0.5,2163.64,80.47,94.75,62.5
R,0.02,16,12.5,-0.18,0.24,Austin Hedges,15.84,595978,CLE,25,50,Slider,SL,20,0,2541.62,74.72,87.06,100
R,0.14,13,38.46,0.41,0.39,Austin Hedges,12.87,595978,CLE,61.54,0,Cutter,FC,16.67,0,2441.69,78.52,88.55,75
R,0.06,12,33.33,1.12,-0.04,Austin Hedges,11.88,595978,CLE,50,100,Sweeper,ST,33.33,0,2656,71.17,82.25,100
R,0,4,50,1.44,0.36,Austin Hedges,3.96,595978,CLE,0,100,Changeup,CH,50,0,1546.5,31.4,85.8,0
R,0.7,4,50,-0.26,-0.9,Austin Hedges,3.96,595978,CLE,50,0,Curveball,CU,0,0,2419.5,0,81.15,0
R,0.27,109,20.18,-0.56,1.31,Brayan Rocchio,28.76,677587,CLE,55.96,27.08,4-Seam Fastball,FF,11.86,0.23,2321.28,85.02,94.66,75.41
R,0.21,86,38.37,-0.65,0.42,Brayan Rocchio,22.69,677587,CLE,39.53,42.31,Changeup,CH,38.3,0.28,1769.97,80.24,85.34,73.53
R,0.17,56,21.43,0.3,0.2,Brayan Rocchio,14.78,677587,CLE,39.29,29.41,Slider,SL,15.38,0.2,2498.86,83.38,85.76,72.73
R,0.01,35,42.86,-0.93,0.72,Brayan Rocchio,9.23,677587,CLE,65.71,33.33,Sinker,SI,14.29,0,2332.23,69.42,93.72,43.48
R,0.08,25,40,0.17,0.72,Brayan Rocchio,6.6,677587,CLE,60,20,Cutter,FC,22.22,0,2353.56,89.47,89.72,46.67
R,0.22,23,52.17,0.55,-0.9,Brayan Rocchio,6.07,677587,CLE,65.22,75,Curveball,CU,47.06,0.25,2644.48,87.06,83.29,73.33
R,0.15,20,10,-1.08,0.22,Brayan Rocchio,5.28,677587,CLE,40,33.33,Split-Finger,FS,9.09,0,1901.65,84.12,89.18,87.5
R,0.38,19,31.58,0.31,-0.01,Brayan Rocchio,5.01,677587,CLE,31.58,15.38,Sweeper,ST,0,1,2763.47,96.6,81.32,33.33
R,0,6,100,0.73,-0.67,Brayan Rocchio,1.58,677587,CLE,33.33,100,Knuckle Curve,KC,100,0,2685.33,0,79.53,0
R,0.36,96,18.75,-0.43,1.32,Chase DeLauter,24.3,800050,CLE,50,18.75,4-Seam Fastball,FF,14.63,0.24,2325.49,82.95,94.95,66.67
R,0.4,63,36.51,0.05,0.14,Chase DeLauter,15.95,800050,CLE,53.97,37.93,Slider,SL,21.43,0.31,2476.59,87.43,86.65,50
R,0.27,58,24.14,-1.01,0.42,Chase DeLauter,14.68,800050,CLE,17.24,27.08,Changeup,CH,38.89,0,1680.98,83.94,86.56,50
R,0.09,56,25,0.51,0.24,Chase DeLauter,14.18,800050,CLE,46.43,13.33,Sweeper,ST,30,0.29,2597.86,85.3,80.68,61.54
R,0.46,54,29.63,-0.39,0.66,Chase DeLauter,13.67,800050,CLE,51.85,15.38,Sinker,SI,11.11,0.44,2290.19,79.26,93.94,50
R,0.5,24,12.5,0.18,0.56,Chase DeLauter,6.08,800050,CLE,29.17,23.53,Cutter,FC,22.22,0,2496.5,63.11,89.83,71.43
R,0.47,24,25,-1.17,0.31,Chase DeLauter,6.08,800050,CLE,70.83,28.57,Split-Finger,FS,0,0.55,1878.25,88.49,89.38,64.71
R,0.27,16,25,0.52,-0.76,Chase DeLauter,4.05,800050,CLE,43.75,33.33,Curveball,CU,0,0.5,2737.19,74.8,83.78,42.86
R,0,4,0,0.76,-0.71,Chase DeLauter,1.01,800050,CLE,0,0,Knuckle Curve,KC,0,0,2705.5,0,79.35,0
R,0.19,31,32.26,-0.17,1.28,David Fry,28.18,681807,CLE,45.16,47.06,4-Seam Fastball,FF,25,0,2292.16,80.82,94.64,57.14
R,0.03,20,50,-0.25,0.13,David Fry,18.18,681807,CLE,50,40,Slider,SL,50,0,2625.35,76,87.7,80
R,0.17,16,25,0.65,0.61,David Fry,14.55,681807,CLE,50,0,Sinker,SI,0,0,2331.88,75,94.06,50
R,0.28,12,8.33,0.26,0.7,David Fry,10.91,681807,CLE,33.33,12.5,Cutter,FC,20,0,2407.83,78.85,90.64,100
R,0.32,11,36.36,-0.24,0.45,David Fry,10,681807,CLE,0,54.55,Changeup,CH,66.67,0,1873.64,74.1,84.85,0
R,0.03,8,0,0.43,1.55,David Fry,7.27,681807,CLE,0,50,Eephus,EP,0,0,1042.25,85.15,40.42,0
R,0,6,33.33,1.08,-0.19,David Fry,5.45,681807,CLE,33.33,50,Sweeper,ST,0,0,2640.33,82,80.13,0
R,0.22,4,0,0.78,-1.03,David Fry,3.64,681807,CLE,50,0,Curveball,CU,0,0,2862.5,100.7,85.25,100
R,0,2,0,0.71,-0.94,David Fry,1.82,681807,CLE,0,0,Knuckle Curve,KC,0,0,2673,0,79.1,0
R,0.14,68,36.76,-0.39,1.27,Gabriel Arias,37.78,672356,CLE,38.24,42.86,4-Seam Fastball,FF,44.74,0.2,2293.9,83.83,95.39,76.92
R,0.53,32,31.25,-1.12,0.81,Gabriel Arias,17.78,672356,CLE,50,0,Sinker,SI,40,1,2266.88,84.07,92.94,62.5
R,0.06,29,41.38,0.04,0.14,Gabriel Arias,16.11,672356,CLE,37.93,33.33,Slider,SL,61.54,0,2489.86,80.98,85.27,63.64
R,0.23,20,60,-0.06,0.39,Gabriel Arias,11.11,672356,CLE,10,77.78,Changeup,CH,75,0.33,1791.8,101.9,83.3,100
R,0.22,18,50,1.04,-0.03,Gabriel Arias,10,672356,CLE,27.78,84.62,Sweeper,ST,56.25,0.44,2700.94,88.97,81.78,100
R,0.37,8,25,-0.04,0.45,Gabriel Arias,4.44,672356,CLE,50,100,Cutter,FC,25,0.67,2404.5,81.97,87.65,100
R,0,2,100,-0.38,-0.65,Gabriel Arias,1.11,672356,CLE,100,0,Curveball,CU,0,0,2379,0,80.2,0
R,0,2,0,-0.86,-0.71,Gabriel Arias,1.11,672356,CLE,100,0,Slurve,SV,0,0,3004,82.9,80.8,100
R,0,1,100,-0.8,0.07,Gabriel Arias,0.56,672356,CLE,0,100,Split-Finger,FS,100,0,1583,0,86.1,0
R,0.3,74,22.97,-0.39,1.49,José Ramírez,27.51,608070,CLE,60.81,37.93,4-Seam Fastball,FF,4.88,0.29,2400.85,81.94,95.66,66.67
R,0.33,53,15.09,-1.04,0.5,José Ramírez,19.7,608070,CLE,22.64,29.27,Changeup,CH,0,0.4,1716.25,66.13,85.81,50
R,0.01,38,26.32,0.17,0.74,José Ramírez,14.13,608070,CLE,57.89,12.5,Cutter,FC,10,0,2377.63,81.28,90.4,81.82
R,0.38,32,25,0.29,0.16,José Ramírez,11.9,608070,CLE,56.25,28.57,Slider,SL,0,0,2545.69,82.1,85.87,33.33
R,0.11,31,22.58,-1.15,0.92,José Ramírez,11.52,608070,CLE,38.71,31.58,Sinker,SI,14.29,0.25,2296.61,81.84,93.68,66.67
R,0.35,24,33.33,0.61,0.26,José Ramírez,8.92,608070,CLE,58.33,80,Sweeper,ST,12.5,0.25,2762.58,74.98,83.04,57.14
R,0.12,10,20,0.62,-0.72,José Ramírez,3.72,608070,CLE,40,66.67,Curveball,CU,0,0,2817.3,78.13,84.64,50
R,0,4,0,0,0,José Ramírez,1.49,608070,CLE,0,0,Unknown,UNK,0,0,0,0,0,0
R,0,3,0,-0.77,0.33,José Ramírez,1.12,608070,CLE,66.67,0,Split-Finger,FS,0,0,1733.67,92.55,92.1,100
R,0.4,84,23.81,-0.71,1.3,Kyle Manzardo,36.21,700932,CLE,57.14,33.33,4-Seam Fastball,FF,18.37,0.3,2401.56,87.06,95.74,77.08
R,0.5,47,31.91,-0.05,0.59,Kyle Manzardo,20.26,700932,CLE,61.7,5.56,Sinker,SI,7.14,0.25,2383.85,86.29,93.8,44.83
R,0.21,33,45.45,0.28,0.08,Kyle Manzardo,14.22,700932,CLE,39.39,50,Slider,SL,57.89,0.25,2611.18,85.72,86.35,69.23
R,0.01,27,37.04,-1.23,0.26,Kyle Manzardo,11.64,700932,CLE,22.22,47.62,Changeup,CH,62.5,0,1693.93,78.12,87.63,100
R,0.03,16,50,0.11,-0.05,Kyle Manzardo,6.9,700932,CLE,43.75,33.33,Sweeper,ST,33.33,0,2588,63,78.57,0
R,0.04,14,7.14,0.15,0.61,Kyle Manzardo,6.03,700932,CLE,64.29,0,Cutter,FC,0,0.29,2328.57,91.14,89.1,88.89
R,0.73,7,0,0.73,-0.91,Kyle Manzardo,3.02,700932,CLE,14.29,0,Curveball,CU,0,0,2608.71,85.6,83.37,100
R,0,4,0,-0.84,0.22,Kyle Manzardo,1.72,700932,CLE,0,25,Split-Finger,FS,0,0,1666.75,62.6,88.35,0
R,0.51,61,32.79,-0.52,1.24,Patrick Bailey,32.11,672275,CLE,63.93,50,4-Seam Fastball,FF,34.88,0.25,2233.61,88.49,95.47,82.05
R,0.34,36,22.22,-0.65,0.91,Patrick Bailey,18.95,672275,CLE,41.67,23.81,Sinker,SI,22.22,0.33,2285,77.66,93.31,86.67
R,0.21,28,10.71,-0.93,0.26,Patrick Bailey,14.74,672275,CLE,25,38.1,Changeup,CH,7.69,0.18,1752.29,89,84.62,71.43
R,0.21,20,10,0.35,-0.01,Patrick Bailey,10.53,672275,CLE,60,12.5,Slider,SL,0,0.14,2522.1,81.86,84.48,83.33
R,0.43,13,23.08,0.46,0.7,Patrick Bailey,6.84,672275,CLE,38.46,50,Cutter,FC,25,0,2334.85,80.25,92.31,80
R,0.51,12,58.33,0.38,-0.63,Patrick Bailey,6.32,672275,CLE,66.67,75,Curveball,CU,33.33,0,2720.08,81.72,85.67,37.5
R,0.06,11,0,-0.99,0.27,Patrick Bailey,5.79,672275,CLE,9.09,30,Split-Finger,FS,0,0,1625.55,78.97,89.5,100
R,0.21,4,50,-0.19,1.3,Patrick Bailey,2.11,672275,CLE,50,100,Eephus,EP,0,1,1251,27.3,47.9,0
R,0,3,66.67,1.13,0.37,Patrick Bailey,1.58,672275,CLE,66.67,0,Sweeper,ST,0,0,2209.33,0,77.1,0
R,0,2,0,-1.26,1.25,Patrick Bailey,1.05,672275,CLE,0,0,Other,FA,0,0,1907,0,75.5,0
R,0.4,93,27.96,-0.6,1.26,Petey Halpin,34.7,690984,CLE,59.14,26.32,4-Seam Fastball,FF,22,0.42,2273.69,85.64,93.82,72.73
R,0.3,35,42.86,-0.66,0.8,Petey Halpin,13.06,690984,CLE,60,42.86,Sinker,SI,33.33,0.25,2215.63,79.86,94.81,71.43
R,0.26,32,0,-0.71,0.46,Petey Halpin,11.94,690984,CLE,40.62,57.89,Changeup,CH,0,0.12,1737.31,77.8,86.48,100
R,0.32,29,20.69,0.22,0.27,Petey Halpin,10.82,690984,CLE,27.59,61.9,Slider,SL,21.05,0.25,2432.86,78.75,85.76,75
R,0.24,26,19.23,0.18,0.6,Petey Halpin,9.7,690984,CLE,76.92,0,Cutter,FC,11.76,0,2380.5,75.25,89.82,85
R,0.42,22,9.09,-0.01,0.05,Petey Halpin,8.21,690984,CLE,45.45,0,Sweeper,ST,20,0,2729.82,90.58,80.55,100
R,1.07,17,11.76,-0.97,0.5,Petey Halpin,6.34,690984,CLE,35.29,27.27,Split-Finger,FS,0,0.67,1453.18,85.69,87.75,66.67
R,0.13,8,0,0.72,-0.48,Petey Halpin,2.99,690984,CLE,12.5,100,Curveball,CU,0,0,2781.5,89.77,86.6,100
R,0.03,6,0,-0.85,0.9,Petey Halpin,2.24,690984,CLE,33.33,0,Eephus,EP,0,0,1389.67,95.7,55.1,100
R,0.28,52,28.85,-0.22,1.36,Rhys Hoskins,32.3,656555,CLE,65.38,16.67,4-Seam Fastball,FF,14.81,0,2368.58,84.38,95.54,70.59
R,0.11,30,26.67,0.02,0.18,Rhys Hoskins,18.63,656555,CLE,33.33,65,Slider,SL,28.57,0,2572.13,82.84,88.13,80
R,0.77,23,30.43,-0.56,0.42,Rhys Hoskins,14.29,656555,CLE,56.52,0,Sinker,SI,45.45,0.4,2206.48,86.07,95.33,84.62
R,0.02,15,40,0.32,0.28,Rhys Hoskins,9.32,656555,CLE,53.33,28.57,Changeup,CH,33.33,0,1599.4,76.3,87.15,50
R,0,13,15.38,0.18,0.49,Rhys Hoskins,8.07,656555,CLE,38.46,25,Cutter,FC,0,0,2496.54,87.8,89.53,60
R,0.77,13,15.38,0.59,-0.29,Rhys Hoskins,8.07,656555,CLE,38.46,25,Sweeper,ST,28.57,0.6,2784.31,98.3,82.12,100
R,0.21,6,50,-0.7,0.38,Rhys Hoskins,3.73,656555,CLE,50,33.33,Split-Finger,FS,50,0,1387.5,64.6,89.75,33.33
R,0,5,60,0.45,-0.83,Rhys Hoskins,3.11,656555,CLE,80,0,Curveball,CU,66.67,0,2803.2,100.1,84.38,75
R,0,2,0,-0.65,-1.13,Rhys Hoskins,1.24,656555,CLE,0,0,Slurve,SV,0,0,3125,0,79.7,0
R,0,2,0,-0.93,-0.99,Rhys Hoskins,1.24,656555,CLE,0,0,Unknown,UNK,0,0,3004,0,79.8,0
R,0.37,152,33.55,-0.43,1.31,Steven Kwan,40.11,680757,CLE,57.89,7.81,4-Seam Fastball,FF,8.33,0.4,2276.41,78.55,94.49,48.86
R,0.58,67,34.33,-0.43,0.84,Steven Kwan,17.68,680757,CLE,50.75,0,Sinker,SI,21.05,0.27,2304.84,86.4,93.75,55.88
R,0.3,52,30.77,0.08,0.21,Steven Kwan,13.72,680757,CLE,61.54,25,Slider,SL,17.39,0.12,2533.48,83.07,86.74,56.25
R,0.47,25,24,-1.13,0.46,Steven Kwan,6.6,680757,CLE,48,30.77,Changeup,CH,0,0.4,1716.28,77.68,85.11,50
R,0.16,24,8.33,0.78,0.02,Steven Kwan,6.33,680757,CLE,25,33.33,Sweeper,ST,0,0.25,2726.25,82.12,80.97,66.67
R,0.48,23,26.09,0.2,0.77,Steven Kwan,6.07,680757,CLE,69.57,28.57,Cutter,FC,0,0.67,2497.09,82.07,90.76,62.5
R,0.26,17,29.41,-1.16,0.36,Steven Kwan,4.49,680757,CLE,64.71,16.67,Split-Finger,FS,11.11,0.33,1921.41,69.45,90.18,72.73
R,0.86,16,25,0.39,-0.64,Steven Kwan,4.22,680757,CLE,37.5,0,Curveball,CU,0,1,2609.75,94,81.89,33.33
R,0,2,0,0.89,-0.82,Steven Kwan,0.53,680757,CLE,100,0,Knuckle Curve,KC,0,0,2685,86.5,79.9,100
R,0,1,0,0,0,Steven Kwan,0.26,680757,CLE,0,0,Unknown,UNK,0,0,0,0,0,0
R,0.43,120,23.33,-0.48,1.3,Travis Bazzana,28.99,683953,CLE,49.17,37.7,4-Seam Fastball,FF,16.67,0.19,2366.17,85.18,95.45,72.88
R,0.16,66,34.85,0.16,0.13,Travis Bazzana,15.94,683953,CLE,39.39,25,Slider,SL,23.53,0.22,2535.53,83.94,87.29,26.92
R,0.27,65,16.92,-0.26,0.75,Travis Bazzana,15.7,683953,CLE,63.08,16.67,Sinker,SI,0,0.35,2301,83.65,93.19,78.05
R,0.46,62,29.03,-1.05,0.45,Travis Bazzana,14.98,683953,CLE,30.65,34.88,Changeup,CH,30.43,0.43,1737.08,78.3,87.26,42.11
R,0.54,40,30,-0.16,0,Travis Bazzana,9.66,683953,CLE,50,20,Sweeper,ST,14.29,0.5,2641.3,72.28,79.8,50
R,0.29,25,28,-1.1,0.27,Travis Bazzana,6.04,683953,CLE,40,33.33,Split-Finger,FS,18.18,0.29,1859.16,82.95,89.32,60
R,0.2,19,31.58,0.28,0.64,Travis Bazzana,4.59,683953,CLE,52.63,44.44,Cutter,FC,20,0,2409.74,73.45,91.31,60
R,0,13,46.15,0.73,-1.16,Travis Bazzana,3.14,683953,CLE,76.92,0,Curveball,CU,33.33,0,2696.23,72.75,82.54,60
R,0,4,50,0.78,-0.79,Travis Bazzana,0.97,683953,CLE,50,0,Knuckle Curve,KC,0,0,2689.5,0,79.15,0
L,0.33,42,40.48,-0.74,1.11,,60.87,696135,CLE,59.52,41.18,4-Seam Fastball,FF,51.61,0.45,2269.02,89.05,96.85,96
L,0.15,32,37.5,-0.55,1.31,,28.07,682177,CLE,53.12,26.67,4-Seam Fastball,FF,35.71,0,2292.38,75.53,96.55,58.82
L,0.14,24,25,0.07,-0.1,,21.05,682177,CLE,25,22.22,Sweeper,ST,25,0.33,2323.92,75.13,78.21,66.67
L,0.42,15,33.33,0.09,0.28,,13.16,682177,CLE,33.33,30,Slider,SL,40,0,2560.93,93.4,86.55,40
L,0,12,25,0.18,0.98,,10.53,682177,CLE,58.33,0,Cutter,FC,42.86,0,2396,75.65,92.98,100
L,0.28,10,20,1.12,0.66,,14.49,696135,CLE,60,0,Sinker,SI,0,0.25,2222.1,78.88,92.97,66.67
L,0.7,9,0,0.4,0.65,,7.89,682177,CLE,77.78,0,Sinker,SI,0,0,2379,84.41,93.92,100
L,0,9,0,-0.97,0.52,,13.04,696135,CLE,33.33,0,Changeup,CH,0,0,1603.33,66.1,89.41,100
L,0,8,25,-1.52,0.7,,7.02,682177,CLE,37.5,40,Changeup,CH,0,0,2234.75,50.7,82.72,33.33
L,0.01,5,0,-0.75,-0.06,,4.39,682177,CLE,40,0,Split-Finger,FS,0,0,1250.6,87.6,83.98,100
L,0.16,4,0,0.81,-0.82,,3.51,682177,CLE,50,100,Knuckle Curve,KC,0,0,2655,69.5,77.6,100
L,0,4,75,-0.82,-0.41,,5.8,696135,CLE,25,66.67,Split-Finger,FS,100,0,1620,0,85.08,0
L,0.23,3,0,0.72,-0.97,,2.63,682177,CLE,33.33,0,Curveball,CU,0,1,2746.33,94.3,85.97,100
L,0.15,2,0,-0.34,1.43,,1.75,682177,CLE,0,100,Eephus,EP,0,0,1088,93.7,42.7,0
L,0,2,0,0.51,0.38,,2.9,696135,CLE,100,0,Cutter,FC,0,0,2297,95.3,88.4,100
L,0,2,0,-0.99,0.14,,2.9,696135,CLE,0,0,Sweeper,ST,0,0,2633,0,80.3,0
R,0,16,50,0.15,1.05,Braxton Fulford,36.36,690924,COL,50,25,4-Seam Fastball,FF,33.33,0,2185.75,82.2,92.44,50
R,0,10,0,-0.29,0.7,Braxton Fulford,22.73,690924,COL,80,0,Sinker,SI,0,0,2047.2,81.47,92.54,100
R,0.11,6,0,-0.37,-0.89,Braxton Fulford,13.64,690924,COL,66.67,0,Curveball,CU,0,0,2662.33,91.25,83.13,100
R,0,4,0,0.13,0.52,Braxton Fulford,9.09,690924,COL,50,100,Cutter,FC,0,0,2189.5,72.3,88.2,100
R,0,4,0,-0.02,-0.1,Braxton Fulford,9.09,690924,COL,100,0,Slider,SL,0,0,2514,75.2,83.85,100
R,0.32,4,0,-1.08,0.41,Braxton Fulford,9.09,690924,COL,100,0,Sweeper,ST,0,0,2525,85.8,80.8,100
R,0.29,18,61.11,-0.6,1.27,Brett Sullivan,32.14,664954,COL,50,55.56,4-Seam Fastball,FF,37.5,0.5,2367.94,94.35,96.25,33.33
R,0.18,11,18.18,-0.58,0.6,Brett Sullivan,19.64,664954,COL,45.45,66.67,Sinker,SI,0,0.5,2145.45,80.37,94.58,40
R,0.11,10,20,-1.25,0.46,Brett Sullivan,17.86,664954,COL,60,50,Changeup,CH,0,0.33,1911.2,83.46,90.54,66.67
R,0,8,25,0.1,0.8,Brett Sullivan,14.29,664954,COL,75,0,Cutter,FC,0,0,2387.25,84.2,92.58,66.67
R,0,7,14.29,-0.57,-0.25,Brett Sullivan,12.5,664954,COL,71.43,0,Sweeper,ST,0,0,2884.29,78.03,76.9,80
R,0.12,2,0,0.25,-0.55,Brett Sullivan,3.57,664954,COL,100,0,Knuckle Curve,KC,0,0,2255,76.5,87.9,100
R,0.2,95,30.53,-0.18,1.16,Cole Carrigg,34.05,694249,COL,44.21,26.42,4-Seam Fastball,FF,38.3,0.29,2377.22,80.56,96.22,78.57
R,0.47,47,25.53,-0.23,0.52,Cole Carrigg,16.85,694249,COL,65.96,12.5,Sinker,SI,9.52,0.29,2251.23,89.75,93.74,61.29
R,0.39,38,10.53,-0.83,0.08,Cole Carrigg,13.62,694249,COL,23.68,51.72,Changeup,CH,0,0.45,2081.63,76.09,85.01,55.56
R,0.07,29,34.48,0.11,0.01,Cole Carrigg,10.39,694249,COL,37.93,11.11,Slider,SL,33.33,0,2575.1,82,87.02,36.36
R,0.21,18,11.11,0.12,0.49,Cole Carrigg,6.45,694249,COL,44.44,20,Cutter,FC,0,0.5,2327.78,91.52,90.26,75
R,0.26,17,11.76,-0.26,-0.48,Cole Carrigg,6.09,694249,COL,29.41,8.33,Curveball,CU,0,0.67,2799.59,87.12,83.26,60
R,0.81,15,13.33,-0.5,0.24,Cole Carrigg,5.38,694249,COL,20,33.33,Sweeper,ST,0,1,2475.13,90.1,78.39,33.33
R,0.73,10,20,0.49,-0.46,Cole Carrigg,3.58,694249,COL,0,20,Knuckle Curve,KC,0,0,2475.6,0,84.8,0
R,0,8,50,0.46,-0.39,Cole Carrigg,2.87,694249,COL,0,75,Split-Finger,FS,66.67,0,1642.5,0,86.55,0
R,0,2,50,-0.32,-0.77,Cole Carrigg,0.72,694249,COL,0,50,Slurve,SV,100,0,3018,0,80.65,0
R,0.17,60,33.33,-0.56,1.19,Edouard Julien,45.11,666397,COL,53.33,28.57,4-Seam Fastball,FF,28.57,0,2464.73,78.6,99.23,62.5
R,0.18,18,0,-1.3,0.46,Edouard Julien,13.53,666397,COL,66.67,0,Changeup,CH,0,0,1974.33,82.16,87.73,100
R,0.62,16,43.75,-0.37,0.36,Edouard Julien,12.03,666397,COL,68.75,40,Sinker,SI,0,0.25,2311.56,88.6,93.01,36.36
R,0.1,13,46.15,0.43,0.12,Edouard Julien,9.77,666397,COL,76.92,0,Slider,SL,20,0.67,2574.08,61.8,85.98,50
R,0,12,33.33,-0.26,0.5,Edouard Julien,9.02,666397,COL,50,33.33,Split-Finger,FS,33.33,0,1108.33,69.4,86.08,66.67
R,0,8,50,0.29,-0.68,Edouard Julien,6.02,666397,COL,75,0,Knuckle Curve,KC,0,0,2270.75,87.6,87.38,33.33
R,0,4,50,0.14,0.67,Edouard Julien,3.01,666397,COL,100,0,Cutter,FC,0,0,2275,75.2,94.5,50
R,0,2,0,0.99,-0.28,Edouard Julien,1.5,666397,COL,0,50,Sweeper,ST,0,0,2930.5,0,82.05,0
R,0.18,50,30,0.21,1.18,Ezequiel Tovar,23.92,678662,COL,58,28.57,4-Seam Fastball,FF,37.5,0,2354.02,84.25,96.09,89.66
R,0.55,49,24.49,0.33,0.47,Ezequiel Tovar,23.44,678662,COL,57.14,23.81,Sinker,SI,5,0.8,2260.92,84.2,92.67,53.57
R,0.1,39,35.9,0.58,0.04,Ezequiel Tovar,18.66,678662,COL,41.03,43.48,Sweeper,ST,39.13,0,2709.95,75.39,81.41,81.25
R,0.08,33,24.24,0,-0.03,Ezequiel Tovar,15.79,678662,COL,48.48,64.71,Slider,SL,29.63,0.12,2629.55,86.64,85.34,100
R,0.4,18,22.22,0.25,0.56,Ezequiel Tovar,8.61,678662,COL,33.33,50,Changeup,CH,20,1,1838.89,91.1,88.2,66.67
R,0,8,0,0.12,0.51,Ezequiel Tovar,3.83,678662,COL,50,0,Cutter,FC,0,0,2378.5,92,87.62,100
R,0,4,0,-0.6,-0.86,Ezequiel Tovar,1.91,678662,COL,0,0,Curveball,CU,0,0,2803.5,0,83.65,0
R,0,4,50,1.03,-0.64,Ezequiel Tovar,1.91,678662,COL,0,50,Knuckle Curve,KC,100,0,2529.5,0,82.8,0
R,0,4,100,0.57,-0.21,Ezequiel Tovar,1.91,678662,COL,50,100,Split-Finger,FS,100,0,1065,0,85.9,0
R,0.39,122,32.79,-0.27,1.21,Hunter Goodman,35.06,696100,COL,39.34,35.14,4-Seam Fastball,FF,45.16,0.27,2371.28,81.39,97.49,75
R,0.5,65,43.08,0.23,0.01,Hunter Goodman,18.68,696100,COL,29.23,50,Slider,SL,63.16,0.5,2496.97,90.75,86.82,78.95
R,0.05,55,32.73,-0.14,0.01,Hunter Goodman,15.8,696100,COL,38.18,52.94,Sweeper,ST,25.81,0,2538.27,72.61,80.25,61.9
R,0.52,42,26.19,-0.21,0.44,Hunter Goodman,12.07,696100,COL,47.62,13.64,Sinker,SI,20,0.33,2320.64,91.14,94.5,60
R,0.3,24,4.17,0.09,0.06,Hunter Goodman,6.9,696100,COL,20.83,26.32,Changeup,CH,10,0,1798.75,81.86,85.89,100
R,0.4,16,37.5,0.18,0.76,Hunter Goodman,4.6,696100,COL,50,25,Cutter,FC,60,1,2473.25,69.4,90.14,100
R,0.34,10,20,-0.57,-0.76,Hunter Goodman,2.87,696100,COL,60,0,Curveball,CU,50,0.5,2755.2,75.1,82.54,66.67
R,0,6,33.33,0.72,-0.6,Hunter Goodman,1.72,696100,COL,33.33,0,Knuckle Curve,KC,0,0,2409.67,0,84.2,0
R,0.35,6,33.33,0.07,-0.07,Hunter Goodman,1.72,696100,COL,33.33,0,Split-Finger,FS,100,0,1592,0,83.73,100
R,0,2,0,-0.56,1,Hunter Goodman,0.57,696100,COL,0,0,Pitch Out,PO,0,0,2235,0,90.9,0
R,0.13,68,22.06,-0.47,1.17,Jake McCarthy,23.53,664983,COL,42.65,41.03,4-Seam Fastball,FF,21.05,0.12,2444.51,72.94,96.99,75.86
R,0.22,48,29.17,0.44,0.56,Jake McCarthy,16.61,664983,COL,68.75,46.67,Sinker,SI,16.13,0.18,2212.27,82.47,94.02,72.73
R,0.36,46,15.22,-0.22,0.04,Jake McCarthy,15.92,664983,COL,43.48,34.62,Sweeper,ST,24.14,0.3,2546.98,75.78,79.71,100
R,0.25,43,32.56,0.05,0.09,Jake McCarthy,14.88,664983,COL,39.53,69.23,Slider,SL,36.36,0.27,2577.16,91.17,87.09,88.24
R,0.18,38,31.58,-1.38,0.19,Jake McCarthy,13.15,664983,COL,31.58,76.92,Changeup,CH,33.33,0.18,2069.95,69.9,86.06,83.33
R,0.41,21,9.52,0.01,0.61,Jake McCarthy,7.27,664983,COL,66.67,42.86,Cutter,FC,0,0.5,2513.43,68.66,92.22,85.71
R,0.4,16,37.5,0.27,-0.54,Jake McCarthy,5.54,664983,COL,37.5,100,Curveball,CU,33.33,0,2319,82.9,83.88,33.33
R,0,6,66.67,0.53,-0.54,Jake McCarthy,2.08,664983,COL,66.67,100,Knuckle Curve,KC,50,0,2222.67,59.7,87.47,50
R,0.92,2,0,-0.43,0.34,Jake McCarthy,0.69,664983,COL,0,100,Split-Finger,FS,0,1,1175,94.8,86.2,0
R,0.23,1,0,-0.37,-0.88,Jake McCarthy,0.35,664983,COL,100,0,Slurve,SV,0,0,3035,80.2,80.2,100
R,0.38,72,25,-0.16,1.14,Kyle Karros,29.39,691720,COL,58.33,26.67,4-Seam Fastball,FF,11.11,0.44,2416.44,81.33,96.96,66.67
R,0.43,53,26.42,0.25,0.05,Kyle Karros,21.63,691720,COL,22.64,14.63,Sweeper,ST,50,0,2610.49,77.06,81.87,66.67
R,0.35,36,22.22,-0.15,0.38,Kyle Karros,14.69,691720,COL,61.11,42.86,Sinker,SI,0,0.18,2234.56,79.62,92.06,72.73
R,0.64,26,30.77,0.21,0.49,Kyle Karros,10.61,691720,COL,42.31,26.67,Cutter,FC,15.38,0.67,2221.31,78.65,90.42,81.82
R,0.05,26,26.92,0.21,0.18,Kyle Karros,10.61,691720,COL,34.62,35.29,Slider,SL,38.46,0,2395.12,72.05,87.07,77.78
R,0.34,14,0,0.53,0.11,Kyle Karros,5.71,691720,COL,42.86,0,Changeup,CH,0,0,2076.43,82.4,85.61,100
R,0.02,12,33.33,-0.35,-0.62,Kyle Karros,4.9,691720,COL,33.33,25,Curveball,CU,50,0.5,2717,78.9,81.68,50
R,0.35,6,33.33,0.03,-0.35,Kyle Karros,2.45,691720,COL,33.33,0,Knuckle Curve,KC,0,0,2222.33,0,88.9,0
R,0.31,53,15.09,-1.29,0.23,Mickey Moniak,23.56,666160,COL,22.64,43.9,Changeup,CH,26.67,0.5,2024.98,67.94,85.95,100
R,0.31,46,26.09,-0.55,1.11,Mickey Moniak,20.44,666160,COL,56.52,60,4-Seam Fastball,FF,23.53,0.15,2422.91,86.62,97.54,84.62
R,0.26,42,9.52,0.35,0.46,Mickey Moniak,18.67,666160,COL,69.05,0,Sinker,SI,3.85,0.35,2186.4,85.22,93.99,89.66
R,0.26,33,39.39,0.25,-0.12,Mickey Moniak,14.67,666160,COL,48.48,52.94,Slider,SL,31.58,0.42,2630.85,90.05,87.74,62.5
R,0,18,44.44,-0.04,0.74,Mickey Moniak,8,666160,COL,22.22,50,Cutter,FC,66.67,0,2492.94,64.5,92.29,50
R,0.01,14,28.57,0.31,-0.28,Mickey Moniak,6.22,666160,COL,28.57,50,Sweeper,ST,28.57,0,2615,68.98,80.31,50
R,0,13,53.85,0.36,-0.63,Mickey Moniak,5.78,666160,COL,46.15,28.57,Curveball,CU,66.67,0,2624.15,86.7,82.9,16.67
R,0.01,4,0,-0.42,0.44,Mickey Moniak,1.78,666160,COL,50,0,Split-Finger,FS,0,0,1377,82.9,86.95,100
R,0,2,0,0.61,-0.48,Mickey Moniak,0.89,666160,COL,100,0,Knuckle Curve,KC,0,0,2304,69.1,87.9,100
R,0.19,75,21.33,-0.48,1.14,TJ Rumfield,24.35,681198,COL,45.33,26.83,4-Seam Fastball,FF,17.95,0.2,2443.6,76.59,97.42,82.35
R,0.26,64,34.38,0.14,0.57,TJ Rumfield,20.78,681198,COL,56.25,39.29,Sinker,SI,12,0.3,2229.33,82.44,94.33,38.89
R,0.27,45,24.44,0.08,0.11,TJ Rumfield,14.61,681198,COL,31.11,48.39,Slider,SL,23.08,0.12,2461.47,83.34,86.98,78.57
R,0.35,35,11.43,-0.16,0.01,TJ Rumfield,11.36,681198,COL,48.57,55.56,Sweeper,ST,14.81,0.23,2627.4,81.17,79.45,100
R,0.38,30,6.67,-1.07,0.19,TJ Rumfield,9.74,681198,COL,33.33,40,Changeup,CH,11.11,0.25,1776.93,85.89,86.24,100
R,0,22,18.18,-0.62,0.58,TJ Rumfield,7.14,681198,COL,45.45,33.33,Split-Finger,FS,28.57,0,1337.36,84.48,85.37,100
R,0.6,19,21.05,0.05,0.66,TJ Rumfield,6.17,681198,COL,68.42,0,Cutter,FC,18.18,0.57,2370.78,88.9,91.96,84.62
R,0.21,12,41.67,0.28,-0.69,TJ Rumfield,3.9,681198,COL,41.67,100,Curveball,CU,41.67,0.22,2584.17,70.71,83.17,100
R,0,6,33.33,0.41,-0.38,TJ Rumfield,1.95,681198,COL,66.67,0,Knuckle Curve,KC,0,0,2303.33,0,84.43,50
R,0.32,53,18.87,-0.37,1.17,Troy Johnston,24.88,687859,COL,52.83,16,4-Seam Fastball,FF,26.67,0.31,2464.53,85.97,97.4,92.86
R,0.47,39,20.51,-0.45,0.52,Troy Johnston,18.31,687859,COL,43.59,22.73,Sinker,SI,20,0,2064.77,80.05,93.89,58.82
R,0.18,33,27.27,-1.42,0.29,Troy Johnston,15.49,687859,COL,42.42,47.37,Changeup,CH,39.13,0,1910.97,81.71,87.12,100
R,0.39,31,19.35,0.13,0.11,Troy Johnston,14.55,687859,COL,51.61,53.33,Slider,SL,18.18,0,2457.29,72.73,87.3,87.5
R,0.19,25,24,-0.38,0.02,Troy Johnston,11.74,687859,COL,12,40.91,Sweeper,ST,45.45,0.25,2633.24,89.4,78.28,66.67
R,0.03,19,21.05,0.2,0.78,Troy Johnston,8.92,687859,COL,36.84,16.67,Cutter,FC,0,0,2639.21,84.54,92.18,71.43
R,0.14,7,28.57,0.05,-0.76,Troy Johnston,3.29,687859,COL,71.43,100,Curveball,CU,28.57,0.2,2631.71,89.56,81.29,100
R,0.01,6,33.33,-0.26,0.38,Troy Johnston,2.82,687859,COL,33.33,100,Split-Finger,FS,33.33,0,1147.67,82.35,85.2,100
R,0.32,40,30,0.43,0.66,Tyler Freeman,25.97,671289,COL,57.5,29.41,Sinker,SI,0,0.25,2257.5,81.12,93.78,56.52
R,0.27,34,23.53,0.18,1.09,Tyler Freeman,22.08,671289,COL,64.71,16.67,4-Seam Fastball,FF,11.11,0.4,2323.24,87.34,95.45,72.73
R,0.22,32,28.12,0.16,0.08,Tyler Freeman,20.78,671289,COL,37.5,25,Slider,SL,50,0,2442.16,86.91,85.72,91.67
R,0.34,18,11.11,1,0.07,Tyler Freeman,11.69,671289,COL,33.33,50,Changeup,CH,16.67,0,1404.78,78.35,90.57,100
R,0.08,11,45.45,-0.17,0.2,Tyler Freeman,7.14,671289,COL,54.55,40,Sweeper,ST,25,0,2696.18,71.27,79.64,33.33
R,0,9,22.22,0.08,0.54,Tyler Freeman,5.84,671289,COL,44.44,0,Cutter,FC,0,0,2435.78,76.4,87.83,50
R,0.28,4,0,-0.82,-0.59,Tyler Freeman,2.6,671289,COL,100,0,Curveball,CU,0,0,2950.5,92.3,82.5,100
R,0.33,2,0,0.9,-0.15,Tyler Freeman,1.3,671289,COL,0,100,Knuckle Curve,KC,0,0,2707,96.2,82,0
R,0.04,2,0,0.41,-0.21,Tyler Freeman,1.3,671289,COL,100,0,Slurve,SV,0,0,2605,67.8,87.2,100
R,0,2,0,0.48,-0.59,Tyler Freeman,1.3,671289,COL,0,100,Split-Finger,FS,0,0,1151,0,85.6,0
R,0.67,116,30.17,-0.46,1.17,Willi Castro,40,650489,COL,44.83,34.38,4-Seam Fastball,FF,30.51,0.4,2416.68,79.37,96.87,71.15
R,0.08,57,35.09,-0.52,0.24,Willi Castro,19.66,650489,COL,29.82,50,Changeup,CH,51.43,0,1805.63,80.98,88.65,88.24
R,0.48,22,22.73,0.08,-0.05,Willi Castro,7.59,650489,COL,40.91,69.23,Slider,SL,27.78,0.64,2554.05,86.02,86.63,100
R,0.22,20,40,-0.05,0.49,Willi Castro,6.9,650489,COL,65,57.14,Sinker,SI,18.18,0,2337,85.7,95.5,53.85
R,0.02,20,40,-0.01,-0.14,Willi Castro,6.9,650489,COL,65,57.14,Sweeper,ST,35.71,0,2591.3,73.86,79.09,76.92
R,0.49,18,27.78,-0.03,-0.81,Willi Castro,6.21,650489,COL,38.89,45.45,Curveball,CU,41.67,0.5,2544.44,71.84,82.62,100
R,0,17,29.41,0.02,0.72,Willi Castro,5.86,650489,COL,58.82,14.29,Cutter,FC,14.29,0,2482,83.43,90.35,60
R,0.02,12,33.33,-0.24,0.15,Willi Castro,4.14,650489,COL,50,33.33,Split-Finger,FS,50,0,1383.67,74.05,86.45,100
R,0.03,8,50,0.23,-0.68,Willi Castro,2.76,650489,COL,50,100,Knuckle Curve,KC,50,0,2301.75,85.3,87.48,100
R,0.83,20,10,0.53,1.28,Ben Malgeri,22.47,701162,DET,20,37.5,4-Seam Fastball,FF,20,1,2411.5,84.23,92.59,100
R,0.3,18,11.11,-0.43,-0.65,Ben Malgeri,20.22,701162,DET,33.33,16.67,Curveball,CU,0,0,2360.78,64.83,83.78,66.67
R,0.5,18,11.11,0.05,0.66,Ben Malgeri,20.22,701162,DET,44.44,40,Cutter,FC,0,0,2440,80.05,90.11,75
R,0,14,57.14,1.03,0.6,Ben Malgeri,15.73,701162,DET,42.86,50,Changeup,CH,80,0,1768,0,82.74,100
R,0.31,10,20,0.87,0.85,Ben Malgeri,11.24,701162,DET,80,0,Sinker,SI,0,0.5,2184.4,99.43,93.68,75
R,0.06,9,11.11,-0.13,0.25,Ben Malgeri,10.11,701162,DET,55.56,0,Slider,SL,0,0.33,2390.11,86.55,87.91,80
R,0.25,75,14.67,-0.57,1.16,Colt Keith,26.69,690993,DET,50.67,40.54,4-Seam Fastball,FF,0,0.57,2253.29,81.69,94.19,65.79
R,0.23,50,22,-0.99,0.29,Colt Keith,17.79,690993,DET,58,61.9,Changeup,CH,20.51,0.26,1726.28,76.89,84.51,89.66
R,0.44,49,32.65,-0.89,0.78,Colt Keith,17.44,690993,DET,57.14,9.52,Sinker,SI,0,0.5,2170.86,88.53,93.76,46.43
R,0.22,36,27.78,0.2,0.76,Colt Keith,12.81,690993,DET,38.89,27.27,Cutter,FC,14.29,0.33,2407.17,74.02,90.24,57.14
R,0.46,31,12.9,-0.04,0.02,Colt Keith,11.03,690993,DET,29.03,18.18,Slider,SL,30.77,0.43,2391.61,86.86,86.17,100
R,0.09,16,25,-1.19,0.5,Colt Keith,5.69,690993,DET,37.5,0,Split-Finger,FS,0,0,1714,93.8,83.89,33.33
R,0.31,15,26.67,0.72,-0.91,Colt Keith,5.34,690993,DET,46.67,25,Curveball,CU,28.57,0.29,2736.27,93.76,80.32,71.43
R,0.7,8,0,-0.16,1.64,Colt Keith,2.85,690993,DET,25,0,Eephus,EP,0,0,1051,0,37.67,0
R,0.42,1,0,0.81,0.1,Colt Keith,0.36,690993,DET,100,0,Sweeper,ST,0,0,2613,87.3,82.2,100
R,0.36,103,23.3,-0.04,1.23,Dillon Dingler,24.18,693307,DET,51.46,16,4-Seam Fastball,FF,0,0.5,2349.15,82.28,94.24,60.38
R,0.33,99,28.28,-0.72,0.72,Dillon Dingler,23.24,693307,DET,43.43,14.29,Sinker,SI,7.41,0.38,2181.57,79.2,93.38,44.19
R,0.38,53,32.08,0.37,0.07,Dillon Dingler,12.44,693307,DET,22.64,36.59,Slider,SL,33.33,0.3,2433.85,78,86.64,25
R,0.47,46,26.09,0.15,0.56,Dillon Dingler,10.8,693307,DET,39.13,28.57,Cutter,FC,27.27,0.33,2351.11,80.06,88.46,77.78
R,0.13,42,35.71,1.06,0.15,Dillon Dingler,9.86,693307,DET,33.33,50,Sweeper,ST,35,0,2627.02,76.42,82.77,42.86
R,0.47,38,21.05,0.55,0.12,Dillon Dingler,8.92,693307,DET,42.11,63.64,Changeup,CH,15.38,0.17,1579.84,87.19,85.67,75
R,0.1,24,54.17,-0.01,-0.63,Dillon Dingler,5.63,693307,DET,29.17,35.29,Curveball,CU,60,0.29,2443.92,78.75,80.96,57.14
R,0.11,21,9.52,-0.95,0.6,Dillon Dingler,4.93,693307,DET,47.62,18.18,Split-Finger,FS,16.67,0,1411.57,79.53,83.62,100
R,0.22,19,47.37,0.16,1.21,Eduardo Valencia,21.35,680664,DET,84.21,100,4-Seam Fastball,FF,23.08,0.4,2231.16,78.04,93.75,62.5
R,0.03,18,33.33,1.03,0.29,Eduardo Valencia,20.22,680664,DET,55.56,0,Changeup,CH,60,0,1586.89,85.2,85.49,100
R,0.1,14,0,0.21,0.63,Eduardo Valencia,15.73,680664,DET,28.57,20,Cutter,FC,0,0.5,2262.14,90.87,87.44,100
R,0.03,14,21.43,0.08,0.24,Eduardo Valencia,15.73,680664,DET,28.57,60,Slider,SL,12.5,0,2390.93,78.07,86.44,50
R,1.77,10,0,0.16,0.85,Eduardo Valencia,11.24,680664,DET,60,50,Sinker,SI,0,1,2163.6,81.78,93.1,100
R,0.32,6,33.33,-0.07,1.34,Eduardo Valencia,6.74,680664,DET,0,33.33,Eephus,EP,0,1,986.33,96.8,36.27,0
R,0,4,25,-0.27,-1.11,Eduardo Valencia,4.49,680664,DET,25,0,Curveball,CU,0,0,2648.25,0,74.2,0
R,0,4,0,-0.13,0.08,Eduardo Valencia,4.49,680664,DET,0,0,Sweeper,ST,0,0,2501.5,0,81.45,0
R,0.17,67,29.85,0.07,1.14,Gleyber Torres,23.34,650402,DET,50.75,45.45,4-Seam Fastball,FF,29.27,0,2326.55,83.1,94.48,76.47
R,0.73,48,14.58,-0.53,0.82,Gleyber Torres,16.72,650402,DET,50,25,Sinker,SI,8.7,0.78,2195.85,87.5,93.52,70.83
R,0.2,45,37.78,0.14,0.65,Gleyber Torres,15.68,650402,DET,57.78,36.84,Cutter,FC,28,0.31,2333.4,82.05,89.28,69.23
R,0.14,42,30.95,0.13,-0.01,Gleyber Torres,14.63,650402,DET,47.62,13.64,Slider,SL,29.41,0,2471,78.08,85.98,70
R,0.18,33,42.42,0.19,0.5,Gleyber Torres,11.5,650402,DET,48.48,11.76,Changeup,CH,50,0.33,1691.33,91.83,83.62,62.5
R,0.52,26,23.08,0.13,-0.72,Gleyber Torres,9.06,650402,DET,23.08,0,Curveball,CU,0,0,2497.31,0,81.15,0
R,0.04,18,22.22,0.66,-0.12,Gleyber Torres,6.27,650402,DET,44.44,20,Sweeper,ST,33.33,0,2587.89,63.38,80.67,50
R,0,6,33.33,-0.98,0.78,Gleyber Torres,2.09,650402,DET,0,33.33,Split-Finger,FS,100,0,1344.33,0,82.7,0
R,0,2,100,-0.39,-0.14,Gleyber Torres,0.7,650402,DET,100,0,Knuckle Curve,KC,0,0,2291,0,83,0
R,0.4,80,26.25,-0.15,1.21,Hao-Yu Lee,32.52,701678,DET,45,22.73,4-Seam Fastball,FF,22.58,0.36,2323.79,96.72,94.78,58.33
R,0.07,45,33.33,0.09,-0.16,Hao-Yu Lee,18.29,701678,DET,35.56,37.93,Slider,SL,38.89,0,2337.18,74.15,86.4,43.75
R,0.16,44,36.36,-0.98,0.63,Hao-Yu Lee,17.89,701678,DET,63.64,12.5,Sinker,SI,22.22,0.25,2271.5,84.86,94.52,57.14
R,0.01,26,30.77,0.88,0.32,Hao-Yu Lee,10.57,701678,DET,61.54,20,Sweeper,ST,0,0,2615.92,70.4,84.03,50
R,0.33,21,14.29,0.21,0.7,Hao-Yu Lee,8.54,701678,DET,57.14,22.22,Cutter,FC,0,0.45,2358.62,88.17,90.49,75
R,0.42,16,25,0.5,0.32,Hao-Yu Lee,6.5,701678,DET,62.5,66.67,Changeup,CH,28.57,0.33,1640.75,93.06,84.14,100
R,0.83,14,7.14,-0.36,-0.89,Hao-Yu Lee,5.69,701678,DET,64.29,0,Curveball,CU,0,0.5,2443.21,101.85,79.56,88.89
R,0.19,48,45.83,-1.06,0.3,James Outman,23.65,681546,DET,41.67,46.43,Changeup,CH,61.54,0.25,1782.38,85.58,85.18,65
R,0.21,45,22.22,-0.53,1.14,James Outman,22.17,681546,DET,51.11,45.45,4-Seam Fastball,FF,25.81,0.21,2353.91,78.86,94.48,91.3
R,0.15,29,37.93,-1.08,0.72,James Outman,14.29,681546,DET,51.72,57.14,Sinker,SI,29.41,0,2218.66,76.68,94.64,60
R,0.4,24,25,0.38,-0.76,James Outman,11.82,681546,DET,33.33,25,Curveball,CU,50,0,2619.91,86.1,84.38,100
R,0.21,21,42.86,0.99,0.36,James Outman,10.34,681546,DET,52.38,30,Sweeper,ST,50,0.67,2508.67,55.74,81.91,63.64
R,0.07,14,28.57,-0.86,0,James Outman,6.9,681546,DET,14.29,33.33,Split-Finger,FS,50,0,1532,75.3,86.9,0
R,0.12,11,18.18,0.17,-0.08,James Outman,5.42,681546,DET,54.55,0,Slider,SL,0,0,2491.82,86.55,85.92,66.67
R,0,7,28.57,0.45,0.7,James Outman,3.45,681546,DET,100,0,Cutter,FC,0,0,2468.86,67.83,89.79,71.43
R,0.81,2,0,-0.48,1.33,James Outman,0.99,681546,DET,100,0,Eephus,EP,0,1,1041,101,36.6,100
R,0,2,0,-0.45,1.18,James Outman,0.99,681546,DET,0,0,Other,FA,0,0,1434,0,55.7,0
R,0.45,16,37.5,-0.66,0.31,Javier Báez,32,595879,DET,75,0,Sinker,SI,0,0.5,2122.75,83.33,93.6,50
R,0.49,10,0,0.1,1.28,Javier Báez,20,595879,DET,20,25,4-Seam Fastball,FF,0,1,2323.6,90.85,93.16,100
R,0.02,8,0,0.24,0.68,Javier Báez,16,595879,DET,25,0,Cutter,FC,0,0,2315.25,92.9,86.92,100
R,0.28,6,0,1,0.09,Javier Báez,12,595879,DET,33.33,100,Changeup,CH,0,0.5,1523.33,74.1,85.67,100
R,0,6,66.67,0.63,0.19,Javier Báez,12,595879,DET,66.67,0,Sweeper,ST,0,0,2352.33,0,82.4,0
R,0.27,4,0,-0.26,0.24,Javier Báez,8,595879,DET,50,100,Slider,SL,0,0.5,2196,85.95,86.65,100
R,0.29,116,25,-0.29,1.28,Kevin McGonigle,30.69,805808,DET,62.93,18.6,4-Seam Fastball,FF,6.78,0.39,2320.54,78.96,94.43,69.86
R,0.49,61,11.48,-0.15,0.67,Kevin McGonigle,16.14,805808,DET,55.74,14.81,Sinker,SI,0,0.52,2198.26,85.95,93.43,79.41
R,0.15,58,24.14,-1.03,0.44,Kevin McGonigle,15.34,805808,DET,41.38,35.29,Changeup,CH,33.33,0.16,1835.62,82.79,85,75
R,0.04,36,22.22,0.45,-0.84,Kevin McGonigle,9.52,805808,DET,38.89,0,Curveball,CU,0,0,2462.86,89.7,79.46,28.57
R,0.28,32,25,0.15,0.68,Kevin McGonigle,8.47,805808,DET,37.5,30,Cutter,FC,28.57,0,2404.38,75.3,89.34,66.67
R,0.11,32,25,-0.06,0.06,Kevin McGonigle,8.47,805808,DET,31.25,18.18,Slider,SL,33.33,0,2446.56,87.63,87.24,50
R,0.13,23,34.78,0.12,0.16,Kevin McGonigle,6.08,805808,DET,39.13,14.29,Sweeper,ST,50,0,2466.7,77.35,79.93,66.67
R,0,8,0,0,0,Kevin McGonigle,2.12,805808,DET,0,0,Unknown,UNK,0,0,0,0,0,0
R,0.81,6,0,-1.06,0.48,Kevin McGonigle,1.59,805808,DET,66.67,0,Split-Finger,FS,0,1,1483.33,76.55,82.9,100
R,0,4,0,-0.34,1.4,Kevin McGonigle,1.06,805808,DET,50,100,Eephus,EP,0,0,1100,86.55,37.85,100
R,0,2,0,-0.54,1.14,Kevin McGonigle,0.53,805808,DET,100,0,Other,FA,0,0,1412,0,53.7,0
R,0.37,62,25.81,0.14,1.37,Matt Vierling,34.25,663837,DET,56.45,25.93,4-Seam Fastball,FF,10,0.25,2316.69,84.29,93.66,65.71
R,0.36,48,29.17,-0.82,0.87,Matt Vierling,26.52,663837,DET,52.08,26.09,Sinker,SI,16.67,0.08,2166.5,86.02,94.33,72
R,0.16,36,27.78,0,0.09,Matt Vierling,19.89,663837,DET,47.22,15.79,Slider,SL,42.11,0.15,2520.11,78.37,87.61,94.12
R,0.47,12,50,0.86,0.43,Matt Vierling,6.63,663837,DET,66.67,100,Changeup,CH,25,0.5,1511.83,82.23,84.17,50
R,0,11,45.45,0.24,-1.29,Matt Vierling,6.08,663837,DET,81.82,0,Curveball,CU,0,0,2722.73,29.2,76.13,44.44
R,0.53,6,33.33,0.34,0.69,Matt Vierling,3.31,663837,DET,33.33,100,Cutter,FC,33.33,0.5,2544.33,76.65,89.13,100
R,0,4,50,-0.96,-0.2,Matt Vierling,2.21,663837,DET,100,0,Split-Finger,FS,0,0,1462,0,91.3,0
R,0.46,2,0,0.81,-0.39,Matt Vierling,1.1,663837,DET,100,0,Sweeper,ST,0,0,2483,99.4,83.3,100
R,0.43,130,26.15,0.08,1.22,Riley Greene,30.44,682985,DET,56.15,36.84,4-Seam Fastball,FF,20.55,0.2,2290.08,85.97,94,71.23
R,0.34,58,29.31,0.25,0.86,Riley Greene,13.58,682985,DET,56.9,16,Sinker,SI,0,0.3,2233.53,75.4,93.58,42.42
R,0.54,48,31.25,-0.14,0.19,Riley Greene,11.24,682985,DET,58.33,40,Slider,SL,28.57,0.27,2362.71,81.19,86.7,71.43
R,0.21,41,29.27,-0.11,0.53,Riley Greene,9.6,682985,DET,51.22,60,Cutter,FC,34.48,0,2268.9,84.32,90.84,80.95
R,0.2,41,41.46,-0.32,0.23,Riley Greene,9.6,682985,DET,53.66,42.11,Sweeper,ST,54.17,0.22,2423.73,87.97,81.54,72.73
R,0.76,38,10.53,0.57,-0.89,Riley Greene,8.9,682985,DET,42.11,18.18,Curveball,CU,0,0.25,2613.16,92.3,80.29,75
R,0.31,36,19.44,-0.89,0.42,Riley Greene,8.43,682985,DET,25,29.63,Changeup,CH,37.5,0,1735.89,81.83,83.98,88.89
R,0.68,19,10.53,-0.99,0.35,Riley Greene,4.45,682985,DET,21.05,13.33,Split-Finger,FS,33.33,0,1509.58,80.85,83.78,100
R,0,16,0,0,0,Riley Greene,3.75,682985,DET,0,0,Unknown,UNK,0,0,0,0,0,0
R,0.26,77,16.88,-0.04,1.24,Spencer Torkelson,23.4,679529,DET,61.04,33.33,4-Seam Fastball,FF,10.2,0.19,2316.77,86.03,93.83,82.98
R,0.66,56,26.79,0.34,-0.07,Spencer Torkelson,17.02,679529,DET,39.29,14.71,Slider,SL,30,0.55,2565.25,92.22,86.19,68.18
R,0.31,53,18.87,-0.46,0.67,Spencer Torkelson,16.11,679529,DET,54.72,33.33,Sinker,SI,6.25,0.38,2157.42,85.63,93.69,82.76
R,0.2,44,47.73,1.07,0.09,Spencer Torkelson,13.37,679529,DET,29.55,32.26,Sweeper,ST,80,0,2586,80.47,81.78,38.46
R,0.16,37,32.43,0.16,0.63,Spencer Torkelson,11.25,679529,DET,54.05,35.29,Cutter,FC,41.67,0,2361.65,81.84,88.68,90
R,0.07,35,37.14,0.65,0.36,Spencer Torkelson,10.64,679529,DET,37.14,27.27,Changeup,CH,50,0,1674.37,96.07,85.01,46.15
R,0.06,20,40,-0.2,-0.87,Spencer Torkelson,6.08,679529,DET,65,0,Curveball,CU,25,0,2512.25,75.4,78.9,61.54
R,0.16,4,0,-0.1,1.38,Spencer Torkelson,1.22,679529,DET,0,50,Eephus,EP,0,0,997.5,67.8,39.9,0
R,0,3,0,-1.02,0.47,Spencer Torkelson,0.91,679529,DET,0,0,Split-Finger,FS,0,0,1270.67,0,82.57,0
R,0.39,53,18.87,-0.54,1.24,Zach McKinstry,22.55,656716,DET,67.92,23.53,4-Seam Fastball,FF,9.09,0.18,2248.62,83.34,93.78,80.56
R,0.35,47,25.53,-1.09,0.29,Zach McKinstry,20,656716,DET,46.81,24,Changeup,CH,27.27,0.2,1714.06,83.67,85.22,72.73
R,0.51,42,26.19,-0.59,0.61,Zach McKinstry,17.87,656716,DET,71.43,41.67,Sinker,SI,8.33,0.75,2148.88,85.31,93.61,63.33
R,0.2,24,41.67,0.7,-0.86,Zach McKinstry,10.21,656716,DET,41.67,28.57,Curveball,CU,0,0,2605.92,91.85,80.94,0
R,0.19,24,25,-0.18,-0.09,Zach McKinstry,10.21,656716,DET,33.33,31.25,Slider,SL,22.22,0.14,2439.17,84.87,85.35,50
R,0.34,20,30,-0.04,0.54,Zach McKinstry,8.51,656716,DET,50,40,Cutter,FC,0,0.5,2354.3,83.58,89.25,60
R,0.73,11,27.27,-0.1,0.06,Zach McKinstry,4.68,656716,DET,27.27,25,Sweeper,ST,0,0,2536.55,72.9,83.76,0
R,0.14,10,40,-0.92,0.31,Zach McKinstry,4.26,656716,DET,40,66.67,Split-Finger,FS,50,0,1331.6,85.05,84.56,100
R,0.37,4,50,0.02,1.28,Zach McKinstry,1.7,656716,DET,50,0,Eephus,EP,0,1,1111,98.5,38.9,100
L,0.27,40,22.5,-0.62,1.17,,23.95,681481,DET,55,38.89,4-Seam Fastball,FF,15.38,0.12,2228.02,88.14,95.18,86.36
L,0.22,37,5.41,-1.13,0.22,,22.16,681481,DET,37.84,47.83,Changeup,CH,8,0.25,1683.92,81.67,84.11,100
L,0.24,26,50,-0.72,0.72,,15.57,681481,DET,61.54,30,Sinker,SI,0,0,2226,80.37,92.58,25
L,0.19,21,28.57,0.78,-0.73,,12.57,681481,DET,47.62,54.55,Curveball,CU,0,0,2499.33,79.6,78.91,40
R,0.15,18,11.11,-0.31,0.82,,26.09,668670,DET,55.56,25,Sinker,SI,0,0,2207.44,70.9,91.61,60
R,0.59,16,25,0.26,0.78,,23.19,668670,DET,37.5,0,Cutter,FC,0,0,2421,96.8,88.69,33.33
L,0,16,43.75,-0.06,0.05,,9.58,681481,DET,68.75,0,Sweeper,ST,33.33,0,2600.12,68.35,83.52,54.55
R,0.28,11,0,-0.23,1.52,,15.94,668670,DET,63.64,50,4-Seam Fastball,FF,0,0,2326.82,84.09,92.86,100
L,0.33,9,11.11,0.17,0.76,,5.39,681481,DET,55.56,0,Cutter,FC,20,0.25,2327.78,84.8,91.84,100
L,0.05,9,0,0.31,-0.1,,5.39,681481,DET,22.22,57.14,Slider,SL,0,0,2392.22,73.88,84.6,100
L,0.16,9,0,-0.96,0.15,,5.39,681481,DET,22.22,57.14,Split-Finger,FS,0,0,1542,67.13,85.1,100
R,0.35,8,50,0.89,-1.25,,11.59,668670,DET,75,0,Curveball,CU,0,0,3178.5,59.8,76.85,33.33
R,0,8,25,0.7,0.28,,11.59,668670,DET,75,0,Sweeper,ST,50,0,2494.25,84.4,81.68,66.67
R,0.24,4,0,-1.05,0.28,,5.8,668670,DET,50,0,Split-Finger,FS,0,0,1970,69.8,85.7,100
R,0.4,2,0,-1.37,0.26,,2.9,668670,DET,100,0,Changeup,CH,0,0,1524,97.9,78.4,100
R,0,2,0,0.41,0.08,,2.9,668670,DET,0,0,Slider,SL,0,0,2792,0,85.3,0
R,0.19,112,21.43,-0.02,1.32,Cam Smith,41.48,701358,HOU,49.11,42.11,4-Seam Fastball,FF,25,0.17,2304.93,85.15,94.09,87.27
R,0.28,34,8.82,-1.06,0.96,Cam Smith,12.59,701358,HOU,50,11.76,Sinker,SI,5.88,0,2167.47,84.24,94.05,88.24
R,0.22,31,38.71,-0.08,0.19,Cam Smith,11.48,701358,HOU,61.29,50,Slider,SL,48,0,2463.35,74.44,88.33,100
R,0.17,25,32,0.21,0.04,Cam Smith,9.26,701358,HOU,40,13.33,Sweeper,ST,50,0,2483.44,87.9,81.24,60
R,0,22,40.91,0.11,-1.06,Cam Smith,8.15,701358,HOU,50,36.36,Curveball,CU,25,0,2721.23,79.37,77.23,36.36
R,0.04,18,27.78,-0.26,0.34,Cam Smith,6.67,701358,HOU,38.89,9.09,Changeup,CH,57.14,0,1820.11,83.33,83.27,85.71
R,0.73,10,20,-1.34,-0.44,Cam Smith,3.7,701358,HOU,20,0,Slurve,SV,0,0,2916.6,0,82.62,0
R,0,8,50,-0.86,0.33,Cam Smith,2.96,701358,HOU,50,25,Split-Finger,FS,80,0,1102.62,107.5,83.26,100
R,0.63,6,16.67,0.04,0.72,Cam Smith,2.22,701358,HOU,33.33,25,Cutter,FC,33.33,0,2351,86.95,86.73,100
R,0,4,100,0.68,-1.1,Cam Smith,1.48,701358,HOU,100,0,Knuckle Curve,KC,0,0,2435,0,76.2,0
R,0.12,62,48.39,-0.27,1.25,Christian Vázquez,36.05,543877,HOU,56.45,40.74,4-Seam Fastball,FF,45.45,0.21,2333.15,83.61,94.75,62.86
R,0.27,39,28.21,-1.21,0.6,Christian Vázquez,22.67,543877,HOU,43.59,63.64,Sinker,SI,9.09,0.29,2239.97,78.91,94.85,47.06
R,0.3,21,28.57,0.83,0.06,Christian Vázquez,12.21,543877,HOU,38.1,15.38,Sweeper,ST,0,0,2571.43,67.58,84.92,25
R,0.35,15,46.67,-0.11,-0.88,Christian Vázquez,8.72,543877,HOU,0,40,Curveball,CU,83.33,0,2518.8,41.7,78.57,0
R,0.07,14,14.29,0.12,0.02,Christian Vázquez,8.14,543877,HOU,28.57,40,Slider,SL,25,0,2456.86,47.3,87.53,100
R,0,8,25,-0.08,0.32,Christian Vázquez,4.65,543877,HOU,50,0,Changeup,CH,0,0,1882.5,81.2,82.95,50
R,0,8,0,-1,0.24,Christian Vázquez,4.65,543877,HOU,25,33.33,Split-Finger,FS,0,0,1225,0,85.16,100
R,0,5,40,0.41,0.63,Christian Vázquez,2.91,543877,HOU,20,0,Cutter,FC,0,0,2536.4,69.8,89.88,100
R,0.22,128,35.94,-0.17,1.33,Christian Walker,40.51,572233,HOU,42.19,50,4-Seam Fastball,FF,42.67,0.1,2410.39,74.2,95.4,70.37
R,0.49,52,19.23,0.2,0.13,Christian Walker,16.46,572233,HOU,40.38,41.94,Slider,SL,28.57,0.46,2556.27,89.22,87.73,71.43
R,0.35,38,23.68,-0.96,0.8,Christian Walker,12.03,572233,HOU,63.16,57.14,Sinker,SI,14.81,0.5,2259.89,87.92,96.07,79.17
R,0.2,26,34.62,0.79,0.05,Christian Walker,8.23,572233,HOU,46.15,42.86,Sweeper,ST,43.75,0.5,2681.46,80.32,86.27,83.33
R,0.06,23,21.74,-0.52,0.37,Christian Walker,7.28,572233,HOU,26.09,41.18,Changeup,CH,38.46,0,1790.17,84.45,85.67,100
R,0.1,19,26.32,-0.38,-1.1,Christian Walker,6.01,572233,HOU,68.42,0,Curveball,CU,9.09,0,2641.16,96,78.83,84.62
R,0,13,38.46,0.26,0.61,Christian Walker,4.11,572233,HOU,53.85,33.33,Cutter,FC,60,0,2562.92,0,91.17,42.86
R,0,9,33.33,-0.96,0.13,Christian Walker,2.85,572233,HOU,55.56,50,Split-Finger,FS,20,0,1287.56,99.1,85.83,60
R,0,8,0,0.49,-1.3,Christian Walker,2.53,572233,HOU,50,0,Knuckle Curve,KC,0,0,2502.75,86.4,79.2,100
R,0.45,129,22.48,-0.23,1.48,Isaac Paredes,27.68,670623,HOU,55.81,19.3,4-Seam Fastball,FF,9.09,0.23,2323.73,85.03,94.78,61.11
R,0.32,102,23.53,-0.99,0.76,Isaac Paredes,21.89,670623,HOU,58.82,19.05,Sinker,SI,0,0.07,2185.1,81.31,95.2,63.33
R,0.29,80,18.75,0.17,0.06,Isaac Paredes,17.17,670623,HOU,50,30,Slider,SL,20.45,0.33,2511.91,78.32,87.61,80
R,0.48,48,20.83,0.87,0.12,Isaac Paredes,10.3,670623,HOU,45.83,7.69,Sweeper,ST,22.22,0.5,2505,74.6,83.92,72.73
R,0.4,45,22.22,-0.75,0.38,Isaac Paredes,9.66,670623,HOU,48.89,21.74,Changeup,CH,0,0.38,1905.76,85.25,86.3,54.55
R,0.1,28,25,0.32,-0.92,Isaac Paredes,6.01,670623,HOU,32.14,36.84,Curveball,CU,18.18,0.4,2626.68,80.73,80.31,44.44
R,0.52,20,35,0.12,0.58,Isaac Paredes,4.29,670623,HOU,65,28.57,Cutter,FC,11.11,0.5,2408.25,77.55,88.95,53.85
R,0.86,8,0,-1,0.34,Isaac Paredes,1.72,670623,HOU,50,50,Split-Finger,FS,0,1,1345.75,70.23,85.56,100
R,0,6,33.33,0.42,-1.31,Isaac Paredes,1.29,670623,HOU,0,66.67,Knuckle Curve,KC,50,0,2552,73.4,78.33,0
R,0.31,85,22.35,-0.14,1.34,Jeremy Peña,23.61,665161,HOU,57.65,50,4-Seam Fastball,FF,12.28,0.43,2289.45,82.54,94.49,79.59
R,0.42,66,31.82,0.73,0,Jeremy Peña,18.33,665161,HOU,53.03,22.58,Sweeper,ST,30,0.5,2582.08,84.85,84.26,65.71
R,0,57,33.33,-0.22,0.35,Jeremy Peña,15.83,665161,HOU,33.33,42.11,Changeup,CH,52.94,0,1726.05,74.83,85.39,94.74
R,0.49,56,17.86,-1,0.74,Jeremy Peña,15.56,665161,HOU,55.36,24,Sinker,SI,12.9,0.5,2192.79,89.74,95.1,80.65
R,0.24,53,43.4,0.24,0.04,Jeremy Peña,14.72,665161,HOU,37.74,45.45,Slider,SL,51.72,0.29,2427.58,92.99,85.89,70
R,0.03,17,35.29,0.52,-0.94,Jeremy Peña,4.72,665161,HOU,41.18,60,Curveball,CU,36.36,0,2661.47,72.13,81.84,71.43
R,0.76,14,0,0.27,0.61,Jeremy Peña,3.89,665161,HOU,64.29,0,Cutter,FC,0,0.62,2423.36,96.73,90.75,100
R,0.91,10,20,-0.94,0.22,Jeremy Peña,2.78,665161,HOU,20,25,Split-Finger,FS,50,1,1137.6,97.2,86.16,100
R,0,2,100,0.48,-1.21,Jeremy Peña,0.56,665161,HOU,0,100,Knuckle Curve,KC,100,0,2473,0,80.8,0
R,0.19,68,17.65,-0.36,1.35,Jose Altuve,23.29,514888,HOU,70.59,20,4-Seam Fastball,FF,0,0.27,2370.09,82.64,94.75,70.83
R,0.16,66,30.3,-1.07,0.73,Jose Altuve,22.6,514888,HOU,62.12,56,Sinker,SI,10,0.11,2214.64,86.86,94.65,63.41
R,0.17,56,19.64,0.32,0.2,Jose Altuve,19.18,514888,HOU,37.5,40,Slider,SL,20,0.33,2469.62,78.73,87.02,76.19
R,0.25,44,36.36,0.62,0.1,Jose Altuve,15.07,514888,HOU,36.36,46.43,Sweeper,ST,26.09,0.23,2572.14,85.91,83.6,62.5
R,0.35,19,42.11,-0.35,0.36,Jose Altuve,6.51,514888,HOU,52.63,22.22,Changeup,CH,0,0.5,1743.32,74.4,83.36,20
R,0.16,15,13.33,-0.99,0.21,Jose Altuve,5.14,514888,HOU,6.67,57.14,Split-Finger,FS,22.22,0.29,1286.67,78.57,85.07,100
R,0.1,14,42.86,0.51,-0.94,Jose Altuve,4.79,514888,HOU,57.14,33.33,Curveball,CU,0,0,2677.43,70,82.39,25
R,0.24,6,16.67,0.42,0.43,Jose Altuve,2.05,514888,HOU,0,33.33,Cutter,FC,0,0,2422.17,61.7,87.07,0
R,0,4,0,0.3,-1.25,Jose Altuve,1.37,514888,HOU,50,100,Knuckle Curve,KC,0,0,2428,65.9,76.95,100
R,0.31,127,21.26,-0.32,1.31,LaMonte Wade Jr.,38.84,664774,HOU,49.61,25,4-Seam Fastball,FF,15.52,0.15,2396.66,78.01,94.92,66.67
R,0.4,42,30.95,-1.08,0.64,LaMonte Wade Jr.,12.84,664774,HOU,61.9,12.5,Sinker,SI,0,0,2208.74,88.27,95.37,57.69
R,0.14,38,42.11,-1.21,0.45,LaMonte Wade Jr.,11.62,664774,HOU,36.84,25,Changeup,CH,40,0,1930.71,73.25,89.46,28.57
R,0.36,30,20,0.83,-1.01,LaMonte Wade Jr.,9.17,664774,HOU,33.33,15,Curveball,CU,0,0,2762.3,73.11,80.26,50
R,0.31,28,21.43,1.08,0.15,LaMonte Wade Jr.,8.56,664774,HOU,28.57,30,Sweeper,ST,20,0,2567.36,77.62,83.31,50
R,0.08,22,31.82,0.39,0.26,LaMonte Wade Jr.,6.73,664774,HOU,31.82,26.67,Slider,SL,50,0,2590.36,84.2,88.03,57.14
R,0.09,18,22.22,-0.81,0.21,LaMonte Wade Jr.,5.5,664774,HOU,33.33,16.67,Split-Finger,FS,0,0,1400.39,81.6,84.12,33.33
R,0,14,57.14,0.31,0.57,LaMonte Wade Jr.,4.28,664774,HOU,42.86,25,Cutter,FC,100,0,2431.29,0,91.16,33.33
R,0,4,0,0.5,-1.38,LaMonte Wade Jr.,1.22,664774,HOU,0,0,Knuckle Curve,KC,0,0,2459,0,78.95,0
R,0,4,0,-1.48,-0.46,LaMonte Wade Jr.,1.22,664774,HOU,0,0,Slurve,SV,0,0,2920,0,81.2,0
R,0.06,83,37.35,-0.14,1.38,Lucas Spence,30.07,828599,HOU,53.01,30.77,4-Seam Fastball,FF,38.1,0.08,2327.61,77.97,94.2,68.18
R,0.11,48,43.75,-1.19,0.26,Lucas Spence,17.39,828599,HOU,50,29.17,Changeup,CH,56.52,0,1916.71,90.62,87.52,66.67
R,0.35,41,29.27,0.11,0.17,Lucas Spence,14.86,828599,HOU,24.39,45.16,Slider,SL,50,0,2422.37,83.6,87.28,100
R,0.29,26,11.54,-0.53,0.68,Lucas Spence,9.42,828599,HOU,61.54,40,Sinker,SI,0,0.38,2179.62,89.86,94.15,81.25
R,0.59,22,18.18,-0.96,0.15,Lucas Spence,7.97,828599,HOU,18.18,33.33,Split-Finger,FS,40,0,1308.64,75.83,85.74,100
R,0.6,19,42.11,0.64,-1.02,Lucas Spence,6.88,828599,HOU,31.58,30.77,Curveball,CU,40,0,2698.79,44.5,78.19,16.67
R,0.18,16,25,0.16,0.69,Lucas Spence,5.8,828599,HOU,43.75,0,Cutter,FC,0,0.17,2354.19,76.78,89.21,100
R,0,15,53.33,-0.07,-0.07,Lucas Spence,5.43,828599,HOU,53.33,57.14,Sweeper,ST,60,0,2416.87,77.55,81.37,75
R,0,6,33.33,0.78,-1.24,Lucas Spence,2.17,828599,HOU,0,33.33,Knuckle Curve,KC,100,0,2534.67,0,79.1,0
R,0.01,19,47.37,-0.27,1.37,Nick Allen,39.58,669397,HOU,68.42,0,4-Seam Fastball,FF,0,0,2258.05,85.5,94.84,30.77
R,0.28,15,0,-1.34,0.71,Nick Allen,31.25,669397,HOU,73.33,0,Sinker,SI,0,0.27,2191.2,89.6,96.13,100
R,0,5,0,0.25,0.48,Nick Allen,10.42,669397,HOU,80,0,Slider,SL,0,0,2429.4,70.08,87.92,100
R,0,4,0,1.26,0,Nick Allen,8.33,669397,HOU,25,0,Changeup,CH,0,0,1793.25,78.9,83.2,100
R,0.04,3,33.33,0.45,-0.01,Nick Allen,6.25,669397,HOU,66.67,100,Sweeper,ST,33.33,0.67,2404,62.2,82.93,100
R,0.37,2,0,0.13,0.78,Nick Allen,4.17,669397,HOU,100,0,Cutter,FC,0,1,2056,98.5,88.5,100
R,0.43,91,32.97,-0.2,1.32,Taylor Trammell,44.39,666211,HOU,60.44,11.11,4-Seam Fastball,FF,29.27,0.14,2289.86,76.56,94.84,67.27
R,0.23,34,44.12,-0.89,0.29,Taylor Trammell,16.59,666211,HOU,20.59,55.56,Changeup,CH,61.11,0.57,1985.03,71.26,84.43,42.86
R,0.33,22,36.36,0.39,0.13,Taylor Trammell,10.73,666211,HOU,36.36,28.57,Sweeper,ST,50,0.5,2651.09,77.65,84.78,50
R,0.36,20,20,-0.44,-0.02,Taylor Trammell,9.76,666211,HOU,50,0,Slider,SL,25,0,2485.8,74.1,85.7,80
R,1.1,12,33.33,-0.54,0.74,Taylor Trammell,5.85,666211,HOU,83.33,0,Sinker,SI,0,1,2154.17,106.4,93.87,40
R,0,8,100,-0.73,-1.05,Taylor Trammell,3.9,666211,HOU,75,100,Curveball,CU,100,0,2596.25,0,78.12,66.67
R,0.14,8,50,-1.12,0.5,Taylor Trammell,3.9,666211,HOU,25,66.67,Split-Finger,FS,66.67,0,1092.75,90.9,86.38,100
R,0,6,66.67,-1.2,-0.45,Taylor Trammell,2.93,666211,HOU,33.33,100,Slurve,SV,66.67,0,2788.33,89.2,82.4,100
R,0,4,50,0.08,1.06,Taylor Trammell,1.95,666211,HOU,50,0,Cutter,FC,0,0,2160.5,0,90.3,0
R,0.26,56,30.36,-0.1,1.33,Yainer Diaz,31.64,673237,HOU,55.36,76,4-Seam Fastball,FF,16.67,0.25,2340.98,85.92,94.09,74.19
R,0.59,33,39.39,-1.02,0.8,Yainer Diaz,18.64,673237,HOU,48.48,35.29,Sinker,SI,0,0.57,2165.3,82.6,94.49,18.75
R,0.46,28,14.29,0.28,0.36,Yainer Diaz,15.82,673237,HOU,50,42.86,Changeup,CH,11.11,0.33,1847.29,80.19,83.03,85.71
R,0.28,16,31.25,0.09,0.29,Yainer Diaz,9.04,673237,HOU,50,37.5,Slider,SL,33.33,0,2304.31,86.77,87.05,75
R,0.46,14,14.29,0.88,-0.15,Yainer Diaz,7.91,673237,HOU,42.86,50,Sweeper,ST,0,0,2633.57,89.5,83.77,33.33
R,0,10,0,0.39,-1.12,Yainer Diaz,5.65,673237,HOU,20,25,Curveball,CU,0,0,2789.4,72.2,80.36,100
R,0.22,10,20,0.14,0.64,Yainer Diaz,5.65,673237,HOU,20,25,Cutter,FC,0,0,2508.2,40.3,93,0
R,0,4,0,0.48,-1.4,Yainer Diaz,2.26,673237,HOU,0,0,Knuckle Curve,KC,0,0,2562,0,78.2,0
R,0,4,0,-1.2,-0.55,Yainer Diaz,2.26,673237,HOU,0,50,Slurve,SV,0,0,2593,83.5,80.7,0
R,0,2,100,-0.99,0.14,Yainer Diaz,1.13,673237,HOU,100,0,Split-Finger,FS,100,0,1188,0,84.9,100
R,0.78,130,22.31,-0.22,1.35,Yordan Alvarez,35.52,670541,HOU,49.23,30.3,4-Seam Fastball,FF,10.17,0.46,2330.5,87.57,95.26,60.94
R,0.2,60,30,-0.95,0.35,Yordan Alvarez,16.39,670541,HOU,30,54.76,Changeup,CH,28.57,0.29,1925.4,87.23,87.36,66.67
R,0.23,43,27.91,-0.66,0.82,Yordan Alvarez,11.75,670541,HOU,58.14,22.22,Sinker,SI,0,0.23,2186.37,93.57,94.67,44
R,0,31,29.03,0.37,-0.03,Yordan Alvarez,8.47,670541,HOU,22.58,16.67,Sweeper,ST,66.67,0,2519.06,68.5,84.07,28.57
R,0.57,30,26.67,0.16,0.19,Yordan Alvarez,8.2,670541,HOU,30,23.81,Slider,SL,40,0.33,2503.57,102.85,87.56,55.56
R,0,26,0,0,0,Yordan Alvarez,7.1,670541,HOU,0,0,Unknown,UNK,0,0,0,0,0,0
R,0.63,18,50,0.4,-1.13,Yordan Alvarez,4.92,670541,HOU,50,11.11,Curveball,CU,0,1,2663.11,78.3,79.96,0
R,0.19,13,15.38,0.16,0.64,Yordan Alvarez,3.55,670541,HOU,38.46,37.5,Cutter,FC,0,0,2347.23,92.12,90.31,60
R,0.89,10,0,-0.8,0.3,Yordan Alvarez,2.73,670541,HOU,20,12.5,Split-Finger,FS,0,1,1383,84.3,86.1,100
R,0,4,0,0.64,-1.27,Yordan Alvarez,1.09,670541,HOU,0,0,Knuckle Curve,KC,0,0,2491.5,0,78.2,0
R,0,1,0,-0.81,1.22,Yordan Alvarez,0.27,670541,HOU,0,0,Unknown,UN,0,0,1491,0,72.2,0
R,0.31,43,23.26,0.23,1.3,Zach Dezenzo,46.24,701305,HOU,53.49,45,4-Seam Fastball,FF,16.67,0.2,2381.79,87.23,95.02,65.22
R,0.32,12,0,0.41,0.76,Zach Dezenzo,12.9,701305,HOU,33.33,75,Sinker,SI,0,0.5,2205.5,88.98,95.12,100
R,0.02,12,50,0.08,-0.05,Zach Dezenzo,12.9,701305,HOU,8.33,63.64,Slider,SL,71.43,0,2601.5,66.2,87.22,0
R,0,9,22.22,1.12,0.11,Zach Dezenzo,9.68,701305,HOU,33.33,0,Sweeper,ST,0,0,2518.33,77.7,81.24,33.33
R,0.24,8,50,-0.42,-0.72,Zach Dezenzo,8.6,701305,HOU,50,50,Curveball,CU,0,0,2490.75,102.3,79.42,0
R,0,7,28.57,-0.12,0.15,Zach Dezenzo,7.53,701305,HOU,28.57,40,Changeup,CH,50,0,1477.71,61.3,85.46,100
R,0,2,0,-1.23,-0.41,Zach Dezenzo,2.15,701305,HOU,0,0,Slurve,SV,0,0,2853,0,83.1,0
L,0.29,18,22.22,-0.52,1.49,,100,669384,HOU,66.67,0,4-Seam Fastball,FF,20,0.33,2258.44,75.47,94.3,83.33
R,0.09,11,27.27,0.08,1.16,Andrew Velazquez,20,623205,KCR,36.36,57.14,4-Seam Fastball,FF,37.5,0,2253.55,61,93.65,100
R,0.22,10,20,0.16,-0.1,Andrew Velazquez,18.18,623205,KCR,50,40,Slider,SL,0,0,2394.1,88.27,84.87,100
R,0,9,33.33,-0.29,-1.12,Andrew Velazquez,16.36,623205,KCR,77.78,0,Curveball,CU,0,0,2689.11,0,77.67,57.14
R,0.22,9,22.22,0.06,0.43,Andrew Velazquez,16.36,623205,KCR,77.78,0,Cutter,FC,0,0,2366.22,51.16,88.11,71.43
R,0.18,7,14.29,-0.12,0.03,Andrew Velazquez,12.73,623205,KCR,28.57,80,Changeup,CH,16.67,0.67,1606.86,58.9,88.03,100
R,0.01,5,0,-1.04,0.13,Andrew Velazquez,9.09,623205,KCR,80,100,Split-Finger,FS,0,0,1467.4,79,87.72,100
R,0.26,4,0,-0.18,0.13,Andrew Velazquez,7.27,623205,KCR,100,0,Sinker,SI,0,0,2027.5,97.5,93.55,100
R,0.25,124,30.65,-0.52,1.26,Carter Jensen,32.98,695600,KCR,51.61,11.67,4-Seam Fastball,FF,40,0.14,2278.39,85.31,94.47,75
R,0.15,56,28.57,-0.01,0.07,Carter Jensen,14.89,695600,KCR,32.14,63.16,Slider,SL,35,0.19,2566.38,86.76,86.32,88.89
R,0.43,54,12.96,-0.99,0.35,Carter Jensen,14.36,695600,KCR,35.19,37.14,Split-Finger,FS,0,0.31,1580.83,78.56,87.65,78.95
R,0.23,53,35.85,0.02,0.5,Carter Jensen,14.1,695600,KCR,69.81,37.5,Sinker,SI,15.38,0.3,2158.91,75.04,93.86,54.05
R,0.13,26,34.62,0.04,0.64,Carter Jensen,6.91,695600,KCR,53.85,0,Cutter,FC,54.55,0.5,2386.31,86.04,89.25,78.57
R,0.08,19,5.26,-1.24,0.07,Carter Jensen,5.05,695600,KCR,21.05,53.33,Changeup,CH,8.33,0.2,1900.95,78.65,86.09,100
R,0.07,16,0,0.27,-0.02,Carter Jensen,4.26,695600,KCR,56.25,0,Sweeper,ST,0,0,2695.81,80.29,81.73,100
R,0,11,54.55,0.55,-0.71,Carter Jensen,2.93,695600,KCR,36.36,57.14,Curveball,CU,75,0,2685.36,0,80.51,100
R,0.39,10,0,0.28,-0.29,Carter Jensen,2.66,695600,KCR,40,33.33,Knuckle Curve,KC,0,0,2571.6,91,83.08,100
R,0,4,50,1.14,-0.88,Carter Jensen,1.06,695600,KCR,50,0,Slurve,SV,0,0,2518,0,79.35,0
R,0,2,0,0,0,Carter Jensen,0.53,695600,KCR,0,0,Unknown,UNK,0,0,0,0,0,0
R,0,1,0,0.68,0.27,Carter Jensen,0.27,695600,KCR,0,0,Knuckleball,KN,0,0,289,0,79.4,0
R,0.15,81,29.63,-0.4,1.27,Isaac Collins,29.35,686555,KCR,55.56,19.44,4-Seam Fastball,FF,11.43,0.25,2280.58,79.33,94.4,62.22
R,0.25,65,35.38,0.26,0.54,Isaac Collins,23.55,686555,KCR,61.54,4,Sinker,SI,9.52,0.24,2193.78,85.27,94.27,50
R,0.25,40,35,0.03,0.26,Isaac Collins,14.49,686555,KCR,37.5,56,Changeup,CH,40,0.25,1719.85,87.14,86.33,73.33
R,0.15,35,60,-0.52,0.4,Isaac Collins,12.68,686555,KCR,60,28.57,Split-Finger,FS,71.43,0,1451.51,87.25,86.47,47.62
R,0,22,13.64,0.23,0.49,Isaac Collins,7.97,686555,KCR,27.27,25,Cutter,FC,12.5,0,2304.68,90.47,90.02,66.67
R,0.7,19,31.58,-0.2,-1,Isaac Collins,6.88,686555,KCR,10.53,23.53,Curveball,CU,50,0,2858.11,86.7,77.76,0
R,0,7,14.29,0.35,-0.06,Isaac Collins,2.54,686555,KCR,42.86,0,Sweeper,ST,0,0,2705,72.8,82.36,66.67
R,0.54,5,20,0.33,0.12,Isaac Collins,1.81,686555,KCR,20,25,Slider,SL,50,0.5,2524.4,101.7,87.3,100
R,0,2,0,0,0,Isaac Collins,0.72,686555,KCR,0,0,Unknown,UNK,0,0,0,0,0,0
R,0.28,58,31.03,-0.68,1.21,Jac Caglianone,28.43,695506,KCR,58.62,41.67,4-Seam Fastball,FF,22.22,0.13,2282.62,85.83,94.95,76.47
R,0.06,36,27.78,0.09,0.48,Jac Caglianone,17.65,695506,KCR,52.78,23.53,Sinker,SI,18.75,0,2226.97,77.9,94.62,63.16
R,0.26,25,16,-1.18,0.48,Jac Caglianone,12.25,695506,KCR,16,61.9,Changeup,CH,23.53,0.33,1746.44,87,86.69,100
R,0.21,24,16.67,-1.02,0.5,Jac Caglianone,11.76,695506,KCR,50,50,Split-Finger,FS,22.22,0,1830.75,94.6,88.91,100
R,0.36,22,22.73,0.29,0.81,Jac Caglianone,10.78,695506,KCR,31.82,6.67,Cutter,FC,40,0,2383.64,90.67,90.66,57.14
R,0.11,14,21.43,-0.09,-0.1,Jac Caglianone,6.86,695506,KCR,42.86,75,Slider,SL,10,0.14,2567.64,93.8,86.06,66.67
R,0,12,33.33,-0.45,-0.85,Jac Caglianone,5.88,695506,KCR,50,66.67,Curveball,CU,25,0,2769.17,77,79.05,66.67
R,0.81,10,20,0.43,-0.14,Jac Caglianone,4.9,695506,KCR,60,100,Knuckle Curve,KC,20,0.67,2590.8,95.75,83.92,100
R,0.01,3,0,0.92,0.25,Jac Caglianone,1.47,695506,KCR,100,0,Sweeper,ST,0,0,2597.67,93.43,83.8,100
R,0.35,48,16.67,-0.91,1.19,Josh Rojas,36.36,668942,KCR,47.92,32,4-Seam Fastball,FF,8,0.31,2306.38,83.2,95.15,73.91
R,0.17,22,4.55,-0.99,0.32,Josh Rojas,16.67,668942,KCR,50,18.18,Sinker,SI,0,0.29,2157.59,83.95,92.57,100
R,0.47,17,41.18,-1.07,0.03,Josh Rojas,12.88,668942,KCR,47.06,66.67,Changeup,CH,46.15,0.6,1713.71,76.74,86.48,87.5
R,0,14,42.86,0.62,-0.46,Josh Rojas,10.61,668942,KCR,14.29,16.67,Knuckle Curve,KC,100,0,2638.43,0,81.44,0
R,0.17,13,0,-1.14,0.48,Josh Rojas,9.85,668942,KCR,46.15,0,Split-Finger,FS,0,0,2041.62,86.47,88.39,100
R,0,6,0,0.73,-0.72,Josh Rojas,4.55,668942,KCR,0,0,Curveball,CU,0,0,2652.67,0,80.03,0
R,0.43,5,40,0.18,0.51,Josh Rojas,3.79,668942,KCR,40,66.67,Cutter,FC,50,0.5,2314.6,93.3,89.9,100
R,0.92,5,20,0,0.22,Josh Rojas,3.79,668942,KCR,60,0,Slider,SL,0,1,2465.6,98.5,87.52,66.67
R,0,2,50,-1.78,-0.22,Josh Rojas,1.52,668942,KCR,50,0,Sweeper,ST,100,0,2750.5,0,79.2,100
R,0.38,100,25,-0.85,0.52,Lane Thomas,25.97,657041,KCR,66,0,Sinker,SI,0,0.35,2161.64,83.59,94.15,62.12
R,0.08,74,32.43,-0.33,1.41,Lane Thomas,19.22,657041,KCR,56.76,34.38,4-Seam Fastball,FF,9.38,0.11,2365.88,84.16,95.29,50
R,0.31,70,38.57,-0.01,0.28,Lane Thomas,18.18,657041,KCR,45.71,26.32,Slider,SL,34.62,0.4,2372.63,79.62,87.75,50
R,0.02,38,31.58,0.35,0.36,Lane Thomas,9.87,657041,KCR,68.42,16.67,Cutter,FC,27.27,0,2321.13,63.36,88.23,76.92
R,0.17,32,34.38,-0.08,0.25,Lane Thomas,8.31,657041,KCR,37.5,20,Changeup,CH,54.55,0.1,1616.38,98.65,87.81,58.33
R,0.01,24,16.67,-1.03,0.42,Lane Thomas,6.23,657041,KCR,41.67,57.14,Split-Finger,FS,22.22,0,1736.5,75.1,88.39,100
R,0,23,26.09,0.55,-0.83,Lane Thomas,5.97,657041,KCR,34.78,0,Curveball,CU,0,0,2947.48,51.1,78.03,25
R,0.92,10,0,0.23,0.13,Lane Thomas,2.6,657041,KCR,10,0,Knuckle Curve,KC,0,1,2508.5,103.8,84.55,100
R,0,10,80,0.84,0.22,Lane Thomas,2.6,657041,KCR,50,80,Sweeper,ST,80,0,2527.1,105.9,83.39,20
R,0,4,50,1.21,-0.68,Lane Thomas,1.04,657041,KCR,100,0,Slurve,SV,0,0,2476,104.5,79.85,50
R,0.15,32,25,0.32,0.61,Luke Maile,64,571912,KCR,56.25,0,Sinker,SI,16.67,0.33,2204.81,75.28,94.26,66.67
R,0.13,8,25,-1,-1.11,Luke Maile,16,571912,KCR,50,50,Curveball,CU,33.33,0,2768.5,84.2,77.22,100
R,0,4,0,1.22,0.4,Luke Maile,8,571912,KCR,50,100,Changeup,CH,0,0,1965,59.4,87.5,100
R,0,2,0,0.22,1.12,Luke Maile,4,571912,KCR,0,100,4-Seam Fastball,FF,0,0,2227,50.5,95.3,0
R,0.9,2,0,-0.08,0.24,Luke Maile,4,571912,KCR,0,100,Knuckle Curve,KC,0,1,2485,76.3,86.2,0
R,0,2,100,0.77,0.38,Luke Maile,4,571912,KCR,100,0,Slider,SL,0,0,2978,0,86.5,0
R,0.24,76,21.05,-0.49,1.3,Michael Massey,28.68,686681,KCR,48.68,58.97,4-Seam Fastball,FF,10.2,0.17,2278.63,83.09,94.58,70.27
R,0.19,60,36.67,0.28,0.49,Michael Massey,22.64,686681,KCR,55,22.22,Sinker,SI,9.52,0.45,2141.08,68.05,94.6,45.45
R,0.15,36,36.11,-0.99,0.39,Michael Massey,13.58,686681,KCR,27.78,53.85,Split-Finger,FS,45,0,1658.19,86.13,87.44,60
R,0.6,27,14.81,-0.06,0.19,Michael Massey,10.19,686681,KCR,40.74,18.75,Slider,SL,28.57,0.67,2334.67,97.02,87.56,100
R,0.12,25,24,-0.77,0.32,Michael Massey,9.43,686681,KCR,40,66.67,Changeup,CH,26.32,0.22,1729.72,83.19,87.96,90
R,0.02,16,18.75,0.2,0.52,Michael Massey,6.04,686681,KCR,43.75,44.44,Cutter,FC,20,0,2281.5,88,89.34,85.71
R,0.49,12,0,0.14,-0.55,Michael Massey,4.53,686681,KCR,33.33,25,Curveball,CU,0,1,2589,88.73,81.37,100
R,0.35,9,11.11,-0.56,-0.08,Michael Massey,3.4,686681,KCR,33.33,16.67,Sweeper,ST,0,0.5,2634,87.1,83.33,66.67
R,0.07,4,0,0.91,-0.88,Michael Massey,1.51,686681,KCR,50,0,Knuckle Curve,KC,0,0,2676.5,77.4,79.05,100
R,0.37,64,28.12,-0.5,1.27,Nick Loftin,23.97,679845,KCR,59.38,38.46,4-Seam Fastball,FF,5.88,0.38,2283.64,80.26,94.68,63.16
R,0.25,57,38.6,-0.36,0.66,Nick Loftin,21.35,679845,KCR,45.61,48.39,Sinker,SI,8.7,0.33,2169.3,75.25,94.25,30.77
R,0.19,48,27.08,0.05,0.3,Nick Loftin,17.98,679845,KCR,37.5,46.67,Slider,SL,33.33,0.33,2297.42,64.85,87.27,72.22
R,0.42,29,24.14,0.23,0.61,Nick Loftin,10.86,679845,KCR,68.97,22.22,Cutter,FC,13.33,0.33,2424.14,84.59,89.61,65
R,0.37,24,29.17,0.62,0.41,Nick Loftin,8.99,679845,KCR,25,22.22,Changeup,CH,28.57,0,1647.96,79.78,88.23,50
R,0.1,16,37.5,-0.36,0.66,Nick Loftin,5.99,679845,KCR,62.5,33.33,Split-Finger,FS,0,0,1372.88,84.83,86.74,40
R,0,11,45.45,-0.07,-1.03,Nick Loftin,4.12,679845,KCR,9.09,40,Curveball,CU,50,0,2636,0,79.94,0
R,0.41,10,20,0.96,0.11,Nick Loftin,3.75,679845,KCR,30,57.14,Sweeper,ST,16.67,0.4,2589.5,65.76,82.99,66.67
R,0,7,14.29,0.62,-0.48,Nick Loftin,2.62,679845,KCR,0,14.29,Knuckle Curve,KC,100,0,2619.29,0,82.71,0
R,0,1,0,0,0,Nick Loftin,0.37,679845,KCR,0,0,Unknown,UNK,0,0,0,0,0,0
R,0.45,80,27.5,-0.42,1.31,Salvador Perez,24.17,521692,KCR,32.5,44.44,4-Seam Fastball,FF,36.36,0.21,2293.19,81.51,95.26,76.92
R,0.4,72,29.17,0.13,0.12,Salvador Perez,21.75,521692,KCR,41.67,35.71,Slider,SL,29.73,0.27,2395.74,82.53,86.79,73.33
R,1.1,43,20.93,-0.75,0.5,Salvador Perez,12.99,521692,KCR,58.14,38.89,Sinker,SI,0,0.5,2147.53,86.43,94.32,64
R,0.23,33,36.36,0.33,0.42,Salvador Perez,9.97,521692,KCR,39.39,40,Cutter,FC,40,0,2369.85,72.6,88.64,53.85
R,0.22,27,40.74,0.65,-0.66,Salvador Perez,8.16,521692,KCR,25.93,65,Curveball,CU,40,0.33,2789.07,78.75,79.61,28.57
R,0.24,22,27.27,-0.04,0.44,Salvador Perez,6.65,521692,KCR,50,72.73,Changeup,CH,21.43,0.17,1765.91,82.02,88.29,54.55
R,0.33,22,36.36,1.14,0.24,Salvador Perez,6.65,521692,KCR,22.73,41.18,Sweeper,ST,55.56,0.5,2599.27,76.2,82.31,40
R,0.19,19,15.79,-0.69,0.31,Salvador Perez,5.74,521692,KCR,47.37,70,Split-Finger,FS,7.14,0.33,1441.05,78.65,88.1,77.78
R,0.04,5,0,0.48,-0.1,Salvador Perez,1.51,521692,KCR,40,100,Knuckle Curve,KC,0,0,2531.2,70.97,84.52,100
R,0,4,0,0,0,Salvador Perez,1.21,521692,KCR,0,0,Unknown,UNK,0,0,0,0,0,0
R,0,2,50,-0.42,-0.46,Salvador Perez,0.6,521692,KCR,0,50,Knuckleball,KN,100,0,341.5,0,81.65,0
R,0.16,2,0,0.79,-0.58,Salvador Perez,0.6,521692,KCR,100,0,Slurve,SV,0,0,2449,92.7,79.4,100
R,0.34,32,31.25,0.12,-0.88,Starling Marte,23.53,516782,KCR,43.75,44.44,Curveball,CU,40,0.4,2788.62,86.02,78.46,85.71
R,0.12,30,6.67,0.1,1.35,Starling Marte,22.06,516782,KCR,53.33,42.86,4-Seam Fastball,FF,9.09,0,2317,70.84,94.69,100
R,0.12,26,15.38,0.67,0.48,Starling Marte,19.12,516782,KCR,38.46,37.5,Sinker,SI,12.5,0,2143.85,72.6,94.56,100
R,0.37,18,11.11,0.14,0.69,Starling Marte,13.24,516782,KCR,55.56,25,Cutter,FC,0,0.33,2436.33,93.18,89.86,80
R,0,10,60,1.18,0.34,Starling Marte,7.35,516782,KCR,40,33.33,Changeup,CH,100,0,1730.4,0,88.64,0
R,0.07,10,20,-0.48,-0.22,Starling Marte,7.35,516782,KCR,40,33.33,Slider,SL,33.33,0,2513.6,73.45,85.08,100
R,0.52,8,25,-1,-0.24,Starling Marte,5.88,516782,KCR,25,33.33,Sweeper,ST,50,0,2555.25,102.2,83.22,100
R,0,2,0,-1.34,0.61,Starling Marte,1.47,516782,KCR,0,0,Split-Finger,FS,0,0,1741,0,87,0
R,0.39,28,7.14,-0.25,1.31,Tyler Tolbert,29.79,686475,KCR,64.29,20,4-Seam Fastball,FF,0,0.29,2254,71.98,93.79,88.89
R,0.28,20,20,0.04,0.69,Tyler Tolbert,21.28,686475,KCR,60,25,Sinker,SI,0,0,2147.2,92.3,95.4,66.67
R,0.11,16,50,0.24,0.36,Tyler Tolbert,17.02,686475,KCR,50,50,Slider,SL,50,0,2250.25,65.95,88.11,50
R,0.7,10,20,-1.1,-1.2,Tyler Tolbert,10.64,686475,KCR,20,25,Curveball,CU,50,0,2817.6,90.1,78.28,100
R,0,10,20,0.15,0.63,Tyler Tolbert,10.64,686475,KCR,40,33.33,Cutter,FC,33.33,0,2475,33.6,85.58,100
R,0,6,33.33,0.8,0.61,Tyler Tolbert,6.38,686475,KCR,33.33,0,Changeup,CH,0,0,1699.67,0,87.97,0
R,0,2,0,-1.12,0.11,Tyler Tolbert,2.13,686475,KCR,100,0,Split-Finger,FS,0,0,1558,69.6,88.1,100
R,0,2,0,1.13,0.32,Tyler Tolbert,2.13,686475,KCR,0,0,Sweeper,ST,0,0,2417,0,82.8,0
L,0.24,65,18.46,-0.6,1.35,,25.69,686469,KCR,40,28.21,4-Seam Fastball,FF,13.79,0.33,2286.05,87.47,94.8,69.23
L,0.45,50,26,0,0.69,,19.76,686469,KCR,44,28.57,Sinker,SI,18.18,0.43,2159.46,82.02,94.04,63.64
L,0.15,42,35.71,0.3,0.64,,16.6,686469,KCR,52.38,45,Cutter,FC,25,0.14,2342.5,82.94,89.94,50
L,0.45,26,15.38,-0.99,0.37,,10.28,686469,KCR,57.69,18.18,Split-Finger,FS,0,0.6,1661.5,86.38,89.11,73.33
L,0.46,25,12,-1.16,0.12,,9.88,686469,KCR,44,71.43,Changeup,CH,14.29,0.2,1780.6,86.33,87.47,100
R,0,20,40,-1.3,0.18,,32.26,677951,KCR,65,28.57,Sinker,SI,0,0,2249.3,69.58,92.63,38.46
L,0.14,17,35.29,0.28,-0.61,,6.72,686469,KCR,11.76,53.33,Curveball,CU,50,0,2594.35,67.25,80.26,0
L,0.51,16,6.25,0.4,0.11,,6.32,686469,KCR,31.25,18.18,Slider,SL,14.29,0.5,2347.12,90.75,86.11,100
R,0.37,12,33.33,-0.5,0.11,,19.35,677951,KCR,25,33.33,Changeup,CH,50,0,1523.25,67.05,87.83,33.33
R,0,11,0,0.68,-0.28,,17.74,677951,KCR,9.09,0,Slider,SL,0,0,2726.27,68,85.44,100
L,0,8,0,0,0,,3.16,686469,KCR,0,0,Unknown,UNK,0,0,0,0,0,0
R,0.63,5,40,-0.7,1.2,,8.06,677951,KCR,20,50,4-Seam Fastball,FF,33.33,0,2193.8,89.75,94.62,100
R,0.01,5,20,1.07,0.2,,8.06,677951,KCR,60,50,Sweeper,ST,25,0,2757.2,81.3,82.14,100
R,0.1,4,25,0.26,0.58,,6.45,677951,KCR,75,0,Cutter,FC,0,0,2286.25,52.2,89.38,66.67
R,0,4,0,0,0,,6.45,677951,KCR,0,0,Unknown,UNK,0,0,0,0,0,0
L,0.07,4,0,-0.2,0.4,,1.58,686469,KCR,25,33.33,Sweeper,ST,0,0,2629.25,88.95,81.03,100
R,0,1,0,0.15,-0.01,,1.61,677951,KCR,0,0,Knuckleball,KN,0,0,254,0,81.4,0
R,0.29,74,16.22,-0.62,0.59,Denzer Guzman,35.92,694203,LAA,60.81,34.48,Sinker,SI,0,0.25,2126.64,82.72,94.13,68.89
R,0.03,39,23.08,-0.36,1.31,Denzer Guzman,18.93,694203,LAA,35.9,32,4-Seam Fastball,FF,23.53,0,2245.15,78.99,94.77,64.29
R,0.38,26,15.38,0.11,0.07,Denzer Guzman,12.62,694203,LAA,38.46,25,Slider,SL,30.77,0,2510,89.43,87.02,90
R,0.19,24,25,1.06,0.18,Denzer Guzman,11.65,694203,LAA,50,50,Sweeper,ST,25,0.2,2602,75.95,84.14,83.33
R,0.2,18,50,0.29,0.61,Denzer Guzman,8.74,694203,LAA,66.67,66.67,Cutter,FC,22.22,0.33,2363.06,73.04,88.11,41.67
R,0.34,15,46.67,0.5,0.51,Denzer Guzman,7.28,694203,LAA,26.67,81.82,Changeup,CH,53.85,0,1891.07,76.1,84.93,100
R,0,6,0,0.64,-0.97,Denzer Guzman,2.91,694203,LAA,33.33,0,Curveball,CU,0,0,2341.33,88.9,83.7,100
R,0,3,66.67,-0.79,0.04,Denzer Guzman,1.46,694203,LAA,33.33,50,Split-Finger,FS,100,0,1164,0,91.03,0
R,0,1,0,0.54,-0.9,Denzer Guzman,0.49,694203,LAA,0,0,Knuckle Curve,KC,0,0,3052,0,82.2,0
R,0.3,105,34.29,-0.23,1.32,Jo Adell,27.7,666176,LAA,60,19.05,4-Seam Fastball,FF,18.6,0.38,2246.91,76.97,94.01,55.56
R,0.27,95,21.05,-1.04,0.64,Jo Adell,25.07,666176,LAA,41.05,19.64,Sinker,SI,10,0.1,2111.22,82,94.34,48.72
R,0.19,55,25.45,-0.02,0.14,Jo Adell,14.51,666176,LAA,32.73,18.92,Slider,SL,35.29,0,2405.91,77.05,85.86,55.56
R,0.55,51,41.18,0.11,0.27,Jo Adell,13.46,666176,LAA,47.06,66.67,Changeup,CH,38.24,0.4,1656.98,85.77,85.52,66.67
R,0.19,46,39.13,1.28,-0.05,Jo Adell,12.14,666176,LAA,43.48,30.77,Sweeper,ST,58.33,0,2679.83,80.8,82.47,80
R,0,13,23.08,0.09,0.63,Jo Adell,3.43,666176,LAA,7.69,50,Cutter,FC,33.33,0,2346.23,88.9,89.78,0
R,1.69,8,0,-0.04,-1.12,Jo Adell,2.11,666176,LAA,75,0,Curveball,CU,0,1,2709.75,103.27,82.08,100
R,0,3,0,0.09,-0.47,Jo Adell,0.79,666176,LAA,66.67,0,Knuckle Curve,KC,0,0,2437,65,80.17,100
R,0,3,0,-0.98,0.37,Jo Adell,0.79,666176,LAA,33.33,100,Split-Finger,FS,0,0,1584.33,62,90.43,100
R,0.38,73,21.92,-0.15,1.33,Jorge Soler,23.1,624585,LAA,43.84,17.07,4-Seam Fastball,FF,36.11,0.14,2226.04,85.47,94.54,90.62
R,0.28,65,32.31,-0.79,0.65,Jorge Soler,20.57,624585,LAA,46.15,17.14,Sinker,SI,25,0.45,2130.09,90.13,94.83,60
R,0.23,58,36.21,-0.02,0.14,Jorge Soler,18.35,624585,LAA,65.52,20,Slider,SL,38.71,0.18,2397.59,80.29,86,71.05
R,0.21,47,48.94,0.27,0.25,Jorge Soler,14.87,624585,LAA,40.43,53.57,Changeup,CH,57.14,0.15,1734.02,87.58,86.64,68.42
R,0.48,30,26.67,1.08,0.13,Jorge Soler,9.49,624585,LAA,26.67,9.09,Sweeper,ST,50,0,2498.4,66.3,83.73,25
R,0.15,16,37.5,0.33,-1.11,Jorge Soler,5.06,624585,LAA,25,50,Curveball,CU,60,0,2704,84.3,82.69,100
R,0.07,12,41.67,0.21,0.76,Jorge Soler,3.8,624585,LAA,50,83.33,Cutter,FC,40,0,2355.33,88.3,91.11,83.33
R,0.26,9,22.22,-0.81,0.1,Jorge Soler,2.85,624585,LAA,44.44,0,Split-Finger,FS,50,0,1248.67,103,87.94,100
R,0.21,6,0,0.52,-1.09,Jorge Soler,1.9,624585,LAA,33.33,0,Knuckle Curve,KC,0,0,2510.33,95,77.47,100
R,0.27,40,22.5,-0.01,1.3,Jose Siri,32.79,642350,LAA,45,18.18,4-Seam Fastball,FF,23.53,0,2242.28,86.89,93.92,72.22
R,0.29,29,27.59,-0.84,0.78,Jose Siri,23.77,642350,LAA,48.28,33.33,Sinker,SI,14.29,0.6,2214.38,80.3,94.87,64.29
R,0.23,23,47.83,-0.2,0.03,Jose Siri,18.85,642350,LAA,43.48,84.62,Slider,SL,52.94,0.4,2540.3,75.08,85.39,60
R,0.04,10,70,1.26,0.58,Jose Siri,8.2,642350,LAA,50,60,Changeup,CH,75,0,1882,65.6,85.22,20
R,0.73,6,0,-0.83,-1.43,Jose Siri,4.92,642350,LAA,66.67,0,Curveball,CU,0,0,3021,60,80.57,100
R,0.17,6,33.33,1.31,-0.07,Jose Siri,4.92,642350,LAA,33.33,50,Sweeper,ST,0,0,2657,77.9,84.17,0
R,0.03,4,0,-0.42,-0.77,Jose Siri,3.28,642350,LAA,50,100,Knuckle Curve,KC,0,0.5,2202.5,82.85,78.55,100
R,0,2,100,0.39,0.36,Jose Siri,1.64,642350,LAA,100,0,Cutter,FC,0,0,2354,0,89.8,0
R,0,2,100,-0.86,-0.09,Jose Siri,1.64,642350,LAA,0,100,Split-Finger,FS,100,0,1362,0,88.7,0
R,0.49,69,27.54,-0.57,1.24,Josh Lowe,38.55,666139,LAA,44.93,28.95,4-Seam Fastball,FF,31.58,0.18,2264.8,78.98,95.23,87.1
R,0.1,30,33.33,-1.16,0.33,Josh Lowe,16.76,666139,LAA,40,44.44,Changeup,CH,44.44,0,1942,75.54,87.34,83.33
R,0.7,20,30,1.25,0.06,Josh Lowe,11.17,666139,LAA,20,37.5,Sweeper,ST,50,1,2576.3,87.2,83.18,50
R,0.33,19,31.58,-1,0.25,Josh Lowe,10.61,666139,LAA,31.58,7.69,Split-Finger,FS,85.71,0,1356.05,73.9,89.43,100
R,0.25,15,0,0.22,0.07,Josh Lowe,8.38,666139,LAA,40,33.33,Slider,SL,0,0,2382.73,84.52,88.18,100
R,0,10,20,-1.3,0.62,Josh Lowe,5.59,666139,LAA,60,0,Sinker,SI,0,0,2261.4,87.5,96.34,66.67
R,0,8,0,0,0,Josh Lowe,4.47,666139,LAA,0,0,Unknown,UNK,0,0,0,0,0,0
R,0,5,20,0.98,-0.96,Josh Lowe,2.79,666139,LAA,0,60,Curveball,CU,33.33,0,2506.6,54.8,82.52,0
R,0,3,33.33,0.13,0.44,Josh Lowe,1.68,666139,LAA,0,100,Cutter,FC,33.33,0,2480.33,105.1,89.87,0
R,0.25,157,17.2,-0.35,1.33,Mike Trout,37.03,545361,LAA,47.13,12.05,4-Seam Fastball,FF,17.91,0.15,2230,77.95,94.76,77.03
R,0.34,73,19.18,-0.65,0.78,Mike Trout,17.22,545361,LAA,41.1,20.93,Sinker,SI,7.14,0.31,2160.05,80.73,94.54,63.33
R,0.25,62,41.94,-0.02,0.18,Mike Trout,14.62,545361,LAA,35.48,25,Slider,SL,44.44,0.5,2388.65,74.7,87.05,36.36
R,0,44,36.36,1.15,0.16,Mike Trout,10.38,545361,LAA,54.55,10,Sweeper,ST,0,0,2596.18,77.76,83.84,41.67
R,0.5,36,25,0.14,0.48,Mike Trout,8.49,545361,LAA,47.22,31.58,Changeup,CH,26.32,0.5,1701.44,84.13,85.96,76.47
R,0.47,27,40.74,0.23,1.04,Mike Trout,6.37,545361,LAA,48.15,21.43,Cutter,FC,46.15,0.44,2490.93,99.56,91.46,76.92
R,0.06,11,18.18,0.58,-0.99,Mike Trout,2.59,545361,LAA,36.36,28.57,Curveball,CU,0,0,2455.64,80.4,82.49,50
R,0,8,0,0,0,Mike Trout,1.89,545361,LAA,0,0,Unknown,UNK,0,0,0,0,0,0
R,0,4,0,-0.36,-0.73,Mike Trout,0.94,545361,LAA,0,0,Knuckle Curve,KC,0,0,2260.5,0,78.65,0
R,0.96,2,0,-0.83,0.3,Mike Trout,0.47,545361,LAA,50,0,Split-Finger,FS,0,1,1203,108.3,89.05,100
R,0.44,109,17.43,-0.46,1.28,Nolan Schanuel,31.41,694384,LAA,46.79,17.24,4-Seam Fastball,FF,0,0.24,2247.32,80.93,95.16,58.82
R,0.45,68,23.53,0.07,0.13,Nolan Schanuel,19.6,694384,LAA,48.53,17.14,Slider,SL,20.69,0.4,2454.43,84.87,86.01,69.7
R,0.31,56,8.93,-0.93,0.12,Nolan Schanuel,16.14,694384,LAA,37.5,25.71,Changeup,CH,0,0.33,1693.59,72.53,86.58,76.19
R,0.3,45,28.89,0.17,0.82,Nolan Schanuel,12.97,694384,LAA,46.67,33.33,Sinker,SI,10.53,0.3,2117.73,86.12,93.9,52.38
R,0.34,25,4,0.12,0.77,Nolan Schanuel,7.2,694384,LAA,36,12.5,Cutter,FC,0,0.25,2418.12,91.08,90.98,88.89
R,0.36,22,0,1.36,0.03,Nolan Schanuel,6.34,694384,LAA,54.55,40,Sweeper,ST,0,0.33,2586.09,81.26,82.19,83.33
R,0.23,10,50,0.68,-0.82,Nolan Schanuel,2.88,694384,LAA,40,66.67,Curveball,CU,40,0,2374.9,71.1,80.75,25
R,0,8,25,-1.09,0.6,Nolan Schanuel,2.31,694384,LAA,25,0,Split-Finger,FS,0,0,1734.75,0,88.22,0
R,0,2,100,-0.55,-0.64,Nolan Schanuel,0.58,694384,LAA,0,100,Knuckle Curve,KC,100,0,2177,0,76.8,0
R,0.51,2,0,0.73,-0.69,Nolan Schanuel,0.58,694384,LAA,0,100,Slurve,SV,0,1,2594,71,81.9,0
R,0.18,40,35,-0.01,0.04,Oswald Peraza,30.3,672724,LAA,55,44.44,Slider,SL,35.71,0.4,2449.75,84.85,85.47,90.91
R,0.11,26,30.77,-0.41,1.32,Oswald Peraza,19.7,672724,LAA,61.54,40,4-Seam Fastball,FF,14.29,0.33,2310.69,75.7,94.53,62.5
R,0.49,22,13.64,-0.7,0.77,Oswald Peraza,16.67,672724,LAA,54.55,20,Sinker,SI,15.38,0,2083.18,77.24,94.69,91.67
R,0.18,16,25,-0.81,0.15,Oswald Peraza,12.12,672724,LAA,37.5,40,Changeup,CH,25,0,1660.62,82.13,85.66,66.67
R,0,16,25,1.1,-0.08,Oswald Peraza,12.12,672724,LAA,25,33.33,Sweeper,ST,50,0,2556.38,72.8,83.3,100
R,0,4,50,0.15,-1.48,Oswald Peraza,3.03,672724,LAA,100,0,Curveball,CU,0,0,2946,0,79.65,50
R,0,4,0,-0.4,0.36,Oswald Peraza,3.03,672724,LAA,0,50,Cutter,FC,0,0,2299,0,88.45,0
R,0,4,50,-1.02,0.16,Oswald Peraza,3.03,672724,LAA,50,100,Split-Finger,FS,50,0,1564,0,89.55,100
R,0.22,38,42.11,-0.53,1.43,Tyler Heineman,32.2,623168,LAA,68.42,16.67,4-Seam Fastball,FF,25,0,2325.63,83.53,94.75,53.85
R,0.26,28,14.29,-1.1,0.08,Tyler Heineman,23.73,623168,LAA,35.71,66.67,Changeup,CH,18.18,0.29,1790.43,82.58,86.54,100
R,0.7,12,16.67,0.26,1.29,Tyler Heineman,10.17,623168,LAA,33.33,0,Cutter,FC,0,0,2589.83,53.5,90.95,50
R,0.34,12,33.33,0.11,-0.11,Tyler Heineman,10.17,623168,LAA,50,33.33,Slider,SL,33.33,0,2613.17,83.5,86.38,66.67
R,0,10,20,1.17,0.05,Tyler Heineman,8.47,623168,LAA,60,50,Sweeper,ST,0,0,2639.8,56.3,80.56,66.67
R,0,8,50,0.69,-1.1,Tyler Heineman,6.78,623168,LAA,50,0,Curveball,CU,0,0,2606,0,80.3,0
R,0.88,6,0,-0.91,0.52,Tyler Heineman,5.08,623168,LAA,100,0,Split-Finger,FS,0,1,2031.67,83.03,88.47,100
R,0,4,0,-0.01,0.52,Tyler Heineman,3.39,623168,LAA,100,0,Sinker,SI,0,0,2184,61.05,95.2,100
R,0.38,84,30.95,-0.1,1.34,Vaughn Grissom,28,687093,LAA,55.95,35.14,4-Seam Fastball,FF,26.09,0.26,2259.31,84.34,94.21,70.21
R,0.41,76,19.74,-0.7,0.83,Vaughn Grissom,25.33,687093,LAA,46.05,31.71,Sinker,SI,0,0.38,2175.63,84.18,94.92,60
R,0.52,43,39.53,-0.19,0.22,Vaughn Grissom,14.33,687093,LAA,44.19,45.83,Slider,SL,43.48,0.33,2405,94.75,85,63.16
R,0.05,30,20,1.31,0.11,Vaughn Grissom,10,687093,LAA,33.33,60,Sweeper,ST,27.27,0,2653.8,75.56,82.71,100
R,0.36,26,30.77,0.36,0.4,Vaughn Grissom,8.67,687093,LAA,46.15,35.71,Changeup,CH,30.77,0.38,1751.38,73.9,85.48,66.67
R,0,16,37.5,-1.19,0.35,Vaughn Grissom,5.33,687093,LAA,25,50,Split-Finger,FS,60,0,1738.75,60.5,88.76,100
R,0.63,11,54.55,0.1,0.45,Vaughn Grissom,3.67,687093,LAA,81.82,100,Cutter,FC,44.44,1,2434.82,101.26,89.06,77.78
R,0.12,8,0,0.39,-1.2,Vaughn Grissom,2.67,687093,LAA,75,100,Curveball,CU,0,0,2725,85.07,82.02,100
R,0.15,6,0,0.19,-0.84,Vaughn Grissom,2,687093,LAA,66.67,0,Knuckle Curve,KC,0,1,2405,79.65,80.9,100
R,0.15,37,45.95,-1.06,0.37,Wade Meckler,24.18,685133,LAA,43.24,42.86,Changeup,CH,61.9,0,1474.57,80.3,85.77,75
R,0.34,33,15.15,-0.37,1.12,Wade Meckler,21.57,685133,LAA,36.36,38.1,4-Seam Fastball,FF,11.76,0.5,2242.58,85.66,93.95,75
R,0.48,28,42.86,-0.68,0.38,Wade Meckler,18.3,685133,LAA,71.43,0,Sinker,SI,20,0.5,2063.14,66.65,93.24,50
R,0,14,0,-0.25,0.28,Wade Meckler,9.15,685133,LAA,28.57,0,Slider,SL,0,0,2484.43,77.05,83.03,100
R,0.16,11,27.27,-0.08,0.73,Wade Meckler,7.19,685133,LAA,54.55,80,Cutter,FC,0,0,2266.27,81.53,90.55,66.67
R,0.44,8,0,0.7,-1.03,Wade Meckler,5.23,685133,LAA,50,0,Curveball,CU,0,0,2558.75,70.25,77.38,100
R,0.03,6,33.33,0.93,-1.29,Wade Meckler,3.92,685133,LAA,0,66.67,Knuckle Curve,KC,50,0,2808,85.9,82.03,0
R,0,6,0,-0.86,-0.06,Wade Meckler,3.92,685133,LAA,33.33,0,Split-Finger,FS,0,0,1268.67,68.3,88.5,100
R,0.29,6,33.33,1.59,-0.13,Wade Meckler,3.92,685133,LAA,66.67,100,Sweeper,ST,0,0.5,2627.33,83.7,81.37,50
R,0,4,50,1.3,-0.96,Wade Meckler,2.61,685133,LAA,0,0,Slurve,SV,0,0,2616.5,0,80.85,0
R,0.34,82,26.83,-0.34,1.24,Zach Neto,20.4,687263,LAA,39.02,36,4-Seam Fastball,FF,28.57,0.14,2207.46,86.23,94.76,75
R,0.42,82,31.71,-0.47,0.87,Zach Neto,20.4,687263,LAA,52.44,23.08,Sinker,SI,28.95,0.3,2115.82,85.12,94.36,67.44
R,0.12,80,26.25,0.16,0.06,Zach Neto,19.9,687263,LAA,35,65.38,Slider,SL,30.36,0.08,2438.12,74.39,86.71,78.57
R,0.32,58,34.48,0,0.52,Zach Neto,14.43,687263,LAA,48.28,53.33,Changeup,CH,40,0.19,1763.16,78.8,86.42,85.71
R,0.23,36,38.89,1.18,0.16,Zach Neto,8.96,687263,LAA,38.89,54.55,Sweeper,ST,33.33,0.4,2667.61,79.97,83.16,42.86
R,0.04,33,18.18,0.23,0.89,Zach Neto,8.21,687263,LAA,33.33,31.82,Cutter,FC,20,0.2,2407.73,80.74,91,72.73
R,0.7,17,41.18,0.6,-1.05,Zach Neto,4.23,687263,LAA,35.29,9.09,Curveball,CU,100,0,2651.12,0,81.53,33.33
R,0,7,57.14,0.06,-0.55,Zach Neto,1.74,687263,LAA,28.57,40,Knuckle Curve,KC,100,0,2145.86,0,80.43,0
R,0.61,7,0,-1.23,0.39,Zach Neto,1.74,687263,LAA,28.57,0,Split-Finger,FS,0,0,1460,98.2,89.56,100
R,0.24,33,27.27,-0.04,1.38,,23.4,681351,LAA,63.64,8.33,4-Seam Fastball,FF,0,0.38,2249.3,90.13,93.8,57.14
R,0.07,31,35.48,-0.57,0.9,,21.99,681351,LAA,58.06,30.77,Sinker,SI,23.53,0.09,2220.87,82.85,94.41,72.22
R,0.05,28,39.29,0.04,0.62,,19.86,681351,LAA,28.57,55,Changeup,CH,57.89,0,1740.64,77.35,85.41,100
R,0.04,23,39.13,-0.17,0.2,,16.31,681351,LAA,47.83,50,Slider,SL,40,0,2355.09,86.17,85.78,81.82
R,0.39,18,22.22,1.34,0.12,,12.77,681351,LAA,44.44,20,Sweeper,ST,40,0.5,2626.56,76.77,84.04,100
R,0.08,3,33.33,0.08,0.71,,2.13,681351,LAA,66.67,0,Cutter,FC,0,0,2117,87.3,91.7,50
R,0,3,100,-1.1,0.26,,2.13,681351,LAA,100,0,Split-Finger,FS,100,0,1537.67,0,89,100
R,0,2,0,-1.03,-1.4,,1.42,681351,LAA,100,0,Curveball,CU,0,0,3121,0,78.5,100
R,0,18,44.44,0.03,-0.04,Alex Call,31.03,669743,LAD,33.33,50,Changeup,CH,33.33,0,2322.89,65.65,85.47,0
R,0.38,16,37.5,0.68,0.51,Alex Call,27.59,669743,LAD,75,0,Sinker,SI,0,0.33,2163,84.9,95.18,66.67
R,0,10,0,0.11,-0.07,Alex Call,17.24,669743,LAD,0,40,Slider,SL,0,0,2346.2,88.3,87.98,0
R,0.7,8,25,-0.53,0.66,Alex Call,13.79,669743,LAD,25,33.33,Cutter,FC,0,0,2404,0,95.78,0
R,0,4,100,-0.19,1.38,Alex Call,6.9,669743,LAD,50,100,4-Seam Fastball,FF,100,0,2247,0,94.95,0
R,0,2,100,1.51,-0.05,Alex Call,3.45,669743,LAD,100,0,Sweeper,ST,0,0,2754,0,81.3,0
R,0.23,140,19.29,-0.47,1.17,Andy Pages,32.04,681624,LAD,44.29,20.51,4-Seam Fastball,FF,19.67,0.24,2323.56,78.27,95.29,72.58
R,0.4,106,24.53,-1.03,0.55,Andy Pages,24.26,681624,LAD,49.06,37.04,Sinker,SI,11.11,0.4,2293.91,84,96.23,65.38
R,0.37,44,22.73,0.04,0.58,Andy Pages,10.07,681624,LAD,40.91,30.77,Cutter,FC,22.22,0,2475.36,70.96,89.48,55.56
R,0.18,43,48.84,0.15,0.09,Andy Pages,9.84,681624,LAD,51.16,42.86,Slider,SL,45.45,0.25,2355.16,77.97,88.2,59.09
R,0.31,36,22.22,0.36,0.33,Andy Pages,8.24,681624,LAD,27.78,30.77,Sweeper,ST,37.5,0.5,2651.5,81.5,81.34,80
R,0.23,32,37.5,0.54,0.15,Andy Pages,7.32,681624,LAD,37.5,30,Changeup,CH,50,0,1998.5,103.85,85.69,50
R,0.01,16,25,0.52,-0.96,Andy Pages,3.66,681624,LAD,37.5,40,Curveball,CU,25,0,2567.5,84.47,85.09,66.67
R,0.1,11,45.45,1.2,-0.87,Andy Pages,2.52,681624,LAD,27.27,100,Knuckle Curve,KC,45.45,0,2719,83.67,79.4,100
R,0.22,9,22.22,-0.25,0.03,Andy Pages,2.06,681624,LAD,33.33,33.33,Split-Finger,FS,0,0,944.89,79.93,82.76,33.33
R,0.33,100,36,-0.52,1.23,Dalton Rushing,40.98,687221,LAD,51,22.45,4-Seam Fastball,FF,47.06,0.25,2372.02,86.73,95.8,78.43
R,0.44,48,37.5,0.51,0.49,Dalton Rushing,19.67,687221,LAD,50,8.33,Sinker,SI,40,0.2,2166.5,92.13,94.42,33.33
R,0.59,22,18.18,-0.1,0.65,Dalton Rushing,9.02,687221,LAD,63.64,0,Cutter,FC,20,0.5,2458.09,71.7,93.34,71.43
R,0.34,21,9.52,-0.52,0,Dalton Rushing,8.61,687221,LAD,28.57,40,Changeup,CH,16.67,0.67,1968.86,77.11,87.27,100
R,0,16,25,0.95,0.12,Dalton Rushing,6.56,687221,LAD,12.5,42.86,Sweeper,ST,33.33,0,2827,90.8,85.5,0
R,0,14,57.14,1.09,-0.69,Dalton Rushing,5.74,687221,LAD,14.29,33.33,Curveball,CU,100,0,2860,0,80.07,0
R,0.89,11,27.27,1.03,-0.92,Dalton Rushing,4.51,687221,LAD,45.45,33.33,Knuckle Curve,KC,0,1,2719.36,77.85,79.18,40
R,0.2,8,0,-0.1,-0.04,Dalton Rushing,3.28,687221,LAD,62.5,0,Slider,SL,0,0,2415.75,85.1,86.29,100
R,0.02,2,0,-0.91,-0.1,Dalton Rushing,0.82,687221,LAD,100,0,Slurve,SV,0,0,2710,85.7,85.8,100
R,0,2,0,-0.37,-0.22,Dalton Rushing,0.82,687221,LAD,0,0,Split-Finger,FS,0,0,885,0,79.7,0
R,0.25,26,23.08,-0.23,1.34,Eliezer Alfonzo,54.17,672613,LAD,61.54,40,4-Seam Fastball,FF,12.5,0.67,2381.15,79.97,93.85,75
R,0.61,6,0,0.12,0.72,Eliezer Alfonzo,12.5,672613,LAD,66.67,0,Cutter,FC,0,0.5,2328.67,90.4,89.37,100
R,0,6,33.33,-0.58,0.29,Eliezer Alfonzo,12.5,672613,LAD,33.33,50,Split-Finger,FS,50,0,1343,0,86.73,100
R,0,4,0,-1.27,0.32,Eliezer Alfonzo,8.33,672613,LAD,0,0,Changeup,CH,0,0,1854,0,87.2,0
R,0,2,0,-1.43,0.85,Eliezer Alfonzo,4.17,672613,LAD,100,0,Sinker,SI,0,0,2254,74.2,95.3,100
R,0,2,100,-0.07,0.2,Eliezer Alfonzo,4.17,672613,LAD,0,100,Slider,SL,100,0,1971,0,85.3,0
R,0,2,100,1.34,0.13,Eliezer Alfonzo,4.17,672613,LAD,100,0,Sweeper,ST,0,0,2698,0,81.9,0
R,0.32,123,20.33,-0.56,1.25,Freddie Freeman,32.63,518692,LAD,46.34,37.88,4-Seam Fastball,FF,16.18,0.44,2350.63,81.66,95.73,75.44
R,0.51,74,24.32,0.3,0.38,Freddie Freeman,19.63,518692,LAD,54.05,41.18,Sinker,SI,29.17,0.44,2182.19,86.56,94.36,85
R,0.16,53,30.19,0.08,0,Freddie Freeman,14.06,518692,LAD,37.74,27.27,Slider,SL,47.62,0,2315.6,81.6,88.61,60
R,0.4,51,17.65,-1.07,0.37,Freddie Freeman,13.53,518692,LAD,39.22,38.71,Changeup,CH,17.86,0.4,1776,78.62,88.11,80
R,0.45,22,27.27,0.03,0.64,Freddie Freeman,5.84,518692,LAD,54.55,40,Cutter,FC,14.29,0.4,2536.18,80.15,92.4,83.33
R,0,19,10.53,-1.11,0.35,Freddie Freeman,5.04,518692,LAD,42.11,36.36,Split-Finger,FS,16.67,0,1582.53,87.08,88.76,100
R,0.56,14,0,0.9,0,Freddie Freeman,3.71,518692,LAD,28.57,60,Sweeper,ST,0,0.67,2598.29,76.9,81.96,100
R,0.7,10,0,0.28,-0.72,Freddie Freeman,2.65,518692,LAD,40,0,Curveball,CU,0,0,2567.4,68.45,82.3,100
R,0.76,7,0,1.13,-0.86,Freddie Freeman,1.86,518692,LAD,0,28.57,Knuckle Curve,KC,0,1,2682.57,98.3,79.01,0
R,0,2,0,-1.25,-0.49,Freddie Freeman,0.53,518692,LAD,0,0,Slurve,SV,0,0,2754,0,86,0
R,0,2,0,0,0,Freddie Freeman,0.53,518692,LAD,0,0,Unknown,UNK,0,0,0,0,0,0
R,0.54,103,21.36,-0.53,1.12,Kyle Tucker,33.12,663656,LAD,57.28,22.73,4-Seam Fastball,FF,18.87,0.17,2314.83,85.34,95.28,72.88
R,0.04,36,33.33,0.36,0.42,Kyle Tucker,11.58,663656,LAD,61.11,0,Sinker,SI,0,0,2251.11,87.67,92.13,54.55
R,0.25,34,0,-1.05,0.27,Kyle Tucker,10.93,663656,LAD,35.29,4.55,Changeup,CH,0,0.11,1750.53,89.46,87.29,100
R,0.39,33,24.24,1.13,-0.92,Kyle Tucker,10.61,663656,LAD,27.27,25,Curveball,CU,46.15,0.29,3009.39,78.23,80.99,77.78
R,0.31,29,31.03,0.02,0.21,Kyle Tucker,9.32,663656,LAD,62.07,36.36,Slider,SL,23.53,0.22,2289.1,80.18,87.53,72.22
R,0.37,22,9.09,0.19,0.62,Kyle Tucker,7.07,663656,LAD,54.55,20,Cutter,FC,0,0.5,2511.64,73.82,90.35,83.33
R,0.02,20,20,-1.06,0.28,Kyle Tucker,6.43,663656,LAD,20,25,Split-Finger,FS,50,0,1633.8,87.2,88.56,100
R,0.1,20,20,0.52,0.09,Kyle Tucker,6.43,663656,LAD,70,33.33,Sweeper,ST,0,0,2664.9,80.6,80.95,71.43
R,0.08,10,20,-1.22,-0.52,Kyle Tucker,3.22,663656,LAD,20,25,Slurve,SV,0,0,2677,92,86.52,100
R,0,4,50,1.28,-0.81,Kyle Tucker,1.29,663656,LAD,50,0,Knuckle Curve,KC,0,0,2720.5,0,78.1,0
R,0.17,85,16.47,-0.76,1.07,Max Muncy,24.64,571970,LAD,47.06,17.78,4-Seam Fastball,FF,15,0.4,2384.74,84.58,96.72,80
R,0.38,67,25.37,-0.17,0.49,Max Muncy,19.42,571970,LAD,56.72,0,Sinker,SI,7.69,0.14,2185.49,87.7,94.36,68.42
R,0.09,56,32.14,0.84,-0.75,Max Muncy,16.23,571970,LAD,21.43,40.91,Curveball,CU,50,0,2745.91,87.85,80.85,83.33
R,0.27,36,27.78,-1.21,0.27,Max Muncy,10.43,571970,LAD,50,16.67,Changeup,CH,18.75,0.2,1760.97,80.88,87.4,72.22
R,0.83,35,28.57,0.36,0.02,Max Muncy,10.14,571970,LAD,54.29,50,Slider,SL,28.57,0.43,2498.77,84.86,88.51,68.42
R,0.25,22,18.18,0.74,0.15,Max Muncy,6.38,571970,LAD,36.36,14.29,Sweeper,ST,20,0.33,2667.82,82.03,83.24,100
R,0.66,18,22.22,0.26,0.7,Max Muncy,5.22,571970,LAD,77.78,0,Cutter,FC,0,0.5,2526,90.85,91.82,71.43
R,0,10,50,1.1,-0.95,Max Muncy,2.9,571970,LAD,40,33.33,Knuckle Curve,KC,80,0,2728.5,72.4,79.38,75
R,0,8,50,-1.14,-0.23,Max Muncy,2.32,571970,LAD,50,0,Slurve,SV,0,0,2695,0,86.3,0
R,0,8,25,-0.64,0.07,Max Muncy,2.32,571970,LAD,50,0,Split-Finger,FS,0,0,890,0,81.95,50
R,0.05,20,30,1.35,0.06,Miguel Rojas,27.78,500743,LAD,30,28.57,Changeup,CH,60,0,2002,75.1,85.48,100
R,0.3,18,22.22,1.05,0.63,Miguel Rojas,25,500743,LAD,66.67,33.33,Sinker,SI,0,0.25,2067.33,83.26,94.96,66.67
R,0.45,12,16.67,-0.37,0.15,Miguel Rojas,16.67,500743,LAD,66.67,0,Sweeper,ST,0,0.5,2473.67,76.05,78.27,50
R,0.09,8,25,1.08,0.92,Miguel Rojas,11.11,500743,LAD,50,50,4-Seam Fastball,FF,0,0,2102.75,83,92.22,50
R,0.01,6,0,-0.27,0.49,Miguel Rojas,8.33,500743,LAD,33.33,50,Cutter,FC,0,0,2394,78.1,90.03,100
R,0,4,0,-0.05,-0.32,Miguel Rojas,5.56,500743,LAD,0,50,Curveball,CU,0,0,2422,84.7,84.6,0
R,0.26,4,50,-0.09,-0.36,Miguel Rojas,5.56,500743,LAD,100,0,Slider,SL,0,0,2051.5,90.1,84.95,50
R,0.28,106,13.21,-0.61,1.19,Mookie Betts,37.86,605141,LAD,52.83,20,4-Seam Fastball,FF,3.7,0.12,2335.25,87.62,95.57,78.57
R,0.62,61,26.23,-0.44,0.46,Mookie Betts,21.79,605141,LAD,57.38,15.38,Sinker,SI,0,0.59,2209.97,87.88,95.37,54.29
R,0.22,34,17.65,0.13,0.66,Mookie Betts,12.14,605141,LAD,52.94,0,Cutter,FC,0,0,2429.18,75.58,90.68,66.67
R,0,26,42.31,0.21,-0.01,Mookie Betts,9.29,605141,LAD,34.62,11.76,Slider,SL,100,0,2386.69,0,86.97,0
R,0.03,14,57.14,1.11,-0.98,Mookie Betts,5,605141,LAD,42.86,25,Curveball,CU,66.67,0,2917.86,91.9,81.44,66.67
R,0.09,14,42.86,1.23,0.13,Mookie Betts,5,605141,LAD,57.14,33.33,Sweeper,ST,33.33,0,2752.57,80.3,83.29,50
R,0,9,0,1.18,-0.85,Mookie Betts,3.21,605141,LAD,22.22,0,Knuckle Curve,KC,0,0,2694.33,78.7,79.68,100
R,0.46,8,50,0.77,0.17,Mookie Betts,2.86,605141,LAD,75,0,Changeup,CH,50,0.5,1995.5,102.3,87.32,66.67
R,0,6,66.67,-0.68,0.18,Mookie Betts,2.14,605141,LAD,66.67,100,Split-Finger,FS,66.67,0,1699.33,72,89.33,100
R,0,2,0,0,0,Mookie Betts,0.71,605141,LAD,0,0,Unknown,UNK,0,0,0,0,0,0
R,0.34,120,40,-0.45,1.12,Shohei Ohtani,34.88,660271,LAD,56.67,32.69,4-Seam Fastball,FF,50.7,0.19,2349.91,90.56,95.15,79.41
R,0.08,46,39.13,0.58,0.45,Shohei Ohtani,13.37,660271,LAD,52.17,27.27,Sinker,SI,27.27,0,2165.3,91.5,95.44,66.67
R,0.29,38,31.58,0.98,-0.8,Shohei Ohtani,11.05,660271,LAD,42.11,36.36,Curveball,CU,45.45,0.33,2803.89,95.1,81.56,87.5
R,0.62,28,28.57,-0.07,0.51,Shohei Ohtani,8.14,660271,LAD,50,28.57,Cutter,FC,28.57,0.5,2383.86,92.42,89.18,71.43
R,0,26,0,0,0,Shohei Ohtani,7.56,660271,LAD,0,0,Unknown,UNK,0,0,0,0,0,0
R,0.53,23,30.43,-0.85,0.36,Shohei Ohtani,6.69,660271,LAD,26.09,47.06,Changeup,CH,50,0.4,1934.83,85.83,88.43,100
R,0.77,22,18.18,-0.08,0.09,Shohei Ohtani,6.4,660271,LAD,45.45,16.67,Slider,SL,33.33,0.5,2162.64,94.92,87.67,100
R,0.39,22,0,-0.44,0.34,Shohei Ohtani,6.4,660271,LAD,45.45,66.67,Sweeper,ST,0,0.5,2522.82,75.75,78.32,100
R,0,11,27.27,-0.43,0.04,Shohei Ohtani,3.2,660271,LAD,45.45,66.67,Split-Finger,FS,25,0,1011.55,78.6,83.95,80
R,0.59,6,33.33,0.98,-1.05,Shohei Ohtani,1.74,660271,LAD,83.33,0,Knuckle Curve,KC,40,0,2785.33,102.5,82.55,100
R,0,2,100,-0.75,0.34,Shohei Ohtani,0.58,660271,LAD,100,0,Slurve,SV,100,0,2582,0,85.4,100
R,0.39,85,34.12,-0.09,1.17,Teoscar Hernández,27.69,606192,LAD,62.35,34.38,4-Seam Fastball,FF,19.15,0.39,2296.86,83.04,94.88,67.92
R,0.18,66,30.3,-0.71,0.5,Teoscar Hernández,21.5,606192,LAD,48.48,41.18,Sinker,SI,17.65,0.25,2254.3,83.54,95.57,62.5
R,0.28,48,33.33,0.14,0.57,Teoscar Hernández,15.64,606192,LAD,41.67,50,Cutter,FC,35.71,0.29,2428.12,73.14,90.05,70
R,0.11,28,21.43,0.89,0.06,Teoscar Hernández,9.12,606192,LAD,28.57,60,Changeup,CH,30,0,1986.36,66.88,85.41,100
R,0.06,26,57.69,-0.09,0.19,Teoscar Hernández,8.47,606192,LAD,42.31,60,Slider,SL,72.22,0,2329.81,83.65,86.97,81.82
R,0.34,22,9.09,0.58,0.26,Teoscar Hernández,7.17,606192,LAD,27.27,12.5,Sweeper,ST,25,0.5,2615.91,85.03,81.31,100
R,0.16,14,50,-0.27,-0.15,Teoscar Hernández,4.56,606192,LAD,42.86,37.5,Split-Finger,FS,71.43,0,1139.43,102,87.62,66.67
R,0.11,8,25,1.06,-0.84,Teoscar Hernández,2.61,606192,LAD,0,50,Knuckle Curve,KC,50,0.5,2697.25,57.1,79,0
R,0,6,66.67,-1.3,-0.16,Teoscar Hernández,1.95,606192,LAD,66.67,0,Slurve,SV,0,0,2842.67,0,85.47,0
R,0,4,0,1.64,-1.1,Teoscar Hernández,1.3,606192,LAD,0,0,Curveball,CU,0,0,3546.5,0,83.25,0
R,0.3,110,32.73,-0.62,1.17,Tommy Edman,37.93,669242,LAD,56.36,33.33,4-Seam Fastball,FF,20,0.24,2314.94,83.32,95.37,70.97
R,0.3,43,25.58,-0.58,0.23,Tommy Edman,14.83,669242,LAD,41.86,44,Changeup,CH,20,0.22,1837.79,73.99,87.86,77.78
R,0.46,40,30,-0.82,0.42,Tommy Edman,13.79,669242,LAD,70,16.67,Sinker,SI,0,0.75,2238.3,92.58,95.2,64.29
R,0.18,26,23.08,1.24,-0.74,Tommy Edman,8.97,669242,LAD,23.08,20,Curveball,CU,60,0,3014.85,77,80.23,100
R,0.33,22,45.45,0.9,0.05,Tommy Edman,7.59,669242,LAD,36.36,42.86,Sweeper,ST,50,0.25,2575.73,82.9,82.41,75
R,0.49,12,16.67,0.21,-0.02,Tommy Edman,4.14,669242,LAD,50,33.33,Slider,SL,25,0,2308.5,72.62,88.23,100
R,1.11,12,33.33,-0.78,0.18,Tommy Edman,4.14,669242,LAD,58.33,20,Split-Finger,FS,50,1,1116.67,102.3,83.77,100
R,0.33,10,20,0.19,0.65,Tommy Edman,3.45,669242,LAD,60,50,Cutter,FC,0,0.33,2562,80.57,90.08,66.67
R,0,10,60,-1.03,-0.36,Tommy Edman,3.45,669242,LAD,40,0,Slurve,SV,0,0,2709.6,0,85.64,0
R,0,5,40,1.28,-1.02,Tommy Edman,1.72,669242,LAD,80,0,Knuckle Curve,KC,0,0,2708.6,0,78.9,0
L,0,12,66.67,-0.97,1.41,,40,690976,LAD,50,66.67,4-Seam Fastball,FF,66.67,0,2380.17,0,94.33,33.33
L,0.12,10,20,-1.23,0.13,,33.33,690976,LAD,20,50,Changeup,CH,33.33,0,2015.8,76.05,87.66,100
L,0,4,50,-1.55,0.84,,13.33,690976,LAD,100,0,Sinker,SI,0,0,2255,0,95.15,0
L,0,2,0,0.2,0.9,,6.67,690976,LAD,0,0,Cutter,FC,0,0,2538,0,92.4,0
L,0,2,100,1.4,0.13,,6.67,690976,LAD,100,0,Sweeper,ST,100,0,2728,0,82.7,100
R,0,10,40,1.4,0.2,Brian Navarreto,27.78,640459,MIA,20,25,Changeup,CH,100,0,1602.6,0,83.82,0
R,0,10,40,1.25,0.9,Brian Navarreto,27.78,640459,MIA,40,33.33,Sinker,SI,0,0,2211.2,73.6,93.46,0
R,0.73,10,20,-1,0.01,Brian Navarreto,27.78,640459,MIA,20,50,Sweeper,ST,33.33,0,2405.6,86.75,84.34,100
R,0.42,4,0,1.02,1.06,Brian Navarreto,11.11,640459,MIA,50,100,4-Seam Fastball,FF,0,0,2079,73,95.95,100
R,0.07,2,0,-0.01,0.18,Brian Navarreto,5.56,640459,MIA,100,0,Slider,SL,0,0,2521,85.6,82.8,100
R,0.15,75,22.67,0.25,1.31,Esteury Ruiz,47.17,665923,MIA,57.33,25,4-Seam Fastball,FF,20.93,0.28,2245.03,81.17,94.8,81.4
R,0.36,23,43.48,-0.45,0.79,Esteury Ruiz,14.47,665923,MIA,65.22,50,Sinker,SI,0,0,2194.52,73.6,95.18,20
R,0.66,20,30,0.7,0.23,Esteury Ruiz,12.58,665923,MIA,20,87.5,Sweeper,ST,25,0.5,2646,82.24,84.67,50
R,0.61,17,23.53,1.33,0.04,Esteury Ruiz,10.69,665923,MIA,23.53,38.46,Changeup,CH,44.44,0.67,1586.71,93.68,87.08,100
R,0,16,50,0.12,-0.16,Esteury Ruiz,10.06,665923,MIA,50,50,Slider,SL,50,0,2550.62,83.85,86,50
R,0,6,66.67,0.89,0.16,Esteury Ruiz,3.77,665923,MIA,33.33,50,Split-Finger,FS,100,0,1184,0,82.83,100
R,0,2,0,0.38,0.81,Esteury Ruiz,1.26,665923,MIA,100,0,Cutter,FC,0,0,2268,18.6,92.1,100
R,0.01,22,9.09,-1.17,0.29,Graham Pauley,35.48,688363,MIA,27.27,37.5,Changeup,CH,20,0,1400.09,84.48,85.94,66.67
R,0.34,10,20,-0.96,1.31,Graham Pauley,16.13,688363,MIA,40,0,4-Seam Fastball,FF,0,0,2369.8,89.2,92.5,100
R,0.52,10,40,1.28,-0.93,Graham Pauley,16.13,688363,MIA,40,66.67,Knuckle Curve,KC,33.33,1,2661.6,68.5,78.66,50
R,0,8,50,0.76,-0.14,Graham Pauley,12.9,688363,MIA,50,50,Curveball,CU,66.67,0,2231.25,64.8,80.38,100
R,0.13,8,75,0.3,0.85,Graham Pauley,12.9,688363,MIA,100,0,Cutter,FC,0,0,2434,93,89.55,25
R,0,2,0,-1.75,0.42,Graham Pauley,3.23,688363,MIA,100,0,Sinker,SI,0,0,2235,76.8,92.9,100
R,0,2,0,0.12,0.59,Graham Pauley,3.23,688363,MIA,100,0,Slider,SL,0,0,2172,75.7,88,100
R,0.22,65,21.54,-0.44,1.33,Griffin Conine,24.07,665052,MIA,50.77,25,4-Seam Fastball,FF,24.24,0,2304.74,83.67,94.24,75.76
R,0.46,59,32.2,-0.94,0.49,Griffin Conine,21.85,665052,MIA,37.29,37.84,Changeup,CH,46.43,0.19,1807.39,90.05,86.4,63.64
R,0.37,48,27.08,0.04,0.07,Griffin Conine,17.78,665052,MIA,50,29.17,Slider,SL,33.33,0.36,2514.58,90.65,86.48,70.83
R,0.51,24,20.83,0.09,0.73,Griffin Conine,8.89,665052,MIA,58.33,20,Cutter,FC,26.67,0.5,2421.75,79.96,88.37,92.86
R,0.43,22,9.09,1.1,0.61,Griffin Conine,8.15,665052,MIA,68.18,28.57,Sinker,SI,0,0.33,2131.86,82.15,93.05,86.67
R,0,20,40,-0.03,0.28,Griffin Conine,7.41,665052,MIA,60,75,Sweeper,ST,44.44,0,2473.8,66.78,81.82,100
R,0.53,10,40,0.98,-0.45,Griffin Conine,3.7,665052,MIA,40,0,Curveball,CU,0,1,2692.6,98.3,80.84,100
R,0,10,20,-0.88,0.38,Griffin Conine,3.7,665052,MIA,40,33.33,Split-Finger,FS,33.33,0,1489.2,85.5,87.5,100
R,0.49,6,33.33,0.68,-0.62,Griffin Conine,2.22,665052,MIA,66.67,100,Knuckle Curve,KC,33.33,1,2642.67,88.1,84.27,100
R,0.41,6,33.33,1.05,-0.62,Griffin Conine,2.22,665052,MIA,33.33,50,Slurve,SV,50,0,2613,102.6,82.9,100
R,0.28,105,30.48,-0.49,1.28,Heriberto Hernández,28.07,681715,MIA,47.62,54.55,4-Seam Fastball,FF,23.08,0.23,2267.76,85.57,95.07,70
R,0.35,69,49.28,-0.39,0.76,Heriberto Hernández,18.45,681715,MIA,47.83,25,Sinker,SI,47.83,0.5,2188.96,96.83,94.96,42.42
R,0.46,50,48,-0.48,0.46,Heriberto Hernández,13.37,681715,MIA,70,13.33,Changeup,CH,51.85,0.35,1748.5,86.47,86.16,71.43
R,0.17,49,38.78,0.03,0.16,Heriberto Hernández,13.1,681715,MIA,34.69,18.75,Slider,SL,55.56,0.2,2424.96,92.55,86.59,70.59
R,0.47,38,31.58,0.13,0.13,Heriberto Hernández,10.16,681715,MIA,36.84,33.33,Sweeper,ST,40,0.25,2575.16,86.5,83.5,85.71
R,0.07,18,27.78,0.04,0.76,Heriberto Hernández,4.81,681715,MIA,38.89,45.45,Cutter,FC,30,0,2476.33,83.46,89.44,71.43
R,0,18,11.11,0.81,-0.66,Heriberto Hernández,4.81,681715,MIA,33.33,16.67,Knuckle Curve,KC,25,0,2617.78,78.1,81.31,100
R,0,17,29.41,0.04,-0.61,Heriberto Hernández,4.55,681715,MIA,17.65,14.29,Curveball,CU,100,0,2695.88,0,81.3,0
R,0,6,0,-1.33,0.33,Heriberto Hernández,1.6,681715,MIA,0,0,Split-Finger,FS,0,0,1749.33,0,94.37,0
R,0,4,0,-0.16,0.08,Heriberto Hernández,1.07,681715,MIA,100,0,Knuckleball,KN,0,0,330.5,94.4,82,100
R,0.19,85,16.47,-0.42,1.3,Jakob Marsee,33.86,805300,MIA,51.76,21.95,4-Seam Fastball,FF,4.76,0,2242.18,75.86,94.49,75
R,0.39,58,27.59,1.2,0.64,Jakob Marsee,23.11,805300,MIA,48.28,16.67,Sinker,SI,6.25,0.18,2119.12,71.91,94.24,39.29
R,0.12,29,41.38,-0.09,-0.04,Jakob Marsee,11.55,805300,MIA,41.38,47.06,Slider,SL,28.57,0,2385.48,83.05,87.18,50
R,0.29,26,23.08,-1.21,0.49,Jakob Marsee,10.36,805300,MIA,50,23.08,Changeup,CH,16.67,0,1777,77.39,84.73,69.23
R,0.38,20,20,-0.77,0.27,Jakob Marsee,7.97,805300,MIA,20,25,Sweeper,ST,50,0.67,2559.3,98.7,84.32,100
R,0.17,14,28.57,0.17,0.98,Jakob Marsee,5.58,805300,MIA,50,28.57,Cutter,FC,44.44,0.4,2400.86,85.3,89.47,100
R,0.7,5,0,0.42,-0.44,Jakob Marsee,1.99,805300,MIA,40,0,Curveball,CU,0,0,2338.2,0,82.3,0
R,0,4,50,0.63,-0.41,Jakob Marsee,1.59,805300,MIA,50,0,Knuckle Curve,KC,0,0,2617,0,81.6,0
R,0,4,0,0,-0.28,Jakob Marsee,1.59,805300,MIA,0,100,Knuckleball,KN,0,0,290.5,77.4,79.7,0
R,0.2,4,50,-1.15,0.02,Jakob Marsee,1.59,805300,MIA,50,100,Split-Finger,FS,50,1,1526,90.9,91.75,100
R,0,2,0,0,0,Jakob Marsee,0.8,805300,MIA,0,0,Unknown,UNK,0,0,0,0,0,0
R,0.26,78,24.36,0.15,0.78,Javier Sanoja,28.16,691594,MIA,55.13,45.71,Sinker,SI,9.09,0.14,2188.33,78.79,95.06,65.12
R,0.24,69,20.29,-0.2,1.38,Javier Sanoja,24.91,691594,MIA,43.48,23.08,4-Seam Fastball,FF,13.79,0.42,2280.62,85.46,95.26,66.67
R,0.37,47,21.28,-0.08,0.09,Javier Sanoja,16.97,691594,MIA,34.04,38.71,Slider,SL,23.08,0.17,2452.85,78.88,86.01,87.5
R,0.25,24,16.67,0.57,0.24,Javier Sanoja,8.66,691594,MIA,16.67,50,Sweeper,ST,16.67,0.25,2590.5,78.9,82.05,50
R,0.33,22,13.64,-0.01,0.74,Javier Sanoja,7.94,691594,MIA,31.82,60,Cutter,FC,13.33,0.25,2455.41,78.34,89.4,85.71
R,0.18,15,13.33,1.34,0.1,Javier Sanoja,5.42,691594,MIA,26.67,90.91,Changeup,CH,14.29,0.33,1832.2,70.28,89.4,100
R,0.05,12,50,-0.01,-0.41,Javier Sanoja,4.33,691594,MIA,16.67,30,Curveball,CU,75,0,2412.75,81.1,81.73,50
R,0,4,0,0.87,-0.05,Javier Sanoja,1.44,691594,MIA,50,0,Split-Finger,FS,0,0,997,62.2,85.3,100
R,0.01,2,0,-0.04,0.02,Javier Sanoja,0.72,691594,MIA,100,0,Knuckleball,KN,0,0,318,82,84.2,100
R,0,2,0,1.3,-1.06,Javier Sanoja,0.72,691594,MIA,0,100,Slurve,SV,0,0,2743,74.8,82.3,0
R,0,2,0,1.45,0.73,Javier Sanoja,0.72,691594,MIA,0,0,Unknown,UNK,0,0,2155,0,94.9,0
R,0.91,53,28.3,-0.69,1.35,Joe Mack,22.94,691788,MIA,49.06,22.22,4-Seam Fastball,FF,19.05,0.6,2334.92,97.09,95.55,57.69
R,0.41,49,42.86,-1.23,0.47,Joe Mack,21.21,691788,MIA,32.65,33.33,Changeup,CH,66.67,0.18,1778.51,83.6,86.94,81.25
R,0.38,41,31.71,0.79,0.85,Joe Mack,17.75,691788,MIA,46.34,31.82,Sinker,SI,13.33,0.14,2183.24,64.35,95.62,42.11
R,0.1,30,60,0.16,0.01,Joe Mack,12.99,691788,MIA,50,26.67,Slider,SL,68.75,0,2519.87,89.53,87.8,80
R,0.11,23,17.39,0.06,0.84,Joe Mack,9.96,691788,MIA,73.91,66.67,Cutter,FC,10.53,0.17,2273.61,84.44,90.73,88.24
R,0,10,20,0.83,-0.27,Joe Mack,4.33,691788,MIA,20,25,Curveball,CU,0,0,2352.2,61.4,80.12,0
R,0.54,10,40,-0.1,0.01,Joe Mack,4.33,691788,MIA,80,0,Sweeper,ST,0,0,2738.8,99.25,84.6,50
R,0,8,0,-0.77,0.5,Joe Mack,3.46,691788,MIA,25,0,Split-Finger,FS,0,0,1366,65.1,86.05,100
R,0,5,20,1.11,-0.68,Joe Mack,2.16,691788,MIA,0,60,Knuckle Curve,KC,33.33,0,2639.8,82.8,80,0
R,0,2,0,1.32,-0.9,Joe Mack,0.87,691788,MIA,0,0,Slurve,SV,0,0,2614,0,79.7,0
R,0.16,127,25.98,-0.55,1.35,Kyle Stowers,33.25,669065,MIA,57.48,11.11,4-Seam Fastball,FF,18.52,0.14,2284.09,87.67,95.41,65.75
R,0.7,63,22.22,-1.21,0.45,Kyle Stowers,16.49,669065,MIA,30.16,36.36,Changeup,CH,38.24,0.4,1660.79,85.61,86.3,94.74
R,0.27,63,31.75,0.92,0.77,Kyle Stowers,16.49,669065,MIA,50.79,41.94,Sinker,SI,28.57,0.31,2187.75,82.18,94.68,68.75
R,0.21,38,26.32,-0.27,0.17,Kyle Stowers,9.95,669065,MIA,39.47,21.74,Slider,SL,47.37,0,2488.16,81.48,85.48,93.33
R,0.32,34,41.18,-0.78,0.22,Kyle Stowers,8.9,669065,MIA,35.29,54.55,Sweeper,ST,45.45,0.17,2498.53,67.45,83.37,83.33
R,0.08,28,28.57,0.04,0.7,Kyle Stowers,7.33,669065,MIA,42.86,31.25,Cutter,FC,41.67,0,2475.14,86.08,88.74,58.33
R,0,12,50,-1.31,0.33,Kyle Stowers,3.14,669065,MIA,0,50,Split-Finger,FS,100,0,1571.17,0,88.32,0
R,0.4,11,18.18,0.33,-0.14,Kyle Stowers,2.88,669065,MIA,63.64,50,Knuckle Curve,KC,22.22,0.33,2608.36,87.7,85.21,100
R,0.7,4,0,1.18,-0.64,Kyle Stowers,1.05,669065,MIA,0,0,Curveball,CU,0,0,3011.5,0,80.75,0
R,0.67,2,0,-0.16,-0.16,Kyle Stowers,0.52,669065,MIA,100,0,Knuckleball,KN,0,1,285,106,82.3,100
R,0.26,38,26.32,0.39,0.6,Leo Jiménez,36.89,677870,MIA,60.53,0,Sinker,SI,8.33,0,2281.32,87.87,95.52,52.17
R,0.4,23,34.78,0.16,-0.1,Leo Jiménez,22.33,677870,MIA,47.83,33.33,Slider,SL,18.18,0.6,2735.57,80.01,86.22,63.64
R,0.32,22,18.18,-0.19,1.29,Leo Jiménez,21.36,677870,MIA,40.91,15.38,4-Seam Fastball,FF,22.22,0,2327.82,82.54,95.41,77.78
R,0,10,0,0.09,0.91,Leo Jiménez,9.71,677870,MIA,0,30,Cutter,FC,0,0,2540.8,66.1,89.85,0
R,0.03,7,28.57,1.17,-0.08,Leo Jiménez,6.8,677870,MIA,0,14.29,Changeup,CH,0,0,1514.29,70,89.73,0
R,0,2,0,1.08,0.76,Leo Jiménez,1.94,677870,MIA,0,0,Sweeper,ST,0,0,2739,0,82.8,0
R,0.73,1,0,-0.83,-0.78,Leo Jiménez,0.97,677870,MIA,0,0,Curveball,CU,0,0,2805,0,80.3,0
R,0.38,92,29.35,-0.53,1.35,Liam Hicks,25.84,689414,MIA,53.26,34.88,4-Seam Fastball,FF,2.78,0.35,2258.78,76.23,94.54,42.86
R,0.12,66,36.36,0.57,0.73,Liam Hicks,18.54,689414,MIA,69.7,45,Sinker,SI,0,0.14,2230.52,75.06,94.84,47.83
R,0.34,59,22.03,-0.07,0.05,Liam Hicks,16.57,689414,MIA,37.29,35.14,Slider,SL,21.43,0,2545.92,84.77,86.23,68.18
R,0.37,44,18.18,-1.23,0.5,Liam Hicks,12.36,689414,MIA,50,9.09,Changeup,CH,0,0.22,1719.14,78.47,85.71,63.64
R,0.12,33,18.18,-0.27,0.07,Liam Hicks,9.27,689414,MIA,24.24,32,Sweeper,ST,33.33,0,2636.21,76.22,83.65,50
R,0.43,32,21.88,0.13,0.75,Liam Hicks,8.99,689414,MIA,53.12,26.67,Cutter,FC,11.76,0.43,2423.31,74.07,89.59,76.47
R,0.58,10,60,0.76,-0.47,Liam Hicks,2.81,689414,MIA,60,50,Curveball,CU,50,0.5,2362.6,101.7,79.68,33.33
R,0,8,50,-0.62,0.38,Liam Hicks,2.25,689414,MIA,0,75,Split-Finger,FS,66.67,0,1472.5,91.1,87.38,0
R,0.73,6,33.33,0.42,-0.44,Liam Hicks,1.69,689414,MIA,33.33,0,Knuckle Curve,KC,0,0,2637,0,84.4,0
R,0,4,50,1.28,-0.98,Liam Hicks,1.12,689414,MIA,50,0,Slurve,SV,0,0,2571,0,79.3,0
R,0,2,0,0.06,-0.28,Liam Hicks,0.56,689414,MIA,0,0,Knuckleball,KN,0,0,287,0,81.8,0
R,0.55,73,35.62,-0.57,1.25,Otto Lopez,23.93,672640,MIA,61.64,17.86,4-Seam Fastball,FF,14.29,0.5,2212.68,87.89,94.93,51.11
R,0.33,53,30.19,-0.02,0.95,Otto Lopez,17.38,672640,MIA,58.49,18.18,Sinker,SI,8.7,0.06,2218.72,83.99,94.87,61.29
R,0.22,48,14.58,-0.03,0.35,Otto Lopez,15.74,672640,MIA,45.83,38.46,Changeup,CH,13.79,0.33,1856.29,61.93,86.15,86.36
R,0.15,42,33.33,0.11,0.02,Otto Lopez,13.77,672640,MIA,50,19.05,Slider,SL,21.43,0,2386.48,83.16,87.34,47.62
R,0.21,32,12.5,0.72,0.12,Otto Lopez,10.49,672640,MIA,50,37.5,Sweeper,ST,10,0.33,2721.06,81.19,82.48,87.5
R,0.35,24,41.67,0.18,0.78,Otto Lopez,7.87,672640,MIA,29.17,23.53,Cutter,FC,50,0,2351.5,91.9,90.25,0
R,0.22,18,38.89,0.66,-0.45,Otto Lopez,5.9,672640,MIA,33.33,75,Knuckle Curve,KC,33.33,0.33,2617.44,74.71,84,50
R,0.07,12,0,-0.61,0.18,Otto Lopez,3.93,672640,MIA,16.67,20,Split-Finger,FS,0,1,1452.83,88.2,89.62,100
R,0,3,0,-0.29,-0.58,Otto Lopez,0.98,672640,MIA,0,66.67,Curveball,CU,0,0,2561.67,90.7,81.93,0
R,0.15,91,27.47,-0.3,1.27,Xavier Edwards,24.66,669364,MIA,50.55,26.67,4-Seam Fastball,FF,16.67,0.06,2266.97,79.79,94.59,65.22
R,0.23,73,27.4,-0.21,0.33,Xavier Edwards,19.78,669364,MIA,24.66,32.73,Changeup,CH,45.45,0,1711.49,73.46,86.3,83.33
R,0.46,60,20,0.32,0.71,Xavier Edwards,16.26,669364,MIA,48.33,25.81,Sinker,SI,6.45,0.53,2164.77,81.87,94.19,79.31
R,0.4,48,29.17,-0.05,0.14,Xavier Edwards,13.01,669364,MIA,50,33.33,Slider,SL,35.71,0.17,2415.46,79.03,85.38,83.33
R,0.18,33,9.09,0.25,0.79,Xavier Edwards,8.94,669364,MIA,39.39,40,Cutter,FC,10,0,2473.3,85.25,90.14,92.31
R,0.42,28,21.43,-0.17,0.2,Xavier Edwards,7.59,669364,MIA,50,28.57,Sweeper,ST,25,1,2563.21,69.78,83.64,85.71
R,0.23,22,50,0.38,-0.65,Xavier Edwards,5.96,669364,MIA,36.36,42.86,Curveball,CU,66.67,0,2486.09,63.63,81.04,37.5
R,0.32,6,0,-1.15,0.26,Xavier Edwards,1.63,669364,MIA,33.33,0,Split-Finger,FS,0,1,1624,29.1,91.97,100
R,0,4,0,-0.02,-0.13,Xavier Edwards,1.08,669364,MIA,50,0,Knuckleball,KN,0,0,447,0,84.3,100
R,0.14,4,0,1.19,-1.1,Xavier Edwards,1.08,669364,MIA,0,50,Slurve,SV,0,0,2604,80.9,80.1,0
R,0.61,81,19.75,-0.39,1.38,Andrew Vaughn,26.56,683734,MIL,38.27,20,4-Seam Fastball,FF,6.45,0.47,2340.52,88.11,94.91,67.74
R,0.31,50,32,0.22,0.54,Andrew Vaughn,16.39,683734,MIL,52,0,Cutter,FC,16.67,0.33,2405.84,86.26,89.13,46.15
R,0.48,48,54.17,-0.59,0.62,Andrew Vaughn,15.74,683734,MIL,83.33,0,Sinker,SI,0,0.17,2286.42,94.1,94.22,35
R,0,48,37.5,0.14,0.1,Andrew Vaughn,15.74,683734,MIL,50,25,Slider,SL,44.44,0,2454.42,71.56,86.66,50
R,0.21,34,29.41,0.45,0.44,Andrew Vaughn,11.15,683734,MIL,41.18,20,Sweeper,ST,25,0.33,2539.35,80.67,83.31,85.71
R,0.47,18,22.22,0.65,-0.69,Andrew Vaughn,5.9,683734,MIL,33.33,16.67,Curveball,CU,0,0,2640.22,63.3,78.38,33.33
R,0.33,12,0,-1.25,0.27,Andrew Vaughn,3.93,683734,MIL,16.67,20,Changeup,CH,0,0.5,1986.17,93.75,90.25,100
R,0,8,25,0.06,-0.36,Andrew Vaughn,2.62,683734,MIL,25,0,Knuckle Curve,KC,0,0,2282.75,0,83.8,0
R,0,4,50,-1.04,0.08,Andrew Vaughn,1.31,683734,MIL,50,0,Split-Finger,FS,0,0,1588.5,0,87.7,0
R,0.15,2,0,-1.17,1.26,Andrew Vaughn,0.66,683734,MIL,100,0,Eephus,EP,0,0,1783,95.3,69.4,100
R,0.4,105,19.05,-0.45,1.28,Brice Turang,27.56,668930,MIL,55.24,14.89,4-Seam Fastball,FF,11.32,0.56,2300.48,78.39,94.85,79.31
R,0.51,74,21.62,-0.46,0.64,Brice Turang,19.42,668930,MIL,45.95,30,Sinker,SI,6.06,0.6,2263.31,81.8,94.87,61.76
R,0.24,57,26.32,-0.87,0.36,Brice Turang,14.96,668930,MIL,36.84,30.56,Changeup,CH,17.39,0.31,1815.96,78.06,86.82,57.14
R,0.06,31,32.26,-0.01,0.08,Brice Turang,8.14,668930,MIL,48.39,0,Sweeper,ST,40,0,2487.03,84.8,81.33,33.33
R,0.45,30,13.33,-0.99,0.43,Brice Turang,7.87,668930,MIL,20,41.67,Split-Finger,FS,12.5,0.5,1639.4,67.37,86.57,100
R,0.47,28,42.86,0.01,0.37,Brice Turang,7.35,668930,MIL,64.29,40,Slider,SL,28.57,0,2426.86,86.36,87.35,55.56
R,0.23,23,17.39,-0.08,0.62,Brice Turang,6.04,668930,MIL,47.83,16.67,Cutter,FC,18.18,0,2360.3,82.54,89.47,81.82
R,0.16,21,47.62,0.6,-0.53,Brice Turang,5.51,668930,MIL,76.19,40,Curveball,CU,20,0.17,2623.81,80.27,81.1,50
R,0,6,33.33,-0.99,1.24,Brice Turang,1.57,668930,MIL,33.33,100,Eephus,EP,0,0,1671,66.6,67.53,0
R,0,4,0,-1.23,-0.21,Brice Turang,1.05,668930,MIL,50,0,Slurve,SV,0,0,2602.5,78.4,85.55,100
R,0.2,2,0,-0.06,-0.42,Brice Turang,0.52,668930,MIL,100,0,Knuckle Curve,KC,0,0,2333,95,83.9,100
R,0.37,109,21.1,-0.57,1.26,Christian Yelich,30.79,592885,MIL,51.38,11.32,4-Seam Fastball,FF,16.67,0.12,2348.61,80.97,95.31,75
R,0.59,62,27.42,0.14,0.56,Christian Yelich,17.51,592885,MIL,53.23,3.45,Cutter,FC,34.48,0.5,2391.6,86.73,89.86,84.85
R,0.39,58,20.69,-0.55,0.59,Christian Yelich,16.38,592885,MIL,29.31,9.76,Sinker,SI,12.5,0.1,2265.09,84.43,95.28,70.59
R,0.16,39,35.9,0.15,0.09,Christian Yelich,11.02,592885,MIL,46.15,33.33,Slider,SL,41.18,0.2,2459.95,80.38,87.19,55.56
R,0.42,28,10.71,0.89,-0.55,Christian Yelich,7.91,592885,MIL,21.43,50,Curveball,CU,17.65,0,2743.21,81.23,79.5,100
R,0.29,26,0,-1.21,0.18,Christian Yelich,7.34,592885,MIL,30.77,61.11,Changeup,CH,0,0.29,1895.85,84.37,87.63,100
R,0.28,14,35.71,0.72,-0.26,Christian Yelich,3.95,592885,MIL,14.29,50,Sweeper,ST,57.14,0,2835.36,72.63,84.28,50
R,0,10,60,-1.09,0.49,Christian Yelich,2.82,592885,MIL,20,50,Split-Finger,FS,50,0,1628,0,86.98,0
R,0,4,0,0.59,-0.6,Christian Yelich,1.13,592885,MIL,0,0,Slow Curve,CS,0,0,2377,0,78.4,0
R,0,4,0,-1.02,-0.29,Christian Yelich,1.13,592885,MIL,0,0,Slurve,SV,0,0,2694.5,0,84.8,0
R,0.35,84,36.9,-0.54,1.31,Cooper Pratt,30.22,806198,MIL,54.76,15.79,4-Seam Fastball,FF,20.69,0.47,2329.02,78.57,94.53,50
R,0.41,53,15.09,0.72,0.18,Cooper Pratt,19.06,806198,MIL,43.4,16.67,Sweeper,ST,4.76,0.46,2708.17,76.57,82.93,69.57
R,0.26,37,45.95,-1.01,0.45,Cooper Pratt,13.31,806198,MIL,51.35,11.11,Sinker,SI,11.11,0,2199.03,83.38,94.05,36.84
R,0.13,35,5.71,0.07,0.62,Cooper Pratt,12.59,806198,MIL,54.29,12.5,Cutter,FC,9.52,0.33,2412.74,86.15,88.71,100
R,0.3,25,44,0.26,0.25,Cooper Pratt,8.99,806198,MIL,68,50,Slider,SL,16.67,0.29,2434.88,85.57,87.02,47.06
R,0.08,14,35.71,-1.12,0.28,Cooper Pratt,5.04,806198,MIL,50,57.14,Changeup,CH,45.45,0.33,1857.14,78.05,89.19,100
R,0.89,14,42.86,0.84,-0.78,Cooper Pratt,5.04,806198,MIL,57.14,33.33,Curveball,CU,0,1,2834.86,70.8,78.34,25
R,0.24,14,28.57,-1.12,0.28,Cooper Pratt,5.04,806198,MIL,28.57,40,Split-Finger,FS,50,0,1675.14,87.1,87.1,100
R,0.7,2,0,0,0,Cooper Pratt,0.72,806198,MIL,0,0,Unknown,UNK,0,0,0,0,0,0
R,0.13,34,35.29,-1.06,0.2,David Hamilton,31.48,666152,MIL,47.06,22.22,Changeup,CH,42.86,0,1802,68.43,86.83,62.5
R,0.51,28,21.43,-0.58,1.15,David Hamilton,25.93,666152,MIL,50,28.57,4-Seam Fastball,FF,28.57,0.33,2310.07,90.7,95.79,71.43
R,0,16,12.5,1.06,0.1,David Hamilton,14.81,666152,MIL,50,0,Sweeper,ST,0,0,2650.62,76.9,83.61,75
R,0.35,10,80,-1.34,0.37,David Hamilton,9.26,666152,MIL,60,0,Sinker,SI,100,0,2149.2,0,92.5,33.33
R,0.24,8,0,0,0.49,David Hamilton,7.41,666152,MIL,75,100,Cutter,FC,0,0.5,2470.75,78.2,88.35,100
R,0.47,6,33.33,0.29,0.6,David Hamilton,5.56,666152,MIL,100,0,Slider,SL,33.33,1,2554.67,79.65,88.9,100
R,0,4,0,-0.66,0.16,David Hamilton,3.7,666152,MIL,50,0,Split-Finger,FS,0,0,1382.5,41.3,88.15,100
R,0,2,0,0.89,-0.52,David Hamilton,1.85,666152,MIL,100,0,Curveball,CU,0,0,2510,0,77.9,0
R,0.2,116,24.14,-0.57,1.25,Garrett Mitchell,33.43,669003,MIL,41.38,23.53,4-Seam Fastball,FF,25.53,0.1,2346.64,86.86,95.26,64.58
R,0.26,51,35.29,-0.15,0.75,Garrett Mitchell,14.7,669003,MIL,58.82,33.33,Sinker,SI,29.63,0.33,2301.2,82.75,94.31,66.67
R,0.38,44,18.18,-1.05,0.08,Garrett Mitchell,12.68,669003,MIL,34.09,20.69,Changeup,CH,38.1,0.11,1778.59,82.86,87.12,100
R,0.32,39,28.21,-1.06,0.28,Garrett Mitchell,11.24,669003,MIL,17.95,43.75,Split-Finger,FS,41.18,0,1588.77,85.08,87.15,42.86
R,0.36,30,10,-0.01,0.55,Garrett Mitchell,8.65,669003,MIL,53.33,0,Cutter,FC,13.33,0,2422.37,86.44,89.83,93.75
R,0.42,26,26.92,0.65,0.08,Garrett Mitchell,7.49,669003,MIL,57.69,9.09,Sweeper,ST,9.09,0.5,2777.35,90.97,84.08,66.67
R,0.52,24,41.67,0.39,-0.77,Garrett Mitchell,6.92,669003,MIL,41.67,28.57,Curveball,CU,50,0,2820.12,89.95,80.46,40
R,0.29,13,38.46,0.02,0.27,Garrett Mitchell,3.75,669003,MIL,46.15,14.29,Slider,SL,60,0,2498,75.9,87.78,66.67
R,0,2,100,0.91,-1.27,Garrett Mitchell,0.58,669003,MIL,100,0,Knuckle Curve,KC,0,0,2746,0,79.9,0
R,0,2,100,-1.1,-0.53,Garrett Mitchell,0.58,669003,MIL,100,0,Slurve,SV,0,0,2642,0,86.2,0
R,0.53,32,18.75,-0.36,1.34,Gary Sánchez,23.19,596142,MIL,31.25,9.09,4-Seam Fastball,FF,25,0.5,2374.62,93.5,96.41,60
R,0.19,26,30.77,-0.64,0.45,Gary Sánchez,18.84,596142,MIL,69.23,0,Sinker,SI,0,0,2254.31,87.8,92.77,55.56
R,0,20,50,0.17,0.02,Gary Sánchez,14.49,596142,MIL,60,50,Slider,SL,25,0,2325.9,80.2,87.32,33.33
R,0.02,18,22.22,-0.21,0.39,Gary Sánchez,13.04,596142,MIL,55.56,0,Sweeper,ST,0,0,2804.11,90.8,81.96,40
R,0,14,14.29,0.45,0.3,Gary Sánchez,10.14,596142,MIL,28.57,20,Changeup,CH,33.33,0,1589.14,79.3,85.74,100
R,0.33,12,33.33,-1.2,-1.17,Gary Sánchez,8.7,596142,MIL,50,66.67,Curveball,CU,25,1,3186.67,71.77,80.48,66.67
R,0,10,60,-0.23,0.76,Gary Sánchez,7.25,596142,MIL,100,0,Cutter,FC,33.33,0,2390.4,65.8,88.28,60
R,0.05,6,0,-0.06,-0.25,Gary Sánchez,4.35,596142,MIL,66.67,0,Knuckle Curve,KC,0,0,2176.33,77.5,82.8,100
R,0.35,126,26.19,-0.47,1.32,Jackson Chourio,31.98,694192,MIL,53.17,33.9,4-Seam Fastball,FF,11.29,0.37,2374.63,85.5,95.4,62.69
R,0.3,73,30.14,-0.88,0.55,Jackson Chourio,18.53,694192,MIL,63.01,44.44,Sinker,SI,5.71,0.09,2264.04,85.99,95.05,50
R,0.27,52,28.85,0.11,0.56,Jackson Chourio,13.2,694192,MIL,40.38,38.71,Cutter,FC,25,0.33,2389.08,75.8,89.08,57.14
R,0.29,49,38.78,0.27,0.26,Jackson Chourio,12.44,694192,MIL,34.69,25,Slider,SL,47.06,0.25,2462.04,81.14,86.75,52.94
R,0.14,44,20.45,0.64,0.27,Jackson Chourio,11.17,694192,MIL,22.73,38.24,Sweeper,ST,33.33,0.11,2600.14,71.06,83.61,80
R,0.11,18,33.33,-0.97,0.24,Jackson Chourio,4.57,694192,MIL,44.44,60,Changeup,CH,33.33,0,1917.11,77,87.36,75
R,0.4,10,20,-0.57,0.36,Jackson Chourio,2.54,694192,MIL,60,50,Split-Finger,FS,25,0,1525.6,98.4,85.98,100
R,0.6,6,33.33,1.38,-0.94,Jackson Chourio,1.52,694192,MIL,33.33,50,Curveball,CU,0,1,2870.67,74.7,75.3,0
R,0,6,66.67,-0.02,-0.24,Jackson Chourio,1.52,694192,MIL,33.33,100,Knuckle Curve,KC,50,0,2291,0,83.23,0
R,1.25,4,50,-0.26,1.4,Jackson Chourio,1.02,694192,MIL,100,0,Eephus,EP,0,1,1339.5,101.6,54.95,50
R,0,4,0,0,0,Jackson Chourio,1.02,694192,MIL,0,0,Unknown,UNK,0,0,0,0,0,0
R,0,2,100,0.38,-0.67,Jackson Chourio,0.51,694192,MIL,0,100,Slow Curve,CS,100,0,2218,0,75.1,0
R,0.42,81,27.16,-0.61,1.24,Jake Bauers,27.27,641343,MIL,60.49,6.25,4-Seam Fastball,FF,11.76,0.48,2295.31,88.49,94.71,65.31
R,0.2,47,44.68,-1.01,0.67,Jake Bauers,15.82,641343,MIL,57.45,40,Sinker,SI,44,0.15,2342.91,92.84,94.87,62.96
R,0.47,35,34.29,-1.12,0.32,Jake Bauers,11.78,641343,MIL,37.14,18.18,Changeup,CH,22.22,0.33,1798.74,97.37,86.08,38.46
R,0,30,40,0.58,-0.6,Jake Bauers,10.1,641343,MIL,43.33,11.76,Curveball,CU,50,0,2672.5,64.44,81.22,61.54
R,0.52,29,24.14,0.22,-0.16,Jake Bauers,9.76,641343,MIL,48.28,0,Slider,SL,0,0.67,2342.52,89.9,85.81,50
R,0.26,26,38.46,0.43,-0.08,Jake Bauers,8.75,641343,MIL,30.77,38.89,Sweeper,ST,28.57,0,2534.04,99.33,83.86,0
R,0.43,24,29.17,-0.04,0.66,Jake Bauers,8.08,641343,MIL,45.83,7.69,Cutter,FC,16.67,0.5,2282.62,91.5,88.83,45.45
R,0,21,28.57,-1.08,0.52,Jake Bauers,7.07,641343,MIL,19.05,35.29,Split-Finger,FS,60,0,1677,64.6,85.9,100
R,0,4,50,0.55,-0.24,Jake Bauers,1.35,641343,MIL,50,100,Slow Curve,CS,50,0,2199.5,62.7,77.5,100
R,0.28,83,33.73,-0.54,1.37,Joey Ortiz,37.56,687401,MIL,57.83,40,4-Seam Fastball,FF,7.5,0.25,2368.46,90.01,95.96,54.17
R,0.57,40,35,-0.48,0.75,Joey Ortiz,18.1,687401,MIL,60,18.75,Sinker,SI,0,0.57,2315.28,79.8,94.8,41.67
R,0.26,29,20.69,0.81,0.06,Joey Ortiz,13.12,687401,MIL,31.03,25,Sweeper,ST,27.27,0.25,2772.21,83.08,83.88,66.67
R,0.31,27,14.81,0.04,-0.1,Joey Ortiz,12.22,687401,MIL,22.22,28.57,Slider,SL,0,0,2356.48,93.36,86.11,66.67
R,0.09,22,18.18,0.19,0.46,Joey Ortiz,9.95,687401,MIL,45.45,33.33,Cutter,FC,0,0,2501.05,80.38,88.5,60
R,1.08,10,40,0.76,-0.43,Joey Ortiz,4.52,687401,MIL,40,33.33,Curveball,CU,66.67,1,2370.2,104.9,77.54,100
R,0.66,6,0,-0.34,0.22,Joey Ortiz,2.71,687401,MIL,16.67,40,Changeup,CH,0,1,1826.67,88.5,88.67,100
R,0,2,100,0.07,-0.34,Joey Ortiz,0.9,687401,MIL,0,100,Knuckle Curve,KC,100,0,2226,0,83.3,0
R,0,2,0,-0.98,0.45,Joey Ortiz,0.9,687401,MIL,100,0,Split-Finger,FS,0,0,1520,0,87.3,100
R,0.42,106,22.64,-0.39,1.24,Luis Lara,39.85,800325,MIL,41.51,20.97,4-Seam Fastball,FF,15,0.53,2320.4,84.87,95.63,61.36
R,0.46,47,19.15,-0.79,0.16,Luis Lara,17.67,800325,MIL,25.53,37.14,Changeup,CH,23.81,0.25,1638.19,81.85,86.91,66.67
R,0.09,33,45.45,-0.8,0.49,Luis Lara,12.41,800325,MIL,57.58,7.14,Sinker,SI,28.57,0,2224.42,90.92,92.97,31.58
R,0.53,16,37.5,0.13,-0.79,Luis Lara,6.02,800325,MIL,50,0,Curveball,CU,0,0,2584,98,79.21,25
R,0.26,16,37.5,-0.13,0.71,Luis Lara,6.02,800325,MIL,56.25,14.29,Cutter,FC,33.33,0.25,2482.88,77.4,88.96,55.56
R,0.26,15,26.67,0.18,-0.04,Luis Lara,5.64,800325,MIL,26.67,18.18,Slider,SL,0,0,2532.93,87.3,87.76,50
R,0.3,14,28.57,-0.91,0.16,Luis Lara,5.26,800325,MIL,57.14,66.67,Split-Finger,FS,0,0.33,1470.57,73.3,87.6,50
R,0.03,11,27.27,0.27,-0.11,Luis Lara,4.14,800325,MIL,45.45,0,Sweeper,ST,20,0,2714.91,79.25,84.63,100
R,0.48,8,25,0.24,-0.51,Luis Lara,3.01,800325,MIL,50,50,Knuckle Curve,KC,33.33,0,2354.75,100.15,82.05,100
R,0.2,89,24.72,-0.36,1.36,William Contreras,28.08,661388,MIL,56.18,17.95,4-Seam Fastball,FF,14.63,0.13,2343.17,84.33,95.52,68
R,0.35,59,25.42,-0.88,0.65,William Contreras,18.61,661388,MIL,61.02,34.78,Sinker,SI,6.06,0.5,2264.05,79.58,94.27,69.44
R,0,44,31.82,0.17,0.2,William Contreras,13.88,661388,MIL,34.09,10.34,Slider,SL,33.33,0,2456.57,76.16,87.36,60
R,0.26,34,26.47,0.8,0.18,William Contreras,10.73,661388,MIL,52.94,18.75,Sweeper,ST,36.84,0.08,2611.5,82.22,84.06,88.89
R,0.44,31,16.13,0.07,0.46,William Contreras,9.78,661388,MIL,48.39,25,Cutter,FC,25,0.18,2443.13,86.69,89.61,80
R,0.09,20,40,0.01,-0.76,William Contreras,6.31,661388,MIL,50,40,Curveball,CU,25,0,2846.6,63.17,79.25,40
R,0,19,21.05,0.7,0.38,William Contreras,5.99,661388,MIL,52.63,22.22,Changeup,CH,33.33,0,1557.89,76.5,86.47,100
R,0.02,8,25,-0.82,1.21,William Contreras,2.52,661388,MIL,75,100,Eephus,EP,0,0,1576.25,77.1,65.9,66.67
R,0.07,6,0,-1.02,-0.37,William Contreras,1.89,661388,MIL,66.67,0,Slurve,SV,0,0,2633.67,81.8,86.07,100
R,1.48,4,0,-0.1,-0.31,William Contreras,1.26,661388,MIL,50,0,Knuckle Curve,KC,0,1,2243,112.8,83.3,100
R,0,2,0,0.41,-0.55,William Contreras,0.63,661388,MIL,0,0,Slow Curve,CS,0,0,2278,0,74.5,0
R,0,1,100,-1.33,0.45,William Contreras,0.32,661388,MIL,100,0,Split-Finger,FS,0,0,1767,0,84.3,0
L,0,6,66.67,-1.21,1.06,,30,669699,MIL,33.33,100,Changeup,CH,50,0,1750.33,76.5,90.73,0
L,0.37,5,20,0.18,-0.47,,25,669699,MIL,40,33.33,Sweeper,ST,0,0,2991.8,88.15,88.58,50
L,0.18,3,0,0.53,-0.98,,15,669699,MIL,100,0,Curveball,CU,0,0.33,2672,51.1,80.53,100
L,0,3,66.67,-0.08,0.36,,15,669699,MIL,66.67,0,Slider,SL,100,0,2710,0,88.63,50
L,0,2,100,-1.42,1.14,,10,669699,MIL,0,100,Sinker,SI,100,0,2679,0,98.7,0
L,0.8,1,0,0.18,0.64,,5,669699,MIL,100,0,Cutter,FC,0,1,2719,110.5,92.4,100
L,0,1,0,-0.98,1.01,,50,686217,MIL,0,0,4-Seam Fastball,FF,0,0,2145,0,98.2,0
L,0.03,1,0,-1.27,0.76,,50,686217,MIL,100,0,Sinker,SI,0,0,2232,73.1,98.7,100
R,0.33,41,19.51,-0.21,1.29,Alan Roden,26.45,702176,MIN,56.1,33.33,4-Seam Fastball,FF,9.52,0.2,2379.9,83.3,93.2,65.22
R,0.26,29,20.69,0.26,0.49,Alan Roden,18.71,702176,MIN,55.17,0,Cutter,FC,16.67,0,2514.59,86.2,87.77,75
R,0.1,26,46.15,0.66,0.09,Alan Roden,16.77,702176,MIN,80.77,0,Sweeper,ST,0,0,2641.62,65.76,81.66,33.33
R,0.33,22,0,-1,0.36,Alan Roden,14.19,702176,MIN,63.64,50,Sinker,SI,0,0,2218.91,87.57,93.35,100
R,0.54,20,30,0.8,-0.93,Alan Roden,12.9,702176,MIN,55,0,Curveball,CU,0,1,2621.95,98.55,79.46,36.36
R,0.11,11,36.36,-0.64,-0.04,Alan Roden,7.1,702176,MIN,27.27,50,Changeup,CH,40,0,1433.27,89.6,86.01,33.33
R,0,6,33.33,0.13,0.26,Alan Roden,3.87,702176,MIN,33.33,0,Slider,SL,100,0,2203.33,0,84.43,100
R,0.24,24,41.67,-0.15,1.24,Alex Jackson,38.71,656577,MIN,41.67,42.86,4-Seam Fastball,FF,40,0,2478.08,81.1,95.01,40
R,0,10,40,0.73,0.65,Alex Jackson,16.13,656577,MIN,40,66.67,Slider,SL,50,0,2862.4,60.7,86.82,100
R,0.36,8,25,0.82,-0.88,Alex Jackson,12.9,656577,MIN,25,33.33,Curveball,CU,0,1,2724,82.9,78.05,100
R,0.38,6,66.67,0.55,0.74,Alex Jackson,9.68,656577,MIN,33.33,100,Changeup,CH,66.67,0.5,1461,68.3,78.67,100
R,0.96,6,0,-1.14,0.75,Alex Jackson,9.68,656577,MIN,66.67,0,Sinker,SI,0,1,2283,82,91.8,100
R,0,4,0,0.01,0.82,Alex Jackson,6.45,656577,MIN,0,50,Cutter,FC,0,0,2344,59.6,90.4,0
R,0,4,0,0.95,0.15,Alex Jackson,6.45,656577,MIN,100,0,Sweeper,ST,0,0,2783.5,68.9,83.95,100
R,0.3,73,9.59,0.28,1.21,Austin Martin,42.44,668885,MIN,41.1,13.95,4-Seam Fastball,FF,6.25,0.17,2334.01,83.75,93.76,86.67
R,0.25,29,24.14,-0.01,0.49,Austin Martin,16.86,668885,MIN,24.14,27.27,Slider,SL,40,0,2593.83,77.63,81.88,57.14
R,0.26,21,33.33,-0.52,0.67,Austin Martin,12.21,668885,MIN,71.43,0,Sinker,SI,0,0.33,2187.38,92.68,93.49,66.67
R,0.39,13,0,0.22,0.57,Austin Martin,7.56,668885,MIN,38.46,0,Cutter,FC,0,1,2365.23,83.1,88.05,100
R,0,12,16.67,1.17,0.15,Austin Martin,6.98,668885,MIN,33.33,25,Changeup,CH,0,0,1691.67,0,82.04,50
R,0.26,12,33.33,1.14,0.31,Austin Martin,6.98,668885,MIN,50,33.33,Split-Finger,FS,50,0,1172.67,51.9,81.75,33.33
R,0,6,66.67,-0.24,-0.89,Austin Martin,3.49,668885,MIN,83.33,0,Curveball,CU,0,0,2379.5,41.3,80.05,20
R,0,4,100,0.02,0,Austin Martin,2.33,668885,MIN,50,100,Sweeper,ST,100,0,2479.25,0,84.35,0
R,0,2,0,-0.52,-0.66,Austin Martin,1.16,668885,MIN,50,0,Knuckle Curve,KC,0,0,2207,0,83.15,0
R,0.22,78,12.82,0.3,1.23,Brooks Lee,29.32,686797,MIN,43.59,43.18,4-Seam Fastball,FF,8.16,0.17,2370.29,78.98,93.45,88.24
R,0.2,52,15.38,-0.15,0.13,Brooks Lee,19.55,686797,MIN,44.23,37.93,Changeup,CH,10.34,0.29,1662.94,84.08,84.88,78.26
R,0.16,41,39.02,0.38,-0.96,Brooks Lee,15.41,686797,MIN,53.66,36.84,Curveball,CU,40.91,0.18,2574.1,75.82,78.74,68.18
R,0.35,37,21.62,-1.02,0.53,Brooks Lee,13.91,686797,MIN,62.16,14.29,Sinker,SI,10.53,0.31,2202,90.12,93.55,73.91
R,0.16,26,38.46,-0.15,0.35,Brooks Lee,9.77,686797,MIN,57.69,9.09,Slider,SL,38.46,0,2560.31,72.38,83.39,80
R,0.18,15,40,1.11,-0.15,Brooks Lee,5.64,686797,MIN,60,50,Sweeper,ST,33.33,0.33,2604.87,86.23,84.81,66.67
R,0,7,0,0.83,0.22,Brooks Lee,2.63,686797,MIN,0,57.14,Split-Finger,FS,0,0,1096.71,67.55,82.56,0
R,0,6,0,0.18,0.67,Brooks Lee,2.26,686797,MIN,100,0,Cutter,FC,0,0,2200.67,80.83,87.97,100
R,0,4,0,-0.41,-0.68,Brooks Lee,1.5,686797,MIN,0,100,Knuckle Curve,KC,0,0,2235,109.3,85.35,0
R,0.26,91,34.07,-0.17,1.22,Josh Bell,28.35,605137,MIN,59.34,59.46,4-Seam Fastball,FF,14.81,0.23,2351.02,84.39,95.05,59.26
R,0.06,52,23.08,-0.35,0.28,Josh Bell,16.2,605137,MIN,30.77,30.56,Changeup,CH,30.43,0.17,1805.77,79.76,85,75
R,0.27,45,24.44,-0.69,0.52,Josh Bell,14.02,605137,MIN,62.22,29.41,Sinker,SI,4.35,0.12,2152.44,87.63,92.38,64.29
R,0.48,39,12.82,0.64,-0.9,Josh Bell,12.15,605137,MIN,33.33,26.92,Curveball,CU,11.76,0.5,2798.56,83.48,79.32,76.92
R,0.19,37,16.22,1.23,-0.19,Josh Bell,11.53,605137,MIN,43.24,19.05,Sweeper,ST,22.22,0.5,2676.78,73.04,83.81,87.5
R,0.06,22,18.18,0.06,0.62,Josh Bell,6.85,605137,MIN,45.45,33.33,Cutter,FC,16.67,0,2427.73,78.96,89.22,80
R,0,19,10.53,-0.17,0.03,Josh Bell,5.92,605137,MIN,42.11,0,Slider,SL,0,0,2496.68,90.25,82.28,50
R,0.16,16,6.25,0.43,0.11,Josh Bell,4.98,605137,MIN,18.75,15.38,Split-Finger,FS,20,0,1077.69,85.15,83.05,100
R,0.29,136,28.68,-0.18,1.22,Kody Clemens,45.33,665019,MIN,50.74,29.85,4-Seam Fastball,FF,19.35,0.22,2373.37,86.32,94.48,60.87
R,0.23,45,17.78,-0.18,0.64,Kody Clemens,15,665019,MIN,51.11,9.09,Sinker,SI,10.53,0.38,2194.29,88.78,92.99,73.91
R,0.53,36,27.78,-0.02,0.1,Kody Clemens,12,665019,MIN,50,22.22,Slider,SL,38.46,0.67,2473.36,88.22,85.99,50
R,0.21,25,40,0.18,0,Kody Clemens,8.33,665019,MIN,52,50,Sweeper,ST,23.08,0.17,2609.32,77.3,83.01,53.85
R,0.24,23,21.74,-0.85,0.05,Kody Clemens,7.67,665019,MIN,52.17,54.55,Changeup,CH,27.78,0.29,1764.96,82.22,86.27,100
R,0.18,16,50,-0.05,0.72,Kody Clemens,5.33,665019,MIN,50,100,Cutter,FC,42.86,0,2373.5,90.5,91.71,75
R,0,10,20,-0.41,-0.84,Kody Clemens,3.33,665019,MIN,20,0,Curveball,CU,0,0,2480.7,0,79.64,0
R,0.11,7,28.57,-0.2,-0.14,Kody Clemens,2.33,665019,MIN,57.14,66.67,Split-Finger,FS,33.33,0,720.71,101.8,86.69,100
R,0,2,0,1.05,-0.05,Kody Clemens,0.67,665019,MIN,0,0,Slow Curve,CS,0,0,2470,0,67.5,0
R,0.22,95,29.47,-0.03,1.28,Luke Keaschall,32.65,807712,MIN,50.53,23.4,4-Seam Fastball,FF,21.05,0.11,2341.57,81.22,94.58,56.25
R,0.39,42,19.05,-1.03,0.57,Luke Keaschall,14.43,807712,MIN,61.9,31.25,Sinker,SI,8,0.38,2244.14,84.66,92.69,76.92
R,0.33,38,15.79,-0.01,0.24,Luke Keaschall,13.06,807712,MIN,34.21,8,Slider,SL,18.18,0.33,2559.97,91.56,84.84,69.23
R,0.37,34,35.29,0.72,-0.04,Luke Keaschall,11.68,807712,MIN,41.18,15,Sweeper,ST,30,0,2602.71,74.81,82.89,50
R,0.25,30,20,0.08,0.69,Luke Keaschall,10.31,807712,MIN,66.67,60,Cutter,FC,10,0,2325.53,80.91,88.78,70
R,0.36,21,14.29,0.81,0.18,Luke Keaschall,7.22,807712,MIN,23.81,6.25,Changeup,CH,50,0,1667.43,94.1,83.26,100
R,0.57,15,26.67,-0.29,-0.94,Luke Keaschall,5.15,807712,MIN,40,11.11,Curveball,CU,25,0.33,2490.47,91.2,77.01,50
R,0.22,9,22.22,0.73,0.5,Luke Keaschall,3.09,807712,MIN,66.67,33.33,Split-Finger,FS,28.57,0.5,1238.11,67.74,80.77,100
R,0,7,28.57,-0.3,-0.29,Luke Keaschall,2.41,807712,MIN,28.57,0,Knuckle Curve,KC,0,0,2226,0,83.24,0
R,0.27,107,29.91,-0.11,1.21,Royce Lewis,34.19,668904,MIN,49.53,25.93,4-Seam Fastball,FF,15.56,0.08,2339.64,85.64,94.76,58.49
R,0.65,46,21.74,-1,0.49,Royce Lewis,14.7,668904,MIN,50,17.39,Sinker,SI,25,0.57,2220.09,86.2,93.94,69.57
R,0.36,46,21.74,0.87,-0.08,Royce Lewis,14.7,668904,MIN,34.78,20,Sweeper,ST,45.45,0.18,2666.22,97.59,82.83,100
R,0.23,36,16.67,0.35,0.21,Royce Lewis,11.5,668904,MIN,25,29.63,Slider,SL,35.29,0.22,2521.75,87.04,85.94,100
R,0.36,30,33.33,0.11,0.58,Royce Lewis,9.58,668904,MIN,33.33,40,Cutter,FC,44.44,0.2,2378.33,90.38,89.29,100
R,0.29,19,0,0.51,0.19,Royce Lewis,6.07,668904,MIN,26.32,28.57,Changeup,CH,0,0,1810.58,76.28,84.52,100
R,0.45,15,20,0.47,-1.01,Royce Lewis,4.79,668904,MIN,46.67,25,Curveball,CU,11.11,0.67,2618.73,79.49,78.98,100
R,0,10,40,0.96,0.32,Royce Lewis,3.19,668904,MIN,40,33.33,Split-Finger,FS,50,0,1108.4,0,81.7,50
R,0,4,0,0,0,Royce Lewis,1.28,668904,MIN,0,0,Unknown,UNK,0,0,0,0,0,0
R,0.28,81,30.86,-0.05,1.18,Ryan Jeffers,35.84,680777,MIN,54.32,18.92,4-Seam Fastball,FF,6.67,0.28,2323.53,80.52,95.18,52.27
R,0.31,48,29.17,0.35,0.34,Ryan Jeffers,21.24,680777,MIN,29.17,26.47,Slider,SL,47.06,0,2577.88,67.69,85.54,57.14
R,0.09,26,42.31,0.41,-0.1,Ryan Jeffers,11.5,680777,MIN,42.31,53.33,Sweeper,ST,50,0.33,2506.15,79.66,82.62,72.73
R,0.31,21,19.05,0.02,0.68,Ryan Jeffers,9.29,680777,MIN,42.86,16.67,Cutter,FC,0,0.29,2258.29,81.62,90.11,100
R,0.92,18,33.33,0.16,-0.86,Ryan Jeffers,7.96,680777,MIN,50,22.22,Curveball,CU,0,0.4,2661.61,92.4,77.79,44.44
R,0.16,13,38.46,-0.32,0.61,Ryan Jeffers,5.75,680777,MIN,76.92,66.67,Sinker,SI,0,0.67,2341.54,77.57,92.64,30
R,0.48,11,0,0.33,0.33,Ryan Jeffers,4.87,680777,MIN,18.18,33.33,Changeup,CH,0,0.6,1552.27,86.68,82.93,100
R,0.03,8,50,0.95,0.3,Ryan Jeffers,3.54,680777,MIN,50,0,Split-Finger,FS,50,0,1126.25,78.1,81.47,100
R,0.34,77,22.08,0.23,1.25,Ryan Kreidler,31.05,668952,MIN,53.25,38.89,4-Seam Fastball,FF,10,0.25,2348.64,90.08,93.96,63.41
R,0.43,34,29.41,0.13,0.21,Ryan Kreidler,13.71,668952,MIN,50,35.29,Slider,SL,38.1,0.44,2496.91,77.58,84.91,88.24
R,0.34,32,28.12,0.93,0.03,Ryan Kreidler,12.9,668952,MIN,53.12,46.67,Sweeper,ST,31.82,0.22,2590.03,76.55,83.71,88.24
R,0.61,31,19.35,0.37,0.34,Ryan Kreidler,12.5,668952,MIN,29.03,36.36,Cutter,FC,26.67,0.67,2534,79.39,87.49,77.78
R,0.22,29,58.62,-1.2,0.51,Ryan Kreidler,11.69,668952,MIN,75.86,57.14,Sinker,SI,37.5,0,2153.66,88,93.56,54.55
R,0.19,22,18.18,0.93,0.3,Ryan Kreidler,8.87,668952,MIN,54.55,40,Changeup,CH,25,0,1737.64,73.17,83.93,100
R,0.26,16,37.5,0.43,-1.02,Ryan Kreidler,6.45,668952,MIN,62.5,66.67,Curveball,CU,38.46,0.33,2706.06,78.03,76.99,90
R,0.35,5,40,-0.37,-0.31,Ryan Kreidler,2.02,668952,MIN,80,0,Knuckle Curve,KC,0,0,2242.8,95.5,81.88,50
R,0,2,100,1.15,-0.63,Ryan Kreidler,0.81,668952,MIN,100,0,Slow Curve,CS,0,0,2639,0,68.5,0
R,0.26,47,17.02,-0.15,1.18,Trevor Larnach,20.98,663616,MIN,65.96,31.25,4-Seam Fastball,FF,6.9,0.4,2359.74,80.7,93.28,77.42
R,0.42,47,23.4,-1.24,0.54,Trevor Larnach,20.98,663616,MIN,59.57,15.79,Sinker,SI,0,0.4,2188.79,87.52,92.5,64.29
R,0.22,35,20,-1.05,0.42,Trevor Larnach,15.62,663616,MIN,28.57,16,Changeup,CH,41.67,0.12,1802.51,88.96,83.35,80
R,0.48,30,26.67,0.34,0.41,Trevor Larnach,13.39,663616,MIN,40,33.33,Cutter,FC,16.67,0.5,2539.53,81.4,88.05,50
R,0.02,28,53.57,-0.08,-0.03,Trevor Larnach,12.5,663616,MIN,53.57,53.85,Slider,SL,46.15,0,2462.82,80.62,84.35,40
R,0.58,24,8.33,0.81,-0.91,Trevor Larnach,10.71,663616,MIN,29.17,11.76,Curveball,CU,0,0.25,2814.42,75.39,79.19,71.43
R,0,10,60,1.08,0.17,Trevor Larnach,4.46,663616,MIN,60,0,Sweeper,ST,0,0,2670.5,0,82.74,0
R,0,3,0,-0.35,-0.56,Trevor Larnach,1.34,663616,MIN,33.33,50,Knuckle Curve,KC,0,0,2166.67,86.65,82.77,100
R,0,4,50,-0.66,1.08,Tristan Gray,57.14,656484,MIN,50,0,4-Seam Fastball,FF,0,0,2077.5,0,92.55,0
R,0.04,3,66.67,-0.93,-0.07,Tristan Gray,42.86,656484,MIN,66.67,100,Changeup,CH,66.67,0,1222.67,84.7,86.77,100
R,0.23,70,25.71,0.17,1.23,Victor Caratini,30.17,605170,MIN,52.86,15.15,4-Seam Fastball,FF,0,0.31,2357.47,81.96,93.74,56.76
R,0.25,32,43.75,0.17,0.59,Victor Caratini,13.79,605170,MIN,75,25,Cutter,FC,11.11,0.25,2377.69,82.63,88.94,66.67
R,0.3,32,31.25,-1.1,0.48,Victor Caratini,13.79,605170,MIN,87.5,0,Sinker,SI,0,0.14,2162.06,92.02,93.14,57.14
R,0.04,27,25.93,0.49,-1.02,Victor Caratini,11.64,605170,MIN,40.74,25,Curveball,CU,20,0,2692.26,82.92,77.87,54.55
R,0.26,20,50,0.73,-0.15,Victor Caratini,8.62,605170,MIN,70,33.33,Sweeper,ST,25,0.5,2728.3,91.97,82.5,42.86
R,0.17,19,21.05,-0.34,-0.01,Victor Caratini,8.19,605170,MIN,26.32,35.71,Changeup,CH,25,0,1682.42,76.87,85.05,60
R,0.15,16,62.5,-0.16,0.04,Victor Caratini,6.9,605170,MIN,62.5,100,Slider,SL,57.14,0,2510.25,79.93,83.46,80
R,0.42,14,42.86,0.96,0.31,Victor Caratini,6.03,605170,MIN,71.43,0,Split-Finger,FS,33.33,1,1135,77.85,81.26,60
R,0,2,0,1.14,-0.27,Victor Caratini,0.86,605170,MIN,0,0,Slow Curve,CS,0,0,2872,0,73.5,0
R,0.34,47,29.79,0.13,1.15,,27.49,621439,MIN,51.06,73.91,4-Seam Fastball,FF,30.77,0.1,2318.62,85.75,94.7,91.67
R,0.39,46,34.78,0.28,0.38,,26.9,621439,MIN,52.17,27.27,Slider,SL,41.67,0,2585.87,89.71,86.37,75
R,0.28,24,37.5,-0.6,0.64,,14.04,621439,MIN,75,0,Sinker,SI,0,0.57,2190.38,83.63,94.12,50
R,0.13,15,33.33,1.28,-0.18,,8.77,621439,MIN,20,58.33,Sweeper,ST,50,0.33,2476.13,80.62,85.55,100
R,0.37,12,0,1.27,0.2,,7.02,621439,MIN,33.33,0,Changeup,CH,0,0,1857.17,74.9,84.27,50
R,0,12,16.67,0.14,0.63,,7.02,621439,MIN,66.67,0,Cutter,FC,25,0,2215.67,73.1,86.75,100
R,0.38,8,0,-0.24,-0.79,,4.68,621439,MIN,25,33.33,Curveball,CU,0,0,2595.25,69.9,79.4,100
R,0,4,0,0,0,,2.34,621439,MIN,0,0,Unknown,UNK,0,0,0,0,0,0
R,0,3,0,-0.35,-0.52,,1.75,621439,MIN,33.33,50,Split-Finger,FS,0,0,577.67,0,85.9,100
R,0.33,109,25.69,-0.47,1.38,A.J. Ewing,29.7,805999,NYM,44.95,26.67,4-Seam Fastball,FF,23.53,0.21,2326.41,84.67,95.58,71.43
R,0.29,61,22.95,0.01,0.69,A.J. Ewing,16.62,805999,NYM,49.18,22.58,Sinker,SI,6.9,0.64,2146.39,83.41,94.13,73.33
R,0.04,44,36.36,-0.95,0.38,A.J. Ewing,11.99,805999,NYM,54.55,30,Changeup,CH,46.15,0.33,1766.95,73.02,84.52,83.33
R,0.24,41,19.51,0.12,0.68,A.J. Ewing,11.17,805999,NYM,48.78,38.1,Cutter,FC,16.67,0.29,2314.63,82.19,89.63,80
R,0,34,35.29,0.1,0.05,A.J. Ewing,9.26,805999,NYM,23.53,23.08,Slider,SL,40,0,2354.71,56.5,85.49,50
R,0.17,26,23.08,-0.89,0.18,A.J. Ewing,7.08,805999,NYM,30.77,33.33,Split-Finger,FS,33.33,0,1274.92,86.98,89.75,75
R,0.14,24,33.33,0.76,-1.07,A.J. Ewing,6.54,805999,NYM,50,16.67,Curveball,CU,0,0,2517.92,82.63,78.79,50
R,0.01,22,40.91,-0.67,-0.25,A.J. Ewing,5.99,805999,NYM,18.18,27.78,Sweeper,ST,75,0,2682.32,68.7,82.7,75
R,0,6,0,0.67,-0.63,A.J. Ewing,1.63,805999,NYM,33.33,0,Knuckle Curve,KC,0,0,2719.67,87.3,84.03,100
R,0.2,101,29.7,-0.28,1.37,Bo Bichette,28.21,666182,NYM,59.41,53.66,4-Seam Fastball,FF,13.33,0.22,2365.9,76,96.14,63.33
R,0.36,64,31.25,-0.36,0.71,Bo Bichette,17.88,666182,NYM,53.12,40,Sinker,SI,0,0.17,2156.36,83.81,94.12,35.29
R,0.16,58,31.03,-0.15,0.14,Bo Bichette,16.2,666182,NYM,44.83,25,Slider,SL,18.18,0.25,2458.66,78.58,85.62,53.85
R,0.31,36,16.67,-0.13,0.69,Bo Bichette,10.06,666182,NYM,33.33,58.33,Changeup,CH,23.08,0.38,1979,72.95,83.09,100
R,0.14,26,38.46,1.08,0.09,Bo Bichette,7.26,666182,NYM,34.62,35.29,Sweeper,ST,54.55,0.29,2598.92,78.82,84.51,55.56
R,0.25,25,32,0.1,0.67,Bo Bichette,6.98,666182,NYM,64,22.22,Cutter,FC,0,0.5,2374.96,84.52,87.78,62.5
R,0.46,22,9.09,-1.08,0.19,Bo Bichette,6.15,666182,NYM,45.45,16.67,Split-Finger,FS,16.67,0.25,1343.91,74.6,90.64,100
R,0.37,10,20,0.48,-1.2,Bo Bichette,2.79,666182,NYM,20,25,Curveball,CU,0,0,2442.2,75.5,76.1,0
R,0.87,8,25,-0.59,1.54,Bo Bichette,2.23,666182,NYM,50,50,Other,FA,0,1,1618.5,98.65,64.15,50
R,0,4,100,-0.05,-0.09,Bo Bichette,1.12,666182,NYM,50,100,Forkball,FO,100,0,614.5,0,88.45,0
R,0,4,0,0.29,-0.45,Bo Bichette,1.12,666182,NYM,0,50,Knuckle Curve,KC,0,0,2662.5,82.5,89.25,0
R,0.01,56,25,-0.68,1.37,Brett Baty,35,683146,NYM,50,50,4-Seam Fastball,FF,23.53,0,2358.54,85.67,96.06,71.43
R,0.35,18,44.44,0.9,-1.18,Brett Baty,11.25,683146,NYM,44.44,20,Curveball,CU,50,0,2667.56,0,78.84,25
R,0,18,22.22,0.17,0.6,Brett Baty,11.25,683146,NYM,55.56,50,Cutter,FC,16.67,0,2381.11,83.6,92.61,80
R,0.17,16,25,0.93,0.66,Brett Baty,10,683146,NYM,50,0,Sinker,SI,0,0,2049,64.25,92.75,50
R,0.28,16,37.5,-1.08,0.37,Brett Baty,10,683146,NYM,50,50,Split-Finger,FS,40,0.5,1390.38,92,87.29,75
R,0.8,14,42.86,-1.24,0.67,Brett Baty,8.75,683146,NYM,71.43,100,Changeup,CH,42.86,0.67,2059.57,88.82,81.49,100
R,0.48,14,28.57,0.1,0.17,Brett Baty,8.75,683146,NYM,57.14,33.33,Slider,SL,25,0,2506.43,94.4,85.64,75
R,0.14,6,66.67,1.27,0.04,Brett Baty,3.75,683146,NYM,66.67,100,Sweeper,ST,50,0,2522,99.9,84.2,50
R,0,2,100,1.2,-0.56,Brett Baty,1.25,683146,NYM,100,0,Knuckle Curve,KC,0,0,2824,0,82.3,0
R,0.33,82,25.61,-0.56,1.39,Carson Benge,30.04,701807,NYM,52.44,15.38,4-Seam Fastball,FF,21.21,0,2339.57,80.63,95.82,62.79
R,0.39,50,40,-0.01,0.73,Carson Benge,18.32,701807,NYM,74,46.15,Sinker,SI,20.69,0.55,2131.59,85.21,95.08,62.16
R,0.11,34,47.06,-0.8,0.22,Carson Benge,12.45,701807,NYM,41.18,60,Split-Finger,FS,58.33,0.29,1202.53,85.1,89.14,85.71
R,0.34,30,20,-0.2,0.04,Carson Benge,10.99,701807,NYM,46.67,12.5,Slider,SL,0,0.33,2402.4,94.12,86.53,57.14
R,0.19,25,28,-1.23,0.51,Carson Benge,9.16,701807,NYM,44,28.57,Changeup,CH,46.67,0.22,1911,72.45,84.13,100
R,0.24,18,55.56,0.56,-1.17,Carson Benge,6.59,701807,NYM,44.44,20,Curveball,CU,100,0,2711.56,0,82.17,0
R,0.1,18,0,0.12,0.87,Carson Benge,6.59,701807,NYM,38.89,18.18,Cutter,FC,0,0.5,2255.62,76.57,90.17,100
R,0.18,14,28.57,0.51,-0.13,Carson Benge,5.13,701807,NYM,21.43,18.18,Sweeper,ST,66.67,0,2603.36,58.4,86.5,33.33
R,0,2,0,0.56,-1.24,Carson Benge,0.73,701807,NYM,0,0,Knuckle Curve,KC,0,0,2528,0,81.8,0
R,0,12,50,1.16,0.92,Eric Wagaman,32.43,676572,NYM,50,50,4-Seam Fastball,FF,80,0,2334.17,81.9,94.83,33.33
R,0.51,8,25,-0.44,0,Eric Wagaman,21.62,676572,NYM,75,0,Slider,SL,33.33,0.5,2369,62.6,81.45,100
R,0.6,7,28.57,1.1,0.62,Eric Wagaman,18.92,676572,NYM,71.43,0,Changeup,CH,40,0,1677.14,94.6,86.71,100
R,0.07,6,33.33,1.31,0.69,Eric Wagaman,16.22,676572,NYM,66.67,100,Sinker,SI,0,0,2069.33,81.23,96.1,25
R,0,2,50,-0.82,-0.03,Eric Wagaman,5.41,676572,NYM,50,0,Sweeper,ST,0,0,2444,0,84.85,0
R,0,1,0,0,-0.25,Eric Wagaman,2.7,676572,NYM,0,0,Curveball,CU,0,0,2285,0,83.8,0
R,0,1,0,-0.17,0.45,Eric Wagaman,2.7,676572,NYM,0,0,Cutter,FC,0,0,2129,0,91.2,0
R,0.27,53,47.17,-0.09,1.29,Francisco Alvarez,22.94,682626,NYM,49.06,44.44,4-Seam Fastball,FF,34.62,0.15,2365.75,89.62,95.39,53.85
R,0.4,47,36.17,0.43,0.75,Francisco Alvarez,20.35,682626,NYM,42.55,33.33,Sinker,SI,33.33,0.4,2195.81,86.8,93.16,45
R,0.41,34,26.47,0.75,0.18,Francisco Alvarez,14.72,682626,NYM,29.41,20.83,Changeup,CH,53.85,0,1840.62,77.33,84.26,80
R,0.7,28,25,0.94,0.2,Francisco Alvarez,12.12,682626,NYM,32.14,15.79,Sweeper,ST,28.57,0.33,2715.04,102.34,83.37,44.44
R,0,22,27.27,0.12,0.05,Francisco Alvarez,9.52,682626,NYM,27.27,37.5,Slider,SL,40,0,2595.73,71.23,86.24,66.67
R,0,19,26.32,0.12,0.95,Francisco Alvarez,8.23,682626,NYM,57.89,25,Cutter,FC,0,0,2359.68,64.4,87.02,54.55
R,0.03,8,50,-0.64,0.28,Francisco Alvarez,3.46,682626,NYM,50,50,Split-Finger,FS,50,0,1096,80.2,86.88,50
R,0,8,0,0,0,Francisco Alvarez,3.46,682626,NYM,0,0,Unknown,UNK,0,0,0,0,0,0
R,0.82,4,0,1.14,-1.51,Francisco Alvarez,1.73,682626,NYM,50,0,Curveball,CU,0,1,2922.5,101.5,76.85,100
R,0,4,50,-0.39,-0.14,Francisco Alvarez,1.73,682626,NYM,0,100,Forkball,FO,50,0,712.5,61.4,88.05,0
R,0.6,4,0,0.16,-0.26,Francisco Alvarez,1.73,682626,NYM,50,0,Knuckle Curve,KC,0,1,2754.5,103.9,89.2,100
R,0.43,162,30.25,-0.25,1.33,Francisco Lindor,34.69,596019,NYM,52.47,19.48,4-Seam Fastball,FF,18.57,0.19,2385.77,85.66,95.59,64.71
R,0.37,74,24.32,0.01,0.43,Francisco Lindor,15.85,596019,NYM,31.08,31.37,Changeup,CH,36.36,0.43,1818.78,76.12,83.86,73.91
R,0.28,71,30.99,0.15,0.71,Francisco Lindor,15.2,596019,NYM,64.79,16,Cutter,FC,16.22,0.33,2299.11,83.11,90.18,71.74
R,0.35,56,14.29,-0.23,0.1,Francisco Lindor,11.99,596019,NYM,32.14,21.05,Slider,SL,25,0,2438.61,81.83,85.6,88.89
R,0.8,39,17.95,0.31,0.7,Francisco Lindor,8.35,596019,NYM,48.72,10,Sinker,SI,0,0.57,2181.21,89.53,93.77,52.63
R,0.35,30,33.33,-1.11,0.37,Francisco Lindor,6.42,596019,NYM,53.33,28.57,Split-Finger,FS,37.5,0,1376.33,84.25,88.73,75
R,0.43,14,28.57,0.56,-1.22,Francisco Lindor,3,596019,NYM,42.86,0,Curveball,CU,0,0.5,2510.86,86.25,79.29,66.67
R,0.36,13,15.38,0,-0.05,Francisco Lindor,2.78,596019,NYM,38.46,25,Sweeper,ST,16.67,0,2510.46,97.83,84.47,80
R,0,4,0,0.67,-1.06,Francisco Lindor,0.86,596019,NYM,50,100,Knuckle Curve,KC,0,0,2705.5,74.1,81.8,100
R,0,2,0,-0.47,-0.37,Francisco Lindor,0.43,596019,NYM,0,0,Forkball,FO,0,0,675,0,88.4,0
R,0.4,2,0,0.52,-0.3,Francisco Lindor,0.43,596019,NYM,100,0,Slurve,SV,0,1,2470,99,87.8,100
R,0.4,52,30.77,-0.67,1.43,Jared Young,29.89,676724,NYM,61.54,30,4-Seam Fastball,FF,16.67,0.29,2329.38,88.84,95.47,56.25
R,0.08,34,35.29,0.63,0.6,Jared Young,19.54,676724,NYM,58.82,42.86,Sinker,SI,0,0.25,2147.41,79.78,90.49,30
R,0.54,32,25,0.16,0.55,Jared Young,18.39,676724,NYM,56.25,14.29,Cutter,FC,33.33,0.2,2285.88,77.82,89.18,88.89
R,0.5,28,28.57,-1.15,0.57,Jared Young,16.09,676724,NYM,50,14.29,Changeup,CH,42.86,0.67,1918.71,86.72,84.64,85.71
R,0.27,12,16.67,0.71,-0.8,Jared Young,6.9,676724,NYM,33.33,0,Curveball,CU,0,1,2423,72.5,82.87,50
R,0.2,8,25,-0.83,0.1,Jared Young,4.6,676724,NYM,50,0,Split-Finger,FS,0,0,972.75,93.5,87.45,50
R,0.14,4,0,1.38,-0.65,Jared Young,2.3,676724,NYM,50,0,Knuckle Curve,KC,0,0,2774.5,95,80.85,100
R,0,2,0,-0.62,-0.2,Jared Young,1.15,676724,NYM,0,0,Forkball,FO,0,0,892,0,89.9,0
R,0.01,2,0,0.22,0.33,Jared Young,1.15,676724,NYM,100,0,Slider,SL,0,0,2371,55.7,85.8,100
R,0.21,74,21.62,-0.73,1.43,Jorge Polanco,35.92,593871,NYM,40.54,31.82,4-Seam Fastball,FF,12.5,0,2358.22,78.72,95.96,60
R,0,26,7.69,-1.35,0.27,Jorge Polanco,12.62,593871,NYM,15.38,9.09,Changeup,CH,33.33,0,1868.62,0,84.05,100
R,0.36,24,50,0.23,0.59,Jorge Polanco,11.65,593871,NYM,91.67,100,Cutter,FC,0,0.33,2502.67,86.14,92.48,45.45
R,0,24,58.33,-0.87,0.13,Jorge Polanco,11.65,593871,NYM,41.67,28.57,Split-Finger,FS,80,0,1298.25,0,88.97,60
R,0.05,18,55.56,0.29,-1.14,Jorge Polanco,8.74,593871,NYM,44.44,40,Curveball,CU,50,0,2511.11,73.2,82.79,0
R,0.07,16,25,0.13,0.62,Jorge Polanco,7.77,593871,NYM,87.5,0,Sinker,SI,0,0,2221.25,87.92,95.42,71.43
R,0.27,14,28.57,0.59,0.16,Jorge Polanco,6.8,593871,NYM,57.14,66.67,Slider,SL,20,0,2367,89.17,87.5,75
R,0,10,20,0.06,-0.16,Jorge Polanco,4.85,593871,NYM,20,0,Sweeper,ST,0,0,2547,0,84.32,0
R,0.16,60,33.33,-0.28,1.29,Luis Robert Jr.,24.79,673357,NYM,50,60,4-Seam Fastball,FF,36.36,0.1,2360.93,76.2,97.18,86.67
R,0.43,52,15.38,-0.53,0.78,Luis Robert Jr.,21.49,673357,NYM,53.85,16.67,Sinker,SI,0,0.2,2194.42,80.79,94.57,64.29
R,0.09,36,22.22,0.65,0.24,Luis Robert Jr.,14.88,673357,NYM,27.78,46.15,Changeup,CH,30,0,1652.22,72.49,85.34,80
R,0,26,15.38,-0.3,-0.22,Luis Robert Jr.,10.74,673357,NYM,23.08,20,Slider,SL,25,0,2532.38,76.3,85.13,66.67
R,1.01,20,20,0.19,0.66,Luis Robert Jr.,8.26,673357,NYM,50,60,Cutter,FC,25,0.5,2393.5,78.08,90.3,100
R,0,16,37.5,-0.58,0,Luis Robert Jr.,6.61,673357,NYM,12.5,57.14,Split-Finger,FS,60,0,1014.75,92.6,90.59,100
R,0,12,33.33,-0.67,1.3,Luis Robert Jr.,4.96,673357,NYM,66.67,0,Other,FA,0,0,1545.33,43.7,60.2,25
R,0,10,0,-0.23,-1.25,Luis Robert Jr.,4.13,673357,NYM,60,0,Curveball,CU,0,0,2581.4,59.7,81.58,100
R,0,8,50,0.58,0.48,Luis Robert Jr.,3.31,673357,NYM,50,50,Sweeper,ST,50,0,2637.5,105.2,82.15,50
R,0.09,2,0,-0.08,-0.01,Luis Robert Jr.,0.83,673357,NYM,100,0,Forkball,FO,0,0,949,78.1,87.1,100
R,0.4,42,23.81,0.08,1.26,Luis Torrens,30.43,620443,NYM,57.14,33.33,4-Seam Fastball,FF,16.67,0.33,2416.71,86.38,94.18,75
R,0.28,34,23.53,-0.15,0.55,Luis Torrens,24.64,620443,NYM,70.59,20,Sinker,SI,0,0.33,2099.65,86.43,92.55,66.67
R,0.19,18,44.44,0.06,0.25,Luis Torrens,13.04,620443,NYM,66.67,33.33,Slider,SL,33.33,0,2325,73.92,84.39,83.33
R,0.6,10,20,0.28,0.32,Luis Torrens,7.25,620443,NYM,80,0,Cutter,FC,33.33,1,2224.8,87.95,87.66,75
R,0.42,8,0,0.39,0.59,Luis Torrens,5.8,620443,NYM,50,0,Changeup,CH,0,0.5,1828.5,97.2,82.9,100
R,0,8,25,0.31,-0.49,Luis Torrens,5.8,620443,NYM,25,0,Knuckle Curve,KC,0,0,2706.75,0,87.45,0
R,0,8,50,1.38,-0.04,Luis Torrens,5.8,620443,NYM,25,33.33,Sweeper,ST,50,0,2622.25,67.8,85.42,100
R,0.6,6,0,-1.39,0.32,Luis Torrens,4.35,620443,NYM,66.67,0,Split-Finger,FS,0,0,1594.67,96.15,96.23,100
R,0.43,4,50,0.23,-0.82,Luis Torrens,2.9,620443,NYM,50,100,Curveball,CU,50,0,2578.5,99.3,77.25,100
R,0.3,74,27.03,-0.27,1.35,Marcus Semien,27.21,543760,NYM,55.41,18.18,4-Seam Fastball,FF,27.03,0.4,2343.36,82.38,95.95,75.61
R,0.27,42,26.19,0.37,0.86,Marcus Semien,15.44,543760,NYM,50,38.1,Sinker,SI,10,0.24,2166.57,89.74,94.35,57.14
R,0,36,61.11,-0.02,0.06,Marcus Semien,13.24,543760,NYM,22.22,71.43,Slider,SL,75,0,2521.22,68.93,84.96,50
R,0.52,32,31.25,0.08,0.51,Marcus Semien,11.76,543760,NYM,50,31.25,Cutter,FC,0,0.25,2316.88,89.7,87.97,37.5
R,0.55,30,26.67,-0.35,0.33,Marcus Semien,11.03,543760,NYM,26.67,36.36,Changeup,CH,33.33,0.5,1882.33,83.23,85.55,50
R,0.05,21,23.81,0.34,-0.03,Marcus Semien,7.72,543760,NYM,47.62,36.36,Sweeper,ST,20,0,2613,73.84,84.22,60
R,0.21,16,12.5,-0.69,0.28,Marcus Semien,5.88,543760,NYM,87.5,0,Split-Finger,FS,0,0,1053.12,78.8,88.49,85.71
R,0.29,15,46.67,-0.2,-0.81,Marcus Semien,5.51,543760,NYM,40,33.33,Curveball,CU,60,0,2553.67,77.9,80.03,33.33
R,0,4,0,-0.52,-0.4,Marcus Semien,1.47,543760,NYM,0,0,Forkball,FO,0,0,764.5,0,89.65,0
R,0,2,0,0.53,-1.36,Marcus Semien,0.74,543760,NYM,100,0,Knuckle Curve,KC,0,0,2475,85.6,81.9,100
R,0.39,99,26.26,-0.3,1.3,Tyrone Taylor,47.14,621438,NYM,36.36,9.52,4-Seam Fastball,FF,35.71,0.06,2310.59,88.79,95.91,61.11
R,0.91,36,33.33,-0.43,-0.06,Tyrone Taylor,17.14,621438,NYM,22.22,35.71,Slider,SL,42.86,1,2496.22,87.43,83.83,50
R,0.76,28,32.14,0.53,0.73,Tyrone Taylor,13.33,621438,NYM,71.43,0,Sinker,SI,0,0.67,2078.04,94.76,93.45,55
R,0.23,17,41.18,-0.1,0.43,Tyrone Taylor,8.1,621438,NYM,23.53,38.46,Cutter,FC,42.86,0.5,2427.65,84.45,88.94,50
R,0,8,75,-0.51,-0.94,Tyrone Taylor,3.81,621438,NYM,100,0,Curveball,CU,0,0,2541.25,75.4,80.47,25
R,0.35,7,28.57,1.18,0.12,Tyrone Taylor,3.33,621438,NYM,42.86,50,Changeup,CH,40,0.33,1731.57,99.03,88.6,100
R,0.74,7,14.29,-0.17,-0.11,Tyrone Taylor,3.33,621438,NYM,42.86,0,Sweeper,ST,0,1,2612.43,87.5,84.71,66.67
R,0,4,50,0.43,-0.62,Tyrone Taylor,1.9,621438,NYM,50,0,Knuckle Curve,KC,0,0,2544.5,0,85.9,0
R,0,4,0,-0.78,0.08,Tyrone Taylor,1.9,621438,NYM,50,0,Split-Finger,FS,0,0,1223.5,63.9,84.5,100
L,0.28,49,30.61,-0.67,1.38,,28.32,665742,NYM,44.9,11.11,4-Seam Fastball,FF,40,0,2352,93.4,98.18,77.27
L,0.16,32,34.38,-1.11,0.36,,18.5,665742,NYM,46.88,17.65,Changeup,CH,56.25,0,1937.38,78.7,82.95,86.67
L,0.02,29,17.24,-1.05,0.38,,16.76,665742,NYM,62.07,0,Sinker,SI,7.14,0,2070.31,88.79,95.46,77.78
L,0.56,22,31.82,0.18,0.46,,12.72,665742,NYM,40.91,30.77,Cutter,FC,25,0,2182.32,87.45,91.8,44.44
L,0.63,14,0,0.19,0.03,,8.09,665742,NYM,14.29,0,Slider,SL,0,1,2176.71,99.2,86.61,100
L,0,9,44.44,-0.38,-0.03,,5.2,665742,NYM,44.44,40,Sweeper,ST,33.33,0,2448.11,81,84.44,25
L,0,8,25,0.16,-1.36,,4.62,665742,NYM,50,50,Curveball,CU,0,0,2272.5,52.4,75.97,0
L,0,6,33.33,-0.96,0.13,,3.47,665742,NYM,100,0,Split-Finger,FS,0,0,1291.67,79.4,93.73,33.33
L,0.88,4,0,0.74,-0.3,,2.31,665742,NYM,50,0,Knuckle Curve,KC,0,1,2698,87,85.85,100
R,0.03,44,50,0.19,0.6,Ali Sánchez,34.38,645305,NYY,59.09,33.33,Sinker,SI,0,0,2173.5,78.62,96.9,15.38
R,0.27,42,33.33,0.16,1.26,Ali Sánchez,32.81,645305,NYY,42.86,41.67,4-Seam Fastball,FF,30,0.2,2305.67,71.52,95.57,55.56
R,0.33,12,0,0.09,-0.05,Ali Sánchez,9.38,645305,NYY,50,66.67,Slider,SL,0,0.33,2300,93.05,86.17,100
R,0.91,8,0,1.39,0.09,Ali Sánchez,6.25,645305,NYY,25,0,Changeup,CH,0,1,2068.75,83,87.78,100
R,0.32,8,0,0.13,0.75,Ali Sánchez,6.25,645305,NYY,25,66.67,Cutter,FC,0,0,2500.5,51.2,91.18,100
R,0.73,8,0,-0.16,0.18,Ali Sánchez,6.25,645305,NYY,0,50,Sweeper,ST,0,1,2617.25,68.3,84.08,0
R,0.13,2,0,-1.1,-0.9,Ali Sánchez,1.56,645305,NYY,100,0,Curveball,CU,0,0,2586,50.3,78.4,100
R,0,2,0,-1.03,-0.04,Ali Sánchez,1.56,645305,NYY,0,0,Slurve,SV,0,0,2733,0,84.9,0
R,0,2,0,-0.8,-0.07,Ali Sánchez,1.56,645305,NYY,0,0,Split-Finger,FS,0,0,1351,0,91.1,0
R,0.38,35,20,0.59,1.13,Amed Rosario,31.25,642708,NYY,65.71,16.67,4-Seam Fastball,FF,10,0.67,2195.4,78.12,94.89,78.26
R,0.21,26,46.15,-0.18,-0.18,Amed Rosario,23.21,642708,NYY,30.77,44.44,Slider,SL,50,0.25,2259,89.45,86.87,50
R,0.04,24,41.67,1.16,0.83,Amed Rosario,21.43,642708,NYY,66.67,0,Sinker,SI,50,0,2202.92,83.7,97.08,75
R,0.43,15,26.67,1.3,0.2,Amed Rosario,13.39,642708,NYY,46.67,50,Changeup,CH,22.22,0,1939.53,83.14,86.85,71.43
R,0,10,20,-0.88,-0.03,Amed Rosario,8.93,642708,NYY,20,75,Sweeper,ST,0,0,2341.8,79.2,82.9,0
R,0,2,0,-0.01,0.44,Amed Rosario,1.79,642708,NYY,0,100,Cutter,FC,0,0,2363,98.2,92.9,0
R,0.1,60,50,-0.14,1.27,Anthony Volpe,31.91,683011,NYY,50,33.33,4-Seam Fastball,FF,53.85,0,2280.7,80.66,96.03,53.33
R,0.42,44,27.27,0.6,0.59,Anthony Volpe,23.4,683011,NYY,63.64,0,Sinker,SI,25,0.2,2211.36,93.8,95.95,57.14
R,0.5,26,15.38,-0.22,-0.07,Anthony Volpe,13.83,683011,NYY,38.46,25,Sweeper,ST,0,0,2352.54,72.7,83.62,60
R,0.52,24,8.33,0.01,0.11,Anthony Volpe,12.77,683011,NYY,50,0,Slider,SL,0,0.67,2315.5,86.82,87.18,100
R,0.49,22,9.09,0.64,0.12,Anthony Volpe,11.7,683011,NYY,27.27,25,Changeup,CH,20,0.33,1944.73,87.77,87.05,100
R,0.26,8,25,0.13,0.68,Anthony Volpe,4.26,683011,NYY,50,0,Cutter,FC,0,0,2499,95.4,90.42,50
R,0,2,100,-0.74,-0.05,Anthony Volpe,1.06,683011,NYY,100,0,Slurve,SV,0,0,2715,0,82.9,0
R,0.08,2,0,-0.61,0.07,Anthony Volpe,1.06,683011,NYY,100,0,Split-Finger,FS,0,0,1529,87.1,90.4,100
R,0.43,61,37.7,-0.43,1.31,Austin Wells,34.46,669224,NYY,62.3,0,4-Seam Fastball,FF,27.78,0.18,2379.98,87.51,96.43,47.37
R,0.74,26,15.38,0.14,0.78,Austin Wells,14.69,669224,NYY,46.15,14.29,Cutter,FC,0,1,2495.77,76.55,91.96,83.33
R,0.7,20,20,0.93,0.44,Austin Wells,11.3,669224,NYY,60,0,Sinker,SI,0,0.33,2157.1,97.67,92.75,50
R,0.24,20,10,-0.13,0.13,Austin Wells,11.3,669224,NYY,40,33.33,Slider,SL,16.67,0,2491.7,81.17,87.92,100
R,0.47,16,18.75,-0.78,-0.02,Austin Wells,9.04,669224,NYY,18.75,23.08,Split-Finger,FS,50,0,1534.38,75.33,87.72,100
R,0.02,12,33.33,-1.19,0.12,Austin Wells,6.78,669224,NYY,83.33,100,Changeup,CH,0,0,1730.83,70.22,89.68,60
R,0.04,10,20,0.65,-1.01,Austin Wells,5.65,669224,NYY,20,25,Curveball,CU,50,0,2781.2,84.9,82.84,100
R,0,10,20,0.79,0.01,Austin Wells,5.65,669224,NYY,20,0,Sweeper,ST,100,0,2568.8,0,84.78,100
R,0,2,0,-0.86,-0.47,Austin Wells,1.13,669224,NYY,0,0,Slurve,SV,0,0,2455,0,83.3,0
R,0.14,84,42.86,0.37,0.55,Ben Rice,21,700250,NYY,57.14,27.78,Sinker,SI,38.89,0.09,2230.31,88.58,95.68,54.17
R,0.34,76,46.05,-0.34,1.3,Ben Rice,19,700250,NYY,65.79,23.08,4-Seam Fastball,FF,25.81,0.31,2330.42,89.56,96.31,50
R,0.42,49,34.69,-0.06,0.07,Ben Rice,12.25,700250,NYY,44.9,59.26,Slider,SL,40,0.23,2356.53,78.98,88.01,86.36
R,0.42,48,33.33,-0.89,0.26,Ben Rice,12,700250,NYY,45.83,38.46,Changeup,CH,27.27,0.17,1957.92,81.44,88.01,54.55
R,0.45,48,33.33,0.36,-0.92,Ben Rice,12,700250,NYY,33.33,31.25,Curveball,CU,50,0,2666.21,83.4,82.18,62.5
R,0.09,44,36.36,-0.26,-0.1,Ben Rice,11,700250,NYY,31.82,40,Sweeper,ST,44.44,0.2,2495.23,66.18,83.3,42.86
R,0.29,29,13.79,-0.96,0.18,Ben Rice,7.25,700250,NYY,44.83,37.5,Split-Finger,FS,11.76,0.3,1390.1,87.1,90.49,84.62
R,0.97,20,20,0.11,0.77,Ben Rice,5,700250,NYY,40,33.33,Cutter,FC,33.33,0.67,2505.8,96.95,91.25,100
R,0,2,0,-0.87,-0.65,Ben Rice,0.5,700250,NYY,100,0,Slurve,SV,0,0,2317,82.4,83.5,100
R,0.28,131,17.56,-0.2,1.23,Jasson Domínguez,37.43,691176,NYY,45.8,22.54,4-Seam Fastball,FF,3.77,0.21,2237.03,80.25,95.65,61.67
R,0.43,56,28.57,0.74,0.73,Jasson Domínguez,16,691176,NYY,64.29,30,Sinker,SI,0,0.33,2214.46,87.5,95.22,61.11
R,0.41,48,12.5,-0.03,0.09,Jasson Domínguez,13.71,691176,NYY,25,55.56,Changeup,CH,18.75,0.5,1854.54,74.64,87.45,100
R,0.11,28,35.71,0.1,0.6,Jasson Domínguez,8,691176,NYY,35.71,66.67,Cutter,FC,25,0.17,2413.93,79.48,91.19,40
R,0.27,26,26.92,-0.01,0.11,Jasson Domínguez,7.43,691176,NYY,50,0,Slider,SL,25,0,2312.38,95.15,88.44,61.54
R,0.25,26,30.77,-0.6,0.07,Jasson Domínguez,7.43,691176,NYY,46.15,42.86,Sweeper,ST,28.57,0,2364.15,88.4,84.27,66.67
R,0.01,19,52.63,-0.82,0.07,Jasson Domínguez,5.43,691176,NYY,36.84,50,Split-Finger,FS,72.73,0,1367.11,67.7,91.64,71.43
R,0.05,14,14.29,0.79,-0.94,Jasson Domínguez,4,691176,NYY,21.43,45.45,Curveball,CU,14.29,0,2706.07,75.17,81.81,66.67
R,0,2,0,-1.12,-0.01,Jasson Domínguez,0.57,691176,NYY,100,0,Slurve,SV,0,0,2692,60.2,80.2,100
R,0.36,115,26.96,-0.42,1.24,Jazz Chisholm Jr.,33.33,665862,NYY,52.17,36.36,4-Seam Fastball,FF,17.46,0.23,2296.48,86.27,95.93,71.67
R,0.35,43,30.23,-0.24,0.08,Jazz Chisholm Jr.,12.46,665862,NYY,34.88,28.57,Slider,SL,47.37,0.2,2441.42,78.38,87.3,73.33
R,0,40,40,0.56,0.5,Jazz Chisholm Jr.,11.59,665862,NYY,75,20,Sinker,SI,30,0,2258.75,89.13,95.74,60
R,0.34,30,26.67,0.04,0.65,Jazz Chisholm Jr.,8.7,665862,NYY,33.33,40,Cutter,FC,37.5,0.5,2392.87,79.36,90.83,80
R,0.24,30,20,-0.95,0.09,Jazz Chisholm Jr.,8.7,665862,NYY,46.67,12.5,Split-Finger,FS,20,0,1524.7,93.65,90.52,57.14
R,0.17,28,35.71,-0.12,-0.08,Jazz Chisholm Jr.,8.12,665862,NYY,57.14,33.33,Sweeper,ST,44.44,0.25,2422.93,87.18,82.69,87.5
R,0.86,27,22.22,0.82,-0.94,Jazz Chisholm Jr.,7.83,665862,NYY,29.63,10.53,Curveball,CU,33.33,0.5,2745.67,90.85,80.37,50
R,0.16,18,44.44,-0.72,0.02,Jazz Chisholm Jr.,5.22,665862,NYY,22.22,71.43,Changeup,CH,50,0.25,2235,81.77,83.74,50
R,0,6,66.67,0.1,-0.46,Jazz Chisholm Jr.,1.74,665862,NYY,100,0,Knuckle Curve,KC,0,0,2632,63.2,88.9,33.33
R,0,6,0,0,0,Jazz Chisholm Jr.,1.74,665862,NYY,0,0,Unknown,UNK,0,0,0,0,0,0
R,0.31,2,0,-0.84,-0.39,Jazz Chisholm Jr.,0.58,665862,NYY,0,100,Slurve,SV,0,1,2771,25.7,82.7,0
R,0.28,101,22.77,-0.14,1.29,José Caballero,35.31,676609,NYY,52.48,39.58,4-Seam Fastball,FF,15.52,0.25,2314.64,79.62,96.27,73.58
R,0.06,50,32,0.41,0.02,José Caballero,17.48,676609,NYY,32,41.18,Sweeper,ST,46.15,0,2539.92,75.88,84.32,75
R,0.18,44,27.27,0.29,0.04,José Caballero,15.38,676609,NYY,36.36,71.43,Slider,SL,29.41,0.15,2457.52,72.32,87.64,87.5
R,0.44,42,33.33,-0.24,0.75,José Caballero,14.69,676609,NYY,66.67,71.43,Sinker,SI,14.29,0.4,2272,75.19,96.6,64.29
R,0.11,16,37.5,0.29,0.71,José Caballero,5.59,676609,NYY,50,50,Cutter,FC,25,0,2446,83.25,90.51,50
R,0.42,12,33.33,-0.89,0.07,José Caballero,4.2,676609,NYY,58.33,60,Split-Finger,FS,0,0,1543.92,96.72,92.4,42.86
R,0,10,0,-0.56,-1.11,José Caballero,3.5,676609,NYY,20,0,Curveball,CU,0,0,2526.9,0,80.34,0
R,0,8,0,1.48,0.25,José Caballero,2.8,676609,NYY,50,0,Changeup,CH,0,0,1951,85.9,87.35,100
R,0,2,0,0,0,José Caballero,0.7,676609,NYY,0,0,Unknown,UNK,0,0,0,0,0,0
R,0.01,1,0,-0.2,-0.12,José Caballero,0.35,676609,NYY,100,0,Forkball,FO,0,0,735,79.1,87.9,100
R,0.57,36,16.67,0.56,0.6,Max Schuemann,29.03,680474,NYY,61.11,0,Sinker,SI,0,0,2250.78,85.93,95.88,63.64
R,0.2,32,12.5,0.23,1.12,Max Schuemann,25.81,680474,NYY,50,50,4-Seam Fastball,FF,8.33,0,2218.88,84.68,94.91,100
R,0,18,44.44,1.22,0.16,Max Schuemann,14.52,680474,NYY,22.22,57.14,Changeup,CH,80,0,2143.22,69.1,87.42,50
R,0.07,12,50,0.22,0.82,Max Schuemann,9.68,680474,NYY,50,66.67,Cutter,FC,33.33,0.5,2482.67,87.2,91.73,33.33
R,0.7,10,0,-0.05,0.15,Max Schuemann,8.06,680474,NYY,0,0,Slider,SL,0,0,2374,0,85.74,0
R,0,6,66.67,-0.97,0.11,Max Schuemann,4.84,680474,NYY,66.67,100,Split-Finger,FS,50,0,1449,0,91.73,50
R,0,6,33.33,-1.2,-0.08,Max Schuemann,4.84,680474,NYY,66.67,0,Sweeper,ST,0,0,2326.33,103,82.03,50
R,0.07,2,0,0.82,-1.27,Max Schuemann,1.61,680474,NYY,100,0,Curveball,CU,0,0,2698,92.6,76.8,100
R,0,2,100,-1.26,-0.3,Max Schuemann,1.61,680474,NYY,100,0,Slurve,SV,0,0,2828,0,83.2,0
R,0.26,67,38.81,0.14,0.04,Paul Goldschmidt,22.64,502671,NYY,47.76,34.29,Slider,SL,33.33,0.11,2354.94,84.04,87.52,65.62
R,0.29,63,34.92,-0.16,1.39,Paul Goldschmidt,21.28,502671,NYY,66.67,9.52,4-Seam Fastball,FF,20,0.19,2315.17,79.45,95.88,66.67
R,0.34,60,36.67,0.04,0.66,Paul Goldschmidt,20.27,502671,NYY,56.67,38.46,Sinker,SI,26.67,0.3,2209.67,86.21,95.24,58.82
R,0.26,36,38.89,-0.56,-0.17,Paul Goldschmidt,12.16,502671,NYY,38.89,27.27,Sweeper,ST,25,0.25,2421.83,77.57,84.01,14.29
R,0.16,32,25,0.09,0.61,Paul Goldschmidt,10.81,502671,NYY,18.75,15.38,Cutter,FC,75,0.5,2482,99.3,91.46,66.67
R,0.38,24,33.33,0.5,0.31,Paul Goldschmidt,8.11,502671,NYY,33.33,25,Changeup,CH,40,1,1971.33,83.27,85.89,75
R,0.52,6,33.33,-0.1,-0.81,Paul Goldschmidt,2.03,502671,NYY,66.67,100,Curveball,CU,0,1,2716,79.3,81.23,50
R,0,4,0,-0.65,0.16,Paul Goldschmidt,1.35,502671,NYY,25,0,Split-Finger,FS,0,0,770.25,78,90.8,100
R,0,4,0,0,0,Paul Goldschmidt,1.35,502671,NYY,0,0,Unknown,UNK,0,0,0,0,0,0
R,0.1,51,37.25,-0.29,1.29,Ryan McMahon,27.13,641857,NYY,58.82,19.05,4-Seam Fastball,FF,30,0,2278.49,90.59,95.3,53.33
R,0.39,29,17.24,0.22,0.13,Ryan McMahon,15.43,641857,NYY,41.38,23.53,Slider,SL,21.43,0.38,2403.17,94.61,88.72,83.33
R,0.31,26,53.85,0.66,-0.88,Ryan McMahon,13.83,641857,NYY,61.54,40,Curveball,CU,60,0,2629.31,98.4,81.63,37.5
R,0.48,26,23.08,0.12,0.74,Ryan McMahon,13.83,641857,NYY,53.85,33.33,Cutter,FC,14.29,0.4,2434.62,96.82,90.7,71.43
R,0,24,50,0.36,0.7,Ryan McMahon,12.77,641857,NYY,66.67,0,Sinker,SI,33.33,0,2120.75,74,93.82,37.5
R,0.16,13,15.38,-0.92,0.27,Ryan McMahon,6.91,641857,NYY,30.77,44.44,Split-Finger,FS,0,0.33,1471.77,88.8,89.74,50
R,0,12,66.67,0.16,0,Ryan McMahon,6.38,641857,NYY,0,50,Sweeper,ST,100,0,2441.67,0,80.47,0
R,0.24,6,33.33,-0.77,0.07,Ryan McMahon,3.19,641857,NYY,66.67,0,Changeup,CH,0,0,2015,110.5,88.63,50
R,0,1,0,-0.1,-0.1,Ryan McMahon,0.53,641857,NYY,0,0,Forkball,FO,0,0,613,0,90.2,0
R,0.28,52,38.46,-0.4,1.21,Spencer Jones,50,682987,NYY,73.08,28.57,4-Seam Fastball,FF,38.89,0.17,2317.69,90.5,95.07,84.21
R,0.7,12,33.33,0.07,0.66,Spencer Jones,11.54,682987,NYY,50,33.33,Cutter,FC,50,0,2518,74.6,90.93,100
R,0.7,12,50,0.36,-0.02,Spencer Jones,11.54,682987,NYY,16.67,60,Slider,SL,100,0,2507.5,0,86.63,0
R,0.82,8,25,-1.07,0.26,Spencer Jones,7.69,682987,NYY,25,33.33,Changeup,CH,50,0.5,2096,104.6,86.78,100
R,0,6,33.33,1,-0.73,Spencer Jones,5.77,682987,NYY,33.33,50,Curveball,CU,50,0,2798,58.2,81.53,100
R,0.51,6,0,1.49,0.48,Spencer Jones,5.77,682987,NYY,33.33,50,Sinker,SI,0,0,2418.33,64.75,94.13,100
R,0,4,0,-0.6,0.02,Spencer Jones,3.85,682987,NYY,0,0,Split-Finger,FS,0,0,1624,0,85.75,0
R,0.25,2,0,-0.64,-0.5,Spencer Jones,1.92,682987,NYY,100,0,Slurve,SV,0,0,2418,96.8,82.4,100
R,0,2,0,-0.88,0.47,Spencer Jones,1.92,682987,NYY,0,0,Sweeper,ST,0,0,2675,0,81.8,0
R,0.44,124,20.16,-0.65,1.3,Trent Grisham,31.31,663757,NYY,50.81,19.67,4-Seam Fastball,FF,19.35,0.18,2369.44,84.54,96.48,79.37
R,0.23,74,0,0.11,0.63,Trent Grisham,18.69,663757,NYY,40.54,36.36,Sinker,SI,0,0.11,2232.41,85.17,95.42,86.67
R,0.2,56,37.5,-0.06,0.17,Trent Grisham,14.14,663757,NYY,39.29,35.29,Slider,SL,43.48,0,2345.34,81.01,88.96,50
R,0.1,36,22.22,0.05,0.65,Trent Grisham,9.09,663757,NYY,66.67,16.67,Cutter,FC,10,0,2403.44,87.73,90.11,75
R,0.21,30,26.67,-1.03,0.36,Trent Grisham,7.58,663757,NYY,40,33.33,Changeup,CH,28.57,0,1794.73,85.9,90.31,66.67
R,0.13,26,38.46,0.27,-0.98,Trent Grisham,6.57,663757,NYY,46.15,28.57,Curveball,CU,0,0,2657.85,80.9,80.88,33.33
R,0.13,26,15.38,0.27,0.05,Trent Grisham,6.57,663757,NYY,61.54,20,Sweeper,ST,0,0,2541.77,83.74,84.38,75
R,0.12,24,45.83,-0.95,0.11,Trent Grisham,6.06,663757,NYY,45.83,30.77,Split-Finger,FS,62.5,0,1365.71,93.77,90.78,36.36
L,0.35,117,32.48,-0.23,1.33,,41.2,641355,NYY,57.26,38,4-Seam Fastball,FF,18.97,0.43,2271.39,80.77,96.32,58.21
L,0.55,32,18.75,-0.11,0.27,,11.27,641355,NYY,53.12,6.67,Slider,SL,20,0.6,2398.47,93.35,88.33,82.35
L,0,32,12.5,-0.75,-0.03,,11.27,641355,NYY,31.25,45.45,Sweeper,ST,22.22,0,2412.06,79.98,85.19,80
L,0,28,28.57,-0.62,0.33,,9.86,641355,NYY,50,0,Changeup,CH,40,0,1531,78,88.56,71.43
L,0.32,26,15.38,0.08,0.68,,9.15,641355,NYY,38.46,50,Cutter,FC,12.5,0,2292.62,77.53,90.53,80
L,0.06,22,36.36,0.62,0.73,,7.75,641355,NYY,54.55,0,Sinker,SI,0,0,2118.64,73.8,94.79,33.33
L,0.03,19,26.32,-0.88,0.27,,6.69,641355,NYY,36.84,58.33,Split-Finger,FS,35.71,0,1502.21,84.88,89.7,100
L,0.45,8,50,0.15,-1.25,,2.82,641355,NYY,25,33.33,Curveball,CU,50,0.5,2633.25,93.1,80.72,100
R,0.49,82,18.29,-0.4,1.3,Alec Bohm,27.99,664761,PHI,52.44,10.26,4-Seam Fastball,FF,15.79,0.44,2410.71,88.51,95.52,79.07
R,0.45,71,14.08,-0.31,0.56,Alec Bohm,24.23,664761,PHI,59.15,13.79,Sinker,SI,0,0.15,2289.87,86.66,95.4,71.43
R,0.49,41,39.02,0.84,0.02,Alec Bohm,13.99,664761,PHI,73.17,27.27,Sweeper,ST,19.05,0.27,2662.98,87.47,83.55,60
R,0.37,36,25,0.1,0.18,Alec Bohm,12.29,664761,PHI,55.56,37.5,Slider,SL,15,0.64,2613.08,85.29,86.62,70
R,0.22,25,52,0.12,0.71,Alec Bohm,8.53,664761,PHI,60,40,Cutter,FC,40,0.3,2370.12,92.18,89.51,40
R,0.46,20,10,0.02,0.21,Alec Bohm,6.83,664761,PHI,50,0,Changeup,CH,0,0.33,1529.5,87.18,86.78,80
R,0.13,10,0,0.03,-0.98,Alec Bohm,3.41,664761,PHI,40,66.67,Curveball,CU,0,0,2466.4,80.9,79.58,100
R,0,4,100,-1.25,-0.36,Alec Bohm,1.37,664761,PHI,50,100,Slurve,SV,100,0,2716,0,85.75,0
R,0.23,4,50,-0.51,0.16,Alec Bohm,1.37,664761,PHI,50,100,Split-Finger,FS,50,0,1570,95.8,91.35,100
R,0.37,103,20.39,-0.33,1.33,Brandon Marsh,32.29,669016,PHI,53.4,33.33,4-Seam Fastball,FF,10.71,0.15,2411.18,84.7,95.67,72.73
R,0.29,47,17.02,-0.2,0.5,Brandon Marsh,14.73,669016,PHI,48.94,20.83,Sinker,SI,0,0.17,2190.6,85.89,92.45,56.52
R,0.01,43,44.19,-0.23,0,Brandon Marsh,13.48,669016,PHI,39.53,38.46,Sweeper,ST,60,0,2605.63,72.95,80.84,58.82
R,0.08,36,27.78,0.31,0.71,Brandon Marsh,11.29,669016,PHI,50,66.67,Cutter,FC,18.18,0.33,2518.44,74.59,92.57,55.56
R,0.16,31,32.26,0.21,-1.06,Brandon Marsh,9.72,669016,PHI,19.35,64,Curveball,CU,33.33,0.25,2911.55,74.17,81.5,33.33
R,0.21,28,28.57,-1.22,0.17,Brandon Marsh,8.78,669016,PHI,35.71,44.44,Changeup,CH,37.5,0,1600.29,79.62,87.55,80
R,0.05,18,22.22,0.04,-0.16,Brandon Marsh,5.64,669016,PHI,55.56,25,Slider,SL,0,0,2491.56,83.85,85.62,60
R,0.02,7,0,-0.98,0.48,Brandon Marsh,2.19,669016,PHI,28.57,20,Split-Finger,FS,0,0,1601,90.73,88.96,100
R,0,4,0,0,0,Brandon Marsh,1.25,669016,PHI,0,0,Unknown,UNK,0,0,0,0,0,0
R,0,2,0,-1.6,-0.33,Brandon Marsh,0.63,669016,PHI,0,0,Slurve,SV,0,0,2783,0,85.1,0
R,0.38,36,27.78,-0.16,1.34,Bryan De La Cruz,32.73,650559,PHI,33.33,33.33,4-Seam Fastball,FF,44.44,0.5,2334.67,92.6,94.77,83.33
R,0.12,22,45.45,-0.07,0.08,Bryan De La Cruz,20,650559,PHI,63.64,50,Slider,SL,28.57,0.5,2497.45,67.75,87.36,71.43
R,0.24,18,33.33,1.24,0.18,Bryan De La Cruz,16.36,650559,PHI,33.33,66.67,Changeup,CH,33.33,0.75,1937.78,78.32,84.06,66.67
R,0.44,18,55.56,-0.04,0.2,Bryan De La Cruz,16.36,650559,PHI,33.33,50,Sweeper,ST,75,0,2554.11,83.6,83.86,33.33
R,0.27,6,0,-1.15,-0.88,Bryan De La Cruz,5.45,650559,PHI,33.33,50,Curveball,CU,0,1,2618,50.7,77.17,100
R,0,6,33.33,0.22,0.55,Bryan De La Cruz,5.45,650559,PHI,66.67,100,Cutter,FC,0,0,2201.67,84.45,87.3,50
R,0,4,50,0.02,0.52,Bryan De La Cruz,3.64,650559,PHI,0,50,Sinker,SI,100,0,2341,0,96.1,0
R,0.34,72,30.56,-0.3,1.31,Bryce Harper,22.15,547180,PHI,43.06,14.63,4-Seam Fastball,FF,53.12,0.22,2352.28,88.42,94.95,83.87
R,0.5,61,34.43,0.19,0.44,Bryce Harper,18.77,547180,PHI,67.21,30,Sinker,SI,7.69,0.29,2160.52,86.1,92.69,48.78
R,0.21,47,17.02,-0.54,0,Bryce Harper,14.46,547180,PHI,27.66,38.24,Sweeper,ST,30.77,0.17,2548.26,78.77,80.49,100
R,0.48,42,28.57,0.15,0.73,Bryce Harper,12.92,547180,PHI,38.1,53.85,Cutter,FC,33.33,0.17,2471.43,82.56,91.4,62.5
R,0.2,30,33.33,-0.14,0.12,Bryce Harper,9.23,547180,PHI,60,33.33,Slider,SL,14.29,0,2463.07,86.53,85.52,55.56
R,0.12,29,55.17,0.56,-1.09,Bryce Harper,8.92,547180,PHI,24.14,81.82,Curveball,CU,60.87,0,2885.55,89.51,82.33,71.43
R,0.23,23,17.39,-0.69,0.12,Bryce Harper,7.08,547180,PHI,8.7,66.67,Changeup,CH,14.29,0,1680,70.35,88.1,0
R,0.01,11,27.27,-0.92,0.21,Bryce Harper,3.38,547180,PHI,27.27,50,Split-Finger,FS,33.33,0,1469.45,69.85,88.69,66.67
R,0,8,0,0,0,Bryce Harper,2.46,547180,PHI,0,0,Unknown,UNK,0,0,0,0,0,0
R,0.67,2,50,-0.92,0.32,Bryce Harper,0.62,547180,PHI,50,100,Forkball,FO,50,1,1139.5,103.4,83.75,100
R,0.5,97,46.39,-0.27,1.23,Bryson Stott,31.39,681082,PHI,50.52,31.25,4-Seam Fastball,FF,48.65,0.47,2368.97,87.92,95.2,44.9
R,0.45,44,36.36,0.11,0.54,Bryson Stott,14.24,681082,PHI,59.09,0,Sinker,SI,0,0.6,2267.5,88.79,93.4,61.54
R,0.2,40,40,0.07,0.72,Bryson Stott,12.94,681082,PHI,65,28.57,Cutter,FC,33.33,0.25,2481.45,79.98,92.4,53.85
R,0.19,37,24.32,0.05,0.18,Bryson Stott,11.97,681082,PHI,24.32,35.71,Slider,SL,44.44,0.2,2542.24,77.53,86.91,88.89
R,0.21,34,32.35,-0.36,0,Bryson Stott,11,681082,PHI,29.41,41.67,Sweeper,ST,25,0.33,2739.68,81.93,81.45,20
R,0.47,27,29.63,0.34,-1.02,Bryson Stott,8.74,681082,PHI,40.74,37.5,Curveball,CU,30.77,0,2662.96,79.02,81.5,63.64
R,0.31,20,10,-1.08,0.14,Bryson Stott,6.47,681082,PHI,30,28.57,Changeup,CH,0,0.25,1425.2,90.8,87.74,66.67
R,0,6,66.67,-0.86,-0.26,Bryson Stott,1.94,681082,PHI,0,66.67,Slurve,SV,100,0,2631.33,0,86.97,0
R,0,2,100,0.46,-1.39,Bryson Stott,0.65,681082,PHI,100,0,Knuckle Curve,KC,0,0,2969,0,81.6,0
R,0.26,2,0,-0.71,0.39,Bryson Stott,0.65,681082,PHI,0,100,Split-Finger,FS,0,0,1441,57.7,91.5,0
R,0.75,30,23.33,0.28,1.49,Derek Hill,31.58,656537,PHI,50,13.33,4-Seam Fastball,FF,0,0.4,2411.87,84.58,94.02,66.67
R,0,18,38.89,-0.24,-0.12,Derek Hill,18.95,656537,PHI,38.89,36.36,Sweeper,ST,33.33,0,2489.72,64.5,82.42,71.43
R,0.16,14,14.29,0.8,0.5,Derek Hill,14.74,656537,PHI,28.57,40,Changeup,CH,25,0,1872.43,65.7,85.67,100
R,0.24,9,44.44,-0.33,0.14,Derek Hill,9.47,656537,PHI,66.67,33.33,Slider,SL,40,0,2492.11,78.33,86.19,66.67
R,0,8,12.5,-0.21,0.64,Derek Hill,8.42,656537,PHI,50,0,Cutter,FC,0,0,2311.25,70.57,86.86,75
R,0,7,28.57,1.5,0.4,Derek Hill,7.37,656537,PHI,28.57,40,Sinker,SI,33.33,0,2107.57,82.95,92.97,50
R,0,5,20,-0.81,0.21,Derek Hill,5.26,656537,PHI,20,25,Forkball,FO,50,0,1177.2,0,83.08,100
R,0,4,0,-0.62,-1.08,Derek Hill,4.21,656537,PHI,0,0,Curveball,CU,0,0,2341.5,0,79.25,0
R,0.3,63,33.33,0.3,1.29,Edmundo Sosa,31.66,624641,PHI,33.33,59.52,4-Seam Fastball,FF,32.5,0.33,2366.11,82,95.01,71.43
R,0.15,38,31.58,-0.21,0.69,Edmundo Sosa,19.1,624641,PHI,68.42,41.67,Sinker,SI,5,0,2182.05,75.4,94.58,57.69
R,0.26,28,10.71,-0.04,0.01,Edmundo Sosa,14.07,624641,PHI,25,52.38,Sweeper,ST,6.25,0,2588.18,80.05,81.6,71.43
R,0.05,24,41.67,0.87,0.2,Edmundo Sosa,12.06,624641,PHI,8.33,72.73,Changeup,CH,50,0,1919.75,88.17,87.44,0
R,0.08,19,31.58,-0.03,0.13,Edmundo Sosa,9.55,624641,PHI,36.84,66.67,Slider,SL,40,0,2360.53,91.61,86.06,100
R,0.21,13,23.08,0.07,0.48,Edmundo Sosa,6.53,624641,PHI,61.54,20,Cutter,FC,11.11,0.2,2393,70.8,88.71,100
R,0.53,12,33.33,-0.67,-0.86,Edmundo Sosa,6.03,624641,PHI,33.33,50,Curveball,CU,50,0,2534.67,88.4,77.15,100
R,0,2,0,0.43,0.39,Edmundo Sosa,1.01,624641,PHI,0,100,Split-Finger,FS,0,0,1017,83.5,85,0
R,0.08,38,15.79,-0.74,1.35,Gabriel Rincones Jr.,43.18,687282,PHI,52.63,44.44,4-Seam Fastball,FF,0,0,2481,84.19,97.25,60
R,0.01,16,25,0.81,-1.02,Gabriel Rincones Jr.,18.18,687282,PHI,12.5,28.57,Curveball,CU,66.67,0,2847,91.4,82.79,100
R,0.24,12,33.33,0.24,0.74,Gabriel Rincones Jr.,13.64,687282,PHI,33.33,50,Cutter,FC,50,0,2631.83,83.8,94.57,100
R,0.11,8,50,-1.39,0.62,Gabriel Rincones Jr.,9.09,687282,PHI,50,100,Sinker,SI,0,0.5,2341.75,61,93.32,0
R,0,6,33.33,0.54,0.31,Gabriel Rincones Jr.,6.82,687282,PHI,66.67,0,Slider,SL,50,0,2731.33,96.8,90.27,100
R,0.9,4,0,-0.8,-0.02,Gabriel Rincones Jr.,4.55,687282,PHI,100,0,Changeup,CH,0,1,1178,75.5,86.3,100
R,0.19,4,50,1.03,-0.13,Gabriel Rincones Jr.,4.55,687282,PHI,50,100,Sweeper,ST,50,0,2738.5,97.5,84.05,100
R,0.21,6,0,-1.49,0.59,Garrett Stubbs,37.5,596117,PHI,66.67,0,Sinker,SI,0,0,2299.67,90.35,96.7,100
R,0,4,50,0.36,-0.3,Garrett Stubbs,25,596117,PHI,50,0,Curveball,CU,0,0,2339.5,0,80.15,0
R,0,2,0,-0.86,1.21,Garrett Stubbs,12.5,596117,PHI,0,0,4-Seam Fastball,FF,0,0,2155,0,96.1,0
R,0.28,2,0,-1.26,0.22,Garrett Stubbs,12.5,596117,PHI,100,0,Changeup,CH,0,0,1944,79,89.7,100
R,0,2,0,0.18,0.81,Garrett Stubbs,12.5,596117,PHI,0,0,Cutter,FC,0,0,2048,0,90.4,0
R,0.29,72,25,-0.23,1.36,J.T. Realmuto,26.28,592663,PHI,45.83,33.33,4-Seam Fastball,FF,22.22,0.54,2399.31,85.09,95.49,69.7
R,0.45,54,29.63,-0.39,0.54,J.T. Realmuto,19.71,592663,PHI,61.11,19.05,Sinker,SI,16,0.2,2292.06,92.05,95.46,63.64
R,0.2,38,26.32,0.24,0.2,J.T. Realmuto,13.87,592663,PHI,15.79,37.5,Slider,SL,42.86,0.2,2515.95,78.85,87.63,33.33
R,0.48,31,25.81,0.43,0.24,J.T. Realmuto,11.31,592663,PHI,54.84,28.57,Changeup,CH,31.58,0.5,1808.71,76.48,84.59,88.24
R,0.17,24,16.67,1.16,0.2,J.T. Realmuto,8.76,592663,PHI,29.17,11.76,Sweeper,ST,0,0,2777,79.39,82.8,71.43
R,0.49,18,33.33,0.26,0.69,J.T. Realmuto,6.57,592663,PHI,33.33,0,Cutter,FC,33.33,0.5,2444.94,100.05,89.89,100
R,0.25,14,42.86,0.32,-1.08,J.T. Realmuto,5.11,592663,PHI,57.14,66.67,Curveball,CU,25,0.5,2760.43,77.53,81.3,50
R,0.4,8,25,-0.68,0.38,J.T. Realmuto,2.92,592663,PHI,25,33.33,Split-Finger,FS,50,0,1522.5,69.7,88.58,100
R,0.7,7,14.29,-0.91,0.26,J.T. Realmuto,2.55,592663,PHI,42.86,25,Forkball,FO,0,0,1215.29,64.4,82.57,66.67
R,0,4,50,0.72,-1.4,J.T. Realmuto,1.46,592663,PHI,50,0,Knuckle Curve,KC,0,0,3081.5,0,81.2,0
R,0.15,4,50,-1.01,-0.4,J.T. Realmuto,1.46,592663,PHI,50,100,Slurve,SV,50,0,2562,109.4,87.1,100
R,0.33,51,15.69,-0.47,1.35,Justin Crawford,32.48,702222,PHI,60.78,20,4-Seam Fastball,FF,6.9,0.44,2356.12,82.09,94.85,80.65
R,0.33,38,5.26,-0.54,0.51,Justin Crawford,24.2,702222,PHI,42.11,54.55,Sinker,SI,0,0.14,2217.58,74.33,92.85,87.5
R,0.17,22,18.18,0.21,0.12,Justin Crawford,14.01,702222,PHI,63.64,0,Slider,SL,0,0.33,2427.18,79.72,85.65,71.43
R,0.2,18,33.33,0.97,-1.02,Justin Crawford,11.46,702222,PHI,55.56,75,Curveball,CU,20,0,2923.44,83.57,80.73,40
R,0.52,10,40,0.24,-0.11,Justin Crawford,6.37,702222,PHI,80,0,Sweeper,ST,0,0.5,2715,99,82.46,50
R,0.22,8,0,-0.55,0.34,Justin Crawford,5.1,702222,PHI,25,33.33,Changeup,CH,0,0,1782.75,72.1,87.3,100
R,0.11,6,66.67,0.4,0.68,Justin Crawford,3.82,702222,PHI,66.67,100,Cutter,FC,66.67,0,2412.33,52.4,91.3,100
R,0.12,4,0,-0.84,-0.02,Justin Crawford,2.55,702222,PHI,0,50,Split-Finger,FS,0,0,1216.5,85,86.45,0
R,0.08,79,26.58,-0.09,1.34,Kyle Schwarber,24.38,656941,PHI,50.63,35.9,4-Seam Fastball,FF,23.26,0,2337.56,84.06,94.66,72.5
R,0.27,59,23.73,-0.26,0.03,Kyle Schwarber,18.21,656941,PHI,40.68,11.43,Sweeper,ST,25,0.31,2575.15,87.07,81.41,50
R,0.24,53,41.51,-0.38,0.34,Kyle Schwarber,16.36,656941,PHI,41.51,45.16,Slider,SL,46.15,0.4,2446.62,81.72,86.5,54.55
R,0.32,51,35.29,0.69,-1.02,Kyle Schwarber,15.74,656941,PHI,29.41,16.67,Curveball,CU,30.77,0.22,2862.43,94.29,82.78,46.67
R,0.46,32,12.5,-0.39,0.22,Kyle Schwarber,9.88,656941,PHI,28.12,26.09,Sinker,SI,0,0,2263.66,79.06,93.62,55.56
R,0.88,21,28.57,0.16,0.79,Kyle Schwarber,6.48,656941,PHI,52.38,40,Cutter,FC,18.18,1,2498.76,85.51,91.2,63.64
R,0.36,20,30,-0.85,0.03,Kyle Schwarber,6.17,656941,PHI,30,28.57,Changeup,CH,40,0,1423.9,80.85,86.41,100
R,0,6,33.33,-0.8,0.44,Kyle Schwarber,1.85,656941,PHI,33.33,0,Split-Finger,FS,0,0,1029.67,0,87.27,0
R,0.7,3,0,-1.12,-0.04,Kyle Schwarber,0.93,656941,PHI,0,0,Forkball,FO,0,0,1202,0,84.1,0
R,0.25,87,19.54,0.04,1.36,Trea Turner,21.32,607208,PHI,54.02,40,4-Seam Fastball,FF,20.69,0.14,2369.28,81.32,94.64,89.36
R,0.44,67,22.39,-0.63,0.63,Trea Turner,16.42,607208,PHI,56.72,6.9,Sinker,SI,14.81,0.4,2261.28,92.19,94.93,65.79
R,0.2,65,33.85,0.08,0.26,Trea Turner,15.93,607208,PHI,58.46,33.33,Slider,SL,34.29,0.27,2425.43,90.1,85.77,68.42
R,0.17,60,23.33,0.61,-0.08,Trea Turner,14.71,607208,PHI,33.33,25,Sweeper,ST,27.27,0.14,2706.73,87.9,84.49,60
R,0.53,48,29.17,0.09,0.43,Trea Turner,11.76,607208,PHI,45.83,53.85,Changeup,CH,20,0.44,1722.42,76.56,86.3,72.73
R,0.34,35,34.29,0.1,0.69,Trea Turner,8.58,607208,PHI,60,42.86,Cutter,FC,30,0,2445.89,83.8,91.61,66.67
R,0.28,34,17.65,0.03,-1.02,Trea Turner,8.33,607208,PHI,47.06,22.22,Curveball,CU,12.5,0.67,2646.41,81.38,80.85,75
R,0.42,6,33.33,-0.37,0.21,Trea Turner,1.47,607208,PHI,33.33,50,Split-Finger,FS,50,0,1128.33,95.5,86.5,100
R,0,4,50,0.77,-1.38,Trea Turner,0.98,607208,PHI,100,0,Knuckle Curve,KC,0,0,3074,59.6,81.15,50
R,0,2,50,-0.57,0.2,Trea Turner,0.49,607208,PHI,50,0,Forkball,FO,100,0,1282,0,82.8,100
L,0.08,10,0,-0.25,1.39,,62.5,665561,PHI,60,0,4-Seam Fastball,FF,0,0,2294.2,84.3,94.58,100
L,0,2,100,-1.01,-0.86,,12.5,665561,PHI,0,0,Curveball,CU,0,0,2562,0,75.6,0
L,0.03,2,0,-0.03,1.01,,12.5,665561,PHI,0,100,Cutter,FC,0,0,2402,34.7,89.3,0
L,0,2,0,1,0,,12.5,665561,PHI,100,0,Sweeper,ST,0,0,2706,0,89.2,100
R,0.27,36,50,0.24,1.34,Billy Cook,45,695257,PIT,72.22,60,4-Seam Fastball,FF,50,0.33,2370.5,86.15,95.41,84.62
R,0,12,50,0.57,0.35,Billy Cook,15,695257,PIT,50,0,Changeup,CH,0,0,1703.67,0,85.22,0
R,0.07,10,40,-0.44,-1.16,Billy Cook,12.5,695257,PIT,40,33.33,Curveball,CU,0,0.5,2722.6,75.95,80.28,50
R,0,8,0,-0.15,0.3,Billy Cook,10,695257,PIT,50,50,Slider,SL,0,0,2236.75,57,90.52,100
R,0,6,0,0.86,-0.11,Billy Cook,7.5,695257,PIT,33.33,0,Sweeper,ST,0,0,2863,68.8,83.2,100
R,0,4,0,-0.29,0.44,Billy Cook,5,695257,PIT,50,0,Cutter,FC,0,0,2235,0,90.6,100
R,0.2,4,0,0.09,0.81,Billy Cook,5,695257,PIT,50,100,Sinker,SI,0,0,2164.5,67.7,94.05,100
R,0.22,70,22.86,-0.81,0.26,Brandon Lowe,22.36,664040,PIT,25.71,42.31,Changeup,CH,40,0.3,2038.94,76.18,86.71,100
R,0.35,67,28.36,-0.35,1.26,Brandon Lowe,21.41,664040,PIT,35.82,13.95,4-Seam Fastball,FF,40,0.09,2377.34,90.08,94.32,79.17
R,0.19,50,32,-0.04,0.14,Brandon Lowe,15.97,664040,PIT,42,34.48,Slider,SL,41.38,0.13,2477.32,88.37,85.93,90.48
R,0.48,44,20.45,-0.17,0.72,Brandon Lowe,14.06,664040,PIT,59.09,44.44,Cutter,FC,16.67,0.67,2419.64,84.35,89.58,84.62
R,0.68,37,37.84,-0.57,0.26,Brandon Lowe,11.82,664040,PIT,32.43,32,Sweeper,ST,53.85,0.5,2620.27,86.43,83.16,41.67
R,0.21,17,17.65,-0.26,0.18,Brandon Lowe,5.43,664040,PIT,52.94,25,Sinker,SI,0,0,2120.29,79.6,92.04,66.67
R,0.88,14,64.29,0.16,-0.94,Brandon Lowe,4.47,664040,PIT,35.71,44.44,Curveball,CU,40,1,2436.57,92.17,78.87,20
R,0.42,10,60,-0.26,-0.02,Brandon Lowe,3.19,664040,PIT,20,75,Split-Finger,FS,75,0.5,950.2,103.6,83.12,100
R,0,4,50,0.88,-1.13,Brandon Lowe,1.28,664040,PIT,50,0,Knuckle Curve,KC,100,0,2861.5,0,83.6,100
R,0.14,96,35.42,-0.2,1.21,Bryan Reynolds,27.67,668804,PIT,60.42,31.58,4-Seam Fastball,FF,16.28,0.12,2370.6,86.71,94.07,53.45
R,0.47,75,26.67,-0.51,0.4,Bryan Reynolds,21.61,668804,PIT,32,35.29,Changeup,CH,25,0,1894.85,75.17,86.21,58.33
R,0.21,55,43.64,-0.02,0.68,Bryan Reynolds,15.85,668804,PIT,52.73,61.54,Cutter,FC,40,0.23,2428.04,76.01,90.18,65.52
R,0.35,50,28,-0.34,0.41,Bryan Reynolds,14.41,668804,PIT,44,21.43,Sinker,SI,25,0.33,2173.7,80.99,94.08,63.64
R,0.33,31,25.81,-0.04,-1.21,Bryan Reynolds,8.93,668804,PIT,38.71,52.63,Curveball,CU,36.36,0.25,2647.68,78.24,80.01,100
R,0.35,12,33.33,-0.15,-0.03,Bryan Reynolds,3.46,668804,PIT,33.33,25,Slider,SL,50,0,2527,78,85.43,50
R,0.14,10,40,-0.39,0.14,Bryan Reynolds,2.88,668804,PIT,60,0,Sweeper,ST,33.33,0,2567.8,86.6,83.59,50
R,0.04,8,0,0.44,0.37,Bryan Reynolds,2.31,668804,PIT,50,50,Split-Finger,FS,0,0,1309.75,87.45,85,100
R,0,8,0,0,0,Bryan Reynolds,2.31,668804,PIT,0,0,Unknown,UNK,0,0,0,0,0,0
R,0,2,100,0.62,-1.18,Bryan Reynolds,0.58,668804,PIT,0,100,Knuckle Curve,KC,100,0,2846,0,83.5,0
R,0,14,28.57,-0.64,1.05,Endy Rodríguez,30.43,682848,PIT,42.86,25,4-Seam Fastball,FF,33.33,0,2382.29,79.25,93.79,66.67
R,0.04,10,0,-0.12,0.69,Endy Rodríguez,21.74,682848,PIT,40,0,Cutter,FC,0,0,2497,73.8,93.04,100
R,0.15,8,0,-1.24,0.3,Endy Rodríguez,17.39,682848,PIT,75,0,Changeup,CH,0,0.33,2108.75,86.7,88.88,100
R,0.74,6,0,-0.98,-0.42,Endy Rodríguez,13.04,682848,PIT,33.33,100,Sinker,SI,0,1,2049.33,86.85,91.83,100
R,0,4,100,-0.59,0.53,Endy Rodríguez,8.7,682848,PIT,50,100,Split-Finger,FS,100,0,760,0,84.2,100
R,0,2,100,0.84,-0.92,Endy Rodríguez,4.35,682848,PIT,100,0,Curveball,CU,0,0,2415,0,81.8,0
R,0,2,0,0.82,0.72,Endy Rodríguez,4.35,682848,PIT,0,100,Sweeper,ST,0,0,2847,0,84.7,0
R,0.31,126,28.57,-0.01,1.29,Esmerlyn Valdez,30.43,699013,PIT,49.21,9.38,4-Seam Fastball,FF,36.84,0.19,2342.59,85.91,93.58,82.26
R,0.27,70,25.71,0.67,0.38,Esmerlyn Valdez,16.91,699013,PIT,28.57,32,Changeup,CH,33.33,0,1849.23,84.1,84.76,70
R,0.58,63,22.22,-0.67,0.65,Esmerlyn Valdez,15.22,699013,PIT,41.27,10.81,Sinker,SI,30.43,0.62,2242.51,83.27,94.31,73.08
R,0.65,39,33.33,0.1,0.68,Esmerlyn Valdez,9.42,699013,PIT,53.85,22.22,Cutter,FC,40,0.33,2430.74,97.4,90.95,76.19
R,0.29,39,28.21,0.49,0.17,Esmerlyn Valdez,9.42,699013,PIT,28.21,17.86,Sweeper,ST,58.33,0,2638.21,75.9,83.84,63.64
R,0.28,31,54.84,-0.42,-1.09,Esmerlyn Valdez,7.49,699013,PIT,64.52,27.27,Curveball,CU,60,0,2600.71,72.35,78.2,35
R,1,22,45.45,0.2,0.2,Esmerlyn Valdez,5.31,699013,PIT,45.45,50,Slider,SL,40,0.5,2502.45,84.17,84.58,40
R,0,22,27.27,0.5,0.39,Esmerlyn Valdez,5.31,699013,PIT,36.36,28.57,Split-Finger,FS,40,0,1223.82,64.6,83.6,75
R,0,2,0,1.09,-1.11,Esmerlyn Valdez,0.48,699013,PIT,0,0,Knuckle Curve,KC,0,0,3036,0,83.9,0
R,0.16,82,29.27,0.18,1.23,Henry Davis,41.21,680779,PIT,56.1,36.11,4-Seam Fastball,FF,22,0.22,2354.7,84.73,93.44,80.43
R,0.25,40,15,0.57,0.19,Henry Davis,20.1,680779,PIT,15,58.82,Changeup,CH,25,0.33,1864.5,68.9,84.56,66.67
R,0.36,28,21.43,0.07,0.3,Henry Davis,14.07,680779,PIT,42.86,37.5,Slider,SL,33.33,0.2,2308.21,94.88,87.54,100
R,0.15,14,35.71,-0.44,-1.21,Henry Davis,7.04,680779,PIT,71.43,50,Curveball,CU,36.36,0,2629.5,94.2,80.04,90
R,0,14,14.29,0.79,0.37,Henry Davis,7.04,680779,PIT,28.57,0,Split-Finger,FS,0,0,1073.43,90.6,81.87,100
R,0.67,13,15.38,-1.24,0.63,Henry Davis,6.53,680779,PIT,53.85,33.33,Sinker,SI,22.22,0,2077.77,98.61,92.8,100
R,0,8,0,-0.44,0.12,Henry Davis,4.02,680779,PIT,0,0,Sweeper,ST,0,0,2558.25,0,80.8,0
R,0.51,53,20.75,-0.24,1.26,Jacob Gonzalez,28.96,694378,PIT,52.83,44,4-Seam Fastball,FF,20,0.33,2348.51,84.22,95.23,85.71
R,0.22,46,13.04,-1.1,0.47,Jacob Gonzalez,25.14,694378,PIT,47.83,54.17,Changeup,CH,12.12,0.12,2028.52,76.39,88.65,90.91
R,0.51,27,25.93,0.1,-1.1,Jacob Gonzalez,14.75,694378,PIT,44.44,53.33,Curveball,CU,12.5,0.5,2603,73.83,80.99,66.67
R,0.21,21,19.05,-0.53,0.47,Jacob Gonzalez,11.48,694378,PIT,71.43,100,Sinker,SI,0,0.29,2244.38,83.18,91.35,73.33
R,0.07,11,36.36,-0.11,0.75,Jacob Gonzalez,6.01,694378,PIT,90.91,100,Cutter,FC,0,0,2367.55,77.44,90.31,60
R,0.66,9,11.11,-0.31,0.09,Jacob Gonzalez,4.92,694378,PIT,33.33,66.67,Sweeper,ST,0,0.33,2598.89,88.12,85.03,66.67
R,0.72,8,25,0.76,0.01,Jacob Gonzalez,4.37,694378,PIT,25,100,Slider,SL,0,0,2552.5,104.4,86.82,0
R,0.5,4,0,0.7,-1.16,Jacob Gonzalez,2.19,694378,PIT,0,50,Knuckle Curve,KC,0,0,2827,102,82.65,0
R,0.03,4,25,-0.26,-0.39,Jacob Gonzalez,2.19,694378,PIT,75,0,Split-Finger,FS,0,0,657,88.5,83.3,66.67
R,0.17,139,29.5,-0.01,1.26,Jake Mangum,47.77,663968,PIT,52.52,40.91,4-Seam Fastball,FF,18.18,0.14,2348.64,79.76,93.4,68.49
R,0.24,51,19.61,-0.37,0.57,Jake Mangum,17.53,663968,PIT,45.1,57.14,Changeup,CH,19.44,0.28,1764.47,73.8,84.43,86.96
R,0.17,26,15.38,-1.23,0.63,Jake Mangum,8.93,663968,PIT,61.54,20,Sinker,SI,23.53,0,2219.46,88.42,93.35,93.75
R,0.06,24,41.67,0.14,-1.05,Jake Mangum,8.25,663968,PIT,25,44.44,Curveball,CU,50,0.33,2594.92,73.15,80.41,0
R,0.61,19,31.58,0.43,0.33,Jake Mangum,6.53,663968,PIT,52.63,88.89,Slider,SL,14.29,1,2468.84,78.48,83.82,60
R,0.44,13,15.38,-0.17,-0.17,Jake Mangum,4.47,663968,PIT,53.85,66.67,Split-Finger,FS,10,0.4,643.77,70.03,82.87,85.71
R,0.19,8,37.5,0.23,0.28,Jake Mangum,2.75,663968,PIT,37.5,0,Sweeper,ST,0,0,2591.38,91.9,81.92,33.33
R,0.4,6,0,0.98,-1.1,Jake Mangum,2.06,663968,PIT,33.33,100,Knuckle Curve,KC,0,0.5,2793.67,82,81.27,100
R,0.91,5,40,-0.11,0.69,Jake Mangum,1.72,663968,PIT,80,0,Cutter,FC,0,1,2379.4,103.8,87.56,50
R,0.27,83,16.87,0.34,1.28,Jared Triolo,38.97,669707,PIT,50.6,31.71,4-Seam Fastball,FF,0,0.24,2342.95,78.45,92.63,69.05
R,0.33,38,13.16,0.28,0.39,Jared Triolo,17.84,669707,PIT,50,21.05,Changeup,CH,21.74,0.5,1718.84,72.24,84.64,100
R,0.07,28,42.86,-0.14,0.56,Jared Triolo,13.15,669707,PIT,42.86,37.5,Sinker,SI,28.57,0,2193.93,83.2,95.88,66.67
R,0.15,25,40,-0.17,0.54,Jared Triolo,11.74,669707,PIT,56,0,Cutter,FC,33.33,0,2230.2,92.83,90.07,85.71
R,0,17,11.76,0.27,0.49,Jared Triolo,7.98,669707,PIT,35.29,0,Slider,SL,0,0,2363.76,71.5,85.96,66.67
R,0.45,16,37.5,-0.7,-1.1,Jared Triolo,7.51,669707,PIT,50,0,Curveball,CU,50,0.5,2499.25,87.1,75.69,100
R,0.32,4,50,0.39,0.34,Jared Triolo,1.88,669707,PIT,50,100,Split-Finger,FS,50,0.5,691,95.3,82.55,100
R,1.15,2,0,-0.96,0.08,Jared Triolo,0.94,669707,PIT,100,0,Sweeper,ST,0,1,2602,100.6,82.3,100
R,0.09,20,10,0.62,1.16,Jhostynxon Garcia,62.5,691373,PIT,100,0,4-Seam Fastball,FF,10,0,2277.4,65.47,92.17,100
R,0.26,12,33.33,1.23,0.55,Jhostynxon Garcia,37.5,691373,PIT,33.33,25,Changeup,CH,66.67,0,1903.67,100.7,85.02,100
R,0.14,58,24.14,0.38,1.18,Marcell Ozuna,28.02,542303,PIT,39.66,34.29,4-Seam Fastball,FF,14.81,0.05,2353.86,83.27,92.84,65.22
R,0.22,46,30.43,-0.03,0.41,Marcell Ozuna,22.22,542303,PIT,52.17,27.27,Sinker,SI,0,0.25,2165.43,85.54,92.83,41.67
R,0.16,30,20,0.36,0.4,Marcell Ozuna,14.49,542303,PIT,33.33,30,Changeup,CH,25,0,1721.43,92.14,83.83,100
R,0.49,22,27.27,0.44,0.36,Marcell Ozuna,10.63,542303,PIT,27.27,37.5,Slider,SL,40,0.67,2279.27,88.17,84.12,66.67
R,0,16,56.25,-0.29,0.5,Marcell Ozuna,7.73,542303,PIT,56.25,28.57,Cutter,FC,42.86,0,2353.38,69.75,89.34,55.56
R,0.7,16,25,-0.07,0.03,Marcell Ozuna,7.73,542303,PIT,0,37.5,Split-Finger,FS,66.67,0,687,75.5,79.5,0
R,0.14,12,25,0.85,0.09,Marcell Ozuna,5.8,542303,PIT,25,44.44,Sweeper,ST,42.86,0,2575.33,63.85,81.84,100
R,0,7,42.86,-0.42,-0.73,Marcell Ozuna,3.38,542303,PIT,28.57,20,Curveball,CU,100,0,2456.14,0,78.09,0
R,0.23,93,23.66,0.22,1.3,Nick Gonzales,32.07,693304,PIT,58.06,25.64,4-Seam Fastball,FF,11.76,0.34,2318.08,83.59,93.59,75.93
R,0.54,59,38.98,-0.98,0.66,Nick Gonzales,20.34,693304,PIT,64.41,19.05,Sinker,SI,20,0.31,2255.46,83.84,94.45,55.26
R,0.2,30,13.33,0.54,0.48,Nick Gonzales,10.34,693304,PIT,53.33,28.57,Changeup,CH,20,0.33,1822.2,80.84,84.93,100
R,0.56,27,22.22,-0.11,0.59,Nick Gonzales,9.31,693304,PIT,62.96,60,Cutter,FC,19.05,0.33,2339.85,90.49,89.33,88.24
R,0.21,27,22.22,0.17,0.35,Nick Gonzales,9.31,693304,PIT,51.85,46.15,Slider,SL,22.22,0.6,2425.04,77.33,86.5,85.71
R,0.07,22,36.36,-0.09,0.23,Nick Gonzales,7.59,693304,PIT,18.18,44.44,Split-Finger,FS,66.67,0,1358.82,69.6,86.51,100
R,0.26,20,20,0.82,0.1,Nick Gonzales,6.9,693304,PIT,60,50,Sweeper,ST,12.5,0.5,2828.7,82.09,82.79,100
R,0.25,8,25,-0.52,-1.34,Nick Gonzales,2.76,693304,PIT,12.5,42.86,Curveball,CU,50,0.25,2623.25,90.3,81.04,100
R,0.27,4,50,0.99,-1.14,Nick Gonzales,1.38,693304,PIT,50,100,Knuckle Curve,KC,50,0.5,2860.5,96.1,84.35,100
R,0.35,75,34.67,-0.08,1.32,Ryan O'Hearn,23.44,656811,PIT,53.33,34.29,4-Seam Fastball,FF,25.64,0.35,2333.16,86.14,94.2,67.5
R,0.27,66,22.73,0.91,0.31,Ryan O'Hearn,20.62,656811,PIT,51.52,34.38,Sinker,SI,5.88,0.33,2191.18,84.88,91.2,67.65
R,0.39,48,25,-0.78,0.47,Ryan O'Hearn,15,656811,PIT,54.17,18.18,Changeup,CH,18.18,0.29,1943.12,86.09,84.89,69.23
R,0.17,38,31.58,-0.08,0.14,Ryan O'Hearn,11.88,656811,PIT,31.58,26.92,Slider,SL,58.82,0,2529.11,98.23,86.9,83.33
R,0.18,33,21.21,-0.02,-0.97,Ryan O'Hearn,10.31,656811,PIT,66.67,36.36,Curveball,CU,9.52,0,2535.91,81.15,80.01,77.27
R,0.14,32,15.62,-0.1,0.71,Ryan O'Hearn,10,656811,PIT,37.5,40,Cutter,FC,6.25,0,2408.09,70.79,88.93,66.67
R,0.07,14,14.29,-0.97,0.18,Ryan O'Hearn,4.38,656811,PIT,7.14,15.38,Sweeper,ST,66.67,0,2611,96.4,82.23,100
R,0.15,10,20,-0.5,0.17,Ryan O'Hearn,3.12,656811,PIT,20,50,Split-Finger,FS,33.33,0,1690.6,84,90.58,100
R,0,4,50,1.14,-1.12,Ryan O'Hearn,1.25,656811,PIT,100,0,Knuckle Curve,KC,0,0,2842.5,97.5,83.3,50
L,0.01,40,32.5,-0.71,1.28,,33.61,682997,PIT,55,22.22,4-Seam Fastball,FF,42.31,0,2325.65,75.5,95.94,100
L,0.09,37,48.65,-1.1,0.23,,31.09,682997,PIT,21.62,62.07,Changeup,CH,66.67,0,1943.41,78.35,87.49,75
R,0.35,18,27.78,-0.2,1.2,,38.3,804668,PIT,33.33,41.67,4-Seam Fastball,FF,28.57,0,2311.78,76.14,94.72,33.33
R,1,16,62.5,0.48,0.51,,38.1,676566,PIT,62.5,66.67,Cutter,FC,66.67,0.5,2721.25,90.2,88.62,80
R,0,12,50,1.38,-0.18,,28.57,676566,PIT,33.33,25,Sweeper,ST,100,0,2871.67,0,81.28,0
L,0,10,40,-0.37,0.3,,8.4,682997,PIT,60,50,Split-Finger,FS,33.33,0,1160.6,82,83.28,66.67
L,0,9,44.44,0.86,-1.05,,7.56,682997,PIT,22.22,42.86,Curveball,CU,66.67,0,2778.89,0,78.69,0
L,0,9,66.67,-1.37,0.75,,7.56,682997,PIT,77.78,0,Sinker,SI,66.67,0,2184.11,77.4,94.47,42.86
R,0.06,8,50,-1,0.76,,17.02,804668,PIT,50,50,Sinker,SI,0,0,1973.5,75.7,94.78,0
R,0,6,0,-0.3,1.49,,14.29,676566,PIT,33.33,0,4-Seam Fastball,FF,0,0,2435,0,92.8,100
L,0,6,100,0.26,0.45,,5.04,682997,PIT,100,0,Cutter,FC,100,0,2608,0,91.17,66.67
R,0.74,6,50,-0.36,0.22,,12.77,804668,PIT,50,66.67,Changeup,CH,50,0,1435.17,101.7,86.78,66.67
R,0,5,40,0.07,0.42,,10.64,804668,PIT,40,0,Slider,SL,100,0,2231.2,0,89.92,100
R,0.05,4,0,0.84,-1.3,,9.52,676566,PIT,50,0,Curveball,CU,0,0,3087,63.3,77.3,100
R,0.09,4,0,-1.15,0.88,,9.52,676566,PIT,50,0,Sinker,SI,0,0,2048,82.6,93.85,100
L,0.17,4,25,0.8,-0.04,,3.36,682997,PIT,50,0,Sweeper,ST,50,0.5,2226.25,72.6,86.78,100
R,0.07,4,0,-0.32,0.41,,8.51,804668,PIT,75,0,Cutter,FC,0,0,2322.75,85.05,84,66.67
R,0,4,0,0.15,-0.1,,8.51,804668,PIT,50,0,Sweeper,ST,0,0,2591.25,72,80.5,100
L,0,2,100,0.59,-1.2,,1.68,682997,PIT,100,0,Knuckle Curve,KC,0,0,2777,0,83.9,0
L,0,2,0,1.33,0.29,,1.68,682997,PIT,0,0,Slider,SL,0,0,2458,0,81.9,0
R,0,2,100,-0.9,-1.21,,4.26,804668,PIT,100,0,Curveball,CU,0,0,2754,0,71.9,0
R,0.36,99,20.2,-0.31,1.34,Fernando Tatis Jr.,25.58,665487,SDP,44.44,20,4-Seam Fastball,FF,10.26,0.26,2349.44,90.83,95.15,63.64
R,0.26,88,31.82,-0.89,0.69,Fernando Tatis Jr.,22.74,665487,SDP,55.68,15.38,Sinker,SI,13.33,0.28,2159.61,84.58,92.92,48.98
R,0.6,55,36.36,0.35,0.11,Fernando Tatis Jr.,14.21,665487,SDP,47.27,27.59,Sweeper,ST,36,0.56,2664.96,85.91,83.59,65.38
R,0.46,45,31.11,-0.02,0.64,Fernando Tatis Jr.,11.63,665487,SDP,48.89,34.78,Cutter,FC,35.71,0.42,2319.42,89.16,89.28,90.91
R,0.32,30,20,-0.17,0.71,Fernando Tatis Jr.,7.75,665487,SDP,26.67,18.18,Changeup,CH,25,0,1690.23,80.4,84.34,50
R,0.75,29,10.34,0.5,-0.97,Fernando Tatis Jr.,7.49,665487,SDP,27.59,61.9,Curveball,CU,14.29,0.5,2502.55,77.84,82.32,100
R,0.43,29,20.69,-0.22,-0.08,Fernando Tatis Jr.,7.49,665487,SDP,24.14,13.64,Slider,SL,14.29,0.44,2471,98.13,84.59,57.14
R,0,6,0,0,0,Fernando Tatis Jr.,1.55,665487,SDP,0,0,Unknown,UNK,0,0,0,0,0,0
R,0,4,0,-1.36,0.56,Fernando Tatis Jr.,1.03,665487,SDP,0,0,Split-Finger,FS,0,0,1724.5,0,84.85,0
R,0.39,1,0,-0.44,-0.14,Fernando Tatis Jr.,0.26,665487,SDP,100,0,Knuckle Curve,KC,0,0,2347,103.5,82.1,100
R,0,1,0,1.42,0.29,Fernando Tatis Jr.,0.26,665487,SDP,0,0,Slow Curve,CS,0,0,2304,0,68.4,0
R,0.27,26,19.23,-0.53,1.35,Freddy Fermin,30.59,666023,SDP,65.38,33.33,4-Seam Fastball,FF,25,0.17,2610.27,82,96.53,100
R,0.45,18,5.56,-0.95,0.81,Freddy Fermin,21.18,666023,SDP,88.89,50,Sinker,SI,0,0.67,2220.39,90.78,92.99,93.75
R,0.3,12,25,0.35,0.24,Freddy Fermin,14.12,666023,SDP,25,44.44,Sweeper,ST,28.57,0,2583.58,70.65,82.87,100
R,0.02,10,50,-0.47,-0.3,Freddy Fermin,11.76,666023,SDP,60,25,Slider,SL,60,0,2508.3,86.9,81.23,66.67
R,0.22,8,50,0.09,1.04,Freddy Fermin,9.41,666023,SDP,25,33.33,Other,FA,0,0,1062.75,91.65,42.5,100
R,0.04,5,0,0.66,0.23,Freddy Fermin,5.88,666023,SDP,40,33.33,Changeup,CH,0,1,1540.6,92.85,84.6,50
R,0.22,4,0,-1.14,-0.06,Freddy Fermin,4.71,666023,SDP,0,50,Curveball,CU,0,0,2654.5,102.1,77.65,0
R,0,2,0,-0.06,0.77,Freddy Fermin,2.35,666023,SDP,0,0,Cutter,FC,0,0,2362,0,94.7,0
R,0.18,72,18.06,-0.41,1.23,Gavin Sheets,26.28,657757,SDP,50,19.44,4-Seam Fastball,FF,14.71,0,2319.03,87.57,94.98,75
R,0.17,46,19.57,-0.38,0.53,Gavin Sheets,16.79,657757,SDP,54.35,61.9,Sinker,SI,3.33,0.2,2299.72,82.45,93.46,68
R,0.16,45,8.89,-1.15,0.43,Gavin Sheets,16.42,657757,SDP,31.11,41.94,Changeup,CH,11.54,0.15,1693.51,81.46,86.28,92.86
R,0.25,37,35.14,0.08,-0.8,Gavin Sheets,13.5,657757,SDP,37.84,8.7,Curveball,CU,0,0.4,2664.84,92.17,79.76,28.57
R,0.22,37,27.03,-0.01,0.16,Gavin Sheets,13.5,657757,SDP,35.14,29.17,Slider,SL,33.33,0,2449.84,72.37,86.35,61.54
R,0,12,50,0.14,0.64,Gavin Sheets,4.38,657757,SDP,83.33,0,Cutter,FC,0,0,2371.08,88.15,89.94,40
R,0.03,11,45.45,-0.97,-0.04,Gavin Sheets,4.01,657757,SDP,72.73,0,Sweeper,ST,0,0,2788.82,83.2,80.4,37.5
R,0,8,0,-1.39,0.44,Gavin Sheets,2.92,657757,SDP,0,25,Split-Finger,FS,0,0,1865.25,46.8,86.25,0
R,0.95,6,0,0.13,0.87,Gavin Sheets,2.19,657757,SDP,33.33,0,Other,FA,0,1,1321.67,103.1,53.23,100
R,0.56,128,26.56,-0.36,1.3,Jackson Merrill,37.65,701538,SDP,52.34,45.9,4-Seam Fastball,FF,18.18,0.31,2289.67,86.23,94.35,73.13
R,0.36,45,31.11,-0.25,0.76,Jackson Merrill,13.24,701538,SDP,42.22,69.23,Sinker,SI,8,0.62,2288.2,83.05,93.19,36.84
R,0.12,37,10.81,-0.69,0.31,Jackson Merrill,10.88,701538,SDP,32.43,44,Changeup,CH,5,0.18,1555.62,82.95,85.33,75
R,0.4,35,28.57,-0.1,0.15,Jackson Merrill,10.29,701538,SDP,42.86,50,Slider,SL,28.57,0.36,2416,92.76,84.37,73.33
R,0.5,32,34.38,0.03,0.71,Jackson Merrill,9.41,701538,SDP,43.75,33.33,Cutter,FC,40,0.33,2291.09,83.54,88.89,64.29
R,0.39,26,23.08,-0.08,-0.46,Jackson Merrill,7.65,701538,SDP,15.38,36.36,Curveball,CU,40,0.33,2732.23,78.27,80.52,50
R,0.63,26,26.92,0.76,0.26,Jackson Merrill,7.65,701538,SDP,34.62,41.18,Sweeper,ST,43.75,0.5,2874.27,86.28,82.5,100
R,1.64,8,0,0.04,1.03,Jackson Merrill,2.35,701538,SDP,25,33.33,Other,FA,0,1,1139.75,81.35,46.05,100
R,0,2,0,-1.01,0.67,Jackson Merrill,0.59,701538,SDP,0,0,Split-Finger,FS,0,0,1643,0,86.1,0
R,0,1,0,1.02,-0.42,Jackson Merrill,0.29,701538,SDP,0,0,Slow Curve,CS,0,0,2410,0,67.4,0
R,0.44,127,23.62,-0.53,1.35,Jake Cronenworth,34.99,630105,SDP,63.78,23.91,4-Seam Fastball,FF,13.04,0.32,2369.83,82.63,95.3,71.6
R,0.24,78,17.95,-0.49,0.82,Jake Cronenworth,21.49,630105,SDP,47.44,21.95,Sinker,SI,8.57,0.1,2262.12,82.01,93.25,70.27
R,0.14,39,41.03,-1.05,0.4,Jake Cronenworth,10.74,630105,SDP,35.9,56,Changeup,CH,47.83,0,1758.13,75.06,86.78,64.29
R,0.54,35,34.29,0.35,0.02,Jake Cronenworth,9.64,630105,SDP,57.14,40,Sweeper,ST,17.65,1,2625.17,81.16,82.73,55
R,0.78,34,11.76,0.04,-0.02,Jake Cronenworth,9.37,630105,SDP,20.59,25.93,Slider,SL,16.67,1,2453.71,80.26,86.89,71.43
R,0.52,31,16.13,0.02,0.65,Jake Cronenworth,8.54,630105,SDP,41.94,0,Cutter,FC,14.29,0.4,2357.61,92.13,88.95,53.85
R,0,15,26.67,0.67,-1.02,Jake Cronenworth,4.13,630105,SDP,46.67,0,Curveball,CU,0,0,2728.53,64.83,81.77,42.86
R,0,4,50,-1.2,0.1,Jake Cronenworth,1.1,630105,SDP,0,50,Split-Finger,FS,100,0,1578,0,86.6,0
R,0.06,26,30.77,0.01,0.97,Jase Bowen,36.62,687749,SDP,42.31,40,Sinker,SI,30.77,0,2132.19,74.99,94.25,63.64
R,0.32,19,26.32,-0.19,1.13,Jase Bowen,26.76,687749,SDP,78.95,0,4-Seam Fastball,FF,23.08,0.67,2215.84,78.76,95.27,86.67
R,0.05,8,50,-0.1,0.59,Jase Bowen,11.27,687749,SDP,75,0,Cutter,FC,0,0,2324.5,86.15,87.35,66.67
R,0.73,8,25,-0.55,1.3,Jase Bowen,11.27,687749,SDP,0,0,Other,FA,0,0,1049.75,0,41,0
R,0,6,33.33,1.17,0.76,Jase Bowen,8.45,687749,SDP,33.33,0,Changeup,CH,100,0,1654,0,81.57,100
R,0,2,50,-1,-0.22,Jase Bowen,2.82,687749,SDP,0,50,Slider,SL,100,0,2622,0,79.4,0
R,0,2,100,1.56,0.19,Jase Bowen,2.82,687749,SDP,0,100,Sweeper,ST,100,0,3042,0,87.7,0
R,0.12,41,9.76,-0.48,1.3,Luis Campusano,19.07,669134,SDP,43.9,43.48,4-Seam Fastball,FF,8.33,0.2,2387.51,86.37,95.78,77.78
R,0.57,36,41.67,-0.14,-0.72,Luis Campusano,16.74,669134,SDP,41.67,9.52,Curveball,CU,33.33,0.67,2665.56,92.5,80.55,26.67
R,0.02,35,31.43,1.1,0.08,Luis Campusano,16.28,669134,SDP,51.43,23.53,Sweeper,ST,35.29,0,2807.77,80.73,82.79,72.22
R,0.47,34,17.65,-0.56,0.63,Luis Campusano,15.81,669134,SDP,52.94,25,Sinker,SI,0,0.22,2259.24,79.23,92.51,66.67
R,0.15,24,50,0.38,0.03,Luis Campusano,11.16,669134,SDP,41.67,42.86,Slider,SL,60,0,2486.92,63.4,85.25,40
R,0.32,22,18.18,-0.2,0.61,Luis Campusano,10.23,669134,SDP,45.45,0,Changeup,CH,25,1,1660.64,85.5,83.16,80
R,0.35,22,36.36,0.01,0.68,Luis Campusano,10.23,669134,SDP,40.91,30.77,Cutter,FC,25,0,2316.59,71.33,90.09,44.44
R,0,1,0,1.75,0.02,Luis Campusano,0.47,669134,SDP,100,0,Slow Curve,CS,0,0,2388,54.8,64.9,100
R,0.32,101,22.77,-0.41,1.29,Luis Rengifo,33.67,650859,SDP,60.4,15,4-Seam Fastball,FF,13.46,0.32,2313.1,81.61,94.56,75.41
R,0.37,48,16.67,-0.66,0.64,Luis Rengifo,16,650859,SDP,33.33,31.25,Changeup,CH,28,0.43,1878.42,85.66,85.25,93.75
R,0.51,42,9.52,-0.67,0.66,Luis Rengifo,14,650859,SDP,47.62,27.27,Sinker,SI,0,0.6,2368.76,90.4,94.67,80
R,0.23,32,50,-0.13,0.61,Luis Rengifo,10.67,650859,SDP,68.75,40,Cutter,FC,25,0.2,2406.19,83.35,88.71,54.55
R,0.43,27,22.22,0.04,0.21,Luis Rengifo,9,650859,SDP,29.63,47.37,Slider,SL,15.38,0.38,2475.52,90.86,85.45,50
R,0.2,20,5,0.04,-0.74,Luis Rengifo,6.67,650859,SDP,45,18.18,Curveball,CU,0,0,2455.2,81.27,79.64,66.67
R,0.28,18,0,0.29,0.12,Luis Rengifo,6,650859,SDP,22.22,28.57,Sweeper,ST,0,0.5,2723,90,81.63,100
R,0.58,12,33.33,-0.16,0.87,Luis Rengifo,4,650859,SDP,0,33.33,Other,FA,50,1,1179.5,98.8,48.17,0
R,0.54,118,21.19,-0.41,1.28,Manny Machado,31.38,592518,SDP,55.08,26.42,4-Seam Fastball,FF,14.29,0.46,2335.32,85.45,95.45,75.38
R,0.48,77,22.08,-0.89,0.68,Manny Machado,20.48,592518,SDP,50.65,26.32,Sinker,SI,5.88,0.38,2215.09,82.76,93.08,61.54
R,0.21,50,30,0.18,0.01,Manny Machado,13.3,592518,SDP,40,26.67,Slider,SL,38.1,0.21,2407.54,83.78,84.63,65
R,0.24,46,21.74,1.1,0.22,Manny Machado,12.23,592518,SDP,47.83,29.17,Sweeper,ST,22.73,0.29,2589.09,84.28,82.9,68.18
R,0.36,36,5.56,0.05,0.57,Manny Machado,9.57,592518,SDP,55.56,0,Cutter,FC,0,0,2437.86,83.65,90.48,90
R,0.53,35,34.29,-0.24,0.41,Manny Machado,9.31,592518,SDP,40,52.38,Changeup,CH,43.48,0.29,1671.11,93.1,85.63,85.71
R,0,11,27.27,0.45,-0.94,Manny Machado,2.93,592518,SDP,9.09,20,Curveball,CU,100,0,2521.55,0,80.63,100
R,0,2,0,-1.42,0.62,Manny Machado,0.53,592518,SDP,0,0,Split-Finger,FS,0,0,1867,0,85.4,0
R,0,1,0,1.27,0.38,Manny Machado,0.27,592518,SDP,0,0,Slow Curve,CS,0,0,2306,0,65.2,0
R,0.04,2,0,-0.14,1.23,Randy Vásquez,100,681190,SDP,100,0,Other,FA,0,0,1074,66.1,44.5,100
R,0.09,42,35.71,-0.68,1.44,Sung-Mun Song,37.17,823550,SDP,61.9,25,4-Seam Fastball,FF,28.57,0.11,2447.98,85.77,94.47,65.38
R,0.7,32,34.38,-0.45,0.44,Sung-Mun Song,28.32,823550,SDP,43.75,11.11,Sinker,SI,30,0,2140.03,53.84,91.55,57.14
R,0.53,12,16.67,-0.05,1,Sung-Mun Song,10.62,823550,SDP,50,33.33,Other,FA,0,1,1215.17,95.3,48.42,33.33
R,0.15,10,40,0.13,0.47,Sung-Mun Song,8.85,823550,SDP,60,0,Cutter,FC,0,0,2495,93,89.98,33.33
R,0,6,0,-0.04,0.28,Sung-Mun Song,5.31,823550,SDP,33.33,0,Slider,SL,0,0,2529,53.3,85.1,100
R,0,5,60,-0.99,0.4,Sung-Mun Song,4.42,823550,SDP,40,66.67,Changeup,CH,75,0,1713,0,87.3,100
R,0,4,0,-0.04,-1.08,Sung-Mun Song,3.54,823550,SDP,0,0,Curveball,CU,0,0,2677.5,0,79.35,0
R,0,2,0,1.05,0.44,Sung-Mun Song,1.77,823550,SDP,0,0,Sweeper,ST,0,0,2976,0,77.6,0
R,0.29,127,20.47,-0.39,1.21,Ty France,38.6,664034,SDP,40.94,26.67,4-Seam Fastball,FF,21.31,0.48,2263.82,85.27,94.88,78.85
R,0.44,53,11.32,-1.02,0.68,Ty France,16.11,664034,SDP,45.28,24.14,Sinker,SI,6.9,0.37,2193.51,90.36,93.59,91.67
R,0.29,50,36,0.02,-0.01,Ty France,15.2,664034,SDP,58,57.14,Slider,SL,34.29,0.29,2419.68,91.26,85.13,79.31
R,0.35,35,11.43,0.21,0.56,Ty France,10.64,664034,SDP,34.29,39.13,Changeup,CH,10.53,0.25,1656.8,88.7,85.45,83.33
R,0.19,27,22.22,0.91,0.15,Ty France,8.21,664034,SDP,44.44,26.67,Sweeper,ST,37.5,0.22,2599.48,85.71,82.09,100
R,0.37,22,36.36,0.02,0.75,Ty France,6.69,664034,SDP,59.09,66.67,Cutter,FC,35.29,0.5,2261,78.11,88.88,84.62
R,1.48,8,25,0.18,1.1,Ty France,2.43,664034,SDP,25,0,Other,FA,0,1,1116.25,103,46.32,100
R,0.33,7,57.14,0.71,-0.95,Ty France,2.13,664034,SDP,57.14,66.67,Curveball,CU,50,0,2573.14,101.3,82.04,50
R,0.32,102,28.43,-0.53,0.57,Xander Bogaerts,31.58,593428,SDP,43.14,10.34,Sinker,SI,12,0,2165,90.24,93.17,43.18
R,0.36,54,33.33,0.25,0.08,Xander Bogaerts,16.72,593428,SDP,53.7,28,Sweeper,ST,19.23,0.36,2677.22,81.16,83.12,65.52
R,0.66,47,29.79,-0.33,1.21,Xander Bogaerts,14.55,593428,SDP,72.34,15.38,4-Seam Fastball,FF,0,0.4,2239.81,83.46,94.87,58.82
R,0.17,47,25.53,0.01,0.08,Xander Bogaerts,14.55,593428,SDP,46.81,8,Slider,SL,13.33,0,2506.32,82.75,85.77,59.09
R,0.42,30,36.67,0.01,0.69,Xander Bogaerts,9.29,593428,SDP,56.67,0,Cutter,FC,0,0.5,2375.53,90.75,89.45,35.29
R,0.13,21,33.33,0.42,-0.68,Xander Bogaerts,6.5,593428,SDP,61.9,25,Curveball,CU,33.33,0,2571.19,88.5,81.04,76.92
R,0.04,20,40,0.75,0.35,Xander Bogaerts,6.19,593428,SDP,45,36.36,Changeup,CH,66.67,0,1593.25,89.27,84.21,55.56
R,0,2,0,-1.36,0.68,Xander Bogaerts,0.62,593428,SDP,0,0,Split-Finger,FS,0,0,1760,0,85.4,0
R,0.32,15,6.67,-0.11,1.26,,20,609280,SDP,60,33.33,4-Seam Fastball,FF,0,0.5,2167.4,87.6,93.51,88.89
R,0.43,12,16.67,0.29,0.64,,16,609280,SDP,8.33,27.27,Changeup,CH,33.33,0,1703.33,75.15,82.77,0
R,0.24,12,25,-1.19,0.53,,16,609280,SDP,33.33,25,Sinker,SI,0,0,1955.33,80.08,95.3,75
R,0.08,11,36.36,-0.01,0.57,,14.67,609280,SDP,54.55,60,Cutter,FC,28.57,0,2447.55,78.6,90.67,66.67
R,0.7,10,20,-0.08,0.96,,13.33,609280,SDP,0,0,Other,FA,0,0,1106.6,0,45.24,0
R,0.27,8,37.5,0.2,-0.15,,10.67,609280,SDP,62.5,33.33,Slider,SL,0,0,2273,80.7,84.42,40
R,0.43,4,0,-0.37,-1.01,,5.33,609280,SDP,0,50,Curveball,CU,0,0,2289,105.6,80.05,0
R,0.46,3,33.33,1.36,-0.05,,4,609280,SDP,66.67,0,Sweeper,ST,50,1,2848,96.6,81.13,100
R,0.33,133,30.83,0.08,1.37,Cal Raleigh,39.23,663728,SEA,54.89,45,4-Seam Fastball,FF,28.92,0.13,2381.02,87.42,95.18,76.71
R,0.34,49,28.57,0.46,0.23,Cal Raleigh,14.45,663728,SEA,26.53,44.44,Changeup,CH,28.57,0,1669.39,85.93,85.47,38.46
R,0.33,43,27.91,-0.02,0.09,Cal Raleigh,12.68,663728,SEA,25.58,21.88,Slider,SL,55.56,0.29,2509.02,99.15,85.6,100
R,0.07,28,17.86,0.04,0.54,Cal Raleigh,8.26,663728,SEA,46.43,26.67,Cutter,FC,33.33,0,2340.32,77.68,88.34,84.62
R,0.4,28,39.29,-0.63,0.61,Cal Raleigh,8.26,663728,SEA,50,42.86,Sinker,SI,30.77,0.4,2228.04,78.76,92.57,50
R,0.34,26,15.38,-0.21,-0.73,Cal Raleigh,7.67,663728,SEA,46.15,0,Curveball,CU,0,0,2482.81,93.12,78.4,66.67
R,0.12,16,25,-0.78,0,Cal Raleigh,4.72,663728,SEA,50,25,Sweeper,ST,0,0,2822.06,73.05,82.01,50
R,0,8,25,-1,0.1,Cal Raleigh,2.36,663728,SEA,0,25,Split-Finger,FS,100,0,1333.75,0,87.95,0
R,0,6,66.67,-0.05,-0.88,Cal Raleigh,1.77,663728,SEA,16.67,80,Knuckle Curve,KC,80,0,2440.33,91,81.22,100
R,1.17,2,0,-0.88,-1.17,Cal Raleigh,0.59,663728,SEA,100,0,Slurve,SV,0,1,3076,102.1,78.1,100
R,0.27,134,20.9,-0.03,1.35,Cole Young,40.85,702284,SEA,59.7,29.63,4-Seam Fastball,FF,5.41,0.23,2374.72,81.7,94.36,72.5
R,0.29,60,23.33,-0.05,0.16,Cole Young,18.29,702284,SEA,43.33,29.41,Slider,SL,31.25,0.45,2407,81.48,86.42,84.62
R,0.53,38,26.32,0,0.61,Cole Young,11.59,702284,SEA,39.47,39.13,Cutter,FC,21.05,0.57,2379.76,79.03,89.1,66.67
R,0.23,33,21.21,0.24,0.74,Cole Young,10.06,702284,SEA,51.52,43.75,Sinker,SI,0,0.15,2237.88,82.31,93.5,70.59
R,0.96,21,19.05,-1.16,0.17,Cole Young,6.4,702284,SEA,33.33,50,Changeup,CH,16.67,0.75,1639.29,82.09,86.7,71.43
R,0.59,19,5.26,-0.27,0.09,Cole Young,5.79,702284,SEA,36.84,8.33,Sweeper,ST,0,0.33,2726.63,80.96,82.85,85.71
R,0.5,11,27.27,0.66,-0.6,Cole Young,3.35,702284,SEA,54.55,60,Curveball,CU,0,0,2543.45,83.18,78.14,83.33
R,0.38,8,0,-1.09,0.05,Cole Young,2.44,702284,SEA,50,50,Split-Finger,FS,0,0,1537.25,98,88.45,100
R,0,4,0,-0.34,-0.57,Cole Young,1.22,702284,SEA,50,0,Knuckle Curve,KC,0,0,2077.5,87.4,77.25,100
R,0.05,104,31.73,0.07,1.39,Colt Emerson,39.54,806068,SEA,60.58,36.59,4-Seam Fastball,FF,25.86,0.12,2362.29,78.65,94.49,68.25
R,0.51,36,13.89,-0.12,0.79,Colt Emerson,13.69,806068,SEA,50,33.33,Sinker,SI,17.39,0.5,2167.11,81.03,95.02,94.44
R,0.33,35,34.29,0.1,0.01,Colt Emerson,13.31,806068,SEA,31.43,58.33,Slider,SL,43.48,0.15,2441.31,89.15,85.87,81.82
R,0.2,31,22.58,0.06,-0.19,Colt Emerson,11.79,806068,SEA,29.03,36.36,Sweeper,ST,28.57,0,2716.74,87.44,81.34,66.67
R,0.25,21,38.1,-0.98,0.23,Colt Emerson,7.98,806068,SEA,42.86,50,Changeup,CH,36.36,0,1702.67,74.81,85.67,55.56
R,0.45,12,25,1.14,-0.9,Colt Emerson,4.56,806068,SEA,83.33,100,Curveball,CU,10,0.4,3004.92,87.81,79.46,80
R,0.09,12,16.67,-0.92,-0.06,Colt Emerson,4.56,806068,SEA,91.67,0,Split-Finger,FS,0,0,1437.92,82.63,88.28,81.82
R,0.38,9,0,-0.1,0.66,Colt Emerson,3.42,806068,SEA,55.56,25,Cutter,FC,0,0.4,2335.67,75.7,89.89,100
R,0,2,100,-0.24,-0.57,Colt Emerson,0.76,806068,SEA,100,0,Knuckle Curve,KC,0,0,2086,0,80.6,0
R,0,1,0,0,0,Colt Emerson,0.38,806068,SEA,0,0,Unknown,UNK,0,0,0,0,0,0
R,0.34,88,44.32,-0.09,0.07,Dominic Canzone,27.59,686527,SEA,54.55,70,Slider,SL,37.7,0.2,2376.94,79.21,86.02,68.75
R,0.63,86,25.58,-0.09,1.26,Dominic Canzone,26.96,686527,SEA,58.14,25,4-Seam Fastball,FF,13.33,0.5,2319.66,87.19,94.32,72
R,0.48,40,32.5,0.2,0.49,Dominic Canzone,12.54,686527,SEA,47.5,38.1,Sinker,SI,0,0.29,2275.72,87.97,92.98,42.11
R,0.13,27,29.63,-0.43,0.05,Dominic Canzone,8.46,686527,SEA,37.04,35.29,Sweeper,ST,38.46,0,2764.56,77.67,82.76,70
R,0.45,20,40,-0.81,0.11,Dominic Canzone,6.27,686527,SEA,60,50,Split-Finger,FS,42.86,0.2,1384.5,85.25,87.07,83.33
R,0.41,18,11.11,-1.1,0.1,Dominic Canzone,5.64,686527,SEA,55.56,62.5,Changeup,CH,13.33,0.22,1640.61,76.09,86.34,100
R,0.61,15,0,0.68,-0.61,Dominic Canzone,4.7,686527,SEA,33.33,0,Curveball,CU,0,1,2262.47,96.7,76.69,100
R,0.05,15,6.67,0.05,0.63,Dominic Canzone,4.7,686527,SEA,20,8.33,Cutter,FC,0,0,2373.73,86.7,89.64,66.67
R,0,8,0,0,0,Dominic Canzone,2.51,686527,SEA,0,0,Unknown,UNK,0,0,0,0,0,0
R,0,2,50,0.71,-1.25,Dominic Canzone,0.63,686527,SEA,0,50,Knuckle Curve,KC,100,0,2802.5,0,81.9,0
R,0.03,82,28.05,-0.11,1.37,J.P. Crawford,34.17,641487,SEA,45.12,20,4-Seam Fastball,FF,33.33,0,2337.48,76.91,94.98,72.97
R,0.16,55,25.45,-0.1,0.19,J.P. Crawford,22.92,641487,SEA,50.91,22.22,Slider,SL,18.18,0.11,2325.53,79.86,86.54,57.14
R,0.38,33,15.15,-0.02,0.71,J.P. Crawford,13.75,641487,SEA,30.3,0,Sinker,SI,0,0,2156.97,80.77,93.45,70
R,0.3,17,11.76,0.06,0.69,J.P. Crawford,7.08,641487,SEA,58.82,71.43,Cutter,FC,0,0.29,2327.59,72.63,90.65,80
R,0,14,28.57,0.83,-0.68,J.P. Crawford,5.83,641487,SEA,21.43,36.36,Curveball,CU,25,0,2313.36,78.83,75.77,0
R,0,11,0,-0.67,0.29,J.P. Crawford,4.58,641487,SEA,18.18,0,Changeup,CH,0,0,1660.64,61,86.43,100
R,0.84,10,20,-0.78,0.01,J.P. Crawford,4.17,641487,SEA,60,50,Split-Finger,FS,14.29,1,1211.5,79.77,86.74,83.33
R,0,9,11.11,-0.26,0.25,J.P. Crawford,3.75,641487,SEA,55.56,0,Sweeper,ST,0,0,2494.22,61.1,81.77,80
R,0.7,7,28.57,-0.14,-0.76,J.P. Crawford,2.92,641487,SEA,57.14,0,Knuckle Curve,KC,0,0,2183.14,0,79.34,0
R,0,2,0,0,0,J.P. Crawford,0.83,641487,SEA,0,0,Unknown,UNK,0,0,0,0,0,0
R,0.36,80,30,-0.19,0.11,Josh Naylor,25.48,647304,SEA,42.5,34.78,Slider,SL,27.78,0.12,2352.15,79.58,85.53,58.82
R,0.26,78,28.21,-0.06,1.4,Josh Naylor,24.84,647304,SEA,60.26,67.74,4-Seam Fastball,FF,8,0.44,2403.24,84.69,94.71,61.7
R,0.41,46,21.74,-0.01,0.59,Josh Naylor,14.65,647304,SEA,47.83,33.33,Sinker,SI,0,0.53,2233.48,83.82,93.11,50
R,0.27,34,17.65,0.05,0.56,Josh Naylor,10.83,647304,SEA,44.12,47.37,Cutter,FC,0,0.14,2274.85,78.31,88.61,73.33
R,0.38,28,17.86,-0.82,-0.01,Josh Naylor,8.92,647304,SEA,32.14,63.16,Sweeper,ST,11.11,0.4,2696.21,74.75,83.2,66.67
R,0.06,21,28.57,-0.99,0.14,Josh Naylor,6.69,647304,SEA,42.86,16.67,Split-Finger,FS,44.44,0,1525.86,89.73,87.02,77.78
R,0,14,35.71,0.68,-0.61,Josh Naylor,4.46,647304,SEA,78.57,33.33,Curveball,CU,0,0,2152.5,59.73,78.36,18.18
R,0.32,13,0,-0.83,0.15,Josh Naylor,4.14,647304,SEA,53.85,50,Changeup,CH,0,0.29,1690.85,89.56,87.17,85.71
R,0.32,93,18.28,0.24,1.34,Julio Rodríguez,29.9,677594,SEA,48.39,37.5,4-Seam Fastball,FF,14.81,0.09,2309.53,85.05,94.54,80
R,0.37,54,14.81,0.52,0.68,Julio Rodríguez,17.36,677594,SEA,33.33,41.67,Changeup,CH,24.24,0.55,1785.52,85.5,86.21,100
R,0.31,45,17.78,-0.77,0.62,Julio Rodríguez,14.47,677594,SEA,71.11,38.46,Sinker,SI,0,0.35,2157,80.46,93.56,78.12
R,0.43,43,18.6,0.16,0.12,Julio Rodríguez,13.83,677594,SEA,34.88,64.29,Slider,SL,12.9,0.14,2426.72,84.44,86.94,86.67
R,0.43,33,27.27,1.29,0.08,Julio Rodríguez,10.61,677594,SEA,42.42,47.37,Sweeper,ST,29.41,0.25,2800.58,84.55,83.8,57.14
R,0.08,17,23.53,-0.27,-0.78,Julio Rodríguez,5.47,677594,SEA,35.29,54.55,Curveball,CU,40,0,2516.29,72.95,79.81,66.67
R,0.27,14,14.29,-0.08,0.71,Julio Rodríguez,4.5,677594,SEA,42.86,25,Cutter,FC,25,0,2369.86,94.57,89.87,100
R,0,6,0,-0.33,-0.71,Julio Rodríguez,1.93,677594,SEA,33.33,100,Knuckle Curve,KC,0,0,2231.33,83.83,80.47,100
R,0,6,33.33,-1.13,-0.03,Julio Rodríguez,1.93,677594,SEA,33.33,100,Split-Finger,FS,33.33,0,1459.67,88.2,88.37,100
R,0.21,67,26.87,-0.66,1.29,Luke Raley,38.07,670042,SEA,37.31,23.81,4-Seam Fastball,FF,34.48,0,2318.16,88.04,94.83,76
R,0.24,36,33.33,0.2,0.08,Luke Raley,20.45,670042,SEA,38.89,45.45,Slider,SL,45.45,0.2,2508.83,85.6,86.15,85.71
R,0.73,22,22.73,-1.01,-0.3,Luke Raley,12.5,670042,SEA,50,36.36,Changeup,CH,28.57,0.5,1579.18,73.44,85.43,90.91
R,0.3,20,35,-0.57,0.52,Luke Raley,11.36,670042,SEA,40,33.33,Sinker,SI,44.44,0,2230.6,94.84,93.1,62.5
R,0.68,14,14.29,0.03,0.49,Luke Raley,7.95,670042,SEA,21.43,36.36,Cutter,FC,28.57,1,2218.86,87.02,89.24,100
R,0.04,9,22.22,-1.04,0.17,Luke Raley,5.11,670042,SEA,22.22,71.43,Split-Finger,FS,28.57,0,1506.56,68.23,89.18,100
R,0.64,6,33.33,0.45,-0.45,Luke Raley,3.41,670042,SEA,66.67,0,Curveball,CU,50,1,2705.67,105,86.63,100
R,0,2,100,1.04,0,Luke Raley,1.14,670042,SEA,50,100,Sweeper,ST,100,0,2477,0,84.85,0
R,0.96,43,27.91,-0.74,0.7,Mitch Garver,40.95,641598,SEA,41.86,44,Sinker,SI,13.04,0.5,2144.56,86.88,94.07,66.67
R,0,28,32.14,0.04,-0.28,Mitch Garver,26.67,641598,SEA,39.29,11.76,Slider,SL,42.86,0,2286.57,92.3,83.75,45.45
R,0.29,20,40,0.42,1.37,Mitch Garver,19.05,641598,SEA,40,50,4-Seam Fastball,FF,40,0.25,2308.9,82.57,95.62,50
R,0.11,10,40,0.99,0.75,Mitch Garver,9.52,641598,SEA,40,33.33,Changeup,CH,50,0,1786.4,93.3,85.46,50
R,0,2,100,0.02,-0.74,Mitch Garver,1.9,641598,SEA,100,0,Curveball,CU,0,0,2262,0,82.6,0
R,0,2,0,-0.1,0.5,Mitch Garver,1.9,641598,SEA,100,0,Cutter,FC,0,0,2673,97.3,90.8,100
R,0.25,138,29.71,-0.01,1.35,Randy Arozarena,32.47,668227,SEA,49.28,24.29,4-Seam Fastball,FF,23.33,0.22,2395.43,84.31,95.3,63.24
R,0.2,90,24.44,0.11,0.06,Randy Arozarena,21.18,668227,SEA,40,44.44,Slider,SL,23.08,0.15,2490.64,78.31,87.25,77.78
R,0.72,75,25.33,-1.05,0.65,Randy Arozarena,17.65,668227,SEA,46.67,5,Sinker,SI,30.43,0.75,2228.36,89.11,93.51,60
R,0.25,39,23.08,0.72,0.48,Randy Arozarena,9.18,668227,SEA,46.15,19.05,Changeup,CH,7.14,0,1714.46,85.01,85.68,55.56
R,0.3,31,29.03,0.29,-0.56,Randy Arozarena,7.29,668227,SEA,51.61,53.33,Curveball,CU,27.78,0.36,2525.35,85.77,80.67,62.5
R,0.05,19,26.32,1.39,0.02,Randy Arozarena,4.47,668227,SEA,26.32,42.86,Sweeper,ST,40,0,2500.47,85.67,83.37,80
R,0.44,15,26.67,-1.09,0.13,Randy Arozarena,3.53,668227,SEA,20,50,Split-Finger,FS,28.57,0,1436.53,89.62,88.49,33.33
R,1.13,14,28.57,-0.07,0.54,Randy Arozarena,3.29,668227,SEA,42.86,25,Cutter,FC,33.33,1,2447.21,62.35,89.23,66.67
R,0.23,4,0,-0.36,-0.65,Randy Arozarena,0.94,668227,SEA,50,0,Knuckle Curve,KC,0,0,2226.5,80.1,81.4,100
R,0.72,34,23.53,0.51,1.37,Rob Refsnyder,50,608701,SEA,41.18,40,4-Seam Fastball,FF,33.33,0.5,2459.59,87.96,94.74,71.43
R,0,14,57.14,-0.44,0.03,Rob Refsnyder,20.59,608701,SEA,57.14,33.33,Slider,SL,66.67,0,2524.86,73.6,86.73,50
R,0,10,40,1.2,0.36,Rob Refsnyder,14.71,608701,SEA,40,0,Changeup,CH,0,0,1499.8,0,84.1,0
R,0.04,10,20,-0.31,0.59,Rob Refsnyder,14.71,608701,SEA,60,50,Cutter,FC,0,0,2471.4,81.93,87.8,66.67
R,0.46,14,21.43,0,-0.48,Victor Robles,24.14,645302,SEA,28.57,40,Curveball,CU,37.5,0.8,2826.36,62.74,81.86,100
R,0.16,13,15.38,0.3,-0.18,Victor Robles,22.41,645302,SEA,46.15,57.14,Slider,SL,25,0.5,2745.85,82.55,88.01,66.67
R,0.17,11,9.09,-0.94,0.29,Victor Robles,18.97,645302,SEA,18.18,44.44,Sinker,SI,0,0,2274.64,64.58,93.64,50
R,0.37,8,50,0.29,1.42,Victor Robles,13.79,645302,SEA,100,0,4-Seam Fastball,FF,0,1,2479,86.65,93.15,50
R,0.01,6,33.33,1.28,0.23,Victor Robles,10.34,645302,SEA,0,66.67,Sweeper,ST,50,0,2986.67,82.6,83.43,0
R,0.9,2,0,1.11,0.74,Victor Robles,3.45,645302,SEA,100,0,Changeup,CH,0,1,1998,72.5,86.6,100
R,0,2,0,-0.31,0.43,Victor Robles,3.45,645302,SEA,0,100,Cutter,FC,0,0,2544,0,87.6,0
R,0,2,0,-0.76,-1.18,Victor Robles,3.45,645302,SEA,0,0,Slurve,SV,0,0,3096,0,80.2,0
R,0.22,48,33.33,-0.03,0.08,Weston Wilson,23.3,642215,SEA,33.33,6.25,Slider,SL,57.14,0,2542.46,80.4,86.44,75
R,0.27,46,34.78,0.18,1.4,Weston Wilson,22.33,642215,SEA,43.48,53.85,4-Seam Fastball,FF,35.71,0.29,2470.22,80.86,95.68,70
R,0.25,38,26.32,-0.6,0.79,Weston Wilson,18.45,642215,SEA,52.63,11.11,Sinker,SI,0,1,2281.79,66.1,91.96,60
R,0.03,30,33.33,1.04,-0.05,Weston Wilson,14.56,642215,SEA,46.67,25,Sweeper,ST,42.86,0,2845.07,78.6,82.95,71.43
R,0.13,24,33.33,1.05,0.68,Weston Wilson,11.65,642215,SEA,33.33,37.5,Changeup,CH,40,0,1612.92,73.17,86.34,50
R,0.5,12,33.33,0.21,-0.95,Weston Wilson,5.83,642215,SEA,50,33.33,Curveball,CU,33.33,1,2681.67,95,83.73,66.67
R,0,4,50,-0.29,0.42,Weston Wilson,1.94,642215,SEA,100,0,Cutter,FC,0,0,2496.5,67.4,87.3,50
R,0,4,0,-0.38,-0.58,Weston Wilson,1.94,642215,SEA,50,0,Knuckle Curve,KC,0,0,2011,0,79.35,100
R,0.02,14,28.57,0.61,1.48,,46.67,671083,SEA,85.71,0,4-Seam Fastball,FF,0,0,2305.14,79.88,94.21,66.67
R,0,12,83.33,1.19,0.76,,40,671083,SEA,66.67,50,Changeup,CH,100,0,2075.5,0,85.97,50
R,0,2,0,-0.7,-0.77,,6.67,671083,SEA,0,0,Curveball,CU,0,0,2793,0,77.3,0
R,0,2,0,-0.36,0.75,,6.67,671083,SEA,0,0,Slider,SL,0,0,2656,0,88.6,0
R,0.47,118,27.12,-0.54,1.33,Bryce Eldridge,24.79,805811,SFG,51.69,22.81,4-Seam Fastball,FF,16.98,0.43,2232.58,85.08,95.05,65.57
R,0.21,72,27.78,0.34,0.73,Bryce Eldridge,15.13,805811,SFG,52.78,41.18,Sinker,SI,21.05,0,2132.28,86.35,94.4,63.16
R,0.1,58,18.97,-0.07,0.06,Bryce Eldridge,12.18,805811,SFG,29.31,24.39,Slider,SL,27.27,0,2386,77.44,86.37,70.59
R,0.27,55,25.45,-1.12,0.45,Bryce Eldridge,11.55,805811,SFG,29.09,30.77,Changeup,CH,36.36,0,1868.09,76.28,83.66,62.5
R,0,46,30.43,0.57,-0.77,Bryce Eldridge,9.66,805811,SFG,39.13,0,Curveball,CU,25,0,2629.96,63.15,79.12,44.44
R,0.34,46,17.39,0.07,0.89,Bryce Eldridge,9.66,805811,SFG,52.17,0,Cutter,FC,22.22,0,2335.52,82.5,89.63,75
R,0.02,28,35.71,1.06,0.18,Bryce Eldridge,5.88,805811,SFG,60.71,45.45,Sweeper,ST,29.41,0,2624.36,72.92,82.99,70.59
R,0.16,27,22.22,-0.95,0.2,Bryce Eldridge,5.67,805811,SFG,44.44,0,Split-Finger,FS,50,0.17,1251.48,82.74,86.74,100
R,0.7,16,0,-0.02,0.84,Bryce Eldridge,3.36,805811,SFG,25,33.33,Other,FA,0,0,512.38,64.9,60.52,100
R,0,10,40,0.93,-0.42,Bryce Eldridge,2.1,805811,SFG,60,0,Knuckle Curve,KC,0,0,2573,88.6,86.84,66.67
R,0.43,32,18.75,-0.44,0.69,Christian Koss,32,683766,SFG,37.5,40,Sinker,SI,12.5,0.67,2229.75,81.84,94.03,66.67
R,0.15,30,33.33,-0.3,1.31,Christian Koss,30,683766,SFG,26.67,45.45,4-Seam Fastball,FF,50,0,2382.4,64.7,93.01,75
R,0.18,12,16.67,0.09,0.79,Christian Koss,12,683766,SFG,66.67,50,Cutter,FC,20,0.33,2309.83,84.2,88.23,100
R,0,8,25,-0.79,0.21,Christian Koss,8,683766,SFG,50,0,Changeup,CH,50,0,1520.5,0,80.82,100
R,0,8,50,1.16,0.24,Christian Koss,8,683766,SFG,25,0,Sweeper,ST,0,0,2519.75,0,82.28,0
R,0.36,6,33.33,-0.01,1.38,Christian Koss,6,683766,SFG,33.33,0,Other,FA,0,0,892.33,80.6,41.4,100
R,0,2,0,-1.07,-0.65,Christian Koss,2,683766,SFG,100,0,Curveball,CU,0,0,2536,81.3,75.9,100
R,0,2,0,-0.97,0.45,Christian Koss,2,683766,SFG,0,0,Slider,SL,0,0,2474,0,81.5,0
R,0.42,58,15.52,-0.64,1.26,Daniel Susac,38.16,691740,SFG,53.45,70.37,4-Seam Fastball,FF,4.44,0,2251.67,80.58,94.08,83.87
R,0.49,20,35,-0.89,0.65,Daniel Susac,13.16,691740,SFG,30,21.43,Sinker,SI,50,0,2181.9,77.6,94.06,16.67
R,0.14,20,20,0.18,0.1,Daniel Susac,13.16,691740,SFG,25,26.67,Slider,SL,28.57,0,2022.45,61.92,82.56,60
R,0.75,18,11.11,0.58,0.58,Daniel Susac,11.84,691740,SFG,44.44,40,Changeup,CH,0,0.75,1660.11,88.92,80.93,75
R,0.51,14,14.29,0.14,0.95,Daniel Susac,9.21,691740,SFG,42.86,25,Cutter,FC,0,0,2438.29,77.43,89.41,66.67
R,0,8,0,-0.8,-0.16,Daniel Susac,5.26,691740,SFG,0,50,Split-Finger,FS,0,0,1092.5,81.8,84.48,0
R,0.04,6,33.33,0.93,-0.73,Daniel Susac,3.95,691740,SFG,33.33,50,Curveball,CU,0,0,2513.67,70.9,79.3,0
R,0.49,4,0,0.06,0.53,Daniel Susac,2.63,691740,SFG,50,0,Other,FA,0,1,459.5,97.3,58.25,100
R,0,2,100,-0.5,-0.17,Daniel Susac,1.32,691740,SFG,100,0,Knuckle Curve,KC,0,0,2260,0,80.2,0
R,0.31,2,0,0.57,0.67,Daniel Susac,1.32,691740,SFG,0,100,Sweeper,ST,0,0,2488,70.2,81.4,0
R,0.56,32,15.62,-0.69,1.41,Drew Cavanaugh,24.24,701852,SFG,43.75,33.33,4-Seam Fastball,FF,6.25,0.43,2375.19,68.4,94.26,71.43
R,0.25,27,11.11,-0.83,0.66,Drew Cavanaugh,20.45,701852,SFG,48.15,0,Sinker,SI,0,0.33,2168.26,85.46,95.84,76.92
R,0.89,19,47.37,0.22,0.08,Drew Cavanaugh,14.39,701852,SFG,73.68,80,Slider,SL,18.18,1,2179.82,76.14,83.13,50
R,0.28,14,28.57,-1.32,-0.16,Drew Cavanaugh,10.61,701852,SFG,14.29,33.33,Changeup,CH,33.33,0,2049.14,80.2,88.51,100
R,0,12,16.67,-0.6,0.03,Drew Cavanaugh,9.09,701852,SFG,0,33.33,Split-Finger,FS,50,0,1074.17,65.5,85.65,0
R,0,8,25,1.02,-0.58,Drew Cavanaugh,6.06,701852,SFG,25,0,Knuckle Curve,KC,0,0,2229.25,0,84.38,0
R,0,8,25,1.09,0.44,Drew Cavanaugh,6.06,701852,SFG,25,33.33,Sweeper,ST,50,0,2659.5,92.1,86.2,100
R,0,6,33.33,-0.02,0.87,Drew Cavanaugh,4.55,701852,SFG,66.67,0,Cutter,FC,0,0,2410.33,55.7,90.23,100
R,0.07,4,50,-0.32,1.86,Drew Cavanaugh,3.03,701852,SFG,50,100,Eephus,EP,0,0,1208.5,59.1,43.5,0
R,0,2,0,-0.45,1.87,Drew Cavanaugh,1.52,701852,SFG,0,0,Other,FA,0,0,0,0,36.9,0
R,0.31,84,27.38,-0.65,1.17,Drew Gilbert,36.21,687551,SFG,45.24,17.39,4-Seam Fastball,FF,26.67,0.31,2201.57,87.2,94.3,57.89
R,0.4,41,19.51,-0.9,0.66,Drew Gilbert,17.67,687551,SFG,53.66,10.53,Sinker,SI,12.5,0.4,2182.73,82.14,93.57,63.64
R,0.43,21,19.05,-0.94,0.39,Drew Gilbert,9.05,687551,SFG,52.38,60,Changeup,CH,0,0.5,1779.57,78.31,86.2,63.64
R,0.42,20,40,0.07,0.56,Drew Gilbert,8.62,687551,SFG,70,33.33,Cutter,FC,20,0,2138.6,85.02,90.39,57.14
R,0.58,18,27.78,1.01,-0.77,Drew Gilbert,7.76,687551,SFG,50,44.44,Curveball,CU,0,0,2811.78,67.55,79.92,44.44
R,0.52,17,17.65,-0.87,-0.15,Drew Gilbert,7.33,687551,SFG,17.65,57.14,Split-Finger,FS,27.27,0,1396.35,76.1,86.79,100
R,0.09,11,18.18,-0.17,0.32,Drew Gilbert,4.74,687551,SFG,45.45,0,Slider,SL,0,0,2207.36,97.8,81.45,60
R,0.7,8,25,0.12,1.16,Drew Gilbert,3.45,687551,SFG,0,0,Other,FA,0,0,620.25,0,44.55,0
R,0.66,6,33.33,0.89,-0.55,Drew Gilbert,2.59,687551,SFG,100,0,Knuckle Curve,KC,50,0,2265.67,101.7,85.9,66.67
R,0.73,6,33.33,0.94,0.29,Drew Gilbert,2.59,687551,SFG,33.33,0,Sweeper,ST,0,0,2675.67,0,80.2,0
R,0.67,38,26.32,-0.65,1.16,Grant McCray,25.33,687529,SFG,42.11,18.18,4-Seam Fastball,FF,20,0.25,2134.42,79.75,95.26,37.5
R,0.07,28,21.43,-1.47,0.28,Grant McCray,18.67,687529,SFG,28.57,20,Changeup,CH,25,0,2145.5,72.3,81.93,50
R,0.08,22,36.36,0.14,0.73,Grant McCray,14.67,687529,SFG,63.64,25,Cutter,FC,0,0,2363.27,69.3,89.28,42.86
R,0,20,30,-1.35,0.59,Grant McCray,13.33,687529,SFG,60,0,Sinker,SI,0,0,2197.9,82.9,96.76,50
R,0.34,16,37.5,0.31,0,Grant McCray,10.67,687529,SFG,0,62.5,Slider,SL,60,0.33,2338.62,31.5,88.05,0
R,0.12,12,50,1.29,-0.02,Grant McCray,8,687529,SFG,33.33,75,Sweeper,ST,60,0,2706.17,93,84.25,100
R,0,10,0,-1.05,0.3,Grant McCray,6.67,687529,SFG,40,0,Split-Finger,FS,0,0,1466.2,0,91.24,100
R,0,2,0,1.16,-1.05,Grant McCray,1.33,687529,SFG,0,100,Curveball,CU,0,0,2469,0,81.3,0
R,0,2,100,0.74,-0.71,Grant McCray,1.33,687529,SFG,0,100,Knuckle Curve,KC,100,0,2424,0,86.6,0
R,0.3,113,15.04,-0.98,0.71,Heliot Ramos,33.14,671218,SFG,46.9,30,Sinker,SI,11.48,0.28,2090.09,84.33,94.1,81.13
R,0.22,87,29.89,-0.53,1.29,Heliot Ramos,25.51,671218,SFG,54.02,32.5,4-Seam Fastball,FF,14.29,0.17,2249.87,84.81,93.83,61.7
R,0.56,36,27.78,0.06,0.77,Heliot Ramos,10.56,671218,SFG,55.56,37.5,Cutter,FC,12.5,0.33,2329.89,85.38,89.32,50
R,0.33,30,40,0.02,0.43,Heliot Ramos,8.8,671218,SFG,60,50,Changeup,CH,33.33,0.2,1829.4,83.45,82.63,66.67
R,0.1,22,54.55,0.36,-0.04,Heliot Ramos,6.45,671218,SFG,27.27,93.75,Slider,SL,57.14,0.2,2358.09,82.1,86.7,100
R,0.01,18,61.11,1.18,0.02,Heliot Ramos,5.28,671218,SFG,44.44,70,Sweeper,ST,60,0,2655.67,65.83,83.34,37.5
R,0,14,28.57,-0.76,0.07,Heliot Ramos,4.11,671218,SFG,0,42.86,Split-Finger,FS,66.67,0,928.71,0,84.53,0
R,0,8,50,0.7,-0.57,Heliot Ramos,2.35,671218,SFG,0,75,Knuckle Curve,KC,66.67,0,2337.25,66.7,86.28,0
R,2,7,42.86,0.55,-0.85,Heliot Ramos,2.05,671218,SFG,57.14,33.33,Curveball,CU,33.33,1,2604.43,107.5,77.16,50
R,0.01,4,0,0.06,1.55,Heliot Ramos,1.17,671218,SFG,0,50,Eephus,EP,0,0,1256.5,85.9,45.95,0
R,0.61,2,0,0.09,1.32,Heliot Ramos,0.59,671218,SFG,100,0,Other,FA,0,1,731,100.7,38,100
R,0.42,30,46.67,-0.7,0.71,Jesus Rodriguez,30,683679,SFG,60,50,Sinker,SI,44.44,0.25,2156,70.58,96.69,66.67
R,0,22,36.36,0.17,1.46,Jesus Rodriguez,22,683679,SFG,81.82,0,4-Seam Fastball,FF,37.5,0,2198.64,77.32,94.36,88.89
R,0.23,14,14.29,-0.05,1.64,Jesus Rodriguez,14,683679,SFG,0,57.14,Eephus,EP,0,0,1240.57,65.38,45.99,0
R,0.21,12,33.33,0.25,-0.06,Jesus Rodriguez,12,683679,SFG,33.33,25,Slider,SL,66.67,0.5,2514.5,69,87.03,100
R,0.7,8,25,-0.28,-1.2,Jesus Rodriguez,8,683679,SFG,0,25,Curveball,CU,100,0,2637,0,82.85,0
R,0,6,33.33,-1.13,0.46,Jesus Rodriguez,6,683679,SFG,0,33.33,Changeup,CH,100,0,1650.33,0,84.23,0
R,0,4,0,1.11,0.02,Jesus Rodriguez,4,683679,SFG,0,0,Sweeper,ST,0,0,2471.5,0,83.15,0
R,0,2,0,0.4,0.67,Jesus Rodriguez,2,683679,SFG,0,100,Cutter,FC,0,0,2071,75.3,88.5,0
R,0,2,0,0.91,0.95,Jesus Rodriguez,2,683679,SFG,0,0,Split-Finger,FS,0,0,1732,0,88.8,0
R,0.34,68,25,-0.72,1.27,Jung Hoo Lee,27.31,808982,SFG,57.35,17.24,4-Seam Fastball,FF,12.9,0.21,2292.51,84.06,95,66.67
R,0.29,53,37.74,-0.76,0.76,Jung Hoo Lee,21.29,808982,SFG,67.92,11.76,Sinker,SI,9.52,0.42,2261.57,84.75,94.04,52.78
R,0.42,31,25.81,0.05,0.72,Jung Hoo Lee,12.45,808982,SFG,51.61,33.33,Cutter,FC,13.33,0.33,2308.29,82.73,90.08,62.5
R,0.37,24,33.33,1.02,-0.81,Jung Hoo Lee,9.64,808982,SFG,25,44.44,Curveball,CU,9.09,0.38,2880.54,76.96,80.31,50
R,0.34,24,20.83,0.03,-0.11,Jung Hoo Lee,9.64,808982,SFG,54.17,36.36,Slider,SL,0,0.29,2277.04,71.18,86.51,61.54
R,0.03,22,27.27,-1.29,0.48,Jung Hoo Lee,8.84,808982,SFG,22.73,41.18,Changeup,CH,33.33,0,2017.14,74.3,86.4,40
R,0.52,16,12.5,0.72,0.28,Jung Hoo Lee,6.43,808982,SFG,87.5,0,Sweeper,ST,0,0.5,2647.38,93,82,85.71
R,0,7,28.57,-0.92,-0.02,Jung Hoo Lee,2.81,808982,SFG,0,57.14,Split-Finger,FS,50,0,1743,0,86.63,0
R,0.07,4,50,0.43,0.76,Jung Hoo Lee,1.61,808982,SFG,50,100,Other,FA,0,0,0,77.1,51.3,0
R,0.28,118,22.88,-0.55,1.29,Luis Arraez,36.76,650333,SFG,56.78,43.14,4-Seam Fastball,FF,11.59,0.34,2186.33,84.89,93.95,70.15
R,0.31,86,22.09,-0.01,0.67,Luis Arraez,26.79,650333,SFG,46.51,34.78,Sinker,SI,0,0.43,2112,82.56,92.92,52.5
R,0.44,30,20,0.03,0.89,Luis Arraez,9.35,650333,SFG,66.67,20,Cutter,FC,0,0,2342.4,80.55,88.61,70
R,0.03,29,20.69,-1.03,0.49,Luis Arraez,9.03,650333,SFG,51.72,28.57,Changeup,CH,0,0.33,1694.62,62.45,81.22,46.67
R,0.32,21,0,-0.18,-0.12,Luis Arraez,6.54,650333,SFG,47.62,27.27,Slider,SL,0,0.29,2142.62,77.22,85.06,100
R,0.19,17,35.29,-0.9,0.18,Luis Arraez,5.3,650333,SFG,41.18,60,Split-Finger,FS,22.22,0.43,1125.76,62.94,87.18,42.86
R,0.68,10,20,0.5,0.06,Luis Arraez,3.12,650333,SFG,40,33.33,Sweeper,ST,0,1,2561,81.2,81.68,50
R,0.07,6,0,1.23,-0.77,Luis Arraez,1.87,650333,SFG,66.67,100,Curveball,CU,0,0,3072,86.17,78.43,100
R,0,2,100,1.04,-0.51,Luis Arraez,0.62,650333,SFG,100,0,Knuckle Curve,KC,0,0,2246,0,85.6,0
R,0,2,0,1.35,-0.5,Luis Arraez,0.62,650333,SFG,0,0,Slow Curve,CS,0,0,2313,0,63.9,0
R,0,8,75,-0.46,0.64,Osleivis Basabe,80,678545,SFG,25,66.67,Other,FA,66.67,0,933.75,103.5,53.68,100
R,0,2,0,-0.09,1.41,Osleivis Basabe,20,678545,SFG,0,0,Slider,SL,0,0,1742,0,80,0
R,0.33,147,34.01,-0.52,1.31,Rafael Devers,33.56,646240,SFG,53.74,23.53,4-Seam Fastball,FF,36.62,0.23,2264.9,89.47,95.52,69.62
R,0.29,80,18.75,-0.28,0.7,Rafael Devers,18.26,646240,SFG,56.25,20,Sinker,SI,7.5,0.15,2159.05,86.02,95.14,73.33
R,0.51,52,19.23,0.09,0.82,Rafael Devers,11.87,646240,SFG,46.15,7.14,Cutter,FC,20,0.25,2273,87.11,89.32,75
R,0.27,46,23.91,-0.9,0.44,Rafael Devers,10.5,646240,SFG,32.61,45.16,Changeup,CH,37.93,0.22,1886.52,83.86,83.59,100
R,0.06,37,29.73,-0.04,-0.04,Rafael Devers,8.45,646240,SFG,45.95,30,Slider,SL,29.41,0,2396,79.11,86.26,64.71
R,0.17,28,67.86,0.77,0.27,Rafael Devers,6.39,646240,SFG,53.57,30.77,Sweeper,ST,80,0,2628.11,84.3,81.7,40
R,0.21,24,25,0.05,-0.92,Rafael Devers,5.48,646240,SFG,16.67,50,Curveball,CU,16.67,0,2542,71.4,81.42,50
R,0.55,12,16.67,-1.16,0.1,Rafael Devers,2.74,646240,SFG,33.33,75,Split-Finger,FS,25,0.67,1498.83,86.93,87.55,50
R,0,4,50,1.14,-0.44,Rafael Devers,0.91,646240,SFG,50,0,Knuckle Curve,KC,0,0,2341,0,85.95,0
R,0,4,0,0,0,Rafael Devers,0.91,646240,SFG,0,0,Unknown,UNK,0,0,0,0,0,0
R,0,2,100,1.08,-0.48,Rafael Devers,0.46,646240,SFG,100,0,Slow Curve,CS,100,0,2486,0,67,100
R,0,2,0,0.62,-0.27,Rafael Devers,0.46,646240,SFG,0,100,Slurve,SV,0,0,1843,71.8,88.3,0
R,0.43,83,40.96,-1.07,0.71,Willy Adames,23.85,642715,SFG,57.83,28.57,Sinker,SI,29.41,0.2,2218.9,77.12,95.69,50
R,0.13,80,31.25,-0.62,1.27,Willy Adames,22.99,642715,SFG,50,30,4-Seam Fastball,FF,30.77,0.12,2244.72,76.14,94.84,67.5
R,0.13,49,46.94,0.35,0.02,Willy Adames,14.08,642715,SFG,34.69,37.5,Slider,SL,72.73,0.08,2457.24,93.02,85.86,58.82
R,0.26,42,14.29,-1,0.27,Willy Adames,12.07,642715,SFG,52.38,20,Changeup,CH,9.09,0,2129.33,72.51,84.63,81.82
R,0.28,32,37.5,1.02,0.16,Willy Adames,9.2,642715,SFG,68.75,20,Sweeper,ST,16.67,0.44,2648,87.95,83.29,45.45
R,0.58,22,27.27,-0.02,0.82,Willy Adames,6.32,642715,SFG,63.64,75,Cutter,FC,0,0.67,2343.82,72.37,90.24,57.14
R,0,17,52.94,0.92,-0.5,Willy Adames,4.89,642715,SFG,47.06,55.56,Curveball,CU,55.56,0,2557.59,91.05,80.2,50
R,0.25,15,33.33,-1.03,0.31,Willy Adames,4.31,642715,SFG,86.67,50,Split-Finger,FS,10,0.25,1419.47,83.32,85.69,69.23
R,0,8,0,0.76,-0.52,Willy Adames,2.3,642715,SFG,50,0,Knuckle Curve,KC,0,0,2308,81.1,84.62,100
R,0.45,75,14.67,-0.49,1.29,,31.38,669477,SFG,57.33,40.62,4-Seam Fastball,FF,0,0.29,2199.31,85.74,95.27,74.42
R,0.09,48,31.25,0.17,-0.04,,20.08,669477,SFG,35.42,32.26,Slider,SL,40,0.14,2365.77,78.23,86.35,58.82
R,0.28,44,29.55,-1.08,0.68,,18.41,669477,SFG,47.73,43.48,Sinker,SI,18.18,0.21,2211.25,83.21,95.4,57.14
R,0.43,25,24,1.04,0.04,,10.46,669477,SFG,36,25,Sweeper,ST,41.67,0.2,2543.92,88.91,82.7,88.89
R,0.36,13,30.77,0.25,0.36,,5.44,669477,SFG,38.46,50,Changeup,CH,28.57,0,1566.77,88.08,82.95,60
R,0,12,33.33,1.07,-0.73,,5.02,669477,SFG,66.67,50,Curveball,CU,0,0,2732,63.87,78.32,50
R,0,8,25,-0.55,0.41,,3.35,669477,SFG,37.5,40,Split-Finger,FS,0,0,1632.25,68.6,85.69,33.33
R,0,4,50,0.26,0.68,,1.67,669477,SFG,50,0,Cutter,FC,0,0,2387.5,0,90.2,0
R,0,4,0,1.13,-0.56,,1.67,669477,SFG,0,0,Knuckle Curve,KC,0,0,2249.5,0,85.65,0
R,0,4,0,0,0,,1.67,669477,SFG,0,0,Unknown,UNK,0,0,0,0,0,0
R,0,2,100,1.62,-0.1,,0.84,669477,SFG,100,0,Slow Curve,CS,100,0,2514,0,66,100
R,0.43,104,18.27,-0.24,1.21,Alec Burleson,29.63,676475,STL,48.08,29.63,4-Seam Fastball,FF,11.32,0.21,2295,82.52,93.97,74
R,0.45,62,17.74,-0.05,0.77,Alec Burleson,17.66,676475,STL,51.61,26.67,Sinker,SI,17.65,0.42,2217.21,87.92,93.91,81.25
R,0.26,48,37.5,-0.1,0,Alec Burleson,13.68,676475,STL,25,61.11,Slider,SL,43.75,0.2,2475.75,90.18,85.4,83.33
R,0.38,38,10.53,-1.15,0.28,Alec Burleson,10.83,676475,STL,23.68,58.62,Changeup,CH,8.33,0.69,1891.61,82.1,87.89,77.78
R,0.65,35,25.71,0.33,-0.07,Alec Burleson,9.97,676475,STL,31.43,75,Sweeper,ST,25.93,0.67,2766.77,89.14,83.43,81.82
R,0.08,26,50,-0.15,-0.66,Alec Burleson,7.41,676475,STL,38.46,62.5,Curveball,CU,53.33,0,2633.19,84.81,79.43,50
R,0.39,20,10,-0.9,0.12,Alec Burleson,5.7,676475,STL,30,28.57,Split-Finger,FS,0,0,1201,92.3,87.13,66.67
R,0.39,12,16.67,0.04,0.57,Alec Burleson,3.42,676475,STL,41.67,28.57,Cutter,FC,28.57,0.67,2509.83,89.36,89.11,100
R,0,6,33.33,1.03,-0.52,Alec Burleson,1.71,676475,STL,100,0,Knuckle Curve,KC,0,0,2302,74.7,85.4,33.33
R,0.34,81,29.63,0.18,1.27,Blaze Jordan,32.02,691458,STL,56.79,22.86,4-Seam Fastball,FF,6.25,0.29,2251.49,82.17,94.07,52.17
R,0.25,47,10.64,-0.74,0.56,Blaze Jordan,18.58,691458,STL,59.57,47.37,Sinker,SI,13.51,0.2,2144.64,90.02,94.39,100
R,0.46,43,9.3,0.18,0.04,Blaze Jordan,17,691458,STL,62.79,25,Slider,SL,12.9,0.15,2578,79.84,84.97,100
R,0.24,28,35.71,0.76,0.22,Blaze Jordan,11.07,691458,STL,46.43,26.67,Sweeper,ST,27.27,0.4,2562.18,82.56,85.68,53.85
R,0.13,24,33.33,0.85,0.34,Blaze Jordan,9.49,691458,STL,41.67,71.43,Changeup,CH,40,0.17,1659,81.78,83.82,100
R,0.6,24,25,-0.3,-0.79,Blaze Jordan,9.49,691458,STL,33.33,50,Curveball,CU,28.57,0.33,2651.42,83.68,79.17,75
R,0,6,50,-0.14,0.77,Blaze Jordan,2.37,691458,STL,33.33,75,Cutter,FC,33.33,0,2343.5,0,89.92,0
R,0.31,30,33.33,-0.7,1.22,Bryan Torres,34.48,663494,STL,66.67,40,4-Seam Fastball,FF,22.22,0.4,2408.27,82.76,96.43,70
R,0.37,24,41.67,-1.25,0.14,Bryan Torres,27.59,663494,STL,66.67,25,Changeup,CH,33.33,0.67,1724.58,89.72,88.48,62.5
R,0.28,12,16.67,0.63,-0.42,Bryan Torres,13.79,663494,STL,50,0,Curveball,CU,0,0,2717.17,90.2,86.25,33.33
R,0.9,9,22.22,0.72,0.43,Bryan Torres,10.34,663494,STL,55.56,50,Slider,SL,0,1,2328.78,77.8,84.11,60
R,0.6,8,12.5,-1.16,0.14,Bryan Torres,9.2,663494,STL,37.5,0,Sinker,SI,0,0,2170,98,95.56,66.67
R,0,4,50,0.76,0.02,Bryan Torres,4.6,663494,STL,50,0,Sweeper,ST,0,0,2221,0,84.65,0
R,0.21,136,29.41,-0.07,1.21,Iván Herrera,33.17,671056,STL,48.53,28.57,4-Seam Fastball,FF,13.33,0.08,2310.68,80.13,93.88,60.61
R,0.35,59,32.2,-0.84,0.76,Iván Herrera,14.39,671056,STL,45.76,37.5,Sinker,SI,18.52,0.25,2209.32,74.38,95.67,55.56
R,0.34,54,25.93,0,0.02,Iván Herrera,13.17,671056,STL,38.89,36.36,Slider,SL,34.48,0.46,2520.69,83.68,86.65,80.95
R,0.46,46,34.78,0.9,-0.04,Iván Herrera,11.22,671056,STL,63.04,58.82,Sweeper,ST,8.7,0.44,2775.5,87.5,83.7,44.83
R,0.21,40,32.5,-0.02,0.54,Iván Herrera,9.76,671056,STL,65,35.71,Changeup,CH,21.74,0.14,1949.68,89.72,86.16,69.23
R,0.37,27,37.04,0.03,0.59,Iván Herrera,6.59,671056,STL,70.37,0,Cutter,FC,15.38,0.8,2429.81,87.74,89.14,68.42
R,0.34,20,30,-0.68,-0.82,Iván Herrera,4.88,671056,STL,65,0,Curveball,CU,0,0,2527.35,87.44,76.18,53.85
R,0,18,66.67,1.02,-0.6,Iván Herrera,4.39,671056,STL,44.44,60,Knuckle Curve,KC,75,0,2345.56,0,85.32,25
R,0,8,25,-0.92,-0.12,Iván Herrera,1.95,671056,STL,50,0,Split-Finger,FS,50,0,1206.5,79,86.38,100
R,0,2,0,0,0,Iván Herrera,0.49,671056,STL,0,0,Unknown,UNK,0,0,0,0,0,0
R,0.45,135,25.93,-0.07,1.22,JJ Wetherholt,34.26,802139,STL,57.78,17.54,4-Seam Fastball,FF,16.39,0.11,2289.38,85.06,94.45,65.38
R,0.24,71,38.03,0.15,0.56,JJ Wetherholt,18.02,802139,STL,60.56,35.71,Sinker,SI,31.43,0.14,2192.82,84.2,93.96,58.14
R,0.13,53,28.3,0.16,0.15,JJ Wetherholt,13.45,802139,STL,39.62,6.25,Slider,SL,33.33,0,2451.53,89.24,86.13,47.62
R,0.11,46,21.74,-0.84,0.11,JJ Wetherholt,11.68,802139,STL,36.96,41.38,Changeup,CH,17.39,0.25,1690.33,75.84,88.44,64.71
R,0.27,34,38.24,-0.24,-0.74,JJ Wetherholt,8.63,802139,STL,61.76,23.08,Curveball,CU,21.43,0.33,2515.88,83.63,79,52.38
R,0.18,27,51.85,0.16,0.18,JJ Wetherholt,6.85,802139,STL,37.04,41.18,Sweeper,ST,60,0,2718.15,75.3,82.81,80
R,0.48,12,25,0.13,0.62,JJ Wetherholt,3.05,802139,STL,25,0,Cutter,FC,0,1,2420.92,100.9,88.62,66.67
R,0,8,50,0.9,-0.53,JJ Wetherholt,2.03,802139,STL,50,0,Knuckle Curve,KC,100,0,2437.25,0,85.58,50
R,0,6,0,-1.26,0.43,JJ Wetherholt,1.52,802139,STL,33.33,0,Split-Finger,FS,0,0,1620,74.8,89.9,100
R,0,2,0,0,0,JJ Wetherholt,0.51,802139,STL,0,0,Unknown,UNK,0,0,0,0,0,0
R,0.3,51,39.22,-0.12,1.24,Jimmy Crooks,43.22,699625,STL,52.94,45.83,4-Seam Fastball,FF,28.57,0.11,2219.67,93.44,93.8,62.96
R,0.15,19,47.37,-0.03,-0.1,Jimmy Crooks,16.1,699625,STL,42.11,63.64,Slider,SL,50,0.2,2471.47,93.05,85.32,62.5
R,0.47,16,25,0.23,0.54,Jimmy Crooks,13.56,699625,STL,37.5,70,Cutter,FC,30.77,0.5,2512.88,89,89.64,100
R,0.76,14,14.29,-1.22,0.03,Jimmy Crooks,11.86,699625,STL,7.14,30.77,Changeup,CH,40,0,1761,99.47,87.48,100
R,0.04,10,30,0.96,-0.86,Jimmy Crooks,8.47,699625,STL,50,0,Curveball,CU,0,0,2798.9,63.5,80.89,40
R,0.43,4,0,-0.21,0.6,Jimmy Crooks,3.39,699625,STL,100,0,Sinker,SI,0,0,2011,89.2,93.65,100
R,0,4,0,1.16,0.37,Jimmy Crooks,3.39,699625,STL,75,0,Sweeper,ST,0,0,2643.75,92.8,83.28,66.67
R,0.27,96,33.33,-0.67,0.7,Jordan Walker,25.74,691023,STL,43.75,46.3,Sinker,SI,25.53,0.17,2237.86,77.94,95.55,52.38
R,0.34,87,35.63,-0.15,1.21,Jordan Walker,23.32,691023,STL,60.92,17.65,4-Seam Fastball,FF,21.62,0.11,2269.02,83.71,94.65,58.49
R,0.16,64,25,0.04,-0.02,Jordan Walker,17.16,691023,STL,25,22.92,Slider,SL,50,0,2471.64,83.03,86.31,68.75
R,0.25,44,25,0.94,0.17,Jordan Walker,11.8,691023,STL,52.27,52.38,Sweeper,ST,28.12,0.23,2718.2,75.05,83.93,91.3
R,0.2,33,30.3,0.6,0.39,Jordan Walker,8.85,691023,STL,30.3,56.52,Changeup,CH,38.1,0.25,1759.67,87.24,83.8,80
R,0.22,21,14.29,0.04,0.73,Jordan Walker,5.63,691023,STL,42.86,8.33,Cutter,FC,0,0.29,2381.52,85.7,90.24,77.78
R,0.69,16,37.5,-0.9,-0.65,Jordan Walker,4.29,691023,STL,50,25,Curveball,CU,0,0,2660.25,100.35,76.09,50
R,0,6,66.67,-0.88,0,Jordan Walker,1.61,691023,STL,33.33,50,Split-Finger,FS,100,0,1123.67,0,84.4,100
R,0.87,4,0,0.92,-0.38,Jordan Walker,1.07,691023,STL,50,100,Knuckle Curve,KC,0,1,2414.5,86.5,84.5,100
R,0,2,0,-0.4,-1.03,Jordan Walker,0.54,691023,STL,0,0,Slurve,SV,0,0,2888,0,79.9,0
R,0.35,88,17.05,0.05,1.21,José Fermín,31.43,665877,STL,48.86,31.11,4-Seam Fastball,FF,8.33,0.1,2334.11,83.91,93.5,79.07
R,0.25,48,35.42,0.92,0.16,José Fermín,17.14,665877,STL,41.67,21.43,Sweeper,ST,30.77,0,2687.31,71.4,83.08,35
R,0.45,40,15,-0.06,0.16,José Fermín,14.29,665877,STL,30,14.29,Slider,SL,0,0.33,2335.2,83.2,84.38,50
R,0.48,34,32.35,-0.84,0.71,José Fermín,12.14,665877,STL,64.71,16.67,Sinker,SI,0,0.25,2239.38,75.01,94.83,50
R,0.34,33,24.24,1.04,0.33,José Fermín,11.79,665877,STL,57.58,14.29,Changeup,CH,0,0.18,1823.24,88.54,83.05,57.89
R,0.04,24,58.33,-0.51,-0.74,José Fermín,8.57,665877,STL,70.83,14.29,Curveball,CU,50,0,2557.54,78.05,77.38,17.65
R,0.34,13,30.77,0.15,0.48,José Fermín,4.64,665877,STL,53.85,50,Cutter,FC,14.29,0.17,2453.85,81.98,89.31,57.14
R,0.35,118,33.9,-0.48,1.21,Lars Nootbaar,32.33,663457,STL,51.69,24.56,4-Seam Fastball,FF,20.45,0.24,2304.47,86.49,95.87,49.18
R,0.29,94,25.53,-0.52,0.42,Lars Nootbaar,25.75,663457,STL,52.13,20,Sinker,SI,2.86,0.13,2115.51,84.62,93.51,53.06
R,0.21,42,19.05,-1.14,0.32,Lars Nootbaar,11.51,663457,STL,35.71,18.52,Changeup,CH,14.29,0.18,1907.24,84.11,89.72,60
R,0.52,38,28.95,0.04,0.08,Lars Nootbaar,10.41,663457,STL,52.63,0,Slider,SL,25,0.11,2369.89,97.34,86.7,60
R,0.13,31,35.48,0.55,-0.76,Lars Nootbaar,8.49,663457,STL,35.48,5,Curveball,CU,0,0.33,2600.1,87.8,82.82,18.18
R,0.08,13,30.77,0.11,0.52,Lars Nootbaar,3.56,663457,STL,69.23,0,Cutter,FC,0,0,2427.77,74.77,89.44,55.56
R,0.83,12,16.67,-0.64,0.45,Lars Nootbaar,3.29,663457,STL,33.33,0,Split-Finger,FS,0,1,1222.33,81.5,86.07,50
R,0,11,36.36,-0.3,0.06,Lars Nootbaar,3.01,663457,STL,27.27,50,Sweeper,ST,66.67,0,2615.73,0,85.83,66.67
R,0,6,33.33,0.95,-0.34,Lars Nootbaar,1.64,663457,STL,33.33,0,Knuckle Curve,KC,0,0,2435.67,0,85.9,0
R,0.37,125,24.8,-0.1,1.23,Masyn Winn,36.02,691026,STL,53.6,6.9,4-Seam Fastball,FF,12,0.17,2268.51,81.4,94.56,68.66
R,0.35,56,33.93,-0.68,0.52,Masyn Winn,16.14,691026,STL,64.29,45,Sinker,SI,6.9,0.4,2172.89,90.22,93.8,55.56
R,0.1,49,36.73,0.36,0.13,Masyn Winn,14.12,691026,STL,36.73,38.71,Slider,SL,42.86,0,2393.29,74.23,85.08,50
R,0.2,39,35.9,1,0.12,Masyn Winn,11.24,691026,STL,35.9,24,Sweeper,ST,50,0.4,2573.77,87.6,84.77,42.86
R,0.23,33,27.27,0.77,0.33,Masyn Winn,9.51,691026,STL,9.09,46.67,Changeup,CH,33.33,0,1830.15,72.66,82.83,33.33
R,0.01,26,50,-0.52,-0.74,Masyn Winn,7.49,691026,STL,42.31,26.67,Curveball,CU,66.67,0,2515.15,89.1,77.88,18.18
R,0.57,13,23.08,0,0.63,Masyn Winn,3.75,691026,STL,46.15,57.14,Cutter,FC,12.5,0.5,2525.85,82.3,90.04,66.67
R,0,6,66.67,1.2,-0.5,Masyn Winn,1.73,691026,STL,66.67,0,Knuckle Curve,KC,100,0,2332,0,84.67,50
R,0.23,68,22.06,-0.48,1.18,Nathan Church,34.69,701675,STL,44.12,39.47,4-Seam Fastball,FF,28.57,0,2313.28,75.52,94.84,90
R,0.35,37,13.51,-0.76,0.27,Nathan Church,18.88,701675,STL,67.57,33.33,Sinker,SI,7.69,0.1,2141.22,79.43,93.48,88
R,0.39,31,12.9,-1.24,0.23,Nathan Church,15.82,701675,STL,38.71,52.63,Changeup,CH,20,0.15,1973.71,81.41,88.75,83.33
R,0.23,30,13.33,0.04,0.09,Nathan Church,15.31,701675,STL,30,66.67,Slider,SL,17.39,0,2374.57,78.75,83.19,100
R,0.03,9,33.33,-1.03,-0.16,Nathan Church,4.59,701675,STL,33.33,66.67,Sweeper,ST,0,0,2628.67,60.25,81.12,0
R,0.73,8,37.5,0.27,-0.83,Nathan Church,4.08,701675,STL,25,33.33,Curveball,CU,66.67,0,2526.88,0,78.9,50
R,0.56,6,0,-1.2,0.25,Nathan Church,3.06,701675,STL,0,100,Split-Finger,FS,0,0.67,1599.67,94.17,90.37,0
R,0,4,50,0.96,-0.34,Nathan Church,2.04,701675,STL,50,0,Knuckle Curve,KC,0,0,2332,0,85.4,0
R,0,3,0,0.07,0.5,Nathan Church,1.53,701675,STL,33.33,0,Cutter,FC,0,0,2465.67,63.7,90.37,100
R,0.25,56,28.57,0.42,1.28,Nelson Velázquez,49.12,676369,STL,42.86,31.25,4-Seam Fastball,FF,33.33,0,2241.07,82.11,93.63,83.33
R,0.05,28,50,1.02,0.46,Nelson Velázquez,24.56,676369,STL,28.57,50,Changeup,CH,71.43,0,1907.14,75.9,85.3,50
R,0.05,10,40,0.24,0,Nelson Velázquez,8.77,676369,STL,60,0,Slider,SL,50,0,2546,89.7,86.74,66.67
R,0.92,7,0,0.21,0.47,Nelson Velázquez,6.14,676369,STL,28.57,0,Cutter,FC,0,1,2385.57,95.4,90.47,100
R,0.6,7,28.57,0.45,0.67,Nelson Velázquez,6.14,676369,STL,71.43,100,Sinker,SI,0,0,2218.86,83.5,94.66,60
R,0,4,50,-0.6,-0.58,Nelson Velázquez,3.51,676369,STL,50,0,Curveball,CU,0,0,2345,0,75,0
R,0,2,100,-0.66,0.26,Nelson Velázquez,1.75,676369,STL,50,100,Sweeper,ST,100,0,2578,0,87.55,0
R,0.37,33,9.09,0.81,1.19,Pedro Pagés,47.14,686780,STL,30.3,17.39,4-Seam Fastball,FF,0,0,2354.91,73.36,91.39,90
R,0.38,18,22.22,1.25,0.38,Pedro Pagés,25.71,686780,STL,33.33,16.67,Changeup,CH,0,0,1775.44,67.27,78.8,66.67
R,0,8,62.5,-1.19,-0.22,Pedro Pagés,11.43,686780,STL,100,0,Sinker,SI,25,0,2169.62,89.65,90.62,50
R,0,7,14.29,-0.22,0.16,Pedro Pagés,10,686780,STL,71.43,50,Sweeper,ST,16.67,0,2809.43,60.97,82.26,100
R,0,2,0,-0.94,-0.29,Pedro Pagés,2.86,686780,STL,100,0,Curveball,CU,0,0,2927,79.1,81,100
R,0,2,0,1.22,0.88,Pedro Pagés,2.86,686780,STL,50,0,Slider,SL,0,0,2370.5,75.5,78.05,100
R,0.36,48,25,-0.12,1.47,Ben Williamson,22.86,810938,TBR,62.5,44.44,4-Seam Fastball,FF,0,0.35,2256.29,86.69,93.79,70
R,0.25,34,20.59,1.13,0.61,Ben Williamson,16.19,810938,TBR,38.24,28.57,Changeup,CH,22.22,0.36,1780.59,80.8,85.01,92.31
R,0.11,30,50,0.03,0.67,Ben Williamson,14.29,810938,TBR,60,33.33,Sinker,SI,11.11,0.2,2149.37,78.07,92.98,27.78
R,0.46,29,27.59,0.17,0.46,Ben Williamson,13.81,810938,TBR,41.38,23.53,Cutter,FC,30,0.33,2412.9,73.41,87.13,50
R,0.01,29,55.17,0.08,0.3,Ben Williamson,13.81,810938,TBR,44.83,43.75,Slider,SL,50,0,2339.24,75.5,84.89,7.69
R,0.33,23,43.48,-0.64,-1.14,Ben Williamson,10.95,810938,TBR,60.87,22.22,Curveball,CU,40,0.25,2453.17,82.03,79.85,57.14
R,0,7,28.57,0.52,-0.61,Ben Williamson,3.33,810938,TBR,28.57,0,Knuckle Curve,KC,100,0,2652.43,0,87.03,100
R,0,5,0,-0.3,0.21,Ben Williamson,2.38,810938,TBR,20,50,Split-Finger,FS,0,0,1255.2,54.5,87.42,100
R,0.29,5,0,0.03,0.25,Ben Williamson,2.38,810938,TBR,40,0,Sweeper,ST,0,0,2560.8,105.6,82.02,100
R,0.11,100,25,-0.16,1.41,Cedric Mullins,35.71,656775,TBR,50,38,4-Seam Fastball,FF,24.14,0.19,2301.45,75.76,93.81,78
R,0.17,40,27.5,0.14,0.26,Cedric Mullins,14.29,656775,TBR,40,33.33,Slider,SL,43.48,0,2405.5,77.79,84.12,93.75
R,0.29,28,35.71,-0.37,0.01,Cedric Mullins,10,656775,TBR,53.57,53.85,Sinker,SI,26.67,0,2153.68,84.87,88.66,53.33
R,0.31,24,45.83,0,-1.09,Cedric Mullins,8.57,656775,TBR,25,38.89,Curveball,CU,55.56,0,2601.88,65.7,80.5,33.33
R,0.48,24,33.33,0.14,0.45,Cedric Mullins,8.57,656775,TBR,58.33,40,Cutter,FC,16.67,0.5,2458.67,88.17,87.42,57.14
R,0.19,18,22.22,-0.48,0.48,Cedric Mullins,6.43,656775,TBR,11.11,50,Changeup,CH,40,0.25,1803.33,81.2,83.88,100
R,0,12,16.67,-1.06,0.32,Cedric Mullins,4.29,656775,TBR,0,66.67,Split-Finger,FS,25,0,1391.67,70.4,84.42,0
R,0.02,12,50,0.02,-0.17,Cedric Mullins,4.29,656775,TBR,50,33.33,Sweeper,ST,66.67,0,2701.5,66.6,81.85,66.67
R,1.42,10,0,0.04,-0.99,Cedric Mullins,3.57,656775,TBR,40,0,Knuckle Curve,KC,0,1,2613.8,98.3,83.24,100
R,0.7,8,0,-0.06,1.78,Cedric Mullins,2.86,656775,TBR,0,100,Eephus,EP,0,1,962.25,76.4,38.5,0
R,0,4,0,-0.1,0.77,Cedric Mullins,1.43,656775,TBR,0,0,Knuckleball,KN,0,0,188.5,0,49.7,0
R,0.32,125,21.6,-0.12,1.42,Chandler Simpson,44.01,802415,TBR,55.2,33.93,4-Seam Fastball,FF,5.97,0.32,2294.22,82.2,93.89,69.57
R,0.33,43,23.26,0.02,0.29,Chandler Simpson,15.14,802415,TBR,32.56,27.59,Slider,SL,13.33,0.56,2454.23,55.08,86.51,50
R,0.16,38,21.05,0.36,0.72,Chandler Simpson,13.38,802415,TBR,68.42,33.33,Sinker,SI,8.33,0.47,2088.08,73.82,93.39,76.92
R,0.45,18,50,0.4,0.24,Chandler Simpson,6.34,802415,TBR,55.56,50,Cutter,FC,40,0,2627.89,75.9,85.41,60
R,0.19,14,14.29,0,-0.96,Chandler Simpson,4.93,802415,TBR,42.86,0,Curveball,CU,0,0.5,2536.86,57.25,79.96,66.67
R,0.53,14,28.57,-1.1,0.24,Chandler Simpson,4.93,802415,TBR,57.14,0,Split-Finger,FS,0,0.5,1318,78.1,84.97,50
R,0.09,13,15.38,-0.79,-0.19,Chandler Simpson,4.58,802415,TBR,15.38,54.55,Sweeper,ST,25,0,2616.23,82.5,80.67,100
R,0,10,20,-0.05,-1.07,Chandler Simpson,3.52,802415,TBR,20,0,Knuckle Curve,KC,0,0,2536.6,0,83.5,0
R,0.2,9,44.44,-0.17,0.8,Chandler Simpson,3.17,802415,TBR,55.56,50,Changeup,CH,57.14,0.29,1674.56,75.87,81.68,100
R,0.24,31,12.9,-1.17,0.55,Hunter Feduccia,28.7,676439,TBR,61.29,25,Sinker,SI,0,0.29,2198.74,87.98,93.05,78.95
R,0.4,23,8.7,-0.48,1.23,Hunter Feduccia,21.3,676439,TBR,17.39,15.79,4-Seam Fastball,FF,0,0.33,2258.96,72.8,93.33,75
R,0.45,18,11.11,0.39,0.37,Hunter Feduccia,16.67,676439,TBR,22.22,28.57,Cutter,FC,25,0,2338,88.5,87.67,100
R,0.05,14,14.29,1.02,-1.04,Hunter Feduccia,12.96,676439,TBR,28.57,40,Curveball,CU,0,0,2580,59.57,79.23,50
R,0.1,12,33.33,-0.84,0.03,Hunter Feduccia,11.11,676439,TBR,58.33,20,Changeup,CH,42.86,0,1461.92,63.1,86.02,85.71
R,0,6,33.33,1.83,0.15,Hunter Feduccia,5.56,676439,TBR,33.33,50,Sweeper,ST,0,0,2759.67,85.3,81.23,0
R,0,4,25,0.15,0.56,Hunter Feduccia,3.7,676439,TBR,75,0,Slider,SL,0,0,2304,68.2,84.75,66.67
R,0.28,131,21.37,-0.19,1.42,Jonathan Aranda,36.29,666018,TBR,52.67,29.03,4-Seam Fastball,FF,10.29,0.27,2294.18,84.53,94.38,72.46
R,0.13,55,29.09,0.13,0.16,Jonathan Aranda,15.24,666018,TBR,50.91,29.63,Slider,SL,23.08,0,2419.8,71.74,84.37,64.29
R,0.52,46,28.26,0.13,0.45,Jonathan Aranda,12.74,666018,TBR,60.87,55.56,Cutter,FC,30.3,0.53,2372.83,83.12,87.43,82.14
R,0.03,43,30.23,0.03,0.55,Jonathan Aranda,11.91,666018,TBR,55.81,26.32,Sinker,SI,11.76,0,2137.81,77.46,92.36,50
R,0.07,33,15.15,-0.93,0.66,Jonathan Aranda,9.14,666018,TBR,45.45,38.89,Changeup,CH,10.53,0,1649.55,76.54,83.57,80
R,0.09,24,0,-1.08,0.44,Jonathan Aranda,6.65,666018,TBR,16.67,50,Split-Finger,FS,0,0.5,1406,72.77,85.25,100
R,0.11,16,12.5,0.15,-1.11,Jonathan Aranda,4.43,666018,TBR,25,16.67,Curveball,CU,0,0,2488.62,96.85,81.08,50
R,0.44,8,25,1.31,0.67,Jonathan Aranda,2.22,666018,TBR,0,50,Sweeper,ST,50,0.5,2484,83.9,84.18,0
R,0,5,100,0.27,-0.81,Jonathan Aranda,1.39,666018,TBR,60,0,Knuckle Curve,KC,0,0,2522.2,0,82.98,0
R,0.36,70,15.71,0.05,1.37,Jonny DeLuca,38.04,676356,TBR,55.71,32.26,4-Seam Fastball,FF,11.36,0.21,2274.81,79.31,94.22,87.18
R,0.14,26,26.92,0,0.12,Jonny DeLuca,14.13,676356,TBR,42.31,20,Slider,SL,30.77,0,2357.58,74.6,84.02,90.91
R,0.13,18,22.22,-0.79,-1.2,Jonny DeLuca,9.78,676356,TBR,22.22,42.86,Curveball,CU,40,0.5,2518.56,73.3,80.58,100
R,0.04,17,23.53,1.1,0.65,Jonny DeLuca,9.24,676356,TBR,41.18,40,Changeup,CH,28.57,0,1785.47,80.2,85.44,42.86
R,0.55,17,23.53,-0.08,0.78,Jonny DeLuca,9.24,676356,TBR,76.47,0,Cutter,FC,0,0.71,2339.29,94.06,88.74,69.23
R,0.47,17,0,-0.78,0.96,Jonny DeLuca,9.24,676356,TBR,70.59,0,Sinker,SI,0,0.5,2230.94,73.42,96.09,100
R,0,12,33.33,0.88,0.43,Jonny DeLuca,6.52,676356,TBR,33.33,25,Sweeper,ST,33.33,0,2672.5,78.75,83.08,100
R,0.08,6,33.33,-0.17,1.88,Jonny DeLuca,3.26,676356,TBR,0,33.33,Eephus,EP,0,0,951.67,74.5,38.47,0
R,0.44,1,0,0.14,-1.11,Jonny DeLuca,0.54,676356,TBR,100,0,Knuckle Curve,KC,0,1,2733,99.7,82.8,100
R,0.25,96,30.21,-0.14,1.43,Junior Caminero,25.13,691406,TBR,47.92,22,4-Seam Fastball,FF,17.5,0.27,2280.49,79.64,94.47,63.04
R,0.42,79,21.52,0.2,0.24,Junior Caminero,20.68,691406,TBR,35.44,13.73,Slider,SL,25,0.33,2487.34,91.12,85.15,89.29
R,0.3,48,31.25,-0.97,0.6,Junior Caminero,12.57,691406,TBR,64.58,17.65,Sinker,SI,9.52,0.46,2159.1,90.16,92.86,58.06
R,0.34,45,17.78,0.81,0.76,Junior Caminero,11.78,691406,TBR,44.44,44,Changeup,CH,11.54,0.32,1721.69,85.72,83.37,75
R,0.58,26,30.77,-0.53,-1.15,Junior Caminero,6.81,691406,TBR,57.69,54.55,Curveball,CU,18.75,0.33,2533.5,93.45,81.13,66.67
R,0.38,24,8.33,-1.18,0.36,Junior Caminero,6.28,691406,TBR,25,11.11,Split-Finger,FS,25,0.5,1469.42,95.47,84.98,100
R,0.07,21,4.76,1.19,0.14,Junior Caminero,5.5,691406,TBR,14.29,33.33,Sweeper,ST,0,0,2554.71,60.71,84.1,66.67
R,0.17,20,35,0.22,0.45,Junior Caminero,5.24,691406,TBR,60,37.5,Cutter,FC,20,0,2450.4,85.28,87.84,58.33
R,0.13,8,50,0.04,1.73,Junior Caminero,2.09,691406,TBR,25,33.33,Eephus,EP,0,0,915,67.1,37.33,0
R,0,8,0,0,0,Junior Caminero,2.09,691406,TBR,0,0,Unknown,UNK,0,0,0,0,0,0
R,0.46,7,14.29,0.16,-0.81,Junior Caminero,1.83,691406,TBR,42.86,25,Knuckle Curve,KC,25,0.67,2721.43,113.2,85.61,100
R,0.32,48,29.17,0.07,1.48,Nick Fortes,29.09,663743,TBR,70.83,42.86,4-Seam Fastball,FF,13.33,0.47,2291.54,76.84,94.56,70.59
R,0.54,32,28.12,0.04,0.09,Nick Fortes,19.39,663743,TBR,50,43.75,Slider,SL,33.33,0.33,2498.09,88.73,87.36,87.5
R,0.37,25,12,0.2,0.68,Nick Fortes,15.15,663743,TBR,52,33.33,Sinker,SI,14.29,0.25,2195.88,83.15,94.5,76.92
R,0.31,18,22.22,1.12,0.37,Nick Fortes,10.91,663743,TBR,44.44,40,Changeup,CH,27.27,0.8,1636.78,96.82,83.81,87.5
R,0.53,17,35.29,-0.81,-1.03,Nick Fortes,10.3,663743,TBR,52.94,12.5,Curveball,CU,55.56,0.67,2448.29,96.65,79.2,88.89
R,0.51,10,20,-0.85,0.59,Nick Fortes,6.06,663743,TBR,40,0,Split-Finger,FS,50,0,1417.2,71.9,84.38,100
R,0,8,0,1.37,-0.08,Nick Fortes,4.85,663743,TBR,0,0,Sweeper,ST,0,0,2722.75,0,83.12,0
R,0.04,7,71.43,-0.02,0.8,Nick Fortes,4.24,663743,TBR,100,0,Cutter,FC,0,0,2369.86,81.1,89.56,28.57
R,0.28,39,12.82,-0.19,0.74,Richie Palacios,22.81,680700,TBR,48.72,10,Sinker,SI,0,0.2,2196.95,82.87,93.18,73.68
R,0.52,35,34.29,-0.22,1.37,Richie Palacios,20.47,680700,TBR,34.29,26.09,4-Seam Fastball,FF,40,0.5,2414.23,88.7,93.98,33.33
R,0.26,22,27.27,0.34,0.34,Richie Palacios,12.87,680700,TBR,36.36,28.57,Cutter,FC,40,0.5,2499.5,74.88,87.12,75
R,0.13,20,60,-0.05,0.19,Richie Palacios,11.7,680700,TBR,50,40,Slider,SL,80,0,2501.35,74.2,88.28,60
R,0.17,16,12.5,1.03,-0.85,Richie Palacios,9.36,680700,TBR,43.75,44.44,Curveball,CU,0,0,2566.06,83.61,79.9,71.43
R,0.05,13,23.08,-0.34,0.3,Richie Palacios,7.6,680700,TBR,30.77,11.11,Changeup,CH,40,0,1580.92,86.83,85.09,100
R,0.07,13,46.15,0.07,-1.01,Richie Palacios,7.6,680700,TBR,38.46,50,Knuckle Curve,KC,40,0,2536.77,69.07,83.84,20
R,0,8,25,-0.87,-0.04,Richie Palacios,4.68,680700,TBR,50,0,Split-Finger,FS,50,0,1155.75,104.7,84.45,100
R,0,5,20,0.29,-0.09,Richie Palacios,2.92,680700,TBR,60,0,Sweeper,ST,33.33,0,2419.6,59.3,81.12,100
R,0.23,103,28.16,0.54,1.38,Ryan Vilade,75.74,668723,TBR,54.37,17.02,4-Seam Fastball,FF,30.77,0.2,2213.64,80.12,94.41,78.57
R,0.83,8,12.5,1.1,0.73,Ryan Vilade,5.88,668723,TBR,62.5,0,Changeup,CH,20,0.8,1784.62,101.1,85.01,100
R,0,7,14.29,-0.52,-1.08,Ryan Vilade,5.15,668723,TBR,14.29,0,Curveball,CU,0,0,2345.29,0,79.96,0
R,0.24,7,14.29,-0.06,0.59,Ryan Vilade,5.15,668723,TBR,42.86,0,Cutter,FC,0,0,2308.57,77.4,87.46,66.67
R,0.51,6,16.67,-0.48,0.35,Ryan Vilade,4.41,668723,TBR,0,50,Slider,SL,33.33,0,2423.5,95.1,87.92,0
R,0.12,5,40,-0.09,0.87,Ryan Vilade,3.68,668723,TBR,100,0,Sinker,SI,40,0,2256.2,84.27,93.92,100
R,0.22,69,28.99,0.04,1.35,Taylor Walls,38.98,670764,TBR,66.67,56.52,4-Seam Fastball,FF,13.95,0.26,2237.03,78.31,93.94,65.22
R,0.26,23,30.43,-0.5,0.67,Taylor Walls,12.99,670764,TBR,60.87,22.22,Sinker,SI,18.18,0.4,2209.87,83.01,92.04,64.29
R,0,21,33.33,0.13,0.15,Taylor Walls,11.86,670764,TBR,23.81,50,Slider,SL,50,0,2320,69.75,83.56,0
R,0,20,60,-0.99,0.33,Taylor Walls,11.3,670764,TBR,40,33.33,Split-Finger,FS,80,0,1291.8,44.2,84.02,75
R,0.03,13,38.46,0.21,0.46,Taylor Walls,7.34,670764,TBR,30.77,22.22,Changeup,CH,75,0.25,1811.23,77.6,84.74,50
R,0,12,16.67,0.87,-1.19,Taylor Walls,6.78,670764,TBR,33.33,0,Curveball,CU,100,0,2689.83,0,80.45,50
R,0.25,11,18.18,0.25,0.64,Taylor Walls,6.21,670764,TBR,36.36,0,Cutter,FC,0,1,2388.09,38.1,88.03,50
R,0,8,0,-0.28,-1.01,Taylor Walls,4.52,670764,TBR,25,33.33,Knuckle Curve,KC,0,0,2228,103.6,85.58,100
R,0.21,51,31.37,-0.43,1.41,Victor Mesa Jr.,28.98,683748,TBR,39.22,51.61,4-Seam Fastball,FF,37.5,0.17,2239.18,73.06,94.33,80
R,0.34,30,33.33,0.02,0.18,Victor Mesa Jr.,17.05,683748,TBR,46.67,50,Slider,SL,33.33,0.38,2604.33,80.02,88.47,71.43
R,0.69,24,0,0.93,-0.85,Victor Mesa Jr.,13.64,683748,TBR,33.33,37.5,Curveball,CU,0,0,2502.33,86.3,78.25,75
R,0.93,22,31.82,-0.4,0.76,Victor Mesa Jr.,12.5,683748,TBR,50,36.36,Sinker,SI,11.11,0.5,2206.95,83.99,92.82,45.45
R,0.08,18,16.67,-0.83,0.99,Victor Mesa Jr.,10.23,683748,TBR,38.89,0,Changeup,CH,0,0,1568.72,78.72,82.29,71.43
R,0.65,12,16.67,-1.28,0.12,Victor Mesa Jr.,6.82,683748,TBR,0,66.67,Split-Finger,FS,25,0.5,1445.5,73.83,85.93,0
R,0.45,10,20,0.11,0.42,Victor Mesa Jr.,5.68,683748,TBR,90,0,Cutter,FC,0,0.5,2457,77.37,86.95,77.78
R,0.08,9,22.22,0.07,-0.83,Victor Mesa Jr.,5.11,683748,TBR,11.11,100,Knuckle Curve,KC,22.22,0,2326.22,82.55,84.52,100
R,0.28,152,21.05,-0.19,1.39,Yandy Díaz,38.29,650490,TBR,50.66,25.33,4-Seam Fastball,FF,8.45,0.22,2264.68,82.88,94.56,67.53
R,0.07,64,26.56,-0.87,0.59,Yandy Díaz,16.12,650490,TBR,53.12,26.67,Sinker,SI,10.71,0,2180.17,82.7,92.7,58.82
R,0.41,56,21.43,0.2,0.21,Yandy Díaz,14.11,650490,TBR,39.29,29.41,Slider,SL,16.67,0.21,2500.27,81.54,85.61,63.64
R,0.18,35,40,1.01,0.58,Yandy Díaz,8.82,650490,TBR,54.29,43.75,Changeup,CH,7.69,0,1618.83,81.22,84.85,31.58
R,0.36,34,38.24,0.27,0.53,Yandy Díaz,8.56,650490,TBR,64.71,33.33,Cutter,FC,23.53,0.2,2308.56,80.48,88.64,59.09
R,0.07,25,16,-0.3,-1.18,Yandy Díaz,6.3,650490,TBR,20,60,Curveball,CU,13.33,0,2553.96,71.93,80.46,60
R,0.21,12,0,-0.94,0.3,Yandy Díaz,3.02,650490,TBR,16.67,30,Split-Finger,FS,0,0,1343.08,87.34,85.68,100
R,0.22,11,18.18,0.31,-0.83,Yandy Díaz,2.77,650490,TBR,36.36,71.43,Knuckle Curve,KC,0,0.6,2598,90.81,85.74,50
R,0.74,8,25,1.14,-0.1,Yandy Díaz,2.02,650490,TBR,75,0,Sweeper,ST,0,1,2537.75,97.3,83.12,66.67
R,0.47,37,18.92,-0.42,1.25,Alejandro Osuna,30.33,696030,TEX,62.16,14.29,4-Seam Fastball,FF,0,0.67,2205.27,84.83,94.74,69.57
R,0.2,34,41.18,0.26,0.69,Alejandro Osuna,27.87,696030,TEX,47.06,22.22,Sinker,SI,16.67,0.33,2123.35,80.94,94.61,50
R,0.22,22,36.36,0,0.1,Alejandro Osuna,18.03,696030,TEX,36.36,71.43,Slider,SL,28.57,0.25,2253.45,70.28,86.97,50
R,0.19,12,50,-0.68,-0.01,Alejandro Osuna,9.84,696030,TEX,33.33,75,Sweeper,ST,50,0.25,2408.5,65.8,82.35,50
R,0.03,8,0,0.12,0.25,Alejandro Osuna,6.56,696030,TEX,50,0,Changeup,CH,0,0,1775,85.75,84.6,100
R,0,6,0,0.41,-0.44,Alejandro Osuna,4.92,696030,TEX,33.33,0,Curveball,CU,0,0,2245.33,0,82.8,100
R,0.1,2,0,-0.92,-0.47,Alejandro Osuna,1.64,696030,TEX,0,100,Split-Finger,FS,0,0,1066,75.8,91.2,0
R,0.03,1,0,0.17,0.56,Alejandro Osuna,0.82,696030,TEX,0,100,Cutter,FC,0,0,2545,50.2,91.2,0
R,0.32,26,23.08,-1.06,0.46,Austin Wynns,39.39,642851,TEX,46.15,28.57,Sinker,SI,0,0.33,2286.85,76.78,93.93,50
R,0,16,25,1.06,-0.31,Austin Wynns,24.24,642851,TEX,37.5,20,Sweeper,ST,33.33,0,2722,70.65,86.48,66.67
R,0,10,20,-0.83,0.28,Austin Wynns,15.15,642851,TEX,40,66.67,Changeup,CH,25,0,1868.8,74.5,88.22,100
R,0,8,75,-0.73,1.12,Austin Wynns,12.12,642851,TEX,100,0,4-Seam Fastball,FF,66.67,0,2207.25,97.4,95.05,75
R,0.47,4,0,-0.11,-0.44,Austin Wynns,6.06,642851,TEX,100,0,Slider,SL,0,1,1952.5,101.95,86.55,100
R,0,2,100,-1.16,-1.04,Austin Wynns,3.03,642851,TEX,0,0,Curveball,CU,0,0,2340,0,79.8,0
R,0.3,136,30.88,-0.2,1.24,Brandon Nimmo,33.66,607043,TEX,55.88,46.67,4-Seam Fastball,FF,24.71,0.3,2256.53,82.21,95.49,75
R,0.28,56,35.71,-0.3,0.65,Brandon Nimmo,13.86,607043,TEX,60.71,45.45,Sinker,SI,23.53,0.31,2181.84,73.9,95.11,70.59
R,0.29,52,7.69,-0.07,-0.03,Brandon Nimmo,12.87,607043,TEX,30.77,22.22,Slider,SL,16.67,0.57,2365.92,83.09,86.16,100
R,0.39,48,16.67,0.31,-0.01,Brandon Nimmo,11.88,607043,TEX,54.17,18.18,Sweeper,ST,15.38,0.33,2340.17,81.01,84.07,84.62
R,0.25,45,17.78,-0.9,0.24,Brandon Nimmo,11.14,607043,TEX,37.78,46.43,Changeup,CH,21.43,0.2,1707.87,84.51,88.28,88.24
R,0.28,41,19.51,0,0.73,Brandon Nimmo,10.15,607043,TEX,51.22,30,Cutter,FC,24,0,2303.12,79.68,91.37,90.48
R,0,14,28.57,0.66,-1.14,Brandon Nimmo,3.47,607043,TEX,42.86,0,Curveball,CU,0,0,2659.64,84.45,82.62,66.67
R,0,6,66.67,0.53,-1.08,Brandon Nimmo,1.49,607043,TEX,33.33,50,Knuckle Curve,KC,100,0,2339,0,83.13,0
R,0.56,4,0,-0.93,0.6,Brandon Nimmo,0.99,607043,TEX,50,0,Split-Finger,FS,0,1,1034,100.3,84.2,100
R,0,2,0,-1.46,-0.3,Brandon Nimmo,0.5,607043,TEX,0,0,Slurve,SV,0,0,2817,0,81.6,0
R,0.22,67,29.85,0.18,1.34,Cam Cauley,42.41,695508,TEX,49.25,32.35,4-Seam Fastball,FF,33.33,0.36,2307.42,80.68,93.44,75.76
R,0.36,30,40,-0.36,0.14,Cam Cauley,18.99,695508,TEX,56.67,30.77,Slider,SL,46.67,0,2331.2,81.58,81.9,64.71
R,0.15,20,50,-0.03,0.61,Cam Cauley,12.66,695508,TEX,65,28.57,Cutter,FC,54.55,0.2,2362.8,78.9,90.5,69.23
R,0.32,13,15.38,0.87,0.35,Cam Cauley,8.23,695508,TEX,30.77,44.44,Changeup,CH,33.33,1,1960.23,73.6,85.28,50
R,0.32,12,50,-0.4,1.09,Cam Cauley,7.59,695508,TEX,16.67,60,Sinker,SI,66.67,0,2159.83,89.5,94.6,0
R,0.78,12,0,-0.06,0.18,Cam Cauley,7.59,695508,TEX,16.67,20,Sweeper,ST,0,1,2302.17,75.5,80.97,0
R,0,2,0,0.07,1.68,Cam Cauley,1.27,695508,TEX,0,0,Eephus,EP,0,0,902,0,36.3,0
R,0.47,2,0,-0.57,0.33,Cam Cauley,1.27,695508,TEX,100,0,Split-Finger,FS,0,0,1032,101.3,83.7,100
R,0.35,95,44.21,-0.05,1.27,Elias Díaz,45.89,553869,TEX,62.11,27.78,4-Seam Fastball,FF,39.02,0.24,2267.24,82.71,94.67,52.54
R,0.2,24,33.33,0.09,-0.02,Elias Díaz,11.59,553869,TEX,41.67,42.86,Sweeper,ST,33.33,0.33,2343.42,70.6,83.32,60
R,0.12,22,36.36,-0.1,-0.05,Elias Díaz,10.63,553869,TEX,31.82,66.67,Slider,SL,46.15,0,2261.59,85.13,85.08,42.86
R,0.23,20,35,0.82,0.21,Elias Díaz,9.66,553869,TEX,30,35.71,Changeup,CH,55.56,0.5,2050.25,82.1,85.39,66.67
R,0.14,17,23.53,0.13,0.52,Elias Díaz,8.21,553869,TEX,52.94,25,Cutter,FC,0,0,2466.71,79.18,91.05,55.56
R,0.09,15,13.33,-0.53,0.81,Elias Díaz,7.25,553869,TEX,46.67,25,Sinker,SI,0,0,2048.6,83,94.89,71.43
R,0,8,25,-0.28,-0.37,Elias Díaz,3.86,553869,TEX,0,75,Curveball,CU,33.33,0,2597.5,78.75,82.28,0
R,0.05,6,0,-0.6,-0.05,Elias Díaz,2.9,553869,TEX,66.67,0,Split-Finger,FS,0,0,898.33,79.4,82.2,100
R,0.4,73,23.29,-0.63,1.31,Evan Carter,30.29,694497,TEX,57.53,19.35,4-Seam Fastball,FF,6.06,0.3,2286.63,82.55,95.82,64.29
R,0.3,45,24.44,-1.12,0,Evan Carter,18.67,694497,TEX,31.11,12.9,Changeup,CH,33.33,0.25,1691.71,77.03,87.27,57.14
R,0.31,30,33.33,0.01,0.14,Evan Carter,12.45,694497,TEX,33.33,30,Slider,SL,50,0.43,2285.77,94.88,88.11,60
R,0,26,30.77,0.89,-0.11,Evan Carter,10.79,694497,TEX,38.46,0,Sweeper,ST,50,0,2606.23,83.2,84.38,40
R,0.36,19,36.84,-0.51,0.8,Evan Carter,7.88,694497,TEX,73.68,40,Sinker,SI,0,0.6,2259.37,86.84,94.06,50
R,0.36,16,25,0.03,0.73,Evan Carter,6.64,694497,TEX,68.75,40,Cutter,FC,18.18,0.4,2346.88,80.74,91.12,81.82
R,0,14,42.86,0.61,-0.96,Evan Carter,5.81,694497,TEX,28.57,20,Curveball,CU,100,0,2831.5,0,83.21,50
R,0.24,14,14.29,-0.68,0,Evan Carter,5.81,694497,TEX,14.29,16.67,Split-Finger,FS,50,0,976.71,86,83.89,100
R,0,4,100,0.64,-0.7,Evan Carter,1.66,694497,TEX,50,100,Knuckle Curve,KC,100,0,2360.5,0,84,0
R,0.49,121,19.01,-0.53,1.2,Ezequiel Duran,35.91,677649,TEX,57.02,21.15,4-Seam Fastball,FF,13.24,0.35,2246.42,82.75,95.04,82.61
R,0.24,60,23.33,-0.77,0.76,Ezequiel Duran,17.8,677649,TEX,48.33,61.29,Sinker,SI,10.26,0.14,2156.13,79.82,95.14,68.97
R,0.37,54,29.63,0.48,0.04,Ezequiel Duran,16.02,677649,TEX,46.3,41.38,Sweeper,ST,22.22,0.38,2491.54,85.88,83.76,60
R,0.17,42,42.86,-0.06,0.18,Ezequiel Duran,12.46,677649,TEX,45.24,60.87,Slider,SL,37.04,0.07,2392.64,85.6,82.99,68.42
R,0.21,35,11.43,0.03,0.21,Ezequiel Duran,10.39,677649,TEX,22.86,51.85,Changeup,CH,18.18,0.4,1828.37,83.67,86.64,100
R,0.29,21,14.29,0.11,0.6,Ezequiel Duran,6.23,677649,TEX,38.1,15.38,Cutter,FC,22.22,0.4,2440.24,79.21,90.69,87.5
R,0,4,50,0.76,-1.08,Ezequiel Duran,1.19,677649,TEX,50,0,Curveball,CU,0,0,2633.5,0,83.2,0
R,0.36,79,35.44,-0.17,1.26,Jake Burger,26.69,669394,TEX,58.23,18.18,4-Seam Fastball,FF,21.88,0.32,2278.85,96.43,95.62,56.52
R,0.14,54,22.22,-1.17,0.76,Jake Burger,18.24,669394,TEX,57.41,69.57,Sinker,SI,19.05,0.3,2213.13,85.47,94.55,83.87
R,0.11,53,37.74,-0.04,0.07,Jake Burger,17.91,669394,TEX,33.96,45.71,Slider,SL,53.85,0.2,2364,73.17,83.84,55.56
R,0.36,36,44.44,0.7,0.07,Jake Burger,12.16,669394,TEX,50,55.56,Sweeper,ST,45.45,0.2,2577.56,91.26,84.31,66.67
R,0.1,31,51.61,0.66,0.33,Jake Burger,10.47,669394,TEX,32.26,61.9,Changeup,CH,68.18,0,1903.61,73.77,85.35,90
R,0.39,23,13.04,0.06,0.48,Jake Burger,7.77,669394,TEX,30.43,25,Cutter,FC,20,0,2412.48,66.41,91.08,85.71
R,0.97,12,33.33,-0.04,-0.36,Jake Burger,4.05,669394,TEX,50,0,Curveball,CU,50,1,2547,108.2,83.18,66.67
R,0.01,6,0,-0.5,-0.02,Jake Burger,2.03,669394,TEX,33.33,0,Split-Finger,FS,0,0,867,91.3,82.8,100
R,0.2,2,0,-0.4,1.51,Jake Burger,0.68,669394,TEX,100,0,Eephus,EP,0,0,886,93.7,35.6,100
R,0.17,56,37.5,-0.56,0.79,Joc Pederson,22.76,592626,TEX,66.07,31.58,Sinker,SI,26.67,0.38,2237.8,91.44,94.79,64.86
R,0.36,48,25,-0.51,1.35,Joc Pederson,19.51,592626,TEX,41.67,53.57,4-Seam Fastball,FF,30,0.29,2311.23,92.31,95.61,75
R,0.27,36,22.22,-1.11,0,Joc Pederson,14.63,592626,TEX,33.33,8.33,Changeup,CH,50,0.43,1805.42,85.72,88.01,83.33
R,0.34,31,25.81,0.03,0.79,Joc Pederson,12.6,592626,TEX,54.84,35.71,Cutter,FC,26.32,0.4,2322.06,78.54,91.45,82.35
R,0.13,29,44.83,-0.09,-0.01,Joc Pederson,11.79,592626,TEX,34.48,52.63,Slider,SL,50,0,2183.76,86.77,86.04,40
R,1.33,20,20,0.92,-0.27,Joc Pederson,8.13,592626,TEX,70,33.33,Sweeper,ST,14.29,1,2512.1,87.87,85.89,85.71
R,0,14,14.29,-0.75,0.37,Joc Pederson,5.69,592626,TEX,14.29,66.67,Split-Finger,FS,20,0,1036,71.32,84.04,100
R,0.28,12,33.33,0,-0.83,Joc Pederson,4.88,592626,TEX,66.67,0,Curveball,CU,0,0.5,2481.67,93.2,81.2,50
R,0.08,24,25,0.05,-0.12,Josh Smith,26.67,669701,TEX,50,66.67,Slider,SL,22.22,0,2140.67,78.33,87.25,83.33
R,0.13,18,22.22,-0.79,1.11,Josh Smith,20,669701,TEX,55.56,25,4-Seam Fastball,FF,0,0.33,2174.11,81.03,95.71,60
R,0.24,14,28.57,-1.18,0.23,Josh Smith,15.56,669701,TEX,28.57,40,Changeup,CH,50,0,1789.86,80.25,89.56,100
R,0.04,14,14.29,0.59,-0.81,Josh Smith,15.56,669701,TEX,42.86,50,Curveball,CU,0,0,2556,80.82,82.56,66.67
R,0,10,20,0.94,-0.24,Josh Smith,11.11,669701,TEX,20,25,Sweeper,ST,0,0,2551,0,86.44,0
R,0,6,100,-0.37,0.82,Josh Smith,6.67,669701,TEX,66.67,0,Sinker,SI,0,0,2450.67,0,94.8,0
R,0,2,0,0.3,-0.03,Josh Smith,2.22,669701,TEX,100,0,Cutter,FC,0,0,2657,62.5,87.8,100
R,0.36,2,0,-0.28,-0.3,Josh Smith,2.22,669701,TEX,100,0,Split-Finger,FS,0,0,709,96.9,84.2,100
R,0.11,81,33.33,0.48,1.26,Justin Foscue,56.64,679822,TEX,61.73,29.03,4-Seam Fastball,FF,19.05,0,2313.42,81.08,94.62,66
R,0.25,18,22.22,1.22,0.42,Justin Foscue,12.59,679822,TEX,33.33,50,Changeup,CH,0,0.67,1842.11,74.4,87.22,33.33
R,0.33,12,33.33,0.7,0.67,Justin Foscue,8.39,679822,TEX,41.67,0,Sinker,SI,0,0,2162.33,95.6,93.06,20
R,0.03,11,27.27,-0.25,0.71,Justin Foscue,7.69,679822,TEX,45.45,0,Cutter,FC,20,0,2416.09,79.1,91.01,100
R,0.88,9,0,-0.91,0.69,Justin Foscue,6.29,679822,TEX,33.33,0,Sweeper,ST,0,1,2309.67,74.37,81.7,100
R,0,4,100,0.6,-1.15,Justin Foscue,2.8,679822,TEX,100,0,Curveball,CU,0,0,2564,0,83.95,0
R,0,4,0,-0.42,0.22,Justin Foscue,2.8,679822,TEX,0,0,Slider,SL,0,0,2381.5,0,86.9,0
R,0,4,50,-1.83,-0.44,Justin Foscue,2.8,679822,TEX,50,0,Slurve,SV,0,0,2901,0,82.75,0
R,0.25,113,20.35,-0.4,1.24,Nicky Lopez,34.04,670032,TEX,61.95,27.91,4-Seam Fastball,FF,10.61,0.1,2253.01,80.35,95.08,77.14
R,0.33,68,25,0.5,0.77,Nicky Lopez,20.48,670032,TEX,50,17.65,Sinker,SI,14.81,0.18,2111.56,69.55,93.39,61.76
R,0.35,61,14.75,0,-0.04,Nicky Lopez,18.37,670032,TEX,45.9,24.24,Slider,SL,15.62,0.18,2280.7,71.61,86.26,85.71
R,0.2,25,16,-0.96,0.33,Nicky Lopez,7.53,670032,TEX,44,0,Changeup,CH,0,0,1696.12,72.67,87.68,63.64
R,0.55,21,23.81,-0.03,0.63,Nicky Lopez,6.33,670032,TEX,42.86,58.33,Cutter,FC,21.43,0.82,2354.33,92.56,90.6,77.78
R,0.56,20,20,-0.16,-0.02,Nicky Lopez,6.02,670032,TEX,30,28.57,Sweeper,ST,40,0,2543.2,97.8,83.08,100
R,0.07,18,66.67,0.52,-0.94,Nicky Lopez,5.42,670032,TEX,33.33,66.67,Curveball,CU,50,0.25,2645.67,83,82.69,66.67
R,0.06,6,0,-0.56,0.21,Nicky Lopez,1.81,670032,TEX,33.33,50,Split-Finger,FS,0,1,814.67,78.95,82.43,100
R,0.12,94,27.66,-0.32,1.18,Wyatt Langford,27.57,694671,TEX,48.94,39.58,4-Seam Fastball,FF,29.63,0.09,2215.5,83.66,95.94,76.09
R,0.51,58,31.03,-0.97,0.66,Wyatt Langford,17.01,694671,TEX,62.07,45.45,Sinker,SI,11.76,0.5,2167.86,94.57,95.48,66.67
R,0.47,57,29.82,0.2,0.18,Wyatt Langford,16.72,694671,TEX,40.35,41.18,Changeup,CH,31.03,0.36,1837,86.01,86.28,65.22
R,0.06,46,17.39,0.4,-0.09,Wyatt Langford,13.49,694671,TEX,30.43,31.25,Sweeper,ST,27.27,0,2417.39,83.88,84.38,85.71
R,0.35,36,27.78,0.11,0.67,Wyatt Langford,10.56,694671,TEX,55.56,50,Cutter,FC,25,0.27,2343,86.62,91.09,80
R,0.88,34,14.71,-0.23,0.03,Wyatt Langford,9.97,694671,TEX,55.88,0,Slider,SL,0,1,2338.29,76.39,85.41,73.68
R,0.69,12,33.33,0.87,-0.73,Wyatt Langford,3.52,694671,TEX,50,0,Curveball,CU,50,1,2485.33,107,83.17,66.67
R,0.57,4,0,-0.82,0.28,Wyatt Langford,1.17,694671,TEX,50,100,Split-Finger,FS,0,1,930,93.35,85.2,100
R,0.11,30,33.33,-0.72,0.76,,30.61,673962,TEX,76.67,28.57,Sinker,SI,11.76,0,2146.53,88.65,93.77,65.22
R,0.42,24,33.33,0.21,1.29,,35.29,543309,TEX,70.83,0,4-Seam Fastball,FF,0,0.5,2290.25,90.44,93.53,41.18
R,0.47,23,13.04,-0.28,1.16,,23.47,673962,TEX,73.91,50,4-Seam Fastball,FF,5.56,0.57,2220.74,87.64,95.68,88.24
R,0.09,16,18.75,0.23,1.24,,23.53,543309,TEX,31.25,63.64,Sinker,SI,18.18,0,2134.44,74.02,93.14,80
R,0.7,16,37.5,1,-0.03,,16.33,673962,TEX,37.5,0,Sweeper,ST,0,0,2386.38,0,84.58,0
R,0.25,15,20,0.07,0.3,,22.06,543309,TEX,46.67,12.5,Slider,SL,0,0,2378.73,87.88,84.23,57.14
R,0.45,11,36.36,-0.04,0.67,,11.22,673962,TEX,72.73,66.67,Cutter,FC,22.22,0.5,2491.09,74.3,89.7,87.5
R,0.29,9,22.22,-0.36,-0.13,,9.18,673962,TEX,66.67,0,Slider,SL,0,0.25,2380.33,95.2,81.83,66.67
R,0.22,7,14.29,0.33,0.53,,7.14,673962,TEX,57.14,66.67,Changeup,CH,0,0,1563.86,85.44,86.97,75
R,0,5,0,0.56,0.71,,7.35,543309,TEX,20,0,Changeup,CH,0,0,1425.2,69.6,85.02,100
R,0,5,0,-0.07,0.93,,7.35,543309,TEX,60,0,Cutter,FC,0,0,2335.6,60.5,90.54,100
R,0,2,0,-1.85,-0.43,,2.94,543309,TEX,0,0,Slurve,SV,0,0,2905,0,82,0
R,0,2,0,-0.88,-0.07,,2.04,673962,TEX,0,0,Curveball,CU,0,0,2764,0,82.8,0
R,0.73,1,0,-1.67,-0.04,,1.47,543309,TEX,0,0,Sweeper,ST,0,0,2732,0,82.7,0
R,0.56,61,19.67,0.09,1.28,Alejandro Kirk,26.18,672386,TOR,44.26,2.94,4-Seam Fastball,FF,0,0.62,2153.18,86.67,93.49,62.96
R,0.36,50,30,-0.62,0.94,Alejandro Kirk,21.46,672386,TOR,64,27.78,Sinker,SI,15.38,0.25,2288.18,92.33,95.28,65.62
R,0.24,36,27.78,-0.11,0.51,Alejandro Kirk,15.45,672386,TOR,66.67,16.67,Slider,SL,0,0.62,2280.14,78.2,87.34,58.33
R,0.71,31,25.81,-0.07,0.53,Alejandro Kirk,13.3,672386,TOR,74.19,0,Cutter,FC,11.76,0.25,2121.35,91.15,88.65,73.91
R,0.1,18,11.11,-0.02,-0.91,Alejandro Kirk,7.73,672386,TOR,22.22,42.86,Curveball,CU,20,0,2540.56,73.27,81.69,100
R,0.02,17,29.41,0.44,0.07,Alejandro Kirk,7.3,672386,TOR,35.29,18.18,Sweeper,ST,28.57,0,2404.06,86.3,80.39,83.33
R,0.62,12,0,-0.27,0.33,Alejandro Kirk,5.15,672386,TOR,16.67,30,Changeup,CH,0,0.67,1886.42,93.52,83.94,100
R,0.2,4,0,-0.89,0.32,Alejandro Kirk,1.72,672386,TOR,0,50,Split-Finger,FS,0,0,1306,98.8,85.35,0
R,0,4,0,0,0,Alejandro Kirk,1.72,672386,TOR,0,0,Unknown,UNK,0,0,0,0,0,0
R,0.41,64,23.44,-0.4,1.32,Andrés Giménez,25.81,665926,TOR,60.94,68,4-Seam Fastball,FF,21.15,0.11,2312.14,80.04,94.75,89.74
R,0.24,45,24.44,-0.6,0.83,Andrés Giménez,18.15,665926,TOR,60,44.44,Sinker,SI,15.38,0.29,2225.31,82.42,93.27,66.67
R,0.5,34,14.71,0.09,0.65,Andrés Giménez,13.71,665926,TOR,47.06,38.89,Cutter,FC,14.29,0.5,2416.44,76.32,89.08,87.5
R,0.04,33,33.33,0.02,0.17,Andrés Giménez,13.31,665926,TOR,33.33,45.45,Slider,SL,16.67,0,2360.06,56.18,87.11,18.18
R,0.25,27,7.41,-1.16,0.09,Andrés Giménez,10.89,665926,TOR,3.7,46.15,Changeup,CH,15.38,0,1790.07,74.23,84.15,100
R,0.27,18,33.33,0.7,-1.02,Andrés Giménez,7.26,665926,TOR,55.56,50,Curveball,CU,0,1,2551.33,80.65,81.53,40
R,0,14,71.43,0.66,0.21,Andrés Giménez,5.65,665926,TOR,57.14,66.67,Sweeper,ST,75,0,2408.29,0,80.4,50
R,0.33,10,20,0.44,-1.05,Andrés Giménez,4.03,665926,TOR,40,66.67,Knuckle Curve,KC,25,0,2279,75.73,84.38,100
R,0,2,0,-1.02,0.18,Andrés Giménez,0.81,665926,TOR,100,0,Split-Finger,FS,0,0,1311,90.9,83.4,100
R,0.18,1,0,-1.48,-0.24,Andrés Giménez,0.4,665926,TOR,0,100,Slurve,SV,0,0,2778,70,82,0
R,0.44,53,28.3,0.14,1.34,Brandon Valenzuela,39.26,678218,TOR,60.38,23.81,4-Seam Fastball,FF,20,0.1,2320.6,80.06,94.45,78.12
R,0.18,23,8.7,-0.14,0.18,Brandon Valenzuela,17.04,678218,TOR,60.87,55.56,Slider,SL,10.53,0,2453.35,79.91,87.6,100
R,0.45,14,28.57,0.55,-1,Brandon Valenzuela,10.37,678218,TOR,42.86,25,Knuckle Curve,KC,33.33,0.5,2308.86,88.85,85.76,66.67
R,0.06,13,61.54,-0.57,0.36,Brandon Valenzuela,9.63,678218,TOR,61.54,80,Changeup,CH,50,0,1915.77,58.45,87.37,50
R,0.09,13,0,-0.62,0.76,Brandon Valenzuela,9.63,678218,TOR,46.15,28.57,Sinker,SI,0,0,1963.62,82,94.73,100
R,0,11,36.36,0.26,0.4,Brandon Valenzuela,8.15,678218,TOR,45.45,33.33,Cutter,FC,40,0,2453.27,94.4,90.46,60
R,0,4,50,0.92,-1.31,Brandon Valenzuela,2.96,678218,TOR,50,0,Curveball,CU,0,0,2528.5,0,78.05,0
R,0.5,4,0,-0.11,-0.45,Brandon Valenzuela,2.96,678218,TOR,50,0,Sweeper,ST,0,0,2404.5,100.9,83.75,100
R,0.33,75,22.67,-0.12,0.8,Daulton Varsho,24.27,662139,TOR,50.67,21.62,Sinker,SI,16.22,0.38,2207.2,82.54,94.55,76.32
R,0.43,72,9.72,-0.31,1.31,Daulton Varsho,23.3,662139,TOR,58.33,50,4-Seam Fastball,FF,5.66,0.2,2377.51,83.82,95.18,90.48
R,0.27,36,16.67,-1.11,0.49,Daulton Varsho,11.65,662139,TOR,50,55.56,Changeup,CH,21.43,0.4,1844.33,81.68,86.38,100
R,0.04,32,15.62,0.2,0.47,Daulton Varsho,10.36,662139,TOR,37.5,50,Cutter,FC,21.05,0,2472.19,77.84,89.55,75
R,0.16,31,19.35,-0.18,0.3,Daulton Varsho,10.03,662139,TOR,58.06,46.15,Slider,SL,18.18,0.33,2352.65,83.71,85.75,88.89
R,0.31,28,21.43,0.35,-0.25,Daulton Varsho,9.06,662139,TOR,53.57,23.08,Sweeper,ST,7.69,0.4,2397.43,86.74,83.31,66.67
R,0.01,17,52.94,-0.13,-0.89,Daulton Varsho,5.5,662139,TOR,64.71,66.67,Curveball,CU,50,0,2634.47,90.45,81.82,36.36
R,0.06,16,37.5,0.54,-1.09,Daulton Varsho,5.18,662139,TOR,62.5,0,Knuckle Curve,KC,0,0,2415.12,71,83.85,40
R,0.8,2,0,-0.9,0.07,Daulton Varsho,0.65,662139,TOR,100,0,Split-Finger,FS,0,1,1231,95.6,85,100
R,0.42,30,30,0.13,1.34,Davis Schneider,31.91,676914,TOR,53.33,28.57,4-Seam Fastball,FF,18.18,0,2180.93,80.06,93.3,43.75
R,0.23,22,22.73,-0.78,0.62,Davis Schneider,23.4,676914,TOR,77.27,0,Sinker,SI,0,0,2173.09,82.92,92.9,70.59
R,0.92,14,28.57,0.02,0.79,Davis Schneider,14.89,676914,TOR,14.29,16.67,Cutter,FC,50,1,2272.71,80.6,89.1,100
R,0,14,28.57,0.07,0.44,Davis Schneider,14.89,676914,TOR,28.57,0,Slider,SL,0,0,2349.86,0,86.36,50
R,0.07,7,42.86,1.27,0.78,Davis Schneider,7.45,676914,TOR,28.57,60,Changeup,CH,33.33,0,1683.29,41,84.69,0
R,0,3,0,0.45,0.03,Davis Schneider,3.19,676914,TOR,0,0,Sweeper,ST,0,0,2255.67,0,80.17,0
R,0,2,100,-0.87,-0.74,Davis Schneider,2.13,676914,TOR,100,0,Curveball,CU,0,0,2139,0,76.1,0
R,0,2,0,-1.31,0.3,Davis Schneider,2.13,676914,TOR,0,0,Split-Finger,FS,0,0,1522,0,85.9,0
R,0.26,69,20.29,-0.91,0.79,Ernie Clement,20.12,676391,TOR,50.72,41.18,Sinker,SI,5.41,0.22,2258.96,79.72,94.39,65.71
R,0.27,66,19.7,-0.18,1.31,Ernie Clement,19.24,676391,TOR,43.94,54.05,4-Seam Fastball,FF,9.09,0.18,2315.3,81.45,94.09,82.76
R,0.38,62,11.29,0.14,0.3,Ernie Clement,18.08,676391,TOR,38.71,31.58,Slider,SL,14.71,0.64,2384.26,80.6,87.21,91.67
R,0.16,42,47.62,0.23,0.49,Ernie Clement,12.24,676391,TOR,42.86,79.17,Changeup,CH,45.16,0.08,1791.81,73.64,85.57,66.67
R,0.21,39,17.95,0.25,0.45,Ernie Clement,11.37,676391,TOR,33.33,42.31,Cutter,FC,29.17,0.17,2351.38,77.46,89.78,100
R,0.3,36,11.11,0.62,0.03,Ernie Clement,10.5,676391,TOR,47.22,42.11,Sweeper,ST,0,0.4,2563.36,74.86,82.56,82.35
R,0.07,15,26.67,-0.05,-1.06,Ernie Clement,4.37,676391,TOR,53.33,28.57,Curveball,CU,25,1,2605.53,86.27,81.45,75
R,0.04,8,0,0.41,-1.12,Ernie Clement,2.33,676391,TOR,50,50,Knuckle Curve,KC,0,0,2383.5,74.6,83.12,100
R,0.27,6,33.33,-0.95,-0.12,Ernie Clement,1.75,676391,TOR,66.67,100,Split-Finger,FS,0,0,1238.67,80.7,84.9,50
R,0.35,105,24.76,-0.58,0.76,George Springer,29.75,543807,TOR,71.43,23.33,Sinker,SI,8.2,0.41,2226.64,82.89,93.82,72
R,0.43,76,13.16,-0.09,1.34,George Springer,21.53,543807,TOR,50,15.79,4-Seam Fastball,FF,10.81,0.2,2260.61,79.42,94.81,81.58
R,0.39,43,11.63,0.07,0.21,George Springer,12.18,543807,TOR,30.23,10,Slider,SL,21.43,0.38,2308.86,89.86,86.89,84.62
R,0.14,38,23.68,0.95,-0.19,George Springer,10.76,543807,TOR,34.21,44,Sweeper,ST,16.67,0,2485.08,74.95,84.48,53.85
R,0.19,32,25,0,0.64,George Springer,9.07,543807,TOR,34.38,28.57,Changeup,CH,53.33,0.33,1864.28,75.91,86.12,81.82
R,0.57,25,20,0.08,0.64,George Springer,7.08,543807,TOR,56,0,Cutter,FC,0,0.33,2342.16,86.11,88.84,78.57
R,0.34,18,16.67,0.2,-0.97,George Springer,5.1,543807,TOR,44.44,0,Curveball,CU,0,0.8,2607.33,91.85,80.64,62.5
R,0,10,40,-0.57,0.09,George Springer,2.83,543807,TOR,40,33.33,Split-Finger,FS,66.67,0,1186.2,0,85.3,100
R,0,6,33.33,0.56,-1.23,George Springer,1.7,543807,TOR,33.33,0,Knuckle Curve,KC,100,0,2433,0,87.1,100
R,0.32,68,35.29,-0.28,0.77,Kazuma Okamoto,20.48,672960,TOR,61.76,57.69,Sinker,SI,29.55,0.24,2236.51,85.35,94.53,69.05
R,0.09,68,35.29,-0.09,0.3,Kazuma Okamoto,20.48,672960,TOR,47.06,38.89,Slider,SL,35.29,0,2400.93,83.83,87.46,62.5
R,0.11,51,31.37,0.14,0.69,Kazuma Okamoto,15.36,672960,TOR,52.94,45.83,Cutter,FC,29.03,0.14,2306.37,72.79,89.2,74.07
R,0.39,44,25,-0.14,1.38,Kazuma Okamoto,13.25,672960,TOR,63.64,25,4-Seam Fastball,FF,8.7,0.46,2348.64,82.72,94.58,67.86
R,0.1,41,29.27,0.02,0.27,Kazuma Okamoto,12.35,672960,TOR,26.83,40,Changeup,CH,47.62,0,1776.78,79.56,84.48,81.82
R,0.33,26,15.38,0.79,-0.24,Kazuma Okamoto,7.83,672960,TOR,50,30.77,Sweeper,ST,23.53,0.5,2455.85,77.73,84.15,100
R,0.14,20,30,0,-1.01,Kazuma Okamoto,6.02,672960,TOR,50,60,Curveball,CU,37.5,0.25,2540.05,92.03,81.53,100
R,0,8,25,-0.58,0.28,Kazuma Okamoto,2.41,672960,TOR,75,0,Split-Finger,FS,0,0,1301.75,93.65,85.05,66.67
R,0.37,6,0,0.23,-1.02,Kazuma Okamoto,1.81,672960,TOR,0,33.33,Knuckle Curve,KC,0,0,2387.67,93.6,82.63,0
R,0.24,43,39.53,0.15,1.25,Luis Urías,32.58,649966,TOR,81.4,0,4-Seam Fastball,FF,10,0,2297.58,71.29,93.14,57.14
R,0.1,33,6.06,-0.67,-0.16,Luis Urías,25,649966,TOR,36.36,47.62,Sweeper,ST,0,0,2413.91,76.69,78.47,83.33
R,0.16,20,10,0.02,0.16,Luis Urías,15.15,649966,TOR,55,0,Slider,SL,22.22,0,2537.25,86.91,86.94,81.82
R,0,14,42.86,1.05,0.61,Luis Urías,10.61,649966,TOR,14.29,58.33,Changeup,CH,62.5,0,1742,34.7,85.77,50
R,0.56,12,16.67,-0.09,0.74,Luis Urías,9.09,649966,TOR,75,33.33,Sinker,SI,20,0.43,2254.25,93.98,94.99,100
R,0,4,50,-0.79,-1.23,Luis Urías,3.03,649966,TOR,0,0,Curveball,CU,0,0,2592,0,82.3,0
R,0,4,0,0.48,-0.94,Luis Urías,3.03,649966,TOR,0,50,Knuckle Curve,KC,0,0,2150.5,0,86.6,0
R,0,2,0,-0.4,0.69,Luis Urías,1.52,649966,TOR,100,0,Cutter,FC,0,0,1860,90,81.8,100
R,0.27,58,25.86,0.25,1.31,Myles Straw,44.27,664702,TOR,58.62,54.17,4-Seam Fastball,FF,9.09,0.09,2208.57,82.96,94.01,58.82
R,0.43,17,29.41,-0.34,0.84,Myles Straw,12.98,664702,TOR,88.24,0,Sinker,SI,0,0,2279.71,77.36,92.6,53.33
R,0.74,16,6.25,0.51,0.56,Myles Straw,12.21,664702,TOR,37.5,0,Changeup,CH,0,0.5,1776.62,79.26,84.22,83.33
R,0.45,16,31.25,-0.03,0.56,Myles Straw,12.21,664702,TOR,87.5,100,Cutter,FC,15.38,0.5,2285.62,71.91,88.78,78.57
R,0.1,15,33.33,-0.13,0.15,Myles Straw,11.45,664702,TOR,53.33,42.86,Slider,SL,0,0,2539.93,81.12,86.1,37.5
R,0.48,6,0,-0.43,0.3,Myles Straw,4.58,664702,TOR,50,0,Sweeper,ST,0,0,2266.5,82.1,78.92,100
R,0,2,0,-0.53,-1.24,Myles Straw,1.53,664702,TOR,0,0,Curveball,CU,0,0,2473,0,83,0
R,0,1,0,-1.1,-0.62,Myles Straw,0.76,664702,TOR,0,0,Slurve,SV,0,0,2866,0,80.6,0
R,0.23,112,14.29,-0.56,1.35,Nathan Lukes,31.28,664770,TOR,51.79,24.07,4-Seam Fastball,FF,5.17,0.19,2359.06,81.41,94.44,77.59
R,0.18,85,27.06,-0.67,0.68,Nathan Lukes,23.74,664770,TOR,54.12,35.9,Sinker,SI,13.33,0.22,2211.6,77.51,93.59,67.39
R,0.34,46,17.39,0.2,0.69,Nathan Lukes,12.85,664770,TOR,58.7,26.32,Cutter,FC,7.69,1,2373.59,74.89,89.85,77.78
R,0.38,46,30.43,-0.23,0.3,Nathan Lukes,12.85,664770,TOR,30.43,37.5,Slider,SL,36.36,0.2,2267.48,82.06,85.51,71.43
R,0.24,27,14.81,-1.09,0.3,Nathan Lukes,7.54,664770,TOR,51.85,46.15,Changeup,CH,11.11,0.2,1647.33,75.94,86.09,85.71
R,0.14,16,37.5,0.48,-1.13,Nathan Lukes,4.47,664770,TOR,25,83.33,Curveball,CU,20,0.33,2559.75,60.1,81.49,0
R,0,10,0,0.97,-0.22,Nathan Lukes,2.79,664770,TOR,40,33.33,Sweeper,ST,0,0,2423,74.55,80.7,100
R,0.26,8,25,0.5,-1.12,Nathan Lukes,2.23,664770,TOR,25,33.33,Knuckle Curve,KC,0,0,2348.75,71.6,83.48,0
R,0.51,6,0,-1.03,0.06,Nathan Lukes,1.68,664770,TOR,33.33,50,Split-Finger,FS,0,0,1186,90.95,84.83,100
R,0,2,100,-1.43,-0.3,Nathan Lukes,0.56,664770,TOR,50,100,Slurve,SV,100,0,2910,0,82.4,0
R,0.32,89,23.6,-0.17,1.36,Vladimir Guerrero Jr.,31.12,665489,TOR,44.94,28.57,4-Seam Fastball,FF,12.5,0.26,2269.36,83.87,94.24,65
R,0.34,67,17.91,-0.8,0.8,Vladimir Guerrero Jr.,23.43,665489,TOR,53.73,19.35,Sinker,SI,0,0.29,2270.78,88.14,94.78,61.11
R,0.28,39,15.38,0.25,0.54,Vladimir Guerrero Jr.,13.64,665489,TOR,64.1,28.57,Cutter,FC,8,0.14,2351.36,89.48,89.01,84
R,0.3,32,12.5,0.09,0.39,Vladimir Guerrero Jr.,11.19,665489,TOR,43.75,44.44,Changeup,CH,10,0.3,1640.28,92.59,85.3,85.71
R,0.25,22,18.18,0.89,0.12,Vladimir Guerrero Jr.,7.69,665489,TOR,63.64,25,Sweeper,ST,14.29,0.2,2594.82,90.7,85.03,85.71
R,0.31,21,33.33,-0.13,0.23,Vladimir Guerrero Jr.,7.34,665489,TOR,28.57,53.33,Slider,SL,41.67,0.29,2473,81.54,85.65,66.67
R,0,8,0,-0.04,-0.91,Vladimir Guerrero Jr.,2.8,665489,TOR,25,16.67,Curveball,CU,0,0,2744.38,88.9,81.2,100
R,0.22,4,50,0.53,-1.15,Vladimir Guerrero Jr.,1.4,665489,TOR,100,0,Knuckle Curve,KC,0,1,2354,57.6,80.45,50
R,0,4,0,0.49,0.16,Vladimir Guerrero Jr.,1.4,665489,TOR,50,0,Split-Finger,FS,0,0,1104,65.7,89.65,100
R,0.44,34,20.59,-0.54,1.26,Yohendrick Piñango,22.97,682818,TOR,41.18,20,4-Seam Fastball,FF,9.09,0.5,2309.15,85.09,94.32,50
R,0.39,31,54.84,-0.93,0.68,Yohendrick Piñango,20.95,682818,TOR,74.19,75,Sinker,SI,25,0,2233.87,78.67,94,43.48
R,0.27,29,34.48,-1.24,0.17,Yohendrick Piñango,19.59,682818,TOR,34.48,42.11,Changeup,CH,57.14,0.3,1846,99.13,87.75,60
R,0,16,12.5,0.13,0.56,Yohendrick Piñango,10.81,682818,TOR,25,66.67,Cutter,FC,0,0,2401.25,89.93,90.12,0
R,0,10,10,0.27,0.14,Yohendrick Piñango,6.76,682818,TOR,50,0,Sweeper,ST,0,0,2365.5,67.85,82.47,80
R,0,8,75,0.85,-1.06,Yohendrick Piñango,5.41,682818,TOR,25,66.67,Curveball,CU,100,0,2677.75,0,82.55,0
R,0.23,8,25,-0.02,0.6,Yohendrick Piñango,5.41,682818,TOR,25,33.33,Slider,SL,0,0,2025.25,86.5,87.42,100
R,0.12,6,0,0.53,-1.01,Yohendrick Piñango,4.05,682818,TOR,33.33,0,Knuckle Curve,KC,0,0,2314.33,94.5,87.63,100
R,0.06,6,33.33,-1,0.45,Yohendrick Piñango,4.05,682818,TOR,66.67,0,Split-Finger,FS,0,1,1239,86.6,84.53,50
L,0.7,14,42.86,0.15,0.21,,31.82,815873,TOR,64.29,0,Slider,SL,80,0,2543.21,76.7,86.96,55.56
L,0.03,10,20,-0.4,1.32,,23.81,682729,TOR,30,42.86,4-Seam Fastball,FF,0,0,2493.4,75.95,94.44,33.33
L,0,8,100,0.28,-1.09,,19.05,682729,TOR,50,100,Knuckle Curve,KC,100,0,2377,0,79.12,0
L,0.18,8,0,-0.06,1.39,,18.18,815873,TOR,62.5,66.67,4-Seam Fastball,FF,0,0,2580.38,86.02,95.69,100
L,0,7,28.57,-1.09,0.9,,16.67,682729,TOR,42.86,0,Sinker,SI,0,0,2433.29,0,93.57,0
L,0.7,6,0,0.14,0.76,,14.29,682729,TOR,16.67,0,Cutter,FC,0,0,2611.33,103.7,90.68,100
L,0,6,66.67,0.2,-1.15,,13.64,815873,TOR,33.33,50,Knuckle Curve,KC,100,0,2432.33,0,80.73,0
L,0.65,6,33.33,-1.43,0.92,,13.64,815873,TOR,66.67,0,Sinker,SI,0,0,2552,98.5,94.53,50
L,0.17,5,60,-1.08,-0.48,,11.9,682729,TOR,100,0,Sweeper,ST,0,0,2238.6,98.4,79.96,40
L,0,4,50,-1.56,0.29,,9.09,815873,TOR,50,0,Changeup,CH,0,0,1676,0,89.35,0
L,0,4,0,0.64,-1.51,,9.09,815873,TOR,0,0,Curveball,CU,0,0,3027.5,0,83.7,0
L,0,3,0,0.12,0.42,,7.14,682729,TOR,33.33,0,Changeup,CH,0,0,2320.67,86.9,89.83,100
L,0,3,0,-0.33,0.44,,7.14,682729,TOR,33.33,50,Slider,SL,0,0,2387,84.2,88.67,100
L,0.1,2,0,1.8,-0.4,,4.55,815873,TOR,0,100,Sweeper,ST,0,0,3063,48.6,86.1,0
R,0.78,51,21.57,0.53,1.15,Andrés Chaparro,36.17,665953,WSN,58.82,38.1,4-Seam Fastball,FF,20.59,0.4,2265.55,89.56,92.88,86.67
R,0.93,23,21.74,1.18,0.64,Andrés Chaparro,16.31,665953,WSN,52.17,0,Changeup,CH,25,0.5,1762.87,83.77,81.95,100
R,0.22,23,43.48,-0.06,0.12,Andrés Chaparro,16.31,665953,WSN,21.74,50,Slider,SL,66.67,0,2507,73.82,82.88,60
R,0.02,14,57.14,-1.15,-0.29,Andrés Chaparro,9.93,665953,WSN,57.14,0,Slurve,SV,50,0,2391.14,47.8,79.04,50
R,0.57,13,0,-0.06,0.59,Andrés Chaparro,9.22,665953,WSN,38.46,0,Cutter,FC,0,0.2,2254.54,105.74,87.1,100
R,0.73,11,18.18,-0.56,-0.74,Andrés Chaparro,7.8,665953,WSN,27.27,25,Curveball,CU,0,1,2435.82,85.1,78.83,33.33
R,0,4,50,0.82,0.44,Andrés Chaparro,2.84,665953,WSN,100,0,Sinker,SI,0,0,2245,86.3,90.65,50
R,0,2,0,-0.01,-0.31,Andrés Chaparro,1.42,665953,WSN,0,0,Knuckle Curve,KC,0,0,2307,0,83.9,0
R,0.7,16,12.5,0.21,1.46,Brady House,22.22,691781,WSN,62.5,33.33,4-Seam Fastball,FF,0,0.25,2257,93.58,92.49,80
R,0.47,12,33.33,-0.85,0.55,Brady House,16.67,691781,WSN,50,66.67,Sinker,SI,0,0.5,2191.83,89.83,95.2,33.33
R,0,10,0,1.25,0.49,Brady House,13.89,691781,WSN,20,50,Changeup,CH,0,0,1821.8,67.5,83.14,100
R,0,10,20,-0.33,0.19,Brady House,13.89,691781,WSN,60,0,Slider,SL,0,0,2182.6,80.35,86.42,66.67
R,0.3,8,0,0.03,0.85,Brady House,11.11,691781,WSN,0,50,Cutter,FC,0,0.5,2409,90.85,91.08,0
R,0,6,66.67,0.4,-0.21,Brady House,8.33,691781,WSN,33.33,50,Curveball,CU,100,0,2455,0,86.3,0
R,0.89,6,33.33,-0.36,0.03,Brady House,8.33,691781,WSN,33.33,100,Sweeper,ST,0,1,2524.33,73,81.6,0
R,0,4,100,-1.14,0.73,Brady House,5.56,691781,WSN,50,100,Split-Finger,FS,100,0,1594.5,0,83.15,100
R,0.53,98,25.51,-0.22,1.13,CJ Abrams,29.52,682928,WSN,54.08,20,4-Seam Fastball,FF,4.88,0.5,2293.93,83.29,94.11,60.38
R,0.24,62,38.71,-0.04,0.22,CJ Abrams,18.67,682928,WSN,27.42,46.67,Slider,SL,53.33,0.2,2457.24,88.42,84.75,52.94
R,0.29,36,27.78,0.64,0.79,CJ Abrams,10.84,682928,WSN,61.11,50,Sinker,SI,0,0.57,2203.86,74.01,92.08,45.45
R,0.45,33,24.24,-0.12,-0.6,CJ Abrams,9.94,682928,WSN,30.3,52.17,Curveball,CU,30,0.4,2453.64,92.22,79.51,80
R,0.37,31,25.81,-0.04,0.57,CJ Abrams,9.34,682928,WSN,48.39,50,Cutter,FC,28.57,0.46,2381.29,80.53,88.94,86.67
R,0.71,26,11.54,-0.73,0.36,CJ Abrams,7.83,682928,WSN,19.23,42.86,Changeup,CH,21.43,0.55,1687.96,94.12,86.53,100
R,0,15,33.33,-0.86,0.43,CJ Abrams,4.52,682928,WSN,26.67,27.27,Split-Finger,FS,60,0,1401.53,0,85.44,50
R,0.21,13,23.08,-0.43,0.13,CJ Abrams,3.92,682928,WSN,38.46,25,Sweeper,ST,33.33,0,2619.85,84.42,84.52,80
R,0,12,50,0.08,-0.62,CJ Abrams,3.61,682928,WSN,0,66.67,Knuckle Curve,KC,75,0,2325.83,0,85.48,0
R,0.56,6,33.33,-1.38,-0.3,CJ Abrams,1.81,682928,WSN,66.67,0,Slurve,SV,0,1,2371.33,100.2,80.8,50
R,0.2,112,20.54,-0.29,1.17,Daylen Lile,35,695734,WSN,54.46,31.37,4-Seam Fastball,FF,17.91,0.09,2291.41,82.56,94.84,83.61
R,0.23,47,23.4,-0.96,0.4,Daylen Lile,14.69,695734,WSN,34.04,35.48,Changeup,CH,30.43,0.22,1752.47,70.63,84.88,75
R,0.47,39,30.77,-0.05,0.18,Daylen Lile,12.19,695734,WSN,30.77,29.63,Slider,SL,44.44,0,2489.15,71.25,83.55,83.33
R,0.59,35,22.86,0.13,0.58,Daylen Lile,10.94,695734,WSN,60,28.57,Cutter,FC,10.53,0.55,2378.29,92.76,91.39,71.43
R,0.08,21,28.57,0.08,0.43,Daylen Lile,6.56,695734,WSN,61.9,50,Sinker,SI,26.67,0,2217.76,77.94,93.67,84.62
R,0.23,19,42.11,0.6,-0.91,Daylen Lile,5.94,695734,WSN,42.11,54.55,Curveball,CU,45.45,0.25,2499.53,92.95,79.03,62.5
R,0,17,35.29,-0.15,0.03,Daylen Lile,5.31,695734,WSN,41.18,60,Sweeper,ST,41.67,0,2711.41,68.2,85.21,85.71
R,0.28,16,43.75,-0.91,0.55,Daylen Lile,5,695734,WSN,25,66.67,Split-Finger,FS,50,0.33,1230.81,72.74,85.55,50
R,0.42,8,50,-1.14,-0.38,Daylen Lile,2.5,695734,WSN,50,100,Slurve,SV,33.33,0.5,2306.25,89.2,80.7,50
R,0,6,66.67,0.29,-0.69,Daylen Lile,1.88,695734,WSN,66.67,100,Knuckle Curve,KC,100,0,2367.33,0,85.67,0
R,0.36,104,23.08,0.05,1.13,Dylan Crews,31.8,686611,WSN,51.92,24,4-Seam Fastball,FF,25,0.19,2301.02,79.63,93.44,74.07
R,0.59,55,32.73,0.12,0.09,Dylan Crews,16.82,686611,WSN,38.18,29.41,Slider,SL,43.48,0.44,2495.15,96.13,84.63,61.9
R,0.3,48,8.33,-0.64,0.53,Dylan Crews,14.68,686611,WSN,50,33.33,Sinker,SI,0,0.55,2183.69,76.41,94.67,75
R,0.68,44,25,0.14,0.61,Dylan Crews,13.46,686611,WSN,40.91,26.92,Cutter,FC,20,0.8,2343.82,82.61,90.06,72.22
R,0.17,31,25.81,0.75,0.53,Dylan Crews,9.48,686611,WSN,25.81,13.04,Changeup,CH,66.67,0.2,1667,77.23,83.06,75
R,0.38,17,29.41,-0.64,-0.66,Dylan Crews,5.2,686611,WSN,35.29,54.55,Curveball,CU,36.36,0.33,2649.41,92.12,78.34,83.33
R,0.06,9,44.44,1.13,-0.11,Dylan Crews,2.75,686611,WSN,44.44,0,Sweeper,ST,0,0,2305.89,96.7,83.64,50
R,0,8,50,-1.04,-0.43,Dylan Crews,2.45,686611,WSN,75,0,Slurve,SV,100,0,2352.75,0,80.08,33.33
R,0,6,0,0.05,-0.85,Dylan Crews,1.83,686611,WSN,0,0,Knuckle Curve,KC,0,0,2321.67,0,86.73,0
R,0.49,5,20,-0.81,0.52,Dylan Crews,1.53,686611,WSN,20,0,Split-Finger,FS,100,0,1173,0,87.24,100
R,0.44,63,26.98,0.42,1.21,Harry Ford,37.28,695670,WSN,57.14,14.81,4-Seam Fastball,FF,22.22,0.27,2271.78,79.32,93.33,63.89
R,0.1,24,33.33,-0.26,0.37,Harry Ford,14.2,695670,WSN,62.5,0,Slider,SL,41.67,0,2228.46,73.41,84.09,80
R,0.06,18,16.67,0,0.62,Harry Ford,10.65,695670,WSN,44.44,20,Cutter,FC,12.5,0,2320.72,59.14,88.58,75
R,0.21,17,35.29,1.36,0.73,Harry Ford,10.06,695670,WSN,41.18,40,Changeup,CH,22.22,1,1824.71,61.24,84.09,71.43
R,0,14,42.86,0.1,-0.38,Harry Ford,8.28,695670,WSN,28.57,20,Knuckle Curve,KC,100,0,2457.57,0,84.99,0
R,0,11,45.45,-0.49,-0.84,Harry Ford,6.51,695670,WSN,45.45,50,Curveball,CU,50,0,2446.27,74.43,79.63,60
R,0,6,33.33,-0.05,-0.36,Harry Ford,3.55,695670,WSN,66.67,0,Sinker,SI,0,0,1929.33,71.6,90.9,50
R,0.04,6,16.67,-0.79,0.23,Harry Ford,3.55,695670,WSN,50,0,Split-Finger,FS,0,0,1052.67,99.8,83.35,66.67
R,0,6,33.33,-1.17,0.25,Harry Ford,3.55,695670,WSN,33.33,0,Sweeper,ST,0,0,2510.67,0,88.83,0
R,0,2,0,0.75,1.38,Harry Ford,1.18,695670,WSN,0,0,Pitch Out,PO,0,0,2151,0,87.5,0
R,0,2,0,0,0,Harry Ford,1.18,695670,WSN,0,0,Unknown,UNK,0,0,0,0,0,0
R,0.53,64,40.62,0.12,1.23,Jacob Young,28.7,696285,WSN,65.62,31.82,4-Seam Fastball,FF,17.86,0.53,2335.3,83.63,93.35,50
R,0.42,38,18.42,0.06,0.62,Jacob Young,17.04,696285,WSN,34.21,28,Cutter,FC,33.33,0.5,2402.39,73.42,89.59,84.62
R,0.5,36,22.22,-0.33,0.26,Jacob Young,16.14,696285,WSN,44.44,20,Slider,SL,25,0,2367,66.75,83.85,75
R,0.74,22,27.27,0.47,0.53,Jacob Young,9.87,696285,WSN,59.09,66.67,Changeup,CH,23.53,0.57,1812.27,78.58,83.84,84.62
R,0.33,21,19.05,0.63,0.04,Jacob Young,9.42,696285,WSN,57.14,0,Sweeper,ST,25,0.33,2638.76,75.77,82.77,66.67
R,0.41,20,40,-0.51,0.58,Jacob Young,8.97,696285,WSN,70,66.67,Sinker,SI,16.67,0,2227.4,84.62,94.37,57.14
R,0.4,8,25,-0.06,-0.78,Jacob Young,3.59,696285,WSN,50,0,Curveball,CU,0,0,2240.62,94.8,75.7,50
R,0,6,0,-1.6,-0.27,Jacob Young,2.69,696285,WSN,0,33.33,Slurve,SV,0,0,2366.67,88.1,80.53,0
R,0,4,50,0.3,-0.25,Jacob Young,1.79,696285,WSN,50,100,Knuckle Curve,KC,50,0,2524,84.4,85.2,100
R,0.68,4,0,-1.03,0.92,Jacob Young,1.79,696285,WSN,0,50,Split-Finger,FS,0,1,1457,72.3,82.85,0
R,0.4,129,31.01,0.11,1.14,James Wood,30.86,695578,WSN,58.91,22.64,4-Seam Fastball,FF,18.52,0.34,2266.4,85.85,93.2,55.26
R,0.52,62,32.26,-0.18,0.17,James Wood,14.83,695578,WSN,37.1,28.21,Slider,SL,48.15,0.29,2319.45,101.06,83.38,69.57
R,0.08,52,30.77,-0.86,0.35,James Wood,12.44,695578,WSN,32.69,31.43,Changeup,CH,45.45,0,1766.33,91.32,87.48,64.71
R,0.4,41,41.46,-0.08,0.26,James Wood,9.81,695578,WSN,68.29,15.38,Sinker,SI,23.53,0.33,2126.44,99.93,91.18,53.57
R,0.18,39,20.51,0.07,0.62,James Wood,9.33,695578,WSN,56.41,23.53,Cutter,FC,15.79,0.09,2441.56,88.11,89.91,68.18
R,0.13,30,43.33,-0.43,0.22,James Wood,7.18,695578,WSN,40,33.33,Sweeper,ST,58.33,0,2654.7,77.12,82.48,50
R,0.46,27,51.85,0.04,-0.76,James Wood,6.46,695578,WSN,81.48,0,Curveball,CU,33.33,0.25,2412.63,88.38,78.83,54.55
R,0.7,12,0,0.38,-0.75,James Wood,2.87,695578,WSN,16.67,0,Knuckle Curve,KC,0,0,2395,0,86.35,0
R,0.5,12,8.33,-0.7,0.49,James Wood,2.87,695578,WSN,25,0,Split-Finger,FS,0,0,1173.83,91.5,84.65,66.67
R,0,8,0,0,0,James Wood,1.91,695578,WSN,0,0,Unknown,UNK,0,0,0,0,0,0
R,0,6,66.67,-1.03,-0.34,James Wood,1.44,695578,WSN,33.33,50,Slurve,SV,100,0,2352.33,0,80.8,0
R,0.38,52,21.15,-0.54,1.05,Jorbit Vivas,33.12,678391,WSN,26.92,34.21,4-Seam Fastball,FF,24,0.25,2274,68.44,93.28,85.71
R,0,21,19.05,-1.19,0.53,Jorbit Vivas,13.38,678391,WSN,52.38,0,Sinker,SI,0,0,2244.29,75.64,95.31,45.45
R,0.14,17,11.76,-0.06,0.52,Jorbit Vivas,10.83,678391,WSN,52.94,75,Slider,SL,13.33,0,2423.94,75.97,87.09,100
R,0.18,16,37.5,-0.8,0.59,Jorbit Vivas,10.19,678391,WSN,50,50,Split-Finger,FS,25,0,1313.44,70.55,82.82,50
R,0.14,14,21.43,-0.84,0.24,Jorbit Vivas,8.92,678391,WSN,21.43,18.18,Changeup,CH,50,0,1421.79,61.15,86.54,66.67
R,0.47,12,16.67,0.36,0.01,Jorbit Vivas,7.64,678391,WSN,50,66.67,Sweeper,ST,0,0.5,2807.67,71.6,80.9,66.67
R,0.06,9,44.44,0.81,-1.04,Jorbit Vivas,5.73,678391,WSN,55.56,100,Curveball,CU,44.44,0.5,2586.22,92.6,77.08,100
R,0,8,50,-0.04,0.87,Jorbit Vivas,5.1,678391,WSN,25,33.33,Cutter,FC,100,0,2539,0,90.92,0
R,0.53,8,25,0.55,-0.68,Jorbit Vivas,5.1,678391,WSN,0,50,Knuckle Curve,KC,50,0.5,2441.25,79.6,85.35,0
R,0.17,53,26.42,-0.25,0.9,José Tena,40.77,677588,WSN,52.83,40,4-Seam Fastball,FF,25,0.36,2306.83,86.54,94.1,78.57
R,0.19,20,15,-0.85,0.52,José Tena,15.38,677588,WSN,40,50,Changeup,CH,15.38,0.14,1801.1,70.14,84.87,87.5
R,0,16,31.25,0.61,0.34,José Tena,12.31,677588,WSN,31.25,27.27,Slider,SL,40,0,2353.06,70.23,83.13,40
R,0.44,14,21.43,-0.59,-0.59,José Tena,10.77,677588,WSN,50,0,Sinker,SI,0,1,2057.86,101.3,85.86,28.57
R,0,11,18.18,0.64,-0.93,José Tena,8.46,677588,WSN,72.73,0,Curveball,CU,25,0,2552.73,56.7,77.07,100
R,0,6,100,-0.6,-0.16,José Tena,4.62,677588,WSN,0,66.67,Split-Finger,FS,100,0,1578.33,0,85.53,0
R,0,6,66.67,0.84,-0.06,José Tena,4.62,677588,WSN,33.33,50,Sweeper,ST,100,0,2522,0,84.87,0
R,0.59,4,0,0.1,0.65,José Tena,3.08,677588,WSN,25,0,Cutter,FC,0,0,2038.75,108.9,90.2,100
R,0.22,48,10.42,-0.41,0.97,Keibert Ruiz,36.36,660688,WSN,43.75,40.74,4-Seam Fastball,FF,0,0.11,2342.44,82.25,93.79,76.19
R,0.17,19,15.79,-1.13,0.42,Keibert Ruiz,14.39,660688,WSN,42.11,45.45,Changeup,CH,0,0.38,1738.42,67.45,84.93,62.5
R,0.42,14,28.57,-0.92,0.38,Keibert Ruiz,10.61,660688,WSN,50,28.57,Sinker,SI,28.57,0.2,2232.93,93.96,95.42,71.43
R,0,12,16.67,0.05,0.6,Keibert Ruiz,9.09,660688,WSN,50,66.67,Cutter,FC,0,0,2474.67,81,91,66.67
R,0.22,10,20,-0.8,0.24,Keibert Ruiz,7.58,660688,WSN,60,0,Split-Finger,FS,33.33,0.33,1400,84.65,86.26,100
R,0,8,0,0.69,-0.76,Keibert Ruiz,6.06,660688,WSN,25,0,Curveball,CU,0,0,2513.25,73.7,80.72,100
R,0.13,6,0,0.26,-0.91,Keibert Ruiz,4.55,660688,WSN,33.33,50,Knuckle Curve,KC,0,0,2438.33,87.9,85.93,100
R,0.11,6,33.33,-0.53,0.3,Keibert Ruiz,4.55,660688,WSN,100,0,Sweeper,ST,0,0,2728.67,69.45,80.4,66.67
R,0,5,40,0.76,-0.01,Keibert Ruiz,3.79,660688,WSN,80,0,Slider,SL,0,0,2732.8,61.6,85.46,50
R,0.22,4,50,-1.16,-0.09,Keibert Ruiz,3.03,660688,WSN,100,0,Slurve,SV,0,0,2383.5,75.2,81,50
R,0.21,53,45.28,-0.01,1.01,Luis García Jr.,18.34,671277,WSN,50.94,53.85,4-Seam Fastball,FF,26.92,0.22,2256.83,78.15,93.45,44.44
R,0.29,47,27.66,-0.09,0.16,Luis García Jr.,16.26,671277,WSN,55.32,47.62,Sinker,SI,7.41,0.35,2165.89,84.06,91.14,65.38
R,0.25,44,13.64,-0.9,0.28,Luis García Jr.,15.22,671277,WSN,31.82,30,Changeup,CH,15,0,1721.16,77.64,87.27,78.57
R,0.25,42,28.57,0.33,0.25,Luis García Jr.,14.53,671277,WSN,52.38,50,Slider,SL,28.57,0.25,2280.19,82.32,85.32,81.82
R,0.35,28,21.43,-0.01,-0.7,Luis García Jr.,9.69,671277,WSN,28.57,20,Curveball,CU,33.33,0.4,2409.96,89.9,79.07,100
R,0.86,26,7.69,0.27,0.04,Luis García Jr.,9,671277,WSN,53.85,0,Sweeper,ST,14.29,0.5,2730.15,81.02,83.44,100
R,0.4,24,16.67,0.01,0.6,Luis García Jr.,8.3,671277,WSN,54.17,45.45,Cutter,FC,6.67,0.33,2311.79,76.14,89.91,76.92
R,0.06,13,0,-0.78,0.58,Luis García Jr.,4.5,671277,WSN,46.15,28.57,Split-Finger,FS,0,0,1369.15,81.85,83.45,100
R,0.09,12,16.67,0.02,-0.85,Luis García Jr.,4.15,671277,WSN,16.67,60,Knuckle Curve,KC,25,0,2269,81.4,85.3,100
R,0.29,138,19.57,0.06,1.12,Nasim Nuñez,40.35,683083,WSN,64.49,14.29,4-Seam Fastball,FF,1.39,0.24,2294.37,81.92,93.09,73.03
R,0.26,48,27.08,-0.02,0.27,Nasim Nuñez,14.04,683083,WSN,39.58,31.03,Slider,SL,22.73,0.36,2377.12,76.04,83.28,68.42
R,0.32,43,34.88,-0.36,-0.1,Nasim Nuñez,12.57,683083,WSN,58.14,11.11,Sinker,SI,12.5,0,2111.21,80.16,89.86,56
R,0.13,33,24.24,0.21,0.57,Nasim Nuñez,9.65,683083,WSN,24.24,44,Changeup,CH,25,0,1725.03,75.48,85.35,62.5
R,0.46,33,21.21,0.04,0.59,Nasim Nuñez,9.65,683083,WSN,33.33,4.55,Cutter,FC,16.67,0,2433.52,86,90.09,45.45
R,0.08,15,26.67,-0.04,-0.66,Nasim Nuñez,4.39,683083,WSN,33.33,20,Curveball,CU,0,0.33,2384.27,80.43,78.49,20
R,0.37,9,0,0.05,0.29,Nasim Nuñez,2.63,683083,WSN,55.56,0,Sweeper,ST,0,1,2743.44,70.54,80.37,100
R,0.24,8,25,0.24,-0.42,Nasim Nuñez,2.34,683083,WSN,100,0,Knuckle Curve,KC,0,0,2400,93.07,84.18,75
R,0.06,8,25,-1.09,-0.2,Nasim Nuñez,2.34,683083,WSN,25,33.33,Slurve,SV,0,0,2342.5,88.5,80.05,0
R,0.82,7,14.29,-0.79,0.28,Nasim Nuñez,2.05,683083,WSN,28.57,40,Split-Finger,FS,0,1,1174.29,80.53,85.57,50
R,0.42,89,20.22,0.22,1.16,,34.9,678554,WSN,46.07,4.17,4-Seam Fastball,FF,13.79,0.5,2298.91,82.02,93.85,65.85
R,0.36,34,38.24,-0.4,0.2,,13.33,678554,WSN,41.18,40,Slider,SL,36.36,0,2458.15,80.49,81.64,21.43
R,0.3,30,10,0.04,0.61,,11.76,678554,WSN,33.33,10,Cutter,FC,8.33,0.33,2337.77,75.58,89.73,100
R,0.22,23,47.83,-0.35,0.59,,9.02,678554,WSN,56.52,40,Sinker,SI,0,0.33,2240.48,83.33,93.7,15.38
R,0.4,22,13.64,0.75,0.23,,8.63,678554,WSN,31.82,33.33,Changeup,CH,18.18,0.29,1646,92.17,85.25,85.71
R,0,22,50,-0.46,-0.73,,8.63,678554,WSN,45.45,41.67,Curveball,CU,50,0,2427.41,97.75,79.51,30
R,0,18,55.56,1.07,0.01,,7.06,678554,WSN,44.44,40,Sweeper,ST,66.67,0,2871.33,103,81.94,25
R,0,10,40,0.07,-0.23,,3.92,678554,WSN,20,50,Knuckle Curve,KC,66.67,0,2409.4,102.9,82.88,100
R,0,6,33.33,-1.2,-0.14,,2.35,678554,WSN,33.33,0,Slurve,SV,0,0,2358.33,0,79.7,0
R,0.31,1,0,-0.81,0.13,,0.39,678554,WSN,100,0,Split-Finger,FS,0,1,525,90.9,85.7,100
