H,K,R,BB,ER,HR,IP,date,result,game_pk,pitches,home_away,pitcher_id,entry_inning,opponent_ABQ,opponent_OBR,opponent_OSI,opponent_RCV,pitcher_hand,pitcher_name,pitcher_team,batters_faced,opponent_team,inherited_scored,batter_hand_faced,inherited_runners,opponent_ABQ_tier,opponent_OSI_tier,leverage_situation
4,3,1,2,1,0,6.1,2026-04-19,other,825100,84,home,694297,3,54.7,7.6,29.4,36.4,R,Brandon Pfaadt,ARI,24,TOR,0,RHH,1,Mid,Low,low
2,5,4,3,4,1,3,2026-04-25,other,825093,56,home,694297,4,40.5,52.4,53.2,63.3,R,Brandon Pfaadt,ARI,13,SDP,0,RHH,0,Low,Mid,low
1,2,1,0,1,1,1,2026-04-30,other,823795,15,away,694297,7,67.4,75.3,66.3,55.3,R,Brandon Pfaadt,ARI,4,MIL,0,LHH,0,High,High,medium
4,1,2,3,2,0,2.1,2026-05-03,other,824687,52,away,694297,6,62.9,82.6,69.2,58.4,R,Brandon Pfaadt,ARI,14,CHC,0,RHH,0,Mid,High,low
2,5,0,0,0,0,3,2026-05-12,other,822903,39,away,694297,6,36.6,27.1,36.4,46.9,R,Brandon Pfaadt,ARI,11,TEX,0,LHH,0,Low,Low,low
2,0,4,1,2,0,0.1,2026-05-17,other,824358,16,away,694297,8,34.5,31.8,26.1,13.5,R,Brandon Pfaadt,ARI,5,COL,0,LHH,0,Low,Low,high
0,0,0,0,0,0,1,2026-05-20,hold,825084,9,home,694297,8,35.1,17.2,38.2,64.4,R,Brandon Pfaadt,ARI,3,SFG,0,RHH,0,Low,Low,high
2,0,1,0,1,1,1.2,2026-05-23,hold,825080,23,home,694297,6,34.5,31.8,26.1,13.5,R,Brandon Pfaadt,ARI,7,COL,1,,1,Low,Low,medium
3,3,1,0,1,1,1.2,2026-05-29,other,823135,31,away,694297,6,43.3,45.2,49.2,57.9,R,Brandon Pfaadt,ARI,8,SEA,0,LHH,0,Low,Low,medium
3,1,2,2,2,0,1,2026-06-03,other,825077,37,home,694297,7,68.3,95.7,82.8,78.2,R,Brandon Pfaadt,ARI,9,LAD,0,LHH,0,High,High,medium
0,2,0,0,0,0,2,2026-05-01,other,824686,20,away,805299,6,62.9,82.6,69.2,58.4,R,Brandyn Garcia,ARI,6,CHC,0,RHH,0,Mid,High,medium
0,2,0,0,0,0,1,2026-05-05,other,825092,11,home,805299,9,33.5,60.7,62.1,84.2,R,Brandyn Garcia,ARI,3,PIT,0,RHH,0,Low,Mid,high
1,1,0,0,0,0,1,2026-05-07,other,825090,12,home,805299,7,33.5,60.7,62.1,84.2,R,Brandyn Garcia,ARI,3,PIT,0,LHH,0,Low,Mid,high
0,0,0,0,0,0,1,2026-05-08,other,825088,6,home,805299,9,30.6,40,42.5,53.8,R,Brandyn Garcia,ARI,3,NYM,0,LHH,0,Low,Low,high
0,1,0,0,0,0,0.2,2026-05-11,hold,822901,7,away,805299,7,36.6,27.1,36.4,46.9,R,Brandyn Garcia,ARI,2,TEX,0,RHH,0,Low,Low,high
2,1,0,0,0,0,1,2026-05-18,other,825087,16,home,805299,8,35.1,17.2,38.2,64.4,R,Brandyn Garcia,ARI,4,SFG,0,LHH,0,Low,Low,high
0,0,0,1,0,0,0.2,2026-05-20,hold,825084,9,home,805299,7,35.1,17.2,38.2,64.4,R,Brandyn Garcia,ARI,3,SFG,0,RHH,0,Low,Low,medium
0,0,0,0,0,0,0.1,2026-05-22,hold,825082,2,home,805299,7,34.5,31.8,26.1,13.5,R,Brandyn Garcia,ARI,1,COL,0,LHH,2,Low,Low,high
0,1,0,0,0,0,1,2026-05-25,other,823219,12,away,805299,9,35.1,17.2,38.2,64.4,R,Brandyn Garcia,ARI,3,SFG,0,RHH,0,Low,Low,high
0,1,0,0,0,0,0.1,2026-05-27,hold,823217,7,away,805299,7,35.1,17.2,38.2,64.4,R,Brandyn Garcia,ARI,1,SFG,0,RHH,1,Low,Low,high
1,2,0,0,0,0,1,2026-05-29,other,823135,16,away,805299,9,43.3,45.2,49.2,57.9,R,Brandyn Garcia,ARI,4,SEA,0,,0,Low,Low,high
1,0,0,0,0,0,1,2026-05-31,other,823133,6,away,805299,7,43.3,45.2,49.2,57.9,R,Brandyn Garcia,ARI,3,SEA,0,LHH,0,Low,Low,high
1,0,0,0,0,0,1,2026-06-01,hold,825078,9,home,805299,8,68.3,95.7,82.8,78.2,R,Brandyn Garcia,ARI,3,LAD,0,LHH,0,High,High,high
0,0,0,0,0,0,1,2026-06-04,other,825076,7,home,805299,8,68.3,95.7,82.8,78.2,R,Brandyn Garcia,ARI,3,LAD,0,RHH,0,High,High,high
2,0,4,1,4,0,0.2,2026-06-09,other,823858,17,away,805299,8,40.1,39.3,48.6,65.4,R,Brandyn Garcia,ARI,6,MIA,0,,0,Low,Low,high
0,2,0,1,0,0,1,2026-06-11,other,823855,15,away,805299,7,40.1,39.3,48.6,65.4,R,Brandyn Garcia,ARI,4,MIA,0,,0,Low,Low,high
0,2,0,0,0,0,1,2026-06-16,other,825070,15,home,805299,7,22.6,13.1,27.4,47.2,R,Brandyn Garcia,ARI,3,LAA,0,RHH,0,Low,Low,medium
0,2,0,1,0,0,1,2026-06-19,hold,825069,14,home,805299,7,39.7,33.8,47.1,67.6,R,Brandyn Garcia,ARI,4,MIN,0,RHH,0,Low,Low,medium
0,1,0,0,0,0,1,2026-06-21,hold,825067,8,home,805299,6,39.7,33.8,47.1,67.6,R,Brandyn Garcia,ARI,3,MIN,0,LHH,1,Low,Low,medium
0,1,0,0,0,0,0.1,2026-06-23,save,823043,4,away,805299,9,41,40.4,42.1,44.7,R,Brandyn Garcia,ARI,1,STL,0,LHH,1,Low,Low,high
0,1,0,0,0,0,0.1,2026-06-29,hold,825065,3,home,805299,8,35.1,17.2,38.2,64.4,R,Brandyn Garcia,ARI,1,SFG,0,LHH,1,Low,Low,high
0,1,0,0,0,0,1,2026-07-01,other,825064,16,home,805299,9,35.1,17.2,38.2,64.4,R,Brandyn Garcia,ARI,4,SFG,0,,0,Low,Low,high
1,1,0,1,0,0,1,2026-07-03,other,825062,17,home,805299,8,67.4,75.3,66.3,55.3,R,Brandyn Garcia,ARI,5,MIL,0,RHH,0,High,High,high
1,0,0,0,0,0,1,2026-07-04,hold,825063,16,home,805299,7,67.4,75.3,66.3,55.3,R,Brandyn Garcia,ARI,4,MIL,0,RHH,0,High,High,high
0,2,0,0,0,0,0.2,2026-07-08,other,823279,9,away,805299,5,40.5,52.4,53.2,63.3,R,Brandyn Garcia,ARI,2,SDP,0,LHH,1,Low,Mid,medium
0,2,0,0,0,0,1,2026-07-10,other,823927,16,away,805299,7,68.3,95.7,82.8,78.2,R,Brandyn Garcia,ARI,3,LAD,0,LHH,0,High,High,medium
0,1,0,0,0,0,0.2,2026-07-11,hold,823926,9,away,805299,6,68.3,95.7,82.8,78.2,R,Brandyn Garcia,ARI,2,LAD,0,LHH,2,High,High,high
0,1,0,0,0,0,0.2,2026-07-17,other,825060,8,home,805299,9,41,40.4,42.1,44.7,R,Brandyn Garcia,ARI,2,STL,0,,2,Low,Low,high
0,0,0,0,0,0,0.1,2026-07-18,hold,825059,2,home,805299,7,41,40.4,42.1,44.7,R,Brandyn Garcia,ARI,1,STL,0,LHH,2,Low,Low,high
0,1,0,0,0,0,1,2026-07-20,other,825058,10,home,805299,9,42.3,37.3,48.1,64.7,R,Brandyn Garcia,ARI,3,ATH,0,RHH,0,Low,Low,high
1,1,0,0,0,0,1,2026-07-23,hold,823042,11,away,805299,7,41,40.4,42.1,44.7,R,Brandyn Garcia,ARI,4,STL,0,,0,Low,Low,high
4,2,3,0,2,0,1,2026-07-26,other,822706,25,away,805299,6,43.7,67,67.7,85.6,R,Brandyn Garcia,ARI,7,WSN,0,LHH,2,Low,High,high
0,1,0,0,0,0,0.1,2026-07-28,hold,823350,8,away,805299,8,33.5,60.7,62.1,84.2,R,Brandyn Garcia,ARI,1,PIT,0,RHH,2,Low,Mid,high
0,2,0,1,0,0,1,2026-07-29,save,823351,17,away,805299,9,33.5,60.7,62.1,84.2,R,Brandyn Garcia,ARI,4,PIT,0,,0,Low,Mid,high
0,1,0,0,0,0,1,2026-07-31,save,824407,7,away,805299,9,50,36.8,42.8,44.4,R,Brandyn Garcia,ARI,3,CLE,0,LHH,0,Mid,Low,high
0,0,0,0,0,0,1,2026-08-03,other,825095,12,home,805299,9,40.5,52.4,53.2,63.3,R,Brandyn Garcia,ARI,3,SDP,0,RHH,0,Low,Mid,high
2,0,1,0,1,1,1.2,2026-08-07,other,825051,16,home,805299,7,68.3,95.7,82.8,78.2,R,Brandyn Garcia,ARI,6,LAD,0,,2,High,High,high
1,0,0,0,0,0,0.1,2026-08-08,other,825049,10,home,805299,10,68.3,95.7,82.8,78.2,R,Brandyn Garcia,ARI,2,LAD,1,,2,High,High,high
0,1,0,0,0,0,1,2026-08-12,other,825047,12,home,805299,9,34.5,31.8,26.1,13.5,R,Brandyn Garcia,ARI,3,COL,0,LHH,0,Low,Low,high
3,1,1,1,1,0,2,2026-07-22,other,825055,42,home,672629,6,42.3,37.3,48.1,64.7,R,Gerardo Carrillo,ARI,9,ATH,0,LHH,0,Low,Low,low
2,2,0,2,0,0,2,2026-07-25,other,822704,35,away,672629,6,43.7,67,67.7,85.6,R,Gerardo Carrillo,ARI,10,WSN,0,LHH,0,Low,High,medium
0,3,0,1,0,0,2,2026-07-28,other,823350,17,away,672629,11,33.5,60.7,62.1,84.2,R,Gerardo Carrillo,ARI,6,PIT,0,LHH,0,Low,Mid,high
1,3,0,0,0,0,2,2026-08-01,other,824405,31,away,672629,5,50,36.8,42.8,44.4,R,Gerardo Carrillo,ARI,7,CLE,0,LHH,0,Mid,Low,medium
0,1,0,0,0,0,1,2026-08-04,other,825054,12,home,672629,8,40.5,52.4,53.2,63.3,R,Gerardo Carrillo,ARI,3,SDP,0,RHH,0,Low,Mid,high
0,1,1,2,0,0,1.2,2026-08-08,other,825049,28,home,672629,9,68.3,95.7,82.8,78.2,R,Gerardo Carrillo,ARI,7,LAD,0,LHH,0,High,High,high
1,4,0,1,0,0,2,2026-08-12,other,825047,31,home,672629,6,34.5,31.8,26.1,13.5,R,Gerardo Carrillo,ARI,9,COL,0,LHH,0,Low,Low,low
0,1,0,0,0,0,1.1,2026-03-27,other,823971,14,away,642528,5,68.3,95.7,82.8,78.2,R,Jonathan Loáisiga,ARI,4,LAD,0,LHH,0,High,High,medium
1,1,0,0,0,0,1,2026-03-28,hold,823973,18,away,642528,6,68.3,95.7,82.8,78.2,R,Jonathan Loáisiga,ARI,4,LAD,1,RHH,1,High,High,medium
2,0,0,0,0,0,1,2026-04-01,save,825106,16,home,642528,9,43.2,42.5,49.7,62.5,R,Jonathan Loáisiga,ARI,4,DET,0,,0,Low,Low,high
0,0,0,0,0,0,1,2026-04-04,hold,825104,10,home,642528,7,51.3,55.8,59,68.1,R,Jonathan Loáisiga,ARI,3,ATL,0,RHH,0,Mid,Mid,high
3,1,1,0,1,0,1,2026-04-05,blown_save,825102,25,home,642528,9,51.3,55.8,59,68.1,R,Jonathan Loáisiga,ARI,6,ATL,0,LHH,0,Mid,Mid,high
2,1,1,0,1,0,1,2026-04-07,blown_save,823648,21,away,642528,8,30.6,40,42.5,53.8,R,Jonathan Loáisiga,ARI,5,NYM,0,LHH,0,Low,Low,high
0,3,0,0,0,0,1,2026-04-10,hold,823482,15,away,642528,6,32.1,30.7,33.4,37.3,R,Jonathan Loáisiga,ARI,3,PHI,0,RHH,1,Low,Low,medium
0,0,0,0,0,0,1,2026-04-12,other,823479,9,away,642528,6,32.1,30.7,33.4,37.3,R,Jonathan Loáisiga,ARI,3,PHI,0,RHH,2,Low,Low,high
1,0,2,1,2,1,0.2,2026-04-13,blown_save,824856,19,away,642528,7,31.6,69.3,61.4,73.6,R,Jonathan Loáisiga,ARI,5,BAL,0,LHH,0,Low,Mid,high
3,1,1,0,1,0,1,2026-04-17,hold,825101,15,home,642528,8,54.7,7.6,29.4,36.4,R,Jonathan Loáisiga,ARI,5,TOR,0,LHH,0,Mid,Low,high
1,2,0,1,0,0,1.1,2026-04-21,other,825099,27,home,642528,6,32.2,45.8,54.2,79.5,R,Jonathan Loáisiga,ARI,6,CHW,0,RHH,1,Low,Mid,medium
0,0,0,0,0,0,0.1,2026-04-23,other,825096,4,home,642528,9,32.2,45.8,54.2,79.5,R,Jonathan Loáisiga,ARI,1,CHW,0,RHH,0,Low,Mid,high
0,1,0,0,0,0,1,2026-04-25,other,825093,18,home,642528,8,40.5,52.4,53.2,63.3,R,Jonathan Loáisiga,ARI,3,SDP,0,RHH,0,Low,Mid,high
1,0,0,0,0,0,1,2026-04-26,other,825094,16,home,642528,9,40.5,52.4,53.2,63.3,R,Jonathan Loáisiga,ARI,4,SDP,0,RHH,0,Low,Mid,high
1,1,1,1,1,0,0.2,2026-04-30,other,823795,17,away,642528,6,67.4,75.3,66.3,55.3,R,Jonathan Loáisiga,ARI,4,MIL,2,LHH,2,High,High,high
0,0,0,0,0,0,0.1,2026-05-02,other,824685,3,away,642528,8,62.9,82.6,69.2,58.4,R,Jonathan Loáisiga,ARI,1,CHC,0,LHH,0,Mid,High,high
0,0,0,0,0,0,1,2026-05-05,other,825092,15,home,642528,8,33.5,60.7,62.1,84.2,R,Jonathan Loáisiga,ARI,3,PIT,0,RHH,0,Low,Mid,high
0,0,0,0,0,0,0.2,2026-05-08,other,825088,4,home,642528,10,30.6,40,42.5,53.8,R,Jonathan Loáisiga,ARI,2,NYM,0,RHH,2,Low,Low,high
1,0,0,0,0,0,1,2026-05-16,other,824359,13,away,642528,7,34.5,31.8,26.1,13.5,R,Jonathan Loáisiga,ARI,3,COL,0,LHH,0,Low,Low,high
1,0,0,0,0,0,1,2026-05-18,other,825087,17,home,642528,9,35.1,17.2,38.2,64.4,R,Jonathan Loáisiga,ARI,4,SFG,0,RHH,0,Low,Low,high
0,0,0,0,0,0,1,2026-05-19,other,825086,10,home,642528,9,35.1,17.2,38.2,64.4,R,Jonathan Loáisiga,ARI,3,SFG,0,LHH,0,Low,Low,high
1,0,0,0,0,0,1,2026-05-25,other,823219,14,away,642528,8,35.1,17.2,38.2,64.4,R,Jonathan Loáisiga,ARI,4,SFG,0,,0,Low,Low,high
0,1,0,0,0,0,1,2026-05-29,other,823135,16,away,642528,8,43.3,45.2,49.2,57.9,R,Jonathan Loáisiga,ARI,3,SEA,0,LHH,0,Low,Low,high
1,0,1,1,0,0,0.1,2026-05-31,other,823133,4,away,642528,10,43.3,45.2,49.2,57.9,R,Jonathan Loáisiga,ARI,3,SEA,0,LHH,0,Low,Low,high
3,1,2,2,2,0,1,2026-06-02,other,825079,23,home,642528,7,68.3,95.7,82.8,78.2,R,Jonathan Loáisiga,ARI,8,LAD,0,LHH,0,High,High,high
0,1,0,0,0,0,0.1,2026-06-03,other,825077,5,home,642528,9,68.3,95.7,82.8,78.2,R,Jonathan Loáisiga,ARI,1,LAD,0,LHH,3,High,High,high
0,1,0,1,0,0,1,2026-06-06,other,825075,17,home,642528,8,43.7,67,67.7,85.6,R,Jonathan Loáisiga,ARI,3,WSN,0,LHH,0,Low,High,high
2,0,1,0,1,0,1,2026-06-10,other,823856,6,away,642528,5,40.1,39.3,48.6,65.4,R,Jonathan Loáisiga,ARI,5,MIA,0,RHH,0,Low,Low,low
0,1,0,0,0,0,1,2026-06-12,other,824507,11,away,642528,5,32.7,40.9,35.4,31,R,Jonathan Loáisiga,ARI,3,CIN,0,RHH,0,Low,Low,medium
0,0,0,0,0,0,1,2026-06-15,hold,825071,8,home,642528,8,22.6,13.1,27.4,47.2,R,Jonathan Loáisiga,ARI,3,LAA,0,LHH,0,Low,Low,high
0,0,0,0,0,0,1.1,2026-06-19,other,825069,10,home,642528,5,39.7,33.8,47.1,67.6,R,Jonathan Loáisiga,ARI,4,MIN,0,RHH,2,Low,Low,medium
0,0,0,0,0,0,0.1,2026-06-22,other,823040,4,away,642528,8,41,40.4,42.1,44.7,R,Jonathan Loáisiga,ARI,1,STL,0,RHH,1,Low,Low,high
0,1,0,0,0,0,1,2026-06-24,other,823041,16,away,642528,6,41,40.4,42.1,44.7,R,Jonathan Loáisiga,ARI,3,STL,0,RHH,0,Low,Low,low
1,1,0,0,0,0,1,2026-06-28,other,822959,12,away,642528,7,77.8,34.8,51.2,51,R,Jonathan Loáisiga,ARI,4,TBR,0,LHH,0,High,Mid,medium
2,1,0,0,0,0,1,2026-07-01,other,825064,16,home,642528,7,35.1,17.2,38.2,64.4,R,Jonathan Loáisiga,ARI,5,SFG,0,LHH,0,Low,Low,medium
1,1,0,0,0,0,1.2,2026-07-03,other,825062,21,home,642528,4,67.4,75.3,66.3,55.3,R,Jonathan Loáisiga,ARI,5,MIL,0,RHH,2,High,High,medium
1,1,0,0,0,0,1,2026-07-04,hold,825063,15,home,642528,6,67.4,75.3,66.3,55.3,R,Jonathan Loáisiga,ARI,4,MIL,0,,0,High,High,medium
0,0,0,0,0,0,1,2026-07-07,other,823280,16,away,642528,8,40.5,52.4,53.2,63.3,R,Jonathan Loáisiga,ARI,3,SDP,0,RHH,0,Low,Mid,high
0,2,0,0,0,0,1,2026-07-10,other,823927,18,away,642528,8,68.3,95.7,82.8,78.2,R,Jonathan Loáisiga,ARI,3,LAD,0,RHH,0,High,High,high
0,2,0,1,0,0,1,2026-07-12,hold,823925,23,away,642528,7,68.3,95.7,82.8,78.2,R,Jonathan Loáisiga,ARI,4,LAD,0,LHH,0,High,High,high
1,1,0,1,0,0,0.2,2026-07-18,hold,825059,15,home,642528,7,41,40.4,42.1,44.7,R,Jonathan Loáisiga,ARI,4,STL,0,,0,Low,Low,medium
1,1,0,0,0,0,1,2026-07-20,other,825058,10,home,642528,8,42.3,37.3,48.1,64.7,R,Jonathan Loáisiga,ARI,4,ATH,0,,0,Low,Low,high
0,1,0,0,0,0,1,2026-07-22,other,825055,8,home,642528,8,42.3,37.3,48.1,64.7,R,Jonathan Loáisiga,ARI,3,ATH,0,RHH,0,Low,Low,high
2,1,2,0,2,1,1,2026-07-26,other,822706,16,away,642528,5,43.7,67,67.7,85.6,R,Jonathan Loáisiga,ARI,5,WSN,0,RHH,0,Low,High,medium
2,1,1,0,1,0,1,2026-07-27,blown_save,823353,18,away,642528,8,33.5,60.7,62.1,84.2,R,Jonathan Loáisiga,ARI,5,PIT,0,LHH,0,Low,Mid,high
0,1,0,1,0,0,1,2026-07-31,other,824407,17,away,642528,7,50,36.8,42.8,44.4,R,Jonathan Loáisiga,ARI,4,CLE,0,LHH,0,Mid,Low,high
2,0,1,0,1,0,1,2026-08-01,other,824405,18,away,642528,9,50,36.8,42.8,44.4,R,Jonathan Loáisiga,ARI,5,CLE,0,LHH,0,Mid,Low,high
2,0,1,1,1,0,1,2026-08-04,other,825054,12,home,642528,9,40.5,52.4,53.2,63.3,R,Jonathan Loáisiga,ARI,5,SDP,0,LHH,0,Low,Mid,high
0,2,0,0,0,0,1.1,2026-08-06,other,825053,18,home,642528,4,40.5,52.4,53.2,63.3,R,Jonathan Loáisiga,ARI,4,SDP,0,RHH,2,Low,Mid,medium
3,2,1,0,1,1,1,2026-08-08,other,825049,30,home,642528,8,68.3,95.7,82.8,78.2,R,Jonathan Loáisiga,ARI,6,LAD,0,LHH,0,High,High,high
1,1,0,1,0,0,1,2026-03-26,other,823974,17,away,666661,5,68.3,95.7,82.8,78.2,R,Juan Morillo,ARI,5,LAD,1,LHH,2,High,High,medium
1,0,2,1,2,1,0.2,2026-03-28,blown_save,823973,22,away,666661,8,68.3,95.7,82.8,78.2,R,Juan Morillo,ARI,4,LAD,0,,0,High,High,high
0,0,0,0,0,0,0.1,2026-03-30,hold,825108,5,home,666661,7,43.2,42.5,49.7,62.5,R,Juan Morillo,ARI,1,DET,0,LHH,3,Low,Low,high
0,1,0,0,0,0,1,2026-04-01,hold,825106,11,home,666661,8,43.2,42.5,49.7,62.5,R,Juan Morillo,ARI,3,DET,0,LHH,0,Low,Low,high
0,1,0,0,0,0,1,2026-04-03,other,825103,6,home,666661,8,51.3,55.8,59,68.1,R,Juan Morillo,ARI,3,ATL,0,LHH,0,Mid,Mid,high
0,1,0,0,0,0,1,2026-04-04,hold,825104,14,home,666661,8,51.3,55.8,59,68.1,R,Juan Morillo,ARI,3,ATL,0,LHH,0,Mid,Mid,high
0,0,0,0,0,0,1,2026-04-07,hold,823648,10,away,666661,7,30.6,40,42.5,53.8,R,Juan Morillo,ARI,3,NYM,0,RHH,0,Low,Low,high
1,3,0,0,0,0,1.1,2026-04-10,hold,823482,26,away,666661,7,32.1,30.7,33.4,37.3,R,Juan Morillo,ARI,5,PHI,0,LHH,0,Low,Low,high
2,0,1,2,1,0,0.2,2026-04-14,hold,824853,28,away,666661,8,31.6,69.3,61.4,73.6,R,Juan Morillo,ARI,6,BAL,0,LHH,0,Low,Mid,high
0,1,0,0,0,0,1,2026-04-15,save,824855,10,away,666661,10,31.6,69.3,61.4,73.6,R,Juan Morillo,ARI,3,BAL,0,LHH,0,Low,Mid,high
1,2,0,0,0,0,1.1,2026-04-18,other,825098,20,home,666661,7,54.7,7.6,29.4,36.4,R,Juan Morillo,ARI,5,TOR,0,RHH,1,Mid,Low,high
1,2,0,0,0,0,1,2026-04-22,other,825097,14,home,666661,8,32.2,45.8,54.2,79.5,R,Juan Morillo,ARI,4,CHW,0,LHH,0,Low,Mid,high
1,2,0,0,0,0,1.1,2026-04-23,other,825096,14,home,666661,7,32.2,45.8,54.2,79.5,R,Juan Morillo,ARI,5,CHW,0,LHH,0,Low,Mid,high
0,2,0,0,0,0,1,2026-04-26,hold,825094,21,home,666661,8,40.5,52.4,53.2,63.3,R,Juan Morillo,ARI,4,SDP,0,,0,Low,Mid,high
0,1,0,0,0,0,1,2026-04-29,hold,823796,14,away,666661,7,67.4,75.3,66.3,55.3,R,Juan Morillo,ARI,3,MIL,0,LHH,0,High,High,high
1,2,1,0,1,0,1,2026-05-02,other,824685,19,away,666661,7,62.9,82.6,69.2,58.4,R,Juan Morillo,ARI,4,CHC,0,LHH,1,Mid,High,high
0,0,0,0,0,0,1,2026-05-06,other,825091,12,home,666661,8,33.5,60.7,62.1,84.2,R,Juan Morillo,ARI,4,PIT,0,,0,Low,Mid,high
0,2,0,0,0,0,1.1,2026-05-08,other,825088,14,home,666661,7,30.6,40,42.5,53.8,R,Juan Morillo,ARI,4,NYM,0,RHH,1,Low,Low,high
0,0,0,1,0,0,0.2,2026-05-10,other,825085,9,home,666661,9,30.6,40,42.5,53.8,R,Juan Morillo,ARI,3,NYM,0,LHH,1,Low,Low,high
0,0,0,0,0,0,1,2026-05-17,other,824358,4,away,666661,7,34.5,31.8,26.1,13.5,R,Juan Morillo,ARI,3,COL,0,LHH,0,Low,Low,medium
2,1,1,1,1,0,0.1,2026-05-21,blown_save,825083,23,home,666661,8,34.5,31.8,26.1,13.5,R,Juan Morillo,ARI,5,COL,0,LHH,0,Low,Low,high
1,1,1,1,1,0,0.2,2026-05-22,blown_save,825082,27,home,666661,8,34.5,31.8,26.1,13.5,R,Juan Morillo,ARI,4,COL,0,,0,Low,Low,high
1,1,1,1,1,0,1,2026-05-26,other,823216,21,away,666661,8,35.1,17.2,38.2,64.4,R,Juan Morillo,ARI,5,SFG,0,LHH,0,Low,Low,high
1,1,1,1,0,0,0.1,2026-05-29,other,823135,9,away,666661,10,43.3,45.2,49.2,57.9,R,Juan Morillo,ARI,3,SEA,0,RHH,0,Low,Low,high
1,5,0,1,0,0,2,2026-05-31,other,823133,31,away,666661,8,43.3,45.2,49.2,57.9,R,Juan Morillo,ARI,8,SEA,0,LHH,0,Low,Low,high
1,2,0,0,0,0,1,2026-06-02,other,825079,19,home,666661,9,68.3,95.7,82.8,78.2,R,Juan Morillo,ARI,4,LAD,0,,0,High,High,high
0,1,0,1,0,0,0.2,2026-06-06,other,825075,10,home,666661,7,43.7,67,67.7,85.6,R,Juan Morillo,ARI,3,WSN,1,LHH,1,Low,High,medium
0,1,0,0,0,0,0.1,2026-06-10,other,823856,5,away,666661,8,40.1,39.3,48.6,65.4,R,Juan Morillo,ARI,1,MIA,0,RHH,0,Low,Low,high
1,3,1,0,1,1,1,2026-06-13,other,824508,15,away,666661,8,32.7,40.9,35.4,31,R,Juan Morillo,ARI,4,CIN,0,RHH,0,Low,Low,high
0,0,0,0,0,0,1,2026-06-14,other,824506,14,away,666661,7,32.7,40.9,35.4,31,R,Juan Morillo,ARI,3,CIN,0,RHH,0,Low,Low,high
0,0,0,0,0,0,1,2026-06-17,other,825072,9,home,666661,9,22.6,13.1,27.4,47.2,R,Juan Morillo,ARI,3,LAA,0,RHH,0,Low,Low,high
4,1,3,0,2,0,1,2026-06-21,blown_save,825067,22,home,666661,7,39.7,33.8,47.1,67.6,R,Juan Morillo,ARI,7,MIN,0,RHH,0,Low,Low,high
0,1,0,1,0,0,0.1,2026-06-23,other,823043,10,away,666661,7,41,40.4,42.1,44.7,R,Juan Morillo,ARI,2,STL,0,,0,Low,Low,high
0,2,0,1,0,0,1,2026-06-27,other,822960,23,away,666661,6,77.8,34.8,51.2,51,R,Juan Morillo,ARI,4,TBR,1,LHH,2,High,Mid,high
0,0,0,0,0,0,1,2026-06-30,other,825066,8,home,666661,8,35.1,17.2,38.2,64.4,R,Juan Morillo,ARI,3,SFG,0,LHH,0,Low,Low,high
0,1,0,0,0,0,1,2026-07-03,other,825062,11,home,666661,7,67.4,75.3,66.3,55.3,R,Juan Morillo,ARI,3,MIL,0,RHH,0,High,High,high
1,1,0,0,0,0,1,2026-07-04,hold,825063,10,home,666661,8,67.4,75.3,66.3,55.3,R,Juan Morillo,ARI,3,MIL,0,RHH,0,High,High,high
3,0,2,0,2,0,1,2026-07-08,other,823279,14,away,666661,7,40.5,52.4,53.2,63.3,R,Juan Morillo,ARI,6,SDP,0,,0,Low,Mid,medium
0,2,0,0,0,0,1,2026-07-11,other,823926,10,away,666661,8,68.3,95.7,82.8,78.2,R,Juan Morillo,ARI,3,LAD,0,RHH,0,High,High,high
0,0,0,1,0,0,1,2026-07-12,hold,823925,12,away,666661,8,68.3,95.7,82.8,78.2,R,Juan Morillo,ARI,3,LAD,0,RHH,0,High,High,high
1,1,1,1,1,0,1,2026-07-17,other,825060,24,home,666661,8,41,40.4,42.1,44.7,R,Juan Morillo,ARI,5,STL,0,LHH,0,Low,Low,high
1,0,0,0,0,0,1.1,2026-07-19,other,825057,12,home,666661,9,41,40.4,42.1,44.7,R,Juan Morillo,ARI,4,STL,0,LHH,2,Low,Low,high
0,2,0,1,0,0,1,2026-07-21,hold,825056,24,home,666661,7,42.3,37.3,48.1,64.7,R,Juan Morillo,ARI,4,ATH,0,,0,Low,Low,high
0,1,0,0,0,0,1,2026-07-24,hold,822707,8,away,666661,7,43.7,67,67.7,85.6,R,Juan Morillo,ARI,3,WSN,0,LHH,0,Low,High,high
0,2,0,0,0,0,1.1,2026-07-27,hold,823353,22,away,666661,6,33.5,60.7,62.1,84.2,R,Juan Morillo,ARI,4,PIT,0,LHH,2,Low,Mid,high
1,1,0,0,0,0,0.2,2026-07-28,other,823350,7,away,666661,9,33.5,60.7,62.1,84.2,R,Juan Morillo,ARI,3,PIT,0,LHH,0,Low,Mid,high
0,1,0,0,0,0,1,2026-08-01,other,824405,16,away,666661,7,50,36.8,42.8,44.4,R,Juan Morillo,ARI,3,CLE,0,LHH,0,Mid,Low,medium
1,2,0,0,0,0,1.1,2026-08-03,hold,825095,18,home,666661,7,40.5,52.4,53.2,63.3,R,Juan Morillo,ARI,5,SDP,0,RHH,2,Low,Mid,high
2,0,0,0,0,0,1,2026-08-06,other,825053,7,home,666661,9,40.5,52.4,53.2,63.3,R,Juan Morillo,ARI,4,SDP,0,,0,Low,Mid,high
0,1,0,0,0,0,0.1,2026-08-07,hold,825051,8,home,666661,6,68.3,95.7,82.8,78.2,R,Juan Morillo,ARI,1,LAD,0,LHH,2,High,High,high
1,0,0,1,0,0,1,2026-08-11,other,825046,23,home,666661,9,34.5,31.8,26.1,13.5,R,Juan Morillo,ARI,5,COL,0,LHH,0,Low,Low,high
2,0,1,0,1,0,1,2026-03-27,other,823971,21,away,656464,8,68.3,95.7,82.8,78.2,R,Kevin Ginkel,ARI,5,LAD,0,LHH,0,High,High,high
0,1,0,0,0,0,1,2026-03-30,other,825108,13,home,656464,6,43.2,42.5,49.7,62.5,R,Kevin Ginkel,ARI,3,DET,0,LHH,0,Low,Low,low
3,0,3,1,3,0,0.1,2026-04-02,other,825105,22,home,656464,5,51.3,55.8,59,68.1,R,Kevin Ginkel,ARI,5,ATL,2,LHH,2,Mid,Mid,low
1,1,0,0,0,0,1,2026-04-05,hold,825102,13,home,656464,8,51.3,55.8,59,68.1,R,Kevin Ginkel,ARI,4,ATL,0,,0,Mid,Mid,high
0,1,0,0,0,0,1,2026-04-07,other,823648,12,away,656464,9,30.6,40,42.5,53.8,R,Kevin Ginkel,ARI,3,NYM,0,LHH,0,Low,Low,high
0,2,0,1,0,0,1,2026-04-11,other,823480,17,away,656464,7,32.1,30.7,33.4,37.3,R,Kevin Ginkel,ARI,4,PHI,0,LHH,0,Low,Low,high
1,1,0,1,0,0,0.1,2026-04-12,hold,823479,12,away,656464,8,32.1,30.7,33.4,37.3,R,Kevin Ginkel,ARI,3,PHI,0,LHH,0,Low,Low,high
2,4,1,0,1,0,2,2026-04-15,other,824855,32,away,656464,6,31.6,69.3,61.4,73.6,R,Kevin Ginkel,ARI,8,BAL,0,RHH,0,Low,Mid,medium
1,2,0,0,0,0,1,2026-04-18,other,825098,10,home,656464,9,54.7,7.6,29.4,36.4,R,Kevin Ginkel,ARI,4,TOR,0,,0,Mid,Low,high
0,1,0,0,0,0,1,2026-04-21,other,825099,15,home,656464,8,32.2,45.8,54.2,79.5,R,Kevin Ginkel,ARI,3,CHW,0,LHH,0,Low,Mid,high
1,2,0,0,0,0,1.2,2026-04-23,other,825096,18,home,656464,6,32.2,45.8,54.2,79.5,R,Kevin Ginkel,ARI,6,CHW,0,,0,Low,Mid,medium
1,0,1,0,1,1,1,2026-04-26,other,825094,10,home,656464,6,40.5,52.4,53.2,63.3,R,Kevin Ginkel,ARI,4,SDP,0,RHH,0,Low,Mid,low
1,3,0,0,0,0,1.1,2026-04-29,other,823796,26,away,656464,5,67.4,75.3,66.3,55.3,R,Kevin Ginkel,ARI,5,MIL,0,LHH,1,High,High,medium
0,0,0,0,0,0,1,2026-05-01,other,824686,14,away,656464,8,62.9,82.6,69.2,58.4,R,Kevin Ginkel,ARI,3,CHC,0,RHH,0,Mid,High,high
0,0,0,1,0,0,0.1,2026-05-02,other,824685,12,away,656464,6,62.9,82.6,69.2,58.4,R,Kevin Ginkel,ARI,2,CHC,0,,1,Mid,High,medium
0,0,0,0,0,0,0.2,2026-05-06,other,825091,9,home,656464,7,33.5,60.7,62.1,84.2,R,Kevin Ginkel,ARI,2,PIT,0,LHH,1,Low,Mid,high
3,1,2,0,1,0,0.1,2026-05-08,other,825088,13,home,656464,10,30.6,40,42.5,53.8,R,Kevin Ginkel,ARI,4,NYM,0,,0,Low,Low,high
0,1,0,0,0,0,1,2026-05-13,other,822900,14,away,656464,8,36.6,27.1,36.4,46.9,R,Kevin Ginkel,ARI,3,TEX,0,LHH,0,Low,Low,high
0,1,0,0,0,0,1,2026-05-16,other,824359,14,away,656464,8,34.5,31.8,26.1,13.5,R,Kevin Ginkel,ARI,3,COL,0,RHH,3,Low,Low,high
0,3,0,1,0,0,1,2026-05-19,other,825086,19,home,656464,8,35.1,17.2,38.2,64.4,R,Kevin Ginkel,ARI,4,SFG,0,RHH,0,Low,Low,high
0,0,0,0,0,0,0.2,2026-05-21,other,825083,9,home,656464,8,34.5,31.8,26.1,13.5,R,Kevin Ginkel,ARI,2,COL,0,RHH,3,Low,Low,high
0,0,0,1,0,0,1,2026-05-23,hold,825080,14,home,656464,8,34.5,31.8,26.1,13.5,R,Kevin Ginkel,ARI,4,COL,0,,1,Low,Low,high
1,2,1,0,1,1,1,2026-05-26,other,823216,16,away,656464,7,35.1,17.2,38.2,64.4,R,Kevin Ginkel,ARI,4,SFG,0,RHH,0,Low,Low,medium
2,0,0,0,0,0,1,2026-05-27,hold,823217,9,away,656464,8,35.1,17.2,38.2,64.4,R,Kevin Ginkel,ARI,3,SFG,0,RHH,0,Low,Low,high
0,2,0,0,0,0,0.2,2026-05-31,other,823133,13,away,656464,6,43.3,45.2,49.2,57.9,R,Kevin Ginkel,ARI,2,SEA,0,,1,Low,Low,medium
0,1,0,0,0,0,1,2026-06-02,other,825079,11,home,656464,8,68.3,95.7,82.8,78.2,R,Kevin Ginkel,ARI,3,LAD,0,LHH,0,High,High,high
0,0,0,0,0,0,1,2026-06-07,other,825074,16,home,656464,8,43.7,67,67.7,85.6,R,Kevin Ginkel,ARI,3,WSN,0,LHH,0,Low,High,high
2,1,0,0,0,0,0.1,2026-06-09,other,823858,8,away,656464,8,40.1,39.3,48.6,65.4,R,Kevin Ginkel,ARI,3,MIA,3,RHH,3,Low,Low,high
1,0,0,1,0,0,1,2026-06-12,other,824507,20,away,656464,8,32.7,40.9,35.4,31,R,Kevin Ginkel,ARI,5,CIN,0,RHH,0,Low,Low,high
2,2,0,0,0,0,1,2026-06-14,hold,824506,28,away,656464,8,32.7,40.9,35.4,31,R,Kevin Ginkel,ARI,5,CIN,0,RHH,0,Low,Low,high
2,1,2,1,2,2,1,2026-06-19,hold,825069,16,home,656464,8,39.7,33.8,47.1,67.6,R,Kevin Ginkel,ARI,5,MIN,0,LHH,0,Low,Low,high
1,0,0,1,0,0,1,2026-06-21,other,825067,25,home,656464,8,39.7,33.8,47.1,67.6,R,Kevin Ginkel,ARI,5,MIN,0,RHH,0,Low,Low,high
0,1,0,0,0,0,1,2026-06-23,other,823043,8,away,656464,8,41,40.4,42.1,44.7,R,Kevin Ginkel,ARI,3,STL,0,RHH,0,Low,Low,high
0,1,0,1,0,0,1,2026-06-27,other,822960,13,away,656464,7,77.8,34.8,51.2,51,R,Kevin Ginkel,ARI,3,TBR,0,RHH,0,High,Mid,medium
1,1,1,1,1,0,0.2,2026-06-29,other,825065,15,home,656464,8,35.1,17.2,38.2,64.4,R,Kevin Ginkel,ARI,4,SFG,0,,0,Low,Low,high
1,1,0,0,0,0,1,2026-07-03,other,825062,20,home,656464,6,67.4,75.3,66.3,55.3,R,Kevin Ginkel,ARI,4,MIL,0,LHH,0,High,High,medium
2,1,1,0,1,0,1,2026-07-05,other,825061,12,home,656464,7,67.4,75.3,66.3,55.3,R,Kevin Ginkel,ARI,4,MIL,0,LHH,0,High,High,high
0,0,0,0,0,0,1,2026-07-07,other,823280,7,away,656464,7,40.5,52.4,53.2,63.3,R,Kevin Ginkel,ARI,3,SDP,0,LHH,0,Low,Mid,medium
0,1,0,0,0,0,1,2026-07-09,hold,823277,16,away,656464,8,40.5,52.4,53.2,63.3,R,Kevin Ginkel,ARI,3,SDP,0,RHH,0,Low,Mid,high
0,1,0,0,0,0,1,2026-07-11,other,823926,11,away,656464,7,68.3,95.7,82.8,78.2,R,Kevin Ginkel,ARI,3,LAD,0,LHH,0,High,High,medium
0,0,0,0,0,0,0.2,2026-07-12,hold,823925,3,away,656464,6,68.3,95.7,82.8,78.2,R,Kevin Ginkel,ARI,2,LAD,0,LHH,0,High,High,medium
1,0,0,0,0,0,1,2026-07-17,other,825060,8,home,656464,7,41,40.4,42.1,44.7,R,Kevin Ginkel,ARI,3,STL,0,LHH,0,Low,Low,high
0,1,0,1,0,0,1,2026-07-18,hold,825059,18,home,656464,8,41,40.4,42.1,44.7,R,Kevin Ginkel,ARI,4,STL,0,,0,Low,Low,high
4,1,3,0,3,0,1,2026-07-20,other,825058,25,home,656464,7,42.3,37.3,48.1,64.7,R,Kevin Ginkel,ARI,7,ATH,0,LHH,0,Low,Low,high
0,0,1,0,0,0,1,2026-07-21,other,825056,5,home,656464,10,42.3,37.3,48.1,64.7,R,Kevin Ginkel,ARI,3,ATH,0,RHH,0,Low,Low,high
0,1,0,0,0,0,1,2026-07-24,hold,822707,7,away,656464,8,43.7,67,67.7,85.6,R,Kevin Ginkel,ARI,3,WSN,0,LHH,0,Low,High,high
3,0,1,0,1,1,1.1,2026-07-26,other,822706,15,away,656464,7,43.7,67,67.7,85.6,R,Kevin Ginkel,ARI,6,WSN,0,LHH,1,Low,High,medium
0,0,1,0,0,0,1,2026-07-28,blown_save,823350,13,away,656464,10,33.5,60.7,62.1,84.2,R,Kevin Ginkel,ARI,4,PIT,0,LHH,0,Low,Mid,high
0,0,0,0,0,0,1,2026-07-31,hold,824407,11,away,656464,8,50,36.8,42.8,44.4,R,Kevin Ginkel,ARI,3,CLE,0,LHH,0,Mid,Low,high
1,0,0,1,0,0,1,2026-08-01,other,824405,25,away,656464,8,50,36.8,42.8,44.4,R,Kevin Ginkel,ARI,5,CLE,3,LHH,3,Mid,Low,high
2,0,4,2,4,1,0.2,2026-08-05,other,825052,25,home,656464,9,40.5,52.4,53.2,63.3,R,Kevin Ginkel,ARI,7,SDP,0,LHH,0,Low,Mid,high
0,2,0,0,0,0,1,2026-08-07,other,825051,11,home,656464,9,68.3,95.7,82.8,78.2,R,Kevin Ginkel,ARI,3,LAD,0,LHH,0,High,High,high
0,2,0,0,0,0,1,2026-08-09,save,825050,13,home,656464,9,68.3,95.7,82.8,78.2,R,Kevin Ginkel,ARI,3,LAD,0,LHH,0,High,High,high
1,2,1,0,1,0,1,2026-08-11,other,825046,13,home,656464,7,34.5,31.8,26.1,13.5,R,Kevin Ginkel,ARI,4,COL,0,,0,Low,Low,high
1,1,2,1,2,0,2.1,2026-04-30,other,823795,34,away,691769,4,67.4,75.3,66.3,55.3,R,Philip Abner,ARI,8,MIL,0,LHH,2,High,High,low
5,2,5,1,5,2,1.1,2026-06-05,other,825073,38,home,691769,6,43.7,67,67.7,85.6,R,Philip Abner,ARI,10,WSN,0,LHH,0,Low,High,low
1,1,0,2,0,0,2.2,2026-06-20,other,825068,44,home,691769,5,39.7,33.8,47.1,67.6,R,Philip Abner,ARI,11,MIN,0,LHH,1,Low,Low,low
0,0,0,0,0,0,1,2026-07-11,other,823926,6,away,691769,9,68.3,95.7,82.8,78.2,R,Philip Abner,ARI,3,LAD,0,LHH,0,High,High,high
1,1,0,2,0,0,2,2026-07-19,other,825057,46,home,691769,5,41,40.4,42.1,44.7,R,Philip Abner,ARI,9,STL,2,,3,Low,Low,low
4,1,2,2,2,0,3,2026-08-06,other,825053,52,home,691769,6,40.5,52.4,53.2,63.3,R,Philip Abner,ARI,15,SDP,0,,0,Low,Mid,medium
1,0,0,0,0,0,1,2026-08-12,other,825047,12,home,691769,8,34.5,31.8,26.1,13.5,R,Philip Abner,ARI,4,COL,0,RHH,0,Low,Low,high
3,0,4,0,4,1,0.1,2026-03-26,other,823974,16,away,664199,7,68.3,95.7,82.8,78.2,R,Taylor Clarke,ARI,5,LAD,0,LHH,0,High,High,high
0,1,0,0,0,0,1,2026-03-30,hold,825108,16,home,664199,8,43.2,42.5,49.7,62.5,R,Taylor Clarke,ARI,3,DET,0,RHH,0,Low,Low,high
1,2,0,0,0,0,1,2026-04-01,hold,825106,18,home,664199,7,43.2,42.5,49.7,62.5,R,Taylor Clarke,ARI,4,DET,0,,0,Low,Low,high
0,1,0,0,0,0,1,2026-04-04,hold,825104,12,home,664199,6,51.3,55.8,59,68.1,R,Taylor Clarke,ARI,3,ATL,0,LHH,0,Mid,Mid,medium
0,1,0,0,0,0,1.1,2026-04-05,other,825102,17,home,664199,5,51.3,55.8,59,68.1,R,Taylor Clarke,ARI,4,ATL,0,LHH,2,Mid,Mid,medium
1,0,0,0,0,0,1,2026-04-08,other,823646,16,away,664199,9,30.6,40,42.5,53.8,R,Taylor Clarke,ARI,3,NYM,0,LHH,0,Low,Low,high
1,0,0,0,0,0,1,2026-04-09,hold,823645,10,away,664199,7,30.6,40,42.5,53.8,R,Taylor Clarke,ARI,4,NYM,0,,0,Low,Low,medium
1,0,0,0,0,0,1,2026-04-12,other,823479,15,away,664199,7,32.1,30.7,33.4,37.3,R,Taylor Clarke,ARI,4,PHI,0,LHH,0,Low,Low,high
0,1,0,0,0,0,1.2,2026-04-14,hold,824853,15,away,664199,6,31.6,69.3,61.4,73.6,R,Taylor Clarke,ARI,4,BAL,0,LHH,1,Low,Mid,medium
0,0,0,0,0,0,1,2026-04-15,other,824855,6,away,664199,8,31.6,69.3,61.4,73.6,R,Taylor Clarke,ARI,3,BAL,0,RHH,0,Low,Mid,high
1,0,0,0,0,0,1.1,2026-04-21,other,825099,16,home,664199,5,32.2,45.8,54.2,79.5,R,Taylor Clarke,ARI,5,CHW,1,LHH,2,Low,Mid,low
1,0,1,0,1,0,1,2026-04-22,other,825097,13,home,664199,6,32.2,45.8,54.2,79.5,R,Taylor Clarke,ARI,4,CHW,0,LHH,0,Low,Mid,low
1,0,1,1,0,0,1,2026-04-25,blown_save,825093,14,home,664199,7,40.5,52.4,53.2,63.3,R,Taylor Clarke,ARI,7,SDP,3,RHH,3,Low,Mid,high
1,0,0,0,0,0,1,2026-04-28,other,823798,12,away,664199,7,67.4,75.3,66.3,55.3,R,Taylor Clarke,ARI,4,MIL,0,LHH,0,High,High,medium
0,1,0,0,0,0,1,2026-04-29,hold,823796,14,away,664199,8,67.4,75.3,66.3,55.3,R,Taylor Clarke,ARI,3,MIL,0,LHH,0,High,High,high
0,1,0,1,0,0,0.2,2026-05-02,other,824685,18,away,664199,7,62.9,82.6,69.2,58.4,R,Taylor Clarke,ARI,3,CHC,0,RHH,0,Mid,High,high
0,1,0,0,0,0,1,2026-05-06,other,825091,15,home,664199,9,33.5,60.7,62.1,84.2,R,Taylor Clarke,ARI,3,PIT,0,RHH,0,Low,Mid,high
0,0,0,0,0,0,1,2026-05-09,hold,825089,12,home,664199,8,30.6,40,42.5,53.8,R,Taylor Clarke,ARI,3,NYM,0,RHH,0,Low,Low,high
1,0,0,0,0,0,1,2026-05-11,hold,822901,11,away,664199,8,36.6,27.1,36.4,46.9,R,Taylor Clarke,ARI,3,TEX,0,RHH,0,Low,Low,high
0,0,0,0,0,0,0.2,2026-05-16,other,824359,8,away,664199,6,34.5,31.8,26.1,13.5,R,Taylor Clarke,ARI,2,COL,0,,0,Low,Low,medium
0,0,0,0,0,0,0.2,2026-05-17,hold,824358,7,away,664199,8,34.5,31.8,26.1,13.5,R,Taylor Clarke,ARI,3,COL,2,LHH,2,Low,Low,high
0,0,0,0,0,0,0.1,2026-05-20,hold,825084,6,home,664199,7,35.1,17.2,38.2,64.4,R,Taylor Clarke,ARI,1,SFG,0,RHH,1,Low,Low,medium
1,0,0,1,0,0,0.2,2026-05-22,hold,825082,17,home,664199,7,34.5,31.8,26.1,13.5,R,Taylor Clarke,ARI,4,COL,0,,0,Low,Low,high
0,1,0,0,0,0,1,2026-05-24,other,825081,11,home,664199,9,34.5,31.8,26.1,13.5,R,Taylor Clarke,ARI,3,COL,0,RHH,0,Low,Low,high
0,0,0,0,0,0,0.1,2026-05-29,other,823135,4,away,664199,7,43.3,45.2,49.2,57.9,R,Taylor Clarke,ARI,1,SEA,0,LHH,1,Low,Low,high
1,0,0,0,0,0,1,2026-05-30,other,823132,12,away,664199,8,43.3,45.2,49.2,57.9,R,Taylor Clarke,ARI,4,SEA,0,LHH,0,Low,Low,high
0,2,0,0,0,0,1,2026-06-01,other,825078,10,home,664199,7,68.3,95.7,82.8,78.2,R,Taylor Clarke,ARI,3,LAD,0,LHH,0,High,High,high
1,1,0,1,0,0,1,2026-06-03,other,825077,21,home,664199,6,68.3,95.7,82.8,78.2,R,Taylor Clarke,ARI,5,LAD,0,LHH,0,High,High,low
0,1,0,0,0,0,1,2026-06-07,other,825074,8,home,664199,9,43.7,67,67.7,85.6,R,Taylor Clarke,ARI,3,WSN,0,RHH,0,Low,High,high
2,0,2,1,2,0,0.2,2026-06-09,other,823858,22,away,664199,6,40.1,39.3,48.6,65.4,R,Taylor Clarke,ARI,5,MIA,1,LHH,1,Low,Low,medium
1,2,0,2,0,0,2,2026-06-12,other,824507,36,away,664199,6,32.7,40.9,35.4,31,R,Taylor Clarke,ARI,8,CIN,0,RHH,0,Low,Low,medium
0,2,0,0,0,0,1,2026-06-17,other,825072,14,home,664199,8,22.6,13.1,27.4,47.2,R,Taylor Clarke,ARI,3,LAA,0,RHH,0,Low,Low,high
1,0,1,0,1,1,1,2026-06-19,other,825069,11,home,664199,2,39.7,33.8,47.1,67.6,R,Taylor Clarke,ARI,4,MIN,0,LHH,0,Low,Low,medium
0,2,0,1,0,0,1.2,2026-06-22,other,823040,27,away,664199,7,41,40.4,42.1,44.7,R,Taylor Clarke,ARI,6,STL,0,LHH,0,Low,Low,high
1,0,0,0,0,0,1,2026-06-24,other,823041,10,away,664199,7,41,40.4,42.1,44.7,R,Taylor Clarke,ARI,4,STL,0,LHH,0,Low,Low,medium
1,0,0,0,0,0,1,2026-06-27,other,822960,6,away,664199,8,77.8,34.8,51.2,51,R,Taylor Clarke,ARI,3,TBR,0,LHH,0,High,Mid,high
1,0,1,0,1,1,1,2026-06-30,other,825066,15,home,664199,6,35.1,17.2,38.2,64.4,R,Taylor Clarke,ARI,4,SFG,0,,0,Low,Low,low
0,0,0,0,0,0,1,2026-07-01,other,825064,21,home,664199,8,35.1,17.2,38.2,64.4,R,Taylor Clarke,ARI,3,SFG,0,LHH,0,Low,Low,high
0,1,0,0,0,0,1,2026-07-03,other,825062,13,home,664199,10,67.4,75.3,66.3,55.3,R,Taylor Clarke,ARI,3,MIL,0,LHH,0,High,High,high
0,0,0,0,0,0,1,2026-07-05,other,825061,11,home,664199,8,67.4,75.3,66.3,55.3,R,Taylor Clarke,ARI,3,MIL,0,LHH,0,High,High,high
5,0,4,0,3,1,1,2026-07-08,other,823279,27,away,664199,6,40.5,52.4,53.2,63.3,R,Taylor Clarke,ARI,7,SDP,0,RHH,0,Low,Mid,low
0,2,0,0,0,0,1.1,2026-07-12,other,823925,20,away,664199,4,68.3,95.7,82.8,78.2,R,Taylor Clarke,ARI,4,LAD,0,LHH,0,High,High,medium
1,0,0,1,0,0,1,2026-07-17,other,825060,15,home,664199,6,41,40.4,42.1,44.7,R,Taylor Clarke,ARI,5,STL,0,RHH,0,Low,Low,medium
2,1,0,0,0,0,1.1,2026-07-19,other,825057,15,home,664199,7,41,40.4,42.1,44.7,R,Taylor Clarke,ARI,6,STL,0,,1,Low,Low,medium
0,0,0,0,0,0,1,2026-07-21,hold,825056,13,home,664199,6,42.3,37.3,48.1,64.7,R,Taylor Clarke,ARI,3,ATH,0,LHH,0,Low,Low,medium
0,0,0,0,0,0,1,2026-07-23,other,823042,6,away,664199,8,41,40.4,42.1,44.7,R,Taylor Clarke,ARI,3,STL,0,RHH,0,Low,Low,high
0,1,0,0,0,0,1,2026-07-25,other,822704,9,away,664199,8,43.7,67,67.7,85.6,R,Taylor Clarke,ARI,3,WSN,0,LHH,0,Low,High,high
3,0,1,0,0,0,1.1,2026-07-27,other,823353,19,away,664199,9,33.5,60.7,62.1,84.2,R,Taylor Clarke,ARI,7,PIT,0,LHH,0,Low,Mid,high
0,1,0,0,0,0,1,2026-07-31,other,824407,10,away,664199,6,50,36.8,42.8,44.4,R,Taylor Clarke,ARI,3,CLE,0,LHH,0,Mid,Low,medium
0,1,0,0,0,0,1.2,2026-08-02,other,824404,20,away,664199,6,50,36.8,42.8,44.4,R,Taylor Clarke,ARI,5,CLE,0,LHH,0,Mid,Low,low
0,1,0,0,0,0,1,2026-08-05,other,825052,18,home,664199,8,40.5,52.4,53.2,63.3,R,Taylor Clarke,ARI,3,SDP,0,RHH,0,Low,Mid,high
3,0,1,0,1,0,0.1,2026-08-07,blown_save,825051,12,home,664199,7,68.3,95.7,82.8,78.2,R,Taylor Clarke,ARI,4,LAD,0,,0,High,High,high
1,0,0,0,0,0,1,2026-08-09,hold,825050,9,home,664199,8,68.3,95.7,82.8,78.2,R,Taylor Clarke,ARI,3,LAD,0,LHH,0,High,High,high
0,1,0,0,0,0,1,2026-08-11,other,825046,9,home,664199,8,34.5,31.8,26.1,13.5,R,Taylor Clarke,ARI,3,COL,0,RHH,0,Low,Low,high
6,1,3,2,3,2,5,2026-03-31,other,823485,75,away,641793,2,32.1,30.7,33.4,37.3,R,Zack Littell,ARI,23,PHI,0,RHH,0,Low,Low,medium
1,1,1,1,1,0,3.2,2026-05-03,other,822742,41,home,641793,3,67.4,75.3,66.3,55.3,R,Zack Littell,ARI,13,MIL,0,RHH,0,High,High,medium
5,0,3,1,2,1,4,2026-05-09,other,823869,69,away,641793,3,40.1,39.3,48.6,65.4,R,Zack Littell,ARI,18,MIA,0,LHH,0,Low,Low,low
5,7,1,2,1,0,7,2026-05-25,other,824437,106,away,641793,3,50,36.8,42.8,44.4,R,Zack Littell,ARI,27,CLE,0,LHH,0,Mid,Low,low
5,5,2,0,2,1,4,2026-06-23,other,822718,59,home,641793,2,32.1,30.7,33.4,37.3,R,Zack Littell,ARI,16,PHI,0,RHH,0,Low,Low,medium
4,3,1,1,1,0,6,2026-07-04,other,822716,87,home,641793,2,33.5,60.7,62.1,84.2,R,Zack Littell,ARI,21,PIT,3,,3,Low,Mid,medium
5,5,1,0,1,1,4,2026-07-10,other,822709,69,home,641793,4,38.8,75.1,66.4,76,R,Zack Littell,ARI,15,NYY,0,LHH,0,Low,High,medium
4,5,1,1,1,0,5,2026-07-24,other,822707,77,home,641793,2,58.2,31.7,40.5,37.8,R,Zack Littell,ARI,20,ARI,2,LHH,2,Mid,Low,medium
7,2,4,1,4,0,6.2,2026-08-04,other,823432,93,away,641793,1,32.1,30.7,33.4,37.3,R,Zack Littell,ARI,27,PHI,0,RHH,2,Low,Low,medium
2,2,0,2,0,0,4.2,2026-08-10,other,825048,45,home,641793,5,34.5,31.8,26.1,13.5,R,Zack Littell,ARI,15,COL,0,LHH,2,Low,Low,low
1,0,0,0,0,0,0.2,2026-04-22,blown_save,823147,6,away,669620,6,43.3,45.2,49.2,57.9,R,Brady Basso,ATH,3,SEA,1,RHH,1,Low,Low,medium
1,0,1,0,1,1,1.1,2026-04-30,hold,825016,12,home,669620,7,57,42.9,50.8,55.5,R,Brady Basso,ATH,5,KCR,0,LHH,1,Mid,Mid,medium
3,1,1,1,1,0,0.2,2026-05-01,other,825012,27,home,669620,7,50,36.8,42.8,44.4,R,Brady Basso,ATH,6,CLE,1,LHH,1,Mid,Low,medium
6,1,4,0,4,0,1.2,2026-06-14,other,824994,41,home,669620,6,34.5,31.8,26.1,13.5,R,Brady Basso,ATH,11,COL,0,RHH,0,Low,Low,low
0,2,0,0,0,0,1,2026-07-17,other,824981,12,home,669620,8,43.7,67,67.7,85.6,R,Brady Basso,ATH,3,WSN,0,RHH,0,Low,High,high
2,3,0,1,0,0,2,2026-07-19,other,824978,33,home,669620,6,43.7,67,67.7,85.6,R,Brady Basso,ATH,9,WSN,0,RHH,0,Low,High,low
1,0,0,0,0,0,1,2026-07-21,other,825056,12,away,669620,6,58.2,31.7,40.5,37.8,R,Brady Basso,ATH,4,ARI,0,RHH,0,Mid,Low,medium
2,2,0,0,0,0,1.1,2026-07-29,other,824973,22,home,669620,8,43,41.3,32.9,16,R,Brady Basso,ATH,6,BOS,0,LHH,1,Low,Low,high
4,2,3,0,3,0,2,2026-07-31,other,824975,30,home,669620,6,43.2,42.5,49.7,62.5,R,Brady Basso,ATH,10,DET,0,,0,Low,Low,medium
0,0,0,0,0,0,1,2026-08-04,hold,824484,11,away,669620,7,32.7,40.9,35.4,31,R,Brady Basso,ATH,3,CIN,0,RHH,0,Low,Low,high
0,0,0,0,0,0,1,2026-08-06,other,824481,9,away,669620,6,32.7,40.9,35.4,31,R,Brady Basso,ATH,3,CIN,0,RHH,0,Low,Low,medium
0,0,0,0,0,0,1,2026-08-09,other,824724,9,away,669620,7,43,41.3,32.9,16,R,Brady Basso,ATH,3,BOS,0,RHH,0,Low,Low,high
3,2,1,0,1,1,2,2026-08-11,other,824970,39,home,669620,5,77.8,34.8,51.2,51,R,Brady Basso,ATH,9,TBR,0,LHH,0,High,Mid,low
1,2,0,0,0,0,1,2026-06-06,other,824351,17,away,680723,9,34.5,31.8,26.1,13.5,R,Drew Rom,ATH,4,COL,0,RHH,0,Low,Low,high
3,2,1,0,1,1,1.1,2026-06-08,other,824998,25,away,680723,7,42.3,37.3,48.1,64.7,R,Drew Rom,ATH,7,ATH,0,RHH,0,Low,Low,medium
1,3,1,2,1,0,1.2,2026-06-13,other,823776,32,home,680723,7,32.1,30.7,33.4,37.3,R,Drew Rom,ATH,8,PHI,0,RHH,0,Low,Low,medium
1,3,0,2,0,0,1.1,2026-06-18,other,823772,32,home,680723,7,50,36.8,42.8,44.4,R,Drew Rom,ATH,7,CLE,1,,2,Mid,Low,high
0,1,0,0,0,0,0.1,2026-07-05,other,825061,7,away,680723,6,58.2,31.7,40.5,37.8,R,Drew Rom,ATH,1,ARI,0,LHH,0,Mid,Low,medium
0,1,0,0,0,0,1,2026-08-12,other,824967,13,home,680723,6,77.8,34.8,51.2,51,R,Drew Rom,ATH,3,TBR,0,RHH,0,High,Mid,low
1,2,2,2,2,0,1,2026-03-28,hold,822838,26,away,665660,7,54.7,7.6,29.4,36.4,R,Elvis Alvarado,ATH,6,TOR,1,RHH,2,Mid,Low,high
1,1,0,0,0,0,1,2026-03-30,other,824943,16,away,665660,6,51.3,55.8,59,68.1,R,Elvis Alvarado,ATH,4,ATL,0,LHH,0,Mid,Mid,medium
2,0,1,0,1,0,0.2,2026-04-01,other,824940,20,away,665660,4,51.3,55.8,59,68.1,R,Elvis Alvarado,ATH,4,ATL,2,,2,Mid,Mid,medium
3,0,2,2,2,0,2,2026-04-04,other,825027,29,home,665660,4,38.5,45.2,48.8,60.3,R,Elvis Alvarado,ATH,9,HOU,1,RHH,1,Low,Low,low
0,1,0,0,0,0,0.2,2026-04-05,other,825025,8,home,665660,10,38.5,45.2,48.8,60.3,R,Elvis Alvarado,ATH,2,HOU,0,RHH,3,Low,Low,high
0,1,0,0,0,0,0.2,2026-04-08,other,823564,11,away,665660,8,38.8,75.1,66.4,76,R,Elvis Alvarado,ATH,2,NYY,0,,0,Low,High,high
1,1,0,0,0,0,1,2026-04-10,other,823643,20,away,665660,9,30.6,40,42.5,53.8,R,Elvis Alvarado,ATH,4,NYM,0,,0,Low,Low,high
0,0,0,0,0,0,0.1,2026-04-12,hold,823642,6,away,665660,8,30.6,40,42.5,53.8,R,Elvis Alvarado,ATH,1,NYM,0,LHH,1,Low,Low,high
0,0,0,0,0,0,0.1,2026-04-14,hold,825022,1,home,665660,8,36.6,27.1,36.4,46.9,R,Elvis Alvarado,ATH,1,TEX,0,RHH,2,Low,Low,high
3,3,4,3,4,1,2,2026-04-17,other,825019,45,home,665660,5,32.2,45.8,54.2,79.5,R,Elvis Alvarado,ATH,11,CHW,1,LHH,1,Low,Mid,low
1,3,0,0,0,0,2,2026-06-06,other,824184,44,away,665660,6,38.5,45.2,48.8,60.3,R,Elvis Alvarado,ATH,8,HOU,0,,0,Low,Low,low
0,4,0,0,0,0,1.1,2026-06-09,hold,824999,20,home,665660,6,67.4,75.3,66.3,55.3,R,Elvis Alvarado,ATH,4,MIL,0,RHH,2,High,High,high
0,2,0,0,0,0,1,2026-06-10,save,824996,14,home,665660,9,67.4,75.3,66.3,55.3,R,Elvis Alvarado,ATH,3,MIL,0,LHH,0,High,High,high
0,2,0,0,0,0,1,2026-06-13,save,824995,19,home,665660,9,34.5,31.8,26.1,13.5,R,Elvis Alvarado,ATH,3,COL,0,LHH,0,Low,Low,high
1,0,1,0,1,1,1,2026-06-16,other,824991,16,home,665660,9,33.5,60.7,62.1,84.2,R,Elvis Alvarado,ATH,4,PIT,0,LHH,0,Low,Mid,high
1,2,0,0,0,0,2,2026-06-19,other,824990,21,home,665660,9,22.6,13.1,27.4,47.2,R,Elvis Alvarado,ATH,6,LAA,0,RHH,0,Low,Low,high
2,3,2,0,2,1,1.2,2026-06-21,other,824987,21,home,665660,8,22.6,13.1,27.4,47.2,R,Elvis Alvarado,ATH,6,LAA,0,RHH,1,Low,Low,high
2,0,2,0,2,2,0.2,2026-06-24,blown_save,823208,12,away,665660,9,35.1,17.2,38.2,64.4,R,Elvis Alvarado,ATH,4,SFG,0,,0,Low,Low,high
0,1,0,0,0,0,1,2026-06-26,other,824014,15,away,665660,9,22.6,13.1,27.4,47.2,R,Elvis Alvarado,ATH,3,LAA,0,RHH,0,Low,Low,high
0,1,0,0,0,0,1,2026-06-28,other,824011,10,away,665660,6,22.6,13.1,27.4,47.2,R,Elvis Alvarado,ATH,3,LAA,0,RHH,0,Low,Low,medium
0,0,0,0,0,0,0.2,2026-06-30,other,824984,10,home,665660,6,68.3,95.7,82.8,78.2,R,Elvis Alvarado,ATH,2,LAD,0,,1,High,High,medium
0,1,0,1,0,0,0.1,2026-07-04,other,824983,17,home,665660,5,40.1,39.3,48.6,65.4,R,Elvis Alvarado,ATH,2,MIA,0,LHH,1,Low,Low,low
2,1,1,1,1,0,1,2026-07-05,other,824980,28,home,665660,9,40.1,39.3,48.6,65.4,R,Elvis Alvarado,ATH,6,MIA,0,,0,Low,Low,high
1,3,0,1,0,0,1,2026-07-07,other,824254,23,away,665660,8,43.2,42.5,49.7,62.5,R,Elvis Alvarado,ATH,5,DET,0,RHH,0,Low,Low,high
0,3,0,0,0,0,2,2026-07-10,other,824575,20,away,665660,5,32.2,45.8,54.2,79.5,R,Elvis Alvarado,ATH,6,CHW,1,LHH,2,Low,Mid,medium
2,0,3,1,3,2,0.2,2026-07-19,other,824978,21,home,665660,5,43.7,67,67.7,85.6,R,Elvis Alvarado,ATH,6,WSN,0,RHH,0,Low,High,medium
0,1,0,2,0,0,1,2026-07-21,other,825056,16,away,665660,8,58.2,31.7,40.5,37.8,R,Elvis Alvarado,ATH,5,ARI,0,RHH,0,Mid,Low,high
1,0,0,0,0,0,1,2026-07-24,hold,823680,10,away,665660,8,39.7,33.8,47.1,67.6,R,Elvis Alvarado,ATH,3,MIN,0,RHH,0,Low,Low,high
2,1,0,0,0,0,1,2026-07-27,other,824977,14,home,665660,7,43,41.3,32.9,16,R,Elvis Alvarado,ATH,4,BOS,0,,0,Low,Low,high
0,2,0,1,0,0,1,2026-07-29,other,824973,24,home,665660,7,43,41.3,32.9,16,R,Elvis Alvarado,ATH,5,BOS,0,RHH,2,Low,Low,high
0,1,0,1,0,0,1,2026-07-30,other,824974,11,home,665660,9,43,41.3,32.9,16,R,Elvis Alvarado,ATH,3,BOS,0,RHH,0,Low,Low,high
1,1,0,0,0,0,1.1,2026-08-02,other,824971,22,home,665660,4,43.2,42.5,49.7,62.5,R,Elvis Alvarado,ATH,5,DET,2,RHH,3,Low,Low,low
0,1,0,0,0,0,0.1,2026-08-04,other,824484,6,away,665660,8,32.7,40.9,35.4,31,R,Elvis Alvarado,ATH,1,CIN,0,RHH,1,Low,Low,high
0,2,0,2,0,0,0.2,2026-08-06,other,824481,19,away,665660,5,32.7,40.9,35.4,31,R,Elvis Alvarado,ATH,4,CIN,2,RHH,3,Low,Low,medium
0,1,0,0,0,0,1,2026-08-09,other,824724,11,away,665660,8,43,41.3,32.9,16,R,Elvis Alvarado,ATH,3,BOS,0,RHH,0,Low,Low,high
1,1,2,1,2,1,1,2026-08-11,other,824970,21,home,665660,7,77.8,34.8,51.2,51,R,Elvis Alvarado,ATH,5,TBR,0,LHH,0,High,Mid,medium
2,0,3,2,3,0,1,2026-05-31,other,824832,36,away,696522,6,31.6,69.3,61.4,73.6,R,Hayden Juenger,ATH,7,BAL,0,LHH,0,Low,Mid,low
0,0,0,0,0,0,1,2026-06-03,other,824917,11,away,696522,8,51.3,55.8,59,68.1,R,Hayden Juenger,ATH,3,ATL,0,RHH,0,Mid,Mid,high
4,2,1,1,1,0,2.1,2026-07-22,other,825055,45,away,696522,6,58.2,31.7,40.5,37.8,R,Hayden Juenger,ATH,12,ARI,3,RHH,3,Mid,Low,high
0,0,0,0,0,0,1,2026-07-25,other,823679,7,away,696522,7,39.7,33.8,47.1,67.6,R,Hayden Juenger,ATH,3,MIN,0,RHH,0,Low,Low,high
0,0,0,0,0,0,1,2026-07-27,other,824977,16,home,696522,8,43,41.3,32.9,16,R,Hayden Juenger,ATH,4,BOS,0,RHH,0,Low,Low,high
2,0,0,1,0,0,1.1,2026-07-29,blown_save,824973,20,home,696522,6,43,41.3,32.9,16,R,Hayden Juenger,ATH,7,BOS,1,LHH,1,Low,Low,medium
0,2,0,1,0,0,1,2026-07-31,other,824975,20,home,696522,5,43.2,42.5,49.7,62.5,R,Hayden Juenger,ATH,4,DET,0,,0,Low,Low,medium
2,0,0,0,0,0,1,2026-08-02,other,824971,19,home,696522,7,43.2,42.5,49.7,62.5,R,Hayden Juenger,ATH,5,DET,0,RHH,0,Low,Low,medium
2,1,1,0,1,0,0.2,2026-08-05,other,824482,15,away,696522,6,32.7,40.9,35.4,31,R,Hayden Juenger,ATH,4,CIN,0,RHH,0,Low,Low,medium
5,0,4,0,4,0,1,2026-08-07,other,824727,22,away,696522,4,43,41.3,32.9,16,R,Hayden Juenger,ATH,7,BOS,0,RHH,0,Low,Low,low
2,1,1,1,1,0,1,2026-08-12,other,824967,18,home,696522,8,77.8,34.8,51.2,51,R,Hayden Juenger,ATH,5,TBR,0,LHH,0,High,Mid,high
0,0,0,1,0,0,1.1,2026-03-27,other,822839,17,away,663687,7,54.7,7.6,29.4,36.4,R,Hogan Harris,ATH,5,TOR,0,,1,Mid,Low,high
2,0,0,1,0,0,0.2,2026-03-28,hold,822838,19,away,663687,8,54.7,7.6,29.4,36.4,R,Hogan Harris,ATH,5,TOR,2,LHH,2,Mid,Low,high
0,0,0,2,0,0,1,2026-03-31,hold,824942,23,away,663687,6,51.3,55.8,59,68.1,R,Hogan Harris,ATH,5,ATL,0,LHH,0,Mid,Mid,medium
0,2,0,0,0,0,2,2026-04-01,other,824940,19,away,663687,5,51.3,55.8,59,68.1,R,Hogan Harris,ATH,6,ATL,0,LHH,0,Mid,Mid,low
4,1,3,2,3,0,1,2026-04-04,other,825027,34,home,663687,6,38.5,45.2,48.8,60.3,R,Hogan Harris,ATH,9,HOU,0,RHH,0,Low,Low,low
1,2,1,2,0,0,1.1,2026-04-05,other,825025,21,home,663687,9,38.5,45.2,48.8,60.3,R,Hogan Harris,ATH,7,HOU,0,RHH,0,Low,Low,high
0,2,0,2,0,0,0.2,2026-04-08,other,823564,20,away,663687,7,38.8,75.1,66.4,76,R,Hogan Harris,ATH,4,NYY,0,LHH,0,Low,High,high
0,1,0,0,0,0,1,2026-04-09,save,823565,14,away,663687,9,38.8,75.1,66.4,76,R,Hogan Harris,ATH,3,NYY,0,LHH,0,Low,High,high
0,2,0,0,0,0,1,2026-04-12,hold,823642,13,away,663687,6,30.6,40,42.5,53.8,R,Hogan Harris,ATH,3,NYM,0,RHH,2,Low,Low,high
0,0,0,2,0,0,0.2,2026-04-14,hold,825022,19,home,663687,8,36.6,27.1,36.4,46.9,R,Hogan Harris,ATH,4,TEX,0,,0,Low,Low,high
0,1,0,0,0,0,0.2,2026-04-15,other,825021,11,home,663687,6,36.6,27.1,36.4,46.9,R,Hogan Harris,ATH,2,TEX,0,,1,Low,Low,medium
1,0,1,0,1,1,1.1,2026-04-18,other,825020,21,home,663687,6,32.2,45.8,54.2,79.5,R,Hogan Harris,ATH,6,CHW,0,LHH,2,Low,Mid,high
0,2,0,0,0,0,1.2,2026-04-20,other,823149,25,away,663687,6,43.3,45.2,49.2,57.9,R,Hogan Harris,ATH,5,SEA,0,,0,Low,Low,medium
0,0,0,0,0,0,0.1,2026-04-21,hold,823148,8,away,663687,7,43.3,45.2,49.2,57.9,R,Hogan Harris,ATH,1,SEA,0,LHH,2,Low,Low,high
2,2,0,0,0,0,0.2,2026-04-24,other,822909,16,away,663687,7,36.6,27.1,36.4,46.9,R,Hogan Harris,ATH,4,TEX,0,RHH,2,Low,Low,high
0,1,0,1,0,0,1,2026-04-26,hold,822911,19,away,663687,7,36.6,27.1,36.4,46.9,R,Hogan Harris,ATH,4,TEX,0,,0,Low,Low,high
1,1,1,2,1,1,0.2,2026-04-28,blown_save,825017,22,home,663687,6,57,42.9,50.8,55.5,R,Hogan Harris,ATH,5,KCR,0,RHH,0,Mid,Mid,medium
2,2,0,0,0,0,1.1,2026-05-01,other,825012,23,home,663687,5,50,36.8,42.8,44.4,R,Hogan Harris,ATH,6,CLE,1,,2,Mid,Low,medium
2,0,1,1,1,0,0.1,2026-05-02,other,825014,20,home,663687,7,50,36.8,42.8,44.4,R,Hogan Harris,ATH,4,CLE,2,,2,Mid,Low,high
2,0,0,0,0,0,0.2,2026-05-06,other,823470,9,away,663687,8,32.1,30.7,33.4,37.3,R,Hogan Harris,ATH,4,PHI,2,LHH,2,Low,Low,high
0,1,0,1,0,0,0.1,2026-05-08,save,824846,11,away,663687,9,31.6,69.3,61.4,73.6,R,Hogan Harris,ATH,2,BAL,0,RHH,1,Low,Mid,high
0,2,0,0,0,0,1,2026-05-09,other,824847,14,away,663687,6,31.6,69.3,61.4,73.6,R,Hogan Harris,ATH,3,BAL,0,RHH,0,Low,Mid,low
1,1,0,0,0,0,0.1,2026-05-13,hold,825010,9,home,663687,7,41,40.4,42.1,44.7,R,Hogan Harris,ATH,2,STL,0,,1,Low,Low,high
1,1,0,0,0,0,1,2026-05-15,save,825009,14,home,663687,9,35.1,17.2,38.2,64.4,R,Hogan Harris,ATH,4,SFG,0,,0,Low,Low,high
2,1,2,0,2,0,1,2026-05-19,other,824033,26,away,663687,8,22.6,13.1,27.4,47.2,R,Hogan Harris,ATH,6,LAA,0,RHH,0,Low,Low,high
0,1,0,2,0,0,1,2026-05-20,save,824032,14,away,663687,10,22.6,13.1,27.4,47.2,R,Hogan Harris,ATH,5,LAA,0,RHH,0,Low,Low,high
0,1,0,2,0,0,0.1,2026-05-24,hold,823297,15,away,663687,9,40.5,52.4,53.2,63.3,R,Hogan Harris,ATH,3,SDP,0,RHH,0,Low,Mid,high
0,1,0,0,0,0,1,2026-05-26,other,825004,10,home,663687,9,43.3,45.2,49.2,57.9,R,Hogan Harris,ATH,3,SEA,0,RHH,0,Low,Low,high
0,1,0,0,0,0,1.1,2026-05-29,other,825002,15,home,663687,4,38.8,75.1,66.4,76,R,Hogan Harris,ATH,4,NYY,0,LHH,1,Low,High,low
1,2,0,1,0,0,1,2026-05-30,hold,825000,31,home,663687,7,38.8,75.1,66.4,76,R,Hogan Harris,ATH,5,NYY,0,LHH,0,Low,High,high
0,0,0,0,0,0,0.1,2026-06-02,save,824675,2,away,663687,9,62.9,82.6,69.2,58.4,R,Hogan Harris,ATH,1,CHC,0,RHH,2,Mid,High,high
0,2,0,0,0,0,1,2026-06-03,other,824671,17,away,663687,9,62.9,82.6,69.2,58.4,R,Hogan Harris,ATH,3,CHC,0,RHH,0,Mid,High,high
1,1,0,0,0,0,1,2026-06-07,other,824183,16,away,663687,9,38.5,45.2,48.8,60.3,R,Hogan Harris,ATH,4,HOU,0,RHH,0,Low,Low,high
2,3,2,1,2,0,1.2,2026-06-08,blown_save,824998,35,home,663687,8,67.4,75.3,66.3,55.3,R,Hogan Harris,ATH,7,MIL,0,LHH,2,High,High,high
2,0,0,0,0,0,0.2,2026-06-10,hold,824996,17,home,663687,8,67.4,75.3,66.3,55.3,R,Hogan Harris,ATH,3,MIL,0,RHH,0,High,High,high
0,2,0,0,0,0,1.1,2026-06-12,save,824997,21,home,663687,8,34.5,31.8,26.1,13.5,R,Hogan Harris,ATH,4,COL,0,LHH,1,Low,Low,high
2,1,2,1,2,1,1,2026-06-16,blown_save,824991,25,home,663687,7,33.5,60.7,62.1,84.2,R,Hogan Harris,ATH,6,PIT,0,,0,Low,Mid,high
2,3,0,0,0,0,1,2026-06-18,other,824989,25,home,663687,9,22.6,13.1,27.4,47.2,R,Hogan Harris,ATH,5,LAA,0,RHH,0,Low,Low,high
3,0,3,0,3,1,0.1,2026-06-21,blown_save,824987,18,home,663687,8,22.6,13.1,27.4,47.2,R,Hogan Harris,ATH,5,LAA,0,RHH,0,Low,Low,high
1,2,0,0,0,0,1,2026-06-24,other,823208,16,away,663687,7,35.1,17.2,38.2,64.4,R,Hogan Harris,ATH,4,SFG,0,,0,Low,Low,high
0,2,0,1,0,0,0.2,2026-06-26,other,824014,15,away,663687,8,22.6,13.1,27.4,47.2,R,Hogan Harris,ATH,3,LAA,0,RHH,2,Low,Low,high
1,4,0,0,0,0,1.1,2026-07-01,other,824985,17,home,663687,8,68.3,95.7,82.8,78.2,R,Hogan Harris,ATH,5,LAD,0,RHH,2,High,High,high
0,1,0,1,0,0,1,2026-07-05,other,824980,17,home,663687,7,40.1,39.3,48.6,65.4,R,Hogan Harris,ATH,5,MIA,0,RHH,0,Low,Low,medium
2,2,1,1,1,1,1,2026-07-09,other,824251,27,away,663687,7,43.2,42.5,49.7,62.5,R,Hogan Harris,ATH,6,DET,0,,0,Low,Low,medium
0,2,0,0,0,0,1,2026-07-11,other,824576,11,away,663687,8,32.2,45.8,54.2,79.5,R,Hogan Harris,ATH,3,CHW,0,LHH,0,Low,Mid,high
0,1,0,0,0,0,0.2,2026-07-18,other,824979,11,home,663687,7,43.7,67,67.7,85.6,R,Hogan Harris,ATH,2,WSN,0,,1,Low,High,medium
1,3,0,1,0,0,1,2026-07-20,save,825058,26,away,663687,9,58.2,31.7,40.5,37.8,R,Hogan Harris,ATH,5,ARI,0,RHH,0,Mid,Low,high
1,0,0,0,0,0,1,2026-07-21,other,825056,12,away,663687,9,58.2,31.7,40.5,37.8,R,Hogan Harris,ATH,4,ARI,0,RHH,0,Mid,Low,high
0,1,0,0,0,0,1,2026-07-24,save,823680,10,away,663687,9,39.7,33.8,47.1,67.6,R,Hogan Harris,ATH,3,MIN,0,RHH,0,Low,Low,high
0,1,0,0,0,0,1,2026-07-27,other,824977,14,home,663687,9,43,41.3,32.9,16,R,Hogan Harris,ATH,3,BOS,0,RHH,0,Low,Low,high
3,3,2,0,2,1,1.1,2026-07-28,save,824976,26,home,663687,8,43,41.3,32.9,16,R,Hogan Harris,ATH,7,BOS,1,,2,Low,Low,high
1,1,0,1,0,0,1,2026-08-02,other,824971,17,home,663687,6,43.2,42.5,49.7,62.5,R,Hogan Harris,ATH,4,DET,0,,0,Low,Low,low
0,1,2,3,2,0,0.2,2026-08-04,blown_save,824484,24,away,663687,8,32.7,40.9,35.4,31,R,Hogan Harris,ATH,5,CIN,0,RHH,0,Low,Low,high
3,2,1,1,1,0,1.1,2026-08-08,save,824726,36,away,663687,8,43,41.3,32.9,16,R,Hogan Harris,ATH,8,BOS,0,LHH,2,Low,Low,high
1,1,0,1,0,0,1,2026-08-09,save,824724,20,away,663687,9,43,41.3,32.9,16,R,Hogan Harris,ATH,5,BOS,0,RHH,0,Low,Low,high
1,2,0,1,0,0,3.2,2026-03-29,other,822837,45,away,669372,5,54.7,7.6,29.4,36.4,R,J.T. Ginn,ATH,12,TOR,1,RHH,2,Mid,Low,medium
3,1,2,1,2,0,2,2026-04-03,other,825026,32,home,669372,8,38.5,45.2,48.8,60.3,R,J.T. Ginn,ATH,10,HOU,0,RHH,0,Low,Low,high
2,1,2,0,2,1,1.1,2026-04-05,blown_save,825025,27,home,669372,6,38.5,45.2,48.8,60.3,R,J.T. Ginn,ATH,6,HOU,0,RHH,2,Low,Low,high
3,3,0,0,0,0,2.1,2026-04-10,other,823643,30,away,678022,6,30.6,40,42.5,53.8,R,Jack Perkins,ATH,9,NYM,0,,0,Low,Low,medium
5,4,4,1,4,0,1.2,2026-04-13,other,825024,43,home,678022,7,36.6,27.1,36.4,46.9,R,Jack Perkins,ATH,11,TEX,0,LHH,0,Low,Low,medium
0,0,0,0,0,0,1,2026-04-16,other,825023,11,home,678022,8,36.6,27.1,36.4,46.9,R,Jack Perkins,ATH,4,TEX,0,,0,Low,Low,high
1,3,0,2,0,0,2.1,2026-04-18,other,825020,44,home,678022,9,32.2,45.8,54.2,79.5,R,Jack Perkins,ATH,11,CHW,0,,2,Low,Mid,high
0,2,0,0,0,0,2,2026-04-21,save,823148,26,away,678022,8,43.3,45.2,49.2,57.9,R,Jack Perkins,ATH,6,SEA,0,RHH,0,Low,Low,high
1,3,0,0,0,0,2,2026-04-26,save,822911,26,away,678022,8,36.6,27.1,36.4,46.9,R,Jack Perkins,ATH,7,TEX,0,,0,Low,Low,high
0,1,0,0,0,0,1,2026-04-28,other,825017,12,home,678022,9,57,42.9,50.8,55.5,R,Jack Perkins,ATH,3,KCR,0,LHH,0,Mid,Mid,high
1,1,0,0,0,0,1,2026-04-30,save,825016,16,home,678022,9,57,42.9,50.8,55.5,R,Jack Perkins,ATH,4,KCR,0,LHH,0,Mid,Mid,high
2,2,4,1,2,0,1.1,2026-05-06,blown_save,823470,33,away,678022,7,32.1,30.7,33.4,37.3,R,Jack Perkins,ATH,8,PHI,0,LHH,0,Low,Low,high
1,2,1,1,1,0,0.2,2026-05-08,hold,824846,25,away,678022,9,31.6,69.3,61.4,73.6,R,Jack Perkins,ATH,4,BAL,0,LHH,0,Low,Mid,high
1,1,0,0,0,0,1,2026-05-13,other,825010,18,home,678022,9,41,40.4,42.1,44.7,R,Jack Perkins,ATH,5,STL,0,RHH,0,Low,Low,high
3,0,2,0,2,0,0.2,2026-05-14,blown_save,825008,23,home,678022,9,41,40.4,42.1,44.7,R,Jack Perkins,ATH,6,STL,0,,0,Low,Low,high
1,0,0,0,0,0,2,2026-05-19,hold,824033,22,away,678022,5,22.6,13.1,27.4,47.2,R,Jack Perkins,ATH,8,LAA,0,RHH,0,Low,Low,medium
4,2,3,0,3,0,1.1,2026-05-22,other,823298,23,away,678022,7,40.5,52.4,53.2,63.3,R,Jack Perkins,ATH,9,SDP,0,,0,Low,Mid,high
3,7,2,0,2,1,4.2,2026-05-25,other,825005,63,home,678022,5,43.3,45.2,49.2,57.9,R,Jack Perkins,ATH,18,SEA,0,LHH,0,Low,Low,low
1,2,3,2,3,0,0.2,2026-05-30,other,825000,24,home,678022,9,38.8,75.1,66.4,76,R,Jack Perkins,ATH,5,NYY,0,LHH,0,Low,High,high
0,0,0,0,0,0,2.1,2026-05-31,other,825001,30,home,678022,3,38.8,75.1,66.4,76,R,Jack Perkins,ATH,7,NYY,0,LHH,2,Low,High,low
2,2,3,2,3,2,3,2026-07-09,other,824251,67,away,678022,2,43.2,42.5,49.7,62.5,R,Jack Perkins,ATH,13,DET,0,,0,Low,Low,medium
1,1,1,2,1,0,1,2026-04-26,hold,822911,25,away,682052,5,36.6,27.1,36.4,46.9,R,Jacob Lopez,ATH,7,TEX,0,LHH,0,Low,Low,medium
6,3,1,1,1,0,4.2,2026-05-24,other,823297,91,away,682052,2,40.5,52.4,53.2,63.3,R,Jacob Lopez,ATH,19,SDP,0,,1,Low,Mid,medium
5,4,4,1,4,0,3,2026-07-07,other,824254,63,away,682052,5,43.2,42.5,49.7,62.5,R,Jacob Lopez,ATH,14,DET,0,LHH,0,Low,Low,medium
1,1,1,1,0,0,0.1,2026-03-28,other,822838,10,away,665622,11,54.7,7.6,29.4,36.4,R,Luis Medina,ATH,3,TOR,0,RHH,0,Mid,Low,high
1,1,0,0,0,0,2,2026-04-01,other,824940,27,away,665622,7,51.3,55.8,59,68.1,R,Luis Medina,ATH,7,ATL,0,LHH,0,Mid,Mid,medium
2,4,1,2,1,1,2,2026-04-04,other,825027,43,home,665622,7,38.5,45.2,48.8,60.3,R,Luis Medina,ATH,10,HOU,0,RHH,0,Low,Low,medium
0,1,0,0,0,0,1,2026-04-11,other,823644,10,away,665622,9,30.6,40,42.5,53.8,R,Luis Medina,ATH,3,NYM,0,RHH,0,Low,Low,high
0,1,0,1,0,0,1.1,2026-04-13,other,825024,26,home,665622,8,36.6,27.1,36.4,46.9,R,Luis Medina,ATH,5,TEX,0,LHH,2,Low,Low,high
2,1,2,1,2,0,1.1,2026-04-16,blown_save,825023,32,home,665622,6,36.6,27.1,36.4,46.9,R,Luis Medina,ATH,7,TEX,0,LHH,0,Low,Low,medium
0,1,0,0,0,0,1,2026-04-19,other,825018,8,home,665622,8,32.2,45.8,54.2,79.5,R,Luis Medina,ATH,3,CHW,0,RHH,2,Low,Mid,high
0,0,0,0,0,0,1,2026-04-24,other,822909,12,away,665622,9,36.6,27.1,36.4,46.9,R,Luis Medina,ATH,3,TEX,0,LHH,0,Low,Low,high
3,1,0,2,0,0,2.2,2026-04-30,other,825016,52,home,665622,4,57,42.9,50.8,55.5,R,Luis Medina,ATH,13,KCR,0,RHH,0,Mid,Mid,medium
0,4,0,0,0,0,2,2026-05-10,other,824845,23,away,665622,7,31.6,69.3,61.4,73.6,R,Luis Medina,ATH,6,BAL,0,RHH,0,Low,Mid,high
0,0,0,0,0,0,1,2026-05-13,hold,825010,9,home,665622,8,41,40.4,42.1,44.7,R,Luis Medina,ATH,3,STL,0,LHH,0,Low,Low,high
0,1,0,1,0,0,1,2026-05-15,hold,825009,19,home,665622,8,35.1,17.2,38.2,64.4,R,Luis Medina,ATH,4,SFG,0,RHH,0,Low,Low,high
1,2,0,0,0,0,2,2026-05-20,other,824032,34,away,665622,6,22.6,13.1,27.4,47.2,R,Luis Medina,ATH,7,LAA,0,RHH,0,Low,Low,medium
3,2,3,1,3,1,2,2026-05-27,other,825003,36,home,665622,7,43.3,45.2,49.2,57.9,R,Luis Medina,ATH,10,SEA,0,,0,Low,Low,medium
1,2,0,1,0,0,1,2026-05-29,other,825002,20,home,665622,9,38.8,75.1,66.4,76,R,Luis Medina,ATH,5,NYY,0,LHH,0,Low,High,high
0,4,0,0,0,0,2,2026-05-31,other,825001,22,home,665622,7,38.8,75.1,66.4,76,R,Luis Medina,ATH,6,NYY,0,RHH,0,Low,High,medium
1,1,0,1,0,0,1,2026-06-03,other,824671,19,away,665622,8,62.9,82.6,69.2,58.4,R,Luis Medina,ATH,4,CHC,0,RHH,0,Mid,High,high
3,2,2,0,2,1,1.2,2026-06-08,hold,824998,29,home,665622,6,67.4,75.3,66.3,55.3,R,Luis Medina,ATH,7,MIL,0,LHH,0,High,High,medium
2,2,0,0,0,0,2,2026-06-10,other,824996,21,home,665622,5,67.4,75.3,66.3,55.3,R,Luis Medina,ATH,7,MIL,0,LHH,0,High,High,medium
6,0,6,1,6,1,1,2026-06-14,other,824994,30,home,665622,5,34.5,31.8,26.1,13.5,R,Luis Medina,ATH,10,COL,0,,0,Low,Low,medium
2,6,1,2,1,0,3,2026-06-17,other,824992,45,home,665622,7,33.5,60.7,62.1,84.2,R,Luis Medina,ATH,13,PIT,3,LHH,3,Low,Mid,high
1,1,0,0,0,0,1,2026-06-21,hold,824987,15,home,665622,7,22.6,13.1,27.4,47.2,R,Luis Medina,ATH,4,LAA,0,RHH,0,Low,Low,high
0,2,0,2,0,0,1,2026-06-24,hold,823208,21,away,665622,8,35.1,17.2,38.2,64.4,R,Luis Medina,ATH,5,SFG,0,RHH,0,Low,Low,high
1,3,0,2,0,0,1.1,2026-06-26,other,824014,38,away,665622,7,22.6,13.1,27.4,47.2,R,Luis Medina,ATH,7,LAA,0,,0,Low,Low,medium
1,3,0,1,0,0,1.2,2026-07-01,other,824985,29,home,665622,7,68.3,95.7,82.8,78.2,R,Luis Medina,ATH,7,LAD,0,RHH,0,High,High,medium
1,1,0,2,0,0,1,2026-07-05,other,824980,21,home,665622,8,40.1,39.3,48.6,65.4,R,Luis Medina,ATH,6,MIA,0,,0,Low,Low,high
1,1,0,0,0,0,1.2,2026-07-09,other,824251,16,away,665622,5,43.2,42.5,49.7,62.5,R,Luis Medina,ATH,6,DET,0,LHH,1,Low,Low,medium
0,2,0,0,0,0,1.1,2026-07-11,other,824576,12,away,665622,6,32.2,45.8,54.2,79.5,R,Luis Medina,ATH,5,CHW,0,,1,Low,Mid,medium
2,1,1,0,1,0,1,2026-07-18,other,824979,12,home,665622,9,43.7,67,67.7,85.6,R,Luis Medina,ATH,5,WSN,0,LHH,0,Low,High,high
1,2,0,0,0,0,2,2026-07-20,other,825058,36,away,665622,6,58.2,31.7,40.5,37.8,R,Luis Medina,ATH,7,ARI,0,RHH,1,Mid,Low,medium
2,1,2,2,1,0,0.1,2026-07-21,blown_save,825056,28,away,665622,10,58.2,31.7,40.5,37.8,R,Luis Medina,ATH,5,ARI,0,RHH,0,Mid,Low,high
0,2,0,0,0,0,1,2026-07-25,other,823679,17,away,665622,8,39.7,33.8,47.1,67.6,R,Luis Medina,ATH,3,MIN,0,LHH,0,Low,Low,high
2,1,1,2,1,0,1.2,2026-07-28,hold,824976,30,home,665622,7,43,41.3,32.9,16,R,Luis Medina,ATH,8,BOS,0,RHH,0,Low,Low,high
2,1,2,0,2,2,1,2026-07-30,blown_save,824974,18,home,665622,8,43,41.3,32.9,16,R,Luis Medina,ATH,5,BOS,0,LHH,0,Low,Low,high
2,1,0,0,0,0,1,2026-08-01,other,824972,24,home,665622,9,43.2,42.5,49.7,62.5,R,Luis Medina,ATH,5,DET,0,RHH,0,Low,Low,high
1,2,0,0,0,0,1,2026-08-07,other,824727,16,away,665622,5,43,41.3,32.9,16,R,Luis Medina,ATH,4,BOS,0,LHH,0,Low,Low,low
0,1,0,0,0,0,1,2026-08-08,other,824726,12,away,665622,7,43,41.3,32.9,16,R,Luis Medina,ATH,3,BOS,0,RHH,0,Low,Low,medium
1,1,0,2,0,0,2,2026-04-19,other,825018,43,home,686930,6,32.2,45.8,54.2,79.5,R,Mason Barnett,ATH,9,CHW,0,RHH,0,Low,Mid,low
1,7,0,2,0,0,4,2026-06-05,other,824186,64,away,686930,5,38.5,45.2,48.8,60.3,R,Mason Barnett,ATH,14,HOU,0,,1,Low,Low,low
0,4,0,0,0,0,2,2026-06-09,save,824999,31,home,686930,8,67.4,75.3,66.3,55.3,R,Mason Barnett,ATH,6,MIL,0,LHH,0,High,High,high
1,1,0,0,0,0,1.2,2026-06-12,other,824997,12,home,686930,7,34.5,31.8,26.1,13.5,R,Mason Barnett,ATH,6,COL,0,LHH,0,Low,Low,high
2,1,1,0,1,1,2,2026-06-15,other,824993,32,home,686930,8,33.5,60.7,62.1,84.2,R,Mason Barnett,ATH,8,PIT,0,LHH,0,Low,Mid,high
1,1,0,1,0,0,1,2026-06-18,other,824989,30,home,686930,8,22.6,13.1,27.4,47.2,R,Mason Barnett,ATH,5,LAA,0,RHH,0,Low,Low,high
1,3,1,2,1,0,1,2026-06-23,other,823210,25,away,686930,6,35.1,17.2,38.2,64.4,R,Mason Barnett,ATH,6,SFG,0,RHH,1,Low,Low,medium
0,1,0,0,0,0,1,2026-06-25,save,823209,13,away,686930,9,35.1,17.2,38.2,64.4,R,Mason Barnett,ATH,3,SFG,0,RHH,0,Low,Low,high
1,0,0,0,0,0,0.2,2026-06-27,other,824015,7,away,686930,8,22.6,13.1,27.4,47.2,R,Mason Barnett,ATH,2,LAA,1,RHH,2,Low,Low,high
3,2,4,2,4,2,2,2026-07-03,other,824982,45,home,686930,8,40.1,39.3,48.6,65.4,R,Mason Barnett,ATH,11,MIA,0,LHH,0,Low,Low,high
3,0,2,0,2,2,2,2026-07-05,other,824980,32,home,686930,4,40.1,39.3,48.6,65.4,R,Mason Barnett,ATH,8,MIA,0,RHH,0,Low,Low,low
0,0,0,2,0,0,1,2026-07-08,other,824253,26,away,686930,6,43.2,42.5,49.7,62.5,R,Mason Barnett,ATH,5,DET,0,LHH,0,Low,Low,low
3,0,3,1,3,0,1,2026-07-10,other,824575,24,away,686930,7,32.2,45.8,54.2,79.5,R,Mason Barnett,ATH,7,CHW,1,LHH,1,Low,Mid,medium
4,2,2,1,2,0,3.1,2026-07-25,other,823679,54,away,686930,3,39.7,33.8,47.1,67.6,R,Mason Barnett,ATH,15,MIN,0,,1,Low,Low,medium
1,2,0,2,0,0,2,2026-07-21,other,824005,42,away,656240,7,22.6,13.1,27.4,47.2,R,Scott Blewett,ATH,9,LAA,0,RHH,0,Low,Low,medium
2,1,0,0,0,0,2,2026-07-30,other,824974,22,home,656240,6,43,41.3,32.9,16,R,Scott Blewett,ATH,8,BOS,0,RHH,0,Low,Low,medium
4,1,1,0,1,0,1.1,2026-08-01,other,824972,38,home,656240,7,43.2,42.5,49.7,62.5,R,Scott Blewett,ATH,8,DET,1,RHH,1,Low,Low,medium
0,1,0,0,0,0,2,2026-08-05,other,824482,24,away,656240,7,32.7,40.9,35.4,31,R,Scott Blewett,ATH,6,CIN,0,RHH,0,Low,Low,high
3,0,4,2,2,0,1.2,2026-08-07,other,824727,40,away,656240,6,43,41.3,32.9,16,R,Scott Blewett,ATH,11,BOS,0,RHH,0,Low,Low,low
1,0,0,0,0,0,1.2,2026-08-10,other,824969,18,home,656240,8,77.8,34.8,51.2,51,R,Scott Blewett,ATH,6,TBR,2,RHH,2,High,Mid,high
1,0,0,0,0,0,1,2026-08-12,other,824967,13,home,656240,7,77.8,34.8,51.2,51,R,Scott Blewett,ATH,4,TBR,0,LHH,0,High,Mid,medium
4,1,5,2,3,0,1.2,2026-04-13,other,823481,50,home,686751,7,62.9,82.6,69.2,58.4,R,Seth Johnson,ATH,13,CHC,0,RHH,0,Mid,High,medium
0,1,0,0,0,0,1,2026-04-19,other,823475,8,home,686751,9,51.3,55.8,59,68.1,R,Seth Johnson,ATH,3,ATL,0,LHH,0,Mid,Mid,high
1,2,0,1,0,0,1,2026-04-20,other,824692,32,away,686751,8,62.9,82.6,69.2,58.4,R,Seth Johnson,ATH,5,CHC,0,RHH,0,Mid,High,high
0,2,0,0,0,0,1,2026-06-18,other,823448,17,home,686751,6,30.6,40,42.5,53.8,R,Seth Johnson,ATH,3,NYM,0,LHH,0,Low,Low,medium
3,0,2,0,2,1,1,2026-06-22,other,822720,17,away,686751,7,43.7,67,67.7,85.6,R,Seth Johnson,ATH,6,WSN,0,,0,Low,High,high
0,0,0,0,0,0,1,2026-06-24,other,822719,10,away,686751,8,43.7,67,67.7,85.6,R,Seth Johnson,ATH,3,WSN,0,RHH,0,Low,High,high
0,2,0,1,0,0,1,2026-06-27,other,823609,16,away,686751,8,30.6,40,42.5,53.8,R,Seth Johnson,ATH,4,NYM,0,LHH,0,Low,Low,high
0,4,0,1,0,0,1.2,2026-06-29,other,823444,24,home,686751,5,33.5,60.7,62.1,84.2,R,Seth Johnson,ATH,6,PIT,3,LHH,3,Low,Mid,medium
1,1,2,2,2,0,1,2026-07-01,other,823446,27,home,686751,6,33.5,60.7,62.1,84.2,R,Seth Johnson,ATH,6,PIT,0,,1,Low,Mid,medium
0,0,2,2,2,0,0.1,2026-07-05,other,824091,14,away,686751,8,57,42.9,50.8,55.5,R,Seth Johnson,ATH,3,KCR,0,RHH,0,Mid,Mid,high
0,1,0,1,0,0,0.2,2026-07-06,other,824089,15,away,686751,4,57,42.9,50.8,55.5,R,Seth Johnson,ATH,3,KCR,0,RHH,2,Mid,Mid,low
1,2,1,1,1,0,2,2026-07-16,other,823440,27,home,686751,8,30.6,40,42.5,53.8,R,Seth Johnson,ATH,8,NYM,0,LHH,0,Low,Low,high
1,2,0,2,0,0,1.1,2026-07-19,other,823439,31,home,686751,7,30.6,40,42.5,53.8,R,Seth Johnson,ATH,7,NYM,0,LHH,2,Low,Low,high
1,2,0,0,0,0,0.2,2026-07-22,other,823438,7,home,686751,6,68.3,95.7,82.8,78.2,R,Seth Johnson,ATH,3,LAD,0,,0,High,High,medium
2,0,0,0,0,0,0.1,2026-07-25,other,823435,11,home,686751,6,38.8,75.1,66.4,76,R,Seth Johnson,ATH,3,NYY,1,LHH,1,Low,High,medium
1,0,0,1,0,0,0.2,2026-07-29,blown_save,823837,17,away,686751,7,40.1,39.3,48.6,65.4,R,Seth Johnson,ATH,4,MIA,2,,2,Low,Low,high
3,4,1,0,1,1,2,2026-08-06,other,824481,42,away,686751,7,32.7,40.9,35.4,31,R,Seth Johnson,ATH,9,CIN,0,RHH,0,Low,Low,high
1,1,0,1,0,0,0.2,2026-08-08,other,824726,20,away,686751,8,43,41.3,32.9,16,R,Seth Johnson,ATH,4,BOS,0,RHH,0,Low,Low,high
0,0,0,1,0,0,1,2026-08-12,other,824967,16,home,686751,9,77.8,34.8,51.2,51,R,Seth Johnson,ATH,4,TBR,0,LHH,0,High,Mid,high
0,2,0,1,0,0,2,2026-03-28,other,824213,24,away,608718,7,38.5,45.2,48.8,60.3,R,Brent Suter,ATL,6,HOU,0,RHH,2,Low,Low,high
3,4,0,0,0,0,2,2026-04-01,other,824698,44,away,608718,7,62.9,82.6,69.2,58.4,R,Brent Suter,ATL,9,CHC,1,LHH,1,Mid,High,medium
3,0,3,1,2,0,1,2026-04-03,other,824056,26,home,608718,10,43.3,45.2,49.2,57.9,R,Brent Suter,ATL,7,SEA,0,RHH,0,Low,Low,high
1,3,1,1,1,1,2.1,2026-04-05,blown_save,824053,39,home,608718,5,43.3,45.2,49.2,57.9,R,Brent Suter,ATL,8,SEA,2,LHH,2,Low,Low,medium
1,2,0,1,0,0,2,2026-04-08,other,824050,32,home,608718,8,51.3,55.8,59,68.1,R,Brent Suter,ATL,7,ATL,0,,0,Mid,Mid,high
2,2,0,0,0,0,3.2,2026-04-11,other,824535,39,away,608718,3,32.7,40.9,35.4,31,R,Brent Suter,ATL,12,CIN,0,RHH,1,Low,Low,low
0,0,0,1,0,0,1,2026-04-19,other,824047,12,home,608718,9,40.5,52.4,53.2,63.3,R,Brent Suter,ATL,3,SDP,0,RHH,0,Low,Mid,high
0,2,0,0,0,0,1,2026-04-22,other,824044,12,home,608718,8,54.7,7.6,29.4,36.4,R,Brent Suter,ATL,3,TOR,0,RHH,0,Mid,Low,high
2,0,2,1,2,0,1,2026-04-26,hold,824122,29,away,608718,8,57,42.9,50.8,55.5,R,Brent Suter,ATL,6,KCR,0,RHH,1,Mid,Mid,high
1,1,1,0,1,1,1,2026-04-28,other,824610,17,away,608718,6,32.2,45.8,54.2,79.5,R,Brent Suter,ATL,4,CHW,0,RHH,0,Low,Mid,medium
2,1,2,0,2,0,0.2,2026-05-01,hold,824041,17,home,608718,6,30.6,40,42.5,53.8,R,Brent Suter,ATL,4,NYM,1,,1,Low,Low,medium
1,1,0,0,0,0,1,2026-05-04,other,824039,15,home,608718,9,32.2,45.8,54.2,79.5,R,Brent Suter,ATL,4,CHW,0,,0,Low,Mid,high
1,0,1,2,1,0,0.2,2026-05-06,other,824036,20,home,608718,7,32.2,45.8,54.2,79.5,R,Brent Suter,ATL,5,CHW,0,RHH,0,Low,Mid,medium
0,2,0,0,0,0,1,2026-05-08,other,822822,16,away,608718,6,54.7,7.6,29.4,36.4,R,Brent Suter,ATL,3,TOR,0,RHH,0,Mid,Low,medium
0,0,0,0,0,0,1,2026-05-15,other,824037,8,home,608718,9,68.3,95.7,82.8,78.2,R,Brent Suter,ATL,3,LAD,0,LHH,0,High,High,high
2,1,1,0,1,0,1,2026-05-19,other,824033,20,home,608718,9,42.3,37.3,48.1,64.7,R,Brent Suter,ATL,5,ATH,0,RHH,0,Low,Low,high
1,0,1,1,1,0,1,2026-05-22,hold,824029,19,home,608718,6,36.6,27.1,36.4,46.9,R,Brent Suter,ATL,4,TEX,0,LHH,1,Low,Low,medium
3,2,1,0,0,0,3,2026-05-27,other,824270,40,away,608718,6,43.2,42.5,49.7,62.5,R,Brent Suter,ATL,12,DET,0,RHH,0,Low,Low,medium
3,2,3,0,3,0,1.2,2026-05-29,other,822978,25,away,608718,7,77.8,34.8,51.2,51,R,Brent Suter,ATL,8,TBR,1,LHH,1,High,Mid,high
0,0,0,0,0,0,1,2026-05-31,other,822976,8,away,608718,8,77.8,34.8,51.2,51,R,Brent Suter,ATL,3,TBR,0,LHH,0,High,Mid,high
0,0,0,0,0,0,0.1,2026-06-01,other,824027,3,home,608718,8,34.5,31.8,26.1,13.5,R,Brent Suter,ATL,1,COL,0,RHH,1,Low,Low,high
2,2,2,0,1,1,2.2,2026-06-06,other,823942,55,away,608718,1,68.3,95.7,82.8,78.2,R,Brent Suter,ATL,12,LAD,3,,3,High,High,low
2,3,1,1,1,0,2,2026-06-09,other,824023,35,home,608718,6,38.5,45.2,48.8,60.3,R,Brent Suter,ATL,9,HOU,0,RHH,0,Low,Low,low
2,0,0,0,0,0,1,2026-06-13,other,824019,16,home,608718,8,77.8,34.8,51.2,51,R,Brent Suter,ATL,5,TBR,0,LHH,0,High,Mid,high
1,0,0,0,0,0,2,2026-06-14,other,824021,19,home,608718,6,77.8,34.8,51.2,51,R,Brent Suter,ATL,6,TBR,0,LHH,0,High,Mid,medium
0,2,0,0,0,0,2,2026-06-18,other,824989,28,away,608718,6,42.3,37.3,48.1,64.7,R,Brent Suter,ATL,6,ATH,0,RHH,0,Low,Low,low
1,0,2,0,1,1,1,2026-06-21,other,824987,20,away,608718,7,42.3,37.3,48.1,64.7,R,Brent Suter,ATL,5,ATH,0,RHH,0,Low,Low,high
3,3,1,0,1,0,2,2026-06-22,other,824016,35,home,608718,7,31.6,69.3,61.4,73.6,R,Brent Suter,ATL,8,BAL,0,RHH,0,Low,Mid,medium
4,2,2,0,1,0,2.1,2026-06-26,other,824014,52,home,608718,5,42.3,37.3,48.1,64.7,R,Brent Suter,ATL,11,ATH,0,,1,Low,Low,low
4,3,3,1,3,0,1,2026-06-30,other,823122,37,away,608718,7,43.3,45.2,49.2,57.9,R,Brent Suter,ATL,8,SEA,0,RHH,0,Low,Low,high
3,0,1,0,1,0,2,2026-07-04,other,824012,37,home,608718,8,43,41.3,32.9,16,R,Brent Suter,ATL,9,BOS,0,RHH,0,Low,Low,high
1,1,0,0,0,0,0.1,2026-07-07,other,822881,9,away,608718,8,36.6,27.1,36.4,46.9,R,Brent Suter,ATL,2,TEX,0,,1,Low,Low,high
2,2,1,0,1,0,1,2026-07-09,other,822877,24,away,608718,6,36.6,27.1,36.4,46.9,R,Brent Suter,ATL,6,TEX,0,RHH,0,Low,Low,low
2,2,1,0,1,1,3,2026-07-18,other,824008,39,home,608718,5,43.2,42.5,49.7,62.5,R,Brent Suter,ATL,10,DET,0,,0,Low,Low,low
1,1,0,0,0,0,1,2026-07-24,other,823196,22,away,608718,5,35.1,17.2,38.2,64.4,R,Brent Suter,ATL,4,SFG,0,LHH,0,Low,Low,medium
2,4,1,0,1,1,2.2,2026-07-25,other,823197,44,away,608718,4,35.1,17.2,38.2,64.4,R,Brent Suter,ATL,10,SFG,2,LHH,2,Low,Low,low
0,0,0,0,0,0,0.1,2026-07-28,other,824003,2,home,608718,6,38.5,45.2,48.8,60.3,R,Brent Suter,ATL,1,HOU,0,LHH,2,Low,Low,high
2,1,1,0,0,0,2,2026-07-29,other,824002,35,home,608718,8,38.5,45.2,48.8,60.3,R,Brent Suter,ATL,9,HOU,0,LHH,0,Low,Low,high
4,1,1,1,1,0,2,2026-08-06,other,824885,36,home,608718,8,40.1,39.3,48.6,65.4,R,Brent Suter,ATL,10,MIA,0,RHH,0,Low,Low,high
1,3,0,1,0,0,3,2026-08-10,other,824887,48,home,608718,6,30.6,40,42.5,53.8,R,Brent Suter,ATL,10,NYM,0,,0,Low,Low,medium
0,0,0,1,0,0,0.2,2026-07-03,hold,824904,12,home,664849,7,30.6,40,42.5,53.8,R,Danny Young,ATL,3,NYM,0,RHH,0,Low,Low,high
1,2,0,0,0,0,1,2026-07-05,other,824902,18,home,664849,6,30.6,40,42.5,53.8,R,Danny Young,ATL,4,NYM,0,,0,Low,Low,medium
0,0,0,0,0,0,0.2,2026-07-09,hold,823359,2,away,664849,7,33.5,60.7,62.1,84.2,R,Danny Young,ATL,1,PIT,0,LHH,1,Low,Mid,high
1,1,1,0,1,1,1,2026-07-10,other,823033,14,away,664849,8,41,40.4,42.1,44.7,R,Danny Young,ATL,4,STL,0,,0,Low,Low,high
1,0,0,1,0,0,1,2026-07-18,other,824899,19,home,664849,7,36.6,27.1,36.4,46.9,R,Danny Young,ATL,5,TEX,0,RHH,0,Low,Low,high
1,0,0,0,0,0,0.2,2026-07-20,hold,824898,13,home,664849,7,40.5,52.4,53.2,63.3,R,Danny Young,ATL,3,SDP,0,RHH,0,Low,Mid,high
0,0,0,0,0,0,0.1,2026-07-23,hold,824893,4,home,664849,8,40.5,52.4,53.2,63.3,R,Danny Young,ATL,1,SDP,0,LHH,0,Low,Mid,high
0,2,0,2,0,0,0.2,2026-07-24,other,824812,22,away,664849,6,31.6,69.3,61.4,73.6,R,Danny Young,ATL,4,BAL,0,,0,Low,Mid,medium
0,0,0,2,0,0,0.2,2026-07-26,other,824810,9,away,664849,10,31.6,69.3,61.4,73.6,R,Danny Young,ATL,3,BAL,0,LHH,0,Low,Mid,high
0,1,0,0,0,0,0.1,2026-07-29,other,823596,4,away,664849,7,30.6,40,42.5,53.8,R,Danny Young,ATL,1,NYM,0,RHH,3,Low,Low,high
1,1,0,0,0,0,1,2026-07-30,other,824894,17,home,664849,5,43.7,67,67.7,85.6,R,Danny Young,ATL,4,WSN,0,LHH,2,Low,High,medium
2,0,3,1,3,0,1,2026-08-01,other,824890,20,home,664849,8,43.7,67,67.7,85.6,R,Danny Young,ATL,7,WSN,0,RHH,0,Low,High,high
3,1,2,1,2,0,0.2,2026-08-06,other,824885,26,home,664849,7,40.1,39.3,48.6,65.4,R,Danny Young,ATL,7,MIA,0,RHH,0,Low,Low,medium
2,3,1,1,1,1,1,2026-08-08,other,823514,28,away,664849,8,38.8,75.1,66.4,76,R,Danny Young,ATL,6,NYY,0,LHH,0,Low,High,high
2,4,1,1,1,0,4,2026-03-29,other,824944,56,home,800311,6,57,42.9,50.8,55.5,R,Didier Fuentes,ATL,15,KCR,0,LHH,0,Mid,Mid,medium
0,1,0,1,0,0,2,2026-04-28,hold,824931,22,home,800311,6,43.2,42.5,49.7,62.5,R,Didier Fuentes,ATL,7,DET,0,RHH,0,Low,Low,medium
0,0,0,0,0,0,1,2026-05-01,other,824366,15,away,800311,8,34.5,31.8,26.1,13.5,R,Didier Fuentes,ATL,3,COL,0,LHH,0,Low,Low,high
0,0,0,0,0,0,0.2,2026-05-03,hold,824364,8,away,800311,5,34.5,31.8,26.1,13.5,R,Didier Fuentes,ATL,2,COL,1,,2,Low,Low,medium
2,4,1,1,1,0,2,2026-05-06,other,823141,47,away,800311,7,43.3,45.2,49.2,57.9,R,Didier Fuentes,ATL,9,SEA,0,LHH,0,Low,Low,high
0,3,0,1,0,0,3,2026-05-12,other,824927,36,home,800311,5,62.9,82.6,69.2,58.4,R,Didier Fuentes,ATL,10,CHC,0,,0,Mid,High,medium
0,1,0,0,0,0,1,2026-05-15,other,824925,10,home,800311,10,43,41.3,32.9,16,R,Didier Fuentes,ATL,4,BOS,0,,0,Low,Low,high
0,2,0,1,0,0,1,2026-05-18,other,823867,23,away,800311,6,40.1,39.3,48.6,65.4,R,Didier Fuentes,ATL,4,MIA,0,,0,Low,Low,low
0,0,0,1,0,0,0.2,2026-05-19,other,823865,17,away,800311,6,40.1,39.3,48.6,65.4,R,Didier Fuentes,ATL,3,MIA,0,RHH,0,Low,Low,medium
2,1,0,0,0,0,1,2026-05-22,other,824922,27,home,800311,7,43.7,67,67.7,85.6,R,Didier Fuentes,ATL,5,WSN,0,LHH,0,Low,High,high
0,1,0,0,0,0,0.1,2026-05-24,other,824921,5,home,800311,6,43.7,67,67.7,85.6,R,Didier Fuentes,ATL,1,WSN,0,RHH,1,Low,High,medium
1,0,0,1,0,0,0.2,2026-05-26,hold,824758,15,away,800311,6,43,41.3,32.9,16,R,Didier Fuentes,ATL,3,BOS,1,LHH,1,Low,Low,medium
1,1,0,0,0,0,1.1,2026-05-29,other,824515,28,away,800311,5,32.7,40.9,35.4,31,R,Didier Fuentes,ATL,5,CIN,1,RHH,2,Low,Low,medium
1,2,1,1,1,0,1,2026-05-31,other,824512,26,away,800311,6,32.7,40.9,35.4,31,R,Didier Fuentes,ATL,5,CIN,0,RHH,0,Low,Low,medium
1,1,0,0,0,0,1.1,2026-06-04,other,824919,18,home,800311,6,54.7,7.6,29.4,36.4,R,Didier Fuentes,ATL,5,TOR,0,RHH,2,Mid,Low,high
0,0,0,0,0,0,1,2026-06-05,hold,824914,9,home,800311,6,33.5,60.7,62.1,84.2,R,Didier Fuentes,ATL,3,PIT,0,LHH,0,Low,Mid,medium
2,2,0,0,0,0,1,2026-06-07,save,824916,20,home,800311,9,33.5,60.7,62.1,84.2,R,Didier Fuentes,ATL,5,PIT,0,LHH,0,Low,Mid,high
1,0,0,0,0,0,1,2026-06-10,other,824590,13,away,800311,6,32.2,45.8,54.2,79.5,R,Didier Fuentes,ATL,3,CHW,0,RHH,1,Low,Mid,medium
0,3,0,0,0,0,1,2026-06-13,hold,823616,13,away,800311,7,30.6,40,42.5,53.8,R,Didier Fuentes,ATL,3,NYM,0,LHH,0,Low,Low,high
2,1,1,0,1,0,1.1,2026-06-20,other,824909,28,home,800311,6,67.4,75.3,66.3,55.3,R,Didier Fuentes,ATL,6,MIL,0,LHH,2,High,High,high
0,1,0,0,0,0,0.1,2026-06-22,other,823288,4,away,800311,5,40.5,52.4,53.2,63.3,R,Didier Fuentes,ATL,1,SDP,0,LHH,2,Low,Mid,medium
0,0,0,1,0,0,1,2026-06-24,other,823284,15,away,800311,7,40.5,52.4,53.2,63.3,R,Didier Fuentes,ATL,4,SDP,0,RHH,0,Low,Mid,medium
0,1,0,0,0,0,0.1,2026-06-26,hold,823206,3,away,800311,8,35.1,17.2,38.2,64.4,R,Didier Fuentes,ATL,1,SFG,0,RHH,1,Low,Low,high
2,0,1,1,1,0,0.1,2026-06-28,other,823204,16,away,800311,7,35.1,17.2,38.2,64.4,R,Didier Fuentes,ATL,4,SFG,0,,0,Low,Low,high
0,1,0,0,0,0,1,2026-07-01,hold,824905,10,home,800311,7,41,40.4,42.1,44.7,R,Didier Fuentes,ATL,3,STL,0,RHH,0,Low,Low,high
1,1,0,0,0,0,1.1,2026-07-03,hold,824904,23,home,800311,7,30.6,40,42.5,53.8,R,Didier Fuentes,ATL,5,NYM,0,RHH,1,Low,Low,high
4,1,1,0,1,0,1,2026-07-06,hold,824900,23,home,800311,6,30.6,40,42.5,53.8,R,Didier Fuentes,ATL,6,NYM,0,LHH,0,Low,Low,medium
1,2,0,0,0,0,1,2026-07-08,other,823360,19,away,800311,6,33.5,60.7,62.1,84.2,R,Didier Fuentes,ATL,4,PIT,0,,0,Low,Mid,medium
2,1,1,1,1,0,1,2026-07-10,blown_save,823033,29,away,800311,6,41,40.4,42.1,44.7,R,Didier Fuentes,ATL,6,STL,0,LHH,0,Low,Low,medium
1,2,0,0,0,0,0.2,2026-07-12,blown_save,823029,12,away,800311,6,41,40.4,42.1,44.7,R,Didier Fuentes,ATL,3,STL,2,LHH,3,Low,Low,high
0,2,0,0,0,0,1,2026-07-18,other,824899,15,home,800311,8,36.6,27.1,36.4,46.9,R,Didier Fuentes,ATL,4,TEX,0,RHH,0,Low,Low,high
0,0,0,0,0,0,1.1,2026-07-19,hold,824897,12,home,800311,6,36.6,27.1,36.4,46.9,R,Didier Fuentes,ATL,4,TEX,0,RHH,2,Low,Low,high
3,2,1,1,1,1,2,2026-07-22,blown_save,824896,37,home,800311,6,40.5,52.4,53.2,63.3,R,Didier Fuentes,ATL,10,SDP,0,RHH,0,Low,Mid,medium
2,3,1,0,1,0,1.2,2026-07-25,other,824811,32,away,800311,8,31.6,69.3,61.4,73.6,R,Didier Fuentes,ATL,7,BAL,0,RHH,0,Low,Mid,high
0,1,0,1,0,0,0.2,2026-07-29,other,823596,10,away,800311,5,30.6,40,42.5,53.8,R,Didier Fuentes,ATL,3,NYM,0,LHH,1,Low,Low,medium
0,3,0,1,0,0,1,2026-07-29,hold,823598,17,away,800311,7,30.6,40,42.5,53.8,R,Didier Fuentes,ATL,4,NYM,0,RHH,0,Low,Low,high
0,4,0,0,0,0,2,2026-08-02,hold,824891,22,home,800311,6,43.7,67,67.7,85.6,R,Didier Fuentes,ATL,6,WSN,0,LHH,0,Low,High,medium
0,2,0,0,0,0,1.1,2026-08-05,save,824889,19,home,800311,8,40.1,39.3,48.6,65.4,R,Didier Fuentes,ATL,4,MIA,0,RHH,2,Low,Low,high
1,1,0,0,0,0,1,2026-08-07,other,823515,13,away,800311,7,38.8,75.1,66.4,76,R,Didier Fuentes,ATL,4,NYY,0,LHH,0,Low,High,high
1,3,1,0,1,1,1.1,2026-08-09,blown_save,823513,19,away,800311,7,38.8,75.1,66.4,76,R,Didier Fuentes,ATL,5,NYY,0,RHH,1,Low,High,high
0,1,0,0,0,0,1,2026-08-11,hold,824886,7,home,800311,7,30.6,40,42.5,53.8,R,Didier Fuentes,ATL,3,NYM,0,RHH,0,Low,Low,high
1,2,0,0,0,0,3,2026-04-12,save,824938,33,home,689266,7,50,36.8,42.8,44.4,R,Dylan Dodd,ATL,10,CLE,0,RHH,0,Mid,Low,medium
2,2,1,1,1,0,1,2026-04-21,other,822747,17,away,689266,5,43.7,67,67.7,85.6,R,Dylan Dodd,ATL,6,WSN,0,RHH,0,Low,High,medium
1,2,0,0,0,0,1,2026-05-21,other,823864,13,away,689266,9,40.1,39.3,48.6,65.4,R,Dylan Dodd,ATL,4,MIA,0,,0,Low,Low,high
1,3,0,0,0,0,3,2026-05-23,other,824920,30,home,689266,6,43.7,67,67.7,85.6,R,Dylan Dodd,ATL,10,WSN,0,RHH,0,Low,High,medium
1,0,0,0,0,0,0.2,2026-05-27,other,824756,21,away,689266,4,43,41.3,32.9,16,R,Dylan Dodd,ATL,3,BOS,2,LHH,2,Low,Low,low
0,2,0,0,0,0,1,2026-05-28,other,824757,18,away,689266,9,43,41.3,32.9,16,R,Dylan Dodd,ATL,3,BOS,0,RHH,0,Low,Low,high
1,1,1,0,1,1,1,2026-05-31,other,824512,14,away,689266,7,32.7,40.9,35.4,31,R,Dylan Dodd,ATL,4,CIN,0,,0,Low,Low,high
0,1,0,0,0,0,1,2026-06-04,other,824919,15,home,689266,8,54.7,7.6,29.4,36.4,R,Dylan Dodd,ATL,3,TOR,0,RHH,0,Mid,Low,high
0,3,0,1,0,0,1,2026-06-06,hold,824915,20,home,689266,6,33.5,60.7,62.1,84.2,R,Dylan Dodd,ATL,4,PIT,0,,0,Low,Mid,medium
0,1,0,2,0,0,1.2,2026-06-09,other,824591,31,away,689266,4,32.2,45.8,54.2,79.5,R,Dylan Dodd,ATL,7,CHW,0,LHH,3,Low,Mid,medium
0,1,0,2,0,0,1,2026-06-14,other,823615,16,away,689266,5,30.6,40,42.5,53.8,R,Dylan Dodd,ATL,4,NYM,0,LHH,0,Low,Low,low
2,1,2,0,2,2,2,2026-06-16,other,824912,27,home,689266,4,35.1,17.2,38.2,64.4,R,Dylan Dodd,ATL,8,SFG,0,LHH,0,Low,Low,medium
1,3,0,1,0,0,1.1,2026-06-22,other,823288,39,away,689266,7,40.5,52.4,53.2,63.3,R,Dylan Dodd,ATL,6,SDP,0,LHH,0,Low,Mid,high
1,0,2,1,2,0,0.1,2026-06-24,other,823284,11,away,689266,6,40.5,52.4,53.2,63.3,R,Dylan Dodd,ATL,3,SDP,0,RHH,0,Low,Mid,medium
0,0,0,0,0,0,1,2026-06-26,other,823206,10,away,689266,4,35.1,17.2,38.2,64.4,R,Dylan Dodd,ATL,3,SFG,0,LHH,0,Low,Low,medium
0,2,0,0,0,0,1,2026-06-30,other,824907,15,home,689266,7,41,40.4,42.1,44.7,R,Dylan Dodd,ATL,3,STL,0,RHH,0,Low,Low,medium
0,1,0,0,0,0,1,2026-07-01,hold,824905,14,home,689266,6,41,40.4,42.1,44.7,R,Dylan Dodd,ATL,3,STL,0,LHH,0,Low,Low,medium
1,1,0,0,0,0,1,2026-07-03,hold,824904,18,home,689266,6,30.6,40,42.5,53.8,R,Dylan Dodd,ATL,4,NYM,0,LHH,0,Low,Low,medium
0,1,0,0,0,0,1,2026-07-05,other,824902,16,home,689266,7,30.6,40,42.5,53.8,R,Dylan Dodd,ATL,3,NYM,0,LHH,0,Low,Low,high
0,0,0,0,0,0,1,2026-07-08,other,823360,8,away,689266,7,33.5,60.7,62.1,84.2,R,Dylan Dodd,ATL,3,PIT,0,RHH,0,Low,Mid,high
0,0,0,0,0,0,1,2026-07-09,other,823359,15,away,689266,5,33.5,60.7,62.1,84.2,R,Dylan Dodd,ATL,3,PIT,0,RHH,0,Low,Mid,medium
1,0,1,1,1,0,0.1,2026-07-12,hold,823029,11,away,689266,6,41,40.4,42.1,44.7,R,Dylan Dodd,ATL,3,STL,0,LHH,1,Low,Low,medium
0,2,0,0,0,0,1.1,2026-07-18,other,824899,19,home,689266,3,36.6,27.1,36.4,46.9,R,Dylan Dodd,ATL,4,TEX,0,LHH,3,Low,Low,medium
2,2,0,0,0,0,0.2,2026-07-19,hold,824897,17,home,689266,6,36.6,27.1,36.4,46.9,R,Dylan Dodd,ATL,4,TEX,0,,0,Low,Low,medium
0,2,0,0,0,0,1,2026-07-22,other,824896,11,home,689266,5,40.5,52.4,53.2,63.3,R,Dylan Dodd,ATL,3,SDP,0,RHH,0,Low,Mid,medium
0,1,0,0,0,0,1,2026-07-23,hold,824893,15,home,689266,7,40.5,52.4,53.2,63.3,R,Dylan Dodd,ATL,3,SDP,0,RHH,0,Low,Mid,high
0,0,0,0,0,0,1.1,2026-07-26,hold,824810,11,away,689266,6,31.6,69.3,61.4,73.6,R,Dylan Dodd,ATL,4,BAL,0,RHH,1,Low,Mid,medium
1,2,1,2,1,0,1,2026-07-29,other,823596,35,away,689266,6,30.6,40,42.5,53.8,R,Dylan Dodd,ATL,7,NYM,0,RHH,1,Low,Low,medium
0,1,0,0,0,0,1,2026-08-02,other,824891,16,home,689266,5,43.7,67,67.7,85.6,R,Dylan Dodd,ATL,3,WSN,0,RHH,0,Low,High,medium
0,0,0,0,0,0,1,2026-08-04,hold,824888,6,home,689266,7,40.1,39.3,48.6,65.4,R,Dylan Dodd,ATL,2,MIA,0,,1,Low,Low,high
2,1,0,0,0,0,0.2,2026-08-05,hold,824889,13,home,689266,8,40.1,39.3,48.6,65.4,R,Dylan Dodd,ATL,4,MIA,0,RHH,0,Low,Low,high
0,0,0,0,0,0,0.1,2026-08-07,other,823515,6,away,689266,9,38.8,75.1,66.4,76,R,Dylan Dodd,ATL,1,NYY,0,LHH,3,Low,High,high
0,1,0,1,0,0,0.2,2026-08-09,hold,823513,11,away,689266,7,38.8,75.1,66.4,76,R,Dylan Dodd,ATL,3,NYY,0,LHH,0,Low,High,high
1,1,1,0,1,1,1,2026-08-12,hold,824883,21,home,689266,7,30.6,40,42.5,53.8,R,Dylan Dodd,ATL,4,NYM,0,,0,Low,Low,high
0,0,0,0,0,0,1,2026-03-27,other,824946,9,home,669276,7,57,42.9,50.8,55.5,R,Dylan Lee,ATL,3,KCR,0,RHH,0,Mid,Mid,medium
1,2,0,0,0,0,1,2026-03-28,other,824945,18,home,669276,7,57,42.9,50.8,55.5,R,Dylan Lee,ATL,4,KCR,0,,0,Mid,Mid,high
1,1,0,0,0,0,1,2026-04-01,other,824940,15,home,669276,8,42.3,37.3,48.1,64.7,R,Dylan Lee,ATL,4,ATH,0,RHH,0,Low,Low,high
1,1,0,0,0,0,1,2026-04-03,other,825103,11,away,669276,7,58.2,31.7,40.5,37.8,R,Dylan Lee,ATL,4,ARI,0,RHH,0,Mid,Low,high
2,0,1,0,1,0,1,2026-04-05,other,825102,18,away,669276,7,58.2,31.7,40.5,37.8,R,Dylan Lee,ATL,5,ARI,0,RHH,0,Mid,Low,high
0,0,0,0,0,0,0.2,2026-04-07,hold,824051,9,away,669276,6,22.6,13.1,27.4,47.2,R,Dylan Lee,ATL,2,LAA,0,,1,Low,Low,medium
0,1,0,0,0,0,1,2026-04-10,other,824941,7,home,669276,7,50,36.8,42.8,44.4,R,Dylan Lee,ATL,3,CLE,0,RHH,0,Mid,Low,medium
0,2,0,0,0,0,1,2026-04-14,other,824935,11,home,669276,6,40.1,39.3,48.6,65.4,R,Dylan Lee,ATL,3,MIA,0,LHH,0,Low,Low,medium
0,1,0,1,0,0,0.1,2026-04-15,hold,824936,12,home,669276,6,40.1,39.3,48.6,65.4,R,Dylan Lee,ATL,2,MIA,0,RHH,1,Low,Low,medium
0,1,0,0,0,0,1,2026-04-18,hold,823474,15,away,669276,8,32.1,30.7,33.4,37.3,R,Dylan Lee,ATL,3,PHI,0,RHH,0,Low,Low,high
0,0,0,1,0,0,1,2026-04-19,hold,823475,16,away,669276,7,32.1,30.7,33.4,37.3,R,Dylan Lee,ATL,4,PHI,0,LHH,0,Low,Low,high
0,0,0,0,0,0,1,2026-04-22,other,822748,13,away,669276,7,43.7,67,67.7,85.6,R,Dylan Lee,ATL,3,WSN,0,LHH,0,Low,High,high
0,2,0,0,0,0,1,2026-04-23,other,822745,13,away,669276,8,43.7,67,67.7,85.6,R,Dylan Lee,ATL,3,WSN,0,RHH,0,Low,High,high
1,2,1,0,1,0,1,2026-04-25,blown_save,824933,16,home,669276,8,32.1,30.7,33.4,37.3,R,Dylan Lee,ATL,4,PHI,0,LHH,0,Low,Low,high
0,4,0,0,0,0,1.2,2026-04-29,other,824930,28,home,669276,6,43.2,42.5,49.7,62.5,R,Dylan Lee,ATL,5,DET,0,RHH,1,Low,Low,medium
0,1,0,0,0,0,1,2026-05-02,other,824365,14,away,669276,8,34.5,31.8,26.1,13.5,R,Dylan Lee,ATL,3,COL,0,RHH,0,Low,Low,high
0,2,0,0,0,0,1,2026-05-03,hold,824364,9,away,669276,6,34.5,31.8,26.1,13.5,R,Dylan Lee,ATL,3,COL,0,LHH,0,Low,Low,medium
0,3,0,0,0,0,1,2026-05-05,other,823142,16,away,669276,7,43.3,45.2,49.2,57.9,R,Dylan Lee,ATL,3,SEA,0,RHH,0,Low,Low,high
1,0,0,0,0,0,1,2026-05-09,other,823955,18,away,669276,7,68.3,95.7,82.8,78.2,R,Dylan Lee,ATL,4,LAD,0,RHH,0,High,High,medium
0,0,0,0,0,0,1,2026-05-12,hold,824927,12,home,669276,8,62.9,82.6,69.2,58.4,R,Dylan Lee,ATL,3,CHC,0,RHH,0,Mid,High,high
0,2,0,0,0,0,1,2026-05-13,other,824928,10,home,669276,7,62.9,82.6,69.2,58.4,R,Dylan Lee,ATL,3,CHC,0,RHH,0,Mid,High,high
1,1,0,0,0,0,0.2,2026-05-15,hold,824925,10,home,669276,6,43,41.3,32.9,16,R,Dylan Lee,ATL,3,BOS,1,LHH,1,Low,Low,medium
2,2,0,0,0,0,1.1,2026-05-19,other,823865,25,away,669276,6,40.1,39.3,48.6,65.4,R,Dylan Lee,ATL,6,MIA,0,LHH,1,Low,Low,medium
1,1,0,0,0,0,0.2,2026-05-21,hold,823864,7,away,669276,7,40.1,39.3,48.6,65.4,R,Dylan Lee,ATL,3,MIA,0,RHH,1,Low,Low,medium
1,0,2,1,1,0,1,2026-05-22,other,824922,21,home,669276,10,43.7,67,67.7,85.6,R,Dylan Lee,ATL,5,WSN,0,RHH,0,Low,High,high
1,1,1,0,1,1,1.1,2026-05-26,hold,824758,22,away,669276,6,43,41.3,32.9,16,R,Dylan Lee,ATL,5,BOS,0,RHH,1,Low,Low,medium
0,3,0,0,0,0,1,2026-05-29,other,824515,15,away,669276,7,32.7,40.9,35.4,31,R,Dylan Lee,ATL,3,CIN,0,RHH,0,Low,Low,medium
1,1,0,0,0,0,1,2026-05-30,hold,824513,20,away,669276,7,32.7,40.9,35.4,31,R,Dylan Lee,ATL,4,CIN,0,,0,Low,Low,high
0,1,0,1,0,0,1,2026-06-03,hold,824917,11,home,669276,7,54.7,7.6,29.4,36.4,R,Dylan Lee,ATL,4,TOR,0,,0,Mid,Low,high
0,1,0,0,0,0,1,2026-06-05,hold,824914,12,home,669276,7,33.5,60.7,62.1,84.2,R,Dylan Lee,ATL,3,PIT,0,RHH,0,Low,Mid,medium
0,2,0,1,0,0,1,2026-06-06,hold,824915,20,home,669276,7,33.5,60.7,62.1,84.2,R,Dylan Lee,ATL,4,PIT,0,LHH,0,Low,Mid,medium
0,1,0,0,0,0,0.1,2026-06-10,other,824590,3,away,669276,7,32.2,45.8,54.2,79.5,R,Dylan Lee,ATL,1,CHW,0,LHH,1,Low,Mid,high
1,1,0,0,0,0,0.2,2026-06-13,hold,823616,7,away,669276,6,30.6,40,42.5,53.8,R,Dylan Lee,ATL,3,NYM,1,RHH,1,Low,Low,medium
1,1,0,0,0,0,0.2,2026-06-19,hold,824910,17,home,669276,7,67.4,75.3,66.3,55.3,R,Dylan Lee,ATL,3,MIL,0,RHH,0,High,High,high
1,1,0,0,0,0,1,2026-06-20,other,824909,11,home,669276,9,67.4,75.3,66.3,55.3,R,Dylan Lee,ATL,4,MIL,0,,0,High,High,high
0,0,0,0,0,0,1.1,2026-06-23,other,823286,17,away,669276,7,40.5,52.4,53.2,63.3,R,Dylan Lee,ATL,4,SDP,0,RHH,1,Low,Mid,high
1,0,0,0,0,0,1.2,2026-06-26,other,823206,13,away,669276,7,35.1,17.2,38.2,64.4,R,Dylan Lee,ATL,6,SFG,0,LHH,2,Low,Low,high
0,2,0,0,0,0,0.2,2026-06-28,other,823204,7,away,669276,7,35.1,17.2,38.2,64.4,R,Dylan Lee,ATL,2,SFG,0,,2,Low,Low,high
0,2,0,0,0,0,1,2026-07-01,hold,824905,15,home,669276,8,41,40.4,42.1,44.7,R,Dylan Lee,ATL,3,STL,0,RHH,0,Low,Low,high
3,0,3,0,3,0,0.1,2026-07-02,other,824906,20,home,669276,7,41,40.4,42.1,44.7,R,Dylan Lee,ATL,4,STL,1,,1,Low,Low,high
0,3,0,0,0,0,1,2026-07-04,hold,824903,11,home,669276,6,30.6,40,42.5,53.8,R,Dylan Lee,ATL,3,NYM,0,LHH,2,Low,Low,high
0,0,0,2,0,0,1,2026-07-06,hold,824900,19,home,669276,7,30.6,40,42.5,53.8,R,Dylan Lee,ATL,4,NYM,0,,0,Low,Low,high
0,2,0,0,0,0,1,2026-07-08,hold,823360,10,away,669276,8,33.5,60.7,62.1,84.2,R,Dylan Lee,ATL,3,PIT,0,RHH,0,Low,Mid,high
0,2,0,0,0,0,1.2,2026-07-12,other,823029,23,away,669276,7,41,40.4,42.1,44.7,R,Dylan Lee,ATL,5,STL,0,RHH,0,Low,Low,high
3,1,1,0,1,0,0.2,2026-07-18,other,824899,18,home,669276,6,36.6,27.1,36.4,46.9,R,Dylan Lee,ATL,5,TEX,1,RHH,1,Low,Low,medium
1,2,1,1,1,0,1,2026-07-19,other,824897,27,home,669276,8,36.6,27.1,36.4,46.9,R,Dylan Lee,ATL,5,TEX,0,RHH,0,Low,Low,high
0,1,0,0,0,0,1,2026-07-22,other,824896,14,home,669276,8,40.5,52.4,53.2,63.3,R,Dylan Lee,ATL,3,SDP,0,RHH,0,Low,Mid,high
2,2,3,0,2,1,1,2026-07-24,other,824812,20,away,669276,10,31.6,69.3,61.4,73.6,R,Dylan Lee,ATL,5,BAL,0,RHH,0,Low,Mid,high
1,1,1,0,1,1,1,2026-07-26,hold,824810,18,away,669276,8,31.6,69.3,61.4,73.6,R,Dylan Lee,ATL,4,BAL,0,,0,Low,Mid,high
0,0,0,0,0,0,1,2026-07-29,hold,823598,8,away,669276,8,30.6,40,42.5,53.8,R,Dylan Lee,ATL,3,NYM,0,RHH,0,Low,Low,high
0,1,0,0,0,0,1.1,2026-07-30,hold,824894,20,home,669276,7,43.7,67,67.7,85.6,R,Dylan Lee,ATL,4,WSN,0,LHH,1,Low,High,high
0,1,0,1,0,0,1,2026-08-02,hold,824891,12,home,669276,8,43.7,67,67.7,85.6,R,Dylan Lee,ATL,3,WSN,0,RHH,0,Low,High,high
0,2,0,1,0,0,1,2026-08-04,hold,824888,23,home,669276,8,40.1,39.3,48.6,65.4,R,Dylan Lee,ATL,4,MIA,0,,0,Low,Low,high
0,0,0,0,0,0,0.1,2026-08-06,hold,824885,2,home,669276,7,40.1,39.3,48.6,65.4,R,Dylan Lee,ATL,1,MIA,0,RHH,3,Low,Low,high
0,2,0,2,0,0,1,2026-08-07,hold,823515,30,away,669276,8,38.8,75.1,66.4,76,R,Dylan Lee,ATL,5,NYY,0,RHH,0,Low,High,high
0,1,0,0,0,0,1,2026-08-11,hold,824886,12,home,669276,8,30.6,40,42.5,53.8,R,Dylan Lee,ATL,3,NYM,0,RHH,0,Low,Low,high
0,1,0,1,0,0,1,2026-08-12,other,824883,18,home,669276,8,30.6,40,42.5,53.8,R,Dylan Lee,ATL,4,NYM,0,RHH,0,Low,Low,high
1,4,0,0,0,0,4,2026-06-27,other,823207,47,away,656550,5,35.1,17.2,38.2,64.4,R,Grant Holmes,ATL,13,SFG,0,LHH,0,Low,Low,low
2,3,0,0,0,0,4.1,2026-03-31,other,824942,47,home,527048,5,42.3,37.3,48.1,64.7,R,Martín Pérez,ATL,14,ATH,0,LHH,0,Low,Low,low
3,4,2,0,2,2,3,2026-04-22,other,822748,52,away,527048,4,43.7,67,67.7,85.6,R,Martín Pérez,ATL,12,WSN,0,RHH,0,Low,High,low
0,2,0,0,0,0,1,2026-05-13,other,824928,12,home,527048,6,62.9,82.6,69.2,58.4,R,Martín Pérez,ATL,3,CHC,0,RHH,0,Mid,High,medium
0,2,0,0,0,0,1,2026-05-16,other,824924,14,home,527048,9,43,41.3,32.9,16,R,Martín Pérez,ATL,3,BOS,0,RHH,0,Low,Low,high
0,0,0,0,0,0,1,2026-03-30,other,824943,8,home,628452,9,42.3,37.3,48.1,64.7,R,Raisel Iglesias,ATL,3,ATH,0,RHH,0,Low,Low,high
1,1,0,0,0,0,1,2026-04-01,other,824940,17,home,628452,9,42.3,37.3,48.1,64.7,R,Raisel Iglesias,ATL,4,ATH,0,,0,Low,Low,high
0,0,0,0,0,0,1,2026-04-03,save,825103,16,away,628452,9,58.2,31.7,40.5,37.8,R,Raisel Iglesias,ATL,3,ARI,0,LHH,0,Mid,Low,high
0,1,0,0,0,0,1,2026-04-05,other,825102,14,away,628452,9,58.2,31.7,40.5,37.8,R,Raisel Iglesias,ATL,3,ARI,0,RHH,0,Mid,Low,high
2,3,0,0,0,0,1.2,2026-04-07,save,824051,22,away,628452,8,22.6,13.1,27.4,47.2,R,Raisel Iglesias,ATL,6,LAA,0,RHH,2,Low,Low,high
0,2,0,0,0,0,1,2026-04-14,save,824935,10,home,628452,9,40.1,39.3,48.6,65.4,R,Raisel Iglesias,ATL,3,MIA,0,RHH,0,Low,Low,high
1,3,0,0,0,0,1,2026-04-15,save,824936,12,home,628452,9,40.1,39.3,48.6,65.4,R,Raisel Iglesias,ATL,4,MIA,0,,0,Low,Low,high
1,1,0,1,0,0,1,2026-04-19,save,823475,21,away,628452,9,32.1,30.7,33.4,37.3,R,Raisel Iglesias,ATL,5,PHI,0,LHH,0,Low,Low,high
1,2,0,0,0,0,1,2026-05-05,save,823142,19,away,628452,9,43.3,45.2,49.2,57.9,R,Raisel Iglesias,ATL,4,SEA,0,,0,Low,Low,high
0,1,0,0,0,0,1,2026-05-10,other,823954,6,away,628452,9,68.3,95.7,82.8,78.2,R,Raisel Iglesias,ATL,3,LAD,0,LHH,0,High,High,high
0,1,0,0,0,0,1,2026-05-12,save,824927,13,home,628452,9,62.9,82.6,69.2,58.4,R,Raisel Iglesias,ATL,3,CHC,0,LHH,0,Mid,High,high
0,0,0,1,0,0,1,2026-05-13,save,824928,8,home,628452,9,62.9,82.6,69.2,58.4,R,Raisel Iglesias,ATL,3,CHC,0,LHH,0,Mid,High,high
1,2,0,1,0,0,1,2026-05-15,other,824925,20,home,628452,9,43,41.3,32.9,16,R,Raisel Iglesias,ATL,5,BOS,0,RHH,0,Low,Low,high
1,1,0,0,0,0,1,2026-05-19,other,823865,13,away,628452,9,40.1,39.3,48.6,65.4,R,Raisel Iglesias,ATL,4,MIA,0,LHH,0,Low,Low,high
0,1,0,0,0,0,1,2026-05-22,other,824922,10,home,628452,9,43.7,67,67.7,85.6,R,Raisel Iglesias,ATL,3,WSN,0,LHH,0,Low,High,high
4,1,2,0,2,0,1,2026-05-26,save,824758,25,away,628452,9,43,41.3,32.9,16,R,Raisel Iglesias,ATL,7,BOS,0,LHH,0,Low,Low,high
0,1,0,0,0,0,1,2026-05-30,save,824513,15,away,628452,9,32.7,40.9,35.4,31,R,Raisel Iglesias,ATL,3,CIN,0,RHH,0,Low,Low,high
2,1,0,0,0,0,1,2026-06-02,save,824918,15,home,628452,9,54.7,7.6,29.4,36.4,R,Raisel Iglesias,ATL,5,TOR,0,LHH,0,Mid,Low,high
1,1,0,1,0,0,1,2026-06-05,save,824914,19,home,628452,9,33.5,60.7,62.1,84.2,R,Raisel Iglesias,ATL,4,PIT,0,LHH,0,Low,Mid,high
1,1,0,0,0,0,1,2026-06-06,save,824915,20,home,628452,9,33.5,60.7,62.1,84.2,R,Raisel Iglesias,ATL,4,PIT,0,LHH,0,Low,Mid,high
1,2,2,0,1,1,1.2,2026-06-09,other,824591,24,away,628452,9,32.2,45.8,54.2,79.5,R,Raisel Iglesias,ATL,6,CHW,0,LHH,0,Low,Mid,high
1,1,0,1,0,0,1,2026-06-13,save,823616,16,away,628452,9,30.6,40,42.5,53.8,R,Raisel Iglesias,ATL,4,NYM,0,RHH,0,Low,Low,high
2,1,1,1,1,0,1,2026-06-19,save,824910,20,home,628452,9,67.4,75.3,66.3,55.3,R,Raisel Iglesias,ATL,5,MIL,0,RHH,0,High,High,high
2,1,1,0,0,0,1,2026-06-23,other,823286,19,away,628452,9,40.5,52.4,53.2,63.3,R,Raisel Iglesias,ATL,5,SDP,0,,0,Low,Mid,high
0,0,0,0,0,0,1,2026-06-26,save,823206,10,away,628452,9,35.1,17.2,38.2,64.4,R,Raisel Iglesias,ATL,3,SFG,0,LHH,0,Low,Low,high
0,1,0,0,0,0,1,2026-06-30,other,824907,9,home,628452,9,41,40.4,42.1,44.7,R,Raisel Iglesias,ATL,3,STL,0,LHH,0,Low,Low,high
0,1,0,0,0,0,1,2026-07-01,other,824905,13,home,628452,9,41,40.4,42.1,44.7,R,Raisel Iglesias,ATL,3,STL,0,LHH,0,Low,Low,high
3,1,1,0,1,0,1,2026-07-03,save,824904,22,home,628452,9,30.6,40,42.5,53.8,R,Raisel Iglesias,ATL,6,NYM,0,,0,Low,Low,high
3,1,3,0,3,1,1,2026-07-06,blown_save,824900,25,home,628452,9,30.6,40,42.5,53.8,R,Raisel Iglesias,ATL,6,NYM,0,LHH,0,Low,Low,high
0,2,0,1,0,0,1,2026-07-08,save,823360,20,away,628452,9,33.5,60.7,62.1,84.2,R,Raisel Iglesias,ATL,4,PIT,0,RHH,0,Low,Mid,high
0,1,0,0,0,0,1,2026-07-12,save,823029,10,away,628452,9,41,40.4,42.1,44.7,R,Raisel Iglesias,ATL,3,STL,0,LHH,0,Low,Low,high
0,1,0,0,0,0,1,2026-07-18,other,824899,8,home,628452,9,36.6,27.1,36.4,46.9,R,Raisel Iglesias,ATL,3,TEX,0,LHH,0,Low,Low,high
1,1,1,0,1,1,1,2026-07-19,other,824897,8,home,628452,9,36.6,27.1,36.4,46.9,R,Raisel Iglesias,ATL,4,TEX,0,RHH,0,Low,Low,high
1,2,1,0,1,1,0.2,2026-07-22,save,824896,12,home,628452,9,40.5,52.4,53.2,63.3,R,Raisel Iglesias,ATL,3,SDP,1,RHH,1,Low,Mid,high
2,2,0,0,0,0,1,2026-07-23,save,824893,17,home,628452,9,40.5,52.4,53.2,63.3,R,Raisel Iglesias,ATL,5,SDP,0,LHH,0,Low,Mid,high
0,1,1,1,0,0,1,2026-07-26,blown_save,824810,18,away,628452,9,31.6,69.3,61.4,73.6,R,Raisel Iglesias,ATL,5,BAL,0,RHH,0,Low,Mid,high
0,0,0,0,0,0,1,2026-07-29,save,823598,8,away,628452,9,30.6,40,42.5,53.8,R,Raisel Iglesias,ATL,3,NYM,0,RHH,0,Low,Low,high
0,0,0,1,0,0,1,2026-07-30,save,824894,15,home,628452,9,43.7,67,67.7,85.6,R,Raisel Iglesias,ATL,4,WSN,0,LHH,0,Low,High,high
0,1,0,1,0,0,1,2026-08-02,save,824891,17,home,628452,9,43.7,67,67.7,85.6,R,Raisel Iglesias,ATL,4,WSN,0,LHH,0,Low,High,high
3,0,2,1,2,0,1,2026-08-04,other,824888,21,home,628452,9,40.1,39.3,48.6,65.4,R,Raisel Iglesias,ATL,6,MIA,0,RHH,0,Low,Low,high
3,2,2,1,2,0,0.2,2026-08-07,blown_save,823515,30,away,628452,9,38.8,75.1,66.4,76,R,Raisel Iglesias,ATL,7,NYY,0,LHH,0,Low,High,high
0,2,0,0,0,0,1,2026-08-09,other,823513,10,away,628452,9,38.8,75.1,66.4,76,R,Raisel Iglesias,ATL,3,NYY,0,LHH,0,Low,High,high
0,1,0,0,0,0,1,2026-08-11,other,824886,14,home,628452,9,30.6,40,42.5,53.8,R,Raisel Iglesias,ATL,3,NYM,0,RHH,0,Low,Low,high
2,0,1,1,1,1,1,2026-08-12,other,824883,22,home,628452,9,30.6,40,42.5,53.8,R,Raisel Iglesias,ATL,6,NYM,0,RHH,0,Low,Low,high
0,1,0,0,0,0,1,2026-03-27,other,824946,13,home,641755,9,57,42.9,50.8,55.5,R,Tyler Kinley,ATL,3,KCR,0,LHH,0,Mid,Mid,high
0,1,0,0,0,0,1,2026-04-02,other,825105,10,away,641755,6,58.2,31.7,40.5,37.8,R,Tyler Kinley,ATL,3,ARI,0,RHH,0,Mid,Low,low
0,1,0,0,0,0,1,2026-04-04,other,825104,7,away,641755,8,58.2,31.7,40.5,37.8,R,Tyler Kinley,ATL,3,ARI,0,LHH,0,Mid,Low,high
1,0,0,1,0,0,1,2026-04-05,other,825102,19,away,641755,6,58.2,31.7,40.5,37.8,R,Tyler Kinley,ATL,5,ARI,1,RHH,1,Mid,Low,medium
1,2,0,0,0,0,0.2,2026-04-07,other,824051,13,away,641755,5,22.6,13.1,27.4,47.2,R,Tyler Kinley,ATL,3,LAA,0,LHH,1,Low,Low,medium
0,0,0,0,0,0,1,2026-04-10,other,824941,10,home,641755,6,50,36.8,42.8,44.4,R,Tyler Kinley,ATL,3,CLE,0,LHH,0,Mid,Low,medium
1,0,1,1,1,0,0.1,2026-04-11,other,824939,16,home,641755,9,50,36.8,42.8,44.4,R,Tyler Kinley,ATL,3,CLE,1,LHH,1,Mid,Low,high
1,0,0,0,0,0,1,2026-04-14,other,824935,12,home,641755,7,40.1,39.3,48.6,65.4,R,Tyler Kinley,ATL,3,MIA,0,RHH,0,Low,Low,high
0,1,0,0,0,0,1,2026-04-15,hold,824936,14,home,641755,7,40.1,39.3,48.6,65.4,R,Tyler Kinley,ATL,3,MIA,0,LHH,0,Low,Low,medium
0,1,0,1,0,0,1,2026-04-19,other,823475,18,away,641755,6,32.1,30.7,33.4,37.3,R,Tyler Kinley,ATL,5,PHI,0,LHH,0,Low,Low,medium
0,2,0,0,0,0,1,2026-04-20,hold,822749,15,away,641755,8,43.7,67,67.7,85.6,R,Tyler Kinley,ATL,3,WSN,0,LHH,0,Low,High,high
0,1,0,2,0,0,1,2026-04-22,hold,822748,19,away,641755,8,43.7,67,67.7,85.6,R,Tyler Kinley,ATL,5,WSN,0,LHH,0,Low,High,high
1,1,2,1,1,0,1,2026-04-25,other,824933,24,home,641755,9,32.1,30.7,33.4,37.3,R,Tyler Kinley,ATL,5,PHI,0,LHH,0,Low,Low,high
2,2,0,0,0,0,1,2026-04-28,hold,824931,23,home,641755,8,43.2,42.5,49.7,62.5,R,Tyler Kinley,ATL,5,DET,0,RHH,0,Low,Low,high
2,1,0,1,0,0,1,2026-04-30,hold,824929,27,home,641755,7,43.2,42.5,49.7,62.5,R,Tyler Kinley,ATL,6,DET,0,,0,Low,Low,high
1,2,1,0,1,1,1,2026-05-03,hold,824364,11,away,641755,8,34.5,31.8,26.1,13.5,R,Tyler Kinley,ATL,4,COL,0,LHH,0,Low,Low,high
1,2,2,1,2,1,1,2026-05-04,blown_save,823143,23,away,641755,6,43.3,45.2,49.2,57.9,R,Tyler Kinley,ATL,5,SEA,0,LHH,0,Low,Low,medium
2,0,0,0,0,0,0.1,2026-05-06,other,823141,9,away,641755,6,43.3,45.2,49.2,57.9,R,Tyler Kinley,ATL,3,SEA,0,RHH,0,Low,Low,medium
1,1,2,1,2,1,1,2026-05-10,other,823954,19,away,641755,8,68.3,95.7,82.8,78.2,R,Tyler Kinley,ATL,5,LAD,0,LHH,0,High,High,high
1,0,0,0,0,0,0.2,2026-05-13,other,824928,9,home,641755,5,62.9,82.6,69.2,58.4,R,Tyler Kinley,ATL,3,CHC,1,RHH,2,Mid,High,medium
2,0,1,0,1,1,0.2,2026-05-15,blown_save,824925,15,home,641755,7,43,41.3,32.9,16,R,Tyler Kinley,ATL,4,BOS,0,RHH,0,Low,Low,high
2,1,1,0,1,0,1,2026-05-17,other,824923,15,home,641755,9,43,41.3,32.9,16,R,Tyler Kinley,ATL,5,BOS,0,LHH,0,Low,Low,high
0,1,0,0,0,0,1,2026-05-18,other,823867,12,away,641755,7,40.1,39.3,48.6,65.4,R,Tyler Kinley,ATL,3,MIA,0,RHH,0,Low,Low,medium
0,2,0,0,0,0,1,2026-05-22,other,824922,11,home,641755,11,43.7,67,67.7,85.6,R,Tyler Kinley,ATL,3,WSN,0,LHH,0,Low,High,high
0,2,0,0,0,0,1,2026-05-23,other,824920,11,home,641755,9,43.7,67,67.7,85.6,R,Tyler Kinley,ATL,3,WSN,0,LHH,0,Low,High,high
1,1,0,0,0,0,1,2026-05-28,other,824757,14,away,641755,6,43,41.3,32.9,16,R,Tyler Kinley,ATL,4,BOS,0,RHH,0,Low,Low,low
1,1,0,0,0,0,1,2026-05-29,other,824515,9,away,641755,9,32.7,40.9,35.4,31,R,Tyler Kinley,ATL,4,CIN,0,RHH,0,Low,Low,high
0,1,0,0,0,0,1,2026-05-30,hold,824513,6,away,641755,6,32.7,40.9,35.4,31,R,Tyler Kinley,ATL,3,CIN,0,RHH,0,Low,Low,medium
1,2,1,0,1,1,1,2026-06-03,other,824917,21,home,641755,9,54.7,7.6,29.4,36.4,R,Tyler Kinley,ATL,4,TOR,0,LHH,0,Mid,Low,high
2,1,0,0,0,0,1,2026-06-06,hold,824915,25,home,641755,8,33.5,60.7,62.1,84.2,R,Tyler Kinley,ATL,5,PIT,0,LHH,0,Low,Mid,high
0,0,0,1,0,0,0.2,2026-06-07,hold,824916,17,home,641755,8,33.5,60.7,62.1,84.2,R,Tyler Kinley,ATL,3,PIT,0,LHH,2,Low,Mid,high
1,1,0,0,0,0,0.2,2026-06-24,other,823284,10,away,641755,6,40.5,52.4,53.2,63.3,R,Tyler Kinley,ATL,2,SDP,2,RHH,2,Low,Mid,high
0,0,0,0,0,0,1,2026-06-28,other,823204,12,away,641755,8,35.1,17.2,38.2,64.4,R,Tyler Kinley,ATL,3,SFG,0,RHH,0,Low,Low,high
2,0,3,1,3,1,0.2,2026-07-02,blown_save,824906,11,home,641755,6,41,40.4,42.1,44.7,R,Tyler Kinley,ATL,4,STL,0,LHH,1,Low,Low,medium
0,0,0,0,0,0,0.2,2026-07-05,other,824902,7,home,641755,5,30.6,40,42.5,53.8,R,Tyler Kinley,ATL,2,NYM,0,RHH,0,Low,Low,medium
0,1,0,1,0,0,1,2026-07-06,hold,824900,16,home,641755,8,30.6,40,42.5,53.8,R,Tyler Kinley,ATL,3,NYM,0,LHH,0,Low,Low,high
0,1,0,1,0,0,1,2026-07-10,other,823033,17,away,641755,7,41,40.4,42.1,44.7,R,Tyler Kinley,ATL,3,STL,0,RHH,0,Low,Low,high
0,1,0,0,0,0,0.1,2026-07-12,other,823029,5,away,641755,8,41,40.4,42.1,44.7,R,Tyler Kinley,ATL,1,STL,0,RHH,0,Low,Low,high
2,0,3,1,3,1,0.1,2026-07-18,blown_save,824899,16,home,641755,6,36.6,27.1,36.4,46.9,R,Tyler Kinley,ATL,4,TEX,0,,0,Low,Low,medium
1,1,0,0,0,0,1,2026-07-21,other,824895,14,home,641755,9,40.5,52.4,53.2,63.3,R,Tyler Kinley,ATL,3,SDP,0,RHH,0,Low,Mid,high
2,1,2,0,2,1,0.2,2026-07-23,hold,824893,13,home,641755,8,40.5,52.4,53.2,63.3,R,Tyler Kinley,ATL,4,SDP,0,RHH,0,Low,Mid,high
0,0,0,0,0,0,0.1,2026-07-24,other,824812,4,away,641755,6,31.6,69.3,61.4,73.6,R,Tyler Kinley,ATL,1,BAL,0,RHH,2,Low,Mid,high
0,1,0,2,0,0,1.1,2026-07-26,other,824810,19,away,641755,10,31.6,69.3,61.4,73.6,R,Tyler Kinley,ATL,6,BAL,0,RHH,2,Low,Mid,high
0,0,0,0,0,0,1,2026-07-29,other,823596,15,away,641755,8,30.6,40,42.5,53.8,R,Tyler Kinley,ATL,3,NYM,0,RHH,0,Low,Low,high
1,0,0,0,0,0,1,2026-08-06,other,824885,14,home,641755,4,40.1,39.3,48.6,65.4,R,Tyler Kinley,ATL,4,MIA,0,RHH,0,Low,Low,medium
0,1,1,2,0,0,0.2,2026-08-07,other,823515,16,away,641755,10,38.8,75.1,66.4,76,R,Tyler Kinley,ATL,4,NYY,0,,0,Low,High,high
0,1,0,0,0,0,1,2026-08-09,save,823513,10,away,641755,10,38.8,75.1,66.4,76,R,Tyler Kinley,ATL,3,NYY,0,LHH,0,Low,High,high
0,0,0,1,0,0,2,2026-05-20,other,823866,25,away,682989,8,40.1,39.3,48.6,65.4,R,Victor Mederos,ATL,6,MIA,0,LHH,0,Low,Low,high
1,2,0,0,0,0,1,2026-07-09,other,823359,16,away,682989,9,33.5,60.7,62.1,84.2,R,Victor Mederos,ATL,4,PIT,0,LHH,0,Low,Mid,high
0,3,0,0,0,0,2,2026-07-10,other,823033,28,away,682989,4,41,40.4,42.1,44.7,R,Victor Mederos,ATL,6,STL,0,RHH,0,Low,Low,medium
3,1,1,0,1,0,2,2026-07-17,other,824901,34,home,682989,8,36.6,27.1,36.4,46.9,R,Victor Mederos,ATL,9,TEX,0,RHH,0,Low,Low,high
1,1,0,1,0,0,2.1,2026-07-20,save,824898,29,home,682989,7,40.5,52.4,53.2,63.3,R,Victor Mederos,ATL,9,SDP,0,,1,Low,Mid,high
3,0,4,1,4,0,0.1,2026-07-22,other,824896,13,home,682989,9,40.5,52.4,53.2,63.3,R,Victor Mederos,ATL,5,SDP,0,LHH,0,Low,Mid,high
1,3,0,0,0,0,2,2026-07-25,other,824811,30,away,682989,6,31.6,69.3,61.4,73.6,R,Victor Mederos,ATL,8,BAL,0,RHH,0,Low,Mid,medium
1,1,0,0,0,0,0.2,2026-07-29,other,823596,12,away,682989,6,30.6,40,42.5,53.8,R,Victor Mederos,ATL,3,NYM,0,LHH,0,Low,Low,medium
1,0,1,1,1,0,1,2026-07-30,other,824894,17,home,682989,6,43.7,67,67.7,85.6,R,Victor Mederos,ATL,5,WSN,0,RHH,1,Low,High,medium
1,0,0,0,0,0,1,2026-08-01,other,824890,11,home,682989,9,43.7,67,67.7,85.6,R,Victor Mederos,ATL,4,WSN,0,LHH,0,Low,High,high
0,3,0,1,0,0,2,2026-08-06,other,824885,32,home,682989,5,40.1,39.3,48.6,65.4,R,Victor Mederos,ATL,7,MIA,0,,0,Low,Low,medium
1,2,1,1,1,1,1,2026-08-08,other,823514,30,away,682989,7,38.8,75.1,66.4,76,R,Victor Mederos,ATL,6,NYY,0,RHH,0,Low,High,high
1,1,1,1,1,0,1,2026-08-10,other,824887,21,home,682989,9,30.6,40,42.5,53.8,R,Victor Mederos,ATL,6,NYM,0,,0,Low,Low,high
2,2,1,1,1,1,3,2026-04-01,save,824860,42,home,544150,7,36.6,27.1,36.4,46.9,R,Albert Suárez,BAL,12,TEX,0,LHH,0,Low,Low,medium
1,1,0,0,0,0,2,2026-04-10,other,824858,18,home,544150,8,35.1,17.2,38.2,64.4,R,Albert Suárez,BAL,7,SFG,0,RHH,0,Low,Low,high
4,0,3,1,3,1,2,2026-04-13,other,824856,40,home,544150,6,58.2,31.7,40.5,37.8,R,Albert Suárez,BAL,10,ARI,0,LHH,0,Mid,Low,medium
1,1,1,0,1,1,2,2026-04-18,other,824451,33,away,544150,7,50,36.8,42.8,44.4,R,Albert Suárez,BAL,7,CLE,0,LHH,0,Mid,Low,high
2,2,4,3,0,0,4,2026-04-25,other,824851,59,home,544150,4,43,41.3,32.9,16,R,Albert Suárez,BAL,17,BOS,0,RHH,0,Low,Low,medium
1,3,1,4,1,0,2.2,2026-05-01,other,823557,65,away,544150,5,38.8,75.1,66.4,76,R,Albert Suárez,BAL,13,NYY,0,,0,Low,High,low
3,1,0,0,0,0,4,2026-05-24,other,824840,43,home,544150,6,43.2,42.5,49.7,62.5,R,Albert Suárez,BAL,15,DET,0,LHH,0,Low,Low,medium
1,0,1,1,0,0,1,2026-05-30,other,824833,19,home,544150,9,54.7,7.6,29.4,36.4,R,Albert Suárez,BAL,5,TOR,0,LHH,0,Mid,Low,high
7,2,5,1,5,0,2,2026-06-03,other,824755,53,away,544150,4,43,41.3,32.9,16,R,Albert Suárez,BAL,14,BOS,0,LHH,0,Low,Low,medium
1,3,0,0,0,0,2,2026-06-06,other,822808,29,away,544150,7,54.7,7.6,29.4,36.4,R,Albert Suárez,BAL,7,TOR,0,RHH,0,Mid,Low,high
3,3,1,1,1,0,2,2026-06-08,other,824829,39,home,544150,8,43.3,45.2,49.2,57.9,R,Albert Suárez,BAL,9,SEA,0,,0,Low,Low,high
6,1,3,0,3,3,4,2026-06-13,other,824828,38,home,544150,6,40.5,52.4,53.2,63.3,R,Albert Suárez,BAL,17,SDP,0,RHH,0,Low,Mid,low
0,3,0,1,0,0,3,2026-06-23,other,824017,30,away,544150,6,22.6,13.1,27.4,47.2,R,Albert Suárez,BAL,9,LAA,0,RHH,0,Low,Low,low
3,2,1,0,1,1,3,2026-06-28,other,824821,37,home,544150,6,43.7,67,67.7,85.6,R,Albert Suárez,BAL,11,WSN,0,LHH,0,Low,High,medium
1,4,0,0,0,0,3,2026-06-30,other,824819,41,home,544150,6,32.2,45.8,54.2,79.5,R,Albert Suárez,BAL,10,CHW,0,LHH,0,Low,Mid,low
0,0,0,0,0,0,1,2026-07-08,other,824815,14,home,544150,8,62.9,82.6,69.2,58.4,R,Albert Suárez,BAL,4,CHC,0,RHH,0,Mid,High,high
0,2,0,2,0,0,2,2026-07-26,other,824810,34,home,544150,8,51.3,55.8,59,68.1,R,Albert Suárez,BAL,8,ATL,0,,0,Mid,Mid,high
5,2,2,0,2,0,1.1,2026-07-28,other,824243,40,away,544150,5,43.2,42.5,49.7,62.5,R,Albert Suárez,BAL,9,DET,0,RHH,0,Low,Low,low
3,0,3,2,3,0,1,2026-08-02,other,824807,30,home,544150,6,32.1,30.7,33.4,37.3,R,Albert Suárez,BAL,8,PHI,0,,0,Low,Low,low
1,0,0,1,0,0,2,2026-08-06,other,824804,24,home,544150,8,22.6,13.1,27.4,47.2,R,Albert Suárez,BAL,8,LAA,0,LHH,0,Low,Low,high
1,1,2,1,2,0,2,2026-08-09,other,822862,32,away,544150,8,36.6,27.1,36.4,46.9,R,Albert Suárez,BAL,8,TEX,0,RHH,0,Low,Low,high
0,0,0,0,0,0,1,2026-08-12,other,823672,8,away,544150,8,39.7,33.8,47.1,67.6,R,Albert Suárez,BAL,3,MIN,0,LHH,0,Low,Low,high
2,3,3,3,3,0,1.2,2026-04-27,other,823719,42,away,695380,7,39.7,33.8,47.1,67.6,R,Alex Hoppe,BAL,10,MIN,0,LHH,2,Low,Low,high
0,3,0,0,0,0,1,2026-05-01,other,823146,15,home,695380,9,57,42.9,50.8,55.5,R,Alex Hoppe,BAL,3,KCR,0,RHH,0,Mid,Mid,high
1,1,0,0,0,0,1,2026-05-03,other,823145,18,home,695380,7,57,42.9,50.8,55.5,R,Alex Hoppe,BAL,4,KCR,0,,0,Mid,Mid,medium
3,1,2,0,2,0,1,2026-05-08,other,824607,22,away,695380,8,32.2,45.8,54.2,79.5,R,Alex Hoppe,BAL,7,CHW,0,LHH,0,Low,Mid,high
0,2,0,0,0,0,2,2026-05-12,other,824197,23,away,695380,7,38.5,45.2,48.8,60.3,R,Alex Hoppe,BAL,6,HOU,0,RHH,0,Low,Low,medium
2,0,0,0,0,0,1,2026-05-15,other,823140,13,home,695380,9,40.5,52.4,53.2,63.3,R,Alex Hoppe,BAL,5,SDP,0,RHH,0,Low,Mid,high
2,1,1,0,1,0,1.2,2026-05-17,other,823138,26,home,695380,7,40.5,52.4,53.2,63.3,R,Alex Hoppe,BAL,7,SDP,0,RHH,0,Low,Mid,medium
0,0,0,0,0,0,1,2026-05-23,other,824109,10,away,695380,7,57,42.9,50.8,55.5,R,Alex Hoppe,BAL,3,KCR,0,RHH,0,Mid,Mid,medium
2,1,2,2,2,0,1,2026-05-24,other,824108,33,away,695380,8,57,42.9,50.8,55.5,R,Alex Hoppe,BAL,7,KCR,0,LHH,0,Mid,Mid,high
0,0,1,1,0,0,1,2026-05-30,other,823132,22,home,695380,9,58.2,31.7,40.5,37.8,R,Alex Hoppe,BAL,4,ARI,0,LHH,0,Mid,Low,high
1,1,1,0,1,0,2,2026-06-03,other,823130,17,home,695380,8,30.6,40,42.5,53.8,R,Alex Hoppe,BAL,8,NYM,0,,0,Low,Low,high
2,3,2,0,2,1,1,2026-06-05,other,824271,22,away,695380,8,43.2,42.5,49.7,62.5,R,Alex Hoppe,BAL,5,DET,0,LHH,0,Low,Low,high
1,1,1,0,0,0,1,2026-06-09,hold,824830,9,away,695380,7,31.6,69.3,61.4,73.6,R,Alex Hoppe,BAL,4,BAL,0,,0,Low,Mid,medium
0,2,0,2,0,0,1.2,2026-06-11,other,824827,28,away,695380,6,31.6,69.3,61.4,73.6,R,Alex Hoppe,BAL,7,BAL,0,LHH,0,Low,Mid,medium
0,2,0,0,0,0,1,2026-06-13,other,822725,12,away,695380,8,43.7,67,67.7,85.6,R,Alex Hoppe,BAL,3,WSN,0,LHH,0,Low,High,high
1,1,1,0,1,0,1,2026-06-14,other,822722,15,away,695380,8,43.7,67,67.7,85.6,R,Alex Hoppe,BAL,4,WSN,1,LHH,1,Low,High,high
1,1,1,1,1,0,1,2026-06-17,other,823127,18,home,695380,7,31.6,69.3,61.4,73.6,R,Alex Hoppe,BAL,4,BAL,0,,0,Low,Mid,high
0,2,0,0,0,0,1,2026-06-20,other,823126,14,home,695380,9,43,41.3,32.9,16,R,Alex Hoppe,BAL,3,BOS,0,RHH,0,Low,Low,high
3,0,2,0,2,0,1,2026-06-24,other,823367,22,away,695380,8,33.5,60.7,62.1,84.2,R,Alex Hoppe,BAL,6,PIT,0,LHH,0,Low,Mid,high
3,1,2,1,2,0,1,2026-06-25,other,823366,20,away,695380,8,33.5,60.7,62.1,84.2,R,Alex Hoppe,BAL,7,PIT,0,LHH,0,Low,Mid,high
1,3,0,1,0,0,1,2026-07-27,other,822868,21,away,695380,8,36.6,27.1,36.4,46.9,R,Alex Hoppe,BAL,5,TEX,0,LHH,0,Low,Low,high
0,2,0,0,0,0,1,2026-07-29,other,823924,14,away,695380,8,68.3,95.7,82.8,78.2,R,Alex Hoppe,BAL,3,LAD,0,RHH,0,High,High,high
1,3,1,0,1,1,2,2026-07-30,other,823921,35,away,695380,6,68.3,95.7,82.8,78.2,R,Alex Hoppe,BAL,7,LAD,0,,0,High,High,medium
1,0,0,0,0,0,0.2,2026-08-05,hold,824806,13,home,695380,7,22.6,13.1,27.4,47.2,R,Alex Hoppe,BAL,3,LAA,1,LHH,1,Low,Low,high
2,0,0,0,0,0,1,2026-08-09,other,822862,14,away,695380,6,36.6,27.1,36.4,46.9,R,Alex Hoppe,BAL,5,TEX,0,RHH,0,Low,Low,low
0,1,0,1,0,0,1,2026-08-12,other,823672,13,away,695380,7,39.7,33.8,47.1,67.6,R,Alex Hoppe,BAL,4,MIN,0,LHH,0,Low,Low,medium
0,0,0,0,0,0,1,2026-04-24,other,824854,16,home,552640,7,43,41.3,32.9,16,R,Andrew Kittredge,BAL,3,BOS,0,RHH,0,Low,Low,medium
0,1,0,0,0,0,1,2026-04-26,other,824852,16,home,552640,9,43,41.3,32.9,16,R,Andrew Kittredge,BAL,3,BOS,0,RHH,0,Low,Low,high
2,3,0,1,0,0,1,2026-04-28,hold,824849,22,home,552640,7,38.5,45.2,48.8,60.3,R,Andrew Kittredge,BAL,6,HOU,0,RHH,0,Low,Low,medium
7,0,7,0,7,1,0.1,2026-05-03,other,823555,22,away,552640,8,38.8,75.1,66.4,76,R,Andrew Kittredge,BAL,8,NYY,0,LHH,0,Low,High,high
1,1,1,1,0,0,0.2,2026-05-05,blown_save,823873,20,away,552640,8,40.1,39.3,48.6,65.4,R,Andrew Kittredge,BAL,4,MIA,0,LHH,0,Low,Low,high
1,1,1,0,0,0,0.2,2026-05-07,other,823870,11,away,552640,9,40.1,39.3,48.6,65.4,R,Andrew Kittredge,BAL,4,MIA,0,LHH,0,Low,Low,high
2,1,1,1,1,0,1,2026-05-09,other,824847,16,home,552640,9,42.3,37.3,48.1,64.7,R,Andrew Kittredge,BAL,6,ATH,0,RHH,0,Low,Low,high
0,0,0,0,0,0,1,2026-05-12,other,824843,12,home,552640,8,38.8,75.1,66.4,76,R,Andrew Kittredge,BAL,3,NYY,0,LHH,0,Low,High,high
1,0,1,0,1,1,0.2,2026-05-16,other,822737,12,away,552640,7,43.7,67,67.7,85.6,R,Andrew Kittredge,BAL,3,WSN,2,RHH,2,Low,High,high
0,1,0,0,0,0,1,2026-05-18,other,822980,7,away,552640,7,77.8,34.8,51.2,51,R,Andrew Kittredge,BAL,3,TBR,0,LHH,0,High,Mid,medium
0,0,0,1,0,0,0.1,2026-05-24,other,824840,11,home,552640,5,43.2,42.5,49.7,62.5,R,Andrew Kittredge,BAL,2,DET,0,,2,Low,Low,medium
0,1,0,0,0,0,1,2026-05-26,other,824837,10,home,552640,9,77.8,34.8,51.2,51,R,Andrew Kittredge,BAL,3,TBR,0,LHH,0,High,Mid,high
0,3,0,0,0,0,1,2026-05-27,other,824836,17,home,552640,8,77.8,34.8,51.2,51,R,Andrew Kittredge,BAL,3,TBR,1,,4,High,Mid,high
1,1,0,0,0,0,1,2026-06-02,hold,824754,11,away,552640,8,43,41.3,32.9,16,R,Andrew Kittredge,BAL,4,BOS,0,,0,Low,Low,high
1,1,1,0,1,1,1,2026-06-04,other,824753,9,away,552640,9,43,41.3,32.9,16,R,Andrew Kittredge,BAL,4,BOS,0,RHH,0,Low,Low,high
3,1,1,0,1,0,1,2026-06-09,other,824830,19,home,552640,6,43.3,45.2,49.2,57.9,R,Andrew Kittredge,BAL,6,SEA,0,RHH,2,Low,Low,high
0,0,0,0,0,0,1,2026-06-11,save,824827,6,home,552640,9,43.3,45.2,49.2,57.9,R,Andrew Kittredge,BAL,4,SEA,0,,0,Low,Low,high
0,0,0,0,0,0,1,2026-06-12,other,824826,9,home,552640,9,40.5,52.4,53.2,63.3,R,Andrew Kittredge,BAL,3,SDP,0,RHH,0,Low,Mid,high
0,0,0,0,0,0,0.2,2026-06-16,other,823128,2,away,552640,7,43.3,45.2,49.2,57.9,R,Andrew Kittredge,BAL,1,SEA,0,RHH,2,Low,Low,high
1,1,0,0,0,0,1,2026-06-19,other,823936,24,away,552640,6,68.3,95.7,82.8,78.2,R,Andrew Kittredge,BAL,4,LAD,0,LHH,0,High,High,medium
1,0,2,1,1,1,0.1,2026-06-20,hold,823937,10,away,552640,9,68.3,95.7,82.8,78.2,R,Andrew Kittredge,BAL,3,LAD,0,LHH,0,High,High,high
1,1,0,1,0,0,0.1,2026-06-24,blown_save,824018,11,away,552640,8,22.6,13.1,27.4,47.2,R,Andrew Kittredge,BAL,3,LAA,2,RHH,2,Low,Low,high
1,2,0,0,0,0,1,2026-06-27,other,824825,14,home,552640,9,43.7,67,67.7,85.6,R,Andrew Kittredge,BAL,4,WSN,0,,0,Low,High,high
1,2,0,0,0,0,1,2026-06-30,other,824819,12,home,552640,5,32.2,45.8,54.2,79.5,R,Andrew Kittredge,BAL,4,CHW,0,LHH,0,Low,Mid,low
0,0,0,0,0,0,1,2026-07-01,other,824818,11,home,552640,9,32.2,45.8,54.2,79.5,R,Andrew Kittredge,BAL,3,CHW,0,LHH,0,Low,Mid,high
0,1,0,0,0,0,1,2026-07-04,hold,824499,11,away,552640,8,32.7,40.9,35.4,31,R,Andrew Kittredge,BAL,3,CIN,0,RHH,0,Low,Low,high
1,0,0,0,0,0,1,2026-07-09,save,824816,13,home,552640,9,62.9,82.6,69.2,58.4,R,Andrew Kittredge,BAL,4,CHC,0,,0,Mid,High,high
1,1,0,0,0,0,1,2026-07-10,save,824817,11,home,552640,9,57,42.9,50.8,55.5,R,Andrew Kittredge,BAL,4,KCR,0,,0,Mid,Mid,high
0,0,0,0,0,0,1,2026-07-12,other,824814,8,home,552640,9,57,42.9,50.8,55.5,R,Andrew Kittredge,BAL,3,KCR,0,LHH,0,Mid,Mid,high
0,1,0,1,0,0,1,2026-07-17,hold,824170,16,away,552640,8,38.5,45.2,48.8,60.3,R,Andrew Kittredge,BAL,4,HOU,0,,0,Low,Low,high
2,0,1,0,0,0,1,2026-07-18,blown_save,824169,10,away,552640,10,38.5,45.2,48.8,60.3,R,Andrew Kittredge,BAL,5,HOU,0,RHH,0,Low,Low,high
1,1,0,0,0,0,1,2026-07-22,other,824732,11,away,552640,8,43,41.3,32.9,16,R,Andrew Kittredge,BAL,4,BOS,0,,0,Low,Low,high
2,2,4,0,0,1,0.2,2026-07-24,other,824812,18,home,552640,10,51.3,55.8,59,68.1,R,Andrew Kittredge,BAL,5,ATL,0,LHH,0,Mid,Mid,high
1,0,1,2,0,0,1,2026-07-26,other,824810,19,home,552640,11,51.3,55.8,59,68.1,R,Andrew Kittredge,BAL,6,ATL,0,LHH,0,Mid,Mid,high
1,1,0,0,0,0,1,2026-07-27,hold,824245,11,away,552640,8,43.2,42.5,49.7,62.5,R,Andrew Kittredge,BAL,4,DET,0,,0,Low,Low,high
0,0,0,0,0,0,0.1,2026-07-29,save,824242,4,away,552640,12,43.2,42.5,49.7,62.5,R,Andrew Kittredge,BAL,1,DET,0,RHH,2,Low,Low,high
3,0,2,1,2,0,0.1,2026-08-01,other,824808,20,home,552640,8,32.1,30.7,33.4,37.3,R,Andrew Kittredge,BAL,5,PHI,2,LHH,2,Low,Low,high
1,1,1,0,0,0,1,2026-08-04,hold,824805,15,home,552640,8,22.6,13.1,27.4,47.2,R,Andrew Kittredge,BAL,5,LAA,0,RHH,0,Low,Low,high
0,0,0,0,0,0,1,2026-08-05,save,824806,6,home,552640,9,22.6,13.1,27.4,47.2,R,Andrew Kittredge,BAL,3,LAA,0,RHH,0,Low,Low,high
0,0,0,0,0,0,1,2026-08-09,other,822862,6,away,552640,7,36.6,27.1,36.4,46.9,R,Andrew Kittredge,BAL,3,TEX,0,RHH,0,Low,Low,medium
0,1,0,0,0,0,1,2026-08-11,save,823673,9,away,552640,9,39.7,33.8,47.1,67.6,R,Andrew Kittredge,BAL,3,MIN,0,LHH,0,Low,Low,high
3,2,4,1,4,0,0.2,2026-04-18,other,823394,20,home,676742,5,77.8,34.8,51.2,51,R,Cam Sanders,BAL,6,TBR,0,LHH,0,High,Mid,low
1,1,0,1,0,0,2,2026-04-26,other,823797,32,away,676742,6,67.4,75.3,66.3,55.3,R,Cam Sanders,BAL,8,MIL,0,LHH,0,High,High,low
0,1,0,0,0,0,0.1,2026-04-27,other,823395,5,home,676742,9,41,40.4,42.1,44.7,R,Cam Sanders,BAL,1,STL,0,LHH,2,Low,Low,high
1,3,0,0,0,0,1,2026-05-08,other,823225,17,away,676742,8,35.1,17.2,38.2,64.4,R,Cam Sanders,BAL,4,SFG,0,RHH,0,Low,Low,high
1,0,2,3,2,0,1,2026-05-09,other,823224,34,away,676742,9,35.1,17.2,38.2,64.4,R,Cam Sanders,BAL,8,SFG,0,RHH,0,Low,Low,high
0,1,0,0,0,0,1,2026-05-31,other,823373,13,home,676742,7,39.7,33.8,47.1,67.6,R,Cam Sanders,BAL,3,MIN,0,RHH,0,Low,Low,medium
1,2,0,2,0,0,1.2,2026-07-01,other,823446,44,away,676742,5,32.1,30.7,33.4,37.3,R,Cam Sanders,BAL,8,PHI,0,LHH,0,Low,Low,low
0,1,0,0,0,0,1,2026-07-04,other,822716,13,away,676742,9,43.7,67,67.7,85.6,R,Cam Sanders,BAL,3,WSN,0,LHH,0,Low,High,high
2,2,3,3,3,1,0.2,2026-07-09,other,823359,39,home,676742,4,51.3,55.8,59,68.1,R,Cam Sanders,BAL,7,ATL,0,LHH,0,Mid,Mid,medium
0,1,0,0,0,0,0.2,2026-07-17,other,824170,14,away,676742,7,38.5,45.2,48.8,60.3,R,Cam Sanders,BAL,2,HOU,0,RHH,3,Low,Low,high
0,1,0,0,0,0,1,2026-07-18,save,824169,9,away,676742,11,38.5,45.2,48.8,60.3,R,Cam Sanders,BAL,3,HOU,0,RHH,0,Low,Low,high
1,1,0,0,0,0,2,2026-08-10,other,823675,22,away,676742,5,39.7,33.8,47.1,67.6,R,Cam Sanders,BAL,7,MIN,0,RHH,0,Low,Low,medium
4,1,2,0,2,0,1.1,2026-08-12,other,823672,30,away,676742,4,39.7,33.8,47.1,67.6,R,Cam Sanders,BAL,8,MIN,0,LHH,0,Low,Low,medium
1,2,0,0,0,0,1,2026-03-29,other,824864,19,home,664991,6,39.7,33.8,47.1,67.6,R,Grant Wolfram,BAL,4,MIN,0,RHH,0,Low,Low,medium
3,2,2,0,2,0,1.1,2026-03-31,other,824861,23,home,664991,4,36.6,27.1,36.4,46.9,R,Grant Wolfram,BAL,7,TEX,0,RHH,2,Low,Low,medium
1,2,0,0,0,0,1,2026-04-04,hold,823404,21,away,664991,7,33.5,60.7,62.1,84.2,R,Grant Wolfram,BAL,4,PIT,0,LHH,0,Low,Mid,high
0,2,0,0,0,0,0.2,2026-04-07,hold,824618,16,away,664991,8,32.2,45.8,54.2,79.5,R,Grant Wolfram,BAL,3,CHW,0,RHH,0,Low,Mid,high
1,1,0,0,0,0,1,2026-04-08,hold,824617,10,away,664991,7,32.2,45.8,54.2,79.5,R,Grant Wolfram,BAL,4,CHW,0,,0,Low,Mid,high
0,1,0,0,0,0,1,2026-04-11,other,824857,14,home,664991,5,35.1,17.2,38.2,64.4,R,Grant Wolfram,BAL,3,SFG,0,LHH,2,Low,Low,medium
0,3,0,0,0,0,1.1,2026-04-14,other,824853,16,home,664991,7,58.2,31.7,40.5,37.8,R,Grant Wolfram,BAL,4,ARI,0,RHH,0,Mid,Low,high
2,0,1,0,1,0,0.2,2026-04-15,other,824855,7,home,664991,7,58.2,31.7,40.5,37.8,R,Grant Wolfram,BAL,4,ARI,0,,0,Mid,Low,high
1,2,3,1,0,0,0.2,2026-04-17,other,824454,13,away,664991,6,50,36.8,42.8,44.4,R,Grant Wolfram,BAL,5,CLE,0,RHH,2,Mid,Low,high
1,1,0,0,0,0,0.2,2026-04-20,other,824125,17,away,664991,7,57,42.9,50.8,55.5,R,Grant Wolfram,BAL,4,KCR,0,,0,Mid,Mid,high
1,0,0,0,0,0,0.2,2026-04-21,other,824127,12,away,664991,7,57,42.9,50.8,55.5,R,Grant Wolfram,BAL,3,KCR,0,LHH,1,Mid,Mid,high
0,2,0,0,0,0,1,2026-05-02,other,823554,14,away,664991,6,38.8,75.1,66.4,76,R,Grant Wolfram,BAL,3,NYY,0,LHH,0,Low,High,medium
3,0,1,0,1,0,0.2,2026-05-03,other,823555,15,away,664991,5,38.8,75.1,66.4,76,R,Grant Wolfram,BAL,5,NYY,0,LHH,1,Low,High,medium
0,2,0,0,0,0,0.2,2026-05-05,hold,823873,8,away,664991,7,40.1,39.3,48.6,65.4,R,Grant Wolfram,BAL,2,MIA,0,LHH,0,Low,Low,high
2,0,1,0,1,0,0.2,2026-05-06,hold,823872,15,away,664991,7,40.1,39.3,48.6,65.4,R,Grant Wolfram,BAL,4,MIA,0,RHH,0,Low,Low,medium
1,1,0,0,0,0,0.2,2026-05-25,other,824838,11,home,664991,7,77.8,34.8,51.2,51,R,Grant Wolfram,BAL,3,TBR,0,RHH,0,High,Mid,high
2,0,0,0,0,0,1,2026-05-26,other,824837,8,home,664991,8,77.8,34.8,51.2,51,R,Grant Wolfram,BAL,4,TBR,0,,0,High,Mid,high
1,0,0,0,0,0,1,2026-05-28,other,824834,17,home,664991,7,54.7,7.6,29.4,36.4,R,Grant Wolfram,BAL,4,TOR,0,RHH,0,Mid,Low,high
0,2,0,0,0,0,1,2026-06-03,other,824755,10,away,664991,8,43,41.3,32.9,16,R,Grant Wolfram,BAL,3,BOS,0,RHH,0,Low,Low,high
0,0,0,0,0,0,0.2,2026-06-05,hold,822810,6,away,664991,7,54.7,7.6,29.4,36.4,R,Grant Wolfram,BAL,2,TOR,0,,0,Mid,Low,medium
1,1,0,0,0,0,0.2,2026-06-07,other,822807,17,away,664991,7,54.7,7.6,29.4,36.4,R,Grant Wolfram,BAL,3,TOR,0,LHH,0,Mid,Low,high
2,0,2,1,2,0,0.2,2026-06-10,other,824831,20,home,664991,8,43.3,45.2,49.2,57.9,R,Grant Wolfram,BAL,5,SEA,0,LHH,0,Low,Low,high
0,0,0,0,0,0,0.1,2026-06-11,hold,824827,7,home,664991,8,43.3,45.2,49.2,57.9,R,Grant Wolfram,BAL,1,SEA,0,LHH,2,Low,Low,high
1,0,0,1,0,0,0.1,2026-06-16,other,823128,10,away,664991,7,43.3,45.2,49.2,57.9,R,Grant Wolfram,BAL,3,SEA,2,LHH,2,Low,Low,high
0,0,0,0,0,0,0.1,2026-06-20,hold,823937,3,away,664991,8,68.3,95.7,82.8,78.2,R,Grant Wolfram,BAL,1,LAD,0,LHH,1,High,High,high
0,0,0,0,0,0,2,2026-06-21,other,823934,14,away,664991,6,68.3,95.7,82.8,78.2,R,Grant Wolfram,BAL,6,LAD,0,LHH,0,High,High,low
0,1,0,0,0,0,0.2,2026-06-24,other,824018,9,away,664991,5,22.6,13.1,27.4,47.2,R,Grant Wolfram,BAL,3,LAA,0,LHH,0,Low,Low,medium
0,2,0,0,0,0,1,2026-06-26,hold,824824,10,home,664991,8,43.7,67,67.7,85.6,R,Grant Wolfram,BAL,3,WSN,0,RHH,0,Low,High,high
1,1,0,0,0,0,1,2026-06-28,other,824821,9,home,664991,9,43.7,67,67.7,85.6,R,Grant Wolfram,BAL,3,WSN,0,LHH,0,Low,High,high
1,1,2,0,2,0,0.2,2026-06-29,other,824822,24,home,664991,8,32.2,45.8,54.2,79.5,R,Grant Wolfram,BAL,4,CHW,0,LHH,0,Low,Mid,high
0,0,1,1,1,0,1,2026-07-04,hold,824499,8,away,664991,6,32.7,40.9,35.4,31,R,Grant Wolfram,BAL,3,CIN,0,,2,Low,Low,high
1,0,3,2,3,1,0.2,2026-07-08,other,824815,25,home,664991,7,62.9,82.6,69.2,58.4,R,Grant Wolfram,BAL,5,CHC,2,RHH,2,Mid,High,high
0,2,0,0,0,0,1,2026-07-11,hold,824813,15,home,664991,7,57,42.9,50.8,55.5,R,Grant Wolfram,BAL,3,KCR,0,RHH,2,Mid,Mid,high
0,1,0,0,0,0,0.2,2026-07-12,other,824814,13,home,664991,6,57,42.9,50.8,55.5,R,Grant Wolfram,BAL,3,KCR,0,,0,Mid,Mid,medium
1,0,0,2,0,0,0.1,2026-07-17,other,824170,15,away,664991,7,38.5,45.2,48.8,60.3,R,Grant Wolfram,BAL,4,HOU,0,,0,Low,Low,high
0,0,0,0,0,0,1,2026-07-19,save,824168,12,away,664991,9,38.5,45.2,48.8,60.3,R,Grant Wolfram,BAL,3,HOU,0,RHH,0,Low,Low,high
1,0,0,0,0,0,0.1,2026-07-24,other,824812,8,home,664991,10,51.3,55.8,59,68.1,R,Grant Wolfram,BAL,2,ATL,0,,0,Mid,Mid,high
1,1,0,0,0,0,0.2,2026-07-25,hold,824811,10,home,664991,7,51.3,55.8,59,68.1,R,Grant Wolfram,BAL,3,ATL,0,LHH,0,Mid,Mid,high
0,2,0,0,0,0,1.1,2026-07-27,other,824245,17,away,664991,6,43.2,42.5,49.7,62.5,R,Grant Wolfram,BAL,4,DET,0,LHH,0,Low,Low,medium
0,1,0,1,0,0,1,2026-07-29,other,824242,16,away,664991,11,43.2,42.5,49.7,62.5,R,Grant Wolfram,BAL,4,DET,0,LHH,1,Low,Low,high
0,0,2,2,2,0,0.1,2026-08-01,other,824808,15,home,664991,8,32.1,30.7,33.4,37.3,R,Grant Wolfram,BAL,3,PHI,0,LHH,0,Low,Low,high
1,3,3,2,3,1,1,2026-08-08,other,822864,29,away,664991,8,36.6,27.1,36.4,46.9,R,Grant Wolfram,BAL,6,TEX,0,,0,Low,Low,high
6,3,3,0,3,1,1.2,2026-08-10,other,823675,43,away,664991,7,39.7,33.8,47.1,67.6,R,Grant Wolfram,BAL,11,MIN,2,RHH,2,Low,Low,high
1,3,0,1,0,0,2,2026-05-12,other,824843,30,home,677020,5,38.8,75.1,66.4,76,R,Josh Walker,BAL,7,NYY,0,LHH,0,Low,High,low
0,1,0,0,0,0,1,2026-05-15,other,822739,9,away,677020,8,43.7,67,67.7,85.6,R,Josh Walker,BAL,3,WSN,0,LHH,0,Low,High,high
2,1,2,1,2,1,1,2026-05-16,other,822737,30,away,677020,8,43.7,67,67.7,85.6,R,Josh Walker,BAL,6,WSN,0,RHH,0,Low,High,high
0,1,0,0,0,0,0.2,2026-06-29,other,824822,11,home,677020,9,32.2,45.8,54.2,79.5,R,Josh Walker,BAL,3,CHW,2,LHH,2,Low,Mid,high
2,1,1,0,1,0,1.1,2026-06-30,other,824819,28,home,677020,3,32.2,45.8,54.2,79.5,R,Josh Walker,BAL,6,CHW,0,LHH,1,Low,Mid,low
1,0,0,0,0,0,1.2,2026-07-26,other,824810,15,home,677020,5,51.3,55.8,59,68.1,R,Josh Walker,BAL,6,ATL,0,,1,Mid,Mid,medium
3,1,2,0,1,0,1.2,2026-07-28,other,824243,31,away,677020,6,43.2,42.5,49.7,62.5,R,Josh Walker,BAL,8,DET,1,,2,Low,Low,high
1,0,0,0,0,0,0.2,2026-07-31,other,824809,17,home,677020,6,32.1,30.7,33.4,37.3,R,Josh Walker,BAL,3,PHI,0,LHH,0,Low,Low,medium
2,1,1,0,1,1,1,2026-08-02,other,824807,12,home,677020,5,32.1,30.7,33.4,37.3,R,Josh Walker,BAL,4,PHI,0,LHH,0,Low,Low,low
1,1,0,1,0,0,1.2,2026-08-06,other,824804,19,home,677020,5,22.6,13.1,27.4,47.2,R,Josh Walker,BAL,7,LAA,0,,0,Low,Low,medium
0,1,0,1,0,0,0.1,2026-08-10,other,823675,10,away,677020,8,39.7,33.8,47.1,67.6,R,Josh Walker,BAL,2,MIN,0,RHH,2,Low,Low,high
0,1,0,0,0,0,1,2026-08-11,hold,823673,8,away,677020,7,39.7,33.8,47.1,67.6,R,Josh Walker,BAL,3,MIN,0,RHH,0,Low,Low,medium
0,1,0,0,0,0,0.1,2026-03-29,other,824864,8,home,670329,7,39.7,33.8,47.1,67.6,R,Rico Garcia,BAL,1,MIN,0,LHH,3,Low,Low,high
0,3,0,0,0,0,2,2026-03-30,other,824863,21,home,670329,7,36.6,27.1,36.4,46.9,R,Rico Garcia,BAL,6,TEX,0,LHH,0,Low,Low,high
0,0,0,0,0,0,1,2026-04-03,other,823406,8,away,670329,8,33.5,60.7,62.1,84.2,R,Rico Garcia,BAL,3,PIT,0,LHH,0,Low,Mid,high
0,0,0,1,0,0,0.1,2026-04-04,hold,823404,10,away,670329,6,33.5,60.7,62.1,84.2,R,Rico Garcia,BAL,2,PIT,0,RHH,1,Low,Mid,medium
0,1,0,0,0,0,1,2026-04-06,hold,824619,10,away,670329,8,32.2,45.8,54.2,79.5,R,Rico Garcia,BAL,3,CHW,0,RHH,0,Low,Mid,high
0,2,0,2,0,0,1,2026-04-08,save,824617,22,away,670329,9,32.2,45.8,54.2,79.5,R,Rico Garcia,BAL,5,CHW,0,LHH,0,Low,Mid,high
0,1,0,0,0,0,1,2026-04-11,hold,824857,8,home,670329,7,35.1,17.2,38.2,64.4,R,Rico Garcia,BAL,3,SFG,0,RHH,0,Low,Low,high
0,0,0,0,0,0,1,2026-04-13,hold,824856,11,home,670329,8,58.2,31.7,40.5,37.8,R,Rico Garcia,BAL,3,ARI,0,RHH,0,Mid,Low,high
0,2,0,0,0,0,1.1,2026-04-14,other,824853,13,home,670329,5,58.2,31.7,40.5,37.8,R,Rico Garcia,BAL,4,ARI,0,RHH,1,Mid,Low,medium
0,0,0,0,0,0,1,2026-04-17,other,824454,12,away,670329,8,50,36.8,42.8,44.4,R,Rico Garcia,BAL,3,CLE,0,LHH,0,Mid,Low,high
0,1,0,1,0,0,1,2026-04-20,other,824125,16,away,670329,6,57,42.9,50.8,55.5,R,Rico Garcia,BAL,4,KCR,0,RHH,2,Mid,Mid,high
1,2,1,0,1,1,1,2026-04-21,blown_save,824127,18,away,670329,8,57,42.9,50.8,55.5,R,Rico Garcia,BAL,4,KCR,0,LHH,0,Mid,Mid,high
0,1,0,0,0,0,1,2026-04-26,other,824852,10,home,670329,8,43,41.3,32.9,16,R,Rico Garcia,BAL,3,BOS,0,RHH,0,Low,Low,high
0,1,0,0,0,0,0.1,2026-04-28,hold,824849,5,home,670329,6,38.5,45.2,48.8,60.3,R,Rico Garcia,BAL,1,HOU,0,LHH,2,Low,Low,high
0,0,0,0,0,0,0.1,2026-04-30,hold,824848,2,home,670329,7,38.5,45.2,48.8,60.3,R,Rico Garcia,BAL,1,HOU,0,RHH,2,Low,Low,high
0,1,0,0,0,0,1,2026-05-03,other,823555,17,away,670329,7,38.8,75.1,66.4,76,R,Rico Garcia,BAL,3,NYY,0,RHH,0,Low,High,high
0,2,0,1,0,0,1.1,2026-05-05,other,823873,19,away,670329,8,40.1,39.3,48.6,65.4,R,Rico Garcia,BAL,5,MIA,0,LHH,1,Low,Low,high
0,1,0,1,0,0,1,2026-05-06,save,823872,15,away,670329,9,40.1,39.3,48.6,65.4,R,Rico Garcia,BAL,3,MIA,0,RHH,0,Low,Low,high
0,1,0,1,0,0,1,2026-05-10,save,824845,17,home,670329,9,42.3,37.3,48.1,64.7,R,Rico Garcia,BAL,4,ATH,0,LHH,0,Low,Low,high
0,2,0,0,0,0,1,2026-05-11,hold,824844,9,home,670329,8,38.8,75.1,66.4,76,R,Rico Garcia,BAL,3,NYY,0,LHH,0,Low,High,high
1,2,0,0,0,0,1,2026-05-17,other,822738,18,away,670329,9,43.7,67,67.7,85.6,R,Rico Garcia,BAL,4,WSN,0,LHH,0,Low,High,high
2,1,1,0,1,0,0.1,2026-05-19,other,822979,13,away,670329,8,77.8,34.8,51.2,51,R,Rico Garcia,BAL,3,TBR,1,LHH,1,High,Mid,high
1,0,0,0,0,0,0.1,2026-05-20,other,822977,6,away,670329,8,77.8,34.8,51.2,51,R,Rico Garcia,BAL,2,TBR,2,,2,High,Mid,high
0,1,0,0,0,0,0.2,2026-05-22,hold,824842,8,home,670329,6,43.2,42.5,49.7,62.5,R,Rico Garcia,BAL,2,DET,0,LHH,1,Low,Low,medium
1,1,0,2,0,0,2,2026-05-25,other,824838,32,home,670329,9,77.8,34.8,51.2,51,R,Rico Garcia,BAL,8,TBR,0,,0,High,Mid,high
1,1,0,0,0,0,1,2026-05-29,other,824835,13,home,670329,9,54.7,7.6,29.4,36.4,R,Rico Garcia,BAL,4,TOR,0,LHH,0,Mid,Low,high
0,0,0,0,0,0,1,2026-05-31,other,824832,6,home,670329,9,54.7,7.6,29.4,36.4,R,Rico Garcia,BAL,3,TOR,0,LHH,0,Mid,Low,high
0,2,0,0,0,0,1,2026-06-02,save,824754,14,away,670329,9,43,41.3,32.9,16,R,Rico Garcia,BAL,3,BOS,0,LHH,0,Low,Low,high
1,1,1,0,1,1,0.2,2026-06-07,other,822807,13,away,670329,7,54.7,7.6,29.4,36.4,R,Rico Garcia,BAL,3,TOR,0,RHH,1,Mid,Low,high
1,0,2,0,1,1,1,2026-06-09,other,824830,15,home,670329,10,43.3,45.2,49.2,57.9,R,Rico Garcia,BAL,4,SEA,0,,0,Low,Low,high
2,0,0,0,0,0,0.2,2026-06-11,hold,824827,16,home,670329,8,43.3,45.2,49.2,57.9,R,Rico Garcia,BAL,4,SEA,0,LHH,0,Low,Low,high
1,1,2,1,2,1,1,2026-06-14,other,824823,19,home,670329,7,40.5,52.4,53.2,63.3,R,Rico Garcia,BAL,5,SDP,0,RHH,0,Low,Mid,high
0,1,0,0,0,0,1,2026-06-18,other,823125,10,away,670329,8,43.3,45.2,49.2,57.9,R,Rico Garcia,BAL,3,SEA,0,LHH,0,Low,Low,high
1,2,0,0,0,0,0.2,2026-06-20,hold,823937,11,away,670329,8,68.3,95.7,82.8,78.2,R,Rico Garcia,BAL,3,LAD,0,LHH,0,High,High,high
1,1,1,0,1,1,1,2026-06-22,other,824016,9,away,670329,9,22.6,13.1,27.4,47.2,R,Rico Garcia,BAL,4,LAA,0,,0,Low,Low,high
2,1,3,1,3,0,1,2026-06-24,hold,824018,19,away,670329,7,22.6,13.1,27.4,47.2,R,Rico Garcia,BAL,6,LAA,0,RHH,2,Low,Low,high
2,1,1,0,0,0,1,2026-06-27,other,824825,18,home,670329,6,43.7,67,67.7,85.6,R,Rico Garcia,BAL,5,WSN,0,LHH,0,Low,High,medium
1,0,0,0,0,0,0.1,2026-06-29,other,824822,6,home,670329,8,32.2,45.8,54.2,79.5,R,Rico Garcia,BAL,2,CHW,1,,1,Low,Mid,high
0,1,0,0,0,0,1,2026-06-30,other,824819,7,home,670329,9,32.2,45.8,54.2,79.5,R,Rico Garcia,BAL,3,CHW,0,LHH,0,Low,Mid,high
1,2,0,1,0,0,2,2026-07-03,hold,824498,22,away,670329,6,32.7,40.9,35.4,31,R,Rico Garcia,BAL,8,CIN,0,LHH,0,Low,Low,medium
0,0,0,0,0,0,0.1,2026-07-05,other,824497,6,away,670329,8,32.7,40.9,35.4,31,R,Rico Garcia,BAL,1,CIN,0,LHH,1,Low,Low,high
1,1,2,1,2,0,1.1,2026-07-08,other,824815,25,home,670329,6,62.9,82.6,69.2,58.4,R,Rico Garcia,BAL,6,CHC,0,RHH,0,Mid,High,medium
0,1,0,0,0,0,1,2026-07-10,other,824817,16,home,670329,8,57,42.9,50.8,55.5,R,Rico Garcia,BAL,3,KCR,0,LHH,0,Mid,Mid,high
1,0,0,0,0,0,1,2026-07-12,other,824814,11,home,670329,8,57,42.9,50.8,55.5,R,Rico Garcia,BAL,4,KCR,0,LHH,0,Mid,Mid,high
0,0,0,1,0,0,0.2,2026-07-18,blown_save,824169,9,away,670329,7,38.5,45.2,48.8,60.3,R,Rico Garcia,BAL,3,HOU,1,RHH,2,Low,Low,high
2,1,1,0,1,1,1,2026-07-19,other,824168,17,away,670329,8,38.5,45.2,48.8,60.3,R,Rico Garcia,BAL,5,HOU,0,RHH,0,Low,Low,high
1,2,1,0,1,1,1,2026-07-24,blown_save,824812,18,home,670329,8,51.3,55.8,59,68.1,R,Rico Garcia,BAL,4,ATL,0,LHH,0,Mid,Mid,high
1,1,1,0,1,1,1,2026-07-25,blown_save,824811,18,home,670329,8,51.3,55.8,59,68.1,R,Rico Garcia,BAL,4,ATL,0,LHH,0,Mid,Mid,high
0,2,0,0,0,0,1,2026-07-27,save,824245,17,away,670329,9,43.2,42.5,49.7,62.5,R,Rico Garcia,BAL,3,DET,0,RHH,0,Low,Low,high
1,0,2,0,1,1,0.2,2026-07-29,blown_save,824242,9,away,670329,11,43.2,42.5,49.7,62.5,R,Rico Garcia,BAL,4,DET,0,,0,Low,Low,high
0,0,0,0,0,0,0.2,2026-08-01,other,824808,4,home,670329,7,32.1,30.7,33.4,37.3,R,Rico Garcia,BAL,2,PHI,0,,1,Low,Low,high
1,1,0,1,0,0,1,2026-08-04,hold,824805,22,home,670329,7,22.6,13.1,27.4,47.2,R,Rico Garcia,BAL,5,LAA,0,LHH,0,Low,Low,high
0,0,0,0,0,0,0.1,2026-08-05,hold,824806,7,home,670329,7,22.6,13.1,27.4,47.2,R,Rico Garcia,BAL,1,LAA,0,LHH,1,Low,Low,high
0,2,0,0,0,0,1,2026-08-08,other,822864,9,away,670329,7,36.6,27.1,36.4,46.9,R,Rico Garcia,BAL,3,TEX,0,RHH,0,Low,Low,high
0,1,0,0,0,0,0.1,2026-03-28,other,824862,3,home,682274,7,39.7,33.8,47.1,67.6,R,Yaramil Hiraldo,BAL,1,MIN,0,RHH,1,Low,Low,medium
1,1,1,3,1,1,0.1,2026-03-29,blown_save,824864,20,home,682274,7,39.7,33.8,47.1,67.6,R,Yaramil Hiraldo,BAL,5,MIN,0,RHH,0,Low,Low,high
2,0,3,1,3,1,1,2026-03-31,other,824861,24,home,682274,7,36.6,27.1,36.4,46.9,R,Yaramil Hiraldo,BAL,6,TEX,0,LHH,0,Low,Low,high
1,3,0,0,0,0,1.1,2026-08-01,other,824808,23,home,682274,8,32.1,30.7,33.4,37.3,R,Yaramil Hiraldo,BAL,5,PHI,0,RHH,2,Low,Low,high
1,2,1,1,1,0,1,2026-08-06,other,824804,21,home,682274,7,22.6,13.1,27.4,47.2,R,Yaramil Hiraldo,BAL,5,LAA,0,RHH,0,Low,Low,high
1,3,0,1,0,0,2,2026-08-09,other,822862,32,away,682274,4,36.6,27.1,36.4,46.9,R,Yaramil Hiraldo,BAL,9,TEX,0,RHH,0,Low,Low,low
1,3,0,0,0,0,1.2,2026-08-12,other,823672,21,away,682274,5,39.7,33.8,47.1,67.6,R,Yaramil Hiraldo,BAL,6,MIN,2,LHH,2,Low,Low,medium
1,1,0,0,0,0,0.1,2026-03-28,other,824862,8,home,666974,5,39.7,33.8,47.1,67.6,R,Yennier Cano,BAL,2,MIN,0,RHH,0,Low,Low,medium
0,1,0,0,0,0,0.1,2026-03-29,hold,824864,9,home,666974,8,39.7,33.8,47.1,67.6,R,Yennier Cano,BAL,1,MIN,0,RHH,3,Low,Low,high
2,0,1,0,1,0,1,2026-03-31,other,824861,9,home,666974,6,36.6,27.1,36.4,46.9,R,Yennier Cano,BAL,5,TEX,0,RHH,0,Low,Low,medium
0,1,0,0,0,0,0.1,2026-04-05,other,823405,7,away,666974,8,33.5,60.7,62.1,84.2,R,Yennier Cano,BAL,1,PIT,0,LHH,1,Low,Mid,high
0,1,0,0,0,0,1,2026-04-07,other,824618,10,away,666974,7,32.2,45.8,54.2,79.5,R,Yennier Cano,BAL,3,CHW,0,RHH,0,Low,Mid,high
0,1,0,0,0,0,1,2026-04-10,other,824858,9,home,666974,6,35.1,17.2,38.2,64.4,R,Yennier Cano,BAL,3,SFG,0,RHH,0,Low,Low,medium
0,0,0,0,0,0,0.1,2026-04-11,hold,824857,2,home,666974,6,35.1,17.2,38.2,64.4,R,Yennier Cano,BAL,1,SFG,0,RHH,0,Low,Low,medium
0,2,0,0,0,0,1,2026-04-14,other,824853,14,home,666974,8,58.2,31.7,40.5,37.8,R,Yennier Cano,BAL,3,ARI,0,RHH,0,Mid,Low,high
0,1,0,0,0,0,0.1,2026-04-15,other,824855,3,home,666974,7,58.2,31.7,40.5,37.8,R,Yennier Cano,BAL,1,ARI,0,RHH,1,Mid,Low,high
1,1,0,1,0,0,0.2,2026-04-17,other,824454,15,away,666974,6,50,36.8,42.8,44.4,R,Yennier Cano,BAL,4,CLE,0,LHH,0,Mid,Low,medium
0,0,0,0,0,0,1,2026-04-20,other,824125,17,away,666974,8,57,42.9,50.8,55.5,R,Yennier Cano,BAL,3,KCR,0,RHH,0,Mid,Mid,high
1,0,1,0,1,1,1,2026-04-22,other,824123,11,away,666974,6,57,42.9,50.8,55.5,R,Yennier Cano,BAL,4,KCR,1,RHH,1,Mid,Mid,medium
0,0,0,0,0,0,0.1,2026-04-24,other,824854,3,home,666974,6,43,41.3,32.9,16,R,Yennier Cano,BAL,1,BOS,0,RHH,1,Low,Low,medium
0,0,0,0,0,0,1,2026-04-26,other,824852,17,home,666974,6,43,41.3,32.9,16,R,Yennier Cano,BAL,3,BOS,0,RHH,1,Low,Low,medium
0,2,0,0,0,0,1,2026-04-30,other,824850,10,home,666974,9,38.5,45.2,48.8,60.3,R,Yennier Cano,BAL,3,HOU,0,LHH,0,Low,Low,high
0,0,0,0,0,0,0.2,2026-05-03,other,823555,8,away,666974,6,38.8,75.1,66.4,76,R,Yennier Cano,BAL,2,NYY,0,,1,Low,High,medium
1,0,0,0,0,0,0.2,2026-05-04,other,823552,9,away,666974,6,38.8,75.1,66.4,76,R,Yennier Cano,BAL,3,NYY,1,,2,Low,High,high
0,0,0,0,0,0,2,2026-05-07,other,823870,23,away,666974,4,40.1,39.3,48.6,65.4,R,Yennier Cano,BAL,6,MIA,0,RHH,0,Low,Low,medium
1,0,0,0,0,0,1,2026-05-12,other,824843,10,home,666974,7,38.8,75.1,66.4,76,R,Yennier Cano,BAL,3,NYY,0,LHH,0,Low,High,medium
0,0,0,1,0,0,1,2026-05-13,other,824841,10,home,666974,9,38.8,75.1,66.4,76,R,Yennier Cano,BAL,4,NYY,0,LHH,0,Low,High,high
0,1,0,1,0,0,1,2026-05-17,hold,822738,17,away,666974,8,43.7,67,67.7,85.6,R,Yennier Cano,BAL,4,WSN,0,LHH,0,Low,High,high
0,1,1,0,1,0,1,2026-05-19,other,822979,15,away,666974,7,77.8,34.8,51.2,51,R,Yennier Cano,BAL,3,TBR,0,RHH,1,High,Mid,high
0,2,0,0,0,0,1,2026-05-22,hold,824842,12,home,666974,7,43.2,42.5,49.7,62.5,R,Yennier Cano,BAL,3,DET,0,RHH,0,Low,Low,medium
0,1,0,0,0,0,0.1,2026-05-25,other,824838,6,home,666974,7,77.8,34.8,51.2,51,R,Yennier Cano,BAL,1,TBR,0,RHH,1,High,Mid,high
3,0,2,0,2,0,0.1,2026-05-29,blown_save,824835,11,home,666974,8,54.7,7.6,29.4,36.4,R,Yennier Cano,BAL,4,TOR,0,RHH,0,Mid,Low,high
0,0,0,0,0,0,0.1,2026-06-04,other,824753,1,away,666974,6,43,41.3,32.9,16,R,Yennier Cano,BAL,1,BOS,0,RHH,2,Low,Low,high
0,0,0,0,0,0,1,2026-06-05,other,822810,16,away,666974,8,54.7,7.6,29.4,36.4,R,Yennier Cano,BAL,3,TOR,0,RHH,0,Mid,Low,high
1,0,0,0,0,0,0.1,2026-06-07,other,822807,10,away,666974,6,54.7,7.6,29.4,36.4,R,Yennier Cano,BAL,2,TOR,1,,1,Mid,Low,medium
0,2,0,0,0,0,1.1,2026-06-10,other,824831,13,home,666974,8,43.3,45.2,49.2,57.9,R,Yennier Cano,BAL,4,SEA,0,RHH,1,Low,Low,high
0,3,0,0,0,0,1,2026-06-12,other,824826,16,home,666974,8,40.5,52.4,53.2,63.3,R,Yennier Cano,BAL,3,SDP,0,RHH,0,Low,Mid,high
1,2,1,0,0,0,1,2026-06-14,other,824823,25,home,666974,9,40.5,52.4,53.2,63.3,R,Yennier Cano,BAL,6,SDP,0,RHH,0,Low,Mid,high
0,0,0,1,0,0,0.1,2026-06-17,hold,823127,9,away,666974,8,43.3,45.2,49.2,57.9,R,Yennier Cano,BAL,2,SEA,0,,1,Low,Low,high
0,1,0,0,0,0,0.1,2026-06-19,hold,823936,3,away,666974,8,68.3,95.7,82.8,78.2,R,Yennier Cano,BAL,1,LAD,0,RHH,1,High,High,high
1,1,0,0,0,0,0.2,2026-06-20,save,823937,15,away,666974,9,68.3,95.7,82.8,78.2,R,Yennier Cano,BAL,4,LAD,1,LHH,1,High,High,high
0,2,0,2,0,0,0.2,2026-06-24,hold,824018,25,away,666974,7,22.6,13.1,27.4,47.2,R,Yennier Cano,BAL,4,LAA,0,,0,Low,Low,medium
4,0,4,0,2,0,0.1,2026-06-29,other,824822,16,home,666974,9,32.2,45.8,54.2,79.5,R,Yennier Cano,BAL,5,CHW,0,LHH,0,Low,Mid,high
1,0,0,0,0,0,1,2026-07-03,hold,824498,14,away,666974,8,32.7,40.9,35.4,31,R,Yennier Cano,BAL,4,CIN,0,RHH,0,Low,Low,high
2,0,0,1,0,0,1,2026-07-04,other,824499,19,away,666974,7,32.7,40.9,35.4,31,R,Yennier Cano,BAL,5,CIN,1,RHH,1,Low,Low,medium
1,0,0,0,0,0,1,2026-07-09,other,824816,11,home,666974,7,62.9,82.6,69.2,58.4,R,Yennier Cano,BAL,4,CHC,0,RHH,0,Mid,High,high
0,1,0,0,0,0,0.1,2026-07-11,other,824813,4,home,666974,8,57,42.9,50.8,55.5,R,Yennier Cano,BAL,1,KCR,0,RHH,0,Mid,Mid,high
1,0,0,0,0,0,0.2,2026-07-12,other,824814,8,home,666974,7,57,42.9,50.8,55.5,R,Yennier Cano,BAL,3,KCR,0,RHH,0,Mid,Mid,medium
0,0,0,0,0,0,1,2026-07-18,other,824169,10,away,666974,8,38.5,45.2,48.8,60.3,R,Yennier Cano,BAL,3,HOU,0,RHH,0,Low,Low,high
2,0,1,0,1,0,0.2,2026-07-20,blown_save,824736,10,away,666974,7,43,41.3,32.9,16,R,Yennier Cano,BAL,4,BOS,0,,0,Low,Low,high
0,0,0,0,0,0,1,2026-07-22,other,824732,10,away,666974,7,43,41.3,32.9,16,R,Yennier Cano,BAL,3,BOS,0,RHH,0,Low,Low,medium
0,1,0,0,0,0,1,2026-07-25,other,824811,9,home,666974,9,51.3,55.8,59,68.1,R,Yennier Cano,BAL,3,ATL,0,RHH,0,Mid,Mid,high
0,1,0,0,0,0,1,2026-07-27,other,824245,8,away,666974,5,43.2,42.5,49.7,62.5,R,Yennier Cano,BAL,3,DET,0,RHH,1,Low,Low,medium
0,1,0,0,0,0,1,2026-07-29,other,824242,12,away,666974,8,43.2,42.5,49.7,62.5,R,Yennier Cano,BAL,3,DET,0,RHH,0,Low,Low,high
0,1,0,0,0,0,1,2026-07-31,hold,824809,17,home,666974,8,32.1,30.7,33.4,37.3,R,Yennier Cano,BAL,3,PHI,0,RHH,0,Low,Low,high
1,2,0,0,0,0,1,2026-08-04,save,824805,19,home,666974,9,22.6,13.1,27.4,47.2,R,Yennier Cano,BAL,4,LAA,0,LHH,0,Low,Low,high
0,2,0,0,0,0,1,2026-08-05,hold,824806,16,home,666974,8,22.6,13.1,27.4,47.2,R,Yennier Cano,BAL,3,LAA,0,RHH,0,Low,Low,high
1,1,0,1,0,0,1,2026-08-11,hold,823673,22,away,666974,8,39.7,33.8,47.1,67.6,R,Yennier Cano,BAL,5,MIN,0,RHH,0,Low,Low,high
0,2,0,0,0,0,1,2026-05-05,other,824281,14,away,687941,9,43.2,42.5,49.7,62.5,R,Alec Gamboa,BOS,3,DET,0,RHH,0,Low,Low,high
0,1,0,0,0,0,0.2,2026-06-08,other,822972,6,away,687941,8,77.8,34.8,51.2,51,R,Alec Gamboa,BOS,2,TBR,1,,2,High,Mid,high
3,1,2,4,2,1,2.1,2026-07-01,other,824740,44,home,687941,7,43.7,67,67.7,85.6,R,Alec Gamboa,BOS,13,WSN,1,RHH,1,Low,High,medium
0,0,0,0,0,0,1,2026-07-04,other,824012,6,away,687941,9,22.6,13.1,27.4,47.2,R,Alec Gamboa,BOS,3,LAA,0,RHH,0,Low,Low,high
2,1,0,0,0,0,3,2026-07-17,save,824766,43,home,687941,7,77.8,34.8,51.2,51,R,Alec Gamboa,BOS,11,TBR,0,RHH,0,High,Mid,medium
0,1,0,0,0,0,1,2026-07-22,other,824732,14,home,687941,9,31.6,69.3,61.4,73.6,R,Alec Gamboa,BOS,3,BAL,0,LHH,0,Low,Mid,high
5,6,1,1,1,0,4,2026-07-25,other,824734,63,home,687941,6,54.7,7.6,29.4,36.4,R,Alec Gamboa,BOS,17,TOR,0,RHH,0,Mid,Low,low
2,0,0,0,0,0,1,2026-08-12,other,822779,9,away,687941,8,54.7,7.6,29.4,36.4,R,Alec Gamboa,BOS,5,TOR,3,RHH,3,Mid,Low,high
0,0,0,0,0,0,1,2026-03-26,save,824541,11,away,547973,9,32.7,40.9,35.4,31,R,Aroldis Chapman,BOS,3,CIN,0,RHH,0,Low,Low,high
0,1,0,0,0,0,1,2026-03-28,other,824540,9,away,547973,9,32.7,40.9,35.4,31,R,Aroldis Chapman,BOS,3,CIN,0,RHH,0,Low,Low,high
0,1,0,1,0,0,1,2026-04-03,save,824786,21,home,547973,9,40.5,52.4,53.2,63.3,R,Aroldis Chapman,BOS,4,SDP,0,RHH,0,Low,Mid,high
2,1,1,0,1,0,1,2026-04-04,other,824782,17,home,547973,9,40.5,52.4,53.2,63.3,R,Aroldis Chapman,BOS,5,SDP,0,RHH,0,Low,Mid,high
0,0,0,1,0,0,1,2026-04-07,save,824780,6,home,547973,9,67.4,75.3,66.3,55.3,R,Aroldis Chapman,BOS,3,MIL,0,RHH,0,High,High,high
0,3,0,0,0,0,1,2026-04-14,other,823723,22,away,547973,8,39.7,33.8,47.1,67.6,R,Aroldis Chapman,BOS,4,MIN,0,,0,Low,Low,high
2,1,0,1,0,0,1,2026-04-17,other,824778,16,home,547973,9,43.2,42.5,49.7,62.5,R,Aroldis Chapman,BOS,5,DET,0,RHH,0,Low,Low,high
1,1,0,0,0,0,0.2,2026-04-20,save,824776,13,home,547973,9,43.2,42.5,49.7,62.5,R,Aroldis Chapman,BOS,3,DET,2,RHH,2,Low,Low,high
0,2,0,0,0,0,1,2026-04-26,save,824852,7,away,547973,9,31.6,69.3,61.4,73.6,R,Aroldis Chapman,BOS,3,BAL,0,RHH,0,Low,Mid,high
1,1,0,0,0,0,1,2026-05-01,save,824772,16,home,547973,9,38.5,45.2,48.8,60.3,R,Aroldis Chapman,BOS,4,HOU,0,RHH,0,Low,Low,high
1,2,0,0,0,0,1,2026-05-03,other,824769,17,home,547973,9,38.5,45.2,48.8,60.3,R,Aroldis Chapman,BOS,4,HOU,0,,0,Low,Low,high
0,1,0,0,0,0,1,2026-05-04,save,824283,13,away,547973,9,43.2,42.5,49.7,62.5,R,Aroldis Chapman,BOS,3,DET,0,RHH,0,Low,Low,high
0,2,0,0,0,0,1,2026-05-08,save,824768,18,home,547973,9,77.8,34.8,51.2,51,R,Aroldis Chapman,BOS,3,TBR,0,RHH,0,High,Mid,high
0,3,0,2,0,0,1,2026-05-13,save,824763,22,home,547973,9,32.1,30.7,33.4,37.3,R,Aroldis Chapman,BOS,5,PHI,0,RHH,0,Low,Low,high
0,2,0,0,0,0,1,2026-05-15,other,824925,10,away,547973,9,51.3,55.8,59,68.1,R,Aroldis Chapman,BOS,3,ATL,0,RHH,0,Mid,Mid,high
0,0,0,2,0,0,1,2026-05-16,save,824924,20,away,547973,9,51.3,55.8,59,68.1,R,Aroldis Chapman,BOS,6,ATL,0,RHH,0,Mid,Mid,high
0,1,0,0,0,0,1,2026-05-18,save,824114,14,away,547973,9,57,42.9,50.8,55.5,R,Aroldis Chapman,BOS,3,KCR,0,RHH,0,Mid,Mid,high
1,1,0,0,0,0,1,2026-05-20,save,824111,16,away,547973,9,57,42.9,50.8,55.5,R,Aroldis Chapman,BOS,4,KCR,0,RHH,0,Mid,Mid,high
1,2,0,0,0,0,1,2026-05-31,other,824430,13,away,547973,9,50,36.8,42.8,44.4,R,Aroldis Chapman,BOS,4,CLE,0,RHH,0,Mid,Low,high
0,1,0,2,0,0,1,2026-06-05,save,823538,16,away,547973,9,38.8,75.1,66.4,76,R,Aroldis Chapman,BOS,5,NYY,0,RHH,0,Low,High,high
1,2,0,0,0,0,1,2026-06-13,save,824749,15,home,547973,9,36.6,27.1,36.4,46.9,R,Aroldis Chapman,BOS,4,TEX,0,RHH,0,Low,Low,high
2,1,1,0,1,0,1,2026-06-18,other,824748,20,home,547973,9,54.7,7.6,29.4,36.4,R,Aroldis Chapman,BOS,5,TOR,0,RHH,0,Mid,Low,high
2,0,0,1,0,0,1,2026-06-25,save,824747,23,home,547973,9,38.8,75.1,66.4,76,R,Aroldis Chapman,BOS,6,NYY,0,RHH,0,Low,High,high
0,1,0,1,0,0,1,2026-06-27,save,824745,20,home,547973,9,38.8,75.1,66.4,76,R,Aroldis Chapman,BOS,4,NYY,0,,0,Low,High,high
1,2,2,1,1,0,1,2026-06-28,blown_save,824744,23,home,547973,9,38.8,75.1,66.4,76,R,Aroldis Chapman,BOS,6,NYY,0,RHH,0,Low,High,high
2,1,0,0,0,0,1,2026-07-03,save,824013,13,away,547973,9,22.6,13.1,27.4,47.2,R,Aroldis Chapman,BOS,4,LAA,0,RHH,0,Low,Low,high
1,2,1,0,1,1,1,2026-07-05,save,824010,13,away,547973,9,22.6,13.1,27.4,47.2,R,Aroldis Chapman,BOS,4,LAA,0,RHH,0,Low,Low,high
0,0,0,0,0,0,1,2026-07-09,save,824577,9,away,547973,9,32.2,45.8,54.2,79.5,R,Aroldis Chapman,BOS,3,CHW,0,LHH,0,Low,Mid,high
1,1,0,0,0,0,1,2026-07-12,other,823602,15,away,547973,9,30.6,40,42.5,53.8,R,Aroldis Chapman,BOS,4,NYM,0,,0,Low,Low,high
0,2,0,0,0,0,1,2026-07-17,save,824737,13,home,547973,9,77.8,34.8,51.2,51,R,Aroldis Chapman,BOS,3,TBR,0,RHH,0,High,Mid,high
0,0,0,2,0,0,1,2026-07-18,save,824738,20,home,547973,9,77.8,34.8,51.2,51,R,Aroldis Chapman,BOS,5,TBR,0,RHH,0,High,Mid,high
1,2,0,1,0,0,1,2026-07-20,save,824736,22,home,547973,9,31.6,69.3,61.4,73.6,R,Aroldis Chapman,BOS,5,BAL,0,RHH,0,Low,Mid,high
1,0,0,1,0,0,1,2026-07-22,save,824735,13,home,547973,9,31.6,69.3,61.4,73.6,R,Aroldis Chapman,BOS,4,BAL,0,RHH,0,Low,Mid,high
0,2,0,1,0,0,1,2026-07-24,save,824733,23,home,547973,9,54.7,7.6,29.4,36.4,R,Aroldis Chapman,BOS,4,TOR,0,RHH,0,Mid,Low,high
1,3,0,0,0,0,1,2026-07-27,save,824977,24,away,547973,9,42.3,37.3,48.1,64.7,R,Aroldis Chapman,BOS,5,ATH,0,RHH,0,Low,Low,high
1,2,0,0,0,0,1,2026-07-29,other,824973,14,away,547973,9,42.3,37.3,48.1,64.7,R,Aroldis Chapman,BOS,4,ATH,0,LHH,0,Low,Low,high
1,2,0,0,0,0,1,2026-07-30,save,824974,11,away,547973,9,42.3,37.3,48.1,64.7,R,Aroldis Chapman,BOS,4,ATH,0,,0,Low,Low,high
0,1,0,0,0,0,1,2026-08-01,save,823920,11,away,547973,9,68.3,95.7,82.8,78.2,R,Aroldis Chapman,BOS,3,LAD,0,RHH,0,High,High,high
1,0,2,0,1,1,1,2026-08-06,other,824729,18,home,547973,10,32.2,45.8,54.2,79.5,R,Aroldis Chapman,BOS,4,CHW,0,,0,Low,Mid,high
2,0,1,1,1,0,1,2026-08-09,other,824724,23,home,547973,9,42.3,37.3,48.1,64.7,R,Aroldis Chapman,BOS,6,ATH,0,RHH,0,Low,Low,high
4,7,1,1,1,0,7,2026-05-05,other,824281,94,away,678394,2,43.2,42.5,49.7,62.5,R,Brayan Bello,BOS,25,DET,0,RHH,0,Low,Low,medium
4,5,1,1,1,0,6.1,2026-05-12,other,824764,88,home,678394,2,32.1,30.7,33.4,37.3,R,Brayan Bello,BOS,24,PHI,0,,0,Low,Low,medium
8,5,2,1,0,0,5,2026-05-23,other,824760,92,home,678394,2,39.7,33.8,47.1,67.6,R,Brayan Bello,BOS,24,MIN,0,RHH,0,Low,Low,medium
4,5,0,0,0,0,7,2026-05-29,other,824433,63,away,678394,2,50,36.8,42.8,44.4,R,Brayan Bello,BOS,24,CLE,0,LHH,0,Mid,Low,low
2,5,1,0,1,1,4.1,2026-07-12,other,823602,55,away,678394,4,30.6,40,42.5,53.8,R,Brayan Bello,BOS,14,NYM,0,RHH,1,Low,Low,medium
4,5,0,1,0,0,5.1,2026-07-22,other,824732,85,home,678394,1,31.6,69.3,61.4,73.6,R,Brayan Bello,BOS,21,BAL,0,RHH,2,Low,Mid,low
3,3,0,1,0,0,4,2026-07-31,other,823922,58,away,678394,6,68.3,95.7,82.8,78.2,R,Brayan Bello,BOS,16,LAD,0,LHH,1,High,High,medium
0,2,0,0,0,0,3,2026-08-04,save,824731,28,home,678394,7,32.2,45.8,54.2,79.5,R,Brayan Bello,BOS,9,CHW,0,RHH,0,Low,Mid,medium
3,1,1,1,0,0,2,2026-08-06,other,824729,28,home,678394,12,32.2,45.8,54.2,79.5,R,Brayan Bello,BOS,9,CHW,0,LHH,0,Low,Mid,high
3,4,1,0,1,0,4,2026-08-09,other,824724,51,home,678394,2,42.3,37.3,48.1,64.7,R,Brayan Bello,BOS,15,ATH,0,RHH,0,Low,Low,medium
0,0,0,0,0,0,1,2026-03-27,other,823243,10,home,669062,7,38.8,75.1,66.4,76,R,Erik Miller,BOS,3,NYY,0,LHH,1,Low,High,medium
1,1,0,1,0,0,0.2,2026-03-28,other,823241,20,home,669062,8,38.8,75.1,66.4,76,R,Erik Miller,BOS,4,NYY,0,LHH,0,Low,High,high
2,1,2,1,2,0,0.2,2026-04-03,other,823240,26,home,669062,9,30.6,40,42.5,53.8,R,Erik Miller,BOS,5,NYM,0,RHH,0,Low,Low,high
3,2,2,0,2,0,0.2,2026-04-05,blown_save,823238,24,home,669062,8,30.6,40,42.5,53.8,R,Erik Miller,BOS,5,NYM,2,RHH,2,Low,Low,high
0,2,0,0,0,0,1,2026-04-08,other,823234,17,home,669062,9,32.1,30.7,33.4,37.3,R,Erik Miller,BOS,3,PHI,0,RHH,0,Low,Low,high
1,1,0,1,0,0,1,2026-04-12,other,824859,21,away,669062,7,31.6,69.3,61.4,73.6,R,Erik Miller,BOS,5,BAL,1,RHH,2,Low,Mid,high
0,3,0,1,0,0,1,2026-04-16,save,824530,24,away,669062,9,32.7,40.9,35.4,31,R,Erik Miller,BOS,4,CIN,0,RHH,0,Low,Low,high
0,2,0,0,0,0,1,2026-04-18,hold,822751,15,away,669062,7,43.7,67,67.7,85.6,R,Erik Miller,BOS,3,WSN,0,RHH,0,Low,High,high
1,1,0,1,0,0,1,2026-04-21,hold,823236,26,home,669062,7,68.3,95.7,82.8,78.2,R,Erik Miller,BOS,5,LAD,0,LHH,1,High,High,high
0,2,0,1,0,0,1,2026-04-25,hold,823229,21,home,669062,8,40.1,39.3,48.6,65.4,R,Erik Miller,BOS,4,MIA,0,RHH,0,Low,Low,high
0,1,0,0,0,0,1.1,2026-04-26,save,823230,12,home,669062,8,40.1,39.3,48.6,65.4,R,Erik Miller,BOS,4,MIA,0,LHH,1,Low,Low,high
0,1,0,0,0,0,1,2026-04-30,hold,823472,19,away,669062,8,32.1,30.7,33.4,37.3,R,Erik Miller,BOS,3,PHI,0,LHH,0,Low,Low,high
0,1,2,2,2,0,0.2,2026-05-16,other,825007,24,away,669062,7,42.3,37.3,48.1,64.7,R,Erik Miller,BOS,4,ATH,0,LHH,1,Low,Low,medium
0,0,0,3,0,0,0.1,2026-05-19,hold,825086,21,away,669062,8,58.2,31.7,40.5,37.8,R,Erik Miller,BOS,4,ARI,0,RHH,0,Mid,Low,high
0,2,0,1,0,0,1,2026-05-22,other,823223,19,home,669062,6,32.2,45.8,54.2,79.5,R,Erik Miller,BOS,4,CHW,0,LHH,0,Low,Mid,low
0,1,0,0,0,0,1,2026-05-24,hold,823220,11,home,669062,8,32.2,45.8,54.2,79.5,R,Erik Miller,BOS,3,CHW,0,LHH,0,Low,Mid,high
1,2,2,1,2,1,1,2026-05-26,other,823216,23,home,669062,7,58.2,31.7,40.5,37.8,R,Erik Miller,BOS,5,ARI,0,RHH,0,Mid,Low,high
1,1,0,0,0,0,1,2026-05-29,hold,824353,16,away,669062,6,34.5,31.8,26.1,13.5,R,Erik Miller,BOS,4,COL,0,RHH,1,Low,Low,medium
1,1,0,0,0,0,1,2026-06-02,other,823782,14,away,669062,6,67.4,75.3,66.3,55.3,R,Erik Miller,BOS,3,MIL,0,LHH,0,High,High,medium
1,0,0,1,0,0,0.1,2026-06-03,hold,823780,11,away,669062,8,67.4,75.3,66.3,55.3,R,Erik Miller,BOS,3,MIL,0,RHH,0,High,High,high
2,1,0,0,0,0,0.2,2026-06-06,other,824669,22,away,669062,7,62.9,82.6,69.2,58.4,R,Erik Miller,BOS,5,CHC,0,,0,Mid,High,high
1,1,0,1,0,0,1,2026-06-07,other,824670,16,away,669062,8,62.9,82.6,69.2,58.4,R,Erik Miller,BOS,4,CHC,0,RHH,0,Mid,High,high
1,0,1,0,1,1,0.1,2026-06-12,other,823211,9,home,669062,5,62.9,82.6,69.2,58.4,R,Erik Miller,BOS,2,CHC,2,,2,Mid,High,low
0,1,0,0,0,0,0.1,2026-06-19,other,823853,5,away,669062,8,40.1,39.3,48.6,65.4,R,Erik Miller,BOS,1,MIA,0,LHH,2,Low,Low,high
0,1,0,1,0,0,1,2026-06-24,other,823208,14,home,669062,9,42.3,37.3,48.1,64.7,R,Erik Miller,BOS,4,ATH,0,,1,Low,Low,high
1,0,0,1,0,0,0.1,2026-06-25,hold,823209,12,home,669062,7,42.3,37.3,48.1,64.7,R,Erik Miller,BOS,3,ATH,2,LHH,2,Low,Low,high
1,2,0,1,0,0,1,2026-07-01,other,825064,20,away,669062,7,58.2,31.7,40.5,37.8,R,Erik Miller,BOS,5,ARI,0,RHH,0,Mid,Low,medium
0,2,0,0,0,0,1.2,2026-07-05,other,824333,13,away,669062,5,34.5,31.8,26.1,13.5,R,Erik Miller,BOS,4,COL,0,LHH,1,Low,Low,medium
0,2,0,0,0,0,1,2026-07-09,hold,823201,12,home,669062,8,34.5,31.8,26.1,13.5,R,Erik Miller,BOS,3,COL,0,RHH,0,Low,Low,high
1,1,0,0,0,0,1,2026-07-10,other,823200,22,home,669062,9,34.5,31.8,26.1,13.5,R,Erik Miller,BOS,4,COL,1,RHH,2,Low,Low,high
1,2,0,0,0,0,1.1,2026-07-12,other,823199,30,home,669062,8,34.5,31.8,26.1,13.5,R,Erik Miller,BOS,5,COL,0,LHH,1,Low,Low,high
0,2,0,0,0,0,1,2026-07-18,other,823116,12,away,669062,9,43.3,45.2,49.2,57.9,R,Erik Miller,BOS,3,SEA,0,RHH,0,Low,Low,high
1,1,0,0,0,0,1,2026-07-22,other,824083,13,away,669062,8,57,42.9,50.8,55.5,R,Erik Miller,BOS,4,KCR,0,RHH,0,Mid,Mid,high
0,1,0,2,0,0,1,2026-07-24,other,823196,15,home,669062,9,22.6,13.1,27.4,47.2,R,Erik Miller,BOS,5,LAA,0,RHH,0,Low,Low,high
0,2,0,0,0,0,1,2026-07-27,save,823195,14,home,669062,9,67.4,75.3,66.3,55.3,R,Erik Miller,BOS,3,MIL,0,RHH,0,High,High,high
1,1,0,0,0,0,1,2026-07-30,save,823271,14,away,669062,9,40.5,52.4,53.2,63.3,R,Erik Miller,BOS,4,SDP,0,RHH,0,Low,Mid,high
0,0,0,0,0,0,0.1,2026-08-02,other,823270,8,away,669062,8,40.5,52.4,53.2,63.3,R,Erik Miller,BOS,2,SDP,0,,1,Low,Mid,high
0,1,0,0,0,0,0.1,2026-08-04,other,824731,4,home,669062,6,32.2,45.8,54.2,79.5,R,Erik Miller,BOS,1,CHW,0,LHH,1,Low,Mid,medium
1,3,0,1,0,0,2,2026-08-06,other,824729,33,home,669062,7,32.2,45.8,54.2,79.5,R,Erik Miller,BOS,9,CHW,0,LHH,0,Low,Mid,high
1,2,0,0,0,0,1,2026-08-12,other,822779,17,away,669062,7,54.7,7.6,29.4,36.4,R,Erik Miller,BOS,4,TOR,0,,0,Mid,Low,high
1,2,0,0,0,0,1,2026-03-26,hold,824541,18,away,676477,8,32.7,40.9,35.4,31,R,Garrett Whitlock,BOS,4,CIN,0,RHH,0,Low,Low,high
0,1,0,0,0,0,1,2026-03-28,other,824540,6,away,676477,10,32.7,40.9,35.4,31,R,Garrett Whitlock,BOS,3,CIN,0,LHH,0,Low,Low,high
1,1,0,2,0,0,1,2026-04-01,other,824211,37,away,676477,8,38.5,45.2,48.8,60.3,R,Garrett Whitlock,BOS,6,HOU,0,RHH,0,Low,Low,high
1,2,2,2,1,0,1,2026-04-06,other,824783,27,home,676477,8,67.4,75.3,66.3,55.3,R,Garrett Whitlock,BOS,6,MIL,0,LHH,0,High,High,high
0,1,0,0,0,0,1,2026-04-07,hold,824780,15,home,676477,8,67.4,75.3,66.3,55.3,R,Garrett Whitlock,BOS,3,MIL,0,RHH,0,High,High,high
1,2,1,0,1,1,1,2026-04-11,hold,823074,12,away,676477,8,41,40.4,42.1,44.7,R,Garrett Whitlock,BOS,4,STL,0,,0,Low,Low,high
1,2,0,1,0,0,1,2026-04-15,other,823722,22,away,676477,8,39.7,33.8,47.1,67.6,R,Garrett Whitlock,BOS,5,MIN,0,RHH,0,Low,Low,high
0,1,0,0,0,0,1,2026-04-17,other,824778,10,home,676477,10,43.2,42.5,49.7,62.5,R,Garrett Whitlock,BOS,3,DET,0,LHH,0,Low,Low,high
0,0,0,0,0,0,1,2026-04-20,other,824776,12,home,676477,7,43.2,42.5,49.7,62.5,R,Garrett Whitlock,BOS,3,DET,0,LHH,0,Low,Low,high
2,1,1,0,1,0,1,2026-04-26,hold,824852,19,away,676477,8,31.6,69.3,61.4,73.6,R,Garrett Whitlock,BOS,5,BAL,0,LHH,0,Low,Mid,high
1,0,1,0,1,1,1,2026-04-29,other,822821,15,away,676477,8,54.7,7.6,29.4,36.4,R,Garrett Whitlock,BOS,4,TOR,0,,0,Mid,Low,high
2,0,0,0,0,0,1,2026-05-01,hold,824772,16,home,676477,8,38.5,45.2,48.8,60.3,R,Garrett Whitlock,BOS,5,HOU,0,RHH,0,Low,Low,high
1,2,0,0,0,0,1.1,2026-05-03,other,824769,19,home,676477,7,38.5,45.2,48.8,60.3,R,Garrett Whitlock,BOS,5,HOU,0,RHH,1,Low,Low,high
2,2,2,1,2,0,1,2026-05-04,hold,824283,26,away,676477,8,43.2,42.5,49.7,62.5,R,Garrett Whitlock,BOS,6,DET,0,,0,Low,Low,high
0,2,0,0,0,0,1,2026-05-08,hold,824768,10,home,676477,8,77.8,34.8,51.2,51,R,Garrett Whitlock,BOS,3,TBR,0,RHH,0,High,Mid,high
0,1,0,0,0,0,1,2026-05-13,hold,824763,11,home,676477,8,32.1,30.7,33.4,37.3,R,Garrett Whitlock,BOS,3,PHI,0,RHH,0,Low,Low,high
0,2,0,0,0,0,1,2026-05-14,other,824762,11,home,676477,7,32.1,30.7,33.4,37.3,R,Garrett Whitlock,BOS,3,PHI,0,RHH,0,Low,Low,high
1,1,0,0,0,0,1,2026-05-18,hold,824114,12,away,676477,8,57,42.9,50.8,55.5,R,Garrett Whitlock,BOS,4,KCR,0,RHH,0,Mid,Mid,high
0,1,0,0,0,0,1,2026-05-19,other,824112,7,away,676477,8,57,42.9,50.8,55.5,R,Garrett Whitlock,BOS,3,KCR,0,RHH,0,Mid,Mid,high
2,1,1,0,1,0,0.1,2026-05-24,blown_save,824759,14,home,676477,6,39.7,33.8,47.1,67.6,R,Garrett Whitlock,BOS,3,MIN,2,LHH,2,Low,Low,high
1,1,0,0,0,0,1,2026-06-09,other,822969,17,away,676477,8,77.8,34.8,51.2,51,R,Garrett Whitlock,BOS,4,TBR,0,,0,High,Mid,high
0,1,0,0,0,0,1,2026-06-13,other,824749,11,home,676477,7,36.6,27.1,36.4,46.9,R,Garrett Whitlock,BOS,3,TEX,0,RHH,0,Low,Low,high
0,1,0,0,0,0,1,2026-06-20,other,823126,15,away,676477,8,43.3,45.2,49.2,57.9,R,Garrett Whitlock,BOS,3,SEA,0,LHH,0,Low,Low,high
4,0,0,0,0,0,1,2026-06-22,hold,824344,11,away,676477,8,34.5,31.8,26.1,13.5,R,Garrett Whitlock,BOS,5,COL,0,LHH,0,Low,Low,high
1,1,1,0,1,1,1,2026-06-23,other,824340,14,away,676477,9,34.5,31.8,26.1,13.5,R,Garrett Whitlock,BOS,4,COL,0,LHH,0,Low,Low,high
0,1,0,0,0,0,1,2026-06-25,hold,824747,10,home,676477,8,38.8,75.1,66.4,76,R,Garrett Whitlock,BOS,3,NYY,0,LHH,0,Low,High,high
0,0,0,0,0,0,1,2026-06-27,hold,824745,7,home,676477,8,38.8,75.1,66.4,76,R,Garrett Whitlock,BOS,3,NYY,0,RHH,0,Low,High,high
1,2,0,0,0,0,1,2026-06-29,save,824741,11,home,676477,9,43.7,67,67.7,85.6,R,Garrett Whitlock,BOS,4,WSN,0,LHH,0,Low,High,high
0,0,0,0,0,0,0.1,2026-07-03,hold,824013,2,away,676477,8,22.6,13.1,27.4,47.2,R,Garrett Whitlock,BOS,1,LAA,0,LHH,1,Low,Low,high
0,2,0,0,0,0,1,2026-07-05,other,824010,10,away,676477,7,22.6,13.1,27.4,47.2,R,Garrett Whitlock,BOS,3,LAA,0,RHH,0,Low,Low,medium
0,0,0,0,0,0,1,2026-07-07,hold,824579,12,away,676477,8,32.2,45.8,54.2,79.5,R,Garrett Whitlock,BOS,3,CHW,0,LHH,0,Low,Mid,high
0,2,0,0,0,0,1,2026-07-09,hold,824577,17,away,676477,7,32.2,45.8,54.2,79.5,R,Garrett Whitlock,BOS,3,CHW,0,LHH,0,Low,Mid,high
2,0,0,0,0,0,1,2026-07-10,hold,823604,14,away,676477,8,30.6,40,42.5,53.8,R,Garrett Whitlock,BOS,5,NYM,0,LHH,0,Low,Low,high
0,1,0,0,0,0,1,2026-07-12,save,823602,13,away,676477,10,30.6,40,42.5,53.8,R,Garrett Whitlock,BOS,3,NYM,0,LHH,0,Low,Low,high
1,1,0,0,0,0,1,2026-07-17,hold,824737,12,home,676477,7,77.8,34.8,51.2,51,R,Garrett Whitlock,BOS,3,TBR,0,LHH,0,High,Mid,high
0,0,0,0,0,0,1,2026-07-18,hold,824738,8,home,676477,8,77.8,34.8,51.2,51,R,Garrett Whitlock,BOS,3,TBR,0,LHH,0,High,Mid,high
0,1,0,0,0,0,1,2026-07-20,other,824736,11,home,676477,8,31.6,69.3,61.4,73.6,R,Garrett Whitlock,BOS,3,BAL,0,LHH,0,Low,Mid,high
0,0,0,0,0,0,1,2026-07-22,hold,824735,12,home,676477,8,31.6,69.3,61.4,73.6,R,Garrett Whitlock,BOS,3,BAL,0,LHH,0,Low,Mid,high
2,1,1,0,1,0,1,2026-07-24,blown_save,824733,12,home,676477,8,54.7,7.6,29.4,36.4,R,Garrett Whitlock,BOS,5,TOR,0,LHH,0,Mid,Low,high
0,1,0,0,0,0,1,2026-07-27,hold,824977,11,away,676477,8,42.3,37.3,48.1,64.7,R,Garrett Whitlock,BOS,3,ATH,0,LHH,0,Low,Low,high
1,1,0,0,0,0,1,2026-07-29,other,824973,13,away,676477,8,42.3,37.3,48.1,64.7,R,Garrett Whitlock,BOS,4,ATH,0,LHH,0,Low,Low,high
0,1,0,1,0,0,1,2026-08-02,other,823919,12,away,676477,9,68.3,95.7,82.8,78.2,R,Garrett Whitlock,BOS,4,LAD,0,LHH,0,High,High,high
1,2,0,0,0,0,1,2026-08-05,hold,824728,11,home,676477,8,32.2,45.8,54.2,79.5,R,Garrett Whitlock,BOS,4,CHW,0,,0,Low,Mid,high
0,1,1,0,0,0,1,2026-08-06,other,824729,13,home,676477,11,32.2,45.8,54.2,79.5,R,Garrett Whitlock,BOS,3,CHW,0,LHH,0,Low,Mid,high
2,3,1,0,1,0,1,2026-08-09,blown_save,824724,23,home,676477,8,42.3,37.3,48.1,64.7,R,Garrett Whitlock,BOS,5,ATH,0,LHH,0,Low,Low,high
1,2,0,1,0,0,2,2026-03-29,other,824538,25,away,663558,7,32.7,40.9,35.4,31,R,Jovani Morán,BOS,8,CIN,0,RHH,0,Low,Low,high
1,2,1,0,1,1,2,2026-03-31,other,824212,26,away,663558,7,38.5,45.2,48.8,60.3,R,Jovani Morán,BOS,7,HOU,0,RHH,0,Low,Low,medium
1,4,1,1,1,0,3,2026-04-06,blown_save,824783,45,home,663558,5,67.4,75.3,66.3,55.3,R,Jovani Morán,BOS,11,MIL,0,LHH,0,High,High,medium
1,2,0,1,0,0,1,2026-04-10,other,823076,17,away,663558,8,41,40.4,42.1,44.7,R,Jovani Morán,BOS,5,STL,0,LHH,0,Low,Low,high
0,2,0,2,0,0,2.1,2026-04-13,other,823725,35,away,663558,2,39.7,33.8,47.1,67.6,R,Jovani Morán,BOS,9,MIN,0,RHH,0,Low,Low,low
1,3,0,1,0,0,3,2026-04-18,other,824775,41,home,663558,5,43.2,42.5,49.7,62.5,R,Jovani Morán,BOS,11,DET,0,LHH,0,Low,Low,low
3,1,1,1,1,1,2.2,2026-04-24,other,824854,36,away,663558,4,31.6,69.3,61.4,73.6,R,Jovani Morán,BOS,11,BAL,0,,2,Low,Mid,low
1,0,1,1,1,0,2.2,2026-04-29,other,822821,39,away,663558,5,54.7,7.6,29.4,36.4,R,Jovani Morán,BOS,11,TOR,1,,1,Mid,Low,low
0,1,0,1,0,0,0.2,2026-05-03,other,824769,11,home,663558,7,38.5,45.2,48.8,60.3,R,Jovani Morán,BOS,3,HOU,0,RHH,0,Low,Low,high
0,0,0,1,0,0,1.1,2026-05-10,other,824765,16,home,663558,8,77.8,34.8,51.2,51,R,Jovani Morán,BOS,4,TBR,0,LHH,1,High,Mid,high
1,3,0,0,0,0,1.2,2026-05-15,other,824925,21,away,663558,7,51.3,55.8,59,68.1,R,Jovani Morán,BOS,6,ATL,0,,0,Mid,Mid,high
0,3,0,0,0,0,1,2026-05-19,other,824112,17,away,663558,9,57,42.9,50.8,55.5,R,Jovani Morán,BOS,3,KCR,0,LHH,0,Mid,Mid,high
0,1,0,0,0,0,0.1,2026-05-20,hold,824111,4,away,663558,8,57,42.9,50.8,55.5,R,Jovani Morán,BOS,1,KCR,0,LHH,1,Mid,Mid,high
0,2,0,0,0,0,1,2026-05-24,other,824759,14,home,663558,7,39.7,33.8,47.1,67.6,R,Jovani Morán,BOS,3,MIN,0,RHH,0,Low,Low,high
1,2,1,0,1,1,2,2026-05-28,other,824757,31,home,663558,7,51.3,55.8,59,68.1,R,Jovani Morán,BOS,7,ATL,0,,0,Mid,Mid,medium
0,1,0,0,0,0,1.1,2026-05-31,other,824430,22,away,663558,6,50,36.8,42.8,44.4,R,Jovani Morán,BOS,5,CLE,0,RHH,0,Mid,Low,medium
1,3,0,1,0,0,2,2026-06-04,other,824753,31,home,663558,6,31.6,69.3,61.4,73.6,R,Jovani Morán,BOS,8,BAL,0,,0,Low,Mid,low
0,3,1,2,1,0,1.2,2026-07-01,other,824740,26,home,663558,6,43.7,67,67.7,85.6,R,Jovani Morán,BOS,7,WSN,0,,0,Low,High,low
0,2,0,0,0,0,1,2026-07-04,other,824012,13,away,663558,7,22.6,13.1,27.4,47.2,R,Jovani Morán,BOS,3,LAA,0,RHH,0,Low,Low,medium
0,2,0,0,0,0,1,2026-07-08,other,824578,12,away,663558,9,32.2,45.8,54.2,79.5,R,Jovani Morán,BOS,3,CHW,0,RHH,0,Low,Mid,high
0,1,0,1,0,0,1.2,2026-07-11,other,823603,25,away,663558,5,30.6,40,42.5,53.8,R,Jovani Morán,BOS,6,NYM,0,LHH,1,Low,Low,medium
0,0,0,0,0,0,2,2026-07-17,hold,824737,11,home,663558,4,77.8,34.8,51.2,51,R,Jovani Morán,BOS,6,TBR,0,RHH,1,High,Mid,medium
1,0,0,0,0,0,1,2026-07-19,other,824739,15,home,663558,8,77.8,34.8,51.2,51,R,Jovani Morán,BOS,4,TBR,0,LHH,0,High,Mid,high
1,1,1,1,1,0,1,2026-07-22,other,824732,23,home,663558,7,31.6,69.3,61.4,73.6,R,Jovani Morán,BOS,5,BAL,0,LHH,0,Low,Mid,medium
0,2,0,0,0,0,1,2026-07-27,hold,824977,11,away,663558,7,42.3,37.3,48.1,64.7,R,Jovani Morán,BOS,3,ATH,0,RHH,0,Low,Low,high
1,1,0,0,0,0,0.2,2026-07-28,other,824976,13,away,663558,7,42.3,37.3,48.1,64.7,R,Jovani Morán,BOS,3,ATH,0,RHH,0,Low,Low,medium
3,0,1,0,1,1,0.1,2026-07-31,other,823922,16,away,663558,5,68.3,95.7,82.8,78.2,R,Jovani Morán,BOS,4,LAD,1,RHH,1,High,High,medium
1,0,0,0,0,0,0.2,2026-08-02,other,823919,15,away,663558,8,68.3,95.7,82.8,78.2,R,Jovani Morán,BOS,3,LAD,0,RHH,0,High,High,high
0,3,0,1,0,0,1,2026-08-05,other,824728,15,home,663558,9,32.2,45.8,54.2,79.5,R,Jovani Morán,BOS,4,CHW,0,RHH,0,Low,Mid,high
0,0,0,2,0,0,1,2026-08-06,other,824729,14,home,663558,9,32.2,45.8,54.2,79.5,R,Jovani Morán,BOS,5,CHW,0,LHH,0,Low,Mid,high
0,1,0,0,0,0,1,2026-08-09,hold,824724,15,home,663558,7,42.3,37.3,48.1,64.7,R,Jovani Morán,BOS,3,ATH,0,LHH,0,Low,Low,high
1,1,0,0,0,0,2,2026-08-10,other,822780,28,away,663558,7,54.7,7.6,29.4,36.4,R,Jovani Morán,BOS,8,TOR,0,RHH,0,Mid,Low,high
0,2,0,1,0,0,1,2026-03-26,hold,824541,17,away,686580,7,32.7,40.9,35.4,31,R,Justin Slaten,BOS,4,CIN,0,,0,Low,Low,high
1,1,1,1,0,0,0.1,2026-03-28,other,824540,11,away,686580,11,32.7,40.9,35.4,31,R,Justin Slaten,BOS,3,CIN,0,RHH,0,Low,Low,high
0,1,0,0,0,0,1,2026-04-03,hold,824786,9,home,686580,8,40.5,52.4,53.2,63.3,R,Justin Slaten,BOS,3,SDP,0,LHH,0,Low,Mid,high
1,1,0,0,0,0,1,2026-04-04,other,824782,19,home,686580,7,40.5,52.4,53.2,63.3,R,Justin Slaten,BOS,4,SDP,0,RHH,0,Low,Mid,high
0,1,0,0,0,0,1,2026-05-10,other,824765,15,home,686580,7,77.8,34.8,51.2,51,R,Justin Slaten,BOS,3,TBR,0,LHH,0,High,Mid,medium
1,0,0,0,0,0,1,2026-05-13,hold,824763,14,home,686580,7,32.1,30.7,33.4,37.3,R,Justin Slaten,BOS,4,PHI,0,,0,Low,Low,high
1,1,0,0,0,0,0.2,2026-05-14,other,824762,8,home,686580,6,32.1,30.7,33.4,37.3,R,Justin Slaten,BOS,3,PHI,0,RHH,1,Low,Low,medium
0,2,0,0,0,0,1,2026-05-18,hold,824114,17,away,686580,7,57,42.9,50.8,55.5,R,Justin Slaten,BOS,3,KCR,0,LHH,1,Mid,Mid,high
0,2,0,0,0,0,1,2026-05-19,hold,824112,12,away,686580,7,57,42.9,50.8,55.5,R,Justin Slaten,BOS,3,KCR,0,LHH,0,Mid,Mid,high
4,1,4,1,4,2,0.2,2026-05-22,blown_save,824761,28,home,686580,7,39.7,33.8,47.1,67.6,R,Justin Slaten,BOS,7,MIN,0,RHH,0,Low,Low,medium
1,2,0,1,0,0,1.1,2026-05-30,hold,824431,21,away,686580,7,50,36.8,42.8,44.4,R,Justin Slaten,BOS,6,CLE,0,LHH,1,Mid,Low,high
0,0,0,0,0,0,1,2026-06-05,hold,823538,4,away,686580,8,38.8,75.1,66.4,76,R,Justin Slaten,BOS,3,NYY,0,LHH,0,Low,High,high
3,2,4,1,4,1,0.2,2026-06-07,other,823537,25,away,686580,8,38.8,75.1,66.4,76,R,Justin Slaten,BOS,6,NYY,0,,0,Low,High,high
3,0,2,0,2,1,0.2,2026-06-10,other,822970,19,away,686580,8,77.8,34.8,51.2,51,R,Justin Slaten,BOS,5,TBR,0,RHH,0,High,Mid,high
1,1,0,0,0,0,1,2026-06-13,other,824749,16,home,686580,6,36.6,27.1,36.4,46.9,R,Justin Slaten,BOS,4,TEX,0,RHH,0,Low,Low,medium
2,1,0,0,0,0,1,2026-06-18,other,824748,15,home,686580,8,54.7,7.6,29.4,36.4,R,Justin Slaten,BOS,4,TOR,0,,0,Mid,Low,high
0,1,0,0,0,0,0.1,2026-06-19,hold,823124,6,away,686580,7,43.3,45.2,49.2,57.9,R,Justin Slaten,BOS,1,SEA,0,LHH,3,Low,Low,high
1,0,0,0,0,0,1,2026-06-23,other,824340,7,away,686580,8,34.5,31.8,26.1,13.5,R,Justin Slaten,BOS,3,COL,0,LHH,0,Low,Low,high
4,1,2,0,2,0,1,2026-06-24,other,824341,19,away,686580,8,34.5,31.8,26.1,13.5,R,Justin Slaten,BOS,7,COL,0,LHH,0,Low,Low,high
0,2,0,0,0,0,0.2,2026-06-27,hold,824745,12,home,686580,7,38.8,75.1,66.4,76,R,Justin Slaten,BOS,2,NYY,0,,2,Low,High,high
1,1,2,0,0,0,1,2026-06-28,other,824744,16,home,686580,10,38.8,75.1,66.4,76,R,Justin Slaten,BOS,5,NYY,0,RHH,0,Low,High,high
2,2,1,0,1,0,0.2,2026-06-30,other,824742,13,home,686580,7,43.7,67,67.7,85.6,R,Justin Slaten,BOS,4,WSN,2,LHH,2,Low,High,high
2,1,1,0,1,0,1,2026-07-05,other,824010,18,away,686580,8,22.6,13.1,27.4,47.2,R,Justin Slaten,BOS,5,LAA,0,RHH,0,Low,Low,high
0,2,0,0,0,0,0.2,2026-07-07,hold,824579,10,away,686580,7,32.2,45.8,54.2,79.5,R,Justin Slaten,BOS,2,CHW,0,LHH,2,Low,Mid,high
0,1,0,0,0,0,1,2026-07-09,hold,824577,8,away,686580,8,32.2,45.8,54.2,79.5,R,Justin Slaten,BOS,3,CHW,0,LHH,0,Low,Mid,high
1,2,0,1,0,0,0.2,2026-07-11,hold,823603,17,away,686580,7,30.6,40,42.5,53.8,R,Justin Slaten,BOS,4,NYM,0,,1,Low,Low,high
0,1,0,0,0,0,1,2026-07-17,hold,824737,12,home,686580,8,77.8,34.8,51.2,51,R,Justin Slaten,BOS,3,TBR,0,RHH,0,High,Mid,high
1,1,0,0,0,0,1.1,2026-07-22,hold,824735,19,home,686580,6,31.6,69.3,61.4,73.6,R,Justin Slaten,BOS,5,BAL,0,LHH,1,Low,Mid,medium
0,1,0,0,0,0,1,2026-07-26,hold,824730,12,home,686580,7,54.7,7.6,29.4,36.4,R,Justin Slaten,BOS,3,TOR,0,LHH,0,Mid,Low,medium
0,0,0,0,0,0,0.2,2026-07-27,hold,824977,5,away,686580,6,42.3,37.3,48.1,64.7,R,Justin Slaten,BOS,2,ATH,0,,0,Low,Low,medium
1,1,0,0,0,0,1,2026-07-29,other,824973,19,away,686580,7,42.3,37.3,48.1,64.7,R,Justin Slaten,BOS,5,ATH,0,LHH,0,Low,Low,high
0,1,0,0,0,0,1,2026-08-01,other,823920,8,away,686580,7,68.3,95.7,82.8,78.2,R,Justin Slaten,BOS,3,LAD,0,LHH,0,High,High,high
0,0,0,0,0,0,0.1,2026-08-02,hold,823919,5,away,686580,6,68.3,95.7,82.8,78.2,R,Justin Slaten,BOS,1,LAD,0,RHH,1,High,High,medium
3,2,2,0,1,0,1,2026-08-06,other,824729,17,home,686580,5,32.2,45.8,54.2,79.5,R,Justin Slaten,BOS,6,CHW,0,LHH,0,Low,Mid,medium
1,0,1,1,1,0,0.2,2026-08-08,other,824726,14,home,686580,6,42.3,37.3,48.1,64.7,R,Justin Slaten,BOS,4,ATH,1,,1,Low,Low,medium
0,1,0,1,0,0,1,2026-08-12,other,822779,21,away,686580,6,54.7,7.6,29.4,36.4,R,Justin Slaten,BOS,4,TOR,0,RHH,0,Mid,Low,medium
0,1,0,1,0,0,1,2026-05-22,other,824761,16,home,594027,9,39.7,33.8,47.1,67.6,R,Tyron Guerrero,BOS,4,MIN,1,,3,Low,Low,high
2,2,2,0,2,0,0.2,2026-05-24,hold,824759,14,home,594027,6,39.7,33.8,47.1,67.6,R,Tyron Guerrero,BOS,4,MIN,0,,0,Low,Low,medium
2,4,2,0,2,1,2,2026-05-26,other,824758,36,home,594027,8,51.3,55.8,59,68.1,R,Tyron Guerrero,BOS,8,ATL,0,RHH,0,Mid,Mid,high
1,0,0,0,0,0,0.1,2026-05-28,other,824757,8,home,594027,5,51.3,55.8,59,68.1,R,Tyron Guerrero,BOS,2,ATL,0,,1,Mid,Mid,medium
1,1,0,0,0,0,0.2,2026-05-30,hold,824431,7,away,594027,7,50,36.8,42.8,44.4,R,Tyron Guerrero,BOS,3,CLE,0,LHH,0,Mid,Low,high
1,1,0,0,0,0,0.2,2026-05-31,other,824430,15,away,594027,7,50,36.8,42.8,44.4,R,Tyron Guerrero,BOS,3,CLE,0,RHH,0,Mid,Low,medium
0,1,0,0,0,0,0.2,2026-06-07,other,823537,10,away,594027,7,38.8,75.1,66.4,76,R,Tyron Guerrero,BOS,2,NYY,0,,0,Low,High,high
1,2,0,0,0,0,1.1,2026-06-08,other,822972,16,away,594027,5,77.8,34.8,51.2,51,R,Tyron Guerrero,BOS,5,TBR,0,RHH,1,High,Mid,medium
0,0,0,0,0,0,1,2026-06-12,other,824752,12,home,594027,7,36.6,27.1,36.4,46.9,R,Tyron Guerrero,BOS,3,TEX,0,RHH,0,Low,Low,medium
2,1,1,0,1,1,0.1,2026-06-13,hold,824749,18,home,594027,8,36.6,27.1,36.4,46.9,R,Tyron Guerrero,BOS,4,TEX,0,RHH,0,Low,Low,high
1,3,0,0,0,0,1.2,2026-06-17,other,824746,18,home,594027,6,54.7,7.6,29.4,36.4,R,Tyron Guerrero,BOS,6,TOR,0,RHH,1,Mid,Low,medium
0,2,0,0,0,0,1,2026-06-20,other,823126,14,away,594027,7,43.3,45.2,49.2,57.9,R,Tyron Guerrero,BOS,3,SEA,0,LHH,0,Low,Low,medium
0,0,0,0,0,0,1,2026-06-22,hold,824344,8,away,594027,7,34.5,31.8,26.1,13.5,R,Tyron Guerrero,BOS,3,COL,0,LHH,0,Low,Low,high
2,1,3,0,0,0,0.2,2026-06-24,hold,824341,25,away,594027,7,34.5,31.8,26.1,13.5,R,Tyron Guerrero,BOS,6,COL,0,LHH,0,Low,Low,medium
0,0,0,0,0,0,0.2,2026-06-28,hold,824744,9,home,594027,8,38.8,75.1,66.4,76,R,Tyron Guerrero,BOS,2,NYY,0,LHH,1,Low,High,high
1,2,0,0,0,0,1,2026-06-29,hold,824741,15,home,594027,8,43.7,67,67.7,85.6,R,Tyron Guerrero,BOS,4,WSN,0,LHH,0,Low,High,high
0,1,0,1,0,0,2,2026-07-05,hold,824010,26,away,594027,5,22.6,13.1,27.4,47.2,R,Tyron Guerrero,BOS,7,LAA,0,RHH,0,Low,Low,medium
2,1,0,0,0,0,1.2,2026-07-09,other,824577,19,away,594027,5,32.2,45.8,54.2,79.5,R,Tyron Guerrero,BOS,7,CHW,1,LHH,2,Low,Mid,medium
2,0,0,0,0,0,1,2026-07-10,hold,823604,19,away,594027,7,30.6,40,42.5,53.8,R,Tyron Guerrero,BOS,4,NYM,0,,0,Low,Low,medium
1,1,0,0,0,0,1,2026-07-17,hold,824737,13,home,594027,6,77.8,34.8,51.2,51,R,Tyron Guerrero,BOS,4,TBR,0,,0,High,Mid,medium
2,3,1,0,1,0,1.1,2026-07-20,other,824736,19,home,594027,6,31.6,69.3,61.4,73.6,R,Tyron Guerrero,BOS,6,BAL,0,RHH,2,Low,Mid,high
0,1,0,0,0,0,1.1,2026-07-24,other,824733,13,home,594027,5,54.7,7.6,29.4,36.4,R,Tyron Guerrero,BOS,4,TOR,0,RHH,2,Mid,Low,medium
1,0,0,1,0,0,1,2026-07-26,hold,824730,16,home,594027,6,54.7,7.6,29.4,36.4,R,Tyron Guerrero,BOS,5,TOR,0,RHH,0,Mid,Low,medium
0,1,0,0,0,0,1,2026-07-29,other,824973,11,away,594027,6,42.3,37.3,48.1,64.7,R,Tyron Guerrero,BOS,3,ATH,0,LHH,0,Low,Low,medium
1,0,0,0,0,0,1,2026-08-01,hold,823920,11,away,594027,8,68.3,95.7,82.8,78.2,R,Tyron Guerrero,BOS,4,LAD,0,LHH,0,High,High,high
2,1,1,0,1,0,1,2026-08-02,hold,823919,23,away,594027,7,68.3,95.7,82.8,78.2,R,Tyron Guerrero,BOS,5,LAD,0,LHH,0,High,High,medium
0,1,0,0,0,0,1,2026-08-05,hold,824728,7,home,594027,7,32.2,45.8,54.2,79.5,R,Tyron Guerrero,BOS,3,CHW,0,LHH,0,Low,Mid,high
0,1,0,0,0,0,1,2026-08-06,other,824729,9,home,594027,6,32.2,45.8,54.2,79.5,R,Tyron Guerrero,BOS,3,CHW,0,RHH,0,Low,Mid,medium
0,1,0,0,0,0,1,2026-08-09,hold,824724,15,home,594027,6,42.3,37.3,48.1,64.7,R,Tyron Guerrero,BOS,3,ATH,0,LHH,0,Low,Low,medium
0,1,0,0,0,0,1,2026-08-11,other,822778,9,away,594027,7,54.7,7.6,29.4,36.4,R,Tyron Guerrero,BOS,3,TOR,0,RHH,0,Mid,Low,high
6,4,4,1,4,0,2.1,2026-07-10,other,824575,58,away,650644,2,32.2,45.8,54.2,79.5,R,Aaron Civale,CHC,14,CHW,0,RHH,0,Low,Mid,medium
4,2,2,2,2,1,2.1,2026-07-21,other,824652,47,home,650644,7,43.2,42.5,49.7,62.5,R,Aaron Civale,CHC,13,DET,0,RHH,1,Low,Low,medium
1,3,0,0,0,0,2,2026-07-26,other,823354,27,away,650644,6,33.5,60.7,62.1,84.2,R,Aaron Civale,CHC,7,PIT,0,LHH,0,Low,Mid,low
0,1,0,0,0,0,0.2,2026-07-30,save,823023,9,away,650644,10,41,40.4,42.1,44.7,R,Aaron Civale,CHC,2,STL,0,LHH,1,Low,Low,high
1,0,0,0,0,0,1.1,2026-08-02,other,824648,18,home,650644,8,38.8,75.1,66.4,76,R,Aaron Civale,CHC,5,NYY,0,,0,Low,High,high
4,3,1,0,1,0,3,2026-08-06,other,824664,45,home,650644,7,54.7,7.6,29.4,36.4,R,Aaron Civale,CHC,13,TOR,0,RHH,0,Mid,Low,high
0,1,0,1,0,0,1,2026-03-28,other,824701,16,home,573204,8,43.7,67,67.7,85.6,R,Caleb Thielbar,CHC,4,WSN,0,RHH,0,Low,High,high
0,2,0,0,0,0,1,2026-04-01,other,824698,13,home,573204,8,22.6,13.1,27.4,47.2,R,Caleb Thielbar,CHC,3,LAA,0,RHH,0,Low,Low,high
0,0,0,1,0,0,1.1,2026-04-05,other,824459,28,away,573204,6,50,36.8,42.8,44.4,R,Caleb Thielbar,CHC,5,CLE,0,LHH,3,Mid,Low,high
0,0,0,0,0,0,0.1,2026-04-07,other,822999,2,away,573204,8,77.8,34.8,51.2,51,R,Caleb Thielbar,CHC,1,TBR,0,LHH,2,High,Mid,high
3,0,2,0,2,1,0.2,2026-04-10,other,824695,21,home,573204,7,33.5,60.7,62.1,84.2,R,Caleb Thielbar,CHC,5,PIT,0,RHH,0,Low,Mid,high
0,3,1,1,0,0,1,2026-04-11,other,824697,19,home,573204,11,33.5,60.7,62.1,84.2,R,Caleb Thielbar,CHC,5,PIT,0,RHH,0,Low,Mid,high
1,2,0,1,0,0,0.2,2026-04-14,hold,823478,18,away,573204,8,32.1,30.7,33.4,37.3,R,Caleb Thielbar,CHC,4,PHI,0,,1,Low,Low,high
0,2,0,0,0,0,1,2026-04-18,save,824694,14,home,573204,9,30.6,40,42.5,53.8,R,Caleb Thielbar,CHC,3,NYM,0,RHH,0,Low,Low,high
1,1,0,0,0,0,1,2026-04-19,other,824691,16,home,573204,10,30.6,40,42.5,53.8,R,Caleb Thielbar,CHC,4,NYM,0,RHH,0,Low,Low,high
0,0,0,0,0,0,0.2,2026-04-21,save,824690,6,home,573204,9,32.1,30.7,33.4,37.3,R,Caleb Thielbar,CHC,2,PHI,0,RHH,2,Low,Low,high
1,0,0,0,0,0,1,2026-05-19,other,824677,22,home,573204,7,67.4,75.3,66.3,55.3,R,Caleb Thielbar,CHC,4,MIL,0,LHH,0,High,High,medium
1,1,1,1,1,0,1,2026-05-24,other,824676,13,home,573204,9,38.5,45.2,48.8,60.3,R,Caleb Thielbar,CHC,5,HOU,0,RHH,0,Low,Low,high
1,1,0,0,0,0,1,2026-05-27,other,823376,17,away,573204,8,33.5,60.7,62.1,84.2,R,Caleb Thielbar,CHC,4,PIT,0,,0,Low,Mid,high
0,2,0,2,0,0,1,2026-05-28,hold,823378,27,away,573204,7,33.5,60.7,62.1,84.2,R,Caleb Thielbar,CHC,5,PIT,0,LHH,0,Low,Mid,high
3,0,2,0,2,1,0.2,2026-06-03,blown_save,824671,16,home,573204,8,42.3,37.3,48.1,64.7,R,Caleb Thielbar,CHC,4,ATH,0,,0,Low,Low,high
0,0,0,0,0,0,1,2026-06-05,other,824673,13,home,573204,8,35.1,17.2,38.2,64.4,R,Caleb Thielbar,CHC,3,SFG,0,RHH,0,Low,Low,high
1,2,1,0,1,1,0.2,2026-06-06,other,824669,11,home,573204,6,35.1,17.2,38.2,64.4,R,Caleb Thielbar,CHC,3,SFG,0,LHH,0,Low,Low,medium
0,2,0,0,0,0,1.1,2026-06-10,hold,824348,20,away,573204,6,34.5,31.8,26.1,13.5,R,Caleb Thielbar,CHC,4,COL,0,RHH,2,Low,Low,high
0,1,0,0,0,0,1.2,2026-06-13,other,823213,23,away,573204,7,35.1,17.2,38.2,64.4,R,Caleb Thielbar,CHC,5,SFG,0,LHH,0,Low,Low,medium
1,2,2,1,2,1,1,2026-06-15,blown_save,824666,15,home,573204,8,34.5,31.8,26.1,13.5,R,Caleb Thielbar,CHC,5,COL,1,LHH,1,Low,Low,high
0,1,0,1,0,0,0.2,2026-06-17,hold,824668,16,home,573204,8,34.5,31.8,26.1,13.5,R,Caleb Thielbar,CHC,3,COL,0,RHH,0,Low,Low,high
1,0,2,1,2,0,0.1,2026-06-20,hold,824665,13,home,573204,7,54.7,7.6,29.4,36.4,R,Caleb Thielbar,CHC,3,TOR,0,RHH,0,Mid,Low,high
1,2,0,0,0,0,1,2026-06-24,hold,823613,19,away,573204,7,30.6,40,42.5,53.8,R,Caleb Thielbar,CHC,4,NYM,0,LHH,0,Low,Low,medium
0,2,0,0,0,0,1,2026-06-25,other,823612,12,away,573204,8,30.6,40,42.5,53.8,R,Caleb Thielbar,CHC,3,NYM,0,LHH,0,Low,Low,high
0,2,0,1,0,0,1,2026-06-28,other,823769,16,away,573204,7,67.4,75.3,66.3,55.3,R,Caleb Thielbar,CHC,4,MIL,0,RHH,0,High,High,high
1,0,0,1,0,0,0.1,2026-06-29,other,824662,14,home,573204,8,40.5,52.4,53.2,63.3,R,Caleb Thielbar,CHC,3,SDP,0,RHH,1,Low,Mid,high
0,1,0,0,0,0,1.1,2026-07-04,other,824658,12,home,573204,8,41,40.4,42.1,44.7,R,Caleb Thielbar,CHC,4,STL,0,LHH,1,Low,Low,high
3,2,2,0,2,2,1,2026-07-08,other,824815,21,away,573204,8,31.6,69.3,61.4,73.6,R,Caleb Thielbar,CHC,6,BAL,0,,0,Low,Mid,high
0,1,0,0,0,0,0.2,2026-07-09,other,824816,6,away,573204,7,31.6,69.3,61.4,73.6,R,Caleb Thielbar,CHC,2,BAL,0,RHH,0,Low,Mid,high
1,2,0,0,0,0,1,2026-07-11,hold,824492,14,away,573204,7,32.7,40.9,35.4,31,R,Caleb Thielbar,CHC,4,CIN,0,RHH,0,Low,Low,high
2,0,0,0,0,0,0.1,2026-07-12,other,824491,12,away,573204,9,32.7,40.9,35.4,31,R,Caleb Thielbar,CHC,3,CIN,0,RHH,0,Low,Low,high
1,2,1,0,1,1,1,2026-07-18,other,824657,15,home,573204,7,39.7,33.8,47.1,67.6,R,Caleb Thielbar,CHC,4,MIN,0,RHH,0,Low,Low,medium
0,0,0,0,0,0,0.1,2026-07-20,other,824654,5,home,573204,7,43.2,42.5,49.7,62.5,R,Caleb Thielbar,CHC,1,DET,0,LHH,2,Low,Low,high
1,2,0,0,0,0,1,2026-07-22,other,824650,21,home,573204,8,43.2,42.5,49.7,62.5,R,Caleb Thielbar,CHC,4,DET,0,,0,Low,Low,high
0,1,0,0,0,0,1,2026-07-24,other,823352,12,away,573204,9,33.5,60.7,62.1,84.2,R,Caleb Thielbar,CHC,3,PIT,0,RHH,0,Low,Mid,high
1,2,0,0,0,0,1,2026-07-29,other,823022,18,away,573204,9,41,40.4,42.1,44.7,R,Caleb Thielbar,CHC,4,STL,0,RHH,0,Low,Low,high
1,1,1,0,1,1,1,2026-07-30,blown_save,823023,11,away,573204,7,41,40.4,42.1,44.7,R,Caleb Thielbar,CHC,4,STL,0,,0,Low,Low,high
1,0,0,0,0,0,1,2026-08-01,save,824649,13,home,573204,9,38.8,75.1,66.4,76,R,Caleb Thielbar,CHC,3,NYY,0,RHH,0,Low,High,high
4,0,4,0,4,1,0.1,2026-08-05,other,824646,19,home,573204,8,68.3,95.7,82.8,78.2,R,Caleb Thielbar,CHC,5,LAD,0,RHH,0,High,High,high
0,0,0,0,0,0,1,2026-08-06,other,824664,12,home,573204,10,54.7,7.6,29.4,36.4,R,Caleb Thielbar,CHC,3,TOR,0,RHH,0,Mid,Low,high
3,1,2,0,2,0,0.1,2026-08-07,other,824081,13,away,573204,8,57,42.9,50.8,55.5,R,Caleb Thielbar,CHC,4,KCR,0,,0,Mid,Mid,high
4,4,2,0,2,1,3,2026-03-30,save,824702,42,home,607067,7,22.6,13.1,27.4,47.2,R,Colin Rea,CHC,13,LAA,0,RHH,0,Low,Low,medium
4,4,1,1,1,0,3.1,2026-04-03,other,824458,57,away,607067,2,50,36.8,42.8,44.4,R,Colin Rea,CHC,14,CLE,0,LHH,1,Mid,Low,medium
4,5,3,0,3,1,6,2026-04-14,other,823478,87,away,607067,2,32.1,30.7,33.4,37.3,R,Colin Rea,CHC,22,PHI,0,,0,Low,Low,medium
6,2,4,3,4,1,4.2,2026-06-14,other,823212,90,away,607067,2,35.1,17.2,38.2,64.4,R,Colin Rea,CHC,24,SFG,0,RHH,0,Low,Low,medium
4,0,2,2,2,1,4,2026-08-08,other,824079,63,away,607067,5,57,42.9,50.8,55.5,R,Colin Rea,CHC,18,KCR,0,LHH,0,Mid,Mid,medium
3,1,0,0,0,0,3.2,2026-04-19,other,824691,47,away,656849,3,62.9,82.6,69.2,58.4,R,David Peterson,CHC,13,CHC,0,RHH,0,Mid,High,medium
4,2,1,1,1,1,3.1,2026-04-23,hold,823639,45,home,656849,4,39.7,33.8,47.1,67.6,R,David Peterson,CHC,15,MIN,1,RHH,1,Low,Low,low
3,6,2,0,2,0,4,2026-05-04,other,824363,69,away,656849,4,34.5,31.8,26.1,13.5,R,David Peterson,CHC,15,COL,0,RHH,0,Low,Low,medium
4,3,3,0,0,0,5,2026-05-10,other,825085,77,away,656849,3,58.2,31.7,40.5,37.8,R,David Peterson,CHC,22,ARI,0,LHH,0,Mid,Low,medium
6,8,2,3,2,0,4,2026-05-16,other,823627,82,home,656849,2,38.8,75.1,66.4,76,R,David Peterson,CHC,22,NYY,0,LHH,0,Low,High,medium
1,3,0,1,0,0,4,2026-05-31,save,823621,51,home,656849,6,40.1,39.3,48.6,65.4,R,David Peterson,CHC,15,MIA,0,RHH,0,Low,Low,low
7,1,6,2,6,2,3.2,2026-06-10,other,823618,63,home,656849,2,41,40.4,42.1,44.7,R,David Peterson,CHC,20,STL,0,LHH,0,Low,Low,medium
2,1,3,2,3,1,3,2026-06-15,other,824505,54,away,656849,6,32.7,40.9,35.4,31,R,David Peterson,CHC,13,CIN,0,RHH,0,Low,Low,low
1,2,2,0,0,1,1,2026-03-26,other,824704,15,home,657097,9,43.7,67,67.7,85.6,R,Jacob Webb,CHC,5,WSN,0,LHH,0,Low,High,high
0,0,0,2,0,0,1,2026-03-28,other,824701,16,home,657097,9,43.7,67,67.7,85.6,R,Jacob Webb,CHC,4,WSN,0,LHH,0,Low,High,high
1,1,0,1,0,0,1.1,2026-04-03,other,824458,29,away,657097,7,50,36.8,42.8,44.4,R,Jacob Webb,CHC,5,CLE,0,LHH,0,Mid,Low,medium
3,0,3,1,3,1,0.1,2026-04-05,blown_save,824460,20,away,657097,8,50,36.8,42.8,44.4,R,Jacob Webb,CHC,5,CLE,0,LHH,0,Mid,Low,high
0,1,0,1,0,0,1,2026-04-07,other,822999,14,away,657097,9,77.8,34.8,51.2,51,R,Jacob Webb,CHC,4,TBR,0,LHH,0,High,Mid,high
1,2,0,0,0,0,1,2026-04-11,other,824697,17,home,657097,8,33.5,60.7,62.1,84.2,R,Jacob Webb,CHC,3,PIT,0,RHH,0,Low,Mid,high
0,1,0,0,0,0,0.2,2026-04-13,other,823481,8,away,657097,5,32.1,30.7,33.4,37.3,R,Jacob Webb,CHC,2,PHI,0,,1,Low,Low,low
2,0,1,0,1,0,0.1,2026-04-14,other,823478,15,away,657097,8,32.1,30.7,33.4,37.3,R,Jacob Webb,CHC,3,PHI,0,RHH,0,Low,Low,high
4,1,1,0,1,0,1,2026-04-17,other,824693,25,home,657097,8,30.6,40,42.5,53.8,R,Jacob Webb,CHC,6,NYM,0,RHH,0,Low,Low,high
0,2,0,0,0,0,1.1,2026-04-19,other,824691,21,home,657097,6,30.6,40,42.5,53.8,R,Jacob Webb,CHC,4,NYM,0,LHH,1,Low,Low,medium
2,0,1,0,0,0,0.1,2026-04-21,other,824690,7,home,657097,9,32.1,30.7,33.4,37.3,R,Jacob Webb,CHC,4,PHI,0,RHH,0,Low,Low,high
1,1,0,1,0,0,0.1,2026-04-23,blown_save,824689,11,home,657097,8,32.1,30.7,33.4,37.3,R,Jacob Webb,CHC,3,PHI,1,RHH,2,Low,Low,high
1,1,1,0,1,1,1,2026-04-27,other,823311,15,away,657097,8,40.5,52.4,53.2,63.3,R,Jacob Webb,CHC,4,SDP,0,,0,Low,Mid,high
0,3,0,1,0,0,2,2026-05-01,save,824686,36,home,657097,8,58.2,31.7,40.5,37.8,R,Jacob Webb,CHC,7,ARI,0,LHH,0,Mid,Low,high
0,1,0,0,0,0,1,2026-05-05,other,824682,17,home,657097,8,32.7,40.9,35.4,31,R,Jacob Webb,CHC,4,CIN,0,LHH,0,Low,Low,high
0,1,0,0,0,0,1.2,2026-05-06,hold,824683,14,home,657097,6,32.7,40.9,35.4,31,R,Jacob Webb,CHC,5,CIN,0,,2,Low,Low,high
2,1,1,1,1,0,1,2026-05-09,other,822905,26,away,657097,6,36.6,27.1,36.4,46.9,R,Jacob Webb,CHC,6,TEX,0,,0,Low,Low,low
0,1,0,0,0,0,1,2026-05-12,other,824927,13,away,657097,7,51.3,55.8,59,68.1,R,Jacob Webb,CHC,3,ATL,0,LHH,0,Mid,Mid,medium
1,1,0,0,0,0,1,2026-05-14,hold,824926,16,away,657097,8,51.3,55.8,59,68.1,R,Jacob Webb,CHC,4,ATL,0,LHH,0,Mid,Mid,high
1,3,0,0,0,0,1.1,2026-05-17,other,824599,24,away,657097,5,32.2,45.8,54.2,79.5,R,Jacob Webb,CHC,5,CHW,0,LHH,1,Low,Mid,medium
2,0,0,0,0,0,1,2026-05-19,other,824677,16,home,657097,6,67.4,75.3,66.3,55.3,R,Jacob Webb,CHC,5,MIL,0,LHH,0,High,High,medium
0,2,0,0,0,0,1,2026-05-22,other,824679,15,home,657097,8,38.5,45.2,48.8,60.3,R,Jacob Webb,CHC,3,HOU,0,RHH,0,Low,Low,high
2,2,0,0,0,0,1,2026-05-25,other,823380,23,away,657097,8,33.5,60.7,62.1,84.2,R,Jacob Webb,CHC,5,PIT,0,RHH,0,Low,Mid,high
0,3,0,0,0,0,1,2026-05-27,other,823376,17,away,657097,6,33.5,60.7,62.1,84.2,R,Jacob Webb,CHC,3,PIT,0,RHH,0,Low,Mid,medium
0,1,0,1,0,0,1,2026-05-30,hold,823054,19,away,657097,8,41,40.4,42.1,44.7,R,Jacob Webb,CHC,4,STL,0,LHH,0,Low,Low,high
1,1,0,0,0,0,1,2026-06-03,hold,824671,16,home,657097,7,42.3,37.3,48.1,64.7,R,Jacob Webb,CHC,4,ATH,0,,0,Low,Low,high
1,1,0,1,0,0,2,2026-06-06,other,824669,32,home,657097,7,35.1,17.2,38.2,64.4,R,Jacob Webb,CHC,8,SFG,0,LHH,0,Low,Low,high
0,1,0,0,0,0,0.2,2026-06-07,other,824670,7,home,657097,8,35.1,17.2,38.2,64.4,R,Jacob Webb,CHC,2,SFG,0,LHH,0,Low,Low,high
3,1,2,0,2,1,1,2026-06-10,blown_save,824348,12,away,657097,8,34.5,31.8,26.1,13.5,R,Jacob Webb,CHC,6,COL,0,LHH,0,Low,Low,high
0,0,0,0,0,0,0.1,2026-06-14,other,823212,8,away,657097,8,35.1,17.2,38.2,64.4,R,Jacob Webb,CHC,1,SFG,0,LHH,3,Low,Low,high
1,1,1,0,1,0,1,2026-06-15,hold,824666,14,home,657097,7,34.5,31.8,26.1,13.5,R,Jacob Webb,CHC,4,COL,0,LHH,0,Low,Low,high
1,1,1,0,1,1,1,2026-06-17,save,824668,16,home,657097,9,34.5,31.8,26.1,13.5,R,Jacob Webb,CHC,4,COL,0,,0,Low,Low,high
3,2,3,0,3,1,0.2,2026-06-20,blown_save,824665,27,home,657097,8,54.7,7.6,29.4,36.4,R,Jacob Webb,CHC,5,TOR,2,RHH,2,Mid,Low,high
0,1,0,2,0,0,1,2026-06-24,other,823611,26,away,657097,9,30.6,40,42.5,53.8,R,Jacob Webb,CHC,5,NYM,0,LHH,0,Low,Low,high
0,0,0,1,0,0,1,2026-06-25,other,823612,20,away,657097,9,30.6,40,42.5,53.8,R,Jacob Webb,CHC,5,NYM,0,LHH,0,Low,Low,high
0,2,0,0,0,0,1,2026-06-27,other,823770,13,away,657097,7,67.4,75.3,66.3,55.3,R,Jacob Webb,CHC,3,MIL,0,LHH,0,High,High,medium
1,3,0,1,0,0,1,2026-06-28,other,823769,21,away,657097,9,67.4,75.3,66.3,55.3,R,Jacob Webb,CHC,5,MIL,0,RHH,0,High,High,high
1,1,0,1,0,0,2,2026-07-05,save,824656,27,home,657097,8,41,40.4,42.1,44.7,R,Jacob Webb,CHC,8,STL,1,,1,Low,Low,high
1,1,0,0,0,0,0.1,2026-07-07,hold,824820,7,away,657097,7,31.6,69.3,61.4,73.6,R,Jacob Webb,CHC,2,BAL,2,LHH,3,Low,Mid,high
0,0,0,0,0,0,1,2026-07-08,save,824815,9,away,657097,9,31.6,69.3,61.4,73.6,R,Jacob Webb,CHC,3,BAL,0,RHH,0,Low,Mid,high
0,1,0,1,0,0,1,2026-07-11,hold,824492,23,away,657097,8,32.7,40.9,35.4,31,R,Jacob Webb,CHC,4,CIN,0,,0,Low,Low,high
0,0,0,0,0,0,0.2,2026-07-12,save,824491,9,away,657097,9,32.7,40.9,35.4,31,R,Jacob Webb,CHC,2,CIN,0,RHH,2,Low,Low,high
3,1,0,0,0,0,1,2026-07-18,other,824657,17,home,657097,9,39.7,33.8,47.1,67.6,R,Jacob Webb,CHC,4,MIN,0,LHH,0,Low,Low,high
0,1,0,1,0,0,1,2026-07-20,other,824654,15,home,657097,9,43.2,42.5,49.7,62.5,R,Jacob Webb,CHC,4,DET,0,,0,Low,Low,high
1,1,0,0,0,0,1,2026-07-24,other,823352,10,away,657097,8,33.5,60.7,62.1,84.2,R,Jacob Webb,CHC,4,PIT,0,,0,Low,Mid,high
1,1,0,0,0,0,1,2026-07-27,other,823025,14,away,657097,9,41,40.4,42.1,44.7,R,Jacob Webb,CHC,4,STL,0,,0,Low,Low,high
0,3,0,0,0,0,1,2026-07-29,other,823022,13,away,657097,8,41,40.4,42.1,44.7,R,Jacob Webb,CHC,3,STL,0,RHH,0,Low,Low,high
1,0,0,0,0,0,1.1,2026-07-30,other,823023,15,away,657097,9,41,40.4,42.1,44.7,R,Jacob Webb,CHC,5,STL,0,RHH,0,Low,Low,high
1,1,0,0,0,0,1,2026-08-01,hold,824649,17,home,657097,8,38.8,75.1,66.4,76,R,Jacob Webb,CHC,4,NYY,0,LHH,0,Low,High,high
0,0,0,0,0,0,1,2026-08-04,other,824645,12,home,657097,9,68.3,95.7,82.8,78.2,R,Jacob Webb,CHC,3,LAD,0,LHH,0,High,High,high
0,0,0,0,0,0,1,2026-08-05,save,824646,11,home,657097,9,68.3,95.7,82.8,78.2,R,Jacob Webb,CHC,3,LAD,0,LHH,0,High,High,high
0,2,0,0,0,0,1,2026-08-07,save,824081,13,away,657097,9,57,42.9,50.8,55.5,R,Jacob Webb,CHC,3,KCR,0,LHH,0,Mid,Mid,high
1,2,0,0,0,0,1.1,2026-08-11,save,822697,20,away,657097,8,43.7,67,67.7,85.6,R,Jacob Webb,CHC,5,WSN,0,LHH,2,Low,High,high
0,0,0,0,0,0,1,2026-04-23,other,824689,7,home,665871,10,32.1,30.7,33.4,37.3,R,Javier Assad,CHC,3,PHI,0,RHH,0,Low,Low,high
7,2,6,2,6,0,2.1,2026-04-25,other,823960,70,away,665871,4,68.3,95.7,82.8,78.2,R,Javier Assad,CHC,16,LAD,2,LHH,2,High,High,medium
0,1,0,0,0,0,1.1,2026-05-05,other,824682,17,home,665871,6,32.7,40.9,35.4,31,R,Javier Assad,CHC,4,CIN,0,RHH,0,Low,Low,medium
1,1,0,1,0,0,3.2,2026-05-08,other,822904,41,away,665871,5,36.6,27.1,36.4,46.9,R,Javier Assad,CHC,12,TEX,0,,2,Low,Low,medium
3,1,1,0,1,1,2,2026-05-15,other,824601,39,away,665871,8,32.2,45.8,54.2,79.5,R,Javier Assad,CHC,8,CHW,0,RHH,0,Low,Mid,high
1,5,0,1,0,0,6.1,2026-06-07,other,824670,72,home,665871,2,35.1,17.2,38.2,64.4,R,Javier Assad,CHC,21,SFG,0,,1,Low,Low,medium
5,1,4,2,4,2,2.2,2026-06-30,other,824661,53,home,665871,6,40.5,52.4,53.2,63.3,R,Javier Assad,CHC,14,SDP,0,,2,Low,Mid,high
2,2,1,1,0,0,1,2026-07-20,other,824654,26,home,665871,10,43.2,42.5,49.7,62.5,R,Javier Assad,CHC,7,DET,2,LHH,2,Low,Low,high
1,3,0,0,0,0,3,2026-07-25,save,823355,32,away,665871,7,33.5,60.7,62.1,84.2,R,Javier Assad,CHC,11,PIT,0,RHH,0,Low,Mid,medium
0,0,0,0,0,0,1,2026-08-09,other,824078,5,away,665871,9,57,42.9,50.8,55.5,R,Javier Assad,CHC,3,KCR,0,RHH,0,Mid,Mid,high
2,2,2,1,2,2,3.2,2026-08-12,other,822698,60,away,665871,6,43.7,67,67.7,85.6,R,Javier Assad,CHC,15,WSN,0,RHH,0,Low,High,low
1,0,0,0,0,0,1,2026-04-14,other,823478,11,away,669020,9,32.1,30.7,33.4,37.3,R,Ryan Rolison,CHC,3,PHI,0,RHH,0,Low,Low,high
2,1,0,0,0,0,3,2026-04-24,other,823962,35,away,669020,6,68.3,95.7,82.8,78.2,R,Ryan Rolison,CHC,10,LAD,0,LHH,0,High,High,low
0,2,0,0,0,0,2,2026-04-28,other,823310,22,away,669020,8,40.5,52.4,53.2,63.3,R,Ryan Rolison,CHC,6,SDP,0,RHH,0,Low,Mid,high
3,2,3,1,3,1,0.2,2026-05-01,other,824686,25,home,669020,6,58.2,31.7,40.5,37.8,R,Ryan Rolison,CHC,6,ARI,1,RHH,1,Mid,Low,medium
0,3,0,0,0,0,1,2026-05-04,other,824684,14,home,669020,9,32.7,40.9,35.4,31,R,Ryan Rolison,CHC,3,CIN,0,RHH,0,Low,Low,high
0,2,0,1,0,0,1,2026-05-05,other,824682,18,home,669020,10,32.7,40.9,35.4,31,R,Ryan Rolison,CHC,4,CIN,0,RHH,0,Low,Low,high
1,0,1,2,1,0,0.1,2026-05-08,other,822904,14,away,669020,5,36.6,27.1,36.4,46.9,R,Ryan Rolison,CHC,4,TEX,0,RHH,0,Low,Low,medium
2,2,0,1,0,0,1.2,2026-05-12,other,824927,26,away,669020,5,51.3,55.8,59,68.1,R,Ryan Rolison,CHC,7,ATL,1,LHH,2,Mid,Mid,medium
2,0,1,1,1,1,0.1,2026-05-15,other,824601,10,away,669020,5,32.2,45.8,54.2,79.5,R,Ryan Rolison,CHC,4,CHW,0,LHH,2,Low,Mid,medium
0,1,0,0,0,0,1,2026-05-16,other,824600,12,away,669020,8,32.2,45.8,54.2,79.5,R,Ryan Rolison,CHC,3,CHW,0,RHH,0,Low,Mid,high
1,0,2,0,1,1,0.1,2026-05-17,blown_save,824599,2,away,669020,10,32.2,45.8,54.2,79.5,R,Ryan Rolison,CHC,2,CHW,0,,0,Low,Mid,high
0,1,0,0,0,0,1.2,2026-05-20,other,824678,20,home,669020,7,67.4,75.3,66.3,55.3,R,Ryan Rolison,CHC,5,MIL,0,LHH,2,High,High,high
1,1,0,0,0,0,1,2026-05-23,other,824674,16,home,669020,9,38.5,45.2,48.8,60.3,R,Ryan Rolison,CHC,3,HOU,0,,0,Low,Low,high
2,1,1,1,0,0,1.2,2026-05-26,other,823379,32,away,669020,5,33.5,60.7,62.1,84.2,R,Ryan Rolison,CHC,9,PIT,2,RHH,3,Low,Mid,low
1,0,0,3,0,0,2,2026-05-31,other,823053,34,away,669020,7,41,40.4,42.1,44.7,R,Ryan Rolison,CHC,8,STL,0,RHH,0,Low,Low,medium
0,0,0,0,0,0,0.1,2026-06-03,other,824671,3,home,669020,10,42.3,37.3,48.1,64.7,R,Ryan Rolison,CHC,1,ATH,0,LHH,1,Low,Low,high
0,3,0,0,0,0,1.2,2026-06-04,other,824672,22,home,669020,8,42.3,37.3,48.1,64.7,R,Ryan Rolison,CHC,5,ATH,0,,0,Low,Low,high
0,2,0,1,0,0,1,2026-06-06,other,824669,21,home,669020,10,35.1,17.2,38.2,64.4,R,Ryan Rolison,CHC,4,SFG,0,,0,Low,Low,high
1,1,0,1,0,0,1.1,2026-06-09,other,824347,20,away,669020,5,34.5,31.8,26.1,13.5,R,Ryan Rolison,CHC,5,COL,0,LHH,1,Low,Low,low
1,2,0,0,0,0,1,2026-06-11,other,824346,17,away,669020,7,34.5,31.8,26.1,13.5,R,Ryan Rolison,CHC,4,COL,0,LHH,1,Low,Low,medium
1,3,0,0,0,0,1.2,2026-06-16,other,824667,17,home,669020,5,34.5,31.8,26.1,13.5,R,Ryan Rolison,CHC,6,COL,2,LHH,2,Low,Low,medium
0,0,0,0,0,0,0.2,2026-06-20,hold,824665,1,home,669020,6,54.7,7.6,29.4,36.4,R,Ryan Rolison,CHC,1,TOR,0,LHH,2,Mid,Low,high
0,2,0,0,0,0,1,2026-06-23,other,823614,12,away,669020,8,30.6,40,42.5,53.8,R,Ryan Rolison,CHC,3,NYM,0,RHH,0,Low,Low,high
1,0,0,1,0,0,1,2026-06-24,hold,823613,18,away,669020,6,30.6,40,42.5,53.8,R,Ryan Rolison,CHC,4,NYM,0,RHH,0,Low,Low,medium
0,0,0,0,0,0,0.1,2026-06-30,save,824661,3,home,669020,9,40.5,52.4,53.2,63.3,R,Ryan Rolison,CHC,1,SDP,0,LHH,0,Low,Mid,high
1,1,0,1,0,0,0.2,2026-07-04,other,824658,16,home,669020,6,41,40.4,42.1,44.7,R,Ryan Rolison,CHC,4,STL,0,LHH,1,Low,Low,medium
2,1,2,0,2,0,0.2,2026-07-05,other,824656,20,home,669020,5,41,40.4,42.1,44.7,R,Ryan Rolison,CHC,4,STL,0,LHH,0,Low,Low,medium
2,2,2,1,2,0,0.2,2026-07-07,other,824820,27,away,669020,7,31.6,69.3,61.4,73.6,R,Ryan Rolison,CHC,5,BAL,0,RHH,0,Low,Mid,medium
1,0,0,1,0,0,0.2,2026-07-09,blown_save,824816,13,away,669020,8,31.6,69.3,61.4,73.6,R,Ryan Rolison,CHC,4,BAL,2,,2,Low,Mid,high
1,1,0,1,0,0,0.2,2026-07-11,hold,824492,15,away,669020,9,32.7,40.9,35.4,31,R,Ryan Rolison,CHC,4,CIN,0,RHH,0,Low,Low,high
1,1,0,0,0,0,1,2026-07-17,other,824655,15,home,669020,8,39.7,33.8,47.1,67.6,R,Ryan Rolison,CHC,3,MIN,0,RHH,0,Low,Low,high
1,0,0,0,0,0,1.2,2026-07-20,other,824654,20,home,669020,5,43.2,42.5,49.7,62.5,R,Ryan Rolison,CHC,6,DET,0,RHH,2,Low,Low,medium
0,3,0,0,0,0,1,2026-07-22,other,824650,12,home,669020,6,43.2,42.5,49.7,62.5,R,Ryan Rolison,CHC,3,DET,0,LHH,0,Low,Low,medium
3,0,1,1,1,0,1,2026-07-26,other,823354,23,away,669020,5,33.5,60.7,62.1,84.2,R,Ryan Rolison,CHC,6,PIT,0,,0,Low,Mid,medium
0,2,0,1,0,0,0.2,2026-07-27,hold,823025,15,away,669020,7,41,40.4,42.1,44.7,R,Ryan Rolison,CHC,3,STL,0,LHH,0,Low,Low,high
1,1,0,1,0,0,1.2,2026-07-30,other,823023,24,away,669020,5,41,40.4,42.1,44.7,R,Ryan Rolison,CHC,6,STL,0,LHH,1,Low,Low,medium
1,2,0,0,0,0,1.2,2026-08-02,other,824648,30,home,669020,7,38.8,75.1,66.4,76,R,Ryan Rolison,CHC,6,NYY,0,,1,Low,High,high
0,1,0,0,0,0,1,2026-08-04,other,824645,14,home,669020,6,68.3,95.7,82.8,78.2,R,Ryan Rolison,CHC,3,LAD,0,LHH,1,High,High,medium
0,0,0,0,0,0,1,2026-08-06,other,824664,14,home,669020,6,54.7,7.6,29.4,36.4,R,Ryan Rolison,CHC,3,TOR,0,RHH,0,Mid,Low,medium
1,1,0,0,0,0,1.1,2026-08-11,other,822697,16,away,669020,5,43.7,67,67.7,85.6,R,Ryan Rolison,CHC,5,WSN,0,LHH,2,Low,High,medium
0,2,0,0,0,0,2,2026-03-27,other,824216,23,away,666171,6,38.5,45.2,48.8,60.3,R,Ryan Zeferjahn,CHC,6,HOU,0,RHH,0,Low,Low,medium
1,1,1,1,0,0,0.2,2026-04-01,other,824698,21,away,666171,6,62.9,82.6,69.2,58.4,R,Ryan Zeferjahn,CHC,5,CHC,0,,0,Mid,High,medium
0,5,2,1,2,0,2,2026-04-05,other,824053,27,home,666171,3,43.3,45.2,49.2,57.9,R,Ryan Zeferjahn,CHC,8,SEA,0,RHH,2,Low,Low,medium
2,2,2,2,2,0,1.2,2026-04-08,other,824050,42,home,666171,5,51.3,55.8,59,68.1,R,Ryan Zeferjahn,CHC,9,ATL,1,,1,Mid,Mid,medium
2,1,1,0,1,0,2,2026-04-11,other,824535,43,away,666171,6,32.7,40.9,35.4,31,R,Ryan Zeferjahn,CHC,8,CIN,0,RHH,1,Low,Low,medium
1,2,0,0,0,0,1,2026-04-14,other,823562,27,away,666171,9,38.8,75.1,66.4,76,R,Ryan Zeferjahn,CHC,4,NYY,0,RHH,0,Low,High,high
3,0,2,2,2,0,1,2026-04-18,other,824049,23,home,666171,7,40.5,52.4,53.2,63.3,R,Ryan Zeferjahn,CHC,7,SDP,0,RHH,0,Low,Mid,high
1,1,2,1,2,0,1.1,2026-04-22,hold,824044,21,home,666171,6,54.7,7.6,29.4,36.4,R,Ryan Zeferjahn,CHC,6,TOR,0,RHH,0,Mid,Low,medium
0,2,0,0,0,0,1,2026-04-24,other,824124,13,away,666171,7,57,42.9,50.8,55.5,R,Ryan Zeferjahn,CHC,3,KCR,0,RHH,0,Mid,Mid,high
0,1,0,1,0,0,1.2,2026-04-26,hold,824122,20,away,666171,7,57,42.9,50.8,55.5,R,Ryan Zeferjahn,CHC,6,KCR,1,RHH,2,Mid,Mid,high
1,4,1,0,1,0,2,2026-04-29,blown_save,824608,36,away,666171,8,32.2,45.8,54.2,79.5,R,Ryan Zeferjahn,CHC,8,CHW,0,LHH,0,Low,Mid,high
0,1,0,1,0,0,2,2026-05-02,other,824042,23,home,666171,9,30.6,40,42.5,53.8,R,Ryan Zeferjahn,CHC,7,NYM,0,LHH,0,Low,Low,high
0,3,0,2,0,0,1.1,2026-05-05,save,824040,33,home,666171,8,32.2,45.8,54.2,79.5,R,Ryan Zeferjahn,CHC,7,CHW,0,LHH,1,Low,Mid,high
0,2,0,0,0,0,1,2026-05-10,other,822819,15,away,666171,9,54.7,7.6,29.4,36.4,R,Ryan Zeferjahn,CHC,3,TOR,0,RHH,0,Mid,Low,high
1,2,0,0,0,0,1,2026-05-13,other,824438,19,away,666171,8,50,36.8,42.8,44.4,R,Ryan Zeferjahn,CHC,4,CLE,0,LHH,0,Mid,Low,high
2,0,1,2,1,0,0.1,2026-05-18,other,824035,24,home,666171,9,42.3,37.3,48.1,64.7,R,Ryan Zeferjahn,CHC,5,ATH,0,LHH,0,Low,Low,high
0,0,1,0,1,0,0.1,2026-05-20,hold,824032,11,home,666171,7,42.3,37.3,48.1,64.7,R,Ryan Zeferjahn,CHC,3,ATH,0,RHH,0,Low,Low,high
0,0,1,2,0,0,1,2026-05-21,other,824031,19,home,666171,10,42.3,37.3,48.1,64.7,R,Ryan Zeferjahn,CHC,6,ATH,0,RHH,0,Low,Low,high
1,1,1,0,1,1,1,2026-05-23,hold,824030,15,home,666171,6,36.6,27.1,36.4,46.9,R,Ryan Zeferjahn,CHC,4,TEX,0,RHH,0,Low,Low,medium
0,1,0,2,0,0,1,2026-05-28,other,824272,22,away,666171,9,43.2,42.5,49.7,62.5,R,Ryan Zeferjahn,CHC,5,DET,0,RHH,0,Low,Low,high
3,0,4,1,4,2,0.1,2026-05-29,blown_save,822978,19,away,666171,7,77.8,34.8,51.2,51,R,Ryan Zeferjahn,CHC,5,TBR,0,RHH,0,High,Mid,high
0,1,0,1,0,0,1,2026-06-01,hold,824027,16,home,666171,7,34.5,31.8,26.1,13.5,R,Ryan Zeferjahn,CHC,4,COL,0,LHH,0,Low,Low,medium
2,0,1,0,1,0,1,2026-06-03,other,824024,24,home,666171,8,34.5,31.8,26.1,13.5,R,Ryan Zeferjahn,CHC,5,COL,0,LHH,0,Low,Low,high
0,3,0,2,0,0,2,2026-06-06,other,823942,34,away,666171,7,68.3,95.7,82.8,78.2,R,Ryan Zeferjahn,CHC,8,LAD,0,,0,High,High,medium
0,3,0,2,0,0,1,2026-06-08,other,824025,25,home,666171,7,38.5,45.2,48.8,60.3,R,Ryan Zeferjahn,CHC,5,HOU,0,RHH,0,Low,Low,high
0,2,0,1,0,0,1,2026-06-10,other,824022,21,home,666171,10,38.5,45.2,48.8,60.3,R,Ryan Zeferjahn,CHC,4,HOU,0,RHH,0,Low,Low,high
0,1,0,1,0,0,0.1,2026-06-12,save,824020,9,home,666171,9,77.8,34.8,51.2,51,R,Ryan Zeferjahn,CHC,2,TBR,0,,2,High,Mid,high
0,1,0,0,0,0,1,2026-06-14,other,824021,10,home,666171,9,77.8,34.8,51.2,51,R,Ryan Zeferjahn,CHC,3,TBR,0,LHH,0,High,Mid,high
0,1,0,2,0,0,1,2026-06-18,other,824989,21,away,666171,8,42.3,37.3,48.1,64.7,R,Ryan Zeferjahn,CHC,5,ATH,0,LHH,0,Low,Low,high
0,3,0,1,0,0,1.2,2026-06-20,other,824988,24,away,666171,7,42.3,37.3,48.1,64.7,R,Ryan Zeferjahn,CHC,6,ATH,0,RHH,2,Low,Low,high
0,3,0,0,0,0,1,2026-06-23,other,824017,16,home,666171,8,31.6,69.3,61.4,73.6,R,Ryan Zeferjahn,CHC,3,BAL,0,RHH,0,Low,Mid,high
0,2,0,0,0,0,1,2026-06-27,other,824015,16,home,666171,7,42.3,37.3,48.1,64.7,R,Ryan Zeferjahn,CHC,3,ATH,0,RHH,0,Low,Low,high
0,2,0,2,0,0,0.2,2026-06-28,hold,824011,19,home,666171,8,42.3,37.3,48.1,64.7,R,Ryan Zeferjahn,CHC,4,ATH,0,RHH,0,Low,Low,high
1,1,0,0,0,0,1,2026-06-30,other,823122,12,away,666171,8,43.3,45.2,49.2,57.9,R,Ryan Zeferjahn,CHC,3,SEA,0,LHH,0,Low,Low,high
0,2,0,1,0,0,1.1,2026-07-04,other,824012,24,home,666171,5,43,41.3,32.9,16,R,Ryan Zeferjahn,CHC,6,BOS,0,RHH,1,Low,Low,low
1,2,0,0,0,0,1,2026-07-08,other,822880,17,away,666171,7,36.6,27.1,36.4,46.9,R,Ryan Zeferjahn,CHC,4,TEX,0,LHH,0,Low,Low,medium
0,1,0,0,0,0,1,2026-07-09,other,822877,17,away,666171,7,36.6,27.1,36.4,46.9,R,Ryan Zeferjahn,CHC,3,TEX,0,RHH,0,Low,Low,high
1,2,1,0,1,1,1.1,2026-07-12,other,823681,27,away,666171,7,39.7,33.8,47.1,67.6,R,Ryan Zeferjahn,CHC,5,MIN,0,RHH,1,Low,Low,high
0,2,0,0,0,0,1,2026-07-17,hold,824009,12,home,666171,7,43.2,42.5,49.7,62.5,R,Ryan Zeferjahn,CHC,3,DET,0,LHH,0,Low,Low,high
1,0,1,0,1,1,1,2026-07-19,save,824007,15,home,666171,9,43.2,42.5,49.7,62.5,R,Ryan Zeferjahn,CHC,4,DET,0,,0,Low,Low,high
1,3,0,0,0,0,1,2026-07-21,other,824005,20,home,666171,9,41,40.4,42.1,44.7,R,Ryan Zeferjahn,CHC,5,STL,0,RHH,0,Low,Low,high
0,1,0,1,0,0,1,2026-07-24,other,823196,21,away,666171,9,35.1,17.2,38.2,64.4,R,Ryan Zeferjahn,CHC,4,SFG,0,LHH,0,Low,Low,high
1,2,0,0,0,0,1,2026-07-26,hold,823194,10,away,666171,8,35.1,17.2,38.2,64.4,R,Ryan Zeferjahn,CHC,4,SFG,0,,0,Low,Low,high
2,2,1,0,1,0,1,2026-07-27,hold,824001,23,home,666171,8,38.5,45.2,48.8,60.3,R,Ryan Zeferjahn,CHC,5,HOU,0,RHH,0,Low,Low,high
2,4,0,0,0,0,1.2,2026-08-02,save,823996,30,home,666171,8,67.4,75.3,66.3,55.3,R,Ryan Zeferjahn,CHC,7,MIL,0,LHH,1,High,High,high
0,0,0,0,0,0,1,2026-08-04,hold,824645,9,home,666171,8,68.3,95.7,82.8,78.2,R,Ryan Zeferjahn,CHC,3,LAD,0,LHH,0,High,High,high
1,2,1,0,1,1,0.2,2026-08-05,hold,824646,14,home,666171,8,68.3,95.7,82.8,78.2,R,Ryan Zeferjahn,CHC,4,LAD,1,RHH,1,High,High,high
1,2,0,0,0,0,1,2026-08-09,other,824078,24,away,666171,8,57,42.9,50.8,55.5,R,Ryan Zeferjahn,CHC,4,KCR,0,RHH,0,Mid,Mid,high
3,0,2,1,2,0,0.2,2026-08-11,other,822697,23,away,666171,8,43.7,67,67.7,85.6,R,Ryan Zeferjahn,CHC,6,WSN,0,LHH,0,Low,High,high
0,0,0,0,0,0,1,2026-05-06,other,824683,6,home,663423,10,32.7,40.9,35.4,31,R,Trent Thornton,CHC,2,CIN,0,,2,Low,Low,high
1,0,0,1,0,0,1,2026-05-07,other,824681,26,home,663423,7,32.7,40.9,35.4,31,R,Trent Thornton,CHC,5,CIN,0,RHH,0,Low,Low,medium
2,1,0,0,0,0,1,2026-05-12,other,824927,16,away,663423,8,51.3,55.8,59,68.1,R,Trent Thornton,CHC,5,ATL,0,RHH,0,Mid,Mid,high
0,2,0,0,0,0,2,2026-05-15,other,824601,26,away,663423,6,32.2,45.8,54.2,79.5,R,Trent Thornton,CHC,6,CHW,0,LHH,2,Low,Mid,high
1,0,2,1,2,1,1,2026-05-19,other,824677,20,home,663423,8,67.4,75.3,66.3,55.3,R,Trent Thornton,CHC,5,MIL,0,LHH,0,High,High,high
0,2,0,0,0,0,1.2,2026-05-20,other,824678,18,home,663423,4,67.4,75.3,66.3,55.3,R,Trent Thornton,CHC,5,MIL,0,RHH,0,High,High,low
1,0,0,1,0,0,1,2026-05-23,other,824674,14,home,663423,8,38.5,45.2,48.8,60.3,R,Trent Thornton,CHC,5,HOU,0,RHH,0,Low,Low,high
2,0,1,0,1,1,1,2026-05-25,other,823380,21,away,663423,7,33.5,60.7,62.1,84.2,R,Trent Thornton,CHC,5,PIT,0,RHH,0,Low,Mid,high
1,0,0,0,0,0,2,2026-05-28,other,823378,22,away,663423,8,33.5,60.7,62.1,84.2,R,Trent Thornton,CHC,6,PIT,0,LHH,0,Low,Mid,high
0,1,0,1,0,0,2,2026-05-31,other,823053,28,away,663423,4,41,40.4,42.1,44.7,R,Trent Thornton,CHC,7,STL,0,RHH,0,Low,Low,low
1,0,0,2,0,0,1.1,2026-06-04,other,824672,22,home,663423,7,42.3,37.3,48.1,64.7,R,Trent Thornton,CHC,7,ATH,0,RHH,0,Low,Low,medium
1,0,1,1,0,0,1,2026-06-07,other,824670,17,home,663423,10,35.1,17.2,38.2,64.4,R,Trent Thornton,CHC,4,SFG,0,RHH,0,Low,Low,high
1,2,1,0,1,1,2,2026-06-12,other,823211,26,away,663423,8,35.1,17.2,38.2,64.4,R,Trent Thornton,CHC,7,SFG,0,RHH,0,Low,Low,high
0,0,0,2,0,0,1.1,2026-06-16,other,824667,23,home,663423,7,34.5,31.8,26.1,13.5,R,Trent Thornton,CHC,5,COL,0,LHH,3,Low,Low,high
2,1,3,0,3,1,0.2,2026-06-20,other,824665,13,home,663423,7,54.7,7.6,29.4,36.4,R,Trent Thornton,CHC,5,TOR,0,RHH,0,Mid,Low,medium
1,1,0,0,0,0,1,2026-06-24,hold,823611,13,away,663423,8,30.6,40,42.5,53.8,R,Trent Thornton,CHC,4,NYM,0,RHH,0,Low,Low,high
0,0,0,0,0,0,1,2026-06-25,save,823612,10,away,663423,10,30.6,40,42.5,53.8,R,Trent Thornton,CHC,3,NYM,0,LHH,0,Low,Low,high
0,0,0,1,0,0,1,2026-06-27,other,823770,12,away,663423,8,67.4,75.3,66.3,55.3,R,Trent Thornton,CHC,4,MIL,0,,0,High,High,high
1,1,0,0,0,0,1,2026-06-29,other,824662,12,home,663423,9,40.5,52.4,53.2,63.3,R,Trent Thornton,CHC,3,SDP,0,LHH,0,Low,Mid,high
0,0,0,0,0,0,1,2026-07-01,other,824660,6,home,663423,6,40.5,52.4,53.2,63.3,R,Trent Thornton,CHC,3,SDP,0,RHH,0,Low,Mid,low
2,1,1,0,1,0,1.1,2026-07-04,other,824658,26,home,663423,7,41,40.4,42.1,44.7,R,Trent Thornton,CHC,5,STL,0,RHH,2,Low,Low,high
0,1,0,0,0,0,1,2026-07-07,save,824820,14,away,663423,9,31.6,69.3,61.4,73.6,R,Trent Thornton,CHC,3,BAL,0,RHH,0,Low,Mid,high
1,0,0,0,0,0,0.1,2026-07-08,other,824815,6,away,663423,7,31.6,69.3,61.4,73.6,R,Trent Thornton,CHC,2,BAL,1,RHH,2,Low,Mid,high
1,0,0,0,0,0,1,2026-07-10,other,824493,7,away,663423,6,32.7,40.9,35.4,31,R,Trent Thornton,CHC,3,CIN,0,RHH,0,Low,Low,medium
0,0,0,0,0,0,0.1,2026-07-11,save,824492,3,away,663423,9,32.7,40.9,35.4,31,R,Trent Thornton,CHC,1,CIN,0,RHH,2,Low,Low,high
1,0,0,0,0,0,1,2026-07-18,other,824657,10,home,663423,8,39.7,33.8,47.1,67.6,R,Trent Thornton,CHC,4,MIN,0,,0,Low,Low,high
1,2,0,0,0,0,1,2026-07-26,other,823354,19,away,663423,8,33.5,60.7,62.1,84.2,R,Trent Thornton,CHC,4,PIT,0,RHH,0,Low,Mid,high
1,0,0,0,0,0,1.1,2026-07-27,hold,823025,8,away,663423,7,41,40.4,42.1,44.7,R,Trent Thornton,CHC,4,STL,0,RHH,1,Low,Low,high
2,0,3,1,2,0,0.1,2026-07-29,blown_save,823022,16,away,663423,10,41,40.4,42.1,44.7,R,Trent Thornton,CHC,4,STL,0,,0,Low,Low,high
1,0,0,2,0,0,0.2,2026-08-01,other,824649,17,home,663423,7,38.8,75.1,66.4,76,R,Trent Thornton,CHC,4,NYY,0,RHH,0,Low,High,high
0,1,0,0,0,0,1.1,2026-08-03,other,824647,22,home,663423,7,68.3,95.7,82.8,78.2,R,Trent Thornton,CHC,4,LAD,0,RHH,0,High,High,medium
0,1,0,1,0,0,1,2026-08-06,other,824664,12,home,663423,11,54.7,7.6,29.4,36.4,R,Trent Thornton,CHC,4,TOR,0,LHH,0,Mid,Low,high
0,0,0,1,0,0,0.2,2026-08-07,hold,824081,14,away,663423,8,57,42.9,50.8,55.5,R,Trent Thornton,CHC,3,KCR,1,RHH,2,Mid,Mid,high
0,2,0,0,0,0,1,2026-08-11,hold,822697,10,away,663423,7,43.7,67,67.7,85.6,R,Trent Thornton,CHC,3,WSN,0,LHH,0,Low,High,medium
3,0,2,2,2,1,4.1,2026-04-04,other,824622,76,home,641743,2,54.7,7.6,29.4,36.4,R,Anthony Kay,CHW,19,TOR,0,RHH,0,Mid,Low,medium
4,1,1,1,1,0,2.2,2026-04-16,other,824614,71,home,641743,2,77.8,34.8,51.2,51,R,Anthony Kay,CHW,14,TBR,0,RHH,1,High,Mid,medium
2,2,1,2,1,0,0.2,2026-03-28,other,823811,33,away,663542,7,67.4,75.3,66.3,55.3,R,Bryan Hudson,CHW,6,MIL,0,LHH,0,High,High,medium
1,1,2,1,1,0,1.2,2026-03-31,other,823888,25,away,663542,6,40.1,39.3,48.6,65.4,R,Bryan Hudson,CHW,8,MIA,0,LHH,0,Low,Low,medium
2,1,0,0,0,0,0.2,2026-04-05,hold,824620,19,home,663542,7,54.7,7.6,29.4,36.4,R,Bryan Hudson,CHW,4,TOR,0,,0,Mid,Low,medium
0,0,0,1,0,0,1,2026-04-07,other,824618,15,home,663542,9,31.6,69.3,61.4,73.6,R,Bryan Hudson,CHW,4,BAL,0,RHH,0,Low,Mid,high
0,0,0,0,0,0,0.2,2026-04-08,blown_save,824617,10,home,663542,6,31.6,69.3,61.4,73.6,R,Bryan Hudson,CHW,2,BAL,2,,3,Low,Mid,high
0,3,0,0,0,0,1,2026-04-12,other,824126,21,away,663542,5,57,42.9,50.8,55.5,R,Bryan Hudson,CHW,4,KCR,0,LHH,1,Mid,Mid,medium
1,1,0,0,0,0,1,2026-04-14,other,824616,12,home,663542,9,77.8,34.8,51.2,51,R,Bryan Hudson,CHW,3,TBR,0,RHH,0,High,Mid,high
0,1,0,0,0,0,1,2026-04-15,other,824615,14,home,663542,8,77.8,34.8,51.2,51,R,Bryan Hudson,CHW,3,TBR,0,LHH,0,High,Mid,high
2,2,0,2,0,0,1,2026-04-18,other,825020,28,away,663542,8,42.3,37.3,48.1,64.7,R,Bryan Hudson,CHW,6,ATH,0,LHH,0,Low,Low,high
1,1,0,0,0,0,1,2026-04-19,hold,825018,17,away,663542,8,42.3,37.3,48.1,64.7,R,Bryan Hudson,CHW,4,ATH,0,,0,Low,Low,high
1,2,0,1,0,0,1,2026-04-22,other,825097,32,away,663542,5,58.2,31.7,40.5,37.8,R,Bryan Hudson,CHW,5,ARI,0,RHH,0,Mid,Low,low
0,0,0,0,0,0,0.1,2026-04-27,save,824609,4,home,663542,9,22.6,13.1,27.4,47.2,R,Bryan Hudson,CHW,1,LAA,0,LHH,2,Low,Low,high
1,2,0,0,0,0,1,2026-04-29,other,824608,20,home,663542,8,22.6,13.1,27.4,47.2,R,Bryan Hudson,CHW,4,LAA,0,RHH,0,Low,Low,high
0,0,0,0,0,0,1,2026-05-02,other,823308,6,away,663542,7,40.5,52.4,53.2,63.3,R,Bryan Hudson,CHW,3,SDP,0,RHH,0,Low,Mid,medium
2,2,0,0,0,0,1,2026-05-03,other,823307,26,away,663542,8,40.5,52.4,53.2,63.3,R,Bryan Hudson,CHW,5,SDP,1,RHH,1,Low,Mid,high
1,0,0,0,0,0,1,2026-05-05,other,824040,7,away,663542,8,22.6,13.1,27.4,47.2,R,Bryan Hudson,CHW,3,LAA,0,RHH,0,Low,Low,high
1,1,0,1,0,0,1,2026-05-09,other,824606,19,home,663542,8,43.3,45.2,49.2,57.9,R,Bryan Hudson,CHW,5,SEA,0,RHH,0,Low,Low,high
1,1,0,0,0,0,1,2026-05-10,other,824605,9,home,663542,8,43.3,45.2,49.2,57.9,R,Bryan Hudson,CHW,4,SEA,0,,0,Low,Low,high
0,0,0,0,0,0,1,2026-05-12,save,824604,7,home,663542,9,57,42.9,50.8,55.5,R,Bryan Hudson,CHW,3,KCR,0,RHH,0,Mid,Mid,high
4,0,2,0,2,0,1,2026-05-15,other,824601,23,home,663542,7,62.9,82.6,69.2,58.4,R,Bryan Hudson,CHW,7,CHC,0,RHH,0,Mid,High,high
0,0,0,1,0,0,1,2026-05-17,other,824599,19,home,663542,8,62.9,82.6,69.2,58.4,R,Bryan Hudson,CHW,5,CHC,0,RHH,0,Mid,High,high
0,1,0,0,0,0,1,2026-05-19,other,823136,11,away,663542,8,43.3,45.2,49.2,57.9,R,Bryan Hudson,CHW,3,SEA,0,RHH,0,Low,Low,high
0,0,0,0,0,0,1,2026-05-25,hold,824598,10,home,663542,8,39.7,33.8,47.1,67.6,R,Bryan Hudson,CHW,4,MIN,0,RHH,0,Low,Low,high
1,2,0,0,0,0,1,2026-05-26,other,824597,14,home,663542,10,39.7,33.8,47.1,67.6,R,Bryan Hudson,CHW,3,MIN,0,RHH,0,Low,Low,high
0,1,1,0,0,0,1,2026-05-29,other,824594,7,home,663542,10,43.2,42.5,49.7,62.5,R,Bryan Hudson,CHW,3,DET,0,LHH,0,Low,Low,high
1,1,0,0,0,0,1.1,2026-05-31,hold,824592,17,home,663542,8,43.2,42.5,49.7,62.5,R,Bryan Hudson,CHW,5,DET,0,RHH,0,Low,Low,high
2,0,2,1,2,0,0.2,2026-06-05,other,823455,16,away,663542,7,32.1,30.7,33.4,37.3,R,Bryan Hudson,CHW,5,PHI,0,RHH,0,Low,Low,high
2,0,2,2,2,0,0.2,2026-06-07,other,823453,25,away,663542,6,32.1,30.7,33.4,37.3,R,Bryan Hudson,CHW,6,PHI,0,,0,Low,Low,medium
0,0,0,1,0,0,1,2026-06-10,save,824590,16,home,663542,9,51.3,55.8,59,68.1,R,Bryan Hudson,CHW,4,ATL,0,RHH,0,Mid,Mid,high
0,0,0,0,0,0,1,2026-06-12,other,824588,7,home,663542,6,68.3,95.7,82.8,78.2,R,Bryan Hudson,CHW,3,LAD,0,LHH,0,High,High,low
1,1,0,0,0,0,1,2026-06-21,hold,824260,10,away,663542,7,43.2,42.5,49.7,62.5,R,Bryan Hudson,CHW,4,DET,0,RHH,0,Low,Low,high
0,3,0,1,0,0,1.1,2026-06-22,other,824585,23,home,663542,7,50,36.8,42.8,44.4,R,Bryan Hudson,CHW,5,CLE,0,LHH,2,Mid,Low,high
2,1,0,1,0,0,1,2026-06-28,other,824580,15,home,663542,7,57,42.9,50.8,55.5,R,Bryan Hudson,CHW,5,KCR,0,RHH,0,Mid,Mid,high
2,0,1,0,1,0,0.1,2026-07-01,other,824818,10,away,663542,5,31.6,69.3,61.4,73.6,R,Bryan Hudson,CHW,3,BAL,2,RHH,2,Low,Mid,medium
2,2,0,0,0,0,0.2,2026-07-03,blown_save,824417,15,away,663542,7,50,36.8,42.8,44.4,R,Bryan Hudson,CHW,4,CLE,2,LHH,2,Mid,Low,high
0,2,0,0,0,0,1,2026-07-08,other,824578,24,home,663542,7,43,41.3,32.9,16,R,Bryan Hudson,CHW,4,BOS,0,,0,Low,Low,medium
0,1,0,0,0,0,1.1,2026-07-19,hold,822786,15,away,663542,7,54.7,7.6,29.4,36.4,R,Bryan Hudson,CHW,4,TOR,0,RHH,1,Mid,Low,medium
0,2,0,0,0,0,1,2026-07-22,save,822873,12,away,663542,9,36.6,27.1,36.4,46.9,R,Bryan Hudson,CHW,3,TEX,0,RHH,0,Low,Low,high
3,1,4,1,4,1,0.2,2026-07-24,blown_save,824573,23,home,663542,6,38.5,45.2,48.8,60.3,R,Bryan Hudson,CHW,6,HOU,3,RHH,3,Low,Low,high
2,1,1,0,1,0,1,2026-07-27,other,824570,24,home,663542,7,38.8,75.1,66.4,76,R,Bryan Hudson,CHW,5,NYY,0,RHH,0,Low,High,high
1,0,0,0,0,0,0.2,2026-07-29,other,824567,11,home,663542,11,38.8,75.1,66.4,76,R,Bryan Hudson,CHW,3,NYY,1,LHH,1,Low,High,high
0,0,0,0,0,0,1,2026-07-30,other,824568,11,home,663542,9,38.8,75.1,66.4,76,R,Bryan Hudson,CHW,3,NYY,0,RHH,0,Low,High,high
1,2,0,0,0,0,1,2026-08-06,other,824729,13,away,663542,5,43,41.3,32.9,16,R,Bryan Hudson,CHW,3,BOS,0,RHH,0,Low,Low,medium
1,0,0,0,0,0,1,2026-08-08,hold,824565,13,home,663542,8,50,36.8,42.8,44.4,R,Bryan Hudson,CHW,4,CLE,0,RHH,0,Mid,Low,high
1,1,0,0,0,0,1,2026-08-09,hold,824564,17,home,663542,7,50,36.8,42.8,44.4,R,Bryan Hudson,CHW,4,CLE,0,,0,Mid,Low,medium
5,4,2,1,2,1,6,2026-04-06,other,824619,86,home,607200,2,31.6,69.3,61.4,73.6,R,Erick Fedde,CHW,22,BAL,0,RHH,0,Low,Mid,medium
3,1,3,4,1,0,5.2,2026-04-24,other,824611,91,home,607200,2,43.7,67,67.7,85.6,R,Erick Fedde,CHW,24,WSN,0,LHH,0,Low,High,medium
10,3,8,2,8,1,3.1,2026-05-23,other,823222,85,away,607200,2,35.1,17.2,38.2,64.4,R,Erick Fedde,CHW,21,SFG,0,RHH,0,Low,Low,medium
4,3,2,3,2,1,4,2026-05-29,other,824594,84,home,607200,2,43.2,42.5,49.7,62.5,R,Erick Fedde,CHW,19,DET,0,RHH,0,Low,Low,medium
6,4,2,0,1,1,5,2026-06-09,other,824591,88,home,607200,1,51.3,55.8,59,68.1,R,Erick Fedde,CHW,22,ATL,0,RHH,2,Mid,Mid,medium
3,4,0,2,0,0,2.2,2026-06-14,other,824586,58,home,607200,4,68.3,95.7,82.8,78.2,R,Erick Fedde,CHW,13,LAD,0,LHH,0,High,High,medium
4,4,2,1,2,0,4.2,2026-06-19,other,824264,78,away,607200,2,43.2,42.5,49.7,62.5,R,Erick Fedde,CHW,19,DET,0,LHH,0,Low,Low,medium
5,2,2,3,1,0,4,2026-06-24,other,824583,75,home,607200,2,50,36.8,42.8,44.4,R,Erick Fedde,CHW,20,CLE,0,LHH,0,Mid,Low,medium
8,4,3,1,2,1,5.1,2026-07-05,other,824413,89,away,607200,1,50,36.8,42.8,44.4,R,Erick Fedde,CHW,24,CLE,1,LHH,2,Mid,Low,medium
2,3,0,1,0,0,4,2026-07-11,other,824576,55,home,607200,3,42.3,37.3,48.1,64.7,R,Erick Fedde,CHW,15,ATH,0,RHH,0,Low,Low,medium
5,1,5,1,4,1,3,2026-08-04,other,824731,50,away,607200,6,43,41.3,32.9,16,R,Erick Fedde,CHW,15,BOS,2,RHH,2,Low,Low,high
1,0,1,1,0,0,0.1,2026-08-06,other,824729,5,away,607200,13,43,41.3,32.9,16,R,Erick Fedde,CHW,3,BOS,0,RHH,0,Low,Low,high
0,1,0,0,0,0,1,2026-08-07,other,824566,15,home,607200,9,50,36.8,42.8,44.4,R,Erick Fedde,CHW,3,CLE,0,LHH,0,Mid,Low,high
2,1,1,1,1,0,1,2026-03-28,other,823811,26,away,691799,6,67.4,75.3,66.3,55.3,R,Grant Taylor,CHW,6,MIL,0,,0,High,High,medium
1,3,0,1,0,0,1,2026-03-29,other,823810,24,away,691799,7,67.4,75.3,66.3,55.3,R,Grant Taylor,CHW,5,MIL,0,LHH,0,High,High,medium
2,1,0,0,0,0,1.1,2026-04-09,hold,824130,22,away,691799,6,57,42.9,50.8,55.5,R,Grant Taylor,CHW,6,KCR,0,RHH,2,Mid,Mid,high
1,3,1,1,1,0,1.1,2026-04-16,other,824614,35,home,691799,6,77.8,34.8,51.2,51,R,Grant Taylor,CHW,6,TBR,0,LHH,0,High,Mid,medium
3,3,3,1,3,0,1.2,2026-04-19,other,825018,39,away,691799,6,42.3,37.3,48.1,64.7,R,Grant Taylor,CHW,9,ATH,0,,0,Low,Low,low
2,3,0,0,0,0,1.2,2026-04-23,other,825096,26,away,691799,7,58.2,31.7,40.5,37.8,R,Grant Taylor,CHW,7,ARI,0,LHH,1,Mid,Low,high
0,2,0,0,0,0,1,2026-04-25,other,824613,9,home,691799,9,43.7,67,67.7,85.6,R,Grant Taylor,CHW,3,WSN,0,LHH,0,Low,High,high
3,2,2,0,0,0,1.1,2026-04-27,hold,824609,35,home,691799,8,22.6,13.1,27.4,47.2,R,Grant Taylor,CHW,8,LAA,0,,2,Low,Low,high
2,2,0,2,0,0,1.1,2026-05-02,other,823308,30,away,691799,8,40.5,52.4,53.2,63.3,R,Grant Taylor,CHW,7,SDP,0,RHH,0,Low,Mid,high
1,1,1,1,0,0,1,2026-05-06,other,824036,20,away,691799,8,22.6,13.1,27.4,47.2,R,Grant Taylor,CHW,5,LAA,0,RHH,0,Low,Low,high
0,3,0,1,0,0,2,2026-05-09,other,824606,35,home,691799,6,43.3,45.2,49.2,57.9,R,Grant Taylor,CHW,7,SEA,0,RHH,0,Low,Low,low
3,3,0,0,0,0,1.2,2026-05-12,blown_save,824604,28,home,691799,6,57,42.9,50.8,55.5,R,Grant Taylor,CHW,8,KCR,1,RHH,1,Mid,Mid,medium
0,2,0,0,0,0,1,2026-05-15,other,824601,15,home,691799,6,62.9,82.6,69.2,58.4,R,Grant Taylor,CHW,3,CHC,0,RHH,0,Mid,High,medium
0,1,0,0,0,0,2,2026-05-17,other,824599,25,home,691799,6,62.9,82.6,69.2,58.4,R,Grant Taylor,CHW,6,CHC,0,RHH,0,Mid,High,medium
0,3,0,0,0,0,1,2026-05-19,save,823136,13,away,691799,9,43.3,45.2,49.2,57.9,R,Grant Taylor,CHW,3,SEA,0,LHH,0,Low,Low,high
1,0,2,1,2,1,0.1,2026-05-24,other,823220,16,away,691799,5,35.1,17.2,38.2,64.4,R,Grant Taylor,CHW,3,SFG,2,RHH,2,Low,Low,medium
1,1,0,0,0,0,1,2026-05-25,hold,824598,16,home,691799,7,39.7,33.8,47.1,67.6,R,Grant Taylor,CHW,4,MIN,0,RHH,0,Low,Low,high
1,1,0,0,0,0,1,2026-05-28,other,824595,14,home,691799,9,39.7,33.8,47.1,67.6,R,Grant Taylor,CHW,4,MIN,0,LHH,0,Low,Low,high
0,4,0,0,0,0,2,2026-05-30,hold,824593,31,home,691799,6,43.2,42.5,49.7,62.5,R,Grant Taylor,CHW,6,DET,0,LHH,2,Low,Low,high
1,3,0,0,0,0,2,2026-06-03,other,823701,25,away,691799,6,39.7,33.8,47.1,67.6,R,Grant Taylor,CHW,7,MIN,0,LHH,0,Low,Low,low
0,3,0,0,0,0,1,2026-06-06,save,823454,14,away,691799,9,32.1,30.7,33.4,37.3,R,Grant Taylor,CHW,3,PHI,0,RHH,0,Low,Low,high
2,1,1,0,0,0,2,2026-06-09,other,824591,21,home,691799,9,51.3,55.8,59,68.1,R,Grant Taylor,CHW,8,ATL,0,LHH,0,Mid,Mid,high
2,1,2,0,2,1,2,2026-06-14,other,824586,30,home,691799,7,68.3,95.7,82.8,78.2,R,Grant Taylor,CHW,8,LAD,0,LHH,0,High,High,medium
1,1,1,1,1,1,1,2026-06-21,hold,824260,20,away,691799,8,43.2,42.5,49.7,62.5,R,Grant Taylor,CHW,5,DET,0,LHH,0,Low,Low,high
3,2,3,2,3,0,0.2,2026-06-22,blown_save,824585,30,home,691799,7,50,36.8,42.8,44.4,R,Grant Taylor,CHW,7,CLE,0,LHH,0,Mid,Low,medium
2,1,1,0,0,0,1,2026-06-24,other,824583,17,home,691799,10,50,36.8,42.8,44.4,R,Grant Taylor,CHW,5,CLE,0,LHH,0,Mid,Low,high
0,4,0,0,0,0,2,2026-06-27,other,824581,19,home,691799,8,57,42.9,50.8,55.5,R,Grant Taylor,CHW,6,KCR,0,RHH,0,Mid,Mid,high
0,2,0,0,0,0,2,2026-06-29,other,824822,24,away,691799,7,31.6,69.3,61.4,73.6,R,Grant Taylor,CHW,6,BAL,0,LHH,0,Low,Mid,high
1,2,2,2,2,1,1.1,2026-07-02,blown_save,824416,29,away,691799,8,50,36.8,42.8,44.4,R,Grant Taylor,CHW,7,CLE,0,LHH,0,Mid,Low,high
0,1,0,1,0,0,1,2026-07-04,save,824415,17,away,691799,9,50,36.8,42.8,44.4,R,Grant Taylor,CHW,4,CLE,0,,0,Mid,Low,high
0,0,0,1,0,0,1,2026-07-09,other,824577,15,home,691799,8,43,41.3,32.9,16,R,Grant Taylor,CHW,4,BOS,0,,0,Low,Low,high
0,2,0,1,0,0,1.2,2026-07-11,save,824576,22,home,691799,8,42.3,37.3,48.1,64.7,R,Grant Taylor,CHW,6,ATH,0,,1,Low,Low,high
2,0,0,0,0,0,1,2026-07-19,save,822786,9,away,691799,9,54.7,7.6,29.4,36.4,R,Grant Taylor,CHW,4,TOR,0,RHH,0,Mid,Low,high
0,5,0,0,0,0,2,2026-07-22,hold,822873,28,away,691799,7,36.6,27.1,36.4,46.9,R,Grant Taylor,CHW,6,TEX,0,RHH,0,Low,Low,high
0,2,0,1,0,0,1,2026-07-26,hold,824572,17,home,691799,7,38.5,45.2,48.8,60.3,R,Grant Taylor,CHW,4,HOU,0,RHH,0,Low,Low,high
0,1,1,0,0,0,2.1,2026-07-29,other,824567,26,home,691799,9,38.8,75.1,66.4,76,R,Grant Taylor,CHW,7,NYY,0,LHH,0,Low,High,high
2,1,0,0,0,0,1.2,2026-08-02,other,822943,22,away,691799,7,77.8,34.8,51.2,51,R,Grant Taylor,CHW,6,TBR,0,,1,High,Mid,medium
1,2,0,1,0,0,2,2026-08-06,hold,824729,40,away,691799,6,43,41.3,32.9,16,R,Grant Taylor,CHW,10,BOS,0,LHH,1,Low,Low,medium
1,0,0,0,0,0,1,2026-08-08,save,824565,17,home,691799,9,50,36.8,42.8,44.4,R,Grant Taylor,CHW,4,CLE,0,LHH,0,Mid,Low,high
1,2,0,1,0,0,2,2026-08-11,blown_save,824563,36,home,691799,8,32.7,40.9,35.4,31,R,Grant Taylor,CHW,7,CIN,2,RHH,2,Low,Low,high
0,3,0,4,0,0,2,2026-08-09,other,824564,48,home,696146,2,50,36.8,42.8,44.4,R,Hagen Smith,CHW,10,CLE,0,RHH,0,Mid,Low,medium
0,3,0,1,0,0,1,2026-08-12,other,824562,15,home,696146,,32.7,40.9,35.4,31,R,Hagen Smith,CHW,4,CIN,0,,0,Low,Low,medium
0,1,0,0,0,0,0.2,2026-03-28,other,823651,4,home,623211,6,33.5,60.7,62.1,84.2,R,Huascar Brazobán,CHW,2,PIT,0,,2,Low,Mid,high
0,0,0,0,0,0,1.2,2026-03-29,other,823647,14,home,623211,6,33.5,60.7,62.1,84.2,R,Huascar Brazobán,CHW,5,PIT,0,RHH,0,Low,Mid,medium
1,1,0,0,0,0,0.2,2026-04-01,blown_save,823078,13,away,623211,6,41,40.4,42.1,44.7,R,Huascar Brazobán,CHW,3,STL,1,RHH,2,Low,Low,high
1,1,0,0,0,0,1,2026-04-03,other,823240,24,away,623211,7,35.1,17.2,38.2,64.4,R,Huascar Brazobán,CHW,4,SFG,0,RHH,0,Low,Low,medium
0,0,0,0,0,0,1.1,2026-04-05,other,823238,10,away,623211,6,35.1,17.2,38.2,64.4,R,Huascar Brazobán,CHW,4,SFG,0,RHH,1,Low,Low,medium
2,0,0,0,0,0,0.1,2026-04-07,other,823648,14,home,623211,5,58.2,31.7,40.5,37.8,R,Huascar Brazobán,CHW,3,ARI,3,LHH,3,Mid,Low,medium
2,3,0,0,0,0,2.2,2026-04-11,other,823644,38,home,623211,3,42.3,37.3,48.1,64.7,R,Huascar Brazobán,CHW,9,ATH,0,,0,Low,Low,low
2,1,0,0,0,0,0.2,2026-04-17,other,824693,15,away,623211,4,62.9,82.6,69.2,58.4,R,Huascar Brazobán,CHW,5,CHC,1,RHH,1,Mid,High,medium
0,1,0,2,0,0,0.1,2026-04-19,hold,824691,13,away,623211,6,62.9,82.6,69.2,58.4,R,Huascar Brazobán,CHW,3,CHC,0,RHH,1,Mid,High,medium
0,2,0,0,0,0,1.1,2026-04-21,other,823640,16,home,623211,7,39.7,33.8,47.1,67.6,R,Huascar Brazobán,CHW,4,MIN,0,RHH,1,Low,Low,high
1,0,1,0,1,1,0.2,2026-04-23,blown_save,823639,10,home,623211,8,39.7,33.8,47.1,67.6,R,Huascar Brazobán,CHW,3,MIN,3,,3,Low,Low,high
2,1,1,1,1,0,2,2026-04-26,other,823635,31,home,623211,6,34.5,31.8,26.1,13.5,R,Huascar Brazobán,CHW,7,COL,1,,3,Low,Low,high
0,1,0,0,0,0,1,2026-05-01,other,824041,11,away,623211,6,22.6,13.1,27.4,47.2,R,Huascar Brazobán,CHW,3,LAA,0,RHH,0,Low,Low,medium
0,1,0,0,0,0,1.1,2026-05-02,other,824042,18,away,623211,7,22.6,13.1,27.4,47.2,R,Huascar Brazobán,CHW,4,LAA,0,RHH,1,Low,Low,high
1,1,1,2,1,0,1,2026-05-07,other,824362,25,away,623211,5,34.5,31.8,26.1,13.5,R,Huascar Brazobán,CHW,6,COL,0,LHH,1,Low,Low,medium
0,2,0,0,0,0,2.1,2026-05-13,other,823631,25,home,623211,5,43.2,42.5,49.7,62.5,R,Huascar Brazobán,CHW,7,DET,0,RHH,1,Low,Low,medium
1,1,1,2,0,0,2,2026-05-18,other,822734,22,away,623211,10,43.7,67,67.7,85.6,R,Huascar Brazobán,CHW,10,WSN,0,LHH,0,Low,High,high
0,0,0,0,0,0,1,2026-05-21,hold,822733,9,away,623211,6,43.7,67,67.7,85.6,R,Huascar Brazobán,CHW,3,WSN,0,RHH,0,Low,High,medium
1,0,0,0,0,0,0.2,2026-05-24,other,823861,8,away,623211,6,40.1,39.3,48.6,65.4,R,Huascar Brazobán,CHW,3,MIA,0,LHH,1,Low,Low,medium
1,0,1,1,1,0,1,2026-05-29,hold,823623,12,home,623211,6,40.1,39.3,48.6,65.4,R,Huascar Brazobán,CHW,5,MIA,0,RHH,0,Low,Low,medium
0,3,0,0,0,0,1,2026-05-30,hold,823622,16,home,623211,7,40.1,39.3,48.6,65.4,R,Huascar Brazobán,CHW,3,MIA,0,LHH,0,Low,Low,medium
0,2,0,0,0,0,1.1,2026-06-05,hold,823293,17,away,623211,6,40.5,52.4,53.2,63.3,R,Huascar Brazobán,CHW,4,SDP,0,RHH,2,Low,Mid,high
0,4,0,0,0,0,1.2,2026-06-12,other,823617,19,home,623211,6,51.3,55.8,59,68.1,R,Huascar Brazobán,CHW,5,ATL,0,,0,Mid,Mid,low
0,0,0,0,0,0,1,2026-06-14,other,823615,11,home,623211,9,51.3,55.8,59,68.1,R,Huascar Brazobán,CHW,3,ATL,0,RHH,0,Mid,Mid,high
0,2,0,1,0,0,1,2026-06-16,other,824504,15,away,623211,7,32.7,40.9,35.4,31,R,Huascar Brazobán,CHW,3,CIN,0,RHH,0,Low,Low,high
0,1,0,1,0,0,1,2026-06-18,other,823448,20,away,623211,6,32.1,30.7,33.4,37.3,R,Huascar Brazobán,CHW,4,PHI,0,,0,Low,Low,medium
0,4,0,0,0,0,2,2026-06-24,other,823611,34,home,623211,4,62.9,82.6,69.2,58.4,R,Huascar Brazobán,CHW,6,CHC,0,RHH,2,Mid,High,medium
2,1,1,1,1,0,1,2026-06-26,other,823610,18,home,623211,7,32.1,30.7,33.4,37.3,R,Huascar Brazobán,CHW,6,PHI,0,,0,Low,Low,high
1,0,0,0,0,0,1,2026-06-27,hold,823609,10,home,623211,7,32.1,30.7,33.4,37.3,R,Huascar Brazobán,CHW,4,PHI,0,LHH,0,Low,Low,high
4,1,5,1,5,1,0.1,2026-07-05,other,824902,20,away,623211,9,51.3,55.8,59,68.1,R,Huascar Brazobán,CHW,6,ATL,0,RHH,0,Mid,Mid,high
3,2,0,2,0,0,2,2026-07-07,blown_save,823607,37,home,623211,5,57,42.9,50.8,55.5,R,Huascar Brazobán,CHW,10,KCR,2,RHH,3,Mid,Mid,medium
0,2,0,0,0,0,1,2026-07-09,other,823606,11,home,623211,8,57,42.9,50.8,55.5,R,Huascar Brazobán,CHW,3,KCR,0,RHH,0,Mid,Mid,high
0,1,0,0,0,0,0.2,2026-07-11,other,823603,12,home,623211,5,43,41.3,32.9,16,R,Huascar Brazobán,CHW,2,BOS,0,,3,Low,Low,medium
0,0,0,0,0,0,1,2026-07-16,hold,823440,12,away,623211,7,32.1,30.7,33.4,37.3,R,Huascar Brazobán,CHW,3,PHI,0,RHH,0,Low,Low,medium
0,2,0,1,0,0,1,2026-07-19,other,823439,22,away,623211,8,32.1,30.7,33.4,37.3,R,Huascar Brazobán,CHW,4,PHI,0,LHH,0,Low,Low,high
1,0,1,0,1,0,1.1,2026-07-22,other,823761,16,away,623211,5,67.4,75.3,66.3,55.3,R,Huascar Brazobán,CHW,4,MIL,0,RHH,3,High,High,medium
0,0,0,0,0,0,1,2026-07-25,other,823600,7,home,623211,9,68.3,95.7,82.8,78.2,R,Huascar Brazobán,CHW,3,LAD,0,LHH,0,High,High,high
0,1,0,0,0,0,0.2,2026-07-27,hold,823597,13,home,623211,7,51.3,55.8,59,68.1,R,Huascar Brazobán,CHW,2,ATL,0,RHH,0,Mid,Mid,high
0,0,0,0,0,0,1,2026-07-29,other,823596,11,home,623211,7,51.3,55.8,59,68.1,R,Huascar Brazobán,CHW,3,ATL,0,RHH,0,Mid,Mid,high
0,2,0,1,0,0,1,2026-08-02,other,823592,24,home,623211,8,40.1,39.3,48.6,65.4,R,Huascar Brazobán,CHW,4,MIA,0,,0,Low,Low,high
0,1,0,1,0,0,1,2026-08-05,other,824728,19,away,623211,7,43,41.3,32.9,16,R,Huascar Brazobán,CHW,4,BOS,1,RHH,1,Low,Low,medium
2,1,1,0,1,0,1.1,2026-08-06,blown_save,824729,20,away,623211,8,43,41.3,32.9,16,R,Huascar Brazobán,CHW,4,BOS,0,RHH,2,Low,Low,high
0,1,0,0,0,0,1.2,2026-08-09,hold,824564,22,home,623211,5,50,36.8,42.8,44.4,R,Huascar Brazobán,CHW,5,CLE,0,,0,Mid,Low,medium
2,0,3,4,3,0,0.2,2026-03-26,other,823812,34,away,663855,6,67.4,75.3,66.3,55.3,R,Jordan Hicks,CHW,7,MIL,0,LHH,0,High,High,low
0,1,0,0,0,0,0.1,2026-03-29,other,823810,3,away,663855,8,67.4,75.3,66.3,55.3,R,Jordan Hicks,CHW,1,MIL,0,RHH,1,High,High,high
0,1,0,1,0,0,1.1,2026-03-30,save,823890,13,away,663855,8,40.1,39.3,48.6,65.4,R,Jordan Hicks,CHW,5,MIA,0,RHH,3,Low,Low,high
0,0,0,1,0,0,1.1,2026-04-04,hold,824622,19,home,663855,7,54.7,7.6,29.4,36.4,R,Jordan Hicks,CHW,4,TOR,1,,2,Mid,Low,high
3,2,2,0,2,0,1.1,2026-04-07,blown_save,824618,23,home,663855,7,31.6,69.3,61.4,73.6,R,Jordan Hicks,CHW,7,BAL,0,,0,Low,Mid,high
0,0,0,1,0,0,0.2,2026-04-08,other,824617,13,home,663855,8,31.6,69.3,61.4,73.6,R,Jordan Hicks,CHW,3,BAL,0,RHH,0,Low,Mid,high
1,1,1,0,1,0,1,2026-04-11,other,824129,16,away,663855,8,57,42.9,50.8,55.5,R,Jordan Hicks,CHW,4,KCR,0,RHH,0,Mid,Mid,high
2,0,0,0,0,0,1.1,2026-04-12,other,824126,18,away,663855,4,57,42.9,50.8,55.5,R,Jordan Hicks,CHW,5,KCR,1,RHH,1,Mid,Mid,medium
2,0,0,0,0,0,1,2026-04-14,other,824616,7,home,663855,8,77.8,34.8,51.2,51,R,Jordan Hicks,CHW,4,TBR,0,RHH,0,High,Mid,high
1,1,0,1,0,0,1,2026-04-16,other,824614,19,home,663855,5,77.8,34.8,51.2,51,R,Jordan Hicks,CHW,6,TBR,0,LHH,0,High,Mid,medium
1,0,0,1,0,0,1,2026-04-18,other,825020,17,away,663855,10,42.3,37.3,48.1,64.7,R,Jordan Hicks,CHW,5,ATH,0,RHH,0,Low,Low,high
1,0,0,1,0,0,0.1,2026-04-22,other,825097,12,away,663855,4,58.2,31.7,40.5,37.8,R,Jordan Hicks,CHW,3,ARI,1,RHH,1,Mid,Low,medium
0,1,0,2,0,0,1,2026-04-25,other,824613,19,home,663855,7,43.7,67,67.7,85.6,R,Jordan Hicks,CHW,5,WSN,0,LHH,0,Low,High,high
2,0,0,0,0,0,0.1,2026-04-27,hold,824609,8,home,663855,8,22.6,13.1,27.4,47.2,R,Jordan Hicks,CHW,3,LAA,0,LHH,0,Low,Low,high
1,1,0,0,0,0,1,2026-05-01,other,823309,12,away,663855,9,40.5,52.4,53.2,63.3,R,Jordan Hicks,CHW,4,SDP,0,RHH,0,Low,Mid,high
0,1,0,1,0,0,1,2026-05-06,other,824036,11,away,663855,7,22.6,13.1,27.4,47.2,R,Jordan Hicks,CHW,3,LAA,0,RHH,0,Low,Low,medium
1,3,0,0,0,0,1,2026-05-13,hold,824603,21,home,663855,7,57,42.9,50.8,55.5,R,Jordan Hicks,CHW,5,KCR,0,RHH,0,Mid,Mid,high
1,1,4,4,4,0,0.2,2026-05-15,other,824601,35,home,663855,8,62.9,82.6,69.2,58.4,R,Jordan Hicks,CHW,7,CHC,0,RHH,0,Mid,High,high
1,2,0,0,0,0,1,2026-05-18,other,823137,18,away,663855,7,43.3,45.2,49.2,57.9,R,Jordan Hicks,CHW,4,SEA,0,RHH,0,Low,Low,high
1,0,1,0,1,1,0.1,2026-05-20,other,823134,5,away,663855,7,43.3,45.2,49.2,57.9,R,Jordan Hicks,CHW,2,SEA,1,RHH,1,Low,Low,medium
0,1,0,0,0,0,1,2026-06-26,other,824582,18,home,663855,7,57,42.9,50.8,55.5,R,Jordan Hicks,CHW,3,KCR,0,LHH,0,Mid,Mid,medium
0,2,0,0,0,0,1.1,2026-06-28,other,824580,13,home,663855,8,57,42.9,50.8,55.5,R,Jordan Hicks,CHW,4,KCR,0,LHH,0,Mid,Mid,high
1,2,0,1,0,0,1,2026-07-01,other,824818,22,away,663855,7,31.6,69.3,61.4,73.6,R,Jordan Hicks,CHW,5,BAL,0,LHH,0,Low,Mid,medium
1,3,0,0,0,0,1,2026-07-03,other,824417,20,away,663855,5,50,36.8,42.8,44.4,R,Jordan Hicks,CHW,4,CLE,0,,0,Mid,Low,medium
0,2,0,0,0,0,1,2026-07-07,other,824579,14,home,663855,7,43,41.3,32.9,16,R,Jordan Hicks,CHW,3,BOS,0,RHH,0,Low,Low,medium
0,2,0,0,0,0,1.2,2026-07-09,other,824577,15,home,663855,6,43,41.3,32.9,16,R,Jordan Hicks,CHW,5,BOS,0,RHH,1,Low,Low,medium
0,3,0,0,0,0,1,2026-07-12,other,824574,15,home,663855,6,42.3,37.3,48.1,64.7,R,Jordan Hicks,CHW,3,ATH,0,LHH,0,Low,Low,low
0,0,0,0,0,0,1,2026-07-18,other,822790,8,away,663855,8,54.7,7.6,29.4,36.4,R,Jordan Hicks,CHW,3,TOR,0,RHH,0,Mid,Low,high
0,2,0,1,0,0,0.2,2026-07-20,hold,822874,19,away,663855,6,36.6,27.1,36.4,46.9,R,Jordan Hicks,CHW,3,TEX,0,RHH,0,Low,Low,medium
0,1,0,0,0,0,1,2026-07-22,hold,822873,19,away,663855,6,36.6,27.1,36.4,46.9,R,Jordan Hicks,CHW,4,TEX,0,RHH,0,Low,Low,medium
0,0,0,1,0,0,1,2026-07-26,other,824572,17,home,663855,5,38.5,45.2,48.8,60.3,R,Jordan Hicks,CHW,4,HOU,0,RHH,1,Low,Low,medium
0,2,0,1,0,0,0.2,2026-07-28,other,824569,9,home,663855,6,38.8,75.1,66.4,76,R,Jordan Hicks,CHW,3,NYY,0,LHH,1,Low,High,medium
1,1,0,1,0,0,1,2026-07-29,other,824567,29,home,663855,12,38.8,75.1,66.4,76,R,Jordan Hicks,CHW,5,NYY,0,RHH,0,Low,High,high
2,1,1,0,1,0,0.2,2026-08-06,hold,824729,16,away,663855,6,43,41.3,32.9,16,R,Jordan Hicks,CHW,4,BOS,0,,0,Low,Low,medium
3,1,1,0,1,1,0.1,2026-08-08,hold,824565,13,home,663855,7,50,36.8,42.8,44.4,R,Jordan Hicks,CHW,4,CLE,0,LHH,0,Mid,Low,medium
1,1,0,0,0,0,1,2026-08-09,hold,824564,14,home,663855,8,50,36.8,42.8,44.4,R,Jordan Hicks,CHW,4,CLE,0,LHH,0,Mid,Low,high
1,4,2,2,2,0,2.1,2026-05-19,hold,823136,54,home,622491,7,32.2,45.8,54.2,79.5,R,Luis Castillo,CHW,11,CHW,0,RHH,0,Low,Mid,high
2,3,2,2,1,0,5,2026-05-31,blown_save,823133,71,home,622491,6,58.2,31.7,40.5,37.8,R,Luis Castillo,CHW,20,ARI,0,LHH,0,Mid,Low,medium
7,4,5,0,4,0,4,2026-06-19,other,823124,63,home,622491,6,43,41.3,32.9,16,R,Luis Castillo,CHW,19,BOS,0,RHH,0,Low,Low,medium
4,7,1,0,1,0,6,2026-04-03,blown_hold,824621,85,home,680732,2,54.7,7.6,29.4,36.4,R,Sean Burke,CHW,22,TOR,0,RHH,0,Mid,Low,medium
3,4,0,0,0,0,7.1,2026-04-26,other,824612,76,home,680732,2,43.7,67,67.7,85.6,R,Sean Burke,CHW,24,WSN,0,,0,Low,High,medium
3,7,3,5,3,2,4.1,2026-06-06,other,823454,90,away,680732,2,32.1,30.7,33.4,37.3,R,Sean Burke,CHW,21,PHI,0,RHH,0,Low,Low,low
5,8,1,1,1,1,7.1,2026-06-18,other,823533,88,away,680732,2,38.8,75.1,66.4,76,R,Sean Burke,CHW,25,NYY,0,RHH,1,Low,High,medium
3,1,2,1,2,0,2.1,2026-03-26,other,823812,33,away,656794,2,67.4,75.3,66.3,55.3,R,Sean Newcomb,CHW,10,MIL,0,LHH,1,High,High,medium
3,5,1,1,1,0,2.2,2026-03-30,other,823890,51,away,656794,6,40.1,39.3,48.6,65.4,R,Sean Newcomb,CHW,12,MIA,0,LHH,0,Low,Low,low
1,0,0,0,0,0,0.2,2026-04-03,other,824621,8,home,656794,9,54.7,7.6,29.4,36.4,R,Sean Newcomb,CHW,3,TOR,0,RHH,0,Mid,Low,high
0,0,0,1,0,0,0.1,2026-04-04,hold,824622,16,home,656794,8,54.7,7.6,29.4,36.4,R,Sean Newcomb,CHW,2,TOR,0,,0,Mid,Low,high
2,1,1,1,1,0,1.1,2026-04-07,other,824618,26,home,656794,4,31.6,69.3,61.4,73.6,R,Sean Newcomb,CHW,7,BAL,0,,2,Low,Mid,medium
1,2,0,0,0,0,1,2026-04-08,other,824617,14,home,656794,7,31.6,69.3,61.4,73.6,R,Sean Newcomb,CHW,4,BAL,0,RHH,0,Low,Mid,high
0,1,0,0,0,0,2,2026-04-11,other,824129,23,away,656794,6,57,42.9,50.8,55.5,R,Sean Newcomb,CHW,6,KCR,0,RHH,0,Mid,Mid,medium
1,0,2,1,2,0,0.1,2026-04-12,other,824126,9,away,656794,3,57,42.9,50.8,55.5,R,Sean Newcomb,CHW,3,KCR,0,LHH,0,Mid,Mid,medium
1,3,0,0,0,0,1.2,2026-04-16,blown_save,824614,21,home,656794,7,77.8,34.8,51.2,51,R,Sean Newcomb,CHW,6,TBR,1,LHH,2,High,Mid,high
3,0,1,0,1,0,1.1,2026-04-18,other,825020,19,away,656794,5,42.3,37.3,48.1,64.7,R,Sean Newcomb,CHW,8,ATH,1,LHH,1,Low,Low,medium
4,0,1,1,1,0,2,2026-04-22,other,825097,44,away,656794,7,58.2,31.7,40.5,37.8,R,Sean Newcomb,CHW,9,ARI,0,RHH,0,Mid,Low,medium
0,1,0,0,0,0,0.1,2026-04-24,other,824611,4,home,656794,7,43.7,67,67.7,85.6,R,Sean Newcomb,CHW,1,WSN,0,LHH,1,Low,High,high
0,0,0,1,0,0,0.2,2026-04-26,other,824612,10,home,656794,9,43.7,67,67.7,85.6,R,Sean Newcomb,CHW,3,WSN,0,LHH,1,Low,High,high
1,3,0,1,0,0,1.1,2026-04-28,hold,824610,29,home,656794,6,22.6,13.1,27.4,47.2,R,Sean Newcomb,CHW,6,LAA,0,RHH,1,Low,Low,medium
0,4,0,0,0,0,2,2026-05-04,other,824039,28,away,656794,8,22.6,13.1,27.4,47.2,R,Sean Newcomb,CHW,6,LAA,0,RHH,0,Low,Low,high
1,0,0,0,0,0,1.2,2026-05-08,other,824607,23,home,656794,5,43.3,45.2,49.2,57.9,R,Sean Newcomb,CHW,6,SEA,0,LHH,1,Low,Low,medium
1,1,0,0,0,0,1,2026-05-10,other,824605,15,home,656794,7,43.3,45.2,49.2,57.9,R,Sean Newcomb,CHW,4,SEA,0,,0,Low,Low,high
0,1,0,0,0,0,1,2026-05-13,hold,824603,14,home,656794,8,57,42.9,50.8,55.5,R,Sean Newcomb,CHW,4,KCR,0,RHH,0,Mid,Mid,high
1,1,0,0,0,0,2,2026-05-14,save,824602,26,home,656794,8,57,42.9,50.8,55.5,R,Sean Newcomb,CHW,7,KCR,0,RHH,0,Mid,Mid,high
2,1,0,0,0,0,2,2026-05-17,other,824599,21,home,656794,4,62.9,82.6,69.2,58.4,R,Sean Newcomb,CHW,8,CHC,1,RHH,2,Mid,High,medium
2,1,2,0,2,1,2,2026-05-20,other,823134,21,away,656794,5,43.3,45.2,49.2,57.9,R,Sean Newcomb,CHW,8,SEA,0,RHH,3,Low,Low,medium
1,2,0,0,0,0,2,2026-05-26,other,824597,34,home,656794,8,39.7,33.8,47.1,67.6,R,Sean Newcomb,CHW,6,MIN,0,RHH,0,Low,Low,high
0,3,0,1,0,0,2.2,2026-05-29,other,824594,28,home,656794,6,43.2,42.5,49.7,62.5,R,Sean Newcomb,CHW,8,DET,0,RHH,1,Low,Low,medium
0,1,0,0,0,0,1.2,2026-06-02,other,823700,24,away,656794,5,39.7,33.8,47.1,67.6,R,Sean Newcomb,CHW,6,MIN,0,LHH,2,Low,Low,medium
1,3,0,0,0,0,2.1,2026-06-06,hold,823454,29,away,656794,6,32.1,30.7,33.4,37.3,R,Sean Newcomb,CHW,8,PHI,0,RHH,2,Low,Low,high
1,1,1,1,0,0,1,2026-06-10,hold,824590,27,home,656794,7,51.3,55.8,59,68.1,R,Sean Newcomb,CHW,6,ATL,0,,0,Mid,Mid,high
0,4,0,1,0,0,2.1,2026-06-14,other,824586,26,home,656794,2,68.3,95.7,82.8,78.2,R,Sean Newcomb,CHW,8,LAD,0,LHH,0,High,High,medium
3,0,3,0,3,0,0.2,2026-06-17,other,823536,14,away,656794,5,38.8,75.1,66.4,76,R,Sean Newcomb,CHW,5,NYY,0,RHH,0,Low,High,medium
0,2,0,1,0,0,2.2,2026-06-23,save,824584,45,home,656794,7,50,36.8,42.8,44.4,R,Sean Newcomb,CHW,9,CLE,0,,1,Mid,Low,high
2,2,1,2,1,0,1.2,2026-06-27,other,824581,30,home,656794,6,57,42.9,50.8,55.5,R,Sean Newcomb,CHW,8,KCR,0,,1,Mid,Mid,medium
1,1,1,2,1,0,1,2026-07-02,hold,824416,27,away,656794,6,50,36.8,42.8,44.4,R,Sean Newcomb,CHW,6,CLE,0,,0,Mid,Low,medium
0,2,0,1,0,0,1.2,2026-07-05,save,824413,22,away,656794,8,50,36.8,42.8,44.4,R,Sean Newcomb,CHW,6,CLE,0,LHH,1,Mid,Low,high
1,1,0,1,0,0,1.1,2026-07-11,hold,824576,25,home,656794,7,42.3,37.3,48.1,64.7,R,Sean Newcomb,CHW,6,ATH,0,RHH,1,Low,Low,high
1,1,0,1,0,0,1.1,2026-07-18,other,822790,15,away,656794,6,54.7,7.6,29.4,36.4,R,Sean Newcomb,CHW,6,TOR,0,LHH,1,Mid,Low,medium
1,2,0,1,0,0,1,2026-07-20,hold,822874,20,away,656794,8,36.6,27.1,36.4,46.9,R,Sean Newcomb,CHW,5,TEX,0,RHH,0,Low,Low,high
1,0,0,1,0,0,0.2,2026-07-26,other,824572,25,home,656794,6,38.5,45.2,48.8,60.3,R,Sean Newcomb,CHW,5,HOU,0,RHH,0,Low,Low,medium
4,0,4,0,4,1,1,2026-07-27,other,824570,19,home,656794,8,38.8,75.1,66.4,76,R,Sean Newcomb,CHW,7,NYY,0,RHH,0,Low,High,high
2,1,0,1,0,0,2,2026-07-30,other,824568,25,home,656794,7,38.8,75.1,66.4,76,R,Sean Newcomb,CHW,8,NYY,0,LHH,0,Low,High,high
1,1,1,0,0,0,1.2,2026-08-05,other,824728,18,away,656794,5,43,41.3,32.9,16,R,Sean Newcomb,CHW,5,BOS,0,LHH,1,Low,Low,medium
0,1,0,0,0,0,0.2,2026-08-08,hold,824565,8,home,656794,7,50,36.8,42.8,44.4,R,Sean Newcomb,CHW,2,CLE,0,,2,Mid,Low,high
1,2,0,1,0,0,1.1,2026-08-09,hold,824564,29,home,656794,4,50,36.8,42.8,44.4,R,Sean Newcomb,CHW,6,CLE,0,RHH,0,Mid,Low,medium
0,0,1,0,0,0,1,2026-08-11,other,824563,10,home,656794,10,32.7,40.9,35.4,31,R,Sean Newcomb,CHW,3,CIN,0,RHH,0,Low,Low,high
3,3,1,1,1,0,2.1,2026-04-30,blown_save,823471,45,home,670950,6,35.1,17.2,38.2,64.4,R,Trevor Richards,CHW,11,SFG,1,RHH,1,Low,Low,medium
1,2,0,2,0,0,2,2026-05-02,other,823876,24,away,670950,7,40.1,39.3,48.6,65.4,R,Trevor Richards,CHW,8,MIA,0,RHH,0,Low,Low,medium
3,1,3,0,3,1,1,2026-05-08,other,824607,22,home,670950,8,43.3,45.2,49.2,57.9,R,Trevor Richards,CHW,6,SEA,0,LHH,0,Low,Low,high
0,1,0,0,0,0,0.2,2026-05-15,other,824601,7,home,670950,5,62.9,82.6,69.2,58.4,R,Trevor Richards,CHW,2,CHC,0,,2,Mid,High,medium
2,2,2,0,2,1,2,2026-05-16,other,824600,34,home,670950,8,62.9,82.6,69.2,58.4,R,Trevor Richards,CHW,8,CHC,0,RHH,0,Mid,High,high
2,1,3,1,3,1,1,2026-05-18,other,823137,26,away,670950,8,43.3,45.2,49.2,57.9,R,Trevor Richards,CHW,6,SEA,0,LHH,0,Low,Low,high
0,2,0,0,0,0,1,2026-05-22,other,823223,10,away,670950,9,35.1,17.2,38.2,64.4,R,Trevor Richards,CHW,3,SFG,0,RHH,0,Low,Low,high
2,1,1,1,1,1,2,2026-05-23,other,823222,39,away,670950,7,35.1,17.2,38.2,64.4,R,Trevor Richards,CHW,9,SFG,0,RHH,0,Low,Low,medium
0,0,0,0,0,0,1,2026-05-27,other,824596,4,home,670950,9,39.7,33.8,47.1,67.6,R,Trevor Richards,CHW,3,MIN,0,RHH,0,Low,Low,high
1,1,0,0,0,0,1,2026-05-30,other,824593,10,home,670950,9,43.2,42.5,49.7,62.5,R,Trevor Richards,CHW,4,DET,0,,0,Low,Low,high
0,0,0,0,0,0,2,2026-06-01,other,823702,17,away,670950,7,39.7,33.8,47.1,67.6,R,Trevor Richards,CHW,6,MIN,0,LHH,0,Low,Low,medium
0,1,0,0,0,0,1.2,2026-06-02,other,823700,22,away,670950,7,39.7,33.8,47.1,67.6,R,Trevor Richards,CHW,5,MIN,0,RHH,1,Low,Low,high
1,0,0,0,0,0,1,2026-06-05,other,823455,15,away,670950,8,32.1,30.7,33.4,37.3,R,Trevor Richards,CHW,4,PHI,0,,0,Low,Low,high
1,1,0,0,0,0,2.1,2026-06-07,other,823453,27,away,670950,6,32.1,30.7,33.4,37.3,R,Trevor Richards,CHW,8,PHI,0,LHH,2,Low,Low,high
0,2,0,0,0,0,2,2026-06-12,other,824588,21,home,670950,7,68.3,95.7,82.8,78.2,R,Trevor Richards,CHW,6,LAD,0,RHH,0,High,High,medium
2,1,1,2,1,1,2,2026-06-17,other,823536,44,away,670950,7,38.8,75.1,66.4,76,R,Trevor Richards,CHW,10,NYY,0,RHH,0,Low,High,medium
1,1,1,0,1,1,1,2026-06-20,other,824263,16,away,670950,7,43.2,42.5,49.7,62.5,R,Trevor Richards,CHW,4,DET,0,RHH,0,Low,Low,medium
0,2,0,0,0,0,1,2026-06-26,other,824582,9,home,670950,9,57,42.9,50.8,55.5,R,Trevor Richards,CHW,3,KCR,0,LHH,0,Mid,Mid,high
0,1,0,0,0,0,1.1,2026-06-28,other,824580,16,home,670950,4,57,42.9,50.8,55.5,R,Trevor Richards,CHW,4,KCR,0,RHH,1,Mid,Mid,medium
1,2,1,2,1,0,1.1,2026-07-01,other,824818,31,away,670950,5,31.6,69.3,61.4,73.6,R,Trevor Richards,CHW,7,BAL,1,RHH,2,Low,Mid,medium
0,3,0,1,0,0,2,2026-07-03,other,824417,28,away,670950,8,50,36.8,42.8,44.4,R,Trevor Richards,CHW,8,CLE,0,LHH,0,Mid,Low,high
1,2,0,0,0,0,1.1,2026-07-05,hold,824413,22,away,670950,7,50,36.8,42.8,44.4,R,Trevor Richards,CHW,5,CLE,0,LHH,0,Mid,Low,high
1,1,0,1,0,0,0.1,2026-07-07,other,824579,14,home,670950,9,43,41.3,32.9,16,R,Trevor Richards,CHW,3,BOS,1,RHH,1,Low,Low,high
3,4,0,0,0,0,2,2026-07-08,other,824578,47,home,670950,8,43,41.3,32.9,16,R,Trevor Richards,CHW,9,BOS,0,,0,Low,Low,high
4,1,2,0,2,2,1.2,2026-07-17,other,822789,36,away,670950,5,54.7,7.6,29.4,36.4,R,Trevor Richards,CHW,9,TOR,0,RHH,0,Mid,Low,low
1,1,0,0,0,0,1,2026-07-20,other,822874,18,away,670950,9,36.6,27.1,36.4,46.9,R,Trevor Richards,CHW,4,TEX,0,,0,Low,Low,high
1,1,2,1,2,0,0.2,2026-07-21,other,822871,17,away,670950,4,36.6,27.1,36.4,46.9,R,Trevor Richards,CHW,4,TEX,0,RHH,3,Low,Low,low
2,3,0,0,0,0,2,2026-07-24,other,824573,24,home,670950,7,38.5,45.2,48.8,60.3,R,Trevor Richards,CHW,7,HOU,0,RHH,0,Low,Low,medium
2,2,1,0,1,0,2,2026-07-25,other,824571,33,home,670950,7,38.5,45.2,48.8,60.3,R,Trevor Richards,CHW,8,HOU,0,RHH,0,Low,Low,medium
0,4,0,0,0,0,2,2026-07-27,other,824570,29,home,670950,5,38.8,75.1,66.4,76,R,Trevor Richards,CHW,7,NYY,0,,0,Low,High,medium
1,1,0,0,0,0,1,2026-07-29,other,824567,14,home,670950,8,38.8,75.1,66.4,76,R,Trevor Richards,CHW,4,NYY,0,LHH,0,Low,High,high
0,1,0,0,0,0,1,2026-07-31,other,822945,14,away,670950,9,77.8,34.8,51.2,51,R,Trevor Richards,CHW,3,TBR,0,LHH,0,High,Mid,high
2,1,0,0,0,0,1,2026-08-01,other,822944,17,away,670950,8,77.8,34.8,51.2,51,R,Trevor Richards,CHW,5,TBR,0,RHH,0,High,Mid,high
3,0,3,4,1,0,1.2,2026-08-06,blown_save,824729,28,away,670950,10,43,41.3,32.9,16,R,Trevor Richards,CHW,12,BOS,0,LHH,0,Low,Low,high
0,0,0,0,0,0,2.1,2026-08-07,other,824566,25,home,670950,6,50,36.8,42.8,44.4,R,Trevor Richards,CHW,7,CLE,0,LHH,1,Mid,Low,medium
0,0,1,2,1,0,1,2026-08-09,save,824564,22,home,670950,9,50,36.8,42.8,44.4,R,Trevor Richards,CHW,5,CLE,0,LHH,0,Mid,Low,high
1,0,0,0,0,0,0.1,2026-03-26,other,824541,3,home,656271,9,43,41.3,32.9,16,R,Brock Burke,CIN,2,BOS,1,,2,Low,Low,high
1,0,0,1,0,0,1.1,2026-03-29,other,824538,27,home,656271,6,43,41.3,32.9,16,R,Brock Burke,CIN,5,BOS,0,,0,Low,Low,medium
0,2,0,1,0,0,2.1,2026-03-31,other,824537,20,home,656271,5,33.5,60.7,62.1,84.2,R,Brock Burke,CIN,7,PIT,0,LHH,0,Low,Mid,low
0,3,0,0,0,0,1,2026-04-05,save,822917,14,away,656271,9,36.6,27.1,36.4,46.9,R,Brock Burke,CIN,3,TEX,0,RHH,0,Low,Low,high
0,1,0,0,0,0,0.1,2026-04-06,hold,823886,6,away,656271,7,40.1,39.3,48.6,65.4,R,Brock Burke,CIN,1,MIA,0,RHH,1,Low,Low,high
0,1,0,0,0,0,0.2,2026-04-09,other,823884,8,away,656271,6,40.1,39.3,48.6,65.4,R,Brock Burke,CIN,2,MIA,0,LHH,1,Low,Low,medium
1,0,1,1,1,0,1.1,2026-04-12,other,824533,25,home,656271,6,22.6,13.1,27.4,47.2,R,Brock Burke,CIN,6,LAA,0,RHH,0,Low,Low,low
2,1,0,0,0,0,0.1,2026-04-15,other,824532,13,home,656271,7,35.1,17.2,38.2,64.4,R,Brock Burke,CIN,3,SFG,1,RHH,2,Low,Low,high
2,2,3,0,0,0,0.2,2026-04-16,other,824530,15,home,656271,7,35.1,17.2,38.2,64.4,R,Brock Burke,CIN,5,SFG,0,LHH,0,Low,Low,high
1,1,0,1,0,0,1,2026-04-18,other,823721,28,away,656271,7,39.7,33.8,47.1,67.6,R,Brock Burke,CIN,5,MIN,0,RHH,0,Low,Low,high
0,2,0,0,0,0,1,2026-04-20,other,822994,14,away,656271,7,77.8,34.8,51.2,51,R,Brock Burke,CIN,3,TBR,0,RHH,0,High,Mid,medium
0,0,0,0,0,0,1,2026-04-22,other,822993,9,away,656271,8,77.8,34.8,51.2,51,R,Brock Burke,CIN,3,TBR,0,RHH,0,High,Mid,high
0,1,0,0,0,0,1,2026-04-24,other,824529,20,home,656271,7,43.2,42.5,49.7,62.5,R,Brock Burke,CIN,4,DET,0,RHH,0,Low,Low,high
1,1,0,2,0,0,1,2026-04-26,hold,824528,23,home,656271,6,43.2,42.5,49.7,62.5,R,Brock Burke,CIN,6,DET,0,RHH,0,Low,Low,medium
1,2,0,0,0,0,1,2026-04-28,other,824526,11,home,656271,9,34.5,31.8,26.1,13.5,R,Brock Burke,CIN,4,COL,0,,0,Low,Low,high
6,2,5,1,5,0,1,2026-05-02,other,823388,39,away,656271,4,33.5,60.7,62.1,84.2,R,Brock Burke,CIN,10,PIT,0,RHH,0,Low,Mid,low
0,1,0,1,0,0,0.2,2026-05-04,other,824684,9,away,656271,6,62.9,82.6,69.2,58.4,R,Brock Burke,CIN,3,CHC,0,LHH,1,Mid,High,medium
0,1,1,3,0,0,0.2,2026-05-06,other,824683,11,away,656271,10,62.9,82.6,69.2,58.4,R,Brock Burke,CIN,5,CHC,0,RHH,0,Mid,High,high
0,1,0,0,0,0,1,2026-05-09,hold,824523,8,home,656271,7,38.5,45.2,48.8,60.3,R,Brock Burke,CIN,3,HOU,0,RHH,0,Low,Low,high
1,1,0,0,0,0,2,2026-05-13,other,824519,19,home,656271,7,43.7,67,67.7,85.6,R,Brock Burke,CIN,7,WSN,0,LHH,0,Low,High,high
0,1,0,2,0,0,1,2026-05-15,hold,824439,18,away,656271,8,50,36.8,42.8,44.4,R,Brock Burke,CIN,5,CLE,3,RHH,3,Mid,Low,high
1,1,1,1,1,1,1,2026-05-17,other,824436,17,away,656271,5,50,36.8,42.8,44.4,R,Brock Burke,CIN,5,CLE,0,LHH,0,Mid,Low,medium
0,0,0,0,0,0,0.1,2026-05-18,other,823465,6,away,656271,8,32.1,30.7,33.4,37.3,R,Brock Burke,CIN,1,PHI,0,LHH,1,Low,Low,high
2,0,2,0,2,1,0.2,2026-05-20,hold,823462,9,away,656271,6,32.1,30.7,33.4,37.3,R,Brock Burke,CIN,4,PHI,0,,0,Low,Low,medium
0,0,0,2,0,0,1.1,2026-05-23,hold,824516,26,home,656271,6,41,40.4,42.1,44.7,R,Brock Burke,CIN,6,STL,0,,0,Low,Low,medium
1,0,1,0,1,0,0.2,2026-05-25,other,823625,13,away,656271,7,30.6,40,42.5,53.8,R,Brock Burke,CIN,3,NYM,0,LHH,0,Low,Low,medium
0,0,0,0,0,0,0.1,2026-05-26,other,823624,4,away,656271,8,30.6,40,42.5,53.8,R,Brock Burke,CIN,1,NYM,0,LHH,1,Low,Low,high
1,1,1,0,1,1,1,2026-05-30,other,824513,13,home,656271,7,51.3,55.8,59,68.1,R,Brock Burke,CIN,4,ATL,0,,0,Mid,Mid,high
0,1,0,0,0,0,1.1,2026-05-31,hold,824512,15,home,656271,7,51.3,55.8,59,68.1,R,Brock Burke,CIN,4,ATL,0,LHH,1,Mid,Mid,high
0,1,0,1,0,0,1,2026-06-02,other,824511,19,home,656271,10,57,42.9,50.8,55.5,R,Brock Burke,CIN,4,KCR,0,LHH,0,Mid,Mid,high
1,1,0,1,0,0,1,2026-06-05,other,823049,21,away,656271,5,41,40.4,42.1,44.7,R,Brock Burke,CIN,5,STL,1,RHH,1,Low,Low,medium
0,0,0,1,0,0,1,2026-06-07,other,823047,14,away,656271,7,41,40.4,42.1,44.7,R,Brock Burke,CIN,4,STL,0,LHH,0,Low,Low,high
1,1,0,1,0,0,1.2,2026-06-09,other,823290,14,away,656271,6,40.5,52.4,53.2,63.3,R,Brock Burke,CIN,5,SDP,0,RHH,2,Low,Mid,high
1,0,3,2,0,0,1,2026-06-12,other,824507,28,home,656271,9,58.2,31.7,40.5,37.8,R,Brock Burke,CIN,7,ARI,0,RHH,0,Mid,Low,high
1,1,0,1,0,0,1,2026-06-15,other,824505,18,home,656271,6,30.6,40,42.5,53.8,R,Brock Burke,CIN,5,NYM,0,RHH,0,Low,Low,low
1,0,0,0,0,0,1,2026-06-16,hold,824504,5,home,656271,7,30.6,40,42.5,53.8,R,Brock Burke,CIN,4,NYM,0,,0,Low,Low,high
2,0,1,0,1,0,1,2026-06-20,other,823532,13,away,656271,8,38.8,75.1,66.4,76,R,Brock Burke,CIN,5,NYY,0,RHH,0,Low,High,high
0,1,0,0,0,0,0.1,2026-06-22,other,824502,6,home,656271,9,67.4,75.3,66.3,55.3,R,Brock Burke,CIN,1,MIL,0,LHH,1,High,High,high
0,0,0,1,0,0,1,2026-06-24,other,824500,15,home,656271,9,67.4,75.3,66.3,55.3,R,Brock Burke,CIN,3,MIL,0,RHH,0,High,High,high
0,2,0,1,0,0,1,2026-06-26,other,823363,20,away,656271,7,33.5,60.7,62.1,84.2,R,Brock Burke,CIN,4,PIT,0,,1,Low,Mid,high
0,1,0,0,0,0,1.1,2026-06-28,other,823362,9,away,656271,7,33.5,60.7,62.1,84.2,R,Brock Burke,CIN,3,PIT,0,RHH,3,Low,Mid,high
2,0,2,1,2,0,0.2,2026-07-01,other,823767,26,away,656271,7,67.4,75.3,66.3,55.3,R,Brock Burke,CIN,5,MIL,0,RHH,0,High,High,high
0,1,0,0,0,0,1,2026-07-02,other,823765,11,away,656271,9,67.4,75.3,66.3,55.3,R,Brock Burke,CIN,3,MIL,0,LHH,0,High,High,high
0,0,0,0,0,0,1,2026-07-05,hold,824497,11,home,656271,7,31.6,69.3,61.4,73.6,R,Brock Burke,CIN,3,BAL,0,RHH,0,Low,Mid,high
2,2,1,1,1,1,1,2026-07-08,other,824496,26,home,656271,6,32.1,30.7,33.4,37.3,R,Brock Burke,CIN,6,PHI,0,LHH,0,Low,Low,low
1,1,0,0,0,0,1,2026-07-10,other,824493,12,home,656271,8,62.9,82.6,69.2,58.4,R,Brock Burke,CIN,4,CHC,0,RHH,0,Mid,High,high
1,0,0,0,0,0,0.1,2026-07-11,other,824492,2,home,656271,7,62.9,82.6,69.2,58.4,R,Brock Burke,CIN,1,CHC,0,,0,Mid,High,high
1,1,0,0,0,0,1,2026-07-17,other,824332,19,away,656271,8,34.5,31.8,26.1,13.5,R,Brock Burke,CIN,5,COL,0,RHH,0,Low,Low,high
0,0,0,0,0,0,1,2026-07-19,other,824330,9,away,656271,7,34.5,31.8,26.1,13.5,R,Brock Burke,CIN,3,COL,0,RHH,0,Low,Low,medium
0,0,0,2,0,0,0.1,2026-07-21,hold,823114,15,away,656271,7,43.3,45.2,49.2,57.9,R,Brock Burke,CIN,3,SEA,0,LHH,1,Low,Low,high
1,0,0,0,0,0,1.1,2026-07-22,hold,823110,17,away,656271,7,43.3,45.2,49.2,57.9,R,Brock Burke,CIN,5,SEA,0,LHH,1,Low,Low,high
0,1,0,0,0,0,1,2026-07-24,hold,823031,9,away,656271,7,41,40.4,42.1,44.7,R,Brock Burke,CIN,3,STL,0,RHH,0,Low,Low,high
0,2,0,0,0,0,1.1,2026-07-26,other,823028,15,away,656271,8,41,40.4,42.1,44.7,R,Brock Burke,CIN,4,STL,0,LHH,3,Low,Low,high
1,0,0,0,0,0,1,2026-07-28,other,824490,8,home,656271,6,50,36.8,42.8,44.4,R,Brock Burke,CIN,3,CLE,0,RHH,0,Mid,Low,medium
0,2,0,2,0,0,1,2026-07-30,other,824488,28,home,656271,7,33.5,60.7,62.1,84.2,R,Brock Burke,CIN,6,PIT,0,RHH,0,Low,Mid,high
0,2,0,0,0,0,1,2026-08-02,other,824483,14,home,656271,7,33.5,60.7,62.1,84.2,R,Brock Burke,CIN,3,PIT,0,RHH,0,Low,Mid,medium
0,3,0,0,0,0,1.1,2026-08-05,hold,824482,18,home,656271,7,42.3,37.3,48.1,64.7,R,Brock Burke,CIN,4,ATH,0,RHH,0,Low,Low,high
2,1,2,0,2,1,1,2026-08-06,save,824481,22,home,656271,9,42.3,37.3,48.1,64.7,R,Brock Burke,CIN,5,ATH,0,RHH,0,Low,Low,high
2,2,1,0,1,0,1,2026-08-09,other,822700,18,away,656271,7,43.7,67,67.7,85.6,R,Brock Burke,CIN,5,WSN,0,RHH,0,Low,High,high
0,2,0,0,0,0,1,2026-08-11,other,824563,18,away,656271,9,32.2,45.8,54.2,79.5,R,Brock Burke,CIN,3,CHW,0,RHH,0,Low,Mid,high
1,2,1,0,1,1,1.1,2026-03-28,blown_save,824540,22,home,641941,8,43,41.3,32.9,16,R,Emilio Pagán,CIN,5,BOS,0,RHH,2,Low,Low,high
1,0,0,1,0,0,1,2026-03-29,save,824538,12,home,641941,9,43,41.3,32.9,16,R,Emilio Pagán,CIN,5,BOS,0,RHH,0,Low,Low,high
3,2,4,0,4,1,1,2026-04-01,other,824536,33,home,641941,9,33.5,60.7,62.1,84.2,R,Emilio Pagán,CIN,7,PIT,0,LHH,0,Low,Mid,high
0,1,0,0,0,0,1,2026-04-03,save,822919,13,away,641941,9,36.6,27.1,36.4,46.9,R,Emilio Pagán,CIN,3,TEX,0,LHH,0,Low,Low,high
1,1,0,2,0,0,1,2026-04-04,save,822920,23,away,641941,9,36.6,27.1,36.4,46.9,R,Emilio Pagán,CIN,5,TEX,0,LHH,0,Low,Low,high
0,0,0,0,0,0,1,2026-04-06,save,823886,13,away,641941,9,40.1,39.3,48.6,65.4,R,Emilio Pagán,CIN,3,MIA,0,RHH,0,Low,Low,high
0,2,0,2,0,0,1,2026-04-07,other,823887,24,away,641941,9,40.1,39.3,48.6,65.4,R,Emilio Pagán,CIN,5,MIA,0,LHH,0,Low,Low,high
0,0,0,1,0,0,1,2026-04-11,other,824535,14,home,641941,9,22.6,13.1,27.4,47.2,R,Emilio Pagán,CIN,4,LAA,0,RHH,0,Low,Low,high
0,1,0,0,0,0,1,2026-04-14,save,824531,7,home,641941,9,35.1,17.2,38.2,64.4,R,Emilio Pagán,CIN,3,SFG,0,RHH,0,Low,Low,high
0,1,0,0,0,0,1,2026-04-17,save,823720,13,away,641941,9,39.7,33.8,47.1,67.6,R,Emilio Pagán,CIN,3,MIN,0,LHH,0,Low,Low,high
2,0,1,0,1,0,1,2026-04-19,blown_save,823718,16,away,641941,9,39.7,33.8,47.1,67.6,R,Emilio Pagán,CIN,5,MIN,0,LHH,0,Low,Low,high
1,0,0,0,0,0,1,2026-04-25,other,824527,11,home,641941,9,43.2,42.5,49.7,62.5,R,Emilio Pagán,CIN,4,DET,0,,0,Low,Low,high
3,0,2,0,2,0,1,2026-04-30,other,824524,11,home,641941,9,34.5,31.8,26.1,13.5,R,Emilio Pagán,CIN,6,COL,0,LHH,0,Low,Low,high
2,1,2,0,2,1,0.2,2026-05-04,blown_save,824684,16,away,641941,9,62.9,82.6,69.2,58.4,R,Emilio Pagán,CIN,4,CHC,0,,0,Mid,High,high
0,1,0,0,0,0,0.1,2026-07-01,other,823767,8,away,641941,8,67.4,75.3,66.3,55.3,R,Emilio Pagán,CIN,2,MIL,0,,1,High,High,high
1,1,1,2,1,0,1,2026-07-05,save,824497,32,home,641941,9,31.6,69.3,61.4,73.6,R,Emilio Pagán,CIN,6,BAL,0,LHH,0,Low,Mid,high
0,3,0,0,0,0,1,2026-07-10,other,824493,15,home,641941,9,62.9,82.6,69.2,58.4,R,Emilio Pagán,CIN,3,CHC,0,LHH,0,Mid,High,high
2,2,1,0,1,1,1,2026-07-19,other,824330,22,away,641941,9,34.5,31.8,26.1,13.5,R,Emilio Pagán,CIN,5,COL,0,LHH,0,Low,Low,high
0,1,0,0,0,0,1,2026-07-21,save,823114,11,away,641941,9,43.3,45.2,49.2,57.9,R,Emilio Pagán,CIN,3,SEA,0,LHH,0,Low,Low,high
0,0,0,0,0,0,1,2026-07-22,save,823110,20,away,641941,9,43.3,45.2,49.2,57.9,R,Emilio Pagán,CIN,3,SEA,0,LHH,0,Low,Low,high
0,2,0,0,0,0,1,2026-07-24,save,823031,11,away,641941,9,41,40.4,42.1,44.7,R,Emilio Pagán,CIN,3,STL,0,LHH,0,Low,Low,high
1,2,0,0,0,0,1,2026-07-28,save,824489,17,home,641941,9,50,36.8,42.8,44.4,R,Emilio Pagán,CIN,4,CLE,0,LHH,0,Mid,Low,high
1,2,0,0,0,0,1,2026-07-30,other,824488,16,home,641941,9,33.5,60.7,62.1,84.2,R,Emilio Pagán,CIN,4,PIT,0,,0,Low,Mid,high
0,1,0,0,0,0,1,2026-07-31,other,824486,14,home,641941,9,33.5,60.7,62.1,84.2,R,Emilio Pagán,CIN,4,PIT,0,,0,Low,Mid,high
2,1,0,0,0,0,1,2026-08-04,save,824484,14,home,641941,9,42.3,37.3,48.1,64.7,R,Emilio Pagán,CIN,5,ATH,0,RHH,0,Low,Low,high
0,1,0,0,0,0,1,2026-08-05,save,824482,11,home,641941,9,42.3,37.3,48.1,64.7,R,Emilio Pagán,CIN,3,ATH,0,LHH,0,Low,Low,high
0,1,0,0,0,0,1,2026-08-11,save,824563,17,away,641941,10,32.2,45.8,54.2,79.5,R,Emilio Pagán,CIN,3,CHW,0,LHH,0,Low,Mid,high
0,3,1,2,1,0,1.2,2026-06-23,other,824501,35,home,670062,5,67.4,75.3,66.3,55.3,R,Julian Garcia,CIN,7,MIL,0,RHH,0,High,High,medium
0,2,0,3,0,0,1.1,2026-06-28,other,823362,30,away,670062,5,33.5,60.7,62.1,84.2,R,Julian Garcia,CIN,7,PIT,0,LHH,1,Low,Mid,medium
2,3,1,0,1,1,2.2,2026-06-30,other,823768,35,away,670062,6,67.4,75.3,66.3,55.3,R,Julian Garcia,CIN,9,MIL,0,RHH,2,High,High,high
0,0,0,0,0,0,1,2026-07-03,other,824498,12,home,670062,9,31.6,69.3,61.4,73.6,R,Julian Garcia,CIN,3,BAL,0,LHH,0,Low,Mid,high
0,1,0,0,0,0,2,2026-07-04,other,824499,22,home,670062,5,31.6,69.3,61.4,73.6,R,Julian Garcia,CIN,6,BAL,0,LHH,0,Low,Mid,low
0,0,0,1,0,0,0.2,2026-07-07,other,824495,17,home,670062,8,32.1,30.7,33.4,37.3,R,Julian Garcia,CIN,3,PHI,1,RHH,2,Low,Low,high
1,2,2,1,2,1,1,2026-07-11,other,824492,19,home,670062,6,62.9,82.6,69.2,58.4,R,Julian Garcia,CIN,5,CHC,0,RHH,1,Mid,High,medium
2,2,0,0,0,0,2.2,2026-07-18,other,824331,32,away,670062,3,34.5,31.8,26.1,13.5,R,Julian Garcia,CIN,9,COL,2,LHH,2,Low,Low,low
1,1,1,0,1,1,1,2026-07-21,hold,823114,16,away,670062,8,43.3,45.2,49.2,57.9,R,Julian Garcia,CIN,4,SEA,0,RHH,0,Low,Low,high
0,1,0,0,0,0,0.1,2026-07-24,other,823031,5,away,670062,6,41,40.4,42.1,44.7,R,Julian Garcia,CIN,1,STL,0,RHH,1,Low,Low,medium
2,1,1,0,0,0,1,2026-07-26,save,823028,22,away,670062,10,41,40.4,42.1,44.7,R,Julian Garcia,CIN,5,STL,0,RHH,0,Low,Low,high
0,0,0,1,0,0,1.1,2026-07-28,other,824489,18,home,670062,2,50,36.8,42.8,44.4,R,Julian Garcia,CIN,6,CLE,0,RHH,2,Mid,Low,medium
1,1,0,1,0,0,1.2,2026-07-29,other,824487,27,home,670062,7,50,36.8,42.8,44.4,R,Julian Garcia,CIN,7,CLE,1,LHH,2,Mid,Low,high
0,0,0,0,0,0,0.1,2026-07-31,hold,824486,1,home,670062,7,33.5,60.7,62.1,84.2,R,Julian Garcia,CIN,1,PIT,0,RHH,1,Low,Mid,high
0,0,0,1,0,0,1,2026-08-01,other,824485,19,home,670062,8,33.5,60.7,62.1,84.2,R,Julian Garcia,CIN,4,PIT,0,RHH,0,Low,Mid,high
0,2,0,0,0,0,1,2026-08-04,other,824484,14,home,670062,8,42.3,37.3,48.1,64.7,R,Julian Garcia,CIN,3,ATH,0,LHH,0,Low,Low,high
2,3,2,0,2,1,2.1,2026-08-07,other,822699,39,away,670062,2,43.7,67,67.7,85.6,R,Julian Garcia,CIN,8,WSN,0,LHH,1,Low,High,medium
2,1,1,0,1,1,0.2,2026-08-12,other,824562,14,away,670062,6,32.2,45.8,54.2,79.5,R,Julian Garcia,CIN,4,CHW,1,,1,Low,Mid,medium
1,4,1,1,1,1,2,2026-04-29,other,824525,32,home,682825,4,34.5,31.8,26.1,13.5,R,Luis Mey,CIN,9,COL,0,RHH,0,Low,Low,low
0,1,0,1,0,0,1,2026-05-01,other,823389,27,away,682825,7,33.5,60.7,62.1,84.2,R,Luis Mey,CIN,4,PIT,0,LHH,0,Low,Mid,medium
1,1,0,1,0,0,2,2026-05-07,other,824681,39,away,682825,5,62.9,82.6,69.2,58.4,R,Luis Mey,CIN,9,CHC,0,LHH,0,Mid,High,low
2,5,1,1,1,1,2,2026-05-12,other,824521,30,home,682825,5,43.7,67,67.7,85.6,R,Luis Mey,CIN,9,WSN,2,LHH,2,Low,High,medium
1,2,1,1,1,0,1,2026-05-14,other,824517,22,home,682825,8,43.7,67,67.7,85.6,R,Luis Mey,CIN,5,WSN,0,LHH,0,Low,High,high
1,1,2,2,2,0,0.1,2026-05-16,hold,824435,21,away,682825,6,50,36.8,42.8,44.4,R,Luis Mey,CIN,4,CLE,0,LHH,0,Mid,Low,medium
1,0,2,3,2,0,0.1,2026-06-05,other,823049,25,away,682825,6,41,40.4,42.1,44.7,R,Luis Mey,CIN,6,STL,2,,2,Low,Low,high
2,4,0,0,0,0,2.2,2026-08-07,other,822699,37,away,682825,5,43.7,67,67.7,85.6,R,Luis Mey,CIN,9,WSN,0,,0,Low,High,medium
0,2,0,0,0,0,2,2026-08-11,other,824563,21,away,682825,5,32.2,45.8,54.2,79.5,R,Luis Mey,CIN,6,CHW,0,RHH,0,Low,Mid,medium
2,0,1,0,1,0,0.1,2026-03-26,other,824541,9,home,572955,7,43,41.3,32.9,16,R,Pierce Johnson,CIN,3,BOS,0,RHH,0,Low,Low,high
1,0,0,0,0,0,0.2,2026-03-28,hold,824540,7,home,572955,6,43,41.3,32.9,16,R,Pierce Johnson,CIN,3,BOS,0,RHH,0,Low,Low,medium
1,0,0,0,0,0,0.2,2026-03-29,hold,824538,13,home,572955,7,43,41.3,32.9,16,R,Pierce Johnson,CIN,3,BOS,0,RHH,0,Low,Low,high
2,1,2,0,2,1,1,2026-03-31,other,824537,20,home,572955,9,33.5,60.7,62.1,84.2,R,Pierce Johnson,CIN,5,PIT,0,LHH,0,Low,Mid,high
0,1,0,1,0,0,0.2,2026-04-05,other,822917,20,away,572955,7,36.6,27.1,36.4,46.9,R,Pierce Johnson,CIN,3,TEX,0,RHH,1,Low,Low,high
0,1,0,0,0,0,0.2,2026-04-07,other,823887,7,away,572955,6,40.1,39.3,48.6,65.4,R,Pierce Johnson,CIN,2,MIA,0,LHH,3,Low,Low,high
1,1,0,0,0,0,1,2026-04-08,other,823885,10,away,572955,8,40.1,39.3,48.6,65.4,R,Pierce Johnson,CIN,4,MIA,0,LHH,0,Low,Low,high
1,3,0,0,0,0,1.1,2026-04-11,other,824535,19,home,572955,5,22.6,13.1,27.4,47.2,R,Pierce Johnson,CIN,5,LAA,0,LHH,2,Low,Low,medium
1,1,0,0,0,0,1,2026-04-15,other,824532,14,home,572955,9,35.1,17.2,38.2,64.4,R,Pierce Johnson,CIN,4,SFG,0,RHH,0,Low,Low,high
1,2,0,0,0,0,1,2026-04-18,other,823721,11,away,572955,6,39.7,33.8,47.1,67.6,R,Pierce Johnson,CIN,4,MIN,0,RHH,0,Low,Low,medium
0,0,0,1,0,0,1,2026-04-20,other,822994,16,away,572955,8,77.8,34.8,51.2,51,R,Pierce Johnson,CIN,4,TBR,0,,0,High,Mid,high
1,2,0,0,0,0,1,2026-04-21,other,822995,17,away,572955,8,77.8,34.8,51.2,51,R,Pierce Johnson,CIN,4,TBR,0,RHH,0,High,Mid,high
0,0,0,0,0,0,1,2026-04-24,other,824529,6,home,572955,6,43.2,42.5,49.7,62.5,R,Pierce Johnson,CIN,2,DET,0,,3,Low,Low,high
2,1,2,0,2,1,0.2,2026-04-26,other,824528,14,home,572955,7,43.2,42.5,49.7,62.5,R,Pierce Johnson,CIN,4,DET,0,RHH,0,Low,Low,high
2,0,1,2,1,0,1,2026-05-01,other,823389,29,away,572955,6,33.5,60.7,62.1,84.2,R,Pierce Johnson,CIN,7,PIT,0,RHH,0,Low,Mid,low
0,0,0,0,0,0,0.1,2026-05-06,other,824683,5,away,572955,7,62.9,82.6,69.2,58.4,R,Pierce Johnson,CIN,1,CHC,0,LHH,1,Mid,High,high
0,2,0,1,0,0,1.2,2026-05-08,other,824522,21,home,572955,6,38.5,45.2,48.8,60.3,R,Pierce Johnson,CIN,6,HOU,0,RHH,1,Low,Low,medium
0,0,0,0,0,0,1,2026-05-09,save,824523,12,home,572955,9,38.5,45.2,48.8,60.3,R,Pierce Johnson,CIN,3,HOU,0,RHH,0,Low,Low,high
1,0,1,1,1,0,1,2026-05-12,other,824521,25,home,572955,9,43.7,67,67.7,85.6,R,Pierce Johnson,CIN,5,WSN,0,LHH,0,Low,High,high
1,2,0,0,0,0,1,2026-05-15,hold,824439,25,away,572955,6,50,36.8,42.8,44.4,R,Pierce Johnson,CIN,4,CLE,0,LHH,0,Mid,Low,medium
1,0,1,1,1,1,0.1,2026-05-16,other,824435,12,away,572955,7,50,36.8,42.8,44.4,R,Pierce Johnson,CIN,3,CLE,1,LHH,1,Mid,Low,high
0,2,0,1,0,0,1,2026-05-19,hold,823464,23,away,572955,7,32.1,30.7,33.4,37.3,R,Pierce Johnson,CIN,4,PHI,0,,0,Low,Low,medium
0,1,0,0,0,0,2,2026-05-23,other,824516,23,home,572955,10,41,40.4,42.1,44.7,R,Pierce Johnson,CIN,6,STL,0,RHH,0,Low,Low,high
1,0,0,0,0,0,0.2,2026-05-26,other,823624,9,away,572955,8,30.6,40,42.5,53.8,R,Pierce Johnson,CIN,3,NYM,0,RHH,0,Low,Low,high
0,2,0,0,0,0,0.2,2026-06-23,other,824501,7,home,572955,7,67.4,75.3,66.3,55.3,R,Pierce Johnson,CIN,2,MIL,0,RHH,0,High,High,high
1,1,0,0,0,0,0.2,2026-06-26,hold,823363,13,away,572955,8,33.5,60.7,62.1,84.2,R,Pierce Johnson,CIN,3,PIT,0,RHH,1,Low,Mid,high
2,2,4,2,4,2,0.2,2026-06-28,other,823362,27,away,572955,8,33.5,60.7,62.1,84.2,R,Pierce Johnson,CIN,6,PIT,0,LHH,0,Low,Mid,high
1,0,0,0,0,0,1,2026-07-01,other,823767,15,away,572955,7,67.4,75.3,66.3,55.3,R,Pierce Johnson,CIN,4,MIL,0,RHH,1,High,High,high
0,0,0,1,0,0,1,2026-07-07,other,824495,19,home,572955,7,32.1,30.7,33.4,37.3,R,Pierce Johnson,CIN,4,PHI,0,,0,Low,Low,medium
0,0,0,1,0,0,1,2026-07-11,other,824492,18,home,572955,8,62.9,82.6,69.2,58.4,R,Pierce Johnson,CIN,4,CHC,0,RHH,0,Mid,High,high
1,0,1,0,1,1,0.2,2026-07-12,other,824491,8,home,572955,7,62.9,82.6,69.2,58.4,R,Pierce Johnson,CIN,3,CHC,2,RHH,2,Mid,High,high
0,1,0,0,0,0,1,2026-07-18,other,824331,15,away,572955,8,34.5,31.8,26.1,13.5,R,Pierce Johnson,CIN,3,COL,0,LHH,0,Low,Low,high
4,0,4,0,4,0,0.1,2026-07-20,other,823112,16,away,572955,7,43.3,45.2,49.2,57.9,R,Pierce Johnson,CIN,5,SEA,0,RHH,0,Low,Low,high
0,0,0,1,0,0,1,2026-07-26,other,823028,16,away,572955,7,41,40.4,42.1,44.7,R,Pierce Johnson,CIN,4,STL,0,LHH,0,Low,Low,high
0,1,0,0,0,0,1,2026-07-28,other,824490,12,home,572955,7,50,36.8,42.8,44.4,R,Pierce Johnson,CIN,3,CLE,0,LHH,0,Mid,Low,high
1,1,0,0,0,0,1,2026-07-29,other,824487,10,home,572955,9,50,36.8,42.8,44.4,R,Pierce Johnson,CIN,4,CLE,0,LHH,0,Mid,Low,high
3,1,1,0,1,0,0.2,2026-07-31,blown_save,824486,17,home,572955,8,33.5,60.7,62.1,84.2,R,Pierce Johnson,CIN,5,PIT,2,LHH,2,Low,Mid,high
0,1,0,0,0,0,1,2026-08-06,hold,824481,18,home,572955,7,42.3,37.3,48.1,64.7,R,Pierce Johnson,CIN,3,ATH,0,RHH,1,Low,Low,high
0,1,0,0,0,0,1,2026-08-11,other,824563,8,away,572955,7,32.2,45.8,54.2,79.5,R,Pierce Johnson,CIN,3,CHW,0,LHH,0,Low,Mid,medium
2,0,0,3,0,0,3,2026-07-04,other,824499,40,home,695076,7,31.6,69.3,61.4,73.6,R,Rhett Lowder,CIN,14,BAL,0,LHH,0,Low,Mid,medium
3,2,1,0,1,1,2,2026-07-08,other,824496,36,home,695076,8,32.1,30.7,33.4,37.3,R,Rhett Lowder,CIN,10,PHI,0,LHH,0,Low,Low,high
0,1,0,2,0,0,2,2026-07-12,other,824491,30,home,695076,8,62.9,82.6,69.2,58.4,R,Rhett Lowder,CIN,8,CHC,0,RHH,0,Mid,High,high
3,2,2,0,2,1,2,2026-03-26,other,823325,43,home,676760,4,43.2,42.5,49.7,62.5,R,Ron Marinaccio,CIN,9,DET,0,LHH,0,Low,Low,low
0,2,0,0,0,0,2,2026-03-30,other,823320,29,home,676760,8,35.1,17.2,38.2,64.4,R,Ron Marinaccio,CIN,6,SFG,0,LHH,0,Low,Low,high
0,1,0,0,0,0,1,2026-04-03,other,824786,10,away,676760,8,43,41.3,32.9,16,R,Ron Marinaccio,CIN,3,BOS,0,RHH,0,Low,Low,high
1,1,0,1,0,0,2,2026-04-06,other,823401,30,away,676760,6,33.5,60.7,62.1,84.2,R,Ron Marinaccio,CIN,7,PIT,0,,0,Low,Mid,low
0,0,0,0,0,0,0.2,2026-04-07,other,823402,6,away,676760,8,33.5,60.7,62.1,84.2,R,Ron Marinaccio,CIN,2,PIT,0,,1,Low,Mid,high
2,2,1,0,1,0,1.2,2026-04-11,other,823316,26,home,676760,7,34.5,31.8,26.1,13.5,R,Ron Marinaccio,CIN,6,COL,0,RHH,2,Low,Low,high
3,2,2,1,2,1,2,2026-04-15,other,823314,42,home,676760,5,43.3,45.2,49.2,57.9,R,Ron Marinaccio,CIN,9,SEA,0,LHH,0,Low,Low,low
0,1,0,2,0,0,1,2026-04-19,hold,824047,26,away,676760,6,22.6,13.1,27.4,47.2,R,Ron Marinaccio,CIN,5,LAA,0,RHH,0,Low,Low,medium
4,0,1,0,1,0,2,2026-04-23,other,824368,30,away,676760,7,34.5,31.8,26.1,13.5,R,Ron Marinaccio,CIN,9,COL,0,RHH,0,Low,Low,medium
5,0,4,0,4,0,0.1,2026-04-26,other,825094,24,away,676760,8,58.2,31.7,40.5,37.8,R,Ron Marinaccio,CIN,6,ARI,0,,0,Mid,Low,high
1,1,0,1,0,0,2,2026-04-28,other,823310,30,home,676760,8,62.9,82.6,69.2,58.4,R,Ron Marinaccio,CIN,8,CHC,0,,0,Mid,High,high
3,1,1,1,1,0,2,2026-05-01,other,823309,41,home,676760,8,32.2,45.8,54.2,79.5,R,Ron Marinaccio,CIN,10,CHW,0,LHH,0,Low,Mid,high
0,1,0,0,0,0,1,2026-05-05,other,823227,9,away,676760,9,35.1,17.2,38.2,64.4,R,Ron Marinaccio,CIN,3,SFG,0,RHH,0,Low,Low,high
0,2,0,0,0,0,1,2026-05-08,other,823303,14,home,676760,9,41,40.4,42.1,44.7,R,Ron Marinaccio,CIN,3,STL,0,RHH,0,Low,Low,high
0,3,0,0,0,0,2,2026-05-10,other,823305,32,home,676760,7,41,40.4,42.1,44.7,R,Ron Marinaccio,CIN,6,STL,0,RHH,0,Low,Low,high
4,2,1,2,1,0,2.1,2026-05-14,other,823789,52,away,676760,2,67.4,75.3,66.3,55.3,R,Ron Marinaccio,CIN,12,MIL,0,LHH,1,High,High,low
0,1,0,0,0,0,0.1,2026-05-19,other,823302,5,home,676760,9,68.3,95.7,82.8,78.2,R,Ron Marinaccio,CIN,1,LAD,0,RHH,0,High,High,high
2,1,1,0,1,1,1.2,2026-05-20,other,823299,29,home,676760,8,68.3,95.7,82.8,78.2,R,Ron Marinaccio,CIN,6,LAD,0,RHH,2,High,High,high
1,2,0,1,0,0,3,2026-05-24,other,823297,38,home,676760,4,42.3,37.3,48.1,64.7,R,Ron Marinaccio,CIN,11,ATH,0,LHH,3,Low,Low,low
1,0,1,0,1,1,1,2026-05-27,other,823295,14,home,676760,9,32.1,30.7,33.4,37.3,R,Ron Marinaccio,CIN,4,PHI,0,,0,Low,Low,high
1,2,0,0,0,0,1,2026-06-04,other,823457,15,away,676760,6,32.1,30.7,33.4,37.3,R,Ron Marinaccio,CIN,4,PHI,0,RHH,0,Low,Low,medium
1,3,1,1,1,0,2.1,2026-06-07,other,823291,36,home,676760,6,30.6,40,42.5,53.8,R,Ron Marinaccio,CIN,10,NYM,0,RHH,0,Low,Low,low
2,1,1,0,1,1,1.1,2026-06-10,other,823287,23,home,676760,7,32.7,40.9,35.4,31,R,Ron Marinaccio,CIN,6,CIN,0,RHH,1,Low,Low,high
1,0,0,0,0,0,0.2,2026-06-13,other,824828,4,away,676760,9,31.6,69.3,61.4,73.6,R,Ron Marinaccio,CIN,3,BAL,0,RHH,0,Low,Mid,high
1,1,0,1,0,0,1.1,2026-06-16,other,823045,22,away,676760,6,41,40.4,42.1,44.7,R,Ron Marinaccio,CIN,7,STL,0,,1,Low,Low,medium
1,0,0,1,0,0,1,2026-06-21,other,822883,15,away,676760,7,36.6,27.1,36.4,46.9,R,Ron Marinaccio,CIN,4,TEX,0,,0,Low,Low,high
3,1,5,3,5,1,1.2,2026-06-27,other,823283,45,home,676760,6,68.3,95.7,82.8,78.2,R,Ron Marinaccio,CIN,11,LAD,2,,2,High,High,high
3,1,2,3,2,2,1.2,2026-06-30,other,824661,50,away,676760,5,62.9,82.6,69.2,58.4,R,Ron Marinaccio,CIN,11,CHC,1,,1,Mid,High,low
2,2,0,0,0,0,1,2026-07-06,other,823282,23,home,676760,9,58.2,31.7,40.5,37.8,R,Ron Marinaccio,CIN,5,ARI,0,LHH,0,Mid,Low,high
3,0,2,0,2,1,1,2026-07-08,other,823279,23,home,676760,7,58.2,31.7,40.5,37.8,R,Ron Marinaccio,CIN,5,ARI,0,RHH,0,Mid,Low,medium
0,0,0,0,0,0,1,2026-07-10,other,823278,7,home,676760,9,54.7,7.6,29.4,36.4,R,Ron Marinaccio,CIN,3,TOR,0,RHH,0,Mid,Low,high
1,1,0,0,0,0,1,2026-07-12,other,823274,10,home,676760,5,54.7,7.6,29.4,36.4,R,Ron Marinaccio,CIN,4,TOR,0,,0,Mid,Low,medium
1,1,0,0,0,0,1,2026-07-18,other,824088,13,away,676760,7,57,42.9,50.8,55.5,R,Ron Marinaccio,CIN,4,KCR,0,LHH,0,Mid,Mid,medium
3,1,2,1,2,1,1.1,2026-07-25,other,823355,34,home,676760,6,62.9,82.6,69.2,58.4,R,Ron Marinaccio,CIN,9,CHC,0,,2,Mid,High,high
0,0,0,0,0,0,1,2026-07-27,other,823353,13,home,676760,8,58.2,31.7,40.5,37.8,R,Ron Marinaccio,CIN,3,ARI,0,LHH,0,Mid,Low,high
0,1,0,0,0,0,1,2026-07-28,other,823350,11,home,676760,9,58.2,31.7,40.5,37.8,R,Ron Marinaccio,CIN,3,ARI,0,LHH,0,Mid,Low,high
2,2,2,1,2,0,2,2026-08-02,other,824483,39,away,676760,4,32.7,40.9,35.4,31,R,Ron Marinaccio,CIN,10,CIN,0,RHH,0,Low,Low,low
2,1,2,1,2,0,2,2026-08-08,other,822701,38,away,676760,7,43.7,67,67.7,85.6,R,Ron Marinaccio,CIN,9,WSN,0,LHH,0,Low,High,medium
0,1,0,2,0,0,0.1,2026-08-12,other,824562,15,away,676760,,32.2,45.8,54.2,79.5,R,Ron Marinaccio,CIN,3,CHW,0,,0,Low,Mid,medium
0,1,0,0,0,0,1,2026-03-26,other,824541,6,home,594580,7,43,41.3,32.9,16,R,Sam Moll,CIN,3,BOS,0,,1,Low,Low,high
0,0,0,0,0,0,1,2026-03-28,other,824540,15,home,594580,5,43,41.3,32.9,16,R,Sam Moll,CIN,4,BOS,0,,0,Low,Low,medium
0,1,0,0,0,0,1,2026-03-31,other,824537,15,home,594580,8,33.5,60.7,62.1,84.2,R,Sam Moll,CIN,3,PIT,0,RHH,0,Low,Mid,high
0,1,0,1,0,0,1,2026-04-03,hold,822919,12,away,594580,6,36.6,27.1,36.4,46.9,R,Sam Moll,CIN,4,TEX,0,,1,Low,Low,medium
0,1,0,0,0,0,0.1,2026-04-05,other,822917,6,away,594580,7,36.6,27.1,36.4,46.9,R,Sam Moll,CIN,1,TEX,0,LHH,2,Low,Low,high
0,2,0,0,0,0,2.1,2026-04-08,other,823885,28,away,594580,3,40.1,39.3,48.6,65.4,R,Sam Moll,CIN,8,MIA,0,LHH,1,Low,Low,low
0,0,2,2,2,0,0.1,2026-04-10,other,824534,16,home,594580,8,22.6,13.1,27.4,47.2,R,Sam Moll,CIN,3,LAA,0,LHH,0,Low,Low,high
0,1,1,3,0,0,1.2,2026-04-12,other,824533,31,home,594580,7,22.6,13.1,27.4,47.2,R,Sam Moll,CIN,9,LAA,1,RHH,2,Low,Low,high
1,1,0,0,0,0,0.2,2026-04-16,other,824530,11,home,594580,8,35.1,17.2,38.2,64.4,R,Sam Moll,CIN,3,SFG,0,LHH,1,Low,Low,high
1,1,0,1,0,0,0.1,2026-04-18,other,823721,15,away,594580,5,39.7,33.8,47.1,67.6,R,Sam Moll,CIN,3,MIN,1,RHH,2,Low,Low,medium
2,0,0,0,0,0,1.1,2026-04-21,other,822995,28,away,594580,6,77.8,34.8,51.2,51,R,Sam Moll,CIN,6,TBR,0,,0,High,Mid,low
0,1,0,1,0,0,1,2026-04-25,other,824527,12,home,594580,8,43.2,42.5,49.7,62.5,R,Sam Moll,CIN,3,DET,0,RHH,0,Low,Low,high
1,1,2,0,1,1,0.1,2026-04-26,blown_save,824528,10,home,594580,7,43.2,42.5,49.7,62.5,R,Sam Moll,CIN,3,DET,0,RHH,0,Low,Low,high
0,1,0,0,0,0,0.2,2026-05-01,other,823389,10,away,594580,5,33.5,60.7,62.1,84.2,R,Sam Moll,CIN,2,PIT,0,LHH,0,Low,Mid,low
2,2,0,1,0,0,1.2,2026-05-02,other,823388,40,away,594580,2,33.5,60.7,62.1,84.2,R,Sam Moll,CIN,8,PIT,1,,3,Low,Mid,low
2,0,0,0,0,0,0.2,2026-05-06,other,824683,11,away,594580,7,62.9,82.6,69.2,58.4,R,Sam Moll,CIN,3,CHC,0,RHH,0,Mid,High,high
0,1,0,0,0,0,1,2026-05-10,other,824520,17,home,594580,8,38.5,45.2,48.8,60.3,R,Sam Moll,CIN,3,HOU,0,RHH,0,Low,Low,high
2,0,3,1,3,1,0.1,2026-05-12,other,824521,13,home,594580,4,43.7,67,67.7,85.6,R,Sam Moll,CIN,4,WSN,0,LHH,1,Low,High,medium
0,1,0,0,0,0,1,2026-05-14,other,824517,13,home,594580,7,43.7,67,67.7,85.6,R,Sam Moll,CIN,3,WSN,0,LHH,0,Low,High,medium
1,2,1,1,1,0,1.1,2026-05-16,blown_save,824435,22,away,594580,6,50,36.8,42.8,44.4,R,Sam Moll,CIN,6,CLE,1,RHH,2,Mid,Low,high
0,1,0,0,0,0,1,2026-05-19,hold,823464,15,away,594580,8,32.1,30.7,33.4,37.3,R,Sam Moll,CIN,3,PHI,0,RHH,0,Low,Low,high
1,1,0,0,0,0,1,2026-05-20,other,823462,14,away,594580,9,32.1,30.7,33.4,37.3,R,Sam Moll,CIN,4,PHI,0,LHH,0,Low,Low,high
1,0,0,0,0,0,1,2026-05-23,other,824518,10,home,594580,6,41,40.4,42.1,44.7,R,Sam Moll,CIN,4,STL,0,LHH,0,Low,Low,medium
0,3,0,0,0,0,1,2026-05-25,other,823625,12,away,594580,8,30.6,40,42.5,53.8,R,Sam Moll,CIN,3,NYM,0,LHH,0,Low,Low,high
0,2,0,0,0,0,1.2,2026-05-26,other,823624,24,away,594580,6,30.6,40,42.5,53.8,R,Sam Moll,CIN,4,NYM,0,RHH,1,Low,Low,medium
0,1,0,0,0,0,0.1,2026-05-30,other,824513,3,home,594580,9,51.3,55.8,59,68.1,R,Sam Moll,CIN,1,ATL,0,LHH,0,Mid,Mid,high
0,0,0,1,0,0,0.1,2026-05-31,save,824512,10,home,594580,9,51.3,55.8,59,68.1,R,Sam Moll,CIN,2,ATL,0,LHH,2,Mid,Mid,high
0,2,0,1,0,0,1,2026-06-02,other,824511,28,home,594580,8,57,42.9,50.8,55.5,R,Sam Moll,CIN,5,KCR,0,LHH,0,Mid,Mid,high
2,1,2,0,2,1,1,2026-06-06,blown_save,823048,19,away,594580,7,41,40.4,42.1,44.7,R,Sam Moll,CIN,5,STL,0,LHH,1,Low,Low,high
1,2,0,0,0,0,0.2,2026-06-09,other,823290,13,away,594580,9,40.5,52.4,53.2,63.3,R,Sam Moll,CIN,3,SDP,0,LHH,2,Low,Mid,high
0,0,0,0,0,0,1,2026-06-14,other,824506,12,home,594580,7,58.2,31.7,40.5,37.8,R,Sam Moll,CIN,3,ARI,0,RHH,0,Mid,Low,high
2,2,2,1,2,1,1,2026-06-16,other,824504,29,home,594580,6,30.6,40,42.5,53.8,R,Sam Moll,CIN,6,NYM,0,,0,Low,Low,low
1,1,0,1,0,0,1,2026-06-21,hold,823531,21,away,594580,6,38.8,75.1,66.4,76,R,Sam Moll,CIN,5,NYY,0,RHH,0,Low,High,medium
0,2,0,0,0,0,1,2026-06-22,other,824502,12,home,594580,8,67.4,75.3,66.3,55.3,R,Sam Moll,CIN,3,MIL,0,RHH,0,High,High,high
2,0,3,2,3,0,1,2026-06-24,other,824500,22,home,594580,6,67.4,75.3,66.3,55.3,R,Sam Moll,CIN,7,MIL,0,LHH,1,High,High,medium
1,0,1,2,1,0,0.2,2026-06-27,blown_save,823364,20,away,594580,7,33.5,60.7,62.1,84.2,R,Sam Moll,CIN,5,PIT,1,RHH,1,Low,Mid,high
1,1,1,0,1,0,1,2026-06-29,other,823771,10,away,594580,7,67.4,75.3,66.3,55.3,R,Sam Moll,CIN,4,MIL,0,LHH,1,High,High,high
0,1,0,0,0,0,1.1,2026-07-02,other,823765,24,away,594580,7,67.4,75.3,66.3,55.3,R,Sam Moll,CIN,5,MIL,0,,0,High,High,medium
1,1,0,0,0,0,0.2,2026-07-04,other,824499,14,home,594580,4,31.6,69.3,61.4,73.6,R,Sam Moll,CIN,3,BAL,1,RHH,1,Low,Mid,medium
1,1,0,0,0,0,1,2026-07-07,other,824495,20,home,594580,9,32.1,30.7,33.4,37.3,R,Sam Moll,CIN,4,PHI,0,,0,Low,Low,high
0,2,0,0,0,0,0.2,2026-07-09,other,824494,11,home,594580,8,32.1,30.7,33.4,37.3,R,Sam Moll,CIN,2,PHI,0,LHH,2,Low,Low,high
2,1,2,0,2,0,0.1,2026-07-12,other,824491,15,home,594580,7,62.9,82.6,69.2,58.4,R,Sam Moll,CIN,3,CHC,1,RHH,1,Mid,High,high
0,1,0,2,0,0,1,2026-07-18,other,824331,20,away,594580,7,34.5,31.8,26.1,13.5,R,Sam Moll,CIN,5,COL,0,LHH,0,Low,Low,medium
2,0,2,0,2,1,1,2026-07-19,other,824330,17,away,594580,8,34.5,31.8,26.1,13.5,R,Sam Moll,CIN,5,COL,0,LHH,0,Low,Low,high
1,1,0,1,0,0,0.1,2026-07-21,hold,823114,17,away,594580,6,43.3,45.2,49.2,57.9,R,Sam Moll,CIN,3,SEA,0,LHH,0,Low,Low,medium
0,1,0,0,0,0,0.2,2026-07-25,other,823027,10,away,594580,6,41,40.4,42.1,44.7,R,Sam Moll,CIN,2,STL,1,LHH,2,Low,Low,high
2,0,1,1,1,0,1,2026-07-28,other,824490,27,home,594580,8,50,36.8,42.8,44.4,R,Sam Moll,CIN,6,CLE,0,,0,Mid,Low,high
0,2,0,1,0,0,0.2,2026-07-31,hold,824486,16,home,594580,7,33.5,60.7,62.1,84.2,R,Sam Moll,CIN,3,PIT,0,RHH,0,Low,Mid,high
1,0,0,1,0,0,1,2026-08-01,other,824485,20,home,594580,7,33.5,60.7,62.1,84.2,R,Sam Moll,CIN,4,PIT,0,RHH,0,Low,Mid,medium
1,0,1,0,0,0,1,2026-08-04,other,824484,20,home,594580,7,42.3,37.3,48.1,64.7,R,Sam Moll,CIN,5,ATH,0,RHH,0,Low,Low,high
0,0,0,0,0,0,0.1,2026-08-06,hold,824481,6,home,594580,8,42.3,37.3,48.1,64.7,R,Sam Moll,CIN,1,ATH,0,LHH,0,Low,Low,high
2,0,1,0,1,0,0.2,2026-08-08,other,822701,12,away,594580,6,43.7,67,67.7,85.6,R,Sam Moll,CIN,3,WSN,2,RHH,3,Low,High,high
1,0,0,0,0,0,1,2026-08-12,other,824562,16,away,594580,7,32.2,45.8,54.2,79.5,R,Sam Moll,CIN,4,CHW,0,LHH,0,Low,Mid,medium
0,2,0,0,0,0,1,2026-05-06,other,824683,12,away,622088,8,62.9,82.6,69.2,58.4,R,Tejay Antone,CIN,3,CHC,0,RHH,0,Mid,High,high
1,0,1,0,1,0,1,2026-05-08,other,824522,16,home,622088,8,38.5,45.2,48.8,60.3,R,Tejay Antone,CIN,4,HOU,0,RHH,0,Low,Low,high
0,2,0,0,0,0,1,2026-05-10,other,824520,13,home,622088,7,38.5,45.2,48.8,60.3,R,Tejay Antone,CIN,3,HOU,0,RHH,0,Low,Low,medium
2,2,1,0,1,0,2,2026-05-13,blown_hold,824519,28,home,622088,5,43.7,67,67.7,85.6,R,Tejay Antone,CIN,8,WSN,0,LHH,0,Low,High,medium
1,0,1,0,1,0,1,2026-05-15,save,824439,19,away,622088,9,50,36.8,42.8,44.4,R,Tejay Antone,CIN,4,CLE,0,LHH,0,Mid,Low,high
1,1,2,0,2,1,1,2026-05-17,other,824436,13,away,622088,8,50,36.8,42.8,44.4,R,Tejay Antone,CIN,5,CLE,0,LHH,0,Mid,Low,high
0,0,0,1,0,0,0.1,2026-05-18,other,823465,7,away,622088,6,32.1,30.7,33.4,37.3,R,Tejay Antone,CIN,2,PHI,0,,2,Low,Low,high
2,0,0,0,0,0,0.1,2026-05-25,other,823625,16,away,622088,7,30.6,40,42.5,53.8,R,Tejay Antone,CIN,3,NYM,0,RHH,0,Low,Low,medium
1,0,0,1,0,0,1,2026-05-30,other,824513,18,home,622088,6,51.3,55.8,59,68.1,R,Tejay Antone,CIN,5,ATL,0,RHH,0,Mid,Mid,medium
0,2,0,1,0,0,1,2026-06-02,other,824511,17,home,622088,7,57,42.9,50.8,55.5,R,Tejay Antone,CIN,4,KCR,0,RHH,0,Mid,Mid,high
1,1,0,0,0,0,0.2,2026-06-03,other,824509,14,home,622088,8,57,42.9,50.8,55.5,R,Tejay Antone,CIN,3,KCR,0,RHH,0,Mid,Mid,high
1,2,0,1,0,0,1.2,2026-06-06,hold,823048,20,away,622088,6,41,40.4,42.1,44.7,R,Tejay Antone,CIN,6,STL,0,LHH,2,Low,Low,high
1,0,0,0,0,0,1,2026-06-08,other,823289,13,away,622088,7,40.5,52.4,53.2,63.3,R,Tejay Antone,CIN,6,SDP,1,RHH,1,Low,Mid,high
1,2,1,0,0,0,1,2026-06-09,blown_save,823290,16,away,622088,10,40.5,52.4,53.2,63.3,R,Tejay Antone,CIN,4,SDP,0,RHH,0,Low,Mid,high
0,0,0,0,0,0,1.2,2026-06-12,other,824507,21,home,622088,6,58.2,31.7,40.5,37.8,R,Tejay Antone,CIN,5,ARI,0,,1,Mid,Low,medium
1,0,2,0,1,1,1,2026-06-14,blown_save,824506,15,home,622088,6,58.2,31.7,40.5,37.8,R,Tejay Antone,CIN,5,ARI,0,RHH,0,Mid,Low,medium
0,2,0,2,0,0,1,2026-06-16,hold,824504,23,home,622088,8,30.6,40,42.5,53.8,R,Tejay Antone,CIN,5,NYM,0,RHH,0,Low,Low,high
0,1,0,0,0,0,2,2026-06-20,other,823532,23,away,622088,6,38.8,75.1,66.4,76,R,Tejay Antone,CIN,7,NYY,0,RHH,2,Low,High,high
1,1,0,0,0,0,0.2,2026-06-22,other,824502,11,home,622088,9,67.4,75.3,66.3,55.3,R,Tejay Antone,CIN,3,MIL,0,RHH,0,High,High,high
1,2,0,0,0,0,1.1,2026-06-24,other,824500,17,home,622088,7,67.4,75.3,66.3,55.3,R,Tejay Antone,CIN,5,MIL,0,RHH,1,High,High,medium
1,0,0,0,0,0,1,2026-06-26,other,823363,17,away,622088,6,33.5,60.7,62.1,84.2,R,Tejay Antone,CIN,4,PIT,0,RHH,0,Low,Mid,medium
0,1,0,0,0,0,0.1,2026-06-27,other,823364,6,away,622088,7,33.5,60.7,62.1,84.2,R,Tejay Antone,CIN,1,PIT,0,RHH,2,Low,Mid,high
1,0,1,0,1,1,0.1,2026-06-29,other,823771,9,away,622088,8,67.4,75.3,66.3,55.3,R,Tejay Antone,CIN,2,MIL,1,RHH,1,High,High,high
0,0,0,1,0,0,1,2026-07-01,other,823767,16,away,622088,6,67.4,75.3,66.3,55.3,R,Tejay Antone,CIN,4,MIL,0,RHH,0,High,High,medium
0,1,0,0,0,0,0.2,2026-07-02,other,823765,5,away,622088,8,67.4,75.3,66.3,55.3,R,Tejay Antone,CIN,2,MIL,0,,0,High,High,high
0,2,0,0,0,0,1,2026-07-05,hold,824497,17,home,622088,8,31.6,69.3,61.4,73.6,R,Tejay Antone,CIN,3,BAL,0,RHH,0,Low,Mid,high
1,0,0,0,0,0,1,2026-07-09,other,824494,15,home,622088,9,32.1,30.7,33.4,37.3,R,Tejay Antone,CIN,4,PHI,0,,0,Low,Low,high
0,1,0,0,0,0,1,2026-07-11,other,824492,9,home,622088,9,62.9,82.6,69.2,58.4,R,Tejay Antone,CIN,3,CHC,0,RHH,0,Mid,High,high
1,1,0,0,0,0,1,2026-07-17,other,824332,11,away,622088,9,34.5,31.8,26.1,13.5,R,Tejay Antone,CIN,4,COL,0,,0,Low,Low,high
1,0,1,1,1,1,1.1,2026-07-21,hold,823114,30,away,622088,6,43.3,45.2,49.2,57.9,R,Tejay Antone,CIN,6,SEA,0,RHH,2,Low,Low,high
1,1,0,0,0,0,1,2026-07-24,hold,823031,14,away,622088,8,41,40.4,42.1,44.7,R,Tejay Antone,CIN,4,STL,0,,0,Low,Low,high
1,1,0,0,0,0,0.2,2026-07-26,other,823028,23,away,622088,8,41,40.4,42.1,44.7,R,Tejay Antone,CIN,5,STL,0,RHH,0,Low,Low,high
0,2,0,0,0,0,1.1,2026-07-28,hold,824489,25,home,622088,7,50,36.8,42.8,44.4,R,Tejay Antone,CIN,5,CLE,0,LHH,1,Mid,Low,high
1,1,0,0,0,0,1,2026-07-30,other,824488,22,home,622088,8,33.5,60.7,62.1,84.2,R,Tejay Antone,CIN,4,PIT,0,,0,Low,Mid,high
2,2,1,1,1,0,1,2026-08-02,other,824483,28,home,622088,8,33.5,60.7,62.1,84.2,R,Tejay Antone,CIN,6,PIT,0,,0,Low,Mid,high
0,0,0,0,0,0,0.2,2026-08-05,hold,824482,6,home,622088,8,42.3,37.3,48.1,64.7,R,Tejay Antone,CIN,2,ATH,0,,0,Low,Low,high
3,2,3,1,3,0,1,2026-08-09,other,822700,27,away,622088,8,43.7,67,67.7,85.6,R,Tejay Antone,CIN,7,WSN,0,LHH,0,Low,High,high
1,0,0,0,0,0,1,2026-08-11,other,824563,9,away,622088,8,32.2,45.8,54.2,79.5,R,Tejay Antone,CIN,4,CHW,0,,0,Low,Mid,high
0,1,0,0,0,0,1,2026-03-26,save,823163,13,away,671922,9,43.3,45.2,49.2,57.9,R,Cade Smith,CLE,3,SEA,0,LHH,0,Low,Low,high
2,2,1,1,1,0,1,2026-03-28,blown_save,823161,28,away,671922,9,43.3,45.2,49.2,57.9,R,Cade Smith,CLE,6,SEA,0,,0,Low,Low,high
2,0,2,0,2,0,1,2026-03-30,other,823972,29,away,671922,9,68.3,95.7,82.8,78.2,R,Cade Smith,CLE,5,LAD,0,RHH,0,High,High,high
1,0,1,0,1,1,1,2026-04-01,other,823970,19,away,671922,9,68.3,95.7,82.8,78.2,R,Cade Smith,CLE,4,LAD,0,,0,High,High,high
1,3,0,0,0,0,1,2026-04-03,save,824458,22,home,671922,9,62.9,82.6,69.2,58.4,R,Cade Smith,CLE,4,CHC,0,,0,Mid,High,high
1,2,1,2,1,0,1,2026-04-05,save,824460,33,home,671922,9,62.9,82.6,69.2,58.4,R,Cade Smith,CLE,6,CHC,0,,0,Mid,High,high
0,2,0,0,0,0,1,2026-04-07,other,824457,10,home,671922,9,57,42.9,50.8,55.5,R,Cade Smith,CLE,3,KCR,0,LHH,0,Mid,Mid,high
1,0,0,0,0,0,1,2026-04-13,other,823073,18,away,671922,9,41,40.4,42.1,44.7,R,Cade Smith,CLE,4,STL,0,,0,Low,Low,high
1,1,1,0,0,0,1,2026-04-14,blown_save,823072,18,away,671922,9,41,40.4,42.1,44.7,R,Cade Smith,CLE,5,STL,0,RHH,0,Low,Low,high
2,0,0,0,0,0,1,2026-04-16,save,824453,19,home,671922,9,31.6,69.3,61.4,73.6,R,Cade Smith,CLE,5,BAL,2,LHH,2,Low,Mid,high
0,3,0,0,0,0,1,2026-04-18,save,824451,15,home,671922,9,31.6,69.3,61.4,73.6,R,Cade Smith,CLE,3,BAL,0,LHH,0,Low,Mid,high
2,1,1,1,1,0,1,2026-04-21,other,824448,18,home,671922,9,38.5,45.2,48.8,60.3,R,Cade Smith,CLE,5,HOU,0,RHH,0,Low,Low,high
2,0,0,0,0,0,1,2026-04-24,save,822827,16,away,671922,9,54.7,7.6,29.4,36.4,R,Cade Smith,CLE,4,TOR,0,RHH,0,Mid,Low,high
1,2,0,0,0,0,1,2026-04-29,save,824445,12,home,671922,9,77.8,34.8,51.2,51,R,Cade Smith,CLE,4,TBR,0,LHH,0,High,Mid,high
0,1,0,0,0,0,1.1,2026-05-01,save,825012,22,away,671922,8,42.3,37.3,48.1,64.7,R,Cade Smith,CLE,4,ATH,0,LHH,2,Low,Low,high
1,3,0,0,0,0,1,2026-05-06,save,824118,16,away,671922,9,57,42.9,50.8,55.5,R,Cade Smith,CLE,4,KCR,0,LHH,0,Mid,Mid,high
0,2,0,0,0,0,1,2026-05-07,save,824117,16,away,671922,9,57,42.9,50.8,55.5,R,Cade Smith,CLE,3,KCR,0,LHH,0,Mid,Mid,high
2,1,1,0,1,0,1,2026-05-08,save,824443,15,home,671922,9,39.7,33.8,47.1,67.6,R,Cade Smith,CLE,4,MIN,0,RHH,0,Low,Low,high
0,2,0,0,0,0,1.1,2026-05-12,save,824442,18,home,671922,8,22.6,13.1,27.4,47.2,R,Cade Smith,CLE,4,LAA,0,RHH,1,Low,Low,high
0,3,0,0,0,0,1,2026-05-13,save,824438,14,home,671922,9,22.6,13.1,27.4,47.2,R,Cade Smith,CLE,3,LAA,0,RHH,0,Low,Low,high
0,2,0,1,0,0,1,2026-05-16,save,824435,17,home,671922,9,32.7,40.9,35.4,31,R,Cade Smith,CLE,4,CIN,0,,0,Low,Low,high
2,3,0,0,0,0,1,2026-05-19,save,824276,22,away,671922,9,43.2,42.5,49.7,62.5,R,Cade Smith,CLE,5,DET,0,RHH,0,Low,Low,high
1,1,1,0,0,0,1,2026-05-20,save,824273,14,away,671922,10,43.2,42.5,49.7,62.5,R,Cade Smith,CLE,4,DET,0,,0,Low,Low,high
0,1,0,0,0,0,1,2026-05-22,save,823461,8,away,671922,9,32.1,30.7,33.4,37.3,R,Cade Smith,CLE,3,PHI,0,LHH,0,Low,Low,high
0,1,0,0,0,0,1,2026-05-24,save,823459,12,away,671922,9,32.1,30.7,33.4,37.3,R,Cade Smith,CLE,3,PHI,0,LHH,0,Low,Low,high
2,2,1,0,1,0,1,2026-05-27,save,824432,23,home,671922,9,43.7,67,67.7,85.6,R,Cade Smith,CLE,5,WSN,0,LHH,0,Low,High,high
1,3,0,0,0,0,1,2026-05-29,save,824433,13,home,671922,9,43,41.3,32.9,16,R,Cade Smith,CLE,4,BOS,0,,0,Low,Low,high
1,1,1,0,1,0,1,2026-06-03,save,823540,11,away,671922,9,38.8,75.1,66.4,76,R,Cade Smith,CLE,4,NYY,0,,0,Low,High,high
1,3,0,0,0,0,1.2,2026-06-08,other,824427,22,home,671922,8,38.8,75.1,66.4,76,R,Cade Smith,CLE,5,NYY,0,LHH,2,Low,High,high
0,1,0,0,0,0,1,2026-06-12,save,824425,13,home,671922,9,43.2,42.5,49.7,62.5,R,Cade Smith,CLE,3,DET,0,RHH,0,Low,Low,high
1,2,0,1,0,0,1.1,2026-06-13,save,824426,31,home,671922,8,43.2,42.5,49.7,62.5,R,Cade Smith,CLE,6,DET,0,RHH,1,Low,Low,high
0,2,0,2,0,0,1.1,2026-06-18,save,823772,22,away,671922,8,67.4,75.3,66.3,55.3,R,Cade Smith,CLE,6,MIL,0,,2,High,High,high
2,3,2,1,2,0,1.2,2026-06-22,other,824585,28,away,671922,8,32.2,45.8,54.2,79.5,R,Cade Smith,CLE,8,CHW,0,LHH,0,Low,Mid,high
3,1,2,1,2,2,0.2,2026-06-24,blown_save,824583,28,away,671922,9,32.2,45.8,54.2,79.5,R,Cade Smith,CLE,6,CHW,0,LHH,0,Low,Mid,high
1,1,0,0,0,0,1,2026-06-27,save,824421,14,home,671922,9,43.3,45.2,49.2,57.9,R,Cade Smith,CLE,5,SEA,0,LHH,0,Low,Low,high
2,1,1,0,0,0,1,2026-06-28,save,824422,21,home,671922,9,43.3,45.2,49.2,57.9,R,Cade Smith,CLE,6,SEA,0,LHH,0,Low,Low,high
0,0,0,0,0,0,1,2026-07-03,other,824417,14,home,671922,9,32.2,45.8,54.2,79.5,R,Cade Smith,CLE,3,CHW,0,LHH,0,Low,Mid,high
0,0,0,0,0,0,1,2026-07-05,other,824413,16,home,671922,9,32.2,45.8,54.2,79.5,R,Cade Smith,CLE,3,CHW,0,LHH,0,Low,Mid,high
0,2,0,1,0,0,1,2026-07-08,other,823684,23,away,671922,8,39.7,33.8,47.1,67.6,R,Cade Smith,CLE,4,MIN,0,,2,Low,Low,high
0,2,0,0,0,0,1,2026-07-09,save,823683,17,away,671922,9,39.7,33.8,47.1,67.6,R,Cade Smith,CLE,3,MIN,0,LHH,0,Low,Low,high
0,0,0,0,0,0,1,2026-07-10,save,823845,9,away,671922,9,40.1,39.3,48.6,65.4,R,Cade Smith,CLE,3,MIA,0,LHH,0,Low,Low,high
2,2,1,0,1,1,1,2026-07-12,other,823842,16,away,671922,9,40.1,39.3,48.6,65.4,R,Cade Smith,CLE,5,MIA,0,LHH,0,Low,Low,high
0,2,0,0,0,0,1,2026-07-18,other,824412,13,home,671922,9,33.5,60.7,62.1,84.2,R,Cade Smith,CLE,3,PIT,0,LHH,0,Low,Mid,high
0,1,0,0,0,0,1,2026-07-21,save,824409,11,home,671922,9,39.7,33.8,47.1,67.6,R,Cade Smith,CLE,3,MIN,0,LHH,0,Low,Low,high
2,1,0,0,0,0,1.2,2026-07-23,blown_save,824406,22,home,671922,8,39.7,33.8,47.1,67.6,R,Cade Smith,CLE,6,MIN,1,LHH,2,Low,Low,high
0,1,0,1,0,0,1,2026-07-28,save,824490,18,away,671922,9,32.7,40.9,35.4,31,R,Cade Smith,CLE,4,CIN,0,LHH,0,Low,Low,high
0,2,0,2,0,0,1,2026-07-29,other,824487,25,away,671922,9,32.7,40.9,35.4,31,R,Cade Smith,CLE,5,CIN,0,LHH,0,Low,Low,high
0,1,0,2,0,0,1.1,2026-08-02,other,824404,31,home,671922,8,58.2,31.7,40.5,37.8,R,Cade Smith,CLE,7,ARI,0,RHH,2,Mid,Low,high
1,2,1,2,0,0,1,2026-08-05,blown_save,824402,29,home,671922,9,30.6,40,42.5,53.8,R,Cade Smith,CLE,7,NYM,0,LHH,0,Low,Low,high
0,1,0,0,0,0,1,2026-08-09,other,824564,12,away,671922,8,32.2,45.8,54.2,79.5,R,Cade Smith,CLE,3,CHW,0,RHH,0,Low,Mid,high
2,3,0,0,0,0,1.1,2026-08-12,save,824241,38,away,671922,8,43.2,42.5,49.7,62.5,R,Cade Smith,CLE,6,DET,1,LHH,2,Low,Low,high
1,1,2,1,2,1,1,2026-03-27,other,823162,27,away,670059,6,43.3,45.2,49.2,57.9,R,Colin Holderman,CLE,5,SEA,0,LHH,0,Low,Low,medium
1,2,1,1,0,0,2,2026-03-29,other,823160,35,away,670059,7,43.3,45.2,49.2,57.9,R,Colin Holderman,CLE,9,SEA,0,LHH,0,Low,Low,medium
0,2,0,0,0,0,1.1,2026-04-26,other,822824,12,away,670059,7,54.7,7.6,29.4,36.4,R,Colin Holderman,CLE,4,TOR,0,RHH,0,Mid,Low,high
0,1,0,0,0,0,2,2026-04-27,other,824446,23,home,670059,8,77.8,34.8,51.2,51,R,Colin Holderman,CLE,6,TBR,0,RHH,1,High,Mid,high
1,0,0,0,0,0,1.2,2026-05-02,other,825014,14,away,670059,8,42.3,37.3,48.1,64.7,R,Colin Holderman,CLE,6,ATH,1,RHH,3,Low,Low,high
3,2,0,0,0,0,2,2026-05-03,other,825013,27,away,670059,7,42.3,37.3,48.1,64.7,R,Colin Holderman,CLE,9,ATH,0,LHH,0,Low,Low,medium
0,3,0,0,0,0,2,2026-05-05,other,824119,26,away,670059,7,57,42.9,50.8,55.5,R,Colin Holderman,CLE,6,KCR,0,RHH,0,Mid,Mid,high
0,1,0,1,0,0,0.2,2026-05-08,hold,824443,14,home,670059,7,39.7,33.8,47.1,67.6,R,Colin Holderman,CLE,3,MIN,0,,1,Low,Low,high
0,2,0,0,0,0,1,2026-05-09,other,824444,16,home,670059,8,39.7,33.8,47.1,67.6,R,Colin Holderman,CLE,3,MIN,0,RHH,0,Low,Low,high
1,3,1,1,1,0,1,2026-05-11,other,824441,32,home,670059,8,22.6,13.1,27.4,47.2,R,Colin Holderman,CLE,5,LAA,0,RHH,0,Low,Low,high
1,1,0,0,0,0,1.2,2026-05-16,other,824435,13,home,670059,6,32.7,40.9,35.4,31,R,Colin Holderman,CLE,6,CIN,0,RHH,0,Low,Low,medium
1,1,0,0,0,0,1,2026-05-19,other,824276,13,away,670059,6,43.2,42.5,49.7,62.5,R,Colin Holderman,CLE,4,DET,0,,0,Low,Low,medium
0,2,0,0,0,0,0.2,2026-05-20,other,824273,11,away,670059,9,43.2,42.5,49.7,62.5,R,Colin Holderman,CLE,2,DET,0,,2,Low,Low,high
0,0,0,1,0,0,0.1,2026-05-24,hold,823459,10,away,670059,6,32.1,30.7,33.4,37.3,R,Colin Holderman,CLE,2,PHI,0,,1,Low,Low,medium
1,1,0,0,0,0,1,2026-05-26,other,824434,12,home,670059,6,43.7,67,67.7,85.6,R,Colin Holderman,CLE,3,WSN,0,LHH,0,Low,High,medium
0,1,0,0,0,0,1.1,2026-05-29,other,824433,20,home,670059,5,43,41.3,32.9,16,R,Colin Holderman,CLE,4,BOS,0,,1,Low,Low,medium
1,0,2,1,2,0,0.1,2026-05-31,hold,824430,13,home,670059,7,43,41.3,32.9,16,R,Colin Holderman,CLE,3,BOS,0,RHH,0,Low,Low,high
1,2,0,0,0,0,1,2026-06-02,other,823541,18,away,670059,5,38.8,75.1,66.4,76,R,Colin Holderman,CLE,4,NYY,0,,0,Low,High,medium
0,2,0,0,0,0,1,2026-06-03,hold,823540,16,away,670059,7,38.8,75.1,66.4,76,R,Colin Holderman,CLE,3,NYY,0,LHH,0,Low,High,high
0,1,0,1,0,0,1,2026-06-08,other,824427,18,home,670059,6,38.8,75.1,66.4,76,R,Colin Holderman,CLE,3,NYY,0,LHH,0,Low,High,medium
0,0,0,1,0,0,1,2026-06-09,other,824429,12,home,670059,6,38.8,75.1,66.4,76,R,Colin Holderman,CLE,4,NYY,0,LHH,0,Low,High,medium
1,2,0,0,0,0,1,2026-06-13,hold,824426,15,home,670059,6,43.2,42.5,49.7,62.5,R,Colin Holderman,CLE,5,DET,0,LHH,0,Low,Low,medium
0,0,0,0,0,0,0.1,2026-06-16,other,823775,7,away,670059,6,67.4,75.3,66.3,55.3,R,Colin Holderman,CLE,2,MIL,0,LHH,2,High,High,high
0,0,0,1,0,0,0.1,2026-06-18,hold,823772,17,away,670059,7,67.4,75.3,66.3,55.3,R,Colin Holderman,CLE,3,MIL,0,RHH,1,High,High,high
0,1,0,0,0,0,1,2026-06-21,other,824177,9,away,670059,7,38.5,45.2,48.8,60.3,R,Colin Holderman,CLE,3,HOU,0,RHH,0,Low,Low,high
0,1,0,0,0,0,0.1,2026-06-23,other,824584,6,away,670059,8,32.2,45.8,54.2,79.5,R,Colin Holderman,CLE,1,CHW,0,RHH,0,Low,Mid,high
0,0,0,0,0,0,0.1,2026-06-24,hold,824583,3,away,670059,7,32.2,45.8,54.2,79.5,R,Colin Holderman,CLE,1,CHW,0,RHH,1,Low,Mid,high
0,1,0,1,0,0,0.2,2026-06-27,other,824421,14,home,670059,7,43.3,45.2,49.2,57.9,R,Colin Holderman,CLE,3,SEA,0,LHH,1,Low,Low,medium
0,3,0,0,0,0,1.1,2026-06-29,other,824420,14,home,670059,7,36.6,27.1,36.4,46.9,R,Colin Holderman,CLE,4,TEX,0,RHH,1,Low,Low,high
3,1,1,0,1,0,1,2026-07-01,other,824419,18,home,670059,6,36.6,27.1,36.4,46.9,R,Colin Holderman,CLE,6,TEX,1,,1,Low,Low,medium
0,1,0,0,0,0,1,2026-07-03,other,824417,7,home,670059,8,32.2,45.8,54.2,79.5,R,Colin Holderman,CLE,3,CHW,0,LHH,0,Low,Mid,high
0,0,0,0,0,0,1.1,2026-07-08,other,823684,8,away,670059,4,39.7,33.8,47.1,67.6,R,Colin Holderman,CLE,4,MIN,0,RHH,2,Low,Low,medium
1,1,0,0,0,0,0.2,2026-07-10,hold,823845,13,away,670059,7,40.1,39.3,48.6,65.4,R,Colin Holderman,CLE,3,MIA,0,LHH,1,Low,Low,high
0,0,0,0,0,0,1,2026-07-11,save,823844,11,away,670059,9,40.1,39.3,48.6,65.4,R,Colin Holderman,CLE,3,MIA,0,LHH,0,Low,Low,high
0,1,0,1,0,0,1,2026-07-18,other,824412,15,home,670059,7,33.5,60.7,62.1,84.2,R,Colin Holderman,CLE,4,PIT,0,,0,Low,Mid,medium
1,0,1,1,1,0,1,2026-07-20,other,824410,14,home,670059,7,39.7,33.8,47.1,67.6,R,Colin Holderman,CLE,4,MIN,0,,0,Low,Low,medium
0,0,0,1,0,0,0.1,2026-07-21,other,824409,8,home,670059,6,39.7,33.8,47.1,67.6,R,Colin Holderman,CLE,2,MIN,0,,1,Low,Low,medium
0,0,0,1,0,0,2,2026-07-23,other,824406,21,home,670059,10,39.7,33.8,47.1,67.6,R,Colin Holderman,CLE,7,MIN,0,RHH,0,Low,Low,high
0,0,0,0,0,0,0.1,2026-07-26,other,822950,4,away,670059,8,77.8,34.8,51.2,51,R,Colin Holderman,CLE,1,TBR,0,RHH,1,High,Mid,high
0,1,0,0,0,0,1,2026-07-28,other,824490,15,away,670059,7,32.7,40.9,35.4,31,R,Colin Holderman,CLE,3,CIN,0,LHH,0,Low,Low,high
0,0,0,0,0,0,1,2026-07-29,other,824487,12,away,670059,5,32.7,40.9,35.4,31,R,Colin Holderman,CLE,3,CIN,0,RHH,0,Low,Low,low
2,1,0,0,0,0,1.2,2026-08-01,other,824405,26,home,670059,5,58.2,31.7,40.5,37.8,R,Colin Holderman,CLE,8,ARI,1,,2,Mid,Low,medium
2,1,0,0,0,0,1,2026-08-06,other,824401,24,home,670059,6,30.6,40,42.5,53.8,R,Colin Holderman,CLE,5,NYM,0,RHH,0,Low,Low,medium
0,2,0,1,0,0,1.2,2026-08-09,other,824564,26,away,670059,4,32.2,45.8,54.2,79.5,R,Colin Holderman,CLE,7,CHW,0,RHH,0,Low,Mid,medium
0,1,0,1,0,0,1.1,2026-08-12,hold,824241,17,away,670059,6,43.2,42.5,49.7,62.5,R,Colin Holderman,CLE,5,DET,0,,0,Low,Low,medium
0,3,0,2,0,0,2,2026-06-05,other,824350,35,away,684974,7,34.5,31.8,26.1,13.5,R,Craig Yoho,CLE,8,COL,0,RHH,0,Low,Low,high
1,2,1,0,1,1,1,2026-06-07,other,824349,18,away,684974,9,34.5,31.8,26.1,13.5,R,Craig Yoho,CLE,4,COL,0,,0,Low,Low,high
1,2,0,0,0,0,1,2026-06-18,other,823772,17,home,684974,9,50,36.8,42.8,44.4,R,Craig Yoho,CLE,4,CLE,0,,0,Mid,Low,high
1,1,0,0,0,0,1,2026-06-19,other,824910,13,away,684974,8,51.3,55.8,59,68.1,R,Craig Yoho,CLE,4,ATL,0,LHH,0,Mid,Mid,high
2,0,3,1,3,1,1,2026-06-24,hold,824500,21,away,684974,7,32.7,40.9,35.4,31,R,Craig Yoho,CLE,6,CIN,0,LHH,3,Low,Low,high
0,1,0,0,0,0,2.2,2026-07-04,other,825063,27,away,684974,4,58.2,31.7,40.5,37.8,R,Craig Yoho,CLE,8,ARI,0,RHH,0,Mid,Low,medium
0,1,0,0,0,0,1.1,2026-07-07,other,823035,10,away,684974,8,41,40.4,42.1,44.7,R,Craig Yoho,CLE,4,STL,0,RHH,1,Low,Low,high
0,3,0,1,0,0,2,2026-07-11,other,823357,25,away,684974,4,33.5,60.7,62.1,84.2,R,Craig Yoho,CLE,7,PIT,0,,0,Low,Mid,medium
0,2,0,1,0,0,1,2026-07-12,other,823358,21,away,684974,5,33.5,60.7,62.1,84.2,R,Craig Yoho,CLE,5,PIT,0,RHH,0,Low,Mid,low
0,0,0,0,0,0,1,2026-07-17,other,823766,12,home,684974,10,40.1,39.3,48.6,65.4,R,Craig Yoho,CLE,3,MIA,0,LHH,0,Low,Low,high
1,0,3,1,3,1,1,2026-07-18,other,823763,18,home,684974,8,40.1,39.3,48.6,65.4,R,Craig Yoho,CLE,6,MIA,0,LHH,0,Low,Low,high
0,2,0,1,0,0,1,2026-07-20,other,823762,17,home,684974,5,30.6,40,42.5,53.8,R,Craig Yoho,CLE,4,NYM,0,,0,Low,Low,low
2,1,0,1,0,0,2,2026-07-24,other,823759,37,home,684974,8,34.5,31.8,26.1,13.5,R,Craig Yoho,CLE,8,COL,0,LHH,0,Low,Low,high
0,0,0,0,0,0,1,2026-07-26,other,823755,15,home,684974,8,34.5,31.8,26.1,13.5,R,Craig Yoho,CLE,3,COL,0,LHH,0,Low,Low,high
1,0,0,0,0,0,1,2026-07-28,other,823193,22,away,684974,7,35.1,17.2,38.2,64.4,R,Craig Yoho,CLE,4,SFG,0,LHH,0,Low,Low,medium
0,1,0,0,0,0,1,2026-08-02,other,824404,12,home,684974,7,58.2,31.7,40.5,37.8,R,Craig Yoho,CLE,4,ARI,0,,0,Mid,Low,medium
0,0,0,0,0,0,1,2026-08-05,other,824402,11,home,684974,7,30.6,40,42.5,53.8,R,Craig Yoho,CLE,3,NYM,0,LHH,0,Low,Low,high
3,1,3,0,3,1,1,2026-08-06,other,824401,21,home,684974,7,30.6,40,42.5,53.8,R,Craig Yoho,CLE,6,NYM,0,,0,Low,Low,high
2,0,4,4,4,1,0.1,2026-08-09,blown_save,824564,31,away,684974,3,32.2,45.8,54.2,79.5,R,Craig Yoho,CLE,7,CHW,0,LHH,0,Low,Mid,medium
0,3,0,0,0,0,1.1,2026-03-26,hold,823163,16,away,681870,7,43.3,45.2,49.2,57.9,R,Erik Sabrowski,CLE,4,SEA,0,LHH,0,Low,Low,high
0,1,0,2,0,0,0.2,2026-03-28,hold,823161,20,away,681870,7,43.3,45.2,49.2,57.9,R,Erik Sabrowski,CLE,4,SEA,0,RHH,0,Low,Low,high
0,1,0,0,0,0,1.1,2026-03-30,hold,823972,20,away,681870,7,68.3,95.7,82.8,78.2,R,Erik Sabrowski,CLE,4,LAD,0,LHH,2,High,High,high
0,1,0,0,0,0,0.1,2026-04-01,hold,823970,3,away,681870,8,68.3,95.7,82.8,78.2,R,Erik Sabrowski,CLE,1,LAD,0,LHH,2,High,High,high
1,1,0,0,0,0,0.2,2026-04-05,other,824460,14,home,681870,7,62.9,82.6,69.2,58.4,R,Erik Sabrowski,CLE,3,CHC,0,RHH,0,Mid,High,high
0,2,0,0,0,0,1,2026-04-07,other,824457,15,home,681870,7,57,42.9,50.8,55.5,R,Erik Sabrowski,CLE,3,KCR,0,LHH,0,Mid,Mid,high
2,1,0,0,0,0,0.2,2026-04-08,hold,824455,13,home,681870,8,57,42.9,50.8,55.5,R,Erik Sabrowski,CLE,4,KCR,0,RHH,0,Mid,Mid,high
0,2,0,0,0,0,1,2026-04-11,hold,824939,14,away,681870,8,51.3,55.8,59,68.1,R,Erik Sabrowski,CLE,3,ATL,0,RHH,0,Mid,Mid,high
0,0,0,0,0,0,1,2026-04-13,other,823073,9,away,681870,7,41,40.4,42.1,44.7,R,Erik Sabrowski,CLE,3,STL,0,LHH,0,Low,Low,medium
1,2,2,1,2,1,1,2026-04-14,hold,823072,24,away,681870,8,41,40.4,42.1,44.7,R,Erik Sabrowski,CLE,5,STL,0,RHH,0,Low,Low,high
1,1,2,1,2,0,0.2,2026-04-17,hold,824454,17,home,681870,8,31.6,69.3,61.4,73.6,R,Erik Sabrowski,CLE,4,BAL,3,RHH,3,Low,Mid,high
0,3,0,1,0,0,1,2026-04-19,hold,824452,17,home,681870,8,31.6,69.3,61.4,73.6,R,Erik Sabrowski,CLE,4,BAL,0,RHH,0,Low,Mid,high
1,1,0,0,0,0,1,2026-04-22,other,824449,17,home,681870,9,38.5,45.2,48.8,60.3,R,Erik Sabrowski,CLE,4,HOU,0,RHH,0,Low,Low,high
0,1,0,0,0,0,1,2026-04-24,hold,822827,13,away,681870,8,54.7,7.6,29.4,36.4,R,Erik Sabrowski,CLE,3,TOR,0,RHH,0,Mid,Low,high
1,1,0,1,0,0,0.2,2026-04-27,hold,824446,20,home,681870,7,77.8,34.8,51.2,51,R,Erik Sabrowski,CLE,4,TBR,0,RHH,0,High,Mid,high
0,1,0,0,0,0,0.1,2026-04-29,hold,824445,5,home,681870,8,77.8,34.8,51.2,51,R,Erik Sabrowski,CLE,1,TBR,0,LHH,2,High,Mid,high
0,2,0,0,0,0,1,2026-05-01,other,825012,8,away,681870,7,42.3,37.3,48.1,64.7,R,Erik Sabrowski,CLE,3,ATH,0,RHH,3,Low,Low,high
0,2,0,1,0,0,1.1,2026-05-06,hold,824118,20,away,681870,7,57,42.9,50.8,55.5,R,Erik Sabrowski,CLE,5,KCR,0,RHH,0,Mid,Mid,high
0,1,0,0,0,0,0.1,2026-05-07,hold,824117,6,away,681870,8,57,42.9,50.8,55.5,R,Erik Sabrowski,CLE,1,KCR,0,LHH,2,Mid,Mid,high
0,2,0,0,0,0,1,2026-05-09,other,824444,14,home,681870,9,39.7,33.8,47.1,67.6,R,Erik Sabrowski,CLE,3,MIN,0,RHH,0,Low,Low,high
0,3,0,2,0,0,1,2026-05-12,hold,824442,23,home,681870,7,22.6,13.1,27.4,47.2,R,Erik Sabrowski,CLE,5,LAA,0,RHH,0,Low,Low,high
0,3,0,1,0,0,1,2026-05-13,hold,824438,22,home,681870,8,22.6,13.1,27.4,47.2,R,Erik Sabrowski,CLE,4,LAA,0,RHH,0,Low,Low,high
0,1,0,0,0,0,0.1,2026-05-16,other,824435,5,home,681870,7,32.7,40.9,35.4,31,R,Erik Sabrowski,CLE,1,CIN,0,RHH,0,Low,Low,high
0,2,0,1,0,0,1,2026-05-19,hold,824276,15,away,681870,7,43.2,42.5,49.7,62.5,R,Erik Sabrowski,CLE,4,DET,0,RHH,0,Low,Low,high
0,1,0,2,0,0,0.1,2026-05-20,other,824273,13,away,681870,9,43.2,42.5,49.7,62.5,R,Erik Sabrowski,CLE,3,DET,0,LHH,0,Low,Low,high
1,1,2,1,2,0,0.1,2026-06-19,other,824179,20,away,681870,8,38.5,45.2,48.8,60.3,R,Erik Sabrowski,CLE,3,HOU,0,RHH,0,Low,Low,high
2,1,1,0,1,0,0.2,2026-06-24,hold,824583,15,away,681870,7,32.2,45.8,54.2,79.5,R,Erik Sabrowski,CLE,4,CHW,0,,0,Low,Mid,high
0,1,0,0,0,0,0.1,2026-06-27,hold,824421,8,home,681870,7,43.3,45.2,49.2,57.9,R,Erik Sabrowski,CLE,1,SEA,0,LHH,2,Low,Low,high
3,1,2,1,1,0,0.2,2026-06-29,other,824420,18,home,681870,9,36.6,27.1,36.4,46.9,R,Erik Sabrowski,CLE,5,TEX,0,LHH,0,Low,Low,high
1,2,1,0,1,1,1,2026-07-01,other,824419,16,home,681870,8,36.6,27.1,36.4,46.9,R,Erik Sabrowski,CLE,4,TEX,0,,0,Low,Low,high
0,2,0,0,0,0,1,2026-07-03,other,824417,13,home,681870,10,32.2,45.8,54.2,79.5,R,Erik Sabrowski,CLE,3,CHW,0,RHH,0,Low,Mid,high
0,0,0,1,0,0,1,2026-07-05,other,824413,10,home,681870,6,32.2,45.8,54.2,79.5,R,Erik Sabrowski,CLE,4,CHW,1,,3,Low,Mid,high
2,1,1,0,1,0,1,2026-07-07,other,823687,12,away,681870,7,39.7,33.8,47.1,67.6,R,Erik Sabrowski,CLE,5,MIN,0,RHH,0,Low,Low,high
1,0,1,1,1,1,0.1,2026-07-10,hold,823845,14,away,681870,7,40.1,39.3,48.6,65.4,R,Erik Sabrowski,CLE,3,MIA,0,RHH,0,Low,Low,high
0,0,0,0,0,0,0.2,2026-07-18,other,824412,10,home,681870,5,33.5,60.7,62.1,84.2,R,Erik Sabrowski,CLE,2,PIT,0,,0,Low,Mid,medium
0,1,0,0,0,0,1.1,2026-07-22,other,824408,16,home,681870,5,39.7,33.8,47.1,67.6,R,Erik Sabrowski,CLE,4,MIN,0,RHH,2,Low,Low,medium
2,1,2,1,1,0,1,2026-07-23,other,824406,17,home,681870,12,39.7,33.8,47.1,67.6,R,Erik Sabrowski,CLE,6,MIN,0,,0,Low,Low,high
0,2,0,0,0,0,0.2,2026-07-29,other,824487,8,away,681870,6,32.7,40.9,35.4,31,R,Erik Sabrowski,CLE,2,CIN,0,RHH,2,Low,Low,high
1,1,0,0,0,0,0.1,2026-08-05,other,824402,5,home,681870,6,30.6,40,42.5,53.8,R,Erik Sabrowski,CLE,2,NYM,0,,0,Low,Low,medium
0,0,0,0,0,0,0.1,2026-08-08,other,824565,2,away,681870,6,32.2,45.8,54.2,79.5,R,Erik Sabrowski,CLE,1,CHW,0,RHH,1,Low,Mid,medium
0,0,0,3,0,0,0.2,2026-08-09,other,824564,19,away,681870,5,32.2,45.8,54.2,79.5,R,Erik Sabrowski,CLE,5,CHW,0,,2,Low,Mid,medium
0,2,0,0,0,0,0.2,2026-08-12,hold,824241,11,away,681870,7,43.2,42.5,49.7,62.5,R,Erik Sabrowski,CLE,3,DET,0,RHH,0,Low,Low,medium
2,1,0,0,0,0,2,2026-05-10,other,824440,28,home,680916,7,39.7,33.8,47.1,67.6,R,Franco Aleman,CLE,6,MIN,0,,0,Low,Low,high
1,0,1,1,1,1,0.2,2026-05-12,hold,824442,24,home,680916,8,22.6,13.1,27.4,47.2,R,Franco Aleman,CLE,4,LAA,0,RHH,0,Low,Low,high
0,1,0,0,0,0,1.1,2026-07-03,other,824417,14,home,680916,5,32.2,45.8,54.2,79.5,R,Franco Aleman,CLE,4,CHW,0,LHH,0,Low,Mid,medium
0,1,0,1,0,0,1,2026-07-05,other,824413,18,home,680916,5,32.2,45.8,54.2,79.5,R,Franco Aleman,CLE,4,CHW,0,LHH,0,Low,Mid,medium
1,0,0,0,0,0,1,2026-07-07,other,823687,12,away,680916,6,39.7,33.8,47.1,67.6,R,Franco Aleman,CLE,4,MIN,0,,0,Low,Low,medium
1,1,0,0,0,0,1,2026-07-11,hold,823844,16,away,680916,8,40.1,39.3,48.6,65.4,R,Franco Aleman,CLE,4,MIA,0,LHH,0,Low,Low,high
0,1,0,0,0,0,1,2026-07-12,hold,823842,9,away,680916,6,40.1,39.3,48.6,65.4,R,Franco Aleman,CLE,3,MIA,0,LHH,0,Low,Low,medium
0,0,0,1,0,0,1,2026-07-18,other,824412,14,home,680916,6,33.5,60.7,62.1,84.2,R,Franco Aleman,CLE,3,PIT,0,,0,Low,Mid,medium
2,3,1,1,1,0,1,2026-07-19,other,824411,22,home,680916,6,33.5,60.7,62.1,84.2,R,Franco Aleman,CLE,6,PIT,1,RHH,1,Low,Mid,medium
0,0,0,0,0,0,1,2026-07-22,other,824408,13,home,680916,7,39.7,33.8,47.1,67.6,R,Franco Aleman,CLE,3,MIN,0,RHH,0,Low,Low,medium
1,3,0,1,0,0,0.2,2026-07-24,other,822952,21,away,680916,6,77.8,34.8,51.2,51,R,Franco Aleman,CLE,5,TBR,1,RHH,1,High,Mid,medium
0,5,0,0,0,0,2,2026-07-28,other,824490,24,away,680916,5,32.7,40.9,35.4,31,R,Franco Aleman,CLE,6,CIN,0,RHH,0,Low,Low,medium
2,1,1,0,1,0,0.1,2026-07-29,other,824487,10,away,680916,6,32.7,40.9,35.4,31,R,Franco Aleman,CLE,4,CIN,0,RHH,0,Low,Low,low
2,0,3,0,3,1,0.1,2026-08-01,other,824405,16,home,680916,7,58.2,31.7,40.5,37.8,R,Franco Aleman,CLE,4,ARI,2,,2,Mid,Low,high
4,4,0,1,0,0,2,2026-08-07,other,824566,44,away,680916,8,32.2,45.8,54.2,79.5,R,Franco Aleman,CLE,11,CHW,0,RHH,0,Low,Mid,high
0,1,0,1,0,0,1,2026-08-11,other,824240,14,away,680916,8,43.2,42.5,49.7,62.5,R,Franco Aleman,CLE,4,DET,0,,0,Low,Low,high
2,1,1,1,1,0,1,2026-04-13,other,823073,21,away,683769,8,41,40.4,42.1,44.7,R,Hunter Gaddis,CLE,6,STL,0,RHH,0,Low,Low,high
0,3,0,0,0,0,1,2026-04-17,other,824454,12,home,683769,7,31.6,69.3,61.4,73.6,R,Hunter Gaddis,CLE,3,BAL,0,RHH,0,Low,Mid,high
1,2,1,0,1,1,1,2026-04-18,hold,824451,24,home,683769,8,31.6,69.3,61.4,73.6,R,Hunter Gaddis,CLE,4,BAL,0,RHH,0,Low,Mid,high
0,0,0,0,0,0,1,2026-04-22,other,824449,5,home,683769,8,38.5,45.2,48.8,60.3,R,Hunter Gaddis,CLE,3,HOU,0,RHH,0,Low,Low,high
0,0,0,0,0,0,1,2026-04-24,hold,822827,8,away,683769,7,54.7,7.6,29.4,36.4,R,Hunter Gaddis,CLE,3,TOR,0,RHH,0,Mid,Low,high
3,0,2,0,2,1,0.1,2026-04-27,blown_save,824446,13,home,683769,7,77.8,34.8,51.2,51,R,Hunter Gaddis,CLE,4,TBR,0,RHH,2,High,Mid,high
2,1,1,1,1,0,0.1,2026-05-02,other,825014,22,away,683769,8,42.3,37.3,48.1,64.7,R,Hunter Gaddis,CLE,4,ATH,0,LHH,0,Low,Low,high
0,0,0,1,0,0,0.2,2026-05-06,hold,824118,9,away,683769,8,57,42.9,50.8,55.5,R,Hunter Gaddis,CLE,3,KCR,0,RHH,0,Mid,Mid,high
3,0,1,0,1,0,0.2,2026-05-07,other,824117,10,away,683769,8,57,42.9,50.8,55.5,R,Hunter Gaddis,CLE,5,KCR,0,RHH,0,Mid,Mid,high
0,1,0,0,0,0,1,2026-05-09,other,824444,13,home,683769,7,39.7,33.8,47.1,67.6,R,Hunter Gaddis,CLE,3,MIN,0,LHH,0,Low,Low,high
1,0,0,0,0,0,1.1,2026-05-12,other,824442,18,home,683769,5,22.6,13.1,27.4,47.2,R,Hunter Gaddis,CLE,5,LAA,0,RHH,0,Low,Low,medium
0,0,0,0,0,0,1,2026-05-16,hold,824435,14,home,683769,8,32.7,40.9,35.4,31,R,Hunter Gaddis,CLE,3,CIN,0,RHH,0,Low,Low,high
0,0,0,1,0,0,0.2,2026-05-19,hold,824276,10,away,683769,8,43.2,42.5,49.7,62.5,R,Hunter Gaddis,CLE,3,DET,0,LHH,2,Low,Low,high
1,2,0,0,0,0,1,2026-05-21,save,824274,16,away,683769,9,43.2,42.5,49.7,62.5,R,Hunter Gaddis,CLE,4,DET,0,LHH,0,Low,Low,high
0,2,0,0,0,0,1.1,2026-05-24,hold,823459,16,away,683769,7,32.1,30.7,33.4,37.3,R,Hunter Gaddis,CLE,4,PHI,0,RHH,1,Low,Low,high
2,0,0,0,0,0,1,2026-05-29,hold,824433,15,home,683769,8,43,41.3,32.9,16,R,Hunter Gaddis,CLE,5,BOS,0,LHH,0,Low,Low,high
1,2,0,0,0,0,1,2026-06-02,hold,823541,22,away,683769,7,38.8,75.1,66.4,76,R,Hunter Gaddis,CLE,5,NYY,0,RHH,0,Low,High,high
0,0,0,0,0,0,1,2026-06-03,hold,823540,15,away,683769,8,38.8,75.1,66.4,76,R,Hunter Gaddis,CLE,3,NYY,0,LHH,0,Low,High,high
3,0,1,0,1,0,0.1,2026-06-08,blown_save,824427,23,home,683769,8,38.8,75.1,66.4,76,R,Hunter Gaddis,CLE,4,NYY,0,LHH,0,Low,High,high
0,0,0,0,0,0,1,2026-06-12,hold,824425,13,home,683769,8,43.2,42.5,49.7,62.5,R,Hunter Gaddis,CLE,3,DET,0,LHH,0,Low,Low,high
0,0,0,1,0,0,1,2026-06-13,hold,824426,17,home,683769,7,43.2,42.5,49.7,62.5,R,Hunter Gaddis,CLE,4,DET,0,,0,Low,Low,high
1,0,1,0,1,1,1,2026-06-16,other,823775,13,away,683769,7,67.4,75.3,66.3,55.3,R,Hunter Gaddis,CLE,4,MIL,0,LHH,0,High,High,high
1,2,0,1,0,0,0.2,2026-06-18,hold,823772,21,away,683769,8,67.4,75.3,66.3,55.3,R,Hunter Gaddis,CLE,4,MIL,0,,0,High,High,high
1,1,0,0,0,0,1,2026-06-21,other,824177,14,away,683769,8,38.5,45.2,48.8,60.3,R,Hunter Gaddis,CLE,4,HOU,0,RHH,0,Low,Low,high
2,0,0,0,0,0,0.2,2026-06-24,hold,824583,13,away,683769,8,32.2,45.8,54.2,79.5,R,Hunter Gaddis,CLE,4,CHW,0,LHH,0,Low,Mid,high
0,2,0,0,0,0,0.2,2026-06-26,other,824423,8,home,683769,8,43.3,45.2,49.2,57.9,R,Hunter Gaddis,CLE,2,SEA,0,LHH,2,Low,Low,high
1,1,0,0,0,0,1,2026-06-27,hold,824421,14,home,683769,8,43.3,45.2,49.2,57.9,R,Hunter Gaddis,CLE,4,SEA,0,LHH,1,Low,Low,high
1,1,0,1,0,0,0.1,2026-07-01,hold,824419,15,home,683769,7,36.6,27.1,36.4,46.9,R,Hunter Gaddis,CLE,3,TEX,0,RHH,0,Low,Low,high
1,1,0,0,0,0,1,2026-07-03,other,824417,13,home,683769,7,32.2,45.8,54.2,79.5,R,Hunter Gaddis,CLE,4,CHW,0,LHH,0,Low,Mid,high
0,2,0,0,0,0,1,2026-07-04,other,824415,8,home,683769,7,32.2,45.8,54.2,79.5,R,Hunter Gaddis,CLE,3,CHW,0,RHH,0,Low,Mid,high
0,1,0,0,0,0,1,2026-07-05,other,824413,11,home,683769,7,32.2,45.8,54.2,79.5,R,Hunter Gaddis,CLE,3,CHW,0,LHH,0,Low,Mid,high
2,0,0,0,0,0,0.2,2026-07-08,other,823684,18,away,683769,7,39.7,33.8,47.1,67.6,R,Hunter Gaddis,CLE,4,MIN,0,,3,Low,Low,high
0,1,0,0,0,0,1,2026-07-09,hold,823683,6,away,683769,8,39.7,33.8,47.1,67.6,R,Hunter Gaddis,CLE,3,MIN,0,LHH,0,Low,Low,high
1,1,0,0,0,0,1,2026-07-10,hold,823845,15,away,683769,8,40.1,39.3,48.6,65.4,R,Hunter Gaddis,CLE,4,MIA,0,,0,Low,Low,high
0,2,0,0,0,0,1,2026-07-12,hold,823842,18,away,683769,7,40.1,39.3,48.6,65.4,R,Hunter Gaddis,CLE,4,MIA,0,,0,Low,Low,medium
0,1,0,1,0,0,1,2026-07-19,other,824411,13,home,683769,7,33.5,60.7,62.1,84.2,R,Hunter Gaddis,CLE,3,PIT,0,LHH,0,Low,Mid,medium
0,1,0,0,0,0,1.1,2026-07-21,hold,824409,17,home,683769,7,39.7,33.8,47.1,67.6,R,Hunter Gaddis,CLE,4,MIN,0,RHH,2,Low,Low,high
0,1,1,2,1,0,0.1,2026-07-23,hold,824406,16,home,683769,8,39.7,33.8,47.1,67.6,R,Hunter Gaddis,CLE,3,MIN,0,RHH,0,Low,Low,high
1,0,1,0,1,1,0.1,2026-07-24,other,822952,6,away,683769,8,77.8,34.8,51.2,51,R,Hunter Gaddis,CLE,2,TBR,2,,2,High,Mid,high
2,1,0,0,0,0,1,2026-07-28,hold,824490,21,away,683769,8,32.7,40.9,35.4,31,R,Hunter Gaddis,CLE,5,CIN,0,RHH,0,Low,Low,high
0,1,0,1,0,0,1,2026-07-29,other,824487,14,away,683769,8,32.7,40.9,35.4,31,R,Hunter Gaddis,CLE,4,CIN,0,RHH,0,Low,Low,high
2,0,4,1,4,1,0.2,2026-08-01,other,824405,20,home,683769,7,58.2,31.7,40.5,37.8,R,Hunter Gaddis,CLE,6,ARI,0,,0,Mid,Low,high
0,0,0,1,0,0,0.1,2026-08-02,other,824404,13,home,683769,6,58.2,31.7,40.5,37.8,R,Hunter Gaddis,CLE,2,ARI,0,,2,Mid,Low,high
1,1,0,0,0,0,1,2026-08-05,hold,824402,13,home,683769,8,30.6,40,42.5,53.8,R,Hunter Gaddis,CLE,4,NYM,0,LHH,0,Low,Low,high
0,2,0,1,0,0,1.2,2026-08-09,other,824564,25,away,683769,6,32.2,45.8,54.2,79.5,R,Hunter Gaddis,CLE,6,CHW,0,LHH,2,Low,Mid,high
1,2,1,1,1,0,0.2,2026-08-12,hold,824241,21,away,683769,8,43.2,42.5,49.7,62.5,R,Hunter Gaddis,CLE,4,DET,0,LHH,0,Low,Low,high
0,1,0,0,0,0,1.2,2026-03-28,other,823161,14,away,670036,4,43.3,45.2,49.2,57.9,R,Matt Festa,CLE,5,SEA,0,LHH,2,Low,Low,medium
4,2,2,0,2,0,1.1,2026-03-31,other,823969,29,away,670036,7,68.3,95.7,82.8,78.2,R,Matt Festa,CLE,8,LAD,0,RHH,1,High,High,high
0,0,0,0,0,0,0.2,2026-04-03,other,824458,4,home,670036,6,62.9,82.6,69.2,58.4,R,Matt Festa,CLE,2,CHC,0,,2,Mid,High,high
2,1,2,0,2,1,1,2026-04-05,other,824460,13,home,670036,6,62.9,82.6,69.2,58.4,R,Matt Festa,CLE,5,CHC,0,RHH,0,Mid,High,medium
0,1,0,1,0,0,1.1,2026-04-08,save,824455,21,home,670036,8,57,42.9,50.8,55.5,R,Matt Festa,CLE,5,KCR,0,RHH,2,Mid,Mid,high
3,0,2,0,2,1,0.2,2026-04-10,other,824941,17,away,670036,6,51.3,55.8,59,68.1,R,Matt Festa,CLE,5,ATL,1,LHH,1,Mid,Mid,medium
3,3,1,0,1,0,2.1,2026-04-15,other,823071,36,away,670036,6,41,40.4,42.1,44.7,R,Matt Festa,CLE,11,STL,0,RHH,2,Low,Low,high
0,0,0,0,0,0,0.1,2026-04-19,other,824452,9,home,670036,5,31.6,69.3,61.4,73.6,R,Matt Festa,CLE,3,BAL,1,RHH,2,Low,Mid,medium
1,1,1,0,1,0,2,2026-04-20,other,824450,22,home,670036,6,38.5,45.2,48.8,60.3,R,Matt Festa,CLE,7,HOU,0,RHH,0,Low,Low,low
0,2,0,1,0,0,1,2026-04-22,other,824449,18,home,670036,7,38.5,45.2,48.8,60.3,R,Matt Festa,CLE,4,HOU,0,RHH,0,Low,Low,high
1,3,1,0,0,0,1,2026-04-25,other,822826,17,away,670036,6,54.7,7.6,29.4,36.4,R,Matt Festa,CLE,5,TOR,2,LHH,2,Mid,Low,high
0,0,0,0,0,0,0.1,2026-04-27,hold,824446,3,home,670036,6,77.8,34.8,51.2,51,R,Matt Festa,CLE,1,TBR,0,RHH,1,High,Mid,medium
0,0,0,0,0,0,1,2026-05-01,hold,825012,10,away,670036,6,42.3,37.3,48.1,64.7,R,Matt Festa,CLE,2,ATH,0,LHH,1,Low,Low,medium
0,0,0,1,0,0,0.2,2026-05-02,hold,825014,10,away,670036,6,42.3,37.3,48.1,64.7,R,Matt Festa,CLE,2,ATH,0,LHH,1,Low,Low,medium
1,1,1,1,1,1,1.2,2026-05-04,other,824120,28,away,670036,5,57,42.9,50.8,55.5,R,Matt Festa,CLE,7,KCR,0,RHH,0,Mid,Mid,medium
0,2,0,0,0,0,1,2026-05-06,hold,824118,13,away,670036,6,57,42.9,50.8,55.5,R,Matt Festa,CLE,3,KCR,0,RHH,0,Mid,Mid,medium
3,2,2,0,2,1,0.2,2026-05-08,hold,824443,17,home,670036,6,39.7,33.8,47.1,67.6,R,Matt Festa,CLE,5,MIN,0,LHH,3,Low,Low,high
1,1,0,1,0,0,1,2026-05-11,other,824441,28,home,670036,7,22.6,13.1,27.4,47.2,R,Matt Festa,CLE,6,LAA,0,RHH,0,Low,Low,medium
0,0,0,0,0,0,0.1,2026-05-13,hold,824438,4,home,670036,7,22.6,13.1,27.4,47.2,R,Matt Festa,CLE,1,LAA,0,LHH,1,Low,Low,high
0,0,0,0,0,0,0.1,2026-05-15,other,824439,7,home,670036,7,32.7,40.9,35.4,31,R,Matt Festa,CLE,2,CIN,0,,2,Low,Low,high
0,1,0,0,0,0,0.2,2026-05-18,other,824277,6,away,670036,8,43.2,42.5,49.7,62.5,R,Matt Festa,CLE,2,DET,0,LHH,0,Low,Low,high
1,1,0,0,0,0,0.1,2026-05-21,hold,824274,5,away,670036,6,43.2,42.5,49.7,62.5,R,Matt Festa,CLE,2,DET,0,,0,Low,Low,medium
0,2,0,2,0,0,1,2026-05-23,other,823458,19,away,670036,6,32.1,30.7,33.4,37.3,R,Matt Festa,CLE,5,PHI,1,LHH,2,Low,Low,high
2,1,1,0,1,1,2,2026-05-25,other,824437,25,home,670036,4,43.7,67,67.7,85.6,R,Matt Festa,CLE,7,WSN,0,LHH,0,Low,High,low
1,2,1,1,1,0,0.2,2026-05-30,other,824431,20,home,670036,6,43,41.3,32.9,16,R,Matt Festa,CLE,4,BOS,0,RHH,0,Low,Low,medium
0,1,0,0,0,0,1,2026-06-02,other,823541,9,away,670036,9,38.8,75.1,66.4,76,R,Matt Festa,CLE,3,NYY,0,LHH,0,Low,High,high
0,2,0,0,0,0,1,2026-06-04,other,823542,15,away,670036,8,38.8,75.1,66.4,76,R,Matt Festa,CLE,3,NYY,0,LHH,0,Low,High,high
0,2,0,0,0,0,1.1,2026-06-05,other,822892,13,away,670036,6,36.6,27.1,36.4,46.9,R,Matt Festa,CLE,4,TEX,0,LHH,2,Low,Low,high
1,0,0,0,0,0,0.2,2026-06-09,other,824429,17,home,670036,8,38.8,75.1,66.4,76,R,Matt Festa,CLE,3,NYY,0,LHH,0,Low,High,high
2,0,1,1,1,0,0.1,2026-06-10,other,824428,15,home,670036,6,38.8,75.1,66.4,76,R,Matt Festa,CLE,4,NYY,1,RHH,1,Low,High,medium
0,1,0,0,0,0,1,2026-06-16,other,823775,11,away,670036,8,67.4,75.3,66.3,55.3,R,Matt Festa,CLE,3,MIL,0,RHH,0,High,High,high
3,0,1,0,1,1,0.2,2026-06-19,blown_save,824179,7,away,670036,6,38.5,45.2,48.8,60.3,R,Matt Festa,CLE,5,HOU,2,RHH,2,Low,Low,high
1,2,0,0,0,0,1,2026-06-20,other,824180,15,away,670036,9,38.5,45.2,48.8,60.3,R,Matt Festa,CLE,4,HOU,0,,0,Low,Low,high
2,1,0,0,0,0,1,2026-06-26,other,824423,18,home,670036,9,43.3,45.2,49.2,57.9,R,Matt Festa,CLE,5,SEA,0,LHH,0,Low,Low,high
2,0,0,1,0,0,1.1,2026-06-28,other,824422,20,home,670036,7,43.3,45.2,49.2,57.9,R,Matt Festa,CLE,6,SEA,0,RHH,1,Low,Low,medium
0,1,0,0,0,0,0.1,2026-06-29,other,824420,5,home,670036,9,36.6,27.1,36.4,46.9,R,Matt Festa,CLE,1,TEX,0,RHH,1,Low,Low,high
0,0,0,0,0,0,1,2026-07-01,other,824419,10,home,670036,9,36.6,27.1,36.4,46.9,R,Matt Festa,CLE,3,TEX,0,RHH,0,Low,Low,high
2,0,1,1,1,0,1,2026-07-04,other,824415,19,home,670036,9,32.2,45.8,54.2,79.5,R,Matt Festa,CLE,6,CHW,0,LHH,0,Low,Mid,high
1,0,0,0,0,0,1,2026-07-07,other,823687,17,away,670036,8,39.7,33.8,47.1,67.6,R,Matt Festa,CLE,4,MIN,0,,0,Low,Low,high
3,1,1,1,1,0,0.2,2026-07-08,other,823684,31,away,670036,9,39.7,33.8,47.1,67.6,R,Matt Festa,CLE,6,MIN,0,,0,Low,Low,high
2,3,2,0,2,0,1.1,2026-07-18,other,824414,28,home,670036,7,33.5,60.7,62.1,84.2,R,Matt Festa,CLE,6,PIT,0,LHH,0,Low,Mid,medium
2,3,1,0,1,0,1,2026-07-20,other,824410,24,home,670036,8,39.7,33.8,47.1,67.6,R,Matt Festa,CLE,5,MIN,0,LHH,0,Low,Low,high
1,1,3,1,1,0,0.2,2026-07-22,other,824408,20,home,670036,8,39.7,33.8,47.1,67.6,R,Matt Festa,CLE,6,MIN,0,LHH,0,Low,Low,high
2,2,1,0,1,0,1.2,2026-07-24,other,822952,28,away,670036,4,77.8,34.8,51.2,51,R,Matt Festa,CLE,7,TBR,0,RHH,3,High,Mid,low
0,2,0,0,0,0,1,2026-07-29,other,824487,16,away,670036,7,32.7,40.9,35.4,31,R,Matt Festa,CLE,3,CIN,0,RHH,0,Low,Low,medium
1,0,0,0,0,0,0.2,2026-07-31,other,824407,6,home,670036,8,58.2,31.7,40.5,37.8,R,Matt Festa,CLE,2,ARI,1,LHH,2,Mid,Low,high
1,1,0,1,0,0,0.2,2026-08-02,other,824404,16,home,670036,8,58.2,31.7,40.5,37.8,R,Matt Festa,CLE,4,ARI,0,LHH,0,Mid,Low,high
1,2,1,0,0,0,1,2026-08-05,other,824402,14,home,670036,10,30.6,40,42.5,53.8,R,Matt Festa,CLE,3,NYM,0,LHH,0,Low,Low,high
2,0,1,1,1,0,1,2026-08-06,other,824401,22,home,670036,5,30.6,40,42.5,53.8,R,Matt Festa,CLE,6,NYM,0,,0,Low,Low,medium
1,0,0,0,0,0,1,2026-08-08,other,824565,12,away,670036,8,32.2,45.8,54.2,79.5,R,Matt Festa,CLE,5,CHW,1,LHH,1,Low,Mid,high
1,1,0,0,0,0,0.2,2026-08-11,other,824240,11,away,670036,7,43.2,42.5,49.7,62.5,R,Matt Festa,CLE,3,DET,2,RHH,2,Low,Low,high
2,0,0,0,0,0,0.2,2026-03-28,other,823161,19,away,682120,6,43.3,45.2,49.2,57.9,R,Tim Herrin,CLE,4,SEA,0,,0,Low,Low,medium
0,2,0,0,0,0,1,2026-04-05,other,824459,17,home,682120,7,62.9,82.6,69.2,58.4,R,Tim Herrin,CLE,3,CHC,0,RHH,0,Mid,High,high
0,0,0,0,0,0,0.1,2026-04-06,other,824456,5,home,682120,5,57,42.9,50.8,55.5,R,Tim Herrin,CLE,1,KCR,0,LHH,2,Mid,Mid,medium
0,0,0,1,0,0,0.1,2026-04-07,other,824457,11,home,682120,6,57,42.9,50.8,55.5,R,Tim Herrin,CLE,2,KCR,0,,0,Mid,Mid,medium
1,1,0,1,0,0,1,2026-04-13,other,823073,24,away,682120,6,41,40.4,42.1,44.7,R,Tim Herrin,CLE,5,STL,0,RHH,0,Low,Low,low
0,0,1,0,0,0,0.1,2026-04-14,other,823072,2,away,682120,10,41,40.4,42.1,44.7,R,Tim Herrin,CLE,1,STL,0,LHH,0,Low,Low,high
1,0,0,1,0,0,0.1,2026-04-15,other,823071,8,away,682120,6,41,40.4,42.1,44.7,R,Tim Herrin,CLE,3,STL,3,LHH,3,Low,Low,high
1,0,0,1,0,0,1,2026-04-20,other,824450,19,home,682120,8,38.5,45.2,48.8,60.3,R,Tim Herrin,CLE,5,HOU,0,RHH,0,Low,Low,high
1,0,0,0,0,0,0.2,2026-04-21,other,824448,16,home,682120,7,38.5,45.2,48.8,60.3,R,Tim Herrin,CLE,4,HOU,1,,2,Low,Low,high
0,1,0,0,0,0,1,2026-04-26,other,822824,15,away,682120,6,54.7,7.6,29.4,36.4,R,Tim Herrin,CLE,3,TOR,0,RHH,0,Mid,Low,medium
0,0,0,1,0,0,1.2,2026-04-28,other,824447,22,home,682120,6,77.8,34.8,51.2,51,R,Tim Herrin,CLE,6,TBR,0,LHH,0,High,Mid,medium
1,0,0,1,0,0,1,2026-05-01,other,825012,20,away,682120,5,42.3,37.3,48.1,64.7,R,Tim Herrin,CLE,5,ATH,0,,0,Low,Low,medium
1,1,0,0,0,0,1,2026-05-02,other,825014,15,away,682120,7,42.3,37.3,48.1,64.7,R,Tim Herrin,CLE,4,ATH,0,,0,Low,Low,medium
1,0,0,1,0,0,0.1,2026-05-07,other,824117,12,away,682120,6,57,42.9,50.8,55.5,R,Tim Herrin,CLE,3,KCR,1,RHH,1,Mid,Mid,medium
1,0,0,0,0,0,1,2026-05-08,hold,824443,11,home,682120,8,39.7,33.8,47.1,67.6,R,Tim Herrin,CLE,4,MIN,0,RHH,1,Low,Low,high
1,1,0,1,0,0,1,2026-05-10,other,824440,14,home,682120,9,39.7,33.8,47.1,67.6,R,Tim Herrin,CLE,5,MIN,0,RHH,0,Low,Low,high
1,1,1,0,1,0,0.2,2026-05-12,hold,824442,12,home,682120,6,22.6,13.1,27.4,47.2,R,Tim Herrin,CLE,3,LAA,0,RHH,0,Low,Low,medium
1,0,1,1,1,0,1,2026-05-15,other,824439,8,home,682120,9,32.7,40.9,35.4,31,R,Tim Herrin,CLE,5,CIN,0,RHH,0,Low,Low,high
0,3,0,1,0,0,1,2026-05-17,other,824436,19,home,682120,7,32.7,40.9,35.4,31,R,Tim Herrin,CLE,4,CIN,0,RHH,0,Low,Low,medium
0,1,0,1,0,0,0.1,2026-05-19,hold,824276,12,away,682120,8,43.2,42.5,49.7,62.5,R,Tim Herrin,CLE,3,DET,0,RHH,0,Low,Low,high
1,1,1,0,1,1,0.2,2026-05-21,hold,824274,10,away,682120,7,43.2,42.5,49.7,62.5,R,Tim Herrin,CLE,3,DET,0,LHH,1,Low,Low,high
1,1,1,1,1,0,0.2,2026-05-24,hold,823459,14,away,682120,7,32.1,30.7,33.4,37.3,R,Tim Herrin,CLE,4,PHI,0,LHH,0,Low,Low,high
0,2,0,0,0,0,1,2026-05-27,hold,824432,14,home,682120,8,43.7,67,67.7,85.6,R,Tim Herrin,CLE,3,WSN,0,RHH,0,Low,High,high
1,0,0,0,0,0,0.2,2026-05-29,hold,824433,11,home,682120,6,43,41.3,32.9,16,R,Tim Herrin,CLE,3,BOS,0,RHH,0,Low,Low,medium
1,1,3,2,3,0,0.1,2026-05-31,blown_save,824430,19,home,682120,7,43,41.3,32.9,16,R,Tim Herrin,CLE,4,BOS,2,LHH,2,Low,Low,high
0,1,0,0,0,0,1,2026-06-02,hold,823541,15,away,682120,6,38.8,75.1,66.4,76,R,Tim Herrin,CLE,3,NYY,0,LHH,0,Low,High,medium
0,1,0,0,0,0,0.2,2026-06-03,hold,823540,10,away,682120,6,38.8,75.1,66.4,76,R,Tim Herrin,CLE,2,NYY,1,LHH,1,Low,High,medium
0,1,0,0,0,0,1,2026-06-06,other,822891,10,away,682120,9,36.6,27.1,36.4,46.9,R,Tim Herrin,CLE,3,TEX,0,RHH,0,Low,Low,high
0,1,0,0,0,0,1,2026-06-08,hold,824427,10,home,682120,7,38.8,75.1,66.4,76,R,Tim Herrin,CLE,3,NYY,0,RHH,0,Low,High,high
1,1,1,1,1,1,1.1,2026-06-09,other,824429,24,home,682120,7,38.8,75.1,66.4,76,R,Tim Herrin,CLE,6,NYY,0,LHH,0,Low,High,high
1,2,0,0,0,0,0.2,2026-06-13,hold,824426,13,home,682120,8,43.2,42.5,49.7,62.5,R,Tim Herrin,CLE,3,DET,0,LHH,0,Low,Low,high
0,0,0,2,0,0,0.2,2026-06-18,hold,823772,12,away,682120,7,67.4,75.3,66.3,55.3,R,Tim Herrin,CLE,3,MIL,0,RHH,0,High,High,high
1,1,1,0,1,1,1,2026-06-22,other,824585,16,away,682120,6,32.2,45.8,54.2,79.5,R,Tim Herrin,CLE,4,CHW,0,,0,Low,Mid,medium
0,0,0,0,0,0,0.1,2026-06-24,hold,824583,6,away,682120,8,32.2,45.8,54.2,79.5,R,Tim Herrin,CLE,1,CHW,0,LHH,2,Low,Mid,high
1,0,1,2,1,0,1,2026-06-26,other,824423,23,home,682120,7,43.3,45.2,49.2,57.9,R,Tim Herrin,CLE,5,SEA,0,LHH,0,Low,Low,high
1,0,0,0,0,0,1,2026-06-28,other,824422,16,home,682120,6,43.3,45.2,49.2,57.9,R,Tim Herrin,CLE,5,SEA,0,,1,Low,Low,medium
0,0,0,0,0,0,0.2,2026-07-01,hold,824419,2,home,682120,7,36.6,27.1,36.4,46.9,R,Tim Herrin,CLE,1,TEX,0,LHH,2,Low,Low,high
0,1,0,0,0,0,1,2026-07-02,other,824416,10,home,682120,9,32.2,45.8,54.2,79.5,R,Tim Herrin,CLE,3,CHW,0,RHH,0,Low,Mid,high
1,1,1,0,1,1,1,2026-07-04,other,824415,15,home,682120,8,32.2,45.8,54.2,79.5,R,Tim Herrin,CLE,4,CHW,0,,0,Low,Mid,high
0,1,0,0,0,0,0.1,2026-07-05,other,824413,7,home,682120,8,32.2,45.8,54.2,79.5,R,Tim Herrin,CLE,1,CHW,0,LHH,3,Low,Mid,high
0,0,0,0,0,0,0.2,2026-07-08,other,823684,6,away,682120,6,39.7,33.8,47.1,67.6,R,Tim Herrin,CLE,2,MIN,0,RHH,0,Low,Low,medium
2,1,1,0,1,0,1,2026-07-24,other,822952,16,away,682120,7,77.8,34.8,51.2,51,R,Tim Herrin,CLE,5,TBR,0,RHH,0,High,Mid,medium
2,0,1,0,1,0,0.1,2026-07-28,blown_hold,824490,12,away,682120,4,32.7,40.9,35.4,31,R,Tim Herrin,CLE,3,CIN,1,RHH,1,Low,Low,medium
3,1,2,1,2,0,1,2026-08-01,other,824405,31,home,682120,9,58.2,31.7,40.5,37.8,R,Tim Herrin,CLE,7,ARI,0,RHH,0,Mid,Low,high
0,0,0,1,0,0,1.1,2026-08-04,other,824403,12,home,682120,8,30.6,40,42.5,53.8,R,Tim Herrin,CLE,4,NYM,0,LHH,0,Low,Low,high
1,2,0,1,0,0,0.2,2026-08-06,other,824401,23,home,682120,8,30.6,40,42.5,53.8,R,Tim Herrin,CLE,4,NYM,2,RHH,3,Low,Low,high
1,0,1,1,1,0,1,2026-08-08,other,824565,16,away,682120,7,32.2,45.8,54.2,79.5,R,Tim Herrin,CLE,4,CHW,0,LHH,0,Low,Mid,high
1,2,0,0,0,0,1.2,2026-08-09,other,824564,24,away,682120,2,32.2,45.8,54.2,79.5,R,Tim Herrin,CLE,5,CHW,0,RHH,0,Low,Mid,medium
0,0,0,0,0,0,0.1,2026-03-27,other,823893,2,away,657514,6,40.1,39.3,48.6,65.4,R,Brennan Bernardino,COL,1,MIA,0,LHH,1,Low,Low,medium
1,0,0,0,0,0,0.2,2026-03-28,other,823892,12,away,657514,5,40.1,39.3,48.6,65.4,R,Brennan Bernardino,COL,3,MIA,0,LHH,0,Low,Low,medium
1,1,0,0,0,0,1,2026-03-31,other,822836,15,away,657514,6,54.7,7.6,29.4,36.4,R,Brennan Bernardino,COL,4,TOR,0,,0,Mid,Low,medium
0,0,0,0,0,0,1,2026-04-01,other,822835,11,away,657514,9,54.7,7.6,29.4,36.4,R,Brennan Bernardino,COL,3,TOR,0,LHH,0,Mid,Low,high
0,2,0,0,0,0,1,2026-04-05,hold,824379,14,home,657514,8,32.1,30.7,33.4,37.3,R,Brennan Bernardino,COL,3,PHI,0,LHH,0,Low,Low,high
2,1,1,0,0,0,1,2026-04-09,blown_save,823319,14,away,657514,11,40.5,52.4,53.2,63.3,R,Brennan Bernardino,COL,5,SDP,0,RHH,0,Low,Mid,high
1,1,0,1,0,0,0.2,2026-04-11,other,823316,20,away,657514,6,40.5,52.4,53.2,63.3,R,Brennan Bernardino,COL,4,SDP,2,,3,Low,Mid,high
0,0,0,0,0,0,0.2,2026-04-12,other,823317,5,away,657514,7,40.5,52.4,53.2,63.3,R,Brennan Bernardino,COL,1,SDP,0,RHH,3,Low,Mid,high
1,1,0,0,0,0,1,2026-04-17,other,824373,20,home,657514,9,68.3,95.7,82.8,78.2,R,Brennan Bernardino,COL,4,LAD,0,RHH,0,High,High,high
0,2,0,0,0,0,1.1,2026-04-18,other,824372,14,home,657514,6,68.3,95.7,82.8,78.2,R,Brennan Bernardino,COL,4,LAD,0,LHH,1,High,High,medium
2,2,0,0,0,0,1,2026-04-21,other,824369,21,home,657514,9,40.5,52.4,53.2,63.3,R,Brennan Bernardino,COL,5,SDP,0,RHH,0,Low,Mid,high
0,0,0,0,0,0,0.2,2026-04-23,other,824368,6,home,657514,9,40.5,52.4,53.2,63.3,R,Brennan Bernardino,COL,2,SDP,0,,0,Low,Mid,high
1,1,0,0,0,0,1.2,2026-04-29,other,824525,21,away,657514,6,32.7,40.9,35.4,31,R,Brennan Bernardino,COL,5,CIN,0,LHH,2,Low,Low,high
0,0,0,0,0,0,1,2026-05-04,other,824363,10,home,657514,9,30.6,40,42.5,53.8,R,Brennan Bernardino,COL,3,NYM,0,RHH,0,Low,Low,high
0,0,0,0,0,0,0.1,2026-05-07,other,824362,4,home,657514,7,30.6,40,42.5,53.8,R,Brennan Bernardino,COL,1,NYM,0,LHH,2,Low,Low,high
2,1,3,1,3,0,0.1,2026-05-08,other,823466,14,away,657514,7,32.1,30.7,33.4,37.3,R,Brennan Bernardino,COL,4,PHI,0,LHH,1,Low,Low,medium
0,0,0,0,0,0,1,2026-05-13,other,823386,9,away,657514,9,33.5,60.7,62.1,84.2,R,Brennan Bernardino,COL,3,PIT,0,LHH,0,Low,Mid,high
2,0,2,0,2,0,1.1,2026-05-14,other,823383,15,away,657514,2,33.5,60.7,62.1,84.2,R,Brennan Bernardino,COL,6,PIT,0,LHH,2,Low,Mid,medium
1,0,0,1,0,0,1,2026-05-18,hold,824357,18,home,657514,8,36.6,27.1,36.4,46.9,R,Brennan Bernardino,COL,5,TEX,3,RHH,3,Low,Low,high
2,1,2,0,0,0,0.1,2026-05-20,hold,824355,14,home,657514,9,36.6,27.1,36.4,46.9,R,Brennan Bernardino,COL,4,TEX,0,,0,Low,Low,high
1,0,0,0,0,0,0.2,2026-05-22,other,825082,8,away,657514,7,58.2,31.7,40.5,37.8,R,Brennan Bernardino,COL,3,ARI,0,RHH,1,Mid,Low,high
0,2,0,0,0,0,1,2026-05-24,other,825081,10,away,657514,7,58.2,31.7,40.5,37.8,R,Brennan Bernardino,COL,3,ARI,0,RHH,0,Mid,Low,medium
1,0,2,0,2,0,0.2,2026-05-25,blown_save,823948,9,away,657514,7,68.3,95.7,82.8,78.2,R,Brennan Bernardino,COL,4,LAD,2,,2,High,High,high
0,0,0,0,0,0,1.1,2026-05-27,other,823947,16,away,657514,5,68.3,95.7,82.8,78.2,R,Brennan Bernardino,COL,4,LAD,0,LHH,1,High,High,medium
1,1,0,0,0,0,1,2026-05-30,other,824352,14,home,657514,7,35.1,17.2,38.2,64.4,R,Brennan Bernardino,COL,4,SFG,0,,0,Low,Low,medium
1,1,0,1,0,0,1,2026-05-31,other,824354,18,home,657514,4,35.1,17.2,38.2,64.4,R,Brennan Bernardino,COL,5,SFG,2,LHH,2,Low,Low,medium
0,0,0,0,0,0,0.1,2026-06-05,other,824350,2,home,657514,9,67.4,75.3,66.3,55.3,R,Brennan Bernardino,COL,1,MIL,0,LHH,1,High,High,high
3,1,3,1,3,1,0.2,2026-06-06,other,824351,30,home,657514,6,67.4,75.3,66.3,55.3,R,Brennan Bernardino,COL,7,MIL,0,,1,High,High,medium
0,1,0,0,0,0,1,2026-06-09,other,824347,11,home,657514,7,62.9,82.6,69.2,58.4,R,Brennan Bernardino,COL,3,CHC,0,RHH,0,Mid,High,medium
0,0,0,1,0,0,1,2026-06-10,other,824348,15,home,657514,6,62.9,82.6,69.2,58.4,R,Brennan Bernardino,COL,4,CHC,0,RHH,0,Mid,High,medium
1,2,0,0,0,0,0.2,2026-06-12,other,824997,9,away,657514,8,42.3,37.3,48.1,64.7,R,Brennan Bernardino,COL,3,ATH,1,LHH,2,Low,Low,high
2,0,0,1,0,0,0.1,2026-06-15,other,824666,11,away,657514,7,62.9,82.6,69.2,58.4,R,Brennan Bernardino,COL,3,CHC,0,LHH,0,Mid,High,high
1,0,0,1,0,0,1,2026-06-16,hold,824667,16,away,657514,7,62.9,82.6,69.2,58.4,R,Brennan Bernardino,COL,5,CHC,0,RHH,0,Mid,High,medium
2,2,0,0,0,0,1,2026-06-20,hold,824342,21,home,657514,8,33.5,60.7,62.1,84.2,R,Brennan Bernardino,COL,5,PIT,0,,0,Low,Mid,high
1,0,0,0,0,0,1,2026-06-22,other,824344,18,home,657514,7,43,41.3,32.9,16,R,Brennan Bernardino,COL,4,BOS,0,RHH,0,Low,Low,high
0,1,0,0,0,0,1,2026-06-27,other,823689,13,away,657514,8,39.7,33.8,47.1,67.6,R,Brennan Bernardino,COL,3,MIN,0,RHH,0,Low,Low,high
0,0,0,0,0,0,0.1,2026-06-28,other,823686,3,away,657514,7,39.7,33.8,47.1,67.6,R,Brennan Bernardino,COL,1,MIN,0,RHH,2,Low,Low,high
0,1,0,0,0,0,1,2026-07-01,save,824337,12,home,657514,9,40.1,39.3,48.6,65.4,R,Brennan Bernardino,COL,3,MIA,0,RHH,0,Low,Low,high
1,0,0,0,0,0,1.1,2026-07-02,other,824335,15,home,657514,5,40.1,39.3,48.6,65.4,R,Brennan Bernardino,COL,5,MIA,0,,2,Low,Low,medium
1,0,1,1,0,0,1,2026-07-05,other,824333,20,home,657514,6,35.1,17.2,38.2,64.4,R,Brennan Bernardino,COL,5,SFG,0,LHH,0,Low,Low,medium
1,0,1,0,0,0,0.1,2026-07-06,blown_save,823930,8,away,657514,10,68.3,95.7,82.8,78.2,R,Brennan Bernardino,COL,3,LAD,0,LHH,0,High,High,high
0,0,0,0,0,0,1,2026-07-08,other,823928,10,away,657514,7,68.3,95.7,82.8,78.2,R,Brennan Bernardino,COL,3,LAD,0,RHH,0,High,High,high
0,0,0,1,0,0,1,2026-07-10,other,823200,17,away,657514,6,35.1,17.2,38.2,64.4,R,Brennan Bernardino,COL,3,SFG,0,LHH,0,Low,Low,medium
1,1,0,0,0,0,1,2026-07-12,other,823199,14,away,657514,6,35.1,17.2,38.2,64.4,R,Brennan Bernardino,COL,4,SFG,0,LHH,0,Low,Low,medium
1,3,0,0,0,0,1,2026-07-18,other,824331,17,home,657514,8,32.7,40.9,35.4,31,R,Brennan Bernardino,COL,4,CIN,0,RHH,0,Low,Low,high
0,1,0,0,0,0,1.1,2026-07-21,other,824329,14,home,657514,4,43.7,67,67.7,85.6,R,Brennan Bernardino,COL,4,WSN,0,LHH,1,Low,High,medium
0,2,0,0,0,0,1,2026-07-22,other,824327,11,home,657514,6,43.7,67,67.7,85.6,R,Brennan Bernardino,COL,2,WSN,0,,1,Low,High,medium
1,1,0,0,0,0,1,2026-07-28,blown_save,823275,17,away,657514,7,40.5,52.4,53.2,63.3,R,Brennan Bernardino,COL,5,SDP,2,RHH,2,Low,Mid,high
0,0,0,0,0,0,1,2026-07-29,other,823273,11,away,657514,6,40.5,52.4,53.2,63.3,R,Brennan Bernardino,COL,3,SDP,0,LHH,1,Low,Mid,medium
0,0,0,1,0,0,0.2,2026-07-31,hold,824325,13,home,657514,8,57,42.9,50.8,55.5,R,Brennan Bernardino,COL,3,KCR,0,LHH,0,Mid,Mid,high
1,0,0,0,0,0,0.2,2026-08-04,hold,824321,17,home,657514,6,77.8,34.8,51.2,51,R,Brennan Bernardino,COL,3,TBR,0,RHH,1,High,Mid,medium
0,1,0,1,0,0,0.2,2026-08-07,other,823024,18,away,657514,6,41,40.4,42.1,44.7,R,Brennan Bernardino,COL,4,STL,0,,1,Low,Low,medium
1,1,1,0,1,1,1,2026-08-08,hold,823021,14,away,657514,8,41,40.4,42.1,44.7,R,Brennan Bernardino,COL,4,STL,0,,0,Low,Low,high
0,1,0,0,0,0,1,2026-08-11,hold,825046,13,away,657514,8,58.2,31.7,40.5,37.8,R,Brennan Bernardino,COL,3,ARI,0,RHH,0,Mid,Low,high
3,0,1,0,1,1,1,2026-08-12,hold,825047,26,away,657514,8,58.2,31.7,40.5,37.8,R,Brennan Bernardino,COL,6,ARI,0,RHH,0,Mid,Low,high
2,1,0,1,0,0,3,2026-07-03,save,824336,53,home,687312,7,35.1,17.2,38.2,64.4,R,Gabriel Hughes,COL,11,SFG,0,LHH,0,Low,Low,medium
2,1,0,0,0,0,1.1,2026-03-27,other,823893,20,away,623474,5,40.1,39.3,48.6,65.4,R,Jimmy Herget,COL,6,MIA,0,RHH,0,Low,Low,medium
0,2,0,0,0,0,0.2,2026-03-29,other,823891,8,away,623474,5,40.1,39.3,48.6,65.4,R,Jimmy Herget,COL,2,MIA,0,,1,Low,Low,medium
0,0,0,0,0,0,1,2026-04-01,save,822835,16,away,623474,10,54.7,7.6,29.4,36.4,R,Jimmy Herget,COL,3,TOR,0,RHH,0,Mid,Low,high
0,2,0,0,0,0,1.1,2026-04-04,other,824378,15,home,623474,1,32.1,30.7,33.4,37.3,R,Jimmy Herget,COL,4,PHI,0,RHH,2,Low,Low,medium
2,1,1,0,1,0,1.2,2026-04-06,hold,824376,33,home,623474,6,38.5,45.2,48.8,60.3,R,Jimmy Herget,COL,7,HOU,1,,3,Low,Low,high
1,0,0,0,0,0,1,2026-04-11,other,823316,8,away,623474,8,40.5,52.4,53.2,63.3,R,Jimmy Herget,COL,3,SDP,0,RHH,0,Low,Mid,high
0,1,0,1,0,0,1,2026-04-16,hold,824208,23,away,623474,8,38.5,45.2,48.8,60.3,R,Jimmy Herget,COL,4,HOU,0,,0,Low,Low,high
2,1,0,0,0,0,1,2026-04-19,hold,824371,20,home,623474,8,68.3,95.7,82.8,78.2,R,Jimmy Herget,COL,5,LAD,0,LHH,0,High,High,high
4,3,2,0,2,1,1,2026-04-29,other,824525,26,away,623474,9,32.7,40.9,35.4,31,R,Jimmy Herget,COL,7,CIN,0,RHH,0,Low,Low,high
3,0,3,1,3,0,1,2026-05-03,other,824364,28,home,623474,9,51.3,55.8,59,68.1,R,Jimmy Herget,COL,7,ATL,0,LHH,0,Mid,Mid,high
2,2,2,0,2,1,1,2026-05-08,blown_save,823466,20,away,623474,8,32.1,30.7,33.4,37.3,R,Jimmy Herget,COL,5,PHI,2,RHH,2,Low,Low,high
1,1,0,1,0,0,1,2026-05-12,other,823385,22,away,623474,8,33.5,60.7,62.1,84.2,R,Jimmy Herget,COL,5,PIT,0,RHH,0,Low,Mid,high
2,2,0,0,0,0,1,2026-06-17,other,824668,19,away,623474,8,62.9,82.6,69.2,58.4,R,Jimmy Herget,COL,5,CHC,0,RHH,0,Mid,High,high
0,2,0,1,0,0,1.1,2026-06-20,hold,824342,20,home,623474,7,33.5,60.7,62.1,84.2,R,Jimmy Herget,COL,4,PIT,0,LHH,0,Low,Mid,high
0,2,0,0,0,0,1,2026-06-24,save,824341,11,home,623474,9,43,41.3,32.9,16,R,Jimmy Herget,COL,3,BOS,0,RHH,0,Low,Low,high
0,0,0,0,0,0,0.2,2026-06-27,save,823689,9,away,623474,9,39.7,33.8,47.1,67.6,R,Jimmy Herget,COL,2,MIN,0,RHH,1,Low,Low,high
0,0,0,0,0,0,1,2026-07-01,hold,824337,10,home,623474,8,40.1,39.3,48.6,65.4,R,Jimmy Herget,COL,3,MIA,0,LHH,0,Low,Low,high
1,1,0,0,0,0,1,2026-07-05,other,824333,20,home,623474,7,35.1,17.2,38.2,64.4,R,Jimmy Herget,COL,5,SFG,0,RHH,0,Low,Low,high
1,0,1,1,0,0,1,2026-07-06,other,823930,8,away,623474,10,68.3,95.7,82.8,78.2,R,Jimmy Herget,COL,4,LAD,0,RHH,2,High,High,high
2,1,1,1,1,0,1,2026-07-10,other,823200,29,away,623474,7,35.1,17.2,38.2,64.4,R,Jimmy Herget,COL,6,SFG,0,,0,Low,Low,high
0,1,0,1,0,0,1,2026-07-12,other,823199,17,away,623474,7,35.1,17.2,38.2,64.4,R,Jimmy Herget,COL,4,SFG,0,,0,Low,Low,high
2,1,2,0,2,2,0.2,2026-07-17,other,824332,14,home,623474,6,32.7,40.9,35.4,31,R,Jimmy Herget,COL,4,CIN,1,RHH,1,Low,Low,medium
2,1,1,1,1,0,1,2026-07-21,blown_save,824329,28,home,623474,7,43.7,67,67.7,85.6,R,Jimmy Herget,COL,6,WSN,0,LHH,0,Low,High,high
2,0,4,2,4,1,0.2,2026-07-22,other,824327,21,home,623474,7,43.7,67,67.7,85.6,R,Jimmy Herget,COL,6,WSN,0,LHH,0,Low,High,high
3,1,3,2,3,0,0.2,2026-07-26,other,823755,25,away,623474,6,67.4,75.3,66.3,55.3,R,Jimmy Herget,COL,7,MIL,1,RHH,1,High,High,medium
1,0,1,2,1,0,0.1,2026-07-28,other,823275,15,away,623474,9,40.5,52.4,53.2,63.3,R,Jimmy Herget,COL,4,SDP,0,LHH,0,Low,Mid,high
2,1,2,0,2,1,1,2026-08-01,other,824326,24,home,623474,9,57,42.9,50.8,55.5,R,Jimmy Herget,COL,5,KCR,0,LHH,0,Mid,Mid,high
0,2,0,0,0,0,1,2026-08-04,other,824321,15,home,623474,10,77.8,34.8,51.2,51,R,Jimmy Herget,COL,3,TBR,0,RHH,0,High,Mid,high
0,2,0,0,0,0,1,2026-08-07,other,823024,15,away,623474,7,41,40.4,42.1,44.7,R,Jimmy Herget,COL,3,STL,0,RHH,0,Low,Low,high
1,0,1,1,1,0,0.2,2026-08-08,other,823021,15,away,623474,6,41,40.4,42.1,44.7,R,Jimmy Herget,COL,4,STL,0,RHH,0,Low,Low,low
1,0,0,0,0,0,1,2026-08-11,hold,825046,14,away,623474,7,58.2,31.7,40.5,37.8,R,Jimmy Herget,COL,4,ARI,0,RHH,0,Mid,Low,high
0,0,0,2,0,0,1,2026-08-12,hold,825047,20,away,623474,7,58.2,31.7,40.5,37.8,R,Jimmy Herget,COL,4,ARI,1,,2,Mid,Low,high
0,1,0,1,0,0,1,2026-03-26,save,824218,12,away,605447,9,38.5,45.2,48.8,60.3,R,Jordan Romano,COL,4,HOU,0,RHH,0,Low,Low,high
0,2,0,0,0,0,1,2026-03-27,other,824216,13,away,605447,9,38.5,45.2,48.8,60.3,R,Jordan Romano,COL,3,HOU,0,LHH,0,Low,Low,high
0,1,0,1,0,0,0.2,2026-03-31,save,824699,12,away,605447,9,62.9,82.6,69.2,58.4,R,Jordan Romano,COL,3,CHC,0,RHH,0,Mid,High,high
0,2,0,0,0,0,1,2026-04-03,other,824056,16,home,605447,9,43.3,45.2,49.2,57.9,R,Jordan Romano,COL,3,SEA,0,LHH,0,Low,Low,high
0,1,0,0,0,0,1,2026-04-04,save,824054,15,home,605447,9,43.3,45.2,49.2,57.9,R,Jordan Romano,COL,3,SEA,0,LHH,0,Low,Low,high
0,0,0,0,0,0,0.1,2026-04-06,save,824052,3,home,605447,9,51.3,55.8,59,68.1,R,Jordan Romano,COL,1,ATL,0,LHH,2,Mid,Mid,high
2,0,2,1,2,0,0.1,2026-04-15,blown_save,823561,21,away,605447,9,38.8,75.1,66.4,76,R,Jordan Romano,COL,4,NYY,0,,0,Low,High,high
1,3,0,0,0,0,1,2026-04-17,other,824048,19,home,605447,9,40.5,52.4,53.2,63.3,R,Jordan Romano,COL,4,SDP,0,,0,Low,Mid,high
2,2,0,0,0,0,1,2026-04-22,other,824044,20,home,605447,9,54.7,7.6,29.4,36.4,R,Jordan Romano,COL,5,TOR,0,RHH,0,Mid,Low,high
3,0,4,1,4,0,0.2,2026-04-25,other,824121,36,away,605447,8,57,42.9,50.8,55.5,R,Jordan Romano,COL,7,KCR,0,LHH,0,Mid,Mid,high
1,2,0,0,0,0,1,2026-07-04,other,824334,10,home,605447,9,35.1,17.2,38.2,64.4,R,Jordan Romano,COL,4,SFG,0,,0,Low,Low,high
1,2,0,0,0,0,1,2026-07-05,save,824333,21,home,605447,9,35.1,17.2,38.2,64.4,R,Jordan Romano,COL,4,SFG,0,,0,Low,Low,high
1,1,0,1,0,0,1,2026-07-07,save,823929,23,away,605447,9,68.3,95.7,82.8,78.2,R,Jordan Romano,COL,5,LAD,0,LHH,0,High,High,high
1,0,1,3,1,0,0.2,2026-07-10,hold,823200,35,away,605447,9,35.1,17.2,38.2,64.4,R,Jordan Romano,COL,6,SFG,0,LHH,0,Low,Low,high
0,1,0,0,0,0,1,2026-07-19,other,824330,12,home,605447,9,32.7,40.9,35.4,31,R,Jordan Romano,COL,3,CIN,0,LHH,0,Low,Low,high
0,2,0,0,0,0,1,2026-07-21,save,824329,11,home,605447,9,43.7,67,67.7,85.6,R,Jordan Romano,COL,3,WSN,0,LHH,0,Low,High,high
2,1,0,0,0,0,1,2026-07-24,save,823759,22,away,605447,9,67.4,75.3,66.3,55.3,R,Jordan Romano,COL,5,MIL,0,RHH,0,High,High,high
0,1,0,0,0,0,1,2026-07-31,save,824325,11,home,605447,9,57,42.9,50.8,55.5,R,Jordan Romano,COL,3,KCR,0,LHH,0,Mid,Mid,high
2,2,2,2,2,0,1,2026-08-04,blown_save,824321,25,home,605447,9,77.8,34.8,51.2,51,R,Jordan Romano,COL,7,TBR,0,RHH,0,High,Mid,high
2,1,1,0,1,0,1,2026-08-08,save,823021,22,away,605447,9,41,40.4,42.1,44.7,R,Jordan Romano,COL,5,STL,0,LHH,0,Low,Low,high
1,1,0,0,0,0,1,2026-08-11,save,825046,17,away,605447,9,58.2,31.7,40.5,37.8,R,Jordan Romano,COL,4,ARI,0,RHH,0,Mid,Low,high
0,0,0,1,0,0,1,2026-08-12,save,825047,17,away,605447,9,58.2,31.7,40.5,37.8,R,Jordan Romano,COL,4,ARI,0,LHH,0,Mid,Low,high
1,1,0,0,0,0,2,2026-03-27,other,823893,22,away,675848,7,40.1,39.3,48.6,65.4,R,Juan Mejia,COL,7,MIA,0,RHH,0,Low,Low,high
4,0,2,1,2,0,1.1,2026-03-31,other,822836,38,away,675848,4,54.7,7.6,29.4,36.4,R,Juan Mejia,COL,8,TOR,0,RHH,0,Mid,Low,medium
1,1,0,0,0,0,1,2026-04-04,other,824378,14,home,675848,8,32.1,30.7,33.4,37.3,R,Juan Mejia,COL,4,PHI,0,,0,Low,Low,high
0,1,0,1,0,0,1.2,2026-04-06,save,824376,21,home,675848,8,38.5,45.2,48.8,60.3,R,Juan Mejia,COL,6,HOU,0,RHH,2,Low,Low,high
1,1,0,1,0,0,1,2026-04-09,other,823319,21,away,675848,8,40.5,52.4,53.2,63.3,R,Juan Mejia,COL,4,SDP,0,RHH,0,Low,Mid,high
2,0,3,1,3,1,0.1,2026-04-10,other,823318,18,away,675848,9,40.5,52.4,53.2,63.3,R,Juan Mejia,COL,4,SDP,0,,0,Low,Mid,high
2,1,0,0,0,0,1,2026-04-14,other,824210,13,away,675848,7,38.5,45.2,48.8,60.3,R,Juan Mejia,COL,4,HOU,0,RHH,0,Low,Low,high
1,1,0,0,0,0,1,2026-04-21,other,824369,20,home,675848,8,40.5,52.4,53.2,63.3,R,Juan Mejia,COL,4,SDP,0,RHH,0,Low,Mid,high
3,3,1,1,1,0,1.2,2026-04-23,hold,824368,45,home,675848,7,40.5,52.4,53.2,63.3,R,Juan Mejia,COL,9,SDP,0,RHH,0,Low,Mid,medium
0,2,0,0,0,0,1.2,2026-04-26,hold,823635,30,away,675848,6,30.6,40,42.5,53.8,R,Juan Mejia,COL,5,NYM,0,RHH,0,Low,Low,medium
1,3,0,0,0,0,1,2026-04-29,other,824525,15,away,675848,8,32.7,40.9,35.4,31,R,Juan Mejia,COL,4,CIN,0,,0,Low,Low,high
2,1,2,2,2,1,1,2026-05-01,other,824366,20,home,675848,9,51.3,55.8,59,68.1,R,Juan Mejia,COL,7,ATL,0,LHH,0,Mid,Mid,high
0,5,0,0,0,0,2,2026-05-04,other,824363,23,home,675848,7,30.6,40,42.5,53.8,R,Juan Mejia,COL,6,NYM,0,RHH,0,Low,Low,medium
0,2,0,2,0,0,1,2026-05-07,other,824362,21,home,675848,6,30.6,40,42.5,53.8,R,Juan Mejia,COL,5,NYM,0,RHH,1,Low,Low,medium
1,1,0,0,0,0,1,2026-05-08,save,823466,18,away,675848,11,32.1,30.7,33.4,37.3,R,Juan Mejia,COL,4,PHI,0,LHH,0,Low,Low,high
0,1,0,0,0,0,1,2026-05-14,other,823383,9,away,675848,8,33.5,60.7,62.1,84.2,R,Juan Mejia,COL,3,PIT,0,LHH,0,Low,Mid,high
0,0,0,2,0,0,1.2,2026-05-16,hold,824359,35,home,675848,6,58.2,31.7,40.5,37.8,R,Juan Mejia,COL,7,ARI,0,RHH,0,Mid,Low,medium
1,1,0,0,0,0,1,2026-05-18,save,824357,16,home,675848,9,36.6,27.1,36.4,46.9,R,Juan Mejia,COL,4,TEX,0,RHH,0,Low,Low,high
1,1,0,0,0,0,0.2,2026-05-20,blown_save,824355,12,home,675848,9,36.6,27.1,36.4,46.9,R,Juan Mejia,COL,3,TEX,2,RHH,3,Low,Low,high
1,1,1,2,1,0,0.2,2026-05-21,other,825083,26,away,675848,9,58.2,31.7,40.5,37.8,R,Juan Mejia,COL,5,ARI,0,RHH,0,Mid,Low,high
0,0,2,2,2,0,1,2026-05-25,hold,823948,25,away,675848,6,68.3,95.7,82.8,78.2,R,Juan Mejia,COL,5,LAD,0,RHH,0,High,High,medium
3,0,2,0,2,0,1,2026-05-29,other,824353,21,home,675848,9,35.1,17.2,38.2,64.4,R,Juan Mejia,COL,7,SFG,0,RHH,0,Low,Low,high
2,1,3,1,3,0,0.2,2026-05-31,other,824354,21,home,675848,8,35.1,17.2,38.2,64.4,R,Juan Mejia,COL,5,SFG,0,LHH,0,Low,Low,high
1,1,0,0,0,0,1,2026-06-02,other,824026,16,away,675848,9,22.6,13.1,27.4,47.2,R,Juan Mejia,COL,4,LAA,0,,0,Low,Low,high
3,1,4,2,3,0,0.1,2026-06-05,other,824350,22,home,675848,10,67.4,75.3,66.3,55.3,R,Juan Mejia,COL,6,MIL,0,LHH,0,High,High,high
1,1,0,0,0,0,1,2026-06-06,other,824351,19,home,675848,9,67.4,75.3,66.3,55.3,R,Juan Mejia,COL,4,MIL,0,LHH,0,High,High,high
0,2,0,0,0,0,1,2026-06-10,other,824348,10,home,675848,7,62.9,82.6,69.2,58.4,R,Juan Mejia,COL,3,CHC,0,RHH,0,Mid,High,high
0,1,0,0,0,0,1.1,2026-06-13,other,824995,18,away,675848,7,42.3,37.3,48.1,64.7,R,Juan Mejia,COL,4,ATH,0,LHH,2,Low,Low,high
0,1,2,2,1,0,0.1,2026-06-15,hold,824666,20,away,675848,8,62.9,82.6,69.2,58.4,R,Juan Mejia,COL,4,CHC,0,LHH,2,Mid,High,high
5,0,4,0,4,1,1.2,2026-06-21,other,824343,32,home,675848,6,33.5,60.7,62.1,84.2,R,Juan Mejia,COL,9,PIT,1,LHH,2,Low,Mid,high
1,0,0,0,0,0,1,2026-06-23,other,824340,10,home,675848,9,43,41.3,32.9,16,R,Juan Mejia,COL,4,BOS,0,,0,Low,Low,high
1,0,0,0,0,0,1,2026-06-26,other,823688,13,away,675848,7,39.7,33.8,47.1,67.6,R,Juan Mejia,COL,3,MIN,0,LHH,0,Low,Low,medium
0,1,0,0,0,0,1,2026-06-28,other,823686,16,away,675848,8,39.7,33.8,47.1,67.6,R,Juan Mejia,COL,3,MIN,0,RHH,0,Low,Low,high
1,3,1,1,1,1,2,2026-07-01,hold,824337,25,home,675848,6,40.1,39.3,48.6,65.4,R,Juan Mejia,COL,8,MIA,0,RHH,0,Low,Low,medium
0,2,0,1,0,0,1.1,2026-07-04,other,824334,23,home,675848,6,35.1,17.2,38.2,64.4,R,Juan Mejia,COL,5,SFG,0,,2,Low,Low,high
1,1,0,0,0,0,2,2026-07-07,other,823929,24,away,675848,7,68.3,95.7,82.8,78.2,R,Juan Mejia,COL,7,LAD,0,LHH,0,High,High,high
0,0,0,0,0,0,0.1,2026-07-10,save,823200,1,away,675848,9,35.1,17.2,38.2,64.4,R,Juan Mejia,COL,1,SFG,0,LHH,3,Low,Low,high
1,0,0,1,0,0,0.2,2026-07-18,other,824331,16,home,675848,7,32.7,40.9,35.4,31,R,Juan Mejia,COL,4,CIN,1,,1,Low,Low,medium
1,1,0,0,0,0,1,2026-07-20,other,824328,12,home,675848,8,43.7,67,67.7,85.6,R,Juan Mejia,COL,3,WSN,0,LHH,0,Low,High,high
0,1,0,0,0,0,1,2026-07-21,other,824329,11,home,675848,8,43.7,67,67.7,85.6,R,Juan Mejia,COL,3,WSN,0,LHH,0,Low,High,high
2,1,2,1,1,0,1,2026-07-25,other,823758,25,away,675848,6,67.4,75.3,66.3,55.3,R,Juan Mejia,COL,6,MIL,2,LHH,2,High,High,high
1,1,1,2,1,0,1.1,2026-07-28,other,823275,29,away,675848,5,40.5,52.4,53.2,63.3,R,Juan Mejia,COL,6,SDP,1,RHH,2,Low,Mid,medium
1,1,0,0,0,0,1,2026-08-01,other,824326,18,home,675848,8,57,42.9,50.8,55.5,R,Juan Mejia,COL,4,KCR,0,,0,Mid,Mid,high
2,0,0,0,0,0,1,2026-08-04,hold,824321,15,home,675848,8,77.8,34.8,51.2,51,R,Juan Mejia,COL,5,TBR,0,RHH,0,High,Mid,high
0,0,1,1,1,0,1,2026-08-05,other,824322,14,home,675848,7,77.8,34.8,51.2,51,R,Juan Mejia,COL,4,TBR,0,LHH,0,High,Mid,medium
0,0,0,1,0,0,0.2,2026-08-08,other,823021,13,away,675848,5,41,40.4,42.1,44.7,R,Juan Mejia,COL,3,STL,1,LHH,3,Low,Low,medium
0,1,1,2,1,0,0.1,2026-08-12,hold,825047,18,away,675848,6,58.2,31.7,40.5,37.8,R,Juan Mejia,COL,3,ARI,0,RHH,3,Mid,Low,high
0,0,0,0,0,0,1,2026-04-11,other,823316,11,away,547179,7,40.5,52.4,53.2,63.3,R,Michael Lorenzen,COL,4,SDP,0,RHH,0,Low,Mid,medium
2,0,2,0,1,0,1,2026-08-04,other,824321,18,home,693308,11,77.8,34.8,51.2,51,R,Nick Frasso,COL,5,TBR,0,LHH,0,High,Mid,high
0,2,0,0,0,0,1,2026-08-07,other,823024,10,away,693308,8,41,40.4,42.1,44.7,R,Nick Frasso,COL,3,STL,0,LHH,0,Low,Low,high
3,1,2,0,2,0,1,2026-08-10,other,825048,27,away,693308,8,58.2,31.7,40.5,37.8,R,Nick Frasso,COL,6,ARI,0,,0,Mid,Low,high
1,0,0,1,0,0,1,2026-08-04,hold,824321,21,home,656786,7,77.8,34.8,51.2,51,R,Parker Mushinski,COL,4,TBR,0,RHH,0,High,Mid,high
0,0,0,0,0,0,1,2026-08-05,other,824322,14,home,656786,6,77.8,34.8,51.2,51,R,Parker Mushinski,COL,3,TBR,0,LHH,1,High,Mid,medium
1,0,0,1,0,0,1.1,2026-08-08,other,823021,20,away,656786,6,41,40.4,42.1,44.7,R,Parker Mushinski,COL,6,STL,0,LHH,1,Low,Low,medium
2,0,1,0,1,0,0.1,2026-08-09,other,823020,7,away,656786,8,41,40.4,42.1,44.7,R,Parker Mushinski,COL,3,STL,2,LHH,2,Low,Low,high
1,0,0,2,0,0,0.2,2026-08-12,other,825047,26,away,656786,6,58.2,31.7,40.5,37.8,R,Parker Mushinski,COL,5,ARI,0,RHH,0,Mid,Low,low
2,4,0,1,0,0,4,2026-04-15,other,824209,60,away,685299,5,38.5,45.2,48.8,60.3,R,Tanner Gordon,COL,14,HOU,0,RHH,0,Low,Low,medium
7,6,6,3,6,3,4,2026-04-20,other,824370,84,home,685299,6,68.3,95.7,82.8,78.2,R,Tanner Gordon,COL,22,LAD,1,RHH,2,High,High,high
6,3,3,0,3,1,3,2026-04-28,other,824526,50,away,685299,6,32.7,40.9,35.4,31,R,Tanner Gordon,COL,15,CIN,0,RHH,0,Low,Low,medium
1,4,1,0,1,1,3,2026-05-02,other,824365,41,home,685299,7,51.3,55.8,59,68.1,R,Tanner Gordon,COL,10,ATL,0,RHH,0,Mid,Mid,medium
4,3,2,0,2,0,3,2026-05-09,other,823468,52,away,685299,6,32.1,30.7,33.4,37.3,R,Tanner Gordon,COL,13,PHI,0,,0,Low,Low,low
3,5,1,1,1,0,4,2026-05-14,other,823383,69,away,685299,4,33.5,60.7,62.1,84.2,R,Tanner Gordon,COL,15,PIT,0,LHH,0,Low,Mid,low
12,5,7,1,7,1,6.1,2026-05-19,other,824356,81,home,685299,1,36.6,27.1,36.4,46.9,R,Tanner Gordon,COL,31,TEX,0,RHH,3,Low,Low,medium
3,2,1,1,1,1,5.2,2026-07-19,other,824330,66,home,685299,3,32.7,40.9,35.4,31,R,Tanner Gordon,COL,20,CIN,0,,2,Low,Low,low
2,4,1,1,1,0,2,2026-07-25,other,823758,35,away,685299,7,67.4,75.3,66.3,55.3,R,Tanner Gordon,COL,9,MIL,0,LHH,0,High,High,medium
8,3,6,0,4,2,6,2026-08-03,other,824324,58,home,685299,4,77.8,34.8,51.2,51,R,Tanner Gordon,COL,27,TBR,0,,0,High,Mid,low
4,2,2,0,2,0,3.1,2026-08-09,other,823020,48,away,685299,5,41,40.4,42.1,44.7,R,Tanner Gordon,COL,13,STL,0,RHH,1,Low,Low,medium
0,2,0,1,0,0,1.1,2026-03-28,other,823892,30,away,688642,6,40.1,39.3,48.6,65.4,R,Zach Agnos,COL,5,MIA,0,LHH,0,Low,Low,medium
7,3,3,1,3,0,2,2026-03-31,other,822836,45,away,688642,7,54.7,7.6,29.4,36.4,R,Zach Agnos,COL,13,TOR,0,RHH,0,Mid,Low,high
4,0,2,0,2,0,0.1,2026-04-06,other,824376,18,home,688642,8,38.5,45.2,48.8,60.3,R,Zach Agnos,COL,5,HOU,0,RHH,0,Low,Low,high
1,2,0,0,0,0,3.1,2026-04-08,save,824374,44,home,688642,6,38.5,45.2,48.8,60.3,R,Zach Agnos,COL,11,HOU,0,RHH,3,Low,Low,high
1,0,3,3,2,0,1.1,2026-04-11,other,823316,39,away,688642,5,40.5,52.4,53.2,63.3,R,Zach Agnos,COL,8,SDP,0,RHH,0,Low,Mid,medium
0,2,0,0,0,0,1,2026-04-14,other,824210,9,away,688642,8,38.5,45.2,48.8,60.3,R,Zach Agnos,COL,3,HOU,0,RHH,0,Low,Low,high
3,4,2,1,2,1,4,2026-04-17,other,824373,46,home,688642,5,68.3,95.7,82.8,78.2,R,Zach Agnos,COL,15,LAD,0,LHH,0,High,High,low
4,3,2,1,2,1,3,2026-04-23,other,824368,67,home,688642,3,40.5,52.4,53.2,63.3,R,Zach Agnos,COL,15,SDP,0,RHH,0,Low,Mid,medium
1,0,0,0,0,0,1,2026-04-26,save,823637,11,away,688642,9,30.6,40,42.5,53.8,R,Zach Agnos,COL,4,NYM,0,LHH,0,Low,Low,high
1,1,3,2,2,0,1.1,2026-05-01,other,824366,25,home,688642,7,51.3,55.8,59,68.1,R,Zach Agnos,COL,7,ATL,0,,0,Mid,Mid,medium
4,1,3,1,3,1,4,2026-05-06,other,824361,59,home,688642,6,30.6,40,42.5,53.8,R,Zach Agnos,COL,18,NYM,2,RHH,2,Low,Low,high
1,1,0,0,0,0,2,2026-05-10,other,823463,28,away,688642,7,32.1,30.7,33.4,37.3,R,Zach Agnos,COL,7,PHI,0,LHH,0,Low,Low,medium
4,1,2,0,2,0,4.1,2026-05-15,other,824360,57,home,688642,4,58.2,31.7,40.5,37.8,R,Zach Agnos,COL,17,ARI,1,,3,Mid,Low,low
6,1,7,1,7,2,2,2026-05-26,other,823949,42,away,688642,5,68.3,95.7,82.8,78.2,R,Zach Agnos,COL,14,LAD,0,,0,High,High,low
7,2,7,1,7,1,1,2026-05-31,other,824354,35,home,688642,5,35.1,17.2,38.2,64.4,R,Zach Agnos,COL,11,SFG,0,LHH,0,Low,Low,medium
5,2,4,2,3,0,2.2,2026-06-12,other,824997,60,away,688642,5,42.3,37.3,48.1,64.7,R,Zach Agnos,COL,16,ATH,0,LHH,1,Low,Low,medium
1,2,0,2,0,0,3,2026-06-17,other,824668,42,away,688642,5,62.9,82.6,69.2,58.4,R,Zach Agnos,COL,10,CHC,0,RHH,0,Mid,High,low
5,1,2,1,2,0,3,2026-06-23,other,824340,41,home,688642,6,43,41.3,32.9,16,R,Zach Agnos,COL,14,BOS,0,RHH,0,Low,Low,medium
3,1,3,1,3,0,0.1,2026-06-27,other,823689,25,away,688642,9,39.7,33.8,47.1,67.6,R,Zach Agnos,COL,5,MIN,0,LHH,0,Low,Low,high
1,1,0,1,0,0,2.1,2026-06-29,other,824339,31,home,688642,7,40.1,39.3,48.6,65.4,R,Zach Agnos,COL,8,MIA,0,RHH,1,Low,Low,medium
1,2,0,0,0,0,2,2026-07-02,other,824335,26,home,688642,8,40.1,39.3,48.6,65.4,R,Zach Agnos,COL,7,MIA,0,RHH,0,Low,Low,high
1,1,0,0,0,0,3,2026-07-06,other,823930,38,away,688642,6,68.3,95.7,82.8,78.2,R,Zach Agnos,COL,10,LAD,0,RHH,0,High,High,medium
1,0,0,1,0,0,2,2026-07-11,other,823198,25,away,688642,7,35.1,17.2,38.2,64.4,R,Zach Agnos,COL,8,SFG,0,,0,Low,Low,medium
1,0,0,0,0,0,1,2026-07-18,other,824331,9,home,688642,9,32.7,40.9,35.4,31,R,Zach Agnos,COL,4,CIN,0,RHH,0,Low,Low,high
7,1,3,0,2,0,2.1,2026-07-22,other,824327,44,home,688642,7,43.7,67,67.7,85.6,R,Zach Agnos,COL,14,WSN,0,LHH,0,Low,High,medium
0,1,0,0,0,0,2,2026-07-29,other,823273,20,away,688642,7,40.5,52.4,53.2,63.3,R,Zach Agnos,COL,6,SDP,0,RHH,0,Low,Mid,high
0,2,0,0,0,0,2,2026-08-05,other,824322,28,home,688642,8,77.8,34.8,51.2,51,R,Zach Agnos,COL,6,TBR,0,LHH,0,High,Mid,high
2,1,0,1,0,0,3,2026-08-10,other,825048,55,away,688642,5,58.2,31.7,40.5,37.8,R,Zach Agnos,COL,12,ARI,0,,0,Mid,Low,low
2,0,1,2,1,1,1.1,2026-03-26,other,823325,36,away,623454,7,40.5,52.4,53.2,63.3,R,Drew Anderson,DET,8,SDP,0,RHH,0,Low,Mid,medium
2,2,2,0,2,0,1,2026-03-31,other,825107,16,away,623454,7,58.2,31.7,40.5,37.8,R,Drew Anderson,DET,5,ARI,0,LHH,0,Mid,Low,medium
1,1,1,0,1,1,1,2026-04-04,other,824295,17,home,623454,5,41,40.4,42.1,44.7,R,Drew Anderson,DET,5,STL,3,RHH,3,Low,Low,medium
2,4,1,2,1,0,3,2026-04-06,other,823728,49,away,623454,5,39.7,33.8,47.1,67.6,R,Drew Anderson,DET,13,MIN,0,,1,Low,Low,medium
0,2,0,2,0,0,3.1,2026-04-11,save,824294,61,home,623454,6,40.1,39.3,48.6,65.4,R,Drew Anderson,DET,12,MIA,0,LHH,2,Low,Low,high
2,0,3,1,3,0,0.1,2026-04-16,hold,824289,12,home,623454,7,57,42.9,50.8,55.5,R,Drew Anderson,DET,4,KCR,1,RHH,1,Mid,Mid,medium
3,1,2,0,2,0,1.1,2026-04-20,other,824776,21,away,623454,7,43,41.3,32.9,16,R,Drew Anderson,DET,7,BOS,0,RHH,2,Low,Low,high
0,2,0,0,0,0,1,2026-04-24,hold,824529,14,away,623454,8,32.7,40.9,35.4,31,R,Drew Anderson,DET,3,CIN,0,RHH,0,Low,Low,high
1,5,1,1,1,1,2.2,2026-04-25,other,824527,42,away,623454,6,32.7,40.9,35.4,31,R,Drew Anderson,DET,9,CIN,0,,3,Low,Low,high
1,2,0,1,0,0,2,2026-04-30,other,824929,31,away,623454,7,51.3,55.8,59,68.1,R,Drew Anderson,DET,8,ATL,0,LHH,0,Mid,Mid,high
2,3,0,0,0,0,2.1,2026-05-02,other,824284,28,home,623454,7,36.6,27.1,36.4,46.9,R,Drew Anderson,DET,9,TEX,0,RHH,1,Low,Low,medium
1,3,0,3,0,0,1.1,2026-05-06,other,824282,39,home,623454,6,43,41.3,32.9,16,R,Drew Anderson,DET,8,BOS,0,,0,Low,Low,low
5,4,3,0,3,0,2,2026-05-10,blown_save,824113,39,away,623454,3,57,42.9,50.8,55.5,R,Drew Anderson,DET,11,KCR,0,,0,Mid,Mid,medium
1,1,1,0,0,0,0.1,2026-05-13,other,823631,8,away,623454,10,30.6,40,42.5,53.8,R,Drew Anderson,DET,2,NYM,0,,0,Low,Low,high
1,1,0,0,0,0,4,2026-05-15,other,824280,46,home,623454,5,54.7,7.6,29.4,36.4,R,Drew Anderson,DET,12,TOR,0,LHH,0,Mid,Low,medium
1,4,0,2,0,0,2,2026-05-24,save,824840,45,away,623454,8,31.6,69.3,61.4,73.6,R,Drew Anderson,DET,9,BAL,0,LHH,0,Low,Mid,high
0,3,0,0,0,0,3,2026-05-27,other,824270,35,home,623454,5,22.6,13.1,27.4,47.2,R,Drew Anderson,DET,9,LAA,0,RHH,0,Low,Low,medium
1,1,2,0,1,1,0.2,2026-05-29,blown_save,824594,10,away,623454,10,32.2,45.8,54.2,79.5,R,Drew Anderson,DET,3,CHW,0,RHH,0,Low,Mid,high
4,0,2,0,2,1,0.2,2026-05-31,blown_save,824592,25,away,623454,7,32.2,45.8,54.2,79.5,R,Drew Anderson,DET,6,CHW,0,LHH,0,Low,Mid,high
0,1,0,0,0,0,1,2026-06-03,other,822973,12,away,623454,9,77.8,34.8,51.2,51,R,Drew Anderson,DET,3,TBR,0,LHH,0,High,Mid,high
2,1,1,0,1,1,2,2026-06-05,hold,824271,24,home,623454,6,43.3,45.2,49.2,57.9,R,Drew Anderson,DET,8,SEA,0,LHH,0,Low,Low,medium
2,2,0,0,0,0,1,2026-06-07,other,824268,16,home,623454,8,43.3,45.2,49.2,57.9,R,Drew Anderson,DET,5,SEA,0,RHH,0,Low,Low,high
0,2,0,1,0,0,0.2,2026-06-09,hold,824267,17,home,623454,6,39.7,33.8,47.1,67.6,R,Drew Anderson,DET,3,MIN,0,,2,Low,Low,high
3,1,1,0,1,0,1,2026-06-12,other,824425,21,away,623454,6,50,36.8,42.8,44.4,R,Drew Anderson,DET,6,CLE,0,LHH,0,Mid,Low,medium
1,3,0,0,0,0,1.1,2026-06-19,other,824264,16,home,623454,6,32.2,45.8,54.2,79.5,R,Drew Anderson,DET,5,CHW,0,RHH,0,Low,Mid,medium
1,2,2,0,2,1,1.1,2026-06-22,other,824261,19,home,623454,7,38.8,75.1,66.4,76,R,Drew Anderson,DET,6,NYY,0,RHH,0,Low,High,medium
2,1,1,1,1,0,0.2,2026-06-27,hold,824257,25,home,623454,7,38.5,45.2,48.8,60.3,R,Drew Anderson,DET,5,HOU,0,RHH,0,Low,Low,high
0,1,0,0,0,0,1,2026-06-29,other,823529,8,away,623454,9,38.8,75.1,66.4,76,R,Drew Anderson,DET,3,NYY,0,LHH,0,Low,High,high
5,1,2,0,2,1,2,2026-07-01,blown_save,823530,32,away,623454,8,38.8,75.1,66.4,76,R,Drew Anderson,DET,10,NYY,0,LHH,0,Low,High,high
1,0,1,0,1,1,1,2026-07-05,other,822879,11,away,623454,8,36.6,27.1,36.4,46.9,R,Drew Anderson,DET,4,TEX,0,,0,Low,Low,high
1,2,1,0,0,0,1,2026-07-07,other,824254,29,home,623454,7,42.3,37.3,48.1,64.7,R,Drew Anderson,DET,7,ATH,0,RHH,0,Low,Low,medium
0,2,0,0,0,0,1.1,2026-07-11,other,824249,19,home,623454,6,32.1,30.7,33.4,37.3,R,Drew Anderson,DET,4,PHI,0,RHH,0,Low,Low,medium
1,1,1,3,1,0,1.1,2026-07-19,other,824007,32,away,623454,4,22.6,13.1,27.4,47.2,R,Drew Anderson,DET,8,LAA,0,,0,Low,Low,medium
1,2,0,0,0,0,1,2026-07-22,hold,824650,16,away,623454,7,62.9,82.6,69.2,58.4,R,Drew Anderson,DET,4,CHC,0,,0,Mid,High,medium
2,1,1,0,1,0,1,2026-07-23,blown_save,824247,18,home,623454,8,57,42.9,50.8,55.5,R,Drew Anderson,DET,5,KCR,0,LHH,0,Mid,Mid,high
1,0,0,0,0,0,1.2,2026-07-27,other,824245,22,home,623454,6,31.6,69.3,61.4,73.6,R,Drew Anderson,DET,5,BAL,0,,1,Low,Mid,medium
1,2,2,1,2,0,1.1,2026-07-29,blown_save,824242,30,home,623454,7,31.6,69.3,61.4,73.6,R,Drew Anderson,DET,7,BAL,0,RHH,1,Low,Mid,high
1,2,0,0,0,0,1.1,2026-08-02,other,824971,22,away,623454,7,42.3,37.3,48.1,64.7,R,Drew Anderson,DET,5,ATH,0,RHH,2,Low,Low,high
0,1,0,0,0,0,0.1,2026-05-28,other,824272,5,home,805427,6,22.6,13.1,27.4,47.2,R,Drew Sommers,DET,1,LAA,0,RHH,0,Low,Low,medium
0,0,0,1,0,0,0.2,2026-06-01,hold,822974,18,away,805427,6,77.8,34.8,51.2,51,R,Drew Sommers,DET,3,TBR,0,LHH,0,High,Mid,medium
0,3,0,0,0,0,1.1,2026-06-06,other,824269,18,home,805427,6,43.3,45.2,49.2,57.9,R,Drew Sommers,DET,4,SEA,0,LHH,0,Low,Low,low
0,1,0,1,0,0,0.2,2026-06-07,other,824268,11,home,805427,6,43.3,45.2,49.2,57.9,R,Drew Sommers,DET,4,SEA,1,,2,Low,Low,high
1,0,0,1,0,0,0.2,2026-06-10,other,824266,17,home,805427,7,39.7,33.8,47.1,67.6,R,Drew Sommers,DET,4,MIN,2,RHH,2,Low,Low,high
1,2,0,0,0,0,1,2026-06-12,other,824425,15,away,805427,5,50,36.8,42.8,44.4,R,Drew Sommers,DET,4,CLE,0,LHH,0,Mid,Low,medium
0,0,0,0,0,0,0.1,2026-06-16,other,824182,1,away,805427,8,38.5,45.2,48.8,60.3,R,Drew Sommers,DET,1,HOU,0,LHH,1,Low,Low,high
0,0,0,0,0,0,0.1,2026-06-17,other,824178,2,away,805427,6,38.5,45.2,48.8,60.3,R,Drew Sommers,DET,1,HOU,0,LHH,2,Low,Low,high
0,3,0,0,0,0,1,2026-06-21,other,824260,17,home,805427,8,32.2,45.8,54.2,79.5,R,Drew Sommers,DET,3,CHW,0,LHH,0,Low,Mid,high
2,0,0,0,0,0,0.1,2026-06-22,hold,824261,6,home,805427,8,38.8,75.1,66.4,76,R,Drew Sommers,DET,3,NYY,0,LHH,0,Low,High,high
0,0,0,0,0,0,0.1,2026-06-27,hold,824257,5,home,805427,7,38.5,45.2,48.8,60.3,R,Drew Sommers,DET,1,HOU,0,LHH,2,Low,Low,high
2,2,3,1,3,1,1,2026-06-29,other,823529,23,away,805427,8,38.8,75.1,66.4,76,R,Drew Sommers,DET,6,NYY,0,RHH,0,Low,High,high
0,1,0,0,0,0,0.2,2026-07-01,hold,823530,9,away,805427,7,38.8,75.1,66.4,76,R,Drew Sommers,DET,2,NYY,0,,0,Low,High,high
0,1,0,0,0,0,0.1,2026-07-05,other,822879,4,away,805427,7,36.6,27.1,36.4,46.9,R,Drew Sommers,DET,1,TEX,0,LHH,0,Low,Low,medium
0,0,0,0,0,0,0.1,2026-07-10,other,824252,3,home,805427,7,32.1,30.7,33.4,37.3,R,Drew Sommers,DET,1,PHI,0,LHH,2,Low,Low,high
1,1,0,1,0,0,0.2,2026-07-12,other,824250,14,home,805427,9,32.1,30.7,33.4,37.3,R,Drew Sommers,DET,4,PHI,0,LHH,0,Low,Low,high
1,1,0,1,0,0,1.1,2026-07-20,other,824654,29,away,805427,5,62.9,82.6,69.2,58.4,R,Drew Sommers,DET,5,CHC,0,RHH,0,Mid,High,medium
0,0,0,0,0,0,0.2,2026-07-22,hold,824650,6,away,805427,6,62.9,82.6,69.2,58.4,R,Drew Sommers,DET,1,CHC,0,LHH,1,Mid,High,medium
1,1,0,1,0,0,0.1,2026-07-23,hold,824247,11,home,805427,9,57,42.9,50.8,55.5,R,Drew Sommers,DET,3,KCR,0,LHH,0,Mid,Mid,high
2,2,2,0,2,1,1.1,2026-07-26,blown_save,824246,22,home,805427,7,57,42.9,50.8,55.5,R,Drew Sommers,DET,6,KCR,0,LHH,0,Mid,Mid,high
2,2,1,0,0,0,1,2026-07-29,other,824242,20,home,805427,11,31.6,69.3,61.4,73.6,R,Drew Sommers,DET,5,BAL,1,,1,Low,Mid,high
0,3,0,0,0,0,2,2026-07-31,hold,824975,15,away,805427,6,42.3,37.3,48.1,64.7,R,Drew Sommers,DET,6,ATH,0,LHH,0,Low,Low,medium
0,1,0,0,0,0,0.1,2026-08-05,other,823106,4,away,805427,6,43.3,45.2,49.2,57.9,R,Drew Sommers,DET,1,SEA,0,LHH,0,Low,Low,medium
0,2,0,0,0,0,1,2026-08-07,other,823191,14,away,805427,7,35.1,17.2,38.2,64.4,R,Drew Sommers,DET,3,SFG,0,LHH,0,Low,Low,medium
2,2,0,1,0,0,1.1,2026-08-09,other,823190,23,away,805427,7,35.1,17.2,38.2,64.4,R,Drew Sommers,DET,6,SFG,0,LHH,1,Low,Low,high
1,1,1,1,0,0,0.2,2026-08-11,hold,824240,18,home,805427,7,50,36.8,42.8,44.4,R,Drew Sommers,DET,4,CLE,0,,0,Mid,Low,medium
1,2,0,0,0,0,1,2026-03-27,other,823324,13,away,646241,7,40.5,52.4,53.2,63.3,R,Enmanuel De Jesus,DET,4,SDP,0,RHH,0,Low,Mid,high
3,1,3,2,3,0,1,2026-03-30,other,825108,38,away,646241,4,58.2,31.7,40.5,37.8,R,Enmanuel De Jesus,DET,9,ARI,0,LHH,1,Mid,Low,low
2,3,2,0,1,0,2.2,2026-04-05,other,824296,38,home,646241,5,41,40.4,42.1,44.7,R,Enmanuel De Jesus,DET,11,STL,2,LHH,2,Low,Low,medium
1,1,0,2,0,0,1,2026-04-08,other,823726,21,away,646241,6,39.7,33.8,47.1,67.6,R,Enmanuel De Jesus,DET,5,MIN,1,RHH,2,Low,Low,high
2,1,0,0,0,0,1,2026-04-16,other,824289,19,home,646241,7,57,42.9,50.8,55.5,R,Enmanuel De Jesus,DET,5,KCR,0,,0,Mid,Mid,high
7,1,7,2,5,0,1.1,2026-04-21,other,824290,49,home,646241,6,67.4,75.3,66.3,55.3,R,Enmanuel De Jesus,DET,13,MIL,0,LHH,0,High,High,medium
0,1,0,1,0,0,1.1,2026-05-01,other,824287,17,home,646241,4,36.6,27.1,36.4,46.9,R,Enmanuel De Jesus,DET,4,TEX,0,LHH,1,Low,Low,low
3,2,1,1,1,0,1.1,2026-05-04,other,824283,32,home,646241,7,43,41.3,32.9,16,R,Enmanuel De Jesus,DET,8,BOS,1,,1,Low,Low,high
0,2,0,0,0,0,1,2026-05-05,other,824281,14,home,646241,9,43,41.3,32.9,16,R,Enmanuel De Jesus,DET,3,BOS,0,RHH,0,Low,Low,high
0,1,0,0,0,0,2.1,2026-05-10,other,824113,22,away,646241,5,57,42.9,50.8,55.5,R,Enmanuel De Jesus,DET,7,KCR,0,LHH,0,Mid,Mid,medium
2,1,2,0,2,0,1.1,2026-05-12,other,823632,14,away,646241,6,30.6,40,42.5,53.8,R,Enmanuel De Jesus,DET,6,NYM,1,,2,Low,Low,high
1,0,1,1,1,0,0.2,2026-05-14,other,823630,19,away,646241,6,30.6,40,42.5,53.8,R,Enmanuel De Jesus,DET,5,NYM,0,LHH,0,Low,Low,medium
1,0,0,1,0,0,1.2,2026-05-17,other,824279,29,home,646241,8,54.7,7.6,29.4,36.4,R,Enmanuel De Jesus,DET,7,TOR,0,RHH,0,Mid,Low,high
1,2,1,1,1,1,1,2026-05-18,other,824277,26,home,646241,9,50,36.8,42.8,44.4,R,Enmanuel De Jesus,DET,5,CLE,0,RHH,0,Mid,Low,high
0,2,0,0,0,0,1.2,2026-05-21,other,824274,25,home,646241,8,50,36.8,42.8,44.4,R,Enmanuel De Jesus,DET,5,CLE,0,,2,Mid,Low,high
1,1,0,0,0,0,1,2026-05-22,other,824842,16,away,646241,8,31.6,69.3,61.4,73.6,R,Enmanuel De Jesus,DET,4,BAL,0,,0,Low,Mid,high
0,4,0,0,0,0,4,2026-06-02,save,822971,35,away,646241,6,77.8,34.8,51.2,51,R,Enmanuel De Jesus,DET,11,TBR,0,,1,High,Mid,medium
0,0,0,1,0,0,1,2026-06-09,other,824267,15,home,646241,9,39.7,33.8,47.1,67.6,R,Enmanuel De Jesus,DET,4,MIN,0,RHH,0,Low,Low,high
0,1,0,0,0,0,1,2026-06-15,other,824181,7,away,646241,9,38.5,45.2,48.8,60.3,R,Enmanuel De Jesus,DET,3,HOU,0,RHH,0,Low,Low,high
0,1,0,0,0,0,1,2026-06-23,other,824262,14,home,646241,9,38.8,75.1,66.4,76,R,Enmanuel De Jesus,DET,3,NYY,0,LHH,0,Low,High,high
2,2,0,0,0,0,1.1,2026-06-24,other,824259,19,home,646241,8,38.8,75.1,66.4,76,R,Enmanuel De Jesus,DET,5,NYY,0,LHH,1,Low,High,high
0,2,0,1,0,0,2,2026-06-26,other,824255,27,home,646241,8,38.5,45.2,48.8,60.3,R,Enmanuel De Jesus,DET,7,HOU,0,RHH,0,Low,Low,high
0,1,0,0,0,0,2,2026-07-31,other,824975,21,away,646241,8,42.3,37.3,48.1,64.7,R,Enmanuel De Jesus,DET,6,ATH,0,RHH,0,Low,Low,high
2,3,0,0,0,0,1,2026-08-02,other,824971,19,away,646241,9,42.3,37.3,48.1,64.7,R,Enmanuel De Jesus,DET,5,ATH,0,RHH,0,Low,Low,high
2,1,1,0,1,1,2,2026-08-05,other,823106,29,away,646241,7,43.3,45.2,49.2,57.9,R,Enmanuel De Jesus,DET,8,SEA,0,RHH,0,Low,Low,medium
0,1,0,0,0,0,1,2026-08-07,other,823191,12,away,646241,8,35.1,17.2,38.2,64.4,R,Enmanuel De Jesus,DET,3,SFG,0,LHH,0,Low,Low,high
3,1,1,0,1,0,1,2026-08-12,other,824241,20,home,646241,7,50,36.8,42.8,44.4,R,Enmanuel De Jesus,DET,6,CLE,1,RHH,1,Mid,Low,high
1,1,0,1,0,0,1,2026-06-12,other,824425,20,away,621097,4,50,36.8,42.8,44.4,R,Jacob Waguespack,DET,5,CLE,0,LHH,0,Mid,Low,medium
2,1,2,0,2,2,1.1,2026-06-15,other,824181,13,away,621097,3,38.5,45.2,48.8,60.3,R,Jacob Waguespack,DET,6,HOU,1,RHH,1,Low,Low,medium
0,1,0,0,0,0,2,2026-06-17,other,824178,20,away,621097,7,38.5,45.2,48.8,60.3,R,Jacob Waguespack,DET,6,HOU,0,RHH,0,Low,Low,medium
0,2,0,0,0,0,1.2,2026-06-24,other,824259,20,home,621097,7,38.8,75.1,66.4,76,R,Jacob Waguespack,DET,6,NYY,0,RHH,0,Low,High,high
1,0,0,1,0,0,1,2026-06-27,other,824257,14,home,621097,9,38.5,45.2,48.8,60.3,R,Jacob Waguespack,DET,5,HOU,0,RHH,0,Low,Low,high
0,0,0,0,0,0,0.2,2026-06-28,other,824256,5,home,621097,10,38.5,45.2,48.8,60.3,R,Jacob Waguespack,DET,2,HOU,0,RHH,0,Low,Low,high
1,2,0,0,0,0,2,2026-06-30,other,823528,35,away,621097,7,38.8,75.1,66.4,76,R,Jacob Waguespack,DET,7,NYY,0,,0,Low,High,medium
0,1,0,0,0,0,2,2026-07-07,other,824254,23,home,621097,8,42.3,37.3,48.1,64.7,R,Jacob Waguespack,DET,6,ATH,0,RHH,0,Low,Low,high
1,0,0,0,0,0,0.2,2026-07-10,other,824252,16,home,621097,7,32.1,30.7,33.4,37.3,R,Jacob Waguespack,DET,4,PHI,0,,0,Low,Low,medium
1,1,0,2,0,0,0.2,2026-07-18,other,824008,23,away,621097,8,22.6,13.1,27.4,47.2,R,Jacob Waguespack,DET,5,LAA,0,RHH,0,Low,Low,high
1,1,0,0,0,0,1.1,2026-07-20,hold,824654,15,away,621097,6,62.9,82.6,69.2,58.4,R,Jacob Waguespack,DET,5,CHC,0,RHH,0,Mid,High,medium
0,0,0,0,0,0,0.1,2026-07-23,other,824247,4,home,621097,7,57,42.9,50.8,55.5,R,Jacob Waguespack,DET,1,KCR,0,RHH,0,Mid,Mid,high
1,1,1,0,1,1,1.2,2026-07-25,other,824244,24,home,621097,8,57,42.9,50.8,55.5,R,Jacob Waguespack,DET,7,KCR,0,RHH,1,Mid,Mid,high
0,2,0,2,0,0,2,2026-07-27,other,824245,35,home,621097,8,31.6,69.3,61.4,73.6,R,Jacob Waguespack,DET,7,BAL,0,,0,Low,Mid,high
0,0,2,1,1,0,1.2,2026-07-29,other,824242,15,home,621097,10,31.6,69.3,61.4,73.6,R,Jacob Waguespack,DET,5,BAL,0,,0,Low,Mid,high
1,1,0,0,0,0,0.2,2026-08-01,hold,824972,9,away,621097,8,42.3,37.3,48.1,64.7,R,Jacob Waguespack,DET,3,ATH,0,LHH,1,Low,Low,high
0,1,0,1,0,0,1,2026-08-04,other,823108,11,away,621097,8,43.3,45.2,49.2,57.9,R,Jacob Waguespack,DET,4,SEA,0,,0,Low,Low,high
2,0,0,1,0,0,2,2026-08-11,other,824240,25,home,621097,5,50,36.8,42.8,44.4,R,Jacob Waguespack,DET,9,CLE,0,LHH,0,Mid,Low,medium
2,2,2,0,1,0,1.1,2026-06-16,other,824182,30,away,672456,7,38.5,45.2,48.8,60.3,R,Keider Montero,DET,7,HOU,0,RHH,0,Low,Low,high
0,3,0,1,0,0,2,2026-07-01,other,823530,23,away,672456,10,38.8,75.1,66.4,76,R,Keider Montero,DET,7,NYY,0,,0,Low,High,high
0,0,0,1,0,0,3,2026-07-04,save,822882,36,away,672456,7,36.6,27.1,36.4,46.9,R,Keider Montero,DET,10,TEX,0,,0,Low,Low,medium
2,1,0,1,0,0,1.2,2026-07-08,other,824253,32,home,672456,6,42.3,37.3,48.1,64.7,R,Keider Montero,DET,8,ATH,0,RHH,1,Low,Low,medium
4,5,3,1,3,0,3,2026-07-12,other,824250,58,home,672456,6,32.1,30.7,33.4,37.3,R,Keider Montero,DET,14,PHI,1,RHH,1,Low,Low,medium
1,5,0,0,0,0,3.1,2026-07-17,other,824009,43,away,672456,6,22.6,13.1,27.4,47.2,R,Keider Montero,DET,12,LAA,0,RHH,0,Low,Low,medium
0,3,0,0,0,0,1,2026-03-27,save,823324,11,away,445276,9,40.5,52.4,53.2,63.3,R,Kenley Jansen,DET,3,SDP,0,LHH,0,Low,Mid,high
1,1,1,0,1,1,0.1,2026-03-31,blown_save,825107,8,away,445276,8,58.2,31.7,40.5,37.8,R,Kenley Jansen,DET,2,ARI,2,,2,Mid,Low,high
0,1,0,1,0,0,0.1,2026-04-04,other,824295,8,home,445276,9,41,40.4,42.1,44.7,R,Kenley Jansen,DET,2,STL,0,LHH,0,Low,Low,high
0,1,0,0,0,0,1,2026-04-10,save,824297,12,home,445276,9,40.1,39.3,48.6,65.4,R,Kenley Jansen,DET,3,MIA,0,LHH,0,Low,Low,high
1,0,0,0,0,0,1,2026-04-14,save,824292,15,home,445276,9,57,42.9,50.8,55.5,R,Kenley Jansen,DET,4,KCR,0,RHH,0,Mid,Mid,high
1,1,0,0,0,0,1,2026-04-15,save,824291,20,home,445276,9,57,42.9,50.8,55.5,R,Kenley Jansen,DET,4,KCR,0,,0,Mid,Mid,high
1,0,0,0,0,0,1,2026-04-18,save,824775,14,away,445276,9,43,41.3,32.9,16,R,Kenley Jansen,DET,4,BOS,0,RHH,0,Low,Low,high
1,1,0,2,0,0,1,2026-04-22,save,824286,36,home,445276,9,67.4,75.3,66.3,55.3,R,Kenley Jansen,DET,6,MIL,0,LHH,0,High,High,high
2,1,2,0,2,1,0.2,2026-04-24,blown_save,824529,14,away,445276,9,32.7,40.9,35.4,31,R,Kenley Jansen,DET,4,CIN,0,,0,Low,Low,high
0,1,0,1,0,0,1,2026-05-04,other,824283,10,home,445276,9,43,41.3,32.9,16,R,Kenley Jansen,DET,3,BOS,0,RHH,0,Low,Low,high
0,2,0,0,0,0,1,2026-05-10,save,824113,12,away,445276,9,57,42.9,50.8,55.5,R,Kenley Jansen,DET,3,KCR,0,RHH,0,Mid,Mid,high
0,3,0,0,0,0,1,2026-05-13,other,823631,14,away,445276,9,30.6,40,42.5,53.8,R,Kenley Jansen,DET,3,NYM,0,LHH,0,Low,Low,high
0,2,0,0,0,0,1,2026-05-15,other,824280,16,home,445276,9,54.7,7.6,29.4,36.4,R,Kenley Jansen,DET,3,TOR,0,RHH,0,Mid,Low,high
0,1,0,0,0,0,1,2026-05-16,other,824278,12,home,445276,9,54.7,7.6,29.4,36.4,R,Kenley Jansen,DET,3,TOR,0,RHH,0,Mid,Low,high
0,1,0,1,0,0,1,2026-05-20,hold,824273,18,home,445276,8,50,36.8,42.8,44.4,R,Kenley Jansen,DET,4,CLE,0,LHH,0,Mid,Low,high
1,0,3,2,3,1,1,2026-05-24,blown_save,824839,24,away,445276,8,31.6,69.3,61.4,73.6,R,Kenley Jansen,DET,6,BAL,0,RHH,2,Low,Mid,high
0,0,0,1,0,0,0.2,2026-05-27,other,824270,9,home,445276,9,22.6,13.1,27.4,47.2,R,Kenley Jansen,DET,3,LAA,0,RHH,0,Low,Low,high
0,2,0,0,0,0,1,2026-06-13,other,824426,9,away,445276,8,50,36.8,42.8,44.4,R,Kenley Jansen,DET,3,CLE,0,RHH,0,Mid,Low,high
0,1,0,0,0,0,1,2026-06-19,save,824264,10,home,445276,9,32.2,45.8,54.2,79.5,R,Kenley Jansen,DET,3,CHW,0,LHH,0,Low,Mid,high
1,0,0,1,0,0,1,2026-06-20,save,824263,10,home,445276,9,32.2,45.8,54.2,79.5,R,Kenley Jansen,DET,5,CHW,0,RHH,0,Low,Mid,high
2,0,1,0,1,0,1,2026-06-25,other,824258,15,home,445276,9,38.5,45.2,48.8,60.3,R,Kenley Jansen,DET,5,HOU,0,RHH,0,Low,Low,high
2,1,4,1,3,1,1.1,2026-06-28,other,824256,28,home,445276,9,38.5,45.2,48.8,60.3,R,Kenley Jansen,DET,7,HOU,0,RHH,0,Low,Low,high
0,0,0,1,0,0,0.1,2026-07-02,other,822884,9,away,445276,7,36.6,27.1,36.4,46.9,R,Kenley Jansen,DET,2,TEX,0,RHH,2,Low,Low,high
0,0,0,0,0,0,1,2026-07-05,save,822879,8,away,445276,9,36.6,27.1,36.4,46.9,R,Kenley Jansen,DET,3,TEX,0,LHH,0,Low,Low,high
1,1,0,1,0,0,1,2026-07-09,save,824251,19,home,445276,9,42.3,37.3,48.1,64.7,R,Kenley Jansen,DET,5,ATH,0,LHH,0,Low,Low,high
1,1,0,0,0,0,1,2026-07-11,other,824249,13,home,445276,9,32.1,30.7,33.4,37.3,R,Kenley Jansen,DET,4,PHI,0,,0,Low,Low,high
0,2,0,1,0,0,1,2026-07-19,other,824007,19,away,445276,8,22.6,13.1,27.4,47.2,R,Kenley Jansen,DET,4,LAA,0,,0,Low,Low,high
1,2,0,2,0,0,1,2026-07-20,other,824654,28,away,445276,9,62.9,82.6,69.2,58.4,R,Kenley Jansen,DET,6,CHC,0,,0,Mid,High,high
0,1,0,1,0,0,1,2026-07-22,other,824650,19,away,445276,9,62.9,82.6,69.2,58.4,R,Kenley Jansen,DET,4,CHC,0,,0,Mid,High,high
0,1,0,0,0,0,1,2026-07-24,save,824248,8,home,445276,9,57,42.9,50.8,55.5,R,Kenley Jansen,DET,3,KCR,0,LHH,0,Mid,Mid,high
0,1,0,1,0,0,1,2026-07-29,other,824242,18,home,445276,9,31.6,69.3,61.4,73.6,R,Kenley Jansen,DET,4,BAL,0,,0,Low,Mid,high
2,2,1,0,1,0,1,2026-08-01,save,824972,20,away,445276,9,42.3,37.3,48.1,64.7,R,Kenley Jansen,DET,5,ATH,0,LHH,0,Low,Low,high
0,3,0,0,0,0,1,2026-08-09,other,823190,15,away,445276,9,35.1,17.2,38.2,64.4,R,Kenley Jansen,DET,3,SFG,0,LHH,0,Low,Low,high
1,0,1,2,1,0,1,2026-08-11,save,824240,29,home,445276,9,50,36.8,42.8,44.4,R,Kenley Jansen,DET,6,CLE,0,LHH,0,Mid,Low,high
0,2,0,1,0,0,1,2026-03-27,hold,823324,20,away,640448,8,40.5,52.4,53.2,63.3,R,Kyle Finnegan,DET,4,SDP,0,RHH,0,Low,Mid,high
0,0,0,0,0,0,0.1,2026-03-30,other,825108,5,away,640448,7,58.2,31.7,40.5,37.8,R,Kyle Finnegan,DET,1,ARI,0,LHH,1,Mid,Low,medium
0,0,0,2,0,0,1,2026-04-01,other,825106,20,away,640448,8,58.2,31.7,40.5,37.8,R,Kyle Finnegan,DET,5,ARI,0,LHH,0,Mid,Low,high
1,1,0,1,0,0,1,2026-04-03,other,824299,16,home,640448,8,41,40.4,42.1,44.7,R,Kyle Finnegan,DET,5,STL,0,RHH,0,Low,Low,high
0,0,0,2,0,0,1,2026-04-08,other,823726,16,away,640448,7,39.7,33.8,47.1,67.6,R,Kyle Finnegan,DET,4,MIN,0,,0,Low,Low,high
0,0,0,1,0,0,1,2026-04-10,hold,824297,12,home,640448,8,40.1,39.3,48.6,65.4,R,Kyle Finnegan,DET,3,MIA,0,RHH,0,Low,Low,high
2,0,0,0,0,0,1.1,2026-04-12,other,824293,14,home,640448,7,40.1,39.3,48.6,65.4,R,Kyle Finnegan,DET,5,MIA,0,LHH,1,Low,Low,medium
1,0,0,0,0,0,1.1,2026-04-15,other,824291,16,home,640448,7,57,42.9,50.8,55.5,R,Kyle Finnegan,DET,5,KCR,0,RHH,2,Mid,Mid,high
0,0,0,1,0,0,1,2026-04-17,other,824778,21,away,640448,7,43,41.3,32.9,16,R,Kyle Finnegan,DET,4,BOS,0,RHH,1,Low,Low,high
1,1,0,0,0,0,1,2026-04-19,other,824777,19,away,640448,7,43,41.3,32.9,16,R,Kyle Finnegan,DET,4,BOS,0,RHH,0,Low,Low,medium
0,1,0,0,0,0,1,2026-04-22,hold,824286,7,home,640448,7,67.4,75.3,66.3,55.3,R,Kyle Finnegan,DET,3,MIL,0,LHH,1,High,High,medium
2,4,1,0,1,1,1.2,2026-04-24,other,824529,28,away,640448,5,32.7,40.9,35.4,31,R,Kyle Finnegan,DET,6,CIN,0,RHH,1,Low,Low,medium
1,1,0,0,0,0,1,2026-04-26,other,824528,16,away,640448,8,32.7,40.9,35.4,31,R,Kyle Finnegan,DET,4,CIN,0,,0,Low,Low,high
0,1,0,2,0,0,1,2026-04-29,hold,824930,29,away,640448,8,51.3,55.8,59,68.1,R,Kyle Finnegan,DET,5,ATL,0,LHH,0,Mid,Mid,high
1,1,0,0,0,0,1,2026-04-30,save,824929,17,away,640448,9,51.3,55.8,59,68.1,R,Kyle Finnegan,DET,4,ATL,0,LHH,0,Mid,Mid,high
1,1,0,0,0,0,1,2026-05-03,other,824285,10,home,640448,8,36.6,27.1,36.4,46.9,R,Kyle Finnegan,DET,4,TEX,0,,0,Low,Low,high
0,0,0,2,0,0,1,2026-05-06,other,824282,14,home,640448,8,43,41.3,32.9,16,R,Kyle Finnegan,DET,4,BOS,0,,0,Low,Low,high
1,0,0,2,0,0,1.2,2026-05-10,hold,824113,19,away,640448,7,57,42.9,50.8,55.5,R,Kyle Finnegan,DET,6,KCR,0,RHH,0,Mid,Mid,medium
1,1,0,0,0,0,1.1,2026-05-13,blown_save,823631,16,away,640448,7,30.6,40,42.5,53.8,R,Kyle Finnegan,DET,4,NYM,1,,2,Low,Low,high
1,0,1,1,1,1,1,2026-05-16,blown_save,824278,13,home,640448,7,54.7,7.6,29.4,36.4,R,Kyle Finnegan,DET,5,TOR,0,LHH,0,Mid,Low,high
2,1,0,0,0,0,1,2026-05-20,other,824273,12,home,640448,5,50,36.8,42.8,44.4,R,Kyle Finnegan,DET,5,CLE,0,LHH,2,Mid,Low,medium
1,0,0,2,0,0,1.1,2026-05-22,other,824842,26,away,640448,6,31.6,69.3,61.4,73.6,R,Kyle Finnegan,DET,6,BAL,0,LHH,1,Low,Mid,medium
2,0,1,1,1,0,0.2,2026-05-24,hold,824839,21,away,640448,8,31.6,69.3,61.4,73.6,R,Kyle Finnegan,DET,5,BAL,0,LHH,0,Low,Mid,high
0,0,0,0,0,0,1,2026-05-27,other,824270,16,home,640448,8,22.6,13.1,27.4,47.2,R,Kyle Finnegan,DET,3,LAA,0,RHH,0,Low,Low,high
2,0,1,0,1,0,1,2026-05-29,blown_save,824594,13,away,640448,9,32.2,45.8,54.2,79.5,R,Kyle Finnegan,DET,5,CHW,0,LHH,0,Low,Mid,high
1,1,0,0,0,0,1.1,2026-06-01,hold,822974,19,away,640448,6,77.8,34.8,51.2,51,R,Kyle Finnegan,DET,4,TBR,0,RHH,1,High,Mid,medium
0,1,0,0,0,0,0.2,2026-06-05,hold,824271,6,home,640448,8,43.3,45.2,49.2,57.9,R,Kyle Finnegan,DET,2,SEA,0,LHH,2,Low,Low,high
1,0,1,1,1,0,1,2026-06-07,other,824268,17,home,640448,6,43.3,45.2,49.2,57.9,R,Kyle Finnegan,DET,5,SEA,0,RHH,3,Low,Low,high
0,3,0,1,0,0,1.2,2026-06-09,hold,824267,22,home,640448,7,39.7,33.8,47.1,67.6,R,Kyle Finnegan,DET,6,MIN,0,,3,Low,Low,high
2,0,0,0,0,0,1.1,2026-06-13,other,824426,15,away,640448,5,50,36.8,42.8,44.4,R,Kyle Finnegan,DET,6,CLE,0,RHH,0,Mid,Low,medium
1,1,0,1,0,0,1,2026-06-15,other,824181,23,away,640448,5,38.5,45.2,48.8,60.3,R,Kyle Finnegan,DET,5,HOU,0,RHH,0,Low,Low,medium
3,0,1,2,1,0,1,2026-06-17,other,824178,26,away,640448,5,38.5,45.2,48.8,60.3,R,Kyle Finnegan,DET,7,HOU,1,RHH,1,Low,Low,medium
0,1,0,0,0,0,1,2026-06-21,other,824260,13,home,640448,9,32.2,45.8,54.2,79.5,R,Kyle Finnegan,DET,3,CHW,0,LHH,0,Low,Mid,high
0,4,0,0,0,0,1.1,2026-06-23,other,824262,18,home,640448,7,38.8,75.1,66.4,76,R,Kyle Finnegan,DET,4,NYY,0,RHH,1,Low,High,high
0,1,0,0,0,0,1,2026-06-25,other,824258,13,home,640448,7,38.5,45.2,48.8,60.3,R,Kyle Finnegan,DET,3,HOU,0,RHH,0,Low,Low,high
2,3,1,1,1,1,1.1,2026-06-28,blown_save,824256,27,home,640448,7,38.5,45.2,48.8,60.3,R,Kyle Finnegan,DET,7,HOU,0,,0,Low,Low,high
3,1,1,0,1,1,1,2026-07-02,other,822884,19,away,640448,8,36.6,27.1,36.4,46.9,R,Kyle Finnegan,DET,6,TEX,0,,0,Low,Low,high
1,0,0,0,0,0,1,2026-07-07,hold,824254,10,home,640448,6,42.3,37.3,48.1,64.7,R,Kyle Finnegan,DET,3,ATH,0,RHH,0,Low,Low,medium
1,1,0,0,0,0,1,2026-07-09,hold,824251,10,home,640448,8,42.3,37.3,48.1,64.7,R,Kyle Finnegan,DET,3,ATH,0,LHH,0,Low,Low,high
0,0,0,0,0,0,0.1,2026-07-18,other,824008,2,away,640448,8,22.6,13.1,27.4,47.2,R,Kyle Finnegan,DET,1,LAA,0,RHH,3,Low,Low,high
2,2,2,0,2,1,1.1,2026-07-20,blown_save,824654,26,away,640448,7,62.9,82.6,69.2,58.4,R,Kyle Finnegan,DET,6,CHC,0,RHH,0,Mid,High,high
0,1,0,0,0,0,1,2026-07-22,hold,824650,14,away,640448,8,62.9,82.6,69.2,58.4,R,Kyle Finnegan,DET,4,CHC,0,RHH,0,Mid,High,high
0,0,0,0,0,0,0.2,2026-07-23,save,824247,2,home,640448,9,57,42.9,50.8,55.5,R,Kyle Finnegan,DET,1,KCR,0,RHH,2,Mid,Mid,high
2,1,1,0,1,1,0.1,2026-07-25,blown_save,824244,7,home,640448,7,57,42.9,50.8,55.5,R,Kyle Finnegan,DET,3,KCR,0,RHH,0,Mid,Mid,high
3,0,3,1,3,1,0.1,2026-08-01,other,824972,20,away,640448,8,42.3,37.3,48.1,64.7,R,Kyle Finnegan,DET,5,ATH,0,RHH,0,Low,Low,high
1,0,0,0,0,0,1,2026-08-06,other,823105,5,away,640448,8,43.3,45.2,49.2,57.9,R,Kyle Finnegan,DET,3,SEA,0,LHH,0,Low,Low,high
0,1,0,0,0,0,0.2,2026-08-09,blown_save,823190,18,away,640448,7,35.1,17.2,38.2,64.4,R,Kyle Finnegan,DET,3,SFG,1,LHH,1,Low,Low,high
1,0,1,1,1,1,1,2026-08-11,hold,824240,28,home,640448,7,50,36.8,42.8,44.4,R,Kyle Finnegan,DET,5,CLE,0,RHH,1,Mid,Low,high
0,1,0,2,0,0,1.2,2026-08-12,other,824241,24,home,663432,8,50,36.8,42.8,44.4,R,Tanner Rainey,DET,7,CLE,0,LHH,1,Mid,Low,high
4,7,0,0,0,0,5,2026-05-04,other,824283,81,home,680744,2,43,41.3,32.9,16,R,Ty Madden,DET,20,BOS,0,RHH,0,Low,Low,medium
2,5,3,2,3,1,6,2026-05-09,other,824115,87,away,680744,3,57,42.9,50.8,55.5,R,Ty Madden,DET,21,KCR,0,RHH,0,Mid,Mid,medium
1,0,0,0,0,0,0.1,2026-05-15,other,824280,7,home,680744,2,54.7,7.6,29.4,36.4,R,Ty Madden,DET,2,TOR,0,RHH,2,Mid,Low,medium
4,3,0,0,0,0,2.2,2026-06-06,other,824269,39,home,680744,7,43.3,45.2,49.2,57.9,R,Ty Madden,DET,13,SEA,0,,0,Low,Low,medium
1,1,2,1,2,0,0.2,2026-06-10,other,824266,21,home,680744,7,39.7,33.8,47.1,67.6,R,Ty Madden,DET,4,MIN,0,RHH,0,Low,Low,high
1,3,0,0,0,0,2,2026-06-12,other,824425,29,away,680744,7,50,36.8,42.8,44.4,R,Ty Madden,DET,7,CLE,0,LHH,0,Mid,Low,high
1,5,1,4,1,0,3.1,2026-07-21,other,824652,75,away,680744,1,62.9,82.6,69.2,58.4,R,Ty Madden,DET,15,CHC,1,RHH,3,Mid,High,low
0,1,0,1,0,0,1.2,2026-07-26,hold,824246,30,home,680744,6,57,42.9,50.8,55.5,R,Ty Madden,DET,6,KCR,0,LHH,0,Mid,Mid,medium
0,2,0,0,0,0,2,2026-07-28,other,824243,27,home,680744,8,31.6,69.3,61.4,73.6,R,Ty Madden,DET,6,BAL,0,RHH,0,Low,Mid,high
2,2,0,2,0,0,3,2026-07-31,other,824975,56,away,680744,3,42.3,37.3,48.1,64.7,R,Ty Madden,DET,13,ATH,0,LHH,0,Low,Low,medium
1,1,0,0,0,0,2,2026-08-08,other,823188,27,away,680744,8,35.1,17.2,38.2,64.4,R,Ty Madden,DET,7,SFG,0,RHH,0,Low,Low,high
1,0,1,0,1,0,0.2,2026-08-12,other,824241,17,home,680744,6,50,36.8,42.8,44.4,R,Ty Madden,DET,3,CLE,0,LHH,2,Mid,Low,high
0,0,0,1,0,0,0.2,2026-03-26,other,823325,11,away,663947,8,40.5,52.4,53.2,63.3,R,Tyler Holton,DET,3,SDP,0,RHH,2,Low,Mid,high
0,1,0,2,0,0,1,2026-03-30,other,825108,19,away,663947,8,58.2,31.7,40.5,37.8,R,Tyler Holton,DET,5,ARI,0,RHH,0,Mid,Low,high
0,1,0,0,0,0,1,2026-04-03,other,824299,7,home,663947,9,41,40.4,42.1,44.7,R,Tyler Holton,DET,3,STL,0,LHH,0,Low,Low,high
1,0,0,0,0,0,1,2026-04-04,hold,824295,19,home,663947,8,41,40.4,42.1,44.7,R,Tyler Holton,DET,4,STL,0,RHH,0,Low,Low,high
0,1,0,0,0,0,1.1,2026-04-07,other,823727,16,away,663947,5,39.7,33.8,47.1,67.6,R,Tyler Holton,DET,4,MIN,0,LHH,1,Low,Low,low
1,2,0,1,0,0,1.1,2026-04-09,other,823724,24,away,663947,6,39.7,33.8,47.1,67.6,R,Tyler Holton,DET,6,MIN,0,LHH,2,Low,Low,high
2,0,0,0,0,0,0.2,2026-04-15,other,824291,14,home,663947,7,57,42.9,50.8,55.5,R,Tyler Holton,DET,4,KCR,0,,0,Mid,Mid,high
1,0,1,0,1,1,0.1,2026-04-16,blown_save,824289,13,home,663947,7,57,42.9,50.8,55.5,R,Tyler Holton,DET,2,KCR,2,,2,Mid,Mid,high
0,2,0,0,0,0,2,2026-04-18,hold,824775,28,away,663947,7,43,41.3,32.9,16,R,Tyler Holton,DET,6,BOS,0,RHH,0,Low,Low,medium
4,1,3,2,3,0,0.2,2026-04-20,other,824776,26,away,663947,7,43,41.3,32.9,16,R,Tyler Holton,DET,7,BOS,0,RHH,0,Low,Low,high
2,0,0,1,0,0,1,2026-04-23,other,824288,18,home,663947,7,67.4,75.3,66.3,55.3,R,Tyler Holton,DET,5,MIL,1,RHH,1,High,High,high
2,0,2,1,2,0,1,2026-04-25,other,824527,28,away,663947,5,32.7,40.9,35.4,31,R,Tyler Holton,DET,6,CIN,0,RHH,0,Low,Low,low
4,1,2,0,2,1,1,2026-04-28,other,824931,20,away,663947,8,51.3,55.8,59,68.1,R,Tyler Holton,DET,7,ATL,0,RHH,0,Mid,Mid,high
0,1,0,0,0,0,1,2026-05-08,hold,824116,14,away,663947,7,57,42.9,50.8,55.5,R,Tyler Holton,DET,3,KCR,0,LHH,0,Mid,Mid,high
1,0,0,0,0,0,1.2,2026-05-09,other,824115,13,away,663947,1,57,42.9,50.8,55.5,R,Tyler Holton,DET,5,KCR,0,LHH,1,Mid,Mid,medium
0,3,0,0,0,0,1.1,2026-05-12,other,823632,19,away,663947,4,30.6,40,42.5,53.8,R,Tyler Holton,DET,4,NYM,0,LHH,1,Low,Low,medium
2,0,2,0,2,1,0.1,2026-05-14,other,823630,7,away,663947,5,30.6,40,42.5,53.8,R,Tyler Holton,DET,3,NYM,1,RHH,1,Low,Low,medium
2,0,1,0,0,0,1,2026-05-16,other,824278,11,home,663947,10,54.7,7.6,29.4,36.4,R,Tyler Holton,DET,5,TOR,0,RHH,0,Mid,Low,high
1,2,1,0,1,0,2,2026-05-19,other,824276,22,home,663947,6,50,36.8,42.8,44.4,R,Tyler Holton,DET,7,CLE,0,LHH,0,Mid,Low,medium
2,1,2,0,1,0,1,2026-05-20,other,824273,18,home,663947,10,50,36.8,42.8,44.4,R,Tyler Holton,DET,5,CLE,0,LHH,0,Mid,Low,high
0,2,0,0,0,0,1.1,2026-05-24,hold,824840,20,away,663947,6,31.6,69.3,61.4,73.6,R,Tyler Holton,DET,4,BAL,0,LHH,1,Low,Mid,medium
1,3,1,0,1,1,1.1,2026-05-26,other,824275,25,home,663947,8,22.6,13.1,27.4,47.2,R,Tyler Holton,DET,5,LAA,0,RHH,0,Low,Low,high
0,0,0,0,0,0,0.1,2026-05-31,other,824592,5,away,663947,7,32.2,45.8,54.2,79.5,R,Tyler Holton,DET,0,CHW,0,RHH,2,Low,Mid,high
1,1,0,0,0,0,1.2,2026-06-01,other,822974,23,away,663947,4,77.8,34.8,51.2,51,R,Tyler Holton,DET,5,TBR,0,,2,High,Mid,low
3,0,1,0,1,0,0.1,2026-06-05,hold,824271,15,home,663947,8,43.3,45.2,49.2,57.9,R,Tyler Holton,DET,4,SEA,0,LHH,0,Low,Low,high
1,0,0,0,0,0,0.1,2026-06-07,other,824268,9,home,663947,7,43.3,45.2,49.2,57.9,R,Tyler Holton,DET,2,SEA,0,,1,Low,Low,medium
1,1,0,0,0,0,0.1,2026-06-09,other,824267,16,home,663947,7,39.7,33.8,47.1,67.6,R,Tyler Holton,DET,3,MIN,0,RHH,1,Low,Low,medium
1,2,0,0,0,0,1.2,2026-06-11,other,824265,25,home,663947,7,39.7,33.8,47.1,67.6,R,Tyler Holton,DET,6,MIN,0,RHH,1,Low,Low,medium
1,0,0,0,0,0,1,2026-06-13,other,824426,6,away,663947,7,50,36.8,42.8,44.4,R,Tyler Holton,DET,3,CLE,0,LHH,0,Mid,Low,high
1,2,0,0,0,0,1.2,2026-06-15,hold,824181,28,away,663947,6,38.5,45.2,48.8,60.3,R,Tyler Holton,DET,6,HOU,0,RHH,0,Low,Low,medium
2,2,0,0,0,0,2,2026-06-20,hold,824263,21,home,663947,7,32.2,45.8,54.2,79.5,R,Tyler Holton,DET,8,CHW,0,RHH,0,Low,Mid,high
1,2,0,1,0,0,1,2026-06-23,other,824262,17,home,663947,6,38.8,75.1,66.4,76,R,Tyler Holton,DET,5,NYY,1,,1,Low,High,medium
1,0,0,0,0,0,1,2026-06-25,other,824258,18,home,663947,8,38.5,45.2,48.8,60.3,R,Tyler Holton,DET,4,HOU,0,RHH,0,Low,Low,high
1,0,2,0,0,1,1.2,2026-06-28,hold,824256,21,home,663947,6,38.5,45.2,48.8,60.3,R,Tyler Holton,DET,7,HOU,0,RHH,0,Low,Low,medium
2,0,1,1,1,0,1,2026-06-30,other,823528,25,away,663947,9,38.8,75.1,66.4,76,R,Tyler Holton,DET,6,NYY,0,RHH,0,Low,High,high
0,0,0,0,0,0,0.1,2026-07-04,hold,822882,4,away,663947,6,36.6,27.1,36.4,46.9,R,Tyler Holton,DET,1,TEX,0,LHH,1,Low,Low,medium
0,1,0,0,0,0,1,2026-07-08,other,824253,14,home,663947,8,42.3,37.3,48.1,64.7,R,Tyler Holton,DET,3,ATH,0,LHH,0,Low,Low,high
1,1,0,0,0,0,1,2026-07-11,other,824249,9,home,663947,8,32.1,30.7,33.4,37.3,R,Tyler Holton,DET,3,PHI,0,LHH,0,Low,Low,high
1,2,0,0,0,0,1.1,2026-07-19,other,824007,20,away,663947,6,22.6,13.1,27.4,47.2,R,Tyler Holton,DET,6,LAA,0,LHH,1,Low,Low,medium
2,0,1,0,0,0,1,2026-07-20,save,824654,13,away,663947,10,62.9,82.6,69.2,58.4,R,Tyler Holton,DET,5,CHC,0,RHH,0,Mid,High,high
1,0,0,0,0,0,1.2,2026-07-23,other,824247,26,home,663947,6,57,42.9,50.8,55.5,R,Tyler Holton,DET,6,KCR,0,,0,Mid,Mid,medium
1,0,0,0,0,0,1,2026-07-25,other,824244,11,home,663947,7,57,42.9,50.8,55.5,R,Tyler Holton,DET,4,KCR,0,,1,Mid,Mid,high
1,0,1,1,1,1,0.1,2026-07-27,other,824245,10,home,663947,6,31.6,69.3,61.4,73.6,R,Tyler Holton,DET,3,BAL,0,RHH,0,Low,Mid,medium
2,0,0,0,0,0,0.2,2026-08-02,other,824971,9,away,663947,7,42.3,37.3,48.1,64.7,R,Tyler Holton,DET,4,ATH,0,LHH,0,Low,Low,medium
0,1,0,0,0,0,2,2026-08-05,other,823106,23,away,663947,4,43.3,45.2,49.2,57.9,R,Tyler Holton,DET,6,SEA,0,LHH,1,Low,Low,medium
0,2,0,0,0,0,2,2026-08-08,hold,823188,26,away,663947,6,35.1,17.2,38.2,64.4,R,Tyler Holton,DET,6,SFG,0,RHH,0,Low,Low,medium
0,3,0,0,0,0,1,2026-08-09,save,823190,12,away,663947,10,35.1,17.2,38.2,64.4,R,Tyler Holton,DET,3,SFG,0,RHH,0,Low,Low,high
0,0,0,0,0,0,0.1,2026-08-11,hold,824240,4,home,663947,8,50,36.8,42.8,44.4,R,Tyler Holton,DET,1,CLE,0,RHH,1,Mid,Low,high
2,3,1,0,1,1,2.1,2026-03-26,other,824218,41,home,805123,5,22.6,13.1,27.4,47.2,R,AJ Blubaugh,HOU,9,LAA,0,LHH,2,Low,Low,medium
0,2,0,0,0,0,2,2026-03-29,other,824215,23,home,805123,7,22.6,13.1,27.4,47.2,R,AJ Blubaugh,HOU,6,LAA,0,LHH,0,Low,Low,high
0,1,0,0,0,0,1,2026-04-01,hold,824211,14,home,805123,6,43,41.3,32.9,16,R,AJ Blubaugh,HOU,3,BOS,0,RHH,0,Low,Low,medium
5,1,4,2,4,1,2,2026-04-05,other,825025,44,away,805123,5,42.3,37.3,48.1,64.7,R,AJ Blubaugh,HOU,13,ATH,1,RHH,1,Low,Low,medium
4,0,5,3,5,0,1,2026-04-08,other,824374,39,away,805123,2,34.5,31.8,26.1,13.5,R,AJ Blubaugh,HOU,10,COL,0,,0,Low,Low,medium
0,0,0,0,0,0,1,2026-04-11,other,823155,17,away,805123,8,43.3,45.2,49.2,57.9,R,AJ Blubaugh,HOU,3,SEA,0,RHH,0,Low,Low,high
1,1,1,1,1,1,1.1,2026-04-14,other,824210,27,home,805123,4,34.5,31.8,26.1,13.5,R,AJ Blubaugh,HOU,6,COL,0,LHH,3,Low,Low,medium
2,2,0,2,0,0,2,2026-04-16,other,824208,39,home,805123,6,34.5,31.8,26.1,13.5,R,AJ Blubaugh,HOU,10,COL,0,,0,Low,Low,medium
1,2,0,0,0,0,1.1,2026-04-18,other,824206,16,home,805123,8,41,40.4,42.1,44.7,R,AJ Blubaugh,HOU,5,STL,0,RHH,1,Low,Low,high
0,1,0,1,0,0,1,2026-04-20,other,824450,15,away,805123,7,50,36.8,42.8,44.4,R,AJ Blubaugh,HOU,4,CLE,0,LHH,0,Mid,Low,medium
0,1,0,0,0,0,1,2026-04-22,hold,824449,17,away,805123,7,50,36.8,42.8,44.4,R,AJ Blubaugh,HOU,3,CLE,0,LHH,0,Mid,Low,high
1,0,1,2,1,0,1.1,2026-04-25,other,824203,29,home,805123,7,38.8,75.1,66.4,76,R,AJ Blubaugh,HOU,7,NYY,0,RHH,3,Low,High,high
0,1,0,0,0,0,1,2026-04-30,other,824848,13,away,805123,6,31.6,69.3,61.4,73.6,R,AJ Blubaugh,HOU,3,BAL,0,RHH,0,Low,Mid,low
2,5,1,2,1,1,3.2,2026-05-03,other,824769,59,away,805123,3,43,41.3,32.9,16,R,AJ Blubaugh,HOU,15,BOS,0,,2,Low,Low,medium
1,1,0,0,0,0,1,2026-05-08,other,824522,21,away,805123,8,32.7,40.9,35.4,31,R,AJ Blubaugh,HOU,4,CIN,0,LHH,0,Low,Low,high
1,0,0,1,0,0,1,2026-05-10,other,824520,21,away,805123,4,32.7,40.9,35.4,31,R,AJ Blubaugh,HOU,5,CIN,0,RHH,1,Low,Low,medium
2,1,2,3,2,0,2,2026-05-12,other,824197,46,home,805123,8,43.3,45.2,49.2,57.9,R,AJ Blubaugh,HOU,11,SEA,0,LHH,0,Low,Low,high
0,0,0,2,0,0,0.2,2026-05-16,hold,824193,16,home,805123,8,36.6,27.1,36.4,46.9,R,AJ Blubaugh,HOU,4,TEX,0,RHH,0,Low,Low,high
0,1,0,1,0,0,2,2026-05-18,other,823705,32,away,805123,7,39.7,33.8,47.1,67.6,R,AJ Blubaugh,HOU,7,MIN,0,LHH,0,Low,Low,medium
0,1,0,0,0,0,1,2026-05-20,other,823703,13,away,805123,7,39.7,33.8,47.1,67.6,R,AJ Blubaugh,HOU,3,MIN,0,LHH,0,Low,Low,medium
1,0,2,1,2,1,2,2026-05-24,other,824676,29,away,805123,6,62.9,82.6,69.2,58.4,R,AJ Blubaugh,HOU,8,CHC,0,LHH,0,Mid,High,low
3,0,1,0,1,0,2,2026-05-26,other,822898,23,away,805123,7,36.6,27.1,36.4,46.9,R,AJ Blubaugh,HOU,8,TEX,0,LHH,0,Low,Low,medium
1,4,0,0,0,0,3,2026-05-30,hold,824190,37,home,805123,6,67.4,75.3,66.3,55.3,R,AJ Blubaugh,HOU,10,MIL,0,,0,High,High,low
2,3,1,0,1,0,1,2026-06-02,other,824189,23,home,805123,9,33.5,60.7,62.1,84.2,R,AJ Blubaugh,HOU,5,PIT,0,LHH,0,Low,Mid,high
1,2,1,1,1,0,1,2026-06-03,other,824188,22,home,805123,8,33.5,60.7,62.1,84.2,R,AJ Blubaugh,HOU,5,PIT,0,LHH,0,Low,Mid,high
0,2,0,0,0,0,2,2026-06-06,other,824184,29,home,805123,6,42.3,37.3,48.1,64.7,R,AJ Blubaugh,HOU,6,ATH,0,RHH,0,Low,Low,low
1,2,0,2,0,0,2,2026-06-09,other,824023,34,away,805123,5,22.6,13.1,27.4,47.2,R,AJ Blubaugh,HOU,9,LAA,0,RHH,0,Low,Low,low
1,2,0,1,0,0,2,2026-06-12,other,824102,38,away,805123,4,57,42.9,50.8,55.5,R,AJ Blubaugh,HOU,7,KCR,0,LHH,0,Mid,Mid,low
1,2,1,2,0,0,2,2026-06-15,other,824181,32,home,805123,5,43.2,42.5,49.7,62.5,R,AJ Blubaugh,HOU,9,DET,0,LHH,0,Low,Low,medium
0,3,0,0,0,0,1,2026-06-20,other,824180,16,home,805123,8,50,36.8,42.8,44.4,R,AJ Blubaugh,HOU,3,CLE,0,LHH,0,Mid,Low,high
2,1,1,2,1,0,2,2026-06-22,other,822800,38,away,805123,4,54.7,7.6,29.4,36.4,R,AJ Blubaugh,HOU,10,TOR,0,,0,Mid,Low,medium
1,3,0,0,0,0,2,2026-06-25,hold,824258,25,away,805123,7,43.2,42.5,49.7,62.5,R,AJ Blubaugh,HOU,7,DET,0,LHH,0,Low,Low,high
2,2,0,0,0,0,2,2026-06-27,other,824257,28,away,805123,6,43.2,42.5,49.7,62.5,R,AJ Blubaugh,HOU,8,DET,0,LHH,0,Low,Low,medium
2,3,0,0,0,0,2.2,2026-07-01,other,824174,47,home,805123,2,39.7,33.8,47.1,67.6,R,AJ Blubaugh,HOU,10,MIN,0,,1,Low,Low,low
3,3,2,0,2,1,1.2,2026-07-06,other,822712,33,away,805123,5,43.7,67,67.7,85.6,R,AJ Blubaugh,HOU,8,WSN,3,LHH,3,Low,High,medium
3,4,2,1,2,1,2,2026-07-11,other,822875,43,away,805123,8,36.6,27.1,36.4,46.9,R,AJ Blubaugh,HOU,10,TEX,0,RHH,0,Low,Low,high
1,3,0,1,0,0,2,2026-07-18,other,824169,40,home,805123,6,31.6,69.3,61.4,73.6,R,AJ Blubaugh,HOU,7,BAL,0,LHH,0,Low,Mid,medium
3,3,2,0,2,1,1,2026-07-21,other,824165,25,home,805123,7,40.1,39.3,48.6,65.4,R,AJ Blubaugh,HOU,6,MIA,0,,0,Low,Low,medium
1,2,0,1,0,0,2,2026-07-24,other,824573,34,away,805123,2,32.2,45.8,54.2,79.5,R,AJ Blubaugh,HOU,8,CHW,0,LHH,0,Low,Mid,medium
2,1,2,0,1,1,2.1,2026-07-27,other,824001,48,away,805123,1,22.6,13.1,27.4,47.2,R,AJ Blubaugh,HOU,11,LAA,0,RHH,3,Low,Low,medium
0,1,0,0,0,0,1,2026-07-31,other,824164,13,home,805123,8,36.6,27.1,36.4,46.9,R,AJ Blubaugh,HOU,3,TEX,0,RHH,0,Low,Low,high
0,1,0,0,0,0,1.1,2026-08-02,save,824163,16,home,805123,8,36.6,27.1,36.4,46.9,R,AJ Blubaugh,HOU,4,TEX,0,RHH,2,Low,Low,high
1,2,0,1,0,0,0.2,2026-08-07,hold,823266,19,away,805123,6,40.5,52.4,53.2,63.3,R,AJ Blubaugh,HOU,4,SDP,0,,0,Low,Mid,medium
2,1,1,0,1,1,2,2026-08-09,other,823268,25,away,805123,6,40.5,52.4,53.2,63.3,R,AJ Blubaugh,HOU,8,SDP,0,RHH,0,Low,Mid,medium
1,1,0,0,0,0,1,2026-08-11,other,823186,18,away,805123,8,35.1,17.2,38.2,64.4,R,AJ Blubaugh,HOU,4,SFG,0,,0,Low,Low,high
1,2,0,0,0,0,1.2,2026-08-12,other,823187,18,away,805123,5,35.1,17.2,38.2,64.4,R,AJ Blubaugh,HOU,6,SFG,0,LHH,0,Low,Low,medium
1,0,2,4,2,0,0.1,2026-04-25,other,824203,27,home,656986,7,38.8,75.1,66.4,76,R,Bennett Sousa,HOU,5,NYY,0,LHH,1,Low,High,high
0,3,0,0,0,0,1,2026-04-28,other,824849,13,away,656986,8,31.6,69.3,61.4,73.6,R,Bennett Sousa,HOU,3,BAL,0,RHH,0,Low,Mid,high
0,1,0,0,0,0,1,2026-05-01,other,824772,12,away,656986,7,43,41.3,32.9,16,R,Bennett Sousa,HOU,3,BOS,0,RHH,0,Low,Low,high
0,0,0,0,0,0,1,2026-05-04,other,824201,8,home,656986,9,68.3,95.7,82.8,78.2,R,Bennett Sousa,HOU,3,LAD,0,RHH,0,High,High,high
0,1,0,0,0,0,1,2026-07-21,hold,824165,10,home,656986,8,40.1,39.3,48.6,65.4,R,Bennett Sousa,HOU,3,MIA,0,RHH,0,Low,Low,high
1,1,0,0,0,0,1,2026-07-24,hold,824573,14,away,656986,6,32.2,45.8,54.2,79.5,R,Bennett Sousa,HOU,4,CHW,0,,0,Low,Mid,medium
2,0,1,0,0,0,0.2,2026-07-25,hold,824571,16,away,656986,8,32.2,45.8,54.2,79.5,R,Bennett Sousa,HOU,4,CHW,0,RHH,2,Low,Mid,high
0,0,0,0,0,0,1.1,2026-07-29,hold,824002,16,away,656986,6,22.6,13.1,27.4,47.2,R,Bennett Sousa,HOU,4,LAA,0,RHH,1,Low,Low,medium
0,1,0,0,0,0,0.2,2026-07-31,other,824164,9,home,656986,7,36.6,27.1,36.4,46.9,R,Bennett Sousa,HOU,2,TEX,0,RHH,0,Low,Low,medium
0,1,0,2,0,0,0.1,2026-08-01,other,824162,15,home,656986,5,36.6,27.1,36.4,46.9,R,Bennett Sousa,HOU,3,TEX,0,LHH,1,Low,Low,medium
0,1,0,0,0,0,1,2026-08-04,other,824161,7,home,656986,7,54.7,7.6,29.4,36.4,R,Bennett Sousa,HOU,3,TOR,0,RHH,0,Mid,Low,medium
2,1,2,0,1,1,1,2026-08-05,other,824158,12,home,656986,10,54.7,7.6,29.4,36.4,R,Bennett Sousa,HOU,5,TOR,0,RHH,0,Mid,Low,high
0,0,0,0,0,0,0.1,2026-08-07,other,823266,7,away,656986,5,40.5,52.4,53.2,63.3,R,Bennett Sousa,HOU,1,SDP,0,LHH,0,Low,Mid,medium
1,3,0,0,0,0,1.1,2026-08-11,other,823186,19,away,656986,6,35.1,17.2,38.2,64.4,R,Bennett Sousa,HOU,5,SFG,0,LHH,1,Low,Low,medium
1,3,3,2,3,1,1,2026-03-28,other,824213,26,home,650556,9,22.6,13.1,27.4,47.2,R,Bryan Abreu,HOU,6,LAA,0,RHH,0,Low,Low,high
0,0,1,2,1,0,0.1,2026-03-29,hold,824215,14,home,650556,9,22.6,13.1,27.4,47.2,R,Bryan Abreu,HOU,3,LAA,0,RHH,0,Low,Low,high
1,3,1,0,1,1,1,2026-04-01,save,824211,16,home,650556,9,43,41.3,32.9,16,R,Bryan Abreu,HOU,4,BOS,0,LHH,0,Low,Low,high
2,0,3,1,2,1,0.1,2026-04-05,other,825025,16,away,650556,9,42.3,37.3,48.1,64.7,R,Bryan Abreu,HOU,3,ATH,0,RHH,2,Low,Low,high
1,2,1,2,1,0,1,2026-04-08,other,824374,22,away,650556,8,34.5,31.8,26.1,13.5,R,Bryan Abreu,HOU,6,COL,0,,0,Low,Low,high
1,1,1,3,1,0,0.1,2026-04-11,other,823155,23,away,650556,9,43.3,45.2,49.2,57.9,R,Bryan Abreu,HOU,5,SEA,0,LHH,0,Low,Low,high
1,1,0,1,0,0,1,2026-04-12,other,823154,27,away,650556,8,43.3,45.2,49.2,57.9,R,Bryan Abreu,HOU,5,SEA,0,LHH,0,Low,Low,high
0,2,0,1,0,0,1.1,2026-04-15,hold,824209,23,home,650556,7,34.5,31.8,26.1,13.5,R,Bryan Abreu,HOU,5,COL,0,,1,Low,Low,high
2,0,3,1,3,1,1,2026-04-17,other,824207,16,home,650556,7,41,40.4,42.1,44.7,R,Bryan Abreu,HOU,6,STL,0,,0,Low,Low,high
0,1,0,0,0,0,1,2026-04-24,other,824204,14,home,650556,9,38.8,75.1,66.4,76,R,Bryan Abreu,HOU,3,NYY,0,LHH,0,Low,High,high
2,3,1,2,1,0,1,2026-04-30,other,824850,27,away,650556,7,31.6,69.3,61.4,73.6,R,Bryan Abreu,HOU,7,BAL,0,RHH,0,Low,Mid,medium
1,1,0,1,0,0,2,2026-05-03,other,824769,22,away,650556,9,43,41.3,32.9,16,R,Bryan Abreu,HOU,8,BOS,0,,0,Low,Low,high
1,3,0,0,0,0,1,2026-05-04,other,824201,18,home,650556,8,68.3,95.7,82.8,78.2,R,Bryan Abreu,HOU,4,LAD,0,,0,High,High,high
0,0,0,0,0,0,0.1,2026-05-09,other,824523,5,away,650556,8,32.7,40.9,35.4,31,R,Bryan Abreu,HOU,1,CIN,0,RHH,0,Low,Low,high
0,1,0,1,0,0,1,2026-05-13,other,824195,17,home,650556,10,43.3,45.2,49.2,57.9,R,Bryan Abreu,HOU,4,SEA,0,RHH,0,Low,Low,high
1,0,0,1,0,0,1.1,2026-05-16,save,824193,24,home,650556,8,36.6,27.1,36.4,46.9,R,Bryan Abreu,HOU,6,TEX,0,RHH,2,Low,Low,high
0,0,0,0,0,0,0.1,2026-05-19,save,823704,9,away,650556,9,39.7,33.8,47.1,67.6,R,Bryan Abreu,HOU,2,MIN,0,RHH,1,Low,Low,high
0,0,0,1,0,0,0.2,2026-05-22,hold,824679,14,away,650556,8,62.9,82.6,69.2,58.4,R,Bryan Abreu,HOU,4,CHC,0,,0,Mid,High,high
1,0,0,1,0,0,1,2026-05-24,hold,824676,15,away,650556,8,62.9,82.6,69.2,58.4,R,Bryan Abreu,HOU,4,CHC,0,,0,Mid,High,high
0,2,0,0,0,0,1,2026-05-28,other,822896,12,away,650556,9,36.6,27.1,36.4,46.9,R,Bryan Abreu,HOU,3,TEX,0,RHH,0,Low,Low,high
0,0,1,2,1,0,0.1,2026-05-29,hold,824191,12,home,650556,8,67.4,75.3,66.3,55.3,R,Bryan Abreu,HOU,3,MIL,0,RHH,0,High,High,high
2,2,3,1,3,1,1,2026-06-02,other,824189,32,home,650556,8,33.5,60.7,62.1,84.2,R,Bryan Abreu,HOU,6,PIT,0,LHH,0,Low,Mid,high
0,3,0,1,0,0,1,2026-06-04,other,824185,18,home,650556,9,33.5,60.7,62.1,84.2,R,Bryan Abreu,HOU,4,PIT,0,LHH,0,Low,Mid,high
0,2,0,0,0,0,1,2026-06-07,other,824183,9,home,650556,9,42.3,37.3,48.1,64.7,R,Bryan Abreu,HOU,3,ATH,0,RHH,0,Low,Low,high
1,1,0,0,0,0,1,2026-06-08,save,824025,8,away,650556,10,22.6,13.1,27.4,47.2,R,Bryan Abreu,HOU,3,LAA,0,RHH,0,Low,Low,high
1,0,0,0,0,0,1,2026-06-13,save,824100,8,away,650556,9,57,42.9,50.8,55.5,R,Bryan Abreu,HOU,3,KCR,0,LHH,0,Mid,Mid,high
1,2,1,0,1,1,1,2026-06-15,other,824181,21,home,650556,9,43.2,42.5,49.7,62.5,R,Bryan Abreu,HOU,4,DET,0,,0,Low,Low,high
0,0,0,0,0,0,1,2026-06-20,other,824180,11,home,650556,9,50,36.8,42.8,44.4,R,Bryan Abreu,HOU,3,CLE,0,LHH,0,Mid,Low,high
0,1,0,0,0,0,1,2026-06-26,other,824255,10,away,650556,7,43.2,42.5,49.7,62.5,R,Bryan Abreu,HOU,3,DET,0,LHH,0,Low,Low,medium
1,0,0,1,0,0,0.2,2026-06-28,other,824256,15,away,650556,7,43.2,42.5,49.7,62.5,R,Bryan Abreu,HOU,4,DET,0,LHH,0,Low,Low,high
1,3,1,0,1,1,2,2026-07-01,other,824174,34,home,650556,8,39.7,33.8,47.1,67.6,R,Bryan Abreu,HOU,7,MIN,0,LHH,0,Low,Low,high
1,1,0,0,0,0,1,2026-07-07,other,822713,9,away,650556,8,43.7,67,67.7,85.6,R,Bryan Abreu,HOU,3,WSN,0,LHH,0,Low,High,high
1,2,1,1,1,0,1,2026-07-12,other,822876,21,away,650556,5,36.6,27.1,36.4,46.9,R,Bryan Abreu,HOU,5,TEX,0,RHH,0,Low,Low,medium
0,0,0,0,0,0,1,2026-07-18,other,824169,15,home,650556,8,31.6,69.3,61.4,73.6,R,Bryan Abreu,HOU,3,BAL,0,RHH,0,Low,Mid,high
1,2,0,1,0,0,1,2026-07-20,other,824167,28,home,650556,8,40.1,39.3,48.6,65.4,R,Bryan Abreu,HOU,5,MIA,0,LHH,0,Low,Low,high
0,1,0,0,0,0,1,2026-07-22,save,824166,14,home,650556,9,40.1,39.3,48.6,65.4,R,Bryan Abreu,HOU,3,MIA,0,RHH,0,Low,Low,high
1,2,0,0,0,0,1,2026-07-24,hold,824573,12,away,650556,7,32.2,45.8,54.2,79.5,R,Bryan Abreu,HOU,4,CHW,0,LHH,0,Low,Mid,medium
1,1,0,1,0,0,0.2,2026-07-25,other,824571,22,away,650556,8,32.2,45.8,54.2,79.5,R,Bryan Abreu,HOU,4,CHW,0,LHH,0,Low,Mid,high
0,1,0,0,0,0,1,2026-07-28,other,824003,16,away,650556,7,22.6,13.1,27.4,47.2,R,Bryan Abreu,HOU,3,LAA,0,RHH,0,Low,Low,high
0,1,0,0,0,0,1.1,2026-07-29,save,824002,18,away,650556,8,22.6,13.1,27.4,47.2,R,Bryan Abreu,HOU,4,LAA,0,RHH,1,Low,Low,high
0,1,0,0,0,0,1,2026-08-01,hold,824162,13,home,650556,8,36.6,27.1,36.4,46.9,R,Bryan Abreu,HOU,3,TEX,0,RHH,0,Low,Low,high
0,2,0,1,0,0,0.2,2026-08-02,other,824163,16,home,650556,7,36.6,27.1,36.4,46.9,R,Bryan Abreu,HOU,3,TEX,0,LHH,1,Low,Low,high
0,2,0,0,0,0,1,2026-08-05,other,824158,12,home,650556,8,54.7,7.6,29.4,36.4,R,Bryan Abreu,HOU,3,TOR,0,LHH,0,Mid,Low,high
0,2,0,1,0,0,1.1,2026-08-07,other,823266,24,away,650556,7,40.5,52.4,53.2,63.3,R,Bryan Abreu,HOU,5,SDP,0,,2,Low,Mid,high
0,2,0,0,0,0,1,2026-08-12,hold,823187,12,away,650556,8,35.1,17.2,38.2,64.4,R,Bryan Abreu,HOU,3,SFG,0,RHH,0,Low,Low,high
2,1,1,0,1,0,1,2026-03-26,other,824218,17,home,687911,8,22.6,13.1,27.4,47.2,R,Bryan King,HOU,6,LAA,0,RHH,0,Low,Low,high
0,2,0,1,0,0,1,2026-03-28,other,824213,17,home,687911,8,22.6,13.1,27.4,47.2,R,Bryan King,HOU,4,LAA,0,RHH,0,Low,Low,high
1,2,0,0,0,0,0.2,2026-03-29,save,824215,18,home,687911,9,22.6,13.1,27.4,47.2,R,Bryan King,HOU,3,LAA,1,RHH,2,Low,Low,high
0,2,0,0,0,0,1,2026-04-01,hold,824211,12,home,687911,7,43,41.3,32.9,16,R,Bryan King,HOU,3,BOS,0,LHH,0,Low,Low,medium
1,1,0,1,0,0,1.2,2026-04-05,other,825025,23,away,687911,8,42.3,37.3,48.1,64.7,R,Bryan King,HOU,7,ATH,0,RHH,0,Low,Low,high
0,1,0,1,0,0,1.1,2026-04-11,other,823155,25,away,687911,6,43.3,45.2,49.2,57.9,R,Bryan King,HOU,4,SEA,0,RHH,1,Low,Low,medium
3,2,0,0,0,0,1.1,2026-04-14,hold,824210,28,home,687911,8,34.5,31.8,26.1,13.5,R,Bryan King,HOU,7,COL,1,LHH,2,Low,Low,high
2,1,3,0,1,0,2,2026-04-19,other,824205,40,home,687911,9,41,40.4,42.1,44.7,R,Bryan King,HOU,11,STL,0,RHH,0,Low,Low,high
2,0,3,2,3,0,0.2,2026-04-21,blown_save,824448,15,away,687911,8,50,36.8,42.8,44.4,R,Bryan King,HOU,5,CLE,2,LHH,2,Mid,Low,high
0,1,0,0,0,0,1,2026-04-26,other,824202,11,home,687911,8,38.8,75.1,66.4,76,R,Bryan King,HOU,3,NYY,0,LHH,0,Low,High,high
2,0,0,0,0,0,1,2026-05-01,other,824772,14,away,687911,8,43,41.3,32.9,16,R,Bryan King,HOU,4,BOS,0,LHH,0,Low,Low,high
0,0,0,0,0,0,1,2026-05-02,save,824771,6,away,687911,9,43,41.3,32.9,16,R,Bryan King,HOU,3,BOS,0,LHH,0,Low,Low,high
3,2,1,0,1,0,2,2026-05-05,save,824200,37,home,687911,8,68.3,95.7,82.8,78.2,R,Bryan King,HOU,9,LAD,0,RHH,0,High,High,high
1,0,0,0,0,0,1,2026-05-11,other,824199,15,home,687911,9,43.3,45.2,49.2,57.9,R,Bryan King,HOU,4,SEA,0,RHH,0,Low,Low,high
1,0,1,3,1,0,1,2026-05-13,blown_save,824195,34,home,687911,9,43.3,45.2,49.2,57.9,R,Bryan King,HOU,7,SEA,0,RHH,0,Low,Low,high
0,1,0,0,0,0,1.2,2026-05-15,save,824194,17,home,687911,8,36.6,27.1,36.4,46.9,R,Bryan King,HOU,4,TEX,0,RHH,2,Low,Low,high
0,0,0,1,0,0,0.2,2026-05-16,hold,824193,12,home,687911,7,36.6,27.1,36.4,46.9,R,Bryan King,HOU,3,TEX,0,RHH,2,Low,Low,high
2,1,0,0,0,0,1,2026-05-19,hold,823704,26,away,687911,8,39.7,33.8,47.1,67.6,R,Bryan King,HOU,5,MIN,0,,1,Low,Low,high
0,0,0,0,0,0,1.1,2026-05-22,save,824679,17,away,687911,8,62.9,82.6,69.2,58.4,R,Bryan King,HOU,5,CHC,0,RHH,2,Mid,High,high
1,1,0,0,0,0,1,2026-05-23,save,824674,21,away,687911,9,62.9,82.6,69.2,58.4,R,Bryan King,HOU,4,CHC,0,,0,Mid,High,high
1,1,1,1,1,1,0.1,2026-05-27,hold,822897,12,away,687911,8,36.6,27.1,36.4,46.9,R,Bryan King,HOU,3,TEX,0,LHH,0,Low,Low,high
1,0,0,0,0,0,1.2,2026-05-29,blown_save,824191,23,home,687911,8,67.4,75.3,66.3,55.3,R,Bryan King,HOU,6,MIL,1,,2,High,High,high
2,1,0,0,0,0,1,2026-06-03,other,824188,23,home,687911,6,33.5,60.7,62.1,84.2,R,Bryan King,HOU,5,PIT,1,RHH,2,Low,Mid,high
0,1,0,1,0,0,1,2026-06-05,other,824186,15,home,687911,8,42.3,37.3,48.1,64.7,R,Bryan King,HOU,3,ATH,0,LHH,0,Low,Low,high
1,0,0,0,0,0,1,2026-06-08,other,824025,12,away,687911,8,22.6,13.1,27.4,47.2,R,Bryan King,HOU,4,LAA,0,RHH,0,Low,Low,high
0,1,0,0,0,0,0.1,2026-06-10,other,824022,3,away,687911,8,22.6,13.1,27.4,47.2,R,Bryan King,HOU,1,LAA,0,LHH,2,Low,Low,high
1,1,0,1,0,0,0.2,2026-06-12,hold,824102,18,away,687911,8,57,42.9,50.8,55.5,R,Bryan King,HOU,5,KCR,2,RHH,2,Mid,Mid,high
0,1,0,0,0,0,1,2026-06-13,other,824100,17,away,687911,8,57,42.9,50.8,55.5,R,Bryan King,HOU,3,KCR,0,RHH,0,Mid,Mid,high
1,0,1,1,1,0,1,2026-06-16,other,824182,11,home,687911,8,43.2,42.5,49.7,62.5,R,Bryan King,HOU,5,DET,0,RHH,0,Low,Low,high
0,1,0,0,0,0,1,2026-06-21,hold,824177,11,home,687911,8,50,36.8,42.8,44.4,R,Bryan King,HOU,3,CLE,0,LHH,0,Mid,Low,high
0,1,0,1,0,0,0.2,2026-06-22,other,822800,11,away,687911,7,54.7,7.6,29.4,36.4,R,Bryan King,HOU,3,TOR,1,RHH,2,Mid,Low,high
1,0,0,0,0,0,1,2026-06-24,hold,822798,14,away,687911,8,54.7,7.6,29.4,36.4,R,Bryan King,HOU,3,TOR,0,RHH,0,Mid,Low,high
0,1,0,0,0,0,1,2026-06-27,hold,824257,11,away,687911,8,43.2,42.5,49.7,62.5,R,Bryan King,HOU,3,DET,0,LHH,0,Low,Low,high
1,0,0,0,0,0,1,2026-06-28,other,824256,8,away,687911,8,43.2,42.5,49.7,62.5,R,Bryan King,HOU,3,DET,0,RHH,0,Low,Low,high
0,1,0,0,0,0,1,2026-06-30,hold,824175,10,home,687911,8,39.7,33.8,47.1,67.6,R,Bryan King,HOU,3,MIN,0,RHH,0,Low,Low,high
1,2,0,0,0,0,1,2026-07-04,other,824171,22,home,687911,8,77.8,34.8,51.2,51,R,Bryan King,HOU,4,TBR,0,,0,High,Mid,high
1,0,0,0,0,0,1,2026-07-05,hold,824172,12,home,687911,8,77.8,34.8,51.2,51,R,Bryan King,HOU,4,TBR,0,RHH,0,High,Mid,high
1,1,0,0,0,0,1,2026-07-07,hold,822713,9,away,687911,7,43.7,67,67.7,85.6,R,Bryan King,HOU,4,WSN,0,,0,Low,High,medium
4,1,4,1,4,2,1,2026-07-10,other,822878,19,away,687911,8,36.6,27.1,36.4,46.9,R,Bryan King,HOU,8,TEX,0,RHH,0,Low,Low,high
3,1,1,1,1,1,2,2026-07-12,other,822876,31,away,687911,7,36.6,27.1,36.4,46.9,R,Bryan King,HOU,10,TEX,0,RHH,0,Low,Low,high
2,1,2,0,2,1,1,2026-07-17,blown_save,824170,17,home,687911,8,31.6,69.3,61.4,73.6,R,Bryan King,HOU,5,BAL,0,RHH,0,Low,Mid,high
1,1,1,0,1,1,1,2026-07-19,other,824168,14,home,687911,5,31.6,69.3,61.4,73.6,R,Bryan King,HOU,4,BAL,0,LHH,2,Low,Mid,medium
3,1,2,0,2,0,0.2,2026-07-26,other,824572,22,away,687911,7,32.2,45.8,54.2,79.5,R,Bryan King,HOU,6,CHW,1,,1,Low,Mid,medium
1,0,0,0,0,0,1,2026-07-31,other,824164,13,home,687911,9,36.6,27.1,36.4,46.9,R,Bryan King,HOU,4,TEX,0,,0,Low,Low,high
1,1,0,0,0,0,0.2,2026-08-02,other,824163,20,home,687911,8,36.6,27.1,36.4,46.9,R,Bryan King,HOU,4,TEX,0,,0,Low,Low,high
0,0,0,1,0,0,1,2026-08-08,other,823267,8,away,687911,8,40.5,52.4,53.2,63.3,R,Bryan King,HOU,4,SDP,0,RHH,0,Low,Mid,high
2,3,2,0,2,1,1,2026-08-09,other,823268,24,away,687911,8,40.5,52.4,53.2,63.3,R,Bryan King,HOU,5,SDP,0,RHH,0,Low,Mid,high
2,4,1,1,1,1,2,2026-07-04,other,824171,39,home,664299,6,77.8,34.8,51.2,51,R,Cristian Javier,HOU,9,TBR,0,,0,High,Mid,medium
1,0,0,2,0,0,1,2026-07-08,other,822710,30,away,664299,8,43.7,67,67.7,85.6,R,Cristian Javier,HOU,6,WSN,0,LHH,0,Low,High,high
1,2,0,0,0,0,1,2026-07-19,other,824168,20,home,664299,9,31.6,69.3,61.4,73.6,R,Cristian Javier,HOU,4,BAL,0,,0,Low,Mid,high
3,7,0,0,0,0,5,2026-07-27,other,824001,70,away,664299,4,22.6,13.1,27.4,47.2,R,Cristian Javier,HOU,18,LAA,0,RHH,0,Low,Low,medium
1,0,0,0,0,0,1,2026-04-06,other,824376,8,away,660853,8,34.5,31.8,26.1,13.5,R,Enyel De Los Santos,HOU,4,COL,0,LHH,0,Low,Low,high
2,2,1,1,1,1,2,2026-04-08,other,824374,42,away,660853,3,34.5,31.8,26.1,13.5,R,Enyel De Los Santos,HOU,9,COL,0,RHH,0,Low,Low,low
1,1,0,0,0,0,1,2026-04-10,other,823156,10,away,660853,8,43.3,45.2,49.2,57.9,R,Enyel De Los Santos,HOU,4,SEA,0,LHH,0,Low,Low,high
0,0,0,0,0,0,1.1,2026-04-12,other,823154,13,away,660853,6,43.3,45.2,49.2,57.9,R,Enyel De Los Santos,HOU,4,SEA,0,LHH,1,Low,Low,medium
0,1,0,0,0,0,0.1,2026-04-14,save,824210,5,home,660853,9,34.5,31.8,26.1,13.5,R,Enyel De Los Santos,HOU,1,COL,0,RHH,2,Low,Low,high
0,2,0,0,0,0,1,2026-04-15,save,824209,14,home,660853,9,34.5,31.8,26.1,13.5,R,Enyel De Los Santos,HOU,3,COL,0,LHH,0,Low,Low,high
1,1,0,0,0,0,1,2026-04-19,other,824205,19,home,660853,8,41,40.4,42.1,44.7,R,Enyel De Los Santos,HOU,4,STL,0,,0,Low,Low,high
2,0,3,1,3,0,0.1,2026-04-21,hold,824448,15,away,660853,8,50,36.8,42.8,44.4,R,Enyel De Los Santos,HOU,4,CLE,0,LHH,0,Mid,Low,high
1,1,0,1,0,0,1.1,2026-04-22,save,824449,24,away,660853,8,50,36.8,42.8,44.4,R,Enyel De Los Santos,HOU,6,CLE,0,RHH,1,Mid,Low,high
4,0,3,0,3,0,1,2026-04-26,other,824202,24,home,660853,9,38.8,75.1,66.4,76,R,Enyel De Los Santos,HOU,7,NYY,0,LHH,0,Low,High,high
1,2,0,1,0,0,1,2026-04-30,other,824850,25,away,660853,8,31.6,69.3,61.4,73.6,R,Enyel De Los Santos,HOU,5,BAL,0,RHH,0,Low,Mid,high
1,1,1,0,1,0,1.2,2026-05-02,other,824771,18,away,660853,6,43,41.3,32.9,16,R,Enyel De Los Santos,HOU,6,BOS,0,RHH,0,Low,Low,low
1,1,0,0,0,0,1,2026-05-03,other,824769,20,away,660853,8,43,41.3,32.9,16,R,Enyel De Los Santos,HOU,4,BOS,0,,0,Low,Low,high
0,0,0,0,0,0,1,2026-05-06,other,824198,13,home,660853,8,68.3,95.7,82.8,78.2,R,Enyel De Los Santos,HOU,3,LAD,0,RHH,0,High,High,high
0,2,0,0,0,0,1,2026-05-09,other,824523,9,away,660853,6,32.7,40.9,35.4,31,R,Enyel De Los Santos,HOU,3,CIN,0,LHH,1,Low,Low,medium
0,2,0,0,0,0,1.1,2026-05-13,other,824195,12,home,660853,7,43.3,45.2,49.2,57.9,R,Enyel De Los Santos,HOU,4,SEA,0,RHH,0,Low,Low,high
3,0,1,0,1,0,0.1,2026-05-16,other,824193,12,home,660853,7,36.6,27.1,36.4,46.9,R,Enyel De Los Santos,HOU,4,TEX,0,RHH,0,Low,Low,medium
1,0,1,0,0,0,0.2,2026-05-19,hold,823704,8,away,660853,8,39.7,33.8,47.1,67.6,R,Enyel De Los Santos,HOU,4,MIN,0,LHH,0,Low,Low,high
0,1,0,0,0,0,1.2,2026-05-22,hold,824679,19,away,660853,6,62.9,82.6,69.2,58.4,R,Enyel De Los Santos,HOU,5,CHC,0,RHH,0,Mid,High,medium
0,1,0,0,0,0,1,2026-05-23,hold,824674,8,away,660853,8,62.9,82.6,69.2,58.4,R,Enyel De Los Santos,HOU,3,CHC,0,LHH,0,Mid,High,high
0,3,0,0,0,0,1.2,2026-05-27,save,822897,23,away,660853,8,36.6,27.1,36.4,46.9,R,Enyel De Los Santos,HOU,5,TEX,0,RHH,1,Low,Low,high
0,1,0,1,0,0,0.2,2026-05-28,other,822896,16,away,660853,8,36.6,27.1,36.4,46.9,R,Enyel De Los Santos,HOU,3,TEX,0,RHH,1,Low,Low,high
0,2,0,0,0,0,1,2026-06-02,other,824189,11,home,660853,6,33.5,60.7,62.1,84.2,R,Enyel De Los Santos,HOU,3,PIT,1,LHH,1,Low,Mid,medium
1,1,0,0,0,0,1,2026-06-04,other,824185,12,home,660853,8,33.5,60.7,62.1,84.2,R,Enyel De Los Santos,HOU,4,PIT,0,LHH,0,Low,Mid,high
0,2,0,0,0,0,1.2,2026-06-05,hold,824186,17,home,660853,6,42.3,37.3,48.1,64.7,R,Enyel De Los Santos,HOU,5,ATH,0,,2,Low,Low,high
2,1,1,0,1,1,1,2026-06-08,other,824025,25,away,660853,7,22.6,13.1,27.4,47.2,R,Enyel De Los Santos,HOU,5,LAA,0,RHH,0,Low,Low,high
0,0,0,2,0,0,1.1,2026-06-10,other,824022,13,away,660853,7,22.6,13.1,27.4,47.2,R,Enyel De Los Santos,HOU,5,LAA,0,RHH,1,Low,Low,high
3,1,3,0,3,0,0.1,2026-06-12,other,824102,27,away,660853,8,57,42.9,50.8,55.5,R,Enyel De Los Santos,HOU,4,KCR,0,,0,Mid,Mid,high
2,0,2,1,2,0,0.1,2026-06-13,blown_save,824100,16,away,660853,6,57,42.9,50.8,55.5,R,Enyel De Los Santos,HOU,4,KCR,1,LHH,1,Mid,Mid,medium
0,1,0,0,0,0,1,2026-06-16,other,824182,9,home,660853,7,43.2,42.5,49.7,62.5,R,Enyel De Los Santos,HOU,3,DET,0,LHH,0,Low,Low,high
0,1,0,0,0,0,1,2026-06-17,hold,824178,13,home,660853,8,43.2,42.5,49.7,62.5,R,Enyel De Los Santos,HOU,3,DET,0,RHH,0,Low,Low,high
2,2,1,0,1,0,1.1,2026-06-22,other,822800,19,away,660853,6,54.7,7.6,29.4,36.4,R,Enyel De Los Santos,HOU,6,TOR,0,RHH,0,Mid,Low,medium
3,0,2,0,2,1,1.1,2026-06-23,blown_save,822799,26,away,660853,6,54.7,7.6,29.4,36.4,R,Enyel De Los Santos,HOU,7,TOR,0,,1,Mid,Low,medium
2,0,1,0,1,1,1,2026-06-25,save,824258,10,away,660853,9,43.2,42.5,49.7,62.5,R,Enyel De Los Santos,HOU,4,DET,0,LHH,0,Low,Low,high
2,1,2,1,1,1,1,2026-06-28,other,824256,25,away,660853,10,43.2,42.5,49.7,62.5,R,Enyel De Los Santos,HOU,6,DET,0,RHH,0,Low,Low,high
0,1,0,0,0,0,1,2026-06-30,hold,824175,15,home,660853,6,39.7,33.8,47.1,67.6,R,Enyel De Los Santos,HOU,3,MIN,0,LHH,0,Low,Low,medium
2,2,1,0,1,0,2,2026-07-03,other,824173,21,home,660853,8,77.8,34.8,51.2,51,R,Enyel De Los Santos,HOU,8,TBR,0,RHH,0,High,Mid,high
0,2,0,1,0,0,1,2026-07-06,other,822712,19,away,660853,8,43.7,67,67.7,85.6,R,Enyel De Los Santos,HOU,4,WSN,0,LHH,0,Low,High,high
1,0,0,0,0,0,1,2026-07-07,hold,822713,13,away,660853,6,43.7,67,67.7,85.6,R,Enyel De Los Santos,HOU,4,WSN,0,LHH,0,Low,High,medium
1,1,0,0,0,0,1,2026-07-11,other,822875,10,away,660853,7,36.6,27.1,36.4,46.9,R,Enyel De Los Santos,HOU,3,TEX,0,LHH,0,Low,Low,medium
0,0,0,0,0,0,1,2026-07-12,other,822876,12,away,660853,4,36.6,27.1,36.4,46.9,R,Enyel De Los Santos,HOU,3,TEX,0,LHH,0,Low,Low,medium
0,0,0,1,0,0,1,2026-07-17,other,824170,12,home,660853,9,31.6,69.3,61.4,73.6,R,Enyel De Los Santos,HOU,3,BAL,0,,0,Low,Mid,high
2,2,2,1,1,0,1,2026-07-18,other,824169,25,home,660853,11,31.6,69.3,61.4,73.6,R,Enyel De Los Santos,HOU,6,BAL,0,RHH,0,Low,Mid,high
1,2,0,0,0,0,1.1,2026-07-20,other,824167,22,home,660853,5,40.1,39.3,48.6,65.4,R,Enyel De Los Santos,HOU,5,MIA,0,RHH,1,Low,Low,medium
1,2,0,0,0,0,1,2026-07-22,other,824166,16,home,660853,7,40.1,39.3,48.6,65.4,R,Enyel De Los Santos,HOU,4,MIA,0,RHH,0,Low,Low,high
3,1,2,0,2,1,1,2026-07-26,other,824572,20,away,660853,6,32.2,45.8,54.2,79.5,R,Enyel De Los Santos,HOU,5,CHW,0,LHH,1,Low,Mid,medium
0,2,0,0,0,0,1,2026-07-28,other,824003,16,away,660853,6,22.6,13.1,27.4,47.2,R,Enyel De Los Santos,HOU,3,LAA,0,RHH,0,Low,Low,medium
1,0,0,0,0,0,0.2,2026-07-31,other,824164,10,home,660853,6,36.6,27.1,36.4,46.9,R,Enyel De Los Santos,HOU,3,TEX,1,,2,Low,Low,high
1,1,1,0,1,1,0.2,2026-08-01,hold,824162,16,home,660853,6,36.6,27.1,36.4,46.9,R,Enyel De Los Santos,HOU,3,TEX,0,LHH,0,Low,Low,medium
1,1,0,0,0,0,2,2026-08-04,other,824161,27,home,660853,8,54.7,7.6,29.4,36.4,R,Enyel De Los Santos,HOU,7,TOR,0,RHH,0,Mid,Low,high
0,2,0,0,0,0,2,2026-08-08,other,823267,25,away,660853,6,40.5,52.4,53.2,63.3,R,Enyel De Los Santos,HOU,6,SDP,0,RHH,0,Low,Mid,medium
2,0,1,0,1,0,0.2,2026-08-11,other,823186,11,away,660853,6,35.1,17.2,38.2,64.4,R,Enyel De Los Santos,HOU,4,SFG,0,,0,Low,Low,medium
1,0,0,1,0,0,0.1,2026-08-12,other,823187,9,away,660853,1,35.1,17.2,38.2,64.4,R,Enyel De Los Santos,HOU,3,SFG,1,RHH,2,Low,Low,medium
0,1,0,1,0,0,1,2026-06-03,save,824188,17,home,623352,9,33.5,60.7,62.1,84.2,R,Josh Hader,HOU,4,PIT,0,RHH,0,Low,Mid,high
0,3,0,0,0,0,1,2026-06-05,other,824186,18,home,623352,9,42.3,37.3,48.1,64.7,R,Josh Hader,HOU,3,ATH,0,RHH,0,Low,Low,high
0,3,0,0,0,0,1,2026-06-08,other,824025,12,away,623352,9,22.6,13.1,27.4,47.2,R,Josh Hader,HOU,3,LAA,0,RHH,0,Low,Low,high
0,0,0,0,0,0,1,2026-06-10,other,824022,11,away,623352,9,22.6,13.1,27.4,47.2,R,Josh Hader,HOU,3,LAA,0,RHH,0,Low,Low,high
0,0,0,0,0,0,1,2026-06-12,save,824102,20,away,623352,9,57,42.9,50.8,55.5,R,Josh Hader,HOU,3,KCR,0,RHH,0,Mid,Mid,high
1,1,0,0,0,0,1,2026-06-16,save,824182,19,home,623352,9,43.2,42.5,49.7,62.5,R,Josh Hader,HOU,4,DET,0,RHH,0,Low,Low,high
1,3,1,0,1,1,1,2026-06-17,save,824178,15,home,623352,9,43.2,42.5,49.7,62.5,R,Josh Hader,HOU,4,DET,0,,0,Low,Low,high
0,2,0,0,0,0,1,2026-06-21,save,824177,9,home,623352,9,50,36.8,42.8,44.4,R,Josh Hader,HOU,3,CLE,0,RHH,0,Mid,Low,high
0,1,0,0,0,0,1,2026-06-23,other,822799,16,away,623352,9,54.7,7.6,29.4,36.4,R,Josh Hader,HOU,3,TOR,0,LHH,0,Mid,Low,high
0,2,0,1,0,0,1,2026-06-24,save,822798,15,away,623352,9,54.7,7.6,29.4,36.4,R,Josh Hader,HOU,4,TOR,0,RHH,0,Mid,Low,high
0,1,0,0,0,0,1,2026-06-27,save,824257,11,away,623352,9,43.2,42.5,49.7,62.5,R,Josh Hader,HOU,3,DET,0,RHH,0,Low,Low,high
0,2,0,3,0,0,1,2026-06-28,other,824256,29,away,623352,9,43.2,42.5,49.7,62.5,R,Josh Hader,HOU,6,DET,0,RHH,0,Low,Low,high
0,2,0,0,0,0,1,2026-06-30,save,824175,9,home,623352,9,39.7,33.8,47.1,67.6,R,Josh Hader,HOU,3,MIN,0,RHH,0,Low,Low,high
0,1,0,1,0,0,1,2026-07-04,other,824171,17,home,623352,9,77.8,34.8,51.2,51,R,Josh Hader,HOU,4,TBR,0,,0,High,Mid,high
0,2,0,1,0,0,1,2026-07-05,save,824172,21,home,623352,9,77.8,34.8,51.2,51,R,Josh Hader,HOU,4,TBR,0,RHH,0,High,Mid,high
1,1,0,1,0,0,0.1,2026-07-07,save,822713,13,away,623352,9,43.7,67,67.7,85.6,R,Josh Hader,HOU,3,WSN,0,RHH,1,Low,High,high
0,3,0,0,0,0,1,2026-07-18,other,824169,13,home,623352,9,31.6,69.3,61.4,73.6,R,Josh Hader,HOU,3,BAL,0,RHH,0,Low,Mid,high
3,0,1,0,1,0,1,2026-07-20,other,824167,16,home,623352,9,40.1,39.3,48.6,65.4,R,Josh Hader,HOU,6,MIA,0,RHH,0,Low,Low,high
1,1,0,0,0,0,1,2026-07-21,save,824165,12,home,623352,9,40.1,39.3,48.6,65.4,R,Josh Hader,HOU,4,MIA,0,,0,Low,Low,high
0,2,0,0,0,0,1,2026-07-24,other,824573,13,away,623352,9,32.2,45.8,54.2,79.5,R,Josh Hader,HOU,3,CHW,0,RHH,0,Low,Mid,high
0,2,0,0,0,0,0.2,2026-07-25,save,824571,10,away,623352,9,32.2,45.8,54.2,79.5,R,Josh Hader,HOU,2,CHW,0,RHH,1,Low,Mid,high
0,0,0,2,0,0,1,2026-07-27,save,824001,24,away,623352,9,22.6,13.1,27.4,47.2,R,Josh Hader,HOU,5,LAA,0,RHH,0,Low,Low,high
0,0,0,0,0,0,1,2026-07-28,save,824003,4,away,623352,9,22.6,13.1,27.4,47.2,R,Josh Hader,HOU,3,LAA,0,RHH,0,Low,Low,high
0,1,0,0,0,0,1,2026-08-01,save,824162,10,home,623352,9,36.6,27.1,36.4,46.9,R,Josh Hader,HOU,3,TEX,0,RHH,0,Low,Low,high
0,1,0,0,0,0,1,2026-08-05,other,824158,10,home,623352,9,54.7,7.6,29.4,36.4,R,Josh Hader,HOU,3,TOR,0,RHH,0,Mid,Low,high
0,1,0,0,0,0,1,2026-08-07,save,823266,17,away,623352,9,40.5,52.4,53.2,63.3,R,Josh Hader,HOU,3,SDP,0,RHH,0,Low,Mid,high
0,2,0,0,0,0,2,2026-08-10,other,823189,22,away,623352,9,35.1,17.2,38.2,64.4,R,Josh Hader,HOU,6,SFG,0,LHH,0,Low,Low,high
0,0,0,0,0,0,1,2026-08-12,save,823187,8,away,623352,9,35.1,17.2,38.2,64.4,R,Josh Hader,HOU,3,SFG,0,RHH,0,Low,Low,high
0,3,0,0,0,0,1.2,2026-03-27,other,824216,20,home,595345,7,22.6,13.1,27.4,47.2,R,Steven Okert,HOU,5,LAA,0,RHH,2,Low,Low,high
0,0,0,1,0,0,1,2026-03-29,other,824215,15,home,595345,6,22.6,13.1,27.4,47.2,R,Steven Okert,HOU,3,LAA,0,RHH,0,Low,Low,medium
0,1,0,0,0,0,1,2026-04-04,other,825027,16,away,595345,9,42.3,37.3,48.1,64.7,R,Steven Okert,HOU,3,ATH,0,RHH,0,Low,Low,high
1,0,2,1,2,0,0.1,2026-04-05,blown_hold,825025,9,away,595345,5,42.3,37.3,48.1,64.7,R,Steven Okert,HOU,3,ATH,2,LHH,2,Low,Low,medium
1,0,1,1,1,0,1,2026-04-07,other,824375,13,away,595345,6,34.5,31.8,26.1,13.5,R,Steven Okert,HOU,4,COL,0,RHH,1,Low,Low,medium
0,2,0,0,0,0,1.2,2026-04-10,other,823156,21,away,595345,1,43.3,45.2,49.2,57.9,R,Steven Okert,HOU,5,SEA,0,,3,Low,Low,medium
1,0,1,0,1,1,0.2,2026-04-11,blown_hold,823155,11,away,595345,5,43.3,45.2,49.2,57.9,R,Steven Okert,HOU,3,SEA,2,RHH,2,Low,Low,medium
0,1,0,1,0,0,1,2026-04-14,hold,824210,14,home,595345,6,34.5,31.8,26.1,13.5,R,Steven Okert,HOU,4,COL,0,,0,Low,Low,medium
1,1,0,0,0,0,0.2,2026-04-15,hold,824209,7,home,595345,7,34.5,31.8,26.1,13.5,R,Steven Okert,HOU,3,COL,0,RHH,0,Low,Low,high
0,0,0,1,0,0,1,2026-04-17,other,824207,19,home,595345,6,41,40.4,42.1,44.7,R,Steven Okert,HOU,4,STL,0,LHH,0,Low,Low,medium
1,1,0,0,0,0,0.1,2026-04-19,other,824205,9,home,595345,5,41,40.4,42.1,44.7,R,Steven Okert,HOU,2,STL,1,,2,Low,Low,medium
1,0,0,0,0,0,1,2026-04-20,other,824450,15,away,595345,6,50,36.8,42.8,44.4,R,Steven Okert,HOU,4,CLE,0,LHH,0,Mid,Low,low
1,0,0,0,0,0,0.2,2026-04-22,hold,824449,16,away,595345,8,50,36.8,42.8,44.4,R,Steven Okert,HOU,3,CLE,0,LHH,0,Mid,Low,high
0,0,0,0,0,0,1,2026-04-25,other,824203,13,home,595345,6,38.8,75.1,66.4,76,R,Steven Okert,HOU,3,NYY,0,LHH,0,Low,High,medium
2,0,0,0,0,0,0.1,2026-04-28,other,824849,10,away,595345,4,31.6,69.3,61.4,73.6,R,Steven Okert,HOU,3,BAL,0,LHH,0,Low,Mid,medium
2,0,3,1,3,1,0.2,2026-04-30,other,824848,16,away,595345,5,31.6,69.3,61.4,73.6,R,Steven Okert,HOU,5,BAL,1,RHH,1,Low,Mid,medium
1,1,0,0,0,0,1,2026-05-03,other,824769,12,away,595345,7,43,41.3,32.9,16,R,Steven Okert,HOU,4,BOS,0,LHH,0,Low,Low,high
0,0,0,0,0,0,1,2026-05-09,other,824523,10,away,595345,7,32.7,40.9,35.4,31,R,Steven Okert,HOU,3,CIN,0,RHH,0,Low,Low,high
0,1,0,0,0,0,1,2026-05-11,other,824199,12,home,595345,8,43.3,45.2,49.2,57.9,R,Steven Okert,HOU,3,SEA,0,LHH,0,Low,Low,high
0,2,0,0,0,0,1.1,2026-05-13,other,824195,18,home,595345,6,43.3,45.2,49.2,57.9,R,Steven Okert,HOU,4,SEA,0,,0,Low,Low,medium
0,2,0,0,0,0,1,2026-05-16,other,824193,12,home,595345,6,36.6,27.1,36.4,46.9,R,Steven Okert,HOU,3,TEX,0,LHH,0,Low,Low,low
0,3,0,0,0,0,1,2026-05-19,hold,823704,17,away,595345,7,39.7,33.8,47.1,67.6,R,Steven Okert,HOU,3,MIN,0,RHH,0,Low,Low,high
2,0,2,0,2,1,0.1,2026-05-22,other,824679,6,away,595345,6,62.9,82.6,69.2,58.4,R,Steven Okert,HOU,3,CHC,0,RHH,0,Mid,High,low
0,1,0,0,0,0,1,2026-05-23,hold,824674,11,away,595345,7,62.9,82.6,69.2,58.4,R,Steven Okert,HOU,3,CHC,0,RHH,0,Mid,High,medium
0,1,0,1,0,0,1,2026-05-25,other,822899,15,away,595345,7,36.6,27.1,36.4,46.9,R,Steven Okert,HOU,4,TEX,0,RHH,0,Low,Low,medium
0,0,0,0,0,0,0.2,2026-05-28,hold,822896,10,away,595345,7,36.6,27.1,36.4,46.9,R,Steven Okert,HOU,3,TEX,0,RHH,2,Low,Low,high
0,1,0,0,0,0,2,2026-05-29,hold,824191,23,home,595345,6,67.4,75.3,66.3,55.3,R,Steven Okert,HOU,6,MIL,0,LHH,0,High,High,medium
0,1,0,2,0,0,1,2026-06-02,other,824189,21,home,595345,7,33.5,60.7,62.1,84.2,R,Steven Okert,HOU,5,PIT,0,LHH,0,Low,Mid,high
1,2,0,0,0,0,2,2026-06-04,other,824185,41,home,595345,6,33.5,60.7,62.1,84.2,R,Steven Okert,HOU,7,PIT,1,RHH,1,Low,Mid,medium
0,1,0,0,0,0,1,2026-06-07,other,824183,11,home,595345,6,42.3,37.3,48.1,64.7,R,Steven Okert,HOU,3,ATH,0,RHH,0,Low,Low,low
3,0,0,0,0,0,2.1,2026-06-12,other,824102,28,away,595345,1,57,42.9,50.8,55.5,R,Steven Okert,HOU,9,KCR,2,,2,Mid,Mid,low
0,2,0,0,0,0,0.2,2026-06-15,other,824181,8,home,595345,4,43.2,42.5,49.7,62.5,R,Steven Okert,HOU,2,DET,0,,2,Low,Low,medium
0,0,0,0,0,0,0.1,2026-06-16,other,824182,2,home,595345,6,43.2,42.5,49.7,62.5,R,Steven Okert,HOU,1,DET,0,LHH,1,Low,Low,medium
0,3,0,0,0,0,2,2026-06-19,hold,824179,25,home,595345,7,50,36.8,42.8,44.4,R,Steven Okert,HOU,6,CLE,0,RHH,0,Mid,Low,high
0,3,0,1,0,0,1,2026-06-21,hold,824177,21,home,595345,7,50,36.8,42.8,44.4,R,Steven Okert,HOU,4,CLE,0,RHH,0,Mid,Low,high
2,1,0,0,0,0,1,2026-06-23,other,822799,17,away,595345,5,54.7,7.6,29.4,36.4,R,Steven Okert,HOU,5,TOR,0,,1,Mid,Low,medium
1,1,0,0,0,0,1,2026-06-24,other,822798,19,away,595345,7,54.7,7.6,29.4,36.4,R,Steven Okert,HOU,4,TOR,0,RHH,0,Mid,Low,high
1,0,1,1,1,1,1.1,2026-06-27,other,824257,15,away,595345,4,43.2,42.5,49.7,62.5,R,Steven Okert,HOU,6,DET,0,LHH,2,Low,Low,medium
0,0,0,0,0,0,0.1,2026-06-28,other,824256,3,away,595345,7,43.2,42.5,49.7,62.5,R,Steven Okert,HOU,1,DET,0,LHH,2,Low,Low,high
0,2,0,0,0,0,1,2026-06-30,hold,824175,12,home,595345,7,39.7,33.8,47.1,67.6,R,Steven Okert,HOU,3,MIN,0,RHH,0,Low,Low,high
1,2,1,0,1,1,1,2026-07-03,other,824173,25,home,595345,7,77.8,34.8,51.2,51,R,Steven Okert,HOU,4,TBR,0,,0,High,Mid,high
0,1,0,0,0,0,1.1,2026-07-05,hold,824172,25,home,595345,6,77.8,34.8,51.2,51,R,Steven Okert,HOU,4,TBR,0,RHH,1,High,Mid,medium
1,3,0,0,0,0,1.1,2026-07-07,other,822713,17,away,595345,4,43.7,67,67.7,85.6,R,Steven Okert,HOU,5,WSN,0,LHH,2,Low,High,medium
0,2,0,0,0,0,1,2026-07-10,other,822878,13,away,595345,7,36.6,27.1,36.4,46.9,R,Steven Okert,HOU,3,TEX,0,RHH,0,Low,Low,high
0,1,0,0,0,0,1,2026-07-12,other,822876,16,away,595345,6,36.6,27.1,36.4,46.9,R,Steven Okert,HOU,3,TEX,0,LHH,0,Low,Low,medium
0,2,0,0,0,0,1,2026-07-17,hold,824170,16,home,595345,7,31.6,69.3,61.4,73.6,R,Steven Okert,HOU,3,BAL,0,RHH,0,Low,Mid,high
1,1,1,0,0,0,1,2026-07-18,other,824169,14,home,595345,10,31.6,69.3,61.4,73.6,R,Steven Okert,HOU,4,BAL,0,RHH,0,Low,Mid,high
2,2,0,0,0,0,1,2026-07-20,hold,824167,19,home,595345,7,40.1,39.3,48.6,65.4,R,Steven Okert,HOU,5,MIA,0,RHH,0,Low,Low,medium
0,0,0,0,0,0,1,2026-07-22,other,824166,8,home,595345,8,40.1,39.3,48.6,65.4,R,Steven Okert,HOU,3,MIA,0,LHH,0,Low,Low,high
1,0,0,0,0,0,1,2026-07-24,hold,824573,20,away,595345,8,32.2,45.8,54.2,79.5,R,Steven Okert,HOU,4,CHW,0,LHH,0,Low,Mid,high
0,2,0,0,0,0,1,2026-07-28,other,824003,18,away,595345,8,22.6,13.1,27.4,47.2,R,Steven Okert,HOU,4,LAA,0,RHH,0,Low,Low,high
2,0,1,0,1,0,0.2,2026-07-29,hold,824002,22,away,595345,8,22.6,13.1,27.4,47.2,R,Steven Okert,HOU,4,LAA,0,,0,Low,Low,high
1,2,0,0,0,0,1.1,2026-08-01,other,824162,18,home,595345,6,36.6,27.1,36.4,46.9,R,Steven Okert,HOU,5,TEX,0,RHH,0,Low,Low,medium
2,1,1,0,1,1,0.2,2026-08-02,blown_save,824163,17,home,595345,6,36.6,27.1,36.4,46.9,R,Steven Okert,HOU,4,TEX,0,LHH,1,Low,Low,medium
0,1,0,0,0,0,1,2026-08-05,other,824158,22,home,595345,7,54.7,7.6,29.4,36.4,R,Steven Okert,HOU,4,TOR,0,RHH,0,Mid,Low,high
2,1,0,0,0,0,1,2026-08-07,hold,823266,12,away,595345,6,40.5,52.4,53.2,63.3,R,Steven Okert,HOU,5,SDP,0,RHH,2,Low,Mid,high
1,1,0,0,0,0,1,2026-08-10,other,823189,16,away,595345,8,35.1,17.2,38.2,64.4,R,Steven Okert,HOU,4,SFG,0,LHH,0,Low,Low,high
0,0,0,0,0,0,1.1,2026-08-12,other,823187,17,away,595345,6,35.1,17.2,38.2,64.4,R,Steven Okert,HOU,4,SFG,0,LHH,1,Low,Low,medium
0,5,0,0,0,0,3,2026-08-03,other,824160,34,home,837227,7,54.7,7.6,29.4,36.4,R,Tatsuya Imai,HOU,9,TOR,0,RHH,0,Mid,Low,high
3,3,0,2,0,0,3,2026-08-12,other,823187,55,away,837227,2,35.1,17.2,38.2,64.4,R,Tatsuya Imai,HOU,14,SFG,0,LHH,0,Low,Low,medium
0,1,0,0,0,0,1,2026-03-27,other,824946,11,away,656638,8,51.3,55.8,59,68.1,R,Alex Lange,KCR,3,ATL,0,LHH,0,Mid,Mid,high
1,1,2,3,2,0,0.1,2026-04-01,other,824136,34,home,656638,8,39.7,33.8,47.1,67.6,R,Alex Lange,KCR,6,MIN,0,LHH,0,Low,Low,high
1,4,0,1,0,0,2,2026-04-04,other,824132,38,home,656638,6,67.4,75.3,66.3,55.3,R,Alex Lange,KCR,8,MIL,0,LHH,0,High,High,low
3,2,1,0,1,0,2.1,2026-04-08,other,824455,37,away,656638,4,50,36.8,42.8,44.4,R,Alex Lange,KCR,9,CLE,0,LHH,1,Mid,Low,medium
0,2,0,1,0,0,1,2026-04-12,other,824126,16,home,656638,9,32.2,45.8,54.2,79.5,R,Alex Lange,KCR,4,CHW,0,RHH,0,Low,Mid,high
2,2,0,0,0,0,1,2026-04-16,other,824289,20,away,656638,6,43.2,42.5,49.7,62.5,R,Alex Lange,KCR,5,DET,0,RHH,0,Low,Low,low
2,2,2,0,2,1,1,2026-04-17,other,823559,18,away,656638,8,38.8,75.1,66.4,76,R,Alex Lange,KCR,5,NYY,0,LHH,0,Low,High,high
3,2,5,1,4,1,1,2026-04-20,other,824125,31,home,656638,12,31.6,69.3,61.4,73.6,R,Alex Lange,KCR,7,BAL,0,RHH,0,Low,Mid,high
0,1,0,0,0,0,1,2026-04-22,other,824123,18,home,656638,8,31.6,69.3,61.4,73.6,R,Alex Lange,KCR,3,BAL,0,RHH,0,Low,Mid,high
1,2,1,3,1,0,1,2026-04-26,other,824122,34,home,656638,9,22.6,13.1,27.4,47.2,R,Alex Lange,KCR,7,LAA,0,RHH,0,Low,Low,high
0,0,0,1,0,0,1,2026-04-29,other,825015,15,away,656638,7,42.3,37.3,48.1,64.7,R,Alex Lange,KCR,4,ATH,0,RHH,0,Low,Low,medium
0,0,0,0,0,0,1,2026-04-30,other,825016,5,away,656638,8,42.3,37.3,48.1,64.7,R,Alex Lange,KCR,3,ATH,0,RHH,0,Low,Low,high
1,0,0,0,0,0,1,2026-05-04,other,824120,9,home,656638,9,50,36.8,42.8,44.4,R,Alex Lange,KCR,3,CLE,0,LHH,0,Mid,Low,high
0,0,1,1,1,0,1.1,2026-05-06,other,824118,23,home,656638,7,50,36.8,42.8,44.4,R,Alex Lange,KCR,5,CLE,0,LHH,1,Mid,Low,high
1,1,1,1,1,0,1,2026-05-07,other,824117,20,home,656638,6,50,36.8,42.8,44.4,R,Alex Lange,KCR,5,CLE,0,LHH,0,Mid,Low,medium
0,0,0,1,0,0,1.2,2026-05-10,other,824113,17,home,656638,7,43.2,42.5,49.7,62.5,R,Alex Lange,KCR,5,DET,0,,1,Low,Low,medium
0,1,0,0,0,0,1,2026-05-13,other,824603,13,away,656638,8,32.2,45.8,54.2,79.5,R,Alex Lange,KCR,3,CHW,0,LHH,0,Low,Mid,high
1,0,0,0,0,0,1,2026-05-14,other,824602,10,away,656638,7,32.2,45.8,54.2,79.5,R,Alex Lange,KCR,3,CHW,0,RHH,0,Low,Mid,medium
3,1,1,0,1,0,1,2026-05-18,other,824114,15,home,656638,7,43,41.3,32.9,16,R,Alex Lange,KCR,6,BOS,0,LHH,0,Low,Low,high
1,1,0,0,0,0,1.1,2026-05-20,other,824111,21,home,656638,8,43,41.3,32.9,16,R,Alex Lange,KCR,4,BOS,0,RHH,1,Low,Low,high
0,0,0,0,0,0,1,2026-05-22,other,824110,11,home,656638,8,43.3,45.2,49.2,57.9,R,Alex Lange,KCR,3,SEA,0,RHH,0,Low,Low,high
1,0,0,0,0,0,0.1,2026-05-27,other,824104,9,home,656638,7,38.8,75.1,66.4,76,R,Alex Lange,KCR,2,NYY,2,,3,Low,High,high
1,1,0,0,0,0,0.2,2026-05-30,hold,822893,16,away,656638,7,36.6,27.1,36.4,46.9,R,Alex Lange,KCR,3,TEX,0,RHH,0,Low,Low,high
0,2,0,0,0,0,1,2026-06-01,other,824510,9,away,656638,7,32.7,40.9,35.4,31,R,Alex Lange,KCR,3,CIN,0,RHH,0,Low,Low,medium
1,2,0,1,0,0,1,2026-06-03,save,824509,24,away,656638,9,32.7,40.9,35.4,31,R,Alex Lange,KCR,5,CIN,0,RHH,0,Low,Low,high
1,0,0,1,0,0,1,2026-06-04,save,823698,20,away,656638,9,39.7,33.8,47.1,67.6,R,Alex Lange,KCR,5,MIN,0,LHH,0,Low,Low,high
1,3,0,0,0,0,1,2026-06-06,save,823697,28,away,656638,9,39.7,33.8,47.1,67.6,R,Alex Lange,KCR,5,MIN,0,LHH,0,Low,Low,high
0,2,0,1,0,0,1,2026-06-09,save,824105,19,home,656638,9,36.6,27.1,36.4,46.9,R,Alex Lange,KCR,4,TEX,0,,0,Low,Low,high
2,1,2,2,1,0,1,2026-06-10,other,824103,32,home,656638,10,36.6,27.1,36.4,46.9,R,Alex Lange,KCR,7,TEX,0,LHH,0,Low,Low,high
1,1,1,1,1,0,1.2,2026-06-13,other,824100,31,home,656638,8,38.5,45.2,48.8,60.3,R,Alex Lange,KCR,7,HOU,0,RHH,0,Low,Low,high
0,0,0,0,0,0,1,2026-06-17,other,822721,19,away,656638,9,43.7,67,67.7,85.6,R,Alex Lange,KCR,4,WSN,0,,0,Low,High,high
1,0,0,0,0,0,0.1,2026-06-19,save,824097,10,home,656638,9,41,40.4,42.1,44.7,R,Alex Lange,KCR,2,STL,2,RHH,2,Low,Low,high
0,1,0,0,0,0,1,2026-06-22,save,822964,15,away,656638,9,77.8,34.8,51.2,51,R,Alex Lange,KCR,3,TBR,0,RHH,0,High,Mid,high
4,1,5,2,5,0,0.1,2026-06-26,other,824582,26,away,656638,7,32.2,45.8,54.2,79.5,R,Alex Lange,KCR,7,CHW,0,LHH,0,Low,Mid,medium
0,0,0,0,0,0,1,2026-06-28,save,824580,10,away,656638,9,32.2,45.8,54.2,79.5,R,Alex Lange,KCR,3,CHW,0,LHH,0,Low,Mid,high
0,0,0,0,0,0,1,2026-07-05,save,824091,11,home,656638,9,32.1,30.7,33.4,37.3,R,Alex Lange,KCR,3,PHI,0,LHH,0,Low,Low,high
3,0,5,1,5,0,0.2,2026-07-08,other,823605,38,away,656638,8,30.6,40,42.5,53.8,R,Alex Lange,KCR,7,NYM,0,LHH,0,Low,Low,high
1,0,1,0,1,1,1,2026-07-17,blown_save,824090,12,home,656638,9,40.5,52.4,53.2,63.3,R,Alex Lange,KCR,4,SDP,0,,0,Low,Mid,high
2,2,2,0,2,1,1,2026-07-20,blown_save,824087,19,home,656638,9,35.1,17.2,38.2,64.4,R,Alex Lange,KCR,5,SFG,0,LHH,0,Low,Low,high
0,2,0,1,0,0,1,2026-07-21,save,824085,15,home,656638,9,35.1,17.2,38.2,64.4,R,Alex Lange,KCR,4,SFG,0,,0,Low,Low,high
1,2,0,0,0,0,1,2026-07-25,save,824244,16,away,656638,9,43.2,42.5,49.7,62.5,R,Alex Lange,KCR,4,DET,0,RHH,1,Low,Low,high
2,1,2,1,2,0,0.2,2026-07-28,blown_save,823676,21,away,656638,9,39.7,33.8,47.1,67.6,R,Alex Lange,KCR,5,MIN,0,RHH,0,Low,Low,high
2,3,1,1,1,1,2,2026-08-01,other,824326,34,away,656638,6,34.5,31.8,26.1,13.5,R,Alex Lange,KCR,9,COL,0,LHH,0,Low,Low,low
0,1,0,1,0,0,1,2026-08-06,hold,824080,12,home,656638,7,39.7,33.8,47.1,67.6,R,Alex Lange,KCR,4,MIN,0,LHH,0,Low,Low,high
3,1,1,0,1,0,1,2026-08-10,other,823918,21,away,656638,7,68.3,95.7,82.8,78.2,R,Alex Lange,KCR,5,LAD,0,LHH,0,High,High,high
1,2,0,0,0,0,1,2026-04-11,other,823644,10,home,518886,7,42.3,37.3,48.1,64.7,R,Craig Kimbrel,KCR,4,ATH,0,,0,Low,Low,high
1,0,0,0,0,0,1,2026-04-13,other,823964,13,away,518886,6,68.3,95.7,82.8,78.2,R,Craig Kimbrel,KCR,3,LAD,0,RHH,0,High,High,low
1,0,0,1,0,0,1,2026-04-18,other,824694,14,away,518886,8,62.9,82.6,69.2,58.4,R,Craig Kimbrel,KCR,4,CHC,0,,0,Mid,High,high
0,1,1,0,0,0,0.2,2026-04-19,other,824691,8,away,518886,10,62.9,82.6,69.2,58.4,R,Craig Kimbrel,KCR,2,CHC,0,RHH,0,Mid,High,high
2,1,3,1,3,0,0.2,2026-04-23,other,823639,19,home,518886,8,39.7,33.8,47.1,67.6,R,Craig Kimbrel,KCR,5,MIN,0,LHH,0,Low,Low,high
0,3,0,0,0,0,1,2026-04-28,other,823636,14,home,518886,9,43.7,67,67.7,85.6,R,Craig Kimbrel,KCR,3,WSN,0,LHH,0,Low,High,high
1,1,0,1,0,0,1,2026-05-02,other,824042,12,away,518886,9,22.6,13.1,27.4,47.2,R,Craig Kimbrel,KCR,5,LAA,0,RHH,0,Low,Low,high
1,1,0,0,0,0,1,2026-05-04,hold,824363,15,away,518886,8,34.5,31.8,26.1,13.5,R,Craig Kimbrel,KCR,4,COL,0,LHH,0,Low,Low,high
3,2,4,1,4,1,1,2026-05-07,other,824362,29,away,518886,8,34.5,31.8,26.1,13.5,R,Craig Kimbrel,KCR,7,COL,0,LHH,0,Low,Low,high
0,1,0,2,0,0,1,2026-05-09,other,825089,19,away,518886,8,58.2,31.7,40.5,37.8,R,Craig Kimbrel,KCR,5,ARI,0,LHH,0,Mid,Low,high
0,1,0,0,0,0,1,2026-05-14,other,823630,19,home,518886,9,43.2,42.5,49.7,62.5,R,Craig Kimbrel,KCR,3,DET,0,LHH,0,Low,Low,high
2,0,1,0,1,1,1,2026-05-15,other,823629,17,home,518886,9,38.8,75.1,66.4,76,R,Craig Kimbrel,KCR,4,NYY,0,LHH,0,Low,High,high
2,0,1,0,0,0,1,2026-05-18,other,822734,24,away,518886,12,43.7,67,67.7,85.6,R,Craig Kimbrel,KCR,5,WSN,0,LHH,0,Low,High,high
2,2,2,0,2,1,2.2,2026-05-20,other,822735,32,away,518886,6,43.7,67,67.7,85.6,R,Craig Kimbrel,KCR,10,WSN,1,LHH,2,Low,High,high
1,2,0,0,0,0,1,2026-05-26,other,824837,15,away,518886,8,31.6,69.3,61.4,73.6,R,Craig Kimbrel,KCR,4,BAL,0,,0,Low,Mid,high
2,1,1,0,1,0,0.2,2026-06-13,other,824019,17,away,518886,6,22.6,13.1,27.4,47.2,R,Craig Kimbrel,KCR,4,LAA,2,RHH,2,Low,Low,high
0,0,0,2,0,0,0.1,2026-06-14,other,824021,18,away,518886,8,22.6,13.1,27.4,47.2,R,Craig Kimbrel,KCR,4,LAA,0,RHH,0,Low,Low,high
0,0,0,0,0,0,1,2026-06-20,other,822967,11,home,518886,6,43.7,67,67.7,85.6,R,Craig Kimbrel,KCR,3,WSN,0,RHH,0,Low,High,medium
0,0,0,0,0,0,1,2026-06-22,other,822964,14,home,518886,9,57,42.9,50.8,55.5,R,Craig Kimbrel,KCR,3,KCR,0,RHH,0,Mid,Mid,high
1,2,2,1,2,1,1,2026-06-25,other,822961,25,home,518886,9,57,42.9,50.8,55.5,R,Craig Kimbrel,KCR,5,KCR,0,RHH,0,Mid,Mid,high
0,1,0,1,0,0,1,2026-06-26,other,822962,22,home,518886,9,58.2,31.7,40.5,37.8,R,Craig Kimbrel,KCR,4,ARI,0,,0,Mid,Low,high
0,1,0,0,0,0,1,2026-06-28,other,822959,10,home,518886,7,58.2,31.7,40.5,37.8,R,Craig Kimbrel,KCR,3,ARI,0,RHH,0,Mid,Low,medium
0,0,0,0,0,0,1,2026-06-30,other,824096,8,away,518886,9,57,42.9,50.8,55.5,R,Craig Kimbrel,KCR,3,KCR,0,RHH,0,Mid,Mid,high
1,1,0,0,0,0,1.1,2026-07-04,blown_save,824171,19,away,518886,7,38.5,45.2,48.8,60.3,R,Craig Kimbrel,KCR,5,HOU,1,RHH,2,Low,Low,high
1,0,0,0,0,0,1,2026-07-05,other,824172,12,away,518886,8,38.5,45.2,48.8,60.3,R,Craig Kimbrel,KCR,3,HOU,0,RHH,0,Low,Low,high
2,1,1,0,1,0,1,2026-07-09,other,822954,18,home,518886,7,38.8,75.1,66.4,76,R,Craig Kimbrel,KCR,5,NYY,0,LHH,0,Low,High,medium
2,2,1,1,1,0,1.2,2026-07-12,other,822951,42,home,518886,8,43.3,45.2,49.2,57.9,R,Craig Kimbrel,KCR,8,SEA,0,RHH,0,Low,Low,high
0,1,0,1,0,0,1,2026-07-17,other,824737,20,away,518886,6,43,41.3,32.9,16,R,Craig Kimbrel,KCR,4,BOS,0,,0,Low,Low,medium
0,2,0,0,0,0,1,2026-07-19,other,824739,14,away,518886,6,43,41.3,32.9,16,R,Craig Kimbrel,KCR,3,BOS,0,RHH,0,Low,Low,low
0,0,0,0,0,0,1,2026-07-21,other,822787,12,away,518886,8,54.7,7.6,29.4,36.4,R,Craig Kimbrel,KCR,3,TOR,0,RHH,0,Mid,Low,high
1,1,1,1,1,0,1,2026-07-28,other,822949,30,home,518886,8,36.6,27.1,36.4,46.9,R,Craig Kimbrel,KCR,6,TEX,0,LHH,0,Low,Low,high
1,1,0,1,0,0,0.2,2026-07-30,other,822946,14,home,518886,5,36.6,27.1,36.4,46.9,R,Craig Kimbrel,KCR,4,TEX,1,RHH,1,Low,Low,medium
1,1,2,2,2,0,1,2026-08-02,other,822943,22,home,518886,6,32.2,45.8,54.2,79.5,R,Craig Kimbrel,KCR,6,CHW,0,LHH,0,Low,Mid,medium
0,1,0,0,0,0,1,2026-03-30,hold,824135,9,home,663738,7,39.7,33.8,47.1,67.6,R,Daniel Lynch IV,KCR,3,MIN,0,RHH,0,Low,Low,high
1,2,3,3,1,0,1,2026-04-01,other,824136,37,home,663738,7,39.7,33.8,47.1,67.6,R,Daniel Lynch IV,KCR,8,MIN,0,RHH,0,Low,Low,medium
1,3,0,0,0,0,2,2026-04-04,other,824132,27,home,663738,4,67.4,75.3,66.3,55.3,R,Daniel Lynch IV,KCR,7,MIL,0,RHH,2,High,High,low
0,1,0,0,0,0,1.1,2026-04-07,other,824457,13,away,663738,6,50,36.8,42.8,44.4,R,Daniel Lynch IV,KCR,4,CLE,0,LHH,1,Mid,Low,medium
0,1,0,0,0,0,1,2026-04-12,other,824126,12,home,663738,8,32.2,45.8,54.2,79.5,R,Daniel Lynch IV,KCR,4,CHW,0,LHH,0,Low,Mid,high
0,1,0,0,0,0,0.1,2026-04-15,other,824291,4,away,663738,7,43.2,42.5,49.7,62.5,R,Daniel Lynch IV,KCR,1,DET,0,LHH,0,Low,Low,high
0,1,0,0,0,0,1,2026-04-16,hold,824289,7,away,663738,8,43.2,42.5,49.7,62.5,R,Daniel Lynch IV,KCR,3,DET,0,RHH,0,Low,Low,high
0,2,1,0,0,0,1.1,2026-04-20,other,824125,12,home,663738,10,31.6,69.3,61.4,73.6,R,Daniel Lynch IV,KCR,4,BAL,0,RHH,0,Low,Mid,high
0,1,0,0,0,0,0.1,2026-04-24,hold,824124,5,home,663738,7,22.6,13.1,27.4,47.2,R,Daniel Lynch IV,KCR,1,LAA,0,RHH,3,Low,Low,high
0,0,0,0,0,0,1,2026-04-25,other,824121,9,home,663738,7,22.6,13.1,27.4,47.2,R,Daniel Lynch IV,KCR,3,LAA,0,RHH,0,Low,Low,medium
1,0,0,0,0,0,1,2026-04-28,other,825017,20,away,663738,7,42.3,37.3,48.1,64.7,R,Daniel Lynch IV,KCR,4,ATH,0,,0,Low,Low,high
2,2,2,0,2,1,1,2026-05-01,blown_save,823146,25,away,663738,7,43.3,45.2,49.2,57.9,R,Daniel Lynch IV,KCR,5,SEA,0,RHH,0,Low,Low,high
0,3,0,0,0,0,1.1,2026-05-03,save,823145,17,away,663738,8,43.3,45.2,49.2,57.9,R,Daniel Lynch IV,KCR,4,SEA,0,LHH,1,Low,Low,high
0,0,0,1,0,0,1,2026-05-05,hold,824119,14,home,663738,8,50,36.8,42.8,44.4,R,Daniel Lynch IV,KCR,4,CLE,0,,0,Mid,Low,high
0,2,0,0,0,0,1,2026-05-07,other,824117,15,home,663738,5,50,36.8,42.8,44.4,R,Daniel Lynch IV,KCR,4,CLE,0,LHH,0,Mid,Low,low
2,1,1,1,1,0,0.2,2026-05-10,other,824113,24,home,663738,6,43.2,42.5,49.7,62.5,R,Daniel Lynch IV,KCR,5,DET,0,LHH,0,Low,Low,medium
1,2,0,0,0,0,1,2026-05-12,other,824604,13,away,663738,7,32.2,45.8,54.2,79.5,R,Daniel Lynch IV,KCR,4,CHW,0,,0,Low,Mid,high
1,2,0,1,0,0,1,2026-05-15,other,823061,20,away,663738,7,41,40.4,42.1,44.7,R,Daniel Lynch IV,KCR,5,STL,0,RHH,0,Low,Low,high
1,1,0,0,0,0,1.2,2026-05-17,hold,823058,21,away,663738,7,41,40.4,42.1,44.7,R,Daniel Lynch IV,KCR,6,STL,0,,1,Low,Low,high
2,0,0,1,0,0,1,2026-05-20,other,824111,32,home,663738,7,43,41.3,32.9,16,R,Daniel Lynch IV,KCR,6,BOS,0,RHH,0,Low,Low,high
1,0,0,0,0,0,0.2,2026-05-24,hold,824108,7,home,663738,7,43.3,45.2,49.2,57.9,R,Daniel Lynch IV,KCR,3,SEA,1,LHH,2,Low,Low,high
0,1,0,0,0,0,1,2026-05-25,other,824107,8,home,663738,8,38.8,75.1,66.4,76,R,Daniel Lynch IV,KCR,3,NYY,0,LHH,0,Low,High,high
2,0,1,1,1,0,0.2,2026-05-30,hold,822893,18,away,663738,7,36.6,27.1,36.4,46.9,R,Daniel Lynch IV,KCR,5,TEX,0,LHH,1,Low,Low,high
1,1,0,0,0,0,1,2026-06-03,other,824509,15,away,663738,8,32.7,40.9,35.4,31,R,Daniel Lynch IV,KCR,4,CIN,0,RHH,0,Low,Low,high
1,1,0,0,0,0,1,2026-06-04,other,823698,12,away,663738,7,39.7,33.8,47.1,67.6,R,Daniel Lynch IV,KCR,4,MIN,0,RHH,0,Low,Low,high
0,0,0,0,0,0,1,2026-06-06,other,823697,12,away,663738,6,39.7,33.8,47.1,67.6,R,Daniel Lynch IV,KCR,3,MIN,0,LHH,0,Low,Low,medium
1,0,1,0,1,0,1,2026-06-09,hold,824105,13,home,663738,7,36.6,27.1,36.4,46.9,R,Daniel Lynch IV,KCR,4,TEX,0,LHH,0,Low,Low,medium
0,0,0,1,0,0,0.2,2026-06-10,blown_save,824103,17,home,663738,8,36.6,27.1,36.4,46.9,R,Daniel Lynch IV,KCR,3,TEX,1,RHH,3,Low,Low,high
0,0,0,0,0,0,1,2026-06-13,hold,824100,13,home,663738,7,38.5,45.2,48.8,60.3,R,Daniel Lynch IV,KCR,3,HOU,0,RHH,0,Low,Low,high
0,0,0,0,0,0,1,2026-06-14,other,824099,8,home,663738,9,38.5,45.2,48.8,60.3,R,Daniel Lynch IV,KCR,3,HOU,0,LHH,0,Low,Low,high
2,1,3,2,3,1,1,2026-06-16,other,822723,29,away,663738,7,43.7,67,67.7,85.6,R,Daniel Lynch IV,KCR,7,WSN,0,RHH,0,Low,High,high
0,0,0,0,0,0,1,2026-06-19,other,824097,11,home,663738,8,41,40.4,42.1,44.7,R,Daniel Lynch IV,KCR,3,STL,0,RHH,0,Low,Low,high
0,0,0,0,0,0,1,2026-06-24,other,822965,10,away,663738,7,77.8,34.8,51.2,51,R,Daniel Lynch IV,KCR,3,TBR,0,RHH,0,High,Mid,medium
1,0,0,0,0,0,0.2,2026-06-26,other,824582,9,away,663738,7,32.2,45.8,54.2,79.5,R,Daniel Lynch IV,KCR,3,CHW,2,RHH,3,Low,Mid,high
3,0,1,0,1,0,0.1,2026-06-27,other,824581,12,away,663738,8,32.2,45.8,54.2,79.5,R,Daniel Lynch IV,KCR,4,CHW,0,RHH,2,Low,Mid,high
0,1,0,0,0,0,1,2026-07-02,other,824093,9,home,663738,8,77.8,34.8,51.2,51,R,Daniel Lynch IV,KCR,3,TBR,0,RHH,0,High,Mid,high
0,1,0,0,0,0,1,2026-07-05,hold,824091,12,home,663738,8,32.1,30.7,33.4,37.3,R,Daniel Lynch IV,KCR,3,PHI,0,LHH,0,Low,Low,high
0,0,0,1,0,0,1.1,2026-07-07,other,823607,18,away,663738,5,30.6,40,42.5,53.8,R,Daniel Lynch IV,KCR,5,NYM,0,LHH,1,Low,Low,medium
0,1,0,0,0,0,1,2026-07-10,other,824817,11,away,663738,7,31.6,69.3,61.4,73.6,R,Daniel Lynch IV,KCR,3,BAL,0,RHH,0,Low,Mid,high
2,0,0,0,0,0,2,2026-07-18,other,824088,26,home,663738,6,40.5,52.4,53.2,63.3,R,Daniel Lynch IV,KCR,7,SDP,0,,0,Low,Mid,medium
1,1,0,0,0,0,1,2026-07-20,hold,824087,15,home,663738,8,35.1,17.2,38.2,64.4,R,Daniel Lynch IV,KCR,4,SFG,0,,0,Low,Low,high
0,0,0,0,0,0,1,2026-07-22,hold,824083,11,home,663738,8,35.1,17.2,38.2,64.4,R,Daniel Lynch IV,KCR,3,SFG,0,LHH,0,Low,Low,high
1,0,0,0,0,0,1,2026-07-25,other,824244,12,away,663738,8,43.2,42.5,49.7,62.5,R,Daniel Lynch IV,KCR,4,DET,0,RHH,0,Low,Low,high
1,0,0,0,0,0,0.2,2026-07-28,hold,823676,10,away,663738,7,39.7,33.8,47.1,67.6,R,Daniel Lynch IV,KCR,3,MIN,0,RHH,0,Low,Low,high
1,0,0,0,0,0,1,2026-07-29,other,823677,10,away,663738,8,39.7,33.8,47.1,67.6,R,Daniel Lynch IV,KCR,4,MIN,0,RHH,0,Low,Low,high
1,1,0,0,0,0,1,2026-08-04,other,824084,11,home,663738,6,39.7,33.8,47.1,67.6,R,Daniel Lynch IV,KCR,4,MIN,0,RHH,0,Low,Low,low
1,1,1,0,1,1,1,2026-03-29,other,824944,23,away,670167,8,51.3,55.8,59,68.1,R,John Schreiber,KCR,4,ATL,0,,0,Mid,Mid,high
1,0,0,0,0,0,1,2026-03-30,save,824135,15,home,670167,9,39.7,33.8,47.1,67.6,R,John Schreiber,KCR,4,MIN,0,RHH,0,Low,Low,high
1,1,1,2,1,0,1,2026-04-02,other,824133,27,home,670167,8,39.7,33.8,47.1,67.6,R,John Schreiber,KCR,6,MIN,0,,0,Low,Low,high
0,0,0,2,0,0,1,2026-04-04,other,824132,19,home,670167,8,67.4,75.3,66.3,55.3,R,John Schreiber,KCR,4,MIL,0,LHH,0,High,High,high
2,0,1,1,1,0,0.1,2026-04-07,other,824457,19,away,670167,9,50,36.8,42.8,44.4,R,John Schreiber,KCR,4,CLE,0,LHH,0,Mid,Low,high
0,0,0,0,0,0,0.2,2026-04-09,other,824130,11,home,670167,7,32.2,45.8,54.2,79.5,R,John Schreiber,KCR,3,CHW,1,LHH,2,Low,Mid,high
1,1,1,1,1,0,1,2026-04-12,other,824126,22,home,670167,7,32.2,45.8,54.2,79.5,R,John Schreiber,KCR,6,CHW,0,,0,Low,Mid,high
1,1,1,0,1,1,0.1,2026-04-16,other,824289,8,away,670167,5,43.2,42.5,49.7,62.5,R,John Schreiber,KCR,2,DET,1,,1,Low,Low,low
0,0,0,0,0,0,1,2026-04-19,other,823556,5,away,670167,8,38.8,75.1,66.4,76,R,John Schreiber,KCR,3,NYY,0,LHH,0,Low,High,high
1,0,0,0,0,0,0.2,2026-04-20,other,824125,12,home,670167,11,31.6,69.3,61.4,73.6,R,John Schreiber,KCR,3,BAL,1,RHH,1,Low,Mid,high
1,1,0,0,0,0,1,2026-04-25,other,824121,18,home,670167,8,22.6,13.1,27.4,47.2,R,John Schreiber,KCR,4,LAA,0,RHH,0,Low,Low,high
0,0,0,0,0,0,1,2026-04-28,other,825017,13,away,670167,6,42.3,37.3,48.1,64.7,R,John Schreiber,KCR,2,ATH,0,RHH,1,Low,Low,medium
2,0,1,1,1,0,1.2,2026-04-30,other,825016,20,away,670167,6,42.3,37.3,48.1,64.7,R,John Schreiber,KCR,7,ATH,0,RHH,1,Low,Low,medium
0,0,0,1,0,0,0.2,2026-05-03,hold,823145,12,away,670167,8,43.3,45.2,49.2,57.9,R,John Schreiber,KCR,3,SEA,0,LHH,0,Low,Low,high
2,0,0,0,0,0,1.2,2026-05-06,other,824118,30,home,670167,6,50,36.8,42.8,44.4,R,John Schreiber,KCR,6,CLE,0,LHH,0,Mid,Low,medium
1,0,0,0,0,0,1,2026-05-08,other,824116,12,home,670167,8,43.2,42.5,49.7,62.5,R,John Schreiber,KCR,4,DET,0,,0,Low,Low,high
0,1,0,1,0,0,1,2026-05-10,other,824113,21,home,670167,5,43.2,42.5,49.7,62.5,R,John Schreiber,KCR,4,DET,0,LHH,1,Low,Low,medium
2,1,1,1,1,1,1,2026-05-13,other,824603,18,away,670167,7,32.2,45.8,54.2,79.5,R,John Schreiber,KCR,6,CHW,0,LHH,0,Low,Mid,medium
0,0,0,0,0,0,0.1,2026-05-15,other,823061,1,away,670167,9,41,40.4,42.1,44.7,R,John Schreiber,KCR,1,STL,0,RHH,2,Low,Low,high
1,2,0,0,0,0,1,2026-05-18,other,824114,13,home,670167,8,43,41.3,32.9,16,R,John Schreiber,KCR,4,BOS,0,,0,Low,Low,high
1,2,0,0,0,0,1,2026-05-19,other,824112,18,home,670167,6,43,41.3,32.9,16,R,John Schreiber,KCR,4,BOS,0,,0,Low,Low,medium
1,1,0,0,0,0,1,2026-05-24,hold,824108,12,home,670167,8,43.3,45.2,49.2,57.9,R,John Schreiber,KCR,4,SEA,0,LHH,0,Low,Low,high
0,0,0,0,0,0,1,2026-05-27,other,824104,7,home,670167,6,38.8,75.1,66.4,76,R,John Schreiber,KCR,2,NYY,0,,2,Low,High,high
0,0,0,0,0,0,0.2,2026-05-30,hold,822893,5,away,670167,8,36.6,27.1,36.4,46.9,R,John Schreiber,KCR,2,TEX,0,RHH,2,Low,Low,high
0,1,0,1,0,0,1,2026-06-01,other,824510,11,away,670167,6,32.7,40.9,35.4,31,R,John Schreiber,KCR,3,CIN,0,RHH,0,Low,Low,low
1,1,1,0,0,0,0.1,2026-06-02,other,824511,10,away,670167,10,32.7,40.9,35.4,31,R,John Schreiber,KCR,2,CIN,0,,0,Low,Low,high
1,2,1,0,1,1,1,2026-06-04,blown_save,823698,15,away,670167,6,39.7,33.8,47.1,67.6,R,John Schreiber,KCR,4,MIN,0,,0,Low,Low,medium
0,0,0,0,0,0,1,2026-06-07,other,823696,7,away,670167,7,39.7,33.8,47.1,67.6,R,John Schreiber,KCR,3,MIN,0,RHH,0,Low,Low,medium
0,1,0,0,0,0,0.2,2026-06-09,hold,824105,10,home,670167,8,36.6,27.1,36.4,46.9,R,John Schreiber,KCR,2,TEX,0,RHH,0,Low,Low,high
0,1,0,0,0,0,1,2026-06-10,other,824103,18,home,670167,9,36.6,27.1,36.4,46.9,R,John Schreiber,KCR,3,TEX,0,RHH,0,Low,Low,high
2,3,1,0,1,1,1.2,2026-06-13,other,824100,28,home,670167,5,38.5,45.2,48.8,60.3,R,John Schreiber,KCR,7,HOU,0,RHH,2,Low,Low,medium
1,0,0,0,0,0,1,2026-06-17,other,822721,15,away,670167,8,43.7,67,67.7,85.6,R,John Schreiber,KCR,3,WSN,0,LHH,0,Low,High,high
0,1,0,0,0,0,1,2026-06-19,other,824097,12,home,670167,7,41,40.4,42.1,44.7,R,John Schreiber,KCR,3,STL,0,RHH,0,Low,Low,medium
0,2,0,1,0,0,1,2026-06-22,hold,822964,18,away,670167,8,77.8,34.8,51.2,51,R,John Schreiber,KCR,3,TBR,0,,0,High,Mid,high
5,1,4,0,3,1,1,2026-06-26,other,824582,26,away,670167,6,32.2,45.8,54.2,79.5,R,John Schreiber,KCR,8,CHW,0,LHH,0,Low,Mid,low
1,1,0,0,0,0,0.1,2026-06-27,other,824581,12,away,670167,9,32.2,45.8,54.2,79.5,R,John Schreiber,KCR,2,CHW,1,,3,Low,Mid,high
0,0,0,0,0,0,1,2026-07-02,other,824093,12,home,670167,7,77.8,34.8,51.2,51,R,John Schreiber,KCR,3,TBR,0,LHH,0,High,Mid,medium
1,1,1,0,0,0,1,2026-07-05,hold,824091,14,home,670167,7,32.1,30.7,33.4,37.3,R,John Schreiber,KCR,5,PHI,0,LHH,0,Low,Low,high
2,0,2,1,2,0,0.2,2026-07-07,other,823607,24,away,670167,6,30.6,40,42.5,53.8,R,John Schreiber,KCR,5,NYM,0,RHH,1,Low,Low,medium
1,1,0,1,0,0,0.2,2026-07-12,other,824814,11,away,670167,6,31.6,69.3,61.4,73.6,R,John Schreiber,KCR,3,BAL,1,RHH,1,Low,Mid,medium
0,0,0,0,0,0,1,2026-07-17,other,824090,12,home,670167,8,40.5,52.4,53.2,63.3,R,John Schreiber,KCR,3,SDP,0,RHH,0,Low,Mid,high
0,0,0,1,0,0,1,2026-07-21,hold,824085,20,home,670167,8,35.1,17.2,38.2,64.4,R,John Schreiber,KCR,4,SFG,0,,0,Low,Low,high
4,1,3,0,3,1,1,2026-07-23,blown_save,824247,20,away,670167,7,43.2,42.5,49.7,62.5,R,John Schreiber,KCR,6,DET,0,LHH,0,Low,Low,high
1,0,0,1,0,0,1,2026-07-26,hold,824246,14,away,670167,8,43.2,42.5,49.7,62.5,R,John Schreiber,KCR,4,DET,0,,0,Low,Low,high
0,0,0,1,0,0,0.1,2026-07-28,hold,823676,8,away,670167,7,39.7,33.8,47.1,67.6,R,John Schreiber,KCR,2,MIN,0,,1,Low,Low,high
0,2,0,1,0,0,1,2026-08-04,other,824084,16,home,670167,7,39.7,33.8,47.1,67.6,R,John Schreiber,KCR,4,MIN,0,RHH,0,Low,Low,medium
0,2,0,2,0,0,1,2026-08-08,hold,824079,27,home,670167,7,62.9,82.6,69.2,58.4,R,John Schreiber,KCR,5,CHC,0,RHH,0,Mid,High,high
1,0,1,1,1,0,0.1,2026-08-10,blown_save,823918,10,away,670167,6,68.3,95.7,82.8,78.2,R,John Schreiber,KCR,3,LAD,2,LHH,2,High,High,high
2,3,1,0,1,0,2,2026-07-01,other,824094,42,home,621016,8,77.8,34.8,51.2,51,R,Jose Cuas,KCR,8,TBR,0,LHH,0,High,Mid,high
2,0,1,0,1,0,1,2026-07-04,other,824092,17,home,621016,8,32.1,30.7,33.4,37.3,R,Jose Cuas,KCR,5,PHI,0,LHH,0,Low,Low,high
1,3,0,0,0,0,2,2026-07-06,other,824089,36,home,621016,8,32.1,30.7,33.4,37.3,R,Jose Cuas,KCR,7,PHI,0,LHH,0,Low,Low,high
2,1,0,1,0,0,0.1,2026-07-08,other,823605,14,away,621016,8,30.6,40,42.5,53.8,R,Jose Cuas,KCR,4,NYM,2,,2,Low,Low,high
1,2,0,1,0,0,1,2026-07-09,other,823606,18,away,621016,8,30.6,40,42.5,53.8,R,Jose Cuas,KCR,5,NYM,0,LHH,0,Low,Low,high
0,0,0,0,0,0,0.1,2026-08-06,hold,824080,12,home,621016,6,39.7,33.8,47.1,67.6,R,Jose Cuas,KCR,1,MIN,0,RHH,0,Low,Low,medium
2,1,0,0,0,0,1.1,2026-08-07,other,824081,29,home,621016,2,62.9,82.6,69.2,58.4,R,Jose Cuas,KCR,6,CHC,2,RHH,2,Mid,High,medium
0,1,0,0,0,0,1,2026-08-10,other,823918,12,away,621016,8,68.3,95.7,82.8,78.2,R,Jose Cuas,KCR,3,LAD,0,LHH,0,High,High,high
1,0,0,1,0,0,1,2026-03-28,hold,824945,12,away,668674,8,51.3,55.8,59,68.1,R,Lucas Erceg,KCR,4,ATL,0,,0,Mid,Mid,high
1,1,0,0,0,0,1,2026-03-29,save,824944,12,away,668674,9,51.3,55.8,59,68.1,R,Lucas Erceg,KCR,3,ATL,0,LHH,0,Mid,Mid,high
0,0,0,0,0,0,0.2,2026-04-01,save,824136,7,home,668674,9,39.7,33.8,47.1,67.6,R,Lucas Erceg,KCR,2,MIN,0,,2,Low,Low,high
3,1,2,1,2,0,1,2026-04-05,other,824131,30,home,668674,9,67.4,75.3,66.3,55.3,R,Lucas Erceg,KCR,6,MIL,0,LHH,0,High,High,high
0,1,0,0,0,0,1,2026-04-06,save,824456,14,away,668674,9,50,36.8,42.8,44.4,R,Lucas Erceg,KCR,3,CLE,0,LHH,0,Mid,Low,high
0,0,0,0,0,0,1,2026-04-10,save,824128,10,home,668674,9,32.2,45.8,54.2,79.5,R,Lucas Erceg,KCR,3,CHW,0,RHH,0,Low,Mid,high
0,1,0,0,0,0,1,2026-04-11,save,824129,12,home,668674,9,32.2,45.8,54.2,79.5,R,Lucas Erceg,KCR,3,CHW,0,LHH,0,Low,Mid,high
3,1,3,1,3,0,0.2,2026-04-16,blown_save,824289,24,away,668674,9,43.2,42.5,49.7,62.5,R,Lucas Erceg,KCR,6,DET,0,LHH,0,Low,Low,high
1,0,1,3,1,0,1,2026-04-20,blown_save,824125,32,home,668674,9,31.6,69.3,61.4,73.6,R,Lucas Erceg,KCR,6,BAL,0,,0,Low,Mid,high
0,0,0,1,0,0,1,2026-04-21,other,824127,14,home,668674,9,31.6,69.3,61.4,73.6,R,Lucas Erceg,KCR,3,BAL,0,LHH,0,Low,Mid,high
0,2,0,1,0,0,1,2026-04-24,save,824124,18,home,668674,9,22.6,13.1,27.4,47.2,R,Lucas Erceg,KCR,4,LAA,0,RHH,0,Low,Low,high
0,2,1,1,0,0,1,2026-04-26,other,824122,21,home,668674,10,22.6,13.1,27.4,47.2,R,Lucas Erceg,KCR,4,LAA,0,RHH,0,Low,Low,high
1,1,0,1,0,0,1,2026-04-28,save,825017,23,away,668674,10,42.3,37.3,48.1,64.7,R,Lucas Erceg,KCR,5,ATH,0,RHH,0,Low,Low,high
0,1,0,0,0,0,1,2026-05-01,save,823146,12,away,668674,9,43.3,45.2,49.2,57.9,R,Lucas Erceg,KCR,3,SEA,0,LHH,0,Low,Low,high
0,2,0,0,0,0,1,2026-05-02,save,823144,17,away,668674,10,43.3,45.2,49.2,57.9,R,Lucas Erceg,KCR,3,SEA,0,LHH,0,Low,Low,high
0,1,0,1,0,0,1,2026-05-05,save,824119,15,home,668674,9,50,36.8,42.8,44.4,R,Lucas Erceg,KCR,4,CLE,0,LHH,0,Mid,Low,high
1,0,0,1,0,0,1,2026-05-08,other,824116,14,home,668674,9,43.2,42.5,49.7,62.5,R,Lucas Erceg,KCR,5,DET,0,LHH,0,Low,Low,high
2,1,1,0,1,0,1,2026-05-14,other,824602,15,away,668674,8,32.2,45.8,54.2,79.5,R,Lucas Erceg,KCR,4,CHW,0,LHH,0,Low,Mid,high
2,2,1,0,0,0,1,2026-05-15,blown_save,823061,12,away,668674,10,41,40.4,42.1,44.7,R,Lucas Erceg,KCR,5,STL,0,LHH,0,Low,Low,high
0,0,0,1,0,0,1,2026-05-17,save,823058,22,away,668674,9,41,40.4,42.1,44.7,R,Lucas Erceg,KCR,4,STL,0,LHH,0,Low,Low,high
4,1,3,0,3,0,1,2026-05-24,other,824108,32,home,668674,9,43.3,45.2,49.2,57.9,R,Lucas Erceg,KCR,7,SEA,0,LHH,0,Low,Low,high
4,0,2,0,2,0,1,2026-05-25,blown_save,824107,14,home,668674,9,38.8,75.1,66.4,76,R,Lucas Erceg,KCR,6,NYY,0,,0,Low,High,high
1,2,1,2,1,1,1,2026-06-02,blown_save,824511,24,away,668674,9,32.7,40.9,35.4,31,R,Lucas Erceg,KCR,6,CIN,0,,0,Low,Low,high
0,1,0,1,0,0,1,2026-06-06,other,823697,15,away,668674,7,39.7,33.8,47.1,67.6,R,Lucas Erceg,KCR,4,MIN,0,,0,Low,Low,high
2,0,0,0,0,0,0.2,2026-06-07,save,823696,15,away,668674,9,39.7,33.8,47.1,67.6,R,Lucas Erceg,KCR,4,MIN,1,LHH,1,Low,Low,high
0,1,1,2,1,0,0.1,2026-06-10,hold,824103,16,home,668674,8,36.6,27.1,36.4,46.9,R,Lucas Erceg,KCR,4,TEX,0,,0,Low,Low,high
1,0,0,1,0,0,2,2026-06-12,other,824102,43,home,668674,6,38.5,45.2,48.8,60.3,R,Lucas Erceg,KCR,8,HOU,0,RHH,0,Low,Low,low
0,1,0,0,0,0,1,2026-06-17,other,822721,11,away,668674,7,43.7,67,67.7,85.6,R,Lucas Erceg,KCR,3,WSN,0,LHH,0,Low,High,medium
1,1,0,0,0,0,1.1,2026-06-21,other,824095,18,home,668674,5,41,40.4,42.1,44.7,R,Lucas Erceg,KCR,6,STL,0,RHH,1,Low,Low,low
1,1,0,0,0,0,1,2026-06-24,other,822965,8,away,668674,6,77.8,34.8,51.2,51,R,Lucas Erceg,KCR,3,TBR,0,RHH,0,High,Mid,medium
2,0,2,0,2,1,1,2026-06-26,other,824582,15,away,668674,5,32.2,45.8,54.2,79.5,R,Lucas Erceg,KCR,5,CHW,0,LHH,0,Low,Mid,low
0,0,0,1,0,0,1,2026-06-28,hold,824580,18,away,668674,7,32.2,45.8,54.2,79.5,R,Lucas Erceg,KCR,3,CHW,0,LHH,0,Low,Mid,high
0,0,0,0,0,0,1,2026-06-30,other,824096,13,home,668674,9,77.8,34.8,51.2,51,R,Lucas Erceg,KCR,3,TBR,0,RHH,0,High,Mid,high
1,0,1,1,1,0,1,2026-07-04,other,824092,21,home,668674,7,32.1,30.7,33.4,37.3,R,Lucas Erceg,KCR,5,PHI,0,LHH,0,Low,Low,medium
0,0,0,0,0,0,1,2026-07-07,other,823607,5,away,668674,9,30.6,40,42.5,53.8,R,Lucas Erceg,KCR,3,NYM,0,LHH,0,Low,Low,high
1,0,0,0,0,0,1.1,2026-07-09,other,823606,15,away,668674,5,30.6,40,42.5,53.8,R,Lucas Erceg,KCR,5,NYM,0,,1,Low,Low,low
1,2,1,0,1,1,1,2026-07-12,other,824814,25,away,668674,7,31.6,69.3,61.4,73.6,R,Lucas Erceg,KCR,5,BAL,0,RHH,0,Low,Mid,medium
2,0,3,0,1,0,1,2026-07-17,other,824090,24,home,668674,10,40.5,52.4,53.2,63.3,R,Lucas Erceg,KCR,6,SDP,0,RHH,0,Low,Mid,high
1,0,1,2,1,1,0.1,2026-07-19,other,824086,26,home,668674,8,40.5,52.4,53.2,63.3,R,Lucas Erceg,KCR,5,SDP,3,RHH,3,Low,Mid,high
1,0,0,0,0,0,1,2026-07-26,other,824246,10,away,668674,6,43.2,42.5,49.7,62.5,R,Lucas Erceg,KCR,3,DET,0,LHH,0,Low,Low,medium
1,1,3,1,3,0,0.2,2026-07-30,hold,823674,22,away,668674,9,39.7,33.8,47.1,67.6,R,Lucas Erceg,KCR,5,MIN,0,LHH,0,Low,Low,high
4,1,3,1,3,0,1,2026-08-01,other,824326,31,away,668674,8,34.5,31.8,26.1,13.5,R,Lucas Erceg,KCR,8,COL,0,LHH,0,Low,Low,high
1,0,0,0,0,0,1,2026-08-07,other,824081,12,home,668674,9,62.9,82.6,69.2,58.4,R,Lucas Erceg,KCR,4,CHC,0,RHH,0,Mid,High,high
2,2,0,0,0,0,1,2026-08-09,other,824078,17,home,668674,8,62.9,82.6,69.2,58.4,R,Lucas Erceg,KCR,5,CHC,0,LHH,0,Mid,High,high
1,0,1,2,0,0,0.1,2026-08-11,other,823917,7,away,668674,10,68.3,95.7,82.8,78.2,R,Lucas Erceg,KCR,4,LAD,0,LHH,0,High,High,high
3,2,0,1,0,0,1.2,2026-04-19,other,823556,38,away,696131,5,38.8,75.1,66.4,76,R,Mason Black,KCR,9,NYY,0,LHH,1,Low,High,low
1,1,0,1,0,0,1,2026-04-22,other,824123,24,home,696131,9,31.6,69.3,61.4,73.6,R,Mason Black,KCR,4,BAL,0,,0,Low,Mid,high
2,2,0,0,0,0,1,2026-04-25,other,824121,18,home,696131,9,22.6,13.1,27.4,47.2,R,Mason Black,KCR,5,LAA,0,RHH,0,Low,Low,high
1,0,0,0,0,0,1,2026-04-29,other,825015,20,away,696131,8,42.3,37.3,48.1,64.7,R,Mason Black,KCR,4,ATH,0,,0,Low,Low,high
1,2,2,1,2,1,2,2026-05-27,other,824104,34,home,696131,8,38.8,75.1,66.4,76,R,Mason Black,KCR,8,NYY,0,LHH,0,Low,High,high
0,1,0,0,0,0,1,2026-05-31,other,822895,11,away,696131,7,36.6,27.1,36.4,46.9,R,Mason Black,KCR,3,TEX,0,RHH,0,Low,Low,medium
2,1,0,0,0,0,1,2026-06-01,other,824510,15,away,696131,8,32.7,40.9,35.4,31,R,Mason Black,KCR,5,CIN,0,LHH,0,Low,Low,high
0,1,0,0,0,0,1,2026-06-07,other,823696,10,away,696131,8,39.7,33.8,47.1,67.6,R,Mason Black,KCR,3,MIN,0,RHH,0,Low,Low,high
2,2,1,2,1,0,1.2,2026-06-10,blown_hold,824103,39,home,696131,4,36.6,27.1,36.4,46.9,R,Mason Black,KCR,9,TEX,1,RHH,1,Low,Low,medium
3,3,1,3,1,1,2.1,2026-06-12,other,824102,48,home,696131,1,38.5,45.2,48.8,60.3,R,Mason Black,KCR,13,HOU,3,,3,Low,Low,low
1,0,1,1,1,1,2,2026-06-15,other,822724,36,away,696131,5,43.7,67,67.7,85.6,R,Mason Black,KCR,8,WSN,2,,2,Low,High,medium
3,0,2,2,2,0,2,2026-06-18,other,824098,40,home,696131,6,41,40.4,42.1,44.7,R,Mason Black,KCR,11,STL,0,RHH,0,Low,Low,low
3,2,2,3,2,1,5,2026-08-07,other,824081,86,home,696131,4,62.9,82.6,69.2,58.4,R,Mason Black,KCR,21,CHC,0,,0,Mid,High,medium
0,0,0,0,0,0,1,2026-05-20,other,823703,11,away,663878,8,39.7,33.8,47.1,67.6,R,Nate Pearson,KCR,3,MIN,0,LHH,0,Low,Low,high
0,0,0,1,0,0,1,2026-05-24,save,824676,20,away,663878,9,62.9,82.6,69.2,58.4,R,Nate Pearson,KCR,4,CHC,0,,0,Mid,High,high
1,2,0,1,0,0,0.2,2026-05-28,other,822896,20,away,663878,7,36.6,27.1,36.4,46.9,R,Nate Pearson,KCR,4,TEX,0,RHH,0,Low,Low,medium
1,0,0,0,0,0,1,2026-05-31,other,824187,12,home,663878,9,67.4,75.3,66.3,55.3,R,Nate Pearson,KCR,3,MIL,0,LHH,0,High,High,high
3,3,3,1,3,1,1,2026-06-03,other,824188,33,home,663878,7,33.5,60.7,62.1,84.2,R,Nate Pearson,KCR,7,PIT,0,RHH,0,Low,Mid,high
0,2,0,1,0,0,2,2026-06-07,other,824183,33,home,663878,7,42.3,37.3,48.1,64.7,R,Nate Pearson,KCR,7,ATH,0,,0,Low,Low,medium
1,1,0,0,0,0,2,2026-06-12,other,824102,15,away,663878,6,57,42.9,50.8,55.5,R,Nate Pearson,KCR,7,KCR,0,LHH,0,Mid,Mid,low
1,2,0,0,0,0,1,2026-06-14,other,824099,14,away,663878,8,57,42.9,50.8,55.5,R,Nate Pearson,KCR,4,KCR,0,,0,Mid,Mid,high
4,0,2,0,2,0,1,2026-06-20,other,824180,24,home,663878,7,50,36.8,42.8,44.4,R,Nate Pearson,KCR,6,CLE,0,LHH,0,Mid,Low,medium
1,2,2,1,0,0,1,2026-06-23,other,822799,21,away,663878,8,54.7,7.6,29.4,36.4,R,Nate Pearson,KCR,6,TOR,0,,0,Mid,Low,high
1,1,0,2,0,0,3,2026-06-26,other,824255,48,away,663878,4,43.2,42.5,49.7,62.5,R,Nate Pearson,KCR,10,DET,1,LHH,1,Low,Low,low
1,0,1,1,1,0,1.1,2026-06-29,other,824176,18,home,663878,6,39.7,33.8,47.1,67.6,R,Nate Pearson,KCR,6,MIN,0,LHH,2,Low,Low,high
1,1,2,1,2,0,1,2026-07-01,other,824174,28,home,663878,5,39.7,33.8,47.1,67.6,R,Nate Pearson,KCR,5,MIN,0,LHH,0,Low,Low,low
0,0,0,2,0,0,1,2026-07-04,other,824171,18,home,663878,5,77.8,34.8,51.2,51,R,Nate Pearson,KCR,5,TBR,0,LHH,0,High,Mid,medium
1,1,0,0,0,0,1,2026-07-06,other,822712,13,away,663878,7,43.7,67,67.7,85.6,R,Nate Pearson,KCR,3,WSN,0,LHH,0,Low,High,medium
0,1,0,1,0,0,1,2026-07-08,other,822710,18,away,663878,7,43.7,67,67.7,85.6,R,Nate Pearson,KCR,4,WSN,0,LHH,0,Low,High,medium
0,0,0,1,0,0,1,2026-07-26,other,824246,16,away,663878,7,43.2,42.5,49.7,62.5,R,Nate Pearson,KCR,3,DET,0,LHH,0,Low,Low,high
0,0,0,0,0,0,1,2026-07-31,other,824325,7,away,663878,7,34.5,31.8,26.1,13.5,R,Nate Pearson,KCR,3,COL,0,RHH,0,Low,Low,high
0,1,0,0,0,0,1,2026-08-02,other,824323,9,away,663878,7,34.5,31.8,26.1,13.5,R,Nate Pearson,KCR,3,COL,0,LHH,0,Low,Low,medium
1,0,0,0,0,0,1,2026-08-04,other,824084,11,home,663878,9,39.7,33.8,47.1,67.6,R,Nate Pearson,KCR,4,MIN,0,RHH,0,Low,Low,high
1,1,0,1,0,0,0.2,2026-08-06,blown_save,824080,18,home,663878,8,39.7,33.8,47.1,67.6,R,Nate Pearson,KCR,5,MIN,2,LHH,2,Low,Low,high
1,2,0,0,0,0,1,2026-08-08,save,824079,19,home,663878,9,62.9,82.6,69.2,58.4,R,Nate Pearson,KCR,4,CHC,0,LHH,0,Mid,High,high
0,2,0,0,0,0,1,2026-08-11,other,823917,11,away,663878,9,68.3,95.7,82.8,78.2,R,Nate Pearson,KCR,3,LAD,0,LHH,0,High,High,high
2,8,0,3,0,0,7,2026-07-24,other,824248,97,away,702070,2,43.2,42.5,49.7,62.5,R,Noah Cameron,KCR,24,DET,0,RHH,0,Low,Low,medium
6,2,2,1,2,1,4,2026-07-02,other,824093,64,home,677976,3,77.8,34.8,51.2,51,R,Randy Dobnak,KCR,18,TBR,0,LHH,0,High,Mid,medium
3,2,0,3,0,0,5.2,2026-07-08,other,823605,95,away,677976,2,30.6,40,42.5,53.8,R,Randy Dobnak,KCR,23,NYM,0,LHH,0,Low,Low,medium
0,1,0,0,0,0,0.2,2026-04-01,other,824136,7,home,674444,8,39.7,33.8,47.1,67.6,R,Steven Cruz,KCR,2,MIN,0,,3,Low,Low,high
3,1,3,0,3,3,1,2026-04-02,other,824133,27,home,674444,9,39.7,33.8,47.1,67.6,R,Steven Cruz,KCR,6,MIN,0,LHH,0,Low,Low,high
0,1,0,0,0,0,1,2026-04-04,other,824132,18,home,674444,9,67.4,75.3,66.3,55.3,R,Steven Cruz,KCR,3,MIL,0,LHH,0,High,High,high
0,1,0,2,0,0,1,2026-04-05,other,824131,16,home,674444,8,67.4,75.3,66.3,55.3,R,Steven Cruz,KCR,5,MIL,0,LHH,0,High,High,high
4,3,5,2,5,1,1.1,2026-04-08,other,824455,41,away,674444,7,50,36.8,42.8,44.4,R,Steven Cruz,KCR,10,CLE,0,LHH,0,Mid,Low,medium
0,2,0,0,0,0,1,2026-05-09,other,824115,15,home,674444,9,43.2,42.5,49.7,62.5,R,Steven Cruz,KCR,3,DET,0,LHH,0,Low,Low,high
1,2,0,1,0,0,1,2026-05-10,other,824113,21,home,674444,9,43.2,42.5,49.7,62.5,R,Steven Cruz,KCR,5,DET,0,LHH,0,Low,Low,high
0,2,0,1,0,0,1,2026-05-13,other,824603,22,away,674444,6,32.2,45.8,54.2,79.5,R,Steven Cruz,KCR,5,CHW,0,LHH,0,Low,Mid,medium
1,0,1,1,0,0,0.2,2026-05-15,other,823061,5,away,674444,11,41,40.4,42.1,44.7,R,Steven Cruz,KCR,4,STL,0,RHH,0,Low,Low,high
0,0,0,1,0,0,1,2026-05-18,other,824114,11,home,674444,9,43,41.3,32.9,16,R,Steven Cruz,KCR,4,BOS,0,LHH,0,Low,Low,high
2,1,2,0,2,1,0.2,2026-05-20,blown_save,824111,18,home,674444,7,43,41.3,32.9,16,R,Steven Cruz,KCR,4,BOS,0,LHH,0,Low,Low,high
2,4,1,1,1,1,1.2,2026-05-26,other,824106,39,home,674444,6,38.8,75.1,66.4,76,R,Steven Cruz,KCR,8,NYY,0,,2,Low,High,high
1,1,2,1,2,1,1,2026-05-29,other,822894,21,away,674444,6,36.6,27.1,36.4,46.9,R,Steven Cruz,KCR,5,TEX,0,LHH,0,Low,Low,low
1,1,0,1,0,0,1,2026-05-31,other,822895,15,away,674444,6,36.6,27.1,36.4,46.9,R,Steven Cruz,KCR,4,TEX,0,,0,Low,Low,low
1,2,0,0,0,0,1.1,2026-06-05,other,823699,18,away,674444,6,39.7,33.8,47.1,67.6,R,Steven Cruz,KCR,5,MIN,0,RHH,0,Low,Low,medium
0,2,0,0,0,0,1.1,2026-06-09,other,824105,10,home,674444,6,36.6,27.1,36.4,46.9,R,Steven Cruz,KCR,4,TEX,0,RHH,0,Low,Low,medium
2,1,0,1,0,0,1,2026-06-10,other,824103,19,home,674444,6,36.6,27.1,36.4,46.9,R,Steven Cruz,KCR,5,TEX,0,RHH,0,Low,Low,medium
0,1,0,0,0,0,2,2026-06-12,other,824102,21,home,674444,4,38.5,45.2,48.8,60.3,R,Steven Cruz,KCR,6,HOU,0,LHH,0,Low,Low,low
0,1,0,0,0,0,0.2,2026-06-14,hold,824099,8,home,674444,8,38.5,45.2,48.8,60.3,R,Steven Cruz,KCR,2,HOU,0,,2,Low,Low,high
4,3,3,1,3,1,1.2,2026-06-21,other,824095,37,home,674444,4,41,40.4,42.1,44.7,R,Steven Cruz,KCR,10,STL,0,,0,Low,Low,medium
1,0,0,0,0,0,1,2026-06-23,other,822963,10,away,674444,6,77.8,34.8,51.2,51,R,Steven Cruz,KCR,4,TBR,0,,0,High,Mid,low
0,1,0,0,0,0,1,2026-06-28,other,824580,11,away,674444,5,32.2,45.8,54.2,79.5,R,Steven Cruz,KCR,3,CHW,0,LHH,0,Low,Mid,medium
0,1,0,0,0,0,1,2026-06-30,other,824096,7,home,674444,8,77.8,34.8,51.2,51,R,Steven Cruz,KCR,3,TBR,0,RHH,0,High,Mid,high
1,0,0,1,0,0,1,2026-07-02,other,824093,16,home,674444,9,77.8,34.8,51.2,51,R,Steven Cruz,KCR,4,TBR,0,,0,High,Mid,high
1,2,0,1,0,0,1,2026-07-06,other,824089,18,home,674444,6,32.1,30.7,33.4,37.3,R,Steven Cruz,KCR,5,PHI,0,RHH,0,Low,Low,low
0,1,0,0,0,0,1,2026-07-10,other,824817,13,away,674444,6,31.6,69.3,61.4,73.6,R,Steven Cruz,KCR,3,BAL,0,LHH,0,Low,Mid,medium
0,0,0,0,0,0,1,2026-07-12,other,824814,6,away,674444,5,31.6,69.3,61.4,73.6,R,Steven Cruz,KCR,3,BAL,0,RHH,0,Low,Mid,medium
1,1,0,0,0,0,1,2026-07-17,other,824090,14,home,674444,7,40.5,52.4,53.2,63.3,R,Steven Cruz,KCR,4,SDP,0,RHH,0,Low,Mid,high
0,0,0,0,0,0,0.2,2026-07-18,other,824088,2,home,674444,5,40.5,52.4,53.2,63.3,R,Steven Cruz,KCR,1,SDP,0,RHH,3,Low,Mid,medium
0,0,0,0,0,0,1,2026-07-20,hold,824087,10,home,674444,7,35.1,17.2,38.2,64.4,R,Steven Cruz,KCR,3,SFG,0,LHH,0,Low,Low,high
1,1,1,0,1,1,1,2026-07-22,save,824083,10,home,674444,9,35.1,17.2,38.2,64.4,R,Steven Cruz,KCR,4,SFG,0,,0,Low,Low,high
2,1,1,0,1,0,1,2026-07-23,other,824247,29,away,674444,8,43.2,42.5,49.7,62.5,R,Steven Cruz,KCR,6,DET,0,RHH,0,Low,Low,high
1,2,0,1,0,0,1,2026-07-26,save,824246,22,away,674444,9,43.2,42.5,49.7,62.5,R,Steven Cruz,KCR,5,DET,0,LHH,0,Low,Low,high
1,1,0,0,0,0,1,2026-07-28,hold,823676,15,away,674444,8,39.7,33.8,47.1,67.6,R,Steven Cruz,KCR,3,MIN,0,LHH,0,Low,Low,high
0,0,0,0,0,0,1,2026-07-29,other,823677,6,away,674444,9,39.7,33.8,47.1,67.6,R,Steven Cruz,KCR,3,MIN,0,LHH,0,Low,Low,high
0,1,0,0,0,0,1,2026-08-02,other,824323,11,away,674444,8,34.5,31.8,26.1,13.5,R,Steven Cruz,KCR,3,COL,0,LHH,0,Low,Low,high
2,0,1,0,1,1,1,2026-08-04,other,824084,18,home,674444,8,39.7,33.8,47.1,67.6,R,Steven Cruz,KCR,5,MIN,0,LHH,0,Low,Low,high
0,1,0,0,0,0,1,2026-08-05,save,824082,16,home,674444,9,39.7,33.8,47.1,67.6,R,Steven Cruz,KCR,3,MIN,0,LHH,0,Low,Low,high
1,1,0,0,0,0,1,2026-08-08,hold,824079,20,home,674444,8,62.9,82.6,69.2,58.4,R,Steven Cruz,KCR,4,CHC,0,,0,Mid,High,high
1,1,1,1,1,0,1.1,2026-08-11,other,823917,24,away,674444,7,68.3,95.7,82.8,78.2,R,Steven Cruz,KCR,7,LAD,0,LHH,1,High,High,high
0,1,0,1,0,0,1,2026-08-05,other,824806,16,away,690829,7,31.6,69.3,61.4,73.6,R,Ben Joyce,LAA,3,BAL,0,,0,Low,Mid,high
1,1,0,0,0,0,1,2026-08-07,hold,823836,16,away,690829,8,40.1,39.3,48.6,65.4,R,Ben Joyce,LAA,4,MIA,0,,0,Low,Low,high
0,1,0,0,0,0,1,2026-08-10,other,823998,14,home,690829,8,36.6,27.1,36.4,46.9,R,Ben Joyce,LAA,3,TEX,0,RHH,0,Low,Low,high
2,0,0,0,0,0,1,2026-08-07,hold,823836,15,away,676620,7,40.1,39.3,48.6,65.4,R,Blake Weiman,LAA,5,MIA,0,RHH,0,Low,Low,high
0,2,0,0,0,0,1,2026-08-09,other,823835,17,away,676620,6,40.1,39.3,48.6,65.4,R,Blake Weiman,LAA,3,MIA,0,LHH,0,Low,Low,low
2,1,0,0,0,0,0.2,2026-08-10,other,823998,12,home,676620,10,36.6,27.1,36.4,46.9,R,Blake Weiman,LAA,4,TEX,3,RHH,3,Low,Low,high
0,2,0,0,0,0,1,2026-04-27,other,824609,14,away,820862,8,32.2,45.8,54.2,79.5,R,José Fermin,LAA,3,CHW,0,LHH,0,Low,Mid,high
0,1,0,0,0,0,1.2,2026-04-28,other,824610,20,away,820862,7,32.2,45.8,54.2,79.5,R,José Fermin,LAA,7,CHW,1,RHH,3,Low,Mid,high
1,1,1,0,1,1,1,2026-05-01,other,824041,21,home,820862,7,30.6,40,42.5,53.8,R,José Fermin,LAA,4,NYM,0,,0,Low,Low,high
1,2,0,0,0,0,1,2026-05-05,other,824040,11,home,820862,5,32.2,45.8,54.2,79.5,R,José Fermin,LAA,4,CHW,0,,0,Low,Mid,medium
0,2,0,0,0,0,1.1,2026-05-08,other,822822,18,away,820862,4,54.7,7.6,29.4,36.4,R,José Fermin,LAA,4,TOR,0,RHH,2,Mid,Low,medium
1,0,3,3,3,0,0.2,2026-05-11,other,824441,26,away,820862,2,50,36.8,42.8,44.4,R,José Fermin,LAA,6,CLE,2,LHH,3,Mid,Low,medium
0,0,0,0,0,0,1,2026-05-12,other,824442,8,away,820862,8,50,36.8,42.8,44.4,R,José Fermin,LAA,3,CLE,0,LHH,0,Mid,Low,high
1,1,0,0,0,0,1,2026-05-16,other,824038,23,home,820862,7,68.3,95.7,82.8,78.2,R,José Fermin,LAA,4,LAD,0,RHH,0,High,High,medium
1,0,0,0,0,0,0.1,2026-05-17,other,824034,5,home,820862,4,68.3,95.7,82.8,78.2,R,José Fermin,LAA,2,LAD,1,,2,High,High,low
1,0,0,1,0,0,0.1,2026-05-19,other,824033,15,home,820862,6,42.3,37.3,48.1,64.7,R,José Fermin,LAA,3,ATH,2,LHH,2,Low,Low,high
1,1,0,2,0,0,1,2026-05-21,other,824031,24,home,820862,8,42.3,37.3,48.1,64.7,R,José Fermin,LAA,6,ATH,0,,0,Low,Low,high
1,1,0,2,0,0,1,2026-05-23,hold,824030,29,home,820862,8,36.6,27.1,36.4,46.9,R,José Fermin,LAA,6,TEX,0,RHH,0,Low,Low,high
0,3,0,0,0,0,1.1,2026-05-26,other,824275,15,away,820862,6,43.2,42.5,49.7,62.5,R,José Fermin,LAA,4,DET,0,RHH,2,Low,Low,high
0,1,0,1,0,0,1,2026-05-28,hold,824272,13,away,820862,7,43.2,42.5,49.7,62.5,R,José Fermin,LAA,3,DET,0,RHH,0,Low,Low,high
0,1,0,2,0,0,0.2,2026-05-30,hold,822975,20,away,820862,6,77.8,34.8,51.2,51,R,José Fermin,LAA,4,TBR,0,,0,High,Mid,medium
4,2,5,2,5,1,0.2,2026-06-01,blown_save,824027,39,home,820862,8,34.5,31.8,26.1,13.5,R,José Fermin,LAA,8,COL,0,,0,Low,Low,high
1,0,0,1,0,0,1,2026-06-15,other,825071,18,away,820862,8,58.2,31.7,40.5,37.8,R,José Fermin,LAA,5,ARI,0,RHH,0,Mid,Low,high
2,0,0,0,0,0,1,2026-06-17,other,825072,15,away,820862,4,58.2,31.7,40.5,37.8,R,José Fermin,LAA,4,ARI,0,,0,Mid,Low,low
2,3,0,0,0,0,1.1,2026-06-22,other,824016,26,home,820862,5,31.6,69.3,61.4,73.6,R,José Fermin,LAA,6,BAL,0,RHH,2,Low,Mid,low
0,1,0,0,0,0,1.1,2026-06-24,other,824018,14,home,820862,6,31.6,69.3,61.4,73.6,R,José Fermin,LAA,4,BAL,0,RHH,0,Low,Mid,medium
0,1,0,0,0,0,1.1,2026-06-26,other,824014,14,home,820862,7,42.3,37.3,48.1,64.7,R,José Fermin,LAA,4,ATH,0,LHH,2,Low,Low,high
0,1,0,0,0,0,2,2026-06-28,hold,824011,26,home,820862,6,42.3,37.3,48.1,64.7,R,José Fermin,LAA,6,ATH,0,LHH,0,Low,Low,medium
1,2,0,0,0,0,1,2026-07-03,other,824013,23,home,820862,6,43,41.3,32.9,16,R,José Fermin,LAA,4,BOS,0,RHH,0,Low,Low,low
0,1,0,1,0,0,2,2026-07-05,other,824010,27,home,820862,5,43,41.3,32.9,16,R,José Fermin,LAA,7,BOS,0,LHH,0,Low,Low,medium
1,2,1,0,1,1,1,2026-07-08,other,822880,22,away,820862,8,36.6,27.1,36.4,46.9,R,José Fermin,LAA,4,TEX,0,RHH,0,Low,Low,high
0,1,0,1,0,0,1,2026-07-11,other,823682,17,away,820862,8,39.7,33.8,47.1,67.6,R,José Fermin,LAA,4,MIN,0,LHH,0,Low,Low,high
2,2,0,0,0,0,2,2026-07-18,other,824008,29,home,820862,8,43.2,42.5,49.7,62.5,R,José Fermin,LAA,8,DET,0,LHH,0,Low,Low,high
0,2,0,1,0,0,1,2026-07-20,other,824006,21,home,820862,9,41,40.4,42.1,44.7,R,José Fermin,LAA,4,STL,0,,0,Low,Low,high
0,0,0,0,0,0,0.2,2026-07-22,other,824004,9,home,820862,6,41,40.4,42.1,44.7,R,José Fermin,LAA,2,STL,0,RHH,0,Low,Low,medium
0,2,0,0,0,0,1,2026-07-24,other,823196,13,away,820862,6,35.1,17.2,38.2,64.4,R,José Fermin,LAA,3,SFG,0,RHH,0,Low,Low,medium
1,0,3,0,0,0,0.1,2026-07-27,hold,824001,12,home,820862,9,38.5,45.2,48.8,60.3,R,José Fermin,LAA,4,HOU,0,,0,Low,Low,high
1,2,0,1,0,0,0.2,2026-07-28,other,824003,22,home,820862,6,38.5,45.2,48.8,60.3,R,José Fermin,LAA,4,HOU,0,RHH,0,Low,Low,medium
3,4,1,1,1,1,2.2,2026-07-31,other,823999,36,home,820862,5,67.4,75.3,66.3,55.3,R,José Fermin,LAA,12,MIL,2,LHH,2,High,High,low
1,3,2,0,2,1,1,2026-08-05,other,824806,26,away,820862,8,31.6,69.3,61.4,73.6,R,José Fermin,LAA,5,BAL,0,LHH,0,Low,Mid,high
3,0,1,0,1,0,1,2026-08-07,save,823836,19,away,820862,9,40.1,39.3,48.6,65.4,R,José Fermin,LAA,5,MIA,0,RHH,0,Low,Low,high
1,0,0,1,0,0,0.2,2026-08-10,other,823998,18,home,820862,7,36.6,27.1,36.4,46.9,R,José Fermin,LAA,4,TEX,0,,0,Low,Low,high
0,3,0,0,0,0,1.1,2026-08-11,other,823997,12,home,820862,7,36.6,27.1,36.4,46.9,R,José Fermin,LAA,4,TEX,0,LHH,1,Low,Low,high
0,1,0,2,0,0,1,2026-07-31,other,823999,27,home,684665,8,67.4,75.3,66.3,55.3,R,Luke Murphy,LAA,5,MIL,0,LHH,0,High,High,high
0,0,0,1,0,0,1,2026-08-02,hold,823996,12,home,684665,7,67.4,75.3,66.3,55.3,R,Luke Murphy,LAA,3,MIL,0,LHH,0,High,High,high
0,3,0,1,0,0,1.1,2026-08-06,hold,824804,21,away,684665,6,31.6,69.3,61.4,73.6,R,Luke Murphy,LAA,5,BAL,0,,1,Low,Mid,medium
1,0,3,1,2,0,0.1,2026-08-10,other,823998,14,home,684665,10,36.6,27.1,36.4,46.9,R,Luke Murphy,LAA,3,TEX,0,RHH,0,Low,Low,high
2,0,0,1,0,0,1.2,2026-08-11,hold,823997,26,home,684665,6,36.6,27.1,36.4,46.9,R,Luke Murphy,LAA,8,TEX,1,LHH,1,Low,Low,medium
1,1,0,1,0,0,1,2026-05-15,other,824037,21,home,696270,8,68.3,95.7,82.8,78.2,R,Ryan Johnson,LAA,5,LAD,0,LHH,0,High,High,high
3,2,3,1,3,0,2,2026-05-17,other,824034,35,home,696270,8,68.3,95.7,82.8,78.2,R,Ryan Johnson,LAA,10,LAD,0,LHH,0,High,High,high
4,0,5,1,5,2,2,2026-05-19,other,824033,34,home,696270,7,42.3,37.3,48.1,64.7,R,Ryan Johnson,LAA,11,ATH,0,RHH,0,Low,Low,medium
0,1,0,3,0,0,2.1,2026-03-28,other,824540,51,away,670245,6,32.7,40.9,35.4,31,R,Ryan Watson,LAA,10,CIN,0,RHH,2,Low,Low,high
2,2,2,2,2,0,1.1,2026-03-31,other,824212,27,away,670245,5,38.5,45.2,48.8,60.3,R,Ryan Watson,LAA,8,HOU,0,RHH,2,Low,Low,low
1,1,0,1,0,0,1.1,2026-04-04,other,824782,26,home,670245,5,40.5,52.4,53.2,63.3,R,Ryan Watson,LAA,6,SDP,0,RHH,0,Low,Mid,medium
2,0,1,0,1,0,1,2026-04-06,other,824783,10,home,670245,9,67.4,75.3,66.3,55.3,R,Ryan Watson,LAA,5,MIL,0,LHH,0,High,High,high
0,0,0,0,0,0,1,2026-04-08,other,824779,12,home,670245,9,67.4,75.3,66.3,55.3,R,Ryan Watson,LAA,3,MIL,0,RHH,0,High,High,high
1,0,0,0,0,0,1,2026-04-11,other,823074,13,away,670245,9,41,40.4,42.1,44.7,R,Ryan Watson,LAA,5,STL,0,RHH,0,Low,Low,high
2,2,2,0,2,2,2,2026-04-13,other,823725,35,away,670245,5,39.7,33.8,47.1,67.6,R,Ryan Watson,LAA,8,MIN,0,RHH,0,Low,Low,low
3,0,4,1,4,1,1,2026-04-15,other,823722,29,away,670245,9,39.7,33.8,47.1,67.6,R,Ryan Watson,LAA,7,MIN,0,LHH,0,Low,Low,high
2,0,0,0,0,0,1,2026-04-19,other,824777,16,home,670245,6,43.2,42.5,49.7,62.5,R,Ryan Watson,LAA,5,DET,0,RHH,0,Low,Low,low
4,0,3,0,3,0,1.1,2026-04-20,hold,824776,29,home,670245,8,43.2,42.5,49.7,62.5,R,Ryan Watson,LAA,8,DET,0,,0,Low,Low,high
0,2,0,0,0,0,0.2,2026-04-23,other,824770,12,home,670245,9,38.8,75.1,66.4,76,R,Ryan Watson,LAA,2,NYY,0,,0,Low,High,high
4,2,1,0,1,0,2,2026-04-24,other,824854,43,away,670245,7,31.6,69.3,61.4,73.6,R,Ryan Watson,LAA,10,BAL,0,RHH,0,Low,Mid,medium
1,1,0,0,0,0,1.2,2026-04-28,other,822823,18,away,670245,7,54.7,7.6,29.4,36.4,R,Ryan Watson,LAA,6,TOR,0,RHH,1,Mid,Low,medium
3,4,1,1,1,1,3,2026-05-02,other,824771,39,home,670245,5,38.5,45.2,48.8,60.3,R,Ryan Watson,LAA,13,HOU,0,RHH,0,Low,Low,low
5,2,3,1,3,1,3,2026-05-07,other,824767,51,home,670245,7,77.8,34.8,51.2,51,R,Ryan Watson,LAA,15,TBR,0,,0,High,Mid,high
0,2,0,0,0,0,1,2026-05-14,other,824762,10,home,670245,9,32.1,30.7,33.4,37.3,R,Ryan Watson,LAA,3,PHI,0,LHH,0,Low,Low,high
0,4,1,3,1,0,3,2026-05-17,other,824923,48,away,670245,6,51.3,55.8,59,68.1,R,Ryan Watson,LAA,12,ATL,0,LHH,0,Mid,Mid,low
1,3,0,0,0,0,2,2026-05-23,other,824760,20,home,670245,8,39.7,33.8,47.1,67.6,R,Ryan Watson,LAA,7,MIN,0,RHH,0,Low,Low,high
1,1,0,1,0,0,1,2026-05-24,other,824759,20,home,670245,9,39.7,33.8,47.1,67.6,R,Ryan Watson,LAA,5,MIN,0,LHH,0,Low,Low,high
1,1,0,1,0,0,2,2026-05-27,other,824756,34,home,670245,8,51.3,55.8,59,68.1,R,Ryan Watson,LAA,8,ATL,0,LHH,0,Mid,Mid,high
2,1,2,0,2,1,1,2026-05-28,other,824757,20,home,670245,9,51.3,55.8,59,68.1,R,Ryan Watson,LAA,5,ATL,0,LHH,0,Mid,Mid,high
2,2,1,2,1,0,3,2026-06-03,save,824755,53,home,670245,7,31.6,69.3,61.4,73.6,R,Ryan Watson,LAA,13,BAL,0,LHH,0,Low,Mid,medium
3,0,1,0,1,0,2,2026-06-10,other,822970,35,away,670245,6,77.8,34.8,51.2,51,R,Ryan Watson,LAA,9,TBR,0,RHH,0,High,Mid,low
1,1,0,0,0,0,2,2026-06-14,other,824751,26,home,670245,7,36.6,27.1,36.4,46.9,R,Ryan Watson,LAA,8,TEX,0,,0,Low,Low,medium
1,1,2,1,2,1,2,2026-06-16,other,824750,31,home,670245,8,54.7,7.6,29.4,36.4,R,Ryan Watson,LAA,8,TOR,0,RHH,0,Mid,Low,high
0,2,0,0,0,0,1,2026-06-21,other,823123,12,away,670245,8,43.3,45.2,49.2,57.9,R,Ryan Watson,LAA,3,SEA,0,LHH,0,Low,Low,high
1,0,0,0,0,0,1,2026-06-26,other,824743,13,home,670245,9,38.8,75.1,66.4,76,R,Ryan Watson,LAA,4,NYY,0,LHH,0,Low,High,high
0,0,0,0,0,0,1,2026-06-30,other,824742,10,home,670245,9,43.7,67,67.7,85.6,R,Ryan Watson,LAA,3,WSN,0,RHH,0,Low,High,high
3,1,1,1,1,0,2,2026-07-01,other,824740,32,home,670245,4,43.7,67,67.7,85.6,R,Ryan Watson,LAA,8,WSN,3,LHH,3,Low,High,low
0,2,0,0,0,0,1,2026-07-07,other,824579,15,away,670245,9,32.2,45.8,54.2,79.5,R,Ryan Watson,LAA,3,CHW,0,RHH,0,Low,Mid,high
1,2,1,0,1,1,2,2026-07-18,other,824738,23,home,670245,6,77.8,34.8,51.2,51,R,Ryan Watson,LAA,7,TBR,0,RHH,0,High,Mid,medium
1,2,0,1,0,0,1,2026-07-19,other,824739,19,home,670245,9,77.8,34.8,51.2,51,R,Ryan Watson,LAA,5,TBR,0,LHH,0,High,Mid,high
1,0,0,0,0,0,1,2026-07-22,other,824732,14,home,670245,8,31.6,69.3,61.4,73.6,R,Ryan Watson,LAA,4,BAL,0,RHH,0,Low,Mid,high
3,1,1,0,1,0,2,2026-07-26,other,824730,30,home,670245,8,54.7,7.6,29.4,36.4,R,Ryan Watson,LAA,9,TOR,0,RHH,0,Mid,Low,high
2,0,1,0,1,0,1,2026-07-28,other,824976,12,away,670245,8,42.3,37.3,48.1,64.7,R,Ryan Watson,LAA,5,ATH,0,RHH,0,Low,Low,high
2,0,1,0,0,0,1,2026-08-09,other,823835,26,away,670245,7,40.1,39.3,48.6,65.4,R,Ryan Watson,LAA,6,MIA,0,,0,Low,Low,medium
1,3,1,0,1,1,2,2026-06-11,other,824346,26,home,671111,8,62.9,82.6,69.2,58.4,R,Sammy Peralta,LAA,8,CHC,0,RHH,0,Mid,High,high
0,3,0,1,0,0,2,2026-06-06,other,823942,31,away,696519,4,68.3,95.7,82.8,78.2,R,Samy Natera Jr.,LAA,7,LAD,0,,0,High,High,low
0,1,0,0,0,0,0.2,2026-06-08,other,824025,9,home,696519,6,38.5,45.2,48.8,60.3,R,Samy Natera Jr.,LAA,2,HOU,0,RHH,1,Low,Low,medium
0,2,0,2,0,0,2,2026-06-13,hold,824019,29,home,696519,6,77.8,34.8,51.2,51,R,Samy Natera Jr.,LAA,8,TBR,0,LHH,0,High,Mid,medium
1,2,0,1,0,0,1.1,2026-06-20,other,824988,28,away,696519,6,42.3,37.3,48.1,64.7,R,Samy Natera Jr.,LAA,6,ATH,0,RHH,0,Low,Low,low
1,0,1,1,1,0,0.1,2026-06-23,other,824017,14,home,696519,7,31.6,69.3,61.4,73.6,R,Samy Natera Jr.,LAA,3,BAL,0,LHH,0,Low,Mid,medium
0,2,0,0,0,0,1.2,2026-06-24,other,824018,27,home,696519,7,31.6,69.3,61.4,73.6,R,Samy Natera Jr.,LAA,5,BAL,0,,0,Low,Mid,medium
1,2,0,0,0,0,1.1,2026-06-28,save,824011,24,home,696519,8,42.3,37.3,48.1,64.7,R,Samy Natera Jr.,LAA,5,ATH,0,LHH,2,Low,Low,high
0,3,0,0,0,0,1.1,2026-07-02,other,823119,19,away,696519,6,43.3,45.2,49.2,57.9,R,Samy Natera Jr.,LAA,4,SEA,0,LHH,3,Low,Low,high
3,0,4,1,4,1,0.2,2026-07-04,other,824012,23,home,696519,5,43,41.3,32.9,16,R,Samy Natera Jr.,LAA,7,BOS,0,RHH,0,Low,Low,medium
0,5,0,0,0,0,2,2026-07-08,other,822880,24,away,696519,5,36.6,27.1,36.4,46.9,R,Samy Natera Jr.,LAA,6,TEX,0,LHH,0,Low,Low,low
2,2,0,1,0,0,1.2,2026-07-10,hold,823685,34,away,696519,6,39.7,33.8,47.1,67.6,R,Samy Natera Jr.,LAA,8,MIN,2,RHH,2,Low,Low,high
0,0,0,0,0,0,0.1,2026-07-17,other,824009,3,home,696519,9,43.2,42.5,49.7,62.5,R,Samy Natera Jr.,LAA,1,DET,0,RHH,1,Low,Low,high
0,2,0,0,0,0,1,2026-07-19,hold,824007,13,home,696519,6,43.2,42.5,49.7,62.5,R,Samy Natera Jr.,LAA,3,DET,0,RHH,0,Low,Low,medium
0,2,0,0,0,0,1,2026-07-20,other,824006,13,home,696519,8,41,40.4,42.1,44.7,R,Samy Natera Jr.,LAA,3,STL,0,LHH,0,Low,Low,high
1,2,0,0,0,0,1,2026-07-22,other,824004,21,home,696519,7,41,40.4,42.1,44.7,R,Samy Natera Jr.,LAA,4,STL,0,RHH,0,Low,Low,high
0,1,0,0,0,0,1,2026-07-24,other,823196,12,away,696519,8,35.1,17.2,38.2,64.4,R,Samy Natera Jr.,LAA,3,SFG,0,LHH,0,Low,Low,high
0,1,0,1,0,0,1,2026-07-26,hold,823194,20,away,696519,6,35.1,17.2,38.2,64.4,R,Samy Natera Jr.,LAA,4,SFG,0,,0,Low,Low,medium
0,2,0,1,0,0,1.1,2026-07-28,other,824003,21,home,696519,7,38.5,45.2,48.8,60.3,R,Samy Natera Jr.,LAA,5,HOU,0,,1,Low,Low,high
2,4,1,0,1,0,2,2026-08-01,other,824000,39,home,696519,7,67.4,75.3,66.3,55.3,R,Samy Natera Jr.,LAA,8,MIL,0,LHH,0,High,High,high
1,2,0,0,0,0,1.1,2026-08-06,save,824804,23,away,696519,8,31.6,69.3,61.4,73.6,R,Samy Natera Jr.,LAA,4,BAL,0,RHH,1,Low,Mid,high
1,2,0,0,0,0,1,2026-08-10,other,823998,19,home,696519,9,36.6,27.1,36.4,46.9,R,Samy Natera Jr.,LAA,4,TEX,0,,0,Low,Low,high
0,2,0,0,0,0,1,2026-08-11,save,823997,11,home,696519,9,36.6,27.1,36.4,46.9,R,Samy Natera Jr.,LAA,3,TEX,0,RHH,0,Low,Low,high
0,2,1,0,1,0,0.2,2026-05-03,other,824043,11,home,642048,7,30.6,40,42.5,53.8,R,Tayler Saucedo,LAA,3,NYM,0,,1,Low,Low,high
0,0,0,0,0,0,0.1,2026-05-20,other,824032,3,home,642048,9,42.3,37.3,48.1,64.7,R,Tayler Saucedo,LAA,1,ATH,0,LHH,2,Low,Low,high
1,0,0,0,0,0,0.1,2026-05-22,hold,824029,3,home,642048,7,36.6,27.1,36.4,46.9,R,Tayler Saucedo,LAA,1,TEX,1,LHH,2,Low,Low,high
1,1,0,0,0,0,0.2,2026-05-23,hold,824030,12,home,642048,7,36.6,27.1,36.4,46.9,R,Tayler Saucedo,LAA,3,TEX,0,RHH,0,Low,Low,high
1,1,0,0,0,0,0.1,2026-07-05,other,824010,10,home,642048,7,43,41.3,32.9,16,R,Tayler Saucedo,LAA,2,BOS,0,,2,Low,Low,high
2,2,1,0,1,1,1,2026-07-07,blown_save,822881,26,away,642048,7,36.6,27.1,36.4,46.9,R,Tayler Saucedo,LAA,5,TEX,0,RHH,0,Low,Low,high
0,1,0,1,0,0,0.2,2026-08-06,hold,824804,11,away,642048,8,31.6,69.3,61.4,73.6,R,Tayler Saucedo,LAA,3,BAL,0,LHH,0,Low,Mid,high
1,2,1,0,1,0,1.2,2026-08-07,other,823836,20,away,642048,5,40.1,39.3,48.6,65.4,R,Tayler Saucedo,LAA,6,MIA,0,LHH,0,Low,Low,medium
0,0,0,0,0,0,0.1,2026-08-10,other,823998,4,home,642048,7,36.6,27.1,36.4,46.9,R,Tayler Saucedo,LAA,1,TEX,0,LHH,2,Low,Low,high
1,1,1,1,1,0,0.2,2026-08-11,other,823997,15,home,642048,5,36.6,27.1,36.4,46.9,R,Tayler Saucedo,LAA,4,TEX,0,LHH,1,Low,Low,medium
1,1,0,1,0,0,0.2,2026-03-26,hold,824218,14,away,700712,7,38.5,45.2,48.8,60.3,R,Walbert Ureña,LAA,4,HOU,0,RHH,0,Low,Low,high
4,1,6,2,0,0,1,2026-03-28,other,824213,48,away,700712,5,38.5,45.2,48.8,60.3,R,Walbert Ureña,LAA,11,HOU,1,RHH,1,Low,Low,medium
1,0,0,0,0,0,1,2026-03-27,other,823971,16,home,681911,7,58.2,31.7,40.5,37.8,R,Alex Vesia,LAD,4,ARI,0,RHH,0,Mid,Low,high
0,0,0,0,0,0,1,2026-03-28,other,823973,12,home,681911,7,58.2,31.7,40.5,37.8,R,Alex Vesia,LAD,3,ARI,0,RHH,0,Mid,Low,high
0,1,0,0,0,0,1,2026-03-31,hold,823969,14,home,681911,7,50,36.8,42.8,44.4,R,Alex Vesia,LAD,3,CLE,0,RHH,0,Mid,Low,high
1,0,0,1,0,0,1,2026-04-05,other,822756,17,away,681911,6,43.7,67,67.7,85.6,R,Alex Vesia,LAD,5,WSN,0,LHH,0,Low,High,medium
0,1,0,1,0,0,1,2026-04-07,hold,822831,15,away,681911,7,54.7,7.6,29.4,36.4,R,Alex Vesia,LAD,4,TOR,0,RHH,2,Mid,Low,high
0,3,0,1,0,0,1,2026-04-10,hold,823968,19,home,681911,7,36.6,27.1,36.4,46.9,R,Alex Vesia,LAD,4,TEX,0,,0,Low,Low,high
0,1,0,0,0,0,0.1,2026-04-11,save,823967,6,home,681911,9,36.6,27.1,36.4,46.9,R,Alex Vesia,LAD,1,TEX,0,RHH,2,Low,Low,high
0,3,0,0,0,0,1,2026-04-14,save,823965,10,home,681911,9,30.6,40,42.5,53.8,R,Alex Vesia,LAD,3,NYM,0,RHH,0,Low,Low,high
0,1,0,0,0,0,1,2026-04-18,other,824372,15,away,681911,7,34.5,31.8,26.1,13.5,R,Alex Vesia,LAD,3,COL,0,LHH,0,Low,Low,high
0,0,0,0,0,0,0.1,2026-04-19,other,824371,5,away,681911,5,34.5,31.8,26.1,13.5,R,Alex Vesia,LAD,1,COL,0,LHH,2,Low,Low,medium
2,1,2,1,2,0,0.2,2026-04-24,other,823962,20,home,681911,7,62.9,82.6,69.2,58.4,R,Alex Vesia,LAD,5,CHC,1,RHH,1,Mid,High,medium
0,3,0,1,0,0,1,2026-04-27,other,823961,23,home,681911,6,40.1,39.3,48.6,65.4,R,Alex Vesia,LAD,4,MIA,0,,0,Low,Low,medium
0,0,0,0,0,0,0.1,2026-04-29,other,823958,5,home,681911,6,40.1,39.3,48.6,65.4,R,Alex Vesia,LAD,1,MIA,0,RHH,2,Low,Low,high
0,1,0,1,0,0,1,2026-05-02,other,823067,18,away,681911,7,41,40.4,42.1,44.7,R,Alex Vesia,LAD,4,STL,0,LHH,0,Low,Low,medium
0,1,0,0,0,0,1,2026-05-05,other,824200,11,away,681911,8,38.5,45.2,48.8,60.3,R,Alex Vesia,LAD,3,HOU,0,LHH,0,Low,Low,high
0,0,0,0,0,0,0.1,2026-05-08,other,823957,5,home,681911,5,51.3,55.8,59,68.1,R,Alex Vesia,LAD,1,ATL,0,LHH,2,Mid,Mid,medium
3,1,3,1,3,0,0.1,2026-05-11,other,823953,23,home,681911,7,35.1,17.2,38.2,64.4,R,Alex Vesia,LAD,5,SFG,0,LHH,0,Low,Low,high
0,1,0,1,0,0,1,2026-05-14,hold,823950,21,home,681911,8,35.1,17.2,38.2,64.4,R,Alex Vesia,LAD,4,SFG,0,,0,Low,Low,high
1,3,0,0,0,0,1,2026-05-15,other,824037,19,away,681911,7,22.6,13.1,27.4,47.2,R,Alex Vesia,LAD,4,LAA,0,RHH,0,Low,Low,medium
0,2,0,0,0,0,1,2026-05-17,other,824034,13,away,681911,8,22.6,13.1,27.4,47.2,R,Alex Vesia,LAD,3,LAA,0,RHH,0,Low,Low,high
0,0,0,0,0,0,0.2,2026-05-19,other,823302,7,away,681911,6,40.5,52.4,53.2,63.3,R,Alex Vesia,LAD,2,SDP,0,,0,Low,Mid,medium
0,2,0,1,0,0,1,2026-05-23,hold,823787,23,away,681911,6,67.4,75.3,66.3,55.3,R,Alex Vesia,LAD,4,MIL,0,LHH,0,High,High,medium
1,0,0,0,0,0,0.2,2026-05-25,hold,823948,12,home,681911,9,34.5,31.8,26.1,13.5,R,Alex Vesia,LAD,3,COL,0,RHH,0,Low,Low,high
0,1,0,0,0,0,0.1,2026-05-29,hold,823946,6,home,681911,8,32.1,30.7,33.4,37.3,R,Alex Vesia,LAD,1,PHI,0,LHH,1,Low,Low,high
0,1,0,1,0,0,0.2,2026-05-30,hold,823945,12,home,681911,6,32.1,30.7,33.4,37.3,R,Alex Vesia,LAD,3,PHI,0,RHH,2,Low,Low,high
0,1,0,0,0,0,0.2,2026-06-01,other,825078,9,away,681911,7,58.2,31.7,40.5,37.8,R,Alex Vesia,LAD,2,ARI,0,RHH,0,Mid,Low,high
1,0,0,0,0,0,0.2,2026-06-04,blown_save,825076,12,away,681911,8,58.2,31.7,40.5,37.8,R,Alex Vesia,LAD,3,ARI,1,RHH,2,Mid,Low,high
1,2,2,2,2,0,0.2,2026-06-07,other,823941,31,home,681911,5,22.6,13.1,27.4,47.2,R,Alex Vesia,LAD,5,LAA,0,RHH,0,Low,Low,medium
0,0,0,0,0,0,0.1,2026-06-10,hold,823372,9,away,681911,7,33.5,60.7,62.1,84.2,R,Alex Vesia,LAD,2,PIT,1,,1,Low,Mid,high
0,1,0,0,0,0,0.1,2026-06-11,hold,823371,4,away,681911,6,33.5,60.7,62.1,84.2,R,Alex Vesia,LAD,1,PIT,0,LHH,1,Low,Mid,medium
0,0,0,0,0,0,0.2,2026-06-13,other,824587,8,away,681911,9,32.2,45.8,54.2,79.5,R,Alex Vesia,LAD,2,CHW,0,RHH,0,Low,Mid,high
0,0,0,0,0,0,0.1,2026-06-15,hold,823938,2,home,681911,8,77.8,34.8,51.2,51,R,Alex Vesia,LAD,1,TBR,0,LHH,1,High,Mid,high
0,1,0,3,0,0,1,2026-06-17,save,823940,28,home,681911,9,77.8,34.8,51.2,51,R,Alex Vesia,LAD,6,TBR,0,RHH,0,High,Mid,high
0,2,0,1,0,0,1,2026-06-20,other,823937,20,home,681911,8,31.6,69.3,61.4,73.6,R,Alex Vesia,LAD,4,BAL,0,,0,Low,Mid,high
2,3,0,0,0,0,1,2026-06-24,hold,823691,21,away,681911,8,39.7,33.8,47.1,67.6,R,Alex Vesia,LAD,5,MIN,0,RHH,0,Low,Low,high
0,1,0,0,0,0,0.2,2026-06-27,other,823283,10,away,681911,7,40.5,52.4,53.2,63.3,R,Alex Vesia,LAD,2,SDP,0,,3,Low,Mid,high
1,1,1,0,1,0,0.2,2026-06-28,hold,823281,12,away,681911,6,40.5,52.4,53.2,63.3,R,Alex Vesia,LAD,3,SDP,0,LHH,0,Low,Mid,medium
0,1,0,1,0,0,1,2026-07-02,other,823935,19,home,681911,7,40.5,52.4,53.2,63.3,R,Alex Vesia,LAD,4,SDP,0,,0,Low,Mid,medium
0,1,0,0,0,0,0.1,2026-07-04,hold,823932,3,home,681911,8,40.5,52.4,53.2,63.3,R,Alex Vesia,LAD,1,SDP,0,LHH,1,Low,Mid,high
0,0,0,2,0,0,1,2026-07-06,hold,823930,23,home,681911,8,34.5,31.8,26.1,13.5,R,Alex Vesia,LAD,5,COL,0,RHH,0,Low,Low,high
1,2,0,1,0,0,0.2,2026-07-08,other,823928,18,home,681911,8,34.5,31.8,26.1,13.5,R,Alex Vesia,LAD,5,COL,0,RHH,0,Low,Low,high
1,2,0,0,0,0,1,2026-07-10,other,823927,19,home,681911,9,58.2,31.7,40.5,37.8,R,Alex Vesia,LAD,4,ARI,0,RHH,0,Mid,Low,high
1,0,0,2,0,0,1,2026-07-17,hold,823524,12,away,681911,8,38.8,75.1,66.4,76,R,Alex Vesia,LAD,5,NYY,0,LHH,0,Low,High,high
0,3,0,0,0,0,1,2026-07-19,other,823521,10,away,681911,7,38.8,75.1,66.4,76,R,Alex Vesia,LAD,3,NYY,0,LHH,0,Low,High,high
1,1,2,1,2,1,0.2,2026-07-20,other,823436,12,away,681911,6,32.1,30.7,33.4,37.3,R,Alex Vesia,LAD,4,PHI,1,,1,Low,Low,medium
0,1,0,1,0,0,1,2026-07-25,hold,823600,16,away,681911,7,30.6,40,42.5,53.8,R,Alex Vesia,LAD,4,NYM,0,RHH,0,Low,Low,medium
1,2,1,0,1,1,0.2,2026-07-28,other,823923,14,home,681911,8,43.3,45.2,49.2,57.9,R,Alex Vesia,LAD,3,SEA,1,LHH,1,Low,Low,high
0,0,0,1,0,0,1,2026-07-29,other,823924,16,home,681911,7,43.3,45.2,49.2,57.9,R,Alex Vesia,LAD,4,SEA,0,,0,Low,Low,medium
0,1,0,0,0,0,1,2026-08-01,other,823920,10,home,681911,9,43,41.3,32.9,16,R,Alex Vesia,LAD,3,BOS,0,RHH,0,Low,Low,high
2,0,2,0,2,0,0.2,2026-08-04,other,824645,12,away,681911,7,62.9,82.6,69.2,58.4,R,Alex Vesia,LAD,4,CHC,0,RHH,0,Mid,High,high
0,1,0,2,0,0,1,2026-08-08,other,825049,25,away,681911,7,58.2,31.7,40.5,37.8,R,Alex Vesia,LAD,5,ARI,0,RHH,0,Mid,Low,high
0,1,0,0,0,0,1,2026-08-10,other,823918,8,home,681911,6,57,42.9,50.8,55.5,R,Alex Vesia,LAD,3,KCR,0,RHH,0,Mid,Mid,medium
0,1,0,1,0,0,1,2026-08-11,other,823917,21,home,681911,7,57,42.9,50.8,55.5,R,Alex Vesia,LAD,4,KCR,0,LHH,0,Mid,Mid,high
0,1,0,0,0,0,1,2026-03-27,other,823971,13,home,683618,8,58.2,31.7,40.5,37.8,R,Edgardo Henriquez,LAD,3,ARI,0,RHH,0,Mid,Low,high
3,1,2,1,2,0,1,2026-04-03,other,822758,25,away,683618,8,43.7,67,67.7,85.6,R,Edgardo Henriquez,LAD,7,WSN,0,LHH,0,Low,High,high
1,0,1,0,1,0,1,2026-04-04,other,822757,22,away,683618,9,43.7,67,67.7,85.6,R,Edgardo Henriquez,LAD,4,WSN,0,LHH,0,Low,High,high
0,2,0,0,0,0,1,2026-04-06,other,822832,11,away,683618,8,54.7,7.6,29.4,36.4,R,Edgardo Henriquez,LAD,3,TOR,0,RHH,0,Mid,Low,high
1,0,1,2,0,0,1,2026-04-12,other,823966,17,home,683618,5,36.6,27.1,36.4,46.9,R,Edgardo Henriquez,LAD,5,TEX,0,LHH,0,Low,Low,medium
0,2,0,0,0,0,1,2026-04-18,other,824372,12,away,683618,8,34.5,31.8,26.1,13.5,R,Edgardo Henriquez,LAD,3,COL,0,RHH,0,Low,Low,high
2,2,1,0,1,1,1,2026-04-20,other,824370,14,away,683618,8,34.5,31.8,26.1,13.5,R,Edgardo Henriquez,LAD,5,COL,0,LHH,0,Low,Low,high
0,0,0,0,0,0,0.1,2026-04-24,other,823962,1,home,683618,9,62.9,82.6,69.2,58.4,R,Edgardo Henriquez,LAD,1,CHC,0,RHH,0,Mid,High,high
0,1,0,2,0,0,1,2026-04-26,other,823959,24,home,683618,7,62.9,82.6,69.2,58.4,R,Edgardo Henriquez,LAD,5,CHC,0,RHH,0,Mid,High,medium
0,1,0,0,0,0,1,2026-04-27,other,823961,9,home,683618,8,40.1,39.3,48.6,65.4,R,Edgardo Henriquez,LAD,3,MIA,0,RHH,0,Low,Low,high
2,0,3,1,2,0,1,2026-05-01,other,823066,24,away,683618,7,41,40.4,42.1,44.7,R,Edgardo Henriquez,LAD,7,STL,0,RHH,0,Low,Low,high
1,1,0,0,0,0,2,2026-05-06,other,824198,23,away,683618,4,38.5,45.2,48.8,60.3,R,Edgardo Henriquez,LAD,6,HOU,0,RHH,0,Low,Low,low
1,1,1,1,1,0,1.2,2026-05-09,other,823955,34,home,683618,5,51.3,55.8,59,68.1,R,Edgardo Henriquez,LAD,7,ATL,0,,0,Mid,Mid,low
1,1,0,0,0,0,1,2026-05-12,other,823951,14,home,683618,8,35.1,17.2,38.2,64.4,R,Edgardo Henriquez,LAD,4,SFG,0,RHH,0,Low,Low,high
0,1,0,0,0,0,1,2026-05-14,hold,823950,17,home,683618,7,35.1,17.2,38.2,64.4,R,Edgardo Henriquez,LAD,3,SFG,0,RHH,0,Low,Low,medium
0,2,0,0,0,0,1,2026-05-15,other,824037,17,away,683618,3,22.6,13.1,27.4,47.2,R,Edgardo Henriquez,LAD,3,LAA,0,RHH,0,Low,Low,medium
0,1,0,1,0,0,1.1,2026-05-19,other,823302,15,away,683618,5,40.5,52.4,53.2,63.3,R,Edgardo Henriquez,LAD,5,SDP,0,RHH,0,Low,Mid,medium
0,1,0,0,0,0,1,2026-05-20,hold,823299,11,away,683618,6,40.5,52.4,53.2,63.3,R,Edgardo Henriquez,LAD,3,SDP,0,RHH,0,Low,Mid,medium
2,0,1,0,1,0,0.2,2026-05-29,hold,823946,7,home,683618,8,32.1,30.7,33.4,37.3,R,Edgardo Henriquez,LAD,4,PHI,0,,0,Low,Low,high
0,1,0,1,0,0,1,2026-05-31,other,823944,17,home,683618,7,32.1,30.7,33.4,37.3,R,Edgardo Henriquez,LAD,4,PHI,0,,0,Low,Low,medium
1,0,0,0,0,0,1,2026-06-02,hold,825079,19,away,683618,6,58.2,31.7,40.5,37.8,R,Edgardo Henriquez,LAD,5,ARI,0,RHH,0,Mid,Low,medium
0,3,0,0,0,0,1,2026-06-05,other,823943,18,home,683618,8,22.6,13.1,27.4,47.2,R,Edgardo Henriquez,LAD,4,LAA,0,RHH,0,Low,Low,high
0,3,0,0,0,0,1.2,2026-06-07,other,823941,24,home,683618,2,22.6,13.1,27.4,47.2,R,Edgardo Henriquez,LAD,5,LAA,0,RHH,2,Low,Low,medium
3,1,2,0,2,0,0.2,2026-06-11,other,823371,15,away,683618,8,33.5,60.7,62.1,84.2,R,Edgardo Henriquez,LAD,5,PIT,0,RHH,0,Low,Mid,high
1,2,0,0,0,0,1,2026-06-12,other,824588,16,away,683618,6,32.2,45.8,54.2,79.5,R,Edgardo Henriquez,LAD,3,CHW,0,LHH,0,Low,Mid,low
1,0,0,0,0,0,1.1,2026-06-17,hold,823940,11,home,683618,7,77.8,34.8,51.2,51,R,Edgardo Henriquez,LAD,4,TBR,0,LHH,0,High,Mid,high
0,2,0,1,0,0,1,2026-06-20,other,823937,14,home,683618,7,31.6,69.3,61.4,73.6,R,Edgardo Henriquez,LAD,4,BAL,0,RHH,0,Low,Mid,medium
0,1,0,0,0,0,1,2026-06-21,other,823934,11,home,683618,5,31.6,69.3,61.4,73.6,R,Edgardo Henriquez,LAD,3,BAL,0,RHH,0,Low,Mid,low
0,1,0,0,0,0,1,2026-06-23,other,823690,9,away,683618,8,39.7,33.8,47.1,67.6,R,Edgardo Henriquez,LAD,3,MIN,0,RHH,0,Low,Low,high
0,1,0,0,0,0,1,2026-06-26,other,823285,13,away,683618,7,40.5,52.4,53.2,63.3,R,Edgardo Henriquez,LAD,3,SDP,0,RHH,0,Low,Mid,high
0,0,0,1,0,0,1,2026-06-28,save,823281,11,away,683618,9,40.5,52.4,53.2,63.3,R,Edgardo Henriquez,LAD,3,SDP,0,RHH,0,Low,Mid,high
0,1,0,0,0,0,1,2026-07-02,other,823935,10,home,683618,8,40.5,52.4,53.2,63.3,R,Edgardo Henriquez,LAD,3,SDP,0,RHH,0,Low,Mid,high
0,1,0,0,0,0,1,2026-07-03,hold,823933,11,home,683618,8,40.5,52.4,53.2,63.3,R,Edgardo Henriquez,LAD,3,SDP,0,RHH,0,Low,Mid,high
0,0,1,2,0,0,2,2026-07-06,other,823930,28,home,683618,10,34.5,31.8,26.1,13.5,R,Edgardo Henriquez,LAD,7,COL,0,,0,Low,Low,high
0,0,0,0,0,0,0.1,2026-07-08,other,823928,2,home,683618,8,34.5,31.8,26.1,13.5,R,Edgardo Henriquez,LAD,1,COL,0,RHH,3,Low,Low,high
1,2,2,1,0,0,1.2,2026-07-10,other,823927,29,home,683618,5,58.2,31.7,40.5,37.8,R,Edgardo Henriquez,LAD,8,ARI,1,,1,Mid,Low,low
1,0,1,1,0,0,0.2,2026-07-12,blown_save,823925,15,home,683618,6,58.2,31.7,40.5,37.8,R,Edgardo Henriquez,LAD,4,ARI,1,RHH,1,Mid,Low,medium
0,1,0,2,0,0,0.2,2026-07-19,other,823521,21,away,683618,4,38.8,75.1,66.4,76,R,Edgardo Henriquez,LAD,4,NYY,0,,0,Low,High,medium
2,2,1,0,1,0,1,2026-07-22,other,823438,22,away,683618,9,32.1,30.7,33.4,37.3,R,Edgardo Henriquez,LAD,5,PHI,0,LHH,0,Low,Low,high
0,2,2,1,2,0,0.2,2026-07-25,hold,823600,20,away,683618,8,30.6,40,42.5,53.8,R,Edgardo Henriquez,LAD,4,NYM,0,,0,Low,Low,high
1,0,0,1,0,0,0.1,2026-07-30,other,823921,19,home,683618,7,43.3,45.2,49.2,57.9,R,Edgardo Henriquez,LAD,3,SEA,0,RHH,0,Low,Low,medium
1,2,3,3,3,0,1,2026-08-03,other,824647,30,away,683618,5,62.9,82.6,69.2,58.4,R,Edgardo Henriquez,LAD,6,CHC,0,,0,Mid,High,medium
1,3,0,0,0,0,1,2026-08-05,other,824646,19,away,683618,5,62.9,82.6,69.2,58.4,R,Edgardo Henriquez,LAD,5,CHC,0,RHH,0,Mid,High,low
1,2,0,0,0,0,1,2026-08-07,other,825051,12,away,683618,7,58.2,31.7,40.5,37.8,R,Edgardo Henriquez,LAD,4,ARI,0,RHH,0,Mid,Low,high
0,0,0,0,0,0,0.2,2026-08-09,other,825050,10,away,683618,4,58.2,31.7,40.5,37.8,R,Edgardo Henriquez,LAD,2,ARI,0,,2,Mid,Low,medium
0,1,0,0,0,0,1,2026-08-11,other,823917,10,home,683618,9,57,42.9,50.8,55.5,R,Edgardo Henriquez,LAD,3,KCR,0,LHH,0,Mid,Mid,high
0,2,0,1,0,0,1,2026-03-27,save,823971,17,home,621242,9,58.2,31.7,40.5,37.8,R,Edwin Díaz,LAD,4,ARI,0,LHH,0,Mid,Low,high
0,0,0,0,0,0,1,2026-03-28,save,823973,10,home,621242,9,58.2,31.7,40.5,37.8,R,Edwin Díaz,LAD,3,ARI,0,LHH,0,Mid,Low,high
1,2,1,1,1,0,1,2026-03-31,other,823969,33,home,621242,9,50,36.8,42.8,44.4,R,Edwin Díaz,LAD,6,CLE,0,LHH,0,Mid,Low,high
0,1,0,0,0,0,1,2026-04-05,save,822756,13,away,621242,9,43.7,67,67.7,85.6,R,Edwin Díaz,LAD,3,WSN,0,LHH,0,Low,High,high
1,3,0,1,0,0,1,2026-04-07,save,822831,23,away,621242,9,54.7,7.6,29.4,36.4,R,Edwin Díaz,LAD,5,TOR,0,RHH,0,Mid,Low,high
4,2,3,1,3,1,1,2026-04-10,blown_save,823968,23,home,621242,9,36.6,27.1,36.4,46.9,R,Edwin Díaz,LAD,8,TEX,0,LHH,0,Low,Low,high
2,0,1,0,1,0,1,2026-07-29,save,823924,13,home,621242,9,43.3,45.2,49.2,57.9,R,Edwin Díaz,LAD,5,SEA,0,LHH,0,Low,Low,high
1,2,0,0,0,0,1,2026-07-30,other,823921,18,home,621242,9,43.3,45.2,49.2,57.9,R,Edwin Díaz,LAD,4,SEA,0,,0,Low,Low,high
2,1,1,1,1,1,0.2,2026-08-04,other,824645,23,away,621242,8,62.9,82.6,69.2,58.4,R,Edwin Díaz,LAD,5,CHC,0,LHH,0,Mid,High,high
1,1,2,1,2,1,0.1,2026-08-07,blown_save,825051,17,away,621242,9,58.2,31.7,40.5,37.8,R,Edwin Díaz,LAD,3,ARI,0,RHH,0,Mid,Low,high
2,1,1,1,1,0,1,2026-08-08,blown_save,825049,24,away,621242,9,58.2,31.7,40.5,37.8,R,Edwin Díaz,LAD,6,ARI,0,LHH,0,Mid,Low,high
0,1,0,0,0,0,1,2026-08-10,save,823918,12,home,621242,9,57,42.9,50.8,55.5,R,Edwin Díaz,LAD,3,KCR,0,LHH,0,Mid,Mid,high
5,4,3,1,3,1,5,2026-04-17,other,825101,83,away,641778,2,58.2,31.7,40.5,37.8,R,Eric Lauer,LAD,22,ARI,0,RHH,0,Mid,Low,medium
5,4,6,2,6,3,5,2026-05-10,blown_save,822819,80,home,641778,5,22.6,13.1,27.4,47.2,R,Eric Lauer,LAD,21,LAA,0,RHH,0,Low,Low,medium
0,2,0,3,0,0,6,2026-06-22,other,823692,84,away,641778,2,39.7,33.8,47.1,67.6,R,Eric Lauer,LAD,21,MIN,0,RHH,0,Low,Low,medium
1,2,0,0,0,0,1,2026-07-07,other,823929,17,home,623465,9,34.5,31.8,26.1,13.5,R,Evan Phillips,LAD,4,COL,0,,0,Low,Low,high
2,2,1,0,1,0,1,2026-07-10,other,823927,22,home,623465,8,58.2,31.7,40.5,37.8,R,Evan Phillips,LAD,5,ARI,0,LHH,0,Mid,Low,high
1,0,1,0,1,1,1,2026-07-12,other,823925,19,home,623465,9,58.2,31.7,40.5,37.8,R,Evan Phillips,LAD,4,ARI,0,RHH,0,Mid,Low,high
2,1,1,1,1,1,1,2026-07-19,other,823521,24,away,623465,8,38.8,75.1,66.4,76,R,Evan Phillips,LAD,6,NYY,0,LHH,0,Low,High,high
0,2,0,0,0,0,1,2026-07-21,hold,823437,8,away,623465,7,32.1,30.7,33.4,37.3,R,Evan Phillips,LAD,3,PHI,0,,0,Low,Low,high
1,1,1,0,1,1,1,2026-07-24,hold,823601,22,away,623465,8,30.6,40,42.5,53.8,R,Evan Phillips,LAD,4,NYM,0,,0,Low,Low,high
1,1,1,0,1,1,0.2,2026-07-26,blown_save,823599,10,away,623465,6,30.6,40,42.5,53.8,R,Evan Phillips,LAD,3,NYM,2,RHH,2,Low,Low,high
0,0,0,1,0,0,0.2,2026-07-31,other,823922,5,home,623465,9,43,41.3,32.9,16,R,Evan Phillips,LAD,3,BOS,1,LHH,2,Low,Low,high
0,0,0,0,0,0,1,2026-08-02,other,823919,11,home,623465,5,43,41.3,32.9,16,R,Evan Phillips,LAD,3,BOS,0,RHH,0,Low,Low,medium
1,0,0,0,0,0,0.1,2026-08-04,other,824645,8,away,623465,7,62.9,82.6,69.2,58.4,R,Evan Phillips,LAD,2,CHC,1,RHH,1,Mid,High,medium
1,0,0,0,0,0,0.2,2026-08-05,other,824646,9,away,623465,8,62.9,82.6,69.2,58.4,R,Evan Phillips,LAD,3,CHC,0,RHH,0,Mid,High,high
0,0,0,0,0,0,0.1,2026-08-08,other,825049,4,away,623465,6,58.2,31.7,40.5,37.8,R,Evan Phillips,LAD,1,ARI,0,RHH,2,Mid,Low,high
0,2,0,0,0,0,1,2026-08-09,other,825050,9,away,623465,5,58.2,31.7,40.5,37.8,R,Evan Phillips,LAD,3,ARI,0,RHH,0,Mid,Low,medium
3,1,3,1,2,0,0.1,2026-08-11,blown_save,823917,26,home,623465,8,57,42.9,50.8,55.5,R,Evan Phillips,LAD,5,KCR,0,RHH,0,Mid,Mid,high
1,1,0,0,0,0,1.2,2026-03-27,other,823971,26,home,676263,4,58.2,31.7,40.5,37.8,R,Jack Dreyer,LAD,5,ARI,2,,2,Mid,Low,medium
0,1,0,1,0,0,1,2026-03-31,hold,823969,15,home,676263,8,50,36.8,42.8,44.4,R,Jack Dreyer,LAD,4,CLE,0,RHH,0,Mid,Low,high
0,1,0,0,0,0,0.1,2026-04-03,other,822758,4,away,676263,6,43.7,67,67.7,85.6,R,Jack Dreyer,LAD,1,WSN,0,LHH,1,Low,High,medium
0,1,0,1,0,0,1,2026-04-05,other,822756,16,away,676263,7,43.7,67,67.7,85.6,R,Jack Dreyer,LAD,4,WSN,0,,0,Low,High,medium
3,0,2,1,2,0,0.1,2026-04-08,blown_save,822833,19,away,676263,7,54.7,7.6,29.4,36.4,R,Jack Dreyer,LAD,5,TOR,0,RHH,0,Mid,Low,high
0,3,0,0,0,0,1,2026-04-11,hold,823967,13,home,676263,7,36.6,27.1,36.4,46.9,R,Jack Dreyer,LAD,3,TEX,0,RHH,0,Low,Low,high
0,0,0,0,0,0,1,2026-04-12,other,823966,5,home,676263,6,36.6,27.1,36.4,46.9,R,Jack Dreyer,LAD,3,TEX,1,LHH,2,Low,Low,high
0,3,0,1,0,0,2,2026-04-17,other,824373,31,away,676263,8,34.5,31.8,26.1,13.5,R,Jack Dreyer,LAD,7,COL,0,RHH,0,Low,Low,high
0,1,0,0,0,0,1,2026-04-19,other,824371,9,away,676263,7,34.5,31.8,26.1,13.5,R,Jack Dreyer,LAD,2,COL,0,RHH,1,Low,Low,high
3,0,3,0,3,1,1,2026-04-22,other,823231,18,away,676263,7,35.1,17.2,38.2,64.4,R,Jack Dreyer,LAD,6,SFG,0,,0,Low,Low,high
0,2,0,1,0,0,0.2,2026-04-25,hold,823960,19,home,676263,6,62.9,82.6,69.2,58.4,R,Jack Dreyer,LAD,3,CHC,0,LHH,2,Mid,High,high
0,1,0,0,0,0,1,2026-04-26,other,823959,15,home,676263,8,62.9,82.6,69.2,58.4,R,Jack Dreyer,LAD,4,CHC,0,,0,Mid,High,high
1,2,0,0,0,0,1,2026-04-28,other,823956,23,home,676263,9,40.1,39.3,48.6,65.4,R,Jack Dreyer,LAD,4,MIA,0,LHH,0,Low,Low,high
2,1,0,0,0,0,1.1,2026-05-01,other,823066,21,away,676263,5,41,40.4,42.1,44.7,R,Jack Dreyer,LAD,6,STL,0,LHH,1,Low,Low,medium
1,2,0,0,0,0,1,2026-05-04,other,824201,15,away,676263,9,38.5,45.2,48.8,60.3,R,Jack Dreyer,LAD,4,HOU,0,RHH,0,Low,Low,high
1,1,0,0,0,0,2,2026-05-06,other,824198,27,away,676263,2,38.5,45.2,48.8,60.3,R,Jack Dreyer,LAD,7,HOU,0,RHH,0,Low,Low,medium
1,0,0,0,0,0,1.1,2026-05-09,other,823955,11,home,676263,4,51.3,55.8,59,68.1,R,Jack Dreyer,LAD,4,ATL,0,RHH,0,Mid,Mid,low
1,0,0,0,0,0,1,2026-05-11,other,823953,15,home,676263,8,35.1,17.2,38.2,64.4,R,Jack Dreyer,LAD,4,SFG,0,,0,Low,Low,high
1,2,0,0,0,0,1,2026-05-12,other,823951,18,home,676263,9,35.1,17.2,38.2,64.4,R,Jack Dreyer,LAD,4,SFG,0,LHH,0,Low,Low,high
0,2,0,1,0,0,1,2026-05-15,other,824037,22,away,676263,8,22.6,13.1,27.4,47.2,R,Jack Dreyer,LAD,4,LAA,0,RHH,0,Low,Low,high
2,0,2,0,2,1,1,2026-06-01,other,825078,12,away,676263,8,58.2,31.7,40.5,37.8,R,Jack Dreyer,LAD,5,ARI,0,RHH,0,Mid,Low,high
0,0,0,0,0,0,1,2026-06-03,other,825077,13,away,676263,9,58.2,31.7,40.5,37.8,R,Jack Dreyer,LAD,4,ARI,0,RHH,0,Mid,Low,high
1,1,1,0,1,1,1,2026-06-06,other,823942,14,home,676263,9,22.6,13.1,27.4,47.2,R,Jack Dreyer,LAD,4,LAA,0,RHH,0,Low,Low,high
0,2,0,0,0,0,1.1,2026-06-07,other,823941,17,home,676263,7,22.6,13.1,27.4,47.2,R,Jack Dreyer,LAD,4,LAA,0,,0,Low,Low,medium
2,1,1,0,1,1,0.2,2026-06-10,other,823372,16,away,676263,8,33.5,60.7,62.1,84.2,R,Jack Dreyer,LAD,4,PIT,1,LHH,1,Low,Mid,high
0,2,0,0,0,0,1,2026-06-11,other,823371,11,away,676263,7,33.5,60.7,62.1,84.2,R,Jack Dreyer,LAD,3,PIT,0,LHH,0,Low,Mid,medium
3,1,3,0,3,2,1,2026-06-14,other,824586,21,away,676263,6,32.2,45.8,54.2,79.5,R,Jack Dreyer,LAD,6,CHW,1,,1,Low,Mid,medium
0,1,0,0,0,0,0.2,2026-06-17,hold,823940,8,home,676263,8,77.8,34.8,51.2,51,R,Jack Dreyer,LAD,2,TBR,0,,0,High,Mid,high
1,1,1,0,1,0,0.2,2026-06-19,other,823936,11,home,676263,6,31.6,69.3,61.4,73.6,R,Jack Dreyer,LAD,3,BAL,0,LHH,0,Low,Mid,medium
1,2,0,1,0,0,0.2,2026-06-21,other,823934,23,home,676263,4,31.6,69.3,61.4,73.6,R,Jack Dreyer,LAD,4,BAL,2,,2,Low,Mid,medium
0,0,0,1,0,0,1,2026-06-26,other,823285,7,away,676263,5,40.5,52.4,53.2,63.3,R,Jack Dreyer,LAD,3,SDP,0,LHH,2,Low,Mid,medium
2,1,0,0,0,0,1,2026-06-27,other,823283,27,away,676263,8,40.5,52.4,53.2,63.3,R,Jack Dreyer,LAD,5,SDP,0,RHH,0,Low,Mid,high
0,1,0,1,0,0,0.2,2026-06-29,other,824986,12,away,676263,9,42.3,37.3,48.1,64.7,R,Jack Dreyer,LAD,3,ATH,1,RHH,2,Low,Low,high
0,2,0,1,0,0,1.2,2026-07-05,other,823931,27,home,676263,5,40.5,52.4,53.2,63.3,R,Jack Dreyer,LAD,6,SDP,0,RHH,2,Low,Mid,medium
0,0,0,0,0,0,0.2,2026-07-07,blown_save,823929,2,home,676263,8,34.5,31.8,26.1,13.5,R,Jack Dreyer,LAD,2,COL,2,,2,Low,Low,high
0,1,0,0,0,0,1,2026-07-08,other,823928,5,home,676263,7,34.5,31.8,26.1,13.5,R,Jack Dreyer,LAD,3,COL,0,RHH,0,Low,Low,high
1,1,0,0,0,0,1,2026-07-10,other,823927,14,home,676263,7,58.2,31.7,40.5,37.8,R,Jack Dreyer,LAD,4,ARI,0,RHH,0,Mid,Low,medium
0,2,0,0,0,0,1.1,2026-07-17,other,823524,21,away,676263,6,38.8,75.1,66.4,76,R,Jack Dreyer,LAD,4,NYY,0,RHH,2,Low,High,high
3,0,0,0,0,0,0.1,2026-07-19,other,823521,17,away,676263,4,38.8,75.1,66.4,76,R,Jack Dreyer,LAD,4,NYY,0,LHH,2,Low,High,medium
0,1,0,0,0,0,1,2026-07-22,hold,823438,12,away,676263,7,32.1,30.7,33.4,37.3,R,Jack Dreyer,LAD,3,PHI,0,RHH,0,Low,Low,high
0,0,2,2,2,0,0.1,2026-07-26,hold,823599,19,away,676263,6,30.6,40,42.5,53.8,R,Jack Dreyer,LAD,3,NYM,0,RHH,0,Low,Low,medium
1,2,0,0,0,0,1,2026-07-28,other,823923,18,home,676263,9,43.3,45.2,49.2,57.9,R,Jack Dreyer,LAD,4,SEA,0,,0,Low,Low,high
0,1,0,0,0,0,1.1,2026-07-30,hold,823921,8,home,676263,6,43.3,45.2,49.2,57.9,R,Jack Dreyer,LAD,4,SEA,0,RHH,3,Low,Low,high
0,2,0,1,0,0,1.1,2026-08-02,other,823919,27,home,676263,3,43,41.3,32.9,16,R,Jack Dreyer,LAD,5,BOS,0,LHH,1,Low,Low,medium
0,1,0,0,0,0,0.1,2026-08-04,other,824645,3,away,676263,8,62.9,82.6,69.2,58.4,R,Jack Dreyer,LAD,1,CHC,0,RHH,2,Mid,High,high
0,0,0,0,0,0,0.1,2026-08-05,other,824646,3,away,676263,8,62.9,82.6,69.2,58.4,R,Jack Dreyer,LAD,1,CHC,0,LHH,1,Mid,High,high
1,1,0,0,0,0,1,2026-08-08,save,825049,15,away,676263,10,58.2,31.7,40.5,37.8,R,Jack Dreyer,LAD,3,ARI,0,RHH,0,Mid,Low,high
2,1,2,1,2,1,1,2026-08-10,blown_save,823918,17,home,676263,7,57,42.9,50.8,55.5,R,Jack Dreyer,LAD,6,KCR,0,,0,Mid,Mid,high
0,1,0,0,0,0,0.2,2026-08-11,other,823917,9,home,676263,8,57,42.9,50.8,55.5,R,Jack Dreyer,LAD,2,KCR,1,LHH,2,Mid,Mid,high
4,2,3,1,3,0,4,2026-03-30,other,823972,60,home,680736,6,50,36.8,42.8,44.4,R,Justin Wrobleski,LAD,17,CLE,0,RHH,0,Mid,Low,medium
4,2,3,2,3,2,3,2026-07-11,other,823926,60,home,689017,7,58.2,31.7,40.5,37.8,R,Landon Knack,LAD,16,ARI,0,LHH,0,Mid,Low,medium
2,2,2,0,2,2,2,2026-07-20,other,823436,30,away,689017,7,32.1,30.7,33.4,37.3,R,Landon Knack,LAD,8,PHI,0,LHH,0,Low,Low,medium
0,0,0,0,0,0,1,2026-03-26,other,823974,8,home,656945,9,58.2,31.7,40.5,37.8,R,Tanner Scott,LAD,3,ARI,0,RHH,0,Mid,Low,high
0,1,0,0,0,0,0.1,2026-03-27,other,823971,6,home,656945,6,58.2,31.7,40.5,37.8,R,Tanner Scott,LAD,1,ARI,0,LHH,2,Mid,Low,high
1,2,0,0,0,0,1,2026-03-30,other,823972,16,home,656945,5,50,36.8,42.8,44.4,R,Tanner Scott,LAD,4,CLE,0,,1,Mid,Low,medium
1,1,1,0,1,1,0.1,2026-04-01,other,823970,9,home,656945,8,50,36.8,42.8,44.4,R,Tanner Scott,LAD,2,CLE,1,,1,Mid,Low,high
1,1,0,0,0,0,1,2026-04-04,other,822757,14,away,656945,7,43.7,67,67.7,85.6,R,Tanner Scott,LAD,4,WSN,0,,0,Low,High,medium
1,1,0,0,0,0,1,2026-04-05,hold,822756,15,away,656945,8,43.7,67,67.7,85.6,R,Tanner Scott,LAD,4,WSN,0,RHH,0,Low,High,high
0,2,0,0,0,0,1,2026-04-10,hold,823968,10,home,656945,8,36.6,27.1,36.4,46.9,R,Tanner Scott,LAD,3,TEX,0,RHH,0,Low,Low,high
0,0,0,0,0,0,1,2026-04-11,hold,823967,9,home,656945,8,36.6,27.1,36.4,46.9,R,Tanner Scott,LAD,3,TEX,0,RHH,0,Low,Low,high
1,0,0,0,0,0,1,2026-04-13,other,823964,8,home,656945,9,30.6,40,42.5,53.8,R,Tanner Scott,LAD,3,NYM,0,RHH,0,Low,Low,high
0,0,0,0,0,0,1,2026-04-15,hold,823963,8,home,656945,8,30.6,40,42.5,53.8,R,Tanner Scott,LAD,3,NYM,0,RHH,0,Low,Low,high
0,1,0,1,0,0,1,2026-04-21,other,823236,16,away,656945,8,35.1,17.2,38.2,64.4,R,Tanner Scott,LAD,4,SFG,0,,0,Low,Low,high
0,0,0,0,0,0,1,2026-04-23,save,823233,13,away,656945,9,35.1,17.2,38.2,64.4,R,Tanner Scott,LAD,3,SFG,0,RHH,0,Low,Low,high
2,0,2,0,2,1,0.2,2026-04-24,other,823962,17,home,656945,9,62.9,82.6,69.2,58.4,R,Tanner Scott,LAD,4,CHC,0,,0,Mid,High,high
0,3,0,1,0,0,1,2026-04-27,other,823961,17,home,656945,7,40.1,39.3,48.6,65.4,R,Tanner Scott,LAD,4,MIA,0,,0,Low,Low,high
1,1,0,0,0,0,1,2026-04-28,other,823956,16,home,656945,7,40.1,39.3,48.6,65.4,R,Tanner Scott,LAD,4,MIA,0,,0,Low,Low,high
0,2,0,0,0,0,1,2026-05-03,save,823065,13,away,656945,9,41,40.4,42.1,44.7,R,Tanner Scott,LAD,3,STL,0,RHH,0,Low,Low,high
0,0,0,0,0,0,1,2026-05-06,other,824198,9,away,656945,8,38.5,45.2,48.8,60.3,R,Tanner Scott,LAD,3,HOU,0,LHH,0,Low,Low,high
0,1,0,0,0,0,1,2026-05-08,save,823957,11,home,656945,9,51.3,55.8,59,68.1,R,Tanner Scott,LAD,3,ATL,0,RHH,0,Mid,Mid,high
1,0,0,0,0,0,1,2026-05-13,other,823952,14,home,656945,8,35.1,17.2,38.2,64.4,R,Tanner Scott,LAD,4,SFG,0,,0,Low,Low,high
0,2,0,0,0,0,1,2026-05-14,save,823950,9,home,656945,9,35.1,17.2,38.2,64.4,R,Tanner Scott,LAD,3,SFG,0,RHH,0,Low,Low,high
0,2,0,1,0,0,1.1,2026-05-19,other,823302,24,away,656945,7,40.5,52.4,53.2,63.3,R,Tanner Scott,LAD,5,SDP,0,RHH,2,Low,Mid,high
1,3,0,0,0,0,1,2026-05-23,other,823787,17,away,656945,8,67.4,75.3,66.3,55.3,R,Tanner Scott,LAD,4,MIL,0,,0,High,High,high
0,2,0,0,0,0,1,2026-05-24,other,823786,15,away,656945,9,67.4,75.3,66.3,55.3,R,Tanner Scott,LAD,3,MIL,0,RHH,0,High,High,high
1,2,0,0,0,0,1,2026-05-27,hold,823947,17,home,656945,8,34.5,31.8,26.1,13.5,R,Tanner Scott,LAD,4,COL,0,RHH,0,Low,Low,high
0,1,0,0,0,0,1,2026-05-29,save,823946,15,home,656945,9,32.1,30.7,33.4,37.3,R,Tanner Scott,LAD,3,PHI,0,RHH,0,Low,Low,high
3,0,3,0,3,1,1,2026-05-30,blown_save,823945,19,home,656945,8,32.1,30.7,33.4,37.3,R,Tanner Scott,LAD,6,PHI,0,,0,Low,Low,high
1,1,0,0,0,0,1,2026-06-02,save,825079,20,away,656945,9,58.2,31.7,40.5,37.8,R,Tanner Scott,LAD,4,ARI,0,RHH,0,Mid,Low,high
1,1,1,0,1,1,0.1,2026-06-04,other,825076,8,away,656945,9,58.2,31.7,40.5,37.8,R,Tanner Scott,LAD,2,ARI,0,RHH,0,Mid,Low,high
1,1,0,0,0,0,0.2,2026-06-05,other,823943,12,home,656945,9,22.6,13.1,27.4,47.2,R,Tanner Scott,LAD,3,LAA,0,LHH,0,Low,Low,high
2,1,1,0,1,0,1,2026-06-09,other,823374,17,away,656945,9,33.5,60.7,62.1,84.2,R,Tanner Scott,LAD,5,PIT,0,RHH,0,Low,Mid,high
0,3,0,0,0,0,1.1,2026-06-11,save,823371,18,away,656945,8,33.5,60.7,62.1,84.2,R,Tanner Scott,LAD,4,PIT,0,LHH,1,Low,Mid,high
0,1,0,0,0,0,1,2026-06-15,save,823938,13,home,656945,9,77.8,34.8,51.2,51,R,Tanner Scott,LAD,3,TBR,0,RHH,0,High,Mid,high
0,2,0,0,0,0,1,2026-06-16,save,823939,11,home,656945,9,77.8,34.8,51.2,51,R,Tanner Scott,LAD,3,TBR,0,RHH,0,High,Mid,high
0,0,0,0,0,0,1,2026-06-22,save,823692,11,away,656945,9,39.7,33.8,47.1,67.6,R,Tanner Scott,LAD,3,MIN,0,RHH,0,Low,Low,high
1,2,0,0,0,0,1,2026-06-24,save,823691,15,away,656945,9,39.7,33.8,47.1,67.6,R,Tanner Scott,LAD,4,MIN,0,RHH,0,Low,Low,high
1,2,0,0,0,0,1.1,2026-06-28,hold,823281,17,away,656945,7,40.5,52.4,53.2,63.3,R,Tanner Scott,LAD,5,SDP,0,LHH,1,Low,Mid,high
1,0,0,0,0,0,0.1,2026-07-02,other,823935,5,home,656945,9,40.5,52.4,53.2,63.3,R,Tanner Scott,LAD,2,SDP,1,RHH,2,Low,Mid,high
0,3,0,0,0,0,1,2026-07-03,save,823933,18,home,656945,9,40.5,52.4,53.2,63.3,R,Tanner Scott,LAD,3,SDP,0,RHH,0,Low,Mid,high
3,2,3,2,3,0,1,2026-07-06,blown_save,823930,24,home,656945,9,34.5,31.8,26.1,13.5,R,Tanner Scott,LAD,7,COL,0,RHH,0,Low,Low,high
0,2,0,0,0,0,1,2026-07-08,save,823928,11,home,656945,9,34.5,31.8,26.1,13.5,R,Tanner Scott,LAD,3,COL,0,RHH,0,Low,Low,high
0,1,0,0,0,0,1,2026-07-12,other,823925,10,home,656945,8,58.2,31.7,40.5,37.8,R,Tanner Scott,LAD,3,ARI,0,RHH,0,Mid,Low,high
0,1,0,0,0,0,1,2026-07-17,save,823524,11,away,656945,9,38.8,75.1,66.4,76,R,Tanner Scott,LAD,3,NYY,0,RHH,0,Low,High,high
2,2,0,0,0,0,1.2,2026-07-21,save,823437,18,away,656945,8,32.1,30.7,33.4,37.3,R,Tanner Scott,LAD,6,PHI,0,LHH,0,Low,Low,high
0,1,0,0,0,0,1,2026-07-24,save,823601,16,away,656945,9,30.6,40,42.5,53.8,R,Tanner Scott,LAD,3,NYM,0,RHH,0,Low,Low,high
1,1,0,1,0,0,0.1,2026-07-25,hold,823600,6,away,656945,8,30.6,40,42.5,53.8,R,Tanner Scott,LAD,3,NYM,2,RHH,2,Low,Low,high
2,1,1,0,1,0,1,2026-07-29,other,823924,14,home,656945,8,43.3,45.2,49.2,57.9,R,Tanner Scott,LAD,5,SEA,0,RHH,0,Low,Low,high
1,1,0,1,0,0,1,2026-07-30,other,823921,27,home,656945,8,43.3,45.2,49.2,57.9,R,Tanner Scott,LAD,5,SEA,0,RHH,0,Low,Low,high
1,2,0,1,0,0,0.2,2026-08-03,other,824647,14,away,656945,6,62.9,82.6,69.2,58.4,R,Tanner Scott,LAD,4,CHC,3,RHH,3,Mid,High,high
1,1,0,2,0,0,1,2026-08-07,hold,825051,24,away,656945,8,58.2,31.7,40.5,37.8,R,Tanner Scott,LAD,6,ARI,0,RHH,0,Mid,Low,high
0,0,0,0,0,0,0.1,2026-08-08,hold,825049,4,away,656945,8,58.2,31.7,40.5,37.8,R,Tanner Scott,LAD,1,ARI,0,RHH,3,Mid,Low,high
0,0,0,1,0,0,1,2026-08-10,hold,823918,15,home,656945,8,57,42.9,50.8,55.5,R,Tanner Scott,LAD,3,KCR,0,RHH,0,Mid,Mid,high
5,1,4,1,4,1,1.2,2026-05-01,other,823877,50,home,806188,6,32.1,30.7,33.4,37.3,R,Cade Gibson,MIA,11,PHI,0,RHH,0,Low,Low,medium
3,4,2,1,2,0,2,2026-05-21,other,823864,50,home,806188,7,51.3,55.8,59,68.1,R,Cade Gibson,MIA,11,ATL,0,RHH,0,Mid,Mid,medium
0,1,0,1,0,0,1,2026-05-25,other,822812,18,away,806188,9,54.7,7.6,29.4,36.4,R,Cade Gibson,MIA,4,TOR,0,,0,Mid,Low,high
2,2,0,0,0,0,2.1,2026-05-26,other,822811,35,away,806188,6,54.7,7.6,29.4,36.4,R,Cade Gibson,MIA,9,TOR,0,LHH,1,Mid,Low,medium
1,1,1,1,1,0,0.1,2026-05-29,other,823623,11,away,806188,7,30.6,40,42.5,53.8,R,Cade Gibson,MIA,3,NYM,0,LHH,0,Low,Low,high
1,1,0,0,0,0,1.1,2026-05-31,other,823621,16,away,806188,4,30.6,40,42.5,53.8,R,Cade Gibson,MIA,5,NYM,0,LHH,2,Low,Low,low
1,0,0,0,0,0,1,2026-06-10,other,823856,15,home,806188,9,58.2,31.7,40.5,37.8,R,Cade Gibson,MIA,4,ARI,0,RHH,0,Mid,Low,high
2,1,0,1,0,0,1.1,2026-06-13,other,823369,22,away,806188,4,33.5,60.7,62.1,84.2,R,Cade Gibson,MIA,7,PIT,0,LHH,2,Low,Mid,medium
2,1,2,1,2,0,1,2026-06-15,other,823452,29,away,806188,8,32.1,30.7,33.4,37.3,R,Cade Gibson,MIA,6,PHI,0,LHH,0,Low,Low,high
0,1,0,0,0,0,1.2,2026-06-19,other,823853,21,home,806188,6,35.1,17.2,38.2,64.4,R,Cade Gibson,MIA,5,SFG,0,LHH,2,Low,Low,high
1,1,1,1,1,0,1,2026-06-20,other,823854,25,home,806188,7,35.1,17.2,38.2,64.4,R,Cade Gibson,MIA,5,SFG,0,LHH,0,Low,Low,medium
0,1,0,0,0,0,0.2,2026-06-28,other,823037,7,away,806188,8,41,40.4,42.1,44.7,R,Cade Gibson,MIA,1,STL,0,LHH,2,Low,Low,high
2,2,1,0,1,0,1,2026-06-30,other,824338,20,away,806188,9,34.5,31.8,26.1,13.5,R,Cade Gibson,MIA,5,COL,0,LHH,0,Low,Low,high
4,0,3,0,3,0,1.2,2026-07-02,other,824335,34,away,806188,6,34.5,31.8,26.1,13.5,R,Cade Gibson,MIA,10,COL,2,,2,Low,Low,high
0,0,0,0,0,0,1,2026-07-07,other,823847,12,home,806188,10,43.3,45.2,49.2,57.9,R,Cade Gibson,MIA,3,SEA,0,RHH,0,Low,Low,high
0,3,0,0,0,0,2,2026-07-08,hold,823848,26,home,806188,6,43.3,45.2,49.2,57.9,R,Cade Gibson,MIA,6,SEA,0,LHH,0,Low,Low,medium
0,2,0,0,0,0,1,2026-07-11,other,823844,14,home,806188,7,50,36.8,42.8,44.4,R,Cade Gibson,MIA,4,CLE,0,LHH,0,Mid,Low,high
0,1,1,1,0,0,2,2026-07-12,other,823842,26,home,806188,5,50,36.8,42.8,44.4,R,Cade Gibson,MIA,8,CLE,0,RHH,1,Mid,Low,medium
0,0,0,2,0,0,1,2026-07-18,other,823763,20,away,806188,4,67.4,75.3,66.3,55.3,R,Cade Gibson,MIA,5,MIL,0,LHH,0,High,High,medium
1,1,0,0,0,0,0.2,2026-07-19,hold,823764,20,away,806188,7,67.4,75.3,66.3,55.3,R,Cade Gibson,MIA,3,MIL,0,RHH,0,High,High,high
0,0,1,2,1,0,1,2026-07-24,other,823843,17,home,806188,4,40.5,52.4,53.2,63.3,R,Cade Gibson,MIA,5,SDP,1,LHH,2,Low,Mid,medium
1,1,0,0,0,0,1,2026-07-26,hold,823840,7,home,806188,6,40.5,52.4,53.2,63.3,R,Cade Gibson,MIA,3,SDP,0,LHH,0,Low,Mid,medium
2,0,3,1,3,0,0.1,2026-07-27,hold,823839,21,home,806188,6,32.1,30.7,33.4,37.3,R,Cade Gibson,MIA,4,PHI,0,LHH,0,Low,Low,medium
2,1,0,0,0,0,0.1,2026-07-31,other,823593,8,away,806188,6,30.6,40,42.5,53.8,R,Cade Gibson,MIA,3,NYM,0,LHH,0,Low,Low,low
0,0,0,0,0,0,1,2026-08-05,other,824889,9,away,806188,7,51.3,55.8,59,68.1,R,Cade Gibson,MIA,3,ATL,0,LHH,0,Mid,Mid,medium
2,0,3,0,1,1,0.2,2026-08-06,other,824885,19,away,806188,8,51.3,55.8,59,68.1,R,Cade Gibson,MIA,5,ATL,0,LHH,0,Mid,Mid,high
1,0,0,1,0,0,1,2026-08-08,other,823834,13,home,806188,8,22.6,13.1,27.4,47.2,R,Cade Gibson,MIA,4,LAA,0,,0,Low,Low,high
1,1,0,0,0,0,1,2026-03-28,other,823892,12,home,676534,8,34.5,31.8,26.1,13.5,R,Calvin Faucher,MIA,4,COL,0,,0,Low,Low,high
0,2,0,0,0,0,1,2026-03-31,other,823888,17,home,676534,8,32.2,45.8,54.2,79.5,R,Calvin Faucher,MIA,3,CHW,0,LHH,0,Low,Mid,high
0,2,1,1,0,0,1,2026-04-04,other,823569,16,away,676534,7,38.8,75.1,66.4,76,R,Calvin Faucher,MIA,4,NYY,0,,0,Low,High,high
0,1,0,1,0,0,1,2026-04-05,hold,823566,23,away,676534,8,38.8,75.1,66.4,76,R,Calvin Faucher,MIA,4,NYY,0,LHH,0,Low,High,high
2,1,4,2,3,0,0.1,2026-04-07,other,823887,28,home,676534,10,32.7,40.9,35.4,31,R,Calvin Faucher,MIA,5,CIN,0,RHH,0,Low,Low,high
0,2,0,3,0,0,0.2,2026-04-13,other,824937,21,away,676534,6,51.3,55.8,59,68.1,R,Calvin Faucher,MIA,5,ATL,0,LHH,0,Mid,Mid,low
0,1,0,0,0,0,1,2026-04-15,other,824936,9,away,676534,8,51.3,55.8,59,68.1,R,Calvin Faucher,MIA,3,ATL,0,LHH,0,Mid,Mid,high
2,1,3,1,1,0,1,2026-04-17,other,823883,22,home,676534,10,67.4,75.3,66.3,55.3,R,Calvin Faucher,MIA,7,MIL,0,LHH,0,High,High,high
0,0,0,0,0,0,0.1,2026-04-19,hold,823881,2,home,676534,8,67.4,75.3,66.3,55.3,R,Calvin Faucher,MIA,1,MIL,0,RHH,2,High,High,high
1,1,0,0,0,0,0.2,2026-04-20,blown_save,823879,7,home,676534,6,41,40.4,42.1,44.7,R,Calvin Faucher,MIA,3,STL,1,RHH,1,Low,Low,medium
2,0,2,1,2,0,1,2026-04-26,blown_save,823230,18,away,676534,6,35.1,17.2,38.2,64.4,R,Calvin Faucher,MIA,6,SFG,0,,0,Low,Low,medium
0,1,0,0,0,0,1,2026-04-27,hold,823961,10,away,676534,8,68.3,95.7,82.8,78.2,R,Calvin Faucher,MIA,3,LAD,0,LHH,0,High,High,high
0,0,0,3,0,0,1,2026-04-29,save,823958,16,away,676534,9,68.3,95.7,82.8,78.2,R,Calvin Faucher,MIA,5,LAD,0,LHH,0,High,High,high
0,1,0,0,0,0,1,2026-05-03,other,823875,14,home,676534,9,32.1,30.7,33.4,37.3,R,Calvin Faucher,MIA,3,PHI,0,LHH,0,Low,Low,high
1,1,0,0,0,0,1,2026-05-04,other,823874,15,home,676534,7,32.1,30.7,33.4,37.3,R,Calvin Faucher,MIA,4,PHI,0,,0,Low,Low,high
1,1,0,0,0,0,1,2026-05-07,other,823870,13,home,676534,9,31.6,69.3,61.4,73.6,R,Calvin Faucher,MIA,4,BAL,0,,0,Low,Mid,high
0,0,0,1,0,0,2,2026-05-10,other,823868,25,home,676534,7,43.7,67,67.7,85.6,R,Calvin Faucher,MIA,6,WSN,0,LHH,0,Low,High,high
2,1,1,0,0,0,1.2,2026-05-14,other,823709,24,away,676534,2,39.7,33.8,47.1,67.6,R,Calvin Faucher,MIA,6,MIN,1,,2,Low,Low,low
1,2,0,1,0,0,1,2026-05-18,other,823867,23,home,676534,8,51.3,55.8,59,68.1,R,Calvin Faucher,MIA,5,ATL,0,LHH,0,Mid,Mid,high
2,2,3,3,3,0,0.2,2026-05-19,other,823865,33,home,676534,8,51.3,55.8,59,68.1,R,Calvin Faucher,MIA,7,ATL,0,LHH,0,Mid,Mid,high
2,1,0,0,0,0,1.1,2026-05-24,other,823861,23,home,676534,4,30.6,40,42.5,53.8,R,Calvin Faucher,MIA,6,NYM,0,RHH,2,Low,Low,medium
0,0,0,0,0,0,0.2,2026-05-29,other,823623,6,away,676534,7,30.6,40,42.5,53.8,R,Calvin Faucher,MIA,2,NYM,1,LHH,2,Low,Low,high
2,2,2,2,2,0,0.2,2026-05-31,other,823621,27,away,676534,4,30.6,40,42.5,53.8,R,Calvin Faucher,MIA,6,NYM,0,,0,Low,Low,medium
1,2,0,0,0,0,1,2026-06-02,other,822728,12,away,676534,9,43.7,67,67.7,85.6,R,Calvin Faucher,MIA,4,WSN,0,LHH,0,Low,High,high
0,1,0,1,0,0,1,2026-06-03,hold,822727,17,away,676534,8,43.7,67,67.7,85.6,R,Calvin Faucher,MIA,4,WSN,0,LHH,0,Low,High,high
2,3,0,1,0,0,2,2026-06-06,hold,823859,36,home,676534,6,77.8,34.8,51.2,51,R,Calvin Faucher,MIA,9,TBR,0,RHH,0,High,Mid,medium
1,0,0,1,0,0,0.2,2026-06-09,blown_save,823858,12,home,676534,8,58.2,31.7,40.5,37.8,R,Calvin Faucher,MIA,4,ARI,3,,3,Mid,Low,high
0,2,0,0,0,0,1,2026-06-11,hold,823855,13,home,676534,8,58.2,31.7,40.5,37.8,R,Calvin Faucher,MIA,3,ARI,0,LHH,0,Mid,Low,high
1,1,0,1,0,0,1,2026-06-13,other,823369,15,away,676534,3,33.5,60.7,62.1,84.2,R,Calvin Faucher,MIA,5,PIT,0,RHH,1,Low,Mid,medium
1,1,0,0,0,0,1,2026-06-14,hold,823368,16,away,676534,7,33.5,60.7,62.1,84.2,R,Calvin Faucher,MIA,5,PIT,0,LHH,0,Low,Mid,high
0,0,0,0,0,0,0.2,2026-06-19,hold,823853,9,home,676534,8,35.1,17.2,38.2,64.4,R,Calvin Faucher,MIA,2,SFG,0,RHH,0,Low,Low,high
0,0,0,0,0,0,1.1,2026-06-21,hold,823852,12,home,676534,6,35.1,17.2,38.2,64.4,R,Calvin Faucher,MIA,4,SFG,0,RHH,1,Low,Low,medium
2,0,2,1,2,0,1,2026-06-22,other,823851,24,home,676534,8,36.6,27.1,36.4,46.9,R,Calvin Faucher,MIA,6,TEX,0,,0,Low,Low,high
0,1,0,0,0,0,1,2026-06-26,other,823039,10,away,676534,9,41,40.4,42.1,44.7,R,Calvin Faucher,MIA,3,STL,0,LHH,0,Low,Low,high
0,0,0,0,0,0,1,2026-06-29,other,824339,9,away,676534,8,34.5,31.8,26.1,13.5,R,Calvin Faucher,MIA,3,COL,0,RHH,0,Low,Low,high
3,1,4,1,4,0,0.1,2026-07-02,other,824335,14,away,676534,6,34.5,31.8,26.1,13.5,R,Calvin Faucher,MIA,5,COL,0,LHH,0,Low,Low,medium
0,2,0,0,0,0,1,2026-07-03,hold,824982,20,away,676534,6,42.3,37.3,48.1,64.7,R,Calvin Faucher,MIA,3,ATH,0,LHH,0,Low,Low,medium
2,1,2,1,2,0,1,2026-07-07,blown_save,823847,36,home,676534,8,43.3,45.2,49.2,57.9,R,Calvin Faucher,MIA,7,SEA,1,LHH,1,Low,Low,high
0,0,0,0,0,0,0.2,2026-07-09,hold,823846,7,home,676534,8,43.3,45.2,49.2,57.9,R,Calvin Faucher,MIA,2,SEA,0,,2,Low,Low,high
2,1,0,1,0,0,2,2026-07-12,other,823842,29,home,676534,2,50,36.8,42.8,44.4,R,Calvin Faucher,MIA,8,CLE,0,LHH,0,Mid,Low,medium
1,0,0,0,0,0,1,2026-07-17,other,823766,14,away,676534,7,67.4,75.3,66.3,55.3,R,Calvin Faucher,MIA,3,MIL,0,LHH,0,High,High,high
3,1,4,2,4,0,0.2,2026-07-18,blown_save,823763,31,away,676534,6,67.4,75.3,66.3,55.3,R,Calvin Faucher,MIA,7,MIL,0,LHH,0,High,High,medium
0,2,0,0,0,0,1,2026-07-22,other,824166,18,away,676534,8,38.5,45.2,48.8,60.3,R,Calvin Faucher,MIA,3,HOU,0,RHH,0,Low,Low,high
0,1,0,0,0,0,1,2026-07-24,other,823843,12,home,676534,9,40.5,52.4,53.2,63.3,R,Calvin Faucher,MIA,3,SDP,0,RHH,0,Low,Mid,high
0,2,0,1,0,0,1,2026-07-27,other,823839,18,home,676534,9,32.1,30.7,33.4,37.3,R,Calvin Faucher,MIA,4,PHI,0,LHH,0,Low,Low,high
0,0,0,0,0,0,1,2026-07-28,hold,823838,9,home,676534,8,32.1,30.7,33.4,37.3,R,Calvin Faucher,MIA,3,PHI,0,LHH,0,Low,Low,high
1,4,1,0,1,1,1.1,2026-07-31,hold,823593,29,away,676534,6,30.6,40,42.5,53.8,R,Calvin Faucher,MIA,5,NYM,0,,2,Low,Low,high
2,3,0,0,0,0,1,2026-08-05,other,824889,20,away,676534,6,51.3,55.8,59,68.1,R,Calvin Faucher,MIA,5,ATL,0,RHH,0,Mid,Mid,medium
0,2,0,0,0,0,1,2026-08-07,other,823836,18,home,676534,8,22.6,13.1,27.4,47.2,R,Calvin Faucher,MIA,3,LAA,0,RHH,0,Low,Low,high
2,1,0,1,0,0,1,2026-08-09,other,823835,29,home,676534,7,22.6,13.1,27.4,47.2,R,Calvin Faucher,MIA,6,LAA,0,LHH,0,Low,Low,medium
0,1,0,0,0,0,1,2026-08-12,other,823833,8,home,676534,8,33.5,60.7,62.1,84.2,R,Calvin Faucher,MIA,3,PIT,0,LHH,0,Low,Mid,high
0,2,0,0,0,0,1,2026-03-29,other,823891,14,home,667463,8,34.5,31.8,26.1,13.5,R,John King,MIA,3,COL,0,RHH,0,Low,Low,high
0,0,0,1,0,0,1,2026-03-30,other,823890,11,home,667463,8,32.2,45.8,54.2,79.5,R,John King,MIA,4,CHW,0,RHH,0,Low,Mid,high
0,1,0,0,0,0,0.2,2026-04-04,other,823569,10,away,667463,6,38.8,75.1,66.4,76,R,John King,MIA,2,NYY,1,LHH,2,Low,High,high
0,0,0,0,0,0,0.1,2026-04-05,other,823566,5,away,667463,7,38.8,75.1,66.4,76,R,John King,MIA,1,NYY,0,LHH,2,Low,High,high
0,0,0,1,0,0,0.2,2026-04-07,other,823887,7,home,667463,10,32.7,40.9,35.4,31,R,John King,MIA,3,CIN,1,RHH,2,Low,Low,high
0,2,0,1,0,0,1,2026-04-11,other,824294,20,away,667463,6,43.2,42.5,49.7,62.5,R,John King,MIA,5,DET,0,LHH,0,Low,Low,low
0,0,0,0,0,0,0.1,2026-04-13,hold,824937,6,away,667463,6,51.3,55.8,59,68.1,R,John King,MIA,1,ATL,0,LHH,3,Mid,Mid,high
2,1,1,0,1,1,1.1,2026-04-15,other,824936,16,away,667463,5,51.3,55.8,59,68.1,R,John King,MIA,7,ATL,0,LHH,1,Mid,Mid,medium
0,2,0,0,0,0,1.1,2026-04-17,other,823883,17,home,667463,6,67.4,75.3,66.3,55.3,R,John King,MIA,4,MIL,0,,1,High,High,medium
0,1,0,1,0,0,1,2026-04-18,other,823882,10,home,667463,9,67.4,75.3,66.3,55.3,R,John King,MIA,4,MIL,0,,0,High,High,high
0,2,0,0,0,0,1.1,2026-04-21,other,823880,19,home,667463,5,41,40.4,42.1,44.7,R,John King,MIA,4,STL,0,LHH,2,Low,Low,low
0,1,0,1,0,0,1,2026-04-24,other,823232,14,away,667463,9,35.1,17.2,38.2,64.4,R,John King,MIA,4,SFG,0,RHH,0,Low,Low,high
0,0,0,0,0,0,1,2026-04-27,other,823961,7,away,667463,5,68.3,95.7,82.8,78.2,R,John King,MIA,3,LAD,0,LHH,0,High,High,medium
0,0,0,0,0,0,0.2,2026-04-28,hold,823956,3,away,667463,8,68.3,95.7,82.8,78.2,R,John King,MIA,2,LAD,0,LHH,2,High,High,high
0,1,0,0,0,0,1,2026-04-29,hold,823958,15,away,667463,8,68.3,95.7,82.8,78.2,R,John King,MIA,3,LAD,0,RHH,0,High,High,high
1,1,0,0,0,0,1.1,2026-05-03,other,823875,15,home,667463,3,32.1,30.7,33.4,37.3,R,John King,MIA,4,PHI,0,RHH,2,Low,Low,low
0,0,0,0,0,0,0.2,2026-05-04,other,823874,10,home,667463,6,32.1,30.7,33.4,37.3,R,John King,MIA,2,PHI,0,LHH,1,Low,Low,medium
0,1,0,1,0,0,0.2,2026-05-08,other,823871,13,home,667463,7,43.7,67,67.7,85.6,R,John King,MIA,3,WSN,0,RHH,0,Low,High,high
0,0,0,0,0,0,0.1,2026-05-09,save,823869,3,home,667463,9,43.7,67,67.7,85.6,R,John King,MIA,1,WSN,0,LHH,1,Low,High,high
1,1,1,0,1,1,1,2026-05-13,other,823710,13,away,667463,8,39.7,33.8,47.1,67.6,R,John King,MIA,4,MIN,0,,0,Low,Low,high
3,0,3,1,3,0,1,2026-05-14,other,823709,17,away,667463,8,39.7,33.8,47.1,67.6,R,John King,MIA,7,MIN,0,RHH,0,Low,Low,high
0,0,0,0,0,0,1,2026-05-17,other,822982,12,away,667463,8,77.8,34.8,51.2,51,R,John King,MIA,3,TBR,0,RHH,0,High,Mid,high
0,1,0,0,0,0,1,2026-05-18,other,823867,9,home,667463,7,51.3,55.8,59,68.1,R,John King,MIA,3,ATL,0,LHH,0,Mid,Mid,medium
0,0,0,1,0,0,0.2,2026-05-24,other,823861,13,home,667463,6,30.6,40,42.5,53.8,R,John King,MIA,3,NYM,0,LHH,0,Low,Low,medium
1,0,0,0,0,0,1,2026-05-25,other,822812,14,away,667463,8,54.7,7.6,29.4,36.4,R,John King,MIA,4,TOR,0,RHH,0,Mid,Low,high
0,1,0,0,0,0,1,2026-05-27,other,822809,11,away,667463,7,54.7,7.6,29.4,36.4,R,John King,MIA,3,TOR,0,LHH,0,Mid,Low,high
0,0,0,0,0,0,1.2,2026-06-02,other,822728,26,away,667463,3,43.7,67,67.7,85.6,R,John King,MIA,5,WSN,0,LHH,0,Low,High,medium
0,0,0,0,0,0,0.2,2026-06-06,other,823859,4,home,667463,5,77.8,34.8,51.2,51,R,John King,MIA,2,TBR,0,,1,High,Mid,medium
1,2,0,0,0,0,1,2026-06-12,other,823370,18,away,667463,9,33.5,60.7,62.1,84.2,R,John King,MIA,4,PIT,0,RHH,0,Low,Mid,high
2,0,1,0,1,0,0.2,2026-06-13,other,823369,11,away,667463,3,33.5,60.7,62.1,84.2,R,John King,MIA,4,PIT,0,LHH,0,Low,Mid,medium
0,1,0,0,0,0,1,2026-06-16,other,823451,9,away,667463,8,32.1,30.7,33.4,37.3,R,John King,MIA,3,PHI,0,RHH,0,Low,Low,high
1,2,0,0,0,0,1,2026-06-17,other,823450,15,away,667463,9,32.1,30.7,33.4,37.3,R,John King,MIA,4,PHI,0,,0,Low,Low,high
2,1,0,0,0,0,1.1,2026-06-19,other,823853,20,home,667463,2,35.1,17.2,38.2,64.4,R,John King,MIA,5,SFG,0,LHH,2,Low,Low,medium
1,0,0,0,0,0,1.1,2026-06-21,other,823852,10,home,667463,5,35.1,17.2,38.2,64.4,R,John King,MIA,5,SFG,0,LHH,1,Low,Low,medium
1,1,0,0,0,0,1,2026-06-24,other,823850,17,home,667463,5,36.6,27.1,36.4,46.9,R,John King,MIA,4,TEX,0,,0,Low,Low,medium
0,1,0,0,0,0,1.1,2026-06-27,other,823038,13,away,667463,4,41,40.4,42.1,44.7,R,John King,MIA,4,STL,0,,1,Low,Low,low
0,1,0,0,0,0,1,2026-07-01,other,824337,5,away,667463,8,34.5,31.8,26.1,13.5,R,John King,MIA,3,COL,0,RHH,0,Low,Low,high
1,1,2,1,2,1,2,2026-07-02,blown_hold,824335,28,away,667463,4,34.5,31.8,26.1,13.5,R,John King,MIA,7,COL,0,LHH,1,Low,Low,medium
1,0,1,1,1,0,1,2026-07-07,hold,823847,20,home,667463,7,43.3,45.2,49.2,57.9,R,John King,MIA,5,SEA,0,LHH,0,Low,Low,high
0,0,0,2,0,0,0.2,2026-07-24,other,823843,18,home,667463,8,40.5,52.4,53.2,63.3,R,John King,MIA,4,SDP,0,,0,Low,Mid,high
3,1,1,0,1,0,2,2026-07-27,other,823839,32,home,667463,7,32.1,30.7,33.4,37.3,R,John King,MIA,8,PHI,0,LHH,0,Low,Low,high
0,1,0,0,0,0,0.1,2026-07-30,other,823595,8,away,667463,8,30.6,40,42.5,53.8,R,John King,MIA,1,NYM,0,RHH,1,Low,Low,high
0,0,0,0,0,0,1,2026-08-01,other,823594,6,away,667463,6,30.6,40,42.5,53.8,R,John King,MIA,2,NYM,0,LHH,1,Low,Low,medium
1,0,2,0,1,1,1,2026-08-04,other,824888,16,away,667463,7,51.3,55.8,59,68.1,R,John King,MIA,5,ATL,0,RHH,0,Mid,Mid,high
4,0,4,1,3,1,1,2026-08-06,other,824885,25,away,667463,5,51.3,55.8,59,68.1,R,John King,MIA,8,ATL,0,LHH,0,Mid,Mid,medium
0,1,0,0,0,0,1,2026-08-07,other,823836,16,home,667463,9,22.6,13.1,27.4,47.2,R,John King,MIA,3,LAA,0,RHH,0,Low,Low,high
0,0,0,0,0,0,1,2026-05-03,other,823875,7,home,694795,8,32.1,30.7,33.4,37.3,R,Josh Ekness,MIA,3,PHI,0,LHH,0,Low,Low,high
0,2,0,0,0,0,1,2026-05-05,other,823873,15,home,694795,7,31.6,69.3,61.4,73.6,R,Josh Ekness,MIA,3,BAL,0,LHH,0,Low,Mid,medium
2,0,1,1,1,0,1,2026-05-07,blown_save,823870,24,home,694795,8,31.6,69.3,61.4,73.6,R,Josh Ekness,MIA,5,BAL,0,RHH,0,Low,Mid,high
0,0,0,0,0,0,0.1,2026-05-10,save,823868,3,home,694795,9,43.7,67,67.7,85.6,R,Josh Ekness,MIA,1,WSN,0,RHH,1,Low,High,high
0,1,0,3,0,0,1,2026-05-12,other,823712,31,away,694795,7,39.7,33.8,47.1,67.6,R,Josh Ekness,MIA,6,MIN,0,,0,Low,Low,medium
0,2,0,1,0,0,1,2026-05-13,other,823710,18,away,694795,9,39.7,33.8,47.1,67.6,R,Josh Ekness,MIA,4,MIN,0,,0,Low,Low,high
1,0,0,0,0,0,1,2026-08-05,other,824889,18,away,694795,8,51.3,55.8,59,68.1,R,Josh Ekness,MIA,4,ATL,0,RHH,0,Mid,Mid,high
1,0,3,1,0,1,1.2,2026-08-07,other,823836,23,home,694795,6,22.6,13.1,27.4,47.2,R,Josh Ekness,MIA,7,LAA,0,RHH,1,Low,Low,medium
1,1,1,1,1,0,1,2026-08-09,other,823835,13,home,694795,9,22.6,13.1,27.4,47.2,R,Josh Ekness,MIA,5,LAA,0,LHH,0,Low,Low,high
0,2,0,0,0,0,1,2026-03-29,other,823891,11,home,656848,9,34.5,31.8,26.1,13.5,R,Michael Petersen,MIA,3,COL,0,LHH,0,Low,Low,high
0,1,0,0,0,0,1,2026-03-30,other,823890,11,home,656848,9,32.2,45.8,54.2,79.5,R,Michael Petersen,MIA,3,CHW,0,RHH,0,Low,Mid,high
1,1,1,1,1,1,1,2026-04-03,other,823568,20,away,656848,7,38.8,75.1,66.4,76,R,Michael Petersen,MIA,5,NYY,0,LHH,0,Low,High,medium
1,0,3,3,2,0,1,2026-04-04,other,823569,30,away,656848,8,38.8,75.1,66.4,76,R,Michael Petersen,MIA,7,NYY,0,LHH,0,Low,High,high
2,2,0,0,0,0,1,2026-04-08,save,823885,22,home,656848,9,32.7,40.9,35.4,31,R,Michael Petersen,MIA,5,CIN,0,RHH,0,Low,Low,high
0,0,0,0,0,0,1,2026-04-11,other,824294,8,away,656848,7,43.2,42.5,49.7,62.5,R,Michael Petersen,MIA,3,DET,0,LHH,0,Low,Low,medium
1,1,0,0,0,0,2,2026-04-14,hold,824935,22,away,656848,6,51.3,55.8,59,68.1,R,Michael Petersen,MIA,7,ATL,0,LHH,0,Mid,Mid,medium
1,1,1,0,1,0,1.2,2026-04-19,other,823881,23,home,656848,7,67.4,75.3,66.3,55.3,R,Michael Petersen,MIA,6,MIL,0,LHH,0,High,High,medium
0,3,0,0,0,0,1,2026-04-22,other,823878,13,home,656848,8,41,40.4,42.1,44.7,R,Michael Petersen,MIA,3,STL,0,LHH,0,Low,Low,high
0,2,0,1,0,0,1.1,2026-04-27,hold,823961,26,away,656848,6,68.3,95.7,82.8,78.2,R,Michael Petersen,MIA,5,LAD,0,,0,High,High,medium
3,0,1,0,1,0,0.1,2026-04-28,hold,823956,9,away,656848,8,68.3,95.7,82.8,78.2,R,Michael Petersen,MIA,4,LAD,0,LHH,0,High,High,high
0,2,0,0,0,0,1,2026-05-05,other,823873,17,home,656848,6,31.6,69.3,61.4,73.6,R,Michael Petersen,MIA,3,BAL,0,LHH,0,Low,Mid,medium
0,1,0,0,0,0,1,2026-05-07,hold,823870,10,home,656848,7,31.6,69.3,61.4,73.6,R,Michael Petersen,MIA,3,BAL,0,RHH,0,Low,Mid,high
4,0,3,0,3,0,0.2,2026-05-09,other,823869,16,home,656848,9,43.7,67,67.7,85.6,R,Michael Petersen,MIA,6,WSN,0,LHH,0,Low,High,high
0,1,0,0,0,0,1.1,2026-05-15,other,822983,14,away,656848,6,77.8,34.8,51.2,51,R,Michael Petersen,MIA,3,TBR,0,RHH,2,High,Mid,high
0,1,0,2,0,0,1.1,2026-05-19,other,823865,26,home,656848,6,51.3,55.8,59,68.1,R,Michael Petersen,MIA,6,ATL,0,RHH,0,Mid,Mid,medium
1,1,0,0,0,0,0.2,2026-05-22,hold,823863,13,home,656848,8,30.6,40,42.5,53.8,R,Michael Petersen,MIA,2,NYM,0,RHH,0,Low,Low,high
0,2,0,0,0,0,1.1,2026-05-24,other,823861,17,home,656848,7,30.6,40,42.5,53.8,R,Michael Petersen,MIA,4,NYM,0,LHH,1,Low,Low,high
1,0,1,2,1,0,0.2,2026-05-27,blown_hold,822809,23,away,656848,5,54.7,7.6,29.4,36.4,R,Michael Petersen,MIA,5,TOR,0,LHH,0,Mid,Low,medium
0,1,0,0,0,0,1,2026-05-29,other,823623,9,away,656848,9,30.6,40,42.5,53.8,R,Michael Petersen,MIA,3,NYM,0,RHH,0,Low,Low,high
0,1,0,1,0,0,1,2026-06-01,hold,822730,16,away,656848,8,43.7,67,67.7,85.6,R,Michael Petersen,MIA,4,WSN,0,LHH,0,Low,High,high
1,2,0,0,0,0,1,2026-06-02,hold,822728,11,away,656848,7,43.7,67,67.7,85.6,R,Michael Petersen,MIA,4,WSN,1,LHH,2,Low,High,high
1,2,1,1,1,0,1,2026-06-06,other,823859,26,home,656848,8,77.8,34.8,51.2,51,R,Michael Petersen,MIA,6,TBR,0,,0,High,Mid,high
0,2,0,0,0,0,1,2026-06-07,hold,823857,17,home,656848,8,77.8,34.8,51.2,51,R,Michael Petersen,MIA,3,TBR,0,LHH,0,High,Mid,high
1,1,1,2,0,0,1,2026-06-09,other,823858,26,home,656848,7,58.2,31.7,40.5,37.8,R,Michael Petersen,MIA,6,ARI,0,,0,Mid,Low,medium
0,1,0,0,0,0,1,2026-06-11,hold,823855,14,home,656848,6,58.2,31.7,40.5,37.8,R,Michael Petersen,MIA,4,ARI,0,,1,Mid,Low,medium
0,3,0,0,0,0,2,2026-06-13,other,823369,29,away,656848,6,33.5,60.7,62.1,84.2,R,Michael Petersen,MIA,6,PIT,0,LHH,2,Low,Mid,high
0,3,0,0,0,0,1,2026-06-17,other,823450,17,away,656848,7,32.1,30.7,33.4,37.3,R,Michael Petersen,MIA,3,PHI,0,LHH,0,Low,Low,medium
2,1,2,0,2,1,1,2026-06-19,other,823853,17,home,656848,5,35.1,17.2,38.2,64.4,R,Michael Petersen,MIA,5,SFG,0,LHH,0,Low,Low,medium
0,0,0,0,0,0,1,2026-06-21,hold,823852,16,home,656848,8,35.1,17.2,38.2,64.4,R,Michael Petersen,MIA,3,SFG,0,LHH,0,Low,Low,high
2,1,0,0,0,0,0.2,2026-06-22,other,823851,13,home,656848,7,36.6,27.1,36.4,46.9,R,Michael Petersen,MIA,4,TEX,0,LHH,0,Low,Low,high
0,3,0,0,0,0,1,2026-06-24,hold,823850,13,home,656848,8,36.6,27.1,36.4,46.9,R,Michael Petersen,MIA,3,TEX,0,RHH,0,Low,Low,high
1,1,0,0,0,0,1,2026-06-26,hold,823039,19,away,656848,8,41,40.4,42.1,44.7,R,Michael Petersen,MIA,4,STL,0,RHH,0,Low,Low,high
1,1,1,0,1,1,1.1,2026-06-29,hold,824339,17,away,656848,6,34.5,31.8,26.1,13.5,R,Michael Petersen,MIA,5,COL,0,LHH,2,Low,Low,high
0,1,0,2,0,0,0.2,2026-07-03,other,824982,21,away,656848,4,42.3,37.3,48.1,64.7,R,Michael Petersen,MIA,4,ATH,0,LHH,1,Low,Low,medium
0,1,0,0,0,0,1,2026-07-05,hold,824980,9,away,656848,8,42.3,37.3,48.1,64.7,R,Michael Petersen,MIA,2,ATH,0,,1,Low,Low,high
0,1,0,0,0,0,1,2026-07-07,hold,823847,11,home,656848,6,43.3,45.2,49.2,57.9,R,Michael Petersen,MIA,3,SEA,0,LHH,3,Low,Low,high
0,1,0,0,0,0,1,2026-07-08,hold,823848,14,home,656848,8,43.3,45.2,49.2,57.9,R,Michael Petersen,MIA,3,SEA,0,LHH,0,Low,Low,high
2,0,1,0,1,1,1,2026-07-12,other,823842,26,home,656848,4,50,36.8,42.8,44.4,R,Michael Petersen,MIA,5,CLE,0,LHH,2,Mid,Low,medium
0,2,0,2,0,0,1,2026-07-17,other,823766,21,away,656848,8,67.4,75.3,66.3,55.3,R,Michael Petersen,MIA,5,MIL,0,LHH,0,High,High,high
0,1,0,0,0,0,1.1,2026-07-19,hold,823764,18,away,656848,7,67.4,75.3,66.3,55.3,R,Michael Petersen,MIA,3,MIL,0,LHH,1,High,High,high
1,0,0,1,0,0,0.2,2026-07-24,other,823843,15,home,656848,5,40.5,52.4,53.2,63.3,R,Michael Petersen,MIA,4,SDP,1,RHH,1,Low,Mid,medium
0,0,0,0,0,0,0.1,2026-07-26,other,823840,2,home,656848,5,40.5,52.4,53.2,63.3,R,Michael Petersen,MIA,1,SDP,0,RHH,1,Low,Mid,medium
3,1,2,0,2,0,0.2,2026-07-30,other,823595,28,away,656848,8,30.6,40,42.5,53.8,R,Michael Petersen,MIA,5,NYM,0,LHH,0,Low,Low,high
0,2,0,1,0,0,1,2026-08-02,hold,823592,19,away,656848,7,30.6,40,42.5,53.8,R,Michael Petersen,MIA,4,NYM,0,,2,Low,Low,high
0,2,0,2,0,0,1.1,2026-08-07,other,823836,26,home,656848,5,22.6,13.1,27.4,47.2,R,Michael Petersen,MIA,6,LAA,0,,1,Low,Low,medium
0,2,0,1,0,0,1,2026-08-09,other,823835,15,home,656848,5,22.6,13.1,27.4,47.2,R,Michael Petersen,MIA,4,LAA,0,,0,Low,Low,medium
1,2,0,0,0,0,1,2026-08-11,hold,823832,16,home,656848,8,33.5,60.7,62.1,84.2,R,Michael Petersen,MIA,4,PIT,0,,0,Low,Mid,high
1,1,0,0,0,0,1,2026-03-27,save,823893,12,home,664126,9,34.5,31.8,26.1,13.5,R,Pete Fairbanks,MIA,4,COL,0,RHH,0,Low,Low,high
0,1,0,0,0,0,1,2026-03-28,save,823892,9,home,664126,9,34.5,31.8,26.1,13.5,R,Pete Fairbanks,MIA,3,COL,0,RHH,0,Low,Low,high
0,3,0,0,0,0,1,2026-03-31,other,823888,15,home,664126,9,32.2,45.8,54.2,79.5,R,Pete Fairbanks,MIA,3,CHW,0,RHH,0,Low,Mid,high
3,1,3,0,3,0,1,2026-04-14,blown_save,824935,26,away,664126,8,51.3,55.8,59,68.1,R,Pete Fairbanks,MIA,7,ATL,0,LHH,0,Mid,Mid,high
0,1,0,0,0,0,1,2026-04-17,other,823883,12,home,664126,9,67.4,75.3,66.3,55.3,R,Pete Fairbanks,MIA,3,MIL,0,LHH,0,High,High,high
0,2,0,0,0,0,1,2026-04-19,save,823881,13,home,664126,9,67.4,75.3,66.3,55.3,R,Pete Fairbanks,MIA,3,MIL,0,LHH,0,High,High,high
1,2,1,0,1,0,1,2026-04-20,save,823879,19,home,664126,9,41,40.4,42.1,44.7,R,Pete Fairbanks,MIA,4,STL,0,RHH,0,Low,Low,high
0,1,0,0,0,0,0.2,2026-04-22,save,823878,12,home,664126,9,41,40.4,42.1,44.7,R,Pete Fairbanks,MIA,2,STL,0,,1,Low,Low,high
1,0,3,3,3,0,0.1,2026-04-27,hold,823961,23,away,664126,9,68.3,95.7,82.8,78.2,R,Pete Fairbanks,MIA,5,LAD,0,LHH,0,High,High,high
1,2,1,1,0,0,1,2026-05-16,blown_save,822981,24,away,664126,9,77.8,34.8,51.2,51,R,Pete Fairbanks,MIA,5,TBR,0,LHH,0,High,Mid,high
1,2,1,0,1,1,1,2026-05-21,other,823864,20,home,664126,9,51.3,55.8,59,68.1,R,Pete Fairbanks,MIA,4,ATL,0,LHH,0,Mid,Mid,high
0,2,0,1,0,0,1,2026-05-22,save,823863,20,home,664126,9,30.6,40,42.5,53.8,R,Pete Fairbanks,MIA,4,NYM,0,,0,Low,Low,high
1,1,0,1,0,0,1,2026-05-24,other,823861,16,home,664126,9,30.6,40,42.5,53.8,R,Pete Fairbanks,MIA,4,NYM,0,,0,Low,Low,high
0,1,0,0,0,0,1,2026-05-27,other,822809,10,away,664126,8,54.7,7.6,29.4,36.4,R,Pete Fairbanks,MIA,3,TOR,0,RHH,0,Mid,Low,high
1,0,2,0,1,1,0.1,2026-05-29,other,823623,4,away,664126,10,30.6,40,42.5,53.8,R,Pete Fairbanks,MIA,2,NYM,0,LHH,0,Low,Low,high
0,1,0,0,0,0,1,2026-06-01,other,822730,13,away,664126,9,43.7,67,67.7,85.6,R,Pete Fairbanks,MIA,3,WSN,0,LHH,0,Low,High,high
1,1,0,0,0,0,1,2026-06-03,save,822727,20,away,664126,9,43.7,67,67.7,85.6,R,Pete Fairbanks,MIA,5,WSN,0,RHH,0,Low,High,high
2,0,2,3,2,0,0.2,2026-06-06,hold,823859,39,home,664126,9,77.8,34.8,51.2,51,R,Pete Fairbanks,MIA,7,TBR,0,LHH,0,High,Mid,high
1,2,0,1,0,0,1,2026-06-09,other,823858,24,home,664126,9,58.2,31.7,40.5,37.8,R,Pete Fairbanks,MIA,5,ARI,0,RHH,0,Mid,Low,high
0,2,0,0,0,0,1,2026-06-11,save,823855,13,home,664126,9,58.2,31.7,40.5,37.8,R,Pete Fairbanks,MIA,3,ARI,0,RHH,0,Mid,Low,high
1,2,1,0,1,1,1,2026-06-14,save,823368,14,away,664126,9,33.5,60.7,62.1,84.2,R,Pete Fairbanks,MIA,4,PIT,0,LHH,0,Low,Mid,high
0,0,0,0,0,0,1,2026-06-19,save,823853,17,home,664126,9,35.1,17.2,38.2,64.4,R,Pete Fairbanks,MIA,3,SFG,0,LHH,0,Low,Low,high
0,2,0,0,0,0,1,2026-06-20,save,823854,15,home,664126,9,35.1,17.2,38.2,64.4,R,Pete Fairbanks,MIA,3,SFG,0,LHH,0,Low,Low,high
2,1,2,0,2,1,1,2026-06-23,other,823849,17,home,664126,9,36.6,27.1,36.4,46.9,R,Pete Fairbanks,MIA,6,TEX,0,,0,Low,Low,high
1,0,1,0,1,1,1,2026-06-24,save,823850,10,home,664126,9,36.6,27.1,36.4,46.9,R,Pete Fairbanks,MIA,4,TEX,0,,0,Low,Low,high
2,1,1,0,1,0,1,2026-06-29,other,824339,19,away,664126,9,34.5,31.8,26.1,13.5,R,Pete Fairbanks,MIA,5,COL,0,LHH,0,Low,Low,high
3,1,3,1,2,0,1,2026-07-05,other,824980,29,away,664126,9,42.3,37.3,48.1,64.7,R,Pete Fairbanks,MIA,7,ATH,0,RHH,0,Low,Low,high
1,2,0,0,0,0,1,2026-07-07,other,823847,17,home,664126,9,43.3,45.2,49.2,57.9,R,Pete Fairbanks,MIA,4,SEA,0,LHH,0,Low,Low,high
1,2,0,0,0,0,1,2026-07-08,save,823848,14,home,664126,9,43.3,45.2,49.2,57.9,R,Pete Fairbanks,MIA,4,SEA,0,LHH,0,Low,Low,high
1,0,1,0,1,1,1,2026-07-12,other,823842,18,home,664126,9,50,36.8,42.8,44.4,R,Pete Fairbanks,MIA,4,CLE,0,LHH,0,Mid,Low,high
1,2,0,1,0,0,1,2026-07-17,other,823766,24,away,664126,9,67.4,75.3,66.3,55.3,R,Pete Fairbanks,MIA,5,MIL,0,RHH,0,High,High,high
2,1,3,1,3,1,0.1,2026-07-19,blown_save,823764,19,away,664126,9,67.4,75.3,66.3,55.3,R,Pete Fairbanks,MIA,4,MIL,0,RHH,0,High,High,high
0,1,0,0,0,0,1,2026-07-26,other,823840,9,home,664126,9,40.5,52.4,53.2,63.3,R,Pete Fairbanks,MIA,3,SDP,0,RHH,0,Low,Mid,high
0,2,0,0,0,0,1,2026-07-28,save,823838,9,home,664126,9,32.1,30.7,33.4,37.3,R,Pete Fairbanks,MIA,3,PHI,0,RHH,0,Low,Low,high
0,1,0,0,0,0,1,2026-07-29,save,823837,13,home,664126,9,32.1,30.7,33.4,37.3,R,Pete Fairbanks,MIA,3,PHI,0,RHH,0,Low,Low,high
0,1,0,0,0,0,1,2026-07-31,save,823593,7,away,664126,9,30.6,40,42.5,53.8,R,Pete Fairbanks,MIA,3,NYM,0,RHH,0,Low,Low,high
0,1,0,2,0,0,1,2026-08-02,save,823592,21,away,664126,9,30.6,40,42.5,53.8,R,Pete Fairbanks,MIA,5,NYM,0,LHH,0,Low,Low,high
1,3,0,0,0,0,1,2026-08-08,other,823834,16,home,664126,9,22.6,13.1,27.4,47.2,R,Pete Fairbanks,MIA,4,LAA,0,,0,Low,Low,high
0,1,0,0,0,0,1,2026-08-11,save,823832,16,home,664126,9,33.5,60.7,62.1,84.2,R,Pete Fairbanks,MIA,3,PIT,0,LHH,0,Low,Mid,high
0,1,0,0,0,0,1,2026-04-08,hold,823885,12,home,687473,6,32.7,40.9,35.4,31,R,Ryan Gusto,MIA,3,CIN,0,RHH,0,Low,Low,medium
5,3,3,0,3,0,2,2026-06-02,other,822728,40,away,687473,5,43.7,67,67.7,85.6,R,Ryan Gusto,MIA,11,WSN,0,,0,Low,High,low
0,1,0,0,0,0,2,2026-07-10,other,823845,23,home,687473,8,50,36.8,42.8,44.4,R,Ryan Gusto,MIA,6,CLE,0,LHH,0,Mid,Low,high
3,2,2,0,1,0,2.1,2026-07-18,other,823763,38,away,687473,6,67.4,75.3,66.3,55.3,R,Ryan Gusto,MIA,11,MIL,0,LHH,1,High,High,medium
0,2,0,0,0,0,2,2026-07-21,other,824165,24,away,687473,6,38.5,45.2,48.8,60.3,R,Ryan Gusto,MIA,6,HOU,0,LHH,0,Low,Low,low
1,2,0,0,0,0,2,2026-03-29,other,823891,22,home,663969,6,34.5,31.8,26.1,13.5,R,Tyler Phillips,MIA,8,COL,0,RHH,0,Low,Low,medium
1,3,1,2,0,0,2,2026-04-03,other,823568,52,away,663969,5,38.8,75.1,66.4,76,R,Tyler Phillips,MIA,10,NYY,0,LHH,0,Low,High,medium
0,1,0,1,0,0,1.2,2026-04-06,other,823886,23,home,663969,8,32.7,40.9,35.4,31,R,Tyler Phillips,MIA,6,CIN,0,,1,Low,Low,high
2,4,0,1,0,0,3,2026-04-09,save,823884,37,home,663969,7,32.7,40.9,35.4,31,R,Tyler Phillips,MIA,12,CIN,0,,0,Low,Low,medium
2,2,1,1,1,0,2,2026-04-12,other,824293,37,away,663969,7,43.2,42.5,49.7,62.5,R,Tyler Phillips,MIA,9,DET,0,,0,Low,Low,medium
1,3,0,3,0,0,1.1,2026-04-17,other,823883,42,home,663969,7,67.4,75.3,66.3,55.3,R,Tyler Phillips,MIA,8,MIL,0,,0,High,High,high
2,3,0,1,0,0,3,2026-04-21,other,823880,40,home,663969,7,41,40.4,42.1,44.7,R,Tyler Phillips,MIA,10,STL,0,RHH,0,Low,Low,medium
2,0,2,3,2,1,2,2026-04-25,other,823229,46,away,663969,7,35.1,17.2,38.2,64.4,R,Tyler Phillips,MIA,11,SFG,0,LHH,0,Low,Low,medium
1,1,0,0,0,0,0.1,2026-04-27,blown_save,823961,6,away,663969,9,68.3,95.7,82.8,78.2,R,Tyler Phillips,MIA,2,LAD,2,,3,High,High,high
1,0,0,0,0,0,1,2026-04-28,save,823956,16,away,663969,9,68.3,95.7,82.8,78.2,R,Tyler Phillips,MIA,4,LAD,0,,0,High,High,high
4,3,0,0,0,0,3,2026-05-03,other,823875,47,home,663969,5,32.1,30.7,33.4,37.3,R,Tyler Phillips,MIA,13,PHI,0,,0,Low,Low,low
1,2,0,1,0,0,2.1,2026-05-08,other,823871,29,home,663969,7,43.7,67,67.7,85.6,R,Tyler Phillips,MIA,9,WSN,0,RHH,1,Low,High,high
0,1,0,0,0,0,1.1,2026-05-13,other,823710,14,away,663969,6,39.7,33.8,47.1,67.6,R,Tyler Phillips,MIA,4,MIN,0,RHH,1,Low,Low,medium
2,0,1,2,1,0,2,2026-05-17,other,822982,43,away,663969,6,77.8,34.8,51.2,51,R,Tyler Phillips,MIA,10,TBR,0,LHH,0,High,Mid,medium
2,2,1,1,0,0,3,2026-05-20,other,823866,43,home,663969,6,51.3,55.8,59,68.1,R,Tyler Phillips,MIA,12,ATL,0,RHH,0,Mid,Mid,low
7,3,3,3,3,1,4.2,2026-06-05,other,823860,82,home,663969,3,77.8,34.8,51.2,51,R,Tyler Phillips,MIA,24,TBR,0,RHH,0,High,Mid,medium
1,1,0,1,0,0,1,2026-06-05,other,823860,16,home,676604,9,77.8,34.8,51.2,51,R,Tyler Zuber,MIA,5,TBR,0,RHH,0,High,Mid,high
0,1,0,0,0,0,0.1,2026-06-06,save,823859,5,home,676604,9,77.8,34.8,51.2,51,R,Tyler Zuber,MIA,1,TBR,0,RHH,3,High,Mid,high
0,1,3,2,3,0,0.1,2026-06-09,hold,823858,15,home,676604,8,58.2,31.7,40.5,37.8,R,Tyler Zuber,MIA,4,ARI,0,RHH,0,Mid,Low,high
0,0,0,0,0,0,1,2026-06-14,hold,823368,16,away,676604,8,33.5,60.7,62.1,84.2,R,Tyler Zuber,MIA,3,PIT,0,LHH,0,Low,Mid,high
1,1,0,0,0,0,1,2026-06-17,other,823450,9,away,676604,8,32.1,30.7,33.4,37.3,R,Tyler Zuber,MIA,3,PHI,0,LHH,0,Low,Low,high
2,1,0,0,0,0,0.2,2026-06-19,other,823853,12,home,676604,6,35.1,17.2,38.2,64.4,R,Tyler Zuber,MIA,4,SFG,1,RHH,1,Low,Low,medium
0,2,0,0,0,0,1.1,2026-06-20,other,823854,22,home,676604,6,35.1,17.2,38.2,64.4,R,Tyler Zuber,MIA,4,SFG,0,RHH,0,Low,Low,low
3,1,1,0,1,1,0.2,2026-06-23,other,823849,18,home,676604,7,36.6,27.1,36.4,46.9,R,Tyler Zuber,MIA,5,TEX,0,,1,Low,Low,medium
0,1,0,0,0,0,1,2026-06-27,other,823038,10,away,676604,9,41,40.4,42.1,44.7,R,Tyler Zuber,MIA,3,STL,0,LHH,0,Low,Low,high
1,0,1,0,1,1,1,2026-07-01,other,824337,14,away,676604,7,34.5,31.8,26.1,13.5,R,Tyler Zuber,MIA,4,COL,0,,0,Low,Low,medium
2,1,0,0,0,0,1,2026-07-03,hold,824982,13,away,676604,5,42.3,37.3,48.1,64.7,R,Tyler Zuber,MIA,5,ATH,0,RHH,0,Low,Low,medium
1,1,1,0,0,0,1,2026-07-04,other,824983,14,away,676604,9,42.3,37.3,48.1,64.7,R,Tyler Zuber,MIA,5,ATH,0,RHH,0,Low,Low,high
1,1,0,0,0,0,1,2026-07-09,other,823846,12,home,676604,9,43.3,45.2,49.2,57.9,R,Tyler Zuber,MIA,4,SEA,0,LHH,0,Low,Low,high
2,0,0,0,0,0,0.2,2026-07-12,other,823842,18,home,676604,4,50,36.8,42.8,44.4,R,Tyler Zuber,MIA,4,CLE,0,LHH,0,Mid,Low,medium
1,2,0,0,0,0,1,2026-07-18,hold,823763,22,away,676604,5,67.4,75.3,66.3,55.3,R,Tyler Zuber,MIA,4,MIL,0,,0,High,High,medium
1,1,2,0,2,1,0.2,2026-07-21,other,824165,17,away,676604,5,38.5,45.2,48.8,60.3,R,Tyler Zuber,MIA,4,HOU,1,RHH,1,Low,Low,medium
2,2,2,0,2,1,0.2,2026-07-24,other,823843,15,home,676604,7,40.5,52.4,53.2,63.3,R,Tyler Zuber,MIA,4,SDP,0,RHH,2,Low,Mid,high
0,0,0,0,0,0,1,2026-07-26,hold,823840,14,home,676604,7,40.5,52.4,53.2,63.3,R,Tyler Zuber,MIA,3,SDP,0,RHH,0,Low,Mid,high
2,1,1,0,0,0,0.2,2026-07-27,blown_save,823839,15,home,676604,6,32.1,30.7,33.4,37.3,R,Tyler Zuber,MIA,4,PHI,2,,2,Low,Low,high
0,2,0,0,0,0,1,2026-07-29,other,823837,14,home,676604,8,32.1,30.7,33.4,37.3,R,Tyler Zuber,MIA,3,PHI,0,RHH,0,Low,Low,high
1,2,0,0,0,0,1.1,2026-07-31,hold,823593,23,away,676604,7,30.6,40,42.5,53.8,R,Tyler Zuber,MIA,4,NYM,0,RHH,0,Low,Low,medium
1,0,0,0,0,0,1,2026-08-02,hold,823592,9,away,676604,8,30.6,40,42.5,53.8,R,Tyler Zuber,MIA,4,NYM,0,,0,Low,Low,high
0,2,0,1,0,0,1,2026-08-06,other,824885,17,away,676604,4,51.3,55.8,59,68.1,R,Tyler Zuber,MIA,4,ATL,0,,0,Mid,Mid,medium
1,2,0,0,0,0,1,2026-08-09,other,823835,18,home,676604,6,22.6,13.1,27.4,47.2,R,Tyler Zuber,MIA,4,LAA,0,,0,Low,Low,low
1,1,0,0,0,0,1,2026-08-12,other,823833,16,home,676604,7,33.5,60.7,62.1,84.2,R,Tyler Zuber,MIA,3,PIT,0,LHH,0,Low,Mid,medium
3,1,2,0,2,1,1,2026-03-29,blown_save,823891,11,away,680767,8,40.1,39.3,48.6,65.4,R,Victor Vodnik,MIA,6,MIA,0,RHH,2,Low,Low,high
1,0,0,0,0,0,1,2026-04-01,other,822835,17,away,680767,8,54.7,7.6,29.4,36.4,R,Victor Vodnik,MIA,4,TOR,0,RHH,0,Mid,Low,high
1,0,0,0,0,0,1,2026-04-04,other,824378,12,home,680767,9,32.1,30.7,33.4,37.3,R,Victor Vodnik,MIA,4,PHI,0,,0,Low,Low,high
2,3,0,0,0,0,1,2026-04-05,save,824379,22,home,680767,9,32.1,30.7,33.4,37.3,R,Victor Vodnik,MIA,5,PHI,0,LHH,0,Low,Low,high
1,0,1,2,0,0,2,2026-04-09,other,823319,32,away,680767,9,40.5,52.4,53.2,63.3,R,Victor Vodnik,MIA,9,SDP,0,RHH,0,Low,Mid,high
0,1,0,1,0,0,1,2026-04-12,other,823317,13,away,680767,8,40.5,52.4,53.2,63.3,R,Victor Vodnik,MIA,3,SDP,0,RHH,0,Low,Mid,high
0,0,0,1,0,0,1,2026-04-16,save,824208,14,away,680767,9,38.5,45.2,48.8,60.3,R,Victor Vodnik,MIA,4,HOU,0,RHH,0,Low,Low,high
2,0,0,0,0,0,1,2026-04-18,save,824372,15,home,680767,9,68.3,95.7,82.8,78.2,R,Victor Vodnik,MIA,5,LAD,0,LHH,0,High,High,high
3,1,2,1,2,0,1,2026-04-19,other,824371,34,home,680767,9,68.3,95.7,82.8,78.2,R,Victor Vodnik,MIA,7,LAD,0,LHH,0,High,High,high
4,2,5,1,5,1,0.2,2026-04-23,blown_save,824368,22,home,680767,8,40.5,52.4,53.2,63.3,R,Victor Vodnik,MIA,7,SDP,0,RHH,2,Low,Mid,high
0,2,0,0,0,0,1,2026-04-26,save,823635,15,away,680767,9,30.6,40,42.5,53.8,R,Victor Vodnik,MIA,3,NYM,0,LHH,0,Low,Low,high
2,1,2,1,2,0,1,2026-04-30,other,824524,25,away,680767,8,32.7,40.9,35.4,31,R,Victor Vodnik,MIA,6,CIN,0,RHH,0,Low,Low,high
0,1,0,1,0,0,1,2026-05-03,other,824364,17,home,680767,8,51.3,55.8,59,68.1,R,Victor Vodnik,MIA,3,ATL,0,LHH,0,Mid,Mid,high
0,2,0,1,0,0,2,2026-05-08,other,823466,20,away,680767,9,32.1,30.7,33.4,37.3,R,Victor Vodnik,MIA,7,PHI,0,LHH,0,Low,Low,high
3,0,1,1,1,0,0.2,2026-05-12,other,823385,26,away,680767,7,33.5,60.7,62.1,84.2,R,Victor Vodnik,MIA,6,PIT,0,LHH,0,Low,Mid,high
2,1,1,1,1,0,0.2,2026-05-14,other,823383,16,away,680767,3,33.5,60.7,62.1,84.2,R,Victor Vodnik,MIA,5,PIT,2,LHH,2,Low,Mid,medium
0,1,0,0,0,0,1,2026-05-17,other,824358,11,home,680767,9,58.2,31.7,40.5,37.8,R,Victor Vodnik,MIA,3,ARI,0,RHH,0,Mid,Low,high
1,0,1,2,1,0,0.2,2026-06-15,hold,824666,21,away,680767,8,62.9,82.6,69.2,58.4,R,Victor Vodnik,MIA,5,CHC,0,LHH,0,Mid,High,high
0,0,0,0,0,0,1,2026-06-16,hold,824667,8,away,680767,8,62.9,82.6,69.2,58.4,R,Victor Vodnik,MIA,3,CHC,0,LHH,0,Mid,High,high
0,0,0,2,0,0,2,2026-06-22,other,824344,30,home,680767,8,43,41.3,32.9,16,R,Victor Vodnik,MIA,7,BOS,0,LHH,0,Low,Low,high
0,1,0,0,0,0,1.1,2026-06-27,hold,823689,15,away,680767,6,39.7,33.8,47.1,67.6,R,Victor Vodnik,MIA,4,MIN,0,LHH,1,Low,Low,medium
2,0,1,0,1,1,1.1,2026-06-29,other,824339,18,home,680767,5,40.1,39.3,48.6,65.4,R,Victor Vodnik,MIA,6,MIA,2,LHH,2,Low,Low,medium
1,0,0,0,0,0,1.1,2026-07-02,hold,824335,12,home,680767,6,40.1,39.3,48.6,65.4,R,Victor Vodnik,MIA,4,MIA,0,RHH,1,Low,Low,medium
1,2,0,1,0,0,1,2026-07-05,other,824333,25,home,680767,8,35.1,17.2,38.2,64.4,R,Victor Vodnik,MIA,5,SFG,0,LHH,0,Low,Low,high
1,3,0,1,0,0,1.2,2026-07-09,other,823201,34,away,680767,5,35.1,17.2,38.2,64.4,R,Victor Vodnik,MIA,7,SFG,0,,3,Low,Low,medium
1,1,1,0,0,0,1,2026-07-17,other,824332,12,home,680767,7,32.7,40.9,35.4,31,R,Victor Vodnik,MIA,5,CIN,0,LHH,0,Low,Low,medium
2,0,1,0,1,0,1,2026-07-20,other,824328,18,home,680767,9,43.7,67,67.7,85.6,R,Victor Vodnik,MIA,5,WSN,0,LHH,0,Low,High,high
1,0,0,0,0,0,1,2026-07-21,other,824329,6,home,680767,6,43.7,67,67.7,85.6,R,Victor Vodnik,MIA,3,WSN,0,LHH,0,Low,High,medium
0,1,0,0,0,0,1.2,2026-07-24,hold,823759,27,away,680767,6,67.4,75.3,66.3,55.3,R,Victor Vodnik,MIA,5,MIL,0,,2,High,High,high
4,0,2,0,2,0,1,2026-07-26,other,823755,22,away,680767,7,67.4,75.3,66.3,55.3,R,Victor Vodnik,MIA,6,MIL,0,RHH,0,High,High,medium
2,1,1,0,0,0,1,2026-07-28,blown_save,823275,26,away,680767,8,40.5,52.4,53.2,63.3,R,Victor Vodnik,MIA,4,SDP,0,RHH,0,Low,Mid,high
1,1,0,0,0,0,1,2026-08-01,other,824326,15,home,680767,7,57,42.9,50.8,55.5,R,Victor Vodnik,MIA,4,KCR,0,,0,Mid,Mid,medium
1,1,1,1,1,0,1,2026-08-04,other,824888,26,away,680767,8,51.3,55.8,59,68.1,R,Victor Vodnik,MIA,6,ATL,0,,0,Mid,Mid,high
2,1,2,1,2,0,2,2026-08-06,other,824885,32,away,680767,6,51.3,55.8,59,68.1,R,Victor Vodnik,MIA,10,ATL,2,,3,Mid,Mid,high
0,2,0,0,0,0,1,2026-08-09,other,823835,13,home,680767,8,22.6,13.1,27.4,47.2,R,Victor Vodnik,MIA,3,LAA,0,RHH,0,Low,Low,high
1,1,0,1,0,0,1,2026-08-12,other,823833,21,home,680767,9,33.5,60.7,62.1,84.2,R,Victor Vodnik,MIA,5,PIT,0,LHH,0,Low,Mid,high
0,2,0,0,0,0,1,2026-03-26,other,823812,11,home,676879,6,32.2,45.8,54.2,79.5,R,Aaron Ashby,MIL,3,CHW,0,RHH,0,Low,Mid,low
0,4,0,2,0,0,1.2,2026-03-28,other,823811,33,home,676879,5,32.2,45.8,54.2,79.5,R,Aaron Ashby,MIL,7,CHW,0,LHH,1,Low,Mid,medium
2,3,1,0,1,1,2,2026-03-30,other,823809,24,home,676879,6,77.8,34.8,51.2,51,R,Aaron Ashby,MIL,7,TBR,0,RHH,0,High,Mid,medium
0,0,0,1,0,0,1,2026-04-01,other,823806,9,home,676879,8,77.8,34.8,51.2,51,R,Aaron Ashby,MIL,3,TBR,0,RHH,0,High,Mid,high
4,3,2,1,2,0,1.2,2026-04-04,other,824132,41,away,676879,6,57,42.9,50.8,55.5,R,Aaron Ashby,MIL,10,KCR,0,RHH,0,Mid,Mid,low
1,0,0,1,0,0,1.1,2026-04-06,other,824783,23,away,676879,6,43,41.3,32.9,16,R,Aaron Ashby,MIL,6,BOS,0,LHH,0,Low,Low,medium
0,2,0,0,0,0,1,2026-04-08,other,824779,11,away,676879,5,43,41.3,32.9,16,R,Aaron Ashby,MIL,3,BOS,0,RHH,0,Low,Low,medium
1,1,0,0,0,0,0.2,2026-04-12,other,823804,11,home,676879,8,43.7,67,67.7,85.6,R,Aaron Ashby,MIL,3,WSN,2,RHH,2,Low,High,high
1,3,0,1,0,0,1,2026-04-15,other,823803,21,home,676879,8,54.7,7.6,29.4,36.4,R,Aaron Ashby,MIL,5,TOR,0,RHH,0,Mid,Low,high
1,0,0,0,0,0,0.1,2026-04-16,other,823801,7,home,676879,7,54.7,7.6,29.4,36.4,R,Aaron Ashby,MIL,2,TOR,0,,0,Mid,Low,high
0,2,0,2,0,0,1,2026-04-21,other,824290,27,away,676879,7,43.2,42.5,49.7,62.5,R,Aaron Ashby,MIL,5,DET,0,RHH,0,Low,Low,medium
1,0,0,1,0,0,0.1,2026-04-23,other,824288,15,away,676879,6,43.2,42.5,49.7,62.5,R,Aaron Ashby,MIL,3,DET,1,RHH,1,Low,Low,medium
1,4,0,0,0,0,2,2026-04-25,other,823799,21,home,676879,7,33.5,60.7,62.1,84.2,R,Aaron Ashby,MIL,7,PIT,0,,0,Low,Mid,high
0,2,0,2,0,0,1,2026-04-26,other,823797,28,home,676879,8,33.5,60.7,62.1,84.2,R,Aaron Ashby,MIL,6,PIT,0,RHH,0,Low,Mid,high
2,4,1,2,1,0,2.2,2026-05-01,other,822744,45,away,676879,6,43.7,67,67.7,85.6,R,Aaron Ashby,MIL,12,WSN,0,LHH,0,Low,High,low
0,1,0,1,0,0,2,2026-05-06,other,823063,28,away,676879,6,41,40.4,42.1,44.7,R,Aaron Ashby,MIL,7,STL,0,RHH,0,Low,Low,low
1,3,1,1,0,0,2,2026-05-09,other,823792,27,home,676879,9,38.8,75.1,66.4,76,R,Aaron Ashby,MIL,7,NYY,0,LHH,0,Low,High,high
1,3,0,0,0,0,1,2026-05-10,other,823793,18,home,676879,8,38.8,75.1,66.4,76,R,Aaron Ashby,MIL,4,NYY,0,LHH,0,Low,High,high
0,2,0,0,0,0,1,2026-05-13,hold,823791,14,home,676879,8,40.5,52.4,53.2,63.3,R,Aaron Ashby,MIL,3,SDP,0,RHH,0,Low,Mid,high
4,1,1,0,1,0,2,2026-05-15,blown_save,823707,23,away,676879,6,39.7,33.8,47.1,67.6,R,Aaron Ashby,MIL,8,MIN,1,RHH,2,Low,Low,high
3,2,2,1,1,0,0.2,2026-05-19,other,824677,26,away,676879,8,62.9,82.6,69.2,58.4,R,Aaron Ashby,MIL,7,CHC,0,RHH,0,Mid,High,high
0,0,0,1,0,0,1.1,2026-05-22,other,823788,32,home,676879,7,68.3,95.7,82.8,78.2,R,Aaron Ashby,MIL,6,LAD,1,,2,High,High,high
0,1,0,0,0,0,2,2026-05-25,other,823784,21,home,676879,8,41,40.4,42.1,44.7,R,Aaron Ashby,MIL,6,STL,0,RHH,0,Low,Low,high
1,2,0,1,0,0,2,2026-05-27,other,823783,30,home,676879,7,41,40.4,42.1,44.7,R,Aaron Ashby,MIL,7,STL,0,LHH,0,Low,Low,high
1,2,0,0,0,0,1,2026-05-29,other,824191,15,away,676879,8,38.5,45.2,48.8,60.3,R,Aaron Ashby,MIL,4,HOU,0,RHH,0,Low,Low,high
3,1,1,0,1,0,1.1,2026-06-02,hold,823782,29,home,676879,6,35.1,17.2,38.2,64.4,R,Aaron Ashby,MIL,7,SFG,0,RHH,1,Low,Low,medium
1,1,2,1,1,0,1,2026-06-05,other,824350,18,away,676879,10,34.5,31.8,26.1,13.5,R,Aaron Ashby,MIL,5,COL,0,LHH,0,Low,Low,high
4,3,4,0,3,2,1.2,2026-06-08,other,824998,36,away,676879,9,42.3,37.3,48.1,64.7,R,Aaron Ashby,MIL,9,ATH,0,RHH,0,Low,Low,high
1,0,0,1,0,0,1,2026-06-10,other,824996,20,away,676879,7,42.3,37.3,48.1,64.7,R,Aaron Ashby,MIL,5,ATH,0,LHH,0,Low,Low,high
0,3,0,0,0,0,2,2026-06-14,other,823777,27,home,676879,8,32.1,30.7,33.4,37.3,R,Aaron Ashby,MIL,7,PHI,0,RHH,0,Low,Low,high
1,2,1,2,1,0,1,2026-06-16,blown_save,823775,23,home,676879,7,50,36.8,42.8,44.4,R,Aaron Ashby,MIL,6,CLE,0,RHH,0,Mid,Low,high
0,0,0,0,0,0,1,2026-06-17,hold,823774,9,home,676879,8,50,36.8,42.8,44.4,R,Aaron Ashby,MIL,3,CLE,0,LHH,0,Mid,Low,high
2,1,2,0,2,1,0.1,2026-06-20,blown_save,824909,14,away,676879,9,51.3,55.8,59,68.1,R,Aaron Ashby,MIL,3,ATL,0,LHH,0,Mid,Mid,high
0,2,0,0,0,0,1,2026-06-22,other,824502,17,away,676879,7,32.7,40.9,35.4,31,R,Aaron Ashby,MIL,3,CIN,0,RHH,0,Low,Low,high
0,2,0,0,0,0,1,2026-06-23,hold,824501,14,away,676879,7,32.7,40.9,35.4,31,R,Aaron Ashby,MIL,3,CIN,0,RHH,0,Low,Low,high
0,0,1,2,1,0,1,2026-06-26,other,823773,15,home,676879,8,62.9,82.6,69.2,58.4,R,Aaron Ashby,MIL,5,CHC,0,RHH,0,Mid,High,high
1,1,1,2,1,0,0.2,2026-06-28,blown_save,823769,24,home,676879,6,62.9,82.6,69.2,58.4,R,Aaron Ashby,MIL,5,CHC,0,LHH,1,Mid,High,medium
1,1,0,0,0,0,1,2026-06-29,other,823771,15,home,676879,8,32.7,40.9,35.4,31,R,Aaron Ashby,MIL,4,CIN,0,,0,Low,Low,high
1,2,0,0,0,0,1.1,2026-07-01,other,823767,20,home,676879,6,32.7,40.9,35.4,31,R,Aaron Ashby,MIL,5,CIN,0,RHH,1,Low,Low,medium
0,0,0,1,0,0,1,2026-07-03,other,825062,17,away,676879,7,58.2,31.7,40.5,37.8,R,Aaron Ashby,MIL,4,ARI,0,RHH,0,Mid,Low,high
2,0,1,1,1,0,0.1,2026-07-05,hold,825061,16,away,676879,7,58.2,31.7,40.5,37.8,R,Aaron Ashby,MIL,4,ARI,0,RHH,0,Mid,Low,high
2,1,0,0,0,0,1,2026-07-07,hold,823062,18,away,676879,8,41,40.4,42.1,44.7,R,Aaron Ashby,MIL,5,STL,0,RHH,0,Low,Low,high
1,1,0,1,0,0,1,2026-07-09,hold,823034,22,away,676879,8,41,40.4,42.1,44.7,R,Aaron Ashby,MIL,5,STL,0,LHH,0,Low,Low,high
3,3,3,0,3,1,1,2026-07-11,blown_save,823357,24,away,676879,7,33.5,60.7,62.1,84.2,R,Aaron Ashby,MIL,6,PIT,1,RHH,1,Low,Mid,medium
1,2,0,0,0,0,1,2026-07-17,other,823766,17,home,676879,7,40.1,39.3,48.6,65.4,R,Aaron Ashby,MIL,4,MIA,0,,0,Low,Low,high
2,1,0,0,0,0,1,2026-07-19,other,823764,18,home,676879,8,40.1,39.3,48.6,65.4,R,Aaron Ashby,MIL,5,MIA,0,RHH,0,Low,Low,high
0,4,0,1,0,0,2,2026-07-22,hold,823761,32,home,676879,6,30.6,40,42.5,53.8,R,Aaron Ashby,MIL,7,NYM,0,RHH,0,Low,Low,medium
0,0,0,0,0,0,0.1,2026-07-26,hold,823755,1,home,676879,6,34.5,31.8,26.1,13.5,R,Aaron Ashby,MIL,1,COL,0,LHH,2,Low,Low,high
0,0,0,0,0,0,0.1,2026-07-28,other,823193,9,away,676879,6,35.1,17.2,38.2,64.4,R,Aaron Ashby,MIL,1,SFG,0,LHH,0,Low,Low,low
3,1,5,1,4,0,0.1,2026-07-29,other,823192,24,away,676879,6,35.1,17.2,38.2,64.4,R,Aaron Ashby,MIL,6,SFG,2,,2,Low,Low,high
1,3,0,1,0,0,2,2026-08-03,other,823757,38,home,676879,7,33.5,60.7,62.1,84.2,R,Aaron Ashby,MIL,8,PIT,0,,0,Low,Mid,high
1,3,0,0,0,0,1,2026-08-06,hold,823754,19,home,676879,8,33.5,60.7,62.1,84.2,R,Aaron Ashby,MIL,4,PIT,0,RHH,0,Low,Mid,high
0,2,0,0,0,0,1,2026-08-08,other,823752,8,home,676879,8,39.7,33.8,47.1,67.6,R,Aaron Ashby,MIL,3,MIN,0,RHH,0,Low,Low,high
1,3,0,1,0,0,1,2026-08-09,other,823751,27,home,676879,7,39.7,33.8,47.1,67.6,R,Aaron Ashby,MIL,6,MIN,0,RHH,0,Low,Low,high
2,1,0,0,0,0,0.2,2026-08-12,blown_save,823263,24,away,676879,8,40.5,52.4,53.2,63.3,R,Aaron Ashby,MIL,4,SDP,1,,2,Low,Mid,high
0,2,0,0,0,0,1,2026-03-28,other,823811,14,home,682842,8,32.2,45.8,54.2,79.5,R,Abner Uribe,MIL,3,CHW,0,RHH,0,Low,Mid,high
1,0,0,1,0,0,1,2026-03-31,hold,823807,22,home,682842,8,77.8,34.8,51.2,51,R,Abner Uribe,MIL,5,TBR,0,LHH,0,High,Mid,high
0,1,0,0,0,0,1.1,2026-04-04,hold,824132,14,away,682842,7,57,42.9,50.8,55.5,R,Abner Uribe,MIL,4,KCR,0,RHH,1,Mid,Mid,medium
2,1,1,0,1,0,0.1,2026-04-05,hold,824131,14,away,682842,7,57,42.9,50.8,55.5,R,Abner Uribe,MIL,3,KCR,1,RHH,2,Mid,Mid,high
1,2,0,0,0,0,1,2026-04-10,other,823808,14,home,682842,8,43.7,67,67.7,85.6,R,Abner Uribe,MIL,4,WSN,0,,0,Low,High,high
2,0,2,0,2,0,0.2,2026-04-12,blown_save,823804,18,home,682842,7,43.7,67,67.7,85.6,R,Abner Uribe,MIL,4,WSN,0,LHH,0,Low,High,high
2,1,1,0,1,0,1,2026-04-14,hold,823802,20,home,682842,8,54.7,7.6,29.4,36.4,R,Abner Uribe,MIL,5,TOR,0,RHH,0,Mid,Low,high
0,1,0,0,0,0,1,2026-04-15,save,823803,12,home,682842,9,54.7,7.6,29.4,36.4,R,Abner Uribe,MIL,3,TOR,0,RHH,0,Mid,Low,high
0,1,0,2,0,0,1,2026-04-17,other,823883,18,away,682842,9,40.1,39.3,48.6,65.4,R,Abner Uribe,MIL,4,MIA,0,RHH,0,Low,Low,high
0,0,0,0,0,0,0.2,2026-04-18,save,823882,4,away,682842,9,40.1,39.3,48.6,65.4,R,Abner Uribe,MIL,2,MIA,1,RHH,3,Low,Low,high
1,1,1,0,1,1,0.1,2026-04-23,other,824288,8,away,682842,9,43.2,42.5,49.7,62.5,R,Abner Uribe,MIL,2,DET,0,RHH,0,Low,Low,high
0,1,0,0,0,0,1,2026-04-25,other,823799,8,home,682842,9,33.5,60.7,62.1,84.2,R,Abner Uribe,MIL,3,PIT,0,RHH,0,Low,Mid,high
0,2,0,0,0,0,1,2026-04-26,other,823797,13,home,682842,9,33.5,60.7,62.1,84.2,R,Abner Uribe,MIL,3,PIT,0,LHH,0,Low,Mid,high
1,1,0,0,0,0,1,2026-05-02,save,822746,24,away,682842,9,43.7,67,67.7,85.6,R,Abner Uribe,MIL,5,WSN,0,LHH,0,Low,High,high
1,0,1,0,1,0,1,2026-05-06,other,823063,16,away,682842,9,41,40.4,42.1,44.7,R,Abner Uribe,MIL,4,STL,0,,0,Low,Low,high
0,1,0,1,0,0,1,2026-05-10,other,823793,14,home,682842,9,38.8,75.1,66.4,76,R,Abner Uribe,MIL,4,NYY,0,LHH,0,Low,High,high
0,1,0,1,0,0,1,2026-05-12,save,823790,18,home,682842,9,40.5,52.4,53.2,63.3,R,Abner Uribe,MIL,4,SDP,0,RHH,0,Low,Mid,high
2,1,3,1,3,1,1,2026-05-13,blown_save,823791,19,home,682842,9,40.5,52.4,53.2,63.3,R,Abner Uribe,MIL,6,SDP,0,RHH,0,Low,Mid,high
1,1,0,1,0,0,1,2026-05-15,hold,823707,11,away,682842,8,39.7,33.8,47.1,67.6,R,Abner Uribe,MIL,4,MIN,0,,0,Low,Low,high
0,1,0,0,0,0,1,2026-05-19,save,824677,14,away,682842,9,62.9,82.6,69.2,58.4,R,Abner Uribe,MIL,3,CHC,0,RHH,0,Mid,High,high
1,2,0,1,0,0,1,2026-05-26,other,823785,23,home,682842,8,41,40.4,42.1,44.7,R,Abner Uribe,MIL,5,STL,0,LHH,0,Low,Low,high
1,1,0,1,0,0,1,2026-05-29,other,824191,19,away,682842,9,38.5,45.2,48.8,60.3,R,Abner Uribe,MIL,6,HOU,0,RHH,0,Low,Low,high
0,1,0,0,0,0,1,2026-05-31,hold,824187,12,away,682842,8,38.5,45.2,48.8,60.3,R,Abner Uribe,MIL,3,HOU,0,RHH,0,Low,Low,high
3,0,1,0,1,0,1,2026-06-02,hold,823782,14,home,682842,8,35.1,17.2,38.2,64.4,R,Abner Uribe,MIL,6,SFG,1,,1,Low,Low,high
0,2,0,1,0,0,1.1,2026-06-08,other,824998,15,away,682842,10,42.3,37.3,48.1,64.7,R,Abner Uribe,MIL,5,ATH,0,RHH,0,Low,Low,high
1,0,0,0,0,0,1,2026-06-14,other,823777,22,home,682842,7,32.1,30.7,33.4,37.3,R,Abner Uribe,MIL,4,PHI,0,LHH,0,Low,Low,medium
0,2,0,1,0,0,1,2026-06-16,hold,823775,18,home,682842,8,50,36.8,42.8,44.4,R,Abner Uribe,MIL,4,CLE,0,LHH,1,Mid,Low,high
1,2,1,0,1,1,1,2026-06-19,other,824910,13,away,682842,7,51.3,55.8,59,68.1,R,Abner Uribe,MIL,4,ATL,0,,0,Mid,Mid,high
0,0,0,0,0,0,0.2,2026-06-20,hold,824909,8,away,682842,7,51.3,55.8,59,68.1,R,Abner Uribe,MIL,2,ATL,1,,2,Mid,Mid,high
0,1,0,0,0,0,1,2026-06-22,other,824502,10,away,682842,8,32.7,40.9,35.4,31,R,Abner Uribe,MIL,3,CIN,0,RHH,0,Low,Low,high
1,1,0,0,0,0,1,2026-06-23,hold,824501,16,away,682842,8,32.7,40.9,35.4,31,R,Abner Uribe,MIL,3,CIN,0,RHH,0,Low,Low,high
1,0,0,0,0,0,1,2026-06-26,hold,823773,13,home,682842,7,62.9,82.6,69.2,58.4,R,Abner Uribe,MIL,4,CHC,0,RHH,0,Mid,High,high
0,1,0,0,0,0,1.2,2026-06-28,other,823769,14,home,682842,7,62.9,82.6,69.2,58.4,R,Abner Uribe,MIL,5,CHC,0,,2,Mid,High,high
0,0,0,0,0,0,1,2026-07-01,hold,823767,5,home,682842,8,32.7,40.9,35.4,31,R,Abner Uribe,MIL,2,CIN,0,RHH,1,Low,Low,high
1,1,0,0,0,0,1,2026-07-03,other,825062,17,away,682842,8,58.2,31.7,40.5,37.8,R,Abner Uribe,MIL,4,ARI,0,RHH,0,Mid,Low,high
0,1,0,1,0,0,1.2,2026-07-05,hold,825061,23,away,682842,7,58.2,31.7,40.5,37.8,R,Abner Uribe,MIL,5,ARI,1,,3,Mid,Low,high
0,1,0,1,0,0,1,2026-07-07,save,823062,19,away,682842,9,41,40.4,42.1,44.7,R,Abner Uribe,MIL,4,STL,0,LHH,0,Low,Low,high
0,0,0,1,0,0,1,2026-07-09,other,823034,21,away,682842,9,41,40.4,42.1,44.7,R,Abner Uribe,MIL,4,STL,0,,0,Low,Low,high
1,0,0,1,0,0,1,2026-07-11,other,823356,13,away,682842,8,33.5,60.7,62.1,84.2,R,Abner Uribe,MIL,4,PIT,0,LHH,0,Low,Mid,high
1,1,0,0,0,0,1,2026-07-17,other,823766,11,home,682842,8,40.1,39.3,48.6,65.4,R,Abner Uribe,MIL,3,MIA,0,LHH,0,Low,Low,high
1,3,0,0,0,0,1,2026-07-18,hold,823763,17,home,682842,7,40.1,39.3,48.6,65.4,R,Abner Uribe,MIL,4,MIA,0,,0,Low,Low,medium
2,2,0,0,0,0,1,2026-07-22,hold,823761,20,home,682842,8,30.6,40,42.5,53.8,R,Abner Uribe,MIL,5,NYM,0,LHH,0,Low,Low,high
2,0,0,0,0,0,1,2026-07-28,other,823193,15,away,682842,9,35.1,17.2,38.2,64.4,R,Abner Uribe,MIL,4,SFG,0,LHH,0,Low,Low,high
0,1,0,0,0,0,0.2,2026-07-31,other,823999,9,away,682842,8,22.6,13.1,27.4,47.2,R,Abner Uribe,MIL,2,LAA,0,RHH,1,Low,Low,high
0,2,0,0,0,0,1,2026-08-01,hold,824000,15,away,682842,8,22.6,13.1,27.4,47.2,R,Abner Uribe,MIL,3,LAA,0,RHH,0,Low,Low,high
1,3,0,0,0,0,1,2026-08-04,hold,823756,17,home,682842,8,33.5,60.7,62.1,84.2,R,Abner Uribe,MIL,5,PIT,0,LHH,0,Low,Mid,high
0,0,0,0,0,0,1,2026-08-05,hold,823753,9,home,682842,8,33.5,60.7,62.1,84.2,R,Abner Uribe,MIL,3,PIT,0,LHH,0,Low,Mid,high
0,1,0,1,0,0,1,2026-08-08,other,823752,22,home,682842,7,39.7,33.8,47.1,67.6,R,Abner Uribe,MIL,4,MIN,0,,0,Low,Low,high
0,0,0,2,0,0,1,2026-08-09,other,823751,33,home,682842,8,39.7,33.8,47.1,67.6,R,Abner Uribe,MIL,6,MIN,0,LHH,0,Low,Low,high
1,3,0,1,0,0,2.2,2026-03-29,hold,823891,43,away,622608,6,40.1,39.3,48.6,65.4,R,Antonio Senzatela,MIL,10,MIA,0,RHH,0,Low,Low,medium
1,3,0,0,0,0,2,2026-04-01,other,822835,26,away,622608,6,54.7,7.6,29.4,36.4,R,Antonio Senzatela,MIL,7,TOR,0,,0,Mid,Low,medium
0,3,0,0,0,0,2.2,2026-04-07,save,824375,26,home,622608,7,38.5,45.2,48.8,60.3,R,Antonio Senzatela,MIL,8,HOU,0,RHH,1,Low,Low,high
0,3,0,2,0,0,1.2,2026-04-10,other,823318,31,away,622608,7,40.5,52.4,53.2,63.3,R,Antonio Senzatela,MIL,6,SDP,0,RHH,0,Low,Mid,high
2,3,0,0,0,0,3.1,2026-04-14,other,824210,43,away,622608,3,38.5,45.2,48.8,60.3,R,Antonio Senzatela,MIL,12,HOU,0,RHH,2,Low,Low,low
3,2,1,0,1,0,2,2026-04-19,other,824371,31,home,622608,6,68.3,95.7,82.8,78.2,R,Antonio Senzatela,MIL,9,LAD,0,LHH,0,High,High,medium
1,0,1,1,0,0,2,2026-04-22,other,824367,32,home,622608,8,40.5,52.4,53.2,63.3,R,Antonio Senzatela,MIL,8,SDP,0,,0,Low,Mid,high
0,1,0,0,0,0,1.2,2026-04-24,save,823638,10,away,622608,8,30.6,40,42.5,53.8,R,Antonio Senzatela,MIL,4,NYM,0,RHH,2,Low,Low,high
1,1,0,1,0,0,1.2,2026-04-30,other,824524,16,away,622608,6,32.7,40.9,35.4,31,R,Antonio Senzatela,MIL,7,CIN,1,,1,Low,Low,medium
3,1,2,1,2,0,2.2,2026-05-03,other,824364,42,home,622608,5,51.3,55.8,59,68.1,R,Antonio Senzatela,MIL,11,ATL,1,,3,Mid,Mid,medium
1,2,0,1,0,0,2,2026-05-07,other,824362,23,home,622608,8,30.6,40,42.5,53.8,R,Antonio Senzatela,MIL,8,NYM,0,RHH,0,Low,Low,high
1,2,1,0,1,1,3,2026-05-13,other,823386,26,away,622608,5,33.5,60.7,62.1,84.2,R,Antonio Senzatela,MIL,10,PIT,0,RHH,0,Low,Mid,medium
1,1,0,1,0,0,1,2026-05-16,save,824359,27,home,622608,9,58.2,31.7,40.5,37.8,R,Antonio Senzatela,MIL,5,ARI,0,LHH,0,Mid,Low,high
2,1,0,0,0,0,2,2026-05-20,hold,824355,21,home,622608,7,36.6,27.1,36.4,46.9,R,Antonio Senzatela,MIL,8,TEX,0,,0,Low,Low,high
0,0,0,0,0,0,1.2,2026-05-22,other,825082,18,away,622608,8,58.2,31.7,40.5,37.8,R,Antonio Senzatela,MIL,5,ARI,0,,1,Mid,Low,high
2,0,1,1,1,1,1,2026-05-27,other,823947,26,away,622608,7,68.3,95.7,82.8,78.2,R,Antonio Senzatela,MIL,6,LAD,0,,0,High,High,high
2,0,0,1,0,0,1.2,2026-06-01,blown_save,824027,17,away,622608,8,22.6,13.1,27.4,47.2,R,Antonio Senzatela,MIL,6,LAA,2,RHH,2,Low,Low,high
4,4,4,0,3,0,1.2,2026-06-05,blown_save,824350,39,home,622608,8,67.4,75.3,66.3,55.3,R,Antonio Senzatela,MIL,10,MIL,0,LHH,0,High,High,high
1,1,0,1,0,0,1,2026-06-09,other,824347,22,home,622608,8,62.9,82.6,69.2,58.4,R,Antonio Senzatela,MIL,5,CHC,0,RHH,0,Mid,High,high
2,1,1,0,1,1,1,2026-06-10,blown_save,824348,14,home,622608,9,62.9,82.6,69.2,58.4,R,Antonio Senzatela,MIL,4,CHC,0,,0,Mid,High,high
1,0,1,1,1,0,1,2026-06-15,other,824666,19,away,622608,6,62.9,82.6,69.2,58.4,R,Antonio Senzatela,MIL,5,CHC,0,RHH,0,Mid,High,medium
1,1,0,1,0,0,1,2026-06-19,other,824345,19,home,622608,9,33.5,60.7,62.1,84.2,R,Antonio Senzatela,MIL,5,PIT,0,LHH,0,Low,Mid,high
0,2,0,0,0,0,2,2026-06-24,other,824341,33,home,622608,7,43,41.3,32.9,16,R,Antonio Senzatela,MIL,6,BOS,0,LHH,0,Low,Low,medium
3,1,1,0,1,0,1,2026-06-26,blown_save,823688,20,away,622608,9,39.7,33.8,47.1,67.6,R,Antonio Senzatela,MIL,6,MIN,0,,0,Low,Low,high
4,0,4,1,4,0,0.2,2026-06-29,other,824339,27,home,622608,7,40.1,39.3,48.6,65.4,R,Antonio Senzatela,MIL,7,MIA,0,LHH,0,Low,Low,high
1,0,0,0,0,0,1,2026-07-04,other,824334,10,home,622608,8,35.1,17.2,38.2,64.4,R,Antonio Senzatela,MIL,4,SFG,0,LHH,0,Low,Low,high
1,2,0,1,0,0,1,2026-07-06,other,823930,11,away,622608,9,68.3,95.7,82.8,78.2,R,Antonio Senzatela,MIL,5,LAD,0,LHH,0,High,High,high
3,2,1,0,1,0,1,2026-07-08,other,823928,29,away,622608,8,68.3,95.7,82.8,78.2,R,Antonio Senzatela,MIL,6,LAD,0,LHH,0,High,High,high
0,1,0,0,0,0,1,2026-07-10,other,823200,15,away,622608,8,35.1,17.2,38.2,64.4,R,Antonio Senzatela,MIL,3,SFG,0,LHH,0,Low,Low,high
2,1,2,1,2,0,1,2026-07-12,other,823199,23,away,622608,8,35.1,17.2,38.2,64.4,R,Antonio Senzatela,MIL,6,SFG,0,LHH,0,Low,Low,high
2,2,2,0,2,1,1,2026-07-20,other,824328,19,home,622608,7,43.7,67,67.7,85.6,R,Antonio Senzatela,MIL,5,WSN,0,LHH,0,Low,High,high
1,1,0,0,0,0,1,2026-07-24,hold,823759,23,away,622608,8,67.4,75.3,66.3,55.3,R,Antonio Senzatela,MIL,4,MIL,0,,0,High,High,high
3,0,2,1,1,0,0.2,2026-07-28,blown_save,823275,15,away,622608,6,40.5,52.4,53.2,63.3,R,Antonio Senzatela,MIL,5,SDP,1,RHH,2,Low,Mid,high
1,1,0,0,0,0,0.2,2026-07-31,hold,824325,9,home,622608,7,57,42.9,50.8,55.5,R,Antonio Senzatela,MIL,3,KCR,0,LHH,1,Mid,Mid,high
0,0,0,1,0,0,1,2026-08-04,hold,823756,16,home,622608,7,33.5,60.7,62.1,84.2,R,Antonio Senzatela,MIL,3,PIT,0,LHH,0,Low,Mid,high
0,1,0,0,0,0,0.1,2026-08-05,hold,823753,4,home,622608,7,33.5,60.7,62.1,84.2,R,Antonio Senzatela,MIL,1,PIT,0,LHH,0,Low,Mid,high
3,1,2,0,2,0,1,2026-08-07,other,823750,20,home,622608,6,39.7,33.8,47.1,67.6,R,Antonio Senzatela,MIL,6,MIN,0,RHH,0,Low,Low,medium
1,0,2,0,1,0,0.2,2026-08-12,blown_save,823263,15,away,622608,11,40.5,52.4,53.2,63.3,R,Antonio Senzatela,MIL,4,SDP,0,RHH,0,Low,Mid,high
1,0,0,1,0,0,2,2026-06-18,other,823448,29,home,669060,8,30.6,40,42.5,53.8,R,Bryse Wilson,MIL,7,NYM,0,,0,Low,Low,high
4,4,0,0,0,0,4.1,2026-06-28,other,823769,61,away,669060,3,67.4,75.3,66.3,55.3,R,Bryse Wilson,MIL,17,MIL,0,LHH,0,High,High,medium
8,4,7,1,7,2,3.1,2026-07-03,other,824659,72,home,669060,4,41,40.4,42.1,44.7,R,Bryse Wilson,MIL,21,STL,2,RHH,2,Low,Low,low
0,0,0,0,0,0,1,2026-07-11,other,823357,8,away,669060,8,33.5,60.7,62.1,84.2,R,Bryse Wilson,MIL,3,PIT,0,RHH,0,Low,Mid,high
2,4,0,0,0,0,3,2026-07-12,other,823358,38,away,669060,6,33.5,60.7,62.1,84.2,R,Bryse Wilson,MIL,10,PIT,0,RHH,0,Low,Mid,low
7,2,1,0,1,1,4,2026-07-21,other,823760,65,home,669060,6,30.6,40,42.5,53.8,R,Bryse Wilson,MIL,18,NYM,0,LHH,0,Low,Low,medium
1,2,0,0,0,0,1,2026-07-26,other,823755,20,home,669060,9,34.5,31.8,26.1,13.5,R,Bryse Wilson,MIL,4,COL,0,,0,Low,Low,high
6,0,3,0,3,0,1.2,2026-07-29,other,823192,35,away,669060,6,35.1,17.2,38.2,64.4,R,Bryse Wilson,MIL,11,SFG,2,RHH,2,Low,Low,high
1,2,0,0,0,0,3,2026-08-07,other,823750,34,home,669060,7,39.7,33.8,47.1,67.6,R,Bryse Wilson,MIL,10,MIN,0,RHH,0,Low,Low,high
5,2,3,0,3,0,2.1,2026-08-11,other,823264,39,away,669060,5,40.5,52.4,53.2,63.3,R,Bryse Wilson,MIL,12,SDP,0,RHH,1,Low,Mid,low
3,0,0,1,0,0,3,2026-04-10,other,823808,50,home,694477,3,43.7,67,67.7,85.6,R,Chad Patrick,MIL,12,WSN,0,,0,Low,High,medium
6,2,4,1,4,1,4,2026-04-22,other,824286,80,away,694477,3,43.2,42.5,49.7,62.5,R,Chad Patrick,MIL,19,DET,0,RHH,0,Low,Low,medium
2,5,0,1,0,0,3,2026-05-09,other,823792,48,home,694477,5,38.8,75.1,66.4,76,R,Chad Patrick,MIL,10,NYY,0,RHH,0,Low,High,medium
0,1,0,0,0,0,1,2026-05-12,hold,823790,7,home,694477,7,40.5,52.4,53.2,63.3,R,Chad Patrick,MIL,3,SDP,0,RHH,0,Low,Mid,medium
1,3,0,0,0,0,4,2026-05-16,save,823706,52,away,694477,6,39.7,33.8,47.1,67.6,R,Chad Patrick,MIL,13,MIN,0,LHH,0,Low,Low,medium
0,0,0,0,0,0,0.1,2026-05-19,hold,824677,3,away,694477,8,62.9,82.6,69.2,58.4,R,Chad Patrick,MIL,1,CHC,0,LHH,3,Mid,High,high
0,0,0,0,0,0,1.1,2026-05-22,save,823788,22,home,694477,8,68.3,95.7,82.8,78.2,R,Chad Patrick,MIL,4,LAD,0,RHH,2,High,High,high
0,1,0,0,0,0,1,2026-06-01,other,823781,15,home,694477,5,35.1,17.2,38.2,64.4,R,Chad Patrick,MIL,3,SFG,0,LHH,0,Low,Low,low
3,4,0,2,0,0,4,2026-06-03,other,823780,49,home,694477,6,35.1,17.2,38.2,64.4,R,Chad Patrick,MIL,16,SFG,0,,0,Low,Low,medium
1,1,0,0,0,0,1.2,2026-06-07,other,824349,21,away,694477,7,34.5,31.8,26.1,13.5,R,Chad Patrick,MIL,5,COL,0,LHH,1,Low,Low,medium
0,2,0,1,0,0,1,2026-06-08,save,824998,8,away,694477,12,42.3,37.3,48.1,64.7,R,Chad Patrick,MIL,4,ATH,0,,0,Low,Low,high
5,1,4,0,4,1,1,2026-06-13,other,823776,39,home,694477,6,32.1,30.7,33.4,37.3,R,Chad Patrick,MIL,8,PHI,1,RHH,1,Low,Low,medium
1,7,0,1,0,0,3.1,2026-06-17,other,823774,50,home,694477,4,50,36.8,42.8,44.4,R,Chad Patrick,MIL,12,CLE,0,LHH,0,Mid,Low,medium
3,2,2,0,2,1,3,2026-06-21,save,824908,40,away,694477,7,51.3,55.8,59,68.1,R,Chad Patrick,MIL,11,ATL,0,RHH,0,Mid,Mid,medium
1,1,1,3,1,0,1.2,2026-06-24,other,824500,40,away,694477,5,32.7,40.9,35.4,31,R,Chad Patrick,MIL,9,CIN,0,RHH,1,Low,Low,medium
2,0,4,2,4,1,0.2,2026-06-27,other,823770,30,home,694477,6,62.9,82.6,69.2,58.4,R,Chad Patrick,MIL,6,CHC,0,RHH,0,Mid,High,medium
1,2,0,0,0,0,1.1,2026-06-29,other,823771,21,home,694477,6,32.7,40.9,35.4,31,R,Chad Patrick,MIL,6,CIN,0,RHH,1,Low,Low,medium
0,1,0,0,0,0,1.2,2026-06-30,other,823768,18,home,694477,6,32.7,40.9,35.4,31,R,Chad Patrick,MIL,5,CIN,0,,1,Low,Low,medium
1,2,0,0,0,0,3.1,2026-07-03,other,825062,34,away,694477,3,58.2,31.7,40.5,37.8,R,Chad Patrick,MIL,11,ARI,0,LHH,2,Mid,Low,medium
0,2,0,0,0,0,2,2026-07-06,hold,823036,20,away,694477,7,41,40.4,42.1,44.7,R,Chad Patrick,MIL,6,STL,0,RHH,0,Low,Low,high
1,2,1,0,1,1,1.2,2026-07-09,other,823034,23,away,694477,6,41,40.4,42.1,44.7,R,Chad Patrick,MIL,6,STL,2,RHH,2,Low,Low,high
2,0,1,0,1,0,1,2026-07-11,hold,823357,18,away,694477,6,33.5,60.7,62.1,84.2,R,Chad Patrick,MIL,4,PIT,0,RHH,0,Low,Mid,medium
1,1,0,0,0,0,1,2026-07-17,other,823766,21,home,694477,6,40.1,39.3,48.6,65.4,R,Chad Patrick,MIL,4,MIA,0,,0,Low,Low,medium
1,3,0,1,0,0,2,2026-07-19,other,823764,34,home,694477,6,40.1,39.3,48.6,65.4,R,Chad Patrick,MIL,8,MIA,0,LHH,0,Low,Low,medium
2,1,1,0,1,0,0.1,2026-07-21,other,823760,12,home,694477,5,30.6,40,42.5,53.8,R,Chad Patrick,MIL,3,NYM,1,LHH,1,Low,Low,medium
0,1,0,0,0,0,1,2026-07-25,other,823758,12,home,694477,7,34.5,31.8,26.1,13.5,R,Chad Patrick,MIL,3,COL,0,LHH,0,Low,Low,medium
2,0,0,0,0,0,0.2,2026-07-26,hold,823755,8,home,694477,6,34.5,31.8,26.1,13.5,R,Chad Patrick,MIL,4,COL,0,LHH,0,Low,Low,medium
2,1,2,2,2,0,2,2026-07-29,other,823192,47,away,694477,4,35.1,17.2,38.2,64.4,R,Chad Patrick,MIL,11,SFG,0,RHH,0,Low,Low,medium
1,5,0,0,0,0,2,2026-08-01,other,824000,32,away,694477,6,22.6,13.1,27.4,47.2,R,Chad Patrick,MIL,7,LAA,0,RHH,0,Low,Low,medium
0,2,0,0,0,0,1,2026-08-03,other,823757,13,home,694477,9,33.5,60.7,62.1,84.2,R,Chad Patrick,MIL,3,PIT,0,LHH,0,Low,Mid,high
0,2,0,1,0,0,1,2026-08-05,hold,823753,19,home,694477,6,33.5,60.7,62.1,84.2,R,Chad Patrick,MIL,4,PIT,0,LHH,0,Low,Mid,medium
1,1,0,1,0,0,1,2026-08-06,save,823754,16,home,694477,9,33.5,60.7,62.1,84.2,R,Chad Patrick,MIL,4,PIT,0,LHH,0,Low,Mid,high
0,0,0,0,0,0,1.1,2026-08-08,other,823752,16,home,694477,5,39.7,33.8,47.1,67.6,R,Chad Patrick,MIL,5,MIN,0,RHH,1,Low,Low,medium
0,0,1,2,1,0,0.2,2026-08-12,hold,823263,18,away,694477,8,40.5,52.4,53.2,63.3,R,Chad Patrick,MIL,3,SDP,0,RHH,1,Low,Mid,high
1,3,0,2,0,0,1,2026-03-26,other,823812,27,home,669084,8,32.2,45.8,54.2,79.5,R,DL Hall,MIL,6,CHW,0,RHH,0,Low,Mid,high
0,1,0,1,0,0,1,2026-03-28,other,823811,18,home,669084,9,32.2,45.8,54.2,79.5,R,DL Hall,MIL,3,CHW,0,RHH,0,Low,Mid,high
1,3,0,0,0,0,1,2026-04-01,other,823806,19,home,669084,9,77.8,34.8,51.2,51,R,DL Hall,MIL,5,TBR,0,RHH,0,High,Mid,high
1,2,0,1,0,0,2,2026-04-04,other,824134,38,away,669084,7,57,42.9,50.8,55.5,R,DL Hall,MIL,7,KCR,0,,0,Mid,Mid,medium
1,1,0,1,0,0,2.1,2026-04-07,other,824780,39,away,669084,6,43,41.3,32.9,16,R,DL Hall,MIL,9,BOS,3,RHH,3,Low,Low,high
0,0,0,1,0,0,0.1,2026-04-11,other,823805,9,home,669084,9,43.7,67,67.7,85.6,R,DL Hall,MIL,2,WSN,0,,1,Low,High,high
0,0,0,0,0,0,0.2,2026-04-14,hold,823802,5,home,669084,6,54.7,7.6,29.4,36.4,R,DL Hall,MIL,2,TOR,0,,1,Mid,Low,medium
1,0,0,0,0,0,0.1,2026-04-15,other,823803,8,home,669084,7,54.7,7.6,29.4,36.4,R,DL Hall,MIL,2,TOR,0,,1,Mid,Low,high
1,1,1,0,1,1,0.2,2026-04-17,hold,823883,8,away,669084,6,40.1,39.3,48.6,65.4,R,DL Hall,MIL,3,MIA,1,LHH,1,Low,Low,medium
2,1,2,2,2,0,0.1,2026-04-19,other,823881,19,away,669084,6,40.1,39.3,48.6,65.4,R,DL Hall,MIL,5,MIA,0,LHH,0,Low,Low,medium
1,3,0,1,0,0,2.1,2026-04-29,other,823796,42,home,669084,5,58.2,31.7,40.5,37.8,R,DL Hall,MIL,9,ARI,0,LHH,1,Mid,Low,medium
0,0,0,0,0,0,0.1,2026-05-02,hold,822746,6,away,669084,7,43.7,67,67.7,85.6,R,DL Hall,MIL,1,WSN,0,LHH,1,Low,High,high
0,2,0,0,0,0,1.2,2026-05-04,other,823064,24,away,669084,4,41,40.4,42.1,44.7,R,DL Hall,MIL,6,STL,0,,1,Low,Low,low
0,1,0,0,0,0,1,2026-05-06,other,823063,11,away,669084,5,41,40.4,42.1,44.7,R,DL Hall,MIL,3,STL,0,LHH,0,Low,Low,low
0,1,0,1,0,0,1,2026-05-09,other,823792,16,home,669084,8,38.8,75.1,66.4,76,R,DL Hall,MIL,4,NYY,0,,1,Low,High,high
1,0,1,2,1,0,1,2026-05-10,blown_save,823793,20,home,669084,6,38.8,75.1,66.4,76,R,DL Hall,MIL,5,NYY,0,LHH,0,Low,High,medium
0,1,0,1,0,0,1,2026-05-14,other,823789,18,home,669084,6,40.5,52.4,53.2,63.3,R,DL Hall,MIL,4,SDP,0,RHH,0,Low,Mid,low
0,2,0,1,0,0,1.1,2026-05-17,other,823708,21,away,669084,6,39.7,33.8,47.1,67.6,R,DL Hall,MIL,5,MIN,0,LHH,0,Low,Low,medium
0,2,0,1,0,0,2,2026-05-20,other,824678,27,away,669084,8,62.9,82.6,69.2,58.4,R,DL Hall,MIL,6,CHC,0,RHH,0,Mid,High,high
2,0,3,2,3,0,1.1,2026-05-23,other,823787,29,home,669084,7,68.3,95.7,82.8,78.2,R,DL Hall,MIL,7,LAD,0,RHH,0,High,High,high
0,3,0,2,0,0,2,2026-05-29,other,824191,36,away,669084,5,38.5,45.2,48.8,60.3,R,DL Hall,MIL,7,HOU,0,LHH,0,Low,Low,medium
1,2,0,3,0,0,2,2026-06-01,other,823781,40,home,669084,6,35.1,17.2,38.2,64.4,R,DL Hall,MIL,10,SFG,0,LHH,0,Low,Low,low
1,1,0,0,0,0,2.1,2026-06-04,other,823779,27,home,669084,3,35.1,17.2,38.2,64.4,R,DL Hall,MIL,8,SFG,1,,3,Low,Low,low
2,1,1,1,1,0,1,2026-08-02,other,823996,24,away,669084,8,22.6,13.1,27.4,47.2,R,DL Hall,MIL,6,LAA,0,RHH,0,Low,Low,high
2,0,2,1,2,1,0.2,2026-08-05,other,823753,20,home,669084,7,33.5,60.7,62.1,84.2,R,DL Hall,MIL,4,PIT,0,RHH,0,Low,Mid,medium
1,0,0,0,0,0,1,2026-08-06,hold,823754,6,home,669084,7,33.5,60.7,62.1,84.2,R,DL Hall,MIL,3,PIT,0,RHH,0,Low,Mid,medium
0,1,0,0,0,0,1,2026-08-09,other,823751,11,home,669084,10,39.7,33.8,47.1,67.6,R,DL Hall,MIL,3,MIN,0,RHH,0,Low,Low,high
4,2,3,1,1,0,4,2026-04-24,other,823800,71,home,675660,6,33.5,60.7,62.1,84.2,R,Shane Drohan,MIL,19,PIT,0,RHH,0,Low,Mid,medium
0,1,0,0,0,0,1,2026-04-28,hold,823798,10,home,675660,6,58.2,31.7,40.5,37.8,R,Shane Drohan,MIL,3,ARI,0,LHH,0,Mid,Low,medium
5,4,1,0,1,0,4,2026-04-30,other,823795,60,home,675660,3,58.2,31.7,40.5,37.8,R,Shane Drohan,MIL,16,ARI,0,RHH,0,Mid,Low,medium
1,1,1,1,1,0,1.1,2026-05-04,other,823064,23,away,675660,6,41,40.4,42.1,44.7,R,Shane Drohan,MIL,6,STL,0,LHH,0,Low,Low,medium
1,3,0,0,0,0,3,2026-05-08,save,823794,40,home,675660,7,38.8,75.1,66.4,76,R,Shane Drohan,MIL,10,NYY,0,LHH,0,Low,High,medium
0,2,0,0,0,0,0.2,2026-05-12,hold,823790,14,home,675660,6,40.5,52.4,53.2,63.3,R,Shane Drohan,MIL,2,SDP,0,RHH,1,Low,Mid,medium
4,5,0,0,0,0,4.1,2026-05-18,other,824680,42,away,675660,5,62.9,82.6,69.2,58.4,R,Shane Drohan,MIL,16,CHC,0,RHH,1,Mid,High,low
1,2,1,2,0,0,1.1,2026-05-22,other,823788,39,home,675660,6,68.3,95.7,82.8,78.2,R,Shane Drohan,MIL,8,LAD,0,LHH,0,High,High,low
2,5,2,0,2,1,3,2026-05-24,other,823786,40,home,675660,5,68.3,95.7,82.8,78.2,R,Shane Drohan,MIL,11,LAD,2,LHH,2,High,High,medium
1,1,0,0,0,0,2,2026-05-27,other,823783,27,home,675660,5,41,40.4,42.1,44.7,R,Shane Drohan,MIL,7,STL,0,LHH,0,Low,Low,medium
1,2,0,0,0,0,1,2026-03-29,save,823810,15,home,656730,9,32.2,45.8,54.2,79.5,R,Trevor Megill,MIL,4,CHW,0,,0,Low,Mid,high
1,1,1,1,1,0,1,2026-03-30,other,823809,20,home,656730,9,77.8,34.8,51.2,51,R,Trevor Megill,MIL,5,TBR,0,RHH,0,High,Mid,high
0,2,0,2,0,0,1,2026-04-04,save,824132,22,away,656730,9,57,42.9,50.8,55.5,R,Trevor Megill,MIL,5,KCR,0,RHH,0,Mid,Mid,high
1,0,0,0,0,0,1,2026-04-05,save,824131,12,away,656730,9,57,42.9,50.8,55.5,R,Trevor Megill,MIL,4,KCR,0,,0,Mid,Mid,high
3,0,3,1,3,0,1,2026-04-14,blown_save,823802,20,home,656730,9,54.7,7.6,29.4,36.4,R,Trevor Megill,MIL,6,TOR,0,RHH,0,Mid,Low,high
0,2,0,0,0,0,1,2026-04-16,hold,823801,16,home,656730,8,54.7,7.6,29.4,36.4,R,Trevor Megill,MIL,3,TOR,0,LHH,0,Mid,Low,high
1,2,1,0,0,0,1,2026-04-17,save,823883,18,away,656730,10,40.1,39.3,48.6,65.4,R,Trevor Megill,MIL,4,MIA,0,,0,Low,Low,high
0,1,0,0,0,0,1,2026-04-21,hold,824290,14,away,656730,6,43.2,42.5,49.7,62.5,R,Trevor Megill,MIL,3,DET,0,RHH,0,Low,Low,medium
0,0,0,0,0,0,1,2026-04-23,hold,824288,8,away,656730,7,43.2,42.5,49.7,62.5,R,Trevor Megill,MIL,3,DET,0,LHH,0,Low,Low,high
1,2,0,1,0,0,1,2026-04-26,other,823797,26,home,656730,7,33.5,60.7,62.1,84.2,R,Trevor Megill,MIL,5,PIT,0,RHH,0,Low,Mid,medium
0,1,0,0,0,0,1,2026-04-30,other,823795,12,home,656730,7,58.2,31.7,40.5,37.8,R,Trevor Megill,MIL,3,ARI,0,RHH,0,Mid,Low,medium
0,0,0,0,0,0,1,2026-05-02,hold,822746,13,away,656730,8,43.7,67,67.7,85.6,R,Trevor Megill,MIL,3,WSN,0,RHH,0,Low,High,high
2,2,1,0,1,0,1,2026-05-06,other,823063,21,away,656730,8,41,40.4,42.1,44.7,R,Trevor Megill,MIL,5,STL,0,LHH,0,Low,Low,high
0,1,0,1,0,0,1,2026-05-10,other,823793,13,home,656730,7,38.8,75.1,66.4,76,R,Trevor Megill,MIL,4,NYY,0,LHH,0,Low,High,high
2,3,1,0,1,0,1,2026-05-12,hold,823790,18,home,656730,8,40.5,52.4,53.2,63.3,R,Trevor Megill,MIL,5,SDP,0,RHH,0,Low,Mid,high
0,1,0,0,0,0,1,2026-05-15,save,823707,16,away,656730,9,39.7,33.8,47.1,67.6,R,Trevor Megill,MIL,3,MIN,0,RHH,0,Low,Low,high
0,2,0,0,0,0,1,2026-05-19,hold,824677,15,away,656730,7,62.9,82.6,69.2,58.4,R,Trevor Megill,MIL,3,CHC,0,RHH,0,Mid,High,medium
1,0,0,0,0,0,1,2026-05-26,other,823785,12,home,656730,9,41,40.4,42.1,44.7,R,Trevor Megill,MIL,4,STL,0,,0,Low,Low,high
1,1,0,0,0,0,1,2026-05-27,save,823783,13,home,656730,9,41,40.4,42.1,44.7,R,Trevor Megill,MIL,4,STL,0,,0,Low,Low,high
0,2,0,0,0,0,1,2026-05-29,save,824191,11,away,656730,10,38.5,45.2,48.8,60.3,R,Trevor Megill,MIL,3,HOU,0,RHH,0,Low,Low,high
0,2,0,0,0,0,1,2026-05-31,save,824187,13,away,656730,9,38.5,45.2,48.8,60.3,R,Trevor Megill,MIL,3,HOU,0,LHH,0,Low,Low,high
0,1,0,0,0,0,1,2026-06-02,other,823782,10,home,656730,9,35.1,17.2,38.2,64.4,R,Trevor Megill,MIL,3,SFG,0,LHH,0,Low,Low,high
3,1,2,1,2,0,1,2026-06-05,blown_save,824350,18,away,656730,9,34.5,31.8,26.1,13.5,R,Trevor Megill,MIL,7,COL,0,RHH,0,Low,Low,high
1,2,0,0,0,0,1,2026-06-10,other,824996,17,away,656730,8,42.3,37.3,48.1,64.7,R,Trevor Megill,MIL,4,ATH,0,,0,Low,Low,high
1,3,0,1,0,0,1,2026-06-13,other,823776,16,home,656730,9,32.1,30.7,33.4,37.3,R,Trevor Megill,MIL,5,PHI,0,RHH,0,Low,Low,high
0,2,0,0,0,0,1,2026-06-16,save,823775,12,home,656730,9,50,36.8,42.8,44.4,R,Trevor Megill,MIL,3,CLE,0,LHH,0,Mid,Low,high
0,1,0,0,0,0,1,2026-06-20,hold,824909,8,away,656730,8,51.3,55.8,59,68.1,R,Trevor Megill,MIL,3,ATL,0,RHH,0,Mid,Mid,high
0,1,0,0,0,0,1,2026-06-22,other,824502,12,away,656730,9,32.7,40.9,35.4,31,R,Trevor Megill,MIL,3,CIN,0,RHH,0,Low,Low,high
0,0,0,0,0,0,1,2026-06-23,save,824501,12,away,656730,9,32.7,40.9,35.4,31,R,Trevor Megill,MIL,3,CIN,0,RHH,0,Low,Low,high
0,0,0,1,0,0,1,2026-06-26,other,823773,26,home,656730,9,62.9,82.6,69.2,58.4,R,Trevor Megill,MIL,4,CHC,0,RHH,0,Mid,High,high
1,3,0,0,0,0,1,2026-06-28,other,823769,19,home,656730,9,62.9,82.6,69.2,58.4,R,Trevor Megill,MIL,4,CHC,0,RHH,0,Mid,High,high
0,2,0,0,0,0,1,2026-06-29,save,823771,10,home,656730,9,32.7,40.9,35.4,31,R,Trevor Megill,MIL,3,CIN,0,LHH,0,Low,Low,high
1,1,0,0,0,0,1,2026-07-01,save,823767,11,home,656730,9,32.7,40.9,35.4,31,R,Trevor Megill,MIL,4,CIN,0,RHH,0,Low,Low,high
1,0,0,0,0,0,1,2026-07-03,other,825062,12,away,656730,9,58.2,31.7,40.5,37.8,R,Trevor Megill,MIL,4,ARI,0,LHH,0,Mid,Low,high
0,0,0,1,0,0,1,2026-07-05,save,825061,16,away,656730,9,58.2,31.7,40.5,37.8,R,Trevor Megill,MIL,4,ARI,0,LHH,0,Mid,Low,high
1,2,0,0,0,0,1,2026-07-06,save,823036,15,away,656730,9,41,40.4,42.1,44.7,R,Trevor Megill,MIL,4,STL,0,LHH,0,Low,Low,high
1,1,0,0,0,0,1,2026-07-17,other,823766,11,home,656730,9,40.1,39.3,48.6,65.4,R,Trevor Megill,MIL,4,MIA,0,,0,Low,Low,high
0,1,0,0,0,0,1,2026-07-18,save,823763,13,home,656730,9,40.1,39.3,48.6,65.4,R,Trevor Megill,MIL,3,MIA,0,RHH,0,Low,Low,high
1,0,1,1,1,0,1,2026-07-22,save,823761,14,home,656730,9,30.6,40,42.5,53.8,R,Trevor Megill,MIL,5,NYM,0,RHH,0,Low,Low,high
1,1,0,0,0,0,0.1,2026-07-25,save,823758,8,home,656730,9,34.5,31.8,26.1,13.5,R,Trevor Megill,MIL,2,COL,1,,2,Low,Low,high
0,1,0,0,0,0,1,2026-07-31,other,823999,14,away,656730,9,22.6,13.1,27.4,47.2,R,Trevor Megill,MIL,3,LAA,0,RHH,0,Low,Low,high
0,0,0,0,0,0,1,2026-08-01,save,824000,6,away,656730,9,22.6,13.1,27.4,47.2,R,Trevor Megill,MIL,3,LAA,0,RHH,0,Low,Low,high
0,0,0,0,0,0,1,2026-08-04,save,823756,10,home,656730,9,33.5,60.7,62.1,84.2,R,Trevor Megill,MIL,3,PIT,0,LHH,0,Low,Mid,high
0,1,0,0,0,0,1,2026-08-05,save,823753,12,home,656730,9,33.5,60.7,62.1,84.2,R,Trevor Megill,MIL,3,PIT,0,LHH,0,Low,Mid,high
0,0,0,0,0,0,1,2026-08-08,save,823752,4,home,656730,9,39.7,33.8,47.1,67.6,R,Trevor Megill,MIL,3,MIN,0,LHH,0,Low,Low,high
0,2,0,0,0,0,1,2026-08-09,other,823751,13,home,656730,9,39.7,33.8,47.1,67.6,R,Trevor Megill,MIL,3,MIN,0,RHH,0,Low,Low,high
0,0,0,1,0,0,1.2,2026-08-12,other,823263,15,away,656730,9,40.5,52.4,53.2,63.3,R,Trevor Megill,MIL,6,SDP,0,RHH,1,Low,Mid,high
1,2,0,0,0,0,1,2026-05-26,other,823624,16,home,621345,9,32.7,40.9,35.4,31,R,A.J. Minter,MIN,4,CIN,0,RHH,0,Low,Low,high
0,2,0,0,0,0,1,2026-05-29,other,823623,14,home,621345,5,40.1,39.3,48.6,65.4,R,A.J. Minter,MIN,3,MIA,0,LHH,1,Low,Low,medium
1,1,1,0,0,0,0.1,2026-06-01,other,823131,9,away,621345,10,43.3,45.2,49.2,57.9,R,A.J. Minter,MIN,2,SEA,0,,0,Low,Low,high
1,1,0,1,0,0,1,2026-06-02,other,823129,19,away,621345,8,43.3,45.2,49.2,57.9,R,A.J. Minter,MIN,4,SEA,0,LHH,0,Low,Low,high
0,0,0,0,0,0,1,2026-06-05,other,823293,14,away,621345,9,40.5,52.4,53.2,63.3,R,A.J. Minter,MIN,4,SDP,0,,0,Low,Mid,high
1,0,0,0,0,0,1,2026-06-07,other,823291,13,away,621345,7,40.5,52.4,53.2,63.3,R,A.J. Minter,MIN,4,SDP,0,RHH,0,Low,Mid,medium
0,0,0,0,0,0,1.1,2026-06-11,other,823619,14,home,621345,5,41,40.4,42.1,44.7,R,A.J. Minter,MIN,4,STL,0,LHH,2,Low,Low,medium
0,1,0,0,0,0,0.2,2026-06-14,other,823615,4,home,621345,8,51.3,55.8,59,68.1,R,A.J. Minter,MIN,2,ATL,0,,0,Mid,Mid,high
0,0,0,0,0,0,0.2,2026-06-18,hold,823448,8,away,621345,7,32.1,30.7,33.4,37.3,R,A.J. Minter,MIN,2,PHI,0,LHH,1,Low,Low,medium
0,0,0,0,0,0,1,2026-06-21,other,823449,9,away,621345,8,32.1,30.7,33.4,37.3,R,A.J. Minter,MIN,3,PHI,0,RHH,0,Low,Low,high
1,1,0,0,0,0,1,2026-06-23,other,823614,14,home,621345,9,62.9,82.6,69.2,58.4,R,A.J. Minter,MIN,4,CHC,0,RHH,0,Mid,High,high
1,1,1,0,0,0,1,2026-06-24,other,823611,19,home,621345,8,62.9,82.6,69.2,58.4,R,A.J. Minter,MIN,5,CHC,0,RHH,0,Mid,High,high
1,1,0,0,0,0,1.2,2026-06-27,other,823609,22,home,621345,5,32.1,30.7,33.4,37.3,R,A.J. Minter,MIN,5,PHI,0,,1,Low,Low,medium
0,1,0,0,0,0,1.1,2026-07-01,other,822791,14,away,621345,7,54.7,7.6,29.4,36.4,R,A.J. Minter,MIN,4,TOR,0,LHH,0,Mid,Low,medium
1,0,1,0,1,1,1,2026-07-03,other,824904,18,away,621345,5,51.3,55.8,59,68.1,R,A.J. Minter,MIN,4,ATL,0,,0,Mid,Mid,medium
2,1,0,0,0,0,1,2026-07-06,other,824900,16,away,621345,7,51.3,55.8,59,68.1,R,A.J. Minter,MIN,5,ATL,0,RHH,0,Mid,Mid,high
0,2,0,0,0,0,1,2026-07-07,other,823607,13,home,621345,9,57,42.9,50.8,55.5,R,A.J. Minter,MIN,3,KCR,0,RHH,0,Mid,Mid,high
4,1,2,0,2,1,1,2026-07-10,other,823604,26,home,621345,7,43,41.3,32.9,16,R,A.J. Minter,MIN,7,BOS,0,RHH,0,Low,Low,high
1,2,0,0,0,0,1,2026-07-11,other,823603,12,home,621345,6,43,41.3,32.9,16,R,A.J. Minter,MIN,4,BOS,0,RHH,0,Low,Low,medium
3,0,1,0,1,1,1,2026-07-19,other,823439,14,away,621345,7,32.1,30.7,33.4,37.3,R,A.J. Minter,MIN,5,PHI,0,RHH,0,Low,Low,medium
1,1,0,1,0,0,1,2026-07-22,other,823761,19,away,621345,6,67.4,75.3,66.3,55.3,R,A.J. Minter,MIN,5,MIL,1,,1,High,High,medium
2,0,2,0,2,1,1,2026-07-24,other,823601,12,home,621345,8,68.3,95.7,82.8,78.2,R,A.J. Minter,MIN,5,LAD,0,RHH,0,High,High,high
0,2,0,0,0,0,1,2026-07-29,other,823598,21,home,621345,7,51.3,55.8,59,68.1,R,A.J. Minter,MIN,4,ATL,0,,0,Mid,Mid,high
0,0,0,0,0,0,0.1,2026-08-01,other,823109,1,away,621345,6,43.3,45.2,49.2,57.9,R,A.J. Minter,MIN,1,SEA,0,LHH,2,Low,Low,high
2,1,0,0,0,0,1,2026-08-02,other,823107,19,away,621345,8,43.3,45.2,49.2,57.9,R,A.J. Minter,MIN,5,SEA,0,RHH,0,Low,Low,high
1,0,1,0,1,1,1,2026-08-05,other,824082,12,away,621345,7,57,42.9,50.8,55.5,R,A.J. Minter,MIN,4,KCR,0,,0,Mid,Mid,high
0,1,0,0,0,0,0.1,2026-08-07,hold,823750,3,away,621345,6,67.4,75.3,66.3,55.3,R,A.J. Minter,MIN,1,MIL,0,LHH,1,High,High,medium
1,0,0,1,0,0,1.1,2026-08-09,other,823751,16,away,621345,7,67.4,75.3,66.3,55.3,R,A.J. Minter,MIN,6,MIL,0,LHH,0,High,High,high
0,2,0,0,0,0,1,2026-08-12,hold,823672,9,home,621345,8,31.6,69.3,61.4,73.6,R,A.J. Minter,MIN,3,BAL,0,RHH,0,Low,Mid,high
6,2,1,0,1,0,3,2026-04-12,hold,822828,67,away,702193,6,54.7,7.6,29.4,36.4,R,Andrew Morris,MIN,15,TOR,0,LHH,0,Mid,Low,low
3,2,3,2,3,0,1.1,2026-04-19,blown_save,823718,47,home,702193,8,32.7,40.9,35.4,31,R,Andrew Morris,MIN,9,CIN,0,RHH,0,Low,Low,high
2,4,2,0,2,0,2.2,2026-04-23,other,823639,37,away,702193,6,30.6,40,42.5,53.8,R,Andrew Morris,MIN,10,NYM,0,LHH,0,Low,Low,low
4,2,2,1,2,1,3,2026-04-27,hold,823719,40,home,702193,6,43.3,45.2,49.2,57.9,R,Andrew Morris,MIN,13,SEA,0,LHH,0,Low,Low,low
1,0,0,0,0,0,1.1,2026-04-30,hold,823714,19,home,702193,7,54.7,7.6,29.4,36.4,R,Andrew Morris,MIN,5,TOR,0,RHH,2,Mid,Low,high
2,3,0,1,0,0,3.2,2026-05-03,other,823711,57,home,702193,1,54.7,7.6,29.4,36.4,R,Andrew Morris,MIN,14,TOR,0,RHH,1,Mid,Low,medium
2,1,1,0,1,0,0.2,2026-05-06,other,822740,14,away,702193,6,43.7,67,67.7,85.6,R,Andrew Morris,MIN,4,WSN,1,LHH,1,Low,High,medium
0,1,0,1,0,0,0.2,2026-05-09,other,824444,11,away,702193,7,50,36.8,42.8,44.4,R,Andrew Morris,MIN,3,CLE,0,LHH,0,Mid,Low,high
3,0,2,0,1,0,0.2,2026-05-15,blown_save,823707,24,home,702193,8,67.4,75.3,66.3,55.3,R,Andrew Morris,MIN,6,MIL,0,,0,High,High,high
0,1,0,0,0,0,1,2026-05-17,hold,823708,12,home,702193,6,67.4,75.3,66.3,55.3,R,Andrew Morris,MIN,3,MIL,0,RHH,2,High,High,high
1,0,0,1,0,0,1,2026-05-18,hold,823705,16,home,702193,6,38.5,45.2,48.8,60.3,R,Andrew Morris,MIN,4,HOU,0,,0,Low,Low,medium
0,1,0,0,0,0,1,2026-05-20,save,823703,10,home,702193,9,38.5,45.2,48.8,60.3,R,Andrew Morris,MIN,3,HOU,0,RHH,0,Low,Low,high
1,0,1,3,1,0,0.2,2026-05-23,hold,824760,32,away,702193,9,43,41.3,32.9,16,R,Andrew Morris,MIN,6,BOS,0,RHH,0,Low,Low,high
0,0,0,0,0,0,0.2,2026-05-26,other,824597,8,away,702193,9,32.2,45.8,54.2,79.5,R,Andrew Morris,MIN,2,CHW,0,,0,Low,Mid,high
2,3,1,0,0,0,1.1,2026-05-28,other,824595,29,away,702193,3,32.2,45.8,54.2,79.5,R,Andrew Morris,MIN,6,CHW,0,LHH,1,Low,Mid,low
1,2,0,0,0,0,0.2,2026-06-02,hold,823700,18,home,702193,7,32.2,45.8,54.2,79.5,R,Andrew Morris,MIN,4,CHW,1,RHH,2,Low,Mid,high
3,4,3,0,3,1,1.2,2026-06-07,other,823696,41,home,702193,5,57,42.9,50.8,55.5,R,Andrew Morris,MIN,8,KCR,1,RHH,1,Mid,Mid,medium
2,3,2,1,1,0,1,2026-06-10,hold,824266,39,away,702193,5,43.2,42.5,49.7,62.5,R,Andrew Morris,MIN,7,DET,0,LHH,0,Low,Low,medium
0,0,0,0,0,0,1,2026-06-12,save,823695,9,home,702193,9,41,40.4,42.1,44.7,R,Andrew Morris,MIN,3,STL,0,RHH,0,Low,Low,high
1,3,0,0,0,0,1,2026-06-14,other,823693,17,home,702193,8,41,40.4,42.1,44.7,R,Andrew Morris,MIN,4,STL,0,RHH,0,Low,Low,high
0,2,0,0,0,0,1,2026-06-15,hold,822887,9,away,702193,6,36.6,27.1,36.4,46.9,R,Andrew Morris,MIN,3,TEX,0,RHH,0,Low,Low,medium
0,0,0,0,0,0,0.2,2026-06-18,other,822889,8,away,702193,7,36.6,27.1,36.4,46.9,R,Andrew Morris,MIN,1,TEX,0,RHH,2,Low,Low,high
0,1,0,1,0,0,1,2026-06-21,hold,825067,17,away,702193,7,58.2,31.7,40.5,37.8,R,Andrew Morris,MIN,3,ARI,0,LHH,0,Mid,Low,high
1,1,0,1,0,0,1,2026-06-22,other,823692,15,home,702193,9,68.3,95.7,82.8,78.2,R,Andrew Morris,MIN,5,LAD,0,LHH,0,High,High,high
1,0,0,0,0,0,1,2026-06-24,other,823691,7,home,702193,9,68.3,95.7,82.8,78.2,R,Andrew Morris,MIN,3,LAD,0,LHH,0,High,High,high
0,0,0,0,0,0,1,2026-06-26,other,823688,6,home,702193,10,34.5,31.8,26.1,13.5,R,Andrew Morris,MIN,3,COL,0,LHH,0,Low,Low,high
0,2,0,0,0,0,1.1,2026-06-28,other,823686,15,home,702193,7,34.5,31.8,26.1,13.5,R,Andrew Morris,MIN,4,COL,0,RHH,0,Low,Low,high
1,0,0,0,0,0,1.1,2026-07-01,hold,824174,17,away,702193,6,38.5,45.2,48.8,60.3,R,Andrew Morris,MIN,5,HOU,0,RHH,2,Low,Low,high
0,1,0,0,0,0,0.2,2026-07-04,hold,823526,5,away,702193,7,38.8,75.1,66.4,76,R,Andrew Morris,MIN,2,NYY,0,,1,Low,High,medium
0,2,0,0,0,0,1,2026-07-05,other,823525,17,away,702193,8,38.8,75.1,66.4,76,R,Andrew Morris,MIN,3,NYY,0,RHH,0,Low,High,high
0,1,0,0,0,0,1,2026-07-07,hold,823687,13,home,702193,8,50,36.8,42.8,44.4,R,Andrew Morris,MIN,3,CLE,0,LHH,0,Mid,Low,high
1,2,0,0,0,0,2,2026-07-10,other,823685,25,home,702193,7,22.6,13.1,27.4,47.2,R,Andrew Morris,MIN,7,LAA,0,,0,Low,Low,high
1,2,0,1,0,0,2,2026-07-12,save,823681,37,home,702193,8,22.6,13.1,27.4,47.2,R,Andrew Morris,MIN,8,LAA,0,RHH,0,Low,Low,high
0,0,0,0,0,0,1,2026-07-17,hold,824655,14,away,702193,8,62.9,82.6,69.2,58.4,R,Andrew Morris,MIN,3,CHC,0,RHH,0,Mid,High,high
2,1,1,1,1,1,1,2026-07-22,other,824408,28,away,702193,8,50,36.8,42.8,44.4,R,Andrew Morris,MIN,6,CLE,0,LHH,0,Mid,Low,high
1,0,0,0,0,0,1,2026-07-23,other,824406,16,away,702193,8,50,36.8,42.8,44.4,R,Andrew Morris,MIN,4,CLE,0,LHH,0,Mid,Low,high
0,2,0,1,0,0,1,2026-07-25,hold,823679,26,home,702193,8,42.3,37.3,48.1,64.7,R,Andrew Morris,MIN,5,ATH,0,LHH,0,Low,Low,high
1,0,0,0,0,0,1,2026-07-30,other,823674,12,home,702193,8,57,42.9,50.8,55.5,R,Andrew Morris,MIN,3,KCR,0,LHH,0,Mid,Mid,high
0,0,0,0,0,0,1,2026-07-31,hold,823111,6,away,702193,8,43.3,45.2,49.2,57.9,R,Andrew Morris,MIN,3,SEA,0,RHH,0,Low,Low,high
1,0,1,1,1,0,0.2,2026-08-01,other,823109,12,away,702193,9,43.3,45.2,49.2,57.9,R,Andrew Morris,MIN,4,SEA,0,,0,Low,Low,high
0,1,0,0,0,0,1,2026-08-06,hold,824080,13,away,702193,8,57,42.9,50.8,55.5,R,Andrew Morris,MIN,3,KCR,0,LHH,0,Mid,Mid,high
1,0,0,1,0,0,1,2026-08-07,hold,823750,13,away,702193,8,67.4,75.3,66.3,55.3,R,Andrew Morris,MIN,4,MIL,0,,0,High,High,high
0,0,0,2,0,0,0.2,2026-08-09,other,823751,14,away,702193,8,67.4,75.3,66.3,55.3,R,Andrew Morris,MIN,4,MIL,0,LHH,0,High,High,high
0,2,0,0,0,0,1,2026-08-12,hold,823672,18,home,702193,6,31.6,69.3,61.4,73.6,R,Andrew Morris,MIN,3,BAL,0,LHH,0,Low,Mid,medium
1,4,1,0,1,1,1,2026-03-27,blown_save,822839,22,home,656546,9,42.3,37.3,48.1,64.7,R,Jeff Hoffman,MIN,5,ATH,0,RHH,0,Low,Low,high
1,2,0,0,0,0,1,2026-03-29,save,822837,10,home,656546,9,42.3,37.3,48.1,64.7,R,Jeff Hoffman,MIN,4,ATH,0,RHH,0,Low,Low,high
1,1,0,0,0,0,1,2026-03-31,other,822836,15,home,656546,9,34.5,31.8,26.1,13.5,R,Jeff Hoffman,MIN,4,COL,0,,0,Low,Low,high
0,3,0,0,0,0,1,2026-04-01,other,822835,16,home,656546,9,34.5,31.8,26.1,13.5,R,Jeff Hoffman,MIN,3,COL,0,LHH,0,Low,Low,high
2,1,2,0,0,0,0.2,2026-04-03,blown_save,824621,14,away,656546,10,32.2,45.8,54.2,79.5,R,Jeff Hoffman,MIN,4,CHW,0,,0,Low,Mid,high
2,2,1,1,1,0,1,2026-04-07,other,822831,14,home,656546,9,68.3,95.7,82.8,78.2,R,Jeff Hoffman,MIN,6,LAD,0,LHH,0,High,High,high
1,2,0,1,0,0,1,2026-04-08,save,822833,21,home,656546,9,68.3,95.7,82.8,78.2,R,Jeff Hoffman,MIN,5,LAD,0,LHH,0,High,High,high
0,2,0,0,0,0,1,2026-04-12,other,822828,12,home,656546,9,39.7,33.8,47.1,67.6,R,Jeff Hoffman,MIN,3,MIN,0,LHH,0,Low,Low,high
2,1,2,3,2,0,0.2,2026-04-14,blown_save,823802,32,away,656546,9,67.4,75.3,66.3,55.3,R,Jeff Hoffman,MIN,7,MIL,0,LHH,0,High,High,high
3,2,4,1,4,1,1,2026-04-18,other,825098,26,away,656546,8,58.2,31.7,40.5,37.8,R,Jeff Hoffman,MIN,7,ARI,0,LHH,0,Mid,Low,high
1,3,0,0,0,0,1,2026-04-20,save,824046,17,away,656546,9,22.6,13.1,27.4,47.2,R,Jeff Hoffman,MIN,4,LAA,0,,0,Low,Low,high
2,1,1,0,1,0,0.1,2026-04-21,hold,824045,18,away,656546,9,22.6,13.1,27.4,47.2,R,Jeff Hoffman,MIN,5,LAA,0,RHH,0,Low,Low,high
0,1,0,1,0,0,1,2026-04-26,hold,822824,24,home,656546,8,50,36.8,42.8,44.4,R,Jeff Hoffman,MIN,4,CLE,0,LHH,0,Mid,Low,high
0,2,0,0,0,0,1,2026-04-28,hold,822823,10,home,656546,7,43,41.3,32.9,16,R,Jeff Hoffman,MIN,3,BOS,0,LHH,0,Low,Low,medium
3,1,1,0,1,0,1,2026-05-01,other,823713,16,away,656546,7,39.7,33.8,47.1,67.6,R,Jeff Hoffman,MIN,6,MIN,0,,0,Low,Low,medium
1,0,0,0,0,0,1,2026-05-03,other,823711,12,away,656546,8,39.7,33.8,47.1,67.6,R,Jeff Hoffman,MIN,3,MIN,0,LHH,0,Low,Low,high
1,1,0,0,0,0,1,2026-05-05,hold,822986,17,away,656546,7,77.8,34.8,51.2,51,R,Jeff Hoffman,MIN,4,TBR,0,LHH,0,High,Mid,high
1,1,0,0,0,0,1,2026-05-08,hold,822822,13,home,656546,8,22.6,13.1,27.4,47.2,R,Jeff Hoffman,MIN,4,LAA,0,RHH,0,Low,Low,high
2,2,1,0,1,1,1,2026-05-12,other,822817,27,home,656546,7,77.8,34.8,51.2,51,R,Jeff Hoffman,MIN,5,TBR,0,RHH,0,High,Mid,medium
2,0,2,0,1,0,1,2026-05-13,other,822815,18,home,656546,10,77.8,34.8,51.2,51,R,Jeff Hoffman,MIN,5,TBR,0,LHH,0,High,Mid,high
2,2,1,1,1,0,0.2,2026-05-15,other,824280,23,away,656546,9,43.2,42.5,49.7,62.5,R,Jeff Hoffman,MIN,5,DET,0,LHH,0,Low,Low,high
1,1,0,0,0,0,1,2026-05-18,other,823549,17,away,656546,8,38.8,75.1,66.4,76,R,Jeff Hoffman,MIN,4,NYY,0,,0,Low,High,high
0,0,0,0,0,0,0.2,2026-05-20,hold,823547,8,away,656546,7,38.8,75.1,66.4,76,R,Jeff Hoffman,MIN,2,NYY,0,,2,Low,High,high
0,2,0,0,0,0,1,2026-05-21,save,823545,12,away,656546,9,38.8,75.1,66.4,76,R,Jeff Hoffman,MIN,3,NYY,0,LHH,0,Low,High,high
0,3,0,0,0,0,1,2026-05-23,save,822814,13,home,656546,9,33.5,60.7,62.1,84.2,R,Jeff Hoffman,MIN,3,PIT,0,LHH,0,Low,Mid,high
2,2,0,0,0,0,1.1,2026-05-27,other,822809,23,home,656546,6,40.1,39.3,48.6,65.4,R,Jeff Hoffman,MIN,4,MIA,0,RHH,1,Low,Low,medium
1,2,0,0,0,0,1,2026-05-28,other,824834,21,away,656546,7,31.6,69.3,61.4,73.6,R,Jeff Hoffman,MIN,4,BAL,0,LHH,0,Low,Mid,high
3,1,5,2,5,0,0.1,2026-05-30,other,824833,24,away,656546,9,31.6,69.3,61.4,73.6,R,Jeff Hoffman,MIN,7,BAL,0,LHH,0,Low,Mid,high
0,1,0,0,0,0,1,2026-06-04,hold,824919,9,away,656546,7,51.3,55.8,59,68.1,R,Jeff Hoffman,MIN,3,ATL,0,RHH,0,Mid,Mid,high
1,1,1,0,1,1,0.2,2026-06-06,other,822808,13,home,656546,6,31.6,69.3,61.4,73.6,R,Jeff Hoffman,MIN,3,BAL,1,RHH,1,Low,Mid,medium
1,2,0,0,0,0,1,2026-06-09,other,822805,15,home,656546,7,32.1,30.7,33.4,37.3,R,Jeff Hoffman,MIN,4,PHI,0,RHH,0,Low,Low,high
0,1,0,1,0,0,1,2026-06-10,other,822804,21,home,656546,6,32.1,30.7,33.4,37.3,R,Jeff Hoffman,MIN,4,PHI,0,,0,Low,Low,low
0,2,0,0,0,0,1,2026-06-14,other,822801,12,home,656546,8,38.8,75.1,66.4,76,R,Jeff Hoffman,MIN,3,NYY,0,RHH,1,Low,High,high
0,1,0,0,0,0,1,2026-06-16,other,824750,9,away,656546,6,43,41.3,32.9,16,R,Jeff Hoffman,MIN,3,BOS,0,RHH,0,Low,Low,low
1,0,0,0,0,0,1,2026-06-17,hold,824746,25,away,656546,7,43,41.3,32.9,16,R,Jeff Hoffman,MIN,4,BOS,0,,0,Low,Low,high
0,1,0,1,0,0,1,2026-06-20,other,824665,22,away,656546,7,62.9,82.6,69.2,58.4,R,Jeff Hoffman,MIN,5,CHC,0,RHH,0,Mid,High,high
0,1,0,1,0,0,0.2,2026-06-23,other,822799,13,home,656546,8,38.5,45.2,48.8,60.3,R,Jeff Hoffman,MIN,3,HOU,0,RHH,2,Low,Low,high
1,2,1,1,0,0,1.1,2026-06-24,other,822798,13,home,656546,7,38.5,45.2,48.8,60.3,R,Jeff Hoffman,MIN,6,HOU,0,,0,Low,Low,high
1,1,0,0,0,0,1,2026-06-27,other,822794,20,home,656546,8,36.6,27.1,36.4,46.9,R,Jeff Hoffman,MIN,4,TEX,0,LHH,0,Low,Low,high
0,2,0,0,0,0,1.1,2026-06-28,other,822795,24,home,656546,7,36.6,27.1,36.4,46.9,R,Jeff Hoffman,MIN,4,TEX,0,RHH,2,Low,Low,high
0,2,0,1,0,0,1,2026-07-03,hold,823120,24,away,656546,8,43.3,45.2,49.2,57.9,R,Jeff Hoffman,MIN,4,SEA,0,LHH,0,Low,Low,high
0,1,0,0,0,0,0.2,2026-07-07,other,823203,8,away,656546,7,35.1,17.2,38.2,64.4,R,Jeff Hoffman,MIN,2,SFG,0,,0,Low,Low,medium
0,1,0,0,0,0,1,2026-07-10,hold,823278,13,away,656546,7,40.5,52.4,53.2,63.3,R,Jeff Hoffman,MIN,3,SDP,0,RHH,0,Low,Mid,medium
3,0,2,0,2,0,1,2026-07-12,blown_save,823274,25,away,656546,8,40.5,52.4,53.2,63.3,R,Jeff Hoffman,MIN,6,SDP,0,RHH,0,Low,Mid,high
0,2,0,1,0,0,1,2026-07-18,hold,822790,14,home,656546,7,32.2,45.8,54.2,79.5,R,Jeff Hoffman,MIN,4,CHW,0,LHH,0,Low,Mid,high
2,1,3,0,0,0,0.2,2026-07-22,other,822784,28,home,656546,6,77.8,34.8,51.2,51,R,Jeff Hoffman,MIN,6,TBR,0,LHH,0,High,Mid,medium
1,0,0,1,0,0,1,2026-07-24,other,824733,30,away,656546,7,43,41.3,32.9,16,R,Jeff Hoffman,MIN,6,BOS,0,,0,Low,Low,high
1,3,0,0,0,0,1,2026-07-27,hold,822705,15,away,656546,8,43.7,67,67.7,85.6,R,Jeff Hoffman,MIN,4,WSN,0,,0,Low,High,high
0,2,0,0,0,0,1,2026-07-28,other,822703,16,away,656546,8,43.7,67,67.7,85.6,R,Jeff Hoffman,MIN,3,WSN,0,LHH,0,Low,High,high
0,2,0,0,0,0,1,2026-07-31,other,822782,11,home,656546,8,41,40.4,42.1,44.7,R,Jeff Hoffman,MIN,3,STL,0,RHH,0,Low,Low,high
1,1,0,1,0,0,1,2026-08-01,other,822781,18,home,656546,8,41,40.4,42.1,44.7,R,Jeff Hoffman,MIN,5,STL,0,LHH,0,Low,Low,high
0,2,0,0,0,0,1,2026-08-05,other,824082,11,away,656546,8,57,42.9,50.8,55.5,R,Jeff Hoffman,MIN,3,KCR,0,LHH,0,Mid,Mid,high
0,2,0,2,0,0,1,2026-08-07,hold,823750,25,away,656546,7,67.4,75.3,66.3,55.3,R,Jeff Hoffman,MIN,6,MIL,0,LHH,0,High,High,high
2,1,1,0,1,0,1,2026-08-08,other,823752,15,away,656546,8,67.4,75.3,66.3,55.3,R,Jeff Hoffman,MIN,5,MIL,0,RHH,0,High,High,high
0,1,0,2,0,0,1,2026-08-12,hold,823672,24,home,656546,7,31.6,69.3,61.4,73.6,R,Jeff Hoffman,MIN,5,BAL,0,RHH,0,Low,Mid,medium
1,0,1,1,1,0,0.2,2026-03-26,other,824865,17,away,681892,6,31.6,69.3,61.4,73.6,R,Kody Funderburk,MIN,4,BAL,0,RHH,0,Low,Mid,medium
2,2,0,0,0,0,0.2,2026-03-28,hold,824862,13,away,681892,6,31.6,69.3,61.4,73.6,R,Kody Funderburk,MIN,4,BAL,0,RHH,0,Low,Mid,medium
2,3,1,1,1,1,1.1,2026-03-30,other,824135,26,away,681892,6,57,42.9,50.8,55.5,R,Kody Funderburk,MIN,7,KCR,0,,0,Mid,Mid,medium
0,1,0,0,0,0,1,2026-04-02,hold,824133,15,away,681892,7,57,42.9,50.8,55.5,R,Kody Funderburk,MIN,3,KCR,0,RHH,0,Mid,Mid,high
0,0,0,0,0,0,0.1,2026-04-03,other,823732,2,home,681892,7,77.8,34.8,51.2,51,R,Kody Funderburk,MIN,1,TBR,0,RHH,2,High,Mid,high
0,0,0,0,0,0,0.1,2026-04-05,other,823729,3,home,681892,7,77.8,34.8,51.2,51,R,Kody Funderburk,MIN,1,TBR,0,RHH,2,High,Mid,high
0,0,0,3,0,0,0.2,2026-04-06,hold,823728,20,home,681892,7,43.2,42.5,49.7,62.5,R,Kody Funderburk,MIN,4,DET,0,LHH,1,Low,Low,high
0,0,0,1,0,0,0.2,2026-04-08,save,823726,20,home,681892,9,43.2,42.5,49.7,62.5,R,Kody Funderburk,MIN,4,DET,0,LHH,0,Low,Low,high
1,0,0,1,0,0,1,2026-04-11,other,822830,17,away,681892,8,54.7,7.6,29.4,36.4,R,Kody Funderburk,MIN,5,TOR,0,RHH,0,Mid,Low,high
0,2,0,0,0,0,1,2026-04-15,other,823722,14,home,681892,8,43,41.3,32.9,16,R,Kody Funderburk,MIN,3,BOS,0,RHH,0,Low,Low,high
0,0,0,0,0,0,1,2026-04-17,other,823720,8,home,681892,8,32.7,40.9,35.4,31,R,Kody Funderburk,MIN,3,CIN,0,RHH,0,Low,Low,high
1,0,0,0,0,0,0.1,2026-04-18,hold,823721,10,home,681892,7,32.7,40.9,35.4,31,R,Kody Funderburk,MIN,3,CIN,1,RHH,1,Low,Low,high
0,0,0,1,0,0,1.1,2026-04-26,other,822991,20,away,681892,6,77.8,34.8,51.2,51,R,Kody Funderburk,MIN,4,TBR,0,RHH,0,High,Mid,low
1,0,1,1,1,0,1.1,2026-04-28,other,823716,15,home,681892,7,43.3,45.2,49.2,57.9,R,Kody Funderburk,MIN,6,SEA,1,,1,Low,Low,high
0,0,0,1,0,0,1.1,2026-05-02,hold,823715,14,home,681892,6,54.7,7.6,29.4,36.4,R,Kody Funderburk,MIN,5,TOR,0,LHH,0,Mid,Low,medium
0,0,0,0,0,0,0.1,2026-05-03,hold,823711,3,home,681892,8,54.7,7.6,29.4,36.4,R,Kody Funderburk,MIN,1,TOR,0,LHH,2,Mid,Low,high
0,2,1,1,1,0,1,2026-05-06,other,822740,17,away,681892,6,43.7,67,67.7,85.6,R,Kody Funderburk,MIN,4,WSN,0,LHH,1,Low,High,medium
1,0,1,0,1,0,1.1,2026-05-08,other,824443,22,away,681892,6,50,36.8,42.8,44.4,R,Kody Funderburk,MIN,5,CLE,0,RHH,0,Mid,Low,medium
0,0,0,2,0,0,0.1,2026-05-09,other,824444,10,away,681892,9,50,36.8,42.8,44.4,R,Kody Funderburk,MIN,3,CLE,0,LHH,0,Mid,Low,high
2,0,2,2,2,0,1.1,2026-05-30,other,823375,27,away,681892,5,33.5,60.7,62.1,84.2,R,Kody Funderburk,MIN,8,PIT,0,LHH,2,Low,Mid,medium
0,0,0,1,0,0,1,2026-06-01,other,823702,16,home,681892,7,32.2,45.8,54.2,79.5,R,Kody Funderburk,MIN,4,CHW,0,LHH,0,Low,Mid,medium
3,1,1,0,1,0,1,2026-06-26,other,823688,20,home,681892,8,34.5,31.8,26.1,13.5,R,Kody Funderburk,MIN,6,COL,2,,2,Low,Low,high
2,0,3,1,3,1,1,2026-06-27,other,823689,25,home,681892,7,34.5,31.8,26.1,13.5,R,Kody Funderburk,MIN,6,COL,0,RHH,0,Low,Low,high
0,2,0,0,0,0,2,2026-07-03,other,823527,21,away,681892,5,38.8,75.1,66.4,76,R,Kody Funderburk,MIN,6,NYY,0,LHH,0,Low,High,medium
2,3,0,0,0,0,1,2026-07-08,other,823684,20,home,681892,8,50,36.8,42.8,44.4,R,Kody Funderburk,MIN,5,CLE,0,LHH,0,Mid,Low,high
0,0,0,0,0,0,1,2026-07-09,other,823683,10,home,681892,8,50,36.8,42.8,44.4,R,Kody Funderburk,MIN,3,CLE,0,LHH,0,Mid,Low,high
0,1,0,1,0,0,1,2026-07-19,other,824653,14,away,681892,7,62.9,82.6,69.2,58.4,R,Kody Funderburk,MIN,4,CHC,0,RHH,0,Mid,High,medium
2,0,1,0,1,0,1,2026-07-20,other,824410,16,away,681892,5,50,36.8,42.8,44.4,R,Kody Funderburk,MIN,5,CLE,0,RHH,0,Mid,Low,low
0,1,0,1,0,0,1,2026-07-22,other,824408,22,away,681892,5,50,36.8,42.8,44.4,R,Kody Funderburk,MIN,4,CLE,0,LHH,0,Mid,Low,medium
1,0,0,0,0,0,1,2026-07-24,other,823680,12,home,681892,7,42.3,37.3,48.1,64.7,R,Kody Funderburk,MIN,4,ATH,0,,0,Low,Low,high
0,1,0,0,0,0,1,2026-07-26,hold,823678,17,home,681892,8,42.3,37.3,48.1,64.7,R,Kody Funderburk,MIN,3,ATH,0,LHH,0,Low,Low,high
0,1,0,1,0,0,1.1,2026-07-28,other,823676,27,home,681892,7,57,42.9,50.8,55.5,R,Kody Funderburk,MIN,5,KCR,0,RHH,0,Mid,Mid,high
0,2,0,0,0,0,1.1,2026-07-31,other,823111,19,away,681892,6,43.3,45.2,49.2,57.9,R,Kody Funderburk,MIN,4,SEA,0,RHH,1,Low,Low,medium
0,1,0,0,0,0,0.1,2026-08-01,other,823109,3,away,681892,7,43.3,45.2,49.2,57.9,R,Kody Funderburk,MIN,1,SEA,0,RHH,1,Low,Low,high
0,2,0,0,0,0,1.2,2026-08-04,other,824084,14,away,681892,6,57,42.9,50.8,55.5,R,Kody Funderburk,MIN,5,KCR,0,LHH,1,Mid,Mid,medium
1,1,0,0,0,0,1,2026-08-06,other,824080,20,away,681892,7,57,42.9,50.8,55.5,R,Kody Funderburk,MIN,4,KCR,0,,0,Mid,Mid,high
1,3,0,0,0,0,1,2026-08-08,other,823752,21,away,681892,7,67.4,75.3,66.3,55.3,R,Kody Funderburk,MIN,4,MIL,0,LHH,0,High,High,high
0,2,0,1,0,0,1,2026-08-09,other,823751,15,away,681892,9,67.4,75.3,66.3,55.3,R,Kody Funderburk,MIN,4,MIL,0,LHH,1,High,High,high
2,1,0,1,0,0,1,2026-08-11,other,823673,22,home,681892,7,31.6,69.3,61.4,73.6,R,Kody Funderburk,MIN,5,BAL,0,RHH,0,Low,Mid,medium
1,1,0,0,0,0,1,2026-03-26,other,824865,10,away,573124,8,31.6,69.3,61.4,73.6,R,Taylor Rogers,MIN,4,BAL,0,,0,Low,Mid,high
0,1,0,0,0,0,1,2026-03-30,other,824135,14,away,573124,8,57,42.9,50.8,55.5,R,Taylor Rogers,MIN,3,KCR,0,RHH,0,Mid,Mid,high
0,1,0,0,0,0,0.1,2026-04-02,hold,824133,4,away,573124,8,57,42.9,50.8,55.5,R,Taylor Rogers,MIN,1,KCR,0,LHH,1,Mid,Mid,high
3,0,2,0,2,0,1,2026-04-04,other,823730,23,home,573124,5,77.8,34.8,51.2,51,R,Taylor Rogers,MIN,5,TBR,0,LHH,0,High,Mid,medium
0,0,0,2,0,0,0.2,2026-04-05,other,823729,18,home,573124,10,77.8,34.8,51.2,51,R,Taylor Rogers,MIN,4,TBR,1,LHH,2,High,Mid,high
1,2,0,0,0,0,1,2026-04-07,hold,823727,12,home,573124,7,43.2,42.5,49.7,62.5,R,Taylor Rogers,MIN,4,DET,1,RHH,2,Low,Low,high
3,1,1,0,1,0,1.1,2026-04-10,other,822829,30,away,573124,6,54.7,7.6,29.4,36.4,R,Taylor Rogers,MIN,7,TOR,0,LHH,1,Mid,Low,medium
1,1,0,1,0,0,1,2026-04-14,other,823723,22,home,573124,8,43,41.3,32.9,16,R,Taylor Rogers,MIN,5,BOS,0,RHH,0,Low,Low,high
0,0,0,0,0,0,0.2,2026-04-19,hold,823718,8,home,573124,7,32.7,40.9,35.4,31,R,Taylor Rogers,MIN,2,CIN,0,,2,Low,Low,high
1,0,1,1,1,0,0.2,2026-04-22,other,823641,12,away,573124,8,30.6,40,42.5,53.8,R,Taylor Rogers,MIN,3,NYM,0,LHH,0,Low,Low,high
0,0,0,1,0,0,1,2026-04-27,other,823719,14,home,573124,9,43.3,45.2,49.2,57.9,R,Taylor Rogers,MIN,3,SEA,0,LHH,0,Low,Low,high
1,0,0,0,0,0,0.2,2026-04-29,other,823717,13,home,573124,9,43.3,45.2,49.2,57.9,R,Taylor Rogers,MIN,3,SEA,1,RHH,2,Low,Low,high
1,0,0,0,0,0,1,2026-05-01,other,823713,8,home,573124,5,54.7,7.6,29.4,36.4,R,Taylor Rogers,MIN,4,TOR,0,LHH,2,Mid,Low,low
4,3,1,0,1,0,2.1,2026-05-03,hold,823711,32,home,573124,5,54.7,7.6,29.4,36.4,R,Taylor Rogers,MIN,12,TOR,0,,0,Mid,Low,medium
2,2,0,0,0,0,1.2,2026-05-07,other,822741,26,away,573124,7,43.7,67,67.7,85.6,R,Taylor Rogers,MIN,7,WSN,1,,1,Low,High,high
0,1,0,0,0,0,1,2026-05-09,other,824444,17,away,573124,7,50,36.8,42.8,44.4,R,Taylor Rogers,MIN,3,CLE,0,LHH,1,Mid,Low,high
2,0,0,0,0,0,1,2026-05-15,other,823707,23,home,573124,7,67.4,75.3,66.3,55.3,R,Taylor Rogers,MIN,5,MIL,0,RHH,0,High,High,high
1,0,0,0,0,0,0.2,2026-05-17,hold,823708,8,home,573124,7,67.4,75.3,66.3,55.3,R,Taylor Rogers,MIN,3,MIL,0,LHH,0,High,High,high
0,1,0,0,0,0,0.2,2026-05-18,save,823705,11,home,573124,9,38.5,45.2,48.8,60.3,R,Taylor Rogers,MIN,2,HOU,0,,2,Low,Low,high
0,1,0,0,0,0,0.1,2026-05-23,save,824760,6,away,573124,9,43,41.3,32.9,16,R,Taylor Rogers,MIN,1,BOS,0,LHH,3,Low,Low,high
2,0,0,0,0,0,0.1,2026-05-24,hold,824759,13,away,573124,8,43,41.3,32.9,16,R,Taylor Rogers,MIN,3,BOS,0,LHH,0,Low,Low,high
1,1,0,0,0,0,1,2026-05-26,other,824597,16,away,573124,10,32.2,45.8,54.2,79.5,R,Taylor Rogers,MIN,3,CHW,0,LHH,0,Low,Mid,high
0,0,0,0,0,0,1,2026-05-28,other,824595,7,away,573124,6,32.2,45.8,54.2,79.5,R,Taylor Rogers,MIN,3,CHW,0,RHH,0,Low,Mid,low
2,1,2,0,2,1,0.1,2026-05-29,blown_save,823377,12,away,573124,9,33.5,60.7,62.1,84.2,R,Taylor Rogers,MIN,3,PIT,0,LHH,0,Low,Mid,high
1,0,0,0,0,0,1,2026-06-03,other,823701,12,home,573124,7,32.2,45.8,54.2,79.5,R,Taylor Rogers,MIN,4,CHW,0,,0,Low,Mid,medium
2,0,2,0,2,0,0.2,2026-06-04,other,823698,11,home,573124,8,57,42.9,50.8,55.5,R,Taylor Rogers,MIN,4,KCR,0,LHH,1,Mid,Mid,high
0,1,0,0,0,0,1.1,2026-06-06,other,823697,15,home,573124,7,57,42.9,50.8,55.5,R,Taylor Rogers,MIN,4,KCR,0,LHH,0,Mid,Mid,high
1,1,2,1,2,1,0.2,2026-06-09,other,824267,17,away,573124,6,43.2,42.5,49.7,62.5,R,Taylor Rogers,MIN,4,DET,2,LHH,2,Low,Low,high
0,2,0,0,0,0,1,2026-06-10,other,824266,14,away,573124,4,43.2,42.5,49.7,62.5,R,Taylor Rogers,MIN,3,DET,0,LHH,0,Low,Low,medium
0,2,2,2,2,0,0.2,2026-06-12,hold,823695,22,home,573124,7,41,40.4,42.1,44.7,R,Taylor Rogers,MIN,4,STL,0,,0,Low,Low,high
0,1,0,0,0,0,0.1,2026-06-15,other,822887,6,away,573124,5,36.6,27.1,36.4,46.9,R,Taylor Rogers,MIN,1,TEX,0,LHH,1,Low,Low,medium
1,0,0,1,0,0,0.1,2026-06-18,other,822889,15,away,573124,7,36.6,27.1,36.4,46.9,R,Taylor Rogers,MIN,3,TEX,0,RHH,0,Low,Low,medium
1,1,0,0,0,0,1.1,2026-06-22,other,823692,17,home,573124,7,68.3,95.7,82.8,78.2,R,Taylor Rogers,MIN,4,LAD,0,RHH,0,High,High,high
5,0,5,2,5,1,1,2026-06-23,other,823690,38,home,573124,9,68.3,95.7,82.8,78.2,R,Taylor Rogers,MIN,10,LAD,0,RHH,0,High,High,high
0,1,0,1,0,0,0.2,2026-06-27,other,823689,9,home,573124,6,34.5,31.8,26.1,13.5,R,Taylor Rogers,MIN,3,COL,0,RHH,2,Low,Low,high
0,1,0,0,0,0,1,2026-07-01,other,824174,15,away,573124,8,38.5,45.2,48.8,60.3,R,Taylor Rogers,MIN,3,HOU,0,RHH,0,Low,Low,high
0,0,0,0,0,0,0.2,2026-07-04,other,823526,12,away,573124,6,38.8,75.1,66.4,76,R,Taylor Rogers,MIN,3,NYY,0,RHH,3,Low,High,high
0,1,0,1,0,0,0.2,2026-07-07,hold,823687,17,home,573124,9,50,36.8,42.8,44.4,R,Taylor Rogers,MIN,3,CLE,0,LHH,0,Mid,Low,high
2,2,0,0,0,0,0.2,2026-07-08,other,823684,15,home,573124,7,50,36.8,42.8,44.4,R,Taylor Rogers,MIN,5,CLE,2,LHH,2,Mid,Low,high
0,0,0,0,0,0,0.1,2026-07-17,hold,824655,2,away,573124,7,62.9,82.6,69.2,58.4,R,Taylor Rogers,MIN,1,CHC,0,LHH,0,Mid,High,medium
2,0,1,1,1,0,1.1,2026-07-21,other,824409,28,away,573124,6,50,36.8,42.8,44.4,R,Taylor Rogers,MIN,7,CLE,1,LHH,2,Mid,Low,high
0,1,0,1,0,0,1,2026-07-23,other,824406,13,away,573124,11,50,36.8,42.8,44.4,R,Taylor Rogers,MIN,4,CLE,0,,0,Mid,Low,high
1,2,0,1,0,0,2,2026-07-25,other,823679,30,home,573124,5,42.3,37.3,48.1,64.7,R,Taylor Rogers,MIN,8,ATH,0,LHH,0,Low,Low,medium
1,1,0,1,0,0,1,2026-07-30,other,823674,27,home,573124,7,57,42.9,50.8,55.5,R,Taylor Rogers,MIN,5,KCR,0,RHH,0,Mid,Mid,medium
1,0,0,1,0,0,1,2026-08-01,other,823109,14,away,573124,8,43.3,45.2,49.2,57.9,R,Taylor Rogers,MIN,5,SEA,0,RHH,0,Low,Low,high
2,0,1,1,1,0,0.1,2026-08-04,other,824084,14,away,573124,8,57,42.9,50.8,55.5,R,Taylor Rogers,MIN,4,KCR,2,,2,Mid,Mid,high
3,1,2,0,2,0,1,2026-08-10,other,823675,30,home,573124,9,31.6,69.3,61.4,73.6,R,Taylor Rogers,MIN,7,BAL,0,RHH,0,Low,Mid,high
0,2,0,1,0,0,1,2026-08-11,other,823673,18,home,573124,9,31.6,69.3,61.4,73.6,R,Taylor Rogers,MIN,4,BAL,0,,0,Low,Mid,high
0,1,0,0,0,0,1.1,2026-03-28,other,822838,11,home,667297,7,42.3,37.3,48.1,64.7,R,Tommy Nance,MIN,4,ATH,0,RHH,0,Low,Low,medium
1,1,0,0,0,0,0.2,2026-03-29,hold,822837,9,home,667297,8,42.3,37.3,48.1,64.7,R,Tommy Nance,MIN,3,ATH,0,LHH,0,Low,Low,high
1,1,1,2,1,0,0.1,2026-04-01,blown_save,822835,16,home,667297,8,34.5,31.8,26.1,13.5,R,Tommy Nance,MIN,4,COL,0,,0,Low,Low,high
0,1,0,0,0,0,1.2,2026-04-04,other,824622,20,away,667297,6,32.2,45.8,54.2,79.5,R,Tommy Nance,MIN,5,CHW,0,,0,Low,Mid,medium
6,3,4,0,4,1,1.1,2026-04-06,other,822832,36,home,667297,6,68.3,95.7,82.8,78.2,R,Tommy Nance,MIN,10,LAD,2,,2,High,High,high
1,1,0,0,0,0,0.2,2026-04-10,other,822829,10,home,667297,5,39.7,33.8,47.1,67.6,R,Tommy Nance,MIN,3,MIN,0,LHH,0,Low,Low,medium
0,1,0,0,0,0,1,2026-04-12,other,822828,8,home,667297,5,39.7,33.8,47.1,67.6,R,Tommy Nance,MIN,3,MIN,0,LHH,0,Low,Low,low
1,0,1,2,1,0,0.2,2026-04-16,other,823801,16,away,667297,6,67.4,75.3,66.3,55.3,R,Tommy Nance,MIN,5,MIL,0,RHH,0,High,High,medium
0,0,0,0,0,0,1,2026-04-19,other,825100,8,away,667297,8,58.2,31.7,40.5,37.8,R,Tommy Nance,MIN,3,ARI,0,LHH,0,Mid,Low,high
1,2,2,1,2,0,1.1,2026-04-22,other,824044,24,away,667297,6,22.6,13.1,27.4,47.2,R,Tommy Nance,MIN,6,LAA,0,RHH,0,Low,Low,medium
0,3,0,0,0,0,1,2026-04-24,other,822827,13,home,667297,7,50,36.8,42.8,44.4,R,Tommy Nance,MIN,3,CLE,0,LHH,0,Mid,Low,high
0,0,0,1,0,0,1,2026-04-27,other,822825,16,home,667297,9,43,41.3,32.9,16,R,Tommy Nance,MIN,4,BOS,0,LHH,0,Low,Low,high
1,0,0,0,0,0,0.2,2026-04-29,other,822821,7,home,667297,7,43,41.3,32.9,16,R,Tommy Nance,MIN,3,BOS,0,RHH,0,Low,Low,medium
0,3,0,0,0,0,1.1,2026-04-30,other,823714,18,away,667297,6,39.7,33.8,47.1,67.6,R,Tommy Nance,MIN,4,MIN,0,LHH,1,Low,Low,medium
0,2,0,0,0,0,1.1,2026-05-03,other,823711,14,away,667297,6,39.7,33.8,47.1,67.6,R,Tommy Nance,MIN,4,MIN,0,RHH,0,Low,Low,medium
1,1,0,0,0,0,1,2026-05-04,other,822984,13,away,667297,7,77.8,34.8,51.2,51,R,Tommy Nance,MIN,3,TBR,0,RHH,0,High,Mid,medium
3,1,0,0,0,0,1,2026-05-09,other,822820,9,home,667297,9,22.6,13.1,27.4,47.2,R,Tommy Nance,MIN,5,LAA,0,RHH,0,Low,Low,high
0,0,0,0,0,0,1,2026-05-10,other,822819,8,home,667297,4,22.6,13.1,27.4,47.2,R,Tommy Nance,MIN,3,LAA,0,RHH,0,Low,Low,medium
0,3,1,2,1,0,1.2,2026-05-12,other,822817,32,home,667297,5,77.8,34.8,51.2,51,R,Tommy Nance,MIN,7,TBR,0,,1,High,Mid,medium
0,1,0,0,0,0,1,2026-05-16,other,824278,20,away,667297,7,43.2,42.5,49.7,62.5,R,Tommy Nance,MIN,3,DET,0,,0,Low,Low,high
2,1,0,0,0,0,1,2026-06-08,other,822806,11,home,667297,9,32.1,30.7,33.4,37.3,R,Tommy Nance,MIN,4,PHI,0,,0,Low,Low,high
1,0,0,0,0,0,1,2026-06-10,other,822804,16,home,667297,5,32.1,30.7,33.4,37.3,R,Tommy Nance,MIN,4,PHI,0,,0,Low,Low,low
1,0,2,1,2,1,0.1,2026-06-14,other,822801,9,home,667297,9,38.8,75.1,66.4,76,R,Tommy Nance,MIN,3,NYY,1,RHH,1,Low,High,high
2,1,1,1,1,1,0.2,2026-06-16,other,824750,16,away,667297,8,43,41.3,32.9,16,R,Tommy Nance,MIN,5,BOS,0,RHH,0,Low,Low,high
1,0,0,0,0,0,0.2,2026-06-18,other,824748,14,away,667297,8,43,41.3,32.9,16,R,Tommy Nance,MIN,3,BOS,0,RHH,0,Low,Low,high
0,0,0,0,0,0,1.1,2026-06-19,other,824663,19,away,667297,4,62.9,82.6,69.2,58.4,R,Tommy Nance,MIN,5,CHC,0,RHH,0,Mid,High,low
0,1,0,1,0,0,1.1,2026-06-23,other,822799,17,home,667297,4,38.5,45.2,48.8,60.3,R,Tommy Nance,MIN,5,HOU,0,,2,Low,Low,low
0,1,0,0,0,0,1,2026-06-24,other,822798,12,home,667297,6,38.5,45.2,48.8,60.3,R,Tommy Nance,MIN,3,HOU,0,RHH,1,Low,Low,medium
2,2,0,0,0,0,1,2026-06-27,other,822794,11,home,667297,7,36.6,27.1,36.4,46.9,R,Tommy Nance,MIN,5,TEX,0,RHH,0,Low,Low,medium
1,2,1,1,0,0,1.2,2026-06-30,other,822793,32,home,667297,8,30.6,40,42.5,53.8,R,Tommy Nance,MIN,7,NYM,0,LHH,0,Low,Low,high
2,1,1,0,1,1,0.1,2026-07-04,other,823118,13,away,667297,6,43.3,45.2,49.2,57.9,R,Tommy Nance,MIN,3,SEA,2,LHH,2,Low,Low,high
1,0,1,1,1,1,1.2,2026-07-06,other,823205,18,away,667297,6,35.1,17.2,38.2,64.4,R,Tommy Nance,MIN,7,SFG,2,RHH,2,Low,Low,high
2,2,1,0,1,0,1,2026-07-11,blown_save,823682,27,home,667297,7,22.6,13.1,27.4,47.2,R,Tommy Nance,MIN,5,LAA,0,RHH,0,Low,Low,high
1,1,0,1,0,0,1.1,2026-07-17,hold,824655,25,away,667297,6,62.9,82.6,69.2,58.4,R,Tommy Nance,MIN,6,CHC,1,,1,Mid,High,medium
2,2,1,2,1,0,1,2026-07-20,other,824410,36,away,667297,6,50,36.8,42.8,44.4,R,Tommy Nance,MIN,7,CLE,0,LHH,0,Mid,Low,low
0,1,0,0,0,0,1,2026-07-23,other,824406,13,away,667297,10,50,36.8,42.8,44.4,R,Tommy Nance,MIN,3,CLE,0,LHH,0,Mid,Low,high
1,0,0,0,0,0,1,2026-07-25,hold,823679,13,home,667297,7,42.3,37.3,48.1,64.7,R,Tommy Nance,MIN,4,ATH,0,,0,Low,Low,high
0,0,0,1,0,0,1,2026-07-26,hold,823678,15,home,667297,7,42.3,37.3,48.1,64.7,R,Tommy Nance,MIN,4,ATH,3,LHH,3,Low,Low,high
0,1,0,0,0,0,0.2,2026-07-31,hold,823111,11,away,667297,7,43.3,45.2,49.2,57.9,R,Tommy Nance,MIN,2,SEA,0,,0,Low,Low,high
0,1,0,1,0,0,0.2,2026-08-01,other,823109,16,away,667297,7,43.3,45.2,49.2,57.9,R,Tommy Nance,MIN,3,SEA,0,RHH,0,Low,Low,high
1,0,0,0,0,0,1,2026-08-05,other,824082,7,away,667297,6,57,42.9,50.8,55.5,R,Tommy Nance,MIN,3,KCR,0,RHH,0,Mid,Mid,medium
1,1,0,0,0,0,0.2,2026-08-07,hold,823750,24,away,667297,6,67.4,75.3,66.3,55.3,R,Tommy Nance,MIN,3,MIL,0,LHH,0,High,High,medium
1,1,0,0,0,0,1,2026-08-09,other,823751,11,away,667297,6,67.4,75.3,66.3,55.3,R,Tommy Nance,MIN,4,MIL,0,LHH,1,High,High,medium
1,2,0,0,0,0,1,2026-08-11,other,823673,18,home,667297,8,31.6,69.3,61.4,73.6,R,Tommy Nance,MIN,4,BAL,0,RHH,0,Low,Mid,high
4,2,2,2,2,0,1.1,2026-05-10,other,824440,43,away,701519,5,50,36.8,42.8,44.4,R,Travis Adams,MIN,10,CLE,0,LHH,0,Mid,Low,low
2,3,1,0,1,0,2.1,2026-05-13,other,823710,29,home,701519,4,40.1,39.3,48.6,65.4,R,Travis Adams,MIN,10,MIA,2,,2,Low,Low,low
0,1,0,0,0,0,2,2026-05-19,other,823704,19,home,701519,8,38.5,45.2,48.8,60.3,R,Travis Adams,MIN,6,HOU,0,RHH,0,Low,Low,high
0,3,0,1,0,0,2,2026-05-22,other,824761,29,away,701519,5,43,41.3,32.9,16,R,Travis Adams,MIN,7,BOS,0,,0,Low,Low,medium
0,0,0,0,0,0,0.1,2026-05-24,save,824759,1,away,701519,9,43,41.3,32.9,16,R,Travis Adams,MIN,1,BOS,0,RHH,2,Low,Low,high
4,2,5,2,5,2,1,2026-05-27,other,824596,33,away,701519,7,32.2,45.8,54.2,79.5,R,Travis Adams,MIN,9,CHW,0,LHH,0,Low,Mid,medium
0,1,0,0,0,0,1,2026-05-28,other,824595,12,away,701519,5,32.2,45.8,54.2,79.5,R,Travis Adams,MIN,3,CHW,0,RHH,0,Low,Mid,low
2,1,2,0,2,1,1,2026-06-01,other,823702,19,home,701519,9,32.2,45.8,54.2,79.5,R,Travis Adams,MIN,5,CHW,0,LHH,0,Low,Mid,high
2,0,1,0,1,0,1,2026-06-05,save,823699,16,home,701519,9,57,42.9,50.8,55.5,R,Travis Adams,MIN,5,KCR,0,LHH,0,Mid,Mid,high
1,3,0,1,0,0,1.1,2026-06-10,hold,824266,31,away,701519,6,43.2,42.5,49.7,62.5,R,Travis Adams,MIN,6,DET,0,LHH,0,Low,Low,medium
2,1,1,1,1,1,2.1,2026-06-13,other,823694,37,home,701519,7,41,40.4,42.1,44.7,R,Travis Adams,MIN,9,STL,2,RHH,2,Low,Low,high
0,3,0,0,0,0,1,2026-06-16,other,822888,13,away,701519,8,36.6,27.1,36.4,46.9,R,Travis Adams,MIN,3,TEX,0,RHH,0,Low,Low,high
4,4,3,1,3,0,1.1,2026-06-19,other,825069,42,away,701519,7,58.2,31.7,40.5,37.8,R,Travis Adams,MIN,9,ARI,0,RHH,0,Mid,Low,medium
0,4,0,1,0,0,2,2026-06-23,other,823690,30,home,701519,7,68.3,95.7,82.8,78.2,R,Travis Adams,MIN,7,LAD,1,RHH,2,High,High,high
1,1,2,2,2,1,1.2,2026-06-29,other,824176,35,away,701519,8,38.5,45.2,48.8,60.3,R,Travis Adams,MIN,7,HOU,0,RHH,0,Low,Low,high
3,1,0,1,0,0,1,2026-07-04,other,823526,19,away,701519,5,38.8,75.1,66.4,76,R,Travis Adams,MIN,7,NYY,1,LHH,2,Low,High,medium
0,1,0,1,0,0,1,2026-07-08,other,823684,20,home,701519,6,50,36.8,42.8,44.4,R,Travis Adams,MIN,4,CLE,0,LHH,0,Mid,Low,medium
0,1,0,0,0,0,1,2026-07-10,other,823685,12,home,701519,9,22.6,13.1,27.4,47.2,R,Travis Adams,MIN,3,LAA,0,LHH,0,Low,Low,high
1,2,0,1,0,0,3,2026-07-19,other,824653,45,away,701519,4,62.9,82.6,69.2,58.4,R,Travis Adams,MIN,10,CHC,1,LHH,2,Mid,High,low
1,0,0,0,0,0,2,2026-07-22,other,824408,27,away,701519,6,50,36.8,42.8,44.4,R,Travis Adams,MIN,7,CLE,0,LHH,0,Mid,Low,medium
0,2,0,0,0,0,1,2026-07-24,other,823680,14,home,701519,8,42.3,37.3,48.1,64.7,R,Travis Adams,MIN,3,ATH,0,RHH,0,Low,Low,high
3,0,2,0,2,0,1,2026-07-26,other,823678,15,home,701519,9,42.3,37.3,48.1,64.7,R,Travis Adams,MIN,6,ATH,0,LHH,0,Low,Low,high
0,1,0,1,0,0,0.2,2026-07-28,other,823676,11,home,701519,8,57,42.9,50.8,55.5,R,Travis Adams,MIN,3,KCR,0,RHH,0,Mid,Mid,high
1,1,0,1,0,0,0.1,2026-08-01,other,823109,11,away,701519,6,43.3,45.2,49.2,57.9,R,Travis Adams,MIN,3,SEA,0,RHH,0,Low,Low,medium
1,0,2,1,2,0,0.2,2026-08-04,other,824084,20,away,701519,8,57,42.9,50.8,55.5,R,Travis Adams,MIN,4,KCR,0,,0,Mid,Mid,high
0,3,0,0,0,0,1,2026-08-08,other,823752,15,away,701519,6,67.4,75.3,66.3,55.3,R,Travis Adams,MIN,3,MIL,0,RHH,0,High,High,medium
3,1,2,0,2,0,1,2026-08-10,other,823675,21,home,701519,8,31.6,69.3,61.4,73.6,R,Travis Adams,MIN,6,BAL,0,LHH,0,Low,Mid,high
2,1,0,1,0,0,2,2026-03-26,other,823081,28,away,672782,7,41,40.4,42.1,44.7,R,Yoendrys Gómez,MIN,9,STL,0,,0,Low,Low,high
1,2,1,2,1,1,2,2026-03-31,other,823807,30,away,672782,7,67.4,75.3,66.3,55.3,R,Yoendrys Gómez,MIN,9,MIL,0,LHH,0,High,High,medium
1,1,1,0,1,1,1.2,2026-04-03,other,823732,23,away,672782,7,39.7,33.8,47.1,67.6,R,Yoendrys Gómez,MIN,6,MIN,3,LHH,3,Low,Low,high
6,1,4,1,4,2,3,2026-04-07,other,822999,58,home,672782,7,62.9,82.6,69.2,58.4,R,Yoendrys Gómez,MIN,16,CHC,0,,0,Mid,High,medium
2,1,2,1,2,1,1.2,2026-04-14,other,824616,30,away,672782,8,32.2,45.8,54.2,79.5,R,Yoendrys Gómez,MIN,8,CHW,0,LHH,0,Low,Mid,high
2,3,2,2,2,0,2,2026-04-17,other,823397,44,away,672782,7,33.5,60.7,62.1,84.2,R,Yoendrys Gómez,MIN,10,PIT,0,,0,Low,Mid,high
1,1,1,1,0,0,1,2026-04-18,save,823394,16,away,672782,13,33.5,60.7,62.1,84.2,R,Yoendrys Gómez,MIN,5,PIT,0,RHH,0,Low,Mid,high
2,2,2,2,2,0,2,2026-04-21,other,822995,40,home,672782,7,32.7,40.9,35.4,31,R,Yoendrys Gómez,MIN,11,CIN,0,RHH,0,Low,Low,medium
2,1,0,0,0,0,2,2026-04-29,other,824445,29,away,672782,7,50,36.8,42.8,44.4,R,Yoendrys Gómez,MIN,8,CLE,0,LHH,0,Mid,Low,high
0,0,0,0,0,0,0.1,2026-05-08,other,824443,2,away,672782,8,50,36.8,42.8,44.4,R,Yoendrys Gómez,MIN,1,CLE,0,LHH,3,Mid,Low,high
0,0,0,0,0,0,0.1,2026-05-09,other,824444,5,away,672782,8,50,36.8,42.8,44.4,R,Yoendrys Gómez,MIN,1,CLE,0,RHH,0,Mid,Low,high
0,0,0,0,0,0,1,2026-05-10,save,824440,10,away,672782,9,50,36.8,42.8,44.4,R,Yoendrys Gómez,MIN,3,CLE,0,LHH,0,Mid,Low,high
0,1,0,0,0,0,0.1,2026-05-15,other,823707,7,home,672782,9,67.4,75.3,66.3,55.3,R,Yoendrys Gómez,MIN,1,MIL,0,RHH,0,High,High,high
0,0,0,0,0,0,1,2026-05-16,other,823706,11,home,672782,9,67.4,75.3,66.3,55.3,R,Yoendrys Gómez,MIN,4,MIL,0,,0,High,High,high
0,0,0,2,0,0,0.1,2026-05-18,hold,823705,11,home,672782,9,38.5,45.2,48.8,60.3,R,Yoendrys Gómez,MIN,3,HOU,0,RHH,0,Low,Low,high
1,5,0,0,0,0,2,2026-05-20,hold,823703,36,home,672782,7,38.5,45.2,48.8,60.3,R,Yoendrys Gómez,MIN,7,HOU,0,RHH,0,Low,Low,medium
0,1,0,0,0,0,1,2026-05-22,hold,824761,13,away,672782,7,43,41.3,32.9,16,R,Yoendrys Gómez,MIN,3,BOS,0,RHH,0,Low,Low,high
2,2,1,1,1,0,1.1,2026-05-24,hold,824759,22,away,672782,8,43,41.3,32.9,16,R,Yoendrys Gómez,MIN,7,BOS,0,,2,Low,Low,high
1,1,1,0,0,0,1,2026-05-26,save,824597,18,away,672782,11,32.2,45.8,54.2,79.5,R,Yoendrys Gómez,MIN,4,CHW,0,RHH,0,Low,Mid,high
1,2,0,0,0,0,1,2026-05-28,other,824595,17,away,672782,8,32.2,45.8,54.2,79.5,R,Yoendrys Gómez,MIN,4,CHW,0,RHH,0,Low,Mid,high
0,1,0,1,0,0,0.2,2026-05-29,hold,823377,14,away,672782,6,33.5,60.7,62.1,84.2,R,Yoendrys Gómez,MIN,3,PIT,0,RHH,1,Low,Mid,medium
1,1,0,0,0,0,1,2026-06-01,other,823702,15,home,672782,8,32.2,45.8,54.2,79.5,R,Yoendrys Gómez,MIN,4,CHW,0,LHH,0,Low,Mid,high
0,2,0,0,0,0,1.1,2026-06-02,save,823700,15,home,672782,8,32.2,45.8,54.2,79.5,R,Yoendrys Gómez,MIN,4,CHW,0,RHH,2,Low,Mid,high
0,2,0,1,0,0,0.2,2026-06-04,other,823698,18,home,672782,8,57,42.9,50.8,55.5,R,Yoendrys Gómez,MIN,3,KCR,0,LHH,0,Mid,Mid,high
0,0,0,1,0,0,0.2,2026-06-06,other,823697,14,home,672782,8,57,42.9,50.8,55.5,R,Yoendrys Gómez,MIN,3,KCR,0,RHH,0,Mid,Mid,high
2,1,1,1,1,0,1,2026-06-10,save,824266,27,away,672782,9,43.2,42.5,49.7,62.5,R,Yoendrys Gómez,MIN,6,DET,0,,0,Low,Low,high
3,0,1,0,1,0,0.1,2026-06-12,other,823695,15,home,672782,8,41,40.4,42.1,44.7,R,Yoendrys Gómez,MIN,4,STL,0,RHH,0,Low,Low,high
0,1,0,0,0,0,1,2026-06-14,save,823693,10,home,672782,9,41,40.4,42.1,44.7,R,Yoendrys Gómez,MIN,3,STL,0,LHH,0,Low,Low,high
0,1,0,0,0,0,1.1,2026-06-15,save,822887,15,away,672782,8,36.6,27.1,36.4,46.9,R,Yoendrys Gómez,MIN,4,TEX,0,RHH,1,Low,Low,high
0,1,0,0,0,0,1,2026-06-20,other,825068,7,away,672782,9,58.2,31.7,40.5,37.8,R,Yoendrys Gómez,MIN,3,ARI,0,RHH,0,Mid,Low,high
0,0,0,1,0,0,1,2026-06-21,hold,825067,20,away,672782,8,58.2,31.7,40.5,37.8,R,Yoendrys Gómez,MIN,4,ARI,0,,0,Mid,Low,high
0,0,0,0,0,0,1,2026-06-24,other,823691,10,home,672782,8,68.3,95.7,82.8,78.2,R,Yoendrys Gómez,MIN,3,LAD,0,LHH,0,High,High,high
0,0,0,0,0,0,1,2026-06-28,save,823686,4,home,672782,9,34.5,31.8,26.1,13.5,R,Yoendrys Gómez,MIN,3,COL,0,LHH,1,Low,Low,high
1,0,1,0,1,1,0.1,2026-06-29,save,824176,7,away,672782,9,38.5,45.2,48.8,60.3,R,Yoendrys Gómez,MIN,2,HOU,0,,0,Low,Low,high
1,1,0,0,0,0,1,2026-07-01,other,824174,18,away,672782,9,38.5,45.2,48.8,60.3,R,Yoendrys Gómez,MIN,5,HOU,0,RHH,0,Low,Low,high
2,0,1,0,1,0,1,2026-07-05,other,823525,14,away,672782,9,38.8,75.1,66.4,76,R,Yoendrys Gómez,MIN,4,NYY,0,LHH,0,Low,High,high
0,1,0,0,0,0,0.1,2026-07-07,save,823687,3,home,672782,9,50,36.8,42.8,44.4,R,Yoendrys Gómez,MIN,1,CLE,0,RHH,1,Mid,Low,high
0,0,0,1,0,0,1,2026-07-08,other,823684,19,home,672782,9,50,36.8,42.8,44.4,R,Yoendrys Gómez,MIN,4,CLE,0,LHH,0,Mid,Low,high
1,1,0,1,0,0,1,2026-07-11,save,823682,18,home,672782,9,22.6,13.1,27.4,47.2,R,Yoendrys Gómez,MIN,5,LAA,0,RHH,0,Low,Low,high
0,1,0,1,0,0,1,2026-07-17,save,824655,22,away,672782,9,62.9,82.6,69.2,58.4,R,Yoendrys Gómez,MIN,4,CHC,0,,0,Mid,High,high
2,1,1,0,1,0,1,2026-07-22,other,824408,14,away,672782,9,50,36.8,42.8,44.4,R,Yoendrys Gómez,MIN,5,CLE,0,LHH,0,Mid,Low,high
0,2,0,2,0,0,1,2026-07-23,other,824406,22,away,672782,9,50,36.8,42.8,44.4,R,Yoendrys Gómez,MIN,5,CLE,0,LHH,0,Mid,Low,high
0,1,0,0,0,0,1,2026-07-25,save,823679,8,home,672782,9,42.3,37.3,48.1,64.7,R,Yoendrys Gómez,MIN,3,ATH,0,LHH,0,Low,Low,high
2,1,0,0,0,0,1,2026-07-30,other,823674,21,home,672782,9,57,42.9,50.8,55.5,R,Yoendrys Gómez,MIN,5,KCR,0,LHH,0,Mid,Mid,high
0,1,0,2,0,0,1,2026-07-31,save,823111,25,away,672782,9,43.3,45.2,49.2,57.9,R,Yoendrys Gómez,MIN,5,SEA,0,LHH,0,Low,Low,high
3,1,1,0,1,0,0.1,2026-08-02,other,823107,19,away,672782,9,43.3,45.2,49.2,57.9,R,Yoendrys Gómez,MIN,4,SEA,0,LHH,0,Low,Low,high
0,2,0,1,0,0,1,2026-08-06,save,824080,18,away,672782,9,57,42.9,50.8,55.5,R,Yoendrys Gómez,MIN,3,KCR,0,LHH,0,Mid,Mid,high
0,1,0,0,0,0,1,2026-08-07,save,823750,12,away,672782,9,67.4,75.3,66.3,55.3,R,Yoendrys Gómez,MIN,3,MIL,0,LHH,0,High,High,high
1,1,1,1,0,0,0.1,2026-08-09,other,823751,9,away,672782,10,67.4,75.3,66.3,55.3,R,Yoendrys Gómez,MIN,3,MIL,0,LHH,0,High,High,high
1,0,1,1,1,1,1,2026-08-12,save,823672,11,home,672782,9,31.6,69.3,61.4,73.6,R,Yoendrys Gómez,MIN,4,BAL,0,LHH,0,Low,Mid,high
1,1,0,0,0,0,1,2026-05-17,other,824034,16,away,694646,9,22.6,13.1,27.4,47.2,R,Chayce McDermott,NYM,4,LAA,0,RHH,0,Low,Low,high
2,0,2,0,2,1,1.1,2026-06-21,other,823934,23,home,694646,7,31.6,69.3,61.4,73.6,R,Chayce McDermott,NYM,6,BAL,0,LHH,0,Low,Mid,medium
0,2,0,1,0,0,2,2026-08-05,other,824402,39,away,694646,8,50,36.8,42.8,44.4,R,Chayce McDermott,NYM,8,CLE,0,LHH,0,Mid,Low,high
2,1,2,1,2,1,1.1,2026-08-11,other,824886,29,away,694646,7,51.3,55.8,59,68.1,R,Chayce McDermott,NYM,7,ATL,0,RHH,2,Mid,Mid,high
1,1,0,0,0,0,2.1,2026-05-19,other,822736,28,away,650960,6,43.7,67,67.7,85.6,R,Daniel Duarte,NYM,7,WSN,0,LHH,1,Low,High,medium
0,1,0,0,0,0,1,2026-06-13,other,823616,13,home,650960,9,51.3,55.8,59,68.1,R,Daniel Duarte,NYM,3,ATL,0,RHH,0,Mid,Mid,high
0,1,0,1,0,0,1.2,2026-06-14,other,823615,15,home,650960,6,51.3,55.8,59,68.1,R,Daniel Duarte,NYM,5,ATL,0,LHH,2,Mid,Mid,high
0,1,0,1,0,0,1.1,2026-07-22,other,823761,24,away,650960,7,67.4,75.3,66.3,55.3,R,Daniel Duarte,NYM,5,MIL,0,RHH,1,High,High,high
1,2,0,0,0,0,2,2026-07-25,other,823600,26,home,650960,7,68.3,95.7,82.8,78.2,R,Daniel Duarte,NYM,7,LAD,0,LHH,0,High,High,medium
0,3,0,0,0,0,2,2026-07-27,other,823597,24,home,650960,8,51.3,55.8,59,68.1,R,Daniel Duarte,NYM,6,ATL,0,RHH,0,Mid,Mid,high
2,2,0,0,0,0,1,2026-07-29,other,823598,27,home,650960,9,51.3,55.8,59,68.1,R,Daniel Duarte,NYM,5,ATL,0,RHH,0,Mid,Mid,high
3,1,2,0,2,1,1.1,2026-08-01,other,823594,29,home,650960,5,40.1,39.3,48.6,65.4,R,Daniel Duarte,NYM,7,MIA,0,RHH,1,Low,Low,medium
0,0,0,1,0,0,0.2,2026-08-04,hold,824403,16,away,650960,7,50,36.8,42.8,44.4,R,Daniel Duarte,NYM,4,CLE,0,LHH,0,Mid,Low,medium
0,0,0,1,0,0,1,2026-08-05,save,824402,14,away,650960,10,50,36.8,42.8,44.4,R,Daniel Duarte,NYM,4,CLE,0,LHH,0,Mid,Low,high
1,1,0,0,0,0,1,2026-08-07,other,823349,18,away,650960,8,33.5,60.7,62.1,84.2,R,Daniel Duarte,NYM,4,PIT,0,,0,Low,Mid,high
0,0,0,1,0,0,2,2026-08-10,other,824887,26,away,650960,7,51.3,55.8,59,68.1,R,Daniel Duarte,NYM,7,ATL,0,RHH,1,Mid,Mid,high
3,2,2,0,0,0,1,2026-08-05,blown_save,824402,20,away,673380,7,50,36.8,42.8,44.4,R,Dedniel Núñez,NYM,7,CLE,0,LHH,0,Mid,Low,high
3,0,2,0,2,0,1,2026-08-07,other,823349,14,away,673380,6,33.5,60.7,62.1,84.2,R,Dedniel Núñez,NYM,6,PIT,0,LHH,0,Low,Mid,low
3,1,3,0,3,2,0.1,2026-08-12,other,824883,11,away,673380,7,51.3,55.8,59,68.1,R,Dedniel Núñez,NYM,4,ATL,0,RHH,0,Mid,Mid,high
1,2,0,0,0,0,2,2026-08-09,other,823345,29,away,674073,8,33.5,60.7,62.1,84.2,R,Jack Weisenburger,NYM,7,PIT,0,,0,Low,Mid,high
1,1,0,0,0,0,1,2026-08-12,other,824883,15,away,674073,8,51.3,55.8,59,68.1,R,Jack Weisenburger,NYM,4,ATL,0,,0,Mid,Mid,high
2,2,0,1,0,0,1,2026-08-05,hold,824402,22,away,642376,6,50,36.8,42.8,44.4,R,Jefry Yan,NYM,6,CLE,0,RHH,0,Mid,Low,medium
1,0,0,1,0,0,1,2026-08-07,other,823349,15,away,642376,7,33.5,60.7,62.1,84.2,R,Jefry Yan,NYM,4,PIT,2,RHH,2,Low,Mid,high
0,0,1,3,1,0,0.2,2026-08-11,other,824886,25,away,642376,7,51.3,55.8,59,68.1,R,Jefry Yan,NYM,5,ATL,0,RHH,0,Mid,Mid,high
1,1,0,0,0,0,0.2,2026-08-12,other,824883,7,away,642376,7,51.3,55.8,59,68.1,R,Jefry Yan,NYM,3,ATL,1,LHH,1,Mid,Mid,medium
0,0,0,0,0,0,1,2026-05-23,other,823862,12,away,702752,8,40.1,39.3,48.6,65.4,R,Jonathan Pintaro,NYM,3,MIA,0,LHH,0,Low,Low,high
0,3,0,1,0,0,2.2,2026-05-25,other,823625,40,home,702752,6,32.7,40.9,35.4,31,R,Jonathan Pintaro,NYM,9,CIN,0,RHH,0,Low,Low,low
1,2,1,0,1,1,3,2026-06-10,other,823618,46,home,702752,7,41,40.4,42.1,44.7,R,Jonathan Pintaro,NYM,10,STL,0,RHH,0,Low,Low,medium
3,4,2,0,2,1,3.2,2026-06-15,other,824505,55,away,702752,2,32.7,40.9,35.4,31,R,Jonathan Pintaro,NYM,15,CIN,3,RHH,3,Low,Low,low
2,3,4,2,4,1,2,2026-06-24,other,823613,45,home,702752,7,62.9,82.6,69.2,58.4,R,Jonathan Pintaro,NYM,11,CHC,0,LHH,0,Mid,High,medium
1,3,0,2,0,0,2,2026-08-01,other,823594,43,home,702752,7,40.1,39.3,48.6,65.4,R,Jonathan Pintaro,NYM,9,MIA,0,LHH,0,Low,Low,medium
1,1,1,2,1,0,1,2026-08-10,other,824887,19,away,702752,5,51.3,55.8,59,68.1,R,Jonathan Pintaro,NYM,5,ATL,0,LHH,0,Mid,Mid,medium
4,4,2,1,2,1,5,2026-06-28,other,823608,80,home,673540,5,32.1,30.7,33.4,37.3,R,Kodai Senga,NYM,20,PHI,0,LHH,0,Low,Low,medium
2,4,1,0,1,1,2.2,2026-07-03,other,824904,44,away,673540,6,51.3,55.8,59,68.1,R,Kodai Senga,NYM,10,ATL,0,LHH,0,Mid,Mid,medium
5,4,4,4,4,1,3,2026-07-07,other,823607,61,home,673540,2,57,42.9,50.8,55.5,R,Kodai Senga,NYM,17,KCR,0,,0,Mid,Mid,medium
0,1,0,0,0,0,1,2026-07-10,other,823604,9,home,673540,8,43,41.3,32.9,16,R,Kodai Senga,NYM,3,BOS,0,LHH,0,Low,Low,high
3,2,2,3,2,0,1.1,2026-07-18,other,823441,45,away,673540,5,32.1,30.7,33.4,37.3,R,Kodai Senga,NYM,10,PHI,0,RHH,2,Low,Low,medium
0,0,0,1,0,0,1,2026-08-04,other,824403,18,away,673540,9,50,36.8,42.8,44.4,R,Kodai Senga,NYM,4,CLE,0,LHH,0,Mid,Low,high
0,2,0,0,0,0,1,2026-08-06,other,824401,14,away,673540,7,50,36.8,42.8,44.4,R,Kodai Senga,NYM,3,CLE,0,LHH,0,Mid,Low,medium
0,2,0,1,0,0,1,2026-08-10,save,824887,18,away,673540,9,51.3,55.8,59,68.1,R,Kodai Senga,NYM,4,ATL,0,LHH,0,Mid,Mid,high
0,1,0,1,0,0,1.1,2026-08-04,hold,824403,19,away,681320,7,50,36.8,42.8,44.4,R,Nate Lavender,NYM,4,CLE,0,LHH,2,Mid,Low,high
0,2,0,0,0,0,1,2026-08-06,hold,824401,15,away,681320,6,50,36.8,42.8,44.4,R,Nate Lavender,NYM,3,CLE,0,RHH,0,Mid,Low,medium
1,2,0,1,0,0,1,2026-08-10,hold,824887,18,away,681320,6,51.3,55.8,59,68.1,R,Nate Lavender,NYM,5,ATL,0,,0,Mid,Mid,medium
1,2,0,2,0,0,1.1,2026-03-29,other,823647,29,home,640455,7,33.5,60.7,62.1,84.2,R,Sean Manaea,NYM,7,PIT,0,LHH,0,Low,Mid,high
4,2,1,2,1,1,3.2,2026-04-02,other,823242,74,away,640455,5,35.1,17.2,38.2,64.4,R,Sean Manaea,NYM,17,SFG,1,RHH,1,Low,Low,medium
5,2,2,2,2,0,4,2026-04-08,other,823646,70,home,640455,6,58.2,31.7,40.5,37.8,R,Sean Manaea,NYM,18,ARI,0,RHH,0,Mid,Low,low
0,4,0,0,0,0,3,2026-04-12,other,823642,41,home,640455,7,42.3,37.3,48.1,64.7,R,Sean Manaea,NYM,9,ATH,0,RHH,0,Low,Low,high
6,2,5,1,5,1,4,2026-04-17,other,824693,72,away,640455,5,62.9,82.6,69.2,58.4,R,Sean Manaea,NYM,19,CHC,0,RHH,0,Mid,High,low
3,7,2,1,2,0,3.1,2026-04-24,other,823638,61,home,640455,6,34.5,31.8,26.1,13.5,R,Sean Manaea,NYM,15,COL,0,LHH,2,Low,Low,high
7,4,6,2,6,1,2.2,2026-04-29,other,823633,73,home,640455,4,43.7,67,67.7,85.6,R,Sean Manaea,NYM,18,WSN,3,RHH,3,Low,High,low
3,1,1,0,1,0,0.1,2026-05-06,other,824361,17,away,640455,9,34.5,31.8,26.1,13.5,R,Sean Manaea,NYM,5,COL,0,LHH,0,Low,Low,high
0,2,0,1,0,0,1,2026-05-10,other,825085,20,away,640455,8,58.2,31.7,40.5,37.8,R,Sean Manaea,NYM,4,ARI,0,RHH,0,Mid,Low,high
4,3,3,2,2,0,4,2026-05-17,other,823628,57,home,640455,6,38.8,75.1,66.4,76,R,Sean Manaea,NYM,19,NYY,2,,2,Low,High,high
4,3,1,0,1,0,3.2,2026-05-22,other,823863,65,away,640455,2,40.1,39.3,48.6,65.4,R,Sean Manaea,NYM,15,MIA,1,LHH,1,Low,Low,medium
3,6,1,2,1,0,3,2026-05-26,other,823624,68,home,640455,6,32.7,40.9,35.4,31,R,Sean Manaea,NYM,14,CIN,0,RHH,1,Low,Low,medium
1,4,1,1,1,1,5,2026-06-01,other,823131,63,away,640455,2,43.3,45.2,49.2,57.9,R,Sean Manaea,NYM,16,SEA,0,LHH,1,Low,Low,medium
4,3,2,1,2,1,4,2026-06-07,other,823291,66,away,640455,2,40.5,52.4,53.2,63.3,R,Sean Manaea,NYM,16,SDP,0,RHH,0,Low,Mid,medium
1,1,0,1,0,0,1,2026-03-25,other,823244,15,away,687396,8,35.1,17.2,38.2,64.4,R,Brent Headrick,NYY,5,SFG,0,RHH,0,Low,Low,high
1,1,0,0,0,0,0.2,2026-03-28,other,823241,14,away,687396,5,35.1,17.2,38.2,64.4,R,Brent Headrick,NYY,3,SFG,0,,1,Low,Low,medium
2,2,0,0,0,0,0.2,2026-03-30,other,823159,16,away,687396,7,43.3,45.2,49.2,57.9,R,Brent Headrick,NYY,4,SEA,0,,0,Low,Low,high
1,1,0,0,0,0,1,2026-03-31,other,823158,10,away,687396,8,43.3,45.2,49.2,57.9,R,Brent Headrick,NYY,4,SEA,0,RHH,0,Low,Low,high
0,2,0,0,0,0,1,2026-04-03,other,823568,10,home,687396,8,40.1,39.3,48.6,65.4,R,Brent Headrick,NYY,3,MIA,0,RHH,0,Low,Low,high
0,0,0,1,0,0,0.2,2026-04-04,other,823569,7,home,687396,8,40.1,39.3,48.6,65.4,R,Brent Headrick,NYY,3,MIA,0,LHH,1,Low,Low,high
0,3,0,2,0,0,1,2026-04-07,other,823567,22,home,687396,6,42.3,37.3,48.1,64.7,R,Brent Headrick,NYY,5,ATH,0,,1,Low,Low,medium
1,1,0,0,0,0,1,2026-04-08,other,823564,14,home,687396,8,42.3,37.3,48.1,64.7,R,Brent Headrick,NYY,4,ATH,0,,0,Low,Low,high
2,1,2,0,1,0,0.1,2026-04-10,other,822997,16,away,687396,6,77.8,34.8,51.2,51,R,Brent Headrick,NYY,4,TBR,0,RHH,0,High,Mid,medium
2,0,1,0,1,0,1,2026-04-12,other,822998,9,away,687396,8,77.8,34.8,51.2,51,R,Brent Headrick,NYY,5,TBR,0,RHH,0,High,Mid,high
1,0,0,1,0,0,1,2026-04-14,other,823562,17,home,687396,9,22.6,13.1,27.4,47.2,R,Brent Headrick,NYY,5,LAA,0,RHH,0,Low,Low,high
1,0,0,0,0,0,1,2026-04-15,other,823561,10,home,687396,8,22.6,13.1,27.4,47.2,R,Brent Headrick,NYY,3,LAA,0,RHH,0,Low,Low,high
0,1,0,0,0,0,1,2026-04-17,hold,823559,11,home,687396,7,57,42.9,50.8,55.5,R,Brent Headrick,NYY,3,KCR,0,RHH,2,Mid,Mid,high
1,1,0,0,0,0,0.2,2026-04-21,hold,824773,13,away,687396,7,43,41.3,32.9,16,R,Brent Headrick,NYY,3,BOS,0,RHH,2,Low,Low,high
2,0,1,0,1,0,1,2026-04-22,other,824774,26,away,687396,9,43,41.3,32.9,16,R,Brent Headrick,NYY,5,BOS,0,RHH,0,Low,Low,high
1,1,0,1,0,0,1,2026-04-28,hold,822908,19,away,687396,7,36.6,27.1,36.4,46.9,R,Brent Headrick,NYY,5,TEX,0,RHH,0,Low,Low,high
0,1,0,0,0,0,1.1,2026-04-29,other,822907,22,away,687396,5,36.6,27.1,36.4,46.9,R,Brent Headrick,NYY,4,TEX,0,LHH,2,Low,Low,medium
1,1,0,0,0,0,1.2,2026-05-03,hold,823555,16,home,687396,7,31.6,69.3,61.4,73.6,R,Brent Headrick,NYY,5,BAL,0,RHH,1,Low,Mid,high
0,3,0,0,0,0,1.1,2026-05-05,other,823553,14,home,687396,5,36.6,27.1,36.4,46.9,R,Brent Headrick,NYY,4,TEX,0,RHH,3,Low,Low,medium
0,1,0,1,0,0,1.1,2026-05-07,other,823551,18,home,687396,6,36.6,27.1,36.4,46.9,R,Brent Headrick,NYY,5,TEX,0,RHH,1,Low,Low,medium
1,1,1,1,1,1,1.1,2026-05-09,hold,823792,20,away,687396,7,67.4,75.3,66.3,55.3,R,Brent Headrick,NYY,6,MIL,0,LHH,0,High,High,high
2,1,1,0,1,1,0.2,2026-05-11,blown_save,824844,12,away,687396,7,31.6,69.3,61.4,73.6,R,Brent Headrick,NYY,4,BAL,2,RHH,2,Low,Mid,high
1,3,1,1,1,0,1.2,2026-05-16,other,823627,26,away,687396,5,30.6,40,42.5,53.8,R,Brent Headrick,NYY,7,NYM,1,,1,Low,Low,medium
1,2,0,0,0,0,1.1,2026-05-19,hold,823548,24,home,687396,7,54.7,7.6,29.4,36.4,R,Brent Headrick,NYY,5,TOR,0,,1,Mid,Low,high
0,1,0,0,0,0,1,2026-05-21,other,823545,12,home,687396,6,54.7,7.6,29.4,36.4,R,Brent Headrick,NYY,3,TOR,0,RHH,2,Mid,Low,high
2,0,0,0,0,0,0.1,2026-05-22,hold,823546,11,home,687396,7,77.8,34.8,51.2,51,R,Brent Headrick,NYY,3,TBR,0,LHH,0,High,Mid,high
1,0,0,0,0,0,0.2,2026-05-25,other,824107,8,away,687396,7,57,42.9,50.8,55.5,R,Brent Headrick,NYY,3,KCR,0,RHH,0,Mid,Mid,high
2,0,0,1,0,0,0.1,2026-05-29,other,825002,16,away,687396,7,42.3,37.3,48.1,64.7,R,Brent Headrick,NYY,4,ATH,0,,0,Low,Low,medium
0,4,0,1,0,0,1.2,2026-06-02,other,823541,32,home,687396,5,50,36.8,42.8,44.4,R,Brent Headrick,NYY,6,CLE,0,LHH,2,Mid,Low,medium
0,1,0,1,0,0,1,2026-06-04,other,823542,19,home,687396,7,50,36.8,42.8,44.4,R,Brent Headrick,NYY,4,CLE,0,RHH,0,Mid,Low,high
1,0,0,0,0,0,0.2,2026-06-07,other,823537,9,home,687396,7,43,41.3,32.9,16,R,Brent Headrick,NYY,2,BOS,0,RHH,1,Low,Low,high
0,1,1,1,1,0,0.2,2026-06-08,other,824427,17,away,687396,5,50,36.8,42.8,44.4,R,Brent Headrick,NYY,3,CLE,0,,2,Mid,Low,medium
1,0,0,0,0,0,1,2026-06-10,other,824428,12,away,687396,7,50,36.8,42.8,44.4,R,Brent Headrick,NYY,4,CLE,0,RHH,0,Mid,Low,medium
1,1,0,1,0,0,0.2,2026-06-12,other,822803,12,away,687396,6,54.7,7.6,29.4,36.4,R,Brent Headrick,NYY,4,TOR,0,,0,Mid,Low,medium
0,1,0,0,0,0,1,2026-06-14,other,822801,13,away,687396,7,54.7,7.6,29.4,36.4,R,Brent Headrick,NYY,3,TOR,0,RHH,0,Mid,Low,high
0,1,0,0,0,0,0.2,2026-06-17,other,823536,6,home,687396,8,32.2,45.8,54.2,79.5,R,Brent Headrick,NYY,2,CHW,0,,2,Low,Mid,high
0,0,0,1,0,0,1,2026-06-19,other,823534,17,home,687396,8,32.7,40.9,35.4,31,R,Brent Headrick,NYY,4,CIN,0,RHH,0,Low,Low,high
0,0,0,0,0,0,1,2026-06-21,other,823531,11,home,687396,7,32.7,40.9,35.4,31,R,Brent Headrick,NYY,3,CIN,0,RHH,0,Low,Low,high
2,1,0,0,0,0,1.2,2026-06-23,hold,824262,22,away,687396,7,43.2,42.5,49.7,62.5,R,Brent Headrick,NYY,6,DET,0,LHH,0,Low,Low,high
0,3,0,1,0,0,1,2026-06-27,other,824745,17,away,687396,6,43,41.3,32.9,16,R,Brent Headrick,NYY,4,BOS,0,RHH,1,Low,Low,medium
1,0,0,0,0,0,1,2026-06-29,other,823529,9,home,687396,9,43.2,42.5,49.7,62.5,R,Brent Headrick,NYY,4,DET,0,,0,Low,Low,high
0,1,0,0,0,0,1.1,2026-07-01,other,823530,12,home,687396,8,43.2,42.5,49.7,62.5,R,Brent Headrick,NYY,4,DET,0,RHH,0,Low,Low,high
0,2,0,0,0,0,1,2026-07-03,hold,823527,12,home,687396,6,39.7,33.8,47.1,67.6,R,Brent Headrick,NYY,3,MIN,0,RHH,0,Low,Low,medium
0,2,0,0,0,0,1,2026-07-04,other,823526,14,home,687396,9,39.7,33.8,47.1,67.6,R,Brent Headrick,NYY,4,MIN,0,RHH,0,Low,Low,high
0,2,0,0,0,0,1,2026-07-07,other,822956,11,away,687396,8,77.8,34.8,51.2,51,R,Brent Headrick,NYY,3,TBR,0,RHH,0,High,Mid,high
3,3,1,0,1,0,1.2,2026-07-09,hold,822954,25,away,687396,5,77.8,34.8,51.2,51,R,Brent Headrick,NYY,8,TBR,0,RHH,2,High,Mid,low
2,1,0,1,0,0,0.1,2026-07-11,other,822711,25,away,687396,7,43.7,67,67.7,85.6,R,Brent Headrick,NYY,4,WSN,0,LHH,0,Low,High,high
0,1,0,0,0,0,1,2026-07-17,other,823524,11,home,687396,7,68.3,95.7,82.8,78.2,R,Brent Headrick,NYY,3,LAD,0,LHH,0,High,High,high
0,3,0,0,0,0,2,2026-07-19,hold,823521,22,home,687396,6,68.3,95.7,82.8,78.2,R,Brent Headrick,NYY,6,LAD,0,RHH,0,High,High,medium
0,2,0,0,0,0,1,2026-07-20,hold,823522,12,home,687396,7,33.5,60.7,62.1,84.2,R,Brent Headrick,NYY,3,PIT,0,RHH,0,Low,Mid,medium
0,3,0,0,0,0,1,2026-07-22,other,823518,15,home,687396,8,33.5,60.7,62.1,84.2,R,Brent Headrick,NYY,3,PIT,0,RHH,0,Low,Mid,high
1,0,0,0,0,0,0.2,2026-07-24,hold,823434,20,away,687396,8,32.1,30.7,33.4,37.3,R,Brent Headrick,NYY,3,PHI,0,RHH,2,Low,Low,high
2,1,0,0,0,0,1.1,2026-07-27,other,824570,14,away,687396,6,32.2,45.8,54.2,79.5,R,Brent Headrick,NYY,5,CHW,0,LHH,0,Low,Mid,medium
1,0,0,0,0,0,1,2026-07-28,hold,824569,5,away,687396,8,32.2,45.8,54.2,79.5,R,Brent Headrick,NYY,4,CHW,0,,0,Low,Mid,high
0,2,0,1,0,0,1,2026-07-30,other,824568,18,away,687396,8,32.2,45.8,54.2,79.5,R,Brent Headrick,NYY,4,CHW,0,RHH,0,Low,Mid,high
2,0,1,0,1,0,0.1,2026-08-01,other,824649,11,away,687396,7,62.9,82.6,69.2,58.4,R,Brent Headrick,NYY,2,CHC,1,,1,Mid,High,high
0,3,0,0,0,0,1.1,2026-08-02,hold,824648,20,away,687396,6,62.9,82.6,69.2,58.4,R,Brent Headrick,NYY,4,CHC,0,RHH,3,Mid,High,high
1,1,0,1,0,0,1,2026-08-04,hold,823517,18,home,687396,7,41,40.4,42.1,44.7,R,Brent Headrick,NYY,5,STL,0,LHH,1,Low,Low,high
2,2,0,0,0,0,0.2,2026-08-07,other,823515,19,home,687396,8,51.3,55.8,59,68.1,R,Brent Headrick,NYY,4,ATL,0,,0,Mid,Mid,high
2,0,1,0,1,1,0.2,2026-08-08,hold,823514,19,home,687396,8,51.3,55.8,59,68.1,R,Brent Headrick,NYY,4,ATL,0,LHH,0,Mid,Mid,high
0,2,0,0,0,0,1,2026-08-11,hold,823512,9,home,687396,8,43.3,45.2,49.2,57.9,R,Brent Headrick,NYY,3,SEA,0,RHH,0,Low,Low,high
0,3,0,0,0,0,1,2026-08-12,other,823511,15,home,687396,8,43.3,45.2,49.2,57.9,R,Brent Headrick,NYY,3,SEA,0,LHH,0,Low,Low,high
0,0,0,1,0,0,1,2026-03-27,save,823243,19,away,670280,9,35.1,17.2,38.2,64.4,R,David Bednar,NYY,4,SFG,0,,0,Low,Low,high
1,1,0,1,0,0,1,2026-03-28,save,823241,20,away,670280,9,35.1,17.2,38.2,64.4,R,David Bednar,NYY,4,SFG,0,RHH,0,Low,Low,high
3,1,1,0,1,0,1.1,2026-04-01,save,823157,40,away,670280,8,43.3,45.2,49.2,57.9,R,David Bednar,NYY,7,SEA,2,,3,Low,Low,high
3,2,1,1,1,0,1,2026-04-04,save,823569,33,home,670280,9,40.1,39.3,48.6,65.4,R,David Bednar,NYY,7,MIA,0,LHH,0,Low,Low,high
0,1,0,0,0,0,1,2026-04-07,save,823567,14,home,670280,9,42.3,37.3,48.1,64.7,R,David Bednar,NYY,3,ATH,0,LHH,0,Low,Low,high
2,2,1,0,1,0,1,2026-04-08,other,823564,21,home,670280,9,42.3,37.3,48.1,64.7,R,David Bednar,NYY,5,ATH,0,RHH,0,Low,Low,high
2,1,2,1,1,0,0.1,2026-04-11,blown_save,822996,13,away,670280,10,77.8,34.8,51.2,51,R,David Bednar,NYY,5,TBR,0,LHH,0,High,Mid,high
0,2,0,0,0,0,1,2026-04-15,other,823561,8,home,670280,9,22.6,13.1,27.4,47.2,R,David Bednar,NYY,3,LAA,0,RHH,0,Low,Low,high
0,2,0,1,0,0,1,2026-04-17,save,823559,17,home,670280,9,57,42.9,50.8,55.5,R,David Bednar,NYY,4,KCR,0,,0,Mid,Mid,high
1,1,0,0,0,0,1,2026-04-21,other,824773,19,away,670280,9,43,41.3,32.9,16,R,David Bednar,NYY,4,BOS,0,,0,Low,Low,high
0,0,0,0,0,0,1,2026-04-23,save,824770,11,away,670280,9,43,41.3,32.9,16,R,David Bednar,NYY,3,BOS,0,RHH,0,Low,Low,high
2,1,1,0,0,0,1,2026-04-27,save,822906,18,away,670280,9,36.6,27.1,36.4,46.9,R,David Bednar,NYY,6,TEX,0,,0,Low,Low,high
2,0,2,0,1,0,1,2026-04-28,save,822908,22,away,670280,9,36.6,27.1,36.4,46.9,R,David Bednar,NYY,6,TEX,0,,0,Low,Low,high
1,2,0,0,0,0,1,2026-05-03,other,823555,18,home,670280,9,31.6,69.3,61.4,73.6,R,David Bednar,NYY,4,BAL,0,,0,Low,Mid,high
1,2,1,0,1,0,1.2,2026-05-05,save,823553,26,home,670280,8,36.6,27.1,36.4,46.9,R,David Bednar,NYY,6,TEX,0,,3,Low,Low,high
0,1,0,0,0,0,1,2026-05-09,other,823792,12,away,670280,9,67.4,75.3,66.3,55.3,R,David Bednar,NYY,3,MIL,0,LHH,0,High,High,high
1,2,1,0,1,1,0.2,2026-05-10,other,823793,8,away,670280,9,67.4,75.3,66.3,55.3,R,David Bednar,NYY,3,MIL,0,RHH,0,High,High,high
0,1,0,0,0,0,1,2026-05-12,other,824843,14,away,670280,9,31.6,69.3,61.4,73.6,R,David Bednar,NYY,3,BAL,0,LHH,0,Low,Mid,high
2,0,1,1,1,0,1,2026-05-15,other,823629,21,away,670280,9,30.6,40,42.5,53.8,R,David Bednar,NYY,5,NYM,0,LHH,0,Low,Low,high
3,1,3,1,3,1,1,2026-05-17,blown_save,823628,23,away,670280,9,30.6,40,42.5,53.8,R,David Bednar,NYY,7,NYM,0,RHH,0,Low,Low,high
1,2,1,2,1,0,1,2026-05-18,save,823549,36,home,670280,9,54.7,7.6,29.4,36.4,R,David Bednar,NYY,6,TOR,0,,0,Mid,Low,high
1,3,0,0,0,0,1,2026-05-22,other,823546,20,home,670280,9,77.8,34.8,51.2,51,R,David Bednar,NYY,4,TBR,0,,0,High,Mid,high
0,0,0,1,0,0,1,2026-05-25,save,824107,14,away,670280,9,57,42.9,50.8,55.5,R,David Bednar,NYY,4,KCR,0,RHH,0,Mid,Mid,high
1,1,0,1,0,0,1,2026-05-31,other,825001,19,away,670280,9,42.3,37.3,48.1,64.7,R,David Bednar,NYY,5,ATH,0,LHH,0,Low,Low,high
0,0,0,0,0,0,1,2026-06-04,save,823542,12,home,670280,9,50,36.8,42.8,44.4,R,David Bednar,NYY,3,CLE,0,LHH,0,Mid,Low,high
0,1,0,0,0,0,1,2026-06-07,other,823537,11,home,670280,9,43,41.3,32.9,16,R,David Bednar,NYY,3,BOS,0,LHH,0,Low,Low,high
0,3,0,1,0,0,1.2,2026-06-08,other,824427,27,away,670280,9,50,36.8,42.8,44.4,R,David Bednar,NYY,6,CLE,0,RHH,0,Mid,Low,high
0,3,0,0,0,0,1,2026-06-13,save,822802,13,away,670280,9,54.7,7.6,29.4,36.4,R,David Bednar,NYY,3,TOR,0,LHH,0,Mid,Low,high
2,0,0,0,0,0,1,2026-06-14,other,822801,12,away,670280,9,54.7,7.6,29.4,36.4,R,David Bednar,NYY,5,TOR,0,RHH,0,Mid,Low,high
0,2,0,0,0,0,1,2026-06-19,other,823534,10,home,670280,9,32.7,40.9,35.4,31,R,David Bednar,NYY,3,CIN,0,RHH,0,Low,Low,high
0,0,0,0,0,0,1.1,2026-06-23,save,824262,17,away,670280,8,43.2,42.5,49.7,62.5,R,David Bednar,NYY,4,DET,0,RHH,1,Low,Low,high
1,1,0,0,0,0,1,2026-06-24,save,824259,12,away,670280,9,43.2,42.5,49.7,62.5,R,David Bednar,NYY,4,DET,0,LHH,0,Low,Low,high
1,1,0,0,0,0,2,2026-06-28,other,824744,33,away,670280,8,43,41.3,32.9,16,R,David Bednar,NYY,6,BOS,0,LHH,0,Low,Low,high
0,3,0,0,0,0,1,2026-07-03,save,823527,17,home,670280,9,39.7,33.8,47.1,67.6,R,David Bednar,NYY,3,MIN,0,LHH,0,Low,Low,high
0,1,0,0,0,0,1,2026-07-06,other,822958,11,away,670280,9,77.8,34.8,51.2,51,R,David Bednar,NYY,3,TBR,0,LHH,0,High,Mid,high
0,0,0,0,0,0,2,2026-07-10,other,822709,27,away,670280,8,43.7,67,67.7,85.6,R,David Bednar,NYY,7,WSN,0,LHH,0,Low,High,high
1,1,0,0,0,0,1,2026-07-11,save,822711,11,away,670280,9,43.7,67,67.7,85.6,R,David Bednar,NYY,4,WSN,0,LHH,0,Low,High,high
0,2,0,1,0,0,1.2,2026-07-19,other,823521,32,home,670280,8,68.3,95.7,82.8,78.2,R,David Bednar,NYY,6,LAD,0,,2,High,High,high
1,1,0,1,0,0,1,2026-07-22,other,823518,22,home,670280,9,33.5,60.7,62.1,84.2,R,David Bednar,NYY,5,PIT,0,LHH,0,Low,Mid,high
0,1,0,0,0,0,1,2026-07-24,save,823434,9,away,670280,9,32.1,30.7,33.4,37.3,R,David Bednar,NYY,3,PHI,0,LHH,0,Low,Low,high
0,0,0,0,0,0,1,2026-07-25,save,823435,16,away,670280,9,32.1,30.7,33.4,37.3,R,David Bednar,NYY,3,PHI,0,LHH,0,Low,Low,high
0,1,0,0,0,0,0.1,2026-07-27,save,824570,5,away,670280,9,32.2,45.8,54.2,79.5,R,David Bednar,NYY,1,CHW,0,RHH,2,Low,Mid,high
2,3,2,0,2,1,1,2026-07-28,save,824569,25,away,670280,9,32.2,45.8,54.2,79.5,R,David Bednar,NYY,5,CHW,0,LHH,0,Low,Mid,high
1,0,0,0,0,0,1,2026-07-31,save,824651,11,away,670280,9,62.9,82.6,69.2,58.4,R,David Bednar,NYY,4,CHC,0,LHH,0,Mid,High,high
0,1,0,1,0,0,1.1,2026-08-02,save,824648,23,away,670280,8,62.9,82.6,69.2,58.4,R,David Bednar,NYY,5,CHC,0,LHH,2,Mid,High,high
0,3,0,1,0,0,1.1,2026-08-04,save,823517,23,home,670280,8,41,40.4,42.1,44.7,R,David Bednar,NYY,5,STL,0,,2,Low,Low,high
0,0,0,0,0,0,1,2026-08-07,other,823515,10,home,670280,10,51.3,55.8,59,68.1,R,David Bednar,NYY,3,ATL,0,RHH,0,Mid,Mid,high
1,1,1,1,1,0,1,2026-08-08,save,823514,25,home,670280,9,51.3,55.8,59,68.1,R,David Bednar,NYY,5,ATL,0,LHH,0,Mid,Mid,high
1,2,0,0,0,0,1,2026-08-11,save,823512,19,home,670280,9,43.3,45.2,49.2,57.9,R,David Bednar,NYY,4,SEA,0,LHH,0,Low,Low,high
0,0,0,1,0,0,0.2,2026-03-27,hold,823243,10,away,518585,6,35.1,17.2,38.2,64.4,R,Fernando Cruz,NYY,3,SFG,0,,0,Low,Low,medium
0,2,0,0,0,0,0.2,2026-03-30,other,823159,11,away,518585,5,43.3,45.2,49.2,57.9,R,Fernando Cruz,NYY,2,SEA,0,,2,Low,Low,medium
0,1,0,0,0,0,0.2,2026-04-01,other,823157,12,away,518585,7,43.3,45.2,49.2,57.9,R,Fernando Cruz,NYY,2,SEA,0,,0,Low,Low,medium
0,1,0,0,0,0,0.2,2026-04-04,hold,823569,5,home,518585,7,40.1,39.3,48.6,65.4,R,Fernando Cruz,NYY,2,MIA,0,RHH,0,Low,Low,high
0,2,1,1,1,0,0.2,2026-04-05,hold,823566,16,home,518585,7,40.1,39.3,48.6,65.4,R,Fernando Cruz,NYY,3,MIA,0,LHH,0,Low,Low,high
0,1,0,2,0,0,1.1,2026-04-07,other,823567,20,home,518585,7,42.3,37.3,48.1,64.7,R,Fernando Cruz,NYY,6,ATH,0,RHH,1,Low,Low,high
1,1,0,0,0,0,0.2,2026-04-11,other,822996,12,away,518585,9,77.8,34.8,51.2,51,R,Fernando Cruz,NYY,3,TBR,0,RHH,0,High,Mid,high
0,0,0,2,0,0,0.1,2026-04-13,blown_hold,823563,18,home,518585,4,22.6,13.1,27.4,47.2,R,Fernando Cruz,NYY,3,LAA,1,RHH,2,Low,Low,medium
1,0,0,0,0,0,1,2026-04-15,other,823561,13,home,518585,7,22.6,13.1,27.4,47.2,R,Fernando Cruz,NYY,4,LAA,0,RHH,0,Low,Low,high
2,2,1,1,1,0,0.2,2026-04-16,other,823560,25,home,518585,6,22.6,13.1,27.4,47.2,R,Fernando Cruz,NYY,5,LAA,2,LHH,2,Low,Low,high
3,3,2,0,2,2,1,2026-04-24,other,824204,20,away,518585,7,38.5,45.2,48.8,60.3,R,Fernando Cruz,NYY,6,HOU,0,RHH,0,Low,Low,medium
0,2,0,1,0,0,0.2,2026-04-25,other,824203,12,away,518585,6,38.5,45.2,48.8,60.3,R,Fernando Cruz,NYY,3,HOU,0,RHH,1,Low,Low,medium
1,2,0,1,0,0,1,2026-04-28,hold,822908,17,away,518585,8,36.6,27.1,36.4,46.9,R,Fernando Cruz,NYY,5,TEX,0,RHH,0,Low,Low,high
1,2,0,0,0,0,1,2026-04-29,other,822907,21,away,518585,8,36.6,27.1,36.4,46.9,R,Fernando Cruz,NYY,4,TEX,0,,0,Low,Low,high
0,0,0,0,0,0,0.2,2026-05-01,hold,823557,6,home,518585,7,31.6,69.3,61.4,73.6,R,Fernando Cruz,NYY,2,BAL,1,LHH,2,Low,Mid,high
1,0,0,0,0,0,1,2026-05-03,other,823555,17,home,518585,6,31.6,69.3,61.4,73.6,R,Fernando Cruz,NYY,3,BAL,0,RHH,2,Low,Mid,high
1,1,0,1,0,0,1,2026-05-05,hold,823553,26,home,518585,7,36.6,27.1,36.4,46.9,R,Fernando Cruz,NYY,6,TEX,0,RHH,2,Low,Low,high
1,0,2,1,1,0,0.1,2026-05-09,blown_save,823792,10,away,518585,10,67.4,75.3,66.3,55.3,R,Fernando Cruz,NYY,3,MIL,0,RHH,0,High,High,high
1,3,0,0,0,0,1.1,2026-05-10,other,823793,20,away,518585,6,67.4,75.3,66.3,55.3,R,Fernando Cruz,NYY,5,MIL,0,RHH,2,High,High,high
0,1,0,0,0,0,1.1,2026-05-12,other,824843,11,away,518585,6,31.6,69.3,61.4,73.6,R,Fernando Cruz,NYY,4,BAL,0,LHH,1,Low,Mid,medium
1,1,0,0,0,0,1.1,2026-05-15,hold,823629,15,away,518585,7,30.6,40,42.5,53.8,R,Fernando Cruz,NYY,5,NYM,0,,1,Low,Low,medium
0,0,0,1,0,0,1,2026-05-17,hold,823628,13,away,518585,8,30.6,40,42.5,53.8,R,Fernando Cruz,NYY,4,NYM,0,,0,Low,Low,high
0,3,0,1,0,0,1,2026-05-18,hold,823549,21,home,518585,8,54.7,7.6,29.4,36.4,R,Fernando Cruz,NYY,4,TOR,0,,0,Mid,Low,high
0,2,0,0,0,0,0.2,2026-05-22,hold,823546,8,home,518585,7,77.8,34.8,51.2,51,R,Fernando Cruz,NYY,2,TBR,0,,2,High,Mid,high
2,0,0,1,0,0,1,2026-05-24,other,823544,15,home,518585,8,77.8,34.8,51.2,51,R,Fernando Cruz,NYY,5,TBR,0,RHH,0,High,Mid,high
0,0,0,0,0,0,1.1,2026-05-27,other,824104,17,away,518585,7,57,42.9,50.8,55.5,R,Fernando Cruz,NYY,4,KCR,0,RHH,1,Mid,Mid,medium
0,0,0,0,0,0,0.2,2026-05-29,other,825002,2,away,518585,7,42.3,37.3,48.1,64.7,R,Fernando Cruz,NYY,1,ATH,0,LHH,3,Low,Low,high
2,0,1,0,1,0,1,2026-05-31,other,825001,15,away,518585,8,42.3,37.3,48.1,64.7,R,Fernando Cruz,NYY,5,ATH,0,RHH,0,Low,Low,high
0,3,0,0,0,0,1.1,2026-06-03,other,823540,18,home,518585,6,50,36.8,42.8,44.4,R,Fernando Cruz,NYY,4,CLE,0,LHH,2,Mid,Low,high
0,0,0,0,0,0,1,2026-06-04,hold,823542,10,home,518585,8,50,36.8,42.8,44.4,R,Fernando Cruz,NYY,3,CLE,0,LHH,0,Mid,Low,high
1,0,0,0,0,0,0.2,2026-06-07,other,823537,10,home,518585,6,43,41.3,32.9,16,R,Fernando Cruz,NYY,3,BOS,0,LHH,1,Low,Low,medium
0,4,0,1,0,0,1.2,2026-06-09,save,824429,25,away,518585,8,50,36.8,42.8,44.4,R,Fernando Cruz,NYY,6,CLE,0,LHH,2,Mid,Low,high
1,2,1,1,1,0,1,2026-06-12,other,822803,23,away,518585,8,54.7,7.6,29.4,36.4,R,Fernando Cruz,NYY,5,TOR,0,RHH,0,Mid,Low,high
0,1,0,3,0,0,1,2026-06-13,other,822802,24,away,518585,8,54.7,7.6,29.4,36.4,R,Fernando Cruz,NYY,6,TOR,0,,0,Mid,Low,high
1,1,1,0,1,0,0.2,2026-06-18,other,823533,10,home,518585,7,32.2,45.8,54.2,79.5,R,Fernando Cruz,NYY,3,CHW,0,LHH,1,Low,Mid,high
0,0,0,0,0,0,0.2,2026-06-21,other,823531,12,home,518585,8,32.7,40.9,35.4,31,R,Fernando Cruz,NYY,2,CIN,0,,0,Low,Low,high
0,1,0,1,0,0,0.2,2026-06-23,hold,824262,17,away,518585,6,43.2,42.5,49.7,62.5,R,Fernando Cruz,NYY,3,DET,0,LHH,1,Low,Low,medium
1,4,0,0,0,0,1.1,2026-06-24,hold,824259,22,away,518585,7,43.2,42.5,49.7,62.5,R,Fernando Cruz,NYY,5,DET,0,LHH,1,Low,Low,high
3,0,3,0,2,0,0.1,2026-06-28,blown_save,824744,10,away,518585,10,43,41.3,32.9,16,R,Fernando Cruz,NYY,4,BOS,0,LHH,0,Low,Low,high
0,1,0,0,0,0,1.2,2026-07-01,other,823530,17,home,518585,9,43.2,42.5,49.7,62.5,R,Fernando Cruz,NYY,5,DET,0,,0,Low,Low,high
1,0,0,2,0,0,1,2026-07-03,hold,823527,31,home,518585,8,39.7,33.8,47.1,67.6,R,Fernando Cruz,NYY,6,MIN,0,LHH,0,Low,Low,high
1,1,0,0,0,0,0.2,2026-07-08,other,822957,15,away,518585,7,77.8,34.8,51.2,51,R,Fernando Cruz,NYY,3,TBR,1,RHH,1,High,Mid,high
0,2,0,0,0,0,0.2,2026-07-10,hold,822709,10,away,518585,6,43.7,67,67.7,85.6,R,Fernando Cruz,NYY,2,WSN,0,LHH,2,Low,High,high
0,0,0,0,0,0,1,2026-07-11,hold,822711,7,away,518585,8,43.7,67,67.7,85.6,R,Fernando Cruz,NYY,3,WSN,0,LHH,0,Low,High,high
1,1,0,0,0,0,1,2026-07-17,other,823524,23,home,518585,8,68.3,95.7,82.8,78.2,R,Fernando Cruz,NYY,4,LAD,0,LHH,0,High,High,high
1,1,1,2,1,1,0.1,2026-07-19,blown_save,823521,16,home,518585,8,68.3,95.7,82.8,78.2,R,Fernando Cruz,NYY,4,LAD,0,LHH,0,High,High,high
0,3,0,0,0,0,1.1,2026-07-20,save,823522,17,home,518585,8,33.5,60.7,62.1,84.2,R,Fernando Cruz,NYY,4,PIT,0,LHH,1,Low,Mid,high
2,0,2,2,1,0,0.1,2026-07-22,other,823518,24,home,518585,10,33.5,60.7,62.1,84.2,R,Fernando Cruz,NYY,5,PIT,0,LHH,0,Low,Mid,high
0,0,0,1,0,0,1.1,2026-07-27,other,824570,21,away,518585,5,32.2,45.8,54.2,79.5,R,Fernando Cruz,NYY,5,CHW,0,LHH,1,Low,Mid,medium
1,1,1,0,1,0,1,2026-07-29,hold,824567,15,away,518585,7,32.2,45.8,54.2,79.5,R,Fernando Cruz,NYY,4,CHW,0,LHH,2,Low,Mid,high
1,2,1,2,0,0,1.1,2026-07-30,other,824568,20,away,518585,10,32.2,45.8,54.2,79.5,R,Fernando Cruz,NYY,6,CHW,0,RHH,2,Low,Mid,high
1,0,2,1,2,1,0.2,2026-08-01,blown_save,824649,18,away,518585,7,62.9,82.6,69.2,58.4,R,Fernando Cruz,NYY,4,CHC,0,,0,Mid,High,high
0,2,0,0,0,0,1,2026-08-03,other,823520,10,home,518585,9,41,40.4,42.1,44.7,R,Fernando Cruz,NYY,3,STL,0,RHH,0,Low,Low,high
1,0,0,0,0,0,0.2,2026-08-04,hold,823517,10,home,518585,7,41,40.4,42.1,44.7,R,Fernando Cruz,NYY,3,STL,0,RHH,0,Low,Low,high
1,2,1,0,1,1,1,2026-08-07,other,823515,21,home,518585,7,51.3,55.8,59,68.1,R,Fernando Cruz,NYY,4,ATL,0,,0,Mid,Mid,high
1,0,0,1,0,0,0.1,2026-08-12,other,823511,9,home,518585,5,43.3,45.2,49.2,57.9,R,Fernando Cruz,NYY,3,SEA,1,LHH,1,Low,Low,medium
3,0,1,1,1,0,1.1,2026-03-30,other,823159,22,away,621112,8,43.3,45.2,49.2,57.9,R,Paul Blackburn,NYY,8,SEA,0,RHH,0,Low,Low,high
3,2,1,0,0,0,1.2,2026-04-04,other,823569,28,home,621112,4,40.1,39.3,48.6,65.4,R,Paul Blackburn,NYY,8,MIA,0,RHH,0,Low,Low,medium
1,1,0,0,0,0,1,2026-04-09,other,823565,19,home,621112,9,42.3,37.3,48.1,64.7,R,Paul Blackburn,NYY,4,ATH,0,,0,Low,Low,high
0,0,0,0,0,0,1,2026-04-13,other,823563,6,home,621112,9,22.6,13.1,27.4,47.2,R,Paul Blackburn,NYY,3,LAA,0,LHH,0,Low,Low,high
3,1,1,1,1,0,1,2026-04-14,other,823562,25,home,621112,6,22.6,13.1,27.4,47.2,R,Paul Blackburn,NYY,7,LAA,1,RHH,1,Low,Low,medium
2,1,2,1,2,0,2,2026-04-18,other,823558,32,home,621112,8,57,42.9,50.8,55.5,R,Paul Blackburn,NYY,9,KCR,0,RHH,0,Mid,Mid,high
2,2,1,0,1,0,3,2026-04-26,other,824202,43,away,621112,5,38.5,45.2,48.8,60.3,R,Paul Blackburn,NYY,10,HOU,2,RHH,2,Low,Low,low
0,2,0,1,0,0,2,2026-05-02,other,823554,29,home,621112,8,31.6,69.3,61.4,73.6,R,Paul Blackburn,NYY,7,BAL,0,LHH,0,Low,Mid,high
1,0,0,0,0,0,1,2026-05-04,other,823552,17,home,621112,9,31.6,69.3,61.4,73.6,R,Paul Blackburn,NYY,4,BAL,0,,0,Low,Mid,high
1,1,0,1,0,0,0.2,2026-05-10,other,823793,18,away,621112,6,67.4,75.3,66.3,55.3,R,Paul Blackburn,NYY,4,MIL,0,LHH,0,High,High,medium
2,1,3,2,3,1,2,2026-05-13,other,824841,36,away,621112,4,31.6,69.3,61.4,73.6,R,Paul Blackburn,NYY,10,BAL,0,RHH,0,Low,Mid,medium
1,1,0,1,0,0,1,2026-05-16,other,823627,24,away,621112,8,30.6,40,42.5,53.8,R,Paul Blackburn,NYY,4,NYM,0,LHH,0,Low,Low,high
1,1,0,0,0,0,1.2,2026-05-18,other,823549,20,home,621112,6,54.7,7.6,29.4,36.4,R,Paul Blackburn,NYY,5,TOR,1,RHH,2,Mid,Low,high
2,2,0,0,0,0,2,2026-05-21,other,823545,22,home,621112,8,54.7,7.6,29.4,36.4,R,Paul Blackburn,NYY,7,TOR,0,RHH,0,Mid,Low,high
2,1,1,1,1,0,2,2026-05-29,other,825002,33,away,621112,8,42.3,37.3,48.1,64.7,R,Paul Blackburn,NYY,9,ATH,0,LHH,0,Low,Low,high
1,1,0,0,0,0,1.2,2026-06-03,other,823540,10,home,621112,8,50,36.8,42.8,44.4,R,Paul Blackburn,NYY,5,CLE,1,,2,Mid,Low,high
0,2,0,0,0,0,2,2026-06-05,other,823538,21,home,621112,7,43,41.3,32.9,16,R,Paul Blackburn,NYY,6,BOS,0,RHH,0,Low,Low,high
2,1,1,0,1,1,0.2,2026-06-08,blown_save,824427,14,away,621112,6,50,36.8,42.8,44.4,R,Paul Blackburn,NYY,4,CLE,1,LHH,1,Mid,Low,medium
3,1,0,0,0,0,1.2,2026-06-09,other,824429,24,away,621112,5,50,36.8,42.8,44.4,R,Paul Blackburn,NYY,8,CLE,0,LHH,0,Mid,Low,medium
3,2,1,1,1,1,2.1,2026-06-17,other,823536,33,home,621112,6,32.2,45.8,54.2,79.5,R,Paul Blackburn,NYY,11,CHW,0,LHH,0,Low,Mid,low
0,0,0,0,0,0,1.1,2026-06-21,other,823531,7,home,621112,6,32.7,40.9,35.4,31,R,Paul Blackburn,NYY,4,CIN,0,RHH,0,Low,Low,medium
0,2,0,0,0,0,1.2,2026-06-22,other,824261,18,away,621112,5,43.2,42.5,49.7,62.5,R,Paul Blackburn,NYY,5,DET,0,,1,Low,Low,low
1,1,0,0,0,0,1,2026-06-25,other,824747,17,away,621112,6,43,41.3,32.9,16,R,Paul Blackburn,NYY,4,BOS,0,,0,Low,Low,medium
0,0,0,0,0,0,1,2026-06-27,other,824745,4,away,621112,8,43,41.3,32.9,16,R,Paul Blackburn,NYY,3,BOS,0,RHH,0,Low,Low,high
1,1,0,0,0,0,2,2026-06-28,other,824744,14,away,621112,6,43,41.3,32.9,16,R,Paul Blackburn,NYY,6,BOS,0,RHH,0,Low,Low,medium
0,1,0,1,0,0,1.2,2026-07-01,other,823530,19,home,621112,6,43.2,42.5,49.7,62.5,R,Paul Blackburn,NYY,6,DET,0,LHH,1,Low,Low,medium
0,2,0,0,0,0,1,2026-07-03,hold,823527,10,home,621112,7,39.7,33.8,47.1,67.6,R,Paul Blackburn,NYY,3,MIN,0,LHH,0,Low,Low,high
1,1,0,1,0,0,1,2026-07-05,other,823525,23,home,621112,5,39.7,33.8,47.1,67.6,R,Paul Blackburn,NYY,5,MIN,2,LHH,2,Low,Low,medium
0,1,0,1,0,0,1.1,2026-07-07,other,822956,20,away,621112,6,77.8,34.8,51.2,51,R,Paul Blackburn,NYY,5,TBR,0,RHH,0,High,Mid,medium
0,2,0,0,0,0,2,2026-07-12,save,822708,21,away,621112,8,43.7,67,67.7,85.6,R,Paul Blackburn,NYY,6,WSN,0,RHH,0,Low,High,high
0,0,0,1,0,0,1,2026-07-17,other,823524,10,home,621112,9,68.3,95.7,82.8,78.2,R,Paul Blackburn,NYY,3,LAD,0,LHH,0,High,High,high
1,1,0,1,0,0,2.1,2026-07-19,other,823521,25,home,621112,3,68.3,95.7,82.8,78.2,R,Paul Blackburn,NYY,7,LAD,0,RHH,2,High,High,medium
0,3,0,1,0,0,2,2026-07-22,other,823519,34,home,621112,7,33.5,60.7,62.1,84.2,R,Paul Blackburn,NYY,7,PIT,0,,1,Low,Mid,high
0,0,0,1,0,0,2,2026-07-25,hold,823435,24,away,621112,7,32.1,30.7,33.4,37.3,R,Paul Blackburn,NYY,7,PHI,0,LHH,0,Low,Low,high
0,1,0,0,0,0,1,2026-07-27,other,824570,10,away,621112,8,32.2,45.8,54.2,79.5,R,Paul Blackburn,NYY,3,CHW,0,LHH,0,Low,Mid,high
2,2,2,1,2,2,1.2,2026-07-29,blown_save,824567,24,away,621112,8,32.2,45.8,54.2,79.5,R,Paul Blackburn,NYY,8,CHW,1,LHH,1,Low,Mid,high
0,3,0,0,0,0,1.1,2026-07-31,hold,824651,19,away,621112,7,62.9,82.6,69.2,58.4,R,Paul Blackburn,NYY,4,CHC,0,RHH,2,Mid,High,high
0,1,0,2,0,0,0.2,2026-08-02,hold,824648,18,away,621112,8,62.9,82.6,69.2,58.4,R,Paul Blackburn,NYY,4,CHC,0,,0,Mid,High,high
2,2,0,1,0,0,1.2,2026-08-05,other,823516,30,home,621112,8,41,40.4,42.1,44.7,R,Paul Blackburn,NYY,8,STL,0,,0,Low,Low,high
0,0,0,0,0,0,0.1,2026-08-08,hold,823514,9,home,621112,8,51.3,55.8,59,68.1,R,Paul Blackburn,NYY,1,ATL,0,LHH,1,Mid,Mid,high
1,2,1,0,0,0,2,2026-08-09,other,823513,23,home,621112,9,51.3,55.8,59,68.1,R,Paul Blackburn,NYY,6,ATL,0,LHH,0,Mid,Mid,high
0,0,0,1,0,0,1.2,2026-08-12,other,823511,17,home,621112,6,43.3,45.2,49.2,57.9,R,Paul Blackburn,NYY,6,SEA,0,RHH,1,Low,Low,medium
0,0,0,0,0,0,1,2026-04-03,other,823568,10,home,642232,9,40.1,39.3,48.6,65.4,R,Ryan Yarbrough,NYY,3,MIA,0,RHH,0,Low,Low,high
1,3,0,0,0,0,1.2,2026-04-05,other,823566,23,home,642232,8,40.1,39.3,48.6,65.4,R,Ryan Yarbrough,NYY,6,MIA,2,RHH,2,Low,Low,high
1,0,0,2,0,0,2,2026-04-10,other,822997,28,away,642232,7,77.8,34.8,51.2,51,R,Ryan Yarbrough,NYY,8,TBR,0,RHH,0,High,Mid,medium
2,1,1,0,1,0,1,2026-04-12,other,822998,20,away,642232,6,77.8,34.8,51.2,51,R,Ryan Yarbrough,NYY,5,TBR,0,,0,High,Mid,medium
3,0,4,1,4,1,2.1,2026-04-16,other,823560,38,home,642232,7,22.6,13.1,27.4,47.2,R,Ryan Yarbrough,NYY,12,LAA,0,LHH,2,Low,Low,high
1,2,0,1,0,0,2,2026-04-24,other,824204,37,away,642232,8,38.5,45.2,48.8,60.3,R,Ryan Yarbrough,NYY,8,HOU,0,RHH,0,Low,Low,high
0,2,0,0,0,0,1,2026-04-26,other,824202,11,away,642232,8,38.5,45.2,48.8,60.3,R,Ryan Yarbrough,NYY,4,HOU,0,RHH,0,Low,Low,high
0,2,0,1,0,0,1.2,2026-05-06,other,823550,29,home,642232,8,36.6,27.1,36.4,46.9,R,Ryan Yarbrough,NYY,6,TEX,0,,0,Low,Low,high
3,4,1,0,1,0,3,2026-05-13,other,824841,55,away,642232,6,31.6,69.3,61.4,73.6,R,Ryan Yarbrough,NYY,13,BAL,1,RHH,1,Low,Mid,medium
2,0,2,1,2,0,1,2026-05-17,other,823628,21,away,642232,5,30.6,40,42.5,53.8,R,Ryan Yarbrough,NYY,6,NYM,0,RHH,1,Low,Low,medium
2,0,0,1,0,0,3,2026-05-26,save,824106,44,away,642232,7,57,42.9,50.8,55.5,R,Ryan Yarbrough,NYY,12,KCR,0,,0,Mid,Mid,medium
0,2,0,1,0,0,1,2026-06-02,other,823541,26,home,642232,9,50,36.8,42.8,44.4,R,Ryan Yarbrough,NYY,4,CLE,0,LHH,0,Mid,Low,high
0,0,0,1,0,0,0.2,2026-06-08,other,824427,12,away,642232,6,50,36.8,42.8,44.4,R,Ryan Yarbrough,NYY,3,CLE,0,,1,Mid,Low,medium
1,2,1,1,1,0,2,2026-06-10,other,824428,27,away,642232,8,50,36.8,42.8,44.4,R,Ryan Yarbrough,NYY,8,CLE,0,RHH,0,Mid,Low,high
1,3,0,0,0,0,3,2026-06-16,save,823535,36,home,642232,7,32.2,45.8,54.2,79.5,R,Ryan Yarbrough,NYY,10,CHW,0,LHH,0,Low,Mid,medium
5,2,4,0,4,0,1,2026-06-20,other,823532,29,home,642232,8,32.7,40.9,35.4,31,R,Ryan Yarbrough,NYY,8,CIN,0,RHH,0,Low,Low,high
0,0,0,2,0,0,2,2026-06-22,other,824261,31,away,642232,7,43.2,42.5,49.7,62.5,R,Ryan Yarbrough,NYY,8,DET,0,,0,Low,Low,high
0,0,0,0,0,0,0.2,2026-06-25,other,824747,9,away,642232,8,43,41.3,32.9,16,R,Ryan Yarbrough,NYY,3,BOS,2,RHH,3,Low,Low,high
1,1,1,1,1,0,1.1,2026-06-26,other,824743,22,away,642232,6,43,41.3,32.9,16,R,Ryan Yarbrough,NYY,5,BOS,0,RHH,1,Low,Low,medium
1,1,0,1,0,0,0.2,2026-06-29,other,823529,19,home,642232,7,43.2,42.5,49.7,62.5,R,Ryan Yarbrough,NYY,4,DET,0,LHH,0,Low,Low,medium
2,0,3,0,2,1,2,2026-06-30,other,823528,26,home,642232,5,43.2,42.5,49.7,62.5,R,Ryan Yarbrough,NYY,9,DET,0,LHH,1,Low,Low,low
1,2,1,1,1,1,1.2,2026-07-04,other,823526,35,home,642232,6,39.7,33.8,47.1,67.6,R,Ryan Yarbrough,NYY,7,MIN,0,LHH,1,Low,Low,medium
2,0,0,0,0,0,1,2026-07-09,other,822954,17,away,642232,3,77.8,34.8,51.2,51,R,Ryan Yarbrough,NYY,5,TBR,1,,1,High,Mid,medium
0,0,0,1,0,0,0.1,2026-07-12,other,822708,8,away,642232,7,43.7,67,67.7,85.6,R,Ryan Yarbrough,NYY,2,WSN,0,,1,Low,High,high
5,2,5,2,0,0,3,2026-07-26,other,823433,51,away,642232,6,32.1,30.7,33.4,37.3,R,Ryan Yarbrough,NYY,16,PHI,0,LHH,0,Low,Low,medium
1,0,1,0,0,0,0.1,2026-07-29,other,824567,2,away,642232,12,32.2,45.8,54.2,79.5,R,Ryan Yarbrough,NYY,2,CHW,0,RHH,0,Low,Mid,high
1,0,1,0,1,0,1,2026-08-03,other,823520,16,home,642232,7,41,40.4,42.1,44.7,R,Ryan Yarbrough,NYY,3,STL,0,,1,Low,Low,medium
0,2,0,0,0,0,1,2026-03-27,hold,823243,12,away,657612,7,35.1,17.2,38.2,64.4,R,Tim Hill,NYY,3,SFG,0,LHH,1,Low,Low,medium
1,1,0,0,0,0,1.1,2026-03-28,hold,823241,11,away,657612,7,35.1,17.2,38.2,64.4,R,Tim Hill,NYY,4,SFG,0,LHH,0,Low,Low,high
0,0,0,0,0,0,1,2026-03-31,other,823158,7,away,657612,9,43.3,45.2,49.2,57.9,R,Tim Hill,NYY,3,SEA,0,RHH,0,Low,Low,high
0,0,0,0,0,0,0.1,2026-04-03,hold,823568,2,home,657612,6,40.1,39.3,48.6,65.4,R,Tim Hill,NYY,1,MIA,0,LHH,2,Low,Low,high
0,0,0,0,0,0,1,2026-04-04,other,823569,14,home,657612,6,40.1,39.3,48.6,65.4,R,Tim Hill,NYY,3,MIA,0,,1,Low,Low,medium
1,0,0,0,0,0,1.1,2026-04-08,other,823564,17,home,657612,5,42.3,37.3,48.1,64.7,R,Tim Hill,NYY,5,ATH,0,LHH,2,Low,Low,medium
0,0,0,0,0,0,0.1,2026-04-11,other,822996,1,away,657612,9,77.8,34.8,51.2,51,R,Tim Hill,NYY,1,TBR,0,LHH,1,High,Mid,high
3,0,1,0,1,0,1.2,2026-04-13,other,823563,21,home,657612,5,22.6,13.1,27.4,47.2,R,Tim Hill,NYY,7,LAA,0,RHH,0,Low,Low,medium
0,0,0,0,0,0,1,2026-04-15,other,823561,8,home,657612,6,22.6,13.1,27.4,47.2,R,Tim Hill,NYY,3,LAA,0,RHH,0,Low,Low,medium
0,0,0,0,0,0,1,2026-04-21,other,824773,10,away,657612,8,43,41.3,32.9,16,R,Tim Hill,NYY,3,BOS,0,LHH,1,Low,Low,high
1,1,1,0,1,1,1,2026-04-25,other,824203,11,away,657612,9,38.5,45.2,48.8,60.3,R,Tim Hill,NYY,4,HOU,0,RHH,0,Low,Low,high
0,0,0,2,0,0,1,2026-04-27,hold,822906,24,away,657612,8,36.6,27.1,36.4,46.9,R,Tim Hill,NYY,5,TEX,0,RHH,0,Low,Low,high
0,0,0,0,0,0,0.2,2026-04-29,other,822907,3,away,657612,7,36.6,27.1,36.4,46.9,R,Tim Hill,NYY,1,TEX,0,LHH,1,Low,Low,medium
0,0,0,0,0,0,0.1,2026-05-02,hold,823554,1,home,657612,7,31.6,69.3,61.4,73.6,R,Tim Hill,NYY,1,BAL,0,LHH,0,Low,Mid,high
1,2,0,0,0,0,1,2026-05-04,other,823552,12,home,657612,7,31.6,69.3,61.4,73.6,R,Tim Hill,NYY,4,BAL,0,,0,Low,Mid,medium
2,0,0,0,0,0,0.1,2026-05-05,hold,823553,6,home,657612,7,36.6,27.1,36.4,46.9,R,Tim Hill,NYY,3,TEX,0,RHH,0,Low,Low,high
2,1,0,0,0,0,1.2,2026-05-07,other,823551,17,home,657612,5,36.6,27.1,36.4,46.9,R,Tim Hill,NYY,7,TEX,1,,1,Low,Low,medium
0,0,0,0,0,0,0.1,2026-05-09,other,823792,7,away,657612,10,67.4,75.3,66.3,55.3,R,Tim Hill,NYY,2,MIL,1,,2,High,High,high
1,0,0,0,0,0,1,2026-05-10,other,823793,7,away,657612,8,67.4,75.3,66.3,55.3,R,Tim Hill,NYY,3,MIL,0,LHH,0,High,High,high
0,0,0,0,0,0,0.2,2026-05-12,hold,824843,8,away,657612,8,31.6,69.3,61.4,73.6,R,Tim Hill,NYY,2,BAL,0,,2,Low,Mid,high
2,0,1,0,1,0,0.1,2026-05-16,other,823627,12,away,657612,7,30.6,40,42.5,53.8,R,Tim Hill,NYY,3,NYM,0,LHH,0,Low,Low,high
0,0,1,0,0,0,0.1,2026-05-17,other,823628,10,away,657612,10,30.6,40,42.5,53.8,R,Tim Hill,NYY,3,NYM,0,LHH,0,Low,Low,high
0,1,0,1,0,0,1,2026-05-19,hold,823548,17,home,657612,6,54.7,7.6,29.4,36.4,R,Tim Hill,NYY,4,TOR,0,LHH,0,Mid,Low,medium
1,2,0,1,0,0,1,2026-05-24,other,823544,18,home,657612,9,77.8,34.8,51.2,51,R,Tim Hill,NYY,5,TBR,0,LHH,0,High,Mid,high
0,1,0,0,0,0,0.2,2026-05-25,other,824107,5,away,657612,8,57,42.9,50.8,55.5,R,Tim Hill,NYY,2,KCR,0,,1,Mid,Mid,high
3,0,4,1,4,2,1,2026-05-31,other,825001,26,away,657612,7,42.3,37.3,48.1,64.7,R,Tim Hill,NYY,8,ATH,0,,0,Low,Low,medium
3,1,1,0,1,0,1,2026-06-02,other,823541,20,home,657612,7,50,36.8,42.8,44.4,R,Tim Hill,NYY,5,CLE,0,LHH,0,Mid,Low,high
2,1,1,0,1,0,0.2,2026-06-03,other,823540,12,home,657612,7,50,36.8,42.8,44.4,R,Tim Hill,NYY,4,CLE,0,LHH,0,Mid,Low,high
0,0,0,0,0,0,1,2026-06-07,other,823537,11,home,657612,8,43,41.3,32.9,16,R,Tim Hill,NYY,3,BOS,0,LHH,0,Low,Low,high
0,0,0,0,0,0,1,2026-06-08,other,824427,10,away,657612,8,50,36.8,42.8,44.4,R,Tim Hill,NYY,3,CLE,0,,2,Mid,Low,high
0,0,0,0,0,0,0.1,2026-06-09,other,824429,1,away,657612,6,50,36.8,42.8,44.4,R,Tim Hill,NYY,1,CLE,0,LHH,1,Mid,Low,medium
0,1,0,0,0,0,1,2026-06-14,other,822801,15,away,657612,5,54.7,7.6,29.4,36.4,R,Tim Hill,NYY,3,TOR,0,LHH,0,Mid,Low,medium
0,1,2,0,2,0,0.1,2026-06-18,other,823533,10,home,657612,8,32.2,45.8,54.2,79.5,R,Tim Hill,NYY,3,CHW,0,LHH,1,Low,Mid,high
0,0,0,0,0,0,0.1,2026-06-20,other,823532,5,home,657612,6,32.7,40.9,35.4,31,R,Tim Hill,NYY,1,CIN,0,LHH,2,Low,Low,high
1,0,0,0,0,0,1,2026-06-21,other,823531,11,home,657612,5,32.7,40.9,35.4,31,R,Tim Hill,NYY,3,CIN,0,LHH,1,Low,Low,medium
0,0,0,0,0,0,1,2026-06-25,other,824747,8,away,657612,7,43,41.3,32.9,16,R,Tim Hill,NYY,3,BOS,0,LHH,0,Low,Low,high
0,0,0,0,0,0,1.1,2026-06-29,other,823529,9,home,657612,4,43.2,42.5,49.7,62.5,R,Tim Hill,NYY,4,DET,0,LHH,1,Low,Low,low
1,1,1,1,1,1,1,2026-07-04,other,823526,21,home,657612,4,39.7,33.8,47.1,67.6,R,Tim Hill,NYY,4,MIN,0,,0,Low,Low,low
1,0,0,0,0,0,1.2,2026-07-07,other,822956,16,away,657612,5,77.8,34.8,51.2,51,R,Tim Hill,NYY,6,TBR,0,LHH,0,High,Mid,medium
1,0,0,0,0,0,1,2026-07-09,other,822954,15,away,657612,9,77.8,34.8,51.2,51,R,Tim Hill,NYY,4,TBR,0,,0,High,Mid,high
2,0,2,0,2,2,0.1,2026-07-10,blown_save,822709,8,away,657612,7,43.7,67,67.7,85.6,R,Tim Hill,NYY,3,WSN,0,LHH,0,Low,High,high
1,1,1,0,1,1,0.2,2026-07-12,blown_save,822708,11,away,657612,6,43.7,67,67.7,85.6,R,Tim Hill,NYY,3,WSN,0,LHH,0,Low,High,medium
0,1,0,2,0,0,1.1,2026-07-19,other,823523,23,home,657612,5,68.3,95.7,82.8,78.2,R,Tim Hill,NYY,6,LAD,0,LHH,1,High,High,medium
2,0,0,0,0,0,0.2,2026-07-20,hold,823522,11,home,657612,8,33.5,60.7,62.1,84.2,R,Tim Hill,NYY,3,PIT,0,LHH,0,Low,Mid,high
0,0,0,0,0,0,0.1,2026-07-22,save,823519,3,home,657612,9,33.5,60.7,62.1,84.2,R,Tim Hill,NYY,1,PIT,0,LHH,2,Low,Mid,high
1,0,0,1,0,0,1,2026-07-26,other,823433,18,away,657612,4,32.1,30.7,33.4,37.3,R,Tim Hill,NYY,5,PHI,0,LHH,1,Low,Low,low
2,0,1,0,1,0,0.1,2026-07-27,blown_save,824570,6,away,657612,5,32.2,45.8,54.2,79.5,R,Tim Hill,NYY,3,CHW,0,LHH,0,Low,Mid,medium
0,1,0,0,0,0,1,2026-07-29,other,824567,12,away,657612,10,32.2,45.8,54.2,79.5,R,Tim Hill,NYY,3,CHW,0,RHH,0,Low,Mid,high
2,1,2,0,2,1,1.1,2026-08-03,other,823520,27,home,657612,4,41,40.4,42.1,44.7,R,Tim Hill,NYY,6,STL,0,LHH,0,Low,Low,low
0,0,0,0,0,0,1,2026-08-05,other,823516,14,home,657612,7,41,40.4,42.1,44.7,R,Tim Hill,NYY,3,STL,0,,0,Low,Low,high
1,0,1,0,1,1,0.2,2026-08-07,other,823515,10,home,657612,9,51.3,55.8,59,68.1,R,Tim Hill,NYY,3,ATL,0,LHH,0,Mid,Mid,high
0,0,0,0,0,0,1.1,2026-08-11,other,823512,10,home,657612,6,43.3,45.2,49.2,57.9,R,Tim Hill,NYY,4,SEA,0,LHH,1,Low,Low,medium
0,1,0,1,0,0,1,2026-08-12,other,823511,13,home,657612,5,43.3,45.2,49.2,57.9,R,Tim Hill,NYY,3,SEA,0,LHH,2,Low,Low,medium
1,1,0,1,0,0,0.2,2026-07-22,hold,823519,16,home,701542,9,33.5,60.7,62.1,84.2,R,Will Warren,NYY,4,PIT,0,,0,Low,Mid,high
3,1,1,2,1,1,2,2026-04-14,other,823562,44,home,660787,7,22.6,13.1,27.4,47.2,R,Yerry De los Santos,NYY,9,LAA,0,RHH,0,Low,Low,medium
1,5,0,1,0,0,3.1,2026-05-06,other,823550,54,home,660787,5,36.6,27.1,36.4,46.9,R,Yerry De los Santos,NYY,12,TEX,0,RHH,0,Low,Low,low
1,0,2,1,0,0,0.1,2026-06-25,other,824747,11,away,660787,8,43,41.3,32.9,16,R,Yerry De los Santos,NYY,4,BOS,0,,0,Low,Low,high
1,1,0,0,0,0,1,2026-06-26,other,824743,16,away,660787,8,43,41.3,32.9,16,R,Yerry De los Santos,NYY,4,BOS,1,,1,Low,Low,high
2,0,2,0,0,0,2,2026-06-29,other,823529,29,home,660787,2,43.2,42.5,49.7,62.5,R,Yerry De los Santos,NYY,9,DET,0,LHH,2,Low,Low,low
0,0,0,0,0,0,0.1,2026-08-07,other,823515,2,home,660787,9,51.3,55.8,59,68.1,R,Yerry De los Santos,NYY,1,ATL,0,RHH,0,Mid,Mid,high
1,0,0,0,0,0,1,2026-07-22,other,823438,12,home,686934,9,68.3,95.7,82.8,78.2,R,Alex McFarlane,PHI,4,LAD,0,LHH,0,High,High,high
1,1,1,1,1,0,1,2026-08-11,other,823019,26,away,686934,7,41,40.4,42.1,44.7,R,Alex McFarlane,PHI,5,STL,0,RHH,0,Low,Low,high
3,7,1,1,1,0,5,2026-04-12,other,823479,80,home,691725,3,58.2,31.7,40.5,37.8,R,Andrew Painter,PHI,19,ARI,0,LHH,0,Mid,Low,medium
6,3,5,3,5,1,5,2026-06-12,other,823778,78,away,691725,2,67.4,75.3,66.3,55.3,R,Andrew Painter,PHI,24,MIL,0,LHH,0,High,High,medium
0,2,0,0,0,0,1,2026-03-28,other,823651,11,home,548384,8,33.5,60.7,62.1,84.2,R,Brooks Raley,PHI,3,PIT,0,RHH,0,Low,Mid,high
1,0,0,0,0,0,1,2026-03-30,hold,823080,17,away,548384,8,41,40.4,42.1,44.7,R,Brooks Raley,PHI,4,STL,0,,0,Low,Low,high
0,2,0,0,0,0,1,2026-04-01,other,823078,12,away,548384,7,41,40.4,42.1,44.7,R,Brooks Raley,PHI,3,STL,0,RHH,0,Low,Low,high
0,1,0,0,0,0,0.2,2026-04-03,hold,823240,16,away,548384,6,35.1,17.2,38.2,64.4,R,Brooks Raley,PHI,2,SFG,1,LHH,2,Low,Low,high
1,2,0,0,0,0,1,2026-04-07,other,823648,20,home,548384,8,58.2,31.7,40.5,37.8,R,Brooks Raley,PHI,4,ARI,0,RHH,0,Mid,Low,high
0,1,0,1,0,0,1,2026-04-11,other,823644,13,home,548384,6,42.3,37.3,48.1,64.7,R,Brooks Raley,PHI,4,ATH,0,,0,Low,Low,low
1,1,1,2,1,0,1,2026-04-14,other,823965,15,away,548384,8,68.3,95.7,82.8,78.2,R,Brooks Raley,PHI,6,LAD,0,,0,High,High,high
1,0,1,0,1,1,0.2,2026-04-18,other,824694,8,away,548384,6,62.9,82.6,69.2,58.4,R,Brooks Raley,PHI,3,CHC,2,RHH,2,Mid,High,high
1,0,0,0,0,0,0.2,2026-04-19,hold,824691,12,away,548384,7,62.9,82.6,69.2,58.4,R,Brooks Raley,PHI,3,CHC,0,RHH,0,Mid,High,high
1,1,0,1,0,0,0.2,2026-04-22,other,823641,16,home,548384,8,39.7,33.8,47.1,67.6,R,Brooks Raley,PHI,4,MIN,0,RHH,0,Low,Low,high
0,1,0,0,0,0,1,2026-04-26,other,823637,11,home,548384,8,34.5,31.8,26.1,13.5,R,Brooks Raley,PHI,3,COL,0,LHH,0,Low,Low,high
0,2,0,0,0,0,1,2026-04-30,hold,823634,12,home,548384,7,43.7,67,67.7,85.6,R,Brooks Raley,PHI,3,WSN,0,RHH,0,Low,High,high
0,1,0,0,0,0,1,2026-05-01,hold,824041,8,away,548384,7,22.6,13.1,27.4,47.2,R,Brooks Raley,PHI,3,LAA,0,RHH,0,Low,Low,high
1,2,0,0,0,0,1,2026-05-03,other,824043,15,away,548384,9,22.6,13.1,27.4,47.2,R,Brooks Raley,PHI,4,LAA,0,RHH,0,Low,Low,high
0,2,0,1,0,0,1.1,2026-05-06,other,824361,14,away,548384,6,34.5,31.8,26.1,13.5,R,Brooks Raley,PHI,4,COL,0,LHH,1,Low,Low,medium
1,0,0,0,0,0,1,2026-05-08,other,825088,11,away,548384,8,58.2,31.7,40.5,37.8,R,Brooks Raley,PHI,4,ARI,0,RHH,0,Mid,Low,high
2,1,0,0,0,0,1,2026-05-12,other,823632,18,home,548384,7,43.2,42.5,49.7,62.5,R,Brooks Raley,PHI,5,DET,0,RHH,0,Low,Low,medium
0,1,0,1,0,0,1,2026-05-13,other,823631,17,home,548384,10,43.2,42.5,49.7,62.5,R,Brooks Raley,PHI,4,DET,0,RHH,0,Low,Low,high
2,1,1,0,0,0,0.2,2026-05-16,hold,823627,18,home,548384,6,38.8,75.1,66.4,76,R,Brooks Raley,PHI,6,NYY,0,LHH,2,Low,High,high
1,0,1,2,1,0,0.2,2026-05-18,hold,822734,23,away,548384,7,43.7,67,67.7,85.6,R,Brooks Raley,PHI,5,WSN,0,LHH,0,Low,High,high
0,2,0,0,0,0,1,2026-05-21,hold,822733,14,away,548384,7,43.7,67,67.7,85.6,R,Brooks Raley,PHI,3,WSN,0,RHH,0,Low,High,high
2,0,0,1,0,0,0.2,2026-05-24,other,823861,13,away,548384,7,40.1,39.3,48.6,65.4,R,Brooks Raley,PHI,4,MIA,0,,1,Low,Low,high
1,1,0,1,0,0,1.1,2026-05-27,hold,823626,24,home,548384,6,32.7,40.9,35.4,31,R,Brooks Raley,PHI,7,CIN,1,RHH,2,Low,Low,high
0,1,0,0,0,0,0.1,2026-05-29,hold,823623,5,home,548384,7,40.1,39.3,48.6,65.4,R,Brooks Raley,PHI,1,MIA,0,LHH,1,Low,Low,high
2,1,1,0,1,1,0.2,2026-06-01,blown_save,823131,19,away,548384,7,43.3,45.2,49.2,57.9,R,Brooks Raley,PHI,4,SEA,0,,0,Low,Low,high
0,1,0,1,0,0,1,2026-06-03,other,823130,16,away,548384,7,43.3,45.2,49.2,57.9,R,Brooks Raley,PHI,4,SEA,0,,0,Low,Low,medium
0,2,0,0,0,0,1,2026-06-07,other,823291,14,away,548384,6,40.5,52.4,53.2,63.3,R,Brooks Raley,PHI,3,SDP,0,RHH,0,Low,Mid,low
0,1,0,1,0,0,1,2026-06-11,other,823619,20,home,548384,7,41,40.4,42.1,44.7,R,Brooks Raley,PHI,4,STL,0,LHH,0,Low,Low,high
3,1,2,0,2,0,0.2,2026-06-12,other,823617,22,home,548384,8,51.3,55.8,59,68.1,R,Brooks Raley,PHI,5,ATL,0,RHH,0,Mid,Mid,high
1,0,0,0,0,0,1,2026-06-17,other,824503,14,away,548384,8,32.7,40.9,35.4,31,R,Brooks Raley,PHI,5,CIN,0,RHH,0,Low,Low,high
1,0,0,0,0,0,1,2026-06-21,other,823449,21,away,548384,7,32.1,30.7,33.4,37.3,R,Brooks Raley,PHI,5,PHI,0,LHH,0,Low,Low,medium
2,0,2,1,2,0,1,2026-06-24,other,823611,20,home,548384,6,62.9,82.6,69.2,58.4,R,Brooks Raley,PHI,5,CHC,0,RHH,0,Mid,High,medium
1,1,1,0,0,0,1,2026-06-25,other,823612,17,home,548384,10,62.9,82.6,69.2,58.4,R,Brooks Raley,PHI,4,CHC,0,,0,Mid,High,high
0,2,0,0,0,0,1,2026-06-30,hold,822793,10,away,548384,7,54.7,7.6,29.4,36.4,R,Brooks Raley,PHI,3,TOR,0,RHH,0,Mid,Low,high
0,1,0,0,0,0,1,2026-07-05,hold,824902,8,away,548384,7,51.3,55.8,59,68.1,R,Brooks Raley,PHI,3,ATL,0,RHH,1,Mid,Mid,high
0,1,0,0,0,0,0.1,2026-07-06,other,824900,3,away,548384,9,51.3,55.8,59,68.1,R,Brooks Raley,PHI,1,ATL,0,RHH,2,Mid,Mid,high
1,0,0,0,0,0,1,2026-07-08,other,823605,11,home,548384,8,57,42.9,50.8,55.5,R,Brooks Raley,PHI,4,KCR,0,RHH,0,Mid,Mid,high
0,0,0,0,0,0,1,2026-07-11,other,823603,11,home,548384,7,43,41.3,32.9,16,R,Brooks Raley,PHI,3,BOS,0,RHH,0,Low,Low,high
0,0,1,0,0,0,1,2026-07-12,other,823602,7,home,548384,10,43,41.3,32.9,16,R,Brooks Raley,PHI,3,BOS,0,RHH,0,Low,Low,high
0,1,0,1,0,0,0.1,2026-07-16,hold,823440,7,away,548384,6,32.1,30.7,33.4,37.3,R,Brooks Raley,PHI,2,PHI,0,LHH,1,Low,Low,medium
0,1,0,0,0,0,1,2026-07-21,other,823760,15,away,548384,8,67.4,75.3,66.3,55.3,R,Brooks Raley,PHI,3,MIL,0,RHH,0,High,High,high
2,0,1,1,1,0,1,2026-07-24,other,823601,23,home,548384,7,68.3,95.7,82.8,78.2,R,Brooks Raley,PHI,6,LAD,0,,0,High,High,high
0,1,0,0,0,0,1,2026-07-26,hold,823599,7,home,548384,7,68.3,95.7,82.8,78.2,R,Brooks Raley,PHI,3,LAD,0,RHH,0,High,High,high
1,1,0,0,0,0,1.2,2026-07-30,other,823595,14,home,548384,7,40.1,39.3,48.6,65.4,R,Brooks Raley,PHI,5,MIA,0,LHH,1,Low,Low,high
0,0,0,0,0,0,1,2026-08-02,other,823592,8,home,548384,6,40.1,39.3,48.6,65.4,R,Brooks Raley,PHI,3,MIA,0,LHH,0,Low,Low,medium
3,2,2,0,2,1,1,2026-08-05,blown_save,823429,23,home,548384,7,43.7,67,67.7,85.6,R,Brooks Raley,PHI,6,WSN,0,RHH,0,Low,High,high
0,1,0,1,0,0,1,2026-08-08,other,823426,17,home,548384,6,54.7,7.6,29.4,36.4,R,Brooks Raley,PHI,3,TOR,0,,1,Mid,Low,medium
0,0,0,0,0,0,1,2026-08-09,other,823425,6,home,548384,11,54.7,7.6,29.4,36.4,R,Brooks Raley,PHI,3,TOR,0,LHH,0,Mid,Low,high
0,2,0,0,0,0,1,2026-08-12,other,823017,13,away,548384,6,41,40.4,42.1,44.7,R,Brooks Raley,PHI,3,STL,0,RHH,0,Low,Low,low
2,3,0,1,0,0,2,2026-04-14,other,823478,32,home,663767,7,62.9,82.6,69.2,58.4,R,Chase Shugart,PHI,8,CHC,0,RHH,0,Mid,High,medium
1,0,1,0,1,1,1,2026-04-17,other,823476,11,home,663767,9,51.3,55.8,59,68.1,R,Chase Shugart,PHI,4,ATL,0,,0,Mid,Mid,high
1,1,0,1,0,0,0.2,2026-04-19,other,823475,20,home,663767,6,51.3,55.8,59,68.1,R,Chase Shugart,PHI,4,ATL,0,,0,Mid,Mid,medium
1,2,0,0,0,0,2,2026-04-20,other,824692,28,away,663767,6,62.9,82.6,69.2,58.4,R,Chase Shugart,PHI,7,CHC,0,RHH,0,Mid,High,low
1,0,0,0,0,0,0.2,2026-04-23,other,824689,7,away,663767,6,62.9,82.6,69.2,58.4,R,Chase Shugart,PHI,4,CHC,1,RHH,1,Mid,High,medium
0,0,0,0,0,0,0.1,2026-04-24,other,824932,6,away,663767,7,51.3,55.8,59,68.1,R,Chase Shugart,PHI,2,ATL,0,,0,Mid,Mid,high
1,1,0,0,0,0,1,2026-04-26,other,824934,7,away,663767,5,51.3,55.8,59,68.1,R,Chase Shugart,PHI,3,ATL,0,RHH,1,Mid,Mid,low
0,1,0,0,0,0,0.1,2026-04-30,other,823472,4,home,663767,9,35.1,17.2,38.2,64.4,R,Chase Shugart,PHI,1,SFG,0,RHH,2,Low,Low,high
1,1,0,0,0,0,1,2026-04-30,other,823471,16,home,663767,10,35.1,17.2,38.2,64.4,R,Chase Shugart,PHI,4,SFG,0,RHH,0,Low,Low,high
1,0,0,0,0,0,1.2,2026-05-03,other,823875,15,away,663767,7,40.1,39.3,48.6,65.4,R,Chase Shugart,PHI,5,MIA,0,RHH,1,Low,Low,medium
2,2,2,1,2,1,2,2026-05-07,other,823467,44,home,663767,6,42.3,37.3,48.1,64.7,R,Chase Shugart,PHI,9,ATH,0,,0,Low,Low,low
0,3,0,0,0,0,1,2026-05-09,other,823468,18,home,663767,8,34.5,31.8,26.1,13.5,R,Chase Shugart,PHI,4,COL,0,LHH,0,Low,Low,high
1,1,0,0,0,0,2,2026-05-15,other,823384,35,away,663767,7,33.5,60.7,62.1,84.2,R,Chase Shugart,PHI,7,PIT,0,LHH,0,Low,Mid,medium
0,3,0,1,0,0,2,2026-05-19,other,823464,26,home,663767,8,32.7,40.9,35.4,31,R,Chase Shugart,PHI,6,CIN,0,RHH,0,Low,Low,high
2,2,2,0,2,1,1.2,2026-05-31,other,823944,28,away,663767,6,68.3,95.7,82.8,78.2,R,Chase Shugart,PHI,7,LAD,0,,0,High,High,low
0,3,0,1,0,0,1,2026-06-06,other,823454,15,home,663767,9,32.2,45.8,54.2,79.5,R,Chase Shugart,PHI,4,CHW,0,,0,Low,Mid,high
1,0,3,3,3,0,0.1,2026-06-10,other,822804,21,away,663767,7,54.7,7.6,29.4,36.4,R,Chase Shugart,PHI,5,TOR,0,RHH,0,Mid,Low,medium
1,1,0,0,0,0,1,2026-06-12,other,823778,12,away,663767,7,67.4,75.3,66.3,55.3,R,Chase Shugart,PHI,4,MIL,0,LHH,0,High,High,medium
1,1,0,0,0,0,1.1,2026-06-14,other,823777,20,away,663767,6,67.4,75.3,66.3,55.3,R,Chase Shugart,PHI,5,MIL,0,RHH,1,High,High,medium
1,1,0,0,0,0,1,2026-06-15,other,823452,12,home,663767,9,40.1,39.3,48.6,65.4,R,Chase Shugart,PHI,4,MIA,0,RHH,0,Low,Low,high
2,0,1,0,1,1,0.2,2026-06-17,other,823450,10,home,663767,9,40.1,39.3,48.6,65.4,R,Chase Shugart,PHI,4,MIA,0,LHH,0,Low,Low,high
2,2,0,1,0,0,1,2026-06-22,other,822720,24,away,663767,8,43.7,67,67.7,85.6,R,Chase Shugart,PHI,6,WSN,0,LHH,0,Low,High,high
1,1,1,0,1,1,1,2026-06-23,other,822718,12,away,663767,9,43.7,67,67.7,85.6,R,Chase Shugart,PHI,4,WSN,0,,0,Low,High,high
0,2,0,0,0,0,1,2026-06-25,other,822717,18,away,663767,6,43.7,67,67.7,85.6,R,Chase Shugart,PHI,3,WSN,0,LHH,0,Low,High,medium
3,1,3,1,3,1,0.1,2026-06-28,blown_save,823608,20,away,663767,6,30.6,40,42.5,53.8,R,Chase Shugart,PHI,5,NYM,0,LHH,0,Low,Low,medium
2,2,3,1,3,1,1,2026-06-29,other,823444,24,home,663767,9,33.5,60.7,62.1,84.2,R,Chase Shugart,PHI,6,PIT,0,LHH,0,Low,Mid,high
0,2,0,0,0,0,2,2026-07-18,other,823441,29,home,663767,8,30.6,40,42.5,53.8,R,Chase Shugart,PHI,6,NYM,0,LHH,0,Low,Low,high
2,1,3,1,3,1,0.2,2026-07-20,other,823436,18,home,663767,9,68.3,95.7,82.8,78.2,R,Chase Shugart,PHI,5,LAD,0,LHH,0,High,High,high
1,5,0,1,0,0,2,2026-07-26,other,823433,39,home,663767,8,38.8,75.1,66.4,76,R,Chase Shugart,PHI,8,NYY,0,LHH,0,Low,High,high
0,1,0,1,0,0,1,2026-07-31,other,824809,12,away,663767,8,31.6,69.3,61.4,73.6,R,Chase Shugart,PHI,3,BAL,0,LHH,0,Low,Mid,high
1,0,1,1,1,0,0.2,2026-08-05,other,823429,18,home,663767,11,43.7,67,67.7,85.6,R,Chase Shugart,PHI,4,WSN,2,RHH,2,Low,High,high
1,1,0,0,0,0,1,2026-08-07,other,823428,19,home,663767,9,54.7,7.6,29.4,36.4,R,Chase Shugart,PHI,4,TOR,0,RHH,0,Mid,Low,high
2,1,3,1,1,1,2,2026-08-08,other,823426,39,home,663767,10,54.7,7.6,29.4,36.4,R,Chase Shugart,PHI,9,TOR,0,RHH,0,Mid,Low,high
1,2,0,0,0,0,1.2,2026-08-12,other,823017,20,away,663767,7,41,40.4,42.1,44.7,R,Chase Shugart,PHI,7,STL,1,,3,Low,Low,high
1,1,0,0,0,0,0.2,2026-03-26,save,823486,12,home,661395,9,36.6,27.1,36.4,46.9,R,Jhoan Duran,PHI,3,TEX,1,RHH,1,Low,Low,high
2,2,2,0,1,0,1,2026-03-28,other,823488,22,home,661395,10,36.6,27.1,36.4,46.9,R,Jhoan Duran,PHI,5,TEX,0,RHH,0,Low,Low,high
1,2,0,0,0,0,1,2026-03-31,save,823485,20,home,661395,9,43.7,67,67.7,85.6,R,Jhoan Duran,PHI,4,WSN,0,LHH,0,Low,High,high
0,1,0,0,0,0,1,2026-04-01,other,823483,6,home,661395,10,43.7,67,67.7,85.6,R,Jhoan Duran,PHI,2,WSN,0,,0,Low,High,high
0,1,0,0,0,0,1,2026-04-04,save,824378,8,away,661395,9,34.5,31.8,26.1,13.5,R,Jhoan Duran,PHI,3,COL,0,LHH,0,Low,Low,high
1,0,0,0,0,0,1,2026-04-06,save,823237,16,away,661395,9,35.1,17.2,38.2,64.4,R,Jhoan Duran,PHI,4,SFG,0,,0,Low,Low,high
0,1,0,0,0,0,1,2026-04-11,save,823480,12,home,661395,9,58.2,31.7,40.5,37.8,R,Jhoan Duran,PHI,3,ARI,0,LHH,0,Mid,Low,high
1,2,1,3,1,0,1,2026-05-05,other,823469,27,home,661395,9,42.3,37.3,48.1,64.7,R,Jhoan Duran,PHI,7,ATH,0,RHH,0,Low,Low,high
1,2,0,0,0,0,1,2026-05-08,other,823466,16,home,661395,8,34.5,31.8,26.1,13.5,R,Jhoan Duran,PHI,4,COL,0,RHH,0,Low,Low,high
0,2,0,0,0,0,1,2026-05-10,other,823463,15,home,661395,9,34.5,31.8,26.1,13.5,R,Jhoan Duran,PHI,3,COL,0,LHH,0,Low,Low,high
1,2,0,1,0,0,1,2026-05-12,save,824764,21,away,661395,9,43,41.3,32.9,16,R,Jhoan Duran,PHI,5,BOS,0,LHH,0,Low,Low,high
0,3,0,1,0,0,1,2026-05-14,save,824762,17,away,661395,9,43,41.3,32.9,16,R,Jhoan Duran,PHI,4,BOS,0,LHH,0,Low,Low,high
0,2,0,0,0,0,1,2026-05-18,save,823465,18,home,661395,9,32.7,40.9,35.4,31,R,Jhoan Duran,PHI,3,CIN,0,LHH,0,Low,Low,high
2,1,1,0,1,1,1,2026-05-22,other,823461,14,home,661395,9,50,36.8,42.8,44.4,R,Jhoan Duran,PHI,4,CLE,0,LHH,0,Mid,Low,high
1,1,0,0,0,0,1,2026-05-23,save,823458,20,home,661395,9,50,36.8,42.8,44.4,R,Jhoan Duran,PHI,4,CLE,0,LHH,0,Mid,Low,high
1,1,0,0,0,0,1,2026-05-25,save,823296,17,away,661395,9,40.5,52.4,53.2,63.3,R,Jhoan Duran,PHI,4,SDP,0,RHH,0,Low,Mid,high
0,2,0,0,0,0,1,2026-05-26,save,823294,14,away,661395,9,40.5,52.4,53.2,63.3,R,Jhoan Duran,PHI,3,SDP,0,RHH,0,Low,Mid,high
0,0,0,0,0,0,1,2026-05-30,save,823945,8,away,661395,9,68.3,95.7,82.8,78.2,R,Jhoan Duran,PHI,3,LAD,0,LHH,0,High,High,high
0,3,0,0,0,0,1,2026-06-02,save,823460,14,home,661395,9,40.5,52.4,53.2,63.3,R,Jhoan Duran,PHI,3,SDP,0,RHH,0,Low,Mid,high
0,2,0,0,0,0,1,2026-06-03,save,823456,16,home,661395,9,40.5,52.4,53.2,63.3,R,Jhoan Duran,PHI,3,SDP,0,LHH,0,Low,Mid,high
0,2,0,0,0,0,1,2026-06-05,save,823455,16,home,661395,9,32.2,45.8,54.2,79.5,R,Jhoan Duran,PHI,3,CHW,0,RHH,0,Low,Mid,high
1,0,0,0,0,0,1,2026-06-08,save,822806,9,away,661395,9,54.7,7.6,29.4,36.4,R,Jhoan Duran,PHI,4,TOR,0,LHH,0,Mid,Low,high
2,1,0,0,0,0,1,2026-06-10,save,822804,10,away,661395,9,54.7,7.6,29.4,36.4,R,Jhoan Duran,PHI,4,TOR,0,RHH,0,Mid,Low,high
0,1,0,0,0,0,1,2026-06-13,save,823776,11,away,661395,9,67.4,75.3,66.3,55.3,R,Jhoan Duran,PHI,3,MIL,0,LHH,0,High,High,high
1,2,0,0,0,0,1,2026-06-20,other,823447,17,home,661395,9,30.6,40,42.5,53.8,R,Jhoan Duran,PHI,4,NYM,0,RHH,0,Low,Low,high
1,3,0,0,0,0,1,2026-06-21,other,823449,15,home,661395,9,30.6,40,42.5,53.8,R,Jhoan Duran,PHI,4,NYM,0,,0,Low,Low,high
0,3,0,0,0,0,1,2026-06-24,save,822719,16,away,661395,9,43.7,67,67.7,85.6,R,Jhoan Duran,PHI,3,WSN,0,LHH,0,Low,High,high
1,1,0,0,0,0,1,2026-06-26,save,823610,17,away,661395,9,30.6,40,42.5,53.8,R,Jhoan Duran,PHI,4,NYM,0,LHH,0,Low,Low,high
0,0,0,1,0,0,1,2026-06-28,save,823608,20,away,661395,9,30.6,40,42.5,53.8,R,Jhoan Duran,PHI,4,NYM,0,LHH,0,Low,Low,high
1,1,0,0,0,0,1,2026-07-01,other,823446,14,home,661395,9,33.5,60.7,62.1,84.2,R,Jhoan Duran,PHI,4,PIT,0,,0,Low,Mid,high
1,3,0,0,0,0,1,2026-07-07,save,824495,20,away,661395,9,32.7,40.9,35.4,31,R,Jhoan Duran,PHI,4,CIN,0,,0,Low,Low,high
1,2,0,0,0,0,1,2026-07-09,save,824494,21,away,661395,9,32.7,40.9,35.4,31,R,Jhoan Duran,PHI,5,CIN,0,RHH,0,Low,Low,high
0,0,0,0,0,0,1,2026-07-11,save,824249,8,away,661395,9,43.2,42.5,49.7,62.5,R,Jhoan Duran,PHI,3,DET,0,LHH,0,Low,Low,high
1,0,0,0,0,0,1,2026-07-19,other,823439,22,home,661395,9,30.6,40,42.5,53.8,R,Jhoan Duran,PHI,4,NYM,0,,0,Low,Low,high
0,0,0,0,0,0,0.1,2026-07-20,other,823436,3,home,661395,9,68.3,95.7,82.8,78.2,R,Jhoan Duran,PHI,1,LAD,0,RHH,0,High,High,high
0,3,0,0,0,0,1,2026-07-25,other,823435,19,home,661395,9,38.8,75.1,66.4,76,R,Jhoan Duran,PHI,3,NYY,0,LHH,0,Low,High,high
5,0,3,0,3,0,0.1,2026-07-27,blown_save,823839,20,away,661395,9,40.1,39.3,48.6,65.4,R,Jhoan Duran,PHI,7,MIA,0,LHH,0,Low,Low,high
0,0,0,0,0,0,1,2026-08-01,other,824808,13,away,661395,9,31.6,69.3,61.4,73.6,R,Jhoan Duran,PHI,3,BAL,0,LHH,0,Low,Mid,high
0,2,0,0,0,0,1,2026-08-03,save,823431,15,home,661395,9,43.7,67,67.7,85.6,R,Jhoan Duran,PHI,4,WSN,0,,0,Low,High,high
2,1,0,0,0,0,1,2026-08-05,other,823429,16,home,661395,9,43.7,67,67.7,85.6,R,Jhoan Duran,PHI,5,WSN,0,LHH,0,Low,High,high
0,1,0,0,0,0,1,2026-08-06,other,823430,13,home,661395,9,43.7,67,67.7,85.6,R,Jhoan Duran,PHI,3,WSN,0,LHH,0,Low,High,high
1,1,0,0,0,0,1,2026-08-08,other,823426,16,home,661395,9,54.7,7.6,29.4,36.4,R,Jhoan Duran,PHI,4,TOR,0,,0,Mid,Low,high
1,1,0,1,0,0,1,2026-08-09,other,823425,11,home,661395,9,54.7,7.6,29.4,36.4,R,Jhoan Duran,PHI,4,TOR,0,LHH,0,Mid,Low,high
1,0,0,0,0,0,1,2026-03-26,other,823486,8,home,680742,7,36.6,27.1,36.4,46.9,R,Jonathan Bowlan,PHI,4,TEX,0,,0,Low,Low,medium
3,1,2,0,2,0,1.1,2026-03-30,other,823484,26,home,680742,5,43.7,67,67.7,85.6,R,Jonathan Bowlan,PHI,6,WSN,0,RHH,1,Low,High,low
2,1,1,0,1,0,0.2,2026-04-01,other,823483,17,home,680742,6,43.7,67,67.7,85.6,R,Jonathan Bowlan,PHI,4,WSN,0,LHH,0,Low,High,medium
0,2,0,0,0,0,1,2026-04-06,other,823237,15,away,680742,6,35.1,17.2,38.2,64.4,R,Jonathan Bowlan,PHI,3,SFG,0,RHH,0,Low,Low,medium
1,1,0,0,0,0,1,2026-04-08,other,823234,18,away,680742,7,35.1,17.2,38.2,64.4,R,Jonathan Bowlan,PHI,4,SFG,0,RHH,0,Low,Low,medium
0,1,0,0,0,0,1.1,2026-04-10,other,823482,19,home,680742,5,58.2,31.7,40.5,37.8,R,Jonathan Bowlan,PHI,4,ARI,0,RHH,1,Mid,Low,medium
1,2,0,1,0,0,0.2,2026-04-12,other,823479,18,home,680742,8,58.2,31.7,40.5,37.8,R,Jonathan Bowlan,PHI,4,ARI,1,LHH,1,Mid,Low,high
1,1,2,1,2,0,1,2026-04-30,blown_save,823471,22,home,680742,5,35.1,17.2,38.2,64.4,R,Jonathan Bowlan,PHI,5,SFG,0,,0,Low,Low,medium
2,0,3,1,3,0,0.2,2026-05-01,other,823877,31,away,680742,8,40.1,39.3,48.6,65.4,R,Jonathan Bowlan,PHI,5,MIA,0,LHH,0,Low,Low,high
0,1,0,0,0,0,1,2026-05-07,other,823467,11,home,680742,8,42.3,37.3,48.1,64.7,R,Jonathan Bowlan,PHI,3,ATH,0,LHH,0,Low,Low,high
1,1,0,0,0,0,2,2026-05-08,other,823466,20,home,680742,4,34.5,31.8,26.1,13.5,R,Jonathan Bowlan,PHI,5,COL,0,RHH,2,Low,Low,low
0,1,0,0,0,0,1,2026-05-10,other,823463,9,home,680742,8,34.5,31.8,26.1,13.5,R,Jonathan Bowlan,PHI,3,COL,0,RHH,0,Low,Low,high
2,2,1,0,0,0,1,2026-05-15,other,823384,21,away,680742,6,33.5,60.7,62.1,84.2,R,Jonathan Bowlan,PHI,6,PIT,0,LHH,0,Low,Mid,low
1,1,0,0,0,0,1,2026-05-17,other,823381,17,away,680742,8,33.5,60.7,62.1,84.2,R,Jonathan Bowlan,PHI,4,PIT,0,,0,Low,Mid,high
0,0,0,1,0,0,0.2,2026-05-19,other,823464,14,home,680742,7,32.7,40.9,35.4,31,R,Jonathan Bowlan,PHI,4,CIN,2,RHH,3,Low,Low,high
1,1,1,0,1,1,1,2026-05-24,other,823459,12,home,680742,8,50,36.8,42.8,44.4,R,Jonathan Bowlan,PHI,4,CLE,0,LHH,0,Mid,Low,high
0,0,0,0,0,0,1,2026-05-27,hold,823295,18,away,680742,8,40.5,52.4,53.2,63.3,R,Jonathan Bowlan,PHI,3,SDP,0,RHH,0,Low,Mid,high
2,2,1,0,0,0,1,2026-06-05,blown_save,823455,21,home,680742,7,32.2,45.8,54.2,79.5,R,Jonathan Bowlan,PHI,5,CHW,0,LHH,0,Low,Mid,high
1,3,0,0,0,0,2,2026-06-07,other,823453,19,home,680742,8,32.2,45.8,54.2,79.5,R,Jonathan Bowlan,PHI,6,CHW,0,LHH,0,Low,Mid,high
0,0,0,0,0,0,0.1,2026-06-10,other,822804,4,away,680742,6,54.7,7.6,29.4,36.4,R,Jonathan Bowlan,PHI,1,TOR,0,LHH,2,Mid,Low,high
1,2,0,0,0,0,1,2026-06-15,other,823452,20,home,680742,8,40.1,39.3,48.6,65.4,R,Jonathan Bowlan,PHI,5,MIA,0,LHH,0,Low,Low,high
0,0,0,0,0,0,1,2026-06-17,other,823450,11,home,680742,5,40.1,39.3,48.6,65.4,R,Jonathan Bowlan,PHI,3,MIA,0,LHH,0,Low,Low,medium
0,1,0,0,0,0,0.1,2026-06-21,hold,823449,4,home,680742,6,30.6,40,42.5,53.8,R,Jonathan Bowlan,PHI,1,NYM,0,RHH,2,Low,Low,high
0,1,0,0,0,0,0.1,2026-06-23,other,822718,5,away,680742,7,43.7,67,67.7,85.6,R,Jonathan Bowlan,PHI,1,WSN,0,RHH,2,Low,High,high
1,1,1,0,1,1,0.1,2026-06-24,blown_save,822719,12,away,680742,6,43.7,67,67.7,85.6,R,Jonathan Bowlan,PHI,3,WSN,1,LHH,1,Low,High,medium
1,1,0,1,0,0,0.2,2026-06-27,other,823609,10,away,680742,6,30.6,40,42.5,53.8,R,Jonathan Bowlan,PHI,4,NYM,2,,2,Low,Low,high
1,3,0,1,0,0,1,2026-06-30,other,823445,26,home,680742,8,33.5,60.7,62.1,84.2,R,Jonathan Bowlan,PHI,5,PIT,0,RHH,0,Low,Mid,high
2,2,0,0,0,0,1,2026-07-02,other,823442,24,home,680742,6,33.5,60.7,62.1,84.2,R,Jonathan Bowlan,PHI,5,PIT,0,RHH,0,Low,Mid,medium
1,3,0,0,0,0,1,2026-07-04,other,824092,20,away,680742,7,57,42.9,50.8,55.5,R,Jonathan Bowlan,PHI,4,KCR,0,LHH,0,Mid,Mid,medium
0,1,0,0,0,0,0.1,2026-07-07,hold,824495,6,away,680742,8,32.7,40.9,35.4,31,R,Jonathan Bowlan,PHI,1,CIN,0,RHH,3,Low,Low,high
0,1,0,0,0,0,1,2026-07-09,hold,824494,12,away,680742,8,32.7,40.9,35.4,31,R,Jonathan Bowlan,PHI,3,CIN,0,LHH,0,Low,Low,high
0,0,0,1,0,0,1,2026-07-11,hold,824249,9,away,680742,8,43.2,42.5,49.7,62.5,R,Jonathan Bowlan,PHI,4,DET,1,RHH,2,Low,Low,high
0,1,0,0,0,0,1,2026-07-12,other,824250,15,away,680742,9,43.2,42.5,49.7,62.5,R,Jonathan Bowlan,PHI,3,DET,0,LHH,0,Low,Low,high
0,0,0,1,0,0,1,2026-07-16,other,823440,14,home,680742,7,30.6,40,42.5,53.8,R,Jonathan Bowlan,PHI,3,NYM,0,LHH,0,Low,Low,medium
1,0,1,0,1,1,1,2026-07-20,other,823436,10,home,680742,7,68.3,95.7,82.8,78.2,R,Jonathan Bowlan,PHI,4,LAD,0,,0,High,High,medium
0,1,0,0,0,0,1,2026-07-21,other,823437,14,home,680742,9,68.3,95.7,82.8,78.2,R,Jonathan Bowlan,PHI,3,LAD,0,LHH,0,High,High,high
0,3,0,0,0,0,1,2026-07-24,other,823434,15,home,680742,8,38.8,75.1,66.4,76,R,Jonathan Bowlan,PHI,3,NYY,0,RHH,0,Low,High,high
1,1,0,0,0,0,1,2026-07-25,other,823435,18,home,680742,8,38.8,75.1,66.4,76,R,Jonathan Bowlan,PHI,4,NYY,0,LHH,0,Low,High,high
0,1,0,0,0,0,1,2026-07-27,hold,823839,14,away,680742,7,40.1,39.3,48.6,65.4,R,Jonathan Bowlan,PHI,3,MIA,0,LHH,0,Low,Low,high
1,1,2,1,2,1,1,2026-07-29,other,823837,18,away,680742,8,40.1,39.3,48.6,65.4,R,Jonathan Bowlan,PHI,5,MIA,0,LHH,0,Low,Low,high
1,3,0,0,0,0,1,2026-08-01,hold,824808,22,away,680742,7,31.6,69.3,61.4,73.6,R,Jonathan Bowlan,PHI,4,BAL,0,,0,Low,Mid,high
0,2,0,1,0,0,1,2026-08-05,other,823429,15,home,680742,8,43.7,67,67.7,85.6,R,Jonathan Bowlan,PHI,4,WSN,0,,0,Low,High,high
0,1,0,0,0,0,1,2026-08-06,other,823430,10,home,680742,8,43.7,67,67.7,85.6,R,Jonathan Bowlan,PHI,3,WSN,0,LHH,0,Low,High,high
0,1,0,0,0,0,1,2026-08-08,hold,823426,8,home,680742,7,54.7,7.6,29.4,36.4,R,Jonathan Bowlan,PHI,3,TOR,0,RHH,1,Mid,Low,high
0,1,0,0,0,0,1,2026-08-10,save,823018,10,away,680742,9,41,40.4,42.1,44.7,R,Jonathan Bowlan,PHI,3,STL,0,LHH,0,Low,Low,high
1,2,0,0,0,0,1,2026-03-28,other,823488,18,home,621237,7,36.6,27.1,36.4,46.9,R,José Alvarado,PHI,4,TEX,0,,0,Low,Low,medium
3,1,4,2,4,0,0.1,2026-03-30,other,823484,29,home,621237,9,43.7,67,67.7,85.6,R,José Alvarado,PHI,6,WSN,0,LHH,0,Low,High,high
1,0,0,0,0,0,1,2026-04-01,other,823483,8,home,621237,9,43.7,67,67.7,85.6,R,José Alvarado,PHI,3,WSN,0,,0,Low,High,high
0,1,0,1,0,0,0.1,2026-04-04,hold,824378,12,away,621237,7,34.5,31.8,26.1,13.5,R,José Alvarado,PHI,2,COL,0,,1,Low,Low,high
0,1,0,0,0,0,1,2026-04-06,hold,823237,22,away,621237,7,35.1,17.2,38.2,64.4,R,José Alvarado,PHI,3,SFG,0,RHH,0,Low,Low,high
2,2,2,0,1,0,0.2,2026-04-08,other,823234,17,away,621237,8,35.1,17.2,38.2,64.4,R,José Alvarado,PHI,5,SFG,0,LHH,0,Low,Low,high
0,0,0,0,0,0,0.1,2026-04-11,hold,823480,6,home,621237,7,58.2,31.7,40.5,37.8,R,José Alvarado,PHI,2,ARI,0,,0,Mid,Low,high
2,0,2,0,2,0,0.1,2026-04-12,blown_save,823479,13,home,621237,8,58.2,31.7,40.5,37.8,R,José Alvarado,PHI,3,ARI,0,RHH,0,Mid,Low,high
0,1,0,0,0,0,1,2026-04-15,other,823477,11,home,621237,8,62.9,82.6,69.2,58.4,R,José Alvarado,PHI,3,CHC,0,RHH,0,Mid,High,high
1,1,0,0,0,0,1,2026-04-18,other,823474,14,home,621237,7,51.3,55.8,59,68.1,R,José Alvarado,PHI,4,ATL,0,,0,Mid,Mid,high
2,1,1,1,1,0,0.1,2026-04-21,other,824690,23,away,621237,8,62.9,82.6,69.2,58.4,R,José Alvarado,PHI,5,CHC,0,RHH,0,Mid,High,high
1,1,0,1,0,0,1,2026-04-23,other,824689,10,away,621237,9,62.9,82.6,69.2,58.4,R,José Alvarado,PHI,5,CHC,0,RHH,0,Mid,High,high
1,0,0,0,0,0,1.1,2026-04-25,other,824933,17,away,621237,7,51.3,55.8,59,68.1,R,José Alvarado,PHI,4,ATL,0,LHH,1,Mid,Mid,high
2,1,0,1,0,0,0.2,2026-04-30,other,823471,17,home,621237,9,35.1,17.2,38.2,64.4,R,José Alvarado,PHI,5,SFG,1,LHH,1,Low,Low,high
2,1,0,0,0,0,0.1,2026-05-01,hold,823877,10,away,621237,8,40.1,39.3,48.6,65.4,R,José Alvarado,PHI,3,MIA,1,RHH,1,Low,Low,high
0,1,0,0,0,0,1,2026-05-04,hold,823874,8,away,621237,8,40.1,39.3,48.6,65.4,R,José Alvarado,PHI,3,MIA,0,RHH,0,Low,Low,high
1,2,0,1,0,0,0.2,2026-05-06,other,823470,16,home,621237,8,42.3,37.3,48.1,64.7,R,José Alvarado,PHI,4,ATH,0,,0,Low,Low,high
0,2,0,0,0,0,1,2026-05-08,other,823466,20,home,621237,9,34.5,31.8,26.1,13.5,R,José Alvarado,PHI,4,COL,0,RHH,0,Low,Low,high
0,1,0,0,0,0,0.2,2026-05-12,hold,824764,6,away,621237,8,43,41.3,32.9,16,R,José Alvarado,PHI,2,BOS,0,,1,Low,Low,high
2,1,1,0,1,0,1,2026-05-14,hold,824762,21,away,621237,8,43,41.3,32.9,16,R,José Alvarado,PHI,6,BOS,0,RHH,0,Low,Low,high
1,3,0,0,0,0,1,2026-05-15,other,823384,22,away,621237,9,33.5,60.7,62.1,84.2,R,José Alvarado,PHI,4,PIT,0,LHH,0,Low,Mid,high
2,0,1,1,1,0,0.2,2026-05-18,other,823465,20,home,621237,8,32.7,40.9,35.4,31,R,José Alvarado,PHI,5,CIN,0,RHH,0,Low,Low,high
2,1,2,0,2,1,1,2026-05-20,other,823462,17,home,621237,9,32.7,40.9,35.4,31,R,José Alvarado,PHI,5,CIN,0,RHH,0,Low,Low,high
1,2,0,0,0,0,1,2026-05-27,save,823295,20,away,621237,9,40.5,52.4,53.2,63.3,R,José Alvarado,PHI,4,SDP,0,RHH,0,Low,Mid,high
0,0,0,0,0,0,0.2,2026-05-30,other,823945,13,away,621237,6,68.3,95.7,82.8,78.2,R,José Alvarado,PHI,2,LAD,0,RHH,1,High,High,medium
0,0,0,0,0,0,1,2026-06-02,other,823460,11,home,621237,6,40.5,52.4,53.2,63.3,R,José Alvarado,PHI,3,SDP,0,RHH,0,Low,Mid,medium
1,1,2,1,2,1,1,2026-06-04,other,823457,25,home,621237,9,40.5,52.4,53.2,63.3,R,José Alvarado,PHI,5,SDP,0,RHH,0,Low,Mid,high
1,2,0,0,0,0,1,2026-06-07,other,823453,28,home,621237,6,32.2,45.8,54.2,79.5,R,José Alvarado,PHI,5,CHW,0,RHH,0,Low,Mid,medium
0,1,0,0,0,0,0.2,2026-06-09,other,822805,12,away,621237,8,54.7,7.6,29.4,36.4,R,José Alvarado,PHI,2,TOR,0,,0,Mid,Low,high
1,2,0,0,0,0,1,2026-06-10,hold,822804,19,away,621237,8,54.7,7.6,29.4,36.4,R,José Alvarado,PHI,4,TOR,0,,0,Mid,Low,high
2,1,2,0,2,1,1,2026-06-13,other,823776,15,away,621237,7,67.4,75.3,66.3,55.3,R,José Alvarado,PHI,5,MIL,0,LHH,0,High,High,medium
3,1,3,1,3,0,1,2026-06-18,other,823448,30,home,621237,7,30.6,40,42.5,53.8,R,José Alvarado,PHI,7,NYM,0,RHH,0,Low,Low,high
1,2,0,0,0,0,1,2026-06-21,other,823449,21,home,621237,7,30.6,40,42.5,53.8,R,José Alvarado,PHI,4,NYM,0,RHH,0,Low,Low,medium
1,1,0,1,0,0,1,2026-06-24,other,822719,26,away,621237,7,43.7,67,67.7,85.6,R,José Alvarado,PHI,5,WSN,0,LHH,0,Low,High,high
0,2,0,0,0,0,1,2026-06-25,other,822717,12,away,621237,7,43.7,67,67.7,85.6,R,José Alvarado,PHI,3,WSN,0,RHH,0,Low,High,high
1,2,0,0,0,0,1,2026-06-28,hold,823608,24,away,621237,7,30.6,40,42.5,53.8,R,José Alvarado,PHI,5,NYM,0,LHH,0,Low,Low,high
3,2,2,0,2,0,1,2026-07-02,other,823442,27,home,621237,7,33.5,60.7,62.1,84.2,R,José Alvarado,PHI,6,PIT,0,RHH,0,Low,Mid,high
2,2,4,3,4,0,1,2026-07-08,other,824496,35,away,621237,6,32.7,40.9,35.4,31,R,José Alvarado,PHI,8,CIN,0,RHH,0,Low,Low,medium
0,2,0,0,0,0,1,2026-07-12,other,824250,13,away,621237,7,43.2,42.5,49.7,62.5,R,José Alvarado,PHI,3,DET,0,RHH,0,Low,Low,medium
1,1,0,0,0,0,1,2026-07-18,other,823441,16,home,621237,7,30.6,40,42.5,53.8,R,José Alvarado,PHI,4,NYM,0,RHH,0,Low,Low,medium
0,1,0,0,0,0,1,2026-07-20,other,823436,11,home,621237,8,68.3,95.7,82.8,78.2,R,José Alvarado,PHI,3,LAD,0,LHH,0,High,High,high
0,1,0,0,0,0,1,2026-07-21,other,823437,16,home,621237,8,68.3,95.7,82.8,78.2,R,José Alvarado,PHI,3,LAD,0,RHH,0,High,High,high
0,0,0,0,0,0,1,2026-07-24,other,823434,9,home,621237,9,38.8,75.1,66.4,76,R,José Alvarado,PHI,3,NYY,0,LHH,0,Low,High,high
2,1,1,0,1,1,1,2026-07-25,other,823435,14,home,621237,7,38.8,75.1,66.4,76,R,José Alvarado,PHI,5,NYY,0,LHH,0,Low,High,high
0,1,0,0,0,0,1,2026-07-27,hold,823839,11,away,621237,6,40.1,39.3,48.6,65.4,R,José Alvarado,PHI,3,MIA,0,LHH,0,Low,Low,medium
0,1,0,1,0,0,1,2026-07-28,other,823838,16,away,621237,7,40.1,39.3,48.6,65.4,R,José Alvarado,PHI,4,MIA,0,,0,Low,Low,high
0,0,0,0,0,0,1,2026-08-01,other,824808,15,away,621237,8,31.6,69.3,61.4,73.6,R,José Alvarado,PHI,3,BAL,0,RHH,0,Low,Mid,high
0,1,1,2,0,0,1,2026-08-05,other,823429,19,home,621237,10,43.7,67,67.7,85.6,R,José Alvarado,PHI,6,WSN,0,RHH,0,Low,High,high
0,1,0,0,0,0,1,2026-08-06,other,823430,11,home,621237,7,43.7,67,67.7,85.6,R,José Alvarado,PHI,3,WSN,0,RHH,0,Low,High,medium
1,1,2,2,2,0,0.2,2026-08-08,blown_save,823426,27,home,621237,8,54.7,7.6,29.4,36.4,R,José Alvarado,PHI,5,TOR,0,RHH,0,Mid,Low,high
1,0,2,3,2,0,0.1,2026-08-12,other,823017,22,away,621237,7,41,40.4,42.1,44.7,R,José Alvarado,PHI,5,STL,0,LHH,0,Low,Low,medium
2,0,2,1,2,0,1,2026-04-07,other,823235,26,away,689147,8,35.1,17.2,38.2,64.4,R,Orion Kerkering,PHI,6,SFG,0,RHH,0,Low,Low,high
1,0,0,0,0,0,1,2026-04-10,other,823482,13,home,689147,8,58.2,31.7,40.5,37.8,R,Orion Kerkering,PHI,4,ARI,0,RHH,0,Mid,Low,high
0,1,0,0,0,0,1,2026-04-11,hold,823480,14,home,689147,6,58.2,31.7,40.5,37.8,R,Orion Kerkering,PHI,3,ARI,0,RHH,1,Mid,Low,medium
1,3,0,0,0,0,1.1,2026-04-13,other,823481,18,home,689147,8,62.9,82.6,69.2,58.4,R,Orion Kerkering,PHI,5,CHC,0,LHH,2,Mid,High,high
2,0,1,0,1,1,1,2026-04-17,other,823476,21,home,689147,8,51.3,55.8,59,68.1,R,Orion Kerkering,PHI,5,ATL,0,LHH,0,Mid,Mid,high
0,0,0,1,0,0,1,2026-04-19,other,823475,13,home,689147,8,51.3,55.8,59,68.1,R,Orion Kerkering,PHI,4,ATL,0,,0,Mid,Mid,high
0,0,0,2,0,0,0.1,2026-04-21,other,824690,15,away,689147,5,62.9,82.6,69.2,58.4,R,Orion Kerkering,PHI,3,CHC,1,LHH,2,Mid,High,medium
1,1,0,1,0,0,1,2026-04-23,other,824689,19,away,689147,7,62.9,82.6,69.2,58.4,R,Orion Kerkering,PHI,5,CHC,0,LHH,0,Mid,High,high
0,1,0,1,0,0,1.1,2026-04-25,other,824933,18,away,689147,6,51.3,55.8,59,68.1,R,Orion Kerkering,PHI,5,ATL,0,RHH,1,Mid,Mid,medium
0,2,0,0,0,0,1,2026-04-28,other,823473,20,home,689147,8,35.1,17.2,38.2,64.4,R,Orion Kerkering,PHI,3,SFG,0,RHH,0,Low,Low,high
2,0,0,0,0,0,0.2,2026-04-30,other,823472,17,home,689147,7,35.1,17.2,38.2,64.4,R,Orion Kerkering,PHI,4,SFG,0,RHH,0,Low,Low,high
0,1,0,0,0,0,1,2026-05-01,other,823877,13,away,689147,7,40.1,39.3,48.6,65.4,R,Orion Kerkering,PHI,4,MIA,0,RHH,0,Low,Low,medium
0,0,0,0,0,0,1,2026-05-03,other,823875,9,away,689147,9,40.1,39.3,48.6,65.4,R,Orion Kerkering,PHI,3,MIA,0,RHH,0,Low,Low,high
0,0,0,0,0,0,0.1,2026-05-06,other,823470,5,home,689147,8,42.3,37.3,48.1,64.7,R,Orion Kerkering,PHI,1,ATH,0,RHH,2,Low,Low,high
1,1,0,0,0,0,1,2026-05-08,other,823466,16,home,689147,10,34.5,31.8,26.1,13.5,R,Orion Kerkering,PHI,4,COL,0,LHH,0,Low,Low,high
0,1,0,0,0,0,1,2026-05-09,other,823468,14,home,689147,9,34.5,31.8,26.1,13.5,R,Orion Kerkering,PHI,3,COL,0,LHH,0,Low,Low,high
2,0,1,0,1,1,0.1,2026-05-13,other,824763,11,away,689147,6,43,41.3,32.9,16,R,Orion Kerkering,PHI,3,BOS,1,RHH,1,Low,Low,medium
0,1,1,1,0,0,1,2026-05-15,save,823384,18,away,689147,10,33.5,60.7,62.1,84.2,R,Orion Kerkering,PHI,4,PIT,0,RHH,0,Low,Mid,high
0,0,0,0,0,0,0.1,2026-05-18,other,823465,3,home,689147,8,32.7,40.9,35.4,31,R,Orion Kerkering,PHI,1,CIN,0,RHH,2,Low,Low,high
2,2,1,0,1,0,0.2,2026-05-20,other,823462,23,home,689147,7,32.7,40.9,35.4,31,R,Orion Kerkering,PHI,5,CIN,1,RHH,1,Low,Low,high
0,2,0,0,0,0,1,2026-05-23,hold,823458,12,home,689147,7,50,36.8,42.8,44.4,R,Orion Kerkering,PHI,3,CLE,0,LHH,0,Mid,Low,medium
0,2,0,0,0,0,1,2026-05-25,hold,823296,14,away,689147,7,40.5,52.4,53.2,63.3,R,Orion Kerkering,PHI,3,SDP,0,RHH,0,Low,Mid,medium
0,3,0,1,0,0,1,2026-05-26,hold,823294,16,away,689147,7,40.5,52.4,53.2,63.3,R,Orion Kerkering,PHI,4,SDP,0,RHH,0,Low,Mid,high
2,2,1,0,1,0,1,2026-05-30,other,823945,21,away,689147,7,68.3,95.7,82.8,78.2,R,Orion Kerkering,PHI,5,LAD,0,LHH,0,High,High,high
1,1,0,1,0,0,1,2026-06-02,hold,823460,16,home,689147,7,40.5,52.4,53.2,63.3,R,Orion Kerkering,PHI,5,SDP,0,RHH,0,Low,Mid,high
1,1,0,1,0,0,1,2026-06-04,other,823457,18,home,689147,8,40.5,52.4,53.2,63.3,R,Orion Kerkering,PHI,5,SDP,0,RHH,0,Low,Mid,high
1,2,0,1,0,0,1,2026-06-07,other,823453,27,home,689147,7,32.2,45.8,54.2,79.5,R,Orion Kerkering,PHI,5,CHW,0,RHH,0,Low,Mid,medium
0,2,0,0,0,0,1.1,2026-06-09,other,822805,22,away,689147,7,54.7,7.6,29.4,36.4,R,Orion Kerkering,PHI,4,TOR,0,RHH,0,Mid,Low,high
0,0,0,0,0,0,1,2026-06-13,other,823776,17,away,689147,6,67.4,75.3,66.3,55.3,R,Orion Kerkering,PHI,3,MIL,0,LHH,0,High,High,low
1,2,1,2,1,0,1,2026-06-17,other,823450,26,home,689147,8,40.1,39.3,48.6,65.4,R,Orion Kerkering,PHI,7,MIA,0,LHH,0,Low,Low,high
0,1,0,0,0,0,1,2026-06-21,other,823449,11,home,689147,8,30.6,40,42.5,53.8,R,Orion Kerkering,PHI,3,NYM,0,LHH,0,Low,Low,high
2,2,3,1,3,1,1,2026-06-23,blown_save,822718,22,away,689147,8,43.7,67,67.7,85.6,R,Orion Kerkering,PHI,7,WSN,0,LHH,0,Low,High,high
1,2,0,0,0,0,1,2026-06-25,other,822717,11,away,689147,8,43.7,67,67.7,85.6,R,Orion Kerkering,PHI,4,WSN,0,LHH,0,Low,High,high
0,1,0,0,0,0,1,2026-06-26,hold,823610,11,away,689147,8,30.6,40,42.5,53.8,R,Orion Kerkering,PHI,3,NYM,0,LHH,0,Low,Low,high
0,1,0,3,0,0,1,2026-06-28,hold,823608,27,away,689147,8,30.6,40,42.5,53.8,R,Orion Kerkering,PHI,6,NYM,0,,0,Low,Low,high
0,0,0,0,0,0,1.2,2026-07-01,other,823446,15,home,689147,7,33.5,60.7,62.1,84.2,R,Orion Kerkering,PHI,5,PIT,0,RHH,1,Low,Mid,high
0,2,0,0,0,0,1,2026-07-04,other,824092,14,away,689147,8,57,42.9,50.8,55.5,R,Orion Kerkering,PHI,3,KCR,0,RHH,0,Mid,Mid,high
0,0,0,3,0,0,0.2,2026-07-07,hold,824495,33,away,689147,8,32.7,40.9,35.4,31,R,Orion Kerkering,PHI,5,CIN,0,LHH,0,Low,Low,high
0,1,0,0,0,0,1,2026-07-12,other,824250,15,away,689147,8,43.2,42.5,49.7,62.5,R,Orion Kerkering,PHI,3,DET,0,LHH,0,Low,Low,high
0,1,0,0,0,0,1,2026-07-18,hold,823441,11,home,689147,6,30.6,40,42.5,53.8,R,Orion Kerkering,PHI,3,NYM,0,RHH,0,Low,Low,medium
1,1,0,1,0,0,0.2,2026-07-20,hold,823436,19,home,689147,6,68.3,95.7,82.8,78.2,R,Orion Kerkering,PHI,5,LAD,2,LHH,2,High,High,high
1,1,2,2,2,0,0.2,2026-07-22,other,823438,22,home,689147,8,68.3,95.7,82.8,78.2,R,Orion Kerkering,PHI,5,LAD,2,LHH,2,High,High,high
1,0,0,0,0,0,1,2026-07-27,hold,823839,14,away,689147,8,40.1,39.3,48.6,65.4,R,Orion Kerkering,PHI,4,MIA,0,LHH,0,Low,Low,high
1,0,0,1,0,0,1,2026-07-28,other,823838,20,away,689147,8,40.1,39.3,48.6,65.4,R,Orion Kerkering,PHI,5,MIA,0,LHH,0,Low,Low,high
2,2,4,1,4,0,0.2,2026-07-31,blown_save,824809,27,away,689147,7,31.6,69.3,61.4,73.6,R,Orion Kerkering,PHI,6,BAL,0,,0,Low,Mid,high
0,2,0,0,0,0,1,2026-08-03,hold,823431,21,home,689147,8,43.7,67,67.7,85.6,R,Orion Kerkering,PHI,3,WSN,0,LHH,0,Low,High,high
0,0,0,0,0,0,1,2026-08-05,hold,823429,10,home,689147,6,43.7,67,67.7,85.6,R,Orion Kerkering,PHI,3,WSN,0,LHH,0,Low,High,medium
2,3,1,1,1,0,1,2026-08-06,other,823430,29,home,689147,6,43.7,67,67.7,85.6,R,Orion Kerkering,PHI,6,WSN,0,,0,Low,High,low
0,0,0,0,0,0,0.1,2026-08-08,other,823426,3,home,689147,8,54.7,7.6,29.4,36.4,R,Orion Kerkering,PHI,1,TOR,0,LHH,1,Mid,Low,high
4,0,3,0,3,0,1,2026-08-09,blown_save,823425,27,home,689147,8,54.7,7.6,29.4,36.4,R,Orion Kerkering,PHI,7,TOR,0,RHH,0,Mid,Low,high
1,2,0,1,0,0,2,2026-03-28,other,823488,32,home,641835,8,36.6,27.1,36.4,46.9,R,Tim Mayza,PHI,8,TEX,0,RHH,0,Low,Low,high
0,2,0,0,0,0,2,2026-03-30,other,823484,23,home,641835,7,43.7,67,67.7,85.6,R,Tim Mayza,PHI,6,WSN,0,LHH,0,Low,High,medium
0,2,0,0,0,0,1,2026-04-03,other,824377,13,away,641835,8,34.5,31.8,26.1,13.5,R,Tim Mayza,PHI,3,COL,0,LHH,0,Low,Low,high
0,1,0,0,0,0,1,2026-04-05,other,824379,13,away,641835,6,34.5,31.8,26.1,13.5,R,Tim Mayza,PHI,3,COL,0,RHH,0,Low,Low,medium
0,1,0,0,0,0,1,2026-04-06,other,823237,9,away,641835,5,35.1,17.2,38.2,64.4,R,Tim Mayza,PHI,3,SFG,0,LHH,0,Low,Low,medium
1,1,0,0,0,0,0.2,2026-04-11,hold,823480,9,home,641835,6,58.2,31.7,40.5,37.8,R,Tim Mayza,PHI,3,ARI,0,LHH,0,Mid,Low,medium
0,1,0,0,0,0,1,2026-04-12,other,823479,9,home,641835,9,58.2,31.7,40.5,37.8,R,Tim Mayza,PHI,3,ARI,0,RHH,0,Mid,Low,high
1,0,4,2,3,0,0.1,2026-04-14,other,823478,26,home,641835,6,62.9,82.6,69.2,58.4,R,Tim Mayza,PHI,6,CHC,0,RHH,0,Mid,High,medium
1,0,0,0,0,0,2,2026-04-17,other,823476,23,home,641835,5,51.3,55.8,59,68.1,R,Tim Mayza,PHI,6,ATL,0,LHH,0,Mid,Mid,low
2,2,1,1,1,0,1,2026-04-19,blown_hold,823475,26,home,641835,5,51.3,55.8,59,68.1,R,Tim Mayza,PHI,6,ATL,2,LHH,2,Mid,Mid,medium
2,1,3,1,3,2,1,2026-04-21,other,824690,23,away,641835,7,62.9,82.6,69.2,58.4,R,Tim Mayza,PHI,6,CHC,0,RHH,0,Mid,High,high
1,1,0,1,0,0,1,2026-04-24,other,824932,21,away,641835,8,51.3,55.8,59,68.1,R,Tim Mayza,PHI,6,ATL,0,,0,Mid,Mid,high
1,0,0,0,0,0,1,2026-04-26,other,824934,17,away,641835,6,51.3,55.8,59,68.1,R,Tim Mayza,PHI,4,ATL,0,LHH,0,Mid,Mid,low
0,2,0,0,0,0,1,2026-04-28,other,823473,17,home,641835,9,35.1,17.2,38.2,64.4,R,Tim Mayza,PHI,3,SFG,0,RHH,0,Low,Low,high
0,1,0,0,0,0,0.2,2026-05-06,other,823470,7,home,641835,7,42.3,37.3,48.1,64.7,R,Tim Mayza,PHI,2,ATH,0,,0,Low,Low,high
1,2,1,0,1,1,2,2026-05-08,other,823466,20,home,641835,6,34.5,31.8,26.1,13.5,R,Tim Mayza,PHI,7,COL,0,RHH,0,Low,Low,low
0,0,0,0,0,0,0.1,2026-05-09,other,823468,3,home,641835,5,34.5,31.8,26.1,13.5,R,Tim Mayza,PHI,1,COL,0,LHH,2,Low,Low,medium
1,0,0,0,0,0,1,2026-05-13,other,824763,10,away,641835,8,43,41.3,32.9,16,R,Tim Mayza,PHI,3,BOS,0,RHH,0,Low,Low,high
1,2,1,0,1,1,1.1,2026-05-15,other,823384,17,away,641835,4,33.5,60.7,62.1,84.2,R,Tim Mayza,PHI,5,PIT,0,LHH,1,Low,Mid,low
3,2,2,0,2,0,1.1,2026-05-20,other,823462,28,home,641835,6,32.7,40.9,35.4,31,R,Tim Mayza,PHI,7,CIN,0,RHH,0,Low,Low,medium
1,0,0,0,0,0,0.2,2026-05-24,other,823459,8,home,641835,7,50,36.8,42.8,44.4,R,Tim Mayza,PHI,2,CLE,0,,1,Mid,Low,high
1,1,0,0,0,0,2,2026-05-29,other,823946,25,away,641835,7,68.3,95.7,82.8,78.2,R,Tim Mayza,PHI,7,LAD,0,RHH,0,High,High,medium
1,1,0,0,0,0,1,2026-06-06,other,823454,9,home,641835,8,32.2,45.8,54.2,79.5,R,Tim Mayza,PHI,3,CHW,0,RHH,0,Low,Mid,high
1,0,0,0,0,0,0.2,2026-06-07,other,823453,16,home,641835,5,32.2,45.8,54.2,79.5,R,Tim Mayza,PHI,3,CHW,2,RHH,2,Low,Mid,medium
1,2,0,0,0,0,1,2026-06-12,other,823778,22,away,641835,8,67.4,75.3,66.3,55.3,R,Tim Mayza,PHI,4,MIL,0,,0,High,High,high
1,0,0,0,0,0,0.1,2026-06-13,other,823776,5,away,641835,5,67.4,75.3,66.3,55.3,R,Tim Mayza,PHI,2,MIL,0,LHH,1,High,High,medium
1,1,0,0,0,0,1,2026-06-15,other,823452,17,home,641835,7,40.1,39.3,48.6,65.4,R,Tim Mayza,PHI,3,MIA,0,RHH,0,Low,Low,medium
1,3,0,0,0,0,2,2026-06-17,other,823450,31,home,641835,3,40.1,39.3,48.6,65.4,R,Tim Mayza,PHI,7,MIA,0,LHH,0,Low,Low,medium
0,0,0,0,0,0,1,2026-06-25,other,822717,12,away,641835,9,43.7,67,67.7,85.6,R,Tim Mayza,PHI,3,WSN,0,RHH,0,Low,High,high
1,2,0,1,0,0,2,2026-06-29,other,823444,35,home,641835,7,33.5,60.7,62.1,84.2,R,Tim Mayza,PHI,8,PIT,0,RHH,0,Low,Mid,medium
3,1,1,0,1,0,1,2026-07-02,blown_hold,823442,13,home,641835,5,33.5,60.7,62.1,84.2,R,Tim Mayza,PHI,5,PIT,0,RHH,0,Low,Mid,medium
0,1,0,0,0,0,1,2026-07-04,other,824092,11,away,641835,9,57,42.9,50.8,55.5,R,Tim Mayza,PHI,3,KCR,0,RHH,0,Mid,Mid,high
1,2,0,0,0,0,1,2026-07-08,other,824496,21,away,641835,8,32.7,40.9,35.4,31,R,Tim Mayza,PHI,4,CIN,0,RHH,0,Low,Low,high
2,1,5,2,4,0,1,2026-07-10,other,824252,36,away,641835,6,43.2,42.5,49.7,62.5,R,Tim Mayza,PHI,8,DET,0,,0,Low,Low,medium
4,1,1,0,1,0,1,2026-07-19,other,823439,22,home,641835,5,30.6,40,42.5,53.8,R,Tim Mayza,PHI,6,NYM,0,RHH,0,Low,Low,low
1,0,2,1,2,0,1.1,2026-07-22,other,823438,20,home,641835,7,68.3,95.7,82.8,78.2,R,Tim Mayza,PHI,5,LAD,0,LHH,1,High,High,high
1,2,1,0,1,1,1,2026-07-26,other,823433,16,home,641835,7,38.8,75.1,66.4,76,R,Tim Mayza,PHI,4,NYY,0,RHH,0,Low,High,medium
0,1,0,0,0,0,0.1,2026-07-28,other,823838,6,away,641835,6,40.1,39.3,48.6,65.4,R,Tim Mayza,PHI,1,MIA,0,RHH,2,Low,Low,high
1,0,0,1,0,0,0.1,2026-07-31,other,824809,12,away,641835,7,31.6,69.3,61.4,73.6,R,Tim Mayza,PHI,3,BAL,2,RHH,2,Low,Mid,high
2,3,0,0,0,0,2,2026-08-02,other,824807,30,away,641835,4,31.6,69.3,61.4,73.6,R,Tim Mayza,PHI,7,BAL,0,RHH,0,Low,Mid,low
0,0,0,1,0,0,1,2026-08-05,other,823429,16,home,641835,5,43.7,67,67.7,85.6,R,Tim Mayza,PHI,3,WSN,0,LHH,0,Low,High,medium
0,0,0,0,0,0,1.2,2026-08-07,other,823428,21,home,641835,6,54.7,7.6,29.4,36.4,R,Tim Mayza,PHI,5,TOR,1,RHH,3,Mid,Low,high
0,2,0,1,0,0,1,2026-08-09,other,823425,16,home,641835,10,54.7,7.6,29.4,36.4,R,Tim Mayza,PHI,4,TOR,0,RHH,0,Mid,Low,high
1,1,1,0,1,1,1,2026-08-11,other,823019,13,away,641835,8,41,40.4,42.1,44.7,R,Tim Mayza,PHI,4,STL,0,RHH,0,Low,Low,high
1,7,3,2,2,0,5.1,2026-06-07,other,824916,88,away,696149,2,51.3,55.8,59,68.1,R,Bubba Chandler,PIT,20,ATL,0,,0,Mid,Mid,medium
0,0,0,0,0,0,1,2026-03-25,other,823244,13,away,666808,9,35.1,17.2,38.2,64.4,R,Camilo Doval,PIT,4,SFG,0,RHH,0,Low,Low,high
0,3,0,0,0,0,1,2026-03-27,hold,823243,12,away,666808,8,35.1,17.2,38.2,64.4,R,Camilo Doval,PIT,3,SFG,0,RHH,0,Low,Low,high
0,0,0,0,0,0,0.1,2026-03-30,other,823159,2,away,666808,7,43.3,45.2,49.2,57.9,R,Camilo Doval,PIT,1,SEA,0,RHH,2,Low,Low,high
2,1,2,1,2,0,0.2,2026-04-01,other,823157,19,away,666808,8,43.3,45.2,49.2,57.9,R,Camilo Doval,PIT,5,SEA,0,LHH,0,Low,Low,high
3,1,2,0,2,0,0.1,2026-04-04,blown_save,823569,23,home,666808,8,40.1,39.3,48.6,65.4,R,Camilo Doval,PIT,4,MIA,0,LHH,0,Low,Low,high
0,1,0,0,0,0,1,2026-04-08,other,823564,12,home,666808,7,42.3,37.3,48.1,64.7,R,Camilo Doval,PIT,4,ATH,0,RHH,0,Low,Low,high
1,0,0,0,0,0,0.2,2026-04-10,other,822997,8,away,666808,6,77.8,34.8,51.2,51,R,Camilo Doval,PIT,3,TBR,1,RHH,2,High,Mid,high
0,0,0,0,0,0,1,2026-04-12,other,822998,11,away,666808,7,77.8,34.8,51.2,51,R,Camilo Doval,PIT,3,TBR,1,RHH,1,High,Mid,high
2,1,2,0,2,1,1.1,2026-04-13,other,823563,26,home,666808,7,22.6,13.1,27.4,47.2,R,Camilo Doval,PIT,6,LAA,0,RHH,1,Low,Low,high
1,1,1,0,1,1,1,2026-04-17,blown_save,823559,16,home,666808,8,57,42.9,50.8,55.5,R,Camilo Doval,PIT,4,KCR,0,RHH,0,Mid,Mid,high
0,1,0,1,0,0,1,2026-04-25,other,824203,13,away,666808,8,38.5,45.2,48.8,60.3,R,Camilo Doval,PIT,4,HOU,0,RHH,0,Low,Low,high
1,2,1,0,1,1,1,2026-04-27,other,822906,16,away,666808,7,36.6,27.1,36.4,46.9,R,Camilo Doval,PIT,4,TEX,0,,0,Low,Low,medium
0,2,0,0,0,0,1,2026-05-01,other,823557,11,home,666808,8,31.6,69.3,61.4,73.6,R,Camilo Doval,PIT,3,BAL,0,LHH,0,Low,Mid,high
0,1,1,1,1,0,0.2,2026-05-02,hold,823554,15,home,666808,7,31.6,69.3,61.4,73.6,R,Camilo Doval,PIT,3,BAL,0,RHH,0,Low,Mid,medium
1,1,0,0,0,0,1,2026-05-04,other,823552,8,home,666808,8,31.6,69.3,61.4,73.6,R,Camilo Doval,PIT,4,BAL,0,LHH,0,Low,Mid,high
2,1,0,0,0,0,1,2026-05-07,other,823551,23,home,666808,9,36.6,27.1,36.4,46.9,R,Camilo Doval,PIT,5,TEX,0,LHH,0,Low,Low,high
2,0,1,0,1,0,0.2,2026-05-09,blown_save,823792,17,away,666808,8,67.4,75.3,66.3,55.3,R,Camilo Doval,PIT,4,MIL,0,,0,High,High,high
0,1,0,0,0,0,1,2026-05-11,other,824844,17,away,666808,8,31.6,69.3,61.4,73.6,R,Camilo Doval,PIT,3,BAL,0,LHH,0,Low,Mid,high
0,0,0,0,0,0,0.2,2026-05-16,other,823627,8,away,666808,7,30.6,40,42.5,53.8,R,Camilo Doval,PIT,2,NYM,1,RHH,2,Low,Low,high
0,0,0,0,0,0,1,2026-05-17,hold,823628,15,away,666808,7,30.6,40,42.5,53.8,R,Camilo Doval,PIT,3,NYM,0,RHH,0,Low,Low,medium
2,0,1,1,1,0,1,2026-05-19,save,823548,22,home,666808,9,54.7,7.6,29.4,36.4,R,Camilo Doval,PIT,6,TOR,0,RHH,0,Mid,Low,high
1,0,1,0,1,1,0.2,2026-05-21,other,823545,11,home,666808,7,54.7,7.6,29.4,36.4,R,Camilo Doval,PIT,3,TOR,0,RHH,0,Mid,Low,high
0,0,0,0,0,0,1,2026-05-22,other,823546,7,home,666808,8,77.8,34.8,51.2,51,R,Camilo Doval,PIT,2,TBR,1,,2,High,Mid,high
0,0,0,0,0,0,1,2026-05-27,other,824104,11,away,666808,9,57,42.9,50.8,55.5,R,Camilo Doval,PIT,3,KCR,0,RHH,0,Mid,Mid,high
0,0,0,0,0,0,0.1,2026-05-30,other,825000,2,away,666808,7,42.3,37.3,48.1,64.7,R,Camilo Doval,PIT,1,ATH,0,RHH,0,Low,Low,medium
4,2,3,0,3,0,1,2026-06-02,other,823541,28,home,666808,8,50,36.8,42.8,44.4,R,Camilo Doval,PIT,7,CLE,0,LHH,0,Mid,Low,high
0,2,0,0,0,0,1,2026-06-05,other,823538,9,home,666808,9,43,41.3,32.9,16,R,Camilo Doval,PIT,3,BOS,0,LHH,0,Low,Low,high
2,0,0,0,0,0,0.1,2026-06-08,other,824427,14,away,666808,8,50,36.8,42.8,44.4,R,Camilo Doval,PIT,3,CLE,0,LHH,0,Mid,Low,high
1,0,0,0,0,0,1,2026-06-09,other,824429,8,away,666808,7,50,36.8,42.8,44.4,R,Camilo Doval,PIT,3,CLE,0,LHH,0,Mid,Low,high
1,2,0,1,0,0,1,2026-06-12,other,822803,18,away,666808,7,54.7,7.6,29.4,36.4,R,Camilo Doval,PIT,5,TOR,0,RHH,0,Mid,Low,high
0,2,0,0,0,0,1,2026-06-14,other,822801,15,away,666808,8,54.7,7.6,29.4,36.4,R,Camilo Doval,PIT,3,TOR,0,RHH,0,Mid,Low,high
2,1,1,0,1,1,1.2,2026-06-18,other,823533,16,home,666808,8,32.2,45.8,54.2,79.5,R,Camilo Doval,PIT,7,CHW,3,LHH,3,Low,Mid,high
2,2,1,1,0,0,1,2026-06-21,other,823531,29,home,666808,9,32.7,40.9,35.4,31,R,Camilo Doval,PIT,6,CIN,0,RHH,0,Low,Low,high
0,0,0,1,0,0,0.2,2026-06-24,hold,824259,15,away,666808,7,43.2,42.5,49.7,62.5,R,Camilo Doval,PIT,3,DET,0,RHH,0,Low,Low,high
0,1,0,0,0,0,0.2,2026-06-27,other,824745,9,away,666808,7,43,41.3,32.9,16,R,Camilo Doval,PIT,2,BOS,0,,0,Low,Low,medium
0,3,0,0,0,0,1,2026-06-29,other,823529,15,home,666808,8,43.2,42.5,49.7,62.5,R,Camilo Doval,PIT,3,DET,0,RHH,0,Low,Low,high
1,0,4,3,2,0,1,2026-07-01,other,823530,21,home,666808,11,43.2,42.5,49.7,62.5,R,Camilo Doval,PIT,7,DET,0,RHH,0,Low,Low,high
3,2,4,0,0,1,1,2026-07-04,other,823526,27,home,666808,8,39.7,33.8,47.1,67.6,R,Camilo Doval,PIT,7,MIN,0,RHH,0,Low,Low,high
3,1,2,1,2,0,1,2026-07-05,other,823525,20,home,666808,6,39.7,33.8,47.1,67.6,R,Camilo Doval,PIT,7,MIN,0,RHH,0,Low,Low,low
0,0,0,1,0,0,0.2,2026-07-09,other,822954,13,away,666808,4,77.8,34.8,51.2,51,R,Camilo Doval,PIT,4,TBR,0,RHH,1,High,Mid,low
0,0,0,3,0,0,1.2,2026-07-19,other,823523,31,home,666808,8,68.3,95.7,82.8,78.2,R,Camilo Doval,PIT,8,LAD,1,,2,High,High,high
0,3,0,0,0,0,1,2026-07-26,other,823433,12,away,666808,5,32.1,30.7,33.4,37.3,R,Camilo Doval,PIT,3,PHI,0,RHH,2,Low,Low,medium
1,1,1,1,0,0,0.2,2026-07-27,other,824570,20,away,666808,9,32.2,45.8,54.2,79.5,R,Camilo Doval,PIT,5,CHW,0,LHH,0,Low,Mid,high
0,0,1,2,0,0,1,2026-07-29,blown_save,824567,17,away,666808,11,32.2,45.8,54.2,79.5,R,Camilo Doval,PIT,5,CHW,0,LHH,0,Low,Mid,high
1,1,1,0,1,1,1,2026-08-02,other,824483,14,away,666808,8,32.7,40.9,35.4,31,R,Camilo Doval,PIT,4,CIN,0,,0,Low,Low,high
0,1,0,0,0,0,1,2026-08-03,hold,823757,9,away,666808,8,67.4,75.3,66.3,55.3,R,Camilo Doval,PIT,3,MIL,0,LHH,0,High,High,high
0,0,0,1,0,0,1,2026-08-06,other,823754,14,away,666808,7,67.4,75.3,66.3,55.3,R,Camilo Doval,PIT,3,MIL,0,,0,High,High,medium
1,3,0,1,0,0,1,2026-08-09,other,823345,28,home,666808,6,30.6,40,42.5,53.8,R,Camilo Doval,PIT,5,NYM,0,LHH,0,Low,Low,low
0,1,0,2,0,0,1,2026-08-12,other,823833,25,away,666808,8,40.1,39.3,48.6,65.4,R,Camilo Doval,PIT,5,MIA,0,RHH,0,Low,Low,high
2,5,0,2,0,0,6,2026-04-15,other,823399,81,home,669387,2,43.7,67,67.7,85.6,R,Carmen Mlodzinski,PIT,23,WSN,0,LHH,0,Low,High,medium
4,2,2,3,2,0,5,2026-05-14,other,823383,76,home,669387,3,34.5,31.8,26.1,13.5,R,Carmen Mlodzinski,PIT,20,COL,0,RHH,0,Low,Low,medium
4,3,1,0,1,1,4,2026-06-04,save,824185,55,away,669387,6,38.5,45.2,48.8,60.3,R,Carmen Mlodzinski,PIT,15,HOU,0,,0,Low,Low,low
3,3,4,3,4,1,3.2,2026-06-10,other,823372,76,home,669387,5,68.3,95.7,82.8,78.2,R,Carmen Mlodzinski,PIT,17,LAD,0,LHH,0,High,High,medium
6,2,6,1,0,1,3,2026-06-15,other,824993,75,away,669387,5,42.3,37.3,48.1,64.7,R,Carmen Mlodzinski,PIT,18,ATH,0,,0,Low,Low,low
1,2,0,1,0,0,2,2026-06-20,other,824342,32,away,669387,7,34.5,31.8,26.1,13.5,R,Carmen Mlodzinski,PIT,8,COL,0,LHH,0,Low,Low,high
2,3,0,0,0,0,3,2026-06-24,save,823367,39,home,669387,7,43.3,45.2,49.2,57.9,R,Carmen Mlodzinski,PIT,11,SEA,0,LHH,0,Low,Low,medium
3,1,0,1,0,0,2,2026-06-28,hold,823362,42,home,669387,7,32.7,40.9,35.4,31,R,Carmen Mlodzinski,PIT,10,CIN,0,LHH,0,Low,Low,high
2,0,0,0,0,0,3,2026-07-02,other,823442,35,away,669387,5,32.1,30.7,33.4,37.3,R,Carmen Mlodzinski,PIT,11,PHI,0,LHH,0,Low,Low,medium
0,2,0,0,0,0,2,2026-07-07,other,823361,24,home,669387,7,51.3,55.8,59,68.1,R,Carmen Mlodzinski,PIT,6,ATL,0,LHH,0,Mid,Mid,medium
3,2,1,2,1,0,3,2026-07-11,other,823357,57,home,669387,6,67.4,75.3,66.3,55.3,R,Carmen Mlodzinski,PIT,14,MIL,0,LHH,0,High,High,medium
2,2,0,0,0,0,3,2026-07-18,hold,824414,41,away,669387,6,50,36.8,42.8,44.4,R,Carmen Mlodzinski,PIT,11,CLE,0,LHH,0,Mid,Low,low
3,3,3,2,3,1,2.2,2026-07-22,blown_save,823518,50,away,669387,6,38.8,75.1,66.4,76,R,Carmen Mlodzinski,PIT,13,NYY,0,LHH,0,Low,High,medium
3,2,1,0,1,0,2,2026-07-26,other,823354,33,home,669387,7,62.9,82.6,69.2,58.4,R,Carmen Mlodzinski,PIT,9,CHC,0,RHH,0,Mid,High,medium
2,1,0,0,0,0,3,2026-07-29,other,823351,30,home,669387,7,58.2,31.7,40.5,37.8,R,Carmen Mlodzinski,PIT,10,ARI,0,LHH,0,Mid,Low,medium
1,4,0,1,0,0,3,2026-08-01,hold,824485,47,away,669387,6,32.7,40.9,35.4,31,R,Carmen Mlodzinski,PIT,11,CIN,0,,0,Low,Low,medium
1,3,0,1,0,0,2,2026-04-13,other,823400,31,home,681895,8,43.7,67,67.7,85.6,R,Evan Sisk,PIT,9,WSN,0,,0,Low,High,high
2,1,1,0,1,0,0.1,2026-04-16,other,823396,14,home,681895,6,43.7,67,67.7,85.6,R,Evan Sisk,PIT,3,WSN,1,RHH,1,Low,High,medium
4,2,1,0,1,0,1.2,2026-04-18,blown_save,823394,38,home,681895,5,77.8,34.8,51.2,51,R,Evan Sisk,PIT,8,TBR,2,RHH,2,High,Mid,medium
1,2,0,0,0,0,1,2026-04-21,other,822914,20,away,681895,8,36.6,27.1,36.4,46.9,R,Evan Sisk,PIT,4,TEX,0,LHH,0,Low,Low,high
0,2,0,2,0,0,2,2026-04-23,other,822912,32,away,681895,5,36.6,27.1,36.4,46.9,R,Evan Sisk,PIT,7,TEX,0,LHH,0,Low,Low,low
1,2,0,0,0,0,1.1,2026-04-26,other,823797,23,away,681895,4,67.4,75.3,66.3,55.3,R,Evan Sisk,PIT,6,MIL,0,LHH,1,High,High,low
1,0,0,0,0,0,0.2,2026-04-27,hold,823395,16,home,681895,7,41,40.4,42.1,44.7,R,Evan Sisk,PIT,3,STL,0,LHH,0,Low,Low,high
0,2,1,1,1,0,1.1,2026-04-29,other,823392,27,home,681895,6,41,40.4,42.1,44.7,R,Evan Sisk,PIT,6,STL,0,,0,Low,Low,medium
0,2,0,0,0,0,1,2026-05-01,other,823389,15,home,681895,9,32.7,40.9,35.4,31,R,Evan Sisk,PIT,3,CIN,0,RHH,0,Low,Low,high
2,0,0,0,0,0,1.2,2026-05-05,other,825092,25,away,681895,6,58.2,31.7,40.5,37.8,R,Evan Sisk,PIT,6,ARI,1,LHH,2,Mid,Low,high
1,1,0,0,0,0,1,2026-05-08,other,823225,11,away,681895,7,35.1,17.2,38.2,64.4,R,Evan Sisk,PIT,4,SFG,2,LHH,3,Low,Low,high
0,1,0,0,0,0,1,2026-05-09,other,823224,10,away,681895,8,35.1,17.2,38.2,64.4,R,Evan Sisk,PIT,3,SFG,0,LHH,0,Low,Low,high
0,2,0,0,0,0,1.1,2026-05-13,other,823386,17,home,681895,6,34.5,31.8,26.1,13.5,R,Evan Sisk,PIT,4,COL,0,RHH,1,Low,Low,medium
0,1,0,0,0,0,1,2026-05-14,other,823383,15,home,681895,2,34.5,31.8,26.1,13.5,R,Evan Sisk,PIT,3,COL,0,LHH,0,Low,Low,medium
1,3,0,1,0,0,1.2,2026-05-16,other,823382,36,home,681895,4,32.1,30.7,33.4,37.3,R,Evan Sisk,PIT,7,PHI,0,,0,Low,Low,low
2,0,1,2,1,1,1,2026-05-19,blown_save,823059,18,away,681895,6,41,40.4,42.1,44.7,R,Evan Sisk,PIT,6,STL,1,LHH,1,Low,Low,medium
0,1,0,0,0,0,1,2026-05-20,hold,823057,15,away,681895,7,41,40.4,42.1,44.7,R,Evan Sisk,PIT,3,STL,0,LHH,0,Low,Low,medium
0,1,0,0,0,0,1.1,2026-05-23,other,822814,9,away,681895,7,54.7,7.6,29.4,36.4,R,Evan Sisk,PIT,3,TOR,0,LHH,1,Mid,Low,medium
1,1,0,1,0,0,0.2,2026-05-27,other,823376,17,home,681895,6,62.9,82.6,69.2,58.4,R,Evan Sisk,PIT,4,CHC,0,RHH,0,Mid,High,medium
0,1,0,0,0,0,0.2,2026-05-29,other,823377,11,home,681895,5,39.7,33.8,47.1,67.6,R,Evan Sisk,PIT,2,MIN,0,,1,Low,Low,medium
0,2,0,1,0,0,1.1,2026-05-30,hold,823375,21,home,681895,6,39.7,33.8,47.1,67.6,R,Evan Sisk,PIT,5,MIN,0,,0,Low,Low,medium
2,3,0,1,0,0,1.1,2026-06-05,other,824914,28,away,681895,5,51.3,55.8,59,68.1,R,Evan Sisk,PIT,6,ATL,0,,1,Mid,Mid,medium
1,1,0,0,0,0,1.2,2026-06-07,blown_save,824916,26,away,681895,7,51.3,55.8,59,68.1,R,Evan Sisk,PIT,6,ATL,3,RHH,3,Mid,Mid,high
0,1,0,0,0,0,0.1,2026-06-10,other,823372,8,home,681895,8,68.3,95.7,82.8,78.2,R,Evan Sisk,PIT,1,LAD,0,RHH,1,High,High,high
2,1,2,1,2,0,0.2,2026-06-11,other,823371,31,home,681895,7,68.3,95.7,82.8,78.2,R,Evan Sisk,PIT,7,LAD,0,RHH,0,High,High,high
1,0,0,0,0,0,1,2026-06-14,other,823368,16,home,681895,7,40.1,39.3,48.6,65.4,R,Evan Sisk,PIT,3,MIA,0,LHH,0,Low,Low,high
1,2,0,0,0,0,1,2026-06-16,other,824991,15,away,681895,6,42.3,37.3,48.1,64.7,R,Evan Sisk,PIT,4,ATH,0,,0,Low,Low,medium
1,1,1,0,1,1,1,2026-06-17,other,824992,13,away,681895,7,42.3,37.3,48.1,64.7,R,Evan Sisk,PIT,4,ATH,0,RHH,0,Low,Low,medium
2,3,0,0,0,0,2,2026-06-21,other,824343,35,away,681895,6,34.5,31.8,26.1,13.5,R,Evan Sisk,PIT,8,COL,0,RHH,0,Low,Low,low
1,0,0,1,0,0,1,2026-06-25,hold,823366,23,home,681895,6,43.3,45.2,49.2,57.9,R,Evan Sisk,PIT,6,SEA,0,LHH,1,Low,Low,medium
1,0,2,1,2,0,0.1,2026-06-27,other,823364,11,home,681895,5,32.7,40.9,35.4,31,R,Evan Sisk,PIT,3,CIN,0,LHH,1,Low,Low,medium
1,1,0,0,0,0,1,2026-06-29,hold,823444,14,away,681895,7,32.1,30.7,33.4,37.3,R,Evan Sisk,PIT,5,PHI,0,RHH,0,Low,Low,medium
0,2,0,1,0,0,1,2026-08-05,other,823753,20,away,681895,8,67.4,75.3,66.3,55.3,R,Evan Sisk,PIT,4,MIL,0,,0,High,High,high
1,2,1,0,1,0,1.2,2026-08-07,other,823349,37,home,681895,4,30.6,40,42.5,53.8,R,Evan Sisk,PIT,7,NYM,0,RHH,0,Low,Low,low
2,0,1,2,1,0,1,2026-08-09,other,823345,24,home,681895,4,30.6,40,42.5,53.8,R,Evan Sisk,PIT,6,NYM,3,,3,Low,Low,low
0,0,1,2,1,0,0.2,2026-08-12,other,823833,21,away,681895,3,40.1,39.3,48.6,65.4,R,Evan Sisk,PIT,5,MIA,2,RHH,2,Low,Low,medium
0,2,0,0,0,0,1,2026-03-26,other,823649,8,away,642397,7,30.6,40,42.5,53.8,R,Gregory Soto,PIT,3,NYM,0,RHH,0,Low,Low,medium
0,3,0,1,0,0,1.1,2026-03-28,other,823651,27,away,642397,7,30.6,40,42.5,53.8,R,Gregory Soto,PIT,5,NYM,0,LHH,2,Low,Low,high
1,1,0,1,0,0,1,2026-03-31,other,824537,17,away,642397,9,32.7,40.9,35.4,31,R,Gregory Soto,PIT,6,CIN,0,RHH,0,Low,Low,high
0,2,0,0,0,0,1,2026-04-01,other,824536,13,away,642397,9,32.7,40.9,35.4,31,R,Gregory Soto,PIT,3,CIN,0,RHH,0,Low,Low,high
1,3,1,0,1,1,1,2026-04-03,save,823406,20,home,642397,9,31.6,69.3,61.4,73.6,R,Gregory Soto,PIT,4,BAL,0,RHH,0,Low,Mid,high
0,1,0,1,0,0,1,2026-04-06,other,823401,18,home,642397,9,40.5,52.4,53.2,63.3,R,Gregory Soto,PIT,4,SDP,0,,0,Low,Mid,high
0,1,0,0,0,0,1,2026-04-07,hold,823402,10,home,642397,8,40.5,52.4,53.2,63.3,R,Gregory Soto,PIT,3,SDP,0,RHH,0,Low,Mid,high
0,0,0,2,0,0,1,2026-04-10,hold,824695,24,away,642397,8,62.9,82.6,69.2,58.4,R,Gregory Soto,PIT,5,CHC,0,RHH,0,Mid,High,high
0,0,0,0,0,0,0.1,2026-04-11,hold,824697,1,away,642397,7,62.9,82.6,69.2,58.4,R,Gregory Soto,PIT,1,CHC,0,RHH,1,Mid,High,high
0,2,0,0,0,0,1,2026-04-15,hold,823399,15,home,642397,8,43.7,67,67.7,85.6,R,Gregory Soto,PIT,3,WSN,0,LHH,0,Low,High,high
0,0,0,0,0,0,1,2026-04-17,hold,823397,10,home,642397,8,77.8,34.8,51.2,51,R,Gregory Soto,PIT,3,TBR,0,RHH,0,High,Mid,high
0,1,0,1,0,0,1,2026-04-18,other,823394,17,home,642397,9,77.8,34.8,51.2,51,R,Gregory Soto,PIT,4,TBR,0,,0,High,Mid,high
3,3,2,0,2,0,1,2026-04-22,blown_save,822913,27,away,642397,8,36.6,27.1,36.4,46.9,R,Gregory Soto,PIT,6,TEX,0,RHH,0,Low,Low,high
0,1,0,0,0,0,1,2026-04-25,other,823799,14,away,642397,9,67.4,75.3,66.3,55.3,R,Gregory Soto,PIT,3,MIL,0,RHH,0,High,High,high
1,0,0,0,0,0,1,2026-04-27,hold,823395,18,home,642397,8,41,40.4,42.1,44.7,R,Gregory Soto,PIT,3,STL,0,RHH,0,Low,Low,high
0,1,0,0,0,0,1,2026-05-02,other,823388,7,home,642397,9,32.7,40.9,35.4,31,R,Gregory Soto,PIT,3,CIN,0,RHH,0,Low,Low,high
0,2,0,0,0,0,1.1,2026-05-03,other,823387,17,home,642397,8,32.7,40.9,35.4,31,R,Gregory Soto,PIT,4,CIN,0,LHH,2,Low,Low,high
0,1,0,1,0,0,1,2026-05-06,save,825091,15,away,642397,9,58.2,31.7,40.5,37.8,R,Gregory Soto,PIT,4,ARI,0,RHH,0,Mid,Low,high
0,1,0,0,0,0,1,2026-05-07,save,825090,14,away,642397,9,58.2,31.7,40.5,37.8,R,Gregory Soto,PIT,3,ARI,0,RHH,0,Mid,Low,high
0,1,0,0,0,0,1.1,2026-05-10,other,823221,15,away,642397,8,35.1,17.2,38.2,64.4,R,Gregory Soto,PIT,4,SFG,0,LHH,2,Low,Low,high
2,0,1,0,1,0,1,2026-05-12,save,823385,24,home,642397,9,34.5,31.8,26.1,13.5,R,Gregory Soto,PIT,5,COL,0,RHH,0,Low,Low,high
2,0,3,2,2,0,1,2026-05-15,blown_save,823384,30,home,642397,9,32.1,30.7,33.4,37.3,R,Gregory Soto,PIT,7,PHI,0,RHH,0,Low,Low,high
0,3,0,0,0,0,1,2026-05-19,other,823059,13,away,642397,9,41,40.4,42.1,44.7,R,Gregory Soto,PIT,3,STL,0,RHH,0,Low,Low,high
0,1,0,1,0,0,1,2026-05-24,save,822813,22,away,642397,9,54.7,7.6,29.4,36.4,R,Gregory Soto,PIT,5,TOR,0,RHH,0,Mid,Low,high
0,1,0,0,0,0,1,2026-05-25,save,823380,14,home,642397,9,62.9,82.6,69.2,58.4,R,Gregory Soto,PIT,3,CHC,0,RHH,0,Mid,High,high
0,1,0,0,0,0,1,2026-05-29,other,823377,8,home,642397,9,39.7,33.8,47.1,67.6,R,Gregory Soto,PIT,3,MIN,0,RHH,0,Low,Low,high
0,0,0,1,0,0,1.1,2026-05-30,save,823375,23,home,642397,8,39.7,33.8,47.1,67.6,R,Gregory Soto,PIT,5,MIN,0,LHH,2,Low,Low,high
0,2,0,0,0,0,0.2,2026-06-02,save,824189,7,away,642397,9,38.5,45.2,48.8,60.3,R,Gregory Soto,PIT,2,HOU,0,RHH,2,Low,Low,high
2,0,2,0,2,1,1,2026-06-10,save,823372,8,home,642397,9,68.3,95.7,82.8,78.2,R,Gregory Soto,PIT,5,LAD,0,LHH,0,High,High,high
1,1,0,0,0,0,1,2026-06-13,save,823369,13,home,642397,9,40.1,39.3,48.6,65.4,R,Gregory Soto,PIT,4,MIA,0,RHH,0,Low,Low,high
2,2,0,0,0,0,1,2026-06-16,save,824991,20,away,642397,9,42.3,37.3,48.1,64.7,R,Gregory Soto,PIT,5,ATH,0,RHH,0,Low,Low,high
2,1,2,1,1,0,1,2026-06-21,other,824343,19,away,642397,9,34.5,31.8,26.1,13.5,R,Gregory Soto,PIT,5,COL,0,RHH,0,Low,Low,high
0,1,0,0,0,0,1,2026-06-25,other,823366,17,home,642397,9,43.3,45.2,49.2,57.9,R,Gregory Soto,PIT,3,SEA,0,RHH,0,Low,Low,high
2,1,3,2,3,1,1,2026-06-27,blown_save,823364,33,home,642397,9,32.7,40.9,35.4,31,R,Gregory Soto,PIT,7,CIN,0,RHH,0,Low,Low,high
2,1,2,0,2,1,0.2,2026-06-29,hold,823444,20,away,642397,8,32.1,30.7,33.4,37.3,R,Gregory Soto,PIT,4,PHI,0,LHH,0,Low,Low,high
0,1,0,0,0,0,1,2026-07-02,other,823442,8,away,642397,8,32.1,30.7,33.4,37.3,R,Gregory Soto,PIT,3,PHI,0,LHH,0,Low,Low,high
1,2,1,1,1,1,2,2026-07-05,other,822715,27,away,642397,7,43.7,67,67.7,85.6,R,Gregory Soto,PIT,8,WSN,0,LHH,0,Low,High,high
0,0,0,0,0,0,1,2026-07-09,other,823359,11,home,642397,8,51.3,55.8,59,68.1,R,Gregory Soto,PIT,3,ATL,0,LHH,0,Mid,Mid,high
1,0,0,1,0,0,1,2026-07-11,save,823357,20,home,642397,9,67.4,75.3,66.3,55.3,R,Gregory Soto,PIT,5,MIL,0,RHH,0,High,High,high
1,2,0,1,0,0,0.2,2026-07-18,blown_save,824412,19,away,642397,8,50,36.8,42.8,44.4,R,Gregory Soto,PIT,4,CLE,2,LHH,2,Mid,Low,high
0,1,0,0,0,0,1,2026-07-22,save,823518,16,away,642397,10,38.8,75.1,66.4,76,R,Gregory Soto,PIT,3,NYY,0,LHH,0,Low,High,high
0,0,0,0,0,0,1,2026-07-24,other,823352,16,home,642397,9,62.9,82.6,69.2,58.4,R,Gregory Soto,PIT,3,CHC,0,RHH,0,Mid,High,high
1,2,0,0,0,0,1,2026-07-27,other,823353,23,home,642397,9,58.2,31.7,40.5,37.8,R,Gregory Soto,PIT,4,ARI,0,RHH,0,Mid,Low,high
0,2,1,0,0,0,1,2026-07-28,other,823350,22,home,642397,10,58.2,31.7,40.5,37.8,R,Gregory Soto,PIT,6,ARI,0,RHH,0,Mid,Low,high
1,1,1,2,1,0,0.2,2026-07-30,other,824488,18,away,642397,9,32.7,40.9,35.4,31,R,Gregory Soto,PIT,5,CIN,0,RHH,0,Low,Low,high
0,1,0,0,0,0,1,2026-08-01,save,824485,11,away,642397,9,32.7,40.9,35.4,31,R,Gregory Soto,PIT,3,CIN,0,RHH,0,Low,Low,high
1,3,0,1,0,0,1.1,2026-08-03,hold,823757,35,away,642397,6,67.4,75.3,66.3,55.3,R,Gregory Soto,PIT,7,MIL,0,,1,High,High,medium
3,3,1,0,1,0,1,2026-08-06,other,823754,23,away,642397,6,67.4,75.3,66.3,55.3,R,Gregory Soto,PIT,6,MIL,0,,0,High,High,medium
2,1,1,0,1,0,1,2026-08-09,other,823345,24,home,642397,7,30.6,40,42.5,53.8,R,Gregory Soto,PIT,5,NYM,0,RHH,0,Low,Low,medium
1,1,0,0,0,0,1,2026-05-08,other,822822,24,away,489446,7,54.7,7.6,29.4,36.4,R,Kirby Yates,PIT,4,TOR,0,RHH,0,Mid,Low,high
2,1,2,1,2,0,0.2,2026-05-11,other,824441,22,away,489446,3,50,36.8,42.8,44.4,R,Kirby Yates,PIT,5,CLE,3,LHH,3,Mid,Low,medium
0,2,0,0,0,0,1,2026-05-15,other,824037,11,home,489446,7,68.3,95.7,82.8,78.2,R,Kirby Yates,PIT,3,LAD,0,RHH,0,High,High,medium
0,2,0,0,0,0,1,2026-05-17,other,824034,10,home,489446,7,68.3,95.7,82.8,78.2,R,Kirby Yates,PIT,3,LAD,0,RHH,0,High,High,medium
1,1,1,1,1,1,0.2,2026-05-20,blown_save,824032,20,home,489446,9,42.3,37.3,48.1,64.7,R,Kirby Yates,PIT,5,ATH,0,LHH,0,Low,Low,high
0,1,0,1,0,0,1,2026-05-21,other,824031,21,home,489446,9,42.3,37.3,48.1,64.7,R,Kirby Yates,PIT,5,ATH,0,LHH,0,Low,Low,high
0,1,0,0,0,0,1,2026-05-23,save,824030,11,home,489446,9,36.6,27.1,36.4,46.9,R,Kirby Yates,PIT,3,TEX,0,RHH,0,Low,Low,high
0,1,0,1,0,0,1,2026-05-26,other,824275,16,away,489446,9,43.2,42.5,49.7,62.5,R,Kirby Yates,PIT,4,DET,0,RHH,0,Low,Low,high
2,0,1,0,1,0,1,2026-06-01,other,824027,10,home,489446,9,34.5,31.8,26.1,13.5,R,Kirby Yates,PIT,5,COL,0,LHH,0,Low,Low,high
1,2,0,0,0,0,1,2026-06-03,other,824024,17,home,489446,9,34.5,31.8,26.1,13.5,R,Kirby Yates,PIT,4,COL,0,,0,Low,Low,high
1,1,1,1,1,0,1,2026-06-08,blown_save,824025,24,home,489446,9,38.5,45.2,48.8,60.3,R,Kirby Yates,PIT,5,HOU,0,RHH,0,Low,Low,high
0,2,0,0,0,0,1,2026-06-09,other,824023,12,home,489446,9,38.5,45.2,48.8,60.3,R,Kirby Yates,PIT,3,HOU,0,RHH,0,Low,Low,high
0,1,0,0,0,0,1,2026-06-13,other,824019,9,home,489446,9,77.8,34.8,51.2,51,R,Kirby Yates,PIT,3,TBR,0,LHH,0,High,Mid,high
0,1,0,1,0,0,1,2026-06-16,other,825070,16,away,489446,8,58.2,31.7,40.5,37.8,R,Kirby Yates,PIT,4,ARI,0,LHH,0,Mid,Low,high
0,0,1,1,0,0,0.1,2026-06-19,other,824990,10,away,489446,10,42.3,37.3,48.1,64.7,R,Kirby Yates,PIT,3,ATH,0,RHH,0,Low,Low,high
0,2,0,0,0,0,1,2026-06-20,other,824988,15,away,489446,9,42.3,37.3,48.1,64.7,R,Kirby Yates,PIT,3,ATH,0,RHH,0,Low,Low,high
1,3,0,0,0,0,1,2026-06-22,other,824016,13,home,489446,9,31.6,69.3,61.4,73.6,R,Kirby Yates,PIT,4,BAL,0,RHH,0,Low,Mid,high
0,2,0,0,0,0,1,2026-06-26,other,824014,13,home,489446,9,42.3,37.3,48.1,64.7,R,Kirby Yates,PIT,3,ATH,0,RHH,0,Low,Low,high
0,1,0,0,0,0,1,2026-06-27,save,824015,9,home,489446,9,42.3,37.3,48.1,64.7,R,Kirby Yates,PIT,3,ATH,0,RHH,0,Low,Low,high
1,2,0,0,0,0,1,2026-07-03,other,824013,13,home,489446,9,43,41.3,32.9,16,R,Kirby Yates,PIT,3,BOS,0,RHH,0,Low,Low,high
0,1,0,0,0,0,1,2026-07-05,other,824010,13,home,489446,9,43,41.3,32.9,16,R,Kirby Yates,PIT,3,BOS,0,LHH,0,Low,Low,high
2,0,1,0,1,0,0.1,2026-07-09,other,822877,8,away,489446,9,36.6,27.1,36.4,46.9,R,Kirby Yates,PIT,3,TEX,0,LHH,0,Low,Low,high
1,0,0,0,0,0,1,2026-07-10,save,823685,13,away,489446,9,39.7,33.8,47.1,67.6,R,Kirby Yates,PIT,4,MIN,0,,0,Low,Low,high
1,0,2,1,2,0,0.2,2026-07-17,blown_save,824009,20,home,489446,9,43.2,42.5,49.7,62.5,R,Kirby Yates,PIT,5,DET,0,RHH,0,Low,Low,high
0,2,0,1,0,0,1,2026-07-22,other,824004,18,home,489446,9,41,40.4,42.1,44.7,R,Kirby Yates,PIT,4,STL,0,,0,Low,Low,high
0,0,1,1,1,0,1,2026-07-24,other,823196,17,away,489446,7,35.1,17.2,38.2,64.4,R,Kirby Yates,PIT,4,SFG,0,,0,Low,Low,high
1,0,0,1,0,0,1,2026-07-25,other,823197,21,away,489446,7,35.1,17.2,38.2,64.4,R,Kirby Yates,PIT,6,SFG,0,,0,Low,Low,medium
1,2,0,0,0,0,0.2,2026-07-28,other,824003,17,home,489446,7,38.5,45.2,48.8,60.3,R,Kirby Yates,PIT,3,HOU,0,RHH,0,Low,Low,high
2,3,1,0,1,0,1,2026-07-29,other,824002,21,home,489446,7,38.5,45.2,48.8,60.3,R,Kirby Yates,PIT,5,HOU,0,RHH,0,Low,Low,high
1,1,1,1,1,0,1,2026-08-01,other,824000,22,home,489446,9,67.4,75.3,66.3,55.3,R,Kirby Yates,PIT,5,MIL,0,RHH,0,High,High,high
0,0,0,0,0,0,1,2026-08-04,other,823756,11,away,489446,8,67.4,75.3,66.3,55.3,R,Kirby Yates,PIT,3,MIL,0,LHH,0,High,High,high
0,2,0,0,0,0,1,2026-08-06,other,823754,10,away,489446,8,67.4,75.3,66.3,55.3,R,Kirby Yates,PIT,3,MIL,0,LHH,0,High,High,high
0,0,0,0,0,0,1,2026-08-08,other,823348,13,home,489446,9,30.6,40,42.5,53.8,R,Kirby Yates,PIT,3,NYM,0,RHH,0,Low,Low,high
2,0,1,1,1,1,1,2026-08-09,other,823345,29,home,489446,5,30.6,40,42.5,53.8,R,Kirby Yates,PIT,6,NYM,0,,0,Low,Low,low
1,2,0,0,0,0,1,2026-08-12,other,823833,18,away,489446,7,40.1,39.3,48.6,65.4,R,Kirby Yates,PIT,4,MIA,0,,0,Low,Low,medium
1,3,1,1,1,0,3,2026-03-30,other,823890,42,home,669199,5,32.2,45.8,54.2,79.5,R,Lake Bachar,PIT,11,CHW,0,,0,Low,Mid,low
2,2,2,2,2,0,1,2026-04-03,other,823568,24,away,669199,8,38.8,75.1,66.4,76,R,Lake Bachar,PIT,6,NYY,0,LHH,0,Low,High,high
0,2,0,0,0,0,1,2026-04-08,hold,823885,18,home,669199,8,32.7,40.9,35.4,31,R,Lake Bachar,PIT,3,CIN,0,RHH,0,Low,Low,high
1,3,0,0,0,0,2,2026-04-10,other,824297,34,away,669199,7,43.2,42.5,49.7,62.5,R,Lake Bachar,PIT,8,DET,0,LHH,0,Low,Low,high
1,4,0,1,0,0,2,2026-04-13,other,824937,35,away,669199,7,51.3,55.8,59,68.1,R,Lake Bachar,PIT,8,ATL,0,RHH,0,Mid,Mid,medium
0,1,0,2,0,0,2.1,2026-04-18,other,823882,40,home,669199,6,67.4,75.3,66.3,55.3,R,Lake Bachar,PIT,9,MIL,0,LHH,3,High,High,high
1,0,1,1,1,1,0.1,2026-04-22,other,823878,9,home,669199,9,41,40.4,42.1,44.7,R,Lake Bachar,PIT,3,STL,0,RHH,0,Low,Low,high
2,1,1,0,1,1,2,2026-04-24,other,823232,31,away,669199,7,35.1,17.2,38.2,64.4,R,Lake Bachar,PIT,8,SFG,0,RHH,0,Low,Low,medium
0,3,0,0,0,0,2.1,2026-05-01,other,823877,28,home,669199,7,32.1,30.7,33.4,37.3,R,Lake Bachar,PIT,7,PHI,0,RHH,0,Low,Low,medium
1,1,0,0,0,0,2,2026-05-04,other,823874,29,home,669199,8,32.1,30.7,33.4,37.3,R,Lake Bachar,PIT,7,PHI,0,LHH,0,Low,Low,high
0,2,0,0,0,0,1,2026-05-09,other,823869,13,home,669199,7,43.7,67,67.7,85.6,R,Lake Bachar,PIT,4,WSN,0,LHH,0,Low,High,high
1,1,0,0,0,0,1,2026-05-12,other,823712,14,away,669199,8,39.7,33.8,47.1,67.6,R,Lake Bachar,PIT,4,MIN,0,,0,Low,Low,high
0,2,0,0,0,0,2,2026-05-14,other,823709,23,away,669199,6,39.7,33.8,47.1,67.6,R,Lake Bachar,PIT,6,MIN,0,RHH,0,Low,Low,low
2,0,3,2,2,0,1,2026-05-16,other,822981,27,away,669199,10,77.8,34.8,51.2,51,R,Lake Bachar,PIT,7,TBR,0,LHH,0,High,Mid,high
0,0,0,0,0,0,1,2026-05-18,other,823867,15,home,669199,9,51.3,55.8,59,68.1,R,Lake Bachar,PIT,3,ATL,0,RHH,0,Mid,Mid,high
2,2,1,0,1,0,1.1,2026-05-19,other,823865,24,home,669199,8,51.3,55.8,59,68.1,R,Lake Bachar,PIT,7,ATL,0,LHH,2,Mid,Mid,high
1,3,1,0,1,1,1.1,2026-05-25,other,822812,20,away,669199,6,54.7,7.6,29.4,36.4,R,Lake Bachar,PIT,5,TOR,0,,0,Mid,Low,medium
4,2,3,1,3,2,2,2026-05-30,other,823622,37,away,669199,6,30.6,40,42.5,53.8,R,Lake Bachar,PIT,11,NYM,0,,0,Low,Low,medium
2,3,0,1,0,0,2,2026-06-10,other,823856,36,home,669199,5,58.2,31.7,40.5,37.8,R,Lake Bachar,PIT,9,ARI,0,RHH,0,Mid,Low,low
0,0,0,0,0,0,1,2026-06-16,other,823451,11,away,669199,5,32.1,30.7,33.4,37.3,R,Lake Bachar,PIT,3,PHI,0,RHH,0,Low,Low,low
0,0,0,1,0,0,1,2026-06-21,save,823852,11,home,669199,9,35.1,17.2,38.2,64.4,R,Lake Bachar,PIT,3,SFG,0,LHH,0,Low,Low,high
0,1,0,0,0,0,0.2,2026-06-23,other,823849,8,home,669199,8,36.6,27.1,36.4,46.9,R,Lake Bachar,PIT,2,TEX,0,LHH,1,Low,Low,high
3,1,1,1,1,0,2,2026-06-27,other,823038,31,away,669199,5,41,40.4,42.1,44.7,R,Lake Bachar,PIT,9,STL,0,RHH,0,Low,Low,low
0,0,0,0,0,0,0.2,2026-06-30,other,824338,7,away,669199,6,34.5,31.8,26.1,13.5,R,Lake Bachar,PIT,2,COL,0,,2,Low,Low,high
0,1,0,0,0,0,2,2026-07-03,other,824982,24,away,669199,7,42.3,37.3,48.1,64.7,R,Lake Bachar,PIT,6,ATH,0,RHH,0,Low,Low,medium
1,3,0,0,0,0,2,2026-07-09,other,823846,31,home,669199,6,43.3,45.2,49.2,57.9,R,Lake Bachar,PIT,7,SEA,0,LHH,0,Low,Low,low
2,3,0,0,0,0,1.1,2026-07-12,other,823842,20,home,669199,7,50,36.8,42.8,44.4,R,Lake Bachar,PIT,6,CLE,1,,2,Mid,Low,high
1,2,1,1,0,0,0.2,2026-07-17,other,823766,20,away,669199,10,67.4,75.3,66.3,55.3,R,Lake Bachar,PIT,4,MIL,0,LHH,0,High,High,high
1,1,1,0,1,1,1,2026-07-20,other,824167,14,away,669199,5,38.5,45.2,48.8,60.3,R,Lake Bachar,PIT,4,HOU,0,,0,Low,Low,medium
0,1,0,1,0,0,1.2,2026-07-24,other,823843,25,home,669199,6,40.5,52.4,53.2,63.3,R,Lake Bachar,PIT,7,SDP,0,LHH,0,Low,Mid,medium
5,0,4,0,4,2,1,2026-07-26,blown_save,823840,23,home,669199,8,40.5,52.4,53.2,63.3,R,Lake Bachar,PIT,8,SDP,0,LHH,0,Low,Mid,high
0,0,0,0,0,0,1,2026-07-30,other,823595,10,away,669199,7,30.6,40,42.5,53.8,R,Lake Bachar,PIT,3,NYM,0,RHH,0,Low,Low,high
1,2,0,0,0,0,3,2026-08-01,save,823594,35,away,669199,7,30.6,40,42.5,53.8,R,Lake Bachar,PIT,10,NYM,0,RHH,0,Low,Low,medium
2,2,1,1,1,1,2,2026-08-05,other,823753,37,away,669199,6,67.4,75.3,66.3,55.3,R,Lake Bachar,PIT,9,MIL,0,,0,High,High,medium
0,4,0,0,0,0,2,2026-08-08,other,823348,33,home,669199,7,30.6,40,42.5,53.8,R,Lake Bachar,PIT,6,NYM,0,LHH,0,Low,Low,medium
3,1,3,1,3,2,3,2026-08-12,other,823833,46,away,669199,4,40.1,39.3,48.6,65.4,R,Lake Bachar,PIT,13,MIA,0,,0,Low,Low,low
1,0,0,0,0,0,1,2026-03-28,other,823651,16,home,596133,7,33.5,60.7,62.1,84.2,R,Luke Weaver,PIT,4,PIT,0,,0,Low,Mid,high
0,1,0,2,0,0,1,2026-03-29,other,823647,22,home,596133,9,33.5,60.7,62.1,84.2,R,Luke Weaver,PIT,5,PIT,0,LHH,0,Low,Mid,high
0,1,0,0,0,0,1,2026-04-01,other,823078,11,away,596133,8,41,40.4,42.1,44.7,R,Luke Weaver,PIT,3,STL,0,LHH,0,Low,Low,high
0,0,0,0,0,0,1,2026-04-05,hold,823238,12,away,596133,8,35.1,17.2,38.2,64.4,R,Luke Weaver,PIT,3,SFG,0,LHH,0,Low,Low,high
0,1,0,0,0,0,1,2026-04-07,other,823648,13,home,596133,10,58.2,31.7,40.5,37.8,R,Luke Weaver,PIT,3,ARI,0,RHH,0,Mid,Low,high
2,0,2,0,2,0,0.2,2026-04-09,blown_save,823645,16,home,596133,7,58.2,31.7,40.5,37.8,R,Luke Weaver,PIT,5,ARI,2,LHH,2,Mid,Low,high
3,1,4,1,4,1,1,2026-04-11,other,823644,27,home,596133,8,42.3,37.3,48.1,64.7,R,Luke Weaver,PIT,7,ATH,0,LHH,0,Low,Low,high
0,0,0,0,0,0,0.2,2026-04-18,other,824694,9,away,596133,7,62.9,82.6,69.2,58.4,R,Luke Weaver,PIT,2,CHC,0,RHH,0,Mid,High,medium
0,0,0,0,0,0,1.1,2026-04-19,hold,824691,13,away,596133,7,62.9,82.6,69.2,58.4,R,Luke Weaver,PIT,4,CHC,0,RHH,1,Mid,High,high
1,3,0,1,0,0,1.1,2026-04-22,other,823641,30,home,596133,8,39.7,33.8,47.1,67.6,R,Luke Weaver,PIT,6,MIN,0,RHH,2,Low,Low,high
1,0,0,0,0,0,1,2026-04-26,other,823637,9,home,596133,7,34.5,31.8,26.1,13.5,R,Luke Weaver,PIT,3,COL,0,RHH,0,Low,Low,medium
2,1,2,0,2,1,1,2026-04-30,blown_save,823634,13,home,596133,8,43.7,67,67.7,85.6,R,Luke Weaver,PIT,5,WSN,0,LHH,0,Low,High,high
0,2,0,0,0,0,1,2026-05-01,hold,824041,17,away,596133,8,22.6,13.1,27.4,47.2,R,Luke Weaver,PIT,3,LAA,0,RHH,0,Low,Low,high
1,3,0,0,0,0,1.1,2026-05-03,hold,824043,17,away,596133,7,22.6,13.1,27.4,47.2,R,Luke Weaver,PIT,5,LAA,0,LHH,1,Low,Low,high
1,2,0,0,0,0,1,2026-05-06,other,824361,20,away,596133,8,34.5,31.8,26.1,13.5,R,Luke Weaver,PIT,4,COL,0,,0,Low,Low,high
1,1,0,2,0,0,1,2026-05-08,other,825088,24,away,596133,7,58.2,31.7,40.5,37.8,R,Luke Weaver,PIT,6,ARI,0,RHH,0,Mid,Low,high
1,1,0,1,0,0,1,2026-05-13,other,823631,23,home,596133,8,43.2,42.5,49.7,62.5,R,Luke Weaver,PIT,5,DET,0,LHH,0,Low,Low,high
1,2,0,0,0,0,2,2026-05-16,hold,823627,19,home,596133,7,38.8,75.1,66.4,76,R,Luke Weaver,PIT,6,NYY,0,RHH,3,Low,High,high
1,2,0,0,0,0,1,2026-05-18,other,822734,19,away,596133,9,43.7,67,67.7,85.6,R,Luke Weaver,PIT,5,WSN,0,LHH,0,Low,High,high
0,1,0,1,0,0,1,2026-05-21,hold,822733,17,away,596133,8,43.7,67,67.7,85.6,R,Luke Weaver,PIT,4,WSN,0,,0,Low,High,high
0,1,0,0,0,0,1,2026-05-24,other,823861,11,away,596133,8,40.1,39.3,48.6,65.4,R,Luke Weaver,PIT,3,MIA,0,LHH,0,Low,Low,high
1,1,0,0,0,0,1.1,2026-05-27,hold,823626,15,home,596133,7,32.7,40.9,35.4,31,R,Luke Weaver,PIT,5,CIN,0,RHH,1,Low,Low,high
2,0,0,0,0,0,1,2026-05-29,other,823623,14,home,596133,9,40.1,39.3,48.6,65.4,R,Luke Weaver,PIT,5,MIA,0,LHH,0,Low,Low,high
0,1,0,0,0,0,1.1,2026-06-01,other,823131,15,away,596133,7,43.3,45.2,49.2,57.9,R,Luke Weaver,PIT,4,SEA,0,LHH,1,Low,Low,high
0,2,0,0,0,0,1,2026-06-03,other,823130,10,away,596133,8,43.3,45.2,49.2,57.9,R,Luke Weaver,PIT,3,SEA,0,RHH,0,Low,Low,high
0,0,0,0,0,0,1,2026-06-05,other,823293,7,away,596133,8,40.5,52.4,53.2,63.3,R,Luke Weaver,PIT,3,SDP,0,RHH,0,Low,Mid,high
1,0,0,0,0,0,1,2026-06-07,other,823291,18,away,596133,8,40.5,52.4,53.2,63.3,R,Luke Weaver,PIT,5,SDP,0,RHH,0,Low,Mid,high
0,0,0,0,0,0,1,2026-06-11,hold,823619,11,home,596133,8,41,40.4,42.1,44.7,R,Luke Weaver,PIT,3,STL,0,RHH,0,Low,Low,high
0,3,0,0,0,0,1,2026-06-16,other,824504,13,away,596133,8,32.7,40.9,35.4,31,R,Luke Weaver,PIT,3,CIN,0,RHH,0,Low,Low,high
0,3,0,0,0,0,1,2026-06-18,hold,823448,14,away,596133,8,32.1,30.7,33.4,37.3,R,Luke Weaver,PIT,3,PHI,0,LHH,0,Low,Low,high
0,1,0,1,0,0,1,2026-06-24,other,823611,12,home,596133,7,62.9,82.6,69.2,58.4,R,Luke Weaver,PIT,4,CHC,0,RHH,0,Mid,High,high
0,3,0,0,0,0,1,2026-06-25,other,823612,11,home,596133,8,62.9,82.6,69.2,58.4,R,Luke Weaver,PIT,3,CHC,0,LHH,0,Mid,High,high
0,2,0,0,0,0,1,2026-06-27,other,823609,15,home,596133,8,32.1,30.7,33.4,37.3,R,Luke Weaver,PIT,3,PHI,0,LHH,0,Low,Low,high
0,0,0,0,0,0,1,2026-06-30,hold,822793,11,away,596133,8,54.7,7.6,29.4,36.4,R,Luke Weaver,PIT,3,TOR,0,LHH,0,Mid,Low,high
0,2,0,0,0,0,1,2026-07-05,hold,824902,16,away,596133,8,51.3,55.8,59,68.1,R,Luke Weaver,PIT,3,ATL,0,LHH,0,Mid,Mid,high
1,1,1,2,0,0,1,2026-07-06,save,824900,19,away,596133,10,51.3,55.8,59,68.1,R,Luke Weaver,PIT,6,ATL,0,LHH,0,Mid,Mid,high
0,1,0,0,0,0,1,2026-07-12,hold,823602,13,home,596133,8,43,41.3,32.9,16,R,Luke Weaver,PIT,3,BOS,0,RHH,0,Low,Low,high
1,0,1,0,1,1,1,2026-07-16,hold,823440,9,away,596133,8,32.1,30.7,33.4,37.3,R,Luke Weaver,PIT,4,PHI,0,LHH,0,Low,Low,high
0,0,0,0,0,0,1,2026-07-21,hold,823760,15,away,596133,7,67.4,75.3,66.3,55.3,R,Luke Weaver,PIT,3,MIL,0,RHH,0,High,High,medium
2,0,0,0,0,0,1,2026-07-26,other,823599,22,home,596133,8,68.3,95.7,82.8,78.2,R,Luke Weaver,PIT,6,LAD,0,LHH,0,High,High,high
1,1,0,0,0,0,1,2026-07-29,hold,823596,12,home,596133,8,51.3,55.8,59,68.1,R,Luke Weaver,PIT,3,ATL,0,LHH,0,Mid,Mid,high
0,1,0,0,0,0,1,2026-08-02,other,823592,9,home,596133,7,40.1,39.3,48.6,65.4,R,Luke Weaver,PIT,3,MIA,0,LHH,0,Low,Low,high
1,0,0,1,0,0,1,2026-08-07,other,823349,11,home,596133,9,30.6,40,42.5,53.8,R,Luke Weaver,PIT,5,NYM,0,LHH,0,Low,Low,high
1,2,2,3,2,0,1.1,2026-03-26,other,823649,42,away,682254,4,30.6,40,42.5,53.8,R,Mason Montgomery,PIT,8,NYM,0,RHH,0,Low,Low,medium
2,3,0,0,0,0,1,2026-03-29,other,823647,20,away,682254,7,30.6,40,42.5,53.8,R,Mason Montgomery,PIT,5,NYM,0,RHH,0,Low,Low,high
1,1,2,1,2,1,0.2,2026-04-01,hold,824536,15,away,682254,6,32.7,40.9,35.4,31,R,Mason Montgomery,PIT,4,CIN,0,RHH,0,Low,Low,medium
0,1,0,0,0,0,0.2,2026-04-03,hold,823406,9,home,682254,7,31.6,69.3,61.4,73.6,R,Mason Montgomery,PIT,2,BAL,0,,2,Low,Mid,high
3,3,1,0,1,0,1,2026-04-05,other,823405,25,home,682254,7,31.6,69.3,61.4,73.6,R,Mason Montgomery,PIT,6,BAL,0,RHH,0,Low,Mid,medium
0,2,0,1,0,0,0.2,2026-04-10,other,824695,17,away,682254,6,62.9,82.6,69.2,58.4,R,Mason Montgomery,PIT,3,CHC,0,RHH,2,Mid,High,high
1,2,0,0,0,0,1,2026-04-11,hold,824697,13,away,682254,6,62.9,82.6,69.2,58.4,R,Mason Montgomery,PIT,4,CHC,0,RHH,0,Mid,High,medium
1,2,0,0,0,0,1,2026-04-14,other,823398,18,home,682254,7,43.7,67,67.7,85.6,R,Mason Montgomery,PIT,4,WSN,0,,0,Low,High,high
1,2,0,0,0,0,1,2026-04-17,hold,823397,16,home,682254,7,77.8,34.8,51.2,51,R,Mason Montgomery,PIT,4,TBR,0,,0,High,Mid,high
0,1,0,0,0,0,1,2026-04-24,other,823800,9,away,682254,8,67.4,75.3,66.3,55.3,R,Mason Montgomery,PIT,3,MIL,0,RHH,0,High,High,high
0,1,0,1,0,0,1,2026-04-25,other,823799,20,away,682254,7,67.4,75.3,66.3,55.3,R,Mason Montgomery,PIT,4,MIL,0,RHH,0,High,High,high
0,0,0,1,0,0,1,2026-04-30,other,823391,12,home,682254,7,41,40.4,42.1,44.7,R,Mason Montgomery,PIT,4,STL,0,,0,Low,Low,high
1,0,0,1,0,0,0.2,2026-05-07,hold,825090,16,away,682254,8,58.2,31.7,40.5,37.8,R,Mason Montgomery,PIT,4,ARI,0,RHH,0,Mid,Low,high
0,1,0,0,0,0,1.2,2026-05-10,other,823221,19,away,682254,6,35.1,17.2,38.2,64.4,R,Mason Montgomery,PIT,5,SFG,0,,1,Low,Low,medium
1,0,1,0,1,1,1.1,2026-05-15,other,823384,15,home,682254,7,32.1,30.7,33.4,37.3,R,Mason Montgomery,PIT,5,PHI,1,LHH,1,Low,Low,medium
1,0,0,0,0,0,1,2026-05-21,other,823056,8,away,682254,9,41,40.4,42.1,44.7,R,Mason Montgomery,PIT,3,STL,0,RHH,0,Low,Low,high
0,2,0,0,0,0,1.2,2026-05-24,hold,822813,18,away,682254,7,54.7,7.6,29.4,36.4,R,Mason Montgomery,PIT,5,TOR,0,,2,Mid,Low,high
0,2,0,0,0,0,1.2,2026-05-28,other,823378,27,home,682254,6,62.9,82.6,69.2,58.4,R,Mason Montgomery,PIT,5,CHC,1,RHH,2,Mid,High,high
2,0,2,2,2,0,0.2,2026-05-30,hold,823375,25,home,682254,8,39.7,33.8,47.1,67.6,R,Mason Montgomery,PIT,6,MIN,0,RHH,0,Low,Low,high
2,2,3,1,3,0,0.2,2026-06-03,other,824188,26,away,682254,8,38.5,45.2,48.8,60.3,R,Mason Montgomery,PIT,5,HOU,0,RHH,0,Low,Low,high
0,0,0,1,0,0,1,2026-06-06,other,824915,20,away,682254,8,51.3,55.8,59,68.1,R,Mason Montgomery,PIT,4,ATL,0,RHH,0,Mid,Mid,high
2,0,0,0,0,0,1.1,2026-06-13,blown_save,823369,15,home,682254,6,40.1,39.3,48.6,65.4,R,Mason Montgomery,PIT,6,MIA,1,RHH,2,Low,Low,high
0,2,0,1,0,0,1,2026-06-16,other,824991,21,away,682254,8,42.3,37.3,48.1,64.7,R,Mason Montgomery,PIT,4,ATH,0,RHH,0,Low,Low,high
3,1,2,0,2,0,0.2,2026-06-19,blown_save,824345,24,away,682254,8,34.5,31.8,26.1,13.5,R,Mason Montgomery,PIT,5,COL,0,RHH,0,Low,Low,high
1,3,0,0,0,0,1,2026-06-23,other,823365,19,home,682254,7,43.3,45.2,49.2,57.9,R,Mason Montgomery,PIT,4,SEA,0,,1,Low,Low,high
0,2,0,0,0,0,1.1,2026-06-25,hold,823366,15,home,682254,7,43.3,45.2,49.2,57.9,R,Mason Montgomery,PIT,4,SEA,0,RHH,3,Low,Low,high
2,2,2,0,2,1,0.2,2026-06-26,other,823363,23,home,682254,8,32.7,40.9,35.4,31,R,Mason Montgomery,PIT,4,CIN,0,RHH,0,Low,Low,high
0,2,0,1,0,0,1,2026-06-29,other,823444,19,away,682254,9,32.1,30.7,33.4,37.3,R,Mason Montgomery,PIT,4,PHI,0,LHH,0,Low,Low,high
0,3,0,0,0,0,1,2026-07-02,other,823442,14,away,682254,9,32.1,30.7,33.4,37.3,R,Mason Montgomery,PIT,3,PHI,0,LHH,0,Low,Low,high
0,1,0,0,0,0,0.1,2026-07-04,hold,822716,4,away,682254,7,43.7,67,67.7,85.6,R,Mason Montgomery,PIT,1,WSN,0,RHH,2,Low,High,high
0,1,0,0,0,0,1,2026-07-05,other,822715,16,away,682254,5,43.7,67,67.7,85.6,R,Mason Montgomery,PIT,3,WSN,1,LHH,3,Low,High,medium
1,2,0,0,0,0,1,2026-07-08,other,823360,16,home,682254,7,51.3,55.8,59,68.1,R,Mason Montgomery,PIT,4,ATL,0,LHH,0,Mid,Mid,high
0,2,0,1,0,0,1,2026-07-11,save,823356,27,home,682254,9,67.4,75.3,66.3,55.3,R,Mason Montgomery,PIT,4,MIL,0,,0,High,High,high
0,2,0,0,0,0,1,2026-07-19,other,824411,14,away,682254,8,50,36.8,42.8,44.4,R,Mason Montgomery,PIT,3,CLE,0,LHH,0,Mid,Low,high
0,2,0,1,0,0,1.1,2026-07-22,other,823518,19,away,682254,8,38.8,75.1,66.4,76,R,Mason Montgomery,PIT,5,NYY,0,LHH,0,Low,High,high
0,3,0,0,0,0,1,2026-07-24,other,823352,15,home,682254,8,62.9,82.6,69.2,58.4,R,Mason Montgomery,PIT,3,CHC,0,RHH,0,Mid,High,high
2,2,2,0,2,1,1,2026-07-26,save,823354,25,home,682254,9,62.9,82.6,69.2,58.4,R,Mason Montgomery,PIT,5,CHC,0,RHH,0,Mid,High,high
0,1,0,1,0,0,1,2026-07-27,other,823353,20,home,682254,10,58.2,31.7,40.5,37.8,R,Mason Montgomery,PIT,5,ARI,0,RHH,0,Mid,Low,high
0,2,0,0,0,0,1,2026-07-30,other,824488,7,away,682254,8,32.7,40.9,35.4,31,R,Mason Montgomery,PIT,3,CIN,0,RHH,0,Low,Low,high
0,1,0,1,0,0,0.2,2026-07-31,other,824486,12,away,682254,8,32.7,40.9,35.4,31,R,Mason Montgomery,PIT,4,CIN,1,,1,Low,Low,high
1,3,0,0,0,0,1,2026-08-03,save,823757,18,away,682254,9,67.4,75.3,66.3,55.3,R,Mason Montgomery,PIT,4,MIL,0,RHH,0,High,High,high
0,3,0,0,0,0,1,2026-08-09,other,823345,15,home,682254,8,30.6,40,42.5,53.8,R,Mason Montgomery,PIT,3,NYM,0,RHH,0,Low,Low,high
1,3,0,1,0,0,2.1,2026-03-26,other,823649,37,away,670990,1,30.6,40,42.5,53.8,R,Yohan Ramírez,PIT,9,NYM,0,LHH,2,Low,Low,medium
0,2,0,1,0,0,1.2,2026-03-29,other,823647,22,away,670990,5,30.6,40,42.5,53.8,R,Yohan Ramírez,PIT,5,NYM,0,,1,Low,Low,medium
0,2,0,0,0,0,0.2,2026-03-31,other,824537,10,away,670990,5,32.7,40.9,35.4,31,R,Yohan Ramírez,PIT,2,CIN,0,,3,Low,Low,low
2,0,1,1,1,0,0.1,2026-04-03,hold,823406,19,home,670990,7,31.6,69.3,61.4,73.6,R,Yohan Ramírez,PIT,4,BAL,0,RHH,0,Low,Mid,medium
2,0,1,0,1,0,1.2,2026-04-06,other,823401,27,home,670990,5,40.5,52.4,53.2,63.3,R,Yohan Ramírez,PIT,7,SDP,1,RHH,2,Low,Mid,medium
0,2,0,0,0,0,1,2026-04-07,other,823402,12,home,670990,9,40.5,52.4,53.2,63.3,R,Yohan Ramírez,PIT,3,SDP,0,RHH,0,Low,Mid,high
0,2,0,3,0,0,2,2026-04-11,other,824697,32,away,670990,10,62.9,82.6,69.2,58.4,R,Yohan Ramírez,PIT,10,CHC,0,RHH,0,Mid,High,high
0,2,0,0,0,0,2,2026-04-14,other,823398,26,home,670990,5,43.7,67,67.7,85.6,R,Yohan Ramírez,PIT,6,WSN,0,LHH,0,Low,High,medium
1,2,1,1,1,0,1,2026-04-16,blown_save,823396,17,home,670990,7,43.7,67,67.7,85.6,R,Yohan Ramírez,PIT,6,WSN,1,,1,Low,High,high
4,1,3,2,1,1,3,2026-04-18,other,823394,44,home,670990,11,77.8,34.8,51.2,51,R,Yohan Ramírez,PIT,13,TBR,0,,0,High,Mid,high
1,1,0,0,0,0,1,2026-04-23,other,822912,10,away,670990,8,36.6,27.1,36.4,46.9,R,Yohan Ramírez,PIT,4,TEX,0,LHH,0,Low,Low,high
0,2,0,0,0,0,1,2026-04-25,save,823799,15,away,670990,10,67.4,75.3,66.3,55.3,R,Yohan Ramírez,PIT,3,MIL,0,LHH,0,High,High,high
1,2,0,1,0,0,1,2026-04-29,other,823392,16,home,670990,9,41,40.4,42.1,44.7,R,Yohan Ramírez,PIT,5,STL,0,LHH,0,Low,Low,high
1,1,0,0,0,0,1,2026-04-30,other,823391,16,home,670990,6,41,40.4,42.1,44.7,R,Yohan Ramírez,PIT,4,STL,0,,0,Low,Low,medium
2,2,1,0,1,0,2,2026-05-02,other,823388,15,home,670990,7,32.7,40.9,35.4,31,R,Yohan Ramírez,PIT,7,CIN,0,RHH,0,Low,Low,medium
2,0,5,1,5,0,0.1,2026-05-05,other,825092,29,away,670990,6,58.2,31.7,40.5,37.8,R,Yohan Ramírez,PIT,7,ARI,0,LHH,0,Mid,Low,medium
1,2,2,3,1,0,2,2026-05-10,blown_save,823221,34,away,670990,10,35.1,17.2,38.2,64.4,R,Yohan Ramírez,PIT,12,SFG,0,RHH,0,Low,Low,high
0,1,0,1,0,0,1,2026-05-14,other,823383,11,home,670990,9,34.5,31.8,26.1,13.5,R,Yohan Ramírez,PIT,3,COL,0,LHH,0,Low,Low,high
2,3,0,0,0,0,1,2026-05-16,other,823382,13,home,670990,7,32.1,30.7,33.4,37.3,R,Yohan Ramírez,PIT,5,PHI,0,LHH,0,Low,Low,medium
0,3,0,0,0,0,1,2026-05-17,other,823381,18,home,670990,7,32.1,30.7,33.4,37.3,R,Yohan Ramírez,PIT,3,PHI,0,LHH,0,Low,Low,medium
1,1,0,1,0,0,1,2026-05-20,hold,823057,24,away,670990,6,41,40.4,42.1,44.7,R,Yohan Ramírez,PIT,6,STL,0,,0,Low,Low,medium
2,1,1,0,1,1,1.2,2026-05-23,other,822814,19,away,670990,6,54.7,7.6,29.4,36.4,R,Yohan Ramírez,PIT,6,TOR,1,,2,Mid,Low,high
1,0,0,1,0,0,0.1,2026-05-24,hold,822813,16,away,670990,7,54.7,7.6,29.4,36.4,R,Yohan Ramírez,PIT,3,TOR,0,LHH,0,Mid,Low,medium
3,0,4,0,4,1,0.1,2026-05-27,other,823376,15,home,670990,6,62.9,82.6,69.2,58.4,R,Yohan Ramírez,PIT,5,CHC,0,RHH,2,Mid,High,high
1,1,1,1,1,0,1,2026-05-28,other,823378,20,home,670990,9,62.9,82.6,69.2,58.4,R,Yohan Ramírez,PIT,6,CHC,0,,0,Mid,High,high
0,1,0,0,0,0,1,2026-05-30,other,823375,13,home,670990,5,39.7,33.8,47.1,67.6,R,Yohan Ramírez,PIT,3,MIN,0,RHH,0,Low,Low,medium
2,2,2,0,2,1,2.1,2026-06-03,other,824188,40,away,670990,5,38.5,45.2,48.8,60.3,R,Yohan Ramírez,PIT,9,HOU,0,RHH,2,Low,Low,medium
0,2,0,0,0,0,2,2026-06-06,other,824915,23,away,670990,6,51.3,55.8,59,68.1,R,Yohan Ramírez,PIT,6,ATL,0,RHH,0,Mid,Mid,medium
0,1,0,2,0,0,2,2026-06-11,other,823371,35,home,670990,5,68.3,95.7,82.8,78.2,R,Yohan Ramírez,PIT,8,LAD,0,LHH,0,High,High,low
1,3,0,1,0,0,1,2026-06-13,other,823369,23,home,670990,8,40.1,39.3,48.6,65.4,R,Yohan Ramírez,PIT,5,MIA,0,RHH,0,Low,Low,high
0,0,0,1,0,0,0.2,2026-06-16,other,824991,5,away,670990,7,42.3,37.3,48.1,64.7,R,Yohan Ramírez,PIT,3,ATH,0,RHH,1,Low,Low,high
0,0,0,0,0,0,1.1,2026-06-19,other,824345,6,away,670990,7,34.5,31.8,26.1,13.5,R,Yohan Ramírez,PIT,4,COL,0,LHH,0,Low,Low,high
0,3,0,1,0,0,2,2026-06-21,other,824343,28,away,670990,4,34.5,31.8,26.1,13.5,R,Yohan Ramírez,PIT,7,COL,0,LHH,0,Low,Low,medium
0,0,0,2,0,0,0.1,2026-06-25,hold,823366,13,home,670990,7,43.3,45.2,49.2,57.9,R,Yohan Ramírez,PIT,3,SEA,0,RHH,1,Low,Low,high
3,2,0,0,0,0,2,2026-06-27,other,823364,26,home,670990,6,32.7,40.9,35.4,31,R,Yohan Ramírez,PIT,9,CIN,2,RHH,2,Low,Low,high
1,1,0,1,0,0,0.1,2026-06-29,hold,823444,16,away,670990,8,32.1,30.7,33.4,37.3,R,Yohan Ramírez,PIT,3,PHI,1,RHH,1,Low,Low,high
2,4,0,1,0,0,1.1,2026-07-01,other,823446,37,away,670990,6,32.1,30.7,33.4,37.3,R,Yohan Ramírez,PIT,7,PHI,0,,1,Low,Low,medium
0,1,0,3,0,0,1,2026-07-04,other,822716,26,away,670990,6,43.7,67,67.7,85.6,R,Yohan Ramírez,PIT,5,WSN,0,RHH,1,Low,High,medium
0,2,0,1,0,0,2,2026-07-09,other,823359,31,home,670990,6,51.3,55.8,59,68.1,R,Yohan Ramírez,PIT,7,ATL,0,LHH,0,Mid,Mid,medium
1,0,0,0,0,0,1,2026-07-11,other,823356,18,home,670990,6,67.4,75.3,66.3,55.3,R,Yohan Ramírez,PIT,5,MIL,0,RHH,0,High,High,medium
2,1,0,0,0,0,0.2,2026-07-18,hold,824412,14,away,670990,7,50,36.8,42.8,44.4,R,Yohan Ramírez,PIT,4,CLE,0,LHH,0,Mid,Low,medium
1,0,0,0,0,0,1,2026-07-22,other,823519,13,away,670990,8,38.8,75.1,66.4,76,R,Yohan Ramírez,PIT,3,NYY,0,LHH,0,Low,High,high
2,2,2,2,1,0,1,2026-07-24,other,823352,23,home,670990,10,62.9,82.6,69.2,58.4,R,Yohan Ramírez,PIT,7,CHC,0,LHH,0,Mid,High,high
1,1,0,0,0,0,1.2,2026-07-27,other,823353,26,home,670990,6,58.2,31.7,40.5,37.8,R,Yohan Ramírez,PIT,6,ARI,0,,2,Mid,Low,high
0,3,0,2,0,0,2,2026-08-02,other,824483,30,away,670990,6,32.7,40.9,35.4,31,R,Yohan Ramírez,PIT,8,CIN,0,RHH,0,Low,Low,low
0,1,0,0,0,0,1,2026-08-04,other,823756,12,away,670990,7,67.4,75.3,66.3,55.3,R,Yohan Ramírez,PIT,3,MIL,0,LHH,0,High,High,high
1,4,0,1,0,0,3.1,2026-08-07,other,823349,43,home,670990,5,30.6,40,42.5,53.8,R,Yohan Ramírez,PIT,11,NYM,0,RHH,0,Low,Low,low
0,5,0,1,0,0,3,2026-08-11,other,823832,40,away,670990,6,40.1,39.3,48.6,65.4,R,Yohan Ramírez,PIT,10,MIA,0,RHH,0,Low,Low,medium
1,1,0,0,0,0,2,2026-03-27,blown_save,823324,23,home,670970,6,43.2,42.5,49.7,62.5,R,Adrian Morejon,SDP,6,DET,1,,1,Low,Low,medium
2,1,1,1,1,0,1.2,2026-04-01,hold,823321,32,home,670970,7,35.1,17.2,38.2,64.4,R,Adrian Morejon,SDP,8,SFG,0,RHH,0,Low,Low,medium
2,2,1,0,1,0,1,2026-04-04,blown_save,824782,29,away,670970,8,43,41.3,32.9,16,R,Adrian Morejon,SDP,5,BOS,0,RHH,0,Low,Low,high
5,1,5,0,4,0,0.1,2026-04-07,other,823402,20,away,670970,8,33.5,60.7,62.1,84.2,R,Adrian Morejon,SDP,7,PIT,0,RHH,0,Low,Mid,high
1,0,0,0,0,0,1,2026-04-09,other,823319,11,home,670970,8,34.5,31.8,26.1,13.5,R,Adrian Morejon,SDP,4,COL,0,,0,Low,Low,high
4,0,2,0,2,0,0.2,2026-04-10,blown_save,823318,21,home,670970,8,34.5,31.8,26.1,13.5,R,Adrian Morejon,SDP,6,COL,0,RHH,0,Low,Low,high
0,1,0,0,0,0,1,2026-04-14,hold,823315,9,home,670970,7,43.3,45.2,49.2,57.9,R,Adrian Morejon,SDP,3,SEA,0,LHH,0,Low,Low,high
0,2,0,0,0,0,1.2,2026-04-16,hold,823313,17,home,670970,6,43.3,45.2,49.2,57.9,R,Adrian Morejon,SDP,5,SEA,0,,3,Low,Low,high
0,2,0,1,0,0,1.1,2026-04-18,other,824049,22,away,670970,6,22.6,13.1,27.4,47.2,R,Adrian Morejon,SDP,5,LAA,0,LHH,1,Low,Low,medium
0,2,0,0,0,0,1,2026-04-21,save,824369,8,away,670970,9,34.5,31.8,26.1,13.5,R,Adrian Morejon,SDP,3,COL,0,LHH,0,Low,Low,high
1,1,1,0,1,1,1,2026-04-23,other,824368,14,away,670970,6,34.5,31.8,26.1,13.5,R,Adrian Morejon,SDP,4,COL,0,LHH,0,Low,Low,medium
1,2,0,1,0,0,1,2026-04-25,hold,825093,29,away,670970,7,58.2,31.7,40.5,37.8,R,Adrian Morejon,SDP,5,ARI,0,LHH,0,Mid,Low,high
0,2,0,1,0,0,1.2,2026-04-27,hold,823311,27,home,670970,6,62.9,82.6,69.2,58.4,R,Adrian Morejon,SDP,6,CHC,0,RHH,0,Mid,High,medium
1,0,1,1,1,0,0.2,2026-04-29,other,823312,16,home,670970,6,62.9,82.6,69.2,58.4,R,Adrian Morejon,SDP,4,CHC,0,LHH,0,Mid,High,medium
2,4,2,0,2,1,2,2026-05-03,blown_save,823307,31,home,670970,6,32.2,45.8,54.2,79.5,R,Adrian Morejon,SDP,8,CHW,0,LHH,0,Low,Mid,medium
1,4,0,0,0,0,2,2026-05-06,hold,823226,26,away,670970,7,35.1,17.2,38.2,64.4,R,Adrian Morejon,SDP,7,SFG,0,RHH,0,Low,Low,high
1,1,1,0,1,0,0.2,2026-05-09,hold,823304,14,home,670970,8,41,40.4,42.1,44.7,R,Adrian Morejon,SDP,4,STL,0,,0,Low,Low,high
0,0,0,0,0,0,0.1,2026-05-10,other,823305,1,home,670970,10,41,40.4,42.1,44.7,R,Adrian Morejon,SDP,1,STL,0,RHH,2,Low,Low,high
0,1,0,1,0,0,1,2026-05-15,hold,823140,16,away,670970,7,43.3,45.2,49.2,57.9,R,Adrian Morejon,SDP,4,SEA,0,,0,Low,Low,high
0,1,0,0,0,0,1,2026-05-16,hold,823139,13,away,670970,8,43.3,45.2,49.2,57.9,R,Adrian Morejon,SDP,3,SEA,1,LHH,2,Low,Low,high
1,1,0,0,0,0,1,2026-05-19,other,823302,19,home,670970,8,68.3,95.7,82.8,78.2,R,Adrian Morejon,SDP,4,LAD,0,LHH,0,High,High,high
0,3,0,0,0,0,1.1,2026-05-22,other,823298,18,home,670970,6,42.3,37.3,48.1,64.7,R,Adrian Morejon,SDP,4,ATH,0,RHH,3,Low,Low,high
0,0,0,0,0,0,1,2026-05-23,hold,823300,10,home,670970,7,42.3,37.3,48.1,64.7,R,Adrian Morejon,SDP,3,ATH,0,LHH,0,Low,Low,high
1,1,0,0,0,0,1,2026-05-26,other,823294,9,home,670970,9,32.1,30.7,33.4,37.3,R,Adrian Morejon,SDP,3,PHI,0,RHH,0,Low,Low,high
1,0,0,0,0,0,0.2,2026-05-27,other,823295,13,home,670970,6,32.1,30.7,33.4,37.3,R,Adrian Morejon,SDP,3,PHI,2,LHH,2,Low,Low,high
0,2,0,0,0,0,1.1,2026-05-29,hold,822732,13,away,670970,7,43.7,67,67.7,85.6,R,Adrian Morejon,SDP,4,WSN,0,RHH,0,Low,High,high
1,0,0,0,0,0,0.2,2026-05-31,other,822729,13,away,670970,7,43.7,67,67.7,85.6,R,Adrian Morejon,SDP,3,WSN,1,RHH,2,Low,High,high
3,0,3,1,3,0,0.1,2026-06-04,other,823457,28,away,670970,7,32.1,30.7,33.4,37.3,R,Adrian Morejon,SDP,6,PHI,0,LHH,0,Low,Low,high
0,2,0,0,0,0,1,2026-06-06,other,823292,13,home,670970,6,30.6,40,42.5,53.8,R,Adrian Morejon,SDP,3,NYM,0,LHH,0,Low,Low,medium
0,1,0,0,0,0,1.2,2026-06-08,other,823289,13,home,670970,6,32.7,40.9,35.4,31,R,Adrian Morejon,SDP,5,CIN,1,RHH,2,Low,Low,high
1,3,0,0,0,0,1.1,2026-06-09,other,823290,34,home,670970,6,32.7,40.9,35.4,31,R,Adrian Morejon,SDP,5,CIN,0,LHH,2,Low,Low,high
0,0,0,0,0,0,0.1,2026-06-13,other,824828,2,away,670970,9,31.6,69.3,61.4,73.6,R,Adrian Morejon,SDP,1,BAL,0,RHH,1,Low,Mid,high
1,0,0,0,0,0,1.1,2026-06-14,hold,824823,13,away,670970,7,31.6,69.3,61.4,73.6,R,Adrian Morejon,SDP,4,BAL,0,RHH,1,Low,Mid,high
1,0,0,0,0,0,1,2026-06-17,other,823044,12,away,670970,9,41,40.4,42.1,44.7,R,Adrian Morejon,SDP,3,STL,0,RHH,0,Low,Low,high
1,5,0,0,0,0,2,2026-06-20,other,822885,35,away,670970,8,36.6,27.1,36.4,46.9,R,Adrian Morejon,SDP,8,TEX,0,RHH,0,Low,Low,high
0,2,0,0,0,0,1,2026-06-22,hold,823288,12,home,670970,8,51.3,55.8,59,68.1,R,Adrian Morejon,SDP,3,ATL,0,LHH,0,Mid,Mid,high
0,1,0,0,0,0,1,2026-06-23,other,823286,10,home,670970,8,51.3,55.8,59,68.1,R,Adrian Morejon,SDP,4,ATL,0,,0,Mid,Mid,high
2,0,0,0,0,0,1,2026-06-26,hold,823285,9,home,670970,8,68.3,95.7,82.8,78.2,R,Adrian Morejon,SDP,4,LAD,0,,0,High,High,high
0,2,0,1,0,0,1.1,2026-06-29,other,824662,22,away,670970,6,62.9,82.6,69.2,58.4,R,Adrian Morejon,SDP,5,CHC,0,,2,Mid,High,high
2,0,2,2,1,1,1,2026-07-03,blown_save,823933,24,away,670970,7,68.3,95.7,82.8,78.2,R,Adrian Morejon,SDP,7,LAD,2,RHH,2,High,High,high
3,3,1,1,1,0,1.2,2026-07-05,other,823931,38,away,670970,7,68.3,95.7,82.8,78.2,R,Adrian Morejon,SDP,9,LAD,1,RHH,1,High,High,medium
0,2,0,0,0,0,1,2026-07-09,other,823277,11,home,670970,9,58.2,31.7,40.5,37.8,R,Adrian Morejon,SDP,3,ARI,0,RHH,0,Mid,Low,high
1,1,0,0,0,0,1,2026-07-11,hold,823276,11,home,670970,8,54.7,7.6,29.4,36.4,R,Adrian Morejon,SDP,3,TOR,0,RHH,0,Mid,Low,high
2,1,1,1,1,0,2,2026-07-12,other,823274,29,home,670970,7,54.7,7.6,29.4,36.4,R,Adrian Morejon,SDP,9,TOR,0,RHH,0,Mid,Low,high
2,1,1,1,1,0,2,2026-07-17,other,824090,23,away,670970,7,57,42.9,50.8,55.5,R,Adrian Morejon,SDP,9,KCR,0,RHH,0,Mid,Mid,high
0,0,0,0,0,0,1,2026-07-21,other,824895,10,away,670970,8,51.3,55.8,59,68.1,R,Adrian Morejon,SDP,3,ATL,0,RHH,0,Mid,Mid,high
2,2,0,0,0,0,1,2026-07-22,other,824896,20,away,670970,7,51.3,55.8,59,68.1,R,Adrian Morejon,SDP,5,ATL,0,LHH,0,Mid,Mid,high
0,2,0,1,0,0,1.1,2026-07-24,other,823843,24,away,670970,7,40.1,39.3,48.6,65.4,R,Adrian Morejon,SDP,5,MIA,0,RHH,2,Low,Low,high
0,0,0,0,0,0,1,2026-07-26,hold,823840,9,away,670970,8,40.1,39.3,48.6,65.4,R,Adrian Morejon,SDP,4,MIA,0,RHH,0,Low,Low,high
2,1,1,1,0,0,1,2026-07-28,other,823275,32,home,670970,8,34.5,31.8,26.1,13.5,R,Adrian Morejon,SDP,7,COL,0,RHH,0,Low,Low,high
0,3,0,0,0,0,1.1,2026-08-01,hold,823269,16,home,670970,6,35.1,17.2,38.2,64.4,R,Adrian Morejon,SDP,4,SFG,0,RHH,1,Low,Low,medium
0,3,0,0,0,0,1.1,2026-08-02,save,823270,22,home,670970,8,35.1,17.2,38.2,64.4,R,Adrian Morejon,SDP,5,SFG,0,RHH,1,Low,Low,high
1,3,0,0,0,0,1,2026-08-06,other,825053,16,away,670970,8,58.2,31.7,40.5,37.8,R,Adrian Morejon,SDP,4,ARI,0,RHH,0,Mid,Low,high
0,2,0,1,0,0,1.1,2026-08-08,hold,823267,23,home,670970,7,38.5,45.2,48.8,60.3,R,Adrian Morejon,SDP,6,HOU,0,RHH,2,Low,Low,high
1,1,0,0,0,0,1,2026-08-10,hold,823265,8,home,670970,8,67.4,75.3,66.3,55.3,R,Adrian Morejon,SDP,3,MIL,0,LHH,0,High,High,high
2,4,1,2,0,0,2,2026-08-12,other,823263,35,home,670970,10,67.4,75.3,66.3,55.3,R,Adrian Morejon,SDP,9,MIL,0,RHH,0,High,High,high
0,3,0,0,0,0,2,2026-03-26,other,823325,20,home,699134,6,43.2,42.5,49.7,62.5,R,Bradgley Rodriguez,SDP,6,DET,0,LHH,0,Low,Low,low
1,1,0,0,0,0,1.2,2026-03-31,other,823322,17,home,699134,6,35.1,17.2,38.2,64.4,R,Bradgley Rodriguez,SDP,6,SFG,3,RHH,3,Low,Low,high
3,2,1,0,1,0,1.2,2026-04-05,hold,824781,25,away,699134,6,43,41.3,32.9,16,R,Bradgley Rodriguez,SDP,8,BOS,0,LHH,0,Low,Low,medium
2,0,0,0,0,0,1,2026-04-07,other,823402,23,away,699134,6,33.5,60.7,62.1,84.2,R,Bradgley Rodriguez,SDP,4,PIT,0,,0,Low,Mid,medium
0,1,0,0,0,0,1.1,2026-04-09,other,823319,20,home,699134,6,34.5,31.8,26.1,13.5,R,Bradgley Rodriguez,SDP,4,COL,0,RHH,1,Low,Low,medium
2,1,0,1,0,0,0.2,2026-04-11,other,823316,21,home,699134,9,34.5,31.8,26.1,13.5,R,Bradgley Rodriguez,SDP,5,COL,0,LHH,0,Low,Low,high
1,2,0,0,0,0,1,2026-04-12,other,823317,19,home,699134,9,34.5,31.8,26.1,13.5,R,Bradgley Rodriguez,SDP,4,COL,0,,0,Low,Low,high
1,0,0,1,0,0,0.1,2026-04-16,hold,823313,9,home,699134,6,43.3,45.2,49.2,57.9,R,Bradgley Rodriguez,SDP,3,SEA,1,RHH,2,Low,Low,high
0,0,0,0,0,0,1,2026-04-17,other,824048,15,away,699134,7,22.6,13.1,27.4,47.2,R,Bradgley Rodriguez,SDP,3,LAA,0,RHH,0,Low,Low,medium
0,2,0,1,0,0,1.2,2026-04-19,hold,824047,24,away,699134,7,22.6,13.1,27.4,47.2,R,Bradgley Rodriguez,SDP,6,LAA,1,RHH,2,Low,Low,high
2,0,2,1,2,0,0.2,2026-04-26,blown_save,825094,20,away,699134,7,58.2,31.7,40.5,37.8,R,Bradgley Rodriguez,SDP,5,ARI,0,LHH,0,Mid,Low,high
1,0,0,1,0,0,1.1,2026-04-29,other,823312,22,home,699134,6,62.9,82.6,69.2,58.4,R,Bradgley Rodriguez,SDP,6,CHC,0,RHH,1,Mid,High,medium
0,0,0,0,0,0,1,2026-05-02,other,823308,9,home,699134,7,32.2,45.8,54.2,79.5,R,Bradgley Rodriguez,SDP,3,CHW,1,LHH,2,Low,Mid,high
0,0,0,0,0,0,1.1,2026-05-04,other,823228,16,away,699134,7,35.1,17.2,38.2,64.4,R,Bradgley Rodriguez,SDP,4,SFG,0,LHH,0,Low,Low,high
2,2,1,0,1,0,1,2026-05-07,other,823306,17,home,699134,7,41,40.4,42.1,44.7,R,Bradgley Rodriguez,SDP,5,STL,0,RHH,0,Low,Low,high
0,0,0,0,0,0,1,2026-05-10,other,823305,5,home,699134,9,41,40.4,42.1,44.7,R,Bradgley Rodriguez,SDP,3,STL,0,LHH,0,Low,Low,high
0,3,0,0,0,0,2,2026-05-17,other,823138,28,away,699134,8,43.3,45.2,49.2,57.9,R,Bradgley Rodriguez,SDP,7,SEA,0,RHH,0,Low,Low,high
0,2,0,0,0,0,1,2026-05-19,other,823302,14,home,699134,7,68.3,95.7,82.8,78.2,R,Bradgley Rodriguez,SDP,3,LAD,0,RHH,0,High,High,high
2,0,0,1,0,0,0.2,2026-05-22,other,823298,18,home,699134,6,42.3,37.3,48.1,64.7,R,Bradgley Rodriguez,SDP,5,ATH,0,RHH,0,Low,Low,medium
3,3,1,1,1,0,1,2026-05-24,other,823297,27,home,699134,9,42.3,37.3,48.1,64.7,R,Bradgley Rodriguez,SDP,7,ATH,0,LHH,0,Low,Low,high
0,1,0,0,0,0,1.1,2026-05-26,other,823294,27,home,699134,6,32.1,30.7,33.4,37.3,R,Bradgley Rodriguez,SDP,4,PHI,0,LHH,1,Low,Low,medium
1,2,2,1,0,0,1,2026-05-30,blown_save,822731,26,away,699134,7,43.7,67,67.7,85.6,R,Bradgley Rodriguez,SDP,6,WSN,3,LHH,3,Low,High,high
1,0,0,1,0,0,1,2026-06-02,other,823460,11,away,699134,8,32.1,30.7,33.4,37.3,R,Bradgley Rodriguez,SDP,4,PHI,0,LHH,0,Low,Low,high
1,1,1,0,1,1,1,2026-06-06,other,823292,11,home,699134,7,30.6,40,42.5,53.8,R,Bradgley Rodriguez,SDP,4,NYM,0,,0,Low,Low,high
1,0,1,1,1,0,0.2,2026-06-08,other,823289,17,home,699134,5,32.7,40.9,35.4,31,R,Bradgley Rodriguez,SDP,4,CIN,0,RHH,2,Low,Low,medium
2,2,1,0,0,0,1,2026-06-09,other,823290,17,home,699134,10,32.7,40.9,35.4,31,R,Bradgley Rodriguez,SDP,5,CIN,0,RHH,0,Low,Low,high
1,0,1,1,1,0,1,2026-06-13,other,824828,16,away,699134,7,31.6,69.3,61.4,73.6,R,Bradgley Rodriguez,SDP,5,BAL,0,RHH,0,Low,Mid,medium
1,2,0,1,0,0,1,2026-06-14,hold,824823,20,away,699134,6,31.6,69.3,61.4,73.6,R,Bradgley Rodriguez,SDP,5,BAL,0,LHH,0,Low,Mid,medium
1,2,0,0,0,0,0.2,2026-06-29,other,824662,15,away,699134,6,62.9,82.6,69.2,58.4,R,Bradgley Rodriguez,SDP,4,CHC,0,RHH,0,Mid,High,medium
0,0,0,1,0,0,1,2026-07-03,other,823933,16,away,699134,8,68.3,95.7,82.8,78.2,R,Bradgley Rodriguez,SDP,4,LAD,0,,0,High,High,high
0,1,1,1,1,0,0.2,2026-07-05,hold,823931,18,away,699134,6,68.3,95.7,82.8,78.2,R,Bradgley Rodriguez,SDP,3,LAD,0,RHH,2,High,High,high
0,0,0,0,0,0,1,2026-07-07,hold,823280,13,home,699134,8,58.2,31.7,40.5,37.8,R,Bradgley Rodriguez,SDP,3,ARI,0,LHH,0,Mid,Low,high
0,2,0,0,0,0,1.1,2026-07-09,other,823277,17,home,699134,6,58.2,31.7,40.5,37.8,R,Bradgley Rodriguez,SDP,4,ARI,0,RHH,1,Mid,Low,medium
1,0,1,0,1,1,1.1,2026-07-11,blown_save,823276,15,home,699134,6,54.7,7.6,29.4,36.4,R,Bradgley Rodriguez,SDP,5,TOR,2,RHH,2,Mid,Low,high
1,1,1,1,0,0,1,2026-07-17,blown_save,824090,20,away,699134,6,57,42.9,50.8,55.5,R,Bradgley Rodriguez,SDP,5,KCR,0,RHH,0,Mid,Mid,medium
0,2,0,0,0,0,1,2026-07-20,other,824898,17,away,699134,7,51.3,55.8,59,68.1,R,Bradgley Rodriguez,SDP,3,ATL,0,RHH,0,Mid,Mid,high
1,2,0,0,0,0,0.2,2026-07-21,other,824895,15,away,699134,7,51.3,55.8,59,68.1,R,Bradgley Rodriguez,SDP,3,ATL,1,LHH,1,Mid,Mid,medium
0,2,0,0,0,0,1,2026-07-23,other,824893,12,away,699134,8,51.3,55.8,59,68.1,R,Bradgley Rodriguez,SDP,3,ATL,0,RHH,0,Mid,Mid,high
2,1,0,0,0,0,0.2,2026-07-24,other,823843,22,away,699134,7,40.1,39.3,48.6,65.4,R,Bradgley Rodriguez,SDP,4,MIA,0,,0,Low,Low,high
2,1,2,1,2,0,1,2026-07-28,other,823275,20,home,699134,7,34.5,31.8,26.1,13.5,R,Bradgley Rodriguez,SDP,6,COL,0,LHH,0,Low,Low,high
1,1,0,0,0,0,0.2,2026-07-29,hold,823273,9,home,699134,7,34.5,31.8,26.1,13.5,R,Bradgley Rodriguez,SDP,3,COL,1,LHH,2,Low,Low,high
2,2,1,0,1,1,0.2,2026-08-02,hold,823270,23,home,699134,8,35.1,17.2,38.2,64.4,R,Bradgley Rodriguez,SDP,4,SFG,0,LHH,0,Low,Low,high
0,1,0,0,0,0,1,2026-08-04,other,825054,9,away,699134,8,58.2,31.7,40.5,37.8,R,Bradgley Rodriguez,SDP,3,ARI,0,LHH,0,Mid,Low,high
0,1,0,0,0,0,2,2026-08-06,other,825053,25,away,699134,5,58.2,31.7,40.5,37.8,R,Bradgley Rodriguez,SDP,6,ARI,0,LHH,0,Mid,Low,medium
0,1,0,0,0,0,2,2026-08-09,hold,823268,17,home,699134,7,38.5,45.2,48.8,60.3,R,Bradgley Rodriguez,SDP,6,HOU,0,RHH,0,Low,Low,medium
1,3,0,1,0,0,2,2026-08-12,other,823263,38,home,699134,5,67.4,75.3,66.3,55.3,R,Bradgley Rodriguez,SDP,8,MIL,0,RHH,0,High,High,medium
4,2,1,3,1,0,4.1,2026-06-17,other,823044,77,away,656288,2,41,40.4,42.1,44.7,R,Griffin Canning,SDP,20,STL,0,,0,Low,Low,medium
4,2,4,1,4,0,0.2,2026-06-23,other,823286,40,home,656288,2,51.3,55.8,59,68.1,R,Griffin Canning,SDP,8,ATL,0,LHH,0,Mid,Mid,medium
2,4,1,2,1,0,4,2026-07-04,other,823932,73,away,656288,2,68.3,95.7,82.8,78.2,R,Griffin Canning,SDP,16,LAD,0,LHH,0,High,High,medium
5,4,5,0,4,3,2.2,2026-07-23,other,824893,59,away,656288,2,51.3,55.8,59,68.1,R,Griffin Canning,SDP,14,ATL,0,,0,Mid,Mid,medium
1,4,0,0,0,0,3,2026-07-29,other,823273,40,home,656288,3,34.5,31.8,26.1,13.5,R,Griffin Canning,SDP,10,COL,0,RHH,1,Low,Low,medium
2,0,1,0,1,1,2,2026-08-02,other,823270,38,home,656288,5,35.1,17.2,38.2,64.4,R,Griffin Canning,SDP,8,SFG,0,LHH,0,Low,Low,medium
0,0,0,0,0,0,1,2026-08-04,other,825054,7,away,656288,9,58.2,31.7,40.5,37.8,R,Griffin Canning,SDP,3,ARI,0,RHH,0,Mid,Low,high
3,2,2,0,2,0,1,2026-08-05,other,825052,27,away,656288,8,58.2,31.7,40.5,37.8,R,Griffin Canning,SDP,6,ARI,0,,0,Mid,Low,high
3,2,1,1,1,0,2,2026-08-11,other,823264,35,home,656288,8,67.4,75.3,66.3,55.3,R,Griffin Canning,SDP,10,MIL,0,,0,High,High,high
1,2,4,3,4,0,0.2,2026-03-27,blown_save,823324,27,home,669093,8,43.2,42.5,49.7,62.5,R,Jeremiah Estrada,SDP,6,DET,0,,0,Low,Low,high
1,2,0,0,0,0,1,2026-03-31,other,823322,18,home,669093,8,35.1,17.2,38.2,64.4,R,Jeremiah Estrada,SDP,4,SFG,0,RHH,0,Low,Low,high
0,2,0,0,0,0,1,2026-04-01,hold,823321,13,home,669093,6,35.1,17.2,38.2,64.4,R,Jeremiah Estrada,SDP,3,SFG,0,RHH,0,Low,Low,medium
0,0,0,0,0,0,1,2026-04-04,hold,824782,10,away,669093,7,43,41.3,32.9,16,R,Jeremiah Estrada,SDP,3,BOS,0,RHH,0,Low,Low,high
0,1,0,0,0,0,1,2026-04-05,other,824781,13,away,669093,8,43,41.3,32.9,16,R,Jeremiah Estrada,SDP,3,BOS,0,LHH,0,Low,Low,high
1,0,0,0,0,0,1,2026-04-08,hold,823403,12,away,669093,8,33.5,60.7,62.1,84.2,R,Jeremiah Estrada,SDP,4,PIT,0,,0,Low,Mid,high
2,1,2,2,0,0,1.1,2026-04-09,other,823319,24,home,669093,10,34.5,31.8,26.1,13.5,R,Jeremiah Estrada,SDP,7,COL,0,RHH,0,Low,Low,high
0,3,0,0,0,0,1,2026-05-02,other,823308,13,home,669093,9,32.2,45.8,54.2,79.5,R,Jeremiah Estrada,SDP,3,CHW,0,LHH,0,Low,Mid,high
1,2,1,0,1,1,1.2,2026-05-05,hold,823227,21,away,669093,6,35.1,17.2,38.2,64.4,R,Jeremiah Estrada,SDP,6,SFG,0,RHH,2,Low,Low,high
0,1,0,0,0,0,1,2026-05-09,hold,823304,15,home,669093,6,41,40.4,42.1,44.7,R,Jeremiah Estrada,SDP,3,STL,0,LHH,0,Low,Low,medium
0,2,0,1,0,0,0.2,2026-05-10,other,823305,17,home,669093,10,41,40.4,42.1,44.7,R,Jeremiah Estrada,SDP,3,STL,0,RHH,0,Low,Low,high
1,0,0,0,0,0,1.1,2026-05-13,other,823791,15,away,669093,6,67.4,75.3,66.3,55.3,R,Jeremiah Estrada,SDP,4,MIL,0,LHH,2,High,High,high
1,0,0,1,0,0,1,2026-05-16,save,823139,17,away,669093,9,43.3,45.2,49.2,57.9,R,Jeremiah Estrada,SDP,5,SEA,0,RHH,0,Low,Low,high
1,1,1,0,1,1,1,2026-05-19,blown_save,823302,18,home,669093,6,68.3,95.7,82.8,78.2,R,Jeremiah Estrada,SDP,4,LAD,0,LHH,0,High,High,medium
0,1,0,0,0,0,1,2026-05-22,other,823298,9,home,669093,9,42.3,37.3,48.1,64.7,R,Jeremiah Estrada,SDP,3,ATH,0,LHH,0,Low,Low,high
0,0,0,1,0,0,1,2026-05-23,hold,823300,12,home,669093,6,42.3,37.3,48.1,64.7,R,Jeremiah Estrada,SDP,4,ATH,0,RHH,0,Low,Low,medium
0,1,0,0,0,0,0.1,2026-05-25,other,823296,4,home,669093,7,32.1,30.7,33.4,37.3,R,Jeremiah Estrada,SDP,1,PHI,0,RHH,1,Low,Low,medium
1,1,0,0,0,0,1,2026-05-27,other,823295,11,home,669093,7,32.1,30.7,33.4,37.3,R,Jeremiah Estrada,SDP,4,PHI,0,RHH,0,Low,Low,high
1,2,0,0,0,0,1.1,2026-05-29,other,822732,19,away,669093,5,43.7,67,67.7,85.6,R,Jeremiah Estrada,SDP,5,WSN,1,,2,Low,High,medium
1,0,1,1,1,0,0.1,2026-05-31,other,822729,12,away,669093,7,43.7,67,67.7,85.6,R,Jeremiah Estrada,SDP,3,WSN,0,LHH,0,Low,High,high
1,1,1,1,1,0,1,2026-06-02,other,823460,22,away,669093,6,32.1,30.7,33.4,37.3,R,Jeremiah Estrada,SDP,4,PHI,0,LHH,0,Low,Low,medium
0,3,0,1,0,0,1,2026-07-29,hold,823273,22,home,669093,8,34.5,31.8,26.1,13.5,R,Jeremiah Estrada,SDP,4,COL,0,LHH,0,Low,Low,high
2,1,2,1,2,0,0.1,2026-08-01,hold,823269,15,home,669093,8,35.1,17.2,38.2,64.4,R,Jeremiah Estrada,SDP,4,SFG,0,,0,Low,Low,high
0,1,0,1,0,0,1,2026-08-02,hold,823270,10,home,669093,7,35.1,17.2,38.2,64.4,R,Jeremiah Estrada,SDP,3,SFG,0,LHH,0,Low,Low,high
0,0,0,0,0,0,0.2,2026-08-03,other,825095,7,away,669093,7,58.2,31.7,40.5,37.8,R,Jeremiah Estrada,SDP,2,ARI,0,LHH,1,Mid,Low,high
0,1,0,0,0,0,1,2026-08-06,other,825053,12,away,669093,7,58.2,31.7,40.5,37.8,R,Jeremiah Estrada,SDP,3,ARI,0,RHH,0,Mid,Low,medium
1,2,0,1,0,0,0.2,2026-08-08,hold,823267,20,home,669093,7,38.5,45.2,48.8,60.3,R,Jeremiah Estrada,SDP,4,HOU,0,RHH,0,Low,Low,high
0,2,0,0,0,0,1,2026-08-09,other,823268,12,home,669093,9,38.5,45.2,48.8,60.3,R,Jeremiah Estrada,SDP,3,HOU,0,LHH,0,Low,Low,high
0,1,0,0,0,0,1,2026-08-12,other,823263,16,home,669093,7,67.4,75.3,66.3,55.3,R,Jeremiah Estrada,SDP,3,MIL,0,RHH,0,High,High,high
0,3,0,0,0,0,2,2026-03-28,hold,823323,23,home,606996,7,43.2,42.5,49.7,62.5,R,Kyle Hart,SDP,6,DET,0,RHH,0,Low,Low,medium
4,2,4,1,4,0,2.1,2026-03-31,other,823322,42,home,606996,4,35.1,17.2,38.2,64.4,R,Kyle Hart,SDP,11,SFG,0,RHH,0,Low,Low,medium
1,0,0,1,0,0,2.1,2026-04-05,other,824781,28,away,606996,3,43,41.3,32.9,16,R,Kyle Hart,SDP,9,BOS,1,,1,Low,Low,low
1,0,0,1,0,0,1,2026-04-08,hold,823403,21,away,606996,7,33.5,60.7,62.1,84.2,R,Kyle Hart,SDP,5,PIT,2,RHH,2,Low,Mid,high
1,0,0,1,0,0,1,2026-04-10,hold,823318,13,home,606996,7,34.5,31.8,26.1,13.5,R,Kyle Hart,SDP,4,COL,0,RHH,0,Low,Low,high
1,1,2,1,2,0,2.1,2026-04-12,other,823317,34,home,606996,4,34.5,31.8,26.1,13.5,R,Kyle Hart,SDP,10,COL,0,LHH,0,Low,Low,medium
0,1,0,0,0,0,1,2026-04-17,other,824048,13,away,606996,8,22.6,13.1,27.4,47.2,R,Kyle Hart,SDP,3,LAA,0,RHH,0,Low,Low,high
1,0,1,0,1,0,0.1,2026-04-19,hold,824047,10,away,606996,7,22.6,13.1,27.4,47.2,R,Kyle Hart,SDP,3,LAA,0,RHH,0,Low,Low,high
2,0,1,0,1,0,2.1,2026-04-22,other,824367,42,away,606996,3,34.5,31.8,26.1,13.5,R,Kyle Hart,SDP,9,COL,0,LHH,3,Low,Low,medium
1,1,2,1,2,0,0.2,2026-04-28,other,823310,14,home,606996,5,62.9,82.6,69.2,58.4,R,Kyle Hart,SDP,4,CHC,0,LHH,2,Mid,High,medium
0,1,0,0,0,0,1,2026-05-02,other,823308,14,home,606996,8,32.2,45.8,54.2,79.5,R,Kyle Hart,SDP,3,CHW,0,LHH,0,Low,Mid,high
0,1,0,0,0,0,0.1,2026-05-04,other,823228,5,away,606996,6,35.1,17.2,38.2,64.4,R,Kyle Hart,SDP,1,SFG,0,LHH,1,Low,Low,medium
1,1,0,0,0,0,2,2026-06-15,other,823046,24,away,606996,7,41,40.4,42.1,44.7,R,Kyle Hart,SDP,7,STL,0,LHH,0,Low,Low,medium
0,1,0,0,0,0,1.2,2026-06-17,hold,823044,11,away,606996,6,41,40.4,42.1,44.7,R,Kyle Hart,SDP,4,STL,0,RHH,1,Low,Low,medium
0,1,0,0,0,0,0.2,2026-06-20,other,822885,10,away,606996,6,36.6,27.1,36.4,46.9,R,Kyle Hart,SDP,2,TEX,0,,1,Low,Low,medium
0,2,0,0,0,0,1,2026-06-21,other,822883,11,away,606996,6,36.6,27.1,36.4,46.9,R,Kyle Hart,SDP,4,TEX,0,,0,Low,Low,medium
2,3,1,1,1,0,2,2026-06-23,other,823286,45,home,606996,2,51.3,55.8,59,68.1,R,Kyle Hart,SDP,9,ATL,1,LHH,3,Mid,Mid,low
0,1,0,1,0,0,0.2,2026-06-29,blown_hold,824662,12,away,606996,5,62.9,82.6,69.2,58.4,R,Kyle Hart,SDP,3,CHC,1,RHH,2,Mid,High,medium
3,4,6,2,5,3,2,2026-07-01,other,824660,52,away,606996,5,62.9,82.6,69.2,58.4,R,Kyle Hart,SDP,12,CHC,0,RHH,0,Mid,High,low
1,3,1,0,1,1,2,2026-07-04,other,823932,31,away,606996,6,68.3,95.7,82.8,78.2,R,Kyle Hart,SDP,7,LAD,0,,0,High,High,medium
3,0,1,0,1,0,2,2026-07-08,other,823279,37,home,606996,8,58.2,31.7,40.5,37.8,R,Kyle Hart,SDP,9,ARI,0,RHH,0,Mid,Low,high
0,0,0,0,0,0,1,2026-07-12,other,823274,16,home,606996,6,54.7,7.6,29.4,36.4,R,Kyle Hart,SDP,3,TOR,0,LHH,0,Mid,Low,medium
4,0,4,0,3,0,0.1,2026-07-17,blown_save,824090,14,away,606996,10,57,42.9,50.8,55.5,R,Kyle Hart,SDP,5,KCR,0,RHH,0,Mid,Mid,high
0,2,0,1,0,0,1,2026-07-20,other,824898,20,away,606996,8,51.3,55.8,59,68.1,R,Kyle Hart,SDP,3,ATL,0,RHH,0,Mid,Mid,high
2,2,0,0,0,0,2,2026-07-24,other,823843,28,away,606996,3,40.1,39.3,48.6,65.4,R,Kyle Hart,SDP,8,MIA,0,LHH,0,Low,Low,medium
2,3,0,1,0,0,2.2,2026-08-05,other,825052,49,away,606996,4,58.2,31.7,40.5,37.8,R,Kyle Hart,SDP,11,ARI,3,RHH,3,Mid,Low,low
0,1,0,0,0,0,1,2026-08-09,hold,823268,7,home,606996,6,38.5,45.2,48.8,60.3,R,Kyle Hart,SDP,3,HOU,0,LHH,0,Low,Low,medium
0,2,0,2,0,0,1,2026-08-12,other,823263,23,home,606996,8,67.4,75.3,66.3,55.3,R,Kyle Hart,SDP,5,MIL,0,RHH,0,High,High,high
0,2,0,1,0,0,1,2026-03-28,save,823323,18,home,695243,9,43.2,42.5,49.7,62.5,R,Mason Miller,SDP,4,DET,0,LHH,0,Low,Low,high
1,3,0,0,0,0,1.1,2026-04-01,save,823321,19,home,695243,8,35.1,17.2,38.2,64.4,R,Mason Miller,SDP,5,SFG,0,RHH,1,Low,Low,high
0,3,0,0,0,0,1,2026-04-04,save,824782,11,away,695243,9,43,41.3,32.9,16,R,Mason Miller,SDP,3,BOS,0,LHH,0,Low,Low,high
0,3,0,0,0,0,1,2026-04-05,save,824781,12,away,695243,9,43,41.3,32.9,16,R,Mason Miller,SDP,3,BOS,0,RHH,0,Low,Low,high
0,2,0,0,0,0,1,2026-04-08,other,823403,10,away,695243,9,33.5,60.7,62.1,84.2,R,Mason Miller,SDP,3,PIT,0,RHH,0,Low,Mid,high
0,3,0,0,0,0,1,2026-04-09,other,823319,10,home,695243,9,34.5,31.8,26.1,13.5,R,Mason Miller,SDP,3,COL,0,LHH,0,Low,Low,high
0,3,0,0,0,0,1,2026-04-10,other,823318,13,home,695243,9,34.5,31.8,26.1,13.5,R,Mason Miller,SDP,3,COL,0,LHH,0,Low,Low,high
0,1,0,0,0,0,1,2026-04-14,save,823315,15,home,695243,9,43.3,45.2,49.2,57.9,R,Mason Miller,SDP,3,SEA,0,LHH,0,Low,Low,high
0,3,0,0,0,0,1,2026-04-16,save,823313,14,home,695243,9,43.3,45.2,49.2,57.9,R,Mason Miller,SDP,3,SEA,0,LHH,0,Low,Low,high
1,2,0,1,0,0,1,2026-04-18,save,824049,20,away,695243,9,22.6,13.1,27.4,47.2,R,Mason Miller,SDP,5,LAA,0,RHH,0,Low,Low,high
0,2,0,0,0,0,1,2026-04-19,save,824047,13,away,695243,9,22.6,13.1,27.4,47.2,R,Mason Miller,SDP,3,LAA,0,RHH,0,Low,Low,high
1,0,0,0,0,0,1,2026-04-23,save,824368,7,away,695243,9,34.5,31.8,26.1,13.5,R,Mason Miller,SDP,3,COL,0,RHH,0,Low,Low,high
0,0,0,0,0,0,1,2026-04-25,save,825093,13,away,695243,9,58.2,31.7,40.5,37.8,R,Mason Miller,SDP,3,ARI,0,LHH,0,Mid,Low,high
3,1,2,0,2,0,1,2026-04-27,other,823311,21,home,695243,9,62.9,82.6,69.2,58.4,R,Mason Miller,SDP,6,CHC,0,RHH,0,Mid,High,high
0,1,0,1,0,0,1,2026-04-29,other,823312,19,home,695243,9,62.9,82.6,69.2,58.4,R,Mason Miller,SDP,4,CHC,0,LHH,0,Mid,High,high
1,3,0,0,0,0,1,2026-05-03,save,823307,15,home,695243,9,32.2,45.8,54.2,79.5,R,Mason Miller,SDP,4,CHW,0,,0,Low,Mid,high
0,2,0,0,0,0,1,2026-05-06,other,823226,13,away,695243,9,35.1,17.2,38.2,64.4,R,Mason Miller,SDP,3,SFG,0,RHH,0,Low,Low,high
0,4,0,2,0,0,1.1,2026-05-09,save,823304,29,home,695243,8,41,40.4,42.1,44.7,R,Mason Miller,SDP,7,STL,0,RHH,1,Low,Low,high
1,2,0,0,0,0,1,2026-05-13,save,823791,20,away,695243,9,67.4,75.3,66.3,55.3,R,Mason Miller,SDP,4,MIL,0,,0,High,High,high
2,4,0,1,0,0,1.1,2026-05-15,save,823140,34,away,695243,8,43.3,45.2,49.2,57.9,R,Mason Miller,SDP,7,SEA,0,RHH,2,Low,Low,high
0,1,0,2,0,0,1,2026-05-18,save,823301,22,home,695243,9,68.3,95.7,82.8,78.2,R,Mason Miller,SDP,5,LAD,0,LHH,0,High,High,high
0,0,1,1,0,0,0.2,2026-05-19,other,823302,22,home,695243,9,68.3,95.7,82.8,78.2,R,Mason Miller,SDP,3,LAD,0,RHH,0,High,High,high
0,2,0,0,0,0,1,2026-05-23,save,823300,13,home,695243,9,42.3,37.3,48.1,64.7,R,Mason Miller,SDP,3,ATH,0,RHH,0,Low,Low,high
0,2,0,2,0,0,1.1,2026-05-29,save,822732,30,away,695243,8,43.7,67,67.7,85.6,R,Mason Miller,SDP,6,WSN,0,LHH,2,Low,High,high
2,1,1,0,1,0,0.2,2026-06-05,other,823293,17,home,695243,9,30.6,40,42.5,53.8,R,Mason Miller,SDP,4,NYM,0,LHH,0,Low,Low,high
0,1,0,1,0,0,1,2026-06-06,save,823292,17,home,695243,9,30.6,40,42.5,53.8,R,Mason Miller,SDP,4,NYM,0,,0,Low,Low,high
0,3,0,0,0,0,1,2026-06-08,other,823289,19,home,695243,9,32.7,40.9,35.4,31,R,Mason Miller,SDP,3,CIN,0,LHH,0,Low,Low,high
0,2,0,0,0,0,1,2026-06-09,other,823290,14,home,695243,9,32.7,40.9,35.4,31,R,Mason Miller,SDP,3,CIN,0,RHH,0,Low,Low,high
0,3,0,0,0,0,1.1,2026-06-14,save,824823,18,away,695243,8,31.6,69.3,61.4,73.6,R,Mason Miller,SDP,4,BAL,0,RHH,1,Low,Mid,high
1,2,1,0,0,0,1,2026-06-20,save,822885,21,away,695243,10,36.6,27.1,36.4,46.9,R,Mason Miller,SDP,4,TEX,0,,0,Low,Low,high
1,2,0,1,0,0,1,2026-06-22,save,823288,20,home,695243,9,51.3,55.8,59,68.1,R,Mason Miller,SDP,5,ATL,0,LHH,0,Mid,Mid,high
0,3,0,0,0,0,2,2026-06-23,other,823286,22,home,695243,9,51.3,55.8,59,68.1,R,Mason Miller,SDP,6,ATL,0,RHH,0,Mid,Mid,high
2,0,0,0,0,0,0.2,2026-06-29,other,824662,7,away,695243,9,62.9,82.6,69.2,58.4,R,Mason Miller,SDP,3,CHC,1,RHH,2,Mid,High,high
1,0,1,0,1,0,1,2026-07-04,other,823932,13,away,695243,8,68.3,95.7,82.8,78.2,R,Mason Miller,SDP,4,LAD,0,,0,High,High,high
0,1,0,0,0,0,1,2026-07-05,save,823931,17,away,695243,9,68.3,95.7,82.8,78.2,R,Mason Miller,SDP,3,LAD,0,LHH,0,High,High,high
0,2,0,0,0,0,1,2026-07-07,save,823280,14,home,695243,9,58.2,31.7,40.5,37.8,R,Mason Miller,SDP,3,ARI,0,RHH,0,Mid,Low,high
1,2,0,0,0,0,1,2026-07-11,save,823276,14,home,695243,9,54.7,7.6,29.4,36.4,R,Mason Miller,SDP,4,TOR,0,RHH,0,Mid,Low,high
0,1,0,0,0,0,1,2026-07-12,save,823274,8,home,695243,9,54.7,7.6,29.4,36.4,R,Mason Miller,SDP,3,TOR,0,RHH,0,Mid,Low,high
2,3,0,1,0,0,1,2026-07-17,other,824090,16,away,695243,9,57,42.9,50.8,55.5,R,Mason Miller,SDP,6,KCR,0,LHH,0,Mid,Mid,high
1,3,0,1,0,0,1,2026-07-21,other,824895,21,away,695243,9,51.3,55.8,59,68.1,R,Mason Miller,SDP,5,ATL,0,LHH,0,Mid,Mid,high
0,1,0,0,0,0,1,2026-07-24,save,823843,11,away,695243,9,40.1,39.3,48.6,65.4,R,Mason Miller,SDP,3,MIA,0,LHH,0,Low,Low,high
0,1,0,0,0,0,1,2026-07-26,save,823840,15,away,695243,9,40.1,39.3,48.6,65.4,R,Mason Miller,SDP,3,MIA,0,LHH,0,Low,Low,high
0,3,0,0,0,0,1,2026-07-28,other,823275,11,home,695243,9,34.5,31.8,26.1,13.5,R,Mason Miller,SDP,3,COL,0,LHH,0,Low,Low,high
0,2,0,0,0,0,1,2026-07-29,save,823273,15,home,695243,9,34.5,31.8,26.1,13.5,R,Mason Miller,SDP,3,COL,0,LHH,0,Low,Low,high
1,3,0,1,0,0,1.2,2026-08-01,blown_save,823269,30,home,695243,8,35.1,17.2,38.2,64.4,R,Mason Miller,SDP,7,SFG,2,LHH,3,Low,Low,high
1,2,0,0,0,0,1,2026-08-06,other,825053,17,away,695243,9,58.2,31.7,40.5,37.8,R,Mason Miller,SDP,4,ARI,0,,0,Mid,Low,high
1,1,1,0,1,0,1,2026-08-08,save,823267,22,home,695243,9,38.5,45.2,48.8,60.3,R,Mason Miller,SDP,5,HOU,0,RHH,0,Low,Low,high
0,1,0,1,0,0,1,2026-08-10,save,823265,19,home,695243,9,67.4,75.3,66.3,55.3,R,Mason Miller,SDP,3,MIL,0,,0,High,High,high
0,1,0,2,0,0,1,2026-08-12,other,823263,23,home,695243,9,67.4,75.3,66.3,55.3,R,Mason Miller,SDP,5,MIL,0,LHH,0,High,High,high
8,1,7,1,4,2,3.1,2026-06-27,other,823283,79,home,681190,3,68.3,95.7,82.8,78.2,R,Randy Vásquez,SDP,19,LAD,0,,0,High,High,medium
3,2,0,0,0,0,3,2026-07-19,hold,824086,32,away,681190,6,57,42.9,50.8,55.5,R,Randy Vásquez,SDP,11,KCR,0,RHH,0,Mid,Mid,low
4,1,2,0,2,0,0.2,2026-07-22,other,824896,19,away,681190,8,51.3,55.8,59,68.1,R,Randy Vásquez,SDP,6,ATL,2,LHH,2,Mid,Mid,high
3,1,0,1,0,0,4.2,2026-07-30,other,823271,65,home,681190,5,35.1,17.2,38.2,64.4,R,Randy Vásquez,SDP,18,SFG,1,,2,Low,Low,medium
2,8,0,2,0,0,6.1,2026-06-16,other,824912,94,away,592662,2,51.3,55.8,59,68.1,R,Robbie Ray,SDP,23,ATL,0,LHH,0,Mid,Mid,medium
1,0,0,0,0,0,1,2026-03-26,other,823325,15,home,593974,9,43.2,42.5,49.7,62.5,R,Wandy Peralta,SDP,4,DET,0,,0,Low,Low,high
2,0,0,0,0,0,0.1,2026-03-27,other,823324,17,home,593974,8,43.2,42.5,49.7,62.5,R,Wandy Peralta,SDP,3,DET,3,RHH,3,Low,Low,high
0,0,0,0,0,0,1,2026-03-30,other,823320,14,home,593974,5,35.1,17.2,38.2,64.4,R,Wandy Peralta,SDP,3,SFG,0,LHH,0,Low,Low,medium
2,2,1,0,1,1,1.1,2026-04-03,other,824786,20,away,593974,6,43,41.3,32.9,16,R,Wandy Peralta,SDP,6,BOS,1,RHH,1,Low,Low,medium
2,0,1,0,1,0,0.1,2026-04-05,blown_save,824781,10,away,593974,7,43,41.3,32.9,16,R,Wandy Peralta,SDP,3,BOS,1,LHH,1,Low,Low,high
1,1,0,1,0,0,1,2026-04-07,other,823402,13,away,593974,7,33.5,60.7,62.1,84.2,R,Wandy Peralta,SDP,4,PIT,0,,0,Low,Mid,high
1,2,0,1,0,0,1.1,2026-04-11,hold,823316,28,home,593974,6,34.5,31.8,26.1,13.5,R,Wandy Peralta,SDP,6,COL,0,LHH,0,Low,Low,medium
0,1,0,0,0,0,1,2026-04-12,other,823317,11,home,593974,8,34.5,31.8,26.1,13.5,R,Wandy Peralta,SDP,3,COL,0,RHH,0,Low,Low,high
1,1,0,1,0,0,1,2026-04-15,other,823314,25,home,593974,7,43.3,45.2,49.2,57.9,R,Wandy Peralta,SDP,5,SEA,0,LHH,0,Low,Low,medium
2,3,0,0,0,0,1.2,2026-04-17,other,824048,25,away,593974,5,22.6,13.1,27.4,47.2,R,Wandy Peralta,SDP,7,LAA,0,,3,Low,Low,low
1,1,1,0,1,1,1.2,2026-04-22,other,824367,17,away,593974,7,34.5,31.8,26.1,13.5,R,Wandy Peralta,SDP,5,COL,0,RHH,2,Low,Low,high
1,0,0,1,0,0,0.2,2026-04-26,other,825094,16,away,593974,8,58.2,31.7,40.5,37.8,R,Wandy Peralta,SDP,3,ARI,0,RHH,1,Mid,Low,high
2,0,3,0,3,1,1,2026-04-28,other,823310,26,home,593974,7,62.9,82.6,69.2,58.4,R,Wandy Peralta,SDP,6,CHC,1,RHH,1,Mid,High,high
0,2,0,1,0,0,2,2026-05-01,other,823309,34,home,593974,6,32.2,45.8,54.2,79.5,R,Wandy Peralta,SDP,7,CHW,0,LHH,0,Low,Mid,low
1,1,0,1,0,0,0.2,2026-05-04,other,823228,13,away,593974,8,35.1,17.2,38.2,64.4,R,Wandy Peralta,SDP,4,SFG,0,,0,Low,Low,high
1,0,0,2,0,0,1,2026-05-07,other,823306,14,home,593974,8,41,40.4,42.1,44.7,R,Wandy Peralta,SDP,4,STL,0,LHH,0,Low,Low,high
1,0,0,0,0,0,1,2026-05-08,other,823303,7,home,593974,8,41,40.4,42.1,44.7,R,Wandy Peralta,SDP,4,STL,0,LHH,0,Low,Low,high
2,2,0,0,0,0,2.1,2026-05-12,other,823790,34,away,593974,4,67.4,75.3,66.3,55.3,R,Wandy Peralta,SDP,9,MIL,0,LHH,2,High,High,low
0,1,0,0,0,0,1,2026-05-16,hold,823139,10,away,593974,6,43.3,45.2,49.2,57.9,R,Wandy Peralta,SDP,3,SEA,0,LHH,0,Low,Low,medium
1,0,0,1,0,0,1.2,2026-05-20,other,823299,23,home,593974,5,68.3,95.7,82.8,78.2,R,Wandy Peralta,SDP,6,LAD,1,,2,High,High,medium
1,2,0,1,0,0,1.1,2026-05-24,other,823297,30,home,593974,7,42.3,37.3,48.1,64.7,R,Wandy Peralta,SDP,6,ATH,0,,1,Low,Low,medium
0,0,0,2,0,0,1,2026-05-26,other,823294,25,home,593974,8,32.1,30.7,33.4,37.3,R,Wandy Peralta,SDP,6,PHI,0,,0,Low,Low,high
2,0,2,1,2,0,1,2026-05-30,other,822731,17,away,593974,8,43.7,67,67.7,85.6,R,Wandy Peralta,SDP,6,WSN,0,RHH,0,Low,High,high
1,0,0,0,0,0,1.1,2026-06-03,other,823456,13,away,593974,7,32.1,30.7,33.4,37.3,R,Wandy Peralta,SDP,4,PHI,0,LHH,1,Low,Low,high
0,1,0,0,0,0,1.2,2026-06-04,other,823457,16,away,593974,7,32.1,30.7,33.4,37.3,R,Wandy Peralta,SDP,5,PHI,0,,2,Low,Low,high
2,0,0,1,0,0,1,2026-06-07,other,823291,27,home,593974,9,30.6,40,42.5,53.8,R,Wandy Peralta,SDP,6,NYM,0,LHH,0,Low,Low,high
1,0,0,1,0,0,1,2026-06-10,other,823287,14,home,593974,9,32.7,40.9,35.4,31,R,Wandy Peralta,SDP,4,CIN,0,RHH,0,Low,Low,high
1,3,0,2,0,0,1.2,2026-06-12,other,824826,30,away,593974,6,31.6,69.3,61.4,73.6,R,Wandy Peralta,SDP,8,BAL,0,LHH,0,Low,Mid,low
1,0,0,0,0,0,1,2026-06-16,other,823045,13,away,593974,8,41,40.4,42.1,44.7,R,Wandy Peralta,SDP,4,STL,0,LHH,0,Low,Low,high
0,0,0,1,0,0,1.2,2026-06-19,other,822886,19,away,593974,6,36.6,27.1,36.4,46.9,R,Wandy Peralta,SDP,6,TEX,0,RHH,2,Low,Low,high
1,0,0,0,0,0,1,2026-06-24,hold,823284,15,home,593974,8,51.3,55.8,59,68.1,R,Wandy Peralta,SDP,4,ATL,0,RHH,0,Mid,Mid,high
1,0,0,0,0,0,1,2026-06-26,other,823285,12,home,593974,9,68.3,95.7,82.8,78.2,R,Wandy Peralta,SDP,3,LAD,0,RHH,0,High,High,high
0,2,0,0,0,0,2,2026-06-28,other,823281,22,home,593974,8,68.3,95.7,82.8,78.2,R,Wandy Peralta,SDP,6,LAD,0,RHH,0,High,High,high
2,0,0,0,0,0,1.2,2026-06-30,other,824661,23,away,593974,7,62.9,82.6,69.2,58.4,R,Wandy Peralta,SDP,6,CHC,0,,2,Mid,High,high
6,2,4,0,4,0,1,2026-07-02,blown_hold,823935,28,away,593974,4,68.3,95.7,82.8,78.2,R,Wandy Peralta,SDP,9,LAD,0,LHH,0,High,High,medium
0,1,0,0,0,0,1,2026-07-09,other,823277,18,home,593974,8,58.2,31.7,40.5,37.8,R,Wandy Peralta,SDP,3,ARI,0,RHH,0,Mid,Low,high
0,0,0,0,0,0,1,2026-07-10,other,823278,15,home,593974,8,54.7,7.6,29.4,36.4,R,Wandy Peralta,SDP,3,TOR,0,RHH,0,Mid,Low,high
0,0,0,0,0,0,1,2026-07-19,other,824086,10,away,593974,9,57,42.9,50.8,55.5,R,Wandy Peralta,SDP,3,KCR,0,RHH,0,Mid,Mid,high
1,1,1,1,1,1,1,2026-07-20,other,824898,22,away,593974,6,51.3,55.8,59,68.1,R,Wandy Peralta,SDP,5,ATL,0,LHH,0,Mid,Mid,medium
3,0,4,1,4,0,0.1,2026-07-22,other,824896,17,away,593974,8,51.3,55.8,59,68.1,R,Wandy Peralta,SDP,5,ATL,0,RHH,0,Mid,Mid,high
2,1,1,0,1,1,1.2,2026-07-24,blown_save,823843,20,away,593974,5,40.1,39.3,48.6,65.4,R,Wandy Peralta,SDP,6,MIA,0,RHH,0,Low,Low,medium
1,0,0,0,0,0,1,2026-07-26,other,823840,12,away,593974,7,40.1,39.3,48.6,65.4,R,Wandy Peralta,SDP,4,MIA,0,,0,Low,Low,high
2,1,1,0,1,0,0.2,2026-07-29,hold,823273,11,home,593974,6,34.5,31.8,26.1,13.5,R,Wandy Peralta,SDP,4,COL,0,LHH,0,Low,Low,medium
1,1,1,1,1,0,0.2,2026-07-30,other,823271,23,home,593974,4,35.1,17.2,38.2,64.4,R,Wandy Peralta,SDP,4,SFG,0,LHH,3,Low,Low,medium
1,1,0,0,0,0,1.1,2026-08-01,other,823269,17,home,593974,5,35.1,17.2,38.2,64.4,R,Wandy Peralta,SDP,5,SFG,0,,2,Low,Low,medium
3,0,2,0,2,0,1,2026-08-03,other,825095,25,away,593974,8,58.2,31.7,40.5,37.8,R,Wandy Peralta,SDP,6,ARI,0,RHH,0,Mid,Low,high
1,1,0,0,0,0,1,2026-08-05,other,825052,17,away,593974,7,58.2,31.7,40.5,37.8,R,Wandy Peralta,SDP,4,ARI,0,RHH,0,Mid,Low,medium
3,1,1,0,1,0,2,2026-08-07,other,823266,31,home,593974,8,38.5,45.2,48.8,60.3,R,Wandy Peralta,SDP,8,HOU,0,RHH,0,Low,Low,high
1,0,0,0,0,0,1,2026-08-11,other,823264,14,home,593974,7,67.4,75.3,66.3,55.3,R,Wandy Peralta,SDP,4,MIL,0,,0,High,High,medium
3,2,0,1,0,0,2.2,2026-05-08,other,823303,38,home,673513,5,41,40.4,42.1,44.7,R,Yuki Matsui,SDP,11,STL,2,LHH,3,Low,Low,low
1,3,0,0,0,0,2,2026-05-12,other,823790,25,away,673513,7,67.4,75.3,66.3,55.3,R,Yuki Matsui,SDP,7,MIL,0,LHH,0,High,High,medium
0,3,0,1,0,0,2,2026-05-14,other,823789,26,away,673513,5,67.4,75.3,66.3,55.3,R,Yuki Matsui,SDP,7,MIL,0,LHH,0,High,High,low
0,2,0,2,0,0,2,2026-05-17,other,823138,33,away,673513,6,43.3,45.2,49.2,57.9,R,Yuki Matsui,SDP,8,SEA,3,,3,Low,Low,high
1,2,0,2,0,0,1.1,2026-05-20,other,823299,33,home,673513,7,68.3,95.7,82.8,78.2,R,Yuki Matsui,SDP,6,LAD,0,LHH,0,High,High,medium
0,1,0,1,0,0,2,2026-05-25,other,823296,25,home,673513,8,32.1,30.7,33.4,37.3,R,Yuki Matsui,SDP,7,PHI,0,RHH,0,Low,Low,high
1,1,1,0,1,0,2,2026-05-29,other,822732,22,away,673513,3,43.7,67,67.7,85.6,R,Yuki Matsui,SDP,8,WSN,0,RHH,3,Low,High,medium
0,1,0,0,0,0,1,2026-05-31,other,822729,12,away,673513,6,43.7,67,67.7,85.6,R,Yuki Matsui,SDP,3,WSN,0,LHH,0,Low,High,medium
1,1,0,1,0,0,0.2,2026-06-02,other,823460,11,away,673513,7,32.1,30.7,33.4,37.3,R,Yuki Matsui,SDP,4,PHI,0,LHH,0,Low,Low,high
0,2,0,1,0,0,1,2026-06-04,other,823457,19,away,673513,5,32.1,30.7,33.4,37.3,R,Yuki Matsui,SDP,4,PHI,1,LHH,1,Low,Low,medium
0,1,0,0,0,0,0.1,2026-06-05,other,823293,3,home,673513,9,30.6,40,42.5,53.8,R,Yuki Matsui,SDP,1,NYM,0,RHH,1,Low,Low,high
2,1,2,0,2,2,1.2,2026-06-07,other,823291,25,home,673513,5,30.6,40,42.5,53.8,R,Yuki Matsui,SDP,6,NYM,1,,3,Low,Low,low
1,1,2,0,1,1,1,2026-06-09,other,823290,14,home,673513,11,32.7,40.9,35.4,31,R,Yuki Matsui,SDP,4,CIN,0,RHH,0,Low,Low,high
1,2,0,0,0,0,1,2026-06-13,other,824828,14,away,673513,6,31.6,69.3,61.4,73.6,R,Yuki Matsui,SDP,4,BAL,0,RHH,0,Low,Mid,low
1,1,0,1,0,0,1.1,2026-06-16,other,823045,23,away,673513,5,41,40.4,42.1,44.7,R,Yuki Matsui,SDP,6,STL,1,LHH,2,Low,Low,medium
1,3,0,1,0,0,1.2,2026-06-19,other,822886,34,away,673513,4,36.6,27.1,36.4,46.9,R,Yuki Matsui,SDP,7,TEX,0,,0,Low,Low,medium
0,1,0,1,0,0,1,2026-06-21,other,822883,17,away,673513,8,36.6,27.1,36.4,46.9,R,Yuki Matsui,SDP,3,TEX,0,RHH,0,Low,Low,high
3,3,1,1,1,1,2.1,2026-06-23,other,823286,35,home,673513,4,51.3,55.8,59,68.1,R,Yuki Matsui,SDP,11,ATL,0,LHH,1,Mid,Mid,medium
1,0,0,1,0,0,0.2,2026-06-26,hold,823285,11,home,673513,6,68.3,95.7,82.8,78.2,R,Yuki Matsui,SDP,4,LAD,0,LHH,1,High,High,medium
1,2,0,0,0,0,1.2,2026-06-28,other,823281,28,home,673513,5,68.3,95.7,82.8,78.2,R,Yuki Matsui,SDP,6,LAD,0,,2,High,High,medium
2,1,2,2,2,0,1,2026-07-02,other,823935,29,away,673513,5,68.3,95.7,82.8,78.2,R,Yuki Matsui,SDP,7,LAD,0,LHH,0,High,High,medium
0,0,0,2,0,0,0.2,2026-07-05,hold,823931,14,away,673513,6,68.3,95.7,82.8,78.2,R,Yuki Matsui,SDP,4,LAD,0,,0,High,High,medium
2,1,0,0,0,0,0.1,2026-07-07,hold,823280,15,home,673513,6,58.2,31.7,40.5,37.8,R,Yuki Matsui,SDP,3,ARI,0,RHH,0,Mid,Low,medium
1,0,1,2,1,1,1,2026-07-09,other,823277,28,home,673513,5,58.2,31.7,40.5,37.8,R,Yuki Matsui,SDP,6,ARI,0,,1,Mid,Low,medium
0,0,2,1,2,0,0.2,2026-07-11,hold,823276,20,home,673513,6,54.7,7.6,29.4,36.4,R,Yuki Matsui,SDP,4,TOR,0,,0,Mid,Low,medium
0,3,0,0,0,0,2,2026-07-19,other,824086,19,away,673513,4,57,42.9,50.8,55.5,R,Yuki Matsui,SDP,5,KCR,0,,3,Mid,Mid,low
0,1,1,2,1,0,0.2,2026-07-21,hold,824895,21,away,673513,6,51.3,55.8,59,68.1,R,Yuki Matsui,SDP,4,ATL,0,RHH,2,Mid,Mid,high
1,1,0,0,0,0,1.1,2026-07-23,other,824893,17,away,673513,4,51.3,55.8,59,68.1,R,Yuki Matsui,SDP,4,ATL,0,LHH,1,Mid,Mid,medium
0,1,0,0,0,0,1,2026-07-25,hold,823841,12,away,673513,7,40.1,39.3,48.6,65.4,R,Yuki Matsui,SDP,3,MIA,0,LHH,0,Low,Low,high
0,2,0,1,0,0,0.2,2026-07-26,other,823840,16,away,673513,6,40.1,39.3,48.6,65.4,R,Yuki Matsui,SDP,3,MIA,0,LHH,1,Low,Low,medium
1,2,0,0,0,0,3,2026-07-31,other,823272,49,home,673513,2,35.1,17.2,38.2,64.4,R,Yuki Matsui,SDP,10,SFG,0,LHH,0,Low,Low,medium
1,2,0,1,0,0,1.1,2026-08-03,other,825095,22,away,673513,6,58.2,31.7,40.5,37.8,R,Yuki Matsui,SDP,6,ARI,0,RHH,1,Mid,Low,medium
1,0,1,1,1,1,2,2026-08-07,other,823266,28,home,673513,6,38.5,45.2,48.8,60.3,R,Yuki Matsui,SDP,8,HOU,0,RHH,0,Low,Low,medium
0,1,0,0,0,0,1,2026-08-10,other,823265,15,home,673513,7,67.4,75.3,66.3,55.3,R,Yuki Matsui,SDP,3,MIL,0,LHH,0,High,High,high
1,2,0,0,0,0,1,2026-03-27,other,823162,17,home,662253,9,50,36.8,42.8,44.4,R,Andrés Muñoz,SEA,4,CLE,0,LHH,0,Mid,Low,high
2,1,3,0,2,1,1,2026-03-28,other,823161,20,home,662253,10,50,36.8,42.8,44.4,R,Andrés Muñoz,SEA,5,CLE,0,LHH,0,Mid,Low,high
0,3,0,0,0,0,1,2026-04-03,other,824056,16,away,662253,9,22.6,13.1,27.4,47.2,R,Andrés Muñoz,SEA,3,LAA,0,RHH,0,Low,Low,high
0,1,0,0,0,0,1,2026-04-05,other,824053,16,away,662253,9,22.6,13.1,27.4,47.2,R,Andrés Muñoz,SEA,3,LAA,0,RHH,0,Low,Low,high
0,1,0,2,0,0,1,2026-04-10,save,823156,25,home,662253,9,38.5,45.2,48.8,60.3,R,Andrés Muñoz,SEA,5,HOU,0,RHH,0,Low,Low,high
1,1,0,2,0,0,1,2026-04-11,other,823155,24,home,662253,9,38.5,45.2,48.8,60.3,R,Andrés Muñoz,SEA,6,HOU,0,,0,Low,Low,high
4,1,5,1,5,0,0.2,2026-04-15,other,823314,26,away,662253,9,40.5,52.4,53.2,63.3,R,Andrés Muñoz,SEA,7,SDP,0,RHH,0,Low,Mid,high
0,1,0,0,0,0,0.1,2026-04-18,save,823151,4,home,662253,9,36.6,27.1,36.4,46.9,R,Andrés Muñoz,SEA,1,TEX,0,LHH,3,Low,Low,high
0,3,0,0,0,0,1,2026-04-19,save,823150,17,home,662253,9,36.6,27.1,36.4,46.9,R,Andrés Muñoz,SEA,4,TEX,0,,0,Low,Low,high
1,1,1,0,1,1,1,2026-04-22,blown_save,823147,17,home,662253,9,42.3,37.3,48.1,64.7,R,Andrés Muñoz,SEA,4,ATH,0,,0,Low,Low,high
1,2,0,0,0,0,1,2026-04-24,save,823069,14,away,662253,9,41,40.4,42.1,44.7,R,Andrés Muñoz,SEA,4,STL,0,,0,Low,Low,high
0,1,0,1,0,0,1,2026-04-25,save,823070,14,away,662253,9,41,40.4,42.1,44.7,R,Andrés Muñoz,SEA,3,STL,0,LHH,0,Low,Low,high
0,2,0,0,0,0,1,2026-04-29,save,823717,15,away,662253,9,39.7,33.8,47.1,67.6,R,Andrés Muñoz,SEA,3,MIN,0,LHH,0,Low,Low,high
2,1,1,0,1,0,1,2026-05-02,blown_save,823144,10,home,662253,9,57,42.9,50.8,55.5,R,Andrés Muñoz,SEA,5,KCR,0,LHH,0,Mid,Mid,high
1,2,0,0,0,0,1,2026-05-04,save,823143,14,home,662253,9,51.3,55.8,59,68.1,R,Andrés Muñoz,SEA,4,ATL,0,LHH,0,Mid,Mid,high
1,2,1,1,1,1,1,2026-05-05,other,823142,23,home,662253,9,51.3,55.8,59,68.1,R,Andrés Muñoz,SEA,5,ATL,0,LHH,0,Mid,Mid,high
1,1,0,0,0,0,1,2026-05-11,save,824199,14,away,662253,9,38.5,45.2,48.8,60.3,R,Andrés Muñoz,SEA,4,HOU,0,,0,Low,Low,high
1,3,0,0,0,0,1,2026-05-13,other,824195,14,away,662253,9,38.5,45.2,48.8,60.3,R,Andrés Muñoz,SEA,4,HOU,0,RHH,0,Low,Low,high
0,1,0,0,0,0,1,2026-05-18,other,823137,10,home,662253,9,32.2,45.8,54.2,79.5,R,Andrés Muñoz,SEA,3,CHW,0,LHH,0,Low,Mid,high
2,2,0,0,0,0,0.2,2026-05-19,blown_save,823136,11,home,662253,9,32.2,45.8,54.2,79.5,R,Andrés Muñoz,SEA,4,CHW,2,,2,Low,Mid,high
0,0,0,0,0,0,1,2026-05-22,save,824110,16,away,662253,9,57,42.9,50.8,55.5,R,Andrés Muñoz,SEA,3,KCR,0,LHH,0,Mid,Mid,high
2,1,1,0,1,1,1,2026-05-26,other,825004,19,away,662253,9,42.3,37.3,48.1,64.7,R,Andrés Muñoz,SEA,5,ATH,0,RHH,0,Low,Low,high
2,1,1,0,1,0,1,2026-05-29,blown_save,823135,25,home,662253,9,58.2,31.7,40.5,37.8,R,Andrés Muñoz,SEA,7,ARI,0,RHH,0,Mid,Low,high
0,1,0,0,0,0,1,2026-06-01,other,823131,12,home,662253,9,30.6,40,42.5,53.8,R,Andrés Muñoz,SEA,3,NYM,0,RHH,0,Low,Low,high
1,0,2,2,2,0,0.2,2026-06-07,blown_save,824268,19,away,662253,9,43.2,42.5,49.7,62.5,R,Andrés Muñoz,SEA,5,DET,0,LHH,0,Low,Low,high
0,2,0,1,0,0,1,2026-06-08,save,824829,20,away,662253,9,31.6,69.3,61.4,73.6,R,Andrés Muñoz,SEA,4,BAL,0,,0,Low,Mid,high
1,1,0,0,0,0,1,2026-06-16,save,823128,17,home,662253,9,31.6,69.3,61.4,73.6,R,Andrés Muñoz,SEA,4,BAL,0,LHH,0,Low,Mid,high
0,1,0,2,0,0,1,2026-06-18,save,823125,21,home,662253,9,31.6,69.3,61.4,73.6,R,Andrés Muñoz,SEA,5,BAL,0,LHH,0,Low,Mid,high
1,2,0,0,0,0,1,2026-06-21,save,823123,15,home,662253,9,43,41.3,32.9,16,R,Andrés Muñoz,SEA,4,BOS,0,,0,Low,Low,high
0,3,0,0,0,0,1,2026-06-23,save,823365,16,away,662253,9,33.5,60.7,62.1,84.2,R,Andrés Muñoz,SEA,3,PIT,0,LHH,0,Low,Mid,high
0,2,0,0,0,0,1,2026-06-26,save,824423,15,away,662253,9,50,36.8,42.8,44.4,R,Andrés Muñoz,SEA,3,CLE,0,LHH,0,Mid,Low,high
0,1,0,0,0,0,1,2026-06-30,other,823122,8,home,662253,9,22.6,13.1,27.4,47.2,R,Andrés Muñoz,SEA,3,LAA,0,LHH,0,Low,Low,high
2,0,0,1,0,0,1,2026-07-02,save,823119,15,home,662253,9,22.6,13.1,27.4,47.2,R,Andrés Muñoz,SEA,5,LAA,0,RHH,0,Low,Low,high
1,1,0,0,0,0,1,2026-07-05,other,823117,14,home,662253,9,54.7,7.6,29.4,36.4,R,Andrés Muñoz,SEA,4,TOR,0,RHH,0,Mid,Low,high
0,1,0,0,0,0,1,2026-07-07,other,823847,10,away,662253,9,40.1,39.3,48.6,65.4,R,Andrés Muñoz,SEA,3,MIA,0,LHH,0,Low,Low,high
0,2,0,1,0,0,1,2026-07-12,other,822951,20,away,662253,9,77.8,34.8,51.2,51,R,Andrés Muñoz,SEA,4,TBR,0,LHH,0,High,Mid,high
0,2,0,0,0,0,1,2026-07-18,other,823116,9,home,662253,9,35.1,17.2,38.2,64.4,R,Andrés Muñoz,SEA,3,SFG,0,RHH,0,Low,Low,high
0,2,0,0,0,0,1,2026-07-19,save,823113,9,home,662253,9,35.1,17.2,38.2,64.4,R,Andrés Muñoz,SEA,3,SFG,0,RHH,0,Low,Low,high
0,3,0,0,0,0,1,2026-07-26,save,822870,14,away,662253,9,36.6,27.1,36.4,46.9,R,Andrés Muñoz,SEA,3,TEX,0,LHH,0,Low,Low,high
2,1,1,1,1,0,1,2026-07-28,save,823923,29,away,662253,9,68.3,95.7,82.8,78.2,R,Andrés Muñoz,SEA,6,LAD,0,LHH,0,High,High,high
1,2,0,0,0,0,1.1,2026-08-01,other,823109,19,home,662253,8,39.7,33.8,47.1,67.6,R,Andrés Muñoz,SEA,4,MIN,0,RHH,2,Low,Low,high
2,2,1,1,1,1,1,2026-08-02,blown_save,823107,24,home,662253,9,39.7,33.8,47.1,67.6,R,Andrés Muñoz,SEA,6,MIN,0,LHH,0,Low,Low,high
0,2,0,0,0,0,1,2026-08-05,save,823106,11,home,662253,9,43.2,42.5,49.7,62.5,R,Andrés Muñoz,SEA,3,DET,0,LHH,0,Low,Low,high
0,2,0,0,0,0,1,2026-08-08,other,823102,8,home,662253,9,77.8,34.8,51.2,51,R,Andrés Muñoz,SEA,3,TBR,0,LHH,0,High,Mid,high
5,4,2,0,2,1,5,2026-05-25,other,825005,83,away,682243,5,42.3,37.3,48.1,64.7,R,Bryce Miller,SEA,18,ATH,0,LHH,0,Low,Low,low
0,1,0,1,0,0,1,2026-03-27,other,823162,17,home,660825,7,50,36.8,42.8,44.4,R,Eduard Bazardo,SEA,4,CLE,0,,0,Mid,Low,medium
1,1,1,2,1,0,0.2,2026-03-28,other,823161,24,home,660825,7,50,36.8,42.8,44.4,R,Eduard Bazardo,SEA,5,CLE,0,LHH,0,Mid,Low,high
0,0,0,0,0,0,0.2,2026-03-30,blown_save,823159,6,home,660825,7,38.8,75.1,66.4,76,R,Eduard Bazardo,SEA,2,NYY,1,,2,Low,High,high
1,2,0,0,0,0,1.1,2026-04-04,other,824054,25,away,660825,7,22.6,13.1,27.4,47.2,R,Eduard Bazardo,SEA,5,LAA,0,,1,Low,Low,high
1,0,0,0,0,0,1,2026-04-08,other,822915,8,away,660825,7,36.6,27.1,36.4,46.9,R,Eduard Bazardo,SEA,3,TEX,0,LHH,0,Low,Low,medium
0,0,0,0,0,0,1,2026-04-10,hold,823156,17,home,660825,7,38.5,45.2,48.8,60.3,R,Eduard Bazardo,SEA,3,HOU,0,RHH,0,Low,Low,high
2,2,0,0,0,0,1,2026-04-11,other,823155,16,home,660825,7,38.5,45.2,48.8,60.3,R,Eduard Bazardo,SEA,5,HOU,0,RHH,0,Low,Low,high
0,0,0,0,0,0,1,2026-04-15,other,823314,11,away,660825,7,40.5,52.4,53.2,63.3,R,Eduard Bazardo,SEA,3,SDP,0,RHH,0,Low,Mid,medium
1,2,0,0,0,0,0.2,2026-04-17,other,823152,11,home,660825,6,36.6,27.1,36.4,46.9,R,Eduard Bazardo,SEA,3,TEX,0,RHH,1,Low,Low,medium
0,0,0,2,0,0,1,2026-04-18,hold,823151,21,home,660825,7,36.6,27.1,36.4,46.9,R,Eduard Bazardo,SEA,5,TEX,0,,2,Low,Low,high
2,1,1,0,1,0,1,2026-04-21,other,823148,27,home,660825,6,42.3,37.3,48.1,64.7,R,Eduard Bazardo,SEA,5,ATH,0,LHH,0,Low,Low,medium
0,0,0,0,0,0,0.2,2026-04-24,hold,823069,4,away,660825,8,41,40.4,42.1,44.7,R,Eduard Bazardo,SEA,1,STL,0,RHH,2,Low,Low,high
0,1,0,0,0,0,1.1,2026-04-26,other,823068,12,away,660825,7,41,40.4,42.1,44.7,R,Eduard Bazardo,SEA,4,STL,0,RHH,1,Low,Low,high
1,0,0,0,0,0,1,2026-04-28,other,823716,12,away,660825,6,39.7,33.8,47.1,67.6,R,Eduard Bazardo,SEA,4,MIN,0,RHH,0,Low,Low,medium
1,0,0,0,0,0,0.2,2026-04-29,other,823717,10,away,660825,6,39.7,33.8,47.1,67.6,R,Eduard Bazardo,SEA,3,MIN,0,LHH,2,Low,Low,high
0,1,0,0,0,0,1,2026-05-02,hold,823144,12,home,660825,8,57,42.9,50.8,55.5,R,Eduard Bazardo,SEA,3,KCR,0,RHH,0,Mid,Mid,high
1,1,0,0,0,0,0.2,2026-05-04,hold,823143,11,home,660825,8,51.3,55.8,59,68.1,R,Eduard Bazardo,SEA,3,ATL,0,RHH,0,Mid,Mid,high
3,1,1,0,1,0,1,2026-05-06,hold,823141,21,home,660825,8,51.3,55.8,59,68.1,R,Eduard Bazardo,SEA,5,ATL,0,LHH,0,Mid,Mid,high
1,0,0,0,0,0,1,2026-05-08,other,824607,13,away,660825,7,32.2,45.8,54.2,79.5,R,Eduard Bazardo,SEA,3,CHW,0,LHH,0,Low,Mid,medium
2,1,2,1,2,1,1,2026-05-10,blown_save,824605,15,away,660825,8,32.2,45.8,54.2,79.5,R,Eduard Bazardo,SEA,6,CHW,0,LHH,0,Low,Mid,high
0,3,0,1,0,0,1,2026-05-11,hold,824199,17,away,660825,8,38.5,45.2,48.8,60.3,R,Eduard Bazardo,SEA,4,HOU,0,RHH,0,Low,Low,high
1,0,1,0,0,0,0.2,2026-05-13,other,824195,14,away,660825,8,38.5,45.2,48.8,60.3,R,Eduard Bazardo,SEA,5,HOU,0,RHH,0,Low,Low,high
2,1,1,1,1,1,0.2,2026-05-18,hold,823137,19,home,660825,7,32.2,45.8,54.2,79.5,R,Eduard Bazardo,SEA,5,CHW,0,LHH,0,Low,Mid,medium
2,1,1,1,0,0,1,2026-05-20,hold,823134,23,home,660825,8,32.2,45.8,54.2,79.5,R,Eduard Bazardo,SEA,6,CHW,0,LHH,0,Low,Mid,high
0,3,0,0,0,0,1.1,2026-05-22,other,824110,25,away,660825,6,57,42.9,50.8,55.5,R,Eduard Bazardo,SEA,4,KCR,0,RHH,2,Mid,Mid,high
1,1,0,0,0,0,1,2026-05-27,other,825003,17,away,660825,7,42.3,37.3,48.1,64.7,R,Eduard Bazardo,SEA,4,ATH,0,,0,Low,Low,medium
2,0,0,1,0,0,1,2026-05-29,hold,823135,27,home,660825,7,58.2,31.7,40.5,37.8,R,Eduard Bazardo,SEA,6,ARI,0,RHH,1,Mid,Low,high
1,0,0,0,0,0,1.2,2026-06-02,hold,823129,13,home,660825,6,30.6,40,42.5,53.8,R,Eduard Bazardo,SEA,4,NYM,0,RHH,2,Low,Low,high
2,2,1,0,1,0,1,2026-06-03,other,823130,13,home,660825,5,30.6,40,42.5,53.8,R,Eduard Bazardo,SEA,5,NYM,0,LHH,0,Low,Low,low
1,0,0,0,0,0,0.2,2026-06-05,other,824271,10,away,660825,7,43.2,42.5,49.7,62.5,R,Eduard Bazardo,SEA,3,DET,2,RHH,3,Low,Low,high
0,1,0,0,0,0,1,2026-06-07,hold,824268,12,away,660825,8,43.2,42.5,49.7,62.5,R,Eduard Bazardo,SEA,3,DET,0,RHH,0,Low,Low,high
2,0,1,1,1,0,1,2026-06-08,other,824829,18,away,660825,8,31.6,69.3,61.4,73.6,R,Eduard Bazardo,SEA,5,BAL,0,LHH,0,Low,Mid,high
1,1,0,0,0,0,0.2,2026-06-13,other,822725,15,away,660825,7,43.7,67,67.7,85.6,R,Eduard Bazardo,SEA,3,WSN,2,LHH,2,Low,High,high
0,1,0,0,0,0,1,2026-06-16,hold,823128,9,home,660825,8,31.6,69.3,61.4,73.6,R,Eduard Bazardo,SEA,3,BAL,0,RHH,0,Low,Mid,high
0,1,0,0,0,0,1,2026-06-18,hold,823125,11,home,660825,8,31.6,69.3,61.4,73.6,R,Eduard Bazardo,SEA,3,BAL,0,RHH,2,Low,Mid,high
0,1,0,0,0,0,1,2026-06-21,hold,823123,11,home,660825,8,43,41.3,32.9,16,R,Eduard Bazardo,SEA,3,BOS,0,LHH,0,Low,Low,high
1,2,0,1,0,0,1,2026-06-23,hold,823365,21,away,660825,8,33.5,60.7,62.1,84.2,R,Eduard Bazardo,SEA,5,PIT,0,LHH,0,Low,Mid,high
0,1,0,0,0,0,1,2026-06-25,other,823366,8,away,660825,7,33.5,60.7,62.1,84.2,R,Eduard Bazardo,SEA,3,PIT,0,RHH,0,Low,Mid,high
1,1,0,0,0,0,0.1,2026-06-28,hold,824422,10,away,660825,6,50,36.8,42.8,44.4,R,Eduard Bazardo,SEA,2,CLE,0,LHH,1,Mid,Low,medium
2,0,1,1,1,0,0.2,2026-06-30,other,823122,20,home,660825,7,22.6,13.1,27.4,47.2,R,Eduard Bazardo,SEA,5,LAA,2,RHH,2,Low,Low,high
0,2,0,0,0,0,1,2026-07-02,hold,823119,11,home,660825,8,22.6,13.1,27.4,47.2,R,Eduard Bazardo,SEA,3,LAA,0,RHH,0,Low,Low,high
0,1,0,0,0,0,1,2026-07-07,other,823847,17,away,660825,7,40.1,39.3,48.6,65.4,R,Eduard Bazardo,SEA,3,MIA,0,LHH,0,Low,Low,high
0,2,0,0,0,0,1,2026-07-10,other,822955,13,away,660825,6,77.8,34.8,51.2,51,R,Eduard Bazardo,SEA,3,TBR,0,LHH,0,High,Mid,medium
2,1,2,0,2,1,1,2026-07-12,other,822951,18,away,660825,8,77.8,34.8,51.2,51,R,Eduard Bazardo,SEA,5,TBR,0,LHH,0,High,Mid,high
1,1,0,0,0,0,1,2026-07-18,other,823116,17,home,660825,8,35.1,17.2,38.2,64.4,R,Eduard Bazardo,SEA,4,SFG,0,,0,Low,Low,high
1,3,0,0,0,0,1,2026-07-19,hold,823113,16,home,660825,7,35.1,17.2,38.2,64.4,R,Eduard Bazardo,SEA,4,SFG,0,LHH,0,Low,Low,high
2,0,3,1,3,1,1,2026-07-22,blown_save,823110,16,home,660825,7,32.7,40.9,35.4,31,R,Eduard Bazardo,SEA,6,CIN,0,,0,Low,Low,high
2,1,0,0,0,0,0.2,2026-07-24,other,822872,13,away,660825,6,36.6,27.1,36.4,46.9,R,Eduard Bazardo,SEA,5,TEX,2,LHH,2,Low,Low,high
1,2,1,0,1,1,1,2026-07-26,hold,822870,16,away,660825,8,36.6,27.1,36.4,46.9,R,Eduard Bazardo,SEA,4,TEX,0,RHH,0,Low,Low,high
0,0,0,0,0,0,1,2026-07-28,hold,823923,11,away,660825,8,68.3,95.7,82.8,78.2,R,Eduard Bazardo,SEA,3,LAD,0,LHH,0,High,High,high
2,3,1,0,1,1,1.2,2026-07-31,other,823111,23,home,660825,7,39.7,33.8,47.1,67.6,R,Eduard Bazardo,SEA,7,MIN,1,LHH,1,Low,Low,high
2,0,3,0,2,1,0.1,2026-08-02,other,823107,17,home,660825,8,39.7,33.8,47.1,67.6,R,Eduard Bazardo,SEA,4,MIN,0,,0,Low,Low,high
1,1,1,0,1,1,0.1,2026-08-05,hold,823106,9,home,660825,8,43.2,42.5,49.7,62.5,R,Eduard Bazardo,SEA,2,DET,1,,1,Low,Low,high
0,0,0,0,0,0,0.1,2026-08-07,other,823103,4,home,660825,7,77.8,34.8,51.2,51,R,Eduard Bazardo,SEA,1,TBR,0,RHH,2,High,Mid,high
2,0,0,0,0,0,1.2,2026-08-09,other,823104,21,home,660825,7,77.8,34.8,51.2,51,R,Eduard Bazardo,SEA,6,TBR,0,LHH,0,High,Mid,medium
2,0,0,0,0,0,0.2,2026-08-11,other,823512,9,away,660825,7,38.8,75.1,66.4,76,R,Eduard Bazardo,SEA,4,NYY,2,LHH,2,Low,High,high
3,1,2,0,2,0,1,2026-03-26,other,823163,20,home,642100,7,50,36.8,42.8,44.4,R,Gabe Speier,SEA,6,CLE,0,,0,Mid,Low,high
0,0,0,0,0,0,0.1,2026-03-28,other,823161,3,home,642100,7,50,36.8,42.8,44.4,R,Gabe Speier,SEA,1,CLE,0,LHH,2,Mid,Low,high
1,2,0,0,0,0,1,2026-03-30,other,823159,16,home,642100,8,38.8,75.1,66.4,76,R,Gabe Speier,SEA,4,NYY,0,,0,Low,High,high
0,1,1,0,0,0,1,2026-04-03,save,824056,12,away,642100,10,22.6,13.1,27.4,47.2,R,Gabe Speier,SEA,3,LAA,0,RHH,0,Low,Low,high
0,0,1,1,0,0,0.2,2026-04-05,other,824053,3,away,642100,11,22.6,13.1,27.4,47.2,R,Gabe Speier,SEA,3,LAA,0,RHH,0,Low,Low,high
0,2,0,0,0,0,1,2026-04-08,other,822915,9,away,642100,8,36.6,27.1,36.4,46.9,R,Gabe Speier,SEA,3,TEX,0,RHH,0,Low,Low,high
1,0,0,0,0,0,1,2026-04-10,hold,823156,12,home,642100,6,38.5,45.2,48.8,60.3,R,Gabe Speier,SEA,4,HOU,0,RHH,0,Low,Low,medium
1,0,0,0,0,0,1,2026-04-15,other,823314,12,away,642100,8,40.5,52.4,53.2,63.3,R,Gabe Speier,SEA,4,SDP,0,RHH,0,Low,Mid,high
0,1,0,2,0,0,0.2,2026-04-18,hold,823151,24,home,642100,7,36.6,27.1,36.4,46.9,R,Gabe Speier,SEA,4,TEX,0,,0,Low,Low,medium
1,2,0,0,0,0,1,2026-04-19,hold,823150,18,home,642100,8,36.6,27.1,36.4,46.9,R,Gabe Speier,SEA,4,TEX,0,,0,Low,Low,high
2,0,1,0,1,1,1,2026-04-21,other,823148,9,home,642100,7,42.3,37.3,48.1,64.7,R,Gabe Speier,SEA,5,ATH,0,LHH,0,Low,Low,high
2,1,0,0,0,0,0.1,2026-04-24,hold,823069,11,away,642100,8,41,40.4,42.1,44.7,R,Gabe Speier,SEA,3,STL,0,LHH,0,Low,Low,high
0,0,0,1,0,0,0.2,2026-04-26,other,823068,15,away,642100,7,41,40.4,42.1,44.7,R,Gabe Speier,SEA,3,STL,0,LHH,0,Low,Low,high
0,0,0,0,0,0,1,2026-04-28,hold,823716,17,away,642100,7,39.7,33.8,47.1,67.6,R,Gabe Speier,SEA,3,MIN,0,RHH,0,Low,Low,high
3,2,1,1,1,0,0.2,2026-04-29,other,823717,30,away,642100,8,39.7,33.8,47.1,67.6,R,Gabe Speier,SEA,6,MIN,0,RHH,0,Low,Low,high
0,1,0,0,0,0,1,2026-05-26,other,825004,14,away,642100,8,42.3,37.3,48.1,64.7,R,Gabe Speier,SEA,4,ATH,0,RHH,0,Low,Low,high
0,1,0,0,0,0,0.1,2026-05-29,hold,823135,3,home,642100,8,58.2,31.7,40.5,37.8,R,Gabe Speier,SEA,1,ARI,0,LHH,2,Mid,Low,high
0,2,0,0,0,0,1,2026-06-01,other,823131,21,home,642100,10,30.6,40,42.5,53.8,R,Gabe Speier,SEA,3,NYM,0,LHH,0,Low,Low,high
1,0,0,1,0,0,1,2026-06-06,other,824269,14,away,642100,9,43.2,42.5,49.7,62.5,R,Gabe Speier,SEA,4,DET,0,,0,Low,Low,high
0,1,0,0,0,0,1,2026-06-07,hold,824268,14,away,642100,7,43.2,42.5,49.7,62.5,R,Gabe Speier,SEA,3,DET,0,RHH,1,Low,Low,high
0,0,0,0,0,0,1,2026-06-09,hold,824830,12,away,642100,8,31.6,69.3,61.4,73.6,R,Gabe Speier,SEA,4,BAL,0,RHH,0,Low,Mid,high
0,0,0,0,0,0,0.1,2026-06-13,other,822725,5,away,642100,6,43.7,67,67.7,85.6,R,Gabe Speier,SEA,1,WSN,0,LHH,2,Low,High,high
1,2,0,0,0,0,0.2,2026-06-21,hold,823123,9,home,642100,7,43,41.3,32.9,16,R,Gabe Speier,SEA,3,BOS,0,RHH,1,Low,Low,high
0,0,0,0,0,0,0.1,2026-06-25,other,823366,1,away,642100,6,33.5,60.7,62.1,84.2,R,Gabe Speier,SEA,1,PIT,0,LHH,1,Low,Mid,medium
0,0,0,0,0,0,1,2026-06-26,hold,824423,9,away,642100,8,50,36.8,42.8,44.4,R,Gabe Speier,SEA,3,CLE,0,RHH,0,Mid,Low,high
2,0,0,0,0,0,1,2026-06-28,hold,824422,13,away,642100,7,50,36.8,42.8,44.4,R,Gabe Speier,SEA,5,CLE,0,LHH,0,Mid,Low,medium
0,0,0,0,0,0,1,2026-07-05,hold,823117,7,home,642100,8,54.7,7.6,29.4,36.4,R,Gabe Speier,SEA,3,TOR,0,RHH,0,Mid,Low,high
1,0,1,2,1,1,1,2026-07-07,blown_save,823847,23,away,642100,8,40.1,39.3,48.6,65.4,R,Gabe Speier,SEA,6,MIA,0,,0,Low,Low,high
1,0,1,0,1,1,0.1,2026-07-11,other,822953,5,away,642100,7,77.8,34.8,51.2,51,R,Gabe Speier,SEA,2,TBR,2,RHH,2,High,Mid,high
0,0,0,1,0,0,1,2026-07-12,other,822951,18,away,642100,6,77.8,34.8,51.2,51,R,Gabe Speier,SEA,4,TBR,0,LHH,0,High,Mid,low
0,1,0,0,0,0,1,2026-07-18,other,823116,9,home,642100,7,35.1,17.2,38.2,64.4,R,Gabe Speier,SEA,3,SFG,0,LHH,0,Low,Low,medium
0,1,0,1,0,0,1,2026-07-19,hold,823113,16,home,642100,8,35.1,17.2,38.2,64.4,R,Gabe Speier,SEA,4,SFG,0,LHH,0,Low,Low,high
0,3,0,0,0,0,1.1,2026-07-26,other,822870,21,away,642100,6,36.6,27.1,36.4,46.9,R,Gabe Speier,SEA,4,TEX,0,LHH,1,Low,Low,medium
0,1,0,0,0,0,1,2026-07-28,other,823923,8,away,642100,6,68.3,95.7,82.8,78.2,R,Gabe Speier,SEA,3,LAD,0,LHH,0,High,High,medium
1,1,0,1,0,0,0.2,2026-08-01,other,823109,17,home,642100,8,39.7,33.8,47.1,67.6,R,Gabe Speier,SEA,4,MIN,0,,0,Low,Low,high
0,1,1,0,1,0,0.2,2026-08-05,hold,823106,9,home,642100,8,43.2,42.5,49.7,62.5,R,Gabe Speier,SEA,3,DET,0,RHH,0,Low,Low,high
3,1,3,2,3,0,0.2,2026-08-12,other,823511,22,away,642100,7,38.8,75.1,66.4,76,R,Gabe Speier,SEA,8,NYY,0,LHH,0,Low,High,high
2,0,0,0,0,0,0.2,2026-03-26,other,823163,11,home,678606,6,50,36.8,42.8,44.4,R,José A. Ferrer,SEA,4,CLE,0,,0,Mid,Low,medium
1,0,1,0,0,0,0.1,2026-03-30,hold,823159,15,home,678606,7,38.8,75.1,66.4,76,R,José A. Ferrer,SEA,3,NYY,0,LHH,0,Low,High,high
0,2,0,0,0,0,1,2026-04-01,other,823157,13,home,678606,7,38.8,75.1,66.4,76,R,José A. Ferrer,SEA,3,NYY,0,RHH,0,Low,High,medium
4,1,2,0,2,0,1,2026-04-05,other,824053,19,away,678606,4,22.6,13.1,27.4,47.2,R,José A. Ferrer,SEA,7,LAA,1,,2,Low,Low,medium
0,2,0,0,0,0,1,2026-04-06,other,822918,12,away,678606,7,36.6,27.1,36.4,46.9,R,José A. Ferrer,SEA,3,TEX,0,LHH,0,Low,Low,high
0,0,0,1,0,0,1,2026-04-08,other,822915,16,away,678606,6,36.6,27.1,36.4,46.9,R,José A. Ferrer,SEA,3,TEX,0,,0,Low,Low,medium
1,1,0,0,0,0,1,2026-04-11,other,823155,21,home,678606,6,38.5,45.2,48.8,60.3,R,José A. Ferrer,SEA,4,HOU,0,RHH,0,Low,Low,medium
0,0,0,0,0,0,1,2026-04-12,other,823154,6,home,678606,8,38.5,45.2,48.8,60.3,R,José A. Ferrer,SEA,3,HOU,0,RHH,0,Low,Low,high
3,1,1,0,1,0,0.2,2026-04-17,other,823152,20,home,678606,7,36.6,27.1,36.4,46.9,R,José A. Ferrer,SEA,5,TEX,0,LHH,0,Low,Low,high
1,0,0,0,0,0,0.1,2026-04-18,hold,823151,4,home,678606,8,36.6,27.1,36.4,46.9,R,José A. Ferrer,SEA,2,TEX,0,LHH,1,Low,Low,high
2,0,0,0,0,0,1,2026-04-20,other,823149,19,home,678606,6,42.3,37.3,48.1,64.7,R,José A. Ferrer,SEA,6,ATH,0,LHH,0,Low,Low,medium
2,2,0,1,0,0,2,2026-04-22,other,823147,26,home,678606,5,42.3,37.3,48.1,64.7,R,José A. Ferrer,SEA,8,ATH,0,LHH,0,Low,Low,medium
2,1,0,1,0,0,2,2026-04-25,other,823070,29,away,678606,4,41,40.4,42.1,44.7,R,José A. Ferrer,SEA,10,STL,0,LHH,0,Low,Low,medium
0,0,0,0,0,0,1,2026-04-26,save,823068,11,away,678606,9,41,40.4,42.1,44.7,R,José A. Ferrer,SEA,3,STL,0,RHH,0,Low,Low,high
0,1,0,0,0,0,0.2,2026-04-29,other,823717,11,away,678606,7,39.7,33.8,47.1,67.6,R,José A. Ferrer,SEA,2,MIN,0,RHH,1,Low,Low,high
3,1,1,0,1,0,1,2026-05-01,other,823146,15,home,678606,8,57,42.9,50.8,55.5,R,José A. Ferrer,SEA,6,KCR,0,,0,Mid,Mid,high
1,1,0,0,0,0,1.1,2026-05-04,hold,823143,16,home,678606,7,51.3,55.8,59,68.1,R,José A. Ferrer,SEA,5,ATL,0,RHH,0,Mid,Mid,high
0,2,0,0,0,0,1,2026-05-05,other,823142,10,home,678606,8,51.3,55.8,59,68.1,R,José A. Ferrer,SEA,3,ATL,0,RHH,0,Mid,Mid,high
0,1,0,0,0,0,1,2026-05-06,save,823141,11,home,678606,9,51.3,55.8,59,68.1,R,José A. Ferrer,SEA,3,ATL,0,LHH,0,Mid,Mid,high
2,0,0,0,0,0,1,2026-05-10,hold,824605,25,away,678606,7,32.2,45.8,54.2,79.5,R,José A. Ferrer,SEA,6,CHW,0,,0,Low,Mid,high
0,1,0,0,0,0,1,2026-05-15,other,823140,11,home,678606,8,40.5,52.4,53.2,63.3,R,José A. Ferrer,SEA,3,SDP,0,RHH,0,Low,Mid,high
1,1,0,0,0,0,1.1,2026-05-18,hold,823137,19,home,678606,7,32.2,45.8,54.2,79.5,R,José A. Ferrer,SEA,5,CHW,0,RHH,2,Low,Mid,high
0,1,0,0,0,0,0.1,2026-05-19,hold,823136,4,home,678606,6,32.2,45.8,54.2,79.5,R,José A. Ferrer,SEA,1,CHW,0,LHH,1,Low,Mid,medium
1,3,1,0,1,1,1,2026-05-20,save,823134,19,home,678606,9,32.2,45.8,54.2,79.5,R,José A. Ferrer,SEA,4,CHW,0,,0,Low,Mid,high
0,0,0,0,0,0,0.1,2026-05-24,other,824108,5,away,678606,5,57,42.9,50.8,55.5,R,José A. Ferrer,SEA,1,KCR,0,LHH,1,Mid,Mid,medium
1,0,0,0,0,0,1,2026-05-26,other,825004,13,away,678606,7,42.3,37.3,48.1,64.7,R,José A. Ferrer,SEA,4,ATH,0,,0,Low,Low,medium
1,0,0,0,0,0,0.2,2026-05-29,hold,823135,12,home,678606,7,58.2,31.7,40.5,37.8,R,José A. Ferrer,SEA,3,ARI,0,RHH,0,Mid,Low,high
0,1,0,0,0,0,1,2026-06-01,other,823131,13,home,678606,7,30.6,40,42.5,53.8,R,José A. Ferrer,SEA,3,NYM,0,LHH,0,Low,Low,high
1,1,0,0,0,0,1,2026-06-03,other,823130,13,home,678606,6,30.6,40,42.5,53.8,R,José A. Ferrer,SEA,3,NYM,0,LHH,0,Low,Low,low
0,1,0,1,0,0,1,2026-06-06,other,824269,15,away,678606,7,43.2,42.5,49.7,62.5,R,José A. Ferrer,SEA,4,DET,0,RHH,0,Low,Low,medium
0,0,0,2,0,0,0.1,2026-06-07,hold,824268,18,away,678606,6,43.2,42.5,49.7,62.5,R,José A. Ferrer,SEA,3,DET,0,RHH,1,Low,Low,medium
3,1,2,1,2,1,1,2026-06-09,blown_save,824830,42,away,678606,9,31.6,69.3,61.4,73.6,R,José A. Ferrer,SEA,8,BAL,0,RHH,0,Low,Mid,high
2,0,3,1,3,0,0.1,2026-06-13,other,822725,10,away,678606,7,43.7,67,67.7,85.6,R,José A. Ferrer,SEA,4,WSN,0,,0,Low,High,high
1,1,0,0,0,0,1,2026-06-14,other,822722,10,away,678606,5,43.7,67,67.7,85.6,R,José A. Ferrer,SEA,4,WSN,0,,0,Low,High,low
2,0,0,0,0,0,0.2,2026-06-20,other,823126,18,home,678606,6,43,41.3,32.9,16,R,José A. Ferrer,SEA,3,BOS,3,,3,Low,Low,high
0,0,0,0,0,0,1,2026-06-23,hold,823365,10,away,678606,7,33.5,60.7,62.1,84.2,R,José A. Ferrer,SEA,3,PIT,0,LHH,0,Low,Mid,high
0,1,0,0,0,0,1,2026-06-26,hold,824423,11,away,678606,7,50,36.8,42.8,44.4,R,José A. Ferrer,SEA,3,CLE,0,LHH,0,Mid,Low,high
0,1,0,0,0,0,1,2026-06-27,other,824421,10,away,678606,8,50,36.8,42.8,44.4,R,José A. Ferrer,SEA,3,CLE,0,LHH,0,Mid,Low,high
1,1,0,1,0,0,1,2026-06-29,other,823121,19,home,678606,9,22.6,13.1,27.4,47.2,R,José A. Ferrer,SEA,4,LAA,0,RHH,0,Low,Low,high
0,1,0,1,0,0,1,2026-07-03,other,823120,15,home,678606,7,54.7,7.6,29.4,36.4,R,José A. Ferrer,SEA,4,TOR,0,,0,Mid,Low,high
0,1,0,0,0,0,1,2026-07-07,other,823847,8,away,678606,6,40.1,39.3,48.6,65.4,R,José A. Ferrer,SEA,3,MIA,0,LHH,0,Low,Low,medium
4,0,3,0,3,1,0.1,2026-07-10,other,822955,10,away,678606,7,77.8,34.8,51.2,51,R,José A. Ferrer,SEA,5,TBR,0,LHH,0,High,Mid,high
1,2,0,0,0,0,1.1,2026-07-12,other,822951,28,away,678606,2,77.8,34.8,51.2,51,R,José A. Ferrer,SEA,6,TBR,0,RHH,1,High,Mid,medium
0,0,0,1,0,0,0.1,2026-07-17,other,823115,14,home,678606,6,35.1,17.2,38.2,64.4,R,José A. Ferrer,SEA,3,SFG,1,LHH,2,Low,Low,high
0,1,0,1,0,0,1,2026-07-18,other,823116,16,home,678606,10,35.1,17.2,38.2,64.4,R,José A. Ferrer,SEA,4,SFG,0,LHH,0,Low,Low,high
0,0,0,1,0,0,1,2026-07-21,other,823114,14,home,678606,8,32.7,40.9,35.4,31,R,José A. Ferrer,SEA,4,CIN,0,RHH,0,Low,Low,high
1,1,0,0,0,0,1,2026-07-27,other,822868,10,away,678606,5,36.6,27.1,36.4,46.9,R,José A. Ferrer,SEA,4,TEX,0,,0,Low,Low,low
0,0,0,0,0,0,1,2026-07-28,other,823923,10,away,678606,7,68.3,95.7,82.8,78.2,R,José A. Ferrer,SEA,3,LAD,0,LHH,0,High,High,high
2,1,2,0,2,1,1,2026-07-31,blown_save,823111,15,home,678606,6,39.7,33.8,47.1,67.6,R,José A. Ferrer,SEA,5,MIN,0,,0,Low,Low,medium
2,1,2,0,2,1,0.2,2026-08-02,other,823107,17,home,678606,8,39.7,33.8,47.1,67.6,R,José A. Ferrer,SEA,4,MIN,1,RHH,1,Low,Low,high
1,0,0,0,0,0,1,2026-08-07,other,823103,9,home,678606,8,77.8,34.8,51.2,51,R,José A. Ferrer,SEA,4,TBR,0,LHH,0,High,Mid,high
3,1,2,1,2,0,1.1,2026-08-09,other,823104,22,home,678606,5,77.8,34.8,51.2,51,R,José A. Ferrer,SEA,8,TBR,0,RHH,2,High,Mid,medium
0,2,0,0,0,0,1,2026-08-11,hold,823512,16,away,678606,6,38.8,75.1,66.4,76,R,José A. Ferrer,SEA,3,NYY,0,LHH,0,Low,High,medium
1,2,1,0,1,1,1,2026-05-08,other,824607,14,away,681006,9,32.2,45.8,54.2,79.5,R,Josh Simpson,SEA,4,CHW,0,,0,Low,Mid,high
1,1,1,0,1,1,1,2026-05-09,other,824606,19,away,681006,5,32.2,45.8,54.2,79.5,R,Josh Simpson,SEA,4,CHW,0,LHH,0,Low,Mid,medium
0,0,0,1,0,0,0.1,2026-05-13,other,824195,7,away,681006,8,38.5,45.2,48.8,60.3,R,Josh Simpson,SEA,2,HOU,0,,2,Low,Low,high
2,0,1,1,1,0,0.2,2026-06-28,blown_save,824422,18,away,681006,8,50,36.8,42.8,44.4,R,Josh Simpson,SEA,5,CLE,3,RHH,3,Mid,Low,high
1,2,0,0,0,0,1,2026-08-04,other,823108,13,home,681006,8,43.2,42.5,49.7,62.5,R,Josh Simpson,SEA,4,DET,0,LHH,0,Low,Low,high
3,3,0,0,0,0,1.1,2026-08-06,other,823105,33,home,681006,7,43.2,42.5,49.7,62.5,R,Josh Simpson,SEA,8,DET,1,,1,Low,Low,medium
0,1,0,0,0,0,1.1,2026-08-08,other,823102,16,home,681006,7,77.8,34.8,51.2,51,R,Josh Simpson,SEA,4,TBR,0,LHH,1,High,Mid,high
0,1,0,0,0,0,1,2026-06-12,other,822726,9,away,621074,9,43.7,67,67.7,85.6,R,Michael Rucker,SEA,3,WSN,0,LHH,0,Low,High,high
1,2,1,0,1,1,1,2026-06-14,other,822722,13,away,621074,7,43.7,67,67.7,85.6,R,Michael Rucker,SEA,4,WSN,0,LHH,0,Low,High,medium
1,3,1,1,1,1,1,2026-06-17,other,823127,27,home,621074,9,31.6,69.3,61.4,73.6,R,Michael Rucker,SEA,5,BAL,0,RHH,0,Low,Mid,high
0,2,0,0,0,0,1,2026-06-20,other,823126,15,home,621074,8,43,41.3,32.9,16,R,Michael Rucker,SEA,4,BOS,0,,0,Low,Low,high
2,3,0,0,0,0,2,2026-06-24,other,823367,26,away,621074,5,33.5,60.7,62.1,84.2,R,Michael Rucker,SEA,8,PIT,0,LHH,0,Low,Mid,low
2,0,4,2,4,0,0.1,2026-06-28,hold,824422,21,away,621074,8,50,36.8,42.8,44.4,R,Michael Rucker,SEA,5,CLE,0,LHH,0,Mid,Low,high
0,0,0,1,0,0,1,2026-06-30,other,823122,12,home,621074,8,22.6,13.1,27.4,47.2,R,Michael Rucker,SEA,3,LAA,0,RHH,0,Low,Low,high
1,0,0,0,0,0,1,2026-07-03,other,823120,24,home,621074,8,54.7,7.6,29.4,36.4,R,Michael Rucker,SEA,4,TOR,0,,0,Mid,Low,high
1,0,1,1,0,0,0.1,2026-07-07,other,823847,10,away,621074,10,40.1,39.3,48.6,65.4,R,Michael Rucker,SEA,3,MIA,0,RHH,0,Low,Low,high
3,1,2,0,2,0,2,2026-07-09,other,823846,29,away,621074,6,40.1,39.3,48.6,65.4,R,Michael Rucker,SEA,9,MIA,0,LHH,0,Low,Low,low
2,0,1,0,0,0,1,2026-07-11,other,822953,13,away,621074,8,77.8,34.8,51.2,51,R,Michael Rucker,SEA,5,TBR,0,RHH,0,High,Mid,high
0,1,0,1,0,0,1,2026-07-12,other,822951,21,away,621074,7,77.8,34.8,51.2,51,R,Michael Rucker,SEA,4,TBR,0,LHH,0,High,Mid,medium
1,1,0,0,0,0,1,2026-07-17,other,823115,20,home,621074,9,35.1,17.2,38.2,64.4,R,Michael Rucker,SEA,4,SFG,0,,0,Low,Low,high
0,3,0,0,0,0,1,2026-07-20,other,823112,12,home,621074,9,32.7,40.9,35.4,31,R,Michael Rucker,SEA,3,CIN,0,RHH,0,Low,Low,high
1,1,1,0,1,1,1,2026-07-21,other,823114,11,home,621074,9,32.7,40.9,35.4,31,R,Michael Rucker,SEA,4,CIN,0,,0,Low,Low,high
2,3,0,0,0,0,2,2026-07-24,other,822872,28,away,621074,7,36.6,27.1,36.4,46.9,R,Michael Rucker,SEA,8,TEX,0,RHH,0,Low,Low,high
1,2,0,0,0,0,1,2026-07-27,other,822868,13,away,621074,6,36.6,27.1,36.4,46.9,R,Michael Rucker,SEA,4,TEX,0,LHH,0,Low,Low,low
2,0,1,0,1,0,1,2026-07-29,other,823924,23,away,621074,6,68.3,95.7,82.8,78.2,R,Michael Rucker,SEA,5,LAD,0,LHH,0,High,High,medium
0,1,0,0,0,0,1,2026-07-31,other,823111,13,home,621074,9,39.7,33.8,47.1,67.6,R,Michael Rucker,SEA,3,MIN,0,RHH,0,Low,Low,high
0,1,0,1,0,0,1,2026-08-04,other,823108,12,home,621074,7,43.2,42.5,49.7,62.5,R,Michael Rucker,SEA,3,DET,0,RHH,0,Low,Low,medium
0,2,0,0,0,0,1,2026-08-06,other,823105,14,home,621074,6,43.2,42.5,49.7,62.5,R,Michael Rucker,SEA,3,DET,0,LHH,0,Low,Low,low
2,1,2,1,0,0,1,2026-08-08,other,823102,29,home,621074,6,77.8,34.8,51.2,51,R,Michael Rucker,SEA,7,TBR,0,LHH,0,High,Mid,medium
0,0,0,0,0,0,0.1,2026-08-09,other,823104,2,home,621074,8,77.8,34.8,51.2,51,R,Michael Rucker,SEA,1,TBR,0,RHH,1,High,Mid,high
3,1,4,1,4,0,0.1,2026-08-11,blown_save,823512,25,away,621074,7,38.8,75.1,66.4,76,R,Michael Rucker,SEA,5,NYY,0,LHH,0,Low,High,high
1,1,0,1,0,0,1,2026-05-03,other,823145,16,home,689546,9,57,42.9,50.8,55.5,R,Nick Davila,SEA,4,KCR,0,,0,Mid,Mid,high
1,0,0,0,0,0,1,2026-05-09,other,824606,13,away,689546,6,32.2,45.8,54.2,79.5,R,Nick Davila,SEA,4,CHW,0,,0,Low,Mid,low
1,1,0,0,0,0,1,2026-05-11,hold,824199,14,away,689546,6,38.5,45.2,48.8,60.3,R,Nick Davila,SEA,4,HOU,0,RHH,0,Low,Low,medium
0,0,0,0,0,0,1,2026-05-13,other,824195,11,away,689546,7,38.5,45.2,48.8,60.3,R,Nick Davila,SEA,3,HOU,0,RHH,0,Low,Low,high
0,0,0,1,0,0,1.1,2026-05-14,other,824196,25,away,689546,6,38.5,45.2,48.8,60.3,R,Nick Davila,SEA,5,HOU,0,RHH,1,Low,Low,medium
0,1,0,2,0,0,1,2026-05-16,other,823139,19,home,689546,7,40.5,52.4,53.2,63.3,R,Nick Davila,SEA,4,SDP,0,LHH,0,Low,Mid,medium
0,1,0,2,0,0,1,2026-05-23,other,824109,24,away,689546,8,57,42.9,50.8,55.5,R,Nick Davila,SEA,5,KCR,0,LHH,0,Mid,Mid,high
1,1,1,0,0,0,1,2026-06-09,save,824830,14,away,689546,10,31.6,69.3,61.4,73.6,R,Nick Davila,SEA,5,BAL,0,RHH,0,Low,Mid,high
0,1,0,0,0,0,1.1,2026-06-11,other,824827,18,away,689546,7,31.6,69.3,61.4,73.6,R,Nick Davila,SEA,4,BAL,0,RHH,2,Low,Mid,high
1,2,0,1,0,0,1,2026-06-14,other,822722,18,away,689546,6,43.7,67,67.7,85.6,R,Nick Davila,SEA,5,WSN,0,LHH,0,Low,High,low
0,0,0,0,0,0,1,2026-06-17,other,823127,10,home,689546,8,31.6,69.3,61.4,73.6,R,Nick Davila,SEA,3,BAL,0,LHH,0,Low,Mid,high
0,1,0,2,0,0,1,2026-06-20,other,823126,24,home,689546,7,43,41.3,32.9,16,R,Nick Davila,SEA,5,BOS,0,LHH,0,Low,Low,medium
4,0,4,1,4,0,1,2026-06-24,other,823367,24,away,689546,7,33.5,60.7,62.1,84.2,R,Nick Davila,SEA,8,PIT,0,LHH,0,Low,Mid,medium
0,0,0,0,0,0,1,2026-07-03,other,823120,16,home,689546,9,54.7,7.6,29.4,36.4,R,Nick Davila,SEA,3,TOR,0,LHH,0,Mid,Low,high
0,0,0,0,0,0,2,2026-07-08,other,823848,15,away,689546,7,40.1,39.3,48.6,65.4,R,Nick Davila,SEA,6,MIA,0,LHH,0,Low,Low,high
0,0,0,0,0,0,0.2,2026-07-10,other,822955,9,away,689546,7,77.8,34.8,51.2,51,R,Nick Davila,SEA,2,TBR,1,LHH,2,High,Mid,high
1,0,0,0,0,0,2,2026-07-12,other,822951,24,away,689546,4,77.8,34.8,51.2,51,R,Nick Davila,SEA,7,TBR,0,LHH,0,High,Mid,low
4,0,4,0,4,1,1,2026-07-17,other,823115,25,home,689546,7,35.1,17.2,38.2,64.4,R,Nick Davila,SEA,8,SFG,0,LHH,0,Low,Low,medium
0,0,0,0,0,0,1,2026-07-20,hold,823112,14,home,689546,7,32.7,40.9,35.4,31,R,Nick Davila,SEA,3,CIN,0,RHH,0,Low,Low,high
2,0,1,1,1,0,1.1,2026-07-25,other,822869,22,away,689546,7,36.6,27.1,36.4,46.9,R,Nick Davila,SEA,6,TEX,1,LHH,1,Low,Low,medium
0,0,0,0,0,0,1,2026-08-09,other,823104,6,home,689546,9,77.8,34.8,51.2,51,R,Nick Davila,SEA,3,TBR,0,LHH,0,High,Mid,high
1,0,0,0,0,0,1,2026-03-28,other,823811,13,away,622554,8,67.4,75.3,66.3,55.3,R,Seranthony Domínguez,SEA,4,MIL,0,LHH,0,High,High,high
2,0,2,1,2,1,0.1,2026-03-29,blown_save,823810,19,away,622554,8,67.4,75.3,66.3,55.3,R,Seranthony Domínguez,SEA,4,MIL,3,LHH,3,High,High,high
0,2,1,0,0,0,1.1,2026-04-03,other,824621,22,home,622554,9,54.7,7.6,29.4,36.4,R,Seranthony Domínguez,SEA,5,TOR,0,RHH,1,Mid,Low,high
1,1,0,1,0,0,1,2026-04-04,save,824622,24,home,622554,9,54.7,7.6,29.4,36.4,R,Seranthony Domínguez,SEA,5,TOR,0,LHH,0,Mid,Low,high
0,2,0,1,0,0,1,2026-04-09,save,824130,15,away,622554,9,57,42.9,50.8,55.5,R,Seranthony Domínguez,SEA,4,KCR,0,,0,Mid,Mid,high
0,2,0,1,0,0,1,2026-04-12,save,824126,15,away,622554,9,57,42.9,50.8,55.5,R,Seranthony Domínguez,SEA,4,KCR,0,,0,Mid,Mid,high
2,1,3,1,3,1,0.1,2026-04-16,blown_save,824614,32,home,622554,9,77.8,34.8,51.2,51,R,Seranthony Domínguez,SEA,5,TBR,0,LHH,0,High,Mid,high
0,1,0,2,0,0,1,2026-04-18,other,825020,16,away,622554,9,42.3,37.3,48.1,64.7,R,Seranthony Domínguez,SEA,5,ATH,0,RHH,0,Low,Low,high
0,1,0,1,0,0,1,2026-04-19,save,825018,19,away,622554,9,42.3,37.3,48.1,64.7,R,Seranthony Domínguez,SEA,5,ATH,0,LHH,0,Low,Low,high
0,2,0,0,0,0,1,2026-04-23,save,825096,12,away,622554,9,58.2,31.7,40.5,37.8,R,Seranthony Domínguez,SEA,3,ARI,0,LHH,0,Mid,Low,high
1,2,0,0,0,0,1,2026-04-24,save,824611,18,home,622554,9,43.7,67,67.7,85.6,R,Seranthony Domínguez,SEA,4,WSN,0,LHH,0,Low,High,high
1,0,2,0,1,1,1,2026-04-26,other,824612,18,home,622554,10,43.7,67,67.7,85.6,R,Seranthony Domínguez,SEA,4,WSN,0,LHH,0,Low,High,high
0,1,0,1,0,0,1,2026-04-28,save,824610,12,home,622554,9,22.6,13.1,27.4,47.2,R,Seranthony Domínguez,SEA,3,LAA,0,RHH,0,Low,Low,high
0,1,0,0,0,0,1,2026-04-29,other,824608,16,home,622554,10,22.6,13.1,27.4,47.2,R,Seranthony Domínguez,SEA,3,LAA,0,LHH,0,Low,Low,high
0,1,0,0,0,0,0.2,2026-05-02,save,823308,6,away,622554,9,40.5,52.4,53.2,63.3,R,Seranthony Domínguez,SEA,2,SDP,0,RHH,3,Low,Mid,high
0,2,0,0,0,0,1,2026-05-08,other,824607,14,home,622554,9,43.3,45.2,49.2,57.9,R,Seranthony Domínguez,SEA,3,SEA,0,LHH,0,Low,Low,high
2,1,0,1,0,0,1,2026-05-10,save,824605,23,home,622554,9,43.3,45.2,49.2,57.9,R,Seranthony Domínguez,SEA,6,SEA,0,,0,Low,Low,high
0,0,0,0,0,0,1,2026-05-12,other,824604,10,home,622554,8,57,42.9,50.8,55.5,R,Seranthony Domínguez,SEA,3,KCR,0,RHH,0,Mid,Mid,high
2,1,2,0,2,1,1,2026-05-13,save,824603,14,home,622554,9,57,42.9,50.8,55.5,R,Seranthony Domínguez,SEA,5,KCR,0,LHH,0,Mid,Mid,high
1,1,3,1,2,1,1,2026-05-17,blown_save,824599,32,home,622554,9,62.9,82.6,69.2,58.4,R,Seranthony Domínguez,SEA,6,CHC,0,,0,Mid,High,high
1,2,0,0,0,0,1,2026-05-24,other,823220,15,away,622554,7,35.1,17.2,38.2,64.4,R,Seranthony Domínguez,SEA,4,SFG,0,,0,Low,Low,medium
1,2,0,0,0,0,1,2026-05-25,save,824598,19,home,622554,9,39.7,33.8,47.1,67.6,R,Seranthony Domínguez,SEA,4,MIN,0,LHH,0,Low,Low,high
0,1,0,0,0,0,1,2026-05-29,other,824594,10,home,622554,9,43.2,42.5,49.7,62.5,R,Seranthony Domínguez,SEA,3,DET,0,RHH,0,Low,Low,high
0,1,0,0,0,0,1,2026-05-30,hold,824593,15,home,622554,8,43.2,42.5,49.7,62.5,R,Seranthony Domínguez,SEA,3,DET,0,LHH,0,Low,Low,high
0,1,0,1,0,0,0.1,2026-06-05,other,823455,11,away,622554,7,32.1,30.7,33.4,37.3,R,Seranthony Domínguez,SEA,2,PHI,1,,2,Low,Low,high
0,0,0,1,0,0,1,2026-06-09,other,824591,13,home,622554,8,51.3,55.8,59,68.1,R,Seranthony Domínguez,SEA,3,ATL,0,RHH,0,Mid,Mid,high
0,0,0,0,0,0,1,2026-06-10,hold,824590,14,home,622554,8,51.3,55.8,59,68.1,R,Seranthony Domínguez,SEA,3,ATL,0,RHH,0,Mid,Mid,high
1,2,1,2,1,0,1,2026-06-14,save,824586,33,home,622554,9,68.3,95.7,82.8,78.2,R,Seranthony Domínguez,SEA,6,LAD,0,LHH,0,High,High,high
1,0,0,0,0,0,1,2026-06-19,other,824264,18,away,622554,8,43.2,42.5,49.7,62.5,R,Seranthony Domínguez,SEA,3,DET,0,RHH,0,Low,Low,high
3,1,1,0,1,0,1,2026-06-21,blown_save,824260,27,away,622554,9,43.2,42.5,49.7,62.5,R,Seranthony Domínguez,SEA,6,DET,0,RHH,0,Low,Low,high
2,1,2,1,2,0,0.1,2026-06-22,blown_save,824585,22,home,622554,9,50,36.8,42.8,44.4,R,Seranthony Domínguez,SEA,4,CLE,0,LHH,0,Mid,Low,high
1,2,0,0,0,0,1,2026-06-28,other,824580,18,home,622554,6,57,42.9,50.8,55.5,R,Seranthony Domínguez,SEA,4,KCR,0,RHH,0,Mid,Mid,medium
0,1,2,2,2,0,0.1,2026-07-03,hold,824417,16,away,622554,7,50,36.8,42.8,44.4,R,Seranthony Domínguez,SEA,3,CLE,0,LHH,0,Mid,Low,high
1,2,0,1,0,0,1,2026-07-07,other,824579,19,home,622554,6,43,41.3,32.9,16,R,Seranthony Domínguez,SEA,5,BOS,0,RHH,0,Low,Low,low
0,1,0,1,0,0,1,2026-07-08,other,824578,13,home,622554,6,43,41.3,32.9,16,R,Seranthony Domínguez,SEA,3,BOS,0,RHH,0,Low,Low,low
0,1,0,0,0,0,1,2026-07-12,other,824574,14,home,622554,7,42.3,37.3,48.1,64.7,R,Seranthony Domínguez,SEA,3,ATH,0,RHH,0,Low,Low,medium
0,0,0,0,0,0,0.1,2026-07-17,other,822789,2,away,622554,6,54.7,7.6,29.4,36.4,R,Seranthony Domínguez,SEA,1,TOR,0,RHH,1,Mid,Low,medium
1,2,1,0,1,1,1,2026-07-20,hold,822874,17,away,622554,7,36.6,27.1,36.4,46.9,R,Seranthony Domínguez,SEA,4,TEX,0,RHH,0,Low,Low,high
1,1,0,2,0,0,0.1,2026-07-24,other,824573,19,home,622554,6,38.5,45.2,48.8,60.3,R,Seranthony Domínguez,SEA,4,HOU,2,RHH,2,Low,Low,high
1,1,0,0,0,0,1,2026-07-26,other,824572,13,home,622554,9,38.5,45.2,48.8,60.3,R,Seranthony Domínguez,SEA,4,HOU,0,RHH,0,Low,Low,high
1,0,0,0,0,0,1,2026-07-27,other,824570,13,home,622554,9,38.8,75.1,66.4,76,R,Seranthony Domínguez,SEA,3,NYY,0,LHH,0,Low,High,high
0,1,0,1,0,0,1,2026-07-30,other,824568,15,home,622554,11,38.8,75.1,66.4,76,R,Seranthony Domínguez,SEA,4,NYY,0,RHH,0,Low,High,high
0,2,0,0,0,0,1,2026-08-01,other,822944,14,away,622554,7,77.8,34.8,51.2,51,R,Seranthony Domínguez,SEA,3,TBR,0,RHH,0,High,Mid,high
4,0,4,2,4,2,0.1,2026-08-04,other,823108,26,home,622554,9,43.2,42.5,49.7,62.5,R,Seranthony Domínguez,SEA,7,DET,0,LHH,0,Low,Low,high
1,2,0,1,0,0,1,2026-08-07,other,823103,16,home,622554,9,77.8,34.8,51.2,51,R,Seranthony Domínguez,SEA,5,TBR,0,LHH,0,High,Mid,high
1,1,0,0,0,0,0.2,2026-08-08,other,823102,14,home,622554,7,77.8,34.8,51.2,51,R,Seranthony Domínguez,SEA,3,TBR,0,RHH,0,High,Mid,high
0,0,0,1,0,0,1,2026-08-11,other,823512,24,away,622554,8,38.8,75.1,66.4,76,R,Seranthony Domínguez,SEA,3,NYY,0,LHH,0,Low,High,high
0,0,0,0,0,0,0.1,2026-08-12,other,823511,2,away,622554,7,38.8,75.1,66.4,76,R,Seranthony Domínguez,SEA,1,NYY,0,LHH,3,Low,High,high
0,1,0,0,0,0,2.1,2026-06-26,other,823206,35,home,605288,7,51.3,55.8,59,68.1,R,Adrian Houser,SFG,8,ATL,0,LHH,1,Mid,Mid,high
5,1,2,1,2,1,5.1,2026-06-30,other,825066,76,away,605288,3,58.2,31.7,40.5,37.8,R,Adrian Houser,SFG,22,ARI,0,LHH,2,Mid,Low,low
1,0,0,0,0,0,0.2,2026-07-05,hold,824333,6,away,605288,7,34.5,31.8,26.1,13.5,R,Adrian Houser,SFG,3,COL,0,LHH,0,Low,Low,high
0,5,0,1,0,0,5.2,2026-07-07,other,823203,67,home,605288,3,54.7,7.6,29.4,36.4,R,Adrian Houser,SFG,18,TOR,1,RHH,2,Mid,Low,low
4,1,3,1,3,2,3,2026-07-19,other,823113,50,away,605288,6,43.3,45.2,49.2,57.9,R,Adrian Houser,SFG,14,SEA,0,LHH,0,Low,Low,medium
2,2,0,1,0,0,4,2026-07-26,other,823194,53,home,605288,6,22.6,13.1,27.4,47.2,R,Adrian Houser,SFG,14,LAA,0,RHH,0,Low,Low,medium
5,3,1,1,1,0,4.2,2026-07-31,other,823272,64,away,605288,4,40.5,52.4,53.2,63.3,R,Adrian Houser,SFG,19,SDP,2,RHH,2,Low,Mid,low
0,0,0,0,0,0,0.1,2026-08-04,other,822865,2,away,605288,8,36.6,27.1,36.4,46.9,R,Adrian Houser,SFG,1,TEX,0,RHH,3,Low,Low,high
6,4,1,1,1,0,5,2026-08-07,blown_hold,823191,86,home,605288,2,43.2,42.5,49.7,62.5,R,Adrian Houser,SFG,22,DET,0,,0,Low,Low,medium
2,2,0,0,0,0,3,2026-04-02,save,823242,37,home,694918,7,30.6,40,42.5,53.8,R,Blade Tidwell,SFG,9,NYM,0,RHH,0,Low,Low,medium
0,2,0,1,0,0,1,2026-04-06,other,823237,19,home,694918,9,32.1,30.7,33.4,37.3,R,Blade Tidwell,SFG,4,PHI,0,,0,Low,Low,high
0,0,0,0,0,0,1,2026-04-08,hold,823234,13,home,694918,8,32.1,30.7,33.4,37.3,R,Blade Tidwell,SFG,3,PHI,0,RHH,0,Low,Low,high
3,1,2,0,2,1,1,2026-04-10,other,824858,18,away,694918,9,31.6,69.3,61.4,73.6,R,Blade Tidwell,SFG,6,BAL,0,,0,Low,Mid,high
0,1,0,0,0,0,1,2026-04-15,other,824532,13,away,694918,5,32.7,40.9,35.4,31,R,Blade Tidwell,SFG,3,CIN,0,RHH,0,Low,Low,low
0,0,0,0,0,0,1,2026-04-17,other,822752,10,away,694918,9,43.7,67,67.7,85.6,R,Blade Tidwell,SFG,3,WSN,0,LHH,0,Low,High,high
1,2,0,1,0,0,2,2026-04-23,other,823233,25,home,694918,8,68.3,95.7,82.8,78.2,R,Blade Tidwell,SFG,8,LAD,0,LHH,0,High,High,high
4,2,2,1,2,0,2,2026-04-28,other,823473,47,away,694918,7,32.1,30.7,33.4,37.3,R,Blade Tidwell,SFG,11,PHI,0,,0,Low,Low,medium
6,1,3,1,3,1,3,2026-06-05,hold,824673,45,away,693313,6,62.9,82.6,69.2,58.4,R,Carson Seymour,SFG,15,CHC,0,RHH,0,Mid,High,low
5,1,4,1,4,0,1.1,2026-06-10,other,823215,46,home,693313,6,43.7,67,67.7,85.6,R,Carson Seymour,SFG,10,WSN,2,LHH,2,Low,High,high
2,2,1,1,1,1,2.2,2026-08-05,other,822866,37,away,693313,4,36.6,27.1,36.4,46.9,R,Carson Seymour,SFG,9,TEX,0,RHH,1,Low,Low,low
1,0,1,3,1,0,2,2026-08-08,other,823188,46,home,693313,8,43.2,42.5,49.7,62.5,R,Carson Seymour,SFG,10,DET,0,RHH,0,Low,Low,high
1,2,0,0,0,0,2,2026-08-11,hold,823186,30,home,693313,6,38.5,45.2,48.8,60.3,R,Carson Seymour,SFG,8,HOU,0,RHH,1,Low,Low,medium
0,0,0,1,0,0,0.2,2026-05-10,other,823221,9,home,681916,10,33.5,60.7,62.1,84.2,R,Dylan Smith,SFG,3,PIT,0,RHH,1,Low,Mid,high
0,2,0,0,0,0,1,2026-06-05,other,824673,12,away,681916,9,62.9,82.6,69.2,58.4,R,Dylan Smith,SFG,3,CHC,0,RHH,0,Mid,High,high
0,1,0,0,0,0,1,2026-06-07,save,824670,11,away,681916,10,62.9,82.6,69.2,58.4,R,Dylan Smith,SFG,3,CHC,0,LHH,0,Mid,High,high
0,0,0,0,0,0,0.1,2026-06-08,other,823218,3,home,681916,9,43.7,67,67.7,85.6,R,Dylan Smith,SFG,1,WSN,0,LHH,1,Low,High,high
0,1,0,1,0,0,1,2026-06-09,other,823214,23,home,681916,7,43.7,67,67.7,85.6,R,Dylan Smith,SFG,4,WSN,1,LHH,3,Low,High,high
1,2,0,0,0,0,1,2026-06-13,other,823213,22,home,681916,8,62.9,82.6,69.2,58.4,R,Dylan Smith,SFG,5,CHC,0,LHH,0,Mid,High,high
2,1,0,1,0,0,1,2026-06-16,other,824912,21,away,681916,8,51.3,55.8,59,68.1,R,Dylan Smith,SFG,6,ATL,0,LHH,1,Mid,Mid,high
1,0,0,1,0,0,0.2,2026-06-19,other,823853,18,away,681916,8,40.1,39.3,48.6,65.4,R,Dylan Smith,SFG,4,MIA,0,RHH,0,Low,Low,high
1,1,1,0,1,1,1,2026-06-24,other,823208,13,home,681916,8,42.3,37.3,48.1,64.7,R,Dylan Smith,SFG,5,ATH,0,,0,Low,Low,high
2,2,1,0,1,0,1,2026-06-25,hold,823209,25,home,681916,8,42.3,37.3,48.1,64.7,R,Dylan Smith,SFG,5,ATH,0,LHH,0,Low,Low,high
1,1,0,0,0,0,1,2026-07-01,hold,825064,13,away,681916,8,58.2,31.7,40.5,37.8,R,Dylan Smith,SFG,4,ARI,1,,1,Mid,Low,high
0,0,0,1,0,0,1,2026-07-04,hold,824334,16,away,681916,8,34.5,31.8,26.1,13.5,R,Dylan Smith,SFG,4,COL,0,RHH,0,Low,Low,high
2,1,3,0,3,1,1,2026-07-05,blown_save,824333,20,away,681916,8,34.5,31.8,26.1,13.5,R,Dylan Smith,SFG,6,COL,0,LHH,0,Low,Low,high
0,1,0,0,0,0,1,2026-07-10,other,823200,15,home,681916,6,34.5,31.8,26.1,13.5,R,Dylan Smith,SFG,3,COL,0,LHH,3,Low,Low,high
0,0,1,1,0,0,0.2,2026-07-18,other,823116,10,away,681916,10,43.3,45.2,49.2,57.9,R,Dylan Smith,SFG,3,SEA,0,LHH,0,Low,Low,high
0,1,0,0,0,0,0.2,2026-07-20,other,824087,6,away,681916,7,57,42.9,50.8,55.5,R,Dylan Smith,SFG,2,KCR,0,,2,Mid,Mid,high
1,2,0,1,0,0,1,2026-07-21,other,824085,13,away,681916,7,57,42.9,50.8,55.5,R,Dylan Smith,SFG,5,KCR,0,RHH,0,Mid,Mid,high
0,3,0,1,0,0,1,2026-07-24,hold,823196,19,home,681916,7,22.6,13.1,27.4,47.2,R,Dylan Smith,SFG,4,LAA,0,RHH,0,Low,Low,high
0,1,0,0,0,0,1,2026-07-27,hold,823195,15,home,681916,8,67.4,75.3,66.3,55.3,R,Dylan Smith,SFG,3,MIL,0,RHH,0,High,High,high
1,2,0,0,0,0,1,2026-07-30,hold,823271,27,away,681916,8,40.5,52.4,53.2,63.3,R,Dylan Smith,SFG,4,SDP,0,,0,Low,Mid,high
2,0,1,1,1,0,0.2,2026-08-01,other,823269,18,away,681916,9,40.5,52.4,53.2,63.3,R,Dylan Smith,SFG,5,SDP,0,RHH,0,Low,Mid,high
1,1,0,0,0,0,1,2026-08-02,other,823270,16,away,681916,7,40.5,52.4,53.2,63.3,R,Dylan Smith,SFG,4,SDP,0,RHH,0,Low,Mid,high
2,1,1,1,1,0,0.2,2026-08-04,other,822865,14,away,681916,9,36.6,27.1,36.4,46.9,R,Dylan Smith,SFG,5,TEX,0,RHH,0,Low,Low,high
0,0,0,1,0,0,1,2026-08-07,save,823191,16,home,681916,9,43.2,42.5,49.7,62.5,R,Dylan Smith,SFG,4,DET,0,RHH,0,Low,Low,high
0,3,0,0,0,0,1,2026-08-09,other,823190,17,home,681916,9,43.2,42.5,49.7,62.5,R,Dylan Smith,SFG,3,DET,0,RHH,0,Low,Low,high
1,0,1,1,1,0,1,2026-08-10,blown_save,823189,15,home,681916,9,38.5,45.2,48.8,60.3,R,Dylan Smith,SFG,4,HOU,0,,0,Low,Low,high
1,2,0,1,0,0,2,2026-03-25,other,823244,22,home,664141,7,38.8,75.1,66.4,76,R,JT Brubaker,SFG,7,NYY,0,,0,Low,High,medium
0,0,0,0,0,0,0.1,2026-03-28,other,823241,2,home,664141,8,38.8,75.1,66.4,76,R,JT Brubaker,SFG,1,NYY,0,RHH,2,Low,High,high
2,1,0,0,0,0,2,2026-03-31,other,823322,28,away,664141,7,40.5,52.4,53.2,63.3,R,JT Brubaker,SFG,7,SDP,0,RHH,0,Low,Mid,medium
3,2,3,2,3,1,1.1,2026-04-03,other,823240,38,home,664141,6,30.6,40,42.5,53.8,R,JT Brubaker,SFG,8,NYM,0,RHH,0,Low,Low,low
1,0,0,1,0,0,1,2026-04-05,other,823238,19,home,664141,9,30.6,40,42.5,53.8,R,JT Brubaker,SFG,5,NYM,0,RHH,0,Low,Low,high
0,1,0,2,0,0,0.2,2026-04-10,other,824858,15,away,664141,8,31.6,69.3,61.4,73.6,R,JT Brubaker,SFG,4,BAL,0,,0,Low,Mid,high
1,0,0,1,0,0,1,2026-04-12,other,824859,20,away,664141,8,31.6,69.3,61.4,73.6,R,JT Brubaker,SFG,4,BAL,0,RHH,0,Low,Mid,high
2,2,0,1,0,0,2,2026-04-15,other,824532,28,away,664141,7,32.7,40.9,35.4,31,R,JT Brubaker,SFG,9,CIN,0,RHH,0,Low,Low,medium
0,0,0,0,0,0,1,2026-04-19,other,822750,12,away,664141,8,43.7,67,67.7,85.6,R,JT Brubaker,SFG,3,WSN,0,RHH,0,Low,High,high
3,3,1,1,1,0,3,2026-04-24,other,823232,54,home,664141,5,40.1,39.3,48.6,65.4,R,JT Brubaker,SFG,13,MIA,0,LHH,0,Low,Low,low
1,1,0,0,0,0,1.2,2026-05-01,other,822990,21,away,664141,7,77.8,34.8,51.2,51,R,JT Brubaker,SFG,6,TBR,0,RHH,0,High,Mid,medium
2,1,1,2,1,0,1,2026-05-05,other,823227,38,home,664141,5,40.5,52.4,53.2,63.3,R,JT Brubaker,SFG,7,SDP,0,RHH,0,Low,Mid,medium
4,1,4,0,3,0,0.2,2026-05-09,other,823224,30,home,664141,7,33.5,60.7,62.1,84.2,R,JT Brubaker,SFG,6,PIT,0,RHH,0,Low,Mid,medium
0,1,0,0,0,0,1,2026-05-11,other,823953,12,away,664141,9,68.3,95.7,82.8,78.2,R,JT Brubaker,SFG,3,LAD,0,RHH,0,High,High,high
0,1,0,1,0,0,1,2026-05-14,other,823950,13,away,664141,8,68.3,95.7,82.8,78.2,R,JT Brubaker,SFG,3,LAD,0,RHH,0,High,High,high
3,1,2,0,1,0,1.2,2026-05-18,other,825087,29,away,664141,5,58.2,31.7,40.5,37.8,R,JT Brubaker,SFG,9,ARI,1,LHH,1,Mid,Low,low
0,1,0,2,0,0,3,2026-05-22,other,823223,41,home,664141,7,32.2,45.8,54.2,79.5,R,JT Brubaker,SFG,11,CHW,0,LHH,0,Low,Mid,medium
1,1,0,1,0,0,3,2026-05-25,other,823219,35,home,664141,7,58.2,31.7,40.5,37.8,R,JT Brubaker,SFG,10,ARI,0,RHH,0,Mid,Low,medium
0,2,0,0,0,0,1,2026-05-30,other,824352,14,away,664141,6,34.5,31.8,26.1,13.5,R,JT Brubaker,SFG,3,COL,0,LHH,0,Low,Low,low
0,1,0,0,0,0,1.2,2026-05-31,other,824354,17,away,664141,8,34.5,31.8,26.1,13.5,R,JT Brubaker,SFG,5,COL,0,LHH,1,Low,Low,high
2,1,2,2,2,1,2,2026-06-04,hold,823779,46,away,664141,6,67.4,75.3,66.3,55.3,R,JT Brubaker,SFG,9,MIL,0,LHH,0,High,High,medium
1,0,0,0,0,0,1,2026-06-07,other,824670,15,away,664141,6,62.9,82.6,69.2,58.4,R,JT Brubaker,SFG,4,CHC,0,RHH,0,Mid,High,medium
1,2,1,0,1,0,1,2026-06-09,other,823214,23,home,664141,6,43.7,67,67.7,85.6,R,JT Brubaker,SFG,4,WSN,0,LHH,1,Low,High,medium
1,1,0,0,0,0,2,2026-06-12,other,823211,21,home,664141,6,62.9,82.6,69.2,58.4,R,JT Brubaker,SFG,7,CHC,0,RHH,0,Mid,High,low
0,0,0,0,0,0,1,2026-06-17,hold,824913,15,away,664141,6,51.3,55.8,59,68.1,R,JT Brubaker,SFG,3,ATL,1,LHH,2,Mid,Mid,high
1,2,0,1,0,0,2.1,2026-06-20,other,823854,35,away,664141,4,40.1,39.3,48.6,65.4,R,JT Brubaker,SFG,9,MIA,0,LHH,2,Low,Low,low
1,0,1,1,1,1,3.1,2026-06-29,other,825065,42,away,664141,5,58.2,31.7,40.5,37.8,R,JT Brubaker,SFG,11,ARI,0,RHH,2,Mid,Low,medium
1,2,1,1,1,0,1,2026-07-03,other,824336,21,away,664141,8,34.5,31.8,26.1,13.5,R,JT Brubaker,SFG,5,COL,0,RHH,0,Low,Low,high
0,1,0,0,0,0,1.1,2026-07-09,hold,823201,12,home,664141,6,34.5,31.8,26.1,13.5,R,JT Brubaker,SFG,4,COL,0,RHH,1,Low,Low,medium
1,2,1,0,1,1,2,2026-07-11,save,823198,25,home,664141,8,34.5,31.8,26.1,13.5,R,JT Brubaker,SFG,7,COL,0,,0,Low,Low,high
3,2,0,0,0,0,2.1,2026-07-20,other,824087,38,away,664141,5,57,42.9,50.8,55.5,R,JT Brubaker,SFG,10,KCR,0,,0,Mid,Mid,medium
5,1,3,0,3,0,3,2026-07-28,other,823193,57,home,664141,4,67.4,75.3,66.3,55.3,R,JT Brubaker,SFG,14,MIL,2,,3,High,High,low
0,0,0,1,0,0,0.2,2026-08-02,other,823270,23,away,664141,8,40.5,52.4,53.2,63.3,R,JT Brubaker,SFG,3,SDP,0,RHH,0,Low,Mid,high
0,0,1,1,1,0,1,2026-08-04,other,822865,15,away,664141,7,36.6,27.1,36.4,46.9,R,JT Brubaker,SFG,4,TEX,0,LHH,0,Low,Low,high
1,0,1,1,1,1,0.2,2026-08-10,blown_save,823189,17,home,664141,6,38.5,45.2,48.8,60.3,R,JT Brubaker,SFG,4,HOU,0,,2,Low,Low,high
0,0,0,0,0,0,1,2026-08-11,save,823186,7,home,664141,9,38.5,45.2,48.8,60.3,R,JT Brubaker,SFG,3,HOU,0,RHH,0,Low,Low,high
0,1,0,0,0,0,1,2026-07-17,other,823115,15,away,671345,8,43.3,45.2,49.2,57.9,R,Jason Foley,SFG,3,SEA,0,LHH,0,Low,Low,high
0,0,0,0,0,0,1,2026-07-20,other,824087,9,away,671345,8,57,42.9,50.8,55.5,R,Jason Foley,SFG,3,KCR,0,LHH,0,Mid,Mid,high
2,1,2,0,2,1,1,2026-07-24,blown_save,823196,15,home,671345,8,22.6,13.1,27.4,47.2,R,Jason Foley,SFG,5,LAA,0,RHH,0,Low,Low,high
4,0,1,1,1,0,1.1,2026-07-28,other,823193,33,home,671345,7,67.4,75.3,66.3,55.3,R,Jason Foley,SFG,9,MIL,2,LHH,2,High,High,high
0,0,0,0,0,0,1,2026-08-04,other,822865,5,away,671345,6,36.6,27.1,36.4,46.9,R,Jason Foley,SFG,3,TEX,0,RHH,0,Low,Low,medium
0,1,0,0,0,0,1,2026-08-05,other,822866,14,away,671345,7,36.6,27.1,36.4,46.9,R,Jason Foley,SFG,3,TEX,0,RHH,0,Low,Low,medium
0,2,0,1,0,0,0.2,2026-08-09,other,823190,18,home,671345,10,43.2,42.5,49.7,62.5,R,Jason Foley,SFG,3,DET,0,LHH,1,Low,Low,high
2,0,3,2,2,0,1,2026-08-10,other,823189,19,home,671345,10,38.5,45.2,48.8,60.3,R,Jason Foley,SFG,7,HOU,0,RHH,0,Low,Low,high
0,2,0,1,0,0,1,2026-03-25,other,823244,19,home,676775,6,38.8,75.1,66.4,76,R,Keaton Winn,SFG,4,NYY,0,LHH,0,Low,High,low
0,1,0,0,0,0,1,2026-03-28,other,823241,9,home,676775,7,38.8,75.1,66.4,76,R,Keaton Winn,SFG,3,NYY,0,LHH,0,Low,High,high
0,3,0,0,0,0,1,2026-03-30,hold,823320,13,away,676775,8,40.5,52.4,53.2,63.3,R,Keaton Winn,SFG,3,SDP,0,RHH,0,Low,Mid,high
2,1,1,1,1,0,1,2026-04-04,other,823239,23,home,676775,7,30.6,40,42.5,53.8,R,Keaton Winn,SFG,6,NYM,0,RHH,0,Low,Low,medium
2,0,2,0,2,0,0.1,2026-04-05,hold,823238,8,home,676775,8,30.6,40,42.5,53.8,R,Keaton Winn,SFG,3,NYM,0,RHH,0,Low,Low,high
0,0,0,0,0,0,1,2026-04-07,other,823235,11,home,676775,9,32.1,30.7,33.4,37.3,R,Keaton Winn,SFG,3,PHI,0,RHH,0,Low,Low,high
0,0,0,0,0,0,1,2026-04-10,other,824858,11,away,676775,7,31.6,69.3,61.4,73.6,R,Keaton Winn,SFG,3,BAL,0,RHH,0,Low,Mid,medium
0,2,0,0,0,0,1,2026-04-14,other,824531,16,away,676775,7,32.7,40.9,35.4,31,R,Keaton Winn,SFG,3,CIN,0,RHH,0,Low,Low,high
0,2,0,0,0,0,1,2026-04-16,hold,824530,12,away,676775,8,32.7,40.9,35.4,31,R,Keaton Winn,SFG,3,CIN,0,RHH,0,Low,Low,high
0,1,0,0,0,0,1,2026-04-19,other,822750,16,away,676775,7,43.7,67,67.7,85.6,R,Keaton Winn,SFG,3,WSN,0,LHH,0,Low,High,medium
0,1,0,0,0,0,0.1,2026-04-21,hold,823236,5,home,676775,8,68.3,95.7,82.8,78.2,R,Keaton Winn,SFG,1,LAD,0,RHH,1,High,High,high
0,0,0,0,0,0,1,2026-04-25,hold,823229,11,home,676775,7,40.1,39.3,48.6,65.4,R,Keaton Winn,SFG,3,MIA,0,RHH,0,Low,Low,medium
2,0,1,3,1,0,2,2026-04-30,other,823471,39,away,676775,8,32.1,30.7,33.4,37.3,R,Keaton Winn,SFG,10,PHI,0,,0,Low,Low,high
1,0,0,0,0,0,1,2026-05-03,hold,822987,9,away,676775,7,77.8,34.8,51.2,51,R,Keaton Winn,SFG,3,TBR,0,LHH,0,High,Mid,high
0,0,0,0,0,0,1,2026-05-04,hold,823228,8,home,676775,8,40.5,52.4,53.2,63.3,R,Keaton Winn,SFG,3,SDP,0,RHH,0,Low,Mid,high
0,0,1,1,1,0,0.2,2026-05-06,other,823226,16,home,676775,7,40.5,52.4,53.2,63.3,R,Keaton Winn,SFG,3,SDP,0,RHH,1,Low,Mid,high
0,1,0,0,0,0,1,2026-05-08,hold,823225,13,home,676775,7,33.5,60.7,62.1,84.2,R,Keaton Winn,SFG,3,PIT,0,RHH,0,Low,Mid,high
1,0,0,0,0,0,1,2026-05-10,other,823221,7,home,676775,6,33.5,60.7,62.1,84.2,R,Keaton Winn,SFG,4,PIT,0,RHH,1,Low,Mid,medium
1,1,0,0,0,0,1,2026-05-11,hold,823953,14,away,676775,8,68.3,95.7,82.8,78.2,R,Keaton Winn,SFG,4,LAD,0,RHH,0,High,High,high
1,1,0,0,0,0,1,2026-05-17,other,825006,18,away,676775,8,42.3,37.3,48.1,64.7,R,Keaton Winn,SFG,4,ATH,0,,0,Low,Low,high
0,1,0,1,0,0,1,2026-05-19,hold,825086,14,away,676775,7,58.2,31.7,40.5,37.8,R,Keaton Winn,SFG,3,ARI,0,RHH,2,Mid,Low,high
0,3,0,0,0,0,1,2026-05-20,other,825084,11,away,676775,6,58.2,31.7,40.5,37.8,R,Keaton Winn,SFG,3,ARI,0,RHH,0,Mid,Low,medium
1,1,0,1,0,0,2,2026-05-24,blown_hold,823220,29,home,676775,5,32.2,45.8,54.2,79.5,R,Keaton Winn,SFG,8,CHW,2,LHH,2,Low,Mid,medium
2,1,1,0,0,0,1,2026-05-26,other,823216,12,home,676775,6,58.2,31.7,40.5,37.8,R,Keaton Winn,SFG,5,ARI,0,RHH,0,Mid,Low,medium
2,0,2,0,2,1,1.1,2026-05-29,hold,824353,18,away,676775,7,34.5,31.8,26.1,13.5,R,Keaton Winn,SFG,6,COL,0,RHH,1,Low,Low,high
1,1,0,0,0,0,1.2,2026-06-03,save,823780,15,away,676775,8,67.4,75.3,66.3,55.3,R,Keaton Winn,SFG,5,MIL,0,RHH,2,High,High,high
1,1,1,0,1,1,1.2,2026-06-06,other,824669,22,away,676775,8,62.9,82.6,69.2,58.4,R,Keaton Winn,SFG,6,CHC,0,RHH,0,Mid,High,high
1,1,0,1,0,0,1,2026-06-07,other,824670,19,away,676775,9,62.9,82.6,69.2,58.4,R,Keaton Winn,SFG,5,CHC,0,RHH,0,Mid,High,high
3,1,3,0,3,0,0.2,2026-06-08,blown_save,823218,22,home,676775,9,43.7,67,67.7,85.6,R,Keaton Winn,SFG,6,WSN,0,LHH,0,Low,High,high
1,0,0,0,0,0,0.2,2026-07-10,other,823200,10,home,676775,7,34.5,31.8,26.1,13.5,R,Keaton Winn,SFG,3,COL,0,RHH,0,Low,Low,high
0,0,0,1,0,0,0.2,2026-07-12,other,823199,13,home,676775,8,34.5,31.8,26.1,13.5,R,Keaton Winn,SFG,3,COL,0,RHH,0,Low,Low,high
0,0,0,0,0,0,0.1,2026-07-18,other,823116,10,away,676775,8,43.3,45.2,49.2,57.9,R,Keaton Winn,SFG,2,SEA,0,,2,Low,Low,high
1,0,0,0,0,0,0.2,2026-07-21,other,824085,9,away,676775,6,57,42.9,50.8,55.5,R,Keaton Winn,SFG,3,KCR,1,RHH,3,Mid,Mid,high
2,0,1,1,1,0,0.2,2026-07-22,blown_save,824083,17,away,676775,7,57,42.9,50.8,55.5,R,Keaton Winn,SFG,5,KCR,2,LHH,2,Mid,Mid,high
2,1,1,2,1,0,1,2026-07-25,other,823197,24,home,676775,9,22.6,13.1,27.4,47.2,R,Keaton Winn,SFG,7,LAA,0,RHH,0,Low,Low,high
0,1,0,1,0,0,1,2026-07-28,other,823193,17,home,676775,9,67.4,75.3,66.3,55.3,R,Keaton Winn,SFG,3,MIL,0,LHH,0,High,High,high
0,1,0,0,0,0,1,2026-07-29,other,823192,14,home,676775,9,67.4,75.3,66.3,55.3,R,Keaton Winn,SFG,5,MIL,0,RHH,0,High,High,high
2,1,0,0,0,0,1.1,2026-08-01,other,823269,16,away,676775,6,40.5,52.4,53.2,63.3,R,Keaton Winn,SFG,5,SDP,1,RHH,1,Low,Mid,medium
1,1,0,0,0,0,0.2,2026-08-03,hold,822867,10,away,676775,7,36.6,27.1,36.4,46.9,R,Keaton Winn,SFG,3,TEX,0,LHH,0,Low,Low,medium
1,0,0,1,0,0,0.2,2026-08-07,hold,823191,11,home,676775,7,43.2,42.5,49.7,62.5,R,Keaton Winn,SFG,3,DET,0,RHH,0,Low,Low,medium
0,2,0,1,0,0,0.2,2026-08-08,other,823188,14,home,676775,6,43.2,42.5,49.7,62.5,R,Keaton Winn,SFG,3,DET,1,RHH,3,Low,Low,high
0,0,0,0,0,0,0.2,2026-08-10,hold,823189,5,home,676775,8,38.5,45.2,48.8,60.3,R,Keaton Winn,SFG,2,HOU,0,RHH,0,Low,Low,high
1,0,1,0,1,0,1.2,2026-08-12,blown_save,823187,16,home,676775,7,38.5,45.2,48.8,60.3,R,Keaton Winn,SFG,6,HOU,1,RHH,2,Low,Low,high
2,2,1,0,1,1,2,2026-06-10,other,823215,31,home,665665,8,43.7,67,67.7,85.6,R,Reiver Sanmartin,SFG,8,WSN,0,LHH,0,Low,High,high
2,2,2,1,2,2,1.1,2026-06-13,other,823213,30,home,665665,4,62.9,82.6,69.2,58.4,R,Reiver Sanmartin,SFG,7,CHC,1,,3,Mid,High,medium
0,0,0,0,0,0,0.2,2026-08-03,other,822867,4,away,665665,9,36.6,27.1,36.4,46.9,R,Reiver Sanmartin,SFG,1,TEX,0,RHH,1,Low,Low,high
3,1,1,1,1,0,0.2,2026-08-04,other,822865,14,away,665665,8,36.6,27.1,36.4,46.9,R,Reiver Sanmartin,SFG,6,TEX,1,LHH,1,Low,Low,high
4,0,3,0,3,0,0.2,2026-08-08,other,823188,18,home,665665,7,43.2,42.5,49.7,62.5,R,Reiver Sanmartin,SFG,6,DET,1,,1,Low,Low,medium
0,0,0,0,0,0,0.1,2026-08-11,hold,823186,5,home,665665,8,38.5,45.2,48.8,60.3,R,Reiver Sanmartin,SFG,1,HOU,0,LHH,1,Low,Low,high
0,2,0,0,0,0,1,2026-08-12,other,823187,15,home,665665,9,38.5,45.2,48.8,60.3,R,Reiver Sanmartin,SFG,3,HOU,0,LHH,0,Low,Low,high
0,0,0,1,0,0,0.1,2026-05-10,other,823221,9,home,656529,7,33.5,60.7,62.1,84.2,R,Sam Hentges,SFG,2,PIT,0,,1,Low,Mid,high
1,2,0,2,0,0,1,2026-05-12,other,823951,32,away,656529,7,68.3,95.7,82.8,78.2,R,Sam Hentges,SFG,6,LAD,0,LHH,1,High,High,medium
0,1,0,0,0,0,1,2026-05-15,other,825009,13,away,656529,6,42.3,37.3,48.1,64.7,R,Sam Hentges,SFG,3,ATH,0,LHH,0,Low,Low,medium
0,2,0,0,0,0,1,2026-05-17,hold,825006,10,away,656529,7,42.3,37.3,48.1,64.7,R,Sam Hentges,SFG,3,ATH,0,RHH,0,Low,Low,high
0,0,0,1,0,0,1.1,2026-05-20,other,825084,16,away,656529,7,58.2,31.7,40.5,37.8,R,Sam Hentges,SFG,5,ARI,0,RHH,0,Mid,Low,medium
0,2,0,1,0,0,1,2026-05-23,other,823222,16,home,656529,7,32.2,45.8,54.2,79.5,R,Sam Hentges,SFG,4,CHW,0,,0,Low,Mid,medium
1,1,0,1,0,0,0.2,2026-05-25,other,823219,13,home,656529,6,58.2,31.7,40.5,37.8,R,Sam Hentges,SFG,4,ARI,0,RHH,1,Mid,Low,medium
2,1,1,2,1,0,1.1,2026-05-30,other,824352,32,away,656529,4,34.5,31.8,26.1,13.5,R,Sam Hentges,SFG,8,COL,0,LHH,2,Low,Low,low
0,0,1,2,1,0,0.1,2026-06-02,other,823782,15,away,656529,7,67.4,75.3,66.3,55.3,R,Sam Hentges,SFG,3,MIL,0,LHH,0,High,High,high
0,1,0,1,0,0,0.2,2026-06-04,other,823779,15,away,656529,5,67.4,75.3,66.3,55.3,R,Sam Hentges,SFG,3,MIL,0,RHH,1,High,High,medium
1,1,0,2,0,0,0.2,2026-06-09,other,823214,26,home,656529,5,43.7,67,67.7,85.6,R,Sam Hentges,SFG,5,WSN,1,LHH,1,Low,High,medium
0,0,0,0,0,0,1,2026-06-12,other,823211,12,home,656529,8,62.9,82.6,69.2,58.4,R,Sam Hentges,SFG,3,CHC,0,RHH,0,Mid,High,high
1,2,0,0,0,0,1,2026-06-13,other,823213,17,home,656529,6,62.9,82.6,69.2,58.4,R,Sam Hentges,SFG,5,CHC,0,RHH,0,Mid,High,low
1,1,0,0,0,0,1,2026-06-17,hold,824913,16,away,656529,7,51.3,55.8,59,68.1,R,Sam Hentges,SFG,4,ATL,0,RHH,0,Mid,Mid,medium
2,0,2,0,2,0,0.1,2026-06-19,blown_save,823853,11,away,656529,7,40.1,39.3,48.6,65.4,R,Sam Hentges,SFG,4,MIA,0,,0,Low,Low,high
0,0,0,0,0,0,0.1,2026-06-24,other,823208,1,home,656529,6,42.3,37.3,48.1,64.7,R,Sam Hentges,SFG,1,ATH,0,LHH,1,Low,Low,medium
1,1,0,0,0,0,0.2,2026-06-26,other,823206,11,home,656529,7,51.3,55.8,59,68.1,R,Sam Hentges,SFG,3,ATL,0,LHH,0,Mid,Mid,high
0,1,0,0,0,0,1,2026-06-27,other,823207,11,home,656529,9,51.3,55.8,59,68.1,R,Sam Hentges,SFG,3,ATL,0,LHH,0,Mid,Mid,high
1,0,0,2,0,0,0.1,2026-06-29,other,825065,16,away,656529,5,58.2,31.7,40.5,37.8,R,Sam Hentges,SFG,3,ARI,3,RHH,3,Mid,Low,medium
0,1,0,0,0,0,1,2026-07-04,hold,824334,12,away,656529,7,34.5,31.8,26.1,13.5,R,Sam Hentges,SFG,3,COL,0,RHH,0,Low,Low,medium
0,1,0,0,0,0,0.1,2026-07-05,hold,824333,8,away,656529,7,34.5,31.8,26.1,13.5,R,Sam Hentges,SFG,1,COL,0,RHH,1,Low,Low,high
1,3,0,0,0,0,1.1,2026-07-10,other,823200,21,home,656529,7,34.5,31.8,26.1,13.5,R,Sam Hentges,SFG,5,COL,0,RHH,1,Low,Low,high
1,1,0,1,0,0,1,2026-07-18,other,823116,17,away,656529,7,43.3,45.2,49.2,57.9,R,Sam Hentges,SFG,4,SEA,0,LHH,1,Low,Low,high
0,0,0,0,0,0,1,2026-07-19,other,823113,5,away,656529,5,43.3,45.2,49.2,57.9,R,Sam Hentges,SFG,2,SEA,1,,2,Low,Low,medium
1,1,0,0,0,0,0.1,2026-07-21,blown_save,824085,14,away,656529,6,57,42.9,50.8,55.5,R,Sam Hentges,SFG,3,KCR,1,LHH,2,Mid,Mid,high
2,0,2,0,2,0,0.1,2026-07-22,hold,824083,7,away,656529,7,57,42.9,50.8,55.5,R,Sam Hentges,SFG,3,KCR,0,RHH,0,Mid,Mid,high
0,1,0,0,0,0,1,2026-07-27,hold,823195,13,home,656529,7,67.4,75.3,66.3,55.3,R,Sam Hentges,SFG,3,MIL,0,RHH,1,High,High,medium
2,1,1,2,1,0,1,2026-07-29,other,823192,24,home,656529,7,67.4,75.3,66.3,55.3,R,Sam Hentges,SFG,6,MIL,0,RHH,0,High,High,medium
1,2,0,0,0,0,1.1,2026-08-02,other,823270,19,away,656529,5,40.5,52.4,53.2,63.3,R,Sam Hentges,SFG,5,SDP,0,,2,Low,Mid,medium
0,1,0,1,0,0,1.1,2026-08-03,hold,822867,20,away,656529,7,36.6,27.1,36.4,46.9,R,Sam Hentges,SFG,5,TEX,0,LHH,1,Low,Low,medium
2,2,0,1,0,0,1.1,2026-08-07,hold,823191,27,home,656529,7,43.2,42.5,49.7,62.5,R,Sam Hentges,SFG,7,DET,0,,1,Low,Low,medium
2,0,2,0,1,0,0.1,2026-08-09,other,823190,12,home,656529,10,43.2,42.5,49.7,62.5,R,Sam Hentges,SFG,3,DET,0,RHH,0,Low,Low,high
0,1,0,0,0,0,1,2026-08-10,other,823189,15,home,656529,7,38.5,45.2,48.8,60.3,R,Sam Hentges,SFG,3,HOU,0,RHH,0,Low,Low,high
1,0,1,0,0,0,0.1,2026-08-12,hold,823187,12,home,656529,7,38.5,45.2,48.8,60.3,R,Sam Hentges,SFG,3,HOU,0,LHH,0,Low,Low,high
3,0,3,0,3,0,0.1,2026-08-08,other,823188,14,home,805345,7,43.2,42.5,49.7,62.5,R,Trent Harris,SFG,4,DET,0,,0,Low,Low,high
0,1,0,0,0,0,1.1,2026-05-27,other,823626,16,away,657571,7,30.6,40,42.5,53.8,R,Caleb Ferguson,STL,5,NYM,0,,2,Low,Low,high
1,3,0,0,0,0,1.2,2026-05-29,other,824515,18,home,657571,6,51.3,55.8,59,68.1,R,Caleb Ferguson,STL,6,ATL,2,LHH,3,Mid,Mid,high
2,2,0,0,0,0,2,2026-06-01,other,824510,34,home,657571,2,57,42.9,50.8,55.5,R,Caleb Ferguson,STL,8,KCR,0,LHH,0,Mid,Mid,medium
0,1,0,0,0,0,1.1,2026-06-03,other,824509,15,home,657571,7,57,42.9,50.8,55.5,R,Caleb Ferguson,STL,4,KCR,0,RHH,0,Mid,Mid,high
0,1,0,1,0,0,1,2026-06-07,other,823047,17,away,657571,4,41,40.4,42.1,44.7,R,Caleb Ferguson,STL,4,STL,0,LHH,0,Low,Low,medium
1,0,0,1,0,0,0.1,2026-06-09,other,823290,3,away,657571,8,40.5,52.4,53.2,63.3,R,Caleb Ferguson,STL,3,SDP,0,RHH,0,Low,Mid,high
2,0,2,0,2,0,0.1,2026-06-10,hold,823287,15,away,657571,8,40.5,52.4,53.2,63.3,R,Caleb Ferguson,STL,3,SDP,0,LHH,0,Low,Mid,high
1,1,0,1,0,0,0.2,2026-06-13,other,824508,20,home,657571,6,58.2,31.7,40.5,37.8,R,Caleb Ferguson,STL,4,ARI,0,LHH,1,Mid,Low,medium
1,2,0,2,0,0,0.2,2026-06-15,other,824505,27,home,657571,7,30.6,40,42.5,53.8,R,Caleb Ferguson,STL,5,NYM,0,LHH,0,Low,Low,medium
1,0,0,0,0,0,1.2,2026-06-19,other,823534,21,away,657571,6,38.8,75.1,66.4,76,R,Caleb Ferguson,STL,5,NYY,0,LHH,1,Low,High,medium
1,1,0,0,0,0,1,2026-06-21,hold,823531,13,away,657571,7,38.8,75.1,66.4,76,R,Caleb Ferguson,STL,4,NYY,0,,0,Low,High,high
1,0,0,0,0,0,0.2,2026-06-23,other,824501,8,home,657571,6,67.4,75.3,66.3,55.3,R,Caleb Ferguson,STL,3,MIL,1,,1,High,High,medium
1,1,0,0,0,0,1,2026-06-26,save,823363,18,away,657571,9,33.5,60.7,62.1,84.2,R,Caleb Ferguson,STL,4,PIT,0,RHH,0,Low,Mid,high
1,1,1,0,1,1,1,2026-06-27,other,823364,14,away,657571,8,33.5,60.7,62.1,84.2,R,Caleb Ferguson,STL,4,PIT,0,RHH,0,Low,Mid,high
1,1,0,1,0,0,0.2,2026-06-30,other,823768,18,away,657571,5,67.4,75.3,66.3,55.3,R,Caleb Ferguson,STL,4,MIL,0,LHH,1,High,High,low
1,1,0,0,0,0,1.1,2026-07-03,other,824498,14,home,657571,6,31.6,69.3,61.4,73.6,R,Caleb Ferguson,STL,4,BAL,0,LHH,0,Low,Mid,medium
2,0,1,0,1,0,0.1,2026-07-07,other,824495,15,home,657571,8,32.1,30.7,33.4,37.3,R,Caleb Ferguson,STL,3,PHI,0,LHH,0,Low,Low,high
0,1,0,1,0,0,1,2026-07-08,other,824496,12,home,657571,7,32.1,30.7,33.4,37.3,R,Caleb Ferguson,STL,3,PHI,0,LHH,0,Low,Low,medium
2,0,1,0,1,0,0.2,2026-07-11,other,824492,15,home,657571,6,62.9,82.6,69.2,58.4,R,Caleb Ferguson,STL,4,CHC,0,RHH,0,Mid,High,medium
1,2,2,1,2,1,1,2026-07-18,other,824331,18,away,657571,6,34.5,31.8,26.1,13.5,R,Caleb Ferguson,STL,5,COL,0,LHH,0,Low,Low,low
3,1,2,1,2,1,0.2,2026-07-20,other,823112,12,away,657571,7,43.3,45.2,49.2,57.9,R,Caleb Ferguson,STL,6,SEA,2,LHH,2,Low,Low,high
0,0,0,1,0,0,0.2,2026-07-24,other,823031,16,away,657571,6,41,40.4,42.1,44.7,R,Caleb Ferguson,STL,3,STL,0,LHH,0,Low,Low,medium
0,0,0,0,0,0,0.2,2026-07-29,other,824487,7,home,657571,5,50,36.8,42.8,44.4,R,Caleb Ferguson,STL,2,CLE,1,,3,Mid,Low,low
2,0,2,0,2,0,0.1,2026-07-31,hold,824486,7,home,657571,8,33.5,60.7,62.1,84.2,R,Caleb Ferguson,STL,3,PIT,0,RHH,0,Low,Mid,high
0,1,0,0,0,0,1,2026-08-01,other,824485,14,home,657571,9,33.5,60.7,62.1,84.2,R,Caleb Ferguson,STL,3,PIT,0,RHH,0,Low,Mid,high
1,1,0,0,0,0,1.2,2026-08-04,other,823517,17,away,657571,7,38.8,75.1,66.4,76,R,Caleb Ferguson,STL,5,NYY,0,RHH,2,Low,High,high
1,2,0,0,0,0,1.1,2026-08-07,hold,823024,24,home,657571,7,34.5,31.8,26.1,13.5,R,Caleb Ferguson,STL,5,COL,0,RHH,0,Low,Low,high
0,0,0,0,0,0,1,2026-03-29,other,823079,12,home,666277,7,77.8,34.8,51.2,51,R,George Soriano,STL,3,TBR,0,RHH,0,High,Mid,high
1,0,0,1,0,0,2,2026-03-30,other,823080,21,home,666277,8,30.6,40,42.5,53.8,R,George Soriano,STL,8,NYM,0,LHH,0,Low,Low,high
1,0,1,0,1,0,0.2,2026-04-03,other,824299,16,away,666277,6,43.2,42.5,49.7,62.5,R,George Soriano,STL,4,DET,0,,0,Low,Low,medium
1,0,1,2,1,0,0.1,2026-04-05,hold,824296,19,away,666277,6,43.2,42.5,49.7,62.5,R,George Soriano,STL,4,DET,0,RHH,0,Low,Low,medium
0,3,0,0,0,0,2,2026-04-07,other,822754,20,away,666277,8,43.7,67,67.7,85.6,R,George Soriano,STL,6,WSN,0,LHH,0,Low,High,high
0,1,0,0,0,0,1,2026-04-12,other,823075,13,home,666277,6,43,41.3,32.9,16,R,George Soriano,STL,3,BOS,0,LHH,0,Low,Low,low
0,1,0,1,0,0,1,2026-04-14,other,823072,12,home,666277,6,50,36.8,42.8,44.4,R,George Soriano,STL,4,CLE,0,LHH,0,Mid,Low,medium
0,1,0,0,0,0,1,2026-04-17,other,824207,12,away,666277,9,38.5,45.2,48.8,60.3,R,George Soriano,STL,3,HOU,0,RHH,0,Low,Low,high
1,1,3,2,3,1,0.1,2026-04-18,other,824206,17,away,666277,9,38.5,45.2,48.8,60.3,R,George Soriano,STL,4,HOU,0,RHH,0,Low,Low,high
0,1,0,0,0,0,0.1,2026-04-21,hold,823880,6,away,666277,8,40.1,39.3,48.6,65.4,R,George Soriano,STL,1,MIA,0,RHH,2,Low,Low,high
0,0,0,0,0,0,0.2,2026-04-24,other,823069,11,home,666277,7,43.3,45.2,49.2,57.9,R,George Soriano,STL,2,SEA,0,,1,Low,Low,high
2,1,1,0,1,0,1,2026-04-25,blown_save,823070,15,home,666277,6,43.3,45.2,49.2,57.9,R,George Soriano,STL,5,SEA,0,LHH,0,Low,Low,medium
1,1,0,0,0,0,1,2026-04-27,save,823395,21,away,666277,9,33.5,60.7,62.1,84.2,R,George Soriano,STL,4,PIT,0,RHH,0,Low,Mid,high
1,1,1,1,0,0,1,2026-04-29,hold,823392,29,away,666277,8,33.5,60.7,62.1,84.2,R,George Soriano,STL,6,PIT,0,,0,Low,Mid,high
0,1,0,1,0,0,1.1,2026-05-01,hold,823066,25,home,666277,6,68.3,95.7,82.8,78.2,R,George Soriano,STL,5,LAD,0,RHH,2,High,High,high
1,1,0,1,0,0,0.2,2026-05-04,hold,823064,18,home,666277,6,67.4,75.3,66.3,55.3,R,George Soriano,STL,4,MIL,1,LHH,2,High,High,high
1,1,0,0,0,0,1,2026-05-07,hold,823306,12,away,666277,7,40.5,52.4,53.2,63.3,R,George Soriano,STL,3,SDP,0,RHH,0,Low,Mid,high
0,1,0,1,0,0,0.2,2026-05-10,hold,823305,10,away,666277,8,40.5,52.4,53.2,63.3,R,George Soriano,STL,3,SDP,0,RHH,0,Low,Mid,high
2,0,1,0,1,1,1,2026-05-12,hold,825011,18,away,666277,8,42.3,37.3,48.1,64.7,R,George Soriano,STL,5,ATH,0,RHH,0,Low,Low,high
1,1,0,0,0,0,0.2,2026-05-15,other,823061,9,home,666277,7,57,42.9,50.8,55.5,R,George Soriano,STL,3,KCR,0,RHH,0,Mid,Mid,high
2,0,1,0,1,1,1,2026-05-16,save,823060,14,home,666277,9,57,42.9,50.8,55.5,R,George Soriano,STL,4,KCR,0,LHH,0,Mid,Mid,high
0,1,0,0,0,0,1,2026-05-19,other,823059,12,home,666277,10,33.5,60.7,62.1,84.2,R,George Soriano,STL,3,PIT,0,LHH,0,Low,Mid,high
0,0,0,0,0,0,1,2026-05-23,other,824518,8,away,666277,8,32.7,40.9,35.4,31,R,George Soriano,STL,3,CIN,0,RHH,0,Low,Low,high
0,1,0,0,0,0,1,2026-05-29,hold,823055,12,home,666277,6,62.9,82.6,69.2,58.4,R,George Soriano,STL,3,CHC,0,RHH,0,Mid,High,medium
2,2,0,0,0,0,1,2026-06-01,other,823050,17,home,666277,9,36.6,27.1,36.4,46.9,R,George Soriano,STL,5,TEX,0,LHH,0,Low,Low,high
0,2,0,0,0,0,1,2026-06-02,other,823052,10,home,666277,8,36.6,27.1,36.4,46.9,R,George Soriano,STL,3,TEX,0,RHH,0,Low,Low,high
1,0,0,0,0,0,1,2026-06-06,other,823048,12,home,666277,8,32.7,40.9,35.4,31,R,George Soriano,STL,4,CIN,0,RHH,0,Low,Low,high
3,1,1,0,1,1,0.2,2026-06-07,blown_save,823047,17,home,666277,7,32.7,40.9,35.4,31,R,George Soriano,STL,5,CIN,0,RHH,0,Low,Low,high
0,1,0,0,0,0,1.1,2026-06-11,other,823619,8,away,666277,5,30.6,40,42.5,53.8,R,George Soriano,STL,4,NYM,0,RHH,1,Low,Low,medium
0,0,0,0,0,0,1,2026-06-12,other,823695,8,away,666277,6,39.7,33.8,47.1,67.6,R,George Soriano,STL,3,MIN,1,LHH,2,Low,Low,high
3,3,1,0,1,0,1.2,2026-06-14,blown_save,823693,34,away,666277,7,39.7,33.8,47.1,67.6,R,George Soriano,STL,8,MIN,1,LHH,3,Low,Low,high
1,0,1,1,1,0,1,2026-06-19,other,824097,18,away,666277,6,57,42.9,50.8,55.5,R,George Soriano,STL,5,KCR,0,LHH,0,Mid,Mid,medium
0,0,0,1,0,0,1,2026-06-21,other,824095,14,away,666277,8,57,42.9,50.8,55.5,R,George Soriano,STL,4,KCR,0,,0,Mid,Mid,high
0,0,0,0,0,0,0.1,2026-06-22,hold,823040,5,home,666277,8,58.2,31.7,40.5,37.8,R,George Soriano,STL,1,ARI,0,RHH,0,Mid,Low,high
2,0,2,2,2,0,1,2026-06-26,other,823039,27,home,666277,8,40.1,39.3,48.6,65.4,R,George Soriano,STL,7,MIA,0,LHH,0,Low,Low,high
0,2,0,0,0,0,1,2026-06-28,hold,823037,12,home,666277,8,40.1,39.3,48.6,65.4,R,George Soriano,STL,3,MIA,0,LHH,0,Low,Low,high
0,1,1,1,1,0,1.2,2026-06-30,other,824907,28,away,666277,6,51.3,55.8,59,68.1,R,George Soriano,STL,6,ATL,0,LHH,1,Mid,Mid,medium
0,0,0,1,0,0,1,2026-07-02,other,824906,17,away,666277,8,51.3,55.8,59,68.1,R,George Soriano,STL,4,ATL,0,,1,Mid,Mid,high
0,2,0,0,0,0,1,2026-07-04,hold,824658,12,away,666277,6,62.9,82.6,69.2,58.4,R,George Soriano,STL,3,CHC,0,LHH,0,Mid,High,medium
2,1,1,0,1,0,1.1,2026-07-10,other,823033,23,home,666277,4,51.3,55.8,59,68.1,R,George Soriano,STL,6,ATL,0,LHH,0,Mid,Mid,medium
0,2,0,0,0,0,1,2026-07-11,hold,823030,9,home,666277,8,51.3,55.8,59,68.1,R,George Soriano,STL,3,ATL,0,LHH,0,Mid,Mid,high
0,1,0,0,0,0,0.2,2026-07-17,hold,825060,14,away,666277,7,58.2,31.7,40.5,37.8,R,George Soriano,STL,2,ARI,0,,1,Mid,Low,high
1,2,1,0,1,1,1,2026-07-19,other,825057,16,away,666277,7,58.2,31.7,40.5,37.8,R,George Soriano,STL,4,ARI,1,LHH,1,Mid,Low,medium
1,1,0,0,0,0,1,2026-07-20,hold,824006,14,away,666277,8,22.6,13.1,27.4,47.2,R,George Soriano,STL,4,LAA,0,RHH,0,Low,Low,high
0,1,0,0,0,0,1,2026-07-22,hold,824004,12,away,666277,8,22.6,13.1,27.4,47.2,R,George Soriano,STL,3,LAA,0,RHH,0,Low,Low,high
3,1,2,0,2,1,1,2026-07-24,blown_save,823031,15,home,666277,7,32.7,40.9,35.4,31,R,George Soriano,STL,6,CIN,0,,0,Low,Low,high
1,2,0,0,0,0,1,2026-07-26,other,823028,16,home,666277,9,32.7,40.9,35.4,31,R,George Soriano,STL,4,CIN,0,RHH,0,Low,Low,high
0,2,0,1,0,0,1,2026-07-29,other,823022,22,home,666277,8,62.9,82.6,69.2,58.4,R,George Soriano,STL,4,CHC,0,,0,Mid,High,high
1,1,0,2,0,0,0.2,2026-07-30,other,823023,29,home,666277,7,62.9,82.6,69.2,58.4,R,George Soriano,STL,5,CHC,1,LHH,1,Mid,High,high
2,1,1,0,1,0,1,2026-08-02,blown_save,822783,20,away,666277,8,54.7,7.6,29.4,36.4,R,George Soriano,STL,5,TOR,0,LHH,0,Mid,Low,high
1,1,1,0,1,1,0.2,2026-08-03,blown_save,823520,18,away,666277,7,38.8,75.1,66.4,76,R,George Soriano,STL,3,NYY,1,LHH,1,Low,High,high
0,3,0,1,0,0,1,2026-08-05,hold,823516,24,away,666277,6,38.8,75.1,66.4,76,R,George Soriano,STL,5,NYY,1,LHH,2,Low,High,high
2,0,1,1,1,1,1,2026-08-09,blown_save,823020,21,home,666277,8,34.5,31.8,26.1,13.5,R,George Soriano,STL,6,COL,0,,0,Low,Low,high
1,2,0,1,0,0,1,2026-08-11,other,823019,23,home,666277,7,32.1,30.7,33.4,37.3,R,George Soriano,STL,5,PHI,0,LHH,0,Low,Low,high
0,0,0,0,0,0,1,2026-03-31,hold,823077,3,home,700669,6,30.6,40,42.5,53.8,R,Gordon Graceffo,STL,2,NYM,0,,2,Low,Low,high
0,0,0,0,0,0,0.2,2026-04-01,other,823078,6,home,700669,11,30.6,40,42.5,53.8,R,Gordon Graceffo,STL,2,NYM,0,,3,Low,Low,high
0,0,0,2,0,0,1,2026-04-03,other,824299,16,away,700669,7,43.2,42.5,49.7,62.5,R,Gordon Graceffo,STL,4,DET,0,,0,Low,Low,medium
1,2,1,2,1,0,2,2026-04-07,other,822754,35,away,700669,6,43.7,67,67.7,85.6,R,Gordon Graceffo,STL,9,WSN,0,LHH,0,Low,High,medium
1,2,0,1,0,0,2.1,2026-04-11,other,823074,32,home,700669,5,43,41.3,32.9,16,R,Gordon Graceffo,STL,10,BOS,0,RHH,0,Low,Low,medium
0,1,1,1,0,0,1.1,2026-04-13,other,823073,20,home,700669,7,50,36.8,42.8,44.4,R,Gordon Graceffo,STL,5,CLE,0,LHH,0,Mid,Low,medium
0,1,0,0,0,0,2,2026-04-18,other,824206,26,away,700669,6,38.5,45.2,48.8,60.3,R,Gordon Graceffo,STL,6,HOU,0,RHH,0,Low,Low,low
1,0,0,0,0,0,0.1,2026-04-19,save,824205,7,away,700669,10,38.5,45.2,48.8,60.3,R,Gordon Graceffo,STL,2,HOU,1,RHH,2,Low,Low,high
2,0,0,0,0,0,1,2026-04-22,other,823878,18,away,700669,6,40.1,39.3,48.6,65.4,R,Gordon Graceffo,STL,4,MIA,0,LHH,0,Low,Low,low
0,2,0,0,0,0,2,2026-04-24,other,823069,23,home,700669,8,43.3,45.2,49.2,57.9,R,Gordon Graceffo,STL,6,SEA,0,RHH,0,Low,Low,high
2,0,1,0,1,0,0.2,2026-04-25,other,823070,6,home,700669,4,43.3,45.2,49.2,57.9,R,Gordon Graceffo,STL,3,SEA,0,,0,Low,Low,medium
0,0,0,0,0,0,1.2,2026-04-28,hold,823390,11,away,700669,6,33.5,60.7,62.1,84.2,R,Gordon Graceffo,STL,4,PIT,0,LHH,1,Low,Mid,medium
0,1,0,0,0,0,1.1,2026-04-30,other,823391,24,away,700669,6,33.5,60.7,62.1,84.2,R,Gordon Graceffo,STL,5,PIT,0,,0,Low,Mid,medium
1,1,0,1,0,0,1,2026-05-01,other,823066,17,home,700669,8,68.3,95.7,82.8,78.2,R,Gordon Graceffo,STL,5,LAD,0,RHH,0,High,High,high
3,0,2,0,2,1,0.1,2026-05-04,other,823064,11,home,700669,9,67.4,75.3,66.3,55.3,R,Gordon Graceffo,STL,4,MIL,0,,0,High,High,high
0,0,0,0,0,0,2,2026-05-08,other,823303,17,away,700669,7,40.5,52.4,53.2,63.3,R,Gordon Graceffo,STL,6,SDP,0,RHH,0,Low,Mid,medium
0,0,1,2,0,0,0.1,2026-05-10,other,823305,7,away,700669,10,40.5,52.4,53.2,63.3,R,Gordon Graceffo,STL,3,SDP,0,RHH,0,Low,Mid,high
1,0,1,0,1,1,1.2,2026-05-13,other,825010,14,away,700669,7,42.3,37.3,48.1,64.7,R,Gordon Graceffo,STL,6,ATH,1,,2,Low,Low,high
0,0,0,1,0,0,1,2026-05-15,other,823061,14,home,700669,11,57,42.9,50.8,55.5,R,Gordon Graceffo,STL,4,KCR,0,LHH,0,Mid,Mid,high
1,0,0,0,0,0,1,2026-05-16,hold,823060,10,home,700669,7,57,42.9,50.8,55.5,R,Gordon Graceffo,STL,4,KCR,0,,0,Mid,Mid,high
1,1,0,0,0,0,1.1,2026-05-19,other,823059,20,home,700669,5,33.5,60.7,62.1,84.2,R,Gordon Graceffo,STL,5,PIT,0,RHH,2,Low,Mid,medium
0,0,0,0,0,0,0.2,2026-05-21,other,823056,2,home,700669,6,33.5,60.7,62.1,84.2,R,Gordon Graceffo,STL,1,PIT,0,RHH,2,Low,Mid,high
0,1,0,1,0,0,0.2,2026-05-23,other,824516,17,away,700669,6,32.7,40.9,35.4,31,R,Gordon Graceffo,STL,3,CIN,0,LHH,1,Low,Low,medium
0,0,0,0,0,0,1,2026-05-29,other,823055,10,home,700669,5,62.9,82.6,69.2,58.4,R,Gordon Graceffo,STL,3,CHC,0,RHH,0,Mid,High,medium
2,2,1,0,1,1,1.2,2026-05-30,other,823054,20,home,700669,6,62.9,82.6,69.2,58.4,R,Gordon Graceffo,STL,7,CHC,0,RHH,2,Mid,High,high
0,1,0,0,0,0,0.2,2026-06-02,other,823052,10,home,700669,7,36.6,27.1,36.4,46.9,R,Gordon Graceffo,STL,2,TEX,1,,2,Low,Low,high
2,1,0,0,0,0,1.2,2026-06-06,other,823048,24,home,700669,5,32.7,40.9,35.4,31,R,Gordon Graceffo,STL,6,CIN,0,RHH,2,Low,Low,medium
0,1,0,0,0,0,0.2,2026-06-11,other,823619,9,away,700669,8,30.6,40,42.5,53.8,R,Gordon Graceffo,STL,2,NYM,0,,0,Low,Low,high
0,0,2,2,2,0,0.2,2026-06-12,hold,823695,13,away,700669,7,39.7,33.8,47.1,67.6,R,Gordon Graceffo,STL,4,MIN,0,,0,Low,Low,medium
4,0,4,2,4,1,1.2,2026-06-18,other,824098,47,away,700669,2,57,42.9,50.8,55.5,R,Gordon Graceffo,STL,11,KCR,0,RHH,1,Mid,Mid,low
0,0,0,0,0,0,1,2026-06-21,other,824095,10,away,700669,5,57,42.9,50.8,55.5,R,Gordon Graceffo,STL,3,KCR,0,RHH,0,Mid,Mid,low
0,0,0,2,0,0,0.2,2026-06-23,other,823043,22,home,700669,9,58.2,31.7,40.5,37.8,R,Gordon Graceffo,STL,4,ARI,1,,1,Mid,Low,high
2,0,2,2,2,0,1.2,2026-06-24,other,823041,32,home,700669,6,58.2,31.7,40.5,37.8,R,Gordon Graceffo,STL,9,ARI,0,LHH,1,Mid,Low,medium
3,1,1,0,1,0,0.2,2026-07-01,other,824905,10,away,700669,8,51.3,55.8,59,68.1,R,Gordon Graceffo,STL,4,ATL,1,,2,Mid,Mid,high
0,0,0,0,0,0,1,2026-07-02,other,824906,9,away,700669,6,51.3,55.8,59,68.1,R,Gordon Graceffo,STL,3,ATL,0,LHH,0,Mid,Mid,medium
0,2,0,1,0,0,2,2026-07-06,other,823036,25,home,700669,8,67.4,75.3,66.3,55.3,R,Gordon Graceffo,STL,7,MIL,0,LHH,0,High,High,high
1,0,0,0,0,0,0.2,2026-07-07,other,823035,13,home,700669,7,67.4,75.3,66.3,55.3,R,Gordon Graceffo,STL,3,MIL,2,RHH,2,High,High,high
0,4,0,1,0,0,2,2026-07-09,other,823034,35,home,700669,7,67.4,75.3,66.3,55.3,R,Gordon Graceffo,STL,7,MIL,0,RHH,0,High,High,medium
0,0,0,0,0,0,1.1,2026-07-12,other,823029,14,home,700669,6,51.3,55.8,59,68.1,R,Gordon Graceffo,STL,4,ATL,0,LHH,2,Mid,Mid,high
0,2,0,0,0,0,1,2026-07-18,other,825059,14,away,700669,6,58.2,31.7,40.5,37.8,R,Gordon Graceffo,STL,3,ARI,0,RHH,0,Mid,Low,medium
2,0,2,1,2,1,1,2026-07-19,blown_save,825057,21,away,700669,8,58.2,31.7,40.5,37.8,R,Gordon Graceffo,STL,6,ARI,0,RHH,0,Mid,Low,high
3,2,1,0,1,0,1,2026-07-23,other,823042,30,home,700669,9,58.2,31.7,40.5,37.8,R,Gordon Graceffo,STL,6,ARI,0,,0,Mid,Low,high
1,4,0,2,0,0,2,2026-07-25,other,823027,38,home,700669,8,32.7,40.9,35.4,31,R,Gordon Graceffo,STL,9,CIN,0,LHH,0,Low,Low,high
1,2,1,1,1,0,2.1,2026-07-28,other,823026,38,home,700669,2,62.9,82.6,69.2,58.4,R,Gordon Graceffo,STL,9,CHC,0,LHH,2,Mid,High,low
1,0,0,1,0,0,0.2,2026-07-31,other,822782,13,away,700669,8,54.7,7.6,29.4,36.4,R,Gordon Graceffo,STL,3,TOR,2,RHH,2,Mid,Low,high
0,2,0,0,0,0,2,2026-08-03,other,823520,24,away,700669,8,38.8,75.1,66.4,76,R,Gordon Graceffo,STL,6,NYY,0,LHH,0,Low,High,high
2,0,2,1,2,0,1.2,2026-08-10,other,823018,28,home,700669,7,32.1,30.7,33.4,37.3,R,Gordon Graceffo,STL,7,PHI,0,LHH,3,Low,Low,high
0,0,0,0,0,0,1.2,2026-08-12,other,823017,22,home,700669,7,32.1,30.7,33.4,37.3,R,Gordon Graceffo,STL,5,PHI,0,RHH,0,Low,Low,medium
4,4,1,0,1,1,3.2,2026-05-31,save,823053,61,home,690928,6,62.9,82.6,69.2,58.4,R,Hunter Dobbins,STL,15,CHC,0,RHH,0,Mid,High,low
4,6,0,2,0,0,5,2026-06-05,other,823049,78,home,690928,5,32.7,40.9,35.4,31,R,Hunter Dobbins,STL,19,CIN,0,RHH,0,Low,Low,medium
7,4,4,1,4,1,5.1,2026-07-27,other,823025,85,home,690928,4,62.9,82.6,69.2,58.4,R,Hunter Dobbins,STL,24,CHC,0,RHH,2,Mid,High,medium
1,0,2,1,2,0,0.1,2026-03-26,other,823081,9,home,677865,6,77.8,34.8,51.2,51,R,Justin Bruihl,STL,3,TBR,2,LHH,3,High,Mid,high
1,2,0,1,0,0,2,2026-03-29,other,823079,29,home,677865,5,77.8,34.8,51.2,51,R,Justin Bruihl,STL,8,TBR,0,RHH,0,High,Mid,medium
0,0,0,1,0,0,1,2026-04-01,other,823078,12,home,677865,10,30.6,40,42.5,53.8,R,Justin Bruihl,STL,4,NYM,0,,0,Low,Low,high
2,0,0,0,0,0,0.2,2026-04-03,other,824299,15,away,677865,5,43.2,42.5,49.7,62.5,R,Justin Bruihl,STL,4,DET,1,LHH,1,Low,Low,medium
0,1,1,1,1,0,1.1,2026-04-04,other,824295,27,away,677865,4,43.2,42.5,49.7,62.5,R,Justin Bruihl,STL,5,DET,1,,1,Low,Low,low
1,0,1,2,1,0,0.2,2026-04-06,blown_save,822755,23,away,677865,6,43.7,67,67.7,85.6,R,Justin Bruihl,STL,5,WSN,0,RHH,0,Low,High,medium
0,0,0,0,0,0,0.1,2026-04-08,hold,822753,2,away,677865,8,43.7,67,67.7,85.6,R,Justin Bruihl,STL,1,WSN,0,LHH,0,Low,High,high
0,1,0,0,0,0,1,2026-04-11,other,823074,11,home,677865,7,43,41.3,32.9,16,R,Justin Bruihl,STL,3,BOS,0,,3,Low,Low,high
1,1,2,1,2,1,1,2026-04-13,other,823073,20,home,677865,6,50,36.8,42.8,44.4,R,Justin Bruihl,STL,5,CLE,0,RHH,0,Mid,Low,medium
2,1,2,1,2,0,0.2,2026-04-15,hold,823071,24,home,677865,7,50,36.8,42.8,44.4,R,Justin Bruihl,STL,5,CLE,0,RHH,0,Mid,Low,medium
0,0,0,0,0,0,1,2026-04-17,hold,824207,9,away,677865,6,38.5,45.2,48.8,60.3,R,Justin Bruihl,STL,3,HOU,0,LHH,0,Low,Low,medium
1,0,1,0,0,0,0.2,2026-04-19,hold,824205,16,away,677865,10,38.5,45.2,48.8,60.3,R,Justin Bruihl,STL,3,HOU,0,LHH,0,Low,Low,high
0,0,0,0,0,0,1.2,2026-04-21,other,823880,27,away,677865,6,40.1,39.3,48.6,65.4,R,Justin Bruihl,STL,7,MIA,0,,1,Low,Low,medium
0,0,0,2,0,0,1,2026-04-24,other,823069,20,home,677865,6,43.3,45.2,49.2,57.9,R,Justin Bruihl,STL,5,SEA,0,LHH,0,Low,Low,medium
0,0,0,0,0,0,1,2026-04-25,hold,823070,13,home,677865,5,43.3,45.2,49.2,57.9,R,Justin Bruihl,STL,3,SEA,1,LHH,1,Low,Low,medium
3,1,3,1,2,0,1,2026-04-28,other,823390,25,away,677865,8,33.5,60.7,62.1,84.2,R,Justin Bruihl,STL,6,PIT,0,,0,Low,Mid,high
1,0,0,0,0,0,0.2,2026-04-30,other,823391,18,away,677865,5,33.5,60.7,62.1,84.2,R,Justin Bruihl,STL,3,PIT,2,LHH,2,Low,Mid,low
0,2,0,1,0,0,1,2026-05-03,other,823065,16,home,677865,7,68.3,95.7,82.8,78.2,R,Justin Bruihl,STL,5,LAD,0,RHH,0,High,High,medium
1,2,0,0,0,0,1,2026-05-09,other,823304,15,away,677865,7,40.5,52.4,53.2,63.3,R,Justin Bruihl,STL,4,SDP,0,,0,Low,Mid,high
2,0,1,0,1,0,0.1,2026-05-13,other,825010,11,away,677865,7,42.3,37.3,48.1,64.7,R,Justin Bruihl,STL,3,ATH,0,RHH,0,Low,Low,high
0,0,0,0,0,0,1,2026-05-16,hold,823060,10,home,677865,8,57,42.9,50.8,55.5,R,Justin Bruihl,STL,3,KCR,0,RHH,0,Mid,Mid,high
1,1,0,1,0,0,0.1,2026-05-17,other,823058,14,home,677865,8,57,42.9,50.8,55.5,R,Justin Bruihl,STL,3,KCR,0,LHH,1,Mid,Mid,high
0,2,0,0,0,0,2,2026-05-20,other,823057,23,home,677865,6,33.5,60.7,62.1,84.2,R,Justin Bruihl,STL,6,PIT,1,RHH,3,Low,Mid,high
3,0,2,0,2,1,0.2,2026-05-21,other,823056,16,home,677865,7,33.5,60.7,62.1,84.2,R,Justin Bruihl,STL,5,PIT,0,LHH,0,Low,Mid,medium
2,0,1,0,1,0,0.1,2026-05-23,other,824516,13,away,677865,6,32.7,40.9,35.4,31,R,Justin Bruihl,STL,3,CIN,0,RHH,0,Low,Low,medium
2,2,0,0,0,0,2,2026-05-26,other,823785,28,away,677865,6,67.4,75.3,66.3,55.3,R,Justin Bruihl,STL,7,MIL,0,LHH,0,High,High,low
1,1,0,0,0,0,1,2026-05-29,other,823055,16,home,677865,4,62.9,82.6,69.2,58.4,R,Justin Bruihl,STL,5,CHC,0,RHH,0,Mid,High,medium
1,0,0,0,0,0,0.1,2026-05-30,other,823054,6,home,677865,6,62.9,82.6,69.2,58.4,R,Justin Bruihl,STL,3,CHC,2,LHH,2,Mid,High,high
1,1,0,0,0,0,1.1,2026-06-01,other,823050,19,home,677865,7,36.6,27.1,36.4,46.9,R,Justin Bruihl,STL,5,TEX,0,LHH,0,Low,Low,high
1,2,0,0,0,0,2,2026-06-09,other,823620,21,away,677865,7,30.6,40,42.5,53.8,R,Justin Bruihl,STL,7,NYM,0,LHH,0,Low,Low,medium
2,1,1,0,1,0,0.1,2026-06-11,blown_hold,823619,10,away,677865,5,30.6,40,42.5,53.8,R,Justin Bruihl,STL,3,NYM,0,LHH,0,Low,Low,medium
2,0,0,0,0,0,0.1,2026-06-17,other,823044,12,home,677865,8,40.5,52.4,53.2,63.3,R,Justin Bruihl,STL,3,SDP,0,LHH,0,Low,Mid,high
4,2,2,0,1,0,2.2,2026-06-18,other,824098,39,away,677865,6,57,42.9,50.8,55.5,R,Justin Bruihl,STL,12,KCR,0,,0,Mid,Mid,low
2,2,1,1,0,0,2,2026-06-24,other,823041,43,home,677865,8,58.2,31.7,40.5,37.8,R,Justin Bruihl,STL,10,ARI,0,RHH,0,Mid,Low,high
0,0,0,0,0,0,0.1,2026-06-26,other,823039,2,home,677865,9,40.1,39.3,48.6,65.4,R,Justin Bruihl,STL,1,MIA,0,LHH,1,Low,Low,high
1,2,0,0,0,0,2,2026-06-27,other,823038,21,home,677865,8,40.1,39.3,48.6,65.4,R,Justin Bruihl,STL,7,MIA,0,LHH,0,Low,Low,high
1,0,2,1,1,0,0.1,2026-07-01,other,824905,14,away,677865,8,51.3,55.8,59,68.1,R,Justin Bruihl,STL,4,ATL,0,LHH,0,Mid,Mid,high
1,2,0,0,0,0,2.2,2026-07-02,other,824906,40,away,677865,1,51.3,55.8,59,68.1,R,Justin Bruihl,STL,10,ATL,0,LHH,2,Mid,Mid,medium
1,0,1,1,1,0,1.1,2026-07-06,other,823036,23,home,677865,5,67.4,75.3,66.3,55.3,R,Justin Bruihl,STL,6,MIL,0,LHH,2,High,High,medium
1,1,0,1,0,0,2,2026-07-07,other,823062,30,home,677865,8,67.4,75.3,66.3,55.3,R,Justin Bruihl,STL,8,MIL,0,LHH,0,High,High,high
0,1,0,0,0,0,1.2,2026-07-10,other,823033,23,home,677865,5,51.3,55.8,59,68.1,R,Justin Bruihl,STL,6,ATL,0,LHH,1,Mid,Mid,medium
3,1,1,1,1,0,1.2,2026-07-12,other,823029,34,home,677865,5,51.3,55.8,59,68.1,R,Justin Bruihl,STL,8,ATL,0,LHH,0,Mid,Mid,medium
0,0,0,1,0,0,1,2026-07-18,other,825059,21,away,677865,7,58.2,31.7,40.5,37.8,R,Justin Bruihl,STL,4,ARI,0,,0,Mid,Low,medium
2,1,2,0,2,0,1,2026-07-23,other,823042,15,home,677865,7,58.2,31.7,40.5,37.8,R,Justin Bruihl,STL,5,ARI,0,,0,Mid,Low,high
1,1,0,1,0,0,0.2,2026-07-26,other,823028,9,home,677865,10,32.7,40.9,35.4,31,R,Justin Bruihl,STL,4,CIN,2,,2,Low,Low,high
2,4,0,0,0,0,2,2026-07-28,other,823026,36,home,677865,5,62.9,82.6,69.2,58.4,R,Justin Bruihl,STL,8,CHC,1,,1,Mid,High,low
0,0,0,0,0,0,1,2026-07-29,other,823022,11,home,677865,6,62.9,82.6,69.2,58.4,R,Justin Bruihl,STL,3,CHC,0,LHH,0,Mid,High,medium
2,1,0,0,0,0,0.1,2026-07-31,other,822782,16,away,677865,7,54.7,7.6,29.4,36.4,R,Justin Bruihl,STL,3,TOR,0,RHH,0,Mid,Low,high
2,0,1,0,1,1,1.2,2026-08-03,other,823520,24,away,677865,5,38.8,75.1,66.4,76,R,Justin Bruihl,STL,6,NYY,0,LHH,0,Low,High,medium
1,0,0,1,0,0,0.2,2026-08-05,hold,823516,15,away,677865,7,38.8,75.1,66.4,76,R,Justin Bruihl,STL,4,NYY,0,LHH,0,Low,High,high
0,0,0,0,0,0,1,2026-08-07,hold,823024,10,home,677865,6,34.5,31.8,26.1,13.5,R,Justin Bruihl,STL,3,COL,0,RHH,0,Low,Low,medium
0,1,0,0,0,0,1.1,2026-08-09,hold,823020,9,home,677865,6,34.5,31.8,26.1,13.5,R,Justin Bruihl,STL,4,COL,0,RHH,0,Low,Low,medium
1,1,0,0,0,0,1,2026-08-10,other,823018,14,home,677865,9,32.1,30.7,33.4,37.3,R,Justin Bruihl,STL,4,PHI,0,LHH,0,Low,Low,high
0,0,0,1,0,0,1.1,2026-08-12,other,823017,16,home,677865,6,32.1,30.7,33.4,37.3,R,Justin Bruihl,STL,4,PHI,0,LHH,0,Low,Low,low
1,0,0,0,0,0,0.2,2026-07-08,other,823032,8,home,703725,7,67.4,75.3,66.3,55.3,R,Luis Gastelum,STL,3,MIL,1,RHH,2,High,High,high
2,1,1,0,1,1,1,2026-07-09,other,823034,19,home,703725,6,67.4,75.3,66.3,55.3,R,Luis Gastelum,STL,5,MIL,0,RHH,1,High,High,medium
2,2,1,0,1,1,1,2026-07-11,other,823030,19,home,703725,7,51.3,55.8,59,68.1,R,Luis Gastelum,STL,5,ATL,0,RHH,0,Mid,Mid,medium
1,1,2,1,2,1,1,2026-07-17,blown_save,825060,18,away,703725,8,58.2,31.7,40.5,37.8,R,Luis Gastelum,STL,5,ARI,0,LHH,0,Mid,Low,high
1,2,1,0,0,0,1.1,2026-07-19,other,825057,20,away,703725,9,58.2,31.7,40.5,37.8,R,Luis Gastelum,STL,5,ARI,0,LHH,0,Mid,Low,high
1,1,0,0,0,0,1,2026-07-22,hold,824004,15,away,703725,7,22.6,13.1,27.4,47.2,R,Luis Gastelum,STL,3,LAA,0,LHH,0,Low,Low,high
1,0,1,2,1,0,1,2026-07-24,other,823031,20,home,703725,9,32.7,40.9,35.4,31,R,Luis Gastelum,STL,5,CIN,0,LHH,0,Low,Low,high
0,1,0,1,0,0,1,2026-07-26,other,823028,15,home,703725,7,32.7,40.9,35.4,31,R,Luis Gastelum,STL,4,CIN,0,RHH,0,Low,Low,high
2,0,2,0,1,1,1,2026-07-29,other,823022,13,home,703725,10,62.9,82.6,69.2,58.4,R,Luis Gastelum,STL,4,CHC,0,,0,Mid,High,high
2,0,2,0,1,0,1,2026-07-30,other,823023,21,home,703725,10,62.9,82.6,69.2,58.4,R,Luis Gastelum,STL,5,CHC,0,LHH,0,Mid,High,high
2,0,3,0,3,0,1.1,2026-08-01,other,822781,23,away,703725,6,54.7,7.6,29.4,36.4,R,Luis Gastelum,STL,7,TOR,0,RHH,1,Mid,Low,medium
1,2,2,1,2,1,2,2026-08-08,other,823021,33,home,703725,6,34.5,31.8,26.1,13.5,R,Luis Gastelum,STL,8,COL,0,RHH,0,Low,Low,medium
0,3,0,0,0,0,1.1,2026-08-10,other,823018,14,home,703725,6,32.1,30.7,33.4,37.3,R,Luis Gastelum,STL,4,PHI,0,LHH,0,Low,Low,medium
0,2,0,1,0,0,1,2026-08-12,other,823017,14,home,703725,9,32.1,30.7,33.4,37.3,R,Luis Gastelum,STL,4,PHI,0,LHH,0,Low,Low,high
3,1,1,0,1,0,2,2026-07-28,other,823026,30,home,657265,7,62.9,82.6,69.2,58.4,R,Peter Strzelecki,STL,8,CHC,0,RHH,0,Mid,High,medium
0,0,2,2,2,0,1,2026-07-31,other,822782,17,away,657265,7,54.7,7.6,29.4,36.4,R,Peter Strzelecki,STL,5,TOR,0,RHH,2,Mid,Low,high
1,1,0,1,0,0,1.2,2026-08-01,other,822781,30,away,657265,7,54.7,7.6,29.4,36.4,R,Peter Strzelecki,STL,7,TOR,2,RHH,2,Mid,Low,high
1,0,1,0,1,0,2,2026-08-08,other,823021,30,home,657265,8,34.5,31.8,26.1,13.5,R,Peter Strzelecki,STL,7,COL,0,LHH,0,Low,Low,high
1,2,0,0,0,0,1.1,2026-03-26,other,823081,17,home,676617,7,77.8,34.8,51.2,51,R,Riley O'Brien,STL,5,TBR,0,RHH,2,High,Mid,high
2,0,0,0,0,0,1,2026-03-28,hold,823082,9,home,676617,7,77.8,34.8,51.2,51,R,Riley O'Brien,STL,4,TBR,0,,0,High,Mid,high
0,0,0,0,0,0,1,2026-03-31,save,823077,11,home,676617,9,30.6,40,42.5,53.8,R,Riley O'Brien,STL,3,NYM,0,LHH,0,Low,Low,high
1,2,0,0,0,0,1,2026-04-01,other,823078,16,home,676617,9,30.6,40,42.5,53.8,R,Riley O'Brien,STL,4,NYM,0,,0,Low,Low,high
0,1,0,0,0,0,1,2026-04-05,save,824296,13,away,676617,9,43.2,42.5,49.7,62.5,R,Riley O'Brien,STL,3,DET,0,RHH,0,Low,Low,high
0,2,1,0,0,0,1,2026-04-07,save,822754,16,away,676617,10,43.7,67,67.7,85.6,R,Riley O'Brien,STL,4,WSN,0,LHH,0,Low,High,high
0,0,0,0,0,0,1,2026-04-08,other,822753,15,away,676617,9,43.7,67,67.7,85.6,R,Riley O'Brien,STL,3,WSN,0,LHH,0,Low,High,high
0,1,0,0,0,0,1,2026-04-10,save,823076,8,home,676617,9,43,41.3,32.9,16,R,Riley O'Brien,STL,3,BOS,0,LHH,0,Low,Low,high
0,1,0,0,0,0,1,2026-04-14,other,823072,15,home,676617,10,50,36.8,42.8,44.4,R,Riley O'Brien,STL,3,CLE,0,LHH,0,Mid,Low,high
0,2,0,0,0,0,1,2026-04-15,save,823071,15,home,676617,9,50,36.8,42.8,44.4,R,Riley O'Brien,STL,3,CLE,0,LHH,0,Mid,Low,high
0,1,0,0,0,0,0.2,2026-04-18,save,824206,7,away,676617,9,38.5,45.2,48.8,60.3,R,Riley O'Brien,STL,2,HOU,0,,0,Low,Low,high
1,2,0,0,0,0,1.1,2026-04-19,blown_save,824205,19,away,676617,8,38.5,45.2,48.8,60.3,R,Riley O'Brien,STL,4,HOU,2,RHH,2,Low,Low,high
1,1,0,0,0,0,1,2026-04-21,save,823880,17,away,676617,9,40.1,39.3,48.6,65.4,R,Riley O'Brien,STL,4,MIA,0,LHH,0,Low,Low,high
4,1,2,1,2,0,1,2026-04-25,blown_save,823070,39,home,676617,8,43.3,45.2,49.2,57.9,R,Riley O'Brien,STL,9,SEA,2,,2,Low,Low,high
1,1,0,0,0,0,1,2026-04-29,save,823392,11,away,676617,9,33.5,60.7,62.1,84.2,R,Riley O'Brien,STL,4,PIT,0,,0,Low,Mid,high
4,2,2,0,2,0,1,2026-05-02,save,823067,26,home,676617,9,68.3,95.7,82.8,78.2,R,Riley O'Brien,STL,7,LAD,0,LHH,0,High,High,high
0,0,0,0,0,0,0.2,2026-05-04,save,823064,3,home,676617,9,67.4,75.3,66.3,55.3,R,Riley O'Brien,STL,2,MIL,0,,1,High,High,high
0,1,0,0,0,0,1,2026-05-07,save,823306,10,away,676617,9,40.5,52.4,53.2,63.3,R,Riley O'Brien,STL,3,SDP,0,RHH,0,Low,Mid,high
2,3,2,0,2,1,1,2026-05-10,blown_save,823305,31,away,676617,9,40.5,52.4,53.2,63.3,R,Riley O'Brien,STL,5,SDP,0,RHH,0,Low,Mid,high
0,0,0,1,0,0,1,2026-05-12,save,825011,13,away,676617,9,42.3,37.3,48.1,64.7,R,Riley O'Brien,STL,3,ATH,0,LHH,0,Low,Low,high
0,2,0,0,0,0,1,2026-05-14,save,825008,16,away,676617,9,42.3,37.3,48.1,64.7,R,Riley O'Brien,STL,4,ATH,0,,0,Low,Low,high
1,0,0,0,0,0,1,2026-05-15,other,823061,10,home,676617,9,57,42.9,50.8,55.5,R,Riley O'Brien,STL,3,KCR,0,LHH,0,Mid,Mid,high
2,0,2,1,2,0,1,2026-05-19,blown_save,823059,22,home,676617,9,33.5,60.7,62.1,84.2,R,Riley O'Brien,STL,7,PIT,0,LHH,0,Low,Mid,high
0,2,1,1,0,0,1.1,2026-05-23,other,824516,20,away,676617,10,32.7,40.9,35.4,31,R,Riley O'Brien,STL,6,CIN,0,RHH,2,Low,Low,high
1,0,1,0,1,0,1,2026-05-29,save,823055,14,home,676617,9,62.9,82.6,69.2,58.4,R,Riley O'Brien,STL,4,CHC,0,,0,Mid,High,high
3,2,3,1,3,0,1,2026-06-02,other,823052,32,home,676617,9,36.6,27.1,36.4,46.9,R,Riley O'Brien,STL,7,TEX,0,LHH,0,Low,Low,high
0,0,0,1,0,0,1,2026-06-03,save,823051,13,home,676617,9,36.6,27.1,36.4,46.9,R,Riley O'Brien,STL,4,TEX,0,RHH,0,Low,Low,high
2,1,0,1,0,0,1,2026-06-06,save,823048,23,home,676617,9,32.7,40.9,35.4,31,R,Riley O'Brien,STL,6,CIN,0,,0,Low,Low,high
1,1,0,0,0,0,1,2026-06-07,save,823047,15,home,676617,9,32.7,40.9,35.4,31,R,Riley O'Brien,STL,4,CIN,0,RHH,0,Low,Low,high
0,1,1,3,1,0,1,2026-06-13,other,823694,31,away,676617,9,39.7,33.8,47.1,67.6,R,Riley O'Brien,STL,6,MIN,0,LHH,0,Low,Low,high
0,0,0,1,0,0,1,2026-06-16,save,823045,13,home,676617,9,40.5,52.4,53.2,63.3,R,Riley O'Brien,STL,4,SDP,0,RHH,0,Low,Mid,high
2,1,2,0,2,1,1,2026-06-21,other,824095,12,away,676617,9,57,42.9,50.8,55.5,R,Riley O'Brien,STL,7,KCR,0,LHH,0,Mid,Mid,high
0,0,0,0,0,0,1,2026-06-22,save,823040,17,home,676617,9,58.2,31.7,40.5,37.8,R,Riley O'Brien,STL,3,ARI,0,RHH,0,Mid,Low,high
0,1,0,0,0,0,1,2026-06-28,save,823037,15,home,676617,9,40.1,39.3,48.6,65.4,R,Riley O'Brien,STL,3,MIA,0,RHH,0,Low,Low,high
1,0,0,0,0,0,1,2026-06-30,save,824907,9,away,676617,9,51.3,55.8,59,68.1,R,Riley O'Brien,STL,4,ATL,0,LHH,0,Mid,Mid,high
0,1,0,1,0,0,1,2026-07-04,save,824658,13,away,676617,9,62.9,82.6,69.2,58.4,R,Riley O'Brien,STL,3,CHC,0,LHH,0,Mid,High,high
1,1,0,0,0,0,1,2026-07-08,other,823032,15,home,676617,9,67.4,75.3,66.3,55.3,R,Riley O'Brien,STL,4,MIL,0,LHH,0,High,High,high
0,2,0,0,0,0,1,2026-07-10,save,823033,12,home,676617,9,51.3,55.8,59,68.1,R,Riley O'Brien,STL,3,ATL,0,LHH,0,Mid,Mid,high
0,1,0,1,0,0,1,2026-07-11,save,823030,18,home,676617,9,51.3,55.8,59,68.1,R,Riley O'Brien,STL,5,ATL,0,RHH,0,Mid,Mid,high
1,1,0,1,0,0,1,2026-07-17,save,825060,16,away,676617,9,58.2,31.7,40.5,37.8,R,Riley O'Brien,STL,4,ARI,0,,0,Mid,Low,high
2,1,2,1,2,0,0.1,2026-07-20,blown_save,824006,21,away,676617,9,22.6,13.1,27.4,47.2,R,Riley O'Brien,STL,6,LAA,0,RHH,0,Low,Low,high
0,3,0,2,0,0,1,2026-07-22,save,824004,26,away,676617,9,22.6,13.1,27.4,47.2,R,Riley O'Brien,STL,5,LAA,0,RHH,0,Low,Low,high
0,1,0,1,0,0,1,2026-07-29,other,823022,18,home,676617,9,62.9,82.6,69.2,58.4,R,Riley O'Brien,STL,5,CHC,0,LHH,0,Mid,High,high
0,1,0,0,0,0,1,2026-07-30,other,823023,17,home,676617,9,62.9,82.6,69.2,58.4,R,Riley O'Brien,STL,3,CHC,0,RHH,0,Mid,High,high
1,1,0,0,0,0,1,2026-08-02,other,822783,18,away,676617,9,54.7,7.6,29.4,36.4,R,Riley O'Brien,STL,4,TOR,0,RHH,0,Mid,Low,high
0,1,0,1,0,0,1,2026-08-05,save,823516,22,away,676617,9,38.8,75.1,66.4,76,R,Riley O'Brien,STL,4,NYY,0,,0,Low,High,high
0,0,0,1,0,0,1,2026-08-07,save,823024,14,home,676617,9,34.5,31.8,26.1,13.5,R,Riley O'Brien,STL,3,COL,0,RHH,0,Low,Low,high
0,0,0,0,0,0,1,2026-08-09,save,823020,8,home,676617,9,34.5,31.8,26.1,13.5,R,Riley O'Brien,STL,3,COL,0,LHH,0,Low,Low,high
0,1,0,0,0,0,1,2026-08-11,save,823019,8,home,676617,9,32.1,30.7,33.4,37.3,R,Riley O'Brien,STL,3,PHI,0,LHH,0,Low,Low,high
0,1,0,3,0,0,1,2026-03-26,save,823081,26,home,592773,9,77.8,34.8,51.2,51,R,Ryne Stanek,STL,6,TBR,0,,0,High,Mid,high
3,2,2,0,1,0,1.1,2026-03-28,blown_save,823082,27,home,592773,9,77.8,34.8,51.2,51,R,Ryne Stanek,STL,6,TBR,2,RHH,2,High,Mid,high
0,1,0,1,0,0,1,2026-03-31,hold,823077,22,home,592773,7,30.6,40,42.5,53.8,R,Ryne Stanek,STL,4,NYM,0,,0,Low,Low,high
1,1,0,0,0,0,0.2,2026-04-01,other,823078,16,home,592773,7,30.6,40,42.5,53.8,R,Ryne Stanek,STL,4,NYM,0,RHH,0,Low,Low,high
0,2,0,1,0,0,1,2026-04-05,hold,824296,23,away,592773,8,43.2,42.5,49.7,62.5,R,Ryne Stanek,STL,4,DET,0,RHH,0,Low,Low,high
3,1,3,0,3,1,0.2,2026-04-06,other,822755,23,away,592773,7,43.7,67,67.7,85.6,R,Ryne Stanek,STL,5,WSN,0,LHH,1,Low,High,high
0,1,0,0,0,0,1,2026-04-10,hold,823076,10,home,592773,7,43,41.3,32.9,16,R,Ryne Stanek,STL,3,BOS,0,RHH,0,Low,Low,high
4,0,3,0,3,0,0.2,2026-04-14,other,823072,30,home,592773,8,50,36.8,42.8,44.4,R,Ryne Stanek,STL,6,CLE,0,LHH,0,Mid,Low,high
2,3,1,2,1,0,1,2026-04-17,other,824207,29,away,592773,8,38.5,45.2,48.8,60.3,R,Ryne Stanek,STL,7,HOU,0,RHH,0,Low,Low,high
0,0,0,0,0,0,1,2026-04-19,hold,824205,10,away,592773,7,38.5,45.2,48.8,60.3,R,Ryne Stanek,STL,3,HOU,0,RHH,0,Low,Low,medium
1,2,2,3,2,0,0.2,2026-04-21,other,823880,32,away,592773,8,40.1,39.3,48.6,65.4,R,Ryne Stanek,STL,6,MIA,0,RHH,0,Low,Low,high
1,0,0,0,0,0,0.2,2026-04-25,other,823070,10,home,592773,7,43.3,45.2,49.2,57.9,R,Ryne Stanek,STL,3,SEA,0,RHH,0,Low,Low,high
0,3,0,0,0,0,1,2026-04-26,other,823068,22,home,592773,8,43.3,45.2,49.2,57.9,R,Ryne Stanek,STL,3,SEA,0,LHH,0,Low,Low,high
1,0,2,2,2,0,0.1,2026-04-29,other,823392,22,away,592773,7,33.5,60.7,62.1,84.2,R,Ryne Stanek,STL,4,PIT,0,,0,Low,Mid,medium
1,1,0,0,0,0,1,2026-04-30,other,823391,15,away,592773,8,33.5,60.7,62.1,84.2,R,Ryne Stanek,STL,4,PIT,0,,0,Low,Mid,high
1,1,0,1,0,0,1,2026-05-02,hold,823067,22,home,592773,7,68.3,95.7,82.8,78.2,R,Ryne Stanek,STL,5,LAD,0,RHH,0,High,High,medium
0,1,0,0,0,0,1,2026-05-04,other,823064,7,home,592773,8,67.4,75.3,66.3,55.3,R,Ryne Stanek,STL,3,MIL,0,LHH,0,High,High,high
0,1,0,0,0,0,1,2026-05-08,other,823303,15,away,592773,9,40.5,52.4,53.2,63.3,R,Ryne Stanek,STL,3,SDP,0,RHH,0,Low,Mid,high
0,2,0,0,0,0,1,2026-05-10,hold,823305,10,away,592773,6,40.5,52.4,53.2,63.3,R,Ryne Stanek,STL,3,SDP,0,RHH,0,Low,Mid,medium
0,1,0,1,0,0,1,2026-05-12,hold,825011,17,away,592773,6,42.3,37.3,48.1,64.7,R,Ryne Stanek,STL,4,ATH,0,,0,Low,Low,medium
1,1,2,1,2,1,0.1,2026-05-14,hold,825008,16,away,592773,7,42.3,37.3,48.1,64.7,R,Ryne Stanek,STL,3,ATH,0,RHH,0,Low,Low,high
1,2,1,1,0,0,1,2026-05-15,other,823061,13,home,592773,10,57,42.9,50.8,55.5,R,Ryne Stanek,STL,5,KCR,0,RHH,0,Mid,Mid,high
1,0,0,1,0,0,0.2,2026-05-19,hold,823059,9,home,592773,7,33.5,60.7,62.1,84.2,R,Ryne Stanek,STL,3,PIT,0,RHH,0,Low,Mid,high
0,1,0,1,0,0,1,2026-05-23,other,824518,19,away,592773,7,32.7,40.9,35.4,31,R,Ryne Stanek,STL,4,CIN,0,RHH,0,Low,Low,medium
1,1,0,0,0,0,1,2026-05-29,hold,823055,15,home,592773,8,62.9,82.6,69.2,58.4,R,Ryne Stanek,STL,4,CHC,0,RHH,0,Mid,High,high
0,1,0,0,0,0,0.2,2026-06-01,other,823050,12,home,592773,8,36.6,27.1,36.4,46.9,R,Ryne Stanek,STL,3,TEX,0,RHH,1,Low,Low,high
1,1,0,0,0,0,1.2,2026-06-03,hold,823051,25,home,592773,7,36.6,27.1,36.4,46.9,R,Ryne Stanek,STL,6,TEX,0,,1,Low,Low,high
0,0,0,0,0,0,1,2026-06-06,other,823048,6,home,592773,7,32.7,40.9,35.4,31,R,Ryne Stanek,STL,3,CIN,0,RHH,0,Low,Low,high
0,1,0,0,0,0,0.2,2026-06-07,other,823047,9,home,592773,8,32.7,40.9,35.4,31,R,Ryne Stanek,STL,2,CIN,0,,1,Low,Low,high
3,1,3,0,3,3,1.1,2026-06-12,blown_save,823695,23,away,592773,7,39.7,33.8,47.1,67.6,R,Ryne Stanek,STL,7,MIN,2,LHH,2,Low,Low,high
0,1,0,0,0,0,1,2026-06-13,other,823694,9,away,592773,7,39.7,33.8,47.1,67.6,R,Ryne Stanek,STL,3,MIN,0,LHH,0,Low,Low,medium
0,2,0,0,0,0,1,2026-06-16,hold,823045,19,home,592773,8,40.5,52.4,53.2,63.3,R,Ryne Stanek,STL,3,SDP,0,RHH,0,Low,Mid,high
1,1,0,0,0,0,1,2026-06-21,other,824095,11,away,592773,7,57,42.9,50.8,55.5,R,Ryne Stanek,STL,4,KCR,0,,0,Mid,Mid,medium
2,0,1,0,1,1,0.2,2026-06-22,hold,823040,11,home,592773,7,58.2,31.7,40.5,37.8,R,Ryne Stanek,STL,4,ARI,0,RHH,0,Mid,Low,high
1,0,0,0,0,0,0.2,2026-06-28,hold,823037,10,home,592773,7,40.1,39.3,48.6,65.4,R,Ryne Stanek,STL,2,MIA,0,,0,Low,Low,high
0,1,0,0,0,0,1,2026-07-03,other,824659,13,away,592773,9,62.9,82.6,69.2,58.4,R,Ryne Stanek,STL,3,CHC,0,LHH,0,Mid,High,high
1,1,0,0,0,0,1,2026-07-04,hold,824658,11,away,592773,7,62.9,82.6,69.2,58.4,R,Ryne Stanek,STL,4,CHC,0,RHH,0,Mid,High,high
1,0,0,1,0,0,1,2026-07-06,blown_save,823036,11,home,592773,7,67.4,75.3,66.3,55.3,R,Ryne Stanek,STL,4,MIL,2,,2,High,High,high
0,0,0,1,0,0,1,2026-07-10,other,823033,21,home,592773,7,51.3,55.8,59,68.1,R,Ryne Stanek,STL,4,ATL,0,,0,Mid,Mid,high
1,1,0,0,0,0,1,2026-07-12,other,823029,19,home,592773,8,51.3,55.8,59,68.1,R,Ryne Stanek,STL,4,ATL,0,RHH,0,Mid,Mid,high
1,0,1,1,1,0,0.2,2026-07-19,hold,825057,18,away,592773,6,58.2,31.7,40.5,37.8,R,Ryne Stanek,STL,4,ARI,1,RHH,3,Mid,Low,high
0,1,0,1,0,0,1,2026-07-20,hold,824006,13,away,592773,7,22.6,13.1,27.4,47.2,R,Ryne Stanek,STL,4,LAA,0,,0,Low,Low,high
0,2,0,0,0,0,1,2026-07-24,other,823031,16,home,592773,8,32.7,40.9,35.4,31,R,Ryne Stanek,STL,3,CIN,0,RHH,0,Low,Low,high
0,0,0,0,0,0,1,2026-07-26,other,823028,9,home,592773,8,32.7,40.9,35.4,31,R,Ryne Stanek,STL,3,CIN,0,LHH,0,Low,Low,high
0,2,0,2,0,0,1,2026-07-29,other,823022,28,home,592773,7,62.9,82.6,69.2,58.4,R,Ryne Stanek,STL,5,CHC,0,LHH,0,Mid,High,high
1,0,0,0,0,0,1,2026-07-30,other,823023,12,home,592773,8,62.9,82.6,69.2,58.4,R,Ryne Stanek,STL,3,CHC,0,RHH,0,Mid,High,high
1,1,0,0,0,0,1,2026-08-02,hold,822783,15,away,592773,7,54.7,7.6,29.4,36.4,R,Ryne Stanek,STL,4,TOR,0,RHH,0,Mid,Low,high
3,1,3,0,3,2,0.1,2026-08-03,hold,823520,11,away,592773,7,38.8,75.1,66.4,76,R,Ryne Stanek,STL,4,NYY,0,LHH,0,Low,High,high
0,2,0,2,0,0,1,2026-08-05,hold,823516,24,away,592773,8,38.8,75.1,66.4,76,R,Ryne Stanek,STL,5,NYY,0,LHH,0,Low,High,high
1,0,0,0,0,0,0.2,2026-08-07,hold,823024,10,home,592773,8,34.5,31.8,26.1,13.5,R,Ryne Stanek,STL,3,COL,0,LHH,0,Low,Low,high
0,0,0,0,0,0,1,2026-08-11,hold,823019,4,home,592773,8,32.1,30.7,33.4,37.3,R,Ryne Stanek,STL,2,PHI,0,,3,Low,Low,high
0,2,0,0,0,0,1,2026-03-28,other,823082,13,away,641329,9,41,40.4,42.1,44.7,R,Bryan Baker,TBR,3,STL,0,LHH,0,Low,Low,high
0,0,0,0,0,0,1,2026-03-29,other,823079,10,away,641329,9,41,40.4,42.1,44.7,R,Bryan Baker,TBR,3,STL,0,RHH,0,Low,Low,high
0,2,0,0,0,0,1,2026-04-05,other,823729,14,away,641329,9,39.7,33.8,47.1,67.6,R,Bryan Baker,TBR,3,MIN,0,RHH,0,Low,Low,high
1,2,1,0,1,1,1,2026-04-06,save,823002,14,home,641329,9,62.9,82.6,69.2,58.4,R,Bryan Baker,TBR,4,CHC,0,,0,Mid,High,high
2,1,0,0,0,0,1,2026-04-10,save,822997,16,home,641329,9,38.8,75.1,66.4,76,R,Bryan Baker,TBR,5,NYY,0,RHH,0,Low,High,high
2,0,2,1,2,0,1,2026-04-11,blown_save,822996,20,home,641329,8,38.8,75.1,66.4,76,R,Bryan Baker,TBR,6,NYY,0,,0,Low,High,high
0,0,0,0,0,0,0.1,2026-04-14,save,824616,6,away,641329,9,32.2,45.8,54.2,79.5,R,Bryan Baker,TBR,1,CHW,0,LHH,1,Low,Mid,high
0,0,0,1,0,0,1,2026-04-16,save,824614,20,away,641329,9,32.2,45.8,54.2,79.5,R,Bryan Baker,TBR,4,CHW,0,LHH,0,Low,Mid,high
2,2,1,1,1,0,1,2026-04-18,blown_save,823394,31,away,641329,8,33.5,60.7,62.1,84.2,R,Bryan Baker,TBR,6,PIT,0,LHH,0,Low,Mid,high
0,1,0,0,0,0,1,2026-04-24,save,822992,18,home,641329,9,39.7,33.8,47.1,67.6,R,Bryan Baker,TBR,3,MIN,0,LHH,2,Low,Low,high
0,1,0,0,0,0,1,2026-04-26,save,822991,16,home,641329,9,39.7,33.8,47.1,67.6,R,Bryan Baker,TBR,3,MIN,0,LHH,0,Low,Low,high
2,2,0,0,0,0,1,2026-04-27,save,824446,23,away,641329,9,50,36.8,42.8,44.4,R,Bryan Baker,TBR,5,CLE,0,LHH,0,Mid,Low,high
0,1,0,0,0,0,1,2026-05-01,save,822990,12,home,641329,9,35.1,17.2,38.2,64.4,R,Bryan Baker,TBR,3,SFG,0,RHH,0,Low,Low,high
0,1,0,0,0,0,1,2026-05-03,other,822987,11,home,641329,9,35.1,17.2,38.2,64.4,R,Bryan Baker,TBR,3,SFG,0,RHH,0,Low,Low,high
0,0,0,0,0,0,0.1,2026-05-04,save,822984,3,home,641329,9,54.7,7.6,29.4,36.4,R,Bryan Baker,TBR,1,TOR,0,RHH,2,Mid,Low,high
0,1,0,0,0,0,1,2026-05-06,hold,822985,17,home,641329,8,54.7,7.6,29.4,36.4,R,Bryan Baker,TBR,3,TOR,0,RHH,0,Mid,Low,high
1,1,0,1,0,0,1,2026-05-10,save,824765,15,away,641329,9,43,41.3,32.9,16,R,Bryan Baker,TBR,5,BOS,0,LHH,0,Low,Low,high
0,2,0,0,0,0,1,2026-05-11,save,822818,11,away,641329,9,54.7,7.6,29.4,36.4,R,Bryan Baker,TBR,3,TOR,0,RHH,0,Mid,Low,high
0,1,1,4,1,0,0.2,2026-05-13,blown_save,822815,27,away,641329,8,54.7,7.6,29.4,36.4,R,Bryan Baker,TBR,6,TOR,0,RHH,0,Mid,Low,high
2,3,1,0,1,0,1,2026-05-16,other,822981,18,home,641329,9,40.1,39.3,48.6,65.4,R,Bryan Baker,TBR,5,MIA,0,RHH,0,Low,Low,high
1,0,0,0,0,0,1,2026-05-17,save,822982,10,home,641329,9,40.1,39.3,48.6,65.4,R,Bryan Baker,TBR,4,MIA,0,LHH,0,Low,Low,high
0,1,0,0,0,0,1,2026-05-19,save,822979,10,home,641329,9,31.6,69.3,61.4,73.6,R,Bryan Baker,TBR,3,BAL,0,LHH,0,Low,Mid,high
0,1,0,1,0,0,1,2026-05-22,save,823546,19,away,641329,9,38.8,75.1,66.4,76,R,Bryan Baker,TBR,4,NYY,0,LHH,0,Low,High,high
0,1,0,0,0,0,1,2026-05-25,other,824838,12,away,641329,9,31.6,69.3,61.4,73.6,R,Bryan Baker,TBR,3,BAL,0,LHH,0,Low,Mid,high
1,2,0,2,0,0,1,2026-05-29,save,822978,31,home,641329,9,22.6,13.1,27.4,47.2,R,Bryan Baker,TBR,6,LAA,0,RHH,0,Low,Low,high
1,1,0,0,0,0,1,2026-05-31,save,822976,11,home,641329,9,22.6,13.1,27.4,47.2,R,Bryan Baker,TBR,4,LAA,0,,0,Low,Low,high
0,0,0,0,0,0,1,2026-06-02,other,822971,13,home,641329,8,43.2,42.5,49.7,62.5,R,Bryan Baker,TBR,3,DET,0,RHH,0,Low,Low,high
1,1,0,0,0,0,1,2026-06-08,save,822972,12,home,641329,9,43,41.3,32.9,16,R,Bryan Baker,TBR,4,BOS,0,,0,Low,Low,high
0,0,0,0,0,0,1,2026-06-09,save,822969,13,home,641329,9,43,41.3,32.9,16,R,Bryan Baker,TBR,3,BOS,0,LHH,0,Low,Low,high
0,2,0,0,0,0,1,2026-06-14,other,824021,14,away,641329,9,22.6,13.1,27.4,47.2,R,Bryan Baker,TBR,4,LAA,0,RHH,0,Low,Low,high
0,1,0,0,0,0,1,2026-06-19,save,822966,13,home,641329,9,43.7,67,67.7,85.6,R,Bryan Baker,TBR,3,WSN,0,LHH,0,Low,High,high
0,0,0,0,0,0,1,2026-06-21,hold,822968,19,home,641329,8,43.7,67,67.7,85.6,R,Bryan Baker,TBR,3,WSN,0,LHH,0,Low,High,high
1,2,1,0,1,1,1,2026-06-24,save,822965,17,home,641329,9,57,42.9,50.8,55.5,R,Bryan Baker,TBR,4,KCR,0,LHH,0,Mid,Mid,high
0,0,0,0,0,0,1,2026-06-27,save,822960,10,home,641329,9,58.2,31.7,40.5,37.8,R,Bryan Baker,TBR,3,ARI,0,LHH,0,Mid,Low,high
0,1,0,0,0,0,1,2026-07-02,save,824093,8,away,641329,9,57,42.9,50.8,55.5,R,Bryan Baker,TBR,3,KCR,0,LHH,0,Mid,Mid,high
0,1,0,0,0,0,1,2026-07-03,save,824173,12,away,641329,9,38.5,45.2,48.8,60.3,R,Bryan Baker,TBR,3,HOU,0,RHH,0,Low,Low,high
1,1,0,0,0,0,1,2026-07-07,save,822956,14,home,641329,9,38.8,75.1,66.4,76,R,Bryan Baker,TBR,4,NYY,0,LHH,0,Low,High,high
1,3,0,0,0,0,1,2026-07-08,save,822957,16,home,641329,9,38.8,75.1,66.4,76,R,Bryan Baker,TBR,4,NYY,0,LHH,0,Low,High,high
1,0,0,1,0,0,1,2026-07-20,other,822788,16,away,641329,9,54.7,7.6,29.4,36.4,R,Bryan Baker,TBR,4,TOR,0,,0,Mid,Low,high
0,1,0,0,0,0,1,2026-07-22,save,822784,9,away,641329,9,54.7,7.6,29.4,36.4,R,Bryan Baker,TBR,3,TOR,0,RHH,0,Mid,Low,high
1,0,0,0,0,0,1,2026-07-25,save,822948,14,home,641329,9,50,36.8,42.8,44.4,R,Bryan Baker,TBR,4,CLE,0,LHH,0,Mid,Low,high
0,1,0,1,0,0,1,2026-07-26,save,822950,28,home,641329,9,50,36.8,42.8,44.4,R,Bryan Baker,TBR,4,CLE,0,LHH,0,Mid,Low,high
1,0,0,0,0,0,1,2026-07-29,save,822947,20,home,641329,9,36.6,27.1,36.4,46.9,R,Bryan Baker,TBR,4,TEX,0,,0,Low,Low,high
0,2,0,2,0,0,1,2026-07-30,save,822946,30,home,641329,9,36.6,27.1,36.4,46.9,R,Bryan Baker,TBR,5,TEX,0,LHH,0,Low,Low,high
0,1,0,0,0,0,1,2026-08-01,save,822944,6,home,641329,9,32.2,45.8,54.2,79.5,R,Bryan Baker,TBR,3,CHW,0,RHH,0,Low,Mid,high
0,2,0,0,0,0,1,2026-08-04,save,824321,13,away,641329,11,34.5,31.8,26.1,13.5,R,Bryan Baker,TBR,3,COL,0,LHH,0,Low,Low,high
1,3,1,0,1,1,1,2026-08-07,save,823103,15,away,641329,9,43.3,45.2,49.2,57.9,R,Bryan Baker,TBR,4,SEA,0,,0,Low,Low,high
1,0,0,0,0,0,1,2026-08-08,save,823102,9,away,641329,9,43.3,45.2,49.2,57.9,R,Bryan Baker,TBR,3,SEA,0,LHH,0,Low,Low,high
1,1,0,0,0,0,2,2026-06-02,other,822971,27,home,592155,4,43.2,42.5,49.7,62.5,R,Cam Booser,TBR,7,DET,0,RHH,0,Low,Low,low
0,3,0,1,0,0,1,2026-06-05,other,823860,20,away,592155,8,40.1,39.3,48.6,65.4,R,Cam Booser,TBR,4,MIA,0,LHH,0,Low,Low,high
1,1,0,0,0,0,1,2026-06-08,hold,822972,10,home,592155,6,43,41.3,32.9,16,R,Cam Booser,TBR,3,BOS,0,LHH,0,Low,Low,medium
1,2,0,1,0,0,1.1,2026-06-13,other,824019,24,away,592155,7,22.6,13.1,27.4,47.2,R,Cam Booser,TBR,6,LAA,0,RHH,2,Low,Low,high
0,2,0,1,0,0,0.2,2026-06-15,other,823938,13,away,592155,6,68.3,95.7,82.8,78.2,R,Cam Booser,TBR,3,LAD,0,LHH,1,High,High,medium
0,1,0,0,0,0,1,2026-06-16,other,823939,7,away,592155,8,68.3,95.7,82.8,78.2,R,Cam Booser,TBR,3,LAD,0,RHH,0,High,High,high
3,0,1,0,1,1,1,2026-06-20,other,822967,24,home,592155,9,43.7,67,67.7,85.6,R,Cam Booser,TBR,6,WSN,0,,0,Low,High,high
0,0,0,0,0,0,1,2026-06-22,other,822964,9,home,592155,7,57,42.9,50.8,55.5,R,Cam Booser,TBR,3,KCR,0,RHH,0,Mid,Mid,high
0,0,0,0,0,0,0.1,2026-06-26,hold,822962,5,home,592155,6,58.2,31.7,40.5,37.8,R,Cam Booser,TBR,1,ARI,0,RHH,2,Mid,Low,high
0,1,0,1,0,0,1,2026-06-30,other,824096,21,away,592155,7,57,42.9,50.8,55.5,R,Cam Booser,TBR,4,KCR,0,,0,Mid,Mid,medium
1,1,1,0,1,1,1,2026-07-02,other,824093,15,away,592155,7,57,42.9,50.8,55.5,R,Cam Booser,TBR,4,KCR,0,,0,Mid,Mid,medium
0,3,0,0,0,0,1.1,2026-07-05,other,824172,15,away,592155,6,38.5,45.2,48.8,60.3,R,Cam Booser,TBR,4,HOU,0,RHH,1,Low,Low,medium
0,1,0,0,0,0,0.2,2026-07-07,hold,822956,7,home,592155,7,38.8,75.1,66.4,76,R,Cam Booser,TBR,2,NYY,0,,1,Low,High,high
1,2,1,0,1,1,1.2,2026-07-09,other,822954,21,home,592155,3,38.8,75.1,66.4,76,R,Cam Booser,TBR,6,NYY,1,,2,Low,High,low
1,5,0,0,0,0,2,2026-07-11,hold,822953,30,home,592155,6,43.3,45.2,49.2,57.9,R,Cam Booser,TBR,7,SEA,0,LHH,0,Low,Low,medium
0,0,0,0,0,0,1,2026-07-17,other,824737,8,away,592155,8,43,41.3,32.9,16,R,Cam Booser,TBR,3,BOS,0,RHH,0,Low,Low,high
0,1,0,0,0,0,1,2026-07-18,other,824738,12,away,592155,8,43,41.3,32.9,16,R,Cam Booser,TBR,3,BOS,0,RHH,0,Low,Low,high
0,1,0,0,0,0,1,2026-07-20,other,822788,11,away,592155,7,54.7,7.6,29.4,36.4,R,Cam Booser,TBR,3,TOR,0,RHH,0,Mid,Low,medium
1,1,1,0,1,1,0.2,2026-07-22,hold,822784,13,away,592155,7,54.7,7.6,29.4,36.4,R,Cam Booser,TBR,3,TOR,0,RHH,0,Mid,Low,medium
1,1,1,0,1,0,0.2,2026-07-30,other,822946,11,home,592155,4,36.6,27.1,36.4,46.9,R,Cam Booser,TBR,3,TEX,0,LHH,2,Low,Low,medium
1,2,0,0,0,0,0.2,2026-08-01,hold,822944,16,home,592155,7,32.2,45.8,54.2,79.5,R,Cam Booser,TBR,3,CHW,0,RHH,0,Low,Mid,high
0,1,0,0,0,0,1.1,2026-08-04,other,824321,8,away,592155,4,34.5,31.8,26.1,13.5,R,Cam Booser,TBR,4,COL,0,RHH,1,Low,Low,medium
0,1,0,0,0,0,1,2026-08-05,other,824322,6,away,592155,9,34.5,31.8,26.1,13.5,R,Cam Booser,TBR,3,COL,0,LHH,0,Low,Low,high
2,0,1,1,1,1,0.2,2026-08-08,other,823102,22,away,592155,2,43.3,45.2,49.2,57.9,R,Cam Booser,TBR,5,SEA,0,LHH,0,Low,Low,medium
1,2,0,0,0,0,1,2026-08-09,hold,823104,14,away,592155,7,43.3,45.2,49.2,57.9,R,Cam Booser,TBR,4,SEA,0,RHH,0,Low,Low,medium
1,2,0,1,0,0,1,2026-03-26,other,823163,29,home,668984,8,50,36.8,42.8,44.4,R,Casey Legumina,TBR,6,CLE,0,LHH,0,Mid,Low,high
1,1,0,0,0,0,1,2026-03-28,other,823161,23,home,668984,8,50,36.8,42.8,44.4,R,Casey Legumina,TBR,4,CLE,0,LHH,0,Mid,Low,high
0,1,0,0,0,0,1.2,2026-03-31,other,823158,18,home,668984,8,38.8,75.1,66.4,76,R,Casey Legumina,TBR,5,NYY,0,,1,Low,High,high
1,0,0,0,0,0,2,2026-04-05,other,824053,26,away,668984,7,22.6,13.1,27.4,47.2,R,Casey Legumina,TBR,7,LAA,0,RHH,0,Low,Low,high
2,2,0,0,0,0,1.2,2026-04-11,other,823155,20,home,668984,4,38.5,45.2,48.8,60.3,R,Casey Legumina,TBR,6,HOU,0,RHH,2,Low,Low,low
3,1,1,0,1,0,1,2026-04-14,other,823315,21,away,668984,8,40.5,52.4,53.2,63.3,R,Casey Legumina,TBR,6,SDP,0,RHH,0,Low,Mid,high
4,2,2,1,2,0,2.1,2026-04-17,other,823152,47,home,668984,7,36.6,27.1,36.4,46.9,R,Casey Legumina,TBR,13,TEX,0,RHH,2,Low,Low,high
3,0,3,1,3,0,1,2026-04-20,other,823149,23,home,668984,8,42.3,37.3,48.1,64.7,R,Casey Legumina,TBR,6,ATH,0,,0,Low,Low,high
1,0,0,1,0,0,1,2026-04-29,other,824445,18,away,668984,6,50,36.8,42.8,44.4,R,Casey Legumina,TBR,5,CLE,0,LHH,0,Mid,Low,medium
0,1,0,0,0,0,1,2026-05-02,other,822988,12,home,668984,9,35.1,17.2,38.2,64.4,R,Casey Legumina,TBR,3,SFG,0,RHH,0,Low,Low,high
3,0,0,0,0,0,0.2,2026-05-04,other,822984,17,home,668984,9,54.7,7.6,29.4,36.4,R,Casey Legumina,TBR,4,TOR,0,LHH,0,Mid,Low,high
1,0,0,1,0,0,1,2026-05-05,other,822986,9,home,668984,8,54.7,7.6,29.4,36.4,R,Casey Legumina,TBR,5,TOR,0,RHH,0,Mid,Low,high
3,2,2,0,2,0,1.2,2026-05-12,other,822817,32,away,668984,6,54.7,7.6,29.4,36.4,R,Casey Legumina,TBR,8,TOR,0,RHH,0,Mid,Low,low
0,0,0,0,0,0,2,2026-05-15,other,822983,19,home,668984,8,40.1,39.3,48.6,65.4,R,Casey Legumina,TBR,6,MIA,0,RHH,0,Low,Low,high
0,1,0,1,0,0,0.2,2026-05-19,hold,822979,16,home,668984,8,31.6,69.3,61.4,73.6,R,Casey Legumina,TBR,3,BAL,0,RHH,0,Low,Mid,high
2,2,0,0,0,0,2,2026-05-25,other,824838,32,away,668984,7,31.6,69.3,61.4,73.6,R,Casey Legumina,TBR,7,BAL,1,LHH,1,Low,Mid,high
2,0,1,0,1,1,1,2026-05-30,other,822975,9,home,668984,5,22.6,13.1,27.4,47.2,R,Casey Legumina,TBR,5,LAA,0,RHH,0,Low,Low,low
2,1,1,0,1,1,1.2,2026-05-31,hold,822976,19,home,668984,6,22.6,13.1,27.4,47.2,R,Casey Legumina,TBR,7,LAA,0,RHH,0,Low,Low,medium
1,2,0,0,0,0,1.1,2026-06-02,other,822971,19,home,668984,2,43.2,42.5,49.7,62.5,R,Casey Legumina,TBR,5,DET,0,RHH,1,Low,Low,low
1,3,0,0,0,0,2,2026-06-06,other,823859,24,away,668984,6,40.1,39.3,48.6,65.4,R,Casey Legumina,TBR,6,MIA,1,LHH,3,Low,Low,high
0,1,0,0,0,0,1.1,2026-06-08,other,822972,12,home,668984,5,43,41.3,32.9,16,R,Casey Legumina,TBR,4,BOS,0,RHH,0,Low,Low,medium
0,0,0,0,0,0,0.1,2026-06-10,hold,822970,2,home,668984,8,43,41.3,32.9,16,R,Casey Legumina,TBR,1,BOS,0,RHH,0,Low,Low,high
2,0,1,1,1,0,0.1,2026-06-17,other,823940,19,away,668984,4,68.3,95.7,82.8,78.2,R,Casey Legumina,TBR,4,LAD,0,RHH,3,High,High,medium
2,1,0,0,0,0,1.2,2026-06-27,hold,822960,35,home,668984,6,58.2,31.7,40.5,37.8,R,Casey Legumina,TBR,7,ARI,0,LHH,0,Mid,Low,medium
0,0,0,0,0,0,1,2026-07-03,hold,824173,9,away,668984,8,38.5,45.2,48.8,60.3,R,Casey Legumina,TBR,3,HOU,0,LHH,0,Low,Low,high
0,2,0,0,0,0,1,2026-07-06,other,822958,14,home,668984,7,38.8,75.1,66.4,76,R,Casey Legumina,TBR,3,NYY,0,LHH,0,Low,High,high
2,2,3,3,3,1,2,2026-07-09,other,822954,33,home,668984,5,38.8,75.1,66.4,76,R,Casey Legumina,TBR,12,NYY,0,LHH,0,Low,High,low
0,0,0,0,0,0,1,2026-07-11,other,822953,16,home,668984,9,43.3,45.2,49.2,57.9,R,Casey Legumina,TBR,3,SEA,0,LHH,0,Low,Low,high
1,0,1,0,1,0,1,2026-07-18,hold,824738,15,away,668984,6,43,41.3,32.9,16,R,Casey Legumina,TBR,5,BOS,0,RHH,0,Low,Low,medium
1,1,0,0,0,0,1,2026-07-20,other,822788,13,away,668984,8,54.7,7.6,29.4,36.4,R,Casey Legumina,TBR,4,TOR,0,RHH,0,Mid,Low,high
0,1,0,0,0,0,0.2,2026-07-30,blown_hold,822946,9,home,668984,4,36.6,27.1,36.4,46.9,R,Casey Legumina,TBR,3,TEX,1,RHH,2,Low,Low,medium
4,0,4,0,4,0,0.2,2026-08-03,other,824324,23,away,668984,9,34.5,31.8,26.1,13.5,R,Casey Legumina,TBR,7,COL,0,LHH,0,Low,Low,high
0,1,0,0,0,0,2,2026-08-04,other,824321,25,away,668984,6,34.5,31.8,26.1,13.5,R,Casey Legumina,TBR,6,COL,0,RHH,0,Low,Low,medium
0,0,0,0,0,0,1,2026-08-09,hold,823104,14,away,668984,8,43.3,45.2,49.2,57.9,R,Casey Legumina,TBR,3,SEA,0,RHH,1,Low,Low,high
1,1,0,0,0,0,1,2026-08-12,other,824967,18,away,668984,7,42.3,37.3,48.1,64.7,R,Casey Legumina,TBR,3,ATH,0,RHH,0,Low,Low,medium
3,0,1,0,1,0,0.1,2026-03-26,other,823081,13,home,688297,6,77.8,34.8,51.2,51,R,Chris Roycroft,TBR,4,TBR,3,RHH,3,High,Mid,high
3,0,2,1,2,0,1,2026-03-29,other,823079,29,home,688297,9,77.8,34.8,51.2,51,R,Chris Roycroft,TBR,8,TBR,0,RHH,0,High,Mid,high
0,0,0,2,0,0,0.1,2026-04-01,other,823078,11,home,688297,11,30.6,40,42.5,53.8,R,Chris Roycroft,TBR,3,NYM,0,RHH,0,Low,Low,high
0,1,0,0,0,0,1,2026-04-03,other,824299,11,away,688297,8,43.2,42.5,49.7,62.5,R,Chris Roycroft,TBR,3,DET,0,LHH,0,Low,Low,high
2,2,2,2,2,1,1,2026-04-04,other,824295,33,away,688297,8,43.2,42.5,49.7,62.5,R,Chris Roycroft,TBR,7,DET,0,LHH,0,Low,Low,high
1,0,1,1,1,0,0.1,2026-06-13,other,823694,14,away,688297,8,39.7,33.8,47.1,67.6,R,Chris Roycroft,TBR,3,MIN,0,RHH,0,Low,Low,high
4,1,3,2,3,1,1.1,2026-06-17,other,823044,42,home,688297,8,40.5,52.4,53.2,63.3,R,Chris Roycroft,TBR,11,SDP,0,RHH,2,Low,Mid,high
2,4,2,0,2,2,2,2026-07-06,other,822958,37,home,688297,8,38.8,75.1,66.4,76,R,Chris Roycroft,TBR,8,NYY,0,LHH,0,Low,High,high
2,0,1,1,1,0,1,2026-07-09,other,822954,14,home,688297,8,38.8,75.1,66.4,76,R,Chris Roycroft,TBR,5,NYY,0,LHH,0,Low,High,high
0,3,0,0,0,0,3,2026-07-12,other,822951,28,home,688297,5,43.3,45.2,49.2,57.9,R,Chris Roycroft,TBR,9,SEA,0,RHH,0,Low,Low,low
5,2,3,1,3,1,2,2026-07-17,other,824766,39,away,688297,6,43,41.3,32.9,16,R,Chris Roycroft,TBR,11,BOS,2,LHH,2,Low,Low,high
1,0,0,1,0,0,2,2026-07-19,other,824739,24,away,688297,7,43,41.3,32.9,16,R,Chris Roycroft,TBR,8,BOS,0,RHH,0,Low,Low,medium
4,2,2,0,2,1,3,2026-07-24,save,822952,38,home,688297,7,50,36.8,42.8,44.4,R,Chris Roycroft,TBR,13,CLE,0,LHH,0,Mid,Low,medium
0,0,0,0,0,0,1,2026-07-31,other,822945,10,home,688297,9,32.2,45.8,54.2,79.5,R,Chris Roycroft,TBR,4,CHW,0,LHH,0,Low,Mid,high
1,1,1,0,1,1,0.1,2026-08-02,other,822943,5,home,688297,9,32.2,45.8,54.2,79.5,R,Chris Roycroft,TBR,2,CHW,1,,1,Low,Mid,high
3,0,3,0,3,0,1,2026-08-10,other,824969,25,away,688297,7,42.3,37.3,48.1,64.7,R,Chris Roycroft,TBR,7,ATH,0,LHH,0,Low,Low,high
2,0,2,0,2,0,0.1,2026-03-26,hold,823081,9,away,664076,6,41,40.4,42.1,44.7,R,Garrett Cleavinger,TBR,3,STL,1,LHH,1,Low,Low,medium
1,1,0,2,0,0,1,2026-03-29,hold,823079,23,away,664076,7,41,40.4,42.1,44.7,R,Garrett Cleavinger,TBR,6,STL,0,,0,Low,Low,high
0,2,0,2,0,0,1,2026-03-30,other,823809,16,away,664076,8,67.4,75.3,66.3,55.3,R,Garrett Cleavinger,TBR,5,MIL,0,RHH,0,High,High,high
1,1,0,0,0,0,1,2026-05-02,hold,822988,12,home,664076,8,35.1,17.2,38.2,64.4,R,Garrett Cleavinger,TBR,4,SFG,0,LHH,0,Low,Low,high
0,1,0,0,0,0,0.1,2026-05-06,hold,822985,5,home,664076,7,54.7,7.6,29.4,36.4,R,Garrett Cleavinger,TBR,1,TOR,0,LHH,2,Mid,Low,high
2,1,1,0,1,0,1,2026-05-07,hold,824767,14,away,664076,8,43,41.3,32.9,16,R,Garrett Cleavinger,TBR,4,BOS,0,,0,Low,Low,high
0,3,0,0,0,0,1,2026-05-10,hold,824765,25,away,664076,8,43,41.3,32.9,16,R,Garrett Cleavinger,TBR,3,BOS,0,RHH,0,Low,Low,high
0,0,1,1,0,0,1,2026-05-12,save,822817,12,away,664076,10,54.7,7.6,29.4,36.4,R,Garrett Cleavinger,TBR,4,TOR,0,,0,Mid,Low,high
1,1,0,0,0,0,0.1,2026-05-13,hold,822815,6,away,664076,7,54.7,7.6,29.4,36.4,R,Garrett Cleavinger,TBR,3,TOR,0,RHH,0,Mid,Low,high
1,2,1,0,1,1,1,2026-05-16,blown_save,822981,16,home,664076,7,40.1,39.3,48.6,65.4,R,Garrett Cleavinger,TBR,4,MIA,0,,0,Low,Low,high
3,1,1,1,1,0,0.1,2026-05-17,other,822982,11,home,664076,8,40.1,39.3,48.6,65.4,R,Garrett Cleavinger,TBR,5,MIA,0,LHH,0,Low,Low,high
0,3,0,0,0,0,2,2026-05-26,other,824837,27,away,664076,3,31.6,69.3,61.4,73.6,R,Garrett Cleavinger,TBR,6,BAL,0,RHH,0,Low,Mid,medium
0,0,0,0,0,0,1,2026-05-30,other,822975,9,home,664076,6,22.6,13.1,27.4,47.2,R,Garrett Cleavinger,TBR,3,LAA,0,RHH,0,Low,Low,medium
0,1,0,1,0,0,1,2026-06-01,other,822974,21,home,664076,9,43.2,42.5,49.7,62.5,R,Garrett Cleavinger,TBR,4,DET,0,RHH,0,Low,Low,high
1,2,2,1,2,0,1,2026-06-07,blown_save,823857,23,away,664076,6,40.1,39.3,48.6,65.4,R,Garrett Cleavinger,TBR,5,MIA,0,RHH,0,Low,Low,medium
0,1,0,0,0,0,1,2026-06-08,hold,822972,13,home,664076,8,43,41.3,32.9,16,R,Garrett Cleavinger,TBR,3,BOS,0,RHH,0,Low,Low,high
1,1,1,1,1,1,1,2026-06-10,save,822970,23,home,664076,9,43,41.3,32.9,16,R,Garrett Cleavinger,TBR,5,BOS,0,RHH,0,Low,Low,high
2,1,2,0,2,0,0.1,2026-06-13,other,824019,10,away,664076,6,22.6,13.1,27.4,47.2,R,Garrett Cleavinger,TBR,3,LAA,0,RHH,0,Low,Low,medium
0,2,0,0,0,0,0.2,2026-06-14,hold,824021,9,away,664076,8,22.6,13.1,27.4,47.2,R,Garrett Cleavinger,TBR,2,LAA,0,RHH,3,Low,Low,high
0,1,0,1,0,0,1,2026-06-17,hold,823940,19,away,664076,5,68.3,95.7,82.8,78.2,R,Garrett Cleavinger,TBR,4,LAD,1,,3,High,High,medium
0,0,0,0,0,0,1,2026-06-19,hold,822966,9,home,664076,8,43.7,67,67.7,85.6,R,Garrett Cleavinger,TBR,2,WSN,0,,2,Low,High,high
1,2,0,0,0,0,1,2026-06-21,other,822968,14,home,664076,7,43.7,67,67.7,85.6,R,Garrett Cleavinger,TBR,4,WSN,0,,0,Low,High,high
0,1,0,0,0,0,1,2026-06-24,hold,822965,13,home,664076,8,57,42.9,50.8,55.5,R,Garrett Cleavinger,TBR,3,KCR,0,RHH,0,Mid,Mid,high
1,0,0,0,0,0,1,2026-06-26,other,822962,12,home,664076,8,58.2,31.7,40.5,37.8,R,Garrett Cleavinger,TBR,3,ARI,0,RHH,0,Mid,Low,high
1,2,1,0,1,1,1,2026-06-28,other,822959,16,home,664076,8,58.2,31.7,40.5,37.8,R,Garrett Cleavinger,TBR,4,ARI,0,RHH,0,Mid,Low,high
1,1,0,1,0,0,0.2,2026-07-01,other,824094,18,away,664076,8,57,42.9,50.8,55.5,R,Garrett Cleavinger,TBR,4,KCR,0,RHH,0,Mid,Mid,high
1,0,0,0,0,0,1,2026-07-02,hold,824093,10,away,664076,8,57,42.9,50.8,55.5,R,Garrett Cleavinger,TBR,4,KCR,0,,0,Mid,Mid,high
1,1,0,0,0,0,0.2,2026-07-04,hold,824171,14,away,664076,7,38.5,45.2,48.8,60.3,R,Garrett Cleavinger,TBR,3,HOU,2,RHH,3,Low,Low,high
1,2,0,0,0,0,1,2026-07-07,hold,822956,17,home,664076,8,38.8,75.1,66.4,76,R,Garrett Cleavinger,TBR,4,NYY,0,,0,Low,High,high
1,2,0,0,0,0,1,2026-07-10,hold,822955,15,home,664076,7,43.3,45.2,49.2,57.9,R,Garrett Cleavinger,TBR,4,SEA,0,LHH,0,Low,Low,high
1,2,0,1,0,0,1,2026-07-11,other,822953,24,home,664076,8,43.3,45.2,49.2,57.9,R,Garrett Cleavinger,TBR,5,SEA,0,RHH,0,Low,Low,high
1,0,1,1,1,1,0.1,2026-07-18,blown_save,824738,18,away,664076,7,43,41.3,32.9,16,R,Garrett Cleavinger,TBR,3,BOS,1,RHH,1,Low,Low,high
0,1,0,0,0,0,1,2026-07-21,other,822787,16,away,664076,9,54.7,7.6,29.4,36.4,R,Garrett Cleavinger,TBR,3,TOR,0,RHH,0,Mid,Low,high
0,2,0,1,0,0,1,2026-07-25,hold,822948,18,home,664076,8,50,36.8,42.8,44.4,R,Garrett Cleavinger,TBR,4,CLE,0,RHH,0,Mid,Low,high
0,1,0,0,0,0,1,2026-07-26,hold,822950,11,home,664076,8,50,36.8,42.8,44.4,R,Garrett Cleavinger,TBR,3,CLE,0,RHH,0,Mid,Low,high
0,1,0,0,0,0,0.2,2026-07-29,hold,822947,9,home,664076,7,36.6,27.1,36.4,46.9,R,Garrett Cleavinger,TBR,2,TEX,0,,2,Low,Low,high
0,2,0,1,0,0,1,2026-07-30,other,822946,20,home,664076,8,36.6,27.1,36.4,46.9,R,Garrett Cleavinger,TBR,4,TEX,0,,0,Low,Low,high
0,1,0,0,0,0,0.1,2026-08-01,hold,822944,6,home,664076,8,32.2,45.8,54.2,79.5,R,Garrett Cleavinger,TBR,1,CHW,0,LHH,0,Low,Mid,high
0,0,0,0,0,0,0.2,2026-08-04,other,824321,7,away,664076,10,34.5,31.8,26.1,13.5,R,Garrett Cleavinger,TBR,2,COL,0,,2,Low,Low,high
0,1,0,1,0,0,1,2026-08-05,other,824322,16,away,664076,8,34.5,31.8,26.1,13.5,R,Garrett Cleavinger,TBR,4,COL,0,RHH,0,Low,Low,high
1,0,0,0,0,0,0.1,2026-08-07,hold,823103,13,away,664076,8,43.3,45.2,49.2,57.9,R,Garrett Cleavinger,TBR,3,SEA,0,LHH,0,Low,Low,high
2,1,1,0,1,1,0.2,2026-08-08,hold,823102,13,away,664076,7,43.3,45.2,49.2,57.9,R,Garrett Cleavinger,TBR,4,SEA,0,LHH,0,Low,Low,high
0,1,0,0,0,0,0.2,2026-03-30,hold,823809,8,away,693855,9,67.4,75.3,66.3,55.3,R,Ian Seymour,TBR,3,MIL,0,LHH,0,High,High,high
1,2,0,0,0,0,2,2026-04-01,other,823806,32,away,693855,6,67.4,75.3,66.3,55.3,R,Ian Seymour,TBR,6,MIL,0,LHH,0,High,High,medium
2,1,1,0,1,0,1.1,2026-04-06,hold,823002,21,home,693855,6,62.9,82.6,69.2,58.4,R,Ian Seymour,TBR,6,CHC,0,RHH,0,Mid,High,medium
0,1,0,0,0,0,1,2026-04-10,hold,822997,17,home,693855,7,38.8,75.1,66.4,76,R,Ian Seymour,TBR,3,NYY,0,RHH,0,Low,High,medium
0,3,0,0,0,0,1.2,2026-04-11,other,822996,21,home,693855,6,38.8,75.1,66.4,76,R,Ian Seymour,TBR,5,NYY,0,LHH,0,Low,High,medium
2,1,3,2,3,0,1,2026-04-15,other,824615,25,away,693855,9,32.2,45.8,54.2,79.5,R,Ian Seymour,TBR,6,CHW,0,,0,Low,Mid,high
2,3,0,0,0,0,1.2,2026-04-18,hold,823394,23,away,693855,5,33.5,60.7,62.1,84.2,R,Ian Seymour,TBR,7,PIT,0,LHH,0,Low,Mid,medium
2,1,1,0,1,1,1.1,2026-04-19,other,823393,22,away,693855,7,33.5,60.7,62.1,84.2,R,Ian Seymour,TBR,6,PIT,0,LHH,1,Low,Mid,medium
0,1,0,1,0,0,1,2026-04-21,other,822995,15,home,693855,4,32.7,40.9,35.4,31,R,Ian Seymour,TBR,4,CIN,0,RHH,0,Low,Low,low
0,2,0,1,0,0,1,2026-04-27,hold,824446,18,away,693855,8,50,36.8,42.8,44.4,R,Ian Seymour,TBR,4,CLE,0,RHH,0,Mid,Low,high
0,1,0,2,0,0,0.2,2026-04-28,hold,824447,10,away,693855,8,50,36.8,42.8,44.4,R,Ian Seymour,TBR,4,CLE,0,,1,Mid,Low,high
1,0,0,0,0,0,1,2026-05-01,hold,822990,14,home,693855,7,35.1,17.2,38.2,64.4,R,Ian Seymour,TBR,4,SFG,0,,0,Low,Low,medium
0,0,0,0,0,0,1,2026-05-03,other,822987,8,home,693855,10,35.1,17.2,38.2,64.4,R,Ian Seymour,TBR,3,SFG,0,LHH,0,Low,Low,high
2,2,0,1,0,0,1.1,2026-05-04,hold,822984,28,home,693855,6,54.7,7.6,29.4,36.4,R,Ian Seymour,TBR,7,TOR,0,LHH,0,Mid,Low,medium
0,1,0,0,0,0,1,2026-05-06,save,822985,11,home,693855,9,54.7,7.6,29.4,36.4,R,Ian Seymour,TBR,3,TOR,0,RHH,0,Mid,Low,high
2,1,2,1,2,1,0.1,2026-05-11,other,822818,23,away,693855,7,54.7,7.6,29.4,36.4,R,Ian Seymour,TBR,4,TOR,0,RHH,0,Mid,Low,medium
0,2,0,0,0,0,1.1,2026-05-12,other,822817,11,away,693855,8,54.7,7.6,29.4,36.4,R,Ian Seymour,TBR,4,TOR,0,LHH,0,Mid,Low,high
0,1,0,0,0,0,0.2,2026-05-17,hold,822982,7,home,693855,8,40.1,39.3,48.6,65.4,R,Ian Seymour,TBR,2,MIA,0,RHH,3,Low,Low,high
0,1,0,0,0,0,1.1,2026-05-19,hold,822979,12,home,693855,7,31.6,69.3,61.4,73.6,R,Ian Seymour,TBR,4,BAL,0,RHH,0,Low,Mid,high
0,0,0,0,0,0,1,2026-05-20,save,822977,9,home,693855,9,31.6,69.3,61.4,73.6,R,Ian Seymour,TBR,3,BAL,0,RHH,0,Low,Mid,high
2,2,1,0,1,0,1.2,2026-05-22,other,823546,29,away,693855,7,38.8,75.1,66.4,76,R,Ian Seymour,TBR,7,NYY,0,LHH,0,Low,High,high
2,2,2,2,0,0,2,2026-05-25,other,824838,30,away,693855,10,31.6,69.3,61.4,73.6,R,Ian Seymour,TBR,10,BAL,0,,0,Low,Mid,high
0,1,1,2,1,0,1,2026-05-30,other,822975,23,home,693855,7,22.6,13.1,27.4,47.2,R,Ian Seymour,TBR,5,LAA,0,RHH,0,Low,Low,medium
2,1,3,3,3,1,2,2026-06-02,other,822971,40,home,693855,6,43.2,42.5,49.7,62.5,R,Ian Seymour,TBR,11,DET,0,RHH,0,Low,Low,low
2,3,2,3,2,1,3.1,2026-06-14,other,824021,72,away,693855,2,22.6,13.1,27.4,47.2,R,Ian Seymour,TBR,16,LAA,0,LHH,1,Low,Low,medium
0,7,0,1,0,0,6.2,2026-06-25,other,822961,90,home,693855,2,57,42.9,50.8,55.5,R,Ian Seymour,TBR,21,KCR,0,,0,Mid,Mid,medium
5,7,2,1,2,0,6,2026-07-23,other,822785,87,away,693855,3,54.7,7.6,29.4,36.4,R,Ian Seymour,TBR,23,TOR,0,RHH,0,Mid,Low,medium
2,4,0,1,0,0,4.2,2026-07-29,other,822947,71,home,693855,2,36.6,27.1,36.4,46.9,R,Ian Seymour,TBR,17,TEX,0,LHH,1,Low,Low,medium
1,1,0,0,0,0,1,2026-03-29,hold,823079,10,away,687330,6,41,40.4,42.1,44.7,R,Kevin Kelly,TBR,4,STL,0,RHH,0,Low,Low,medium
0,0,0,0,0,0,0.1,2026-03-30,save,823809,5,away,687330,9,67.4,75.3,66.3,55.3,R,Kevin Kelly,TBR,1,MIL,0,LHH,1,High,High,high
2,1,6,2,5,0,0.1,2026-04-03,other,823732,33,away,687330,7,39.7,33.8,47.1,67.6,R,Kevin Kelly,TBR,7,MIN,0,RHH,0,Low,Low,high
0,1,0,0,0,0,1,2026-04-05,save,823729,19,away,687330,10,39.7,33.8,47.1,67.6,R,Kevin Kelly,TBR,3,MIN,0,LHH,0,Low,Low,high
0,1,0,0,0,0,1,2026-04-06,other,823002,14,home,687330,5,62.9,82.6,69.2,58.4,R,Kevin Kelly,TBR,3,CHC,0,RHH,0,Mid,High,medium
0,1,0,0,0,0,0.1,2026-04-11,other,822996,4,home,687330,5,38.8,75.1,66.4,76,R,Kevin Kelly,TBR,1,NYY,0,RHH,3,Low,High,medium
1,0,0,0,0,0,1.2,2026-04-12,hold,822998,18,home,687330,7,38.8,75.1,66.4,76,R,Kevin Kelly,TBR,5,NYY,1,,2,Low,High,high
1,2,1,1,1,1,2,2026-04-16,other,824614,26,away,687330,7,32.2,45.8,54.2,79.5,R,Kevin Kelly,TBR,7,CHW,0,RHH,0,Low,Mid,high
0,2,1,1,0,0,1.2,2026-04-18,other,823394,20,away,687330,10,33.5,60.7,62.1,84.2,R,Kevin Kelly,TBR,6,PIT,0,RHH,2,Low,Mid,high
0,1,0,0,0,0,1,2026-04-22,other,822993,13,home,687330,9,32.7,40.9,35.4,31,R,Kevin Kelly,TBR,3,CIN,0,RHH,0,Low,Low,high
1,1,0,0,0,0,2,2026-04-25,hold,822989,32,home,687330,6,39.7,33.8,47.1,67.6,R,Kevin Kelly,TBR,7,MIN,0,RHH,0,Low,Low,medium
0,0,0,0,0,0,0.1,2026-04-28,hold,824447,2,away,687330,8,50,36.8,42.8,44.4,R,Kevin Kelly,TBR,1,CLE,0,LHH,3,Mid,Low,high
1,1,0,0,0,0,1.1,2026-05-02,hold,822988,15,home,687330,6,35.1,17.2,38.2,64.4,R,Kevin Kelly,TBR,5,SFG,0,RHH,1,Low,Low,medium
0,1,0,0,0,0,0.2,2026-05-04,other,822984,7,home,687330,7,54.7,7.6,29.4,36.4,R,Kevin Kelly,TBR,2,TOR,0,RHH,1,Mid,Low,medium
2,0,0,0,0,0,1,2026-05-06,hold,822985,14,home,687330,6,54.7,7.6,29.4,36.4,R,Kevin Kelly,TBR,5,TOR,0,RHH,1,Mid,Low,medium
1,0,0,0,0,0,1,2026-05-07,hold,824767,12,away,687330,7,43,41.3,32.9,16,R,Kevin Kelly,TBR,4,BOS,0,RHH,0,Low,Low,high
0,1,0,0,0,0,1.1,2026-05-10,hold,824765,20,away,687330,6,43,41.3,32.9,16,R,Kevin Kelly,TBR,4,BOS,0,RHH,1,Low,Low,medium
1,1,0,0,0,0,1,2026-05-12,blown_save,822817,18,away,687330,7,54.7,7.6,29.4,36.4,R,Kevin Kelly,TBR,4,TOR,1,RHH,1,Mid,Low,high
0,0,0,0,0,0,0.2,2026-05-13,hold,822815,2,away,687330,7,54.7,7.6,29.4,36.4,R,Kevin Kelly,TBR,1,TOR,0,RHH,2,Mid,Low,high
1,1,0,0,0,0,1,2026-05-16,other,822981,12,home,687330,8,40.1,39.3,48.6,65.4,R,Kevin Kelly,TBR,3,MIA,0,LHH,0,Low,Low,high
0,1,0,0,0,0,1.2,2026-05-17,hold,822982,21,home,687330,6,40.1,39.3,48.6,65.4,R,Kevin Kelly,TBR,4,MIA,0,RHH,2,Low,Low,high
1,0,0,0,0,0,1,2026-05-19,other,822979,10,home,687330,6,31.6,69.3,61.4,73.6,R,Kevin Kelly,TBR,3,BAL,0,LHH,0,Low,Mid,medium
0,0,0,0,0,0,0.1,2026-05-22,hold,823546,4,away,687330,8,38.8,75.1,66.4,76,R,Kevin Kelly,TBR,1,NYY,0,RHH,1,Low,High,high
2,0,2,1,2,1,1,2026-05-24,other,823544,14,away,687330,8,38.8,75.1,66.4,76,R,Kevin Kelly,TBR,5,NYY,0,LHH,0,Low,High,high
0,1,0,0,0,0,1,2026-05-29,other,822978,11,home,687330,8,22.6,13.1,27.4,47.2,R,Kevin Kelly,TBR,3,LAA,2,RHH,2,Low,Low,high
2,1,0,0,0,0,1.1,2026-05-31,hold,822976,23,home,687330,7,22.6,13.1,27.4,47.2,R,Kevin Kelly,TBR,6,LAA,0,,0,Low,Low,high
1,2,0,1,0,0,1,2026-06-06,other,823859,21,away,687330,8,40.1,39.3,48.6,65.4,R,Kevin Kelly,TBR,5,MIA,0,RHH,0,Low,Low,high
1,1,0,0,0,0,0.2,2026-06-08,hold,822972,16,home,687330,7,43,41.3,32.9,16,R,Kevin Kelly,TBR,4,BOS,0,RHH,0,Low,Low,high
0,0,0,0,0,0,1,2026-06-09,hold,822969,6,home,687330,8,43,41.3,32.9,16,R,Kevin Kelly,TBR,3,BOS,0,LHH,1,Low,Low,high
1,3,0,0,0,0,2,2026-06-14,other,824021,22,away,687330,6,22.6,13.1,27.4,47.2,R,Kevin Kelly,TBR,7,LAA,0,RHH,0,Low,Low,medium
3,1,2,1,2,1,1.2,2026-06-17,blown_save,823940,33,away,687330,6,68.3,95.7,82.8,78.2,R,Kevin Kelly,TBR,9,LAD,0,LHH,0,High,High,medium
1,0,0,0,0,0,0.1,2026-06-19,hold,822966,10,home,687330,7,43.7,67,67.7,85.6,R,Kevin Kelly,TBR,3,WSN,0,LHH,0,Low,High,high
1,2,0,0,0,0,1,2026-06-21,save,822968,14,home,687330,9,43.7,67,67.7,85.6,R,Kevin Kelly,TBR,3,WSN,0,LHH,0,Low,High,high
0,0,0,0,0,0,1,2026-06-24,hold,822965,15,home,687330,7,57,42.9,50.8,55.5,R,Kevin Kelly,TBR,3,KCR,0,RHH,0,Mid,Mid,medium
1,0,0,0,0,0,1,2026-06-26,hold,822962,13,home,687330,7,58.2,31.7,40.5,37.8,R,Kevin Kelly,TBR,4,ARI,0,,0,Mid,Low,high
2,2,1,0,1,1,1.1,2026-06-27,hold,822960,20,home,687330,7,58.2,31.7,40.5,37.8,R,Kevin Kelly,TBR,5,ARI,0,LHH,1,Mid,Low,medium
1,0,0,0,0,0,1.1,2026-07-01,save,824094,7,away,687330,8,57,42.9,50.8,55.5,R,Kevin Kelly,TBR,5,KCR,0,RHH,2,Mid,Mid,high
0,0,0,0,0,0,1.2,2026-07-03,other,824173,7,away,687330,6,38.5,45.2,48.8,60.3,R,Kevin Kelly,TBR,5,HOU,0,RHH,1,Low,Low,medium
4,1,1,0,1,0,1,2026-07-07,hold,822956,14,home,687330,6,38.8,75.1,66.4,76,R,Kevin Kelly,TBR,6,NYY,0,LHH,0,Low,High,medium
0,1,0,0,0,0,2,2026-07-10,other,822955,14,home,687330,8,43.3,45.2,49.2,57.9,R,Kevin Kelly,TBR,6,SEA,0,RHH,0,Low,Low,high
0,0,0,1,0,0,0.1,2026-07-12,other,822951,9,home,687330,9,43.3,45.2,49.2,57.9,R,Kevin Kelly,TBR,2,SEA,0,,2,Low,Low,high
1,2,0,0,0,0,2,2026-07-18,other,824738,29,away,687330,4,43,41.3,32.9,16,R,Kevin Kelly,TBR,7,BOS,0,RHH,0,Low,Low,medium
0,1,0,0,0,0,1.1,2026-07-22,hold,822784,17,away,687330,7,54.7,7.6,29.4,36.4,R,Kevin Kelly,TBR,4,TOR,0,RHH,0,Mid,Low,high
0,2,0,0,0,0,1,2026-07-28,other,822949,12,home,687330,9,36.6,27.1,36.4,46.9,R,Kevin Kelly,TBR,3,TEX,0,RHH,0,Low,Low,high
0,3,0,0,0,0,1,2026-07-29,hold,822947,11,home,687330,8,36.6,27.1,36.4,46.9,R,Kevin Kelly,TBR,3,TEX,0,LHH,0,Low,Low,high
0,2,0,0,0,0,1,2026-08-01,hold,822944,12,home,687330,7,32.2,45.8,54.2,79.5,R,Kevin Kelly,TBR,3,CHW,0,RHH,1,Low,Mid,high
0,0,0,0,0,0,0.1,2026-08-03,other,824324,1,away,687330,9,34.5,31.8,26.1,13.5,R,Kevin Kelly,TBR,1,COL,0,LHH,1,Low,Low,high
1,0,0,1,0,0,1,2026-08-04,other,824321,8,away,687330,9,34.5,31.8,26.1,13.5,R,Kevin Kelly,TBR,5,COL,0,LHH,0,Low,Low,high
0,1,0,0,0,0,0.2,2026-08-07,hold,823103,7,away,687330,8,43.3,45.2,49.2,57.9,R,Kevin Kelly,TBR,2,SEA,0,,2,Low,Low,high
1,0,0,0,0,0,1.1,2026-08-08,hold,823102,11,away,687330,7,43.3,45.2,49.2,57.9,R,Kevin Kelly,TBR,4,SEA,0,RHH,1,Low,Low,high
0,0,0,0,0,0,1,2026-08-10,other,824969,7,away,687330,9,42.3,37.3,48.1,64.7,R,Kevin Kelly,TBR,3,ATH,0,LHH,0,Low,Low,high
1,4,0,0,0,0,3,2026-06-27,other,822960,34,home,675627,3,58.2,31.7,40.5,37.8,R,Michael Grove,TBR,10,ARI,0,RHH,0,Mid,Low,medium
4,0,3,0,2,1,2,2026-08-03,other,824324,28,away,675627,7,34.5,31.8,26.1,13.5,R,Michael Grove,TBR,10,COL,0,,0,Low,Low,medium
2,2,2,0,2,2,2,2026-08-12,other,824967,27,away,675627,8,42.3,37.3,48.1,64.7,R,Michael Grove,TBR,8,ATH,0,LHH,0,Low,Low,high
0,0,2,2,1,0,1,2026-06-07,other,823857,38,away,571927,7,40.1,39.3,48.6,65.4,R,Steven Matz,TBR,6,MIA,0,,0,Low,Low,high
2,0,2,0,2,1,0.1,2026-06-10,other,822970,9,home,571927,8,43,41.3,32.9,16,R,Steven Matz,TBR,3,BOS,1,LHH,1,Low,Low,high
2,1,1,0,1,1,2,2026-06-15,other,823938,20,away,571927,7,68.3,95.7,82.8,78.2,R,Steven Matz,TBR,8,LAD,0,,0,High,High,high
1,1,0,0,0,0,1.2,2026-06-19,hold,822966,25,home,571927,6,43.7,67,67.7,85.6,R,Steven Matz,TBR,6,WSN,0,LHH,0,Low,High,medium
6,2,5,0,5,0,2,2026-06-23,other,822963,43,home,571927,7,57,42.9,50.8,55.5,R,Steven Matz,TBR,12,KCR,0,RHH,0,Mid,Mid,medium
1,0,1,0,1,1,1.1,2026-07-28,other,822949,22,home,571927,6,36.6,27.1,36.4,46.9,R,Steven Matz,TBR,5,TEX,0,LHH,0,Low,Low,medium
0,3,0,1,0,0,2,2026-07-30,other,822946,33,home,571927,6,36.6,27.1,36.4,46.9,R,Steven Matz,TBR,7,TEX,0,LHH,0,Low,Low,medium
0,0,0,0,0,0,1,2026-08-02,other,822943,13,home,571927,7,32.2,45.8,54.2,79.5,R,Steven Matz,TBR,3,CHW,0,LHH,0,Low,Mid,medium
1,1,0,0,0,0,1.1,2026-08-04,other,824321,16,away,571927,8,34.5,31.8,26.1,13.5,R,Steven Matz,TBR,5,COL,0,RHH,0,Low,Low,high
0,2,0,0,0,0,2,2026-08-08,other,823102,20,away,571927,5,43.3,45.2,49.2,57.9,R,Steven Matz,TBR,6,SEA,0,LHH,0,Low,Low,medium
0,0,0,0,0,0,1,2026-08-09,save,823104,14,away,571927,9,43.3,45.2,49.2,57.9,R,Steven Matz,TBR,5,SEA,0,RHH,0,Low,Low,high
0,1,0,0,0,0,1,2026-08-12,other,824967,9,away,571927,6,42.3,37.3,48.1,64.7,R,Steven Matz,TBR,4,ATH,0,,0,Low,Low,low
1,1,1,0,1,0,1,2026-03-26,hold,824865,14,home,669330,8,39.7,33.8,47.1,67.6,R,Tyler Wells,TBR,4,MIN,0,RHH,0,Low,Low,high
2,2,1,2,1,0,0.2,2026-03-29,hold,824864,27,home,669330,8,39.7,33.8,47.1,67.6,R,Tyler Wells,TBR,6,MIN,0,LHH,0,Low,Low,high
3,1,1,0,1,0,1,2026-03-30,other,824863,26,home,669330,9,36.6,27.1,36.4,46.9,R,Tyler Wells,TBR,6,TEX,0,,0,Low,Low,high
0,2,0,0,0,0,2,2026-04-03,other,823406,23,away,669330,6,33.5,60.7,62.1,84.2,R,Tyler Wells,TBR,6,PIT,0,RHH,0,Low,Mid,medium
1,2,0,1,0,0,2,2026-04-06,hold,824619,32,away,669330,6,32.2,45.8,54.2,79.5,R,Tyler Wells,TBR,7,CHW,0,,0,Low,Mid,medium
0,1,0,1,0,0,1,2026-04-08,hold,824617,22,away,669330,6,32.2,45.8,54.2,79.5,R,Tyler Wells,TBR,5,CHW,0,LHH,0,Low,Mid,medium
2,1,1,0,1,1,2,2026-04-12,other,824859,28,home,669330,8,35.1,17.2,38.2,64.4,R,Tyler Wells,TBR,8,SFG,0,RHH,0,Low,Low,high
3,0,3,0,2,1,1,2026-04-15,other,824855,14,home,669330,10,58.2,31.7,40.5,37.8,R,Tyler Wells,TBR,6,ARI,0,LHH,0,Mid,Low,high
0,1,0,0,0,0,0.1,2026-04-16,other,824453,6,away,669330,8,50,36.8,42.8,44.4,R,Tyler Wells,TBR,1,CLE,0,RHH,1,Mid,Low,high
0,5,0,0,0,0,2,2026-04-19,other,824452,23,away,669330,6,50,36.8,42.8,44.4,R,Tyler Wells,TBR,6,CLE,0,LHH,0,Mid,Low,medium
1,0,0,0,0,0,1.2,2026-04-22,hold,824123,10,away,669330,7,57,42.9,50.8,55.5,R,Tyler Wells,TBR,5,KCR,0,,0,Mid,Mid,high
1,1,0,0,0,0,1.1,2026-04-25,other,824851,23,home,669330,2,43,41.3,32.9,16,R,Tyler Wells,TBR,5,BOS,0,LHH,3,Low,Low,medium
1,0,0,0,0,0,1,2026-04-30,other,824850,16,home,669330,8,38.5,45.2,48.8,60.3,R,Tyler Wells,TBR,4,HOU,0,RHH,0,Low,Low,high
3,1,1,0,1,0,1.1,2026-05-01,other,823557,25,away,669330,7,38.8,75.1,66.4,76,R,Tyler Wells,TBR,7,NYY,0,RHH,3,Low,High,high
1,1,0,2,0,0,1,2026-05-12,other,824843,23,home,669330,9,38.8,75.1,66.4,76,R,Tyler Wells,TBR,5,NYY,0,RHH,0,Low,High,high
3,2,1,0,1,0,2,2026-05-17,other,822738,38,away,669330,6,43.7,67,67.7,85.6,R,Tyler Wells,TBR,9,WSN,0,LHH,0,Low,High,low
0,0,0,0,0,0,1,2026-05-20,hold,822977,17,away,669330,7,77.8,34.8,51.2,51,R,Tyler Wells,TBR,3,TBR,0,LHH,0,High,Mid,high
0,1,0,0,0,0,1,2026-05-22,hold,824842,13,home,669330,8,43.2,42.5,49.7,62.5,R,Tyler Wells,TBR,3,DET,0,LHH,0,Low,Low,high
1,3,3,0,1,1,2,2026-05-25,other,824838,29,home,669330,11,77.8,34.8,51.2,51,R,Tyler Wells,TBR,7,TBR,0,LHH,0,High,Mid,high
0,1,0,0,0,0,1,2026-05-29,hold,824835,6,home,669330,7,54.7,7.6,29.4,36.4,R,Tyler Wells,TBR,3,TOR,0,LHH,0,Mid,Low,high
4,0,4,1,4,1,1,2026-05-31,other,824832,30,home,669330,8,54.7,7.6,29.4,36.4,R,Tyler Wells,TBR,8,TOR,0,RHH,0,Mid,Low,high
0,1,0,0,0,0,1,2026-06-04,other,824753,12,away,669330,7,43,41.3,32.9,16,R,Tyler Wells,TBR,3,BOS,0,RHH,0,Low,Low,medium
0,0,0,0,0,0,0.2,2026-06-07,other,822807,7,away,669330,8,54.7,7.6,29.4,36.4,R,Tyler Wells,TBR,2,TOR,0,LHH,0,Mid,Low,high
1,1,0,0,0,0,1,2026-06-09,other,824830,8,home,669330,9,43.3,45.2,49.2,57.9,R,Tyler Wells,TBR,3,SEA,0,RHH,0,Low,Low,high
0,4,0,1,0,0,3,2026-06-11,other,824827,39,home,669330,5,43.3,45.2,49.2,57.9,R,Tyler Wells,TBR,10,SEA,0,LHH,0,Low,Low,medium
2,3,0,0,0,0,1.2,2026-06-19,hold,823936,29,away,669330,7,68.3,95.7,82.8,78.2,R,Tyler Wells,TBR,7,LAD,0,LHH,0,High,High,high
1,4,0,1,0,0,1.1,2026-06-24,hold,824018,28,away,669330,5,22.6,13.1,27.4,47.2,R,Tyler Wells,TBR,6,LAA,0,RHH,1,Low,Low,medium
0,0,0,0,0,0,0.2,2026-06-26,hold,824824,6,home,669330,7,43.7,67,67.7,85.6,R,Tyler Wells,TBR,2,WSN,0,LHH,1,Low,High,high
2,1,1,0,1,1,1,2026-06-28,other,824821,16,home,669330,5,43.7,67,67.7,85.6,R,Tyler Wells,TBR,5,WSN,1,LHH,1,Low,High,medium
0,2,0,0,0,0,2,2026-07-01,other,824818,20,home,669330,7,32.2,45.8,54.2,79.5,R,Tyler Wells,TBR,6,CHW,0,LHH,0,Low,Mid,medium
0,1,0,0,0,0,1,2026-07-03,save,824498,10,away,669330,9,32.7,40.9,35.4,31,R,Tyler Wells,TBR,3,CIN,0,LHH,0,Low,Low,high
1,0,0,1,0,0,1,2026-07-04,save,824499,16,away,669330,9,32.7,40.9,35.4,31,R,Tyler Wells,TBR,5,CIN,0,LHH,0,Low,Low,high
0,1,0,0,0,0,1,2026-07-08,other,824815,11,home,669330,9,62.9,82.6,69.2,58.4,R,Tyler Wells,TBR,3,CHC,0,LHH,0,Mid,High,high
2,1,1,0,1,0,1,2026-07-09,other,824816,23,home,669330,8,62.9,82.6,69.2,58.4,R,Tyler Wells,TBR,5,CHC,0,RHH,0,Mid,High,high
0,1,0,0,0,0,1,2026-07-11,other,824813,12,home,669330,9,57,42.9,50.8,55.5,R,Tyler Wells,TBR,3,KCR,0,LHH,0,Mid,Mid,high
1,1,0,1,0,0,1,2026-07-17,save,824170,29,away,669330,9,38.5,45.2,48.8,60.3,R,Tyler Wells,TBR,5,HOU,0,RHH,0,Low,Low,high
0,1,0,0,0,0,1,2026-07-18,other,824169,14,away,669330,9,38.5,45.2,48.8,60.3,R,Tyler Wells,TBR,3,HOU,0,RHH,0,Low,Low,high
1,3,1,0,1,1,1.1,2026-07-20,other,824736,21,away,669330,7,43,41.3,32.9,16,R,Tyler Wells,TBR,5,BOS,0,LHH,1,Low,Low,high
0,0,0,0,0,0,1,2026-07-22,other,824732,9,away,669330,9,43,41.3,32.9,16,R,Tyler Wells,TBR,4,BOS,0,,0,Low,Low,high
1,2,0,0,0,0,1,2026-07-24,other,824812,17,home,669330,9,51.3,55.8,59,68.1,R,Tyler Wells,TBR,4,ATL,0,,0,Mid,Mid,high
0,0,0,1,0,0,1,2026-07-26,other,824810,16,home,669330,10,51.3,55.8,59,68.1,R,Tyler Wells,TBR,4,ATL,0,LHH,0,Mid,Mid,high
0,0,0,1,0,0,2,2026-07-29,other,824242,12,away,669330,9,43.2,42.5,49.7,62.5,R,Tyler Wells,TBR,6,DET,0,LHH,0,Low,Low,high
0,0,0,0,0,0,1,2026-07-31,save,824809,10,home,669330,9,32.1,30.7,33.4,37.3,R,Tyler Wells,TBR,3,PHI,0,LHH,0,Low,Low,high
0,4,0,1,0,0,1.1,2026-08-05,hold,824322,19,away,669330,6,34.5,31.8,26.1,13.5,R,Tyler Wells,TBR,5,COL,0,LHH,2,Low,Low,high
1,1,0,0,0,0,2,2026-08-08,other,823102,26,away,669330,3,43.3,45.2,49.2,57.9,R,Tyler Wells,TBR,7,SEA,0,LHH,0,Low,Low,medium
1,3,0,1,0,0,1,2026-08-10,other,824969,26,away,669330,8,42.3,37.3,48.1,64.7,R,Tyler Wells,TBR,5,ATH,0,LHH,0,Low,Low,high
2,1,0,0,0,0,2,2026-07-04,other,822882,30,home,687239,7,43.2,42.5,49.7,62.5,R,Ben Peoples,TEX,8,DET,0,LHH,0,Low,Low,medium
0,1,0,0,0,0,1,2026-07-08,other,822880,10,home,687239,7,22.6,13.1,27.4,47.2,R,Ben Peoples,TEX,3,LAA,0,RHH,0,Low,Low,medium
1,1,1,0,1,1,1,2026-07-12,other,822876,12,home,687239,8,38.5,45.2,48.8,60.3,R,Ben Peoples,TEX,4,HOU,0,RHH,0,Low,Low,high
0,0,0,0,0,0,0.1,2026-07-17,other,824901,6,away,687239,7,51.3,55.8,59,68.1,R,Ben Peoples,TEX,1,ATL,0,LHH,1,Mid,Mid,medium
2,1,1,0,1,1,1,2026-07-19,other,824897,26,away,687239,8,51.3,55.8,59,68.1,R,Ben Peoples,TEX,5,ATL,0,LHH,0,Mid,Mid,high
0,0,0,0,0,0,1,2026-07-20,other,822874,15,home,687239,7,32.2,45.8,54.2,79.5,R,Ben Peoples,TEX,3,CHW,0,LHH,0,Low,Mid,medium
1,0,0,0,0,0,1,2026-07-25,other,822869,14,home,687239,9,43.3,45.2,49.2,57.9,R,Ben Peoples,TEX,4,SEA,0,,0,Low,Low,high
1,0,0,0,0,0,1,2026-07-26,other,822870,9,home,687239,8,43.3,45.2,49.2,57.9,R,Ben Peoples,TEX,4,SEA,0,LHH,0,Low,Low,high
0,0,0,1,0,0,1,2026-07-29,other,822947,19,away,687239,8,77.8,34.8,51.2,51,R,Ben Peoples,TEX,4,TBR,0,,0,High,Mid,high
2,1,1,0,1,1,0.2,2026-07-30,other,822946,13,away,687239,8,77.8,34.8,51.2,51,R,Ben Peoples,TEX,4,TBR,0,,0,High,Mid,high
1,0,0,1,0,0,1.1,2026-08-02,other,824163,17,away,687239,7,38.5,45.2,48.8,60.3,R,Ben Peoples,TEX,5,HOU,0,RHH,2,Low,Low,high
0,1,0,1,0,0,1,2026-08-03,other,822867,27,home,687239,7,35.1,17.2,38.2,64.4,R,Ben Peoples,TEX,4,SFG,0,,0,Low,Low,medium
1,0,0,0,0,0,1,2026-04-16,other,825023,12,away,615698,9,42.3,37.3,48.1,64.7,R,Cal Quantrill,TEX,3,ATH,0,RHH,0,Low,Low,high
3,5,3,2,3,0,3,2026-04-18,other,823151,65,away,615698,6,43.3,45.2,49.2,57.9,R,Cal Quantrill,TEX,13,SEA,0,LHH,1,Low,Low,medium
3,2,2,0,2,1,3,2026-04-24,other,822909,45,home,615698,7,42.3,37.3,48.1,64.7,R,Cal Quantrill,TEX,12,ATH,0,,0,Low,Low,medium
2,2,0,2,0,0,3,2026-05-02,other,824284,56,away,615698,3,43.2,42.5,49.7,62.5,R,Cal Quantrill,TEX,12,DET,0,LHH,0,Low,Low,low
3,2,4,2,1,0,3.1,2026-05-08,other,822904,70,home,615698,4,62.9,82.6,69.2,58.4,R,Cal Quantrill,TEX,16,CHC,0,RHH,2,Mid,High,medium
1,1,0,0,0,0,1,2026-05-13,other,822900,16,home,615698,9,58.2,31.7,40.5,37.8,R,Cal Quantrill,TEX,4,ARI,0,RHH,1,Mid,Low,high
0,1,0,1,0,0,2,2026-05-16,other,824193,25,away,615698,7,38.5,45.2,48.8,60.3,R,Cal Quantrill,TEX,6,HOU,0,RHH,0,Low,Low,medium
3,0,0,1,0,0,3,2026-05-22,other,824029,39,away,615698,4,22.6,13.1,27.4,47.2,R,Cal Quantrill,TEX,14,LAA,0,RHH,0,Low,Low,medium
2,1,0,0,0,0,2,2026-05-28,other,822896,29,home,615698,8,38.5,45.2,48.8,60.3,R,Cal Quantrill,TEX,7,HOU,0,RHH,0,Low,Low,high
0,0,0,0,0,0,0.1,2026-06-02,other,823052,1,away,615698,8,41,40.4,42.1,44.7,R,Cal Quantrill,TEX,1,STL,0,RHH,1,Low,Low,high
0,1,0,0,0,0,0.2,2026-06-03,other,823051,7,away,615698,8,41,40.4,42.1,44.7,R,Cal Quantrill,TEX,2,STL,0,RHH,0,Low,Low,high
1,2,0,1,0,0,2.1,2026-06-06,other,822891,39,home,615698,5,50,36.8,42.8,44.4,R,Cal Quantrill,TEX,10,CLE,0,LHH,1,Mid,Low,low
1,1,1,0,1,1,2,2026-06-12,other,824752,38,away,615698,6,43,41.3,32.9,16,R,Cal Quantrill,TEX,9,BOS,0,,0,Low,Low,low
3,0,3,1,3,0,0.2,2026-06-16,other,822888,20,home,615698,4,39.7,33.8,47.1,67.6,R,Cal Quantrill,TEX,6,MIN,2,LHH,2,Low,Low,low
4,1,2,0,2,1,2,2026-06-18,other,822889,36,home,615698,7,39.7,33.8,47.1,67.6,R,Cal Quantrill,TEX,10,MIN,0,LHH,0,Low,Low,medium
2,1,2,3,2,0,3,2026-07-22,other,822873,55,home,615698,3,32.2,45.8,54.2,79.5,R,Cal Quantrill,TEX,14,CHW,0,LHH,0,Low,Mid,medium
0,0,0,0,0,0,1,2026-08-08,other,822864,10,home,615698,9,31.6,69.3,61.4,73.6,R,Cal Quantrill,TEX,3,BAL,0,LHH,0,Low,Mid,high
0,0,0,0,0,0,0.1,2026-03-26,hold,824218,1,away,681217,7,38.5,45.2,48.8,60.3,R,Chase Silseth,TEX,1,HOU,0,LHH,2,Low,Low,high
0,0,0,0,0,0,0.2,2026-03-27,other,824216,10,away,681217,5,38.5,45.2,48.8,60.3,R,Chase Silseth,TEX,2,HOU,0,RHH,1,Low,Low,medium
1,1,0,0,0,0,1,2026-03-29,blown_hold,824215,14,away,681217,5,38.5,45.2,48.8,60.3,R,Chase Silseth,TEX,4,HOU,2,RHH,2,Low,Low,medium
1,1,0,1,0,0,1,2026-03-31,hold,824699,14,away,681217,7,62.9,82.6,69.2,58.4,R,Chase Silseth,TEX,5,CHC,0,RHH,0,Mid,High,high
0,1,0,0,0,0,0.1,2026-04-03,other,824056,5,home,681217,7,43.3,45.2,49.2,57.9,R,Chase Silseth,TEX,1,SEA,0,LHH,1,Low,Low,high
0,2,0,0,0,0,1,2026-04-04,hold,824054,16,home,681217,7,43.3,45.2,49.2,57.9,R,Chase Silseth,TEX,3,SEA,0,LHH,2,Low,Low,high
2,1,1,1,1,1,0.2,2026-04-06,other,824052,28,home,681217,9,51.3,55.8,59,68.1,R,Chase Silseth,TEX,5,ATL,0,RHH,0,Mid,Mid,high
0,1,1,4,1,0,0.1,2026-04-11,other,824535,25,away,681217,8,32.7,40.9,35.4,31,R,Chase Silseth,TEX,5,CIN,1,RHH,1,Low,Low,high
0,1,0,0,0,0,1,2026-04-14,other,823562,18,away,681217,8,38.8,75.1,66.4,76,R,Chase Silseth,TEX,3,NYY,1,LHH,2,Low,High,high
1,1,0,0,0,0,1,2026-04-16,other,823560,17,away,681217,9,38.8,75.1,66.4,76,R,Chase Silseth,TEX,4,NYY,0,,0,Low,High,high
0,0,0,0,0,0,0.1,2026-04-17,other,824048,1,home,681217,6,40.5,52.4,53.2,63.3,R,Chase Silseth,TEX,1,SDP,0,LHH,2,Low,Mid,high
1,1,0,0,0,0,1,2026-04-20,other,824046,12,home,681217,7,54.7,7.6,29.4,36.4,R,Chase Silseth,TEX,4,TOR,1,,1,Mid,Low,high
2,0,1,0,1,0,0.2,2026-04-22,blown_save,824044,17,home,681217,7,54.7,7.6,29.4,36.4,R,Chase Silseth,TEX,4,TOR,2,,2,Mid,Low,high
2,0,1,2,1,0,1,2026-04-25,other,824121,23,away,681217,6,57,42.9,50.8,55.5,R,Chase Silseth,TEX,6,KCR,0,,0,Mid,Mid,medium
0,0,0,2,0,0,0.2,2026-04-29,other,824608,13,away,681217,6,32.2,45.8,54.2,79.5,R,Chase Silseth,TEX,4,CHW,0,LHH,1,Low,Mid,medium
1,0,0,0,0,0,0.1,2026-05-01,blown_save,824041,6,home,681217,6,30.6,40,42.5,53.8,R,Chase Silseth,TEX,2,NYM,2,,2,Low,Low,high
1,4,0,0,0,0,2,2026-05-06,other,824036,28,home,681217,8,32.2,45.8,54.2,79.5,R,Chase Silseth,TEX,7,CHW,0,RHH,0,Low,Mid,high
0,0,0,2,0,0,1,2026-05-12,other,824442,22,away,681217,6,50,36.8,42.8,44.4,R,Chase Silseth,TEX,5,CLE,0,LHH,0,Mid,Low,medium
1,0,0,0,0,0,0.2,2026-05-16,other,824038,15,home,681217,6,68.3,95.7,82.8,78.2,R,Chase Silseth,TEX,4,LAD,3,,3,High,High,high
0,0,0,0,0,0,0.2,2026-05-18,other,824035,4,home,681217,9,42.3,37.3,48.1,64.7,R,Chase Silseth,TEX,1,ATH,0,LHH,3,Low,Low,high
1,2,1,1,0,0,1,2026-05-20,other,824032,15,home,681217,10,42.3,37.3,48.1,64.7,R,Chase Silseth,TEX,5,ATH,0,RHH,0,Low,Low,high
0,0,0,0,0,0,0.1,2026-05-21,other,824031,5,home,681217,7,42.3,37.3,48.1,64.7,R,Chase Silseth,TEX,1,ATH,0,LHH,1,Low,Low,high
0,1,0,0,0,0,0.1,2026-05-23,hold,824030,4,home,681217,7,36.6,27.1,36.4,46.9,R,Chase Silseth,TEX,1,TEX,0,RHH,1,Low,Low,high
0,1,0,0,0,0,1,2026-05-26,hold,824275,15,away,681217,8,43.2,42.5,49.7,62.5,R,Chase Silseth,TEX,3,DET,0,LHH,0,Low,Low,high
1,1,0,0,0,0,1,2026-05-30,other,822975,20,away,681217,8,77.8,34.8,51.2,51,R,Chase Silseth,TEX,4,TBR,0,,0,High,Mid,high
1,1,0,0,0,0,1.1,2026-06-01,other,824027,20,home,681217,5,34.5,31.8,26.1,13.5,R,Chase Silseth,TEX,5,COL,1,,2,Low,Low,medium
0,1,0,1,0,0,1,2026-06-05,other,823943,20,away,681217,7,68.3,95.7,82.8,78.2,R,Chase Silseth,TEX,4,LAD,0,RHH,0,High,High,high
1,2,0,1,0,0,1,2026-06-07,other,823941,21,away,681217,7,68.3,95.7,82.8,78.2,R,Chase Silseth,TEX,5,LAD,0,RHH,2,High,High,high
1,1,1,0,1,1,1,2026-06-10,blown_save,824022,15,home,681217,8,38.5,45.2,48.8,60.3,R,Chase Silseth,TEX,4,HOU,0,RHH,0,Low,Low,high
1,2,0,0,0,0,1,2026-06-12,hold,824020,16,home,681217,6,77.8,34.8,51.2,51,R,Chase Silseth,TEX,4,TBR,0,RHH,0,High,Mid,medium
1,1,0,0,0,0,0.2,2026-06-14,blown_hold,824021,10,home,681217,3,77.8,34.8,51.2,51,R,Chase Silseth,TEX,3,TBR,2,LHH,3,High,Mid,medium
1,2,0,0,0,0,1,2026-06-16,other,825070,18,away,681217,9,58.2,31.7,40.5,37.8,R,Chase Silseth,TEX,4,ARI,0,,0,Mid,Low,high
1,1,2,1,2,1,1,2026-06-19,other,824990,20,away,681217,8,42.3,37.3,48.1,64.7,R,Chase Silseth,TEX,5,ATH,0,RHH,0,Low,Low,high
0,2,0,1,0,0,1,2026-06-21,other,824987,24,away,681217,8,42.3,37.3,48.1,64.7,R,Chase Silseth,TEX,4,ATH,0,LHH,0,Low,Low,high
1,1,0,0,0,0,0.2,2026-06-23,other,824017,9,home,681217,7,31.6,69.3,61.4,73.6,R,Chase Silseth,TEX,3,BAL,1,LHH,2,Low,Mid,high
2,1,1,0,1,0,1,2026-06-24,other,824018,12,home,681217,10,31.6,69.3,61.4,73.6,R,Chase Silseth,TEX,5,BAL,0,LHH,0,Low,Mid,high
0,1,0,0,0,0,0.1,2026-06-27,other,824015,9,home,681217,6,42.3,37.3,48.1,64.7,R,Chase Silseth,TEX,1,ATH,0,RHH,2,Low,Low,high
2,3,2,1,2,0,1,2026-06-30,other,823122,32,away,681217,6,43.3,45.2,49.2,57.9,R,Chase Silseth,TEX,6,SEA,2,LHH,2,Low,Low,high
0,2,0,0,0,0,1,2026-07-04,other,824012,11,home,681217,7,43,41.3,32.9,16,R,Chase Silseth,TEX,3,BOS,0,RHH,0,Low,Low,medium
3,1,2,1,2,0,0.2,2026-07-05,other,824010,30,home,681217,7,43,41.3,32.9,16,R,Chase Silseth,TEX,6,BOS,0,,0,Low,Low,high
0,0,0,0,0,0,1,2026-07-09,other,822877,7,away,681217,5,36.6,27.1,36.4,46.9,R,Chase Silseth,TEX,3,TEX,0,RHH,0,Low,Low,low
0,4,0,1,0,0,1.2,2026-07-12,other,823681,33,away,681217,6,39.7,33.8,47.1,67.6,R,Chase Silseth,TEX,6,MIN,0,LHH,0,Low,Low,medium
1,0,0,0,0,0,1,2026-07-19,hold,824007,14,home,681217,7,43.2,42.5,49.7,62.5,R,Chase Silseth,TEX,4,DET,0,LHH,0,Low,Low,high
0,1,0,0,0,0,0.2,2026-07-21,other,824005,14,home,681217,8,41,40.4,42.1,44.7,R,Chase Silseth,TEX,2,STL,0,,0,Low,Low,high
2,0,1,1,0,0,0.1,2026-07-24,other,823196,14,away,681217,10,35.1,17.2,38.2,64.4,R,Chase Silseth,TEX,4,SFG,0,LHH,0,Low,Low,high
1,1,0,0,0,0,1,2026-07-26,hold,823194,12,away,681217,7,35.1,17.2,38.2,64.4,R,Chase Silseth,TEX,4,SFG,0,LHH,0,Low,Low,medium
0,1,0,1,0,0,1,2026-07-27,hold,824001,20,home,681217,7,38.5,45.2,48.8,60.3,R,Chase Silseth,TEX,4,HOU,0,,0,Low,Low,medium
1,2,0,1,0,0,1,2026-08-01,other,824162,20,away,681217,8,38.5,45.2,48.8,60.3,R,Chase Silseth,TEX,6,HOU,0,RHH,0,Low,Low,high
1,0,2,1,2,1,0.2,2026-08-04,blown_save,822865,14,home,681217,7,35.1,17.2,38.2,64.4,R,Chase Silseth,TEX,4,SFG,0,LHH,0,Low,Low,high
1,1,0,1,0,0,1,2026-08-05,other,822866,16,home,681217,8,35.1,17.2,38.2,64.4,R,Chase Silseth,TEX,5,SFG,0,LHH,0,Low,Low,high
1,0,0,1,0,0,1.1,2026-08-08,hold,822864,18,home,681217,7,31.6,69.3,61.4,73.6,R,Chase Silseth,TEX,5,BAL,0,RHH,1,Low,Mid,high
1,0,0,1,0,0,0.2,2026-08-10,other,823998,9,away,681217,7,22.6,13.1,27.4,47.2,R,Chase Silseth,TEX,4,LAA,0,,0,Low,Low,high
0,2,0,0,0,0,1,2026-08-11,other,823997,11,away,681217,8,22.6,13.1,27.4,47.2,R,Chase Silseth,TEX,3,LAA,0,RHH,0,Low,Low,high
1,2,0,1,0,0,1,2026-03-28,other,823488,19,away,668390,5,32.1,30.7,33.4,37.3,R,Cole Winn,TEX,5,PHI,0,RHH,1,Low,Low,medium
0,0,0,0,0,0,0.2,2026-03-29,hold,823487,11,away,668390,6,32.1,30.7,33.4,37.3,R,Cole Winn,TEX,2,PHI,1,,3,Low,Low,high
0,1,0,1,0,0,1.1,2026-03-31,other,824861,14,away,668390,5,31.6,69.3,61.4,73.6,R,Cole Winn,TEX,5,BAL,0,RHH,1,Low,Mid,medium
2,1,0,0,0,0,1,2026-04-03,other,822919,17,home,668390,7,32.7,40.9,35.4,31,R,Cole Winn,TEX,5,CIN,0,RHH,0,Low,Low,high
1,1,0,0,0,0,1,2026-04-05,other,822917,14,home,668390,7,32.7,40.9,35.4,31,R,Cole Winn,TEX,4,CIN,0,,0,Low,Low,high
0,0,0,0,0,0,0.1,2026-04-06,hold,822918,3,home,668390,7,43.3,45.2,49.2,57.9,R,Cole Winn,TEX,1,SEA,0,LHH,1,Low,Low,high
1,1,0,0,0,0,1,2026-04-08,save,822915,16,home,668390,9,43.3,45.2,49.2,57.9,R,Cole Winn,TEX,4,SEA,0,LHH,0,Low,Low,high
0,1,0,1,0,0,1.1,2026-04-12,hold,823966,21,away,668390,7,68.3,95.7,82.8,78.2,R,Cole Winn,TEX,5,LAD,0,RHH,2,High,High,high
2,2,3,1,3,2,1,2026-04-15,other,825021,32,away,668390,6,42.3,37.3,48.1,64.7,R,Cole Winn,TEX,6,ATH,1,,1,Low,Low,medium
0,1,0,1,0,0,1,2026-04-17,hold,823152,12,away,668390,8,43.3,45.2,49.2,57.9,R,Cole Winn,TEX,4,SEA,0,RHH,0,Low,Low,high
1,2,0,0,0,0,1,2026-04-21,other,822914,12,home,668390,7,33.5,60.7,62.1,84.2,R,Cole Winn,TEX,4,PIT,0,RHH,0,Low,Mid,medium
2,1,3,0,3,0,0.1,2026-04-22,other,822913,19,home,668390,9,33.5,60.7,62.1,84.2,R,Cole Winn,TEX,4,PIT,0,,0,Low,Mid,high
0,1,0,0,0,0,1,2026-04-25,other,822910,10,home,668390,6,42.3,37.3,48.1,64.7,R,Cole Winn,TEX,3,ATH,0,RHH,0,Low,Low,medium
1,1,1,0,1,1,1,2026-04-28,other,822908,20,home,668390,9,38.8,75.1,66.4,76,R,Cole Winn,TEX,4,NYY,0,LHH,0,Low,High,high
1,1,1,1,1,0,0.2,2026-05-01,other,824287,25,away,668390,4,43.2,42.5,49.7,62.5,R,Cole Winn,TEX,4,DET,0,RHH,2,Low,Low,medium
2,0,0,0,0,0,0.1,2026-05-07,other,823551,7,away,668390,6,38.8,75.1,66.4,76,R,Cole Winn,TEX,3,NYY,2,RHH,2,Low,High,high
0,1,0,0,0,0,1,2026-05-09,other,822905,11,home,668390,7,62.9,82.6,69.2,58.4,R,Cole Winn,TEX,3,CHC,0,RHH,0,Mid,High,medium
2,1,0,1,0,0,1,2026-05-11,other,822901,17,home,668390,7,58.2,31.7,40.5,37.8,R,Cole Winn,TEX,6,ARI,0,RHH,1,Mid,Low,high
2,1,1,0,1,0,1,2026-05-13,hold,822900,9,home,668390,6,58.2,31.7,40.5,37.8,R,Cole Winn,TEX,5,ARI,0,RHH,0,Mid,Low,medium
2,3,1,0,1,0,1,2026-05-15,other,824194,24,away,668390,8,38.5,45.2,48.8,60.3,R,Cole Winn,TEX,6,HOU,0,RHH,0,Low,Low,high
0,1,0,0,0,0,1,2026-05-18,other,824357,5,away,668390,7,34.5,31.8,26.1,13.5,R,Cole Winn,TEX,3,COL,0,RHH,0,Low,Low,medium
2,0,2,0,2,0,0.1,2026-05-23,other,824030,16,away,668390,8,22.6,13.1,27.4,47.2,R,Cole Winn,TEX,3,LAA,0,RHH,0,Low,Low,high
0,0,0,0,0,0,0.2,2026-06-09,other,824105,8,away,668390,7,57,42.9,50.8,55.5,R,Cole Winn,TEX,2,KCR,0,RHH,1,Mid,Mid,high
0,0,0,1,0,0,1,2026-06-11,hold,824101,12,away,668390,7,57,42.9,50.8,55.5,R,Cole Winn,TEX,3,KCR,0,LHH,0,Mid,Mid,high
2,2,2,0,2,0,0.2,2026-06-13,other,824749,18,away,668390,7,43,41.3,32.9,16,R,Cole Winn,TEX,4,BOS,0,RHH,0,Low,Low,high
0,1,0,0,0,0,1,2026-06-18,other,822889,9,home,668390,9,39.7,33.8,47.1,67.6,R,Cole Winn,TEX,3,MIN,0,LHH,0,Low,Low,high
1,0,2,0,1,0,0.2,2026-06-20,hold,822885,14,home,668390,8,40.5,52.4,53.2,63.3,R,Cole Winn,TEX,4,SDP,0,RHH,0,Low,Mid,high
2,0,2,1,2,1,0.2,2026-06-24,other,823850,15,away,668390,8,40.1,39.3,48.6,65.4,R,Cole Winn,TEX,5,MIA,0,RHH,0,Low,Low,high
2,2,2,0,2,1,2,2026-06-28,blown_save,822795,28,away,668390,7,54.7,7.6,29.4,36.4,R,Cole Winn,TEX,8,TOR,0,RHH,0,Mid,Low,high
2,0,2,0,2,0,1,2026-07-01,other,824419,12,away,668390,6,50,36.8,42.8,44.4,R,Cole Winn,TEX,5,CLE,0,LHH,0,Mid,Low,medium
2,1,1,0,1,0,1,2026-07-02,other,822884,17,home,668390,8,43.2,42.5,49.7,62.5,R,Cole Winn,TEX,5,DET,0,RHH,0,Low,Low,high
1,3,0,0,0,0,2,2026-07-05,other,822879,25,home,668390,7,43.2,42.5,49.7,62.5,R,Cole Winn,TEX,7,DET,0,,0,Low,Low,medium
0,0,0,0,0,0,1,2026-07-07,other,822881,8,home,668390,6,22.6,13.1,27.4,47.2,R,Cole Winn,TEX,3,LAA,0,RHH,0,Low,Low,medium
0,0,0,0,0,0,0.1,2026-07-09,other,822877,3,home,668390,9,22.6,13.1,27.4,47.2,R,Cole Winn,TEX,1,LAA,0,RHH,2,Low,Low,high
0,0,0,0,0,0,1.1,2026-07-10,other,822878,17,home,668390,7,38.5,45.2,48.8,60.3,R,Cole Winn,TEX,4,HOU,0,RHH,0,Low,Low,high
0,1,0,1,0,0,0.2,2026-07-12,hold,822876,11,home,668390,6,38.5,45.2,48.8,60.3,R,Cole Winn,TEX,3,HOU,0,RHH,1,Low,Low,medium
2,2,0,0,0,0,1,2026-07-19,other,824897,19,away,668390,6,51.3,55.8,59,68.1,R,Cole Winn,TEX,5,ATL,0,LHH,0,Mid,Mid,medium
0,0,0,0,0,0,0.1,2026-07-24,hold,822872,2,home,668390,8,43.3,45.2,49.2,57.9,R,Cole Winn,TEX,1,SEA,0,RHH,1,Low,Low,high
2,1,2,0,2,2,0.2,2026-07-26,blown_save,822870,12,home,668390,7,43.3,45.2,49.2,57.9,R,Cole Winn,TEX,4,SEA,2,,2,Low,Low,high
0,0,0,0,0,0,0.2,2026-08-01,other,824162,9,away,668390,4,38.5,45.2,48.8,60.3,R,Cole Winn,TEX,2,HOU,1,RHH,3,Low,Low,medium
3,1,2,1,2,0,0.1,2026-08-02,other,824163,20,away,668390,7,38.5,45.2,48.8,60.3,R,Cole Winn,TEX,5,HOU,2,RHH,2,Low,Low,high
1,0,0,0,0,0,1,2026-08-05,other,822866,11,home,668390,9,35.1,17.2,38.2,64.4,R,Cole Winn,TEX,4,SFG,0,LHH,0,Low,Low,high
2,3,1,3,1,0,2,2026-08-09,other,822862,42,home,668390,8,31.6,69.3,61.4,73.6,R,Cole Winn,TEX,10,BAL,0,RHH,0,Low,Mid,high
0,0,0,0,0,0,1,2026-04-01,other,824860,14,away,656641,8,31.6,69.3,61.4,73.6,R,Jacob Latz,TEX,3,BAL,0,LHH,0,Low,Mid,high
0,2,0,0,0,0,1,2026-04-04,other,822920,15,home,656641,7,32.7,40.9,35.4,31,R,Jacob Latz,TEX,3,CIN,0,RHH,0,Low,Low,high
0,1,0,1,0,0,1,2026-04-05,other,822917,19,home,656641,6,32.7,40.9,35.4,31,R,Jacob Latz,TEX,4,CIN,0,RHH,0,Low,Low,medium
0,2,0,0,0,0,2,2026-04-07,hold,822916,23,home,656641,7,43.3,45.2,49.2,57.9,R,Jacob Latz,TEX,6,SEA,0,LHH,0,Low,Low,high
1,2,1,0,1,1,0.2,2026-04-10,other,823968,16,away,656641,9,68.3,95.7,82.8,78.2,R,Jacob Latz,TEX,3,LAD,0,LHH,0,High,High,high
2,0,1,1,1,0,0.2,2026-04-12,hold,823966,15,away,656641,7,68.3,95.7,82.8,78.2,R,Jacob Latz,TEX,5,LAD,0,LHH,0,High,High,high
0,0,0,0,0,0,1,2026-04-15,other,825021,11,away,656641,8,42.3,37.3,48.1,64.7,R,Jacob Latz,TEX,3,ATH,0,RHH,0,Low,Low,high
1,0,0,0,0,0,0.1,2026-04-16,blown_save,825023,7,away,656641,8,42.3,37.3,48.1,64.7,R,Jacob Latz,TEX,2,ATH,3,LHH,3,Low,Low,high
0,0,0,0,0,0,1,2026-04-17,other,823152,11,away,656641,9,43.3,45.2,49.2,57.9,R,Jacob Latz,TEX,3,SEA,0,LHH,0,Low,Low,high
0,2,0,0,0,0,1,2026-04-21,other,822914,14,home,656641,8,33.5,60.7,62.1,84.2,R,Jacob Latz,TEX,3,PIT,0,LHH,0,Low,Mid,high
0,1,0,0,0,0,1,2026-04-25,save,822910,14,home,656641,9,42.3,37.3,48.1,64.7,R,Jacob Latz,TEX,3,ATH,0,RHH,0,Low,Low,high
1,1,0,0,0,0,2,2026-04-29,save,822907,27,home,656641,8,38.8,75.1,66.4,76,R,Jacob Latz,TEX,7,NYY,0,,0,Low,High,high
0,1,0,0,0,0,1,2026-05-01,save,824287,15,away,656641,9,43.2,42.5,49.7,62.5,R,Jacob Latz,TEX,3,DET,0,RHH,0,Low,Low,high
0,1,0,1,0,0,1,2026-05-06,other,823550,21,away,656641,9,38.8,75.1,66.4,76,R,Jacob Latz,TEX,4,NYY,0,,0,Low,High,high
0,1,0,0,0,0,2,2026-05-10,save,822902,20,home,656641,8,62.9,82.6,69.2,58.4,R,Jacob Latz,TEX,6,CHC,0,RHH,0,Mid,High,high
0,0,0,0,0,0,1,2026-05-12,save,822903,12,home,656641,9,58.2,31.7,40.5,37.8,R,Jacob Latz,TEX,3,ARI,2,RHH,3,Mid,Low,high
1,4,0,0,0,0,2,2026-05-20,other,824355,35,away,656641,8,34.5,31.8,26.1,13.5,R,Jacob Latz,TEX,7,COL,0,,0,Low,Low,high
1,2,1,0,1,1,1.1,2026-05-26,save,822898,14,home,656641,8,38.5,45.2,48.8,60.3,R,Jacob Latz,TEX,5,HOU,0,RHH,1,Low,Low,high
1,1,0,0,0,0,1,2026-05-31,save,822895,9,home,656641,9,57,42.9,50.8,55.5,R,Jacob Latz,TEX,4,KCR,0,RHH,0,Mid,Mid,high
0,2,0,0,0,0,1,2026-06-01,save,823050,16,away,656641,9,41,40.4,42.1,44.7,R,Jacob Latz,TEX,3,STL,0,LHH,0,Low,Low,high
1,3,0,1,0,0,2,2026-06-05,save,822892,35,home,656641,8,50,36.8,42.8,44.4,R,Jacob Latz,TEX,8,CLE,0,RHH,0,Mid,Low,high
1,1,0,1,0,0,1,2026-06-10,save,824103,17,away,656641,10,57,42.9,50.8,55.5,R,Jacob Latz,TEX,4,KCR,0,RHH,0,Mid,Mid,high
0,3,0,0,0,0,2,2026-06-11,save,824101,15,away,656641,8,57,42.9,50.8,55.5,R,Jacob Latz,TEX,6,KCR,0,LHH,0,Mid,Mid,high
0,2,0,0,0,0,1.1,2026-06-14,save,824751,24,away,656641,8,43,41.3,32.9,16,R,Jacob Latz,TEX,4,BOS,0,LHH,2,Low,Low,high
1,0,0,0,0,0,1.1,2026-06-19,save,822886,11,home,656641,8,40.5,52.4,53.2,63.3,R,Jacob Latz,TEX,5,SDP,0,RHH,1,Low,Mid,high
0,1,0,0,0,0,1,2026-06-20,other,822885,13,home,656641,9,40.5,52.4,53.2,63.3,R,Jacob Latz,TEX,3,SDP,0,RHH,0,Low,Mid,high
1,2,0,1,0,0,1.1,2026-06-22,save,823851,31,away,656641,8,40.1,39.3,48.6,65.4,R,Jacob Latz,TEX,6,MIA,1,LHH,2,Low,Low,high
2,2,2,0,2,1,1,2026-06-25,save,822797,25,away,656641,9,54.7,7.6,29.4,36.4,R,Jacob Latz,TEX,5,TOR,0,RHH,0,Mid,Low,high
0,0,0,1,0,0,1,2026-06-26,save,822796,14,away,656641,9,54.7,7.6,29.4,36.4,R,Jacob Latz,TEX,4,TOR,0,RHH,0,Mid,Low,high
0,1,0,0,0,0,2,2026-06-29,save,824420,17,away,656641,8,50,36.8,42.8,44.4,R,Jacob Latz,TEX,6,CLE,0,LHH,0,Mid,Low,high
0,2,0,0,0,0,1,2026-06-30,save,824418,13,away,656641,9,50,36.8,42.8,44.4,R,Jacob Latz,TEX,3,CLE,0,RHH,0,Mid,Low,high
1,3,0,1,0,0,1.2,2026-07-09,other,822877,41,home,656641,8,22.6,13.1,27.4,47.2,R,Jacob Latz,TEX,7,LAA,0,RHH,0,Low,Low,high
1,0,0,1,0,0,1,2026-07-12,other,822876,9,home,656641,9,38.5,45.2,48.8,60.3,R,Jacob Latz,TEX,4,HOU,0,RHH,0,Low,Low,high
0,1,0,0,0,0,1.1,2026-07-18,save,824899,15,away,656641,8,51.3,55.8,59,68.1,R,Jacob Latz,TEX,4,ATL,0,LHH,1,Mid,Mid,high
0,1,0,0,0,0,1,2026-07-22,other,822873,14,home,656641,9,32.2,45.8,54.2,79.5,R,Jacob Latz,TEX,3,CHW,0,RHH,0,Low,Mid,high
1,1,1,0,1,0,1,2026-07-24,save,822872,21,home,656641,9,43.3,45.2,49.2,57.9,R,Jacob Latz,TEX,4,SEA,0,RHH,0,Low,Low,high
2,2,1,0,1,0,1,2026-07-27,other,822868,22,home,656641,9,43.3,45.2,49.2,57.9,R,Jacob Latz,TEX,5,SEA,0,LHH,0,Low,Low,high
0,0,0,0,0,0,1,2026-07-28,save,822949,10,away,656641,9,77.8,34.8,51.2,51,R,Jacob Latz,TEX,3,TBR,0,LHH,0,High,Mid,high
2,1,2,1,1,0,1,2026-08-04,blown_save,822865,24,home,656641,9,35.1,17.2,38.2,64.4,R,Jacob Latz,TEX,6,SFG,0,LHH,0,Low,Low,high
2,3,0,1,0,0,2,2026-08-07,save,822863,32,home,656641,8,31.6,69.3,61.4,73.6,R,Jacob Latz,TEX,8,BAL,0,RHH,0,Low,Mid,high
0,1,0,1,0,0,1,2026-08-10,save,823998,24,away,656641,10,22.6,13.1,27.4,47.2,R,Jacob Latz,TEX,4,LAA,0,RHH,0,Low,Low,high
6,2,3,1,3,2,4,2026-08-09,other,822862,79,home,656756,4,31.6,69.3,61.4,73.6,R,Jordan Montgomery,TEX,19,BAL,1,LHH,1,Low,Mid,medium
3,7,0,3,0,0,7.2,2026-05-19,other,824356,103,away,677958,2,34.5,31.8,26.1,13.5,R,Kumar Rocker,TEX,28,COL,0,LHH,0,Low,Low,low
5,9,2,0,2,0,5,2026-06-22,other,823851,76,away,677958,2,40.1,39.3,48.6,65.4,R,Kumar Rocker,TEX,19,MIA,0,LHH,0,Low,Low,medium
0,1,0,0,0,0,1,2026-04-23,other,822912,10,home,682608,9,33.5,60.7,62.1,84.2,R,Peyton Gray,TEX,3,PIT,0,RHH,0,Low,Mid,high
1,1,0,2,0,0,1,2026-04-26,other,822911,21,home,682608,9,42.3,37.3,48.1,64.7,R,Peyton Gray,TEX,6,ATH,0,,0,Low,Low,high
1,1,0,2,0,0,2,2026-04-27,other,822906,41,home,682608,7,38.8,75.1,66.4,76,R,Peyton Gray,TEX,9,NYY,0,LHH,0,Low,High,medium
2,2,0,1,0,0,2,2026-05-02,other,824284,35,away,682608,6,43.2,42.5,49.7,62.5,R,Peyton Gray,TEX,9,DET,0,LHH,0,Low,Low,low
2,1,1,1,1,0,1,2026-05-07,other,823551,33,away,682608,7,38.8,75.1,66.4,76,R,Peyton Gray,TEX,6,NYY,0,RHH,2,Low,High,high
1,2,0,0,0,0,2.2,2026-05-11,other,822901,29,home,682608,4,58.2,31.7,40.5,37.8,R,Peyton Gray,TEX,9,ARI,0,RHH,1,Mid,Low,medium
0,0,0,0,0,0,0.2,2026-05-13,hold,822900,11,home,682608,7,58.2,31.7,40.5,37.8,R,Peyton Gray,TEX,2,ARI,1,,3,Mid,Low,high
2,3,4,1,2,0,2.2,2026-05-18,other,824357,44,away,682608,2,34.5,31.8,26.1,13.5,R,Peyton Gray,TEX,12,COL,0,RHH,0,Low,Low,medium
5,2,5,0,3,1,2,2026-05-25,other,822899,37,home,682608,6,38.5,45.2,48.8,60.3,R,Peyton Gray,TEX,14,HOU,0,RHH,0,Low,Low,low
1,2,0,0,0,0,1,2026-05-30,other,822893,19,home,682608,9,57,42.9,50.8,55.5,R,Peyton Gray,TEX,4,KCR,0,,0,Mid,Mid,high
0,1,0,0,0,0,0.2,2026-05-31,other,822895,5,home,682608,7,57,42.9,50.8,55.5,R,Peyton Gray,TEX,2,KCR,0,,2,Mid,Mid,high
1,2,1,0,1,1,1,2026-06-01,hold,823050,13,away,682608,6,41,40.4,42.1,44.7,R,Peyton Gray,TEX,4,STL,0,,0,Low,Low,medium
0,2,0,0,0,0,1.2,2026-06-05,other,822892,25,home,682608,6,50,36.8,42.8,44.4,R,Peyton Gray,TEX,5,CLE,0,LHH,0,Mid,Low,medium
1,1,0,0,0,0,1,2026-06-07,other,822890,19,home,682608,7,50,36.8,42.8,44.4,R,Peyton Gray,TEX,4,CLE,0,LHH,0,Mid,Low,medium
2,0,1,0,1,0,1,2026-06-10,other,824103,20,away,682608,6,57,42.9,50.8,55.5,R,Peyton Gray,TEX,5,KCR,0,RHH,0,Mid,Mid,medium
2,0,2,0,2,1,1,2026-06-13,other,824749,19,away,682608,8,43,41.3,32.9,16,R,Peyton Gray,TEX,5,BOS,0,RHH,0,Low,Low,high
0,1,0,0,0,0,1,2026-06-15,other,822887,9,home,682608,8,39.7,33.8,47.1,67.6,R,Peyton Gray,TEX,3,MIN,0,RHH,0,Low,Low,high
0,2,0,0,0,0,1,2026-06-18,other,822889,10,home,682608,5,39.7,33.8,47.1,67.6,R,Peyton Gray,TEX,3,MIN,0,LHH,0,Low,Low,low
0,2,0,0,0,0,1,2026-06-20,other,822885,15,home,682608,7,40.5,52.4,53.2,63.3,R,Peyton Gray,TEX,4,SDP,0,RHH,0,Low,Mid,high
0,2,0,0,0,0,1,2026-06-21,hold,822883,11,home,682608,7,40.5,52.4,53.2,63.3,R,Peyton Gray,TEX,3,SDP,0,RHH,0,Low,Mid,high
1,4,0,0,0,0,2.1,2026-06-27,other,822794,39,away,682608,6,54.7,7.6,29.4,36.4,R,Peyton Gray,TEX,8,TOR,0,,1,Mid,Low,medium
1,1,0,0,0,0,1,2026-06-30,hold,824418,10,away,682608,8,50,36.8,42.8,44.4,R,Peyton Gray,TEX,4,CLE,0,LHH,0,Mid,Low,high
1,1,0,1,0,0,0.2,2026-07-02,hold,822884,16,home,682608,6,43.2,42.5,49.7,62.5,R,Peyton Gray,TEX,4,DET,0,RHH,3,Low,Low,high
1,0,0,1,0,0,1,2026-07-05,other,822879,18,home,682608,9,43.2,42.5,49.7,62.5,R,Peyton Gray,TEX,5,DET,0,RHH,0,Low,Low,high
1,2,0,0,0,0,1,2026-07-07,other,822881,22,home,682608,8,22.6,13.1,27.4,47.2,R,Peyton Gray,TEX,4,LAA,0,,0,Low,Low,high
2,1,2,1,2,0,0.2,2026-07-09,hold,822877,23,home,682608,7,22.6,13.1,27.4,47.2,R,Peyton Gray,TEX,5,LAA,2,RHH,2,Low,Low,high
1,0,1,2,1,0,0.2,2026-07-12,blown_save,822876,16,home,682608,7,38.5,45.2,48.8,60.3,R,Peyton Gray,TEX,5,HOU,2,RHH,2,Low,Low,high
2,1,1,0,1,0,0.2,2026-07-19,other,824897,9,away,682608,7,51.3,55.8,59,68.1,R,Peyton Gray,TEX,4,ATL,2,RHH,2,Mid,Mid,high
1,0,0,0,0,0,1.1,2026-07-20,other,822874,21,home,682608,5,32.2,45.8,54.2,79.5,R,Peyton Gray,TEX,5,CHW,0,LHH,1,Low,Mid,medium
1,1,0,0,0,0,1,2026-07-22,other,822873,14,home,682608,8,32.2,45.8,54.2,79.5,R,Peyton Gray,TEX,4,CHW,0,LHH,0,Low,Mid,high
1,2,0,0,0,0,1,2026-07-24,other,822872,14,home,682608,6,43.3,45.2,49.2,57.9,R,Peyton Gray,TEX,4,SEA,0,LHH,0,Low,Low,medium
2,0,1,0,1,0,1,2026-07-26,other,822870,23,home,682608,9,43.3,45.2,49.2,57.9,R,Peyton Gray,TEX,5,SEA,0,LHH,0,Low,Low,high
1,1,0,0,0,0,0.2,2026-07-28,hold,822949,13,away,682608,6,77.8,34.8,51.2,51,R,Peyton Gray,TEX,3,TBR,1,LHH,1,High,Mid,medium
1,2,1,0,1,1,2,2026-07-30,blown_save,822946,28,away,682608,5,77.8,34.8,51.2,51,R,Peyton Gray,TEX,7,TBR,0,RHH,0,High,Mid,medium
1,1,0,0,0,0,1,2026-08-01,other,824162,13,away,682608,7,38.5,45.2,48.8,60.3,R,Peyton Gray,TEX,4,HOU,0,RHH,0,Low,Low,high
1,0,1,1,1,1,1,2026-08-03,other,822867,12,home,682608,8,35.1,17.2,38.2,64.4,R,Peyton Gray,TEX,5,SFG,0,LHH,0,Low,Low,high
0,1,0,0,0,0,0.1,2026-08-04,other,822865,4,home,682608,8,35.1,17.2,38.2,64.4,R,Peyton Gray,TEX,1,SFG,0,RHH,0,Low,Low,high
2,1,0,1,0,0,1.2,2026-08-08,hold,822864,29,home,682608,6,31.6,69.3,61.4,73.6,R,Peyton Gray,TEX,8,BAL,0,LHH,0,Low,Mid,medium
0,1,0,0,0,0,1,2026-08-10,other,823998,7,away,682608,9,22.6,13.1,27.4,47.2,R,Peyton Gray,TEX,3,LAA,0,LHH,0,Low,Low,high
0,2,0,0,0,0,1.1,2026-06-03,other,823051,17,away,695239,7,41,40.4,42.1,44.7,R,Robby Ahlstrom,TEX,4,STL,0,RHH,0,Low,Low,high
1,0,0,0,0,0,2,2026-06-06,other,822891,25,home,695239,8,50,36.8,42.8,44.4,R,Robby Ahlstrom,TEX,7,CLE,1,RHH,2,Mid,Low,high
1,0,0,0,0,0,1,2026-06-09,other,824105,14,away,695239,8,57,42.9,50.8,55.5,R,Robby Ahlstrom,TEX,4,KCR,0,LHH,0,Mid,Mid,high
1,1,0,0,0,0,1.1,2026-06-11,other,824101,14,away,695239,5,57,42.9,50.8,55.5,R,Robby Ahlstrom,TEX,4,KCR,0,LHH,1,Mid,Mid,medium
1,1,0,1,0,0,0.1,2026-06-13,other,824749,19,away,695239,7,43,41.3,32.9,16,R,Robby Ahlstrom,TEX,3,BOS,2,RHH,2,Low,Low,high
2,0,1,1,1,0,1,2026-06-18,other,822889,28,home,695239,6,39.7,33.8,47.1,67.6,R,Robby Ahlstrom,TEX,6,MIN,0,RHH,0,Low,Low,low
0,0,0,1,0,0,1,2026-06-21,hold,822883,12,home,695239,8,40.5,52.4,53.2,63.3,R,Robby Ahlstrom,TEX,3,SDP,0,RHH,0,Low,Mid,high
0,1,0,0,0,0,1,2026-06-22,other,823851,8,away,695239,7,40.1,39.3,48.6,65.4,R,Robby Ahlstrom,TEX,3,MIA,0,LHH,0,Low,Low,high
0,1,0,0,0,0,0.1,2026-06-24,other,823850,4,away,695239,8,40.1,39.3,48.6,65.4,R,Robby Ahlstrom,TEX,1,MIA,0,LHH,1,Low,Low,high
1,0,2,1,2,0,0.1,2026-06-26,other,822796,15,away,695239,8,54.7,7.6,29.4,36.4,R,Robby Ahlstrom,TEX,3,TOR,0,RHH,0,Mid,Low,high
3,0,2,0,2,1,0.1,2026-06-27,other,822794,12,away,695239,5,54.7,7.6,29.4,36.4,R,Robby Ahlstrom,TEX,4,TOR,0,LHH,0,Mid,Low,low
0,0,0,1,0,0,1,2026-06-29,other,824420,13,away,695239,6,50,36.8,42.8,44.4,R,Robby Ahlstrom,TEX,4,CLE,0,,1,Mid,Low,medium
0,1,0,0,0,0,0.2,2026-07-02,hold,822884,9,home,695239,7,43.2,42.5,49.7,62.5,R,Robby Ahlstrom,TEX,2,DET,0,,2,Low,Low,high
2,1,2,0,2,1,1,2026-07-08,other,822880,15,home,695239,8,22.6,13.1,27.4,47.2,R,Robby Ahlstrom,TEX,5,LAA,0,RHH,0,Low,Low,high
0,0,0,1,0,0,1,2026-07-11,other,822875,14,home,695239,8,38.5,45.2,48.8,60.3,R,Robby Ahlstrom,TEX,4,HOU,0,RHH,0,Low,Low,high
2,0,2,0,2,0,0.1,2026-07-12,hold,822876,20,home,695239,7,38.5,45.2,48.8,60.3,R,Robby Ahlstrom,TEX,3,HOU,0,RHH,0,Low,Low,medium
0,0,0,0,0,0,0.1,2026-07-18,hold,824899,1,away,695239,6,51.3,55.8,59,68.1,R,Robby Ahlstrom,TEX,1,ATL,0,LHH,2,Mid,Mid,high
1,3,0,0,0,0,1,2026-07-19,other,824897,15,away,695239,5,51.3,55.8,59,68.1,R,Robby Ahlstrom,TEX,4,ATL,0,LHH,0,Mid,Mid,medium
1,1,0,1,0,0,1,2026-07-20,other,822874,27,home,695239,8,32.2,45.8,54.2,79.5,R,Robby Ahlstrom,TEX,4,CHW,0,RHH,0,Low,Mid,high
0,2,0,0,0,0,1,2026-07-22,other,822873,13,home,695239,7,32.2,45.8,54.2,79.5,R,Robby Ahlstrom,TEX,3,CHW,0,LHH,0,Low,Mid,high
1,1,0,0,0,0,1,2026-07-25,other,822869,13,home,695239,8,43.3,45.2,49.2,57.9,R,Robby Ahlstrom,TEX,4,SEA,0,LHH,0,Low,Low,high
0,2,0,0,0,0,1,2026-07-26,hold,822870,9,home,695239,6,43.3,45.2,49.2,57.9,R,Robby Ahlstrom,TEX,3,SEA,0,RHH,2,Low,Low,high
0,0,0,0,0,0,0.1,2026-07-27,other,822868,7,home,695239,7,43.3,45.2,49.2,57.9,R,Robby Ahlstrom,TEX,1,SEA,0,LHH,1,Low,Low,medium
0,1,0,0,0,0,1.1,2026-07-30,other,822946,15,away,695239,7,77.8,34.8,51.2,51,R,Robby Ahlstrom,TEX,4,TBR,0,RHH,0,High,Mid,high
0,0,0,0,0,0,0.2,2026-08-02,other,824163,10,away,695239,6,38.5,45.2,48.8,60.3,R,Robby Ahlstrom,TEX,3,HOU,0,RHH,1,Low,Low,medium
0,2,0,0,0,0,1,2026-08-04,other,822865,13,home,695239,7,35.1,17.2,38.2,64.4,R,Robby Ahlstrom,TEX,3,SFG,0,LHH,0,Low,Low,high
1,1,0,0,0,0,1,2026-08-05,other,822866,15,home,695239,7,35.1,17.2,38.2,64.4,R,Robby Ahlstrom,TEX,4,SFG,0,LHH,0,Low,Low,medium
0,0,0,0,0,0,1,2026-08-07,hold,822863,12,home,695239,7,31.6,69.3,61.4,73.6,R,Robby Ahlstrom,TEX,3,BAL,0,RHH,0,Low,Mid,high
1,1,0,0,0,0,1.1,2026-08-10,other,823998,18,away,695239,7,22.6,13.1,27.4,47.2,R,Robby Ahlstrom,TEX,4,LAA,0,LHH,2,Low,Low,high
0,0,0,0,0,0,1,2026-03-26,other,823486,9,away,641302,7,32.1,30.7,33.4,37.3,R,Tyler Alexander,TEX,3,PHI,0,LHH,0,Low,Low,medium
1,1,1,0,0,0,1,2026-03-28,save,823488,21,away,641302,10,32.1,30.7,33.4,37.3,R,Tyler Alexander,TEX,5,PHI,0,RHH,0,Low,Low,high
0,2,0,0,0,0,1,2026-03-30,save,824863,10,away,641302,9,31.6,69.3,61.4,73.6,R,Tyler Alexander,TEX,3,BAL,0,RHH,0,Low,Mid,high
2,0,1,2,1,0,1,2026-04-01,other,824860,25,away,641302,5,31.6,69.3,61.4,73.6,R,Tyler Alexander,TEX,7,BAL,1,RHH,1,Low,Mid,medium
1,1,0,0,0,0,1,2026-04-04,other,822920,13,home,641302,9,32.7,40.9,35.4,31,R,Tyler Alexander,TEX,4,CIN,0,RHH,0,Low,Low,high
1,1,0,0,0,0,0.2,2026-04-06,hold,822918,17,home,641302,7,43.3,45.2,49.2,57.9,R,Tyler Alexander,TEX,3,SEA,0,RHH,0,Low,Low,high
2,2,0,1,0,0,2.1,2026-04-11,other,823967,37,away,641302,4,68.3,95.7,82.8,78.2,R,Tyler Alexander,TEX,9,LAD,0,LHH,1,High,High,low
1,2,0,0,0,0,1.1,2026-04-14,other,825022,27,away,641302,7,42.3,37.3,48.1,64.7,R,Tyler Alexander,TEX,5,ATH,0,,2,Low,Low,high
2,0,0,0,0,0,0.1,2026-04-16,hold,825023,11,away,641302,7,42.3,37.3,48.1,64.7,R,Tyler Alexander,TEX,3,ATH,0,LHH,0,Low,Low,high
1,0,0,0,0,0,0.2,2026-04-17,hold,823152,7,away,641302,6,43.3,45.2,49.2,57.9,R,Tyler Alexander,TEX,2,SEA,0,,1,Low,Low,medium
0,1,0,0,0,0,1,2026-04-19,other,823150,12,away,641302,6,43.3,45.2,49.2,57.9,R,Tyler Alexander,TEX,3,SEA,0,LHH,0,Low,Low,low
1,2,0,0,0,0,2,2026-04-22,other,822913,29,home,641302,6,33.5,60.7,62.1,84.2,R,Tyler Alexander,TEX,7,PIT,0,,0,Low,Mid,medium
2,0,0,0,0,0,1,2026-04-26,other,822911,11,home,641302,7,42.3,37.3,48.1,64.7,R,Tyler Alexander,TEX,5,ATH,0,LHH,0,Low,Low,high
1,0,0,0,0,0,1,2026-05-01,other,824287,14,away,641302,7,43.2,42.5,49.7,62.5,R,Tyler Alexander,TEX,4,DET,0,LHH,0,Low,Low,high
3,0,2,0,2,0,0.1,2026-05-03,other,824285,6,away,641302,7,43.2,42.5,49.7,62.5,R,Tyler Alexander,TEX,4,DET,1,,1,Low,Low,medium
1,0,1,1,1,1,1,2026-05-05,other,823553,27,away,641302,8,38.8,75.1,66.4,76,R,Tyler Alexander,TEX,5,NYY,0,LHH,0,Low,High,high
3,1,1,1,1,0,0.2,2026-05-07,other,823551,18,away,641302,7,38.8,75.1,66.4,76,R,Tyler Alexander,TEX,5,NYY,0,LHH,0,Low,High,medium
1,0,0,0,0,0,1,2026-05-08,other,822904,5,home,641302,8,62.9,82.6,69.2,58.4,R,Tyler Alexander,TEX,3,CHC,0,RHH,0,Mid,High,high
0,2,0,0,0,0,1.2,2026-05-11,other,822901,17,home,641302,8,58.2,31.7,40.5,37.8,R,Tyler Alexander,TEX,5,ARI,0,RHH,3,Mid,Low,high
0,1,0,1,0,0,1,2026-05-13,hold,822900,21,home,641302,8,58.2,31.7,40.5,37.8,R,Tyler Alexander,TEX,5,ARI,0,RHH,0,Mid,Low,high
0,2,0,0,0,0,1,2026-05-20,other,824355,14,away,641302,7,34.5,31.8,26.1,13.5,R,Tyler Alexander,TEX,3,COL,0,RHH,0,Low,Low,high
1,0,0,1,0,0,0.2,2026-05-23,other,824030,18,away,641302,8,22.6,13.1,27.4,47.2,R,Tyler Alexander,TEX,4,LAA,2,RHH,2,Low,Low,high
1,0,2,1,1,1,0.1,2026-05-27,other,822897,18,home,641302,8,38.5,45.2,48.8,60.3,R,Tyler Alexander,TEX,4,HOU,0,,0,Low,Low,high
0,0,0,0,0,0,0.2,2026-05-29,other,822894,3,home,641302,7,57,42.9,50.8,55.5,R,Tyler Alexander,TEX,1,KCR,0,RHH,2,Mid,Mid,high
3,1,3,0,3,0,0.1,2026-05-30,hold,822893,17,home,641302,7,57,42.9,50.8,55.5,R,Tyler Alexander,TEX,4,KCR,0,RHH,0,Mid,Mid,medium
0,1,0,0,0,0,1,2026-06-01,hold,823050,12,away,641302,7,41,40.4,42.1,44.7,R,Tyler Alexander,TEX,3,STL,0,RHH,0,Low,Low,high
1,0,0,0,0,0,1,2026-06-07,other,822890,8,home,641302,8,50,36.8,42.8,44.4,R,Tyler Alexander,TEX,4,CLE,0,LHH,0,Mid,Low,high
2,1,1,0,1,0,1,2026-06-10,other,824103,11,away,641302,7,57,42.9,50.8,55.5,R,Tyler Alexander,TEX,5,KCR,0,RHH,0,Mid,Mid,high
3,1,0,1,0,0,2,2026-06-16,other,822888,29,home,641302,5,39.7,33.8,47.1,67.6,R,Tyler Alexander,TEX,9,MIN,0,,0,Low,Low,low
1,0,0,1,0,0,0.1,2026-06-20,blown_save,822885,9,home,641302,8,40.5,52.4,53.2,63.3,R,Tyler Alexander,TEX,3,SDP,1,RHH,1,Low,Mid,high
0,2,0,0,0,0,1,2026-06-24,other,823850,13,away,641302,7,40.1,39.3,48.6,65.4,R,Tyler Alexander,TEX,3,MIA,0,RHH,0,Low,Low,high
0,0,0,0,0,0,1,2026-06-27,save,822794,15,away,641302,9,54.7,7.6,29.4,36.4,R,Tyler Alexander,TEX,3,TOR,0,RHH,0,Mid,Low,high
0,1,0,0,0,0,1,2026-06-28,save,822795,10,away,641302,9,54.7,7.6,29.4,36.4,R,Tyler Alexander,TEX,3,TOR,0,RHH,0,Mid,Low,high
1,1,0,1,0,0,0.2,2026-07-02,hold,822884,18,home,641302,6,43.2,42.5,49.7,62.5,R,Tyler Alexander,TEX,4,DET,0,RHH,1,Low,Low,medium
0,2,0,0,0,0,1,2026-07-04,other,822882,12,home,641302,6,43.2,42.5,49.7,62.5,R,Tyler Alexander,TEX,3,DET,0,LHH,0,Low,Low,medium
1,2,0,0,0,0,1,2026-07-07,other,822881,22,home,641302,9,22.6,13.1,27.4,47.2,R,Tyler Alexander,TEX,4,LAA,0,RHH,0,Low,Low,high
1,1,0,0,0,0,0.1,2026-07-09,blown_save,822877,8,home,641302,7,22.6,13.1,27.4,47.2,R,Tyler Alexander,TEX,2,LAA,1,RHH,2,Low,Low,high
1,1,0,0,0,0,1,2026-07-10,other,822878,7,home,641302,9,38.5,45.2,48.8,60.3,R,Tyler Alexander,TEX,3,HOU,0,RHH,0,Low,Low,high
1,2,0,0,0,0,1.1,2026-07-12,other,822876,23,home,641302,5,38.5,45.2,48.8,60.3,R,Tyler Alexander,TEX,5,HOU,0,LHH,0,Low,Low,medium
2,0,1,0,1,0,1,2026-07-18,hold,824899,14,away,641302,7,51.3,55.8,59,68.1,R,Tyler Alexander,TEX,5,ATL,0,RHH,0,Mid,Mid,high
1,0,2,0,2,0,0.1,2026-07-19,other,824897,5,away,641302,7,51.3,55.8,59,68.1,R,Tyler Alexander,TEX,3,ATL,0,LHH,0,Mid,Mid,high
1,0,0,0,0,0,0.2,2026-07-24,hold,822872,12,home,641302,8,43.3,45.2,49.2,57.9,R,Tyler Alexander,TEX,3,SEA,0,LHH,0,Low,Low,high
2,0,2,0,2,0,0.1,2026-07-26,hold,822870,16,home,641302,7,43.3,45.2,49.2,57.9,R,Tyler Alexander,TEX,3,SEA,0,LHH,0,Low,Low,high
1,1,0,0,0,0,1,2026-07-28,hold,822949,13,away,641302,7,77.8,34.8,51.2,51,R,Tyler Alexander,TEX,4,TBR,0,RHH,0,High,Mid,high
0,1,0,0,0,0,2,2026-08-01,other,824162,21,away,641302,5,38.5,45.2,48.8,60.3,R,Tyler Alexander,TEX,6,HOU,0,RHH,0,Low,Low,medium
1,0,2,0,2,0,0.1,2026-08-02,other,824163,7,away,641302,7,38.5,45.2,48.8,60.3,R,Tyler Alexander,TEX,3,HOU,0,RHH,0,Low,Low,high
0,3,0,0,0,0,1.2,2026-08-05,other,822866,26,home,641302,5,35.1,17.2,38.2,64.4,R,Tyler Alexander,TEX,5,SFG,0,,2,Low,Low,low
1,1,0,0,0,0,0.2,2026-08-07,other,822863,9,home,641302,6,31.6,69.3,61.4,73.6,R,Tyler Alexander,TEX,3,BAL,0,RHH,1,Low,Mid,medium
0,0,0,0,0,0,0.2,2026-08-10,other,823998,11,away,641302,6,22.6,13.1,27.4,47.2,R,Tyler Alexander,TEX,2,LAA,0,,1,Low,Low,medium
0,0,0,0,0,0,0.2,2026-03-28,other,822838,4,home,680755,6,42.3,37.3,48.1,64.7,R,Braydon Fisher,TOR,1,ATH,0,RHH,2,Low,Low,high
0,2,0,0,0,0,1.2,2026-03-29,hold,822837,22,home,680755,6,42.3,37.3,48.1,64.7,R,Braydon Fisher,TOR,5,ATH,0,,1,Low,Low,medium
1,0,0,0,0,0,1.1,2026-03-31,hold,822836,23,home,680755,7,34.5,31.8,26.1,13.5,R,Braydon Fisher,TOR,4,COL,0,RHH,1,Low,Low,high
2,3,0,0,0,0,1.2,2026-04-03,other,824621,21,away,680755,5,32.2,45.8,54.2,79.5,R,Braydon Fisher,TOR,6,CHW,0,,1,Low,Mid,medium
2,1,2,1,0,0,1,2026-04-04,other,824622,25,away,680755,8,32.2,45.8,54.2,79.5,R,Braydon Fisher,TOR,5,CHW,0,RHH,0,Low,Mid,high
0,4,0,0,0,0,2,2026-04-10,other,822829,32,home,680755,8,39.7,33.8,47.1,67.6,R,Braydon Fisher,TOR,7,MIN,0,LHH,0,Low,Low,high
1,2,1,0,1,1,1,2026-04-14,other,823802,17,away,680755,7,67.4,75.3,66.3,55.3,R,Braydon Fisher,TOR,4,MIL,0,,0,High,High,high
0,0,0,0,0,0,0.1,2026-04-15,hold,823803,5,away,680755,7,67.4,75.3,66.3,55.3,R,Braydon Fisher,TOR,1,MIL,0,RHH,1,High,High,high
1,0,0,0,0,0,1,2026-04-19,other,825100,11,away,680755,9,58.2,31.7,40.5,37.8,R,Braydon Fisher,TOR,3,ARI,0,RHH,0,Mid,Low,high
0,0,0,1,0,0,1,2026-04-20,hold,824046,12,away,680755,6,22.6,13.1,27.4,47.2,R,Braydon Fisher,TOR,3,LAA,0,LHH,0,Low,Low,medium
2,1,2,1,2,0,0.1,2026-04-22,other,824044,20,away,680755,7,22.6,13.1,27.4,47.2,R,Braydon Fisher,TOR,4,LAA,2,,2,Low,Low,high
0,0,0,1,0,0,1,2026-04-24,other,822827,14,home,680755,9,50,36.8,42.8,44.4,R,Braydon Fisher,TOR,4,CLE,0,LHH,0,Mid,Low,high
1,2,0,2,0,0,1.1,2026-04-26,other,822824,19,home,680755,5,50,36.8,42.8,44.4,R,Braydon Fisher,TOR,7,CLE,0,RHH,1,Mid,Low,medium
1,1,0,0,0,0,1.2,2026-04-29,other,822821,17,home,680755,5,43,41.3,32.9,16,R,Braydon Fisher,TOR,5,BOS,0,RHH,3,Low,Low,low
0,1,0,0,0,0,0.2,2026-05-01,hold,823713,9,away,680755,6,39.7,33.8,47.1,67.6,R,Braydon Fisher,TOR,2,MIN,0,RHH,2,Low,Low,high
2,1,3,1,3,0,0.2,2026-05-03,other,823711,18,away,680755,5,39.7,33.8,47.1,67.6,R,Braydon Fisher,TOR,5,MIN,0,RHH,0,Low,Low,medium
0,2,0,1,0,0,1.1,2026-05-06,other,822985,23,away,680755,6,77.8,34.8,51.2,51,R,Braydon Fisher,TOR,5,TBR,0,RHH,0,High,Mid,medium
0,0,0,0,0,0,1,2026-05-09,other,822820,12,home,680755,6,22.6,13.1,27.4,47.2,R,Braydon Fisher,TOR,3,LAA,0,RHH,0,Low,Low,low
1,0,1,0,1,0,1,2026-05-11,other,822818,19,home,680755,6,77.8,34.8,51.2,51,R,Braydon Fisher,TOR,5,TBR,0,RHH,1,High,Mid,medium
1,0,2,1,1,0,1,2026-05-12,other,822817,24,home,680755,10,77.8,34.8,51.2,51,R,Braydon Fisher,TOR,5,TBR,0,LHH,0,High,Mid,high
0,1,0,1,0,0,1,2026-05-15,other,824280,10,away,680755,7,43.2,42.5,49.7,62.5,R,Braydon Fisher,TOR,3,DET,0,RHH,0,Low,Low,high
1,2,1,0,1,1,1,2026-05-16,other,824278,20,away,680755,6,43.2,42.5,49.7,62.5,R,Braydon Fisher,TOR,4,DET,0,,0,Low,Low,medium
1,1,0,0,0,0,1.2,2026-05-18,other,823549,27,away,680755,5,38.8,75.1,66.4,76,R,Braydon Fisher,TOR,6,NYY,0,RHH,0,Low,High,medium
0,2,0,1,0,0,1,2026-05-23,hold,822814,14,home,680755,7,33.5,60.7,62.1,84.2,R,Braydon Fisher,TOR,4,PIT,0,,0,Low,Mid,medium
0,1,0,0,0,0,1,2026-05-24,other,822813,8,home,680755,8,33.5,60.7,62.1,84.2,R,Braydon Fisher,TOR,3,PIT,0,LHH,0,Low,Mid,high
0,1,0,0,0,0,1,2026-05-28,other,824834,6,away,680755,6,31.6,69.3,61.4,73.6,R,Braydon Fisher,TOR,2,BAL,0,,1,Low,Mid,medium
0,0,0,0,0,0,1,2026-05-29,save,824835,15,away,680755,9,31.6,69.3,61.4,73.6,R,Braydon Fisher,TOR,4,BAL,0,LHH,0,Low,Mid,high
0,1,0,0,0,0,1,2026-06-02,other,824918,15,away,680755,7,51.3,55.8,59,68.1,R,Braydon Fisher,TOR,3,ATL,0,RHH,0,Mid,Mid,high
1,1,1,0,1,1,0.2,2026-06-04,hold,824919,9,away,680755,8,51.3,55.8,59,68.1,R,Braydon Fisher,TOR,3,ATL,0,RHH,0,Mid,Mid,high
2,1,1,1,1,0,0.1,2026-06-10,other,822804,27,home,680755,7,32.1,30.7,33.4,37.3,R,Braydon Fisher,TOR,4,PHI,0,LHH,0,Low,Low,medium
2,1,0,1,0,0,1,2026-06-12,hold,822803,26,home,680755,7,38.8,75.1,66.4,76,R,Braydon Fisher,TOR,6,NYY,0,LHH,0,Low,High,high
2,1,3,1,3,1,0.2,2026-06-14,other,822801,24,home,680755,9,38.8,75.1,66.4,76,R,Braydon Fisher,TOR,5,NYY,0,LHH,0,Low,High,high
1,0,0,1,0,0,1,2026-06-19,other,824663,20,away,680755,3,62.9,82.6,69.2,58.4,R,Braydon Fisher,TOR,5,CHC,0,RHH,0,Mid,High,low
0,0,0,0,0,0,1.1,2026-06-22,other,822800,6,home,680755,6,38.5,45.2,48.8,60.3,R,Braydon Fisher,TOR,4,HOU,0,RHH,2,Low,Low,high
1,2,3,1,2,1,2,2026-06-23,other,822799,26,home,680755,10,38.5,45.2,48.8,60.3,R,Braydon Fisher,TOR,8,HOU,0,RHH,0,Low,Low,high
1,0,1,0,1,1,1,2026-06-27,other,822794,12,home,680755,6,36.6,27.1,36.4,46.9,R,Braydon Fisher,TOR,4,TEX,0,LHH,0,Low,Low,low
0,3,0,0,0,0,1,2026-07-04,other,823118,17,away,680755,7,43.3,45.2,49.2,57.9,R,Braydon Fisher,TOR,3,SEA,0,RHH,0,Low,Low,medium
2,2,1,1,1,0,1,2026-07-11,other,823276,27,away,680755,4,40.5,52.4,53.2,63.3,R,Braydon Fisher,TOR,6,SDP,0,RHH,0,Low,Mid,medium
1,0,1,0,1,0,0.2,2026-07-17,other,822789,6,home,680755,7,32.2,45.8,54.2,79.5,R,Braydon Fisher,TOR,3,CHW,3,LHH,3,Low,Mid,high
1,1,0,0,0,0,0.2,2026-07-19,other,822786,7,home,680755,7,32.2,45.8,54.2,79.5,R,Braydon Fisher,TOR,3,CHW,0,LHH,0,Low,Mid,medium
2,1,1,0,1,0,1,2026-07-20,other,822788,16,home,680755,7,77.8,34.8,51.2,51,R,Braydon Fisher,TOR,5,TBR,0,LHH,0,High,Mid,medium
2,1,1,1,1,0,1,2026-07-24,other,824733,24,away,680755,6,43,41.3,32.9,16,R,Braydon Fisher,TOR,6,BOS,0,RHH,0,Low,Low,medium
1,0,2,1,2,0,0.1,2026-07-26,other,824730,12,away,680755,7,43,41.3,32.9,16,R,Braydon Fisher,TOR,3,BOS,0,RHH,0,Low,Low,medium
1,1,0,0,0,0,1,2026-08-01,hold,822781,18,home,680755,6,41,40.4,42.1,44.7,R,Braydon Fisher,TOR,4,STL,0,RHH,1,Low,Low,medium
1,0,0,2,0,0,1,2026-08-03,hold,824160,19,away,680755,6,38.5,45.2,48.8,60.3,R,Braydon Fisher,TOR,5,HOU,0,,2,Low,Low,high
0,1,0,0,0,0,1,2026-08-04,other,824161,14,away,680755,6,38.5,45.2,48.8,60.3,R,Braydon Fisher,TOR,3,HOU,0,RHH,0,Low,Low,low
0,1,0,0,0,0,1,2026-08-06,hold,824664,15,away,680755,8,62.9,82.6,69.2,58.4,R,Braydon Fisher,TOR,3,CHC,0,LHH,0,Mid,High,high
1,1,0,1,0,0,1,2026-08-08,other,823426,19,away,680755,8,32.1,30.7,33.4,37.3,R,Braydon Fisher,TOR,5,PHI,0,LHH,0,Low,Low,high
0,0,0,3,0,0,2,2026-08-09,other,823425,17,away,680755,10,32.1,30.7,33.4,37.3,R,Braydon Fisher,TOR,8,PHI,0,,0,Low,Low,high
0,0,0,1,0,0,1,2026-08-11,hold,822778,22,home,680755,8,43,41.3,32.9,16,R,Braydon Fisher,TOR,3,BOS,0,,0,Low,Low,high
2,2,3,1,3,1,0.2,2026-03-28,blown_save,822838,23,home,663893,7,42.3,37.3,48.1,64.7,R,Brendon Little,TOR,5,ATH,2,RHH,2,Low,Low,high
4,1,4,1,4,0,0.2,2026-03-30,other,822834,30,home,663893,6,34.5,31.8,26.1,13.5,R,Brendon Little,TOR,7,COL,1,RHH,1,Low,Low,medium
1,1,1,1,0,0,1,2026-04-01,other,822835,10,home,663893,10,34.5,31.8,26.1,13.5,R,Brendon Little,TOR,5,COL,0,RHH,0,Low,Low,high
0,1,0,0,0,0,1,2026-04-03,other,824621,17,away,663893,7,32.2,45.8,54.2,79.5,R,Brendon Little,TOR,3,CHW,0,LHH,0,Low,Mid,high
3,1,3,0,3,2,0.1,2026-04-04,blown_save,824622,13,away,663893,6,32.2,45.8,54.2,79.5,R,Brendon Little,TOR,4,CHW,0,,0,Low,Mid,medium
2,1,4,3,4,0,1,2026-06-19,other,824663,34,away,663893,5,62.9,82.6,69.2,58.4,R,Brendon Little,TOR,8,CHC,0,LHH,1,Mid,High,low
4,1,1,1,1,1,2,2026-07-20,other,822788,28,home,663893,8,77.8,34.8,51.2,51,R,Brendon Little,TOR,9,TBR,0,LHH,0,High,Mid,high
0,1,0,1,0,0,1,2026-07-22,other,822784,16,home,663893,8,77.8,34.8,51.2,51,R,Brendon Little,TOR,3,TBR,0,LHH,0,High,Mid,high
2,1,1,0,1,0,0.2,2026-07-26,other,824730,12,away,663893,7,43,41.3,32.9,16,R,Brendon Little,TOR,4,BOS,2,RHH,2,Low,Low,high
0,4,0,0,0,0,2.1,2026-07-28,other,822703,27,away,663893,1,43.7,67,67.7,85.6,R,Brendon Little,TOR,7,WSN,0,LHH,3,Low,High,low
0,4,0,1,0,0,1.1,2026-08-03,hold,824160,21,away,663893,7,38.5,45.2,48.8,60.3,R,Brendon Little,TOR,5,HOU,0,RHH,1,Low,Low,high
2,0,1,1,1,0,1,2026-08-04,other,824161,18,away,663893,7,38.5,45.2,48.8,60.3,R,Brendon Little,TOR,4,HOU,0,,0,Low,Low,medium
1,0,1,1,0,0,0.1,2026-08-06,other,824664,8,away,663893,11,62.9,82.6,69.2,58.4,R,Brendon Little,TOR,2,CHC,0,LHH,0,Mid,High,high
0,0,0,2,0,0,0.2,2026-08-07,hold,823428,22,away,663893,7,32.1,30.7,33.4,37.3,R,Brendon Little,TOR,4,PHI,0,LHH,1,Low,Low,high
0,3,0,2,0,0,1,2026-08-09,other,823425,22,away,663893,6,32.1,30.7,33.4,37.3,R,Brendon Little,TOR,5,PHI,0,RHH,1,Low,Low,medium
0,1,0,0,0,0,0.1,2026-08-11,hold,822778,6,home,663893,7,43,41.3,32.9,16,R,Brendon Little,TOR,1,BOS,0,LHH,1,Low,Low,high
1,1,1,0,1,1,1.1,2026-04-27,other,822825,21,home,695445,7,43,41.3,32.9,16,R,Chase Lee,TOR,5,BOS,0,RHH,1,Low,Low,medium
0,0,0,2,0,0,0.1,2026-05-19,other,823548,13,away,695445,6,38.8,75.1,66.4,76,R,Chase Lee,TOR,3,NYY,0,LHH,1,Low,High,medium
1,0,2,2,2,1,1.2,2026-05-24,other,822813,22,home,695445,6,33.5,60.7,62.1,84.2,R,Chase Lee,TOR,7,PIT,0,,0,Low,Mid,medium
1,0,1,0,0,0,1,2026-08-05,save,824158,5,away,695445,10,38.5,45.2,48.8,60.3,R,Chase Lee,TOR,3,HOU,0,LHH,0,Low,Low,high
0,1,0,1,0,0,1,2026-08-06,other,824664,10,away,695445,10,62.9,82.6,69.2,58.4,R,Chase Lee,TOR,4,CHC,0,RHH,0,Mid,High,high
1,0,0,2,0,0,1.2,2026-08-11,other,822778,25,home,695445,6,43,41.3,32.9,16,R,Chase Lee,TOR,7,BOS,0,LHH,0,Low,Low,medium
1,1,0,1,0,0,1,2026-03-27,hold,822839,16,home,686973,7,42.3,37.3,48.1,64.7,R,Louis Varland,TOR,4,ATH,0,RHH,0,Low,Low,high
1,1,1,1,0,0,1,2026-03-28,other,822838,14,home,686973,10,42.3,37.3,48.1,64.7,R,Louis Varland,TOR,4,ATH,0,RHH,0,Low,Low,high
2,3,1,0,0,0,1.1,2026-03-30,other,822834,30,home,686973,3,34.5,31.8,26.1,13.5,R,Louis Varland,TOR,7,COL,0,,1,Low,Low,medium
1,1,0,0,0,0,1,2026-04-03,other,824621,15,away,686973,8,32.2,45.8,54.2,79.5,R,Louis Varland,TOR,3,CHW,0,LHH,0,Low,Mid,high
0,2,0,0,0,0,1.1,2026-04-07,other,822831,23,home,686973,7,68.3,95.7,82.8,78.2,R,Louis Varland,TOR,4,LAD,0,RHH,1,High,High,high
0,1,0,0,0,0,1,2026-04-08,other,822833,13,home,686973,6,68.3,95.7,82.8,78.2,R,Louis Varland,TOR,3,LAD,1,RHH,3,High,High,high
0,1,0,1,0,0,1.1,2026-04-10,hold,822829,23,home,686973,6,39.7,33.8,47.1,67.6,R,Louis Varland,TOR,4,MIN,0,RHH,0,Low,Low,medium
0,3,0,0,0,0,1,2026-04-12,other,822828,16,home,686973,7,39.7,33.8,47.1,67.6,R,Louis Varland,TOR,3,MIN,0,LHH,0,Low,Low,medium
2,2,1,0,0,0,1.1,2026-04-14,other,823802,19,away,686973,9,67.4,75.3,66.3,55.3,R,Louis Varland,TOR,6,MIL,0,RHH,3,High,High,high
1,1,0,0,0,0,0.2,2026-04-16,other,823801,13,away,686973,8,67.4,75.3,66.3,55.3,R,Louis Varland,TOR,3,MIL,0,RHH,0,High,High,high
0,3,0,0,0,0,1.1,2026-04-20,hold,824046,20,away,686973,7,22.6,13.1,27.4,47.2,R,Louis Varland,TOR,4,LAA,0,RHH,0,Low,Low,high
0,0,0,0,0,0,0.2,2026-04-21,save,824045,1,away,686973,9,22.6,13.1,27.4,47.2,R,Louis Varland,TOR,1,LAA,0,LHH,3,Low,Low,high
3,2,1,1,1,0,1,2026-04-25,save,822826,30,home,686973,9,50,36.8,42.8,44.4,R,Louis Varland,TOR,7,CLE,0,LHH,0,Mid,Low,high
1,2,0,0,0,0,1,2026-04-26,save,822824,20,home,686973,9,50,36.8,42.8,44.4,R,Louis Varland,TOR,4,CLE,0,LHH,0,Mid,Low,high
0,3,0,0,0,0,1,2026-04-28,save,822823,15,home,686973,9,43,41.3,32.9,16,R,Louis Varland,TOR,3,BOS,0,LHH,0,Low,Low,high
1,2,0,1,0,0,1,2026-05-01,other,823713,27,away,686973,9,39.7,33.8,47.1,67.6,R,Louis Varland,TOR,5,MIN,0,RHH,0,Low,Low,high
0,1,0,0,0,0,0.2,2026-05-05,other,822986,7,away,686973,8,77.8,34.8,51.2,51,R,Louis Varland,TOR,2,TBR,0,,2,High,Mid,high
1,0,1,2,0,0,1,2026-05-06,other,822985,22,away,686973,7,77.8,34.8,51.2,51,R,Louis Varland,TOR,6,TBR,0,RHH,1,High,Mid,high
0,0,0,0,0,0,1,2026-05-08,save,822822,11,home,686973,9,22.6,13.1,27.4,47.2,R,Louis Varland,TOR,3,LAA,0,LHH,0,Low,Low,high
1,1,0,1,0,0,1,2026-05-12,other,822817,27,home,686973,9,77.8,34.8,51.2,51,R,Louis Varland,TOR,5,TBR,0,RHH,0,High,Mid,high
2,2,0,1,0,0,1,2026-05-13,other,822815,23,home,686973,8,77.8,34.8,51.2,51,R,Louis Varland,TOR,6,TBR,0,LHH,0,High,Mid,high
2,2,0,0,0,0,2,2026-05-16,other,824278,26,away,686973,9,43.2,42.5,49.7,62.5,R,Louis Varland,TOR,8,DET,0,LHH,0,Low,Low,high
0,1,0,0,0,0,1,2026-05-19,other,823548,6,away,686973,8,38.8,75.1,66.4,76,R,Louis Varland,TOR,3,NYY,0,RHH,0,Low,High,high
1,2,1,0,0,0,1,2026-05-20,save,823547,24,away,686973,9,38.8,75.1,66.4,76,R,Louis Varland,TOR,5,NYY,0,RHH,0,Low,High,high
0,3,0,0,0,0,2,2026-05-22,save,822816,31,home,686973,8,33.5,60.7,62.1,84.2,R,Louis Varland,TOR,6,PIT,1,RHH,2,Low,Mid,high
2,1,0,0,0,0,1,2026-05-27,hold,822809,16,home,686973,8,40.1,39.3,48.6,65.4,R,Louis Varland,TOR,4,MIA,0,,0,Low,Low,high
1,0,0,0,0,0,1.1,2026-05-28,save,824834,13,away,686973,8,31.6,69.3,61.4,73.6,R,Louis Varland,TOR,4,BAL,0,RHH,2,Low,Mid,high
0,1,0,0,0,0,1,2026-05-30,hold,824833,12,away,686973,8,31.6,69.3,61.4,73.6,R,Louis Varland,TOR,3,BAL,0,LHH,0,Low,Mid,high
0,1,0,0,0,0,1.1,2026-06-04,save,824919,17,away,686973,8,51.3,55.8,59,68.1,R,Louis Varland,TOR,4,ATL,0,LHH,0,Mid,Mid,high
0,0,0,0,0,0,1,2026-06-06,save,822808,8,home,686973,9,31.6,69.3,61.4,73.6,R,Louis Varland,TOR,3,BAL,0,LHH,0,Low,Mid,high
1,2,0,0,0,0,1.1,2026-06-07,save,822807,17,home,686973,8,31.6,69.3,61.4,73.6,R,Louis Varland,TOR,5,BAL,0,LHH,1,Low,Mid,high
1,1,1,1,1,0,1,2026-06-09,other,822805,16,home,686973,9,32.1,30.7,33.4,37.3,R,Louis Varland,TOR,5,PHI,0,LHH,0,Low,Low,high
0,2,0,0,0,0,1,2026-06-12,save,822803,16,home,686973,9,38.8,75.1,66.4,76,R,Louis Varland,TOR,3,NYY,0,LHH,0,Low,High,high
2,1,2,0,2,1,1,2026-06-13,other,822802,13,home,686973,9,38.8,75.1,66.4,76,R,Louis Varland,TOR,5,NYY,0,LHH,0,Low,High,high
1,3,0,1,0,0,1.1,2026-06-16,save,824750,19,away,686973,8,43,41.3,32.9,16,R,Louis Varland,TOR,6,BOS,0,LHH,2,Low,Low,high
0,3,0,0,0,0,1,2026-06-17,save,824746,10,away,686973,9,43,41.3,32.9,16,R,Louis Varland,TOR,3,BOS,0,RHH,0,Low,Low,high
0,2,0,0,0,0,2,2026-06-20,save,824665,28,away,686973,8,62.9,82.6,69.2,58.4,R,Louis Varland,TOR,7,CHC,1,RHH,3,Mid,High,high
0,1,0,1,0,0,1,2026-06-22,save,822800,12,home,686973,9,38.5,45.2,48.8,60.3,R,Louis Varland,TOR,3,HOU,0,LHH,0,Low,Low,high
1,1,0,0,0,0,1,2026-06-26,other,822796,10,home,686973,9,36.6,27.1,36.4,46.9,R,Louis Varland,TOR,4,TEX,0,,0,Low,Low,high
1,3,1,0,1,0,1,2026-06-28,other,822795,23,home,686973,9,36.6,27.1,36.4,46.9,R,Louis Varland,TOR,4,TEX,0,LHH,0,Low,Low,high
1,2,0,1,0,0,1,2026-06-29,save,822792,23,home,686973,9,30.6,40,42.5,53.8,R,Louis Varland,TOR,5,NYM,0,LHH,0,Low,Low,high
1,1,0,0,0,0,1,2026-07-03,save,823120,16,away,686973,9,43.3,45.2,49.2,57.9,R,Louis Varland,TOR,4,SEA,0,LHH,0,Low,Low,high
0,1,0,0,0,0,1,2026-07-07,other,823203,19,away,686973,9,35.1,17.2,38.2,64.4,R,Louis Varland,TOR,3,SFG,0,RHH,0,Low,Low,high
3,1,1,0,1,0,1,2026-07-10,save,823278,26,away,686973,9,40.5,52.4,53.2,63.3,R,Louis Varland,TOR,6,SDP,0,,0,Low,Mid,high
0,1,0,0,0,0,1,2026-07-18,save,822790,9,home,686973,9,32.2,45.8,54.2,79.5,R,Louis Varland,TOR,3,CHW,0,LHH,0,Low,Mid,high
1,0,0,0,0,0,1,2026-07-22,other,822784,10,home,686973,9,77.8,34.8,51.2,51,R,Louis Varland,TOR,3,TBR,0,RHH,0,High,Mid,high
0,2,0,0,0,0,1,2026-07-23,save,822785,15,home,686973,9,77.8,34.8,51.2,51,R,Louis Varland,TOR,3,TBR,0,RHH,0,High,Mid,high
1,2,0,1,0,0,1,2026-07-27,save,822705,15,away,686973,9,43.7,67,67.7,85.6,R,Louis Varland,TOR,5,WSN,0,LHH,0,Low,High,high
1,1,0,1,0,0,2,2026-07-29,save,822702,20,away,686973,8,43.7,67,67.7,85.6,R,Louis Varland,TOR,7,WSN,0,,2,Low,High,high
1,0,0,0,0,0,1,2026-07-31,save,822782,15,home,686973,9,41,40.4,42.1,44.7,R,Louis Varland,TOR,4,STL,0,,0,Low,Low,high
3,0,4,1,1,0,0.2,2026-08-02,other,822783,31,home,686973,9,41,40.4,42.1,44.7,R,Louis Varland,TOR,7,STL,0,RHH,0,Low,Low,high
0,1,0,0,0,0,1,2026-08-05,other,824158,17,away,686973,9,38.5,45.2,48.8,60.3,R,Louis Varland,TOR,3,HOU,0,RHH,0,Low,Low,high
2,0,2,0,2,1,1,2026-08-06,blown_save,824664,21,away,686973,9,62.9,82.6,69.2,58.4,R,Louis Varland,TOR,5,CHC,0,LHH,0,Mid,High,high
0,1,1,1,0,0,2,2026-08-08,other,823426,32,away,686973,9,32.1,30.7,33.4,37.3,R,Louis Varland,TOR,7,PHI,0,RHH,0,Low,Low,high
1,1,0,0,0,0,1,2026-08-10,save,822780,15,home,686973,9,43,41.3,32.9,16,R,Louis Varland,TOR,4,BOS,0,LHH,0,Low,Low,high
0,0,0,0,0,0,0.2,2026-08-12,save,822779,5,home,686973,,43,41.3,32.9,16,R,Louis Varland,TOR,2,BOS,1,,2,Low,Low,medium
0,1,0,0,0,0,0.1,2026-03-29,hold,822837,5,home,689254,8,42.3,37.3,48.1,64.7,R,Mason Fluharty,TOR,1,ATH,0,LHH,1,Low,Low,high
1,1,0,0,0,0,0.2,2026-03-31,hold,822836,15,home,689254,7,34.5,31.8,26.1,13.5,R,Mason Fluharty,TOR,3,COL,0,RHH,0,Low,Low,high
0,2,0,0,0,0,0.2,2026-04-01,other,822835,9,home,689254,8,34.5,31.8,26.1,13.5,R,Mason Fluharty,TOR,2,COL,0,RHH,2,Low,Low,high
1,2,0,0,0,0,1.1,2026-04-07,other,822831,20,home,689254,6,68.3,95.7,82.8,78.2,R,Mason Fluharty,TOR,5,LAD,0,LHH,2,High,High,high
0,0,1,2,1,0,0.1,2026-04-08,other,822833,14,home,689254,7,68.3,95.7,82.8,78.2,R,Mason Fluharty,TOR,3,LAD,0,LHH,0,High,High,high
0,2,0,0,0,0,1,2026-04-12,other,822828,13,home,689254,6,39.7,33.8,47.1,67.6,R,Mason Fluharty,TOR,3,MIN,0,LHH,0,Low,Low,low
0,2,0,1,0,0,1,2026-04-14,other,823802,14,away,689254,6,67.4,75.3,66.3,55.3,R,Mason Fluharty,TOR,4,MIL,0,,1,High,High,medium
1,0,0,0,0,0,0.2,2026-04-15,hold,823803,13,away,689254,7,67.4,75.3,66.3,55.3,R,Mason Fluharty,TOR,3,MIL,0,RHH,0,High,High,high
2,1,2,0,2,1,1,2026-04-19,other,825100,18,away,689254,7,58.2,31.7,40.5,37.8,R,Mason Fluharty,TOR,5,ARI,0,RHH,0,Mid,Low,medium
0,1,0,0,0,0,0.2,2026-04-21,other,824045,7,away,689254,7,22.6,13.1,27.4,47.2,R,Mason Fluharty,TOR,1,LAA,0,LHH,1,Low,Low,high
0,2,0,0,0,0,1,2026-04-24,other,822827,13,home,689254,8,50,36.8,42.8,44.4,R,Mason Fluharty,TOR,3,CLE,0,LHH,0,Mid,Low,high
0,1,0,0,0,0,0.1,2026-04-25,hold,822826,8,home,689254,7,50,36.8,42.8,44.4,R,Mason Fluharty,TOR,1,CLE,0,LHH,0,Mid,Low,high
0,0,0,1,0,0,0.2,2026-04-28,hold,822823,13,home,689254,6,43,41.3,32.9,16,R,Mason Fluharty,TOR,3,BOS,0,LHH,0,Low,Low,medium
3,1,3,2,3,0,0.1,2026-04-30,other,823714,27,away,689254,8,39.7,33.8,47.1,67.6,R,Mason Fluharty,TOR,6,MIN,0,RHH,0,Low,Low,high
0,0,0,0,0,0,1,2026-05-02,other,823715,12,away,689254,8,39.7,33.8,47.1,67.6,R,Mason Fluharty,TOR,3,MIN,0,RHH,0,Low,Low,high
1,1,0,0,0,0,0.1,2026-05-04,other,822984,6,away,689254,6,77.8,34.8,51.2,51,R,Mason Fluharty,TOR,2,TBR,2,,3,High,Mid,high
0,0,0,0,0,0,0.1,2026-05-06,other,822985,11,away,689254,8,77.8,34.8,51.2,51,R,Mason Fluharty,TOR,1,TBR,0,LHH,2,High,Mid,high
0,2,0,0,0,0,1,2026-05-09,other,822820,12,home,689254,5,22.6,13.1,27.4,47.2,R,Mason Fluharty,TOR,3,LAA,0,RHH,0,Low,Low,medium
1,0,0,0,0,0,1,2026-05-11,other,822818,18,home,689254,5,77.8,34.8,51.2,51,R,Mason Fluharty,TOR,4,TBR,0,LHH,1,High,Mid,low
0,0,0,0,0,0,0.1,2026-05-13,other,822815,2,home,689254,9,77.8,34.8,51.2,51,R,Mason Fluharty,TOR,1,TBR,0,LHH,2,High,Mid,high
1,1,0,0,0,0,1,2026-05-19,other,823548,9,away,689254,7,38.8,75.1,66.4,76,R,Mason Fluharty,TOR,4,NYY,0,LHH,0,Low,High,high
2,0,0,0,0,0,0.1,2026-05-20,hold,823547,8,away,689254,7,38.8,75.1,66.4,76,R,Mason Fluharty,TOR,3,NYY,0,LHH,0,Low,High,high
1,0,1,1,1,0,0.1,2026-05-22,hold,822816,8,home,689254,7,33.5,60.7,62.1,84.2,R,Mason Fluharty,TOR,3,PIT,0,LHH,2,Low,Mid,high
1,2,0,1,0,0,0.2,2026-05-24,other,822813,19,home,689254,5,33.5,60.7,62.1,84.2,R,Mason Fluharty,TOR,4,PIT,0,RHH,0,Low,Mid,medium
0,1,0,0,0,0,0.1,2026-05-25,other,822812,6,home,689254,7,40.1,39.3,48.6,65.4,R,Mason Fluharty,TOR,1,MIA,0,RHH,0,Low,Low,medium
1,0,0,0,0,0,0.2,2026-05-27,other,822809,13,home,689254,6,40.1,39.3,48.6,65.4,R,Mason Fluharty,TOR,3,MIA,0,RHH,0,Low,Low,medium
0,1,0,0,0,0,1.1,2026-05-29,other,824835,20,away,689254,7,31.6,69.3,61.4,73.6,R,Mason Fluharty,TOR,4,BAL,0,LHH,0,Low,Mid,high
0,3,0,0,0,0,1,2026-05-31,other,824832,12,away,689254,8,31.6,69.3,61.4,73.6,R,Mason Fluharty,TOR,3,BAL,0,LHH,0,Low,Mid,high
1,0,0,0,0,0,0.2,2026-06-02,other,824918,14,away,689254,8,51.3,55.8,59,68.1,R,Mason Fluharty,TOR,3,ATL,0,LHH,0,Mid,Mid,high
2,3,1,0,1,1,1,2026-06-06,hold,822808,21,home,689254,7,31.6,69.3,61.4,73.6,R,Mason Fluharty,TOR,5,BAL,0,RHH,0,Low,Mid,medium
0,1,0,0,0,0,1,2026-06-09,other,822805,8,home,689254,8,32.1,30.7,33.4,37.3,R,Mason Fluharty,TOR,3,PHI,0,RHH,0,Low,Low,high
1,1,1,0,1,1,0.2,2026-06-10,other,822804,17,home,689254,4,32.1,30.7,33.4,37.3,R,Mason Fluharty,TOR,3,PHI,1,LHH,1,Low,Low,low
1,1,0,0,0,0,1,2026-06-12,hold,822803,13,home,689254,6,38.8,75.1,66.4,76,R,Mason Fluharty,TOR,4,NYY,2,LHH,2,Low,High,high
1,0,0,1,0,0,0.2,2026-06-14,other,822801,9,home,689254,7,38.8,75.1,66.4,76,R,Mason Fluharty,TOR,4,NYY,0,LHH,0,Low,High,high
1,1,0,1,0,0,0.1,2026-06-17,hold,824746,11,away,689254,5,43,41.3,32.9,16,R,Mason Fluharty,TOR,3,BOS,0,LHH,1,Low,Low,medium
0,0,0,0,0,0,1,2026-06-18,save,824748,5,away,689254,9,43,41.3,32.9,16,R,Mason Fluharty,TOR,3,BOS,0,LHH,0,Low,Low,high
0,1,0,0,0,0,1,2026-06-23,other,822799,15,home,689254,6,38.5,45.2,48.8,60.3,R,Mason Fluharty,TOR,3,HOU,0,LHH,0,Low,Low,medium
1,0,1,2,1,0,1,2026-06-24,other,822798,20,home,689254,9,38.5,45.2,48.8,60.3,R,Mason Fluharty,TOR,6,HOU,0,RHH,0,Low,Low,high
2,0,2,1,2,0,0.1,2026-06-27,other,822794,14,home,689254,5,36.6,27.1,36.4,46.9,R,Mason Fluharty,TOR,4,TEX,2,,2,Low,Low,medium
0,0,0,0,0,0,0.1,2026-06-29,hold,822792,2,home,689254,7,30.6,40,42.5,53.8,R,Mason Fluharty,TOR,0,NYM,0,RHH,1,Low,Low,high
1,1,1,0,1,1,1,2026-06-30,other,822793,14,home,689254,7,30.6,40,42.5,53.8,R,Mason Fluharty,TOR,4,NYM,0,LHH,0,Low,Low,high
3,2,1,0,1,0,1,2026-07-05,other,823117,32,away,689254,8,43.3,45.2,49.2,57.9,R,Mason Fluharty,TOR,6,SEA,0,LHH,0,Low,Low,high
0,1,0,0,0,0,1,2026-07-07,other,823203,12,away,689254,8,35.1,17.2,38.2,64.4,R,Mason Fluharty,TOR,3,SFG,0,LHH,0,Low,Low,high
0,1,0,0,0,0,0.1,2026-07-10,other,823278,5,away,689254,5,40.5,52.4,53.2,63.3,R,Mason Fluharty,TOR,1,SDP,0,LHH,1,Low,Mid,medium
2,1,1,0,1,1,2,2026-07-11,other,823276,28,away,689254,5,40.5,52.4,53.2,63.3,R,Mason Fluharty,TOR,8,SDP,0,,0,Low,Mid,medium
0,2,0,0,0,0,1.1,2026-07-19,other,822786,22,home,689254,7,32.2,45.8,54.2,79.5,R,Mason Fluharty,TOR,4,CHW,0,LHH,1,Low,Mid,medium
1,0,0,0,0,0,0.2,2026-07-21,other,822787,11,home,689254,4,77.8,34.8,51.2,51,R,Mason Fluharty,TOR,2,TBR,2,LHH,2,High,Mid,medium
1,0,0,1,0,0,0.1,2026-07-22,other,822784,7,home,689254,6,77.8,34.8,51.2,51,R,Mason Fluharty,TOR,3,TBR,1,RHH,2,High,Mid,high
0,2,0,0,0,0,1,2026-07-24,other,824733,8,away,689254,5,43,41.3,32.9,16,R,Mason Fluharty,TOR,3,BOS,0,RHH,0,Low,Low,medium
0,1,0,0,0,0,1.1,2026-07-27,other,822705,17,away,689254,3,43.7,67,67.7,85.6,R,Mason Fluharty,TOR,4,WSN,0,RHH,1,Low,High,medium
1,1,2,1,2,1,0.2,2026-07-28,other,822703,19,away,689254,4,43.7,67,67.7,85.6,R,Mason Fluharty,TOR,4,WSN,0,,0,Low,High,medium
0,0,0,1,0,0,0.1,2026-08-01,hold,822781,7,home,689254,7,41,40.4,42.1,44.7,R,Mason Fluharty,TOR,2,STL,0,,1,Low,Low,high
0,0,0,0,0,0,0.1,2026-08-02,other,822783,4,home,689254,9,41,40.4,42.1,44.7,R,Mason Fluharty,TOR,1,STL,0,LHH,1,Low,Low,high
0,0,0,1,0,0,1,2026-08-04,other,824161,12,away,689254,8,38.5,45.2,48.8,60.3,R,Mason Fluharty,TOR,4,HOU,0,RHH,0,Low,Low,high
0,2,0,0,0,0,1,2026-08-05,other,824158,11,away,689254,7,38.5,45.2,48.8,60.3,R,Mason Fluharty,TOR,3,HOU,0,LHH,0,Low,Low,high
0,1,0,0,0,0,0.1,2026-08-07,other,823428,6,away,689254,5,32.1,30.7,33.4,37.3,R,Mason Fluharty,TOR,1,PHI,0,LHH,2,Low,Low,medium
0,1,0,0,0,0,1,2026-08-09,other,823425,11,away,689254,9,32.1,30.7,33.4,37.3,R,Mason Fluharty,TOR,3,PHI,0,LHH,0,Low,Low,high
0,0,0,0,0,0,1,2026-08-12,other,822779,13,home,689254,7,43,41.3,32.9,16,R,Mason Fluharty,TOR,3,BOS,0,LHH,0,Low,Low,high
2,7,1,0,1,1,5,2026-05-06,other,823226,67,away,663362,2,35.1,17.2,38.2,64.4,R,Matt Waldron,TOR,17,SFG,0,RHH,0,Low,Low,medium
8,3,6,2,6,1,2.2,2026-05-12,other,823790,59,away,663362,2,67.4,75.3,66.3,55.3,R,Matt Waldron,TOR,17,MIL,0,LHH,0,High,High,medium
1,4,0,0,0,0,2,2026-05-14,other,823789,27,away,663362,7,67.4,75.3,66.3,55.3,R,Matt Waldron,TOR,7,MIL,0,LHH,0,High,High,medium
2,3,0,1,0,0,3,2026-07-11,other,823276,46,home,663362,3,54.7,7.6,29.4,36.4,R,Matt Waldron,TOR,12,TOR,0,,0,Mid,Low,medium
2,2,2,0,2,1,2.1,2026-07-18,other,824088,27,away,663362,4,57,42.9,50.8,55.5,R,Matt Waldron,TOR,8,KCR,0,LHH,1,Mid,Mid,medium
3,0,1,0,1,1,2,2026-07-23,other,824893,30,away,663362,6,51.3,55.8,59,68.1,R,Matt Waldron,TOR,9,ATL,0,LHH,0,Mid,Mid,medium
3,1,1,0,1,0,2,2026-07-25,other,823841,39,away,663362,8,40.1,39.3,48.6,65.4,R,Matt Waldron,TOR,8,MIA,0,RHH,0,Low,Low,high
0,1,0,0,0,0,1,2026-08-07,hold,823428,12,away,663362,8,32.1,30.7,33.4,37.3,R,Matt Waldron,TOR,3,PHI,0,RHH,0,Low,Low,high
0,0,0,1,0,0,1,2026-08-08,other,823426,21,away,663362,7,32.1,30.7,33.4,37.3,R,Matt Waldron,TOR,4,PHI,0,LHH,0,Low,Low,high
3,1,3,1,3,0,0.1,2026-08-12,other,822779,16,home,663362,,43,41.3,32.9,16,R,Matt Waldron,TOR,5,BOS,0,,0,Low,Low,medium
1,1,0,1,0,0,1,2026-05-18,other,823705,18,home,680573,5,38.5,45.2,48.8,60.3,R,Simeon Woods Richardson,TOR,5,HOU,0,RHH,0,Low,Low,medium
1,1,0,1,0,0,2,2026-05-25,other,824598,35,away,680573,7,32.2,45.8,54.2,79.5,R,Simeon Woods Richardson,TOR,8,CHW,0,LHH,0,Low,Mid,high
1,3,0,0,0,0,4,2026-06-08,other,822806,48,home,680573,5,32.1,30.7,33.4,37.3,R,Simeon Woods Richardson,TOR,13,PHI,0,RHH,0,Low,Low,low
3,1,0,3,0,0,3,2026-06-17,other,824746,55,away,680573,2,43,41.3,32.9,16,R,Simeon Woods Richardson,TOR,14,BOS,0,RHH,0,Low,Low,medium
0,1,0,4,0,0,3,2026-06-25,other,822797,43,home,680573,7,36.6,27.1,36.4,46.9,R,Simeon Woods Richardson,TOR,11,TEX,0,RHH,0,Low,Low,medium
4,2,1,1,1,0,3,2026-08-10,other,822780,45,home,680573,5,43,41.3,32.9,16,R,Simeon Woods Richardson,TOR,13,BOS,0,LHH,0,Low,Low,medium
0,1,0,1,0,0,1,2026-03-28,other,822838,16,home,693686,11,42.3,37.3,48.1,64.7,R,Spencer Miles,TOR,4,ATH,0,RHH,0,Low,Low,high
3,2,3,1,3,1,1.2,2026-03-30,other,822834,41,home,693686,4,34.5,31.8,26.1,13.5,R,Spencer Miles,TOR,8,COL,0,LHH,2,Low,Low,medium
2,2,0,0,0,0,2,2026-04-05,other,824620,27,away,693686,7,32.2,45.8,54.2,79.5,R,Spencer Miles,TOR,8,CHW,0,RHH,0,Low,Mid,medium
2,1,1,0,1,1,1,2026-04-06,other,822832,16,home,693686,8,68.3,95.7,82.8,78.2,R,Spencer Miles,TOR,5,LAD,0,LHH,0,High,High,high
1,2,0,1,0,0,3.2,2026-04-11,other,822830,43,home,693686,6,39.7,33.8,47.1,67.6,R,Spencer Miles,TOR,12,MIN,0,,1,Low,Low,medium
2,1,2,1,0,0,1,2026-04-17,other,825101,29,away,693686,7,58.2,31.7,40.5,37.8,R,Spencer Miles,TOR,7,ARI,0,LHH,0,Mid,Low,high
1,1,0,0,0,0,1.1,2026-04-21,other,824045,22,away,693686,6,22.6,13.1,27.4,47.2,R,Spencer Miles,TOR,5,LAA,0,RHH,0,Low,Low,medium
2,2,1,0,1,0,2,2026-04-24,other,822827,28,home,693686,5,50,36.8,42.8,44.4,R,Spencer Miles,TOR,9,CLE,0,LHH,0,Mid,Low,low
0,3,0,1,0,0,2,2026-04-29,other,822821,26,home,693686,8,43,41.3,32.9,16,R,Spencer Miles,TOR,7,BOS,0,RHH,2,Low,Low,high
0,0,0,0,0,0,1,2026-05-02,other,823715,15,away,693686,9,39.7,33.8,47.1,67.6,R,Spencer Miles,TOR,3,MIN,0,LHH,0,Low,Low,high
3,1,2,0,2,0,1.1,2026-05-04,other,822984,27,away,693686,5,77.8,34.8,51.2,51,R,Spencer Miles,TOR,7,TBR,0,,0,High,Mid,medium
2,5,0,2,0,0,3.2,2026-05-16,other,824278,56,away,693686,2,43.2,42.5,49.7,62.5,R,Spencer Miles,TOR,14,DET,0,,1,Low,Low,medium
2,6,0,1,0,0,4.1,2026-05-21,hold,823545,63,away,693686,3,38.8,75.1,66.4,76,R,Spencer Miles,TOR,16,NYY,0,RHH,0,Low,High,medium
3,3,1,1,1,0,4.1,2026-05-26,other,822811,66,home,693686,2,40.1,39.3,48.6,65.4,R,Spencer Miles,TOR,17,MIA,0,,0,Low,Low,medium
2,5,2,1,2,1,4.1,2026-06-06,other,822808,73,home,693686,2,31.6,69.3,61.4,73.6,R,Spencer Miles,TOR,16,BAL,0,LHH,0,Low,Mid,medium
0,2,0,0,0,0,1.2,2026-06-10,other,822804,17,home,693686,7,32.1,30.7,33.4,37.3,R,Spencer Miles,TOR,5,PHI,0,RHH,2,Low,Low,high
1,2,1,1,1,0,2.2,2026-06-14,other,822801,38,home,693686,4,38.8,75.1,66.4,76,R,Spencer Miles,TOR,10,NYY,0,RHH,1,Low,High,medium
1,1,0,1,0,0,1.1,2026-06-17,hold,824746,22,away,693686,5,43,41.3,32.9,16,R,Spencer Miles,TOR,6,BOS,0,RHH,3,Low,Low,medium
1,0,0,1,0,0,0.2,2026-06-19,other,824663,20,away,693686,6,62.9,82.6,69.2,58.4,R,Spencer Miles,TOR,4,CHC,3,,3,Mid,High,high
2,3,0,0,0,0,1.1,2026-06-23,other,822799,28,home,693686,7,38.5,45.2,48.8,60.3,R,Spencer Miles,TOR,6,HOU,0,RHH,0,Low,Low,high
1,3,0,0,0,0,2.2,2026-06-26,other,822796,35,home,693686,5,36.6,27.1,36.4,46.9,R,Spencer Miles,TOR,9,TEX,0,RHH,0,Low,Low,low
1,5,0,1,0,0,3,2026-07-01,other,822791,46,home,693686,2,30.6,40,42.5,53.8,R,Spencer Miles,TOR,11,NYM,0,LHH,0,Low,Low,medium
1,1,0,2,0,0,2,2026-07-11,other,823276,39,away,693686,7,40.5,52.4,53.2,63.3,R,Spencer Miles,TOR,8,SDP,0,RHH,0,Low,Mid,high
3,4,0,0,0,0,3.2,2026-07-22,other,822784,51,home,693686,2,77.8,34.8,51.2,51,R,Spencer Miles,TOR,13,TBR,1,LHH,1,High,Mid,medium
1,1,0,0,0,0,1.1,2026-07-27,hold,822705,15,away,693686,5,43.7,67,67.7,85.6,R,Spencer Miles,TOR,4,WSN,0,RHH,0,Low,High,medium
1,2,0,0,0,0,1,2026-07-31,other,822782,16,home,693686,7,41,40.4,42.1,44.7,R,Spencer Miles,TOR,4,STL,0,LHH,0,Low,Low,high
1,1,0,1,0,0,2,2026-08-02,other,822783,23,home,693686,7,41,40.4,42.1,44.7,R,Spencer Miles,TOR,8,STL,0,LHH,0,Low,Low,high
2,2,0,0,0,0,2,2026-08-05,other,824158,40,away,693686,5,38.5,45.2,48.8,60.3,R,Spencer Miles,TOR,8,HOU,0,LHH,0,Low,Low,medium
3,0,2,0,2,0,0.2,2026-08-08,other,823426,14,away,693686,6,32.1,30.7,33.4,37.3,R,Spencer Miles,TOR,5,PHI,0,LHH,0,Low,Low,medium
0,1,0,0,0,0,0.1,2026-08-09,other,823425,4,away,693686,7,32.1,30.7,33.4,37.3,R,Spencer Miles,TOR,1,PHI,0,RHH,2,Low,Low,high
1,0,0,0,0,0,1,2026-08-11,save,822778,14,home,693686,9,43,41.3,32.9,16,R,Spencer Miles,TOR,4,BOS,0,LHH,0,Low,Low,high
0,0,0,1,0,0,1,2026-03-27,hold,822839,13,home,643511,8,42.3,37.3,48.1,64.7,R,Tyler Rogers,TOR,4,ATH,0,LHH,0,Low,Low,high
0,2,0,0,0,0,1,2026-03-28,other,822838,7,home,643511,9,42.3,37.3,48.1,64.7,R,Tyler Rogers,TOR,3,ATH,0,RHH,0,Low,Low,high
0,1,0,0,0,0,1,2026-03-30,other,822834,10,home,643511,7,34.5,31.8,26.1,13.5,R,Tyler Rogers,TOR,3,COL,0,RHH,0,Low,Low,medium
2,0,0,0,0,0,1,2026-04-01,hold,822835,18,home,643511,7,34.5,31.8,26.1,13.5,R,Tyler Rogers,TOR,5,COL,0,RHH,0,Low,Low,high
1,0,0,1,0,0,1,2026-04-03,other,824621,12,away,643511,9,32.2,45.8,54.2,79.5,R,Tyler Rogers,TOR,5,CHW,0,RHH,0,Low,Mid,high
1,2,0,1,0,0,1.2,2026-04-08,other,822833,20,home,643511,7,68.3,95.7,82.8,78.2,R,Tyler Rogers,TOR,7,LAD,1,,2,High,High,high
1,0,0,0,0,0,1,2026-04-12,other,822828,7,home,643511,8,39.7,33.8,47.1,67.6,R,Tyler Rogers,TOR,3,MIN,0,LHH,0,Low,Low,high
1,0,0,0,0,0,1,2026-04-14,other,823802,17,away,643511,8,67.4,75.3,66.3,55.3,R,Tyler Rogers,TOR,4,MIL,0,,0,High,High,high
2,0,2,1,1,0,1,2026-04-15,blown_save,823803,16,away,643511,8,67.4,75.3,66.3,55.3,R,Tyler Rogers,TOR,7,MIL,0,LHH,0,High,High,high
0,0,0,0,0,0,1,2026-04-18,other,825098,9,away,643511,7,58.2,31.7,40.5,37.8,R,Tyler Rogers,TOR,3,ARI,0,RHH,0,Mid,Low,high
0,0,0,0,0,0,0.2,2026-04-20,hold,824046,9,away,643511,8,22.6,13.1,27.4,47.2,R,Tyler Rogers,TOR,3,LAA,0,LHH,0,Low,Low,high
0,0,0,0,0,0,1,2026-04-21,hold,824045,12,away,643511,8,22.6,13.1,27.4,47.2,R,Tyler Rogers,TOR,3,LAA,0,LHH,0,Low,Low,high
0,1,0,0,0,0,1,2026-04-25,hold,822826,14,home,643511,8,50,36.8,42.8,44.4,R,Tyler Rogers,TOR,3,CLE,0,LHH,0,Mid,Low,high
0,1,0,0,0,0,1,2026-04-26,hold,822824,11,home,643511,7,50,36.8,42.8,44.4,R,Tyler Rogers,TOR,3,CLE,0,LHH,0,Mid,Low,high
0,1,0,0,0,0,1,2026-04-28,hold,822823,14,home,643511,8,43,41.3,32.9,16,R,Tyler Rogers,TOR,3,BOS,0,RHH,0,Low,Low,high
0,2,0,0,0,0,1,2026-05-01,other,823713,9,away,643511,8,39.7,33.8,47.1,67.6,R,Tyler Rogers,TOR,3,MIN,0,RHH,0,Low,Low,high
4,0,2,0,2,0,0.1,2026-05-05,blown_save,822986,22,away,643511,8,77.8,34.8,51.2,51,R,Tyler Rogers,TOR,5,TBR,0,RHH,0,High,Mid,high
3,0,1,0,1,0,1,2026-05-09,other,822820,25,home,643511,8,22.6,13.1,27.4,47.2,R,Tyler Rogers,TOR,6,LAA,0,,0,Low,Low,high
0,1,0,1,0,0,1,2026-05-12,other,822817,16,home,643511,8,77.8,34.8,51.2,51,R,Tyler Rogers,TOR,3,TBR,0,LHH,0,High,Mid,high
1,1,0,1,0,0,0.2,2026-05-13,other,822815,14,home,643511,9,77.8,34.8,51.2,51,R,Tyler Rogers,TOR,4,TBR,0,LHH,0,High,Mid,high
1,1,0,0,0,0,1,2026-05-16,other,824278,11,away,643511,8,43.2,42.5,49.7,62.5,R,Tyler Rogers,TOR,4,DET,0,,0,Low,Low,high
0,1,0,1,0,0,1,2026-05-17,save,824279,20,away,643511,9,43.2,42.5,49.7,62.5,R,Tyler Rogers,TOR,4,DET,0,,0,Low,Low,high
0,1,0,0,0,0,1,2026-05-20,hold,823547,10,away,643511,8,38.8,75.1,66.4,76,R,Tyler Rogers,TOR,3,NYY,0,LHH,0,Low,High,high
0,0,0,1,0,0,1,2026-05-21,hold,823545,8,away,643511,8,38.8,75.1,66.4,76,R,Tyler Rogers,TOR,3,NYY,0,LHH,0,Low,High,high
2,0,3,1,3,0,0.2,2026-05-25,other,822812,17,home,643511,8,40.1,39.3,48.6,65.4,R,Tyler Rogers,TOR,5,MIA,0,LHH,0,Low,Low,high
0,0,0,0,0,0,1,2026-05-27,save,822809,7,home,643511,9,40.1,39.3,48.6,65.4,R,Tyler Rogers,TOR,3,MIA,0,RHH,0,Low,Low,high
2,1,0,0,0,0,0.2,2026-05-28,hold,824834,20,away,643511,8,31.6,69.3,61.4,73.6,R,Tyler Rogers,TOR,4,BAL,0,,0,Low,Mid,high
0,0,0,0,0,0,1,2026-05-30,hold,824833,9,away,643511,7,31.6,69.3,61.4,73.6,R,Tyler Rogers,TOR,3,BAL,0,LHH,0,Low,Mid,high
0,0,0,0,0,0,1,2026-06-04,hold,824919,12,away,643511,6,51.3,55.8,59,68.1,R,Tyler Rogers,TOR,3,ATL,0,LHH,0,Mid,Mid,medium
0,1,0,0,0,0,1,2026-06-06,hold,822808,10,home,643511,8,31.6,69.3,61.4,73.6,R,Tyler Rogers,TOR,3,BAL,0,RHH,1,Low,Mid,high
0,1,0,1,0,0,1.1,2026-06-07,hold,822807,17,home,643511,7,31.6,69.3,61.4,73.6,R,Tyler Rogers,TOR,4,BAL,0,RHH,2,Low,Mid,high
1,0,0,0,0,0,1,2026-06-10,other,822804,14,home,643511,9,32.1,30.7,33.4,37.3,R,Tyler Rogers,TOR,4,PHI,0,LHH,0,Low,Low,high
0,1,0,0,0,0,1,2026-06-12,hold,822803,7,home,643511,8,38.8,75.1,66.4,76,R,Tyler Rogers,TOR,3,NYY,0,RHH,0,Low,High,high
2,1,0,0,0,0,1,2026-06-13,other,822802,22,home,643511,8,38.8,75.1,66.4,76,R,Tyler Rogers,TOR,5,NYY,0,LHH,0,Low,High,high
1,0,0,0,0,0,1,2026-06-16,other,824750,17,away,643511,7,43,41.3,32.9,16,R,Tyler Rogers,TOR,4,BOS,0,,0,Low,Low,medium
1,0,0,0,0,0,1,2026-06-17,hold,824746,11,away,643511,8,43,41.3,32.9,16,R,Tyler Rogers,TOR,4,BOS,0,,0,Low,Low,high
3,0,5,1,0,0,0.2,2026-06-19,other,824663,28,away,643511,7,62.9,82.6,69.2,58.4,R,Tyler Rogers,TOR,7,CHC,0,RHH,0,Mid,High,medium
2,0,0,1,0,0,1,2026-06-22,hold,822800,19,home,643511,8,38.5,45.2,48.8,60.3,R,Tyler Rogers,TOR,5,HOU,0,RHH,0,Low,Low,high
3,0,2,0,1,0,1,2026-06-23,blown_save,822799,18,home,643511,9,38.5,45.2,48.8,60.3,R,Tyler Rogers,TOR,7,HOU,0,RHH,0,Low,Low,high
1,0,0,0,0,0,1,2026-06-27,other,822794,22,home,643511,9,36.6,27.1,36.4,46.9,R,Tyler Rogers,TOR,4,TEX,0,RHH,0,Low,Low,high
1,0,0,1,0,0,1,2026-06-29,hold,822792,9,home,643511,8,30.6,40,42.5,53.8,R,Tyler Rogers,TOR,5,NYM,0,LHH,0,Low,Low,high
0,1,0,0,0,0,1,2026-07-05,other,823117,6,away,643511,7,43.3,45.2,49.2,57.9,R,Tyler Rogers,TOR,3,SEA,0,RHH,0,Low,Low,medium
0,0,0,0,0,0,1,2026-07-08,other,823202,4,away,643511,9,35.1,17.2,38.2,64.4,R,Tyler Rogers,TOR,3,SFG,0,LHH,1,Low,Low,high
0,0,0,0,0,0,1,2026-07-10,hold,823278,8,away,643511,8,40.5,52.4,53.2,63.3,R,Tyler Rogers,TOR,3,SDP,0,RHH,0,Low,Mid,high
0,1,0,0,0,0,1,2026-07-12,other,823274,12,away,643511,7,40.5,52.4,53.2,63.3,R,Tyler Rogers,TOR,4,SDP,0,,0,Low,Mid,high
1,1,0,0,0,0,1,2026-07-18,hold,822790,11,home,643511,8,32.2,45.8,54.2,79.5,R,Tyler Rogers,TOR,3,CHW,0,LHH,0,Low,Mid,high
1,2,0,0,0,0,1,2026-07-22,other,822784,18,home,643511,7,77.8,34.8,51.2,51,R,Tyler Rogers,TOR,4,TBR,0,,0,High,Mid,medium
0,1,0,0,0,0,1,2026-07-23,hold,822785,9,home,643511,8,77.8,34.8,51.2,51,R,Tyler Rogers,TOR,3,TBR,0,LHH,0,High,Mid,high
0,1,0,0,0,0,1,2026-07-27,hold,822705,8,away,643511,7,43.7,67,67.7,85.6,R,Tyler Rogers,TOR,3,WSN,0,LHH,0,Low,High,high
2,0,1,1,1,0,0.1,2026-07-29,hold,822702,15,away,643511,7,43.7,67,67.7,85.6,R,Tyler Rogers,TOR,4,WSN,0,LHH,1,Low,High,high
0,0,0,0,0,0,1,2026-08-01,other,822781,12,home,643511,9,41,40.4,42.1,44.7,R,Tyler Rogers,TOR,3,STL,0,LHH,0,Low,Low,high
0,0,0,0,0,0,1,2026-08-03,save,824160,12,away,643511,9,38.5,45.2,48.8,60.3,R,Tyler Rogers,TOR,3,HOU,0,RHH,0,Low,Low,high
1,0,0,0,0,0,1,2026-08-05,other,824158,10,away,643511,8,38.5,45.2,48.8,60.3,R,Tyler Rogers,TOR,3,HOU,0,,0,Low,Low,high
1,0,2,3,1,0,1,2026-08-07,save,823428,35,away,643511,9,32.1,30.7,33.4,37.3,R,Tyler Rogers,TOR,8,PHI,0,LHH,0,Low,Low,high
1,0,0,2,0,0,1,2026-08-09,other,823425,13,away,643511,8,32.1,30.7,33.4,37.3,R,Tyler Rogers,TOR,6,PHI,0,,0,Low,Low,high
0,1,0,1,0,0,1,2026-08-10,hold,822780,18,home,643511,8,43,41.3,32.9,16,R,Tyler Rogers,TOR,4,BOS,0,,0,Low,Low,high
1,0,0,0,0,0,1,2026-08-12,other,822779,11,home,643511,8,43,41.3,32.9,16,R,Tyler Rogers,TOR,4,BOS,0,,0,Low,Low,high
4,5,0,0,0,0,4.1,2026-04-19,other,822750,62,home,674841,5,35.1,17.2,38.2,64.4,R,Andrew Alvarez,WSN,16,SFG,0,LHH,0,Low,Low,medium
3,5,2,1,2,0,3,2026-05-15,hold,822739,48,home,674841,6,31.6,69.3,61.4,73.6,R,Andrew Alvarez,WSN,13,BAL,0,RHH,0,Low,Mid,medium
2,5,2,1,2,1,4,2026-05-20,save,822735,56,home,674841,6,30.6,40,42.5,53.8,R,Andrew Alvarez,WSN,14,NYM,0,LHH,0,Low,Low,medium
1,1,0,1,0,0,1.1,2026-05-24,hold,824921,18,away,674841,7,51.3,55.8,59,68.1,R,Andrew Alvarez,WSN,6,ATL,0,RHH,0,Mid,Mid,high
5,1,3,2,3,0,3,2026-05-29,other,822732,74,home,674841,2,40.5,52.4,53.2,63.3,R,Andrew Alvarez,WSN,15,SDP,0,RHH,0,Low,Mid,medium
2,6,0,1,0,0,4.2,2026-07-01,other,824740,74,away,674841,3,43,41.3,32.9,16,R,Andrew Alvarez,WSN,17,BOS,0,LHH,2,Low,Low,medium
4,2,3,1,3,0,2,2026-07-12,other,822708,40,home,674841,7,38.8,75.1,66.4,76,R,Andrew Alvarez,WSN,11,NYY,0,LHH,0,Low,High,high
4,3,1,3,1,0,4.1,2026-07-27,other,822705,80,home,674841,3,54.7,7.6,29.4,36.4,R,Andrew Alvarez,WSN,19,TOR,0,RHH,1,Mid,Low,medium
4,1,1,0,1,0,2.1,2026-03-26,other,824704,47,away,695418,5,62.9,82.6,69.2,58.4,R,Brad Lord,WSN,10,CHC,0,RHH,2,Mid,High,low
1,3,0,1,0,0,3,2026-03-30,hold,823484,51,away,695418,6,32.1,30.7,33.4,37.3,R,Brad Lord,WSN,13,PHI,0,RHH,0,Low,Low,low
5,0,3,1,3,1,2,2026-04-04,other,822757,49,home,695418,5,68.3,95.7,82.8,78.2,R,Brad Lord,WSN,12,LAD,0,,0,High,High,low
1,2,1,0,1,1,3,2026-04-08,other,822753,52,home,695418,4,41,40.4,42.1,44.7,R,Brad Lord,WSN,10,STL,0,LHH,0,Low,Low,medium
0,3,0,1,0,0,1.2,2026-04-11,hold,823805,16,away,695418,6,67.4,75.3,66.3,55.3,R,Brad Lord,WSN,6,MIL,0,LHH,2,High,High,high
3,1,3,1,3,1,0.2,2026-04-13,other,823400,22,away,695418,6,33.5,60.7,62.1,84.2,R,Brad Lord,WSN,6,PIT,2,LHH,2,Low,Mid,high
1,2,0,0,0,0,3,2026-04-15,other,823399,39,away,695418,6,33.5,60.7,62.1,84.2,R,Brad Lord,WSN,10,PIT,0,RHH,0,Low,Mid,medium
2,1,1,0,1,0,2.2,2026-04-20,other,822749,37,home,695418,6,51.3,55.8,59,68.1,R,Brad Lord,WSN,11,ATL,2,LHH,2,Mid,Mid,high
1,0,1,0,0,0,1,2026-04-25,other,824613,18,away,695418,10,32.2,45.8,54.2,79.5,R,Brad Lord,WSN,4,CHW,0,RHH,0,Low,Mid,high
1,1,0,0,0,0,2.1,2026-04-28,other,823636,27,away,695418,4,30.6,40,42.5,53.8,R,Brad Lord,WSN,8,NYM,0,RHH,0,Low,Low,low
4,2,1,2,1,0,2,2026-05-02,other,822746,50,home,695418,7,67.4,75.3,66.3,55.3,R,Brad Lord,WSN,12,MIL,0,RHH,0,High,High,high
1,2,0,0,0,0,1.2,2026-05-08,hold,823871,31,away,695418,8,40.1,39.3,48.6,65.4,R,Brad Lord,WSN,6,MIA,0,LHH,0,Low,Low,high
2,3,0,0,0,0,2.2,2026-05-12,other,824521,36,away,695418,4,32.7,40.9,35.4,31,R,Brad Lord,WSN,11,CIN,1,RHH,3,Low,Low,medium
1,2,0,0,0,0,1,2026-05-17,other,822738,27,home,695418,8,31.6,69.3,61.4,73.6,R,Brad Lord,WSN,5,BAL,0,LHH,0,Low,Mid,high
2,3,1,0,1,1,3,2026-05-19,hold,822736,40,home,695418,6,30.6,40,42.5,53.8,R,Brad Lord,WSN,10,NYM,0,RHH,0,Low,Low,low
1,3,0,0,0,0,3,2026-05-23,hold,824920,47,away,695418,6,51.3,55.8,59,68.1,R,Brad Lord,WSN,12,ATL,0,RHH,0,Mid,Mid,medium
0,2,0,1,0,0,2,2026-05-30,other,822731,32,home,695418,6,40.5,52.4,53.2,63.3,R,Brad Lord,WSN,6,SDP,0,RHH,0,Low,Mid,medium
0,2,0,3,0,0,1.1,2026-06-03,other,822727,29,home,695418,5,40.1,39.3,48.6,65.4,R,Brad Lord,WSN,7,MIA,0,RHH,1,Low,Low,medium
0,1,0,0,0,0,2,2026-06-06,save,825075,24,away,695418,8,58.2,31.7,40.5,37.8,R,Brad Lord,WSN,6,ARI,0,RHH,0,Mid,Low,high
3,1,0,2,0,0,2.2,2026-06-09,other,823214,57,away,695418,5,35.1,17.2,38.2,64.4,R,Brad Lord,WSN,14,SFG,2,,2,Low,Low,medium
0,2,0,1,0,0,2,2026-06-13,other,822725,23,home,695418,8,43.3,45.2,49.2,57.9,R,Brad Lord,WSN,6,SEA,0,RHH,2,Low,Low,high
2,2,2,1,2,0,3,2026-06-15,blown_hold,822724,48,home,695418,5,57,42.9,50.8,55.5,R,Brad Lord,WSN,11,KCR,0,RHH,0,Mid,Mid,medium
2,5,0,0,0,0,3,2026-06-20,hold,822967,36,away,695418,6,77.8,34.8,51.2,51,R,Brad Lord,WSN,11,TBR,0,LHH,0,High,Mid,medium
5,2,6,1,6,2,0.2,2026-06-23,blown_save,822718,30,home,695418,9,32.1,30.7,33.4,37.3,R,Brad Lord,WSN,8,PHI,0,,0,Low,Low,high
2,5,1,3,1,0,2.2,2026-06-26,other,824824,59,away,695418,5,31.6,69.3,61.4,73.6,R,Brad Lord,WSN,13,BAL,0,RHH,0,Low,Mid,medium
4,0,5,1,5,1,1.1,2026-07-05,other,822715,50,home,695418,7,33.5,60.7,62.1,84.2,R,Brad Lord,WSN,9,PIT,0,LHH,0,Low,Mid,high
0,0,0,0,0,0,1,2026-08-05,other,823429,10,away,695418,11,32.1,30.7,33.4,37.3,R,Brad Lord,WSN,3,PHI,0,LHH,0,Low,Low,high
0,1,0,2,0,0,1,2026-03-26,other,824704,24,away,690925,8,62.9,82.6,69.2,58.4,R,Clayton Beeter,WSN,5,CHC,0,LHH,0,Mid,High,high
0,0,0,0,0,0,1,2026-03-29,save,824700,6,away,690925,9,62.9,82.6,69.2,58.4,R,Clayton Beeter,WSN,3,CHC,0,RHH,0,Mid,High,high
1,0,1,0,1,0,1,2026-04-01,hold,823483,16,away,690925,8,32.1,30.7,33.4,37.3,R,Clayton Beeter,WSN,4,PHI,0,,2,Low,Low,high
1,2,1,0,1,1,1.2,2026-04-05,blown_save,822756,25,home,690925,8,68.3,95.7,82.8,78.2,R,Clayton Beeter,WSN,6,LAD,2,LHH,3,High,High,high
0,0,0,2,0,0,1,2026-04-07,other,822754,15,home,690925,9,41,40.4,42.1,44.7,R,Clayton Beeter,WSN,5,STL,0,RHH,0,Low,Low,high
0,1,0,0,0,0,1,2026-04-10,other,823808,12,away,690925,9,67.4,75.3,66.3,55.3,R,Clayton Beeter,WSN,3,MIL,0,LHH,0,High,High,high
1,2,1,2,1,1,1,2026-04-11,save,823805,24,away,690925,9,67.4,75.3,66.3,55.3,R,Clayton Beeter,WSN,7,MIL,0,LHH,0,High,High,high
0,0,0,0,0,0,0.2,2026-04-14,hold,823398,8,away,690925,8,33.5,60.7,62.1,84.2,R,Clayton Beeter,WSN,2,PIT,0,RHH,1,Low,Mid,high
1,1,1,2,1,0,1,2026-04-16,blown_save,823396,32,away,690925,9,33.5,60.7,62.1,84.2,R,Clayton Beeter,WSN,7,PIT,0,LHH,0,Low,Mid,high
1,2,0,0,0,0,1,2026-04-21,other,822747,19,home,690925,9,51.3,55.8,59,68.1,R,Clayton Beeter,WSN,4,ATL,0,LHH,0,Mid,Mid,high
0,2,0,1,0,0,1,2026-05-21,other,822733,20,home,690925,8,30.6,40,42.5,53.8,R,Clayton Beeter,WSN,4,NYM,0,,0,Low,Low,high
0,2,0,0,0,0,1,2026-05-22,other,824922,17,away,690925,8,51.3,55.8,59,68.1,R,Clayton Beeter,WSN,3,ATL,0,LHH,0,Mid,Mid,high
1,0,0,1,0,0,1,2026-05-27,other,824432,11,away,690925,7,50,36.8,42.8,44.4,R,Clayton Beeter,WSN,4,CLE,0,LHH,0,Mid,Low,high
0,1,0,2,0,0,1.1,2026-05-30,save,822731,22,home,690925,8,40.5,52.4,53.2,63.3,R,Clayton Beeter,WSN,6,SDP,0,RHH,3,Low,Mid,high
1,1,0,0,0,0,1,2026-05-31,save,822729,16,home,690925,9,40.5,52.4,53.2,63.3,R,Clayton Beeter,WSN,3,SDP,0,RHH,0,Low,Mid,high
3,3,2,1,2,0,1.1,2026-06-03,other,822727,28,home,690925,7,40.1,39.3,48.6,65.4,R,Clayton Beeter,WSN,8,MIA,0,LHH,2,Low,Low,high
2,0,2,0,2,0,1.1,2026-06-08,other,823218,16,away,690925,7,35.1,17.2,38.2,64.4,R,Clayton Beeter,WSN,7,SFG,0,RHH,2,Low,Low,high
0,1,0,0,0,0,1,2026-06-09,hold,823214,11,away,690925,8,35.1,17.2,38.2,64.4,R,Clayton Beeter,WSN,3,SFG,0,LHH,0,Low,Low,high
0,2,0,0,0,0,1,2026-06-14,other,822722,10,home,690925,9,43.3,45.2,49.2,57.9,R,Clayton Beeter,WSN,3,SEA,0,RHH,0,Low,Low,high
0,2,0,1,0,0,1,2026-06-15,other,822724,18,home,690925,8,57,42.9,50.8,55.5,R,Clayton Beeter,WSN,4,KCR,0,,0,Mid,Mid,high
1,2,1,2,1,0,1,2026-06-20,save,822967,21,away,690925,9,77.8,34.8,51.2,51,R,Clayton Beeter,WSN,6,TBR,0,,0,High,Mid,high
1,1,0,0,0,0,1,2026-06-22,save,822720,6,home,690925,9,32.1,30.7,33.4,37.3,R,Clayton Beeter,WSN,3,PHI,0,LHH,0,Low,Low,high
1,0,0,0,0,0,0.1,2026-06-23,blown_save,822718,9,home,690925,8,32.1,30.7,33.4,37.3,R,Clayton Beeter,WSN,2,PHI,3,,3,Low,Low,high
0,0,0,2,0,0,0.2,2026-06-25,blown_save,822717,18,home,690925,7,32.1,30.7,33.4,37.3,R,Clayton Beeter,WSN,4,PHI,2,,3,Low,Low,high
0,2,0,0,0,0,1,2026-06-27,other,824825,20,away,690925,9,31.6,69.3,61.4,73.6,R,Clayton Beeter,WSN,3,BAL,0,RHH,0,Low,Mid,high
0,1,0,0,0,0,0.1,2026-07-03,hold,822714,5,home,690925,7,33.5,60.7,62.1,84.2,R,Clayton Beeter,WSN,1,PIT,0,LHH,3,Low,Mid,high
0,1,0,0,0,0,1.1,2026-07-06,save,822712,12,home,690925,8,38.5,45.2,48.8,60.3,R,Clayton Beeter,WSN,4,HOU,0,RHH,0,Low,Low,high
0,1,0,0,0,0,0.1,2026-07-10,hold,822709,7,home,690925,8,38.8,75.1,66.4,76,R,Clayton Beeter,WSN,1,NYY,0,RHH,1,Low,High,high
1,2,1,1,1,0,1.1,2026-07-19,save,824978,24,away,690925,8,42.3,37.3,48.1,64.7,R,Clayton Beeter,WSN,6,ATH,0,LHH,2,Low,Low,high
1,0,1,0,1,1,1,2026-07-21,other,824329,16,away,690925,8,34.5,31.8,26.1,13.5,R,Clayton Beeter,WSN,4,COL,0,LHH,0,Low,Low,high
0,0,0,0,0,0,1,2026-07-25,save,822704,9,home,690925,9,58.2,31.7,40.5,37.8,R,Clayton Beeter,WSN,3,ARI,0,LHH,0,Mid,Low,high
1,0,0,1,0,0,1,2026-07-26,save,822706,14,home,690925,9,58.2,31.7,40.5,37.8,R,Clayton Beeter,WSN,5,ARI,2,RHH,3,Mid,Low,high
0,1,0,0,0,0,1,2026-07-28,save,822703,12,home,690925,9,54.7,7.6,29.4,36.4,R,Clayton Beeter,WSN,3,TOR,0,RHH,0,Mid,Low,high
1,0,2,1,2,1,0.1,2026-08-03,other,823431,8,away,690925,8,32.1,30.7,33.4,37.3,R,Clayton Beeter,WSN,3,PHI,0,LHH,0,Low,Low,high
0,1,1,1,0,0,1,2026-08-05,blown_save,823429,18,away,690925,10,32.1,30.7,33.4,37.3,R,Clayton Beeter,WSN,3,PHI,0,LHH,0,Low,Low,high
0,1,0,0,0,0,1,2026-08-07,save,822699,8,home,690925,9,32.7,40.9,35.4,31,R,Clayton Beeter,WSN,3,CIN,0,LHH,0,Low,Low,high
0,1,0,1,0,0,1,2026-08-08,other,822701,17,home,690925,8,32.7,40.9,35.4,31,R,Clayton Beeter,WSN,4,CIN,0,RHH,0,Low,Low,high
0,1,0,0,0,0,0.2,2026-03-25,other,823244,7,away,656234,7,35.1,17.2,38.2,64.4,R,Jake Bird,WSN,2,SFG,0,RHH,0,Low,Low,medium
1,2,0,0,0,0,1.2,2026-03-28,other,823241,18,away,656234,6,35.1,17.2,38.2,64.4,R,Jake Bird,WSN,5,SFG,0,RHH,1,Low,Low,medium
0,0,0,0,0,0,1,2026-03-30,other,823159,14,away,656234,6,43.3,45.2,49.2,57.9,R,Jake Bird,WSN,4,SEA,0,RHH,0,Low,Low,medium
0,2,0,0,0,0,1,2026-04-03,hold,823568,11,home,656234,7,40.1,39.3,48.6,65.4,R,Jake Bird,WSN,3,MIA,0,RHH,0,Low,Low,medium
1,1,0,0,0,0,0.2,2026-04-07,other,823567,10,home,656234,6,42.3,37.3,48.1,64.7,R,Jake Bird,WSN,3,ATH,0,RHH,0,Low,Low,medium
2,2,0,0,0,0,1,2026-04-10,other,822997,20,away,656234,5,77.8,34.8,51.2,51,R,Jake Bird,WSN,5,TBR,0,RHH,0,High,Mid,medium
4,1,3,0,3,1,1,2026-04-13,blown_save,823563,29,home,656234,6,22.6,13.1,27.4,47.2,R,Jake Bird,WSN,7,LAA,1,RHH,1,Low,Low,medium
0,1,0,0,0,0,1,2026-04-25,hold,824203,9,away,656234,7,38.5,45.2,48.8,60.3,R,Jake Bird,WSN,3,HOU,0,RHH,0,Low,Low,medium
2,0,1,0,1,0,1,2026-04-29,other,822907,15,away,656234,6,36.6,27.1,36.4,46.9,R,Jake Bird,WSN,5,TEX,0,,0,Low,Low,medium
0,1,0,1,0,0,1,2026-05-01,other,823557,19,home,656234,9,31.6,69.3,61.4,73.6,R,Jake Bird,WSN,4,BAL,0,,0,Low,Mid,high
1,0,0,1,0,0,1,2026-05-02,hold,823554,20,home,656234,6,31.6,69.3,61.4,73.6,R,Jake Bird,WSN,4,BAL,2,RHH,3,Low,Mid,high
0,1,0,0,0,0,0.1,2026-05-04,hold,823552,4,home,656234,6,31.6,69.3,61.4,73.6,R,Jake Bird,WSN,1,BAL,0,RHH,3,Low,Mid,high
0,0,0,1,0,0,1,2026-05-07,other,823551,15,home,656234,8,36.6,27.1,36.4,46.9,R,Jake Bird,WSN,4,TEX,0,RHH,0,Low,Low,high
0,2,0,0,0,0,0.2,2026-05-10,other,823793,9,away,656234,5,67.4,75.3,66.3,55.3,R,Jake Bird,WSN,2,MIL,0,RHH,2,High,High,medium
2,0,0,0,0,0,0.1,2026-05-12,other,824843,10,away,656234,8,31.6,69.3,61.4,73.6,R,Jake Bird,WSN,3,BAL,0,RHH,0,Low,Mid,high
1,1,1,0,1,0,0.2,2026-05-16,other,823627,15,away,656234,4,30.6,40,42.5,53.8,R,Jake Bird,WSN,3,NYM,0,RHH,1,Low,Low,medium
1,1,0,0,0,0,0.2,2026-05-17,hold,823628,18,away,656234,6,30.6,40,42.5,53.8,R,Jake Bird,WSN,3,NYM,2,RHH,2,Low,Low,high
0,1,0,0,0,0,0.2,2026-05-19,hold,823548,11,home,656234,7,54.7,7.6,29.4,36.4,R,Jake Bird,WSN,3,TOR,0,RHH,0,Mid,Low,high
0,1,0,0,0,0,1,2026-05-20,other,823547,10,home,656234,7,54.7,7.6,29.4,36.4,R,Jake Bird,WSN,3,TOR,1,RHH,3,Mid,Low,high
1,1,1,1,1,1,0.2,2026-05-25,other,824107,19,away,656234,7,57,42.9,50.8,55.5,R,Jake Bird,WSN,4,KCR,0,RHH,1,Mid,Mid,high
2,1,1,0,1,0,1,2026-05-30,other,825000,20,away,656234,8,42.3,37.3,48.1,64.7,R,Jake Bird,WSN,5,ATH,0,RHH,0,Low,Low,high
0,2,0,1,0,0,0.2,2026-06-08,other,824427,17,away,656234,7,50,36.8,42.8,44.4,R,Jake Bird,WSN,3,CLE,0,RHH,0,Mid,Low,high
1,0,0,1,0,0,0.1,2026-06-09,hold,824429,15,away,656234,8,50,36.8,42.8,44.4,R,Jake Bird,WSN,3,CLE,0,LHH,0,Mid,Low,high
2,1,1,0,1,0,1,2026-06-12,other,822803,20,away,656234,5,54.7,7.6,29.4,36.4,R,Jake Bird,WSN,5,TOR,1,RHH,1,Mid,Low,medium
1,1,1,0,1,1,1,2026-06-14,blown_save,822801,12,away,656234,6,54.7,7.6,29.4,36.4,R,Jake Bird,WSN,4,TOR,0,RHH,0,Mid,Low,medium
1,1,1,0,1,1,1,2026-06-17,other,823536,16,home,656234,9,32.2,45.8,54.2,79.5,R,Jake Bird,WSN,4,CHW,0,,0,Low,Mid,high
0,2,0,0,0,0,1,2026-06-19,other,823534,21,home,656234,7,32.7,40.9,35.4,31,R,Jake Bird,WSN,3,CIN,0,RHH,0,Low,Low,medium
1,0,0,0,0,0,1,2026-06-20,other,823532,15,home,656234,7,32.7,40.9,35.4,31,R,Jake Bird,WSN,4,CIN,0,RHH,0,Low,Low,medium
0,2,0,0,0,0,1.1,2026-06-29,other,823529,14,home,656234,6,43.2,42.5,49.7,62.5,R,Jake Bird,WSN,5,DET,0,RHH,0,Low,Low,low
2,0,0,0,0,0,1,2026-06-30,other,823528,8,home,656234,9,43.2,42.5,49.7,62.5,R,Jake Bird,WSN,4,DET,0,,0,Low,Low,high
1,0,0,1,0,0,0.2,2026-07-04,other,823526,15,home,656234,5,39.7,33.8,47.1,67.6,R,Jake Bird,WSN,5,MIN,0,RHH,0,Low,Low,low
2,1,0,0,0,0,1.2,2026-07-05,other,823525,23,home,656234,7,39.7,33.8,47.1,67.6,R,Jake Bird,WSN,7,MIN,0,,0,Low,Low,medium
2,0,2,1,2,0,0.2,2026-07-09,other,822954,15,away,656234,3,77.8,34.8,51.2,51,R,Jake Bird,WSN,4,TBR,0,RHH,0,High,Mid,low
0,0,0,0,0,0,0.2,2026-07-10,other,822709,6,away,656234,7,43.7,67,67.7,85.6,R,Jake Bird,WSN,2,WSN,0,RHH,0,Low,High,high
4,1,5,2,5,0,0.1,2026-07-19,other,823523,34,home,656234,8,68.3,95.7,82.8,78.2,R,Jake Bird,WSN,7,LAD,0,LHH,0,High,High,high
0,2,0,0,0,0,1,2026-08-09,other,822700,12,home,656234,9,32.7,40.9,35.4,31,R,Jake Bird,WSN,3,CIN,0,RHH,0,Low,Low,high
1,1,1,0,1,1,1.1,2026-08-12,other,822698,25,home,656234,5,62.9,82.6,69.2,58.4,R,Jake Bird,WSN,5,CHC,2,RHH,2,Mid,High,medium
3,1,5,2,5,1,0.2,2026-07-18,other,824979,32,away,668820,7,42.3,37.3,48.1,64.7,R,Max Kranick,WSN,7,ATH,0,LHH,0,Low,Low,medium
1,1,0,1,0,0,1,2026-07-22,other,824327,15,away,668820,9,34.5,31.8,26.1,13.5,R,Max Kranick,WSN,5,COL,0,LHH,0,Low,Low,high
0,0,0,0,0,0,1,2026-07-24,other,822707,9,home,668820,9,58.2,31.7,40.5,37.8,R,Max Kranick,WSN,3,ARI,0,LHH,0,Mid,Low,high
1,1,0,0,0,0,1,2026-07-26,hold,822706,17,home,668820,7,58.2,31.7,40.5,37.8,R,Max Kranick,WSN,4,ARI,0,LHH,0,Mid,Low,high
1,0,1,1,1,0,1,2026-07-29,other,822702,17,home,668820,5,54.7,7.6,29.4,36.4,R,Max Kranick,WSN,6,TOR,0,RHH,2,Mid,Low,medium
0,0,0,0,0,0,1,2026-08-02,other,824891,5,away,668820,8,51.3,55.8,59,68.1,R,Max Kranick,WSN,3,ATL,0,LHH,0,Mid,Mid,high
4,0,1,0,1,0,2,2026-08-06,other,823430,31,away,668820,6,32.1,30.7,33.4,37.3,R,Max Kranick,WSN,9,PHI,0,LHH,0,Low,Low,medium
1,0,1,0,1,1,0.2,2026-08-08,blown_save,822701,9,home,668820,6,32.7,40.9,35.4,31,R,Max Kranick,WSN,3,CIN,1,RHH,1,Low,Low,medium
2,0,1,2,1,0,1,2026-08-11,other,822697,35,home,668820,5,62.9,82.6,69.2,58.4,R,Max Kranick,WSN,7,CHC,0,RHH,0,Mid,High,medium
0,0,0,0,0,0,1,2026-04-13,other,823400,14,away,687377,7,33.5,60.7,62.1,84.2,R,Orlando Ribalta,WSN,3,PIT,0,RHH,0,Low,Mid,medium
1,1,0,0,0,0,1,2026-04-16,save,823396,14,away,687377,10,33.5,60.7,62.1,84.2,R,Orlando Ribalta,WSN,3,PIT,0,LHH,0,Low,Mid,high
0,1,0,0,0,0,1,2026-05-02,other,822746,14,home,687377,9,67.4,75.3,66.3,55.3,R,Orlando Ribalta,WSN,3,MIL,0,RHH,0,High,High,high
1,1,1,2,1,0,1,2026-05-05,other,822743,34,home,687377,9,39.7,33.8,47.1,67.6,R,Orlando Ribalta,WSN,6,MIN,0,RHH,0,Low,Low,high
1,1,1,0,1,0,1,2026-05-07,hold,822741,21,home,687377,6,39.7,33.8,47.1,67.6,R,Orlando Ribalta,WSN,4,MIN,0,RHH,3,Low,Low,high
0,1,0,0,0,0,1,2026-05-10,other,823868,10,away,687377,7,40.1,39.3,48.6,65.4,R,Orlando Ribalta,WSN,3,MIA,0,LHH,0,Low,Low,high
0,1,0,0,0,0,1,2026-05-13,other,824519,6,away,687377,8,32.7,40.9,35.4,31,R,Orlando Ribalta,WSN,3,CIN,0,RHH,0,Low,Low,high
1,2,0,0,0,0,1,2026-05-16,other,822737,14,home,687377,8,31.6,69.3,61.4,73.6,R,Orlando Ribalta,WSN,4,BAL,0,,0,Low,Mid,high
0,0,0,0,0,0,1,2026-05-18,other,822734,9,home,687377,9,30.6,40,42.5,53.8,R,Orlando Ribalta,WSN,3,NYM,0,LHH,0,Low,Low,high
2,1,0,0,0,0,1,2026-05-21,other,822733,24,home,687377,9,30.6,40,42.5,53.8,R,Orlando Ribalta,WSN,6,NYM,0,LHH,0,Low,Low,high
2,0,2,2,1,0,1,2026-05-22,blown_save,824922,23,away,687377,10,51.3,55.8,59,68.1,R,Orlando Ribalta,WSN,7,ATL,0,RHH,0,Mid,Mid,high
0,1,0,0,0,0,0.2,2026-05-24,save,824921,10,away,687377,9,51.3,55.8,59,68.1,R,Orlando Ribalta,WSN,2,ATL,0,RHH,3,Mid,Mid,high
1,0,0,0,0,0,1,2026-05-27,other,824432,19,away,687377,6,50,36.8,42.8,44.4,R,Orlando Ribalta,WSN,4,CLE,0,LHH,0,Mid,Low,medium
0,0,0,0,0,0,1,2026-05-29,other,822732,7,home,687377,5,40.5,52.4,53.2,63.3,R,Orlando Ribalta,WSN,3,SDP,0,RHH,0,Low,Mid,medium
0,2,0,1,0,0,2,2026-05-31,hold,822729,29,home,687377,7,40.5,52.4,53.2,63.3,R,Orlando Ribalta,WSN,6,SDP,1,RHH,2,Low,Mid,high
1,1,0,1,0,0,0.2,2026-06-03,other,822727,21,home,687377,7,40.1,39.3,48.6,65.4,R,Orlando Ribalta,WSN,4,MIA,0,RHH,0,Low,Low,high
0,0,0,1,0,0,1,2026-06-06,hold,825075,11,away,687377,6,58.2,31.7,40.5,37.8,R,Orlando Ribalta,WSN,3,ARI,0,RHH,0,Mid,Low,medium
1,0,1,0,1,1,1,2026-06-09,other,823214,15,away,687377,9,35.1,17.2,38.2,64.4,R,Orlando Ribalta,WSN,4,SFG,0,,0,Low,Low,high
0,1,0,0,0,0,1,2026-06-10,other,823215,10,away,687377,8,35.1,17.2,38.2,64.4,R,Orlando Ribalta,WSN,3,SFG,2,RHH,2,Low,Low,high
1,0,0,0,0,0,0.2,2026-06-13,hold,822725,11,home,687377,6,43.3,45.2,49.2,57.9,R,Orlando Ribalta,WSN,3,SEA,0,RHH,1,Low,Low,medium
1,0,2,1,2,0,0.1,2026-06-16,hold,822723,14,home,687377,7,57,42.9,50.8,55.5,R,Orlando Ribalta,WSN,3,KCR,0,RHH,0,Mid,Mid,high
2,2,2,1,2,1,1,2026-06-21,blown_save,822968,27,away,687377,7,77.8,34.8,51.2,51,R,Orlando Ribalta,WSN,6,TBR,0,RHH,0,High,Mid,high
0,1,0,0,0,0,1,2026-06-23,hold,822718,17,home,687377,7,32.1,30.7,33.4,37.3,R,Orlando Ribalta,WSN,3,PHI,1,,2,Low,Low,high
0,1,1,1,1,0,0.2,2026-06-24,hold,822719,23,home,687377,9,32.1,30.7,33.4,37.3,R,Orlando Ribalta,WSN,3,PHI,0,LHH,0,Low,Low,high
2,0,1,0,1,0,0.1,2026-06-27,blown_save,824825,12,away,687377,8,31.6,69.3,61.4,73.6,R,Orlando Ribalta,WSN,3,BAL,1,LHH,1,Low,Mid,high
2,0,0,0,0,0,1,2026-06-30,other,824742,18,away,687377,8,43,41.3,32.9,16,R,Orlando Ribalta,WSN,4,BOS,0,RHH,0,Low,Low,high
1,2,0,0,0,0,1,2026-07-03,other,822714,21,home,687377,6,33.5,60.7,62.1,84.2,R,Orlando Ribalta,WSN,4,PIT,0,,0,Low,Mid,low
0,2,0,0,0,0,1,2026-07-05,other,822715,13,home,687377,6,33.5,60.7,62.1,84.2,R,Orlando Ribalta,WSN,3,PIT,0,LHH,0,Low,Mid,medium
2,1,1,0,0,0,1,2026-07-08,other,822710,21,home,687377,8,38.5,45.2,48.8,60.3,R,Orlando Ribalta,WSN,5,HOU,0,RHH,0,Low,Low,high
1,0,2,1,2,1,0.1,2026-07-11,hold,822711,17,home,687377,8,38.8,75.1,66.4,76,R,Orlando Ribalta,WSN,3,NYY,0,LHH,0,Low,High,high
0,2,0,0,0,0,0.2,2026-07-21,other,824329,8,away,687377,6,34.5,31.8,26.1,13.5,R,Orlando Ribalta,WSN,2,COL,0,,3,Low,Low,high
1,3,0,1,0,0,1.1,2026-07-24,other,822707,22,home,687377,7,58.2,31.7,40.5,37.8,R,Orlando Ribalta,WSN,6,ARI,0,,2,Mid,Low,high
0,2,0,0,0,0,1,2026-07-28,hold,822703,14,home,687377,8,54.7,7.6,29.4,36.4,R,Orlando Ribalta,WSN,3,TOR,0,LHH,0,Mid,Low,high
3,1,1,0,1,0,1,2026-07-29,other,822702,21,home,687377,7,54.7,7.6,29.4,36.4,R,Orlando Ribalta,WSN,6,TOR,0,RHH,0,Mid,Low,high
1,1,1,0,0,0,1,2026-08-02,other,824891,17,away,687377,7,51.3,55.8,59,68.1,R,Orlando Ribalta,WSN,4,ATL,0,,0,Mid,Mid,high
0,0,0,1,0,0,1.1,2026-08-05,other,823429,17,away,687377,8,32.1,30.7,33.4,37.3,R,Orlando Ribalta,WSN,5,PHI,0,RHH,0,Low,Low,high
0,0,0,0,0,0,1,2026-08-07,hold,822699,7,home,687377,8,32.7,40.9,35.4,31,R,Orlando Ribalta,WSN,3,CIN,0,RHH,0,Low,Low,high
1,0,1,1,1,1,1,2026-08-11,other,822697,15,home,687377,6,62.9,82.6,69.2,58.4,R,Orlando Ribalta,WSN,5,CHC,0,RHH,0,Mid,High,medium
1,0,0,1,0,0,0.2,2026-07-10,hold,822709,15,home,676680,8,38.8,75.1,66.4,76,R,Tom Cosgrove,WSN,3,NYY,0,LHH,0,Low,High,high
0,2,0,0,0,0,1.1,2026-07-11,hold,822711,18,home,676680,6,38.8,75.1,66.4,76,R,Tom Cosgrove,WSN,4,NYY,0,LHH,1,Low,High,medium
2,2,0,0,0,0,0.2,2026-07-19,other,824978,17,away,676680,8,42.3,37.3,48.1,64.7,R,Tom Cosgrove,WSN,4,ATH,0,RHH,0,Low,Low,high
0,0,0,0,0,0,2,2026-07-20,save,824328,10,away,676680,8,34.5,31.8,26.1,13.5,R,Tom Cosgrove,WSN,6,COL,0,RHH,0,Low,Low,high
1,0,0,1,0,0,0.1,2026-07-24,other,822707,9,home,676680,7,58.2,31.7,40.5,37.8,R,Tom Cosgrove,WSN,3,ARI,1,RHH,1,Mid,Low,high
2,0,1,0,1,0,1,2026-07-26,other,822706,17,home,676680,8,58.2,31.7,40.5,37.8,R,Tom Cosgrove,WSN,5,ARI,0,RHH,0,Mid,Low,high
0,0,0,0,0,0,1,2026-07-28,other,822703,13,home,676680,7,54.7,7.6,29.4,36.4,R,Tom Cosgrove,WSN,3,TOR,0,RHH,0,Mid,Low,medium
1,1,2,1,2,1,0.2,2026-08-03,blown_save,823431,14,away,676680,7,32.1,30.7,33.4,37.3,R,Tom Cosgrove,WSN,4,PHI,2,RHH,2,Low,Low,high
0,0,0,0,0,0,1.1,2026-08-05,other,823429,18,away,676680,7,32.1,30.7,33.4,37.3,R,Tom Cosgrove,WSN,5,PHI,0,RHH,2,Low,Low,high
0,2,0,0,0,0,1,2026-08-08,other,822701,13,home,676680,9,32.7,40.9,35.4,31,R,Tom Cosgrove,WSN,3,CIN,0,RHH,0,Low,Low,high
1,1,0,0,0,0,0.2,2026-08-11,other,822697,10,home,676680,4,62.9,82.6,69.2,58.4,R,Tom Cosgrove,WSN,3,CHC,1,LHH,2,Mid,High,medium
2,1,3,0,1,0,0.1,2026-08-12,other,822698,17,home,676680,6,62.9,82.6,69.2,58.4,R,Tom Cosgrove,WSN,4,CHC,0,RHH,0,Mid,High,medium
0,1,0,0,0,0,1.1,2026-07-29,other,822702,15,home,592866,8,54.7,7.6,29.4,36.4,R,Trevor Williams,WSN,4,TOR,0,RHH,1,Mid,Low,high
3,4,0,1,0,0,2.2,2026-07-31,other,824892,63,away,592866,6,51.3,55.8,59,68.1,R,Trevor Williams,WSN,13,ATL,1,,1,Mid,Mid,medium
2,2,0,0,0,0,1,2026-08-04,other,823432,21,away,592866,8,32.1,30.7,33.4,37.3,R,Trevor Williams,WSN,5,PHI,0,LHH,0,Low,Low,high
0,2,0,1,0,0,1,2026-08-06,other,823430,15,away,592866,8,32.1,30.7,33.4,37.3,R,Trevor Williams,WSN,4,PHI,0,LHH,0,Low,Low,high
1,2,0,0,0,0,2.1,2026-08-09,hold,822700,36,home,592866,6,32.7,40.9,35.4,31,R,Trevor Williams,WSN,7,CIN,0,RHH,1,Low,Low,medium
5,3,3,0,3,2,3,2026-08-12,other,822698,63,home,592866,7,62.9,82.6,69.2,58.4,R,Trevor Williams,WSN,14,CHC,0,LHH,0,Mid,High,medium
5,3,2,0,2,0,3,2026-05-26,other,824434,33,home,702021,7,43.7,67,67.7,85.6,R,Will Dion,WSN,12,WSN,0,RHH,0,Low,High,medium
2,2,6,2,2,1,1,2026-05-30,other,824431,35,home,702021,9,43,41.3,32.9,16,R,Will Dion,WSN,9,BOS,0,RHH,0,Low,Low,high
2,3,0,0,0,0,2,2026-05-31,other,824430,27,home,702021,8,43,41.3,32.9,16,R,Will Dion,WSN,8,BOS,0,RHH,0,Low,Low,high
3,1,1,1,1,1,2,2026-06-07,other,822890,37,away,702021,6,36.6,27.1,36.4,46.9,R,Will Dion,WSN,10,TEX,0,RHH,0,Low,Low,low
2,3,0,0,0,0,2.1,2026-06-10,other,824428,31,home,702021,7,38.8,75.1,66.4,76,R,Will Dion,WSN,9,NYY,0,RHH,2,Low,High,high
4,1,2,0,2,0,1,2026-06-17,other,823774,28,away,702021,8,67.4,75.3,66.3,55.3,R,Will Dion,WSN,7,MIL,0,RHH,0,High,High,high
0,1,0,0,0,0,1,2026-07-18,other,824412,14,home,702021,8,33.5,60.7,62.1,84.2,R,Will Dion,WSN,3,PIT,0,LHH,0,Low,Mid,high
2,4,2,0,2,1,2,2026-07-19,other,824411,31,home,702021,8,33.5,60.7,62.1,84.2,R,Will Dion,WSN,8,PIT,0,RHH,0,Low,Mid,high
3,2,0,0,0,0,1.1,2026-07-22,other,824408,22,home,702021,8,39.7,33.8,47.1,67.6,R,Will Dion,WSN,6,MIN,1,RHH,2,Low,Low,high
0,4,0,0,0,0,2,2026-07-25,other,822948,29,away,702021,7,77.8,34.8,51.2,51,R,Will Dion,WSN,6,TBR,0,LHH,0,High,Mid,medium
0,1,0,0,0,0,1,2026-07-31,other,824407,11,home,702021,9,58.2,31.7,40.5,37.8,R,Will Dion,WSN,3,ARI,0,RHH,0,Mid,Low,high
1,0,1,0,1,1,1,2026-08-01,other,824405,8,home,702021,8,58.2,31.7,40.5,37.8,R,Will Dion,WSN,4,ARI,0,RHH,0,Mid,Low,high
0,0,0,1,0,0,0.2,2026-08-05,other,823429,6,away,702021,6,32.1,30.7,33.4,37.3,R,Will Dion,WSN,2,PHI,0,LHH,0,Low,Low,medium
1,1,0,0,0,0,3,2026-08-09,other,822700,41,home,702021,3,32.7,40.9,35.4,31,R,Will Dion,WSN,10,CIN,0,LHH,1,Low,Low,medium
0,3,0,0,0,0,2,2026-05-20,other,823547,15,home,672442,8,54.7,7.6,29.4,36.4,R,Yovanny Cruz,WSN,6,TOR,0,RHH,0,Mid,Low,high
1,0,0,0,0,0,0.1,2026-05-21,other,823545,11,home,672442,6,54.7,7.6,29.4,36.4,R,Yovanny Cruz,WSN,3,TOR,0,RHH,0,Mid,Low,medium
0,3,0,0,0,0,2,2026-06-30,other,823528,20,home,672442,7,43.2,42.5,49.7,62.5,R,Yovanny Cruz,WSN,6,DET,0,LHH,0,Low,Low,medium
2,0,1,1,1,0,1,2026-08-01,other,824649,17,away,672442,8,62.9,82.6,69.2,58.4,R,Yovanny Cruz,WSN,5,CHC,0,RHH,0,Mid,High,high
2,1,1,1,1,0,0.1,2026-08-05,blown_save,823429,23,away,672442,7,32.1,30.7,33.4,37.3,R,Yovanny Cruz,WSN,4,PHI,0,,0,Low,Low,high
0,1,0,1,0,0,1,2026-08-07,hold,822699,13,home,672442,7,32.7,40.9,35.4,31,R,Yovanny Cruz,WSN,3,CIN,0,RHH,2,Low,Low,high
1,1,0,1,0,0,1,2026-08-08,other,822701,12,home,672442,7,32.7,40.9,35.4,31,R,Yovanny Cruz,WSN,5,CIN,0,RHH,0,Low,Low,medium
2,0,2,1,2,1,0.1,2026-08-12,other,822698,13,home,672442,6,62.9,82.6,69.2,58.4,R,Yovanny Cruz,WSN,4,CHC,2,RHH,2,Mid,High,high
