ERA,FIP,HR9,OPS,xFIP,K_pct,BB_pct,F5_ERA,avg_IP,starts,OOR_faced,wRC_faced,PALS_faced,pitcher_id,ABQ_allowed,OBR_allowed,OSI_allowed,RCV_allowed,avg_pitches,split_value,pitcher_hand,pitcher_name,pitcher_team,split_dimension
12.27,7.74,2.45,1.13,,5.3,10.5,14.4,3.67,1,50.6,86.8,19.7,434378,64.3,43.4,46.5,37.5,80,Low,R,Justin Verlander,DET,osi_tier
12.27,7.74,2.45,1.13,,5.3,10.5,14.4,3.67,1,50.6,86.8,19.7,434378,64.3,43.4,46.5,37.5,80,Mid,R,Justin Verlander,DET,abq_tier
12.27,7.74,2.45,1.13,,5.3,10.5,14.4,3.67,1,50.6,86.8,19.7,434378,64.3,43.4,46.5,37.5,80,Low,R,Justin Verlander,DET,rcv_tier
12.27,7.74,2.45,1.13,,5.3,10.5,14.4,3.67,1,50.6,86.8,19.7,434378,64.3,43.4,46.5,37.5,80,Low,R,Justin Verlander,DET,obr_tier
12.27,7.74,2.45,1.13,,5.3,10.5,14.4,3.67,1,50.6,86.8,19.7,434378,64.3,43.4,46.5,37.5,80,R,R,Justin Verlander,DET,hand
12.27,7.74,2.45,1.13,,5.3,10.5,14.4,3.67,1,50.6,86.8,19.7,434378,64.3,43.4,46.5,37.5,80,away,R,Justin Verlander,DET,location
5.79,5.89,1.93,0.77,,25,16.7,7.2,2.33,2,91,112.6,55.5,453286,59.4,79.7,75.5,82.2,55.5,High,R,Max Scherzer,TOR,osi_tier
4.17,4.95,1.76,0.77,,19.4,7.3,3.82,5.12,8,33.6,92.9,25.7,453286,45.3,40.9,40.5,36.7,84.8,Low,R,Max Scherzer,TOR,osi_tier
13.5,7.78,2.38,0.77,,13.6,16.9,10.2,3.78,3,48.3,104.8,38.4,453286,60.6,44.9,53.6,58.5,77.7,Mid,R,Max Scherzer,TOR,osi_tier
13.5,8.43,3,0.77,,10,13.3,11.7,3,2,72.8,113.5,41,453286,73.3,69.8,69.2,65.7,54.5,High,R,Max Scherzer,TOR,abq_tier
4.54,4.53,1.67,0.77,,24.2,8.3,4.05,4.71,8,38.3,97.3,30,453286,41.7,43,43.6,45.7,83.1,Low,R,Max Scherzer,TOR,abq_tier
7.42,7.3,2.02,0.77,,8.2,14.8,6.6,4.44,3,48.1,92.4,36.5,453286,61.1,45.8,49.5,45.5,82.7,Mid,R,Max Scherzer,TOR,abq_tier
14.14,8.67,3.86,0.77,,23.1,15.4,9.6,2.33,3,77.3,111.2,49.1,453286,53.7,68.5,68,77.6,59.7,High,R,Max Scherzer,TOR,rcv_tier
5.79,6.67,2.57,0.77,,14.3,8.4,4.8,4.67,6,29.3,90.8,21.9,453286,46.2,39,37.7,30.3,82.8,Low,R,Max Scherzer,TOR,rcv_tier
4.09,3.24,0.41,0.77,,22.2,11.1,4.5,5.5,4,47,101,38.2,453286,56.2,45.5,51.4,54.7,86.5,Mid,R,Max Scherzer,TOR,rcv_tier
9,9.1,4.5,0.77,,22.2,11.1,10.8,2,1,98.5,116.8,57.3,453286,69.5,97.7,83.9,78.5,36,High,R,Max Scherzer,TOR,obr_tier
6.65,5.87,2.09,0.77,,17.6,9.8,5.94,4.73,10,36.9,97.1,29.1,453286,49.7,40.9,44.5,44.9,81.9,Low,R,Max Scherzer,TOR,obr_tier
2.35,2.97,0,0.77,,22.9,14.3,2.7,3.83,2,64.4,97.5,41.6,453286,48.4,57.5,53.6,52.8,83.5,Mid,R,Max Scherzer,TOR,obr_tier
6.16,5.59,1.89,0.77,,18.5,10.5,5.82,4.38,13,45.8,98.7,33.2,453286,51,47.8,48.9,48.7,78.6,R,R,Max Scherzer,TOR,hand
6,5.32,1.5,0.77,,12.7,8.9,4.95,4.5,4,49.2,99.1,29.8,453286,56.3,42.9,49.6,52.3,76.5,away,R,Max Scherzer,TOR,location
6.23,5.72,2.08,0.77,,21.3,11.2,6.2,4.33,9,44.3,98.5,34.7,453286,48.6,49.9,48.6,47.1,79.6,home,R,Max Scherzer,TOR,location
7.56,4.78,1.08,0.79,,15.9,11.4,7.2,4.17,2,79.4,109.3,54,476594,60.6,68.2,67.6,72,85.5,High,R,Robert Stock,NYM,osi_tier
1.8,4.1,1.8,0.79,,22.2,0,1.8,5,1,40.7,103.1,38.9,476594,44.1,36,48.1,64.9,70,Low,R,Robert Stock,NYM,osi_tier
6.39,2.78,0,0.79,,22.2,12.7,5.4,4.22,3,46.4,107.3,33,476594,51.4,48.5,54.7,64.2,78.3,Mid,R,Robert Stock,NYM,osi_tier
6.75,3.85,0.96,0.79,,13.6,4.5,6.3,4.67,2,61.1,110.3,39.6,476594,74.4,58.2,61.3,55.5,79.5,High,R,Robert Stock,NYM,abq_tier
5.4,3.58,0.54,0.79,,23.5,13.6,4.95,4.17,4,54.1,105.8,41.6,476594,42.6,50.4,56.2,72.6,79.2,Low,R,Robert Stock,NYM,abq_tier
9.82,3.92,0,0.79,,20.5,18.2,8.1,3.67,2,64.9,111.1,47,476594,40.6,55.5,61.8,84,82,High,R,Robert Stock,NYM,rcv_tier
4.34,3.58,0.96,0.79,,19.8,6.2,4.05,4.67,4,52.3,105.4,38,476594,59.5,51.8,56,58.4,78,Mid,R,Robert Stock,NYM,rcv_tier
15.75,6.85,2.25,0.79,,8.7,8.7,12.6,4,1,75.2,110.3,54.5,476594,71.8,74.6,68.1,58.1,87,High,R,Robert Stock,NYM,obr_tier
6.08,3.4,0.68,0.79,,19.4,8.1,5.4,4.44,3,44.6,109.1,34.7,476594,51,42.4,53,66.6,74,Low,R,Robert Stock,NYM,obr_tier
1.04,2.64,0,0.79,,27.5,15,1.8,4.33,2,64.9,103,43.7,476594,47.2,58.2,60.2,71.8,83.5,Mid,R,Robert Stock,NYM,obr_tier
5.88,3.68,0.69,0.79,,20,10.4,5.4,4.33,6,56.5,107.3,41,476594,53.2,53,57.9,66.9,79.3,R,R,Robert Stock,NYM,hand
8.64,2.98,0,0.79,,18.2,11.4,7.2,4.17,2,46.6,112,32.5,476594,54.5,45.6,55.4,67.4,76,away,R,Robert Stock,NYM,location
4.58,4.01,1.02,0.79,,21,9.9,4.5,4.42,4,61.4,104.9,45.2,476594,52.6,56.7,59.2,66.6,81,home,R,Robert Stock,NYM,location
7.2,8.5,3.6,0.85,,4,4,9,5,1,98.5,102.3,57.3,500779,49.3,69.3,59.6,55.7,90,High,L,Jose Quintana,COL,osi_tier
5.88,5.02,1.04,0.85,,12.3,11.4,5.1,4.33,6,38.1,101.8,23.5,500779,39.8,33.3,40,47.9,73.2,Low,L,Jose Quintana,COL,osi_tier
2.7,4.3,0.9,0.85,,11.9,7.1,3.6,5,2,47.2,92.1,46.6,500779,34.9,41.7,47.9,64.2,79,Mid,L,Jose Quintana,COL,osi_tier
7.2,8.5,3.6,0.85,,4,4,9,5,1,98.5,102.3,57.3,500779,49.3,69.3,59.6,55.7,90,High,L,Jose Quintana,COL,abq_tier
4.08,5.02,0.94,0.85,,13,13,3.9,4.78,6,37.4,98.8,26.9,500779,34.4,34.2,41.6,55.3,79.8,Low,L,Jose Quintana,COL,abq_tier
8.59,4.05,1.23,0.85,,9.1,0,7.2,3.67,2,49.4,101.3,36.3,500779,51.1,38.8,42.9,41.9,59,Mid,L,Jose Quintana,COL,abq_tier
6.39,7.44,2.13,0.85,,6.5,12.9,6.6,4.22,3,62,97.6,41.4,500779,39.2,53.5,55,67.9,79.3,High,L,Jose Quintana,COL,rcv_tier
6,4.16,1,0.85,,14.3,6.5,5.4,4.5,4,36.6,105.4,18.9,500779,39.6,30.4,35.7,39,71.5,Low,L,Jose Quintana,COL,rcv_tier
2.61,4.55,0.87,0.85,,11.9,9.5,2.7,5.17,2,44.4,91.6,45.9,500779,41,35.1,43.7,55.6,81.5,Mid,L,Jose Quintana,COL,rcv_tier
7.2,8.5,3.6,0.85,,4,4,9,5,1,98.5,102.3,57.3,500779,49.3,69.3,59.6,55.7,90,High,L,Jose Quintana,COL,obr_tier
5,4.82,1,0.85,,12.2,10.3,4.73,4.5,8,40.4,99.4,29.3,500779,38.6,35.4,42,51.9,74.6,Low,L,Jose Quintana,COL,obr_tier
5.27,5.27,1.32,0.85,,11,9.4,5.2,4.56,9,46.8,99.7,32.4,500779,39.8,39.1,43.9,52.4,76.3,L,L,Jose Quintana,COL,hand
6.75,5.51,0.96,0.85,,11.6,15.1,5.76,3.73,5,42.6,98.3,29.7,500779,42.7,41,48,60,68.8,away,L,Jose Quintana,COL,location
4.03,5.07,1.61,0.85,,10.5,4.2,4.5,5.58,4,52.1,101.5,35.8,500779,36.1,36.8,38.8,42.9,85.8,home,L,Jose Quintana,COL,location
7.04,6.03,1.76,0.82,,16.7,13.9,6.6,5.11,6,84.9,110.1,54.4,518876,64.5,81.3,72.7,68.7,92,High,R,Merrill Kelly,ARI,osi_tier
4.4,4.94,1.27,0.82,,13.6,9.1,5.26,5.97,13,31.3,96.9,23.1,518876,38,36,41.1,49.2,90.2,Low,R,Merrill Kelly,ARI,osi_tier
4.86,6.31,2.43,0.82,,18.3,9.9,5.1,5.56,6,50.3,105.2,37.6,518876,45,50.9,55.8,69.1,92.3,Mid,R,Merrill Kelly,ARI,osi_tier
5.4,6.61,2.08,0.82,,14.4,13.4,4.95,5.42,4,74,111.9,47.8,518876,73.3,73,69.4,62.5,92.2,High,R,Merrill Kelly,ARI,abq_tier
4.54,5.35,1.63,0.82,,15.1,9.2,5.3,5.83,18,38.9,99.7,28.8,518876,37.9,41.6,46.5,58.1,90.1,Low,R,Merrill Kelly,ARI,abq_tier
8.4,4.97,1.2,0.82,,18.9,13.5,7.8,5,3,74.2,103.3,47.5,518876,58.5,73.2,63.7,56.6,95.7,Mid,R,Merrill Kelly,ARI,abq_tier
4.41,5.12,1.59,0.82,,18.6,10.2,4.8,5.67,9,52,106.1,36,518876,39,48.3,56.1,77.2,90.3,High,R,Merrill Kelly,ARI,rcv_tier
6.37,5.7,1.78,0.82,,14.2,9.7,7.2,5.89,6,24,93,17.2,518876,40.4,37.9,36.3,31.4,89.5,Low,R,Merrill Kelly,ARI,rcv_tier
4.88,5.72,1.63,0.82,,13.4,11,5.22,5.53,10,60.6,103.9,42.6,518876,55.7,59.9,58.3,58.3,92.8,Mid,R,Merrill Kelly,ARI,rcv_tier
5.96,5.05,1.05,0.82,,16.8,14.3,5.4,5.13,5,85.2,110.5,54.6,518876,67.3,84.8,73.3,64.7,93.4,High,R,Merrill Kelly,ARI,obr_tier
3.89,4.89,1.39,0.82,,14.7,8,4.56,6.02,15,33.4,99.9,24.3,518876,40,37,44.1,55.1,90.6,Low,R,Merrill Kelly,ARI,obr_tier
8.42,8.09,3.16,0.82,,16.4,13.9,8.64,5.13,5,58.2,100.2,43.2,518876,43,56.4,55.5,63.4,90.4,Mid,R,Merrill Kelly,ARI,obr_tier
5.08,5.5,1.65,0.82,,15.4,10.4,5.54,5.67,25,48.7,102.1,34.1,518876,46,50.5,52.2,58.6,91.1,R,R,Merrill Kelly,ARI,hand
4.35,5.19,1.31,0.82,,14.2,11.1,4.89,5.9,14,45.6,101.8,33.2,518876,45.9,48,50.1,55.6,93.4,away,R,Merrill Kelly,ARI,location
6.1,5.93,2.14,0.82,,17,9.5,6.38,5.36,11,52.7,102.4,35.3,518876,46.2,53.6,54.9,62.5,88.3,home,R,Merrill Kelly,ARI,location
0.82,1.6,0.41,0.57,,30.2,2.3,1.2,7.33,3,95.2,108.5,56,519242,60,85,72,65.8,103.7,High,L,Chris Sale,ATL,osi_tier
2.29,2.3,0.69,0.57,,31,5.5,2.35,6.05,13,28.2,93.3,25.5,519242,36.4,31,38.1,47.4,94.2,Low,L,Chris Sale,ATL,osi_tier
2.28,1.48,0.21,0.57,,30.6,5,2.25,5.42,8,59.9,98.9,46.7,519242,54.3,61.1,57.7,56.3,93.1,Mid,L,Chris Sale,ATL,osi_tier
1.53,0.78,0,0.57,,31,1.4,1.8,5.89,3,67,97.5,42.9,519242,68.5,63.4,59.1,47.5,101,High,L,Chris Sale,ATL,abq_tier
2.42,2.12,0.66,0.57,,32.5,5,2.44,5.83,14,35,95.5,28.9,519242,34.2,37.2,42.3,53.9,91.2,Low,L,Chris Sale,ATL,abq_tier
1.61,2.09,0.4,0.57,,27.7,5.9,1.8,6.38,7,62.8,100,48.7,519242,57.6,62.3,57.7,52.4,100,Mid,L,Chris Sale,ATL,abq_tier
2.12,1.75,0.3,0.57,,29.6,4.3,2.52,5.93,5,64.1,107.1,48.5,519242,43.2,53.2,57.8,73.5,98.6,High,L,Chris Sale,ATL,rcv_tier
2.01,1.74,0.36,0.57,,31,5.4,2.25,6.17,8,36.5,86.7,34.8,519242,49.6,46.5,41.8,30.7,100.1,Low,L,Chris Sale,ATL,rcv_tier
2.08,2.19,0.69,0.57,,31,4.7,1.96,5.91,11,47.1,100,32.1,519242,43.1,46.3,50,59.2,89.6,Mid,L,Chris Sale,ATL,rcv_tier
1.81,1.47,0.2,0.57,,30.4,4.4,2.31,6.38,7,79.6,103.6,56.2,519242,58.7,76.8,65.8,58.2,100.7,High,L,Chris Sale,ATL,obr_tier
2.29,2.1,0.6,0.57,,31,5,2.4,6.02,15,31.7,95,27.1,519242,38,32.7,40.4,50.9,95.7,Low,L,Chris Sale,ATL,obr_tier
1,2.77,1,0.57,,29.7,5.4,0,4.5,2,48.9,90,37.1,519242,53.1,59.6,53.4,46.6,70,Mid,L,Chris Sale,ATL,obr_tier
2.06,1.95,0.5,0.57,,30.7,4.9,2.17,6,24,47.1,97.1,36.4,519242,45.3,47.8,48.9,52.7,95,L,L,Chris Sale,ATL,hand
2.71,1.81,0.52,0.57,,32.9,5,3,5.81,12,44.9,96.4,35.8,519242,41.1,48.6,48.6,53.9,92.1,away,L,Chris Sale,ATL,location
1.45,2.08,0.48,0.57,,28.7,4.7,1.35,6.19,12,49.3,97.7,36.9,519242,49.5,47,49.2,51.5,97.9,home,L,Chris Sale,ATL,location
0.71,2.78,0,0.66,,17,8.5,0.9,6.33,2,83.5,120.7,53.6,527048,44.7,68.4,70.9,92.3,82,High,L,Martín Pérez,ATL,osi_tier
3.2,3.74,0.76,0.66,,20.6,10.1,2.85,4.92,12,34.7,92.1,28.2,527048,35.5,37.1,40.7,48.4,77.8,Low,L,Martín Pérez,ATL,osi_tier
3.82,5.25,1.12,0.66,,12.1,12.1,4.27,5,8,55.4,95.4,37.9,527048,56.7,61,55.8,49.1,84.9,Mid,L,Martín Pérez,ATL,osi_tier
3.6,4.1,0.6,0.66,,12.3,9.2,4.8,5,3,67,97.5,42.9,527048,69.1,63.8,59.6,48.2,84.7,High,L,Martín Pérez,ATL,abq_tier
3.32,4.08,0.83,0.66,,18,10.2,3.18,5.1,17,42.3,96.4,31.5,527048,38.3,44.5,46.5,54.6,79.1,Low,L,Martín Pérez,ATL,abq_tier
0.9,5.1,0.9,0.66,,17.5,17.5,0.9,5,2,52.8,88.8,42.5,527048,55,61.2,53.3,43.1,88.5,Mid,L,Martín Pérez,ATL,abq_tier
2.55,2.93,0,0.66,,13.4,7.5,2.4,5.89,3,72.6,117.6,42.3,527048,52,59.5,66.5,84.9,79.7,High,L,Martín Pérez,ATL,rcv_tier
2.58,4.27,0.79,0.66,,17.3,11.7,2.8,5.04,9,44.2,88.3,34.4,527048,47.6,51.5,45.1,35.9,85,Low,L,Martín Pérez,ATL,rcv_tier
3.88,4.54,1.11,0.66,,18.2,10.8,3.78,4.87,10,41.1,96.2,31.2,527048,38.5,42.9,47.1,58.1,77.2,Mid,L,Martín Pérez,ATL,rcv_tier
0.98,3.53,0.33,0.66,,17.7,11.5,2.16,5.53,5,75.5,102.9,53.1,527048,56.7,70.5,64.1,62.1,86.8,High,L,Martín Pérez,ATL,obr_tier
3.52,3.71,0.7,0.66,,19.5,9.7,3.05,4.92,13,35.9,93.5,27.6,527048,37.9,37.5,42,50.1,77.5,Low,L,Martín Pérez,ATL,obr_tier
4.95,6.55,1.8,0.66,,9.2,12.6,4.95,5,4,45.6,94.6,31.2,527048,48.3,57.8,52.4,49.3,83.5,Mid,L,Martín Pérez,ATL,obr_tier
3.14,4.17,0.81,0.66,,17.1,10.7,3.19,5.08,22,46.7,95.9,34,527048,44,48.7,48.9,52.7,80.7,L,L,Martín Pérez,ATL,hand
4.32,4.3,1.08,0.66,,17.7,9.1,4.32,5,10,42.2,95.7,30.1,527048,45.8,46.4,48.2,51.8,83.1,away,L,Martín Pérez,ATL,location
2.19,4.07,0.58,0.66,,16.6,12.1,2.25,5.14,12,50.3,96,37.4,527048,42.6,50.5,49.6,53.5,78.8,home,L,Martín Pérez,ATL,location
2.31,3.01,0.77,0.67,,28.3,8.7,0.9,5.83,2,93.5,112.2,55.3,543037,61.7,87.9,74.1,67.3,101,High,R,Gerrit Cole,NYY,osi_tier
4.78,4.66,1.69,0.67,,18.3,5.6,3.3,5.33,6,34.5,95.3,31.2,543037,45.4,34.1,39.4,41.1,85.2,Low,R,Gerrit Cole,NYY,osi_tier
2.69,2.54,0.9,0.67,,29.8,4.2,2.7,6.03,10,52.1,105.9,43.6,543037,48.2,46.7,53.4,64.9,88.2,Mid,R,Gerrit Cole,NYY,osi_tier
2.45,2.88,0.49,0.67,,22.2,6.9,1.2,6.11,3,64.2,112.4,35.6,543037,71.4,57.2,61.2,58.5,90.7,High,R,Gerrit Cole,NYY,abq_tier
4.06,3.61,1.59,0.67,,27.7,4.2,3.4,5.67,9,47.9,102.8,38,543037,36.3,44.4,48.6,62.2,90,Low,R,Gerrit Cole,NYY,abq_tier
2.6,2.9,0.78,0.67,,24.8,5.7,2.4,5.78,6,48.6,98.8,47.5,543037,56.2,46,49.6,49.1,85.5,Mid,R,Gerrit Cole,NYY,abq_tier
3.5,3.4,1.55,0.67,,30.3,4.3,2.7,5.79,8,58.8,107.6,45.4,543037,40,53.1,56.1,71,91.8,High,R,Gerrit Cole,NYY,rcv_tier
4.85,4.79,1.73,0.67,,18.1,6,3.6,5.2,5,33.1,93.3,32.2,543037,47.6,33,38,36.8,86.4,Low,R,Gerrit Cole,NYY,rcv_tier
1.71,1.74,0,0.67,,26.2,5.7,1.8,6.33,5,55.7,105.7,42,543037,63.9,51.5,56,55.7,85.8,Mid,R,Gerrit Cole,NYY,rcv_tier
2.31,3.01,0.77,0.67,,28.3,8.7,0.9,5.83,2,93.5,112.2,55.3,543037,61.7,87.9,74.1,67.3,101,High,R,Gerrit Cole,NYY,obr_tier
3.65,3.07,1.04,0.67,,24.8,4.2,3,5.75,12,42.3,102.7,36.7,543037,50.2,38.5,46.9,54.2,85.2,Low,R,Gerrit Cole,NYY,obr_tier
2.7,3.87,1.54,0.67,,27.7,6.4,2.7,5.83,4,55,99.7,45.8,543037,38,52.4,51.9,61.2,92.8,Mid,R,Gerrit Cole,NYY,obr_tier
3.29,3.24,1.13,0.67,,25.8,5.2,2.7,5.78,18,50.8,103.1,40.8,543037,48.7,47.1,51,57.2,88.6,R,R,Gerrit Cole,NYY,hand
3.23,2.63,0.65,0.67,,25.3,5.9,2.88,5.57,10,47.9,99.7,40.5,543037,50.1,45.4,49.1,52.7,90.5,away,R,Gerrit Cole,NYY,location
3.35,3.95,1.68,0.67,,26.5,4.2,2.48,6.04,8,54.5,107.3,41.1,543037,47,49.2,53.5,62.9,86.2,home,R,Gerrit Cole,NYY,location
0.6,2.17,0.6,0.74,,28.3,1.9,0,7.5,2,76.2,104.6,86.8,543135,39.5,74.7,65.4,73.3,101.5,High,R,Nathan Eovaldi,TEX,osi_tier
4.1,3.64,1.45,0.74,,25.9,5.1,4.5,6.22,12,33.5,98.8,28.5,543135,38.2,33.7,40,48.5,92.7,Low,R,Nathan Eovaldi,TEX,osi_tier
5.65,5.61,2.3,0.74,,21.5,8.1,5.62,5.38,8,51,101.5,41.7,543135,43.4,49.2,52.2,61.9,86.5,Mid,R,Nathan Eovaldi,TEX,osi_tier
4.19,3.89,1.55,0.74,,25.3,5.3,4.74,6.11,19,44.8,100.6,36.3,543135,37.5,44.5,46.9,56.5,91.9,Low,R,Nathan Eovaldi,TEX,abq_tier
4.32,5.62,2.16,0.74,,20.3,8.7,3,5.56,3,37.2,98.6,53.4,543135,57.7,34.4,45.9,50.4,87,Mid,R,Nathan Eovaldi,TEX,abq_tier
4.11,4.42,1.76,0.74,,23.9,6,5.04,6.13,10,54.3,103.9,44.6,543135,37.7,52.3,53.6,66.5,91,High,R,Nathan Eovaldi,TEX,rcv_tier
3.98,3.32,1.42,0.74,,29.2,4.6,3.96,6.33,5,20.6,92.5,23.4,543135,37.5,22.5,30.5,34.8,92.4,Low,R,Nathan Eovaldi,TEX,rcv_tier
4.54,4.26,1.59,0.74,,22.4,6.3,4.11,5.67,7,45.3,100.7,41,543135,45.8,44.7,48.6,55.1,90.7,Mid,R,Nathan Eovaldi,TEX,rcv_tier
0.6,2.17,0.6,0.74,,28.3,1.9,0,7.5,2,76.2,104.6,86.8,543135,39.5,74.7,65.4,73.3,101.5,High,R,Nathan Eovaldi,TEX,obr_tier
4.53,4.48,1.89,0.74,,24.6,5.9,4.73,5.96,16,37.8,100.3,32.8,543135,40.6,36.3,43.8,54.7,90.1,Low,R,Nathan Eovaldi,TEX,obr_tier
5.24,3.82,1.21,0.74,,22.9,7.3,5.85,5.58,4,51.3,98.1,38,543135,39,54.4,49.2,50.8,90.5,Mid,R,Nathan Eovaldi,TEX,obr_tier
4.21,4.11,1.63,0.74,,24.7,5.8,4.5,6.03,22,43.8,100.3,38.6,543135,40.2,43.1,46.8,55.7,91.2,R,R,Nathan Eovaldi,TEX,hand
4.42,4.39,1.75,0.74,,23,5.7,4.57,5.95,13,41.6,99,38.7,543135,42.5,42.5,46.6,54.1,90.8,away,R,Nathan Eovaldi,TEX,location
3.9,3.71,1.46,0.74,,27.2,5.8,4.4,6.15,9,46.9,102.2,38.5,543135,36.9,43.9,47,57.9,91.8,home,R,Nathan Eovaldi,TEX,location
1.35,3.75,0.9,0.68,,18.7,6.7,1.8,6.67,3,75.9,106.5,76,543243,47.2,71.2,63.1,65.3,88.7,High,R,Sonny Gray,BOS,osi_tier
3.21,3.7,1.29,0.68,,23.6,5.6,3.75,5.83,12,23.9,95.5,27.4,543243,40.8,25,34.1,39.8,87.1,Low,R,Sonny Gray,BOS,osi_tier
2.85,3.01,0.5,0.68,,20.6,7.2,2.88,5.37,10,51.2,104.8,40.7,543243,44.3,45,51.1,62.8,80.2,Mid,R,Sonny Gray,BOS,osi_tier
0.73,4.48,0.73,0.68,,14,12,0.9,6.17,2,61.1,110.3,39.6,543243,66.5,52,54.7,49.6,90.5,High,R,Sonny Gray,BOS,abq_tier
2.84,3.27,0.89,0.68,,22.8,6.1,3.4,5.63,18,42.5,100.9,35.3,543243,36.6,41.1,45.2,56.1,83.2,Low,R,Sonny Gray,BOS,abq_tier
3.6,3.63,1.2,0.68,,21.8,4.8,3.24,6,5,28,95.3,49.9,543243,56.5,24.1,37.2,38.4,87,Mid,R,Sonny Gray,BOS,abq_tier
3.25,3.68,0.98,0.68,,20.5,7,3.6,5.53,10,54.9,105.6,48.3,543243,37.5,48.4,52.7,68.6,81.7,High,R,Sonny Gray,BOS,rcv_tier
2.9,3.59,1.22,0.68,,23.9,5.5,3.42,5.9,10,22,94,27.4,543243,42.1,24.5,32.5,34.7,85.5,Low,R,Sonny Gray,BOS,rcv_tier
1.84,2.72,0.31,0.68,,20.2,6.7,1.8,5.87,5,51.4,103.4,41.2,543243,55.7,46.9,51.5,53.7,88.2,Mid,R,Sonny Gray,BOS,rcv_tier
1.35,3.75,0.9,0.68,,18.7,6.7,1.8,6.67,3,75.9,106.5,76,543243,47.2,71.2,63.1,65.3,88.7,High,R,Sonny Gray,BOS,obr_tier
3.22,3.57,1.05,0.68,,22.1,6.4,3.51,5.58,20,34.7,99.6,32.4,543243,43,32.8,41.1,49.1,83.8,Low,R,Sonny Gray,BOS,obr_tier
1.5,1.77,0,0.68,,24.4,4.4,1.8,6,2,52.6,100.9,44.2,543243,36.3,46.8,49.5,61.9,85,Mid,R,Sonny Gray,BOS,obr_tier
2.82,3.45,0.94,0.68,,21.8,6.3,3.17,5.75,25,41.1,100.5,38.5,543243,43,38.6,44.4,52.1,84.5,R,R,Sonny Gray,BOS,hand
2.87,3.48,0.96,0.68,,21.8,6.6,3.18,5.79,13,39.5,99,36.2,543243,42.7,40.8,45.7,53.4,86.4,away,R,Sonny Gray,BOS,location
2.77,3.41,0.92,0.68,,21.9,5.9,3.15,5.69,12,42.8,102.2,41.1,543243,43.3,36.1,43,50.6,82.5,home,R,Sonny Gray,BOS,location
4.74,4.15,1.46,0.94,,22.9,7.3,4.68,4.93,5,91.5,111.4,55,547179,51.1,71.5,62.5,60.4,87.2,High,R,Michael Lorenzen,COL,osi_tier
8.06,5.83,1.75,0.94,,12.9,10,8.28,4.47,15,35.1,96.3,22.8,547179,34,29.6,37.3,48.4,87.1,Low,R,Michael Lorenzen,COL,osi_tier
7.04,4.01,0.78,0.94,,12,6.5,6.12,4.6,5,47.1,108.9,35.1,547179,39.5,42.9,48.4,60.9,87,Mid,R,Michael Lorenzen,COL,osi_tier
7.71,5.31,1.29,0.94,,11.9,10.4,7.8,4.67,3,81.3,114.6,46.5,547179,57.8,65.1,60.4,57,86,High,R,Michael Lorenzen,COL,abq_tier
7.33,5.2,1.44,0.94,,13,8.8,7.2,4.5,18,38.8,100.8,28.2,547179,32,33.2,40.5,55,86.2,Low,R,Michael Lorenzen,COL,abq_tier
5.95,4.57,1.83,0.94,,24.2,7.7,6.3,4.92,4,69.5,97.2,36.5,547179,53.2,55.6,50.5,42.9,92,Mid,R,Michael Lorenzen,COL,abq_tier
5.61,4.37,1.05,0.94,,14.5,7.9,5.89,4.67,11,53,108.7,35,547179,35.1,42.6,48.7,65.3,84.7,High,R,Michael Lorenzen,COL,rcv_tier
10.8,6.25,2.43,0.94,,15.9,8.2,10.03,4.76,7,33.3,89.7,18.2,547179,36.7,29,33.2,35.4,88.4,Low,R,Michael Lorenzen,COL,rcv_tier
5.7,5.1,1.2,0.94,,13.6,10.9,6.17,4.29,7,57.7,103.3,40.2,547179,45.6,49.1,49.4,52.5,89.4,Mid,R,Michael Lorenzen,COL,rcv_tier
3,3.43,0.86,0.94,,22.2,7.8,3.15,5.25,4,93.5,112.2,55.3,547179,54.9,78.1,65.9,59.9,89,High,R,Michael Lorenzen,COL,obr_tier
7.85,5.48,1.57,0.94,,12.8,9.3,7.86,4.53,19,37.7,99.6,25.5,547179,34.8,31.8,39.3,51.2,86.7,Low,R,Michael Lorenzen,COL,obr_tier
10.57,5.45,2.35,0.94,,17.9,5.1,8.1,3.83,2,64.9,103,43.7,547179,40.4,49.6,50.9,60,86.5,Mid,R,Michael Lorenzen,COL,obr_tier
7.14,5.11,1.49,0.94,,14.7,8.8,7.13,4.59,25,48.8,101.9,31.7,547179,38.5,40.6,44.5,53.3,87.1,R,R,Michael Lorenzen,COL,hand
5.7,4.71,1.36,0.94,,14.6,7.3,6.3,4.74,14,46.3,100.6,29.9,547179,41.3,44.8,49.2,59.8,87.9,away,R,Michael Lorenzen,COL,location
9.12,5.64,1.68,0.94,,14.8,10.7,8.18,4.39,11,52,103.4,34,547179,34.9,35.3,38.6,45.1,86.1,home,R,Michael Lorenzen,COL,location
4.15,6.33,3.46,0.66,,27.1,2.1,5.4,6.5,2,98.5,116.8,57.3,554430,65.9,92.6,79.5,74.4,91.5,High,R,Zack Wheeler,PHI,osi_tier
3.52,3.68,1.25,0.66,,28,8.8,3.47,5.67,14,35.3,96.2,33.5,554430,42.6,33.1,40.3,46.9,96.9,Low,R,Zack Wheeler,PHI,osi_tier
2.61,2.42,0.71,0.66,,33.1,7.4,2.06,5.43,7,49.9,105.6,41.2,554430,39.6,49.3,53.4,67.9,88,Mid,R,Zack Wheeler,PHI,osi_tier
4.15,6.33,3.46,0.66,,27.1,2.1,5.4,6.5,2,98.5,116.8,57.3,554430,65.9,92.6,79.5,74.4,91.5,High,R,Zack Wheeler,PHI,abq_tier
3.32,3.24,1.14,0.66,,30.8,8.1,3.18,5.59,17,42.3,99.7,33.1,554430,38.5,41.1,45.8,56.5,92.8,Low,R,Zack Wheeler,PHI,abq_tier
2.82,3.41,0.81,0.66,,24.7,9.7,2.25,5.58,4,31.2,97.5,48.8,554430,54.8,27.5,39.6,42.7,98.8,Mid,R,Zack Wheeler,PHI,abq_tier
3,3.43,1.62,0.66,,31.8,4,3.09,5.57,7,64.6,110.1,45.2,554430,44.9,61.8,61.2,72.3,87.3,High,R,Zack Wheeler,PHI,rcv_tier
1.97,2.8,0.72,0.66,,26.8,6.6,1.35,6.29,8,29.8,92,29.8,554430,42.8,29.1,35.3,37,101.5,Low,R,Zack Wheeler,PHI,rcv_tier
5.27,4.66,1.76,0.66,,30.3,12.6,5.18,5.12,8,43.8,101.6,39.6,554430,43.6,41.1,48.2,59.8,91.5,Mid,R,Zack Wheeler,PHI,rcv_tier
4.15,6.33,3.46,0.66,,27.1,2.1,5.4,6.5,2,98.5,116.8,57.3,554430,65.9,92.6,79.5,74.4,91.5,High,R,Zack Wheeler,PHI,obr_tier
3.48,3.38,1.16,0.66,,30.2,8.9,3.5,5.61,18,38.6,99.8,36.1,554430,41.7,35.9,44,55,97.2,Low,R,Zack Wheeler,PHI,obr_tier
1.65,2.61,0.55,0.66,,25.4,5.1,0,5.44,3,49.4,96.1,35.9,554430,41.3,54.2,48.4,47,74.3,Mid,R,Zack Wheeler,PHI,obr_tier
3.31,3.58,1.31,0.66,,29.4,7.8,3.21,5.67,23,45.2,100.8,37.9,554430,43.7,43.2,47.7,55.7,93.7,R,R,Zack Wheeler,PHI,hand
3.38,3.62,1.4,0.66,,28.4,6.5,3.47,5.52,14,44.8,100.1,37.3,554430,43.3,43.7,47.6,55.3,88.7,away,R,Zack Wheeler,PHI,location
3.23,3.52,1.19,0.66,,30.8,9.8,2.8,5.89,9,46,102.1,38.8,554430,44.4,42.5,47.8,56.3,101.4,home,R,Zack Wheeler,PHI,location
8.71,5.52,2.61,0.71,,22.2,4.4,9.9,5.17,2,91,111.5,55.5,571510,51.9,75.4,69.4,75.1,77.5,High,L,Matthew Boyd,CHC,osi_tier
3.68,3.78,0.82,0.71,,18.5,8.5,4.27,5.5,8,36.3,92.6,31,571510,37.2,36.7,41.3,49.6,88.2,Low,L,Matthew Boyd,CHC,osi_tier
3.38,4.66,1.5,0.71,,18,6.9,2.7,6,8,52.7,100.3,33.2,571510,51.3,54.9,55,57.7,93.4,Mid,L,Matthew Boyd,CHC,osi_tier
3.12,3.79,1.04,0.71,,20.3,6.2,1.8,5.78,3,58.8,104.4,31.3,571510,66.1,51.1,57.1,57.6,95,High,L,Matthew Boyd,CHC,abq_tier
4.29,4.21,1.26,0.71,,19.7,7.6,4.57,5.49,13,44,96.6,32.3,571510,38.3,47,47.8,55.5,87.2,Low,L,Matthew Boyd,CHC,abq_tier
3.95,5.95,1.98,0.71,,10.9,7.3,5.4,6.83,2,73.2,98.6,55.6,571510,58,59.7,58.4,57.2,95,Mid,L,Matthew Boyd,CHC,abq_tier
3.74,3.52,1.25,0.71,,29.3,7.3,4.05,5.42,4,60.4,111.2,34.3,571510,50.8,50.2,58.9,74.6,86,High,L,Matthew Boyd,CHC,rcv_tier
5.23,4,1.16,0.71,,15.6,4.4,5.4,5.17,6,45.7,89.7,35.9,571510,44.7,49.1,45.1,40.8,87.5,Low,L,Matthew Boyd,CHC,rcv_tier
3.44,4.97,1.45,0.71,,16.5,9.2,3.38,6.21,8,47.3,97.9,34,571510,42.5,48.5,50.4,58.1,92.4,Mid,L,Matthew Boyd,CHC,rcv_tier
7.47,4.5,1.72,0.71,,19.4,4.5,7.2,5.22,3,85.7,104.6,55.1,571510,57.2,74.4,65.8,62.1,84,High,L,Matthew Boyd,CHC,obr_tier
3.38,3.9,0.96,0.71,,19.5,8.2,3.78,5.6,10,39.2,96.3,28.8,571510,42.8,37.4,44.3,53.3,89.4,Low,L,Matthew Boyd,CHC,obr_tier
3.52,5.15,1.76,0.71,,16.8,7.2,3.24,6.13,5,49.1,97.8,34.4,571510,42.4,57.2,53.7,57.7,92.4,Mid,L,Matthew Boyd,CHC,obr_tier
4.05,4.37,1.32,0.71,,18.7,7.3,4.2,5.69,18,49.7,98.1,34.7,571510,45.1,49.1,50.5,56,89.3,L,L,Matthew Boyd,CHC,hand
2.83,3.82,0.67,0.71,,16.9,9.3,3.6,6,9,45.5,97.6,33.7,571510,42.9,45.6,49.4,58.3,90.7,away,L,Matthew Boyd,CHC,location
5.4,4.98,2.05,0.71,,20.7,5.1,4.8,5.37,9,53.9,98.6,35.7,571510,47.3,52.6,51.7,53.7,88,home,L,Matthew Boyd,CHC,location
4.76,3.98,1.06,0.84,,20.5,9,4.05,4.25,4,79,104.9,70.4,571578,53.5,79.2,69,68.5,83.8,High,L,Patrick Corbin,TOR,osi_tier
6.88,4.45,1.06,0.84,,19.5,11.7,5.85,4.25,4,25.6,97.2,18.3,571578,39.6,28.1,36.1,42.8,80.5,Low,L,Patrick Corbin,TOR,osi_tier
4.37,4.44,1.29,0.84,,13.5,5.1,4.11,5,7,49.3,94,37.1,571578,51.4,47.5,54.7,65.4,80,Mid,L,Patrick Corbin,TOR,osi_tier
3.52,2.84,0,0.84,,12.3,6.2,3.6,5.11,3,56.4,92.9,34.7,571578,75.9,53.1,59.4,55,75.3,High,L,Patrick Corbin,TOR,abq_tier
5.36,4.59,1.56,0.84,,19.1,7.1,4.6,4.48,9,45.8,98.9,40.9,571578,37.3,47,50.2,63,80.1,Low,L,Patrick Corbin,TOR,abq_tier
6.07,5.28,1.35,0.84,,14.3,11.1,5.4,4.44,3,60.8,99.3,47.4,571578,56,59.9,57.9,56.9,90,Mid,L,Patrick Corbin,TOR,abq_tier
4.18,4.35,1.61,0.84,,19,4.8,3.6,4.67,6,59.2,97.7,55.2,571578,39,59.6,59.3,73.4,80.5,High,L,Patrick Corbin,TOR,rcv_tier
6.88,4.45,1.06,0.84,,19.5,11.7,5.85,4.25,4,25.6,97.2,18.3,571578,39.6,28.1,36.1,42.8,80.5,Low,L,Patrick Corbin,TOR,rcv_tier
4.88,4.22,0.75,0.84,,12,8.3,4.68,4.8,5,61.2,98.2,42.1,571578,67.8,58.4,60.6,58.2,82.4,Mid,L,Patrick Corbin,TOR,rcv_tier
4.76,3.98,1.06,0.84,,20.5,9,4.05,4.25,4,79,104.9,70.4,571578,53.5,79.2,69,68.5,83.8,High,L,Patrick Corbin,TOR,obr_tier
5.55,4.42,1.15,0.84,,15.1,7.5,5.04,4.7,10,39.1,94.5,28.9,571578,48.3,38.5,47.1,56.1,80.2,Low,L,Patrick Corbin,TOR,obr_tier
1.8,4.7,1.8,0.84,,19,4.8,1.8,5,1,56.8,101.8,44.2,571578,35.1,59.6,56.3,67.9,80,Mid,L,Patrick Corbin,TOR,obr_tier
5.09,4.33,1.17,0.84,,16.7,7.7,4.56,4.6,15,50.9,97.8,41,571578,48.8,50.8,53.6,60.2,81.1,L,L,Patrick Corbin,TOR,hand
3.92,4.59,1.15,0.84,,15.6,9,3.82,4.88,8,56.9,99.3,44.9,571578,50.3,55.6,56.4,61.7,78.6,away,L,Patrick Corbin,TOR,location
6.6,4,1.2,0.84,,18.1,6.2,5.4,4.29,7,44.1,96,36.4,571578,47.1,45.3,50.3,58.5,84,home,L,Patrick Corbin,TOR,location
1.5,3.77,0,0.75,,4.5,9.1,1.8,6,1,25.9,90.7,15.4,571927,21.8,20.9,36.5,64.8,89,Low,L,Steven Matz,TBR,osi_tier
5.93,5.25,1.98,0.75,,21,8.5,5.58,4.1,10,54.8,98.1,44.8,571927,41.9,59.4,56.8,64.4,71.5,Mid,L,Steven Matz,TBR,osi_tier
4.93,4.61,1.41,0.75,,21,9.9,5,4.26,9,52,99.3,42.1,571927,36,53.9,54.6,68.6,72.9,Low,L,Steven Matz,TBR,abq_tier
7.27,7.02,3.12,0.75,,11.1,2.8,6.3,4.33,2,52.8,88.8,42.5,571927,58.5,65.2,56.8,46.1,74,Mid,L,Steven Matz,TBR,abq_tier
5.4,3.59,0.98,0.75,,23.8,8.8,5.04,3.67,5,61.2,102.1,54.8,571927,32.3,56.8,57.7,76.9,62.4,High,L,Steven Matz,TBR,rcv_tier
2.08,3.25,0.69,0.75,,21.3,6.4,2.7,6.5,2,47.8,88.7,36.1,571927,51.8,58.6,50.5,40.3,96,Low,L,Steven Matz,TBR,rcv_tier
8.04,8.27,3.45,0.75,,12.7,9.9,6.75,3.92,4,43.1,95.9,29.4,571927,43.9,53.5,53.7,61,75,Mid,L,Steven Matz,TBR,rcv_tier
9.45,5.2,2.7,0.75,,29,6.5,6.3,3.33,2,68,98,68,571927,48.1,72,65.1,69.2,70.5,High,L,Steven Matz,TBR,obr_tier
2.38,4.16,0.79,0.75,,11.4,6.8,1.8,5.67,2,42.5,95.8,35,571927,27,33.8,45.5,72.2,81.5,Low,L,Steven Matz,TBR,obr_tier
5.59,5.38,1.86,0.75,,19.5,9.8,5.91,4.14,7,50.4,97.7,36.8,571927,41.5,57.6,54.8,60.9,71.4,Mid,L,Steven Matz,TBR,obr_tier
5.36,5.06,1.72,0.75,,19.2,8.6,5.24,4.27,11,52.2,97.4,42.2,571927,40.1,55.9,55,64.5,73.1,L,L,Steven Matz,TBR,hand
5.13,4.51,1.37,0.75,,16.7,6.5,5.76,5.27,5,52.7,94.9,41.9,571927,42.9,55.8,53.4,58,81.8,away,L,Steven Matz,TBR,location
5.66,5.76,2.18,0.75,,22.2,11.1,4.8,3.44,6,51.7,99.4,42.4,571927,37.7,56,56.3,69.9,65.8,home,L,Steven Matz,TBR,location
14.46,9.64,4.82,0.85,,16,8,15.3,4.67,2,93.5,112.2,55.3,571945,65.4,93.1,78.6,71.5,92,High,R,Miles Mikolas,WSN,osi_tier
7.79,5.85,1.95,0.85,,10.7,6.7,7.71,4.62,7,39.1,91.4,24.7,571945,42.7,41.6,42,42,79.6,Low,R,Miles Mikolas,WSN,osi_tier
4.76,6.89,3.18,0.85,,13,2.2,5.4,5.67,2,49.1,106.6,44.7,571945,48,47.2,54.4,67.3,84,Mid,R,Miles Mikolas,WSN,osi_tier
22.85,13.95,8.31,0.85,,16,4,19.8,4.33,1,98.5,116.8,57.3,571945,71.7,100.7,86.5,80.9,87,High,R,Miles Mikolas,WSN,abq_tier
7.22,5.15,1.6,0.85,,12,6,7.2,4.81,7,39,94.5,27.1,571945,39.2,41.8,42.8,46.5,81.1,Low,R,Miles Mikolas,WSN,abq_tier
6.6,8.23,3.6,0.85,,11.4,7.1,8.4,5,3,62.4,99.7,42,571945,59.8,59.4,58,55.2,84.7,Mid,R,Miles Mikolas,WSN,abq_tier
11.49,8.21,4.02,0.85,,14.1,4.2,11.4,5.22,3,63.3,110.2,40.1,571945,51.2,64.1,64.2,73.7,86.7,High,R,Miles Mikolas,WSN,rcv_tier
7.33,5.67,1.93,0.85,,9.5,4.8,7.56,4.67,5,36.1,88.2,21.5,571945,43.7,39.1,38.4,33.9,80.6,Low,R,Miles Mikolas,WSN,rcv_tier
6.43,6.89,2.57,0.85,,14.5,10.1,7.8,4.67,3,62.9,102,48.2,571945,51.2,61.4,58.5,60.3,82,Mid,R,Miles Mikolas,WSN,rcv_tier
14.46,9.64,4.82,0.85,,16,8,15.3,4.67,2,93.5,112.2,55.3,571945,65.4,93.1,78.6,71.5,92,High,R,Miles Mikolas,WSN,obr_tier
6.87,6.15,2.21,0.85,,11.5,6.7,6.75,4.58,8,40.8,95.8,29,571945,43.5,41.7,45.4,51.2,78.5,Low,R,Miles Mikolas,WSN,obr_tier
7.71,5.96,2.57,0.85,,10,0,10.8,7,1,45.2,86.8,29.6,571945,46.6,52.2,39.2,19.2,97,Mid,R,Miles Mikolas,WSN,obr_tier
8.32,6.74,2.72,0.85,,12.2,6.1,8.67,4.82,11,50.8,97.9,33.9,571945,47.8,52,50.9,52,82.6,R,R,Miles Mikolas,WSN,hand
7.12,5.84,2.08,0.85,,11.5,5.8,8.1,5.06,6,44.4,94.3,32.4,571945,43.8,47,44.7,42.7,88.5,away,R,Miles Mikolas,WSN,location
9.93,7.95,3.57,0.85,,13.2,6.6,9.36,4.53,5,58.5,102.3,35.7,571945,52.6,57.9,58.4,63.1,75.6,home,R,Miles Mikolas,WSN,location
54,42.1,27,0.81,,0,0,9,0.33,1,48,95.7,53.9,572143,61.2,46,52.4,53.2,11,Mid,R,Burch Smith,DET,osi_tier
54,42.1,27,0.81,,0,0,9,0.33,1,48,95.7,53.9,572143,61.2,46,52.4,53.2,11,Mid,R,Burch Smith,DET,abq_tier
54,42.1,27,0.81,,0,0,9,0.33,1,48,95.7,53.9,572143,61.2,46,52.4,53.2,11,Mid,R,Burch Smith,DET,rcv_tier
54,42.1,27,0.81,,0,0,9,0.33,1,48,95.7,53.9,572143,61.2,46,52.4,53.2,11,Low,R,Burch Smith,DET,obr_tier
54,42.1,27,0.81,,0,0,9,0.33,1,48,95.7,53.9,572143,61.2,46,52.4,53.2,11,R,R,Burch Smith,DET,hand
54,42.1,27,0.81,,0,0,9,0.33,1,48,95.7,53.9,572143,61.2,46,52.4,53.2,11,away,R,Burch Smith,DET,location
8.44,3.48,0,0.84,,19.2,15.4,9,5.33,1,88.5,120.8,53.4,579328,57.6,84.2,74.7,76,91,High,L,Yusei Kikuchi,LAA,osi_tier
5.01,3.66,1.39,0.84,,24.6,5.1,5.1,5.39,6,37.9,95.7,33,579328,43.1,37.1,44.3,53.2,90,Low,L,Yusei Kikuchi,LAA,osi_tier
6.75,9.29,3.37,0.84,,14.3,17.9,7.2,2.67,2,67.6,102.4,70.7,579328,33.8,57.2,58.8,78.4,58.5,Mid,L,Yusei Kikuchi,LAA,osi_tier
4.68,4.78,1.93,0.84,,22.9,6.9,5.14,4.67,7,44.9,97.8,40.8,579328,38.6,43.1,48,60.2,81,Low,L,Yusei Kikuchi,LAA,abq_tier
8.71,2.91,0,0.84,,20.8,12.5,9,5.17,2,68.2,107.8,53.6,579328,56.8,59.9,61,65.4,90.5,Mid,L,Yusei Kikuchi,LAA,abq_tier
7.59,6.38,1.69,0.84,,16.7,16.7,7.8,3.56,3,74.6,108.6,64.9,579328,41.8,66.2,64.1,77.6,69.3,High,L,Yusei Kikuchi,LAA,rcv_tier
1.38,3.41,1.38,0.84,,28.6,4.1,0.9,6.5,2,31,88.3,27.4,579328,42.2,42.3,42.6,43.2,89,Low,L,Yusei Kikuchi,LAA,rcv_tier
7.45,3.82,1.4,0.84,,22.5,5.6,7.2,4.83,4,41.3,99.4,35.8,579328,43.6,34.5,45.1,58.2,90.5,Mid,L,Yusei Kikuchi,LAA,rcv_tier
9.35,7.02,2.08,0.84,,17.8,17.8,10.8,4.33,2,82.4,112.4,70.1,579328,46.6,76,68.8,76.6,86.5,High,L,Yusei Kikuchi,LAA,obr_tier
4.72,3.65,1.31,0.84,,23.8,5.4,4.63,4.9,7,40.9,96.4,36.1,579328,41.6,38.5,45.7,57,82.1,Low,L,Yusei Kikuchi,LAA,obr_tier
5.65,4.33,1.47,0.84,,22.4,8.3,6,4.78,9,50.1,100,43.6,579328,42.7,46.8,50.9,61.3,83.1,L,L,Yusei Kikuchi,LAA,hand
7.56,5.58,1.8,0.84,,17.4,10.7,7.5,4.17,6,56.8,105.3,47.5,579328,41.6,49.4,54,68.2,78.8,away,L,Yusei Kikuchi,LAA,location
3,2.6,1,0.84,,31,4.2,3,6,3,36.7,89.3,35.9,579328,44.8,41.8,44.6,47.6,91.7,home,L,Yusei Kikuchi,LAA,location
3.6,3.3,0,0.86,,17.4,13,3.6,5,1,52,94.5,38.4,592288,36.2,44.6,43.5,47.5,96,Low,L,Kent Emanuel,CIN,osi_tier
3.6,3.3,0,0.86,,17.4,13,3.6,5,1,52,94.5,38.4,592288,36.2,44.6,43.5,47.5,96,Low,L,Kent Emanuel,CIN,abq_tier
3.6,3.3,0,0.86,,17.4,13,3.6,5,1,52,94.5,38.4,592288,36.2,44.6,43.5,47.5,96,Mid,L,Kent Emanuel,CIN,rcv_tier
3.6,3.3,0,0.86,,17.4,13,3.6,5,1,52,94.5,38.4,592288,36.2,44.6,43.5,47.5,96,Low,L,Kent Emanuel,CIN,obr_tier
3.6,3.3,0,0.86,,17.4,13,3.6,5,1,52,94.5,38.4,592288,36.2,44.6,43.5,47.5,96,L,L,Kent Emanuel,CIN,hand
3.6,3.3,0,0.86,,17.4,13,3.6,5,1,52,94.5,38.4,592288,36.2,44.6,43.5,47.5,96,home,L,Kent Emanuel,CIN,location
7.12,4.52,1.5,0.72,,24.3,10.8,7.2,4.8,5,84.4,109.5,61.1,592332,58.3,79.7,71.8,72.5,89.4,High,R,Kevin Gausman,CHC,osi_tier
3.48,3.32,0.97,0.72,,23.9,6.3,3.44,5.88,11,37.3,93.5,22.6,592332,45,39.3,41.9,42.8,94.2,Low,R,Kevin Gausman,CHC,osi_tier
4.59,3.54,1.21,0.72,,23.5,5.1,5.4,5.56,12,50.1,105.4,39,592332,52.3,48,54.7,64.1,94,Mid,R,Kevin Gausman,CHC,osi_tier
6.29,3.59,0.74,0.72,,16.2,6.8,8.28,4.87,5,63,111.6,37.2,592332,75.1,59.9,63.5,59.5,93.4,High,R,Kevin Gausman,CHC,abq_tier
4.11,3.54,1.31,0.72,,27.5,6.5,4.24,5.67,17,46.3,100.3,35.3,592332,40,46.7,49.4,59.2,94.9,Low,R,Kevin Gausman,CHC,abq_tier
4.41,3.76,1.04,0.72,,19.7,6.3,4.2,5.78,6,55.3,96,39.2,592332,59.6,52.1,53.2,49.8,88.5,Mid,R,Kevin Gausman,CHC,abq_tier
4.18,3.51,1.29,0.72,,27.6,6.6,4.32,5.6,10,60.2,106.7,46.6,592332,42.2,56,59.2,75,92.1,High,R,Kevin Gausman,CHC,rcv_tier
3.51,3.59,1.29,0.72,,24.1,4.6,3.82,6.08,8,36.4,91.1,19.5,592332,47.7,40.6,40.3,34.7,94.4,Low,R,Kevin Gausman,CHC,rcv_tier
5.86,3.69,0.89,0.72,,19.7,8.2,6.48,5.07,10,54,104.4,40,592332,61,52.2,56.2,57.5,93.5,Mid,R,Kevin Gausman,CHC,rcv_tier
6.05,4.76,1.4,0.72,,22.5,12.4,6.3,4.83,4,84.6,109.8,63,592332,60.6,84.2,73,69.1,88.5,High,R,Kevin Gausman,CHC,obr_tier
3.76,3.41,1.06,0.72,,23.1,5.5,4.17,5.79,19,42.3,100,29.2,592332,50.5,41.7,48,53.5,93.9,Low,R,Kevin Gausman,CHC,obr_tier
6.58,3.52,1.38,0.72,,27.7,6.2,6.84,5.2,5,58.2,100.2,43.2,592332,42.3,55.5,54.4,61.9,94.6,Mid,R,Kevin Gausman,CHC,obr_tier
4.52,3.6,1.16,0.72,,23.8,6.6,4.95,5.55,28,51.2,101.4,36.5,592332,50.5,50.2,52.7,57.2,93.2,R,R,Kevin Gausman,CHC,hand
4.95,3.49,0.87,0.72,,22.5,8.1,4.85,5.59,13,55.3,100.7,38.2,592332,54.4,51.1,53.8,56.6,93.1,away,R,Kevin Gausman,CHC,location
4.14,3.69,1.42,0.72,,24.9,5.2,5.04,5.51,15,47.7,102,35,592332,47.1,49.5,51.8,57.8,93.4,home,R,Kevin Gausman,CHC,location
4.64,5.16,1.69,0.7,,17,8.5,4.05,5.33,4,88.5,116.1,54.5,592662,53.5,78.8,73.9,83,94.5,High,L,Robbie Ray,SDP,osi_tier
2.01,4.01,0.82,0.7,,20.9,11.7,2.75,5.8,17,32.7,91.7,25.4,592662,38.1,35.4,39.3,44.5,94.4,Low,L,Robbie Ray,SDP,osi_tier
7.54,7.64,2.78,0.7,,17.3,15.4,7.2,4.53,5,59.2,102.6,46,592662,51.4,59.5,60,66.7,88.6,Mid,L,Robbie Ray,SDP,osi_tier
6.53,6.68,2.61,0.7,,16.1,9.2,7.65,5.17,4,55,97.5,30.9,592662,72,48,52.9,44.9,90.8,High,L,Robbie Ray,SDP,abq_tier
2.72,4.24,0.96,0.7,,20.9,12,3.06,5.62,20,39.9,96.2,32.3,592662,35.6,42.5,45.2,55.1,93.6,Low,L,Robbie Ray,SDP,abq_tier
2.79,6.72,1.86,0.7,,13.6,15.9,3.6,4.83,2,93.5,111.6,55.3,592662,60.2,86.1,73.8,69.4,96,Mid,L,Robbie Ray,SDP,abq_tier
5.4,5.16,1.41,0.7,,16.7,11.3,5.66,5.48,7,69.7,111,49.9,592662,45.3,59.7,63.9,82,92.9,High,L,Robbie Ray,SDP,rcv_tier
2.44,3.98,0.94,0.7,,23.4,11.7,3.6,5.33,9,31.2,87.6,23,592662,47.2,41,37.4,26.2,93.8,Low,L,Robbie Ray,SDP,rcv_tier
2.56,5.16,1.44,0.7,,18.8,12.4,2.7,5.63,10,43.7,97.1,32.3,592662,37.8,42.7,47.9,61.1,93.2,Mid,L,Robbie Ray,SDP,rcv_tier
4.4,5.15,1.76,0.7,,18.2,8.3,3.3,5.11,6,84.3,109.9,59.9,592662,54.7,78,71.3,75.4,91.8,High,L,Robbie Ray,SDP,obr_tier
2.94,4.48,1.01,0.7,,19.6,12.5,3.98,5.63,19,35,93.2,26.6,592662,39.4,36.4,41.1,47.8,93.7,Low,L,Robbie Ray,SDP,obr_tier
3.6,8.3,3.6,0.7,,31.6,21.1,3.6,5,1,34.7,106.3,14.3,592662,43.1,55.2,54.1,60.7,94,Mid,L,Robbie Ray,SDP,obr_tier
3.28,4.76,1.26,0.7,,19.7,11.9,3.81,5.49,26,46.4,97.5,33.8,592662,43.1,46.7,48.6,54.7,93.3,L,L,Robbie Ray,SDP,hand
3.98,5.15,1.71,0.7,,20.4,10.4,5.55,5.28,12,48.1,98.9,29.1,592662,49.4,49.7,49.3,48.7,92.1,away,L,Robbie Ray,SDP,location
2.72,4.45,0.91,0.7,,19.1,13.1,2.31,5.67,14,44.9,96.4,37.9,592662,37.6,44.2,48,59.8,94.4,home,L,Robbie Ray,SDP,location
7.2,5.9,1.8,0.85,,19,14.3,7.2,5,1,98.5,116.8,57.3,592791,68.1,95.7,82.2,76.9,85,High,R,Jameson Taillon,TOR,osi_tier
3.06,4.77,1.27,0.85,,19.4,11.6,2.48,4.42,8,33,96.6,18.9,592791,34.4,32.9,38.5,47.9,80.1,Low,R,Jameson Taillon,TOR,osi_tier
7.63,7.93,4.12,0.85,,22,5.9,8.55,5.46,8,49.6,107.3,38.9,592791,42.1,47.9,54.3,70.3,86,Mid,R,Jameson Taillon,TOR,osi_tier
5.73,6.01,2.45,0.85,,17.4,6.5,7.2,5.5,2,72.8,113.5,41,592791,72.6,68.8,68.4,64.9,84,High,R,Jameson Taillon,TOR,abq_tier
5.67,6.55,2.84,0.85,,21.2,9.2,5.4,4.87,15,40.9,101.4,29.2,592791,35.7,40.3,45.9,59.5,83.1,Low,R,Jameson Taillon,TOR,abq_tier
8.54,7.71,3.77,0.85,,22.2,8.7,7.74,4.53,10,51.1,108,37.8,592791,38,48.4,54.4,72.8,80,High,R,Jameson Taillon,TOR,rcv_tier
1.4,4.66,1.05,0.85,,18.1,12.4,1.08,5.13,5,31,92.1,16.6,592791,35.7,32.3,34.7,36.8,87.2,Low,R,Jameson Taillon,TOR,rcv_tier
4.15,5.79,2.77,0.85,,20,2,6.3,6.5,2,46.6,104,29.3,592791,61.1,48.2,53.8,55.2,89,Mid,R,Jameson Taillon,TOR,rcv_tier
7.2,5.9,1.8,0.85,,19,14.3,7.2,5,1,98.5,116.8,57.3,592791,68.1,95.7,82.2,76.9,85,High,R,Jameson Taillon,TOR,obr_tier
5.43,6.05,2.57,0.85,,21.7,8.7,5.4,4.85,13,39.2,103.3,26.5,592791,37.2,37.5,45.5,60.6,83.3,Low,R,Jameson Taillon,TOR,obr_tier
6.19,8.35,3.94,0.85,,16.9,7.7,6,5.33,3,50.1,96.2,39.3,592791,43,52.7,50.3,52.8,82,Mid,R,Jameson Taillon,TOR,obr_tier
5.68,6.48,2.79,0.85,,20.7,8.8,5.61,4.94,17,44.7,102.9,30.6,592791,40,43.6,48.5,60.1,83.2,R,R,Jameson Taillon,TOR,hand
7.19,7.58,3.48,0.85,,17.5,7.3,7.65,5.17,8,51.5,108.1,35.9,592791,46,51.2,55.8,68.1,83.4,away,R,Jameson Taillon,TOR,location
4.22,5.42,2.11,0.85,,23.8,10.3,3.8,4.74,9,38.6,98.2,25.8,592791,34.7,37,42,53.1,83,home,R,Jameson Taillon,TOR,location
11.57,4.17,0,1.07,,6.9,10.3,12.6,4.67,1,83.5,108.3,53.6,592836,46.1,57.8,62.8,80.4,99,High,R,Taijuan Walker,PHI,osi_tier
5.4,7.5,3.6,1.07,,23.8,9.5,5.4,5,2,26.7,90.8,11.9,592836,49.1,40,36.8,24.3,86,Low,R,Taijuan Walker,PHI,osi_tier
15.75,9.85,4.5,1.07,,17.4,13,12.6,4,1,48.2,104.6,52.9,592836,49,44,50.7,59.8,89,Mid,R,Taijuan Walker,PHI,osi_tier
9.31,7.44,2.79,1.07,,11.5,9.6,9.9,4.83,2,43.2,101.5,28.9,592836,42.1,48.6,46.5,46.9,93,Low,R,Taijuan Walker,PHI,abq_tier
9,6.88,3,1.07,,23.8,11.9,8.1,4.5,2,49.4,95.7,36.3,592836,54.5,42.3,47.1,47.4,87,Mid,R,Taijuan Walker,PHI,abq_tier
11.57,4.17,0,1.07,,6.9,10.3,12.6,4.67,1,83.5,108.3,53.6,592836,46.1,57.8,62.8,80.4,99,High,R,Taijuan Walker,PHI,rcv_tier
5.4,7.5,3.6,1.07,,23.8,9.5,5.4,5,2,26.7,90.8,11.9,592836,49.1,40,36.8,24.3,86,Low,R,Taijuan Walker,PHI,rcv_tier
15.75,9.85,4.5,1.07,,17.4,13,12.6,4,1,48.2,104.6,52.9,592836,49,44,50.7,59.8,89,Mid,R,Taijuan Walker,PHI,rcv_tier
8.36,8.17,3.86,1.07,,21.5,10.8,7.8,4.67,3,33.8,95.4,25.6,592836,49.1,41.4,41.4,36.1,87,Low,R,Taijuan Walker,PHI,obr_tier
11.57,4.17,0,1.07,,6.9,10.3,12.6,4.67,1,83.5,108.3,53.6,592836,46.1,57.8,62.8,80.4,99,Mid,R,Taijuan Walker,PHI,obr_tier
9.16,7.17,2.89,1.07,,17,10.6,9,4.67,4,46.3,98.6,32.6,592836,48.3,45.5,46.8,47.2,90,R,R,Taijuan Walker,PHI,hand
7.2,10.5,5.4,1.07,,17.4,8.7,7.2,5,1,2.8,94.7,4.1,592836,38.1,39.5,30.1,13.5,87,away,R,Taijuan Walker,PHI,location
9.88,5.95,1.98,1.07,,16.9,11.3,9.6,4.56,3,60.8,99.9,42.1,592836,51.7,47.4,52.3,58.4,91,home,R,Taijuan Walker,PHI,location
2.28,3.65,1.04,0.66,,22.9,7.4,2.06,6.19,7,92.8,110.2,55.7,593958,58.3,83.9,74.4,75.2,95.9,High,L,Eduardo Rodriguez,ARI,osi_tier
2,3.14,0.42,0.66,,15.7,5.6,2.63,6.56,13,30,91,25.6,593958,32.2,32.9,37.9,47.6,98.2,Low,L,Eduardo Rodriguez,ARI,osi_tier
4.23,5.08,1.17,0.66,,16.8,13.3,4.27,4.79,8,55,98.2,39.2,593958,49.4,61.8,57.7,59,91.2,Mid,L,Eduardo Rodriguez,ARI,osi_tier
3.37,4.13,0.84,0.66,,15.2,8.7,1.8,5.33,2,75.2,90.7,54.5,593958,72.5,77.2,62.5,38.4,94.5,High,L,Eduardo Rodriguez,ARI,abq_tier
2.8,3.91,0.79,0.66,,16.2,8.1,3.43,5.97,21,40.3,96.6,30.7,593958,36.3,43.4,46.5,57.5,95.6,Low,L,Eduardo Rodriguez,ARI,abq_tier
1.45,2.81,0.58,0.66,,25.2,7.3,1.44,6.2,5,96.5,106,56.5,593958,63,88.8,74.5,66.6,96.2,Mid,L,Eduardo Rodriguez,ARI,abq_tier
4.3,5.49,1.84,0.66,,19.7,11,4.32,5.87,5,74.3,113,51.9,593958,43.1,66.2,67,85,97.6,High,L,Eduardo Rodriguez,ARI,rcv_tier
4.01,2.77,0.27,0.66,,16.3,5.4,4.2,5.61,6,36.3,86.4,28.7,593958,46.8,49.6,40.9,26.7,97.3,Low,L,Eduardo Rodriguez,ARI,rcv_tier
1.64,3.52,0.61,0.66,,17.7,8,2.12,6.12,17,52.3,97.5,35.5,593958,42.8,51.8,52.6,60.7,94.4,Mid,L,Eduardo Rodriguez,ARI,rcv_tier
2.5,3.75,1,0.66,,21.3,7.7,2,6,9,88.9,105.9,55.4,593958,61.5,82.4,71.8,67,95.6,High,L,Eduardo Rodriguez,ARI,obr_tier
2.29,3.43,0.6,0.66,,15.7,6.1,2.96,6.45,14,32,91.7,27.7,593958,32.3,34,39.2,50,98,Low,L,Eduardo Rodriguez,ARI,obr_tier
3.97,4.78,0.79,0.66,,17.5,15.5,4.68,4.53,5,46,100.7,29.9,593958,43.5,58.4,56.1,62.6,89,Mid,L,Eduardo Rodriguez,ARI,obr_tier
2.59,3.72,0.75,0.66,,17.8,8,2.96,5.96,28,52.8,97.9,37,593958,43.7,53.9,52.7,57.7,95.6,L,L,Eduardo Rodriguez,ARI,hand
2.54,4.33,1.07,0.66,,18,9.5,3,5.61,12,54.7,97.7,37.9,593958,43.2,54.4,52.5,56.9,93.1,away,L,Eduardo Rodriguez,ARI,location
2.62,3.3,0.54,0.66,,17.7,7,2.92,6.23,16,51.4,98,36.3,593958,44.1,53.5,52.8,58.4,97.5,home,L,Eduardo Rodriguez,ARI,location
0,6.1,0,0.74,,0,25,1.8,1,1,98.5,102.3,57.3,593974,62.9,87.9,72.8,62.7,14,High,L,Wandy Peralta,SDP,osi_tier
0,1.1,0,0.74,,28.6,0,9,1,2,37.9,102.6,31.4,593974,42.9,33.7,45.1,59.5,12,Low,L,Wandy Peralta,SDP,osi_tier
4.5,1.1,0,0.74,,25,0,6.3,1,2,48.9,90,37.1,593974,54,60.4,54.2,47.1,12,Mid,L,Wandy Peralta,SDP,osi_tier
0,1.1,0,0.74,,30,0,7.8,1,3,42.6,99.9,33.7,593974,45.1,43.3,49.3,59.2,11.7,Low,L,Wandy Peralta,SDP,abq_tier
4.5,3.6,0,0.74,,11.1,11.1,4.5,1,2,72.1,94,46.5,593974,60.7,73.2,61.6,49.2,13.5,Mid,L,Wandy Peralta,SDP,abq_tier
9,1.1,0,0.74,,20,0,7.2,1,1,45.8,85.6,35.8,593974,58.5,58.4,50.5,35.8,13,Low,L,Wandy Peralta,SDP,rcv_tier
0,2.35,0,0.74,,21.4,7.1,6.3,1,4,56.6,100.5,39.6,593974,49.5,54.5,55.2,60,12.2,Mid,L,Wandy Peralta,SDP,rcv_tier
0,6.1,0,0.74,,0,25,1.8,1,1,98.5,102.3,57.3,593974,62.9,87.9,72.8,62.7,14,High,L,Wandy Peralta,SDP,obr_tier
0,1.1,0,0.74,,28.6,0,9,1,2,37.9,102.6,31.4,593974,42.9,33.7,45.1,59.5,12,Low,L,Wandy Peralta,SDP,obr_tier
4.5,1.1,0,0.74,,25,0,6.3,1,2,48.9,90,37.1,593974,54,60.4,54.2,47.1,12,Mid,L,Wandy Peralta,SDP,obr_tier
1.8,2.1,0,0.74,,21.1,5.3,6.48,1,5,54.4,97.5,38.8,593974,51.3,55.3,54.2,55.2,12.4,L,L,Wandy Peralta,SDP,hand
2.25,2.85,0,0.74,,12.5,6.2,5.4,1,4,56,99.1,35.3,593974,51.5,58.8,55.5,54.7,12.2,away,L,Wandy Peralta,SDP,location
0,-0.9,0,0.74,,66.7,0,10.8,1,1,48.2,91.5,52.9,593974,50.5,41.2,49.1,57.1,13,home,L,Wandy Peralta,SDP,location
2.3,2.21,0.86,0.64,,35,4.3,1.8,6.27,5,84.6,108.4,67.6,594798,49.5,76.3,68.1,72.1,93.6,High,R,Jacob deGrom,TEX,osi_tier
3.76,3.49,1.17,0.64,,25.9,6.9,4.24,4.95,14,36.9,99,27.5,594798,38.5,36.3,41.9,50.8,85.1,Low,R,Jacob deGrom,TEX,osi_tier
5.89,3.07,1.23,0.64,,33.1,7.8,6.69,5.24,7,52.9,104.1,42.8,594798,35.4,50.2,52.9,68.5,90.1,Mid,R,Jacob deGrom,TEX,osi_tier
1.5,3.77,1.5,0.64,,37.5,12.5,1.8,6,1,98.5,116.8,57.3,594798,68.1,95.7,82.2,76.9,93,High,R,Jacob deGrom,TEX,abq_tier
4.69,3.32,1.21,0.64,,28.6,6.9,4.99,5.06,22,46.9,102,38.2,594798,36.6,44.4,48.1,60.6,87.3,Low,R,Jacob deGrom,TEX,abq_tier
0.9,1.55,0.45,0.64,,34.7,2.8,1.2,6.67,3,60,99,41.7,594798,53.8,56,52.4,47.3,92.3,Mid,R,Jacob deGrom,TEX,abq_tier
4.73,3.54,1.41,0.64,,29.9,6.9,4.98,5.41,13,60.2,106.2,48.4,594798,38.8,55.9,56.9,71,90.8,High,R,Jacob deGrom,TEX,rcv_tier
4.34,3,0.93,0.64,,27,6.6,5.4,4.83,6,29.4,93.4,20.1,594798,37.3,29.9,35.1,39.5,78.5,Low,R,Jacob deGrom,TEX,rcv_tier
2.37,2.31,0.71,0.64,,31.8,6,2.57,5.43,7,50,102.2,38.9,594798,43.7,47.9,49.6,55.8,91.1,Mid,R,Jacob deGrom,TEX,rcv_tier
2.84,2.67,1.07,0.64,,32,4.1,2.25,6.33,4,84.9,108.4,71.1,594798,50.5,81.1,69.6,70.2,93.5,High,R,Jacob deGrom,TEX,obr_tier
3.32,3.32,1.18,0.64,,28.3,6.8,3.84,5.07,15,37.6,101,28.2,594798,37.4,36.3,43.3,55.4,85,Low,R,Jacob deGrom,TEX,obr_tier
6.25,2.88,1,0.64,,31.4,7.8,6.94,5.14,7,58.1,101.3,44.9,594798,38.8,53.1,52.9,62.7,91.6,Mid,R,Jacob deGrom,TEX,obr_tier
4,3.09,1.11,0.64,,29.8,6.6,4.43,5.28,26,50.4,102.2,39.3,594798,39.8,47.7,49.9,59.7,88.1,R,R,Jacob deGrom,TEX,hand
5.86,4.21,1.57,0.64,,25.6,8.3,6.09,4.85,13,48.1,100.9,37.5,594798,40.9,47.6,49.8,58.7,85.5,away,R,Jacob deGrom,TEX,location
2.42,2.13,0.73,0.64,,33.8,4.9,2.77,5.72,13,52.7,103.4,41.2,594798,38.7,47.8,50,60.6,90.6,home,R,Jacob deGrom,TEX,location
13.5,4.6,0,0.57,,16.7,16.7,14.4,0.67,1,98.5,102.3,57.3,595345,61.7,86.2,71.4,61.5,20,High,L,Steven Okert,HOU,osi_tier
13.5,4.6,0,0.57,,16.7,16.7,14.4,0.67,1,98.5,102.3,57.3,595345,61.7,86.2,71.4,61.5,20,Mid,L,Steven Okert,HOU,abq_tier
13.5,4.6,0,0.57,,16.7,16.7,14.4,0.67,1,98.5,102.3,57.3,595345,61.7,86.2,71.4,61.5,20,Mid,L,Steven Okert,HOU,rcv_tier
13.5,4.6,0,0.57,,16.7,16.7,14.4,0.67,1,98.5,102.3,57.3,595345,61.7,86.2,71.4,61.5,20,High,L,Steven Okert,HOU,obr_tier
13.5,4.6,0,0.57,,16.7,16.7,14.4,0.67,1,98.5,102.3,57.3,595345,61.7,86.2,71.4,61.5,20,L,L,Steven Okert,HOU,hand
13.5,4.6,0,0.57,,16.7,16.7,14.4,0.67,1,98.5,102.3,57.3,595345,61.7,86.2,71.4,61.5,20,home,L,Steven Okert,HOU,location
3.38,1.6,0,0.6,,20,0,1.8,2.67,1,50.6,86.8,19.7,596001,59.5,40.2,43.1,34.7,31,Low,R,Jakob Junis,TEX,osi_tier
3.38,1.6,0,0.6,,20,0,1.8,2.67,1,50.6,86.8,19.7,596001,59.5,40.2,43.1,34.7,31,Mid,R,Jakob Junis,TEX,abq_tier
3.38,1.6,0,0.6,,20,0,1.8,2.67,1,50.6,86.8,19.7,596001,59.5,40.2,43.1,34.7,31,Low,R,Jakob Junis,TEX,rcv_tier
3.38,1.6,0,0.6,,20,0,1.8,2.67,1,50.6,86.8,19.7,596001,59.5,40.2,43.1,34.7,31,Low,R,Jakob Junis,TEX,obr_tier
3.38,1.6,0,0.6,,20,0,1.8,2.67,1,50.6,86.8,19.7,596001,59.5,40.2,43.1,34.7,31,R,R,Jakob Junis,TEX,hand
3.38,1.6,0,0.6,,20,0,1.8,2.67,1,50.6,86.8,19.7,596001,59.5,40.2,43.1,34.7,31,home,R,Jakob Junis,TEX,location
0,0.85,0,0.54,,44.4,7.4,1.8,4,2,14.3,98.5,9.8,601713,35.5,32.8,38.6,47.3,64,Low,R,Nick Pivetta,SDP,osi_tier
9,1.6,0,0.54,,30.8,10.3,9,4,2,53,108.9,44.8,601713,41.4,51,57.8,77.2,77.5,Mid,R,Nick Pivetta,SDP,osi_tier
4.5,1.23,0,0.54,,36.4,9.1,5.4,4,4,33.7,103.7,27.3,601713,38.4,41.9,48.2,62.3,70.8,Low,R,Nick Pivetta,SDP,abq_tier
5.54,1.41,0,0.54,,35.1,10.5,6,4.33,3,44,106.6,35,601713,37.4,41.5,53.4,78.2,79,High,R,Nick Pivetta,SDP,rcv_tier
0,0.43,0,0.54,,44.4,0,3.6,3,1,2.8,94.7,4.1,601713,41.4,42.9,32.7,14.7,46,Low,R,Nick Pivetta,SDP,rcv_tier
4.5,1.23,0,0.54,,36.4,9.1,5.4,4,4,33.7,103.7,27.3,601713,38.4,41.9,48.2,62.3,70.8,Low,R,Nick Pivetta,SDP,obr_tier
4.5,1.23,0,0.54,,36.4,9.1,5.4,4,4,33.7,103.7,27.3,601713,38.4,41.9,48.2,62.3,70.8,R,R,Nick Pivetta,SDP,hand
3.6,0.5,0,0.54,,40,5,3.6,5,1,46.2,113.9,40.3,601713,31.9,49.2,56.4,82,86,away,R,Nick Pivetta,SDP,location
4.91,1.55,0,0.54,,34.8,10.9,6,3.67,3,29.5,100.3,22.9,601713,40.6,39.5,45.5,55.7,65.7,home,R,Nick Pivetta,SDP,location
5.91,4.22,1.69,0.82,,21.3,4.3,6.3,5.33,2,79.9,106.4,70.2,605135,45.6,70.5,68.2,81.8,88.5,High,R,Chris Bassitt,BAL,osi_tier
3.35,4.02,0.67,0.82,,13.8,8.8,4.5,5.04,8,36.7,98,31,605135,44.2,35.6,43,50.6,86.8,Low,R,Chris Bassitt,BAL,osi_tier
8.84,6.48,1.96,0.82,,11,11,7.2,4.58,4,46.9,105.2,36.7,605135,53,46,54.2,64.2,84.2,Mid,R,Chris Bassitt,BAL,osi_tier
3.38,3.66,0,0.82,,12.5,12.5,3.6,5.33,1,47,110.2,24.8,605135,77.1,41.9,54.5,52.9,88,High,R,Chris Bassitt,BAL,abq_tier
6.04,4.4,1.13,0.82,,15.6,8,6.66,4.77,10,48.5,102.2,36.7,605135,40.3,46.6,51.1,64,85.2,Low,R,Chris Bassitt,BAL,abq_tier
3.31,5.92,1.65,0.82,,10,10,2.4,5.44,3,36.4,95.3,47.7,605135,59.1,34.2,43.8,43.9,89.3,Mid,R,Chris Bassitt,BAL,abq_tier
6.07,4.21,1.21,0.82,,16.8,6.6,6,4.94,6,53.3,105.9,41.7,605135,38.3,50.2,56.3,76.1,86.8,High,R,Chris Bassitt,BAL,rcv_tier
3.93,5.45,0.98,0.82,,9.3,12.8,5.85,4.58,4,33.5,94.9,32.1,605135,51.3,33.9,39.1,36.3,84,Low,R,Chris Bassitt,BAL,rcv_tier
5.06,4.74,1.27,0.82,,14.6,8.3,4.5,5.33,4,46.9,100.7,39,605135,55.6,43.2,50.7,55.8,87.8,Mid,R,Chris Bassitt,BAL,rcv_tier
4.76,3.81,1.59,0.82,,25,4.2,5.4,5.67,1,76.2,104.6,86.8,605135,41.8,79.2,69.3,77.7,95,High,R,Chris Bassitt,BAL,obr_tier
4.85,4.57,0.97,0.82,,13.3,9.4,4.58,5.06,11,39.7,101.7,33.2,605135,47.2,37.9,47.4,58.4,88.6,Low,R,Chris Bassitt,BAL,obr_tier
7.88,6.22,2.25,0.82,,12.8,7.7,10.8,4,2,64.4,97.5,41.6,605135,48,57,53.2,52.6,69,Mid,R,Chris Bassitt,BAL,obr_tier
5.19,4.7,1.17,0.82,,14.1,8.8,5.53,4.95,14,45.8,101.3,38.2,605135,46.9,43.6,49.8,58.9,86.3,R,R,Chris Bassitt,BAL,hand
6.43,5.5,1.5,0.82,,12.6,10.1,6.6,4.67,9,50.5,100.9,38.1,605135,49.7,47.7,51.8,58.1,83.3,away,R,Chris Bassitt,BAL,location
3.29,3.47,0.66,0.82,,16.7,6.7,3.6,5.47,5,37.3,102,38.4,605135,42,36.1,46.1,60.5,91.6,home,R,Chris Bassitt,BAL,location
2.53,2.12,0.42,0.55,,29.2,6.7,2.7,5.33,4,83.4,110,63,605280,56.7,76.5,70.5,73.6,94.5,High,R,Clay Holmes,CHC,osi_tier
1.16,2.94,0.23,0.55,,19.9,8.9,1.2,6.44,6,40.7,93,23,605280,43,36.1,42.5,49.4,92.5,Low,R,Clay Holmes,CHC,osi_tier
3.32,4.67,0.83,0.55,,8.8,8.8,2.7,5.42,4,50.8,102.4,43.2,605280,44.8,46.5,53.1,66.5,81.2,Mid,R,Clay Holmes,CHC,osi_tier
1.64,2.92,0.82,0.55,,27.3,6.8,1.8,5.5,2,86.8,113.6,55.9,605280,68.2,83.4,73.5,66.1,94.5,High,R,Clay Holmes,CHC,abq_tier
1.83,3.14,0.33,0.55,,18.1,8.4,1.6,6,9,50.9,101.3,39.8,605280,37.5,45.5,50.8,66.2,89.2,Low,R,Clay Holmes,CHC,abq_tier
3.24,3.52,0.54,0.55,,17.9,9,3.6,5.56,3,49.7,89.8,31.1,605280,63.3,44.3,48.5,42.7,88.7,Mid,R,Clay Holmes,CHC,abq_tier
2.25,3.2,0.45,0.55,,17.6,7.3,2.06,5.71,7,62.8,106.5,47.4,605280,43.4,56.6,59.7,75.1,88.9,High,R,Clay Holmes,CHC,rcv_tier
1.4,2.43,0,0.55,,22.7,9.3,1.8,6.44,3,38.1,89.5,15.3,605280,50.9,33.3,40.1,40.2,98.3,Low,R,Clay Holmes,CHC,rcv_tier
2.42,3.82,0.81,0.55,,19.8,9.3,2.25,5.58,4,56.8,98.4,46.3,605280,51.8,53.2,52.7,52.6,85.2,Mid,R,Clay Holmes,CHC,rcv_tier
3.52,2.32,0.59,0.55,,29.9,7.5,3.6,5.11,3,83.3,110.6,66.2,605280,59.2,81.4,71.7,69.4,94.7,High,R,Clay Holmes,CHC,obr_tier
1.96,3.54,0.49,0.55,,16.8,8.9,2,6.11,9,43.2,96,28.5,605280,44.7,39.4,45.8,53.9,88.2,Low,R,Clay Holmes,CHC,obr_tier
0.79,2.66,0,0.55,,15.6,6.7,0,5.67,2,71.3,106.2,54.1,605280,41.9,54.9,61,81.6,90,Mid,R,Clay Holmes,CHC,obr_tier
2.09,3.19,0.44,0.55,,19.3,8.3,2.06,5.83,14,55.8,100.6,40.2,605280,47.4,50.6,53.5,61.2,89.9,R,R,Clay Holmes,CHC,hand
2.41,3.64,0.66,0.55,,19,9.2,2.57,5.86,7,48.4,96.7,30.1,605280,49.9,44.5,49.1,53.8,90.4,away,R,Clay Holmes,CHC,location
1.77,2.73,0.22,0.55,,19.6,7.4,1.54,5.81,7,63.2,104.4,50.3,605280,44.9,56.7,57.9,68.6,89.3,home,R,Clay Holmes,CHC,location
4.95,5.3,1.8,0.75,,18,9,5.85,5,4,85.2,110.9,54.8,605288,60,74,71.7,77.4,84.5,High,R,Adrian Houser,SFG,osi_tier
6.58,5.06,1.73,0.75,,16.2,6.8,5.7,4.33,6,25.2,94.8,21,605288,37.5,35,37.6,40.8,70.8,Low,R,Adrian Houser,SFG,osi_tier
3.9,4.15,0.98,0.75,,16.4,8.2,3.9,4.61,6,50.4,101.5,41.2,605288,43.1,52.7,55.2,66.8,74.8,Mid,R,Adrian Houser,SFG,osi_tier
3.6,5.7,1.8,0.75,,20.5,13.6,4.5,5,2,86.8,113.6,55.9,605288,69.9,85.2,75.2,67.5,86.5,High,R,Adrian Houser,SFG,abq_tier
5.17,4.47,1.29,0.75,,15.9,6.9,5.26,4.82,13,44.1,99.2,32.9,605288,40.9,46.5,49.2,58.2,77.7,Low,R,Adrian Houser,SFG,abq_tier
18,15.1,9,0.75,,28.6,14.3,3.6,1,1,48.2,104.6,52.9,605288,52.4,47.1,54.3,64,29,Mid,R,Adrian Houser,SFG,abq_tier
4.14,4.1,0.97,0.75,,17.5,8.4,4.63,5.29,7,67,106.8,45.4,605288,45.7,60.4,62.6,77.1,84.1,High,R,Adrian Houser,SFG,rcv_tier
6.19,5.29,1.69,0.75,,14.7,8,4.95,4,4,17.3,90.1,15.2,605288,35.5,32.3,31.4,27.5,68.8,Low,R,Adrian Houser,SFG,rcv_tier
6.1,5.62,2.18,0.75,,17.2,7.1,5.76,4.13,5,51.3,102.7,42.8,605288,52.3,53.9,56,61.2,69.6,Mid,R,Adrian Houser,SFG,rcv_tier
3.6,5.7,1.8,0.75,,20.5,13.6,4.5,5,2,86.8,113.6,55.9,605288,69.9,85.2,75.2,67.5,86.5,High,R,Adrian Houser,SFG,obr_tier
6,5.28,1.64,0.75,,16.1,9.4,4.95,4.12,8,30.7,96.8,25.8,605288,39.9,38,41.7,47.2,68.4,Low,R,Adrian Houser,SFG,obr_tier
4.7,3.95,1.17,0.75,,16.3,4.4,5.4,5.11,6,62.5,103.3,45.6,605288,44,58,60,73.9,82,Mid,R,Adrian Houser,SFG,obr_tier
5.13,4.78,1.47,0.75,,16.8,7.9,5.06,4.6,16,49.7,101.4,37,605288,45.2,51.4,52.7,59.7,75.8,R,R,Adrian Houser,SFG,hand
5.05,5.81,1.76,0.75,,14.7,11.1,5.6,4.56,9,52.6,103.2,38.8,605288,48.5,56.1,55,58.4,79.7,away,R,Adrian Houser,SFG,location
5.23,3.5,1.1,0.75,,19.6,3.6,4.37,4.67,7,45.9,99,34.7,605288,41,45.3,49.9,61.5,70.7,home,R,Adrian Houser,SFG,location
6.23,6.46,2.67,0.82,,20,9.6,5.7,5.06,6,86.3,109.8,54.3,605400,57.6,74.8,68.6,69.4,88,High,R,Aaron Nola,PHI,osi_tier
3.22,4.2,1.61,0.82,,25.1,6.9,2.77,5.59,13,30.1,96.9,24.6,605400,41,32.5,38.8,44.5,93.5,Low,R,Aaron Nola,PHI,osi_tier
6.8,4.72,2,0.82,,27,8.5,7.2,5,9,50,104.5,43.9,605400,42.7,48.3,53.2,66.3,91,Mid,R,Aaron Nola,PHI,osi_tier
7.2,7.8,3.6,0.82,,15.6,6.7,5.4,5,2,86.8,113.6,55.9,605400,67.7,82,72.5,65,85,High,R,Aaron Nola,PHI,abq_tier
4.46,4.85,2.02,0.82,,25.5,7.8,4.41,5.35,20,42.3,101.7,32.1,605400,39,41.5,46.6,57.8,90.8,Low,R,Aaron Nola,PHI,abq_tier
5.81,3.78,1.16,0.82,,24.6,9.2,6,5.17,6,56.5,99.6,47.8,605400,58,51.9,53.1,51.1,95.8,Mid,R,Aaron Nola,PHI,abq_tier
6.85,6.21,2.62,0.82,,22.7,10.1,6.2,4.96,9,61.4,108.9,44.5,605400,41.1,51.7,57.4,75.6,88.6,High,R,Aaron Nola,PHI,rcv_tier
4.07,4.55,1.93,0.82,,26.2,7.5,4.05,5.25,8,25.3,92.9,18.9,605400,41.6,31.7,34.4,32.2,94,Low,R,Aaron Nola,PHI,rcv_tier
4.11,4,1.47,0.82,,24.9,6.7,4.25,5.58,11,54.9,103.2,44.4,605400,51,53.3,54.9,59.5,92.1,Mid,R,Aaron Nola,PHI,rcv_tier
7.45,6.1,2.33,0.82,,18.9,10,6.3,4.83,4,87.7,110.6,54.7,605400,62.5,82.4,70.4,62.5,86.2,High,R,Aaron Nola,PHI,obr_tier
4.49,4.56,1.85,0.82,,25.7,7.7,4.45,5.39,19,36.3,100,31.2,605400,41.9,37.1,43.5,52,92.7,Low,R,Aaron Nola,PHI,obr_tier
4.78,4.92,2.05,0.82,,25,7.4,5.04,5.27,5,63.7,103.2,45.9,605400,43.3,54.4,57.4,70.7,91.2,Mid,R,Aaron Nola,PHI,obr_tier
4.93,4.82,1.95,0.82,,24.6,8,4.82,5.29,28,48.5,102.1,37.2,605400,45.1,46.6,49.8,56.9,91.5,R,R,Aaron Nola,PHI,hand
4.26,4.57,1.68,0.82,,24.3,8.6,4.2,5.36,15,49.8,103,38.7,605400,48.1,48.7,52.7,60.5,90.7,away,R,Aaron Nola,PHI,location
5.72,5.12,2.26,0.82,,24.9,7.3,5.54,5.21,13,47,101,35.3,605400,41.7,44.3,46.6,52.6,92.4,home,R,Aaron Nola,PHI,location
2.57,1.91,0,0.47,,29.9,10.3,3.6,5.25,4,36.3,89.8,37.8,605483,37.5,34.6,37.6,41.2,86.2,Low,L,Blake Snell,LAD,osi_tier
1.8,0.9,0,0.47,,45.5,13.6,1.8,5,1,59.8,92,49.3,605483,54.9,67.6,59.3,53,99,Mid,L,Blake Snell,LAD,osi_tier
3,2.57,0,0.47,,24.6,12.3,4.2,5,3,32.4,88.1,32.4,605483,31.5,34.4,34.6,36.9,87,Low,L,Blake Snell,LAD,abq_tier
1.64,0.55,0,0.47,,45.5,9.1,1.8,5.5,2,53.9,93.4,51.6,605483,55.2,51.4,53.1,53.6,91.5,Mid,L,Blake Snell,LAD,abq_tier
1.5,2.93,0,0.47,,21.7,13,1.8,6,1,2.8,80.2,4.1,605483,27,30.7,19.1,0.3,90,Low,L,Blake Snell,LAD,rcv_tier
2.7,1.35,0,0.47,,36,10.5,3.6,5,4,50.5,92.7,49.1,605483,44.5,43.8,47.7,54.4,88.5,Mid,L,Blake Snell,LAD,rcv_tier
1.8,0.9,0,0.47,,45.5,13.6,1.8,5,1,59.8,92,49.3,605483,54.9,67.6,59.3,53,99,High,L,Blake Snell,LAD,obr_tier
2.57,1.91,0,0.47,,29.9,10.3,3.6,5.25,4,36.3,89.8,37.8,605483,37.5,34.6,37.6,41.2,86.2,Low,L,Blake Snell,LAD,obr_tier
2.42,1.72,0,0.47,,33,11,3.24,5.2,5,41,90.2,40.1,605483,41,41.2,42,43.6,88.8,L,L,Blake Snell,LAD,hand
1.64,2.01,0,0.47,,33.3,13.3,1.8,5.5,2,31.3,86.1,26.7,605483,41,49.2,39.2,26.6,94.5,away,L,Blake Snell,LAD,location
3,1.5,0,0.47,,32.8,9.4,4.2,5,3,47.4,93,49,605483,41,35.9,43.8,54.9,85,home,L,Blake Snell,LAD,location
10,9.43,4,0.88,,10.9,10.9,8.1,4.5,2,93.5,111.6,55.3,605488,63.7,90.9,77.8,72.8,89,High,L,Jeffrey Springs,ATH,osi_tier
4.76,5.36,1.99,0.88,,19.2,8,6.09,5.23,13,29.1,94.2,26.1,605488,39.8,32.7,40.8,50.7,85.8,Low,L,Jeffrey Springs,ATH,osi_tier
8.02,6.84,2.74,0.88,,17.6,10.2,7.56,4.6,10,58.9,97.1,47,605488,51.6,64,60.5,62.8,84.6,Mid,L,Jeffrey Springs,ATH,osi_tier
6.3,6.9,2.7,0.88,,11.1,6.7,4.5,5,2,62.9,100.9,37.1,605488,73,63,63,56,88.5,High,L,Jeffrey Springs,ATH,abq_tier
6.17,5.56,2.31,0.88,,21.4,7.4,7.76,5.1,16,38.2,96.3,29.7,605488,37.2,43.5,46.9,57.8,85.7,Low,L,Jeffrey Springs,ATH,abq_tier
6.89,7.7,2.59,0.88,,11.8,13.8,5.4,4.48,7,59.7,96.6,52.9,605488,60.1,60.8,59.2,56.8,84.4,Mid,L,Jeffrey Springs,ATH,abq_tier
7.11,7.05,3.55,0.88,,22,5.5,6.48,5.07,5,66.2,107.7,51.7,605488,45.6,60.8,63.1,78.1,86.4,High,L,Jeffrey Springs,ATH,rcv_tier
7.05,6.48,2.68,0.88,,16,7.1,9,4.62,8,37,87.9,34.5,605488,48.7,49.8,44.8,36.3,79.8,Low,L,Jeffrey Springs,ATH,rcv_tier
5.64,5.7,1.78,0.88,,17.4,11.9,5.55,5.06,12,44,98,32.1,605488,45.3,45.4,51.4,62.7,89.1,Mid,L,Jeffrey Springs,ATH,rcv_tier
7.06,7.57,2.76,0.88,,14.4,12.9,6.6,4.89,6,76.3,100.3,58.4,605488,59.7,79.5,68.7,62.8,91.3,High,L,Jeffrey Springs,ATH,obr_tier
5.19,5.75,2.31,0.88,,19.3,7.6,6.12,5.2,15,32.6,95.8,27.6,605488,41.3,34.5,43.2,54.5,85.2,Low,L,Jeffrey Springs,ATH,obr_tier
10.91,5.97,2.3,0.88,,17.9,9,9.9,3.92,4,52.2,95,38.9,605488,45.7,63,57.5,59.7,78.2,Mid,L,Jeffrey Springs,ATH,obr_tier
6.37,6.21,2.41,0.88,,17.9,9.1,6.84,4.92,25,46.2,96.7,36.8,605488,46.5,49.9,51.6,57.3,85.6,L,L,Jeffrey Springs,ATH,hand
5.37,5.85,1.95,0.88,,14.8,9.3,4.25,5.03,11,45.8,97.8,39.4,605488,46.3,46,49.2,54.8,81.9,away,L,Jeffrey Springs,ATH,location
7.18,6.51,2.79,0.88,,20.2,9,8.87,4.83,14,46.5,95.9,34.8,605488,46.6,52.9,53.6,59.3,88.4,home,L,Jeffrey Springs,ATH,location
0.77,2.93,0.77,0.53,,27.9,7,1.8,5.83,2,86,107.9,53.5,605540,52.2,70.8,66.3,71.2,77,High,R,Brandon Woodruff,MIL,osi_tier
3.42,2.09,0.38,0.53,,28.6,5.5,3.6,4.73,5,44.4,89.5,24.4,605540,49.9,42.4,42.4,37.3,69.4,Low,R,Brandon Woodruff,MIL,osi_tier
4.5,5.8,2.7,0.53,,22.5,5,4.5,5,2,46.6,112,32.5,605540,52.4,43.8,53.3,64.9,69,Mid,R,Brandon Woodruff,MIL,osi_tier
3.6,5.9,3.6,0.53,,31.6,0,3.6,5,1,47,110.2,24.8,605540,74.1,40.3,52.4,50.9,67,High,R,Brandon Woodruff,MIL,abq_tier
3.03,2.76,0.61,0.53,,23.5,5.2,3.96,5.93,5,50.1,99.2,35.3,605540,40.3,46.7,47.9,54.9,81.2,Low,R,Brandon Woodruff,MIL,abq_tier
2.53,2.82,0.84,0.53,,35,10,2.4,3.56,3,63.2,93.7,30.9,605540,61,55.8,53.1,44.4,55.3,Mid,R,Brandon Woodruff,MIL,abq_tier
3.27,4.65,1.64,0.53,,20.5,6.8,4.5,5.5,2,64.9,111.1,47,605540,39,53.4,59.4,80.8,70.5,High,R,Brandon Woodruff,MIL,rcv_tier
4.32,1.96,0.54,0.53,,33.3,6.1,4.05,4.17,4,45.3,86.1,20.8,605540,51.4,44,41,30.4,63.8,Low,R,Brandon Woodruff,MIL,rcv_tier
1.53,3.27,1.02,0.53,,25,4.7,1.8,5.89,3,58.7,107,39,605540,58.4,52.8,56.2,58.5,81,Mid,R,Brandon Woodruff,MIL,rcv_tier
0,2.04,0,0.53,,30,10,0,5.67,1,88.5,107.5,53.4,605540,56.9,82.2,68,59.7,84,High,R,Brandon Woodruff,MIL,obr_tier
2.89,3.28,1.29,0.53,,29.8,4.8,3,4.67,6,45,97.5,26.3,605540,51.3,41.2,46.6,49.5,65.2,Low,R,Brandon Woodruff,MIL,obr_tier
4.63,3.27,0.77,0.53,,20,6,6.3,5.83,2,64.4,97.5,41.6,605540,47,55.8,51.9,50.9,82,Mid,R,Brandon Woodruff,MIL,obr_tier
2.98,3.12,0.99,0.53,,27,5.7,3.4,5.04,9,54.1,98.6,32.7,605540,51,49,50.1,51,71,R,R,Brandon Woodruff,MIL,hand
3.63,2.07,0.4,0.53,,28.2,4.7,4.05,5.58,4,42.8,90.1,25.6,605540,46.9,42.5,41.8,37.6,81.5,away,R,Brandon Woodruff,MIL,location
2.35,4.14,1.57,0.53,,25.8,6.7,2.88,4.6,5,63.2,105.3,38.4,605540,54.2,54.2,56.8,61.6,62.6,home,R,Brandon Woodruff,MIL,location
4.5,2.6,0,0.63,,22.2,11.1,1.8,2,1,98.5,102.3,57.3,606996,68.4,95.5,79.1,68.2,36,High,L,Kyle Hart,SDP,osi_tier
0,1.75,0,0.63,,25,4.2,4.8,2.22,3,25.6,87.4,24.1,606996,32.7,30.9,34.4,39.7,29.3,Low,L,Kyle Hart,SDP,osi_tier
0,1.75,0,0.63,,25,4.2,4.8,2.22,3,25.6,87.4,24.1,606996,32.7,30.9,34.4,39.7,29.3,Low,L,Kyle Hart,SDP,abq_tier
4.5,2.6,0,0.63,,22.2,11.1,1.8,2,1,98.5,102.3,57.3,606996,68.4,95.5,79.1,68.2,36,Mid,L,Kyle Hart,SDP,abq_tier
0,1.98,0,0.63,,27.3,9.1,0,2.67,1,2.8,80.2,4.1,606996,29.3,33.4,20.8,0.3,37,Low,L,Kyle Hart,SDP,rcv_tier
1.5,1.93,0,0.63,,22.7,4.5,5.4,2,3,57.5,94.8,41.9,606996,45.7,51.6,53.9,62.3,29,Mid,L,Kyle Hart,SDP,rcv_tier
4.5,2.6,0,0.63,,22.2,11.1,1.8,2,1,98.5,102.3,57.3,606996,68.4,95.5,79.1,68.2,36,High,L,Kyle Hart,SDP,obr_tier
0,1.75,0,0.63,,25,4.2,4.8,2.22,3,25.6,87.4,24.1,606996,32.7,30.9,34.4,39.7,29.3,Low,L,Kyle Hart,SDP,obr_tier
1.04,1.95,0,0.63,,24.2,6.1,4.05,2.17,4,43.8,91.2,32.4,606996,41.6,47,45.6,46.8,31,L,L,Kyle Hart,SDP,hand
0,1.1,0,0.63,,33.3,0,9,1,1,48.2,91.5,52.9,606996,46.5,37.9,45.2,52.5,8,away,L,Kyle Hart,SDP,location
1.17,2.06,0,0.63,,23.3,6.7,2.4,2.56,3,42.4,91,25.6,606996,40,50.1,45.7,44.9,38.7,home,L,Kyle Hart,SDP,location
5.65,4.5,1.26,0.75,,22.7,12.1,6,4.78,3,83.3,110.6,66.2,607067,59.6,81.4,71.7,69.2,89.3,High,R,Colin Rea,CHC,osi_tier
3.35,4.34,1.12,0.75,,15.6,7.5,3.86,5.76,7,30.4,93,25.3,607067,42.1,34.3,37,36.5,91.6,Low,R,Colin Rea,CHC,osi_tier
5.09,4.97,1.57,0.75,,16.8,8.1,5,5.11,9,51.1,105.3,40.5,607067,44.4,48.2,53.5,66.2,83.6,Mid,R,Colin Rea,CHC,osi_tier
5.4,4.6,0.68,0.75,,15.9,14.3,5.4,4.44,3,73.6,112.5,45.5,607067,72.3,70.7,68.3,62.6,86.7,High,R,Colin Rea,CHC,abq_tier
4.35,4.86,1.49,0.75,,17.8,8.7,4.85,5.56,13,45.2,100.5,36.7,607067,37.4,46.7,47.9,56.8,87.8,Low,R,Colin Rea,CHC,abq_tier
4.2,3.7,1.2,0.75,,15.6,1.6,3.6,5,3,38,95.6,42,607067,56.8,32.7,42.7,44.1,86.7,Mid,R,Colin Rea,CHC,abq_tier
5.44,5,1.69,0.75,,19.8,8.9,6,5.33,9,59.4,106.9,47,607067,41,55.9,57.3,70.7,87.7,High,R,Colin Rea,CHC,rcv_tier
3.62,3.87,0.99,0.75,,17.2,6.6,3.96,5.47,5,23.8,90.3,22.5,607067,44,30.1,32.9,28.1,89.8,Low,R,Colin Rea,CHC,rcv_tier
3.55,4.84,1.07,0.75,,12.5,9.8,3.24,5.07,5,53.7,103.4,40.9,607067,56.8,52.9,55.1,56.4,84.6,Mid,R,Colin Rea,CHC,rcv_tier
5.65,4.5,1.26,0.75,,22.7,12.1,6,4.78,3,83.3,110.6,66.2,607067,59.6,81.4,71.7,69.2,89.3,High,R,Colin Rea,CHC,obr_tier
4.04,4.7,1.39,0.75,,16.2,7.6,4.29,5.49,13,39.2,99.5,31.5,607067,44.6,39.4,44.3,49.8,87.5,Low,R,Colin Rea,CHC,obr_tier
5.4,4.57,1.2,0.75,,16.2,8.8,5.4,5,3,54,101.9,44.2,607067,38.1,54,54.9,68,85,Mid,R,Colin Rea,CHC,obr_tier
4.47,4.65,1.34,0.75,,17.2,8.5,4.74,5.3,19,48.5,101.6,39,607067,46,48.3,50.3,55.7,87.4,R,R,Colin Rea,CHC,hand
6.18,5.44,1.44,0.75,,13.1,10.6,5.8,4.85,9,54,105.8,41.2,607067,50.1,56.3,56.4,61,86.6,away,R,Colin Rea,CHC,location
3.16,4.05,1.26,0.75,,20.7,6.8,3.78,5.7,10,43.6,97.8,36.9,607067,42.3,41.1,44.8,51,88.2,home,R,Colin Rea,CHC,location
2.41,3.48,0.48,0.6,,23.4,13,4.05,4.67,4,27.8,89.2,39.3,607074,44.3,28.8,38.2,44.6,88,Low,L,Carlos Rodón,NYY,osi_tier
3.57,3.72,0.89,0.6,,26.5,12.4,3.82,5.04,8,54.1,98.1,41.7,607074,50.8,60.1,55.1,52.5,88.2,Mid,L,Carlos Rodón,NYY,osi_tier
6.23,4.72,0,0.6,,19,23.8,5.4,4.33,1,75.2,90.7,54.5,607074,71.4,76,61.5,37.8,78,High,L,Carlos Rodón,NYY,abq_tier
3.38,4.33,1.45,0.6,,25.6,10.3,4.5,4.67,4,49.1,99.9,37.4,607074,31.3,40.9,48.6,69.7,86.5,Low,L,Carlos Rodón,NYY,abq_tier
2.75,3.16,0.5,0.6,,26.4,12.2,3.34,5.14,7,38.9,93,41,607074,55.3,50.9,48.3,40.2,90.6,Mid,L,Carlos Rodón,NYY,abq_tier
3,4.83,1.8,0.6,,23,8.2,3,5,3,54.1,100.5,42.2,607074,29.4,42.4,49.7,72.5,86,High,L,Carlos Rodón,NYY,rcv_tier
3.2,3.38,0.36,0.6,,25.2,15,3.6,5.07,5,39.5,84.3,46.5,607074,59.4,47.6,44.6,30.6,88.2,Low,L,Carlos Rodón,NYY,rcv_tier
3.38,3.05,0.48,0.6,,27.8,12.7,4.95,4.67,4,46.1,104.6,32.9,607074,49.6,57.7,55.4,56.9,89.8,Mid,L,Carlos Rodón,NYY,rcv_tier
3.72,3.57,0.47,0.6,,24.1,14.5,4.05,4.83,4,56.4,102.7,40.8,607074,58.2,67.6,59.4,51,87.2,High,L,Carlos Rodón,NYY,obr_tier
3.04,3.48,0.76,0.6,,25.3,11.1,4.32,4.73,5,34,91.5,42.4,607074,41.6,31.8,40.9,50.7,90.2,Low,L,Carlos Rodón,NYY,obr_tier
2.81,3.98,1.12,0.6,,27.7,12.3,3,5.33,3,49.4,91,38.6,607074,47.7,55.4,50.5,46.9,86,Mid,L,Carlos Rodón,NYY,obr_tier
3.2,3.64,0.76,0.6,,25.5,12.6,3.9,4.92,12,45.3,95.1,40.9,607074,48.6,49.7,49.5,49.9,88.2,L,L,Carlos Rodón,NYY,hand
3.41,4.03,0.79,0.6,,24.1,14.5,4.37,4.9,7,51.9,97.3,37.7,607074,47.8,55.2,53.5,55.5,86.3,away,L,Carlos Rodón,NYY,location
2.92,3.1,0.73,0.6,,27.5,9.8,3.24,4.93,5,36.2,92,45.3,607074,49.8,41.8,43.9,41.9,90.8,home,L,Carlos Rodón,NYY,location
3,1.1,0,0.5,,37.5,8.3,3.6,6,1,83.5,108.3,53.6,607192,49.3,61.8,67.2,86,101,High,R,Tyler Glasnow,LAD,osi_tier
2.67,3.63,1.34,0.5,,32.3,8.9,3,5.61,6,31.5,99.1,19.1,607192,41.7,34.5,41.7,50.1,83,Low,R,Tyler Glasnow,LAD,osi_tier
3,1.18,0,0.5,,29.5,2.3,3.6,6,2,54,104.3,51.1,607192,49.6,47.8,54.4,65.4,87,Mid,R,Tyler Glasnow,LAD,osi_tier
2.43,3.25,1.11,0.5,,33.1,8.8,2.83,5.81,7,40.3,102.9,28.2,607192,40.4,39.2,46.6,59.4,84.9,Low,R,Tyler Glasnow,LAD,abq_tier
4.09,1.01,0,0.5,,29.5,2.3,4.5,5.5,2,49.4,95.7,36.3,607192,58,45,50.2,50.6,89.5,Mid,R,Tyler Glasnow,LAD,abq_tier
1.64,1.87,0.41,0.5,,34.2,5.3,1.8,5.5,4,52.7,104.9,36.2,607192,39.9,43.3,52.9,73.1,77.5,High,R,Tyler Glasnow,LAD,rcv_tier
3.32,2.99,0.95,0.5,,28.2,5.6,4.2,6.33,3,27,94.8,11.2,607192,47.6,36.2,37.7,32.2,94,Low,R,Tyler Glasnow,LAD,rcv_tier
4.22,4.22,1.69,0.5,,35.6,13.3,4.5,5.33,2,44.4,103.9,45.9,607192,48,41.4,51,64.1,90.5,Mid,R,Tyler Glasnow,LAD,rcv_tier
2.76,2.99,0.99,0.5,,31.5,7.1,3.15,5.71,8,37.1,100.4,27.1,607192,43.7,37.8,44.9,53.9,84,Low,R,Tyler Glasnow,LAD,obr_tier
3,1.1,0,0.5,,37.5,8.3,3.6,6,1,83.5,108.3,53.6,607192,49.3,61.8,67.2,86,101,Mid,R,Tyler Glasnow,LAD,obr_tier
2.79,2.77,0.87,0.5,,32.3,7.3,3.2,5.74,9,42.3,101.3,30,607192,44.3,40.5,47.4,57.5,85.9,R,R,Tyler Glasnow,LAD,hand
2.12,1.66,0.26,0.5,,33.1,5,2.4,5.67,6,43.6,103.2,33.6,607192,41.7,43.3,49.3,61.6,81.8,away,R,Tyler Glasnow,LAD,location
4.08,4.91,2.04,0.5,,31,11.3,4.8,5.89,3,39.6,97.6,22.8,607192,49.5,34.9,43.5,49.1,94,home,R,Tyler Glasnow,LAD,location
12,10.1,3,0.77,,10.5,21.1,7.2,3,1,88.5,107.5,53.4,607200,65.1,94,77.7,68.2,92,High,R,Erick Fedde,CHW,osi_tier
5.04,6.66,3.24,0.77,,19.8,4,5.04,5,5,27.3,100.1,17.6,607200,35.3,27.2,39.3,56,78,Low,R,Erick Fedde,CHW,osi_tier
3.12,4.63,1.3,0.77,,16.8,8.4,3.09,4.95,7,49.4,103.4,39.7,607200,52.2,47.9,54,62.2,81.4,Mid,R,Erick Fedde,CHW,osi_tier
1.8,3.3,1.8,0.77,,31.6,0,1.8,5,1,47,110.2,24.8,607200,77.1,41.9,54.5,52.9,91,High,R,Erick Fedde,CHW,abq_tier
4.43,5.52,2.01,0.77,,17.6,7.7,4.4,4.96,9,37.7,102.5,25.9,607200,37.4,37,45.5,61.2,78.2,Low,R,Erick Fedde,CHW,abq_tier
4.85,7.25,2.77,0.77,,12.9,9.7,4.2,4.33,3,61.5,99.7,53.7,607200,64.5,63.5,62.6,60,85.7,Mid,R,Erick Fedde,CHW,abq_tier
4.12,5.48,1.5,0.77,,14.1,11.1,3.96,4.8,5,48.9,105.5,34.3,607200,40,48.6,53.4,68.6,76.4,High,R,Erick Fedde,CHW,rcv_tier
4.6,6.67,3.45,0.77,,22.6,3.2,4.2,5.22,3,18.1,97.4,7.5,607200,30.8,18,31.5,47.4,80.7,Low,R,Erick Fedde,CHW,rcv_tier
4.3,5.27,1.96,0.77,,17.6,6.9,4.32,4.6,5,54.4,102.5,45,607200,62.9,53.7,58.1,59.5,85.6,Mid,R,Erick Fedde,CHW,rcv_tier
12,10.1,3,0.77,,10.5,21.1,7.2,3,1,88.5,107.5,53.4,607200,65.1,94,77.7,68.2,92,High,R,Erick Fedde,CHW,obr_tier
3.79,5.64,2.3,0.77,,18.6,5.9,3.76,4.97,11,38.7,101.9,29.2,607200,46.1,37.4,47.1,58.8,79.1,Low,R,Erick Fedde,CHW,obr_tier
5.4,3.7,0,0.77,,13,13,5.4,5,1,56.8,103.9,44.2,607200,35.1,59.6,56.3,67.9,90,Mid,R,Erick Fedde,CHW,obr_tier
4.31,5.7,2.15,0.77,,17.5,7.6,4.15,4.82,13,43.9,102.5,32.2,607200,46.7,43.5,50.1,60.2,80.9,R,R,Erick Fedde,CHW,hand
3.95,4.6,1.45,0.77,,19.1,7.9,4,4.81,9,42.2,103.2,31,607200,45.3,40,48.1,59.3,78.8,away,R,Erick Fedde,CHW,location
5.12,8.17,3.72,0.77,,14.1,7.1,4.5,4.83,4,47.8,100.8,35,607200,49.7,51.3,54.8,62.4,85.8,home,R,Erick Fedde,CHW,location
3.21,4.92,1.61,0.68,,16.1,6.8,2.52,5.6,5,81.9,108.9,67.8,607259,55.4,79.2,72.4,76.7,90.6,High,R,Nick Martinez,TBR,osi_tier
2.05,2.87,0.43,0.68,,14.8,2.7,2.06,5.95,14,32.3,94.4,31.2,607259,49.5,35.8,40.8,40.4,80.4,Low,R,Nick Martinez,TBR,osi_tier
4.68,5.13,1.91,0.68,,13.6,3,3.86,6.05,7,52,104.8,40.9,607259,41,52,56.2,72,81.7,Mid,R,Nick Martinez,TBR,osi_tier
3.97,4.07,1.59,0.68,,19.6,2.2,2.7,5.67,2,86.8,113.6,55.9,607259,69.9,85.2,75.2,67.5,92,High,R,Nick Martinez,TBR,abq_tier
3.06,4.09,1.16,0.68,,14,3.7,2.4,6.06,18,48,100.6,38.8,607259,41.6,51,51.8,60,82.4,Low,R,Nick Martinez,TBR,abq_tier
2.43,3.07,0.54,0.68,,15.4,3.7,3.3,5.56,6,31.4,93.7,41.9,607259,61.5,28.9,40.7,39.5,80.3,Mid,R,Nick Martinez,TBR,abq_tier
3.96,5.22,1.84,0.68,,14.7,5.4,3.44,5.79,11,63.1,106.8,51.2,607259,43.7,60.9,61.8,75.8,85.5,High,R,Nick Martinez,TBR,rcv_tier
2.16,2.53,0.27,0.68,,15.4,2.2,2.45,6.06,11,29.9,91.7,30.5,607259,51.2,34.1,38.2,33.6,81.2,Low,R,Nick Martinez,TBR,rcv_tier
2.7,4,1.16,0.68,,13,2.2,0.9,5.83,4,50.8,103.9,40.8,607259,53.3,53.9,56.7,62.3,79,Mid,R,Nick Martinez,TBR,rcv_tier
2.86,4.87,1.64,0.68,,14.9,5.3,2.25,5.5,4,81.5,109.1,71.4,607259,56.1,82.6,72.6,73,91.2,High,R,Nick Martinez,TBR,obr_tier
2.65,3.44,0.76,0.68,,15,3.7,2.81,5.94,16,35.3,98.5,33.2,607259,47.7,36.6,44.4,50.9,81.2,Low,R,Nick Martinez,TBR,obr_tier
3.93,4.38,1.47,0.68,,13.9,2.1,2.4,6.11,6,56,97.9,40.9,607259,45,57.4,54.4,57.8,80.8,Mid,R,Nick Martinez,TBR,obr_tier
2.99,3.87,1.05,0.68,,14.7,3.6,2.63,5.91,26,47.2,100,40.8,607259,48.4,48.5,51,55.9,82.7,R,R,Nick Martinez,TBR,hand
1.96,3.44,0.74,0.68,,13.9,3.1,1.35,6.11,12,50,103,41.4,607259,47.3,53.2,52.7,56.1,86.2,away,R,Nick Martinez,TBR,location
3.92,4.26,1.34,0.68,,15.4,3.9,3.73,5.74,14,44.8,97.4,40.4,607259,49.3,44.4,49.6,55.7,79.7,home,R,Nick Martinez,TBR,location
9.31,6.34,2.79,0.87,,14.1,3.7,8.1,4.83,6,88.2,101.5,55.8,607536,57.5,72.4,65,62,81,High,L,Kyle Freeland,COL,osi_tier
5.61,4.49,1.57,0.87,,18.5,5.8,6.09,5.31,13,33,97.8,25.2,607536,35.2,27.5,35.3,44.3,87,Low,L,Kyle Freeland,COL,osi_tier
5.13,3.1,1.03,0.87,,24.3,4.5,4.95,6.58,4,47.2,94.4,43.7,607536,36.9,37.5,42.9,53.2,97.2,Mid,L,Kyle Freeland,COL,osi_tier
10.17,6.14,2.74,0.87,,13.9,2.8,8.64,4.6,5,89.2,97.7,56.2,607536,61.9,77.9,68.3,61.9,79,High,L,Kyle Freeland,COL,abq_tier
5.33,4.51,1.7,0.87,,18.6,4.4,5.53,5.67,14,38.5,99.5,26.9,607536,32.3,31.7,38.4,50.3,87.8,Low,L,Kyle Freeland,COL,abq_tier
6.14,3.46,0.82,0.87,,23.5,9.8,6.75,5.5,4,40.5,94.3,44.9,607536,47.1,27.3,35.5,36.6,95.5,Mid,L,Kyle Freeland,COL,abq_tier
6.23,4.73,2.08,0.87,,19.7,2.3,6,5.78,9,62.7,99.8,39,607536,40.8,51.1,53.8,66.1,83.8,High,L,Kyle Freeland,COL,rcv_tier
8.23,5.64,2.31,0.87,,17.3,6,8.74,5,7,28.9,102.1,22,607536,37.4,25,30.1,30.9,85.1,Low,L,Kyle Freeland,COL,rcv_tier
4.82,3.53,0.72,0.87,,18.5,7.7,4.63,5.33,7,54.3,92.2,47.4,607536,46,43.9,46.5,49.9,93.7,Mid,L,Kyle Freeland,COL,rcv_tier
10.17,6.14,2.74,0.87,,13.9,2.8,8.64,4.6,5,89.2,97.7,56.2,607536,61.9,77.9,68.3,61.9,79,High,L,Kyle Freeland,COL,obr_tier
5.24,3.94,1.31,0.87,,20.5,5.6,5.51,5.58,16,35.8,96,29.6,607536,35.7,29.4,37.6,48.4,89.9,Low,L,Kyle Freeland,COL,obr_tier
7.5,6.85,3,0.87,,14.3,5.4,8.1,6,2,64.4,117.4,41.6,607536,34.7,41.3,38.6,38.1,86,Mid,L,Kyle Freeland,COL,obr_tier
6.37,4.63,1.74,0.87,,18.6,5.1,6.42,5.41,23,49.9,98.2,36.4,607536,41.3,41,44.4,50.4,87.2,L,L,Kyle Freeland,COL,hand
6.96,4.79,1.85,0.87,,16.1,3.5,7.2,5.28,12,45.2,94.8,33.3,607536,44.9,43.8,48.8,57.2,87.4,away,L,Kyle Freeland,COL,location
5.75,4.46,1.62,0.87,,21.2,6.7,5.56,5.55,11,55,101.9,39.7,607536,37.4,37.8,39.6,43.1,87,home,L,Kyle Freeland,COL,location
4.09,2.92,0.82,0.8,,26.7,6.7,3.6,5.5,2,81.8,108.9,54,607625,68.9,84.3,73.1,63.3,96.5,High,R,Seth Lugo,KCR,osi_tier
6.11,4.17,0.98,0.8,,15.9,8.1,5.91,5.26,14,30.8,97,24.3,607625,42.3,33.9,40.3,46.1,89.6,Low,R,Seth Lugo,KCR,osi_tier
4.02,4.08,1.17,0.8,,18.7,6.7,4.65,5.78,12,52.2,105.1,40.3,607625,48.2,50.4,55.8,67.7,89.3,Mid,R,Seth Lugo,KCR,osi_tier
6.75,5.79,2.81,0.8,,23.9,5.6,6.6,5.33,3,56.4,110.3,34.7,607625,77.9,54.8,61.2,56.6,92.7,High,R,Seth Lugo,KCR,abq_tier
4.54,3.8,0.8,0.8,,16.9,7.7,4.86,5.65,20,40.4,100.5,29.8,607625,39.4,42.1,47,58.1,89.6,Low,R,Seth Lugo,KCR,abq_tier
6.12,4.02,1.08,0.8,,17.7,7.1,5.76,5,5,48.7,99.4,46.2,607625,57.6,48.4,51.5,50.7,90.2,Mid,R,Seth Lugo,KCR,abq_tier
3.91,3.46,0.68,0.8,,19.7,8,4,5.89,9,51.5,104.5,40.3,607625,38.8,48.4,54.6,72.9,91.6,High,R,Seth Lugo,KCR,rcv_tier
7.63,4.49,1.3,0.8,,16.8,7.8,7.38,4.83,10,27.1,95.4,21.4,607625,43.2,31.5,37.3,39.6,88.7,Low,R,Seth Lugo,KCR,rcv_tier
3.76,4.22,1.2,0.8,,17.1,6.5,4,5.85,9,54,104.8,39.4,607625,58.7,55.3,57.4,59.1,89.9,Mid,R,Seth Lugo,KCR,rcv_tier
4.09,2.92,0.82,0.8,,26.7,6.7,3.6,5.5,2,81.8,108.9,54,607625,68.9,84.3,73.1,63.3,96.5,High,R,Seth Lugo,KCR,obr_tier
5.8,4.31,1.24,0.8,,16.1,6.3,6.03,5.43,20,36.7,101,28.1,607625,46.4,37,45.2,53.5,88.9,Low,R,Seth Lugo,KCR,obr_tier
2.88,3.57,0.52,0.8,,20.7,11.4,3,5.72,6,53.9,100.1,43.5,607625,40.5,56.4,55.2,64.4,91.5,Mid,R,Seth Lugo,KCR,obr_tier
5.03,4.04,1.05,0.8,,17.8,7.4,5.21,5.5,28,43.6,101.3,33.3,607625,46.8,44.6,49.3,56.6,90,R,R,Seth Lugo,KCR,hand
6.19,4.49,1.49,0.8,,18.2,6.5,6.69,5.19,14,39.3,101.7,33.4,607625,45,39.2,45.8,54,90.7,away,R,Seth Lugo,KCR,location
3.98,3.64,0.66,0.8,,17.5,8.3,3.73,5.81,14,47.8,101,33.2,607625,48.5,49.9,52.8,59.1,89.3,home,R,Seth Lugo,KCR,location
1.69,1.04,0,0.53,,36.8,5.3,1.8,5.33,1,88.5,120.8,53.4,608331,57.6,84.2,74.7,76,78,High,L,Max Fried,NYY,osi_tier
1.94,2.72,0.32,0.53,,22.3,7.3,1.2,6.19,9,36.8,95.4,28.9,608331,37.2,32.4,40,50.7,87.8,Low,L,Max Fried,NYY,osi_tier
4.66,2.72,0.31,0.53,,24.6,9.8,5.4,4.83,6,56.4,103.9,42.8,608331,44.5,58.7,56.1,61.5,81.8,Mid,L,Max Fried,NYY,osi_tier
5.14,2.17,0,0.53,,19.6,5.4,5.4,7,2,61.1,92.3,39.6,608331,71.6,55,52.5,36,94,High,L,Max Fried,NYY,abq_tier
2.75,2.85,0.31,0.53,,22.8,9.2,2.78,5.36,11,41.5,97.2,34.4,608331,32,37,43.2,58.2,84.5,Low,L,Max Fried,NYY,abq_tier
1.06,2.22,0.53,0.53,,31.7,6.3,1.2,5.67,3,59.6,116.3,37.5,608331,54.7,70.3,63.9,63.1,80.3,Mid,L,Max Fried,NYY,abq_tier
5.4,2.08,0,0.53,,26.8,9.9,5.85,4.17,4,65.3,106.3,49.1,608331,36.7,58.4,58.3,73.5,78,High,L,Max Fried,NYY,rcv_tier
3.12,2.68,0.35,0.53,,20.8,5.9,3.15,6.5,4,51,92.3,37.8,608331,56.4,49.9,47.8,39.2,91.5,Low,L,Max Fried,NYY,rcv_tier
1.71,2.78,0.38,0.53,,24.6,8.6,1.12,5.92,8,36.5,101,27.9,608331,35.9,36.8,43.4,56.4,85.1,Mid,L,Max Fried,NYY,rcv_tier
2.74,2.4,0.39,0.53,,28.1,7.9,3.15,5.75,4,63.5,109.9,41.8,608331,58.9,71.7,63.3,56.8,83.8,High,L,Max Fried,NYY,obr_tier
2.3,2.71,0.31,0.53,,22.6,7.7,1.8,5.87,10,39,95.9,31.5,608331,36.7,33.8,41.5,53.6,85.6,Low,L,Max Fried,NYY,obr_tier
6.48,2.62,0,0.53,,21.6,10.8,7.2,4.17,2,56.8,101.8,44.2,608331,28.5,51.3,51.9,69.2,84,Mid,L,Max Fried,NYY,obr_tier
2.8,2.62,0.3,0.53,,23.9,8.1,2.81,5.62,16,47.4,100.2,35.7,608331,41.2,45.5,48.2,56.3,84.9,L,L,Max Fried,NYY,hand
2.56,2.02,0,0.53,,23.9,6.5,3.2,5.85,9,51.8,102.1,35.8,608331,46.1,50.1,51.9,58.2,84.2,away,L,Max Fried,NYY,location
3.13,3.48,0.72,0.53,,24,10.3,2.31,5.33,7,41.6,97.7,35.5,608331,34.9,39.6,43.5,54,85.9,home,L,Max Fried,NYY,location
13.5,16.6,6.75,0.82,,6.2,25,9,2.67,1,83.5,108.3,53.6,608337,49.3,61.8,67.2,86,77,High,R,Lucas Giolito,SDP,osi_tier
4.15,4.48,0.69,0.82,,19,15.5,3,4.33,3,30.5,93,23.8,608337,38,36.2,38.1,40.4,79,Low,R,Lucas Giolito,SDP,osi_tier
0,5.3,0,0.82,,9.5,23.8,0,5,1,46.3,101.2,27.8,608337,45.7,51.1,57.9,74.6,86,Mid,R,Lucas Giolito,SDP,osi_tier
4.35,6.25,1.31,0.82,,14.7,18.9,3.6,4.13,5,44.3,97.7,30.5,608337,41.8,44.3,47.9,56.4,80,Low,R,Lucas Giolito,SDP,abq_tier
4.7,9.23,2.35,0.82,,8.1,24.3,4.5,3.83,2,64.9,104.7,40.7,608337,47.5,56.4,62.6,80.3,81.5,High,R,Lucas Giolito,SDP,rcv_tier
3.38,4.97,1.12,0.82,,21.1,15.8,4.5,4,2,25.3,87.3,17.7,608337,35.1,33.3,33.3,32.1,79.5,Low,R,Lucas Giolito,SDP,rcv_tier
5.4,3.7,0,0.82,,15,15,0,5,1,41,104.4,35.9,608337,43.9,42.2,47.8,57.1,78,Mid,R,Lucas Giolito,SDP,rcv_tier
3,4.71,0.5,0.82,,16.5,17.7,2.25,4.5,4,34.4,95.1,24.8,608337,39.9,40,43.1,48.9,80.8,Low,R,Lucas Giolito,SDP,obr_tier
13.5,16.6,6.75,0.82,,6.2,25,9,2.67,1,83.5,108.3,53.6,608337,49.3,61.8,67.2,86,77,Mid,R,Lucas Giolito,SDP,obr_tier
4.35,6.25,1.31,0.82,,14.7,18.9,3.6,4.13,5,44.3,97.7,30.5,608337,41.8,44.3,47.9,56.4,80,R,R,Lucas Giolito,SDP,hand
6.94,6.96,2.31,0.82,,16.7,14.8,4.8,3.89,3,46.8,101.2,36.9,608337,42.6,42.9,48.3,58.6,76.3,away,R,Lucas Giolito,SDP,location
1,5.32,0,0.82,,12.2,24.4,1.8,4.5,2,40.5,92.5,21.1,608337,40.6,46.5,47.2,52.9,85.5,home,R,Lucas Giolito,SDP,location
7.12,6.89,3,0.85,,15.2,6.2,6.84,4.8,5,91.8,113.7,56,608372,56.3,74.2,64.1,58.3,89.8,High,R,Tomoyuki Sugano,COL,osi_tier
4.17,4.97,1.54,0.85,,13.6,6.2,3.76,5.3,11,32.8,89.7,22.6,608372,40.2,28.1,32.6,32.3,84.2,Low,R,Tomoyuki Sugano,COL,osi_tier
5.47,4.78,1.64,0.85,,13.7,3.8,6.2,5.48,9,48.3,103.7,38.7,608372,40.3,41.7,45.6,53.8,88.7,Mid,R,Tomoyuki Sugano,COL,osi_tier
7.12,6.89,3,0.85,,15.2,6.2,7.56,4.8,5,83.5,114.2,50.2,608372,58.9,67.9,61.8,57,88.2,High,R,Tomoyuki Sugano,COL,abq_tier
4.73,5.12,1.76,0.85,,13.8,5.1,4.8,5.56,12,36.7,96.6,26.4,608372,31.4,34.3,37.1,44.3,85.2,Low,R,Tomoyuki Sugano,COL,abq_tier
4.83,4.49,1.32,0.85,,13.5,5.1,4.5,5.12,8,49.7,94.8,38.5,608372,51.8,38,41.9,39.4,88.6,Mid,R,Tomoyuki Sugano,COL,abq_tier
7.82,5.82,2.27,0.85,,13.4,4.9,9.26,5.1,7,70.7,111.2,45.8,608372,42.7,57.9,55.4,61.8,88.6,High,R,Tomoyuki Sugano,COL,rcv_tier
4.17,4.97,1.54,0.85,,13.6,6.2,3.76,5.3,11,32.8,89.7,22.6,608372,40.2,28.1,32.6,32.3,84.2,Low,R,Tomoyuki Sugano,COL,rcv_tier
4.3,5.14,1.91,0.85,,15,4.4,3.6,5.38,7,57,103.4,43.9,608372,49.3,48.8,49,49,89.6,Mid,R,Tomoyuki Sugano,COL,rcv_tier
7.12,6.89,3,0.85,,15.2,6.2,6.84,4.8,5,91.8,113.7,56,608372,56.3,74.2,64.1,58.3,89.8,High,R,Tomoyuki Sugano,COL,obr_tier
5.1,5.12,1.7,0.85,,13.3,5.5,5.08,5.29,17,38.1,95.4,28.5,608372,41.2,32.2,37.4,40.7,85.4,Low,R,Tomoyuki Sugano,COL,obr_tier
3.06,3.67,1.02,0.85,,15.5,2.8,3.6,5.89,3,49.7,99.8,37.3,608372,34.4,45.7,44.2,49.5,90.7,Mid,R,Tomoyuki Sugano,COL,obr_tier
5.19,5.25,1.85,0.85,,14,5.3,5.26,5.27,25,50.2,99.6,35,608372,43.4,42.2,43.6,45.3,86.9,R,R,Tomoyuki Sugano,COL,hand
5.46,5.86,2.3,0.85,,14.7,5.5,5.85,5.22,12,45.4,98.1,33.1,608372,50,44.8,48.1,50.7,88.3,away,R,Tomoyuki Sugano,COL,location
4.96,4.69,1.43,0.85,,13.3,5.1,4.71,5.31,13,54.7,100.9,36.8,608372,37.3,39.9,39.3,40.2,85.6,home,R,Tomoyuki Sugano,COL,location
3.51,3.84,1.05,0.68,,18.3,5.8,3.6,6.42,4,83.6,108.6,71.1,608379,50.4,79.2,72.2,79.8,94,High,R,Michael Wacha,KCR,osi_tier
3.8,4.03,1.31,0.68,,21.4,6.4,4.91,6.24,11,33.5,95.5,23.5,608379,43.9,38.2,41.4,43.3,96.7,Low,R,Michael Wacha,KCR,osi_tier
2.83,3.85,1.06,0.68,,18.9,6,2.4,6.36,12,53.5,104.9,42.3,608379,46.4,49.6,55.9,70,91.4,Mid,R,Michael Wacha,KCR,osi_tier
2.63,2.81,0.66,0.68,,18.5,1.9,1.8,6.83,2,72.8,113.5,41,608379,72.6,68.8,68.4,64.9,97.5,High,R,Michael Wacha,KCR,abq_tier
3.91,4.26,1.33,0.68,,19.4,6.8,4.2,6.14,21,48.3,101.3,38.5,608379,41.7,47.9,51.4,62.3,94.2,Low,R,Michael Wacha,KCR,abq_tier
0.96,2.92,0.64,0.68,,23,5,1.35,7,4,46.4,97.2,40.1,608379,55.3,47,49.9,49.4,91,Mid,R,Michael Wacha,KCR,abq_tier
3.22,4.18,1.23,0.68,,18.1,6.3,2.88,6.33,15,60.5,105.3,48.7,608379,43.9,56.3,59.6,74.7,92.7,High,R,Michael Wacha,KCR,rcv_tier
3.97,3.74,1.11,0.68,,21.4,6.4,5.2,6.3,9,32.3,95,22.8,608379,46.1,38.8,40.5,38.5,97.9,Low,R,Michael Wacha,KCR,rcv_tier
1.89,3.15,0.95,0.68,,24.3,4.3,2.4,6.33,3,49.1,102.9,38.7,608379,56.4,46,52.2,56.4,88.7,Mid,R,Michael Wacha,KCR,rcv_tier
3.2,4.22,1.37,0.68,,20.5,6.4,3,6.56,3,83.6,108.7,77,608379,50.8,85,73.9,77.7,95.3,High,R,Michael Wacha,KCR,obr_tier
3.43,4.32,1.37,0.68,,18.9,6.3,3.98,6.21,19,41.6,100.5,30.7,608379,46.3,41.8,47.8,55.7,93.4,Low,R,Michael Wacha,KCR,obr_tier
3,2.31,0.27,0.68,,22.6,5.3,2.52,6.6,5,60.7,101.4,47.3,608379,41.9,56.6,57.2,68.8,95.4,Mid,R,Michael Wacha,KCR,obr_tier
3.32,3.92,1.16,0.68,,19.8,6.1,3.6,6.32,27,49.8,101.6,38.9,608379,46,49.3,52.4,60.6,94,R,R,Michael Wacha,KCR,hand
3.56,3.45,0.86,0.68,,20.4,6.3,3.96,6.24,15,51.8,102.4,39.4,608379,48.1,50.4,52.9,59.2,94.8,away,R,Michael Wacha,KCR,location
3.04,4.49,1.52,0.68,,19.1,5.9,3.15,6.42,12,47.4,100.6,38.4,608379,43.4,48,51.8,62.3,92.9,home,R,Michael Wacha,KCR,location
4.65,6.33,2.61,0.86,,18.4,8.1,4.63,4.43,7,28.5,94.8,22.5,608566,48.3,30.9,40.5,45.8,74,Low,R,Germán Márquez,SDP,osi_tier
6.23,6.72,2.08,0.86,,12.9,12.9,5.4,4.33,3,51.1,104.6,49.6,608566,44.1,50,57.1,74.5,82,Mid,R,Germán Márquez,SDP,osi_tier
5.54,6.75,2.77,0.86,,18.4,9.6,5.1,4.33,6,31.3,102.1,26.6,608566,35.1,36.4,45.3,62.6,77.2,Low,R,Germán Márquez,SDP,abq_tier
4.5,5.99,2,0.86,,14.3,9.5,4.5,4.5,4,41.1,91.2,36.6,608566,65,36.9,45.8,42.1,75.2,Mid,R,Germán Márquez,SDP,abq_tier
7.62,7.64,2.77,0.86,,11.3,11.3,6.6,4.33,3,43.7,106.7,36.8,608566,33.6,42.2,54.5,83.4,84,High,R,Germán Márquez,SDP,rcv_tier
3.86,5.75,2.1,0.86,,18.9,9.4,4.32,5.13,5,26.5,91.7,20.6,608566,52.9,31.5,38.1,35.1,83.2,Low,R,Germán Márquez,SDP,rcv_tier
5.06,6.85,3.37,0.86,,20,6.7,3.6,2.67,2,44.4,99.4,46.4,608566,52.6,41,50.2,59,48,Mid,R,Germán Márquez,SDP,rcv_tier
4.15,5.92,2.31,0.86,,17.7,8,4,4.33,9,32.6,97,28,608566,47.9,34.6,43.6,50.6,74.3,Low,R,Germán Márquez,SDP,obr_tier
12.6,10.5,3.6,0.86,,8.7,21.7,12.6,5,1,59.1,104.1,54.6,608566,39.3,54.8,62.6,88.2,95,Mid,R,Germán Márquez,SDP,obr_tier
5.11,6.44,2.45,0.86,,16.7,9.6,4.86,4.4,10,35.2,97.7,30.6,608566,47.1,36.6,45.5,54.4,76.4,R,R,Germán Márquez,SDP,hand
2.86,4.15,1.23,0.86,,17.5,6.2,2.88,4.4,5,39.7,98.9,31.8,608566,45.1,37.5,46.1,56.7,70.2,away,R,Germán Márquez,SDP,location
7.36,8.74,3.68,0.86,,15.8,12.9,6.84,4.4,5,30.7,96.6,29.4,608566,49,35.7,44.8,52.1,82.6,home,R,Germán Márquez,SDP,location
4.76,7.16,1.59,0.73,,14.8,22.2,6.6,1.89,3,65.7,93.4,59,608718,56.9,69.3,59.9,51.2,42.3,Mid,L,Brent Suter,LAA,osi_tier
0,6.6,0,0.73,,11.1,33.3,1.8,2,1,75.2,90.7,54.5,608718,76.8,81.7,66.1,40.6,41,High,L,Brent Suter,LAA,abq_tier
4.5,10.6,4.5,0.73,,20,20,5.4,2,1,76.2,104,86.8,608718,35.5,67.8,63,77.1,49,Low,L,Brent Suter,LAA,abq_tier
10.8,3.7,0,0.73,,12.5,12.5,12.6,1.67,1,45.8,85.6,35.8,608718,58.5,58.4,50.5,35.8,37,Mid,L,Brent Suter,LAA,abq_tier
4.5,10.6,4.5,0.73,,20,20,5.4,2,1,76.2,104,86.8,608718,35.5,67.8,63,77.1,49,High,L,Brent Suter,LAA,rcv_tier
4.91,5.28,0,0.73,,11.8,23.5,7.2,1.83,2,60.5,88.1,45.1,608718,67.6,70.1,58.3,38.2,39,Low,L,Brent Suter,LAA,rcv_tier
2.25,8.6,2.25,0.73,,15.8,26.3,3.6,2,2,75.7,97.3,70.7,608718,56.1,74.8,64.6,58.9,45,High,L,Brent Suter,LAA,obr_tier
10.8,3.7,0,0.73,,12.5,12.5,12.6,1.67,1,45.8,85.6,35.8,608718,58.5,58.4,50.5,35.8,37,Mid,L,Brent Suter,LAA,obr_tier
4.76,7.16,1.59,0.73,,14.8,22.2,6.6,1.89,3,65.7,93.4,59,608718,56.9,69.3,59.9,51.2,42.3,L,L,Brent Suter,LAA,hand
7.36,7.46,2.45,0.73,,16.7,16.7,9,1.83,2,61,94.8,61.3,608718,47,63.1,56.8,56.4,43,away,L,Brent Suter,LAA,location
0,6.6,0,0.73,,11.1,33.3,1.8,2,1,75.2,90.7,54.5,608718,76.8,81.7,66.1,40.6,41,home,L,Brent Suter,LAA,location
2.08,3.1,1.38,0.65,,28.3,0,2.7,6.5,2,79.4,109.3,54,615698,58.7,65.9,65.2,68.9,89.5,High,R,Cal Quantrill,TEX,osi_tier
1.24,3.48,0.93,0.65,,19.7,5.1,3.6,4.83,6,25,99.2,24.5,615698,34.9,21.6,35.8,52.7,72.7,Low,R,Cal Quantrill,TEX,osi_tier
5.65,4.77,1.88,0.65,,19,4.8,6.6,4.78,3,51.7,106.3,42.3,615698,57.6,44.7,53.1,59.6,73.7,Mid,R,Cal Quantrill,TEX,osi_tier
3.18,3.01,1.59,0.65,,37.5,2.5,2.7,5.67,2,61.1,110.3,39.6,615698,74.4,58.2,61.3,55.5,78.5,High,R,Cal Quantrill,TEX,abq_tier
1.46,3.64,0.97,0.65,,16.9,4.1,3.34,5.29,7,39.7,101.7,28.1,615698,34.1,31.7,42.4,60.5,76.9,Low,R,Cal Quantrill,TEX,abq_tier
6.75,5.1,2.25,0.65,,21.1,5.3,9,4,2,31.8,100,53.1,615698,56,28.6,42.6,49,70.5,Mid,R,Cal Quantrill,TEX,abq_tier
1.5,4.1,1.12,0.65,,12.9,3.2,2.7,6,4,52.7,104.9,36.2,615698,36.9,40.1,49,67.7,80.8,High,R,Cal Quantrill,TEX,rcv_tier
0.6,1.63,0,0.65,,27.9,6.6,1.8,5,3,14,94.9,22,615698,35.4,11.8,27.8,40.7,78.7,Low,R,Cal Quantrill,TEX,rcv_tier
5.71,5,2.6,0.65,,26.4,2.8,7.65,4.33,4,52.8,107.1,42.8,615698,61.4,49.9,56.2,60,69.2,Mid,R,Cal Quantrill,TEX,rcv_tier
4.5,4.77,3,0.65,,38.1,0,5.4,6,1,75.2,110.3,54.5,615698,71.8,74.6,68.1,58.1,88,High,R,Cal Quantrill,TEX,obr_tier
2.7,3.91,1.25,0.65,,19.4,5,4.6,4.81,9,33.9,101.6,30.4,615698,42.4,29.3,41.6,55,73,Low,R,Cal Quantrill,TEX,obr_tier
0,1.67,0,0.65,,20,0,0,7,1,83.5,108.3,53.6,615698,45.6,57.2,62.2,79.6,91,Mid,R,Cal Quantrill,TEX,obr_tier
2.56,3.72,1.28,0.65,,21.2,4,4.25,5.12,11,42.2,103,34.7,615698,45.4,35.9,45.9,57.5,76,R,R,Cal Quantrill,TEX,hand
4.1,3.97,1.71,0.65,,27.5,5.5,6,4.39,6,40,103.1,38.5,615698,54.9,37.2,47.2,53.3,69.5,away,R,Cal Quantrill,TEX,location
1.2,3.5,0.9,0.65,,15.4,2.6,2.16,6,5,44.8,102.9,30.2,615698,34,34.5,44.2,62.6,83.8,home,R,Cal Quantrill,TEX,location
13.5,3.85,0,0.53,,16.7,16.7,16.2,1.33,1,48,95.7,53.9,621097,61.2,46,52.4,53.2,30,Mid,R,Jacob Waguespack,DET,osi_tier
13.5,3.85,0,0.53,,16.7,16.7,16.2,1.33,1,48,95.7,53.9,621097,61.2,46,52.4,53.2,30,Mid,R,Jacob Waguespack,DET,abq_tier
13.5,3.85,0,0.53,,16.7,16.7,16.2,1.33,1,48,95.7,53.9,621097,61.2,46,52.4,53.2,30,Mid,R,Jacob Waguespack,DET,rcv_tier
13.5,3.85,0,0.53,,16.7,16.7,16.2,1.33,1,48,95.7,53.9,621097,61.2,46,52.4,53.2,30,Low,R,Jacob Waguespack,DET,obr_tier
13.5,3.85,0,0.53,,16.7,16.7,16.2,1.33,1,48,95.7,53.9,621097,61.2,46,52.4,53.2,30,R,R,Jacob Waguespack,DET,hand
13.5,3.85,0,0.53,,16.7,16.7,16.2,1.33,1,48,95.7,53.9,621097,61.2,46,52.4,53.2,30,away,R,Jacob Waguespack,DET,location
2.45,4.46,2.45,0.89,,41.2,11.8,5.4,3.67,1,27.6,102.7,9.8,621107,42.3,26.9,38,47.3,74,Low,R,Zach Eflin,BAL,osi_tier
2.45,4.46,2.45,0.89,,41.2,11.8,5.4,3.67,1,27.6,102.7,9.8,621107,42.3,26.9,38,47.3,74,Low,R,Zach Eflin,BAL,abq_tier
2.45,4.46,2.45,0.89,,41.2,11.8,5.4,3.67,1,27.6,102.7,9.8,621107,42.3,26.9,38,47.3,74,Low,R,Zach Eflin,BAL,rcv_tier
2.45,4.46,2.45,0.89,,41.2,11.8,5.4,3.67,1,27.6,102.7,9.8,621107,42.3,26.9,38,47.3,74,Low,R,Zach Eflin,BAL,obr_tier
2.45,4.46,2.45,0.89,,41.2,11.8,5.4,3.67,1,27.6,102.7,9.8,621107,42.3,26.9,38,47.3,74,R,R,Zach Eflin,BAL,hand
2.45,4.46,2.45,0.89,,41.2,11.8,5.4,3.67,1,27.6,102.7,9.8,621107,42.3,26.9,38,47.3,74,home,R,Zach Eflin,BAL,location
5.85,5.5,1.8,0.74,,22.5,13.5,7.65,5,4,87.7,110.6,54.6,621111,68.9,90.9,77.7,69.1,87.2,High,R,Walker Buehler,SDP,osi_tier
4.78,3.77,0.96,0.74,,19.9,7.7,4.2,4.7,18,30.4,95.5,23.1,621111,43.2,35.2,41.1,46.3,80.6,Low,R,Walker Buehler,SDP,osi_tier
3.38,4.64,1.35,0.74,,17.6,8.3,3.24,5.33,5,49.6,105.7,37.2,621111,51.1,49.7,55.9,66.4,83.6,Mid,R,Walker Buehler,SDP,osi_tier
2.76,4.81,1.65,0.74,,20,7.7,2.4,5.44,3,73.6,112.5,45.5,621111,76.4,75.7,72.6,66.5,81,High,R,Walker Buehler,SDP,abq_tier
3.81,3.41,0.8,0.74,,20.8,7,3.5,4.98,18,32.5,97.9,23.9,621111,39.1,38.4,43.3,51.8,81.9,Low,R,Walker Buehler,SDP,abq_tier
8.88,6.65,2.13,0.74,,16.9,14.5,8.7,4.22,6,56.9,98.1,42.1,621111,62.5,54.5,55.4,51.5,83.5,Mid,R,Walker Buehler,SDP,abq_tier
4.11,4.73,1.54,0.74,,18.5,7.5,4.11,5,7,47,105.3,30.3,621111,40.9,47.1,55.7,76.1,80.6,High,R,Walker Buehler,SDP,rcv_tier
4.89,3.38,0.54,0.74,,19.2,8.9,4.09,4.52,11,26.9,91.5,20,621111,46.5,35.5,37.2,32.6,77.1,Low,R,Walker Buehler,SDP,rcv_tier
4.82,4.71,1.54,0.74,,21.6,9.5,5.4,5.19,9,58,105.1,43.1,621111,56.7,58.4,58.9,61.2,89.6,Mid,R,Walker Buehler,SDP,rcv_tier
5.85,5.5,1.8,0.74,,22.5,13.5,7.65,5,4,87.7,110.6,54.6,621111,68.9,90.9,77.7,69.1,87.2,High,R,Walker Buehler,SDP,obr_tier
4.34,4.01,1.04,0.74,,18.9,7.8,3.94,4.94,21,33,97.9,25.1,621111,45.3,36.7,43.9,51.3,82,Low,R,Walker Buehler,SDP,obr_tier
5.87,3.62,1.17,0.74,,25.7,8.6,4.5,3.83,2,51,95.3,36.9,621111,40.8,55.9,47.8,43.6,73.5,Mid,R,Walker Buehler,SDP,obr_tier
4.66,4.21,1.16,0.74,,19.9,8.8,4.53,4.86,27,42.5,99.6,30.4,621111,48.4,46.1,49.2,53.4,82.1,R,R,Walker Buehler,SDP,hand
5.23,4.23,1.31,0.74,,22.3,9.2,5.54,4.77,13,40.3,99.3,28.7,621111,46.2,42.6,45.8,49.3,83.5,away,R,Walker Buehler,SDP,location
4.15,4.2,1.04,0.74,,17.5,8.4,3.6,4.95,14,44.5,99.9,31.9,621111,50.5,49.5,52.4,57.1,80.9,home,R,Walker Buehler,SDP,location
0,9.1,0,0.55,,0,40,3.6,1,1,27.6,102.7,9.8,621112,39.2,24.9,35.1,43.8,24,Low,R,Paul Blackburn,NYY,osi_tier
4.5,6.6,4.5,0.55,,37.5,0,5.4,2,1,47,110.2,24.8,621112,77.1,41.9,54.5,52.9,35,Mid,R,Paul Blackburn,NYY,osi_tier
4.5,6.6,4.5,0.55,,37.5,0,5.4,2,1,47,110.2,24.8,621112,77.1,41.9,54.5,52.9,35,High,R,Paul Blackburn,NYY,abq_tier
0,9.1,0,0.55,,0,40,3.6,1,1,27.6,102.7,9.8,621112,39.2,24.9,35.1,43.8,24,Low,R,Paul Blackburn,NYY,abq_tier
0,9.1,0,0.55,,0,40,3.6,1,1,27.6,102.7,9.8,621112,39.2,24.9,35.1,43.8,24,Low,R,Paul Blackburn,NYY,rcv_tier
4.5,6.6,4.5,0.55,,37.5,0,5.4,2,1,47,110.2,24.8,621112,77.1,41.9,54.5,52.9,35,Mid,R,Paul Blackburn,NYY,rcv_tier
3,7.43,3,0.55,,23.1,15.4,4.5,1.5,2,37.3,106.5,17.3,621112,58.1,33.4,44.8,48.3,29.5,Low,R,Paul Blackburn,NYY,obr_tier
3,7.43,3,0.55,,23.1,15.4,4.5,1.5,2,37.3,106.5,17.3,621112,58.1,33.4,44.8,48.3,29.5,R,R,Paul Blackburn,NYY,hand
4.5,6.6,4.5,0.55,,37.5,0,5.4,2,1,47,110.2,24.8,621112,77.1,41.9,54.5,52.9,35,away,R,Paul Blackburn,NYY,location
0,9.1,0,0.55,,0,40,3.6,1,1,27.6,102.7,9.8,621112,39.2,24.9,35.1,43.8,24,home,R,Paul Blackburn,NYY,location
12.91,9.1,3.52,0.82,,18.4,18.4,13.5,3.83,2,87.4,110.7,72,621121,53.5,85,73.6,75,81,High,R,Lance McCullers Jr.,HOU,osi_tier
5.4,4.48,1.66,0.82,,25,8.7,5.4,5.42,4,44.8,97.4,35,621121,42.9,45.7,45,45.8,89,Low,R,Lance McCullers Jr.,HOU,osi_tier
5.4,2.6,0,0.82,,31,16.7,7.2,5,2,51.6,102.5,36,621121,38.6,53.3,54.8,68.2,89,Mid,R,Lance McCullers Jr.,HOU,osi_tier
20.25,8.35,3.38,0.82,,26.7,20,18,2.67,1,98.5,116.8,57.3,621121,66.8,93.8,80.6,75.4,70,High,R,Lance McCullers Jr.,HOU,abq_tier
5.89,4.65,1.47,0.82,,24.8,12.1,6.43,5.24,7,51.2,99.9,42.7,621121,41.3,52.2,50.9,56.3,89.4,Low,R,Lance McCullers Jr.,HOU,abq_tier
8.66,5.42,1.53,0.82,,25,17.5,10.35,4.42,4,69.5,106.6,54,621121,46,69.1,64.2,71.6,85,High,R,Lance McCullers Jr.,HOU,rcv_tier
1.29,0.96,0,0.82,,37.5,4.2,0,7,1,45.2,86.8,29.6,621121,45.7,51.2,38.4,18.8,96,Low,R,Lance McCullers Jr.,HOU,rcv_tier
7.36,6.17,2.45,0.82,,20.6,10.3,7.2,4.89,3,44.6,100.9,36.7,621121,42,43.9,47.2,54.8,86.7,Mid,R,Lance McCullers Jr.,HOU,rcv_tier
12.91,9.1,3.52,0.82,,18.4,18.4,13.5,3.83,2,87.4,110.7,72,621121,53.5,85,73.6,75,81,High,R,Lance McCullers Jr.,HOU,obr_tier
7.23,5.56,1.93,0.82,,20.9,11.6,7.65,4.67,4,45.1,101,34.5,621121,42,44.7,48.7,58.2,84.8,Low,R,Lance McCullers Jr.,HOU,obr_tier
2.77,1.48,0,0.82,,37.5,10.4,2.7,6.5,2,51,95.3,36.9,621121,40.4,55.4,47.4,43.4,97.5,Mid,R,Lance McCullers Jr.,HOU,obr_tier
6.86,4.91,1.6,0.82,,25,12.8,7.88,4.92,8,57.1,102,44.5,621121,44.5,57.4,54.6,58.7,87,R,R,Lance McCullers Jr.,HOU,hand
7.53,3.52,0.63,0.82,,27.9,14.8,9,4.78,3,48,103.2,36,621121,40.3,49.6,52.5,64.5,85.7,away,R,Lance McCullers Jr.,HOU,location
6.48,5.7,2.16,0.82,,23.4,11.7,7.2,5,5,62.6,101.3,49.6,621121,46.9,62.1,55.9,55.2,87.8,home,R,Lance McCullers Jr.,HOU,location
9,5.1,0,1,,33.3,33.3,9,1,1,75.2,90.7,54.5,621383,71.8,74.6,68.1,58.1,28,High,L,Tanner Banks,PHI,osi_tier
9,5.1,0,1,,33.3,33.3,9,1,1,75.2,90.7,54.5,621383,71.8,74.6,68.1,58.1,28,High,L,Tanner Banks,PHI,abq_tier
9,5.1,0,1,,33.3,33.3,9,1,1,75.2,90.7,54.5,621383,71.8,74.6,68.1,58.1,28,Mid,L,Tanner Banks,PHI,rcv_tier
9,5.1,0,1,,33.3,33.3,9,1,1,75.2,90.7,54.5,621383,71.8,74.6,68.1,58.1,28,High,L,Tanner Banks,PHI,obr_tier
9,5.1,0,1,,33.3,33.3,9,1,1,75.2,90.7,54.5,621383,71.8,74.6,68.1,58.1,28,L,L,Tanner Banks,PHI,hand
9,5.1,0,1,,33.3,33.3,9,1,1,75.2,90.7,54.5,621383,71.8,74.6,68.1,58.1,28,away,L,Tanner Banks,PHI,location
4.22,5.82,2.11,0.82,,14.3,7.1,6.3,5.33,4,86.7,109.3,62.8,622491,54.8,81,72.7,76.1,92,High,R,Luis Castillo,CHW,osi_tier
5.56,4.11,1.39,0.82,,21.2,6.6,6.4,5.04,9,34,93.6,25.5,622491,41.5,36.4,40.3,43.9,92.3,Low,R,Luis Castillo,CHW,osi_tier
5.52,5.53,2.25,0.82,,19.5,7,6,4.89,9,50.3,103.5,38.3,622491,48.6,47.7,54.1,65.3,89.9,Mid,R,Luis Castillo,CHW,osi_tier
8.1,9.3,4.5,0.82,,11.8,5.9,8.1,5,2,72.8,113.5,41,622491,72.6,68.8,68.4,64.9,90.5,High,R,Luis Castillo,CHW,abq_tier
5.31,4.84,1.85,0.82,,21.6,7.5,6.41,4.88,16,47.6,99.4,34.2,622491,40.3,47.1,49.9,60,89.7,Low,R,Luis Castillo,CHW,abq_tier
3.97,3.67,0.79,0.82,,14.3,5.1,4.5,5.67,4,49.4,98.3,49.1,622491,60.1,47.5,51.3,49.2,98,Mid,R,Luis Castillo,CHW,abq_tier
5.91,5.44,2.19,0.82,,20.2,7.4,6.05,4.85,11,59.3,106.2,43.9,622491,44.2,55.4,58.6,72.6,89.7,High,R,Luis Castillo,CHW,rcv_tier
4.46,3.82,1.24,0.82,,21.6,5.9,6.17,5.19,7,31.9,90.2,25.2,622491,42.7,34.6,37.5,37.1,90.3,Low,R,Luis Castillo,CHW,rcv_tier
5.14,5.96,2.14,0.82,,12.9,6.9,6.75,5.25,4,57.4,102.8,41.5,622491,61.3,57.5,58.2,57,97.2,Mid,R,Luis Castillo,CHW,rcv_tier
4.6,6.1,2.3,0.82,,14.1,7,5.4,5.22,3,87.7,109.7,65.8,622491,56.7,87.3,74.5,72.8,94.7,High,R,Luis Castillo,CHW,obr_tier
5.33,4.81,1.78,0.82,,19.9,6.8,5.76,5.07,15,40.5,99,30.4,622491,45.5,40,46.6,55,92.5,Low,R,Luis Castillo,CHW,obr_tier
5.68,4.89,1.89,0.82,,20.2,6.7,8.55,4.75,4,58.5,99.2,42.9,622491,44.3,54.7,54.3,61,84.2,Mid,R,Luis Castillo,CHW,obr_tier
5.29,5.01,1.87,0.82,,19.2,6.9,6.22,5.03,22,50.2,100.5,37.5,622491,46.8,49.1,51.8,58.5,91.3,R,R,Luis Castillo,CHW,hand
5.72,5.7,2.26,0.82,,17.2,6.7,6.69,4.83,14,55.3,103.5,37.6,622491,47.8,52.1,54.3,61.5,88.6,away,R,Luis Castillo,CHW,location
4.6,3.91,1.26,0.82,,22.5,7.1,5.4,5.38,8,41.4,95.3,37.5,622491,45.1,44,47.5,53.3,96,home,R,Luis Castillo,CHW,location
3,5.1,1.5,0.78,,27.6,17.2,8.1,3,2,76.2,104.6,86.8,622663,43.3,81.9,71.7,80.3,61.5,High,R,Luis Severino,ATH,osi_tier
3.79,4.25,1.51,0.78,,23.5,7.4,4.5,5.94,6,20.9,98.1,19.3,622663,39.4,21.1,35.4,48.7,95.2,Low,R,Luis Severino,ATH,osi_tier
5.14,4.39,0.86,0.78,,23.7,16.1,5.4,5.25,4,53,102.1,51.4,622663,48.9,53.5,58.2,70.3,98,Mid,R,Luis Severino,ATH,osi_tier
4.18,4.92,1.71,0.78,,22.6,10.1,5.6,5.26,9,42.1,101.2,37.2,622663,37.6,44,49.4,64.1,89.8,Low,R,Luis Severino,ATH,abq_tier
4.11,2.71,0,0.78,,28.6,15.9,4.8,5.11,3,37.2,98.6,53.4,622663,60,36.1,47.8,52.4,92.7,Mid,R,Luis Severino,ATH,abq_tier
5.56,6.01,1.99,0.78,,20.2,13.8,7.2,4.53,5,58.8,103.9,57.6,622663,38.4,60.5,61.8,80.1,83.4,High,R,Luis Severino,ATH,rcv_tier
3.03,3.88,1.21,0.78,,23.5,7.6,3.6,5.93,5,19.9,97.3,20.1,622663,41.2,20.7,33.3,42.1,95,Low,R,Luis Severino,ATH,rcv_tier
4.35,2.23,0,0.78,,34.9,16.3,5.4,5.17,2,48.1,100.2,53.4,622663,60.2,49.1,56.3,61.6,97,Mid,R,Luis Severino,ATH,rcv_tier
3,5.1,1.5,0.78,,27.6,17.2,8.1,3,2,76.2,104.6,86.8,622663,43.3,81.9,71.7,80.3,61.5,High,R,Luis Severino,ATH,obr_tier
3.91,3.8,1.17,0.78,,26,9.4,4.73,5.75,8,27.7,98.6,27.8,622663,44.6,28.1,40.6,51.9,95.6,Low,R,Luis Severino,ATH,obr_tier
5.91,6.48,1.69,0.78,,14,16,5.4,5.33,2,57.9,104,49.4,622663,37.7,57.8,60.2,79,99,Mid,R,Luis Severino,ATH,obr_tier
4.16,4.38,1.29,0.78,,24,11.4,5.4,5.22,12,40.8,100.5,41.2,622663,43.2,42,49,61.2,90.5,R,R,Luis Severino,ATH,hand
3.38,3.31,0.48,0.78,,24.7,12.7,3.6,5.33,7,36.2,99.5,39.2,622663,41.2,37,43.4,52.4,96.3,away,R,Luis Severino,ATH,location
5.33,5.94,2.49,0.78,,23,9.7,7.92,5.07,5,47.4,101.9,44.1,622663,46,49.2,56.9,73.4,82.4,home,R,Luis Severino,ATH,location
0,0.1,0,0.62,,50,0,3.6,1.33,1,76.2,104.6,86.8,623211,41,77.6,67.9,76.1,24,High,R,Huascar Brazobán,NYM,osi_tier
7.71,8.24,1.93,0.62,,8.3,20.8,4.5,1.17,4,32.3,92.4,18.5,623211,44.8,40.9,39.5,34.2,23.2,Low,R,Huascar Brazobán,NYM,osi_tier
0,9.1,0,0.62,,0,50,3.6,1,1,46.2,97.8,33.8,623211,45.1,54.5,53.2,57.6,21,Mid,R,Huascar Brazobán,NYM,osi_tier
3,5.93,1.5,0.62,,15.4,15.4,4.32,1.2,5,40.2,97.1,35,623211,40.2,50.5,46.5,46.6,21.6,Low,R,Huascar Brazobán,NYM,abq_tier
18,12.1,0,0.62,,0,50,3.6,1,1,50.6,86.8,19.7,623211,64.3,43.4,46.5,37.5,30,Mid,R,Huascar Brazobán,NYM,abq_tier
0,0.1,0,0.62,,50,0,3.6,1.33,1,76.2,104.6,86.8,623211,41,77.6,67.9,76.1,24,High,R,Huascar Brazobán,NYM,rcv_tier
6,5.77,0,0.62,,13.3,26.7,1.8,1,3,29.4,88.5,12.7,623211,45,40.5,36.7,26.6,20,Low,R,Huascar Brazobán,NYM,rcv_tier
6.75,11.35,3.37,0.62,,0,23.1,8.1,1.33,2,43.6,101.1,34.8,623211,44.5,48.4,50.5,57.4,27,Mid,R,Huascar Brazobán,NYM,rcv_tier
0,0.1,0,0.62,,50,0,3.6,1.33,1,76.2,104.6,86.8,623211,41,77.6,67.9,76.1,24,High,R,Huascar Brazobán,NYM,obr_tier
7.71,8.24,1.93,0.62,,8.3,20.8,4.5,1.17,4,32.3,92.4,18.5,623211,44.8,40.9,39.5,34.2,23.2,Low,R,Huascar Brazobán,NYM,obr_tier
0,9.1,0,0.62,,0,50,3.6,1,1,46.2,97.8,33.8,623211,45.1,54.5,53.2,57.6,21,Mid,R,Huascar Brazobán,NYM,obr_tier
5.14,6.81,1.29,0.62,,12.5,21.9,4.2,1.17,6,41.9,95.4,32.4,623211,44.2,49.3,46.5,45.1,23,R,R,Huascar Brazobán,NYM,hand
7.71,9.74,1.93,0.62,,0,26.1,4.95,1.17,4,35.1,95.9,23.4,623211,47.8,44.9,44.4,41.4,23.8,away,R,Huascar Brazobán,NYM,location
0,0.96,0,0.62,,44.4,11.1,2.7,1.17,2,55.5,94.2,50.5,623211,36.8,58,50.8,52.4,21.5,home,R,Huascar Brazobán,NYM,location
6,8.1,3,0.86,,14.3,14.3,5.4,3,1,25.9,90.7,15.4,623381,27.2,20.8,40.9,73.6,56,Low,L,Thomas Pannone,MIL,osi_tier
6,8.1,3,0.86,,14.3,14.3,5.4,3,1,25.9,90.7,15.4,623381,27.2,20.8,40.9,73.6,56,Low,L,Thomas Pannone,MIL,abq_tier
6,8.1,3,0.86,,14.3,14.3,5.4,3,1,25.9,90.7,15.4,623381,27.2,20.8,40.9,73.6,56,High,L,Thomas Pannone,MIL,rcv_tier
6,8.1,3,0.86,,14.3,14.3,5.4,3,1,25.9,90.7,15.4,623381,27.2,20.8,40.9,73.6,56,Low,L,Thomas Pannone,MIL,obr_tier
6,8.1,3,0.86,,14.3,14.3,5.4,3,1,25.9,90.7,15.4,623381,27.2,20.8,40.9,73.6,56,L,L,Thomas Pannone,MIL,hand
6,8.1,3,0.86,,14.3,14.3,5.4,3,1,25.9,90.7,15.4,623381,27.2,20.8,40.9,73.6,56,away,L,Thomas Pannone,MIL,location
0,4.17,0,0.72,,23.8,23.8,0,4.67,1,98.5,116.8,57.3,623454,68.8,96.7,83,77.7,89,High,R,Drew Anderson,DET,osi_tier
1.2,3.23,0.6,0.72,,26.7,11.7,1.8,3.75,4,43.5,99.8,33.5,623454,48,44.3,48.2,52.9,58.5,Low,R,Drew Anderson,DET,osi_tier
4.02,4.76,1.72,0.72,,21.2,7.6,3.6,5.22,3,52.3,102.8,48.3,623454,46.4,47.3,54.1,67.4,79.7,Mid,R,Drew Anderson,DET,osi_tier
0,4.17,0,0.72,,23.8,23.8,0,4.67,1,98.5,116.8,57.3,623454,68.8,96.7,83,77.7,89,High,R,Drew Anderson,DET,abq_tier
2.65,3.34,0.53,0.72,,21.4,10,3.15,4.25,4,47.8,105.6,38.4,623454,39.5,45,51.7,68,66.2,Low,R,Drew Anderson,DET,abq_tier
2.63,4.86,1.98,0.72,,26.8,8.9,1.8,4.56,3,46.5,95.1,41.8,623454,57.6,46.4,49.5,47.2,69.3,Mid,R,Drew Anderson,DET,abq_tier
2.5,3.43,0.5,0.72,,25.6,14.1,3.15,4.5,4,62.2,108.7,43.7,623454,45.8,58.6,60.5,73.2,78,High,R,Drew Anderson,DET,rcv_tier
1.04,3.45,1.04,0.72,,31.4,11.4,0.9,4.33,2,45.8,94.7,35.8,623454,55.9,46.6,48.1,44.2,66.5,Low,R,Drew Anderson,DET,rcv_tier
3.12,5.87,2.08,0.72,,11.8,5.9,1.8,4.33,2,44.5,100.1,44.9,623454,52.6,44.1,50.1,55.2,58.5,Mid,R,Drew Anderson,DET,rcv_tier
0,4.17,0,0.72,,23.8,23.8,0,4.67,1,98.5,116.8,57.3,623454,68.8,96.7,83,77.7,89,High,R,Drew Anderson,DET,obr_tier
2.1,3.84,1.05,0.72,,23.8,9.5,2.1,4.28,6,45.3,100.6,37.4,623454,49.1,44.7,49.5,55.3,66.5,Low,R,Drew Anderson,DET,obr_tier
5.4,4.9,1.8,0.72,,23.8,9.5,5.4,5,1,59.1,104.1,54.6,623454,36.6,50.9,58.2,81.9,74,Mid,R,Drew Anderson,DET,obr_tier
2.29,4.03,1.02,0.72,,23.8,11.6,2.25,4.42,8,53.7,103,42,623454,50,52,54.8,61.4,70.2,R,R,Drew Anderson,DET,hand
2.65,4.04,1.06,0.72,,20,8.6,2.7,4.25,4,45.1,103.5,38.2,623454,45.7,43.8,50.2,60.8,66.5,away,R,Drew Anderson,DET,location
1.96,4.03,0.98,0.72,,27.3,14.3,1.8,4.58,4,62.3,102.6,45.9,623454,54.3,60.2,59.3,62,74,home,R,Drew Anderson,DET,location
3,2.1,0,0.86,,25,8.3,3,1,3,46.2,97.8,33.8,623474,41,49.5,48.3,52.3,16,Mid,R,Jimmy Herget,COL,osi_tier
3,2.1,0,0.86,,25,8.3,3,1,3,46.2,97.8,33.8,623474,41,49.5,48.3,52.3,16,Low,R,Jimmy Herget,COL,abq_tier
3,2.1,0,0.86,,25,8.3,3,1,3,46.2,97.8,33.8,623474,41,49.5,48.3,52.3,16,Mid,R,Jimmy Herget,COL,rcv_tier
3,2.1,0,0.86,,25,8.3,3,1,3,46.2,97.8,33.8,623474,41,49.5,48.3,52.3,16,Mid,R,Jimmy Herget,COL,obr_tier
3,2.1,0,0.86,,25,8.3,3,1,3,46.2,97.8,33.8,623474,41,49.5,48.3,52.3,16,R,R,Jimmy Herget,COL,hand
4.5,4.6,0,0.86,,0,11.1,4.5,1,2,46.2,97.8,33.8,623474,45.1,54.5,53.2,57.6,17,away,R,Jimmy Herget,COL,location
0,-2.9,0,0.86,,100,0,0,1,1,46.2,97.8,33.8,623474,32.7,39.5,38.6,41.7,14,home,R,Jimmy Herget,COL,location
5.06,3.29,0.84,0.66,,23.8,7.1,4.5,5.33,2,91,111.5,55.5,624133,52,75.4,69,73.8,80,High,L,Ranger Suarez,BOS,osi_tier
2.86,2.61,0.39,0.66,,24.2,7.8,2.96,4.95,14,29.5,91.1,33.5,624133,40.5,31.3,36.9,40.8,82.7,Low,L,Ranger Suarez,BOS,osi_tier
4.53,3.44,0.82,0.66,,21,7.2,5.62,5.46,8,62,99.5,57.3,624133,43.5,57,55.5,62.3,86.9,Mid,L,Ranger Suarez,BOS,osi_tier
6.75,5.54,1.69,0.66,,13.6,9.1,7.2,5.33,1,50.6,111.2,19.7,624133,59.6,37.1,51.5,62.5,93,High,L,Ranger Suarez,BOS,abq_tier
4.2,3.28,0.79,0.66,,22.9,7.8,4.39,4.96,16,46.4,98.1,41.4,624133,35.1,43.2,45.4,55.3,83.6,Low,L,Ranger Suarez,BOS,abq_tier
2.08,1.97,0,0.66,,24.8,6.7,2.57,5.57,7,42.6,87.7,50.9,624133,56.9,45.2,45.8,38.7,83.1,Mid,L,Ranger Suarez,BOS,abq_tier
6.16,4.4,1.47,0.66,,19.7,6.8,6.6,5.11,6,70.3,107.5,64.7,624133,38.7,56.3,57.9,73.6,86.7,High,L,Ranger Suarez,BOS,rcv_tier
2.05,1.49,0,0.66,,29.5,6.2,3.15,5.5,8,24.7,84.3,36.3,624133,46.2,35,35.2,27.7,86.2,Low,L,Ranger Suarez,BOS,rcv_tier
3.49,3.39,0.55,0.66,,19.7,9.1,3.06,4.9,10,47.1,97.6,36,624133,41.7,42.7,46.9,55.4,80.3,Mid,L,Ranger Suarez,BOS,rcv_tier
4.37,3.41,0.77,0.66,,18.7,5.8,4.5,5.83,6,78.4,104.5,70.1,624133,42.6,67.9,62.2,69.7,85.8,High,L,Ranger Suarez,BOS,obr_tier
3.36,3,0.58,0.66,,23.3,8.2,3.82,4.85,16,32.6,93,34,624133,41,32.3,38.6,44.1,82.6,Low,L,Ranger Suarez,BOS,obr_tier
3.27,1.28,0,0.66,,34,8.5,3.6,5.5,2,48.9,90,37.1,624133,54,60.4,54.2,47.1,88.5,Mid,L,Ranger Suarez,BOS,obr_tier
3.64,2.96,0.58,0.66,,23.1,7.6,3.98,5.15,24,45.4,95.6,43.3,624133,42.5,43.5,45.8,50.7,83.9,L,L,Ranger Suarez,BOS,hand
3.25,2.68,0.39,0.66,,23.1,7.6,3.74,5.33,13,43.6,92.8,44.4,624133,44.9,46.2,46.7,48.8,86,away,L,Ranger Suarez,BOS,location
4.14,3.32,0.83,0.66,,23,7.5,4.25,4.94,11,47.6,98.9,41.9,624133,39.6,40.4,44.6,53.1,81.4,home,L,Ranger Suarez,BOS,location
36,23.1,9,0.73,,9.1,27.3,9,1,1,83.5,108.3,53.6,625643,49.3,61.8,67.2,86,58,High,R,Reynaldo López,ATL,osi_tier
3.03,3.71,1.1,0.73,,23.3,7.5,3.6,4.67,7,38.4,95.3,25.7,625643,39,34.6,42.1,52.9,78,Low,R,Reynaldo López,ATL,osi_tier
3.38,4.79,1.69,0.73,,22.1,8.8,3,5.33,3,50.3,99.1,44,625643,46.1,52.4,52.9,58.5,83.7,Mid,R,Reynaldo López,ATL,osi_tier
4.42,4.24,1.4,0.73,,24.1,9.4,4.6,4.3,9,44.9,98.9,32.5,625643,37.4,41.5,47.1,60.3,77.7,Low,R,Reynaldo López,ATL,abq_tier
1.64,5.19,1.64,0.73,,14.3,7.1,0.9,5.5,2,49.3,91.3,36.8,625643,61.9,44,48.7,44.6,78,Mid,R,Reynaldo López,ATL,abq_tier
4.66,4.03,0.93,0.73,,17.4,8.7,3.6,3.22,3,55.4,104.8,37.7,625643,37.2,47.4,54.8,75.8,68,High,R,Reynaldo López,ATL,rcv_tier
1.23,4.74,1.84,0.73,,24.6,8.2,2.4,4.89,3,32.7,91.3,16.4,625643,41.5,29.9,37.6,43.7,79.7,Low,R,Reynaldo López,ATL,rcv_tier
4.97,4.44,1.42,0.73,,22.9,9.5,5.04,5.07,5,47.8,96.9,40.7,625643,44.9,45.9,48.7,54.7,82.4,Mid,R,Reynaldo López,ATL,rcv_tier
2.79,3.95,1.16,0.73,,21.9,7.7,3.15,4.83,8,39.6,95.3,29.3,625643,41.5,35.9,43.2,52.8,77.9,Low,R,Reynaldo López,ATL,obr_tier
7.36,6.19,2.45,0.73,,22.8,12.3,6,3.67,3,62.2,103.3,43.9,625643,42.7,58.1,58.4,69.9,77.3,Mid,R,Reynaldo López,ATL,obr_tier
3.81,4.45,1.45,0.73,,22.2,9,3.93,4.52,11,45.7,97.5,33.2,625643,41.9,41.9,47.4,57.5,77.7,R,R,Reynaldo López,ATL,hand
3.7,4.5,1.48,0.73,,19.4,7.4,3.9,4.06,6,47,98.3,29.6,625643,40,41.3,47.7,60.5,74.7,away,R,Reynaldo López,ATL,location
3.91,4.4,1.42,0.73,,25,10.6,3.96,5.07,5,44.2,96.6,37.6,625643,44.1,42.7,47,53.8,81.4,home,R,Reynaldo López,ATL,location
4.7,4.14,1.17,0.82,,20,8.6,3.6,5.11,3,90.2,114.6,54.8,640455,55.5,80.9,73.5,77.9,87.7,High,L,Sean Manaea,NYM,osi_tier
3.96,4.28,1.72,0.82,,22.3,4.5,4.4,5.81,9,37,90.6,41.5,640455,47.3,34.6,41.2,44.3,93.2,Low,L,Sean Manaea,NYM,osi_tier
6.11,5.82,2.04,0.82,,17.5,10,4.2,5.89,3,60,92.4,48.3,640455,54,60.4,55.5,51.1,96,Mid,L,Sean Manaea,NYM,osi_tier
8.74,5.04,1.59,0.82,,8.9,3.6,6.3,5.67,2,61.1,92.3,39.6,640455,71.6,55,52.5,36,90.5,High,L,Sean Manaea,NYM,abq_tier
4.27,5.04,2.33,0.82,,24.7,5.2,3.82,5.79,8,45.6,96.1,43.7,640455,39.6,41.7,46.7,57.5,94,Low,L,Sean Manaea,NYM,abq_tier
3.25,3.61,0.65,0.82,,20,10,3.96,5.53,5,59.2,96.7,50.7,640455,58.9,58.4,55.8,50.7,91.4,Mid,L,Sean Manaea,NYM,abq_tier
6.46,6.56,2.93,0.82,,21.1,8.5,3,5.11,3,77,114.1,53.9,640455,45.3,67.1,67.4,83.6,90.7,High,L,Sean Manaea,NYM,rcv_tier
5.73,4.07,1.09,0.82,,18.2,7.8,5.4,5.5,6,35.8,88.4,35.1,640455,56.4,43.6,43.2,33.5,94.2,Low,L,Sean Manaea,NYM,rcv_tier
2.68,4.21,1.7,0.82,,23.4,4.1,3.6,6.17,6,56.2,94,51.7,640455,46.7,45.4,49.3,55.6,92.2,Mid,L,Sean Manaea,NYM,rcv_tier
6,4.34,1.29,0.82,,17.5,7.2,4.95,5.25,4,86.4,108.6,54.7,640455,59.5,79.6,70.5,67.9,89.5,High,L,Sean Manaea,NYM,obr_tier
4.17,4.8,2.01,0.82,,21.6,4.9,3.96,5.83,10,39.2,91.7,42.8,640455,45.8,35.8,42.5,47.8,93.2,Low,L,Sean Manaea,NYM,obr_tier
3,3.27,0,0.82,,25,17.9,3.6,6,1,45.8,85.6,35.8,640455,58.5,58.4,50.5,35.8,100,Mid,L,Sean Manaea,NYM,obr_tier
4.54,4.58,1.69,0.82,,20.8,6.5,4.2,5.69,15,52.2,95.8,45.5,640455,50.3,49,50.5,52.4,92.7,L,L,Sean Manaea,NYM,hand
4.57,4.67,1.79,0.82,,21.9,7,4.5,5.67,8,36.6,90.6,38,640455,45.9,38.2,42.2,44.3,95.2,away,L,Sean Manaea,NYM,location
4.5,4.47,1.58,0.82,,19.5,5.9,3.86,5.71,7,70,101.8,54.1,640455,55.3,61.4,60,61.6,89.7,home,L,Sean Manaea,NYM,location
0,1.1,0,0.67,,28.6,0,0.9,1,2,21.8,86,21.5,641302,32,33,31.4,29,15.5,Low,L,Tyler Alexander,TEX,osi_tier
3,2.1,0,0.67,,27.3,9.1,4.5,1.5,2,52.4,93.2,45.2,641302,44.2,50.8,50.5,54.8,25,Mid,L,Tyler Alexander,TEX,osi_tier
2.25,2.35,0,0.67,,21.4,7.1,2.4,1.33,3,34.2,90.9,32.5,641302,31.3,36.4,37.8,43.9,21.7,Low,L,Tyler Alexander,TEX,abq_tier
0,-0.9,0,0.67,,50,0,3.6,1,1,45.8,85.6,35.8,641302,58.5,58.4,50.5,35.8,16,Mid,L,Tyler Alexander,TEX,abq_tier
4.5,3.6,0,0.67,,14.3,14.3,5.4,2,1,59.1,100.8,54.6,641302,29.8,43.2,50.6,73.7,34,High,L,Tyler Alexander,TEX,rcv_tier
0,0.1,0,0.67,,37.5,0,1.8,1,2,24.3,82.9,19.9,641302,42.8,44.6,34.8,18,16,Low,L,Tyler Alexander,TEX,rcv_tier
0,1.1,0,0.67,,33.3,0,1.8,1,1,40.7,91.8,38.9,641302,37.1,35.4,43.6,57.6,15,Mid,L,Tyler Alexander,TEX,rcv_tier
2.25,2.35,0,0.67,,21.4,7.1,2.4,1.33,3,34.2,90.9,32.5,641302,31.3,36.4,37.8,43.9,21.7,Low,L,Tyler Alexander,TEX,obr_tier
0,-0.9,0,0.67,,50,0,3.6,1,1,45.8,85.6,35.8,641302,58.5,58.4,50.5,35.8,16,Mid,L,Tyler Alexander,TEX,obr_tier
1.8,1.7,0,0.67,,27.8,5.6,2.7,1.25,4,37.1,89.6,33.4,641302,38.1,41.9,40.9,41.9,20.2,L,L,Tyler Alexander,TEX,hand
0,0.43,0,0.67,,36.4,0,1.8,1,3,29.8,85.8,26.3,641302,40.9,41.5,37.7,31.2,15.7,away,L,Tyler Alexander,TEX,location
4.5,3.6,0,0.67,,14.3,14.3,5.4,2,1,59.1,100.8,54.6,641302,29.8,43.2,50.6,73.7,34,home,L,Tyler Alexander,TEX,location
3.6,0.9,0,0.76,,31.8,4.5,3.6,5,1,98.5,102.3,57.3,641743,69.1,96.6,80,68.9,89,High,L,Anthony Kay,CHW,osi_tier
4.28,4.18,1.17,0.76,,19,8.2,4.76,4.95,14,36.3,95.4,33.7,641743,47.6,36,44.2,51.2,88.8,Low,L,Anthony Kay,CHW,osi_tier
4.39,4.62,1.46,0.76,,18.8,7.9,4.91,5.03,11,57.3,96.1,47.3,641743,56.8,65.9,59.9,55.3,86.8,Mid,L,Anthony Kay,CHW,osi_tier
6.14,6.17,1.84,0.76,,12.9,11.4,6,4.89,3,57.6,98.6,33,641743,70,50.5,54.2,47.4,91,High,L,Anthony Kay,CHW,abq_tier
5.19,4.49,1.53,0.76,,20.3,7.5,6.15,4.92,12,42,98.1,36.9,641743,40,44.8,48.2,57.9,89.8,Low,L,Anthony Kay,CHW,abq_tier
2.89,3.48,0.8,0.76,,20.2,7.4,2.95,5.09,11,50.9,92.8,46.2,641743,60.9,57.9,56.1,50.7,85.1,Mid,L,Anthony Kay,CHW,abq_tier
10.38,5.72,2.08,0.76,,15.2,7.6,12,4.33,3,67.7,106.4,64.4,641743,47.1,61.3,63.3,77.3,91.7,High,L,Anthony Kay,CHW,rcv_tier
2.72,4.31,1.28,0.76,,21.4,9.2,2.95,5.12,11,42.6,88.6,36.7,641743,55.2,51.1,48,39.3,85.5,Low,L,Anthony Kay,CHW,rcv_tier
4.48,3.86,1.04,0.76,,18.6,6.9,4.65,5.03,12,47.1,100.1,37.7,641743,51,48.3,53.4,60.9,89.3,Mid,L,Anthony Kay,CHW,rcv_tier
4.41,4.08,1.3,0.76,,20.9,7.2,5.66,4.95,7,70.1,99.9,59.1,641743,55.8,75.5,66.3,63.4,89.4,High,L,Anthony Kay,CHW,obr_tier
5.05,4.58,1.36,0.76,,18,8.6,5.4,4.87,15,37.3,96.5,32.8,641743,48.8,36.4,45.1,52.5,89,Low,L,Anthony Kay,CHW,obr_tier
1.64,3.37,0.82,0.76,,21.8,6.9,0.9,5.5,4,46.8,87.2,36,641743,59.2,62.8,54.2,41,81.5,Mid,L,Anthony Kay,CHW,obr_tier
4.3,4.24,1.25,0.76,,19.4,8,4.78,4.99,26,47.6,95.9,40.3,641743,52.3,51,52.2,53.6,88,L,L,Anthony Kay,CHW,hand
5.25,5.29,1.75,0.76,,18.3,9.7,6.09,4.74,13,45.4,94.8,38.9,641743,51,45.6,48,48.7,85.1,away,L,Anthony Kay,CHW,location
3.44,3.29,0.79,0.76,,20.4,6.4,3.46,5.23,13,49.8,97.1,41.8,641743,53.6,56.3,56.4,58.6,90.8,home,L,Anthony Kay,CHW,location
13.5,9.1,4.5,0.8,,4.3,0,10.8,4,1,88.5,120.8,53.4,641778,57.6,84.2,74.7,76,95,High,L,Eric Lauer,LAD,osi_tier
3.76,4.76,1.75,0.8,,19.3,5.8,4.2,5.58,12,29.9,91.3,22.9,641778,38.8,32.6,36.2,38.5,89.7,Low,L,Eric Lauer,LAD,osi_tier
8.84,8.12,2.79,0.8,,7.4,11.7,8.28,3.87,5,51.4,102.5,35.8,641778,50,55.3,56.5,62.5,69,Mid,L,Eric Lauer,LAD,osi_tier
4.8,5.77,1.8,0.8,,10.8,7.7,4.8,5,3,48.2,99.8,23.1,641778,69.9,36.3,48.1,46.1,74.7,High,L,Eric Lauer,LAD,abq_tier
5.49,5.74,2.23,0.8,,17.8,7.4,6,5.06,12,31.5,91.7,25.1,641778,32.9,38.1,38.7,43.6,84.8,Low,L,Eric Lauer,LAD,abq_tier
4.91,5.28,1.84,0.8,,11.6,4.3,5.4,4.89,3,60.6,109.9,45.6,641778,56.3,62,61,63.2,91.7,Mid,L,Eric Lauer,LAD,abq_tier
6.14,5.69,2.05,0.8,,12.6,5.8,5.76,4.4,5,58.1,106.1,36.7,641778,42.8,46.7,55.2,73.9,79.2,High,L,Eric Lauer,LAD,rcv_tier
4.91,5.37,1.84,0.8,,17.1,8.3,5.18,5.5,8,26.1,87.8,19.4,641778,43.8,37.3,34.3,24.1,88.6,Low,L,Eric Lauer,LAD,rcv_tier
5.18,6.18,2.59,0.8,,15.7,5.6,6.48,4.87,5,40.9,99.1,33.7,641778,41.8,44,48.3,57.8,82.2,Mid,L,Eric Lauer,LAD,rcv_tier
7.56,7.66,3.24,0.8,,4.8,2.4,6.3,4.17,2,66.9,117.5,41.5,641778,56.8,75.4,68.1,67.7,81.5,High,L,Eric Lauer,LAD,obr_tier
3.91,4.92,1.71,0.8,,17.6,6.5,4.24,5.26,14,33.5,93.4,25,641778,40.3,34.2,39,43.7,85.4,Low,L,Eric Lauer,LAD,obr_tier
15.12,10.3,4.32,0.8,,11.6,14,15.3,4.17,2,51,93.2,37.5,641778,47.6,60.9,54.4,51.8,79,Mid,L,Eric Lauer,LAD,obr_tier
5.28,5.67,2.09,0.8,,15.6,6.9,5.7,5.02,18,39.1,96.1,28.2,641778,43,41.8,44,47.3,84.2,L,L,Eric Lauer,LAD,hand
6,6.34,2.57,0.8,,13.2,5.3,5.8,4.67,9,41.1,98.7,28,641778,41.2,39.7,45,53.7,79.6,away,L,Eric Lauer,LAD,location
4.66,5.09,1.68,0.8,,17.7,8.4,5.6,5.37,9,37.2,93.4,28.3,641778,44.7,43.8,43,40.8,88.9,home,L,Eric Lauer,LAD,location
5.4,9.7,5.4,0.84,,14.3,0,5.4,5,1,75.2,110.3,54.5,641793,71.8,74.6,68.1,58.1,71,High,R,Zack Littell,WSN,osi_tier
6.52,5.65,1.86,0.84,,14.9,9,7.2,4.14,7,36.2,95.4,29.8,641793,45.7,34.6,43.6,52.4,70.3,Low,R,Zack Littell,WSN,osi_tier
6,7.62,3,0.84,,12.3,9.6,6,5.5,6,50.4,101.2,42.8,641793,46.8,54.1,56.2,65.3,90.7,Mid,R,Zack Littell,WSN,osi_tier
5.4,9.7,5.4,0.84,,14.3,0,5.4,5,1,75.2,110.3,54.5,641793,71.8,74.6,68.1,58.1,71,High,R,Zack Littell,WSN,abq_tier
6.97,5.83,1.96,0.84,,15.3,9.5,7,4.59,9,43.7,99.1,31.7,641793,39.4,46.1,50.1,62.5,77.3,Low,R,Zack Littell,WSN,abq_tier
4.79,8.42,3.48,0.84,,9.9,8.8,5.85,5.17,4,40.5,95.6,45,641793,61.7,38,47.8,49.2,85,Mid,R,Zack Littell,WSN,abq_tier
8.1,6.3,2.25,0.84,,15.1,9.7,7.2,5,4,46.5,102.8,32.9,641793,35.7,47.8,53,71.4,85.5,High,R,Zack Littell,WSN,rcv_tier
3.44,5.28,1.47,0.84,,12.7,8.9,4.95,4.58,4,33.6,91.8,29.8,641793,50.8,31.1,40.4,43.6,72.2,Low,R,Zack Littell,WSN,rcv_tier
6.59,8.4,3.77,0.84,,13.2,7.8,7.2,4.78,6,51.7,101.1,44.9,641793,54.5,54.3,56.2,59.5,79.3,Mid,R,Zack Littell,WSN,rcv_tier
5.4,9.7,5.4,0.84,,14.3,0,5.4,5,1,75.2,110.3,54.5,641793,71.8,74.6,68.1,58.1,71,High,R,Zack Littell,WSN,obr_tier
7.63,7.75,3.13,0.84,,12.5,9.3,8.28,4.6,10,39.6,96.9,34.3,641793,48.2,38.7,47.1,55.9,78.3,Low,R,Zack Littell,WSN,obr_tier
2.25,3.66,0.56,0.84,,17.2,9.4,1.2,5.33,3,53.3,101.8,40.7,641793,39.8,59.9,57.2,66.7,84.3,Mid,R,Zack Littell,WSN,obr_tier
6.18,6.92,2.69,0.84,,13.6,8.6,6.56,4.79,14,45,98.9,37.1,641793,48.1,45.8,50.8,58.4,79.1,R,R,Zack Littell,WSN,hand
6.57,7.32,2.92,0.84,,13.6,9.1,7.2,4.93,5,52.6,98.9,33.8,641793,50.1,51.8,52.9,56.3,79.4,away,R,Zack Littell,WSN,location
5.95,6.69,2.55,0.84,,13.6,8.4,6.2,4.7,9,40.8,98.9,39,641793,46.9,42.5,49.6,59.5,78.9,home,R,Zack Littell,WSN,location
0.96,2.21,0,0.73,,23.6,8.2,1.44,5.6,5,80.3,109.3,68,641816,59.9,81.6,72.2,70.4,89,High,R,Tyler Mahle,ATL,osi_tier
5.74,4.82,1.71,0.73,,22.4,9.2,5.24,5.27,11,26.8,90.5,15.8,641816,44.2,37,36.9,31.7,87.5,Low,R,Tyler Mahle,ATL,osi_tier
4.38,3.87,1.38,0.73,,24.2,6.2,3.86,5.57,7,47.1,104.1,35,641816,49,47.7,54,64.9,87.9,Mid,R,Tyler Mahle,ATL,osi_tier
0.39,2.54,0,0.73,,18.5,7.6,0.45,5.83,4,74,111.9,47.8,641816,73.3,73,69.4,62.5,91.2,High,R,Tyler Mahle,ATL,abq_tier
4.59,4.04,1.42,0.73,,25.5,8.1,4.32,5.49,15,35.4,97.8,30.3,641816,38.6,45.3,45,49.2,88.1,Low,R,Tyler Mahle,ATL,abq_tier
7.45,5.22,1.86,0.73,,19,8.3,6.3,4.83,4,49.9,89.1,28.2,641816,64,44.4,48.3,41.7,84,Mid,R,Tyler Mahle,ATL,abq_tier
2.92,3.22,0.9,0.73,,25.3,7,3.34,5.71,7,62.8,107.3,51.9,641816,44.7,63.9,63,75,85.1,High,R,Tyler Mahle,ATL,rcv_tier
5.74,4.82,1.71,0.73,,22.4,9.2,5.24,5.27,11,26.8,90.5,15.8,641816,44.2,37,36.9,31.7,87.5,Low,R,Tyler Mahle,ATL,rcv_tier
3,3.1,0.67,0.73,,22.1,7.1,2.16,5.4,5,58.3,104.9,44.3,641816,65.8,58.8,59.7,56.3,92.8,Mid,R,Tyler Mahle,ATL,rcv_tier
0.96,2.21,0,0.73,,23.6,8.2,1.44,5.6,5,80.3,109.3,68,641816,59.9,81.6,72.2,70.4,89,High,R,Tyler Mahle,ATL,obr_tier
5.03,4.51,1.58,0.73,,22.3,8,4.55,5.37,17,34,95.6,22.6,641816,46.1,40.4,43,43.8,86.9,Low,R,Tyler Mahle,ATL,obr_tier
7.94,3.28,1.59,0.73,,36,8,7.2,5.67,1,46.2,97.8,33.8,641816,45.1,54.5,53.2,57.6,99,Mid,R,Tyler Mahle,ATL,obr_tier
4.25,3.94,1.22,0.73,,23.2,8.1,3.99,5.43,23,44.6,98.7,33,641816,49.1,49.9,49.8,50.2,87.9,R,R,Tyler Mahle,ATL,hand
6.16,4.19,1.47,0.73,,23,7.7,5.4,5.11,12,45.3,97.6,33.1,641816,51.1,48,49,48.6,87,away,R,Tyler Mahle,ATL,location
2.4,3.7,0.99,0.73,,23.5,8.5,2.45,5.79,11,43.9,99.9,32.9,641816,46.8,52,50.7,51.9,88.9,home,R,Tyler Mahle,ATL,location
9,-0.9,0,0.64,,33.3,0,3.6,1,1,83.5,120.7,53.6,641835,46,70.5,73,95.1,24,High,L,Tim Mayza,PHI,osi_tier
0,2.2,0,0.64,,21.4,7.1,1.8,1.67,2,30,94.5,19.2,641835,28.1,27.4,38.7,59.1,29.5,Low,L,Tim Mayza,PHI,osi_tier
0,2.1,0,0.64,,16.7,0,1.8,2,1,76.2,104,86.8,641835,33.2,63.4,58.9,72.1,20,Mid,L,Tim Mayza,PHI,osi_tier
1.42,1.68,0,0.64,,23.1,3.8,2.25,1.58,4,55,103.4,44.7,641835,33.8,47.1,52.3,71.3,25.8,Low,L,Tim Mayza,PHI,abq_tier
3,1.1,0,0.64,,25,0,2.7,1.5,2,79.9,112.4,70.2,641835,39.6,66.9,65.9,83.6,22,High,L,Tim Mayza,PHI,rcv_tier
0,2.2,0,0.64,,21.4,7.1,1.8,1.67,2,30,94.5,19.2,641835,28.1,27.4,38.7,59.1,29.5,Mid,L,Tim Mayza,PHI,rcv_tier
3,1.1,0,0.64,,25,0,2.7,1.5,2,79.9,112.4,70.2,641835,39.6,66.9,65.9,83.6,22,High,L,Tim Mayza,PHI,obr_tier
0,2.2,0,0.64,,21.4,7.1,1.8,1.67,2,30,94.5,19.2,641835,28.1,27.4,38.7,59.1,29.5,Low,L,Tim Mayza,PHI,obr_tier
1.42,1.68,0,0.64,,23.1,3.8,2.25,1.58,4,55,103.4,44.7,641835,33.8,47.1,52.3,71.3,25.8,L,L,Tim Mayza,PHI,hand
3.86,0.53,0,0.64,,27.3,0,1.8,1.17,2,58.8,109.5,38.3,641835,41.5,53.4,59.2,78.2,25,away,L,Tim Mayza,PHI,location
0,2.35,0,0.64,,20,6.7,2.7,2,2,51.1,97.3,51.1,641835,26.2,40.8,45.5,64.5,26.5,home,L,Tim Mayza,PHI,location
5.87,5.38,1.76,0.73,,16.4,9,4.2,5.11,3,82.4,108.7,53.8,641927,60.3,74.2,68.9,68.9,82.3,High,R,Bailey Ober,MIN,osi_tier
3.05,3.58,1.09,0.73,,21.6,5.4,3.6,5.9,7,39,92.2,33.9,641927,48.9,40.4,41.2,36.5,88.4,Low,R,Bailey Ober,MIN,osi_tier
4.92,5.11,1.59,0.73,,13.2,6.6,5.07,5.15,11,51.2,104,43.3,641927,51.1,49.8,55.1,63.9,84.6,Mid,R,Bailey Ober,MIN,osi_tier
4.8,5.83,1.8,0.73,,12.7,9.5,4.8,5,3,56.4,110.3,34.7,641927,75.8,53.2,59.4,55,80.7,High,R,Bailey Ober,MIN,abq_tier
4.67,4.85,1.75,0.73,,18.3,6.1,4.91,5.61,11,52.2,99.7,39.3,641927,41.1,51.4,51.3,58.6,88.1,Low,R,Bailey Ober,MIN,abq_tier
3.68,3.65,0.74,0.73,,15.1,5.9,3.6,5.24,7,48.5,98.3,48.4,641927,58.1,46.9,51.1,50.9,83.7,Mid,R,Bailey Ober,MIN,abq_tier
6.82,6.13,2.37,0.73,,13.1,5.8,6.3,5.06,6,60.4,106.3,47.7,641927,39.3,55.1,58.3,75.6,85.7,High,R,Bailey Ober,MIN,rcv_tier
3.9,4.15,1.39,0.73,,21,6.5,4.2,5.39,6,38.7,90.4,33.1,641927,49.7,41.1,39.9,31.7,88.3,Low,R,Bailey Ober,MIN,rcv_tier
3.2,3.95,0.89,0.73,,15.8,6.9,3.4,5.63,9,54.3,103.9,43.4,641927,61.4,52.9,56.8,58,83.7,Mid,R,Bailey Ober,MIN,rcv_tier
4.35,5.23,1.74,0.73,,18.2,9.1,3.6,5.17,2,81.8,108.9,54,641927,65.9,80.4,69.7,60.4,82.5,High,R,Bailey Ober,MIN,obr_tier
3.63,3.88,0.94,0.73,,16.2,6.1,4.05,5.58,12,43.9,100.5,39.8,641927,54.9,41.7,49.2,53.7,87.5,Low,R,Bailey Ober,MIN,obr_tier
5.75,5.74,2.25,0.73,,16.7,6.4,5.4,5.14,7,56.1,98.8,41.4,641927,42.2,56,52.9,57.2,83.1,Mid,R,Bailey Ober,MIN,obr_tier
4.37,4.59,1.43,0.73,,16.6,6.5,4.46,5.4,21,51.6,100.7,41.7,641927,51.7,50.2,52.4,55.5,85.6,R,R,Bailey Ober,MIN,hand
6.2,5.39,1.8,0.73,,12.6,6.1,5.6,5,9,56.4,102.1,41,641927,51.2,55.2,55.3,58.3,82,away,R,Bailey Ober,MIN,location
3.16,4.07,1.19,0.73,,19.4,6.8,3.6,5.69,12,48,99.7,42.2,641927,52.1,46.4,50.3,53.4,88.2,home,R,Bailey Ober,MIN,location
4.5,2.1,0,0.75,,14.3,0,1.8,2,1,50.6,86.8,19.7,642121,68.4,46.2,49.5,39.9,27,Low,R,Cole Sulser,TBR,osi_tier
0,3.6,0,0.75,,11.1,11.1,0,2,1,59.1,104.1,54.6,642121,36.2,50.4,57.6,81.1,36,Mid,R,Cole Sulser,TBR,osi_tier
0,3.6,0,0.75,,11.1,11.1,0,2,1,59.1,104.1,54.6,642121,36.2,50.4,57.6,81.1,36,Low,R,Cole Sulser,TBR,abq_tier
4.5,2.1,0,0.75,,14.3,0,1.8,2,1,50.6,86.8,19.7,642121,68.4,46.2,49.5,39.9,27,Mid,R,Cole Sulser,TBR,abq_tier
0,3.6,0,0.75,,11.1,11.1,0,2,1,59.1,104.1,54.6,642121,36.2,50.4,57.6,81.1,36,High,R,Cole Sulser,TBR,rcv_tier
4.5,2.1,0,0.75,,14.3,0,1.8,2,1,50.6,86.8,19.7,642121,68.4,46.2,49.5,39.9,27,Low,R,Cole Sulser,TBR,rcv_tier
4.5,2.1,0,0.75,,14.3,0,1.8,2,1,50.6,86.8,19.7,642121,68.4,46.2,49.5,39.9,27,Low,R,Cole Sulser,TBR,obr_tier
0,3.6,0,0.75,,11.1,11.1,0,2,1,59.1,104.1,54.6,642121,36.2,50.4,57.6,81.1,36,Mid,R,Cole Sulser,TBR,obr_tier
2.25,2.85,0,0.75,,12.5,6.2,0.9,2,2,54.8,95.5,37.1,642121,52.3,48.3,53.5,60.5,31.5,R,R,Cole Sulser,TBR,hand
0,3.6,0,0.75,,11.1,11.1,0,2,1,59.1,104.1,54.6,642121,36.2,50.4,57.6,81.1,36,away,R,Cole Sulser,TBR,location
4.5,2.1,0,0.75,,14.3,0,1.8,2,1,50.6,86.8,19.7,642121,68.4,46.2,49.5,39.9,27,home,R,Cole Sulser,TBR,location
0,2.35,0,0.64,,10,0,0,2.67,1,98.5,102.3,57.3,642232,59.3,82.9,68.7,59.2,36,High,L,Ryan Yarbrough,NYY,osi_tier
0,2.35,0,0.64,,10,0,0,2.67,1,98.5,102.3,57.3,642232,59.3,82.9,68.7,59.2,36,Mid,L,Ryan Yarbrough,NYY,abq_tier
0,2.35,0,0.64,,10,0,0,2.67,1,98.5,102.3,57.3,642232,59.3,82.9,68.7,59.2,36,Mid,L,Ryan Yarbrough,NYY,rcv_tier
0,2.35,0,0.64,,10,0,0,2.67,1,98.5,102.3,57.3,642232,59.3,82.9,68.7,59.2,36,High,L,Ryan Yarbrough,NYY,obr_tier
0,2.35,0,0.64,,10,0,0,2.67,1,98.5,102.3,57.3,642232,59.3,82.9,68.7,59.2,36,L,L,Ryan Yarbrough,NYY,hand
0,2.35,0,0.64,,10,0,0,2.67,1,98.5,102.3,57.3,642232,59.3,82.9,68.7,59.2,36,home,L,Ryan Yarbrough,NYY,location
4.55,4.55,1.14,0.77,,19.1,11.3,3.9,5.28,6,85.1,109.2,59.8,642547,58.1,80.1,71.1,70.2,96.2,High,R,Freddy Peralta,TBR,osi_tier
6.37,4.45,1.52,0.77,,22.8,9.1,6.51,5,13,30.5,95,26.9,642547,43.9,38.3,40,39.1,91.4,Low,R,Freddy Peralta,TBR,osi_tier
3.4,4.03,1.43,0.77,,22.1,5.4,4.4,5.59,9,52,104.6,43.2,642547,43,50.8,55.2,69,91.8,Mid,R,Freddy Peralta,TBR,osi_tier
8.68,5.24,1.93,0.77,,19.6,8.7,7.2,4.67,2,86.8,113.6,55.9,642547,69.9,85.2,75.2,67.5,100,High,R,Freddy Peralta,TBR,abq_tier
4.92,4.39,1.5,0.77,,22.9,8.4,5.49,5.4,20,43.1,99.9,35,642547,40.9,47.3,48.3,54.6,90.8,Low,R,Freddy Peralta,TBR,abq_tier
3.94,3.84,0.91,0.77,,18.7,8.2,3.9,4.94,6,56.5,101.1,47.6,642547,57.8,53.1,54.6,54,96,Mid,R,Freddy Peralta,TBR,abq_tier
3.72,4.25,1.29,0.77,,21.8,8.7,4.5,5.57,10,63,106.2,48.1,642547,44,59.9,60.5,73.2,91.2,High,R,Freddy Peralta,TBR,rcv_tier
7.5,5.13,1.75,0.77,,20.8,10.4,7.2,4.5,8,21.2,92.1,19.9,642547,44.9,35.7,35,27.1,86.9,Low,R,Freddy Peralta,TBR,rcv_tier
4.55,3.9,1.3,0.77,,22.4,6.6,4.5,5.53,10,57.5,103.3,45.8,642547,50.7,55.2,55.8,60.2,98.4,Mid,R,Freddy Peralta,TBR,rcv_tier
5.26,5.01,1.4,0.77,,18.1,11.2,3.6,5.13,5,85.4,109.4,61.1,642547,59.9,83.8,71.9,67.1,97.4,High,R,Freddy Peralta,TBR,obr_tier
5.07,4.08,1.45,0.77,,22.8,6.7,5.59,5.23,19,37.1,99,32.6,642547,44.1,41.1,45.3,51,92,Low,R,Freddy Peralta,TBR,obr_tier
4.09,4.69,1.23,0.77,,21.7,13,5.85,5.5,4,60.6,100.7,42.9,642547,42.1,59.3,55.6,61.3,89,Mid,R,Freddy Peralta,TBR,obr_tier
4.96,4.33,1.41,0.77,,21.8,8.4,5.27,5.25,28,49.1,101.1,39.2,642547,46.6,51.3,51.5,55.4,92.5,R,R,Freddy Peralta,TBR,hand
6.19,5.02,1.98,0.77,,20.7,6.7,6.51,5.26,13,41.9,100.7,36.8,642547,46.6,46.4,47.9,50.4,93.4,away,R,Freddy Peralta,TBR,location
3.89,3.74,0.92,0.77,,22.7,9.9,4.2,5.24,15,55.3,101.5,41.3,642547,46.7,55.5,54.7,59.6,91.8,home,R,Freddy Peralta,TBR,location
4.5,4.6,2.7,0.72,,41.7,5.6,4.5,5,2,79.9,106.4,70.2,643377,48,74.1,71.9,86.2,75,High,R,Griffin Jax,TBR,osi_tier
2.93,2.82,0.2,0.72,,20.7,9.3,3.06,4.6,10,30.4,96.4,29.5,643377,44,30.5,39.2,45.8,68.8,Low,R,Griffin Jax,TBR,osi_tier
3.68,4.26,2.15,0.72,,29.3,4.1,5.66,4.19,7,54.1,102.3,48.1,643377,47.3,53,57,68.3,63.4,Mid,R,Griffin Jax,TBR,osi_tier
3.98,3.49,1.28,0.72,,27.7,6.8,4.56,4.22,15,47.7,100.7,37.2,643377,41.4,47.3,51,62.1,64.9,Low,R,Griffin Jax,TBR,abq_tier
1.64,3.6,0.82,0.72,,20.5,8,2.7,5.5,4,31.7,95.5,53.6,643377,61.4,28.8,42.5,44.5,77,Mid,R,Griffin Jax,TBR,abq_tier
4.06,4.39,2.32,0.72,,33.3,4.9,4.95,3.88,8,58.5,104.9,48.1,643377,41.2,55.8,59.7,77.4,60,High,R,Griffin Jax,TBR,rcv_tier
3.78,2.71,0.27,0.72,,21.4,8.3,4.11,4.76,7,28,93.5,29.3,643377,45.7,28.9,35.7,36.3,73.1,Low,R,Griffin Jax,TBR,rcv_tier
1.71,3.53,0.86,0.72,,22.6,8.3,2.7,5.25,4,44.4,99.7,45.6,643377,54.3,44,51.8,58.9,72.5,Mid,R,Griffin Jax,TBR,rcv_tier
5.4,2.9,1.8,0.72,,55.6,11.1,5.4,5,1,76.2,104.6,86.8,643377,43.6,82.6,72.2,81,81,High,R,Griffin Jax,TBR,obr_tier
2.48,3.56,0.83,0.72,,22.3,8.9,3.45,4.53,12,34.9,99.5,35.8,643377,47.2,33,44.6,56,67.2,Low,R,Griffin Jax,TBR,obr_tier
4.85,3.56,1.73,0.72,,28.2,2.7,5.4,4.33,6,57.8,98.9,42.6,643377,42.8,57.8,54.6,59.4,65.8,Mid,R,Griffin Jax,TBR,obr_tier
3.37,3.52,1.16,0.72,,25.9,7.1,4.17,4.49,19,44.3,99.6,40.6,643377,45.6,43.4,49.2,58.4,67.5,R,R,Griffin Jax,TBR,hand
3.32,3.15,0.71,0.72,,20.8,5.8,3.82,4.75,8,35,95.2,38.6,643377,47.1,34.9,40.5,42.3,65.9,away,R,Griffin Jax,TBR,location
3.42,3.82,1.52,0.72,,29.8,8.1,4.42,4.3,11,51.1,102.8,42.1,643377,44.6,49.6,55.5,70.1,68.6,home,R,Griffin Jax,TBR,location
3.5,4.16,0.75,0.66,,15,9.8,4.2,6,6,83.3,110.4,54.5,645261,61.2,73.2,71.4,76.7,97.2,High,R,Sandy Alcantara,MIA,osi_tier
3.08,3.55,0.72,0.66,,17.1,6.6,3,6.62,15,24.7,93.6,20,645261,39.4,32.7,36.4,38.4,99.6,Low,R,Sandy Alcantara,MIA,osi_tier
4.14,3.49,1.16,0.66,,21.2,3.6,4.5,6.79,8,51.3,106.5,39.8,645261,51.4,49.8,57,69.1,98.2,Mid,R,Sandy Alcantara,MIA,osi_tier
1.8,3.6,0.6,0.66,,19.8,10.3,2.52,6,5,68.6,111.6,43.2,645261,75.1,67.2,67,61.2,99.2,High,R,Sandy Alcantara,MIA,abq_tier
3.19,3.37,0.64,0.66,,17.4,6.2,3.6,6.71,21,39.5,98.4,28,645261,39,42,45.5,54,99,Low,R,Sandy Alcantara,MIA,abq_tier
8.2,5.83,2.89,0.66,,18.3,1.2,6,6.22,3,36.4,98.2,47.3,645261,58.1,36.4,46.4,49.6,96,Mid,R,Sandy Alcantara,MIA,abq_tier
4.54,3.82,1.1,0.66,,17.3,4.6,4.58,6.67,11,62.2,106.9,43.3,645261,43.6,55.4,60.3,77.8,99.9,High,R,Sandy Alcantara,MIA,rcv_tier
2.71,3.26,0.52,0.66,,17.8,7.1,2.77,6.64,13,23.4,92,19.8,645261,40.5,32.9,35,33.6,98.3,Low,R,Sandy Alcantara,MIA,rcv_tier
3,4.33,1.2,0.66,,19.4,8.9,3.96,6,5,58.5,109.1,42.3,645261,72.6,58.1,62.2,59.4,97.2,Mid,R,Sandy Alcantara,MIA,rcv_tier
2.65,5.34,1.06,0.66,,15.8,15.8,3,5.67,3,83,112.5,55.4,645261,72.1,83.2,74.2,65.6,101.7,High,R,Sandy Alcantara,MIA,obr_tier
3.44,3.75,1.01,0.66,,18.1,5.5,3.33,6.67,20,31,98.1,24.5,645261,43.8,35.8,41.9,47.5,99,Low,R,Sandy Alcantara,MIA,obr_tier
3.89,2.57,0.23,0.66,,17.9,4.9,5.1,6.56,6,68.6,103.3,48.2,645261,46.1,60.3,61.5,73.7,96.5,Mid,R,Sandy Alcantara,MIA,obr_tier
3.46,3.65,0.85,0.66,,17.9,6.4,3.66,6.54,29,44.2,100.6,32.6,645261,47.2,45.8,49.3,54.8,98.7,R,R,Sandy Alcantara,MIA,hand
4.22,4.26,1.23,0.66,,16.3,6.1,3.94,6.4,16,45.4,101.8,33.8,645261,46,44.7,49.3,56.8,100.7,away,R,Sandy Alcantara,MIA,location
2.58,2.93,0.41,0.66,,19.8,6.7,3.32,6.72,13,42.7,99.2,31.2,645261,48.7,47.1,49.3,52.4,96.3,home,R,Sandy Alcantara,MIA,location
4.5,2.1,0,0.61,,11.1,0,1.8,2,1,50.6,86.8,19.7,647315,60.1,40.6,43.5,35,37,Low,R,Zach Pop,PHI,osi_tier
4.5,2.1,0,0.61,,11.1,0,1.8,2,1,50.6,86.8,19.7,647315,60.1,40.6,43.5,35,37,Mid,R,Zach Pop,PHI,abq_tier
4.5,2.1,0,0.61,,11.1,0,1.8,2,1,50.6,86.8,19.7,647315,60.1,40.6,43.5,35,37,Low,R,Zach Pop,PHI,rcv_tier
4.5,2.1,0,0.61,,11.1,0,1.8,2,1,50.6,86.8,19.7,647315,60.1,40.6,43.5,35,37,Low,R,Zach Pop,PHI,obr_tier
4.5,2.1,0,0.61,,11.1,0,1.8,2,1,50.6,86.8,19.7,647315,60.1,40.6,43.5,35,37,R,R,Zach Pop,PHI,hand
4.5,2.1,0,0.61,,11.1,0,1.8,2,1,50.6,86.8,19.7,647315,60.1,40.6,43.5,35,37,home,R,Zach Pop,PHI,location
7.31,4.72,1.69,0.66,,19.4,6.9,7.8,5.33,3,85.7,111.8,55.1,647336,64.3,79,74,75.3,93,High,R,Michael Soroka,ARI,osi_tier
3.16,2.42,0.35,0.66,,23,5.4,3.6,5.7,9,18.1,93.7,15.6,647336,38.6,31.3,33.4,32,87.7,Low,R,Michael Soroka,ARI,osi_tier
1.61,2.28,0.32,0.66,,25.2,6.7,2.4,4.67,6,51.9,106.6,47.7,647336,44.6,49.1,56.2,72.7,77.2,Mid,R,Michael Soroka,ARI,osi_tier
12,5.21,2,0.66,,17.4,6.5,10.8,4.5,2,86.8,113.6,55.9,647336,71,86.6,76.4,68.7,89.5,High,R,Michael Soroka,ARI,abq_tier
2.49,2.37,0.39,0.66,,25.3,6.1,3.18,5.28,13,34.3,99,24.7,647336,38.3,41.1,43.5,49.8,83.6,Low,R,Michael Soroka,ARI,abq_tier
2.55,3.04,0.51,0.66,,18.1,5.6,2.4,5.89,3,37.2,101.5,53,647336,56,35.4,47.4,55,88.3,Mid,R,Michael Soroka,ARI,abq_tier
2.23,2.71,0.74,0.66,,25.3,4.8,3.09,5.19,7,60.4,108.3,43.9,647336,44.2,54.6,60.3,78.2,82.1,High,R,Michael Soroka,ARI,rcv_tier
3.18,2.46,0.4,0.66,,24.2,6,3.6,5.67,8,17.1,92.6,15.6,647336,40.1,32.6,32.4,26.8,88.2,Low,R,Michael Soroka,ARI,rcv_tier
7.24,3.9,0.66,0.66,,14.9,9,6.6,4.56,3,57.2,106.5,53.4,647336,59.4,56.8,59.5,62.7,83.3,Mid,R,Michael Soroka,ARI,rcv_tier
12,5.21,2,0.66,,17.4,6.5,10.8,4.5,2,86.8,113.6,55.9,647336,71,86.6,76.4,68.7,89.5,High,R,Michael Soroka,ARI,obr_tier
2.66,2.44,0.36,0.66,,23.6,6,3.21,5.31,14,29.6,98.5,26.6,647336,41.3,37.5,41.3,45.7,82.2,Low,R,Michael Soroka,ARI,obr_tier
1.5,2.93,0.75,0.66,,25,6.2,1.8,6,2,71.3,106.2,54.1,647336,44.1,57.8,64.3,86.1,100.5,Mid,R,Michael Soroka,ARI,obr_tier
3.4,2.76,0.57,0.66,,23,6.1,3.9,5.3,18,40.6,101,32.9,647336,44.9,45.2,47.8,52.8,85.1,R,R,Michael Soroka,ARI,hand
4.35,2.34,0.46,0.66,,24.7,4.9,4.89,5.62,7,32.9,98.5,24.6,647336,42.6,38.8,42,45.3,87.9,away,R,Michael Soroka,ARI,location
2.73,3.06,0.64,0.66,,21.9,6.9,3.27,5.09,11,45.5,102.6,38.2,647336,46.4,49.3,51.4,57.5,83.3,home,R,Michael Soroka,ARI,location
3.72,2.89,0.31,0.65,,21.8,9.2,2.16,5.8,5,90.8,113.8,56,650633,67.4,88,79.2,77.6,88.2,High,R,Michael King,SDP,osi_tier
3.3,4.69,1.55,0.65,,20.6,8.5,3.36,5.82,15,38.9,92.1,23.3,650633,45.5,42.3,43.3,43,94.7,Low,R,Michael King,SDP,osi_tier
2.36,3.28,0.39,0.65,,22.2,11.6,1.35,5.71,8,50.2,105.2,46.5,650633,46.6,50.7,57.9,74.1,92.8,Mid,R,Michael King,SDP,osi_tier
2.74,2.32,0,0.65,,25.5,10.6,2.25,5.75,4,92.7,115.2,56.6,650633,72,94.6,82.2,75.5,91,High,R,Michael King,SDP,abq_tier
3.49,4.25,1.1,0.65,,20.1,9.8,2.65,5.76,17,42.7,98.3,30.6,650633,40,45.7,48.4,57.5,91.8,Low,R,Michael King,SDP,abq_tier
2.41,4.22,1.32,0.65,,21.9,8.3,2.57,5.86,7,48.8,94.3,36.4,650633,60.6,46.3,51,49.5,97,Mid,R,Michael King,SDP,abq_tier
3.47,3.29,0.47,0.65,,23.1,11.4,1.8,5.7,10,67.8,110.1,46.4,650633,50.7,67.3,67.9,80.8,88.3,High,R,Michael King,SDP,rcv_tier
3.6,5.02,1.8,0.65,,20.8,8.3,3.6,5.91,11,36,89.5,19.1,650633,46.5,40,40.4,36.6,96.7,Low,R,Michael King,SDP,rcv_tier
1.8,3.22,0.45,0.65,,19.6,8.9,2.06,5.71,7,52.1,101.1,46.7,650633,53.3,52.5,55.1,59.4,93.9,Mid,R,Michael King,SDP,rcv_tier
2.74,2.32,0,0.65,,25.5,10.6,2.25,5.75,4,92.7,115.2,56.6,650633,72,94.6,82.2,75.5,91,High,R,Michael King,SDP,obr_tier
2.67,4.27,1.19,0.65,,21.3,9.7,2.74,5.78,21,41.9,96.8,30.3,650633,46.1,44.4,48.1,53.8,94.8,Low,R,Michael King,SDP,obr_tier
6.62,4.06,1.02,0.65,,16.2,6.8,1.8,5.89,3,62.6,99.7,45.9,650633,45.1,56.3,56.3,64.5,83.3,Mid,R,Michael King,SDP,obr_tier
3.11,3.97,1,0.65,,21.3,9.5,2.57,5.79,28,51.4,99.7,35.7,650633,49.7,52.9,53.9,58.1,93,R,R,Michael King,SDP,hand
3.29,4.16,1.02,0.65,,19.9,9.9,2.31,5.67,14,51.8,97.8,35.7,650633,49.9,49.6,50.7,52.4,93.9,away,R,Michael King,SDP,location
2.94,3.79,0.98,0.65,,22.7,9.1,2.83,5.9,14,50.9,101.6,35.8,650633,49.5,56.1,57.1,63.7,92.1,home,R,Michael King,SDP,location
1.8,5.7,1.8,0.83,,27.3,18.2,1.8,5,1,76.2,104.6,86.8,650644,41,77.6,67.9,76.1,88,High,R,Aaron Civale,ATH,osi_tier
5.44,6.5,2.82,0.83,,15.4,5.1,5.4,4.96,9,31.2,99.2,23.7,650644,38.4,31.6,43.2,59.7,80.1,Low,R,Aaron Civale,ATH,osi_tier
5.16,3.14,0.4,0.83,,16.4,7.3,5.04,4.53,5,51.6,104.4,49.2,650644,46.2,53.7,59.1,74.4,89,Mid,R,Aaron Civale,ATH,osi_tier
6.07,5.69,2.24,0.83,,17.2,6.9,5.85,4.69,12,39.5,102.1,33.6,650644,36.4,40.1,48.9,67.8,82.2,Low,R,Aaron Civale,ATH,abq_tier
1.69,4.35,1.12,0.83,,13.6,6.1,1.8,5.33,3,47.3,98.4,47.5,650644,60.6,49.8,55.1,57.3,89,Mid,R,Aaron Civale,ATH,abq_tier
5.4,4.41,1.35,0.83,,18.9,8.3,5.1,4.44,6,48.3,105.1,42.8,650644,34.9,48.6,56.2,80.1,86.5,High,R,Aaron Civale,ATH,rcv_tier
3.74,5.87,2.08,0.83,,11.2,5.6,4.5,5.42,4,26.6,94.2,17.9,650644,36.7,27.9,36.9,47.3,79.8,Low,R,Aaron Civale,ATH,rcv_tier
6,6.06,2.62,0.83,,17.9,5.7,5.4,4.8,5,43.8,102.5,43.5,650644,52.4,45.5,53.4,63.2,83.2,Mid,R,Aaron Civale,ATH,rcv_tier
1.8,5.7,1.8,0.83,,27.3,18.2,1.8,5,1,76.2,104.6,86.8,650644,41,77.6,67.9,76.1,88,High,R,Aaron Civale,ATH,obr_tier
5.46,5.89,2.34,0.83,,14.9,5.5,5.4,4.81,12,35.3,100.6,30,650644,41.8,36.5,47,62.6,80.5,Low,R,Aaron Civale,ATH,obr_tier
4.66,2.27,0,0.83,,20,8,4.5,4.83,2,57.9,104,49.4,650644,37.7,57.8,60.2,79,100,Mid,R,Aaron Civale,ATH,obr_tier
5.1,5.39,1.99,0.83,,16.5,6.7,5.04,4.82,15,41,101.3,36.4,650644,41.2,42,50.1,65.7,83.6,R,R,Aaron Civale,ATH,hand
3.6,5,1.8,0.83,,18.9,7.1,3.6,5,8,38.6,100.2,33.9,650644,35.6,38.5,45.2,59.9,83.4,away,R,Aaron Civale,ATH,location
6.96,5.88,2.23,0.83,,13.9,6.3,6.69,4.62,7,43.8,102.6,39.3,650644,47.6,46.1,55.7,72.3,83.9,home,R,Aaron Civale,ATH,location
5.06,3.88,1.41,0.65,,24.8,7.8,4.8,5.33,6,87.7,117.7,54.2,650911,50.4,74.6,70.3,79.7,96.8,High,L,Cristopher Sánchez,PHI,osi_tier
1.65,1.83,0.46,0.65,,30,3.8,2.52,6.53,15,34.2,92.5,29.9,650911,33.2,30.6,37.9,49.6,93.5,Low,L,Cristopher Sánchez,PHI,osi_tier
2.58,2.97,0.79,0.65,,25.7,6.6,2.83,6.48,7,59.7,94.7,49.6,650911,48.5,62.2,56,54.4,98.4,Mid,L,Cristopher Sánchez,PHI,osi_tier
6.35,7.16,3.18,0.65,,12,4,7.2,5.67,1,75.2,90.7,54.5,650911,71.4,76,61.5,37.8,98,High,L,Cristopher Sánchez,PHI,abq_tier
1.55,1.72,0.28,0.65,,30.2,5.4,2.07,6.38,20,46.9,98.5,35.5,650911,33.7,41.9,46.1,59.7,94.6,Low,L,Cristopher Sánchez,PHI,abq_tier
4.93,4.24,1.71,0.65,,23.2,5.4,5.4,6,7,63.5,99.4,50.9,650911,56.4,61.2,57.1,53,97.6,Mid,L,Cristopher Sánchez,PHI,abq_tier
3.66,3.36,0.96,0.65,,27.6,10,4.05,5.83,8,75.9,113.6,53.3,650911,41.6,63.7,63.4,78.7,97.4,High,L,Cristopher Sánchez,PHI,rcv_tier
1.51,2.33,0.65,0.65,,27,3.1,1.8,6.94,6,38.6,84.9,35.9,650911,47.9,45.3,40.9,30.8,98,Low,L,Cristopher Sánchez,PHI,rcv_tier
2.38,2.12,0.62,0.65,,28.3,3.6,3.09,6.21,14,44.2,95.7,34.3,650911,37.1,40,45,56.3,93.3,Mid,L,Cristopher Sánchez,PHI,rcv_tier
4.8,4.03,1.42,0.65,,23,7.2,4.8,5.63,9,81.9,110.3,57.3,650911,51.3,72.7,66.9,71.3,98.1,High,L,Cristopher Sánchez,PHI,obr_tier
1.65,1.83,0.46,0.65,,30,3.8,2.52,6.53,15,34.2,92.5,29.9,650911,33.2,30.6,37.9,49.6,93.5,Low,L,Cristopher Sánchez,PHI,obr_tier
1.35,2.05,0.34,0.65,,30.7,6.9,1.35,6.67,4,51.6,94.1,39.2,650911,44.9,57.1,53.1,54.4,96.8,Mid,L,Cristopher Sánchez,PHI,obr_tier
2.52,2.5,0.72,0.65,,27.8,5.4,3.09,6.26,28,52,98.5,40.1,650911,40.7,47.9,49.4,57.2,95.5,L,L,Cristopher Sánchez,PHI,hand
3.68,3.09,1.23,0.65,,27.5,4.2,4.5,6.11,12,50.9,97,41.4,650911,44.4,49.6,51.2,57.9,96.8,away,L,Cristopher Sánchez,PHI,location
1.68,2.08,0.35,0.65,,28.1,6.2,2.02,6.38,16,52.9,99.6,39.1,650911,37.9,46.6,48,56.7,94.5,home,L,Cristopher Sánchez,PHI,location
7.88,5.6,1.69,0.81,,17.3,12,6.75,4,4,86.4,110.7,54.7,656288,63.6,81.5,73.8,72.4,72,High,R,Griffin Canning,SDP,osi_tier
5.23,3.34,0.87,0.81,,24.7,8.2,4.5,5.17,4,38.1,91,25.6,656288,47.8,41.1,44.7,46.7,85,Low,R,Griffin Canning,SDP,osi_tier
7.9,6.61,2.63,0.81,,27.9,16.4,7.2,4.56,3,54.6,101.2,50.9,656288,45.2,53.5,57.1,69.8,77,Mid,R,Griffin Canning,SDP,osi_tier
12.15,5.2,1.35,0.81,,20.6,14.7,9,3.33,2,86.8,113.6,55.9,656288,72.9,89.3,78.7,70.8,68,High,R,Griffin Canning,SDP,abq_tier
6.1,5.62,2.03,0.81,,24.8,13.2,5.7,5.17,6,50.2,98.9,39.1,656288,40.8,48.9,52.4,64.7,84.8,Low,R,Griffin Canning,SDP,abq_tier
5.68,3.18,0.71,0.81,,20.7,6.9,4.8,4.22,3,62.3,96.7,42.3,656288,63.4,59.6,57.9,52,71.3,Mid,R,Griffin Canning,SDP,abq_tier
6.3,6.55,2.7,0.81,,25,13.1,6.3,5,4,74.5,108.3,52.4,656288,49.4,70.1,68.9,81.4,78.8,High,R,Griffin Canning,SDP,rcv_tier
3.31,3.65,1.1,0.81,,25.4,7.9,2.4,5.44,3,33.5,90.1,21.3,656288,49.3,37.1,42.3,43.3,85.7,Low,R,Griffin Canning,SDP,rcv_tier
11.57,4.17,0.64,0.81,,18.9,13.5,8.55,3.5,4,65.9,101.9,50.1,656288,58.9,64.9,60.8,57.5,71.8,Mid,R,Griffin Canning,SDP,rcv_tier
9,4.37,0.82,0.81,,18.5,13,7.2,3.67,3,87.4,111.6,55.1,656288,68.3,88,76,67.9,70.3,High,R,Griffin Canning,SDP,obr_tier
5.92,3.76,1.11,0.81,,24.3,8.7,5.04,4.87,5,40.1,92,31.2,656288,50.5,42.1,46.3,48,81,Low,R,Griffin Canning,SDP,obr_tier
6.6,7.3,3,0.81,,25,15.6,6.6,5,3,66.5,105.4,50.8,656288,41.2,58.7,62,80.7,81,Mid,R,Griffin Canning,SDP,obr_tier
6.79,4.95,1.61,0.81,,23.1,11.8,6.05,4.58,11,60.2,101,43.1,656288,52.8,59.2,58.7,62.3,78.1,R,R,Griffin Canning,SDP,hand
10.07,6.86,2.29,0.81,,18.6,15.5,8.28,3.93,5,70.4,105.1,51.9,656288,55.3,65.5,62.9,65.5,74.8,away,R,Griffin Canning,SDP,location
4.7,3.72,1.17,0.81,,26.6,8.9,4.2,5.11,6,51.7,97.5,35.7,656288,50.7,53.9,55.1,59.7,80.8,home,R,Griffin Canning,SDP,location
2.25,2.66,0.5,0.53,,36.2,14.2,2.1,6,6,81.8,108.1,70.9,656302,54.1,82,71.3,71.4,103.5,High,R,Dylan Cease,TOR,osi_tier
1.88,1.93,0.31,0.53,,35.8,10.1,2.31,6.14,14,35.6,95.3,25,656302,40.3,38.2,40.4,43.2,103.4,Low,R,Dylan Cease,TOR,osi_tier
3.15,3.1,1.31,0.53,,34.3,7.7,3.9,5.72,6,49.3,108,34.8,656302,51.7,46.5,55.4,68.3,94.2,Mid,R,Dylan Cease,TOR,osi_tier
1.88,3.06,0.75,0.53,,30.9,11.3,2.25,6,4,66.9,111.9,40.4,656302,74.7,64.4,65.8,61.1,100.5,High,R,Dylan Cease,TOR,abq_tier
2.56,2.34,0.6,0.53,,36.9,11,2.97,5.97,20,44.1,99.1,36.7,656302,39.3,45.8,47.2,54.6,102.2,Low,R,Dylan Cease,TOR,abq_tier
0,1.18,0,0.53,,31.1,2.2,0,6.5,2,67.1,101.1,44.6,656302,57.2,65.8,59.2,53,93.5,Mid,R,Dylan Cease,TOR,abq_tier
2.95,2.77,0.78,0.53,,36.7,12.7,3.06,5.8,10,59.6,106.6,51.9,656302,41.1,58.9,60.1,75.1,100.4,High,R,Dylan Cease,TOR,rcv_tier
2.36,1.9,0.34,0.53,,35.9,10.1,3,5.93,9,33,91.6,22,656302,41.1,37.3,36.6,32.7,103.2,Low,R,Dylan Cease,TOR,rcv_tier
1.2,2.34,0.6,0.53,,33.3,7.7,1.54,6.43,7,56,105.9,38.2,656302,59.7,54.4,56.5,56.7,100,Mid,R,Dylan Cease,TOR,rcv_tier
2.25,2.66,0.5,0.53,,36.2,14.2,2.1,6,6,81.8,108.1,70.9,656302,54.1,82,71.3,71.4,103.5,High,R,Dylan Cease,TOR,obr_tier
2.07,1.96,0.59,0.53,,37.5,7.9,2.64,6.09,15,36.9,102.1,25.7,656302,43.3,36.8,45.5,57,98.7,Low,R,Dylan Cease,TOR,obr_tier
2.79,3.2,0.62,0.53,,29.4,13.5,3.24,5.8,5,48,90.2,34.6,656302,44.9,52.3,43.2,31.7,106.4,Mid,R,Dylan Cease,TOR,obr_tier
2.25,2.35,0.58,0.53,,35.5,10.5,2.63,6.01,26,49.4,101.2,37.9,656302,46.1,50.2,51,55.5,101.3,R,R,Dylan Cease,TOR,hand
1.54,2.14,0.36,0.53,,34.6,10.3,2.1,6.33,12,53.5,100.8,43.8,656302,44.5,53.1,52.2,56.6,105.1,away,R,Dylan Cease,TOR,location
2.91,2.55,0.78,0.53,,36.4,10.6,3.09,5.74,14,45.9,101.6,32.8,656302,47.4,47.8,50,54.5,98,home,R,Dylan Cease,TOR,location
6.75,9.1,4.5,0.75,,22.2,11.1,5.4,4,1,88.5,107.5,53.4,656427,59.2,85.5,70.7,62.1,82,High,R,Jack Flaherty,DET,osi_tier
5.28,3.48,0.93,0.75,,26.5,10.6,5.12,4.46,13,33.8,95,25.7,656427,41.8,35.4,39.2,41.9,85.4,Low,R,Jack Flaherty,DET,osi_tier
2.59,3.88,1.11,0.75,,26.2,11.2,3.96,4.87,5,49.6,103.2,38.6,656427,52.1,49.5,53.7,59.8,89.4,Mid,R,Jack Flaherty,DET,osi_tier
0,1.9,0,0.75,,27.3,9.1,0,5,1,47,110.2,24.8,656427,77.1,41.9,54.5,52.9,94,High,R,Jack Flaherty,DET,abq_tier
4.91,3.84,1.16,0.75,,27.6,11.7,5.27,4.45,14,37.9,96.8,25.6,656427,39.2,40.2,42.3,47.1,86.6,Low,R,Jack Flaherty,DET,abq_tier
4.74,4.42,1.42,0.75,,20.8,7.8,4.5,4.75,4,49.4,98.3,49.1,656427,59.1,47.1,50.6,48.5,83,Mid,R,Jack Flaherty,DET,abq_tier
2.57,4.03,1.93,0.75,,35.5,9.7,4.2,4.67,3,49.4,105.9,35.7,656427,37.7,49,52.5,67.2,87,High,R,Jack Flaherty,DET,rcv_tier
5.32,4.05,1.23,0.75,,24,10,5.4,4.4,10,30.5,93.1,23.3,656427,42.2,32.5,36.4,36.7,84.3,Low,R,Jack Flaherty,DET,rcv_tier
4.45,3.45,0.64,0.75,,25.2,12.6,4.2,4.72,6,53.8,101.6,40,656427,54.6,53.4,54.7,56.1,89.2,Mid,R,Jack Flaherty,DET,rcv_tier
6.75,9.1,4.5,0.75,,22.2,11.1,5.4,4,1,88.5,107.5,53.4,656427,59.2,85.5,70.7,62.1,82,High,R,Jack Flaherty,DET,obr_tier
4.61,3.49,0.95,0.75,,26.2,10,4.24,4.74,14,35.3,98.2,27.8,656427,45,34.9,42.2,48.6,87.2,Low,R,Jack Flaherty,DET,obr_tier
3.94,4.04,1.12,0.75,,27.2,13.6,6.75,4,4,48.4,93.8,34.3,656427,43.5,54.8,47.1,41,84,Mid,R,Jack Flaherty,DET,obr_tier
4.59,3.85,1.15,0.75,,26.2,10.8,4.83,4.54,19,40.8,97.8,30.5,656427,45.4,41.7,44.7,47.7,86.3,R,R,Jack Flaherty,DET,hand
4.5,5.43,1.8,0.75,,20.9,12,4.68,4,10,47.6,98.9,30.5,656427,47.1,48.4,48.4,49.5,82.1,away,R,Jack Flaherty,DET,location
4.66,2.5,0.58,0.75,,31.3,9.6,5,5.15,9,33.3,96.6,30.5,656427,43.5,34.3,40.6,45.7,90.9,home,R,Jack Flaherty,DET,location
13.5,0.1,0,1.32,,25,0,12.6,0.67,1,15.8,90,21.1,656457,34.6,24.7,30,32.8,17,Low,L,Tyler Gilbert,CHW,osi_tier
13.5,0.1,0,1.32,,25,0,12.6,0.67,1,15.8,90,21.1,656457,34.6,24.7,30,32.8,17,Low,L,Tyler Gilbert,CHW,abq_tier
13.5,0.1,0,1.32,,25,0,12.6,0.67,1,15.8,90,21.1,656457,34.6,24.7,30,32.8,17,Low,L,Tyler Gilbert,CHW,rcv_tier
13.5,0.1,0,1.32,,25,0,12.6,0.67,1,15.8,90,21.1,656457,34.6,24.7,30,32.8,17,Low,L,Tyler Gilbert,CHW,obr_tier
13.5,0.1,0,1.32,,25,0,12.6,0.67,1,15.8,90,21.1,656457,34.6,24.7,30,32.8,17,L,L,Tyler Gilbert,CHW,hand
13.5,0.1,0,1.32,,25,0,12.6,0.67,1,15.8,90,21.1,656457,34.6,24.7,30,32.8,17,away,L,Tyler Gilbert,CHW,location
1.8,5.1,1.8,0.69,,27.3,13.6,1.8,5,1,98.5,102.3,57.3,656492,66.2,92.5,76.6,66,95,High,L,Foster Griffin,CLE,osi_tier
3.5,4.09,1.57,0.69,,22.7,4.7,3.6,5.72,18,36.8,92.3,33.2,656492,37.3,35,42,53.3,93.8,Low,L,Foster Griffin,CLE,osi_tier
2.72,3.66,0.78,0.69,,20,8.6,4.27,5.79,8,57.7,100.6,38.8,656492,55.4,57.9,58.3,60.7,91.1,Mid,L,Foster Griffin,CLE,osi_tier
1.57,3.84,0.39,0.69,,11.2,9,2.7,5.75,4,62.9,100.9,37.1,656492,70.9,60.3,61.2,55.3,86.8,High,L,Foster Griffin,CLE,abq_tier
3.75,4.12,1.63,0.69,,24.3,5.3,4.07,5.81,19,37.7,93.8,31.7,656492,34.7,37.3,43.1,55.6,95.1,Low,L,Foster Griffin,CLE,abq_tier
2.14,3.53,0.86,0.69,,21.6,8,3.15,5.25,4,63.6,96,53.6,656492,59.6,58.7,58.8,58.4,90,Mid,L,Foster Griffin,CLE,abq_tier
1.38,2.52,0.28,0.69,,20.3,4.9,1.8,6.53,5,52.7,104.8,33.2,656492,45.4,43,54.1,73.1,94.8,High,L,Foster Griffin,CLE,rcv_tier
2.14,4.5,1.34,0.69,,19.7,8.8,3,5.61,6,38.5,88,31.5,656492,49.1,50.6,44,32.8,93.8,Low,L,Foster Griffin,CLE,rcv_tier
4.3,4.35,1.74,0.69,,23.5,5.7,4.61,5.5,16,45.5,94.8,38.1,656492,41.2,41.7,47.7,59.3,92.2,Mid,L,Foster Griffin,CLE,rcv_tier
0.84,4.65,0.84,0.69,,14.6,12.4,3.15,5.33,4,77.2,93.9,53.9,656492,66.9,79,65.5,49.1,88.8,High,L,Foster Griffin,CLE,obr_tier
3.25,3.89,1.41,0.69,,22.4,4.7,3.34,5.79,21,39.1,94.6,32.9,656492,40.1,36.2,44.2,56.3,93,Low,L,Foster Griffin,CLE,obr_tier
7.15,3.89,1.59,0.69,,32.7,10.2,9,5.67,2,45.8,104.1,29.2,656492,36.2,54,53.8,66,102,Mid,L,Foster Griffin,CLE,obr_tier
3.21,3.99,1.34,0.69,,22.1,6.2,3.73,5.72,27,45.3,95.2,35.8,656492,43.8,43.9,48.1,56,93.1,L,L,Foster Griffin,CLE,hand
3.14,3.65,1.12,0.69,,22.4,6.1,3.47,5.74,14,43.6,95,35,656492,40.3,42.9,46.2,54.3,90.9,away,L,Foster Griffin,CLE,location
3.28,4.37,1.58,0.69,,21.7,6.2,4.02,5.69,13,47.1,95.3,36.6,656492,47.5,45,50.1,57.7,95.5,home,L,Foster Griffin,CLE,location
2.78,5.92,2.38,0.7,,24.4,11.1,2.52,4.53,5,83.1,107.4,60.2,656550,48.7,68.5,66.8,77.9,67.4,High,R,Grant Holmes,ATL,osi_tier
4.28,4.55,1.19,0.7,,16.5,9,5.16,5.04,15,27.7,93.9,21.3,656550,41.2,31.5,36.5,38.8,79.2,Low,R,Grant Holmes,ATL,osi_tier
3.07,4.4,0.92,0.7,,18.4,12,3,4.89,6,52.5,103.2,46.9,656550,40.7,51.5,55.3,70.2,84.8,Mid,R,Grant Holmes,ATL,osi_tier
3.5,4.63,1.31,0.7,,18.1,9.3,4.03,4.9,21,42.6,99.7,33.4,656550,38.3,42.9,46.3,55.9,78.1,Low,R,Grant Holmes,ATL,abq_tier
4.74,5.29,1.46,0.7,,19,13.3,4.68,4.93,5,50.6,94.5,40,656550,60.3,44.6,48.2,43.8,78.6,Mid,R,Grant Holmes,ATL,abq_tier
3.12,4.61,1.34,0.7,,20.2,10.1,3.2,4.48,9,63.8,106.4,50.7,656550,39.1,54.4,59.2,79.2,72.9,High,R,Grant Holmes,ATL,rcv_tier
4.24,4.86,1.41,0.7,,16.1,8.6,4.8,5.31,12,25.7,91.7,18.9,656550,42.2,31.9,34.5,32,83.5,Low,R,Grant Holmes,ATL,rcv_tier
3.42,4.75,1.14,0.7,,21,14,4.32,4.73,5,52.8,101.5,43.8,656550,49.5,50.4,53.2,59.1,75.2,Mid,R,Grant Holmes,ATL,rcv_tier
1.8,4.8,0.9,0.7,,18.4,15.8,1.8,5,2,82.4,106.1,70.1,656550,49.2,80.3,68.3,68.2,77.5,High,R,Grant Holmes,ATL,obr_tier
4.41,4.59,1.24,0.7,,17.1,9.1,5.18,4.98,16,29.1,95.8,24,656550,41.5,32.3,38.5,43.6,79.2,Low,R,Grant Holmes,ATL,obr_tier
2.84,5.1,1.66,0.7,,20.8,10.7,2.7,4.75,8,64.6,102.7,47.2,656550,42.9,55.9,57.6,69.9,76.5,Mid,R,Grant Holmes,ATL,obr_tier
3.74,4.76,1.34,0.7,,18.2,10,4.15,4.91,26,44.1,98.7,34.7,656550,42.5,43.2,46.7,53.6,78.2,R,R,Grant Holmes,ATL,hand
2.83,4.41,1.04,0.7,,18.2,10.5,3,5.03,12,45.4,99,36.1,656550,39.1,46.9,48.6,57.5,80.7,away,R,Grant Holmes,ATL,location
4.54,5.08,1.6,0.7,,18.3,9.6,5.14,4.81,14,43,98.4,33.5,656550,45.5,40.1,45,50.2,76.1,home,R,Grant Holmes,ATL,location
6.75,5.72,1.88,0.76,,16.7,10.5,6.12,4.8,5,83.4,109.7,61.2,656605,57.1,76,72.1,78.3,87.8,High,R,Mitch Keller,PIT,osi_tier
4.69,4.18,1.13,0.76,,16.6,6.6,4.68,5.57,10,35.1,90.6,23.7,656605,45.6,38.8,40.1,37.6,85.2,Low,R,Mitch Keller,PIT,osi_tier
5.25,3.66,0.75,0.76,,20,9.4,6.94,5.14,7,48.9,104.4,39,656605,51.2,50.8,56,65.5,85.1,Mid,R,Mitch Keller,PIT,osi_tier
5.62,3.29,0.56,0.76,,19.7,8.5,5.4,5.33,3,73.6,112.5,45.5,656605,74.9,73.1,70.7,64.9,93.3,High,R,Mitch Keller,PIT,abq_tier
5.3,4.55,1.33,0.76,,17.1,7.8,5.91,5.33,14,48.3,97.8,34.3,656605,41.2,50.6,50.2,56.4,83.4,Low,R,Mitch Keller,PIT,abq_tier
5.04,4.38,1.08,0.76,,18,9.9,5.4,5,5,42.6,95.7,39.7,656605,59.8,39.2,47.6,48.5,87.8,Mid,R,Mitch Keller,PIT,abq_tier
6.55,5.34,1.57,0.76,,17.6,11.5,7.2,4.9,7,70.7,107.4,51.4,656605,48.1,66,65.6,77.7,86.7,High,R,Mitch Keller,PIT,rcv_tier
4.5,3.76,0.82,0.76,,17.1,7.2,4.95,5.5,8,32.2,88.5,20.3,656605,46.3,36.8,37.8,33,84.6,Low,R,Mitch Keller,PIT,rcv_tier
5.06,4.09,1.21,0.76,,18.5,6.4,5.14,5.33,7,51.1,103.7,41.9,656605,56.3,52.3,55.9,59.7,86.1,Mid,R,Mitch Keller,PIT,rcv_tier
5.14,3.6,0.64,0.76,,22.4,11.9,4.2,4.67,3,83.3,110.6,66.2,656605,61.5,84.3,74.2,71.7,88.7,High,R,Mitch Keller,PIT,obr_tier
5.42,4.12,1.13,0.76,,18.2,7.3,6.12,5.31,15,39.3,95.7,28.8,656605,48.7,41.6,45.2,46.8,85.7,Low,R,Mitch Keller,PIT,obr_tier
4.91,5.6,1.64,0.76,,12.6,9.5,5.4,5.5,4,67.5,104.6,46.3,656605,46.4,61.7,63.3,77.2,84,Mid,R,Mitch Keller,PIT,obr_tier
5.29,4.34,1.17,0.76,,17.7,8.3,5.73,5.26,22,50.5,99.3,37.1,656605,50,51.1,52.4,55.7,85.8,R,R,Mitch Keller,PIT,hand
5.05,5,1.57,0.76,,18.2,9.3,5.76,5.17,10,51.6,98.1,42.4,656605,49,48.4,51,55.5,86,away,R,Mitch Keller,PIT,location
5.48,3.8,0.84,0.76,,17.3,7.6,5.7,5.33,12,49.5,100.3,32.6,656605,50.9,53.3,53.6,56,85.6,home,R,Mitch Keller,PIT,location
0,2.35,0,0.43,,21.4,7.1,0,4,1,15.8,90,21.1,656641,38.6,33.8,35.2,34.4,68,Low,L,Jacob Latz,TEX,osi_tier
0,2.35,0,0.43,,21.4,7.1,0,4,1,15.8,90,21.1,656641,38.6,33.8,35.2,34.4,68,Low,L,Jacob Latz,TEX,abq_tier
0,2.35,0,0.43,,21.4,7.1,0,4,1,15.8,90,21.1,656641,38.6,33.8,35.2,34.4,68,Low,L,Jacob Latz,TEX,rcv_tier
0,2.35,0,0.43,,21.4,7.1,0,4,1,15.8,90,21.1,656641,38.6,33.8,35.2,34.4,68,Low,L,Jacob Latz,TEX,obr_tier
0,2.35,0,0.43,,21.4,7.1,0,4,1,15.8,90,21.1,656641,38.6,33.8,35.2,34.4,68,L,L,Jacob Latz,TEX,hand
0,2.35,0,0.43,,21.4,7.1,0,4,1,15.8,90,21.1,656641,38.6,33.8,35.2,34.4,68,away,L,Jacob Latz,TEX,location
0,6.1,0,0.58,,0,28.6,0,2,1,88.5,120.8,53.4,656794,57.6,84.2,74.7,76,34,High,L,Sean Newcomb,CHW,osi_tier
0,0.1,0,0.58,,37.5,0,0,2,1,34.1,98.3,23,656794,40.7,40,49.8,67.4,38,Low,L,Sean Newcomb,CHW,osi_tier
0,1.02,0,0.58,,42.9,7.1,3.6,2.17,2,59.8,92,49.3,656794,54.9,67.6,59.3,53,33.5,Mid,L,Sean Newcomb,CHW,osi_tier
0,0.1,0,0.58,,37.5,0,0,2,1,34.1,98.3,23,656794,40.7,40,49.8,67.4,38,Low,L,Sean Newcomb,CHW,abq_tier
0,2.63,0,0.58,,28.6,14.3,2.4,2.11,3,69.4,101.6,50.7,656794,55.8,73.1,64.4,60.7,33.7,Mid,L,Sean Newcomb,CHW,abq_tier
0,6.1,0,0.58,,0,28.6,0,2,1,88.5,120.8,53.4,656794,57.6,84.2,74.7,76,34,High,L,Sean Newcomb,CHW,rcv_tier
0,0.73,0,0.58,,40.9,4.5,2.4,2.11,3,51.3,94.1,40.5,656794,50.2,58.4,56.1,57.8,35,Mid,L,Sean Newcomb,CHW,rcv_tier
0,2.63,0,0.58,,28.6,14.3,2.4,2.11,3,69.4,101.6,50.7,656794,55.8,73.1,64.4,60.7,33.7,High,L,Sean Newcomb,CHW,obr_tier
0,0.1,0,0.58,,37.5,0,0,2,1,34.1,98.3,23,656794,40.7,40,49.8,67.4,38,Low,L,Sean Newcomb,CHW,obr_tier
0,2.02,0,0.58,,31,10.3,1.8,2.08,4,60.6,100.7,43.8,656794,52,64.8,60.8,62.3,34.8,L,L,Sean Newcomb,CHW,hand
0,2.63,0,0.58,,28.6,14.3,2.4,2.11,3,69.4,101.6,50.7,656794,55.8,73.1,64.4,60.7,33.7,away,L,Sean Newcomb,CHW,location
0,0.1,0,0.58,,37.5,0,0,2,1,34.1,98.3,23,656794,40.7,40,49.8,67.4,38,home,L,Sean Newcomb,CHW,location
7.23,3.64,0.48,0.77,,22.6,14,8.1,4.67,4,87.3,116.1,54.5,656849,50.2,74.8,73,87,85.2,High,L,David Peterson,CHC,osi_tier
4.38,3.55,0.73,0.77,,20.5,9.4,5.4,4.93,5,28.8,89.1,33.2,656849,36,31.9,37.2,44.2,82,Low,L,David Peterson,CHC,osi_tier
6.1,4.51,1.22,0.77,,18.3,9.6,6.66,5.17,10,56.7,99.2,41.4,656849,50.2,60.1,56.6,57.1,87.3,Mid,L,David Peterson,CHC,osi_tier
8.16,4.5,1.26,0.77,,18.2,9.1,7.8,4.78,3,67,97.5,42.9,656849,68.7,63.3,59.3,47.9,83.3,High,L,David Peterson,CHC,abq_tier
6.19,4.12,0.98,0.77,,20.2,10.6,7.2,4.92,13,52.8,102.7,39.2,656849,38.9,53.3,54.2,66.2,84.8,Low,L,David Peterson,CHC,abq_tier
2.7,3.64,0.54,0.77,,19.4,11.1,3,5.56,3,57.9,91.4,53.3,656849,57.2,58.9,53.8,45.4,90.7,Mid,L,David Peterson,CHC,abq_tier
5.4,3.47,0.6,0.77,,22.1,11,6.3,5,6,72.4,113.2,51.9,656849,44.6,61.7,65,83.3,85.2,High,L,David Peterson,CHC,rcv_tier
5.55,4.78,1.48,0.77,,19.8,9.9,6.12,4.87,5,44.5,88.7,43.9,656849,55.4,50.6,46.3,35,86.2,Low,L,David Peterson,CHC,rcv_tier
6.42,4.13,0.89,0.77,,18.1,10.4,7.2,5.08,8,50.5,97.4,33.5,656849,42.3,54.6,52.8,58.2,85.2,Mid,L,David Peterson,CHC,rcv_tier
5.27,3.78,0.88,0.77,,21.1,9.7,6.08,5.12,8,79.4,105.2,57.9,656849,53.3,72.1,66,68.2,87.1,High,L,David Peterson,CHC,obr_tier
5.16,3.27,0.61,0.77,,21.4,9.3,6,4.94,6,32.5,92.8,31,656849,41.1,33.5,40.6,48.5,82.5,Low,L,David Peterson,CHC,obr_tier
7.77,5.61,1.48,0.77,,15.7,13,8.28,4.87,5,46,100.7,29.9,656849,42,56.5,54.4,60.7,86.4,Mid,L,David Peterson,CHC,obr_tier
5.87,4.09,0.95,0.77,,19.8,10.5,6.63,5,19,55.8,100.1,42,656849,46.5,55.8,54.9,60,85.5,L,L,David Peterson,CHC,hand
4.73,4.46,1.18,0.77,,20,10.7,5.4,5.07,9,59.1,100.4,41.6,656849,45.2,57.8,56.1,62.1,82,away,L,David Peterson,CHC,location
6.93,3.75,0.73,0.77,,19.6,10.2,7.74,4.93,10,52.8,99.8,42.5,656849,47.6,54,53.9,58.1,88.6,home,L,David Peterson,CHC,location
2.63,2.55,0.99,0.56,,29.1,1.9,3.24,5.47,5,80.5,108.2,74.4,656876,53.6,82.6,72.5,74.6,84,High,R,Drew Rasmussen,TBR,osi_tier
3.14,2.81,0.78,0.56,,25.3,5,3.6,5.74,14,34.1,96.4,37.1,656876,51.1,32.9,42.1,46.4,87.8,Low,R,Drew Rasmussen,TBR,osi_tier
2.79,2.84,0.7,0.56,,25.2,6,3.09,5.52,7,50.8,103.6,42.3,656876,45.2,50.5,56.1,70.4,90.3,Mid,R,Drew Rasmussen,TBR,osi_tier
1.5,3.02,1.5,0.56,,32.6,2.2,1.8,6,2,86.8,113.6,55.9,656876,69.9,85.2,75.2,67.5,95.5,High,R,Drew Rasmussen,TBR,abq_tier
2.95,2.83,0.82,0.56,,26,4.7,3.49,5.52,16,50.7,102.2,44.8,656876,41.6,51.5,54,65.8,84.9,Low,R,Drew Rasmussen,TBR,abq_tier
3.33,2.6,0.59,0.56,,24.2,5.3,3.6,5.75,8,31.4,94.2,44.8,656876,61.7,29,41.4,41,91.4,Mid,R,Drew Rasmussen,TBR,abq_tier
3.33,3.29,1.17,0.56,,24.5,3.4,3.6,5.4,10,63,106.8,55.3,656876,43.6,62.7,62.4,75.6,85.3,High,R,Drew Rasmussen,TBR,rcv_tier
3.53,2.49,0.71,0.56,,27.9,5.3,4,5.67,9,29.1,93.3,37.8,656876,56,28.1,38.4,37.8,89.8,Low,R,Drew Rasmussen,TBR,rcv_tier
1.74,2.45,0.44,0.56,,25.3,5.7,2.31,5.9,7,49.1,101.2,42,656876,51.4,49.6,53.6,59.9,88.6,Mid,R,Drew Rasmussen,TBR,rcv_tier
2.63,2.55,0.99,0.56,,29.1,1.9,3.24,5.47,5,80.5,108.2,74.4,656876,53.6,82.6,72.5,74.6,84,High,R,Drew Rasmussen,TBR,obr_tier
3.42,3.23,0.9,0.56,,22.4,5.2,3.8,5.56,18,37.9,99.2,38.7,656876,49.7,35.9,45.7,54.1,87.3,Low,R,Drew Rasmussen,TBR,obr_tier
0.95,0.68,0,0.56,,41.4,5.7,1.2,6.33,3,50.1,96.2,39.3,656876,45.4,55.7,53.2,56,96.7,Mid,R,Drew Rasmussen,TBR,obr_tier
2.95,2.77,0.8,0.56,,26,4.7,3.39,5.63,26,47.5,100.6,45.7,656876,50,47.2,51.8,58.3,87.7,R,R,Drew Rasmussen,TBR,hand
2.69,3.06,0.98,0.56,,24.6,3.9,2.91,5.67,13,50.3,103.3,46,656876,49.2,48.3,52.7,60.1,88.2,away,R,Drew Rasmussen,TBR,location
3.22,2.48,0.62,0.56,,27.3,5.5,3.88,5.59,13,44.8,97.9,45.3,656876,50.7,46,50.8,56.5,87.3,home,R,Drew Rasmussen,TBR,location
13.5,12.1,0,0.86,,0,40,7.2,0.67,1,34.1,98.3,23,656986,37,36.4,45.3,61.3,22,Low,L,Bennett Sousa,HOU,osi_tier
13.5,12.1,0,0.86,,0,40,7.2,0.67,1,34.1,98.3,23,656986,37,36.4,45.3,61.3,22,Low,L,Bennett Sousa,HOU,abq_tier
13.5,12.1,0,0.86,,0,40,7.2,0.67,1,34.1,98.3,23,656986,37,36.4,45.3,61.3,22,Mid,L,Bennett Sousa,HOU,rcv_tier
13.5,12.1,0,0.86,,0,40,7.2,0.67,1,34.1,98.3,23,656986,37,36.4,45.3,61.3,22,Low,L,Bennett Sousa,HOU,obr_tier
13.5,12.1,0,0.86,,0,40,7.2,0.67,1,34.1,98.3,23,656986,37,36.4,45.3,61.3,22,L,L,Bennett Sousa,HOU,hand
13.5,12.1,0,0.86,,0,40,7.2,0.67,1,34.1,98.3,23,656986,37,36.4,45.3,61.3,22,away,L,Bennett Sousa,HOU,location
2.87,2.12,0.19,0.65,,21.6,3.8,3.86,6.71,7,83,109.5,59.1,657277,59.9,77.7,71.8,73.5,97,High,R,Logan Webb,SFG,osi_tier
4.13,3.83,1.03,0.65,,18.6,6.4,5.4,5.81,12,23,94.9,20.4,657277,40.4,33.3,35.8,35.3,91.4,Low,R,Logan Webb,SFG,osi_tier
6.27,3.52,0.55,0.65,,17,8.5,7.5,5.5,6,50.5,103.6,42.4,657277,43.5,53,55.5,66.9,86.8,Mid,R,Logan Webb,SFG,osi_tier
2.25,2.4,0,0.65,,17.3,5.3,3,6.67,3,83,112.5,55.4,657277,72,83.4,74.3,65.8,96.3,High,R,Logan Webb,SFG,abq_tier
5.02,3.45,0.84,0.65,,19.7,6.5,6.25,5.67,19,40,99,30.9,657277,40.6,45.5,46.4,51.5,89.7,Low,R,Logan Webb,SFG,abq_tier
2.05,2.87,0.41,0.65,,17.9,4.8,3,7.33,3,50.7,102.5,53.2,657277,58.8,49.1,53.6,55.1,101.3,Mid,R,Logan Webb,SFG,abq_tier
5.79,2.89,0.43,0.65,,18.8,6.1,7.2,6,7,72.1,108.5,55,657277,46.8,66.2,65.7,78.7,92.1,High,R,Logan Webb,SFG,rcv_tier
4.42,3.81,0.98,0.65,,18.8,7.1,6.12,5.5,10,19.5,93.1,17,657277,39.7,32.2,33.4,30.2,89.4,Low,R,Logan Webb,SFG,rcv_tier
2.73,2.89,0.51,0.65,,20,5,3.15,6.58,8,57.6,104.5,44.7,657277,55.1,59.6,58.9,60.9,94.8,Mid,R,Logan Webb,SFG,rcv_tier
3,1.92,0,0.65,,20.6,3.8,4.32,6.6,5,82.7,109.9,61.3,657277,63.9,83.7,73.2,67.9,96.2,High,R,Logan Webb,SFG,obr_tier
3.96,3.46,0.75,0.65,,17.9,6.1,5.4,6,14,27.5,98.2,25.5,657277,40.9,35.4,39.9,44.4,91.7,Low,R,Logan Webb,SFG,obr_tier
6.06,3.96,1.1,0.65,,21,8.4,6.6,5.44,6,60.2,100.5,41.4,657277,45.6,58,56.7,63.1,88.7,Mid,R,Logan Webb,SFG,obr_tier
4.21,3.23,0.66,0.65,,19.2,6.1,5.47,5.99,25,46.4,101.1,36.5,657277,46.6,50.5,50.6,53.6,91.9,R,R,Logan Webb,SFG,hand
5.29,4.17,1.11,0.65,,19.4,8.8,6.6,5.39,12,40.3,101,30.8,657277,43.3,46.7,47,49.9,90.3,away,R,Logan Webb,SFG,location
3.39,2.51,0.32,0.65,,19,3.9,4.43,6.54,13,52,101.2,41.7,657277,49.6,54,53.9,57,93.3,home,R,Logan Webb,SFG,location
20.25,15.85,6.75,0.66,,10,20,9,0.67,2,32,90.8,37,657514,30.8,26,29.1,31.5,22,Low,L,Brennan Bernardino,COL,osi_tier
20.25,15.85,6.75,0.66,,10,20,9,0.67,2,32,90.8,37,657514,30.8,26,29.1,31.5,22,Low,L,Brennan Bernardino,COL,abq_tier
13.5,12.1,0,0.66,,0,40,3.6,0.67,1,15.8,90,21.1,657514,28,24.5,25.5,24.9,21,Low,L,Brennan Bernardino,COL,rcv_tier
27,19.6,13.5,0.66,,20,0,14.4,0.67,1,48.2,91.5,52.9,657514,33.7,27.5,32.8,38,23,Mid,L,Brennan Bernardino,COL,rcv_tier
20.25,15.85,6.75,0.66,,10,20,9,0.67,2,32,90.8,37,657514,30.8,26,29.1,31.5,22,Low,L,Brennan Bernardino,COL,obr_tier
20.25,15.85,6.75,0.66,,10,20,9,0.67,2,32,90.8,37,657514,30.8,26,29.1,31.5,22,L,L,Brennan Bernardino,COL,hand
20.25,15.85,6.75,0.66,,10,20,9,0.67,2,32,90.8,37,657514,30.8,26,29.1,31.5,22,home,L,Brennan Bernardino,COL,location
0,3.7,0,0.85,,14.3,14.3,0,1.67,1,45.8,85.6,35.8,657571,50.3,41.9,43.3,39.8,27,Low,L,Caleb Ferguson,CIN,osi_tier
0,3.7,0,0.85,,14.3,14.3,0,1.67,1,45.8,85.6,35.8,657571,50.3,41.9,43.3,39.8,27,Mid,L,Caleb Ferguson,CIN,abq_tier
0,3.7,0,0.85,,14.3,14.3,0,1.67,1,45.8,85.6,35.8,657571,50.3,41.9,43.3,39.8,27,Low,L,Caleb Ferguson,CIN,rcv_tier
0,3.7,0,0.85,,14.3,14.3,0,1.67,1,45.8,85.6,35.8,657571,50.3,41.9,43.3,39.8,27,Low,L,Caleb Ferguson,CIN,obr_tier
0,3.7,0,0.85,,14.3,14.3,0,1.67,1,45.8,85.6,35.8,657571,50.3,41.9,43.3,39.8,27,L,L,Caleb Ferguson,CIN,hand
0,3.7,0,0.85,,14.3,14.3,0,1.67,1,45.8,85.6,35.8,657571,50.3,41.9,43.3,39.8,27,home,L,Caleb Ferguson,CIN,location
2.37,1.63,0.47,0.69,,34.2,4.1,3,6.33,3,83.3,110.6,66.2,657746,60.8,83.2,73.2,70.8,98,High,R,Joe Ryan,MIN,osi_tier
3.52,4.01,1.61,0.69,,25.9,5.9,4.95,5.11,12,34,96.9,29.9,657746,43.7,33.5,40.9,47.5,86.8,Low,R,Joe Ryan,MIN,osi_tier
4.37,3.06,0.99,0.69,,24.1,4.6,4.95,5.67,8,53.3,99.9,52.3,657746,50.1,49.4,54.7,64,94.1,Mid,R,Joe Ryan,MIN,osi_tier
3.75,2.02,0.75,0.69,,32.7,4.1,4.5,6,2,86.8,113.6,55.9,657746,70.7,86,75.9,68.2,94,High,R,Joe Ryan,MIN,abq_tier
2.52,2.47,0.84,0.69,,30.5,5.2,3.88,5.77,13,45.9,100.2,36.2,657746,37.7,44.4,48.4,60.7,95.8,Low,R,Joe Ryan,MIN,abq_tier
5.82,5.32,2.09,0.69,,17.2,5.3,6.08,4.83,8,39.3,95.4,49.2,657746,59.6,37.2,46,46.3,82,Mid,R,Joe Ryan,MIN,abq_tier
2.49,2.4,0.96,0.69,,33.3,5.2,4.05,5.88,8,61.5,106,50,657746,42.2,58.6,59.6,73.1,97,High,R,Joe Ryan,MIN,rcv_tier
4.12,4.98,2.06,0.69,,23,6.7,5.18,4.92,8,29,94.2,29,657746,45.8,28.2,37,40.9,82.8,Low,R,Joe Ryan,MIN,rcv_tier
4.58,2.72,0.69,0.69,,21.7,3.6,4.89,5.62,7,51.4,98.8,49.2,657746,57.6,50.4,53.7,54.7,93,Mid,R,Joe Ryan,MIN,rcv_tier
2.37,1.63,0.47,0.69,,34.2,4.1,3,6.33,3,83.3,110.6,66.2,657746,60.8,83.2,73.2,70.8,98,High,R,Joe Ryan,MIN,obr_tier
4.11,3.77,1.33,0.69,,23.5,5.9,5.4,5.16,17,38.8,97,36.7,657746,48.1,37.4,44.5,50.1,89.1,Low,R,Joe Ryan,MIN,obr_tier
2.84,2.84,1.42,0.69,,32.9,2.6,2.4,6.33,3,58.3,104,51.1,657746,36,53.6,57.4,77,93.7,Mid,R,Joe Ryan,MIN,obr_tier
3.65,3.31,1.22,0.69,,26.4,5.2,4.7,5.46,23,47.2,99.7,42.4,657746,48.2,45.5,50,56.3,90.8,R,R,Joe Ryan,MIN,hand
3.88,4.24,1.64,0.69,,24,6.3,5.73,5.48,11,45.3,99,43.4,657746,47.3,44.1,49,55.9,92.8,away,R,Joe Ryan,MIN,location
3.44,2.44,0.83,0.69,,28.6,4.1,3.75,5.44,12,48.9,100.3,41.5,657746,49,46.8,50.8,56.7,89,home,R,Joe Ryan,MIN,location
0.8,2.17,0.32,0.52,,29.4,7.5,1.4,6.22,9,31.4,97.4,25.8,660271,43,32.4,41.4,50.4,95,Low,R,Shohei Ohtani,LAD,osi_tier
3.64,2.83,0.61,0.52,,25.4,7.9,3.6,5.93,5,47.1,105.6,33.8,660271,47.9,48.8,53.6,63.2,96,Mid,R,Shohei Ohtani,LAD,osi_tier
6,1.93,0,0.52,,18.5,3.7,7.2,6,1,47,110.2,24.8,660271,76.3,41.5,54,52.4,91,High,R,Shohei Ohtani,LAD,abq_tier
1.9,2.45,0.58,0.52,,30.9,8.1,2.16,6.17,10,35.9,101.8,26.8,660271,37.2,39.5,46.2,60.3,97.2,Low,R,Shohei Ohtani,LAD,abq_tier
0,2.38,0,0.52,,20.9,7.5,0.6,6,3,37.2,92.3,36.3,660271,59.6,33.1,41.5,38.3,90.7,Mid,R,Shohei Ohtani,LAD,abq_tier
1.93,2.67,0.83,0.52,,28.9,5.5,2.16,6.53,5,37.9,106.4,26.8,660271,32.7,35.5,47.7,72.3,95.2,High,R,Shohei Ohtani,LAD,rcv_tier
0.6,2.13,0,0.52,,27.7,9.8,1.08,6,5,29.7,92.8,27.2,660271,50.6,34.4,38.8,35.4,93.2,Low,R,Shohei Ohtani,LAD,rcv_tier
3.13,2.36,0.39,0.52,,27,8,3.6,5.75,4,45,102.2,32.8,660271,52.4,46.4,51.9,57.8,98.2,Mid,R,Shohei Ohtani,LAD,rcv_tier
1.69,2.31,0.36,0.52,,27.9,7.5,2.25,6.22,12,35.5,100.8,27.8,660271,44.7,35.6,44.5,54.6,94.8,Low,R,Shohei Ohtani,LAD,obr_tier
2.45,3.01,0.82,0.52,,28.3,8.7,1.8,5.5,2,46.2,97.8,33.8,660271,44.9,54.2,52.9,57.3,99,Mid,R,Shohei Ohtani,LAD,obr_tier
1.79,2.4,0.42,0.52,,27.9,7.6,2.19,6.12,14,37,100.4,28.7,660271,44.8,38.2,45.7,55,95.4,R,R,Shohei Ohtani,LAD,hand
1.48,2.72,0.63,0.52,,24.8,5.5,1.8,6.1,7,39.4,101.4,32.2,660271,43.7,37.9,47,59.7,92,away,R,Shohei Ohtani,LAD,location
2.09,2.08,0.21,0.52,,30.9,9.7,2.57,6.14,7,34.6,99.3,25.1,660271,45.8,38.6,44.5,50.3,98.7,home,R,Shohei Ohtani,LAD,location
9.82,8.42,3.68,0.87,,23.1,15.4,10.8,3.67,2,34.4,88.1,18.6,660604,33.7,35.2,35.6,37.4,80,Low,R,Alan Rangel,PHI,osi_tier
0,4.1,0,0.87,,22.2,22.2,1.8,4,1,46.2,113.9,40.3,660604,29.8,46,52.7,76.6,90,Mid,R,Alan Rangel,PHI,osi_tier
6.35,6.89,2.38,0.87,,22.8,17.5,7.8,3.78,3,38.3,96.7,25.9,660604,32.4,38.8,41.3,50.5,83.3,Low,R,Alan Rangel,PHI,abq_tier
0,4.1,0,0.87,,22.2,22.2,1.8,4,1,46.2,113.9,40.3,660604,29.8,46,52.7,76.6,90,High,R,Alan Rangel,PHI,rcv_tier
9.82,8.42,3.68,0.87,,23.1,15.4,10.8,3.67,2,34.4,88.1,18.6,660604,33.7,35.2,35.6,37.4,80,Low,R,Alan Rangel,PHI,rcv_tier
6.35,6.89,2.38,0.87,,22.8,17.5,7.8,3.78,3,38.3,96.7,25.9,660604,32.4,38.8,41.3,50.5,83.3,Low,R,Alan Rangel,PHI,obr_tier
6.35,6.89,2.38,0.87,,22.8,17.5,7.8,3.78,3,38.3,96.7,25.9,660604,32.4,38.8,41.3,50.5,83.3,R,R,Alan Rangel,PHI,hand
8.1,10.6,5.4,0.87,,31.2,18.8,12.6,3.33,1,34.7,83.8,14.3,660604,32.7,38.5,33.6,28.8,69,away,R,Alan Rangel,PHI,location
5.62,5.35,1.12,0.87,,19.5,17.1,5.4,4,2,40.2,103.2,31.6,660604,32.2,39,45.1,61.4,90.5,home,R,Alan Rangel,PHI,location
9.82,2.28,0,0.82,,33.3,16.7,9,3.67,1,46.3,98.8,27.8,660761,27.7,29.4,42.8,69.1,66,Low,L,José Suarez,ATH,osi_tier
0,0.1,0,0.82,,50,0,5.4,1.33,1,59.8,92,49.3,660761,54.9,67.6,59.3,53,16,Mid,L,José Suarez,ATH,osi_tier
9.82,2.28,0,0.82,,33.3,16.7,9,3.67,1,46.3,98.8,27.8,660761,27.7,29.4,42.8,69.1,66,Low,L,José Suarez,ATH,abq_tier
0,0.1,0,0.82,,50,0,5.4,1.33,1,59.8,92,49.3,660761,54.9,67.6,59.3,53,16,Mid,L,José Suarez,ATH,abq_tier
9.82,2.28,0,0.82,,33.3,16.7,9,3.67,1,46.3,98.8,27.8,660761,27.7,29.4,42.8,69.1,66,High,L,José Suarez,ATH,rcv_tier
0,0.1,0,0.82,,50,0,5.4,1.33,1,59.8,92,49.3,660761,54.9,67.6,59.3,53,16,Mid,L,José Suarez,ATH,rcv_tier
0,0.1,0,0.82,,50,0,5.4,1.33,1,59.8,92,49.3,660761,54.9,67.6,59.3,53,16,High,L,José Suarez,ATH,obr_tier
9.82,2.28,0,0.82,,33.3,16.7,9,3.67,1,46.3,98.8,27.8,660761,27.7,29.4,42.8,69.1,66,Low,L,José Suarez,ATH,obr_tier
7.2,1.7,0,0.82,,36.4,13.6,7.2,2.5,2,53.1,95.4,38.5,660761,41.3,48.5,51.1,61.1,41,L,L,José Suarez,ATH,hand
0,0.1,0,0.82,,50,0,5.4,1.33,1,59.8,92,49.3,660761,54.9,67.6,59.3,53,16,away,L,José Suarez,ATH,location
9.82,2.28,0,0.82,,33.3,16.7,9,3.67,1,46.3,98.8,27.8,660761,27.7,29.4,42.8,69.1,66,home,L,José Suarez,ATH,location
5.87,7.99,2.93,0.8,,10.6,12.1,6.6,5.11,3,33.3,95.6,20.8,661563,35.2,35.5,38,42.8,83,Low,R,Luis Gil,NYY,osi_tier
6.75,7.6,2.25,0.8,,10.5,15.8,5.4,4,1,47,110.2,24.8,661563,77.1,41.9,54.5,52.9,88,Mid,R,Luis Gil,NYY,osi_tier
6.75,7.6,2.25,0.8,,10.5,15.8,5.4,4,1,47,110.2,24.8,661563,77.1,41.9,54.5,52.9,88,High,R,Luis Gil,NYY,abq_tier
5.87,7.99,2.93,0.8,,10.6,12.1,6.6,5.11,3,33.3,95.6,20.8,661563,35.2,35.5,38,42.8,83,Low,R,Luis Gil,NYY,abq_tier
13.5,11.85,4.5,0.8,,0,15,12.6,4,1,41.4,105.2,26.5,661563,36.3,42,49,66.1,83,High,R,Luis Gil,NYY,rcv_tier
3.18,6.63,2.38,0.8,,15.2,10.9,3.6,5.67,2,29.3,90.7,18,661563,34.7,32.3,32.5,31.2,83,Low,R,Luis Gil,NYY,rcv_tier
6.75,7.6,2.25,0.8,,10.5,15.8,5.4,4,1,47,110.2,24.8,661563,77.1,41.9,54.5,52.9,88,Mid,R,Luis Gil,NYY,rcv_tier
9,9.87,4.15,0.8,,11.5,13.1,8.4,4.33,3,33.9,103.4,19.2,661563,45.4,32.1,43.1,54,84.7,Low,R,Luis Gil,NYY,obr_tier
0,3.89,0,0.8,,8.3,12.5,0,6.33,1,45.2,86.8,29.6,661563,46.6,52.2,39.2,19.2,83,Mid,R,Luis Gil,NYY,obr_tier
6.05,7.91,2.79,0.8,,10.6,12.9,6.3,4.83,4,36.7,99.2,21.8,661563,45.7,37.1,42.1,45.3,84.2,R,R,Luis Gil,NYY,hand
5.65,7.15,1.88,0.8,,6.3,14.3,6,4.78,3,44.5,100.7,27,661563,53.3,45.4,47.6,46.1,84.7,away,R,Luis Gil,NYY,location
7.2,10.1,5.4,0.8,,22.7,9.1,7.2,5,1,13.3,94.7,6.4,661563,22.8,12.4,25.8,43.1,83,home,R,Luis Gil,NYY,location
5.4,5.9,1.8,0.88,,4.5,4.5,5.4,5,1,88.5,107.5,53.4,663362,64.3,92.9,76.8,67.5,83,High,R,Matt Waldron,WSN,osi_tier
10.12,5.44,1.69,0.88,,14.3,8.9,10.8,3.56,3,6.3,94.7,4.9,663362,34.1,31.4,29.7,24.5,63.7,Low,R,Matt Waldron,WSN,osi_tier
10.12,5.44,1.69,0.88,,14.3,8.9,10.8,3.56,3,6.3,94.7,4.9,663362,34.1,31.4,29.7,24.5,63.7,Low,R,Matt Waldron,WSN,abq_tier
5.4,5.9,1.8,0.88,,4.5,4.5,5.4,5,1,88.5,107.5,53.4,663362,64.3,92.9,76.8,67.5,83,Mid,R,Matt Waldron,WSN,abq_tier
10.12,5.44,1.69,0.88,,14.3,8.9,10.8,3.56,3,6.3,94.7,4.9,663362,34.1,31.4,29.7,24.5,63.7,Low,R,Matt Waldron,WSN,rcv_tier
5.4,5.9,1.8,0.88,,4.5,4.5,5.4,5,1,88.5,107.5,53.4,663362,64.3,92.9,76.8,67.5,83,Mid,R,Matt Waldron,WSN,rcv_tier
5.4,5.9,1.8,0.88,,4.5,4.5,5.4,5,1,88.5,107.5,53.4,663362,64.3,92.9,76.8,67.5,83,High,R,Matt Waldron,WSN,obr_tier
10.12,5.44,1.69,0.88,,14.3,8.9,10.8,3.56,3,6.3,94.7,4.9,663362,34.1,31.4,29.7,24.5,63.7,Low,R,Matt Waldron,WSN,obr_tier
8.62,5.59,1.72,0.88,,11.5,7.7,9.45,3.92,4,26.8,97.9,17,663362,41.7,46.8,41.5,35.2,68.5,R,R,Matt Waldron,WSN,hand
12.46,5.87,2.08,0.88,,14.9,8.5,12.6,4.33,2,8,94.7,5.2,663362,31.2,26.3,28.7,29.6,81.5,away,R,Matt Waldron,WSN,location
3.86,5.24,1.29,0.88,,6.5,6.5,6.3,3.5,2,45.6,101.1,28.8,663362,52.2,67.3,54.3,40.9,55.5,home,R,Matt Waldron,WSN,location
6.94,4.89,1.49,0.86,,19.4,10.3,6.69,5.19,7,86.8,111.1,54.9,663372,53.4,68.1,60.8,57.8,87.9,High,R,Ryan Feltner,COL,osi_tier
5.19,5.66,1.66,0.86,,14.5,10.9,5,4.81,9,35.2,95.4,25.3,663372,34.9,27.8,34.9,43,78.7,Low,R,Ryan Feltner,COL,osi_tier
6.5,6.43,2.5,0.86,,12.8,6.4,7.2,4.5,4,47.6,100,39.5,663372,40.9,43.1,45.4,51.2,72.8,Mid,R,Ryan Feltner,COL,osi_tier
6.23,4.99,1.66,0.86,,17,7.4,5.85,5.42,4,86.8,113.6,55.9,663372,55.6,66.8,59.1,52.9,83.2,High,R,Ryan Feltner,COL,abq_tier
6.28,5.89,1.87,0.86,,14.7,10.5,6.22,4.82,11,43.3,99,28.4,663372,32.6,36.1,40.6,51.6,79.5,Low,R,Ryan Feltner,COL,abq_tier
5.48,5.14,1.57,0.86,,18.3,10.6,5.76,4.6,5,58.2,98.6,46.7,663372,54.1,46.9,47.5,43.5,81.2,Mid,R,Ryan Feltner,COL,abq_tier
5.11,5.1,1.64,0.86,,15.3,7.4,5.62,5.5,8,56.2,107.8,34.7,663372,35.3,40.9,46.7,61.6,83.5,High,R,Ryan Feltner,COL,rcv_tier
6.61,6.34,1.65,0.86,,14.1,15.4,5.85,4.08,4,36.5,88.2,29.2,663372,45.3,29.8,32.5,26.6,76,Low,R,Ryan Feltner,COL,rcv_tier
6.99,5.64,1.93,0.86,,17.9,10.1,6.52,4.67,8,65,102.6,47,663372,48.5,56.6,52.1,49.7,80.2,Mid,R,Ryan Feltner,COL,rcv_tier
6.75,5.22,1.76,0.86,,19,9.5,6.3,5.11,6,87.4,111.6,55.1,663372,54.1,69.1,59.8,53.1,85.3,High,R,Ryan Feltner,COL,obr_tier
5.11,5.92,2.01,0.86,,13.4,8.3,5.58,4.93,10,37,97.6,28.9,663372,36.6,29,37.5,47.8,78.4,Low,R,Ryan Feltner,COL,obr_tier
7.64,4.91,1.02,0.86,,18.1,14.5,6.75,4.42,4,55.3,97.6,37.7,663372,40.2,48.4,46.8,49.8,79.5,Mid,R,Ryan Feltner,COL,obr_tier
6.08,5.52,1.75,0.86,,16.1,9.9,6.03,4.88,20,55.8,101.8,38.5,663372,42.6,44.9,46,49.8,80.7,R,R,Ryan Feltner,COL,hand
5.86,5.57,1.67,0.86,,16.1,11.1,5.8,4.78,9,54.1,101.2,39.8,663372,50.9,49.4,53,58.7,86.2,away,R,Ryan Feltner,COL,location
6.26,5.48,1.81,0.86,,16,8.9,6.22,4.97,11,57.1,102.3,37.4,663372,35.8,41.3,40.3,42.6,76.2,home,R,Ryan Feltner,COL,location
8.22,6.1,2.93,0.72,,24.6,7.2,9,5.11,3,80.3,105.6,75.7,663436,50.4,85.6,73.4,76,95,High,R,Davis Martin,CHW,osi_tier
4.3,3.24,0.74,0.72,,22,7.5,4.08,4.89,15,34.3,95.6,28.5,663436,45.7,35.5,42.1,47.3,81.3,Low,R,Davis Martin,CHW,osi_tier
2.36,2.91,0.21,0.72,,16.3,6.6,2.57,6,7,50,102.6,44.4,663436,51.7,48.3,55.2,65.4,87.3,Mid,R,Davis Martin,CHW,osi_tier
5.57,3.84,1.07,0.72,,20.9,7.7,5.85,5.25,16,43.8,99.9,34.6,663436,40.1,45.2,48.7,59,87,Low,R,Davis Martin,CHW,abq_tier
1.54,2.8,0.39,0.72,,20.1,6.3,1.4,5.19,9,45,96.7,45.8,663436,61.8,44.9,51,50.1,80.3,Mid,R,Davis Martin,CHW,abq_tier
5.47,3.71,0.73,0.72,,17.8,8.5,5.4,5.48,9,51.9,104.9,43.6,663436,40.6,51.3,55.9,72,89.1,High,R,Davis Martin,CHW,rcv_tier
4.5,3.8,0.98,0.72,,20.8,8.4,4.86,4.6,10,32.5,91.4,28.4,663436,49,34.1,38.8,36.9,75.6,Low,R,Davis Martin,CHW,rcv_tier
1.78,2.7,0.76,0.72,,24.6,3.6,1.5,5.89,6,52.4,101.9,48.1,663436,57.2,54.1,58,63,92.8,Mid,R,Davis Martin,CHW,rcv_tier
8.22,6.1,2.93,0.72,,24.6,7.2,9,5.11,3,80.3,105.6,75.7,663436,50.4,85.6,73.4,76,95,High,R,Davis Martin,CHW,obr_tier
2.71,2.7,0.34,0.72,,21.4,7.1,2.88,5.32,20,38.7,98.9,34,663436,47.5,38.1,46.8,56.3,82.8,Low,R,Davis Martin,CHW,obr_tier
14,8.1,3,0.72,,6.7,8.9,10.8,4.5,2,45.2,86.8,29.6,663436,48.9,54.8,41.1,20.1,87.5,Mid,R,Davis Martin,CHW,obr_tier
4.13,3.47,0.83,0.72,,20.6,7.2,4.25,5.23,25,44.2,98.8,38.6,663436,47.9,45.1,49.5,55.8,84.6,R,R,Davis Martin,CHW,hand
4.9,4.08,1,0.72,,18.3,8.5,5.12,5.51,13,43,98.7,36.9,663436,45.4,40.6,46.9,55.1,86.8,away,R,Davis Martin,CHW,location
3.2,2.73,0.61,0.72,,23.5,5.7,3.3,4.92,12,45.6,98.8,40.4,663436,50.7,50,52.4,56.5,82.2,home,R,Davis Martin,CHW,location
7.2,4.3,1.8,0.63,,36.4,13.6,7.2,5,1,75.2,90.7,54.5,663460,75.6,78.5,71.7,61.2,96,High,L,Kris Bubic,KCR,osi_tier
1.29,1.96,0,0.63,,26.9,7.7,1.8,7,1,41,92.3,35.9,663460,43.9,42.2,47.8,57.1,94,Low,L,Kris Bubic,KCR,osi_tier
4.23,3.88,0.7,0.63,,22.6,13.2,4.37,5.48,7,55.8,96.9,45.2,663460,41.8,51.5,56.7,73.4,88.7,Mid,L,Kris Bubic,KCR,osi_tier
7.2,4.3,1.8,0.63,,36.4,13.6,7.2,5,1,75.2,90.7,54.5,663460,75.6,78.5,71.7,61.2,96,High,L,Kris Bubic,KCR,abq_tier
3.77,3.59,0.6,0.63,,23.2,12.4,4.05,5.67,8,54,96.3,44,663460,42.1,50.3,55.6,71.4,89.4,Low,L,Kris Bubic,KCR,abq_tier
4.23,3.88,0.7,0.63,,22.6,13.2,4.37,5.48,7,55.8,96.9,45.2,663460,41.8,51.5,56.7,73.4,88.7,High,L,Kris Bubic,KCR,rcv_tier
3.75,2.93,0.75,0.63,,31.2,10.4,4.5,6,2,58.1,91.5,45.2,663460,59.7,60.4,59.7,59.1,95,Mid,L,Kris Bubic,KCR,rcv_tier
7.2,4.3,1.8,0.63,,36.4,13.6,7.2,5,1,75.2,90.7,54.5,663460,75.6,78.5,71.7,61.2,96,High,L,Kris Bubic,KCR,obr_tier
3.49,3.49,0.32,0.63,,21.4,13.7,3.6,5.67,5,51.4,93.4,39.8,663460,45.1,47.3,53.5,66.6,88.6,Low,L,Kris Bubic,KCR,obr_tier
4.24,3.75,1.06,0.63,,26.5,10.3,4.8,5.67,3,58.3,101.2,51.1,663460,37.1,55.4,59.2,79.3,90.7,Mid,L,Kris Bubic,KCR,obr_tier
4.11,3.66,0.72,0.63,,24.6,12.6,4.4,5.59,9,56.3,95.7,45.2,663460,45.8,53.4,57.4,70.2,90.1,L,L,Kris Bubic,KCR,hand
5.23,3.54,0.44,0.63,,22,13.2,5.85,5.17,4,51.5,96,41.9,663460,42.2,47.1,53.3,68.4,89,away,L,Kris Bubic,KCR,location
3.34,3.74,0.91,0.63,,26.7,12.1,3.24,5.93,5,60.2,95.4,47.8,663460,48.7,58.6,60.7,71.7,91,home,L,Kris Bubic,KCR,location
6.75,12.1,6.75,0.65,,18.8,6.2,2.7,1,4,88.5,116.1,54.5,663542,57,83.9,78.8,88.5,12.8,High,L,Bryan Hudson,CHW,osi_tier
0,2.24,0,0.65,,14.3,0,8.1,1.17,2,36.1,94.7,21.6,663542,25.9,26.4,41.4,69.6,11.5,Low,L,Bryan Hudson,CHW,osi_tier
0,0.7,0,0.65,,33.3,0,1.8,1.67,1,76.2,104,86.8,663542,35.5,67.8,63,77.1,27,Mid,L,Bryan Hudson,CHW,osi_tier
0,1.93,0,0.65,,25,5,4.68,1.2,5,63.1,107,47.4,663542,37.7,55.1,61.2,85.1,15,Low,L,Bryan Hudson,CHW,abq_tier
13.5,21.6,13.5,0.65,,11.1,0,2.7,1,2,93.5,111.6,55.3,663542,63.4,90.4,77.4,72.5,13,Mid,L,Bryan Hudson,CHW,abq_tier
3.18,6.45,3.18,0.65,,23.8,4.8,2.16,1.13,5,75.6,113,55,663542,45.1,68,69.3,88.1,15.2,High,L,Bryan Hudson,CHW,rcv_tier
3.86,7.81,3.86,0.65,,12.5,0,9,1.17,2,62.2,96.5,36.4,663542,44.8,58.1,57.2,64.9,12.5,Mid,L,Bryan Hudson,CHW,rcv_tier
4.76,8.75,4.76,0.65,,22.7,4.5,2.52,1.13,5,86.1,113.7,60.9,663542,52.7,80.7,75.6,86.2,15.6,High,L,Bryan Hudson,CHW,obr_tier
0,2.24,0,0.65,,14.3,0,8.1,1.17,2,36.1,94.7,21.6,663542,25.9,26.4,41.4,69.6,11.5,Low,L,Bryan Hudson,CHW,obr_tier
3.38,6.85,3.38,0.65,,20.7,3.4,4.11,1.14,7,71.8,108.3,49.7,663542,45,65.2,65.8,81.5,14.4,L,L,Bryan Hudson,CHW,hand
4.5,7.6,4.5,0.65,,26.7,0,7.2,1.33,3,63.5,105.2,51.9,663542,37.9,57.2,57.3,71.3,20,away,L,Bryan Hudson,CHW,location
2.25,6.1,2.25,0.65,,14.3,7.1,1.8,1,4,78,110.7,48.1,663542,50.4,71.2,72.2,89,10.2,home,L,Bryan Hudson,CHW,location
2.55,2.53,0.73,0.67,,30.9,6.4,1.8,6.17,4,75.7,107.5,70.7,663554,58.2,78.1,69.8,68.7,89,High,R,Casey Mize,SDP,osi_tier
3.28,3.19,0.79,0.67,,21.7,5.8,3.74,5.28,13,33.9,93.9,24.4,663554,45,33.6,39.4,42.2,83.4,Low,R,Casey Mize,SDP,osi_tier
6.2,6.1,2.21,0.67,,11.7,6.4,7.2,4.07,5,48.6,105.5,40.9,663554,55.5,45.9,54,62.1,66.6,Mid,R,Casey Mize,SDP,osi_tier
2.65,4.04,1.06,0.67,,19.4,8.3,6,5.67,3,65.8,110.3,44.6,663554,75.9,66.1,65.8,58.2,82.7,High,R,Casey Mize,SDP,abq_tier
4.03,3.83,1.34,0.67,,23.4,6,4.05,5.03,12,40.4,99,33.3,663554,37.8,41.4,44.8,53.7,82,Low,R,Casey Mize,SDP,abq_tier
3.47,2.91,0.5,0.67,,19.3,5,3.6,5.19,7,43.5,94.1,38.7,663554,59.2,40.5,46.7,45,77.3,Mid,R,Casey Mize,SDP,abq_tier
5.92,5.15,2.22,0.67,,21.9,5.7,5.04,4.87,5,58.7,106.3,54.6,663554,41,58.4,58.7,71.8,81.6,High,R,Casey Mize,SDP,rcv_tier
3.24,3.15,0.77,0.67,,22.6,6.1,3.76,5.3,11,32.5,92,22.9,663554,45.9,32.6,37.7,37.9,84,Low,R,Casey Mize,SDP,rcv_tier
2.61,3.1,0.58,0.67,,19.4,6.2,4.2,5.17,6,55.7,105.7,46.6,663554,64.4,54.7,58.9,59.7,73.5,Mid,R,Casey Mize,SDP,rcv_tier
2.55,2.53,0.73,0.67,,30.9,6.4,1.8,6.17,4,75.7,107.5,70.7,663554,58.2,78.1,69.8,68.7,89,High,R,Casey Mize,SDP,obr_tier
4.26,4.05,1.2,0.67,,18.4,6.1,4.98,4.84,17,37.5,97.7,29,663554,48,36.1,43.7,49.4,77.8,Low,R,Casey Mize,SDP,obr_tier
0,1.45,0,0.67,,30.4,4.3,0,6.67,1,45.2,86.8,29.6,663554,46.6,52.2,39.2,19.2,94,Mid,R,Casey Mize,SDP,obr_tier
3.64,3.57,1.03,0.67,,21.6,6,4.17,5.17,22,44.8,99,36.6,663554,49.8,44.5,48.3,51.5,80.6,R,R,Casey Mize,SDP,hand
4.25,3.89,1.21,0.67,,21.4,6.7,5.1,4.94,12,44.2,97.5,30.2,663554,48.1,43.1,46.3,48.8,81.5,away,R,Casey Mize,SDP,location
2.98,3.21,0.83,0.67,,21.7,5.2,3.06,5.43,10,45.5,100.8,44.2,663554,51.9,46.2,50.6,54.9,79.5,home,R,Casey Mize,SDP,location
4.7,4.53,0,0.59,,22.2,25,4.5,3.83,2,93.5,111.6,55.3,663556,62.1,88.7,76.1,71.8,76,High,L,Shane McClanahan,TBR,osi_tier
3.07,2.94,0.81,0.59,,23.2,4.5,3.44,5.06,11,30.9,93.1,33.2,663556,41.3,30.6,41,52.7,73.6,Low,L,Shane McClanahan,TBR,osi_tier
3.08,3.56,0.72,0.59,,20.9,9.2,4.14,4.97,10,57.9,99.4,47.5,663556,42.7,60.3,57.1,63.7,79.6,Mid,L,Shane McClanahan,TBR,osi_tier
3.86,3.31,0,0.59,,21.1,15.8,5.4,4.67,1,75.2,90.7,54.5,663556,71.4,76,61.5,37.8,79,High,L,Shane McClanahan,TBR,abq_tier
3.44,2.91,0.66,0.59,,23.2,6.3,3.6,4.86,14,44.7,98.5,36.1,663556,32.5,43.6,48.6,65.7,76.9,Low,L,Shane McClanahan,TBR,abq_tier
2.68,4.02,0.89,0.59,,20.4,10.5,4.05,5.04,8,50.6,96.5,48.8,663556,59.9,53.9,54.2,50.4,75.4,Mid,L,Shane McClanahan,TBR,abq_tier
2.91,3.57,0.79,0.59,,22.1,9.3,3.86,4.86,7,64.4,104.7,53.1,663556,36,60.9,60.2,76.6,77.4,High,L,Shane McClanahan,TBR,rcv_tier
1.74,2.71,0.29,0.59,,24.2,9.2,1.8,5.17,6,41.3,85.7,44.5,663556,57.7,50.2,47.5,37.1,77.5,Low,L,Shane McClanahan,TBR,rcv_tier
4.31,3.54,0.94,0.59,,20.9,6.8,5.04,4.8,10,40.7,99.4,31.2,663556,40.7,38.9,46.8,60.2,75.1,Mid,L,Shane McClanahan,TBR,rcv_tier
4.18,3.86,0.38,0.59,,19.8,14.9,5.04,4.73,5,76.7,106.4,56.3,663556,57.6,78.2,68.2,64.3,80.6,High,L,Shane McClanahan,TBR,obr_tier
3.12,3.23,0.89,0.59,,22.7,5.7,3.6,5.06,12,33.2,93.7,35,663556,40.5,32,42.2,55,74.4,Low,L,Shane McClanahan,TBR,obr_tier
2.51,3.07,0.63,0.59,,22.9,7.6,3.3,4.78,6,53.8,97.5,41.5,663556,38.5,57.1,54.6,63.3,77,Mid,L,Shane McClanahan,TBR,obr_tier
3.19,3.32,0.72,0.59,,22.1,8.2,3.83,4.91,23,48.1,97.5,41.3,663556,43.7,48.6,51.1,59.2,76.4,L,L,Shane McClanahan,TBR,hand
3.91,3.16,0.51,0.59,,22.1,9.5,4.09,4.82,11,50.5,97.3,43.4,663556,43.7,48.6,50.6,57.7,80.4,away,L,Shane McClanahan,TBR,location
2.55,3.47,0.9,0.59,,22.1,6.8,3.6,5,12,45.9,97.6,39.5,663556,43.7,48.6,51.5,60.5,72.8,home,L,Shane McClanahan,TBR,location
9,12.1,9,0.64,,50,0,3.6,1,1,15.8,90,21.1,663558,34.5,30.2,31.4,30.7,21,Low,L,Jovani Morán,BOS,osi_tier
18,8.6,4.5,0.64,,28.6,14.3,6.3,1,2,54.9,91.9,42.9,663558,47.6,60,52.2,46.5,26.5,Mid,L,Jovani Morán,BOS,osi_tier
13.5,6.6,4.5,0.64,,30,0,5.4,1,2,32.9,91,28.8,663558,37.4,41.3,38.3,35.4,18,Low,L,Jovani Morán,BOS,abq_tier
18,16.1,9,0.64,,37.5,25,5.4,1,1,59.8,92,49.3,663558,54.9,67.6,59.3,53,38,Mid,L,Jovani Morán,BOS,abq_tier
13.5,6.6,4.5,0.64,,30,0,5.4,1,2,32.9,91,28.8,663558,37.4,41.3,38.3,35.4,18,Low,L,Jovani Morán,BOS,rcv_tier
18,16.1,9,0.64,,37.5,25,5.4,1,1,59.8,92,49.3,663558,54.9,67.6,59.3,53,38,Mid,L,Jovani Morán,BOS,rcv_tier
18,16.1,9,0.64,,37.5,25,5.4,1,1,59.8,92,49.3,663558,54.9,67.6,59.3,53,38,High,L,Jovani Morán,BOS,obr_tier
9,12.1,9,0.64,,50,0,3.6,1,1,15.8,90,21.1,663558,34.5,30.2,31.4,30.7,21,Low,L,Jovani Morán,BOS,obr_tier
18,1.1,0,0.64,,16.7,0,7.2,1,1,49.9,91.9,36.5,663558,40.4,52.4,45.1,40.1,15,Mid,L,Jovani Morán,BOS,obr_tier
15,9.77,6,0.64,,33.3,11.1,5.4,1,3,41.9,91.3,35.6,663558,43.2,50.1,45.3,41.3,24.7,L,L,Jovani Morán,BOS,hand
18,16.1,9,0.64,,37.5,25,5.4,1,1,59.8,92,49.3,663558,54.9,67.6,59.3,53,38,away,L,Jovani Morán,BOS,location
13.5,6.6,4.5,0.64,,30,0,5.4,1,2,32.9,91,28.8,663558,37.4,41.3,38.3,35.4,18,home,L,Jovani Morán,BOS,location
27,19.81,11.57,1.29,,0,0,18,2.33,1,76.2,104,86.8,663559,43.2,81.7,71.5,80.1,45,High,L,Bailey Falter,KCR,osi_tier
9,5.6,0,1.29,,16.7,25,3.6,2,1,45.2,114.1,29.6,663559,49.1,54.9,41.3,20.2,39,Low,L,Bailey Falter,KCR,osi_tier
18.69,13.25,6.23,1.29,,7.1,10.7,10.8,2.17,2,60.7,109.1,58.2,663559,46.1,68.3,56.4,50.2,42,Low,L,Bailey Falter,KCR,abq_tier
27,19.81,11.57,1.29,,0,0,18,2.33,1,76.2,104,86.8,663559,43.2,81.7,71.5,80.1,45,High,L,Bailey Falter,KCR,rcv_tier
9,5.6,0,1.29,,16.7,25,3.6,2,1,45.2,114.1,29.6,663559,49.1,54.9,41.3,20.2,39,Low,L,Bailey Falter,KCR,rcv_tier
27,19.81,11.57,1.29,,0,0,18,2.33,1,76.2,104,86.8,663559,43.2,81.7,71.5,80.1,45,High,L,Bailey Falter,KCR,obr_tier
9,5.6,0,1.29,,16.7,25,3.6,2,1,45.2,114.1,29.6,663559,49.1,54.9,41.3,20.2,39,Mid,L,Bailey Falter,KCR,obr_tier
18.69,13.25,6.23,1.29,,7.1,10.7,10.8,2.17,2,60.7,109.1,58.2,663559,46.1,68.3,56.4,50.2,42,L,L,Bailey Falter,KCR,hand
18.69,13.25,6.23,1.29,,7.1,10.7,10.8,2.17,2,60.7,109.1,58.2,663559,46.1,68.3,56.4,50.2,42,home,L,Bailey Falter,KCR,location
2.78,4.03,0.4,0.64,,17.2,14.1,3.6,5.67,4,84.6,109.8,63,663567,59.3,82.5,71.5,67.6,99.8,High,R,Peter Lambert,HOU,osi_tier
4.61,2.98,0.81,0.64,,25.8,7.1,5.4,5.53,12,29.9,99,23.9,663567,39.9,28.3,38.2,48.2,91.8,Low,R,Peter Lambert,HOU,osi_tier
2.68,4.52,1.24,0.64,,22.3,12,2.92,5.46,8,52.7,104.2,39.4,663567,44.2,50.1,53.9,65.2,96.1,Mid,R,Peter Lambert,HOU,osi_tier
1.02,2.99,0,0.64,,18.6,11.4,1.2,5.89,3,73.6,112.5,45.5,663567,70.9,69.3,66.9,61.4,94.7,High,R,Peter Lambert,HOU,abq_tier
4.26,3.82,1.09,0.64,,23.3,8.9,5,5.52,18,41.6,101.4,31.9,663567,37.9,40,45.8,58.1,94.2,Low,R,Peter Lambert,HOU,abq_tier
2.87,3.42,0.57,0.64,,26.8,14.1,3,5.22,3,49.9,99.2,47.5,663567,58,47.3,49.7,46.7,97,Mid,R,Peter Lambert,HOU,abq_tier
2.56,4.65,1.18,0.64,,21.2,13,2.92,5.71,8,62.9,105.9,50.1,663567,42.6,59.6,59.1,70.5,98.5,High,R,Peter Lambert,HOU,rcv_tier
4.78,3.26,1.04,0.64,,27.2,7.6,5.62,5.42,8,23,97.8,17.2,663567,38.7,21.7,33.8,43.9,91.4,Low,R,Peter Lambert,HOU,rcv_tier
3.71,3.03,0.41,0.64,,21.2,9,4.27,5.46,8,53.9,104,39.4,663567,52.3,52.5,54,56.9,93.9,Mid,R,Peter Lambert,HOU,rcv_tier
2.78,4.03,0.4,0.64,,17.2,14.1,3.6,5.67,4,84.6,109.8,63,663567,59.3,82.5,71.5,67.6,99.8,High,R,Peter Lambert,HOU,obr_tier
4,3.58,1.1,0.64,,24.4,7.4,4.27,5.62,16,35.1,100.8,26.6,663567,42.6,32.4,41.7,51.8,92.2,Low,R,Peter Lambert,HOU,obr_tier
3.15,3.65,0.45,0.64,,24.4,15.6,4.95,5,4,54.7,102.4,44.2,663567,37.5,55.5,55.3,67.9,99,Mid,R,Peter Lambert,HOU,obr_tier
3.66,3.67,0.88,0.64,,23.1,9.9,4.27,5.53,24,46.6,102.5,35.6,663567,44.5,44.6,49,57.1,94.6,R,R,Peter Lambert,HOU,hand
3,4,1.13,0.64,,23.4,10,4.2,5.33,9,42.6,99.6,36.7,663567,42.8,42.9,46.5,53.3,96.6,away,R,Peter Lambert,HOU,location
4.04,3.48,0.74,0.64,,23,9.8,4.32,5.64,15,49.1,104.3,34.9,663567,45.6,45.6,50.4,59.4,93.4,home,R,Peter Lambert,HOU,location
3.61,4.07,1.14,0.76,,14.7,4.2,5.62,5.92,8,40.3,97.7,26.1,663568,42.8,41.3,45,50.9,86.5,Low,R,Stephen Kolek,KCR,osi_tier
10.8,7,2.7,0.76,,17.6,11.8,9,3.33,2,53,107.2,39.7,663568,58.7,47.3,57.5,68.4,72.5,Mid,R,Stephen Kolek,KCR,osi_tier
13.5,4.6,0,0.76,,0,9.1,9,2,1,47,110.2,24.8,663568,81.2,44.1,57.4,55.7,51,High,R,Stephen Kolek,KCR,abq_tier
4.11,4.45,1.37,0.76,,16.2,5.8,6.08,5.75,8,41.9,98.8,28.5,663568,40,41.6,46,55.2,87.9,Low,R,Stephen Kolek,KCR,abq_tier
4.5,4.27,1.5,0.76,,13.6,0,5.4,6,1,45.8,94.7,35.8,663568,58.2,48.5,50.1,46.1,83,Mid,R,Stephen Kolek,KCR,abq_tier
3.75,4.6,1.5,0.76,,20.4,8.2,4.5,6,2,50.2,104.7,40.5,663568,37.2,47.3,54.6,75.3,95.5,High,R,Stephen Kolek,KCR,rcv_tier
3.91,3.67,1.17,0.76,,19.8,4.2,5.85,5.75,4,33.9,96,17.4,663568,44,35.3,40,42.5,89,Low,R,Stephen Kolek,KCR,rcv_tier
5.68,5.26,1.42,0.76,,6.3,5.1,7.65,4.75,4,48,100.6,34.4,663568,52.3,47.3,51.5,55.7,72.5,Mid,R,Stephen Kolek,KCR,rcv_tier
4.01,4.09,1.09,0.76,,13.9,4.5,6,5.48,9,41,99.1,26,663568,47,41.6,46.4,51.4,82.6,Low,R,Stephen Kolek,KCR,obr_tier
9.64,8.03,3.86,0.76,,26.1,13,9,4.67,1,59.1,104.1,54.6,663568,36.2,50.4,57.6,81.1,94,Mid,R,Stephen Kolek,KCR,obr_tier
4.5,4.43,1.33,0.76,,15.2,5.4,6.3,5.4,10,42.8,99.6,28.8,663568,46,42.5,47.5,54.4,83.7,R,R,Stephen Kolek,KCR,hand
4.3,4.36,1.57,0.76,,22.4,7.1,5.85,5.75,4,43.3,96.1,29.3,663568,37.6,41.1,44.1,52.1,90.8,away,R,Stephen Kolek,KCR,location
4.65,4.49,1.16,0.76,,9.5,4,6.6,5.17,6,42.5,101.9,28.5,663568,51.6,43.5,49.8,55.9,79,home,R,Stephen Kolek,KCR,location
7.66,5.07,1.61,0.77,,23.4,13.1,8.64,4.47,5,85.2,110.5,54.6,663623,68.1,85.9,74.3,65.5,92.8,High,R,Jake Irvin,WSN,osi_tier
5.65,5.68,1.88,0.77,,22,13.6,6.3,4.78,6,27.1,92.9,20.7,663623,37.9,35.2,37.6,40.3,89.8,Low,R,Jake Irvin,WSN,osi_tier
4.15,3.76,1.3,0.77,,23.4,5.7,3.09,4.95,7,49.7,106.4,49,663623,46.7,48.6,55.9,70.9,80,Mid,R,Jake Irvin,WSN,osi_tier
7.71,4.39,0.64,0.77,,20.3,15.9,9.6,4.67,3,83,112.5,55.4,663623,73,84.6,75.4,66.7,94.3,High,R,Jake Irvin,WSN,abq_tier
4.87,4.61,1.42,0.77,,22.5,11,5.2,4.93,9,35.3,98.2,28.4,663623,37.7,39.8,43.8,52.8,89.3,Low,R,Jake Irvin,WSN,abq_tier
5.6,5.15,2.3,0.77,,25.2,6.3,4.5,4.56,6,61.6,105.6,53.1,663623,56.1,61.5,61.3,65,79.3,Mid,R,Jake Irvin,WSN,abq_tier
5.49,2.64,0.46,0.77,,22.2,6.7,6.3,4.92,4,63.4,110.8,47.2,663623,45.8,61.9,63.8,78.6,87.5,High,R,Jake Irvin,WSN,rcv_tier
5.56,5.31,1.59,0.77,,23.6,15.1,6.12,4.53,5,24.3,90.9,17.1,663623,36.7,35,35.6,35.4,87,Low,R,Jake Irvin,WSN,rcv_tier
5.61,5.41,2.08,0.77,,22.8,9.8,5.2,4.81,9,62.3,106.4,51.8,663623,58.7,62,61.8,63.8,86.4,Mid,R,Jake Irvin,WSN,rcv_tier
7.66,5.07,1.61,0.77,,23.4,13.1,8.64,4.47,5,85.2,110.5,54.6,663623,68.1,85.9,74.3,65.5,92.8,High,R,Jake Irvin,WSN,obr_tier
5.31,5.09,1.72,0.77,,21.2,10.4,4.95,4.81,12,37.6,99.9,34.4,663623,43.2,41.7,46.6,54.8,84.2,Low,R,Jake Irvin,WSN,obr_tier
0,-0.08,0,0.77,,39.1,0,0,5.67,1,59.1,104.1,54.6,663623,36.2,50.4,57.6,81.1,88,Mid,R,Jake Irvin,WSN,obr_tier
5.57,4.75,1.58,0.77,,22.9,10.5,5.7,4.76,18,52,103.1,41.1,663623,49.7,54.5,54.9,59.2,86.8,R,R,Jake Irvin,WSN,hand
4.76,5,1.76,0.77,,23.7,10.7,4.68,5.1,10,49.1,101.5,40.6,663623,45.2,48.7,51.3,58.7,87.8,away,R,Jake Irvin,WSN,location
6.75,4.37,1.3,0.77,,21.8,10.3,6.98,4.33,8,55.7,105,41.8,663623,55.3,61.7,59.4,59.9,85.6,home,R,Jake Irvin,WSN,location
13.5,8.6,4.5,0.6,,25,10,7.2,2,2,93.5,111.6,55.3,663738,61.8,88.3,75.7,71.4,37,High,L,Daniel Lynch IV,KCR,osi_tier
2.25,4.1,0,0.6,,6.7,13.3,1.8,4,1,46.3,98.8,27.8,663738,30,31.9,46.4,74.9,45,Low,L,Daniel Lynch IV,KCR,osi_tier
4.7,4.67,1.17,0.6,,15.6,9.4,6.3,3.83,2,52.8,88.8,42.5,663738,58.1,64.8,56.5,45.8,64.5,Mid,L,Daniel Lynch IV,KCR,osi_tier
2.25,4.1,0,0.6,,6.7,13.3,1.8,4,1,46.3,98.8,27.8,663738,30,31.9,46.4,74.9,45,Low,L,Daniel Lynch IV,KCR,abq_tier
7.71,6.01,2.31,0.6,,19.2,9.6,6.75,2.92,4,73.1,100.2,49,663738,60,76.5,66.1,58.6,50.8,Mid,L,Daniel Lynch IV,KCR,abq_tier
6.35,4.16,0,0.6,,12,16,4.5,2.83,2,67.4,109.8,40.6,663738,45.3,60.3,62.5,77.5,40,High,L,Daniel Lynch IV,KCR,rcv_tier
5.4,7,2.7,0.6,,20,13.3,3.6,3.33,1,45.8,85.6,35.8,663738,58.5,58.4,50.5,35.8,70,Low,L,Daniel Lynch IV,KCR,rcv_tier
6.75,5.95,2.7,0.6,,18.5,3.7,8.1,3.33,2,79.2,97.1,53.3,663738,60.3,79.5,67.6,59.2,49,Mid,L,Daniel Lynch IV,KCR,rcv_tier
8.64,5.62,2.16,0.6,,18.9,8.1,7.8,2.78,3,82.3,105,53.3,663738,60.4,82.6,71.3,66.2,44.3,High,L,Daniel Lynch IV,KCR,obr_tier
2.25,4.1,0,0.6,,6.7,13.3,1.8,4,1,46.3,98.8,27.8,663738,30,31.9,46.4,74.9,45,Low,L,Daniel Lynch IV,KCR,obr_tier
5.4,7,2.7,0.6,,20,13.3,3.6,3.33,1,45.8,85.6,35.8,663738,58.5,58.4,50.5,35.8,70,Mid,L,Daniel Lynch IV,KCR,obr_tier
6.32,5.53,1.72,0.6,,16.4,10.4,5.76,3.13,5,67.8,99.9,44.7,663738,54,67.6,62.2,61.8,49.6,L,L,Daniel Lynch IV,KCR,hand
7.94,8.92,4.76,0.6,,24,8,5.4,2.83,2,72.1,94,46.5,663738,60.7,73.2,61.6,49.2,54.5,away,L,Daniel Lynch IV,KCR,location
5.4,3.6,0,0.6,,11.9,11.9,6,3.33,3,64.9,103.9,43.5,663738,49.5,63.9,62.5,70.2,46.3,home,L,Daniel Lynch IV,KCR,location
5.24,4.47,1.31,0.83,,20.4,9.9,5.91,4.9,7,33.9,89.7,35.8,663776,40.4,29,36.7,42.9,85.4,Low,L,Patrick Sandoval,BOS,osi_tier
2.45,3.51,0.61,0.83,,26.2,13.8,1.8,4.89,3,64.8,101.9,65.3,663776,32.2,52.1,55.4,75.9,83.3,Mid,L,Patrick Sandoval,BOS,osi_tier
7.2,4.3,1.8,0.83,,21.7,4.3,9,5,1,47,94,24.8,663776,64.1,30.3,38.8,30.6,76,High,L,Patrick Sandoval,BOS,abq_tier
4.86,4.48,1.35,0.83,,24.5,12.3,4.63,4.76,7,50.5,97.2,45.1,663776,29,40.1,45.8,64.5,86.3,Low,L,Patrick Sandoval,BOS,abq_tier
1.69,3.19,0,0.83,,14.3,10.2,2.7,5.33,2,15.4,79.8,53.3,663776,56.1,24.3,31.8,23,84,Mid,L,Patrick Sandoval,BOS,abq_tier
2.75,4.32,1.37,0.83,,27.6,12.6,2.25,4.92,4,60.2,101.1,56,663776,31.2,46.6,52.6,74.7,85.5,High,L,Patrick Sandoval,BOS,rcv_tier
4.12,3.71,0.46,0.83,,15.2,9.8,5.4,4.92,4,29.7,86.5,41.8,663776,53.6,30,35.5,28.9,81,Low,L,Patrick Sandoval,BOS,rcv_tier
8.38,4.86,1.86,0.83,,25,10.4,8.1,4.83,2,36,91.7,27.8,663776,20.1,26.4,35.4,56.7,91,Mid,L,Patrick Sandoval,BOS,rcv_tier
1.69,5.16,1.69,0.83,,30.4,17.4,1.8,5.33,1,76.2,104,86.8,663776,35.5,67.8,63,77.1,96,High,L,Patrick Sandoval,BOS,obr_tier
4.74,4.06,1.03,0.83,,21.1,10.3,5,4.85,9,39.5,92.2,40,663776,38.2,32.4,40,50.1,83.6,Low,L,Patrick Sandoval,BOS,obr_tier
4.41,4.18,1.1,0.83,,22,11,4.68,4.9,10,43.1,93.4,44.7,663776,37.9,35.9,42.3,52.8,84.8,L,L,Patrick Sandoval,BOS,hand
4.74,3.91,1.09,0.83,,25.2,11.3,5.04,4.93,5,48.6,95.2,52.6,663776,35.5,41.1,47.1,62.2,85.2,away,L,Patrick Sandoval,BOS,location
4.07,4.46,1.11,0.83,,18.8,10.7,4.32,4.87,5,37.7,91.5,36.8,663776,40.4,30.7,37.6,43.3,84.4,home,L,Patrick Sandoval,BOS,location
3,2.77,0,0.43,,16.7,8.3,7.2,3,1,47,110.2,24.8,663795,77.1,41.9,54.5,52.9,46,Mid,R,Justin Hagenman,NYM,osi_tier
3,2.77,0,0.43,,16.7,8.3,7.2,3,1,47,110.2,24.8,663795,77.1,41.9,54.5,52.9,46,High,R,Justin Hagenman,NYM,abq_tier
3,2.77,0,0.43,,16.7,8.3,7.2,3,1,47,110.2,24.8,663795,77.1,41.9,54.5,52.9,46,Mid,R,Justin Hagenman,NYM,rcv_tier
3,2.77,0,0.43,,16.7,8.3,7.2,3,1,47,110.2,24.8,663795,77.1,41.9,54.5,52.9,46,Low,R,Justin Hagenman,NYM,obr_tier
3,2.77,0,0.43,,16.7,8.3,7.2,3,1,47,110.2,24.8,663795,77.1,41.9,54.5,52.9,46,R,R,Justin Hagenman,NYM,hand
3,2.77,0,0.43,,16.7,8.3,7.2,3,1,47,110.2,24.8,663795,77.1,41.9,54.5,52.9,46,away,R,Justin Hagenman,NYM,location
16.2,4.3,0,0.73,,25,25,4.5,0.83,2,48.5,109.4,30.6,663855,59.2,43.4,53.2,60,16.5,Mid,R,Jordan Hicks,CHW,osi_tier
0,1.1,0,0.73,,33.3,0,1.8,1,1,47,110.2,24.8,663855,77.1,41.9,54.5,52.9,8,High,R,Jordan Hicks,CHW,abq_tier
40.5,9.1,0,0.73,,20,40,7.2,0.67,1,49.9,108.6,36.5,663855,41.4,45,51.8,67,25,Low,R,Jordan Hicks,CHW,abq_tier
40.5,9.1,0,0.73,,20,40,7.2,0.67,1,49.9,108.6,36.5,663855,41.4,45,51.8,67,25,High,R,Jordan Hicks,CHW,rcv_tier
0,1.1,0,0.73,,33.3,0,1.8,1,1,47,110.2,24.8,663855,77.1,41.9,54.5,52.9,8,Mid,R,Jordan Hicks,CHW,rcv_tier
16.2,4.3,0,0.73,,25,25,4.5,0.83,2,48.5,109.4,30.6,663855,59.2,43.4,53.2,60,16.5,Low,R,Jordan Hicks,CHW,obr_tier
16.2,4.3,0,0.73,,25,25,4.5,0.83,2,48.5,109.4,30.6,663855,59.2,43.4,53.2,60,16.5,R,R,Jordan Hicks,CHW,hand
16.2,4.3,0,0.73,,25,25,4.5,0.83,2,48.5,109.4,30.6,663855,59.2,43.4,53.2,60,16.5,away,R,Jordan Hicks,CHW,location
3.97,5.04,1.99,0.81,,18.9,5.3,6.3,5.67,4,82.7,108.6,53.8,663903,54.6,67.8,65.2,69.8,95,High,R,Brady Singer,CIN,osi_tier
4.64,4.36,1.47,0.81,,19,6.3,5.27,5.26,14,35.4,97.1,27.2,663903,39.2,35.7,40.5,46.9,89.1,Low,R,Brady Singer,CIN,osi_tier
5.56,5.35,1.79,0.81,,17.5,9.2,6.6,5.04,9,49.5,105,39.9,663903,39.1,47.9,51.6,64.9,91.3,Mid,R,Brady Singer,CIN,osi_tier
0,1.96,0,0.81,,28,8,0,7,1,75.2,110.3,54.5,663903,65.3,67.8,61.9,52.8,106,High,R,Brady Singer,CIN,abq_tier
4.68,4.6,1.56,0.81,,18,6.4,5.81,5.24,22,44,101.3,32.8,663903,38.2,41.7,46.3,57.4,89.5,Low,R,Brady Singer,CIN,abq_tier
7.45,6.93,2.79,0.81,,18.5,10.9,7.65,4.83,4,57,100.4,44.5,663903,53.1,54.1,52.7,51,94,Mid,R,Brady Singer,CIN,abq_tier
5.08,6.08,2.28,0.81,,14.8,7.6,6.84,5.13,10,52.4,106.6,37.6,663903,36.4,44.2,52,72,89,High,R,Brady Singer,CIN,rcv_tier
4.42,3.95,1.23,0.81,,21.5,7.4,4.37,5.24,7,31,93.9,22.7,663903,41.8,36.4,36.8,33.7,89,Low,R,Brady Singer,CIN,rcv_tier
4.86,4.12,1.34,0.81,,20.1,6.4,5.94,5.37,10,53.1,101.6,41.9,663903,46.2,50.5,51.5,56.4,93.7,Mid,R,Brady Singer,CIN,rcv_tier
2.77,2.79,0.69,0.81,,26,6,3.6,6.5,2,81.8,108.9,54,663903,62.2,76.7,66.3,57.5,101,High,R,Brady Singer,CIN,obr_tier
4.97,4.98,1.72,0.81,,17.3,7.1,5.87,5.25,19,39.3,101,31.5,663903,38.9,38.2,44.4,55.3,90.6,Low,R,Brady Singer,CIN,obr_tier
5.28,5.03,1.86,0.81,,19.7,7.6,6.6,4.83,6,60.2,100.5,41.4,663903,42.4,53.9,52.8,58.9,87.8,Mid,R,Brady Singer,CIN,obr_tier
4.83,4.79,1.65,0.81,,18.5,7.1,5.87,5.25,27,47.1,101.5,35.4,663903,41.4,44.5,47.9,56.3,90.7,R,R,Brady Singer,CIN,hand
5.67,4.6,1.76,0.81,,19.7,5.6,6.92,5.13,13,45.9,103.5,33.6,663903,42.2,46.6,50.4,60.6,90.4,away,R,Brady Singer,CIN,location
4.08,4.95,1.56,0.81,,17.3,8.5,4.89,5.36,14,48.3,99.6,37,663903,40.7,42.6,45.5,52.3,91.1,home,R,Brady Singer,CIN,location
3.38,2.72,0,0.73,,18.2,9.1,0.9,1.33,2,37,106.3,18.8,663947,32,28.4,42.8,66.9,20.5,Low,L,Tyler Holton,DET,osi_tier
0,1.1,0,0.73,,20,0,0,1,1,45.2,114.1,29.6,663947,55.4,65.9,60.8,58.9,22,Mid,L,Tyler Holton,DET,osi_tier
3.38,2.72,0,0.73,,18.2,9.1,0.9,1.33,2,37,106.3,18.8,663947,32,28.4,42.8,66.9,20.5,Low,L,Tyler Holton,DET,abq_tier
0,1.1,0,0.73,,20,0,0,1,1,45.2,114.1,29.6,663947,55.4,65.9,60.8,58.9,22,Mid,L,Tyler Holton,DET,abq_tier
4.5,3.6,0,0.73,,12.5,12.5,1.8,2,1,46.3,98.8,27.8,663947,28.5,30.3,44.1,71.2,24,High,L,Tyler Holton,DET,rcv_tier
0,0.7,0,0.73,,25,0,0,0.83,2,36.4,113.9,19.7,663947,45.5,46.2,51.1,60.8,19.5,Mid,L,Tyler Holton,DET,rcv_tier
0,1.1,0,0.73,,20,0,0,1,1,45.2,114.1,29.6,663947,55.4,65.9,60.8,58.9,22,High,L,Tyler Holton,DET,obr_tier
3.38,2.72,0,0.73,,18.2,9.1,0.9,1.33,2,37,106.3,18.8,663947,32,28.4,42.8,66.9,20.5,Low,L,Tyler Holton,DET,obr_tier
2.45,2.28,0,0.73,,18.8,6.2,0.6,1.22,3,39.7,108.9,22.4,663947,39.8,40.9,48.8,64.2,21,L,L,Tyler Holton,DET,hand
4.5,3.6,0,0.73,,12.5,12.5,1.8,2,1,46.3,98.8,27.8,663947,28.5,30.3,44.1,71.2,24,away,L,Tyler Holton,DET,location
0,0.7,0,0.73,,25,0,0,0.83,2,36.4,113.9,19.7,663947,45.5,46.2,51.1,60.8,19.5,home,L,Tyler Holton,DET,location
3.75,4.82,1.5,0.7,,17.9,8.4,4.02,4.62,13,34.7,94.5,24.1,663969,42.7,37.3,41.8,46.4,70.5,Low,R,Tyler Phillips,MIA,osi_tier
5.93,4.34,1.32,0.7,,20.7,8.6,4.2,4.56,3,46.8,103.6,40.7,663969,45.7,48.4,55.2,69.7,77.3,Mid,R,Tyler Phillips,MIA,osi_tier
4.6,5.09,1.72,0.7,,17.5,7.8,4.57,4.82,13,34.4,97.1,25.1,663969,38.7,37.6,42.8,51.7,75.7,Low,R,Tyler Phillips,MIA,abq_tier
1.64,2.65,0,0.7,,24.4,12.2,1.8,3.67,3,48.1,92.4,36.5,663969,62.8,47.1,50.8,46.6,55,Mid,R,Tyler Phillips,MIA,abq_tier
7.62,5.48,2.08,0.7,,16.9,6.8,7.2,4.33,3,44.6,106.8,31.5,663969,37.4,47.1,54.1,74,77,High,R,Tyler Phillips,MIA,rcv_tier
4.36,4.95,1.66,0.7,,21.1,9.7,3.96,4.33,10,31.6,92.5,21.2,663969,43.2,34.9,39.6,42.4,68.1,Low,R,Tyler Phillips,MIA,rcv_tier
1.04,3.62,0.52,0.7,,12.3,6.2,1.2,5.78,3,47,98,42.7,663969,49.2,46.7,50.4,55.4,79,Mid,R,Tyler Phillips,MIA,rcv_tier
4.3,4.72,1.43,0.7,,17.3,8,4.2,4.6,15,36.4,96.8,27,663969,42.8,38.3,44.5,52.8,71,Low,R,Tyler Phillips,MIA,obr_tier
1.93,4.81,1.93,0.7,,35,15,1.8,4.67,1,45.2,86.8,29.6,663969,49.6,55.5,41.7,20.4,84,Mid,R,Tyler Phillips,MIA,obr_tier
4.15,4.73,1.47,0.7,,18.4,8.4,4.05,4.6,16,37,96.2,27.2,663969,43.2,39.4,44.3,50.7,71.8,R,R,Tyler Phillips,MIA,hand
5.82,5.51,1.85,0.7,,12.6,6.3,6.43,4.86,7,38.8,96,30.5,663969,41.2,39.6,44.7,53.1,74.4,away,R,Tyler Phillips,MIA,location
2.72,4.06,1.13,0.7,,23.5,10.2,2.2,4.41,9,35.5,96.4,24.6,663969,44.8,39.2,44,48.9,69.8,home,R,Tyler Phillips,MIA,location
4.5,3.35,0,0.85,,5.9,5.9,3.6,4,1,98.5,116.8,57.3,663978,68.1,95.7,82.2,76.9,67,High,R,Chris Paddack,CIN,osi_tier
8.83,4.14,1.04,0.85,,18,9,7.65,4.33,4,41.4,93.3,33.4,663978,42.7,42.3,43.5,45.4,81.2,Low,R,Chris Paddack,CIN,osi_tier
7.32,5.59,2.29,0.85,,16.1,4.6,7.2,4.92,4,53.8,104.3,52.4,663978,46.3,48,54.9,68.8,88.2,Mid,R,Chris Paddack,CIN,osi_tier
4.5,3.35,0,0.85,,5.9,5.9,3.6,4,1,98.5,116.8,57.3,663978,68.1,95.7,82.2,76.9,67,High,R,Chris Paddack,CIN,abq_tier
10.07,5.03,2.01,0.85,,20.5,7.1,9,4.47,5,47.7,97.3,40.4,663978,40.1,45.1,48.4,58.2,84.4,Low,R,Chris Paddack,CIN,abq_tier
4.91,4.74,1.23,0.85,,10.9,6.2,4.8,4.89,3,47.4,101.3,47.2,663978,51.8,45.3,50.4,55.3,85.3,Mid,R,Chris Paddack,CIN,abq_tier
7.71,4.74,1.93,0.85,,17.5,3.2,7.2,4.67,3,72.5,108.3,53.7,663978,51.1,66,66,76.6,80.7,High,R,Chris Paddack,CIN,rcv_tier
10.57,5.32,1.17,0.85,,9.8,9.8,8.1,3.83,2,30.8,92.8,28.4,663978,46.1,36.2,39.8,39.3,75.5,Low,R,Chris Paddack,CIN,rcv_tier
6.52,4.55,1.4,0.85,,18,7.9,6.3,4.83,4,50.1,99.2,45.6,663978,44.6,46.7,49.5,56.3,88,Mid,R,Chris Paddack,CIN,rcv_tier
4.5,3.35,0,0.85,,5.9,5.9,3.6,4,1,98.5,116.8,57.3,663978,68.1,95.7,82.2,76.9,67,High,R,Chris Paddack,CIN,obr_tier
6.82,4.71,1.36,0.85,,15.5,7.7,6.43,4.71,7,46,98.1,41.3,663978,45.4,44,47.5,52.9,85.6,Low,R,Chris Paddack,CIN,obr_tier
18,6.6,4.5,0.85,,28.6,0,14.4,4,1,59.1,104.1,54.6,663978,38.5,53.6,61.3,86.3,79,Mid,R,Chris Paddack,CIN,obr_tier
7.68,4.76,1.54,0.85,,16.1,6.7,7,4.56,9,53.2,100.8,44.5,663978,47.1,50.8,52.9,59.3,82.8,R,R,Chris Paddack,CIN,hand
3.66,3.66,0.92,0.85,,14.3,3.6,3.6,4.92,4,63.1,105,48.8,663978,55.6,59.4,59.6,62.8,83.2,away,R,Chris Paddack,CIN,location
11.39,5.77,2.11,0.85,,17.4,9.2,9.72,4.27,5,45.4,97.5,41.1,663978,40.3,43.9,47.4,56.5,82.4,home,R,Chris Paddack,CIN,location
0,3.1,0,0.85,,28.6,19,3.6,1.67,3,35.8,91.4,31.1,663992,39.2,31.6,46.5,68.9,28.3,Low,L,Richard Lovelady,WSN,osi_tier
7.71,7.81,3.86,0.85,,10,0,5.4,1.17,2,52.5,96.7,48.5,663992,44.7,54.9,56.8,67.7,19.5,Mid,L,Richard Lovelady,WSN,osi_tier
2.84,4.84,1.42,0.85,,25.9,14.8,5.4,1.58,4,41,94,34.4,663992,38.7,39.4,49.7,69.6,28,Low,L,Richard Lovelady,WSN,abq_tier
0,3.1,0,0.85,,0,0,0,1,1,48.2,91.5,52.9,663992,52.4,47.1,54.3,64,12,Mid,L,Richard Lovelady,WSN,abq_tier
7.71,6.96,3.86,0.85,,18.2,0,5.4,1.17,2,41.4,96.2,29.8,663992,32.1,41.8,50.1,72.5,20.5,High,L,Richard Lovelady,WSN,rcv_tier
0,3.5,0,0.85,,25,20,3.6,1.67,3,43.2,91.7,43.6,663992,47.6,40.3,51,65.7,27.7,Mid,L,Richard Lovelady,WSN,rcv_tier
0,3.1,0,0.85,,24,16,2.7,1.5,4,38.9,91.4,36.5,663992,42.5,35.4,48.5,67.7,24.2,Low,L,Richard Lovelady,WSN,obr_tier
13.5,11.35,6.75,0.85,,16.7,0,10.8,1.33,1,56.8,101.8,44.2,663992,36.9,62.7,59.3,71.5,27,Mid,L,Richard Lovelady,WSN,obr_tier
2.45,4.6,1.23,0.85,,22.6,12.9,4.32,1.47,5,42.5,93.5,38.1,663992,41.4,40.9,50.6,68.5,24.8,L,L,Richard Lovelady,WSN,hand
0,1.85,0,0.85,,25,6.2,1.2,1.33,3,38.3,91.3,35.7,663992,41.2,34.6,47.8,67.5,18.7,away,L,Richard Lovelady,WSN,location
5.4,7.9,2.7,0.85,,20,20,9,1.67,2,48.8,96.8,41.5,663992,41.7,50.3,54.9,69.9,34,home,L,Richard Lovelady,WSN,location
3.86,1.81,0,0.42,,30,10,3.6,2.33,1,2.8,94.7,4.1,664074,38.9,40.3,30.7,13.8,47,Low,R,Cody Ponce,TOR,osi_tier
3.86,1.81,0,0.42,,30,10,3.6,2.33,1,2.8,94.7,4.1,664074,38.9,40.3,30.7,13.8,47,Low,R,Cody Ponce,TOR,abq_tier
3.86,1.81,0,0.42,,30,10,3.6,2.33,1,2.8,94.7,4.1,664074,38.9,40.3,30.7,13.8,47,Low,R,Cody Ponce,TOR,rcv_tier
3.86,1.81,0,0.42,,30,10,3.6,2.33,1,2.8,94.7,4.1,664074,38.9,40.3,30.7,13.8,47,Low,R,Cody Ponce,TOR,obr_tier
3.86,1.81,0,0.42,,30,10,3.6,2.33,1,2.8,94.7,4.1,664074,38.9,40.3,30.7,13.8,47,R,R,Cody Ponce,TOR,hand
3.86,1.81,0,0.42,,30,10,3.6,2.33,1,2.8,94.7,4.1,664074,38.9,40.3,30.7,13.8,47,home,R,Cody Ponce,TOR,location
27,17.1,9,0.74,,14.3,14.3,7.2,1,1,76.2,104.6,86.8,664126,41,77.6,67.9,76.1,27,High,R,Pete Fairbanks,MIA,osi_tier
27,17.1,9,0.74,,14.3,14.3,7.2,1,1,76.2,104.6,86.8,664126,41,77.6,67.9,76.1,27,Low,R,Pete Fairbanks,MIA,abq_tier
27,17.1,9,0.74,,14.3,14.3,7.2,1,1,76.2,104.6,86.8,664126,41,77.6,67.9,76.1,27,High,R,Pete Fairbanks,MIA,rcv_tier
27,17.1,9,0.74,,14.3,14.3,7.2,1,1,76.2,104.6,86.8,664126,41,77.6,67.9,76.1,27,High,R,Pete Fairbanks,MIA,obr_tier
27,17.1,9,0.74,,14.3,14.3,7.2,1,1,76.2,104.6,86.8,664126,41,77.6,67.9,76.1,27,R,R,Pete Fairbanks,MIA,hand
27,17.1,9,0.74,,14.3,14.3,7.2,1,1,76.2,104.6,86.8,664126,41,77.6,67.9,76.1,27,away,R,Pete Fairbanks,MIA,location
9,1.1,0,0.66,,20,0,3.6,1,1,59.8,103.9,49.3,664141,48.2,50.1,56.2,68.8,16,Mid,R,JT Brubaker,SFG,osi_tier
9,1.1,0,0.66,,20,0,3.6,1,1,59.8,103.9,49.3,664141,48.2,50.1,56.2,68.8,16,Low,R,JT Brubaker,SFG,abq_tier
9,1.1,0,0.66,,20,0,3.6,1,1,59.8,103.9,49.3,664141,48.2,50.1,56.2,68.8,16,High,R,JT Brubaker,SFG,rcv_tier
9,1.1,0,0.66,,20,0,3.6,1,1,59.8,103.9,49.3,664141,48.2,50.1,56.2,68.8,16,Low,R,JT Brubaker,SFG,obr_tier
9,1.1,0,0.66,,20,0,3.6,1,1,59.8,103.9,49.3,664141,48.2,50.1,56.2,68.8,16,R,R,JT Brubaker,SFG,hand
9,1.1,0,0.66,,20,0,3.6,1,1,59.8,103.9,49.3,664141,48.2,50.1,56.2,68.8,16,home,R,JT Brubaker,SFG,location
0,3.7,0,0.56,,16.7,16.7,0,1.67,1,15.8,90.9,21.1,664199,35.7,25.5,30.9,33.8,20,Low,R,Taylor Clarke,ARI,osi_tier
0,3.7,0,0.56,,16.7,16.7,0,1.67,1,15.8,90.9,21.1,664199,35.7,25.5,30.9,33.8,20,Low,R,Taylor Clarke,ARI,abq_tier
0,3.7,0,0.56,,16.7,16.7,0,1.67,1,15.8,90.9,21.1,664199,35.7,25.5,30.9,33.8,20,Low,R,Taylor Clarke,ARI,rcv_tier
0,3.7,0,0.56,,16.7,16.7,0,1.67,1,15.8,90.9,21.1,664199,35.7,25.5,30.9,33.8,20,Low,R,Taylor Clarke,ARI,obr_tier
0,3.7,0,0.56,,16.7,16.7,0,1.67,1,15.8,90.9,21.1,664199,35.7,25.5,30.9,33.8,20,R,R,Taylor Clarke,ARI,hand
0,3.7,0,0.56,,16.7,16.7,0,1.67,1,15.8,90.9,21.1,664199,35.7,25.5,30.9,33.8,20,home,R,Taylor Clarke,ARI,location
12.15,4.6,1.35,0.73,,17.1,8.6,9,3.33,2,93.5,111.6,55.3,664285,60.6,86.5,74.1,69.7,73.5,High,L,Framber Valdez,DET,osi_tier
2.95,3.09,0.42,0.73,,17.7,6.9,3.34,6.1,14,43,96,33.8,664285,41.1,36.6,44.3,55.5,92.4,Low,L,Framber Valdez,DET,osi_tier
5.52,5.23,1.53,0.73,,17.2,10.9,5.73,5.33,11,51,99.2,40.2,664285,46.3,59.4,55.3,57.1,87.8,Mid,L,Framber Valdez,DET,osi_tier
4.5,6.27,1.5,0.73,,0,7.7,5.4,6,1,47,94,24.8,664285,72.5,34.2,43.9,34.6,84,High,L,Framber Valdez,DET,abq_tier
3.55,3.27,0.59,0.73,,19.5,7.7,3.5,5.91,18,46.6,97.3,36.2,664285,37.3,45,48.1,59.4,91.3,Low,L,Framber Valdez,DET,abq_tier
6.57,5.63,1.64,0.73,,14.8,11,7.42,4.79,8,58.1,101.5,43.7,664285,57.8,61.7,58.4,54.9,85,Mid,L,Framber Valdez,DET,abq_tier
4.05,2.8,0.54,0.73,,23.7,7.2,4.5,5.56,6,62.2,104.2,49.1,664285,35.4,52.2,55.8,74.6,83.3,High,L,Framber Valdez,DET,rcv_tier
5.04,4.49,0.81,0.73,,12.4,9.9,5.4,5.58,8,45.8,90,34.4,664285,50.8,51,47.6,41.3,89.6,Low,L,Framber Valdez,DET,rcv_tier
4.09,4.23,1.11,0.73,,18,8.4,4.43,5.59,13,47,101,35.1,664285,45.2,47.5,50.9,58.9,91.5,Mid,L,Framber Valdez,DET,rcv_tier
7.48,4.99,2.08,0.73,,23.1,7.7,7.92,4.33,5,70.7,111.1,51.3,664285,53.4,74.5,66.6,66.9,79.8,High,L,Framber Valdez,DET,obr_tier
3.13,3.21,0.49,0.73,,17.5,6.9,3.36,6.13,15,44.1,96.3,35.2,664285,40.5,37.2,45,57.1,92.2,Low,L,Framber Valdez,DET,obr_tier
5.59,5.34,1.22,0.73,,14,12.9,5.4,5.29,7,47.8,93.9,34.5,664285,47.3,58.2,52.8,50.5,89.3,Mid,L,Framber Valdez,DET,obr_tier
4.36,3.99,0.9,0.73,,17.5,8.6,4.73,5.58,27,50,98.4,38,664285,44.7,49.6,51,57.2,89.1,L,L,Framber Valdez,DET,hand
4.38,3.43,0.58,0.73,,19.2,9,4.37,5.57,14,47.5,100.5,34.5,664285,39.1,46.8,49.6,60.4,89,away,L,Framber Valdez,DET,location
4.33,4.59,1.24,0.73,,15.6,8.1,5.12,5.59,13,52.7,96.2,41.8,664285,50.7,52.5,52.5,53.7,89.3,home,L,Framber Valdez,DET,location
7.23,5.78,1.93,0.86,,15.3,9.4,8.28,3.73,5,14.5,96.5,16,664299,37.1,20.3,30.2,36.6,65.2,Low,R,Cristian Javier,HOU,osi_tier
9.24,6.18,2.13,0.86,,19,12.7,12.6,4.22,3,46.3,100,29.8,664299,42.8,49.2,52.9,64.5,86,Mid,R,Cristian Javier,HOU,osi_tier
8.88,6.26,2.13,0.86,,18.5,12.9,10.54,3.62,7,28,98.1,16.6,664299,36.5,34.2,39.9,49,71.3,Low,R,Cristian Javier,HOU,abq_tier
4.5,4.6,1.5,0.86,,8.3,0,5.4,6,1,15.4,95.4,53.3,664299,58.4,10,30.3,33.4,85,Mid,R,Cristian Javier,HOU,abq_tier
10.57,4.93,1.17,0.86,,25.6,17.9,15.3,3.83,2,46.3,101.2,27.8,664299,41.6,46.5,52.8,67.9,86,High,R,Cristian Javier,HOU,rcv_tier
7.23,5.78,1.93,0.86,,15.3,9.4,8.28,3.73,5,14.5,96.5,16,664299,37.1,20.3,30.2,36.6,65.2,Low,R,Cristian Javier,HOU,rcv_tier
7.2,8.1,3.6,0.86,,8.3,4.2,7.2,5,1,46.2,97.8,33.8,664299,45.1,54.5,53.2,57.6,86,Mid,R,Cristian Javier,HOU,rcv_tier
8.2,5.53,1.71,0.86,,18.5,12.1,10.29,3.76,7,23.6,97.8,19.4,664299,38.4,27.8,36.7,45.5,71.1,Low,R,Cristian Javier,HOU,obr_tier
7.2,8.1,3.6,0.86,,8.3,4.2,7.2,5,1,46.2,97.8,33.8,664299,45.1,54.5,53.2,57.6,86,Mid,R,Cristian Javier,HOU,obr_tier
8.04,5.94,2.01,0.86,,16.9,10.8,9.9,3.92,8,26.4,97.8,21.2,664299,39.2,31.1,38.7,47,73,R,R,Cristian Javier,HOU,hand
9.95,5.86,1.42,0.86,,13.4,13.4,11.7,3.17,4,30.7,99.1,18.9,664299,41.7,41.8,43.4,46.5,62,away,R,Cristian Javier,HOU,location
6.75,5.99,2.41,0.86,,19.8,8.6,8.1,4.67,4,22.1,96.5,23.5,664299,36.8,20.4,34,47.6,84,home,R,Cristian Javier,HOU,location
15,5.77,0,0.83,,9.5,19,12.6,3,1,27.6,102.7,9.8,664353,45.6,29,40.9,51,93,Low,R,José Urquidy,CHW,osi_tier
15,5.77,0,0.83,,9.5,19,12.6,3,1,27.6,102.7,9.8,664353,45.6,29,40.9,51,93,Low,R,José Urquidy,CHW,abq_tier
15,5.77,0,0.83,,9.5,19,12.6,3,1,27.6,102.7,9.8,664353,45.6,29,40.9,51,93,Low,R,José Urquidy,CHW,rcv_tier
15,5.77,0,0.83,,9.5,19,12.6,3,1,27.6,102.7,9.8,664353,45.6,29,40.9,51,93,Low,R,José Urquidy,CHW,obr_tier
15,5.77,0,0.83,,9.5,19,12.6,3,1,27.6,102.7,9.8,664353,45.6,29,40.9,51,93,R,R,José Urquidy,CHW,hand
15,5.77,0,0.83,,9.5,19,12.6,3,1,27.6,102.7,9.8,664353,45.6,29,40.9,51,93,home,R,José Urquidy,CHW,location
13.5,9.1,0,1.05,,20,40,1.8,0.67,1,52,94.5,38.4,664849,39.8,49.1,47.9,52.2,25,Low,L,Danny Young,ATL,osi_tier
13.5,9.1,0,1.05,,20,40,1.8,0.67,1,52,94.5,38.4,664849,39.8,49.1,47.9,52.2,25,Low,L,Danny Young,ATL,abq_tier
13.5,9.1,0,1.05,,20,40,1.8,0.67,1,52,94.5,38.4,664849,39.8,49.1,47.9,52.2,25,Mid,L,Danny Young,ATL,rcv_tier
13.5,9.1,0,1.05,,20,40,1.8,0.67,1,52,94.5,38.4,664849,39.8,49.1,47.9,52.2,25,Low,L,Danny Young,ATL,obr_tier
13.5,9.1,0,1.05,,20,40,1.8,0.67,1,52,94.5,38.4,664849,39.8,49.1,47.9,52.2,25,L,L,Danny Young,ATL,hand
13.5,9.1,0,1.05,,20,40,1.8,0.67,1,52,94.5,38.4,664849,39.8,49.1,47.9,52.2,25,away,L,Danny Young,ATL,location
7.2,12.5,7.2,0.81,,19,4.8,7.2,5,1,88.5,107.5,53.4,665152,60.4,87.2,72.1,63.4,92,High,R,Dean Kremer,MIN,osi_tier
5.81,4.54,2.05,0.81,,29.1,7.3,5.4,5.27,5,39.7,92.9,26.5,665152,47.8,41.9,42.7,40.1,86.8,Low,R,Dean Kremer,MIN,osi_tier
5.6,4.52,1.27,0.81,,20.1,10.1,5.91,5.05,7,55.5,101.9,48.5,665152,44.2,51.5,55.6,68.3,86.7,Mid,R,Dean Kremer,MIN,osi_tier
6.5,4.41,1.38,0.81,,22.3,9.6,6,5.07,9,49.2,100.1,40.3,665152,40.7,48.2,50.6,60.4,86.4,Low,R,Dean Kremer,MIN,abq_tier
4.29,6.67,3.43,0.81,,26.5,6,5.4,5.25,4,58.2,96.2,40.7,665152,60.6,55.9,54.9,49.7,88.8,Mid,R,Dean Kremer,MIN,abq_tier
6.52,4.31,1.24,0.81,,22.4,10.4,6.9,4.83,6,56,104.2,46.4,665152,39.9,50.4,55.4,72.2,83.5,High,R,Dean Kremer,MIN,rcv_tier
6.04,4.85,2.42,0.81,,29,5.4,5.85,5.58,4,39.3,89.8,26.5,665152,50.6,41.9,41.1,33.6,87.8,Low,R,Dean Kremer,MIN,rcv_tier
4.11,7.08,2.93,0.81,,17.7,9.7,3.6,5.11,3,60.9,100.3,47,665152,55.6,62.6,59.2,58.1,93.7,Mid,R,Dean Kremer,MIN,rcv_tier
7.2,12.5,7.2,0.81,,19,4.8,7.2,5,1,88.5,107.5,53.4,665152,60.4,87.2,72.1,63.4,92,High,R,Dean Kremer,MIN,obr_tier
6.48,4.81,1.89,0.81,,26.2,9.7,5.91,4.76,7,45.9,97.3,36.5,665152,49.6,43,48,52.7,85,Low,R,Dean Kremer,MIN,obr_tier
4.76,4.19,1.27,0.81,,21.1,7.9,5.4,5.67,5,53.3,99.3,43.4,665152,40.1,53.8,53.2,62,89.2,Mid,R,Dean Kremer,MIN,obr_tier
5.8,5.12,2.02,0.81,,23.6,8.6,5.82,5.13,13,52,98.9,40.4,665152,46.8,50.6,51.9,57.1,87.2,R,R,Dean Kremer,MIN,hand
6.53,4.78,1.48,0.81,,21.5,10.8,6.6,5.06,6,47.7,97.4,38.1,665152,48.6,48.2,49.3,51.1,89.2,away,R,Dean Kremer,MIN,location
5.2,5.41,2.48,0.81,,25.3,6.7,5.14,5.19,7,55.7,100.2,42.4,665152,45.3,52.6,54.1,62.2,85.4,home,R,Dean Kremer,MIN,location
0,1.6,0,0.74,,20,0,0,1.33,1,46.2,97.8,33.8,665622,45.1,54.5,53.2,57.6,18,Mid,R,Luis Medina,ATH,osi_tier
0,1.6,0,0.74,,20,0,0,1.33,1,46.2,97.8,33.8,665622,45.1,54.5,53.2,57.6,18,Low,R,Luis Medina,ATH,abq_tier
0,1.6,0,0.74,,20,0,0,1.33,1,46.2,97.8,33.8,665622,45.1,54.5,53.2,57.6,18,Mid,R,Luis Medina,ATH,rcv_tier
0,1.6,0,0.74,,20,0,0,1.33,1,46.2,97.8,33.8,665622,45.1,54.5,53.2,57.6,18,Mid,R,Luis Medina,ATH,obr_tier
0,1.6,0,0.74,,20,0,0,1.33,1,46.2,97.8,33.8,665622,45.1,54.5,53.2,57.6,18,R,R,Luis Medina,ATH,hand
0,1.6,0,0.74,,20,0,0,1.33,1,46.2,97.8,33.8,665622,45.1,54.5,53.2,57.6,18,away,R,Luis Medina,ATH,location
3,3.77,0,0.8,,12.5,12.5,7.2,3,1,75.2,110.3,54.5,665795,68.4,71,64.9,55.3,61,High,R,Edward Cabrera,CHC,osi_tier
5.93,5.42,2.03,0.8,,21.3,9.4,6.55,5.24,11,26.3,94.3,17.8,665795,35.9,32.3,35.7,39.5,84.9,Low,R,Edward Cabrera,CHC,osi_tier
5.28,4.47,1.17,0.8,,18.8,10.1,4.8,5.11,3,50.5,105.2,42.9,665795,37.2,50.6,54.8,72.3,95,Mid,R,Edward Cabrera,CHC,osi_tier
3,3.77,0,0.8,,12.5,12.5,7.2,3,1,75.2,110.3,54.5,665795,68.4,71,64.9,55.3,61,High,R,Edward Cabrera,CHC,abq_tier
6.28,5.3,2,0.8,,21,8.6,6.65,5.18,13,30.4,96.8,22.2,665795,34.7,35.5,39.2,46.8,86.3,Low,R,Edward Cabrera,CHC,abq_tier
0,4.34,0,0.8,,18.2,22.7,0,5.67,1,45.8,94.7,35.8,665795,55.3,46.1,47.6,43.8,97,Mid,R,Edward Cabrera,CHC,abq_tier
9.45,6.78,2.7,0.8,,18.8,10.9,9,4.44,3,43.7,106.7,36.8,665795,30.8,39,50.1,76.4,88.7,High,R,Edward Cabrera,CHC,rcv_tier
4.11,4.81,1.61,0.8,,21.6,9.3,4.4,5.59,9,23.5,93.5,15.7,665795,36.8,32.1,34.3,35,86.3,Low,R,Edward Cabrera,CHC,rcv_tier
8.03,4.88,1.46,0.8,,18,9.8,9,4.11,3,57.8,100.6,42.2,665795,50.5,57.4,54.6,54.2,79,Mid,R,Edward Cabrera,CHC,rcv_tier
3,3.77,0,0.8,,12.5,12.5,7.2,3,1,75.2,110.3,54.5,665795,68.4,71,64.9,55.3,61,High,R,Edward Cabrera,CHC,obr_tier
5.89,5.25,1.87,0.8,,20.8,9.7,6.45,5.22,12,27.9,95.9,19.6,665795,35.4,33.5,37.2,42.7,86,Low,R,Edward Cabrera,CHC,obr_tier
5.23,5.04,1.74,0.8,,20.5,9.1,4.5,5.17,2,52.6,100.9,44.2,665795,40.7,52.4,55.4,69.4,93.5,Mid,R,Edward Cabrera,CHC,obr_tier
5.68,5.17,1.78,0.8,,20.4,9.7,6.24,5.07,15,34.4,97.6,25.2,665795,38.3,38.6,41.5,47.1,85.3,R,R,Edward Cabrera,CHC,hand
4.31,5.33,1.72,0.8,,21.4,12.2,4.2,5.22,6,35.9,97.8,26.8,665795,42.2,41.8,44.3,48.6,92.3,away,R,Edward Cabrera,CHC,location
6.65,5.05,1.81,0.8,,19.7,8.1,7.6,4.96,9,33.3,97.4,24.2,665795,35.7,36.4,39.6,46.1,80.7,home,R,Edward Cabrera,CHC,location
1.59,5.39,1.59,0.69,,14.3,9.5,1.8,5.67,1,98.5,116.8,57.3,665871,64.9,91.1,78.3,73.2,88,High,R,Javier Assad,CHC,osi_tier
3.98,5.21,1.99,0.69,,17.4,5.4,4.05,5.08,8,31.4,93,22.2,665871,35.1,35.5,38.1,43.3,83.6,Low,R,Javier Assad,CHC,osi_tier
0,3.1,0,0.69,,15.8,10.5,0,5.67,1,47,110.2,24.8,665871,77.1,41.9,54.5,52.9,80,Mid,R,Javier Assad,CHC,osi_tier
0.79,4.25,0.79,0.69,,15,10,0.9,5.67,2,72.8,113.5,41,665871,71,66.5,66.4,63.1,84,High,R,Javier Assad,CHC,abq_tier
3.98,5.21,1.99,0.69,,17.4,5.4,4.05,5.08,8,31.4,93,22.2,665871,35.1,35.5,38.1,43.3,83.6,Low,R,Javier Assad,CHC,abq_tier
0.77,3.61,0.77,0.69,,19,7.1,0.9,5.83,2,62.2,109.5,36.4,665871,46,56,59.6,73.4,86.5,High,R,Javier Assad,CHC,rcv_tier
5.96,6.88,3.16,0.69,,14.7,3.7,6.12,5.13,5,24.3,90.9,17.1,665871,35.2,33.5,34.2,34.1,84.2,Low,R,Javier Assad,CHC,rcv_tier
0.61,2.83,0,0.69,,19.6,10.7,0.6,4.89,3,50.3,99.3,33.9,665871,51.6,45.9,49.3,51.6,81,Mid,R,Javier Assad,CHC,rcv_tier
1.59,5.39,1.59,0.69,,14.3,9.5,1.8,5.67,1,98.5,116.8,57.3,665871,64.9,91.1,78.3,73.2,88,High,R,Javier Assad,CHC,obr_tier
3.5,4.96,1.75,0.69,,17.2,5.9,3.6,5.15,9,33.2,94.9,22.5,665871,39.8,36.2,40,44.3,83.2,Low,R,Javier Assad,CHC,obr_tier
3.29,5,1.73,0.69,,16.9,6.3,3.42,5.2,10,39.7,97.1,26,665871,42.3,41.7,43.8,47.2,83.7,R,R,Javier Assad,CHC,hand
4.45,4.85,1.78,0.69,,20.5,7.1,4.5,5.06,6,34.9,95.6,22.8,665871,41.4,34.9,41.2,48.3,82.5,away,R,Javier Assad,CHC,location
1.66,5.22,1.66,0.69,,11.2,5,1.8,5.42,4,46.9,99.5,30.7,665871,43.6,52,47.7,45.7,85.5,home,R,Javier Assad,CHC,location
14.54,6.33,0,1.12,,17.9,28.6,8.1,2.17,2,49.1,91.7,44.7,666129,48.6,47.6,54.8,67.5,64.5,Mid,L,Braxton Garrett,MIA,osi_tier
33.75,9.85,0,1.12,,23.1,38.5,10.8,1.33,1,49.9,91.9,36.5,666129,41.4,45,51.8,67,64,Low,L,Braxton Garrett,MIA,abq_tier
6,4.77,0,1.12,,13.3,20,5.4,3,1,48.2,91.5,52.9,666129,55.7,50.1,57.8,68.1,65,Mid,L,Braxton Garrett,MIA,abq_tier
33.75,9.85,0,1.12,,23.1,38.5,10.8,1.33,1,49.9,91.9,36.5,666129,41.4,45,51.8,67,64,High,L,Braxton Garrett,MIA,rcv_tier
6,4.77,0,1.12,,13.3,20,5.4,3,1,48.2,91.5,52.9,666129,55.7,50.1,57.8,68.1,65,Mid,L,Braxton Garrett,MIA,rcv_tier
14.54,6.33,0,1.12,,17.9,28.6,8.1,2.17,2,49.1,91.7,44.7,666129,48.6,47.6,54.8,67.5,64.5,Low,L,Braxton Garrett,MIA,obr_tier
14.54,6.33,0,1.12,,17.9,28.6,8.1,2.17,2,49.1,91.7,44.7,666129,48.6,47.6,54.8,67.5,64.5,L,L,Braxton Garrett,MIA,hand
33.75,9.85,0,1.12,,23.1,38.5,10.8,1.33,1,49.9,91.9,36.5,666129,41.4,45,51.8,67,64,away,L,Braxton Garrett,MIA,location
6,4.77,0,1.12,,13.3,20,5.4,3,1,48.2,91.5,52.9,666129,55.7,50.1,57.8,68.1,65,home,L,Braxton Garrett,MIA,location
14.54,14.87,6.23,0.82,,24,32,12.6,4.33,1,76.2,104,86.8,666142,41,77.6,67.9,76.1,97,High,L,Cole Ragans,KCR,osi_tier
4.8,4.43,2.4,0.82,,39.1,9.4,4.95,3.75,4,36.5,90.8,28.5,666142,45.7,37.7,43.6,48.8,67.5,Low,L,Cole Ragans,KCR,osi_tier
2.25,5.48,1.69,0.82,,22.6,14.5,3,5.33,3,52.6,91.8,46.2,666142,47.6,47.7,54.4,67.1,90.7,Mid,L,Cole Ragans,KCR,osi_tier
3.9,5.67,2.28,0.82,,30.4,14.3,4.32,5.53,5,48.1,96,43,666142,40.2,45.9,50.7,63.7,94.6,Low,L,Cole Ragans,KCR,abq_tier
8.22,8.06,3.52,0.82,,28.2,17.9,6.6,2.56,3,46.6,87.5,41.5,666142,55.3,47.2,50.7,51.3,55.3,Mid,L,Cole Ragans,KCR,abq_tier
3.86,6.04,1.65,0.82,,22.7,19.7,4.8,5.44,3,62,96,57.5,666142,43.8,57.9,59,71.1,93,High,L,Cole Ragans,KCR,rcv_tier
3.72,1.86,0.93,0.82,,41.5,7.3,4.8,3.22,3,34.9,90.3,26,666142,46.3,36.1,42.1,46,58.3,Low,L,Cole Ragans,KCR,rcv_tier
7.71,10.92,5.79,0.82,,29.5,15.9,6.3,4.67,2,44.6,91.9,44.4,666142,48.2,44.7,51,60.6,92.5,Mid,L,Cole Ragans,KCR,rcv_tier
14.54,14.87,6.23,0.82,,24,32,12.6,4.33,1,76.2,104,86.8,666142,41,77.6,67.9,76.1,97,High,L,Cole Ragans,KCR,obr_tier
3.48,4.97,2.03,0.82,,31,11.9,4.11,4.43,7,43.4,91.2,36.1,666142,46.5,42,48.2,56.6,77.4,Low,L,Cole Ragans,KCR,obr_tier
4.84,6.18,2.55,0.82,,29.8,15.2,5.18,4.42,8,47.5,92.8,42.4,666142,45.8,46.4,50.7,59.1,79.9,L,L,Cole Ragans,KCR,hand
7.97,9.64,3.98,0.82,,23.2,21.1,6.84,4.07,5,54.2,93.1,52.1,666142,47.9,52.3,54.4,61.5,78.6,away,L,Cole Ragans,KCR,location
0.6,1.5,0.6,0.82,,41.1,5.4,2.4,5,3,36.3,92.4,26.2,666142,42.4,36.6,44.5,54.9,82,home,L,Cole Ragans,KCR,location
7,5.77,2,0.87,,22.7,13.6,6.3,4.5,2,86,120.8,53.5,666157,47.1,70.3,67.1,77.8,82.5,High,L,Nick Lodolo,CIN,osi_tier
4.98,5.66,1.87,0.87,,16,9.6,4.27,5.42,8,35.8,93.1,29.3,666157,34,32.8,39.5,51.1,91.4,Low,L,Nick Lodolo,CIN,osi_tier
4.68,4.32,1.38,0.87,,19.1,7.2,3.86,4.67,7,59.9,100.1,40.8,666157,53.1,54.5,55.5,58.4,88.6,Mid,L,Nick Lodolo,CIN,osi_tier
4.08,3.27,0.51,0.87,,20.5,9.6,3.15,4.42,4,62.9,100.9,37.1,666157,65.9,56.1,56.9,51.4,89.5,High,L,Nick Lodolo,CIN,abq_tier
5.49,5.63,2.02,0.87,,17.3,8.6,4.95,5.19,12,44.8,96.9,35.4,666157,35.2,40.3,45.3,58.1,90,Low,L,Nick Lodolo,CIN,abq_tier
3.6,5.9,1.8,0.87,,18.2,13.6,1.8,5,1,88.5,120.8,53.4,666157,52.4,76.5,67.9,69.1,78,Mid,L,Nick Lodolo,CIN,abq_tier
6.51,5.23,1.95,0.87,,19.1,8.1,5.4,4.61,6,64.8,111.1,40.9,666157,46.7,52.4,57.9,72.3,86.5,High,L,Nick Lodolo,CIN,rcv_tier
2.18,4.36,0.87,0.87,,21.7,14.5,1.8,5.17,4,53.1,89.5,41,666157,52.8,54.9,48.2,37.1,92,Low,L,Nick Lodolo,CIN,rcv_tier
5.65,5.55,1.96,0.87,,15.2,7.3,4.89,5.24,7,39.5,94.7,31.2,666157,35.3,35.8,42.7,55.8,89.9,Mid,L,Nick Lodolo,CIN,rcv_tier
3.5,4.16,1,0.87,,25.3,13.9,3.15,4.5,4,80.6,105.7,54,666157,57.6,71.4,62.9,56.9,84,High,L,Nick Lodolo,CIN,obr_tier
5.79,5.74,2.09,0.87,,16.6,8.3,4.91,5.09,11,40.6,97.1,29.9,666157,39.2,35.3,43.7,56.5,89.8,Low,L,Nick Lodolo,CIN,obr_tier
4.09,3.83,0.82,0.87,,13.7,5.9,3.6,5.5,2,54.4,98.2,41.3,666157,38.1,55.2,53.2,61.6,96,Mid,L,Nick Lodolo,CIN,obr_tier
5.08,5.16,1.69,0.87,,18,9.1,4.34,5,17,51.6,99.2,36.9,666157,43.4,46.2,49.3,57.2,89.2,L,L,Nick Lodolo,CIN,hand
6,6.16,2.45,0.87,,18.7,9,5.14,4.71,7,44.7,96.6,32.4,666157,45.1,45.2,49.5,57.5,91.7,away,L,Nick Lodolo,CIN,location
4.5,4.52,1.21,0.87,,17.5,9.2,3.78,5.2,10,56.5,101.1,40,666157,42.2,46.8,49.3,57,87.4,home,L,Nick Lodolo,CIN,location
3.6,2.53,0.3,0.63,,24.8,9,4.68,6,5,88.5,117.1,54.3,666200,52.7,77.4,71.7,78.7,99,High,L,Jesús Luzardo,PHI,osi_tier
3,2.35,0.75,0.63,,33.4,7.1,2.57,6,14,29.7,90.7,30.4,666200,38.4,32.4,37.4,42.4,98.1,Low,L,Jesús Luzardo,PHI,osi_tier
2.75,3.28,1.13,0.63,,27.9,6.6,3,6.19,9,50.3,104.5,34.9,666200,46.9,52.9,54.5,61.9,98,Mid,L,Jesús Luzardo,PHI,osi_tier
4.76,2.84,0.79,0.63,,28.6,8.2,5.4,5.67,2,50.6,111.2,19.7,666200,64.5,40.1,55.8,67.7,92.5,High,L,Jesús Luzardo,PHI,abq_tier
2.74,2.87,0.99,0.63,,31.4,7.2,2.94,6.23,19,42.7,97.9,32.5,666200,36.5,43.9,45.9,54.7,99.5,Low,L,Jesús Luzardo,PHI,abq_tier
3.38,2.1,0.22,0.63,,26.6,7.5,2.83,5.71,7,57.1,101.8,50.6,666200,57.1,57.3,55.7,52.8,96.6,Mid,L,Jesús Luzardo,PHI,abq_tier
4.04,3.61,1.1,0.63,,24.8,8.1,4.95,6.12,8,72.6,113.8,49.3,666200,49.1,60.8,63.4,76.6,97.5,High,L,Jesús Luzardo,PHI,rcv_tier
2.14,1.58,0.21,0.63,,35.9,8.8,2.31,6,7,24.8,84.4,31.6,666200,42.1,37,34.4,26,101,Low,L,Jesús Luzardo,PHI,rcv_tier
2.86,2.71,0.92,0.63,,30.3,6,2.35,6.05,13,42.9,99.6,30.4,666200,41.2,43.9,48.1,57.7,97.2,Mid,L,Jesús Luzardo,PHI,rcv_tier
2.72,2.54,0.42,0.63,,25.3,7.7,3.6,6.14,7,80.6,114.8,55.4,666200,50.2,73.7,68.2,74.9,98.9,High,L,Jesús Luzardo,PHI,obr_tier
3.46,2.85,0.98,0.63,,31.2,7.2,3.18,5.96,17,33.9,93.7,30.6,666200,41,33.9,40.4,47.3,97,Low,L,Jesús Luzardo,PHI,obr_tier
1.78,2.27,0.71,0.63,,33.7,6.9,1.8,6.33,4,42.8,99.8,25.9,666200,43.7,56,52.3,54.2,102.5,Mid,L,Jesús Luzardo,PHI,obr_tier
3.02,2.69,0.8,0.63,,30,7.3,3.09,6.06,28,46.8,99.9,36.1,666200,43.7,47,49,55.2,98.2,L,L,Jesús Luzardo,PHI,hand
1.76,1.98,0.29,0.63,,30.7,7.9,1.8,6.13,15,48,98.9,36.4,666200,47.5,50.2,50.9,54.2,99.4,away,L,Jesús Luzardo,PHI,location
4.52,3.52,1.39,0.63,,29.2,6.6,4.57,5.97,13,45.5,101,35.8,666200,39.3,43.3,46.9,56.3,96.9,home,L,Jesús Luzardo,PHI,location
10.8,8.5,5.4,0.65,,28.6,0,9,1.67,1,34.1,98.3,23,667463,37.1,34.2,40.2,49.3,30,Low,L,John King,MIA,osi_tier
10.8,8.5,5.4,0.65,,28.6,0,9,1.67,1,34.1,98.3,23,667463,37.1,34.2,40.2,49.3,30,Low,L,John King,MIA,abq_tier
10.8,8.5,5.4,0.65,,28.6,0,9,1.67,1,34.1,98.3,23,667463,37.1,34.2,40.2,49.3,30,Low,L,John King,MIA,rcv_tier
10.8,8.5,5.4,0.65,,28.6,0,9,1.67,1,34.1,98.3,23,667463,37.1,34.2,40.2,49.3,30,Low,L,John King,MIA,obr_tier
10.8,8.5,5.4,0.65,,28.6,0,9,1.67,1,34.1,98.3,23,667463,37.1,34.2,40.2,49.3,30,L,L,John King,MIA,hand
10.8,8.5,5.4,0.65,,28.6,0,9,1.67,1,34.1,98.3,23,667463,37.1,34.2,40.2,49.3,30,away,L,John King,MIA,location
6.04,4.31,0.81,0.65,,19.6,13.4,1.8,5.58,4,90.4,111.5,63.7,667755,60.4,90.4,77.3,74.4,92.5,High,R,José Soriano,TOR,osi_tier
1.9,2.82,0.38,0.65,,25.8,10.2,2.25,5.92,12,29.8,96.6,28.1,667755,43,33.9,39.6,43.7,94.5,Low,R,José Soriano,TOR,osi_tier
4.34,4.44,1.4,0.65,,22.8,10,4.42,5.27,11,51.4,104.5,39.2,667755,50.3,50.5,56.9,68.9,91.5,Mid,R,José Soriano,TOR,osi_tier
5.32,4.28,0.82,0.65,,15.8,10.5,2.25,5.5,4,72.8,113.5,41.1,667755,75.3,71.4,70.9,67.3,86.8,High,R,José Soriano,TOR,abq_tier
3.77,3.95,0.96,0.65,,24.8,12.3,3.69,5.4,19,43.5,99.9,34,667755,40.5,46.4,49.1,58.4,94.2,Low,R,José Soriano,TOR,abq_tier
0.68,2.05,0.34,0.65,,26,3.1,0.9,6.67,4,41.8,100.7,53.2,667755,59.8,39.3,48.3,50.4,93.5,Mid,R,José Soriano,TOR,abq_tier
5.75,5.12,1.48,0.65,,21.3,13.4,4.2,5.08,12,59.8,106.1,44.8,667755,44.5,58.2,60.4,74.4,91.7,High,R,José Soriano,TOR,rcv_tier
1.54,3.15,0.44,0.65,,23.6,10.9,2.31,5.86,7,22.4,92.8,26.5,667755,45.9,29.5,33.9,30.4,96.9,Low,R,José Soriano,TOR,rcv_tier
2.19,2.29,0.36,0.65,,27.1,6.4,2.02,6.17,8,51.3,104.1,37.5,667755,56.9,52.5,55.9,59.3,91.6,Mid,R,José Soriano,TOR,rcv_tier
6.04,4.31,0.81,0.65,,19.6,13.4,1.8,5.58,4,90.4,111.5,63.7,667755,60.4,90.4,77.3,74.4,92.5,High,R,José Soriano,TOR,obr_tier
2.48,2.9,0.43,0.65,,24.2,9.4,2.8,5.85,18,36.5,100.7,30.7,667755,47.8,37.9,45.8,53.3,94.3,Low,R,José Soriano,TOR,obr_tier
5.32,6.44,2.66,0.65,,25,13,5.04,4.73,5,53.3,99.3,43.4,667755,41.8,56.1,55.5,64.6,88.6,Mid,R,José Soriano,TOR,obr_tier
3.45,3.66,0.83,0.65,,23.7,10.6,3.07,5.6,27,47.6,102,37.9,667755,48.5,49.1,52.2,58.5,93,R,R,José Soriano,TOR,hand
3.32,3.54,0.64,0.65,,21.5,10.5,3,5.6,15,48.5,102.8,37.8,667755,45.8,46.4,50.8,59.4,94.4,away,R,José Soriano,TOR,location
3.61,3.81,1.07,0.65,,26.4,10.8,3.15,5.61,12,46.5,101.1,38.1,667755,51.9,52.4,54,57.5,91.2,home,R,José Soriano,TOR,location
0,3.1,0,0.79,,0,0,1.8,1,1,47,110.2,24.8,668390,77.1,41.9,54.5,52.9,12,Mid,R,Cole Winn,TEX,osi_tier
0,3.1,0,0.79,,0,0,1.8,1,1,47,110.2,24.8,668390,77.1,41.9,54.5,52.9,12,High,R,Cole Winn,TEX,abq_tier
0,3.1,0,0.79,,0,0,1.8,1,1,47,110.2,24.8,668390,77.1,41.9,54.5,52.9,12,Mid,R,Cole Winn,TEX,rcv_tier
0,3.1,0,0.79,,0,0,1.8,1,1,47,110.2,24.8,668390,77.1,41.9,54.5,52.9,12,Low,R,Cole Winn,TEX,obr_tier
0,3.1,0,0.79,,0,0,1.8,1,1,47,110.2,24.8,668390,77.1,41.9,54.5,52.9,12,R,R,Cole Winn,TEX,hand
0,3.1,0,0.79,,0,0,1.8,1,1,47,110.2,24.8,668390,77.1,41.9,54.5,52.9,12,away,R,Cole Winn,TEX,location
9.95,5.86,1.42,0.86,,9.2,10.8,9,4.22,3,95.2,113.7,56,668678,65.8,93.3,79.2,72.8,87,High,R,Zac Gallen,ARI,osi_tier
5.53,5.19,1.84,0.86,,16,6.3,4.86,5.37,10,26.4,97.2,23.1,668678,39.1,29.6,38.4,48,88.3,Low,R,Zac Gallen,ARI,osi_tier
6.25,4.93,1.42,0.86,,12.3,6.5,8.1,5.28,6,49.2,105.4,36.4,668678,48.8,50,55,65.4,83.3,Mid,R,Zac Gallen,ARI,osi_tier
7.47,7.19,2.3,0.86,,4.2,8.5,7.2,5.22,3,81.3,114.6,46.5,668678,71.8,78.8,73.8,69.7,84,High,R,Zac Gallen,ARI,abq_tier
5.92,5.07,1.73,0.86,,16.1,6.8,6.43,5.21,14,35.5,99.9,26.5,668678,38.9,38.8,44.9,56,86.4,Low,R,Zac Gallen,ARI,abq_tier
7.71,2.78,0,0.86,,13,6.5,6.3,4.67,2,51.9,101.5,53.3,668678,60.3,48,51.3,48.6,91.5,Mid,R,Zac Gallen,ARI,abq_tier
7.12,5.25,1.72,0.86,,12.7,6,8.49,5.24,7,57.8,109.2,38.8,668678,45.5,54.9,59.9,75.8,87.3,High,R,Zac Gallen,ARI,rcv_tier
4.55,4.68,1.42,0.86,,16.8,7.7,4.2,5.28,6,21.7,93.3,20.9,668678,41.1,29.2,34,34.4,88.2,Low,R,Zac Gallen,ARI,rcv_tier
7.28,5.66,1.82,0.86,,12.2,7.6,6.6,4.94,6,51.6,103.5,36.8,668678,52.6,52.7,54.9,59,84,Mid,R,Zac Gallen,ARI,rcv_tier
9.95,5.86,1.42,0.86,,9.2,10.8,9,4.22,3,95.2,113.7,56,668678,65.8,93.3,79.2,72.8,87,High,R,Zac Gallen,ARI,obr_tier
6.01,5.25,1.77,0.86,,13.9,6.2,6.3,5.45,14,33.3,100.6,27.3,668678,42.3,34.7,43.3,54,88.4,Low,R,Zac Gallen,ARI,obr_tier
4,3.77,1,0.86,,22.2,8.3,4.5,4.5,2,46.2,97.8,33.8,668678,45.8,55.3,54,58.5,72.5,Mid,R,Zac Gallen,ARI,obr_tier
6.34,5.19,1.65,0.86,,13.9,7,6.54,5.16,19,44.5,102.4,32.5,668678,46.4,46.1,50.1,57.4,86.5,R,R,Zac Gallen,ARI,hand
6.84,6.2,2.1,0.86,,12.8,9,6.48,5.13,10,47.4,101,31.2,668678,48.3,48,49.8,52.9,89,away,R,Zac Gallen,ARI,location
5.79,4.09,1.16,0.86,,15,4.9,6.6,5.19,9,41.2,103.9,33.9,668678,44.1,44,50.5,62.4,83.8,home,R,Zac Gallen,ARI,location
0,0.1,0,0.74,,48,4,0,7,1,88.5,107.5,53.4,668881,53.8,77.7,64.3,56.5,93,High,R,Hunter Greene,CIN,osi_tier
7.15,4.16,1.59,0.74,,20.4,4.1,1.8,5.67,2,27.4,94.3,21.2,668881,39,44.3,39,32.8,91.5,Low,R,Hunter Greene,CIN,osi_tier
11.57,5.46,1.93,0.74,,23.4,12.8,10.8,4.67,2,51.5,108.9,42.2,668881,30.5,49.5,51.2,68.1,90,Mid,R,Hunter Greene,CIN,osi_tier
9.15,4.75,1.74,0.74,,21.9,8.3,6.3,5.17,4,39.4,101.6,31.8,668881,34.7,46.9,45.1,50.5,90.8,Low,R,Hunter Greene,CIN,abq_tier
0,0.1,0,0.74,,48,4,0,7,1,88.5,107.5,53.4,668881,53.8,77.7,64.3,56.5,93,Mid,R,Hunter Greene,CIN,abq_tier
11.57,5.46,1.93,0.74,,23.4,12.8,10.8,4.67,2,51.5,108.9,42.2,668881,30.5,49.5,51.2,68.1,90,High,R,Hunter Greene,CIN,rcv_tier
4.5,5.1,3,0.74,,30.4,0,1.8,6,1,2.8,94.7,4.1,668881,38.1,39.5,30.1,13.5,94,Low,R,Hunter Greene,CIN,rcv_tier
4.38,1.4,0,0.74,,29.4,5.9,0.9,6.17,2,70.2,100.7,45.9,668881,46.8,63.4,56.1,54.3,91,Mid,R,Hunter Greene,CIN,rcv_tier
0,0.1,0,0.74,,48,4,0,7,1,88.5,107.5,53.4,668881,53.8,77.7,64.3,56.5,93,High,R,Hunter Greene,CIN,obr_tier
6.75,4.43,1.56,0.74,,18.4,5.3,3.6,5.78,3,33.6,100.8,27.6,668881,35.6,44.4,43.1,46.7,91.3,Low,R,Hunter Greene,CIN,obr_tier
21.6,6.4,2.7,0.74,,35,20,14.4,3.33,1,56.8,103.9,44.2,668881,31.9,54.2,51.2,61.7,89,Mid,R,Hunter Greene,CIN,obr_tier
6.83,3.57,1.3,0.74,,27.3,7.4,5.04,5.53,5,49.3,102.8,36.1,668881,38.5,53,48.9,51.7,91.2,R,R,Hunter Greene,CIN,hand
7.15,4.16,1.59,0.74,,20.4,4.1,1.8,5.67,2,27.4,94.3,21.2,668881,39,44.3,39,32.8,91.5,away,R,Hunter Greene,CIN,location
6.61,3.16,1.1,0.74,,31.9,9.7,7.2,5.44,3,63.8,108.4,46,668881,38.2,58.9,55.6,64.2,91,home,R,Hunter Greene,CIN,location
4.3,4.91,1.84,0.67,,25.2,9.6,5.04,5.87,5,81.9,108.9,67.8,668909,55,78.6,71.8,76,90.4,High,R,Gavin Williams,CLE,osi_tier
3.5,3.12,1.31,0.67,,35.1,8,3.93,5.61,11,30.9,94.1,28,668909,42.9,30.9,38.7,44.7,92.5,Low,R,Gavin Williams,CLE,osi_tier
3.88,3.28,1.5,0.67,,34.4,6.5,3.6,6,12,51.6,104.6,43.7,668909,46.6,50,56,69.4,95.5,Mid,R,Gavin Williams,CLE,osi_tier
3.2,2.85,0.92,0.67,,30.3,6.6,4.2,6.56,3,73.6,112.5,45.5,668909,73.4,71.3,69,63.4,89,High,R,Gavin Williams,CLE,abq_tier
3.98,3.61,1.59,0.67,,33,7.4,4.05,5.65,20,48.5,101.5,40,668909,38.6,47.9,51.5,64.9,93.4,Low,R,Gavin Williams,CLE,abq_tier
3.56,3.56,1.48,0.67,,35,9.2,3.6,6.07,5,35.5,93.8,46.8,668909,62.7,32,43.7,43.5,96.2,Mid,R,Gavin Williams,CLE,abq_tier
3.33,3.13,1.38,0.67,,35.2,6.6,3.18,6.03,13,60.8,107.1,50.6,668909,41.5,57.4,60.4,77.5,94,High,R,Gavin Williams,CLE,rcv_tier
3.29,2.51,1.32,0.67,,38,3.8,3.86,5.86,7,25.7,90.1,26.1,668909,44.9,26.1,33.9,35.1,91,Low,R,Gavin Williams,CLE,rcv_tier
5.15,5.14,1.85,0.67,,25.6,12.3,5.4,5.46,8,49.8,101.5,41.4,668909,56.7,50.5,54.1,56.3,94.6,Mid,R,Gavin Williams,CLE,rcv_tier
5.24,5.56,2.42,0.67,,28.1,10.1,5.85,5.58,4,81.5,109.1,71.3,668909,55.9,82.2,72.2,72.6,89.5,High,R,Gavin Williams,CLE,obr_tier
3.53,3.03,1.35,0.67,,35.1,6.7,3.7,5.94,18,37.7,98.7,32.8,668909,46.6,37.1,44.9,52.6,94.3,Low,R,Gavin Williams,CLE,obr_tier
3.74,3.66,1.34,0.67,,29.7,8.7,3.6,5.61,6,60.6,103.7,49.2,668909,40.8,56.1,59.9,77.8,93.5,Mid,R,Gavin Williams,CLE,obr_tier
3.81,3.51,1.49,0.67,,33,7.6,3.99,5.82,28,48.9,101.3,41.8,668909,46.7,47.6,52,60.9,93.4,R,R,Gavin Williams,CLE,hand
4.79,4.18,1.84,0.67,,31.8,8.1,4.43,5.64,13,49.1,100.6,43.7,668909,45.4,47.5,50.4,57.2,92.7,away,R,Gavin Williams,CLE,location
3.01,2.97,1.2,0.67,,34.1,7.2,3.6,5.98,15,48.7,101.9,40.2,668909,47.7,47.6,53.4,64,94.1,home,R,Gavin Williams,CLE,location
0,2.6,0,0.84,,28.6,14.3,0,2,1,88.5,107.5,53.4,668964,59.2,85.5,70.7,62.1,28,High,R,Tobias Myers,NYM,osi_tier
27,11.72,3.38,0.84,,5.9,23.5,9.9,1.33,2,37.7,93.5,26.6,668964,38.4,37.2,40.8,46.8,31.5,Low,R,Tobias Myers,NYM,osi_tier
27,11.72,3.38,0.84,,5.9,23.5,9.9,1.33,2,37.7,93.5,26.6,668964,38.4,37.2,40.8,46.8,31.5,Low,R,Tobias Myers,NYM,abq_tier
0,2.6,0,0.84,,28.6,14.3,0,2,1,88.5,107.5,53.4,668964,59.2,85.5,70.7,62.1,28,Mid,R,Tobias Myers,NYM,abq_tier
47.25,18.1,6.75,0.84,,9.1,27.3,16.2,1.33,1,34.7,83.8,14.3,668964,32.7,38.5,33.6,28.8,43,Low,R,Tobias Myers,NYM,rcv_tier
2.7,3.7,0,0.84,,15.4,15.4,1.8,1.67,2,64.6,105.3,46.1,668964,51.6,60.8,59.4,63.5,24,Mid,R,Tobias Myers,NYM,rcv_tier
0,2.6,0,0.84,,28.6,14.3,0,2,1,88.5,107.5,53.4,668964,59.2,85.5,70.7,62.1,28,High,R,Tobias Myers,NYM,obr_tier
27,11.72,3.38,0.84,,5.9,23.5,9.9,1.33,2,37.7,93.5,26.6,668964,38.4,37.2,40.8,46.8,31.5,Low,R,Tobias Myers,NYM,obr_tier
15.43,7.81,1.93,0.84,,12.5,20.8,6.6,1.56,3,54.6,98.2,35.5,668964,45.3,53.3,50.8,51.9,30.3,R,R,Tobias Myers,NYM,hand
15.43,7.81,1.93,0.84,,12.5,20.8,6.6,1.56,3,54.6,98.2,35.5,668964,45.3,53.3,50.8,51.9,30.3,away,R,Tobias Myers,NYM,location
2.7,2.8,0,0.72,,14.8,7.4,2.7,1.67,4,24.3,99.3,26.4,668984,43,23.4,36.4,46.6,26.2,Low,R,Casey Legumina,TBR,osi_tier
0,2.01,0,0.72,,16.7,0,2.7,1.83,2,53.9,99.8,51.6,668984,56,48.8,55.1,61.6,20.5,Mid,R,Casey Legumina,TBR,osi_tier
1.29,1.96,0,0.72,,15.4,0,3.15,1.75,4,35.4,101.4,25.4,668984,39.8,33,42.3,54.7,23,Low,R,Casey Legumina,TBR,abq_tier
2.7,3.7,0,0.72,,15.4,15.4,1.8,1.67,2,31.7,95.5,53.6,668984,62.4,29.6,43.3,45.3,27,Mid,R,Casey Legumina,TBR,abq_tier
0,1.39,0,0.72,,25,0,5.4,2.33,1,59.8,103.9,49.3,668984,46.8,48.6,54.5,66.7,27,High,R,Casey Legumina,TBR,rcv_tier
3.37,3.1,0,0.72,,13.6,9.1,3,1.78,3,18.8,97.6,23.2,668984,42.6,17.1,32.6,43.1,30.7,Low,R,Casey Legumina,TBR,rcv_tier
0,2.35,0,0.72,,11.1,0,0.9,1.33,2,44.5,100.1,44.9,668984,54.5,45.6,51.8,56.8,13.5,Mid,R,Casey Legumina,TBR,rcv_tier
1.74,2.52,0,0.72,,15.4,5.1,2.7,1.72,6,34.2,99.5,34.8,668984,47.3,31.9,42.6,51.6,24.3,Low,R,Casey Legumina,TBR,obr_tier
1.74,2.52,0,0.72,,15.4,5.1,2.7,1.72,6,34.2,99.5,34.8,668984,47.3,31.9,42.6,51.6,24.3,R,R,Casey Legumina,TBR,hand
2.45,2.28,0,0.72,,20.7,6.9,4.05,1.83,4,32.4,99.6,36.2,668984,43.6,28.5,40.1,50.9,27,away,R,Casey Legumina,TBR,location
0,3.1,0,0.72,,0,0,0,1.5,2,37.8,99.2,31.9,668984,54.6,38.5,47.7,53,19,home,R,Casey Legumina,TBR,location
0,3.1,0,0.68,,0,0,5.4,1.33,1,25.9,90.7,15.4,669020,20.5,19.6,34.3,60.9,11,Low,L,Ryan Rolison,CHC,osi_tier
4.5,7.6,4.5,0.68,,28.6,0,1.8,2,1,75.2,90.7,54.5,669020,71.4,76,61.5,37.8,23,Mid,L,Ryan Rolison,CHC,osi_tier
4.5,7.6,4.5,0.68,,28.6,0,1.8,2,1,75.2,90.7,54.5,669020,71.4,76,61.5,37.8,23,High,L,Ryan Rolison,CHC,abq_tier
0,3.1,0,0.68,,0,0,5.4,1.33,1,25.9,90.7,15.4,669020,20.5,19.6,34.3,60.9,11,Low,L,Ryan Rolison,CHC,abq_tier
4.5,7.6,4.5,0.68,,28.6,0,1.8,2,1,75.2,90.7,54.5,669020,71.4,76,61.5,37.8,23,Low,L,Ryan Rolison,CHC,rcv_tier
0,3.1,0,0.68,,0,0,5.4,1.33,1,25.9,90.7,15.4,669020,20.5,19.6,34.3,60.9,11,Mid,L,Ryan Rolison,CHC,rcv_tier
4.5,7.6,4.5,0.68,,28.6,0,1.8,2,1,75.2,90.7,54.5,669020,71.4,76,61.5,37.8,23,High,L,Ryan Rolison,CHC,obr_tier
0,3.1,0,0.68,,0,0,5.4,1.33,1,25.9,90.7,15.4,669020,20.5,19.6,34.3,60.9,11,Low,L,Ryan Rolison,CHC,obr_tier
2.7,5.8,2.7,0.68,,18.2,0,3.6,1.67,2,50.5,90.7,35,669020,46,47.8,47.9,49.3,17,L,L,Ryan Rolison,CHC,hand
2.7,5.8,2.7,0.68,,18.2,0,3.6,1.67,2,50.5,90.7,35,669020,46,47.8,47.9,49.3,17,away,L,Ryan Rolison,CHC,location
3.64,3.45,0.97,0.71,,26.1,9.1,4.03,5.3,21,33.3,93.8,27.8,669022,36.8,31.1,38.8,49,90.3,Low,L,MacKenzie Gore,TEX,osi_tier
6.02,3.95,1.25,0.71,,24,8.9,5.85,5.42,8,53.5,98.3,41.9,669022,46.8,55.9,54.4,58.3,93.8,Mid,L,MacKenzie Gore,TEX,osi_tier
2.4,4.03,1.8,0.71,,26.4,1.9,3.6,7.5,2,48.8,102.6,22.2,669022,66.8,36.2,48.5,49.6,95,High,L,MacKenzie Gore,TEX,abq_tier
4.55,3.72,1.12,0.71,,26.5,10.1,4.5,5.12,22,37,95.7,28.6,669022,33.3,36.7,41.7,53.5,90.3,Low,L,MacKenzie Gore,TEX,abq_tier
4.33,2.8,0.33,0.71,,20.5,7.7,5.04,5.4,5,43.4,89.4,49.2,669022,56.1,44.1,46.9,43.7,94,Mid,L,MacKenzie Gore,TEX,abq_tier
4.54,3.87,0.48,0.71,,19.2,13.4,4.37,5.38,7,53,101.6,38.9,669022,34.2,38.5,48.7,70.8,95.4,High,L,MacKenzie Gore,TEX,rcv_tier
4.73,3.51,1.35,0.71,,30,7.4,5.22,5.33,10,34.6,88.5,31.7,669022,45.5,41,39.6,33.7,86.8,Low,L,MacKenzie Gore,TEX,rcv_tier
3.82,3.49,1.13,0.71,,25.8,7.6,4.05,5.31,12,34.3,96.7,27.5,669022,37.7,35,42.7,55.2,92.6,Mid,L,MacKenzie Gore,TEX,rcv_tier
8,3.77,0,0.71,,14,14,4.5,4.5,2,68,98,68,669022,45.2,67.7,61.2,65,95,High,L,MacKenzie Gore,TEX,obr_tier
3.66,3.5,0.95,0.71,,25.4,9.2,4.23,5.35,23,35.2,94.9,28.6,669022,37.7,32.1,40.1,51,90.2,Low,L,MacKenzie Gore,TEX,obr_tier
6.35,4.03,1.99,0.71,,30.7,5.9,6.3,5.67,4,45.6,94.6,31.2,669022,47.4,56.6,51.3,48,95.5,Mid,L,MacKenzie Gore,TEX,obr_tier
4.31,3.59,1.05,0.71,,25.5,9,4.53,5.33,29,38.9,95.1,31.7,669022,39.5,37.9,43.1,51.6,91.3,L,L,MacKenzie Gore,TEX,hand
5.62,3.89,1.12,0.71,,24.6,10.2,5.74,5,16,39.4,93.5,36.2,669022,42.7,40.6,44.6,50.4,89.7,away,L,MacKenzie Gore,TEX,location
2.89,3.27,0.96,0.71,,26.5,7.6,3.05,5.74,13,38.3,97,26.2,669022,35.7,34.6,41.3,52.9,93.2,home,L,MacKenzie Gore,TEX,location
0,-0.9,0,0.6,,40,0,3.6,1,1,46.3,98.8,27.8,669062,25.4,27.1,39.4,63.6,17,Low,L,Erik Miller,BOS,osi_tier
0,-0.9,0,0.6,,40,0,3.6,1,1,46.3,98.8,27.8,669062,25.4,27.1,39.4,63.6,17,Low,L,Erik Miller,BOS,abq_tier
0,-0.9,0,0.6,,40,0,3.6,1,1,46.3,98.8,27.8,669062,25.4,27.1,39.4,63.6,17,High,L,Erik Miller,BOS,rcv_tier
0,-0.9,0,0.6,,40,0,3.6,1,1,46.3,98.8,27.8,669062,25.4,27.1,39.4,63.6,17,Low,L,Erik Miller,BOS,obr_tier
0,-0.9,0,0.6,,40,0,3.6,1,1,46.3,98.8,27.8,669062,25.4,27.1,39.4,63.6,17,L,L,Erik Miller,BOS,hand
0,-0.9,0,0.6,,40,0,3.6,1,1,46.3,98.8,27.8,669062,25.4,27.1,39.4,63.6,17,home,L,Erik Miller,BOS,location
0,4.1,0,0.51,,28.6,28.6,7.2,2,1,59.8,92,49.3,669084,54.9,67.6,59.3,53,32,Mid,L,DL Hall,MIL,osi_tier
0,4.1,0,0.51,,28.6,28.6,7.2,2,1,59.8,92,49.3,669084,54.9,67.6,59.3,53,32,Mid,L,DL Hall,MIL,abq_tier
0,4.1,0,0.51,,28.6,28.6,7.2,2,1,59.8,92,49.3,669084,54.9,67.6,59.3,53,32,Mid,L,DL Hall,MIL,rcv_tier
0,4.1,0,0.51,,28.6,28.6,7.2,2,1,59.8,92,49.3,669084,54.9,67.6,59.3,53,32,High,L,DL Hall,MIL,obr_tier
0,4.1,0,0.51,,28.6,28.6,7.2,2,1,59.8,92,49.3,669084,54.9,67.6,59.3,53,32,L,L,DL Hall,MIL,hand
0,4.1,0,0.51,,28.6,28.6,7.2,2,1,59.8,92,49.3,669084,54.9,67.6,59.3,53,32,away,L,DL Hall,MIL,location
1.59,1.69,0,0.71,,25.6,4.7,1.35,5.67,4,84.3,111.3,54.9,669160,67.7,82.6,72.3,63.8,83.2,High,R,Dustin May,MIL,osi_tier
4.44,2.61,0.39,0.71,,23,7.4,4.32,4.67,10,38.1,95,24,669160,44.1,37.7,41.4,43.9,80.5,Low,R,Dustin May,MIL,osi_tier
6.07,4.38,1.21,0.71,,20.6,10.1,6,4.94,12,48,104.1,42.5,669160,48.4,48.8,54.1,64.1,79.8,Mid,R,Dustin May,MIL,osi_tier
4.15,1.48,0,0.71,,24.4,3.3,4.05,5.42,4,74,111.9,47.8,669160,72.2,71.7,68.2,61.5,81,High,R,Dustin May,MIL,abq_tier
4.02,3.38,0.92,0.71,,23.7,7.4,4.32,5.22,15,41.5,100.5,30.4,669160,39.9,43,46.8,56,83.9,Low,R,Dustin May,MIL,abq_tier
6.91,4.29,0.63,0.71,,17.4,13.6,5.66,4.1,7,53.9,98.5,46.1,669160,58,51.6,54,54,73.1,Mid,R,Dustin May,MIL,abq_tier
6.07,4.71,1.35,0.71,,18.3,9.6,6.12,5.33,5,59.4,112.5,45.5,669160,41.9,58,60.7,77.3,91.4,High,R,Dustin May,MIL,rcv_tier
3.43,2.26,0.23,0.71,,24.7,7.2,3.6,4.92,8,37.5,92.8,20.6,669160,44.3,37.5,40,39.9,80.2,Low,R,Dustin May,MIL,rcv_tier
4.88,3.28,0.72,0.71,,22.6,8.3,4.71,4.82,13,53.7,103.1,44.4,669160,56.1,54.1,56,58.3,76.6,Mid,R,Dustin May,MIL,rcv_tier
1.59,1.69,0,0.71,,25.6,4.7,1.35,5.67,4,84.3,111.3,54.9,669160,67.7,82.6,72.3,63.8,83.2,High,R,Dustin May,MIL,obr_tier
6.81,3.92,0.92,0.71,,20.5,10,5.8,4.33,18,43,101.1,34.4,669160,46.7,41.5,48,56.5,78.1,Low,R,Dustin May,MIL,obr_tier
1.29,2.71,0.64,0.71,,26,5,2.7,7,4,45.9,95,32.8,669160,45.5,53.9,49.7,48,89,Mid,R,Dustin May,MIL,obr_tier
4.69,3.26,0.7,0.71,,22.3,8.2,4.64,4.95,26,49.8,101.7,37.3,669160,49.7,49.7,52,56.3,80.6,R,R,Dustin May,MIL,hand
5.55,4.05,1.29,0.71,,23.1,8.2,5.4,4.42,11,48.1,99.9,38.5,669160,48.8,47.5,51.6,58.2,74.2,away,R,Dustin May,MIL,location
4.16,2.79,0.34,0.71,,21.8,8.3,4.08,5.33,15,51.1,103.1,36.4,669160,50.4,51.4,52.4,54.9,85.3,home,R,Dustin May,MIL,location
10.8,3.7,0,0.68,,11.1,11.1,10.8,1.67,1,50.6,86.8,19.7,669165,63.7,43,46,37.1,36,Low,R,Kyle Hurt,LAD,osi_tier
10.8,3.7,0,0.68,,11.1,11.1,10.8,1.67,1,50.6,86.8,19.7,669165,63.7,43,46,37.1,36,Mid,R,Kyle Hurt,LAD,abq_tier
10.8,3.7,0,0.68,,11.1,11.1,10.8,1.67,1,50.6,86.8,19.7,669165,63.7,43,46,37.1,36,Low,R,Kyle Hurt,LAD,rcv_tier
10.8,3.7,0,0.68,,11.1,11.1,10.8,1.67,1,50.6,86.8,19.7,669165,63.7,43,46,37.1,36,Low,R,Kyle Hurt,LAD,obr_tier
10.8,3.7,0,0.68,,11.1,11.1,10.8,1.67,1,50.6,86.8,19.7,669165,63.7,43,46,37.1,36,R,R,Kyle Hurt,LAD,hand
10.8,3.7,0,0.68,,11.1,11.1,10.8,1.67,1,50.6,86.8,19.7,669165,63.7,43,46,37.1,36,home,R,Kyle Hurt,LAD,location
3.63,5.29,1.56,0.78,,16.2,10.3,4.2,5.78,3,95.2,113.7,56,669194,65.8,93.3,79.2,72.8,87,High,R,Ryne Nelson,ARI,osi_tier
5.29,4.92,1.94,0.78,,16.8,3.6,6.2,5.67,9,26.1,98,23.3,669194,39.8,28.9,38.7,49,85.1,Low,R,Ryne Nelson,ARI,osi_tier
5.4,6.1,2.4,0.78,,20.9,10.4,10.2,5,3,50.4,102.1,43.6,669194,45.2,54.8,55.7,64.4,88.3,Mid,R,Ryne Nelson,ARI,osi_tier
4.63,5.41,1.54,0.78,,15.6,11.1,5.4,5.83,2,98.5,116.8,57.3,669194,69.2,97.2,83.5,78.1,88.5,High,R,Ryne Nelson,ARI,abq_tier
4.28,4.87,1.92,0.78,,18.4,4.3,5.04,6.1,10,32.3,98.9,23.4,669194,37.9,36.6,42.7,53.3,92.1,Low,R,Ryne Nelson,ARI,abq_tier
9.28,6.94,2.53,0.78,,14.8,11.1,12.6,3.56,3,50.7,102.5,53.2,669194,58.2,48.2,52.8,54.4,64.7,Mid,R,Ryne Nelson,ARI,abq_tier
3.75,4.97,1.5,0.78,,17.3,9.2,4.5,6,4,69.9,109.9,43.5,669194,50.4,68.9,66.4,75,89.2,High,R,Ryne Nelson,ARI,rcv_tier
4.15,2.98,0.78,0.78,,20.3,3.5,4.8,5.78,6,21.2,95.4,19.9,669194,40.4,26.8,35,40.5,82.8,Low,R,Ryne Nelson,ARI,rcv_tier
7.3,8.57,4.01,0.78,,14,7,10.44,4.93,5,52.9,103.5,43,669194,49.5,53.7,55.5,61.9,87.6,Mid,R,Ryne Nelson,ARI,rcv_tier
3.63,5.29,1.56,0.78,,16.2,10.3,4.2,5.78,3,95.2,113.7,56,669194,65.8,93.3,79.2,72.8,87,High,R,Ryne Nelson,ARI,obr_tier
5.17,5.29,2.1,0.78,,16.6,4.6,7.38,5.57,10,28.3,98.7,26.3,669194,41.3,30.9,40.4,50.7,84.6,Low,R,Ryne Nelson,ARI,obr_tier
6.1,4.65,1.74,0.78,,23.9,8.7,6.3,5.17,2,51.5,100.8,39,669194,40.8,57.9,55.6,63.6,92.5,Mid,R,Ryne Nelson,ARI,obr_tier
4.97,5.21,1.94,0.78,,17.5,6.2,6.6,5.56,15,44.8,102,33.9,669194,46.1,47,50.2,56.8,86.1,R,R,Ryne Nelson,ARI,hand
5.02,5.44,2.39,0.78,,20.6,5,5.4,5.38,7,55.3,104.4,37.5,669194,47,54.2,54.6,60.7,87.7,away,R,Ryne Nelson,ARI,location
4.93,5.03,1.58,0.78,,14.9,7.2,7.65,5.71,8,35.5,99.8,30.8,669194,45.3,40.6,46.3,53.4,84.8,home,R,Ryne Nelson,ARI,location
1.93,3.96,0,0.64,,22.2,22.2,3.6,2.33,2,91,112.6,55.5,669199,58.7,78.8,74.7,81.4,42,High,R,Lake Bachar,PIT,osi_tier
2.7,4.3,1.35,0.64,,25,10.7,3,2.22,3,41,94.3,27.8,669199,39.3,42.1,44.2,50.2,39,Low,R,Lake Bachar,PIT,osi_tier
1.8,0.9,0,0.64,,38.9,5.6,1.8,2.5,2,46.6,112,32.5,669199,57,46.9,57.2,69.1,40,Mid,R,Lake Bachar,PIT,osi_tier
1.8,3.3,0,0.64,,22.2,16.7,3.6,2.5,2,72.8,113.5,41,669199,75.1,70.1,70.1,66.6,36.5,High,R,Lake Bachar,PIT,abq_tier
2.38,3.1,0.79,0.64,,30.4,10.9,2.52,2.27,5,50.6,101,35.5,669199,39.8,47.4,51.3,63.7,41.6,Low,R,Lake Bachar,PIT,abq_tier
3.38,3.48,0,0.64,,25,19.4,3.15,2,4,63.5,110.3,41.7,669199,44.6,57.2,62.3,80.8,40.8,High,R,Lake Bachar,PIT,rcv_tier
0,1.43,0,0.64,,36.4,9.1,5.4,3,1,45.2,86.8,29.6,669199,49.1,54.9,41.3,20.2,52,Low,R,Lake Bachar,PIT,rcv_tier
1.69,3.66,1.69,0.64,,29.4,0,0.9,2.67,2,49.5,102,31.6,669199,60.9,46.8,52.9,54.2,33,Mid,R,Lake Bachar,PIT,rcv_tier
4.5,6.6,0,0.64,,11.1,33.3,7.2,2,1,98.5,116.8,57.3,669199,68.1,95.7,82.2,76.9,35,High,R,Lake Bachar,PIT,obr_tier
3.12,3.33,1.04,0.64,,28.6,8.6,1.8,2.17,4,42.8,105,29.7,669199,45.7,41.3,51.4,67.2,36.2,Low,R,Lake Bachar,PIT,obr_tier
0,1.69,0,0.64,,35,10,2.7,2.83,2,64.4,97.5,41.6,669199,49.2,58.4,54.2,53.1,50.5,Mid,R,Lake Bachar,PIT,obr_tier
2.2,3.16,0.55,0.64,,28.1,12.5,2.83,2.33,7,56.9,104.6,37.1,669199,49.9,53.9,56.6,64.6,40.1,R,R,Lake Bachar,PIT,hand
3,3.99,1,0.64,,28.6,14.3,3.15,2.25,4,70,108.2,47.4,669199,47.3,64,63.4,74.3,38.5,away,R,Lake Bachar,PIT,location
1.23,2.15,0,0.64,,27.6,10.3,2.4,2.44,3,39.4,99.7,23.3,669199,53.3,40.5,47.6,51.6,42.3,home,R,Lake Bachar,PIT,location
4.5,5.6,4.5,0.78,,57.1,0,4.5,1,2,53.1,95.4,38.5,669211,45.3,48.8,55,69,15.5,Mid,L,Keegan Akin,BAL,osi_tier
4.5,5.6,4.5,0.78,,57.1,0,4.5,1,2,53.1,95.4,38.5,669211,45.3,48.8,55,69,15.5,Low,L,Keegan Akin,BAL,abq_tier
4.5,5.6,4.5,0.78,,57.1,0,4.5,1,2,53.1,95.4,38.5,669211,45.3,48.8,55,69,15.5,High,L,Keegan Akin,BAL,rcv_tier
4.5,5.6,4.5,0.78,,57.1,0,4.5,1,2,53.1,95.4,38.5,669211,45.3,48.8,55,69,15.5,Low,L,Keegan Akin,BAL,obr_tier
4.5,5.6,4.5,0.78,,57.1,0,4.5,1,2,53.1,95.4,38.5,669211,45.3,48.8,55,69,15.5,L,L,Keegan Akin,BAL,hand
4.5,5.6,4.5,0.78,,57.1,0,4.5,1,2,53.1,95.4,38.5,669211,45.3,48.8,55,69,15.5,home,L,Keegan Akin,BAL,location
4.41,3.16,0.55,0.66,,26.5,11.8,2.4,5.44,3,75.9,106.5,76,669302,51.8,77.7,68.9,71.2,96.7,High,R,Logan Gilbert,SEA,osi_tier
3.41,2.99,1.14,0.66,,28.4,4,3.75,5.94,12,30.6,97.2,26.9,669302,45.8,31.4,40.1,45.9,94.2,Low,R,Logan Gilbert,SEA,osi_tier
3.22,4.21,1.49,0.66,,23.6,7.2,2.55,6.06,12,50.1,104.2,38.5,669302,49.9,49.8,55.2,65.4,93.8,Mid,R,Logan Gilbert,SEA,osi_tier
4.42,5.12,1.47,0.66,,20,12.5,3.6,6.11,3,56.4,110.3,34.7,669302,76.4,53.4,59.8,55.4,97,High,R,Logan Gilbert,SEA,abq_tier
3.24,3.23,1.11,0.66,,27.5,6,2.9,5.87,18,45,101.3,34.7,669302,40.2,46.5,50.1,61.3,94.7,Low,R,Logan Gilbert,SEA,abq_tier
3.47,3.73,1.49,0.66,,25,3.6,3.3,6.06,6,36.4,96.8,47.5,669302,58.4,35,44.9,46.5,91.7,Mid,R,Logan Gilbert,SEA,abq_tier
2.48,2.55,0.69,0.66,,28.7,5.9,2.13,5.94,11,53.2,104.4,44.3,669302,38.9,53.1,56.3,72.5,93.2,High,R,Logan Gilbert,SEA,rcv_tier
3.55,3,1.08,0.66,,26.8,3.9,3.78,5.83,10,30,95.9,28.1,669302,48.4,31.1,38.7,40.6,95,Low,R,Logan Gilbert,SEA,rcv_tier
4.91,6.26,2.45,0.66,,20.3,10.5,3.6,6.11,6,51.9,104.8,40.8,669302,65.3,52,57.3,57.7,95.2,Mid,R,Logan Gilbert,SEA,rcv_tier
4.41,3.16,0.55,0.66,,26.5,11.8,2.4,5.44,3,75.9,106.5,76,669302,51.8,77.7,68.9,71.2,96.7,High,R,Logan Gilbert,SEA,obr_tier
3.46,3.76,1.37,0.66,,24.4,5.5,3.22,5.89,19,37.1,101,30.5,669302,49.7,36.3,46.1,54.5,93.6,Low,R,Logan Gilbert,SEA,obr_tier
2.81,3.07,1.12,0.66,,31.9,6,2.88,6.4,5,52.8,99.3,41.3,669302,40.7,56.6,53.8,59.9,95.4,Mid,R,Logan Gilbert,SEA,obr_tier
3.42,3.56,1.23,0.66,,26,6.3,3.07,5.94,27,44.3,101.3,37.5,669302,48.3,44.7,50,57.4,94.3,R,R,Logan Gilbert,SEA,hand
2.7,2.47,0.39,0.66,,23.7,6,2.55,5.83,12,47.9,102.9,41,669302,50.3,45.9,51.2,58,95,away,R,Logan Gilbert,SEA,location
3.99,4.41,1.89,0.66,,27.9,6.5,3.48,6.02,15,41.5,100.1,34.8,669302,46.7,43.7,49,56.9,93.7,home,R,Logan Gilbert,SEA,location
5.04,4.54,1.08,0.72,,19.6,12.1,3.6,6.25,4,81.1,106.3,70.2,669358,48.1,76.5,69.1,75.8,102,High,R,Shane Baz,BAL,osi_tier
3.36,3.16,0.88,0.72,,22.6,5.4,3.78,6.17,10,31.7,96.4,26.3,669358,41.8,33.2,39.2,44.2,93,Low,R,Shane Baz,BAL,osi_tier
4.22,2.96,0.26,0.72,,19.7,9.2,4.29,5.41,13,48.4,104.8,37.9,669358,53.5,47,54.5,63.9,93.7,Mid,R,Shane Baz,BAL,osi_tier
2.41,3.15,0.48,0.72,,24.7,11,1.2,6.22,3,47,110.2,24.8,669358,78.1,42.5,55.2,53.6,96.3,High,R,Shane Baz,BAL,abq_tier
4.27,3.33,0.68,0.72,,21,8,4.5,5.85,18,46.4,101.5,36.6,669358,39.9,46.4,50,61.2,94.2,Low,R,Shane Baz,BAL,abq_tier
4.09,3.25,0.55,0.72,,18.2,7.4,3.9,5.5,6,49,98.9,50.5,669358,58.7,47.4,52,52.3,95.3,Mid,R,Shane Baz,BAL,abq_tier
5.02,3.94,0.89,0.72,,20.1,10.1,4.58,5.55,11,54.6,105.7,44.8,669358,39.5,51.7,56.7,74.6,94.5,High,R,Shane Baz,BAL,rcv_tier
3.27,3.12,0.82,0.72,,21.7,5,3.6,6.29,7,29.8,93.1,26.5,669358,44.2,32.2,36,34.6,90.6,Low,R,Shane Baz,BAL,rcv_tier
3.46,2.68,0.17,0.72,,20.8,8.6,3.6,5.78,9,51.2,104,39.8,669358,62.4,50.4,55.7,57,98.1,Mid,R,Shane Baz,BAL,rcv_tier
5.5,4.32,1,0.72,,22.1,13,4.2,6,3,80.3,105.6,75.7,669358,47.7,81.3,69.8,72.4,100,High,R,Shane Baz,BAL,obr_tier
4.12,3.17,0.67,0.72,,21.5,7.4,3.98,5.63,19,39.5,102.7,32,669358,49.3,38.5,47.8,57.5,92.9,Low,R,Shane Baz,BAL,obr_tier
2.81,3.1,0.28,0.72,,17.4,8.3,3.96,6.4,5,55.8,96.7,40.2,669358,45.1,54.6,51.7,53.2,98.2,Mid,R,Shane Baz,BAL,obr_tier
4.01,3.29,0.63,0.72,,20.8,8.2,4,5.81,27,47,101.9,38.4,669358,48.3,46.2,51,58.4,94.7,R,R,Shane Baz,BAL,hand
4.18,3.52,0.75,0.72,,20.4,8.4,4.11,6,14,45,100.6,37.4,669358,47.3,43.6,48.1,53.7,91.2,away,R,Shane Baz,BAL,location
3.82,3.03,0.49,0.72,,21.2,8,3.88,5.62,13,49.2,103.3,39.4,669358,49.5,49,54.2,63.4,98.4,home,R,Shane Baz,BAL,location
2.1,4.03,0.9,0.68,,23.1,12.4,1.8,6,5,84.4,109.5,61.1,669372,63,85.9,77.6,78.4,90.2,High,R,J.T. Ginn,ATH,osi_tier
3.43,3.48,0.8,0.68,,20.9,7.7,3.47,5.62,14,30.9,96,19.5,669372,39,33.2,39.3,46.5,87.8,Low,R,J.T. Ginn,ATH,osi_tier
6.35,6.67,2.38,0.68,,19.8,14.2,6.12,4.53,5,52.2,105.6,42.9,669372,41.9,51.6,57.1,74.2,80.2,Mid,R,J.T. Ginn,ATH,osi_tier
4.63,5.84,1.54,0.68,,17,15.1,3.6,5.83,2,86.8,113.6,55.9,669372,77.7,94.6,83.5,75,100.5,High,R,J.T. Ginn,ATH,abq_tier
3.38,4.01,1.07,0.68,,21.1,9,3.6,5.47,20,40.4,99.5,29.6,669372,39.7,41.4,46.7,57.7,85.2,Low,R,J.T. Ginn,ATH,abq_tier
5.23,3.78,0.87,0.68,,27.3,13.6,4.5,5.17,2,67.1,101.1,44.6,669372,60.3,68.4,61.8,55.4,88,Mid,R,J.T. Ginn,ATH,abq_tier
3.71,5.05,1.44,0.68,,19.4,11.8,4.5,5.46,8,64.3,108.2,50.6,669372,47.1,63.4,65.3,80.6,86,High,R,J.T. Ginn,ATH,rcv_tier
3.47,3.39,0.72,0.68,,21.6,8.2,3.27,5.67,11,27.1,94.6,15.7,669372,38.3,29.7,36.4,42.8,86.2,Low,R,J.T. Ginn,ATH,rcv_tier
3.91,4.52,1.42,0.68,,23.4,10.8,3.24,5.07,5,60.6,102.8,43.2,669372,54.4,63.9,60.1,59.9,89,Mid,R,J.T. Ginn,ATH,rcv_tier
2.66,4.49,1.14,0.68,,21.4,12.2,2.25,5.92,4,84.6,109.8,63,669372,65,90.2,78.3,74.2,92.2,High,R,J.T. Ginn,ATH,obr_tier
3.55,3.98,1.12,0.68,,20.7,7.9,3.38,5.54,16,34,99,23.1,669372,39.2,35.4,42.9,54,86,Low,R,J.T. Ginn,ATH,obr_tier
5.21,4.57,0.95,0.68,,23,16.1,6.3,4.75,4,58.5,99.2,42.9,669372,45.7,56.4,56.2,63.4,84,Mid,R,J.T. Ginn,ATH,obr_tier
3.63,4.16,1.1,0.68,,21.2,10,3.68,5.47,24,46.5,100.8,33.1,669372,44.6,48,51,59,86.7,R,R,J.T. Ginn,ATH,hand
3.82,3.85,1.19,0.68,,24.6,8.5,4.02,5.26,13,40,97.6,28,669372,39.1,40.4,43.7,50.7,83.4,away,R,J.T. Ginn,ATH,location
3.43,4.5,1,0.68,,17.7,11.4,3.27,5.73,11,54.2,104.7,39,669372,51.1,57.1,59.7,68.7,90.6,home,R,J.T. Ginn,ATH,location
3,4.27,1.5,0.6,,25,8.3,1.8,6,1,88.5,120.8,53.4,669373,57.6,84.2,74.7,76,85,High,L,Tarik Skubal,LAD,osi_tier
2.09,1.76,0.48,0.6,,33.8,4.7,2.2,6.22,9,39.2,93.4,36.6,669373,39.1,34.5,42.6,54.4,92.1,Low,L,Tarik Skubal,LAD,osi_tier
3.48,2.81,1.11,0.6,,29.1,3.5,2.95,5.88,11,60.9,98.8,50.2,669373,50.6,61.8,57.9,58.6,90.5,Mid,L,Tarik Skubal,LAD,osi_tier
2.84,2.52,0.47,0.6,,19.7,2.6,2.4,6.33,3,67,97.5,42.9,669373,69.8,64.5,60.2,48.5,96.7,High,L,Tarik Skubal,LAD,abq_tier
2.97,2.38,0.99,0.6,,33.2,3.6,2.4,6.06,12,47.9,96.1,44.2,669373,34.9,44.6,47.9,61,91.3,Low,L,Tarik Skubal,LAD,abq_tier
2.57,2.41,0.77,0.6,,32.4,6.5,3,5.83,6,55.9,100.3,46,669373,56.3,57.8,56.6,55.4,87.2,Mid,L,Tarik Skubal,LAD,abq_tier
3.19,3.93,1.91,0.6,,30.7,3.7,2.06,6.05,7,64.8,105.9,53.3,669373,40.9,56.2,59,75,89.4,High,L,Tarik Skubal,LAD,rcv_tier
3.62,1.96,0.28,0.6,,24.5,4.3,3.3,5.39,6,51.3,89.2,39.4,669373,54.2,58,50.6,39.5,90.8,Low,L,Tarik Skubal,LAD,rcv_tier
2.08,1.47,0.35,0.6,,35.8,4.7,2.48,6.5,8,43.7,96.4,40.6,669373,44.3,41.7,47.4,56,92.2,Mid,L,Tarik Skubal,LAD,rcv_tier
3,2.55,1.07,0.6,,32.7,3.7,2.31,6,7,70.9,102.3,59.3,669373,54.5,72.2,63.4,59.7,90.3,High,L,Tarik Skubal,LAD,obr_tier
2.23,2.3,0.79,0.6,,31.6,4.2,2.29,6.24,11,42,95.7,36.7,669373,41,36.3,45.1,58.2,91.8,Low,L,Tarik Skubal,LAD,obr_tier
5.06,2.54,0.56,0.6,,24.3,5.7,4.2,5.33,3,50.8,93.1,38.8,669373,44.4,56.8,51.6,50.9,89,Mid,L,Tarik Skubal,LAD,obr_tier
2.84,2.41,0.85,0.6,,30.9,4.2,2.57,6.03,21,52.9,97.5,44.5,669373,46,51.2,52.2,57.6,90.9,L,L,Tarik Skubal,LAD,hand
2.09,2.27,0.75,0.6,,29.7,3.1,2.52,6.03,10,52.4,99.7,40.4,669373,48.6,54.7,54.1,57.2,85.8,away,L,Tarik Skubal,LAD,location
3.53,2.54,0.95,0.6,,32,5.3,2.62,6.03,11,53.4,95.5,48.2,669373,43.6,48,50.4,58,95.5,home,L,Tarik Skubal,LAD,location
3.21,4.39,0.64,0.71,,12.7,11.1,3.6,4.67,3,84.1,108.5,53.8,669387,64.4,83.4,71.1,61.9,82.7,High,R,Carmen Mlodzinski,PIT,osi_tier
6.75,3.43,0.88,0.71,,19.7,6.3,6.43,4.38,7,35.6,95.8,23.3,669387,37.6,34.7,41.7,52.7,81.4,Low,R,Carmen Mlodzinski,PIT,osi_tier
7.04,4.27,1.17,0.71,,20.5,10.3,6.3,3.83,2,58.3,103.9,46.8,669387,43.1,56.9,58.3,70.8,71.5,Mid,R,Carmen Mlodzinski,PIT,osi_tier
9.82,1.74,0,0.71,,22.2,5.6,9,3.67,1,75.2,110.3,54.5,669387,71.8,74.6,68.1,58.1,81,High,R,Carmen Mlodzinski,PIT,abq_tier
6.81,3.6,0.94,0.71,,19.9,7.2,6.4,4.26,9,40.7,97.6,28.5,669387,38.8,39.7,45.4,56.7,79.2,Low,R,Carmen Mlodzinski,PIT,abq_tier
0.87,5.33,0.87,0.71,,8.9,13.3,0.9,5.17,2,88.5,107.5,53.4,669387,60.8,87.8,72.6,63.7,83.5,Mid,R,Carmen Mlodzinski,PIT,abq_tier
5.27,4.56,1.32,0.71,,14.5,6.5,5.4,4.56,3,47.5,103.3,36.3,669387,37.8,44.9,52.5,71.8,72.3,High,R,Carmen Mlodzinski,PIT,rcv_tier
8.83,2.58,1.04,0.71,,29.4,5.9,7.65,4.33,4,32.7,92.9,17.5,669387,38,34.3,38.8,44.5,85.5,Low,R,Carmen Mlodzinski,PIT,rcv_tier
3.8,4.32,0.42,0.71,,10.3,11.3,4.32,4.27,5,69,104.5,47.7,669387,55.4,67,61.8,60.5,80.4,Mid,R,Carmen Mlodzinski,PIT,rcv_tier
3.21,4.39,0.64,0.71,,12.7,11.1,3.6,4.67,3,84.1,108.5,53.8,669387,64.4,83.4,71.1,61.9,82.7,High,R,Carmen Mlodzinski,PIT,obr_tier
7.22,3.69,1.07,0.71,,19.4,6.2,6.75,4.21,8,38.6,96.8,26.5,669387,39.1,36.8,43.7,54.9,78.6,Low,R,Carmen Mlodzinski,PIT,obr_tier
3.86,2.89,0,0.71,,23.8,14.3,3.6,4.67,1,56.8,103.9,44.2,669387,36.9,62.7,59.3,71.5,84,Mid,R,Carmen Mlodzinski,PIT,obr_tier
5.85,3.81,0.86,0.71,,18,8.2,5.7,4.36,12,51.5,100.3,34.8,669387,45.2,50.6,51.8,58,80.1,R,R,Carmen Mlodzinski,PIT,hand
4.94,3,0.29,0.71,,16.5,7.2,5.14,4.43,7,49.1,101.7,33.3,669387,45.8,46.7,50.4,58.1,81.1,away,R,Carmen Mlodzinski,PIT,location
7.17,4.97,1.69,0.71,,20,9.5,6.48,4.27,5,54.8,98.3,36.8,669387,44.4,56.1,53.7,57.9,78.6,home,R,Carmen Mlodzinski,PIT,location
0.93,2.63,0.47,0.71,,24.3,5.7,0.6,6.44,3,90.2,114.6,54.8,669432,56.2,81.9,74.5,79.1,90.7,High,L,Trevor Rogers,BAL,osi_tier
4.07,2.86,0.81,0.71,,23,3.7,4.42,6.03,11,34.3,93,27,669432,48.4,34.1,40.2,41.5,92.5,Low,L,Trevor Rogers,BAL,osi_tier
5.68,4.46,1.38,0.71,,20.1,8.7,6.3,4.89,12,52.4,99.9,40,669432,50,60.1,57,58.3,87.2,Mid,L,Trevor Rogers,BAL,osi_tier
6.75,3.66,1.27,0.71,,21.6,5.2,9,5.33,4,47.9,98.3,23.5,669432,71.2,36.2,47.6,43.8,97,High,L,Trevor Rogers,BAL,abq_tier
3.44,2.99,0.78,0.71,,24.2,6,3.6,5.79,14,44.7,98,35,669432,39.6,47.9,48.9,56.6,89.4,Low,L,Trevor Rogers,BAL,abq_tier
4.71,4.34,1.29,0.71,,17.7,6.9,4.95,5.25,8,57.3,100.1,44.7,669432,57.8,65.8,59.4,53.2,87.1,Mid,L,Trevor Rogers,BAL,abq_tier
4.67,3.77,1.33,0.71,,22.6,5.2,4.68,5.4,5,71.6,111.5,53.6,669432,48.4,63.2,65.7,80.9,89.8,High,L,Trevor Rogers,BAL,rcv_tier
4.74,4.01,1.26,0.71,,20.7,6.6,5.58,5.7,10,39.2,89,31,669432,53.8,42.9,42.7,34.7,90.8,Low,L,Trevor Rogers,BAL,rcv_tier
3.73,2.85,0.6,0.71,,22.7,6.1,4.25,5.48,11,47.8,101.6,33,669432,47.4,54.2,54,58.4,89,Mid,L,Trevor Rogers,BAL,rcv_tier
4.35,3.63,0.87,0.71,,19.2,7,5.18,5.17,8,69.6,107.5,51.1,669432,53.3,72.9,66.2,67.6,84.8,High,L,Trevor Rogers,BAL,obr_tier
4.21,2.79,0.82,0.71,,23.4,3.5,4.57,5.92,13,37.4,95,28.6,669432,48.7,35.7,42.8,46.7,93.6,Low,L,Trevor Rogers,BAL,obr_tier
4.5,5.29,1.73,0.71,,21.7,12.2,5.04,5.2,5,46.5,94,32.3,669432,48.5,58.9,52.9,49.1,88.2,Mid,L,Trevor Rogers,BAL,obr_tier
4.3,3.48,1,0.71,,21.9,6.1,4.85,5.55,26,49.1,98.7,36.2,669432,50.1,51.6,51.9,53.6,89.8,L,L,Trevor Rogers,BAL,hand
4.34,2.96,0.81,0.71,,24.2,6,5.4,5.53,12,48.6,96.1,33,669432,50.4,53,50.8,48.5,92.5,away,L,Trevor Rogers,BAL,location
4.27,3.92,1.15,0.71,,19.8,6.3,4.37,5.57,14,49.5,100.9,39,669432,49.8,50.4,52.9,58,87.6,home,L,Trevor Rogers,BAL,location
7.36,2.83,0,0.88,,10.5,5.3,7.2,3.67,1,88.5,107.5,53.4,669438,63,91,75.2,66.1,65,High,R,Mason Englert,TBR,osi_tier
5.91,7.32,4.22,0.88,,27.7,4.3,5.4,5.33,2,43.3,96,28.1,669438,41.4,47.1,44.1,42.6,94.5,Low,R,Mason Englert,TBR,osi_tier
5.91,7.32,4.22,0.88,,27.7,4.3,5.4,5.33,2,43.3,96,28.1,669438,41.4,47.1,44.1,42.6,94.5,Low,R,Mason Englert,TBR,abq_tier
7.36,2.83,0,0.88,,10.5,5.3,7.2,3.67,1,88.5,107.5,53.4,669438,63,91,75.2,66.1,65,Mid,R,Mason Englert,TBR,abq_tier
3.18,5.04,3.18,0.88,,37.5,4.2,1.8,5.67,1,41.4,105.2,26.5,669438,36.3,42,49,66.1,101,High,R,Mason Englert,TBR,rcv_tier
9,9.9,5.4,0.88,,17.4,4.3,9,5,1,45.2,86.8,29.6,669438,46.6,52.2,39.2,19.2,88,Low,R,Mason Englert,TBR,rcv_tier
7.36,2.83,0,0.88,,10.5,5.3,7.2,3.67,1,88.5,107.5,53.4,669438,63,91,75.2,66.1,65,Mid,R,Mason Englert,TBR,rcv_tier
7.36,2.83,0,0.88,,10.5,5.3,7.2,3.67,1,88.5,107.5,53.4,669438,63,91,75.2,66.1,65,High,R,Mason Englert,TBR,obr_tier
3.18,5.04,3.18,0.88,,37.5,4.2,1.8,5.67,1,41.4,105.2,26.5,669438,36.3,42,49,66.1,101,Low,R,Mason Englert,TBR,obr_tier
9,9.9,5.4,0.88,,17.4,4.3,9,5,1,45.2,86.8,29.6,669438,46.6,52.2,39.2,19.2,88,Mid,R,Mason Englert,TBR,obr_tier
6.28,6.17,3.14,0.88,,22.7,4.5,6,4.78,3,58.4,99.8,36.5,669438,48.6,61.7,54.5,50.5,84.7,R,R,Mason Englert,TBR,hand
5.91,7.32,4.22,0.88,,27.7,4.3,5.4,5.33,2,43.3,96,28.1,669438,41.4,47.1,44.1,42.6,94.5,away,R,Mason Englert,TBR,location
7.36,2.83,0,0.88,,10.5,5.3,7.2,3.67,1,88.5,107.5,53.4,669438,63,91,75.2,66.1,65,home,R,Mason Englert,TBR,location
6.75,6.7,1.35,0.76,,16.1,22.6,7.2,3.33,2,79.9,106.4,70.2,669456,45.6,70.5,68.2,81.8,63,High,R,Shane Bieber,TOR,osi_tier
7.03,7.29,2.96,0.76,,16.1,10.2,5.76,4.87,5,33.4,101.7,24,669456,38.8,35.7,43,54.2,88,Low,R,Shane Bieber,TOR,osi_tier
1.09,2.61,0.36,0.76,,21.5,5.4,1.8,6.17,4,49.8,105.6,34.5,669456,59.5,47.6,55.5,61.8,91,Mid,R,Shane Bieber,TOR,osi_tier
0.64,1.67,0,0.76,,20.4,0,1.8,7,2,47,110.2,24.8,669456,77.9,42.3,55.1,53.4,93.5,High,R,Shane Bieber,TOR,abq_tier
5.62,6.32,2.16,0.76,,17.6,12.4,5.2,4.63,9,48,102.6,38.7,669456,40.8,47.3,51.5,63.9,82.6,Low,R,Shane Bieber,TOR,abq_tier
4.09,5.24,1.64,0.76,,19,11,4.32,4.4,5,60.3,105.5,49.6,669456,40.3,55.5,58.9,76,73.6,High,R,Shane Bieber,TOR,rcv_tier
5.73,7.1,2.45,0.76,,16,14,4.5,5.5,2,21.7,96.8,15.5,669456,38.5,25.8,34,40.1,94.5,Low,R,Shane Bieber,TOR,rcv_tier
3.97,4.11,1.19,0.76,,18.5,6.5,4.95,5.67,4,45.3,105.7,29.8,669456,61.2,45.3,52.8,55.4,93.2,Mid,R,Shane Bieber,TOR,rcv_tier
1.5,4.1,1.5,0.76,,22.7,4.5,0,6,1,76.2,104.6,86.8,669456,41.8,79.2,69.3,77.7,84,High,R,Shane Bieber,TOR,obr_tier
4.7,5.24,1.88,0.76,,17.4,7.2,4.63,5.48,7,37.3,104.1,24.2,669456,50,37.6,46.4,54,89.6,Low,R,Shane Bieber,TOR,obr_tier
4.76,5.39,0.79,0.76,,18.9,20.8,6,3.78,3,62.9,103.4,47.3,669456,43.8,55.9,59.7,75.5,73,Mid,R,Shane Bieber,TOR,obr_tier
4.37,5.15,1.62,0.76,,18.2,9.9,4.58,5.06,11,47.8,104,36.2,669456,47.6,46.4,52.1,62,84.5,R,R,Shane Bieber,TOR,hand
6.18,5.56,1.63,0.76,,18.3,13,6.6,4.61,6,45.8,102.8,32.6,669456,47.7,44.5,50.3,58.7,85.5,away,R,Shane Bieber,TOR,location
2.57,4.74,1.61,0.76,,18,6.3,2.16,5.6,5,50.3,105.4,40.5,669456,47.4,48.6,54.3,65.8,83.4,home,R,Shane Bieber,TOR,location
4.2,3.53,0.9,0.82,,21.7,7.8,3.6,5,6,89.3,117.7,54.1,669461,56.6,82.5,74.1,77,85.5,High,L,Matthew Liberatore,STL,osi_tier
4.58,4.09,1.4,0.82,,24.2,8.2,5.53,5.05,14,37.4,92.2,34,669461,39.9,34.7,40.8,48.3,81.8,Low,L,Matthew Liberatore,STL,osi_tier
8.21,6.07,2.91,0.82,,25.3,7.8,8.74,4.86,7,49.7,99.1,31.3,669461,51,56.8,54.5,54.4,92.7,Mid,L,Matthew Liberatore,STL,osi_tier
5.87,5.71,2.35,0.82,,20.8,8.3,6,5.11,3,57.6,98.6,33,669461,70,50.5,54.2,47.4,92.3,High,L,Matthew Liberatore,STL,abq_tier
5.73,4.75,1.98,0.82,,26.1,8.1,6.3,5.1,16,42.1,96.8,31.7,669461,36.2,42.7,45.7,56,85.7,Low,L,Matthew Liberatore,STL,abq_tier
4.54,3.34,0.72,0.82,,20.6,7.5,5.18,4.71,8,70.2,105.7,51.7,669461,58.4,68.1,62.9,60.2,82.4,Mid,L,Matthew Liberatore,STL,abq_tier
6.98,4.78,1.86,0.82,,21.9,7.3,7.42,4.83,8,73.9,114.5,44.9,669461,50.1,66.5,65.9,76.4,86.9,High,L,Matthew Liberatore,STL,rcv_tier
5.22,5.65,2.27,0.82,,21.8,8.8,5.4,4.96,8,40.4,87.6,34.8,669461,51.9,46.8,43.4,33.4,84.8,Low,L,Matthew Liberatore,STL,rcv_tier
4.47,3.42,1.12,0.82,,27,7.9,5.24,5.12,11,44.9,97.6,34.7,669461,39.9,43,47.6,58.3,84.9,Mid,L,Matthew Liberatore,STL,rcv_tier
4.37,3.44,1.03,0.82,,25.2,7.9,3.86,5,7,87.3,113.8,54.1,669461,58.7,81.6,72.3,71.4,87.7,High,L,Matthew Liberatore,STL,obr_tier
4.97,4.36,1.54,0.82,,23.2,8.1,5.88,5.07,15,38.3,93.4,33,669461,41.7,35.2,41.9,49.8,82.9,Low,L,Matthew Liberatore,STL,obr_tier
8.37,6.31,3.04,0.82,,24.5,7.5,9,4.73,5,44.4,98.4,29,669461,43.8,56.1,52.5,54.7,90,Mid,L,Matthew Liberatore,STL,obr_tier
5.41,4.47,1.67,0.82,,23.9,8,5.93,4.99,27,52.1,99.6,37.8,669461,46.5,51.1,51.8,56.3,85.4,L,L,Matthew Liberatore,STL,hand
4.93,3.71,1.37,0.82,,28.3,8,4.98,5.05,13,52.2,100,40,669461,47,50.7,52.4,58.3,85.7,away,L,Matthew Liberatore,STL,location
5.87,5.19,1.96,0.82,,20.1,8,6.81,4.93,14,52.1,99.3,35.7,669461,46,51.4,51.1,54.4,85.2,home,L,Matthew Liberatore,STL,location
4.95,4.37,0.74,0.67,,11.6,9.1,4.63,5.19,7,82.2,108,58.5,669467,58.8,77.9,69.1,66.4,94.1,High,R,Andre Pallante,STL,osi_tier
3.24,3.42,0.6,0.67,,18.1,7.6,2.63,5.77,13,37.3,92.6,22.3,669467,42.1,38,40.4,42,90.5,Low,R,Andre Pallante,STL,osi_tier
2.55,2.65,0.73,0.67,,24,3.1,3.15,6.17,4,46.7,102.1,39,669467,45.1,49.2,53.8,65.4,91.8,Mid,R,Andre Pallante,STL,osi_tier
9,5.65,1.64,0.67,,9.6,7.7,9.9,5.5,2,75.2,110.3,54.5,669467,71.8,74.6,68.1,58.1,100.5,High,R,Andre Pallante,STL,abq_tier
3.13,3.39,0.59,0.67,,19.5,8.4,2.92,5.75,16,42.7,97.2,30.8,669467,39.3,43.6,45.7,52.6,91.4,Low,R,Andre Pallante,STL,abq_tier
3,3.22,0.55,0.67,,14.1,4.2,2.1,5.5,6,69.1,98.7,42.2,669467,61.2,64.9,59.6,52.4,89.8,Mid,R,Andre Pallante,STL,abq_tier
2.73,3.97,0.68,0.67,,19.3,11.9,2.52,5.27,5,58.7,106.6,47,669467,40.1,55.5,58.8,75.8,90.8,High,R,Andre Pallante,STL,rcv_tier
2.79,3.29,0.47,0.67,,16.4,6.9,2.16,5.8,10,36.2,89,18.9,669467,42.4,37.4,38.1,35.8,90.2,Low,R,Andre Pallante,STL,rcv_tier
4.88,3.58,0.87,0.67,,17,5.4,5,5.74,9,65.7,104.9,48,669467,57.3,64.9,61.1,59.5,94.1,Mid,R,Andre Pallante,STL,rcv_tier
5.17,4.31,0.86,0.67,,12,7.7,4.8,5.22,6,82,108,59.3,669467,60.4,80.6,69.4,63.1,95.2,High,R,Andre Pallante,STL,obr_tier
2.67,3.25,0.62,0.67,,20.1,7.2,2.16,5.84,15,38.7,95.1,25.5,669467,42.4,38.9,43.2,48.7,90.5,Low,R,Andre Pallante,STL,obr_tier
5.29,3.57,0.53,0.67,,13.7,6.8,6,5.67,3,58.3,97.6,39,669467,47,56.2,53.2,54.3,91.7,Mid,R,Andre Pallante,STL,obr_tier
3.57,3.53,0.66,0.67,,17.2,7.3,3.3,5.67,24,52,98.7,35.6,669467,47.5,51.5,51,53,91.8,R,R,Andre Pallante,STL,hand
2.93,3.71,0.65,0.67,,17.4,8.9,1.98,5.53,10,53.6,98.8,36,669467,42.6,51.8,51.8,58.5,91.8,away,R,Andre Pallante,STL,location
4.02,3.41,0.67,0.67,,17.1,6.2,4.24,5.76,14,50.8,98.6,35.4,669467,50.9,51.3,50.4,49.1,91.8,home,R,Andre Pallante,STL,location
7.94,4.34,1.59,0.83,,11.1,0,6.6,1.89,3,39,102.1,30.1,669620,41.5,32.5,43.9,58.8,31.3,Low,L,Brady Basso,ATH,osi_tier
0,1.81,0,0.83,,30,10,0,2.33,1,49.9,91.9,36.5,669620,45.2,58.7,50.5,44.9,36,Mid,L,Brady Basso,ATH,osi_tier
7.94,4.16,1.59,0.83,,17.9,3.6,6.6,1.89,3,39.7,101.1,24.3,669620,37.9,40.2,45,55.5,32.7,Low,L,Brady Basso,ATH,abq_tier
0,2.24,0,0.83,,11.1,0,0,2.33,1,48,94.8,53.9,669620,56,35.6,47.4,54.7,32,Mid,L,Brady Basso,ATH,abq_tier
0,1.81,0,0.83,,30,10,0,2.33,1,49.9,91.9,36.5,669620,45.2,58.7,50.5,44.9,36,Low,L,Brady Basso,ATH,rcv_tier
7.94,4.34,1.59,0.83,,11.1,0,6.6,1.89,3,39,102.1,30.1,669620,41.5,32.5,43.9,58.8,31.3,Mid,L,Brady Basso,ATH,rcv_tier
7.94,4.34,1.59,0.83,,11.1,0,6.6,1.89,3,39,102.1,30.1,669620,41.5,32.5,43.9,58.8,31.3,Low,L,Brady Basso,ATH,obr_tier
0,1.81,0,0.83,,30,10,0,2.33,1,49.9,91.9,36.5,669620,45.2,58.7,50.5,44.9,36,Mid,L,Brady Basso,ATH,obr_tier
5.62,3.6,1.12,0.83,,16.2,2.7,4.95,2,4,41.7,99.5,31.7,669620,42.4,39,45.6,55.3,32.5,L,L,Brady Basso,ATH,hand
5.62,3.6,1.12,0.83,,16.2,2.7,4.95,2,4,41.7,99.5,31.7,669620,42.4,39,45.6,55.3,32.5,away,L,Brady Basso,ATH,location
13.5,8.1,4.5,0.7,,30,10,5.4,1,2,45.8,85.6,35.8,669684,58,48.4,50,46,27,Low,L,Chris Murphy,CHW,osi_tier
13.5,8.1,4.5,0.7,,30,10,5.4,1,2,45.8,85.6,35.8,669684,58,48.4,50,46,27,Mid,L,Chris Murphy,CHW,abq_tier
13.5,8.1,4.5,0.7,,30,10,5.4,1,2,45.8,85.6,35.8,669684,58,48.4,50,46,27,Low,L,Chris Murphy,CHW,rcv_tier
13.5,8.1,4.5,0.7,,30,10,5.4,1,2,45.8,85.6,35.8,669684,58,48.4,50,46,27,Low,L,Chris Murphy,CHW,obr_tier
13.5,8.1,4.5,0.7,,30,10,5.4,1,2,45.8,85.6,35.8,669684,58,48.4,50,46,27,L,L,Chris Murphy,CHW,hand
40.5,24.1,13.5,0.7,,16.7,16.7,10.8,0.67,1,45.8,85.6,35.8,669684,55.3,46.1,47.6,43.8,31,away,L,Chris Murphy,CHW,location
0,0.1,0,0.7,,50,0,0,1.33,1,45.8,85.6,35.8,669684,60.8,50.7,52.3,48.1,23,home,L,Chris Murphy,CHW,location
1.8,1.9,0,0.59,,30,10,0,5,1,76.2,104.6,86.8,669713,41,77.6,67.9,76.1,91,High,R,Hayden Wesneski,HOU,osi_tier
5.16,3.59,0.79,0.59,,18.9,7.4,5.4,5.67,4,23.9,99.2,27.8,669713,38.2,21.3,36.3,52.2,80.2,Low,R,Hayden Wesneski,HOU,osi_tier
0,2.85,0,0.59,,20.9,11.6,0,6,2,52.7,102.6,41.2,669713,38.3,47.7,54.4,73.4,90.5,Mid,R,Hayden Wesneski,HOU,osi_tier
3.21,3.22,0.53,0.59,,21.5,8.9,3,5.61,6,43.6,101.9,37.8,669713,35.4,41.4,48.6,66.4,85.8,Low,R,Hayden Wesneski,HOU,abq_tier
3,2.77,0,0.59,,17.4,8.7,3.6,6,1,15.4,95.4,53.3,669713,58.4,10,30.3,33.4,78,Mid,R,Hayden Wesneski,HOU,abq_tier
1.5,3.72,0.75,0.59,,21.1,10,0.9,6,4,51.9,103,46.1,669713,36.2,48.5,54.4,74.1,88.8,High,R,Hayden Wesneski,HOU,rcv_tier
3.86,2.76,0,0.59,,16.7,8.3,4.5,5.83,2,14.3,95,29.8,669713,41.3,11.6,28.8,39.6,78.5,Low,R,Hayden Wesneski,HOU,rcv_tier
11.25,0.85,0,0.59,,30,5,9,4,1,41,104.4,35.9,669713,43,41.4,46.9,56,81,Mid,R,Hayden Wesneski,HOU,rcv_tier
1.8,1.9,0,0.59,,30,10,0,5,1,76.2,104.6,86.8,669713,41,77.6,67.9,76.1,91,High,R,Hayden Wesneski,HOU,obr_tier
4.23,3.53,0.65,0.59,,19.5,8.8,4.32,5.53,5,28.4,99.6,27.8,669713,38.8,26.3,39.5,55.2,82.4,Low,R,Hayden Wesneski,HOU,obr_tier
0,2.53,0,0.59,,20,8,0,7,1,59.1,104.1,54.6,669713,35.5,49.4,56.5,79.5,90,Mid,R,Hayden Wesneski,HOU,obr_tier
3.18,3.15,0.45,0.59,,20.9,8.9,3.09,5.67,7,39.6,100.9,40,669713,38.6,36.9,46,61.7,84.7,R,R,Hayden Wesneski,HOU,hand
3.57,4.01,1.02,0.59,,19.4,8.3,3,5.89,3,38.5,100.5,36.2,669713,30.8,37.2,45.4,65.1,84.3,away,R,Hayden Wesneski,HOU,location
2.86,2.46,0,0.59,,22.1,9.3,3.15,5.5,4,40.4,101.3,42.9,669713,44.5,36.7,46.5,59,85,home,R,Hayden Wesneski,HOU,location
9,1.1,0,0.86,,25,0,3.6,1,1,15.4,95.4,53.3,669724,60.2,10.3,31.2,34.4,14,Low,R,Brenan Hanifee,DET,osi_tier
0,3.1,0,0.86,,0,0,5.4,0.67,1,48,95.7,53.9,669724,61.2,46,52.4,53.2,10,Mid,R,Brenan Hanifee,DET,osi_tier
5.4,1.9,0,0.86,,12.5,0,4.5,0.83,2,31.7,95.5,53.6,669724,60.7,28.2,41.8,43.8,12,Mid,R,Brenan Hanifee,DET,abq_tier
9,1.1,0,0.86,,25,0,3.6,1,1,15.4,95.4,53.3,669724,60.2,10.3,31.2,34.4,14,Low,R,Brenan Hanifee,DET,rcv_tier
0,3.1,0,0.86,,0,0,5.4,0.67,1,48,95.7,53.9,669724,61.2,46,52.4,53.2,10,Mid,R,Brenan Hanifee,DET,rcv_tier
5.4,1.9,0,0.86,,12.5,0,4.5,0.83,2,31.7,95.5,53.6,669724,60.7,28.2,41.8,43.8,12,Low,R,Brenan Hanifee,DET,obr_tier
5.4,1.9,0,0.86,,12.5,0,4.5,0.83,2,31.7,95.5,53.6,669724,60.7,28.2,41.8,43.8,12,R,R,Brenan Hanifee,DET,hand
0,3.1,0,0.86,,0,0,5.4,0.67,1,48,95.7,53.9,669724,61.2,46,52.4,53.2,10,away,R,Brenan Hanifee,DET,location
9,1.1,0,0.86,,25,0,3.6,1,1,15.4,95.4,53.3,669724,60.2,10.3,31.2,34.4,14,home,R,Brenan Hanifee,DET,location
6.75,6.31,2.89,0.86,,30,12.5,6.3,4.67,2,34.2,102.9,24.4,669854,42,30.6,41.8,54.6,84,Low,R,Ronel Blanco,HOU,osi_tier
5.14,6.67,1.93,0.86,,13.8,15.5,5.4,4.67,3,54.8,102,47.7,669854,38.9,51.4,55.8,72.7,83.7,Mid,R,Ronel Blanco,HOU,osi_tier
5.79,6.53,2.31,0.86,,20.4,14.3,5.76,4.67,5,46.5,102.4,38.3,669854,40.1,43.1,50.2,65.5,83.8,Low,R,Ronel Blanco,HOU,abq_tier
4.82,6.31,1.93,0.86,,17.9,15.4,5.4,4.67,2,59.1,104.1,54.6,669854,35.8,49.9,57,80.3,86.5,High,R,Ronel Blanco,HOU,rcv_tier
5.79,5.46,1.93,0.86,,19,9.5,5.4,4.67,1,27.6,102.7,9.8,669854,40.7,25.9,36.5,45.5,82,Low,R,Ronel Blanco,HOU,rcv_tier
6.75,7.28,2.89,0.86,,23.7,15.8,6.3,4.67,2,43.4,100.4,36.3,669854,44.2,44.9,50.2,60.6,82,Mid,R,Ronel Blanco,HOU,rcv_tier
6.75,6.31,2.89,0.86,,30,12.5,6.3,4.67,2,34.2,102.9,24.4,669854,42,30.6,41.8,54.6,84,Low,R,Ronel Blanco,HOU,obr_tier
5.14,6.67,1.93,0.86,,13.8,15.5,5.4,4.67,3,54.8,102,47.7,669854,38.9,51.4,55.8,72.7,83.7,Mid,R,Ronel Blanco,HOU,obr_tier
5.79,6.53,2.31,0.86,,20.4,14.3,5.76,4.67,5,46.5,102.4,38.3,669854,40.1,43.1,50.2,65.5,83.8,R,R,Ronel Blanco,HOU,hand
7.2,7.8,2.7,0.86,,12.2,14.6,5.4,5,2,52.6,100.9,44.2,669854,40.7,52.4,55.4,69.4,81.5,away,R,Ronel Blanco,HOU,location
4.73,5.58,2.02,0.86,,26.3,14,6,4.44,3,42.5,103.3,34.4,669854,39.8,36.9,46.7,62.9,85.3,home,R,Ronel Blanco,HOU,location
13.5,7.1,3,0.92,,14.8,7.4,16.2,6,1,27.6,102.7,9.8,669920,41.5,26.4,37.2,46.4,100,Low,R,Jason Alexander,HOU,osi_tier
0,2.27,0,0.92,,17.4,4.3,0,6,1,49.9,108.6,36.5,669920,41.4,45,51.8,67,80,Mid,R,Jason Alexander,HOU,osi_tier
6.75,4.68,1.5,0.92,,16,6,8.1,6,2,38.8,105.7,23.1,669920,41.4,35.7,44.5,56.7,90,Low,R,Jason Alexander,HOU,abq_tier
0,2.27,0,0.92,,17.4,4.3,0,6,1,49.9,108.6,36.5,669920,41.4,45,51.8,67,80,High,R,Jason Alexander,HOU,rcv_tier
13.5,7.1,3,0.92,,14.8,7.4,16.2,6,1,27.6,102.7,9.8,669920,41.5,26.4,37.2,46.4,100,Low,R,Jason Alexander,HOU,rcv_tier
6.75,4.68,1.5,0.92,,16,6,8.1,6,2,38.8,105.7,23.1,669920,41.4,35.7,44.5,56.7,90,Low,R,Jason Alexander,HOU,obr_tier
6.75,4.68,1.5,0.92,,16,6,8.1,6,2,38.8,105.7,23.1,669920,41.4,35.7,44.5,56.7,90,R,R,Jason Alexander,HOU,hand
6.75,4.68,1.5,0.92,,16,6,8.1,6,2,38.8,105.7,23.1,669920,41.4,35.7,44.5,56.7,90,away,R,Jason Alexander,HOU,location
9.64,4.17,0.96,0.77,,20.5,11.4,6.3,4.67,2,75.7,107.5,70.7,669923,57.3,77.7,69.4,68.7,86.5,High,R,George Kirby,SEA,osi_tier
4.04,3.92,1.31,0.77,,20.3,4.9,4.56,5.93,15,36,96.7,22.4,669923,41.7,36.9,42.1,48.4,89.3,Low,R,George Kirby,SEA,osi_tier
3.48,3.39,0.83,0.77,,19.4,5.7,3,6.04,9,49.9,105.2,40.8,669923,47.9,50.9,55.4,65.8,95,Mid,R,George Kirby,SEA,osi_tier
7.56,4.9,1.08,0.77,,12.5,10,6.3,4.17,2,61.1,110.3,39.6,669923,76.1,59.1,62.4,56.6,91.5,High,R,George Kirby,SEA,abq_tier
4.05,3.78,1.2,0.77,,20.9,5.6,4.05,6,20,41.3,100.5,30.1,669923,38.9,43,46.9,56.9,91.4,Low,R,George Kirby,SEA,abq_tier
3.7,3.18,0.74,0.77,,18.6,4.1,3.6,6.08,4,48.1,95.5,40.6,669923,60.1,47.1,51.7,51.1,89.2,Mid,R,George Kirby,SEA,abq_tier
3.5,3.19,0.67,0.77,,21.3,7.4,3,6,9,51.1,106.6,40.9,669923,37.9,52.4,55.2,70.9,96,High,R,George Kirby,SEA,rcv_tier
4.22,4.34,1.66,0.77,,20.8,4.5,4.68,5.97,10,32.2,93.8,17.9,669923,43.1,34.1,38.7,40.8,87.6,Low,R,George Kirby,SEA,rcv_tier
5.08,3.61,0.92,0.77,,17,4.8,4.89,5.57,7,51,102.2,42.5,669923,57,50.7,55,58.6,89.7,Mid,R,George Kirby,SEA,rcv_tier
9.64,4.17,0.96,0.77,,20.5,11.4,6.3,4.67,2,75.7,107.5,70.7,669923,57.3,77.7,69.4,68.7,86.5,High,R,George Kirby,SEA,obr_tier
3.28,3.4,0.9,0.77,,19.3,4.8,3.96,6.03,20,39.2,100.3,27.6,669923,44.6,39.1,46,55,90.8,Low,R,George Kirby,SEA,obr_tier
6.75,5.44,2.38,0.77,,23.2,7.1,4.05,5.67,4,51.3,98.1,38,669923,41.3,57.7,52.4,54.5,95,Mid,R,George Kirby,SEA,obr_tier
4.19,3.75,1.12,0.77,,20,5.6,4.15,5.87,26,43.8,100.5,32.5,669923,45.1,44.9,48.8,56,91.1,R,R,George Kirby,SEA,hand
5.48,4.24,1.37,0.77,,18.2,5.8,5.85,5.47,12,46,102.7,34.1,669923,44,45.7,49.4,57.5,89.6,away,R,George Kirby,SEA,location
3.21,3.38,0.93,0.77,,21.6,5.5,2.7,6.21,14,42,98.7,31.1,669923,46,44.2,48.3,54.8,92.4,home,R,George Kirby,SEA,location
6.1,6.1,2.61,0.81,,21.3,8.5,4.5,5.17,2,40,85.3,22,669947,40.7,46.6,37.5,24.9,93,Low,R,Jesse Scholtens,TBR,osi_tier
6.1,6.1,2.61,0.81,,21.3,8.5,4.5,5.17,2,40,85.3,22,669947,40.7,46.6,37.5,24.9,93,Low,R,Jesse Scholtens,TBR,abq_tier
6.1,6.1,2.61,0.81,,21.3,8.5,4.5,5.17,2,40,85.3,22,669947,40.7,46.6,37.5,24.9,93,Low,R,Jesse Scholtens,TBR,rcv_tier
7.94,3.28,1.59,0.81,,23.1,0,5.4,5.67,1,34.7,83.8,14.3,669947,34.8,41,35.7,30.6,95,Low,R,Jesse Scholtens,TBR,obr_tier
3.86,9.53,3.86,0.81,,19,19,3.6,4.67,1,45.2,86.8,29.6,669947,46.6,52.2,39.2,19.2,91,Mid,R,Jesse Scholtens,TBR,obr_tier
6.1,6.1,2.61,0.81,,21.3,8.5,4.5,5.17,2,40,85.3,22,669947,40.7,46.6,37.5,24.9,93,R,R,Jesse Scholtens,TBR,hand
3.86,9.53,3.86,0.81,,19,19,3.6,4.67,1,45.2,86.8,29.6,669947,46.6,52.2,39.2,19.2,91,away,R,Jesse Scholtens,TBR,location
7.94,3.28,1.59,0.81,,23.1,0,5.4,5.67,1,34.7,83.8,14.3,669947,34.8,41,35.7,30.6,95,home,R,Jesse Scholtens,TBR,location
0,0.6,0,0.64,,50,12.5,3.6,2,1,34.7,83.8,14.3,670990,32.7,38.5,33.6,28.8,39,Low,R,Yohan Ramírez,PIT,osi_tier
0,0.6,0,0.64,,50,12.5,3.6,2,1,34.7,83.8,14.3,670990,32.7,38.5,33.6,28.8,39,Low,R,Yohan Ramírez,PIT,abq_tier
0,0.6,0,0.64,,50,12.5,3.6,2,1,34.7,83.8,14.3,670990,32.7,38.5,33.6,28.8,39,Low,R,Yohan Ramírez,PIT,rcv_tier
0,0.6,0,0.64,,50,12.5,3.6,2,1,34.7,83.8,14.3,670990,32.7,38.5,33.6,28.8,39,Low,R,Yohan Ramírez,PIT,obr_tier
0,0.6,0,0.64,,50,12.5,3.6,2,1,34.7,83.8,14.3,670990,32.7,38.5,33.6,28.8,39,R,R,Yohan Ramírez,PIT,hand
0,0.6,0,0.64,,50,12.5,3.6,2,1,34.7,83.8,14.3,670990,32.7,38.5,33.6,28.8,39,away,R,Yohan Ramírez,PIT,location
7.82,7.05,2.13,0.74,,12.9,14.5,8.4,4.22,3,88.5,120.8,53.4,671096,55.9,81.6,72.4,73.7,81.7,High,L,Andrew Abbott,CIN,osi_tier
4.25,4.52,1.26,0.74,,18.5,9.1,4.37,5.6,14,34.6,92.7,29.5,671096,32,33.3,37.9,47.3,92.8,Low,L,Andrew Abbott,CIN,osi_tier
4.08,4.7,1.1,0.74,,17.9,12.1,3.44,5.21,11,56,99.1,42.1,671096,51.3,57,55.4,56.5,93.3,Mid,L,Andrew Abbott,CIN,osi_tier
3.94,4.04,0.56,0.74,,19.4,13.9,1.8,5.33,3,58.8,104.4,31.3,671096,66.2,51.7,57.2,57.1,93,High,L,Andrew Abbott,CIN,abq_tier
4.29,4.61,1.28,0.74,,18.4,9.7,4.4,5.48,18,40.3,93.8,34.1,671096,33.6,40.3,42.5,51.4,93.3,Low,L,Andrew Abbott,CIN,abq_tier
5.35,5.74,1.6,0.74,,14.9,12.3,5.66,4.81,7,66.3,107,47,671096,53.8,65.2,59.9,58.3,87.4,Mid,L,Andrew Abbott,CIN,abq_tier
5.67,4.79,1.13,0.74,,17.6,12.1,5.4,4.96,8,68.5,111.1,46.1,671096,48.6,58.3,60.6,72,88.2,High,L,Andrew Abbott,CIN,rcv_tier
3.07,4.3,1.02,0.74,,19,10.6,3.15,5.5,8,36.6,88.4,30.4,671096,44.5,47.1,41.9,34.2,95.1,Low,L,Andrew Abbott,CIN,rcv_tier
4.73,5.16,1.53,0.74,,16.9,10.1,4.65,5.39,12,43.8,96.3,35.4,671096,36.3,41.2,44.7,54.6,91.9,Mid,L,Andrew Abbott,CIN,rcv_tier
5.23,5.79,1.65,0.74,,16.3,13.1,5.66,4.67,7,74.6,109,54.3,671096,53.5,72.8,64.3,62.5,87.1,High,L,Andrew Abbott,CIN,obr_tier
4.52,4.38,1.15,0.74,,18.8,9.5,4.24,5.51,17,37.9,95.4,29.8,671096,35.7,34.8,40.9,51.5,92.6,Low,L,Andrew Abbott,CIN,obr_tier
3.27,5.15,1.23,0.74,,15.6,12.5,3.15,5.5,4,49.9,91.6,37.3,671096,49.6,59.1,52.8,48,96.2,Mid,L,Andrew Abbott,CIN,obr_tier
4.49,4.81,1.27,0.74,,17.7,10.8,4.44,5.3,28,48.8,98.2,37,671096,42.1,47.8,48.4,53.8,91.8,L,L,Andrew Abbott,CIN,hand
4.23,5.27,1.49,0.74,,16.8,11.4,4.08,5.24,15,54,98.1,41.7,671096,46.1,54.1,53.2,57.2,94,away,L,Andrew Abbott,CIN,location
4.78,4.28,1.03,0.74,,18.9,10.1,4.85,5.36,13,42.8,98.4,31.6,671096,37.6,40.4,43,49.8,89.2,home,L,Andrew Abbott,CIN,location
5.4,4,0,0.84,,15.8,15.8,5.4,3.33,1,46.2,92.7,40.3,671106,22.7,36.7,41.9,61.5,81,Low,L,Logan Allen,CLE,osi_tier
5.4,4,0,0.84,,15.8,15.8,5.4,3.33,1,46.2,92.7,40.3,671106,22.7,36.7,41.9,61.5,81,Low,L,Logan Allen,CLE,abq_tier
5.4,4,0,0.84,,15.8,15.8,5.4,3.33,1,46.2,92.7,40.3,671106,22.7,36.7,41.9,61.5,81,Mid,L,Logan Allen,CLE,rcv_tier
5.4,4,0,0.84,,15.8,15.8,5.4,3.33,1,46.2,92.7,40.3,671106,22.7,36.7,41.9,61.5,81,Low,L,Logan Allen,CLE,obr_tier
5.4,4,0,0.84,,15.8,15.8,5.4,3.33,1,46.2,92.7,40.3,671106,22.7,36.7,41.9,61.5,81,L,L,Logan Allen,CLE,hand
5.4,4,0,0.84,,15.8,15.8,5.4,3.33,1,46.2,92.7,40.3,671106,22.7,36.7,41.9,61.5,81,home,L,Logan Allen,CLE,location
27,9.1,0,0.99,,14.3,28.6,14.4,0.67,1,27.6,113.8,9.8,671111,25.5,19.1,29.7,44.9,23,Low,L,Sammy Peralta,COL,osi_tier
27,9.1,0,0.99,,14.3,28.6,14.4,0.67,1,27.6,113.8,9.8,671111,25.5,19.1,29.7,44.9,23,Low,L,Sammy Peralta,COL,abq_tier
27,9.1,0,0.99,,14.3,28.6,14.4,0.67,1,27.6,113.8,9.8,671111,25.5,19.1,29.7,44.9,23,Mid,L,Sammy Peralta,COL,rcv_tier
27,9.1,0,0.99,,14.3,28.6,14.4,0.67,1,27.6,113.8,9.8,671111,25.5,19.1,29.7,44.9,23,Low,L,Sammy Peralta,COL,obr_tier
27,9.1,0,0.99,,14.3,28.6,14.4,0.67,1,27.6,113.8,9.8,671111,25.5,19.1,29.7,44.9,23,L,L,Sammy Peralta,COL,hand
27,9.1,0,0.99,,14.3,28.6,14.4,0.67,1,27.6,113.8,9.8,671111,25.5,19.1,29.7,44.9,23,home,L,Sammy Peralta,COL,location
10.38,6.79,2.08,0.59,,15,15,10.8,4.33,1,88.5,107.5,53.4,671212,63,91,75.2,66.1,84,High,R,Joe Boyle,TBR,osi_tier
3,1.77,0,0.59,,19,0,3.6,6,1,52,93.8,38.4,671212,39.8,49.1,47.9,52.2,75,Low,R,Joe Boyle,TBR,osi_tier
3.38,1.41,0,0.59,,36,12,5.4,5.33,1,49.9,108.6,36.5,671212,41.4,45,51.8,67,104,Mid,R,Joe Boyle,TBR,osi_tier
3.18,1.6,0,0.59,,28.3,6.5,4.5,5.67,2,51,101.2,37.5,671212,40.6,47,49.8,59.6,89.5,Low,R,Joe Boyle,TBR,abq_tier
10.38,6.79,2.08,0.59,,15,15,10.8,4.33,1,88.5,107.5,53.4,671212,63,91,75.2,66.1,84,Mid,R,Joe Boyle,TBR,abq_tier
3.38,1.41,0,0.59,,36,12,5.4,5.33,1,49.9,108.6,36.5,671212,41.4,45,51.8,67,104,High,R,Joe Boyle,TBR,rcv_tier
6.1,3.87,0.87,0.59,,17.1,7.3,7.2,5.17,2,70.2,100.7,45.9,671212,51.4,70,61.6,59.1,79.5,Mid,R,Joe Boyle,TBR,rcv_tier
10.38,6.79,2.08,0.59,,15,15,10.8,4.33,1,88.5,107.5,53.4,671212,63,91,75.2,66.1,84,High,R,Joe Boyle,TBR,obr_tier
3.18,1.6,0,0.59,,28.3,6.5,4.5,5.67,2,51,101.2,37.5,671212,40.6,47,49.8,59.6,89.5,Low,R,Joe Boyle,TBR,obr_tier
5.17,3.04,0.57,0.59,,24.2,9.1,6.6,5.22,3,63.5,103.3,42.8,671212,48.1,61.7,58.3,61.8,87.7,R,R,Joe Boyle,TBR,hand
3.18,1.6,0,0.59,,28.3,6.5,4.5,5.67,2,51,101.2,37.5,671212,40.6,47,49.8,59.6,89.5,away,R,Joe Boyle,TBR,location
10.38,6.79,2.08,0.59,,15,15,10.8,4.33,1,88.5,107.5,53.4,671212,63,91,75.2,66.1,84,home,R,Joe Boyle,TBR,location
5.62,2.6,0.56,0.68,,28.8,9.6,6,5.33,3,82.4,108.7,53.8,671737,60.1,74,68.7,68.7,95.7,High,R,Taj Bradley,MIN,osi_tier
3.13,3.92,1.16,0.68,,25.6,10.1,2.63,5.97,13,34.2,94.7,27.4,671737,44.4,37.8,40.6,41.1,97.8,Low,R,Taj Bradley,MIN,osi_tier
4.3,4.07,1.48,0.68,,28.8,10.2,3.27,5.52,11,52.6,103.7,45.5,671737,49.1,48.7,54.9,66,96.5,Mid,R,Taj Bradley,MIN,osi_tier
7.15,7.25,3.18,0.68,,19.2,9.6,5.4,5.67,2,61.1,110.3,39.6,671737,74.4,58.2,61.3,55.5,95,High,R,Taj Bradley,MIN,abq_tier
4.08,3.75,1.21,0.68,,27.8,10,3.39,5.71,17,44.6,100.1,34.2,671737,39.9,44.8,47.7,56.6,96.5,Low,R,Taj Bradley,MIN,abq_tier
2.54,3.21,0.78,0.68,,28.3,10.3,2.48,5.75,8,48.8,96.9,44.8,671737,58.8,46.5,50.5,49.2,98.9,Mid,R,Taj Bradley,MIN,abq_tier
4.28,3.1,1.12,0.68,,33.6,10.3,3.8,5.37,9,57,105.4,43.9,671737,41.4,50.8,56.1,72.7,96.9,High,R,Taj Bradley,MIN,rcv_tier
2.89,4.02,1.19,0.68,,25.4,10.3,2.8,5.89,9,29.9,91.4,24.5,671737,45.8,35,37.2,33.4,96.2,Low,R,Taj Bradley,MIN,rcv_tier
4.42,4.35,1.36,0.68,,22.9,9.7,3.2,5.89,9,54.3,103,44.8,671737,56.9,52.9,55.3,56.9,98.1,Mid,R,Taj Bradley,MIN,rcv_tier
7.2,3.3,0.9,0.68,,27.1,10.4,7.2,5,2,81.8,108.9,54,671737,65.5,80,69.4,60.1,95.5,High,R,Taj Bradley,MIN,obr_tier
3.62,4.19,1.45,0.68,,26.2,9.4,2.83,5.92,21,41.1,98.9,34.7,671737,47.6,41.2,46.6,52,98.3,Low,R,Taj Bradley,MIN,obr_tier
3.6,2,0,0.68,,33.3,13.8,3.6,5,4,61.2,100.8,45.5,671737,41.9,56.1,55.2,63.8,91.2,Mid,R,Taj Bradley,MIN,obr_tier
3.85,3.85,1.22,0.68,,27.2,10.1,3.27,5.72,27,47.1,99.9,37.7,671737,48.1,46.3,49.5,54.3,97.1,R,R,Taj Bradley,MIN,hand
4.35,4.17,1.34,0.68,,26.2,10.8,3.96,5.38,15,52.7,101.9,40.2,671737,52,50,53,57,94.5,away,R,Taj Bradley,MIN,location
3.3,3.49,1.1,0.68,,28.4,9.2,2.4,6.14,12,40,97.5,34.7,671737,43.1,41.6,45.3,51,100.3,home,R,Taj Bradley,MIN,location
0,1.9,0,0.8,,14.3,0,9,1.67,1,56.8,101.8,44.2,671936,29.3,52.8,53.4,71.2,30,Mid,L,Adam Macko,TOR,osi_tier
0,1.9,0,0.8,,14.3,0,9,1.67,1,56.8,101.8,44.2,671936,29.3,52.8,53.4,71.2,30,Low,L,Adam Macko,TOR,abq_tier
0,1.9,0,0.8,,14.3,0,9,1.67,1,56.8,101.8,44.2,671936,29.3,52.8,53.4,71.2,30,High,L,Adam Macko,TOR,rcv_tier
0,1.9,0,0.8,,14.3,0,9,1.67,1,56.8,101.8,44.2,671936,29.3,52.8,53.4,71.2,30,Mid,L,Adam Macko,TOR,obr_tier
0,1.9,0,0.8,,14.3,0,9,1.67,1,56.8,101.8,44.2,671936,29.3,52.8,53.4,71.2,30,L,L,Adam Macko,TOR,hand
0,1.9,0,0.8,,14.3,0,9,1.67,1,56.8,101.8,44.2,671936,29.3,52.8,53.4,71.2,30,away,L,Adam Macko,TOR,location
0,2.1,0,0.62,,28.6,9.5,0,6,1,98.5,102.3,57.3,672282,62.9,87.9,72.8,62.7,91,High,L,Reid Detmers,LAA,osi_tier
4.05,3.14,0.99,0.62,,28.4,7.6,3.88,5.74,19,36.1,97.9,30.2,672282,43.6,33.9,44.2,56.5,91.9,Low,L,Reid Detmers,LAA,osi_tier
2.49,2.91,0.96,0.62,,26.8,4.4,2.7,5.88,8,57.8,100.9,48.8,672282,49.9,62.9,60.4,64.9,93.2,Mid,L,Reid Detmers,LAA,osi_tier
2.25,3.27,0.75,0.62,,21.3,6.4,2.7,6,2,48.8,102.6,22.2,672282,69.2,37.7,50.6,52.2,91,High,L,Reid Detmers,LAA,abq_tier
3.7,2.94,1.03,0.62,,29.7,6,3.7,5.81,18,43,101.2,32.8,672282,37.4,41.3,48.6,65,91.4,Low,L,Reid Detmers,LAA,abq_tier
3.18,3.19,0.79,0.62,,25.8,8.6,2.92,5.67,8,47,92.9,48.3,672282,59.8,52,52.5,47.8,94.6,Mid,L,Reid Detmers,LAA,abq_tier
4.25,2.6,0.64,0.62,,26.6,5.9,4.11,6.05,7,57,102.5,45.8,672282,37.1,47.2,54.4,75.1,92.9,High,L,Reid Detmers,LAA,rcv_tier
3.27,4.19,0.82,0.62,,18.9,11.9,3.3,5.5,6,30,86.9,37.4,672282,56.8,38.6,41.5,34,95.5,Low,L,Reid Detmers,LAA,rcv_tier
3.12,2.8,1.14,0.62,,32.4,5,3.12,5.78,15,44.6,102,31.8,672282,46.1,44.8,51.1,61.8,90.7,Mid,L,Reid Detmers,LAA,rcv_tier
2.03,1.75,0.29,0.62,,29.4,4.2,2.16,6.2,5,71.2,103.3,62,672282,50.9,74.3,66.4,68.5,95.8,High,L,Reid Detmers,LAA,obr_tier
3.8,3.08,0.93,0.62,,27.6,7.2,3.69,5.8,20,36.9,98.6,29.7,672282,44.8,34.2,44.9,57.2,91.8,Low,L,Reid Detmers,LAA,obr_tier
3.6,5.3,2.4,0.62,,27.9,8.2,3.6,5,3,51.5,94,39.5,672282,47,59.5,55.4,56.6,89.3,Mid,L,Reid Detmers,LAA,obr_tier
3.44,3.03,0.94,0.62,,28,6.8,3.41,5.79,28,44.6,98.9,36.5,672282,46.1,44.1,49.9,59.2,92.3,L,L,Reid Detmers,LAA,hand
3.8,3.58,1.12,0.62,,25.4,7.8,3.75,5.33,12,48.4,99.8,37.5,672282,47.7,43.5,49.3,57.1,91.9,away,L,Reid Detmers,LAA,location
3.21,2.67,0.83,0.62,,29.8,6,3.15,6.12,16,41.6,98.2,35.8,672282,44.9,44.5,50.3,60.7,92.6,home,L,Reid Detmers,LAA,location
0,-0.9,0,0.75,,66.7,0,5.4,1,1,15.8,90,21.1,672335,34.6,24.7,30,32.8,9,Low,L,Cionel Pérez,NYM,osi_tier
0,1.1,0,0.75,,20,0,16.2,1,1,48,94.8,53.9,672335,61.2,46,52.4,53.2,14,Mid,L,Cionel Pérez,NYM,osi_tier
0,-0.9,0,0.75,,66.7,0,5.4,1,1,15.8,90,21.1,672335,34.6,24.7,30,32.8,9,Low,L,Cionel Pérez,NYM,abq_tier
0,1.1,0,0.75,,20,0,16.2,1,1,48,94.8,53.9,672335,61.2,46,52.4,53.2,14,Mid,L,Cionel Pérez,NYM,abq_tier
0,-0.9,0,0.75,,66.7,0,5.4,1,1,15.8,90,21.1,672335,34.6,24.7,30,32.8,9,Low,L,Cionel Pérez,NYM,rcv_tier
0,1.1,0,0.75,,20,0,16.2,1,1,48,94.8,53.9,672335,61.2,46,52.4,53.2,14,Mid,L,Cionel Pérez,NYM,rcv_tier
0,0.1,0,0.75,,37.5,0,10.8,1,2,31.9,92.4,37.5,672335,47.9,35.4,41.2,43,11.5,Low,L,Cionel Pérez,NYM,obr_tier
0,0.1,0,0.75,,37.5,0,10.8,1,2,31.9,92.4,37.5,672335,47.9,35.4,41.2,43,11.5,L,L,Cionel Pérez,NYM,hand
0,0.1,0,0.75,,37.5,0,10.8,1,2,31.9,92.4,37.5,672335,47.9,35.4,41.2,43,11.5,home,L,Cionel Pérez,NYM,location
2.76,2.55,0.55,0.6,,22.2,3.2,2.4,5.44,3,87.4,111.6,55.1,672456,66.8,85.8,74.2,66.2,80.7,High,R,Keider Montero,DET,osi_tier
3.79,4.96,1.46,0.6,,14.3,7.6,4.91,5.61,11,36.6,97.5,25.5,672456,40.1,36.1,42.8,52.4,82.1,Low,R,Keider Montero,DET,osi_tier
2.89,3.21,0.58,0.6,,14.1,3.3,2.7,5.83,8,51.7,103.4,45.7,672456,43.4,49.5,55,69.6,79.4,Mid,R,Keider Montero,DET,osi_tier
3.27,2.55,0,0.6,,14,4.7,2.7,5.5,2,86.8,113.6,55.9,672456,70.7,86,75.9,68.2,80.5,High,R,Keider Montero,DET,abq_tier
3.49,4.38,1.27,0.6,,15.1,5.5,4.44,5.67,15,41.9,101.2,31.1,672456,36.9,40.5,47.3,62.5,80.7,Low,R,Keider Montero,DET,abq_tier
2.83,3.38,0.63,0.6,,16.2,5.4,2.16,5.73,5,55.2,97.7,46.6,672456,58.8,54.2,54.4,51.5,81.6,Mid,R,Keider Montero,DET,abq_tier
2.72,3.84,0.85,0.6,,13.3,4.7,3,5.89,9,53.7,106.7,39.7,672456,39.6,51.5,56.5,74.2,81.3,High,R,Keider Montero,DET,rcv_tier
4.05,5.89,1.89,0.6,,12.3,8.7,5.1,5.56,6,33.6,93.9,20.9,672456,41.3,34.3,39.2,43.3,83.8,Low,R,Keider Montero,DET,rcv_tier
3.52,2.55,0.47,0.6,,20.8,3.4,3.6,5.48,7,56.2,101.5,47,672456,54.8,54.6,55.7,57.7,77.9,Mid,R,Keider Montero,DET,rcv_tier
2.76,2.55,0.55,0.6,,22.2,3.2,2.4,5.44,3,87.4,111.6,55.1,672456,66.8,85.8,74.2,66.2,80.7,High,R,Keider Montero,DET,obr_tier
3.36,4.28,1.09,0.6,,14.8,6.6,3.94,5.69,16,40,99.2,30.8,672456,42.5,39.5,46.1,56.3,82.3,Low,R,Keider Montero,DET,obr_tier
3.63,3.85,1.04,0.6,,11.3,1.4,4.2,5.78,3,58.3,104,51.1,672456,36.1,53.8,57.6,77.2,73.7,Mid,R,Keider Montero,DET,obr_tier
3.32,3.99,1.01,0.6,,15.3,5.4,3.76,5.67,22,49,101.5,36.9,672456,44.9,47.8,51.5,60.5,80.9,R,R,Keider Montero,DET,hand
3.48,4.71,1.64,0.6,,19.1,6.4,4.27,5.5,8,47.8,100.1,35.3,672456,40.9,46.4,50.6,62.3,77.4,away,R,Keider Montero,DET,location
3.24,3.6,0.67,0.6,,13.2,4.9,3.47,5.76,14,49.6,102.4,37.8,672456,47.2,48.5,52,59.5,82.9,home,R,Keider Montero,DET,location
16.71,11.39,5.14,0.86,,23.7,21.1,12.6,3.5,2,88.5,107.5,53.4,673540,59.2,85.5,70.7,62.1,81.5,High,R,Kodai Senga,NYM,osi_tier
5.64,4.4,1.21,0.86,,27.4,14.7,5.04,4.47,5,31.2,95.5,22.2,673540,36.4,36.8,40.1,46.6,72.2,Low,R,Kodai Senga,NYM,osi_tier
27,14.24,7.71,0.86,,17.6,11.8,12.6,2.33,1,46.3,101.2,27.8,673540,42,47,53.3,68.6,72,Mid,R,Kodai Senga,NYM,osi_tier
7.66,5.33,1.82,0.86,,25.9,14.3,6.3,4.11,6,33.7,96.5,23.1,673540,37.3,38.5,42.3,50.3,72.2,Low,R,Kodai Senga,NYM,abq_tier
16.71,11.39,5.14,0.86,,23.7,21.1,12.6,3.5,2,88.5,107.5,53.4,673540,59.2,85.5,70.7,62.1,81.5,Mid,R,Kodai Senga,NYM,abq_tier
10.12,5.35,2.25,0.86,,25.6,10.3,6.3,4,2,36.1,101.7,21.6,673540,34.6,33.9,47.1,71.1,80,High,R,Kodai Senga,NYM,rcv_tier
9.45,10.3,4.05,0.86,,18.8,21.9,7.2,3.33,2,18.8,89.3,9.2,673540,35.4,39,31.8,21.2,66,Low,R,Kodai Senga,NYM,rcv_tier
9.53,5.86,2.12,0.86,,27.8,16.5,9,4.25,4,67.4,103,46,673540,50.6,64,59.4,60.3,76,Mid,R,Kodai Senga,NYM,rcv_tier
16.71,11.39,5.14,0.86,,23.7,21.1,12.6,3.5,2,88.5,107.5,53.4,673540,59.2,85.5,70.7,62.1,81.5,High,R,Kodai Senga,NYM,obr_tier
7.66,5.33,1.82,0.86,,25.9,14.3,6.3,4.11,6,33.7,96.5,23.1,673540,37.3,38.5,42.3,50.3,72.2,Low,R,Kodai Senga,NYM,obr_tier
9.66,6.67,2.56,0.86,,25.3,16,7.88,3.96,8,47.4,99.2,30.7,673540,42.8,50.2,49.4,53.2,74.5,R,R,Kodai Senga,NYM,hand
6.63,5.21,1.89,0.86,,29.3,14.6,6.3,4.75,4,50.3,96.8,30.4,673540,39.7,48.5,48.3,54.2,81.8,away,R,Kodai Senga,NYM,location
14.21,8.86,3.55,0.86,,20.6,17.6,9.45,3.17,4,44.6,101.6,31,673540,45.8,52,50.6,52.3,67.2,home,R,Kodai Senga,NYM,location
0,5.35,0,0.8,,0,20,1.8,1.33,1,47,110.2,24.8,673929,84.7,46,59.9,58.1,21,Mid,R,Jordan Leasure,CHW,osi_tier
0,5.35,0,0.8,,0,20,1.8,1.33,1,47,110.2,24.8,673929,84.7,46,59.9,58.1,21,High,R,Jordan Leasure,CHW,abq_tier
0,5.35,0,0.8,,0,20,1.8,1.33,1,47,110.2,24.8,673929,84.7,46,59.9,58.1,21,Mid,R,Jordan Leasure,CHW,rcv_tier
0,5.35,0,0.8,,0,20,1.8,1.33,1,47,110.2,24.8,673929,84.7,46,59.9,58.1,21,Low,R,Jordan Leasure,CHW,obr_tier
0,5.35,0,0.8,,0,20,1.8,1.33,1,47,110.2,24.8,673929,84.7,46,59.9,58.1,21,R,R,Jordan Leasure,CHW,hand
0,5.35,0,0.8,,0,20,1.8,1.33,1,47,110.2,24.8,673929,84.7,46,59.9,58.1,21,home,R,Jordan Leasure,CHW,location
4.38,4.52,1.46,0.88,,15,4.7,5.04,4.93,5,29,97.5,16.8,674003,25.2,23.4,37.1,61.2,78.4,Low,L,Cody Bradford,TEX,osi_tier
4.76,4.16,0,0.88,,0,7.4,3.6,5.67,1,75.2,90.7,54.5,674003,71.4,76,61.5,37.8,100,Mid,L,Cody Bradford,TEX,osi_tier
4.76,4.16,0,0.88,,0,7.4,3.6,5.67,1,75.2,90.7,54.5,674003,71.4,76,61.5,37.8,100,High,L,Cody Bradford,TEX,abq_tier
4.38,4.52,1.46,0.88,,15,4.7,5.04,4.93,5,29,97.5,16.8,674003,25.2,23.4,37.1,61.2,78.4,Low,L,Cody Bradford,TEX,abq_tier
7.88,8.6,4.5,0.88,,17.9,5.1,9,4,2,46.3,98.8,27.8,674003,27.4,29.2,42.5,68.6,83.5,High,L,Cody Bradford,TEX,rcv_tier
4.76,4.16,0,0.88,,0,7.4,3.6,5.67,1,75.2,90.7,54.5,674003,71.4,76,61.5,37.8,100,Low,L,Cody Bradford,TEX,rcv_tier
2.7,2.56,0,0.88,,13.2,4.4,2.4,5.56,3,17.5,96.6,9.4,674003,23.7,19.5,33.4,56.3,75,Mid,L,Cody Bradford,TEX,rcv_tier
4.76,4.16,0,0.88,,0,7.4,3.6,5.67,1,75.2,90.7,54.5,674003,71.4,76,61.5,37.8,100,High,L,Cody Bradford,TEX,obr_tier
4.38,4.52,1.46,0.88,,15,4.7,5.04,4.93,5,29,97.5,16.8,674003,25.2,23.4,37.1,61.2,78.4,Low,L,Cody Bradford,TEX,obr_tier
4.45,4.45,1.19,0.88,,11.9,5.2,4.8,5.06,6,36.7,96.4,23.1,674003,32.9,32.2,41.1,57.3,82,L,L,Cody Bradford,TEX,hand
4.32,4,0.54,0.88,,6.9,5.6,4.2,5.56,3,44.9,96.4,29.6,674003,42.3,42.4,47.1,55.8,85.3,away,L,Cody Bradford,TEX,location
4.61,5,1.98,0.88,,17.7,4.8,5.4,4.56,3,28.5,96.4,16.5,674003,23.5,21.9,35.2,58.8,78.7,home,L,Cody Bradford,TEX,location
9,12.1,9,0.77,,50,0,1.8,1,1,34.1,92.5,23,674444,37.1,34.2,40.2,49.3,14,Low,R,Steven Cruz,KCR,osi_tier
0,0.85,0,0.77,,60,20,23.4,1.33,1,59.1,104.1,54.6,674444,36.2,50.4,57.6,81.1,28,Mid,R,Steven Cruz,KCR,osi_tier
3.86,5.67,3.86,0.77,,55.6,11.1,12.6,1.17,2,46.6,98.3,38.8,674444,36.7,42.3,48.9,65.2,21,Low,R,Steven Cruz,KCR,abq_tier
0,0.85,0,0.77,,60,20,23.4,1.33,1,59.1,104.1,54.6,674444,36.2,50.4,57.6,81.1,28,High,R,Steven Cruz,KCR,rcv_tier
9,12.1,9,0.77,,50,0,1.8,1,1,34.1,92.5,23,674444,37.1,34.2,40.2,49.3,14,Low,R,Steven Cruz,KCR,rcv_tier
9,12.1,9,0.77,,50,0,1.8,1,1,34.1,92.5,23,674444,37.1,34.2,40.2,49.3,14,Low,R,Steven Cruz,KCR,obr_tier
0,0.85,0,0.77,,60,20,23.4,1.33,1,59.1,104.1,54.6,674444,36.2,50.4,57.6,81.1,28,Mid,R,Steven Cruz,KCR,obr_tier
3.86,5.67,3.86,0.77,,55.6,11.1,12.6,1.17,2,46.6,98.3,38.8,674444,36.7,42.3,48.9,65.2,21,R,R,Steven Cruz,KCR,hand
3.86,5.67,3.86,0.77,,55.6,11.1,12.6,1.17,2,46.6,98.3,38.8,674444,36.7,42.3,48.9,65.2,21,away,R,Steven Cruz,KCR,location
3.48,3.67,0.66,0.66,,22.1,11.7,2.95,4.94,11,29.7,93,23.7,674841,39.1,32.9,38.7,45,79.6,Low,L,Andrew Alvarez,WSN,osi_tier
2.79,2.89,0,0.66,,17.5,10,1.8,4.83,2,45.8,104.1,29.2,674841,37.3,55.5,55.2,67.5,80.5,Mid,L,Andrew Alvarez,WSN,osi_tier
2.25,0.1,0,0.66,,37.5,0,1.8,4,1,47,94,24.8,674841,71.8,33.9,43.5,34.3,68,High,L,Andrew Alvarez,WSN,abq_tier
3.54,3.96,0.64,0.66,,19.8,12.7,2.62,5.09,11,29.4,94.8,21.8,674841,34,36.5,40.3,48.9,82.8,Low,L,Andrew Alvarez,WSN,abq_tier
2.25,1.35,0,0.66,,27.8,5.6,5.4,4,1,48,94.8,53.9,674841,58.9,37.5,49.9,57.6,58,Mid,L,Andrew Alvarez,WSN,abq_tier
4.15,2.87,0,0.66,,25,15,3.6,4.33,1,56.8,101.8,44.2,674841,29.3,52.8,53.4,71.2,88,High,L,Andrew Alvarez,WSN,rcv_tier
4.19,3.05,0.47,0.66,,23.5,9.9,3.15,4.83,4,17.1,86.1,13.5,674841,41.5,32.7,29.5,17.3,76,Low,L,Andrew Alvarez,WSN,rcv_tier
2.9,3.87,0.67,0.66,,20,11.8,2.48,5.04,8,36.7,98.1,27.6,674841,38.8,36.2,45.6,61.2,80.6,Mid,L,Andrew Alvarez,WSN,rcv_tier
3.48,3.67,0.66,0.66,,22.1,11.7,2.95,4.94,11,29.7,93,23.7,674841,39.1,32.9,38.7,45,79.6,Low,L,Andrew Alvarez,WSN,obr_tier
2.79,2.89,0,0.66,,17.5,10,1.8,4.83,2,45.8,104.1,29.2,674841,37.3,55.5,55.2,67.5,80.5,Mid,L,Andrew Alvarez,WSN,obr_tier
3.38,3.55,0.56,0.66,,21.4,11.4,2.77,4.92,13,32.2,94.7,24.5,674841,38.9,36.4,41.2,48.5,79.8,L,L,Andrew Alvarez,WSN,hand
3.48,3.63,0.53,0.66,,21.4,12.4,2.31,4.81,7,30,95.5,20.3,674841,37.1,33.4,38.8,46.3,78.4,away,L,Andrew Alvarez,WSN,location
3.26,3.46,0.59,0.66,,21.4,10.3,3.3,5.06,6,34.7,93.8,29.4,674841,41,40,44.1,51,81.3,home,L,Andrew Alvarez,WSN,location
0,1.36,0,0.63,,31.8,4.5,0,6.33,1,76.2,104.6,86.8,675512,41,77.6,67.9,76.1,84,High,R,Troy Melton,DET,osi_tier
0.73,2.53,0.36,0.63,,26.7,7.8,0.45,6.17,4,30.4,101.6,21.1,675512,33,29.6,41.4,60.8,92.8,Low,R,Troy Melton,DET,osi_tier
2.9,4.5,1.39,0.63,,18,7.1,3.15,5.94,12,52.3,104.2,42.5,675512,48.6,48.9,55,66.6,89,Mid,R,Troy Melton,DET,osi_tier
3,3.17,0.6,0.63,,16.1,3.6,3.6,7.5,2,47,110.2,24.8,675512,77.5,42.1,54.8,53.2,89,High,R,Troy Melton,DET,abq_tier
1.76,3.49,0.94,0.63,,22.3,6.6,2.22,5.9,13,48.8,103.8,40.3,675512,36.8,46.6,52.2,69.6,89.3,Low,R,Troy Melton,DET,abq_tier
4.22,7.22,2.53,0.63,,16,14,1.8,5.33,2,48,95.7,53.9,675512,61.5,46.2,52.7,53.5,92,Mid,R,Troy Melton,DET,abq_tier
1.97,3.69,1.12,0.63,,21.3,5.5,2.45,5.82,11,52.8,104.6,43.8,675512,37.3,50.1,54.9,72.9,88.2,High,R,Troy Melton,DET,rcv_tier
1.59,2.04,0,0.63,,39.1,17.4,1.8,5.67,1,13.3,94.7,6.4,675512,24.2,13.1,27.3,45.7,94,Low,R,Troy Melton,DET,rcv_tier
2.76,4.42,1.1,0.63,,16,8.4,2.16,6.53,5,46.2,103.3,38.7,675512,64.4,43.8,52.5,54.1,91.8,Mid,R,Troy Melton,DET,rcv_tier
0,1.36,0,0.63,,31.8,4.5,0,6.33,1,76.2,104.6,86.8,675512,41,77.6,67.9,76.1,84,High,R,Troy Melton,DET,obr_tier
2.86,4.3,1.5,0.63,,22.2,6.8,2.62,6,11,41.6,103.3,31.1,675512,48.7,39.4,48.9,60,91.6,Low,R,Troy Melton,DET,obr_tier
1.2,3.33,0.3,0.63,,15.1,8.4,2.16,6,5,58.2,104,50.4,675512,36,54.4,57.4,76.3,86.2,Mid,R,Troy Melton,DET,obr_tier
2.2,3.83,1.06,0.63,,20.6,7.1,2.33,6.02,17,48.5,103.6,40.1,675512,44.5,46,52.6,65.8,89.6,R,R,Troy Melton,DET,hand
2.06,3.75,0.79,0.63,,18.5,8.1,2.2,6.3,9,46.4,103.2,39.8,675512,43,44.1,50.7,63.8,91,away,R,Troy Melton,DET,location
2.36,3.93,1.38,0.63,,23.2,5.9,2.48,5.71,8,51,104.1,40.4,675512,46.1,48.3,54.6,67.9,88,home,R,Troy Melton,DET,location
5.06,2.91,0,0.71,,22.7,13.6,1.8,5.33,1,98.5,102.3,57.3,675660,62.9,87.9,72.8,62.7,85,High,L,Shane Drohan,MIL,osi_tier
4.53,2.86,0.91,0.71,,26.7,5.3,4.4,5.52,9,24.8,92.3,21.4,675660,30.3,29.3,33.9,41.7,84.7,Low,L,Shane Drohan,MIL,osi_tier
4.08,5.09,1.26,0.71,,17.6,13,4.2,4.78,6,43.7,99.8,28.2,675660,48.1,58.1,53.5,52.2,84.8,Mid,L,Shane Drohan,MIL,osi_tier
4.33,3.4,1.02,0.71,,24.3,7,4.43,5.44,13,30.4,94.6,22.8,675660,34.6,37.8,39.8,45.8,85.9,Low,L,Shane Drohan,MIL,abq_tier
4.85,4.87,0.69,0.71,,17.2,17.2,3,4.33,3,63.2,100.7,40.9,675660,58,69.8,60.5,51.8,79.7,Mid,L,Shane Drohan,MIL,abq_tier
6.26,4.34,1.32,0.71,,20.2,8.4,6.12,5.47,5,23.4,85.6,20.3,675660,38,41.1,33.7,22.3,87.6,Low,L,Shane Drohan,MIL,rcv_tier
3.51,3.28,0.8,0.71,,24.6,8.8,3.27,5.12,11,42.5,100.3,28.9,675660,39.5,45,48.2,58.2,83.5,Mid,L,Shane Drohan,MIL,rcv_tier
6.75,3.98,0,0.71,,18.9,18.9,3.6,4,2,71.9,108.2,43.5,675660,58.8,76.6,66.5,60.5,74,High,L,Shane Drohan,MIL,obr_tier
4.53,2.86,0.91,0.71,,26.7,5.3,4.4,5.52,9,24.8,92.3,21.4,675660,30.3,29.3,33.9,41.7,84.7,Low,L,Shane Drohan,MIL,obr_tier
3.46,4.98,1.38,0.71,,18.1,11.2,3.96,5.2,5,43.4,96.9,27.9,675660,46.8,56.7,52.2,51,89.2,Mid,L,Shane Drohan,MIL,obr_tier
4.41,3.63,0.97,0.71,,23.1,8.6,4.16,5.23,16,36.5,95.7,26.2,675660,39,43.8,43.7,46.9,84.8,L,L,Shane Drohan,MIL,hand
3.65,3.26,0.49,0.71,,20.1,9.1,3.34,5.29,7,41.8,98.5,27.2,675660,40.9,51.1,48.5,51.1,83.3,away,L,Shane Drohan,MIL,location
5.01,3.91,1.35,0.71,,25.4,8.3,4.8,5.19,9,32.4,93.5,25.4,675660,37.6,38,39.9,43.7,85.9,home,L,Shane Drohan,MIL,location
27,-2.9,0,0.76,,33.3,0,3.6,0.67,1,41.4,105.2,26.5,675848,36.3,42,49,66.1,30,Low,R,Juan Mejia,COL,osi_tier
27,-2.9,0,0.76,,33.3,0,3.6,0.67,1,41.4,105.2,26.5,675848,36.3,42,49,66.1,30,Low,R,Juan Mejia,COL,abq_tier
27,-2.9,0,0.76,,33.3,0,3.6,0.67,1,41.4,105.2,26.5,675848,36.3,42,49,66.1,30,High,R,Juan Mejia,COL,rcv_tier
27,-2.9,0,0.76,,33.3,0,3.6,0.67,1,41.4,105.2,26.5,675848,36.3,42,49,66.1,30,Low,R,Juan Mejia,COL,obr_tier
27,-2.9,0,0.76,,33.3,0,3.6,0.67,1,41.4,105.2,26.5,675848,36.3,42,49,66.1,30,R,R,Juan Mejia,COL,hand
27,-2.9,0,0.76,,33.3,0,3.6,0.67,1,41.4,105.2,26.5,675848,36.3,42,49,66.1,30,away,R,Juan Mejia,COL,location
0,1.43,0,0.83,,38.1,9.5,0,6,1,98.5,116.8,57.3,675911,68.1,95.7,82.2,76.9,91,High,R,Spencer Strider,ATL,osi_tier
6.43,6.49,2.89,0.83,,28.5,13,6,4.67,6,33.8,91.3,23.2,675911,40.6,41.8,38.2,32.4,86,Low,R,Spencer Strider,ATL,osi_tier
5.4,3.1,0,0.83,,14.3,9.5,5.4,5,1,46.2,113.9,40.3,675911,31,47.8,54.8,79.6,84,Mid,R,Spencer Strider,ATL,osi_tier
0,1.43,0,0.83,,38.1,9.5,0,6,1,98.5,116.8,57.3,675911,68.1,95.7,82.2,76.9,91,High,R,Spencer Strider,ATL,abq_tier
6.27,5.98,2.45,0.83,,26.4,12.5,5.91,4.71,7,35.6,94.5,25.7,675911,39.3,42.7,40.6,39.1,85.7,Low,R,Spencer Strider,ATL,abq_tier
2.45,2.19,0,0.83,,26.2,9.5,2.7,5.5,2,72.3,115.4,48.8,675911,49.5,71.7,68.5,78.3,87.5,High,R,Spencer Strider,ATL,rcv_tier
7.06,6.24,2.49,0.83,,26.3,14.1,6.48,4.33,5,32.4,88.9,20.1,675911,39.9,43,36.2,25.9,83.2,Low,R,Spencer Strider,ATL,rcv_tier
4.26,7.36,4.26,0.83,,37.5,8.3,3.6,6.33,1,40.7,103.1,38.9,675911,44.1,36,48.1,64.9,100,Mid,R,Spencer Strider,ATL,rcv_tier
0,1.43,0,0.83,,38.1,9.5,0,6,1,98.5,116.8,57.3,675911,68.1,95.7,82.2,76.9,91,High,R,Spencer Strider,ATL,obr_tier
7.54,6.14,2.78,0.83,,27.6,11.4,7.56,4.53,5,31.7,97.6,24.1,675911,36.6,39.2,41.4,47.2,85.8,Low,R,Spencer Strider,ATL,obr_tier
3.48,5.62,1.74,0.83,,23.1,15.4,1.8,5.17,2,45.2,86.8,29.6,675911,45.9,51.4,38.6,18.9,85.5,Mid,R,Spencer Strider,ATL,obr_tier
5.31,5.28,2.08,0.83,,27.9,12.1,5.18,4.88,8,43.4,97.3,29.6,675911,42.9,49.3,45.8,43.9,86.4,R,R,Spencer Strider,ATL,hand
5.97,6.03,2.83,0.83,,31,11.9,6,4.78,6,42.7,96.3,27.9,675911,44.4,49.3,45.6,42.1,87.2,away,R,Spencer Strider,ATL,location
3.48,3.2,0,0.83,,17.9,12.8,2.7,5.17,2,45.7,100.3,35,675911,38.1,49.2,46.4,49.1,84,home,R,Spencer Strider,ATL,location
4.7,3.49,0,0.84,,23.7,18.4,7.8,2.56,3,29.7,95.3,23.2,675989,42.9,44.6,39,29.9,55.3,Low,R,Cody Bolton,HOU,osi_tier
4.7,3.49,0,0.84,,23.7,18.4,7.8,2.56,3,29.7,95.3,23.2,675989,42.9,44.6,39,29.9,55.3,Low,R,Cody Bolton,HOU,abq_tier
2.7,2.05,0,0.84,,27.6,10.3,8.1,3.33,2,24,90.8,16.9,675989,42.4,45.8,34.7,16.4,62,Low,R,Cody Bolton,HOU,rcv_tier
18,13.1,0,0.84,,11.1,44.4,7.2,1,1,41,104.4,35.9,675989,43.9,42.2,47.8,57.1,42,Mid,R,Cody Bolton,HOU,rcv_tier
6.75,4.22,0,0.84,,23.1,23.1,10.8,2.67,2,21.9,99.6,20,675989,41,40.8,39,35.3,52.5,Low,R,Cody Bolton,HOU,obr_tier
0,1.81,0,0.84,,25,8.3,1.8,2.33,1,45.2,86.8,29.6,675989,46.6,52.2,39.2,19.2,61,Mid,R,Cody Bolton,HOU,obr_tier
4.7,3.49,0,0.84,,23.7,18.4,7.8,2.56,3,29.7,95.3,23.2,675989,42.9,44.6,39,29.9,55.3,R,R,Cody Bolton,HOU,hand
4.7,3.49,0,0.84,,23.7,18.4,7.8,2.56,3,29.7,95.3,23.2,675989,42.9,44.6,39,29.9,55.3,away,R,Cody Bolton,HOU,location
3.04,3.1,0.34,0.74,,15.6,6.4,3.24,5.33,5,84.9,110.4,54.5,676083,59.7,73.7,73,81.5,79.4,High,R,Janson Junk,MIA,osi_tier
2.81,4.25,1.08,0.74,,16.1,7.5,3.38,5.21,8,31.3,94.6,29.2,676083,41,34.4,39.9,45.5,81.8,Low,R,Janson Junk,MIA,osi_tier
6.68,4.64,1.6,0.74,,16.8,5.4,5.4,4.81,7,50.7,105.6,44.1,676083,50.4,50.2,57,69.5,81,Mid,R,Janson Junk,MIA,osi_tier
5.29,4.39,1.06,0.74,,14.7,8,5.4,5.67,3,73.6,112.5,45.5,676083,73.9,72.3,69.7,63.9,89.7,High,R,Janson Junk,MIA,abq_tier
3.25,3.79,0.88,0.74,,17.4,7,3.86,5.14,14,49.8,100.4,37.1,676083,42.1,47.9,52.2,64.3,80.2,Low,R,Janson Junk,MIA,abq_tier
7.62,5.25,2.08,0.74,,11.9,1.7,3.6,4.33,3,37.2,101.5,53,676083,55.9,35.8,47.7,55.4,75.3,Mid,R,Janson Junk,MIA,abq_tier
4.2,3.89,0.89,0.74,,16.7,7.1,4.95,5.08,8,69.5,108.6,48.6,676083,47.2,60.7,64.6,81.5,80.4,High,R,Janson Junk,MIA,rcv_tier
1.95,3.28,0.65,0.74,,15.4,4.3,2.16,5.53,5,23.2,90.7,26.6,676083,40.6,27.3,33.8,36.3,87.8,Low,R,Janson Junk,MIA,rcv_tier
5.88,4.97,1.6,0.74,,16.3,7.5,4.37,4.81,7,51.1,103.7,41.9,676083,56.9,53.4,56.8,60.6,76.6,Mid,R,Janson Junk,MIA,rcv_tier
2.38,2.66,0,0.74,,14.9,6.4,2.7,5.67,2,86.8,113.6,55.9,676083,72.2,87.5,77.3,69.4,84.5,High,R,Janson Junk,MIA,obr_tier
4.75,4.89,1.49,0.74,,14.8,7.1,4.57,5.1,13,38.4,99.6,34.9,676083,45.7,39.7,46.2,54.1,82.1,Low,R,Janson Junk,MIA,obr_tier
3.33,2.52,0.37,0.74,,20.6,4.9,3.24,4.87,5,71.2,105.3,49.8,676083,48.1,61,65.6,83.3,76.4,Mid,R,Janson Junk,MIA,obr_tier
4.15,4.08,1.06,0.74,,16.2,6.5,4.05,5.1,20,51.5,102.4,40.7,676083,49,49.8,54.2,62.9,80.9,R,R,Janson Junk,MIA,hand
4.78,4.76,1.25,0.74,,14.2,8.4,5,4.81,9,49.3,103.1,40.2,676083,51.3,45.1,51.4,58.8,80.8,away,R,Janson Junk,MIA,location
3.68,3.58,0.92,0.74,,17.8,5,3.27,5.33,11,53.2,101.8,41.2,676083,47.1,53.6,56.4,66.3,81,home,R,Janson Junk,MIA,location
7.36,5.08,2.45,0.69,,18.1,1.4,7.2,4.89,3,90.2,110.9,54.8,676106,59.7,82.2,74.3,75.9,83,High,R,Emerson Hancock,SEA,osi_tier
3.15,3.97,1.37,0.69,,23.3,5.9,2.95,5.97,11,34.9,94.8,31.2,676106,44.9,35.7,41.2,44.8,88.8,Low,R,Emerson Hancock,SEA,osi_tier
3.09,3.41,0.93,0.69,,22.4,6.6,2.78,5.3,11,51.1,102.7,39,676106,50.6,50.3,55.8,65.8,85.9,Mid,R,Emerson Hancock,SEA,osi_tier
3.97,3.28,0.79,0.69,,18.2,5.5,3,3.78,3,64.2,112.4,35.6,676106,75.2,60.4,64.5,61.6,69,High,R,Emerson Hancock,SEA,abq_tier
3.96,4.35,1.48,0.69,,20.5,6.3,3.6,5.69,16,47.8,99,34,676106,40.3,47.5,50.5,61.3,88.1,Low,R,Emerson Hancock,SEA,abq_tier
2.48,2.77,0.99,0.69,,28.3,4.1,3,6.06,6,43.1,97.2,47.6,676106,60,42,48.1,46.5,92.5,Mid,R,Emerson Hancock,SEA,abq_tier
4.67,4.38,1.33,0.69,,18.9,7.5,4.86,5.4,10,59.2,105.4,42.2,676106,43.5,55.2,58.9,74.1,87.4,High,R,Emerson Hancock,SEA,rcv_tier
3.02,3.81,1.32,0.69,,23.2,5,2.7,5.96,8,31.2,92.3,31.4,676106,47.5,32.3,38.2,38.3,87.2,Low,R,Emerson Hancock,SEA,rcv_tier
2.68,3.13,1.22,0.69,,26.1,3.8,2.06,5.29,7,53.5,101.9,37.6,676106,59.2,54.7,56.6,56.8,85.6,Mid,R,Emerson Hancock,SEA,rcv_tier
5.06,4.97,2.53,0.69,,21.6,2,5.4,5.33,2,93.5,112.2,55.3,676106,64.9,92.4,77.9,70.8,95,High,R,Emerson Hancock,SEA,obr_tier
2.68,3.74,1.29,0.69,,23.5,5.3,2.7,5.67,16,39.6,98.6,32.6,676106,50.1,38.7,46.5,52.9,86.6,Low,R,Emerson Hancock,SEA,obr_tier
5.3,3.8,0.96,0.69,,19.7,7.6,4.37,5.33,7,56.6,100.4,43.5,676106,42.7,55.7,55.8,65.3,85.1,Mid,R,Emerson Hancock,SEA,obr_tier
3.57,3.85,1.3,0.69,,22.3,5.7,3.38,5.55,25,48.7,100.2,37.5,676106,49.2,47.7,51.6,57.8,86.8,R,R,Emerson Hancock,SEA,hand
3.94,4.4,1.41,0.69,,18.3,6.3,3.75,5.33,12,50.4,102.2,38,676106,47.3,47.6,52.2,61.1,81.6,away,R,Emerson Hancock,SEA,location
3.25,3.38,1.21,0.69,,25.8,5,3.05,5.74,13,47,98.4,36.9,676106,50.9,47.8,51,54.8,91.7,home,R,Emerson Hancock,SEA,location
0,-2.9,0,0.61,,100,0,10.8,1,1,46.3,98.8,27.8,676263,28.5,30.3,44.1,71.2,14,Low,L,Jack Dreyer,LAD,osi_tier
0,-2.9,0,0.61,,100,0,10.8,1,1,46.3,98.8,27.8,676263,28.5,30.3,44.1,71.2,14,Low,L,Jack Dreyer,LAD,abq_tier
0,-2.9,0,0.61,,100,0,10.8,1,1,46.3,98.8,27.8,676263,28.5,30.3,44.1,71.2,14,High,L,Jack Dreyer,LAD,rcv_tier
0,-2.9,0,0.61,,100,0,10.8,1,1,46.3,98.8,27.8,676263,28.5,30.3,44.1,71.2,14,Low,L,Jack Dreyer,LAD,obr_tier
0,-2.9,0,0.61,,100,0,10.8,1,1,46.3,98.8,27.8,676263,28.5,30.3,44.1,71.2,14,L,L,Jack Dreyer,LAD,hand
0,-2.9,0,0.61,,100,0,10.8,1,1,46.3,98.8,27.8,676263,28.5,30.3,44.1,71.2,14,away,L,Jack Dreyer,LAD,location
6.14,5.42,1.23,0.75,,21.2,18.2,4.5,3.67,2,86,120.8,53.5,676282,54,80.6,76.9,89.1,75.5,High,L,Joey Cantillo,CLE,osi_tier
3.83,3.9,0.96,0.75,,24.1,11.6,4.5,5.22,18,33.1,94.5,29.9,676282,41.6,33.5,41.2,49.6,87.1,Low,L,Joey Cantillo,CLE,osi_tier
3.35,3.84,1.12,0.75,,25.8,10.7,4.4,4.48,9,53.7,98.8,43.1,676282,43.7,60.2,57,62.9,82.2,Mid,L,Joey Cantillo,CLE,osi_tier
12.27,5.28,2.45,0.75,,20,5,9,3.67,1,47,94,24.8,676282,71.8,33.9,43.5,34.3,74,High,L,Joey Cantillo,CLE,abq_tier
4.1,4.3,1.16,0.75,,25.1,13.1,4.63,4.81,21,41.4,99.2,30.5,676282,36.7,43.9,47.6,59.7,84.6,Low,L,Joey Cantillo,CLE,abq_tier
2.19,2.91,0.49,0.75,,23.2,8.4,3.34,5.29,7,47.8,93.4,52.3,676282,58.2,50.1,52,49.8,86.9,Mid,L,Joey Cantillo,CLE,abq_tier
7.29,5.62,1.71,0.75,,21.6,14.7,6.6,3.5,6,68.4,107.8,53.4,676282,39.1,60.2,61.9,80,71.8,High,L,Joey Cantillo,CLE,rcv_tier
3.43,3.48,0.92,0.75,,26.9,10.9,4.5,4.92,8,32.3,87.1,34.7,676282,49.2,39.6,39.7,33.2,89.5,Low,L,Joey Cantillo,CLE,rcv_tier
3.1,3.76,0.89,0.75,,24.1,11.2,3.6,5.42,15,38.8,99.2,29,676282,41.5,41.9,47.9,59.4,87.5,Mid,L,Joey Cantillo,CLE,rcv_tier
4.09,4.01,0.82,0.75,,21.4,12.2,3.6,4.4,5,73.6,105.9,58.5,676282,51.1,73.4,67.6,72.7,83.8,High,L,Joey Cantillo,CLE,obr_tier
3.88,3.83,0.95,0.75,,24.5,11.4,4.74,5,19,34.4,94.8,31.2,676282,41.1,34.2,41.9,51.2,84.2,Low,L,Joey Cantillo,CLE,obr_tier
3.28,4.44,1.46,0.75,,27.1,12.1,4.32,4.93,5,45.6,100.2,29.5,676282,42.6,57.8,54.9,60.3,88.2,Mid,L,Joey Cantillo,CLE,obr_tier
3.81,3.96,1.02,0.75,,24.5,11.7,4.47,4.89,29,43.1,97.6,35.6,676282,43.1,45,48.5,56.4,84.8,L,L,Joey Cantillo,CLE,hand
3.81,4.1,1.07,0.75,,23.7,11.7,4.39,4.73,16,41,95.8,35.1,676282,42.4,42.4,45.9,52.5,83.7,away,L,Joey Cantillo,CLE,location
3.82,3.8,0.95,0.75,,25.4,11.7,4.57,5.08,13,45.8,100,36.2,676282,44,48.2,51.8,61.3,86.2,home,L,Joey Cantillo,CLE,location
10.29,11.24,6.43,0.7,,20.6,5.9,8.1,3.5,2,91,112.6,55.5,676440,59.7,80,76.1,83.2,67.5,High,R,Tanner Bibee,CLE,osi_tier
3.1,4.42,1.42,0.7,,18.8,6.3,3.27,6.33,11,35.2,97.1,21.6,676440,43,39.3,42.6,46,92.7,Low,R,Tanner Bibee,CLE,osi_tier
3.99,3.93,1.05,0.7,,19.5,7.5,4.2,5.71,15,52.4,103.4,44.8,676440,52.3,49.2,55.5,65,91.8,Mid,R,Tanner Bibee,CLE,osi_tier
3,2.5,0,0.7,,22.1,10.3,2.4,5,3,64.2,112.4,35.6,676440,75.2,60.4,64.5,61.6,91.3,High,R,Tanner Bibee,CLE,abq_tier
3.65,4.92,1.79,0.7,,19.6,6.7,4.05,6.03,20,46,101.4,34,676440,42.2,45.8,49.8,59.7,90.4,Low,R,Tanner Bibee,CLE,abq_tier
5.4,3.44,0.68,0.7,,16.2,6,5.4,5.33,5,48.5,95.7,46.9,676440,61.6,46.8,52.9,53.4,90,Mid,R,Tanner Bibee,CLE,abq_tier
3.99,4.76,1.73,0.7,,21,7,4.05,5.64,12,59.9,106.4,44.9,676440,44.4,54.4,58.5,73.4,88,High,R,Tanner Bibee,CLE,rcv_tier
2.89,3.89,1.16,0.7,,17.4,3.9,3.34,6.67,7,31.8,92.9,15.8,676440,44.4,38.4,38.9,35.5,94,Low,R,Tanner Bibee,CLE,rcv_tier
4.69,4.58,1.31,0.7,,18.7,9.3,4.8,5.33,9,46,101.9,41.4,676440,59.3,45.5,53.2,57.6,90.9,Mid,R,Tanner Bibee,CLE,rcv_tier
2.25,2.6,0,0.7,,22.2,11.1,1.8,4,1,98.5,116.8,57.3,676440,68.1,95.7,82.2,76.9,74,High,R,Tanner Bibee,CLE,obr_tier
3.53,3.82,1.06,0.7,,20.2,6.8,3.69,6.06,21,43.2,101.1,33,676440,50.1,42.6,49,55.4,93.5,Low,R,Tanner Bibee,CLE,obr_tier
5.52,7.29,3.19,0.7,,15.2,6.8,6,5.17,6,58.3,100.8,45.1,676440,42.9,56.8,57.1,67.6,82.3,Mid,R,Tanner Bibee,CLE,obr_tier
3.88,4.46,1.44,0.7,,19.3,6.9,4.11,5.8,28,48.4,101.6,36.5,676440,49.2,47.5,51.9,58.8,90.4,R,R,Tanner Bibee,CLE,hand
3.99,3.77,0.9,0.7,,19.3,7.7,4.05,5.83,12,47.8,104.1,38.1,676440,49.4,47,51.8,59.1,90.8,away,R,Tanner Bibee,CLE,location
3.8,4.97,1.85,0.7,,19.3,6.3,4.16,5.77,16,48.9,99.7,35.2,676440,49,47.9,51.9,58.6,90.1,home,R,Tanner Bibee,CLE,location
9.82,7.46,4.91,1.43,,26.3,0,9,3.67,1,2.8,80.2,4.1,676467,37.4,38.7,29.5,13.2,68,Low,L,Colton Gordon,HOU,osi_tier
9.82,7.46,4.91,1.43,,26.3,0,9,3.67,1,2.8,80.2,4.1,676467,37.4,38.7,29.5,13.2,68,Low,L,Colton Gordon,HOU,abq_tier
9.82,7.46,4.91,1.43,,26.3,0,9,3.67,1,2.8,80.2,4.1,676467,37.4,38.7,29.5,13.2,68,Low,L,Colton Gordon,HOU,rcv_tier
9.82,7.46,4.91,1.43,,26.3,0,9,3.67,1,2.8,80.2,4.1,676467,37.4,38.7,29.5,13.2,68,Low,L,Colton Gordon,HOU,obr_tier
9.82,7.46,4.91,1.43,,26.3,0,9,3.67,1,2.8,80.2,4.1,676467,37.4,38.7,29.5,13.2,68,L,L,Colton Gordon,HOU,hand
9.82,7.46,4.91,1.43,,26.3,0,9,3.67,1,2.8,80.2,4.1,676467,37.4,38.7,29.5,13.2,68,home,L,Colton Gordon,HOU,location
0,2.01,0,0.67,,33.3,13.3,0.9,1.83,2,75.7,97.3,70.7,676571,59.4,80.1,71.6,70.6,33.5,High,L,PJ Poulin,WSN,osi_tier
2.7,5.05,1.35,0.67,,12,8,3.3,1.11,6,31.7,89,27.5,676571,42.7,34.9,41.7,48.8,15,Low,L,PJ Poulin,WSN,osi_tier
1.93,4.6,1.93,0.67,,16.7,0,5.4,1.56,3,50.8,95.8,39.9,676571,48.4,47.2,56.2,72,25.3,Mid,L,PJ Poulin,WSN,osi_tier
0,2.35,0,0.67,,20,6.7,4.5,2,2,61.1,92.3,39.6,676571,76.3,60.2,63.1,57,29.5,High,L,PJ Poulin,WSN,abq_tier
2.25,3.35,1.12,0.67,,21.2,3,2.83,1.14,7,40,94.4,39.3,676571,36.7,42.6,48.6,64,18.9,Low,L,PJ Poulin,WSN,abq_tier
3,8.77,3,0.67,,10,20,4.5,1.5,2,45.8,85.6,35.8,676571,55.3,46.1,47.6,43.8,21,Mid,L,PJ Poulin,WSN,abq_tier
1.8,4.3,1.8,0.67,,22.7,4.5,2.25,1.25,4,51.8,97,49.3,676571,35,50.8,57.1,80.2,25,High,L,PJ Poulin,WSN,rcv_tier
1.8,5.7,1.8,0.67,,18.8,12.5,4.5,1.25,4,30.8,87.8,28.4,676571,45.4,35.7,39.2,38.7,14.8,Low,L,PJ Poulin,WSN,rcv_tier
1.8,2.5,0,0.67,,15,5,3.6,1.67,3,54.4,92.3,38.4,676571,66.3,54.9,58.8,58.1,24.7,Mid,L,PJ Poulin,WSN,rcv_tier
0,2.01,0,0.67,,33.3,13.3,0.9,1.83,2,75.7,97.3,70.7,676571,59.4,80.1,71.6,70.6,33.5,High,L,PJ Poulin,WSN,obr_tier
2.79,5.38,1.86,0.67,,13.9,5.6,4.27,1.21,8,35.4,90.1,28.8,676571,45.7,37.5,45.1,53.4,17.2,Low,L,PJ Poulin,WSN,obr_tier
0,1.9,0,0.67,,14.3,0,1.8,1.67,1,59.1,100.8,54.6,676571,36.2,50.4,57.6,81.1,28,Mid,L,PJ Poulin,WSN,obr_tier
1.8,4.17,1.2,0.67,,19,6.9,3.44,1.36,11,44.9,92.4,38.7,676571,47.3,46.4,51.1,59.1,21.2,L,L,PJ Poulin,WSN,hand
2.08,5.64,2.08,0.67,,16.1,6.5,5.1,1.44,6,43.3,91.5,35.4,676571,48.4,43.1,48.9,56.1,21.2,away,L,PJ Poulin,WSN,location
1.42,2.15,0,0.67,,22.2,7.4,1.44,1.27,5,46.8,93.5,42.7,676571,46,50.5,53.6,62.7,21.2,home,L,PJ Poulin,WSN,location
5.59,6.82,2.79,0.75,,21.4,11.9,7.2,4.83,2,93.5,111.6,55.3,676664,63.6,90.6,76.4,69.5,85.5,High,L,JP Sears,SDP,osi_tier
6.75,4.22,1.12,0.75,,12.8,5.1,8.1,4,2,20.6,85.2,34.4,676664,47.2,16.8,39,58.5,69.5,Low,L,JP Sears,SDP,osi_tier
2.53,4.6,1.69,0.75,,18.6,4.7,1.8,5.33,2,48.2,91.5,52.9,676664,54.7,49.1,56.7,66.8,68,Mid,L,JP Sears,SDP,osi_tier
0,2.3,0,0.75,,29.4,11.8,0,5,1,98.5,102.3,57.3,676664,68.1,95.7,82.2,76.9,76,High,L,JP Sears,SDP,abq_tier
7.36,6.37,2.45,0.75,,10,5,7.2,3.67,1,25.9,90.7,15.4,676664,29.6,22.6,44.5,80,67,Low,L,JP Sears,SDP,abq_tier
5.49,5.79,2.29,0.75,,17.2,6.9,6.75,4.92,4,50,95.9,53.1,676664,58.3,48.7,54.4,58.2,75.8,Mid,L,JP Sears,SDP,abq_tier
3.12,4.02,1.04,0.75,,18.9,8.1,3.6,4.33,2,62.2,96.5,36.4,676664,48.8,59.2,63.3,78.4,71.5,High,L,JP Sears,SDP,rcv_tier
6.23,2.41,0,0.75,,15.8,5.3,9,4.33,1,15.4,79.8,53.3,676664,64.8,11.1,33.6,37.1,72,Low,L,JP Sears,SDP,rcv_tier
5.28,6.75,2.93,0.75,,17.6,7.4,6,5.11,3,61.6,101.3,53.1,676664,56.2,61.3,61.3,65.2,77,Mid,L,JP Sears,SDP,rcv_tier
5.59,6.82,2.79,0.75,,21.4,11.9,7.2,4.83,2,93.5,111.6,55.3,676664,63.6,90.6,76.4,69.5,85.5,High,L,JP Sears,SDP,obr_tier
4.34,4.44,1.45,0.75,,15.9,4.9,4.95,4.67,4,34.4,88.4,43.6,676664,50.9,33,47.8,62.7,68.8,Low,L,JP Sears,SDP,obr_tier
4.76,5.25,1.91,0.75,,17.7,7.3,5.7,4.72,6,54.1,96.1,47.5,676664,55.2,52.2,57.4,64.9,74.3,L,L,JP Sears,SDP,hand
4.3,6.03,2.45,0.75,,20,8.3,6,4.89,3,78.4,104.9,54.5,676664,59.9,76.1,69.1,67.7,75.3,away,L,JP Sears,SDP,location
5.27,4.42,1.32,0.75,,15.6,6.2,5.4,4.56,3,29.8,87.3,40.5,676664,50.4,28.3,45.7,62.2,73.3,home,L,JP Sears,SDP,location
7.71,-0.33,0,0.63,,40,0,3.6,2.33,1,83.5,120.7,53.6,676879,44.2,67.8,70.2,91.4,44,High,L,Aaron Ashby,MIL,osi_tier
7.71,-0.33,0,0.63,,40,0,3.6,2.33,1,83.5,120.7,53.6,676879,44.2,67.8,70.2,91.4,44,Low,L,Aaron Ashby,MIL,abq_tier
7.71,-0.33,0,0.63,,40,0,3.6,2.33,1,83.5,120.7,53.6,676879,44.2,67.8,70.2,91.4,44,High,L,Aaron Ashby,MIL,rcv_tier
7.71,-0.33,0,0.63,,40,0,3.6,2.33,1,83.5,120.7,53.6,676879,44.2,67.8,70.2,91.4,44,High,L,Aaron Ashby,MIL,obr_tier
7.71,-0.33,0,0.63,,40,0,3.6,2.33,1,83.5,120.7,53.6,676879,44.2,67.8,70.2,91.4,44,L,L,Aaron Ashby,MIL,hand
7.71,-0.33,0,0.63,,40,0,3.6,2.33,1,83.5,120.7,53.6,676879,44.2,67.8,70.2,91.4,44,home,L,Aaron Ashby,MIL,location
2.04,1.85,0,0.67,,31.2,9.4,3,5.89,3,84.4,106.6,64.5,676917,54.9,85.7,72.2,69.2,87.7,High,R,Cade Cavalli,WSN,osi_tier
2.49,2.99,0.98,0.67,,28.5,6.7,3,5.63,18,31.4,95.4,25.8,676917,43.6,36.2,41,44.6,90.2,Low,R,Cade Cavalli,WSN,osi_tier
5.61,4.23,1.6,0.67,,24.1,7.6,5.4,4.21,8,48.6,107.6,40,676917,46.6,49.6,56.1,70.4,77.4,Mid,R,Cade Cavalli,WSN,osi_tier
6.75,5.72,0,0.67,,6.2,18.8,3.6,2.67,1,47,110.2,24.8,676917,77.1,41.9,54.5,52.9,68,High,R,Cade Cavalli,WSN,abq_tier
3.1,2.92,0.98,0.67,,29.4,6.9,3.51,5.25,21,36.9,99.3,30.1,676917,39.7,42.4,46,54.5,86.2,Low,R,Cade Cavalli,WSN,abq_tier
2.95,3.55,1.13,0.67,,24.8,6.8,4.11,5.67,7,55,100.2,45.9,676917,58.8,53.2,54.7,53.7,89.4,Mid,R,Cade Cavalli,WSN,abq_tier
5.4,3.47,1.2,0.67,,25,6.6,5.66,4.29,7,49.6,106.9,41.6,676917,37.1,51.7,56.8,76.6,79,High,R,Cade Cavalli,WSN,rcv_tier
2.34,3.17,1.23,0.67,,29.8,5.8,2.85,6.08,12,27.1,92.2,21.6,676917,44.2,35.1,37,34.1,91.8,Low,R,Cade Cavalli,WSN,rcv_tier
2.9,2.88,0.54,0.67,,26.3,9.6,3.24,4.97,10,53.5,104.2,42.8,676917,53.1,52.2,56.1,62.8,85,Mid,R,Cade Cavalli,WSN,rcv_tier
2.04,1.85,0,0.67,,31.2,9.4,3,5.89,3,84.4,106.6,64.5,676917,54.9,85.7,72.2,69.2,87.7,High,R,Cade Cavalli,WSN,obr_tier
3.4,3.45,1.11,0.67,,25.8,7.6,3.98,5.07,24,35.5,99.4,29.6,676917,44.7,38.9,45.3,53.2,85.3,Low,R,Cade Cavalli,WSN,obr_tier
2.03,1.9,1.35,0.67,,42.9,0,0.9,6.67,2,51,95.3,36.9,676917,41.8,57.5,49.2,45.3,97,Mid,R,Cade Cavalli,WSN,obr_tier
3.12,3.13,1,0.67,,27.7,7.2,3.66,5.26,29,41.6,99.9,33.7,676917,45.6,45,48.4,54.3,86.4,R,R,Cade Cavalli,WSN,hand
2.94,2.88,0.8,0.67,,27.7,7.4,3.6,5.18,13,41.4,99.2,29.3,676917,48,44.1,46.8,49,84.7,away,R,Cade Cavalli,WSN,location
3.27,3.33,1.16,0.67,,27.7,7,3.71,5.33,16,41.8,100.4,37.3,676917,43.6,45.7,49.7,58.6,87.8,home,R,Cade Cavalli,WSN,location
5.4,1.9,0,0.5,,24,8,5.4,5,1,75.2,110.3,54.5,676962,68.4,71,64.9,55.3,82,High,R,Ben Brown,CHC,osi_tier
1.32,2.7,0.33,0.5,,21,6,1.44,5.47,5,29.3,99.3,26.5,676962,38.2,25.2,38.9,55,74.6,Low,R,Ben Brown,CHC,osi_tier
0.9,1.2,0,0.5,,35.9,7.7,0.9,5,2,47.2,109.2,46.6,676962,42.2,48.2,55.4,73,74,Mid,R,Ben Brown,CHC,osi_tier
5.4,1.9,0,0.5,,24,8,5.4,5,1,75.2,110.3,54.5,676962,68.4,71,64.9,55.3,82,High,R,Ben Brown,CHC,abq_tier
0.99,2.22,0,0.5,,23.5,7.8,1.44,5.47,5,35.5,102.9,23.9,676962,33.3,33.1,44.3,64.9,76.8,Low,R,Ben Brown,CHC,abq_tier
1.8,2.5,0.9,0.5,,29.7,2.7,0.9,5,2,31.8,100,53.1,676962,54.6,28.4,41.9,48.2,68.5,Mid,R,Ben Brown,CHC,abq_tier
1.1,2.37,0,0.5,,22.7,9.1,1.2,5.44,3,32.7,106.1,23.7,676962,28.3,29.9,45.4,75.2,85.3,High,R,Ben Brown,CHC,rcv_tier
1.8,3.3,0.9,0.5,,20,2.9,1.8,5,2,21.5,99.1,31.5,676962,49.1,18.1,33.3,39.4,59,Low,R,Ben Brown,CHC,rcv_tier
2.25,1.48,0,0.5,,30.2,6.3,2.4,5.33,3,58.4,102.9,48.6,676962,53.5,55.7,55.7,57.2,76.3,Mid,R,Ben Brown,CHC,rcv_tier
5.4,1.9,0,0.5,,24,8,5.4,5,1,75.2,110.3,54.5,676962,68.4,71,64.9,55.3,82,High,R,Ben Brown,CHC,obr_tier
1.21,2.3,0.24,0.5,,25.2,6.5,1.29,5.33,7,34.4,102.1,32.2,676962,39.4,31.7,43.6,60.1,74.4,Low,R,Ben Brown,CHC,obr_tier
1.7,2.25,0.21,0.5,,25,6.7,1.8,5.29,8,39.5,103.1,35,676962,43,36.6,46.2,59.5,75.4,R,R,Ben Brown,CHC,hand
1.04,2.02,0,0.5,,26.5,8.2,1.44,5.2,5,40,103.4,31.4,676962,38.6,38.5,47.3,63.6,72.4,away,R,Ben Brown,CHC,location
2.76,2.61,0.55,0.5,,22.7,4.5,2.4,5.44,3,38.8,102.6,41.1,676962,50.3,33.5,44.4,52.6,80.3,home,R,Ben Brown,CHC,location
3.07,3.17,0.61,0.63,,29.5,13.1,3,4.89,3,78.3,107.7,65,676974,54,71.3,67.7,73.4,85,High,R,Max Meyer,MIA,osi_tier
2.36,3.61,1.05,0.63,,24.6,8.2,3.45,5.72,12,31,94.4,21.1,676974,40,37.9,41.4,46.3,88.3,Low,R,Max Meyer,MIA,osi_tier
3.25,2.67,0.65,0.63,,28.3,8.3,3.6,5.53,5,49.9,107.1,45.4,676974,43.8,51,56,70.7,94.8,Mid,R,Max Meyer,MIA,osi_tier
6,2.77,0,0.63,,31.2,18.8,3.6,3,1,75.2,110.3,54.5,676974,71.8,74.6,68.1,58.1,74,High,R,Max Meyer,MIA,abq_tier
2.55,3.27,0.88,0.63,,26.4,8.7,3.49,5.73,16,39.6,99,30.9,676974,38.3,44.1,46.9,56.2,90.1,Low,R,Max Meyer,MIA,abq_tier
2.76,3.65,1.1,0.63,,23.9,7.5,3,5.44,3,49,98.7,41.8,676974,58.8,47.8,53.8,57.3,91.3,Mid,R,Max Meyer,MIA,abq_tier
2.82,3.13,0.94,0.63,,28.9,9,3.34,5.48,7,52.1,106.2,41.7,676974,36.7,48.6,55.4,76.5,93,High,R,Max Meyer,MIA,rcv_tier
2.61,4.07,1.31,0.63,,23.7,8.3,4.37,5.9,7,25,90.9,15.6,676974,42.2,37.9,37.5,33.6,89.3,Low,R,Max Meyer,MIA,rcv_tier
2.59,2.56,0.29,0.63,,26,9.4,2.4,5.22,6,52.7,101.9,45.5,676974,51.5,53,55,59.8,85.5,Mid,R,Max Meyer,MIA,rcv_tier
4.7,4.27,1.17,0.63,,29.7,16.2,3.6,3.83,2,75.7,107.5,70.7,676974,56.4,76.1,68,67.1,81.5,High,R,Max Meyer,MIA,obr_tier
2.56,3.4,0.99,0.63,,25.9,8.2,3.49,5.71,16,35.3,97.8,27.2,676974,41.4,40.4,44.8,52.3,90,Low,R,Max Meyer,MIA,obr_tier
2.25,2.1,0,0.63,,26.1,8.7,2.7,6,2,70.2,106.1,48.9,676974,43.3,62.6,63.5,79.1,93,Mid,R,Max Meyer,MIA,obr_tier
2.68,3.32,0.89,0.63,,26.2,8.9,3.42,5.55,20,42.8,99.6,33.7,676974,43.1,46.2,49,56.4,89.4,R,R,Max Meyer,MIA,hand
3.09,3.35,0.98,0.63,,26.4,8.5,4.5,5.53,10,49.4,103.4,40.5,676974,43,49.9,52.5,62.2,88.8,away,R,Max Meyer,MIA,location
2.26,3.28,0.81,0.63,,26,9.3,2.34,5.57,10,36.2,95.8,26.9,676974,43.1,42.5,45.5,50.7,90.1,home,R,Max Meyer,MIA,location
2.84,1.84,0,0.82,,25.9,7.4,0,6.33,1,75.2,90.7,54.5,676979,64.1,66.6,60.8,51.9,107,High,L,Garrett Crochet,BOS,osi_tier
3.27,2.1,0.82,0.82,,31.9,4.3,4.5,5.5,2,38.1,102,20.4,676979,34.5,40.2,41.3,47.4,86.5,Low,L,Garrett Crochet,BOS,osi_tier
10.66,6.49,2.84,0.82,,23.4,10.9,10.8,4.22,3,55.5,95.2,43.3,676979,39.4,49.3,52.3,64.8,79.3,Mid,L,Garrett Crochet,BOS,osi_tier
2.84,1.84,0,0.82,,25.9,7.4,0,6.33,1,75.2,90.7,54.5,676979,64.1,66.6,60.8,51.9,107,High,L,Garrett Crochet,BOS,abq_tier
7.23,4.45,1.9,0.82,,27,8.1,8.28,4.73,5,48.5,97.9,34.2,676979,37.5,45.7,47.9,57.9,82.2,Low,L,Garrett Crochet,BOS,abq_tier
9.68,5.48,2.55,0.82,,25.3,8,10.35,4.42,4,52,95.8,39.1,676979,38.6,47.5,51.4,65.1,82.8,High,L,Garrett Crochet,BOS,rcv_tier
0,1.43,0,0.82,,33.3,8.3,0,6,1,34.7,106.3,14.3,676979,32.7,38.5,33.6,28.8,80,Low,L,Garrett Crochet,BOS,rcv_tier
2.84,1.84,0,0.82,,25.9,7.4,0,6.33,1,75.2,90.7,54.5,676979,64.1,66.6,60.8,51.9,107,Mid,L,Garrett Crochet,BOS,rcv_tier
2.84,1.84,0,0.82,,25.9,7.4,0,6.33,1,75.2,90.7,54.5,676979,64.1,66.6,60.8,51.9,107,High,L,Garrett Crochet,BOS,obr_tier
9.68,5.36,2.55,0.82,,25.8,7.9,10.35,4.42,4,46.5,97,31.6,676979,38,42.2,45.8,55.4,80.2,Low,L,Garrett Crochet,BOS,obr_tier
0,1.77,0,0.82,,31.8,9.1,0,6,1,56.8,101.8,44.2,676979,35.1,59.6,56.3,67.9,90,Mid,L,Garrett Crochet,BOS,obr_tier
6.3,3.9,1.5,0.82,,26.8,8,6.9,5,6,53,96.7,37.6,676979,41.9,49.2,50,56.9,86.3,L,L,Garrett Crochet,BOS,hand
6.75,3.96,1.45,0.82,,25.3,8,8.1,4.67,4,45.7,99.4,30.4,676979,36.4,46.3,47.7,57.4,79.5,away,L,Garrett Crochet,BOS,location
5.56,3.81,1.59,0.82,,29.4,7.8,4.5,5.67,2,67.5,91.3,51.9,676979,52.9,55,54.7,55.7,100,home,L,Garrett Crochet,BOS,location
1.59,3.19,0.79,0.81,,24.1,6.9,1.8,5.67,4,79,106.8,70.4,677944,54.3,80.5,70.1,69.5,84,High,R,Slade Cecconi,CLE,osi_tier
5.44,4.27,1.13,0.81,,17.2,8.1,5.04,4.8,10,34.1,96.5,28.8,677944,40.4,36.2,40.9,46.7,85.8,Low,R,Slade Cecconi,CLE,osi_tier
5.89,5.47,1.96,0.81,,15.2,6.7,5.14,5.24,7,51.6,103.8,44.5,677944,46.4,47.6,54.3,67.7,83.9,Mid,R,Slade Cecconi,CLE,osi_tier
1.59,5.04,1.59,0.81,,18.2,9.1,1.8,5.67,1,75.2,110.3,54.5,677944,71.8,74.6,68.1,58.1,82,High,R,Slade Cecconi,CLE,abq_tier
5.22,4.5,1.36,0.81,,17.5,7.5,5.29,4.96,16,46.5,100.3,38.3,677944,40,46.9,49.4,59.1,84.8,Low,R,Slade Cecconi,CLE,abq_tier
4.03,4.13,1.21,0.81,,18.7,6.6,1.8,5.58,4,50,100.8,53.4,677944,58.7,48.1,52.8,54,85.5,Mid,R,Slade Cecconi,CLE,abq_tier
5.44,5.31,1.88,0.81,,15.3,6.5,6,5.33,9,55.6,105.1,47.9,677944,41,53.8,56.9,71.9,84.7,High,R,Slade Cecconi,CLE,rcv_tier
5.56,2.84,0.79,0.81,,21.8,4,4.32,4.53,5,24.9,90.3,24.9,677944,40.1,28.3,32.8,32.7,83.6,Low,R,Slade Cecconi,CLE,rcv_tier
3.44,4.33,0.98,0.81,,18.5,10.8,2.57,5.24,7,56.3,103,46.4,677944,53.8,56,56.3,58.4,85.9,Mid,R,Slade Cecconi,CLE,rcv_tier
1.59,3.19,0.79,0.81,,24.1,6.9,1.8,5.67,4,79,106.8,70.4,677944,54.3,80.5,70.1,69.5,84,High,R,Slade Cecconi,CLE,obr_tier
5.38,4.95,1.55,0.81,,16.7,8.2,5.04,5.02,15,39.9,100,34.3,677944,42.8,39.2,45.9,55.8,85.1,Low,R,Slade Cecconi,CLE,obr_tier
7.71,3.53,0.96,0.81,,13.6,2.3,5.4,4.67,2,52.1,95.4,42.1,677944,43.1,53.4,50.4,52.2,84.5,Mid,R,Slade Cecconi,CLE,obr_tier
4.78,4.45,1.34,0.81,,17.8,7.4,4.46,5.11,21,48.5,100.9,41.9,677944,45,48.5,50.9,58,84.8,R,R,Slade Cecconi,CLE,hand
5.08,4.66,1.34,0.81,,16.2,7.9,4.15,5.18,13,46.5,100.2,42.4,677944,46.4,45.6,49.3,55.8,83.2,away,R,Slade Cecconi,CLE,location
4.27,4.1,1.35,0.81,,20.2,6.6,4.95,5,8,51.8,102,41.2,677944,42.8,53.1,53.6,61.8,87.4,home,R,Slade Cecconi,CLE,location
5.18,3.94,1.51,0.66,,24.9,6.5,6.3,5.21,8,82.4,108.1,57.9,677952,59.2,77.9,70.6,70.6,87.9,High,R,Braxton Ashcraft,PIT,osi_tier
3.09,3.57,1.21,0.66,,25.5,6,3.6,6.28,13,36,94.6,26.1,677952,38.3,37.2,41.3,48.3,86.6,Low,R,Braxton Ashcraft,PIT,osi_tier
2.92,2.48,0.73,0.66,,26.1,2.8,2.4,6.17,6,51.2,103.3,40.8,677952,44.9,51.6,55.3,67.1,86.2,Mid,R,Braxton Ashcraft,PIT,osi_tier
7.2,7,3.6,0.66,,26.2,7.1,8.1,5,2,75.2,110.3,54.5,677952,73.7,76.6,69.9,59.6,90,High,R,Braxton Ashcraft,PIT,abq_tier
3.09,3.37,1.12,0.66,,25.6,5.6,3.51,6.1,21,46.2,98.4,34.5,677952,40.8,45.3,48.6,58,86.4,Low,R,Braxton Ashcraft,PIT,abq_tier
4.84,2.07,0.4,0.66,,24,4,5.4,5.58,4,78.4,106.8,53.3,677952,59.1,78.2,68.5,64.2,87.8,Mid,R,Braxton Ashcraft,PIT,abq_tier
3.04,3.06,1.14,0.66,,27.4,4.2,3.6,5.92,8,60.3,105.1,45.9,677952,42.6,54.2,58.9,75.9,84.8,High,R,Braxton Ashcraft,PIT,rcv_tier
3.29,4.25,1.41,0.66,,21.6,6.8,3.9,6.39,6,27.2,89.3,15.8,677952,35.4,32.4,33.6,33.6,88.2,Low,R,Braxton Ashcraft,PIT,rcv_tier
4.1,3.21,1.08,0.66,,26.1,5.5,4.57,5.74,13,60.7,102.9,45,677952,52.8,60.6,58.6,60.5,87.6,Mid,R,Braxton Ashcraft,PIT,rcv_tier
6.23,4.35,1.78,0.66,,23.4,5.8,6.9,5.06,6,82,108,59.3,677952,62,82.7,71.2,64.7,86.5,High,R,Braxton Ashcraft,PIT,obr_tier
3.21,3.4,1.18,0.66,,25.8,5.3,3.49,6.27,17,39.5,97,29.7,677952,40.3,39.8,44.5,53,86.2,Low,R,Braxton Ashcraft,PIT,obr_tier
1.93,2.24,0.39,0.66,,26.7,5.6,2.7,5.83,4,67.5,104.6,46.3,677952,45.8,61,62.6,76.4,90.5,Mid,R,Braxton Ashcraft,PIT,obr_tier
3.59,3.41,1.18,0.66,,25.4,5.4,4.13,5.94,27,53.1,100.5,38.8,677952,45.9,52.5,53.1,59.1,86.9,R,R,Braxton Ashcraft,PIT,hand
3.59,3.93,1.44,0.66,,24.6,6,4.08,5.84,15,49.8,99.2,36.9,677952,43.5,48.7,50.3,56.8,85.2,away,R,Braxton Ashcraft,PIT,location
3.59,2.78,0.87,0.66,,26.4,4.7,4.2,6.06,12,57.2,102.2,41.1,677952,48.9,57.1,56.7,61.9,89,home,R,Braxton Ashcraft,PIT,location
5.4,5.86,2.16,0.75,,23.1,12.8,4.5,4.17,4,86.4,110.7,54.7,677958,60.1,76.7,69.5,68,87,High,R,Kumar Rocker,TEX,osi_tier
4.12,4.43,1.44,0.75,,20.4,7.9,4.5,5.46,8,39,97.6,29.8,677958,43.1,35.9,41.6,47.2,89.4,Low,R,Kumar Rocker,TEX,osi_tier
5.08,4.34,1.11,0.75,,20.1,10.6,6,4.72,12,52.1,103.1,43.3,677958,41.7,46.6,52.1,65.7,80.5,Mid,R,Kumar Rocker,TEX,osi_tier
5.62,5.6,2.25,0.75,,31.6,15.8,4.5,4,2,86.8,113.6,55.9,677958,69.9,85.2,75.2,67.5,84.5,High,R,Kumar Rocker,TEX,abq_tier
5.72,4.73,1.6,0.75,,21,9,6.52,4.92,16,50.8,103.6,37.2,677958,37.7,45.1,50.1,64.6,82.6,Low,R,Kumar Rocker,TEX,abq_tier
2.08,3.96,0.59,0.75,,16.4,10.9,2.1,5.06,6,49.4,96,45,677958,57.2,43.5,47.4,44.9,89.7,Mid,R,Kumar Rocker,TEX,abq_tier
6.12,5.16,1.87,0.75,,21.2,9.4,6.84,4.8,15,55.7,105.8,40.2,677958,40,49.6,53.9,68.7,82.5,High,R,Kumar Rocker,TEX,rcv_tier
1.71,3.2,0.43,0.75,,18,7.9,1.8,5.25,4,36.6,90.2,30.8,677958,50.2,32.2,37.3,34,90.8,Low,R,Kumar Rocker,TEX,rcv_tier
3.38,4.1,0.75,0.75,,21.2,13.5,3.24,4.8,5,60.1,102.7,50.3,677958,57,56.3,55.7,54.2,85.8,Mid,R,Kumar Rocker,TEX,rcv_tier
6.17,6.19,2.31,0.75,,26.8,16.1,4.8,3.89,3,87.4,111.6,55.1,677958,64.9,83.2,71.9,64.2,85.3,High,R,Kumar Rocker,TEX,obr_tier
4.62,4.34,1.16,0.75,,18.6,9.2,5.4,5.04,17,44.8,100.4,35.6,677958,43.7,40.9,46.8,55.7,84.9,Low,R,Kumar Rocker,TEX,obr_tier
4.58,4.73,1.83,0.75,,25.6,9.3,4.95,4.92,4,64.6,105.1,51.8,677958,37,52.4,56.3,74.7,82.2,Mid,R,Kumar Rocker,TEX,obr_tier
4.77,4.59,1.38,0.75,,20.7,9.9,5.25,4.88,24,53.5,102.6,40.7,677958,45.3,48.1,51.5,59.9,84.5,R,R,Kumar Rocker,TEX,hand
4.79,4.21,1.09,0.75,,22.8,11.9,4.4,4.59,9,54.4,103.8,45,677958,51.6,51.3,55.7,63.7,84.3,away,R,Kumar Rocker,TEX,location
4.76,4.79,1.55,0.75,,19.4,8.8,5.76,5.04,15,52.9,101.8,38.2,677958,41.5,46.1,49,57.7,84.7,home,R,Kumar Rocker,TEX,location
1.69,0.85,0,0.7,,26.1,0,1.8,5.33,1,83.5,120.7,53.6,677960,49.3,61.8,67.2,86,91,High,L,Ryan Weathers,NYY,osi_tier
4.65,4.34,1.74,0.7,,23.8,5.8,4.65,5.17,12,29.3,91,37.2,677960,44.5,27.5,37.1,42.8,89,Low,L,Ryan Weathers,NYY,osi_tier
2.83,3.06,0.77,0.7,,26.3,8.1,3.3,5.83,12,52.9,96.7,42.3,677960,42.6,47.6,52.8,66.1,93.5,Mid,L,Ryan Weathers,NYY,osi_tier
0,3.24,0,0.7,,15.4,11.5,0,7,1,47,94,24.8,677960,72.7,39.5,51.4,49.9,95,High,L,Ryan Weathers,NYY,abq_tier
3.59,3.57,1.23,0.7,,26.7,7.4,3.69,5.4,19,48.1,98.1,37.6,677960,38.5,44.3,48.7,61.1,92.2,Low,L,Ryan Weathers,NYY,abq_tier
4.55,3.57,1.3,0.7,,21.4,2.7,5.4,5.53,5,21.9,82.8,53.4,677960,57.9,16.6,33.9,36.5,86.8,Mid,L,Ryan Weathers,NYY,abq_tier
3.39,3.13,0.95,0.7,,26.4,6.9,3.6,5.53,12,55.4,99.2,42.4,677960,38.8,49.4,54.1,70.4,92.4,High,L,Ryan Weathers,NYY,rcv_tier
6.08,5.1,2.43,0.7,,23.4,3.8,6.43,5.29,7,19.4,89,38.6,677960,47.6,18,30.4,32.4,89,Low,L,Ryan Weathers,NYY,rcv_tier
1.32,2.69,0.26,0.7,,24.8,9.8,1.5,5.67,6,44.9,93.3,38,677960,49.2,40.9,47.4,53.6,91.5,Mid,L,Ryan Weathers,NYY,rcv_tier
4,3.61,1.24,0.7,,25.1,6.6,4.36,5.33,19,37.4,91.2,38.2,677960,45.4,33.6,43.2,52.6,90.1,Low,L,Ryan Weathers,NYY,obr_tier
2.5,3.38,1,0.7,,25.5,7.1,2.4,6,6,60.1,106.7,46.8,677960,38.6,54.1,54.3,65.6,94.8,Mid,L,Ryan Weathers,NYY,obr_tier
3.6,3.55,1.18,0.7,,25.2,6.7,3.89,5.49,25,42.8,94.9,40.3,677960,43.8,38.5,45.9,55.7,91.2,L,L,Ryan Weathers,NYY,hand
3.09,3.24,0.93,0.7,,24.9,6.8,2.88,5.83,10,43.4,95.4,42,677960,44.3,39.7,47.8,59.4,93.9,away,L,Ryan Weathers,NYY,location
3.99,3.78,1.37,0.7,,25.4,6.6,4.56,5.27,15,42.4,94.6,39.1,677960,43.4,37.8,44.6,53.3,89.5,home,L,Ryan Weathers,NYY,location
7.2,2.1,0,0.7,,15.4,3.8,7.2,5,1,88.5,107.5,53.4,677976,62.3,90,74.4,65.4,94,High,R,Randy Dobnak,KCR,osi_tier
4.58,4.23,1.53,0.7,,23,6.8,3.6,5.89,3,23.1,97.7,32.9,677976,43.4,20.4,36.3,49.4,90.7,Low,R,Randy Dobnak,KCR,osi_tier
0.71,3.97,0.36,0.7,,14.2,12.3,1.44,5.07,5,50.4,104,36.8,677976,44.7,49.6,54.6,67.4,91.8,Mid,R,Randy Dobnak,KCR,osi_tier
1.95,4.07,0.73,0.7,,17.4,11,1.8,5.29,7,43.7,102.6,32.7,677976,42,42.7,50.1,64.4,91.3,Low,R,Randy Dobnak,KCR,abq_tier
5.73,3.19,0.82,0.7,,17.6,3.9,6.3,5.5,2,51.9,101.5,53.3,677976,61,50.1,52.7,49.7,93,Mid,R,Randy Dobnak,KCR,abq_tier
0.43,3.24,0,0.7,,14.1,10.6,1.35,5.25,4,51.5,105.6,37.5,677976,44,47.6,54.2,69.1,90.8,High,R,Randy Dobnak,KCR,rcv_tier
2.31,3.1,0.77,0.7,,22.9,6.2,2.7,5.83,2,14.3,95,29.8,677976,41.9,11.6,29.1,39.9,92.5,Low,R,Randy Dobnak,KCR,rcv_tier
6.46,5.32,1.76,0.7,,17.8,9.6,4.8,5.11,3,58.5,102.8,42,677976,52.1,61.8,60.4,64.8,92.3,Mid,R,Randy Dobnak,KCR,rcv_tier
7.2,2.1,0,0.7,,15.4,3.8,7.2,5,1,88.5,107.5,53.4,677976,62.3,90,74.4,65.4,94,High,R,Randy Dobnak,KCR,obr_tier
2.33,3.69,0.7,0.7,,18.2,8.8,2.31,5.52,7,39.3,102.2,35.5,677976,43.7,35.9,46.5,60.7,90.7,Low,R,Randy Dobnak,KCR,obr_tier
2.08,7.48,2.08,0.7,,14.3,19,1.8,4.33,1,46.2,97.8,33.8,677976,47.5,57.4,56,60.6,96,Mid,R,Randy Dobnak,KCR,obr_tier
2.81,3.87,0.75,0.7,,17.5,9.2,2.8,5.33,9,45.6,102.3,37.3,677976,46.2,44.3,50.7,61.2,91.7,R,R,Randy Dobnak,KCR,hand
1.14,2.76,0.38,0.7,,19.6,5.4,1.35,5.92,4,34.6,100.7,36.4,677976,43,29.2,41.1,53.4,90.5,away,R,Randy Dobnak,KCR,location
4.44,4.95,1.11,0.7,,15.8,12.3,3.96,4.87,5,54.3,103.6,38.1,677976,48.8,56.4,58.3,67.4,92.6,home,R,Randy Dobnak,KCR,location
6.75,9.85,4.5,0.82,,20,15,5.4,4,1,75.2,110.3,54.5,678022,79.8,82.9,75.7,64.6,89,High,R,Jack Perkins,ATH,osi_tier
8.04,4.7,1.72,0.82,,26.6,11.2,7.71,4.48,7,35.7,94,22.4,678022,42.7,37.6,41.3,44.7,78.7,Low,R,Jack Perkins,ATH,osi_tier
7.08,5.95,2.66,0.82,,22.7,8.2,6.3,5.08,4,52.5,108,39.6,678022,53,55.4,61.6,74.9,88.2,Mid,R,Jack Perkins,ATH,osi_tier
9,7.43,3,0.82,,12.8,8.5,9,4.5,2,61.1,110.3,39.6,678022,82.7,64.7,68.1,61.7,93,High,R,Jack Perkins,ATH,abq_tier
7.56,5.21,2.16,0.82,,28.1,11.5,6.8,4.63,9,40.2,99.2,30.1,678022,40.1,43.9,47.6,57.3,80,Low,R,Jack Perkins,ATH,abq_tier
5.4,4.7,1.8,0.82,,19,4.8,5.4,5,1,50.6,86.8,19.7,678022,64.3,43.4,46.5,37.5,87,Mid,R,Jack Perkins,ATH,abq_tier
6.98,5.84,2.79,0.82,,29.2,10.1,5.4,4.83,4,51.1,106.7,40.1,678022,40.7,54.2,58.7,76.7,82.8,High,R,Jack Perkins,ATH,rcv_tier
6.08,3.99,1.14,0.82,,23.8,9.9,6.48,4.73,5,33.5,90,18.3,678022,42.8,36.3,37.4,34.9,77,Low,R,Jack Perkins,ATH,rcv_tier
11.37,7.92,3.55,0.82,,20,11.4,10.2,4.22,3,54.3,107.9,39.4,678022,71.5,56.5,63.2,65.1,92.3,Mid,R,Jack Perkins,ATH,rcv_tier
6.75,9.85,4.5,0.82,,20,15,5.4,4,1,75.2,110.3,54.5,678022,79.8,82.9,75.7,64.6,89,High,R,Jack Perkins,ATH,obr_tier
8.53,5.1,2.37,0.82,,26.7,7.8,7.42,4.75,8,39,101.6,26.5,678022,46.7,38.5,48.8,62,85.6,Low,R,Jack Perkins,ATH,obr_tier
5.27,5.44,1.32,0.82,,20,16.7,6.6,4.56,3,49.1,92.5,34.5,678022,45.8,58.8,48.4,38.7,73,Mid,R,Jack Perkins,ATH,obr_tier
7.6,5.53,2.26,0.82,,24.6,10.4,7.05,4.64,12,44.6,100,30.8,678022,49.2,47.3,50.9,56.4,82.8,R,R,Jack Perkins,ATH,hand
7.94,4.51,1.59,0.82,,23.1,9,8.55,4.25,4,37.6,93.4,20.5,678022,42.8,37.7,40.5,42.1,78.2,away,R,Jack Perkins,ATH,location
7.45,5.97,2.56,0.82,,25.3,11,6.3,4.83,8,48,103.4,36,678022,52.4,52.1,56.2,63.5,85,home,R,Jack Perkins,ATH,location
8.1,3.7,0,0.77,,25,20,9,3.33,1,75.2,110.3,54.5,678394,64.1,66.6,60.8,51.9,86,High,R,Brayan Bello,BOS,osi_tier
6.6,5.43,1.2,0.77,,8.6,10,8.4,5,3,36.3,98.2,39.4,678394,45.2,33.8,42.6,50.8,83,Low,R,Brayan Bello,BOS,osi_tier
14.02,9.56,4.15,0.77,,11.6,10.5,12.6,4.33,4,55.4,104.1,47.7,678394,40.2,50.8,52.4,63,93.8,Mid,R,Brayan Bello,BOS,osi_tier
8.1,3.7,0,0.77,,25,20,9,3.33,1,75.2,110.3,54.5,678394,64.1,66.6,60.8,51.9,86,High,R,Brayan Bello,BOS,abq_tier
10.27,7.83,3.04,0.77,,11.6,9.9,10.08,4.73,5,53.4,102.2,40.5,678394,36.9,49.5,50.4,61.3,92.6,Low,R,Brayan Bello,BOS,abq_tier
11.42,7.14,2.08,0.77,,6.8,11.4,12.6,4.33,2,31.8,100,53.1,678394,56,28.6,42.6,49,80.5,Mid,R,Brayan Bello,BOS,abq_tier
13.24,8.81,3.71,0.77,,12.8,10.6,12.15,4.25,4,53.7,104.2,41,678394,36.1,49.6,51.1,63.5,92.2,High,R,Brayan Bello,BOS,rcv_tier
9.82,3.65,0,0.77,,11.1,11.1,12.6,3.67,1,15.4,95.4,53.3,678394,59.6,10.2,30.9,34.1,63,Low,R,Brayan Bello,BOS,rcv_tier
7.2,6.43,1.8,0.77,,11,12.3,7.8,5,3,58.4,102.9,48.6,678394,52.1,54.3,54.3,56,92.7,Mid,R,Brayan Bello,BOS,rcv_tier
8.1,3.7,0,0.77,,25,20,9,3.33,1,75.2,110.3,54.5,678394,64.1,66.6,60.8,51.9,86,High,R,Brayan Bello,BOS,obr_tier
8.25,6.52,1.88,0.77,,9.5,11.2,9,4.8,5,43.3,100.6,44.1,678394,46,38.4,46.2,55.2,86.2,Low,R,Brayan Bello,BOS,obr_tier
17.28,10.9,5.4,0.77,,12.2,8.2,15.3,4.17,2,56.8,103.9,44.2,678394,33.2,56.4,53.3,64.3,96.5,Mid,R,Brayan Bello,BOS,obr_tier
10.35,7.28,2.52,0.77,,11.9,11.4,10.58,4.46,8,50.7,102.6,45.4,678394,45.1,46.4,49.8,57,88.8,R,R,Brayan Bello,BOS,hand
10.03,8.76,3.47,0.77,,7.6,9.2,10.8,4.67,5,42.7,100.6,43.1,678394,44.6,41.6,47.7,56.9,86.4,away,R,Brayan Bello,BOS,location
10.95,4.48,0.73,0.77,,19.7,15.2,10.2,4.11,3,63.9,106,49.3,678394,45.7,54.4,53.2,57.4,92.7,home,R,Brayan Bello,BOS,location
7.71,8.67,3.86,0.51,,0,0,5.4,2.33,1,15.4,95.4,53.3,678868,62.7,10.7,32.5,35.9,20,Low,R,Eddy Yean,WSN,osi_tier
7.71,8.67,3.86,0.51,,0,0,5.4,2.33,1,15.4,95.4,53.3,678868,62.7,10.7,32.5,35.9,20,Mid,R,Eddy Yean,WSN,abq_tier
7.71,8.67,3.86,0.51,,0,0,5.4,2.33,1,15.4,95.4,53.3,678868,62.7,10.7,32.5,35.9,20,Low,R,Eddy Yean,WSN,rcv_tier
7.71,8.67,3.86,0.51,,0,0,5.4,2.33,1,15.4,95.4,53.3,678868,62.7,10.7,32.5,35.9,20,Low,R,Eddy Yean,WSN,obr_tier
7.71,8.67,3.86,0.51,,0,0,5.4,2.33,1,15.4,95.4,53.3,678868,62.7,10.7,32.5,35.9,20,R,R,Eddy Yean,WSN,hand
7.71,8.67,3.86,0.51,,0,0,5.4,2.33,1,15.4,95.4,53.3,678868,62.7,10.7,32.5,35.9,20,home,R,Eddy Yean,WSN,location
2.45,5.01,1.64,0.76,,31,16.7,2.7,5.5,2,81.8,108.9,54,678906,64.8,79.3,68.7,59.5,90,High,R,Kai-Wei Teng,HOU,osi_tier
4.5,2.71,0,0.76,,20.2,10.7,5.4,4.5,4,30.3,94,16.6,678906,38,30.7,36,40.7,78.8,Low,R,Kai-Wei Teng,HOU,osi_tier
9,6.7,3,0.76,,16.7,6.4,7.65,3.75,4,55.7,106.4,45.8,678906,39.8,51,54.9,70.1,67,Mid,R,Kai-Wei Teng,HOU,osi_tier
5.4,7.9,3.6,0.76,,31.8,18.2,5.4,5,1,75.2,110.3,54.5,678906,70.4,73.1,66.8,57,91,High,R,Kai-Wei Teng,HOU,abq_tier
7.67,5.03,1.67,0.76,,18.7,9.4,7.2,3.86,7,42.6,101,30.5,678906,36.7,40.2,45.3,57.2,71.4,Low,R,Kai-Wei Teng,HOU,abq_tier
0.75,2.43,0,0.76,,23.3,9.3,0.9,6,2,67.1,101.1,44.6,678906,56.7,65.3,58.7,52.5,86,Mid,R,Kai-Wei Teng,HOU,abq_tier
9,6.7,3,0.76,,16.7,6.4,7.65,3.75,4,55.7,106.4,45.8,678906,39.8,51,54.9,70.1,67,High,R,Kai-Wei Teng,HOU,rcv_tier
4.5,2.71,0,0.76,,20.2,10.7,5.4,4.5,4,30.3,94,16.6,678906,38,30.7,36,40.7,78.8,Low,R,Kai-Wei Teng,HOU,rcv_tier
2.45,5.01,1.64,0.76,,31,16.7,2.7,5.5,2,81.8,108.9,54,678906,64.8,79.3,68.7,59.5,90,Mid,R,Kai-Wei Teng,HOU,rcv_tier
2.45,5.01,1.64,0.76,,31,16.7,2.7,5.5,2,81.8,108.9,54,678906,64.8,79.3,68.7,59.5,90,High,R,Kai-Wei Teng,HOU,obr_tier
6.6,4.8,1.5,0.76,,18.8,9.4,6.43,4.29,7,41,99.7,29.3,678906,39.4,38.2,43.9,53.6,77.3,Low,R,Kai-Wei Teng,HOU,obr_tier
6,1.77,0,0.76,,15.4,0,7.2,3,1,56.8,103.9,44.2,678906,35.1,59.6,56.3,67.9,42,Mid,R,Kai-Wei Teng,HOU,obr_tier
5.52,4.65,1.43,0.76,,21.1,10.3,5.76,4.4,10,50.8,101.9,35.7,678906,44,48.5,50.1,56.2,76.3,R,R,Kai-Wei Teng,HOU,hand
6.41,3.46,0.46,0.76,,15.8,8.4,7.56,3.93,5,50.6,98.8,33.5,678906,39.6,49.1,48.5,54.2,69,away,R,Kai-Wei Teng,HOU,location
4.81,5.61,2.22,0.76,,25.7,11.9,3.96,4.87,5,50.9,105.1,37.9,678906,48.5,48,51.7,58.2,83.6,home,R,Kai-Wei Teng,HOU,location
9,1.1,0,0.8,,20,0,10.8,1,1,88.5,120.8,53.4,679775,59.2,85.5,70.7,62.1,15,High,L,Kyle Backhus,PHI,osi_tier
9,1.1,0,0.8,,20,0,10.8,1,1,88.5,120.8,53.4,679775,59.2,85.5,70.7,62.1,15,Mid,L,Kyle Backhus,PHI,abq_tier
9,1.1,0,0.8,,20,0,10.8,1,1,88.5,120.8,53.4,679775,59.2,85.5,70.7,62.1,15,Mid,L,Kyle Backhus,PHI,rcv_tier
9,1.1,0,0.8,,20,0,10.8,1,1,88.5,120.8,53.4,679775,59.2,85.5,70.7,62.1,15,High,L,Kyle Backhus,PHI,obr_tier
9,1.1,0,0.8,,20,0,10.8,1,1,88.5,120.8,53.4,679775,59.2,85.5,70.7,62.1,15,L,L,Kyle Backhus,PHI,hand
9,1.1,0,0.8,,20,0,10.8,1,1,88.5,120.8,53.4,679775,59.2,85.5,70.7,62.1,15,away,L,Kyle Backhus,PHI,location
6.23,3.91,1.04,0.8,,23.1,10.3,4.5,4.33,2,79.4,109.3,54,679883,62.4,70.2,69.4,73.6,82,High,R,Luinder Avila,KCR,osi_tier
8.24,5.74,1.83,0.8,,20.2,13.5,7.56,3.93,5,24.1,95.4,16.3,679883,34.8,34,38,44.8,70.2,Low,R,Luinder Avila,KCR,osi_tier
4.63,4.86,0.77,0.8,,17.3,16.3,4.68,4.67,5,54.5,106.1,41.9,679883,47.3,49.1,54.9,67.1,85.6,Mid,R,Luinder Avila,KCR,osi_tier
6.75,4.85,1.12,0.8,,25.6,17.9,5.4,4,2,61.1,110.3,39.6,679883,76.3,60.2,63.1,57,80,High,R,Luinder Avila,KCR,abq_tier
6.18,5.07,1.24,0.8,,18.1,13.5,5.94,4.37,10,43,100.6,32,679883,38.3,43.6,47.7,59.3,78.3,Low,R,Luinder Avila,KCR,abq_tier
6.39,4.97,1.16,0.8,,17.3,12.9,5.91,4.43,7,53.8,105.2,40,679883,39.4,47.4,54.6,73.7,81.1,High,R,Luinder Avila,KCR,rcv_tier
5.68,5.31,1.42,0.8,,20.4,14.8,6,4.22,3,17.8,89.8,13.2,679883,35.7,34.7,31.8,25.6,71.7,Low,R,Luinder Avila,KCR,rcv_tier
6.75,4.85,1.12,0.8,,25.6,17.9,5.4,4,2,61.1,110.3,39.6,679883,76.3,60.2,63.1,57,80,Mid,R,Luinder Avila,KCR,rcv_tier
15,7.77,3,0.8,,22.2,16.7,9,3,1,75.2,110.3,54.5,679883,75.6,78.5,71.7,61.2,73,High,R,Luinder Avila,KCR,obr_tier
6.09,4.95,1.06,0.8,,19.5,15.4,6.08,4.25,8,34.7,99.9,24,679883,42.4,38.2,43.8,51.3,74.6,Low,R,Luinder Avila,KCR,obr_tier
4.91,4.67,1.23,0.8,,18.5,10.8,4.2,4.89,3,66.5,105.4,50.8,679883,40.2,57.3,60.4,78.3,91,Mid,R,Luinder Avila,KCR,obr_tier
6.27,5.04,1.22,0.8,,19.4,14.2,5.85,4.31,12,46,102.2,33.2,679883,44.6,46.3,50.3,58.9,78.6,R,R,Luinder Avila,KCR,hand
4.91,4.93,0.98,0.8,,18.6,15.5,4.95,4.58,8,49.2,102.2,35.2,679883,44.6,48.2,50.7,58,83.1,away,R,Luinder Avila,KCR,location
9.6,5.3,1.8,0.8,,21.1,11.3,7.65,3.75,4,39.6,102.1,29.4,679883,44.7,42.7,49.5,60.7,69.5,home,R,Luinder Avila,KCR,location
10.24,5.38,1.86,0.84,,23.4,12.8,9.9,4.83,2,87.4,110.7,72,680570,58.7,93.2,80.7,82.3,90.5,High,R,Grayson Rodriguez,LAA,osi_tier
5.36,4.66,1.56,0.84,,22.5,9.9,7.2,5.04,8,33.4,101.7,22.9,680570,41.3,38.7,45.9,57.3,91.5,Low,R,Grayson Rodriguez,LAA,osi_tier
5.53,4.04,0.98,0.84,,16.8,7.6,5.7,4.61,6,53.6,104.4,43,680570,53.7,50,56,64.6,81.3,Mid,R,Grayson Rodriguez,LAA,osi_tier
13.5,4.43,0,0.84,,15.2,18.2,9,3,2,72.8,113.5,41,680570,78.1,74,73.5,69.8,63,High,R,Grayson Rodriguez,LAA,abq_tier
5.66,4.7,1.6,0.84,,21.2,8.8,6.9,5.17,12,43.7,103.6,34.5,680570,40.7,45.7,50.8,63.9,91.2,Low,R,Grayson Rodriguez,LAA,abq_tier
3.72,3.51,0.93,0.84,,22,7.3,5.4,4.83,2,46.9,95.2,44.8,680570,62.6,49.5,53.8,52.2,90.5,Mid,R,Grayson Rodriguez,LAA,abq_tier
5.5,4.42,1.38,0.84,,20.1,8.3,5.76,5.23,10,55.1,106,41.8,680570,43.2,54.5,57.8,72,90.2,High,R,Grayson Rodriguez,LAA,rcv_tier
7.2,5.3,1.8,0.84,,17.1,8.6,7.2,5,3,25.4,97.4,16.6,680570,48.4,40.1,41.2,37.2,93.3,Low,R,Grayson Rodriguez,LAA,rcv_tier
6.97,3.97,0.87,0.84,,28.6,16.3,10.8,3.44,3,45.2,103,39.2,680570,64.3,43.5,54.3,59.7,73,Mid,R,Grayson Rodriguez,LAA,rcv_tier
10.24,5.38,1.86,0.84,,23.4,12.8,9.9,4.83,2,87.4,110.7,72,680570,58.7,93.2,80.7,82.3,90.5,High,R,Grayson Rodriguez,LAA,obr_tier
5.75,4.71,1.48,0.84,,20,9.5,6.78,4.69,13,40.9,102.7,30.6,680570,47.5,42.3,49.8,59.8,86.3,Low,R,Grayson Rodriguez,LAA,obr_tier
2.57,1.81,0,0.84,,23.1,3.8,3.6,7,1,56.8,103.9,44.2,680570,35.1,59.6,56.3,67.9,98,Mid,R,Grayson Rodriguez,LAA,obr_tier
6.03,4.53,1.39,0.84,,20.7,9.5,6.98,4.85,16,47.7,103.8,36.6,680570,48.1,49.7,54,63.1,87.6,R,R,Grayson Rodriguez,LAA,hand
3.9,3.69,0.84,0.84,,21.1,9,6.3,5.39,6,45.8,104.5,35.1,680570,38.5,42,50.1,67.7,87.8,away,R,Grayson Rodriguez,LAA,location
7.54,5.13,1.79,0.84,,20.5,9.8,7.38,4.53,10,48.9,103.4,37.5,680570,53.9,54.4,56.4,60.4,87.4,home,R,Grayson Rodriguez,LAA,location
10.38,3.56,0,0.9,,11.1,11.1,9,4.33,1,83.5,108.3,53.6,680573,49.3,61.8,67.2,86,61,High,R,Simeon Woods Richardson,MIN,osi_tier
9.97,7.44,2.49,0.9,,8.9,10.7,10.8,4.33,5,30.2,94.6,39.6,680573,49.7,28.8,38.1,40.6,86.2,Low,R,Simeon Woods Richardson,MIN,osi_tier
5.79,5.35,1.45,0.9,,14.3,10.7,5.85,4.67,4,50.3,105.1,39.5,680573,63.1,45.2,54.9,60.2,79,Mid,R,Simeon Woods Richardson,MIN,osi_tier
4.09,5.74,1.64,0.9,,12.5,10.4,4.5,5.5,2,47,110.2,24.8,680573,77.5,42.1,54.8,53.2,83,High,R,Simeon Woods Richardson,MIN,abq_tier
11.25,6.1,1.35,0.9,,11.8,14.7,10.44,4,5,52.5,99,39.9,680573,42.8,47.1,50.6,60.3,80.6,Low,R,Simeon Woods Richardson,MIN,abq_tier
7.24,6.69,2.63,0.9,,9.4,4.7,8.4,4.56,3,26.2,95.5,53.5,680573,60.3,22.2,38.2,40.6,79.7,Mid,R,Simeon Woods Richardson,MIN,abq_tier
12.86,3.53,0,0.9,,17.6,14.7,9.9,3.5,2,71.3,106.2,54.1,680573,42.8,56.1,62.4,83.6,64,High,R,Simeon Woods Richardson,MIN,rcv_tier
8.68,6.9,2.41,0.9,,9.7,8.6,9.9,4.67,4,27.5,92.5,39.8,680573,51,26.9,35.5,34.3,85.8,Low,R,Simeon Woods Richardson,MIN,rcv_tier
6.16,6.47,1.89,0.9,,10.3,11.5,6.75,4.75,4,45.7,104.8,35.6,680573,65.2,41.6,52.6,56.3,84.2,Mid,R,Simeon Woods Richardson,MIN,rcv_tier
6.89,6.74,2.2,0.9,,9.8,9.8,7.71,4.67,7,35.4,100.4,38.9,680573,59.7,31.6,44.7,49,84,Low,R,Simeon Woods Richardson,MIN,obr_tier
12,4.68,0.75,0.9,,14.8,13.1,10.8,4,3,62.6,99.7,45.9,680573,44.2,55,54.8,62.2,73.3,Mid,R,Simeon Woods Richardson,MIN,obr_tier
8.26,6.19,1.81,0.9,,11.2,10.7,8.64,4.47,10,43.5,100.2,41,680573,55,38.6,47.7,52.9,80.8,R,R,Simeon Woods Richardson,MIN,hand
8.53,5.59,1.42,0.9,,12,11.1,7.8,4.22,6,47.9,101,43.9,680573,53.4,40.8,50.5,59.4,75.3,away,R,Simeon Woods Richardson,MIN,location
7.91,6.98,2.33,0.9,,10.3,10.3,9.9,4.83,4,37.1,98.9,36.6,680573,57.4,35.4,43.6,43.2,89,home,R,Simeon Woods Richardson,MIN,location
36,18.1,9,1.04,,28.6,28.6,10.8,1,1,48,95.7,53.9,680689,55.6,41.8,47.6,48.4,30,Mid,R,Lyon Richardson,CIN,osi_tier
36,18.1,9,1.04,,28.6,28.6,10.8,1,1,48,95.7,53.9,680689,55.6,41.8,47.6,48.4,30,Mid,R,Lyon Richardson,CIN,abq_tier
36,18.1,9,1.04,,28.6,28.6,10.8,1,1,48,95.7,53.9,680689,55.6,41.8,47.6,48.4,30,Mid,R,Lyon Richardson,CIN,rcv_tier
36,18.1,9,1.04,,28.6,28.6,10.8,1,1,48,95.7,53.9,680689,55.6,41.8,47.6,48.4,30,Low,R,Lyon Richardson,CIN,obr_tier
36,18.1,9,1.04,,28.6,28.6,10.8,1,1,48,95.7,53.9,680689,55.6,41.8,47.6,48.4,30,R,R,Lyon Richardson,CIN,hand
36,18.1,9,1.04,,28.6,28.6,10.8,1,1,48,95.7,53.9,680689,55.6,41.8,47.6,48.4,30,home,R,Lyon Richardson,CIN,location
5.03,6.05,1.83,0.76,,20.9,16.3,6.3,4.92,4,78.1,105.5,78.5,680694,43.7,74.8,68.8,79.8,93.5,High,R,Kyle Bradish,BAL,osi_tier
3.91,3.97,1.1,0.76,,20.8,8.1,5.12,5.67,13,30.8,93.9,27,680694,44.7,34.4,37.9,37,90.6,Low,R,Kyle Bradish,BAL,osi_tier
3.79,3.41,0.66,0.76,,22.9,10.4,3.96,5.47,10,49.8,105.4,39.1,680694,55.7,46.2,54.6,63.5,93.6,Mid,R,Kyle Bradish,BAL,osi_tier
2.6,4.77,1.04,0.76,,16,12,1.2,5.78,3,47,110.2,24.8,680694,77.6,42.2,54.9,53.3,95.7,High,R,Kyle Bradish,BAL,abq_tier
4.6,4.02,1.15,0.76,,23.7,10,5.78,5.35,19,47,99.8,39.3,680694,40.5,48.6,49.1,55.9,91,Low,R,Kyle Bradish,BAL,abq_tier
2.79,3.65,0.62,0.76,,18.1,9.4,3.6,5.8,5,35.5,93.8,46.8,680694,61.9,31.6,43.1,42.9,94.4,Mid,R,Kyle Bradish,BAL,abq_tier
5.4,4.03,1,0.76,,24.6,12.6,6.6,5,9,63.7,106,58.1,680694,41.7,60.1,61.2,76.4,91.4,High,R,Kyle Bradish,BAL,rcv_tier
2.97,3.67,0.78,0.76,,18.3,7.7,4.32,5.77,10,26.6,91.8,24.1,680694,45.2,31.3,34.8,31.4,90.2,Low,R,Kyle Bradish,BAL,rcv_tier
3.97,4.51,1.39,0.76,,22.6,10.6,3.6,5.67,8,46.4,103.1,36.5,680694,60.6,44.2,51.9,54.4,95.4,Mid,R,Kyle Bradish,BAL,rcv_tier
4.6,6.1,2.3,0.76,,23.9,13.4,5.4,5.22,3,76.2,104.6,86.8,680694,41.6,78.7,68.8,77.1,96.3,High,R,Kyle Bradish,BAL,obr_tier
3.93,3.74,0.96,0.76,,21.9,8.8,4.68,5.62,20,37.4,99.8,31.4,680694,50.3,37.7,45.1,49.8,92,Low,R,Kyle Bradish,BAL,obr_tier
4.05,4.1,0.45,0.76,,18.6,15.1,5.4,5,4,58.3,96.5,41.9,680694,45.2,54.7,51.3,51.9,89.5,Mid,R,Kyle Bradish,BAL,obr_tier
4.01,4.04,1.03,0.76,,21.6,10.1,4.87,5.48,27,44.8,99.9,39.1,680694,48.6,44.7,48.7,53.2,92.1,R,R,Kyle Bradish,BAL,hand
4.45,3.57,0.87,0.76,,22.6,9.1,5.16,5.53,15,41,99.9,35.1,680694,46.5,41.8,46.1,50.8,94.6,away,R,Kyle Bradish,BAL,location
3.46,4.64,1.25,0.76,,20.4,11.5,4.5,5.42,12,49.6,99.8,44.1,680694,51.2,48.4,51.8,56.2,89.1,home,R,Kyle Bradish,BAL,location
5.4,3.15,0.98,0.66,,29.5,10.2,5.4,4.58,4,84.6,109.8,63,680732,64.2,89.7,77.7,73.6,91.2,High,R,Sean Burke,CHW,osi_tier
3.14,3.83,1.23,0.66,,25.3,8.4,3.15,5.5,12,38.7,96.4,28.8,680732,48.1,40.7,45.1,48.2,93.5,Low,R,Sean Burke,CHW,osi_tier
3.18,3.28,0.79,0.66,,25.3,8.8,3.15,5.67,8,52.8,104.2,38.7,680732,49.2,53.6,57.6,68.4,90.5,Mid,R,Sean Burke,CHW,osi_tier
7.43,7.08,2.7,0.66,,19.4,13.4,6.6,4.44,3,73.6,112.5,45.5,680732,77.1,75.3,72.8,66.9,91.7,High,R,Sean Burke,CHW,abq_tier
3.21,3.25,0.83,0.66,,27.4,9.8,3.15,5.44,16,47.4,100.8,35.8,680732,43.2,50.4,52.5,61.7,91.3,Low,R,Sean Burke,CHW,abq_tier
2.45,2.79,0.92,0.66,,25.4,3.4,2.88,5.87,5,49.2,95.8,39.6,680732,61,48.9,51,46.4,95,Mid,R,Sean Burke,CHW,abq_tier
2.91,2.88,0.65,0.66,,30.2,10.7,2.7,5.57,10,58.7,105.7,44.8,680732,46,60.7,61.6,73.8,93.3,High,R,Sean Burke,CHW,rcv_tier
2.58,4.03,1.39,0.66,,24.2,7.1,2.92,5.67,8,37.4,92.2,27.7,680732,51.1,38.9,42.3,39.9,94.9,Low,R,Sean Burke,CHW,rcv_tier
5.97,4.04,1.26,0.66,,21.3,8.1,5.7,4.78,6,56.5,105.8,39.7,680732,59.8,59.6,59.9,60.3,86.5,Mid,R,Sean Burke,CHW,rcv_tier
5.4,3.15,0.98,0.66,,29.5,10.2,5.4,4.58,4,84.6,109.8,63,680732,64.2,89.7,77.7,73.6,91.2,High,R,Sean Burke,CHW,obr_tier
3.28,3.82,1.19,0.66,,24.9,8.4,3.26,5.67,16,42.6,99.9,31.5,680732,50.3,42.8,49.5,56.6,92.9,Low,R,Sean Burke,CHW,obr_tier
2.61,2.66,0.44,0.66,,26.7,9.3,2.7,5.17,4,51.3,98.1,38,680732,41.3,57.9,52.6,54.8,90,Mid,R,Sean Burke,CHW,obr_tier
3.47,3.54,1.04,0.66,,26,8.8,3.52,5.4,24,51,101.2,37.8,680732,51.1,53.2,54.7,59.2,92.1,R,R,Sean Burke,CHW,hand
2.72,3.01,0.68,0.66,,25.9,8.6,3.06,5.3,10,47.7,98.9,38.3,680732,50.5,47.3,49.3,50.8,91.2,away,R,Sean Burke,CHW,location
3.99,3.91,1.29,0.66,,26,9,3.86,5.48,14,53.4,102.9,37.5,680732,51.6,57.3,58.6,65.1,92.8,home,R,Sean Burke,CHW,location
6.75,6.9,2.95,0.68,,20.4,10.2,7.2,5.33,4,81.8,105.7,54,680736,65.2,79.7,69.1,59.8,101.8,High,L,Justin Wrobleski,LAD,osi_tier
2,3.28,0.8,0.68,,18.9,4.4,1.8,6.15,11,26.7,93.4,22.4,680736,43.4,33,36.9,36.8,89.5,Low,L,Justin Wrobleski,LAD,osi_tier
4.32,4.27,1.62,0.68,,20.6,3.8,3.96,6.67,5,47.5,93.8,36.5,680736,48.7,45.9,53.8,66.7,89.8,Mid,L,Justin Wrobleski,LAD,osi_tier
4.76,4.16,1.59,0.68,,21.7,4.3,5.4,5.67,3,65.8,91.8,44.6,680736,73.1,63.3,63.2,56,91.3,High,L,Justin Wrobleski,LAD,abq_tier
2.5,3.52,1.12,0.68,,20.3,3.2,2.13,6.55,11,29.1,91.7,23.5,680736,36.7,37,40.3,46.6,93.5,Low,L,Justin Wrobleski,LAD,abq_tier
4.86,5.62,1.89,0.68,,17.4,10.1,4.8,5.56,6,56.9,105.9,42.1,680736,59.6,52.3,53.1,49.3,89.7,Mid,L,Justin Wrobleski,LAD,abq_tier
4.34,4.92,1.93,0.68,,19.7,5.3,4.2,6.22,3,47.5,94.5,34.9,680736,38.4,47.1,53.8,72.5,94,High,L,Justin Wrobleski,LAD,rcv_tier
1.62,2.58,0.32,0.68,,19.9,5,1.4,6.19,9,22.3,93.4,19.2,680736,43.8,30.2,34.5,32.9,88.8,Low,L,Justin Wrobleski,LAD,rcv_tier
5.25,5.75,2.44,0.68,,19.3,5.9,5.4,6,8,64.4,99.4,46,680736,59,62.2,59.9,58,94.9,Mid,L,Justin Wrobleski,LAD,rcv_tier
6.75,6.9,2.95,0.68,,20.4,10.2,7.2,5.33,4,81.8,105.7,54,680736,65.2,79.7,69.1,59.8,101.8,High,L,Justin Wrobleski,LAD,obr_tier
2.76,3.6,1.07,0.68,,19.5,4.2,2.48,6.31,16,33.2,93.5,26.8,680736,45,37,42.2,46.1,89.6,Low,L,Justin Wrobleski,LAD,obr_tier
3.46,4.18,1.4,0.68,,19.6,5.4,3.42,6.12,20,43,96,32.2,680736,49.1,45.5,47.6,48.9,92,L,L,Justin Wrobleski,LAD,hand
3.86,4.47,1.33,0.68,,16.1,6.5,3.9,5.64,12,42.2,96.8,31.3,680736,47.6,43.7,46.6,49.3,90.2,away,L,Justin Wrobleski,LAD,location
2.96,3.81,1.48,0.68,,24.6,3.9,2.7,6.83,8,44.1,94.7,33.7,680736,51.3,48.2,49,48.2,94.6,home,L,Justin Wrobleski,LAD,location
5.4,6.4,2.7,0.6,,26.7,13.3,3.6,3.33,1,47,110.2,24.8,680744,77.1,41.9,54.5,52.9,48,Mid,R,Ty Madden,DET,osi_tier
5.4,6.4,2.7,0.6,,26.7,13.3,3.6,3.33,1,47,110.2,24.8,680744,77.1,41.9,54.5,52.9,48,High,R,Ty Madden,DET,abq_tier
5.4,6.4,2.7,0.6,,26.7,13.3,3.6,3.33,1,47,110.2,24.8,680744,77.1,41.9,54.5,52.9,48,Mid,R,Ty Madden,DET,rcv_tier
5.4,6.4,2.7,0.6,,26.7,13.3,3.6,3.33,1,47,110.2,24.8,680744,77.1,41.9,54.5,52.9,48,Low,R,Ty Madden,DET,obr_tier
5.4,6.4,2.7,0.6,,26.7,13.3,3.6,3.33,1,47,110.2,24.8,680744,77.1,41.9,54.5,52.9,48,R,R,Ty Madden,DET,hand
5.4,6.4,2.7,0.6,,26.7,13.3,3.6,3.33,1,47,110.2,24.8,680744,77.1,41.9,54.5,52.9,48,away,R,Ty Madden,DET,location
0,2.24,0,0.65,,44.4,22.2,0.9,1.17,2,76.2,104.6,86.8,680755,41.4,78.4,68.6,76.9,17.5,High,R,Braydon Fisher,TOR,osi_tier
0,4.25,0,0.65,,11.1,16.7,1.8,1.08,4,42.7,92.3,27.8,680755,48.4,41.8,44,43.3,14.5,Low,R,Braydon Fisher,TOR,osi_tier
3.86,4.39,0,0.65,,30,30,1.8,1.17,2,51.9,107.1,34.5,680755,57.2,51.8,56.5,61.6,22,Mid,R,Braydon Fisher,TOR,osi_tier
6.75,6.1,0,0.65,,20,40,1.8,1.33,1,47,110.2,24.8,680755,78.7,42.8,55.6,54,26,High,R,Braydon Fisher,TOR,abq_tier
0,3.4,0,0.65,,28.6,21.4,0.9,1.11,6,54.9,99.3,51.5,680755,41.4,56.9,54,59.8,16.7,Low,R,Braydon Fisher,TOR,abq_tier
0,3.1,0,0.65,,0,0,5.4,1,1,50.6,86.8,19.7,680755,64.3,43.4,46.5,37.5,11,Mid,R,Braydon Fisher,TOR,abq_tier
0,2.2,0,0.65,,42.9,21.4,1.2,1.11,3,69.8,104.4,72.6,680755,39.6,72.5,64.9,74.3,17.7,High,R,Braydon Fisher,TOR,rcv_tier
0,5.2,0,0.65,,7.1,21.4,1.8,1.11,3,43.3,88.7,24.1,680755,49.6,43.5,42.2,35.7,15.3,Low,R,Braydon Fisher,TOR,rcv_tier
3.86,3.96,0,0.65,,22.2,22.2,1.8,1.17,2,43.9,106.7,31.9,680755,61.8,39.7,52.3,60.1,19,Mid,R,Braydon Fisher,TOR,rcv_tier
0,2.24,0,0.65,,44.4,22.2,0.9,1.17,2,76.2,104.6,86.8,680755,41.4,78.4,68.6,76.9,17.5,High,R,Braydon Fisher,TOR,obr_tier
2.08,3.79,0,0.65,,17.6,17.6,2.25,1.08,4,43.1,98.2,26.6,680755,56.5,39.4,48.1,52,15.8,Low,R,Braydon Fisher,TOR,obr_tier
0,5.24,0,0.65,,18.2,27.3,0.9,1.17,2,51,95.3,36.9,680755,41.2,56.5,48.3,44.2,19.5,Mid,R,Braydon Fisher,TOR,obr_tier
1,3.77,0,0.65,,24.3,21.6,1.58,1.12,8,53.4,99.1,44.2,680755,48.9,53.4,53.3,56.3,17.1,R,R,Braydon Fisher,TOR,hand
0,3.37,0,0.65,,26.7,20,1.8,1.22,3,57.3,92.7,45.4,680755,50.6,57.7,51.2,44.3,18.3,away,R,Braydon Fisher,TOR,location
1.69,4.04,0,0.65,,22.7,22.7,1.44,1.07,5,51,102.9,43.5,680755,47.8,50.9,54.5,63.5,16.4,home,R,Braydon Fisher,TOR,location
5.14,8.24,2.57,0.99,,20,22.9,4.5,3.5,2,24.3,94.7,19.9,680802,46.3,42.4,38.6,28.5,81,Low,R,Ryan Weiss,HOU,osi_tier
4.91,8.28,2.45,0.99,,18.8,25,5.4,3.67,1,2.8,94.7,4.1,680802,37.4,38.7,29.5,13.2,76,Low,R,Ryan Weiss,HOU,abq_tier
5.4,8.2,2.7,0.99,,21.1,21.1,3.6,3.33,1,45.8,94.7,35.8,680802,55.3,46.1,47.6,43.8,86,Mid,R,Ryan Weiss,HOU,abq_tier
5.14,8.24,2.57,0.99,,20,22.9,4.5,3.5,2,24.3,94.7,19.9,680802,46.3,42.4,38.6,28.5,81,Low,R,Ryan Weiss,HOU,rcv_tier
5.14,8.24,2.57,0.99,,20,22.9,4.5,3.5,2,24.3,94.7,19.9,680802,46.3,42.4,38.6,28.5,81,Low,R,Ryan Weiss,HOU,obr_tier
5.14,8.24,2.57,0.99,,20,22.9,4.5,3.5,2,24.3,94.7,19.9,680802,46.3,42.4,38.6,28.5,81,R,R,Ryan Weiss,HOU,hand
5.4,8.2,2.7,0.99,,21.1,21.1,3.6,3.33,1,45.8,94.7,35.8,680802,55.3,46.1,47.6,43.8,86,away,R,Ryan Weiss,HOU,location
4.91,8.28,2.45,0.99,,18.8,25,5.4,3.67,1,2.8,94.7,4.1,680802,37.4,38.7,29.5,13.2,76,home,R,Ryan Weiss,HOU,location
5.79,3.17,0.64,0.68,,27.7,12.3,4.8,4.67,3,80.8,109,53.9,681035,56.8,66.1,67.5,76.7,86.7,High,R,Christian Scott,NYM,osi_tier
3.18,3.17,0.99,0.68,,29.1,8.5,2.8,5.04,9,29.8,96.8,25.7,681035,39,34.6,39.8,46.3,87.4,Low,R,Christian Scott,NYM,osi_tier
3.82,4.01,1.02,0.68,,25.3,12.7,3.82,4.42,8,50.9,103,48.4,681035,48.5,48.2,54,64.7,84.5,Mid,R,Christian Scott,NYM,osi_tier
7.36,2.28,0,0.68,,33.3,16.7,5.4,3.67,1,75.2,110.3,54.5,681035,71.8,74.6,68.1,58.1,89,High,R,Christian Scott,NYM,abq_tier
3.49,3.85,1.07,0.68,,26,11.1,3.09,4.79,14,43.2,100.5,34.1,681035,40.3,41.9,47.3,58.4,84.7,Low,R,Christian Scott,NYM,abq_tier
4.12,2.64,0.75,0.68,,30.2,8.5,4.32,4.8,5,47.6,100.9,49.7,681035,54.7,46.7,52.6,57.8,89.6,Mid,R,Christian Scott,NYM,abq_tier
5.47,5,1.03,0.68,,21,16.9,3.9,4.39,6,62.9,106.4,45.7,681035,43.2,51.6,57.9,75.5,82.2,High,R,Christian Scott,NYM,rcv_tier
2.92,2.13,0.73,0.68,,34,6,3.24,4.93,5,18.7,93.2,17.7,681035,37.4,29.6,33,33.7,82.6,Low,R,Christian Scott,NYM,rcv_tier
3.3,3.33,1.03,0.68,,28.2,9,3.4,4.85,9,49.7,102,46.3,681035,51.5,48.6,53.4,60.3,90.8,Mid,R,Christian Scott,NYM,rcv_tier
7.36,2.28,0,0.68,,33.3,16.7,5.4,3.67,1,75.2,110.3,54.5,681035,71.8,74.6,68.1,58.1,89,High,R,Christian Scott,NYM,obr_tier
3.45,3.23,0.9,0.68,,28.4,9.9,3.24,4.69,15,38,99.6,35.3,681035,43.8,39.5,45.3,53,84.7,Low,R,Christian Scott,NYM,obr_tier
4.35,4.55,1.31,0.68,,23.1,12.1,4.05,5.17,4,68.1,104.6,48.9,681035,45,57.1,61.3,77.7,90.8,Mid,R,Christian Scott,NYM,obr_tier
3.8,3.48,0.95,0.68,,27.4,10.7,3.51,4.73,20,45.9,101.1,39,681035,45.5,44.8,49.7,58.2,86.2,R,R,Christian Scott,NYM,hand
3.98,3.14,0.87,0.68,,29.1,10.1,4.25,4.73,11,43.5,100.7,37.1,681035,45.8,45,48.9,55.6,86.5,away,R,Christian Scott,NYM,location
3.59,3.9,1.05,0.68,,25.4,11.4,2.6,4.74,9,48.8,101.6,41.2,681035,45.1,44.5,50.6,61.4,85.8,home,R,Christian Scott,NYM,location
8.76,8.37,2.92,0.75,,6.7,11.7,10.8,4.11,3,95.2,113.7,56,681190,68.8,97.6,82.8,76,76.7,High,R,Randy Vásquez,SDP,osi_tier
3.69,3.95,0.95,0.75,,15.1,5.8,3.96,5.04,15,31.4,95.8,22.5,681190,41.5,38.4,41.3,44.6,78.6,Low,R,Randy Vásquez,SDP,osi_tier
1.57,3.01,0.39,0.75,,20.7,8,1.8,5.75,4,53.2,107.6,42.6,681190,41.4,53.7,58.3,75.6,86.5,Mid,R,Randy Vásquez,SDP,osi_tier
8.59,8.28,2.45,0.75,,0,10.8,11.7,3.67,2,98.5,116.8,57.3,681190,71.1,99.9,85.8,80.2,62,High,R,Randy Vásquez,SDP,abq_tier
3.4,3.76,0.87,0.75,,16.9,6.3,3.7,5.15,18,35.2,98.9,27.1,681190,40.2,41.5,44.8,51.8,80.3,Low,R,Randy Vásquez,SDP,abq_tier
4.09,5.65,1.64,0.75,,11.6,9.3,4.5,5.5,2,69.5,97.2,36.5,681190,64.3,68.2,61.7,52.5,93,Mid,R,Randy Vásquez,SDP,abq_tier
3.51,4.61,1.1,0.75,,12.7,7.9,4.73,5.12,8,59.6,108.9,40.8,681190,46.8,60.1,62.4,76,77.5,High,R,Randy Vásquez,SDP,rcv_tier
3.8,4.16,1.14,0.75,,14.7,5.1,4.2,5.26,9,25.5,91.5,16.3,681190,41.9,36.9,36.2,31.3,81.6,Low,R,Randy Vásquez,SDP,rcv_tier
4.37,3.76,0.79,0.75,,19.8,9.4,4.68,4.53,5,52.6,102.7,40.5,681190,48.7,54.1,55.4,61.7,80.2,Mid,R,Randy Vásquez,SDP,rcv_tier
8.76,8.37,2.92,0.75,,6.7,11.7,10.8,4.11,3,95.2,113.7,56,681190,68.8,97.6,82.8,76,76.7,High,R,Randy Vásquez,SDP,obr_tier
3.29,3.74,0.82,0.75,,16.1,6.2,3.6,5.16,17,34.2,98.6,25.5,681190,41.6,39.9,44.6,52,78.9,Low,R,Randy Vásquez,SDP,obr_tier
2.45,3.65,0.82,0.75,,17.8,6.7,2.7,5.5,2,51,95.3,36.9,681190,40.8,55.9,47.8,43.6,91.5,Mid,R,Randy Vásquez,SDP,obr_tier
3.81,4.24,1.05,0.75,,15.1,7,4.5,5.05,22,44.1,100.4,30.7,681190,45.2,49.2,50.1,54.5,79.8,R,R,Randy Vásquez,SDP,hand
3.48,3.87,0.66,0.75,,11.8,6.3,4.42,4.94,11,40,97.8,26.4,681190,43.3,43.5,44.7,47.1,74.7,away,R,Randy Vásquez,SDP,location
4.13,4.6,1.43,0.75,,18.1,7.6,4.58,5.15,11,48.2,102.9,35.1,681190,47.2,54.9,55.4,61.8,84.8,home,R,Randy Vásquez,SDP,location
5.06,5.72,1.69,0.71,,20.3,14.9,4.8,5.33,3,82.8,106.8,64.6,681293,49.6,74.5,68.2,74.2,93,High,R,Spencer Arrighetti,TOR,osi_tier
2.87,3.89,0.77,0.71,,22.6,12.6,3.82,5.88,8,30.3,94.4,18.2,681293,41.6,35.8,37.2,35.7,94.6,Low,R,Spencer Arrighetti,TOR,osi_tier
7.45,5.31,1.86,0.71,,23.3,12,6.69,4.14,7,52.1,103.9,45.9,681293,49.7,48.5,54.6,64.9,78.1,Mid,R,Spencer Arrighetti,TOR,osi_tier
1.5,4.43,1.5,0.71,,21.1,5.3,0,6,1,47,110.2,24.8,681293,75.6,41.1,53.4,51.9,73,High,R,Spencer Arrighetti,TOR,abq_tier
4.8,4.83,1.2,0.71,,22.3,14.9,5.25,5,12,44.4,100.3,33.6,681293,38.4,44.9,46.6,54.5,87.9,Low,R,Spencer Arrighetti,TOR,abq_tier
5.19,4.29,1.38,0.71,,22.9,9.3,5.76,5.2,5,55.2,97.7,46.6,681293,58.5,53.9,54.2,51.3,91,Mid,R,Spencer Arrighetti,TOR,abq_tier
9.38,7.1,2.62,0.71,,21.8,16,7.8,4,6,63.6,106.4,54.8,681293,39.7,57.3,59.4,75.9,80.7,High,R,Spencer Arrighetti,TOR,rcv_tier
2.87,3.89,0.77,0.71,,22.6,12.6,3.82,5.88,8,30.3,94.4,18.2,681293,41.6,35.8,37.2,35.7,94.6,Low,R,Spencer Arrighetti,TOR,rcv_tier
3.43,3.58,0.86,0.71,,22.7,9.1,3.6,5.25,4,57.9,102.3,46.5,681293,64.6,54.9,57.5,55.4,85.5,Mid,R,Spencer Arrighetti,TOR,rcv_tier
0.75,3.27,0.75,0.71,,26.5,10.2,0,6,2,82.4,106.1,70.1,681293,49.7,80.8,68.6,68.4,92.5,High,R,Spencer Arrighetti,TOR,obr_tier
4.71,4.45,1.38,0.71,,23.7,10.8,5.4,5.42,12,37.2,99,28.2,681293,46.9,38.7,44,47.7,91.6,Low,R,Spencer Arrighetti,TOR,obr_tier
7.8,6.63,1.2,0.71,,15.4,21.8,6.75,3.75,4,61.2,100.8,45.5,681293,41.6,55.7,54.8,63.2,74.8,Mid,R,Spencer Arrighetti,TOR,obr_tier
4.7,4.65,1.27,0.71,,22.4,12.8,5.1,5.11,18,47.6,100.2,36.7,681293,46.1,47.2,49.1,53.5,87.9,R,R,Spencer Arrighetti,TOR,hand
5.98,5.18,1.16,0.71,,19.3,15.7,6.3,4.67,10,50.6,98.2,36.1,681293,45.3,46.9,48.7,53.3,87.5,away,R,Spencer Arrighetti,TOR,location
3.38,4.11,1.39,0.71,,26.2,9.3,3.6,5.67,8,43.8,102.6,37.5,681293,47,47.6,49.6,53.7,88.5,home,R,Spencer Arrighetti,TOR,location
16.2,4.3,0,0.96,,18.2,18.2,14.4,1.67,1,75.2,110.3,54.5,681343,71.8,74.6,68.1,58.1,54,High,R,Shane Smith,CHW,osi_tier
21,8.77,3,0.96,,5.3,10.5,14.4,3,1,40.7,103.1,38.9,681343,44.1,36,48.1,64.9,72,Low,R,Shane Smith,CHW,osi_tier
0,2.83,0,0.96,,42.1,26.3,1.8,3.67,1,56.8,103.9,44.2,681343,38.6,65.5,61.9,74.6,99,Mid,R,Shane Smith,CHW,osi_tier
16.2,4.3,0,0.96,,18.2,18.2,14.4,1.67,1,75.2,110.3,54.5,681343,71.8,74.6,68.1,58.1,54,High,R,Shane Smith,CHW,abq_tier
9.45,5.5,1.35,0.96,,23.7,18.4,8.1,3.33,2,48.8,103.5,41.5,681343,41.3,50.7,55,69.8,85.5,Low,R,Shane Smith,CHW,abq_tier
0,2.83,0,0.96,,42.1,26.3,1.8,3.67,1,56.8,103.9,44.2,681343,38.6,65.5,61.9,74.6,99,High,R,Shane Smith,CHW,rcv_tier
19.29,7.17,1.93,0.96,,10,13.3,14.4,2.33,2,58,106.7,46.7,681343,58,55.3,58.1,61.5,63,Mid,R,Shane Smith,CHW,rcv_tier
16.2,4.3,0,0.96,,18.2,18.2,14.4,1.67,1,75.2,110.3,54.5,681343,71.8,74.6,68.1,58.1,54,High,R,Shane Smith,CHW,obr_tier
21,8.77,3,0.96,,5.3,10.5,14.4,3,1,40.7,103.1,38.9,681343,44.1,36,48.1,64.9,72,Low,R,Shane Smith,CHW,obr_tier
0,2.83,0,0.96,,42.1,26.3,1.8,3.67,1,56.8,103.9,44.2,681343,38.6,65.5,61.9,74.6,99,Mid,R,Shane Smith,CHW,obr_tier
10.8,5.26,1.08,0.96,,22.4,18.4,10.2,2.78,3,57.6,105.8,45.9,681343,51.5,58.7,59.4,65.9,75,R,R,Shane Smith,CHW,hand
19.29,7.17,1.93,0.96,,10,13.3,14.4,2.33,2,58,106.7,46.7,681343,58,55.3,58.1,61.5,63,away,R,Shane Smith,CHW,location
0,2.83,0,0.96,,42.1,26.3,1.8,3.67,1,56.8,103.9,44.2,681343,38.6,65.5,61.9,74.6,99,home,R,Shane Smith,CHW,location
8.68,7.92,3.86,0.86,,23.9,10.9,12.6,4.67,2,79.9,106.4,70.2,681347,44.7,68.9,66.9,80.3,87.5,High,R,Mike Burrows,HOU,osi_tier
5.09,4.54,1.54,0.86,,19,6.5,5.58,5.83,10,31.8,94.8,25.7,681347,41.4,36.3,37.8,37,92.8,Low,R,Mike Burrows,HOU,osi_tier
7.27,6.98,2.42,0.86,,12.8,11.2,6.84,5.2,5,48.1,105.6,39,681347,43.1,45.9,52.5,66.7,91.4,Mid,R,Mike Burrows,HOU,osi_tier
6.31,5.65,2.07,0.86,,17.6,8.6,7.08,5.51,15,43.7,99.8,32.4,681347,39.9,44.9,46.1,51.8,91.7,Low,R,Mike Burrows,HOU,abq_tier
4.09,4.83,1.64,0.86,,17.8,6.7,4.5,5.5,2,31.7,95.5,53.6,681347,60.4,28.1,41.6,43.7,92.5,Mid,R,Mike Burrows,HOU,abq_tier
7.71,7.62,2.97,0.86,,15,11.6,8.7,5.06,6,58.7,107.5,46.9,681347,40.7,53.6,57.3,73.5,90,High,R,Mike Burrows,HOU,rcv_tier
3.43,4.1,1.29,0.86,,19.2,5.8,4.11,6,7,26.3,92.1,21,681347,41.1,33,33.7,29.4,91.6,Low,R,Mike Burrows,HOU,rcv_tier
8.86,5.49,2.11,0.86,,19,8,8.55,5.33,4,45.5,99.6,41,681347,46.8,44.4,48.5,54.4,94.8,Mid,R,Mike Burrows,HOU,rcv_tier
3.6,6.9,3.6,0.86,,38.1,14.3,3.6,5,1,76.2,104.6,86.8,681347,40.2,76.1,66.6,74.6,92,High,R,Mike Burrows,HOU,obr_tier
6.01,5.53,1.96,0.86,,16.7,8,6.23,5.64,13,36,100.1,30.2,681347,41.3,37.6,43.3,51.2,92.8,Low,R,Mike Burrows,HOU,obr_tier
7.04,5.25,1.76,0.86,,16,8,10.2,5.11,3,58,93.9,37.6,681347,47.2,55.1,48.3,41.3,87,Mid,R,Mike Burrows,HOU,obr_tier
6.05,5.56,2.02,0.86,,17.7,8.4,6.78,5.51,17,42.3,99.3,34.9,681347,42.3,42.9,45.5,50.8,91.8,R,R,Mike Burrows,HOU,hand
5.13,5.26,1.88,0.86,,14.9,5.7,7,5.85,9,38.7,97.8,32.3,681347,46,40.2,43.4,45,91.6,away,R,Mike Burrows,HOU,location
7.24,5.93,2.2,0.86,,20.9,11.5,6.52,5.12,8,46.3,101,37.7,681347,38.1,46,48,57.3,92,home,R,Mike Burrows,HOU,location
1.23,1.87,0,0.73,,22.7,6.1,0.6,4.89,3,84.1,108.5,53.8,681517,63.4,81.9,69.8,60.8,83,High,R,Kyle Leahy,STL,osi_tier
3.42,3.51,0.94,0.73,,21.5,6.6,3.12,5.09,15,30.3,92,22.7,681517,39.6,34,36.9,38.4,84.7,Low,R,Kyle Leahy,STL,osi_tier
3.29,3.99,1.17,0.73,,21.6,8,3.15,4.79,8,48.8,104.5,42.6,681517,44.5,49.3,54,66.3,77.1,Mid,R,Kyle Leahy,STL,osi_tier
1.69,2.35,0,0.73,,20,8,0,5.33,1,75.2,110.3,54.5,681517,71.8,74.6,68.1,58.1,94,High,R,Kyle Leahy,STL,abq_tier
3.95,3.82,1.25,0.73,,23.4,7.1,3.6,4.91,19,36,96.5,26.4,681517,37.5,39.9,42.2,48.3,82.7,Low,R,Kyle Leahy,STL,abq_tier
0.88,2.58,0,0.73,,16.3,6.5,0.9,5.11,6,56.5,99.6,47.8,681517,59.3,53,54.2,52.2,78.7,Mid,R,Kyle Leahy,STL,abq_tier
5.01,6.06,3.09,0.73,,24,4.8,4.32,4.67,5,48.7,109.1,38.6,681517,37.7,46.8,53.6,72.8,78,High,R,Kyle Leahy,STL,rcv_tier
3.08,3.1,0.73,0.73,,22,6,2.7,5.11,12,27.7,89,19.6,681517,39.2,33,34.1,31.7,84.3,Low,R,Kyle Leahy,STL,rcv_tier
2.22,2.61,0,0.73,,19.9,9.4,2.2,4.96,9,58,103.1,45.9,681517,53.6,57.7,57.6,60.5,81.7,Mid,R,Kyle Leahy,STL,rcv_tier
1.23,1.87,0,0.73,,22.7,6.1,0.6,4.89,3,84.1,108.5,53.8,681517,63.4,81.9,69.8,60.8,83,High,R,Kyle Leahy,STL,obr_tier
3.43,3.79,1.17,0.73,,21.3,6.2,3.15,4.98,20,35.4,96.7,29.2,681517,40.7,37.1,42,48.6,82,Low,R,Kyle Leahy,STL,obr_tier
3,2.83,0,0.73,,22.6,12.9,3,5,3,45.8,94.1,32.4,681517,45.6,53.7,48.5,44.8,82.3,Mid,R,Kyle Leahy,STL,obr_tier
3.13,3.46,0.9,0.73,,21.7,7,2.84,4.97,26,42.2,97.7,32.4,681517,43.9,44.2,46,49.6,82.2,R,R,Kyle Leahy,STL,hand
3.38,4.14,1.47,0.73,,23.3,7,2.55,5.11,12,40.6,99.1,32.3,681517,40.7,40.5,44.9,53,86.1,away,R,Kyle Leahy,STL,location
2.91,2.85,0.4,0.73,,20.1,6.9,3.09,4.86,14,43.6,96.6,32.4,681517,46.6,47.4,46.9,46.6,78.9,home,R,Kyle Leahy,STL,location
9,5.1,0,0.77,,9.1,18.2,8.1,1,2,46.5,99.1,37.1,681810,41.8,45.7,47.8,54.6,26,Low,R,Austin Warren,NYM,osi_tier
9,5.1,0,0.77,,9.1,18.2,8.1,1,2,46.5,99.1,37.1,681810,41.8,45.7,47.8,54.6,26,Low,R,Austin Warren,NYM,abq_tier
9,5.1,0,0.77,,9.1,18.2,8.1,1,2,46.5,99.1,37.1,681810,41.8,45.7,47.8,54.6,26,Mid,R,Austin Warren,NYM,rcv_tier
9,5.1,0,0.77,,9.1,18.2,8.1,1,2,46.5,99.1,37.1,681810,41.8,45.7,47.8,54.6,26,Low,R,Austin Warren,NYM,obr_tier
9,5.1,0,0.77,,9.1,18.2,8.1,1,2,46.5,99.1,37.1,681810,41.8,45.7,47.8,54.6,26,R,R,Austin Warren,NYM,hand
0,3.1,0,0.77,,0,0,1.8,1,1,41,104.4,35.9,681810,43.9,42.2,47.8,57.1,19,away,R,Austin Warren,NYM,location
18,7.1,0,0.77,,14.3,28.6,14.4,1,1,52,93.8,38.4,681810,39.8,49.1,47.9,52.2,33,home,R,Austin Warren,NYM,location
4.15,1.72,0,0.76,,31.6,10.5,9,4.33,1,83.5,120.7,53.6,682052,51.1,78.3,81.1,105.7,84,High,L,Jacob Lopez,ATH,osi_tier
4.47,5.18,1.55,0.76,,19.7,12,4.14,5.23,10,34.9,101.2,22.5,682052,41.6,33.9,44.2,58,91.2,Low,L,Jacob Lopez,ATH,osi_tier
4.76,4.92,1.82,0.76,,24.9,10.4,5.8,4.41,9,52.9,100.1,42.7,682052,44.7,61.6,58.8,65.6,79.6,Mid,L,Jacob Lopez,ATH,osi_tier
2.57,3.96,1.29,0.76,,18.5,3.7,1.8,7,1,47,94,24.8,682052,79.8,37.7,48.3,38.1,93,High,L,Jacob Lopez,ATH,abq_tier
4.58,4.97,1.49,0.76,,22,12.6,5.29,4.63,17,45.4,102.4,33.7,682052,39.1,46.8,51.8,66.7,83.9,Low,L,Jacob Lopez,ATH,abq_tier
5.91,5.16,2.53,0.76,,26.5,6.1,5.4,5.33,2,45.5,99.8,32.7,682052,62.9,68.7,61.5,52.3,96.5,Mid,L,Jacob Lopez,ATH,abq_tier
5.89,3.7,0.98,0.76,,26.2,11.2,9,3.67,5,66.5,105.8,56.7,682052,36.9,62.4,63.7,84.2,68.6,High,L,Jacob Lopez,ATH,rcv_tier
3.97,5.13,1.59,0.76,,15.5,8.2,3.6,5.67,4,45.9,91,33.2,682052,58.1,51.9,49.8,41.6,91.5,Low,L,Jacob Lopez,ATH,rcv_tier
4.39,5.23,1.79,0.76,,23.7,12.4,3.93,5.03,11,35.7,103.7,22.5,682052,41.2,41.1,48.6,62.6,91.2,Mid,L,Jacob Lopez,ATH,rcv_tier
7.71,2.84,0.77,0.76,,30.4,10.7,11.4,3.89,3,68.3,113,56.7,682052,50.5,75.4,72.7,85.4,79,High,L,Jacob Lopez,ATH,obr_tier
4.33,5.08,1.5,0.76,,19.7,11.7,4.42,4.91,11,37.1,101.2,25.5,682052,40.8,35.1,45.2,59.9,84,Low,L,Jacob Lopez,ATH,obr_tier
3.82,5.42,2.05,0.76,,23.7,10.7,3.3,5.11,6,49.3,97,35.6,682052,45,60,56.3,60.1,91.8,Mid,L,Jacob Lopez,ATH,obr_tier
4.58,4.92,1.59,0.76,,22.3,11.3,5.13,4.82,20,45.5,101.7,33.2,682052,43.5,48.6,52.6,63.8,85.6,L,L,Jacob Lopez,ATH,hand
4.02,5.23,1.72,0.76,,20.9,11.2,3.96,4.7,10,40.6,99.4,30.4,682052,37.1,41.7,46.7,59.4,83,away,L,Jacob Lopez,ATH,location
5.11,4.62,1.46,0.76,,23.6,11.4,6.3,4.93,10,50.3,104,35.9,682052,49.9,55.5,58.5,68.2,88.2,home,L,Jacob Lopez,ATH,location
4.61,3.9,0,0.83,,18,18,4.8,4.56,3,18.9,90.5,16.5,682227,33.6,27.9,33.4,39.6,81.3,Low,L,Brandon Williamson,CIN,osi_tier
6.86,6.76,2.29,0.83,,14.3,12.1,6.75,4.92,4,47.3,91.3,33.8,682227,47.1,45.3,51.5,61.7,90.2,Mid,L,Brandon Williamson,CIN,osi_tier
10.38,6.79,2.08,0.83,,13.6,13.6,9,4.33,1,47,94,24.8,682227,77.1,41.9,54.5,52.9,87,High,L,Brandon Williamson,CIN,abq_tier
5.28,5.41,1.24,0.83,,16.2,14.6,5.4,4.83,6,33.2,90.4,26.7,682227,35.4,37.2,42,52.1,86.3,Low,L,Brandon Williamson,CIN,abq_tier
6.3,7.8,2.7,0.83,,11.1,13.3,6.3,5,2,48.1,92.3,38.4,682227,35.2,44.9,51.5,70.8,93.5,High,L,Brandon Williamson,CIN,rcv_tier
9,5.39,0,0.83,,18.9,27,7.2,3.5,2,8,89.9,5.2,682227,28.3,23.9,26.1,26.9,75.5,Low,L,Brandon Williamson,CIN,rcv_tier
4.41,4.32,1.1,0.83,,17.1,8.6,4.8,5.44,3,44.6,90.8,32.5,682227,54.1,42.5,50.3,56.7,89,Mid,L,Brandon Williamson,CIN,rcv_tier
6.11,5.74,1.29,0.83,,14.8,15.6,6,4.67,6,33.3,91.7,25.2,682227,41.4,35.9,43,52.2,86.3,Low,L,Brandon Williamson,CIN,obr_tier
5.06,4.79,1.69,0.83,,20.8,8.3,5.4,5.33,1,46.2,86.5,33.8,682227,41,49.5,48.4,52.4,87,Mid,L,Brandon Williamson,CIN,obr_tier
5.94,5.59,1.35,0.83,,15.8,14.5,5.91,4.76,7,35.2,91,26.4,682227,41.3,37.9,43.7,52.2,86.4,L,L,Brandon Williamson,CIN,hand
3.31,4.26,0.55,0.83,,13,11.6,3.6,5.44,3,45.9,92.6,33.4,682227,54.2,41,51.5,61.6,91,away,L,Brandon Williamson,CIN,location
8.47,6.86,2.12,0.83,,18.1,16.9,7.65,4.25,4,27.1,89.7,21.1,682227,31.7,35.5,38,45.2,83,home,L,Brandon Williamson,CIN,location
7.04,6.06,2.35,0.7,,20.8,10.4,8.1,5.75,4,80.9,107.7,62.1,682243,55.9,75.8,69.2,71.2,94,High,R,Bryce Miller,SEA,osi_tier
3.14,3.87,1.26,0.7,,20,5,2.92,5.38,8,36.2,96,22,682243,42.2,36.4,41.7,47.5,79.2,Low,R,Bryce Miller,SEA,osi_tier
2.93,3.21,1.3,0.7,,34,6.8,3.24,5.53,5,55,106.9,46,682243,41.7,49.6,56.3,74.5,87.2,Mid,R,Bryce Miller,SEA,osi_tier
9.64,5.89,1.93,0.7,,13,8.7,10.8,4.67,1,75.2,110.3,54.5,682243,71.8,74.6,68.1,58.1,92,High,R,Bryce Miller,SEA,abq_tier
3.5,3.89,1.47,0.7,,24.3,5,3.6,5.69,14,48.1,102.1,37.6,682243,40.7,45.2,50.2,62.5,84.2,Low,R,Bryce Miller,SEA,abq_tier
5.79,6.1,1.93,0.7,,28.2,20.5,5.4,4.67,2,69.5,97.2,36.5,682243,64.3,67.1,61,51.9,87.5,Mid,R,Bryce Miller,SEA,abq_tier
3.42,3.76,1.54,0.7,,27.3,4.9,3.4,5.85,9,55.8,106.1,45.8,682243,40.4,50.1,56.5,75.3,87.6,High,R,Bryce Miller,SEA,rcv_tier
2.33,3.1,1,0.7,,23.8,3,1.8,5.4,5,36.4,91.6,19,682243,45.8,38.4,38.8,34.5,76.2,Low,R,Bryce Miller,SEA,rcv_tier
9.64,8.03,2.57,0.7,,15.1,17.8,10.8,4.67,3,68.1,107,48.9,682243,59.2,66.6,63.3,62.6,92.3,Mid,R,Bryce Miller,SEA,rcv_tier
9.6,6.83,2.4,0.7,,18.6,14.3,10.2,5,3,80,107.5,64.9,682243,58.2,80.4,69.9,66.3,95,High,R,Bryce Miller,SEA,obr_tier
3.58,4.02,1.46,0.7,,23.8,6.2,3.6,5.53,10,41.5,102.5,29.2,682243,41.3,38,47.5,62.9,86.7,Low,R,Bryce Miller,SEA,obr_tier
1.54,2.97,1.16,0.7,,29.3,2.4,1.35,5.83,4,58.3,96.5,41.9,682243,45.5,55.2,51.8,52.4,73.5,Mid,R,Bryce Miller,SEA,obr_tier
4.04,4.21,1.54,0.7,,24,6.9,4.24,5.51,17,52.2,102,38.5,682243,45.3,49.6,52.5,61,85.1,R,R,Bryce Miller,SEA,hand
4.8,4.64,1.78,0.7,,20.7,5.6,5,5.63,9,55.1,104.3,43.3,682243,45.5,52,54.2,62.8,85.8,away,R,Bryce Miller,SEA,location
3.14,3.7,1.26,0.7,,28.3,8.4,3.38,5.38,8,49,99.3,33.1,682243,45,46.7,50.6,59,84.2,home,R,Bryce Miller,SEA,location
0,1.1,0,0.56,,25,0,0,1,1,83.5,120.7,53.6,682254,48.4,74.2,76.8,100.1,11,High,L,Mason Montgomery,PIT,osi_tier
0,1.1,0,0.56,,50,20,1.8,1,2,25.5,85.8,28.5,682254,37.5,35.1,32.7,26.4,19.5,Low,L,Mason Montgomery,PIT,osi_tier
0,2.6,0,0.56,,28.6,14.3,0,1,2,48.9,90,37.1,682254,55.3,62.1,55.7,48.6,10.5,Mid,L,Mason Montgomery,PIT,osi_tier
0,1.1,0,0.56,,41.2,11.8,0.9,1,4,46.6,96.7,37.2,682254,43.9,52.6,50.7,53.6,14.2,Low,L,Mason Montgomery,PIT,abq_tier
0,4.1,0,0.56,,25,25,0,1,1,45.8,85.6,35.8,682254,58.5,58.4,50.5,35.8,14,Mid,L,Mason Montgomery,PIT,abq_tier
0,1.1,0,0.56,,25,0,0,1,1,83.5,120.7,53.6,682254,48.4,74.2,76.8,100.1,11,High,L,Mason Montgomery,PIT,rcv_tier
0,0.6,0,0.56,,50,12.5,1.8,1,2,24.3,82.9,19.9,682254,43.5,45.4,35.3,18.1,14,Low,L,Mason Montgomery,PIT,rcv_tier
0,3.1,0,0.56,,33.3,22.2,0,1,2,50.1,93,45.6,682254,49.3,51.8,53,57,16,Mid,L,Mason Montgomery,PIT,rcv_tier
0,1.1,0,0.56,,25,0,0,1,1,83.5,120.7,53.6,682254,48.4,74.2,76.8,100.1,11,High,L,Mason Montgomery,PIT,obr_tier
0,1.1,0,0.56,,50,20,1.8,1,2,25.5,85.8,28.5,682254,37.5,35.1,32.7,26.4,19.5,Low,L,Mason Montgomery,PIT,obr_tier
0,2.6,0,0.56,,28.6,14.3,0,1,2,48.9,90,37.1,682254,55.3,62.1,55.7,48.6,10.5,Mid,L,Mason Montgomery,PIT,obr_tier
0,1.7,0,0.56,,38.1,14.3,0.72,1,5,46.4,94.5,37,682254,46.8,53.7,50.7,50,14.2,L,L,Mason Montgomery,PIT,hand
0,4.6,0,0.56,,30,30,0,1,2,47,88.5,44.3,682254,52.5,48.2,47.8,44.2,19.5,away,L,Mason Montgomery,PIT,location
0,-0.23,0,0.56,,45.5,0,1.2,1,3,46.1,98.5,32,682254,43,57.4,52.6,54,10.7,home,L,Mason Montgomery,PIT,location
4,4.6,1.5,0.74,,23.1,10.3,4.5,4.5,4,90.2,112.9,55.6,683003,68.5,90.3,77.8,70.3,82,High,R,Jared Jones,PIT,osi_tier
4.69,3.57,1.12,0.74,,26.9,9.1,4.6,4.48,9,35.8,92.1,23.6,683003,43.8,42.1,41.4,38.9,73.8,Low,R,Jared Jones,PIT,osi_tier
6.28,4.84,2.51,0.74,,30.5,5.1,6.6,4.78,3,48.1,104.8,39.1,683003,46.9,48,55,68.8,76.3,Mid,R,Jared Jones,PIT,osi_tier
5.25,4.85,1.5,0.74,,22.8,12.3,6,4,3,90.7,114.7,56.4,683003,70.5,90.3,78.9,72,81.7,High,R,Jared Jones,PIT,abq_tier
6.45,4.85,1.91,0.74,,24.9,9.2,6.2,4.19,9,35.8,95.3,24.6,683003,39.7,42.3,42.6,45.1,73.9,Low,R,Jared Jones,PIT,abq_tier
1.96,2.4,0.78,0.74,,32.9,4.9,1.35,5.75,4,58.2,98.4,40.4,683003,60.1,57.8,57,54,77.8,Mid,R,Jared Jones,PIT,abq_tier
5.91,4.93,1.69,0.74,,23.5,11.2,6.12,4.27,5,66.9,109.7,41.1,683003,52.3,66.6,65.1,72.6,77.6,High,R,Jared Jones,PIT,rcv_tier
5.28,3.65,1.17,0.74,,28.2,9.9,5.14,4.38,7,32.7,90,21.1,683003,45.5,41.1,39.4,33.1,72,Low,R,Jared Jones,PIT,rcv_tier
3.05,3.83,1.74,0.74,,27.7,3.6,3.15,5.17,4,66,104.1,49.8,683003,57.3,65.8,61.9,60.8,82.2,Mid,R,Jared Jones,PIT,rcv_tier
4,4.6,1.5,0.74,,23.1,10.3,4.5,4.5,4,90.2,112.9,55.6,683003,68.5,90.3,77.8,70.3,82,High,R,Jared Jones,PIT,obr_tier
5.44,3.89,1.45,0.74,,27.1,7.9,5.4,4.52,11,38.3,96.1,27.3,683003,44.2,42.5,45.1,48.8,73.5,Low,R,Jared Jones,PIT,obr_tier
1.8,4.1,1.8,0.74,,35,10,1.8,5,1,45.2,86.8,29.6,683003,49.1,54.9,41.3,20.2,85,Mid,R,Jared Jones,PIT,obr_tier
4.83,4.08,1.49,0.74,,26.6,8.7,4.95,4.54,16,51.7,99.7,34.5,683003,50.6,55.2,53,52.4,76.3,R,R,Jared Jones,PIT,hand
4.28,3.93,1.34,0.74,,27,9.9,4.5,4.21,8,47.2,101,33.2,683003,48.2,52.3,51,51.5,74.6,away,R,Jared Jones,PIT,location
5.31,4.2,1.62,0.74,,26.2,7.5,5.4,4.88,8,56.2,98.4,35.8,683003,52.9,58.1,55.1,53.3,78,home,R,Jared Jones,PIT,location
5.65,7.77,3.14,0.77,,20.6,14.7,5.4,4.78,3,87.7,109.7,65.8,683004,53.6,82.2,70.2,68.3,94.3,High,R,Jack Leiter,TEX,osi_tier
5.23,4.6,1.38,0.77,,20,9.7,6.3,5.44,6,35.2,95.1,22.8,683004,39.3,41.8,39.8,37.9,92.7,Low,R,Jack Leiter,TEX,osi_tier
5.18,3.25,1.09,0.77,,28.2,7.7,5.1,5.5,6,51.2,104.5,42,683004,41.4,47.5,52.1,65.1,93,Mid,R,Jack Leiter,TEX,osi_tier
12.27,11.28,4.91,0.77,,21.1,21.1,9,3.67,1,98.5,116.8,57.3,683004,68.1,95.7,82.2,76.9,93,High,R,Jack Leiter,TEX,abq_tier
5.43,4.26,1.47,0.77,,22.8,7.9,6.05,5.58,11,45.5,101.1,35.1,683004,37.7,47.5,47.4,54.4,92.2,Low,R,Jack Leiter,TEX,abq_tier
3,4.43,1.2,0.77,,26.1,14.5,3,5,3,60.7,99.3,47.7,683004,54.2,54.8,52.7,49.1,96.7,Mid,R,Jack Leiter,TEX,abq_tier
5.94,5.24,1.98,0.77,,22.1,9.2,6.2,5.56,9,57.4,107,43.9,683004,40.9,54.5,56,68.4,92.9,High,R,Jack Leiter,TEX,rcv_tier
6.41,4.37,1.37,0.77,,20.7,8.7,7.2,4.92,4,32.1,90,20.9,683004,41.5,42.5,36.1,25,90.8,Low,R,Jack Leiter,TEX,rcv_tier
0,2.04,0,0.77,,34.8,15.2,0,5.17,2,68.2,101.6,53.6,683004,55.7,60.9,57,53.4,99,Mid,R,Jack Leiter,TEX,rcv_tier
5.65,7.77,3.14,0.77,,20.6,14.7,5.4,4.78,3,87.7,109.7,65.8,683004,53.6,82.2,70.2,68.3,94.3,High,R,Jack Leiter,TEX,obr_tier
5.27,3.85,1.15,0.77,,24.4,9.2,5.4,5.47,10,41.6,100.7,31.5,683004,40.3,42.4,45.6,53.1,91.9,Low,R,Jack Leiter,TEX,obr_tier
4.91,4.28,1.64,0.77,,22.4,6.1,7.2,5.5,2,51,95.3,36.9,683004,40.8,55.9,47.8,43.6,97.5,Mid,R,Jack Leiter,TEX,obr_tier
5.29,4.61,1.57,0.77,,23.4,9.9,5.64,5.33,15,52.1,101.8,39.1,683004,43,52.2,50.8,54.8,93.1,R,R,Jack Leiter,TEX,hand
5.54,4.33,1.38,0.77,,22.7,9.3,5.91,5.57,7,50.1,101.8,34.1,683004,44.7,54.9,52.1,54.1,96.3,away,R,Jack Leiter,TEX,location
5.05,4.88,1.76,0.77,,24,10.4,5.4,5.12,8,53.8,101.8,43.4,683004,41.6,49.8,49.7,55.5,90.4,home,R,Jack Leiter,TEX,location
8.31,4.95,2.08,1.08,,22.2,5.6,9,4.33,1,2.8,94.7,4.1,683155,42.3,43.9,33.4,15,71,Low,R,Joey Estes,ATH,osi_tier
8.31,4.95,2.08,1.08,,22.2,5.6,9,4.33,1,2.8,94.7,4.1,683155,42.3,43.9,33.4,15,71,Low,R,Joey Estes,ATH,abq_tier
8.31,4.95,2.08,1.08,,22.2,5.6,9,4.33,1,2.8,94.7,4.1,683155,42.3,43.9,33.4,15,71,Low,R,Joey Estes,ATH,rcv_tier
8.31,4.95,2.08,1.08,,22.2,5.6,9,4.33,1,2.8,94.7,4.1,683155,42.3,43.9,33.4,15,71,Low,R,Joey Estes,ATH,obr_tier
8.31,4.95,2.08,1.08,,22.2,5.6,9,4.33,1,2.8,94.7,4.1,683155,42.3,43.9,33.4,15,71,R,R,Joey Estes,ATH,hand
8.31,4.95,2.08,1.08,,22.2,5.6,9,4.33,1,2.8,94.7,4.1,683155,42.3,43.9,33.4,15,71,home,R,Joey Estes,ATH,location
9,8.6,2.25,0.77,,7.3,19.5,7.2,4,2,91,111.5,55.5,683352,58.7,78.8,74.7,81.4,75,High,L,Mitch Bratt,ARI,osi_tier
4.81,4.33,0.37,0.77,,13.2,14.2,5.1,4.06,6,34.4,95.2,22.9,683352,40.3,41.4,40.2,38.7,66.7,Low,L,Mitch Bratt,ARI,osi_tier
1.54,4.13,1.54,0.77,,27.7,8.5,1.8,5.83,2,46.2,92.7,30.8,683352,44.9,52.3,54.9,65.1,88,Mid,L,Mitch Bratt,ARI,osi_tier
9,10.43,3,0.77,,0,20,5.4,3,1,98.5,102.3,57.3,683352,68.1,95.7,82.2,76.9,58,High,L,Mitch Bratt,ARI,abq_tier
4.75,4.66,1,0.77,,17.7,12.7,5.18,4.5,8,42.1,99,27.1,683352,40.7,46.1,46.3,50.6,73.2,Low,L,Mitch Bratt,ARI,abq_tier
1.8,4.7,0,0.77,,9.5,19,1.8,5,1,45.8,85.6,35.8,683352,55.3,46.1,47.6,43.8,82,Mid,L,Mitch Bratt,ARI,abq_tier
6.88,7.04,2.12,0.77,,11,13.4,6.3,4.25,4,63.6,103.1,38.5,683352,47,56.7,61.3,76.8,71.5,High,L,Mitch Bratt,ARI,rcv_tier
4.76,4.75,0.53,0.77,,12,14.7,4.95,4.25,4,32.1,96.5,20.9,683352,43.7,44.7,38.1,26.7,73.5,Low,L,Mitch Bratt,ARI,rcv_tier
0.9,2.2,0,0.77,,32.4,13.5,1.8,5,2,49.1,90.5,36.1,683352,43.1,52.6,51.4,55.8,73,Mid,L,Mitch Bratt,ARI,rcv_tier
9,10.43,3,0.77,,0,20,5.4,3,1,98.5,102.3,57.3,683352,68.1,95.7,82.2,76.9,58,High,L,Mitch Bratt,ARI,obr_tier
4.15,4.72,1.04,0.77,,15.9,11.5,3.6,4.33,6,34.6,92.7,22.6,683352,39.8,40.8,42.8,47.3,69.8,Low,L,Mitch Bratt,ARI,obr_tier
4.8,4.57,0.6,0.77,,18.2,16.7,7.2,5,3,58.3,107.1,39,683352,47.5,56.7,53.7,54.9,83,Mid,L,Mitch Bratt,ARI,obr_tier
4.7,5.05,1.02,0.77,,15.5,13.9,4.86,4.4,10,48.1,98,31,683352,44.9,51.1,50,52.5,72.6,L,L,Mitch Bratt,ARI,hand
6.17,5.8,0.77,0.77,,9.2,17.4,6.6,3.89,6,58.5,101.3,38.3,683352,47.7,54.3,54.2,58.6,67.2,away,L,Mitch Bratt,ARI,location
3.05,4.21,1.31,0.77,,23.5,9.4,2.25,5.17,4,32.5,92.9,20,683352,40.7,46.3,43.9,43.4,80.8,home,L,Mitch Bratt,ARI,location
4.63,3.7,0.77,0.68,,12.8,4.3,3,3.89,3,47.2,103.6,28.4,683363,60.7,55.5,56.7,55.4,60.3,Mid,L,Matt Wilkinson,SFG,osi_tier
3,2.77,0,0.68,,18.2,9.1,0,6,1,50.6,111.2,19.7,683363,68.8,42.8,59.5,72.2,90,High,L,Matt Wilkinson,SFG,abq_tier
6.35,4.69,1.59,0.68,,8,0,4.5,2.83,2,45.5,99.8,32.7,683363,56.6,61.8,55.4,47,45.5,Mid,L,Matt Wilkinson,SFG,abq_tier
3,2.77,0,0.68,,18.2,9.1,0,6,1,50.6,111.2,19.7,683363,68.8,42.8,59.5,72.2,90,High,L,Matt Wilkinson,SFG,rcv_tier
0,3.1,0,0.68,,0,0,0,2,1,45.8,85.6,35.8,683363,58.5,58.4,50.5,35.8,25,Low,L,Matt Wilkinson,SFG,rcv_tier
9.82,5.55,2.45,0.68,,11.1,0,9,3.67,1,45.2,114.1,29.6,683363,54.8,65.2,60.2,58.3,66,Mid,L,Matt Wilkinson,SFG,rcv_tier
9.82,5.55,2.45,0.68,,11.1,0,9,3.67,1,45.2,114.1,29.6,683363,54.8,65.2,60.2,58.3,66,High,L,Matt Wilkinson,SFG,obr_tier
3,2.77,0,0.68,,18.2,9.1,0,6,1,50.6,111.2,19.7,683363,68.8,42.8,59.5,72.2,90,Low,L,Matt Wilkinson,SFG,obr_tier
0,3.1,0,0.68,,0,0,0,2,1,45.8,85.6,35.8,683363,58.5,58.4,50.5,35.8,25,Mid,L,Matt Wilkinson,SFG,obr_tier
4.63,3.7,0.77,0.68,,12.8,4.3,3,3.89,3,47.2,103.6,28.4,683363,60.7,55.5,56.7,55.4,60.3,L,L,Matt Wilkinson,SFG,hand
6.35,4.69,1.59,0.68,,8,0,4.5,2.83,2,45.5,99.8,32.7,683363,56.6,61.8,55.4,47,45.5,away,L,Matt Wilkinson,SFG,location
3,2.77,0,0.68,,18.2,9.1,0,6,1,50.6,111.2,19.7,683363,68.8,42.8,59.5,72.2,90,home,L,Matt Wilkinson,SFG,location
0,1.1,0,0.5,,25,0,5.4,1,1,45.2,86.8,29.6,683618,46.1,51.7,38.8,19,21,Low,R,Edgardo Henriquez,LAD,osi_tier
0,1.1,0,0.5,,25,0,5.4,1,1,45.2,86.8,29.6,683618,46.1,51.7,38.8,19,21,Low,R,Edgardo Henriquez,LAD,abq_tier
0,1.1,0,0.5,,25,0,5.4,1,1,45.2,86.8,29.6,683618,46.1,51.7,38.8,19,21,Low,R,Edgardo Henriquez,LAD,rcv_tier
0,1.1,0,0.5,,25,0,5.4,1,1,45.2,86.8,29.6,683618,46.1,51.7,38.8,19,21,Mid,R,Edgardo Henriquez,LAD,obr_tier
0,1.1,0,0.5,,25,0,5.4,1,1,45.2,86.8,29.6,683618,46.1,51.7,38.8,19,21,R,R,Edgardo Henriquez,LAD,hand
0,1.1,0,0.5,,25,0,5.4,1,1,45.2,86.8,29.6,683618,46.1,51.7,38.8,19,21,home,R,Edgardo Henriquez,LAD,location
5.4,3.3,1.8,0.64,,28.6,0,5.4,5,1,48.2,104.6,52.9,683627,52.4,47.1,54.3,64,75,Mid,R,Anthony Molina,SFG,osi_tier
5.4,3.3,1.8,0.64,,28.6,0,5.4,5,1,48.2,104.6,52.9,683627,52.4,47.1,54.3,64,75,Mid,R,Anthony Molina,SFG,abq_tier
5.4,3.3,1.8,0.64,,28.6,0,5.4,5,1,48.2,104.6,52.9,683627,52.4,47.1,54.3,64,75,Mid,R,Anthony Molina,SFG,rcv_tier
5.4,3.3,1.8,0.64,,28.6,0,5.4,5,1,48.2,104.6,52.9,683627,52.4,47.1,54.3,64,75,Low,R,Anthony Molina,SFG,obr_tier
5.4,3.3,1.8,0.64,,28.6,0,5.4,5,1,48.2,104.6,52.9,683627,52.4,47.1,54.3,64,75,R,R,Anthony Molina,SFG,hand
5.4,3.3,1.8,0.64,,28.6,0,5.4,5,1,48.2,104.6,52.9,683627,52.4,47.1,54.3,64,75,away,R,Anthony Molina,SFG,location
5.85,4.7,2.25,0.74,,26.4,5.5,4.95,5,4,91,111.5,55.4,684007,53.2,77.3,71.2,77,89.2,High,L,Shota Imanaga,CHC,osi_tier
3.29,4.42,1.84,0.74,,24.1,4.5,2.7,5.69,12,32.2,90.9,27.6,684007,32.8,35,37,42.4,87.9,Low,L,Shota Imanaga,CHC,osi_tier
4.21,4.97,2.03,0.74,,23.2,6.9,4.42,5.64,11,51.3,99.3,37.1,684007,47.2,56.1,54,56.4,91,Mid,L,Shota Imanaga,CHC,osi_tier
6.35,5.22,1.59,0.74,,14,8,7.2,5.67,2,62.9,100.9,37.1,684007,65.8,56,56.8,51.3,83,High,L,Shota Imanaga,CHC,abq_tier
3.86,4.89,2.18,0.74,,25.1,5.4,3.6,5.62,22,43.1,97.1,33.4,684007,36.9,45.7,46.2,53.5,89.4,Low,L,Shota Imanaga,CHC,abq_tier
3.52,2.64,0.59,0.74,,23.9,6,2.4,5.11,3,80.9,96.7,50.1,684007,60.4,76.7,64.2,52.7,93.7,Mid,L,Shota Imanaga,CHC,abq_tier
4.84,5.59,2.8,0.74,,27.1,5,3.9,5.89,6,66.5,109.4,49.3,684007,40.8,52.5,58.6,78.2,89.3,High,L,Shota Imanaga,CHC,rcv_tier
2.79,3.53,0.93,0.74,,20.1,6,2.6,5.37,9,32.8,87.5,27.4,684007,42,44.6,38.8,30,88.7,Low,L,Shota Imanaga,CHC,rcv_tier
4.46,5.04,2.3,0.74,,25.3,5.8,4.5,5.56,12,51.8,98.8,34.8,684007,41.9,52.6,51.9,58.2,89.9,Mid,L,Shota Imanaga,CHC,rcv_tier
6.68,5.58,2.61,0.74,,23.2,5.8,6.3,5.17,6,85.9,106.8,60.5,684007,52.4,74.4,67.2,69.6,89.5,High,L,Shota Imanaga,CHC,obr_tier
3.1,4.15,1.66,0.74,,25,5.1,2.7,5.81,14,35.5,93.1,28.9,684007,34.8,36,39.4,46.5,88.4,Low,L,Shota Imanaga,CHC,obr_tier
3.79,5.1,2.13,0.74,,22.8,6.8,3.6,5.43,7,43.4,97.9,27.4,684007,46.2,56.7,52.7,52.7,91.1,Mid,L,Shota Imanaga,CHC,obr_tier
4.01,4.68,1.98,0.74,,24,5.7,3.73,5.57,27,48.7,97.4,35.6,684007,41.7,49.9,49,53.2,89.4,L,L,Shota Imanaga,CHC,hand
3.65,4.72,2.06,0.74,,24.9,5.6,3.44,5.15,11,45.7,95.9,34.2,684007,43,50.4,48.9,51.2,87.5,away,L,Shota Imanaga,CHC,location
4.23,4.66,1.92,0.74,,23.5,5.7,3.94,5.85,16,50.8,98.4,36.5,684007,40.8,49.5,49.1,54.6,90.6,home,L,Shota Imanaga,CHC,location
9,10.6,4.5,0.95,,5.3,10.5,10.8,4,1,83.5,120.7,53.6,684442,49.3,61.8,67.2,86,64,High,L,Kohl Drake,ARI,osi_tier
7.88,6.22,3.38,0.95,,27,5.4,6.3,4,2,35.8,88.1,25.6,684442,41.2,33.4,44.2,58.7,75.5,Low,L,Kohl Drake,ARI,osi_tier
4.15,2.75,0,0.95,,15.4,7.7,3.6,4.33,2,46.2,92.7,30.8,684442,44.9,52.3,54.9,65.1,83.5,Mid,L,Kohl Drake,ARI,osi_tier
7.02,5.98,2.16,0.95,,14.5,7.9,6.75,4.17,4,50.5,99.2,32.6,684442,41.6,46.8,54.5,72.4,72,Low,L,Kohl Drake,ARI,abq_tier
4.5,4.1,2.25,0.95,,31.6,5.3,3.6,4,1,45.8,85.6,35.8,684442,55.3,46.1,47.6,43.8,94,Mid,L,Kohl Drake,ARI,abq_tier
6.92,6.72,2.77,0.95,,17.2,8.6,7.2,4.33,3,51.9,103.4,32.3,684442,39.9,43.7,54.3,76.8,68.7,High,L,Kohl Drake,ARI,rcv_tier
4.5,4.1,2.25,0.95,,31.6,5.3,3.6,4,1,45.8,85.6,35.8,684442,55.3,46.1,47.6,43.8,94,Low,L,Kohl Drake,ARI,rcv_tier
7.36,3.37,0,0.95,,5.6,5.6,5.4,3.67,1,46.2,86.5,33.8,684442,46.5,56.2,54.8,59.4,82,Mid,L,Kohl Drake,ARI,rcv_tier
5.54,4.72,2.08,0.95,,25.9,6.9,4.8,4.33,3,39.3,91.7,26.3,684442,41.9,38.5,47.8,62.7,78.7,Low,L,Kohl Drake,ARI,obr_tier
8.22,7.14,2.35,0.95,,5.4,8.1,8.1,3.83,2,64.9,103.6,43.7,684442,47.9,59,61,72.7,73,Mid,L,Kohl Drake,ARI,obr_tier
6.53,5.62,2.18,0.95,,17.9,7.4,6.12,4.13,5,49.5,96.5,33.3,684442,44.3,46.7,53.1,66.7,76.4,L,L,Kohl Drake,ARI,hand
8.25,7.68,3.75,0.95,,19.6,7.1,7.8,4,3,51.7,99,34.9,684442,43.9,42.9,51.9,67.8,71.7,away,L,Kohl Drake,ARI,location
4.15,2.75,0,0.95,,15.4,7.7,3.6,4.33,2,46.2,92.7,30.8,684442,44.9,52.3,54.9,65.1,83.5,home,L,Kohl Drake,ARI,location
0,0.1,0,0.8,,40,0,1.8,1.33,1,15.8,90,21.1,685126,34.6,24.7,30,32.8,23,Low,L,Brandon Eisert,CHW,osi_tier
10.8,9.4,5.4,0.8,,25,6.2,4.8,1.11,3,55.9,91.8,50.5,685126,51.9,51.3,58,70.1,24,Mid,L,Brandon Eisert,CHW,osi_tier
4.5,3.85,2.25,0.8,,33.3,0,3,1.33,3,45.1,91.3,39.9,685126,44.3,42.2,48.1,57.6,24.7,Low,L,Brandon Eisert,CHW,abq_tier
27,24.1,13.5,0.8,,16.7,16.7,7.2,0.67,1,48.2,91.5,52.9,685126,57.6,51.8,59.7,70.3,21,Mid,L,Brandon Eisert,CHW,abq_tier
6.75,5.72,3.38,0.8,,30,0,3.6,1.33,2,59.8,92,49.3,685126,49.1,51,57.2,70,25.5,High,L,Brandon Eisert,CHW,rcv_tier
0,0.1,0,0.8,,40,0,1.8,1.33,1,15.8,90,21.1,685126,34.6,24.7,30,32.8,23,Low,L,Brandon Eisert,CHW,rcv_tier
27,24.1,13.5,0.8,,16.7,16.7,7.2,0.67,1,48.2,91.5,52.9,685126,57.6,51.8,59.7,70.3,21,Mid,L,Brandon Eisert,CHW,rcv_tier
7.71,6.74,3.86,0.8,,28.6,4.8,4.05,1.17,4,45.9,91.4,43.2,685126,47.6,44.6,51,60.8,23.8,Low,L,Brandon Eisert,CHW,obr_tier
7.71,6.74,3.86,0.8,,28.6,4.8,4.05,1.17,4,45.9,91.4,43.2,685126,47.6,44.6,51,60.8,23.8,L,L,Brandon Eisert,CHW,hand
6.75,4.97,3.38,0.8,,36.4,0,2.7,1.33,2,37.8,91,35.2,685126,40.7,36.6,42.2,49.8,27.5,away,L,Brandon Eisert,CHW,location
9,9.1,4.5,0.8,,20,10,5.4,1,2,54,91.7,51.1,685126,54.5,52.6,59.8,71.8,20,home,L,Brandon Eisert,CHW,location
1.5,3.1,0.75,0.86,,16.7,2.1,1.8,6,2,91,112.6,55.5,685299,58.7,78.8,74.7,81.4,85,High,R,Tanner Gordon,COL,osi_tier
7.71,6.4,2.7,0.86,,14.2,5.3,9.36,4.67,5,32.8,100.9,24.2,685299,27.7,22.1,33.9,51.8,81.2,Low,R,Tanner Gordon,COL,osi_tier
1.8,2.5,0,0.86,,16.7,5.6,1.8,5,1,56.8,103.9,44.2,685299,25.4,43.2,40.8,49.2,60,Mid,R,Tanner Gordon,COL,osi_tier
1.8,2.5,0,0.86,,14.3,4.8,1.8,5,1,98.5,116.8,57.3,685299,68.1,95.7,82.2,76.9,80,High,R,Tanner Gordon,COL,abq_tier
5.1,5.17,2.1,0.86,,16.7,3.8,7.2,5,6,43.1,103.6,30.5,685299,28.9,30.3,40.5,60.4,79,Low,R,Tanner Gordon,COL,abq_tier
8.44,5.91,1.69,0.86,,7.7,7.7,7.2,5.33,1,45.8,94.7,35.8,685299,40.1,33.4,34.5,31.7,82,Mid,R,Tanner Gordon,COL,abq_tier
3.9,4.9,1.8,0.86,,16.3,4.7,6,5,6,52.8,105.9,33.6,685299,34.9,41.9,48.4,65.4,80,High,R,Tanner Gordon,COL,rcv_tier
8.44,5.91,1.69,0.86,,7.7,7.7,7.2,5.33,1,45.8,94.7,35.8,685299,40.1,33.4,34.5,31.7,82,Low,R,Tanner Gordon,COL,rcv_tier
9,4.1,1.8,0.86,,16.7,0,9,5,1,40.7,103.1,38.9,685299,32,26.1,34.9,47,74,Mid,R,Tanner Gordon,COL,rcv_tier
1.8,2.5,0,0.86,,14.3,4.8,1.8,5,1,98.5,116.8,57.3,685299,68.1,95.7,82.2,76.9,80,High,R,Tanner Gordon,COL,obr_tier
7.71,6.4,2.7,0.86,,14.2,5.3,9.36,4.67,5,32.8,100.9,24.2,685299,27.7,22.1,33.9,51.8,81.2,Low,R,Tanner Gordon,COL,obr_tier
1.5,3.1,0.75,0.86,,17.8,2.2,1.8,6,2,70.2,106.1,48.9,685299,37.4,52.5,54,67.6,75,Mid,R,Tanner Gordon,COL,obr_tier
5.13,4.93,1.79,0.86,,15.1,4.5,6.52,5.04,8,50.4,104.2,34.5,685299,35.2,38.9,45,58.9,79.5,R,R,Tanner Gordon,COL,hand
1.59,3.92,1.06,0.86,,12.7,2.8,1.8,5.67,3,69.3,109.1,42.1,685299,48.2,59.4,63.4,78.8,83.7,away,R,Tanner Gordon,COL,location
7.71,5.67,2.31,0.86,,16.7,5.6,9.36,4.67,5,39,101.2,29.9,685299,27.4,26.6,33.9,46.9,77,home,R,Tanner Gordon,COL,location
3.75,3.18,0.75,0.8,,23.5,7.8,3.6,6,2,86,107.9,53.5,686218,54,73.2,68.6,73.7,99.5,High,R,Emmet Sheehan,LAD,osi_tier
5.53,4.57,2.05,0.8,,26.9,6.2,4.95,4.75,12,30.9,92.8,17.6,686218,43.1,35.6,38.3,38,83.1,Low,R,Emmet Sheehan,LAD,osi_tier
5.47,4.96,2.05,0.8,,26.1,9.2,3.9,4.39,6,50.4,101,42.2,686218,42.9,53.2,54.4,64,83.7,Mid,R,Emmet Sheehan,LAD,osi_tier
5.97,5.21,2.21,0.8,,24.3,8.1,5.16,4.62,15,37.2,97.5,27,686218,38.7,42.1,44.1,50.1,82.2,Low,R,Emmet Sheehan,LAD,abq_tier
3.46,2.64,1.04,0.8,,32,4.9,2.52,5.2,5,57.7,94.5,33.1,686218,60.4,52.1,52.5,47.3,93,Mid,R,Emmet Sheehan,LAD,abq_tier
6.75,5.7,2.25,0.8,,21.7,9.8,5.4,5,4,56.3,104.6,42,686218,36.8,48,55.3,76.8,90.5,High,R,Emmet Sheehan,LAD,rcv_tier
5.63,4.55,1.94,0.8,,25.9,6.6,4.86,4.63,10,29.3,91.8,15.7,686218,45,35.8,37.1,33.1,80.3,Low,R,Emmet Sheehan,LAD,rcv_tier
3.72,3.62,1.55,0.8,,30.1,6.5,3.3,4.83,6,54.5,99.9,41,686218,47.5,57.2,55.1,58.2,88.8,Mid,R,Emmet Sheehan,LAD,rcv_tier
1.42,0.42,0,0.8,,41.7,4.2,0,6.33,1,88.5,107.5,53.4,686218,58.6,84.7,70,61.5,101,High,R,Emmet Sheehan,LAD,obr_tier
4.73,3.76,1.53,0.8,,27.6,6.1,4.35,4.92,12,31.2,94.3,19.5,686218,43.6,35.2,39.6,41.7,85.6,Low,R,Emmet Sheehan,LAD,obr_tier
7.2,6.83,3,0.8,,21.1,9.9,5.4,4.29,7,54.7,99.5,40.5,686218,43,55.1,54.1,60.8,81.4,Mid,R,Emmet Sheehan,LAD,obr_tier
5.29,4.51,1.89,0.8,,26.2,7.3,4.5,4.77,20,42.3,96.8,28.6,686218,44.1,44.6,46.2,49.4,84.9,R,R,Emmet Sheehan,LAD,hand
5.28,5.12,2.15,0.8,,21.8,6.1,4,5.11,9,43.4,96.3,31.3,686218,43.3,45.8,47.3,52,86,away,R,Emmet Sheehan,LAD,location
5.29,3.93,1.64,0.8,,30.2,8.4,4.91,4.48,11,41.4,97.1,26.3,686218,44.8,43.7,45.2,47.3,84,home,R,Emmet Sheehan,LAD,location
3,3.98,1.12,0.66,,28.4,12.9,2.4,5.33,9,27.3,97.4,26.3,686613,41.9,25.9,36.4,44.7,93.4,Low,R,Hunter Brown,HOU,osi_tier
3.82,4.55,1.09,0.66,,20.9,12.9,4.8,5.5,6,54.8,104.5,41.7,686613,46.7,48.7,54.4,66.5,93.3,Mid,R,Hunter Brown,HOU,osi_tier
13.5,11.1,4.5,0.66,,13.6,18.2,12.6,4,1,47,110.2,24.8,686613,75.6,41.1,53.4,51.9,82,High,R,Hunter Brown,HOU,abq_tier
2.65,3.75,0.79,0.66,,25.5,12.9,2.85,5.67,12,41.4,100.3,29.6,686613,38.6,38.7,45,56.8,95.1,Low,R,Hunter Brown,HOU,abq_tier
4,4.66,2,0.66,,30,10,1.8,4.5,2,15.4,95.4,53.3,686613,59,10.1,30.6,33.8,89,Mid,R,Hunter Brown,HOU,abq_tier
2.91,3.98,0.79,0.66,,21.4,12.1,3.6,5.67,6,51.3,103.2,40.1,686613,38.6,45.3,52.3,70.1,94.5,High,R,Hunter Brown,HOU,rcv_tier
2.61,3.36,0.95,0.66,,30.8,11.5,1.8,5.43,7,25.5,95.7,26.5,686613,43.8,24.4,34.3,38.9,94.6,Low,R,Hunter Brown,HOU,rcv_tier
8,8.66,3,0.66,,18.2,20.5,8.1,4.5,2,44,107.3,30.4,686613,59.3,41.2,50.1,53.9,86,Mid,R,Hunter Brown,HOU,rcv_tier
3.55,4.74,1.42,0.66,,24.6,13.2,3.45,5.28,12,34.4,100.8,29.8,686613,45.1,30.4,41.9,52.9,95.1,Low,R,Hunter Brown,HOU,obr_tier
2.55,2.31,0,0.66,,27.9,11.8,3,5.89,3,53.7,98.3,42.8,686613,38.8,53.3,50.4,55.5,86.7,Mid,R,Hunter Brown,HOU,obr_tier
3.33,4.21,1.11,0.66,,25.3,12.9,3.36,5.4,15,38.3,100.3,32.4,686613,43.8,35,43.6,53.4,93.4,R,R,Hunter Brown,HOU,hand
2.67,3.84,1.07,0.66,,23.9,9.4,3.6,5.61,6,37,100.1,34.2,686613,41.4,31.8,43.6,58.5,94.5,away,R,Hunter Brown,HOU,location
3.8,4.47,1.14,0.66,,26.2,15.3,3.2,5.26,9,39.2,100.4,31.2,686613,45.4,37.2,43.7,50,92.7,home,R,Hunter Brown,HOU,location
5.21,4.99,1.42,0.72,,20.2,12.4,5.4,4.75,4,87.7,110.6,54.6,686790,65,86,73.5,65.3,91.8,High,R,Trevor McDonald,SFG,osi_tier
5.11,3.71,0.73,0.72,,14.5,6.4,5.4,4.93,5,32,93.4,27.1,686790,55.1,35.1,41.1,38,75.2,Low,R,Trevor McDonald,SFG,osi_tier
5.06,2.91,0.68,0.72,,20.7,4.5,6.12,5.33,5,49.5,100.7,44.6,686790,48.2,49.9,55.2,66.2,78.8,Mid,R,Trevor McDonald,SFG,osi_tier
5.23,5.52,1.74,0.72,,16.7,10.4,4.5,5.17,2,86.8,113.6,55.9,686790,69.9,85.2,75.2,67.5,94,High,R,Trevor McDonald,SFG,abq_tier
4.28,3.1,0.66,0.72,,19.5,5.3,6.48,5.47,5,39,100.2,31.8,686790,41.8,46.4,49.3,58.1,75.8,Low,R,Trevor McDonald,SFG,abq_tier
5.79,3.74,0.83,0.72,,18.1,8.1,5.4,4.67,7,55.7,97.8,43.8,686790,61.1,52.4,54,50.9,81.4,Mid,R,Trevor McDonald,SFG,abq_tier
6.32,3.04,0.57,0.72,,18.6,5.7,7.2,5.22,3,68,107.4,46.6,686790,49.1,64.9,65,76.4,85.7,High,R,Trevor McDonald,SFG,rcv_tier
4.57,3.47,0.83,0.72,,16.7,4.4,4.05,5.42,4,29.8,90.9,24.2,686790,57.8,34.8,39.3,31.3,76.8,Low,R,Trevor McDonald,SFG,rcv_tier
4.91,4.28,1.09,0.72,,19.3,10,5.91,4.71,7,62.2,103.8,48.7,686790,56.8,62.1,60.4,61.1,81.9,Mid,R,Trevor McDonald,SFG,rcv_tier
5.21,4.99,1.42,0.72,,20.2,12.4,5.4,4.75,4,87.7,110.6,54.6,686790,65,86,73.5,65.3,91.8,High,R,Trevor McDonald,SFG,obr_tier
4.65,3.54,0.66,0.72,,15.1,6.1,4.95,5.08,8,37.8,96.1,33.8,686790,54.1,39.6,45.9,47.2,77.9,Low,R,Trevor McDonald,SFG,obr_tier
6.75,2.35,0.84,0.72,,28.6,2.4,9,5.33,2,52.6,100.9,44.2,686790,41.9,54.1,57.1,71.5,73.5,Mid,R,Trevor McDonald,SFG,obr_tier
5.12,3.75,0.9,0.72,,18.4,7.4,5.66,5.02,14,54.2,100.9,41.2,686790,55.5,54.9,55.4,55.9,81.2,R,R,Trevor McDonald,SFG,hand
3.6,3.81,0.77,0.72,,18.3,9.2,4.11,5,7,64,103.1,43.6,686790,58.7,61.2,60.2,60.2,84.4,away,R,Trevor McDonald,SFG,location
6.62,3.69,1.02,0.72,,18.5,5.7,7.2,5.05,7,44.4,98.7,38.8,686790,52.3,48.7,50.6,51.5,78,home,R,Trevor McDonald,SFG,location
11.08,8.02,3.46,0.74,,17.7,11.3,9.6,4.33,3,91.1,112.8,67.1,686799,60.8,92.1,79.5,78.6,77,High,R,Jack Kochanowicz,LAA,osi_tier
4.13,3.99,0.28,0.74,,12.8,12.2,5.1,5.44,6,30.3,96.1,34.4,686799,46.6,30.6,40.2,46.7,92.8,Low,R,Jack Kochanowicz,LAA,osi_tier
6.38,3.75,0.49,0.74,,19.8,12.8,5.4,4.58,4,53.1,104.9,39.1,686799,51.3,47.9,56,68.6,79.5,Mid,R,Jack Kochanowicz,LAA,osi_tier
16.62,11.64,5.19,0.74,,11.8,13.7,9.6,2.89,3,81.3,114.6,46.5,686799,72.8,80.2,75,70.8,67.3,High,R,Jack Kochanowicz,LAA,abq_tier
4.14,3.56,0.39,0.74,,20.3,12.7,4.73,5.71,8,49.1,100,39.8,686799,40.7,48.7,51.8,63.4,91.5,Low,R,Jack Kochanowicz,LAA,abq_tier
6.52,4.13,0,0.74,,2.1,8.3,7.2,4.83,2,15.4,95.4,53.3,686799,61.8,10.6,32.1,35.4,86,Mid,R,Jack Kochanowicz,LAA,abq_tier
8.45,4.98,1.36,0.74,,19.5,12.3,7.97,4.71,7,68.5,107.5,51.4,686799,49.5,66.8,65.3,74.8,82.1,High,R,Jack Kochanowicz,LAA,rcv_tier
3.91,4.32,0.39,0.74,,8.7,10.7,4.95,5.75,4,24.9,91.8,36,686799,49.1,24.1,35.2,38.1,94.2,Low,R,Jack Kochanowicz,LAA,rcv_tier
3.38,4.97,1.12,0.74,,20.5,15.4,2.7,4,2,44,107.3,30.4,686799,62.2,43.6,52.9,57.1,77,Mid,R,Jack Kochanowicz,LAA,rcv_tier
11.08,8.02,3.46,0.74,,17.7,11.3,9.6,4.33,3,91.1,112.8,67.1,686799,60.8,92.1,79.5,78.6,77,High,R,Jack Kochanowicz,LAA,obr_tier
5.2,4.17,0.4,0.74,,14.8,13.4,5.6,5,9,37.2,99.1,34.2,686799,49.9,36.1,45.3,52.6,87.2,Low,R,Jack Kochanowicz,LAA,obr_tier
3,1.93,0,0.74,,20,4,1.8,6,1,59.1,104.1,54.6,686799,36.2,50.4,57.6,81.1,90,Mid,R,Jack Kochanowicz,LAA,obr_tier
6.19,4.74,0.98,0.74,,15.9,12.2,6.23,4.92,13,51.3,102.6,43.4,686799,51.3,50.1,54.1,60.8,85.1,R,R,Jack Kochanowicz,LAA,hand
8.39,4.96,0.79,0.74,,12.9,13.5,8.1,4.29,8,54,103,45.9,686799,49.7,50.6,53.8,60.3,79,away,R,Jack Kochanowicz,LAA,location
3.64,4.48,1.21,0.74,,19.8,10.3,3.24,5.93,5,47.1,102.1,39.5,686799,53.9,49.3,54.7,61.5,94.8,home,R,Jack Kochanowicz,LAA,location
7.71,5.78,2.89,0.91,,31,9.5,7.2,4.67,2,40,85.3,22,686930,42.2,48.2,38.6,25.1,77.5,Low,R,Mason Barnett,ATH,osi_tier
14.85,13.45,5.4,0.91,,5.3,18.4,10.8,3.33,2,47.5,103,39.4,686930,73.4,46.3,56.5,56,75,Mid,R,Mason Barnett,ATH,osi_tier
11.25,15.1,6.75,0.91,,0,15,10.8,4,1,47,110.2,24.8,686930,85.7,46.6,60.6,58.8,67,High,R,Mason Barnett,ATH,abq_tier
7.71,5.78,2.89,0.91,,31,9.5,7.2,4.67,2,40,85.3,22,686930,42.2,48.2,38.6,25.1,77.5,Low,R,Mason Barnett,ATH,abq_tier
20.25,10.98,3.38,0.91,,11.1,22.2,10.8,2.67,1,48,95.7,53.9,686930,61.2,46,52.4,53.2,83,Mid,R,Mason Barnett,ATH,abq_tier
7.71,5.78,2.89,0.91,,31,9.5,7.2,4.67,2,40,85.3,22,686930,42.2,48.2,38.6,25.1,77.5,Low,R,Mason Barnett,ATH,rcv_tier
14.85,13.45,5.4,0.91,,5.3,18.4,10.8,3.33,2,47.5,103,39.4,686930,73.4,46.3,56.5,56,75,Mid,R,Mason Barnett,ATH,rcv_tier
13.09,12.46,5.73,0.91,,15.3,16.9,10.2,3.67,3,43.2,96.6,31,686930,59.9,43.7,48.9,46.9,77.3,Low,R,Mason Barnett,ATH,obr_tier
5.4,1.3,0,0.91,,28.6,4.8,5.4,5,1,45.2,86.8,29.6,686930,51.8,58,43.6,21.3,73,Mid,R,Mason Barnett,ATH,obr_tier
10.69,8.98,3.94,0.91,,18.8,13.8,9,4,4,43.7,94.1,30.6,686930,57.8,47.3,47.5,40.5,76.2,R,R,Mason Barnett,ATH,hand
14.14,10.96,5.14,0.91,,23.1,17.9,9.9,3.5,2,41.4,89.8,34.1,686930,47,42.2,43,41,82.5,away,R,Mason Barnett,ATH,location
8,7.43,3,0.91,,14.6,9.8,8.1,4.5,2,46.1,98.5,27.2,686930,68.7,52.3,52.1,40.1,70,home,R,Mason Barnett,ATH,location
3.32,4.52,1.42,0.72,,24.1,11.5,3.15,4.75,4,85.5,109.5,62.8,687064,52.4,74.9,71.8,82.1,88.8,High,R,Brandon Young,BAL,osi_tier
4.24,3.92,0.99,0.72,,18.6,7.7,5.4,5.79,11,31.4,97.2,31.1,687064,42.4,32.5,39.8,46.5,91.6,Low,R,Brandon Young,BAL,osi_tier
2.27,4.65,1.32,0.72,,15.9,7.7,2.48,5.96,8,50.7,104.8,40.6,687064,54.9,46.5,54.7,63.9,88.9,Mid,R,Brandon Young,BAL,osi_tier
4.3,6.37,2.45,0.72,,17.2,9.4,3.6,4.89,3,64.2,112.4,35.6,687064,74.6,60.1,64.1,61.3,87,High,R,Brandon Young,BAL,abq_tier
3.32,4.2,1.01,0.72,,18,9.3,4.27,5.58,16,48.3,101.1,37.3,687064,40.9,45.8,49.9,61.2,91.4,Low,R,Brandon Young,BAL,abq_tier
3.08,3.37,1.03,0.72,,21.2,3.8,3.15,6.58,4,31.7,97.8,53.4,687064,59.1,28.9,42.8,47.1,87.5,Mid,R,Brandon Young,BAL,abq_tier
2.3,4.07,0.99,0.72,,18.3,8.8,4.14,5.47,10,64,106.6,47.2,687064,45,57.7,60.5,74.7,89.8,High,R,Brandon Young,BAL,rcv_tier
5.08,4.05,1.34,0.72,,20.5,6.2,5.1,5.61,6,23.3,91.2,29.7,687064,43.4,25.2,32.4,32.9,93,Low,R,Brandon Young,BAL,rcv_tier
3.43,4.72,1.29,0.72,,17.1,9.4,2.83,6,7,44.7,104.7,38.2,687064,57.8,43,52,58.1,88.3,Mid,R,Brandon Young,BAL,rcv_tier
2.61,3.87,0.87,0.72,,22.7,11.4,2.7,5.17,2,87.4,110.7,72,687064,55,87.4,75.7,77.3,96,High,R,Brandon Young,BAL,obr_tier
3.49,4.27,1.16,0.72,,17.6,7.7,4.45,5.92,17,38,101,34.2,687064,48.4,36.8,45.8,54.2,91.8,Low,R,Brandon Young,BAL,obr_tier
3.26,4.5,1.4,0.72,,20.9,9.3,2.7,4.83,4,67.8,101.9,47.9,687064,45.8,57.1,58.3,68.6,80.5,Mid,R,Brandon Young,BAL,obr_tier
3.38,4.27,1.17,0.72,,18.5,8.3,3.99,5.67,23,47.5,102,39.9,687064,48.5,44.7,50.6,58.7,90.2,R,R,Brandon Young,BAL,hand
3.39,4.07,0.89,0.72,,16.8,8.8,3.44,5.55,11,50.7,103.7,38.5,687064,48.2,46.4,52.4,62.1,88.6,away,R,Brandon Young,BAL,location
3.37,4.46,1.43,0.72,,20.1,7.8,4.5,5.78,12,44.6,100.4,41.2,687064,48.7,43.1,48.9,55.6,91.6,home,R,Brandon Young,BAL,location
6.23,4.25,1.04,0.79,,28.6,16.7,7.2,4.33,2,93.5,112.2,55.3,687075,62.3,88.8,74.9,68,83.5,High,R,Brandon Sproat,MIL,osi_tier
4.17,4.1,1.33,0.79,,25.8,9.8,4.25,4.91,11,35.3,92.7,24,687075,43.4,36.3,39.9,41.6,86.7,Low,R,Brandon Sproat,MIL,osi_tier
7.01,6.37,2.45,0.79,,20,11.3,5.4,4.28,6,50.6,105.8,41,687075,38.3,48.8,54.2,71.6,77,Mid,R,Brandon Sproat,MIL,osi_tier
6.75,2.6,0,0.79,,33.3,19,9,4,1,98.5,116.8,57.3,687075,65.5,92,79,73.9,89,High,R,Brandon Sproat,MIL,abq_tier
5.16,5.02,1.77,0.79,,23,10.3,4.71,4.69,13,40.7,99.3,29.4,687075,36.2,42.5,46,56.8,84.8,Low,R,Brandon Sproat,MIL,abq_tier
5.01,4.51,1.54,0.79,,26,11,4.68,4.67,5,50.1,94.3,36.4,687075,59.2,45,47.5,42.1,78.4,Mid,R,Brandon Sproat,MIL,abq_tier
7.27,5.75,2.08,0.79,,20.8,11.3,6.75,4.33,8,52.9,107.6,38.9,687075,39.4,49.4,55.3,73.5,82.2,High,R,Brandon Sproat,MIL,rcv_tier
3.86,4.06,1.36,0.79,,27,9.8,3.82,4.96,8,33.6,89.8,23,687075,46.8,35.9,37.7,33.2,85.8,Low,R,Brandon Sproat,MIL,rcv_tier
3.86,4.39,1.29,0.79,,26.7,13.3,3,4.67,3,62.2,99.7,41.9,687075,47.5,62.3,56.6,56.6,79.7,Mid,R,Brandon Sproat,MIL,rcv_tier
6.23,4.25,1.04,0.79,,28.6,16.7,7.2,4.33,2,93.5,112.2,55.3,687075,62.3,88.8,74.9,68,83.5,High,R,Brandon Sproat,MIL,obr_tier
4.42,4.31,1.39,0.79,,24.1,9.7,4.2,4.76,15,39.1,96.8,28.1,687075,41.9,39.4,43.8,50.3,83,Low,R,Brandon Sproat,MIL,obr_tier
10.8,9.34,4.32,0.79,,22,14.6,8.1,4.17,2,52.6,100.9,44.2,687075,39.1,50.4,53.3,66.7,85.5,Mid,R,Brandon Sproat,MIL,obr_tier
5.2,4.78,1.63,0.79,,24.3,11,4.93,4.65,19,46.2,98.9,32.7,687075,43.8,45.8,48.1,53.9,83.3,R,R,Brandon Sproat,MIL,hand
3.91,4.3,1.3,0.79,,22.2,9.4,3.78,4.83,10,44.8,99.3,28.9,687075,41.8,46.4,48.3,55.1,83.2,away,R,Brandon Sproat,MIL,location
6.75,5.35,2.02,0.79,,26.8,12.8,6.2,4.44,9,47.8,98.4,36.9,687075,46,45.1,47.9,52.5,83.4,home,R,Brandon Sproat,MIL,location
3,4.77,3,0.85,,33.3,0,3.6,3,1,76.2,104,86.8,687223,43.2,81.7,71.5,80.1,45,High,L,Carson Palmquist,WSN,osi_tier
10.8,4,0,0.85,,17.1,17.1,6.75,1.67,4,21.2,92.9,16.5,687223,44.2,34,35.2,30.1,37.8,Low,L,Carson Palmquist,WSN,osi_tier
36,-2.9,0,0.85,,37.5,0,9,1,1,46.2,92.7,40.3,687223,33.6,51.8,59.4,86.3,37,Mid,L,Carson Palmquist,WSN,osi_tier
10.61,2.89,0.96,0.85,,25.5,6.4,7.2,1.87,5,31.4,91.4,34.7,687223,37.2,44.7,44.5,49.4,38.4,Low,L,Carson Palmquist,WSN,abq_tier
13.5,8.35,0,0.85,,12.5,37.5,3.6,1.33,1,50.6,111.2,19.7,687223,67.7,45.7,48.9,39.5,41,Mid,L,Carson Palmquist,WSN,abq_tier
11.25,2.85,2.25,0.85,,35,0,6.3,2,2,61.2,98.3,63.5,687223,38.4,66.7,65.4,83.2,41,High,L,Carson Palmquist,WSN,rcv_tier
10.8,4,0,0.85,,17.1,17.1,6.75,1.67,4,21.2,92.9,16.5,687223,44.2,34,35.2,30.1,37.8,Low,L,Carson Palmquist,WSN,rcv_tier
3,4.77,3,0.85,,33.3,0,3.6,3,1,76.2,104,86.8,687223,43.2,81.7,71.5,80.1,45,High,L,Carson Palmquist,WSN,obr_tier
14.09,3.1,0,0.85,,20.9,14,7.2,1.53,5,26.2,92.8,21.3,687223,42.1,37.5,40,41.3,37.6,Low,L,Carson Palmquist,WSN,obr_tier
10.97,3.57,0.84,0.85,,23.6,10.9,6.6,1.78,6,34.6,94.7,32.2,687223,42.3,44.9,45.2,47.8,38.8,L,L,Carson Palmquist,WSN,hand
22.5,4.1,0,0.85,,13.3,13.3,9,1,2,9.3,85.1,12.6,687223,36.4,32.1,30,23.2,26,away,L,Carson Palmquist,WSN,location
8.31,3.45,1.04,0.85,,27.5,10,5.4,2.17,4,47.2,99.5,42,687223,45.2,51.3,52.8,60.1,45.2,home,L,Carson Palmquist,WSN,location
5.74,2.4,0,0.73,,18.1,6.9,6,5.22,3,25.8,87.5,38.2,687273,39.9,31.6,36.3,39.2,99.3,Low,L,Quinn Mathews,STL,osi_tier
2.25,5.1,2.25,0.73,,41.2,17.6,1.8,4,1,34.7,106.3,14.3,687273,43.1,55.2,54.1,60.7,95,Mid,L,Quinn Mathews,STL,osi_tier
5.52,2.69,0.61,0.73,,26.2,7.7,5.4,4.89,3,32.2,96.3,25.2,687273,34.5,41.4,43.2,51.4,98.7,Low,L,Quinn Mathews,STL,abq_tier
3.6,3.7,0,0.73,,12.5,12.5,3.6,5,1,15.4,79.8,53.3,687273,59.3,25.7,33.6,24.3,97,Mid,L,Quinn Mathews,STL,abq_tier
8.1,3.1,0,0.73,,12.2,8.2,8.1,5,2,15.6,84.9,37.2,687273,49,29.8,34.4,29.4,98,Low,L,Quinn Mathews,STL,rcv_tier
1.86,2.79,0.93,0.73,,35,10,1.8,4.83,2,40.4,99.5,27.3,687273,32.4,45.2,47.2,59.8,98.5,Mid,L,Quinn Mathews,STL,rcv_tier
5.74,2.4,0,0.73,,18.1,6.9,6,5.22,3,25.8,87.5,38.2,687273,39.9,31.6,36.3,39.2,99.3,Low,L,Quinn Mathews,STL,obr_tier
2.25,5.1,2.25,0.73,,41.2,17.6,1.8,4,1,34.7,106.3,14.3,687273,43.1,55.2,54.1,60.7,95,Mid,L,Quinn Mathews,STL,obr_tier
5.03,2.95,0.46,0.73,,22.5,9,4.95,4.92,4,28,92.2,32.2,687273,40.7,37.5,40.8,44.6,98.2,L,L,Quinn Mathews,STL,hand
6.43,3.67,0.64,0.73,,19.7,10.6,6,4.67,3,22,92.1,29.6,687273,47,38.2,41,39.8,97,away,L,Quinn Mathews,STL,location
1.59,1.16,0,0.73,,30.4,4.3,1.8,5.67,1,46.2,92.7,40.3,687273,21.8,35.2,40.2,59,102,home,L,Quinn Mathews,STL,location
4.5,3.35,0.56,0.74,,21.1,9.9,4.8,5.33,3,88.5,111.1,54.8,687312,51,67.4,66,75.1,92.3,High,R,Gabriel Hughes,COL,osi_tier
9.33,5.12,1.47,0.74,,15.3,9.4,8.1,4.58,4,39.2,91.9,21.3,687312,38.8,31.4,36.6,40.9,84.2,Low,R,Gabriel Hughes,COL,osi_tier
5.4,3.23,0.6,0.74,,20.3,7.8,5.4,5,3,50,104,34.3,687312,42.1,42.7,44.5,48.4,77,Mid,R,Gabriel Hughes,COL,osi_tier
6.35,2.84,0.79,0.74,,30.4,8.7,7.2,5.67,2,72.8,113.5,41,687312,62,63,60.8,57.6,85.5,High,R,Gabriel Hughes,COL,abq_tier
5.59,3.62,0.62,0.74,,16.8,8.4,5.1,4.83,6,55.1,100.7,35.8,687312,34.4,42.2,45.9,58.3,83.3,Low,R,Gabriel Hughes,COL,abq_tier
10,6.54,2,0.74,,11.6,11.6,9,4.5,2,48.2,90.8,27.8,687312,52.2,38.4,40.5,34.6,87,Mid,R,Gabriel Hughes,COL,abq_tier
5.84,3.67,0.73,0.74,,18.8,8.9,5.76,4.93,5,69.7,107.9,44.8,687312,41.2,53.3,56,69.6,87.2,High,R,Gabriel Hughes,COL,rcv_tier
7.53,4.84,1.26,0.74,,17.2,10.9,6.6,4.78,3,43.7,88.5,23.3,687312,42.7,34.9,35.1,30,85.3,Low,R,Gabriel Hughes,COL,rcv_tier
6.97,3.49,0.87,0.74,,20.5,6.8,7.2,5.17,2,46.6,104,29.3,687312,50.5,42.4,46.3,48,76.5,Mid,R,Gabriel Hughes,COL,rcv_tier
4.5,1.77,0,0.74,,29.2,8.3,5.4,6,1,98.5,116.8,57.3,687312,68.1,95.7,82.2,76.9,94,High,R,Gabriel Hughes,COL,obr_tier
9.13,4.87,1.52,0.74,,18.7,9.3,8.28,4.73,5,40.8,95.6,22,687312,42.2,31.2,37.1,40.4,82.8,Low,R,Gabriel Hughes,COL,obr_tier
4.12,3.56,0.46,0.74,,15.7,9,4.05,4.92,4,67.5,104.6,46.3,687312,38.9,51.1,52.5,63.8,84.2,Mid,R,Gabriel Hughes,COL,obr_tier
6.57,3.97,0.91,0.74,,18.6,9.1,6.3,4.93,10,57.3,101.3,35.2,687312,43.5,45.6,47.8,53.4,84.5,R,R,Gabriel Hughes,COL,hand
9,4.68,1.12,0.74,,14.8,9.6,8.64,4.8,5,60.9,102.4,36,687312,50.8,55.2,58,66.3,86.8,away,R,Gabriel Hughes,COL,location
4.26,3.3,0.71,0.74,,22.9,8.6,3.96,5.07,5,53.6,100.2,34.5,687312,36.2,35.9,37.6,40.5,82.2,home,R,Gabriel Hughes,COL,location
1.08,2.74,0,0.72,,16.7,8.3,1.8,4.17,2,83.5,108.3,53.6,687473,50.9,63.8,69.3,88.7,65.5,High,R,Ryan Gusto,MIA,osi_tier
4.42,4.96,1.63,0.72,,17.9,8.4,4.6,4.3,9,28.4,91.6,18.9,687473,39.4,35.1,37.5,38.8,70.8,Low,R,Ryan Gusto,MIA,osi_tier
3.97,3.01,0.79,0.72,,21.7,4.3,4.2,3.78,3,47.1,104.2,37.2,687473,60.8,49.9,56.3,60.5,57.7,Mid,R,Ryan Gusto,MIA,osi_tier
13.5,3.6,0,0.72,,10,10,7.2,2,1,47,110.2,24.8,687473,82,44.6,58,56.3,33,High,R,Ryan Gusto,MIA,abq_tier
4.08,4.59,1.36,0.72,,17.9,8.5,4.42,4.21,11,38.1,95.6,26.5,687473,39.6,41.4,43.9,49.8,69,Low,R,Ryan Gusto,MIA,abq_tier
0.9,2.9,0.9,0.72,,23.1,2.6,0.9,5,2,49.4,95.7,36.3,687473,60.4,46.6,51.9,51.9,74.5,Mid,R,Ryan Gusto,MIA,abq_tier
1.42,2.39,0,0.72,,22.2,9.3,1.8,4.22,3,64.3,106.2,40.9,687473,43.6,49.9,60.7,85.3,66.3,High,R,Ryan Gusto,MIA,rcv_tier
5.23,5.78,2.03,0.72,,15.1,8.2,5.66,4.43,7,25.5,89.8,16.6,687473,40.8,34.9,35.1,31.3,72.3,Low,R,Ryan Gusto,MIA,rcv_tier
3.07,2.69,0.61,0.72,,23,4.9,3.15,3.67,4,48.3,101.6,37.5,687473,55.6,49.7,54.2,58.4,59,Mid,R,Ryan Gusto,MIA,rcv_tier
5.05,4.83,1.76,0.72,,19.3,7,5.04,4.1,10,30.6,95.3,21.8,687473,44,35.2,40.8,44.9,66.4,Low,R,Ryan Gusto,MIA,obr_tier
1.04,2.93,0,0.72,,16.2,9.5,1.8,4.33,4,64.6,100.3,42.6,687473,49.8,60.3,59.2,64.8,69.2,Mid,R,Ryan Gusto,MIA,obr_tier
3.86,4.27,1.23,0.72,,18.4,7.7,4.11,4.17,14,40.3,96.7,27.8,687473,45.6,42.4,46.1,50.6,67.2,R,R,Ryan Gusto,MIA,hand
4.15,5.33,2.08,0.72,,18.5,6.7,5.1,4.33,6,39.5,96,30.7,687473,41.2,43.4,43.8,46.2,71.2,away,R,Ryan Gusto,MIA,location
3.62,3.41,0.56,0.72,,18.3,8.5,3.38,4.04,8,40.9,97.2,25.5,687473,49,41.5,47.7,53.9,64.2,home,R,Ryan Gusto,MIA,location
4.76,2.75,0,0.59,,16.7,8.3,5.4,5.67,1,98.5,102.3,57.3,687562,62.9,87.9,72.8,62.7,88,High,L,Jake Bennett,BOS,osi_tier
3.86,3.1,0.71,0.59,,20.5,5.1,3.93,5.73,11,34.4,92.8,25.1,687562,39.2,28.3,36.3,43.4,81.3,Low,L,Jake Bennett,BOS,osi_tier
1.44,3.06,0.72,0.59,,18.9,3.2,1.35,6.25,4,67.1,102.7,68.1,687562,31.4,55.5,55.4,72.3,83.5,Mid,L,Jake Bennett,BOS,osi_tier
4.41,2.86,0,0.59,,12.1,6.1,4.2,5.44,3,47,94,24.8,687562,66.7,31.5,40.4,31.8,74.7,High,L,Jake Bennett,BOS,abq_tier
2.85,3.3,0.95,0.59,,21.7,4.6,2.95,6.03,11,44.6,97.2,38.2,687562,27.6,37.8,42.7,59,84.1,Low,L,Jake Bennett,BOS,abq_tier
4.09,2.01,0,0.59,,20.5,4.5,4.5,5.5,2,56.9,91.1,55.3,687562,57.9,55.4,51.4,42.2,83.5,Mid,L,Jake Bennett,BOS,abq_tier
2.7,3.35,0.74,0.59,,18.4,5.4,2.1,6.11,6,60.2,101.4,54.7,687562,29.9,46.6,50.8,70.6,85,High,L,Jake Bennett,BOS,rcv_tier
3.25,1.94,0,0.59,,20.6,3.7,3.24,5.53,5,31.8,88.4,26.4,687562,56,29.6,34.1,23.5,75,Low,L,Jake Bennett,BOS,rcv_tier
3.99,3.78,1.23,0.59,,21,5,5.04,5.87,5,45.1,96.6,29.2,687562,31.9,38.7,43.6,57.6,86.2,Mid,L,Jake Bennett,BOS,rcv_tier
2,2.93,0.5,0.59,,20.6,5.9,2.4,6,3,83.6,103.5,77,687562,43.4,72.1,64,69.5,86,High,L,Jake Bennett,BOS,obr_tier
3.47,3.03,0.64,0.59,,20.1,5,3.6,5.83,12,36.5,93.4,27.5,687562,38.6,29.8,37.8,46.4,81.2,Low,L,Jake Bennett,BOS,obr_tier
4.76,3.98,1.59,0.59,,15.4,0,3.6,5.67,1,56.8,101.8,44.2,687562,26.2,47.1,47.7,63.6,83,Mid,L,Jake Bennett,BOS,obr_tier
3.27,3.07,0.67,0.59,,19.8,4.8,3.38,5.85,16,46.6,95.8,37.9,687562,38.7,38.8,43.3,51.8,82.2,L,L,Jake Bennett,BOS,hand
3.02,2.51,0.57,0.59,,23.5,3.7,3.38,5.96,8,48.7,96.6,37.8,687562,38.3,44.2,46.6,55.3,82.4,away,L,Jake Bennett,BOS,location
3.52,3.64,0.78,0.59,,16.1,5.9,3.38,5.75,8,44.5,95.1,37.9,687562,39.1,33.4,40,48.3,82.1,home,L,Jake Bennett,BOS,location
5.4,3.08,0.87,0.75,,27.8,8.3,5.58,5.17,10,33.7,91.2,31.7,687570,40.2,36.2,40.4,45.3,85.5,Low,L,Connor Prielipp,MIN,osi_tier
5.7,4.68,1.52,0.75,,21.5,9.8,7.4,5.26,9,56.4,97.1,41.9,687570,55.3,59.3,56.8,55,91.7,Mid,L,Connor Prielipp,MIN,osi_tier
3.71,5.16,2.12,0.75,,26,9.6,5.4,5.67,3,67,97.5,42.9,687570,70.1,64.8,60.4,48.7,93,High,L,Connor Prielipp,MIN,abq_tier
6.29,2.96,0.61,0.75,,24.8,8.7,6.38,5.33,11,40.3,93.9,32.5,687570,36.4,41.6,44.5,53.8,88.4,Low,L,Connor Prielipp,MIN,abq_tier
5.01,5.11,1.93,0.75,,23.3,9.7,7.2,4.67,5,40,92,41.7,687570,57.8,48.9,48.7,42,85.8,Mid,L,Connor Prielipp,MIN,abq_tier
5.6,2.77,0.33,0.75,,21.7,8.3,6.48,5.47,5,52.3,102.1,36.9,687570,37.7,39.3,51.2,74.6,86.8,High,L,Connor Prielipp,MIN,rcv_tier
5.23,4.68,1.86,0.75,,28.1,10.1,5.94,5.33,10,40.4,87.4,36.5,687570,51.3,49.9,44.7,34.1,90.4,Low,L,Connor Prielipp,MIN,rcv_tier
6.38,3.05,0.49,0.75,,19.5,7.3,7.65,4.58,4,44.8,100.4,36.2,687570,49.6,50.2,52.9,58.5,85.5,Mid,L,Connor Prielipp,MIN,rcv_tier
5.4,4.97,1.8,0.75,,25,10.9,6,5,3,65.2,98.5,46.2,687570,66.1,72.7,61.3,44.8,89,High,L,Connor Prielipp,MIN,obr_tier
5.82,3.16,0.79,0.75,,25.7,8.8,6.51,5.23,13,38.9,94.2,34.3,687570,41.1,38.3,43.9,52.5,87.6,Low,L,Connor Prielipp,MIN,obr_tier
4.5,5.72,2.25,0.75,,20,8.6,6.6,5.33,3,47.8,88.6,36.7,687570,55.9,60.2,53.3,43.7,91.3,Mid,L,Connor Prielipp,MIN,obr_tier
5.55,3.85,1.18,0.75,,24.7,9.1,6.44,5.21,19,44.5,94,36.5,687570,47.3,47.2,48.1,49.9,88.4,L,L,Connor Prielipp,MIN,hand
6.4,4.12,1.2,0.75,,22.3,9.7,7.8,5,9,49.3,97.6,35,687570,47.9,49.5,51.4,55.9,89.8,away,L,Connor Prielipp,MIN,location
4.83,3.62,1.17,0.75,,26.8,8.5,5.22,5.4,10,40.1,90.8,37.9,687570,46.8,45,45.3,44.4,87.2,home,L,Connor Prielipp,MIN,location
9,4.1,0,0.86,,16.7,16.7,7.2,1,1,46.2,97.8,33.8,687606,47.5,57.4,56,60.6,26,Mid,R,Paxton Schultz,WSN,osi_tier
9,4.1,0,0.86,,16.7,16.7,7.2,1,1,46.2,97.8,33.8,687606,47.5,57.4,56,60.6,26,Low,R,Paxton Schultz,WSN,abq_tier
9,4.1,0,0.86,,16.7,16.7,7.2,1,1,46.2,97.8,33.8,687606,47.5,57.4,56,60.6,26,Mid,R,Paxton Schultz,WSN,rcv_tier
9,4.1,0,0.86,,16.7,16.7,7.2,1,1,46.2,97.8,33.8,687606,47.5,57.4,56,60.6,26,Mid,R,Paxton Schultz,WSN,obr_tier
9,4.1,0,0.86,,16.7,16.7,7.2,1,1,46.2,97.8,33.8,687606,47.5,57.4,56,60.6,26,R,R,Paxton Schultz,WSN,hand
9,4.1,0,0.86,,16.7,16.7,7.2,1,1,46.2,97.8,33.8,687606,47.5,57.4,56,60.6,26,home,R,Paxton Schultz,WSN,location
13.5,3.35,0,1.22,,5,5,12.6,4,1,83.5,108.3,53.6,687765,49.3,61.8,67.2,86,63,High,R,Mitch Spence,KCR,osi_tier
13.5,3.35,0,1.22,,5,5,12.6,4,1,83.5,108.3,53.6,687765,49.3,61.8,67.2,86,63,Low,R,Mitch Spence,KCR,abq_tier
13.5,3.35,0,1.22,,5,5,12.6,4,1,83.5,108.3,53.6,687765,49.3,61.8,67.2,86,63,High,R,Mitch Spence,KCR,rcv_tier
13.5,3.35,0,1.22,,5,5,12.6,4,1,83.5,108.3,53.6,687765,49.3,61.8,67.2,86,63,Mid,R,Mitch Spence,KCR,obr_tier
13.5,3.35,0,1.22,,5,5,12.6,4,1,83.5,108.3,53.6,687765,49.3,61.8,67.2,86,63,R,R,Mitch Spence,KCR,hand
13.5,3.35,0,1.22,,5,5,12.6,4,1,83.5,108.3,53.6,687765,49.3,61.8,67.2,86,63,away,R,Mitch Spence,KCR,location
13.5,9.1,0,0.78,,25,50,1.8,0.67,1,25.9,90.7,15.4,687911,27.2,20.8,40.9,73.6,19,Low,L,Bryan King,HOU,osi_tier
13.5,9.1,0,0.78,,25,50,1.8,0.67,1,25.9,90.7,15.4,687911,27.2,20.8,40.9,73.6,19,Low,L,Bryan King,HOU,abq_tier
13.5,9.1,0,0.78,,25,50,1.8,0.67,1,25.9,90.7,15.4,687911,27.2,20.8,40.9,73.6,19,High,L,Bryan King,HOU,rcv_tier
13.5,9.1,0,0.78,,25,50,1.8,0.67,1,25.9,90.7,15.4,687911,27.2,20.8,40.9,73.6,19,Low,L,Bryan King,HOU,obr_tier
13.5,9.1,0,0.78,,25,50,1.8,0.67,1,25.9,90.7,15.4,687911,27.2,20.8,40.9,73.6,19,L,L,Bryan King,HOU,hand
13.5,9.1,0,0.78,,25,50,1.8,0.67,1,25.9,90.7,15.4,687911,27.2,20.8,40.9,73.6,19,away,L,Bryan King,HOU,location
5.81,5.19,1.37,0.85,,17.4,12.4,5.7,4.39,6,27.6,97.2,16.1,687931,38.7,35,38.2,41.5,76.3,Low,L,Carson Whisenhunt,SFG,osi_tier
8.64,5.62,1.08,0.85,,11.6,14,5.4,4.17,2,47.2,89,43.3,687931,48.8,50.8,53.8,60.8,79.5,Mid,L,Carson Whisenhunt,SFG,osi_tier
5.96,5.32,1.4,0.85,,19.5,14.4,5.4,4.28,6,27.7,97.3,15.8,687931,37,36.4,39.1,43.8,75.3,Low,L,Carson Whisenhunt,SFG,abq_tier
8,5.21,1,0.85,,6.5,8.7,6.3,4.5,2,47,88.5,44.3,687931,53.8,46.6,51,53.9,82.5,Mid,L,Carson Whisenhunt,SFG,abq_tier
1.59,3.98,0,0.85,,8,12,1.8,5.67,1,41.4,97.7,26.5,687931,37.4,43.3,50.5,68.1,96,High,L,Carson Whisenhunt,SFG,rcv_tier
6.97,5.52,1.74,0.85,,19.8,12.5,6.48,4.13,5,24.8,97.1,14.1,687931,38.9,33.3,35.7,36.2,72.4,Low,L,Carson Whisenhunt,SFG,rcv_tier
8.64,5.62,1.08,0.85,,11.6,14,5.4,4.17,2,47.2,89,43.3,687931,48.8,50.8,53.8,60.8,79.5,Mid,L,Carson Whisenhunt,SFG,rcv_tier
5.46,4.92,1.15,0.85,,16,11.8,4.89,4.48,7,30.5,96.4,21.4,687931,40.7,36.7,40.5,44.7,77.6,Low,L,Carson Whisenhunt,SFG,obr_tier
16.2,8.8,2.7,0.85,,15,20,10.8,3.33,1,46.2,86.5,33.8,687931,45.1,54.5,53.2,57.6,74,Mid,L,Carson Whisenhunt,SFG,obr_tier
6.49,5.29,1.3,0.85,,15.9,12.8,5.62,4.33,8,32.5,95.1,22.9,687931,41.2,38.9,42.1,46.3,77.1,L,L,Carson Whisenhunt,SFG,hand
10.34,5.59,1.15,0.85,,11.9,13.1,8.1,3.92,4,41.9,94.3,33.1,687931,48.6,43.5,48.1,53,77.2,away,L,Carson Whisenhunt,SFG,location
3.32,5.05,1.42,0.85,,20,12.5,3.15,4.75,4,23.1,95.9,12.8,687931,33.8,34.3,36.1,39.7,77,home,L,Carson Whisenhunt,SFG,location
0,1.6,0,0.56,,22.2,0,2.7,1.33,2,63.4,107.6,53.2,687941,47.5,52.4,57.3,69.8,16,Mid,L,Alec Gamboa,BOS,osi_tier
0,1.6,0,0.56,,25,0,0,1.33,1,50.6,111.2,19.7,687941,59.6,37.1,51.5,62.5,14,High,L,Alec Gamboa,BOS,abq_tier
0,1.6,0,0.56,,20,0,5.4,1.33,1,76.2,104,86.8,687941,35.5,67.8,63,77.1,18,Low,L,Alec Gamboa,BOS,abq_tier
0,1.6,0,0.56,,22.2,0,2.7,1.33,2,63.4,107.6,53.2,687941,47.5,52.4,57.3,69.8,16,High,L,Alec Gamboa,BOS,rcv_tier
0,1.6,0,0.56,,20,0,5.4,1.33,1,76.2,104,86.8,687941,35.5,67.8,63,77.1,18,High,L,Alec Gamboa,BOS,obr_tier
0,1.6,0,0.56,,25,0,0,1.33,1,50.6,111.2,19.7,687941,59.6,37.1,51.5,62.5,14,Low,L,Alec Gamboa,BOS,obr_tier
0,1.6,0,0.56,,22.2,0,2.7,1.33,2,63.4,107.6,53.2,687941,47.5,52.4,57.3,69.8,16,L,L,Alec Gamboa,BOS,hand
0,1.6,0,0.56,,20,0,5.4,1.33,1,76.2,104,86.8,687941,35.5,67.8,63,77.1,18,away,L,Alec Gamboa,BOS,location
0,1.6,0,0.56,,25,0,0,1.33,1,50.6,111.2,19.7,687941,59.6,37.1,51.5,62.5,14,home,L,Alec Gamboa,BOS,location
5.4,5.1,1.8,0.75,,22.1,10.3,5.4,5,3,95.2,108.5,56,688107,60.3,85.5,72.5,66.3,89,High,L,Robert Gasser,MIL,osi_tier
5.59,4.44,1.86,0.75,,24.3,5.9,6.98,4.83,8,33,92.2,27.7,688107,30.8,31.4,37.6,49.6,80.9,Low,L,Robert Gasser,MIL,osi_tier
3.25,3.46,0.65,0.75,,17.2,6.9,3.6,5.53,5,46.5,94,32.3,688107,47.2,57.4,51.5,47.9,91,Mid,L,Robert Gasser,MIL,osi_tier
5.04,4.19,1.48,0.75,,21.1,6,6.15,5.06,12,37.6,93.5,28.9,688107,35.5,40.2,42.5,50.2,84.2,Low,L,Robert Gasser,MIL,abq_tier
3.92,4.36,1.31,0.75,,22.7,10.2,4.05,5.17,4,82.8,102.8,50.9,688107,59.3,78.2,66.5,58.4,89.8,Mid,L,Robert Gasser,MIL,abq_tier
7.71,7.6,3.86,0.75,,25,9.1,8.1,4.67,2,67.4,109.8,40.6,688107,43,57.2,59.4,73.6,84.5,High,L,Robert Gasser,MIL,rcv_tier
4.12,2.77,0,0.75,,17.9,9.4,4.68,4.8,5,37.9,88.4,29.8,688107,42.3,49,41.7,32.9,83.8,Low,L,Robert Gasser,MIL,rcv_tier
4.5,4.31,1.69,0.75,,22.7,5.4,5.6,5.33,9,50.9,96.9,35.7,688107,40.6,48.3,49.8,58.2,86.8,Mid,L,Robert Gasser,MIL,rcv_tier
5.4,5.1,1.8,0.75,,22.1,10.3,5.4,5,3,95.2,108.5,56,688107,60.3,85.5,72.5,66.3,89,High,L,Robert Gasser,MIL,obr_tier
5.59,4.44,1.86,0.75,,24.3,5.9,6.98,4.83,8,33,92.2,27.7,688107,30.8,31.4,37.6,49.6,80.9,Low,L,Robert Gasser,MIL,obr_tier
3.25,3.46,0.65,0.75,,17.2,6.9,3.6,5.53,5,46.5,94,32.3,688107,47.2,57.4,51.5,47.9,91,Mid,L,Robert Gasser,MIL,obr_tier
4.76,4.23,1.44,0.75,,21.5,7.1,5.62,5.08,16,48.9,95.8,34.5,688107,41.4,49.7,48.5,52.2,85.6,L,L,Robert Gasser,MIL,hand
5.44,4.75,1.96,0.75,,22.4,6,7.2,5.17,8,55.4,99,39.1,688107,42.4,52.2,52.6,60.4,84.4,away,L,Robert Gasser,MIL,location
4.05,3.7,0.9,0.75,,20.6,8.2,4.05,5,8,42.4,92.6,29.8,688107,40.5,47.1,44.4,44,86.8,home,L,Robert Gasser,MIL,location
6,14.1,6,0.79,,6.7,20,3.6,3,1,75.2,110.3,54.5,688642,52,54.1,49.3,42.1,57,High,R,Zach Agnos,COL,osi_tier
0,2.1,0,0.79,,23.5,5.9,0,5,1,50.6,86.8,19.7,688642,64.3,43.4,46.5,37.5,71,Low,R,Zach Agnos,COL,osi_tier
0,3.48,0,0.79,,9.1,9.1,0,2.67,1,48.2,104.6,52.9,688642,52.4,47.1,54.3,64,42,Mid,R,Zach Agnos,COL,osi_tier
6,14.1,6,0.79,,6.7,20,3.6,3,1,75.2,110.3,54.5,688642,52,54.1,49.3,42.1,57,High,R,Zach Agnos,COL,abq_tier
0,2.58,0,0.79,,17.9,7.1,0,3.83,2,49.4,95.7,36.3,688642,58.4,45.2,50.4,50.8,56.5,Mid,R,Zach Agnos,COL,abq_tier
0,2.1,0,0.79,,23.5,5.9,0,5,1,50.6,86.8,19.7,688642,64.3,43.4,46.5,37.5,71,Low,R,Zach Agnos,COL,rcv_tier
3.18,9.1,3.18,0.79,,7.7,15.4,1.8,2.83,2,61.7,107.5,53.7,688642,52.2,50.6,51.8,53.1,49.5,Mid,R,Zach Agnos,COL,rcv_tier
6,14.1,6,0.79,,6.7,20,3.6,3,1,75.2,110.3,54.5,688642,52,54.1,49.3,42.1,57,High,R,Zach Agnos,COL,obr_tier
0,2.58,0,0.79,,17.9,7.1,0,3.83,2,49.4,95.7,36.3,688642,58.4,45.2,50.4,50.8,56.5,Low,R,Zach Agnos,COL,obr_tier
1.69,5.82,1.69,0.79,,14,11.6,1.2,3.56,3,58,100.6,42.4,688642,56.2,48.2,50,47.9,56.7,R,R,Zach Agnos,COL,hand
0,2.58,0,0.79,,17.9,7.1,0,3.83,2,49.4,95.7,36.3,688642,58.4,45.2,50.4,50.8,56.5,away,R,Zach Agnos,COL,location
6,14.1,6,0.79,,6.7,20,3.6,3,1,75.2,110.3,54.5,688642,52,54.1,49.3,42.1,57,home,R,Zach Agnos,COL,location
0,3.85,0,0.64,,16.7,16.7,1.8,1.33,1,48.2,91.5,52.9,689254,46.5,37.9,45.2,52.5,25,Low,L,Mason Fluharty,TOR,osi_tier
3,4.1,0,0.64,,20,20,2.4,1,3,65,98.9,63.6,689254,40.9,60.7,59,69.9,17.3,Mid,L,Mason Fluharty,TOR,osi_tier
3,6.43,0,0.64,,6.2,25,3,1,3,61.2,98.8,64.8,689254,38.1,50.8,54.3,69.7,19.7,Low,L,Mason Fluharty,TOR,abq_tier
0,-1.4,0,0.64,,60,0,0,1.33,1,59.8,92,49.3,689254,54.9,67.6,59.3,53,18,Mid,L,Mason Fluharty,TOR,abq_tier
5.4,8.5,0,0.64,,0,30,3.6,0.83,2,67.6,102.4,70.7,689254,33.8,57.2,58.8,78.4,17,High,L,Mason Fluharty,TOR,rcv_tier
0,1.23,0,0.64,,36.4,9.1,0.9,1.33,2,54,91.7,51.1,689254,50.7,52.8,52.2,52.8,21.5,Mid,L,Mason Fluharty,TOR,rcv_tier
0,3.1,0,0.64,,33.3,22.2,2.7,1,2,68,98,68,689254,45.2,67.7,61.2,65,16,High,L,Mason Fluharty,TOR,obr_tier
3.86,4.81,0,0.64,,8.3,16.7,1.8,1.17,2,53.6,96.2,53.8,689254,39.4,42.3,49.9,66,22.5,Low,L,Mason Fluharty,TOR,obr_tier
2.08,4.02,0,0.64,,19,19,2.25,1.08,4,60.8,97.1,60.9,689254,42.3,55,55.5,65.6,19.2,L,L,Mason Fluharty,TOR,hand
2.08,4.02,0,0.64,,19,19,2.25,1.08,4,60.8,97.1,60.9,689254,42.3,55,55.5,65.6,19.2,away,L,Mason Fluharty,TOR,location
7.71,5.41,1.54,0.8,,12.3,8.8,6.6,3.89,3,36,103.5,26.9,689441,35.5,32.7,45.5,67.3,69.3,Low,R,Coleman Crow,MIL,osi_tier
1.8,1.9,0,0.8,,15.8,0,0,5,1,49.9,108.6,36.5,689441,41.4,45,51.8,67,68,Mid,R,Coleman Crow,MIL,osi_tier
5.94,4.36,1.08,0.8,,13.2,6.6,4.95,4.17,4,39.5,104.8,29.3,689441,37,35.8,47.1,67.2,69,Low,R,Coleman Crow,MIL,abq_tier
7.15,5.39,1.59,0.8,,10.9,7.3,6,3.78,3,39.1,105.3,26.1,689441,34.6,35.7,46.7,68,66.3,High,R,Coleman Crow,MIL,rcv_tier
3.38,2.16,0,0.8,,19,4.8,1.8,5.33,1,40.7,103.1,38.9,689441,44.1,36,48.1,64.9,77,Mid,R,Coleman Crow,MIL,rcv_tier
5.94,4.36,1.08,0.8,,13.2,6.6,4.95,4.17,4,39.5,104.8,29.3,689441,37,35.8,47.1,67.2,69,Low,R,Coleman Crow,MIL,obr_tier
5.94,4.36,1.08,0.8,,13.2,6.6,4.95,4.17,4,39.5,104.8,29.3,689441,37,35.8,47.1,67.2,69,R,R,Coleman Crow,MIL,hand
3.14,3.52,0.63,0.8,,13.8,5.2,3,4.78,3,44,105.7,34,689441,40.6,41,49.6,66,68.7,away,R,Coleman Crow,MIL,location
23.14,9.53,3.86,0.8,,11.1,11.1,10.8,2.33,1,25.9,102.2,15.4,689441,26.2,20,39.3,70.8,70,home,R,Coleman Crow,MIL,location
5.62,4.29,1.12,0.79,,21.9,10.9,6.6,5.33,3,49.3,104.3,42.3,689818,51.4,48.3,55.4,66.4,77.3,Mid,R,David Sandlin,CHW,osi_tier
8.1,5.3,1.8,0.79,,19,9.5,9,5,2,49.9,108.6,36.5,689818,43.4,47.2,54.4,70.3,70.5,Low,R,David Sandlin,CHW,abq_tier
1.5,2.6,0,0.79,,27.3,13.6,1.8,6,1,48,95.7,53.9,689818,67.3,50.5,57.6,58.5,91,Mid,R,David Sandlin,CHW,abq_tier
8.1,5.3,1.8,0.79,,19,9.5,9,5,2,49.9,108.6,36.5,689818,43.4,47.2,54.4,70.3,70.5,High,R,David Sandlin,CHW,rcv_tier
1.5,2.6,0,0.79,,27.3,13.6,1.8,6,1,48,95.7,53.9,689818,67.3,50.5,57.6,58.5,91,Mid,R,David Sandlin,CHW,rcv_tier
5.62,4.29,1.12,0.79,,21.9,10.9,6.6,5.33,3,49.3,104.3,42.3,689818,51.4,48.3,55.4,66.4,77.3,Low,R,David Sandlin,CHW,obr_tier
5.62,4.29,1.12,0.79,,21.9,10.9,6.6,5.33,3,49.3,104.3,42.3,689818,51.4,48.3,55.4,66.4,77.3,R,R,David Sandlin,CHW,hand
18,7.35,2.25,0.79,,17.4,17.4,16.2,4,1,49.9,108.6,36.5,689818,41.4,45,51.8,67,80,away,R,David Sandlin,CHW,location
1.5,3.27,0.75,0.79,,24.4,7.3,1.8,6,2,49,102.2,45.2,689818,56.4,50,57.3,66,76,home,R,David Sandlin,CHW,location
2.25,6.1,2.25,0.83,,27.8,16.7,1.8,4,1,83.5,108.3,53.6,690279,49.3,61.8,67.2,86,75,High,R,Mason Adams,COL,osi_tier
3.6,4.9,1.8,0.83,,25,10,3.6,5,1,48.2,104.6,52.9,690279,52.4,47.1,54.3,64,74,Mid,R,Mason Adams,COL,osi_tier
2.25,6.1,2.25,0.83,,27.8,16.7,1.8,4,1,83.5,108.3,53.6,690279,49.3,61.8,67.2,86,75,Low,R,Mason Adams,COL,abq_tier
3.6,4.9,1.8,0.83,,25,10,3.6,5,1,48.2,104.6,52.9,690279,52.4,47.1,54.3,64,74,Mid,R,Mason Adams,COL,abq_tier
2.25,6.1,2.25,0.83,,27.8,16.7,1.8,4,1,83.5,108.3,53.6,690279,49.3,61.8,67.2,86,75,High,R,Mason Adams,COL,rcv_tier
3.6,4.9,1.8,0.83,,25,10,3.6,5,1,48.2,104.6,52.9,690279,52.4,47.1,54.3,64,74,Mid,R,Mason Adams,COL,rcv_tier
3.6,4.9,1.8,0.83,,25,10,3.6,5,1,48.2,104.6,52.9,690279,52.4,47.1,54.3,64,74,Low,R,Mason Adams,COL,obr_tier
2.25,6.1,2.25,0.83,,27.8,16.7,1.8,4,1,83.5,108.3,53.6,690279,49.3,61.8,67.2,86,75,Mid,R,Mason Adams,COL,obr_tier
3,5.43,2,0.83,,26.3,13.2,2.7,4.5,2,65.9,106.5,53.2,690279,50.8,54.4,60.8,75,74.5,R,R,Mason Adams,COL,hand
3,5.43,2,0.83,,26.3,13.2,2.7,4.5,2,65.9,106.5,53.2,690279,50.8,54.4,60.8,75,74.5,away,R,Mason Adams,COL,location
3.86,5.49,1.65,0.72,,21.7,14.5,4.2,5.44,3,80,107.5,64.9,690928,57.3,79.2,68.9,65.4,93.3,High,R,Hunter Dobbins,STL,osi_tier
3.26,3.41,0.93,0.72,,22.4,7.1,4.5,4.83,4,19.8,92.2,17.9,690928,32.6,24.2,31.9,40.2,87.2,Low,R,Hunter Dobbins,STL,osi_tier
6.23,4.72,0,0.72,,21.1,26.3,5.4,4.33,1,46.2,113.9,40.3,690928,31.9,49.2,56.4,82,79,Mid,R,Hunter Dobbins,STL,osi_tier
5.4,3.3,0,0.72,,18.2,13.6,5.4,5,1,75.2,110.3,54.5,690928,71.8,74.6,68.1,58.1,92,High,R,Hunter Dobbins,STL,abq_tier
3.6,4.43,1.2,0.72,,20.8,10.8,4.5,5,6,33.6,97.9,33.1,690928,33.9,37.2,42,53.1,86.7,Low,R,Hunter Dobbins,STL,abq_tier
3.6,5.3,1.8,0.72,,33.3,19,3.6,5,1,88.5,107.5,53.4,690928,59.2,85.5,70.7,62.1,96,Mid,R,Hunter Dobbins,STL,abq_tier
4.22,6.29,1.69,0.72,,17.8,17.8,4.5,5.33,2,61.2,109.2,63.5,690928,36.4,63.4,62.2,79,85.5,High,R,Hunter Dobbins,STL,rcv_tier
3.26,3.41,0.93,0.72,,22.4,7.1,4.5,4.83,4,19.8,92.2,17.9,690928,32.6,24.2,31.9,40.2,87.2,Low,R,Hunter Dobbins,STL,rcv_tier
4.5,4.3,0.9,0.72,,25.6,16.3,4.5,5,2,81.8,108.9,54,690928,65.5,80,69.4,60.1,94,Mid,R,Hunter Dobbins,STL,rcv_tier
3.86,5.49,1.65,0.72,,21.7,14.5,4.2,5.44,3,80,107.5,64.9,690928,57.3,79.2,68.9,65.4,93.3,High,R,Hunter Dobbins,STL,obr_tier
3.8,3.65,0.76,0.72,,22.1,10.6,4.68,4.73,5,25,96.6,22.4,690928,32.5,29.2,36.8,48.5,85.6,Low,R,Hunter Dobbins,STL,obr_tier
3.82,4.4,1.12,0.72,,22,12.1,4.5,5,8,45.6,100.7,38.3,690928,41.8,48,48.8,54.9,88.5,R,R,Hunter Dobbins,STL,hand
3.9,4.9,1.5,0.72,,21.7,11.6,4.2,5,6,45.7,100.7,38.5,690928,38,47.4,48.8,58,86.5,away,R,Hunter Dobbins,STL,location
3.6,2.9,0,0.72,,22.7,13.6,5.4,5,2,45.5,100.6,37.8,690928,53.2,49.6,49,45.4,94.5,home,R,Hunter Dobbins,STL,location
0,0.24,0,0.73,,38.5,0,0,7,1,45.2,86.8,29.6,690953,47.1,52.7,39.6,19.4,90,Low,R,Mick Abel,MIN,osi_tier
3.6,3.1,0,0.73,,19.1,12.8,5.4,5,2,53.4,107.1,37,690953,62.6,45.7,55.1,60.4,93,Mid,R,Mick Abel,MIN,osi_tier
9,3.85,0,0.73,,13.6,13.6,10.8,4,1,47,110.2,24.8,690953,77.9,42.3,55.1,53.4,84,High,R,Mick Abel,MIN,abq_tier
0,1.33,0,0.73,,31.4,5.9,0,6.5,2,52.5,95.3,39.5,690953,47.2,50.9,47.3,43.4,96,Low,R,Mick Abel,MIN,abq_tier
0,2.6,0,0.73,,24,12,0,6,1,59.8,103.9,49.3,690953,47.3,49.1,55.1,67.4,102,High,R,Mick Abel,MIN,rcv_tier
0,0.24,0,0.73,,38.5,0,0,7,1,45.2,86.8,29.6,690953,47.1,52.7,39.6,19.4,90,Low,R,Mick Abel,MIN,rcv_tier
9,3.85,0,0.73,,13.6,13.6,10.8,4,1,47,110.2,24.8,690953,77.9,42.3,55.1,53.4,84,Mid,R,Mick Abel,MIN,rcv_tier
3.6,3.1,0,0.73,,19.1,12.8,5.4,5,2,53.4,107.1,37,690953,62.6,45.7,55.1,60.4,93,Low,R,Mick Abel,MIN,obr_tier
0,0.24,0,0.73,,38.5,0,0,7,1,45.2,86.8,29.6,690953,47.1,52.7,39.6,19.4,90,Mid,R,Mick Abel,MIN,obr_tier
2.12,1.92,0,0.73,,26,8.2,3.6,5.67,3,50.7,100.3,34.6,690953,57.4,48,49.9,46.7,92,R,R,Mick Abel,MIN,hand
2.12,1.92,0,0.73,,26,8.2,3.6,5.67,3,50.7,100.3,34.6,690953,57.4,48,49.9,46.7,92,home,R,Mick Abel,MIN,location
4.85,4.56,2.08,0.72,,26.6,5.5,5.04,5.2,5,86.5,120.8,53.5,690986,52.2,77.5,72.9,82.3,90.6,High,L,Kyle Harrison,MIL,osi_tier
2.64,3.39,1.61,0.72,,34.6,6.1,3.15,5.11,12,40.9,92.4,33.6,690986,37.9,35.4,41.4,50.8,87.2,Low,L,Kyle Harrison,MIL,osi_tier
4.12,4.02,0.92,0.72,,17.4,8.7,3.24,3.93,5,58.1,99.2,46.5,690986,50.6,59.4,58.2,62.3,76.6,Mid,L,Kyle Harrison,MIL,osi_tier
4.7,2.71,1.17,0.72,,31.4,5.7,3.6,3.83,2,48.8,102.6,22.2,690986,67.9,37,49.8,51.5,79.5,High,L,Kyle Harrison,MIL,abq_tier
2.75,3.41,1.31,0.72,,28.2,5.8,3.12,5.02,15,49.5,97,39.7,690986,36.7,45.5,48.3,59.8,85.2,Low,L,Kyle Harrison,MIL,abq_tier
5.25,5.35,2.62,0.72,,30.8,8.7,5.04,4.8,5,74.7,109.8,52.7,690986,56.3,70.5,65.6,66.6,89.2,Mid,L,Kyle Harrison,MIL,abq_tier
6.94,5.53,2.57,0.72,,26.1,8.1,6.08,4.38,8,75.7,114.7,50.2,690986,48.8,65.6,65.8,78.4,84.1,High,L,Kyle Harrison,MIL,rcv_tier
1.4,3.57,1.4,0.72,,27.4,5.7,3.24,5.13,5,39.2,89.9,29.9,690986,45,39.5,40.9,39.6,87,Low,L,Kyle Harrison,MIL,rcv_tier
1.94,2.6,0.97,0.72,,32.8,5.6,1.6,5.15,9,45.8,93.5,39.1,690986,39.2,43,46.8,56.5,86.1,Mid,L,Kyle Harrison,MIL,rcv_tier
4.64,4.74,1.91,0.72,,26,8.9,4.37,4.71,7,81.2,114.3,57.6,690986,50,74.3,69.2,77,86,High,L,Kyle Harrison,MIL,obr_tier
2.95,3.33,1.55,0.72,,33.7,6.1,3.32,4.92,13,41.7,93.8,32.5,690986,40.1,35.8,42.7,52.3,86.1,Low,L,Kyle Harrison,MIL,obr_tier
2.7,3.6,0.9,0.72,,10,0,2.7,5,2,52,94.5,38.4,690986,48.5,61.3,56.7,57.3,81,Mid,L,Kyle Harrison,MIL,obr_tier
3.45,3.79,1.6,0.72,,29.1,6.5,3.6,4.86,22,55.2,100.4,41,690986,44,50.4,52.4,60.6,85.6,L,L,Kyle Harrison,MIL,hand
5.94,5.88,2.7,0.72,,22.7,7,6.05,4.55,11,58.7,102.7,41.7,690986,49.1,54.1,56.7,64.9,84.1,away,L,Kyle Harrison,MIL,location
1.26,1.96,0.63,0.72,,35.8,6,1.15,5.18,11,51.7,98.1,40.3,690986,38.9,46.7,48.1,56.3,87.1,home,L,Kyle Harrison,MIL,location
2.84,4.36,1.42,0.52,,18.2,4.5,3.6,6.33,1,83.5,108.3,53.6,690990,47,58.9,64,81.9,75,High,R,Cade Horton,CHC,osi_tier
0,6.1,0,0.52,,0,25,1.8,1,1,45.8,94.7,35.8,690990,55.3,46.1,47.6,43.8,17,Low,R,Cade Horton,CHC,osi_tier
2.84,4.36,1.42,0.52,,18.2,4.5,3.6,6.33,1,83.5,108.3,53.6,690990,47,58.9,64,81.9,75,Low,R,Cade Horton,CHC,abq_tier
0,6.1,0,0.52,,0,25,1.8,1,1,45.8,94.7,35.8,690990,55.3,46.1,47.6,43.8,17,Mid,R,Cade Horton,CHC,abq_tier
2.84,4.36,1.42,0.52,,18.2,4.5,3.6,6.33,1,83.5,108.3,53.6,690990,47,58.9,64,81.9,75,High,R,Cade Horton,CHC,rcv_tier
0,6.1,0,0.52,,0,25,1.8,1,1,45.8,94.7,35.8,690990,55.3,46.1,47.6,43.8,17,Low,R,Cade Horton,CHC,rcv_tier
0,6.1,0,0.52,,0,25,1.8,1,1,45.8,94.7,35.8,690990,55.3,46.1,47.6,43.8,17,Low,R,Cade Horton,CHC,obr_tier
2.84,4.36,1.42,0.52,,18.2,4.5,3.6,6.33,1,83.5,108.3,53.6,690990,47,58.9,64,81.9,75,Mid,R,Cade Horton,CHC,obr_tier
2.45,4.6,1.23,0.52,,15.4,7.7,2.7,3.67,2,64.7,101.5,44.7,690990,51.1,52.5,55.8,62.9,46,R,R,Cade Horton,CHC,hand
0,6.1,0,0.52,,0,25,1.8,1,1,45.8,94.7,35.8,690990,55.3,46.1,47.6,43.8,17,away,R,Cade Horton,CHC,location
2.84,4.36,1.42,0.52,,18.2,4.5,3.6,6.33,1,83.5,108.3,53.6,690990,47,58.9,64,81.9,75,home,R,Cade Horton,CHC,location
5.47,4.36,1.82,0.62,,26.1,7.2,7.65,6.17,4,92.3,112.4,55.4,690997,61.2,84.7,75.6,75.5,98.8,High,R,Nolan McLean,NYM,osi_tier
2.64,2.95,0.69,0.62,,28,9.3,2.96,5.6,14,32.7,93.7,24.1,690997,43.2,34.6,39.4,42.2,93.1,Low,R,Nolan McLean,NYM,osi_tier
2.56,3.38,0.68,0.62,,25.1,10.9,2.8,5.85,9,50.2,104.4,45.2,690997,44.9,49.3,54.4,67.1,94,Mid,R,Nolan McLean,NYM,osi_tier
2.08,2.72,0.69,0.62,,28.8,7.7,4.5,6.5,2,98.5,116.8,57.3,690997,68.1,95.7,82.2,76.9,95.5,High,R,Nolan McLean,NYM,abq_tier
2.87,3.38,0.83,0.62,,25.9,9.9,3.49,5.73,17,40.4,99,30.1,690997,38.6,41.5,45.5,55.1,93.5,Low,R,Nolan McLean,NYM,abq_tier
3.77,3.36,0.99,0.62,,27.8,9.1,3.6,5.67,8,49.4,98.1,42.6,690997,57.5,46.2,50.6,50.9,95.4,Mid,R,Nolan McLean,NYM,abq_tier
2.91,3.46,0.97,0.62,,26,8.8,4,6.19,9,62.5,108.9,43.4,690997,45,56.6,60.2,75.1,93.9,High,R,Nolan McLean,NYM,rcv_tier
3.13,2.33,0.66,0.62,,32.5,7.9,3.6,5.47,10,30.9,89.9,21.8,690997,45.2,35,36.5,32.2,92.4,Low,R,Nolan McLean,NYM,rcv_tier
3.18,4.34,0.99,0.62,,20.6,12.2,3.15,5.67,8,50.8,102.9,44.7,690997,49.4,51,54.5,62.4,96.9,Mid,R,Nolan McLean,NYM,rcv_tier
4.26,3.57,1.42,0.62,,30,7.5,4.8,6.33,3,95.2,113.7,56,690997,65.1,92.3,78.4,72,98.3,High,R,Nolan McLean,NYM,obr_tier
3.03,3.16,0.84,0.62,,28.1,9.2,3.13,5.63,19,37.5,98.2,31.2,690997,43.9,37.7,44.1,51.6,92.4,Low,R,Nolan McLean,NYM,obr_tier
2.43,3.74,0.61,0.62,,20,11.5,4.68,5.93,5,56,98.9,41.1,690997,44.5,54.7,54.1,60.3,98.8,Mid,R,Nolan McLean,NYM,obr_tier
3.06,3.32,0.87,0.62,,26.7,9.5,3.6,5.77,27,47.3,100.1,35.8,690997,46.4,46.9,49.8,55.4,94.2,R,R,Nolan McLean,NYM,hand
2.49,2.82,0.59,0.62,,26.8,8.5,3.46,5.85,13,45,98.8,36.2,690997,46.3,42.6,48.1,55.8,93.8,away,R,Nolan McLean,NYM,location
3.62,3.79,1.13,0.62,,26.6,10.4,3.73,5.69,14,49.5,101.2,35.4,690997,46.5,50.9,51.3,55.1,94.6,home,R,Nolan McLean,NYM,location
3.75,3.89,0.75,0.67,,29.3,17.2,3.96,4.8,5,78.7,108.4,60.6,691587,58.2,71.8,69.4,74.7,87,High,R,Eury Pérez,MIA,osi_tier
2.52,3.63,1.19,0.67,,27.3,8.3,2.62,5.52,11,24.9,93.5,19.8,691587,40.8,33.3,37.1,38.9,89.7,Low,R,Eury Pérez,MIA,osi_tier
5.15,4.22,1.24,0.67,,23.3,10.2,5.8,5.63,9,48.5,104.5,40.8,691587,49.5,49.8,55.2,65.6,94.1,Mid,R,Eury Pérez,MIA,osi_tier
2.65,3.57,1.06,0.67,,31.8,12.1,3,5.67,3,65.8,110.3,44.6,691587,75.1,65.3,65,57.6,93,High,R,Eury Pérez,MIA,abq_tier
3.42,4.07,1.14,0.67,,25.1,11.1,3.6,5.57,17,41.3,99.1,29.7,691587,39.8,45.7,47.9,56.3,91.1,Low,R,Eury Pérez,MIA,abq_tier
5.7,3.44,1.14,0.67,,26.1,8.1,6.12,4.73,5,41.1,99,49.8,691587,56.9,39.9,48.5,52.4,88.2,Mid,R,Eury Pérez,MIA,abq_tier
4.68,4.45,1.28,0.67,,27.6,14.4,4.5,5.29,8,58.6,106.4,44.8,691587,40.6,54.2,59.1,77.8,90.5,High,R,Eury Pérez,MIA,rcv_tier
2.11,3.32,0.98,0.67,,27.5,8.3,2.7,5.53,10,24.8,92.6,20.3,691587,42.2,34.5,36.7,35.4,89.3,Low,R,Eury Pérez,MIA,rcv_tier
5.02,4.14,1.19,0.67,,22.6,9.8,5.4,5.38,7,55.4,104.8,46.8,691587,62.8,56.3,58.9,59.3,93.1,Mid,R,Eury Pérez,MIA,rcv_tier
2.25,3.29,0.56,0.67,,31.7,15.9,2.4,5.33,3,75.5,108.4,65.3,691587,63.1,77.2,69.5,65.3,87,High,R,Eury Pérez,MIA,obr_tier
3.44,3.84,1.27,0.67,,26.7,8.9,3.8,5.52,18,33.8,98.2,28.2,691587,45,38.5,43.8,49.1,90.9,Low,R,Eury Pérez,MIA,obr_tier
6.3,4.65,0.9,0.67,,19.3,14.8,6.3,5,4,67.5,104.6,46.3,691587,46.8,62.2,63.8,77.8,92.8,Mid,R,Eury Pérez,MIA,obr_tier
3.72,3.9,1.13,0.67,,26.1,10.6,4.03,5.41,25,44.2,100.4,35.5,691587,47.4,46.9,50.1,55.7,90.8,R,R,Eury Pérez,MIA,hand
4.54,4.35,1.39,0.67,,28.6,13.2,4.37,5.1,14,45.4,101.2,39.6,691587,48.8,45.1,50,56.4,89.4,away,R,Eury Pérez,MIA,location
2.81,3.4,0.84,0.67,,23,7.5,3.6,5.82,11,42.6,99.4,30.4,691587,45.7,49.2,50.3,54.8,92.5,home,R,Eury Pérez,MIA,location
4.26,3.49,1.42,0.76,,26.8,5.4,4.2,4.22,3,88.5,111.1,54.8,691725,53.4,70.4,69.3,79.2,75.7,High,R,Andrew Painter,PHI,osi_tier
4.02,3.21,0.67,0.76,,21.5,7.3,3.6,5.37,10,40.1,94.3,27.6,691725,40.7,37.3,41.6,47,84.1,Low,R,Andrew Painter,PHI,osi_tier
9,7.72,3.1,0.76,,13.8,10.1,8.7,4.83,6,51.4,104.5,44.8,691725,41.8,47.8,52.8,66.4,89.5,Mid,R,Andrew Painter,PHI,osi_tier
10.8,10,5.4,0.76,,16.7,5.6,10.8,3.33,1,98.5,116.8,57.3,691725,68.1,95.7,82.2,76.9,80,High,R,Andrew Painter,PHI,abq_tier
5.87,4.68,1.57,0.76,,21.3,9,5.53,4.93,14,48.8,99.7,35,691725,38,42.7,47.3,59.1,83.6,Low,R,Andrew Painter,PHI,abq_tier
3.91,3.67,0.78,0.76,,14.7,5.3,3.15,5.75,4,48.2,97.7,40.3,691725,54.3,44.4,49,50.6,88.8,Mid,R,Andrew Painter,PHI,abq_tier
7.75,6.29,2.5,0.76,,17.9,8.9,7.65,4.5,8,63,106.7,42.9,691725,42.1,53.5,57.6,73.3,84.2,High,R,Andrew Painter,PHI,rcv_tier
2.37,2.77,0.3,0.76,,19.8,6.3,2.52,6.07,5,37.9,89.4,21.2,691725,43.5,37.6,37.8,34.1,80,Low,R,Andrew Painter,PHI,rcv_tier
6.21,4.48,1.55,0.76,,21.6,8.2,4.5,4.83,6,47,100.5,43.4,691725,43.9,42.6,48.5,58.4,88.5,Mid,R,Andrew Painter,PHI,rcv_tier
10.8,10,5.4,0.76,,16.7,5.6,10.8,3.33,1,98.5,116.8,57.3,691725,68.1,95.7,82.2,76.9,80,High,R,Andrew Painter,PHI,obr_tier
5.91,4.61,1.34,0.76,,17.9,8.6,5.54,5.15,13,42.2,98.1,32,691725,41.7,38.5,44.8,54.3,87.8,Low,R,Andrew Painter,PHI,obr_tier
3.96,3.94,1.44,0.76,,24.8,6.7,3.6,5,5,65.6,102.3,47.1,691725,41.5,54.9,55,64.7,76.8,Mid,R,Andrew Painter,PHI,obr_tier
5.57,4.62,1.51,0.76,,19.6,8,5.31,5.02,19,51.3,100.2,37.3,691725,43.1,45.9,49.5,58.2,84.5,R,R,Andrew Painter,PHI,hand
4.99,4.57,1.38,0.76,,18.8,8.5,4.68,5.23,10,48.1,100.1,33.9,691725,44.3,46.2,49.4,56.9,88.3,away,R,Andrew Painter,PHI,location
6.28,4.68,1.67,0.76,,20.6,7.4,6,4.78,9,54.9,100.2,41.1,691725,41.7,45.5,49.5,59.8,80.2,home,R,Andrew Painter,PHI,location
0,1.1,0,0.53,,33.3,0,0.9,1,2,15.4,95.4,53.3,691799,65.5,11.2,34,37.5,9,Low,R,Grant Taylor,CHW,osi_tier
0,1.1,0,0.53,,30,0,5.4,1.5,2,52.4,99.8,49,691799,49.9,55.7,57.1,63.9,21.5,Mid,R,Grant Taylor,CHW,osi_tier
0,1.1,0,0.53,,25,0,1.8,1,1,56.8,103.9,44.2,691799,38.6,65.5,61.9,74.6,16,Low,R,Grant Taylor,CHW,abq_tier
0,1.1,0,0.53,,33.3,0,3.6,1.33,3,26.2,95.5,53.5,691799,64.1,22.8,40.1,42.7,15,Mid,R,Grant Taylor,CHW,abq_tier
0,1.1,0,0.53,,25,0,1.8,1,1,56.8,103.9,44.2,691799,38.6,65.5,61.9,74.6,16,High,R,Grant Taylor,CHW,rcv_tier
0,1.1,0,0.53,,33.3,0,0.9,1,2,15.4,95.4,53.3,691799,65.5,11.2,34,37.5,9,Low,R,Grant Taylor,CHW,rcv_tier
0,1.1,0,0.53,,33.3,0,9,2,1,48,95.7,53.9,691799,61.2,46,52.4,53.2,27,Mid,R,Grant Taylor,CHW,rcv_tier
0,1.1,0,0.53,,33.3,0,3.6,1.33,3,26.2,95.5,53.5,691799,64.1,22.8,40.1,42.7,15,Low,R,Grant Taylor,CHW,obr_tier
0,1.1,0,0.53,,25,0,1.8,1,1,56.8,103.9,44.2,691799,38.6,65.5,61.9,74.6,16,Mid,R,Grant Taylor,CHW,obr_tier
0,1.1,0,0.53,,31.2,0,3.15,1.25,4,33.9,97.6,51.2,691799,57.7,33.5,45.5,50.7,15.2,R,R,Grant Taylor,CHW,hand
0,1.1,0,0.53,,33.3,0,9,2,1,48,95.7,53.9,691799,61.2,46,52.4,53.2,27,away,R,Grant Taylor,CHW,location
0,1.1,0,0.53,,30,0,1.2,1,3,29.2,98.2,50.3,691799,56.5,29.3,43.3,49.9,11.3,home,R,Grant Taylor,CHW,location
3.67,4.62,0.67,0.68,,19.2,16.8,4.5,4.5,6,38.5,99,26.9,691946,44.1,40,45.5,53,81.8,Low,R,George Klassen,LAA,osi_tier
3.74,4.85,0.83,0.68,,20.8,17.8,4.68,4.33,5,37.1,99.9,25.1,691946,41,38.1,44.4,54.2,80.2,Low,R,George Klassen,LAA,abq_tier
3.38,3.66,0,0.68,,12.5,12.5,3.6,5.33,1,45.8,94.7,35.8,691946,59.5,49.6,51.2,47.1,90,Mid,R,George Klassen,LAA,abq_tier
0,2.39,0,0.68,,28,12,0,7,1,41.4,105.2,26.5,691946,36.3,42,49,66.1,86,High,R,George Klassen,LAA,rcv_tier
5.4,5.58,1.35,0.68,,15.6,14.1,5.4,4.44,3,36,93.8,20,691946,45.6,38.8,41.6,41.9,83,Low,R,George Klassen,LAA,rcv_tier
4.05,5.05,0,0.68,,19.4,25,5.4,3.33,2,40.9,103.8,37.4,691946,45.7,40.7,49.7,63.1,78,Mid,R,George Klassen,LAA,rcv_tier
3.67,4.62,0.67,0.68,,19.2,16.8,4.5,4.5,6,38.5,99,26.9,691946,44.1,40,45.5,53,81.8,Low,R,George Klassen,LAA,obr_tier
3.67,4.62,0.67,0.68,,19.2,16.8,4.5,4.5,6,38.5,99,26.9,691946,44.1,40,45.5,53,81.8,R,R,George Klassen,LAA,hand
3.46,5.02,0.69,0.68,,19.7,19.7,3.6,4.33,3,39,97.4,26.6,691946,37.7,38.8,43.6,53.3,80.3,away,R,George Klassen,LAA,location
3.86,4.24,0.64,0.68,,18.8,14.1,5.4,4.67,3,38.1,100.6,27.2,691946,50.4,41.1,47.5,52.8,83.3,home,R,George Klassen,LAA,location
11.57,8.96,2.57,0.72,,8.1,18.9,13.5,3.5,2,47.9,112.7,24.6,691951,57.2,49.8,44.3,29.1,82.5,Low,L,Sam Aldegheri,LAA,osi_tier
4.34,4.44,0.96,0.72,,13.6,8.6,4.5,4.67,4,52.3,98.9,37.9,691951,51.2,53.5,59.6,72.7,78.8,Mid,L,Sam Aldegheri,LAA,osi_tier
1.8,3.3,0,0.72,,19,14.3,3.6,5,1,47,94,24.8,691951,82.9,45.1,58.6,56.9,74,High,L,Sam Aldegheri,LAA,abq_tier
5.6,5.65,1.53,0.72,,11.5,10.3,6.75,4.42,4,51.9,103.9,39.1,691951,43,56.2,55.5,63.7,82.2,Low,L,Sam Aldegheri,LAA,abq_tier
18,9.77,3,0.72,,5.3,15.8,14.4,3,1,50.6,111.2,19.7,691951,64.3,43.4,46.5,37.5,77,Mid,L,Sam Aldegheri,LAA,abq_tier
5.27,4.86,1.32,0.72,,11.7,6.7,4.8,4.56,3,54.1,100.5,42.2,691951,40.6,56.3,59.9,78,80.3,High,L,Sam Aldegheri,LAA,rcv_tier
11.57,8.96,2.57,0.72,,8.1,18.9,13.5,3.5,2,47.9,112.7,24.6,691951,57.2,49.8,44.3,29.1,82.5,Low,L,Sam Aldegheri,LAA,rcv_tier
1.8,3.3,0,0.72,,19,14.3,3.6,5,1,47,94,24.8,691951,82.9,45.1,58.6,56.9,74,Mid,L,Sam Aldegheri,LAA,rcv_tier
5.54,4.33,0.69,0.72,,14.8,11.5,6.6,4.33,3,48,101.4,24.1,691951,64.1,46.3,54.1,56,77.3,Low,L,Sam Aldegheri,LAA,obr_tier
7.11,7.05,2.13,0.72,,8.8,12.3,8.4,4.22,3,53.7,105.6,42.8,691951,42.3,58.1,54.9,60.3,82.7,Mid,L,Sam Aldegheri,LAA,obr_tier
6.31,5.67,1.4,0.72,,11.9,11.9,7.5,4.28,6,50.8,103.5,33.5,691951,53.2,52.2,54.5,58.2,80,L,L,Sam Aldegheri,LAA,hand
18,9.77,3,0.72,,5.3,15.8,14.4,3,1,50.6,111.2,19.7,691951,64.3,43.4,46.5,37.5,77,away,L,Sam Aldegheri,LAA,location
4.76,5.13,1.19,0.72,,13.1,11.1,6.12,4.53,5,50.9,101.9,36.2,691951,51,54,56.1,62.3,80.6,home,L,Sam Aldegheri,LAA,location
4.5,2.7,0.9,0.66,,32.5,7.5,4.5,5,2,87.4,110.7,72,693433,54.6,86.6,75.1,76.5,91.5,High,R,Bryan Woo,SEA,osi_tier
3.97,3.63,1.36,0.66,,24.9,4.9,3.86,5.67,14,33.4,97.6,21,693433,40.5,33.5,41,49.9,86.9,Low,R,Bryan Woo,SEA,osi_tier
4.58,2.95,0.76,0.66,,22.8,5,4.68,5.9,10,52.9,102.7,47.6,693433,46.1,52,55.9,67.4,89.3,Mid,R,Bryan Woo,SEA,osi_tier
9,3.7,1.8,0.66,,36.4,9.1,9,5,1,98.5,116.8,57.3,693433,68.1,95.7,82.2,76.9,91,High,R,Bryan Woo,SEA,abq_tier
4.2,3.55,1.19,0.66,,23,5.1,4.32,5.68,20,41.6,101,32.1,693433,38.3,41.5,47,59.4,88,Low,R,Bryan Woo,SEA,abq_tier
3.64,2.26,0.61,0.66,,28.7,4.3,2.88,5.93,5,48.1,95.5,43.2,693433,60.8,47.2,52.3,52,88.4,Mid,R,Bryan Woo,SEA,abq_tier
3.98,3.21,1.14,0.66,,27.8,5.9,3.93,5.76,11,56.5,106.2,44.9,693433,40.6,54.7,57.6,73,89.8,High,R,Bryan Woo,SEA,rcv_tier
3.21,2.37,0.51,0.66,,25.7,4.8,3,5.93,9,29.6,95.2,16.5,693433,42.5,30.9,37.5,41.4,88.9,Low,R,Bryan Woo,SEA,rcv_tier
6.54,5.03,1.99,0.66,,17,4.3,6.6,5.28,6,47.2,98.5,45.3,693433,51.4,47.1,52.1,58.3,84.2,Mid,R,Bryan Woo,SEA,rcv_tier
4.5,2.7,0.9,0.66,,32.5,7.5,4.5,5,2,87.4,110.7,72,693433,54.6,86.6,75.1,76.5,91.5,High,R,Bryan Woo,SEA,obr_tier
4.53,3.45,1.17,0.66,,23.8,5,4.26,5.65,19,38.6,99.9,29.7,693433,43.6,37.3,45.6,56.5,87.3,Low,R,Bryan Woo,SEA,obr_tier
3.19,2.94,0.87,0.66,,25,4.8,3.96,6.2,5,52.8,99.3,41.3,693433,40.2,56.2,53.5,60,90.4,Mid,R,Bryan Woo,SEA,obr_tier
4.25,3.3,1.09,0.66,,24.6,5.1,4.22,5.71,26,45.1,100.6,35.2,693433,43.8,44.7,49.4,58.7,88.2,R,R,Bryan Woo,SEA,hand
5.62,3.89,1.35,0.66,,21.7,5.5,6,5.33,15,48.1,102.1,36.8,693433,42.6,47.9,50.5,59.2,87.1,away,R,Bryan Woo,SEA,location
2.63,2.6,0.79,0.66,,28.5,4.6,1.8,6.21,11,41,98.6,33,693433,45.3,40.4,47.8,58,89.6,home,R,Bryan Woo,SEA,location
2.65,2.98,1.06,0.56,,29.4,5.9,3,5.67,3,85.7,111.8,55.1,693645,61.8,75.6,70.9,72.2,98,High,R,Cam Schlittler,NYY,osi_tier
1.5,2.38,0.62,0.56,,31.8,7.5,2.12,5.98,17,31.3,93.4,31.3,693645,43.6,31.2,36.3,37,92.9,Low,R,Cam Schlittler,NYY,osi_tier
2.89,2.65,1.02,0.56,,30.1,3.8,2.8,5.89,9,51.1,103.3,42.9,693645,52.9,46,52.7,60.3,89.9,Mid,R,Cam Schlittler,NYY,osi_tier
2.7,0.66,0,0.56,,32.6,1.1,3.15,5.83,4,66.9,111.9,40.3,693645,72.6,62.2,63.7,59.1,95.2,High,R,Cam Schlittler,NYY,abq_tier
1.88,2.76,0.98,0.56,,33,6.9,2.44,5.92,17,43,96.1,30.1,693645,38.8,41.5,43.1,47.9,91.8,Low,R,Cam Schlittler,NYY,abq_tier
2.08,2.93,0.76,0.56,,26.3,7.2,2.02,5.96,8,31.4,96.5,51.2,693645,56.5,27.1,39.8,42.2,92.8,Mid,R,Cam Schlittler,NYY,abq_tier
3.86,3.45,1.45,0.56,,30.3,5.9,3.6,5.33,7,61.4,105.8,43.2,693645,42,52.8,56.9,72.1,88.9,High,R,Cam Schlittler,NYY,rcv_tier
1.34,2.42,0.62,0.56,,30.7,7.2,1.8,6.21,14,29.5,92,31.6,693645,45.2,30.1,34.6,32.1,96.4,Low,R,Cam Schlittler,NYY,rcv_tier
1.9,1.98,0.57,0.56,,32.2,4.4,2.48,5.92,8,50.8,103.1,42.4,693645,59.5,47.6,52.9,54.3,88.9,Mid,R,Cam Schlittler,NYY,rcv_tier
2.61,0.39,0,0.56,,34.1,0,2.7,5.17,2,86.8,113.6,55.9,693645,68,82.4,72.8,65.3,97.5,High,R,Cam Schlittler,NYY,obr_tier
2.28,2.39,0.84,0.56,,32.7,5.4,2.52,5.92,20,34.8,98.1,35,693645,48.4,31.7,41.5,47.6,91,Low,R,Cam Schlittler,NYY,obr_tier
1.26,3.4,0.84,0.56,,25.9,9.8,2.06,6.14,7,54.3,94.8,38.7,693645,42.8,53,47.2,43.7,95.6,Mid,R,Cam Schlittler,NYY,obr_tier
2.04,2.52,0.79,0.56,,31,6.2,2.42,5.92,29,43.1,98.4,37.4,693645,48.4,40.4,45,47.9,92.5,R,R,Cam Schlittler,NYY,hand
1.14,2.3,0.7,0.56,,31.9,5.2,1.69,6.44,16,39.9,99.4,34,693645,49.6,37.7,44.9,49.7,92.6,away,R,Cam Schlittler,NYY,location
3.41,2.85,0.92,0.56,,29.9,7.6,3.32,5.28,13,47,97.1,41.5,693645,46.9,43.7,45.2,45.6,92.5,home,R,Cam Schlittler,NYY,location
2.25,2.35,0,0.58,,9.1,0,5.4,2.67,3,28.3,97.2,19.2,693686,35.7,26.8,38.8,54.7,36.3,Low,R,Spencer Miles,TOR,osi_tier
12,5.43,2,0.58,,16.3,7,8.4,3,3,54.6,101.2,50.9,693686,44.8,52.7,56.2,68.3,54.3,Mid,R,Spencer Miles,TOR,osi_tier
9,4.31,1.29,0.58,,14.1,4.7,9.45,3.5,4,38.8,101.2,30.1,693686,31,36.3,46,67.7,55.8,Low,R,Spencer Miles,TOR,abq_tier
0,2.43,0,0.58,,8.3,0,1.8,1.5,2,46.9,95.2,44.8,693686,58.9,46.5,50.5,49,24.5,Mid,R,Spencer Miles,TOR,abq_tier
11.45,5.01,1.64,0.58,,13.2,5.7,10.2,3.67,3,47.3,103.4,38.1,693686,33.1,43.9,52,74.8,61.7,High,R,Spencer Miles,TOR,rcv_tier
0,2.1,0,0.58,,13.3,0,5.4,2,2,29.5,94.7,21.1,693686,40,29.7,37.7,45.2,27,Low,R,Spencer Miles,TOR,rcv_tier
0,2.1,0,0.58,,12.5,0,0,2,1,48,95.7,53.9,693686,62.4,46.9,53.5,54.3,33,Mid,R,Spencer Miles,TOR,rcv_tier
1.8,2.3,0,0.58,,9.8,0,4.05,2.5,4,33.2,96.8,27.9,693686,42.4,31.8,42.5,54.6,35.5,Low,R,Spencer Miles,TOR,obr_tier
15.43,6.39,2.57,0.58,,17.1,8.6,12.6,3.5,2,57.9,104,49.4,693686,36,55.5,57.5,75.3,65,Mid,R,Spencer Miles,TOR,obr_tier
7.41,3.98,1.06,0.58,,13.2,3.9,6.9,2.83,6,41.5,99.2,35.1,693686,40.3,39.7,47.5,61.5,45.3,R,R,Spencer Miles,TOR,hand
9,5.1,1.12,0.58,,7.7,7.7,6.6,2.67,3,42.8,100.3,31.8,693686,39.2,42.2,48.3,61.8,47,away,R,Spencer Miles,TOR,location
6,2.99,1,0.58,,18.9,0,7.2,3,3,40.1,98.2,38.3,693686,41.4,37.2,46.7,61.2,43.7,home,R,Spencer Miles,TOR,location
3.96,3.76,0.99,0.71,,20.4,7.6,4.5,6.06,6,87.1,111.5,55,693821,58.2,73.8,71,76.8,92.3,High,R,Bryce Elder,ATL,osi_tier
4.86,4.62,1.47,0.71,,17.6,7,5.14,5.69,14,36.5,94.9,28.5,693821,44.3,34.8,41.1,46,84.7,Low,R,Bryce Elder,ATL,osi_tier
2.45,5.28,1.91,0.71,,21.5,9.6,2.7,5.5,6,50.2,105.7,39.3,693821,38,50.4,54,69.5,84.2,Mid,R,Bryce Elder,ATL,osi_tier
5.6,2.7,0.51,0.71,,23.5,7.4,6.6,5.89,3,90.7,114.7,56.4,693821,68,87,76,69.3,92,High,R,Bryce Elder,ATL,abq_tier
4.29,5.07,1.68,0.71,,17.5,8.1,4.36,5.63,19,47.4,101.2,35.1,693821,39.7,43.8,48.9,61.3,85.6,Low,R,Bryce Elder,ATL,abq_tier
2.22,3.63,1.11,0.71,,23.2,6.3,3.15,6.08,4,40.6,90.9,32.1,693821,59.6,35,42,37.4,85.8,Mid,R,Bryce Elder,ATL,abq_tier
3.38,4.87,1.62,0.71,,20.6,9.2,3.3,5.56,12,62.9,108.3,42.3,693821,43.1,55.1,59.4,75.9,86.7,High,R,Bryce Elder,ATL,rcv_tier
5.23,4.55,1.39,0.71,,15,5.8,6,5.74,9,37.4,90.4,28.3,693821,48.5,37.2,39.3,35.2,86.3,Low,R,Bryce Elder,ATL,rcv_tier
3.82,3.88,1.17,0.71,,23.2,8,4.32,6.13,5,48.8,103.8,40.4,693821,48.6,47.5,51.8,59.1,85.6,Mid,R,Bryce Elder,ATL,rcv_tier
5.6,2.7,0.51,0.71,,23.5,7.4,6.6,5.89,3,90.7,114.7,56.4,693821,68,87,76,69.3,92,High,R,Bryce Elder,ATL,obr_tier
4.08,4.82,1.59,0.71,,19.2,8.2,4.39,5.65,16,38.7,99.2,31.1,693821,42.3,35.9,44.6,56.2,84.6,Low,R,Bryce Elder,ATL,obr_tier
3.51,4.78,1.54,0.71,,16.9,7,3.6,5.86,7,63.4,100,42.6,693821,45.1,56.7,54.7,59.2,87.9,Mid,R,Bryce Elder,ATL,obr_tier
4.11,4.56,1.45,0.71,,19.1,7.7,4.43,5.73,26,51.4,101.2,37.1,693821,46,47.4,51,58.6,86.3,R,R,Bryce Elder,ATL,hand
4.93,5.11,1.97,0.71,,24.6,10.1,6,5.07,9,53.5,101.7,35.4,693821,44.8,51,53,61.1,81.4,away,R,Bryce Elder,ATL,location
3.75,4.31,1.22,0.71,,16.6,6.7,3.6,6.08,17,50.2,100.9,38,693821,46.7,45.5,49.9,57.2,88.9,home,R,Bryce Elder,ATL,location
5.4,4.1,1.8,0.72,,18.2,0,5.4,5,1,83.5,120.7,53.6,693855,48.9,75,77.7,101.2,81,High,L,Ian Seymour,TBR,osi_tier
4.15,3.99,2.08,0.72,,32.2,4.8,4.11,4.95,7,31.9,89.9,35,693855,44.7,37.9,41.2,42.4,78.9,Low,L,Ian Seymour,TBR,osi_tier
4.91,4.74,2.95,0.72,,40.5,5.4,4.05,4.58,4,55.9,108.5,47.5,693855,45.5,65.7,62,69.5,75.8,Mid,L,Ian Seymour,TBR,osi_tier
4.73,3.35,1.8,0.72,,32.9,3.5,4.5,5,8,47,97.7,40.3,693855,38.9,50.7,50.8,59.4,80.9,Low,L,Ian Seymour,TBR,abq_tier
4,6.21,3.5,0.72,,34.7,6.9,3.6,4.5,4,38.4,100.7,41.6,693855,58,49.4,51.8,50.2,72.2,Mid,L,Ian Seymour,TBR,abq_tier
4.96,3.41,2.2,0.72,,36.2,1.4,4.8,5.44,3,72.2,108.9,61.5,693855,39.3,67.8,67.2,86.3,89.3,High,L,Ian Seymour,TBR,rcv_tier
4.87,4.53,2.21,0.72,,29.7,6.6,5.85,5.08,4,25,86.1,32.3,693855,44.4,38.3,36.6,29,89,Low,L,Ian Seymour,TBR,rcv_tier
3.8,4.6,2.53,0.72,,35.4,4.9,2.52,4.27,5,42.7,102.6,35,693855,49.6,49.3,53.2,60.3,62.4,Mid,L,Ian Seymour,TBR,rcv_tier
5.19,4.48,2.6,0.72,,35.7,4.3,4.5,4.33,4,62.6,113.2,49.9,693855,50,70.4,67.2,75.9,72.8,High,L,Ian Seymour,TBR,obr_tier
4.15,3.99,2.08,0.72,,32.2,4.8,4.11,4.95,7,31.9,89.9,35,693855,44.7,37.9,41.2,42.4,78.9,Low,L,Ian Seymour,TBR,obr_tier
4.5,4.93,3,0.72,,34.6,3.8,3.6,6,1,56.8,101.8,44.2,693855,31.2,56.2,56.8,75.7,93,Mid,L,Ian Seymour,TBR,obr_tier
4.5,4.24,2.33,0.72,,33.5,4.5,4.2,4.83,12,44.2,98.7,40.7,693855,45.3,50.3,51.2,56.4,78,L,L,Ian Seymour,TBR,hand
3,3.62,1.71,0.72,,32.6,5.8,3.15,5.25,4,34.2,95.3,30.9,693855,45.1,44.4,42.8,39.2,83,away,L,Ian Seymour,TBR,location
5.35,4.59,2.68,0.72,,34,3.8,4.73,4.62,8,49.1,100.4,45.7,693855,45.4,53.2,55.4,64.9,75.5,home,L,Ian Seymour,TBR,location
2.84,3.68,0.47,0.67,,9.6,5.5,1.8,6.33,3,95.2,113.7,56,694297,66.4,94.2,79.9,73.4,91,High,R,Brandon Pfaadt,ARI,osi_tier
3.93,5.14,1.83,0.67,,14.6,4.9,3,5.72,6,34.4,93.1,27.3,694297,37.6,37.3,39.9,44.6,87,Low,R,Brandon Pfaadt,ARI,osi_tier
1.98,2.49,0.25,0.67,,17.9,3.6,2.4,6.06,6,49.1,103.8,43.8,694297,46.4,50.9,55.2,66.3,85.7,Mid,R,Brandon Pfaadt,ARI,osi_tier
1.46,2.94,0,0.67,,8.9,4.4,0,6.17,2,98.5,116.8,57.3,694297,69.2,97.2,83.5,78.1,85,High,R,Brandon Pfaadt,ARI,abq_tier
3.05,3.9,1.07,0.67,,15.4,4.2,2.7,5.9,10,40.5,97.2,32.1,694297,39.7,43.4,46,53.5,87,Low,R,Brandon Pfaadt,ARI,abq_tier
3.44,3.86,0.98,0.67,,16.7,5.6,3.6,6.11,3,61.6,105.6,53.1,694297,55.8,61.3,61.1,64.7,89.7,Mid,R,Brandon Pfaadt,ARI,abq_tier
2.35,3.17,0.29,0.67,,11.2,4.3,1.8,6.13,5,65.8,110.7,43.9,694297,49.3,63,64.3,76.6,84.4,High,R,Brandon Pfaadt,ARI,rcv_tier
5.09,6.5,3.06,0.67,,19.7,5.3,4.8,5.89,3,25.6,89.5,23.9,694297,39,34.1,33.4,28.6,94,Low,R,Brandon Pfaadt,ARI,rcv_tier
2.4,3.03,0.44,0.67,,15.2,4.2,2.06,5.9,7,54.4,100,43.4,694297,48.6,56.3,55.5,59.6,86.4,Mid,R,Brandon Pfaadt,ARI,rcv_tier
2.84,3.68,0.47,0.67,,9.6,5.5,1.8,6.33,3,95.2,113.7,56,694297,66.4,94.2,79.9,73.4,91,High,R,Brandon Pfaadt,ARI,obr_tier
3.04,3.85,0.84,0.67,,13.4,5.1,3.2,5.93,9,40.4,99.8,36.6,694297,40.6,40.7,47,58.8,86.7,Low,R,Brandon Pfaadt,ARI,obr_tier
2.6,3.56,1.56,0.67,,25,1.5,1.2,5.78,3,45.8,94.1,32.4,694297,46.1,54.3,49.1,45.4,85.3,Mid,R,Brandon Pfaadt,ARI,obr_tier
2.91,3.76,0.9,0.67,,14.8,4.5,2.52,5.98,15,52.5,101.5,39.7,694297,46.9,54.1,54,59,87.3,R,R,Brandon Pfaadt,ARI,hand
2.57,3.46,1.07,0.67,,20,3.5,2.06,6,7,50.3,100.7,39.1,694297,45.5,53.2,51.9,55,88.4,away,R,Brandon Pfaadt,ARI,location
3.21,4.02,0.76,0.67,,10.2,5.3,2.92,5.96,8,54.3,102.2,40.2,694297,48.1,54.9,55.9,62.6,86.2,home,R,Brandon Pfaadt,ARI,location
0,1.1,0,0.83,,25,0,3.6,1,1,75.2,110.3,54.5,694335,71.8,74.6,68.1,58.1,14,High,R,Matt Svanson,STL,osi_tier
0,1.1,0,0.83,,25,0,3.6,1,1,75.2,110.3,54.5,694335,71.8,74.6,68.1,58.1,14,High,R,Matt Svanson,STL,abq_tier
0,1.1,0,0.83,,25,0,3.6,1,1,75.2,110.3,54.5,694335,71.8,74.6,68.1,58.1,14,Mid,R,Matt Svanson,STL,rcv_tier
0,1.1,0,0.83,,25,0,3.6,1,1,75.2,110.3,54.5,694335,71.8,74.6,68.1,58.1,14,High,R,Matt Svanson,STL,obr_tier
0,1.1,0,0.83,,25,0,3.6,1,1,75.2,110.3,54.5,694335,71.8,74.6,68.1,58.1,14,R,R,Matt Svanson,STL,hand
0,1.1,0,0.83,,25,0,3.6,1,1,75.2,110.3,54.5,694335,71.8,74.6,68.1,58.1,14,home,R,Matt Svanson,STL,location
12.27,13.74,7.36,1.08,,16.7,11.1,10.8,3.67,1,49.9,108.6,36.5,694341,39.1,42.5,48.9,63.2,87,Mid,R,Brendan Beck,NYY,osi_tier
12.27,13.74,7.36,1.08,,16.7,11.1,10.8,3.67,1,49.9,108.6,36.5,694341,39.1,42.5,48.9,63.2,87,Low,R,Brendan Beck,NYY,abq_tier
12.27,13.74,7.36,1.08,,16.7,11.1,10.8,3.67,1,49.9,108.6,36.5,694341,39.1,42.5,48.9,63.2,87,High,R,Brendan Beck,NYY,rcv_tier
12.27,13.74,7.36,1.08,,16.7,11.1,10.8,3.67,1,49.9,108.6,36.5,694341,39.1,42.5,48.9,63.2,87,Low,R,Brendan Beck,NYY,obr_tier
12.27,13.74,7.36,1.08,,16.7,11.1,10.8,3.67,1,49.9,108.6,36.5,694341,39.1,42.5,48.9,63.2,87,R,R,Brendan Beck,NYY,hand
12.27,13.74,7.36,1.08,,16.7,11.1,10.8,3.67,1,49.9,108.6,36.5,694341,39.1,42.5,48.9,63.2,87,home,R,Brendan Beck,NYY,location
5.59,5.58,1.86,0.88,,21.3,12.8,5.4,4.83,2,87.4,110.7,72,694346,54.6,86.6,75.1,76.5,92,High,R,Trey Gibson,BAL,osi_tier
5.19,4.48,1.04,0.88,,13.5,8.1,6.3,4.33,2,27.1,99.6,21.1,694346,34.5,28.1,38,52,67,Low,R,Trey Gibson,BAL,osi_tier
10.66,8.71,2.84,0.88,,19.4,22.4,9,4.22,3,50.7,104,37.7,694346,53.9,49.9,56.2,65.2,90.3,Mid,R,Trey Gibson,BAL,osi_tier
3.37,3.66,0,0.88,,18,16,2.7,5.33,2,72.8,113.5,41,694346,73.4,69.2,68.9,65.4,98.5,High,R,Trey Gibson,BAL,abq_tier
9.74,8.07,3.1,0.88,,18.8,15.8,9,4.07,5,47.1,101.1,43.5,694346,38.6,48.2,51.4,64.3,78.4,Low,R,Trey Gibson,BAL,abq_tier
10.22,7.8,2.92,0.88,,22.1,17.6,9,4.11,3,77.9,108.5,66.2,694346,48.7,74.9,69.6,78.6,87.3,High,R,Trey Gibson,BAL,rcv_tier
4.5,5.35,2.25,0.88,,27.8,11.1,3.6,4,1,13.3,94.7,6.4,694346,24.2,13.1,27.3,45.7,66,Low,R,Trey Gibson,BAL,rcv_tier
6.14,5.83,1.23,0.88,,12.3,15.4,6.6,4.89,3,44.7,104.1,31.5,694346,56.5,47.1,52.9,57,87,Mid,R,Trey Gibson,BAL,rcv_tier
5.59,5.58,1.86,0.88,,21.3,12.8,5.4,4.83,2,87.4,110.7,72,694346,54.6,86.6,75.1,76.5,92,High,R,Trey Gibson,BAL,obr_tier
3.77,4.63,0.63,0.88,,9.8,11.5,4.2,4.78,3,33.8,103.1,22.4,694346,49.2,33,43.9,52.6,78,Low,R,Trey Gibson,BAL,obr_tier
18,11.81,5.14,0.88,,27.9,25.6,13.5,3.5,2,52.6,100.9,44.2,694346,41.5,53.5,56.5,70.8,85.5,Mid,R,Trey Gibson,BAL,obr_tier
7.55,6.55,2.03,0.88,,18.5,15.9,7.2,4.43,7,54.5,104.7,42.8,694346,48.5,54.2,56.4,64.6,84.1,R,R,Trey Gibson,BAL,hand
5.27,5.51,1.98,0.88,,23.1,12.3,4.8,4.56,3,62.7,105.4,50.2,694346,44.4,62.1,59.1,66.2,83.3,away,R,Trey Gibson,BAL,location
9.35,7.37,2.08,0.88,,15.1,18.6,9,4.33,4,48.3,104.1,37.3,694346,51.6,48.2,54.4,63.4,84.8,home,R,Trey Gibson,BAL,location
18,3.1,0,0.8,,0,0,3.6,1,1,59.8,103.9,49.3,694360,46.8,48.6,54.5,66.7,25,Mid,R,Beck Way,KCR,osi_tier
18,3.1,0,0.8,,0,0,3.6,1,1,59.8,103.9,49.3,694360,46.8,48.6,54.5,66.7,25,Low,R,Beck Way,KCR,abq_tier
18,3.1,0,0.8,,0,0,3.6,1,1,59.8,103.9,49.3,694360,46.8,48.6,54.5,66.7,25,High,R,Beck Way,KCR,rcv_tier
18,3.1,0,0.8,,0,0,3.6,1,1,59.8,103.9,49.3,694360,46.8,48.6,54.5,66.7,25,Low,R,Beck Way,KCR,obr_tier
18,3.1,0,0.8,,0,0,3.6,1,1,59.8,103.9,49.3,694360,46.8,48.6,54.5,66.7,25,R,R,Beck Way,KCR,hand
18,3.1,0,0.8,,0,0,3.6,1,1,59.8,103.9,49.3,694360,46.8,48.6,54.5,66.7,25,away,R,Beck Way,KCR,location
9,1.1,0,0.7,,16.7,0,1.8,1,1,76.2,104.6,86.8,694361,41,77.6,67.9,76.1,24,High,R,Will Klein,LAD,osi_tier
0,1.1,0,0.7,,25,0,0,2,1,13.3,94.7,6.4,694361,24.2,13.1,27.3,45.7,32,Low,R,Will Klein,LAD,osi_tier
9,15.1,9,0.7,,33.3,16.7,1.8,1,1,49.9,108.6,36.5,694361,41.4,45,51.8,67,32,Mid,R,Will Klein,LAD,osi_tier
4.5,4.6,2.25,0.7,,25,5,1.2,1.33,3,46.5,102.6,43.2,694361,35.5,45.2,49,62.9,29.3,Low,R,Will Klein,LAD,abq_tier
9,8.1,4.5,0.7,,25,8.3,1.8,1,2,63.1,106.6,61.6,694361,41.2,61.3,59.8,71.6,28,High,R,Will Klein,LAD,rcv_tier
0,1.1,0,0.7,,25,0,0,2,1,13.3,94.7,6.4,694361,24.2,13.1,27.3,45.7,32,Low,R,Will Klein,LAD,rcv_tier
9,1.1,0,0.7,,16.7,0,1.8,1,1,76.2,104.6,86.8,694361,41,77.6,67.9,76.1,24,High,R,Will Klein,LAD,obr_tier
3,5.77,3,0.7,,28.6,7.1,0.9,1.5,2,31.6,101.7,21.4,694361,32.8,29,39.6,56.4,32,Low,R,Will Klein,LAD,obr_tier
4.5,4.6,2.25,0.7,,25,5,1.2,1.33,3,46.5,102.6,43.2,694361,35.5,45.2,49,62.9,29.3,R,R,Will Klein,LAD,hand
4.5,4.6,2.25,0.7,,25,5,1.2,1.33,3,46.5,102.6,43.2,694361,35.5,45.2,49,62.9,29.3,away,R,Will Klein,LAD,location
5.06,4.6,1.69,0.95,,18.2,4.5,5.4,5.33,1,52,93.8,38.4,694462,38.6,47.7,46.5,50.7,76,Low,R,Hurston Waldrep,ATL,osi_tier
18.9,14.2,5.4,0.95,,9.1,22.7,12.6,3.33,1,46.2,113.9,40.3,694462,31.9,49.2,56.4,82,84,Mid,R,Hurston Waldrep,ATL,osi_tier
10.38,8.29,3.12,0.95,,13.6,13.6,9,4.33,2,49.1,103.8,39.3,694462,35.3,48.4,51.5,66.3,80,Low,R,Hurston Waldrep,ATL,abq_tier
18.9,14.2,5.4,0.95,,9.1,22.7,12.6,3.33,1,46.2,113.9,40.3,694462,31.9,49.2,56.4,82,84,High,R,Hurston Waldrep,ATL,rcv_tier
5.06,4.6,1.69,0.95,,18.2,4.5,5.4,5.33,1,52,93.8,38.4,694462,38.6,47.7,46.5,50.7,76,Mid,R,Hurston Waldrep,ATL,rcv_tier
10.38,8.29,3.12,0.95,,13.6,13.6,9,4.33,2,49.1,103.8,39.3,694462,35.3,48.4,51.5,66.3,80,Low,R,Hurston Waldrep,ATL,obr_tier
10.38,8.29,3.12,0.95,,13.6,13.6,9,4.33,2,49.1,103.8,39.3,694462,35.3,48.4,51.5,66.3,80,R,R,Hurston Waldrep,ATL,hand
18.9,14.2,5.4,0.95,,9.1,22.7,12.6,3.33,1,46.2,113.9,40.3,694462,31.9,49.2,56.4,82,84,away,R,Hurston Waldrep,ATL,location
5.06,4.6,1.69,0.95,,18.2,4.5,5.4,5.33,1,52,93.8,38.4,694462,38.6,47.7,46.5,50.7,76,home,R,Hurston Waldrep,ATL,location
3.79,3.26,0,0.68,,18.5,13.6,3.6,4.75,4,42.5,92.5,37.5,694477,49.3,37,42.1,42.8,76,Low,R,Chad Patrick,MIL,osi_tier
0.96,4.28,0.96,0.68,,17.9,10.3,0.9,4.67,2,53.5,99.9,54.2,694477,48,47.2,53.9,65.6,80,Mid,R,Chad Patrick,MIL,osi_tier
4.63,3.44,0.77,0.68,,21.4,8.9,3.6,3.89,3,54.3,97.3,43.8,694477,37.6,48.3,49.8,60.1,66.3,Low,R,Chad Patrick,MIL,abq_tier
1.62,3.7,0,0.68,,15.6,15.6,1.8,5.56,3,38,92.6,42.3,694477,60.1,32.5,42.3,40.7,88.3,Mid,R,Chad Patrick,MIL,abq_tier
2.08,4.95,2.08,0.68,,21.1,5.3,1.8,4.33,1,59.1,104.1,54.6,694477,34.8,48.5,55.4,78,74,High,R,Chad Patrick,MIL,rcv_tier
2.31,3.7,0,0.68,,15.9,15.9,2.7,5.83,2,33,91.1,36.5,694477,59.6,25.8,37.2,34.4,89.5,Low,R,Chad Patrick,MIL,rcv_tier
3.65,3.02,0,0.68,,19.3,12.3,3,4.11,3,50.6,94.5,43.6,694477,46.4,47.4,48.8,51.9,70.3,Mid,R,Chad Patrick,MIL,rcv_tier
3,3.35,0,0.68,,17.8,13.9,2.88,4.8,5,43.6,93.1,40.7,694477,51.7,38.8,44.2,44.9,78,Low,R,Chad Patrick,MIL,obr_tier
2.08,4.95,2.08,0.68,,21.1,5.3,1.8,4.33,1,59.1,104.1,54.6,694477,34.8,48.5,55.4,78,74,Mid,R,Chad Patrick,MIL,obr_tier
2.86,3.59,0.32,0.68,,18.3,12.5,2.7,4.72,6,46.2,95,43.1,694477,48.9,40.4,46,50.4,77.3,R,R,Chad Patrick,MIL,hand
4.32,3.58,0,0.68,,17.5,15,3.6,4.17,2,50,94.8,46.1,694477,50.5,47.6,50.2,52.7,75,away,R,Chad Patrick,MIL,location
2.25,3.6,0.45,0.68,,18.8,11.2,2.25,5,4,44.2,95,41.5,694477,48.1,36.8,44,49.3,78.5,home,R,Chad Patrick,MIL,location
6.99,4.09,0.64,0.66,,22.8,15.7,6.3,4.72,6,87.4,111.6,55.1,694738,67.4,86.6,74.8,66.7,99,High,R,Landen Roupp,SFG,osi_tier
3.65,3.94,0.91,0.66,,19.7,9.3,4.5,5.75,12,38.1,93.3,26.9,694738,51.8,38.6,43.3,42.8,94,Low,R,Landen Roupp,SFG,osi_tier
3.23,2.83,0.38,0.66,,25.8,10.6,3,5.26,9,49.2,104.2,38.7,694738,46.7,50.6,55,66.1,91.2,Mid,R,Landen Roupp,SFG,osi_tier
8.46,3.73,0.4,0.66,,23.4,15.9,7.2,4.47,5,78.9,112.9,49.7,694738,72.2,77.6,71.9,65.4,95.8,High,R,Landen Roupp,SFG,abq_tier
3.04,3.14,0.49,0.66,,23.7,10.3,3.6,5.69,13,41.7,101.1,32.7,694738,40.4,45.9,49.2,59.4,93.3,Low,R,Landen Roupp,SFG,abq_tier
3.91,4.26,1.12,0.66,,19.8,9.7,4,5.37,9,54.3,94.2,36.5,694738,62.2,50.3,51.6,45.6,94.6,Mid,R,Landen Roupp,SFG,abq_tier
2.7,2.96,0.25,0.66,,25.5,13.1,2.31,5.24,7,64.6,110.1,45.2,694738,47.1,64.6,64.1,75.7,95.1,High,R,Landen Roupp,SFG,rcv_tier
4.28,4.01,0.93,0.66,,19.7,9.9,5,5.37,9,37.2,89.8,23.3,694738,54.2,38.6,41.6,36.1,92.2,Low,R,Landen Roupp,SFG,rcv_tier
4.98,3.67,0.75,0.66,,22.6,10.9,5.24,5.42,11,57.9,104.3,43.3,694738,57.1,57.9,58.2,59.5,95.2,Mid,R,Landen Roupp,SFG,rcv_tier
6.99,4.09,0.64,0.66,,22.8,15.7,6.3,4.72,6,87.4,111.6,55.1,694738,67.4,86.6,74.8,66.7,99,High,R,Landen Roupp,SFG,obr_tier
3.52,3.52,0.72,0.66,,21.8,9.6,3.9,5.54,18,41.7,97.7,31.1,694738,50.9,41.6,47.4,51.4,92.7,Low,R,Landen Roupp,SFG,obr_tier
3.24,3.28,0.54,0.66,,24.3,11.4,3.6,5.56,3,49.7,99.8,37.3,694738,41.8,56.2,54.2,61,93.3,Mid,R,Landen Roupp,SFG,obr_tier
4.17,3.6,0.68,0.66,,22.3,11.1,4.4,5.36,27,52.8,101,37.1,694738,53.6,53.2,54.2,55.9,94.2,R,R,Landen Roupp,SFG,hand
4.27,3.65,0.68,0.66,,21.8,11.2,3.96,5.33,15,54.4,100.9,37.4,694738,53.3,54.1,54.5,55.9,92,away,R,Landen Roupp,SFG,location
4.04,3.55,0.7,0.66,,23,10.9,4.95,5.39,12,50.7,101.1,36.8,694738,53.9,52.2,53.9,55.9,96.9,home,R,Landen Roupp,SFG,location
1.89,2.38,0.54,0.48,,35.4,10.8,2.1,5.56,6,87.3,108.7,59.6,694819,55.4,80.9,70.7,70,91.8,High,R,Jacob Misiorowski,MIL,osi_tier
1.81,1.91,0.9,0.48,,41.2,5.1,2.63,6.13,13,29.6,94,24.7,694819,38.4,35,37.4,39.5,88.9,Low,R,Jacob Misiorowski,MIL,osi_tier
2.36,2.24,0.86,0.48,,35.5,6,1.54,6,7,49.2,106.3,42.3,694819,46.5,46.3,52.8,64.7,93.3,Mid,R,Jacob Misiorowski,MIL,osi_tier
2.25,2.77,0.75,0.48,,26.5,6.1,2.7,6,2,72.8,113.5,41,694819,71.1,68,67.3,63.9,96,High,R,Jacob Misiorowski,MIL,abq_tier
1.72,1.63,0.74,0.48,,42.8,5.9,2.2,6.09,18,40.6,98,31.9,694819,37.7,42.9,44.4,50.9,90.7,Low,R,Jacob Misiorowski,MIL,abq_tier
2.7,3.4,1.08,0.48,,29.1,9,2.1,5.56,6,62.9,104.5,53.2,694819,55.9,59.2,57.6,57,89.3,Mid,R,Jacob Misiorowski,MIL,abq_tier
1.74,1.77,0.65,0.48,,39.2,6.3,1.29,5.9,7,65,108.8,50.8,694819,42.6,59,60.4,74.8,92.1,High,R,Jacob Misiorowski,MIL,rcv_tier
1.84,2.11,1.01,0.48,,41.2,5.5,2.6,5.96,9,22,91.8,19.9,694819,37.8,31.2,32.8,31.1,85.8,Low,R,Jacob Misiorowski,MIL,rcv_tier
2.25,2.32,0.75,0.48,,35.3,7.7,2.52,6,10,60,103.1,44,694819,51.8,57.1,56.2,58.3,94.3,Mid,R,Jacob Misiorowski,MIL,rcv_tier
2.25,2.6,0.64,0.48,,33.9,10.7,2.52,5.6,5,88,108.8,60.9,694819,56.6,84.7,71.4,66.8,93.2,High,R,Jacob Misiorowski,MIL,obr_tier
1.98,2.11,0.95,0.48,,38,4.6,2.54,6.14,17,34,98.7,29.3,694819,41.2,36.8,41.8,47.9,89.5,Low,R,Jacob Misiorowski,MIL,obr_tier
1.59,1.42,0.4,0.48,,45.9,10.6,0.45,5.67,4,58.5,99.2,42.9,694819,43.5,53.7,53.2,59.6,93.2,Mid,R,Jacob Misiorowski,MIL,obr_tier
1.97,2.1,0.81,0.48,,38.3,6.6,2.22,5.96,26,48.2,100.7,37.5,694819,44.5,48.6,49.2,53.3,90.8,R,R,Jacob Misiorowski,MIL,hand
2.39,2.07,0.5,0.48,,34.5,7.9,2.55,5.97,12,53.1,101.3,36.5,694819,46.2,53.5,52.2,55.2,91.6,away,R,Jacob Misiorowski,MIL,location
1.62,2.13,1.08,0.48,,41.7,5.4,1.93,5.95,14,44,100.2,38.4,694819,43,44.5,46.6,51.8,90.1,home,R,Jacob Misiorowski,MIL,location
5.26,4.66,1.4,0.7,,19.6,9.3,5.4,5.13,5,33.5,95.3,17.9,694918,46.2,41.5,41.2,37.3,90.4,Low,R,Blade Tidwell,SFG,osi_tier
3.92,3.39,0.44,0.7,,20.2,10.7,4.05,5.17,4,29.3,97.4,17.5,694918,41.2,40.7,39.5,36.9,88,Low,R,Blade Tidwell,SFG,abq_tier
10.8,9.9,5.4,0.7,,17.4,4.3,10.8,5,1,50.6,86.8,19.7,694918,66.3,44.7,47.9,38.7,100,Mid,R,Blade Tidwell,SFG,abq_tier
1.59,1.51,0,0.7,,27.3,4.5,1.8,5.67,1,41.4,105.2,26.5,694918,37.4,43.3,50.5,68.1,96,High,R,Blade Tidwell,SFG,rcv_tier
6.3,5.55,1.8,0.7,,17.6,10.6,6.3,5,4,31.6,92.8,15.8,694918,48.4,41,38.8,29.5,89,Low,R,Blade Tidwell,SFG,rcv_tier
6.75,5.5,1.8,0.7,,16.3,9.3,6.75,5,4,30.6,97.4,15,694918,46.1,38.8,41.7,41.8,89.8,Low,R,Blade Tidwell,SFG,obr_tier
0,1.69,0,0.7,,33.3,9.5,0,5.67,1,45.2,86.8,29.6,694918,46.6,52.2,39.2,19.2,93,Mid,R,Blade Tidwell,SFG,obr_tier
5.26,4.66,1.4,0.7,,19.6,9.3,5.4,5.13,5,33.5,95.3,17.9,694918,46.2,41.5,41.2,37.3,90.4,R,R,Blade Tidwell,SFG,hand
1.69,2.07,0,0.7,,23.3,7,1.8,5.33,2,36.4,94.7,19.7,694918,44,39.3,38.2,32.8,96.5,away,R,Blade Tidwell,SFG,location
7.8,6.5,2.4,0.7,,17.2,10.9,7.8,5,3,31.6,95.6,16.8,694918,47.7,42.9,43.2,40.2,86.3,home,R,Blade Tidwell,SFG,location
3.15,1.7,0.22,0.67,,34.8,8.4,2.83,5.71,7,83.5,110.2,54.5,694973,66.8,81.9,73.4,68.5,95.3,High,R,Paul Skenes,PIT,osi_tier
4.99,3.57,1.41,0.67,,28.1,6.7,5.62,5.19,16,30.5,93.7,24,694973,41.4,35.8,39.5,42.5,90.9,Low,R,Paul Skenes,PIT,osi_tier
2.03,2.58,0.34,0.67,,22.9,6.7,3.6,5.33,5,49.5,102.9,38.9,694973,55.6,51.3,56.2,62.3,82.8,Mid,R,Paul Skenes,PIT,osi_tier
2.3,1.53,0,0.67,,31.1,6.8,3.96,5.47,5,74.2,111.6,49.1,694973,74.4,74.5,70.4,62.8,87,High,R,Paul Skenes,PIT,abq_tier
4.83,3.75,1.47,0.67,,28.5,7.6,5.51,5.04,17,36,95.9,26.2,694973,39.8,41.2,43.8,49.6,88.4,Low,R,Paul Skenes,PIT,abq_tier
3.19,1.9,0.25,0.67,,28.4,6.1,2.4,6.11,6,56.1,99.4,44.8,694973,59.8,54.9,55.2,52.3,99.7,Mid,R,Paul Skenes,PIT,abq_tier
4.21,3.14,0.7,0.67,,25.7,9.7,4.68,5.13,5,61.8,107.3,40.4,694973,47.6,56.2,61.3,77.1,95.2,High,R,Paul Skenes,PIT,rcv_tier
5.31,3.29,1.09,0.67,,27.5,7.4,5.4,5.24,11,26.1,90.2,20.5,694973,42.3,34.8,35.6,31.6,89.1,Low,R,Paul Skenes,PIT,rcv_tier
2.71,2.45,0.81,0.67,,31.7,5.7,3.75,5.53,12,60.3,104.7,44.3,694973,58.8,61.6,60.8,61.5,90,Mid,R,Paul Skenes,PIT,rcv_tier
3.44,1.34,0,0.67,,35.6,8.9,3,5.67,6,83.5,110.5,54.6,694973,69.2,84.7,73.9,64.8,96.5,High,R,Paul Skenes,PIT,obr_tier
4.72,3.37,1.2,0.67,,27.4,6.9,5.68,5.12,19,33.8,95.7,26.9,694973,44.6,37.8,42.3,45.9,89.2,Low,R,Paul Skenes,PIT,obr_tier
0.98,3.26,0.98,0.67,,25,4.7,0.6,6.11,3,58.6,101.3,40.4,694973,48.2,59,60,69.6,87.3,Mid,R,Paul Skenes,PIT,obr_tier
3.97,2.89,0.9,0.67,,28.9,7.1,4.56,5.35,28,47.1,99.5,34.2,694973,50.3,50.1,51,52.5,90.6,R,R,Paul Skenes,PIT,hand
4.01,3.28,0.94,0.67,,25.4,7.5,4.85,5.18,13,39.4,96.1,30.3,694973,48,42.8,44.5,44.1,87.8,away,R,Paul Skenes,PIT,location
3.94,2.58,0.87,0.67,,31.8,6.8,4.32,5.49,15,53.8,102.4,37.7,694973,52.3,56.4,56.6,59.8,93,home,R,Paul Skenes,PIT,location
20.25,13.1,6.75,1.06,,18.2,13.6,23.4,4,1,41.4,105.2,26.5,695034,36.3,42,49,66.1,90,Low,R,Kade Morris,ATH,osi_tier
20.25,13.1,6.75,1.06,,18.2,13.6,23.4,4,1,41.4,105.2,26.5,695034,36.3,42,49,66.1,90,Low,R,Kade Morris,ATH,abq_tier
20.25,13.1,6.75,1.06,,18.2,13.6,23.4,4,1,41.4,105.2,26.5,695034,36.3,42,49,66.1,90,High,R,Kade Morris,ATH,rcv_tier
20.25,13.1,6.75,1.06,,18.2,13.6,23.4,4,1,41.4,105.2,26.5,695034,36.3,42,49,66.1,90,Low,R,Kade Morris,ATH,obr_tier
20.25,13.1,6.75,1.06,,18.2,13.6,23.4,4,1,41.4,105.2,26.5,695034,36.3,42,49,66.1,90,R,R,Kade Morris,ATH,hand
20.25,13.1,6.75,1.06,,18.2,13.6,23.4,4,1,41.4,105.2,26.5,695034,36.3,42,49,66.1,90,away,R,Kade Morris,ATH,location
7.23,5.97,2.66,0.78,,22.3,8,8.64,4.73,5,80.7,108.1,60.5,695076,59.3,78.2,67.9,62.2,86.4,High,R,Rhett Lowder,CIN,osi_tier
4.7,4.03,0.87,0.78,,16.4,8.4,4.68,5.17,10,39.9,94.5,25.2,695076,42.9,39.4,41.6,43.3,83.4,Low,R,Rhett Lowder,CIN,osi_tier
5.16,3.88,0.91,0.78,,17.8,7.8,6.3,4.94,6,50.8,107.9,39.5,695076,42.5,45.5,53,68.9,86.3,Mid,R,Rhett Lowder,CIN,osi_tier
5.51,4.14,1.65,0.78,,22.1,5.2,6,5.44,3,65.8,110.3,44.6,695076,71.4,61.4,61.5,54.6,91.7,High,R,Rhett Lowder,CIN,abq_tier
5.61,4,0.91,0.78,,18,8.9,6.04,4.93,14,45.1,100.9,36.6,695076,37.5,44.3,47.1,57,83.3,Low,R,Rhett Lowder,CIN,abq_tier
4.58,6.15,2.29,0.78,,15.3,8.2,6.3,4.92,4,69.5,97.2,36.5,695076,60.3,63.5,57.5,48.9,85.8,Mid,R,Rhett Lowder,CIN,abq_tier
5.8,4.31,1.26,0.78,,18.7,7.7,6.69,5.1,7,51.4,106.2,44.9,695076,34.8,46.8,52.6,72,87.1,High,R,Rhett Lowder,CIN,rcv_tier
5.04,4.58,1.44,0.78,,16.1,6.2,4.68,5,5,35.4,91.6,16.6,695076,48.9,39.2,38.3,29.8,80.8,Low,R,Rhett Lowder,CIN,rcv_tier
5.28,4.43,1.22,0.78,,19,9.5,6.4,4.93,9,63.4,103.4,43.9,695076,54.7,59.4,57,56.1,85.6,Mid,R,Rhett Lowder,CIN,rcv_tier
7.23,5.97,2.66,0.78,,22.3,8,8.64,4.73,5,80.7,108.1,60.5,695076,59.3,78.2,67.9,62.2,86.4,High,R,Rhett Lowder,CIN,obr_tier
5.07,3.86,0.76,0.78,,16.3,8.3,5.66,5.07,14,42.8,100.1,28.9,695076,43.3,40.7,45.8,53.4,83.7,Low,R,Rhett Lowder,CIN,obr_tier
3.48,4.75,1.74,0.78,,20.9,7,2.7,5.17,2,52.1,95.4,42.1,695076,39.3,48.9,46.6,49.3,90,Mid,R,Rhett Lowder,CIN,obr_tier
5.4,4.42,1.29,0.78,,18.2,8.1,6.09,5,21,52.7,101.5,37.7,695076,46.7,50.4,51.1,55.1,85,R,R,Rhett Lowder,CIN,hand
6.79,4.76,1.23,0.78,,16.2,9.9,7.89,4.49,13,54.3,102.6,39.8,695076,49.5,54.5,54.1,57,79.5,away,R,Rhett Lowder,CIN,location
3.66,4,1.35,0.78,,21,5.6,3.15,5.83,8,50.1,99.9,34.4,695076,42.1,43.7,46.2,52,93.8,home,R,Rhett Lowder,CIN,location
3.24,3.94,0,0.62,,17.9,17.9,1.35,2.08,4,38.7,91.5,26.5,695418,40.6,40.7,40.7,40.9,44.8,Low,R,Brad Lord,WSN,osi_tier
0,0.4,0,0.62,,42.9,7.1,0,3.33,1,48.2,104.6,52.9,695418,55.2,49.6,57.2,67.4,55,Mid,R,Brad Lord,WSN,osi_tier
3.24,3.94,0,0.62,,17.9,17.9,1.35,2.08,4,38.7,91.5,26.5,695418,40.6,40.7,40.7,40.9,44.8,Low,R,Brad Lord,WSN,abq_tier
0,0.4,0,0.62,,42.9,7.1,0,3.33,1,48.2,104.6,52.9,695418,55.2,49.6,57.2,67.4,55,Mid,R,Brad Lord,WSN,abq_tier
4.76,4.16,0,0.62,,20.7,20.7,1.8,1.89,3,38,87.7,22.3,695418,39.4,42.3,38.3,32.9,49.3,Low,R,Brad Lord,WSN,rcv_tier
0,1.77,0,0.62,,29.2,8.3,0,3,2,44.4,103.9,45.9,695418,49.6,42.8,52.6,66.1,43,Mid,R,Brad Lord,WSN,rcv_tier
2.89,2.46,0,0.62,,28.6,14.3,1.35,2.33,4,39.4,96,32.3,695418,42.7,40.1,45.2,53,45.2,Low,R,Brad Lord,WSN,obr_tier
0,4.81,0,0.62,,9.1,18.2,0,2.33,1,45.2,86.8,29.6,695418,46.6,52.2,39.2,19.2,53,Mid,R,Brad Lord,WSN,obr_tier
2.31,2.93,0,0.62,,24.5,15.1,1.08,2.33,5,40.6,94.2,31.7,695418,43.5,42.5,44,46.2,46.8,R,R,Brad Lord,WSN,hand
3.18,5.75,0,0.62,,10.7,25,1.2,1.89,3,40,94.1,30.5,695418,42.6,40.8,42.5,44.5,42.7,away,R,Brad Lord,WSN,location
1.5,0.27,0,0.62,,40,4,0.9,3,2,41.4,94.2,33.6,695418,44.8,45.1,46.3,48.8,53,home,R,Brad Lord,WSN,location
3.21,3.46,0.96,0.64,,26.5,9.4,2.52,5.6,5,81.4,107.8,60.4,695505,53.2,71.1,67,72.1,95.2,High,R,Chase Burns,CIN,osi_tier
2.71,3.56,1.06,0.64,,26.6,9,2.96,5.45,14,29.7,97.5,22.5,695505,35,30.4,37.5,47.2,90.9,Low,R,Chase Burns,CIN,osi_tier
2.63,2.08,0.66,0.64,,35,6.7,2.31,5.86,7,46.6,108.4,39.1,695505,42.8,46.6,53,67.4,93.3,Mid,R,Chase Burns,CIN,osi_tier
3.09,4.3,1.54,0.64,,26.1,8.7,0.9,5.83,2,61.1,110.3,39.6,695505,74.4,58.2,61.3,55.5,93,High,R,Chase Burns,CIN,abq_tier
2.77,2.91,0.77,0.64,,29.3,8.8,2.4,5.57,21,40.2,102.1,31.8,695505,35.3,39.1,45,58.7,91.9,Low,R,Chase Burns,CIN,abq_tier
2.7,3.76,1.62,0.64,,28.2,5.6,6,5.56,3,60.7,99.3,47.7,695505,55,56.4,53.9,50.1,95.7,Mid,R,Chase Burns,CIN,abq_tier
2.89,2.76,0.64,0.64,,29,8.6,2.52,5.6,10,52.1,108.6,41.2,695505,34.2,46.1,53.4,75.4,87.8,High,R,Chase Burns,CIN,rcv_tier
3.09,4.2,1.44,0.64,,26.9,10.2,3.38,5.46,8,23.7,94.2,18,695505,35.7,28.6,33.3,37.1,93.4,Low,R,Chase Burns,CIN,rcv_tier
2.36,2.53,0.79,0.64,,30.8,6.5,2.25,5.71,8,54.8,102.9,41.7,695505,53.6,52.2,53.7,55.3,97.1,Mid,R,Chase Burns,CIN,rcv_tier
2.7,4.36,1.62,0.64,,26.1,8.7,3,5.56,3,80,107.5,64.9,695505,57.3,79.2,68.9,65.4,95,High,R,Chase Burns,CIN,obr_tier
2.65,3.11,0.96,0.64,,29.5,8.2,2.7,5.6,20,34.8,101.3,27.7,695505,37.2,34.9,42.1,53.8,91,Low,R,Chase Burns,CIN,obr_tier
3.78,1.96,0,0.64,,27.8,9.7,2.4,5.56,3,71.1,104.8,47,695505,46.4,57.5,60.5,73.9,98.7,Mid,R,Chase Burns,CIN,obr_tier
2.79,3.12,0.93,0.64,,28.9,8.4,2.7,5.59,26,44.2,102.4,34.2,695505,40.6,42.6,47.3,57.4,92.4,R,R,Chase Burns,CIN,hand
3.5,2.98,1.12,0.64,,31.3,6.7,2.63,5.54,13,50.3,104.5,37.9,695505,45.5,49.4,53.1,62.8,91.4,away,R,Chase Burns,CIN,location
2.09,3.26,0.74,0.64,,26.4,10.2,2.77,5.64,13,38.1,100.3,30.6,695505,35.7,35.8,41.5,52.1,93.4,home,R,Chase Burns,CIN,location
6.14,7.33,2.45,0.76,,6.2,9.4,7.2,3.67,2,86,107.9,53.5,695534,54.2,73.6,69,74,56.5,High,R,Chase Petty,CIN,osi_tier
7.2,5.9,1.8,0.76,,4.5,4.5,1.8,5,1,52,93.8,38.4,695534,36.2,44.6,43.5,47.5,62,Low,R,Chase Petty,CIN,osi_tier
8.1,7.3,2.7,0.76,,6.5,6.5,5.4,3.33,2,67.8,101.1,46,695534,42.7,53.2,55.4,66.7,50,Low,R,Chase Petty,CIN,abq_tier
4.76,6.1,1.59,0.76,,4.3,8.7,5.4,5.67,1,88.5,107.5,53.4,695534,59.2,85.5,70.7,62.1,75,Mid,R,Chase Petty,CIN,abq_tier
10.8,11.5,5.4,0.76,,11.1,11.1,9,1.67,1,83.5,108.3,53.6,695534,49.3,61.8,67.2,86,38,High,R,Chase Petty,CIN,rcv_tier
5.91,6.01,1.69,0.76,,4.4,6.7,3.6,5.33,2,70.2,100.7,45.9,695534,47.7,65.1,57.1,54.8,68.5,Mid,R,Chase Petty,CIN,rcv_tier
4.76,6.1,1.59,0.76,,4.3,8.7,5.4,5.67,1,88.5,107.5,53.4,695534,59.2,85.5,70.7,62.1,75,High,R,Chase Petty,CIN,obr_tier
7.2,5.9,1.8,0.76,,4.5,4.5,1.8,5,1,52,93.8,38.4,695534,36.2,44.6,43.5,47.5,62,Low,R,Chase Petty,CIN,obr_tier
10.8,11.5,5.4,0.76,,11.1,11.1,9,1.67,1,83.5,108.3,53.6,695534,49.3,61.8,67.2,86,38,Mid,R,Chase Petty,CIN,obr_tier
6.57,6.75,2.19,0.76,,5.6,7.4,5.4,4.11,3,74.7,103.2,48.5,695534,48.2,64,60.5,65.2,58.3,R,R,Chase Petty,CIN,hand
6.14,7.33,2.45,0.76,,6.2,9.4,7.2,3.67,2,86,107.9,53.5,695534,54.2,73.6,69,74,56.5,away,R,Chase Petty,CIN,location
7.2,5.9,1.8,0.76,,4.5,4.5,1.8,5,1,52,93.8,38.4,695534,36.2,44.6,43.5,47.5,62,home,R,Chase Petty,CIN,location
0,2.1,0,0.82,,25,6.2,0,5,1,25.9,102.2,15.4,695549,27.2,20.8,40.9,73.6,71,Low,R,Jackson Jobe,DET,osi_tier
5.89,5.77,1.96,0.82,,17,10.2,5.85,4.58,4,50.5,109.2,39,695549,46.9,46.9,55.4,71.1,84.5,Mid,R,Jackson Jobe,DET,osi_tier
2.08,3.33,0,0.82,,21.1,15.8,1.8,4.33,1,47,110.2,24.8,695549,77.9,42.3,55.1,53.4,86,High,R,Jackson Jobe,DET,abq_tier
5.21,5.36,1.89,0.82,,17.6,8.2,5.4,4.75,4,45.3,107.2,36.7,695549,34.3,41.5,51.8,76.1,80.8,Low,R,Jackson Jobe,DET,abq_tier
5.21,5.36,1.89,0.82,,17.6,8.2,5.4,4.75,4,45.3,107.2,36.7,695549,34.3,41.5,51.8,76.1,80.8,High,R,Jackson Jobe,DET,rcv_tier
2.08,3.33,0,0.82,,21.1,15.8,1.8,4.33,1,47,110.2,24.8,695549,77.9,42.3,55.1,53.4,86,Mid,R,Jackson Jobe,DET,rcv_tier
2.75,4.27,0.92,0.82,,18.5,11.1,3.15,4.92,4,42.3,108.7,29.2,695549,44.6,39.3,51,69,83.8,Low,R,Jackson Jobe,DET,obr_tier
14.73,8.83,4.91,0.82,,17.4,4.3,10.8,3.67,1,59.1,104.1,54.6,695549,36.6,50.9,58.2,81.9,74,Mid,R,Jackson Jobe,DET,obr_tier
4.63,4.99,1.54,0.82,,18.3,9.6,4.68,4.67,5,45.6,107.8,34.3,695549,43,41.6,52.5,71.6,81.8,R,R,Jackson Jobe,DET,hand
2.93,4.53,1.17,0.82,,17.7,9.7,3.6,5.11,3,40.7,108.2,30.7,695549,33.5,38.3,49.7,74.2,83,away,R,Jackson Jobe,DET,location
7.88,5.85,2.25,0.82,,19,9.5,6.3,4,2,53,107.2,39.7,695549,57.2,46.6,56.6,67.7,80,home,R,Jackson Jobe,DET,location
5.28,3.03,1.17,0.76,,27.7,4.6,8.4,5.11,3,90.2,114.6,54.8,695611,59.5,86.7,78.9,83.8,87.7,High,L,Gage Jump,ATH,osi_tier
5.4,4.37,1,0.76,,18.4,10.9,4.6,5,9,29.8,97.2,22.3,695611,37,32.7,41.1,53.7,91.8,Low,L,Gage Jump,ATH,osi_tier
4.73,3.44,0.84,0.76,,31.2,14.2,5.1,5.39,6,51.6,104,36.5,695611,54.3,61,60.2,63.6,90.2,Mid,L,Gage Jump,ATH,osi_tier
11.57,11.89,5.79,0.76,,20.8,16.7,16.2,4.67,1,50.6,111.2,19.7,695611,66.7,41.5,57.7,70,83,High,L,Gage Jump,ATH,abq_tier
4.45,3.29,0.64,0.76,,24,10.3,4.09,5.15,11,37.5,99.4,26.5,695611,37.3,40.8,46.8,60.4,91.5,Low,L,Gage Jump,ATH,abq_tier
5.46,3.58,0.86,0.76,,25.5,11.3,6,5.22,6,64.2,106.4,45.5,695611,60,71.7,66,63.7,90,Mid,L,Gage Jump,ATH,abq_tier
4.71,3.86,1.29,0.76,,28.4,10.2,8.1,5.25,4,70.4,113.4,45.3,695611,51.9,62.7,67,82.8,85.2,High,L,Gage Jump,ATH,rcv_tier
4.96,1.39,0,0.76,,28.6,5.7,2.4,5.44,3,31.2,88.1,25.5,695611,42.5,50.2,42.2,32.9,85.7,Low,L,Gage Jump,ATH,rcv_tier
5.37,4.53,1.14,0.76,,21.7,12.9,5.24,5.03,11,43,102.2,29.7,695611,45.6,47.2,52.1,62.4,93.8,Mid,L,Gage Jump,ATH,rcv_tier
4.94,2.75,0.58,0.76,,30.4,11.1,6.6,5.17,6,70.1,110.7,45.5,695611,59.2,78.8,71.6,72.2,90.2,High,L,Gage Jump,ATH,obr_tier
5.53,4.73,1.3,0.76,,19.8,11.3,5.24,5.03,11,34.4,98.8,25,695611,39.2,34.8,43.9,57.6,90.5,Low,L,Gage Jump,ATH,obr_tier
2.84,1.21,0,0.76,,37.5,8.3,0,6.33,1,49.9,91.9,36.5,695611,50.2,65.2,56.1,49.9,94,Mid,L,Gage Jump,ATH,obr_tier
5.15,3.82,0.97,0.76,,24.3,11.1,5.4,5.15,18,47.2,102.4,32.5,695611,46.5,51.2,53.8,62,90.6,L,L,Gage Jump,ATH,hand
4.6,3.84,1.05,0.76,,24.3,10.3,5.62,5.38,8,48.3,105.5,32.9,695611,44.5,44.3,51.7,65.2,90.5,away,L,Gage Jump,ATH,location
5.62,3.8,0.91,0.76,,24.3,11.7,5.22,4.97,10,46.2,99.9,32.1,695611,48.1,56.6,55.5,59.5,90.6,home,L,Gage Jump,ATH,location
5.4,4.3,0.68,0.73,,16.8,12.8,5.1,4.44,6,29.8,97,15,695684,34.5,29.1,36.3,45.8,82.8,Low,R,Elmer Rodríguez,NYY,osi_tier
5.4,4.3,0.68,0.73,,16.8,12.8,5.1,4.44,6,29.8,97,15,695684,34.5,29.1,36.3,45.8,82.8,Low,R,Elmer Rodríguez,NYY,abq_tier
4.5,4.27,1.5,0.73,,27.3,9.1,3.6,6,1,41.4,105.2,26.5,695684,34.2,39.6,46.2,62.4,88,High,R,Elmer Rodríguez,NYY,rcv_tier
5.66,4.31,0.44,0.73,,14.6,13.6,5.4,4.13,5,27.5,95.3,12.7,695684,34.6,27,34.3,42.5,81.8,Low,R,Elmer Rodríguez,NYY,rcv_tier
5.4,4.3,0.68,0.73,,16.8,12.8,5.1,4.44,6,29.8,97,15,695684,34.5,29.1,36.3,45.8,82.8,Low,R,Elmer Rodríguez,NYY,obr_tier
5.4,4.3,0.68,0.73,,16.8,12.8,5.1,4.44,6,29.8,97,15,695684,34.5,29.1,36.3,45.8,82.8,R,R,Elmer Rodríguez,NYY,hand
5.25,3.6,0,0.73,,15,13.3,5.4,4,3,25,96.6,13.1,695684,34.3,24.6,34.9,47.1,78.3,away,R,Elmer Rodríguez,NYY,location
5.52,4.87,1.23,0.73,,18.5,12.3,4.8,4.89,3,34.6,97.3,16.9,695684,34.7,33.6,37.7,44.4,87.3,home,R,Elmer Rodríguez,NYY,location
4.5,3.6,0,0.69,,40,30,9,2,1,98.5,102.3,57.3,696070,68.8,96.7,83,77.7,50,High,L,Kendry Rojas,MIN,osi_tier
2.84,2.94,0,0.69,,20,12,1.8,3.17,2,43.6,91.6,31.1,696070,46,44.3,48.5,55.3,46.5,Low,L,Kendry Rojas,MIN,osi_tier
0,1.35,0,0.69,,35.7,7.1,0,4,1,46.3,98.8,27.8,696070,42.4,47.5,53.8,69.3,56,Mid,L,Kendry Rojas,MIN,osi_tier
4.5,3.6,0,0.69,,40,30,9,2,1,98.5,102.3,57.3,696070,68.8,96.7,83,77.7,50,High,L,Kendry Rojas,MIN,abq_tier
0,1.85,0,0.69,,27.6,6.9,0,4,2,43.9,98.3,27.1,696070,39.5,44.9,51.7,68,51,Low,L,Kendry Rojas,MIN,abq_tier
7.71,3.96,0,0.69,,20,20,3.6,2.33,1,45.8,85.6,35.8,696070,55.3,46.1,47.6,43.8,47,Mid,L,Kendry Rojas,MIN,abq_tier
0.9,2.2,0,0.69,,30.8,12.8,3,3.33,3,62.1,99.6,37.2,696070,49.3,62.2,62.1,71.2,50.7,High,L,Kendry Rojas,MIN,rcv_tier
7.71,3.96,0,0.69,,20,20,3.6,2.33,1,45.8,85.6,35.8,696070,55.3,46.1,47.6,43.8,47,Low,L,Kendry Rojas,MIN,rcv_tier
4.5,3.6,0,0.69,,40,30,9,2,1,98.5,102.3,57.3,696070,68.8,96.7,83,77.7,50,High,L,Kendry Rojas,MIN,obr_tier
1.74,2.33,0,0.69,,25.6,10.3,1.2,3.44,3,44.5,94,30,696070,44.8,45.3,50.3,60,49.7,Low,L,Kendry Rojas,MIN,obr_tier
2.19,2.53,0,0.69,,28.6,14.3,3.15,3.08,4,58,96.1,36.9,696070,50.8,58.2,58.5,64.4,49.8,L,L,Kendry Rojas,MIN,hand
7.71,3.96,0,0.69,,20,20,3.6,2.33,1,45.8,85.6,35.8,696070,55.3,46.1,47.6,43.8,47,away,L,Kendry Rojas,MIN,location
0.9,2.2,0,0.69,,30.8,12.8,3,3.33,3,62.1,99.6,37.2,696070,49.3,62.2,62.1,71.2,50.7,home,L,Kendry Rojas,MIN,location
13.5,2.1,0,0.97,,10,0,9,2,1,52,94.5,38.4,696136,39.8,49.1,47.9,52.2,49,Low,L,Jordan Wicks,CHC,osi_tier
16.62,4.48,2.08,0.97,,20.8,4.2,14.4,4.33,1,46.2,92.7,40.3,696136,31.9,49.2,56.4,82,80,Mid,L,Jordan Wicks,CHC,osi_tier
15.63,3.73,1.42,0.97,,17.6,2.9,11.7,3.17,2,49.1,93.6,39.3,696136,35.8,49.2,52.2,67.1,64.5,Low,L,Jordan Wicks,CHC,abq_tier
16.62,4.48,2.08,0.97,,20.8,4.2,14.4,4.33,1,46.2,92.7,40.3,696136,31.9,49.2,56.4,82,80,High,L,Jordan Wicks,CHC,rcv_tier
13.5,2.1,0,0.97,,10,0,9,2,1,52,94.5,38.4,696136,39.8,49.1,47.9,52.2,49,Mid,L,Jordan Wicks,CHC,rcv_tier
15.63,3.73,1.42,0.97,,17.6,2.9,11.7,3.17,2,49.1,93.6,39.3,696136,35.8,49.2,52.2,67.1,64.5,Low,L,Jordan Wicks,CHC,obr_tier
15.63,3.73,1.42,0.97,,17.6,2.9,11.7,3.17,2,49.1,93.6,39.3,696136,35.8,49.2,52.2,67.1,64.5,L,L,Jordan Wicks,CHC,hand
15.63,3.73,1.42,0.97,,17.6,2.9,11.7,3.17,2,49.1,93.6,39.3,696136,35.8,49.2,52.2,67.1,64.5,away,L,Jordan Wicks,CHC,location
4.89,4.36,1.03,0.68,,20.3,11.8,4.63,5,7,83.7,109.4,59.1,696149,61,80.5,71.7,69.4,90.4,High,R,Bubba Chandler,PIT,osi_tier
4.41,4.23,0.9,0.68,,20.6,12.4,4.73,4.98,16,32.5,95.1,24.1,696149,43.1,35.3,41,46.2,84.8,Low,R,Bubba Chandler,PIT,osi_tier
2.81,3.16,0,0.68,,15.4,10.8,3,5.33,3,46.4,101.9,30.8,696149,57.9,52,55.5,58,85.3,Mid,R,Bubba Chandler,PIT,osi_tier
3.98,3.25,0.44,0.68,,23.3,11.6,3.15,5.08,4,74,111.9,47.8,696149,74.2,73.2,69.8,63,92.8,High,R,Bubba Chandler,PIT,abq_tier
4.4,4.47,0.94,0.68,,18,12.1,4.34,5.06,17,38.5,97.7,29.5,696149,40.1,42.1,45.6,53.5,83,Low,R,Bubba Chandler,PIT,abq_tier
4.44,3.68,0.74,0.68,,23.9,12.4,6.12,4.87,5,58.7,96.8,39.9,696149,62.6,55,54.3,47.7,92.8,Mid,R,Bubba Chandler,PIT,abq_tier
5.22,5.21,1.53,0.68,,16.4,10.2,5.1,4.89,6,58.6,106.5,42.5,696149,41.8,53.3,58.4,76,85.7,High,R,Bubba Chandler,PIT,rcv_tier
4.44,4.09,0.74,0.68,,21.4,13.6,5.04,4.87,10,29.3,91.1,21.6,696149,46.3,34.5,37.2,33.9,85.7,Low,R,Bubba Chandler,PIT,rcv_tier
3.76,3.57,0.51,0.68,,20.5,11.6,3.6,5.27,10,60,104.3,42.1,696149,57.7,61.9,60.3,60.4,87.5,Mid,R,Bubba Chandler,PIT,rcv_tier
4.35,3.71,0.87,0.68,,23.5,10.6,4.2,5.17,6,83.7,109.5,60,696149,63,83.7,72.5,66.6,91.2,High,R,Bubba Chandler,PIT,obr_tier
4.24,4.23,0.89,0.68,,19.9,12.1,4.5,5.04,16,32.6,96.6,23.8,696149,45.1,34.6,42.1,48.5,85,Low,R,Bubba Chandler,PIT,obr_tier
4.74,4.42,0.47,0.68,,14.3,14.3,4.95,4.75,4,55.3,97.6,37.7,696149,47.7,57.2,54.4,56.1,84.8,Mid,R,Bubba Chandler,PIT,obr_tier
4.34,4.13,0.83,0.68,,19.9,12.1,4.5,5.03,26,47.9,99.7,34.3,696149,49.6,49.4,51,53.8,86.4,R,R,Bubba Chandler,PIT,hand
4.4,4.7,1.13,0.68,,19.3,12.7,4.63,5.12,14,48.7,100.5,36,696149,47.8,49.7,50.5,53.5,86.9,away,R,Bubba Chandler,PIT,location
4.27,3.44,0.46,0.68,,20.7,11.3,4.35,4.92,12,46.8,98.9,32.4,696149,51.8,49,51.5,54.1,85.8,home,R,Bubba Chandler,PIT,location
12.91,7.93,2.35,0.78,,11.6,16.3,10.8,3.83,2,81.8,108.9,54,696270,68.2,82.9,72,62.3,84,High,R,Ryan Johnson,LAA,osi_tier
4.08,4.91,1.57,0.78,,18.7,8.9,5.7,4.78,6,30.5,98.3,20.3,696270,40.8,33.4,40.1,47.2,82.8,Low,R,Ryan Johnson,LAA,osi_tier
3.48,6.13,2.03,0.78,,16.9,12.1,3.6,5.17,6,53,102.9,42.6,696270,45.4,52.9,56.1,67.6,84.7,Mid,R,Ryan Johnson,LAA,osi_tier
10.38,6.79,2.08,0.78,,13.6,13.6,10.8,4.33,1,75.2,110.3,54.5,696270,77.2,80.2,73.2,62.5,88,High,R,Ryan Johnson,LAA,abq_tier
3.81,5.35,1.66,0.78,,17.8,10.7,4.75,4.94,11,41.2,101,29.4,696270,41,42.6,47.3,57.4,83.6,Low,R,Ryan Johnson,LAA,abq_tier
8.31,8.29,3.12,0.78,,14,14,7.2,4.33,2,68.2,101.6,53.6,696270,62.5,67.5,63.5,59.7,82.5,Mid,R,Ryan Johnson,LAA,abq_tier
5.59,5.79,1.86,0.78,,17.2,11.5,5.7,4.83,6,49.3,103.9,36.2,696270,39,48.1,53.6,70.3,82,High,R,Ryan Johnson,LAA,rcv_tier
1.77,4.92,1.33,0.78,,19.3,12,3.15,5.08,4,29.1,95.8,17.6,696270,43.4,34.4,37.9,38.1,86.8,Low,R,Ryan Johnson,LAA,rcv_tier
7,6.88,2.5,0.78,,14.1,10.6,7.65,4.5,4,63.2,104.5,49.4,696270,61.5,64.3,62,59.7,83.5,Mid,R,Ryan Johnson,LAA,rcv_tier
12.91,7.93,2.35,0.78,,11.6,16.3,10.8,3.83,2,81.8,108.9,54,696270,68.2,82.9,72,62.3,84,High,R,Ryan Johnson,LAA,obr_tier
4.4,5.68,1.8,0.78,,15.4,10.1,5,5,9,38,101.4,28.8,696270,43.8,37.6,46.5,58.5,83.3,Low,R,Ryan Johnson,LAA,obr_tier
1.84,5.15,1.84,0.78,,25.4,11.9,3.6,4.89,3,53,98.2,39.3,696270,41,59.9,53,53.9,85,Mid,R,Ryan Johnson,LAA,obr_tier
4.81,5.82,1.87,0.78,,16.9,11.4,5.53,4.81,14,47.5,101.8,34.7,696270,46.7,48.8,51.5,58.1,83.8,R,R,Ryan Johnson,LAA,hand
6.48,6.31,1.89,0.78,,10.8,10.8,6.94,4.76,7,48,104.4,31.9,696270,41.5,46.6,51.1,63.2,80,away,R,Ryan Johnson,LAA,location
3.18,5.34,1.85,0.78,,23.2,12,4.11,4.86,7,46.9,99.2,37.5,696270,51.9,51,51.9,52.9,87.6,home,R,Ryan Johnson,LAA,location
0,1.1,0,0.58,,33.3,0,10.8,1,1,75.2,110.3,54.5,699134,71.8,74.6,68.1,58.1,11,High,R,Bradgley Rodriguez,SDP,osi_tier
0,1.1,0,0.58,,30,0,1.2,1,3,34.6,99.4,23.1,699134,32.2,30.8,44.4,68.6,12.3,Low,R,Bradgley Rodriguez,SDP,osi_tier
0,1.1,0,0.58,,33.3,0,10.8,1,1,75.2,110.3,54.5,699134,71.8,74.6,68.1,58.1,11,High,R,Bradgley Rodriguez,SDP,abq_tier
0,1.1,0,0.58,,30,0,1.2,1,3,34.6,99.4,23.1,699134,32.2,30.8,44.4,68.6,12.3,Low,R,Bradgley Rodriguez,SDP,abq_tier
0,1.1,0,0.58,,33.3,0,0.9,1,2,25.9,102.2,15.4,699134,28.4,21.7,42.7,76.8,10,High,R,Bradgley Rodriguez,SDP,rcv_tier
0,1.1,0,0.58,,28.6,0,6.3,1,2,63.6,102.1,46.5,699134,55.8,61.8,58,55.2,14,Mid,R,Bradgley Rodriguez,SDP,rcv_tier
0,1.1,0,0.58,,33.3,0,10.8,1,1,75.2,110.3,54.5,699134,71.8,74.6,68.1,58.1,11,High,R,Bradgley Rodriguez,SDP,obr_tier
0,1.1,0,0.58,,30,0,1.2,1,3,34.6,99.4,23.1,699134,32.2,30.8,44.4,68.6,12.3,Low,R,Bradgley Rodriguez,SDP,obr_tier
0,1.1,0,0.58,,30.8,0,3.6,1,4,44.7,102.1,30.9,699134,42.1,41.8,50.3,66,12,R,R,Bradgley Rodriguez,SDP,hand
0,1.77,0,0.58,,20,0,4.8,1,3,51,102.1,36.1,699134,46.3,48.2,52.3,61.3,11.7,away,R,Bradgley Rodriguez,SDP,location
0,-0.9,0,0.58,,66.7,0,0,1,1,25.9,102.2,15.4,699134,29.6,22.6,44.5,80,13,home,R,Bradgley Rodriguez,SDP,location
19.64,10.19,4.91,1.39,,13,8.7,16.2,3.67,1,41,104.4,35.9,699151,39.2,37.7,42.7,51,87,Low,R,Jedixson Paez,BOS,osi_tier
19.64,10.19,4.91,1.39,,13,8.7,16.2,3.67,1,41,104.4,35.9,699151,39.2,37.7,42.7,51,87,Low,R,Jedixson Paez,BOS,abq_tier
19.64,10.19,4.91,1.39,,13,8.7,16.2,3.67,1,41,104.4,35.9,699151,39.2,37.7,42.7,51,87,Mid,R,Jedixson Paez,BOS,rcv_tier
19.64,10.19,4.91,1.39,,13,8.7,16.2,3.67,1,41,104.4,35.9,699151,39.2,37.7,42.7,51,87,Low,R,Jedixson Paez,BOS,obr_tier
19.64,10.19,4.91,1.39,,13,8.7,16.2,3.67,1,41,104.4,35.9,699151,39.2,37.7,42.7,51,87,R,R,Jedixson Paez,BOS,hand
19.64,10.19,4.91,1.39,,13,8.7,16.2,3.67,1,41,104.4,35.9,699151,39.2,37.7,42.7,51,87,home,R,Jedixson Paez,BOS,location
4.58,3.48,0.69,0.73,,19.8,8.4,5.62,4.92,8,85.5,110.3,58.8,700241,61.1,81.4,72.1,69.5,88,High,R,Michael McGreevy,STL,osi_tier
3.39,4.56,1.39,0.73,,15.9,6,2.88,5.83,10,36.9,94.4,23.1,700241,46.1,39,41.9,42.3,91,Low,R,Michael McGreevy,STL,osi_tier
4.17,4.63,1.45,0.73,,15.3,5.7,4.4,5.52,9,49.8,104.4,40.4,700241,48.1,48.8,54.1,64.4,87.2,Mid,R,Michael McGreevy,STL,osi_tier
3.29,3.03,0.33,0.73,,22,10.1,3.6,5.47,5,78.9,112.9,49.7,700241,71.4,76.5,71,64.6,90.6,High,R,Michael McGreevy,STL,abq_tier
3.66,4.3,1.29,0.73,,16.1,5.3,3.24,5.58,15,45.8,101.2,35.2,700241,40.6,46.7,49.3,58.4,88.2,Low,R,Michael McGreevy,STL,abq_tier
5.2,5.25,1.73,0.73,,14.6,7,6.69,5.19,7,60,97.7,41.3,700241,59.4,56.7,55.5,51.5,89,Mid,R,Michael McGreevy,STL,abq_tier
4.31,4.66,1.31,0.73,,12.8,5.9,4.6,5.33,9,68.4,108.7,50.3,700241,47.1,64.5,63.5,74.2,85.9,High,R,Michael McGreevy,STL,rcv_tier
3.76,4.97,1.55,0.73,,14.5,6.7,3.34,5.81,7,35.2,90.5,16.8,700241,47,39.4,39.3,33.8,91.1,Low,R,Michael McGreevy,STL,rcv_tier
3.84,3.53,0.92,0.73,,21.7,7.1,4.42,5.33,11,58.1,105,45,700241,57.3,56.7,57.8,59.5,89.8,Mid,R,Michael McGreevy,STL,rcv_tier
5.13,3.61,0.81,0.73,,21.9,9.6,6.17,4.76,7,85.8,110.6,59.6,700241,62.7,84.2,72.8,67.2,87.6,High,R,Michael McGreevy,STL,obr_tier
3.53,4.62,1.39,0.73,,14.5,5.6,3.28,5.71,17,42,99,30.4,700241,47.9,42,46.8,51.6,89.2,Low,R,Michael McGreevy,STL,obr_tier
4.24,3.81,1.06,0.73,,18.6,5.7,4.8,5.67,3,62.2,103.3,43.9,700241,43.2,58.6,58.9,70.5,89.7,Mid,R,Michael McGreevy,STL,obr_tier
3.97,4.29,1.22,0.73,,16.8,6.6,4.2,5.46,27,55.6,102.5,39.5,700241,51.2,54.8,54.9,57.8,88.9,R,R,Michael McGreevy,STL,hand
3.89,4.1,1.18,0.73,,18.3,6.4,4.37,5.45,14,60.5,102.4,45.2,700241,51.4,57.2,57.4,62,88.6,away,R,Michael McGreevy,STL,location
4.06,4.51,1.27,0.73,,15.2,6.7,4.02,5.46,13,50.4,102.5,33.3,700241,51,52.2,52.2,53.2,89.1,home,R,Michael McGreevy,STL,location
3.04,3.61,0.76,0.78,,19.4,8.2,2.88,4.73,5,22.1,95.2,14.9,700249,29.6,26.8,35,48.3,75.2,Low,L,Cade Povich,BAL,osi_tier
11.25,9.1,4.5,0.78,,20,10,9,4,1,76.2,104,86.8,700249,35.5,67.8,63,77.1,77,Mid,L,Cade Povich,BAL,osi_tier
4.23,4.4,1.3,0.78,,19.5,8.5,3.9,4.61,6,31.1,96.7,26.9,700249,30.5,33.6,39.7,53.1,75.5,Low,L,Cade Povich,BAL,abq_tier
11.25,9.1,4.5,0.78,,20,10,9,4,1,76.2,104,86.8,700249,35.5,67.8,63,77.1,77,High,L,Cade Povich,BAL,rcv_tier
1.8,3.3,0,0.78,,18.2,13.6,1.8,5,1,2.8,80.2,4.1,700249,27,30.7,19.1,0.3,87,Low,L,Cade Povich,BAL,rcv_tier
3.38,3.69,0.96,0.78,,19.7,6.6,3.15,4.67,4,26.9,99,17.6,700249,30.2,25.8,39,60.3,72.2,Mid,L,Cade Povich,BAL,rcv_tier
11.25,9.1,4.5,0.78,,20,10,9,4,1,76.2,104,86.8,700249,35.5,67.8,63,77.1,77,High,L,Cade Povich,BAL,obr_tier
3.04,3.61,0.76,0.78,,19.4,8.2,2.88,4.73,5,22.1,95.2,14.9,700249,29.6,26.8,35,48.3,75.2,Low,L,Cade Povich,BAL,obr_tier
4.23,4.4,1.3,0.78,,19.5,8.5,3.9,4.61,6,31.1,96.7,26.9,700249,30.5,33.6,39.7,53.1,75.5,L,L,Cade Povich,BAL,hand
7.2,6.9,2.4,0.78,,15.5,12.7,5.4,3.75,4,36.8,97.4,34.9,700249,33.7,40,41.7,49.2,67,away,L,Cade Povich,BAL,location
0.71,1.44,0,0.78,,25.5,2.1,0.9,6.33,2,19.6,95.1,10.9,700249,24.2,20.7,35.7,60.9,92.5,home,L,Cade Povich,BAL,location
8,6.21,2,0.8,,18.2,13.6,7.2,4.5,2,91,112.6,55.5,700363,57.7,77.4,73.5,80.3,88,High,R,AJ Smith-Shawver,ATL,osi_tier
4.15,2.64,0,0.8,,21.1,10.5,3.6,4.33,1,34.1,92.5,23,700363,37.1,34.2,40.2,49.3,69,Low,R,AJ Smith-Shawver,ATL,osi_tier
8.31,3.79,0,0.8,,14.3,14.3,7.2,4.33,1,49.9,108.6,36.5,700363,41.4,45,51.8,67,75,Mid,R,AJ Smith-Shawver,ATL,osi_tier
5.4,6.3,1.8,0.8,,13,13,5.4,5,1,98.5,116.8,57.3,700363,66.1,92.9,79.8,74.7,90,High,R,AJ Smith-Shawver,ATL,abq_tier
7.82,4.13,0.71,0.8,,19.7,13.1,6.6,4.22,3,55.9,103.1,37.7,700363,42.6,47,53.1,67.4,76.7,Low,R,AJ Smith-Shawver,ATL,abq_tier
8.1,5.43,1.35,0.8,,16.9,13.8,7.2,4.44,3,77.3,111.2,49.1,700363,52.3,66.6,66.3,75.9,83.7,High,R,AJ Smith-Shawver,ATL,rcv_tier
4.15,2.64,0,0.8,,21.1,10.5,3.6,4.33,1,34.1,92.5,23,700363,37.1,34.2,40.2,49.3,69,Low,R,AJ Smith-Shawver,ATL,rcv_tier
5.4,6.3,1.8,0.8,,13,13,5.4,5,1,98.5,116.8,57.3,700363,66.1,92.9,79.8,74.7,90,High,R,AJ Smith-Shawver,ATL,obr_tier
6.23,3.22,0,0.8,,17.5,12.5,5.4,4.33,2,42,100.5,29.8,700363,39.2,39.6,46,58.2,72,Low,R,AJ Smith-Shawver,ATL,obr_tier
11.25,6.1,2.25,0.8,,23.8,14.3,9,4,1,83.5,108.3,53.6,700363,49.3,61.8,67.2,86,86,Mid,R,AJ Smith-Shawver,ATL,obr_tier
7.13,4.74,1.02,0.8,,17.9,13.1,6.3,4.42,4,66.5,106.6,42.6,700363,48.5,58.5,59.8,69.2,80,R,R,AJ Smith-Shawver,ATL,hand
7.82,4.13,0.71,0.8,,19.7,13.1,6.6,4.22,3,55.9,103.1,37.7,700363,42.6,47,53.1,67.4,76.7,away,R,AJ Smith-Shawver,ATL,location
5.4,6.3,1.8,0.8,,13,13,5.4,5,1,98.5,116.8,57.3,700363,66.1,92.9,79.8,74.7,90,home,R,AJ Smith-Shawver,ATL,location
0,0.43,0,0.58,,44.4,0,1.8,3,1,56.8,103.9,44.2,700669,35.1,59.6,56.3,67.9,38,Mid,R,Gordon Graceffo,STL,osi_tier
0,0.43,0,0.58,,44.4,0,1.8,3,1,56.8,103.9,44.2,700669,35.1,59.6,56.3,67.9,38,Low,R,Gordon Graceffo,STL,abq_tier
0,0.43,0,0.58,,44.4,0,1.8,3,1,56.8,103.9,44.2,700669,35.1,59.6,56.3,67.9,38,High,R,Gordon Graceffo,STL,rcv_tier
0,0.43,0,0.58,,44.4,0,1.8,3,1,56.8,103.9,44.2,700669,35.1,59.6,56.3,67.9,38,Mid,R,Gordon Graceffo,STL,obr_tier
0,0.43,0,0.58,,44.4,0,1.8,3,1,56.8,103.9,44.2,700669,35.1,59.6,56.3,67.9,38,R,R,Gordon Graceffo,STL,hand
0,0.43,0,0.58,,44.4,0,1.8,3,1,56.8,103.9,44.2,700669,35.1,59.6,56.3,67.9,38,home,R,Gordon Graceffo,STL,location
0.69,2.48,0.69,0.6,,31.9,6.4,0.9,6.5,2,75.7,107.5,70.7,700712,60.6,81.8,73.1,72.2,92.5,High,R,Walbert Ureña,LAA,osi_tier
2.89,3.85,0.63,0.6,,22.1,13.5,3.21,5.12,14,37.1,99.2,24.3,700712,45.4,40.3,45.7,52,90.4,Low,R,Walbert Ureña,LAA,osi_tier
3.65,3.24,0.49,0.6,,22.5,10.6,3.6,5.29,7,48.4,101.6,35.8,700712,51.1,49.8,56.3,67.3,86.9,Mid,R,Walbert Ureña,LAA,osi_tier
0.75,3.68,0.75,0.6,,25,12.5,0.9,6,2,61.1,110.3,39.6,700712,77.2,61.1,63.9,57.7,91,High,R,Walbert Ureña,LAA,abq_tier
2.59,3.01,0.4,0.6,,25,11.3,2.75,5.31,17,41.1,101.3,29.9,700712,42.4,45.3,50.3,61.6,89.8,Low,R,Walbert Ureña,LAA,abq_tier
5.59,5.79,1.4,0.6,,14.4,14.4,5.85,4.83,4,47.5,93,36.3,700712,60.1,46.3,49.4,45.4,87.2,Mid,R,Walbert Ureña,LAA,abq_tier
2.64,2.94,0.61,0.6,,26,8.8,2.92,5.54,8,49.8,103.5,38,700712,41.2,52.3,57.2,74.2,91.2,High,R,Walbert Ureña,LAA,rcv_tier
2.81,4.08,0.65,0.6,,20,13.7,2.92,5.21,8,32.7,96.5,18.5,700712,48.8,37.7,42.3,42.8,89.8,Low,R,Walbert Ureña,LAA,rcv_tier
3.28,3.58,0.5,0.6,,23.4,13.6,3.6,5.1,7,50,102.2,40,700712,56.4,51.1,55,58.4,87.1,Mid,R,Walbert Ureña,LAA,rcv_tier
0.69,2.48,0.69,0.6,,31.9,6.4,0.9,6.5,2,75.7,107.5,70.7,700712,60.6,81.8,73.1,72.2,92.5,High,R,Walbert Ureña,LAA,obr_tier
3.26,3.82,0.65,0.6,,21.6,12.7,3.51,5.09,19,39.7,99.9,26.5,700712,47.7,42.1,48.1,55.3,89,Low,R,Walbert Ureña,LAA,obr_tier
2.25,2.18,0,0.6,,28.3,10.9,1.8,6,2,52.6,100.9,44.2,700712,43.7,56.4,59.6,74.6,91,Mid,R,Walbert Ureña,LAA,obr_tier
2.88,3.52,0.59,0.6,,23.1,12,3.13,5.29,23,43.9,100.7,31.8,700712,48.5,46.8,51.3,58.4,89.5,R,R,Walbert Ureña,LAA,hand
3.71,4.52,1.03,0.6,,20.6,13.2,3.8,4.85,9,43.2,100.5,30.3,700712,51.7,41.2,48.5,54.5,87,away,R,Walbert Ureña,LAA,location
2.42,2.96,0.35,0.6,,24.6,11.2,2.7,5.57,14,44.4,100.8,32.8,700712,46.4,50.4,53.1,61,91.1,home,R,Walbert Ureña,LAA,location
0,3.1,0,0.66,,21.4,14.3,0,3.67,1,34.1,98.3,23,700842,37.1,34.2,40.2,49.3,64,Low,L,Eduardo Rivera,BOS,osi_tier
21,8.77,3,0.66,,20,20,6.3,1.5,2,51.9,97.9,34.5,700842,50.1,45.3,49.5,53.9,52.5,Mid,L,Eduardo Rivera,BOS,osi_tier
11.57,8.67,3.86,0.66,,25,16.7,5.4,2.33,1,47,94,24.8,700842,68.8,37.4,48.7,47.2,64,High,L,Eduardo Rivera,BOS,abq_tier
8.31,4.02,0,0.66,,18.2,18.2,3.6,2.17,2,45.5,100.1,33.6,700842,34.2,43.7,45.2,55,52.5,Low,L,Eduardo Rivera,BOS,abq_tier
54,9.1,0,0.66,,12.5,25,7.2,0.67,1,56.8,101.8,44.2,700842,31.3,53.2,50.3,60.6,41,High,L,Eduardo Rivera,BOS,rcv_tier
0,3.1,0,0.66,,21.4,14.3,0,3.67,1,34.1,98.3,23,700842,37.1,34.2,40.2,49.3,64,Low,L,Eduardo Rivera,BOS,rcv_tier
11.57,8.67,3.86,0.66,,25,16.7,5.4,2.33,1,47,94,24.8,700842,68.8,37.4,48.7,47.2,64,Mid,L,Eduardo Rivera,BOS,rcv_tier
4.5,5.27,1.5,0.66,,23.1,15.4,2.7,3,2,40.6,96.2,23.9,700842,53,35.8,44.4,48.3,64,Low,L,Eduardo Rivera,BOS,obr_tier
54,9.1,0,0.66,,12.5,25,7.2,0.67,1,56.8,101.8,44.2,700842,31.3,53.2,50.3,60.6,41,Mid,L,Eduardo Rivera,BOS,obr_tier
9.45,5.65,1.35,0.66,,20.6,17.6,4.2,2.22,3,46,98,30.7,700842,45.8,41.6,46.4,52.4,56.3,L,L,Eduardo Rivera,BOS,hand
0,3.1,0,0.66,,21.4,14.3,0,3.67,1,34.1,98.3,23,700842,37.1,34.2,40.2,49.3,64,away,L,Eduardo Rivera,BOS,location
21,8.77,3,0.66,,20,20,6.3,1.5,2,51.9,97.9,34.5,700842,50.1,45.3,49.5,53.9,52.5,home,L,Eduardo Rivera,BOS,location
0.77,3.19,0.77,0.78,,21.4,4.8,0.9,5.83,2,86,107.9,53.5,701542,54.2,73.6,69,74,85.5,High,R,Will Warren,NYY,osi_tier
5.33,4.32,1.36,0.78,,20.7,8.4,6,4.84,15,33.4,96.3,29,701542,40.5,32.5,38.5,44,88.3,Low,R,Will Warren,NYY,osi_tier
3.49,3.94,1.47,0.78,,26.1,7.2,3.2,5.44,9,51.8,102.2,41.1,701542,47.2,49.3,53,61.4,86.6,Mid,R,Will Warren,NYY,osi_tier
13.5,12.85,6.75,0.78,,14.3,9.5,10.8,4,1,47,110.2,24.8,701542,77.1,41.9,54.5,52.9,75,High,R,Will Warren,NYY,abq_tier
4.2,4.13,1.4,0.78,,23.2,8,4.93,5.07,19,43.7,99.3,30.7,701542,37.6,41.9,45.2,54.4,87.3,Low,R,Will Warren,NYY,abq_tier
3.27,2.89,0.55,0.78,,22.2,6.7,2.7,5.5,6,43.5,97.4,50.6,701542,58.2,40.1,46.7,45.9,90.2,Mid,R,Will Warren,NYY,abq_tier
2.58,3.33,0.86,0.78,,23.3,7.6,2.88,5.23,10,51.5,103.9,36,701542,37.6,47.7,52.4,68.4,88.4,High,R,Will Warren,NYY,rcv_tier
5.95,3.93,1.06,0.78,,20.9,9,6.8,4.7,9,28.7,92.3,28.1,701542,43.2,29.5,34,32.7,88.9,Low,R,Will Warren,NYY,rcv_tier
4.66,5.27,2.33,0.78,,24.1,6.3,4.37,5.52,7,52.2,101.5,42.7,701542,53.7,48.1,51.8,54.7,84.3,Mid,R,Will Warren,NYY,rcv_tier
0,1,0,0.78,,30.4,0,0,6.67,1,88.5,107.5,53.4,701542,59.2,85.5,70.7,62.1,88,High,R,Will Warren,NYY,obr_tier
4.94,4.4,1.55,0.78,,22.8,8.3,5.59,4.89,19,37.1,98.9,32.3,701542,44.1,34.5,42.8,51.4,86.1,Low,R,Will Warren,NYY,obr_tier
3.21,3.81,1.07,0.78,,21,7.2,2.4,5.61,6,57.4,98.9,40.9,701542,40.5,56.4,51.5,53.9,91.8,Mid,R,Will Warren,NYY,obr_tier
4.25,4.08,1.35,0.78,,22.7,7.7,4.64,5.13,26,43.8,99.3,35.1,701542,43.9,41.5,45.9,52.4,87.5,R,R,Will Warren,NYY,hand
4.45,4.34,1.11,0.78,,18,9.2,4.29,4.97,13,47.4,100.5,37.2,701542,47.6,46,49.9,56,86.5,away,R,Will Warren,NYY,location
4.06,3.84,1.57,0.78,,27.2,6.4,4.98,5.28,13,40.2,98.1,32.9,701542,40.2,37.1,41.9,48.7,88.5,home,R,Will Warren,NYY,location
1.96,2.62,0.78,0.57,,31.3,6,2.25,5.75,4,89.2,111.6,63.8,701656,55.6,81,73.4,77.5,82,High,R,Logan Henderson,MIL,osi_tier
2.25,3.06,1.29,0.57,,30.7,3,1.8,5.6,5,36.1,98.9,25.1,701656,37,32.6,41.9,56,82.6,Low,R,Logan Henderson,MIL,osi_tier
3.2,4.09,1.78,0.57,,28.4,5.9,2.52,5.07,5,47.7,104.1,43.5,701656,45.8,47.6,52.8,63.6,78.6,Mid,R,Logan Henderson,MIL,osi_tier
0.75,3.02,0.75,0.57,,30.2,9.3,0.9,6,2,98.5,116.8,57.3,701656,66.8,93.9,80.6,75.4,89,High,R,Logan Henderson,MIL,abq_tier
2.72,3.44,1.6,0.57,,31.4,3.3,2.34,5.63,10,48.2,102.7,37.6,701656,39.1,44.6,50.1,64.3,82.1,Low,R,Logan Henderson,MIL,abq_tier
3.38,2.48,0,0.57,,21.2,9.1,2.7,4,2,48.1,100.2,53.4,701656,55.8,45.6,52.3,57.4,67.5,Mid,R,Logan Henderson,MIL,abq_tier
1.82,3,1.13,0.57,,32.2,6,2.06,5.67,7,68.4,110.2,49.6,701656,45.9,62.5,63,75.6,84,High,R,Logan Henderson,MIL,rcv_tier
2.25,3.68,2.25,0.57,,38.1,0,2.7,6,2,30.9,97.6,16.4,701656,37.8,29.1,37.2,46,85.5,Low,R,Logan Henderson,MIL,rcv_tier
3.65,3.51,1.09,0.57,,23.2,5.3,2.16,4.93,5,47,99,43.6,701656,47.8,45.9,50.4,57.4,75,Mid,R,Logan Henderson,MIL,rcv_tier
1.59,3.39,1.06,0.57,,29,8.1,1.8,5.67,3,91.1,112.8,67.1,701656,57.7,87.4,75.5,74.7,84,High,R,Logan Henderson,MIL,obr_tier
2.49,3.29,1.34,0.57,,29.6,4.5,2.2,5.22,9,41.4,101.9,34.3,701656,41,38.5,46.7,60.1,79.4,Low,R,Logan Henderson,MIL,obr_tier
3.65,3.02,1.46,0.57,,33.3,2.2,2.7,6.17,2,64.9,103,43.7,701656,47.2,58.2,60.2,71.8,83.5,Mid,R,Logan Henderson,MIL,obr_tier
2.48,3.27,1.3,0.57,,30.1,4.9,2.19,5.45,14,55.4,104.4,42.7,701656,45.4,51.8,54.8,64.9,81,R,R,Logan Henderson,MIL,hand
2.89,2.81,0.96,0.57,,29.6,4.9,2.06,5.33,7,57.7,103.3,41.3,701656,47.4,53.3,56.5,66.6,78.3,away,R,Logan Henderson,MIL,location
2.08,3.72,1.62,0.57,,30.6,4.9,2.31,5.57,7,53.1,105.5,44.1,701656,43.4,50.3,53.1,63.1,83.7,home,R,Logan Henderson,MIL,location
36,-0.9,0,0.72,,22.2,0,7.2,1,1,45.8,85.6,35.8,701719,55.3,46.1,47.6,43.8,22,Low,L,Tyler Samaniego,BOS,osi_tier
36,-0.9,0,0.72,,22.2,0,7.2,1,1,45.8,85.6,35.8,701719,55.3,46.1,47.6,43.8,22,Mid,L,Tyler Samaniego,BOS,abq_tier
36,-0.9,0,0.72,,22.2,0,7.2,1,1,45.8,85.6,35.8,701719,55.3,46.1,47.6,43.8,22,Low,L,Tyler Samaniego,BOS,rcv_tier
36,-0.9,0,0.72,,22.2,0,7.2,1,1,45.8,85.6,35.8,701719,55.3,46.1,47.6,43.8,22,Low,L,Tyler Samaniego,BOS,obr_tier
36,-0.9,0,0.72,,22.2,0,7.2,1,1,45.8,85.6,35.8,701719,55.3,46.1,47.6,43.8,22,L,L,Tyler Samaniego,BOS,hand
36,-0.9,0,0.72,,22.2,0,7.2,1,1,45.8,85.6,35.8,701719,55.3,46.1,47.6,43.8,22,away,L,Tyler Samaniego,BOS,location
0,3.43,0,0.7,,11.1,11.1,5.4,3,1,40.7,91.8,38.9,702021,39.1,37.3,45.9,60.6,37,Low,L,Will Dion,WSN,osi_tier
0,3.43,0,0.7,,11.1,11.1,5.4,3,1,40.7,91.8,38.9,702021,39.1,37.3,45.9,60.6,37,Low,L,Will Dion,WSN,abq_tier
0,3.43,0,0.7,,11.1,11.1,5.4,3,1,40.7,91.8,38.9,702021,39.1,37.3,45.9,60.6,37,Mid,L,Will Dion,WSN,rcv_tier
0,3.43,0,0.7,,11.1,11.1,5.4,3,1,40.7,91.8,38.9,702021,39.1,37.3,45.9,60.6,37,Low,L,Will Dion,WSN,obr_tier
0,3.43,0,0.7,,11.1,11.1,5.4,3,1,40.7,91.8,38.9,702021,39.1,37.3,45.9,60.6,37,L,L,Will Dion,WSN,hand
0,3.43,0,0.7,,11.1,11.1,5.4,3,1,40.7,91.8,38.9,702021,39.1,37.3,45.9,60.6,37,home,L,Will Dion,WSN,location
3.06,3.67,0.51,0.62,,21.1,12.7,2.4,5.89,3,78.7,105.8,75.7,702056,44,72.9,68.1,79.9,91,High,R,Trey Yesavage,TOR,osi_tier
2.83,3.67,1.13,0.62,,23.8,6.9,3,5.3,9,38.6,96.2,27.3,702056,40.6,41.1,42.6,45.8,85.4,Low,R,Trey Yesavage,TOR,osi_tier
5.4,4.83,0.95,0.62,,24.6,19,4.5,4.72,6,54.8,103.7,43.8,702056,40.2,53.3,55.3,68.5,84.5,Mid,R,Trey Yesavage,TOR,osi_tier
3.65,4.02,0.96,0.62,,23.6,11.9,3.4,5.2,18,50.7,100.3,40.9,702056,41,50.5,51.1,59,86.1,Low,R,Trey Yesavage,TOR,abq_tier
3.46,4.02,0.69,0.62,,23.1,14.8,3.42,5.2,10,60.1,105.2,50.9,702056,40.2,56.9,58.2,72.7,85.3,High,R,Trey Yesavage,TOR,rcv_tier
2.3,3.83,1.65,0.62,,25.5,2.8,1.08,5.47,5,36.6,89.5,23.6,702056,40.7,41.2,37.5,31,88.6,Low,R,Trey Yesavage,TOR,rcv_tier
6.91,4.36,0.63,0.62,,21.9,17.2,7.2,4.78,3,42.6,101.8,36.2,702056,44.7,44.5,50,60.3,84.3,Mid,R,Trey Yesavage,TOR,rcv_tier
4.09,3.92,0.82,0.62,,24.4,13.3,2.7,5.5,2,76.2,104.6,86.8,702056,41.4,78.4,68.6,76.9,88,High,R,Trey Yesavage,TOR,obr_tier
2.63,3.15,0.44,0.62,,23.1,10.7,3.82,5.12,8,40.2,102.2,30.4,702056,39.1,38.2,46.4,60.9,84.6,Low,R,Trey Yesavage,TOR,obr_tier
4.54,4.9,1.51,0.62,,23.8,12.8,3.15,5.21,8,54.8,97.3,39.9,702056,42.9,55.7,51.4,52.7,87,Mid,R,Trey Yesavage,TOR,obr_tier
3.65,4.02,0.96,0.62,,23.6,11.9,3.4,5.2,18,50.7,100.3,40.9,702056,41,50.5,51.1,59,86.1,R,R,Trey Yesavage,TOR,hand
3.14,4,0.92,0.62,,25.6,13.6,4.68,4.87,10,54.5,101,42.6,702056,43.2,53.6,52.6,58.3,82.4,away,R,Trey Yesavage,TOR,location
4.2,4.03,1,0.62,,21.4,10.2,1.8,5.62,8,45.9,99.4,38.8,702056,38.3,46.6,49.2,60,90.6,home,R,Trey Yesavage,TOR,location
6.35,3.45,0,0.68,,8.3,8.3,3.6,5.67,1,98.5,102.3,57.3,702070,62.9,87.9,72.8,62.7,101,High,L,Noah Cameron,KCR,osi_tier
5.34,4.11,1.04,0.68,,18.6,8.8,5.56,5.52,11,33.4,93.1,27.2,702070,44.7,34.1,42,49.1,94,Low,L,Noah Cameron,KCR,osi_tier
3.33,3.38,1,0.68,,23.7,6.2,4.11,5.79,14,55.2,95.9,46,702070,45.7,61.9,56.8,59,91.6,Mid,L,Noah Cameron,KCR,osi_tier
11.42,7.02,2.08,0.68,,10.4,12.5,11.7,4.33,2,47,94,24.8,702070,73.7,34.8,44.6,35.2,97,High,L,Noah Cameron,KCR,abq_tier
3.93,3.44,1.04,0.68,,23.6,6.3,4.64,5.91,19,45.5,96.3,37.2,702070,39.6,49.7,50.5,59.1,92.8,Low,L,Noah Cameron,KCR,abq_tier
3.42,3.63,0.34,0.68,,14.2,9.7,2.16,5.27,5,55.9,90.3,49,702070,59.3,62.9,56.3,46.9,91.8,Mid,L,Noah Cameron,KCR,abq_tier
7.09,6.14,2.7,0.68,,21,7.6,7.92,5.33,5,62.9,101.9,60,702070,32.9,54.3,56.9,76.9,85.6,High,L,Noah Cameron,KCR,rcv_tier
3.41,3.16,0.57,0.68,,21.2,8.2,4.09,5.76,11,41.6,90,34.1,702070,52.5,47.8,46.4,40.5,96,Low,L,Noah Cameron,KCR,rcv_tier
3.92,3.12,0.63,0.68,,20.4,6.4,3.78,5.73,10,46.6,97,32.5,702070,45.3,53.1,53.5,59.8,93.3,Mid,L,Noah Cameron,KCR,rcv_tier
5.32,4.87,1.14,0.68,,14.2,10.4,5.04,4.73,5,74.1,98.9,65.9,702070,50.3,73.9,65.4,66.5,89.8,High,L,Noah Cameron,KCR,obr_tier
5.59,4.39,1.23,0.68,,18.5,8.8,5.7,5.5,12,35.5,93.8,29.5,702070,43.8,35.3,43.3,52,91.8,Low,L,Noah Cameron,KCR,obr_tier
2.34,2.39,0.62,0.68,,27.3,4.1,3.2,6.41,9,49,94.5,35.2,702070,46.5,59.5,53.8,52.4,96.3,Mid,L,Noah Cameron,KCR,obr_tier
4.28,3.68,0.98,0.68,,20.9,7.4,4.71,5.67,26,47.6,95,38.5,702070,46,51.1,51.2,54.9,93,L,L,Noah Cameron,KCR,hand
3.62,3.41,0.96,0.68,,22.1,5.7,4.35,6.22,12,48.8,95.9,38.5,702070,46.3,51.1,50.8,53.7,94.9,away,L,Noah Cameron,KCR,location
4.95,3.97,0.99,0.68,,19.8,9,5.01,5.19,14,46.6,94.2,38.5,702070,45.7,51.2,51.5,56,91.3,home,L,Noah Cameron,KCR,location
0,3.1,0,0.68,,0,0,3.6,1,1,45.8,94.7,35.8,702193,55.3,46.1,47.6,43.8,6,Low,R,Andrew Morris,MIN,osi_tier
9,2.77,0,0.68,,11.8,5.9,3.6,1.5,2,53.9,99.8,51.6,702193,54.5,47.8,54,60.6,38.5,Mid,R,Andrew Morris,MIN,osi_tier
9,3.1,0,0.68,,0,0,1.8,1,1,59.8,103.9,49.3,702193,47.3,49.1,55.1,67.4,29,Low,R,Andrew Morris,MIN,abq_tier
6,2.77,0,0.68,,13.3,6.7,4.5,1.5,2,46.9,95.2,44.8,702193,58.6,46.3,50.3,48.8,27,Mid,R,Andrew Morris,MIN,abq_tier
9,3.1,0,0.68,,0,0,1.8,1,1,59.8,103.9,49.3,702193,47.3,49.1,55.1,67.4,29,High,R,Andrew Morris,MIN,rcv_tier
0,3.1,0,0.68,,0,0,3.6,1,1,45.8,94.7,35.8,702193,55.3,46.1,47.6,43.8,6,Low,R,Andrew Morris,MIN,rcv_tier
9,2.6,0,0.68,,16.7,8.3,5.4,2,1,48,95.7,53.9,702193,61.8,46.5,52.9,53.7,48,Mid,R,Andrew Morris,MIN,rcv_tier
6.75,2.85,0,0.68,,10,5,3.6,1.33,3,51.2,98.1,46.3,702193,54.8,47.2,51.9,55,27.7,Low,R,Andrew Morris,MIN,obr_tier
6.75,2.85,0,0.68,,10,5,3.6,1.33,3,51.2,98.1,46.3,702193,54.8,47.2,51.9,55,27.7,R,R,Andrew Morris,MIN,hand
0,3.1,0,0.68,,0,0,3.6,1,1,45.8,94.7,35.8,702193,55.3,46.1,47.6,43.8,6,away,R,Andrew Morris,MIN,location
9,2.77,0,0.68,,11.8,5.9,3.6,1.5,2,53.9,99.8,51.6,702193,54.5,47.8,54,60.6,38.5,home,R,Andrew Morris,MIN,location
4.82,2.24,0,0.78,,33.3,15.4,5.4,4.67,2,79.9,112.4,70.2,702273,49.6,76.6,74.2,89.1,78.5,High,L,Noah Schultz,CHW,osi_tier
11.05,6.28,2.45,0.78,,13.9,7,11.1,3.67,6,33.1,99.3,22.1,702273,41.5,35.1,41.4,48.7,72.5,Low,L,Noah Schultz,CHW,osi_tier
3.41,4.41,0.93,0.78,,22,14.4,3.9,4.83,6,48.4,95.8,35.4,702273,53.4,51.6,56.5,64.3,81.3,Mid,L,Noah Schultz,CHW,osi_tier
6.23,4.02,0,0.78,,20,20,7.2,4.33,1,47,94,24.8,702273,84.7,46,59.9,58.1,82,High,L,Noah Schultz,CHW,abq_tier
6.14,4.83,1.58,0.78,,20.6,9.6,6.87,4.67,11,46.2,101.9,33.7,702273,41.4,47.8,51.5,62.9,81.7,Low,L,Noah Schultz,CHW,abq_tier
9.64,4.6,0,0.78,,16.7,20.8,9,2.33,2,46.9,90.2,44.8,702273,64,50.6,54.9,53.3,49.5,Mid,L,Noah Schultz,CHW,abq_tier
5.2,4.04,1.3,0.78,,26.7,10.3,6,4.61,6,55.8,102.5,42.6,702273,41.6,55.4,59.6,77.3,78.3,High,L,Noah Schultz,CHW,rcv_tier
12.79,7.44,2.84,0.78,,12.5,9.7,12.15,3.17,4,33,103.3,20.4,702273,44.4,36.9,40,40.3,68.5,Low,L,Noah Schultz,CHW,rcv_tier
4.05,4.05,0.45,0.78,,17.9,14.3,4.05,5,4,45.5,91.9,37.1,702273,60.2,48.3,54.6,57.8,84,Mid,L,Noah Schultz,CHW,rcv_tier
8.1,1.9,0,0.78,,35.7,14.3,7.2,3.33,1,76.2,104,86.8,702273,45.1,85.3,74.6,83.6,72,High,L,Noah Schultz,CHW,obr_tier
7.82,4.87,1.51,0.78,,17.8,8.9,8.4,3.96,9,37.9,96.5,26.4,702273,48.6,38.7,48.3,59.1,73,Low,L,Noah Schultz,CHW,obr_tier
3.8,5.02,1.27,0.78,,22.5,15.7,4.5,5.33,4,57.9,105.8,40.3,702273,46.4,59.8,56.6,60.3,87.8,Mid,L,Noah Schultz,CHW,obr_tier
6.41,4.76,1.34,0.78,,20.2,11.4,7.2,4.31,14,46.4,99.7,34.7,702273,47.7,48.1,52.6,61.2,77.1,L,L,Noah Schultz,CHW,hand
7.03,5.07,1.69,0.78,,18.8,9,7.97,4.57,7,36.7,97.6,24.8,702273,37,37.7,45.1,59.6,82.3,away,L,Noah Schultz,CHW,location
5.72,4.41,0.95,0.78,,21.9,14.1,6.43,4.05,7,56,101.7,44.6,702273,58.5,58.5,60,62.8,72,home,L,Noah Schultz,CHW,location
2.93,4.4,1.17,0.72,,23.4,12.5,3,5.11,3,85.2,108,53.5,702275,51.5,68.3,67,76.6,85.7,High,R,JR Ritchie,ATL,osi_tier
8.36,7.53,2.57,0.72,,14.9,14.9,10.2,4.67,3,35.9,103.2,30.1,702275,38.1,32.8,45.2,64.5,88.7,Low,R,JR Ritchie,ATL,osi_tier
5.23,4.55,0.87,0.72,,22.4,16.3,7.2,5.17,2,53,100.8,41.5,702275,45.3,50.8,53.1,61.2,97.5,Mid,R,JR Ritchie,ATL,osi_tier
5.86,5.82,1.78,0.72,,19.8,14.2,7.46,5.05,7,54.4,104,40.1,702275,43.2,46,53.5,69.3,90.1,Low,R,JR Ritchie,ATL,abq_tier
2.08,3.33,0,0.72,,22.2,16.7,1.8,4.33,1,88.5,107.5,53.4,702275,57.5,83,68.6,60.3,87,Mid,R,JR Ritchie,ATL,abq_tier
4.64,6.66,2.53,0.72,,20.4,12.9,5.4,5.33,4,63.2,105.7,43,702275,42.3,47.3,56.3,76.4,89.2,High,R,JR Ritchie,ATL,rcv_tier
6.38,4.25,0.49,0.72,,19.5,16.1,8.1,4.58,4,54.1,103.2,40.5,702275,47.6,53.9,54.4,60,90.2,Mid,R,JR Ritchie,ATL,rcv_tier
2.08,3.33,0,0.72,,22.2,16.7,1.8,4.33,1,88.5,107.5,53.4,702275,57.5,83,68.6,60.3,87,High,R,JR Ritchie,ATL,obr_tier
6.98,7.19,2.33,0.72,,15.2,15.2,9,4.83,4,41.9,103.4,34.9,702275,40,36.4,47.1,64.6,90.8,Low,R,JR Ritchie,ATL,obr_tier
4.5,4.16,1.12,0.72,,25.7,12.9,5.4,5.33,3,71.1,104.8,47,702275,47.4,58.8,61.9,75.7,89.3,Mid,R,JR Ritchie,ATL,obr_tier
5.45,5.55,1.59,0.72,,20,14.4,6.75,4.96,8,58.6,104.4,41.7,702275,44.9,50.6,55.4,68.2,89.8,R,R,JR Ritchie,ATL,hand
6,4.91,1.29,0.72,,21.1,13.7,8.55,5.25,4,52.9,103.4,40.5,702275,45.6,48.6,54.1,66.4,90.8,away,R,JR Ritchie,ATL,location
4.82,6.26,1.93,0.72,,18.8,15.3,4.95,4.67,4,64.4,105.5,42.9,702275,44.3,52.6,56.6,70,88.8,home,R,JR Ritchie,ATL,location
5.4,7.3,1.8,0.91,,9.1,18.2,5.4,5,1,83.5,120.7,53.6,702281,52.4,65.7,71.5,91.5,86,High,L,Robby Snelling,MIA,osi_tier
5.4,7.3,1.8,0.91,,9.1,18.2,5.4,5,1,83.5,120.7,53.6,702281,52.4,65.7,71.5,91.5,86,Low,L,Robby Snelling,MIA,abq_tier
5.4,7.3,1.8,0.91,,9.1,18.2,5.4,5,1,83.5,120.7,53.6,702281,52.4,65.7,71.5,91.5,86,High,L,Robby Snelling,MIA,rcv_tier
5.4,7.3,1.8,0.91,,9.1,18.2,5.4,5,1,83.5,120.7,53.6,702281,52.4,65.7,71.5,91.5,86,Mid,L,Robby Snelling,MIA,obr_tier
5.4,7.3,1.8,0.91,,9.1,18.2,5.4,5,1,83.5,120.7,53.6,702281,52.4,65.7,71.5,91.5,86,L,L,Robby Snelling,MIA,hand
5.4,7.3,1.8,0.91,,9.1,18.2,5.4,5,1,83.5,120.7,53.6,702281,52.4,65.7,71.5,91.5,86,home,L,Robby Snelling,MIA,location
0,1.1,0,0.52,,33.3,0,5.4,1,1,15.8,90,21.1,702303,34.6,24.7,30,32.8,6,Low,L,Riley Martin,CHC,osi_tier
0,1.1,0,0.52,,33.3,0,5.4,1,1,15.8,90,21.1,702303,34.6,24.7,30,32.8,6,Low,L,Riley Martin,CHC,abq_tier
0,1.1,0,0.52,,33.3,0,5.4,1,1,15.8,90,21.1,702303,34.6,24.7,30,32.8,6,Low,L,Riley Martin,CHC,rcv_tier
0,1.1,0,0.52,,33.3,0,5.4,1,1,15.8,90,21.1,702303,34.6,24.7,30,32.8,6,Low,L,Riley Martin,CHC,obr_tier
0,1.1,0,0.52,,33.3,0,5.4,1,1,15.8,90,21.1,702303,34.6,24.7,30,32.8,6,L,L,Riley Martin,CHC,hand
0,1.1,0,0.52,,33.3,0,5.4,1,1,15.8,90,21.1,702303,34.6,24.7,30,32.8,6,away,L,Riley Martin,CHC,location
6.75,10.1,4.5,0.81,,11.1,11.1,5.4,4,1,76.2,104.6,86.8,702474,41,77.6,67.9,76.1,81,High,R,Mike Paredes,MIN,osi_tier
4.2,5.63,1.8,0.81,,7.7,4.6,4.2,5,3,27,94.8,11.2,702474,48.1,36.6,38,32.5,69.3,Low,R,Mike Paredes,MIN,osi_tier
3,2.43,0,0.81,,30.8,15.4,5.4,3,1,59.8,103.9,49.3,702474,46.8,48.6,54.5,66.7,58,Mid,R,Mike Paredes,MIN,osi_tier
4.76,6.45,2.65,0.81,,13.7,5.5,4.95,4.25,4,41.6,101.5,37.5,702474,41.9,48.1,47.5,50.7,68,Low,R,Mike Paredes,MIN,abq_tier
3.6,4.5,0,0.81,,4.3,13,3.6,5,1,50.6,86.8,19.7,702474,64.3,43.4,46.5,37.5,75,Mid,R,Mike Paredes,MIN,abq_tier
5.14,6.81,2.57,0.81,,19.4,12.9,5.4,3.5,2,68,104.3,68,702474,43.9,63.1,61.2,71.4,69.5,High,R,Mike Paredes,MIN,rcv_tier
4.2,5.63,1.8,0.81,,7.7,4.6,4.2,5,3,27,94.8,11.2,702474,48.1,36.6,38,32.5,69.3,Low,R,Mike Paredes,MIN,rcv_tier
6.75,10.1,4.5,0.81,,11.1,11.1,5.4,4,1,76.2,104.6,86.8,702474,41,77.6,67.9,76.1,81,High,R,Mike Paredes,MIN,obr_tier
4,5.1,1.5,0.81,,11.5,6.4,4.5,4.5,4,35.2,97.1,20.7,702474,47.8,39.6,42.2,41.1,66.5,Low,R,Mike Paredes,MIN,obr_tier
4.5,6.01,2.05,0.81,,11.5,7.3,4.68,4.4,5,43.4,98.6,33.9,702474,46.4,47.2,47.3,48.1,69.4,R,R,Mike Paredes,MIN,hand
4.32,5.62,1.62,0.81,,12.5,9.7,4.5,4.17,4,53.6,99.5,41.4,702474,48.4,49,51.5,56.7,68.2,away,R,Mike Paredes,MIN,location
5.06,7.22,3.38,0.81,,8.3,0,5.4,5.33,1,2.8,94.7,4.1,702474,38.5,39.9,30.4,13.6,74,home,R,Mike Paredes,MIN,location
6.75,8.72,3.38,0.7,,13.3,13.3,5.4,2.67,1,27.6,102.7,9.8,702566,40.3,25.6,36.1,45,49,Low,R,Owen Murphy,ATL,osi_tier
6.75,8.72,3.38,0.7,,13.3,13.3,5.4,2.67,1,27.6,102.7,9.8,702566,40.3,25.6,36.1,45,49,Low,R,Owen Murphy,ATL,abq_tier
6.75,8.72,3.38,0.7,,13.3,13.3,5.4,2.67,1,27.6,102.7,9.8,702566,40.3,25.6,36.1,45,49,Low,R,Owen Murphy,ATL,rcv_tier
6.75,8.72,3.38,0.7,,13.3,13.3,5.4,2.67,1,27.6,102.7,9.8,702566,40.3,25.6,36.1,45,49,Low,R,Owen Murphy,ATL,obr_tier
6.75,8.72,3.38,0.7,,13.3,13.3,5.4,2.67,1,27.6,102.7,9.8,702566,40.3,25.6,36.1,45,49,R,R,Owen Murphy,ATL,hand
6.75,8.72,3.38,0.7,,13.3,13.3,5.4,2.67,1,27.6,102.7,9.8,702566,40.3,25.6,36.1,45,49,home,R,Owen Murphy,ATL,location
8.1,7.9,2.7,0.76,,15.8,15.8,5.4,3.33,1,75.2,110.3,54.5,703615,74,76.9,70.2,59.9,63,High,R,Jose Cabrera,ARI,osi_tier
4.15,4.95,2.08,0.76,,22.2,5.6,3.6,4.33,1,25.9,102.2,15.4,703615,27.2,20.8,40.9,73.6,70,Low,R,Jose Cabrera,ARI,osi_tier
5.02,4.5,1.26,0.76,,14.5,6.5,4.2,4.78,3,47.7,105.5,31.7,703615,55,47.6,53.7,59.9,72,Mid,R,Jose Cabrera,ARI,osi_tier
7.56,7.9,3.24,0.76,,16.7,11.9,5.4,4.17,2,61.1,110.3,39.6,703615,75.6,59.4,62.4,56.4,71.5,High,R,Jose Cabrera,ARI,abq_tier
3.95,3.39,0.66,0.76,,15.8,5.3,3.6,4.56,3,40.7,102.8,28.6,703615,38.3,40.6,49.2,66.8,68.7,Low,R,Jose Cabrera,ARI,abq_tier
1.93,3.31,0.96,0.76,,19.4,2.8,1.8,4.67,2,37.9,105.4,25.9,703615,34.9,33.6,47.2,71.3,66,High,R,Jose Cabrera,ARI,rcv_tier
7.82,6.42,2.13,0.76,,14.3,11.1,6,4.22,3,56.1,106.1,37.7,703615,65.4,57.8,59.3,56.8,72.3,Mid,R,Jose Cabrera,ARI,rcv_tier
8.1,7.9,2.7,0.76,,15.8,15.8,5.4,3.33,1,75.2,110.3,54.5,703615,74,76.9,70.2,59.9,63,High,R,Jose Cabrera,ARI,obr_tier
3.77,4.91,1.88,0.76,,18.6,5.1,3,4.78,3,40.9,107,25.6,703615,49,36.4,49.6,65.2,70.7,Low,R,Jose Cabrera,ARI,obr_tier
8.31,3.56,0,0.76,,9.5,9.5,7.2,4.33,1,46.2,97.8,33.8,703615,45.1,54.5,53.2,57.6,74,Mid,R,Jose Cabrera,ARI,obr_tier
5.32,5.1,1.64,0.76,,16.2,8.1,4.32,4.4,5,48.8,105.8,33,703615,53.2,48.1,54.4,62.6,69.8,R,R,Jose Cabrera,ARI,hand
6.59,5.59,1.98,0.76,,16.1,8.1,5.4,4.56,3,39.7,103.4,24.7,703615,49.8,39.1,49.5,61.4,74.7,away,R,Jose Cabrera,ARI,location
3.24,4.3,1.08,0.76,,16.2,8.1,2.7,4.17,2,62.6,109.5,45.5,703615,58.4,61.6,61.8,64.5,62.5,home,R,Jose Cabrera,ARI,location
0.82,3.1,0.82,0.6,,27.5,7.5,0.9,5.5,2,93.5,111.6,55.3,800048,61.4,87.8,75.3,70.9,83.5,High,L,Parker Messick,CLE,osi_tier
2.5,3.11,0.79,0.6,,23.1,5.8,1.94,6.1,13,34,97.7,24.5,800048,41.4,30.6,41.8,54.9,91.3,Low,L,Parker Messick,CLE,osi_tier
2.67,2.93,0.76,0.6,,27.4,7.7,2.55,5.89,12,58.4,99.3,47.5,800048,47.3,59.4,58,64,95.8,Mid,L,Parker Messick,CLE,osi_tier
1.9,1.33,0,0.6,,31.2,6.2,2.25,5.92,4,55,97.5,30.9,800048,71.9,47.1,52.6,45.2,94,High,L,Parker Messick,CLE,abq_tier
2.75,3.29,0.95,0.6,,24.1,6.1,2.12,6.16,17,41.8,98.8,34.3,800048,34.9,40.1,46.9,63.4,92.9,Low,L,Parker Messick,CLE,abq_tier
1.93,3.44,0.83,0.6,,24.4,9.2,2.1,5.44,6,66.6,102.7,48.8,800048,58,69.3,63.5,60.9,91.3,Mid,L,Parker Messick,CLE,abq_tier
3.21,3.71,1.32,0.6,,27.5,7.4,2.92,5.96,8,61.9,104.9,49.5,800048,40.4,53.6,58.7,77.5,95.5,High,L,Parker Messick,CLE,rcv_tier
1.49,1.75,0.25,0.6,,29.5,5.5,1.5,6.06,6,47.5,92.1,33,800048,58.5,50.2,48.5,39.3,93.2,Low,L,Parker Messick,CLE,rcv_tier
2.45,3.22,0.7,0.6,,21.9,7,1.94,5.92,13,42.3,99.5,31.2,800048,42.7,42.7,48.4,59.1,90.8,Mid,L,Parker Messick,CLE,rcv_tier
2.82,3.28,0.7,0.6,,25.6,10.3,2.83,5.48,7,71.9,102.3,54.3,800048,56.9,75,65.6,61,91.3,High,L,Parker Messick,CLE,obr_tier
2.44,3.14,0.87,0.6,,24.3,5.9,2.01,6.08,17,39.4,99.1,29.5,800048,41.5,34.3,45.3,60.5,92.4,Low,L,Parker Messick,CLE,obr_tier
1.86,1.96,0.47,0.6,,30.1,4.1,1.2,6.44,3,52.2,95.2,39.1,800048,41.6,59.1,53.6,55.9,98.3,Mid,L,Parker Messick,CLE,obr_tier
2.46,3.03,0.78,0.6,,25.3,6.8,2.13,5.96,27,49.3,99.5,37,800048,45.5,47.6,51.5,60.1,92.7,L,L,Parker Messick,CLE,hand
2.25,3.74,1.24,0.6,,24.7,6.5,1.94,6.15,13,50,96.8,38.6,800048,45.6,47,50,56.6,89.5,away,L,Parker Messick,CLE,location
2.67,2.33,0.33,0.6,,25.8,7,2.31,5.79,14,48.5,101.9,35.6,800048,45.4,48.2,52.8,63.4,95.7,home,L,Parker Messick,CLE,location
12,3.77,3,0.6,,38.9,5.6,7.2,3,1,83.5,108.3,53.6,800311,49.3,61.8,67.2,86,74,High,R,Didier Fuentes,ATL,osi_tier
12,3.77,3,0.6,,38.9,5.6,7.2,3,1,83.5,108.3,53.6,800311,49.3,61.8,67.2,86,74,Low,R,Didier Fuentes,ATL,abq_tier
12,3.77,3,0.6,,38.9,5.6,7.2,3,1,83.5,108.3,53.6,800311,49.3,61.8,67.2,86,74,High,R,Didier Fuentes,ATL,rcv_tier
12,3.77,3,0.6,,38.9,5.6,7.2,3,1,83.5,108.3,53.6,800311,49.3,61.8,67.2,86,74,Mid,R,Didier Fuentes,ATL,obr_tier
12,3.77,3,0.6,,38.9,5.6,7.2,3,1,83.5,108.3,53.6,800311,49.3,61.8,67.2,86,74,R,R,Didier Fuentes,ATL,hand
12,3.77,3,0.6,,38.9,5.6,7.2,3,1,83.5,108.3,53.6,800311,49.3,61.8,67.2,86,74,away,R,Didier Fuentes,ATL,location
6.75,3.85,0,0.73,,31.6,26.3,7.2,4,1,88.5,120.8,53.4,800600,60.6,88.6,78.6,80,78,High,L,Jackson Kent,WSN,osi_tier
5.28,4.47,0.59,0.73,,15.9,14.5,5.4,5.11,3,36.4,99.1,29.2,800600,37.1,33,43.5,60.1,93.3,Low,L,Jackson Kent,WSN,osi_tier
5.28,4.47,0.59,0.73,,15.9,14.5,5.4,5.11,3,36.4,99.1,29.2,800600,37.1,33,43.5,60.1,93.3,Low,L,Jackson Kent,WSN,abq_tier
6.75,3.85,0,0.73,,31.6,26.3,7.2,4,1,88.5,120.8,53.4,800600,60.6,88.6,78.6,80,78,Mid,L,Jackson Kent,WSN,abq_tier
6.75,3.85,0,0.73,,31.6,26.3,7.2,4,1,88.5,120.8,53.4,800600,60.6,88.6,78.6,80,78,High,L,Jackson Kent,WSN,rcv_tier
5.28,4.47,0.59,0.73,,15.9,14.5,5.4,5.11,3,36.4,99.1,29.2,800600,37.1,33,43.5,60.1,93.3,Mid,L,Jackson Kent,WSN,rcv_tier
6.75,3.85,0,0.73,,31.6,26.3,7.2,4,1,88.5,120.8,53.4,800600,60.6,88.6,78.6,80,78,High,L,Jackson Kent,WSN,obr_tier
5.28,4.47,0.59,0.73,,15.9,14.5,5.4,5.11,3,36.4,99.1,29.2,800600,37.1,33,43.5,60.1,93.3,Low,L,Jackson Kent,WSN,obr_tier
5.59,4.34,0.47,0.73,,19.3,17,5.85,4.83,4,49.4,104.5,35.2,800600,43,46.9,52.3,65.1,89.5,L,L,Jackson Kent,WSN,hand
8.64,4.9,1.08,0.73,,19,14.3,7.2,4.17,2,34.2,102.8,24.4,800600,36.2,30.8,42.3,59.8,87,away,L,Jackson Kent,WSN,location
3.27,3.92,0,0.73,,19.6,19.6,4.5,5.5,2,64.6,106.3,46.1,800600,49.8,62.9,62.3,70.3,92,home,L,Jackson Kent,WSN,location
8,6.43,3,0.65,,26.1,10.9,8.1,4.5,2,91,111.5,55.5,801139,52,75.4,69,73.8,82,High,L,Payton Tolle,BOS,osi_tier
3.44,3.67,1.23,0.65,,25.3,6.8,3.46,5.64,13,37.4,91,38.8,801139,46.5,32.8,40.1,43.9,85.8,Low,L,Payton Tolle,BOS,osi_tier
2.03,1.87,0.37,0.65,,31.9,6.3,2.02,6.08,8,60.7,101,52.8,801139,37.8,52.4,52.3,62.5,90.6,Mid,L,Payton Tolle,BOS,osi_tier
4.5,2.85,0.56,0.65,,18.6,4.3,5.4,5.33,3,48.2,99.8,23.1,801139,65.2,33.7,44.6,42.5,91,High,L,Payton Tolle,BOS,abq_tier
3.31,3.12,1.17,0.65,,30.7,6.7,3.12,5.62,15,53.6,98.7,46.8,801139,35.1,44.4,47.6,60.3,87.4,Low,L,Payton Tolle,BOS,abq_tier
2.35,3.56,0.88,0.65,,24.6,9.3,2.88,6.13,5,40.9,86.7,53.3,801139,57.9,46,45.9,37.2,84,Mid,L,Payton Tolle,BOS,abq_tier
3.06,2.9,1.26,0.65,,34.5,6.4,3,5.56,9,61.3,104.7,49.5,801139,33.6,46.6,51.4,69.6,89.7,High,L,Payton Tolle,BOS,rcv_tier
4.08,3.83,0.97,0.65,,20,7.9,4.5,5.79,8,34,88,39.7,801139,53.5,34.8,38.6,32.2,85.5,Low,L,Payton Tolle,BOS,rcv_tier
2.34,2.75,0.78,0.65,,28.5,6.6,2.4,5.78,6,54.9,94.6,45.7,801139,46.7,49.8,51.1,55.7,85.5,Mid,L,Payton Tolle,BOS,rcv_tier
2.79,3.2,1.24,0.65,,32.5,7.7,3.6,5.8,5,78.9,104.6,66.8,801139,44.5,67.9,62,67.7,85.6,High,L,Payton Tolle,BOS,obr_tier
3.31,3.42,1.07,0.65,,25.6,6.8,3.36,5.62,15,39.7,93,38.6,801139,46.4,34,41.8,47.5,86.9,Low,L,Payton Tolle,BOS,obr_tier
3.57,2.08,0.51,0.65,,29.9,6.5,3,5.89,3,54.5,98.5,41.6,801139,30.9,48.9,46.8,55.7,90.7,Mid,L,Payton Tolle,BOS,obr_tier
3.23,3.19,1.03,0.65,,27.7,7,3.37,5.7,23,50.1,96.2,45.1,801139,43.9,43.3,46.9,53,87.1,L,L,Payton Tolle,BOS,hand
2.59,3.34,0.82,0.65,,22.5,7,2.45,6,11,45.9,92.9,42.8,801139,48.4,43.1,47.3,51.3,84.7,away,L,Payton Tolle,BOS,location
3.88,3.04,1.25,0.65,,32.7,7,4.2,5.42,12,54,99.3,47.2,801139,39.9,43.6,46.5,54.5,89.3,home,L,Payton Tolle,BOS,location
1.42,3.89,0.71,0.73,,24,14,0,6.33,2,25,91.7,22.1,801403,35.8,29.4,35.1,41,97,Low,R,Chase Dollander,COL,osi_tier
27,19.1,9,0.73,,0,11.1,12.6,1,1,46.2,113.9,40.3,801403,31.9,49.2,56.4,82,28,Mid,R,Chase Dollander,COL,osi_tier
3.29,5,1.32,0.73,,20.3,13.6,4.2,4.56,3,32,99.1,28.1,801403,34.5,36,42.2,54.7,74,Low,R,Chase Dollander,COL,abq_tier
27,19.1,9,0.73,,0,11.1,12.6,1,1,46.2,113.9,40.3,801403,31.9,49.2,56.4,82,28,High,R,Chase Dollander,COL,rcv_tier
1.42,3.89,0.71,0.73,,24,14,0,6.33,2,25,91.7,22.1,801403,35.8,29.4,35.1,41,97,Low,R,Chase Dollander,COL,rcv_tier
3.29,5,1.32,0.73,,20.3,13.6,4.2,4.56,3,32,99.1,28.1,801403,34.5,36,42.2,54.7,74,Low,R,Chase Dollander,COL,obr_tier
3.29,5,1.32,0.73,,20.3,13.6,4.2,4.56,3,32,99.1,28.1,801403,34.5,36,42.2,54.7,74,R,R,Chase Dollander,COL,hand
3.29,5,1.32,0.73,,20.3,13.6,4.2,4.56,3,32,99.1,28.1,801403,34.5,36,42.2,54.7,74,away,R,Chase Dollander,COL,location
27,25.1,9,1.1,,0,30,5.4,1,1,98.5,102.3,57.3,802408,62.9,87.9,72.8,62.7,36,High,L,Brycen Mautz,STL,osi_tier
27,25.1,9,1.1,,0,30,5.4,1,1,98.5,102.3,57.3,802408,62.9,87.9,72.8,62.7,36,Mid,L,Brycen Mautz,STL,abq_tier
27,25.1,9,1.1,,0,30,5.4,1,1,98.5,102.3,57.3,802408,62.9,87.9,72.8,62.7,36,Mid,L,Brycen Mautz,STL,rcv_tier
27,25.1,9,1.1,,0,30,5.4,1,1,98.5,102.3,57.3,802408,62.9,87.9,72.8,62.7,36,High,L,Brycen Mautz,STL,obr_tier
27,25.1,9,1.1,,0,30,5.4,1,1,98.5,102.3,57.3,802408,62.9,87.9,72.8,62.7,36,L,L,Brycen Mautz,STL,hand
27,25.1,9,1.1,,0,30,5.4,1,1,98.5,102.3,57.3,802408,62.9,87.9,72.8,62.7,36,away,L,Brycen Mautz,STL,location
8.31,6.1,2.08,0.67,,15.8,10.5,7.2,4.33,1,83.5,120.7,53.6,804267,46,70.5,73,95.1,80,High,L,Zac Thornton,NYM,osi_tier
3.55,4.23,1.42,0.67,,19.6,5.7,4.11,5.43,7,40.9,91.7,38.1,804267,37.7,37.2,42.4,51.7,84.6,Low,L,Zac Thornton,NYM,osi_tier
0.47,2.42,0,0.67,,16.2,4.4,0.6,6.33,3,65.2,98.5,46.2,804267,65.9,72.4,61.1,44.6,84,Mid,L,Zac Thornton,NYM,osi_tier
0.75,2.35,0,0.67,,14,2.3,0.9,6,2,75.2,90.7,54.5,804267,71.4,76,61.5,37.8,85,High,L,Zac Thornton,NYM,abq_tier
4.04,4.42,1.49,0.67,,19.2,6.2,4.5,5.29,8,46.3,95.3,40,804267,38.7,41.4,46.2,57.1,84,Low,L,Zac Thornton,NYM,abq_tier
0,2.53,0,0.67,,20,8,0,7,1,45.2,114.1,29.6,804267,54.8,65.2,60.2,58.3,82,Mid,L,Zac Thornton,NYM,abq_tier
8.31,6.1,2.08,0.67,,15.8,10.5,7.2,4.33,1,83.5,120.7,53.6,804267,46,70.5,73,95.1,80,High,L,Zac Thornton,NYM,rcv_tier
1.96,2.88,0.78,0.67,,22.5,3.4,2.25,5.75,4,53.1,89.5,41,804267,55.3,57.7,50.6,39,86.8,Low,L,Zac Thornton,NYM,rcv_tier
2.91,4.13,1.06,0.67,,16.1,6.6,3.6,5.67,6,45,96.5,40.2,804267,40,41.2,46.3,56.6,82.8,Mid,L,Zac Thornton,NYM,rcv_tier
1.93,3.1,0.39,0.67,,16.1,5.7,2.25,5.83,4,69.8,104,48,804267,60.9,71.9,64,57.2,83,High,L,Zac Thornton,NYM,obr_tier
3.55,4.23,1.42,0.67,,19.6,5.7,4.11,5.43,7,40.9,91.7,38.1,804267,37.7,37.2,42.4,51.7,84.6,Low,L,Zac Thornton,NYM,obr_tier
2.93,3.8,1.03,0.67,,18.4,5.7,3.44,5.58,11,51.4,96.2,41.7,804267,46.1,49.8,50.3,53.7,84,L,L,Zac Thornton,NYM,hand
2.95,4.22,0.84,0.67,,12.2,7.3,3.15,5.33,4,63.3,98.9,50.3,804267,46.4,54.9,55,61.1,76,away,L,Zac Thornton,NYM,location
2.92,3.58,1.12,0.67,,21.5,4.9,3.6,5.71,7,44.7,94.6,36.8,804267,45.9,47,47.6,49.5,88.6,home,L,Zac Thornton,NYM,location
8.2,7.12,2.89,0.75,,19.6,12,9.45,4.67,4,84.6,109.8,63,805673,60.2,83.6,72.4,68.5,89.2,High,R,Zebby Matthews,MIN,osi_tier
2.84,3.1,0.95,0.75,,23.5,4,3.6,6.33,6,34.2,102.6,24,805673,37.9,33.8,43.3,58,94.7,Low,R,Zebby Matthews,MIN,osi_tier
4.55,4.58,1.46,0.75,,17.7,6.6,5,6.15,9,52.2,103.6,45,805673,42.9,49.8,55.4,70.7,94.8,Mid,R,Zebby Matthews,MIN,osi_tier
4.09,6.1,2.45,0.75,,18,8,6.3,5.5,2,86.8,113.6,55.9,805673,70.3,85.6,75.6,67.9,95.5,High,R,Zebby Matthews,MIN,abq_tier
4.32,4.2,1.48,0.75,,21.4,5.8,5.01,6.1,14,46.8,103.7,37.8,805673,38.6,45.3,51.3,67.3,93.6,Low,R,Zebby Matthews,MIN,abq_tier
6.32,5.01,1.15,0.75,,13.9,11.1,7.2,5.22,3,61.5,102.6,53.4,805673,58,59.8,59.5,60.2,92.3,Mid,R,Zebby Matthews,MIN,abq_tier
4.61,4.89,1.9,0.75,,21.1,6.3,5.07,6.03,11,57.4,105.8,45.1,805673,41.3,55.7,58.2,73.2,94.5,High,R,Zebby Matthews,MIN,rcv_tier
4.15,3.48,0.69,0.75,,13,3.7,5.4,6.5,2,20.5,98.7,8.1,805673,33,19.8,32.4,46.3,97.5,Low,R,Zebby Matthews,MIN,rcv_tier
4.68,4.11,1.1,0.75,,20.3,9.1,6.3,5.44,6,56.9,104.3,48.2,805673,55.7,55.5,57.2,60.2,90.7,Mid,R,Zebby Matthews,MIN,rcv_tier
8.2,7.12,2.89,0.75,,19.6,12,9.45,4.67,4,84.6,109.8,63,805673,60.2,83.6,72.4,68.5,89.2,High,R,Zebby Matthews,MIN,obr_tier
3.89,3.96,1.22,0.75,,20.1,6,4.5,6.17,12,41.7,103,33,805673,42.1,40.7,48.8,62.8,94.7,Low,R,Zebby Matthews,MIN,obr_tier
3.72,4.03,1.4,0.75,,19.5,3.9,4.2,6.44,3,58.3,104,51.1,805673,36.1,53.8,57.6,77.2,95,Mid,R,Zebby Matthews,MIN,obr_tier
4.58,4.5,1.53,0.75,,19.9,6.9,5.49,5.89,19,53.3,104.6,42.2,805673,45,51.8,55.2,66.2,93.6,R,R,Zebby Matthews,MIN,hand
6.38,4.99,2.13,0.75,,23.9,7,7.92,5.5,10,56.1,105.8,43.9,805673,45.1,54.4,56.2,66.4,90.6,away,R,Zebby Matthews,MIN,location
2.84,4.03,0.95,0.75,,15.6,6.7,2.8,6.33,9,50.3,103.3,40.3,805673,44.8,49,53.9,66,96.9,home,R,Zebby Matthews,MIN,location
6.75,3.85,0,0.74,,14.3,14.3,1.8,1.33,1,15.8,90,21.1,806188,38.6,33.8,35.2,34.4,23,Low,L,Cade Gibson,MIA,osi_tier
6.75,3.85,0,0.74,,14.3,14.3,1.8,1.33,1,15.8,90,21.1,806188,38.6,33.8,35.2,34.4,23,Low,L,Cade Gibson,MIA,abq_tier
6.75,3.85,0,0.74,,14.3,14.3,1.8,1.33,1,15.8,90,21.1,806188,38.6,33.8,35.2,34.4,23,Low,L,Cade Gibson,MIA,rcv_tier
6.75,3.85,0,0.74,,14.3,14.3,1.8,1.33,1,15.8,90,21.1,806188,38.6,33.8,35.2,34.4,23,Low,L,Cade Gibson,MIA,obr_tier
6.75,3.85,0,0.74,,14.3,14.3,1.8,1.33,1,15.8,90,21.1,806188,38.6,33.8,35.2,34.4,23,L,L,Cade Gibson,MIA,hand
6.75,3.85,0,0.74,,14.3,14.3,1.8,1.33,1,15.8,90,21.1,806188,38.6,33.8,35.2,34.4,23,away,L,Cade Gibson,MIA,location
12.27,12.1,4.91,1.2,,11.9,19,10.8,3.67,2,28.4,100.3,39.9,806960,50,28.4,42.7,53.8,74,Low,R,Luis Morales,ATH,osi_tier
15,13.43,3,1.2,,0,27.3,12.6,3,1,41.4,105.2,26.5,806960,40.3,46.7,54.4,73.4,77,Low,R,Luis Morales,ATH,abq_tier
10.38,11.18,6.23,1.2,,25,10,9,4.33,1,15.4,95.4,53.3,806960,59.6,10.2,30.9,34.1,71,Mid,R,Luis Morales,ATH,abq_tier
15,13.43,3,1.2,,0,27.3,12.6,3,1,41.4,105.2,26.5,806960,40.3,46.7,54.4,73.4,77,High,R,Luis Morales,ATH,rcv_tier
10.38,11.18,6.23,1.2,,25,10,9,4.33,1,15.4,95.4,53.3,806960,59.6,10.2,30.9,34.1,71,Low,R,Luis Morales,ATH,rcv_tier
12.27,12.1,4.91,1.2,,11.9,19,10.8,3.67,2,28.4,100.3,39.9,806960,50,28.4,42.7,53.8,74,Low,R,Luis Morales,ATH,obr_tier
12.27,12.1,4.91,1.2,,11.9,19,10.8,3.67,2,28.4,100.3,39.9,806960,50,28.4,42.7,53.8,74,R,R,Luis Morales,ATH,hand
10.38,11.18,6.23,1.2,,25,10,9,4.33,1,15.4,95.4,53.3,806960,59.6,10.2,30.9,34.1,71,away,R,Luis Morales,ATH,location
15,13.43,3,1.2,,0,27.3,12.6,3,1,41.4,105.2,26.5,806960,40.3,46.7,54.4,73.4,77,home,R,Luis Morales,ATH,location
4.76,6.98,3.18,0.77,,22.7,9.1,1.8,5.67,1,88.5,120.8,53.4,807739,60,87.7,77.8,79.2,81,High,L,Kade Anderson,SEA,osi_tier
4.15,3.79,0,0.77,,15.8,15.8,3.6,4.33,1,15.4,79.8,53.3,807739,59.3,25.7,33.6,24.3,85,Low,L,Kade Anderson,SEA,osi_tier
4.5,5.6,1.8,0.77,,19.5,12.2,2.7,5,2,51.9,100.3,53.3,807739,59.6,56.7,55.7,51.7,83,Mid,L,Kade Anderson,SEA,abq_tier
4.76,6.98,3.18,0.77,,22.7,9.1,1.8,5.67,1,88.5,120.8,53.4,807739,60,87.7,77.8,79.2,81,High,L,Kade Anderson,SEA,rcv_tier
4.15,3.79,0,0.77,,15.8,15.8,3.6,4.33,1,15.4,79.8,53.3,807739,59.3,25.7,33.6,24.3,85,Low,L,Kade Anderson,SEA,rcv_tier
4.76,6.98,3.18,0.77,,22.7,9.1,1.8,5.67,1,88.5,120.8,53.4,807739,60,87.7,77.8,79.2,81,High,L,Kade Anderson,SEA,obr_tier
4.15,3.79,0,0.77,,15.8,15.8,3.6,4.33,1,15.4,79.8,53.3,807739,59.3,25.7,33.6,24.3,85,Low,L,Kade Anderson,SEA,obr_tier
4.5,5.6,1.8,0.77,,19.5,12.2,2.7,5,2,51.9,100.3,53.3,807739,59.6,56.7,55.7,51.7,83,L,L,Kade Anderson,SEA,hand
4.15,3.79,0,0.77,,15.8,15.8,3.6,4.33,1,15.4,79.8,53.3,807739,59.3,25.7,33.6,24.3,85,away,L,Kade Anderson,SEA,location
4.76,6.98,3.18,0.77,,22.7,9.1,1.8,5.67,1,88.5,120.8,53.4,807739,60,87.7,77.8,79.2,81,home,L,Kade Anderson,SEA,location
18,10.1,4.5,1.1,,8.7,8.7,14.4,4,1,88.5,120.8,53.4,807743,59.2,85.5,70.7,62.1,82,High,L,Sean Sullivan,COL,osi_tier
8.22,5.84,1.76,1.1,,15.2,11.4,9,5.11,3,37.3,98.9,28,807743,28.5,26.3,31,38.1,93.7,Low,L,Sean Sullivan,COL,osi_tier
0,1.77,0,1.1,,16.7,0,3.6,3,1,46.3,98.8,27.8,807743,42,47,53.3,68.6,49,Mid,L,Sean Sullivan,COL,osi_tier
6.87,5.17,1.47,1.1,,15.4,9.9,7.65,4.58,4,39.5,98.9,27.9,807743,31.9,31.5,36.5,45.7,82.5,Low,L,Sean Sullivan,COL,abq_tier
18,10.1,4.5,1.1,,8.7,8.7,14.4,4,1,88.5,120.8,53.4,807743,59.2,85.5,70.7,62.1,82,Mid,L,Sean Sullivan,COL,abq_tier
6.23,3.91,1.04,1.1,,13.6,4.5,7.2,4.33,2,36.1,94.7,21.6,807743,30.9,31,41.5,61,77,High,L,Sean Sullivan,COL,rcv_tier
5.4,7.5,1.8,1.1,,12.5,20.8,5.4,5,1,45.2,114.1,29.6,807743,33.8,37.8,28.4,13.9,94,Low,L,Sean Sullivan,COL,rcv_tier
13.5,7.37,3.12,1.1,,15.2,8.7,12.6,4.33,2,64.6,106.3,46.1,807743,45.6,55.8,52.8,54.6,82,Mid,L,Sean Sullivan,COL,rcv_tier
18,10.1,4.5,1.1,,8.7,8.7,14.4,4,1,88.5,120.8,53.4,807743,59.2,85.5,70.7,62.1,82,High,L,Sean Sullivan,COL,obr_tier
7.42,4.3,1.35,1.1,,16.4,6,8.4,4.44,3,37.6,93.8,27.4,807743,31.2,29.4,39.3,56.3,78.7,Low,L,Sean Sullivan,COL,obr_tier
5.4,7.5,1.8,1.1,,12.5,20.8,5.4,5,1,45.2,114.1,29.6,807743,33.8,37.8,28.4,13.9,94,Mid,L,Sean Sullivan,COL,obr_tier
8.87,6.06,2.01,1.1,,14,9.6,9,4.47,5,49.3,103.2,33,807743,37.3,42.3,43.4,49,82.4,L,L,Sean Sullivan,COL,hand
10.29,6.53,2.57,1.1,,11.4,5.7,9,3.5,2,67.4,109.8,40.6,807743,50.6,66.2,62,65.4,65.5,away,L,Sean Sullivan,COL,location
8.22,5.84,1.76,1.1,,15.2,11.4,9,5.11,3,37.3,98.9,28,807743,28.5,26.3,31,38.1,93.7,home,L,Sean Sullivan,COL,location
4.73,5.31,1.69,0.79,,18.4,10.5,5.76,5.33,5,79.7,108.2,60.6,808963,58.4,74.5,68.1,67.8,94.2,High,R,Roki Sasaki,LAD,osi_tier
2.99,3.51,1.12,0.79,,26.3,7.7,2.77,5.56,13,25.2,95.5,17.2,808963,38.8,33,37,40.1,89.6,Low,R,Roki Sasaki,LAD,osi_tier
10.18,8.36,3.54,0.79,,18,13,7.56,4.07,5,51.3,101.6,43.9,808963,42.6,53,54.7,65.4,83.2,Mid,R,Roki Sasaki,LAD,osi_tier
3.27,3.92,0,0.79,,13,15.2,4.5,5.5,2,75.2,110.3,54.5,808963,71.4,74.2,67.8,57.8,94,High,R,Roki Sasaki,LAD,abq_tier
4.6,4.63,1.7,0.79,,24.5,9.1,4.34,5.29,17,35.3,98.6,28,808963,37.4,41,43.6,50.9,90.3,Low,R,Roki Sasaki,LAD,abq_tier
5.4,5.77,2.45,0.79,,20.7,7.3,4.95,4.58,4,58.2,98.4,40.4,808963,57.5,55.2,54.5,51.6,82.2,Mid,R,Roki Sasaki,LAD,abq_tier
6.66,5.24,2.1,0.79,,22.3,8,5.76,5.13,5,60.3,104.6,50.9,808963,37.6,53.9,57.8,76.7,91.2,High,R,Roki Sasaki,LAD,rcv_tier
2.57,3.42,1.12,0.79,,27.7,7.6,2.88,5.6,10,20.9,94.1,13.4,808963,39.4,31.8,34.5,34,88,Low,R,Roki Sasaki,LAD,rcv_tier
6.21,6.37,2.15,0.79,,17.1,12.6,5.62,4.71,8,59,103.3,44.6,808963,53.4,59.9,57.6,58.1,89.5,Mid,R,Roki Sasaki,LAD,rcv_tier
3.32,4.67,1.25,0.79,,17.6,9.9,4.5,5.42,4,78.8,108.2,62.3,808963,60.6,77.7,68.4,63.3,95.2,High,R,Roki Sasaki,LAD,obr_tier
3.33,3.67,1.19,0.79,,25.7,7.9,3.09,5.4,14,26.8,96.2,19.8,808963,39.7,34,38.2,41.8,87.9,Low,R,Roki Sasaki,LAD,obr_tier
10.23,8.51,3.68,0.79,,19,13.3,8.28,4.4,5,58.3,102.4,44,808963,42,55.9,57.3,69.8,88,Mid,R,Roki Sasaki,LAD,obr_tier
4.6,4.74,1.66,0.79,,22.9,9.4,4.46,5.19,23,42.7,99.6,32.4,808963,43.9,46.4,47.6,51.6,89.2,R,R,Roki Sasaki,LAD,hand
4.86,4.29,1.29,0.79,,21.2,8.9,5.55,5.25,12,45.3,98.9,36,808963,44.8,48.7,49.2,52.9,88.4,away,R,Roki Sasaki,LAD,location
4.31,5.25,2.08,0.79,,24.8,9.9,3.27,5.12,11,39.9,100.4,28.6,808963,42.8,43.8,45.8,50.3,90.1,home,R,Roki Sasaki,LAD,location
1.64,2.37,0.41,0.56,,23.8,3.8,1.8,7.33,3,75.5,108.4,65.3,808967,61.3,75.4,67.8,63.9,97,High,R,Yoshinobu Yamamoto,LAD,osi_tier
3.28,3.77,1.22,0.56,,24,6.7,2.76,6.4,15,36.1,94.3,25.7,808967,43.8,34,41.2,47.5,97,Low,R,Yoshinobu Yamamoto,LAD,osi_tier
1.91,2.63,0.77,0.56,,29.1,5.6,2.06,6.71,7,49.8,102.8,41.9,808967,41.4,52.6,54.7,66.5,102.7,Mid,R,Yoshinobu Yamamoto,LAD,osi_tier
1.38,1.95,0,0.56,,24,6,1.8,6.5,2,75.2,110.3,54.5,808967,71.4,74.2,67.8,57.8,94.5,High,R,Yoshinobu Yamamoto,LAD,abq_tier
2.72,3.33,1.09,0.56,,26,5.7,2.75,6.82,17,41.5,99,33.2,808967,37.1,42.6,46.9,58.9,98.9,Low,R,Yoshinobu Yamamoto,LAD,abq_tier
3,3.49,1,0.56,,23.9,7,1.8,6,6,43.5,92.5,33.5,808967,59.7,38.7,45.2,42.2,99,Mid,R,Yoshinobu Yamamoto,LAD,abq_tier
3.49,2.94,1.1,0.56,,28,3.2,3.86,7,7,47.4,105.1,40.5,808967,33.4,45.6,52.5,74,101.3,High,R,Yoshinobu Yamamoto,LAD,rcv_tier
2.37,3.35,0.84,0.56,,22.2,6.5,1.8,6.47,10,35.5,90.8,25.1,808967,48.4,34.2,39.2,38.4,98.6,Low,R,Yoshinobu Yamamoto,LAD,rcv_tier
2.28,3.45,1.05,0.56,,27,8,2.02,6.42,8,53.7,101.9,42.6,808967,51.7,55.3,55.5,58.5,96.2,Mid,R,Yoshinobu Yamamoto,LAD,rcv_tier
1.64,2.37,0.41,0.56,,23.8,3.8,1.8,7.33,3,75.5,108.4,65.3,808967,61.3,75.4,67.8,63.9,97,High,R,Yoshinobu Yamamoto,LAD,obr_tier
3.13,3.36,1.07,0.56,,26.1,6.5,2.7,6.29,16,36.9,96.6,28.1,808967,43.5,34.6,43.1,52.4,98.2,Low,R,Yoshinobu Yamamoto,LAD,obr_tier
2.13,3.48,1.06,0.56,,24.4,5.8,2.1,7.06,6,49.9,98,38.3,808967,42,54,51.9,56.6,100.5,Mid,R,Yoshinobu Yamamoto,LAD,obr_tier
2.67,3.26,0.98,0.56,,25.4,6,2.45,6.6,25,44.7,98.4,35,808967,45.3,44.2,48.1,54.8,98.6,R,R,Yoshinobu Yamamoto,LAD,hand
1.94,2.94,0.73,0.56,,24.4,5.7,1.96,6.76,11,47.1,100.1,41.3,808967,46.9,46.3,51.1,59.6,100.4,away,R,Yoshinobu Yamamoto,LAD,location
3.28,3.52,1.19,0.56,,26.2,6.3,2.83,6.48,14,42.7,97,30.1,808967,43.9,42.5,45.8,51.1,97.2,home,R,Yoshinobu Yamamoto,LAD,location
2.93,3.62,1.17,0.72,,29,9.7,2.4,5.11,3,78.7,109.6,75.7,813349,39.1,64.6,60.4,70.9,83.7,High,L,Connelly Early,BOS,osi_tier
5.18,4.09,1.11,0.72,,21.2,9.7,5.76,4.87,5,39.3,100.9,25,813349,37.2,38.2,41.3,47.7,89.6,Low,L,Connelly Early,BOS,osi_tier
2.77,4.62,1.73,0.72,,23.7,7.9,3,5.78,9,49.8,94.2,40.9,813349,50.5,46.8,51.6,57.9,92.1,Mid,L,Connelly Early,BOS,osi_tier
1.54,3.1,0.77,0.72,,28.6,10.2,1.8,5.83,2,47,94,24.8,813349,73,39.7,51.6,50.1,96,High,L,Connelly Early,BOS,abq_tier
4.09,4.45,1.46,0.72,,23.1,9.5,4.2,5.14,12,53.5,101.3,42.6,813349,37.6,49.3,49.4,58.2,88.3,Low,L,Connelly Early,BOS,abq_tier
2.45,4.63,1.96,0.72,,23.4,5.2,3,6.11,3,48.1,92.6,53.2,813349,53.5,45.1,51.7,58.1,92,Mid,L,Connelly Early,BOS,abq_tier
4.1,5,1.93,0.72,,23.7,8.6,4.11,5.33,7,63,103.1,54.1,813349,36.8,55.6,54.8,66.7,85.9,High,L,Connelly Early,BOS,rcv_tier
6.3,5.1,1.8,0.72,,18.8,8.3,5.4,5,2,31.2,110,12.1,813349,34.9,31,33.4,35.1,93.5,Low,L,Connelly Early,BOS,rcv_tier
2.23,3.55,1.02,0.72,,25.3,8.9,2.92,5.54,8,47.2,92.4,39.7,813349,53.8,44.3,50.2,54.4,92.5,Mid,L,Connelly Early,BOS,rcv_tier
3.97,4.16,1.59,0.72,,27.7,8.5,2.7,5.67,2,76.2,104,86.8,813349,36.6,69.3,60.6,67.9,95,High,L,Connelly Early,BOS,obr_tier
3.28,4.11,1.34,0.72,,23.3,8.4,3.93,5.48,11,44.1,96.6,33.7,813349,48.5,40.9,46.9,52.7,91,Low,L,Connelly Early,BOS,obr_tier
3.6,5,1.8,0.72,,23.5,9.9,3.6,5,4,60.8,102.7,44,813349,37.7,54.2,53.5,64.2,84.2,Mid,L,Connelly Early,BOS,obr_tier
3.44,4.31,1.47,0.72,,23.8,8.7,3.71,5.39,17,51.8,98.9,42.4,813349,44.6,47.4,50.1,57.2,89.9,L,L,Connelly Early,BOS,hand
2.64,4.41,1.62,0.72,,23.8,7.6,2.92,5.54,8,47.2,95.9,37.6,813349,48,46.2,49.8,55.4,91.5,away,L,Connelly Early,BOS,location
4.18,4.22,1.33,0.72,,23.9,9.8,4.4,5.26,9,55.9,101.6,46.6,813349,41.5,48.5,50.3,58.8,88.4,home,L,Connelly Early,BOS,location
10.38,11.41,4.15,0.86,,4.8,19,9,4.33,1,76.2,104.6,86.8,814490,41,77.6,67.9,76.1,88,High,R,Ethan Pecko,HOU,osi_tier
4.15,5.98,2.08,0.86,,21.6,13.5,4.5,4.33,2,23.7,93.6,14.7,814490,30.4,23.5,33.5,47.1,86,Low,R,Ethan Pecko,HOU,osi_tier
6.23,7.79,2.77,0.86,,15.5,15.5,6,4.33,3,41.2,97.3,38.7,814490,33.9,41.5,45,56.7,86.7,Low,R,Ethan Pecko,HOU,abq_tier
10.38,11.41,4.15,0.86,,4.8,19,9,4.33,1,76.2,104.6,86.8,814490,41,77.6,67.9,76.1,88,High,R,Ethan Pecko,HOU,rcv_tier
4.15,5.98,2.08,0.86,,21.6,13.5,4.5,4.33,2,23.7,93.6,14.7,814490,30.4,23.5,33.5,47.1,86,Low,R,Ethan Pecko,HOU,rcv_tier
10.38,11.41,4.15,0.86,,4.8,19,9,4.33,1,76.2,104.6,86.8,814490,41,77.6,67.9,76.1,88,High,R,Ethan Pecko,HOU,obr_tier
4.15,5.98,2.08,0.86,,21.6,13.5,4.5,4.33,2,23.7,93.6,14.7,814490,30.4,23.5,33.5,47.1,86,Low,R,Ethan Pecko,HOU,obr_tier
6.23,7.79,2.77,0.86,,15.5,15.5,6,4.33,3,41.2,97.3,38.7,814490,33.9,41.5,45,56.7,86.7,R,R,Ethan Pecko,HOU,hand
6.75,9.53,3.86,0.86,,12.5,15,7.2,4.67,2,55.2,98.5,54.9,814490,39,55.9,54,62.7,85.5,away,R,Ethan Pecko,HOU,location
4.91,3.37,0,0.86,,22.2,16.7,3.6,3.67,1,13.3,94.7,6.4,814490,23.7,12.8,26.8,44.8,89,home,R,Ethan Pecko,HOU,location
3.72,5.69,1.86,0.7,,19.5,12.2,3.6,4.83,2,79.4,109.3,54,837227,59.8,67.5,67,71.5,97,High,R,Tatsuya Imai,HOU,osi_tier
6.66,4.93,1.05,0.7,,24.4,18.5,6.69,3.67,7,31.8,99.8,24.2,837227,39.1,30.9,40,50.9,72.3,Low,R,Tatsuya Imai,HOU,osi_tier
5.79,4,1.54,0.7,,33.3,12.4,5.1,3.89,6,50,103.2,38.6,837227,45.5,46.1,52.5,64.7,75.2,Mid,R,Tatsuya Imai,HOU,osi_tier
3,4.6,1.5,0.7,,21.7,8.7,3.6,6,1,75.2,110.3,54.5,837227,70.4,73.1,66.8,57,110,High,R,Tatsuya Imai,HOU,abq_tier
5.48,5.1,1.37,0.7,,26.1,17.5,5.55,3.83,12,42.7,103,30.4,837227,40.1,38.7,46.9,61.2,76.2,Low,R,Tatsuya Imai,HOU,abq_tier
10.8,1.9,1.35,0.7,,38.7,3.2,7.2,3.33,2,46.9,95.2,44.8,837227,57.7,45.6,49.5,48.1,63.5,Mid,R,Tatsuya Imai,HOU,abq_tier
4.1,4.47,1.71,0.7,,31.9,12.9,4.2,4.39,6,56,105.3,38.6,837227,43.5,48.8,55,70.2,82.8,High,R,Tatsuya Imai,HOU,rcv_tier
5.28,3.95,0.59,0.7,,27.3,18.2,5.85,3.83,4,25,96.7,14.6,837227,35.9,24.4,34.5,45,73.2,Low,R,Tatsuya Imai,HOU,rcv_tier
9,5.69,1.59,0.7,,20.5,15.7,7.2,3.4,5,49.2,103.6,43.8,837227,52.4,47.6,52.2,57.4,72.2,Mid,R,Tatsuya Imai,HOU,rcv_tier
3,4.6,1.5,0.7,,21.7,8.7,3.6,6,1,75.2,110.3,54.5,837227,70.4,73.1,66.8,57,110,High,R,Tatsuya Imai,HOU,obr_tier
6.24,4.49,1.29,0.7,,28.6,15.6,5.95,3.77,13,40.2,101.4,30.8,837227,42.1,37.9,45.8,57.3,73.6,Low,R,Tatsuya Imai,HOU,obr_tier
4.91,7.46,2.45,0.7,,16.7,16.7,3.6,3.67,1,83.5,108.3,53.6,837227,49.3,61.8,67.2,86,84,Mid,R,Tatsuya Imai,HOU,obr_tier
5.83,4.69,1.38,0.7,,27.2,15.1,5.64,3.91,15,45.4,102.4,33.9,837227,44.4,41.9,48.6,59.2,76.7,R,R,Tatsuya Imai,HOU,hand
4.88,4.44,0.98,0.7,,25.8,16.7,4.27,3.46,8,46.2,102.4,34.1,837227,43.8,41.3,48.9,61.3,69.1,away,R,Tatsuya Imai,HOU,location
6.68,4.91,1.74,0.7,,28.3,13.8,7.2,4.43,7,44.6,102.4,33.7,837227,45.2,42.6,48.2,56.8,85.4,home,R,Tatsuya Imai,HOU,location
,6.16,1.83,0.83,,14.3,12.4,,2.64,13,49.8,97.1,33.2,453286,50.6,50.7,49.8,48.2,,LHH,R,Max Scherzer,TOR,batter_hand
,4.48,1.08,0.78,,18.5,11.1,,2.78,6,51,96.1,41,476594,48,49.3,51,55,,LHH,R,Robert Stock,NYM,batter_hand
,8.72,3.38,1.07,,15.4,15.4,,0.89,9,48.3,99.7,32.4,500779,41.9,41.4,48.3,60.7,,LHH,L,Jose Quintana,COL,batter_hand
,6.47,1.98,0.88,,12.7,12.2,,3.28,25,49.4,96.9,34.1,518876,42.5,49.2,49.4,54.5,,LHH,R,Merrill Kelly,ARI,batter_hand
,1.25,0.26,0.62,,31.9,3.5,,1.44,24,49.6,97.1,36.4,519242,46,48.5,49.6,53.5,,LHH,L,Chris Sale,ATL,batter_hand
,3.73,1.3,0.69,,22.4,4.9,,1.33,26,49.7,95.9,34,527048,44.8,49.5,49.7,53.6,,LHH,L,Martín Pérez,ATL,batter_hand
,3.6,1.41,0.64,,28.3,6.2,,3.56,18,50.7,96.7,40.8,543037,48.5,49.2,50.7,54.1,,LHH,R,Gerrit Cole,NYY,batter_hand
,4.08,1.49,0.76,,22.1,5.5,,3.29,22,47.2,96.4,38.6,543135,39.4,43.7,47.2,56.7,,LHH,R,Nathan Eovaldi,TEX,batter_hand
,3.39,0.95,0.66,,23.6,6.8,,3.8,25,45.6,93.2,38.5,543243,43.8,43.4,45.6,49.5,,LHH,R,Sonny Gray,BOS,batter_hand
,6.5,2.18,1.04,,14.2,11.1,,2.21,28,50.1,99.4,31.7,547179,42.2,46.1,50.1,60.3,,LHH,R,Michael Lorenzen,COL,batter_hand
,4.23,1.61,0.73,,28.3,9.4,,3.16,23,48.1,94.6,37.9,554430,42.8,45.8,48.1,54.5,,LHH,R,Zack Wheeler,PHI,batter_hand
,3.28,0.32,0.57,,19.3,10.5,,1.65,17,51.8,98.1,34.7,571510,46.3,50.4,51.8,57.4,,LHH,L,Matthew Boyd,CHC,batter_hand
,2.16,0.39,0.65,,25.2,5.1,,1.23,19,50.1,97.8,41,571578,46.1,49.8,50.1,53.3,,LHH,L,Patrick Corbin,TOR,batter_hand
,3.85,1.07,0.61,,15.5,3.9,,0.94,27,53.1,97.4,42.2,571927,38.8,54.1,53.1,62.2,,LHH,L,Steven Matz,TBR,batter_hand
,5.32,1.82,0.84,,11.9,4.9,,2.57,25,54.3,101.7,33.9,571945,48.6,54.4,54.3,58.1,,LHH,R,Miles Mikolas,WSN,batter_hand
,4.33,1.23,1.07,,21.6,10.8,,0.56,13,47.4,94.8,53.9,572143,56,35.6,47.4,54.7,,LHH,R,Burch Smith,DET,batter_hand
,2.91,0.87,0.8,,25,6.2,,1.15,9,49.8,100,43.6,579328,41.6,45.9,49.8,60.2,,LHH,L,Yusei Kikuchi,LAA,batter_hand
,3.56,0.92,0.7,,21.9,7.8,,3.13,28,51.3,98.9,36.5,592332,47.8,48.9,51.3,56.4,,LHH,R,Kevin Gausman,CHC,batter_hand
,2.81,0.23,0.64,,22.2,9.9,,1.47,26,47.5,97.5,33.8,592662,42.2,45.7,47.5,53.4,,LHH,L,Robbie Ray,SDP,batter_hand
,7.52,3.02,0.9,,18.6,12.8,,2.45,17,46.8,98.3,30.6,592791,37.6,41.9,46.8,59.1,,LHH,R,Jameson Taillon,TOR,batter_hand
,9.03,3.95,1.17,,12,9.3,,2.73,5,48.8,100.9,32.6,592836,46.5,45.2,48.8,54.4,,LHH,R,Taijuan Walker,PHI,batter_hand
,3.04,0.54,0.65,,19,5.9,,1.8,28,51.8,97.9,37,593958,42.9,53,51.8,56.7,,LHH,L,Eduardo Rodriguez,ARI,batter_hand
,4.02,0.89,0.71,,18.9,9.8,,0.53,57,53.5,97.5,38.8,593974,50.5,54.6,53.5,54.3,,LHH,L,Wandy Peralta,SDP,batter_hand
,3.22,1.21,0.63,,29.8,6.4,,3.15,26,50.9,99.1,39.3,594798,39.1,49.1,50.9,61.4,,LHH,R,Jacob deGrom,TEX,batter_hand
,2.79,0.56,0.55,,21.6,4.8,,0.51,63,72.8,102.3,57.3,595345,62.9,87.9,72.8,62.7,,LHH,L,Steven Okert,HOU,batter_hand
,2.93,0.39,0.64,,16.8,5.3,,0.53,43,57.7,111.2,19.7,596001,66.7,41.5,57.7,70,,LHH,R,Jakob Junis,TEX,batter_hand
,0.98,0,0.66,,37.1,8.6,,2,4,38.2,88.9,27.3,601713,31.1,38.3,38.2,43.3,,LHH,R,Nick Pivetta,SDP,batter_hand
,5.4,1.58,0.92,,14.3,9.7,,2.85,16,48.3,98.1,38.2,605135,43.4,43,48.3,57.7,,LHH,R,Chris Bassitt,BAL,batter_hand
,3.38,0.54,0.59,,17.8,7.6,,3.55,14,54.9,100.4,40.2,605280,47,51.6,54.9,64.2,,LHH,R,Clay Holmes,CHC,batter_hand
,5.58,1.81,0.88,,17.2,10.6,,2.39,25,49.8,97.3,37,605288,41.3,49.2,49.8,56.5,,LHH,R,Adrian Houser,SFG,batter_hand
,5.32,1.94,0.81,,22.8,10.9,,3.15,28,49.3,97.6,37.2,605400,43.1,47.7,49.3,55.5,,LHH,R,Aaron Nola,PHI,batter_hand
,2.96,0,0.64,,31.4,20,,1.4,5,42.2,90.2,40.1,605483,41.3,41.4,42.2,43.9,,LHH,L,Blake Snell,LAD,batter_hand
,6.66,2.65,0.94,,17.3,9.6,,1.42,24,48.6,96.7,36.8,605488,43.8,46.9,48.6,54,,LHH,L,Jeffrey Springs,ATH,batter_hand
,3.65,1.14,0.51,,27.5,8.8,,2.63,9,56.1,107,32.7,605540,51.7,51.4,56.1,64.5,,LHH,R,Brandon Woodruff,MIL,batter_hand
,3.98,1.32,0.65,,21.1,5.5,,0.7,39,42.9,91.2,32.4,606996,39.2,44,42.9,44.1,,LHH,L,Kyle Hart,SDP,batter_hand
,3.91,0.86,0.75,,18.4,9,,2.61,28,49.1,95.1,39,607067,45.1,48.7,49.1,52.5,,LHH,R,Colin Rea,CHC,batter_hand
,5.24,1.93,0.76,,25,11.7,,1.17,12,50.6,95.1,40.9,607074,49.9,50.7,50.6,50.9,,LHH,L,Carlos Rodón,NYY,batter_hand
,2.81,0.57,0.5,,28.3,9.2,,3.48,9,46.3,98.8,30,607192,40.8,40.6,46.3,56.8,,LHH,R,Tyler Glasnow,LAD,batter_hand
,4.31,0.83,0.72,,15.9,10.7,,2.25,29,47,99.3,32.2,607200,42.2,40.7,47,57.5,,LHH,R,Erick Fedde,CHW,batter_hand
,4.09,1.17,0.66,,15.2,4.3,,3.56,26,50,96.3,40.8,607259,45.5,49.8,50,53.3,,LHH,R,Nick Martinez,TBR,batter_hand
,2.82,0.75,0.71,,20.8,3.2,,1.57,23,50.7,98.2,36.4,607536,45.8,47.9,50.7,57.4,,LHH,L,Kyle Freeland,COL,batter_hand
,3.94,0.94,0.84,,17.9,8,,3.42,28,47.4,96.3,33.3,607625,43.9,45.3,47.4,52.1,,LHH,R,Seth Lugo,KCR,batter_hand
,2.25,0,0.4,,22.6,7.1,,1.58,15,49.4,100.2,35.6,608331,42.1,46.5,49.4,57.8,,LHH,L,Max Fried,NYY,batter_hand
,5.96,0.61,0.94,,7,18.3,,2.1,7,50.2,101.6,30.5,608337,39.7,47.2,50.2,61,,LHH,R,Lucas Giolito,SDP,batter_hand
,6.29,2.47,0.89,,14.3,6.7,,2.92,25,51.4,97.9,35,608372,49.7,49.7,51.4,54.5,,LHH,R,Tomoyuki Sugano,COL,batter_hand
,3.25,0.72,0.61,,20.9,6.7,,3.7,27,51,97.4,38.9,608379,43.6,50.7,51,56.5,,LHH,R,Michael Wacha,KCR,batter_hand
,7.43,2.83,0.95,,16.3,12.6,,2.21,13,42.4,95.3,30.6,608566,41.4,33.3,42.4,53.5,,LHH,R,Germán Márquez,SDP,batter_hand
,4.18,1.21,0.82,,19.5,7.8,,0.66,45,58.3,93.4,59,608718,55.1,67.4,58.3,50.3,,LHH,L,Brent Suter,LAA,batter_hand
,3.99,1.14,0.7,,22.1,8.8,,1.89,25,46.2,95.3,34.7,615698,45,40.4,46.2,53.8,,LHH,R,Cal Quantrill,TEX,batter_hand
,2.98,0,0.35,,15.9,9.5,,0.69,24,47.4,94.8,53.9,621097,56,35.6,47.4,54.7,,LHH,R,Jacob Waguespack,DET,batter_hand
,3.85,0.91,0.76,,20.3,9.3,,2.57,27,47.1,97.4,30.4,621111,44.4,45,47.1,51.4,,LHH,R,Walker Buehler,SDP,batter_hand
,4.46,1.15,0.65,,21,11.5,,0.75,52,42.3,103.9,17.3,621112,53.5,30.1,42.3,48.2,,LHH,R,Paul Blackburn,NYY,batter_hand
,4.81,1.71,0.83,,28.8,13.6,,2.63,10,55,100,44.5,621121,43.2,57.4,55,60.8,,LHH,R,Lance McCullers Jr.,HOU,batter_hand
,5.84,2.38,1.01,,22,10.2,,0.4,28,61.5,90.7,54.5,621383,71.4,76,61.5,37.8,,LHH,L,Tanner Banks,PHI,batter_hand
,5.68,2.1,0.88,,16.7,7.9,,2.75,25,51.9,99.2,37.5,622491,45.2,50.2,51.9,58.6,,LHH,R,Luis Castillo,CHW,batter_hand
,4.08,1.1,0.81,,24.3,11.8,,2.72,12,45.6,98.7,41.2,622663,37.6,38.4,45.6,59.5,,LHH,R,Luis Severino,ATH,batter_hand
,3.86,0.33,0.55,,17.4,13.9,,0.51,54,47.1,96.8,32.4,623211,42.4,47.7,47.1,49.6,,LHH,R,Huascar Brazobán,NYM,batter_hand
,3.78,1.08,0.66,,23.1,8.5,,1.11,45,51.8,93.9,42,623454,48.6,53.4,51.8,52.1,,LHH,R,Drew Anderson,DET,batter_hand
,8.66,2.45,1.04,,7.8,18.9,,0.43,43,44,86.5,33.8,623474,39.8,44.9,44,46,,LHH,R,Jimmy Herget,COL,batter_hand
,2.95,0.83,0.77,,25.7,6.9,,1.36,24,48.2,95.6,43.3,624133,44.6,45.8,48.2,53.7,,LHH,L,Ranger Suarez,BOS,batter_hand
,5.11,1.21,0.74,,21.6,16.4,,1.56,24,50,98.6,33.2,625643,41.7,43.9,50,62.9,,LHH,R,Reynaldo López,ATL,batter_hand
,3.05,1.06,0.71,,28.6,6.3,,1.51,28,50.5,95.8,45.5,640455,50.3,49,50.5,52.4,,LHH,L,Sean Manaea,NYM,batter_hand
,2.52,0.35,0.65,,18.5,3.7,,0.48,54,42,89.6,33.4,641302,38.7,42.8,42,43.3,,LHH,L,Tyler Alexander,TEX,batter_hand
,2.03,0.44,0.52,,28.3,4.8,,1.46,28,49.7,95.9,40.3,641743,49.9,48.4,49.7,51,,LHH,L,Anthony Kay,CHW,batter_hand
,5.74,2.16,0.84,,19.1,9.1,,1.14,22,43.9,96.1,28.2,641778,43,41.7,43.9,47.2,,LHH,L,Eric Lauer,LAD,batter_hand
,7.37,2.96,0.93,,11.9,8,,2.58,26,47.7,95.1,37.1,641793,43.8,42.8,47.7,56,,LHH,R,Zack Littell,WSN,batter_hand
,3.39,1.12,0.67,,26.4,6.3,,3.14,23,47,95.9,33,641816,45.4,45.9,47,49.4,,LHH,R,Tyler Mahle,ATL,batter_hand
,2.98,0.69,0.58,,21.6,4.9,,0.54,48,53.9,103.4,44.7,641835,34.8,48.6,53.9,73.6,,LHH,L,Tim Mayza,PHI,batter_hand
,5.32,1.65,0.75,,12.6,7,,3.11,21,52.1,97.8,41.7,641927,50,51,52.1,54.8,,LHH,R,Bailey Ober,MIN,batter_hand
,2,0,0.47,,24.3,7,,0.72,40,56.2,106,37.1,642121,49.4,44.1,56.2,74.8,,LHH,R,Cole Sulser,TBR,batter_hand
,3.8,0.42,0.59,,18.9,13.3,,0.71,30,72.8,102.3,57.3,642232,62.9,87.9,72.8,62.7,,LHH,L,Ryan Yarbrough,NYY,batter_hand
,4.5,1.6,0.78,,21.8,7.5,,3.42,28,50,97.1,39.2,642547,43.7,50.7,50,53.7,,LHH,R,Freddy Peralta,TBR,batter_hand
,3.75,1.42,0.74,,27.7,7.4,,1.97,29,49.1,98.8,40.6,643377,42.7,45,49.1,58.4,,LHH,R,Griffin Jax,TBR,batter_hand
,3.98,0.96,0.68,,17.9,7.9,,3.87,29,48.1,97.7,32.6,645261,44.2,46.6,48.1,52.6,,LHH,R,Sandy Alcantara,MIA,batter_hand
,3.14,0.66,0.76,,19.2,5.8,,3.04,18,45.1,94.5,32.9,647336,41.6,45.9,45.1,46.7,,LHH,R,Michael Soroka,ARI,batter_hand
,4.24,1.09,0.64,,20.4,10.1,,3.55,28,52.5,99.1,35.7,650633,47,50.9,52.5,58.2,,LHH,R,Michael King,SDP,batter_hand
,5.5,1.86,0.88,,15.6,8.4,,1.98,27,44.8,95.1,36.4,650644,35.6,38.7,44.8,58.3,,LHH,R,Aaron Civale,ATH,batter_hand
,0.9,0.19,0.36,,37.6,1.8,,1.72,27,51.3,98.5,40,650911,42.2,49.8,51.3,59.5,,LHH,L,Cristopher Sánchez,PHI,batter_hand
,6.03,2.38,0.95,,20.8,10.4,,1.74,24,57.6,102.4,43.1,656288,49.7,57.1,57.6,63.8,,LHH,R,Griffin Canning,SDP,batter_hand
,2.67,0.79,0.53,,36.5,11.3,,3.53,26,51.4,100.4,37.9,656302,44.7,50.8,51.4,56.9,,LHH,R,Dylan Cease,TOR,batter_hand
,4.2,0.95,0.73,,23.4,13.6,,2.49,19,48.2,99.5,30.5,656427,45.7,45.7,48.2,52.9,,LHH,R,Jack Flaherty,DET,batter_hand
,3.6,1.49,0.62,,29.6,5.9,,1.57,27,46.9,95.2,35.8,656492,42.7,42.9,46.9,54.7,,LHH,L,Foster Griffin,CLE,batter_hand
,4.96,1.36,0.7,,18.1,11.3,,2.95,27,48.7,100.5,34.7,656550,40.7,44.5,48.7,59.2,,LHH,R,Grant Holmes,ATL,batter_hand
,4.61,1.39,0.84,,16.2,7.2,,3.24,22,52.1,99.1,37.1,656605,47.6,50.9,52.1,56.8,,LHH,R,Mitch Keller,PIT,batter_hand
,2.35,0.4,0.51,,24.4,4.7,,0.5,45,35.2,90,21.1,656641,38.6,33.8,35.2,34.4,,LHH,L,Jacob Latz,TEX,batter_hand
,2.45,0,0.6,,21.4,9.2,,0.62,50,59.6,100.7,43.8,656794,51.1,64,59.6,60.8,,LHH,L,Sean Newcomb,CHW,batter_hand
,2.83,1.12,0.67,,29.1,4.7,,1.44,28,55.8,100.1,42,656849,47.3,56.7,55.8,60.8,,LHH,L,David Peterson,CHC,batter_hand
,2.9,0.94,0.59,,26.9,5.2,,3.31,26,49.4,94.1,45.7,656876,47,48,49.4,52.8,,LHH,R,Drew Rasmussen,TBR,batter_hand
,6.22,1.12,1.12,,12,16,,0.36,22,45.3,98.3,23,656986,37,36.4,45.3,61.3,,LHH,L,Bennett Sousa,HOU,batter_hand
,3.25,0.72,0.67,,19.3,5.9,,3.51,25,48.6,97.1,36.5,657277,43.1,50.1,48.6,50.8,,LHH,R,Logan Webb,SFG,batter_hand
,3.03,0.63,0.6,,19.8,5.2,,0.47,61,40.2,90.8,37,657514,42.6,35.9,40.2,43.4,,LHH,L,Brennan Bernardino,COL,batter_hand
,3.43,0.49,0.77,,24.4,13.4,,0.54,34,50.5,85.6,35.8,657571,58.5,58.4,50.5,35.8,,LHH,L,Caleb Ferguson,CIN,batter_hand
,3.64,1.53,0.71,,25.6,4,,3.07,23,49.6,95.8,42.4,657746,46.9,46.7,49.6,55,,LHH,R,Joe Ryan,MIN,batter_hand
,2.89,0.58,0.59,,24.6,7.8,,3.33,14,41.7,91.2,28.7,660271,41.3,37.2,41.7,47.2,,LHH,R,Shohei Ohtani,LAD,batter_hand
,4.14,1.17,0.84,,19.4,8.3,,2.19,7,46.5,99.1,25.9,660604,34,42.3,46.5,60.3,,LHH,R,Alan Rangel,PHI,batter_hand
,3.13,0.63,0.66,,24.2,9.2,,0.68,42,51.7,95.4,38.5,660761,41.7,48.9,51.7,62.1,,LHH,L,José Suarez,ATH,batter_hand
,4.1,0.9,0.61,,14.3,7.1,,2,5,45.7,101.4,21.8,661563,46.7,38.9,45.7,52.7,,LHH,R,Luis Gil,NYY,batter_hand
,5.11,1.93,1.01,,19.6,7.5,,1.37,17,37.1,95.2,17,663362,34.6,41.6,37.1,33.7,,LHH,R,Matt Waldron,WSN,batter_hand
,5.41,1.56,0.87,,17.4,12,,2.48,21,54.3,99.2,38.5,663372,48.9,54.8,54.3,57.7,,LHH,R,Ryan Feltner,COL,batter_hand
,3.83,0.84,0.73,,19.8,9.4,,3.01,25,49,97.2,38.6,663436,45.5,46.1,49,54.9,,LHH,R,Davis Martin,CHW,batter_hand
,3.51,0.73,0.61,,25.5,11.8,,1.37,9,53.5,95.7,45.2,663460,43.5,54.7,53.5,59.3,,LHH,L,Kris Bubic,KCR,batter_hand
,3.79,1.25,0.78,,27.3,10.1,,0.4,54,62.1,108.3,49.7,663542,42.4,61.5,62.1,76.9,,LHH,L,Bryan Hudson,CHW,batter_hand
,3.1,0.7,0.6,,20.9,5.7,,2.94,22,49.3,97.3,36.6,663554,49.3,46.9,49.3,52.1,,LHH,R,Casey Mize,SDP,batter_hand
,3.94,0.99,0.52,,21.9,9.5,,1.3,21,49.5,97.5,41.3,663556,42.4,47,49.5,57.3,,LHH,L,Shane McClanahan,TBR,batter_hand
,4.66,1.85,0.66,,30.3,11.1,,0.62,39,48.4,91.3,35.6,663558,46.2,53.4,48.4,44.1,,LHH,L,Jovani Morán,BOS,batter_hand
,8.77,3,1.34,,4.5,9.1,,0.6,5,61.6,109.1,58.2,663559,45.1,66.5,61.6,67.7,,LHH,L,Bailey Falter,KCR,batter_hand
,3.83,0.61,0.56,,23,14.2,,3.08,24,49.1,98.4,35.6,663567,43.1,46.6,49.1,56.2,,LHH,R,Peter Lambert,HOU,batter_hand
,3.73,1.2,0.76,,19.1,4,,3,10,48.8,99.3,28.8,663568,45.1,45.4,48.8,55.5,,LHH,R,Stephen Kolek,KCR,batter_hand
,4.87,1.49,0.74,,22.6,12.1,,3.02,18,50.8,96.7,41.1,663623,45.9,51.6,50.8,53.3,,LHH,R,Jake Irvin,WSN,batter_hand
,2.45,0.34,0.47,,20.4,3.9,,0.55,48,60.3,99.9,44.7,663738,52.5,65.7,60.3,59.7,,LHH,L,Daniel Lynch IV,KCR,batter_hand
,4,1.35,0.98,,26.4,11.1,,1.33,10,44.6,93.4,44.7,663776,40.3,37.8,44.6,55.4,,LHH,L,Patrick Sandoval,BOS,batter_hand
,3.1,0.55,0.67,,34.2,17.1,,0.42,39,47,93,30.6,663855,58.5,46.3,47,39.6,,LHH,R,Jordan Hicks,CHW,batter_hand
,4.87,1.97,0.86,,20.7,6.2,,3.22,27,48.9,96.3,35.4,663903,41.3,48.1,48.9,55.3,,LHH,R,Brady Singer,CIN,batter_hand
,3.45,0.95,0.7,,21.6,6,,0.51,56,48.4,108.9,22.4,663947,39.5,40.6,48.4,63.8,,LHH,L,Tyler Holton,DET,batter_hand
,4.55,1.09,0.76,,19,11.8,,1.76,33,45.5,98.1,27.2,663969,41.4,39.7,45.5,55.2,,LHH,R,Tyler Phillips,MIA,batter_hand
,4.71,1.14,0.86,,12.7,8.2,,2.26,14,53.2,93.6,44.5,663978,48.8,55,53.2,54.2,,LHH,R,Chris Paddack,CIN,batter_hand
,3.52,0.63,0.85,,20.3,10.1,,0.46,31,44,93.5,38.1,663992,34.1,36.2,44,60,,LHH,L,Richard Lovelady,WSN,batter_hand
,6.42,2.86,0.89,,26.5,11.8,,0.51,43,63,104,86.8,664126,35.5,67.8,63,77.1,,LHH,R,Pete Fairbanks,MIA,batter_hand
,3.44,0,0.54,,15.8,13.3,,0.76,39,59.3,92,49.3,664141,54.9,67.6,59.3,53,,LHH,R,JT Brubaker,SFG,batter_hand
,2.96,0.76,0.71,,25.5,7.6,,1.43,25,50.8,98.4,38,664285,44.4,49.3,50.8,56.9,,LHH,L,Framber Valdez,DET,batter_hand
,3.79,0.89,0.82,,16.3,6.5,,1.56,13,37.1,94.6,21.2,664299,34,28.7,37.1,48.9,,LHH,R,Cristian Javier,HOU,batter_hand
,2.15,0,0.62,,20,5.5,,1.52,9,41,113.8,9.8,664353,35.2,26.3,41,62,,LHH,R,José Urquidy,CHW,batter_hand
,7.84,2.84,1.13,,22.6,19.4,,0.42,15,57.8,94.5,38.4,664849,49.5,62.5,57.8,58.4,,LHH,L,Danny Young,ATL,batter_hand
,5.54,2.06,0.85,,21.2,10,,3.03,13,53.4,99.1,40.4,665152,46.8,52.3,53.4,59.3,,LHH,R,Dean Kremer,MIN,batter_hand
,4.11,1.05,0.85,,28.7,15.6,,0.53,48,44,86.5,33.8,665622,39.8,44.9,44,46,,LHH,R,Luis Medina,ATH,batter_hand
,5.52,1.67,0.81,,15.2,10.1,,2.87,15,42.5,93.9,25.2,665795,37.7,40.9,42.5,47.7,,LHH,R,Edward Cabrera,CHC,batter_hand
,6.3,2.68,0.83,,18.9,7.4,,1.92,21,46.5,94.9,26,665871,43.7,45.9,46.5,49.3,,LHH,R,Javier Assad,CHC,batter_hand
,8.37,3.27,1.04,,24,20,,1.38,8,49.9,92.8,42.4,666142,46.1,52,49.9,50.1,,LHH,L,Cole Ragans,KCR,batter_hand
,4.1,0.95,0.94,,18.7,9.9,,1.12,17,52.2,99.2,36.9,666157,45.9,48.9,52.2,60.6,,LHH,L,Nick Lodolo,CIN,batter_hand
,1.35,0.2,0.37,,35.5,5.4,,1.65,27,50.6,99.9,36.1,666200,45,48.4,50.6,57,,LHH,L,Jesús Luzardo,PHI,batter_hand
,4.33,1.23,0.58,,15.4,5.5,,0.62,47,45.3,98.3,23,667463,37,36.4,45.3,61.3,,LHH,L,John King,MIA,batter_hand
,4.52,1.17,0.7,,20.9,11.8,,3.12,27,48.9,96.7,37.9,667755,44.6,47.6,48.9,53.6,,LHH,R,José Soriano,TOR,batter_hand
,4.42,0.92,0.88,,19.1,12.8,,0.47,42,43.5,94,24.8,668390,71.8,33.9,43.5,34.3,,LHH,R,Cole Winn,TEX,batter_hand
,5.06,1.38,0.86,,10.7,6.8,,2.74,19,46.7,94.9,32.5,668678,43,46,46.7,50,,LHH,R,Zac Gallen,ARI,batter_hand
,3.16,1.1,0.71,,31.1,9.5,,3.27,5,49,98,36.1,668881,37,53.1,49,53,,LHH,R,Hunter Greene,CIN,batter_hand
,2.92,1.17,0.6,,34,6.9,,3.56,28,50.3,96.7,41.8,668909,44.6,48.5,50.3,56.5,,LHH,R,Gavin Williams,CLE,batter_hand
,4.79,2.02,0.69,,23.1,4.8,,1.03,26,57.5,106.3,35.5,668964,45.9,58.3,57.5,64.8,,LHH,R,Tobias Myers,NYM,batter_hand
,3.31,0.62,0.56,,19.8,7.2,,0.66,44,43.5,95.4,34.8,668984,45.8,37,43.5,49.3,,LHH,R,Casey Legumina,TBR,batter_hand
,2.04,0,0.38,,28,9,,0.57,48,47.9,90.7,35,669020,46,47.8,47.9,49.3,,LHH,L,Ryan Rolison,CHC,batter_hand
,3.58,0.48,0.72,,20.2,11.9,,1.33,28,44.6,95.1,31.7,669022,40.8,39.1,44.6,53.5,,LHH,L,MacKenzie Gore,TEX,batter_hand
,1.62,0.42,0.47,,37,6.2,,0.47,46,44.1,98.8,27.8,669062,28.5,30.3,44.1,71.2,,LHH,L,Erik Miller,BOS,batter_hand
,3.1,0,0.44,,28,18.7,,0.53,33,59.3,92,49.3,669084,54.9,67.6,59.3,53,,LHH,L,DL Hall,MIL,batter_hand
,3.62,0.72,0.74,,22.7,11.2,,2.9,26,49.8,97.2,37.3,669160,47.2,47.7,49.8,54,,LHH,R,Dustin May,MIL,batter_hand
,4.44,1.45,0.68,,27.9,12.7,,0.48,39,57.7,111.2,19.7,669165,66.7,41.5,57.7,70,,LHH,R,Kyle Hurt,LAD,batter_hand
,5.6,2.06,0.76,,14.5,5.9,,2.91,15,47,96.7,33.9,669194,41.4,44.9,47,53.4,,LHH,R,Ryne Nelson,ARI,batter_hand
,4.41,1.36,0.68,,24.9,11.6,,0.88,45,54.5,101.3,37.1,669199,46.7,53.6,54.5,61.2,,LHH,R,Lake Bachar,PIT,batter_hand
,4.6,1.5,0.63,,14.3,4.1,,0.5,24,51.7,95.4,38.5,669211,41.7,48.9,51.7,62.1,,LHH,L,Keegan Akin,BAL,batter_hand
,3.22,1.11,0.62,,29.9,7.8,,3.3,27,47.1,96.6,37.5,669302,44.1,43.2,47.1,53.7,,LHH,R,Logan Gilbert,SEA,batter_hand
,3.41,0.71,0.78,,22.1,9.4,,3.3,27,48.5,98.2,38.4,669358,45,44.5,48.5,55.7,,LHH,R,Shane Baz,BAL,batter_hand
,5.02,1.3,0.75,,19.2,13.1,,2.81,27,50.6,100.9,33.1,669372,42.1,48.9,50.6,58.5,,LHH,R,J.T. Ginn,ATH,batter_hand
,2.43,1.27,0.76,,33.9,2.5,,1.35,21,52,97.5,44.5,669373,45.9,51.1,52,57.5,,LHH,L,Tarik Skubal,LAD,batter_hand
,4.05,0.95,0.77,,16.7,8,,2.14,31,53.7,101.6,34.8,669387,44.2,53.1,53.7,61.4,,LHH,R,Carmen Mlodzinski,PIT,batter_hand
,2.19,0.23,0.54,,25.7,6.6,,1.53,25,51.3,98.7,36.2,669432,49.5,51.1,51.3,53,,LHH,L,Trevor Rogers,BAL,batter_hand
,5.47,2.25,0.82,,19.7,6.1,,1.14,14,59.4,110.9,36.5,669438,48.5,61.6,59.4,64.7,,LHH,R,Mason Englert,TBR,batter_hand
,5.91,1.72,0.7,,16.5,13.5,,2.85,11,48.1,99.2,36.2,669456,43.6,43.2,48.1,56.9,,LHH,R,Shane Bieber,TOR,batter_hand
,4.87,2.03,0.86,,24.5,8.2,,1.15,27,51.8,99.6,37.8,669461,46.5,51.1,51.8,56.3,,LHH,L,Matthew Liberatore,STL,batter_hand
,3.79,0.75,0.71,,16.4,7.9,,3,24,54,103.3,35.6,669467,46.7,52.2,54,61.1,,LHH,R,Andre Pallante,STL,batter_hand
,1.47,0,0.81,,21.6,2,,0.58,20,45.6,99.5,31.7,669620,42.4,39,45.6,55.3,,LHH,L,Brady Basso,ATH,batter_hand
,4.7,1.15,0.71,,20.6,13.2,,0.54,29,50.5,85.6,35.8,669684,58.5,58.4,50.5,35.8,,LHH,L,Chris Murphy,CHW,batter_hand
,3.4,0.78,0.56,,21.5,7.5,,3.29,7,44.2,95.2,40,669713,35.1,36.7,44.2,59.3,,LHH,R,Hayden Wesneski,HOU,batter_hand
,10.3,3.6,0.93,,4.3,17.4,,0.29,17,40.5,87.3,53.6,669724,57.7,30.6,40.5,39.5,,LHH,R,Brenan Hanifee,DET,batter_hand
,7.14,2.2,0.93,,17.9,17.9,,2.72,6,47.6,98.8,38.3,669854,35.3,40,47.6,65,,LHH,R,Ronel Blanco,HOU,batter_hand
,5.8,1.8,1.04,,13.7,9.8,,2.5,4,45.8,102.8,23.1,669920,40.2,42.5,45.8,53.5,,LHH,R,Jason Alexander,HOU,batter_hand
,4.38,1.32,0.8,,18.2,7.2,,3.15,26,47.9,98.7,32.5,669923,42.7,44.2,47.9,55.9,,LHH,R,George Kirby,SEA,batter_hand
,6.77,2.82,0.93,,15.2,7.1,,2.03,11,57.1,110.2,22,669947,48.9,60.2,57.1,59.5,,LHH,R,Jesse Scholtens,TBR,batter_hand
,4.39,0.77,0.76,,25.9,18.5,,0.62,56,54.1,106.3,14.3,670990,43.1,55.2,54.1,60.7,,LHH,R,Yohan Ramírez,PIT,batter_hand
,3.5,1.35,0.74,,26.9,5.9,,1.43,28,50.5,98.2,37,671096,43.9,49.7,50.5,56.1,,LHH,L,Andrew Abbott,CIN,batter_hand
,8.87,4.15,1.14,,20.8,12.5,,0.72,6,40.2,92.7,40.3,671106,21.8,35.2,40.2,59,,LHH,L,Logan Allen,CLE,batter_hand
,3.26,1.42,0.8,,29,6.5,,0.63,10,41,113.8,9.8,671111,35.2,26.3,41,62,,LHH,L,Sammy Peralta,COL,batter_hand
,2.1,0,0.58,,32.6,14,,2.5,4,61,102.4,42.8,671212,50.8,68.5,61,59.8,,LHH,R,Joe Boyle,TBR,batter_hand
,4.25,1.48,0.68,,28.9,11.5,,3.37,27,50,96.5,37.7,671737,47.5,49,50,52.9,,LHH,R,Taj Bradley,MIN,batter_hand
,1.56,0,0.73,,25.8,6.5,,0.52,25,53.4,101.8,44.2,671936,29.3,52.8,53.4,71.2,,LHH,L,Adam Macko,TOR,batter_hand
,3.05,0.82,0.62,,25,6.7,,1.56,28,47.9,98.9,36.5,672282,44.3,42.3,47.9,56.7,,LHH,L,Reid Detmers,LAA,batter_hand
,4.63,1.83,0.7,,23.8,7.1,,0.55,36,41.3,92.4,37.5,672335,47.3,34.7,41.3,44.6,,LHH,L,Cionel Pérez,NYM,batter_hand
,4.32,1.04,0.61,,13.9,7,,2.77,28,50.1,97.6,36.9,672456,42.5,47.5,50.1,58.4,,LHH,R,Keider Montero,DET,batter_hand
,5.66,2.3,0.89,,25.6,11.6,,1.19,23,50.3,100.5,30.7,673540,40.1,50.3,50.3,57.6,,LHH,R,Kodai Senga,NYM,batter_hand
,7.18,3.24,0.87,,20,8.6,,0.52,16,43.5,94,24.8,673929,71.8,33.9,43.5,34.3,,LHH,R,Jordan Leasure,CHW,batter_hand
,5.21,1,1.02,,6.2,8.3,,1.5,6,42.5,96.4,23.1,674003,33.8,33,42.5,59.6,,LHH,L,Cody Bradford,TEX,batter_hand
,5.63,2.56,0.78,,26.9,8.5,,0.66,48,49.9,99.6,38.8,674444,34.6,41.6,49.9,70.5,,LHH,R,Steven Cruz,KCR,batter_hand
,3.61,0.71,0.67,,21.5,10.3,,1.21,21,40.2,94.7,24.5,674841,37.9,35.5,40.2,47.3,,LHH,L,Andrew Alvarez,WSN,batter_hand
,5.06,1.56,0.72,,17.7,9.5,,3.39,17,48.1,97.1,40.1,675512,40.5,42.5,48.1,60,,LHH,R,Troy Melton,DET,batter_hand
,1.72,0,0.64,,23.4,4.1,,1.51,24,44.6,95.7,26.2,675660,39.9,44.6,44.6,47.9,,LHH,L,Shane Drohan,MIL,batter_hand
,5.35,1.69,0.95,,20.4,12.4,,0.5,53,43.4,97.7,26.5,675848,33.3,35.5,43.4,59.7,,LHH,R,Juan Mejia,COL,batter_hand
,5.43,2.13,0.8,,27.1,12.2,,3.17,8,49.4,100,29.6,675911,42.3,51.4,49.4,52.3,,LHH,R,Spencer Strider,ATL,batter_hand
,4.65,0,0.81,,13.5,19.2,,1.29,8,41.2,95.5,23.2,675989,41.4,47.4,41.2,34,,LHH,R,Cody Bolton,HOU,batter_hand
,3.8,0.9,0.8,,17.5,7.3,,2.86,21,51.7,97.7,40.7,676083,46.4,50.4,51.7,57,,LHH,R,Janson Junk,MIA,batter_hand
,4.09,1.38,0.7,,22.9,7.1,,3.12,25,50.4,97.3,37.5,676106,46.6,47.6,50.4,56.5,,LHH,R,Emerson Hancock,SEA,batter_hand
,3.78,1.03,0.57,,20.6,6.9,,0.49,54,44.1,98.8,27.8,676263,28.5,30.3,44.1,71.2,,LHH,L,Jack Dreyer,LAD,batter_hand
,4.23,0.74,0.72,,17.2,11.9,,1.3,28,47.6,97.6,35.6,676282,42.3,44.2,47.6,55.3,,LHH,L,Joey Cantillo,CLE,batter_hand
,5.07,1.96,0.74,,20.9,7.1,,3.29,28,50,98.4,36.5,676440,46.5,47,50,55.8,,LHH,R,Tanner Bibee,CLE,batter_hand
,8.03,3.86,1.36,,12.5,4.2,,1.17,4,19.1,80.2,4.1,676467,27,30.7,19.1,0.3,,LHH,L,Colton Gordon,HOU,batter_hand
,4.08,0.98,0.57,,22.5,11.3,,0.57,32,46.6,92.4,38.7,676571,44.5,46.4,46.6,48.4,,LHH,L,PJ Poulin,WSN,batter_hand
,4.99,1.54,0.65,,17,8.5,,1.46,8,51,96.1,47.5,676664,48.9,48.9,51,54.8,,LHH,L,JP Sears,SDP,batter_hand
,1.89,0.59,0.6,,36,7.2,,0.54,57,73,120.7,53.6,676879,46,70.5,73,95.1,,LHH,L,Aaron Ashby,MIL,batter_hand
,3.27,1.1,0.71,,26.8,6.8,,3.09,29,46.1,96.6,33.7,676917,41.7,43.7,46.1,52.2,,LHH,R,Cade Cavalli,WSN,batter_hand
,2.18,0,0.57,,26.6,10.5,,1.77,19,43.5,93,35,676962,40.6,37.9,43.5,52,,LHH,R,Ben Brown,CHC,batter_hand
,2.91,0.58,0.63,,29.3,11.4,,3.12,20,46.8,95.6,33.7,676974,40.1,45.6,46.8,53,,LHH,R,Max Meyer,MIA,batter_hand
,0.79,0,0.68,,25,0,,0.72,6,53.7,96.7,37.6,676979,46.2,57.6,53.7,54.6,,LHH,L,Garrett Crochet,BOS,batter_hand
,4.48,1.31,0.79,,18.6,8.6,,2.68,23,50.8,97.4,41.9,677944,44.4,50.4,50.8,55.7,,LHH,R,Slade Cecconi,CLE,batter_hand
,3.91,1.56,0.73,,27.4,6.9,,3.21,27,54.3,100.5,38.8,677952,45,55.2,54.3,59.9,,LHH,R,Braxton Ashcraft,PIT,batter_hand
,4.84,1.51,0.84,,21.5,11.1,,2.74,26,52.1,98.4,40.7,677958,44.8,49.6,52.1,60.3,,LHH,R,Kumar Rocker,TEX,batter_hand
,2.58,0.83,0.69,,27.4,4.4,,1.36,24,47,94.9,40.3,677960,43.7,43.1,47,54,,LHH,L,Ryan Weathers,NYY,batter_hand
,4.16,1.03,0.72,,14.4,6.2,,3.18,11,48.4,94.8,37.3,677976,43.8,47.4,48.4,52.9,,LHH,R,Randy Dobnak,KCR,batter_hand
,4.72,1.82,0.83,,28.3,11.5,,1.54,32,49.5,99.9,30.8,678022,45.8,45.9,49.5,56.3,,LHH,R,Jack Perkins,ATH,batter_hand
,5.46,1.52,0.82,,12.4,9.5,,2.42,22,50.9,93.7,45.4,678394,46.7,51.4,50.9,53.5,,LHH,R,Brayan Bello,BOS,batter_hand
,2.67,0,0.13,,13,4.3,,1,7,33.6,79.8,53.3,678868,59.3,25.7,33.6,24.3,,LHH,R,Eddy Yean,WSN,batter_hand
,5.43,1.86,0.87,,20,10.8,,1.38,28,53,99.5,35.7,678906,45.4,54.4,53,56.7,,LHH,R,Kai-Wei Teng,HOU,batter_hand
,2.19,0,0.79,,21.6,8.1,,0.4,19,74.7,120.8,53.4,679775,57.6,84.2,74.7,76,,LHH,L,Kyle Backhus,PHI,batter_hand
,3.43,0.6,0.7,,20.7,9.6,,2.14,21,48.5,96.4,33.2,679883,42.8,48.4,48.5,52.7,,LHH,R,Luinder Avila,KCR,batter_hand
,5.04,1.49,0.93,,19,11.2,,2.65,16,48,95.5,36.6,680570,43,46.8,48,52.9,,LHH,R,Grayson Rodriguez,LAA,batter_hand
,5.58,1.49,0.85,,16.3,13.2,,1.91,19,47.8,96.8,41,680573,52.5,40.9,47.8,52.4,,LHH,R,Simeon Woods Richardson,MIN,batter_hand
,4.26,1.12,0.79,,21.1,10.6,,3.26,27,48.6,98.1,39.1,680694,46.8,45.6,48.6,53.4,,LHH,R,Kyle Bradish,BAL,batter_hand
,3.77,1.22,0.7,,26.6,8.9,,3.17,28,52,98,37.8,680732,47.7,52.3,52,54.7,,LHH,R,Sean Burke,CHW,batter_hand
,4.1,1.64,0.68,,23.9,5.1,,1.65,20,46.8,96,32.2,680736,47.6,46,46.8,47.2,,LHH,L,Justin Wrobleski,LAD,batter_hand
,2.63,0.42,0.54,,25.3,8.1,,1.25,17,43.5,94,24.8,680744,71.8,33.9,43.5,34.3,,LHH,R,Ty Madden,DET,batter_hand
,5.17,1.15,0.76,,23.3,18.5,,0.49,64,53.7,102.4,44.2,680755,46,50.1,53.7,63.4,,LHH,R,Braydon Fisher,TOR,batter_hand
,7.46,2.45,1.04,,18.8,17.5,,1.63,9,34.8,82.9,19.9,680802,42.7,44.6,34.8,18.1,,LHH,R,Ryan Weiss,HOU,batter_hand
,3.84,1.36,0.7,,28,9.1,,2.98,20,48.1,94.7,39,681035,43.9,46.5,48.1,53,,LHH,R,Christian Scott,NYM,batter_hand
,4.27,1.06,0.84,,15,7.3,,2.51,27,48.1,97.6,30.7,681190,42.2,48.8,48.1,51.6,,LHH,R,Randy Vásquez,SDP,batter_hand
,5.92,1.77,0.8,,21.8,16.5,,2.8,20,50.5,100.9,36.7,681293,44.5,48.4,50.5,57.1,,LHH,R,Spencer Arrighetti,TOR,batter_hand
,5.03,1.93,1.01,,30.8,15.4,,1.56,3,52.8,94.8,45.9,681343,45.9,54.7,52.8,55.5,,LHH,R,Shane Smith,CHW,batter_hand
,6.72,2.45,0.97,,15.2,10.7,,2.85,18,48.2,98.9,34.9,681347,42,47.1,48.2,53.8,,LHH,R,Mike Burrows,HOU,batter_hand
,4.34,1.16,0.85,,19.8,10.1,,2.4,26,48.1,97.3,32.4,681517,43.9,46.9,48.1,52.5,,LHH,R,Kyle Leahy,STL,batter_hand
,4.95,1.8,0.83,,24.4,10.5,,0.65,31,51.1,93.4,37.1,681810,46,54.4,51.1,51,,LHH,R,Austin Warren,NYM,batter_hand
,3.38,0.63,0.58,,25,11.7,,1.3,22,49.7,101.7,33.2,682052,41,45.8,49.7,60.4,,LHH,L,Jacob Lopez,ATH,batter_hand
,5.45,2.35,0.75,,21.9,6.2,,1.1,7,39.5,91,26.4,682227,38.5,37.1,39.5,42.9,,LHH,L,Brandon Williamson,CIN,batter_hand
,4.3,1.49,0.76,,22.3,7.1,,3.02,18,53.6,102.3,38.5,682243,44,52,53.6,62.4,,LHH,R,Bryce Miller,SEA,batter_hand
,2.21,0.42,0.4,,36.5,11.8,,0.45,47,49.1,94.5,37,682254,45.5,52,49.1,48.4,,LHH,L,Mason Montgomery,PIT,batter_hand
,4.03,1.43,0.77,,29.1,10.6,,2.75,16,52.8,98.5,34.5,683003,49,55.1,52.8,52.9,,LHH,R,Jared Jones,PIT,batter_hand
,5.41,1.85,0.85,,20.4,10.9,,2.91,15,51.7,98.7,39.1,683004,42.8,53.4,51.7,56.3,,LHH,R,Jack Leiter,TEX,batter_hand
,5.15,1.42,0.77,,11.3,7.5,,1.27,10,51,98,31,683352,43,52.5,51,54.9,,LHH,L,Mitch Bratt,ARI,batter_hand
,3.06,0.39,0.61,,28.3,14.1,,0.47,50,60.2,114.1,29.6,683618,54.8,65.2,60.2,58.3,,LHH,R,Edgardo Henriquez,LAD,batter_hand
,3.68,1.04,0.62,,12.5,0,,1.73,5,45.2,91.5,52.9,683627,46.5,37.9,45.2,52.5,,LHH,R,Anthony Molina,SFG,batter_hand
,5.19,2.38,0.76,,26.7,7,,1.6,26,50.5,97.4,35.6,684007,42.9,51.4,50.5,54.9,,LHH,L,Shota Imanaga,CHC,batter_hand
,9.26,4.26,1.25,,9.1,6.1,,1.27,5,49.2,96.5,33.3,684442,38.7,44.7,49.2,61.8,,LHH,L,Kohl Drake,ARI,batter_hand
,4.5,1.72,0.68,,28.4,10.4,,0.52,30,49.8,91.4,43.1,685126,48.8,51.7,49.8,48.2,,LHH,L,Brandon Eisert,CHW,batter_hand
,5.06,2.08,0.88,,18.9,4.5,,2.6,20,49.5,96.8,34.5,685299,36.9,45.5,49.5,63.2,,LHH,R,Tanner Gordon,COL,batter_hand
,4.86,2.09,0.85,,25.6,7.5,,2.58,20,47.7,99.5,28.6,686218,42.4,43.9,47.7,55.8,,LHH,R,Emmet Sheehan,LAD,batter_hand
,4.69,1.41,0.72,,27.1,14.6,,2.98,15,45.5,97.4,32.4,686613,42.8,39.4,45.5,54.5,,LHH,R,Hunter Brown,HOU,batter_hand
,4.68,1.4,0.85,,15.8,7.3,,2.76,14,52.2,98.7,41.2,686790,50.7,50.2,52.2,55.6,,LHH,R,Trevor McDonald,SFG,batter_hand
,4.73,0.59,0.82,,15.1,15.1,,2.36,13,51.1,96,43.4,686799,47.9,49.7,51.1,55,,LHH,R,Jack Kochanowicz,LAA,batter_hand
,6.81,2.14,0.89,,13.4,13.4,,1.24,17,51.3,102.3,30.6,686930,56.4,47.5,51.3,52,,LHH,R,Mason Barnett,ATH,batter_hand
,4.64,1.04,0.67,,15.7,10.8,,3.39,23,49.6,97.7,39.9,687064,46.4,46.4,49.6,55.6,,LHH,R,Brandon Young,BAL,batter_hand
,4.3,1.28,0.78,,24.8,11.7,,2.35,21,49.4,97.3,32.7,687075,43.4,47.1,49.4,56.2,,LHH,R,Brandon Sproat,MIL,batter_hand
,4.27,1.17,0.86,,21.6,10.8,,0.77,10,41.8,94.7,32.2,687223,38,40.5,41.8,45.9,,LHH,L,Carson Palmquist,WSN,batter_hand
,4.02,0.8,0.7,,14.8,8.1,,3.06,11,55.6,102,35.2,687312,48.5,53.5,55.6,63.2,,LHH,R,Gabriel Hughes,COL,batter_hand
,3.75,0.68,0.7,,16.9,8.7,,2.22,18,47.7,99.3,27.8,687473,44,44.4,47.7,54.2,,LHH,R,Ryan Gusto,MIA,batter_hand
,2.02,0,0.42,,26,8,,1.62,16,45.7,95.8,37.9,687562,41,40.8,45.7,54.7,,LHH,L,Jake Bennett,BOS,batter_hand
,4.17,1,0.81,,22.8,12.6,,1.35,20,47.9,94,36.5,687570,47.1,46.9,47.9,49.7,,LHH,L,Connor Prielipp,MIN,batter_hand
,5.27,1.72,0.81,,20.8,11.7,,0.63,25,44,86.5,33.8,687606,39.8,44.9,44,46,,LHH,R,Paxton Schultz,WSN,batter_hand
,12.74,3.86,1.46,,11.1,25,,1.56,3,73,120.7,53.6,687765,46,70.5,73,95.1,,LHH,R,Mitch Spence,KCR,batter_hand
,2.74,0.41,0.65,,22.8,7.6,,0.46,48,34.3,90.7,15.4,687911,20.5,19.6,34.3,60.9,,LHH,L,Bryan King,HOU,batter_hand
,6.1,0,0.55,,11.1,27.8,,0.92,8,41.6,95.1,22.9,687931,38.8,38.7,41.6,46.9,,LHH,L,Carson Whisenhunt,SFG,batter_hand
,3.54,1,0.73,,16.2,2.7,,0.6,15,60.4,107.6,53.2,687941,51.1,54.6,60.4,73.6,,LHH,L,Alec Gamboa,BOS,batter_hand
,3.1,0.59,0.57,,25.6,9.9,,1.78,17,49.4,95.8,34.4,688107,42.2,50.6,49.4,53.1,,LHH,L,Robert Gasser,MIL,batter_hand
,3.84,0.89,0.75,,18.5,8.1,,1.12,36,54.8,97.8,42.4,688642,61.5,51.8,54.8,53.4,,LHH,R,Zach Agnos,COL,batter_hand
,2.65,0.55,0.45,,27,7.1,,0.48,69,55.5,97.1,60.9,689254,42.3,55,55.5,65.6,,LHH,L,Mason Fluharty,TOR,batter_hand
,3.91,0,0.72,,9.5,11.9,,1.73,5,43,93,29.3,689441,34,37.3,43,55.8,,LHH,R,Coleman Crow,MIL,batter_hand
,7.57,3.14,1,,16.9,10.8,,2.87,5,49.5,92.9,42.3,689818,48.8,51,49.5,48.2,,LHH,R,David Sandlin,CHW,batter_hand
,3.94,0.84,0.66,,20.6,10.7,,2.91,11,48.8,98.3,38.3,690928,40.9,48.5,48.8,54.8,,LHH,R,Hunter Dobbins,STL,batter_hand
,2.69,0,0.8,,23.4,12.8,,2.42,4,54.3,100,34.6,690953,60.5,55.6,54.3,48.5,,LHH,R,Mick Abel,MIN,batter_hand
,1.79,0.28,0.6,,27.6,3.9,,1.45,22,53.3,100.4,41,690986,44.8,51.3,53.3,61.7,,LHH,L,Kyle Harrison,MIL,batter_hand
,4.99,1.42,0.56,,9.1,4.5,,3.17,2,61.8,103.2,44.7,690990,52.2,64.5,61.8,65.4,,LHH,R,Cade Horton,CHC,batter_hand
,3.72,1.11,0.7,,26.2,9.8,,3.3,27,49.8,97.3,35.8,690997,45,48,49.8,55.2,,LHH,R,Nolan McLean,NYM,batter_hand
,3.14,0.7,0.6,,28.8,11.2,,3.09,25,47.1,96,35.5,691587,43.3,45.5,47.1,51.6,,LHH,R,Eury Pérez,MIA,batter_hand
,4.82,1.65,0.81,,17.5,6.7,,2.86,21,53,100,37.3,691725,43.5,50,53,63.2,,LHH,R,Andrew Painter,PHI,batter_hand
,2.08,0.48,0.52,,33.8,8.1,,0.73,51,42,89.1,51.2,691799,51,34.9,42,43.6,,LHH,R,Grant Taylor,CHW,batter_hand
,3.66,0.56,0.71,,18.9,10.8,,2.67,6,46.2,97.9,26.9,691946,41.6,42.8,46.2,53.2,,LHH,R,George Klassen,LAA,batter_hand
,9.85,2.7,1.11,,9.8,21.9,,0.83,8,52.3,103.5,33.5,691951,47.2,45,52.3,64.1,,LHH,L,Sam Aldegheri,LAA,batter_hand
,3.96,1.29,0.72,,22.8,7.3,,3.22,26,48.5,98.8,35.2,693433,41.2,43.9,48.5,58.9,,LHH,R,Bryan Woo,SEA,batter_hand
,2.26,0.71,0.58,,33.7,6.9,,3.52,29,48.9,97.3,37.4,693645,49.5,45.9,48.9,52,,LHH,R,Cam Schlittler,NYY,batter_hand
,3.39,1,0.7,,21.9,5.3,,1.1,41,46,95.6,35.1,693686,37.2,39,46,60.1,,LHH,R,Spencer Miles,TOR,batter_hand
,4.48,1.32,0.66,,19.9,9.1,,3.67,26,52,99.3,37.1,693821,44.7,49.6,52,60.1,,LHH,R,Bryce Elder,ATL,batter_hand
,4.51,2.35,0.84,,28.3,3.6,,0.98,39,48.9,98.7,40.7,693855,43.5,48.1,48.9,53.8,,LHH,L,Ian Seymour,TBR,batter_hand
,5.13,1.75,0.77,,14.7,5.8,,2.47,25,51.9,96,39.7,694297,45.6,53.7,51.9,54.3,,LHH,R,Brandon Pfaadt,ARI,batter_hand
,3.59,0.4,0.69,,18.6,11.8,,0.59,38,61.5,90.7,54.5,694335,71.4,76,61.5,37.8,,LHH,R,Matt Svanson,STL,batter_hand
,5.51,1.45,0.86,,19.4,15,,2.33,8,51.1,97.1,42.8,694346,44.5,49.8,51.1,57.4,,LHH,R,Trey Gibson,BAL,batter_hand
,6.64,2.89,1.08,,23.5,11.8,,0.49,19,59.3,92,49.3,694360,54.9,67.6,59.3,53,,LHH,R,Beck Way,KCR,batter_hand
,3,0.44,0.7,,28.4,13.7,,0.64,32,49.7,98.5,43.2,694361,35.9,49.2,49.7,60.1,,LHH,R,Will Klein,LAD,batter_hand
,7.99,2.84,0.87,,16.1,16.1,,2.11,3,49,93.6,39.3,694462,35.6,48.9,49,58.7,,LHH,R,Hurston Waldrep,ATL,batter_hand
,4.19,1.13,0.74,,19.9,9,,1.01,47,51.5,96,43.1,694477,52.2,45.7,51.5,57.6,,LHH,R,Chad Patrick,MIL,batter_hand
,3.6,0.52,0.64,,21.6,12.4,,3.21,27,51.8,97.7,37.1,694738,50.2,50.6,51.8,54.4,,LHH,R,Landen Roupp,SFG,batter_hand
,1.41,0.61,0.4,,44.5,6.7,,3.41,26,50.2,98.6,37.5,694819,43.9,50.2,50.2,54.8,,LHH,R,Jacob Misiorowski,MIL,batter_hand
,6.38,2.04,0.89,,14.3,11.9,,1.47,12,44.3,103.4,17.9,694918,43.4,39.8,44.3,50,,LHH,R,Blade Tidwell,SFG,batter_hand
,3.03,0.81,0.67,,27.5,8.2,,3.17,28,49.9,96,34.2,694973,48.2,51,49.9,49.7,,LHH,R,Paul Skenes,PIT,batter_hand
,10.15,4.05,1.3,,5.1,10.3,,1.33,5,43.4,97.7,26.5,695034,33.3,35.5,43.4,59.7,,LHH,R,Kade Morris,ATH,batter_hand
,5.29,1.61,0.8,,18.6,11.4,,2.79,24,52.6,99.7,37.7,695076,46.7,51.7,52.6,57.9,,LHH,R,Rhett Lowder,CIN,batter_hand
,4.54,1.41,0.73,,25,12.5,,0.97,33,49.7,100.4,31.7,695418,43.7,46,49.7,58.1,,LHH,R,Brad Lord,WSN,batter_hand
,3.94,1.34,0.73,,28.6,10.6,,3.36,26,46.4,96.8,34.2,695505,39,43.1,46.4,55.4,,LHH,R,Chase Burns,CIN,batter_hand
,5.68,1.62,0.69,,9.6,8.2,,1.04,16,68.5,112,48.5,695534,51,72.4,68.5,76.5,,LHH,R,Chase Petty,CIN,batter_hand
,5.47,1.69,0.75,,16.7,10.6,,3.2,5,44.6,94,34.3,695549,38.3,38.8,44.6,55.7,,LHH,R,Jackson Jobe,DET,batter_hand
,3.96,0.77,0.69,,22.9,13.3,,1.37,17,50.7,102.4,32.5,695611,43.8,48,50.7,58.7,,LHH,L,Gage Jump,ATH,batter_hand
,5.91,0.87,0.76,,13,18.5,,1.72,6,43.4,104.9,15,695684,35.1,33.4,43.4,60.7,,LHH,R,Elmer Rodríguez,NYY,batter_hand
,3.93,0.75,0.64,,32.7,20,,1,12,52.7,96.1,36.9,696070,45.8,53,52.7,57.4,,LHH,L,Kendry Rojas,MIN,batter_hand
,4.8,1.23,0.76,,19.7,12.6,,2.72,27,50.4,98.8,34.3,696149,47.1,49.2,50.4,54.1,,LHH,R,Bubba Chandler,PIT,batter_hand
,6.2,1.94,0.76,,16.3,13,,2.45,17,50,100.5,34.7,696270,42.8,48.2,50,57.2,,LHH,R,Ryan Johnson,LAA,batter_hand
,1.81,0.26,0.48,,31.1,6.7,,0.61,56,47,91.6,30.9,699134,40.5,44.5,47,54.5,,LHH,R,Bradgley Rodriguez,SDP,batter_hand
,4.62,1.27,0.74,,15.1,7.5,,3.41,27,53.6,99.5,39.5,700241,48.7,54,53.6,56.7,,LHH,R,Michael McGreevy,STL,batter_hand
,7.55,3.27,1.09,,11.5,5.8,,1.57,7,39.4,96.7,26.9,700249,30.4,33.5,39.4,52.7,,LHH,L,Cade Povich,BAL,batter_hand
,4.02,0.75,0.66,,13.7,7.8,,3,4,60.4,103.3,42.6,700363,47.8,63.4,60.4,66,,LHH,R,AJ Smith-Shawver,ATL,batter_hand
,4.53,0.77,0.49,,15.4,13.1,,0.7,50,53.4,101.8,44.2,700669,29.3,52.8,53.4,71.2,,LHH,R,Gordon Graceffo,STL,batter_hand
,4.02,0.53,0.64,,19.8,14.3,,2.81,24,46.5,97.4,31.8,700712,42.4,41.3,46.5,55.3,,LHH,R,Walbert Ureña,LAA,batter_hand
,4.1,0,0.37,,25,25,,1.25,4,47.4,98,30.7,700842,46.1,41,47.4,55.6,,LHH,L,Eduardo Rivera,BOS,batter_hand
,4.51,1.34,0.8,,19,8.7,,2.74,27,48.6,98.8,35.1,701542,43.6,44.5,48.6,56.9,,LHH,R,Will Warren,NYY,batter_hand
,3.38,1.26,0.57,,29.3,5.9,,3.57,14,52.2,98.3,42.7,701656,42.6,50.5,52.2,61.1,,LHH,R,Logan Henderson,MIL,batter_hand
,4.17,0.96,0.78,,21.9,12.2,,0.52,18,50.5,85.6,35.8,701719,58.5,58.4,50.5,35.8,,LHH,L,Tyler Samaniego,BOS,batter_hand
,4.02,1.5,0.84,,27.3,9.1,,0.67,18,43.6,91.8,38.9,702021,37.1,35.4,43.6,57.6,,LHH,L,Will Dion,WSN,batter_hand
,4.2,0.87,0.63,,20.9,12.7,,2.89,18,52.8,101.3,40.9,702056,40.1,52,52.8,62.8,,LHH,R,Trey Yesavage,TOR,batter_hand
,3.71,1.24,0.77,,22.3,5.7,,1.35,27,49.8,95,38.5,702070,44.7,49.7,49.8,53.4,,LHH,L,Noah Cameron,KCR,batter_hand
,3.77,0.86,0.75,,21.3,9.9,,0.61,51,52.4,90.8,46.3,702193,56.5,53.9,52.4,47.9,,LHH,R,Andrew Morris,MIN,batter_hand
,3.53,0.64,0.69,,22.6,11.3,,1,14,48.5,99.7,34.7,702273,41,43,48.5,60,,LHH,L,Noah Schultz,CHW,batter_hand
,5.68,1.6,0.79,,21,15.9,,2.4,14,55.8,101.9,41.7,702275,43.1,54.9,55.8,65.9,,LHH,R,JR Ritchie,ATL,batter_hand
,6.29,1.71,0.83,,6.2,9.4,,2.33,9,48,100.2,33.9,702474,43.9,46.8,48,52.5,,LHH,R,Mike Paredes,MIN,batter_hand
,5.49,1.84,0.69,,13.3,6.7,,2.44,6,46.8,90.8,33,703615,49.7,46.6,46.8,44.8,,LHH,R,Jose Cabrera,ARI,batter_hand
,3,0.64,0.67,,23.2,7.3,,1.62,26,50.4,99.5,37,800048,44.6,46.6,50.4,58.8,,LHH,L,Parker Messick,CLE,batter_hand
,2.58,1.04,0.63,,35.5,7.1,,0.74,47,73,120.7,53.6,800311,46,70.5,73,95.1,,LHH,R,Didier Fuentes,ATL,batter_hand
,0.53,0,0.67,,28.6,0,,1.17,4,50.7,104.5,35.2,800600,41.8,45.3,50.7,63.3,,LHH,L,Jackson Kent,WSN,batter_hand
,4.31,1.49,0.72,,18.9,5.2,,1.58,23,49.8,96.2,45.1,801139,46.4,46.1,49.8,56.4,,LHH,L,Payton Tolle,BOS,batter_hand
,5.65,1.53,0.91,,17.1,13.6,,1.77,10,40.2,93.7,28.1,801403,32.5,35.2,40.2,51.6,,LHH,R,Chase Dollander,COL,batter_hand
,3.15,0.43,0.45,,15.8,5.3,,1.91,11,50.3,96.2,41.7,804267,46.1,49.9,50.3,53.7,,LHH,L,Zac Thornton,NYM,batter_hand
,4.54,1.51,0.79,,20.8,8.3,,3.14,19,50.9,99.1,42.2,805673,40.3,47.3,50.9,62.4,,LHH,R,Zebby Matthews,MIN,batter_hand
,3.41,0.81,0.69,,23,9,,0.66,34,35.2,90,21.1,806188,38.6,33.8,35.2,34.4,,LHH,L,Cade Gibson,MIA,batter_hand
,10.52,2.84,1.09,,16.2,29.7,,1.27,5,38.5,88.7,39.9,806960,46.3,30.6,38.5,42,,LHH,R,Luis Morales,ATH,batter_hand
,8.24,3.86,1.19,,16.2,8.1,,1.4,5,51.4,103.2,33,807743,39.7,46.9,51.4,64.8,,LHH,L,Sean Sullivan,COL,batter_hand
,4.52,1.43,0.75,,23.5,10.5,,3,23,46.5,96.1,32.4,808963,41.4,46.1,46.5,50.6,,LHH,R,Roki Sasaki,LAD,batter_hand
,3.13,0.91,0.53,,25.9,5.9,,3.56,25,48.1,95.9,35,808967,44,44.1,48.1,55.8,,LHH,R,Yoshinobu Yamamoto,LAD,batter_hand
,3.54,1.33,0.59,,27.1,5.6,,1.59,17,50.9,98.9,42.4,813349,44.5,48.2,50.9,58.6,,LHH,L,Connelly Early,BOS,batter_hand
,11.84,4.7,1.04,,8.3,19.4,,2.56,3,47.9,100.6,38.7,814490,33.2,41.7,47.9,65.6,,LHH,R,Ethan Pecko,HOU,batter_hand
,4.68,1.47,0.73,,27.1,14.1,,2.26,19,48.4,97,33.9,837227,43,45.5,48.4,55.5,,LHH,R,Tatsuya Imai,HOU,batter_hand
,4.73,1.99,0.66,,26.4,6.9,,1.74,13,48.2,98.7,33.2,453286,50.3,47.1,48.2,48.1,,RHH,R,Max Scherzer,TOR,batter_hand
,2.21,0,0.8,,22.7,9.1,,1.5,6,57.9,107.3,41,476594,53.2,53,57.9,66.9,,RHH,R,Robert Stock,NYM,batter_hand
,4.45,0.83,0.79,,9.9,7.8,,3.63,9,50.5,102,32.4,500779,45.9,45.4,50.5,59.6,,RHH,L,Jose Quintana,COL,batter_hand
,4.22,1.26,0.73,,19.7,7.5,,2.29,25,51.5,102.1,34.1,518876,45.4,49.7,51.5,57.8,,RHH,R,Merrill Kelly,ARI,batter_hand
,2.16,0.58,0.55,,30.3,5.3,,4.54,24,49.7,99.5,36.4,519242,47.9,48.2,49.7,52.7,,RHH,L,Chris Sale,ATL,batter_hand
,4.28,0.73,0.65,,16.6,12.1,,3.32,26,49.1,99.3,34,527048,45.4,46.2,49.1,55.1,,RHH,L,Martín Pérez,ATL,batter_hand
,2.67,0.68,0.71,,22,3.6,,2.2,18,52.5,103.1,40.8,543037,50,48.4,52.5,58.9,,RHH,R,Gerrit Cole,NYY,batter_hand
,4.15,1.8,0.71,,27.8,6,,2.73,22,48.3,100.3,38.6,543135,41.4,44.5,48.3,57.5,,RHH,R,Nathan Eovaldi,TEX,batter_hand
,3.56,0.94,0.72,,18.6,5.4,,1.92,25,46.9,100.5,38.5,543243,45.5,40.6,46.9,55,,RHH,R,Sonny Gray,BOS,batter_hand
,3.65,0.8,0.81,,15,5.5,,2.01,28,51,101.9,31.7,547179,44.3,46.5,51,60.9,,RHH,R,Michael Lorenzen,COL,batter_hand
,2.75,0.95,0.55,,30.9,5.5,,2.48,23,49,100.8,37.9,554430,44.9,44.4,49,57.2,,RHH,R,Zack Wheeler,PHI,batter_hand
,4.82,1.73,0.76,,18.4,6.2,,4.04,18,50.5,98.9,34.7,571510,46.1,48.8,50.5,55.5,,RHH,L,Matthew Boyd,CHC,batter_hand
,5.37,1.77,0.91,,14.6,7.7,,2.95,19,53.1,104.7,41,571578,48.3,50.3,53.1,59.6,,RHH,L,Patrick Corbin,TOR,batter_hand
,5.84,2.17,0.83,,18.2,9.1,,1.63,28,51.9,100.7,42.2,571927,38.7,50.4,51.9,63,,RHH,L,Steven Matz,TBR,batter_hand
,6.26,2.47,0.88,,11.3,4.2,,2.04,25,49.6,97.9,33.9,571945,46.6,50.7,49.6,50.5,,RHH,R,Miles Mikolas,WSN,batter_hand
,2.89,0.96,0.56,,33.3,8.3,,0.85,11,52.4,95.7,53.9,572143,61.2,46,52.4,53.2,,RHH,R,Burch Smith,DET,batter_hand
,4.8,1.67,0.86,,21.5,9,,3.59,9,52.5,101.5,43.6,579328,45.3,50.5,52.5,59.9,,RHH,L,Yusei Kikuchi,LAA,batter_hand
,3.74,0,0.72,,15,15,,4.67,1,47.9,93.8,38.4,592288,39.8,49.1,47.9,52.2,,RHH,L,Kent Emanuel,CIN,batter_hand
,3.66,1.48,0.74,,26.2,5,,2.38,28,52.4,101.4,36.5,592332,50.1,49.9,52.4,56.9,,RHH,R,Kevin Gausman,CHC,batter_hand
,5.29,1.57,0.72,,19.6,12.4,,4.02,27,50.6,101.9,33.8,592662,46.2,48.6,50.6,56.1,,RHH,L,Robbie Ray,SDP,batter_hand
,5.48,2.57,0.8,,23,4.6,,2.47,17,49.5,102.9,30.6,592791,40.7,44.4,49.5,61.5,,RHH,R,Jameson Taillon,TOR,batter_hand
,5.74,2.16,0.89,,20,10,,1.67,5,49.5,98.6,32.6,592836,51,47.9,49.5,50.3,,RHH,R,Taijuan Walker,PHI,batter_hand
,4.01,0.85,0.67,,17.3,8.9,,4.17,28,53.6,102.7,37,593958,45.3,53.6,53.6,59.6,,RHH,L,Eduardo Rodriguez,ARI,batter_hand
,3.93,0.74,0.77,,12.2,6.1,,0.65,56,53.8,102.6,38.8,593974,51.4,52.9,53.8,56.7,,RHH,L,Wandy Peralta,SDP,batter_hand
,2.88,0.98,0.66,,29.7,6.9,,2.2,25,51.9,102.2,39.3,594798,41.3,49.6,51.9,62.1,,RHH,R,Jacob deGrom,TEX,batter_hand
,3.3,1.29,0.59,,30.1,5.9,,0.54,65,82.2,116.8,57.3,595345,68.1,95.7,82.2,76.9,,RHH,L,Steven Okert,HOU,batter_hand
,3.49,0.78,0.56,,19.8,7.3,,0.59,39,46.5,86.8,19.7,596001,64.3,43.4,46.5,37.5,,RHH,R,Jakob Junis,TEX,batter_hand
,1.48,0,0.4,,35.5,9.7,,2,4,45.5,103.7,27.3,601713,36,39.5,45.5,59,,RHH,R,Nick Pivetta,SDP,batter_hand
,2.77,0.27,0.67,,16.6,5.5,,2.08,16,49.5,101.3,38.2,605135,46.6,43.3,49.5,58.5,,RHH,R,Chris Bassitt,BAL,batter_hand
,2.88,0.28,0.5,,21.7,9.3,,2.29,14,54.1,100.6,40.2,605280,47.9,51.2,54.1,61.8,,RHH,R,Clay Holmes,CHC,batter_hand
,3.08,0.54,0.55,,14,2.1,,1.99,25,52.1,101.4,37,605288,44.7,50.8,52.1,58.9,,RHH,R,Adrian Houser,SFG,batter_hand
,4.12,2.02,0.81,,27.5,3.3,,2.07,28,51.4,102.1,37.2,605400,46.5,48.1,51.4,58.6,,RHH,R,Aaron Nola,PHI,batter_hand
,1.26,0,0.4,,33.8,6.8,,3.8,5,49.5,102.6,40.1,605483,46.1,46.1,49.5,55.9,,RHH,L,Blake Snell,LAD,batter_hand
,6.11,2.38,0.86,,18.1,8.9,,3.48,25,49.6,101.5,36.8,605488,45.3,45.4,49.6,57.3,,RHH,L,Jeffrey Springs,ATH,batter_hand
,2.55,0.83,0.55,,26.5,2.4,,2.41,9,51.4,98.6,32.7,605540,52.2,50.2,51.4,52.3,,RHH,R,Brandon Woodruff,MIL,batter_hand
,2.25,0,0.6,,25,10.2,,0.75,39,51.9,104.6,32.4,606996,46.4,50.8,51.9,57,,RHH,L,Kyle Hart,SDP,batter_hand
,5.75,2.18,0.75,,16,6.7,,1.85,29,51.5,101.6,39,607067,47.1,49.4,51.5,57,,RHH,R,Colin Rea,CHC,batter_hand
,3.14,0.4,0.55,,25.7,12.8,,3.75,12,47.1,97.5,40.9,607074,49.3,44.3,47.1,48.8,,RHH,L,Carlos Rodón,NYY,batter_hand
,2.69,1.4,0.51,,38.9,4.2,,2.15,9,47.5,101.3,30,607192,44.4,40.6,47.5,57.6,,RHH,R,Tyler Glasnow,LAD,batter_hand
,6.01,2.53,0.83,,17.3,5.8,,1.97,29,48.6,102.5,32.2,607200,45.3,42,48.6,58.5,,RHH,R,Erick Fedde,CHW,batter_hand
,3.53,0.9,0.71,,14.1,2.4,,2.4,25,49.4,100,40.8,607259,46.7,47.1,49.4,54.1,,RHH,R,Nick Martinez,TBR,batter_hand
,5.38,2.16,0.93,,17.8,5.8,,3.81,23,51.6,102,36.4,607536,48.1,47.9,51.6,58.3,,RHH,L,Kyle Freeland,COL,batter_hand
,4.25,1.28,0.75,,17.7,6.3,,2.09,27,48,101.3,33.3,607625,45.5,43.3,48,55.1,,RHH,R,Seth Lugo,KCR,batter_hand
,2.75,0.41,0.57,,24.3,8.4,,4.1,16,50.1,102.7,35.6,608331,44.8,47.1,50.1,57.4,,RHH,L,Max Fried,NYY,batter_hand
,6.03,1.84,0.7,,19.4,14.9,,2.1,7,46.4,97.7,30.5,608337,40.5,42.8,46.4,54.7,,RHH,R,Lucas Giolito,SDP,batter_hand
,3.96,1.09,0.8,,13.6,3.6,,2.32,25,51.4,99.6,35,608372,50.8,50.1,51.4,53.2,,RHH,R,Tomoyuki Sugano,COL,batter_hand
,4.89,1.81,0.79,,18.2,5.4,,2.58,27,51.3,101.6,38.9,608379,45,48.3,51.3,59.2,,RHH,R,Michael Wacha,KCR,batter_hand
,5.47,1.9,0.75,,14.8,6.9,,1.82,13,43.7,97.7,30.6,608566,45.1,35.2,43.7,52.3,,RHH,R,Germán Márquez,SDP,batter_hand
,3.2,0.75,0.68,,20.9,6.3,,1.02,47,61.2,103.2,59,608718,56,66.1,61.2,59.3,,RHH,L,Brent Suter,LAA,batter_hand
,3.83,1.06,0.58,,14,2.4,,1.57,27,47.5,103,34.7,615698,46.6,37.2,47.5,59.8,,RHH,R,Cal Quantrill,TEX,batter_hand
,6.82,2.5,0.68,,14.9,10.8,,0.67,27,52.4,95.7,53.9,621097,61.2,46,52.4,53.2,,RHH,R,Jacob Waguespack,DET,batter_hand
,4.64,1.48,0.72,,19.4,8.1,,2.26,27,47.1,99.6,30.4,621111,46.3,44.1,47.1,51,,RHH,R,Walker Buehler,SDP,batter_hand
,2.6,0.24,0.45,,21.2,6.9,,0.75,51,45.8,106.5,17.3,621112,59.3,34.1,45.8,49.6,,RHH,R,Paul Blackburn,NYY,batter_hand
,4.85,1.02,0.79,,18.2,14.3,,1.77,10,55.3,102,44.5,621121,45,58.2,55.3,59.4,,RHH,R,Lance McCullers Jr.,HOU,batter_hand
,5.08,2.04,0.99,,21.8,8.1,,0.63,28,68.1,110.3,54.5,621383,71.8,74.6,68.1,58.1,,RHH,L,Tanner Banks,PHI,batter_hand
,3.56,1.21,0.73,,23.2,5.7,,2.17,24,50.9,100.5,37.5,622491,46,48.3,50.9,57.5,,RHH,R,Luis Castillo,CHW,batter_hand
,4.76,1.55,0.74,,23.5,10.9,,2.42,12,46.7,100.5,41.2,622663,41.3,40,46.7,58.1,,RHH,R,Luis Severino,ATH,batter_hand
,3.79,1.08,0.67,,24.8,9.5,,0.6,56,46.5,95.4,32.4,623211,44.2,49.3,46.5,45.1,,RHH,R,Huascar Brazobán,NYM,batter_hand
,4.19,1.56,0.79,,28.7,10.5,,0.88,46,54.5,103,42,623454,49.7,51.7,54.5,61.1,,RHH,R,Drew Anderson,DET,batter_hand
,2.31,0.71,0.72,,30.8,5.8,,0.59,43,53.2,97.8,33.8,623474,45.1,54.5,53.2,57.6,,RHH,R,Jimmy Herget,COL,batter_hand
,2.97,0.5,0.62,,22,7.8,,3.78,24,49.1,100.3,43.3,624133,46.6,44.7,49.1,55.9,,RHH,L,Ranger Suarez,BOS,batter_hand
,3.4,1.34,0.71,,21.5,0.7,,1.4,24,48,97.5,33.2,625643,42.5,42.5,48,58.2,,RHH,R,Reynaldo López,ATL,batter_hand
,4.9,1.69,0.87,,18.6,7.8,,2.94,29,54,103.5,45.5,640455,53.1,50.1,54,59.2,,RHH,L,Sean Manaea,NYM,batter_hand
,2.83,0.27,0.68,,21.8,9.5,,0.56,60,45.8,99.2,33.4,641302,43.4,43,45.8,50.8,,RHH,L,Tyler Alexander,TEX,batter_hand
,5.32,1.6,0.86,,14.8,9.2,,3.4,28,50.1,100.4,40.3,641743,50.7,46.5,50.1,53.7,,RHH,L,Anthony Kay,CHW,batter_hand
,5.91,2.17,0.79,,14.3,7,,3.77,22,46.3,99.7,28.2,641778,46.4,44.3,46.3,48.5,,RHH,L,Eric Lauer,LAD,batter_hand
,4.43,1.28,0.72,,15.6,6.3,,2.17,26,49.2,98.9,37.1,641793,46.5,44.5,49.2,56.5,,RHH,R,Zack Littell,WSN,batter_hand
,4.71,1.38,0.8,,19.4,10.1,,2.28,23,49.3,98.7,33,641816,48.6,49.4,49.3,49.6,,RHH,R,Tyler Mahle,ATL,batter_hand
,3.34,1.1,0.69,,27.4,7.4,,0.65,50,54,101.9,44.7,641835,38.6,48.6,54,71.3,,RHH,L,Tim Mayza,PHI,batter_hand
,3.6,1.12,0.7,,21.7,5.8,,2.4,20,52.1,100.7,41.7,641927,51.4,49.9,52.1,55.2,,RHH,R,Bailey Ober,MIN,batter_hand
,6.53,3.31,1.12,,24.4,7.3,,0.44,37,52.1,95.5,37.1,642121,50.2,46.9,52.1,59.3,,RHH,R,Cole Sulser,TBR,batter_hand
,3.39,0.59,0.68,,16.2,6.6,,0.96,32,82.2,116.8,57.3,642232,68.1,95.7,82.2,76.9,,RHH,L,Ryan Yarbrough,NYY,batter_hand
,4.03,1.07,0.75,,21.6,10,,1.81,28,51.3,101.1,39.2,642547,46.5,51.1,51.3,55.1,,RHH,R,Freddy Peralta,TBR,batter_hand
,4.15,1.22,0.69,,22.1,9.1,,1.32,28,47.3,99.6,40.6,643377,44.1,41.7,47.3,55.9,,RHH,R,Griffin Jax,TBR,batter_hand
,3.17,0.71,0.64,,17.8,4.1,,2.63,29,48,100.6,32.6,645261,45.9,44.5,48,53.4,,RHH,R,Sandy Alcantara,MIA,batter_hand
,2.26,0.45,0.51,,29,6.5,,2.24,18,46.8,101,32.9,647336,44,44.3,46.8,51.7,,RHH,R,Michael Soroka,ARI,batter_hand
,3.56,0.89,0.66,,22.8,8.6,,2.26,27,51.6,99.7,35.7,650633,47.7,50.6,51.6,55.5,,RHH,R,Michael King,SDP,batter_hand
,3.56,1.25,0.76,,21.8,4.3,,1.67,26,47.5,101.3,36.4,650644,39,39.9,47.5,62.3,,RHH,R,Aaron Civale,ATH,batter_hand
,3.08,0.92,0.74,,25,6.4,,4.54,28,53.2,102.6,40,650911,45.5,50.2,53.2,62.2,,RHH,L,Cristopher Sánchez,PHI,batter_hand
,3.04,0.53,0.61,,24.8,9.9,,1.46,23,56.3,101,43.1,656288,50.6,56.8,56.3,59.7,,RHH,R,Griffin Canning,SDP,batter_hand
,1.89,0.28,0.53,,34.1,9.3,,2.49,26,50.5,101.2,37.9,656302,45.6,49.7,50.5,54.9,,RHH,R,Dylan Cease,TOR,batter_hand
,3.43,1.38,0.77,,29.7,7.4,,2.05,19,44.5,97.8,30.5,656427,45.2,41.6,44.5,47.5,,RHH,R,Jack Flaherty,DET,batter_hand
,4.15,1.29,0.71,,19.3,6.3,,4.12,27,50,100.5,35.8,656492,45.8,45.9,50,57.7,,RHH,L,Foster Griffin,CLE,batter_hand
,4.18,1.22,0.72,,19.2,7.6,,1.91,27,47.4,98.7,34.7,656550,43.3,43.9,47.4,54.4,,RHH,R,Grant Holmes,ATL,batter_hand
,3.91,0.83,0.61,,20.3,10.4,,1.97,22,51,99.3,37.1,656605,48.6,49.6,51,54.2,,RHH,R,Mitch Keller,PIT,batter_hand
,2.41,0.48,0.38,,34.1,10.1,,0.78,48,30,90.9,21.1,656641,34.6,24.7,30,32.8,,RHH,L,Jacob Latz,TEX,batter_hand
,2.77,0.37,0.56,,23.4,8.3,,0.99,49,55,102,43.8,656794,47.5,54.2,55,61.2,,RHH,L,Sean Newcomb,CHW,batter_hand
,4.66,0.94,0.81,,15.5,11.8,,3.08,28,53.4,101.2,42,656849,46.8,51.7,53.4,60.1,,RHH,L,David Peterson,CHC,batter_hand
,2.57,0.61,0.51,,24.4,4,,2.35,25,50.2,100.6,45.7,656876,48.4,45.8,50.2,56.6,,RHH,R,Drew Rasmussen,TBR,batter_hand
,3.85,1.5,0.6,,32.6,10.2,,0.52,23,40.2,92.5,23,656986,37.1,34.2,40.2,49.3,,RHH,L,Bennett Sousa,HOU,batter_hand
,3.2,0.59,0.61,,18.9,6.5,,2.43,25,49.8,101.1,36.5,657277,45.8,49.6,49.8,52.7,,RHH,R,Logan Webb,SFG,batter_hand
,3.63,0.68,0.71,,15.4,6.8,,0.45,58,42.2,97.7,37,657514,43.5,35.9,42.2,48.4,,RHH,L,Brennan Bernardino,COL,batter_hand
,6.78,2.45,0.94,,16.2,11.8,,0.44,33,47.6,94.7,35.8,657571,55.3,46.1,47.6,43.8,,RHH,L,Caleb Ferguson,CIN,batter_hand
,2.88,0.82,0.66,,27.5,6.8,,2.38,23,49.7,99.7,42.4,657746,47.9,45.3,49.7,56,,RHH,R,Joe Ryan,MIN,batter_hand
,1.82,0.23,0.43,,32.2,7.4,,2.79,14,46,100.4,28.7,660271,45,38.4,46,55.3,,RHH,R,Shohei Ohtani,LAD,batter_hand
,4.69,1.69,0.92,,29.4,13.7,,1.52,7,43.4,96.7,25.9,660604,33.9,40.6,43.4,53.4,,RHH,R,Alan Rangel,PHI,batter_hand
,4.22,1.12,0.95,,20.4,10.2,,0.74,43,53.9,102.6,38.5,660761,44.4,47.8,53.9,67.7,,RHH,L,José Suarez,ATH,batter_hand
,10.37,4.09,0.97,,11.3,17,,2.2,5,42.5,99.2,21.8,661563,46,37.3,42.5,45.9,,RHH,R,Luis Gil,NYY,batter_hand
,3.67,0.93,0.72,,13.8,3.5,,1.14,17,39.5,97.9,17,663362,39.9,44.4,39.5,33.7,,RHH,R,Matt Waldron,WSN,batter_hand
,5.36,1.85,0.86,,16,7.5,,2.32,21,54.5,101.8,38.5,663372,50,53.6,54.5,58.7,,RHH,R,Ryan Feltner,COL,batter_hand
,2.97,0.83,0.71,,21.8,4.3,,2.17,25,47.3,98.8,38.6,663436,45.7,42.9,47.3,53.3,,RHH,R,Davis Martin,CHW,batter_hand
,3.72,0.72,0.63,,24.4,12.8,,4.15,9,55.7,104.9,45.2,663460,44.4,51.8,55.7,68.3,,RHH,L,Kris Bubic,KCR,batter_hand
,2.49,0.25,0.57,,19.3,4.8,,0.61,59,64.2,107,49.7,663542,48,64.3,64.2,75.6,,RHH,L,Bryan Hudson,CHW,batter_hand
,4.2,1.5,0.78,,22.4,6.5,,2.18,22,47.6,99,36.6,663554,49.2,43.8,47.6,50.8,,RHH,R,Casey Mize,SDP,batter_hand
,3.12,0.64,0.62,,22.2,7.8,,3.7,23,50.8,101.8,41.3,663556,45.2,47.4,50.8,58.5,,RHH,L,Shane McClanahan,TBR,batter_hand
,4.28,1.06,0.62,,22.9,12.5,,0.83,41,45.4,101.1,35.6,663558,40.9,39.4,45.4,55.5,,RHH,L,Jovani Morán,BOS,batter_hand
,9.25,4.05,1.26,,14.3,11.4,,1.33,5,53.6,95.7,58.2,663559,43.8,64.9,53.6,47.6,,RHH,L,Bailey Falter,KCR,batter_hand
,3.46,1.23,0.74,,23.3,4.4,,2.54,23,49.6,102.5,35.6,663567,45.1,45.2,49.6,57.8,,RHH,R,Peter Lambert,HOU,batter_hand
,5.34,1.52,0.76,,10.2,7.1,,2.37,10,46,99.6,28.8,663568,44.4,41.2,46,52.7,,RHH,R,Stephen Kolek,KCR,batter_hand
,4.58,1.78,0.81,,23.4,7.8,,1.69,18,53.6,103.1,41.1,663623,48.5,53.1,53.6,57.9,,RHH,R,Jake Irvin,WSN,batter_hand
,4.43,1.02,0.7,,17,10.2,,0.72,49,61.7,104.8,44.7,663738,54.3,64.6,61.7,63.6,,RHH,L,Daniel Lynch IV,KCR,batter_hand
,4.26,1.02,0.76,,20,11,,3.53,10,49.8,103.5,44.7,663776,45.4,40,49.8,64.1,,RHH,L,Patrick Sandoval,BOS,batter_hand
,4.5,1.08,0.77,,22.8,14,,0.56,45,53.1,109.4,30.6,663855,59.2,43.4,53.1,59.9,,RHH,R,Jordan Hicks,CHW,batter_hand
,4.69,1.18,0.72,,14.5,8.8,,2.05,26,50.2,101.5,35.4,663903,43.5,46.7,50.2,59,,RHH,R,Brady Singer,CIN,batter_hand
,4.24,1.29,0.76,,16.9,5.8,,0.62,56,43.2,96.9,22.4,663947,43.4,41.9,43.2,44.7,,RHH,L,Tyler Holton,DET,batter_hand
,4.24,1.22,0.64,,19.2,7.7,,1.57,33,42.8,96.2,27.2,663969,41.7,38,42.8,49.1,,RHH,R,Tyler Phillips,MIA,batter_hand
,4.82,1.8,0.83,,18.4,5.5,,1.79,14,52.9,100.8,44.5,663978,47.3,50.9,52.9,59.3,,RHH,R,Chris Paddack,CIN,batter_hand
,6.54,1.69,0.85,,16.9,18.2,,0.52,31,49.6,103.4,38.1,663992,40.5,39.9,49.6,67,,RHH,L,Richard Lovelady,WSN,batter_hand
,1.66,0.5,0.54,,40,9.3,,0.47,38,67.9,104.6,86.8,664126,41,77.6,67.9,76.1,,RHH,R,Pete Fairbanks,MIA,batter_hand
,4.89,1.47,0.76,,15.4,7.7,,0.79,39,54.5,103.9,49.3,664141,46.8,48.6,54.5,66.7,,RHH,R,JT Brubaker,SFG,batter_hand
,4.31,0.94,0.73,,15,8.9,,4.26,27,51.6,101.1,38,664285,46.3,50,51.6,57.3,,RHH,L,Framber Valdez,DET,batter_hand
,5.69,2.22,0.89,,24.1,11.6,,1.87,13,39.1,97.8,21.2,664299,39.6,31.3,39.1,47.5,,RHH,R,Cristian Javier,HOU,batter_hand
,6,2.61,1.03,,16.4,5.5,,1.15,9,37.2,102.7,9.8,664353,41.5,26.4,37.2,46.4,,RHH,R,José Urquidy,CHW,batter_hand
,6.1,1.5,0.96,,23.5,20.6,,0.43,14,47.9,93.8,38.4,664849,39.8,49.1,47.9,52.2,,RHH,L,Danny Young,ATL,batter_hand
,4.56,2.02,0.75,,27.3,6.4,,2.05,13,51.5,98.9,40.4,665152,46.4,50.2,51.5,56.6,,RHH,R,Dean Kremer,MIN,batter_hand
,3.29,0.98,0.66,,27.6,8.6,,0.75,49,53.2,97.8,33.8,665622,45.1,54.5,53.2,57.6,,RHH,R,Luis Medina,ATH,batter_hand
,4.77,1.99,0.79,,28.2,9.2,,2.11,15,42.7,97.6,25.2,665795,39.4,39.6,42.7,48.5,,RHH,R,Edward Cabrera,CHC,batter_hand
,3.55,0.64,0.53,,14,5.1,,1.92,22,44.8,97.1,26,665871,43.2,42.8,44.8,48.2,,RHH,R,Javier Assad,CHC,batter_hand
,5.28,0,1.15,,21.7,26.1,,1.83,2,53,106.6,44.7,666129,46.9,46,53,65.5,,RHH,L,Braxton Garrett,MIA,batter_hand
,5.22,2.25,0.72,,32.7,12.9,,3,8,49.8,101.3,42.4,666142,45,45.7,49.8,58,,RHH,L,Cole Ragans,KCR,batter_hand
,5.48,1.92,0.85,,17.8,8.9,,3.86,17,52.1,100,36.9,666157,47.4,49.2,52.1,58.7,,RHH,L,Nick Lodolo,CIN,batter_hand
,3.16,1.02,0.71,,28.2,7.9,,4.4,28,48.6,98.8,36.1,666200,46.6,46.2,48.6,52.8,,RHH,L,Jesús Luzardo,PHI,batter_hand
,5.1,1.35,0.74,,18.4,12.6,,0.47,43,40.2,92.5,23,667463,37.1,34.2,40.2,49.3,,RHH,L,John King,MIA,batter_hand
,2.57,0.41,0.57,,27.3,9,,2.43,27,50.7,102,37.9,667755,47.1,47.6,50.7,56.9,,RHH,R,José Soriano,TOR,batter_hand
,3.63,1.59,0.72,,25.6,3.3,,0.58,49,54.5,110.2,24.8,668390,77.1,41.9,54.5,52.9,,RHH,R,Cole Winn,TEX,batter_hand
,5.34,1.96,0.87,,17.5,7.3,,2.42,19,49.4,102.4,32.5,668678,45.7,45.5,49.4,56.5,,RHH,R,Zac Gallen,ARI,batter_hand
,4.16,1.59,0.78,,21.3,4.3,,2.27,5,52.3,102.8,36.1,668881,40.8,56.6,52.3,55.5,,RHH,R,Hunter Greene,CIN,batter_hand
,4.48,2.04,0.78,,31.6,8.8,,2.2,28,50.9,101.3,41.8,668909,45.6,46.6,50.9,59.5,,RHH,R,Gavin Williams,CLE,batter_hand
,5.47,1.42,1.02,,9.6,8.5,,0.76,25,50.8,98.2,35.5,668964,45.3,53.3,50.8,51.9,,RHH,R,Tobias Myers,NYM,batter_hand
,2.97,0.58,0.85,,16.7,4.2,,0.7,44,41.7,99.5,34.8,668984,46.2,31.1,41.7,50.5,,RHH,R,Casey Legumina,TBR,batter_hand
,6.18,2.05,0.93,,17.8,12.7,,0.57,46,54.5,106.2,35,669020,49.5,47.7,54.5,65.9,,RHH,L,Ryan Rolison,CHC,batter_hand
,3.6,1.23,0.7,,27.2,8.1,,4.02,29,45.5,99,31.7,669022,43,39.2,45.5,54.6,,RHH,L,MacKenzie Gore,TEX,batter_hand
,3.82,0.81,0.7,,32.7,18.7,,0.49,46,53.3,101.2,27.8,669062,42,47,53.3,68.6,,RHH,L,Erik Miller,BOS,batter_hand
,4.27,1.24,0.55,,27.8,13,,0.81,36,54.5,103.9,49.3,669084,46.8,48.6,54.5,66.7,,RHH,L,DL Hall,MIL,batter_hand
,2.76,0.68,0.66,,21.8,3.7,,2.19,24,52.2,101.7,37.3,669160,49.9,49.9,52.2,56.6,,RHH,R,Dustin May,MIL,batter_hand
,3.06,0.75,0.68,,30.6,12,,0.59,41,46.5,86.8,19.7,669165,64.3,43.4,46.5,37.5,,RHH,R,Kyle Hurt,LAD,batter_hand
,4.8,1.83,0.81,,20.7,6.5,,2.62,15,49.5,102,33.9,669194,45.4,46.3,49.5,56,,RHH,R,Ryne Nelson,ARI,batter_hand
,4.59,1.77,0.59,,25.2,7.4,,0.79,45,55.5,104.6,37.1,669199,48.6,53,55.5,63.3,,RHH,R,Lake Bachar,PIT,batter_hand
,4.15,0.67,0.9,,15.4,10.8,,0.58,23,53.9,102.6,38.5,669211,44.4,47.8,53.9,67.7,,RHH,L,Keegan Akin,BAL,batter_hand
,4,1.41,0.7,,20.9,4.3,,2.6,27,48.9,101.3,37.5,669302,47.2,43.7,48.9,56.1,,RHH,R,Logan Gilbert,SEA,batter_hand
,3.13,0.53,0.64,,18.8,6.5,,2.52,27,50.5,101.9,38.4,669358,47.9,45.7,50.5,57.7,,RHH,R,Shane Baz,BAL,batter_hand
,3.16,0.87,0.58,,23.2,5.1,,2.3,27,48.3,100.8,33.1,669372,42.2,45.4,48.3,55.8,,RHH,R,J.T. Ginn,ATH,batter_hand
,2.41,0.73,0.55,,30,4.8,,4.68,21,53.5,101.1,44.5,669373,47.9,52.3,53.5,58.8,,RHH,L,Tarik Skubal,LAD,batter_hand
,2.75,0.39,0.62,,20.5,6.3,,1.47,31,50.7,100.3,34.8,669387,44.3,49.4,50.7,56.8,,RHH,R,Carmen Mlodzinski,PIT,batter_hand
,3.95,1.28,0.77,,20.6,6,,4.05,26,50.2,101.1,36.2,669432,49.5,47.7,50.2,53.6,,RHH,L,Trevor Rogers,BAL,batter_hand
,5.08,2.29,0.93,,20.9,4.4,,1.4,14,53,99.8,36.5,669438,47.4,59.9,53,49.1,,RHH,R,Mason Englert,TBR,batter_hand
,4.17,1.48,0.83,,20.2,5.5,,2.21,11,51.6,104,36.2,669456,47.1,45.9,51.6,61.4,,RHH,R,Shane Bieber,TOR,batter_hand
,4.36,1.59,0.81,,23.8,7.9,,3.78,27,53,102.1,37.8,669461,48.9,52.2,53,56.8,,RHH,L,Matthew Liberatore,STL,batter_hand
,3.24,0.57,0.62,,18.1,6.6,,2.62,24,51,98.7,35.6,669467,47.5,51.5,51,53,,RHH,R,Andre Pallante,STL,batter_hand
,4.28,1.45,0.84,,15.7,3.6,,0.89,21,47.6,103.1,31.7,669620,45.1,39.9,47.6,58.1,,RHH,L,Brady Basso,ATH,batter_hand
,2.24,0,0.69,,23.4,9.4,,0.5,28,47.6,94.7,35.8,669684,55.3,46.1,47.6,43.8,,RHH,L,Chris Murphy,CHW,batter_hand
,2.8,0,0.62,,20,10.8,,2.38,7,46.5,100.9,40,669713,39.1,37.3,46.5,62.3,,RHH,R,Hayden Wesneski,HOU,batter_hand
,4.94,1.65,0.84,,12.9,4.3,,0.71,23,41.6,95.5,53.6,669724,60.4,28.1,41.6,43.7,,RHH,R,Brenan Hanifee,DET,batter_hand
,5.35,2.53,0.72,,22.5,2.5,,1.78,6,50.7,102.4,38.3,669854,40.6,43.6,50.7,66.2,,RHH,R,Ronel Blanco,HOU,batter_hand
,5.62,2.16,0.72,,21.2,9.1,,2.08,4,44.5,105.7,23.1,669920,41.4,35.7,44.5,56.7,,RHH,R,Jason Alexander,HOU,batter_hand
,3.01,0.9,0.74,,22.1,3.7,,2.71,26,47.8,100.5,32.5,669923,44,43.9,47.8,54.8,,RHH,R,George Kirby,SEA,batter_hand
,4.09,1.21,0.69,,19.6,7.2,,2.03,11,36.4,85.3,22,669947,39.6,45.3,36.4,24,,RHH,R,Jesse Scholtens,TBR,batter_hand
,2.1,0.24,0.53,,28.3,8.2,,0.72,53,33.6,83.8,14.3,670990,32.7,38.5,33.6,28.8,,RHH,R,Yohan Ramírez,PIT,batter_hand
,5.32,1.27,0.75,,14.4,12.6,,3.81,28,50.7,100.3,37,671096,45.1,49.6,50.7,55.9,,RHH,L,Andrew Abbott,CIN,batter_hand
,2.7,0.9,0.69,,23.3,2.3,,1.67,6,56.4,113.9,40.3,671106,31.9,49.2,56.4,82,,RHH,L,Logan Allen,CLE,batter_hand
,6.45,3.18,1.18,,27.6,10.3,,0.57,10,37.2,102.7,9.8,671111,41.5,26.4,37.2,46.4,,RHH,L,Sammy Peralta,COL,batter_hand
,3.99,1,0.6,,18.4,7.9,,2.25,4,56.8,103.3,42.8,671212,46.8,59.9,56.8,60.4,,RHH,R,Joe Boyle,TBR,batter_hand
,3.26,0.85,0.69,,24.8,8.2,,2.35,27,49.3,99.9,37.7,671737,47.9,46.1,49.3,54.1,,RHH,R,Taj Bradley,MIN,batter_hand
,6.68,2.25,0.89,,18.2,14.5,,0.5,24,56.3,103.9,44.2,671936,35.1,59.6,56.3,67.9,,RHH,L,Adam Macko,TOR,batter_hand
,3.02,0.99,0.62,,29.1,6.8,,4.2,28,48.5,100.4,36.5,672282,47.3,43.7,48.5,54.9,,RHH,L,Reid Detmers,LAA,batter_hand
,4.35,1.25,0.8,,21.6,10.3,,0.6,36,41.2,93.3,37.5,672335,47.9,35.4,41.2,43,,RHH,L,Cionel Pérez,NYM,batter_hand
,3.03,0.73,0.58,,20,3.8,,2.19,28,51.2,101.5,36.9,672456,44.6,47.4,51.2,60.1,,RHH,R,Keider Montero,DET,batter_hand
,6.03,1.98,0.82,,26,17.9,,1.19,23,49.4,99.2,30.7,673540,42.8,50.2,49.4,53.2,,RHH,R,Kodai Senga,NYM,batter_hand
,6.2,2.61,0.75,,25.6,11.6,,0.61,17,54.5,110.2,24.8,673929,77.1,41.9,54.5,52.9,,RHH,R,Jordan Leasure,CHW,batter_hand
,4.16,1.31,0.8,,15.1,3.5,,3.44,6,45,100.7,23.1,674003,38.5,35.9,45,60.1,,RHH,L,Cody Bradford,TEX,batter_hand
,4.15,1.35,0.75,,24.1,9.2,,0.43,47,48.9,98.3,38.8,674444,36.6,42.3,48.9,65.2,,RHH,R,Steven Cruz,KCR,batter_hand
,3.15,0.42,0.66,,22.9,10.9,,3.06,21,42.3,98.7,24.5,674841,42.1,37.3,42.3,48.3,,RHH,L,Andrew Alvarez,WSN,batter_hand
,2.24,0.41,0.52,,25,3.7,,2.59,17,52.3,103.6,40.1,675512,44.3,45.8,52.3,65.4,,RHH,R,Troy Melton,DET,batter_hand
,4.07,1.23,0.74,,23.7,9.7,,2.72,27,43.1,98.1,26.2,675660,40.5,41.3,43.1,47.1,,RHH,L,Shane Drohan,MIL,batter_hand
,3.23,0,0.56,,18.8,13.5,,0.58,53,49,105.2,26.5,675848,36.3,42,49,66.1,,RHH,R,Juan Mejia,COL,batter_hand
,5.15,2.13,0.88,,29.3,12.1,,1.58,8,46.1,97.3,29.6,675911,43.1,49.7,46.1,44.2,,RHH,R,Spencer Strider,ATL,batter_hand
,5.27,2.79,0.88,,34.9,9.3,,1.21,8,39,95.3,23.2,675989,42.9,44.6,39,29.9,,RHH,R,Cody Bolton,HOU,batter_hand
,4.46,1.27,0.62,,13.7,5,,2.03,21,52.3,102.4,40.7,676083,47.4,48,52.3,60.7,,RHH,R,Janson Junk,MIA,batter_hand
,3.55,1.2,0.68,,21.4,3.7,,2.4,25,50.6,100.2,37.5,676106,48.1,46.7,50.6,56.7,,RHH,R,Emerson Hancock,SEA,batter_hand
,3.13,1.24,0.64,,37.5,10.8,,0.55,53,53.3,101.2,27.8,676263,42,47,53.3,68.6,,RHH,L,Jack Dreyer,LAD,batter_hand
,3.87,1.12,0.76,,26.8,11.6,,3.61,29,47.3,100.4,35.6,676282,43.9,42.2,47.3,55.6,,RHH,L,Joey Cantillo,CLE,batter_hand
,3.67,0.78,0.64,,17,6.7,,2.46,28,50.7,101.6,36.5,676440,48.1,46.4,50.7,57.5,,RHH,R,Tanner Bibee,CLE,batter_hand
,12.1,7.71,1.5,,30.8,7.7,,1.17,4,30.1,94.7,4.1,676467,38.1,39.5,30.1,13.5,,RHH,L,Colton Gordon,HOU,batter_hand
,5.71,1,0.76,,11,15.8,,0.55,33,49.9,101.9,38.7,676571,46.2,45.3,49.9,57.7,,RHH,L,PJ Poulin,WSN,batter_hand
,4.96,1.71,0.79,,17.7,7.3,,2.62,8,55.6,105.2,47.5,676664,53.1,51.1,55.6,62.4,,RHH,L,JP Sears,SDP,batter_hand
,3.45,0.78,0.66,,28.8,13.5,,0.75,62,67.2,108.3,53.6,676879,49.3,61.8,67.2,86,,RHH,L,Aaron Ashby,MIL,batter_hand
,2.94,0.87,0.62,,29,7.8,,2.21,28,47,99.9,33.7,676917,44.4,43.7,47,52.7,,RHH,R,Cade Cavalli,WSN,batter_hand
,2.63,0.53,0.41,,22.1,3.3,,1.7,20,47.1,103.1,35,676962,43.9,37.3,47.1,60.5,,RHH,R,Ben Brown,CHC,batter_hand
,3.85,1.31,0.63,,22.1,5.5,,2.4,20,47.6,99.6,33.7,676974,41.8,44.9,47.6,54.9,,RHH,R,Max Meyer,MIA,batter_hand
,4.42,1.75,0.84,,27.1,9.3,,4.28,6,52.2,102.6,37.6,676979,44,51.4,52.2,59.1,,RHH,L,Garrett Crochet,BOS,batter_hand
,4.59,1.51,0.84,,17.3,6.2,,2.07,23,50.1,100.9,41.9,677944,44.4,47.6,50.1,57.1,,RHH,R,Slade Cecconi,CLE,batter_hand
,2.83,0.74,0.58,,22.9,3.6,,2.7,27,51.9,100.5,38.8,677952,44.8,51.2,51.9,57.7,,RHH,R,Braxton Ashcraft,PIT,batter_hand
,3.57,0.93,0.64,,22,7.8,,2.23,26,54,102.6,40.7,677958,47.3,50.4,54,62.8,,RHH,R,Kumar Rocker,TEX,batter_hand
,3.86,1.3,0.7,,24.5,7.4,,4.15,25,47.5,101.1,40.3,677960,45.3,39.9,47.5,57.7,,RHH,L,Ryan Weathers,NYY,batter_hand
,3.86,0.4,0.67,,18.8,13.9,,2.03,11,49.1,102.3,37.3,677976,44.8,42.8,49.1,59.3,,RHH,R,Randy Dobnak,KCR,batter_hand
,4.46,1.58,0.81,,21.7,7.7,,1.43,32,47.2,100,30.8,678022,45.7,43.8,47.2,52.1,,RHH,R,Jack Perkins,ATH,batter_hand
,2.55,0.41,0.71,,20.9,5.2,,1.98,22,52.2,102.6,45.4,678394,47.1,48.8,52.2,59.6,,RHH,R,Brayan Bello,BOS,batter_hand
,2.78,0.52,0.63,,24.8,7.8,,1.23,28,50.6,101.9,35.7,678906,44.5,49,50.6,56.8,,RHH,R,Kai-Wei Teng,HOU,batter_hand
,5.05,2.19,0.8,,21.1,5.3,,0.62,20,70.7,107.5,53.4,679775,59.2,85.5,70.7,62.1,,RHH,L,Kyle Backhus,PHI,batter_hand
,6.43,1.5,0.97,,18.2,19.8,,1.2,20,49.5,102.2,33.2,679883,43.9,45.6,49.5,57.9,,RHH,R,Luinder Avila,KCR,batter_hand
,3.92,1.27,0.72,,23.1,7,,2.21,16,51.6,103.8,36.6,680570,45.8,47.4,51.6,60.5,,RHH,R,Grayson Rodriguez,LAA,batter_hand
,5.93,1.52,0.95,,9.5,10.9,,1.48,20,47.6,100.2,41,680573,54.8,38.5,47.6,52.8,,RHH,R,Simeon Woods Richardson,MIN,batter_hand
,3.74,0.93,0.7,,22.4,9.4,,2.15,27,48.2,99.9,39.1,680694,48.1,44.3,48.2,52.7,,RHH,R,Kyle Bradish,BAL,batter_hand
,3.15,0.84,0.61,,25.9,7.9,,2.31,28,51.7,101.2,37.8,680732,48.4,50.1,51.7,55.7,,RHH,R,Sean Burke,CHW,batter_hand
,4.22,1.33,0.67,,18.3,5.7,,4.32,22,47.8,100,32.2,680736,49.3,45.7,47.8,49,,RHH,L,Justin Wrobleski,LAD,batter_hand
,4.34,1.59,0.67,,24.7,8.2,,1,17,54.5,110.2,24.8,680744,77.1,41.9,54.5,52.9,,RHH,R,Ty Madden,DET,batter_hand
,3.1,0.74,0.55,,24.4,6.7,,0.55,67,52.6,99.1,44.2,680755,48.3,52.8,52.6,55.5,,RHH,R,Braydon Fisher,TOR,batter_hand
,6.63,3.18,0.91,,29.4,11.8,,1.26,9,38.8,94.7,19.9,680802,46.7,42.8,38.8,28.7,,RHH,R,Ryan Weiss,HOU,batter_hand
,2.87,0.26,0.64,,26.6,13.3,,1.73,20,49.6,101.1,39,681035,45.5,44.8,49.6,58.2,,RHH,R,Christian Scott,NYM,batter_hand
,4.17,1.07,0.61,,14.4,5.4,,2.17,27,47.8,100.4,30.7,681190,43.3,47,47.8,52,,RHH,R,Randy Vásquez,SDP,batter_hand
,3.29,0.85,0.58,,23,6.9,,2.12,20,49.4,100.2,36.7,681293,46.3,47.5,49.4,53.8,,RHH,R,Spencer Arrighetti,TOR,batter_hand
,5.55,0,0.89,,13,21.7,,1.22,3,57.5,105.8,45.9,681343,50.3,56.7,57.5,63.6,,RHH,R,Shane Smith,CHW,batter_hand
,4.08,1.47,0.73,,21.1,5,,2.39,18,46,99.3,34.9,681347,42.6,43.4,46,51.4,,RHH,R,Mike Burrows,HOU,batter_hand
,2.65,0.68,0.6,,23.7,3.5,,2.54,26,46,97.7,32.4,681517,43.9,44.2,46,49.6,,RHH,R,Kyle Leahy,STL,batter_hand
,2.9,0.44,0.72,,26.6,11.7,,0.64,32,47.8,99.1,37.1,681810,41.8,45.6,47.8,54.7,,RHH,R,Austin Warren,NYM,batter_hand
,5.26,1.79,0.82,,21.1,11,,3.28,23,48,100.9,33.2,682052,42.2,44.1,48,56.5,,RHH,L,Jacob Lopez,ATH,batter_hand
,5.63,1.05,0.85,,14.2,16.7,,3.67,7,45.9,103.3,26.4,682227,43.1,39.9,45.9,54.8,,RHH,L,Brandon Williamson,CIN,batter_hand
,4.11,1.65,0.62,,26,5.8,,2.43,18,51.5,102,38.5,682243,44.4,48.7,51.5,59.9,,RHH,R,Bryce Miller,SEA,batter_hand
,2.31,1.02,0.66,,39.5,8.2,,0.61,58,49.4,99.2,37,682254,47,48.7,49.4,51.9,,RHH,L,Mason Montgomery,PIT,batter_hand
,4.16,1.59,0.7,,22.8,5.7,,1.77,16,51.7,99.7,34.5,683003,49.2,53.8,51.7,51,,RHH,R,Jared Jones,PIT,batter_hand
,3.66,1.25,0.68,,27.3,8.4,,2.57,14,52.9,101.8,39.1,683004,44.8,54.3,52.9,57.2,,RHH,R,Jack Leiter,TEX,batter_hand
,5.06,0.88,0.76,,17,16.3,,3.07,10,49.5,98,31,683352,44.4,50.5,49.5,52,,RHH,L,Mitch Bratt,ARI,batter_hand
,4.42,1.08,0.84,,10.5,5.3,,2.78,3,44.5,89.4,28.4,683363,55.4,47.2,44.5,33.5,,RHH,L,Matt Wilkinson,SFG,batter_hand
,1.73,0,0.42,,28.9,7.4,,0.61,51,39.2,86.8,29.6,683618,46.6,52.2,39.2,19.2,,RHH,R,Edgardo Henriquez,LAD,batter_hand
,4.69,1.59,0.66,,20.8,8.3,,1.13,5,54.3,104.6,52.9,683627,52.4,47.1,54.3,64,,RHH,R,Anthony Molina,SFG,batter_hand
,4.51,1.84,0.73,,23,5.2,,3.98,27,50.6,100.1,35.6,684007,44,50.3,50.6,55.5,,RHH,L,Shota Imanaga,CHC,batter_hand
,4.01,1.26,0.8,,22.6,8.1,,2.87,5,52.4,100.8,33.3,684442,43.8,46,52.4,65.9,,RHH,L,Kohl Drake,ARI,batter_hand
,3.72,1.4,0.88,,24.1,5.8,,0.59,33,48.3,100.8,43.1,685126,45.2,42.3,48.3,57.6,,RHH,L,Brandon Eisert,CHW,batter_hand
,3.73,1.24,0.84,,18.6,3.7,,1.82,20,53,104.2,34.5,685299,41.7,45.2,53,70,,RHH,R,Tanner Gordon,COL,batter_hand
,4.09,1.66,0.74,,27,7,,2.17,20,46.4,96.8,28.6,686218,44.4,44.9,46.4,49.6,,RHH,R,Emmet Sheehan,LAD,batter_hand
,3.64,0.76,0.59,,23,10.8,,2.36,15,44.2,100.3,32.4,686613,44.3,35.4,44.2,54,,RHH,R,Hunter Brown,HOU,batter_hand
,2.63,0.28,0.56,,21.8,7.5,,2.26,14,54.6,100.9,41.2,686790,54.7,54.2,54.6,55.1,,RHH,R,Trevor McDonald,SFG,batter_hand
,4.75,1.35,0.65,,16.8,8.8,,2.56,13,52.7,102.6,43.4,686799,49.9,48.8,52.7,59.1,,RHH,R,Jack Kochanowicz,LAA,batter_hand
,6.93,3.26,0.92,,28.4,12.5,,1.07,18,44.9,94.1,30.6,686930,54.4,44.7,44.9,38.5,,RHH,R,Mason Barnett,ATH,batter_hand
,3.73,1.38,0.78,,22.5,4.8,,2.26,23,50,102,39.9,687064,48,44.3,50,58.1,,RHH,R,Brandon Young,BAL,batter_hand
,5.57,2.09,0.8,,23.4,11.5,,2.05,21,49,98.9,32.7,687075,44.7,46.6,49,54.9,,RHH,R,Brandon Sproat,MIL,batter_hand
,2.86,0,0.84,,17.1,9.8,,0.76,11,43.5,97,32.2,687223,40.8,43.2,43.5,45.8,,RHH,L,Carson Palmquist,WSN,batter_hand
,3.47,0.55,0.76,,18.9,9.5,,4.08,4,37.7,96,32.2,687273,39.7,30.6,37.7,44.4,,RHH,L,Quinn Mathews,STL,batter_hand
,3.82,1,0.83,,24.4,11,,1.64,11,54.9,101.3,35.2,687312,50.3,52.4,54.9,61.1,,RHH,R,Gabriel Hughes,COL,batter_hand
,3.97,1.63,0.75,,22.2,4,,1.46,19,44.4,96.7,27.8,687473,43.9,40.9,44.4,48.8,,RHH,R,Ryan Gusto,MIA,batter_hand
,3.47,0.93,0.66,,17.6,3.7,,4.23,16,52.3,104.6,37.9,687562,47.1,47.2,52.3,61.8,,RHH,L,Jake Bennett,BOS,batter_hand
,3.6,1.18,0.72,,25.4,7.4,,3.82,20,48.4,98.1,36.5,687570,48.7,46,48.4,50.9,,RHH,L,Connor Prielipp,MIN,batter_hand
,3.28,1.08,0.9,,21.1,4,,0.64,26,53.2,97.8,33.8,687606,45.1,54.5,53.2,57.6,,RHH,R,Paxton Schultz,WSN,batter_hand
,5.03,1.93,0.83,,10,0,,1.56,3,67.2,108.3,53.6,687765,49.3,61.8,67.2,86,,RHH,R,Mitch Spence,KCR,batter_hand
,5.71,2.03,0.86,,15.8,8.2,,0.62,50,40.9,102.2,15.4,687911,27.2,20.8,40.9,73.6,,RHH,L,Bryan King,HOU,batter_hand
,5.08,1.65,0.91,,17.2,8.6,,3.42,8,41.5,97.3,22.9,687931,40.7,38.4,41.5,45.7,,RHH,L,Carson Whisenhunt,SFG,batter_hand
,2.75,0,0.45,,19.1,9.5,,1.13,15,57.2,95.7,53.2,687941,52.6,60.5,57.2,56.8,,RHH,L,Alec Gamboa,BOS,batter_hand
,4.64,1.77,0.83,,19.9,5.9,,3.29,17,51.6,103.1,34.4,688107,44.3,49.7,51.6,59,,RHH,L,Robert Gasser,MIL,batter_hand
,4.78,1.16,0.82,,11.9,7.9,,1.07,36,56.3,100.6,42.4,688642,62.8,55,56.3,53.2,,RHH,R,Zach Agnos,COL,batter_hand
,5.27,1.66,0.88,,23.6,14.1,,0.36,61,58.6,104.3,60.9,689254,44.1,55.9,58.6,72,,RHH,L,Mason Fluharty,TOR,batter_hand
,4.8,1.8,0.86,,14,2.3,,2,5,47.4,104.8,29.3,689441,37.2,36,47.4,67.9,,RHH,R,Coleman Crow,MIL,batter_hand
,3.29,0.87,0.44,,31.7,12.2,,2.07,5,52,104.3,42.3,689818,48,45.3,52,62.4,,RHH,R,David Sandlin,CHW,batter_hand
,4.55,1.64,0.8,,25,10,,2,11,48.8,100.7,38.3,690928,41.8,48,48.8,54.9,,RHH,R,Hunter Dobbins,STL,batter_hand
,1.94,0,0.65,,26.1,8.7,,2.58,4,49.4,100.3,34.6,690953,56.8,47.6,49.4,46.3,,RHH,R,Mick Abel,MIN,batter_hand
,4.65,2.17,0.77,,29.7,7.5,,3.39,22,54.7,102.1,41,690986,47.2,52.7,54.7,62.4,,RHH,L,Kyle Harrison,MIL,batter_hand
,2.78,0.55,0.51,,27.5,8.9,,2.51,26,49.8,100.1,35.8,690997,46.4,46.9,49.8,55.4,,RHH,R,Nolan McLean,NYM,batter_hand
,4.93,1.73,0.76,,22.5,9.8,,2.29,25,48.8,100.4,35.5,691587,46.2,45.6,48.8,54.2,,RHH,R,Eury Pérez,MIA,batter_hand
,4.14,1.2,0.68,,23.5,10.2,,2.14,21,51.1,100.2,37.3,691725,44.4,47.3,51.1,60.2,,RHH,R,Andrew Painter,PHI,batter_hand
,2.35,0.52,0.55,,32.1,8.8,,0.68,51,42.6,97.6,51.2,691799,53.9,31.5,42.6,47.3,,RHH,R,Grant Taylor,CHW,batter_hand
,6.2,0.87,0.64,,19.6,25.5,,1.72,6,43.9,99,26.9,691946,42.3,38.5,43.9,51.2,,RHH,R,George Klassen,LAA,batter_hand
,4.1,1,0.59,,16.4,7.3,,3,9,51.3,98.8,33.5,691951,50.2,49.1,51.3,54.5,,RHH,L,Sam Aldegheri,LAA,batter_hand
,2.43,0.84,0.58,,27.1,2,,2.47,26,48.6,100.6,35.2,693433,43,44,48.6,57.7,,RHH,R,Bryan Woo,SEA,batter_hand
,2.91,0.91,0.53,,26.9,5.2,,2.48,28,46.2,98.4,37.4,693645,49.6,41.6,46.2,49.1,,RHH,R,Cam Schlittler,NYY,batter_hand
,2.09,0,0.44,,23.5,7.2,,0.94,41,47,99.2,35.1,693686,39.8,39.3,47,60.9,,RHH,R,Spencer Miles,TOR,batter_hand
,4.71,1.71,0.79,,17.8,5.5,,2.03,26,51.9,101.2,37.1,693821,46.9,48.3,51.9,59.7,,RHH,R,Bryce Elder,ATL,batter_hand
,3.45,1.2,0.66,,29.9,8.6,,1.83,41,47.3,98.4,40.7,693855,45.5,46.1,47.3,49.8,,RHH,L,Ian Seymour,TBR,batter_hand
,2.67,0.18,0.53,,17.8,6.1,,2.06,24,53.1,101.5,39.7,694297,46.1,53.2,53.1,58,,RHH,R,Brandon Pfaadt,ARI,batter_hand
,4.77,1.71,0.96,,20.9,8.6,,0.55,38,68.1,110.3,54.5,694335,71.8,74.6,68.1,58.1,,RHH,R,Matt Svanson,STL,batter_hand
,7.46,2.57,0.89,,17.6,16.2,,1.75,8,55.8,104.7,42.8,694346,47.9,53.6,55.8,63.9,,RHH,R,Trey Gibson,BAL,batter_hand
,3.61,0.66,0.54,,16.7,7.4,,0.72,19,54.5,103.9,49.3,694360,46.8,48.6,54.5,66.7,,RHH,R,Beck Way,KCR,batter_hand
,3.39,0.87,0.71,,23.4,8.5,,0.61,34,49,102.6,43.2,694361,35.5,45.2,49,62.9,,RHH,R,Will Klein,LAD,batter_hand
,7.72,2.08,1.05,,16,20,,1.44,3,52.1,103.8,39.3,694462,35.9,49.1,52.1,67.1,,RHH,R,Hurston Waldrep,ATL,batter_hand
,3.64,0.74,0.61,,22.1,10.3,,1.05,46,47.2,95,43.1,694477,50.2,41.4,47.2,51.7,,RHH,R,Chad Patrick,MIL,batter_hand
,3.62,0.94,0.68,,23.4,9,,2.22,26,53.5,101,37.1,694738,52.8,52.5,53.5,55.1,,RHH,R,Landen Roupp,SFG,batter_hand
,3.02,1.09,0.58,,30.5,6.5,,2.55,26,50.2,100.7,37.5,694819,45.4,49.6,50.2,54.4,,RHH,R,Jacob Misiorowski,MIL,batter_hand
,2.3,0.45,0.47,,27.1,4.3,,1.54,13,40.4,95.3,17.9,694918,45.4,40.7,40.4,36.5,,RHH,R,Blade Tidwell,SFG,batter_hand
,2.69,1.04,0.67,,31,5.5,,2.15,28,49.5,99.5,34.2,694973,48.9,48.6,49.5,50.9,,RHH,R,Paul Skenes,PIT,batter_hand
,3.48,1.12,0.8,,22.2,5.6,,1.6,5,49,105.2,26.5,695034,36.3,42,49,66.1,,RHH,R,Kade Morris,ATH,batter_hand
,3.41,0.8,0.73,,16.2,4.2,,1.88,24,52.9,101.5,37.7,695076,48.3,52.1,52.9,57.1,,RHH,R,Rhett Lowder,CIN,batter_hand
,3.22,0.67,0.52,,20.1,6.3,,1.19,34,43.1,94.2,31.7,695418,42.6,41.6,43.1,45.2,,RHH,R,Brad Lord,WSN,batter_hand
,1.84,0.32,0.49,,29.4,4.7,,2.23,25,49.4,102.4,34.2,695505,42.4,44.4,49.4,60.1,,RHH,R,Chase Burns,CIN,batter_hand
,5.23,1.8,0.84,,12.1,4.5,,1,15,61.9,103.2,48.5,695534,49.5,65.5,61.9,66.8,,RHH,R,Chase Petty,CIN,batter_hand
,3.96,1.29,0.95,,21.1,7.9,,1.4,5,52.2,107.8,34.3,695549,42.7,41.5,52.2,71.3,,RHH,R,Jackson Jobe,DET,batter_hand
,3.78,1.05,0.78,,24.8,10.3,,3.81,18,48.8,100.8,32.5,695611,45.4,46,48.8,54.6,,RHH,L,Gage Jump,ATH,batter_hand
,3.28,0.55,0.71,,19.7,8.5,,2.72,6,37.4,97,15,695684,35.5,30.1,37.4,47.1,,RHH,R,Elmer Rodríguez,NYY,batter_hand
,3.91,0.52,0.72,,21.3,14.7,,1.44,12,58,104.5,36.9,696070,50.4,57.7,58,63.8,,RHH,L,Kendry Rojas,MIN,batter_hand
,3.34,1.08,0.8,,21.2,3,,2.08,4,52.1,103.8,39.3,696136,35.9,49.1,52.1,67.1,,RHH,L,Jordan Wicks,CHC,batter_hand
,3.13,0.29,0.59,,21.3,11.2,,2.3,27,49.8,99.7,34.3,696149,48.4,48.2,49.8,52.6,,RHH,R,Bubba Chandler,PIT,batter_hand
,5.84,2.08,0.81,,16.7,9.1,,1.78,17,49.7,101.8,34.7,696270,44.8,47,49.7,56.2,,RHH,R,Ryan Johnson,LAA,batter_hand
,3.21,0.64,0.68,,20.5,7.4,,0.53,53,49.4,102.1,30.9,699134,41.5,41.3,49.4,64.4,,RHH,R,Bradgley Rodriguez,SDP,batter_hand
,3.76,1.15,0.72,,19.7,4.9,,2.1,26,54.9,102.5,39.5,700241,51.2,54.8,54.9,57.7,,RHH,R,Michael McGreevy,STL,batter_hand
,3.33,0.42,0.6,,21.1,11.1,,3.1,7,41.9,100.3,26.9,700249,36,35.6,41.9,53.4,,RHH,L,Cade Povich,BAL,batter_hand
,6.28,1.59,1.02,,24.2,21.2,,1.42,4,60.3,106.6,42.6,700363,49,59.2,60.3,69.8,,RHH,R,AJ Smith-Shawver,ATL,batter_hand
,3.27,0.5,0.65,,20.4,9.2,,0.66,55,56.3,103.9,44.2,700669,35.1,59.6,56.3,67.9,,RHH,R,Gordon Graceffo,STL,batter_hand
,2.99,0.65,0.57,,26.7,9.5,,2.29,24,49,100.7,31.8,700712,46.5,44.7,49,55.8,,RHH,R,Walbert Ureña,LAA,batter_hand
,4.3,1.8,0.86,,20.8,4.2,,1.25,4,50.4,102.2,30.7,700842,49.7,45.2,50.4,56.7,,RHH,L,Eduardo Rivera,BOS,batter_hand
,3.57,1.37,0.75,,27.6,6.7,,2.28,26,47.2,99.3,35.1,701542,45.1,42.6,47.2,53.8,,RHH,R,Will Warren,NYY,batter_hand
,3.06,1.38,0.56,,31.6,3.1,,1.86,14,55.8,104.4,42.7,701656,46.3,52.8,55.8,66.2,,RHH,R,Logan Henderson,MIL,batter_hand
,2.44,0,0.66,,16.3,6.1,,0.56,19,47.6,94.7,35.8,701719,55.3,46.1,47.6,43.8,,RHH,L,Tyler Samaniego,BOS,batter_hand
,3.63,1.46,0.62,,29,5.4,,1.37,18,48.1,103.1,38.9,702021,44.1,36,48.1,64.9,,RHH,L,Will Dion,WSN,batter_hand
,3.8,1.08,0.61,,27.1,10.8,,2.31,18,50.7,100.3,40.9,702056,40.7,50,50.7,58.5,,RHH,R,Trey Yesavage,TOR,batter_hand
,3.59,0.85,0.66,,21,8.2,,4.31,27,50,101.9,38.5,702070,44.5,45.7,50,59,,RHH,L,Noah Cameron,KCR,batter_hand
,2.46,0.27,0.61,,20.9,5.8,,0.67,49,51.5,98.1,46.3,702193,54.4,46.9,51.5,54.6,,RHH,R,Andrew Morris,MIN,batter_hand
,4.82,1.44,0.8,,19.7,10.5,,3.33,15,49.9,100.6,34.7,702273,45.1,45.4,49.9,58.3,,RHH,L,Noah Schultz,CHW,batter_hand
,4.43,1.12,0.61,,20.2,11.1,,1.71,14,56.2,104.4,41.7,702275,45.6,51.4,56.2,69.3,,RHH,R,JR Ritchie,ATL,batter_hand
,4,1.35,0.78,,22.4,6.9,,1.48,9,47.2,98.6,33.9,702474,46.4,47.1,47.2,48,,RHH,R,Mike Paredes,MIN,batter_hand
,3.88,1,0.84,,20,8.9,,1.5,6,53.7,105.8,33,703615,52.5,47.4,53.7,61.8,,RHH,R,Jose Cabrera,ARI,batter_hand
,3.04,0.84,0.57,,26.1,6.5,,4.38,27,51.2,102.7,37,800048,46.4,46.4,51.2,60,,RHH,L,Parker Messick,CLE,batter_hand
,1.94,0,0.55,,26.4,8.2,,0.56,48,67.2,108.3,53.6,800311,49.3,61.8,67.2,86,,RHH,R,Didier Fuentes,ATL,batter_hand
,5.55,0.61,0.75,,16.4,22.4,,3.67,4,51,104.1,35.2,800600,47.2,46,51,59.5,,RHH,L,Jackson Kent,WSN,batter_hand
,2.76,0.86,0.63,,31.3,7.7,,4.07,23,52.6,103,45.1,801139,49.9,46.8,52.6,61.1,,RHH,L,Payton Tolle,BOS,batter_hand
,2.83,1.04,0.57,,31.7,5.9,,2.6,10,42.2,99.1,28.1,801403,34.6,36,42.2,54.7,,RHH,R,Chase Dollander,COL,batter_hand
,4.16,1.36,0.78,,19.5,5.9,,3.61,11,53.5,103.3,41.7,804267,48.7,51.3,53.5,59.3,,RHH,L,Zac Thornton,NYM,batter_hand
,4.46,1.55,0.7,,18.8,5,,2.75,19,54.9,104.6,42.2,805673,44.7,51.6,54.9,65.9,,RHH,R,Zebby Matthews,MIN,batter_hand
,4.45,0.53,0.8,,12.3,12.3,,0.52,33,30,90.9,21.1,806188,34.6,24.7,30,32.8,,RHH,L,Cade Gibson,MIA,batter_hand
,9.31,4.66,1.25,,13.2,5.7,,1.93,5,40,100.3,39.9,806960,47.9,26.1,40,50.1,,RHH,R,Luis Morales,ATH,batter_hand
,4.97,1.12,0.68,,15.6,12.5,,4,2,50.8,101.5,53.3,807739,59.4,47.8,50.8,48.1,,RHH,L,Kade Anderson,SEA,batter_hand
,5.06,1.17,1.05,,13,10.4,,3.07,5,50.5,100.2,33,807743,43.8,48.3,50.5,57.7,,RHH,L,Sean Sullivan,COL,batter_hand
,5.05,1.97,0.85,,22.1,7.8,,2.19,23,47.8,99.6,32.4,808963,44.1,46.6,47.8,51.9,,RHH,R,Roki Sasaki,LAD,batter_hand
,3.41,1.08,0.59,,24.8,6,,3,25,48.4,98.4,35,808967,45.5,44.4,48.4,55.1,,RHH,R,Yoshinobu Yamamoto,LAD,batter_hand
,4.64,1.54,0.77,,22.6,9.9,,3.78,17,53.3,102.8,42.4,813349,47.2,50.5,53.3,60.9,,RHH,L,Connelly Early,BOS,batter_hand
,1.98,0,0.58,,27.3,9.1,,1.78,3,45.1,97.3,38.7,814490,34.1,41.6,45.1,57,,RHH,R,Ethan Pecko,HOU,batter_hand
,3.61,0.65,0.64,,29.3,16.3,,1.46,19,49,102.4,33.9,837227,44.8,42.3,49,59.7,,RHH,R,Tatsuya Imai,HOU,batter_hand
